shift_code,audit_sample_flag,aisle_zone,conveyor_lane,carrier_account_id,carrier_cutoff_missed_flag,outbound_volume_q3,label_printer_id,route_wave_id,pallet_pattern_id,outbound_volume_q4,customer_region_code,trailer_door_id,final_transit_hours,load_sequence,ship_complete_flag,dock_dwell_p90,outbound_volume_q1,delivery_scan_delta_h,sku_family_id,pick_sla_breach_flag,packaging_class,replen_shortfall_units,pack_station_id,tote_type,pick_path_metres,edi_partner_id,promo_units_q1,origin_dock_backlog,outbound_volume_q2,insert_leaflet_code,hazmat_class,cube_utilisation_p50,bill_to_account,service_credit_usd,order_channel_code,wave_priority_code,returns_prior_q2,freight_class_code,pallet_licence_plate,pallet_weight_kg,sort_zone_code,returns_prior_q1,promo_units_q2,order_line_count,expedite_fee_usd,order_late
0,3,4,7,0,0,0.773,0,0,3,2.713,4,3,26.48,4,4,2,-0.278,0.556,5,0,5,2.547,7,3,0.471,0,4,2.496,-0.363,5,0,4,0,0.0,3,1,1,3,7,0.495,7,1,2,0.747,0.0,0
0,6,0,0,4,0,-1.159,2,1,4,-2.119,0,0,21.73,7,1,0,-2.58,1.79,5,0,0,-4.594,7,3,2.58,3,3,-1.802,0.306,2,2,1,1,0.0,2,1,4,0,2,-1.623,0,0,2,-1.035,0.0,0
5,2,2,2,4,0,1.142,1,0,5,2.998,3,1,16.23,3,5,4,2.261,0.872,4,0,5,0.194,1,5,1.92,5,1,0.188,0.758,1,4,2,1,0.0,3,5,4,3,0,1.199,4,3,4,1.65,0.0,0
3,2,5,4,0,0,-1.999,0,1,2,-2.364,5,3,26.23,0,5,0,-0.662,-1.337,0,0,4,3.056,3,4,-0.377,7,2,-1.715,-0.783,2,2,3,0,0.0,0,0,1,1,6,0.158,0,1,1,-0.076,0.0,0
1,4,2,0,5,0,-0.461,2,1,5,-1.365,2,7,30.87,7,6,0,2.341,0.398,5,0,4,-4.65,6,1,-0.457,6,3,-0.886,-1.153,5,4,4,4,0.0,2,2,2,5,5,0.16,1,2,0,-0.423,0.0,0
3,2,2,7,1,0,1.837,5,4,1,-0.02,1,7,16.7,4,1,1,0.55,0.193,0,0,4,-2.587,2,2,0.077,2,0,-1.231,0.628,2,3,1,0,0.0,5,7,4,4,0,-0.053,4,1,1,-0.823,0.0,0
5,7,5,6,0,0,-2.151,4,2,0,0.439,1,3,17.57,6,1,3,0.104,2.198,3,0,4,-2.001,3,0,-0.727,1,3,0.837,-1.289,4,0,2,0,0.0,4,5,2,3,2,-1.634,1,4,1,-1.037,0.0,0
0,2,5,4,1,0,-0.845,1,2,1,-1.233,4,2,34.48,2,1,3,-1.112,-0.043,1,0,3,-3.203,6,0,1.412,6,1,1.204,0.301,4,1,2,6,0.0,2,7,0,4,2,1.119,6,1,4,0.656,0.0,0
5,1,2,0,1,0,1.327,1,3,4,0.572,1,1,37.14,3,7,5,-1.363,-0.143,3,0,4,-0.41,0,1,-0.606,3,1,0.44,0.149,4,5,0,6,0.0,0,1,3,1,0,0.372,2,0,0,-0.274,0.0,0
0,5,5,3,5,0,-0.992,3,4,0,0.457,5,1,30.07,3,2,3,-2.679,0.501,4,0,2,-3.656,2,0,-1.254,7,1,-0.482,-2.805,0,4,5,5,0.0,4,7,4,7,0,-0.091,5,3,1,-0.983,0.0,0
5,2,0,2,3,0,0.934,4,5,0,-0.388,3,6,32.96,4,6,2,-1.181,1.128,4,0,4,-2.003,2,1,-4.808,4,2,-1.277,-0.492,5,0,2,0,0.0,3,4,5,4,2,-1.658,5,4,4,-2.124,0.0,0
3,4,2,3,0,0,-0.286,4,1,2,3.026,0,6,15.96,2,2,2,1.543,1.308,0,0,3,-0.876,5,4,-2.556,4,3,1.751,-0.912,5,0,4,0,0.0,4,5,2,3,4,0.369,0,1,5,0.097,0.0,0
3,7,5,7,3,0,-2.656,4,4,4,-1.307,2,1,16.04,6,4,5,-3.269,0.128,3,0,2,0.103,6,1,-2.704,0,3,-1.743,-3.095,0,4,4,2,0.0,4,5,1,5,0,-2.028,3,4,5,-1.68,0.0,0
4,3,0,4,1,0,4.489,5,3,0,0.152,3,6,14.35,1,3,2,-1.224,0.514,2,0,1,-3.204,5,2,0.244,0,0,0.131,-2.834,2,4,3,0,0.0,5,2,4,3,5,-0.235,0,1,1,0.077,0.0,0
3,7,4,3,2,0,-0.1,4,1,1,-1.1,1,0,36.98,4,5,5,0.453,0.282,1,0,0,0.83,0,4,2.101,0,4,2.177,0.22,2,1,4,6,0.0,3,5,4,0,0,-0.291,0,4,0,-0.557,0.0,0
1,7,0,7,2,0,-0.965,4,2,2,-1.635,2,2,35.65,5,2,2,1.159,0.849,5,0,4,1.999,0,4,-1.929,5,4,-0.568,-2.638,0,2,0,1,0.0,1,5,4,2,1,0.588,3,1,3,0.157,0.0,0
1,0,3,3,0,0,0.092,0,5,0,-0.665,5,5,26.31,6,7,3,1.128,1.081,1,0,3,2.113,5,2,1.102,1,5,-0.117,0.054,2,3,4,6,0.0,5,6,0,0,7,1.045,3,4,5,0.623,0.0,0
4,4,5,1,2,1,2.559,0,5,3,5.059,4,3,46.19,2,7,4,0.401,0.698,0,1,5,1.082,6,0,3.826,4,4,2.33,0.365,1,1,5,6,0.0,5,4,4,3,3,1.658,5,3,0,1.928,212.66,1
1,1,0,6,3,0,-0.296,0,0,2,0.508,5,7,25.41,5,6,5,2.879,-0.611,2,0,1,1.231,4,3,0.973,3,4,-0.197,-0.335,5,1,4,0,0.0,4,6,3,0,0,-0.388,3,4,5,-0.357,0.0,0
3,4,0,2,0,0,1.936,2,0,5,0.44,4,7,45.38,6,6,5,-0.521,0.581,3,0,5,2.594,6,3,-1.679,6,3,-1.328,0.4,4,1,4,3,0.0,3,0,3,3,5,0.503,0,5,1,0.378,0.0,0
5,4,1,2,5,0,-1.539,1,0,2,-1.613,1,2,24.96,3,4,5,-1.232,-0.489,4,0,5,-8.602,1,1,0.175,0,0,-2.22,-5.565,4,1,4,0,0.0,1,3,1,2,5,-2.158,4,0,0,-2.041,0.0,0
1,5,1,1,3,0,-1.137,1,4,4,1.612,0,3,46.49,7,1,0,1.04,-1.356,4,0,3,-1.011,3,5,-1.517,2,4,0.769,0.766,3,1,5,2,0.0,4,6,5,7,3,0.133,3,0,3,-0.614,0.0,0
2,0,0,5,3,0,0.765,1,2,5,0.97,5,2,26.22,3,4,2,-0.978,-1.134,1,0,3,-1.423,4,1,2.389,6,1,-0.613,-0.598,2,4,2,2,0.0,2,2,0,6,3,0.517,1,4,4,0.081,0.0,0
4,7,2,5,2,0,-0.57,2,2,1,-2.641,4,7,34.99,5,1,4,-0.789,0.704,1,0,0,2.26,5,4,-0.185,2,3,-2.228,0.226,5,3,3,5,0.0,2,1,3,4,1,-0.262,0,1,0,-0.106,0.0,0
1,5,3,6,5,0,-0.113,5,3,2,1.478,3,5,17.06,7,4,4,-0.347,-0.616,2,0,3,0.135,3,2,0.361,7,0,-0.918,0.171,4,4,1,5,0.0,5,0,1,2,2,0.305,6,3,0,0.458,0.0,0
0,2,4,5,0,0,1.166,2,3,4,-2.852,2,3,17.17,4,7,0,-1.768,-0.059,5,0,5,2.809,1,4,1.442,0,0,0.746,-0.475,1,1,2,0,0.0,5,6,2,2,5,-0.082,3,4,0,0.207,0.0,0
4,7,0,1,5,0,0.136,3,5,5,-0.468,5,6,28.99,7,7,5,1.526,-0.062,4,0,2,1.781,3,0,-1.415,6,4,3.284,-1.182,2,2,4,1,0.0,4,3,2,4,1,0.908,6,0,0,0.981,0.0,0
2,1,0,4,0,0,-4.544,0,5,3,1.261,5,0,24.16,6,6,2,-1.841,-1.272,5,0,3,1.387,3,4,-1.456,3,4,-0.02,-3.143,3,3,3,0,0.0,2,4,0,5,3,-1.088,3,5,2,-0.98,0.0,0
3,2,0,7,0,0,0.18,0,1,1,0.838,0,4,32.56,5,2,5,-2.717,-0.182,5,0,2,-5.182,2,4,-1.198,1,4,-0.12,-1.609,0,2,4,7,0.0,5,3,5,7,3,0.117,3,1,1,-0.647,0.0,0
2,3,0,5,0,0,0.918,1,1,2,-2.039,1,6,16.13,3,3,0,1.254,0.066,3,0,2,2.633,4,1,-2.466,1,4,0.091,-2.082,4,3,4,0,0.0,1,7,4,6,5,0.719,6,4,2,0.317,0.0,0
0,1,2,6,2,0,-1.272,2,3,4,-0.022,5,2,24.67,2,2,4,-1.679,1.481,2,0,5,-1.991,5,2,0.351,4,4,-0.424,2.687,2,3,3,6,0.0,0,2,5,4,3,0.637,7,4,3,0.231,0.0,0
2,1,5,2,3,0,1.88,0,5,1,2.629,3,0,29.22,0,0,5,1.922,1.12,4,0,2,3.813,7,1,-0.466,4,0,0.496,-1.813,3,3,5,6,0.0,0,1,3,7,2,0.462,1,0,0,0.882,0.0,0
0,1,0,0,1,0,-0.162,5,0,4,-1.868,2,7,21.48,4,2,4,-1.111,-1.28,5,0,0,-2.221,7,2,1.259,4,0,-0.687,3.431,0,0,0,7,0.0,4,4,1,2,2,1.013,1,1,5,0.006,0.0,0
0,2,5,7,1,0,1.656,3,1,2,1.337,0,4,34.02,6,1,1,1.142,1.077,4,0,3,1.049,6,2,0.782,2,1,2.176,1.436,5,2,2,1,0.0,0,6,3,5,5,-0.12,6,0,3,0.505,0.0,0
5,3,2,0,1,1,1.668,2,1,2,2.785,1,6,31.17,6,7,3,0.636,0.037,3,1,2,4.52,1,3,2.722,2,2,3.06,2.962,4,0,0,5,0.0,3,1,3,1,4,2.341,5,1,4,2.037,146.37,1
3,7,4,1,0,0,-4.021,4,4,1,-0.474,4,0,17.66,3,6,0,-0.885,-0.123,3,0,1,0.76,5,4,-4.609,5,0,0.694,-0.741,1,4,0,7,0.0,3,5,1,6,7,-0.839,1,3,4,-1.164,0.0,0
5,6,3,7,0,0,-2.631,0,2,4,-1.112,2,2,30.26,0,3,3,-2.722,3.664,4,0,4,-0.476,3,4,-1.589,0,0,-1.355,-3.311,5,0,5,1,0.0,1,5,3,3,1,-1.397,2,0,3,-1.652,0.0,0
1,4,2,2,1,1,2.387,3,4,2,1.364,3,5,45.7,1,3,5,5.408,2.399,3,1,2,5.36,4,4,2.162,5,3,2.983,1.698,0,4,0,6,0.0,2,0,0,6,7,2.929,1,0,1,3.7,50.61,1
2,5,5,5,5,0,-0.046,5,4,4,0.213,1,2,33.24,5,5,0,-4.171,1.873,2,0,1,-1.122,1,4,-2.35,4,4,-0.81,-0.074,4,1,4,1,0.0,5,7,1,3,4,-1.068,4,1,2,-1.653,0.0,0
3,2,0,7,3,0,-1.853,1,0,3,-2.28,1,0,32.01,4,5,0,-1.59,-1.418,5,0,1,-0.116,7,2,-1.94,6,3,-1.797,0.348,0,5,0,6,0.0,3,1,2,1,5,-1.767,7,2,0,-1.181,0.0,0
2,0,2,5,1,0,1.602,3,0,1,1.873,1,7,34.38,1,2,4,0.231,1.418,2,0,1,0.388,5,0,3.326,1,0,-1.152,-3.124,1,2,5,0,0.0,1,4,1,0,3,0.999,2,4,4,1.04,0.0,0
2,0,0,5,0,1,2.421,5,0,1,1.661,5,3,33.09,0,6,1,1.928,1.306,2,0,2,1.145,0,0,2.198,1,5,3.367,3.83,5,3,5,7,0.0,1,6,3,3,5,0.95,1,0,2,0.99,0.0,1
1,2,3,2,4,0,2.423,3,5,3,2.612,3,4,34.19,1,6,0,1.217,2.153,1,0,5,0.218,0,0,0.843,1,0,-0.413,0.55,3,2,0,5,0.0,3,4,3,5,4,0.974,4,5,1,0.806,0.0,0
0,0,3,6,1,0,1.861,3,4,3,0.436,3,2,27.08,0,1,4,-0.274,-0.944,4,0,5,-2.363,0,3,-4.179,5,3,0.672,-1.107,0,5,1,3,0.0,2,1,4,7,4,0.56,2,0,2,-0.171,0.0,0
2,7,3,7,2,0,0.052,2,2,0,-0.548,2,5,30.29,4,7,2,-0.137,1.049,2,0,0,-3.593,5,0,-0.021,0,1,0.615,-2.486,1,4,1,2,0.0,3,7,5,6,5,-0.018,0,0,2,0.485,0.0,0
4,6,3,0,4,0,0.071,1,0,0,-0.004,0,3,33.68,0,5,3,3.589,-0.197,4,0,1,1.727,2,4,-0.935,0,0,2.901,0.524,2,0,1,2,0.0,5,0,0,1,4,0.727,5,3,0,0.491,0.0,0
5,1,1,7,4,1,1.687,1,1,1,2.823,4,0,36.61,3,1,0,-0.395,0.664,4,1,5,0.84,2,2,0.338,4,1,0.462,2.181,4,2,1,3,0.0,4,7,1,7,5,1.916,7,2,5,1.978,235.44,1
5,3,2,0,1,0,-1.431,1,4,2,2.021,5,6,28.38,5,6,5,-1.664,0.131,1,0,0,0.292,1,0,-2.53,6,5,-2.139,-2.452,3,4,1,6,0.0,2,5,0,7,1,-0.105,0,3,0,-0.276,0.0,0
5,1,0,4,5,0,-0.07,1,0,4,-4.326,5,7,32.25,6,5,4,-2.969,-0.056,4,0,2,-3.569,7,4,-1.886,7,3,-2.271,-2.598,0,0,0,2,0.0,4,3,5,4,1,-1.443,1,5,1,-1.555,0.0,0
0,6,5,5,3,0,-1.173,0,4,3,-0.613,4,6,25.09,2,3,5,0.914,-1.083,1,0,4,5.002,7,4,1.896,4,5,-0.656,0.37,0,4,4,4,0.0,5,2,5,1,7,0.364,1,1,0,0.706,0.0,0
4,5,2,5,3,0,0.994,0,1,2,-3.7,2,0,19.17,4,2,4,1.095,-0.312,1,0,3,-1.192,6,2,-1.443,5,5,1.142,-1.142,2,4,5,1,0.0,0,2,4,4,6,-0.265,1,0,0,-0.315,0.0,0
4,3,1,0,5,1,1.301,5,4,0,0.558,1,7,37.21,2,7,4,2.304,2.582,0,1,1,3.194,1,3,2.466,7,0,2.332,4.371,0,1,2,4,0.0,5,7,3,3,0,0.815,1,2,1,1.703,41.66,1
1,2,4,1,3,0,-0.151,4,5,1,-1.487,3,3,20.32,4,6,5,1.712,-0.763,3,0,1,0.197,2,2,2.171,0,1,1.788,-1.25,5,3,3,3,0.0,3,5,1,1,0,0.78,0,2,5,0.508,0.0,0
2,2,2,7,0,0,-3.124,2,2,1,-2.229,3,2,22.6,3,1,5,-0.011,-2.515,3,0,5,-3.277,3,5,-2.725,2,4,0.459,-0.84,3,0,3,5,0.0,0,7,0,0,1,-0.999,1,2,5,-0.887,0.0,0
3,0,5,3,3,0,0.906,5,5,5,1.314,1,6,27.49,1,1,1,0.093,-0.981,4,0,2,-0.986,1,3,-0.942,3,2,0.589,0.331,3,2,3,2,0.0,4,5,0,1,0,-0.095,4,1,0,0.846,0.0,0
4,3,0,0,2,0,1.708,0,3,2,-1.793,3,4,23.01,1,6,5,-1.808,-0.909,0,0,0,2.135,1,2,0.797,5,4,-1.085,3.033,5,2,5,6,0.0,2,7,2,5,2,0.463,2,5,5,0.528,0.0,0
2,0,0,4,5,1,2.926,4,3,0,5.981,2,2,35.83,0,1,2,3.974,-1.054,5,1,2,1.999,7,4,4.335,3,3,2.281,1.97,4,1,3,1,0.0,1,3,0,1,0,3.557,0,2,1,2.473,101.46,1
4,5,3,3,5,0,-0.695,0,0,2,-0.096,0,5,25.35,6,3,4,1.542,0.015,3,0,5,2.193,2,0,-0.19,7,1,-0.05,-0.488,3,3,5,4,0.0,5,6,4,5,1,-0.055,0,4,3,-0.386,0.0,0
5,4,1,6,2,0,0.282,1,4,3,-2.475,3,1,30.1,6,7,4,-2.113,-1.007,5,0,2,-0.12,5,3,0.914,1,3,2.079,-0.716,4,2,2,5,0.0,5,7,2,0,6,1.281,3,3,2,1.059,0.0,0
0,3,5,1,1,0,0.964,0,4,0,0.817,2,4,24.66,1,5,5,-0.174,-0.872,1,0,1,-2.813,4,5,-0.478,7,2,-0.604,0.018,1,3,3,7,0.0,5,6,2,5,3,-0.468,2,5,4,-0.522,0.0,0
0,4,0,6,4,0,-1.385,5,2,0,-0.958,4,3,34.57,3,4,4,-0.14,0.929,3,0,0,-2.756,3,5,0.364,7,3,-0.007,-2.374,0,1,0,3,0.0,3,0,2,0,5,-1.192,5,2,3,-0.558,0.0,0
4,5,1,0,1,0,-2.287,5,2,4,-0.912,0,2,38.85,6,0,5,0.774,-1.158,2,0,5,-2.923,6,4,-0.479,6,3,-1.536,-1.094,2,4,0,5,0.0,2,7,2,3,0,-1.497,1,3,4,-0.883,0.0,0
4,0,0,7,0,0,0.246,3,5,2,-4.398,5,1,19.83,7,1,4,-1.199,-0.472,1,0,0,-4.54,4,5,-0.938,1,0,-1.402,0.669,5,3,4,4,0.0,5,3,5,4,6,-1.774,4,1,1,-1.811,0.0,0
1,7,1,6,2,1,3.735,3,4,4,1.472,0,0,38.98,2,5,2,1.542,-1.426,0,0,1,3.201,4,1,0.947,5,5,1.381,1.017,1,3,0,2,0.0,3,5,4,0,5,1.425,3,4,5,0.427,168.44,1
0,1,0,2,3,0,-0.817,4,5,5,0.134,4,5,24.75,3,1,3,-0.626,-0.778,5,0,3,0.335,5,2,0.477,1,3,-0.684,-0.137,4,3,4,3,0.0,0,6,4,6,0,-0.402,4,2,2,-0.176,0.0,0
0,4,3,2,1,0,-1.494,4,5,3,2.657,5,0,31.4,1,2,3,-1.505,0.478,0,0,2,2.573,0,5,1.039,1,3,-0.218,0.646,0,5,1,3,0.0,3,7,4,3,4,-0.094,4,1,2,-0.311,0.0,0
0,0,5,7,2,0,-1.291,2,3,4,1.062,0,0,17.66,2,6,5,0.056,-1.539,0,0,5,1.241,1,4,0.132,5,1,1.22,-1.127,1,4,5,0,0.0,4,1,4,2,5,0.057,5,4,1,0.596,0.0,0
3,5,1,2,1,0,0.599,2,5,1,-0.95,3,1,22.99,3,1,1,-2.252,-0.254,0,0,1,-6.647,2,1,-0.29,3,4,-1.677,1.354,1,2,4,3,0.0,5,6,4,5,4,-0.46,3,1,3,-0.435,0.0,0
0,4,5,7,3,0,-0.943,2,3,2,-2.197,5,5,30.87,4,1,4,0.623,0.03,5,0,4,-4.27,6,0,-2.493,4,5,-1.275,-0.198,4,0,2,7,0.0,4,1,4,3,7,-1.943,1,2,3,-1.318,0.0,0
4,0,5,3,4,0,2.933,2,0,4,-1.974,2,3,34.86,3,3,3,1.006,0.323,3,0,0,2.997,2,2,0.058,6,2,2.026,-0.432,1,2,5,3,0.0,4,2,2,3,1,1.53,3,4,3,0.812,0.0,0
3,7,5,4,3,0,-1.461,1,4,1,0.022,3,7,39.55,0,2,1,-0.785,-0.042,2,0,4,-0.494,4,4,-1.63,7,4,0.659,2.06,2,1,1,2,0.0,4,6,0,2,7,0.136,3,5,0,0.327,0.0,0
2,5,0,1,0,0,-0.538,2,3,3,-2.161,1,6,32.57,3,3,1,-0.346,-0.675,1,0,3,-0.503,2,2,-1.6,0,3,1.587,-1.998,0,1,5,4,0.0,2,1,5,7,3,-1.09,0,2,4,-0.54,0.0,0
4,7,3,4,1,0,1.33,4,4,1,2.359,0,0,23.92,3,3,0,0.141,0.564,5,0,3,4.259,3,5,4.854,2,4,0.595,0.72,0,4,2,2,0.0,3,3,5,3,7,0.616,4,3,5,0.66,0.0,0
3,6,2,0,1,0,0.584,5,4,1,0.336,0,5,30.13,1,2,5,-0.268,0.516,0,0,1,-0.568,1,1,-1.657,1,0,1.075,-1.191,1,5,0,6,0.0,4,0,3,5,4,-0.818,2,0,0,-0.328,0.0,0
2,5,4,7,3,0,1.553,4,4,1,-0.411,1,3,25.8,7,0,4,1.855,-0.674,2,0,2,3.934,5,1,4.429,1,1,1.053,1.598,1,2,1,1,0.0,2,0,4,1,4,0.891,6,2,1,0.786,0.0,0
0,3,1,4,3,0,1.036,3,3,4,3.079,0,4,24.2,4,2,5,1.52,0.636,0,0,1,-3.489,6,1,0.428,5,0,0.11,0.741,2,3,1,6,0.0,1,0,4,2,7,0.08,3,3,5,0.994,0.0,0
5,4,0,3,5,0,2.195,2,0,4,-0.452,3,5,39.15,3,1,4,0.273,0.377,4,1,0,1.143,5,2,-2.017,4,0,1.159,4.401,4,2,3,2,0.0,5,0,5,6,5,1.462,6,0,3,0.766,37.42,1
2,3,0,0,1,0,-0.104,2,0,3,-0.951,4,2,23.64,1,1,2,-0.386,1.086,1,0,3,-1.612,4,0,-1.529,6,0,-1.593,2.004,3,2,4,3,0.0,0,5,3,7,4,-0.177,5,2,4,-0.387,0.0,0
1,2,2,3,3,0,-0.519,2,3,1,-1.599,3,1,25.06,1,0,5,0.715,1.218,3,0,3,-0.966,5,0,-1.285,1,0,0.298,1.315,5,5,1,7,0.0,3,2,5,0,5,-0.052,1,1,2,-0.384,0.0,0
4,7,3,7,1,0,-1.366,5,4,1,0.326,5,0,18.46,4,1,5,0.94,-0.317,5,0,5,1.038,6,1,-1.139,6,3,0.296,-0.661,2,3,5,4,0.0,5,3,4,4,3,-0.293,1,2,5,-0.478,0.0,0
1,0,3,4,4,0,-2.226,4,0,1,-2.093,5,3,28.23,2,5,3,-0.175,0.755,5,0,3,-0.939,4,1,-0.578,3,4,-2.768,-4.765,1,3,1,5,0.0,4,7,2,1,4,-0.925,2,1,4,-0.901,0.0,0
2,2,5,3,5,0,-1.18,1,5,4,0.236,2,2,26.86,5,4,0,1.577,0.208,4,0,3,0.883,5,2,1.399,6,0,1.899,1.764,2,4,2,7,0.0,4,6,4,2,3,1.772,4,1,3,0.928,0.0,0
1,3,0,3,3,0,-0.257,1,1,3,-0.265,4,7,27.19,6,2,1,-0.878,-0.857,3,0,3,-2.129,1,3,2.125,6,3,-1.779,1.47,0,3,2,3,0.0,0,4,1,6,2,0.299,4,3,3,-0.455,0.0,0
5,1,2,5,5,0,-0.578,5,3,4,-2.99,4,3,20.43,3,0,0,0.958,0.532,3,0,2,-0.681,6,2,0.75,2,2,-0.18,0.707,0,0,1,6,0.0,2,1,4,6,1,0.281,4,5,0,0.011,0.0,0
3,5,3,1,5,0,1.612,3,4,5,2.552,3,6,54.39,1,4,4,0.764,0.687,1,1,1,-1.602,7,2,-0.367,3,5,3.094,1.81,0,1,1,0,84.87,5,0,5,6,6,0.965,3,3,4,0.814,177.33,1
1,5,2,0,1,0,-1.184,2,5,5,-4.888,2,7,22.69,3,6,4,-2.736,-0.657,2,0,4,-4.354,5,5,-1.446,0,4,-0.876,-4.669,3,1,3,0,0.0,0,7,3,5,6,-2.515,2,0,3,-2.578,0.0,0
1,1,1,5,4,0,1.484,1,4,4,-2.201,2,4,43.18,4,4,3,3.891,1.574,4,1,3,3.911,1,4,-3.061,6,4,1.947,2.629,2,1,2,0,0.0,1,1,1,0,5,0.987,4,3,0,1.226,116.06,1
0,1,4,6,1,0,0.877,1,0,3,0.979,2,0,29.39,4,5,5,1.446,-0.166,2,0,5,0.308,4,3,0.868,6,1,0.773,2.114,5,4,5,5,0.0,2,6,2,5,2,-0.74,5,2,0,0.049,0.0,0
1,1,3,4,3,0,-1.181,5,5,3,1.0,3,0,29.76,1,3,4,-1.676,-0.392,0,0,1,-0.705,5,2,-4.428,7,5,0.779,-1.793,3,2,3,3,0.0,3,7,1,2,7,0.056,7,5,1,-0.512,0.0,0
1,3,3,6,2,0,-3.395,0,5,2,0.458,0,7,34.03,5,2,4,0.83,0.796,3,0,2,-1.189,3,2,-0.343,1,5,-2.655,-0.666,2,4,3,5,0.0,2,6,5,3,5,-0.873,3,4,5,-0.503,0.0,0
1,0,1,4,0,0,-1.785,1,5,0,1.428,3,7,44.8,7,3,0,-0.82,1.213,1,0,5,-0.953,1,1,0.417,7,4,-1.431,0.347,3,0,2,7,0.0,5,1,4,1,1,-0.218,0,2,0,-0.467,0.0,0
5,5,2,7,5,0,1.179,4,4,2,2.359,5,2,21.94,7,6,3,1.399,2.191,3,0,4,-1.729,7,4,-2.018,7,2,-2.404,4.349,3,1,3,4,0.0,0,3,4,0,4,1.439,3,3,2,1.103,0.0,0
4,1,3,2,5,0,-0.166,3,4,2,-2.005,0,7,30.83,0,2,1,-0.057,-1.346,1,0,2,0.789,0,3,3.355,4,1,-1.691,3.56,4,0,2,2,0.0,2,5,3,2,3,-0.031,6,1,5,0.337,0.0,0
2,0,5,7,5,0,0.774,5,3,3,2.971,5,4,29.56,6,5,4,-0.403,-0.836,3,0,4,-0.443,5,4,1.147,1,5,1.435,1.363,5,3,5,5,0.0,3,4,4,6,4,0.364,6,1,0,0.545,0.0,0
1,4,3,2,1,0,1.518,5,2,1,-1.201,3,5,28.1,6,7,0,1.729,0.671,3,0,4,1.037,1,4,1.593,2,5,1.487,0.204,0,0,0,0,0.0,0,4,4,4,3,0.171,4,5,0,-0.258,0.0,0
5,4,3,0,1,0,-3.152,3,5,4,-1.829,3,0,39.55,1,4,3,-2.818,-1.232,4,0,0,2.221,3,0,-0.192,2,4,0.344,-3.118,4,5,4,4,0.0,3,6,0,7,4,-0.797,6,0,3,-0.802,0.0,0
2,7,5,2,1,0,1.589,2,5,4,-0.055,2,7,27.87,2,4,1,2.774,2.209,5,0,4,0.068,5,1,-1.25,3,4,0.174,-0.824,2,2,3,0,0.0,4,0,2,5,5,1.084,3,0,0,0.623,0.0,0
1,7,0,1,3,0,2.269,0,2,0,4.222,5,4,36.47,2,4,2,5.008,0.774,2,1,4,0.353,7,2,4.429,4,3,-0.18,0.026,1,3,4,6,0.0,5,1,1,4,4,1.647,3,3,5,1.55,239.59,1
2,2,2,3,4,0,2.248,0,5,0,2.727,2,7,23.01,7,2,2,-2.016,1.595,3,0,0,2.481,5,3,-0.417,3,3,-0.403,3.741,5,4,3,3,0.0,2,4,2,5,6,0.672,0,3,2,0.589,0.0,0
4,0,3,1,4,0,1.802,2,5,4,-1.809,4,0,35.24,5,2,0,0.134,0.203,2,1,1,5.018,1,1,1.106,2,4,3.041,2.531,4,1,0,7,53.06,3,4,1,2,0,1.053,7,5,1,1.109,169.48,1
3,2,0,7,2,0,0.327,1,3,1,1.348,1,4,24.84,3,2,3,-0.617,0.138,2,0,3,1.252,6,3,-1.613,4,1,0.944,-0.332,5,5,3,3,0.0,4,2,1,6,7,0.108,1,1,5,-0.2,0.0,0
5,2,3,4,0,0,2.157,0,4,3,1.073,4,2,38.83,7,5,4,2.468,0.373,0,1,4,-1.141,0,4,-1.081,7,4,0.414,1.206,4,5,2,0,0.0,5,0,1,6,3,1.32,1,5,5,1.707,24.66,1
0,0,3,0,2,0,-1.502,2,4,4,2.118,4,7,26.9,1,3,1,-1.341,-1.218,2,0,3,-1.403,7,1,0.956,2,4,-1.738,-2.15,0,3,0,4,0.0,2,7,0,1,0,-1.123,6,3,2,-0.839,0.0,0
3,5,0,0,1,0,0.083,0,5,1,-1.043,3,6,27.83,7,6,2,-3.3,0.52,1,0,5,-0.821,7,5,-0.998,0,5,-0.988,-0.944,5,3,4,3,0.0,3,1,4,1,7,-1.582,1,5,1,-1.364,0.0,0
3,2,4,6,1,0,2.008,0,5,2,-1.662,0,7,13.59,6,5,2,2.664,-1.02,1,0,2,0.217,4,3,-0.893,3,4,1.105,4.645,2,3,0,3,0.0,5,7,1,6,4,-0.634,5,5,3,-0.171,0.0,0
4,3,2,6,3,0,0.044,5,1,1,1.304,0,4,21.85,4,6,3,-0.764,-0.22,2,0,4,2.328,2,0,-0.339,1,4,0.925,-1.367,2,5,5,1,0.0,1,2,4,7,0,0.024,6,3,5,0.562,0.0,0
4,6,1,3,5,1,1.341,5,3,1,0.902,4,6,43.56,2,3,3,3.297,1.002,0,1,4,3.254,4,4,1.624,4,4,2.173,4.67,4,1,1,4,0.0,4,3,0,1,7,2.329,6,4,5,2.166,26.4,1
1,6,5,3,1,0,2.074,1,0,5,-0.725,2,3,23.57,6,7,5,0.298,0.607,0,0,4,1.417,5,1,0.542,1,4,1.439,2.297,4,3,2,1,0.0,1,6,3,0,3,-0.041,3,2,4,0.312,0.0,0
4,1,5,7,2,0,1.882,0,3,0,1.293,3,6,38.2,3,4,1,1.252,0.603,5,1,4,0.843,2,5,2.261,7,3,1.163,1.791,0,5,5,7,0.0,1,0,5,3,3,1.016,3,0,1,0.781,19.23,1
5,5,2,3,1,0,1.784,5,0,5,1.077,1,5,26.92,1,1,3,-1.795,-1.55,3,0,3,-1.077,0,1,-3.774,3,2,2.04,-0.265,3,5,2,0,0.0,1,3,0,7,0,0.371,2,0,0,0.88,0.0,0
3,4,0,5,5,0,-3.724,5,4,2,-2.808,3,1,28.37,3,5,5,-5.296,1.41,0,0,4,-0.067,6,0,-5.676,0,3,-3.655,-1.623,3,0,3,0,0.0,5,4,2,4,6,-2.747,0,2,3,-2.501,0.0,0
5,6,0,2,1,0,2.794,3,1,4,-2.273,2,2,22.43,7,1,4,1.223,0.311,5,0,4,1.607,3,5,-0.714,4,0,1.608,-2.371,5,0,5,1,0.0,3,6,1,4,1,0.809,5,0,2,-0.135,0.0,0
1,0,5,3,2,0,-0.686,4,0,2,-0.211,1,3,34.67,7,7,1,-0.055,0.531,5,0,1,1.202,0,3,-1.768,7,5,2.319,2.06,2,5,3,6,0.0,4,0,4,5,6,0.295,2,2,0,-0.565,0.0,0
4,1,5,1,1,0,-2.675,2,4,1,-0.586,5,2,27.8,4,2,4,-0.153,0.019,2,0,2,-1.206,2,2,0.694,2,2,0.61,0.369,4,0,5,4,0.0,3,6,2,2,7,-1.126,4,1,5,-0.272,0.0,0
1,5,5,3,1,0,-1.89,2,0,4,-0.161,3,4,31.69,5,3,3,-1.161,-1.153,2,0,3,0.145,0,4,1.589,6,4,-1.316,-2.455,3,3,2,5,0.0,2,1,2,3,2,-1.175,2,0,0,-0.787,0.0,0
2,5,3,4,3,0,-0.908,3,3,5,0.898,2,3,33.95,3,2,2,2.585,-1.01,2,1,1,1.487,3,1,1.25,5,2,2.544,-0.45,0,3,5,6,0.0,5,4,1,7,7,1.022,0,0,0,1.474,200.16,1
2,7,5,0,3,0,-1.92,3,0,5,0.9,0,0,31.49,3,1,5,-1.411,-1.168,3,0,3,-1.977,7,2,0.212,4,4,-1.916,0.672,0,2,0,2,0.0,5,4,1,4,5,-0.232,3,2,0,-0.302,0.0,0
5,7,5,7,3,0,2.208,5,5,2,2.021,5,2,19.6,4,3,2,-1.833,-0.034,0,0,4,3.659,4,2,-0.741,5,2,1.052,2.374,0,4,0,4,0.0,1,3,2,1,2,0.562,0,4,5,0.331,0.0,0
3,3,4,2,5,0,0.275,1,0,2,0.444,5,4,35.49,5,5,5,0.263,0.498,1,0,5,0.038,6,3,-0.922,6,3,2.305,-1.019,2,4,5,6,0.0,2,2,4,1,5,-0.36,6,5,1,-1.247,0.0,0
3,7,2,3,1,0,-3.909,3,2,3,-1.257,1,6,27.22,5,0,3,-5.091,-1.251,2,0,5,-0.924,6,4,-1.336,3,3,-1.572,-1.302,3,4,4,0,0.0,5,1,0,5,7,-0.521,5,2,5,-0.654,0.0,0
1,3,3,4,1,0,-3.377,5,1,5,-3.456,5,5,29.74,2,0,5,1.478,-0.029,2,0,0,-0.273,4,5,-1.971,0,0,0.268,0.208,5,2,0,0,0.0,3,4,1,1,7,-1.481,2,0,4,-2.099,0.0,0
2,3,1,7,5,0,2.535,4,5,3,-0.892,1,0,24.47,6,1,4,0.483,-0.123,2,0,4,0.999,5,4,-1.777,5,5,1.115,1.874,1,0,1,3,0.0,5,1,2,3,0,-0.751,0,4,5,-0.283,0.0,0
5,7,1,0,5,0,-0.008,4,1,5,-0.356,0,1,28.39,3,1,2,-1.361,1.801,0,0,1,-3.315,7,0,-3.452,4,3,-0.195,-2.172,0,2,4,6,0.0,4,7,0,6,7,-1.697,2,3,1,-1.537,0.0,0
3,5,1,6,5,0,-2.082,1,1,0,-1.196,4,2,22.0,0,5,3,-2.199,-1.416,5,0,2,-1.796,7,4,-0.503,0,5,-0.16,-1.151,4,1,1,1,0.0,2,1,2,4,2,-0.736,2,5,3,-1.29,0.0,0
3,7,0,5,4,1,2.447,3,2,2,2.884,3,0,28.65,0,4,5,0.959,0.414,5,0,2,-1.859,4,0,1.268,7,1,2.009,2.044,4,1,2,0,0.0,2,6,0,0,4,0.827,1,0,2,1.177,0.0,1
1,5,2,0,0,0,-1.562,4,3,5,0.57,2,7,37.91,4,6,1,1.989,1.102,0,0,5,0.155,1,2,0.219,2,0,2.138,-2.261,0,1,4,1,0.0,2,6,5,3,0,-0.779,3,2,2,-0.748,0.0,0
3,4,1,1,3,0,-1.665,2,1,0,-0.044,5,3,30.71,7,3,4,2.95,-0.307,5,0,3,-2.954,6,0,0.483,2,1,0.717,1.32,2,2,4,5,0.0,1,4,4,3,5,0.819,4,0,1,0.648,0.0,0
2,7,0,6,1,0,-1.31,0,2,5,-0.661,2,6,43.76,6,3,0,1.027,1.822,1,0,3,-0.052,6,1,4.008,3,4,-0.66,-3.754,0,3,0,7,0.0,1,3,3,2,6,-0.754,6,3,3,-0.186,0.0,0
5,2,0,4,2,0,-1.885,3,2,4,-2.415,2,1,31.26,3,7,1,1.408,0.844,0,0,0,-0.142,0,1,1.043,0,3,-0.06,-0.228,5,3,4,1,0.0,1,7,1,2,5,-0.233,1,5,0,-0.241,0.0,0
1,6,1,5,3,0,-0.824,1,4,0,1.743,5,6,26.33,3,5,5,-0.72,-0.055,2,0,4,-5.003,2,4,-0.363,7,2,0.149,0.685,1,3,0,7,0.0,1,0,5,6,0,-0.454,5,4,3,-0.518,0.0,0
2,7,4,3,2,0,1.375,3,0,5,1.167,0,5,28.13,6,1,2,0.531,-1.011,0,0,2,0.478,7,5,-0.642,4,3,-0.871,-1.005,0,1,2,6,0.0,3,2,3,1,6,-0.011,0,3,3,0.625,0.0,0
2,1,5,0,2,0,0.442,2,4,0,0.097,5,5,26.02,2,2,2,1.944,-1.867,4,0,1,-1.359,6,0,2.579,5,2,2.326,1.456,4,2,5,6,0.0,3,3,0,4,2,0.105,5,4,5,0.672,0.0,0
4,1,4,7,5,0,2.614,3,4,4,-0.816,1,2,19.97,2,4,4,-0.877,0.37,4,0,3,1.354,6,5,0.863,4,5,-0.18,-0.732,0,4,0,1,0.0,5,0,0,0,1,0.407,0,3,0,0.601,0.0,0
5,2,4,2,1,0,-1.827,3,4,0,-2.435,3,7,27.35,1,7,3,-2.867,-1.341,2,0,5,-3.869,1,0,-3.491,6,1,-1.856,-3.072,0,0,2,4,0.0,3,0,2,6,3,-2.459,0,1,4,-2.473,0.0,0
0,7,4,0,0,0,0.723,1,0,5,-1.071,3,0,19.81,2,5,5,-1.808,-0.782,5,0,3,-0.275,3,5,-1.486,1,2,3.047,-1.804,0,4,5,3,0.0,4,2,0,3,7,-1.193,5,5,5,-1.054,0.0,0
1,0,4,7,2,0,3.489,3,1,5,-2.206,5,1,17.9,4,7,0,-3.124,-1.101,0,0,1,-0.088,3,5,0.09,6,0,-0.458,-1.521,3,0,4,0,0.0,1,1,1,2,2,-0.969,7,2,2,-0.501,0.0,0
2,7,2,0,2,0,-0.532,2,5,2,0.097,4,6,21.24,2,6,2,-0.252,-0.402,1,0,4,-0.613,5,3,-1.601,7,1,-1.988,-0.157,3,3,0,5,0.0,4,1,4,3,4,-0.092,2,2,0,-0.97,0.0,0
1,3,2,0,0,1,3.051,3,5,4,0.478,5,2,46.44,5,1,2,1.057,0.056,2,1,5,-3.06,5,4,2.93,7,5,3.99,3.174,2,4,0,4,0.0,4,0,4,5,7,1.453,7,3,0,1.835,124.67,1
2,0,5,6,5,0,2.327,3,4,0,2.413,5,3,39.41,7,6,0,1.791,-0.135,4,1,1,6.699,5,2,2.542,5,2,3.308,1.353,3,2,3,7,0.0,0,7,5,7,0,1.259,4,0,0,1.187,124.27,1
1,2,0,3,3,0,-1.935,0,4,2,-0.622,3,3,20.34,0,1,4,0.919,0.57,0,0,3,-0.868,4,0,-3.928,0,1,-0.95,0.463,5,0,5,1,0.0,1,3,2,7,2,-0.634,6,0,3,-0.247,0.0,0
4,0,5,4,3,0,4.443,5,0,4,0.232,3,6,26.71,6,4,3,1.292,-0.923,0,0,5,1.677,3,2,3.93,7,1,1.068,0.746,3,2,4,5,0.0,0,2,5,6,4,1.175,7,5,5,1.399,0.0,0
2,4,1,0,0,0,-1.725,0,5,0,-0.401,0,5,31.53,4,3,5,0.013,0.654,2,0,5,-2.525,1,0,-0.512,5,1,0.662,-0.982,5,5,2,3,0.0,4,1,1,5,0,-1.09,0,2,3,-0.816,0.0,0
1,2,4,4,1,1,2.463,4,0,2,-0.049,4,1,37.29,0,7,4,-0.909,1.246,5,0,3,3.138,6,3,-2.21,1,5,2.729,2.537,1,2,3,7,0.0,0,2,1,6,3,0.466,7,3,3,0.076,96.84,1
1,4,3,1,0,0,-2.606,4,1,4,-2.111,3,4,24.47,4,6,4,1.83,1.107,4,0,0,-1.607,4,0,1.632,7,4,2.379,-0.27,3,2,4,0,0.0,5,0,2,0,0,0.01,4,2,5,-0.02,0.0,0
3,6,1,3,2,0,1.407,5,2,3,-3.857,1,2,31.24,2,4,5,1.806,1.368,0,0,5,-2.255,4,0,2.593,1,5,1.046,-1.015,3,0,1,0,0.0,4,7,4,5,1,0.028,5,3,4,-0.294,0.0,0
1,4,3,5,4,1,1.206,4,4,0,3.62,1,0,44.41,0,4,3,0.488,-0.263,1,1,2,3.765,5,5,0.836,4,1,3.201,0.095,0,0,0,3,0.0,2,4,4,7,1,1.538,0,4,1,1.572,73.51,1
3,0,3,3,4,0,1.572,3,5,1,0.684,2,6,24.69,0,7,3,1.472,0.578,0,0,4,3.832,3,0,-1.979,7,2,-0.024,-0.232,2,4,4,4,0.0,3,2,2,0,0,-0.415,5,4,0,0.354,0.0,0
4,7,4,7,2,0,1.847,1,4,0,1.989,0,2,41.62,4,3,3,1.899,-0.671,2,1,2,2.411,0,0,-2.023,6,4,-1.307,1.061,4,4,4,2,0.0,0,6,3,6,2,0.963,3,2,4,0.771,201.11,1
2,2,1,6,0,1,0.123,2,0,4,1.851,2,0,39.91,7,3,4,0.561,1.189,5,1,0,5.046,4,2,1.17,2,4,2.77,-0.573,1,5,2,4,0.0,1,7,4,2,6,1.023,4,3,0,1.045,0.0,1
3,5,0,1,3,0,-0.837,2,3,1,1.058,2,7,26.06,3,2,5,-0.534,-0.123,3,0,2,-4.071,4,4,-0.584,0,2,0.788,-0.133,2,5,2,3,0.0,5,1,3,7,7,0.029,6,2,1,0.026,0.0,0
2,2,1,1,0,0,1.186,3,2,3,2.247,5,2,31.09,3,1,5,0.856,-0.398,2,0,1,0.069,4,0,0.131,6,0,2.438,0.106,1,0,3,0,0.0,1,0,5,6,0,0.555,0,4,0,0.289,0.0,0
2,7,3,3,4,0,-1.019,0,5,5,-0.483,1,5,35.66,1,7,0,2.147,0.452,5,0,2,-1.887,4,4,-0.03,3,3,0.768,-3.843,3,4,0,3,0.0,5,5,3,3,2,-0.207,3,4,4,0.87,0.0,0
4,6,4,2,3,0,-0.321,1,5,4,0.912,0,2,27.06,1,2,0,-1.083,-1.533,5,0,3,0.568,5,1,0.372,5,0,1.034,0.007,3,1,3,6,0.0,2,1,3,5,2,1.219,1,0,3,0.673,0.0,0
2,0,3,3,1,0,1.502,0,4,2,-0.842,3,3,35.23,0,6,0,1.073,0.904,5,1,4,2.703,1,0,0.869,5,2,0.86,4.44,2,3,4,6,0.0,5,3,2,6,2,1.378,1,5,1,0.712,115.55,1
1,2,2,4,4,0,-0.43,1,4,4,-2.155,2,5,38.85,1,7,2,1.42,-1.448,0,0,0,1.944,0,4,0.987,0,3,-0.358,2.167,4,4,5,6,0.0,4,1,5,0,5,-0.431,4,0,2,-0.351,0.0,0
3,6,2,2,4,1,3.214,5,2,0,-1.079,3,7,30.98,6,4,2,1.341,-0.552,2,1,3,2.339,7,5,0.524,6,4,2.191,1.935,2,5,4,3,0.0,2,7,4,7,3,2.451,3,2,4,2.279,139.67,1
2,0,5,6,0,0,2.575,4,1,5,1.552,5,3,16.65,6,4,4,-0.86,-1.553,3,0,1,3.72,4,0,1.908,6,5,-0.832,1.15,3,1,0,6,0.0,4,7,0,3,2,0.664,1,4,1,0.294,0.0,0
5,5,5,0,3,0,-0.272,1,4,3,0.399,3,5,27.51,2,2,0,-0.502,0.096,0,0,2,2.944,6,2,1.264,1,4,-1.481,1.238,0,3,2,4,0.0,1,5,0,1,6,-0.469,4,1,5,-0.301,0.0,0
3,4,5,7,1,0,1.109,5,0,4,-0.54,2,3,28.76,4,1,2,2.287,-1.143,4,0,0,-3.329,6,0,0.006,1,0,-1.406,2.653,0,5,2,5,0.0,2,4,1,6,3,-1.253,6,4,2,-0.823,0.0,0
0,3,4,4,3,0,-0.374,3,4,2,-1.187,2,6,32.98,5,6,3,0.314,0.254,5,0,0,1.746,4,5,-0.005,3,5,-1.824,0.29,5,1,1,2,0.0,0,2,0,3,7,0.344,7,0,5,0.237,0.0,0
4,7,2,6,3,0,3.238,0,3,2,0.478,4,2,42.96,4,7,2,-1.032,0.019,1,0,4,-1.722,0,0,-0.294,4,1,2.27,0.081,3,2,2,6,0.0,5,6,1,4,3,0.792,5,5,2,0.724,0.0,0
2,5,2,6,2,0,2.365,4,5,5,-0.021,5,0,36.78,0,4,0,0.072,1.028,2,0,1,0.394,0,1,-1.614,6,2,0.845,-0.938,0,3,1,7,0.0,3,1,3,7,5,-0.959,5,3,2,-0.835,0.0,0
1,3,5,7,0,0,-0.452,3,2,0,0.3,2,0,38.67,0,5,0,-1.386,1.499,5,1,5,1.737,2,2,2.992,5,3,1.341,0.342,1,0,1,1,0.0,5,6,1,1,6,1.393,0,4,5,1.301,163.63,1
3,1,5,5,2,0,0.023,4,3,5,-3.297,5,1,29.41,0,7,2,0.732,0.748,2,0,3,-4.153,7,2,-0.035,6,0,-1.519,-0.759,4,4,1,0,0.0,3,0,5,6,7,-1.622,3,0,4,-1.29,0.0,0
4,0,3,4,0,0,-1.412,4,5,1,-0.125,5,0,25.28,4,2,0,-2.589,-1.256,3,0,2,-0.202,7,4,-0.891,2,1,-1.325,-2.553,3,0,0,4,0.0,3,1,5,3,3,-0.183,0,2,1,-0.67,0.0,0
4,5,2,4,0,0,1.707,0,3,3,-1.245,5,6,34.34,6,6,2,2.383,-0.876,1,0,3,-3.562,3,0,-0.758,2,4,1.082,-0.238,5,3,0,0,0.0,2,7,5,1,7,1.243,6,2,1,0.091,0.0,0
1,2,4,1,0,0,-1.163,2,0,4,-2.064,2,7,38.19,7,4,0,-1.505,-1.016,5,0,5,-0.337,4,0,-0.077,6,3,-2.441,-1.183,5,4,4,5,0.0,5,7,2,6,6,-1.028,6,0,1,0.013,0.0,0
1,4,2,7,3,0,1.59,0,0,3,2.197,4,7,24.95,5,2,0,1.239,-0.232,2,0,0,2.928,7,0,2.364,6,0,4.569,0.992,4,5,5,5,0.0,3,2,5,3,6,1.622,1,0,5,1.602,0.0,0
1,5,5,0,4,0,-3.356,1,3,3,-2.682,0,0,29.55,2,1,1,-0.6,-0.165,0,0,4,-2.245,5,1,-1.843,0,4,-3.7,-4.373,1,1,1,0,0.0,0,5,2,0,6,-1.906,0,5,5,-1.993,0.0,0
2,4,3,0,0,0,-0.961,2,2,1,-0.017,0,3,19.21,6,0,2,-3.153,-1.228,5,0,2,-0.558,2,1,1.009,6,3,-2.013,-1.603,0,2,3,1,0.0,4,4,0,3,0,-0.939,5,4,1,-1.567,0.0,0
2,0,3,6,3,0,-2.616,3,4,0,-0.813,0,1,24.7,7,6,4,-1.18,-0.256,3,0,4,-3.861,2,5,-3.018,2,5,-0.111,-0.696,5,2,4,5,0.0,1,4,4,1,5,-1.286,7,5,2,-1.137,0.0,0
4,2,1,2,0,0,-5.318,4,2,2,-4.178,2,1,24.56,7,4,0,-2.731,-0.39,3,0,0,-2.741,1,0,-2.409,1,5,-0.997,-2.648,3,4,1,4,0.0,2,3,4,3,4,-2.637,1,1,5,-3.322,0.0,0
5,2,0,1,5,0,-4.333,1,5,3,1.222,0,7,21.37,2,5,5,-1.648,-1.388,3,0,0,1.205,5,0,-1.341,3,1,-0.498,-0.221,1,5,2,5,0.0,3,2,2,0,2,-1.171,6,1,0,-0.029,0.0,0
0,7,1,4,1,0,1.432,3,5,2,1.723,4,4,28.35,4,2,2,2.86,-0.139,4,0,5,1.713,1,2,0.344,4,1,1.626,1.189,1,1,4,7,0.0,3,7,5,3,6,0.761,0,5,0,1.015,0.0,0
2,1,5,4,5,0,-1.078,5,2,2,0.714,5,2,22.21,4,7,5,1.591,-1.229,1,0,2,-3.841,1,3,-1.805,0,4,-2.572,-2.731,5,4,3,7,0.0,0,7,4,6,3,-1.188,4,1,5,-0.46,0.0,0
4,7,2,6,1,0,-0.782,0,0,1,0.08,0,5,24.68,3,6,1,-0.278,1.347,2,0,3,2.242,3,0,-0.229,0,5,-1.923,-0.386,4,2,4,7,0.0,2,7,2,1,2,-0.362,2,5,5,0.37,0.0,0
0,4,5,5,3,0,1.553,5,5,3,0.883,3,3,28.77,2,1,5,-0.941,0.501,1,0,0,1.359,0,0,2.1,2,2,1.815,-0.089,5,4,0,4,0.0,0,3,0,1,2,0.615,7,5,1,0.982,0.0,0
0,5,0,5,5,1,0.18,5,5,1,1.769,3,0,42.78,6,1,1,2.31,-0.776,3,1,1,-3.328,6,0,-0.858,7,4,0.456,-0.011,0,5,2,2,0.0,5,4,1,6,4,1.408,3,2,3,1.605,0.0,1
2,7,1,0,1,0,-0.154,3,4,4,-0.409,3,5,17.7,1,0,5,-1.46,0.982,2,0,2,-0.601,5,0,0.028,6,4,0.546,0.969,0,5,4,3,0.0,5,7,4,1,3,0.779,3,0,1,0.264,0.0,0
4,4,2,6,1,0,-2.665,2,2,1,-4.003,2,0,25.8,1,7,4,-2.513,1.485,1,0,0,0.837,2,2,2.495,4,3,-1.17,-2.253,5,2,3,7,0.0,5,3,3,7,5,-0.565,0,4,3,-1.15,0.0,0
0,0,1,6,5,0,0.249,0,3,1,2.019,4,2,36.09,1,0,3,-3.261,-1.0,4,0,3,-6.244,6,2,-0.705,0,1,-0.514,-0.157,4,4,4,2,0.0,1,7,2,4,4,-2.134,0,4,4,-1.125,0.0,0
2,2,1,7,4,0,-0.339,3,4,3,-1.461,0,2,17.2,1,3,4,-0.049,-0.067,2,0,0,1.724,5,2,-0.526,3,3,1.821,-1.803,3,0,4,4,0.0,2,6,5,4,4,0.011,7,1,5,-0.276,0.0,0
0,3,1,3,2,0,-2.141,2,0,5,-1.582,5,2,27.2,1,5,0,0.105,-0.786,5,0,1,-1.837,6,5,1.361,4,4,1.221,1.833,5,0,3,2,0.0,3,1,0,5,1,-1.277,4,1,0,-0.581,0.0,0
2,2,1,4,2,0,-1.041,5,1,5,-2.259,5,7,23.29,1,7,2,-1.636,-0.045,1,0,3,-2.366,3,5,-0.129,0,2,-2.677,-0.563,1,4,3,0,0.0,5,3,0,6,0,-0.71,0,2,3,-0.632,0.0,0
4,4,0,7,3,0,-4.835,3,2,3,-0.734,1,4,35.98,4,2,5,-0.577,0.575,5,0,2,-0.224,5,4,-1.135,0,4,-1.505,-1.716,3,5,1,2,0.0,2,4,1,2,7,-0.44,3,2,4,-0.826,0.0,0
2,2,0,2,4,0,-0.786,2,2,5,0.256,2,6,36.42,5,1,0,-0.911,-0.074,3,0,5,0.703,7,1,-3.898,4,0,0.437,-1.825,1,3,1,3,0.0,0,0,1,0,1,-0.066,6,0,3,-0.239,0.0,0
4,6,4,5,0,0,0.269,5,0,4,-2.26,3,2,31.53,3,6,0,-0.962,-0.648,4,0,3,-1.855,6,5,-3.388,3,4,-0.263,-0.237,0,5,1,5,0.0,4,1,1,4,5,-1.89,7,0,2,-1.387,0.0,0
2,2,0,0,5,0,-0.371,4,4,2,-1.723,3,3,27.1,7,5,4,-2.985,0.776,5,0,5,-1.37,3,2,-2.637,2,5,0.236,-3.26,1,0,5,4,0.0,2,5,4,5,0,-0.441,6,3,2,-0.554,0.0,0
0,0,4,5,2,0,-4.546,5,4,3,0.036,0,0,32.76,0,6,4,-1.724,-0.152,0,0,4,1.763,6,1,-1.167,4,4,-0.578,-0.005,0,2,2,4,0.0,2,6,4,1,6,-0.507,7,2,2,0.044,0.0,0
1,2,1,3,3,0,2.15,3,1,3,-3.03,1,7,28.86,7,1,5,2.141,-0.454,5,0,5,0.314,0,1,-1.431,3,4,2.018,0.214,0,3,2,7,0.0,5,0,4,1,4,-0.457,2,2,5,-0.021,0.0,0
1,5,2,6,1,0,0.699,3,0,3,2.137,4,1,23.98,4,7,1,3.127,1.54,0,1,2,1.322,3,0,-0.352,7,2,2.787,1.782,1,0,2,2,0.0,0,6,2,0,0,1.22,4,1,3,1.967,109.78,1
1,3,3,5,0,0,-2.237,1,5,5,0.669,3,3,33.19,3,7,3,5.017,0.115,1,0,0,-4.482,3,4,1.488,0,5,-2.442,0.129,1,5,1,3,0.0,0,5,5,4,4,-0.601,2,0,2,-0.983,0.0,0
1,4,3,1,2,1,-0.581,1,4,5,-0.343,1,5,41.86,5,6,0,0.965,0.734,1,0,0,-4.284,3,4,0.066,2,2,4.055,1.205,2,0,3,0,0.0,4,1,5,0,3,0.612,2,5,4,0.591,44.01,1
0,6,4,0,2,0,0.837,4,2,3,-0.318,0,4,32.11,1,6,3,1.843,-0.822,3,0,3,-4.209,4,1,-1.398,3,0,-3.341,2.932,2,0,2,1,0.0,3,6,2,3,0,-0.505,4,0,4,-0.488,0.0,0
1,5,2,4,3,0,-1.119,4,4,1,-0.581,1,5,24.12,0,1,0,-1.429,-0.252,2,0,1,-1.309,3,2,-1.793,4,5,1.328,1.646,3,1,5,3,0.0,3,2,1,6,6,-0.042,2,4,0,0.159,0.0,0
5,3,3,1,3,0,0.78,1,5,2,-1.634,1,0,30.65,2,7,1,0.53,0.852,2,0,3,-0.362,2,4,0.185,7,2,0.498,1.361,3,5,3,5,0.0,4,1,0,2,7,0.364,1,1,1,-0.018,0.0,0
5,2,0,1,4,1,-0.141,4,3,4,3.131,3,1,37.85,1,7,1,1.427,0.574,2,1,1,1.747,4,4,3.488,3,3,1.261,0.129,5,3,3,4,0.0,4,0,3,3,1,1.329,1,2,4,0.895,0.0,1
5,4,0,1,5,0,-1.598,3,0,2,-0.805,4,0,28.66,5,3,2,1.272,-1.506,1,0,3,1.553,3,3,-0.195,4,4,-1.071,1.909,3,4,4,3,0.0,2,2,0,0,2,-0.465,7,4,3,-0.593,0.0,0
1,2,0,7,5,0,2.429,0,4,0,0.025,2,7,26.05,6,1,3,2.224,-1.976,2,0,0,-1.983,6,2,1.579,6,4,0.907,1.466,0,5,2,5,0.0,2,1,2,6,1,1.148,2,4,5,1.037,0.0,0
5,6,1,4,5,0,1.313,4,1,3,-0.44,0,3,30.7,6,5,1,1.732,0.521,3,0,0,3.414,0,4,2.244,3,3,1.445,-0.733,1,0,3,6,0.0,5,6,0,5,0,0.471,3,1,2,0.609,0.0,0
5,4,4,6,0,1,-0.518,3,1,3,0.23,3,2,40.19,5,6,3,-0.291,-1.117,3,1,5,1.855,7,3,6.186,4,4,2.828,4.952,5,1,4,6,0.0,0,2,3,5,1,2.056,5,0,3,1.921,197.41,1
0,5,0,4,3,0,4.565,3,2,4,3.63,0,3,44.36,6,5,1,0.316,0.758,0,1,3,2.755,3,5,3.057,2,2,3.345,1.716,2,3,5,7,0.0,1,7,2,0,7,2.159,0,2,0,1.979,0.0,1
4,3,0,6,2,0,-2.097,5,5,4,-2.429,5,3,20.85,7,2,1,0.559,-0.507,2,0,3,2.469,1,0,-3.893,6,1,-2.02,-2.935,2,5,5,7,0.0,5,3,4,2,7,-2.541,7,4,3,-1.817,0.0,0
0,2,0,7,0,0,2.102,4,4,2,-0.593,5,2,31.9,2,6,5,-0.329,-0.475,2,0,5,-0.073,6,5,-1.483,4,3,-0.132,-2.09,1,2,2,7,0.0,3,0,1,0,1,-0.658,5,4,5,-1.47,0.0,0
3,6,0,3,3,0,-0.593,5,4,4,-1.055,2,1,24.06,6,3,2,-0.042,0.872,0,0,5,-1.757,0,4,-0.179,0,0,0.977,-0.178,0,5,1,6,0.0,0,4,3,3,7,-1.018,3,1,1,-0.763,0.0,0
4,0,4,5,1,0,-0.172,1,0,1,-0.388,4,0,27.66,4,0,3,0.007,-0.511,0,1,1,-2.381,6,1,1.816,2,3,3.021,1.949,0,0,3,5,0.0,2,6,2,1,1,0.49,3,3,4,0.925,32.84,1
5,7,4,3,0,0,0.319,4,5,1,-0.544,0,3,26.17,0,3,3,-0.346,-1.078,3,0,2,1.386,6,3,1.516,4,1,-0.117,-0.444,2,0,0,7,0.0,2,7,3,6,2,0.04,1,3,3,0.381,0.0,0
1,0,4,3,3,1,3.81,4,5,5,1.599,2,5,30.31,4,7,3,1.32,0.08,2,1,2,1.714,0,1,1.775,1,3,0.873,3.844,0,3,2,6,0.0,3,3,3,4,3,2.711,4,2,0,2.334,120.07,1
0,5,3,0,1,1,0.685,1,3,0,3.046,0,0,45.91,4,2,1,0.46,-0.784,1,1,3,0.412,5,2,0.792,6,1,0.572,1.103,0,1,4,2,0.0,5,4,2,5,2,1.21,0,0,2,1.095,135.62,1
2,0,0,6,4,0,0.595,3,3,3,-2.666,4,1,27.05,1,4,4,-3.613,1.078,1,0,4,-0.097,0,3,-1.459,4,5,-0.601,-0.44,1,3,0,3,0.0,0,1,2,3,6,-0.292,0,2,2,-0.491,0.0,0
5,5,1,6,4,0,-1.166,4,3,3,0.254,0,4,26.18,6,7,0,-0.953,0.097,2,0,4,-0.897,2,4,0.019,6,2,-0.851,-0.105,0,1,1,1,0.0,2,7,1,2,6,-0.597,1,3,3,0.519,0.0,0
2,4,1,5,4,0,2.016,0,4,2,1.853,1,4,34.09,3,6,5,3.216,-1.442,2,0,1,-1.35,4,3,-0.041,7,3,-0.584,-1.189,2,1,0,7,0.0,3,3,5,7,5,0.734,0,0,1,0.767,0.0,0
0,3,0,3,4,0,-1.434,0,3,5,-0.518,5,3,24.98,7,1,2,-0.27,0.552,3,0,1,2.653,3,1,-3.165,3,5,-1.225,-0.238,1,3,0,6,0.0,4,0,0,4,1,0.132,3,1,4,0.047,0.0,0
1,3,4,7,4,0,1.414,0,2,3,1.031,0,2,22.34,5,6,0,0.767,1.144,0,0,4,2.519,0,5,3.066,2,3,-0.901,2.515,1,3,4,2,0.0,3,4,5,7,0,0.529,5,2,1,0.548,0.0,0
1,2,1,3,4,0,-1.159,1,4,4,3.344,0,7,35.86,1,4,5,1.105,0.294,2,0,3,0.213,5,3,-2.476,1,0,0.467,3.755,3,5,0,3,0.0,4,2,2,5,2,0.282,2,5,2,1.077,0.0,0
5,1,0,6,0,0,-2.141,4,1,3,-2.347,4,3,36.69,7,1,2,-4.533,0.77,4,0,1,-3.126,7,3,1.162,2,2,-2.482,-2.185,5,0,4,2,0.0,1,3,4,4,5,-1.092,4,2,5,-1.468,0.0,0
1,7,1,7,0,0,-0.089,1,1,1,0.742,0,0,27.6,3,2,0,0.413,-0.143,5,0,3,1.188,5,5,-0.903,7,0,-0.833,0.029,0,3,4,7,0.0,1,4,2,3,1,-0.545,6,4,2,-0.378,0.0,0
1,4,1,7,4,0,0.795,1,3,5,0.854,4,1,30.44,7,4,0,-1.023,0.284,2,1,4,1.879,7,0,2.21,6,2,2.715,-3.428,5,0,5,0,0.0,4,1,0,0,7,1.089,7,0,4,1.092,21.88,1
4,6,2,3,3,1,0.754,5,4,1,2.003,2,5,18.06,5,5,2,2.0,-0.13,0,1,5,-0.369,3,0,-1.122,5,1,1.423,2.384,0,1,4,5,78.26,5,0,2,6,1,2.37,1,1,5,2.289,0.0,1
0,1,2,6,3,0,0.395,1,5,1,0.113,4,7,23.53,0,0,2,0.72,0.722,0,0,5,3.255,0,0,1.284,3,3,0.341,-0.77,5,4,3,2,0.0,4,2,5,4,6,0.643,7,5,4,0.492,0.0,0
3,6,4,6,4,0,-1.709,3,4,4,4.504,1,3,22.54,6,0,0,0.411,-1.001,5,0,0,1.06,5,0,-1.786,0,1,-1.175,-2.043,0,4,1,2,0.0,4,4,1,2,3,-0.922,6,2,1,-0.583,0.0,0
2,4,0,0,5,0,-3.18,4,0,0,1.012,5,3,36.41,2,6,3,-1.957,-0.064,0,0,3,-0.665,4,3,-1.04,5,1,1.834,-0.898,5,5,4,1,0.0,3,6,0,4,3,-0.471,3,0,5,-0.453,0.0,0
4,0,0,0,0,0,1.61,5,1,4,-0.444,0,4,38.45,3,2,0,0.854,0.033,4,1,4,-0.346,0,1,3.863,2,0,1.45,0.104,4,1,4,2,0.0,5,4,3,5,7,2.236,7,3,4,1.23,99.05,1
3,4,5,0,0,0,-0.275,3,1,3,0.421,1,3,20.92,7,5,2,-0.138,-1.182,4,0,5,0.808,2,1,2.58,4,4,-3.594,0.178,1,4,2,4,0.0,4,1,0,1,0,-1.895,2,0,1,-1.265,0.0,0
3,0,3,7,1,0,-0.873,5,5,4,-0.353,5,1,31.14,1,2,3,-2.796,1.049,3,0,2,-4.688,3,1,-1.621,1,0,-2.713,-4.688,3,2,2,2,0.0,1,6,3,7,3,-0.715,5,1,2,-1.979,0.0,0
0,5,0,4,2,0,2.29,4,0,5,0.697,4,5,33.83,5,6,1,-0.642,-0.389,3,1,2,-0.223,5,3,-1.146,7,0,1.92,0.464,4,5,3,0,0.0,2,2,5,2,1,1.569,5,3,2,1.416,115.69,1
4,0,1,3,1,0,0.329,5,3,3,-0.528,3,1,41.38,5,3,5,0.956,1.748,3,1,3,2.635,3,2,-1.092,3,4,-1.83,1.643,2,0,5,1,0.0,2,4,5,7,2,0.781,6,1,1,0.869,66.39,1
3,2,3,6,5,0,-1.036,4,4,3,-1.144,0,4,31.84,3,5,2,-1.402,0.471,4,0,1,1.856,2,2,1.73,4,4,-1.49,-1.259,0,4,2,0,0.0,4,6,0,4,4,-0.767,2,5,5,-0.457,0.0,0
1,7,2,5,1,0,-1.323,1,5,0,-1.253,1,4,25.76,6,4,4,0.573,1.933,3,0,5,-0.303,2,0,1.3,5,2,-0.694,-1.775,4,2,1,1,0.0,4,7,3,1,0,-2.167,3,3,1,-1.408,0.0,0
5,2,5,5,5,1,3.287,0,5,4,3.545,0,2,28.61,4,7,5,2.861,0.739,0,1,3,6.375,4,0,2.498,2,0,2.641,-0.287,3,5,5,6,31.0,0,2,1,5,5,2.974,6,2,3,1.896,0.0,1
2,0,0,2,2,0,0.38,4,4,2,0.028,3,7,20.46,4,6,4,0.122,-1.637,2,0,1,1.089,5,2,-1.68,2,1,0.201,-1.981,5,5,1,3,0.0,5,7,3,2,6,-0.819,6,0,1,-0.39,0.0,0
5,5,3,5,4,0,0.917,5,1,3,2.0,2,0,35.15,3,1,1,-1.538,1.451,0,1,3,2.157,7,1,3.908,7,4,-0.672,1.544,5,1,0,5,0.0,2,4,5,6,4,0.759,0,1,2,1.072,0.0,1
2,6,3,2,5,0,-1.11,5,1,2,1.11,5,1,29.38,1,2,5,0.228,1.792,1,0,3,-0.623,6,4,0.293,4,4,-1.163,0.758,2,1,2,1,0.0,1,1,2,7,2,0.517,2,4,5,0.64,0.0,0
1,1,4,7,1,0,-2.439,2,0,1,-1.544,3,7,34.15,7,1,3,-0.497,-0.723,5,0,2,-3.778,7,1,-1.131,1,5,-2.448,-0.692,4,2,1,5,0.0,4,7,0,2,5,-1.332,0,0,1,-1.799,0.0,0
0,4,4,3,3,0,3.42,3,5,2,1.3,5,3,33.2,7,6,5,0.492,-0.908,4,1,0,3.326,0,5,3.752,0,2,2.715,1.291,0,3,4,7,0.0,1,6,4,5,0,1.128,4,2,5,1.624,30.74,1
4,0,3,2,3,0,-1.624,5,2,2,0.478,1,2,35.01,3,5,1,1.691,-0.995,5,0,3,-5.958,2,3,-3.701,2,1,-1.884,-2.242,1,2,5,2,0.0,1,6,2,2,2,-1.21,4,2,4,-1.564,0.0,0
3,1,4,6,4,1,0.217,3,0,3,-0.77,3,3,30.35,6,5,0,4.171,2.579,5,1,2,0.823,7,5,-0.11,6,2,-0.282,2.783,2,5,2,4,0.0,3,4,2,1,5,0.51,0,0,1,1.095,56.27,1
1,0,0,5,0,0,-2.593,1,1,2,-0.231,0,2,23.91,0,4,2,-1.727,-1.414,2,0,2,0.763,5,1,0.831,1,3,0.273,-1.227,2,2,2,0,0.0,1,1,2,7,6,-0.799,2,4,1,-1.207,0.0,0
5,5,5,6,4,0,-0.445,5,0,2,-3.064,5,2,35.98,5,5,0,-2.284,-1.453,3,0,2,0.274,2,3,-2.808,6,4,-1.207,-4.067,3,4,3,7,0.0,5,6,4,5,2,-1.082,0,3,0,-1.189,0.0,0
0,7,3,5,3,0,-2.597,1,2,5,-2.065,4,3,27.01,6,1,4,0.208,0.086,2,0,4,0.632,7,3,-2.21,5,3,-1.987,2.016,4,3,0,7,0.0,1,6,2,4,2,-1.114,4,1,4,-0.475,0.0,0
0,4,3,1,3,0,2.035,3,2,3,-0.412,2,1,26.38,2,2,1,-0.39,0.737,0,0,5,2.058,5,0,0.015,7,2,0.21,1.039,4,5,2,2,0.0,2,3,5,5,7,-0.923,5,0,4,-0.681,0.0,0
0,7,3,7,1,1,1.112,2,4,4,2.682,4,6,40.06,1,4,4,-0.017,0.079,4,0,0,2.216,7,3,-0.283,1,0,3.607,1.195,4,1,0,0,0.0,3,5,1,6,2,1.332,4,3,1,1.646,61.68,1
5,7,3,5,2,0,0.479,2,5,4,-0.256,3,4,28.51,7,1,0,1.243,1.025,5,0,4,-1.935,0,4,3.418,5,1,0.359,1.083,3,1,4,4,0.0,1,7,0,6,6,-0.623,4,3,1,0.355,0.0,0
0,5,3,1,5,0,1.196,5,3,4,-0.811,0,1,26.09,7,1,0,-0.202,2.385,0,0,2,0.07,2,0,-0.49,0,4,2.617,-0.082,1,2,0,7,0.0,5,7,0,4,4,-0.011,2,5,5,0.369,0.0,0
5,2,3,6,0,0,2.62,3,0,0,0.275,2,2,24.98,6,7,5,0.998,0.808,2,0,4,6.81,5,1,2.041,4,0,1.587,-0.805,3,2,5,4,0.0,3,2,2,7,0,1.216,1,3,3,1.715,0.0,0
5,4,2,5,2,0,-0.721,1,1,4,0.084,1,5,30.71,4,5,0,-0.756,0.902,1,0,2,1.309,1,5,1.176,5,0,-0.306,-0.16,4,4,1,0,0.0,2,1,4,4,6,0.119,0,0,1,0.043,0.0,0
0,7,4,6,4,0,0.58,5,0,3,-4.251,4,4,33.15,6,2,0,-1.631,0.031,3,0,4,1.755,5,1,-0.543,5,5,0.475,1.062,1,1,4,7,0.0,4,1,3,4,2,-0.337,1,2,5,-0.415,0.0,0
5,2,5,2,4,0,-1.042,2,5,4,-1.016,2,6,23.94,3,7,3,1.091,0.838,1,0,2,0.408,7,0,-0.027,7,0,-2.257,-1.552,2,5,1,3,0.0,1,6,3,4,6,0.444,3,5,0,-0.315,0.0,0
0,5,3,2,3,0,-2.252,1,0,3,-3.791,4,3,26.31,2,0,0,-0.955,-0.671,3,0,2,-0.024,1,2,-2.386,5,2,0.858,-0.366,1,3,1,5,0.0,3,1,4,5,0,-1.907,1,2,2,-1.668,0.0,0
5,3,5,4,4,0,0.075,2,0,0,-0.496,2,6,25.11,3,7,1,0.901,-0.914,0,0,5,-4.925,6,4,-4.525,3,1,1.509,-1.499,2,0,3,6,0.0,4,7,4,1,7,-0.012,4,3,0,-0.767,0.0,0
1,5,1,6,2,0,-0.306,4,5,1,0.658,4,0,27.09,3,4,1,3.317,0.136,1,0,1,-0.863,7,0,0.143,6,3,2.712,0.783,3,5,1,5,0.0,0,5,1,2,2,0.173,0,0,3,0.698,0.0,0
2,0,1,1,0,0,-0.402,0,0,5,0.178,5,5,27.68,3,0,0,-0.662,1.328,2,0,3,-4.829,4,1,0.239,4,5,0.187,1.951,5,3,3,2,0.0,0,4,3,4,5,0.53,2,3,0,0.269,0.0,0
2,5,5,2,4,0,5.284,2,0,2,0.38,1,2,29.85,0,0,1,0.878,1.028,0,1,3,-1.387,2,5,0.551,2,5,2.813,2.547,3,2,2,2,0.0,2,5,0,5,1,0.986,4,5,1,0.613,204.56,1
2,5,5,5,0,1,2.463,2,0,1,2.708,5,1,45.08,5,0,1,1.607,2.108,0,0,3,-1.168,2,3,3.201,2,0,0.412,1.589,5,1,5,1,16.52,1,7,3,2,3,2.138,3,2,0,2.3,173.94,1
1,7,2,6,1,0,-0.941,5,5,4,-0.759,3,6,26.95,7,3,5,-0.848,0.683,5,0,3,-1.706,5,5,-1.207,1,1,0.155,0.951,0,5,3,2,0.0,3,1,0,3,1,-0.679,5,4,3,0.184,0.0,0
2,0,1,2,0,0,0.136,3,2,0,2.239,3,2,39.19,7,2,5,-1.357,0.175,1,0,3,-4.335,2,2,-0.277,7,2,-2.199,2.184,1,2,4,2,0.0,2,1,5,2,0,-0.436,0,1,1,-0.589,0.0,0
4,0,0,2,2,0,-2.063,2,2,4,1.503,5,0,27.47,0,5,5,-0.375,-1.1,2,0,1,-0.882,7,2,-0.156,5,5,-0.552,-0.231,3,5,3,6,0.0,5,5,1,0,2,1.186,0,4,0,0.292,0.0,0
3,2,4,4,5,0,-1.914,5,3,0,-2.794,2,6,29.9,0,6,1,-1.838,-0.101,5,0,5,-3.508,7,0,-1.372,5,2,0.105,-0.919,4,5,1,5,0.0,5,1,3,4,6,-0.435,1,2,2,-0.03,0.0,0
0,3,5,0,5,0,0.061,3,1,5,0.228,1,1,24.79,1,0,5,-0.724,0.68,3,0,0,0.791,4,5,0.413,2,3,0.178,-0.139,2,5,3,6,0.0,3,7,0,4,7,1.204,4,5,3,1.425,0.0,0
2,1,0,7,0,0,0.11,1,1,3,-1.021,1,1,23.55,1,4,5,-6.019,0.924,3,0,2,-1.792,2,0,-1.798,6,5,-2.884,-1.462,5,3,2,4,0.0,0,0,4,1,1,-1.097,0,5,1,-0.459,0.0,0
3,4,3,4,0,0,-0.372,2,5,0,-1.592,4,4,30.41,4,1,4,0.795,-0.787,4,0,1,-0.645,1,0,0.323,0,1,0.481,1.836,3,2,2,2,0.0,5,2,2,0,5,-0.367,5,3,0,-0.384,0.0,0
2,0,3,3,3,0,1.156,2,1,1,-0.179,1,4,28.91,3,4,5,-3.752,0.637,2,0,4,-2.657,1,3,-1.294,7,1,-1.841,0.746,3,1,3,6,0.0,2,4,4,7,4,-0.99,0,1,3,-1.356,0.0,0
5,3,2,0,3,0,0.576,0,2,1,2.096,1,1,20.62,5,5,4,0.758,0.054,2,0,0,2.265,1,3,-1.953,3,2,-0.299,1.352,3,3,2,5,0.0,4,0,5,6,4,-0.257,0,0,3,0.407,0.0,0
5,6,0,2,5,1,1.027,4,3,1,-1.278,3,4,37.73,5,6,2,0.804,0.939,1,1,1,2.784,4,4,1.318,0,3,3.071,-0.011,0,1,3,2,0.0,2,2,2,5,2,1.477,5,4,1,1.573,57.33,1
0,3,4,4,2,0,-1.306,4,0,3,-2.979,1,6,49.33,0,2,3,-1.564,0.015,4,0,4,1.705,5,5,-0.379,5,0,-1.797,-0.197,2,0,2,7,0.0,5,7,3,4,0,-0.223,6,1,4,-0.471,0.0,0
0,4,2,1,1,0,-2.328,1,0,5,-1.876,0,6,33.74,0,7,3,0.015,0.479,0,0,1,-4.38,5,2,-3.406,6,5,-2.467,-2.216,1,2,3,3,0.0,0,6,3,5,4,-1.675,3,1,5,-2.23,0.0,0
2,0,4,0,1,0,2.734,0,2,0,2.271,5,4,37.53,7,5,0,-1.367,0.551,0,1,0,0.744,5,0,0.622,1,3,0.195,-0.114,2,2,0,7,0.0,0,6,5,5,3,0.332,4,4,1,1.261,195.24,1
2,1,1,3,4,0,0.912,5,2,3,0.536,4,5,34.09,1,1,1,4.469,-0.415,2,1,3,-2.933,7,0,3.519,5,5,2.304,0.729,3,3,4,1,0.0,0,0,4,1,5,0.827,3,1,4,1.049,0.0,1
0,0,5,1,1,1,2.381,3,5,4,0.338,2,7,39.0,2,1,2,0.279,-0.201,3,1,4,-0.516,6,1,0.77,2,5,2.77,5.184,5,3,5,5,0.0,1,4,1,6,6,1.591,6,5,3,1.957,0.0,1
3,4,0,6,2,0,-0.269,3,0,0,-0.991,2,4,33.11,1,2,1,1.805,0.577,1,0,4,-2.989,2,1,0.747,0,3,-0.258,0.38,2,0,4,5,0.0,1,5,0,5,5,0.179,6,5,3,-0.082,0.0,0
5,7,3,0,5,1,-1.247,4,5,2,2.749,4,2,33.4,5,4,2,1.567,0.719,4,1,1,-1.019,6,3,1.738,3,2,-0.028,2.287,4,2,3,0,0.0,3,4,1,1,5,1.502,2,3,4,1.735,214.65,1
1,4,2,2,1,0,0.069,5,5,4,-1.141,5,5,31.81,0,1,3,-0.975,0.46,1,0,1,-0.15,2,0,-0.466,1,1,-0.524,-0.847,2,5,0,3,0.0,5,2,2,6,3,0.394,3,4,0,-0.56,0.0,0
5,1,4,4,1,0,2.722,0,0,0,-1.062,3,5,22.54,5,3,5,-0.144,-0.101,4,0,2,1.201,2,3,1.722,7,1,-2.428,-1.289,5,3,0,6,0.0,0,1,1,2,7,-0.026,7,1,2,0.609,0.0,0
2,7,2,0,1,0,-1.907,1,0,1,0.192,1,6,24.44,0,0,3,1.173,-0.442,3,0,2,-2.581,4,0,1.218,7,0,-1.19,-1.495,5,1,4,0,0.0,1,4,4,7,6,0.03,4,1,3,-0.749,0.0,0
0,4,0,2,2,0,1.95,2,1,0,1.283,0,3,26.94,5,2,3,1.018,-0.583,1,0,0,1.408,2,5,-2.674,7,3,-0.579,0.272,4,3,0,3,0.0,5,7,4,5,3,0.041,4,0,2,-0.437,0.0,0
1,2,5,3,3,0,2.581,0,3,1,0.493,4,2,34.44,1,1,4,-0.847,0.356,1,0,0,0.113,2,2,1.426,5,1,-0.921,0.182,2,2,4,3,0.0,4,3,4,4,1,-0.023,2,4,2,0.733,0.0,0
2,7,1,6,4,0,-1.225,2,4,5,-0.634,5,4,31.77,2,4,1,2.507,1.873,3,0,4,-0.31,5,1,-0.613,7,1,0.249,-3.961,1,5,5,5,0.0,0,3,2,0,1,0.951,7,3,5,0.38,0.0,0
1,1,1,5,2,0,-1.386,0,4,4,-0.837,5,4,22.7,4,0,3,-1.189,0.73,2,0,0,-0.723,1,5,1.097,6,1,0.528,1.411,3,0,2,2,0.0,4,3,4,1,4,-0.047,7,3,5,-0.146,0.0,0
3,7,4,5,3,0,-1.19,3,0,3,-4.158,5,2,25.12,7,1,2,0.941,-0.167,3,0,0,3.035,3,2,-1.397,4,3,0.277,-0.071,1,2,3,7,0.0,0,3,4,6,7,-0.857,7,5,4,-0.838,0.0,0
1,4,5,1,2,0,0.792,2,3,5,-0.856,0,5,13.34,2,7,4,-3.596,-0.047,3,0,2,-1.391,7,0,-0.86,0,5,-2.345,0.89,3,1,2,6,0.0,3,4,0,6,1,-0.583,4,1,3,-0.582,0.0,0
4,5,3,3,2,1,3.582,4,4,0,-0.498,3,2,34.49,0,2,3,4.089,-0.464,1,1,1,4.066,0,5,3.57,3,2,0.631,2.827,4,5,2,4,0.0,0,1,0,0,7,2.435,6,0,1,2.304,57.57,1
5,5,2,5,1,0,-5.809,3,1,2,-3.172,1,1,26.99,3,5,4,-3.596,-0.715,5,0,2,-1.933,6,5,-1.427,0,0,-2.677,-0.797,1,3,4,2,0.0,1,5,1,6,4,-3.707,6,1,2,-3.208,0.0,0
5,2,0,4,0,0,0.722,4,4,3,-0.609,3,1,30.56,3,4,1,1.284,1.297,2,1,5,0.582,4,4,0.755,2,5,-0.275,1.636,4,2,1,1,0.0,5,5,4,1,7,0.919,3,3,3,0.041,0.0,1
2,2,1,1,4,1,0.436,5,2,0,0.254,5,1,42.86,3,1,2,0.857,-0.758,0,0,4,-1.44,1,5,-1.933,4,2,-0.68,-0.326,5,4,3,0,0.0,1,4,3,7,5,1.479,2,3,3,0.722,123.73,1
2,3,2,3,4,0,-2.971,5,2,4,0.827,2,7,19.36,1,3,3,-1.917,0.579,1,0,1,-0.463,5,2,-0.973,5,0,-0.533,1.647,0,4,2,0,0.0,5,6,1,0,5,-1.527,3,3,3,-1.328,0.0,0
0,4,1,2,3,0,-0.591,5,4,1,-2.228,0,4,23.73,1,4,1,-1.106,-0.203,3,0,5,-1.579,0,2,-3.035,1,1,-3.037,-4.048,1,2,2,0,0.0,0,2,2,7,3,-0.661,3,5,1,-0.406,0.0,0
1,1,0,2,5,0,-1.117,3,5,5,1.749,3,2,28.01,3,0,3,1.434,1.883,4,0,5,-1.702,3,1,-3.379,6,1,0.486,-2.179,1,5,5,3,0.0,4,7,0,7,1,-0.617,2,1,5,-0.793,0.0,0
2,1,3,3,3,0,-0.474,3,5,0,1.515,5,6,37.22,4,1,5,-1.578,0.928,2,0,3,-3.715,3,1,0.226,7,3,-0.286,2.08,0,5,0,3,0.0,4,4,1,4,1,0.256,4,4,2,-0.848,0.0,0
3,4,0,1,0,0,-0.856,5,0,0,-0.2,5,6,32.1,7,3,4,-0.608,-0.847,0,0,1,0.107,3,2,0.728,5,1,-2.254,0.466,3,3,0,0,0.0,4,2,0,1,2,0.36,2,2,0,-1.121,0.0,0
4,1,5,3,2,0,2.154,0,1,5,3.531,2,3,25.73,4,7,3,-1.038,-1.325,1,0,5,1.759,7,2,3.868,5,5,-0.643,-0.178,4,1,3,5,0.0,2,4,2,4,1,0.272,4,2,0,0.694,0.0,0
0,5,0,6,4,0,-2.9,2,4,3,-2.34,4,3,32.63,2,3,4,-0.581,-0.911,3,0,5,-2.2,7,4,0.363,7,1,0.759,-1.981,5,4,3,3,0.0,0,1,4,7,0,-1.923,2,2,3,-1.487,0.0,0
4,1,4,6,5,0,2.353,3,0,4,0.777,4,2,26.24,6,0,1,-2.881,-0.548,3,0,1,0.602,1,0,-1.14,1,1,1.15,2.048,4,2,3,5,0.0,5,4,4,1,2,0.622,1,5,5,1.037,0.0,0
2,5,1,3,3,0,-0.907,3,2,2,-0.685,4,7,33.63,1,3,0,-0.843,0.829,4,0,3,-1.142,0,5,-1.11,6,2,-1.547,-3.126,1,0,4,5,0.0,1,3,3,4,0,-1.005,5,4,1,-0.522,0.0,0
4,0,1,1,3,0,1.303,0,4,1,2.326,2,4,40.51,4,5,0,-0.794,-1.106,4,1,4,1.953,7,1,-0.477,6,3,0.431,2.153,5,1,4,3,0.0,3,2,2,5,1,0.972,1,1,0,1.932,193.34,1
4,7,1,0,0,0,1.923,2,5,3,1.987,3,0,21.09,4,6,4,-0.922,0.436,0,0,4,-1.358,2,3,-2.476,6,3,1.536,1.913,5,0,4,0,0.0,2,7,4,3,2,-0.196,2,1,0,-0.675,0.0,0
3,6,0,4,3,0,3.141,2,4,1,-0.22,4,2,27.96,5,3,1,0.113,1.148,5,0,3,1.852,3,2,1.509,4,0,0.34,1.491,2,1,5,2,0.0,3,1,0,5,4,0.88,7,2,3,1.141,0.0,0
5,3,5,4,1,0,1.451,4,2,4,1.419,1,4,31.29,0,2,1,0.294,2.073,0,0,5,0.675,5,4,1.175,1,3,-0.895,1.526,5,2,5,0,0.0,4,7,5,4,5,0.298,6,3,1,0.559,0.0,0
2,5,3,5,4,1,0.033,5,1,3,-1.35,4,3,43.2,3,0,3,1.941,0.022,0,1,0,-1.415,3,1,1.08,2,3,-3.133,1.456,0,4,1,1,0.0,4,4,1,5,0,1.621,6,3,0,1.173,103.71,1
1,2,1,4,1,0,0.471,5,3,5,-3.267,3,1,27.53,4,7,4,-0.713,-1.028,0,0,4,3.882,4,0,-3.222,7,3,0.602,-0.064,0,2,3,7,0.0,3,0,3,4,4,-0.074,4,1,2,-0.206,0.0,0
1,3,1,1,4,0,-0.627,0,2,3,3.898,1,0,23.53,7,0,5,-0.41,-1.796,0,0,3,1.053,4,1,0.762,6,1,1.298,0.714,3,3,0,7,0.0,5,6,4,7,3,-0.53,2,4,1,0.652,0.0,0
0,2,3,3,1,0,0.873,0,5,2,1.684,5,4,31.57,2,2,5,-1.446,-1.349,3,0,1,3.231,2,1,0.33,0,0,-0.841,-1.458,3,0,3,0,0.0,3,2,0,3,5,0.062,1,3,1,-0.239,0.0,0
2,2,2,7,2,0,-0.252,2,1,5,-0.435,5,6,26.44,1,1,1,0.19,0.084,3,0,1,0.337,0,3,1.98,3,4,0.409,-2.385,2,4,0,4,0.0,0,5,0,1,6,-0.12,3,3,2,-0.682,0.0,0
5,1,1,0,2,0,-1.559,4,2,4,-0.741,5,0,26.61,5,0,4,-2.359,-0.943,5,0,0,-0.166,0,5,0.059,0,4,-0.785,-0.866,1,4,4,3,0.0,5,4,2,2,5,-1.985,5,1,3,-0.579,0.0,0
2,7,0,2,5,0,-2.336,2,0,2,-2.243,3,0,19.33,1,6,1,-1.515,0.973,4,0,4,-4.453,4,3,-1.902,4,3,-4.096,-3.523,0,5,4,1,0.0,3,2,0,7,5,-2.059,1,4,1,-2.673,0.0,0
1,4,5,0,0,0,0.088,5,4,4,1.392,3,6,36.59,6,7,3,0.089,-0.24,3,0,3,1.213,4,1,-0.5,6,2,0.384,3.645,4,3,4,6,0.0,5,2,5,7,4,0.555,4,1,5,0.772,0.0,0
3,4,2,2,2,1,2.093,0,1,1,1.241,1,2,26.94,0,3,1,0.284,-1.613,5,1,5,0.216,1,1,1.666,2,2,-0.048,0.024,3,0,0,2,0.0,0,2,2,2,1,0.16,4,5,3,1.135,129.98,1
0,1,3,7,2,0,2.337,2,3,1,-1.853,1,0,34.38,7,5,2,2.843,1.967,5,1,1,1.111,1,0,2.358,5,5,-0.244,2.226,5,2,1,3,0.0,1,6,3,4,6,1.476,2,0,2,1.161,146.62,1
0,2,4,2,1,0,0.879,3,4,1,0.529,0,2,23.6,0,1,1,2.15,0.464,2,0,0,-0.65,7,1,1.463,3,5,-1.172,-0.041,0,2,2,7,0.0,4,7,4,7,7,0.06,5,0,5,-0.254,0.0,0
4,2,0,5,4,0,-3.485,3,5,0,2.89,0,4,30.0,2,5,5,-0.959,0.352,4,0,0,0.065,4,1,1.284,6,0,-0.097,1.431,2,3,0,2,0.0,3,7,0,0,4,1.303,3,1,2,0.35,0.0,0
2,7,5,3,2,0,-0.233,0,1,5,-2.161,5,2,32.84,1,0,1,-2.374,0.507,0,0,2,3.309,2,5,-2.084,5,1,-1.462,-0.96,3,2,0,1,0.0,5,4,1,7,2,-0.835,2,3,2,-1.013,0.0,0
0,4,2,4,5,0,-3.585,1,3,3,-2.206,4,5,19.46,0,3,5,-0.176,-1.626,5,0,1,-1.204,2,2,1.198,5,1,-0.442,-1.193,0,2,3,0,0.0,4,0,1,7,5,-0.749,7,0,5,-0.367,0.0,0
4,6,1,6,5,0,-1.981,4,4,3,0.095,2,0,33.27,0,4,4,0.1,0.589,1,0,1,-0.218,2,0,0.102,1,2,0.85,-2.359,5,5,1,2,0.0,5,5,1,3,4,-0.592,6,1,2,-0.817,0.0,0
3,1,5,1,2,0,1.312,3,2,5,0.539,2,0,32.0,7,7,0,0.053,-0.626,5,1,2,0.242,4,3,0.314,0,0,1.391,1.895,4,3,5,0,0.0,2,7,5,3,3,1.109,5,2,4,1.029,102.54,1
2,7,5,3,2,0,0.139,3,4,3,-0.014,1,7,33.75,5,1,0,-2.559,-0.221,5,0,1,0.075,2,3,-1.466,3,2,1.967,1.11,1,1,0,5,0.0,3,0,1,1,1,0.221,4,0,4,0.752,0.0,0
0,2,5,5,1,0,0.013,1,3,2,-1.183,2,6,24.49,3,0,4,2.632,-1.546,3,0,2,0.522,0,2,-0.734,5,4,0.244,0.736,2,4,0,3,0.0,3,6,4,6,0,0.733,2,4,4,0.725,0.0,0
2,1,4,7,1,0,-1.667,2,0,2,1.489,3,1,33.79,7,2,4,1.674,1.239,4,0,0,-2.428,7,1,-1.869,5,2,-1.196,0.068,5,3,0,3,0.0,1,2,3,6,1,0.25,5,5,1,0.136,0.0,0
0,2,4,5,0,0,1.069,2,5,5,1.202,1,7,19.39,1,5,0,-0.15,1.029,5,0,3,-0.546,7,3,1.919,7,1,0.873,-0.505,2,5,0,5,0.0,0,3,1,3,0,-0.103,6,4,5,-0.133,0.0,0
3,5,5,2,0,1,-0.683,4,0,5,-0.413,3,3,41.36,2,0,5,1.232,-0.637,4,0,0,3.756,4,3,-1.458,6,5,1.326,-0.565,4,4,3,2,0.0,4,3,0,3,4,1.461,2,4,0,1.326,152.54,1
2,3,1,7,0,0,-0.335,1,0,4,-1.106,5,6,22.66,7,5,2,0.404,1.45,1,0,1,0.821,7,0,-0.18,0,2,0.914,2.549,0,2,2,6,0.0,2,2,4,0,3,0.244,0,4,0,0.05,0.0,0
4,6,0,1,3,0,1.697,0,1,2,-1.867,1,1,24.24,3,5,5,-0.761,-0.573,5,0,4,1.682,3,1,0.41,5,4,0.731,-0.734,4,4,2,0,0.0,5,4,1,1,2,-0.287,7,4,2,-0.055,0.0,0
0,5,3,3,3,0,1.573,0,4,3,1.129,3,6,27.89,3,4,5,2.517,0.123,1,0,4,-1.878,4,5,1.674,4,3,0.27,0.767,2,5,5,4,0.0,2,3,3,4,1,0.61,5,4,4,1.273,0.0,0
3,7,2,4,2,0,0.393,3,2,4,-0.606,4,3,31.52,4,6,2,3.369,-1.209,0,0,5,-2.734,7,2,2.168,5,1,-0.995,-0.592,0,5,2,6,0.0,2,3,0,4,1,0.253,5,3,2,0.117,0.0,0
3,0,3,1,3,0,-0.115,3,1,2,0.653,1,2,24.76,5,7,3,-0.112,0.991,2,0,2,1.283,7,2,-3.425,5,4,0.411,0.826,1,0,5,3,0.0,4,6,0,0,7,-0.522,2,0,5,0.058,0.0,0
1,0,4,7,0,0,-1.496,1,1,2,-1.314,0,0,28.03,3,5,0,0.449,0.932,2,0,4,-1.208,3,0,1.053,1,3,-0.351,-1.211,4,3,5,6,0.0,3,1,4,4,4,-1.174,1,0,2,-0.586,0.0,0
1,6,5,4,1,0,-0.632,3,0,4,-1.101,2,3,26.87,3,6,1,-1.992,0.413,3,0,3,-1.983,2,2,-1.351,1,4,-3.248,-2.769,1,2,2,1,0.0,5,2,1,7,5,-0.626,7,3,2,-1.688,0.0,0
2,0,3,1,0,0,-3.217,4,3,2,-0.887,3,0,32.33,6,7,1,-0.354,-1.231,2,0,0,-1.034,3,1,1.246,1,3,-2.966,2.569,0,2,5,6,0.0,2,7,1,5,1,-0.793,4,1,0,-0.013,0.0,0
2,6,3,5,5,0,-0.795,2,0,2,2.334,0,1,27.09,1,0,5,3.531,-0.808,4,0,5,-2.289,3,4,-2.502,4,5,0.243,-0.995,4,2,4,0,0.0,0,4,5,4,4,-0.859,4,0,5,-0.341,0.0,0
1,1,3,0,5,0,-2.784,0,3,1,-0.85,4,1,21.4,1,2,5,-1.422,-1.821,0,0,4,-4.535,2,3,-0.002,4,2,-1.348,-5.496,4,4,2,3,0.0,2,3,2,3,2,-2.699,5,3,2,-2.188,0.0,0
1,1,0,4,3,0,-0.065,5,4,3,2.002,0,2,36.63,0,6,5,1.579,-1.456,4,0,5,-1.258,5,1,-2.554,4,0,0.519,1.523,1,2,1,0,0.0,4,5,4,1,1,-0.381,0,5,4,0.879,0.0,0
5,4,4,2,4,0,-0.747,3,3,5,0.379,5,7,28.05,1,0,1,-1.04,0.415,1,0,1,-3.574,6,4,-1.982,3,0,-1.268,0.755,0,2,4,0,0.0,0,3,4,7,1,-1.529,4,3,4,-0.788,0.0,0
0,5,2,6,1,0,-2.144,4,2,4,0.227,2,5,24.15,1,5,0,-1.536,-1.387,2,0,4,2.335,1,3,-0.828,0,1,-2.762,0.093,3,0,2,0,0.0,4,6,2,0,1,-0.902,6,3,1,-0.608,0.0,0
0,1,2,0,1,0,-0.067,4,0,5,2.592,2,5,27.37,5,0,1,4.146,-0.884,3,0,0,1.568,3,1,-0.298,6,4,0.764,0.559,4,3,4,6,0.0,3,7,3,2,7,0.896,1,0,4,0.612,0.0,0
0,3,0,5,3,1,4.695,3,5,2,4.681,5,5,37.82,3,3,2,3.243,0.166,5,1,2,-2.458,4,0,1.399,5,3,3.859,4.11,1,4,1,7,0.0,3,2,5,7,3,2.993,3,0,3,2.984,65.01,1
0,4,3,7,3,0,2.12,1,3,3,-0.025,3,5,25.95,2,3,5,2.848,-1.892,2,0,3,-0.191,0,4,-0.001,0,5,1.196,2.261,1,0,5,4,0.0,3,0,5,3,7,0.147,6,4,3,0.836,0.0,0
4,5,3,3,5,0,-1.818,2,2,2,-1.221,3,2,45.44,6,4,1,-1.082,-0.118,1,0,1,1.258,2,0,-0.039,2,2,-2.633,0.358,5,2,3,2,0.0,3,2,4,3,6,-0.971,5,4,3,-1.23,0.0,0
4,0,2,3,0,0,0.298,0,4,0,-1.083,1,4,33.37,3,1,3,-2.079,-0.673,5,0,3,3.142,3,1,-3.781,4,2,-1.922,-2.574,3,5,4,1,0.0,0,0,1,4,6,-1.405,4,0,2,-1.268,0.0,0
2,0,4,4,4,0,-2.276,0,5,3,-1.09,3,1,25.74,4,2,0,0.903,0.285,0,0,4,-0.854,4,1,0.309,4,1,1.271,0.831,4,2,4,4,0.0,3,6,3,4,0,-0.4,4,3,0,0.329,0.0,0
1,5,0,2,2,0,1.831,4,3,3,0.704,1,3,53.33,5,6,2,-0.965,0.503,0,1,3,-0.608,5,3,2.562,2,5,-0.893,3.192,5,5,0,1,0.0,5,1,5,5,5,-0.013,3,4,0,0.427,116.81,1
2,0,2,2,0,1,0.711,4,3,4,1.149,2,7,30.82,6,1,0,2.095,-1.112,0,0,5,-2.555,2,2,0.339,0,0,0.143,1.494,3,4,0,0,0.0,4,0,5,2,6,0.651,6,1,0,1.216,118.98,1
4,2,3,0,4,0,2.926,2,1,0,1.088,5,7,27.96,2,4,5,1.335,-0.925,4,1,2,2.54,5,2,-0.415,1,4,0.609,-0.836,0,0,2,3,30.98,2,6,5,7,1,2.166,2,2,2,1.219,221.84,1
3,5,1,1,1,0,-1.554,5,1,0,2.275,1,0,32.94,2,6,5,1.552,1.046,1,1,4,-2.401,2,2,2.132,2,1,-0.155,0.035,2,5,3,5,0.0,0,6,4,3,7,0.762,3,2,2,0.855,124.8,1
1,6,1,5,4,0,-0.348,4,0,1,-1.855,1,7,31.94,6,2,5,-0.681,-0.003,1,0,2,-4.602,0,5,-1.157,4,5,-3.194,-2.924,1,3,1,6,0.0,1,2,1,0,1,-1.759,2,5,4,-1.616,0.0,0
1,1,4,1,2,0,-1.004,3,0,0,-0.117,5,1,18.66,4,0,5,-1.697,-0.935,3,0,4,-0.531,3,0,-3.606,5,1,-2.164,-3.599,4,3,3,7,0.0,2,3,0,2,5,-0.945,4,2,2,-1.697,0.0,0
3,4,2,5,4,1,2.146,5,4,4,4.01,5,6,37.21,0,2,2,0.558,-0.441,4,0,3,0.952,6,2,1.035,2,0,0.607,1.123,0,4,2,2,7.38,0,2,5,1,0,1.792,0,1,1,1.533,0.0,1
0,6,0,0,5,0,-0.052,1,2,5,0.226,1,1,31.67,0,7,2,-1.419,0.609,2,0,1,-1.774,5,2,-1.336,1,1,-1.653,-0.135,0,2,3,3,0.0,5,4,4,3,5,0.155,7,5,1,-0.981,0.0,0
5,0,1,5,3,0,2.757,3,3,0,4.483,2,5,27.36,4,3,4,1.046,-0.272,3,1,2,0.53,3,4,-2.351,0,1,2.745,-1.248,1,1,3,3,84.38,1,1,5,6,4,1.64,3,0,0,1.378,0.0,1
2,6,2,6,3,0,-0.927,5,4,1,-0.947,2,1,21.46,3,0,0,-2.746,-0.535,4,0,0,-1.202,7,4,-2.552,0,3,-1.742,0.189,3,1,4,3,0.0,4,0,4,5,4,-0.24,5,3,4,-1.193,0.0,0
1,0,5,3,2,0,-0.255,2,1,0,-1.769,3,1,31.52,4,2,4,-0.403,0.51,1,0,4,-0.421,1,2,0.177,4,1,-0.546,-1.306,1,1,4,4,0.0,3,5,0,0,3,0.162,1,5,0,-0.261,0.0,0
1,7,0,0,5,0,-0.537,5,2,2,0.632,2,2,19.92,3,4,2,-0.729,0.171,5,0,4,3.853,7,2,1.459,4,1,-2.974,0.569,1,4,5,0,0.0,3,6,4,0,2,-0.288,4,0,0,-0.866,0.0,0
0,0,5,2,4,0,-0.524,1,0,1,-2.266,1,4,21.7,0,1,3,-0.162,1.706,0,0,3,-3.253,1,1,2.284,6,0,-2.145,1.963,4,4,0,5,0.0,2,4,3,0,7,-0.007,7,0,2,-0.246,0.0,0
3,6,3,4,4,0,-3.616,2,0,5,-0.02,4,2,23.1,5,0,0,-1.783,-1.158,3,0,3,-3.708,0,2,2.427,2,0,-4.114,-3.535,1,4,3,6,0.0,5,3,4,1,4,-1.451,2,4,0,-1.254,0.0,0
2,7,4,4,3,1,0.639,5,4,5,1.124,0,6,22.78,3,4,5,0.227,0.201,4,0,4,4.632,6,4,5.09,3,0,1.64,1.444,1,1,1,6,0.0,5,5,2,1,2,1.804,2,4,0,1.878,85.93,1
1,3,3,0,2,0,-0.667,1,3,2,-0.862,5,2,28.92,4,7,1,-0.094,-1.129,5,0,1,3.44,2,4,1.569,4,2,-0.855,-1.071,3,3,4,5,0.0,0,0,0,6,5,0.857,2,3,5,0.859,0.0,0
1,5,1,3,1,0,-0.976,2,2,3,-2.2,2,1,22.38,4,5,3,-0.274,-0.783,5,0,1,0.618,1,1,-2.723,5,0,-3.097,-0.532,1,3,3,7,0.0,5,3,0,3,4,-1.583,7,0,3,-1.843,0.0,0
1,0,0,4,2,0,-1.718,0,3,5,-1.731,0,2,31.14,0,7,0,0.149,1.605,2,0,4,0.486,2,1,0.203,0,3,0.392,-1.159,1,5,5,0,0.0,1,2,5,0,1,-0.651,7,2,0,-0.846,0.0,0
4,5,3,6,3,0,-1.96,3,1,1,0.098,0,1,25.31,7,5,0,0.792,-0.261,3,0,4,-2.04,3,4,-0.86,5,5,-2.181,1.873,2,3,1,1,0.0,1,6,5,3,2,-0.708,6,0,5,-0.508,0.0,0
4,1,0,7,0,0,-0.528,0,0,3,-1.951,3,6,31.55,2,6,5,-1.242,-0.549,0,0,4,1.454,6,4,-1.276,4,2,-1.003,-1.549,2,5,3,5,0.0,0,4,1,1,0,-0.974,2,2,2,-0.524,0.0,0
3,2,2,1,4,0,-0.959,1,5,3,-1.206,5,3,38.14,3,4,2,-0.19,0.354,2,0,4,-1.042,1,3,-1.271,0,1,1.871,0.859,4,1,3,1,0.0,3,4,4,2,0,0.444,5,3,0,0.989,0.0,0
0,0,2,3,5,0,-2.788,5,5,3,-0.616,4,1,28.9,5,0,1,1.344,-0.267,5,0,3,-1.911,1,0,-0.118,7,2,-0.851,1.501,1,0,1,4,0.0,1,6,3,3,3,0.15,6,4,3,-0.895,0.0,0
0,2,1,2,1,0,-2.195,5,1,1,-1.556,5,5,27.98,1,2,0,-1.584,-1.031,5,0,5,-0.107,4,1,2.5,6,2,-0.187,0.239,2,2,5,3,0.0,1,6,5,5,5,0.105,5,4,0,-0.379,0.0,0
1,6,3,4,2,0,0.14,4,0,5,-1.63,2,4,35.47,0,1,3,0.757,-1.422,1,0,2,-1.599,2,1,2.338,1,5,0.252,0.923,1,0,3,0,0.0,2,4,0,1,2,-0.373,0,3,2,0.217,0.0,0
1,7,2,4,1,0,-0.211,0,0,0,0.855,3,6,26.79,0,6,1,-1.24,-1.249,1,0,5,2.137,4,5,1.82,7,1,0.263,-0.652,3,1,4,3,0.0,2,7,5,4,6,-0.595,5,0,2,0.054,0.0,0
5,6,2,0,3,0,0.847,3,0,3,3.076,4,0,30.6,0,2,2,0.758,0.513,4,0,5,1.009,0,1,-2.399,6,4,1.198,-0.356,0,3,0,7,0.0,5,6,4,4,3,0.496,3,3,2,1.355,0.0,0
4,3,4,3,0,0,-0.219,4,3,2,-0.864,1,1,38.36,3,6,3,-1.146,1.3,3,1,5,5.141,6,5,1.32,1,1,-0.518,0.131,0,1,3,2,0.0,3,1,5,5,7,0.314,0,3,4,0.138,0.0,1
2,6,0,7,5,0,2.116,4,2,5,-1.386,0,7,30.56,2,0,1,-1.972,-0.673,2,0,2,5.396,2,3,-0.879,7,0,-0.196,0.319,4,3,1,6,0.0,3,5,4,1,1,-1.141,4,5,4,-0.199,0.0,0
4,5,1,3,2,0,-0.611,3,0,5,-1.744,5,4,19.69,0,7,1,-2.238,0.187,1,0,4,-0.726,4,4,0.202,6,1,-2.919,0.452,0,0,5,0,0.0,4,4,3,2,5,-1.541,4,3,5,-1.71,0.0,0
2,0,1,5,1,1,2.495,2,0,5,2.22,3,7,32.67,3,6,5,2.747,2.211,3,0,5,-0.245,1,5,2.779,6,5,1.485,1.074,1,5,2,6,0.0,5,4,2,7,4,0.593,7,5,2,1.78,0.0,1
2,1,4,6,2,0,0.402,2,3,2,0.054,4,7,44.7,3,5,5,4.39,-0.525,4,1,3,2.814,5,2,4.032,6,1,0.677,4.743,0,4,1,3,0.0,1,5,4,4,7,1.466,5,0,4,1.453,66.7,1
3,0,5,0,4,0,-2.351,1,1,4,-0.904,1,3,28.29,7,6,5,0.244,-0.034,3,0,0,-2.942,3,2,-3.675,1,5,-3.121,-1.156,4,4,2,4,0.0,0,6,0,3,5,-1.861,3,4,2,-2.287,0.0,0
5,6,1,2,5,0,-1.038,4,4,4,-0.08,2,2,28.69,5,1,0,0.487,-0.013,0,0,2,-1.198,0,2,-0.525,7,2,-3.563,-0.731,0,5,0,0,0.0,4,5,4,4,1,-1.294,5,3,5,-0.638,0.0,0
2,0,0,4,4,0,0.684,0,2,0,-0.463,5,1,30.03,6,6,1,3.366,0.801,0,0,2,-1.13,2,4,0.95,5,3,-1.236,1.237,4,3,1,1,0.0,1,4,1,2,3,0.223,5,5,2,-0.251,0.0,0
4,1,3,6,5,0,1.768,2,1,4,-1.461,0,1,26.84,2,1,4,-0.034,0.428,4,0,1,2.846,7,4,0.565,2,0,1.505,-1.718,2,3,0,5,0.0,2,3,3,3,5,-0.213,4,5,1,0.845,0.0,0
3,4,1,1,5,0,-0.781,4,3,2,-1.601,5,5,19.8,6,0,2,1.532,0.042,0,0,4,-4.232,0,1,-0.806,2,2,-1.284,-2.392,2,3,3,2,0.0,2,4,5,2,6,-0.512,6,5,0,-0.738,0.0,0
1,6,3,7,3,0,-1.291,2,1,0,0.661,3,2,41.43,4,1,0,-0.674,-2.196,5,1,2,-0.317,4,4,1.133,1,0,0.509,-0.825,1,3,2,3,0.0,4,1,5,5,2,0.261,1,1,1,0.373,183.48,1
4,4,0,6,3,0,5.203,5,5,2,4.3,1,7,36.43,3,1,2,2.575,1.98,4,1,0,0.062,4,4,-0.749,6,4,4.895,2.198,2,0,5,7,0.0,2,0,1,4,7,1.273,6,0,0,1.316,0.0,1
0,7,2,0,4,0,1.044,3,3,2,1.53,3,2,45.79,1,7,2,2.51,-0.657,3,1,3,6.134,2,2,4.177,4,3,0.236,-0.391,4,1,1,0,0.0,0,6,3,3,2,1.584,3,3,3,1.458,28.72,1
0,5,1,5,5,0,-2.3,1,0,4,-0.212,2,5,30.3,3,3,0,3.482,-0.489,4,0,2,-3.642,0,0,0.669,5,5,-1.721,-2.182,3,3,1,3,0.0,1,7,4,6,0,-1.039,7,1,2,-0.978,0.0,0
1,0,1,2,2,0,0.156,2,5,1,-3.133,3,1,30.86,5,4,5,-0.566,-1.027,2,0,1,0.05,1,4,-4.927,6,2,-1.012,-0.982,1,3,3,3,0.0,1,7,4,0,7,-0.718,6,2,5,-1.167,0.0,0
1,5,2,7,2,0,-0.502,2,2,2,-0.842,2,1,24.65,6,7,3,-1.301,0.904,4,0,1,-0.071,7,3,-0.265,4,4,-2.368,-0.185,5,1,1,5,0.0,5,6,5,5,1,-0.074,7,3,5,0.292,0.0,0
0,2,4,5,1,1,0.535,3,0,1,1.805,0,5,41.02,0,7,4,-0.066,-2.439,2,0,0,0.662,4,5,0.752,4,5,2.296,-0.676,4,2,2,4,0.0,3,6,4,4,5,0.988,6,1,5,1.453,134.15,1
1,4,1,3,2,0,-0.986,4,1,0,-2.543,5,7,34.94,2,6,0,-1.461,-0.081,3,0,2,-1.528,1,5,-0.922,6,5,-1.12,-2.226,1,1,0,0,0.0,3,7,4,3,6,-1.272,5,2,2,-1.262,0.0,0
5,2,5,3,1,0,0.583,2,5,4,-0.608,3,2,21.17,2,4,2,0.064,1.554,5,0,4,2.419,3,0,-2.029,3,3,1.079,-2.43,0,2,0,0,0.0,4,6,4,0,0,-0.219,2,1,0,-0.357,0.0,0
3,5,3,5,4,0,0.819,0,4,3,-1.726,5,2,32.9,1,7,4,0.46,1.27,0,0,0,0.449,5,5,-0.388,2,2,1.337,-1.468,2,0,4,7,0.0,0,3,0,5,7,1.211,2,5,5,-0.286,0.0,0
0,6,5,2,1,0,-0.305,0,0,5,0.413,3,5,30.19,2,7,3,2.358,-0.507,4,0,0,-3.293,5,3,-1.994,2,4,-0.369,1.139,3,5,0,5,0.0,1,0,2,0,0,0.084,3,0,2,-0.347,0.0,0
4,4,4,4,3,0,0.16,3,0,1,2.672,5,7,49.4,6,3,2,0.123,0.636,5,1,0,1.543,3,2,1.31,7,5,0.74,0.64,4,5,0,2,0.0,3,5,2,0,2,1.699,4,3,4,1.046,0.0,1
0,7,1,6,0,0,-2.799,0,1,5,-0.561,5,0,25.63,1,7,1,0.582,-2.329,4,0,0,-2.451,3,0,0.718,1,5,-0.911,0.523,4,2,3,3,0.0,2,3,0,4,6,-1.048,4,5,4,-0.804,0.0,0
3,5,2,1,3,0,-0.381,1,3,4,-1.112,1,2,31.83,4,0,5,1.832,-0.769,3,0,1,0.315,6,1,-0.388,1,1,-0.317,-1.034,4,0,5,1,0.0,5,6,0,5,0,0.152,5,3,3,-0.05,0.0,0
1,5,2,5,4,0,-0.898,4,3,5,-3.624,5,3,18.65,5,4,2,1.644,-0.311,1,0,3,-0.53,2,2,1.188,0,2,-0.744,-2.182,4,4,0,4,0.0,2,1,4,7,6,0.073,1,5,2,-1.248,0.0,0
1,4,0,3,5,0,0.416,3,1,1,-1.736,2,6,17.91,6,6,5,1.672,-0.863,1,0,1,1.651,4,1,2.747,4,0,-1.24,0.601,4,5,3,1,0.0,1,4,2,5,6,0.365,7,0,3,-0.044,0.0,0
1,3,1,3,0,0,-0.308,2,3,3,-0.03,5,2,34.46,1,1,5,0.11,-1.462,1,0,2,-3.945,6,3,-0.386,1,0,0.892,0.1,3,0,2,2,0.0,1,2,5,3,2,0.899,0,4,3,0.053,0.0,0
5,0,1,1,3,0,-0.904,1,2,3,0.656,4,0,22.69,7,4,5,0.13,1.769,3,0,5,-0.768,3,3,-0.491,7,0,-2.138,1.201,4,2,0,6,0.0,1,4,5,6,1,-0.488,1,0,4,-0.602,0.0,0
2,2,4,7,3,0,-0.795,4,2,1,-0.32,3,6,23.87,6,3,0,-0.49,-1.181,2,0,0,-0.24,3,4,0.98,6,0,-0.094,0.343,5,4,1,4,0.0,2,7,1,0,3,0.719,6,1,4,0.21,0.0,0
1,3,5,0,3,0,-2.132,2,0,5,-2.207,4,3,27.79,7,5,3,0.146,-1.868,3,0,4,2.793,6,3,0.699,7,1,0.075,1.97,3,1,3,5,0.0,1,2,1,0,5,-0.68,1,2,4,-0.234,0.0,0
2,5,4,3,0,0,-1.334,0,4,4,0.334,2,5,19.97,7,2,5,0.299,0.569,0,0,3,0.276,2,2,1.012,7,1,-0.125,1.126,5,4,1,1,0.0,5,7,0,4,3,0.426,4,4,2,1.012,0.0,0
4,7,4,6,4,0,0.904,3,0,5,1.051,2,6,22.75,2,3,0,3.06,1.72,4,1,3,-1.032,7,1,2.798,1,0,1.096,-0.81,2,2,2,5,0.0,1,2,4,4,2,1.36,5,1,4,1.534,138.72,1
4,0,1,5,3,0,-0.86,0,5,2,0.958,5,1,17.87,3,5,3,1.456,0.034,0,0,0,-1.718,4,1,-0.711,4,1,-1.265,-1.677,4,2,0,1,0.0,5,2,3,6,7,-0.569,7,0,2,-0.223,0.0,0
3,5,4,5,3,0,3.526,1,2,2,0.731,1,3,24.35,4,6,4,1.307,-0.288,4,0,5,-0.094,7,1,0.477,5,1,0.551,-1.478,4,2,4,4,0.0,1,0,1,5,4,1.052,5,0,4,0.972,0.0,0
3,6,5,2,4,0,-0.266,4,4,1,1.258,3,0,40.48,5,6,1,2.423,1.227,4,1,1,-2.559,5,0,-0.679,7,2,1.231,-0.005,0,5,0,5,0.0,2,6,2,6,0,1.193,3,5,5,1.899,104.67,1
5,6,2,5,3,1,1.08,0,4,1,1.249,5,1,43.94,3,4,4,3.247,1.511,1,0,1,0.113,2,5,-1.453,3,2,2.879,-0.156,4,4,3,4,0.0,0,3,2,0,2,1.102,5,1,0,1.503,235.88,1
3,5,3,7,1,0,1.924,0,5,5,-0.383,0,4,29.57,0,2,1,1.366,-0.331,4,0,1,5.335,5,0,3.873,4,0,-0.966,2.455,3,1,3,2,0.0,1,4,3,6,5,0.116,5,0,2,0.895,0.0,0
2,5,5,0,0,0,-1.162,3,3,2,0.701,3,5,34.11,6,7,3,-1.547,-0.242,4,0,4,-1.47,3,3,0.238,2,3,0.1,3.613,3,5,2,4,0.0,5,0,0,5,1,0.592,2,5,3,0.329,0.0,0
3,1,2,5,5,0,-0.22,4,4,0,0.208,2,3,29.32,6,2,0,1.3,0.755,1,0,4,1.376,4,5,0.98,5,3,-0.416,0.769,5,2,3,1,0.0,4,4,2,2,4,0.023,7,1,3,0.286,0.0,0
3,6,1,1,5,0,-2.245,3,2,0,1.78,0,7,36.76,2,4,4,1.272,0.836,2,0,2,-2.52,0,3,-2.659,1,4,-1.093,-1.394,2,1,5,5,0.0,0,5,0,4,0,-0.322,0,5,5,-0.964,0.0,0
2,2,1,1,1,0,0.007,5,1,4,-0.788,1,0,30.58,4,5,5,-0.139,-0.109,3,0,0,-1.564,5,5,-2.339,5,0,-3.035,-1.942,2,3,3,0,0.0,0,3,1,3,3,-1.64,3,4,4,-0.916,0.0,0
5,6,2,0,3,0,0.803,3,4,1,-0.376,3,4,26.86,5,4,2,-1.18,1.048,3,0,4,0.524,7,2,2.561,2,1,0.371,0.743,0,1,2,2,0.0,1,2,3,3,7,-0.002,2,3,2,0.572,0.0,0
1,0,3,0,2,0,-1.483,2,0,0,-0.856,3,0,30.2,6,2,3,0.786,1.504,4,0,0,1.367,6,2,0.266,3,5,-0.432,0.385,2,0,0,3,0.0,0,0,0,7,5,-0.536,3,2,0,-0.282,0.0,0
1,2,2,1,3,0,0.192,1,5,5,-2.134,3,2,22.28,7,4,5,-1.412,-0.162,0,0,4,-0.739,2,0,-1.981,1,5,-1.426,-2.868,0,1,2,7,0.0,3,3,4,1,3,-0.885,0,0,5,-1.311,0.0,0
1,4,5,2,0,0,1.486,4,4,0,-0.841,5,4,20.83,2,4,0,-1.727,0.356,2,0,3,1.048,2,5,0.409,5,5,-0.907,2.123,3,5,4,2,0.0,1,4,1,0,3,0.448,7,3,0,0.797,0.0,0
4,3,4,5,0,0,-0.555,2,2,3,-0.537,0,7,25.56,3,5,1,0.994,-0.465,2,0,5,0.023,3,5,2.714,3,3,0.832,-0.185,2,2,5,3,0.0,2,0,5,3,3,0.814,0,2,4,0.483,0.0,0
0,6,2,5,0,0,0.343,1,4,1,1.774,0,3,27.85,5,2,4,-2.853,0.456,4,0,4,2.687,2,0,1.484,5,5,1.661,-0.172,5,0,4,6,0.0,3,0,2,5,0,0.665,3,3,5,0.302,0.0,0
1,0,5,3,3,0,-2.818,3,4,4,-1.338,5,5,21.23,2,2,0,-2.577,-0.5,5,0,4,-2.598,6,4,-1.466,5,2,1.079,0.027,5,4,0,5,0.0,0,2,5,4,0,-0.096,4,2,3,-0.681,0.0,0
3,3,2,7,5,0,1.703,1,1,5,-2.431,1,5,31.21,4,2,4,-1.976,-0.709,2,0,5,0.26,6,5,1.144,1,4,-0.074,-1.904,5,3,5,0,0.0,2,0,3,1,6,-0.841,4,3,2,-0.846,0.0,0
0,7,2,0,0,0,0.576,4,3,0,2.693,2,2,27.25,0,4,1,-3.183,0.194,0,0,4,-0.821,4,5,-3.69,0,0,-1.737,1.064,5,3,0,2,0.0,5,1,1,5,1,-0.977,1,0,1,-0.245,0.0,0
0,7,0,2,5,1,-0.471,0,5,5,1.717,0,2,43.46,1,1,3,2.813,0.95,3,1,2,0.835,6,4,2.389,7,5,1.677,0.162,1,4,1,2,0.0,5,5,4,0,6,2.79,5,3,1,2.249,212.42,1
0,2,1,0,1,0,-2.562,5,0,3,-1.391,2,0,27.49,1,3,0,-0.411,1.1,5,0,1,-1.542,0,2,-3.489,4,0,-1.256,-3.126,2,3,0,2,0.0,4,4,2,1,6,-1.182,1,1,4,-0.491,0.0,0
0,6,5,5,3,0,-2.087,5,0,1,0.057,5,0,18.17,0,4,0,1.84,-0.086,3,0,1,1.243,6,1,-1.167,1,1,1.706,-2.053,2,1,0,3,0.0,3,4,1,3,7,-0.978,4,0,2,-1.316,0.0,0
4,7,3,6,3,0,-2.383,3,4,0,-1.504,0,2,35.27,6,7,4,-1.087,0.18,1,0,5,0.361,2,0,-1.516,0,2,-2.386,-2.66,5,4,3,5,0.0,5,5,4,7,1,-1.043,0,4,5,-1.417,0.0,0
3,3,3,2,3,0,-0.421,4,2,0,1.041,0,1,37.85,0,1,2,3.147,1.054,3,0,1,1.654,5,5,-0.526,3,3,-0.923,-0.44,1,5,5,3,0.0,1,6,2,3,0,-0.171,5,4,4,0.027,0.0,0
1,6,5,5,2,0,0.573,3,1,3,1.302,5,7,23.51,5,5,4,-2.79,-1.396,3,0,0,1.885,0,1,-1.588,4,5,-1.362,-1.369,2,5,0,2,0.0,4,1,2,4,0,-0.522,0,3,0,-0.426,0.0,0
4,4,5,7,5,0,2.269,5,4,4,0.974,5,6,25.85,7,7,0,-1.037,-1.778,4,0,4,-2.018,4,2,1.462,0,2,0.533,1.378,2,4,2,0,0.0,0,3,1,4,4,0.337,2,5,3,0.523,0.0,0
4,5,2,3,4,0,-0.17,2,2,2,-1.346,1,4,20.49,3,4,0,-0.997,-1.295,5,0,5,-2.527,5,1,0.97,4,0,1.45,2.398,1,4,1,2,0.0,5,1,2,1,2,-0.454,6,0,4,-0.504,0.0,0
3,1,2,3,5,0,-2.125,0,1,1,-0.794,5,0,40.21,5,3,2,0.831,1.118,0,0,3,-3.579,7,4,-0.437,7,2,-1.985,-1.351,1,4,5,0,0.0,0,6,4,0,3,-0.655,3,0,4,-0.806,0.0,0
2,2,0,3,1,0,1.975,0,3,0,1.426,5,6,45.75,5,3,1,-1.186,0.752,5,1,5,2.362,4,4,-1.381,5,4,-0.295,1.272,3,1,0,1,0.0,0,3,1,2,6,0.051,4,1,0,0.273,52.38,1
5,4,1,2,2,0,1.184,2,2,2,-1.132,3,6,35.14,5,0,4,0.568,-0.449,0,0,4,1.2,7,3,-0.262,6,4,-0.97,0.744,2,0,2,5,0.0,2,2,4,6,0,0.106,5,3,0,-0.14,0.0,0
3,0,2,0,5,0,1.311,3,1,3,1.472,5,6,26.59,5,5,5,-3.236,0.437,2,0,3,1.302,6,1,-1.043,3,0,2.326,-1.71,0,1,2,1,0.0,3,6,4,4,2,-0.236,7,1,1,0.036,0.0,0
3,1,5,2,0,0,-1.576,3,5,2,-0.041,3,0,24.23,6,6,4,0.895,1.713,1,0,3,-1.145,7,0,3.151,2,1,1.41,2.684,5,1,0,6,0.0,5,0,2,5,4,0.369,4,3,3,0.139,0.0,0
2,2,5,1,0,0,2.209,3,4,0,1.769,2,4,38.06,3,5,5,4.187,0.325,1,1,4,-0.246,6,0,0.989,7,0,1.531,-1.363,4,1,3,5,0.0,5,0,1,4,1,0.588,5,1,0,0.754,0.0,1
4,7,4,7,0,0,-1.273,5,2,3,1.996,5,6,21.74,7,6,4,3.031,1.369,0,0,4,-0.968,3,1,0.525,7,2,-0.176,2.371,5,5,0,1,0.0,4,4,4,5,2,1.232,6,4,1,1.126,0.0,0
2,3,4,7,2,0,0.938,0,1,4,0.28,5,1,27.31,2,7,2,-0.176,0.492,4,0,4,0.34,7,3,0.724,0,0,0.719,-2.303,2,3,5,0,0.0,2,2,0,4,1,-0.592,4,5,3,0.021,0.0,0
2,7,5,6,3,0,-0.972,2,2,4,-1.629,5,3,35.64,0,5,2,2.51,-0.524,0,0,5,3.312,7,5,3.383,2,0,-1.336,-0.78,1,3,0,2,0.0,0,7,4,4,5,-0.169,2,1,5,-1.144,0.0,0
1,2,1,2,5,0,-2.303,0,4,2,0.659,4,0,28.63,7,5,5,0.026,1.69,0,0,5,0.008,5,3,-0.791,0,0,-1.659,-3.975,2,4,0,3,0.0,4,5,5,1,4,-0.371,7,4,1,-0.422,0.0,0
3,7,0,3,5,0,1.395,3,2,5,-2.489,0,0,35.95,4,1,4,-2.227,0.0,4,0,3,-0.12,4,0,0.486,6,5,-2.507,0.404,5,4,5,4,0.0,5,5,3,7,3,-1.337,0,0,0,-0.658,0.0,0
0,0,0,4,2,0,0.581,5,2,0,2.837,5,5,14.01,6,6,0,0.639,-0.835,2,0,5,0.41,6,3,2.626,4,5,-0.263,-1.047,2,2,1,5,0.0,1,3,5,6,0,0.521,1,5,4,0.047,0.0,0
5,3,2,7,4,0,-1.336,4,3,0,0.928,3,6,23.72,7,5,2,-1.27,-1.446,3,0,4,-0.571,6,0,2.432,1,1,-2.325,-2.186,3,4,5,1,0.0,3,4,1,1,6,-0.582,6,1,5,-0.728,0.0,0
4,2,3,0,2,1,0.435,2,0,5,1.201,5,7,37.19,6,7,0,2.889,0.478,5,1,1,-1.627,3,5,3.711,0,3,1.248,1.327,1,4,4,0,0.0,0,6,2,0,6,1.317,0,1,5,1.335,109.85,1
4,7,3,4,2,0,0.714,0,0,0,1.459,1,3,24.95,5,3,3,-1.382,-1.323,4,0,5,-0.235,5,1,2.058,2,3,1.237,0.249,0,0,1,6,0.0,2,1,3,0,3,0.178,5,3,5,0.444,0.0,0
1,4,2,6,2,0,2.304,5,2,1,0.568,2,6,31.15,5,3,3,1.23,1.385,4,0,1,2.549,6,2,-0.368,3,3,0.484,-0.851,0,2,4,3,0.0,0,1,4,2,3,-0.831,0,2,1,-0.596,0.0,0
5,2,3,4,0,0,1.227,2,1,0,0.868,1,7,24.15,6,0,0,1.05,0.19,1,0,1,-0.492,5,5,4.008,7,2,1.018,-0.242,3,0,3,7,0.0,1,1,2,7,7,0.586,2,3,5,0.981,0.0,0
0,3,2,0,1,0,-1.802,2,4,0,-2.27,5,7,31.7,4,4,4,-3.002,-0.391,2,0,2,-1.626,3,2,2.642,2,2,0.158,-1.964,2,5,1,2,0.0,2,0,4,4,0,-1.685,5,4,5,-0.878,0.0,0
3,2,1,5,3,0,2.594,0,1,0,1.916,1,4,29.9,4,1,1,-0.716,-0.388,5,1,1,1.262,4,5,0.072,6,0,0.161,1.322,3,1,3,4,0.0,4,7,0,2,2,0.382,5,2,3,0.527,112.48,1
5,1,1,7,5,0,-2.394,5,2,3,-1.901,1,2,30.14,6,7,0,-7.89,0.164,1,0,5,-0.658,1,2,-1.162,1,0,0.292,-3.88,2,2,2,4,0.0,3,0,5,1,2,-1.823,5,0,3,-1.985,0.0,0
4,0,1,3,4,1,1.696,1,0,2,2.986,5,4,43.5,3,1,5,1.77,1.165,3,1,2,2.261,5,4,1.068,1,5,0.747,1.152,1,1,3,0,0.0,1,3,0,5,7,1.386,2,4,5,1.35,51.95,1
2,6,2,3,2,0,-0.8,4,1,1,-0.157,1,0,30.01,6,4,2,-3.301,0.369,3,0,4,0.425,0,5,-0.798,6,5,-2.799,-4.093,1,0,5,7,0.0,0,6,3,1,0,-0.383,2,4,1,-1.403,0.0,0
2,0,3,4,4,0,-4.719,2,5,1,-4.918,4,3,25.38,6,2,2,-2.574,0.659,3,0,4,-2.806,4,3,-1.14,6,1,-3.455,-3.602,0,0,5,0,0.0,5,2,1,3,4,-2.013,2,4,5,-1.759,0.0,0
0,0,4,2,2,0,-0.489,5,0,2,0.09,5,2,31.03,7,7,0,-1.389,1.699,1,0,2,0.246,4,4,-1.204,3,3,0.001,-2.179,3,4,3,7,0.0,0,5,5,2,1,-0.691,5,2,0,-0.559,0.0,0
5,4,0,4,5,0,-0.412,0,2,3,-0.861,2,6,24.28,1,6,5,-0.828,0.103,1,0,2,0.877,6,0,2.518,4,1,-1.234,-1.249,1,3,2,6,0.0,5,4,3,4,4,-0.478,0,0,2,-1.202,0.0,0
4,2,0,1,3,0,1.133,0,0,3,4.198,5,4,30.52,3,2,4,3.457,0.798,5,0,4,-0.328,7,0,0.441,3,4,-0.077,0.888,4,2,5,2,0.0,4,6,2,2,3,-0.076,1,3,3,0.112,0.0,0
3,4,3,3,3,1,1.181,4,5,2,0.738,5,2,28.73,2,7,4,2.245,1.309,3,1,1,2.135,7,5,1.887,7,3,1.405,3.295,4,1,0,0,0.0,4,6,0,6,1,1.697,0,3,4,2.342,152.68,1
4,4,3,3,4,1,4.143,4,2,3,0.695,3,0,39.5,3,7,3,-0.442,-1.119,4,1,0,2.365,0,2,4.439,5,0,-0.966,2.543,4,4,4,3,0.0,1,7,1,3,5,1.47,7,2,4,1.346,61.7,1
5,6,1,1,5,0,-1.451,5,1,3,-2.06,3,7,19.93,2,4,4,-2.388,-0.183,3,0,1,-1.653,0,0,-2.172,4,3,-0.641,1.059,1,5,5,3,0.0,1,6,1,1,4,-0.981,3,4,0,-1.517,0.0,0
3,0,3,0,2,0,1.982,4,2,1,-0.433,1,7,34.62,7,2,3,0.088,0.196,4,0,3,2.204,6,5,-1.196,6,1,0.892,3.264,5,0,2,7,0.0,4,4,0,3,7,-0.14,2,2,1,0.035,0.0,0
4,1,3,5,4,0,1.121,4,0,0,-0.43,5,7,29.65,4,1,0,-0.226,1.765,4,0,5,3.426,2,0,3.397,0,2,-0.957,-1.934,2,0,2,1,0.0,3,0,5,1,6,0.36,4,2,5,0.23,0.0,0
3,3,5,3,3,0,0.332,4,5,2,1.057,1,2,31.2,2,6,2,0.061,0.978,0,0,3,1.479,7,5,-1.051,3,2,-2.745,2.041,4,1,3,3,0.0,3,5,3,1,7,0.555,6,2,0,0.475,0.0,0
2,3,4,6,4,0,0.41,3,5,4,2.065,0,2,36.14,0,7,3,-1.002,1.006,5,1,2,4.643,2,0,-1.228,4,3,2.13,1.069,2,2,4,3,0.0,0,2,5,4,7,1.593,1,2,1,1.601,168.98,1
1,1,3,0,3,0,-0.602,3,0,5,1.538,4,4,32.63,6,2,5,0.932,-0.9,5,0,5,0.156,1,4,-0.402,7,0,2.087,1.876,4,3,1,4,0.0,5,3,4,3,6,0.311,5,4,2,1.288,0.0,0
3,6,3,3,5,0,0.622,4,5,0,1.211,4,6,27.82,3,2,1,-0.041,-0.231,5,0,4,-1.547,1,0,-3.807,2,5,-2.447,-1.471,1,5,3,3,0.0,2,3,1,6,2,-1.169,2,2,1,-1.839,0.0,0
4,0,4,0,5,0,2.696,1,4,2,1.656,0,5,32.22,5,2,5,0.163,-1.121,5,0,5,3.559,2,0,0.73,5,0,0.754,-2.628,5,3,1,2,0.0,1,2,1,6,4,-0.422,5,2,1,0.084,0.0,0
4,2,3,1,5,0,-1.112,1,2,5,0.247,2,2,30.23,6,1,5,-0.823,-0.929,1,0,1,1.046,2,1,-1.135,3,2,-1.728,-0.183,4,5,4,7,0.0,4,3,1,1,1,-0.998,3,0,5,0.054,0.0,0
3,5,4,4,3,0,1.906,0,0,1,0.238,4,3,31.5,5,4,4,-1.477,0.661,4,0,5,-2.532,5,4,1.103,0,2,-0.259,0.95,5,3,0,2,0.0,2,1,1,4,5,0.839,0,5,5,0.353,0.0,0
5,2,1,1,1,0,-1.023,1,5,4,-0.286,2,3,25.49,3,2,0,-1.66,0.049,4,0,1,0.48,6,3,0.577,4,1,0.952,0.387,4,3,4,0,0.0,2,7,4,5,3,-0.503,0,4,0,-1.036,0.0,0
4,7,4,3,1,0,-2.131,0,0,2,0.101,5,0,21.35,6,5,3,-0.608,2.004,1,0,2,-2.5,0,4,1.251,0,5,-1.969,-0.9,2,0,2,4,0.0,4,5,2,3,0,-0.185,6,0,1,-0.652,0.0,0
1,4,2,2,3,0,-1.222,3,1,0,-1.715,4,4,25.78,0,2,5,1.253,-0.015,2,0,5,1.215,6,5,0.198,5,3,0.75,0.973,0,5,0,6,0.0,5,3,2,6,7,-0.561,7,4,3,-0.243,0.0,0
5,5,2,7,2,0,-0.428,2,1,5,0.925,1,2,22.89,2,3,0,2.002,0.562,1,0,3,-0.276,4,3,2.087,7,3,1.112,0.074,4,3,5,4,0.0,2,3,3,6,0,0.976,3,3,0,0.903,0.0,0
5,0,0,1,4,0,-1.194,4,0,4,-0.685,4,7,28.96,5,5,2,-3.564,-0.013,0,0,5,0.544,1,0,0.182,3,5,0.192,-3.069,4,0,3,1,0.0,3,2,5,6,4,-1.172,6,3,4,-1.129,0.0,0
1,7,3,3,0,0,-2.212,4,0,2,3.46,0,7,31.84,3,3,3,1.327,0.623,4,0,2,4.63,3,2,-2.349,3,2,1.64,1.413,1,5,4,6,0.0,5,1,1,6,4,-1.627,3,5,4,-0.871,0.0,0
4,5,2,6,2,1,-0.139,5,0,3,1.342,5,0,39.91,1,3,2,-1.772,1.585,5,1,4,-1.048,1,4,3.899,7,0,0.672,-0.407,5,5,4,5,0.0,0,7,1,6,6,0.017,7,4,2,-0.204,80.05,1
2,2,5,1,4,0,1.879,0,3,2,1.852,3,1,31.66,7,5,2,-0.573,0.849,5,0,2,-1.253,6,1,1.795,3,4,-0.976,-0.39,4,0,1,6,0.0,5,0,1,0,3,0.875,2,3,0,0.382,0.0,0
1,7,2,3,4,0,-2.89,4,4,2,-1.685,1,3,22.9,4,0,4,1.002,1.892,1,0,5,-1.562,7,4,-0.611,0,1,-1.702,-0.822,0,4,5,6,0.0,0,4,3,1,4,0.293,7,0,4,0.037,0.0,0
5,3,5,5,3,1,2.763,2,2,3,0.431,0,6,34.41,1,0,5,2.784,0.505,5,1,1,-0.344,1,2,1.273,4,1,2.817,4.23,4,4,3,4,0.0,1,2,2,0,3,2.799,6,2,3,1.693,236.1,1
0,0,4,1,5,0,-1.033,5,4,2,0.511,5,0,38.83,7,6,4,-0.18,0.8,3,0,0,1.952,2,4,0.374,0,0,1.684,-0.059,1,4,5,1,0.0,3,6,0,5,2,-0.237,5,0,3,0.441,0.0,0
2,1,3,6,4,0,-1.827,1,4,3,-0.454,5,6,25.84,1,0,4,-1.343,1.336,2,0,0,-2.455,1,1,-2.044,5,3,1.062,1.312,5,2,1,2,0.0,3,2,1,1,0,-0.198,7,0,5,-0.168,0.0,0
1,6,0,5,1,0,1.435,2,1,2,1.869,0,6,31.28,2,5,1,2.232,-0.399,5,1,0,3.444,6,0,1.338,5,0,2.016,0.004,0,1,5,5,0.0,4,6,2,2,4,1.373,4,2,5,2.293,0.0,1
2,4,1,1,0,1,-1.356,1,1,3,1.144,5,4,34.05,4,3,0,0.025,-0.318,3,0,5,-3.02,1,2,0.762,3,2,2.282,-0.832,5,3,0,2,0.0,0,6,3,3,0,0.21,7,4,4,0.461,0.0,1
2,0,5,7,2,0,3.471,2,3,3,-0.71,3,3,35.92,4,0,2,0.935,2.088,3,1,0,0.561,1,1,4.269,1,3,-1.386,2.176,5,5,3,4,0.0,0,5,4,4,7,0.818,2,3,4,1.503,35.94,1
4,0,1,1,2,0,1.761,2,1,3,0.362,0,3,33.47,5,0,4,0.606,0.648,4,0,4,-3.641,5,2,-0.904,1,2,-1.198,0.84,0,1,1,4,0.0,0,3,0,3,4,-0.793,2,4,4,-1.354,0.0,0
3,0,1,5,4,0,-2.015,2,2,3,-1.52,0,0,28.01,1,3,5,-0.052,-0.574,0,0,4,1.037,3,4,0.897,3,1,0.939,2.693,2,4,3,0,0.0,1,4,1,5,1,1.653,5,5,5,0.745,0.0,0
2,2,5,0,2,0,-1.349,2,1,4,1.192,5,3,32.21,4,6,2,0.562,0.708,0,1,4,-0.406,5,4,-0.269,0,4,1.478,-0.941,3,3,5,3,0.0,4,1,1,1,3,0.742,1,5,1,0.643,86.81,1
3,5,0,5,1,1,0.313,0,2,5,3.991,3,6,42.2,7,5,5,1.642,-0.025,0,1,2,1.979,0,0,2.754,4,3,3.456,0.867,3,0,2,7,0.0,4,0,0,3,5,2.717,6,2,4,1.922,49.55,1
4,6,0,5,2,0,2.821,0,1,5,0.875,5,0,44.17,4,1,1,-2.294,0.54,3,1,3,3.29,7,5,3.071,6,0,1.675,1.291,0,2,1,2,0.0,5,6,5,1,7,0.887,3,2,3,1.167,0.0,1
4,6,2,0,5,0,0.068,2,0,4,1.796,1,0,38.83,6,6,5,0.209,-0.633,0,0,2,0.057,0,0,4.978,1,0,-1.215,3.465,0,1,1,7,0.0,5,1,0,5,6,0.96,4,0,1,0.427,0.0,0
2,3,5,0,1,1,-0.186,4,1,0,2.202,3,7,23.29,7,5,2,2.356,0.448,4,1,4,0.222,6,4,-1.943,2,4,1.549,1.695,4,4,2,6,0.0,5,2,4,3,1,1.963,1,1,1,1.64,0.0,1
3,4,0,2,4,0,-0.76,0,2,5,-1.487,5,4,26.32,6,6,2,1.532,-0.883,3,0,0,0.868,7,5,-0.833,5,3,-1.468,-2.007,2,3,2,1,0.0,1,7,5,5,1,-1.711,5,5,1,-1.373,0.0,0
3,7,5,5,0,0,-2.152,2,4,2,2.367,5,2,45.72,3,6,5,-3.228,-0.189,4,0,4,-1.089,2,0,1.643,3,1,-0.535,-1.949,4,0,1,5,0.0,0,5,4,1,2,-0.798,6,5,2,-0.705,0.0,0
5,7,4,7,3,0,0.91,5,0,0,-2.578,3,2,37.77,1,3,4,-1.139,-0.039,5,0,3,-2.493,7,1,-0.467,0,0,-0.981,0.197,0,4,1,3,0.0,4,1,0,0,6,-0.375,2,4,4,-0.828,0.0,0
1,1,3,4,1,0,-0.304,2,3,5,-3.378,0,6,29.35,0,3,4,-4.915,0.53,4,0,4,0.761,5,4,0.344,4,4,-1.891,-0.06,0,2,3,2,0.0,0,3,3,3,4,-1.484,1,5,3,-1.333,0.0,0
0,2,1,0,0,0,-1.522,5,1,0,0.18,2,4,22.88,5,7,4,-0.045,-0.01,4,0,1,-0.775,4,3,0.73,6,2,-0.532,0.032,1,1,1,0,0.0,0,4,5,4,5,-0.32,2,1,1,0.178,0.0,0
2,5,0,0,4,0,3.312,2,0,1,1.211,1,3,30.32,2,0,0,0.676,0.163,2,0,4,1.71,6,1,-0.095,7,5,-0.769,-0.056,1,5,0,1,0.0,2,2,3,5,2,-0.526,4,4,2,0.438,0.0,0
4,1,2,4,2,0,2.87,1,5,2,-0.53,5,1,19.11,5,5,3,-2.114,0.777,1,0,4,-0.412,4,3,0.927,0,5,1.599,0.374,0,5,2,3,0.0,5,6,2,5,7,0.474,3,3,2,0.225,0.0,0
0,0,3,2,3,0,1.038,0,2,3,2.272,0,5,45.75,0,7,5,1.692,-1.496,5,1,4,1.838,2,0,-0.579,1,0,0.129,3.865,0,4,3,4,0.0,4,5,2,3,0,1.715,1,5,2,1.527,154.09,1
1,2,1,1,1,0,0.842,2,5,4,-2.607,4,3,28.74,2,4,3,0.375,-0.362,3,0,5,0.514,5,3,-1.151,5,2,-0.636,-2.768,2,5,4,2,0.0,4,6,3,0,6,-0.596,5,5,2,-0.646,0.0,0
3,4,5,1,4,1,-0.852,0,3,5,0.327,1,5,30.99,5,1,4,-0.875,0.3,3,1,0,1.366,3,3,-0.366,1,4,1.608,2.237,3,4,4,5,0.0,4,2,0,1,1,0.563,7,1,1,1.21,0.0,1
3,2,3,5,2,0,1.374,4,2,1,-0.132,2,6,27.38,5,6,2,0.408,-1.693,0,0,3,-0.867,6,3,-0.235,5,1,1.813,-0.083,4,0,4,3,0.0,2,4,3,2,2,0.777,2,0,0,1.093,0.0,0
3,1,5,1,5,0,1.12,2,1,0,-3.113,2,3,21.02,5,1,0,0.445,-0.101,4,0,4,-3.223,5,2,-0.459,3,0,-1.315,-0.248,0,1,3,0,0.0,1,0,2,1,6,-0.958,7,3,0,-1.811,0.0,0
1,6,3,1,5,0,0.559,3,5,5,0.525,2,1,36.56,1,4,4,-0.89,-1.354,4,1,4,0.303,6,5,0.26,5,4,0.889,1.89,2,3,0,2,0.0,0,3,3,5,4,1.017,6,5,0,0.282,26.47,1
3,7,4,7,1,0,-2.23,3,2,3,-0.607,5,0,26.96,2,4,1,1.682,-0.185,0,0,4,2.921,7,4,-1.433,1,1,2.512,3.38,3,2,2,6,0.0,0,4,2,6,6,1.18,7,2,5,0.969,0.0,0
5,6,1,7,2,0,-0.085,5,5,2,-0.22,0,6,21.84,5,3,2,-2.591,-1.076,2,0,3,-4.697,1,2,-2.586,5,3,-2.738,-2.672,2,3,4,2,0.0,5,0,5,6,4,-2.038,4,5,1,-2.546,0.0,0
1,3,0,2,3,1,1.928,1,0,4,1.063,5,6,34.57,6,3,4,-0.641,0.673,4,1,1,2.787,1,0,0.942,7,5,-1.036,0.112,0,3,2,4,0.0,1,6,0,4,0,2.355,6,2,1,2.24,41.63,1
5,2,0,3,1,0,0.827,4,3,5,1.324,5,0,46.66,6,6,0,1.796,0.967,0,1,3,-0.5,5,0,0.442,6,3,2.436,-0.596,3,4,4,4,0.0,2,2,5,0,2,1.132,0,3,1,1.284,60.59,1
0,3,0,0,5,0,-2.519,5,2,3,0.043,2,4,34.75,3,1,2,-1.956,1.371,5,0,1,-2.318,0,3,1.926,3,2,-1.228,-2.57,2,1,2,7,0.0,0,5,3,5,3,-0.996,5,5,5,-0.922,0.0,0
1,7,3,6,2,0,0.579,3,0,0,-2.327,5,1,38.64,2,5,0,0.35,2.329,4,0,3,-0.525,3,3,0.325,1,4,2.084,1.161,2,3,0,5,0.0,5,3,0,6,7,-0.274,4,1,4,0.303,0.0,0
2,5,3,7,2,0,-0.4,2,2,3,-2.34,5,1,28.96,0,3,0,-1.163,-0.079,5,0,4,1.596,2,2,-0.123,0,2,-1.635,-1.897,3,4,1,3,0.0,0,6,1,1,7,-0.31,6,2,5,-0.776,0.0,0
2,4,0,3,1,0,-5.149,2,4,5,0.255,4,2,21.85,1,5,0,-2.663,-0.8,3,0,5,-0.811,2,5,-1.146,3,2,-2.09,-3.472,1,1,4,1,0.0,0,1,0,0,7,-1.108,3,2,2,-1.325,0.0,0
4,7,2,7,0,0,-1.829,1,5,1,2.698,4,7,23.13,5,3,2,3.282,-1.147,0,0,5,-0.505,6,3,-0.574,6,1,1.494,1.225,0,2,1,0,0.0,3,3,0,2,6,1.498,4,3,3,1.04,0.0,0
1,3,0,3,0,0,-1.512,2,0,0,-1.297,1,4,38.56,2,5,3,0.017,-2.581,2,0,5,-4.462,3,0,0.774,1,0,0.897,-0.643,1,1,1,4,0.0,4,6,4,4,2,-0.415,3,4,0,-0.36,0.0,0
5,5,1,4,0,0,-0.921,0,1,3,0.558,3,2,23.77,0,1,4,1.253,0.107,4,0,3,1.613,4,1,-0.528,2,5,3.099,1.842,2,4,1,2,0.0,2,5,1,7,0,0.522,7,1,1,0.619,0.0,0
1,1,1,2,0,0,-1.16,3,5,4,-2.758,4,3,22.36,0,6,3,-2.303,-0.795,4,0,4,-1.934,3,4,-1.954,0,4,-0.345,0.272,0,0,5,3,0.0,1,2,2,5,7,-0.182,3,3,4,0.04,0.0,0
2,0,1,4,0,0,-2.755,5,1,1,1.899,0,5,28.44,2,5,1,5.228,1.493,5,0,0,4.048,7,3,0.81,5,2,1.356,0.481,4,2,1,1,0.0,5,0,1,0,7,0.452,1,0,2,0.748,0.0,0
5,0,4,3,0,0,-0.391,5,2,1,-0.934,4,7,27.36,6,6,4,-3.036,-0.302,1,0,2,-1.513,3,1,-0.385,3,4,-2.425,-1.205,5,5,2,7,0.0,3,4,2,4,4,-0.214,2,3,4,0.066,0.0,0
1,5,5,7,0,0,-2.334,2,2,4,-1.635,1,6,25.78,0,1,3,-4.134,-0.118,1,0,1,-2.086,6,2,-1.239,0,3,-1.794,-3.229,0,2,3,5,0.0,3,3,2,1,5,-2.282,7,2,3,-1.85,0.0,0
0,3,4,1,4,0,-0.287,2,0,0,-2.677,5,6,17.3,1,0,0,-3.389,0.369,1,0,2,2.112,7,5,-1.477,4,2,-0.392,-1.939,3,4,5,0,0.0,1,6,4,0,3,-1.325,3,0,4,-0.6,0.0,0
3,4,0,6,3,0,0.797,2,2,2,-2.455,2,5,25.87,4,0,2,1.484,-0.502,4,0,2,2.675,3,0,3.364,7,0,-0.804,-2.335,0,5,0,5,0.0,0,0,5,2,3,0.668,7,1,5,0.834,0.0,0
4,1,0,7,3,0,-2.036,3,4,0,1.464,2,0,18.01,0,4,2,2.106,1.872,2,0,3,-2.492,6,5,2.767,0,4,-0.141,-1.664,2,2,5,3,0.0,3,3,3,5,0,-0.945,5,5,3,-0.877,0.0,0
0,7,4,6,0,0,0.731,4,2,4,1.145,3,2,33.3,4,4,3,-1.861,0.109,3,0,4,0.724,0,3,-1.351,2,0,-1.317,-1.362,5,4,2,3,0.0,1,3,2,6,6,-0.556,5,1,3,-0.864,0.0,0
3,5,1,5,4,0,0.6,3,2,5,-0.385,5,0,27.63,5,4,3,2.035,-1.394,2,0,1,1.209,0,4,-4.619,5,2,-2.554,-3.663,0,3,4,2,0.0,0,4,5,5,7,-0.583,1,2,2,-0.846,0.0,0
3,5,0,7,3,0,-1.034,5,2,0,-0.661,4,4,34.3,1,4,2,-2.425,-1.319,2,0,3,0.034,0,3,0.358,3,2,1.1,-0.494,1,1,5,7,0.0,1,6,3,5,4,-0.919,1,2,0,-1.443,0.0,0
5,0,1,5,5,0,0.043,0,5,4,-2.094,3,0,16.37,3,3,2,-0.165,0.448,0,0,2,-0.124,6,5,1.425,2,5,-1.772,-2.771,1,3,0,7,0.0,0,0,0,6,4,-0.948,6,0,0,-0.044,0.0,0
4,3,4,4,4,0,-1.376,4,0,2,0.324,4,7,32.61,5,7,4,0.944,1.523,0,0,4,0.437,6,1,0.745,6,0,-0.059,0.101,4,0,5,2,0.0,1,5,5,5,5,0.83,7,1,3,0.794,0.0,0
2,5,0,4,5,0,-1.879,1,2,4,-1.19,0,3,28.18,3,7,2,-1.192,-1.378,1,0,5,-3.544,2,1,-0.466,5,3,0.36,-2.213,5,4,5,6,0.0,0,3,1,3,5,-2.18,4,3,4,-1.297,0.0,0
2,6,4,6,4,1,0.903,5,2,4,3.702,5,4,40.37,2,2,0,1.241,-0.96,1,1,1,0.574,2,5,4.119,6,4,2.093,3.429,1,4,2,7,0.0,2,1,3,5,7,3.085,7,5,2,2.166,134.32,1
0,4,3,7,5,0,-4.401,3,0,2,-1.556,2,3,33.26,3,1,3,-3.762,-0.463,0,0,3,-0.764,7,5,-0.94,5,2,-2.683,-1.032,5,0,3,7,0.0,4,0,1,6,0,-0.693,7,1,0,-0.767,0.0,0
1,0,5,2,3,0,-2.663,4,5,4,0.52,1,0,24.7,1,2,1,0.642,1.042,4,0,2,-0.089,3,1,-1.146,4,2,-0.537,-1.188,5,5,1,3,0.0,0,5,0,1,2,-0.179,7,3,0,0.05,0.0,0
5,2,3,2,0,0,-0.818,3,1,3,0.439,4,5,29.57,0,4,1,0.36,1.003,4,0,0,2.128,3,3,0.735,1,5,-3.282,1.679,1,2,0,1,0.0,4,1,2,4,2,-0.777,4,2,3,-0.65,0.0,0
3,7,2,7,3,0,0.646,0,0,0,0.003,0,7,15.41,6,5,5,-2.667,-0.466,0,0,4,-1.441,6,1,-2.051,3,4,-0.42,-2.05,0,1,4,5,0.0,5,6,4,1,3,-0.746,1,3,5,-0.631,0.0,0
5,4,0,2,5,0,-0.656,1,4,2,1.662,2,6,36.6,4,1,0,-0.686,-0.065,0,0,4,1.446,0,2,-2.341,5,4,0.213,0.589,5,1,0,7,0.0,2,3,4,2,0,-0.433,1,5,0,-0.831,0.0,0
0,6,5,4,5,0,0.927,5,5,0,2.443,0,4,26.18,1,0,0,-3.566,-0.529,4,0,0,0.994,7,5,1.44,7,3,0.355,-1.557,0,0,0,6,0.0,2,2,4,4,7,-0.301,0,1,3,0.035,0.0,0
2,0,4,4,2,0,-1.475,2,5,4,-1.797,5,3,30.23,7,0,4,-0.872,0.82,1,0,1,-1.882,7,4,-0.711,2,5,-1.029,-2.928,4,4,3,7,0.0,1,3,4,0,1,-1.631,3,5,0,-2.166,0.0,0
5,1,5,6,4,0,0.287,0,3,5,-1.24,0,6,26.5,5,4,2,-2.138,-0.152,2,0,4,-2.192,6,1,-4.063,3,5,-2.843,-6.212,5,2,1,4,0.0,0,1,0,4,4,-1.899,4,1,0,-1.869,0.0,0
2,7,4,6,1,0,-2.295,2,4,4,-2.184,3,3,29.83,3,5,1,-1.668,0.494,4,0,2,0.258,1,5,1.823,6,2,1.169,-2.318,4,4,1,1,0.0,4,3,2,7,7,-1.037,7,2,5,-0.863,0.0,0
4,2,5,0,4,0,2.22,3,1,0,-0.372,5,0,28.2,7,3,5,0.949,-0.074,3,0,0,-2.597,5,3,-4.355,3,2,0.26,-3.305,2,4,5,6,0.0,1,7,1,2,4,-0.928,3,4,1,-1.497,0.0,0
3,0,2,1,5,0,0.948,2,5,0,-0.775,5,5,27.16,4,3,2,0.401,-0.266,3,0,2,1.063,5,5,1.132,3,0,0.822,0.856,3,4,5,3,0.0,0,5,5,7,2,1.106,5,4,0,0.775,0.0,0
5,2,0,3,5,0,3.468,1,4,0,0.498,4,4,12.96,3,5,1,0.086,0.51,4,0,3,1.177,3,1,3.245,3,0,3.448,3.491,5,2,4,1,0.0,2,0,2,1,2,0.59,2,4,4,1.337,0.0,0
5,6,4,2,5,0,-0.38,3,4,4,-1.824,4,3,17.67,7,2,2,0.024,-0.334,0,0,3,1.344,0,3,-0.695,3,5,0.263,0.522,4,2,5,1,0.0,5,7,2,1,5,0.15,2,2,5,0.35,0.0,0
4,0,2,4,2,0,2.016,0,2,4,0.72,4,2,27.12,1,2,3,-0.33,0.093,4,0,0,2.167,5,1,0.586,1,1,-0.276,1.204,5,1,5,1,0.0,1,2,5,7,4,0.343,1,4,2,0.645,0.0,0
0,0,2,2,0,0,-0.77,0,3,3,-0.537,1,4,32.08,6,0,2,1.107,-0.769,5,0,5,0.087,4,2,-1.85,6,4,-0.256,-1.635,5,5,4,7,0.0,3,0,0,4,1,-0.092,0,3,4,-0.492,0.0,0
2,3,2,3,4,0,-1.509,1,0,5,-1.777,1,1,32.9,3,4,3,0.595,-0.154,0,0,0,0.711,6,2,-3.005,1,1,-0.276,-2.346,1,2,4,2,0.0,0,4,1,5,0,-0.988,1,1,3,-1.139,0.0,0
1,2,0,7,4,0,1.987,3,0,2,0.337,1,4,16.89,0,0,0,0.668,0.181,1,0,4,0.906,2,2,2.637,1,2,-0.574,2.051,3,2,0,0,0.0,0,1,4,7,2,0.075,0,5,3,-0.414,0.0,0
5,5,1,1,1,0,-0.12,1,5,4,0.816,5,7,33.48,2,1,4,0.232,1.057,3,0,0,-1.044,0,5,-3.311,3,4,-2.414,0.348,2,5,0,4,0.0,2,5,3,4,4,-0.694,7,4,1,-0.09,0.0,0
2,6,5,5,4,0,1.035,4,4,0,-1.464,1,1,33.31,3,1,1,-2.652,1.575,0,0,3,-0.257,0,5,1.916,7,5,0.421,-3.194,2,1,0,3,0.0,2,7,2,3,1,-0.471,3,0,2,-0.644,0.0,0
2,2,4,4,4,0,-3.035,1,2,2,-1.068,1,7,21.27,6,2,2,-4.278,1.296,3,0,3,1.754,0,1,-0.84,0,0,0.551,-1.475,4,4,0,3,0.0,3,0,3,2,7,-1.428,7,2,3,-1.285,0.0,0
2,7,0,7,1,0,-0.602,0,4,1,3.489,0,3,34.5,3,4,0,-0.906,-0.746,5,1,3,-0.516,0,0,-1.019,5,3,0.435,0.344,4,1,4,0,0.0,0,4,5,6,1,0.388,4,0,4,1.406,230.73,1
5,0,5,5,2,0,-0.448,1,4,5,0.62,2,5,30.46,7,0,3,-0.159,0.714,5,0,1,0.262,5,3,0.601,2,1,-0.427,1.671,2,5,2,7,0.0,1,7,0,6,6,-0.684,4,2,2,-0.481,0.0,0
1,0,4,7,3,1,0.9,3,1,0,-1.078,5,1,42.51,2,5,3,1.728,1.205,0,0,2,-0.364,5,3,1.695,5,2,-0.903,0.881,5,0,5,6,0.0,4,3,3,0,5,0.807,3,0,4,0.871,233.19,1
0,0,3,4,5,0,2.279,4,2,2,1.458,4,3,28.21,3,4,4,0.245,-1.048,4,0,3,0.381,5,5,0.134,2,5,0.492,-0.184,1,2,2,0,0.0,5,6,0,6,7,-0.472,1,5,2,0.211,0.0,0
1,7,1,3,5,0,1.021,2,5,3,-2.666,5,2,28.9,6,6,2,-1.239,0.22,1,0,0,-2.186,5,2,-1.319,4,5,-3.55,-2.918,0,1,1,4,0.0,4,1,5,5,3,-0.65,3,4,3,-1.244,0.0,0
1,0,5,5,2,0,-3.979,3,4,3,-1.82,4,0,21.64,3,4,3,-0.442,0.568,0,0,0,-1.714,1,4,-0.451,0,0,0.091,0.339,2,4,1,0,0.0,3,1,1,5,1,0.007,6,2,5,-0.799,0.0,0
0,4,3,5,4,0,-3.658,3,5,5,-3.232,4,7,21.53,3,5,1,-2.263,0.37,2,0,0,-4.529,2,2,-3.903,4,1,-2.407,-2.154,3,1,3,6,0.0,1,0,0,6,0,-1.605,5,2,5,-2.421,0.0,0
4,3,0,1,0,0,-0.21,2,2,2,-2.681,5,5,24.23,5,6,1,-0.344,-1.548,5,0,0,-3.553,1,0,1.441,2,1,0.946,-1.634,4,0,0,0,0.0,1,1,5,4,7,0.158,1,5,5,-0.071,0.0,0
3,1,2,1,4,0,2.098,2,1,2,0.848,3,7,45.34,6,3,4,-0.216,-0.554,4,1,2,1.764,0,5,4.107,4,0,2.062,4.083,4,2,2,7,0.0,1,7,4,3,2,1.349,4,5,2,1.875,208.65,1
5,3,5,1,4,0,0.983,1,4,1,-0.176,0,0,30.46,7,5,3,-4.843,0.094,3,0,0,-0.013,5,0,-2.03,3,5,-1.879,0.249,4,4,0,1,0.0,3,2,5,1,2,-1.161,7,3,1,-1.654,0.0,0
4,7,1,3,0,0,0.038,3,0,1,-0.208,2,4,33.34,6,5,5,4.872,-0.511,5,1,1,1.242,2,1,1.484,5,0,3.475,2.713,1,5,4,5,0.0,0,6,1,7,1,1.073,6,4,0,1.797,178.65,1
3,3,1,4,2,0,0.682,0,3,3,-0.161,4,5,25.51,4,7,4,-2.267,-0.143,0,0,5,0.428,5,3,0.416,5,4,0.004,-1.987,0,2,0,3,0.0,0,6,1,0,4,-1.371,7,3,1,-1.544,0.0,0
1,3,0,3,3,0,0.073,0,2,0,-0.87,0,3,31.93,4,1,2,-0.509,0.733,2,0,5,-3.583,6,3,3.326,6,5,-2.629,0.458,4,5,0,3,0.0,1,0,5,1,3,0.499,7,5,1,-0.42,0.0,0
4,2,1,1,5,0,-0.585,2,4,4,2.295,0,0,22.86,4,3,2,-2.879,0.106,2,0,4,1.28,4,2,-2.418,4,1,0.84,-2.063,3,0,1,1,0.0,4,6,0,5,1,0.416,7,1,3,-0.238,0.0,0
0,0,1,6,4,0,-0.01,5,1,1,0.106,1,1,15.87,3,2,5,1.519,-1.245,4,0,1,-3.168,0,2,0.721,5,0,-0.352,-1.388,0,4,1,1,0.0,5,1,2,3,5,-0.352,3,4,0,-0.293,0.0,0
4,1,0,5,2,0,-1.835,0,4,2,1.181,5,1,25.28,6,3,5,0.021,-0.49,5,0,5,-3.163,5,0,-2.003,1,0,-1.69,-1.894,5,5,5,4,0.0,0,3,2,3,0,-1.289,3,2,5,-0.653,0.0,0
4,3,5,1,5,0,-0.103,3,0,4,0.157,5,0,27.06,6,5,0,3.545,0.465,1,0,0,-1.708,0,1,-0.524,5,4,0.942,0.742,3,1,5,1,0.0,5,7,1,0,3,0.704,1,3,0,0.322,0.0,0
5,6,5,6,5,0,-1.368,0,5,5,-0.01,5,4,44.73,6,1,0,2.254,0.506,0,0,1,-1.977,1,5,-2.082,0,2,-0.3,-1.372,0,0,1,5,0.0,2,7,1,4,7,-1.1,6,1,4,-0.289,0.0,0
2,6,4,1,0,0,-1.483,3,5,5,-1.29,0,5,10.98,3,5,2,-2.481,-0.329,1,0,3,-0.236,4,5,-1.002,0,0,0.331,1.394,4,1,4,4,0.0,1,4,4,7,3,-1.624,7,3,3,-0.286,0.0,0
5,2,5,6,4,0,-0.49,4,5,1,-4.142,1,1,19.78,0,3,5,-0.575,0.463,3,0,2,-0.988,6,5,-0.936,6,0,0.348,1.343,4,1,1,5,0.0,3,6,3,3,6,-0.409,7,5,5,-0.362,0.0,0
0,5,4,1,5,0,-1.158,4,0,4,-0.678,0,2,34.44,6,2,5,0.776,0.059,0,0,1,-0.141,2,4,-1.669,1,2,-1.316,-0.843,4,3,2,6,0.0,3,6,1,0,2,-0.347,3,0,0,0.048,0.0,0
4,3,0,3,5,0,-1.871,4,4,4,-1.406,1,6,30.81,3,6,1,0.572,-1.504,1,0,2,0.883,0,3,-1.51,4,0,-1.389,0.596,4,4,2,0,0.0,0,1,4,4,1,0.871,3,1,0,-0.305,0.0,0
5,2,4,0,3,0,1.178,5,1,5,1.189,1,0,33.19,1,7,4,1.81,0.452,4,0,0,0.079,2,5,-0.35,4,2,-2.031,-1.3,4,3,3,6,0.0,5,2,1,3,0,-0.375,7,3,4,-0.739,0.0,0
3,5,1,1,0,0,2.315,1,0,1,0.077,3,3,22.89,4,1,2,1.277,-1.731,1,0,0,2.047,5,0,0.26,0,4,-2.194,0.437,4,0,5,4,0.0,1,7,2,3,6,-0.212,7,3,5,-0.241,0.0,0
4,1,2,7,3,0,-0.649,4,5,1,-1.494,4,2,25.55,6,7,2,-0.241,-1.24,1,0,3,-1.915,1,0,0.832,3,0,-2.075,0.546,0,4,1,4,0.0,2,3,5,6,6,-0.998,3,5,5,-0.975,0.0,0
1,5,5,2,5,0,0.826,3,1,3,-0.724,0,4,33.78,2,4,0,1.889,0.114,1,0,3,3.713,5,4,0.899,3,3,0.272,-1.333,0,5,3,6,0.0,2,3,4,1,5,-0.027,2,1,0,0.494,0.0,0
3,5,0,6,1,0,-1.026,1,0,0,-2.943,3,6,21.52,0,7,5,-0.642,0.494,0,0,2,-0.079,1,5,-2.316,7,5,0.83,1.163,3,5,1,1,0.0,4,5,2,3,2,0.514,5,2,1,-0.209,0.0,0
3,3,1,6,5,0,-1.624,5,1,1,0.647,1,1,26.66,2,5,1,-1.648,0.968,0,0,5,-2.787,2,2,-2.311,4,3,-1.847,0.483,2,1,2,6,0.0,5,0,2,2,7,-1.049,2,4,1,-1.322,0.0,0
0,7,3,0,0,0,-4.316,1,2,0,-0.032,5,4,33.53,3,4,0,-1.791,0.089,0,0,4,-2.598,4,0,0.098,2,1,-2.718,2.038,2,4,5,1,0.0,3,5,3,7,0,-0.881,5,5,0,-1.097,0.0,0
3,0,5,4,1,0,1.217,0,2,1,-2.44,4,4,28.77,3,2,5,0.249,-0.532,4,0,1,-2.273,5,5,0.424,3,4,-1.534,1.051,3,4,1,6,0.0,1,6,0,3,4,-0.461,5,5,4,-0.405,0.0,0
1,5,0,7,2,0,-0.157,3,2,4,-3.222,0,1,27.07,0,4,5,-2.752,0.325,0,0,2,-2.397,2,1,-4.899,2,1,-3.54,-1.506,1,3,3,6,0.0,1,5,5,7,2,-0.786,6,5,4,-0.948,0.0,0
1,6,2,4,2,0,0.719,4,1,5,-0.065,2,3,21.63,5,0,3,-0.166,-0.413,2,0,0,-1.266,3,5,-1.143,0,3,-0.93,-1.263,3,5,5,0,0.0,5,4,2,0,5,-0.536,7,4,5,-0.563,0.0,0
4,6,4,4,1,0,0.29,1,4,3,1.049,4,1,30.52,6,5,0,1.313,0.625,3,0,4,-2.941,0,3,0.816,1,3,1.341,1.332,1,3,3,5,0.0,1,5,0,5,5,0.925,6,5,1,0.887,0.0,0
2,5,0,2,5,0,1.595,3,3,2,-2.145,4,7,25.46,0,4,5,-0.415,0.631,1,0,5,3.57,5,2,-1.366,4,2,-0.766,-0.248,3,3,4,3,0.0,5,6,0,6,2,0.169,1,5,0,0.381,0.0,0
0,7,5,4,0,0,-2.6,5,5,1,1.679,1,6,25.25,3,5,3,1.883,0.436,4,0,2,-0.545,5,3,-3.068,6,4,-1.006,-1.712,0,1,5,1,0.0,0,4,3,5,0,-0.207,4,4,1,-0.207,0.0,0
2,1,1,2,3,0,0.772,2,5,4,1.257,4,5,41.53,6,5,3,0.538,-0.682,3,1,3,1.898,6,4,-2.465,7,1,1.794,-2.344,2,3,5,5,0.0,3,7,1,7,2,1.094,7,1,3,0.153,46.57,1
0,4,1,2,5,0,0.434,1,3,4,2.786,2,0,26.08,5,6,4,-0.119,-1.587,1,0,0,-0.552,1,2,-0.265,1,2,-0.438,0.979,4,2,4,0,0.0,2,1,4,3,4,0.802,7,5,0,0.58,0.0,0
0,6,5,1,3,0,0.261,0,2,0,-1.372,1,5,19.41,4,6,4,0.17,0.538,0,0,2,1.458,3,0,-1.025,3,5,-0.139,0.252,2,0,0,1,0.0,0,3,3,4,5,-0.901,2,0,3,-0.585,0.0,0
5,1,0,1,5,0,0.185,5,4,1,-0.954,5,5,39.68,0,2,5,0.285,-0.078,2,0,4,-1.183,1,0,-1.519,6,4,-1.312,0.847,1,5,4,7,0.0,3,7,1,3,6,-0.161,3,5,1,0.341,0.0,0
2,7,2,1,4,0,-2.998,4,4,4,-1.306,3,4,29.71,5,6,5,-2.314,0.757,4,0,5,-4.623,5,4,-3.218,5,5,0.674,-1.117,0,1,4,6,0.0,4,0,2,0,7,-1.042,6,0,2,-2.416,0.0,0
1,6,4,0,0,0,-3.24,5,5,4,-0.189,1,0,25.76,5,2,1,2.855,-0.252,5,0,3,-4.911,4,4,-1.755,2,3,-1.053,-0.741,0,3,2,3,0.0,1,6,2,7,4,-1.046,6,0,4,-0.609,0.0,0
1,6,2,3,5,0,1.849,0,0,5,-1.389,3,2,32.96,1,7,1,-0.066,2.789,0,0,1,-2.4,7,0,-1.815,3,0,-1.234,-3.015,3,3,4,7,0.0,0,3,5,3,3,-0.844,3,5,5,-0.947,0.0,0
2,0,4,2,1,0,-1.61,0,1,2,-1.204,5,0,40.29,0,7,3,0.689,-1.157,3,0,3,-2.298,3,3,-2.415,4,3,-1.076,-4.253,5,4,5,3,0.0,4,5,4,1,7,-1.005,1,1,4,-1.333,0.0,0
3,6,5,5,0,0,-1.039,0,1,3,-1.558,2,3,13.45,4,0,3,-1.187,-1.643,5,0,0,-2.419,6,2,-0.408,2,3,-3.591,-1.64,3,0,1,5,0.0,0,3,2,7,1,-1.931,1,2,5,-1.22,0.0,0
4,5,5,2,3,0,0.35,1,4,2,-1.823,0,6,31.29,1,4,4,0.109,-0.582,3,0,2,-0.412,3,1,-0.517,5,4,-0.557,0.659,4,0,5,7,0.0,2,3,5,7,5,1.014,4,3,4,-0.371,0.0,0
3,3,4,1,2,0,0.119,2,3,2,-1.397,4,2,31.46,4,1,0,-2.317,0.765,2,0,2,-3.6,3,2,-0.01,0,5,-0.428,-0.254,3,3,2,4,0.0,3,4,4,6,6,-0.114,7,1,5,-0.164,0.0,0
4,3,1,4,4,0,0.99,2,5,5,-0.45,1,5,34.15,5,1,2,-0.767,-2.227,3,0,5,-0.298,6,4,-1.97,6,3,0.037,-2.191,4,0,4,4,0.0,3,2,2,1,2,-0.68,5,3,0,-0.076,0.0,0
2,7,1,6,2,1,2.985,5,1,3,1.483,5,7,29.46,0,0,3,-0.151,0.294,3,0,1,0.065,4,0,0.194,0,2,-0.51,1.686,3,4,5,0,0.0,0,6,0,7,5,-1.092,3,5,5,-0.468,84.74,1
4,6,1,3,2,0,-2.187,5,0,4,0.096,3,2,26.45,1,7,1,-2.042,1.222,2,0,4,0.685,5,2,-2.384,1,4,0.443,-3.407,4,3,2,5,0.0,5,4,2,1,0,-1.382,6,3,5,-0.504,0.0,0
5,4,5,2,2,1,0.936,0,5,0,2.919,2,2,43.23,2,2,5,1.966,2.673,1,1,5,4.941,5,5,2.036,3,1,-0.571,0.877,5,0,5,7,0.0,5,3,3,5,0,1.469,5,0,3,0.653,0.0,1
0,3,4,4,3,0,0.867,1,5,3,0.016,3,7,20.03,0,1,0,-1.749,-1.17,4,0,2,-1.909,0,3,2.359,2,3,0.497,2.156,2,3,3,4,0.0,5,4,0,0,5,0.169,2,4,3,0.723,0.0,0
3,5,2,5,0,0,0.745,4,5,0,0.092,5,3,22.03,3,5,0,2.228,-0.278,5,0,1,2.852,5,4,-0.306,1,0,-1.818,3.296,4,5,5,3,0.0,1,2,5,3,1,0.437,7,0,5,0.569,0.0,0
1,0,2,5,5,0,1.283,4,1,3,-0.665,4,7,30.66,7,3,1,0.545,0.366,5,0,1,-2.077,2,4,-1.158,6,2,-1.753,-0.756,0,1,1,7,0.0,2,4,0,0,5,-1.449,3,4,1,-1.177,0.0,0
1,1,1,2,2,0,-2.976,3,5,0,-1.512,3,5,35.27,3,3,2,-0.74,1.367,5,0,5,-1.468,2,0,-1.533,6,1,-2.949,-1.551,4,0,0,4,0.0,4,7,4,7,4,-0.563,7,5,2,-0.593,0.0,0
2,7,2,1,4,0,-2.127,5,0,1,-2.238,4,1,30.41,6,2,1,-1.944,1.752,0,0,2,-3.785,5,4,1.423,6,4,-3.601,-3.996,3,3,3,3,0.0,5,6,2,1,4,-2.421,4,5,5,-2.378,0.0,0
5,6,2,4,4,0,3.156,0,5,1,3.629,5,5,33.45,4,3,3,0.408,-0.176,0,1,3,-1.008,1,1,1.368,7,4,1.666,0.511,2,1,2,5,0.0,5,1,3,6,4,2.343,6,1,5,1.581,121.49,1
3,6,1,7,4,1,5.052,2,1,4,0.714,5,2,31.84,2,4,5,3.371,-0.895,3,1,5,1.518,4,1,2.116,4,3,0.24,2.7,3,3,5,0,0.0,1,6,1,5,1,1.633,2,5,1,1.699,0.0,1
2,0,5,7,3,0,0.806,3,2,4,-1.351,5,1,26.45,1,1,2,-1.292,-1.082,5,0,0,1.512,5,4,-3.98,7,2,-0.529,1.147,4,4,1,1,0.0,1,7,2,2,7,-0.383,2,3,2,-0.426,0.0,0
3,4,4,4,2,0,-0.075,2,2,0,-0.506,1,3,28.24,3,4,0,-0.867,1.638,1,0,5,1.439,2,3,-0.04,1,2,1.107,-0.049,1,2,5,0,0.0,1,3,4,2,0,0.298,1,1,0,0.811,0.0,0
5,4,0,0,2,0,1.455,2,0,3,-2.021,4,0,32.9,3,6,5,0.005,-0.281,4,1,5,-0.838,3,0,2.739,6,3,1.336,-0.407,4,2,2,6,0.0,1,7,0,5,6,0.784,1,4,5,1.316,174.96,1
1,7,0,0,2,0,-0.3,0,1,1,-1.396,3,5,24.42,4,6,5,1.138,1.303,2,0,4,-0.754,0,4,-1.062,7,1,-0.835,0.896,4,5,1,4,0.0,1,4,1,1,2,0.243,6,5,1,-0.74,0.0,0
1,6,5,6,1,0,-2.225,4,2,5,-2.609,1,5,25.46,4,6,2,0.905,0.386,4,0,0,0.667,3,4,0.557,4,2,-1.646,-1.016,4,4,2,4,0.0,5,1,4,7,0,-0.925,6,0,3,-1.021,0.0,0
2,5,3,7,1,1,0.317,0,2,3,-0.615,4,6,55.23,5,0,5,1.415,-1.899,3,1,3,0.091,1,5,3.592,3,2,1.017,-0.432,3,5,2,4,0.0,5,0,2,4,1,1.168,1,1,1,0.951,14.35,1
4,3,0,3,3,0,-1.494,5,3,3,-1.07,5,2,32.84,4,1,0,-1.191,0.975,0,0,5,-1.743,6,1,1.752,6,1,-0.559,-3.233,5,5,4,5,0.0,1,4,3,3,5,-1.085,2,2,0,-0.952,0.0,0
3,7,4,1,1,0,-0.511,2,4,5,-2.074,4,3,35.81,1,3,4,-1.866,-2.28,3,0,1,0.172,4,1,0.42,4,3,0.366,-0.85,5,3,4,4,0.0,0,7,0,2,2,-0.937,1,1,4,-1.431,0.0,0
4,0,2,3,1,0,0.053,4,3,4,1.808,1,4,30.09,0,4,3,1.687,0.645,0,0,0,0.867,1,0,0.88,2,3,0.603,0.874,2,1,5,3,0.0,4,0,0,5,7,-0.345,3,1,2,0.684,0.0,0
2,6,1,7,1,0,0.233,1,2,2,1.745,3,3,22.33,3,4,0,-1.383,-0.225,1,0,5,1.442,4,3,-0.038,3,5,-2.264,-2.497,0,5,3,3,0.0,2,6,4,4,2,0.519,1,4,0,-0.944,0.0,0
4,4,2,0,2,0,-2.084,2,4,3,0.117,2,4,25.77,3,6,5,-0.276,0.548,2,0,5,-2.876,1,3,0.344,3,1,1.035,-0.546,4,0,0,0,0.0,1,7,5,3,0,-0.404,5,3,5,-0.633,0.0,0
1,6,1,3,5,0,1.871,0,1,5,1.676,4,5,27.44,7,0,5,0.125,0.189,0,0,2,2.123,6,3,0.373,7,0,2.567,-0.014,0,1,2,3,0.0,1,5,5,6,1,0.152,6,5,5,0.733,0.0,0
3,1,5,6,2,0,-0.997,3,2,2,2.486,4,2,30.94,7,7,1,-0.832,0.234,4,0,3,-0.301,3,5,-0.455,2,5,0.602,-0.418,1,5,4,0,0.0,2,2,2,6,6,-0.286,4,0,0,-0.138,0.0,0
0,0,0,6,2,0,-0.716,3,2,4,-0.856,2,2,17.16,6,7,2,-2.793,0.665,0,0,0,0.546,4,1,-1.898,6,2,-1.778,-1.346,5,0,4,7,0.0,4,2,3,3,0,-1.431,1,0,2,-1.23,0.0,0
2,4,2,3,0,0,0.614,4,2,5,-1.345,4,7,27.56,4,0,0,-0.655,-2.698,5,0,3,2.038,5,5,-1.611,4,5,-0.176,3.253,0,3,3,3,0.0,2,7,0,2,0,0.598,7,4,2,0.756,0.0,0
3,7,5,0,1,0,0.908,4,0,5,3.609,3,1,31.81,5,7,1,0.752,-1.176,5,1,4,-2.438,6,5,3.692,7,5,1.627,3.042,5,2,3,2,0.0,2,3,0,5,7,1.329,1,0,1,1.258,184.53,1
5,2,4,6,2,0,-0.475,5,2,2,-1.549,1,0,21.75,5,0,3,-1.209,-0.674,0,0,1,-1.925,2,0,1.46,3,5,-2.428,1.723,4,0,1,6,0.0,0,4,5,4,0,-0.226,2,1,1,-1.135,0.0,0
4,0,1,7,1,0,0.715,4,5,3,0.618,4,2,25.59,4,1,4,1.592,0.662,3,0,2,2.477,5,1,4.141,7,2,0.916,0.382,3,3,2,1,0.0,0,0,2,6,2,0.831,6,4,2,0.518,0.0,0
5,5,1,3,0,0,2.995,0,3,0,-0.369,0,0,41.09,7,0,3,3.804,-0.334,0,1,4,4.767,6,3,5.344,1,0,1.148,0.973,4,1,1,6,0.0,2,7,0,0,0,0.522,5,1,3,1.048,219.62,1
2,7,3,5,0,0,-1.642,4,5,4,-0.67,1,5,30.66,4,2,3,0.879,1.029,5,0,5,0.203,5,3,1.31,6,4,1.182,2.179,2,5,5,3,0.0,1,6,3,0,6,-1.679,2,4,0,-0.542,0.0,0
3,7,4,0,4,0,-1.61,4,5,0,0.195,2,7,42.31,4,3,4,0.333,-0.657,1,1,2,2.662,3,0,2.882,2,1,1.073,1.996,5,3,1,5,0.0,4,2,2,0,5,0.21,1,0,1,0.314,0.0,1
2,7,1,5,1,0,1.788,3,2,2,-0.2,1,4,23.81,4,3,4,1.515,0.58,1,0,1,-2.529,2,1,1.041,2,5,0.002,1.826,1,3,4,6,0.0,3,3,3,7,6,0.642,3,0,2,0.879,0.0,0
0,5,0,4,0,0,1.878,5,5,2,1.592,3,1,21.56,0,5,4,-0.874,-0.017,2,0,3,-0.61,3,2,1.624,5,0,0.219,1.474,5,2,4,6,0.0,2,0,1,6,7,0.039,7,0,2,0.528,0.0,0
4,6,4,7,0,0,-4.935,0,2,3,-0.585,4,1,24.52,7,7,4,-1.193,-0.174,5,0,4,0.865,7,2,-2.016,6,2,-1.94,-1.628,4,2,4,7,0.0,1,4,5,4,7,-1.295,6,1,4,-1.035,0.0,0
5,6,4,0,0,0,-0.661,2,1,5,-1.318,0,5,22.11,6,7,5,-1.103,-0.638,4,0,0,-1.913,1,2,-4.554,4,1,-1.932,-0.101,0,2,0,3,0.0,2,6,0,1,5,-1.209,5,4,1,-1.281,0.0,0
3,5,3,7,0,1,-0.467,1,0,5,0.254,0,6,30.25,1,5,1,2.038,0.671,3,1,0,0.594,1,1,-0.139,3,1,0.093,4.644,0,0,5,1,0.0,4,6,0,5,1,2.381,5,3,1,1.931,0.0,1
4,5,3,2,2,1,-1.04,0,3,1,0.228,1,3,34.63,1,4,2,1.303,0.287,3,1,1,1.394,7,1,-1.314,6,5,-0.099,3.089,2,2,4,7,0.0,1,4,2,7,5,1.465,5,1,2,2.293,228.55,1
3,1,4,0,0,0,-0.004,4,2,1,-0.911,3,1,31.98,7,2,2,3.148,0.117,4,0,5,-1.639,4,4,-2.349,1,4,0.336,-0.211,0,0,2,0,0.0,0,7,4,5,4,0.263,2,0,1,0.552,0.0,0
3,3,4,6,5,0,0.961,0,1,3,-1.048,3,6,27.07,3,5,3,-1.873,1.105,0,0,0,2.591,6,5,0.029,4,1,0.631,2.537,2,2,0,2,0.0,4,6,2,3,2,0.952,3,1,3,0.624,0.0,0
4,0,3,7,2,0,-0.548,5,3,1,-0.304,0,4,31.72,6,2,3,0.674,-0.756,2,0,5,-2.652,1,5,-2.066,2,5,-1.633,-1.766,0,2,1,6,0.0,0,3,3,0,0,-0.285,4,5,4,-1.258,0.0,0
3,7,3,6,4,1,2.558,2,2,2,1.501,3,0,38.08,0,0,4,0.112,1.252,4,1,3,-1.79,1,0,2.646,3,3,2.078,1.142,4,4,1,4,0.0,4,3,2,0,3,2.34,6,4,4,1.708,0.0,1
4,5,5,3,1,0,-0.134,1,1,2,0.804,1,5,29.22,1,5,0,-0.079,0.491,2,0,3,3.164,5,2,-1.634,4,5,-0.557,1.414,3,4,4,0,0.0,5,1,1,1,5,0.591,3,1,4,0.245,0.0,0
3,7,2,0,4,0,-2.071,4,5,3,0.169,2,0,24.94,3,1,0,1.111,-2.04,3,0,5,-2.212,5,2,-1.107,5,2,-1.482,-2.414,4,1,0,4,0.0,2,4,5,3,0,-0.664,4,3,1,-0.847,0.0,0
5,7,5,0,5,0,0.476,5,5,1,-0.77,5,3,19.99,2,1,2,0.785,-0.226,2,0,1,2.343,6,3,-1.542,6,3,0.187,-0.13,4,2,1,7,0.0,5,5,3,2,4,-0.409,5,4,0,-0.401,0.0,0
2,6,1,5,0,0,-1.044,5,0,5,-1.155,0,2,22.57,7,0,0,-0.025,1.084,1,0,1,-3.184,7,3,-1.296,2,4,-1.249,1.689,5,3,4,4,0.0,3,7,2,4,3,-0.103,3,5,0,-1.142,0.0,0
5,0,4,6,3,1,1.428,3,2,3,2.046,1,7,40.33,2,6,5,1.427,0.546,2,1,2,3.385,1,3,2.164,1,1,0.93,0.354,0,1,1,1,0.0,5,5,4,0,1,1.902,7,5,3,1.788,207.59,1
0,2,0,3,0,0,-1.617,1,5,0,0.309,1,2,11.11,4,5,1,-1.007,2.426,1,0,2,-4.896,4,4,1.018,2,4,-0.722,-0.429,0,0,5,3,0.0,2,6,4,7,3,-0.981,0,5,4,-1.253,0.0,0
2,6,1,1,1,0,-1.389,3,4,5,0.146,0,5,23.96,3,3,3,0.912,-1.019,1,0,4,-2.529,6,5,0.306,5,1,-1.478,3.854,2,5,5,0,0.0,3,0,5,5,5,0.01,5,1,3,0.534,0.0,0
2,7,0,1,0,0,-1.139,2,1,4,-0.649,1,0,31.83,7,3,2,-1.585,-0.851,3,0,4,1.398,2,2,-4.455,0,4,0.186,0.152,5,2,0,6,0.0,5,0,1,7,6,-0.022,2,3,5,0.419,0.0,0
3,0,4,4,5,0,-0.095,2,1,2,-3.629,4,6,28.54,7,1,3,-1.704,1.258,5,0,3,0.261,5,2,-2.377,0,5,0.031,-1.535,0,5,4,4,0.0,4,3,2,2,2,-0.999,7,2,1,-0.201,0.0,0
0,2,0,0,0,0,0.257,2,2,3,-0.036,5,7,34.59,0,2,0,2.135,-0.555,2,0,1,-2.78,3,2,1.523,1,2,1.159,1.22,5,4,5,4,0.0,3,7,4,3,6,0.051,2,2,3,0.938,0.0,0
3,1,0,1,2,0,1.379,3,1,3,1.617,4,4,24.95,6,7,2,2.951,-0.098,5,0,2,0.598,0,1,2.444,4,3,2.502,2.664,1,1,4,4,0.0,4,0,0,1,5,1.057,3,5,1,1.579,0.0,0
5,1,2,5,5,0,-4.683,0,4,1,-1.094,2,4,26.81,5,6,4,-1.816,-1.039,2,0,3,0.902,4,4,-0.857,4,0,-1.964,-2.602,1,5,3,7,0.0,5,5,0,5,0,-0.732,4,4,1,-0.722,0.0,0
0,4,3,3,3,1,2.134,2,1,5,-0.259,1,1,38.62,3,5,1,0.937,2.145,2,1,3,1.894,6,4,1.731,5,2,1.77,-0.284,4,2,1,4,0.0,2,3,4,7,0,1.113,5,0,0,1.211,0.0,1
2,3,5,3,1,1,0.955,0,3,2,0.076,0,1,23.88,4,2,2,1.243,-1.666,5,1,0,2.326,5,4,1.293,5,4,-0.624,0.291,3,4,3,6,0.0,3,0,2,5,0,1.127,5,0,3,0.661,204.3,1
1,4,2,5,2,0,-1.838,3,4,2,-0.538,4,7,22.02,5,4,0,-0.015,-0.596,2,0,3,1.195,3,4,-0.067,5,5,0.434,-1.815,4,0,1,2,0.0,0,0,0,2,7,0.028,0,5,5,0.01,0.0,0
0,4,1,5,0,0,-0.836,5,2,0,2.157,4,5,34.17,3,7,3,1.152,-1.26,3,0,0,-2.928,7,3,-1.642,2,1,-0.808,-0.895,5,5,2,2,0.0,1,1,5,6,5,-0.228,3,3,4,-0.425,0.0,0
3,3,3,7,1,0,1.193,1,3,0,0.219,4,2,32.18,2,7,3,-0.284,-0.886,2,0,1,3.285,3,2,3.458,1,5,-0.536,2.741,2,2,1,7,0.0,3,6,2,5,7,0.339,5,5,3,0.272,0.0,0
4,7,4,2,3,0,0.304,1,5,0,1.528,4,0,22.32,6,0,3,-2.115,0.258,5,0,3,0.675,7,3,-1.474,7,5,-0.538,2.985,1,3,1,6,0.0,5,0,3,2,3,0.074,2,1,5,-0.373,0.0,0
0,7,0,4,4,0,-0.898,3,1,5,-0.276,4,5,31.12,2,2,3,0.501,0.402,3,0,0,-1.219,3,4,-0.26,5,1,0.272,2.428,0,3,4,4,0.0,5,6,2,7,1,-0.325,5,2,0,0.596,0.0,0
0,0,0,0,3,0,0.569,3,0,1,-2.762,3,3,24.51,0,2,1,-0.774,0.78,1,0,5,-3.556,2,0,-1.646,7,0,-2.601,-3.323,2,2,1,2,0.0,2,2,0,0,2,-2.644,6,2,2,-1.693,0.0,0
1,1,2,2,2,0,-1.21,4,2,2,0.784,2,7,42.5,0,1,1,-0.096,-0.119,4,0,4,-3.935,0,1,-0.346,0,0,-1.867,-0.544,1,0,4,2,0.0,1,0,0,2,4,-0.917,5,5,3,-1.076,0.0,0
0,2,2,7,1,0,-2.094,0,2,0,3.59,2,4,35.47,6,2,0,2.037,1.207,1,0,5,3.096,1,3,1.765,0,4,-1.961,0.072,1,4,0,5,0.0,1,6,2,7,3,-0.916,3,1,0,-0.738,0.0,0
1,1,3,3,1,1,1.983,4,3,2,0.856,3,3,35.04,0,3,0,4.026,1.441,5,1,3,0.515,6,1,4.029,2,2,1.92,4.151,3,1,0,2,0.0,3,1,3,2,1,1.445,7,4,2,1.984,152.15,1
4,1,1,2,3,0,-1.476,4,1,4,-0.913,2,6,25.7,0,6,4,-2.703,-1.286,5,0,1,-1.076,3,2,-3.164,7,5,-1.512,-1.018,1,5,1,5,0.0,0,3,1,6,3,-1.134,3,3,3,-0.713,0.0,0
5,2,5,1,1,0,-1.586,0,5,3,-0.46,0,2,25.71,0,3,0,-0.794,2.22,0,0,0,-2.464,0,0,-3.07,0,1,5.397,-0.395,3,1,5,5,0.0,5,6,0,2,7,0.013,5,5,5,-0.098,0.0,0
5,7,2,0,4,0,-0.876,2,1,4,-2.181,3,6,29.19,5,1,2,-1.89,0.496,3,0,4,-1.625,7,1,-5.186,1,4,-0.907,-3.999,4,3,5,6,0.0,3,6,0,5,0,-3.564,2,0,2,-2.711,0.0,0
1,5,1,1,4,0,-3.101,3,2,2,-3.097,2,7,32.27,3,1,1,-1.881,0.546,0,0,3,-1.608,3,4,-0.671,3,4,-0.625,-0.673,3,1,1,0,0.0,1,4,3,0,3,-0.146,5,5,5,0.288,0.0,0
3,6,2,1,4,0,-0.327,5,4,0,0.492,4,0,28.71,6,2,5,-0.55,-0.471,1,0,0,-1.289,3,3,0.208,5,5,0.8,-1.06,0,1,2,4,0.0,4,7,1,0,6,-0.146,2,3,0,-0.042,0.0,0
1,5,0,2,4,0,0.613,5,3,2,0.831,3,3,32.37,6,7,2,-2.792,-1.17,2,0,5,-2.751,3,2,-0.146,0,0,-0.405,-2.821,3,0,5,6,0.0,0,5,0,7,2,-0.236,1,1,5,-0.948,0.0,0
1,6,2,7,0,0,-3.26,5,2,5,-1.078,5,0,23.62,2,0,5,-0.603,-2.699,1,0,2,-1.523,0,0,-0.59,2,0,-1.89,-1.337,2,3,3,3,0.0,3,6,3,7,1,-0.551,3,1,3,-1.12,0.0,0
5,2,4,5,1,0,-0.582,5,3,1,-3.486,1,4,36.42,7,3,4,-0.29,2.519,5,0,1,-2.33,2,4,-1.29,6,0,0.345,2.281,3,3,5,1,0.0,1,1,5,7,3,0.335,7,4,1,0.552,0.0,0
1,1,1,0,3,0,1.6,1,3,2,2.524,5,1,33.29,2,1,1,0.709,0.754,0,0,1,3.492,7,3,1.297,4,1,1.997,1.993,0,2,0,1,0.0,3,3,0,2,6,1.153,4,3,1,0.026,0.0,0
4,0,0,5,2,0,-2.124,0,1,1,-0.799,4,0,22.37,7,1,1,1.406,1.166,4,0,1,-1.968,3,5,-0.528,2,4,-1.82,-1.499,3,3,4,5,0.0,1,5,2,6,0,-0.525,0,4,2,-1.367,0.0,0
0,1,2,7,2,0,-1.527,5,1,2,1.191,5,7,25.93,4,2,1,1.212,1.233,0,0,5,0.126,4,4,-0.557,2,1,2.391,-0.527,0,3,4,5,0.0,3,6,3,6,1,0.283,3,3,0,-0.006,0.0,0
2,3,4,2,0,0,-0.215,5,1,1,-0.483,5,5,33.26,4,3,4,-1.824,-0.219,5,0,1,-1.634,3,1,-1.027,1,1,-1.1,1.882,1,2,0,3,0.0,1,4,3,5,5,-0.651,0,1,5,-0.602,0.0,0
3,3,3,2,0,0,-1.192,2,4,0,0.188,0,4,38.32,5,5,4,-0.385,-0.095,2,0,3,-3.659,1,3,-1.558,7,1,0.053,-2.777,3,0,3,7,0.0,5,6,0,4,1,-0.533,6,3,3,-0.145,0.0,0
4,3,1,6,0,0,1.841,5,2,1,-0.082,5,4,25.6,3,3,3,2.144,2.001,1,0,5,1.798,1,3,2.353,5,4,1.238,0.209,0,3,3,5,0.0,3,1,0,3,4,1.033,4,4,4,0.34,0.0,0
1,5,1,2,2,0,1.293,3,2,2,2.039,0,5,23.85,7,6,2,1.1,0.274,3,0,4,-1.644,2,4,1.465,2,1,0.526,1.303,3,2,0,5,0.0,0,0,3,0,7,-0.197,1,4,4,0.868,0.0,0
4,0,3,3,3,0,1.344,5,1,4,-0.42,1,2,36.61,6,4,2,1.713,-1.003,0,0,3,-3.76,4,2,-0.653,6,3,1.072,-2.015,5,2,3,7,0.0,1,4,5,0,0,0.691,6,4,0,-0.179,0.0,0
5,1,5,5,1,0,0.05,2,5,5,0.367,0,1,15.27,5,1,5,0.643,-0.844,1,0,0,2.111,1,3,0.51,1,4,-1.252,0.273,5,5,2,1,0.0,2,7,3,2,3,0.503,6,4,2,0.725,0.0,0
3,7,0,0,3,0,-1.921,1,3,2,-0.278,4,1,38.41,5,0,1,-0.763,-1.039,0,0,5,2.867,5,1,2.222,7,4,-1.265,-1.959,5,5,4,1,0.0,4,5,2,0,4,-0.152,5,4,2,-1.258,0.0,0
3,4,3,0,5,0,-1.101,3,4,4,-2.015,2,7,21.1,0,2,5,-2.834,0.506,3,0,2,1.978,0,4,2.562,4,3,0.901,1.359,2,3,3,3,0.0,0,4,3,1,3,-0.098,4,3,4,0.521,0.0,0
4,1,5,1,4,0,2.114,2,1,4,1.374,0,6,32.91,5,2,5,-0.109,0.729,3,0,4,0.956,7,4,0.586,6,5,1.713,-0.296,4,1,1,5,0.0,3,6,5,3,3,1.158,3,5,1,0.336,0.0,0
1,2,3,1,2,1,0.969,0,1,5,1.502,1,7,29.4,0,4,4,0.8,1.733,0,1,1,0.539,0,5,2.795,5,4,-0.001,0.212,1,5,4,2,0.0,4,7,0,6,2,1.283,6,5,5,1.854,0.0,1
0,4,2,4,0,0,0.395,4,0,4,1.304,0,3,44.9,3,1,3,1.959,1.272,0,1,4,-0.389,3,2,1.776,2,2,4.654,2.861,1,5,1,6,0.0,4,5,2,4,1,1.12,5,2,0,1.024,156.39,1
3,5,1,0,0,0,1.261,4,4,0,0.232,0,0,16.9,0,0,5,1.71,0.912,4,0,3,0.087,2,5,0.85,2,3,-1.023,-1.668,4,5,0,4,0.0,0,1,2,4,3,0.968,5,3,2,1.141,0.0,0
1,2,2,1,3,1,2.984,4,1,2,3.961,5,7,36.89,6,4,4,4.212,0.68,3,1,3,8.688,1,2,3.083,2,4,7.353,-0.692,3,1,5,1,0.0,1,4,5,1,5,2.476,0,2,4,2.021,192.3,1
0,2,2,3,5,0,-3.89,2,5,4,-1.031,1,0,26.5,4,0,4,-0.004,-0.862,1,0,2,-1.098,0,4,-1.184,3,3,-1.108,-1.31,0,5,5,2,0.0,3,4,2,6,3,-0.592,3,1,4,-1.072,0.0,0
2,1,3,5,4,0,2.245,5,1,2,1.641,1,0,17.21,3,5,3,-2.222,-0.059,5,0,1,0.42,6,2,1.467,3,0,-1.233,0.199,2,0,3,2,0.0,3,3,3,0,4,-0.73,2,5,5,0.029,0.0,0
0,0,1,0,3,0,1.532,1,5,5,-0.334,3,4,45.58,5,7,4,-0.067,0.002,1,1,4,5.076,7,2,0.356,5,0,1.402,-2.12,5,5,5,2,0.0,3,6,3,4,4,0.59,5,2,2,0.682,151.95,1
3,6,3,5,0,0,-2.281,4,2,5,0.299,5,0,32.97,6,6,2,0.233,1.006,3,0,0,-0.374,0,1,0.392,5,3,-1.334,-3.955,3,5,1,0,0.0,3,0,3,1,3,-0.816,2,2,3,-0.859,0.0,0
3,4,3,2,4,0,-2.761,4,2,5,2.701,2,2,25.0,7,3,2,-1.605,-0.113,5,0,1,-0.283,7,2,-1.612,5,2,-1.061,1.529,3,5,2,1,0.0,4,5,5,1,6,0.459,2,2,2,-0.415,0.0,0
0,6,3,2,1,0,1.908,4,5,3,-1.755,4,1,22.43,1,1,2,2.148,-0.994,5,0,2,0.299,6,1,0.469,5,1,-0.687,-1.339,4,2,4,4,0.0,2,5,2,1,0,0.66,2,5,5,-0.478,0.0,0
2,4,3,2,0,0,-0.228,2,4,2,-0.517,4,4,31.3,7,1,4,1.657,-0.071,0,0,4,0.918,7,3,-0.941,0,3,-0.161,0.718,2,3,4,7,0.0,4,0,1,7,3,-0.149,5,5,0,-0.061,0.0,0
2,6,5,5,0,0,-1.155,0,3,3,-0.213,3,7,27.54,4,3,3,-2.536,1.801,0,0,5,0.419,3,4,1.712,7,5,1.321,-1.444,3,4,2,5,0.0,0,7,1,0,0,-1.119,5,3,1,-0.196,0.0,0
1,2,3,4,5,0,1.068,5,0,2,2.736,1,6,45.74,1,5,2,0.757,-0.714,5,1,5,4.16,5,1,0.987,1,5,1.492,-0.108,3,3,1,2,0.0,5,6,4,1,0,0.89,7,3,4,1.2,61.24,1
4,4,0,2,3,0,-1.535,3,5,4,-1.641,3,1,41.98,5,4,3,-2.785,-0.092,5,0,2,3.3,2,1,-1.102,3,2,-0.95,-2.812,1,2,3,1,0.0,0,1,1,3,6,-1.235,5,4,4,-1.324,0.0,0
2,0,2,3,2,0,-0.121,4,1,3,1.405,5,3,31.73,5,1,2,0.14,-0.567,1,1,1,3.228,3,3,1.105,4,0,3.914,1.693,0,0,3,7,0.0,2,0,0,7,1,0.444,5,4,3,1.198,86.72,1
1,4,0,1,0,0,0.134,2,3,1,-0.823,5,0,24.26,3,7,1,-3.141,-0.355,2,0,2,-1.564,7,4,-1.309,2,1,1.795,-0.331,1,2,5,4,0.0,3,2,0,1,0,-0.12,7,1,5,0.353,0.0,0
3,2,5,1,2,0,-0.186,1,4,0,-3.244,4,0,26.44,7,4,0,0.164,0.178,5,0,3,-1.589,6,4,-3.032,3,3,-0.934,-0.095,2,5,1,5,0.0,3,5,2,6,4,-0.034,0,2,3,0.127,0.0,0
2,3,1,5,2,0,-1.11,5,2,1,0.623,4,5,32.77,7,7,0,1.294,-1.733,0,0,2,3.654,5,3,0.722,6,3,-1.117,-0.766,0,4,3,0,0.0,0,4,1,6,2,1.106,0,3,3,0.388,0.0,0
3,0,2,3,3,0,-3.228,0,2,4,-0.246,3,4,30.72,0,1,4,-0.672,1.442,3,0,0,2.497,5,4,-0.404,6,0,-0.57,-3.001,3,1,2,1,0.0,4,2,1,6,1,-0.786,0,4,2,-0.296,0.0,0
4,6,1,5,0,0,0.763,5,0,5,-0.355,4,1,25.77,3,5,0,2.541,0.623,4,0,1,3.189,6,3,2.188,4,2,-0.642,1.289,1,3,2,0,0.0,4,6,2,5,6,-0.119,1,0,5,-0.008,0.0,0
1,7,0,7,0,0,-1.051,0,3,4,2.163,1,1,20.26,0,6,3,0.568,-0.056,3,0,1,1.118,6,1,-0.353,4,5,2.199,-1.257,2,2,4,6,0.0,0,0,4,0,2,-0.222,0,4,3,0.157,0.0,0
0,0,2,4,5,0,3.276,1,1,5,1.043,2,2,36.61,5,5,1,2.047,-0.406,2,0,1,2.513,3,3,1.43,5,3,-0.039,-1.436,3,0,0,1,0.0,1,7,0,3,1,0.964,4,3,0,0.488,0.0,0
5,0,5,4,1,0,-1.657,2,3,4,-1.813,5,4,12.2,2,7,4,-2.958,0.539,1,0,2,-0.929,5,0,-0.401,3,1,-2.611,-1.532,3,3,5,3,0.0,5,6,2,1,0,-0.976,1,4,1,-1.034,0.0,0
0,0,3,5,1,0,-2.317,0,1,1,0.648,1,7,29.96,6,2,4,-0.622,-0.283,2,0,5,-1.724,0,1,1.25,4,1,1.185,1.474,3,4,5,0,0.0,5,7,3,4,3,0.757,1,4,0,0.468,0.0,0
0,6,3,4,3,0,-0.011,4,3,5,-1.885,5,3,28.7,4,1,2,-1.162,0.618,1,0,0,0.57,1,3,0.366,4,4,-0.347,-0.394,2,5,5,3,0.0,4,6,5,3,2,0.953,3,5,4,0.025,0.0,0
2,1,4,3,2,0,1.608,5,5,1,0.02,0,1,29.54,5,1,0,2.206,-0.254,5,0,2,-0.611,5,1,-2.582,1,0,-2.562,0.193,3,4,0,4,0.0,0,1,3,7,2,-1.073,0,2,1,-0.496,0.0,0
4,5,5,6,5,0,0.175,5,1,4,-0.563,1,4,24.88,3,3,0,2.036,-0.125,4,0,5,-0.797,3,2,1.33,4,4,1.169,-2.292,0,3,2,4,0.0,4,0,0,3,7,-0.171,2,0,3,-0.826,0.0,0
2,1,4,7,2,0,-2.027,5,2,5,-2.356,0,4,27.29,6,3,0,-1.383,-0.411,0,0,3,1.205,6,5,1.87,2,4,-0.004,-0.62,5,5,5,2,0.0,3,4,4,0,0,-0.733,6,2,0,-0.639,0.0,0
0,4,1,6,4,0,-1.086,4,2,0,2.15,0,3,27.88,1,2,5,3.632,-0.162,5,1,3,-0.671,0,2,-1.879,6,3,0.863,0.929,2,3,0,6,0.0,2,4,5,2,5,1.776,6,1,2,1.251,34.33,1
3,3,0,2,1,0,0.761,4,3,1,0.242,1,1,33.49,7,5,5,1.393,-0.215,2,0,1,0.774,1,3,0.585,6,4,1.053,0.56,4,3,2,1,0.0,2,1,4,1,0,1.103,3,5,0,0.736,0.0,0
3,3,5,0,1,0,0.639,2,0,3,-1.822,4,7,24.79,3,5,0,0.003,0.832,1,0,1,0.672,0,3,-1.694,6,2,1.791,0.233,1,3,3,5,0.0,2,4,1,6,2,-0.284,1,2,3,-0.227,0.0,0
0,5,3,1,4,0,-1.992,0,2,3,-1.808,1,3,26.5,4,2,3,-0.105,1.358,4,0,1,-2.271,1,2,-0.45,3,3,2.615,-0.68,5,5,3,7,0.0,0,2,3,4,5,0.505,3,2,0,0.539,0.0,0
0,4,1,4,3,0,1.463,1,1,5,-0.362,0,3,20.92,5,5,1,0.507,0.761,3,0,4,2.648,2,1,1.384,4,1,1.174,1.425,4,2,2,2,0.0,5,3,0,4,4,0.984,6,4,0,0.529,0.0,0
1,4,2,2,1,0,0.457,5,0,2,0.256,4,2,20.34,6,1,3,-3.026,1.401,1,0,4,1.897,6,5,1.33,7,4,-0.211,0.713,5,2,5,3,0.0,1,0,5,4,7,0.103,4,2,4,-0.189,0.0,0
2,4,4,0,3,0,3.237,5,5,3,1.495,1,4,27.79,0,0,1,2.047,1.235,0,0,4,-4.251,0,5,0.316,7,1,1.116,1.933,5,4,5,4,0.0,3,6,2,3,6,-0.069,6,1,2,-0.495,0.0,0
4,1,2,0,3,0,-0.975,3,1,3,-1.525,0,1,25.52,4,7,1,-1.809,0.59,5,0,1,-3.391,6,4,1.067,3,2,-0.359,-1.548,1,3,4,1,0.0,0,5,3,1,3,-0.228,4,0,0,0.074,0.0,0
0,5,2,1,5,0,0.39,0,1,1,3.143,4,1,31.27,6,6,1,1.642,0.588,4,0,5,3.786,7,5,0.823,0,0,-0.542,1.018,3,1,3,3,0.0,2,6,2,0,3,-0.546,0,0,4,0.572,0.0,0
0,5,1,4,3,0,0.122,2,4,1,1.618,1,3,29.25,1,6,3,-0.107,0.1,5,0,0,1.222,4,2,0.439,5,2,-0.849,3.331,1,1,4,7,0.0,1,6,3,2,4,-0.097,1,5,4,-0.282,0.0,0
0,0,1,1,0,0,-0.6,3,5,2,-0.317,5,5,19.35,6,2,4,0.916,1.105,4,0,0,-3.58,3,4,0.054,6,1,-0.916,-2.239,4,2,5,4,0.0,5,2,3,7,7,0.196,5,1,0,-0.211,0.0,0
3,2,4,7,5,0,-1.17,1,3,3,-1.448,3,6,20.39,3,2,5,1.52,-0.911,3,0,1,1.902,3,1,0.808,3,1,1.014,-1.504,5,0,5,6,0.0,5,3,0,1,0,-0.054,4,3,5,0.029,0.0,0
5,6,4,2,3,0,-1.912,3,2,3,-0.732,3,2,33.82,6,7,3,-1.285,1.147,3,0,4,-4.156,4,2,-1.977,6,0,-2.661,-1.76,0,4,3,0,0.0,0,2,4,0,4,-0.759,2,3,0,-1.309,0.0,0
5,5,1,0,1,0,-1.884,3,3,2,1.243,1,0,28.28,0,2,0,-1.829,1.072,4,0,2,1.439,3,4,-1.159,7,1,-0.574,-0.942,1,4,3,2,0.0,5,1,1,6,1,-0.285,3,4,4,0.115,0.0,0
2,1,1,4,0,0,1.532,3,2,4,-0.379,3,7,23.99,2,4,2,-0.384,0.432,5,0,5,2.128,7,0,0.977,6,3,0.084,1.685,4,4,2,7,0.0,0,0,0,1,7,-0.394,1,1,5,0.456,0.0,0
3,6,3,6,0,1,1.884,0,0,1,2.181,2,4,44.35,4,6,2,3.082,-1.522,2,1,4,-0.445,4,3,1.735,7,0,3.564,1.623,1,1,3,6,0.0,2,3,3,4,0,2.74,7,2,3,2.769,118.18,1
1,6,1,2,5,0,0.076,3,3,2,-1.929,4,3,19.93,3,4,0,-1.16,0.641,1,0,3,-4.675,3,2,2.759,1,4,0.1,0.219,3,1,0,0,0.0,4,1,1,7,6,0.134,0,4,2,-0.277,0.0,0
0,2,5,2,0,0,-1.748,1,0,3,-1.185,1,3,41.11,7,4,4,0.616,0.152,0,0,5,-0.041,5,3,-3.414,0,4,-1.421,-0.047,4,5,0,5,0.0,5,2,2,0,1,-1.541,7,5,5,-1.658,0.0,0
3,2,1,4,2,0,-0.22,4,4,2,0.212,1,7,25.13,6,4,1,-0.712,-0.271,4,0,2,-1.547,3,5,0.902,2,2,-1.489,-0.541,1,1,3,3,0.0,3,5,2,7,6,0.022,1,0,5,0.359,0.0,0
3,7,4,3,2,0,0.822,5,1,2,-2.155,1,4,29.25,3,6,1,0.581,-0.932,1,0,1,0.112,5,3,-2.175,7,1,-1.609,-1.177,3,4,2,4,0.0,5,5,2,4,0,-0.823,1,2,4,-0.378,0.0,0
0,6,0,1,3,0,-0.253,4,0,5,-2.499,1,5,25.15,4,7,4,-0.728,-0.149,4,0,3,-3.522,1,5,-0.002,5,2,0.185,-1.081,2,5,0,1,0.0,2,2,0,2,6,-0.702,0,5,1,-0.674,0.0,0
1,4,2,0,1,1,3.086,5,4,5,1.714,2,0,38.39,4,5,1,1.709,-0.873,5,1,1,3.084,6,3,2.263,6,3,0.854,2.585,4,3,2,5,0.0,2,6,1,2,0,1.148,3,0,5,1.592,238.4,1
2,4,1,3,1,0,-0.395,3,2,1,0.018,4,2,25.86,0,5,1,1.076,-0.202,1,0,1,0.501,3,4,-1.437,5,1,2.069,-2.928,1,5,5,2,0.0,2,2,3,7,6,0.981,0,4,0,-0.35,0.0,0
5,2,4,4,0,0,2.407,3,4,4,1.38,3,4,40.91,2,0,0,2.353,0.577,5,1,2,2.673,6,3,1.598,2,2,0.287,2.39,0,4,4,4,0.0,0,6,5,4,2,0.909,0,4,5,0.719,78.6,1
5,6,0,3,1,0,1.081,5,4,1,1.612,0,1,25.36,4,7,5,0.902,0.644,0,0,3,0.229,7,1,2.441,6,0,-0.169,2.636,4,5,4,6,0.0,0,7,5,1,3,-0.672,3,4,2,-0.059,0.0,0
1,3,4,6,0,0,0.815,3,3,4,-1.097,3,1,23.43,3,4,4,-0.976,0.543,4,0,1,-0.858,6,0,-1.152,4,4,-2.019,1.373,2,0,5,6,0.0,0,6,0,6,6,0.181,2,0,0,-0.852,0.0,0
1,6,1,1,4,0,-1.076,5,2,2,-2.335,5,1,27.96,7,6,0,-1.053,1.435,4,0,0,-3.203,0,1,-1.582,2,4,-0.413,0.733,0,5,5,6,0.0,0,0,0,0,2,-0.196,2,5,1,-0.987,0.0,0
1,4,0,5,3,0,0.003,4,0,3,-1.959,0,4,39.61,6,5,2,1.474,1.753,4,0,1,3.624,5,0,-1.1,7,4,-0.883,-2.331,3,2,3,2,0.0,2,1,5,6,1,-0.027,2,5,5,-0.63,0.0,0
4,3,4,2,4,0,0.317,0,1,0,-2.716,0,0,19.04,7,4,4,-1.712,0.007,5,0,1,0.396,0,5,0.18,3,1,0.512,-0.354,1,1,3,2,0.0,1,6,5,1,6,-0.145,2,3,4,-1.011,0.0,0
2,1,4,7,5,0,-2.778,0,5,1,-2.462,0,7,20.94,2,0,5,1.253,0.551,5,0,1,2.923,5,5,0.284,2,4,-0.688,-3.827,4,4,3,7,0.0,4,4,4,2,5,0.309,4,3,4,0.505,0.0,0
1,4,3,4,4,0,1.396,3,1,1,-1.437,4,4,34.0,1,0,4,0.251,0.247,1,0,5,-1.365,2,3,-0.675,4,2,0.246,0.907,0,4,3,2,0.0,4,7,0,7,2,-0.569,7,2,0,0.22,0.0,0
1,7,2,0,2,0,2.35,4,4,2,-0.751,5,6,28.79,1,0,1,-1.492,-1.875,2,0,5,-1.213,0,2,-2.417,0,2,-0.799,-0.601,4,3,1,7,0.0,2,4,4,0,5,0.004,0,0,0,-0.772,0.0,0
5,0,5,5,0,0,-0.282,4,3,1,-2.778,2,2,23.64,1,7,5,2.239,-3.096,2,0,3,-1.368,0,3,3.292,1,5,0.618,-0.965,3,4,3,7,0.0,1,2,4,0,5,-0.188,0,2,3,-0.154,0.0,0
0,3,3,0,1,0,-1.235,5,4,5,-2.768,4,7,18.59,5,2,4,0.102,-0.471,0,0,5,3.529,0,5,-2.342,5,3,-0.261,-0.225,2,5,5,7,0.0,2,1,3,6,0,-0.301,6,2,2,-0.444,0.0,0
5,2,0,4,5,0,-1.472,2,2,4,-2.907,5,1,27.23,2,4,5,-0.272,-0.72,5,0,5,1.257,6,0,2.395,6,5,-2.785,1.271,0,1,3,7,0.0,5,4,0,4,5,-0.834,7,4,4,-0.558,0.0,0
5,6,3,2,5,0,1.889,2,5,0,-0.849,2,7,26.57,1,0,3,-1.187,-1.048,0,0,0,-0.525,6,4,0.226,6,0,-2.074,1.787,0,4,4,1,0.0,4,5,5,4,0,-0.492,2,4,1,-1.101,0.0,0
4,4,4,6,0,0,-1.805,0,1,2,-1.87,1,7,22.43,5,0,5,0.627,-0.482,0,0,4,-0.527,2,4,-0.211,3,0,-1.043,-2.016,1,2,4,3,0.0,1,1,4,7,6,-0.011,5,0,0,0.005,0.0,0
1,7,3,2,4,0,-0.011,4,5,1,3.147,2,2,26.75,0,1,0,-1.335,-1.379,2,0,1,0.606,3,0,1.324,1,0,-2.706,-0.511,3,3,2,3,0.0,4,5,0,4,6,0.145,5,1,2,0.413,0.0,0
0,2,2,7,2,0,-0.2,0,5,4,-0.919,2,1,31.09,4,2,3,1.647,0.381,0,0,4,-0.893,0,1,1.878,4,5,-1.112,0.255,2,0,2,0,0.0,5,7,1,2,3,0.188,1,2,2,0.379,0.0,0
5,1,2,2,1,0,-3.251,4,2,0,-1.77,0,5,27.87,5,7,0,-1.238,-1.488,3,0,4,-5.102,0,4,-2.935,0,5,-4.341,-3.43,5,5,0,0,0.0,5,6,4,4,5,-2.084,3,3,5,-1.168,0.0,0
1,4,0,6,1,0,-0.05,4,1,5,2.926,3,5,25.22,3,7,3,-2.232,0.768,4,0,2,2.083,4,1,2.326,1,3,-0.031,-0.543,5,0,0,7,0.0,5,2,1,7,3,1.07,3,5,0,0.698,0.0,0
5,2,0,3,3,0,-5.11,1,3,5,-3.433,3,6,22.5,4,3,5,-0.688,-1.238,0,0,0,1.7,5,2,-2.08,1,1,-3.959,-2.262,4,2,3,6,0.0,0,1,2,4,5,-1.071,6,4,0,-0.955,0.0,0
2,5,1,1,3,0,-2.269,3,1,2,-1.176,1,4,25.61,7,6,3,0.017,-0.288,2,0,2,-1.512,5,0,-2.754,6,0,-0.762,-1.927,3,1,2,3,0.0,4,1,4,4,1,-0.044,1,5,4,-1.301,0.0,0
3,6,3,7,4,0,-3.973,3,3,0,-2.109,3,0,22.25,3,2,5,-4.361,-0.272,5,0,2,-1.026,1,2,-1.678,1,3,-1.527,-1.23,4,1,2,5,0.0,0,5,1,1,7,-2.284,0,1,3,-2.609,0.0,0
2,7,1,7,3,0,-1.001,3,0,2,-0.382,4,7,33.15,4,5,3,3.318,-1.035,3,0,4,0.621,5,1,-4.229,1,4,-0.016,0.266,0,4,3,6,0.0,3,0,3,0,1,-1.265,3,3,4,-0.407,0.0,0
4,3,2,3,4,0,-1.519,3,1,4,-1.147,3,5,24.69,2,1,5,0.402,-0.443,0,0,0,-2.638,7,1,-1.319,2,1,-4.131,-3.158,3,1,3,5,0.0,0,1,4,2,5,-0.511,7,3,0,-1.389,0.0,0
4,6,5,4,5,0,0.026,4,5,4,1.791,1,0,19.31,5,7,4,-1.173,0.798,5,0,3,0.69,6,4,2.18,1,4,-1.173,-0.545,4,5,3,3,0.0,0,2,0,5,5,0.098,7,2,1,0.108,0.0,0
2,4,1,1,3,0,0.86,5,5,3,0.72,3,6,31.3,4,5,0,0.468,0.275,0,0,4,-2.114,2,3,1.607,4,3,0.281,2.333,5,4,5,3,0.0,2,2,5,2,0,1.191,5,0,4,-0.277,0.0,0
4,0,2,4,1,1,2.04,5,5,0,2.382,2,1,33.66,2,0,3,1.602,-0.409,0,1,4,2.798,3,2,-0.499,6,1,1.28,-0.892,5,1,3,7,0.0,4,2,5,0,5,2.892,0,5,1,2.236,0.0,1
5,5,2,7,5,0,-2.456,4,2,5,-3.167,4,2,25.66,0,6,4,0.784,1.035,5,0,0,0.704,4,5,-4.805,3,5,-2.763,-1.859,2,3,2,7,0.0,5,5,3,0,5,-2.422,5,1,3,-1.637,0.0,0
4,6,4,4,1,0,-2.282,2,5,0,-2.751,3,4,27.33,7,2,2,0.273,0.666,1,0,2,-2.362,3,3,1.452,3,4,-2.327,-1.529,1,0,5,3,0.0,0,5,1,4,5,-1.784,1,4,2,-0.661,0.0,0
3,3,0,7,5,1,0.297,3,5,2,2.085,0,4,42.59,1,3,5,2.085,0.025,3,1,1,0.372,5,5,2.541,2,4,1.629,1.19,3,2,5,3,0.0,0,4,0,3,3,2.524,2,0,2,2.974,153.99,1
5,6,5,3,4,0,-3.147,4,2,5,-3.366,3,5,26.1,5,7,2,0.78,-0.989,5,0,4,-0.536,7,0,-0.727,6,3,-0.409,-1.375,0,4,4,5,0.0,5,7,3,0,0,-0.53,1,1,4,-0.305,0.0,0
2,1,3,1,2,0,-1.397,0,5,1,-0.54,5,4,34.09,0,5,2,-1.447,1.046,0,0,0,-1.844,3,1,-0.322,0,2,-1.259,-2.391,5,2,4,7,0.0,4,0,0,4,7,-1.84,5,5,5,-1.648,0.0,0
1,1,0,6,5,0,0.523,4,0,5,-3.638,2,5,30.37,2,1,2,-0.244,-0.724,1,0,5,1.656,2,2,-3.671,1,2,-1.937,-1.022,0,3,4,7,0.0,1,4,3,6,1,-0.453,5,0,0,-0.599,0.0,0
4,6,0,2,5,0,-2.694,4,0,2,-3.358,2,4,20.03,0,5,5,-2.264,0.923,0,0,5,-1.365,7,1,-2.19,2,3,-1.767,2.904,0,5,2,4,0.0,0,5,1,0,7,-1.599,6,0,1,-1.753,0.0,0
4,7,2,7,5,0,-0.205,3,5,3,2.189,5,3,16.88,7,6,4,-1.649,1.055,4,0,0,-2.328,1,0,-3.303,3,0,1.946,0.842,3,1,0,5,0.0,3,5,2,7,3,-0.643,2,3,1,-0.776,0.0,0
1,4,3,3,3,0,-4.168,2,5,1,0.864,4,4,28.14,2,3,1,0.423,0.817,2,0,0,0.534,0,2,0.496,4,2,-0.685,-0.065,4,2,0,3,0.0,1,2,2,4,0,-1.073,5,0,5,-0.862,0.0,0
3,7,2,3,1,0,0.618,5,5,4,0.72,3,6,26.43,4,4,2,-0.662,1.017,5,0,3,-2.243,2,0,-2.656,3,2,-3.564,1.309,3,5,3,4,0.0,2,2,1,6,6,-1.061,7,3,3,-0.776,0.0,0
3,3,0,6,1,0,0.533,4,1,3,-1.232,5,1,21.47,0,7,1,2.687,0.56,4,0,4,3.793,0,4,-0.026,2,1,1.247,1.484,3,3,4,7,0.0,5,6,4,7,2,-0.102,1,3,2,0.568,0.0,0
4,3,0,0,5,0,-4.027,0,4,0,1.937,3,4,33.05,7,1,4,-0.773,0.4,0,0,0,-1.211,5,5,0.814,6,5,1.224,-0.694,2,0,1,0,0.0,5,7,2,3,1,-0.506,2,3,2,-0.598,0.0,0
5,3,0,6,4,0,1.763,5,3,4,0.846,2,3,19.27,2,2,0,-0.112,0.418,2,0,4,0.259,0,0,1.395,0,5,2.894,-1.53,3,2,3,0,0.0,0,1,4,7,2,0.365,1,3,1,0.647,0.0,0
0,4,2,0,3,1,2.759,1,0,0,0.741,1,6,41.8,1,6,5,-1.96,0.6,2,1,0,2.934,0,3,1.291,7,1,0.249,2.172,0,1,0,7,53.67,4,0,1,1,2,1.831,7,3,1,2.085,0.0,1
1,6,2,7,0,0,-1.165,0,5,3,-0.402,4,7,26.59,5,5,1,-0.139,-0.499,3,0,0,0.524,2,1,-1.547,6,3,4.103,-1.149,3,2,0,6,0.0,2,6,2,3,3,0.315,4,1,5,-0.105,0.0,0
3,3,0,7,2,0,-4.331,1,0,0,-4.744,2,6,27.44,4,5,2,-2.919,2.061,0,0,2,-1.567,4,0,-2.927,4,4,-3.746,-3.695,1,1,3,1,0.0,3,0,1,5,7,-3.015,6,5,5,-3.143,0.0,0
5,2,4,6,5,1,2.501,3,1,2,1.846,5,3,34.12,5,6,0,1.26,1.377,5,1,5,-2.463,5,1,-1.427,0,2,2.85,1.357,2,5,4,6,0.0,3,1,0,6,3,1.523,4,0,1,2.237,128.67,1
5,4,4,1,4,0,-1.626,0,1,4,-4.653,3,5,19.56,7,4,4,-1.461,0.015,1,0,1,-4.047,6,1,-1.145,6,3,-0.19,-0.673,1,3,0,5,0.0,3,4,4,3,1,-2.416,3,4,1,-2.051,0.0,0
0,6,3,4,2,0,1.894,1,0,4,0.817,2,5,35.13,6,6,0,-0.911,1.246,0,0,1,1.124,7,2,-2.287,2,5,-2.842,-1.392,4,4,5,6,0.0,4,3,0,6,3,-0.648,4,5,4,-0.771,0.0,0
4,6,0,3,3,0,-0.4,4,3,5,-1.081,4,7,28.27,1,5,1,-1.674,-1.043,4,0,1,-0.698,4,5,-0.481,7,5,0.664,-1.261,5,5,5,5,0.0,4,6,5,3,1,-0.698,5,3,4,-0.067,0.0,0
1,6,3,7,4,0,-0.354,3,0,0,-2.012,2,3,25.34,0,3,4,-1.044,0.45,4,0,2,1.884,1,0,-0.025,4,5,1.291,0.356,1,1,5,5,0.0,2,2,0,2,7,0.807,2,2,0,-0.602,0.0,0
2,4,0,5,5,0,3.365,4,5,0,-1.289,0,1,42.75,7,2,3,2.214,0.179,1,1,1,-1.23,1,5,2.856,0,0,1.02,2.36,3,1,2,4,0.0,5,1,0,5,0,0.344,0,1,2,0.206,83.29,1
5,4,1,1,5,0,3.445,3,5,0,0.704,3,3,39.62,3,1,3,1.084,0.664,2,0,3,3.391,0,3,0.085,5,4,-2.056,1.37,4,0,3,7,0.0,5,5,5,5,5,0.043,2,1,0,0.379,0.0,0
0,4,3,6,5,0,-2.112,0,5,0,1.732,4,4,29.09,2,7,1,-0.424,0.575,5,0,1,0.171,2,1,2.542,2,3,-0.517,2.222,1,4,4,0,0.0,1,3,4,0,4,0.21,3,2,3,-0.062,0.0,0
4,6,5,6,0,0,3.348,1,2,2,-2.69,0,0,19.53,2,6,0,0.935,1.147,2,0,0,-5.094,6,5,-3.627,2,5,1.862,-0.461,1,0,0,5,0.0,5,3,2,1,7,-0.168,7,5,0,-0.78,0.0,0
2,4,5,1,3,0,0.242,1,4,5,-1.799,3,6,29.54,0,6,3,-1.677,1.403,0,0,4,2.534,7,1,0.836,7,4,-2.06,0.826,3,3,4,5,0.0,3,0,3,5,6,-0.793,4,0,1,-0.654,0.0,0
0,0,2,7,3,0,-0.871,3,2,4,-2.867,4,3,34.62,1,5,2,1.533,1.247,4,0,3,0.308,5,0,5.621,1,3,-0.099,-0.734,0,2,2,4,0.0,1,0,4,5,3,1.338,7,3,4,0.858,0.0,0
0,4,5,6,3,0,0.028,1,5,1,0.103,4,4,33.25,5,5,4,-0.293,0.249,1,0,3,-1.87,1,3,-0.634,2,4,-1.235,0.072,4,0,3,5,0.0,0,7,4,2,0,0.183,0,3,4,-0.386,0.0,0
1,2,0,7,5,0,1.936,1,0,3,0.359,3,1,30.8,4,6,3,2.743,-1.818,5,1,2,1.214,7,0,3.643,6,1,-0.401,1.688,2,4,4,4,0.0,1,1,1,0,7,0.661,5,1,4,1.505,0.0,1
0,1,3,0,3,0,1.323,4,3,5,0.501,4,3,20.1,6,6,2,1.306,0.626,0,0,1,-1.173,2,3,2.477,4,3,0.699,-0.584,5,4,2,6,0.0,2,7,4,3,1,-1.039,1,0,0,0.017,0.0,0
3,0,5,6,0,0,-1.53,2,5,2,2.111,5,2,31.13,2,1,2,-1.536,0.717,5,0,4,1.285,5,0,-3.625,0,3,-0.27,-1.019,1,5,1,5,0.0,2,2,4,2,5,-0.442,4,3,2,-0.889,0.0,0
0,2,2,7,1,0,-0.412,4,1,3,-0.107,2,2,31.47,7,2,1,1.895,-0.971,2,0,2,0.74,3,1,0.18,3,0,0.077,1.626,2,1,3,6,0.0,3,1,1,3,2,0.192,0,2,1,0.64,0.0,0
0,0,4,4,3,0,-1.585,1,0,2,-0.651,1,5,35.52,1,0,0,-1.466,0.409,3,0,2,0.945,0,5,1.424,6,1,-0.855,-1.304,3,4,0,1,0.0,1,3,2,3,6,0.387,7,3,2,-0.067,0.0,0
5,6,3,6,2,0,-1.374,0,0,4,-1.635,4,6,40.17,4,4,2,-0.64,-0.2,5,0,3,-0.321,4,5,-2.541,7,3,-3.199,0.569,1,2,3,5,0.0,4,6,0,3,3,-1.045,0,2,5,-0.694,0.0,0
3,1,3,2,1,0,-2.109,0,4,2,-2.764,1,3,33.32,6,3,2,0.569,0.068,4,0,3,-0.301,1,5,-0.509,1,0,-0.562,1.906,1,1,5,7,0.0,3,3,1,7,3,-0.105,2,1,4,-0.553,0.0,0
3,0,2,7,3,0,0.122,3,4,1,-1.168,5,5,33.35,3,6,5,-1.317,0.986,5,0,0,1.463,4,1,-1.51,1,4,-1.912,-0.057,0,4,5,1,0.0,4,7,1,5,7,-0.585,1,2,2,-0.361,0.0,0
2,6,4,4,0,0,0.263,0,5,1,2.123,2,5,27.21,1,4,4,-0.295,1.13,4,0,0,1.724,3,1,0.588,3,4,-1.858,-2.066,2,1,5,3,0.0,2,7,4,5,0,-0.811,0,2,1,-0.827,0.0,0
4,0,4,0,1,0,-0.839,3,0,2,1.07,0,4,33.77,0,6,4,-1.486,-0.353,2,0,1,-0.675,3,1,4.162,6,3,1.178,-0.88,3,2,5,6,0.0,5,1,3,2,2,-0.164,5,5,1,0.785,0.0,0
3,2,1,3,2,0,-2.879,3,3,5,-1.783,5,7,24.34,7,4,0,-3.147,1.014,2,0,2,-0.512,5,4,-1.732,6,2,-1.768,-4.526,4,1,1,5,0.0,5,0,0,4,7,-1.26,6,3,3,-2.197,0.0,0
1,0,4,2,3,0,0.079,5,5,4,-0.243,5,7,40.81,5,5,1,-1.676,0.031,0,1,2,0.915,3,3,-0.397,6,3,0.696,-0.45,4,3,2,7,0.0,2,6,4,0,7,0.082,6,4,4,0.091,211.0,1
5,3,2,1,4,0,-0.894,3,4,2,-0.399,0,5,32.52,2,0,0,3.207,1.048,0,0,4,0.46,7,3,-2.37,1,3,1.124,-1.641,3,0,0,0,0.0,1,3,5,1,5,-0.296,1,5,1,0.123,0.0,0
5,4,4,2,3,0,-2.473,5,0,3,-3.41,4,6,25.44,5,5,5,-2.14,-2.196,3,0,1,2.339,3,0,-0.043,7,1,-0.891,-0.102,1,1,5,7,0.0,2,3,4,6,0,-0.535,6,4,5,-1.442,0.0,0
3,7,5,3,4,1,1.667,1,3,2,3.523,5,1,34.34,0,6,4,4.33,-0.441,1,1,4,0.618,2,1,3.119,6,1,2.191,2.404,3,1,3,3,0.0,1,6,0,3,6,1.943,5,4,1,2.538,163.22,1
3,1,5,4,4,0,-0.872,5,3,4,-0.234,2,7,21.25,1,3,5,-3.705,0.75,1,0,0,-0.968,5,4,-1.079,7,4,-0.124,1.833,1,5,3,0,0.0,2,6,2,0,4,0.388,1,5,5,-0.782,0.0,0
3,5,2,3,5,0,1.502,1,4,0,1.711,2,2,35.78,6,0,0,-0.28,0.444,2,0,1,2.316,6,0,1.511,7,1,-1.905,-1.088,0,4,5,4,0.0,0,6,2,7,4,0.478,5,4,2,1.122,0.0,0
4,1,4,3,0,0,1.038,1,5,4,2.058,4,6,35.72,6,0,2,2.457,0.963,1,1,5,0.538,2,3,1.679,7,2,1.096,0.636,1,1,3,6,0.0,4,1,1,5,1,0.703,7,2,1,0.788,165.88,1
1,1,1,2,2,0,1.121,5,2,4,0.409,1,5,38.95,3,0,5,-3.02,-0.315,2,0,4,0.968,5,2,3.435,1,0,-1.792,0.545,5,3,1,2,0.0,3,7,3,2,0,0.595,3,4,1,0.371,0.0,0
0,4,3,7,0,0,1.211,1,5,2,-2.433,0,4,23.9,3,7,1,0.568,0.903,5,0,5,-3.475,0,3,0.804,4,5,-0.442,2.211,0,0,1,3,0.0,5,3,4,5,5,0.452,5,0,0,-0.156,0.0,0
0,4,5,3,4,1,1.747,2,3,5,1.344,5,1,41.72,7,2,0,3.677,1.818,3,1,2,2.725,3,3,3.43,2,1,2.886,3.981,5,4,2,3,0.0,3,5,1,3,3,1.064,0,1,2,1.649,71.42,1
5,3,5,0,4,0,2.807,3,3,5,2.36,5,1,25.5,0,2,1,-0.513,-0.732,4,0,3,-0.753,1,0,1.055,3,4,0.765,-1.806,3,1,3,0,0.0,0,4,0,4,5,0.198,6,5,1,0.803,0.0,0
0,5,1,5,3,0,-2.441,4,1,4,-2.97,1,2,22.95,5,3,1,2.624,-0.617,2,0,5,-1.984,1,1,-3.054,3,0,-2.674,0.545,4,1,4,6,0.0,3,3,4,3,6,-0.75,5,3,3,-1.475,0.0,0
1,3,2,5,1,0,-2.572,3,2,4,-2.334,4,7,26.06,2,6,4,0.235,0.607,1,0,5,-3.267,6,2,-2.322,5,2,-0.44,-0.532,1,4,2,6,0.0,0,2,4,7,7,-1.725,0,1,4,-1.284,0.0,0
0,3,2,3,4,0,-0.943,5,2,2,0.205,0,0,21.91,2,1,0,-1.591,0.063,4,0,0,3.581,3,1,-0.37,7,4,-0.583,-0.307,1,3,5,6,0.0,3,1,5,3,4,-1.355,0,2,3,-1.178,0.0,0
4,4,4,6,2,0,-0.1,2,5,5,1.011,3,6,31.62,0,7,1,-2.212,0.0,3,0,1,-2.853,1,4,2.929,0,5,0.468,0.177,5,0,2,3,0.0,4,1,4,3,7,-0.476,6,0,3,0.267,0.0,0
4,1,5,5,1,0,1.673,4,1,1,-1.945,4,2,32.43,1,4,0,0.667,0.947,2,0,5,3.684,6,1,-0.404,2,5,-0.477,-0.16,0,1,0,5,0.0,4,0,1,3,0,-0.086,4,2,1,0.679,0.0,0
3,2,4,3,5,0,1.092,5,0,4,-0.227,0,5,34.07,6,5,3,1.372,-1.225,2,0,2,-1.455,0,0,-0.514,5,1,1.544,-1.554,0,0,1,5,0.0,4,5,2,0,1,0.331,7,3,3,-0.151,0.0,0
3,2,1,0,5,0,-0.234,1,0,2,-0.793,0,0,32.38,2,2,0,3.31,1.851,2,0,2,2.964,0,1,1.414,1,4,-1.093,2.026,3,1,1,4,0.0,2,0,5,4,0,1.421,2,1,0,0.461,0.0,0
2,6,0,3,5,0,-1.06,0,4,5,1.277,0,1,25.88,6,5,1,0.478,1.464,2,0,2,-3.214,2,2,-1.137,6,1,-2.283,-1.265,3,0,3,4,0.0,3,6,5,1,1,-1.05,5,1,3,-0.477,0.0,0
3,7,3,3,4,1,3.667,4,4,3,-0.092,3,4,29.89,4,1,4,2.554,0.636,2,1,0,2.172,6,0,0.991,4,3,1.231,-0.936,2,4,4,4,77.22,1,7,2,2,7,2.839,7,1,0,2.078,0.0,1
5,5,4,3,4,0,-2.798,5,5,3,-4.176,4,1,34.49,6,2,5,-3.616,0.094,5,0,5,-5.579,5,0,-2.451,2,2,-1.314,-2.886,2,1,1,1,0.0,1,3,3,0,0,-1.632,1,1,3,-1.151,0.0,0
5,2,4,2,3,0,1.332,2,2,2,-0.488,4,6,39.21,2,5,1,-0.703,-0.575,5,0,4,0.204,1,1,-0.283,7,0,-1.627,-0.156,5,5,1,1,0.0,2,1,1,4,1,-0.565,1,3,3,-0.682,0.0,0
4,4,2,5,0,1,-0.29,5,1,3,3.054,0,2,44.16,1,7,3,-0.448,0.243,3,1,0,2.348,5,1,2.284,1,2,2.243,1.717,3,3,2,4,0.0,1,1,3,5,6,1.449,5,5,1,1.622,19.26,1
2,3,3,2,3,0,1.924,0,2,2,1.593,2,7,18.94,0,7,2,-0.456,0.373,5,0,0,0.803,2,2,0.856,7,1,-0.737,-0.892,0,0,2,6,0.0,5,6,2,7,0,0.95,7,1,0,0.607,0.0,0
0,4,2,7,0,0,0.934,0,4,2,-0.734,5,6,25.4,5,0,4,-1.206,0.199,1,0,1,-5.91,5,5,-0.597,7,5,1.181,-0.205,3,1,2,5,0.0,1,0,2,5,7,-0.041,3,5,4,-0.268,0.0,0
1,7,1,5,3,0,3.179,4,2,1,0.723,3,1,33.08,0,2,2,-0.154,-0.647,0,0,0,0.092,1,0,3.417,2,3,1.563,-0.479,2,2,3,1,0.0,4,6,5,7,7,0.329,4,1,5,0.153,0.0,0
2,1,3,3,3,0,-0.998,4,2,0,-1.548,5,3,24.8,6,3,2,2.269,-1.463,4,0,1,1.782,5,4,0.628,2,3,2.014,2.024,3,1,0,3,0.0,4,1,1,7,2,0.275,1,0,5,0.552,0.0,0
4,2,1,3,2,0,0.142,5,3,0,-3.707,0,4,28.34,6,4,4,-1.931,0.786,5,0,4,0.403,4,5,-3.202,1,3,-5.083,-3.961,1,3,4,6,0.0,4,4,5,7,0,-1.435,2,0,2,-1.839,0.0,0
1,4,1,6,4,0,-1.579,0,1,0,-2.361,0,0,27.54,1,0,1,-2.998,0.872,3,0,3,-0.508,5,0,-1.26,5,0,-1.43,-0.718,5,3,2,7,0.0,4,3,0,2,7,-1.107,4,3,2,-0.26,0.0,0
2,3,1,3,0,0,0.352,1,0,4,0.568,0,7,31.54,3,1,5,-1.072,0.053,3,0,2,1.264,3,1,-4.186,5,1,0.087,-0.333,0,4,0,7,0.0,2,0,4,6,5,0.098,4,4,5,0.209,0.0,0
0,2,1,1,1,0,3.669,2,5,2,-0.292,2,2,37.83,7,2,3,0.712,-0.117,2,0,1,0.482,3,4,4.881,1,1,1.021,0.226,5,3,0,3,0.0,0,4,5,1,5,0.639,4,0,4,0.058,0.0,0
3,7,3,2,4,0,-3.806,5,5,1,0.381,4,0,32.84,7,2,2,-1.408,-2.047,5,0,5,3.13,1,3,0.677,3,0,-1.112,-0.565,5,2,1,7,0.0,2,3,5,0,2,-1.278,7,4,1,-1.609,0.0,0
5,2,0,4,3,0,-0.468,2,0,2,-2.019,0,6,36.6,4,3,1,0.202,-0.153,2,0,3,-2.002,4,3,-1.566,7,4,-1.784,-1.073,4,0,5,5,0.0,3,1,3,2,0,-2.148,2,1,2,-1.471,0.0,0
4,2,2,3,3,0,-0.442,3,2,4,-0.176,5,3,27.94,2,6,3,-1.36,1.162,3,0,4,-1.774,1,1,-0.592,4,3,-1.953,-3.609,5,3,1,5,0.0,5,5,3,1,3,-1.277,2,3,3,-0.224,0.0,0
0,5,1,7,4,0,-0.691,4,3,4,1.725,2,2,23.99,4,3,5,2.514,0.303,0,0,4,2.11,5,1,0.977,6,1,-1.437,-1.101,0,4,2,6,0.0,3,7,2,7,6,0.657,5,0,5,0.252,0.0,0
1,5,0,1,5,0,2.559,2,4,4,-1.804,2,0,39.2,3,0,3,3.675,-1.038,3,1,1,1.81,1,1,1.816,3,0,0.641,1.338,0,5,1,0,0.0,0,0,5,6,2,1.28,1,4,5,0.412,234.59,1
4,7,0,6,4,0,-4.047,0,3,5,-2.714,4,7,36.8,1,1,1,-1.481,-2.012,5,0,3,-4.014,5,5,1.989,0,5,-3.645,-2.891,2,4,3,3,0.0,2,7,3,3,4,0.088,3,1,2,-0.758,0.0,0
5,1,5,7,2,0,-2.314,3,2,0,-1.478,5,2,31.67,3,1,1,0.024,-0.53,2,0,3,-1.067,4,2,1.835,2,0,-1.28,-1.201,5,5,3,1,0.0,0,0,4,6,0,-1.495,1,3,1,-1.188,0.0,0
1,6,2,5,0,0,0.928,0,2,2,1.61,2,1,33.17,4,4,1,0.202,-0.593,3,0,3,1.836,5,0,0.269,0,3,-0.375,0.042,0,1,5,0,0.0,4,6,2,0,6,-0.299,6,1,0,-0.203,0.0,0
3,7,4,2,5,0,-0.312,0,5,2,-0.394,5,4,29.86,2,6,3,-3.611,-0.306,5,0,1,-0.516,4,0,-1.134,7,1,-1.564,0.066,1,0,2,5,0.0,2,7,0,4,3,-0.398,1,1,4,-0.365,0.0,0
3,1,3,0,3,0,-1.787,2,0,2,-0.831,5,4,35.32,5,0,5,-0.993,0.478,4,0,4,0.228,6,1,-1.104,0,2,-0.216,0.675,5,4,1,0,0.0,0,3,2,5,2,-1.019,0,0,4,-0.486,0.0,0
5,5,2,0,1,0,-2.497,2,0,3,-0.317,2,4,24.65,4,3,4,-1.58,0.204,3,0,2,-0.797,1,2,-0.384,7,1,-0.04,-0.558,5,2,4,1,0.0,1,5,0,0,7,-0.234,4,5,0,-0.632,0.0,0
5,6,4,5,5,0,-2.151,3,2,3,-3.282,0,7,28.99,2,4,3,-1.46,1.095,3,0,3,-3.331,0,1,-2.053,0,5,-1.079,0.343,3,1,5,0,0.0,3,0,4,1,3,-0.712,2,0,5,-0.996,0.0,0
0,5,0,3,0,0,-1.934,3,4,4,-4.162,2,4,26.01,3,2,4,-0.238,0.432,5,0,3,-0.751,4,2,-1.65,7,2,2.065,-1.169,0,5,1,4,0.0,2,0,1,7,6,-0.913,7,2,3,-0.311,0.0,0
4,2,2,7,0,0,1.37,1,2,0,0.64,1,1,37.03,7,1,1,-1.172,-0.709,4,0,5,-2.126,3,2,0.554,5,2,-0.497,1.133,4,3,1,4,0.0,2,6,1,6,5,-0.476,4,1,3,-0.405,0.0,0
1,3,0,3,5,0,-1.621,0,0,4,0.003,1,0,26.03,7,1,3,-1.974,0.707,1,0,1,0.092,1,1,-1.014,2,4,-0.313,-3.834,0,4,1,4,0.0,2,3,3,0,7,-1.501,3,5,1,-1.326,0.0,0
1,2,1,7,0,0,-2.033,4,1,0,1.097,1,4,27.77,3,7,1,-0.69,-2.154,4,0,4,0.311,0,3,0.424,0,0,2.39,-1.966,4,3,4,6,0.0,2,5,5,2,6,-0.458,2,4,5,-0.523,0.0,0
4,3,0,2,2,1,0.928,4,3,4,1.225,5,5,41.64,2,2,1,-1.827,2.768,0,1,0,1.914,0,3,0.534,2,1,0.432,2.108,4,4,1,5,0.0,1,5,2,7,0,0.57,6,2,1,1.212,0.0,1
1,7,3,0,3,0,1.032,1,5,2,1.56,0,6,24.68,1,5,3,1.728,1.077,2,0,0,3.017,7,3,-1.083,3,0,-0.121,2.092,1,4,4,0,0.0,4,6,4,0,5,0.335,4,4,4,0.699,0.0,0
1,6,2,7,4,0,0.751,5,1,2,1.106,0,3,24.76,0,7,5,0.426,-0.561,1,0,4,-3.156,2,0,-0.861,1,5,2.344,0.711,4,1,2,3,0.0,2,4,2,4,1,0.433,6,5,1,0.297,0.0,0
2,3,3,5,5,0,-2.381,0,2,2,-1.256,5,4,39.33,4,5,3,-2.562,0.74,2,0,2,-4.676,6,4,-1.618,0,2,-1.868,-0.849,5,5,1,4,0.0,1,7,5,1,3,-1.122,1,3,1,-1.3,0.0,0
1,7,3,7,0,0,0.226,2,2,3,-2.269,0,4,22.83,1,3,0,2.206,-0.803,3,0,0,-4.679,0,1,-2.04,3,3,0.39,-1.023,5,3,5,7,0.0,4,1,3,2,5,-0.209,4,4,2,-0.065,0.0,0
1,2,4,1,1,0,1.273,5,5,3,-2.333,0,4,28.39,0,2,2,0.812,-1.537,1,0,1,1.257,2,0,1.803,5,0,-0.108,0.484,3,3,2,0,0.0,0,2,4,7,1,-0.305,1,1,1,-0.092,0.0,0
3,2,0,1,2,0,2.172,0,2,1,-0.786,3,4,25.98,6,4,2,1.663,-0.908,4,0,0,1.606,5,1,0.309,4,5,2.104,-0.544,1,5,5,5,0.0,0,1,1,1,0,1.433,0,3,3,1.042,0.0,0
3,2,2,3,4,0,1.95,0,3,0,0.189,4,3,20.67,4,3,1,-1.018,0.138,4,0,1,-2.153,7,1,-0.351,6,1,-1.651,-0.777,0,4,3,7,0.0,2,7,4,3,1,-0.046,0,4,1,-0.328,0.0,0
3,7,3,0,1,0,0.152,3,1,4,1.411,5,1,26.41,0,5,3,1.236,0.166,0,0,3,-3.736,4,4,0.887,0,4,0.044,-0.475,4,1,5,1,0.0,2,6,5,2,0,-0.8,0,2,1,-0.442,0.0,0
4,3,0,6,5,0,-0.778,5,1,4,0.448,5,4,29.71,3,2,1,2.767,-1.25,0,0,0,-1.371,2,5,2.513,5,5,1.617,0.874,4,4,1,0,0.0,4,3,1,3,1,0.748,0,5,1,0.641,0.0,0
5,0,2,7,4,0,0.021,4,2,4,0.223,2,3,31.58,4,5,4,-0.404,-0.41,1,0,5,1.2,2,5,1.222,7,4,-2.032,-1.647,0,4,2,5,0.0,3,2,1,0,7,-0.231,2,0,0,-0.64,0.0,0
0,7,3,0,5,0,1.428,1,4,3,0.397,4,4,25.24,1,5,0,-0.546,0.063,1,0,0,-1.201,7,2,0.117,2,0,-0.844,0.731,0,1,5,5,0.0,2,1,4,6,4,0.157,4,5,0,-0.117,0.0,0
1,0,3,6,2,0,-0.26,5,0,0,0.463,0,4,20.77,7,2,4,1.038,1.046,5,0,3,0.683,1,4,-2.217,4,1,-1.37,1.612,5,4,2,7,0.0,0,0,4,6,4,-1.181,3,1,2,-0.995,0.0,0
3,0,0,5,1,0,-4.61,4,5,5,-2.041,2,2,28.37,4,5,0,-0.731,0.174,2,0,3,-2.018,4,2,-2.125,7,2,-3.642,0.108,2,3,0,1,0.0,5,0,0,2,4,-1.474,6,1,4,-1.286,0.0,0
2,4,0,6,5,0,0.021,0,4,1,1.821,4,0,24.28,7,5,1,1.773,-0.129,5,0,5,1.098,6,3,0.866,4,5,2.668,1.152,4,3,0,0,0.0,5,2,2,6,6,1.618,4,2,0,1.047,0.0,0
2,7,2,7,5,0,-1.72,3,5,4,-0.105,1,1,43.99,0,6,0,-0.077,2.202,2,1,3,2.241,5,3,1.01,2,0,0.209,2.591,1,1,2,1,0.0,5,5,4,7,5,1.545,6,2,0,1.568,16.98,1
1,0,4,2,1,0,1.015,2,0,4,-0.555,1,3,29.96,7,4,2,0.508,1.797,2,0,2,-1.425,7,5,-0.406,3,4,0.011,1.292,1,5,2,2,0.0,2,0,0,2,7,0.784,2,2,3,1.077,0.0,0
1,2,5,0,3,0,-0.694,1,2,2,-2.927,2,5,16.41,6,3,2,-1.262,0.637,1,0,5,-5.234,7,5,-1.873,0,0,-1.239,-1.359,0,1,3,6,0.0,1,7,3,7,3,-1.981,1,0,2,-1.987,0.0,0
0,1,0,6,2,0,-2.075,3,3,5,-3.706,2,3,27.33,1,4,2,0.274,-0.17,0,0,3,-3.233,5,5,-3.497,5,5,-1.175,-0.754,3,5,1,1,0.0,4,7,4,4,2,-0.878,7,1,2,-0.871,0.0,0
2,0,2,5,1,0,-0.886,3,1,5,-0.643,3,1,16.95,7,0,0,1.156,0.351,0,0,5,-1.681,2,0,-1.416,5,4,-1.169,-1.049,3,3,4,6,0.0,3,0,3,3,3,-1.09,2,3,0,-0.946,0.0,0
2,6,1,1,4,0,1.484,2,4,4,1.893,1,4,29.05,3,1,2,1.79,-1.097,0,0,2,-1.969,0,2,-0.738,3,4,-1.461,-2.13,5,5,2,5,0.0,5,2,1,0,6,0.385,2,0,0,0.611,0.0,0
0,0,2,1,2,1,1.731,3,1,1,0.801,5,3,33.42,2,1,3,0.145,0.783,1,1,5,2.512,5,1,5.685,4,4,2.763,0.801,2,2,5,1,0.0,3,3,2,4,5,0.773,4,0,4,1.359,122.44,1
3,6,5,6,3,0,1.432,3,3,0,0.475,2,7,45.41,2,1,4,-1.681,-0.896,5,1,0,0.229,7,3,0.644,5,2,0.309,0.636,1,1,3,4,0.0,1,7,1,6,6,1.519,1,2,3,1.085,228.38,1
1,6,5,1,3,0,0.761,1,3,2,0.369,5,7,21.92,1,3,3,-2.782,2.054,3,0,3,-2.132,1,3,-0.349,7,4,-1.039,-2.55,5,0,1,6,0.0,5,2,1,3,0,0.005,0,2,3,1.018,0.0,0
2,2,1,1,0,0,1.783,4,0,5,1.566,1,3,20.18,1,6,0,1.868,-0.101,1,0,1,4.379,2,0,1.759,2,0,-2.087,0.096,4,0,0,3,0.0,4,6,1,5,6,0.765,2,1,5,0.634,0.0,0
4,1,4,7,0,0,2.105,5,2,3,1.73,4,6,28.19,6,6,3,0.462,0.543,1,0,4,1.003,0,3,-0.557,6,2,-0.912,2.29,2,5,2,7,0.0,4,3,4,5,7,-0.375,5,4,3,0.578,0.0,0
3,1,1,0,3,0,-3.016,0,2,0,0.049,1,1,29.96,0,2,1,-1.421,1.393,1,0,5,-0.473,6,0,-2.273,2,3,-0.544,-0.064,5,0,5,7,0.0,5,2,0,6,6,-1.112,7,0,1,-1.978,0.0,0
2,2,3,0,3,0,0.132,5,3,2,1.361,3,3,36.04,3,7,3,0.492,-0.146,0,0,0,-0.313,1,3,-0.126,7,1,-0.908,-0.567,2,3,2,5,0.0,5,4,4,0,4,1.146,3,2,1,0.341,0.0,0
0,6,4,3,3,0,0.111,4,4,3,-0.549,5,4,24.21,5,4,3,-0.426,0.841,3,0,3,-1.243,4,0,-1.018,3,0,-2.636,-1.988,4,2,4,2,0.0,3,5,2,4,3,-0.385,7,0,1,-0.407,0.0,0
5,0,0,5,1,0,-0.148,2,3,1,-4.482,3,5,32.58,2,7,2,-1.308,-0.881,0,0,3,-2.803,5,1,-0.605,4,0,-1.176,-1.623,0,2,3,6,0.0,2,4,1,0,4,-2.222,0,5,3,-1.766,0.0,0
2,1,0,1,4,0,-0.08,5,2,5,-1.717,3,0,24.79,1,6,2,0.479,1.628,2,0,5,-0.244,1,4,2.205,4,0,-0.886,-0.431,1,2,5,2,0.0,1,2,5,2,0,-0.977,1,3,2,-0.682,0.0,0
3,5,4,5,4,0,-1.113,1,3,4,-2.021,5,0,28.16,1,3,5,0.411,1.496,0,0,1,3.724,7,2,-1.561,5,1,-0.088,0.145,2,1,1,5,0.0,3,4,1,3,1,-1.012,0,2,0,-0.516,0.0,0
2,5,5,6,1,0,1.83,4,1,2,1.505,1,6,15.86,3,5,2,0.078,-1.368,4,0,0,1.421,5,4,2.454,5,3,-1.958,0.974,0,1,4,0,0.0,2,0,3,1,0,0.223,5,1,1,0.453,0.0,0
2,5,1,3,2,0,-1.454,1,2,4,-1.434,2,5,27.43,1,2,5,2.097,1.392,3,0,5,-0.521,6,5,2.365,2,3,-1.49,-3.979,1,5,0,1,0.0,3,0,3,5,3,-1.187,4,5,3,-0.927,0.0,0
4,1,3,1,2,0,-2.843,2,2,0,-2.667,4,0,26.25,6,0,5,-0.332,0.96,1,0,3,-4.092,3,2,0.311,2,0,-0.504,-1.301,5,1,5,7,0.0,4,6,1,4,6,-1.52,4,2,1,-1.27,0.0,0
5,7,5,6,2,0,3.422,3,1,2,-0.865,0,5,21.16,0,3,0,-1.053,-0.5,1,0,3,-0.851,0,2,0.9,3,3,-0.233,0.207,0,1,1,1,0.0,1,4,2,3,4,1.122,5,4,3,0.984,0.0,0
5,2,0,0,5,1,0.861,1,2,5,0.874,5,6,31.26,1,3,2,-0.271,0.544,0,0,1,2.26,0,1,0.954,6,1,-1.105,1.944,3,4,5,1,6.07,4,3,0,2,4,0.709,2,5,1,0.362,222.67,1
5,7,5,6,5,1,0.463,3,3,5,0.985,0,3,32.72,7,2,5,4.358,0.573,1,1,1,-1.283,7,5,2.406,6,4,2.003,3.696,0,1,2,7,0.0,1,2,1,4,7,0.853,0,2,0,1.926,238.23,1
0,5,2,6,2,0,2.821,4,4,4,-1.154,5,6,40.84,2,4,2,1.914,2.012,0,1,3,-2.081,4,5,2.33,4,1,3.234,2.314,5,0,3,3,0.0,3,7,4,3,1,0.167,6,5,2,0.893,177.17,1
1,4,2,1,4,0,1.893,0,1,3,0.734,3,3,28.72,3,0,1,-0.386,-0.401,4,0,3,-1.097,2,1,0.051,5,3,-0.055,-2.086,5,1,0,6,0.0,2,6,0,6,0,-0.073,4,5,5,0.509,0.0,0
3,7,3,4,3,0,2.877,4,4,5,-0.795,1,1,32.61,6,1,4,-1.136,1.714,5,0,2,0.947,2,1,-1.633,6,1,-1.274,-1.94,3,1,0,2,0.0,5,2,3,0,2,-0.969,7,0,3,-0.876,0.0,0
4,1,3,5,0,0,1.014,0,5,5,1.528,1,5,35.89,7,4,5,-1.776,-0.328,3,0,4,-0.785,4,1,-1.151,1,0,-0.369,-0.891,3,3,0,2,0.0,1,2,3,1,6,-0.072,2,0,2,-0.32,0.0,0
5,4,0,7,3,1,-0.359,4,4,3,-0.165,0,4,35.88,1,7,5,0.368,-0.061,5,0,4,1.763,2,1,3.36,7,4,1.69,-3.08,1,5,3,3,0.0,3,7,4,2,7,0.475,3,0,2,0.846,197.66,1
4,5,0,7,5,0,-1.051,0,2,2,2.378,5,1,28.61,7,5,2,1.775,-1.777,3,0,3,-3.078,1,2,3.631,0,5,1.507,2.328,3,2,3,5,0.0,1,2,0,0,2,0.821,5,1,4,0.779,0.0,0
0,3,3,3,4,0,0.657,4,4,2,1.647,5,6,21.32,3,7,4,-0.108,-0.848,2,0,5,-0.784,3,0,-1.479,4,3,-1.162,0.217,5,1,2,1,0.0,5,1,5,1,2,-0.032,1,0,3,-0.031,0.0,0
3,1,4,7,3,0,2.649,3,1,5,-1.157,1,6,36.9,5,7,1,-0.208,0.81,0,1,2,-0.361,7,2,2.787,0,2,2.047,-1.82,5,0,2,4,0.0,2,5,1,0,7,1.084,3,4,3,1.371,0.0,1
0,5,2,4,4,0,-3.931,0,2,2,-0.055,0,5,34.68,2,0,4,-1.812,0.898,4,0,4,-4.909,4,1,0.665,4,0,-1.189,-0.689,2,0,5,1,0.0,1,6,3,0,3,-1.589,7,3,0,-1.244,0.0,0
4,0,3,0,2,0,0.016,1,5,5,1.661,4,5,33.96,3,6,4,0.516,-0.004,5,1,4,3.38,3,5,3.172,0,1,3.132,2.297,0,3,0,3,0.0,0,7,5,3,1,1.6,2,5,0,1.499,135.67,1
1,5,4,6,1,0,-2.525,2,4,4,-0.344,4,3,41.74,5,4,5,0.351,-0.428,1,0,3,-0.886,3,2,-2.477,4,0,0.631,1.502,5,4,3,2,0.0,1,2,0,3,6,-0.822,5,0,2,0.611,0.0,0
5,7,5,3,5,0,0.081,5,5,2,0.284,2,3,33.6,7,7,0,1.627,-0.871,3,1,2,2.304,5,1,1.544,0,2,0.64,1.883,5,4,1,5,0.0,1,0,1,1,1,0.147,1,1,3,0.379,107.46,1
2,1,3,0,2,0,0.256,4,4,3,-3.085,2,1,23.56,7,0,0,-0.048,1.866,0,0,4,0.277,7,0,0.15,0,0,0.412,-1.567,2,0,3,5,0.0,2,4,0,6,0,-1.193,1,5,0,-0.422,0.0,0
0,1,2,4,0,0,-3.882,2,0,2,-1.26,4,3,35.63,6,3,5,-1.783,-0.38,3,0,1,-2.666,6,1,-0.131,6,4,-3.291,-1.738,5,3,3,4,0.0,1,6,4,3,1,-1.997,6,3,4,-1.99,0.0,0
2,2,1,6,5,0,-0.716,2,1,1,-0.739,4,7,25.3,3,3,3,-2.424,0.579,1,0,3,-2.562,4,5,-0.431,6,3,-0.688,-0.326,2,0,5,7,0.0,0,6,3,1,1,-0.577,2,1,1,-0.72,0.0,0
0,6,3,2,3,0,-0.016,3,3,3,2.598,5,0,33.95,4,2,3,1.46,-0.211,5,1,5,1.399,7,0,0.532,5,3,0.873,-0.398,5,5,1,0,0.0,5,2,3,1,7,0.514,1,1,4,1.296,197.47,1
1,0,0,6,2,1,5.097,5,3,5,3.149,3,1,37.1,7,0,3,-0.531,-1.314,2,1,1,3.436,7,4,2.723,3,3,1.521,0.784,0,2,5,4,0.0,2,4,5,4,1,2.197,7,2,2,1.817,63.52,1
0,2,1,2,2,0,0.582,2,4,0,2.713,5,3,28.25,5,7,1,-1.377,-0.383,2,0,2,0.645,4,4,-1.522,0,0,0.823,0.971,0,2,5,0,0.0,4,3,1,2,3,0.363,5,3,3,0.783,0.0,0
2,5,0,3,4,0,-2.645,4,0,1,-3.515,4,0,26.46,4,4,3,0.486,0.974,4,0,4,-2.259,0,4,-3.449,4,5,-1.669,-1.764,2,2,3,7,0.0,1,3,0,0,1,-2.649,6,1,4,-1.917,0.0,0
2,1,3,2,2,0,-0.62,1,0,3,-0.309,3,3,30.27,5,5,0,2.439,0.02,1,0,3,-2.803,0,3,-1.63,5,0,0.623,2.138,1,1,5,2,0.0,4,6,4,0,3,-0.378,5,5,5,-0.037,0.0,0
3,0,5,5,0,0,0.35,4,1,5,-1.588,5,7,29.45,7,0,2,-0.46,-0.113,3,0,2,-6.039,5,5,0.289,6,1,-0.486,-1.222,1,2,0,0,0.0,2,2,3,1,1,0.24,3,0,3,-0.558,0.0,0
0,5,0,3,1,1,1.811,5,3,4,0.377,4,0,46.2,4,4,0,2.939,-1.123,2,1,1,1.687,0,5,1.712,5,1,0.942,-0.644,4,4,4,4,0.0,5,0,0,1,4,1.227,2,3,3,1.187,203.71,1
1,0,4,3,5,0,0.419,1,1,0,0.791,1,3,34.62,0,7,3,-0.738,0.997,0,0,5,-3.721,0,0,-2.595,2,4,-2.405,0.157,0,0,1,0,0.0,5,4,3,6,6,-0.446,2,4,5,-0.366,0.0,0
4,3,3,6,1,0,-0.513,0,3,5,-1.125,0,2,21.9,2,4,5,0.126,0.679,4,0,1,-1.494,2,0,0.913,6,3,0.365,-0.588,2,4,4,7,0.0,4,6,2,2,7,-0.788,0,5,0,-0.62,0.0,0
1,7,3,0,2,0,0.184,3,1,1,-0.807,4,0,26.53,6,6,5,-0.74,-0.801,0,0,2,-0.449,7,0,0.169,6,0,-0.049,1.188,3,1,2,5,0.0,3,0,3,1,0,0.545,4,4,4,0.209,0.0,0
5,3,1,6,5,0,-0.442,5,3,4,-0.007,4,1,32.31,1,1,2,1.828,-0.159,1,0,2,-0.675,4,1,-1.212,2,1,0.946,0.253,5,1,2,1,0.0,5,5,0,2,4,-0.622,2,1,3,-0.092,0.0,0
2,2,1,6,3,0,0.702,2,5,2,0.896,1,5,34.65,0,5,1,0.256,-1.296,0,0,4,-0.812,2,2,0.882,5,2,-2.613,1.843,2,5,3,3,0.0,5,6,5,6,3,0.448,3,3,4,0.573,0.0,0
4,5,4,1,1,0,-0.98,0,2,3,-2.066,2,3,36.98,1,1,0,-4.026,-1.163,0,0,2,-0.512,7,4,-2.238,1,1,-2.848,-2.991,4,0,1,2,0.0,2,7,3,4,6,-1.025,7,0,1,-0.87,0.0,0
3,5,1,6,1,0,-0.8,1,3,0,-1.664,4,0,30.55,4,4,2,-1.553,-1.177,0,0,4,-1.724,1,3,-2.225,6,2,-0.361,-0.335,3,3,3,7,0.0,5,4,5,7,7,-0.696,4,1,2,-1.107,0.0,0
4,6,4,1,1,0,-1.206,4,4,5,-0.731,1,5,25.93,7,6,1,0.755,0.635,3,0,0,-0.405,3,5,-1.893,6,5,-0.395,-0.807,4,2,1,4,0.0,0,2,2,3,5,-0.388,4,2,0,-1.003,0.0,0
5,0,4,0,3,0,2.593,0,3,1,0.226,5,1,23.62,6,7,3,3.856,-0.083,3,0,3,1.689,4,5,0.835,4,4,-0.643,0.664,3,5,1,4,0.0,2,6,2,4,7,0.624,3,1,1,0.923,0.0,0
1,3,3,1,1,0,-0.884,4,2,0,-0.879,1,1,23.46,7,4,1,3.221,-1.463,2,0,3,3.681,1,4,0.785,0,4,-1.233,0.976,3,3,0,0,0.0,1,4,4,7,2,-0.198,3,5,2,0.325,0.0,0
3,4,3,5,3,1,4.045,3,1,2,2.086,4,7,34.98,3,1,1,2.709,-0.95,3,1,3,1.14,0,5,-0.219,6,1,-0.559,1.158,3,0,0,6,0.0,0,4,5,1,4,1.506,3,0,4,1.438,0.0,1
3,0,2,2,2,0,0.403,3,2,1,-1.17,3,3,20.03,6,2,4,-0.589,0.61,2,0,5,0.659,0,0,-1.622,0,4,0.276,2.416,3,5,0,4,0.0,0,1,0,2,6,-0.411,5,5,5,0.026,0.0,0
2,3,4,5,5,1,1.579,0,3,1,1.652,3,3,31.04,4,3,5,5.688,-0.258,2,1,2,-0.488,1,2,-0.605,0,3,1.177,-0.379,3,3,2,0,59.56,0,2,3,2,2,2.416,1,1,2,2.054,155.87,1
2,2,4,6,2,0,-0.489,0,1,1,-2.423,5,6,28.7,5,7,1,-2.839,-0.641,3,0,3,-1.477,2,4,0.951,3,2,-3.502,0.264,0,0,4,5,0.0,3,6,4,1,1,-1.352,1,0,5,-1.195,0.0,0
3,1,5,5,0,0,1.92,1,1,4,-0.118,4,4,28.56,1,2,3,-0.356,-0.809,3,0,3,-0.251,4,3,-0.067,7,2,-0.435,2.343,1,4,5,3,0.0,3,0,0,7,7,0.552,2,5,2,0.252,0.0,0
0,1,3,5,5,0,-0.401,0,2,3,0.372,2,5,33.34,7,1,4,0.077,1.676,1,0,3,-6.104,7,1,-0.134,1,1,0.781,-1.759,2,1,0,3,0.0,4,0,0,4,0,0.154,6,2,5,-0.151,0.0,0
4,1,2,0,3,0,-1.445,0,3,1,0.303,3,2,23.08,0,7,0,-2.461,0.209,3,0,2,1.163,2,0,0.47,5,3,0.143,-2.491,5,5,3,0,0.0,1,5,1,1,0,0.023,5,5,1,-1.081,0.0,0
3,7,3,6,0,0,-0.477,0,0,0,1.41,3,1,27.66,5,5,3,0.369,0.931,5,0,4,0.376,2,3,1.582,5,4,-0.805,0.725,2,2,1,1,0.0,3,0,3,1,0,0.473,4,1,1,-0.117,0.0,0
4,1,4,4,5,0,-1.264,0,3,5,-0.177,3,4,17.72,4,4,0,-3.467,-0.97,4,0,3,1.435,7,3,0.559,3,5,1.203,0.517,2,0,4,0,0.0,1,2,3,6,5,-1.183,4,4,0,-0.152,0.0,0
0,6,5,5,0,0,1.723,4,3,4,-0.816,4,0,15.04,0,4,2,0.091,0.91,0,0,1,-0.895,2,5,-1.847,0,2,0.582,0.731,0,4,0,4,0.0,2,4,4,4,5,0.85,2,4,2,0.15,0.0,0
3,3,5,3,3,0,0.613,5,3,1,-1.691,5,7,25.77,3,0,2,-4.478,-0.27,4,0,0,-0.669,1,0,-3.5,5,3,-0.002,-1.342,4,3,2,5,0.0,5,1,3,3,7,-1.808,3,5,2,-0.535,0.0,0
4,1,4,3,4,0,1.22,5,5,5,0.077,1,7,33.99,3,1,4,3.573,-1.206,3,0,4,1.628,3,1,-1.915,4,4,0.193,0.014,1,2,3,0,0.0,4,0,4,1,2,0.15,6,1,4,-0.463,0.0,0
2,5,4,0,1,0,-2.118,5,5,2,0.585,0,2,21.73,2,3,5,1.573,-0.764,4,0,0,-1.735,6,0,2.88,6,5,1.046,0.774,3,3,1,5,0.0,0,2,2,0,6,0.173,0,3,1,0.361,0.0,0
2,0,1,5,1,1,2.708,3,3,5,1.838,0,4,37.45,2,2,5,-0.294,0.604,4,1,0,-1.644,3,1,4.013,4,4,-0.683,-0.347,1,0,4,5,75.83,4,3,2,7,4,1.326,7,1,1,0.736,0.0,1
1,1,5,1,1,1,1.37,4,2,3,0.891,1,6,31.54,2,4,0,4.419,0.245,3,1,3,2.603,2,0,3.675,5,3,2.199,2.88,3,2,3,6,0.0,3,6,5,2,5,2.209,5,2,5,3.18,187.52,1
1,5,1,7,5,0,3.273,3,2,1,-0.158,4,4,27.53,3,3,5,-1.994,0.362,2,0,5,-0.803,7,0,-1.232,3,2,-0.484,-0.278,3,4,4,5,0.0,2,5,3,0,5,0.138,2,2,3,0.507,0.0,0
0,7,4,5,4,0,1.384,1,4,5,0.722,0,3,26.17,4,6,1,0.733,-0.019,0,0,4,3.175,1,0,0.069,7,0,1.559,2.568,1,2,5,3,0.0,5,6,3,6,7,1.173,6,5,1,0.211,0.0,0
1,0,1,4,0,0,1.838,4,0,1,-1.434,4,3,22.69,1,7,0,1.994,0.64,1,0,5,5.519,5,4,-0.96,3,0,-2.092,0.623,2,0,2,3,0.0,3,1,1,5,1,-0.009,5,4,0,0.573,0.0,0
2,7,0,2,4,0,1.931,2,5,4,-0.078,1,7,35.8,4,1,5,-0.644,-0.894,3,0,5,-4.602,5,2,-3.679,0,2,-3.111,-2.012,1,3,5,2,0.0,4,2,2,3,0,-1.096,6,1,0,-1.659,0.0,0
2,7,0,2,1,0,4.143,5,1,1,-1.068,3,3,40.97,0,6,5,-0.584,0.259,0,1,1,1.966,0,1,0.386,5,0,3.223,1.983,3,1,2,6,0.0,0,5,0,2,3,0.836,7,4,3,0.893,205.8,1
5,6,2,6,3,0,0.701,0,5,1,1.748,5,4,32.6,2,4,5,-0.11,1.089,4,0,4,-2.799,2,0,3.129,3,4,-0.308,0.763,5,5,4,4,0.0,3,0,0,7,1,0.817,5,5,2,-0.03,0.0,0
5,0,2,7,1,0,-2.13,5,5,0,-1.11,0,1,37.86,7,3,3,0.565,1.411,2,0,4,0.439,4,3,-0.821,0,2,-0.431,2.546,4,0,4,5,0.0,0,0,2,6,4,1.224,7,1,3,0.306,0.0,0
2,2,5,3,0,0,-0.886,0,2,2,0.003,3,2,36.96,0,7,2,1.976,0.157,2,0,1,-0.988,7,4,-2.416,7,5,1.477,-0.057,2,3,2,0,0.0,5,6,3,2,2,0.668,4,4,1,1.221,0.0,0
0,0,1,5,3,1,4.026,3,0,5,-0.069,4,6,30.94,7,7,3,-0.07,1.542,2,1,3,1.99,1,1,1.949,5,5,1.603,1.904,1,3,2,5,0.0,3,6,1,3,5,2.159,2,1,0,1.92,195.47,1
1,1,2,6,3,0,-1.152,3,4,1,-2.199,2,1,28.04,5,5,5,-1.17,-1.126,0,0,1,-3.075,0,1,-0.623,1,4,0.726,-2.61,5,1,5,0,0.0,0,4,0,4,6,-1.588,4,0,4,-1.705,0.0,0
5,5,3,7,0,1,3.273,5,4,3,1.622,1,1,38.6,2,7,1,-0.015,1.223,2,0,3,-0.05,7,1,0.774,7,0,1.49,0.443,1,3,2,5,0.0,3,2,2,3,6,1.243,1,0,4,0.67,161.96,1
3,6,3,4,4,0,0.859,4,2,5,-0.049,4,0,25.1,6,3,4,-2.372,0.113,5,0,5,1.363,5,0,0.892,7,0,1.951,-0.071,5,3,5,2,0.0,0,4,5,5,2,-0.167,5,4,5,-0.331,0.0,0
0,0,0,4,2,0,1.451,1,5,4,2.847,5,7,21.82,4,1,3,0.422,-1.185,2,0,0,0.736,1,5,-0.918,1,0,0.885,1.78,2,3,1,3,0.0,4,0,5,1,4,-0.06,0,5,5,-0.002,0.0,0
5,5,0,6,4,0,0.596,0,4,4,0.073,1,0,35.54,0,7,2,0.189,0.746,5,0,5,-0.397,2,5,0.361,2,4,-0.724,-0.891,0,3,3,1,0.0,3,4,3,0,3,1.12,7,3,0,0.156,0.0,0
2,7,1,3,0,0,3.816,5,4,0,0.635,2,0,29.9,3,1,5,2.312,-0.21,2,0,1,-1.708,0,3,2.704,1,4,0.763,2.411,1,0,5,7,0.0,3,6,5,2,5,1.505,7,1,5,0.92,0.0,0
1,6,0,5,5,0,0.481,0,2,4,1.966,2,2,30.55,0,2,5,0.127,0.044,2,1,3,0.466,1,0,-0.19,2,2,2.437,2.615,4,5,4,0,0.0,1,4,0,2,6,1.391,0,5,0,0.895,222.16,1
3,3,2,0,4,0,1.712,4,3,4,-0.337,0,4,40.89,2,6,3,2.325,-0.319,0,1,3,6.356,2,2,1.873,1,1,-0.504,-0.05,2,0,5,7,0.0,1,6,4,6,6,1.157,2,1,3,0.963,0.0,1
1,5,1,3,1,0,0.267,4,4,0,0.433,2,0,29.75,2,0,4,-1.538,0.52,2,0,5,1.844,0,1,-1.31,1,4,-1.972,3.294,2,0,3,4,0.0,4,5,0,3,4,-0.509,1,0,5,-0.305,0.0,0
4,5,4,3,4,0,4.633,4,1,0,-0.408,5,6,42.51,2,6,3,0.133,0.61,2,0,5,2.007,7,4,-0.81,4,3,-1.394,-0.777,1,5,0,5,0.0,2,4,4,2,6,0.878,3,5,3,0.621,0.0,0
3,3,2,5,2,1,2.673,1,1,4,2.648,1,3,46.26,6,3,2,0.347,-0.645,4,1,5,2.54,0,4,0.31,2,0,3.07,-2.723,0,1,2,5,0.0,3,7,0,6,6,0.869,6,1,5,0.559,69.98,1
1,7,1,2,4,0,-0.9,1,1,0,-0.615,0,0,29.09,4,2,2,-2.763,0.957,2,0,3,-0.009,6,1,1.287,3,1,2.336,1.121,0,1,4,6,0.0,4,5,4,3,5,0.491,4,3,2,-0.177,0.0,0
3,1,3,5,3,0,0.135,2,4,1,-0.864,1,3,29.23,0,3,0,1.175,0.17,1,0,0,0.163,0,2,-1.749,6,2,-1.577,-0.606,3,0,3,7,0.0,4,5,4,6,6,-0.162,4,2,2,-0.27,0.0,0
3,6,3,0,3,0,-2.397,1,2,1,-0.707,2,1,28.85,6,3,0,-1.254,2.355,0,0,2,1.014,0,2,-2.293,6,0,-2.016,-0.942,1,5,5,7,0.0,2,1,2,6,1,-2.016,3,4,0,-1.544,0.0,0
5,2,1,5,2,0,-3.176,4,1,4,2.753,0,5,27.39,0,6,0,0.737,0.338,5,0,3,2.473,2,0,3.071,7,0,1.147,1.669,5,4,5,7,0.0,2,7,3,1,1,0.847,2,3,4,1.27,0.0,0
3,5,3,4,1,0,2.719,2,4,4,0.659,3,5,40.44,0,3,2,1.758,-0.35,2,1,1,0.238,7,0,0.789,2,4,0.02,1.058,4,4,3,7,0.0,4,4,0,3,5,0.78,6,0,5,0.79,0.0,1
2,6,2,5,1,0,0.492,3,4,0,1.213,4,5,35.7,6,1,5,0.635,0.55,1,0,5,1.636,6,0,1.049,4,0,0.279,-1.914,4,2,0,7,0.0,1,6,2,5,4,1.078,6,4,3,0.239,0.0,0
1,7,2,3,2,0,-0.024,1,2,4,1.555,4,5,24.08,4,5,4,-1.234,0.025,2,0,4,-4.513,6,5,1.148,7,5,-0.36,2.037,4,3,5,1,0.0,0,7,5,3,5,-0.408,5,4,5,0.14,0.0,0
4,2,0,5,0,1,1.675,2,3,2,2.031,4,2,28.87,0,5,0,3.111,0.634,0,1,5,1.404,2,5,2.761,1,3,1.904,4.29,4,2,3,1,0.0,4,3,4,6,4,2.289,2,1,0,2.073,231.76,1
0,4,5,4,5,0,-4.761,5,2,5,0.011,1,2,26.28,1,5,2,-6.301,1.085,3,0,1,-1.347,7,0,-0.842,5,5,-1.462,-1.37,2,1,0,6,0.0,1,7,3,0,7,-2.545,1,5,1,-1.995,0.0,0
1,0,5,6,3,0,-0.94,1,0,2,-3.994,2,3,29.76,5,3,0,-2.333,-0.215,2,0,0,-1.664,4,5,-2.766,3,1,-2.17,-2.285,3,3,5,4,0.0,4,4,4,7,5,-2.141,4,3,0,-1.533,0.0,0
5,3,4,3,1,0,-1.284,1,4,0,-1.202,0,0,21.18,5,4,3,-3.81,-1.682,0,0,3,-1.093,5,5,-1.75,1,5,-0.933,-2.039,0,3,4,6,0.0,2,1,1,3,3,-0.7,2,0,5,-0.799,0.0,0
3,2,0,2,4,0,-2.961,4,2,3,1.336,3,6,26.01,6,0,3,-3.078,0.44,5,0,4,-3.566,4,3,-3.305,0,4,-1.403,-1.278,2,1,2,6,0.0,1,7,3,3,2,-2.664,3,1,5,-1.702,0.0,0
0,6,2,5,1,0,1.48,0,2,5,-0.991,5,5,25.95,4,3,2,2.159,-0.326,2,0,4,4.651,2,0,-0.292,2,3,1.291,0.487,3,0,2,0,0.0,4,4,5,3,4,0.607,0,1,4,1.57,0.0,0
5,4,1,7,3,1,3.321,2,1,0,-0.969,0,1,33.02,1,2,2,1.279,2.85,3,1,5,-0.12,2,4,0.487,7,2,1.742,1.485,1,3,2,0,0.0,0,2,2,3,5,2.074,2,4,0,1.259,0.0,1
5,4,5,7,1,0,-0.761,2,5,0,-1.164,1,2,22.32,4,4,2,0.058,0.373,4,0,1,-0.412,4,2,0.402,7,5,-0.692,-0.268,5,4,2,3,0.0,4,5,0,5,5,0.942,2,5,3,-0.107,0.0,0
2,7,3,2,1,0,-0.485,0,4,0,-0.26,1,6,37.91,5,0,3,0.101,0.599,2,1,2,2.429,2,2,-0.312,7,5,0.282,3.063,1,4,3,4,69.65,4,3,3,0,3,0.801,3,1,1,1.075,204.52,1
5,4,1,3,5,0,-0.169,0,2,3,-1.59,1,7,24.39,1,1,2,0.458,-0.215,4,0,5,1.856,1,0,-1.141,1,2,0.926,-0.059,0,4,2,6,0.0,1,5,2,2,0,0.43,2,4,5,0.822,0.0,0
0,6,4,1,0,0,-0.971,0,0,4,-1.01,0,6,35.47,6,4,1,-0.953,-1.127,4,0,2,-4.869,1,1,0.509,2,3,1.159,2.9,0,1,2,7,0.0,0,3,0,7,5,0.049,2,3,5,0.1,0.0,0
4,2,4,5,5,0,-0.873,1,0,0,-0.075,4,6,30.27,4,5,2,0.532,-0.589,0,0,5,2.617,6,3,-0.13,1,0,1.363,-1.807,3,2,2,3,0.0,3,5,3,2,3,0.237,6,4,1,0.361,0.0,0
3,3,4,6,5,0,0.356,2,1,5,-2.874,0,6,41.56,3,0,0,-0.375,1.737,2,0,4,2.591,6,1,-3.837,2,3,-0.115,0.778,5,5,0,0,0.0,5,1,0,5,5,-1.056,7,0,2,-0.382,0.0,0
1,3,2,1,1,1,0.009,0,0,1,0.325,1,3,29.93,3,6,4,1.558,1.359,0,1,3,1.947,1,3,3.032,6,4,1.003,1.404,2,2,5,4,0.0,5,5,2,5,7,0.69,6,5,3,1.31,99.21,1
1,1,0,7,0,0,-3.687,3,3,3,-1.972,4,3,45.96,3,4,4,-1.763,0.589,5,0,4,-5.244,3,4,-2.632,3,3,0.789,-2.632,4,2,1,1,0.0,2,4,4,7,7,-1.124,6,1,5,-0.849,0.0,0
0,4,4,3,2,1,-0.182,5,5,4,3.997,1,2,37.82,6,7,3,2.78,0.871,2,0,4,2.581,0,2,0.601,2,0,2.884,2.378,3,0,0,2,0.0,1,4,1,6,3,0.853,3,1,4,1.865,156.5,1
0,2,2,3,5,1,5.957,4,0,3,1.004,5,6,28.65,3,7,0,3.48,2.379,0,0,5,2.27,1,3,0.403,4,1,0.877,3.606,1,2,2,6,0.0,2,6,4,7,3,1.587,0,5,4,1.625,115.17,1
3,4,1,7,3,0,0.954,5,5,2,3.105,4,5,36.06,6,4,5,-1.035,-1.224,5,1,2,2.582,7,2,0.047,5,5,1.287,-2.408,4,1,3,0,0.0,0,7,0,1,6,0.99,7,1,5,1.032,135.92,1
2,0,5,5,4,0,-2.858,5,3,2,1.779,5,5,33.5,1,7,1,1.602,0.624,1,1,5,0.014,4,2,1.742,1,5,-1.208,1.929,5,3,0,1,0.0,0,0,3,2,6,0.65,3,3,4,0.801,25.69,1
5,5,3,1,5,1,1.043,4,0,5,-0.227,5,7,41.23,4,2,3,3.108,-0.878,3,1,5,-3.537,7,1,3.103,1,3,1.708,3.773,5,4,4,6,0.0,3,0,0,0,6,2.066,0,0,3,1.484,95.65,1
0,0,5,2,1,1,0.859,5,3,1,1.223,3,1,39.06,6,1,4,0.259,0.852,4,0,4,-1.212,1,1,0.302,0,2,0.694,1.361,4,1,4,7,0.0,3,2,2,0,2,1.464,2,0,3,1.026,48.81,1
3,6,3,3,2,0,-1.581,2,4,1,-1.792,3,6,28.71,4,1,0,-2.609,0.194,1,0,2,-5.529,1,2,-2.503,1,3,-0.846,-0.454,1,4,4,4,0.0,2,1,0,4,7,-2.182,5,0,0,-3.078,0.0,0
5,3,5,0,1,0,-0.156,4,4,4,-2.231,3,6,33.47,0,0,4,-3.083,0.18,4,0,3,1.095,4,3,-0.523,2,5,0.033,-2.992,3,0,0,1,0.0,2,6,2,0,6,-0.788,4,0,3,0.104,0.0,0
5,2,4,6,4,0,4.384,3,2,2,2.761,5,1,35.69,4,7,5,2.89,-0.284,5,1,2,-0.419,2,4,0.229,4,4,1.384,2.491,4,3,3,4,0.0,2,1,1,6,5,2.85,4,4,5,1.751,108.2,1
0,6,1,4,0,0,1.044,5,4,4,-0.665,3,7,20.03,0,7,0,-1.458,0.025,3,0,5,-1.449,1,3,1.93,7,4,0.547,-0.704,0,4,2,3,0.0,0,1,0,0,3,-0.644,5,3,1,-0.863,0.0,0
5,6,4,3,1,0,0.248,4,1,5,2.185,0,7,29.73,1,3,3,-2.181,-0.387,4,0,4,-4.894,0,2,0.013,0,2,0.165,-2.04,0,5,4,3,0.0,2,7,2,2,4,0.76,6,4,2,0.079,0.0,0
1,2,5,6,0,1,2.792,0,2,0,3.262,3,5,37.16,4,1,5,1.218,0.806,2,1,4,-1.036,6,3,-0.408,1,4,0.707,-1.124,0,0,0,0,0.0,3,0,3,0,7,1.495,4,2,1,1.284,0.0,1
4,3,3,2,0,0,0.459,4,0,3,-1.972,4,2,23.54,0,2,0,0.88,-0.127,5,0,0,0.878,0,5,-0.9,3,5,-0.345,-1.354,5,3,4,2,0.0,1,3,4,4,6,-0.626,4,4,1,-0.997,0.0,0
5,4,3,2,5,0,1.156,0,5,2,3.551,3,1,28.0,0,2,2,1.697,-2.009,2,0,2,3.073,5,4,2.666,5,3,1.692,0.237,4,1,1,1,0.0,0,0,3,7,3,0.799,6,1,3,1.196,0.0,0
3,2,3,2,3,0,-0.157,5,1,4,-0.05,5,2,36.95,0,4,4,1.784,-1.202,2,1,5,1.903,7,5,2.509,1,2,3.506,1.985,5,5,0,7,0.0,3,2,2,2,6,1.242,3,0,3,1.28,154.8,1
4,3,0,6,1,0,-0.007,0,5,2,-1.961,0,6,24.69,7,6,3,-0.643,-0.269,4,0,2,0.561,5,2,-2.515,1,0,-0.577,2.158,4,2,1,0,0.0,4,2,4,0,4,-0.481,5,3,5,-0.122,0.0,0
2,7,3,0,1,0,3.783,3,4,2,2.567,5,2,34.98,1,6,2,0.969,-0.784,2,1,2,-3.784,1,2,3.775,0,0,2.8,0.585,2,3,0,1,0.0,1,2,2,2,4,1.006,7,2,0,2.593,38.18,1
0,5,1,3,1,0,-0.142,3,4,0,-1.416,2,7,33.04,3,1,0,-0.146,0.538,1,0,5,-0.061,5,1,-0.852,4,4,-1.952,1.124,3,5,2,1,0.0,2,1,1,5,0,-0.524,4,3,4,0.364,0.0,0
3,4,3,5,5,0,-0.41,1,2,2,2.59,4,1,35.57,4,0,2,0.342,1.714,5,0,4,2.496,4,3,0.981,7,1,0.871,1.207,0,0,4,2,0.0,5,7,4,1,4,0.643,1,5,2,-0.311,0.0,0
1,4,2,7,3,0,-0.291,1,0,4,0.526,2,5,17.56,3,6,2,1.739,-0.151,5,0,5,-0.493,0,0,0.93,6,0,0.597,1.96,3,0,2,2,0.0,5,7,5,0,3,0.819,6,2,5,0.428,0.0,0
1,3,2,2,5,0,-1.556,5,3,0,0.336,0,7,26.49,1,5,1,-2.178,0.221,5,0,5,4.69,1,2,1.947,0,5,-1.192,-0.036,4,2,2,2,0.0,2,2,2,2,7,0.281,5,0,0,-0.435,0.0,0
1,0,0,0,0,0,3.485,2,0,5,-0.551,3,5,31.9,5,5,5,1.368,-1.185,0,0,1,2.912,6,4,2.37,1,1,0.422,3.378,5,0,1,5,0.0,1,7,0,3,1,2.17,1,4,0,1.637,0.0,0
5,2,4,7,2,0,2.387,4,5,3,-1.167,3,2,43.95,3,2,4,1.612,-0.21,5,0,4,2.008,6,3,-1.66,0,2,-0.346,-1.031,2,2,0,7,0.0,2,2,1,6,7,-0.974,3,5,2,0.241,0.0,0
3,1,3,5,4,0,1.302,3,3,1,-0.877,3,1,21.84,5,5,2,0.986,0.278,3,0,4,-2.405,3,5,-1.428,1,2,-1.836,1.291,5,3,0,0,0.0,4,2,2,3,4,-0.849,1,4,1,-1.371,0.0,0
4,1,1,3,0,0,1.874,3,2,3,-1.263,0,6,25.84,6,0,4,2.365,-0.278,4,0,1,2.185,1,0,1.392,7,0,0.78,0.044,5,0,5,1,0.0,3,3,5,7,1,-0.211,0,0,5,0.655,0.0,0
1,0,0,4,1,0,2.216,2,2,5,3.319,2,5,26.47,1,4,1,1.912,1.322,1,0,2,-0.815,4,0,0.212,2,2,-0.641,-0.013,3,4,4,6,0.0,2,6,5,2,4,0.169,5,0,3,1.203,0.0,0
1,3,0,7,0,0,1.2,4,3,3,-0.681,3,4,24.0,2,1,3,1.217,0.879,0,0,1,0.696,4,0,-0.395,4,3,2.277,-0.835,5,5,2,2,0.0,0,0,5,5,0,0.872,7,2,5,1.307,0.0,0
3,4,3,4,3,0,1.778,2,3,5,0.844,5,7,30.37,7,0,2,0.187,-0.207,4,1,4,1.903,7,2,-0.478,1,4,0.485,2.166,4,0,0,5,0.0,3,3,2,2,4,1.065,3,2,3,0.683,50.71,1
2,5,4,3,4,1,5.387,3,3,3,0.263,3,7,29.22,1,6,1,0.202,0.729,2,1,5,-4.043,5,2,2.186,0,4,4.162,0.952,4,2,1,4,0.0,4,3,0,4,0,2.601,7,4,3,1.652,179.71,1
3,7,5,6,0,0,-0.034,3,5,1,-0.438,1,3,40.04,4,5,4,-1.219,-0.282,3,0,0,0.745,7,1,-0.055,5,3,-0.995,-2.112,2,5,0,0,0.0,3,7,5,6,5,-0.252,2,2,5,-0.427,0.0,0
2,6,5,6,0,0,-0.807,5,0,5,0.23,3,0,32.62,5,6,3,-1.179,0.43,5,0,1,-3.695,1,3,0.232,5,5,1.553,-0.44,2,0,5,5,0.0,2,2,3,6,3,-1.945,6,0,5,-1.082,0.0,0
0,5,2,5,2,0,2.868,2,5,1,-0.344,4,6,17.1,1,1,5,-0.112,-1.392,3,0,2,0.3,5,5,1.297,3,1,1.28,-0.493,0,1,1,3,0.0,3,0,0,0,5,1.217,1,4,4,0.685,0.0,0
0,1,5,1,0,1,-1.185,4,1,5,2.278,5,6,40.07,5,3,2,1.356,2.134,0,1,3,1.423,1,4,1.601,2,2,2.846,-0.726,3,2,0,6,0.0,5,4,3,4,7,2.256,5,2,2,2.52,113.19,1
3,0,2,0,5,0,-0.146,1,0,0,-2.899,1,6,29.39,4,0,5,2.075,-1.304,4,0,3,-0.615,5,4,1.238,7,1,0.413,0.496,3,1,0,2,0.0,4,2,2,6,4,0.031,0,2,3,-0.338,0.0,0
2,1,0,6,2,0,0.819,1,3,3,-2.051,3,3,26.62,2,0,0,-2.727,0.35,4,0,0,-0.085,6,1,-0.622,2,3,0.719,-2.14,5,1,5,1,0.0,5,0,5,2,7,-0.374,5,3,0,-0.786,0.0,0
2,1,3,3,1,0,1.5,3,1,3,-0.458,4,6,24.14,7,6,1,1.5,-0.216,1,0,1,-1.138,5,3,-3.207,0,1,-1.644,-0.342,1,2,3,6,0.0,4,1,0,0,2,-1.154,7,1,1,-0.853,0.0,0
4,0,4,1,4,0,-1.253,2,0,4,-1.059,2,1,42.34,6,7,4,1.349,-0.643,1,1,5,-0.085,4,5,1.537,3,2,1.468,4.988,3,1,4,7,0.0,0,3,3,2,2,0.991,6,3,1,1.131,50.88,1
2,2,4,6,2,1,1.978,0,2,0,-0.238,2,3,33.01,1,7,1,2.718,-1.196,1,1,4,3.062,6,5,0.843,5,0,-0.053,-0.216,1,3,0,2,0.0,3,1,3,7,4,0.918,5,5,0,1.133,0.0,1
3,6,0,4,1,0,0.734,5,4,0,-0.619,4,1,33.38,4,1,5,-0.239,-0.293,1,0,2,-0.902,0,1,-0.824,2,4,0.604,-2.534,4,5,1,7,0.0,1,2,3,5,1,0.178,4,5,4,-0.369,0.0,0
3,0,0,0,5,0,0.125,5,1,5,-0.551,1,4,25.38,1,7,5,1.054,-0.415,2,0,0,1.531,6,4,2.323,2,5,-1.491,-1.585,1,2,1,7,0.0,5,6,0,0,1,0.089,1,4,2,-0.707,0.0,0
1,4,0,0,0,0,1.235,1,3,3,-0.723,2,0,27.03,3,2,0,1.079,0.362,3,0,3,-3.18,7,2,1.177,4,1,-1.152,1.491,0,1,3,6,0.0,3,0,1,7,2,-0.207,3,5,5,-1.063,0.0,0
4,0,2,3,5,0,0.1,0,5,0,-1.995,5,0,21.46,6,7,2,1.973,0.295,4,0,3,-1.295,6,2,1.234,4,5,-2.275,-0.897,3,4,2,5,0.0,1,7,2,7,0,-0.442,5,3,4,-0.036,0.0,0
1,4,0,2,3,0,-2.164,4,4,4,-2.226,1,7,21.96,0,2,0,2.699,0.47,2,0,0,-0.34,7,5,-2.065,1,1,-2.718,2.144,5,5,3,7,0.0,5,2,4,3,3,-0.791,6,5,4,0.795,0.0,0
5,2,5,5,2,0,-3.329,3,2,0,-1.598,5,4,26.7,7,1,2,0.654,0.22,4,0,4,-3.367,4,5,-0.372,2,3,0.156,0.569,2,2,4,5,0.0,2,3,2,3,6,-0.996,6,3,4,-0.679,0.0,0
1,6,1,2,0,0,1.768,5,4,0,0.819,5,4,29.22,6,2,3,-1.356,-1.135,1,0,3,-1.872,5,3,1.9,2,4,0.191,-1.486,0,0,2,3,0.0,5,4,1,7,7,0.694,7,5,0,0.019,0.0,0
1,4,1,5,0,0,1.389,1,3,0,-0.357,1,3,25.61,0,3,2,0.556,0.064,3,0,4,3.347,1,0,-2.832,4,5,0.208,0.974,2,2,1,5,0.0,4,1,0,4,2,-0.754,4,5,2,-0.393,0.0,0
4,6,0,0,1,0,0.91,5,5,2,0.651,4,3,26.27,3,5,5,0.552,-1.291,4,0,2,4.424,3,1,0.198,3,2,-1.201,-0.331,1,5,4,5,0.0,2,7,2,5,5,-0.677,1,1,1,-0.509,0.0,0
2,3,5,7,2,0,-0.175,4,2,4,-1.187,0,7,23.57,6,1,3,-5.459,-0.848,0,0,4,-1.637,5,1,-2.448,1,3,-1.113,-1.889,0,4,4,3,0.0,4,2,4,5,5,-2.066,5,3,4,-2.186,0.0,0
1,6,1,7,2,0,-2.842,0,2,1,0.475,2,2,28.98,2,4,0,-1.14,0.405,2,0,3,3.821,1,2,-0.737,1,2,-1.129,-1.137,3,1,1,4,0.0,0,2,2,3,5,-0.381,4,4,1,-0.589,0.0,0
3,7,2,3,0,0,-0.219,5,3,2,-1.532,0,3,29.27,5,6,5,-1.234,0.618,2,0,0,-2.708,5,5,-1.967,5,2,2.9,0.689,0,2,3,0,0.0,4,4,1,4,5,-0.793,6,0,3,-0.076,0.0,0
0,3,1,3,3,1,1.688,0,1,2,4.407,3,5,30.86,2,0,2,3.289,-0.305,0,1,0,2.089,5,5,4.043,7,3,-1.472,1.452,4,2,1,1,0.0,2,0,4,1,6,1.549,6,1,2,1.798,0.0,1
0,2,3,0,3,0,2.89,0,4,2,0.548,5,2,30.86,2,7,3,0.865,0.061,3,0,1,4.372,1,3,3.168,4,4,-2.732,-0.4,3,2,4,2,0.0,2,6,1,7,2,0.865,7,2,1,0.64,0.0,0
3,5,1,3,1,0,-0.445,4,4,3,-2.627,2,6,33.59,2,0,3,-2.615,-0.3,1,0,5,0.423,5,5,2.093,2,3,-0.549,-2.695,2,3,4,2,0.0,4,0,1,5,0,-0.738,0,4,5,-1.095,0.0,0
0,6,5,3,4,0,-1.499,1,5,4,1.166,5,4,30.59,6,4,1,1.164,-1.392,3,0,0,0.31,4,2,-0.139,2,1,-1.239,-1.447,4,2,4,4,0.0,5,2,2,3,0,-1.369,5,5,0,-0.891,0.0,0
4,7,2,5,2,0,-1.445,2,2,4,-1.947,0,1,32.56,0,4,4,0.714,-0.152,4,0,1,0.383,7,5,-2.607,3,1,0.363,-1.136,4,0,5,6,0.0,2,4,5,6,4,-0.245,2,4,4,-0.216,0.0,0
1,3,1,7,1,0,-1.098,0,5,4,2.706,5,3,28.08,5,1,0,-0.579,-1.333,5,0,2,-0.271,0,4,-0.976,3,1,-1.336,-1.877,2,5,2,5,0.0,0,7,4,1,5,0.408,3,2,2,-0.113,0.0,0
1,5,5,4,4,0,2.608,2,4,2,0.237,1,5,26.9,3,2,5,0.395,-0.883,1,0,0,3.682,4,1,2.423,2,5,0.716,0.396,3,2,3,5,0.0,5,5,2,5,3,0.265,7,4,1,0.044,0.0,0
1,6,2,0,2,0,1.398,4,3,1,-1.691,2,3,22.44,6,6,3,1.024,0.553,4,0,0,4.133,3,5,0.133,3,2,-1.188,1.393,2,0,5,1,0.0,2,3,1,0,7,0.097,1,5,1,0.805,0.0,0
0,2,3,1,3,0,2.079,2,0,0,1.092,1,2,30.9,7,6,3,4.64,0.274,0,1,0,2.841,4,2,0.837,0,5,-1.257,3.265,4,2,2,2,0.0,5,7,5,0,0,1.672,0,2,4,1.838,0.0,1
2,3,5,6,5,0,-1.114,0,4,4,0.502,5,1,12.9,1,1,4,0.511,-0.284,4,0,4,-0.604,4,2,-1.148,4,1,0.648,2.086,1,5,3,6,0.0,2,7,0,0,3,0.356,7,2,1,0.143,0.0,0
2,7,5,5,4,0,-3.484,4,4,0,-0.962,5,4,15.91,2,1,2,-0.632,-1.144,1,0,5,-1.126,5,4,-1.549,4,3,-0.468,0.509,4,1,3,0,0.0,1,7,2,6,7,-1.392,0,4,0,-1.002,0.0,0
3,4,5,5,0,0,-0.422,4,3,0,1.307,1,3,32.8,3,1,0,0.741,-1.501,5,0,2,3.643,7,2,-1.149,1,3,0.589,-1.312,2,0,3,3,0.0,3,0,4,1,6,-0.307,7,1,5,-0.244,0.0,0
3,1,5,3,2,0,-0.929,3,3,5,-1.199,5,7,27.82,3,1,1,0.438,-0.175,0,0,0,-1.306,2,4,1.78,7,0,-2.755,0.65,2,2,1,1,0.0,0,4,4,2,2,0.262,4,2,3,-0.121,0.0,0
1,0,5,1,4,0,-4.301,0,5,4,-1.197,2,2,24.09,6,5,2,-1.141,-0.651,1,0,1,-2.59,3,2,2.485,3,1,-1.251,-1.321,4,1,1,5,0.0,3,3,2,1,7,-0.964,0,2,4,-1.177,0.0,0
2,6,5,7,5,0,-2.412,0,4,1,-2.037,4,0,29.98,0,1,1,-0.673,-2.274,2,0,2,3.036,5,3,-1.968,0,1,-3.469,-2.804,1,4,4,5,0.0,2,5,0,3,2,-1.465,1,3,0,-1.609,0.0,0
2,5,3,7,3,0,-0.883,4,2,0,2.131,4,0,23.28,6,5,4,0.555,-1.455,1,0,2,2.797,7,0,-2.681,5,4,-0.37,-0.239,4,3,2,7,0.0,0,2,1,3,0,-0.698,6,3,2,-0.438,0.0,0
2,2,3,7,2,0,1.311,4,2,1,-2.254,0,0,23.5,0,1,1,-1.732,-0.983,3,0,5,-2.098,7,0,-1.853,2,5,-1.122,-0.043,1,3,2,7,0.0,4,5,3,7,0,-1.483,0,0,0,-0.522,0.0,0
3,3,0,1,5,0,0.343,0,0,1,-1.233,5,5,26.97,2,0,1,-2.498,-1.653,0,0,0,-3.636,1,0,-0.963,3,0,-0.953,-3.259,2,3,0,6,0.0,2,2,3,7,0,-0.791,5,4,5,-0.827,0.0,0
4,0,4,4,2,0,0.242,1,0,4,0.28,5,5,20.18,5,6,3,-3.885,0.512,1,0,2,1.379,7,2,-1.69,2,5,-3.413,-3.602,4,0,2,5,0.0,4,1,3,6,3,-1.354,1,3,0,-1.609,0.0,0
5,4,2,0,3,1,1.744,5,1,0,-1.938,4,0,30.01,7,1,4,1.608,-0.145,4,1,2,-0.677,4,4,3.648,3,2,2.559,2.252,3,2,3,7,0.0,0,6,4,6,4,1.63,3,0,1,1.443,0.0,1
3,5,0,5,0,0,-1.458,0,3,2,0.522,4,0,22.92,3,0,0,-0.433,0.21,5,0,1,0.844,0,5,0.103,6,2,-0.443,2.384,0,1,1,3,0.0,0,4,1,4,7,-0.589,3,3,4,-0.196,0.0,0
3,5,2,6,3,0,0.973,0,3,3,2.45,2,2,24.29,2,5,3,-2.877,-0.61,5,0,2,-1.063,1,5,2.066,5,4,1.365,0.854,2,1,2,6,0.0,4,5,4,7,2,0.129,2,0,2,-0.115,0.0,0
4,3,2,4,5,0,2.979,2,1,4,1.983,3,4,31.24,6,5,5,1.797,-0.495,5,0,0,-1.098,7,0,-2.03,7,2,1.117,-0.688,0,1,0,5,0.0,2,2,2,1,0,-0.031,4,5,1,0.77,0.0,0
5,2,4,1,1,0,-0.977,5,2,4,-1.597,2,2,31.62,0,5,4,0.38,0.01,2,0,5,-2.65,1,1,1.307,6,1,2.19,1.388,4,5,0,4,0.0,2,4,2,2,5,-0.512,2,4,4,-0.28,0.0,0
3,0,3,1,5,0,-0.434,4,2,5,-0.505,5,2,35.32,4,5,3,-3.293,0.546,1,1,1,0.268,6,3,-0.938,1,5,0.868,-2.882,1,2,0,7,0.0,3,4,4,7,0,0.871,5,3,0,0.762,0.0,1
2,2,0,7,5,0,0.207,1,1,5,0.232,5,7,35.3,3,0,2,1.425,0.79,2,0,3,0.545,1,2,1.254,1,0,-0.473,0.946,1,3,1,2,0.0,5,2,2,0,2,-0.1,0,0,3,0.373,0.0,0
2,0,0,4,1,0,-1.194,1,2,5,-2.452,1,5,27.85,4,1,2,-3.312,-0.526,0,0,2,-1.552,6,0,0.405,2,3,-1.248,1.687,1,4,0,6,0.0,1,3,5,5,4,-1.924,1,2,5,-1.945,0.0,0
4,0,1,4,3,0,-0.347,2,3,0,-0.933,4,3,31.33,1,7,0,-0.143,-0.177,0,0,1,-1.343,0,0,-2.529,2,2,0.855,2.122,4,4,2,7,0.0,5,1,0,7,0,-0.642,1,5,1,-0.468,0.0,0
2,2,2,6,3,0,-0.0,4,4,1,0.975,3,7,33.53,7,1,3,-1.469,1.248,0,0,2,1.331,6,0,-1.493,6,5,-0.872,-0.263,4,4,0,6,0.0,3,2,2,5,2,0.067,1,1,0,0.184,0.0,0
5,6,4,4,5,0,0.977,3,1,0,-1.179,1,1,31.11,5,7,5,0.054,1.255,2,0,1,-1.118,7,3,-1.056,4,0,-1.346,-2.364,2,2,2,7,0.0,3,3,4,7,0,-0.944,2,2,4,-0.549,0.0,0
1,0,5,7,3,0,-1.164,0,5,3,-0.281,3,4,30.61,2,7,2,0.792,-0.922,0,0,2,-2.471,1,3,-0.116,3,1,0.34,-2.104,5,5,1,7,0.0,3,6,2,4,5,-0.02,2,0,2,0.286,0.0,0
1,4,2,4,1,0,0.134,5,5,3,0.061,4,6,20.6,7,6,4,-0.637,0.763,1,0,3,0.315,7,3,1.037,5,4,0.326,1.39,2,5,2,5,0.0,4,3,0,4,4,-0.119,4,3,4,0.317,0.0,0
2,6,1,0,1,0,0.134,4,0,4,1.816,1,1,29.73,3,2,5,0.957,2.705,2,0,4,0.446,7,0,2.565,4,1,1.216,-2.397,5,4,1,6,0.0,0,0,2,0,2,-0.257,4,5,4,-0.252,0.0,0
4,2,0,4,5,0,0.897,0,1,3,-0.276,1,1,33.06,6,5,1,-2.054,-0.56,2,0,3,-2.084,6,3,-4.208,6,3,-2.209,-2.206,4,1,0,6,0.0,0,3,5,7,4,-2.024,7,3,1,-1.199,0.0,0
1,3,1,1,5,0,1.283,2,3,2,-0.72,0,5,21.04,4,3,1,0.834,0.268,3,0,1,-5.318,2,3,-2.793,5,0,-1.168,-0.634,3,4,4,5,0.0,2,0,5,2,3,-1.162,1,5,4,-0.978,0.0,0
5,7,1,4,0,1,-0.146,1,2,1,1.218,3,6,28.35,1,4,0,3.148,-0.678,5,1,2,2.211,6,4,2.572,1,4,2.077,2.212,5,3,5,3,0.0,1,5,5,3,3,2.21,2,2,5,1.828,230.78,1
4,5,1,5,4,0,1.208,0,5,5,3.622,5,1,46.92,4,5,0,-2.503,0.464,0,1,5,-2.255,2,1,2.681,0,1,2.187,2.719,0,3,1,7,0.0,5,4,3,2,6,1.489,4,4,3,1.827,107.89,1
2,7,2,0,4,0,0.836,3,2,1,-0.788,4,7,23.53,3,1,2,3.29,1.851,5,0,0,-0.853,7,4,-0.503,5,4,0.293,-3.007,0,4,0,6,0.0,3,4,2,6,4,-0.288,0,0,4,0.706,0.0,0
1,5,1,4,5,0,0.432,3,4,5,0.001,3,7,24.35,4,6,0,-0.359,0.214,0,0,2,-2.993,2,0,-1.214,0,3,2.131,0.589,5,5,5,3,0.0,5,7,3,0,0,-0.461,1,3,3,-0.426,0.0,0
2,3,2,4,3,0,0.584,5,4,0,0.231,5,3,31.62,1,5,0,0.793,0.479,5,0,2,-1.949,5,4,-0.787,5,4,-2.349,0.252,0,5,1,2,0.0,0,2,2,6,6,-1.381,6,3,3,-0.517,0.0,0
4,6,1,2,4,0,-0.052,5,0,2,0.548,5,1,22.4,0,4,5,-0.409,-0.588,5,0,3,3.751,7,2,4.655,2,5,1.288,1.891,3,5,4,3,0.0,1,6,3,5,3,0.108,0,3,3,1.013,0.0,0
2,4,1,1,3,0,-2.386,3,2,1,-1.513,2,6,30.15,6,3,0,-3.744,2.122,4,0,5,-0.858,0,5,-2.728,7,5,-4.828,-2.399,2,0,4,4,0.0,1,7,3,5,6,-1.542,2,4,0,-1.881,0.0,0
0,3,4,1,5,0,2.234,0,4,5,-1.988,4,3,30.97,6,7,4,1.954,0.752,0,0,3,0.474,1,5,-0.458,3,0,1.279,1.452,1,3,3,2,0.0,0,6,5,2,6,0.77,3,0,5,0.254,0.0,0
5,0,4,6,4,0,-3.878,4,0,0,-2.016,2,3,28.95,2,0,5,0.017,1.733,3,0,3,-4.779,3,2,-2.152,5,2,-0.677,-0.795,4,4,5,1,0.0,0,6,5,4,4,-0.315,1,3,4,-0.966,0.0,0
2,2,2,0,1,0,0.501,3,4,5,1.294,4,3,34.47,1,0,1,2.551,-2.445,2,1,1,0.675,4,5,-0.449,3,3,-0.017,1.697,5,1,5,3,0.0,3,3,0,7,2,1.963,0,1,3,1.493,146.35,1
4,3,2,3,2,0,0.102,1,1,1,-0.646,2,6,32.67,7,6,4,-1.84,-0.821,1,0,3,-0.501,4,1,0.153,1,3,-0.732,-1.394,5,3,3,6,0.0,5,1,0,7,6,-0.069,7,2,2,0.12,0.0,0
1,3,1,2,5,0,3.745,5,5,1,-0.554,1,0,35.42,0,4,4,0.654,-0.93,2,0,5,1.92,5,2,0.976,4,0,2.572,1.408,4,1,3,7,0.0,3,3,3,4,2,1.065,6,5,1,0.979,0.0,0
3,6,4,4,3,0,2.083,5,2,4,1.159,1,1,38.59,4,5,1,1.542,0.454,5,1,2,1.401,1,0,3.281,5,0,2.496,2.13,1,3,5,0,0.0,1,3,1,4,1,1.704,5,2,4,1.258,0.0,1
4,6,4,6,4,0,-2.643,0,1,4,-1.288,2,7,32.16,3,6,1,-0.97,0.559,4,0,0,-0.754,6,5,0.725,4,4,-1.118,-0.536,5,0,3,4,0.0,0,4,3,3,4,-0.259,0,0,4,0.015,0.0,0
4,1,1,3,3,0,2.913,5,0,5,3.104,4,1,31.84,7,5,0,-2.585,0.434,4,0,2,0.332,3,3,-0.715,4,2,-1.55,0.012,0,3,4,5,0.0,3,2,0,2,7,-0.381,0,5,5,-1.034,0.0,0
2,2,2,1,3,0,-1.888,1,2,5,-1.333,2,6,19.21,4,7,2,2.624,0.759,3,0,3,-1.639,5,2,2.276,4,5,-0.158,-1.572,3,4,0,1,0.0,0,5,0,2,0,0.325,4,2,0,0.236,0.0,0
0,0,1,0,4,0,0.954,5,0,0,-2.566,5,2,27.81,3,6,0,-2.064,-0.545,1,0,3,0.75,3,4,-0.456,5,2,-0.049,1.886,2,2,5,6,0.0,2,0,2,3,6,-0.591,4,2,2,-0.37,0.0,0
3,2,3,2,4,0,-1.232,0,3,2,-1.827,3,7,23.41,3,2,0,-1.423,1.763,3,0,3,-1.849,1,5,-2.809,4,1,-2.953,-2.936,4,4,1,4,0.0,1,0,4,2,1,-1.594,1,1,5,-2.942,0.0,0
5,3,5,5,4,0,-0.272,5,3,1,-1.088,4,0,41.47,4,2,1,-1.907,0.207,0,0,3,-0.809,1,4,0.732,3,4,-2.979,-1.296,2,0,0,2,0.0,4,5,4,3,6,-1.243,4,5,1,-1.479,0.0,0
4,3,4,6,1,0,1.625,3,0,0,-0.433,3,0,23.49,2,0,3,1.236,0.386,5,0,4,-3.997,1,3,1.185,5,5,0.147,1.974,0,3,1,4,0.0,3,1,1,3,5,-0.371,0,0,2,0.5,0.0,0
3,0,2,0,3,0,1.008,0,1,5,-0.297,0,5,33.36,3,1,3,2.178,-2.031,0,0,1,-3.926,2,4,0.084,0,2,0.164,-1.173,1,4,2,6,0.0,0,1,4,4,1,-0.017,5,2,4,-0.59,0.0,0
0,3,2,3,2,0,1.175,3,4,3,0.751,2,6,32.51,4,0,4,-0.065,-0.795,5,0,2,-2.296,6,3,-0.894,5,0,-1.876,1.779,1,0,3,5,0.0,4,5,5,4,7,0.021,0,0,1,0.403,0.0,0
4,3,0,1,2,0,-1.215,1,1,2,0.901,2,4,27.45,0,0,5,-0.336,0.105,0,0,2,-0.589,0,0,-0.291,2,1,0.931,-1.545,4,3,2,3,0.0,3,3,3,5,1,-0.031,0,3,2,-0.702,0.0,0
1,6,0,4,5,0,-3.072,5,3,2,0.963,0,7,34.15,0,1,3,-1.532,1.0,5,0,5,-3.219,7,4,1.561,4,2,-1.712,-0.739,1,0,3,6,0.0,3,4,3,7,3,-1.093,0,5,3,-1.088,0.0,0
1,4,1,7,5,0,-0.799,4,0,5,-0.485,3,5,36.27,2,6,2,-0.365,1.13,1,0,3,-1.364,3,2,-5.422,6,0,-2.907,-2.884,4,4,1,2,0.0,3,4,2,0,3,-2.624,4,4,0,-1.952,0.0,0
4,5,5,1,2,0,0.368,2,0,1,2.276,0,5,41.71,6,2,2,0.907,1.165,0,1,1,1.442,7,3,0.15,5,0,-1.256,-1.507,2,3,4,7,0.0,1,2,2,4,7,0.188,7,4,2,0.663,172.01,1
5,1,5,3,1,0,-1.731,3,3,0,-0.526,4,1,21.47,5,2,0,-0.332,1.175,5,0,4,-0.764,7,1,-3.734,2,2,0.819,1.847,3,5,4,2,0.0,4,6,1,0,4,-0.913,4,1,1,-0.902,0.0,0
3,6,2,4,3,0,-2.057,5,0,1,1.206,3,5,31.6,1,4,4,0.567,-0.067,0,0,1,-5.45,7,0,1.136,5,1,-0.694,-0.994,5,2,1,2,0.0,1,0,0,2,6,1.02,7,3,1,0.091,0.0,0
5,0,4,1,4,0,-2.169,5,0,4,-1.415,0,5,25.74,1,4,0,0.996,0.162,2,0,0,2.842,0,4,0.033,0,4,-0.188,-0.507,2,3,3,1,0.0,2,0,4,0,5,0.01,2,2,4,-0.392,0.0,0
4,5,0,5,4,0,-1.48,2,0,4,-2.405,1,7,29.6,2,5,1,0.73,1.612,1,0,3,-1.116,7,1,-0.257,1,4,1.307,0.129,0,4,5,2,0.0,5,5,3,7,4,-1.36,1,3,5,-0.766,0.0,0
4,4,0,3,5,0,-1.491,1,3,2,-4.329,4,3,17.74,5,4,3,-1.174,0.484,0,0,0,1.127,1,2,-1.372,5,2,-0.492,0.015,5,2,5,7,0.0,1,6,0,0,2,-1.834,5,1,4,-1.674,0.0,0
5,0,2,4,5,0,-3.426,1,3,5,-2.784,0,5,23.43,6,1,4,0.654,-0.658,2,0,0,-0.662,4,4,2.82,5,5,1.428,0.193,5,5,2,0,0.0,5,5,4,1,0,1.334,2,2,1,0.829,0.0,0
2,5,4,7,0,0,1.551,0,4,0,1.784,4,3,31.06,5,2,4,-2.819,1.216,4,0,2,-1.37,0,4,-0.864,7,5,-0.408,-0.249,1,5,5,1,0.0,1,5,4,3,2,0.443,7,1,2,0.323,0.0,0
1,0,0,5,0,0,-0.153,1,1,3,0.827,2,4,36.64,7,2,1,-0.415,0.57,1,0,3,1.587,4,4,3.1,7,1,0.351,1.511,2,1,3,6,0.0,4,0,2,0,7,1.123,2,0,4,0.383,0.0,0
0,3,4,4,4,0,0.426,2,2,0,0.265,0,2,25.78,5,4,5,-0.863,0.86,1,0,3,-0.311,0,4,-1.98,7,0,-1.329,0.22,5,1,5,3,0.0,5,4,4,2,4,0.077,3,3,5,0.565,0.0,0
4,5,5,3,0,0,-3.978,3,4,5,-1.01,5,3,26.54,7,0,1,1.949,-0.746,5,0,2,-0.475,1,4,-3.664,4,2,-2.221,-2.333,1,4,5,5,0.0,0,4,2,5,3,-1.104,7,1,4,-0.938,0.0,0
5,2,1,4,3,0,-4.534,2,0,0,-1.809,2,3,31.06,5,2,2,-1.94,-0.298,2,0,2,-0.673,4,2,-4.492,5,0,0.798,-1.407,4,1,5,7,0.0,1,7,4,7,1,-2.591,0,3,5,-2.272,0.0,0
2,3,3,0,5,0,0.163,3,4,3,0.232,5,7,28.58,7,3,2,1.124,-0.839,4,0,4,2.458,0,2,-0.844,4,2,0.284,0.906,0,2,5,5,0.0,4,4,2,0,7,-0.556,5,4,3,0.382,0.0,0
2,1,4,6,3,0,-0.991,0,4,4,-2.095,4,1,36.16,3,6,0,-3.088,-0.238,0,0,3,1.329,4,0,0.257,5,4,0.076,-1.373,0,2,1,7,0.0,1,4,2,7,6,-1.743,7,3,5,-0.347,0.0,0
2,4,3,5,3,1,2.019,1,0,3,3.263,4,6,43.08,4,4,3,2.398,-0.084,1,1,3,2.841,5,5,0.765,5,4,2.827,0.793,4,0,4,2,0.0,0,1,2,4,1,2.804,6,0,3,2.478,63.72,1
0,4,1,1,1,0,1.154,1,5,2,-0.376,5,7,32.44,2,3,2,1.534,0.774,0,1,3,0.989,7,2,0.803,7,3,-0.63,0.134,4,1,3,4,0.0,0,4,0,5,5,0.842,6,0,2,1.019,160.07,1
3,4,3,3,2,0,0.186,1,4,5,0.957,4,7,37.51,1,2,4,1.596,0.44,3,1,5,0.549,7,3,0.4,7,5,-0.126,1.95,4,1,1,3,0.0,2,0,3,4,0,0.073,7,3,3,0.285,81.18,1
1,7,4,7,1,0,-1.643,0,4,2,-1.432,2,1,24.68,3,3,3,-1.112,-1.116,5,0,5,-1.025,7,5,2.13,6,5,1.86,1.165,1,3,4,1,0.0,5,4,0,0,1,0.749,3,4,2,-0.606,0.0,0
5,7,2,5,5,0,-2.071,3,5,2,-1.322,2,1,24.92,2,6,3,1.681,1.298,0,0,5,-2.106,7,5,-2.4,4,4,-0.28,0.667,2,1,2,3,0.0,4,0,4,7,2,0.098,5,5,3,-0.789,0.0,0
0,6,2,1,5,0,-0.973,3,3,2,0.214,5,3,33.28,6,1,1,-1.305,0.131,5,1,1,4.341,4,5,2.109,6,3,1.186,-2.757,0,2,4,0,0.0,4,6,0,2,1,0.992,7,0,0,1.003,59.13,1
4,4,1,1,1,0,-3.239,0,1,2,-0.455,0,5,24.6,3,4,5,0.519,0.287,4,0,1,0.808,0,2,0.011,0,0,-2.361,-2.721,4,2,1,7,0.0,4,1,3,3,6,-0.714,7,4,0,-1.01,0.0,0
4,2,1,2,0,0,-0.677,3,5,4,-0.592,0,7,24.14,5,0,3,-0.231,1.903,4,0,5,-2.602,0,5,1.524,2,3,1.195,-0.361,2,2,4,0,0.0,0,3,1,1,1,0.506,1,0,1,-0.011,0.0,0
2,3,3,6,5,0,-1.434,4,1,2,-0.139,2,7,26.99,1,0,4,-0.113,-1.724,4,0,2,0.602,0,5,-0.457,2,2,-0.187,1.745,5,5,1,2,0.0,3,4,0,0,4,-0.601,4,5,1,-0.234,0.0,0
1,6,5,1,4,1,-0.46,1,5,2,1.809,1,2,35.43,5,2,3,-1.12,-0.909,4,0,1,3.304,4,2,-0.08,6,0,0.396,1.136,1,4,2,1,0.0,1,3,2,6,1,-0.314,7,0,4,0.35,128.93,1
5,3,5,5,5,0,-0.353,4,3,2,-0.156,5,7,48.39,5,7,4,2.038,-0.763,3,1,2,0.561,2,2,1.622,5,5,0.643,1.268,1,4,4,3,0.0,0,1,0,1,7,0.591,0,3,0,1.736,225.91,1
1,4,0,7,2,1,-0.074,1,3,3,-3.33,5,1,34.7,5,3,0,0.845,1.701,0,0,1,-1.285,2,0,1.01,7,2,1.108,0.332,3,0,4,5,44.62,2,3,5,3,4,1.162,5,3,4,0.371,141.7,1
4,2,4,5,5,1,4.135,5,5,3,1.727,4,4,37.52,2,0,3,3.517,0.802,5,1,1,1.197,5,5,2.494,2,0,2.744,1.813,5,1,4,7,0.0,5,2,3,4,1,3.245,1,0,3,3.012,129.96,1
0,5,4,4,2,0,-0.301,5,4,2,-1.125,3,2,34.96,1,1,2,-2.477,0.442,1,0,2,2.017,1,4,-0.23,0,2,-0.879,0.311,5,1,0,6,0.0,3,6,0,4,4,-1.076,2,4,1,-0.679,0.0,0
0,7,3,6,3,0,-1.658,4,1,0,0.515,0,4,24.2,7,7,4,1.634,-1.515,0,0,2,-3.54,3,3,0.595,0,1,-0.785,0.342,4,4,5,6,0.0,0,4,2,3,6,0.976,5,1,3,0.017,0.0,0
3,5,0,6,3,0,-0.426,2,5,0,-2.093,1,0,33.33,1,1,4,1.393,0.047,1,0,5,1.273,2,4,1.217,0,5,-0.183,-2.03,2,4,5,3,0.0,0,3,2,7,7,-0.824,0,5,1,-1.026,0.0,0
1,2,2,1,0,0,-1.711,4,2,1,1.609,2,3,22.06,2,2,3,1.097,-0.718,2,0,2,-1.733,3,3,1.869,0,0,0.678,1.311,4,4,0,2,0.0,0,5,5,5,3,-0.027,3,3,0,-0.621,0.0,0
3,1,1,3,3,0,-1.046,2,1,1,-0.564,5,1,45.43,3,7,5,-2.236,0.121,5,0,5,-1.739,3,3,0.558,3,4,-1.539,-0.752,4,5,3,4,0.0,2,4,1,7,3,-0.209,0,0,2,-0.464,0.0,0
1,6,4,1,4,0,-0.998,3,1,0,3.149,5,1,29.01,0,0,2,0.326,-1.057,5,0,5,-1.485,7,4,-0.091,4,3,1.464,-0.738,4,5,0,0,0.0,3,5,1,6,5,-0.531,0,4,0,0.214,0.0,0
4,1,5,2,4,0,-0.576,4,0,5,0.84,3,7,32.47,6,6,3,1.161,0.603,3,0,1,1.102,4,3,0.78,2,4,0.819,-0.716,4,2,3,2,0.0,5,3,4,6,4,-0.11,0,5,5,0.041,0.0,0
2,4,4,5,0,0,0.164,1,4,3,0.074,5,3,33.61,4,1,1,-0.441,-0.603,5,0,5,0.9,7,3,0.693,7,4,0.084,-0.544,5,1,4,4,0.0,2,3,5,0,0,0.679,2,2,5,-0.226,0.0,0
3,3,5,7,2,0,0.92,4,0,3,-1.759,5,4,48.83,2,1,5,2.934,0.461,1,1,4,1.597,5,3,2.539,2,4,1.252,2.583,1,4,4,2,0.0,0,0,4,5,7,0.96,1,3,2,0.989,0.0,1
5,0,0,0,3,0,-1.422,0,4,3,1.809,4,7,33.4,0,0,4,2.088,0.907,4,1,2,-3.602,4,3,2.381,1,2,-0.485,-0.161,1,1,5,0,0.0,5,0,2,6,2,0.679,3,1,2,0.501,148.89,1
1,6,5,5,4,1,0.574,2,1,1,3.62,2,7,33.0,1,0,4,-0.936,0.176,0,1,4,4.528,7,3,0.619,1,4,2.542,2.448,0,4,2,1,0.0,3,0,4,4,7,1.723,7,3,0,1.739,0.0,1
5,6,1,4,1,0,-1.044,0,2,4,-1.805,2,0,30.18,7,4,1,-0.006,-0.388,3,0,1,-2.931,2,5,1.836,5,4,-3.647,0.445,1,0,4,4,0.0,3,0,0,7,1,0.33,7,3,4,0.032,0.0,0
5,6,0,4,2,0,-2.352,5,0,2,0.996,4,6,31.18,7,7,4,-0.458,0.157,4,0,4,-1.561,0,4,-1.738,6,2,-0.169,0.091,3,2,4,3,0.0,1,6,1,5,0,-1.298,2,5,5,-1.378,0.0,0
3,0,1,4,3,0,-0.559,5,3,1,-1.679,3,2,34.54,0,7,2,-0.167,-0.246,3,0,4,-1.844,3,0,-1.7,4,4,-2.548,-1.617,1,2,0,4,0.0,0,1,0,4,3,-0.662,6,2,4,-0.265,0.0,0
1,6,1,4,2,1,2.904,0,1,2,0.336,5,0,32.89,4,1,3,1.702,2.354,1,1,5,2.954,3,3,0.912,7,1,2.863,0.858,2,5,0,1,0.0,0,4,5,2,7,2.623,2,4,4,1.756,147.65,1
0,6,3,3,5,0,0.675,1,1,4,-0.851,2,5,19.3,5,0,2,-1.834,-0.24,5,0,5,3.337,1,1,1.303,1,0,-0.86,-1.057,5,2,4,5,0.0,3,6,4,2,3,-0.331,5,3,0,0.041,0.0,0
0,7,4,5,1,0,0.992,2,0,0,1.562,2,6,27.71,3,6,3,3.725,0.545,4,1,5,5.811,4,3,1.942,0,3,2.082,1.734,2,1,3,7,0.0,1,6,2,7,3,1.705,6,0,2,1.122,141.02,1
4,1,5,3,1,0,-1.182,4,5,3,1.919,5,6,27.41,6,6,5,-1.344,2.189,2,0,0,-1.064,7,0,-0.413,4,2,-0.325,3.222,1,5,2,2,0.0,0,5,1,6,2,0.301,2,2,1,-0.679,0.0,0
3,3,0,3,5,0,-0.35,0,2,4,-1.179,4,2,28.71,3,0,2,-0.255,0.239,2,0,5,1.424,0,3,0.578,1,2,0.363,0.88,3,2,1,4,0.0,0,5,4,6,5,0.474,7,1,3,0.561,0.0,0
2,1,2,4,2,0,0.595,5,0,2,-2.032,4,5,27.73,4,1,3,0.204,0.125,3,0,4,3.267,5,0,-0.288,5,3,-0.351,-0.29,4,3,5,5,0.0,3,5,3,1,7,1.029,3,1,0,0.662,0.0,0
2,3,0,6,3,0,-0.823,5,5,5,-0.48,0,6,28.0,4,7,1,1.143,-0.702,3,0,4,1.019,4,1,-0.735,4,5,0.289,1.058,1,0,0,1,0.0,5,6,1,1,7,-0.663,3,0,2,-0.636,0.0,0
5,3,5,5,1,0,0.869,3,3,5,-1.798,0,5,22.29,0,2,3,-0.235,0.399,4,0,0,2.134,6,3,-1.914,4,0,-2.206,0.248,3,5,3,5,0.0,4,3,3,4,7,-1.298,0,0,4,-1.131,0.0,0
3,2,1,1,2,0,-2.453,3,3,3,-3.012,5,0,26.83,4,5,4,1.238,-1.198,2,0,0,-0.288,4,3,-0.047,0,5,-2.422,-0.983,5,4,1,6,0.0,2,2,3,4,4,-0.29,7,4,0,-0.44,0.0,0
1,6,3,4,5,0,0.525,2,1,4,-3.064,1,2,33.17,3,2,2,-0.368,-0.347,5,0,5,1.461,5,0,-1.219,1,0,4.465,-1.313,3,0,5,3,0.0,0,0,4,5,7,0.079,6,5,4,-0.917,0.0,0
0,3,3,3,4,0,-0.193,2,4,4,-2.26,5,5,33.26,3,0,2,0.325,0.397,1,0,0,-0.344,1,0,-0.835,6,1,-1.534,-5.001,2,2,2,4,0.0,5,2,2,4,1,-1.577,0,4,2,-1.097,0.0,0
3,2,2,7,3,0,-1.25,0,0,2,-0.871,4,5,30.93,0,7,1,1.346,-1.263,5,0,0,3.267,0,0,-3.458,6,5,-1.763,-0.249,2,4,2,2,0.0,1,6,0,6,2,-1.342,4,1,3,0.007,0.0,0
4,3,1,1,1,0,2.867,1,5,2,0.188,2,5,28.42,2,2,2,1.346,0.002,2,0,1,1.396,3,1,2.512,1,5,-0.022,0.882,5,5,2,3,0.0,5,5,1,4,1,-1.212,2,1,1,0.29,0.0,0
0,7,0,6,1,0,-0.05,5,0,1,-3.226,1,4,20.2,7,3,3,0.042,-0.352,5,0,3,1.088,3,4,-2.589,6,1,0.775,0.639,4,2,2,0,0.0,5,1,2,3,2,-0.077,0,4,4,0.045,0.0,0
4,2,5,2,2,0,-0.148,3,5,2,0.041,3,3,41.61,1,2,4,-0.39,-2.698,0,0,2,2.082,7,2,-3.151,1,3,-2.011,0.326,0,3,4,1,0.0,0,1,5,2,6,-1.024,7,4,3,-0.705,0.0,0
0,0,4,3,4,0,-1.35,1,2,2,-1.321,0,3,15.06,3,4,3,-1.293,-1.32,4,0,4,0.561,0,5,-0.859,1,5,0.962,-2.643,1,1,3,7,0.0,4,0,0,2,2,-0.38,1,5,1,-0.711,0.0,0
5,0,5,7,1,0,-5.697,2,2,0,-0.58,0,2,36.16,3,3,0,-3.724,1.531,5,0,0,-0.881,2,2,0.808,6,5,-1.825,0.143,5,1,2,1,0.0,2,6,5,3,1,-0.312,6,1,2,-0.775,0.0,0
1,2,0,2,0,0,-1.449,1,1,1,-2.241,2,2,17.59,5,2,5,-2.103,2.032,4,0,3,-0.357,0,0,1.545,4,2,-1.472,-2.202,0,1,1,5,0.0,2,6,3,0,7,-0.381,7,3,3,-0.518,0.0,0
2,6,1,2,5,0,-0.424,5,1,2,-0.783,1,3,33.86,5,5,5,0.441,-0.638,4,0,3,-4.348,6,3,-1.226,1,4,-1.107,-1.421,4,5,0,4,0.0,3,3,5,6,2,-1.42,0,2,2,-1.293,0.0,0
5,6,0,3,3,0,1.642,0,2,1,1.731,2,4,24.88,3,5,1,-0.696,1.619,1,0,0,-1.322,3,0,1.492,5,4,-0.997,1.963,2,0,4,5,0.0,2,2,0,2,7,0.163,1,0,1,0.249,0.0,0
4,2,3,2,0,0,0.765,4,4,5,-2.719,1,0,29.63,1,3,2,-2.488,-0.625,5,0,0,-1.468,2,4,-0.625,1,2,-1.066,-2.751,4,3,5,1,0.0,3,1,0,1,7,-0.7,3,3,4,-1.732,0.0,0
5,1,2,7,3,0,-1.551,1,0,5,1.607,4,0,26.4,3,0,4,-0.558,-1.55,2,0,1,-3.737,3,0,-4.12,2,1,-1.16,1.522,1,1,1,6,0.0,1,1,1,6,6,-0.23,4,3,4,-0.305,0.0,0
1,4,3,5,0,0,-0.158,4,5,2,0.737,3,6,29.45,6,3,2,-0.049,0.74,0,0,3,0.178,5,5,-3.532,1,5,-0.034,1.76,1,4,2,3,0.0,4,1,1,3,3,-0.106,4,5,5,-0.211,0.0,0
0,4,4,1,0,1,0.996,5,5,4,2.732,3,1,38.97,4,4,1,2.272,0.565,5,1,2,2.36,4,1,-1.522,6,3,-0.462,0.422,3,3,0,1,0.0,3,6,0,4,6,1.525,1,0,3,1.162,0.0,1
3,6,5,1,0,0,0.977,4,5,5,0.442,1,6,29.15,0,7,0,1.678,-0.433,0,0,4,0.526,1,0,-2.517,7,3,-2.122,-2.112,2,4,2,2,0.0,1,5,2,5,4,-0.113,1,3,0,-0.284,0.0,0
1,3,2,1,2,0,1.614,2,4,0,-2.546,3,0,20.94,6,3,0,3.829,2.341,0,0,2,-3.286,2,5,-1.984,5,1,-0.55,0.308,4,4,5,6,0.0,1,7,1,0,5,-0.268,0,0,1,-0.68,0.0,0
0,2,0,3,2,0,0.726,4,0,3,0.029,4,1,46.33,4,0,0,1.857,-0.45,5,1,3,-0.526,5,5,1.453,1,3,1.186,1.59,4,0,5,7,41.83,1,0,5,6,3,0.993,6,0,4,0.495,51.02,1
1,5,0,2,0,0,-1.413,1,0,0,-0.475,2,6,25.25,0,1,4,-0.738,-1.297,4,0,5,0.863,3,5,-1.79,4,5,0.56,-0.088,3,4,3,7,0.0,1,7,3,2,1,0.391,4,2,5,0.429,0.0,0
5,4,5,1,1,0,4.067,0,1,3,1.366,2,7,44.9,3,3,2,0.534,1.352,1,1,0,-0.432,1,1,1.71,7,2,2.256,2.29,1,5,0,5,0.0,4,3,2,3,7,1.387,4,1,5,1.682,182.4,1
1,0,2,4,0,0,3.683,2,1,4,2.318,5,1,41.93,5,7,2,0.244,2.004,2,1,3,1.412,5,1,0.043,3,5,1.557,4.725,0,0,1,3,0.0,5,7,5,5,2,2.447,4,4,1,1.644,0.0,1
3,0,0,1,0,0,1.443,2,0,2,0.176,1,4,33.93,6,1,1,-2.587,-0.03,4,0,5,-5.075,1,4,1.854,5,1,2.405,0.437,4,5,2,4,0.0,2,6,3,0,6,0.165,3,3,2,0.997,0.0,0
2,7,1,0,5,0,-1.042,3,1,1,-2.583,0,3,26.2,7,5,3,0.109,-0.622,2,0,1,-2.506,6,3,-0.891,3,4,1.078,-1.136,2,2,0,1,0.0,5,0,1,1,0,-0.119,4,5,1,-0.788,0.0,0
5,3,3,5,2,0,-0.813,5,3,5,-0.154,3,2,33.4,3,6,0,2.616,-0.947,4,0,5,3.244,2,2,0.439,3,0,0.962,-0.068,3,3,5,4,0.0,4,7,4,2,4,-0.252,2,0,2,0.023,0.0,0
3,7,4,4,2,0,-1.748,4,1,5,-2.368,4,4,40.47,0,6,1,-0.745,1.342,3,0,5,-1.44,5,5,-1.404,4,0,0.708,1.581,0,2,0,5,0.0,5,0,1,3,6,0.61,4,3,4,-0.067,0.0,0
5,7,4,3,1,0,0.71,1,2,2,1.243,1,2,35.58,1,4,4,-3.196,0.62,4,0,5,-2.949,3,1,-1.611,6,2,0.543,-2.515,4,3,1,4,0.0,1,3,2,5,4,-0.689,1,3,2,-0.26,0.0,0
4,6,4,0,0,0,0.855,3,4,0,0.308,3,0,30.4,2,2,1,2.275,0.721,4,0,2,0.76,7,5,-1.913,3,4,-1.645,1.79,1,5,5,0,0.0,3,5,2,7,7,0.218,4,0,4,0.24,0.0,0
0,4,1,3,0,0,1.12,3,5,0,1.185,3,4,15.79,7,1,1,1.002,-0.695,2,0,0,-1.619,4,2,1.498,2,4,0.541,0.578,4,2,5,3,0.0,4,1,0,5,6,1.361,4,4,3,0.486,0.0,0
4,0,5,7,3,0,-2.306,5,3,3,-0.073,1,0,21.21,4,7,3,0.344,0.982,3,0,3,2.823,4,2,-1.196,4,2,-0.196,-0.314,0,4,4,6,0.0,5,0,5,7,2,-1.567,2,3,3,-1.004,0.0,0
2,1,4,5,5,0,1.099,4,5,1,-0.028,3,0,27.81,0,1,4,0.504,0.142,0,0,4,0.782,4,5,2.29,4,2,-0.648,1.444,0,4,1,6,0.0,1,2,0,3,7,1.224,6,3,4,0.506,0.0,0
0,0,2,2,4,0,-0.635,1,3,4,0.722,3,4,36.69,0,5,5,-2.046,0.476,4,0,1,2.644,4,4,-3.188,4,4,-3.042,-0.781,2,1,2,6,0.0,1,2,1,3,0,0.283,3,3,3,-0.492,0.0,0
4,6,5,1,1,0,-3.484,5,0,1,1.179,0,5,32.98,7,0,4,-0.813,0.312,2,0,3,2.043,4,3,-3.916,0,1,1.584,-0.879,3,3,1,3,0.0,4,0,2,2,2,-0.511,6,5,4,-1.183,0.0,0
4,0,3,0,4,0,-0.524,4,1,4,1.5,2,6,33.24,5,6,1,-1.215,-0.019,0,0,5,-1.239,0,0,1.687,5,2,0.302,-1.401,5,5,5,7,0.0,4,0,5,2,2,0.203,4,4,0,-0.105,0.0,0
2,2,0,1,0,0,-0.504,2,3,0,-0.256,1,7,19.47,7,2,3,-0.628,-0.583,5,0,4,-0.604,1,4,0.364,2,2,3.277,-0.562,5,5,1,6,0.0,2,1,2,1,0,-0.347,7,5,1,-0.562,0.0,0
3,0,1,3,2,0,-3.746,0,5,1,-2.332,4,4,31.23,5,5,2,-0.912,-0.119,1,0,3,0.898,1,4,-2.358,4,5,-2.969,-2.658,1,1,5,6,0.0,5,5,0,4,2,-2.225,2,3,2,-1.793,0.0,0
5,3,0,1,4,0,-0.393,2,4,2,0.381,0,4,22.22,7,6,0,3.347,2.577,4,0,4,1.542,2,5,0.218,7,4,-0.623,-0.542,0,5,4,4,0.0,5,3,3,0,2,0.394,6,5,3,-0.036,0.0,0
5,4,5,2,1,1,-2.242,4,2,3,2.678,4,2,30.07,2,7,5,2.507,-0.503,3,0,2,-0.736,2,3,2.515,1,2,1.886,1.261,1,5,0,2,0.0,0,3,0,3,7,1.77,2,0,5,1.228,40.53,1
4,7,3,0,1,0,-1.529,2,0,3,-1.067,2,3,33.34,2,7,1,-1.688,0.004,3,0,5,2.566,7,5,-0.73,7,5,-1.41,1.134,4,0,0,1,0.0,4,6,3,0,0,-0.401,5,5,2,-0.719,0.0,0
3,3,3,2,2,0,0.46,3,0,2,0.927,4,7,32.55,4,0,0,1.839,2.317,3,0,4,0.615,2,1,-0.29,5,2,2.086,2.524,5,1,5,2,0.0,1,6,5,0,3,0.525,6,4,5,0.905,0.0,0
3,5,1,7,0,0,0.776,0,3,4,-1.317,0,3,25.72,0,3,3,-0.705,-0.442,1,0,3,-0.912,0,1,1.636,3,5,-1.091,0.342,3,2,0,3,0.0,3,1,3,3,1,-0.965,4,0,2,-1.11,0.0,0
1,4,3,3,0,0,0.3,1,5,4,-1.091,4,4,29.95,4,1,2,-1.438,0.48,1,0,1,-0.787,4,4,-0.435,2,2,1.233,0.649,0,0,4,4,0.0,5,7,2,5,2,-0.785,3,0,2,-0.75,0.0,0
4,7,1,1,2,0,-1.797,0,1,2,0.163,0,0,24.37,6,2,0,-0.9,-0.366,2,0,2,-3.547,2,1,0.218,6,1,0.082,-2.383,1,5,4,3,0.0,3,1,3,5,5,-0.82,6,1,0,-0.586,0.0,0
3,5,0,4,1,0,0.577,0,4,0,-1.376,3,1,32.05,6,6,4,-2.439,-0.309,3,0,4,1.509,0,5,-0.173,6,4,-0.238,-0.542,2,4,1,4,0.0,4,2,4,6,0,-0.577,1,4,0,-1.446,0.0,0
4,3,0,7,5,0,1.728,0,3,0,2.684,0,2,31.15,4,5,5,3.992,1.281,3,0,2,-0.463,3,4,2.271,5,1,-0.4,2.597,3,4,1,5,0.0,0,2,3,1,2,1.139,3,1,1,0.153,0.0,0
1,5,2,0,3,0,-0.701,4,0,3,0.856,4,4,17.05,2,5,3,-1.157,-0.207,1,0,1,-0.953,5,1,0.588,4,4,-0.909,-4.011,4,3,1,4,0.0,2,5,2,6,5,-0.824,3,3,1,-0.7,0.0,0
1,7,2,1,3,0,-2.678,5,3,3,-0.863,0,4,33.19,2,4,3,-3.631,0.369,5,0,4,0.036,1,1,-2.78,2,1,-2.552,-1.817,5,0,4,3,0.0,5,7,5,0,5,-1.213,0,0,3,-0.902,0.0,0
0,5,4,4,2,0,0.653,2,5,0,-2.86,4,5,21.58,7,3,1,-0.58,-0.823,2,0,2,-2.55,1,3,-2.401,2,1,-0.168,-0.577,1,1,0,7,0.0,3,0,3,0,5,-0.513,3,2,3,-0.556,0.0,0
5,3,3,4,0,0,2.598,3,3,2,2.509,3,3,25.9,0,2,2,-0.677,-0.522,0,0,3,5.12,4,1,-1.811,3,2,0.167,0.233,4,4,2,2,0.0,3,5,3,4,5,0.221,4,4,2,0.274,0.0,0
4,1,0,5,5,0,-0.256,5,1,4,0.265,5,4,41.34,0,0,0,0.115,0.445,2,0,0,1.193,6,4,-1.951,2,4,-1.024,0.746,0,1,3,6,0.0,1,7,2,0,5,-0.317,7,4,3,-0.755,0.0,0
0,2,3,3,3,0,-0.335,4,1,2,1.424,5,2,23.95,7,4,1,0.356,-1.07,2,0,5,1.956,7,1,-0.989,0,0,-0.109,1.076,0,1,1,2,0.0,4,0,3,7,7,0.045,4,1,2,-0.521,0.0,0
3,4,0,4,4,0,2.027,5,2,1,1.24,5,0,48.87,5,1,2,2.113,-0.79,4,1,1,3.223,0,5,0.878,2,4,0.905,-0.381,3,4,3,5,0.0,5,2,0,3,6,0.478,0,0,0,0.607,226.25,1
5,3,2,3,0,0,0.475,3,2,3,2.482,5,7,29.05,5,6,1,0.793,1.083,2,0,2,1.823,5,2,1.19,1,5,1.248,0.563,4,4,0,0,0.0,1,3,3,6,0,0.215,5,5,4,0.215,0.0,0
3,1,5,3,1,0,0.294,2,4,4,0.161,3,5,36.66,7,7,4,-1.23,0.487,3,0,5,2.404,1,4,0.244,2,5,1.284,3.336,2,0,2,3,0.0,2,1,1,5,1,0.937,0,0,5,0.138,0.0,0
3,1,4,3,4,0,-4.431,3,2,5,-2.805,0,3,31.14,2,1,1,-2.66,-0.115,1,0,4,1.408,5,4,-2.694,5,1,-1.718,0.213,2,3,1,0,0.0,5,7,3,4,0,-1.176,2,3,4,-1.234,0.0,0
4,7,1,4,4,0,0.773,0,1,4,0.693,1,0,43.8,0,5,5,1.203,0.665,5,1,4,-0.683,0,5,-2.496,0,3,1.154,-0.602,0,5,4,4,0.0,0,1,1,1,2,1.907,1,1,5,0.78,168.3,1
5,0,3,4,1,0,-0.971,4,1,5,-0.703,5,2,29.36,0,3,0,-0.403,-0.185,4,0,2,-3.138,0,4,3.062,7,3,-0.054,1.625,4,1,5,7,0.0,3,2,0,4,3,0.605,5,0,4,0.395,0.0,0
5,0,0,1,3,0,-4.34,4,5,4,1.689,5,7,31.6,5,2,2,0.017,0.219,0,0,2,-2.132,5,2,2.006,1,3,1.793,-0.177,4,3,1,2,0.0,4,4,1,3,4,0.071,6,2,5,-0.341,0.0,0
5,1,4,4,3,0,-0.053,2,1,4,0.308,1,2,32.93,7,1,1,1.494,-0.803,4,0,0,-4.668,0,0,-1.526,4,0,0.495,-2.341,2,5,5,7,0.0,0,1,3,5,3,0.637,0,1,2,0.361,0.0,0
0,7,1,7,3,0,2.446,5,5,2,-0.223,3,4,25.78,4,3,5,0.139,0.02,1,1,3,1.374,1,2,-1.764,7,0,1.906,1.146,3,3,0,3,0.0,5,1,2,1,3,0.878,7,0,4,1.165,163.75,1
4,2,5,3,2,0,-0.892,4,2,3,-3.186,1,4,23.55,1,4,1,1.407,-0.134,2,0,1,0.206,6,3,0.32,7,4,-0.075,-2.025,0,3,1,6,0.0,5,5,0,2,1,-0.866,4,5,5,-1.101,0.0,0
4,4,3,5,0,0,-2.2,5,4,0,-1.165,0,0,37.41,1,5,5,-0.202,1.484,2,0,0,-2.884,0,4,-1.05,6,1,-1.307,-1.767,5,3,3,3,0.0,0,4,5,1,4,-1.142,3,4,0,-1.028,0.0,0
4,6,2,7,1,0,-1.244,3,3,0,-2.161,1,2,24.0,0,2,1,-2.102,1.18,2,0,5,5.481,1,4,-1.38,7,2,0.322,3.566,3,1,1,7,0.0,4,2,2,3,3,-0.479,2,0,0,-0.425,0.0,0
0,0,3,4,4,0,-1.416,4,4,0,-2.493,5,1,36.3,5,2,3,-0.639,-2.301,0,0,3,-0.297,7,3,-0.878,7,5,2.671,-0.987,3,1,2,0,0.0,1,7,5,6,6,0.362,7,3,1,0.461,0.0,0
4,1,4,0,1,0,0.055,4,0,5,-0.599,3,5,17.95,7,1,1,-0.933,-0.685,0,0,2,0.348,7,0,0.361,7,5,-1.21,-0.851,2,0,1,1,0.0,1,0,3,0,1,-1.439,5,4,3,-1.785,0.0,0
3,3,1,6,1,0,0.188,5,0,0,2.083,4,5,29.88,5,4,3,4.993,1.444,2,0,2,-2.125,6,1,-0.477,4,1,-1.449,1.335,4,5,0,6,0.0,1,0,4,4,6,-0.172,4,4,4,0.771,0.0,0
4,5,2,1,5,0,-0.032,2,0,0,-3.277,5,7,33.23,7,2,5,-0.664,-0.673,0,1,3,-2.781,3,5,3.994,2,5,1.388,1.412,4,4,4,3,0.0,5,3,2,1,2,0.137,1,5,2,0.14,130.76,1
4,1,0,6,2,0,-0.372,4,5,5,3.186,2,3,26.6,3,2,0,0.48,0.967,3,0,3,0.676,4,4,-0.029,6,0,-2.085,2.286,1,1,5,0,0.0,5,2,2,0,0,0.715,7,0,2,0.633,0.0,0
4,7,2,5,0,0,-2.096,3,4,0,-0.934,5,6,35.33,0,3,0,-2.746,1.075,2,0,1,1.654,1,2,-3.169,0,5,-0.764,-2.953,0,1,4,5,0.0,3,5,3,1,5,-1.032,7,1,0,-0.723,0.0,0
4,6,2,7,5,0,-0.072,0,5,2,0.285,1,6,27.94,1,2,4,-0.396,0.318,1,0,5,-1.732,0,1,-2.428,5,3,1.162,1.677,1,0,0,5,0.0,0,6,4,2,0,-0.929,5,0,2,-0.58,0.0,0
4,1,5,5,1,0,-0.176,2,3,1,-0.077,1,0,21.55,7,2,3,-2.067,0.409,4,0,1,0.408,1,5,1.066,5,1,2.071,-0.745,1,5,1,6,0.0,2,2,1,7,5,-0.507,4,5,4,-0.653,0.0,0
2,4,1,3,4,0,1.088,1,3,2,0.06,5,3,28.92,6,3,0,1.4,-1.03,3,0,1,1.406,6,2,2.305,3,0,0.589,0.49,0,4,3,4,0.0,0,4,1,6,6,1.243,3,4,0,0.437,0.0,0
2,0,1,5,3,1,1.967,0,5,3,1.159,2,3,38.25,1,5,3,0.998,1.6,4,1,3,3.287,2,3,-0.42,0,0,1.336,4.536,4,5,2,7,0.0,1,1,5,3,7,1.352,0,0,0,1.462,131.96,1
4,7,2,3,2,0,-0.805,4,5,3,-2.339,4,4,28.16,5,3,1,0.124,-0.094,2,0,2,1.514,5,0,-0.631,6,5,-0.41,1.792,2,1,1,2,0.0,4,5,2,7,4,-0.55,1,5,2,-0.845,0.0,0
1,1,4,1,1,0,-1.74,0,2,2,0.27,3,0,20.1,3,4,4,-5.087,-0.048,5,0,4,-3.315,5,1,-1.064,0,3,-2.18,-1.966,3,3,5,1,0.0,2,3,1,7,7,-1.485,2,2,5,-1.417,0.0,0
3,1,5,1,2,0,-1.627,3,0,2,-0.444,2,4,27.87,7,6,2,-1.478,0.105,2,0,1,-2.028,3,4,-0.563,6,4,-0.558,-0.207,2,5,5,3,0.0,5,0,5,3,7,-0.02,1,4,5,-0.543,0.0,0
1,4,5,3,4,0,-1.85,5,1,5,2.053,0,1,10.76,6,0,3,-1.33,-0.495,2,0,3,2.417,6,2,1.588,6,5,-0.723,-0.785,0,5,4,7,0.0,5,4,2,4,4,-0.081,7,0,5,0.276,0.0,0
0,0,2,2,4,0,-0.041,0,1,5,-0.092,4,1,31.74,3,2,4,1.285,-0.936,5,0,0,0.905,2,5,-0.073,5,4,-0.012,0.242,5,4,3,5,0.0,5,3,2,3,6,1.412,3,5,1,0.695,0.0,0
5,1,3,1,0,0,0.526,2,3,3,3.672,2,5,34.01,6,0,5,-0.403,-2.59,0,0,4,2.274,1,2,1.884,3,1,0.024,1.056,5,3,3,2,0.0,3,0,3,3,6,0.979,3,3,5,0.452,0.0,0
0,7,0,3,0,0,-0.451,3,3,2,1.068,0,1,29.2,6,7,3,-2.07,-0.704,4,0,1,0.688,5,4,-1.218,5,2,0.205,-1.113,2,0,2,2,0.0,5,0,2,5,3,-0.077,4,3,5,-0.368,0.0,0
4,1,3,7,2,0,2.06,3,4,1,0.668,4,5,28.43,1,5,2,-0.799,2.26,2,0,1,3.807,4,2,2.41,2,2,0.256,0.384,4,2,5,6,0.0,4,1,4,3,4,0.775,5,1,1,1.806,0.0,0
5,5,4,0,3,1,2.496,4,5,5,-0.354,5,0,32.11,5,4,2,2.451,1.401,2,1,4,2.462,3,1,5.144,5,1,2.236,1.924,2,4,0,3,0.0,3,1,3,2,7,1.524,1,3,5,2.083,27.8,1
1,2,3,5,2,0,0.016,0,5,4,2.09,5,0,31.99,7,5,2,-0.436,-0.115,1,0,4,0.086,1,5,-2.206,1,3,0.299,1.425,5,1,0,6,0.0,4,0,0,5,3,-0.388,6,0,0,-0.633,0.0,0
2,2,0,1,1,1,0.766,5,4,0,1.095,3,3,34.59,6,4,4,-0.195,0.002,1,1,3,2.179,6,4,-1.449,6,0,1.037,0.843,1,0,2,7,0.0,3,0,5,1,2,1.49,2,4,3,1.65,55.22,1
1,6,0,1,3,0,-2.222,0,5,1,0.713,0,0,31.21,2,2,5,-1.066,-1.106,4,0,5,4.517,3,1,3.435,4,5,2.363,1.719,4,1,3,0,0.0,1,1,1,1,5,0.513,5,3,4,0.734,0.0,0
0,4,0,5,1,0,0.921,1,3,2,1.608,4,2,39.14,7,7,5,1.553,1.742,4,1,1,0.093,6,4,1.993,6,0,0.18,-0.965,0,5,1,5,14.41,3,7,1,1,3,0.968,6,1,0,1.447,55.66,1
4,7,5,0,0,0,-0.991,5,0,0,-0.671,1,6,29.85,5,0,0,-0.607,-0.267,3,0,4,-2.943,2,5,-0.606,6,4,-0.446,-1.201,5,0,0,6,0.0,3,6,4,0,1,-0.263,0,5,2,0.404,0.0,0
0,0,1,4,5,0,-1.919,1,2,0,0.444,1,4,38.26,0,2,1,0.673,0.688,3,0,0,3.447,3,1,0.813,7,2,1.24,1.8,0,2,5,3,0.0,1,0,0,0,3,-0.448,7,3,2,0.102,0.0,0
4,5,1,7,1,0,1.935,2,4,4,-2.491,1,4,21.22,3,4,2,-0.422,0.723,3,0,4,1.311,5,3,3.568,5,3,1.426,0.101,5,5,4,0,0.0,3,1,4,4,5,0.688,7,5,4,0.485,0.0,0
5,3,3,4,3,0,-2.322,2,4,0,1.308,0,6,29.45,2,5,1,-0.751,-0.796,0,0,3,-2.435,5,1,-2.713,4,1,-0.661,1.764,4,4,4,0,0.0,4,3,0,1,0,-0.687,6,4,4,-1.428,0.0,0
3,5,3,2,1,1,2.711,0,0,4,2.39,5,2,30.19,5,4,2,-0.627,-1.855,4,0,2,-2.005,3,1,-0.245,2,2,0.585,-0.631,3,5,0,2,0.0,5,4,4,5,3,0.571,0,0,4,0.912,83.9,1
4,5,3,2,4,0,-2.602,1,5,0,-1.639,1,3,36.87,5,3,3,-1.722,-0.391,0,0,0,-3.348,5,5,-0.502,7,5,-2.032,-2.482,2,2,2,6,0.0,5,4,2,5,7,-2.007,7,3,4,-1.449,0.0,0
5,2,2,7,0,0,-1.654,0,1,1,0.165,4,3,30.23,1,3,5,-3.856,-0.471,0,0,5,-4.163,7,1,0.659,1,5,0.188,-1.254,1,2,0,0,0.0,0,6,4,6,4,-1.516,5,3,1,-0.669,0.0,0
1,3,0,7,4,1,1.48,3,0,0,2.83,5,4,35.5,2,4,3,-1.994,1.931,4,0,4,0.84,2,5,0.536,1,1,1.588,2.497,1,4,1,5,0.0,3,6,1,4,2,0.415,2,0,0,0.563,25.74,1
3,0,3,4,4,0,0.516,0,2,4,-2.089,4,6,20.82,5,2,0,-0.79,-0.685,3,0,4,-1.611,3,1,-5.406,6,3,-1.31,-1.235,0,4,1,2,0.0,1,0,1,4,1,-1.087,0,5,0,-1.253,0.0,0
2,6,0,7,3,0,-4.635,3,2,4,1.117,3,6,33.36,0,2,0,-0.477,0.057,2,0,5,1.105,3,1,0.904,6,1,-1.903,-0.362,2,1,3,3,0.0,3,4,5,6,0,-0.221,5,5,2,-0.779,0.0,0
3,0,0,6,0,0,-0.097,5,1,1,-0.354,1,7,31.02,1,0,3,-1.084,0.978,0,0,5,-2.81,7,5,0.063,5,4,-0.685,0.994,2,3,5,7,0.0,1,4,1,1,5,0.291,4,2,5,-0.313,0.0,0
1,0,4,7,4,1,6.184,5,5,5,4.168,0,4,46.89,7,6,5,2.336,-0.13,2,1,3,1.182,1,2,1.807,4,2,1.785,1.707,5,5,4,2,0.0,4,6,5,4,6,2.397,3,0,3,2.087,202.62,1
1,0,4,3,1,1,2.157,0,4,3,5.372,2,5,35.45,2,0,3,0.531,0.725,5,1,3,4.069,0,2,0.822,6,0,4.116,6.193,0,0,5,6,0.0,5,6,4,0,1,2.138,7,2,5,2.683,13.63,1
5,0,3,7,5,0,-1.371,4,0,2,0.915,3,2,20.03,5,6,1,-3.721,0.455,1,0,3,-4.434,5,1,-1.823,3,0,-1.226,-2.233,1,3,5,4,0.0,5,4,1,4,6,-1.49,0,0,4,-2.189,0.0,0
4,2,3,0,5,0,-0.303,1,0,3,-1.516,0,2,23.36,1,7,3,-0.113,-0.057,0,0,5,4.013,7,0,-0.76,0,3,1.908,-2.019,2,1,4,1,0.0,0,2,5,5,2,0.609,5,3,5,0.722,0.0,0
2,7,0,7,5,0,-0.688,0,4,2,0.882,2,5,20.99,0,4,5,-2.515,-0.708,0,0,2,-1.305,2,2,1.252,1,3,-1.887,-2.321,0,4,2,3,0.0,3,3,0,1,0,-0.364,5,2,1,-0.714,0.0,0
2,1,4,2,5,0,3.319,0,5,2,0.289,3,6,19.77,6,7,5,0.107,1.232,2,0,4,-1.269,1,0,0.358,7,4,0.282,0.985,1,4,2,6,0.0,2,7,4,6,0,0.311,6,2,0,0.351,0.0,0
0,3,1,4,0,0,0.746,4,1,5,0.144,3,1,42.21,6,7,2,4.229,0.326,4,1,2,-2.703,6,1,2.609,1,2,2.989,-0.891,4,1,4,0,0.0,4,4,2,1,2,1.67,0,4,2,1.284,212.16,1
5,6,4,5,0,0,1.759,4,5,1,4.033,2,0,26.09,2,2,1,-0.092,0.857,1,0,1,-0.981,3,5,2.233,7,5,0.404,-1.782,1,4,5,5,0.0,5,1,1,6,3,0.053,4,1,3,0.894,0.0,0
5,5,0,0,5,0,2.656,5,3,1,-0.464,2,4,34.97,5,6,2,-0.775,-1.075,2,0,2,1.881,6,5,-1.68,5,1,0.136,-1.713,1,2,0,6,0.0,3,2,3,0,7,0.495,3,3,4,-0.371,0.0,0
2,0,5,3,1,0,-0.224,2,4,1,3.174,0,2,49.85,0,2,2,2.672,2.01,1,1,1,0.903,0,1,1.871,7,0,1.622,1.944,3,5,2,7,0.0,1,4,2,3,5,0.841,3,4,4,1.61,131.97,1
4,0,1,4,4,0,-0.192,3,5,5,-0.824,3,4,28.85,3,3,2,-1.954,-1.022,0,0,2,-2.226,2,5,1.547,7,4,-1.422,-1.421,0,3,4,2,0.0,3,5,4,0,1,0.23,7,3,3,0.348,0.0,0
1,4,2,5,4,0,-1.382,4,4,3,0.467,3,2,29.19,7,1,3,2.535,-0.325,0,0,5,4.861,2,1,-3.694,6,5,-0.616,-1.138,2,2,4,3,0.0,4,2,3,6,7,-0.068,7,5,1,0.139,0.0,0
0,7,2,7,5,0,-2.248,4,3,4,-1.159,0,4,39.42,4,4,0,-2.407,-0.092,0,0,3,1.639,0,1,0.554,7,0,0.367,2.358,0,2,4,4,0.0,3,1,3,4,0,-0.918,3,1,2,-0.649,0.0,0
5,6,0,3,4,0,-0.767,2,0,3,-0.117,1,2,28.54,6,1,2,-2.079,1.409,4,0,5,0.065,7,4,-0.157,2,1,0.207,-3.124,3,3,0,7,0.0,3,3,0,3,7,0.363,4,0,2,-0.385,0.0,0
4,4,2,1,3,0,2.14,1,3,3,2.529,3,3,23.46,0,1,1,2.572,2.729,2,0,2,-0.503,7,5,2.512,0,4,0.096,0.294,1,0,4,6,0.0,0,2,0,6,5,-0.009,2,4,3,0.629,0.0,0
3,5,3,7,1,0,0.333,3,2,3,1.525,1,2,30.39,5,2,1,3.763,-0.117,0,1,5,0.154,7,0,1.744,7,0,0.613,0.772,0,1,0,0,0.0,0,4,5,6,0,0.145,1,5,0,0.114,0.0,1
0,4,4,5,5,0,1.46,1,0,5,-0.881,3,0,29.92,7,0,4,1.299,-0.149,4,0,0,-0.831,1,0,1.796,1,1,0.647,2.068,1,2,4,7,0.0,3,1,1,7,1,-0.582,6,4,5,0.267,0.0,0
4,6,1,7,3,0,0.506,2,0,3,0.505,2,6,24.92,1,1,3,0.982,-0.522,2,0,4,-1.481,3,3,0.463,4,1,0.189,-3.888,3,2,4,4,0.0,4,4,4,5,3,-1.306,6,5,2,-0.591,0.0,0
4,0,3,2,2,0,-0.378,4,5,4,-0.892,4,0,41.05,5,7,5,0.056,-2.116,0,0,5,-1.374,2,5,-0.629,3,3,-0.987,-2.799,0,2,2,7,0.0,1,5,5,2,3,0.177,7,3,4,-0.422,0.0,0
2,1,2,4,5,0,2.614,2,3,4,2.255,0,7,21.35,2,6,5,-0.43,0.281,3,0,3,-0.894,5,2,4.187,2,5,-0.523,1.813,3,2,3,1,0.0,5,5,3,7,4,0.294,1,5,3,1.498,0.0,0
4,7,5,0,2,0,-2.299,3,0,4,0.441,0,0,25.32,2,2,3,-0.944,-0.146,3,0,3,0.678,1,3,-1.454,3,2,1.589,1.522,5,5,2,0,0.0,5,0,1,4,5,0.054,6,4,4,-0.023,0.0,0
2,7,3,3,0,0,1.009,5,0,2,-3.661,4,6,23.65,1,5,4,2.364,-0.506,2,0,1,-3.298,3,4,-0.277,0,0,0.711,0.154,0,3,1,5,0.0,2,6,0,5,3,-0.138,5,1,4,-0.315,0.0,0
5,7,2,0,3,0,-1.214,0,0,1,-1.411,1,2,25.4,1,0,4,0.439,-0.872,4,0,2,1.677,7,1,-0.487,0,2,-0.351,1.642,3,3,0,2,0.0,2,3,4,6,6,-0.094,1,2,3,-0.345,0.0,0
5,6,0,7,4,0,-1.876,4,0,2,-0.515,5,1,27.03,1,1,2,-1.196,0.78,1,0,0,-1.118,1,3,-1.486,5,1,0.388,1.358,3,4,1,3,0.0,2,4,4,6,0,-0.942,3,0,1,-0.873,0.0,0
1,3,1,4,2,0,-2.974,1,5,4,-1.271,2,0,24.76,1,6,0,-5.107,1.73,3,0,0,-0.966,5,3,-3.029,3,1,-0.772,-2.881,5,0,2,2,0.0,1,3,5,7,1,-2.572,0,3,5,-2.52,0.0,0
3,0,1,5,0,0,1.133,2,3,1,-2.167,4,5,20.67,7,5,4,3.964,-0.137,5,0,1,2.838,2,5,3.325,0,1,-1.871,-1.231,0,5,1,4,0.0,3,0,4,6,1,0.074,7,4,0,0.212,0.0,0
4,7,1,4,0,0,-2.663,5,0,1,1.71,4,3,24.0,0,2,5,1.213,0.318,5,0,2,-0.209,4,5,-0.533,7,3,1.705,0.999,4,3,5,3,0.0,4,7,3,7,0,-0.978,1,2,2,-0.132,0.0,0
1,0,5,4,4,0,-0.063,0,0,5,-0.018,1,1,26.23,4,3,4,1.426,1.193,0,0,5,-2.409,6,1,0.503,6,0,-0.187,0.982,5,4,3,5,0.0,0,5,1,0,0,-1.183,2,1,3,-0.438,0.0,0
2,2,5,1,0,0,-2.468,3,1,4,2.247,5,3,30.42,1,5,5,-1.414,-0.112,4,0,3,1.149,5,4,-2.971,2,2,-2.071,1.174,3,2,5,4,0.0,3,5,3,3,6,0.557,2,0,0,-0.461,0.0,0
4,0,2,7,2,0,-0.865,2,1,1,-0.174,4,3,40.87,5,6,0,0.828,0.47,1,0,2,-1.899,1,0,-2.01,4,3,-2.649,0.396,2,1,4,7,0.0,4,0,0,3,2,-0.711,5,4,3,-0.809,0.0,0
4,0,2,1,1,1,2.487,2,2,4,1.389,1,7,36.02,7,0,1,-0.575,0.656,0,1,1,-1.152,2,4,1.882,2,0,2.193,2.802,0,3,0,5,0.0,3,5,2,6,6,1.076,6,0,4,1.663,97.11,1
3,1,4,2,3,0,-2.192,3,4,2,0.705,4,4,24.38,1,0,0,-1.129,-1.287,1,0,5,0.022,7,3,0.625,1,4,-0.601,0.018,1,4,1,6,0.0,1,0,2,3,2,-0.059,7,2,3,-0.95,0.0,0
1,3,1,4,0,0,-0.921,0,1,2,1.979,3,7,25.35,2,5,1,0.534,-0.519,0,0,2,0.168,1,3,-0.987,2,3,1.551,-0.872,4,5,3,3,0.0,5,4,0,7,5,0.543,0,3,3,0.131,0.0,0
3,4,3,0,0,0,-0.03,4,5,3,-1.822,3,5,29.38,4,5,2,-1.455,-0.813,5,0,1,3.324,1,5,-1.796,2,5,-0.401,1.685,3,4,2,5,0.0,5,0,1,1,6,-0.307,0,1,4,0.629,0.0,0
4,6,0,1,2,0,1.237,4,4,5,3.588,0,0,28.32,6,7,0,2.349,2.764,5,0,0,-1.125,5,2,-2.683,3,2,1.932,1.879,3,4,4,0,0.0,4,2,0,0,2,0.541,4,0,1,0.492,0.0,0
0,2,2,6,4,1,-0.713,0,3,5,2.378,0,3,25.54,1,5,5,2.074,1.807,0,1,1,3.219,5,4,1.366,7,5,0.996,3.434,2,2,0,5,0.0,3,1,3,1,2,1.53,7,1,3,1.132,188.36,1
1,1,3,7,0,0,-0.197,0,5,4,-2.367,1,4,37.96,4,5,4,0.589,-0.549,5,0,2,-1.728,3,5,-0.817,7,4,-1.368,1.005,3,1,0,6,0.0,5,0,3,2,3,-0.447,2,2,0,-0.439,0.0,0
3,6,2,5,4,0,2.232,4,5,3,-0.937,1,4,23.83,1,6,0,-3.238,-1.254,1,0,1,0.544,2,2,1.667,2,4,-0.778,0.457,2,1,5,6,0.0,3,5,1,0,7,0.044,1,3,3,-0.272,0.0,0
2,4,5,7,4,0,-0.857,2,5,4,-2.628,1,0,29.8,7,2,5,-2.437,-0.256,4,0,1,-0.871,0,5,-2.135,7,3,-0.838,-0.751,0,4,2,2,0.0,4,0,3,4,2,0.541,3,5,0,0.146,0.0,0
4,3,0,0,0,0,0.498,2,0,2,1.499,0,5,38.36,1,5,0,2.937,-0.515,3,1,4,5.739,0,2,1.048,4,4,-0.292,0.807,0,2,0,6,0.0,3,5,2,1,5,1.608,1,3,2,1.244,154.23,1
5,2,3,0,0,1,-0.108,1,2,3,0.643,1,7,32.6,7,3,1,1.297,0.815,0,1,0,5.537,2,3,1.108,2,5,-0.038,1.778,0,0,3,1,0.0,4,2,2,7,2,2.461,7,2,1,2.011,42.61,1
5,2,3,1,0,0,0.842,1,5,2,0.094,4,1,25.69,6,5,3,1.576,-0.204,2,0,1,1.393,2,3,0.624,5,4,-1.74,-0.373,5,4,4,4,0.0,4,5,1,3,7,0.725,6,1,4,0.447,0.0,0
0,6,0,3,3,0,-0.105,1,3,3,1.801,2,7,27.16,0,4,0,0.139,-0.016,0,0,4,-1.755,5,5,1.213,0,3,2.302,0.333,5,1,4,6,0.0,3,4,5,6,7,-1.163,4,4,4,-0.004,0.0,0
4,2,5,0,0,0,1.523,5,4,3,0.894,2,1,21.53,5,6,5,-0.732,0.671,5,0,1,-2.033,3,4,-1.065,7,3,2.086,-0.755,5,3,0,7,0.0,3,7,2,1,1,-0.436,3,5,0,-0.455,0.0,0
4,2,2,7,2,0,1.457,2,0,1,-2.481,1,1,27.84,6,1,2,-1.287,-0.304,3,0,1,-3.616,5,1,-2.941,1,1,0.145,0.94,2,4,5,0,0.0,4,7,3,4,3,-1.78,3,2,3,-0.517,0.0,0
2,0,4,7,2,0,-0.427,3,1,5,0.808,5,5,20.43,3,2,1,-0.036,1.321,2,0,1,-1.039,1,2,-2.391,3,4,-3.653,-1.492,2,1,2,6,0.0,1,6,2,5,0,-1.4,3,3,0,-1.53,0.0,0
1,4,2,0,3,0,1.842,0,3,4,1.8,0,7,32.78,7,5,2,-0.876,0.713,5,1,2,5.215,6,1,3.794,1,5,0.816,1.139,5,0,5,3,0.0,3,6,4,0,4,0.859,2,1,3,1.15,157.59,1
3,5,3,7,2,0,0.253,2,0,0,1.124,3,5,36.83,4,5,2,0.06,1.627,2,0,5,2.935,7,2,-0.434,7,1,-0.427,0.129,1,2,0,2,0.0,3,3,5,6,6,-0.436,2,5,1,0.39,0.0,0
4,3,5,5,2,0,1.317,2,0,2,2.896,0,6,19.54,2,7,1,0.901,-0.572,3,0,2,4.11,0,3,2.169,6,4,1.3,3.098,0,0,1,3,0.0,2,3,1,6,1,1.433,5,2,2,1.881,0.0,0
2,7,5,2,0,0,0.09,2,0,3,1.365,5,7,29.96,1,1,4,-1.394,1.23,5,0,1,4.401,1,2,-0.623,4,5,-0.476,-2.239,3,3,3,7,0.0,2,2,4,0,6,-0.377,6,0,1,0.099,0.0,0
3,4,5,3,5,0,-1.156,4,4,2,1.674,1,5,38.89,7,3,1,-2.782,0.768,3,0,0,1.17,7,3,-1.261,1,1,-0.069,-0.097,0,5,2,4,0.0,3,1,2,5,4,-0.487,4,3,2,-0.164,0.0,0
4,5,2,7,2,0,-0.694,0,0,4,2.192,3,1,27.91,7,1,1,1.021,-0.067,3,0,0,-2.345,5,0,0.437,5,4,-1.475,-0.457,1,1,3,1,0.0,0,3,3,0,2,0.044,5,3,4,-0.573,0.0,0
5,4,1,1,1,0,-1.588,2,4,4,0.133,3,2,27.14,3,5,1,1.685,-0.626,3,0,1,-0.387,1,5,-2.525,4,3,-0.602,-0.217,0,3,5,7,0.0,4,4,4,6,1,-0.069,3,5,1,-0.76,0.0,0
1,3,5,2,3,0,-1.169,3,3,3,-0.582,5,7,13.82,3,7,3,2.771,0.367,3,0,3,1.988,6,3,0.211,0,0,-1.367,1.425,4,3,0,5,0.0,2,1,1,2,0,-0.767,3,4,4,-0.155,0.0,0
4,1,2,2,0,0,0.033,5,1,0,2.585,5,4,39.24,3,4,1,1.87,1.64,5,1,2,2.537,5,4,0.652,4,3,1.672,2.187,5,2,0,1,0.0,5,7,1,4,7,1.397,4,4,1,-0.024,47.7,1
1,0,2,4,3,0,0.813,5,4,0,0.15,0,2,18.33,0,5,4,3.004,0.567,0,0,0,-1.869,0,0,-2.539,0,4,0.371,-0.261,4,3,5,1,0.0,5,2,4,3,4,0.162,1,0,1,-0.297,0.0,0
3,2,4,1,1,0,-0.245,2,1,5,2.802,5,4,29.31,4,1,4,-0.694,-1.155,5,1,2,2.839,0,4,2.562,7,1,2.899,-0.027,1,2,5,1,0.0,4,2,4,0,1,0.753,0,5,0,0.328,70.98,1
0,5,1,3,5,0,-0.079,0,3,3,-1.379,4,0,23.36,1,6,5,-0.92,-0.899,0,0,3,-1.78,7,3,1.246,2,0,0.937,-0.703,3,1,2,6,0.0,2,0,2,3,4,-0.641,7,5,4,-0.516,0.0,0
5,0,3,3,1,0,-0.319,3,4,1,-2.988,2,7,26.25,4,1,2,-3.823,-0.158,2,0,0,-0.628,4,1,-0.679,6,4,-1.112,-2.769,0,4,2,3,0.0,1,4,5,6,3,-1.81,6,4,0,-1.112,0.0,0
5,6,4,0,0,0,-0.966,1,2,5,1.253,0,1,25.72,4,4,4,-1.384,0.788,0,0,3,-0.979,4,0,2.579,4,0,-0.616,-1.256,3,1,3,3,0.0,3,6,4,7,4,0.016,7,1,0,1.081,0.0,0
3,5,1,6,5,0,2.448,4,3,2,-1.735,5,1,47.73,0,7,1,3.319,-0.528,1,1,2,4.403,4,4,2.381,6,4,1.289,-0.813,4,1,4,6,45.08,5,3,1,6,3,0.81,2,1,4,0.778,143.63,1
2,0,3,6,2,0,1.662,4,2,4,-0.804,0,2,29.52,5,7,4,0.615,0.962,4,0,0,4.351,1,2,-0.88,1,0,1.485,2.573,3,4,5,2,0.0,1,4,2,3,3,0.333,1,0,1,0.542,0.0,0
4,6,5,6,4,0,-1.102,2,0,3,0.56,4,1,30.2,6,4,0,-0.311,-0.191,4,0,1,-3.252,1,2,-1.358,5,3,-2.191,-3.19,3,4,1,4,0.0,4,5,4,4,3,-0.602,1,4,2,0.051,0.0,0
1,0,1,4,3,0,-2.449,4,4,5,-0.189,2,6,32.15,6,2,0,1.462,-0.038,1,0,1,-1.585,5,0,0.472,1,1,-0.304,0.053,2,0,0,4,0.0,0,6,2,1,2,1.179,2,0,4,-0.564,0.0,0
5,6,1,6,2,0,0.372,3,2,2,-1.059,1,6,23.94,0,3,0,-5.38,-0.868,4,0,1,-3.467,2,2,-1.768,2,4,-0.416,-2.623,2,0,4,2,0.0,5,5,2,7,5,-1.654,6,3,5,-1.413,0.0,0
1,5,1,4,2,0,0.213,1,2,4,0.398,0,4,32.3,5,7,4,0.246,0.047,1,0,3,1.858,3,3,1.613,0,3,-1.509,-0.619,4,2,4,1,0.0,3,1,3,2,2,0.149,1,0,1,0.213,0.0,0
0,6,3,4,3,0,-0.741,4,0,5,2.08,4,6,28.13,4,0,0,1.986,1.442,3,0,0,-2.174,4,0,-1.469,2,1,0.38,-0.935,0,1,3,1,0.0,5,4,3,0,5,0.925,4,3,3,0.366,0.0,0
2,4,2,3,4,0,0.889,2,3,2,-0.602,2,0,43.13,2,4,4,1.405,-0.962,5,0,1,-1.326,5,5,0.656,6,3,-2.14,1.195,5,4,2,0,0.0,4,3,2,3,7,-0.167,6,2,1,-0.543,0.0,0
2,5,4,3,4,0,1.215,2,4,1,-0.421,0,5,30.7,5,1,3,-1.583,1.891,3,0,0,-0.887,0,5,-2.62,3,3,-2.365,1.025,0,3,2,5,0.0,0,1,2,6,1,-0.486,1,3,0,-1.367,0.0,0
0,5,0,1,3,0,0.036,0,2,5,0.731,4,5,26.62,4,1,3,0.881,-0.823,3,0,4,1.615,1,1,-0.769,2,1,1.631,1.572,1,2,5,3,0.0,1,1,1,3,4,0.692,6,4,0,0.791,0.0,0
3,1,2,5,1,0,-1.033,0,0,3,1.94,0,0,35.21,7,1,3,1.853,0.396,1,0,2,2.84,2,2,1.858,2,2,1.192,0.672,3,2,1,1,0.0,2,2,5,6,1,0.033,7,4,4,1.122,0.0,0
4,1,4,6,3,0,0.507,4,5,1,1.51,1,3,32.84,6,4,0,-1.505,-0.177,1,0,5,0.692,0,1,1.671,0,0,-1.025,2.871,0,5,4,4,0.0,5,6,2,5,4,1.427,5,3,3,0.648,0.0,0
0,3,1,7,1,0,3.473,5,0,5,0.62,5,7,36.22,7,0,5,1.849,0.407,2,1,2,2.0,0,5,3.716,6,4,1.945,3.767,0,4,2,1,0.0,3,7,3,0,0,1.308,3,3,4,1.242,0.0,1
0,4,2,0,1,0,-0.089,2,1,5,0.094,0,5,24.88,7,5,2,-0.126,-0.754,4,0,5,2.148,5,1,-0.317,4,3,-4.802,1.187,4,1,3,2,0.0,5,6,2,6,2,-0.666,6,3,5,-0.756,0.0,0
0,5,4,6,3,0,2.838,1,1,1,1.83,4,1,23.4,3,5,3,-1.074,0.633,0,0,3,-0.84,7,5,-3.011,3,0,0.229,1.031,4,0,4,6,0.0,1,2,3,4,0,-0.554,7,1,1,-1.089,0.0,0
3,2,4,6,1,0,0.551,0,0,0,0.904,0,4,32.33,7,0,4,1.554,-2.987,3,0,0,2.086,7,4,0.822,7,1,1.265,1.494,5,4,4,4,0.0,5,4,4,2,5,1.282,3,2,4,1.065,0.0,0
3,6,1,4,2,0,1.795,5,5,1,-0.332,4,2,31.02,0,4,2,-1.278,1.045,1,0,1,2.812,6,0,1.138,3,3,0.996,0.161,2,3,2,0,0.0,0,3,4,4,7,0.791,4,3,1,-0.1,0.0,0
2,0,3,2,4,0,-0.581,1,1,2,-3.483,5,5,24.86,6,1,4,-0.83,0.056,4,0,5,-2.538,4,5,-1.955,1,5,-2.585,-2.409,1,1,2,5,0.0,4,0,5,1,6,-2.004,7,3,5,-2.325,0.0,0
2,1,2,6,2,0,-3.246,0,1,1,-2.251,5,6,24.33,4,3,2,-0.986,0.77,5,0,5,-2.476,4,2,-0.263,6,2,-3.407,-4.863,5,5,0,7,0.0,1,5,4,0,7,-2.903,7,5,5,-2.352,0.0,0
0,4,2,3,5,0,-0.325,1,1,1,-1.239,4,4,31.5,6,2,2,-0.559,0.56,5,0,2,0.396,7,1,-0.956,2,3,0.48,-1.261,1,4,2,6,0.0,5,6,1,2,5,-1.047,6,0,2,-0.704,0.0,0
4,0,0,6,1,0,1.885,4,4,1,-3.859,4,7,31.16,1,4,5,-2.897,-0.479,3,0,1,-2.596,6,3,-3.333,4,4,0.628,-0.375,3,2,4,5,0.0,2,2,2,3,2,-0.642,5,3,3,-0.581,0.0,0
3,0,0,0,3,0,-0.458,1,1,1,-1.684,5,5,31.46,2,4,0,-1.169,-0.415,2,0,1,2.362,6,2,-0.961,0,3,-1.44,-2.089,2,3,4,1,0.0,3,1,4,3,4,-0.959,1,1,0,-0.677,0.0,0
5,7,1,0,3,0,1.423,4,4,0,1.566,3,0,36.54,7,2,1,1.226,1.086,1,1,0,1.025,2,1,3.395,4,3,-1.442,-0.502,1,5,4,5,0.0,1,6,1,3,6,-0.031,4,4,0,1.263,34.64,1
5,1,1,0,4,0,-0.833,4,3,0,-0.27,2,3,18.43,5,5,5,0.55,0.336,2,0,2,4.145,3,0,0.422,1,5,-0.838,0.637,0,3,2,1,0.0,1,2,1,4,3,-0.208,1,4,3,-0.135,0.0,0
1,5,0,6,2,0,-3.088,3,1,0,-1.429,2,2,25.77,5,4,4,-0.057,-1.257,1,0,0,-1.761,1,1,1.223,7,3,0.902,1.279,4,0,0,5,0.0,4,7,2,3,6,-0.023,6,1,1,-0.619,0.0,0
1,5,5,2,1,0,2.376,4,1,2,2.838,4,1,41.89,5,7,1,0.942,-0.454,5,1,0,1.274,7,1,3.477,0,5,2.028,2.407,3,5,3,3,0.0,4,0,1,7,1,2.429,0,0,5,2.155,49.09,1
5,0,1,1,3,0,0.729,2,5,1,-0.409,4,0,36.64,1,6,3,0.701,-1.068,3,0,4,-1.572,6,1,-1.738,6,3,-1.121,-0.98,4,4,2,0,0.0,2,3,4,4,3,-0.966,6,1,1,-0.149,0.0,0
4,1,2,0,1,0,0.709,4,3,1,-1.602,0,4,29.43,7,5,4,0.796,-0.798,3,0,0,-0.176,2,1,-0.922,4,5,-2.985,-0.733,5,5,3,5,0.0,2,3,1,3,0,-1.079,1,5,2,-1.02,0.0,0
3,4,3,7,5,0,0.406,1,0,4,-0.827,4,7,22.05,4,5,3,0.998,-0.933,2,0,5,-0.617,0,2,1.344,5,3,0.172,0.776,5,3,2,5,0.0,0,6,5,6,2,-0.807,6,4,4,-0.239,0.0,0
3,3,0,6,5,1,2.796,5,4,4,3.767,0,4,40.14,1,3,3,3.155,0.568,1,1,5,1.599,7,1,-0.419,4,4,1.051,0.766,2,5,0,5,0.0,2,7,5,3,4,2.157,0,1,0,1.629,47.44,1
5,2,0,5,1,0,0.09,2,0,4,1.098,0,5,32.36,3,0,0,-1.98,0.151,0,0,3,1.991,3,3,-0.583,4,1,1.188,-1.046,5,3,0,4,0.0,0,4,0,7,1,-0.623,7,0,1,-0.093,0.0,0
5,4,3,7,5,0,-0.343,5,2,4,1.698,0,7,34.99,1,6,2,0.091,-0.348,2,0,0,1.199,1,5,0.558,5,2,0.083,-0.809,3,3,5,0,0.0,2,1,5,5,6,-0.45,3,5,1,-0.392,0.0,0
4,1,5,3,2,0,-1.337,1,2,0,-0.661,0,1,32.26,5,2,0,-3.134,-0.537,2,0,4,0.397,5,4,-1.059,3,3,1.331,-1.588,1,4,0,4,0.0,3,4,5,1,3,-0.343,4,3,2,-0.688,0.0,0
4,1,5,5,4,0,0.124,4,1,4,2.669,4,3,30.12,4,0,4,1.604,0.102,3,0,1,0.374,0,1,-1.052,2,1,-0.751,1.188,3,0,1,6,0.0,3,7,2,7,4,0.386,7,5,2,-0.232,0.0,0
2,1,0,5,5,0,0.528,4,3,2,-0.875,2,7,28.84,1,1,4,-0.975,3.201,3,0,1,1.264,1,0,-2.246,4,1,-2.123,1.259,0,0,0,5,0.0,0,2,1,1,7,0.465,2,5,0,-0.206,0.0,0
3,5,5,2,0,0,-2.237,1,3,0,-3.333,4,2,32.43,0,7,4,-2.603,-1.353,4,0,3,1.141,0,4,0.511,4,4,-0.114,-1.198,1,4,5,2,0.0,4,1,0,5,0,-0.73,0,2,0,-0.63,0.0,0
5,3,0,2,0,0,2.702,2,5,0,1.497,2,2,13.63,7,0,5,0.857,-0.06,2,0,0,-0.828,6,1,0.698,7,4,-1.586,0.195,0,2,2,1,0.0,0,6,4,7,5,1.196,6,0,2,0.794,0.0,0
1,6,5,3,1,0,1.149,2,0,5,0.534,1,7,31.22,4,1,0,0.313,-0.109,5,0,4,-1.643,0,3,0.025,5,5,0.677,1.546,5,0,4,2,0.0,1,0,4,3,5,1.811,2,4,4,0.57,0.0,0
3,7,2,4,4,0,-0.798,0,5,1,-2.163,0,4,30.64,3,2,5,-1.272,-0.782,5,0,2,3.589,3,2,-1.797,7,0,-1.077,0.647,5,1,3,6,0.0,3,0,5,3,1,0.954,7,3,1,-0.071,0.0,0
0,0,2,6,3,0,1.667,2,0,2,1.042,4,1,47.23,0,0,5,0.248,-0.562,1,0,0,3.959,2,0,0.458,7,0,-1.089,3.951,5,1,0,6,0.0,3,5,5,7,7,1.0,5,0,3,0.893,0.0,0
1,0,4,4,1,0,2.846,0,2,0,3.04,0,0,34.17,2,2,1,1.631,1.81,5,0,2,1.403,5,2,0.763,4,1,1.301,-3.247,3,3,5,3,0.0,1,3,3,5,0,0.94,4,5,3,0.859,0.0,0
4,6,2,6,4,0,-1.036,0,5,5,-3.739,2,0,20.73,1,2,2,1.954,2.025,2,0,0,-2.621,6,4,-0.381,7,4,0.865,-1.852,5,5,1,3,0.0,4,0,3,0,2,-0.78,4,4,2,-0.441,0.0,0
4,6,0,5,4,0,0.563,1,0,4,-1.925,1,0,35.31,5,2,3,-0.554,-0.823,3,0,0,1.483,6,0,-0.95,3,2,-1.311,-0.143,1,3,0,3,0.0,3,5,0,5,2,-0.338,6,0,3,-0.418,0.0,0
3,0,1,0,5,0,-0.774,4,2,4,2.895,0,6,26.63,5,7,1,1.749,1.635,5,1,0,-0.443,7,3,-0.394,1,0,2.545,-0.55,2,3,0,3,0.0,0,7,1,0,7,1.244,5,4,0,0.902,120.75,1
0,1,0,2,0,0,2.152,0,2,4,1.911,0,0,26.21,4,3,3,2.649,-0.636,5,0,0,4.372,2,4,-0.706,2,1,-1.02,2.835,5,5,5,5,0.0,2,1,0,2,5,0.465,3,5,5,0.083,0.0,0
1,0,5,6,2,0,2.011,2,1,5,0.189,5,5,30.67,4,5,2,-2.089,0.097,3,0,2,-1.262,2,4,3.034,3,3,0.722,-0.599,3,3,3,4,0.0,0,3,4,2,7,0.869,6,4,0,0.487,0.0,0
4,0,0,6,3,0,3.684,5,4,1,1.296,5,6,49.41,2,5,1,0.889,0.54,3,1,1,-2.126,2,1,0.568,3,3,0.916,2.604,3,0,4,5,0.0,1,3,4,1,1,1.412,6,1,1,1.467,23.92,1
2,4,3,3,0,0,-1.065,3,1,0,0.404,1,0,36.79,4,5,0,0.639,-0.928,2,0,4,0.669,1,1,0.045,1,4,-1.492,0.518,1,0,1,7,0.0,2,3,3,6,2,-2.176,1,5,4,-1.347,0.0,0
1,0,3,7,3,0,2.259,5,5,0,0.982,3,0,35.11,0,0,1,0.589,0.55,1,0,4,2.895,3,0,-1.553,0,5,0.315,-0.631,2,1,1,1,0.0,1,3,1,0,7,-0.151,6,1,1,-0.468,0.0,0
0,7,2,6,2,0,-1.425,3,2,4,-1.252,1,3,39.46,1,0,4,-0.721,-0.789,4,0,1,-1.371,2,0,-0.253,0,2,0.745,-1.177,2,2,0,7,0.0,0,5,2,1,7,-2.21,5,2,0,-0.806,0.0,0
5,6,1,3,2,0,-3.207,2,1,1,1.21,0,7,23.39,4,5,0,0.9,-0.318,0,0,1,1.745,7,5,-0.754,2,1,-0.833,1.019,3,4,4,6,0.0,5,2,0,5,5,-0.758,3,4,0,-0.354,0.0,0
0,4,1,5,0,0,1.119,0,4,2,3.381,0,2,20.36,0,5,2,-0.71,-0.144,0,0,4,1.773,1,2,1.496,7,2,1.271,0.29,5,1,0,4,0.0,3,5,3,1,0,2.096,4,1,0,1.295,0.0,0
2,5,2,6,4,0,-0.42,5,3,5,-1.821,1,0,41.07,0,3,2,-3.191,-1.682,2,0,4,1.331,7,5,0.778,7,2,-3.451,-0.791,3,3,3,3,0.0,4,4,5,0,4,-1.609,6,1,2,-1.199,0.0,0
0,4,0,1,4,0,2.325,5,0,0,0.149,0,2,44.44,1,3,0,2.352,0.102,2,1,2,1.041,6,3,1.635,1,2,1.31,1.253,2,5,5,3,0.0,1,2,1,2,1,1.252,1,2,5,1.313,211.49,1
1,4,5,5,0,0,0.739,4,1,1,0.703,4,6,13.12,2,7,1,-1.221,1.365,0,0,3,-1.178,7,4,1.366,5,5,-0.032,-1.15,5,3,5,7,0.0,3,1,4,7,5,1.173,4,3,2,0.716,0.0,0
3,3,5,0,5,0,-1.311,0,4,4,1.016,4,4,29.54,3,2,2,-1.394,-0.595,0,0,2,-1.068,3,3,1.056,6,4,2.402,0.177,4,0,4,3,0.0,5,7,3,3,5,1.065,0,1,4,0.289,0.0,0
2,4,3,5,5,0,-0.48,3,0,2,1.598,2,5,35.82,6,1,3,0.974,-1.547,2,0,0,-0.642,0,2,-1.397,6,2,1.217,-2.665,4,0,2,6,0.0,2,6,5,1,4,-0.261,0,2,4,-1.183,0.0,0
1,4,5,4,2,0,1.638,1,4,3,2.136,2,7,26.85,1,3,3,0.613,0.38,3,1,1,4.461,3,0,0.439,1,0,2.145,-0.298,0,2,4,1,0.0,4,4,4,2,1,0.592,4,0,2,0.675,0.0,1
2,0,1,4,2,0,0.997,3,1,1,-0.395,3,0,22.8,5,7,1,-3.692,0.924,1,0,2,-0.654,7,4,-3.426,1,5,-2.052,1.043,4,3,5,1,0.0,5,1,5,2,2,-2.168,4,0,0,-1.992,0.0,0
0,6,0,3,3,0,2.456,1,0,0,1.89,1,6,23.9,6,2,1,0.685,-0.08,3,0,0,-0.724,2,5,-1.99,5,5,0.338,-0.337,0,4,1,0,0.0,2,3,5,2,0,-1.108,0,0,3,-0.274,0.0,0
3,2,1,7,1,0,2.169,0,0,4,1.26,0,3,36.74,7,3,1,1.32,-0.0,4,1,0,-0.489,5,1,3.914,4,3,3.11,-0.547,3,4,1,2,0.0,1,6,5,7,3,1.973,4,2,5,1.954,238.28,1
4,2,1,7,2,0,0.989,1,1,4,-1.401,5,6,35.54,5,3,4,-0.166,-0.352,4,0,0,-1.261,4,4,2.674,0,0,-0.891,-0.29,5,2,0,7,0.0,2,3,4,3,3,-1.054,5,5,4,-0.465,0.0,0
3,5,3,0,3,0,-1.388,0,5,4,-0.76,1,5,26.91,6,2,0,-2.436,-0.601,0,0,3,3.051,3,3,-2.783,5,4,-0.635,-2.108,0,5,1,2,0.0,0,5,4,4,6,-0.218,3,3,2,-0.263,0.0,0
5,3,1,5,5,0,0.395,2,1,0,3.713,2,7,38.3,4,5,3,0.471,0.368,2,0,2,0.092,7,4,0.251,2,2,1.781,-0.413,1,4,4,1,0.0,1,0,2,2,5,0.844,4,3,1,0.185,0.0,0
2,4,4,3,4,0,-0.228,2,3,4,-0.803,2,4,30.4,4,7,4,-0.62,-1.925,1,0,3,-4.753,2,0,-2.974,0,1,1.378,2.353,5,3,5,7,0.0,5,3,3,6,1,-1.096,5,3,0,-0.823,0.0,0
1,7,0,2,0,0,1.211,5,3,5,-3.952,5,6,23.57,5,7,0,-1.216,0.097,2,0,5,0.618,5,2,0.511,4,1,-1.981,-2.872,3,5,5,7,0.0,5,0,1,6,5,-0.519,4,5,3,-0.877,0.0,0
0,3,5,6,3,1,-0.019,4,0,4,0.014,2,2,36.3,1,4,2,1.18,0.139,0,1,2,-1.13,3,3,-0.38,1,3,1.857,-4.343,5,4,4,6,0.0,2,3,2,0,0,0.762,6,3,5,0.694,0.0,1
4,4,2,1,1,0,1.457,3,0,5,0.772,5,1,30.33,2,5,5,3.54,-0.674,4,0,1,-0.411,0,2,-0.617,5,3,-0.975,-0.345,3,1,4,7,0.0,4,3,2,1,1,0.16,5,5,2,0.522,0.0,0
2,3,0,5,3,0,0.162,0,5,1,-3.82,2,6,36.61,5,7,0,0.543,-0.041,1,0,2,-1.436,2,2,-3.609,3,0,-1.144,-2.02,4,0,1,3,0.0,2,1,1,5,6,-0.296,5,3,0,-1.424,0.0,0
3,5,1,2,4,0,1.203,3,2,4,-2.206,0,5,21.51,1,0,5,-0.46,1.221,2,0,2,2.468,3,2,-0.696,5,4,2.984,0.627,3,3,1,0,0.0,5,1,5,2,6,0.246,4,2,3,0.003,0.0,0
2,5,4,4,0,0,2.046,1,2,5,2.963,3,5,34.05,6,5,3,-0.529,0.557,1,0,4,-0.192,6,0,4.098,1,2,0.509,2.06,0,5,5,5,0.0,1,2,3,1,3,0.313,0,3,4,0.666,0.0,0
4,5,5,7,0,0,-0.799,3,2,3,-1.224,0,3,26.01,6,1,2,-0.794,-0.951,0,0,3,-1.518,0,4,2.078,2,2,0.342,0.96,1,4,0,3,0.0,0,7,3,4,2,0.034,2,2,3,-0.025,0.0,0
1,0,4,7,4,0,-0.53,4,5,4,0.469,1,6,38.55,0,5,4,0.121,0.535,2,0,5,-2.834,7,2,-1.037,3,3,-1.912,-0.027,4,3,2,6,0.0,2,1,2,7,4,0.809,2,2,5,0.859,0.0,0
2,2,0,4,2,0,-2.524,4,5,5,-3.019,0,5,29.24,3,5,3,-1.18,-0.183,0,0,4,-0.184,6,2,1.627,6,1,-1.732,-1.591,4,2,5,0,0.0,4,4,5,6,7,-0.827,1,4,2,-0.856,0.0,0
5,2,1,4,1,1,1.398,5,4,4,-0.663,5,4,40.81,2,6,4,1.073,1.895,4,1,3,0.711,5,0,-0.51,7,5,-0.999,1.667,0,5,4,4,0.0,2,1,0,5,1,1.532,0,4,3,1.277,67.42,1
5,6,5,3,1,0,0.023,1,5,1,-2.618,0,2,35.66,5,6,4,-1.949,-2.291,4,0,5,-1.919,1,4,-1.109,7,0,0.384,-0.758,1,0,5,7,0.0,1,3,5,2,4,-0.927,0,5,5,-1.073,0.0,0
4,1,0,6,0,1,-0.275,2,2,5,2.971,1,5,31.06,5,3,0,4.029,0.958,0,1,1,3.302,6,5,3.086,5,4,2.302,1.19,5,2,3,3,0.0,2,7,4,0,3,1.915,4,4,2,3.167,107.6,1
3,6,1,2,3,0,-0.338,4,5,3,-0.238,2,5,27.67,2,1,1,-2.777,-1.527,1,0,3,3.051,5,1,-0.045,2,3,0.474,-1.129,1,2,3,5,0.0,0,5,3,2,3,-1.824,3,3,1,-0.534,0.0,0
0,6,2,6,1,0,0.718,5,0,5,1.223,2,7,23.58,4,6,0,2.44,0.78,5,0,3,2.859,7,3,0.315,2,1,1.524,0.657,5,5,3,7,0.0,2,2,1,1,5,0.656,0,2,1,0.413,0.0,0
1,4,5,0,5,1,0.056,1,3,4,1.387,0,4,36.5,0,5,0,1.748,-0.099,5,0,2,-1.021,6,4,-1.99,5,2,-0.493,2.256,4,0,1,4,0.0,4,4,2,4,5,0.586,7,1,1,1.14,67.91,1
0,2,0,5,5,0,1.458,0,4,3,-0.231,3,5,32.57,1,3,1,-0.781,-1.049,3,1,2,-2.581,7,1,2.286,5,1,1.037,0.075,0,1,2,7,0.0,5,5,1,3,1,1.062,5,0,2,1.036,73.63,1
0,2,2,0,0,0,2.406,4,3,1,-1.436,1,1,28.37,0,2,0,2.833,-0.154,5,0,0,0.266,5,5,-0.001,4,3,-1.424,0.298,5,0,4,5,0.0,2,3,0,6,2,0.044,3,0,3,-0.272,0.0,0
1,7,1,4,0,1,1.046,2,1,0,3.009,3,2,42.97,1,5,4,0.978,0.714,1,1,0,3.577,0,3,0.443,0,1,2.408,3.526,4,3,1,7,0.0,2,3,4,4,4,2.984,6,5,0,2.017,0.0,1
2,3,4,0,1,0,1.811,3,0,5,1.206,1,4,23.53,0,4,2,0.371,-1.398,0,0,3,-1.987,7,4,-1.503,2,0,2.748,1.755,3,3,3,1,0.0,0,4,3,7,1,0.422,2,3,2,0.693,0.0,0
2,7,1,2,2,0,-3.915,3,1,3,-4.54,3,0,29.27,7,7,3,-2.854,1.24,5,0,1,-3.834,6,0,-0.107,1,2,-3.025,-0.841,3,3,3,5,0.0,2,3,4,7,6,-2.352,1,5,5,-2.856,0.0,0
0,2,0,7,3,0,1.661,3,0,4,-1.031,0,4,26.15,2,7,4,-0.614,1.575,0,0,2,0.078,3,1,-1.357,7,0,-0.987,-0.238,3,0,5,5,0.0,2,4,0,6,2,0.843,2,2,0,0.337,0.0,0
2,4,3,3,3,0,-2.856,5,2,2,-1.688,3,6,23.22,3,0,2,-0.625,0.862,5,0,3,1.938,0,3,0.196,3,2,-2.439,1.207,1,4,2,5,0.0,5,0,5,2,5,-0.208,0,2,3,0.23,0.0,0
2,7,2,3,1,0,0.301,2,2,4,-4.467,4,2,31.97,2,5,5,-5.883,0.658,4,0,0,-1.312,3,4,-5.757,7,5,-2.074,-2.211,1,0,2,1,0.0,1,0,1,1,1,-2.236,3,4,0,-2.072,0.0,0
4,1,4,0,1,0,-0.078,3,2,3,-0.815,5,7,28.96,5,7,4,-1.755,-1.234,5,0,3,-0.181,3,2,-2.261,2,0,0.4,0.563,2,4,5,0,0.0,4,2,0,1,1,-0.955,0,2,2,-0.883,0.0,0
4,2,0,4,3,0,-2.623,5,4,2,-1.757,1,3,31.66,3,1,4,-1.253,1.114,1,0,1,0.469,3,1,-1.838,2,4,-1.007,-1.676,2,3,1,6,0.0,1,1,0,0,3,-0.36,0,3,3,-1.043,0.0,0
5,3,0,1,1,0,1.375,4,4,3,-0.365,5,0,43.54,7,0,5,-0.377,0.496,3,1,2,3.377,6,0,2.641,7,4,2.399,0.356,3,3,0,5,0.0,4,1,3,1,0,2.026,7,3,5,1.119,0.0,1
3,4,2,2,5,0,-0.932,2,0,5,1.046,0,6,33.12,7,3,4,1.483,-0.523,4,0,5,1.515,2,5,-0.602,0,5,-2.717,-0.208,2,5,4,7,0.0,2,2,5,7,5,-1.124,2,5,5,-0.057,0.0,0
1,4,1,0,4,0,1.052,3,2,1,-0.192,1,4,24.92,7,5,0,-1.367,-2.846,3,0,0,2.595,6,0,-0.742,7,0,-0.99,-2.481,0,1,3,6,0.0,4,5,4,2,0,-0.263,4,0,3,-0.369,0.0,0
5,0,0,7,3,0,-0.156,3,4,1,0.722,0,1,26.88,3,6,1,0.762,0.576,3,0,3,-0.167,3,5,-3.831,4,2,0.163,-1.174,0,1,3,5,0.0,3,7,5,6,6,-1.409,6,0,5,-0.075,0.0,0
3,6,5,6,4,0,-1.509,0,4,3,-0.449,2,5,34.48,5,5,3,-0.67,2.701,4,0,5,-3.05,1,3,1.615,5,0,-0.031,0.758,5,4,0,1,0.0,4,5,5,3,7,-0.53,7,4,3,-0.292,0.0,0
2,4,3,4,1,0,-1.698,3,2,3,1.74,2,1,36.73,5,3,3,1.052,1.303,3,0,4,1.883,6,3,1.037,3,2,1.031,-0.119,5,5,1,2,0.0,1,1,5,7,0,0.003,4,0,2,0.362,0.0,0
0,6,5,2,1,0,0.637,0,4,5,-0.011,4,3,20.45,5,2,1,-0.49,-0.018,3,0,0,-1.457,7,0,-3.0,3,4,-1.049,-2.212,3,3,5,4,0.0,3,2,0,7,3,-0.751,5,4,0,-1.103,0.0,0
2,1,0,0,0,1,1.343,5,2,4,2.095,5,2,26.95,5,4,0,3.817,-1.036,2,1,0,4.347,6,0,-1.499,0,0,1.482,2.188,3,5,4,6,0.0,1,7,2,7,3,1.027,6,4,1,1.465,82.18,1
5,4,3,0,2,0,0.345,0,1,3,3.352,5,0,26.78,0,2,1,-0.72,1.272,3,0,0,-1.541,7,2,3.886,0,5,-0.081,0.996,1,2,1,1,0.0,0,0,0,1,7,1.667,3,5,3,0.431,0.0,0
1,5,5,7,2,0,-2.949,3,1,3,1.093,5,7,26.88,4,4,3,0.479,1.968,1,0,1,-1.458,5,3,-4.578,0,2,0.611,-0.737,3,3,4,5,0.0,0,4,2,0,3,0.654,5,3,3,-0.503,0.0,0
4,0,1,3,5,0,0.572,1,4,3,-1.681,1,3,25.36,2,7,2,-1.033,0.179,0,0,3,-4.092,4,5,-2.316,1,4,-2.123,-4.557,2,5,1,0,0.0,0,1,2,3,3,-1.145,3,1,2,-1.196,0.0,0
5,0,3,1,0,0,1.092,3,3,2,2.452,5,5,41.68,1,1,0,2.517,0.44,1,0,2,2.344,3,3,3.097,0,4,0.144,-2.289,4,1,2,6,0.0,2,5,0,4,2,1.069,1,1,1,0.987,0.0,0
5,2,1,7,5,0,-3.385,4,5,1,-0.321,3,5,31.84,2,7,3,-0.784,0.676,2,0,3,-0.56,7,3,-1.639,5,4,-1.611,-0.584,0,2,3,4,0.0,4,4,2,6,5,-0.951,4,0,3,-0.943,0.0,0
4,0,4,6,4,0,1.089,0,4,4,-2.264,0,4,35.28,1,2,4,0.178,1.283,3,0,5,2.017,7,5,1.092,3,4,1.473,-0.567,4,2,0,2,0.0,2,2,0,2,6,-0.699,6,4,3,-0.527,0.0,0
4,7,5,4,5,0,2.017,1,0,4,-1.417,4,4,23.54,2,5,5,-1.567,-1.088,1,0,0,0.805,2,5,0.839,5,0,-0.868,-2.387,0,5,1,6,0.0,4,5,3,6,2,-1.333,4,4,0,-1.153,0.0,0
5,7,1,7,5,0,-0.155,2,5,2,-1.43,1,5,16.63,5,2,1,-2.87,-0.749,4,0,1,-0.88,5,0,-0.374,3,2,-2.326,-0.707,4,3,1,0,0.0,0,0,5,7,5,-1.924,4,4,2,-1.083,0.0,0
1,0,3,3,0,0,-1.753,2,0,2,-1.541,2,1,33.58,7,0,5,-0.81,0.861,1,0,5,2.811,5,3,-0.925,5,4,1.246,-2.319,1,4,4,1,0.0,4,7,2,4,3,0.187,2,2,2,-0.104,0.0,0
0,2,5,4,3,0,-1.605,4,1,2,-0.698,0,2,28.65,2,3,3,-0.551,-0.948,3,0,4,0.054,7,3,-3.833,5,4,-0.218,-0.918,4,1,5,3,0.0,3,6,4,6,2,-0.448,0,1,2,-0.913,0.0,0
3,3,0,3,2,0,1.494,5,4,2,-0.482,1,0,36.67,4,0,0,-0.046,0.952,2,0,3,-0.85,1,0,0.414,3,4,0.295,-0.502,1,0,0,1,0.0,0,7,2,5,5,0.86,4,4,5,0.441,0.0,0
1,4,0,6,1,0,2.482,2,5,2,-0.346,5,1,20.86,6,7,0,2.531,4.006,3,0,1,-1.973,2,0,-1.411,0,4,-0.45,-0.994,1,3,1,0,0.0,3,0,1,2,7,0.74,2,4,5,0.926,0.0,0
0,1,5,3,2,0,-3.592,0,1,1,1.226,3,7,17.05,7,5,4,1.978,0.019,1,0,0,-5.644,5,4,2.585,4,2,0.582,-0.321,3,3,1,2,0.0,1,5,5,2,3,0.436,3,1,5,0.68,0.0,0
4,7,0,1,5,0,1.456,0,5,4,-1.594,5,0,28.09,0,2,5,-2.176,1.524,5,0,0,2.692,3,4,2.055,7,1,-2.812,-1.952,1,5,1,0,0.0,5,0,5,4,2,-1.467,3,3,0,-0.948,0.0,0
4,3,5,2,0,1,2.121,3,3,0,1.411,0,4,33.55,5,4,1,1.905,2.284,1,1,3,1.074,3,0,2.476,4,5,0.461,1.776,1,4,2,0,0.0,4,2,1,2,2,2.248,0,0,1,1.587,0.0,1
5,5,3,1,0,0,0.808,5,3,3,-4.146,1,7,15.4,5,6,0,3.752,0.714,1,0,5,2.438,4,1,-0.438,3,0,2.108,-0.293,4,1,4,6,0.0,4,3,1,5,1,0.215,4,4,3,0.379,0.0,0
1,2,3,6,1,0,-2.784,0,1,2,-0.274,3,2,29.93,3,4,4,-0.726,0.929,3,0,3,-1.615,2,0,0.421,6,1,-1.222,-1.466,5,4,0,0,0.0,4,2,5,1,3,-1.207,2,0,5,-1.104,0.0,0
4,0,3,3,3,0,-0.76,5,1,1,0.941,3,0,27.8,6,7,0,2.634,-1.953,2,0,2,4.582,3,2,1.897,0,2,2.446,3.625,2,5,4,0,0.0,0,4,4,1,6,0.948,4,3,5,1.761,0.0,0
1,6,5,4,4,0,1.628,2,5,3,-0.224,0,7,23.81,5,4,0,-0.56,-1.169,5,0,5,1.38,0,3,-0.251,6,1,1.588,-0.495,0,5,4,3,0.0,2,7,2,0,2,0.038,3,2,4,0.343,0.0,0
1,7,4,3,1,0,-0.212,3,1,0,0.134,1,4,30.94,2,3,5,-1.318,0.89,4,0,5,-2.866,2,2,0.878,0,4,0.179,-0.058,3,2,5,5,0.0,0,6,1,0,3,-0.735,4,4,0,-1.014,0.0,0
3,0,4,2,0,0,-1.229,5,3,1,-2.193,4,4,28.91,3,4,0,0.96,0.235,1,0,1,-3.149,1,2,-1.725,6,5,-1.218,-1.473,3,1,4,6,0.0,0,6,0,2,3,-0.978,5,2,2,-1.202,0.0,0
4,6,0,4,4,0,2.059,2,5,5,1.391,3,0,26.02,4,7,0,2.841,0.716,0,0,4,2.03,1,5,5.196,4,2,0.962,3.736,4,2,5,4,0.0,3,6,0,3,5,1.042,2,1,1,1.229,0.0,0
0,0,1,4,3,0,-0.363,3,4,3,-2.395,2,2,31.58,1,2,5,-3.604,1.149,3,0,0,-0.216,4,5,-2.719,6,5,-5.306,-2.027,3,3,1,0,0.0,4,4,5,1,2,-1.008,6,5,1,-1.679,0.0,0
5,3,1,7,1,0,1.455,3,1,4,1.033,5,2,38.49,2,1,4,0.294,2.974,1,1,2,4.455,0,3,1.323,3,2,-1.746,1.885,3,3,5,4,0.0,4,4,1,0,2,1.46,5,5,4,1.234,0.0,1
3,7,2,3,0,0,1.082,4,0,4,0.385,5,7,20.09,4,3,2,1.073,0.65,3,0,0,0.336,4,4,-1.82,1,5,1.744,-1.008,2,2,1,6,0.0,1,3,5,5,6,1.037,4,5,5,0.703,0.0,0
5,1,5,0,2,0,1.754,0,0,3,0.276,0,7,42.11,2,5,5,3.912,1.641,4,1,1,4.078,5,2,2.652,0,3,3.545,0.443,4,0,2,0,0.0,4,2,3,4,2,1.842,6,0,3,1.251,0.0,1
0,7,1,0,1,0,2.059,4,3,3,1.924,0,5,39.58,3,7,3,2.174,0.021,4,1,0,2.568,0,2,3.063,7,1,-0.441,-0.501,4,2,1,4,0.0,5,0,0,6,7,0.281,7,2,5,1.336,91.72,1
4,4,3,2,3,0,0.488,5,2,0,-1.462,4,5,22.13,5,7,1,-0.002,-1.029,1,0,2,-2.749,2,2,-0.302,6,5,0.983,-1.932,0,4,2,1,0.0,3,3,1,5,2,0.986,3,1,5,0.989,0.0,0
1,7,4,4,4,0,-2.522,0,2,5,-1.764,0,2,28.02,0,5,1,-0.73,0.962,3,0,5,1.82,7,5,-2.094,2,2,-0.915,-3.067,4,0,4,5,0.0,1,3,1,7,7,-2.466,7,2,3,-2.195,0.0,0
0,0,4,3,0,0,2.15,3,5,0,1.492,4,6,21.12,7,0,1,-3.521,1.167,3,0,4,-1.563,0,0,-1.523,1,0,0.326,2.523,4,4,3,1,0.0,3,6,3,4,3,0.678,6,2,5,0.315,0.0,0
0,4,3,6,3,0,-0.594,2,4,2,-0.381,0,1,26.58,3,7,4,0.152,0.45,4,0,1,-0.022,5,3,0.177,1,3,0.047,2.043,2,0,0,2,0.0,4,6,5,1,2,-1.199,5,4,2,-0.391,0.0,0
1,6,3,5,0,0,-2.05,4,2,0,-1.239,2,3,18.82,4,1,3,-0.445,-1.287,0,0,5,1.861,4,4,-1.662,3,5,-3.328,-1.808,2,5,0,5,0.0,4,0,5,3,7,-2.895,0,5,5,-1.422,0.0,0
3,6,0,6,3,0,-1.373,4,1,4,-1.078,0,2,29.36,3,5,4,-0.153,-1.513,4,0,3,-0.092,6,4,-0.107,4,0,0.136,-0.817,3,3,3,3,0.0,1,2,0,1,4,-0.973,3,0,1,-0.418,0.0,0
2,2,2,1,3,0,-3.748,5,5,3,-0.236,2,6,36.38,6,6,3,-0.42,0.974,2,0,3,-3.232,7,2,1.315,3,2,-2.881,-2.859,5,3,4,7,0.0,0,1,5,2,4,-0.287,5,2,1,-0.228,0.0,0
1,5,1,5,5,0,1.782,0,1,3,-2.692,5,7,26.15,3,1,1,-0.206,-0.786,2,0,4,-0.106,5,3,-2.771,0,4,-0.99,-1.916,2,5,1,1,0.0,0,5,5,7,6,-0.827,7,3,4,-1.207,0.0,0
4,0,3,5,4,0,2.165,2,5,0,1.874,3,4,34.11,2,4,5,0.218,1.192,0,1,0,-0.046,4,0,-1.642,0,2,0.738,1.36,2,0,3,2,0.0,5,3,4,2,2,0.891,5,5,4,1.496,17.71,1
5,6,2,6,2,0,0.774,3,2,4,-0.64,0,4,25.65,1,5,4,-1.512,1.714,0,0,3,-1.56,6,1,-1.562,3,2,-0.158,1.033,3,4,3,4,0.0,1,3,5,0,4,-1.259,0,3,2,-0.904,0.0,0
4,5,5,1,0,0,-1.99,2,2,0,-1.645,2,7,27.45,2,7,3,1.813,-1.994,0,0,5,2.353,5,5,0.293,6,2,1.54,-1.833,0,5,5,0,0.0,4,7,0,7,6,-0.311,2,4,5,-0.202,0.0,0
5,1,3,5,3,0,3.072,3,0,0,-1.334,0,7,28.16,3,0,4,-1.192,-1.405,1,0,2,1.252,4,2,-2.532,7,5,-1.356,-1.265,5,0,3,1,0.0,3,2,3,5,3,-1.758,6,1,3,-1.387,0.0,0
5,2,0,6,2,0,-0.719,4,0,0,1.184,1,7,39.34,1,3,0,1.835,0.586,2,1,4,4.497,5,4,2.61,5,1,-1.088,1.142,0,5,2,3,0.0,0,2,3,0,3,0.705,4,0,3,0.502,120.98,1
3,7,3,2,4,0,-1.252,3,2,3,-0.719,1,2,28.18,6,4,4,0.362,1.257,0,0,3,-0.714,6,5,-0.867,3,0,-0.092,-3.094,5,2,0,7,0.0,1,1,0,6,3,-1.641,6,4,0,-0.574,0.0,0
1,1,0,2,0,0,-0.026,2,0,5,-1.153,2,2,24.25,4,2,4,-0.43,0.041,0,0,0,1.925,6,1,0.684,4,5,-0.099,-0.392,1,0,3,4,0.0,3,3,0,2,5,0.664,4,0,5,1.241,0.0,0
4,3,2,2,2,0,0.819,1,1,4,0.633,4,2,37.34,2,2,1,-1.636,0.681,0,1,0,0.364,7,2,1.896,0,3,4.373,-1.19,1,3,3,5,0.0,1,7,4,6,5,1.311,1,0,4,0.707,15.11,1
4,3,5,1,2,0,-2.651,0,1,1,-2.89,4,3,35.24,4,6,2,-1.076,-1.476,4,0,4,-0.396,4,0,-0.939,6,5,0.772,-1.34,3,2,5,5,0.0,2,5,5,3,3,-0.805,3,0,2,0.315,0.0,0
4,1,5,3,3,0,0.792,3,5,2,2.111,1,4,20.1,1,1,1,-1.764,-0.543,4,0,0,1.553,2,4,0.669,3,2,1.625,0.977,2,2,5,3,0.0,0,5,0,1,4,1.015,3,0,5,0.371,0.0,0
1,2,2,4,1,0,-1.491,2,0,0,-1.698,5,4,25.58,3,6,2,2.115,-2.869,1,0,4,-0.877,6,0,0.159,1,0,-0.898,1.142,1,4,5,3,0.0,1,5,4,2,4,0.776,2,0,0,0.472,0.0,0
0,7,0,7,3,0,3.965,4,0,1,-0.579,0,3,26.9,4,2,4,0.349,-0.237,3,0,5,0.002,4,3,1.861,2,2,0.091,1.092,5,2,1,4,0.0,5,5,4,2,2,-0.36,0,4,3,0.13,0.0,0
1,0,0,6,5,0,1.175,5,4,5,-0.192,5,7,25.83,7,1,0,0.121,-1.443,0,0,1,0.533,1,4,0.071,6,3,-0.566,-1.864,4,3,2,4,0.0,2,3,4,0,2,0.535,1,0,1,0.043,0.0,0
4,2,1,4,2,0,-1.363,5,4,3,-1.562,2,1,24.23,3,4,1,-0.85,-0.339,2,0,4,-1.007,4,1,-0.569,0,2,-2.888,-1.019,0,1,2,0,0.0,5,1,5,5,0,-1.456,6,1,5,-1.338,0.0,0
4,4,0,3,5,0,-1.583,4,5,3,1.666,1,2,35.68,4,5,1,2.85,-2.374,4,0,1,-0.411,2,0,-2.232,2,3,-0.01,1.497,5,4,4,7,0.0,2,5,5,1,5,0.129,6,4,5,0.139,0.0,0
1,1,0,2,1,0,-1.443,4,0,2,-2.1,3,3,31.35,6,6,0,-2.583,-0.469,5,0,4,-1.812,2,2,-0.646,5,3,-1.894,-0.441,3,5,1,2,0.0,1,1,5,0,3,-1.049,4,5,3,-0.844,0.0,0
4,1,1,2,0,0,1.139,0,3,2,0.26,4,1,33.81,0,2,1,1.09,-1.617,1,0,2,-0.844,7,4,0.658,4,0,0.168,-1.652,1,3,4,5,0.0,0,1,1,3,4,-0.305,3,5,5,0.314,0.0,0
0,3,3,4,5,0,0.374,5,1,4,1.115,4,4,24.4,2,5,5,1.678,-1.593,4,0,2,-4.157,3,1,1.271,2,5,-0.386,3.354,1,0,2,5,0.0,2,1,0,2,4,0.123,6,5,4,0.811,0.0,0
3,2,2,5,5,0,0.588,1,2,0,-1.519,2,5,33.6,3,7,1,1.487,0.377,2,0,2,0.392,0,3,-0.326,6,4,-2.194,3.414,2,1,1,7,0.0,2,2,3,7,7,0.222,7,4,3,0.72,0.0,0
0,5,4,5,4,0,1.849,4,5,3,-1.913,2,0,17.33,6,1,2,-2.415,-0.499,2,0,0,-2.809,5,2,-2.58,6,2,-1.255,0.592,3,0,3,0,0.0,5,1,1,5,1,-0.1,1,4,4,-0.412,0.0,0
4,6,0,0,5,0,-4.771,5,0,0,0.292,0,4,18.0,6,4,4,-2.307,0.533,0,0,2,-1.35,7,1,0.01,5,0,-0.212,-3.466,3,4,2,7,0.0,1,7,1,6,4,-1.64,0,3,2,-1.386,0.0,0
0,6,3,3,4,0,-0.491,5,5,0,2.025,1,2,27.04,1,5,3,0.126,-1.202,2,0,2,-1.224,6,5,0.828,5,3,-0.075,-1.773,5,2,0,2,0.0,2,1,3,7,0,1.57,2,5,1,0.41,0.0,0
3,6,2,6,3,0,0.246,2,4,1,-0.15,0,6,26.6,1,5,1,-1.503,-1.014,2,0,0,-1.687,1,0,-3.681,6,3,-1.079,-0.762,3,4,0,6,0.0,1,5,5,5,2,-0.379,5,3,4,-0.145,0.0,0
2,7,0,2,2,0,1.653,1,1,3,1.88,5,1,19.76,3,7,0,-1.164,-0.943,5,0,3,2.208,5,1,-2.938,4,5,-0.038,-1.671,2,3,0,7,0.0,5,7,0,0,0,-0.426,2,2,2,0.194,0.0,0
2,2,2,6,5,1,3.919,2,3,3,0.719,5,7,40.25,3,3,4,-1.496,0.874,0,1,2,4.065,1,2,-0.376,5,5,-0.422,1.755,2,2,1,0,0.0,4,0,2,6,0,1.255,0,2,2,1.763,126.39,1
2,1,5,7,3,1,0.65,1,1,4,-1.6,2,0,39.85,1,1,0,1.153,1.439,5,0,1,1.865,4,5,-2.005,1,4,0.049,0.205,2,1,5,3,0.0,5,7,3,0,3,1.005,4,1,5,0.376,0.0,1
2,5,5,4,0,0,-0.224,3,1,2,1.0,0,4,39.41,1,6,5,1.768,0.444,5,0,5,1.225,3,4,-0.158,7,5,-1.087,-1.491,0,1,4,2,0.0,0,3,1,0,1,0.917,6,4,0,0.354,0.0,0
5,3,3,2,2,0,-3.123,1,0,5,-1.376,1,4,27.01,7,6,4,-5.358,-0.266,2,0,5,-0.409,0,5,-5.655,5,5,-3.901,-0.894,1,4,2,7,0.0,0,0,2,6,6,-2.888,7,4,2,-2.49,0.0,0
0,0,2,7,1,0,-0.722,5,4,2,-1.959,0,1,23.19,0,7,5,-0.574,1.141,4,0,2,0.217,1,1,3.339,1,4,1.415,-2.779,5,1,4,6,0.0,2,5,2,6,0,0.46,0,3,0,0.56,0.0,0
4,5,2,3,2,0,0.166,2,1,3,1.588,3,5,15.85,7,1,0,0.373,-0.752,1,0,0,2.308,5,0,-2.225,5,0,-1.055,2.579,1,3,0,1,0.0,4,2,3,2,6,0.32,3,4,4,-0.196,0.0,0
3,2,0,4,2,0,0.496,1,1,2,-1.695,3,4,20.19,1,3,4,-3.658,-1.547,4,0,0,-0.561,6,4,-0.861,5,1,-2.486,1.485,1,0,4,3,0.0,2,5,3,1,6,-1.706,7,0,1,-1.181,0.0,0
0,3,2,5,4,0,-1.833,2,5,0,-2.423,1,4,32.58,3,7,5,-2.295,-0.219,2,0,3,-3.564,0,2,-0.848,7,1,-1.281,-2.969,4,5,0,4,0.0,5,6,2,5,5,-1.465,3,4,0,-1.83,0.0,0
1,4,1,0,1,0,1.075,0,4,0,-1.818,5,6,34.38,6,7,2,-2.759,-2.706,2,0,1,-0.928,5,3,-1.803,6,1,1.006,1.373,0,1,2,2,0.0,2,1,2,5,2,-1.391,1,5,4,-1.773,0.0,0
5,3,0,5,3,0,0.252,0,2,3,-0.349,0,2,32.33,1,1,5,-0.222,-0.805,4,0,3,-0.636,2,3,0.805,4,3,1.176,1.466,3,3,0,0,0.0,2,7,1,0,7,0.021,1,0,5,0.108,0.0,0
4,0,2,3,5,0,3.732,5,0,2,0.666,3,2,36.59,7,3,3,-0.464,2.808,5,1,1,3.049,0,1,1.971,3,0,1.91,1.698,2,2,2,2,0.0,2,4,3,6,6,0.271,2,2,0,0.28,63.51,1
2,7,0,0,1,0,1.369,0,2,3,1.991,5,4,24.39,5,5,5,1.056,0.56,4,0,5,-0.706,3,1,1.729,5,1,-1.439,1.387,0,4,2,6,0.0,0,4,1,0,5,-0.373,4,1,0,0.687,0.0,0
3,0,5,6,0,0,1.161,3,1,1,-1.105,3,1,30.63,7,2,1,1.652,1.658,1,1,4,1.808,0,0,-0.381,5,5,1.847,-0.413,3,5,1,7,0.0,4,1,3,3,4,1.502,7,3,5,1.0,220.76,1
0,1,2,2,2,0,-1.877,1,0,4,-1.529,3,1,16.15,4,3,4,1.648,0.704,0,0,0,-2.572,7,2,-2.675,0,0,-2.726,-1.292,5,1,1,6,0.0,4,2,2,2,6,-1.487,4,4,4,-1.896,0.0,0
3,3,2,3,3,0,1.089,2,1,0,-1.931,5,3,35.64,2,3,4,0.501,0.343,2,0,0,-1.316,1,1,-2.015,6,1,-2.789,-0.832,4,2,5,2,0.0,5,2,0,0,7,-0.213,0,4,4,-1.186,0.0,0
0,6,1,2,3,0,1.342,0,5,2,0.578,3,4,27.09,7,5,0,-1.021,0.557,1,0,3,3.263,5,4,-0.007,3,5,2.352,1.223,2,5,4,2,0.0,1,5,3,4,2,0.526,1,5,4,1.339,0.0,0
2,0,2,1,5,0,3.273,1,4,2,-0.909,3,1,31.12,0,3,4,-0.319,0.593,0,0,2,-2.935,7,2,-0.113,0,0,-0.612,-0.035,3,4,0,7,0.0,4,5,1,4,1,-1.304,5,3,1,-0.48,0.0,0
4,2,4,0,3,0,-1.402,1,2,3,-0.98,5,6,25.86,4,3,1,-0.2,1.48,0,0,1,0.838,5,4,-1.234,3,1,-0.402,1.8,2,4,1,7,0.0,0,5,4,6,7,0.201,6,5,4,0.02,0.0,0
4,1,1,5,4,0,-0.818,2,4,0,-3.892,3,4,25.25,6,7,0,0.036,-0.919,0,0,0,3.585,1,0,0.388,5,3,-0.374,0.149,2,1,3,5,0.0,5,1,2,2,0,1.482,5,3,0,0.346,0.0,0
5,3,1,6,0,0,0.492,1,0,2,3.332,3,7,27.76,5,1,1,0.599,-0.591,4,0,0,-2.109,2,0,-1.152,0,1,-2.525,-2.949,4,5,5,7,0.0,2,1,3,5,2,-0.72,0,3,0,-0.894,0.0,0
0,0,4,2,3,0,1.347,0,3,0,-0.411,0,4,24.57,3,0,5,1.23,0.866,0,0,3,2.464,2,5,1.604,2,2,2.038,2.102,0,5,1,1,0.0,3,4,4,4,6,0.066,0,0,1,0.475,0.0,0
5,3,0,1,3,0,1.154,2,0,2,1.317,4,6,20.54,6,0,3,1.119,-0.583,3,0,1,2.084,7,5,2.045,4,1,0.73,0.346,3,1,1,3,0.0,5,4,4,6,4,1.536,2,4,2,0.843,0.0,0
1,6,0,1,5,0,-1.325,1,4,3,1.114,4,7,34.34,0,5,5,0.529,0.769,3,0,5,1.303,2,2,1.29,4,1,-0.779,0.087,5,2,3,3,0.0,0,6,2,6,0,-0.07,2,0,0,0.128,0.0,0
0,2,4,4,3,0,-0.271,2,4,1,-1.889,1,5,28.59,7,6,2,-1.715,-1.472,2,0,0,-4.883,6,5,2.194,6,0,-3.229,-2.589,2,0,5,1,0.0,1,7,1,5,6,-1.49,0,3,4,-1.167,0.0,0
3,6,1,4,2,0,0.979,1,1,5,0.32,5,0,34.02,5,7,5,0.428,0.819,5,0,4,3.49,0,1,-1.02,7,0,-0.431,-0.241,1,0,0,1,0.0,3,7,5,0,6,-0.664,5,1,4,-0.239,0.0,0
4,4,2,3,3,0,-3.491,0,3,1,-1.903,5,3,34.8,0,0,5,-1.035,1.059,5,0,0,-1.435,3,0,-2.181,7,5,0.13,-1.239,0,3,0,6,0.0,2,2,4,5,6,-0.804,3,2,4,-0.898,0.0,0
4,5,4,0,3,0,-4.394,4,3,3,0.849,3,7,31.49,7,4,0,1.383,0.969,1,0,3,-1.147,0,1,0.669,5,3,-0.479,-0.876,3,0,3,4,0.0,1,7,3,7,5,0.269,2,2,2,-0.321,0.0,0
2,6,1,2,3,0,0.817,1,0,5,-1.377,2,4,35.23,7,6,3,-0.188,0.396,3,0,1,1.517,1,1,-2.574,4,5,-0.957,-0.766,5,5,5,1,0.0,1,5,5,5,4,0.369,0,4,2,-0.04,0.0,0
5,0,3,2,3,0,-0.139,5,0,3,-1.584,2,5,21.81,2,0,0,-2.123,1.15,4,0,4,-0.369,1,4,-1.841,0,2,0.152,-1.164,1,0,2,6,0.0,2,2,2,4,7,-0.182,2,2,1,-0.815,0.0,0
2,2,4,3,2,0,2.609,1,5,4,-0.806,4,7,33.92,4,6,5,3.27,-0.489,4,1,3,-4.249,1,3,1.44,3,4,2.694,0.236,3,1,4,4,0.0,5,5,1,0,7,1.212,6,3,5,2.283,0.0,1
4,3,4,1,4,0,0.803,1,0,4,1.931,1,6,32.4,1,2,5,-0.439,-0.662,4,0,1,-1.157,6,3,1.541,6,4,1.816,1.259,0,5,4,2,0.0,3,3,4,5,5,1.252,2,2,0,0.104,0.0,0
1,1,4,1,3,0,-1.059,3,1,2,0.332,5,5,21.3,7,3,1,2.857,-1.817,4,0,0,2.257,7,1,1.386,0,3,0.944,-0.803,3,3,3,3,0.0,1,6,1,5,4,-0.027,6,2,2,0.925,0.0,0
1,3,0,6,1,0,2.398,3,3,3,1.09,0,0,36.31,6,7,4,2.506,-1.566,1,0,4,2.634,1,2,2.694,5,2,-0.78,1.115,3,1,5,4,0.0,5,7,1,1,1,0.773,1,2,4,0.55,0.0,0
1,7,4,2,5,0,3.336,5,3,3,2.811,2,1,41.22,2,1,0,1.785,1.005,3,1,5,4.837,4,0,1.267,7,0,2.69,3.028,0,3,1,6,0.0,5,1,0,5,6,1.721,6,3,1,1.667,84.28,1
1,2,3,0,4,1,1.697,1,4,2,2.192,0,0,35.22,0,0,4,1.519,-1.299,5,0,1,1.858,4,2,1.788,3,5,1.004,0.045,4,2,4,3,0.0,0,3,1,1,5,1.289,3,5,5,1.299,82.36,1
2,0,5,1,1,0,0.984,0,5,3,1.438,3,3,39.63,3,4,5,1.439,0.633,5,0,2,1.798,3,2,2.111,3,3,0.769,-1.093,4,4,1,1,0.0,4,0,1,2,4,0.34,1,1,1,0.338,0.0,0
3,4,3,0,1,0,-0.253,3,0,1,1.323,3,5,23.67,0,2,5,2.685,-1.268,5,0,1,-2.543,0,0,0.66,2,0,-0.408,-0.119,4,4,5,4,0.0,1,5,5,1,6,-0.336,3,3,2,0.48,0.0,0
2,2,0,4,3,0,-2.191,4,5,1,-1.725,1,5,35.06,7,4,5,0.136,0.362,2,0,0,-2.459,1,4,0.009,1,2,1.462,-2.358,2,3,3,2,0.0,5,6,3,2,1,-0.518,6,5,0,-0.282,0.0,0
3,2,5,2,5,0,-2.613,4,4,0,-1.031,4,4,22.91,5,0,3,2.877,0.168,1,0,0,-0.366,5,3,2.405,3,5,1.018,1.348,1,2,3,0,0.0,2,4,3,0,2,0.951,7,2,0,-0.192,0.0,0
4,6,4,5,5,0,-1.825,3,3,3,-1.857,5,4,36.7,0,7,3,0.244,0.971,5,0,5,1.487,1,2,-3.572,5,2,0.144,0.188,0,0,2,6,0.0,0,7,5,1,4,-0.079,1,3,5,-0.081,0.0,0
5,5,3,2,5,0,0.718,5,5,2,-1.549,5,6,42.8,3,4,2,1.763,0.351,4,1,4,2.152,5,3,-2.929,4,4,2.063,0.135,3,4,1,0,0.0,0,7,2,0,4,0.95,1,0,4,0.804,84.31,1
1,7,4,3,4,0,0.446,3,1,1,-0.291,4,6,28.7,1,0,5,-1.264,0.911,3,0,3,2.005,3,3,-1.721,7,1,1.472,0.664,2,2,4,2,0.0,4,2,2,1,7,0.694,5,5,1,0.718,0.0,0
0,7,3,2,0,0,-1.822,2,1,0,-1.193,2,7,23.32,1,7,5,-4.393,0.803,1,0,0,-0.829,7,3,-2.706,4,1,-2.247,-2.072,0,1,1,3,0.0,5,0,3,6,0,-1.795,0,4,1,-0.908,0.0,0
5,6,2,2,5,0,-0.865,2,5,4,3.568,1,3,24.13,3,3,4,1.076,-0.585,2,0,2,-1.111,5,5,-1.563,0,3,1.097,-0.691,0,3,5,1,0.0,1,5,3,5,7,0.283,5,0,5,1.11,0.0,0
2,1,0,6,1,0,-0.717,0,5,1,-4.63,2,5,27.69,3,0,5,-1.081,-0.828,3,0,2,-2.55,0,3,0.966,6,3,-0.504,1.366,2,1,1,3,0.0,0,5,4,4,1,0.053,4,2,5,0.155,0.0,0
1,3,1,5,3,0,1.359,4,1,2,0.719,2,5,10.58,7,0,0,-3.472,-0.503,0,0,1,-0.96,7,0,-0.273,1,1,-0.005,1.06,5,2,2,4,0.0,1,1,4,2,7,0.726,1,3,4,-0.141,0.0,0
3,1,5,7,1,0,-1.777,1,4,2,-2.368,1,4,9.66,5,1,3,-1.681,-1.094,3,0,1,0.775,7,1,0.557,5,5,-0.571,-1.092,1,4,0,0,0.0,3,3,4,1,7,1.056,3,5,4,-0.093,0.0,0
0,5,0,4,3,0,2.586,1,1,4,-1.025,4,6,32.18,2,7,3,2.329,1.368,0,0,4,5.63,2,4,0.943,7,4,-1.483,-1.396,3,0,3,6,0.0,0,2,1,2,2,0.772,1,5,5,0.971,0.0,0
2,0,1,2,3,0,0.726,5,0,0,-0.212,4,3,34.61,0,4,1,0.62,-0.215,1,0,4,2.233,1,3,-0.879,4,3,-1.339,0.779,2,3,1,4,0.0,3,5,5,7,6,1.073,2,2,5,0.716,0.0,0
5,4,3,2,2,0,-1.251,0,0,3,0.374,5,2,12.38,3,2,1,0.093,0.208,4,0,3,-2.145,1,5,-1.03,4,3,-2.587,0.419,5,3,5,3,0.0,5,3,3,4,3,-0.133,3,1,2,-0.658,0.0,0
3,2,5,7,4,0,2.796,1,4,3,1.41,4,3,31.95,2,7,0,-0.035,0.14,3,0,1,1.43,3,3,1.759,7,1,1.82,-0.095,5,0,2,1,0.0,0,6,0,0,0,0.653,5,1,2,0.813,0.0,0
2,3,2,7,3,0,2.362,0,4,3,2.963,1,1,27.21,7,1,4,-0.093,-0.869,3,0,3,1.316,1,2,-0.039,5,3,-2.465,-0.993,5,4,3,2,0.0,3,1,0,3,0,-0.998,7,0,5,-0.378,0.0,0
5,0,5,0,3,0,0.361,1,4,5,-0.269,2,3,32.26,0,2,2,0.648,-0.666,0,0,4,-0.131,0,2,-0.382,5,3,0.466,0.446,3,1,1,6,0.0,5,4,1,0,7,-0.681,6,3,2,0.027,0.0,0
3,1,3,0,2,0,1.514,4,5,5,2.509,5,4,41.34,3,1,0,-1.067,-0.463,0,1,3,3.454,5,2,0.058,4,5,3.69,0.682,0,4,2,3,0.0,1,3,4,1,4,1.604,3,1,4,1.276,0.0,1
4,4,0,5,1,0,3.48,2,1,5,2.446,0,1,29.06,3,4,4,0.955,-1.403,4,0,2,0.675,0,4,-1.225,4,5,-0.462,-1.481,3,4,2,6,0.0,0,5,5,3,5,0.782,3,3,0,0.98,0.0,0
4,3,2,3,0,0,0.397,4,5,4,-1.661,3,1,21.46,2,4,4,0.721,-0.479,0,0,3,-1.551,6,4,-0.109,6,4,0.22,3.379,3,1,3,4,0.0,5,5,5,1,4,-0.275,5,5,3,-0.014,0.0,0
2,5,1,5,2,0,-0.518,3,0,5,-1.518,4,7,29.45,3,0,0,-0.167,-1.013,0,0,4,-1.289,4,4,-0.76,0,1,-1.156,1.085,1,2,4,4,0.0,1,5,2,6,4,-0.433,3,5,2,-0.571,0.0,0
2,1,0,3,2,0,-1.325,0,5,1,-0.644,2,7,20.14,5,2,5,-0.546,0.905,4,0,5,-0.931,0,1,-2.135,1,0,-1.993,-2.93,5,2,3,0,0.0,5,2,0,2,2,-0.589,1,5,2,-0.295,0.0,0
4,1,0,6,2,0,1.427,3,4,2,1.62,5,4,24.76,3,3,3,0.05,0.685,1,0,4,1.033,4,5,0.851,6,2,0.936,-0.33,0,5,0,0,0.0,3,1,0,3,5,0.912,6,4,1,0.667,0.0,0
5,7,1,1,4,0,-0.005,2,4,3,0.344,5,2,30.14,2,7,2,1.272,0.246,0,0,4,0.071,7,0,0.253,1,5,1.543,2.766,0,2,2,1,0.0,1,3,0,4,4,1.731,5,3,4,1.507,0.0,0
1,0,5,0,5,0,-6.312,4,1,1,-1.512,4,0,23.33,1,3,0,1.163,-0.654,4,0,3,-2.615,6,5,-3.644,0,3,-1.896,-1.348,3,5,0,3,0.0,1,1,5,7,1,-1.454,4,5,5,-1.054,0.0,0
1,0,3,7,1,0,0.11,1,2,1,1.172,4,7,19.06,6,0,5,-0.077,-0.789,1,0,4,2.303,3,4,-2.309,5,2,-0.819,-1.472,0,4,5,4,0.0,5,5,3,6,6,0.391,4,3,0,0.157,0.0,0
2,7,1,1,2,0,-1.521,4,4,1,0.563,1,0,19.77,6,0,3,-1.922,-1.772,0,0,2,-2.967,4,3,0.713,4,3,-0.372,3.568,5,3,2,6,0.0,0,1,0,1,3,-1.185,2,4,0,-0.781,0.0,0
1,1,3,7,1,0,-3.194,4,0,5,-2.378,3,4,33.57,6,7,1,-2.264,0.165,0,0,2,1.526,1,4,-3.287,4,0,-1.82,-2.399,2,3,1,7,0.0,2,1,3,5,0,-2.24,2,2,4,-1.799,0.0,0
5,3,3,7,2,0,1.307,5,5,4,-2.055,5,3,26.3,4,0,2,0.669,0.152,5,0,5,-2.116,2,5,-1.427,7,0,-0.749,0.289,0,1,5,3,0.0,5,3,4,0,5,-0.497,3,1,5,-0.445,0.0,0
4,7,0,3,3,0,-1.083,1,4,0,-2.708,1,3,36.45,2,3,2,1.12,-0.59,4,0,0,2.164,2,1,3.57,4,5,3.987,1.432,5,5,1,1,0.0,2,6,4,0,5,0.338,3,0,4,0.729,0.0,0
2,3,4,2,1,0,-4.258,5,5,3,-1.289,2,5,32.58,1,2,5,-1.491,0.655,1,0,4,-4.722,2,0,-2.828,2,4,-1.586,-1.502,1,2,1,3,0.0,4,5,1,1,0,-1.106,4,4,4,-0.743,0.0,0
5,0,5,3,5,0,0.023,2,5,3,-1.599,3,0,25.25,1,0,2,-1.179,1.745,5,0,5,-3.276,0,2,-2.423,0,2,-0.481,-3.022,2,4,3,4,0.0,0,3,0,0,4,-1.212,7,0,2,-1.89,0.0,0
4,6,2,2,1,1,1.228,4,2,0,1.039,0,2,36.62,7,3,1,0.377,1.104,1,1,5,-1.386,4,5,-0.955,6,0,1.038,0.33,2,4,0,5,0.0,2,6,2,3,5,1.703,5,5,5,1.891,0.0,1
2,7,4,7,3,1,1.636,0,1,3,3.997,5,6,36.91,1,7,2,2.609,1.07,0,1,0,0.161,4,2,1.372,4,2,1.847,1.186,3,2,4,3,0.0,3,2,5,5,0,1.548,5,0,3,1.42,0.0,1
4,6,1,0,0,1,3.034,5,3,3,0.834,0,5,25.86,6,2,1,-0.549,-0.141,4,1,4,-0.121,5,0,-0.936,2,5,2.373,-0.441,2,4,3,7,0.0,5,5,3,7,6,1.869,5,1,3,1.737,45.15,1
2,1,1,2,0,0,-1.412,2,5,5,-0.171,3,2,31.05,1,3,1,0.19,1.019,2,0,3,2.724,3,3,-2.405,6,5,-2.503,0.298,4,3,2,5,0.0,2,2,5,3,6,-0.22,4,2,3,-1.422,0.0,0
1,3,4,7,2,0,-0.515,0,2,4,-1.662,4,1,23.67,4,6,4,-0.518,-0.327,5,0,1,-1.511,5,5,0.657,4,0,-0.889,-0.873,5,3,1,6,0.0,1,5,0,6,4,-0.761,7,0,5,-0.985,0.0,0
3,5,1,1,4,0,2.194,5,0,1,-2.11,0,2,42.16,6,1,1,3.208,3.494,2,1,4,-0.164,5,1,2.883,7,2,0.494,-0.046,4,4,4,4,0.0,0,3,4,5,5,1.99,7,5,2,1.599,90.3,1
1,7,5,1,2,0,0.989,5,2,3,-1.701,4,4,28.15,6,5,5,-1.298,0.12,0,0,3,-2.512,1,1,0.86,5,2,1.149,-0.421,5,5,1,7,0.0,1,2,2,7,6,-0.638,2,0,5,-0.707,0.0,0
4,2,3,7,2,0,2.128,4,4,4,0.002,5,1,39.34,1,6,2,1.901,2.317,1,0,0,-0.311,6,5,-0.297,0,1,-0.893,0.916,2,3,5,3,0.0,0,0,5,5,6,0.582,4,3,0,0.07,0.0,0
1,7,4,6,4,1,3.484,3,1,3,1.387,2,1,40.22,4,1,4,2.436,-1.318,1,1,3,2.658,4,0,3.636,0,0,2.16,3.645,1,1,5,3,0.0,3,5,1,4,5,2.005,5,1,4,2.078,0.0,1
4,2,4,2,5,0,-0.989,5,2,0,-1.208,2,5,30.76,0,6,1,-4.449,0.01,0,0,5,-1.528,6,5,-1.548,3,5,-0.797,2.41,4,2,4,6,0.0,5,6,4,1,7,-0.384,1,4,4,-0.897,0.0,0
4,0,2,6,2,0,1.443,4,3,3,1.978,1,2,23.82,5,6,0,2.319,-0.434,4,0,1,3.547,6,1,-1.008,5,4,2.205,1.651,3,2,0,4,0.0,4,4,4,0,4,0.48,4,5,1,1.141,0.0,0
4,4,2,0,5,0,-0.328,2,3,2,-0.265,4,6,37.97,4,2,1,0.226,-1.3,5,0,2,-0.988,7,3,-0.105,5,4,0.284,-0.514,2,3,4,4,0.0,0,1,3,1,0,-0.577,5,4,2,-1.359,0.0,0
4,4,2,0,2,0,-1.305,4,2,1,-0.369,3,4,27.71,5,5,2,-0.99,0.266,3,0,2,-0.777,6,3,0.254,5,0,-1.583,1.713,4,3,4,6,0.0,2,5,1,4,4,-0.534,6,0,5,-0.549,0.0,0
5,0,5,4,1,0,-0.859,1,1,0,-3.303,3,3,28.23,6,2,5,2.045,-1.061,5,0,3,-4.572,7,1,-0.238,6,1,-2.749,-3.211,0,0,5,0,0.0,5,3,5,7,1,-2.518,2,4,3,-1.928,0.0,0
4,4,2,1,5,0,-2.606,4,1,5,-2.423,3,2,34.92,4,6,1,-1.006,0.431,3,0,5,-3.391,4,1,0.913,2,3,0.665,0.129,4,4,4,4,0.0,5,3,0,6,5,-0.488,1,5,4,-1.094,0.0,0
2,6,4,7,4,0,2.737,5,1,3,1.039,3,0,25.67,2,6,3,0.203,-0.071,1,0,3,1.685,6,5,-1.819,4,4,1.262,1.328,2,5,4,0,0.0,1,1,0,7,0,-0.859,0,1,4,0.186,0.0,0
4,6,1,7,5,0,-0.155,1,2,2,-0.562,5,6,36.53,0,5,1,-0.846,0.668,4,0,0,-1.75,5,1,0.811,5,1,0.927,-1.58,4,2,2,3,0.0,2,5,0,5,4,-0.126,4,2,3,0.177,0.0,0
2,6,0,5,5,0,-1.986,2,2,4,-1.258,3,6,29.2,5,7,0,-1.856,0.154,5,0,1,-1.747,5,2,-1.588,6,0,-1.644,-1.911,0,0,1,0,0.0,4,4,4,7,4,-2.278,0,1,3,-1.701,0.0,0
3,2,0,4,2,0,-0.706,1,2,0,2.812,4,2,35.8,6,7,2,2.101,-0.263,2,1,2,3.684,2,2,3.215,0,1,-1.361,2.94,0,0,3,6,0.0,5,1,3,7,7,0.749,7,3,0,1.788,0.0,1
1,7,5,2,0,0,0.131,0,0,2,-2.002,0,0,25.72,1,0,4,-1.697,0.109,4,0,4,-2.31,0,4,-1.796,7,3,-1.148,-2.294,0,0,4,1,0.0,5,4,4,6,1,-2.784,6,1,0,-2.417,0.0,0
3,4,1,3,4,1,2.984,3,5,3,1.987,0,1,31.06,5,7,2,4.967,0.139,2,1,1,2.859,7,3,2.02,5,0,4.812,3.148,2,3,4,7,0.0,1,6,4,2,6,0.823,2,2,1,1.678,166.65,1
4,7,5,5,5,1,2.254,1,2,1,2.901,1,7,37.48,3,6,1,2.062,1.53,2,1,1,3.671,5,1,3.306,7,3,2.555,0.502,0,5,3,0,0.0,2,6,1,1,5,1.811,3,0,3,1.366,53.55,1
3,7,4,2,4,1,1.525,1,0,0,-0.085,4,4,43.71,6,5,5,0.8,0.81,0,1,4,1.066,3,1,1.185,2,4,0.286,1.078,2,4,4,3,0.0,4,6,1,2,4,1.435,5,0,2,1.782,23.49,1
3,5,2,3,0,0,-0.88,2,3,4,1.298,4,5,22.69,7,4,2,1.792,1.097,1,0,3,-0.959,5,0,0.206,0,1,2.076,0.801,1,1,4,3,0.0,0,4,2,7,4,-0.719,2,5,2,-1.409,0.0,0
3,2,2,2,5,0,-5.388,4,2,1,-0.359,0,4,14.76,0,7,4,-2.355,1.126,5,0,3,-0.352,4,2,-1.52,5,1,-2.238,-1.798,0,5,0,0,0.0,4,7,1,0,5,-1.573,3,1,4,-1.958,0.0,0
5,3,4,2,4,0,-1.658,4,5,1,-1.386,4,5,26.98,4,7,5,0.597,0.565,1,0,3,-0.491,1,2,1.669,3,5,-0.766,0.666,2,3,0,6,0.0,1,7,5,7,6,-0.112,5,5,2,-0.668,0.0,0
1,5,1,3,5,0,-1.676,4,2,0,-1.426,1,4,33.89,3,7,2,1.19,0.097,3,0,4,-1.809,2,2,-2.458,2,4,1.092,1.082,5,3,3,4,0.0,2,0,1,3,3,-0.179,7,3,2,-0.112,0.0,0
5,1,4,6,1,0,-3.445,3,3,3,-3.211,2,5,27.4,5,3,3,-2.594,0.417,1,0,4,-0.82,7,4,-3.404,7,3,-1.36,-3.051,5,2,1,0,0.0,0,0,5,2,0,-1.945,2,5,0,-1.559,0.0,0
0,4,4,6,1,0,1.485,2,0,5,0.586,2,1,26.62,1,6,2,-1.365,-0.769,0,0,5,-0.543,6,0,1.311,0,2,-0.094,1.121,3,5,2,7,0.0,5,2,2,4,7,1.096,0,4,2,0.165,0.0,0
1,3,0,4,4,1,1.133,4,0,5,2.994,1,1,28.37,5,4,1,2.559,-1.16,1,0,5,1.077,4,4,0.482,5,5,2.897,1.579,4,3,4,0,0.0,3,2,4,6,4,1.651,5,4,0,1.551,217.34,1
2,5,1,2,2,0,-0.018,0,3,2,-1.583,5,5,26.6,5,5,5,-0.321,-0.152,4,0,5,1.974,2,2,-0.552,7,2,-0.257,0.797,1,2,4,0,0.0,4,5,2,6,2,0.472,4,4,2,0.993,0.0,0
3,1,5,7,3,0,2.986,3,2,4,1.974,0,7,33.56,2,3,3,0.199,-1.512,3,0,4,-2.43,4,1,-1.136,0,3,0.689,2.399,4,1,1,0,0.0,4,4,5,5,0,0.432,3,0,3,-0.037,0.0,0
0,0,0,2,1,0,-2.295,2,5,4,0.515,2,7,37.92,4,6,3,1.277,0.951,5,1,1,5.257,7,1,0.055,5,4,2.408,1.117,4,4,1,3,0.0,3,0,1,5,2,1.387,3,5,0,0.645,0.0,1
2,5,0,3,1,0,-1.126,5,3,0,-0.731,2,4,34.05,5,5,4,2.46,0.679,0,0,1,-1.942,2,1,3.42,6,0,2.811,1.859,5,5,3,6,0.0,0,2,4,2,2,1.242,6,4,4,0.275,0.0,0
1,4,4,4,0,0,1.925,3,4,3,-0.977,5,7,24.61,3,3,5,0.148,0.721,2,0,4,-1.865,0,0,-0.455,0,5,-0.672,-0.758,0,4,5,6,0.0,5,2,0,1,7,-2.63,6,3,0,-2.465,0.0,0
3,1,1,0,3,0,0.264,3,4,5,-2.56,1,2,29.17,1,0,4,2.121,-1.064,5,0,2,5.298,5,2,3.05,1,0,-0.576,2.012,4,2,0,4,0.0,1,3,1,0,2,-0.61,2,3,5,-0.274,0.0,0
2,5,1,5,0,0,1.025,2,0,3,3.994,5,3,49.47,1,4,5,2.335,-0.27,2,1,4,-1.185,6,3,1.778,3,4,0.293,0.407,1,2,3,3,0.0,1,3,0,4,1,0.943,6,1,3,1.208,15.9,1
1,3,4,6,3,0,-1.103,4,5,1,-0.232,2,7,22.79,7,0,0,0.704,0.841,5,0,3,-2.9,4,3,0.497,1,5,0.027,1.369,5,0,0,3,0.0,0,4,1,2,6,-2.278,7,1,0,-0.964,0.0,0
1,1,3,1,1,0,-1.34,1,3,5,1.298,4,0,35.6,3,1,4,0.975,0.435,2,0,1,-2.163,1,4,-5.743,4,5,0.707,-4.067,3,3,1,0,0.0,3,4,4,4,4,-0.904,4,4,4,-0.851,0.0,0
4,7,4,5,2,1,0.773,4,1,0,0.01,2,5,34.44,1,6,3,2.788,1.645,2,0,4,0.838,6,1,-0.568,7,0,-0.141,-1.404,1,3,3,4,0.0,4,0,3,7,2,0.905,0,1,3,0.665,225.34,1
3,4,0,1,3,0,2.45,3,2,3,0.587,4,4,28.32,7,4,1,2.1,0.364,4,0,2,2.47,7,2,0.508,3,5,1.628,-0.046,5,4,5,6,0.0,1,0,1,4,6,1.388,1,1,0,0.397,0.0,0
4,6,0,0,0,0,0.532,4,5,4,-1.372,5,6,31.42,4,5,4,-0.861,1.273,4,0,0,0.039,0,0,2.141,3,2,-1.904,0.308,3,2,1,7,0.0,2,1,4,5,0,0.368,7,4,1,-0.074,0.0,0
3,3,0,0,1,1,-0.167,4,3,3,0.068,4,3,37.04,1,6,5,-0.764,-0.621,2,1,0,-2.273,5,4,2.45,0,2,2.842,3.204,3,5,4,3,0.0,0,4,3,7,1,1.595,4,2,4,0.816,207.11,1
5,3,3,1,4,0,-1.112,1,2,3,-1.929,1,6,37.19,2,3,1,0.036,0.029,5,0,1,-0.019,1,4,-1.245,0,5,0.25,-0.896,1,1,5,7,0.0,3,7,4,5,1,-0.933,5,0,3,-0.778,0.0,0
4,1,4,0,5,0,-0.311,1,4,4,-1.072,0,0,23.8,3,5,2,-0.404,1.351,1,0,1,-0.691,4,1,-0.336,3,5,1.371,-0.021,2,0,4,4,0.0,4,3,3,6,6,-0.09,7,2,4,0.665,0.0,0
2,3,2,3,5,0,0.202,1,4,2,0.379,1,1,40.28,6,5,3,-3.75,0.087,3,0,4,-2.213,1,3,-0.813,0,1,-1.287,-2.007,3,0,4,5,0.0,5,0,2,4,5,-1.066,1,4,2,-0.355,0.0,0
2,5,1,0,1,0,-1.902,1,0,5,-1.591,2,2,26.91,7,6,5,-2.051,0.142,5,0,3,0.136,5,0,-1.534,4,0,-1.487,-0.699,4,3,4,7,0.0,5,6,1,3,5,-1.411,0,0,4,-0.338,0.0,0
1,2,4,7,3,0,-0.268,3,1,0,1.282,5,7,30.39,5,3,5,-0.766,0.747,3,0,1,1.88,5,2,-2.388,7,5,0.75,-2.039,2,3,5,0,0.0,0,7,0,4,0,-0.924,1,2,3,0.408,0.0,0
5,1,0,3,4,0,-0.206,0,3,1,0.259,1,2,28.18,2,1,2,1.997,-0.368,3,0,4,1.574,1,0,-2.612,5,3,-1.355,2.134,4,0,5,0,0.0,3,6,1,3,2,-0.08,5,2,4,1.215,0.0,0
4,5,2,0,1,0,1.648,4,4,2,1.099,3,4,36.63,4,2,3,-0.856,-0.374,0,0,0,0.088,4,2,0.444,1,0,2.633,0.559,4,2,5,0,0.0,4,5,4,6,2,0.366,2,5,2,0.183,0.0,0
5,4,5,7,1,0,0.179,1,1,3,-0.239,5,6,28.61,4,4,2,-6.886,-0.678,3,0,2,-3.783,3,1,0.751,1,2,-1.286,-1.163,0,4,0,3,0.0,0,3,0,0,7,-0.639,4,0,2,-1.636,0.0,0
2,4,3,6,0,0,0.434,5,5,5,-1.17,1,0,29.69,3,4,0,-2.722,0.67,1,0,4,-2.256,4,4,-2.764,3,3,-2.122,-0.295,5,4,2,6,0.0,5,1,0,2,6,-1.296,7,0,5,-0.955,0.0,0
1,3,3,5,5,0,-0.022,1,0,1,-1.382,3,1,20.93,4,1,4,-1.94,0.102,1,0,5,0.497,6,2,-2.601,6,4,-1.3,-2.027,0,2,5,2,0.0,1,0,0,5,4,-1.391,4,0,4,-1.229,0.0,0
4,0,5,0,2,1,-1.136,4,5,4,0.607,0,3,34.8,6,5,2,1.067,-0.624,4,0,2,0.225,7,4,2.147,7,4,0.791,-0.143,0,2,0,4,0.0,0,3,0,2,1,1.125,7,4,1,1.043,0.0,1
4,7,1,6,0,0,-0.957,2,1,4,-0.871,0,3,35.33,7,1,5,-0.494,0.148,1,0,2,-0.593,3,1,-4.676,6,4,0.207,-0.098,2,2,5,7,0.0,3,4,5,6,4,-1.4,0,3,4,-1.476,0.0,0
1,1,5,0,4,0,-0.407,0,1,4,0.297,1,3,27.32,3,4,0,4.199,-1.495,4,0,1,-1.117,4,3,-1.439,3,1,1.99,1.242,3,1,3,1,0.0,5,6,0,0,7,-0.439,2,5,0,-0.271,0.0,0
5,1,2,3,4,0,0.919,1,2,4,0.908,0,2,29.05,1,4,4,0.067,-1.86,2,1,0,-0.393,2,4,0.403,1,4,1.515,1.127,0,5,0,6,0.0,5,4,3,1,1,0.857,0,3,3,0.862,185.08,1
4,3,1,5,4,0,0.322,1,5,2,-3.334,1,1,24.87,3,4,1,1.092,0.622,0,0,3,-1.701,4,2,1.26,4,3,-0.059,0.696,1,1,4,5,0.0,0,4,0,0,2,-1.331,4,5,5,-0.435,0.0,0
4,4,5,1,3,0,-2.308,3,1,0,-2.241,2,6,20.26,2,1,1,-0.822,-1.885,4,0,0,-0.264,0,5,-0.014,0,3,0.001,1.52,4,1,0,3,0.0,1,2,5,1,0,-0.872,3,0,2,0.155,0.0,0
4,3,0,7,1,0,2.567,2,5,2,-0.923,3,7,42.31,1,3,2,-1.636,-0.212,3,0,2,-2.115,1,3,1.28,4,3,-1.299,1.562,2,1,1,4,0.0,4,0,2,5,5,-0.174,3,5,1,0.069,0.0,0
0,5,2,3,4,0,-4.465,4,0,4,-2.82,3,6,19.04,3,7,1,-2.75,-3.231,3,0,5,-0.366,4,5,-3.664,6,3,-2.577,-0.029,3,2,0,0,0.0,1,3,2,3,7,-1.081,5,4,5,-1.543,0.0,0
5,4,4,6,0,0,-0.142,2,0,5,-0.497,3,2,35.37,3,7,0,0.963,-0.411,1,0,3,-0.058,4,2,1.931,3,4,-0.513,-1.637,2,0,2,1,0.0,3,7,4,3,6,-0.058,0,5,5,0.467,0.0,0
5,7,0,1,4,1,3.659,2,2,1,0.606,2,4,34.55,4,1,4,1.206,1.428,1,1,5,2.626,6,4,3.694,3,4,2.404,0.558,3,4,0,7,0.0,2,3,0,2,5,2.306,6,3,0,2.305,17.27,1
2,4,4,4,4,0,1.541,0,4,3,0.229,0,4,27.78,5,5,4,0.276,-0.278,5,0,5,1.871,2,4,2.699,5,0,1.479,-0.093,4,2,0,7,0.0,0,5,1,1,2,0.624,2,0,2,1.384,0.0,0
2,5,2,4,4,0,0.084,2,4,3,-1.026,3,3,30.89,2,6,0,-1.357,1.362,4,0,2,-0.667,2,0,1.509,0,3,-1.484,-1.461,0,0,3,2,0.0,3,4,3,6,0,-0.703,7,1,0,-0.842,0.0,0
2,3,5,4,2,0,-0.182,4,0,0,0.326,2,3,23.05,1,1,4,1.448,1.212,5,0,0,2.076,4,0,-3.963,6,0,-1.613,-0.718,2,5,1,4,0.0,1,6,2,6,5,0.399,7,3,4,-0.173,0.0,0
3,6,4,4,0,0,-1.721,0,4,4,-1.506,5,5,15.55,6,6,4,0.842,-0.168,1,0,0,1.294,2,3,0.07,0,3,-1.474,-0.841,4,0,1,4,0.0,1,6,3,0,7,-1.415,3,3,5,-0.612,0.0,0
3,6,0,1,5,0,-2.128,1,4,4,2.749,2,0,23.7,3,5,0,1.51,-0.457,2,0,1,-1.584,0,0,-1.099,1,4,1.562,0.15,5,0,0,1,0.0,0,4,5,6,7,0.206,6,1,2,0.044,0.0,0
0,2,2,1,1,0,-0.653,5,4,3,2.134,0,5,22.71,3,4,0,-0.786,0.736,3,0,3,1.235,0,5,-2.441,5,1,-0.953,1.616,4,1,4,2,0.0,3,1,5,6,7,-0.757,4,3,1,-0.728,0.0,0
2,7,0,4,4,0,1.008,5,1,3,1.39,0,7,30.17,0,4,3,0.282,0.036,4,0,1,2.833,2,0,0.957,2,1,0.677,-3.59,0,1,5,2,0.0,5,7,3,3,3,0.456,5,3,5,0.491,0.0,0
4,7,3,6,3,0,1.49,1,0,2,-0.093,2,7,37.77,3,7,3,-2.262,0.436,3,0,2,-3.627,1,3,-2.346,5,2,-3.702,0.349,0,5,1,3,0.0,5,3,1,7,2,-0.333,5,4,1,-0.636,0.0,0
0,4,3,5,1,0,0.865,5,3,0,1.299,1,3,37.42,1,2,3,0.028,0.582,4,1,3,-3.428,7,0,3.612,1,4,3.732,0.677,1,5,3,1,0.0,2,6,0,5,2,1.046,0,1,2,0.694,168.24,1
3,6,5,5,0,0,-3.559,4,0,3,-2.924,0,0,25.08,2,3,2,-1.664,-1.62,0,0,1,0.949,0,3,2.398,5,0,-0.822,-1.237,1,5,0,1,0.0,4,5,3,3,3,-0.547,0,2,0,-0.458,0.0,0
3,4,1,1,4,0,-3.474,3,2,1,-0.996,1,3,24.22,3,6,4,1.991,-0.585,5,0,4,0.625,0,4,1.321,5,1,-2.412,-0.953,2,2,4,5,0.0,3,1,4,2,2,-0.297,6,1,1,-0.481,0.0,0
3,6,0,3,4,0,3.901,3,2,3,1.585,2,1,36.8,1,7,5,1.621,-1.017,4,1,3,3.507,0,4,1.178,6,1,2.938,2.871,4,2,0,3,0.0,2,4,0,7,6,1.646,0,0,2,1.857,107.21,1
3,5,5,0,1,0,4.889,1,0,3,0.25,3,6,14.31,2,4,2,-1.531,0.146,5,0,1,1.247,0,4,2.098,1,5,-2.034,0.528,0,2,5,0,0.0,3,3,0,1,0,0.553,2,5,4,0.09,0.0,0
3,1,4,7,3,0,-0.344,5,2,3,0.249,4,2,34.98,1,6,2,0.862,-0.6,3,0,1,-0.821,6,1,-1.088,2,2,-1.05,-1.813,4,1,3,4,0.0,2,2,3,1,0,-0.669,2,5,4,-1.449,0.0,0
0,5,4,2,4,1,3.964,5,0,2,2.052,5,1,32.6,4,4,5,0.639,-0.417,2,1,5,1.908,6,0,3.03,5,2,-0.936,-0.426,5,2,2,6,0.0,3,3,3,0,2,1.862,0,2,0,1.6,192.23,1
3,4,2,5,0,0,0.588,0,4,3,0.817,4,5,21.96,5,1,2,3.434,-0.209,3,0,4,-1.684,5,0,0.598,7,1,-1.798,1.349,4,0,0,7,0.0,2,3,5,3,7,0.67,6,1,1,0.72,0.0,0
3,0,0,6,4,0,-1.171,3,5,0,2.566,0,4,17.29,2,0,4,0.824,-1.281,4,0,5,-0.438,4,4,-1.835,6,5,-0.278,0.36,5,5,0,6,0.0,0,2,3,7,3,0.188,6,2,3,-0.725,0.0,0
4,6,2,0,3,0,0.405,1,1,1,0.794,4,4,15.73,0,3,1,-1.218,1.545,2,0,5,3.204,2,0,-0.224,1,5,1.055,-0.284,5,4,2,7,0.0,5,0,2,2,6,0.144,0,1,0,0.258,0.0,0
3,5,2,3,1,0,2.043,1,1,2,-0.026,2,0,27.2,2,3,3,0.55,0.87,2,0,1,1.397,1,3,1.29,2,1,1.724,-3.208,3,0,2,2,0.0,5,6,1,3,3,-0.125,3,4,0,-0.148,0.0,0
1,3,5,2,4,0,1.593,4,3,1,-3.61,1,1,17.24,6,5,3,-0.505,-0.053,4,0,4,1.934,6,4,0.926,6,3,-1.546,-1.253,0,5,2,3,0.0,4,1,5,6,7,-0.754,3,3,1,-0.609,0.0,0
1,0,3,1,4,0,-0.8,3,4,2,-0.685,4,7,22.46,7,7,1,-1.446,1.791,3,0,3,-0.683,3,5,-0.944,1,4,-0.528,1.355,5,3,1,5,0.0,5,7,2,1,7,-1.01,1,3,3,-0.892,0.0,0
2,1,3,2,2,0,-4.58,4,4,0,-1.666,2,3,32.17,1,3,3,-0.797,-1.647,0,0,0,-1.141,5,0,-0.446,1,4,-3.696,-0.805,2,2,2,5,0.0,0,6,2,1,0,-2.732,4,1,2,-2.605,0.0,0
0,5,2,7,2,1,2.309,0,1,2,-1.226,3,1,27.0,5,0,0,0.728,0.557,3,1,0,0.554,7,3,-0.054,3,2,0.702,-0.805,4,0,4,1,0.0,4,7,2,5,7,2.25,7,4,0,2.066,67.38,1
3,1,5,5,4,0,0.055,1,3,0,0.144,5,7,33.52,5,0,3,0.096,0.552,4,0,1,2.433,1,5,0.648,7,1,-1.103,2.438,4,3,1,6,0.0,3,0,2,3,4,-0.534,6,3,0,-0.064,0.0,0
5,5,1,3,2,0,0.283,2,4,4,1.738,1,3,36.47,3,4,3,-1.02,0.285,5,0,3,5.042,3,0,0.982,1,4,-0.616,0.437,1,5,3,5,0.0,0,4,4,5,2,0.737,4,2,2,0.532,0.0,0
1,3,2,7,1,0,3.718,5,4,1,3.654,1,0,30.36,4,2,0,-0.446,2.155,3,0,1,1.541,5,0,0.101,1,3,-0.684,-1.432,4,0,2,5,0.0,2,1,1,5,7,2.644,1,2,5,1.185,0.0,0
4,3,4,7,5,0,-0.975,1,1,1,1.657,0,4,36.75,3,6,4,1.495,0.419,0,0,4,-5.216,5,1,0.035,7,1,-2.426,1.203,0,4,3,1,0.0,0,2,3,3,3,-0.693,7,5,3,-1.07,0.0,0
5,7,2,6,4,0,-1.165,0,0,2,-2.101,2,6,31.55,4,5,4,0.538,0.275,0,0,5,-1.988,3,0,-1.508,1,3,0.827,1.978,2,0,3,4,0.0,1,7,2,6,2,-0.247,6,4,0,-0.68,0.0,0
1,0,2,6,3,0,-1.642,2,0,3,-0.654,2,6,26.75,7,5,0,1.359,1.539,1,0,3,-0.452,4,4,-0.582,6,2,-0.228,1.33,4,3,0,0,0.0,0,4,5,3,3,-0.32,7,0,5,-0.591,0.0,0
3,4,5,3,2,0,-1.795,0,4,2,0.973,2,1,26.04,0,7,2,2.922,0.166,3,0,0,-0.549,6,4,0.958,5,5,-0.969,0.702,4,3,1,3,0.0,4,6,5,2,7,1.198,1,2,3,1.031,0.0,0
0,6,2,6,3,1,2.617,2,3,3,2.137,5,6,36.7,6,0,5,2.868,-2.295,3,1,5,1.004,6,2,2.526,4,4,-0.077,0.936,2,0,4,0,53.97,3,4,2,5,2,1.732,0,3,2,1.993,213.41,1
0,7,3,4,2,0,-2.717,2,3,0,0.093,2,6,33.82,6,5,4,2.506,0.96,5,0,2,1.905,0,3,-0.605,7,5,-1.778,-1.171,4,5,1,5,0.0,4,1,0,4,3,-0.134,0,3,4,-0.555,0.0,0
1,1,5,0,2,0,-2.537,5,5,3,-0.77,4,6,24.67,5,6,1,-0.017,-1.585,1,0,0,-0.92,6,1,1.25,0,4,1.473,-1.207,3,3,1,4,0.0,1,4,2,7,2,0.6,3,5,0,0.555,0.0,0
1,3,1,1,4,0,-0.632,3,3,4,0.723,2,4,20.86,6,0,2,1.073,-0.964,5,0,2,2.442,1,2,-1.448,5,5,0.411,0.282,0,3,0,4,0.0,2,7,5,2,7,-0.46,6,5,0,-0.078,0.0,0
1,4,2,4,0,0,-1.433,2,5,2,-1.377,1,6,29.28,6,2,4,0.789,-0.871,0,0,0,1.324,4,4,-1.513,5,1,3.232,-3.221,3,0,1,3,0.0,1,2,2,7,7,-1.013,3,4,2,-0.578,0.0,0
2,3,3,0,0,0,1.017,0,5,3,1.742,0,6,36.15,0,5,2,-2.579,2.366,5,0,1,6.145,0,0,1.905,4,5,1.457,-1.474,3,1,1,2,0.0,0,7,5,1,0,0.979,7,4,1,0.058,0.0,0
1,6,4,4,4,0,-0.091,4,4,5,3.587,2,3,39.74,1,6,1,-2.393,-0.038,0,0,4,-1.268,3,3,-3.493,6,3,-0.296,-0.469,4,4,5,7,0.0,4,5,5,3,1,-0.543,4,4,5,-0.817,0.0,0
1,3,5,6,2,0,0.174,4,1,5,-0.169,4,3,29.13,5,6,1,-3.347,-0.325,1,0,2,-1.208,6,5,-0.874,7,5,0.622,1.156,4,2,4,1,0.0,5,1,0,7,3,0.353,6,5,3,-0.282,0.0,0
2,3,3,6,3,0,0.869,5,4,0,2.221,2,7,34.67,1,1,1,1.91,-0.812,5,0,3,-1.2,0,0,-2.127,1,3,-0.422,1.151,0,0,2,0,0.0,5,5,4,7,4,-0.782,5,1,5,-0.08,0.0,0
2,6,4,7,5,0,-0.365,0,5,0,-0.403,3,6,21.39,0,5,2,-0.013,1.586,1,0,0,1.988,1,2,1.348,2,3,2.639,3.441,1,4,5,5,0.0,4,4,4,6,7,-0.129,0,3,4,0.381,0.0,0
2,2,0,5,5,0,-1.006,1,3,4,0.863,1,7,12.86,5,4,3,0.678,-0.413,2,0,0,0.73,0,2,-2.294,5,4,0.783,-1.606,5,3,2,4,0.0,2,6,0,6,6,0.165,7,1,5,0.267,0.0,0
5,1,0,7,3,0,3.198,0,5,4,-0.809,2,3,35.88,5,2,5,0.04,0.43,0,1,5,-0.457,7,5,1.347,3,4,0.446,2.27,0,2,0,6,54.02,4,7,1,5,0,0.965,4,3,5,0.739,115.66,1
1,5,2,6,1,0,0.463,2,0,2,-0.438,0,2,27.29,4,4,0,2.239,-0.161,4,0,5,-3.081,3,1,0.135,3,1,-1.451,0.574,1,0,4,7,0.0,2,3,1,5,0,-0.591,1,3,3,-0.042,0.0,0
4,0,4,7,3,0,-2.015,3,3,3,-1.782,5,5,22.04,3,0,5,-0.604,-1.119,4,0,1,-1.413,3,4,-1.797,0,5,1.517,-0.08,1,4,5,0,0.0,3,6,0,2,1,0.458,0,4,1,-0.679,0.0,0
0,0,4,2,3,0,0.653,3,0,5,-1.046,5,2,27.03,2,0,5,1.393,-0.796,3,0,2,-2.474,1,1,-4.356,5,3,1.522,-1.48,3,4,3,1,0.0,5,4,4,3,0,-1.221,5,0,4,-1.121,0.0,0
2,4,2,1,4,0,-1.143,5,0,2,3.284,0,5,48.36,7,3,2,2.251,0.461,0,1,0,0.493,0,2,-0.86,2,5,0.069,1.951,1,0,3,5,0.0,1,4,1,1,0,0.804,5,2,1,0.476,196.0,1
3,6,3,6,5,0,1.503,4,5,1,0.85,2,1,36.92,5,1,0,3.49,-0.393,4,1,3,-1.254,5,0,4.705,7,2,2.455,1.14,0,1,1,6,0.0,2,3,5,7,6,0.974,5,5,1,1.466,82.87,1
0,0,0,0,5,0,-3.587,4,2,0,0.874,3,4,29.11,2,3,2,1.911,0.285,1,0,4,-0.686,1,3,-1.559,1,5,-0.461,-0.628,4,4,1,2,0.0,5,3,0,5,4,-0.14,3,1,0,0.25,0.0,0
3,7,0,5,1,0,0.809,4,3,1,1.323,0,2,30.97,6,3,2,0.064,-1.064,4,0,2,0.65,7,4,1.034,6,0,-0.639,2.422,3,2,3,7,0.0,0,4,5,4,2,0.814,6,5,3,0.781,0.0,0
2,0,1,1,3,0,0.92,0,1,1,-0.489,2,5,40.59,1,2,4,0.415,0.67,2,0,1,-1.285,3,5,-2.412,3,5,0.135,2.131,4,0,4,3,0.0,3,1,2,7,4,-0.841,1,3,5,-0.481,0.0,0
3,7,0,0,0,1,1.779,4,4,3,4.945,3,2,39.14,0,1,5,2.209,-0.824,4,1,2,4.224,6,1,-0.093,4,1,2.487,3.084,1,0,3,3,0.0,1,4,4,3,5,1.691,0,3,3,1.701,163.64,1
2,1,1,6,3,0,1.185,5,0,0,2.085,1,4,20.81,4,1,1,0.959,0.671,1,0,2,0.219,0,5,-0.144,0,5,1.099,1.007,4,5,2,3,0.0,0,3,5,4,5,1.53,3,3,2,0.754,0.0,0
1,5,3,0,4,0,2.517,3,3,3,0.245,4,3,41.17,3,3,2,0.558,0.909,2,0,0,0.651,1,3,0.494,4,5,-0.468,-2.139,0,3,1,6,0.0,5,3,3,2,1,-0.17,6,1,5,-0.891,0.0,0
4,2,1,6,4,0,-2.17,1,0,2,-2.115,2,2,34.38,5,0,1,-3.412,-0.079,0,0,5,-1.7,6,0,-1.493,4,2,-0.309,0.514,4,5,0,0,0.0,1,3,2,6,0,-0.655,4,3,2,-1.419,0.0,0
2,3,3,0,0,0,1.379,1,0,4,1.848,3,5,26.72,4,4,5,-0.179,0.966,3,0,2,-0.494,3,3,-1.465,5,1,0.748,-0.016,5,3,1,4,0.0,0,7,5,7,4,0.164,0,5,0,-0.377,0.0,0
3,6,1,1,2,1,2.247,1,0,1,0.214,4,5,31.94,3,2,1,3.056,-0.133,3,1,1,1.255,1,1,1.305,2,1,-0.268,-0.972,4,1,1,5,0.0,4,4,5,3,2,2.208,3,5,5,1.572,27.54,1
0,4,5,3,2,0,2.253,5,0,5,0.968,4,4,25.11,6,5,5,0.06,1.253,0,1,1,-1.137,1,1,1.551,3,0,1.153,1.143,2,1,2,7,0.0,2,6,3,3,5,0.695,0,0,4,1.246,199.8,1
0,3,5,6,0,0,1.006,1,2,5,-1.103,5,3,24.41,2,3,4,-0.424,-1.455,1,0,0,-5.084,2,4,-3.329,5,3,-0.901,-1.921,3,2,2,1,0.0,5,2,0,6,3,-0.778,3,0,2,-1.894,0.0,0
0,4,5,4,4,0,-0.193,2,0,1,-1.744,1,1,27.99,7,1,5,0.999,0.622,3,0,2,4.909,5,5,0.491,4,1,-0.936,-1.351,0,1,0,3,0.0,2,6,5,7,4,-0.116,4,1,0,0.746,0.0,0
4,6,3,5,4,0,-0.347,2,2,5,-1.158,5,4,23.15,4,2,4,2.158,0.22,4,0,2,-2.055,5,4,-2.965,7,0,-0.519,-2.975,3,1,0,7,0.0,1,2,0,4,7,-1.081,5,1,3,0.077,0.0,0
3,7,1,4,0,0,0.668,4,5,4,0.307,1,7,20.38,5,5,1,2.879,-0.906,0,0,4,-0.726,6,1,0.891,4,0,-0.733,2.461,3,5,0,5,0.0,5,5,0,1,7,0.51,6,0,5,0.447,0.0,0
1,7,3,3,4,0,-1.48,1,2,3,0.574,4,3,26.43,7,4,5,0.524,0.551,3,0,4,2.893,6,4,1.953,7,4,0.78,3.315,2,3,1,5,0.0,5,1,1,3,2,1.238,1,0,3,0.005,0.0,0
0,4,1,5,1,0,2.492,3,1,4,0.05,5,7,37.22,5,1,0,1.977,0.996,2,1,5,-0.504,0,3,3.211,0,3,5.64,-0.469,2,5,5,4,0.0,3,3,4,2,0,0.999,2,0,0,1.469,0.0,1
3,6,5,0,5,0,1.556,1,1,4,-0.345,5,3,18.89,0,5,5,1.771,-0.127,5,0,1,1.494,6,3,0.96,1,0,2.459,-1.416,2,3,4,1,0.0,2,0,4,5,5,0.52,6,5,3,1.051,0.0,0
2,7,1,1,0,0,-0.654,5,3,3,0.342,5,1,25.59,6,2,5,-4.262,-0.903,1,0,3,-2.994,7,2,-4.376,1,5,-3.493,-4.226,4,4,1,7,0.0,3,7,3,1,2,-1.889,1,2,0,-2.381,0.0,0
5,5,3,4,3,0,-1.19,2,4,2,-3.966,3,5,30.49,7,7,4,-1.849,-2.341,3,0,2,-2.068,5,3,2.018,0,3,1.081,3.165,3,4,3,6,0.0,5,3,2,2,4,-0.737,5,3,0,0.104,0.0,0
2,2,5,2,3,1,1.261,5,1,5,0.052,4,2,42.57,3,4,0,1.599,0.912,2,1,2,1.119,4,4,0.43,5,3,1.99,1.635,1,2,5,2,0.0,5,5,4,7,1,1.682,2,3,4,1.677,67.7,1
0,1,0,5,2,0,1.185,5,3,5,-2.067,3,7,33.83,2,3,5,0.653,-0.325,2,0,5,0.211,1,4,-0.837,7,0,-1.867,-0.53,2,4,3,1,0.0,0,7,0,7,2,-0.645,5,4,5,-0.403,0.0,0
2,6,4,7,2,0,0.562,4,3,3,-1.853,5,7,38.1,7,4,3,3.743,-0.907,5,0,4,1.174,0,5,2.224,1,1,-0.685,1.562,3,5,3,5,0.0,0,2,0,2,3,0.043,7,4,4,1.048,0.0,0
0,6,3,7,3,0,-2.882,0,4,1,1.786,3,3,35.01,2,2,3,0.933,0.393,4,0,0,-1.779,6,5,-1.51,0,3,0.6,0.159,5,5,0,4,0.0,3,4,1,0,2,-0.284,7,3,5,-0.49,0.0,0
3,5,4,5,1,0,1.14,4,4,3,-0.234,5,5,34.33,1,2,4,0.843,1.106,5,0,2,2.036,2,4,0.498,3,2,1.144,1.148,5,3,5,6,0.0,4,5,5,7,5,0.558,7,4,1,0.152,0.0,0
1,0,3,0,1,0,-2.518,0,3,4,-2.514,5,6,22.18,0,4,1,-0.494,0.458,4,0,0,-5.244,6,0,0.656,5,0,-0.923,-1.242,0,4,0,0,0.0,4,7,4,7,1,-0.277,1,2,0,-0.231,0.0,0
3,3,1,7,0,0,1.671,5,3,3,0.288,2,5,26.16,6,2,4,1.051,-1.148,0,0,5,1.718,7,2,-0.451,5,3,0.6,-4.47,4,3,5,5,0.0,1,2,3,6,0,-0.83,1,0,0,0.32,0.0,0
3,3,5,2,1,0,-1.205,3,5,2,-0.578,1,4,27.35,2,5,2,0.065,0.527,1,0,0,-3.081,3,0,-3.72,6,0,-1.837,-4.178,5,2,3,3,0.0,2,4,2,0,5,-1.562,3,3,5,-1.934,0.0,0
5,2,5,2,2,0,0.116,1,5,2,-1.829,4,3,27.95,3,6,4,-1.24,1.975,3,0,5,-3.429,3,3,-2.968,2,0,-0.47,0.078,0,0,0,5,0.0,4,7,0,7,7,-1.468,2,0,5,-1.34,0.0,0
5,1,4,6,4,0,-3.646,1,4,3,-2.0,5,1,32.53,4,4,4,0.043,1.413,3,0,5,-5.796,3,4,1.361,7,4,-2.077,-0.991,5,0,2,7,0.0,0,6,3,2,6,-0.942,5,3,1,-1.832,0.0,0
4,4,2,1,0,0,-0.862,3,4,3,-0.747,1,5,28.04,2,5,3,-1.278,1.635,3,0,1,-3.381,2,1,-0.398,5,4,0.31,-3.492,4,4,5,6,0.0,4,1,4,2,2,-0.782,2,5,1,-1.827,0.0,0
3,1,4,5,5,0,2.108,5,1,3,0.885,1,1,40.3,4,1,2,-0.362,1.656,1,1,4,-4.069,5,4,2.786,3,2,-1.345,0.773,1,4,5,7,0.0,4,0,4,2,6,0.89,1,0,3,0.361,75.48,1
2,7,4,6,0,0,-1.417,5,3,4,-1.704,5,1,22.55,6,0,0,-1.856,-1.255,2,0,3,-2.735,2,5,-2.754,5,3,-3.144,-0.743,0,1,5,3,0.0,1,2,0,5,5,-0.732,6,4,5,-0.845,0.0,0
2,3,3,6,0,0,-0.958,1,1,5,-1.002,5,7,40.26,1,0,2,0.996,-0.381,0,0,2,-2.276,1,0,0.482,5,2,-0.448,-0.351,1,2,2,7,0.0,3,2,0,2,1,-0.609,3,3,1,-1.334,0.0,0
0,4,0,2,0,0,0.651,4,1,5,4.192,4,1,22.62,2,7,3,0.673,-1.081,0,0,2,-4.139,7,3,1.916,7,3,1.412,-1.577,0,1,1,4,0.0,5,3,0,3,3,0.404,2,1,3,0.408,0.0,0
1,3,1,5,0,0,-0.404,4,1,2,1.44,4,4,16.44,4,7,4,0.125,-0.95,3,0,3,-3.295,4,5,0.642,4,1,-1.429,-0.539,5,2,5,5,0.0,0,1,2,7,3,-0.11,1,4,0,0.855,0.0,0
1,1,2,2,4,0,-0.82,3,2,2,-1.917,4,6,31.35,3,6,3,-1.748,0.583,2,0,2,-1.374,2,5,-2.302,3,0,-1.265,-2.467,1,0,2,2,0.0,4,7,5,2,5,-1.112,0,5,5,-1.359,0.0,0
3,7,4,2,1,0,-0.349,1,2,3,-5.816,0,7,21.28,6,6,3,-2.847,1.296,3,0,1,-1.923,2,1,-1.35,2,4,-2.261,0.042,4,2,0,7,0.0,2,5,2,5,0,-2.626,0,5,5,-2.497,0.0,0
3,3,2,7,0,0,-0.089,1,0,0,0.655,5,1,20.47,7,4,3,-1.833,-0.065,3,0,4,-2.629,1,5,-0.912,7,0,-1.182,-1.899,5,4,2,3,0.0,3,4,1,2,6,0.164,4,1,4,-0.135,0.0,0
5,3,1,4,1,0,3.748,2,1,5,1.817,2,2,26.81,0,4,0,-0.101,0.556,4,1,0,3.53,1,0,1.785,1,2,0.288,2.38,2,4,4,6,0.0,2,0,3,7,6,1.515,6,0,4,1.691,0.0,1
5,2,5,6,2,0,-0.552,0,1,1,-3.845,2,5,29.35,3,1,4,-1.052,0.956,5,0,2,-3.607,7,5,-0.43,6,4,-0.736,0.757,3,2,3,7,0.0,3,7,3,1,0,-0.852,0,5,3,-0.479,0.0,0
0,5,4,0,1,1,3.641,4,2,1,3.863,1,0,37.35,3,1,4,2.419,-0.842,2,1,5,1.572,1,2,-1.223,2,0,1.237,2.243,3,0,1,6,0.0,3,4,3,0,0,2.575,6,2,5,1.562,60.87,1
4,7,4,5,4,1,1.869,0,0,0,2.305,0,7,39.58,0,2,5,-1.238,-0.276,2,1,5,-0.361,5,3,0.608,2,4,1.129,3.541,2,3,2,4,0.0,2,3,4,6,1,1.211,2,0,2,1.855,0.0,1
0,1,4,4,4,0,0.092,1,2,1,-0.862,0,2,29.3,1,5,4,-1.493,-0.319,2,0,1,-1.557,1,5,-1.368,3,2,-1.111,-1.057,2,0,0,2,0.0,5,0,5,3,2,-0.334,6,2,2,-0.438,0.0,0
4,7,3,3,0,0,-0.411,4,2,4,1.183,5,1,35.07,0,7,1,3.101,0.262,3,1,2,-2.248,3,1,1.27,5,0,-0.864,0.723,1,1,0,2,0.0,0,2,5,6,6,1.131,7,1,5,1.636,210.9,1
5,1,1,0,4,0,1.882,2,5,1,-0.246,1,7,19.18,4,6,2,-1.833,-0.078,1,0,2,1.43,0,4,0.94,1,5,-0.518,-0.118,3,1,4,1,0.0,3,1,5,7,2,0.032,2,1,0,-0.424,0.0,0
4,0,3,5,3,0,0.741,5,1,3,-1.693,3,2,41.19,2,0,1,0.166,0.031,1,0,5,1.112,1,2,-1.082,4,4,-0.181,-0.651,5,4,3,6,0.0,1,2,1,3,6,-1.552,3,5,5,-0.922,0.0,0
2,1,1,5,1,0,0.168,1,2,0,-0.558,5,5,28.01,0,4,2,-0.184,-0.226,2,0,4,1.848,6,0,0.525,1,3,-3.411,-0.874,2,1,5,3,0.0,4,0,4,7,5,-0.08,7,1,2,-0.303,0.0,0
2,3,4,6,1,0,-2.773,1,4,0,-2.82,0,0,26.82,5,3,0,-1.458,0.527,0,0,5,-0.122,5,3,-1.437,5,2,-2.898,-6.001,3,4,4,4,0.0,0,5,3,5,4,-2.196,1,0,0,-1.526,0.0,0
0,7,0,4,4,0,1.861,2,4,3,-0.721,1,7,30.31,1,6,1,-1.534,0.759,2,0,5,1.356,1,4,-0.976,6,1,-0.787,0.301,0,3,5,2,0.0,3,1,1,3,5,-1.287,1,2,5,-0.381,0.0,0
5,0,3,4,3,0,0.572,0,1,1,1.476,2,5,23.89,3,5,2,0.463,0.421,1,0,4,-1.753,4,4,4.514,4,4,3.286,-1.681,0,5,0,6,0.0,0,4,3,7,1,1.352,5,0,3,0.614,0.0,0
5,1,4,5,1,0,0.341,3,4,3,-3.782,4,5,24.83,5,3,0,-1.862,-0.124,2,0,2,0.982,7,0,-0.853,5,2,-2.858,-1.418,1,2,5,2,0.0,0,2,5,1,5,-2.076,0,0,5,-2.131,0.0,0
5,4,1,4,5,0,-1.349,5,2,1,-1.883,0,2,35.24,3,3,3,-1.569,-0.414,5,0,2,2.094,4,0,0.281,3,5,-0.479,1.676,0,2,4,3,0.0,3,7,0,2,6,-1.033,1,4,5,-0.248,0.0,0
0,4,0,3,0,0,1.039,0,2,2,-1.812,1,6,25.5,4,3,1,-0.489,-1.735,3,0,4,-6.245,0,0,-2.736,2,5,0.276,-3.351,5,3,3,1,0.0,3,2,2,4,4,-1.638,7,0,2,-1.857,0.0,0
2,7,1,1,4,0,0.278,1,5,4,2.56,3,3,23.61,4,1,4,0.439,1.451,5,0,5,1.925,3,2,1.243,3,3,-0.256,0.258,1,0,4,0,0.0,3,7,5,6,2,0.038,7,0,0,1.091,0.0,0
5,4,2,3,1,0,-2.652,4,5,1,-2.278,0,4,23.3,5,7,1,-1.554,0.11,0,0,4,1.411,0,1,1.405,5,2,-1.443,-2.268,0,2,1,7,0.0,4,2,2,1,5,-1.098,7,1,4,-1.282,0.0,0
5,4,0,2,5,0,1.688,1,2,4,-1.031,2,7,26.02,2,0,5,2.36,-1.406,4,0,5,-4.088,7,4,-2.318,5,3,-1.05,-3.564,0,3,1,2,0.0,5,0,2,5,1,-0.273,6,0,0,-0.152,0.0,0
1,6,0,1,2,0,-3.071,2,5,4,0.103,4,5,30.15,2,7,3,-1.511,0.272,0,0,0,0.317,1,5,-0.183,4,1,-1.544,-2.353,2,3,3,0,0.0,0,1,1,4,7,-1.241,3,4,0,-0.257,0.0,0
1,0,1,7,4,0,-1.348,1,4,4,0.925,3,6,20.36,6,5,3,-0.06,0.562,4,0,5,-3.993,5,1,-1.18,4,3,-0.188,-1.132,4,0,4,0,0.0,2,5,0,7,7,-2.014,2,4,0,-0.628,0.0,0
4,6,2,4,4,0,0.445,2,1,4,-0.609,1,2,30.53,7,7,4,-1.026,-0.177,3,0,2,-1.013,4,0,-0.366,7,4,0.24,0.368,1,5,0,5,0.0,4,5,5,0,6,0.255,7,2,0,-0.273,0.0,0
5,2,4,3,4,0,-1.318,0,0,5,-1.895,4,2,29.1,4,4,1,-0.46,1.399,3,0,2,1.391,6,1,2.162,1,5,-1.297,0.756,4,0,1,3,0.0,3,1,0,7,1,-0.524,7,3,0,0.267,0.0,0
2,6,1,4,0,0,-1.703,0,1,0,2.528,4,2,24.39,2,0,3,1.493,1.048,2,0,2,-4.158,0,3,-0.37,7,1,-0.268,-0.044,4,3,3,1,0.0,4,4,4,7,5,0.35,6,4,5,-0.164,0.0,0
4,5,1,5,3,0,-0.255,5,0,4,1.554,5,0,30.72,3,7,4,-0.168,0.584,1,0,2,0.973,2,4,1.894,7,2,0.749,-1.194,3,4,1,3,0.0,2,1,3,0,6,1.12,1,4,4,0.653,0.0,0
5,2,2,5,3,0,0.467,0,3,0,2.02,2,7,23.18,2,4,2,-0.142,0.436,2,0,2,2.059,5,5,1.057,2,2,1.161,1.996,1,3,5,7,0.0,4,1,2,1,5,0.65,4,2,4,0.365,0.0,0
1,6,0,2,2,0,-1.013,5,2,2,1.838,1,4,28.1,6,5,4,-0.71,-0.781,0,0,1,-0.552,5,2,-1.7,4,0,2.154,-0.32,3,3,0,0,0.0,5,7,0,1,2,0.172,0,1,5,0.473,0.0,0
5,2,0,2,2,0,0.44,4,5,2,-0.254,0,4,30.99,7,7,3,-1.773,0.97,3,0,3,-1.292,1,2,1.2,5,3,-0.408,-0.949,4,3,1,3,0.0,1,4,3,5,0,-1.066,6,1,3,-0.906,0.0,0
3,5,5,2,3,0,-0.702,4,1,0,1.748,3,3,36.36,3,3,1,-1.009,0.993,5,0,5,-2.246,3,1,-3.766,1,1,-2.211,-0.853,4,3,0,7,0.0,5,3,0,0,1,-0.822,4,5,5,-1.113,0.0,0
4,3,1,5,4,1,-0.94,2,2,0,1.383,2,2,41.83,4,2,5,3.768,-1.298,4,1,2,0.617,7,3,3.815,1,3,1.212,0.577,1,0,1,6,0.0,5,6,5,1,3,0.998,7,5,1,0.887,224.27,1
1,2,4,6,5,0,1.611,4,3,1,-0.83,1,6,23.98,7,0,2,-1.208,0.214,1,0,1,-1.745,6,1,0.742,3,1,-0.745,-0.204,4,1,0,7,0.0,3,7,0,0,6,0.62,2,5,4,0.269,0.0,0
5,7,3,4,3,0,-1.318,1,1,4,-5.747,1,6,23.51,5,2,0,-1.151,2.838,2,0,3,-1.789,6,2,0.757,7,4,-2.759,-1.191,1,4,1,6,0.0,1,1,3,6,0,-1.77,5,4,4,-1.329,0.0,0
3,7,4,7,2,0,1.234,2,3,5,0.06,2,4,18.89,4,7,4,-1.194,-1.76,4,0,2,-3.191,3,5,-0.201,3,0,-1.036,0.498,5,4,3,5,0.0,2,6,4,5,4,-0.306,0,1,2,0.643,0.0,0
2,2,5,1,5,0,-1.446,0,3,2,-0.651,1,0,22.12,4,5,1,2.289,-0.49,2,0,2,-0.614,3,3,3.276,7,0,-1.352,-1.029,5,3,5,7,0.0,2,7,2,4,1,-0.77,3,0,3,-0.571,0.0,0
3,6,4,3,5,0,-0.722,0,3,1,1.739,3,2,28.44,2,3,5,-0.772,0.077,2,0,4,-1.608,3,0,0.595,7,1,-0.515,2.283,3,3,5,5,0.0,2,1,3,1,1,1.222,0,4,1,0.261,0.0,0
0,1,1,5,0,0,1.678,4,1,5,-0.863,1,6,32.52,4,1,3,0.559,0.742,1,1,1,3.714,2,3,-0.891,2,2,2.338,3.451,1,1,0,6,0.0,5,4,0,6,4,2.076,2,2,4,1.418,69.73,1
0,1,3,4,2,0,-0.181,5,0,1,1.527,0,3,38.23,1,6,0,-1.505,0.905,1,0,3,0.159,1,1,-3.386,0,2,-0.005,0.023,3,4,4,1,0.0,5,6,4,0,7,-0.401,1,2,4,-1.127,0.0,0
0,6,4,3,3,0,0.574,0,1,5,-0.381,2,6,23.69,5,3,5,-1.549,-0.432,0,0,5,-2.082,6,0,-3.184,6,2,-0.087,-1.624,0,4,1,1,0.0,5,3,4,7,3,-0.643,4,5,5,-0.808,0.0,0
1,2,4,7,3,0,0.333,5,0,5,-0.668,3,6,27.68,6,2,5,-0.491,0.718,2,0,0,-0.331,0,4,1.076,6,1,1.358,-1.532,1,0,0,5,0.0,1,2,5,1,7,-0.016,7,4,1,0.358,0.0,0
4,2,4,4,3,0,-1.036,4,2,1,-5.325,2,6,29.35,7,0,3,-2.284,0.838,0,0,4,-0.308,1,3,-0.896,4,1,-0.653,-2.487,0,1,4,6,0.0,3,0,2,3,1,-0.988,5,1,0,-0.654,0.0,0
3,0,2,0,4,0,-2.129,1,4,4,-0.737,0,6,31.81,7,2,3,-1.609,0.992,0,0,4,1.658,0,4,-0.696,0,1,0.988,-1.357,5,0,4,2,0.0,2,5,0,7,2,-0.624,0,5,1,-1.085,0.0,0
5,4,0,5,1,0,-0.07,2,4,2,-0.073,1,6,27.04,4,5,3,1.922,0.334,5,0,0,-0.489,7,0,-0.441,3,0,-0.138,-1.976,3,4,1,6,0.0,0,1,2,6,2,-0.626,3,3,3,-0.589,0.0,0
5,4,3,6,1,0,0.818,0,2,0,0.752,3,5,29.08,5,7,1,-0.653,0.604,1,0,5,-2.423,7,2,-2.097,7,4,0.666,1.126,3,0,3,6,0.0,0,1,0,3,7,0.021,5,5,5,0.194,0.0,0
5,7,2,4,5,0,2.651,2,1,0,-1.591,5,6,33.93,0,3,3,0.623,-1.595,2,0,2,-1.171,3,3,1.987,1,3,-0.562,0.792,5,4,0,1,0.0,4,3,4,0,6,0.211,3,1,5,0.093,0.0,0
0,4,5,1,5,0,0.884,5,5,0,1.247,5,5,30.42,6,0,2,4.342,2.301,3,0,3,1.785,5,5,-0.696,0,1,0.175,0.117,0,5,5,3,0.0,1,7,1,6,0,0.569,2,3,5,0.157,0.0,0
5,5,0,3,2,0,-1.025,2,3,5,-0.827,2,0,31.77,6,1,3,-0.109,0.795,4,0,5,2.107,2,0,-2.606,0,1,-1.745,-3.64,3,1,4,4,0.0,2,3,0,4,7,-0.944,3,3,1,-1.278,0.0,0
3,7,5,4,3,0,-0.993,0,2,1,1.955,5,0,33.68,7,7,4,-1.153,-1.121,4,0,5,-1.264,3,5,0.177,5,5,0.526,1.197,5,4,3,7,0.0,5,1,1,4,3,0.32,6,0,1,0.244,0.0,0
0,2,2,6,1,0,3.49,4,3,5,1.418,1,1,31.72,4,5,0,2.024,0.477,2,0,5,1.298,7,5,2.012,3,2,2.1,0.777,1,5,4,7,0.0,4,2,3,3,7,0.787,4,4,5,0.957,0.0,0
1,7,2,4,4,0,-0.78,0,0,2,-2.432,4,6,30.5,4,1,3,-1.634,0.428,4,0,0,1.245,5,0,0.615,5,0,-1.315,-2.912,5,0,5,3,0.0,2,5,1,5,6,-0.414,6,0,5,-0.965,0.0,0
2,6,4,0,3,0,-2.517,1,4,2,0.197,5,0,28.98,4,7,4,0.741,0.127,4,0,3,-0.794,6,5,-0.082,0,5,-0.255,-0.268,0,3,5,5,0.0,0,0,2,5,3,-0.084,3,3,0,-1.544,0.0,0
0,4,1,4,2,0,1.912,2,1,2,0.941,0,1,41.13,1,4,4,-0.473,-0.581,0,0,3,-3.516,4,2,-1.376,5,1,1.311,-0.131,3,0,2,0,0.0,4,4,0,4,4,-0.888,2,3,0,-0.402,0.0,0
3,6,4,7,2,0,2.124,3,5,3,1.138,2,2,36.42,5,3,1,0.047,-0.633,2,0,0,-0.25,5,5,-0.188,5,4,1.804,0.431,5,4,2,4,0.0,2,2,0,4,1,0.962,5,5,1,-0.074,0.0,0
1,7,1,6,3,0,0.659,1,1,0,1.943,0,7,32.58,2,1,4,0.544,1.794,4,0,0,1.687,5,4,-0.398,3,5,0.91,-4.007,3,4,2,6,0.0,4,6,2,6,2,-0.378,0,3,2,1.204,0.0,0
0,7,0,2,0,0,2.017,2,3,2,-1.028,1,6,30.41,1,1,2,2.426,-1.641,2,0,3,-4.779,0,4,1.078,0,5,0.71,3.312,3,2,3,0,0.0,0,3,2,4,2,1.641,7,1,0,0.101,0.0,0
4,0,2,7,5,0,0.153,3,1,1,2.479,1,6,23.08,2,1,3,0.03,1.247,1,0,1,3.036,6,2,-1.799,3,0,-1.922,-0.074,2,5,3,1,0.0,4,0,3,0,4,0.103,5,5,3,0.456,0.0,0
4,0,3,0,0,0,-0.517,3,1,3,1.404,5,1,29.22,3,1,4,0.728,1.386,4,1,3,-0.962,3,4,4.465,4,2,1.171,-1.814,3,3,3,0,0.0,0,0,4,7,7,0.788,0,4,3,0.866,124.14,1
4,5,1,5,3,0,0.335,1,1,3,2.527,3,2,31.56,4,1,1,3.17,0.103,2,0,3,3.975,5,2,0.318,6,3,-0.695,0.3,5,1,1,6,0.0,5,1,3,2,6,-0.173,3,2,2,-0.678,0.0,0
5,6,3,2,4,0,0.54,4,5,3,-5.168,1,2,29.44,6,6,0,-1.53,0.326,5,0,1,1.775,0,5,-1.201,3,0,-1.921,-0.406,4,0,4,1,0.0,1,4,5,6,4,-1.059,5,3,5,-0.834,0.0,0
2,7,5,5,0,1,2.592,3,3,4,0.792,2,0,36.32,6,6,5,0.907,0.385,1,1,1,-0.905,0,3,0.123,6,4,1.549,2.079,1,5,2,5,0.0,5,5,3,0,4,1.484,5,5,2,1.221,147.77,1
0,4,1,4,5,1,1.947,4,5,5,1.167,4,3,37.35,4,5,1,1.9,1.066,0,1,3,1.337,0,3,1.258,1,2,3.083,-0.776,0,5,5,2,0.0,4,0,2,1,6,0.88,4,4,2,1.349,165.51,1
4,6,1,1,0,0,0.58,0,3,4,-2.49,0,5,22.05,6,0,3,1.974,0.356,2,0,1,0.665,5,3,-2.754,2,2,0.528,2.871,5,5,0,3,0.0,5,7,0,7,5,-0.285,2,2,5,0.235,0.0,0
4,6,5,5,5,0,-0.11,3,2,4,-1.007,0,4,33.85,4,7,4,-1.327,0.501,0,0,0,-2.052,5,5,-2.728,3,2,-0.171,0.713,3,2,4,3,0.0,1,6,5,0,2,-1.18,3,4,1,-0.983,0.0,0
2,1,2,7,3,0,-1.197,2,5,5,-2.52,5,1,35.11,5,5,1,-4.475,1.2,2,0,0,-2.73,6,4,-1.418,2,0,-2.674,-0.944,4,3,2,2,0.0,0,1,3,7,1,-1.008,5,5,4,-1.267,0.0,0
2,3,1,5,1,0,-1.366,1,5,0,-0.925,2,7,38.4,6,5,4,-1.504,0.861,3,0,0,-3.826,6,3,-2.975,7,4,-1.241,0.321,1,2,3,2,0.0,1,3,2,2,5,-1.303,2,3,1,-1.119,0.0,0
4,6,0,2,1,1,0.818,1,2,4,-0.284,4,0,47.78,3,5,1,2.178,-0.494,4,0,5,1.636,5,0,1.168,7,3,0.638,1.403,4,3,0,7,0.0,5,1,1,3,2,0.282,7,1,0,1.958,148.52,1
0,1,4,2,1,0,-0.65,4,2,5,1.038,3,7,21.09,7,6,5,-1.235,-0.166,3,0,2,1.639,6,3,-1.086,4,4,0.586,-0.619,1,1,0,1,0.0,5,4,2,2,0,-0.029,7,2,0,-0.08,0.0,0
2,4,1,0,3,0,-1.363,0,4,3,1.219,5,0,40.96,0,6,1,-1.786,0.964,4,1,3,-3.138,0,4,3.584,4,5,1.021,1.677,4,0,4,4,0.0,5,6,1,1,1,0.678,0,3,4,1.143,131.3,1
5,5,3,6,2,0,-1.724,1,2,0,-1.158,1,7,25.95,4,6,2,-1.824,-1.426,3,0,4,-0.877,4,1,-4.484,2,5,-1.757,-3.283,2,3,0,0,0.0,3,6,1,6,5,-1.237,2,4,2,-0.71,0.0,0
1,7,2,0,1,0,0.864,0,5,4,-1.003,4,5,27.28,5,1,2,-0.062,0.647,5,0,3,-1.713,5,3,-0.951,5,5,0.017,-1.453,1,5,3,7,0.0,2,1,5,6,6,-0.058,3,1,1,0.028,0.0,0
3,1,1,3,3,0,1.318,0,3,0,2.407,0,3,35.95,4,7,4,0.414,-0.068,0,1,0,1.893,7,0,1.17,7,3,0.472,1.484,4,2,4,4,0.0,2,4,4,0,5,0.561,1,1,3,0.401,222.92,1
0,2,5,4,2,1,-1.341,4,4,1,2.268,1,7,38.08,4,7,3,4.242,-0.304,1,1,4,1.541,0,1,-0.11,3,4,1.544,-1.857,4,1,5,6,0.0,1,1,5,4,1,2.089,6,4,1,0.979,87.55,1
1,2,0,4,5,0,-0.513,4,5,0,1.414,5,5,34.33,6,7,1,3.131,1.124,0,1,4,-0.193,0,1,0.178,4,4,0.077,0.986,0,5,4,1,0.0,2,1,1,0,4,0.619,0,4,5,0.67,0.0,1
4,1,0,3,0,1,3.42,0,4,5,-0.384,2,6,37.7,1,5,0,2.251,0.882,4,1,2,-2.18,5,4,2.709,0,2,0.524,2.114,2,3,3,1,0.0,5,1,0,6,3,1.784,1,1,0,1.613,0.0,1
3,7,3,7,5,0,-0.403,2,0,2,0.322,1,5,39.27,0,5,5,1.284,0.586,2,1,3,-0.605,5,2,2.24,4,3,2.861,0.654,1,0,4,2,0.0,1,7,4,4,1,1.151,6,5,4,1.223,21.81,1
3,4,4,4,1,1,1.947,1,2,5,1.881,5,6,28.07,1,3,1,0.146,-0.891,5,0,4,0.367,2,4,-2.899,5,4,-0.304,2.795,5,5,0,7,0.0,2,0,2,0,1,0.542,4,5,1,0.778,97.27,1
3,6,3,7,2,0,-2.766,2,4,5,-4.702,1,5,28.82,3,0,4,-3.942,-1.797,3,0,5,-2.148,1,3,-5.801,7,1,-2.204,-3.133,2,3,1,2,0.0,2,0,2,3,5,-3.328,7,1,2,-3.162,0.0,0
0,3,4,6,4,0,-2.849,1,3,5,-2.85,2,2,26.0,0,1,1,-2.568,0.915,3,0,2,0.35,4,5,0.711,2,0,-1.466,-1.643,1,3,3,4,0.0,5,0,5,3,6,-0.48,5,4,0,-1.2,0.0,0
4,3,5,4,1,0,-0.269,3,0,0,-1.475,2,6,15.9,6,2,2,-1.092,0.872,3,0,0,-3.524,2,3,-3.107,2,4,-1.047,0.082,1,5,1,1,0.0,3,4,5,1,2,-1.527,3,3,4,-1.757,0.0,0
4,2,2,0,4,0,-2.188,2,1,4,-1.479,0,2,21.98,7,0,1,-3.534,-0.774,0,0,2,-0.2,6,0,-1.6,0,2,0.531,-3.093,5,4,0,0,0.0,1,6,2,6,7,-1.129,7,0,1,-1.004,0.0,0
1,1,2,0,1,0,-1.94,5,1,1,0.397,2,4,25.3,7,6,0,-0.688,0.411,2,0,2,1.781,5,2,-2.028,2,0,-0.043,-0.621,3,1,2,3,0.0,3,3,5,2,2,-1.134,3,5,3,-0.735,0.0,0
0,6,4,3,1,0,-0.788,5,3,4,-3.012,1,4,32.39,6,2,5,-1.125,1.824,5,0,0,-2.12,0,3,1.354,4,4,-1.069,-1.93,5,0,5,5,0.0,1,1,4,5,6,-1.563,0,0,4,-0.896,0.0,0
2,6,0,4,5,0,2.527,0,5,4,-1.117,5,0,19.23,5,7,5,1.968,-1.323,3,0,4,3.525,0,4,0.223,6,4,0.091,1.83,0,2,5,0,0.0,5,6,5,5,0,1.881,7,1,1,2.291,0.0,0
5,2,4,4,0,1,3.228,0,1,4,-0.2,3,0,37.46,4,1,3,1.957,0.427,2,1,0,6.377,0,2,2.12,4,2,1.155,5.555,1,1,4,0,0.0,2,0,5,6,2,2.467,3,1,2,2.481,40.68,1
5,4,2,3,4,0,-2.976,4,5,4,0.084,0,0,35.0,2,4,4,1.463,1.15,2,0,5,-0.17,7,2,-1.05,6,3,-2.201,-1.992,5,1,2,1,0.0,1,1,5,5,5,-0.896,7,4,2,-0.603,0.0,0
0,2,2,5,1,0,0.259,1,5,5,-0.881,4,1,19.23,4,0,5,-0.705,0.356,2,0,1,-0.734,6,4,2.813,6,2,0.196,1.626,0,0,4,3,0.0,3,2,3,0,7,-1.305,5,1,2,-1.431,0.0,0
1,0,2,6,4,0,1.522,5,2,2,1.117,0,1,31.77,1,5,0,1.195,0.619,0,0,1,3.931,7,3,3.508,5,0,-0.195,1.276,4,1,5,5,0.0,0,5,5,1,6,0.921,7,0,4,0.66,0.0,0
2,2,5,1,3,0,-2.278,3,5,3,1.471,5,1,28.88,0,3,0,-0.083,-1.36,4,0,5,0.985,3,0,1.168,5,1,-0.134,0.345,4,5,3,2,0.0,5,6,0,0,7,-0.413,4,5,1,0.069,0.0,0
0,7,3,0,1,0,3.642,4,3,1,0.805,0,5,20.97,6,5,1,1.755,-0.363,2,0,2,1.668,0,0,0.044,2,3,1.3,-0.161,2,0,4,4,0.0,5,4,2,1,3,1.071,3,4,4,1.76,0.0,0
1,6,4,0,4,1,1.711,1,0,0,0.947,5,0,35.69,2,3,0,-1.136,0.82,5,0,0,-0.867,4,4,0.835,3,0,1.036,0.934,2,4,0,7,0.0,2,3,4,3,4,0.663,7,4,2,0.879,0.0,1
1,0,4,2,0,0,-2.76,5,3,4,1.15,2,5,31.11,2,4,3,-0.255,-0.188,2,0,3,-1.261,1,2,-1.846,1,2,-1.316,-1.452,4,2,1,3,0.0,1,3,3,6,6,-0.395,0,4,0,-0.73,0.0,0
3,3,4,5,5,1,2.9,4,2,2,1.031,5,6,34.56,5,5,5,4.982,-0.787,3,1,0,3.419,7,4,-0.281,2,4,2.568,3.678,5,4,1,5,0.0,0,5,1,7,1,2.404,0,2,5,2.184,225.63,1
2,5,5,5,3,0,-0.104,5,1,5,1.602,0,2,31.56,0,4,5,-0.554,-0.452,5,0,4,1.083,6,4,1.849,0,0,1.62,1.693,2,1,5,2,0.0,5,2,1,3,6,0.473,1,4,4,0.855,0.0,0
0,5,2,3,0,0,3.359,4,2,3,-1.142,1,4,23.42,5,6,3,-0.995,-0.793,4,1,3,1.735,1,0,2.963,6,4,1.022,0.029,1,1,4,1,0.0,0,3,0,3,3,0.318,2,3,4,0.571,185.35,1
2,5,4,2,4,0,-0.857,1,5,5,0.265,3,3,42.07,1,1,5,0.626,-0.341,0,0,2,2.984,6,1,5.648,2,0,0.757,1.532,5,3,3,6,0.0,4,4,4,7,5,0.488,3,0,3,0.971,0.0,0
4,5,4,4,2,1,-0.071,4,1,4,2.043,5,2,42.12,7,2,0,2.08,-0.167,3,0,0,1.326,7,2,2.315,4,1,1.818,0.763,2,1,2,7,0.0,4,5,0,5,7,1.127,2,4,0,1.145,105.81,1
2,4,4,1,3,0,-3.03,5,2,2,-0.599,1,7,22.62,4,2,2,-1.273,0.077,5,0,3,-0.401,6,0,-0.922,5,4,-0.802,-1.231,3,3,4,2,0.0,3,3,3,4,5,-0.503,2,0,1,0.207,0.0,0
0,5,2,6,0,0,-1.219,5,0,0,-1.072,0,2,34.97,1,1,3,-1.395,1.265,1,0,4,-0.42,5,4,-1.7,4,1,-2.37,-3.276,3,1,0,0,0.0,3,0,4,1,3,-0.366,1,4,2,-0.849,0.0,0
4,3,4,2,3,0,0.445,1,1,2,0.729,1,0,29.7,3,4,1,1.429,-0.037,1,0,0,1.972,4,4,-0.653,0,1,-0.248,1.351,0,1,5,2,0.0,1,5,1,0,4,-0.325,0,0,5,0.126,0.0,0
3,3,2,0,4,0,-2.999,4,2,1,-4.566,0,7,28.73,5,6,3,-2.492,0.339,4,0,2,-1.72,3,0,-3.461,2,5,-3.52,-2.724,1,5,5,2,0.0,5,4,4,6,4,-2.104,0,2,4,-2.41,0.0,0
5,2,4,3,2,1,3.191,1,0,1,2.647,1,0,33.97,5,0,4,1.135,0.932,1,1,1,4.49,3,4,3.59,7,3,0.504,3.855,0,4,1,7,0.0,2,1,1,7,5,2.219,0,2,4,2.982,239.47,1
1,4,4,3,2,0,-0.037,5,5,4,-0.829,1,2,29.43,2,0,5,1.178,-0.018,4,0,0,2.88,3,0,3.531,7,5,0.431,-1.285,3,5,2,7,0.0,5,2,2,7,6,0.739,7,3,3,0.856,0.0,0
4,2,3,6,3,0,-1.912,3,5,1,-4.807,2,6,28.55,1,5,2,0.704,2.484,4,0,0,-6.253,2,3,0.338,5,2,-2.111,-2.066,2,1,5,4,0.0,5,6,1,3,3,-1.912,1,3,0,-1.387,0.0,0
4,3,2,3,0,1,0.482,1,5,0,2.686,0,2,44.92,0,1,2,-0.329,-1.18,0,1,3,4.329,0,3,-1.833,3,2,-2.184,1.424,1,3,0,1,0.0,0,1,5,6,3,0.07,5,1,0,1.592,56.45,1
1,5,3,1,5,0,1.089,3,5,0,0.629,2,2,24.18,7,6,1,-0.509,-0.377,5,0,4,3.914,1,3,-0.292,5,3,-1.213,1.821,3,2,1,3,0.0,0,3,4,4,6,0.201,5,0,0,0.391,0.0,0
2,5,5,7,1,0,-0.814,5,5,0,0.265,2,5,33.78,0,2,0,-1.19,-0.563,1,0,1,0.273,6,3,1.708,0,1,1.568,0.406,5,4,1,4,0.0,1,3,1,1,3,-1.977,7,0,5,-1.269,0.0,0
2,4,3,5,4,0,-1.374,2,3,2,-3.606,0,0,24.19,6,4,5,-4.293,0.356,4,0,3,1.666,7,3,-1.642,7,2,1.569,-3.096,5,4,3,6,0.0,1,1,5,3,0,-0.87,6,4,4,-1.58,0.0,0
1,7,3,7,4,0,-0.383,4,0,1,0.027,1,2,21.77,1,6,3,-3.943,0.056,0,0,5,1.197,2,4,-4.715,4,0,-1.02,-1.788,5,2,1,7,0.0,2,3,4,0,4,-0.85,2,4,0,-0.916,0.0,0
2,2,0,4,5,0,-2.604,1,3,1,-0.564,3,5,28.58,7,4,2,-5.117,-0.243,2,0,4,3.277,6,5,0.916,0,1,-3.29,-0.789,2,2,2,2,0.0,5,2,5,6,1,-1.24,6,1,2,-0.766,0.0,0
2,6,4,7,4,0,1.098,0,0,4,0.988,2,0,28.34,5,1,1,0.629,0.975,0,0,5,4.104,1,4,1.408,6,2,-1.488,-0.242,5,0,4,0,0.0,2,7,1,4,7,-0.149,4,5,5,0.095,0.0,0
0,2,0,4,0,0,1.423,5,1,1,2.465,0,1,31.06,3,7,1,2.777,-1.733,1,0,3,3.106,6,5,2.103,4,3,0.348,-0.264,2,4,2,1,0.0,4,5,0,2,0,1.714,5,2,0,0.345,0.0,0
1,5,4,6,5,0,2.266,4,0,2,-2.471,0,2,33.75,0,2,3,1.281,-0.659,0,0,0,-0.836,2,4,0.994,3,4,-0.744,0.532,2,5,3,5,0.0,4,4,2,5,1,1.003,0,0,0,0.337,0.0,0
4,2,5,4,4,0,1.223,3,3,5,1.503,4,3,29.47,0,5,5,-3.556,-0.972,0,0,5,4.245,3,5,-0.689,2,1,-2.412,-1.367,2,4,2,6,0.0,5,0,1,4,6,-0.599,0,1,5,0.345,0.0,0
0,1,1,4,1,0,-0.471,3,5,5,0.293,5,4,32.73,1,4,0,-2.296,1.56,0,0,1,-2.17,1,5,-2.531,4,3,-0.907,-2.801,0,1,4,4,0.0,4,7,4,3,0,-2.744,5,0,5,-1.495,0.0,0
2,3,5,3,0,0,-0.056,2,3,1,-0.405,2,1,39.01,1,2,0,0.378,-0.1,5,0,0,2.281,7,0,-2.45,0,1,-2.334,2.519,2,3,3,3,0.0,0,0,5,5,2,-0.014,2,3,1,-0.313,0.0,0
3,5,4,2,1,0,-0.199,3,5,3,-0.838,1,1,43.05,2,2,4,2.696,0.509,0,0,3,-4.782,1,0,-0.695,1,3,2.783,0.229,4,5,1,4,0.0,5,5,2,3,7,1.478,0,4,5,0.449,0.0,0
4,5,5,6,4,0,2.436,1,2,0,-0.404,1,3,20.27,4,5,2,-2.737,0.098,2,0,5,-4.732,0,0,-0.908,1,1,1.899,-0.155,3,0,0,5,0.0,5,5,4,1,2,0.439,0,1,1,0.22,0.0,0
4,7,3,4,4,0,-1.553,3,1,0,-0.034,5,1,32.3,7,5,2,-0.167,-0.316,5,0,5,1.973,6,3,-1.326,1,2,-1.121,-2.061,1,0,5,3,0.0,5,2,0,6,2,-0.525,4,1,2,-0.624,0.0,0
4,6,1,0,0,0,-1.915,5,5,2,-0.286,5,0,19.56,2,1,4,-2.223,-1.197,5,0,3,2.27,4,1,-3.57,7,4,0.038,-1.81,4,3,1,1,0.0,3,4,2,3,3,-1.15,7,1,4,-0.932,0.0,0
1,0,2,3,5,0,-0.494,3,0,1,0.799,5,3,22.71,2,0,0,2.414,0.716,2,0,0,0.134,2,0,-1.447,6,1,0.062,0.286,1,4,0,7,0.0,3,1,0,6,1,0.319,0,2,1,0.444,0.0,0
1,7,1,7,0,1,1.099,5,5,3,0.909,1,1,43.94,5,4,5,-0.258,2.646,5,0,3,-0.235,6,5,0.901,5,2,0.562,3.258,0,5,4,1,0.0,4,5,2,6,5,1.539,6,1,4,0.42,148.48,1
1,2,4,5,5,0,1.465,3,2,2,-0.386,3,4,38.02,2,5,1,1.106,3.068,3,1,1,2.365,7,5,-0.301,5,2,0.208,2.773,3,3,1,3,0.0,5,4,3,6,3,0.191,4,0,1,0.636,48.76,1
2,0,0,5,2,0,-0.068,1,4,3,2.016,1,2,31.93,6,6,4,-1.84,-0.325,3,0,3,1.944,6,5,-1.009,0,1,0.344,0.737,2,3,5,1,0.0,0,3,1,5,3,0.564,6,0,5,0.004,0.0,0
2,5,4,6,5,0,0.032,3,0,1,-2.446,5,0,27.41,1,4,0,-2.331,-0.945,0,0,2,-3.05,7,4,-2.718,0,0,-0.672,-2.39,0,0,0,4,0.0,2,0,1,6,4,-1.579,3,0,3,-0.908,0.0,0
5,0,3,2,5,0,-1.255,5,1,2,-0.562,0,1,28.38,5,5,2,-2.135,0.374,3,0,1,-0.075,1,3,2.549,2,1,-1.997,1.573,0,1,2,5,0.0,2,7,4,1,7,-1.199,5,2,4,-0.501,0.0,0
0,2,3,0,1,0,0.982,3,0,0,3.034,4,5,38.79,4,3,4,-2.745,-2.507,3,0,5,-0.093,5,0,3.02,7,5,0.748,1.248,0,5,1,3,0.0,2,3,3,1,6,0.089,7,1,1,0.17,0.0,0
0,4,1,7,1,0,1.397,1,0,3,-0.153,0,0,31.29,5,0,2,-0.773,-2.229,2,0,3,2.266,3,4,-2.003,7,5,-0.123,-1.125,2,5,2,4,0.0,0,5,1,6,6,-0.679,3,4,2,0.304,0.0,0
2,5,4,1,1,1,1.107,3,2,2,3.12,5,7,38.44,1,5,5,0.627,0.055,3,1,0,3.318,1,5,1.425,6,2,4.153,-0.157,3,2,3,7,0.0,3,7,1,5,0,1.549,6,1,0,0.926,181.79,1
3,7,4,1,4,0,-1.53,4,0,3,2.038,5,1,17.73,6,2,2,0.373,-0.68,4,0,0,-1.151,3,0,0.567,3,2,0.496,-0.897,2,3,4,5,0.0,5,5,3,2,1,-0.205,5,3,2,-0.039,0.0,0
4,1,5,7,4,0,0.389,4,0,5,-1.02,1,5,23.85,2,3,5,-2.775,1.737,5,0,3,-2.352,6,4,-0.52,3,2,0.092,-0.639,3,5,3,6,0.0,2,6,0,1,3,-0.522,5,1,2,-0.86,0.0,0
5,3,0,6,3,0,1.701,3,2,1,3.001,3,5,30.94,0,2,4,2.437,0.699,0,1,1,1.983,0,2,0.597,4,3,1.192,0.505,3,2,4,0,0.0,4,1,0,0,2,1.28,2,3,3,0.732,214.57,1
0,5,1,7,3,1,-1.292,3,2,2,-0.207,2,6,42.76,5,4,4,1.558,0.793,5,1,4,2.224,1,3,0.239,1,4,1.772,0.559,0,5,0,6,0.0,2,4,2,4,5,0.624,2,0,2,0.731,214.04,1
3,3,5,3,1,0,1.024,0,4,5,2.09,0,1,38.12,2,4,0,0.217,1.389,0,0,1,-1.755,2,0,0.924,7,4,-1.329,-0.252,0,3,5,2,0.0,2,2,2,5,4,0.974,6,0,3,0.245,0.0,0
0,6,5,3,3,0,1.293,1,3,0,-1.361,0,4,31.54,2,3,5,-2.477,-0.442,0,0,5,-2.206,4,5,1.762,3,5,-3.07,0.084,0,5,2,7,0.0,0,5,5,7,0,0.349,7,0,4,0.103,0.0,0
2,5,1,1,1,0,-0.768,2,0,0,-2.242,0,3,24.28,6,5,3,0.535,1.622,5,0,3,-3.529,5,2,-0.126,6,2,-3.01,-2.268,0,2,3,3,0.0,5,2,1,3,0,-1.695,3,3,2,-1.196,0.0,0
2,7,3,4,1,1,2.411,0,5,4,2.087,2,0,41.99,3,7,1,3.211,-0.815,0,1,0,4.273,6,3,0.886,3,2,2.183,2.422,1,2,1,5,0.0,4,4,5,4,3,1.652,3,0,2,2.576,138.75,1
3,4,5,7,5,0,0.872,2,4,3,1.783,3,2,31.13,4,6,0,-1.523,0.24,3,0,1,1.096,7,4,2.496,4,0,1.07,0.202,5,1,3,0,0.0,2,7,1,4,3,0.355,2,4,5,-0.321,0.0,0
3,3,0,2,0,0,-1.803,5,5,2,0.225,5,7,27.57,4,7,1,-1.493,-0.119,1,0,1,3.001,7,3,-0.057,7,0,-0.084,2.069,5,0,4,6,0.0,5,1,5,3,5,0.403,4,3,5,-0.397,0.0,0
3,6,2,1,1,0,1.005,3,0,0,0.914,3,7,27.36,3,0,4,1.223,0.138,1,0,1,1.959,0,4,1.409,5,0,1.513,-0.778,3,4,1,6,0.0,4,0,2,6,7,1.225,2,2,1,1.86,0.0,0
4,5,1,6,4,0,1.272,0,5,1,-1.528,2,7,31.43,3,0,3,1.189,-0.192,4,0,3,0.402,3,2,1.15,6,1,-1.842,1.986,5,5,1,0,0.0,3,1,3,5,1,0.437,6,1,0,0.117,0.0,0
5,3,3,2,2,0,-1.668,2,3,4,1.03,5,1,23.23,7,6,0,-2.474,0.442,0,0,1,2.028,0,1,0.659,0,3,1.329,-0.788,1,2,0,0,0.0,5,7,1,5,6,-0.273,6,1,2,0.193,0.0,0
2,6,0,0,1,0,-2.199,0,0,3,-4.364,3,0,24.86,2,0,2,-1.393,-0.885,4,0,2,-1.283,4,3,-0.505,5,4,-2.23,-0.325,1,3,2,6,0.0,3,1,4,6,6,-1.327,5,2,1,-1.32,0.0,0
4,2,1,0,5,0,-0.948,3,2,1,-0.035,4,2,20.21,3,0,5,-1.604,-0.351,5,0,0,-2.045,6,4,2.22,5,0,1.909,-0.869,5,1,1,5,0.0,4,0,3,5,7,0.602,7,5,0,0.583,0.0,0
2,6,3,0,0,0,-3.246,5,1,5,-0.531,0,6,34.72,2,3,5,-1.185,0.904,5,0,5,-3.389,2,0,-2.288,6,4,-0.43,-0.204,1,5,2,0,0.0,2,7,5,1,4,-2.009,2,4,0,-1.321,0.0,0
1,2,1,3,5,0,1.459,1,5,0,-1.376,1,6,28.43,6,1,4,-0.515,-0.754,3,0,0,1.566,3,0,0.245,0,3,-1.923,-1.329,0,0,4,5,0.0,0,2,4,3,5,-1.216,2,0,3,-1.573,0.0,0
5,3,1,3,4,0,-0.509,1,2,4,1.492,3,4,35.11,4,2,5,2.909,0.333,0,0,4,0.149,2,1,-0.98,6,5,0.707,0.526,3,2,1,5,0.0,1,0,2,1,3,0.659,3,5,1,0.586,0.0,0
1,3,0,7,0,0,-0.576,1,0,4,-2.246,4,0,26.69,4,6,1,0.718,-1.454,1,0,4,-7.497,5,4,-1.338,6,1,-2.825,-0.171,4,0,5,6,0.0,2,1,3,1,3,-0.48,7,4,1,-0.086,0.0,0
3,1,2,5,0,0,-0.559,0,1,4,-2.665,3,2,28.59,3,5,3,0.657,-0.382,3,0,1,-3.602,6,0,-1.429,6,2,-2.729,-2.741,5,2,0,4,0.0,3,2,2,5,7,-1.148,5,3,5,-1.327,0.0,0
5,3,2,1,5,0,0.476,2,5,2,-0.539,0,3,32.65,0,5,0,0.621,1.741,1,0,3,-3.726,4,1,-0.904,0,5,0.48,-0.196,5,2,5,3,0.0,0,4,0,7,0,-1.059,5,2,5,-1.208,0.0,0
3,0,0,0,2,0,0.621,5,1,0,1.699,0,6,34.65,6,3,3,1.66,0.159,0,1,3,0.496,0,2,2.762,0,1,-0.803,0.862,1,4,0,2,0.0,1,0,0,1,5,0.898,0,3,0,0.154,56.82,1
3,2,2,7,0,0,-1.897,3,2,1,2.161,1,0,34.51,5,2,4,-1.979,-0.921,1,0,0,2.238,0,0,-0.576,6,1,-1.79,2.123,1,4,3,3,0.0,5,0,1,3,1,-0.568,3,2,3,0.061,0.0,0
2,3,3,0,5,0,0.112,3,1,1,-0.966,4,2,20.05,7,1,2,-2.109,-1.244,1,0,2,-4.397,7,2,-0.548,0,4,-4.456,-0.901,2,2,5,7,0.0,3,6,2,7,1,-1.389,4,5,5,-0.468,0.0,0
2,7,2,3,2,0,-2.991,1,5,3,2.704,4,2,34.81,3,1,4,-0.947,-0.905,1,0,0,-1.261,2,5,0.349,1,1,-0.969,-2.051,0,4,1,2,0.0,3,3,1,5,3,-0.423,7,1,1,-0.774,0.0,0
0,6,2,7,4,0,-1.682,4,1,3,-3.985,4,5,31.14,3,7,0,-0.353,0.093,5,0,3,-0.342,3,5,-1.776,1,5,1.012,-2.758,4,3,4,7,0.0,4,3,0,2,0,-1.484,6,0,3,-1.125,0.0,0
2,0,2,1,3,0,-0.135,1,0,1,-0.925,1,4,33.71,0,3,1,-1.619,-0.522,5,0,3,0.728,4,5,-2.436,6,1,-2.362,-0.623,3,3,0,5,0.0,1,2,3,2,1,-1.313,6,2,1,-0.889,0.0,0
4,5,0,5,5,0,0.854,5,5,5,2.351,1,0,25.49,6,1,3,0.205,-0.318,3,0,5,1.743,1,5,-0.256,1,4,-1.826,0.261,3,4,2,3,0.0,4,5,4,5,4,-0.413,0,4,5,-0.668,0.0,0
5,7,4,4,3,0,-3.579,1,5,2,-1.514,3,7,36.12,1,0,1,-4.565,0.519,1,0,0,-1.953,4,2,-0.137,4,1,-0.41,0.143,1,2,5,0,0.0,1,6,1,0,5,-1.428,3,1,4,-1.234,0.0,0
4,0,1,4,2,0,-2.051,2,4,5,0.982,3,2,35.93,7,3,4,-3.984,1.534,3,0,3,-2.15,5,5,1.02,7,3,-0.766,-1.638,5,1,5,6,0.0,0,2,2,7,6,-0.791,5,0,0,-0.043,0.0,0
4,0,1,7,5,0,-0.164,1,0,3,-1.46,2,5,21.2,4,7,2,0.092,0.411,5,0,1,0.709,2,2,0.268,3,4,-0.054,1.45,2,3,0,2,0.0,4,7,4,7,6,0.766,5,1,1,0.563,0.0,0
4,6,4,1,4,0,-1.01,0,2,0,-1.065,5,4,30.4,1,6,0,-2.724,0.987,3,0,3,-2.873,2,1,0.334,5,1,-0.373,-0.819,2,1,4,1,0.0,1,5,0,7,0,-0.743,2,1,3,-1.475,0.0,0
4,6,0,7,3,1,2.372,0,0,2,-2.073,4,7,37.23,0,2,2,2.82,0.006,5,1,1,4.326,5,3,-1.448,0,4,1.176,-0.056,2,2,0,4,0.0,2,3,3,4,0,0.233,7,0,4,1.434,0.0,1
3,6,0,5,4,0,1.312,1,3,1,-1.74,2,4,22.46,4,4,0,-0.819,0.28,3,0,0,-1.074,7,1,1.118,3,0,0.131,-0.443,2,5,0,4,0.0,4,0,5,3,2,-0.335,1,4,0,-0.525,0.0,0
0,7,5,0,3,0,-0.585,4,0,5,0.95,0,0,25.34,4,1,1,1.494,-0.224,2,0,0,-0.601,7,0,-0.484,5,3,-1.201,-2.901,3,2,2,7,0.0,3,0,5,1,4,-0.693,1,1,0,-0.385,0.0,0
1,6,2,7,2,0,-0.639,2,3,1,2.47,5,0,25.23,3,7,5,-1.863,-0.889,1,0,5,0.545,4,5,0.753,1,3,-0.764,1.663,1,4,3,0,0.0,3,0,3,6,3,0.516,0,5,4,0.144,0.0,0
0,2,4,6,4,0,-0.167,3,2,2,2.137,2,6,26.37,1,3,1,-1.629,0.105,4,0,2,-0.521,5,1,1.808,5,3,-1.148,1.206,1,0,5,0,0.0,4,3,4,1,0,0.498,6,4,2,0.329,0.0,0
3,1,1,6,4,0,-0.863,1,0,1,0.483,2,3,25.05,5,2,1,-0.352,-1.089,5,0,1,-3.415,6,2,2.609,6,5,1.34,-1.466,1,1,0,1,0.0,3,0,5,3,3,-0.632,6,5,2,0.099,0.0,0
1,4,1,0,0,0,-1.233,0,0,5,2.861,0,0,35.34,4,5,2,-0.155,-0.317,3,0,2,1.566,1,2,-0.943,5,1,0.182,1.395,5,4,4,3,0.0,5,7,1,7,7,-0.61,3,2,4,-0.37,0.0,0
2,7,1,6,5,0,-0.651,5,3,5,-1.944,1,0,33.98,3,2,2,-0.952,0.699,4,0,1,-0.831,2,0,-2.497,7,1,-1.587,-2.325,4,1,1,6,0.0,1,6,0,6,7,-1.659,6,1,2,-1.122,0.0,0
2,7,0,7,5,0,1.472,1,3,3,0.598,5,5,27.63,1,1,5,1.995,-0.241,4,0,5,-7.166,6,4,-2.234,4,5,-1.455,-1.209,5,3,3,0,0.0,0,4,2,6,3,0.427,6,2,2,0.182,0.0,0
4,3,4,2,4,0,-3.237,4,2,5,-1.424,5,6,32.47,5,4,2,-0.921,-1.642,5,0,3,-3.39,1,1,4.583,1,1,-1.149,-1.19,0,3,2,1,0.0,2,7,3,5,4,-1.412,2,0,0,-1.341,0.0,0
4,4,1,7,0,1,2.279,4,3,5,2.107,4,7,36.91,1,7,2,0.82,-0.408,0,1,3,0.054,5,0,2.564,2,2,3.631,-0.891,4,2,4,2,0.0,0,5,2,1,7,2.691,4,3,1,1.863,112.49,1
2,4,0,2,5,0,-2.85,5,3,5,-1.699,0,6,36.01,6,4,2,-1.06,-0.88,3,0,0,-3.74,5,3,-0.399,1,4,-1.709,1.748,4,4,1,0,0.0,1,4,5,2,5,-0.604,2,2,1,-0.912,0.0,0
0,6,0,7,0,1,3.142,3,5,2,0.962,3,5,41.4,0,4,3,0.689,0.882,2,1,4,2.614,1,5,2.821,2,5,0.795,0.295,4,3,5,6,0.0,5,3,4,1,0,0.958,1,0,1,1.341,84.51,1
1,6,2,4,2,0,-1.407,4,2,2,-0.385,5,0,32.33,4,7,4,0.886,-0.424,3,0,2,-1.564,2,2,-0.086,2,4,-1.613,0.023,0,2,3,5,0.0,4,5,1,4,6,-1.121,0,3,3,-0.411,0.0,0
0,7,4,4,1,0,-0.163,5,2,3,-2.177,1,4,27.18,3,3,3,-3.029,-0.845,4,0,1,-4.72,4,0,0.498,1,2,-2.626,-1.399,3,3,4,1,0.0,3,1,3,3,6,-1.187,2,2,5,-1.168,0.0,0
0,6,5,3,1,0,-1.56,4,1,0,-1.125,2,7,32.76,5,7,2,-2.558,2.149,2,0,3,1.819,6,0,1.102,3,5,-0.897,1.288,0,5,3,1,0.0,0,5,1,7,1,-1.098,2,3,2,-1.216,0.0,0
3,3,3,1,3,0,1.753,4,2,0,2.754,5,4,32.57,7,1,3,0.921,-0.925,3,1,1,4.075,4,1,0.96,1,5,3.075,1.8,4,4,3,3,0.0,4,0,2,5,4,1.691,0,4,1,1.014,136.52,1
5,6,5,4,5,1,2.538,3,5,1,0.44,1,6,30.27,6,7,5,-0.762,-0.35,1,1,4,1.154,5,0,3.629,7,0,2.116,4.007,4,3,2,6,0.0,3,0,0,4,5,2.065,1,1,5,2.354,0.0,1
4,2,0,1,2,1,1.403,1,5,0,1.134,0,6,39.14,0,7,0,-2.567,-0.038,2,1,0,2.141,0,1,0.408,4,5,1.787,2.803,3,5,0,2,0.0,2,7,1,5,7,1.478,5,2,3,1.281,231.39,1
1,7,1,7,1,0,-0.164,3,3,1,-0.103,3,4,37.6,2,4,5,1.993,0.39,2,0,0,-3.303,0,3,0.408,2,5,1.729,2.43,2,4,2,3,0.0,1,5,1,3,2,0.014,0,5,5,0.623,0.0,0
0,4,0,0,1,0,-1.46,3,1,1,-0.355,1,5,25.35,2,4,1,-0.262,1.909,1,0,1,-1.695,3,0,0.414,1,4,-2.369,1.895,5,2,0,4,0.0,5,4,4,4,1,-0.67,7,3,4,0.113,0.0,0
3,0,0,2,1,0,-2.684,3,5,2,-2.484,1,2,38.58,5,7,2,-4.268,0.74,1,0,0,1.434,5,2,-0.965,0,1,-1.403,-2.371,4,3,4,6,0.0,3,7,2,1,6,-1.928,2,5,2,-1.834,0.0,0
1,6,5,4,5,1,2.355,4,4,1,3.164,2,5,49.09,3,4,3,-0.403,-2.045,1,1,0,-1.98,1,5,1.636,3,0,3.66,1.744,2,2,1,3,0.0,1,1,5,1,2,2.194,6,5,4,1.94,37.42,1
2,6,4,5,2,0,2.521,1,5,2,3.185,0,6,23.45,5,2,4,0.26,0.651,2,0,1,3.427,7,1,-0.829,2,5,-0.695,1.461,1,4,2,3,0.0,4,5,0,4,0,0.903,2,1,5,-0.176,0.0,0
4,6,3,1,2,0,-1.846,2,2,1,-0.477,0,2,33.3,0,0,5,-1.876,-0.545,4,0,3,0.789,0,3,-2.901,7,3,-3.571,-4.423,4,3,2,5,0.0,0,2,0,1,1,-1.607,7,5,4,-1.954,0.0,0
2,3,2,1,1,0,0.497,5,2,1,-3.28,1,1,29.92,3,5,3,-2.212,0.401,0,0,4,-2.17,2,4,-0.878,0,1,-1.09,-1.674,3,0,5,2,0.0,0,4,0,3,3,-1.355,0,4,5,-1.168,0.0,0
2,5,5,7,0,0,0.922,4,4,1,-0.019,0,7,32.37,2,2,1,-0.156,1.637,3,0,5,0.733,4,3,1.175,6,0,0.59,-1.639,1,4,2,3,0.0,2,6,3,4,4,0.426,2,4,4,-0.096,0.0,0
3,1,5,6,3,0,-1.697,1,5,4,0.599,4,0,27.24,6,1,0,1.547,0.24,3,0,5,-0.142,3,5,-0.69,0,4,-2.004,1.073,2,1,2,0,0.0,5,2,2,5,5,-0.093,5,2,2,0.408,0.0,0
1,2,1,6,2,0,-1.752,4,3,0,-5.107,4,1,19.64,3,0,1,-1.707,-1.213,1,0,5,0.748,0,3,0.697,3,0,-4.301,-2.296,4,4,3,2,0.0,3,2,3,4,2,-2.843,3,4,3,-2.904,0.0,0
3,6,1,2,2,0,1.581,2,0,0,-2.096,4,1,38.65,6,6,2,-1.467,0.93,3,0,1,-1.536,4,1,0.808,7,5,0.56,1.809,1,4,4,6,0.0,2,7,0,0,3,-0.506,6,4,0,0.669,0.0,0
4,0,2,4,0,0,-1.497,5,0,2,-1.042,3,5,22.47,0,0,4,-0.48,-1.164,2,0,0,-4.999,6,2,0.214,4,4,-0.241,1.725,3,0,4,5,0.0,1,6,0,1,7,-2.228,1,4,1,-1.636,0.0,0
3,5,5,7,4,0,1.018,4,1,0,1.526,1,7,20.13,7,7,2,-0.31,0.388,2,0,3,-1.595,0,1,0.974,5,0,-1.07,2.957,5,3,3,4,0.0,1,2,2,5,5,0.677,7,5,0,-0.419,0.0,0
5,2,0,0,2,0,0.49,5,5,3,-1.389,2,5,29.38,5,0,5,0.284,0.129,2,0,2,0.058,3,2,-0.992,2,3,0.344,0.526,0,3,3,6,0.0,5,2,0,3,6,0.469,7,2,5,-0.053,0.0,0
3,1,4,6,0,0,-0.277,2,3,5,-0.152,4,7,22.49,5,0,0,-1.724,-2.926,2,0,0,-0.185,4,2,-0.658,6,5,0.273,3.926,4,3,4,1,0.0,4,7,3,1,4,-0.72,4,0,0,-1.015,0.0,0
3,7,1,0,3,0,2.136,2,2,1,1.539,0,3,33.96,3,0,3,0.225,1.185,3,0,3,-2.211,1,4,-0.009,6,0,0.865,-1.164,2,2,0,3,0.0,4,5,1,4,4,-0.585,0,3,2,-0.083,0.0,0
4,1,3,1,3,0,-1.039,2,3,4,0.406,5,0,28.43,1,5,0,-4.76,-1.098,3,0,2,1.87,5,1,-0.107,2,0,-0.991,-1.588,3,0,2,4,0.0,5,7,4,6,1,-0.957,5,4,1,-0.659,0.0,0
2,4,3,1,3,1,1.83,0,3,2,3.017,5,1,43.83,0,7,1,1.877,1.178,0,1,4,2.872,2,2,0.599,5,3,1.844,1.832,1,3,3,4,0.0,1,2,1,4,3,1.736,4,5,4,1.479,0.0,1
0,2,4,0,2,0,-0.921,4,3,0,-6.237,0,6,37.18,2,1,3,-4.338,0.089,3,0,3,-1.47,1,0,-0.76,3,2,-0.25,-0.004,2,1,2,5,0.0,1,2,5,4,5,-1.505,4,2,2,-1.198,0.0,0
0,2,3,7,5,0,0.638,1,5,0,-0.569,4,1,27.21,6,0,5,-1.395,-1.934,4,0,1,2.42,2,5,-2.221,1,5,0.249,-1.364,0,5,2,1,0.0,1,7,2,1,7,-1.648,4,1,3,-0.849,0.0,0
1,5,5,7,0,0,0.511,0,5,2,0.167,0,1,26.31,2,5,2,-2.912,-1.857,4,0,2,0.497,5,4,0.763,3,2,-0.258,1.779,0,0,1,5,0.0,5,5,4,5,1,-0.144,7,3,2,0.97,0.0,0
4,4,1,6,4,0,0.935,4,5,5,2.11,4,1,32.04,5,0,5,0.653,-0.187,4,0,5,1.009,2,0,-4.773,4,5,-2.776,-1.398,1,2,0,2,0.0,5,5,1,5,4,-0.469,2,0,3,-0.306,0.0,0
3,4,2,4,4,0,0.332,3,4,4,0.704,1,4,32.08,3,3,4,-2.98,0.962,4,0,2,-5.074,1,4,-1.172,7,3,0.504,-1.781,4,2,4,4,0.0,3,5,4,4,3,-1.677,5,3,4,-1.878,0.0,0
1,0,4,2,4,0,3.06,1,2,1,-0.578,1,3,20.51,3,1,5,1.465,-0.757,4,0,4,-3.039,3,0,1.105,5,4,-1.938,0.584,0,3,1,0,0.0,2,6,1,7,7,0.676,1,4,4,0.514,0.0,0
2,2,4,7,4,0,2.497,1,2,4,-2.625,4,1,27.5,3,2,5,-2.254,1.56,5,0,0,-3.122,0,0,-2.6,6,2,0.24,0.282,5,1,4,4,0.0,3,1,2,0,4,-1.281,2,3,2,-1.262,0.0,0
4,5,5,0,4,0,1.384,0,3,0,0.032,4,6,38.35,5,4,4,-0.308,-0.091,2,0,0,-1.553,0,3,0.932,1,3,-0.995,1.546,5,2,3,3,0.0,1,6,2,0,3,0.579,5,0,5,0.425,0.0,0
1,3,0,3,1,0,3.241,5,1,2,0.717,4,1,36.28,6,4,2,2.431,0.314,0,1,4,2.715,2,3,1.557,6,3,1.766,2.994,3,4,2,1,0.0,1,5,1,0,2,2.122,5,4,2,1.159,0.0,1
1,7,5,2,5,0,0.299,2,4,0,-2.205,5,4,33.7,3,7,1,-0.725,-0.802,2,0,0,6.377,0,0,-0.296,7,1,2.153,0.443,3,4,0,4,0.0,4,3,5,5,5,-0.326,3,4,3,0.286,0.0,0
2,0,1,4,1,0,-0.352,3,5,5,-1.194,3,1,20.93,6,0,4,2.2,1.175,2,0,4,1.455,2,1,1.884,0,1,0.02,2.021,4,3,1,7,0.0,1,4,0,2,6,-0.461,7,5,1,0.212,0.0,0
4,0,2,4,2,0,1.036,2,4,3,0.67,4,6,31.22,4,7,5,-1.833,0.587,0,0,0,-2.173,6,3,-1.791,6,0,-0.792,-0.953,5,4,1,5,0.0,1,5,0,2,3,-1.0,1,2,4,-1.236,0.0,0
4,6,3,5,3,0,-1.443,3,1,2,-1.125,1,5,26.54,3,5,5,-1.643,-0.826,5,0,5,-2.147,0,1,-2.113,4,0,-0.538,1.364,5,4,5,3,0.0,2,2,2,5,7,-0.794,7,5,1,0.242,0.0,0
5,4,4,2,4,0,-0.503,2,5,4,-0.048,1,1,28.47,7,6,4,1.395,-0.498,5,0,2,-0.357,7,1,1.221,5,3,1.655,0.074,5,2,3,4,0.0,0,2,3,0,7,-0.12,6,2,1,0.13,0.0,0
4,4,5,6,4,0,-1.249,2,3,1,-3.605,1,6,37.41,0,6,1,-1.063,-0.776,2,0,2,-1.451,1,0,-0.046,1,5,-3.122,-1.045,5,4,2,7,0.0,0,5,3,4,7,-2.3,1,1,5,-2.337,0.0,0
4,1,4,2,4,0,0.912,2,2,2,-1.043,1,3,27.56,7,0,1,-0.921,-0.161,0,0,1,2.729,2,0,-2.187,1,4,-1.202,-2.232,1,4,4,5,0.0,5,4,0,7,7,-1.027,6,5,2,-0.437,0.0,0
4,2,1,5,5,0,2.978,5,3,3,-1.243,3,2,17.41,4,3,5,-0.956,0.512,0,0,4,-1.169,4,0,-2.025,7,4,0.998,0.085,4,4,5,0,0.0,0,1,1,2,0,0.226,7,1,2,-0.07,0.0,0
2,6,2,3,3,0,-1.053,1,0,0,-2.284,1,5,28.92,3,7,3,-4.205,-0.177,1,0,5,-2.662,0,3,0.846,1,3,0.486,-0.667,2,0,3,7,0.0,0,2,2,6,3,-1.018,4,2,1,-1.188,0.0,0
5,2,0,0,1,0,-1.285,0,3,3,-1.73,2,5,23.0,4,4,0,1.521,-2.34,1,0,2,-0.782,4,3,1.301,2,0,-1.477,0.742,4,5,0,2,0.0,2,4,1,6,3,0.13,0,5,5,-0.773,0.0,0
5,6,4,3,3,0,1.361,0,0,3,2.242,4,6,38.23,1,5,2,0.376,1.464,5,0,4,1.432,0,3,-1.264,7,2,0.571,0.218,4,3,5,6,0.0,1,5,3,2,3,-0.265,7,0,3,0.228,0.0,0
1,6,4,4,0,0,3.823,3,2,0,1.677,0,1,33.67,5,3,0,0.743,0.358,3,1,3,1.328,2,1,5.332,5,0,2.893,-1.033,0,1,4,0,0.0,4,7,2,2,7,1.369,1,3,2,1.315,0.0,1
0,5,4,2,1,0,2.552,2,2,3,-0.742,5,4,21.82,4,7,1,0.491,-0.842,4,0,0,0.276,5,4,-3.076,0,2,-0.268,0.127,4,3,4,6,0.0,1,4,4,0,4,-0.305,6,3,2,0.377,0.0,0
1,1,4,2,3,0,0.657,5,5,5,0.927,0,4,36.89,3,1,1,1.605,1.646,5,1,2,1.964,1,1,1.542,0,2,1.142,2.013,0,2,3,2,0.0,1,6,4,5,2,1.757,4,1,2,1.906,231.7,1
1,1,1,4,0,0,-0.221,1,4,5,-0.418,2,7,21.39,7,3,3,0.803,-0.179,0,0,4,-0.623,6,0,0.577,2,5,-3.806,-2.356,5,3,2,0,0.0,4,0,0,7,3,-1.265,5,0,2,-0.891,0.0,0
2,0,5,4,0,0,-0.201,3,0,1,3.018,4,2,27.97,0,1,2,1.509,0.006,1,1,3,1.335,1,2,2.531,3,5,4.869,1.687,0,4,5,5,0.0,4,5,4,4,1,0.121,5,5,3,0.749,141.31,1
0,1,4,4,5,0,-0.327,1,1,3,-0.383,5,1,25.19,7,3,1,-2.861,-1.131,4,0,5,-2.709,7,1,3.43,4,1,0.355,0.074,3,5,1,4,0.0,2,2,5,3,2,-0.53,3,3,1,-0.509,0.0,0
0,7,2,5,0,0,0.477,0,4,1,-2.053,4,1,33.93,3,4,2,-1.683,0.2,1,0,4,1.358,4,4,-0.206,7,0,1.205,-1.325,0,1,0,1,0.0,0,7,2,3,4,-0.605,2,3,2,-0.253,0.0,0
0,6,5,2,0,0,1.505,0,1,2,-0.046,1,5,31.69,4,5,0,-0.212,1.97,4,0,4,4.508,3,3,-0.905,7,2,-1.625,-3.585,1,3,1,5,0.0,4,0,1,6,2,-1.604,1,1,5,-1.246,0.0,0
3,7,1,2,3,0,0.796,0,0,4,-1.683,0,0,29.47,5,7,4,-0.964,-1.528,1,0,4,2.607,7,2,-2.442,0,4,-0.899,-1.142,1,3,2,7,0.0,1,6,2,0,1,0.398,0,3,2,0.489,0.0,0
3,5,2,2,0,0,1.564,3,1,0,2.262,2,6,28.58,5,4,2,3.118,0.971,0,0,5,3.146,2,5,-0.104,1,5,4.67,-3.287,4,3,5,5,0.0,5,0,0,5,5,1.492,3,0,3,1.128,0.0,0
5,5,3,7,2,0,-0.652,4,4,4,2.33,1,6,30.45,4,1,5,-0.001,2.127,5,0,0,-0.308,1,5,0.433,6,1,1.173,-0.665,1,4,5,1,0.0,4,2,2,4,0,-0.044,6,0,5,0.114,0.0,0
2,1,5,2,5,0,0.758,3,5,5,3.514,0,7,23.39,1,1,5,-0.291,1.669,1,1,2,-3.149,0,1,2.92,2,5,0.591,0.191,4,4,4,0,0.0,1,3,4,4,2,0.67,1,0,2,0.529,0.0,1
4,6,2,3,2,0,-0.851,5,1,5,-1.647,1,5,32.51,3,6,4,1.372,1.041,1,0,2,-1.736,3,2,-0.262,1,1,-2.484,-1.367,1,3,0,2,0.0,3,0,3,2,7,0.19,7,4,4,-0.149,0.0,0
5,2,2,1,3,1,0.231,0,4,0,2.045,4,1,42.69,3,6,3,0.429,-0.304,5,0,1,2.306,2,0,2.876,6,1,1.248,2.016,4,2,2,5,0.0,3,7,5,6,6,0.831,1,3,5,1.436,0.0,1
1,3,1,2,4,0,-0.218,4,4,5,2.203,5,2,30.09,5,3,2,-0.647,-1.519,1,0,1,2.213,0,4,3.229,0,1,2.248,0.669,4,4,2,1,0.0,2,6,4,6,3,0.616,0,5,1,0.861,0.0,0
0,1,5,0,0,0,-1.728,3,3,1,-1.346,4,0,28.78,7,5,3,1.195,1.101,0,0,0,1.918,3,1,1.794,4,2,0.495,1.561,1,5,2,4,0.0,0,7,5,3,3,1.023,6,5,0,0.396,0.0,0
0,7,3,4,5,0,0.586,3,4,0,1.964,0,0,26.38,3,5,1,-0.513,1.193,0,0,2,0.895,2,1,-0.997,3,1,-0.832,2.842,2,3,3,7,0.0,1,2,4,3,1,0.447,1,4,4,0.479,0.0,0
4,2,5,5,5,1,4.001,4,3,3,1.911,1,0,34.15,4,6,1,0.454,-1.151,0,1,5,1.252,4,5,2.812,6,5,0.436,1.111,4,3,4,5,83.94,2,0,0,2,5,1.674,0,0,1,1.513,90.86,1
1,2,0,6,2,0,0.04,5,4,5,2.438,1,5,36.99,6,6,2,1.574,1.421,1,1,0,-1.241,5,2,-0.866,3,2,-0.355,2.419,3,5,0,0,0.0,5,3,4,1,7,0.927,0,4,0,1.266,168.33,1
0,3,0,0,0,0,-1.286,4,0,4,-2.255,1,4,28.44,0,0,4,-2.599,1.432,5,0,3,-1.189,5,0,-0.518,1,3,-1.801,-1.808,2,0,5,4,0.0,2,6,0,7,4,-0.989,1,0,0,-1.13,0.0,0
0,5,1,5,2,0,1.182,2,2,5,2.563,5,5,42.86,2,4,3,0.869,-0.569,2,1,4,0.139,1,3,2.933,4,5,1.607,1.388,0,0,3,5,0.0,3,1,1,5,0,0.834,4,1,1,0.551,0.0,1
5,3,2,6,0,0,-0.625,1,4,5,-1.696,3,6,27.05,3,7,2,2.269,-0.295,3,0,0,3.003,5,4,1.592,7,2,1.177,0.833,3,5,0,6,0.0,2,3,0,1,4,1.101,0,5,4,0.879,0.0,0
2,7,0,1,4,0,-1.971,4,4,0,-0.803,1,7,37.95,2,3,2,0.118,-0.441,3,0,2,1.829,6,1,-3.427,1,1,-2.014,-2.225,5,4,4,1,0.0,2,4,1,4,0,-1.505,4,1,1,-1.325,0.0,0
5,5,5,3,2,0,1.233,0,5,2,1.135,4,3,30.56,0,2,0,-0.21,-1.027,1,0,1,2.1,3,4,1.473,5,0,0.687,-0.92,5,2,2,3,0.0,0,5,1,6,1,0.663,2,3,3,0.586,0.0,0
0,0,0,2,5,0,1.035,0,0,3,-3.591,0,0,36.13,2,7,0,-2.984,0.11,5,0,1,0.099,3,2,-2.629,5,2,-0.834,-1.368,5,1,2,2,0.0,1,3,2,5,4,-0.922,5,0,1,-1.129,0.0,0
2,3,3,7,1,1,2.509,4,4,5,-3.246,5,1,53.13,6,7,1,0.178,2.896,1,0,3,0.255,3,5,1.553,0,5,0.211,2.437,4,1,4,1,0.0,0,0,0,2,0,1.381,7,1,1,0.78,172.2,1
3,2,2,2,5,0,2.176,2,5,3,-0.878,2,7,33.5,5,0,4,-0.447,-1.248,1,0,3,0.701,5,2,1.408,6,5,-0.934,-0.686,3,0,0,5,0.0,1,5,5,6,7,-0.531,5,4,2,-0.403,0.0,0
2,5,3,6,3,0,0.571,1,1,2,0.521,3,7,24.27,0,4,4,1.128,-0.044,3,0,4,-4.146,1,3,-0.49,6,2,-0.461,-0.932,4,2,5,1,0.0,4,6,4,1,4,0.113,1,2,4,-0.599,0.0,0
2,6,5,6,5,1,0.284,3,0,1,-0.003,1,1,28.95,1,4,2,1.876,0.127,5,0,0,-2.554,5,5,-0.327,6,5,0.804,-0.614,2,3,0,4,0.0,3,5,0,3,2,0.994,7,5,2,1.346,96.29,1
2,1,4,5,0,0,-2.234,2,2,3,-2.777,3,0,26.12,0,1,5,-0.525,-0.501,2,0,3,-3.713,4,5,0.22,4,2,-0.55,-0.624,1,5,1,0,0.0,2,6,2,4,4,-1.876,0,5,5,-1.281,0.0,0
1,1,4,4,2,0,0.003,2,3,4,-0.644,4,5,27.86,1,5,5,1.814,0.043,2,0,0,-0.159,2,3,-0.417,2,1,-0.682,0.526,1,0,1,0,0.0,4,6,1,7,3,-0.195,3,5,4,-0.165,0.0,0
4,4,0,5,2,0,-0.602,1,3,1,2.109,2,4,44.01,3,0,5,1.291,2.866,0,1,0,0.722,2,4,0.981,7,4,0.527,0.772,0,5,0,6,0.0,4,2,1,5,2,0.98,4,1,1,1.045,133.99,1
5,4,1,7,0,0,-2.575,0,0,2,-4.559,0,7,28.56,0,2,0,0.139,0.245,4,0,3,-1.043,1,0,-1.132,4,2,-0.572,-0.035,3,5,3,4,0.0,5,7,1,6,1,-0.659,5,5,3,-1.94,0.0,0
0,7,2,2,5,0,5.165,1,4,1,0.221,3,3,29.48,1,0,4,-2.015,-1.041,5,0,0,-2.91,4,1,1.644,3,4,1.171,2.602,1,2,3,2,0.0,2,0,4,1,6,1.207,0,2,3,0.162,0.0,0
0,3,3,7,3,0,-0.829,2,4,0,1.034,4,4,31.51,4,5,0,-0.411,-1.038,3,0,3,-4.611,6,0,-0.029,7,3,-0.358,-0.524,2,2,4,0,0.0,2,1,5,1,4,0.371,3,2,3,-0.303,0.0,0
1,2,2,0,2,0,2.897,4,5,3,0.245,3,3,29.89,4,5,2,-0.545,1.168,1,0,2,1.855,2,3,-0.454,6,2,1.479,-0.338,5,4,5,4,0.0,2,4,1,6,0,0.073,3,2,0,-0.717,0.0,0
5,1,4,0,5,0,0.457,2,4,5,1.166,0,7,19.34,6,6,3,2.894,-1.882,3,0,2,0.771,1,0,1.759,7,3,0.877,2.54,5,1,3,2,0.0,5,3,1,4,0,0.75,7,4,3,1.095,0.0,0
2,7,2,5,3,0,-0.312,2,1,5,0.23,3,4,27.97,6,3,1,-0.305,-0.199,1,0,3,0.125,3,2,-3.5,2,1,0.006,-2.37,5,2,4,5,0.0,1,5,1,3,0,-0.086,5,5,0,0.189,0.0,0
0,3,5,1,5,0,-0.255,3,4,2,2.176,2,7,21.82,2,2,2,3.765,1.166,2,0,5,0.191,6,0,0.336,4,4,2.896,-0.854,2,5,3,7,0.0,0,4,5,7,7,-0.239,4,2,1,0.832,0.0,0
0,5,5,1,3,0,1.053,4,0,3,1.123,2,7,38.04,7,5,5,-2.294,-0.532,0,0,4,2.227,3,2,3.06,3,1,0.776,-1.263,4,1,1,0,0.0,0,5,2,2,2,0.631,4,4,3,0.967,0.0,0
2,4,2,3,3,0,1.94,0,0,1,1.283,3,3,24.29,1,3,0,-0.392,-0.522,0,0,2,2.801,1,3,-1.639,5,4,-0.44,-2.164,3,0,2,0,0.0,5,7,3,4,5,1.059,3,0,1,0.753,0.0,0
2,1,3,3,4,0,-0.257,0,3,5,0.154,5,2,26.36,0,3,5,0.688,-1.39,5,0,0,-4.446,3,4,1.105,3,1,-0.799,2.099,5,5,1,3,0.0,1,1,2,3,2,-0.176,4,4,4,0.088,0.0,0
3,4,4,7,5,0,0.433,3,3,0,0.433,1,5,22.15,4,6,2,1.769,-0.854,4,0,1,-1.286,0,3,0.503,0,1,-1.259,-1.866,4,1,5,6,0.0,1,4,3,4,1,0.654,7,2,4,-0.038,0.0,0
0,2,3,6,5,0,1.438,5,3,0,2.232,5,4,44.73,5,2,2,0.141,0.197,3,1,0,2.287,3,1,3.744,7,0,-1.937,-1.047,4,2,5,0,0.0,3,3,3,0,0,-0.315,1,4,3,0.949,90.92,1
3,7,2,7,5,0,-2.921,5,0,4,1.328,3,0,31.65,2,0,0,0.094,0.857,1,0,1,0.938,6,0,-1.894,1,5,0.074,1.769,3,0,4,3,0.0,1,4,5,0,0,0.602,5,5,0,1.173,0.0,0
4,5,3,0,3,0,-1.041,3,0,3,-1.725,3,2,24.85,7,3,4,-1.723,-1.624,4,0,1,2.445,3,3,-4.357,7,1,-1.487,-3.693,2,3,3,6,0.0,3,6,5,0,6,-2.024,3,2,5,-1.668,0.0,0
2,2,1,7,3,0,-0.9,0,1,0,-1.234,1,2,26.7,4,7,3,-2.324,-1.88,4,0,0,-1.048,1,1,-0.15,6,1,-3.784,-1.122,5,4,4,4,0.0,0,7,4,1,3,-0.528,3,0,0,0.189,0.0,0
1,2,0,5,3,0,3.155,0,2,2,1.497,5,7,17.76,4,0,4,-0.0,0.111,0,0,5,-1.416,7,5,0.954,6,1,-2.782,-0.149,2,2,2,1,0.0,4,7,0,1,6,-2.012,1,3,3,-1.452,0.0,0
2,0,2,4,4,0,0.347,1,1,5,0.757,0,2,29.16,3,2,0,0.51,-0.465,5,0,3,-0.424,4,3,-0.627,4,5,-0.072,1.1,4,1,5,2,0.0,3,1,2,0,4,0.133,7,4,0,-0.329,0.0,0
1,3,1,2,2,0,-1.284,5,5,2,2.278,0,6,21.63,6,3,5,-1.554,-1.508,5,0,0,-0.773,1,3,-2.24,6,0,-1.277,-0.07,1,0,1,3,0.0,5,0,0,5,5,-0.281,5,1,4,0.612,0.0,0
3,1,0,7,2,0,2.224,0,0,5,3.35,2,0,33.73,7,3,0,0.137,0.258,4,1,1,4.491,5,5,1.541,1,4,1.406,2.261,0,5,2,3,0.0,5,4,2,4,1,0.572,6,4,1,-0.046,0.0,1
2,3,2,1,4,1,1.345,5,0,4,1.736,5,4,46.35,4,4,5,2.86,-0.57,1,1,1,1.214,5,4,-0.285,1,0,2.699,3.614,2,3,4,6,0.0,0,1,3,0,6,0.99,0,3,1,1.744,152.67,1
0,4,3,6,3,0,0.003,1,3,0,0.088,1,2,30.41,2,6,4,1.915,-0.446,2,0,5,-0.788,6,3,-2.554,2,3,-1.524,-1.008,0,3,3,6,0.0,3,7,5,7,5,-1.56,4,2,4,-0.82,0.0,0
1,1,2,6,2,1,-0.795,4,3,4,4.446,5,1,51.1,4,1,1,1.415,0.038,1,1,5,-0.936,2,0,-0.172,5,3,0.703,5.041,3,5,1,4,28.48,1,3,1,5,6,1.406,7,5,4,1.196,175.11,1
4,7,4,7,5,0,1.956,1,5,1,0.933,2,7,30.4,4,3,1,-3.02,1.184,0,0,0,-2.224,4,4,-0.717,1,5,-0.14,-1.293,3,2,4,5,0.0,4,6,0,4,6,-1.64,0,0,3,-0.837,0.0,0
4,4,4,7,3,0,-2.892,0,0,5,2.785,2,4,46.48,7,7,1,-0.337,-1.573,0,1,0,1.004,3,4,-0.877,2,0,0.052,1.783,1,1,1,5,0.0,1,7,4,5,6,0.73,0,2,1,0.211,239.4,1
0,5,4,2,0,0,1.957,1,0,3,0.405,0,4,28.52,7,0,4,-0.291,0.334,4,1,2,2.153,5,1,-2.037,1,1,1.083,2.258,3,3,2,5,0.0,1,5,1,5,6,1.677,7,2,0,1.705,0.0,1
0,1,2,1,5,0,-3.836,5,5,2,-0.484,4,5,23.93,7,7,0,-0.418,1.691,1,0,2,2.63,2,1,1.278,4,2,2.336,1.297,2,2,5,5,0.0,2,6,0,4,2,-0.34,2,0,5,-0.272,0.0,0
1,1,4,1,4,0,-1.422,1,1,3,-2.258,4,5,34.21,3,2,5,-1.91,-0.889,1,0,5,-2.549,5,0,-2.41,1,1,-3.367,-1.66,2,1,3,4,0.0,5,0,0,6,6,-0.507,1,3,3,-0.881,0.0,0
2,1,5,4,5,0,-4.502,5,0,1,-0.184,2,2,24.83,2,3,0,1.395,1.037,2,0,3,0.364,2,2,-1.796,0,2,1.319,2.197,2,5,3,4,0.0,3,3,5,2,1,-0.81,0,3,5,-0.385,0.0,0
1,6,2,7,4,0,-0.12,1,0,0,-1.618,2,5,28.26,6,0,2,-0.246,0.86,4,0,3,-0.58,4,4,2.715,6,3,3.073,1.248,3,3,0,7,0.0,2,0,4,1,6,0.729,5,2,2,0.608,0.0,0
0,5,1,4,0,0,0.559,2,4,1,-1.021,2,7,31.93,1,1,5,3.076,-0.004,1,1,0,-0.348,3,4,-2.292,1,1,-0.06,-1.404,4,2,5,2,0.0,3,2,5,6,5,1.152,6,5,5,1.387,166.16,1
5,2,5,2,0,0,0.207,3,4,3,-0.418,1,0,26.29,6,2,4,1.487,1.139,5,0,5,-4.603,0,0,-0.506,1,1,0.869,0.79,3,1,3,3,0.0,0,2,2,1,3,-0.947,1,1,4,-0.315,0.0,0
0,5,0,0,2,0,-2.787,1,1,5,1.54,5,6,33.4,7,5,2,-0.752,1.447,1,0,4,-0.436,5,4,1.442,6,2,-0.269,0.294,4,3,5,3,0.0,5,5,2,6,2,0.045,5,5,3,0.247,0.0,0
0,4,2,5,5,0,0.034,3,4,2,0.686,0,3,31.64,7,0,4,2.853,0.805,1,0,5,-0.249,2,5,-4.506,0,1,-0.717,-2.216,0,0,5,2,0.0,4,3,0,1,4,-0.594,2,1,0,-0.411,0.0,0
2,3,2,1,4,0,-0.327,0,0,2,0.718,5,5,24.14,1,3,1,1.991,-1.001,3,0,5,-0.55,3,1,-2.732,6,0,-1.315,-1.328,3,0,4,1,0.0,4,7,2,5,5,0.65,4,1,2,0.218,0.0,0
3,2,1,0,0,0,-3.849,2,5,4,1.777,2,6,26.8,5,1,0,-1.052,-0.157,2,0,5,-0.966,0,2,-3.07,6,4,1.811,-2.901,3,5,0,6,0.0,3,0,2,2,3,-1.281,0,4,4,-1.196,0.0,0
5,5,4,0,0,0,-0.748,3,5,0,-0.39,2,1,22.14,6,0,5,-0.267,1.686,0,0,1,-5.358,5,4,-2.098,2,1,2.563,-0.537,3,0,3,0,0.0,0,5,0,7,4,-1.171,3,3,1,-1.246,0.0,0
3,1,2,3,0,0,0.161,0,4,2,1.161,4,2,27.32,1,1,1,-0.63,0.002,5,0,1,-1.264,4,1,-1.673,3,4,1.031,-0.692,1,2,3,2,0.0,2,3,3,7,6,0.292,5,2,1,0.032,0.0,0
1,5,5,7,2,0,-0.206,2,3,2,-0.836,3,1,30.59,5,7,0,0.087,-0.008,2,0,3,-1.457,5,1,2.782,3,2,-1.806,1.845,1,2,0,1,0.0,0,5,5,5,0,0.291,5,2,0,1.125,0.0,0
5,5,0,0,0,0,0.298,2,4,3,0.343,3,1,35.24,0,2,2,-0.818,0.001,2,0,3,4.365,0,5,2.243,2,5,-1.228,-0.161,0,1,3,1,0.0,2,5,0,2,0,-0.272,5,1,1,-0.266,0.0,0
1,5,0,6,4,0,1.362,0,3,1,2.483,2,0,34.41,2,4,1,1.288,1.591,5,0,5,4.165,1,2,0.688,0,1,-1.274,-0.771,3,2,5,2,0.0,5,4,1,7,1,0.746,6,1,0,0.422,0.0,0
2,3,2,2,0,0,-0.293,3,4,2,1.774,2,1,29.85,3,3,2,-0.18,-0.197,1,0,5,1.673,3,5,1.53,3,3,-0.903,0.179,0,1,4,5,0.0,0,4,1,4,3,0.162,4,3,0,-0.037,0.0,0
4,2,0,4,3,0,0.792,0,3,4,0.236,2,2,32.94,7,4,0,-0.813,0.18,2,0,1,1.2,3,2,2.113,5,1,2.582,2.017,1,5,4,1,0.0,2,6,3,0,6,0.974,3,3,5,0.498,0.0,0
2,7,0,1,3,1,0.494,0,2,0,1.834,4,3,32.77,0,4,4,-0.3,0.723,4,1,3,0.667,2,4,2.363,4,3,-0.073,1.944,3,2,2,5,0.0,2,3,0,1,2,3.074,6,1,0,2.655,0.0,1
0,4,4,5,5,0,-1.431,2,5,1,0.725,5,0,35.66,4,5,4,1.936,0.322,0,0,4,2.424,5,5,-0.589,5,3,0.079,0.317,5,3,0,5,0.0,1,4,0,5,5,0.377,3,0,4,0.276,0.0,0
3,1,0,1,4,0,2.62,3,4,4,0.73,3,0,19.14,4,7,5,1.47,1.606,3,0,2,0.903,5,3,0.063,5,1,0.271,-1.942,0,0,4,1,0.0,5,1,4,5,7,0.944,0,3,3,0.253,0.0,0
5,1,1,0,4,0,-0.309,2,4,4,2.418,2,0,28.91,5,5,3,0.782,1.481,0,0,1,0.503,7,1,0.359,7,5,-0.945,1.526,3,2,2,1,0.0,2,7,4,7,7,-0.001,4,1,0,-0.304,0.0,0
0,0,3,1,4,0,1.325,2,4,0,1.516,0,1,24.56,2,4,1,0.454,0.048,0,0,2,3.217,2,0,0.363,4,5,0.475,0.003,0,0,1,3,0.0,2,2,3,3,7,0.301,5,0,5,0.498,0.0,0
4,7,2,6,5,0,-3.021,0,0,5,-3.604,4,1,27.86,7,3,1,-1.397,1.002,1,0,0,-1.066,2,1,-1.801,1,4,-2.094,-0.689,3,4,2,6,0.0,5,5,2,6,0,-1.659,4,1,2,-1.456,0.0,0
4,1,5,5,3,0,2.221,5,5,5,0.555,0,0,27.07,6,2,2,-0.705,1.064,2,0,0,0.419,7,0,2.061,6,4,-0.157,-0.325,3,3,1,1,0.0,3,1,2,3,2,0.665,0,3,3,0.628,0.0,0
3,6,4,3,1,0,-1.288,4,4,0,1.59,0,0,41.65,4,4,1,-1.457,0.381,1,0,3,-1.085,1,1,-0.269,3,3,0.545,1.205,5,1,4,6,0.0,0,7,1,7,1,-0.266,6,5,0,0.132,0.0,0
5,5,0,7,3,0,-3.238,3,5,0,-3.459,0,0,19.63,0,0,0,-2.17,-1.598,2,0,0,-2.172,2,1,-1.309,7,3,-2.227,-2.205,5,0,4,4,0.0,5,5,0,7,3,-2.657,3,0,0,-2.611,0.0,0
2,5,1,3,4,0,1.79,5,1,3,2.473,4,4,26.4,1,0,3,2.872,-1.251,1,0,2,2.248,1,3,1.055,3,3,1.231,0.883,3,4,5,3,0.0,5,2,5,4,2,2.22,3,4,3,1.899,0.0,0
5,4,0,5,1,0,-3.93,2,4,3,-2.871,4,1,15.97,4,4,0,-1.035,0.476,0,0,2,1.748,1,4,-0.062,5,3,-0.504,-0.858,2,4,2,0,0.0,1,2,3,1,5,-1.749,6,2,3,-1.356,0.0,0
3,4,0,6,4,1,3.262,1,0,1,0.045,2,5,32.65,7,5,2,5.76,-1.145,5,1,2,0.865,3,0,4.407,2,0,1.939,1.851,2,3,3,7,0.0,3,5,4,6,3,2.738,2,5,5,2.659,42.29,1
3,6,3,3,0,0,2.182,0,2,3,4.617,5,6,36.13,5,2,0,-0.481,1.606,3,1,2,-1.36,6,4,2.421,0,0,-0.874,2.13,0,4,4,2,0.0,2,7,4,3,3,1.39,1,0,5,1.335,190.61,1
1,3,2,0,1,0,0.565,5,3,0,1.43,5,0,33.59,5,5,5,3.075,-1.892,1,0,1,-0.741,7,2,2.079,6,2,-0.424,-1.052,2,1,4,2,0.0,2,3,4,2,3,0.174,5,3,4,-0.123,0.0,0
5,1,3,4,0,1,3.692,3,5,5,5.399,5,6,37.03,0,5,5,5.038,-0.875,4,1,3,-3.05,7,3,3.041,6,4,3.323,4.319,1,4,0,3,0.0,2,1,5,7,7,2.096,7,4,4,2.722,213.72,1
5,5,0,5,0,0,-3.868,1,4,1,-2.246,2,1,20.53,2,4,3,0.988,-0.907,4,0,5,-1.55,4,1,-2.642,6,2,-2.279,-1.011,4,0,3,7,0.0,1,4,2,3,5,-2.203,3,3,3,-1.399,0.0,0
5,5,0,2,2,0,0.683,2,0,2,0.326,4,5,24.73,7,3,0,-1.209,-3.76,1,0,2,0.896,5,2,1.962,2,4,-0.505,-0.28,3,5,3,6,0.0,1,2,4,1,6,0.034,2,2,0,0.489,0.0,0
2,4,1,5,3,0,-1.915,2,0,5,-2.231,5,3,30.84,1,0,1,-0.524,1.184,2,0,1,-0.131,5,4,1.31,0,5,0.199,-0.672,5,4,3,5,0.0,4,4,1,7,4,-0.112,3,5,1,0.313,0.0,0
3,0,1,4,1,0,-2.934,4,1,1,-2.95,0,6,26.14,6,6,2,-1.563,-1.164,4,0,0,-0.655,6,1,-0.88,1,5,0.243,1.154,5,4,0,2,0.0,4,0,3,0,2,-0.335,2,5,1,-0.244,0.0,0
5,6,2,6,2,1,-1.124,3,2,5,3.737,1,2,39.03,6,0,0,1.84,1.346,1,1,1,-2.326,0,1,3.607,2,4,-0.683,-0.058,0,0,4,0,0.0,5,1,4,3,5,0.875,6,2,4,0.766,0.0,1
1,6,5,3,4,0,-4.182,3,4,1,0.08,0,0,33.7,3,2,3,-2.34,0.35,3,0,3,-1.851,6,1,-1.003,6,5,-0.088,-0.434,5,3,1,6,0.0,1,3,2,7,4,-1.496,5,4,1,-1.583,0.0,0
4,6,2,0,0,0,-2.295,4,0,3,-0.202,1,4,25.96,3,1,1,-2.705,-0.18,4,0,2,-0.892,5,3,-1.849,6,4,-1.705,-1.34,0,2,1,7,0.0,4,1,2,2,2,-0.714,6,4,4,-1.248,0.0,0
5,6,2,6,5,1,2.896,1,5,4,3.368,5,7,43.8,4,7,0,0.842,0.754,5,1,0,0.09,4,3,0.462,7,3,2.72,3.76,1,5,0,1,0.0,3,3,0,5,5,1.742,4,5,4,1.784,56.11,1
3,2,0,3,3,0,2.607,3,0,0,0.623,1,1,31.39,6,6,2,-0.421,-0.692,1,0,1,0.368,6,2,1.822,1,3,-1.925,1.388,5,0,2,3,0.0,1,2,2,6,3,-0.479,1,4,2,-0.218,0.0,0
3,3,4,5,1,0,-3.161,2,2,2,-0.733,3,6,26.02,3,5,3,-1.381,0.041,1,0,2,0.064,6,4,0.686,2,5,1.983,1.409,3,0,2,3,0.0,2,2,3,1,5,0.234,0,4,3,-0.455,0.0,0
3,2,4,5,0,0,1.796,1,1,5,-0.027,3,2,28.99,0,5,0,-1.368,-1.506,4,0,0,-0.623,5,0,-0.216,6,4,0.536,-3.81,2,4,5,5,0.0,4,1,0,4,1,-1.52,5,0,0,-1.783,0.0,0
4,7,0,0,4,0,-1.621,5,2,5,0.947,0,5,32.15,6,6,5,-0.532,-0.04,0,0,4,0.451,5,4,-0.53,5,1,2.825,0.432,5,5,5,7,0.0,5,6,4,2,6,-0.218,2,4,0,0.025,0.0,0
3,4,5,0,0,0,1.064,3,3,1,-3.144,3,4,31.23,3,7,5,-1.134,-0.153,4,0,1,-5.442,7,2,-1.595,5,5,-2.152,-0.719,5,1,2,6,0.0,2,5,1,4,0,-1.207,7,3,4,-1.212,0.0,0
3,4,5,3,3,0,-0.042,4,0,1,-1.268,4,7,27.36,2,4,0,-0.022,1.068,4,0,5,2.085,7,1,-1.033,1,1,1.122,-1.232,0,4,0,7,0.0,0,2,1,5,5,-0.246,1,3,2,-0.007,0.0,0
2,6,1,4,2,1,2.8,1,0,3,4.181,2,0,44.71,4,0,5,2.425,1.084,2,0,2,1.336,6,5,-0.105,1,3,0.909,2.95,3,5,3,7,0.0,3,6,2,6,5,0.468,0,0,3,0.725,98.69,1
5,7,0,3,0,0,2.902,1,3,1,0.944,0,7,30.92,3,4,2,-1.251,-1.917,4,0,5,1.629,7,1,1.537,0,2,-0.197,0.008,5,0,0,3,0.0,2,5,4,4,4,-0.18,5,4,4,0.388,0.0,0
2,4,4,2,0,0,1.089,4,2,5,0.096,3,0,25.13,4,4,5,0.952,0.39,1,0,3,-0.199,3,1,0.589,3,0,0.92,-1.799,1,0,2,7,0.0,4,6,4,6,5,0.581,2,4,3,-0.243,0.0,0
4,7,0,3,4,0,0.705,0,5,5,1.226,1,0,28.98,7,2,4,0.828,0.252,2,0,4,-2.795,7,5,-2.727,1,4,-0.19,2.294,5,0,1,3,0.0,2,4,3,5,6,0.847,7,3,3,0.806,0.0,0
1,4,0,0,3,0,-1.825,4,3,1,-0.547,1,0,26.64,6,0,0,-3.125,-1.617,2,0,1,-0.708,1,1,-3.147,7,4,-0.96,-0.524,1,5,0,5,0.0,0,6,4,3,0,-1.06,6,2,5,-1.117,0.0,0
3,3,1,5,1,0,0.086,0,3,5,2.022,0,1,30.63,1,6,4,0.325,0.128,1,0,4,-3.048,6,1,-1.094,6,0,0.412,1.705,1,0,2,2,0.0,2,4,1,4,4,0.252,0,1,4,-0.792,0.0,0
5,7,1,7,5,0,1.554,1,5,2,-1.586,1,4,34.09,4,3,3,0.377,-0.383,0,0,0,1.834,3,3,0.311,5,1,1.905,0.915,2,3,0,2,0.0,2,1,5,0,5,-0.478,2,4,1,-0.495,0.0,0
2,6,5,3,2,0,0.235,4,0,4,-0.202,5,4,27.36,6,1,4,-1.553,-1.6,1,0,0,2.71,4,3,1.583,2,5,0.807,2.934,0,1,0,7,0.0,0,5,5,5,4,-0.543,4,2,5,-0.775,0.0,0
2,4,1,0,4,0,0.335,1,5,4,0.236,3,2,36.54,6,5,1,-0.127,0.135,5,0,3,-4.091,4,1,-1.884,4,2,-0.893,-2.032,2,5,3,0,0.0,1,7,2,0,2,-1.522,0,5,3,-0.96,0.0,0
5,1,3,2,0,1,4.231,0,0,4,2.659,0,7,33.32,3,1,5,2.39,0.399,1,1,0,0.91,4,3,1.984,3,2,-0.169,3.647,0,1,5,4,0.0,3,1,0,1,7,2.21,5,1,3,1.587,148.78,1
0,4,3,1,2,0,-1.797,1,3,2,-0.861,2,1,14.47,0,2,3,0.874,0.222,4,0,4,-0.393,4,5,1.469,1,5,-0.739,0.366,0,0,2,2,0.0,4,2,2,3,6,-0.576,4,0,5,-0.753,0.0,0
1,1,0,4,3,0,-0.911,5,4,3,-0.597,3,4,31.22,3,6,1,-1.68,0.6,2,0,0,0.817,5,0,-1.129,2,5,0.085,1.082,5,0,4,1,0.0,0,0,3,0,1,-0.808,2,1,1,-0.808,0.0,0
3,4,3,1,5,0,1.658,5,3,1,-1.976,2,7,30.42,2,4,2,-0.588,1.294,3,0,5,-0.083,6,2,-1.492,2,0,-0.609,1.321,4,3,4,6,0.0,4,6,3,7,7,-0.773,1,0,2,-0.322,0.0,0
3,1,0,2,4,0,3.569,2,5,3,-1.877,4,7,25.74,4,6,0,-1.798,0.706,2,0,3,1.339,1,3,-0.199,7,3,0.369,-1.069,4,5,3,0,0.0,3,5,1,3,4,0.73,7,0,3,0.468,0.0,0
1,5,3,7,0,0,1.0,3,4,5,-2.79,2,3,30.73,3,7,5,0.959,-0.44,1,0,4,-3.492,6,4,-1.639,0,0,-2.316,-2.128,5,4,0,5,0.0,4,5,4,5,7,-0.712,7,5,2,-1.249,0.0,0
3,1,1,0,5,0,-0.35,3,0,2,-0.132,0,5,35.27,4,6,0,-0.472,-1.008,3,0,3,-1.221,5,3,0.388,7,2,0.756,-0.178,3,3,5,1,0.0,0,5,3,3,5,1.314,3,0,1,-0.122,0.0,0
4,0,5,1,4,0,3.619,5,2,0,-0.65,3,3,32.04,2,7,2,-0.843,0.529,4,0,5,-1.31,5,5,1.847,0,4,-0.248,-0.939,4,4,1,0,0.0,1,6,0,2,6,-0.422,5,0,2,-0.259,0.0,0
4,2,4,6,5,0,-1.619,5,0,1,-0.341,2,3,30.82,1,2,1,1.437,-0.14,3,0,0,0.461,0,1,-1.513,7,4,-0.349,2.408,2,5,0,5,0.0,0,0,5,1,1,-0.104,3,4,3,-0.108,0.0,0
0,0,1,2,2,0,-0.195,3,0,5,1.857,3,3,24.1,4,3,5,1.002,-0.578,1,0,1,-0.918,3,5,1.459,5,4,0.932,1.553,5,3,2,5,0.0,2,5,2,2,2,0.761,6,1,0,0.477,0.0,0
3,1,3,5,2,0,-0.32,1,1,0,-1.757,1,2,28.37,3,3,1,-1.269,-1.053,5,0,5,1.201,4,3,-0.992,2,2,-3.455,-1.648,4,3,4,7,0.0,3,2,3,5,4,-0.466,6,5,2,-1.122,0.0,0
2,6,2,4,5,0,1.523,1,2,1,-0.784,1,6,37.44,7,6,4,-0.128,-0.077,2,0,0,-0.342,6,2,-1.331,2,3,-2.832,-1.946,1,5,3,5,0.0,3,0,1,3,5,-1.344,2,4,2,-1.165,0.0,0
1,5,0,7,3,0,-2.852,0,1,3,-1.974,4,1,21.09,3,1,2,-0.553,-0.453,0,0,2,1.109,5,2,-2.663,3,2,-0.476,-1.626,2,0,5,1,0.0,1,3,1,0,1,-1.193,3,3,3,-1.318,0.0,0
5,3,4,3,4,0,0.494,2,5,0,-1.365,2,6,29.82,3,6,5,-2.295,-0.289,4,0,3,-2.629,1,1,0.551,2,1,1.68,1.108,2,4,1,4,0.0,0,6,2,5,1,0.551,3,4,1,0.074,0.0,0
1,0,4,5,5,0,0.282,5,2,1,0.148,4,5,31.45,3,4,3,0.676,0.384,5,0,5,-2.561,1,4,1.348,4,4,-1.501,-2.094,1,5,3,7,0.0,4,3,4,6,1,0.908,2,2,0,0.132,0.0,0
1,2,1,4,2,0,-1.893,4,5,5,-0.617,1,0,28.62,4,2,0,1.019,0.483,5,0,3,-0.759,2,0,-4.637,5,3,-1.297,-2.541,2,0,4,4,0.0,4,5,3,0,1,-1.078,7,1,5,-0.969,0.0,0
3,5,0,0,5,0,-0.129,0,0,5,0.926,2,5,31.0,2,1,5,0.352,1.115,3,0,4,3.373,3,2,-1.515,1,3,0.255,1.611,1,2,2,4,0.0,5,5,5,4,1,-0.441,4,1,2,-0.537,0.0,0
1,0,3,6,3,0,0.053,5,4,0,-3.065,4,2,32.73,1,5,5,-2.567,0.431,1,0,3,-4.228,5,5,-1.576,4,2,-3.059,0.657,1,4,4,2,0.0,2,6,3,2,2,-1.491,7,1,1,-1.427,0.0,0
5,4,0,7,5,0,0.341,2,3,5,1.539,0,3,22.66,6,2,3,2.407,-1.03,5,0,5,-2.902,5,3,-0.21,5,1,-1.334,0.957,4,2,4,4,0.0,1,6,3,1,2,1.136,1,4,2,-0.129,0.0,0
3,3,2,1,5,0,0.349,1,4,2,-0.019,4,7,35.26,7,6,1,2.903,-1.815,2,0,2,2.439,6,2,1.009,2,1,0.058,-2.338,3,3,0,7,0.0,0,2,3,2,2,-0.617,7,2,0,-0.858,0.0,0
4,0,4,7,4,0,0.117,4,0,5,-3.302,3,6,31.2,7,3,1,-0.55,-0.89,5,0,2,2.025,5,2,0.489,2,2,-2.562,0.119,1,3,1,7,0.0,0,2,0,2,4,-0.492,6,0,1,-0.409,0.0,0
1,4,2,6,3,0,1.504,0,5,5,-1.647,0,4,39.16,3,3,4,2.025,0.444,4,1,5,1.461,1,0,2.645,1,4,2.224,1.554,1,4,0,4,0.0,0,1,0,6,5,1.314,7,3,4,1.133,0.0,1
2,4,3,1,5,0,-1.995,4,0,1,0.166,1,1,13.11,1,7,3,-0.972,0.157,5,0,1,0.081,4,1,1.384,5,3,0.656,3.209,4,4,3,1,0.0,4,7,3,1,1,-1.052,3,2,0,-0.351,0.0,0
4,6,4,1,5,1,5.877,2,2,3,0.391,3,2,31.68,6,3,5,3.348,-0.911,2,1,5,5.636,1,4,2.893,5,5,1.51,3.059,2,3,4,3,0.0,2,7,5,6,0,2.072,0,1,3,1.772,0.0,1
4,2,4,2,0,0,0.139,4,0,0,-0.612,5,1,31.2,2,7,5,0.508,-0.576,1,0,2,-2.296,7,5,-4.488,3,0,-1.751,-1.254,0,5,4,1,0.0,3,4,3,2,4,-1.611,5,2,1,-0.936,0.0,0
1,5,5,0,1,0,-1.273,0,5,5,-3.981,2,1,30.31,2,2,0,-2.291,-0.569,0,0,0,1.511,2,0,-3.046,2,4,-3.18,-3.901,3,0,1,1,0.0,3,3,0,4,0,-2.339,4,5,0,-2.818,0.0,0
4,7,0,4,5,0,6.004,4,1,1,-1.135,3,3,31.88,3,2,3,1.653,-0.095,5,1,1,-1.177,3,3,2.671,7,3,0.928,0.064,3,2,4,0,0.0,2,0,3,1,4,0.56,6,5,2,1.707,144.45,1
3,7,4,3,3,0,1.155,1,5,5,2.401,5,4,21.75,0,4,2,1.993,-0.029,3,0,0,0.535,4,4,-1.292,6,5,0.393,-0.65,2,0,3,3,0.0,1,0,3,0,4,0.766,5,1,3,0.598,0.0,0
3,5,4,4,4,0,1.822,5,5,0,-0.323,1,7,28.49,7,3,3,-1.533,-0.023,5,0,2,-0.994,6,5,0.564,2,1,-0.166,2.163,0,5,3,1,0.0,1,6,2,4,6,0.285,3,3,4,0.527,0.0,0
2,3,0,5,4,0,-1.883,5,4,4,-2.795,0,1,18.94,6,5,2,0.007,0.049,3,0,3,-3.727,0,5,0.295,3,0,-2.151,-0.423,0,1,5,5,0.0,2,0,2,0,7,-0.58,2,2,2,-0.242,0.0,0
2,2,5,5,2,0,1.425,3,2,1,-0.103,1,0,25.39,6,7,4,-0.441,0.662,2,0,3,3.23,0,5,0.14,3,2,0.659,-0.993,0,3,5,6,0.0,3,4,4,5,2,-0.864,2,4,4,0.026,0.0,0
0,0,5,2,0,0,-0.186,4,1,1,-1.39,4,7,28.36,7,0,0,2.159,-2.011,0,0,1,4.805,4,5,-0.51,5,0,-1.648,0.609,5,2,3,7,0.0,4,5,1,1,7,0.188,2,4,3,-0.012,0.0,0
4,5,4,1,1,0,-3.017,4,5,0,-1.879,1,1,22.83,2,6,3,-1.454,0.231,5,0,1,0.11,7,5,-0.954,2,5,1.238,-3.016,3,5,1,0,0.0,0,7,2,2,6,-0.465,7,1,3,-1.056,0.0,0
3,4,2,0,1,0,-0.874,2,0,4,-2.494,1,1,30.54,6,3,5,-0.537,1.026,3,0,1,-2.117,7,3,0.303,5,5,-2.132,-2.333,4,4,0,5,0.0,3,7,2,0,1,-1.131,1,0,0,-0.973,0.0,0
2,7,2,4,2,0,-1.667,4,5,1,0.266,4,5,35.09,2,4,4,0.615,0.559,3,0,5,-0.314,5,1,0.808,6,2,-1.722,1.562,0,0,4,7,0.0,2,5,1,3,4,0.146,4,4,1,-0.473,0.0,0
1,2,4,3,1,0,-0.351,0,5,5,-1.251,3,1,30.27,0,4,1,0.549,-0.117,0,0,0,4.697,0,0,1.012,5,3,0.47,3.359,2,4,5,4,0.0,2,5,5,6,4,0.644,5,1,0,0.365,0.0,0
1,1,5,7,4,0,-2.384,5,0,0,-3.139,4,6,20.24,3,1,5,1.378,0.088,2,0,2,1.699,4,0,0.642,4,3,-0.754,-1.834,4,5,3,3,0.0,3,1,0,0,1,-0.787,7,2,5,-0.86,0.0,0
5,4,1,6,0,1,-0.288,5,3,3,-1.817,1,2,32.58,7,2,2,1.59,0.215,4,0,5,-1.555,5,2,1.472,2,1,1.313,0.194,3,1,3,5,0.0,3,3,2,1,6,-0.242,2,3,3,0.0,121.68,1
3,0,2,3,2,0,-3.651,1,5,1,-0.635,2,4,20.78,1,1,4,-3.651,-0.449,1,0,2,-2.189,1,1,-2.921,6,0,-3.359,-1.308,3,0,1,6,0.0,1,3,1,0,1,-1.656,6,4,2,-2.322,0.0,0
4,4,4,0,1,0,0.586,0,0,0,1.527,5,3,33.01,6,2,2,-1.888,0.533,4,0,5,3.521,0,4,-1.065,7,1,-1.016,0.886,1,3,1,4,0.0,3,6,3,6,1,-0.283,3,0,5,-0.167,0.0,0
4,1,4,5,2,0,2.437,2,3,3,1.685,4,3,29.34,4,2,4,1.169,1.086,3,0,2,0.844,6,5,0.649,4,1,-0.942,-1.592,4,1,2,3,0.0,0,7,4,1,1,-0.685,1,2,5,0.214,0.0,0
0,1,4,1,4,0,-0.654,1,5,2,-1.395,5,1,28.62,7,1,3,-1.266,1.078,5,0,3,2.609,7,2,0.111,7,0,0.043,0.589,4,2,1,7,0.0,4,3,2,5,6,-0.104,6,4,5,-0.14,0.0,0
2,5,5,1,4,0,0.224,4,4,4,0.423,5,6,41.36,1,0,4,-3.53,0.811,3,0,1,-2.086,7,0,-0.628,2,2,-1.969,-1.612,2,4,1,5,0.0,4,3,1,2,2,-1.383,7,4,3,-1.178,0.0,0
4,5,0,2,5,0,-1.61,0,2,0,-0.533,0,0,37.31,7,6,3,1.963,-0.817,3,0,2,0.925,3,3,1.529,7,0,-0.437,0.623,0,1,1,7,0.0,5,0,2,2,1,0.578,6,4,1,0.468,0.0,0
4,2,0,5,0,0,2.984,2,2,5,3.452,0,5,27.01,5,7,4,0.539,0.561,2,0,0,3.769,2,2,-0.506,3,0,-1.457,-2.391,0,2,1,7,0.0,4,3,1,7,6,0.272,3,1,2,-0.338,0.0,0
2,7,3,4,2,0,2.449,5,3,1,1.341,5,3,37.17,0,1,0,-0.558,0.234,5,0,4,-0.962,4,5,1.628,5,3,-1.183,-2.282,1,2,4,1,0.0,5,4,0,7,1,-0.466,4,1,4,0.363,0.0,0
0,3,2,3,3,0,2.006,4,3,0,-1.373,4,0,20.77,1,6,5,0.314,-0.724,3,0,5,3.112,1,0,-2.459,3,4,-0.046,-1.839,3,3,2,0,0.0,5,0,2,7,1,-0.717,6,2,5,-0.614,0.0,0
3,0,2,3,2,0,-0.442,2,3,2,1.483,4,4,29.3,3,0,0,-2.235,0.653,5,0,4,-2.3,0,1,-3.374,1,2,-0.053,0.51,3,0,2,6,0.0,3,4,1,6,2,-1.63,0,0,0,-1.214,0.0,0
3,5,2,4,2,0,0.971,4,4,5,-0.355,2,4,29.93,3,2,5,-0.768,-0.583,5,0,2,-1.325,6,0,2.093,1,1,1.697,-0.634,3,0,1,4,0.0,2,2,1,3,3,-1.2,1,3,5,-0.915,0.0,0
5,0,3,0,5,0,-3.03,3,5,0,0.639,1,1,29.53,0,1,4,0.155,-0.817,2,0,4,0.206,1,5,0.646,5,0,-0.946,-0.398,0,4,3,0,0.0,4,6,4,5,3,0.061,6,3,0,0.052,0.0,0
1,7,4,5,2,0,1.313,5,2,0,2.708,3,6,23.26,7,0,2,2.481,1.063,0,0,1,0.278,6,5,0.056,5,0,-0.176,1.918,3,2,2,1,0.0,1,5,0,1,7,0.704,1,2,1,0.767,0.0,0
1,2,4,5,5,0,1.283,3,5,4,1.43,5,4,26.66,4,3,1,2.427,0.371,3,0,1,-2.423,7,0,0.618,6,4,-0.592,3.181,0,4,0,5,0.0,5,2,1,4,0,0.312,2,4,4,1.08,0.0,0
4,5,4,0,3,0,1.434,2,2,3,-1.869,2,7,15.18,6,5,3,-2.842,-0.407,2,0,0,-3.091,4,4,-0.251,3,3,-3.751,-0.559,2,2,3,3,0.0,1,0,4,5,2,-2.455,7,1,5,-1.476,0.0,0
0,2,4,2,4,0,-1.325,4,2,1,-2.159,5,3,39.59,6,4,3,-0.795,0.586,4,1,5,5.443,7,3,1.098,0,5,-0.267,2.274,4,0,2,3,0.0,4,4,3,3,3,0.421,6,1,1,0.761,239.17,1
0,2,5,6,1,0,-0.505,3,4,1,-1.647,3,3,29.06,2,7,5,-5.51,0.157,1,0,2,-1.695,1,3,-3.821,4,0,-1.166,-0.436,1,0,1,4,0.0,4,1,4,1,1,-0.951,5,5,3,-1.645,0.0,0
0,4,3,5,2,1,1.931,1,3,3,4.905,2,3,47.9,2,5,3,2.009,0.414,1,1,4,1.713,5,1,2.654,3,1,1.033,4.162,3,3,3,6,22.74,4,5,2,4,1,1.43,4,4,1,1.623,0.0,1
5,3,0,2,4,0,-1.312,1,0,3,0.521,4,7,38.12,4,6,0,3.032,-0.996,5,0,0,1.326,2,3,1.727,6,0,-0.963,0.184,0,1,0,1,0.0,2,5,0,7,1,-0.01,4,0,4,0.974,0.0,0
1,2,3,3,0,0,1.21,4,2,4,-1.593,0,6,24.44,7,5,3,0.856,-0.063,1,0,1,0.111,4,3,-1.003,0,0,-0.235,-0.385,4,0,1,6,0.0,3,5,5,7,6,-0.276,6,5,3,-0.947,0.0,0
3,1,2,5,0,0,2.76,0,1,1,-0.462,3,4,21.7,6,2,2,3.198,-0.911,5,0,2,1.225,6,5,2.153,2,3,-0.942,3.376,0,3,2,5,0.0,3,6,0,7,4,1.22,4,4,3,0.728,0.0,0
2,7,1,3,0,0,-2.749,3,4,0,-4.728,4,3,31.23,1,0,2,-0.103,-0.32,0,0,1,-1.403,3,5,-3.925,1,0,-3.244,-0.395,0,3,2,4,0.0,1,0,2,3,3,-2.252,3,2,2,-2.228,0.0,0
4,6,1,1,1,0,2.817,2,1,0,0.706,4,4,37.1,5,0,5,-0.976,1.526,3,0,3,-2.85,4,1,0.32,4,4,-0.859,-1.692,2,0,3,5,0.0,5,4,5,5,7,0.232,6,1,1,-0.444,0.0,0
0,5,1,4,4,0,0.031,1,3,1,-0.626,5,3,30.2,5,7,5,1.674,1.008,2,0,1,0.269,7,5,-0.768,6,1,0.924,3.616,0,4,4,4,0.0,3,1,5,6,1,-0.535,6,1,4,-0.648,0.0,0
3,5,4,6,5,0,2.322,5,2,3,1.331,4,4,26.41,3,5,4,0.07,-0.428,2,0,2,0.355,1,5,1.069,7,5,2.68,-0.442,3,1,0,3,0.0,1,7,1,1,4,0.964,3,4,5,0.586,0.0,0
3,1,0,7,1,0,-1.204,5,2,5,0.196,3,4,32.95,4,1,1,0.338,-0.127,3,0,1,-0.551,6,2,-1.592,6,0,0.028,0.769,1,5,3,2,0.0,5,2,1,0,4,-0.505,4,5,1,-0.478,0.0,0
0,7,5,1,0,0,-0.062,2,4,0,0.096,2,6,32.58,0,6,1,-0.815,0.839,2,0,4,-2.826,7,3,-0.064,6,3,-0.525,1.689,0,2,4,3,0.0,3,5,1,7,7,-0.1,3,5,3,-0.507,0.0,0
1,7,2,3,0,1,0.68,5,3,0,-0.261,0,6,34.09,3,7,3,0.288,-1.421,3,1,3,4.687,7,0,4.015,0,4,2.395,3.13,3,5,5,2,0.0,0,1,2,5,1,0.578,4,3,5,0.919,174.06,1
5,6,0,1,2,1,3.682,5,1,5,0.018,5,3,33.79,0,7,4,0.089,0.678,3,1,0,6.145,6,3,0.365,0,2,-1.228,1.572,5,3,1,4,0.0,5,4,1,5,1,1.162,5,1,1,1.808,0.0,1
4,4,2,6,2,0,-1.336,2,1,0,-1.012,1,6,20.58,4,7,0,0.565,0.088,4,0,3,-4.008,3,4,0.392,6,1,-1.338,-0.62,5,3,5,0,0.0,3,7,4,2,1,-0.505,6,2,3,-0.913,0.0,0
1,0,1,6,4,1,3.283,5,2,4,3.756,1,6,40.29,5,5,2,0.439,1.925,2,1,0,0.36,1,3,0.634,0,0,3.101,0.937,0,5,5,4,0.0,0,1,4,1,5,0.659,0,0,5,1.286,98.01,1
3,6,5,2,4,0,0.605,1,2,2,0.138,3,3,14.58,6,1,2,0.817,0.298,1,0,3,-1.395,1,0,-0.89,7,5,0.613,1.011,4,4,3,7,0.0,2,0,3,6,7,-0.296,1,3,0,-0.531,0.0,0
0,6,3,4,4,0,-0.988,1,4,0,0.242,5,2,26.21,2,5,4,-0.031,0.814,5,0,4,-0.008,0,0,0.024,2,2,-0.905,-2.913,1,4,5,1,0.0,4,0,1,7,6,-0.786,1,1,2,-0.351,0.0,0
0,5,4,5,2,1,0.248,5,3,0,3.898,2,2,29.17,7,5,5,2.115,-0.777,0,1,4,-0.677,0,5,0.637,5,0,2.08,3.049,0,5,4,1,0.0,1,0,4,3,3,1.024,5,5,5,0.726,14.41,1
2,0,2,5,4,0,-0.389,2,1,3,0.862,0,1,30.56,0,0,5,-0.515,2.05,2,0,4,-1.249,0,4,0.895,5,4,-0.246,0.451,1,2,4,4,0.0,3,6,0,7,6,0.747,3,3,3,0.949,0.0,0
5,3,2,3,4,0,-2.704,5,5,1,-0.09,2,0,31.22,3,6,1,2.495,-0.427,2,0,4,-0.587,3,5,-0.508,1,1,-2.962,0.79,2,5,1,2,0.0,4,4,1,7,7,-0.947,5,1,1,-0.112,0.0,0
0,1,5,1,3,0,-0.949,3,4,3,-2.467,2,4,20.15,2,0,2,-3.706,2.316,3,0,1,-0.897,7,0,-1.305,5,4,2.476,-1.88,0,3,2,7,0.0,3,4,0,7,7,-0.385,4,5,1,-0.988,0.0,0
5,2,2,4,0,1,-0.109,2,3,3,1.694,5,1,34.28,3,5,3,2.419,0.338,3,1,0,0.58,0,0,1.488,2,4,2.117,3.532,0,3,0,0,0.0,0,0,4,4,2,2.316,7,0,4,1.799,56.06,1
5,3,1,1,2,0,-0.449,4,3,1,-1.157,0,3,26.84,7,0,1,-3.469,-0.047,2,0,0,-3.093,7,2,-4.767,7,2,-2.83,1.007,4,2,0,3,0.0,2,3,3,0,2,-2.943,0,0,0,-2.542,0.0,0
2,4,5,6,5,0,-0.144,2,5,5,-0.23,0,7,26.87,6,4,1,-2.217,-1.042,4,0,1,0.778,3,4,0.431,4,3,-1.071,0.038,5,1,5,7,0.0,0,6,4,3,5,0.561,2,4,3,-0.116,0.0,0
3,7,5,6,3,0,-0.439,0,0,1,2.341,2,4,23.22,0,0,5,2.626,-0.974,2,0,3,0.472,2,0,-2.55,7,1,-1.076,1.68,2,2,2,1,0.0,2,0,0,6,6,0.048,7,4,2,0.828,0.0,0
3,1,3,0,0,0,0.741,2,5,3,-0.428,1,6,35.15,3,2,2,0.452,-0.83,4,1,2,2.161,4,3,2.116,3,2,3.105,-0.275,1,4,1,2,0.0,3,4,4,5,4,1.203,3,2,4,0.515,145.1,1
2,1,4,7,4,0,0.526,4,3,4,1.791,3,1,37.29,5,5,3,-1.971,0.866,2,0,5,1.632,2,1,2.412,7,2,1.93,2.365,0,2,4,7,0.0,5,0,0,3,0,-0.115,2,1,5,1.104,0.0,0
1,5,0,3,1,0,-0.216,3,1,3,1.825,5,7,27.02,7,0,5,2.375,-0.318,2,0,4,-1.136,4,0,1.043,6,4,1.722,-0.283,1,4,2,1,0.0,0,7,0,2,7,0.417,2,5,0,0.298,0.0,0
5,2,0,6,2,0,-1.185,5,3,3,0.661,4,4,35.22,1,4,5,0.166,-0.03,5,0,5,1.707,2,5,-0.129,7,3,-0.97,-1.474,4,0,4,6,0.0,2,2,0,7,4,-0.184,3,2,3,-1.0,0.0,0
5,1,3,1,5,0,-1.865,2,4,4,-0.835,5,1,30.01,2,6,2,-0.952,1.884,5,0,2,-0.427,6,2,0.149,5,0,-2.154,-2.14,5,2,5,1,0.0,5,5,4,4,7,-0.229,4,2,5,-0.906,0.0,0
1,1,5,3,2,0,0.984,4,3,5,-2.391,4,1,31.81,6,1,5,0.801,0.154,4,0,1,-1.318,3,2,0.874,3,4,0.128,1.349,4,3,4,1,0.0,2,4,0,0,6,0.065,2,1,1,-0.163,0.0,0
0,1,4,3,3,0,0.974,3,3,0,0.766,4,6,20.71,5,1,1,4.207,0.163,4,0,1,0.126,6,0,-2.388,6,4,-1.894,-3.315,5,4,0,5,0.0,3,7,3,7,2,-0.558,3,3,4,-0.441,0.0,0
0,2,3,4,5,0,-2.603,2,3,3,-1.098,5,4,23.16,3,5,1,-1.892,0.481,1,0,0,-1.838,7,3,-0.613,4,5,-1.878,0.545,0,0,5,3,0.0,1,6,2,0,6,-0.493,3,0,4,-0.46,0.0,0
4,0,2,6,2,0,-2.48,0,2,5,0.126,1,3,24.7,0,0,2,1.369,0.299,1,0,4,3.016,3,2,-0.432,4,4,-0.771,0.54,3,0,4,6,0.0,4,2,3,0,3,-0.118,5,3,4,0.139,0.0,0
1,2,1,5,1,0,2.352,4,5,3,1.301,3,2,22.81,0,4,5,1.403,-0.815,0,0,1,2.934,2,0,0.375,1,5,3.532,1.155,2,4,0,4,0.0,4,3,5,5,4,0.497,6,2,1,1.176,0.0,0
3,7,1,6,3,0,1.273,3,0,0,-0.634,5,4,30.91,5,2,0,-1.22,-0.009,5,0,3,0.808,0,4,-2.246,7,4,1.728,-1.087,4,3,3,3,0.0,1,2,2,0,4,-1.192,0,4,0,-0.592,0.0,0
4,7,0,3,0,0,-0.657,3,1,4,-0.584,4,1,35.1,5,4,5,0.662,-1.285,0,0,3,-1.358,1,1,1.973,3,1,-1.137,-0.309,1,0,1,4,0.0,4,0,5,7,7,-0.884,6,1,5,-0.507,0.0,0
4,0,4,1,1,1,0.776,5,0,4,4.233,5,5,44.95,6,6,2,2.177,-1.0,0,1,1,3.518,6,4,0.425,4,4,2.952,2.409,1,0,2,5,0.0,2,0,2,5,0,2.532,0,0,0,2.693,162.21,1
5,2,2,6,1,0,3.329,0,2,5,-0.308,4,1,27.57,4,4,0,1.717,0.602,4,0,3,5.607,0,1,-1.695,5,3,0.296,-0.14,3,4,3,7,0.0,2,0,5,6,4,0.401,7,5,0,0.683,0.0,0
4,7,3,2,3,0,-0.77,5,3,1,-3.441,0,7,27.11,4,1,2,-1.227,0.161,3,0,0,5.088,0,2,-0.989,4,1,-2.893,-0.344,2,2,1,4,0.0,0,0,1,6,5,-0.034,6,2,5,-0.689,0.0,0
3,7,1,7,3,0,2.27,5,2,5,-1.512,5,5,34.51,2,6,4,-1.273,1.904,3,1,5,2.542,7,2,0.8,4,2,0.176,-0.019,1,4,2,6,0.0,1,2,3,1,4,0.76,5,2,5,0.727,42.46,1
0,4,3,4,3,0,0.291,5,4,5,2.626,0,3,26.04,1,3,1,-3.361,0.409,5,1,3,2.967,1,3,0.175,1,5,1.619,-0.01,0,4,2,0,0.0,4,7,5,2,4,1.581,4,2,0,2.026,132.04,1
1,4,3,1,5,0,-0.548,5,4,0,-1.762,3,5,28.8,1,1,1,2.413,-0.127,2,0,1,0.934,6,0,1.465,5,3,-1.24,1.396,5,5,4,2,0.0,0,2,1,0,7,1.403,0,5,1,-0.051,0.0,0
0,2,4,2,2,0,-0.902,1,2,1,2.106,2,4,27.74,7,4,3,1.946,-0.365,5,0,1,3.14,1,5,-3.442,1,4,2.596,1.106,2,1,1,2,0.0,5,3,1,0,7,1.862,2,1,0,0.79,0.0,0
5,4,1,0,1,0,-0.843,2,5,4,-1.896,3,1,22.47,7,6,4,-1.014,-0.581,4,0,0,-4.27,0,1,-0.122,5,3,-0.189,0.219,4,5,3,6,0.0,4,5,5,2,6,-1.342,6,5,2,-1.382,0.0,0
3,7,1,2,0,0,-0.187,2,5,3,-0.134,4,5,23.9,5,5,2,-0.689,0.05,3,0,5,-2.16,6,3,-1.775,2,1,-1.733,0.821,1,0,4,0,0.0,2,5,1,1,1,-0.612,4,2,0,-0.886,0.0,0
1,2,3,7,5,0,0.401,2,3,2,2.42,3,5,30.01,2,7,4,-0.804,-0.117,4,0,3,-2.046,2,4,1.72,3,3,1.776,3.407,3,0,0,5,0.0,2,3,4,0,7,1.122,6,5,0,0.361,0.0,0
5,0,3,0,1,0,0.065,1,4,2,-1.939,3,0,22.19,0,5,3,1.009,-0.477,2,0,1,0.121,7,1,0.826,6,3,0.256,0.13,1,2,5,3,0.0,4,6,1,2,6,1.155,2,0,4,0.612,0.0,0
0,2,5,7,5,0,-0.29,3,5,4,0.562,5,5,24.06,4,1,1,1.733,-1.821,2,0,2,-1.223,1,5,-0.789,0,0,-0.634,-0.582,2,2,0,2,0.0,1,0,4,3,6,0.514,4,1,4,-0.296,0.0,0
1,4,1,5,3,0,1.486,3,0,0,-0.934,3,3,26.27,5,0,4,2.297,0.351,4,0,0,0.077,4,1,0.026,3,1,0.702,1.16,4,1,3,6,0.0,5,7,3,3,3,-0.112,1,0,0,1.117,0.0,0
0,6,1,7,3,0,3.754,0,5,3,0.127,1,7,18.57,0,0,0,-0.108,-0.38,3,0,4,-3.942,4,3,1.411,4,0,-1.081,-1.967,2,5,5,7,0.0,4,4,4,4,6,-0.191,3,1,1,-0.091,0.0,0
4,3,2,0,4,0,-2.336,3,0,0,-2.674,5,1,20.63,0,4,5,-1.834,-1.816,4,0,1,-2.537,5,2,-4.846,1,3,-4.886,1.085,0,0,0,4,0.0,2,2,4,7,0,-2.38,3,4,0,-2.027,0.0,0
0,4,2,3,3,0,-0.308,0,4,1,-0.02,5,2,36.66,2,4,2,-0.539,0.068,5,0,0,-3.095,7,1,0.093,6,5,1.642,0.585,3,2,4,0,0.0,5,5,1,5,0,-0.733,7,0,4,-0.656,0.0,0
2,6,2,0,2,1,2.893,4,2,2,3.241,1,4,44.62,3,7,1,2.399,-0.958,4,1,2,3.662,0,1,2.419,1,0,2.328,-1.77,5,0,4,3,0.0,2,5,3,3,6,1.563,6,4,4,1.077,17.22,1
5,3,5,6,3,0,-2.991,4,5,1,0.377,1,1,31.94,1,5,2,0.108,0.174,5,0,4,-0.465,1,5,-1.066,7,5,-0.901,0.405,4,5,0,4,0.0,1,2,3,3,7,-0.331,0,4,0,-0.455,0.0,0
0,5,5,2,1,0,-0.409,3,0,1,-0.09,0,6,22.25,7,6,4,-1.985,-0.133,0,0,4,-0.444,2,5,-2.874,1,3,-1.021,0.164,0,2,4,5,0.0,2,6,4,4,2,-0.825,5,1,3,-0.774,0.0,0
1,7,1,1,3,0,-1.503,4,2,5,2.533,0,3,20.63,4,3,1,-0.006,1.778,0,0,2,4.51,3,1,-1.16,0,2,-0.074,-0.939,5,4,4,6,0.0,0,6,4,4,6,-0.959,1,4,0,0.116,0.0,0
3,7,3,5,0,0,2.919,3,3,0,0.439,0,0,35.97,3,2,2,1.665,-0.224,0,1,2,-0.39,0,4,2.821,4,4,3.708,-0.483,4,3,2,1,0.0,4,1,2,3,5,2.592,1,0,5,0.929,0.0,1
0,3,1,5,0,0,-1.105,5,1,5,-1.808,0,1,40.71,6,7,2,-1.212,-1.508,1,0,2,1.292,1,1,1.034,3,0,-1.554,1.953,3,3,1,1,0.0,1,2,0,2,4,-1.032,0,4,1,-1.286,0.0,0
4,4,3,3,3,0,-0.972,3,4,2,0.845,0,2,35.24,7,0,5,-1.548,0.608,3,0,2,0.299,5,3,-0.409,3,2,0.449,-0.234,3,0,2,6,0.0,3,7,1,0,4,-1.147,3,3,0,-1.074,0.0,0
0,2,3,3,4,0,-0.676,1,2,4,-3.005,1,2,33.32,2,7,1,-2.212,-0.273,5,0,5,-1.775,1,4,-4.192,6,0,-1.747,-2.947,1,5,5,3,0.0,5,1,5,2,1,-0.643,4,3,1,-1.103,0.0,0
4,5,0,0,0,0,-1.658,4,0,1,-1.354,4,3,36.89,1,3,5,0.221,-1.058,5,0,0,-1.131,6,2,-1.237,4,4,1.619,-1.548,2,1,0,1,0.0,3,1,1,0,2,-0.726,5,1,3,-0.55,0.0,0
2,1,3,7,5,0,-1.264,4,3,5,2.864,1,2,21.59,6,6,3,-0.273,-0.28,1,0,0,-0.097,4,3,1.26,4,4,3.155,0.929,5,2,4,6,0.0,4,1,0,5,3,-0.293,7,0,5,-0.281,0.0,0
5,0,4,4,2,0,0.093,0,3,4,-1.355,4,3,22.65,6,1,5,1.65,0.711,4,0,2,-3.483,1,1,0.056,5,4,-0.61,-0.646,0,4,3,7,0.0,1,1,0,1,2,0.517,4,1,0,0.182,0.0,0
1,1,0,3,4,0,-0.152,1,1,1,-0.917,2,7,28.76,1,0,0,0.578,-1.103,4,0,0,3.523,0,0,0.401,3,2,0.653,-1.497,0,0,1,6,0.0,4,7,3,5,7,-0.181,6,1,2,-0.05,0.0,0
1,0,3,3,4,0,-0.645,0,3,2,-2.84,2,6,35.62,6,1,3,-2.81,-2.199,4,0,1,-2.1,7,0,-2.733,7,1,-0.86,-3.811,3,5,5,5,0.0,5,2,5,6,7,-0.831,5,0,0,-0.948,0.0,0
1,3,1,0,5,0,-3.98,2,3,1,-0.981,0,4,28.08,0,1,0,-2.434,-0.857,4,0,1,0.592,2,1,-3.874,7,2,-3.101,-2.962,1,5,2,1,0.0,4,4,0,0,0,-1.471,1,4,1,-1.573,0.0,0
5,5,1,0,4,0,-0.189,4,4,0,-2.02,1,2,23.81,4,1,2,-0.158,3.057,2,0,1,-1.809,5,5,0.594,0,0,-3.178,-4.894,0,4,3,6,0.0,4,3,3,5,0,-0.64,2,2,3,-0.989,0.0,0
1,6,2,1,0,0,4.117,4,0,0,0.999,4,5,31.53,5,1,1,2.912,0.215,2,1,2,-1.57,2,1,-0.55,2,2,1.64,1.747,1,5,1,1,0.0,3,4,3,1,7,1.074,3,5,0,1.033,69.05,1
3,6,3,2,4,0,-2.254,1,5,2,-2.577,3,7,32.06,0,0,3,-2.577,-0.271,3,0,1,-2.147,4,4,-1.646,0,2,1.353,-1.567,4,3,3,3,0.0,1,4,4,1,3,-0.097,2,4,3,0.113,0.0,0
2,6,3,4,3,1,2.531,0,4,5,4.055,1,2,40.62,7,0,2,-0.538,-0.156,3,1,0,0.8,0,0,1.846,5,0,3.495,3.188,1,1,0,1,0.0,1,4,3,3,4,1.539,4,0,1,1.522,193.74,1
2,2,3,4,1,0,1.307,5,1,4,-1.031,1,1,29.71,6,6,0,-1.334,2.023,5,0,5,0.4,5,5,0.424,3,0,-1.3,-0.027,4,2,5,3,0.0,2,4,2,7,0,0.135,1,5,2,0.255,0.0,0
2,1,4,3,3,1,-1.639,1,3,1,1.875,4,0,32.42,0,5,3,1.651,-0.761,5,0,0,-1.392,7,2,-0.384,1,3,0.286,3.65,3,1,0,3,0.0,2,0,3,2,0,1.899,2,3,0,1.213,0.0,1
4,3,1,1,5,0,-0.916,2,2,0,-0.078,4,7,25.92,6,2,2,-0.211,-0.761,3,0,3,-0.748,5,0,-1.096,5,2,-0.143,0.924,3,0,2,0,0.0,1,0,1,7,0,0.076,6,2,0,-0.347,0.0,0
4,2,5,1,1,0,-1.927,4,3,3,-0.849,2,4,32.23,7,3,1,1.338,0.951,1,0,5,0.179,6,1,1.817,1,3,1.168,2.244,1,5,2,4,0.0,3,5,5,1,1,-0.533,1,5,0,-0.194,0.0,0
4,3,0,7,5,0,-0.241,4,2,0,-3.107,4,4,23.65,2,5,1,-0.763,1.101,2,0,5,-2.703,3,2,-2.353,6,2,-0.016,-0.39,4,0,3,1,0.0,1,4,1,4,7,-0.949,6,1,2,-0.604,0.0,0
4,2,2,2,2,1,-0.783,4,4,4,2.473,2,2,28.44,1,3,0,4.448,-0.38,4,0,4,1.049,3,5,1.461,4,1,-0.542,1.144,5,4,2,4,28.48,3,1,1,7,6,1.35,5,0,5,1.498,38.6,1
3,2,3,4,3,0,-1.134,3,4,1,-3.734,2,5,24.24,5,1,3,-1.819,0.319,1,0,1,-0.801,7,4,-1.422,0,3,-5.485,-2.211,0,5,5,2,0.0,1,7,0,2,6,-2.016,2,3,1,-2.14,0.0,0
1,0,3,5,2,0,-1.291,1,3,4,5.626,3,7,41.49,0,7,2,2.749,3.383,3,1,4,-1.49,5,2,2.842,5,1,2.013,-1.806,4,0,5,2,0.0,4,6,5,5,6,1.402,2,2,1,1.533,226.37,1
5,6,2,7,2,0,0.262,0,4,4,0.203,2,7,34.24,2,6,0,-0.239,-1.174,3,0,2,-0.058,5,1,-2.63,6,2,-2.356,-1.078,1,3,4,3,0.0,2,7,0,4,7,-0.377,1,5,5,-0.568,0.0,0
1,2,1,4,5,0,-2.18,4,3,2,-1.276,2,4,29.49,0,0,1,0.13,0.074,2,0,5,1.899,5,1,1.994,4,4,-1.665,1.527,3,0,1,2,0.0,3,7,5,2,1,-0.308,5,2,4,-0.099,0.0,0
3,6,2,3,1,0,-0.996,4,2,1,-2.537,3,3,31.69,3,1,5,-3.078,0.208,3,0,2,-0.637,7,1,-1.912,2,1,-0.78,1.142,4,5,0,6,0.0,2,2,2,5,6,-0.93,6,3,1,-0.659,0.0,0
5,0,0,7,0,0,2.384,3,4,5,0.734,1,5,33.03,2,2,0,1.509,0.355,3,0,3,-0.337,6,2,0.511,1,2,0.836,-0.389,3,3,5,3,0.0,1,5,0,7,5,0.278,4,2,4,1.625,0.0,0
1,7,0,2,5,0,-2.034,2,3,5,-2.187,1,7,20.14,6,3,0,0.178,-0.26,0,0,0,-0.189,7,3,-3.547,1,3,-2.064,-2.54,2,3,3,7,0.0,4,7,2,5,6,-0.759,6,3,4,-1.037,0.0,0
2,2,0,3,2,0,0.978,1,0,0,0.389,2,3,43.47,7,6,2,2.252,-0.654,3,1,2,-2.157,7,0,-1.764,0,5,2.784,-1.316,5,3,0,1,0.0,3,4,3,2,4,0.417,6,4,0,0.693,101.62,1
3,1,5,2,2,0,-0.398,3,2,1,-0.66,3,3,21.55,6,4,3,0.531,0.63,0,0,3,-2.044,0,2,0.434,7,0,0.629,-0.805,4,2,1,5,0.0,4,0,5,0,1,1.303,6,5,5,0.387,0.0,0
0,2,1,0,0,0,3.107,4,2,1,-1.792,0,1,28.89,0,3,5,0.465,0.197,2,0,0,1.8,7,0,3.109,5,5,0.356,1.472,0,4,2,0,0.0,4,0,4,4,0,0.346,1,3,5,-0.316,0.0,0
5,0,2,1,3,0,-2.772,1,5,4,-0.639,3,6,26.64,5,0,2,0.253,0.362,4,0,2,-3.59,4,2,-2.06,2,5,-0.156,-3.431,4,1,5,7,0.0,2,7,2,2,4,-1.807,7,4,1,-1.053,0.0,0
3,5,5,7,3,0,-2.985,3,4,1,-2.767,1,5,28.66,3,2,5,-0.73,0.349,1,0,0,-3.73,6,1,-0.037,4,5,-0.253,-0.292,3,4,4,1,0.0,0,5,0,3,6,-0.874,0,1,2,-0.91,0.0,0
2,0,4,3,0,0,-1.398,3,4,2,0.953,1,1,26.91,5,2,2,-1.345,-0.182,3,0,3,-3.383,2,5,1.241,0,1,0.381,-1.137,5,4,1,7,0.0,3,4,3,6,0,0.838,5,5,5,0.058,0.0,0
3,0,2,5,3,0,-1.558,4,3,4,0.672,1,1,33.36,0,1,4,0.213,-0.455,2,0,5,-0.557,6,3,-2.43,5,5,0.85,-1.664,2,5,4,4,0.0,4,4,3,6,1,-0.666,2,3,5,-0.667,0.0,0
5,6,3,6,4,0,1.808,2,2,1,1.601,3,1,29.05,4,5,3,-3.305,-1.192,2,0,0,2.833,1,2,0.66,1,3,1.176,1.681,5,1,0,6,0.0,1,3,4,2,3,1.049,3,4,5,1.451,0.0,0
4,1,0,5,4,0,-0.008,1,1,1,-1.689,4,1,34.98,5,0,5,-1.333,0.914,5,0,4,1.629,4,0,-1.576,3,5,2.468,-0.283,4,3,4,4,0.0,1,3,4,7,2,-0.075,0,3,4,-0.894,0.0,0
2,6,0,0,4,0,-0.636,4,5,5,-1.541,0,3,33.12,3,5,3,1.001,-0.04,1,0,4,1.352,4,0,1.48,4,1,-0.109,-2.12,0,2,0,1,0.0,2,7,5,3,1,-1.232,5,2,0,-0.057,0.0,0
0,1,2,4,1,0,-1.934,3,2,0,-0.85,5,0,37.15,5,6,1,0.67,0.153,0,0,3,-1.094,3,0,-0.629,6,0,-0.632,0.638,2,1,2,6,0.0,2,5,0,5,6,-0.516,0,0,4,-0.123,0.0,0
2,0,1,5,5,0,-1.854,3,4,1,1.662,1,6,35.08,0,0,5,-1.695,0.985,3,0,3,-0.391,4,0,2.664,7,1,-2.402,-1.252,3,4,3,4,0.0,3,0,4,0,3,-0.384,5,4,5,-1.094,0.0,0
2,4,1,7,2,0,1.442,3,5,0,-0.247,1,6,28.14,3,1,3,0.905,-0.106,0,0,2,-1.124,3,2,1.339,4,0,2.024,0.4,4,2,1,0,0.0,3,2,2,5,4,-0.745,5,0,4,-0.617,0.0,0
1,7,4,7,2,0,-1.341,5,2,1,-0.02,0,1,26.25,2,3,2,3.368,0.099,5,0,4,-1.041,7,4,3.502,3,2,1.64,0.666,1,3,5,3,0.0,5,0,2,7,1,0.373,3,1,2,1.001,0.0,0
2,6,0,3,2,0,-1.577,4,4,5,1.57,5,3,24.12,2,5,2,1.112,0.495,5,0,2,-0.93,4,4,-0.05,6,4,-0.442,0.541,1,4,2,3,0.0,0,6,2,0,5,0.508,1,2,1,0.93,0.0,0
0,0,5,4,5,0,-1.166,2,4,3,2.23,2,3,31.28,1,2,0,-0.499,-0.122,3,0,4,-3.505,4,4,3.732,7,2,0.533,0.339,2,1,5,5,0.0,3,4,0,1,0,1.209,2,4,3,0.498,0.0,0
3,4,3,5,3,0,0.555,4,3,0,-0.447,3,0,37.87,1,5,2,-2.631,-0.748,2,0,4,1.993,1,5,1.396,0,4,-0.903,-1.65,1,4,3,6,0.0,5,2,4,3,0,-0.603,7,0,2,-0.352,0.0,0
5,4,4,7,5,0,-2.412,4,5,4,0.202,1,4,37.94,2,7,4,1.268,-0.991,2,0,2,3.639,1,1,-1.218,6,4,-0.901,0.239,1,3,1,3,0.0,0,0,2,3,4,-0.306,0,5,3,-1.714,0.0,0
3,0,4,6,3,1,0.962,3,3,0,-0.257,0,6,42.1,3,7,4,1.091,-0.894,5,1,3,-0.473,5,5,1.662,2,2,-0.571,2.456,3,5,1,3,0.0,0,7,0,6,6,1.458,7,2,1,1.597,117.78,1
3,5,0,0,0,0,-2.574,2,3,1,-1.15,3,5,27.46,7,4,4,-0.842,-0.824,2,0,4,-1.838,6,2,0.492,5,4,1.533,-1.509,2,4,2,7,0.0,2,7,1,4,7,-0.506,6,0,1,-0.259,0.0,0
2,5,3,0,5,0,-1.483,2,1,3,-2.416,5,4,29.99,0,3,4,-1.309,-0.24,5,0,2,-4.28,4,5,-3.292,7,5,-0.044,-1.526,0,2,2,5,0.0,4,4,3,4,2,-1.466,0,2,5,-1.409,0.0,0
2,2,0,1,0,0,-1.279,4,0,5,1.052,1,1,29.02,6,4,5,-0.294,-0.404,4,0,3,2.197,1,5,-0.486,0,3,-3.831,1.633,1,2,3,0,0.0,3,2,2,4,7,0.29,7,4,3,0.03,0.0,0
2,0,3,4,0,0,0.172,4,4,0,1.151,2,0,29.51,7,0,0,1.225,0.755,3,0,1,3.881,1,5,-2.857,5,5,-1.356,-0.229,0,2,5,6,0.0,0,6,1,3,6,0.267,2,2,3,0.112,0.0,0
3,4,3,1,1,0,1.07,5,0,4,1.981,1,0,30.25,2,0,2,2.151,-2.586,4,0,3,-5.335,0,0,1.218,5,1,1.947,-0.412,4,0,5,3,0.0,1,1,2,0,5,0.526,2,3,5,1.089,0.0,0
4,1,2,5,1,0,0.722,2,4,4,-0.731,3,5,23.58,3,0,2,-1.337,-1.253,3,0,3,-3.861,7,3,-1.763,7,3,-0.666,0.049,0,0,0,2,0.0,0,0,5,3,3,-1.378,0,2,5,-1.107,0.0,0
3,2,4,0,3,1,2.765,4,0,1,0.031,2,2,42.1,7,0,0,2.26,2.05,3,1,1,1.089,1,4,2.332,7,1,2.843,1.995,5,0,0,0,0.0,1,5,4,0,5,2.38,4,2,3,1.675,0.0,1
2,7,5,4,3,0,-1.187,5,2,2,-4.325,1,4,34.08,7,0,2,-3.948,0.07,0,0,5,-3.468,5,5,-2.481,7,0,-1.961,0.208,0,1,4,7,0.0,0,7,2,3,3,-2.071,7,2,1,-1.848,0.0,0
4,6,4,2,1,0,2.28,2,3,5,1.008,4,2,35.19,4,1,3,3.713,0.038,5,1,0,1.718,2,3,2.61,1,0,2.603,0.684,3,1,5,7,0.0,1,4,4,0,4,1.533,2,4,3,1.264,153.28,1
2,2,3,3,3,0,0.963,4,0,4,0.545,0,1,28.84,2,3,2,0.979,1.271,1,0,5,0.938,4,4,-0.643,1,3,2.688,0.443,3,1,3,2,0.0,2,3,5,2,3,-0.792,2,0,5,0.129,0.0,0
5,0,5,4,3,0,4.012,1,1,4,2.151,0,7,30.69,3,4,4,-1.844,0.762,5,0,0,0.202,6,0,0.375,7,4,-0.316,-0.432,4,0,3,6,0.0,3,7,0,4,4,-0.067,4,2,4,0.707,0.0,0
1,7,0,4,5,0,0.107,5,5,2,0.577,4,0,36.62,3,1,4,1.255,-1.21,0,0,3,-0.335,1,5,-0.525,7,3,2.587,1.597,0,1,0,1,0.0,5,0,0,6,3,0.251,2,0,1,-0.563,0.0,0
5,7,0,2,5,0,-0.189,3,2,4,-1.119,4,4,21.73,4,7,5,-2.061,-1.986,5,0,3,-3.691,0,0,2.351,3,4,-0.332,3.454,1,2,4,5,0.0,3,3,0,0,1,-0.914,2,5,3,-0.781,0.0,0
1,3,5,1,5,0,-0.446,2,0,1,1.633,2,1,32.6,6,2,2,-0.351,0.722,2,0,2,-0.544,6,3,-1.583,5,4,1.635,-1.924,3,0,2,6,0.0,1,6,5,3,7,-0.058,2,1,0,-0.012,0.0,0
1,7,3,1,1,1,3.718,4,0,0,4.012,5,2,40.98,2,6,3,2.362,-0.745,0,1,0,3.049,6,4,2.408,3,0,1.005,2.509,0,4,5,5,0.0,1,7,5,5,4,1.707,1,5,3,2.495,104.56,1
4,6,5,0,1,0,0.478,3,5,3,-2.274,1,2,28.86,0,4,2,-0.384,-0.83,1,0,1,2.671,1,2,0.843,0,5,-4.787,-0.198,4,1,4,1,0.0,1,2,3,2,7,-0.323,3,3,2,0.381,0.0,0
4,7,2,4,2,0,1.142,0,1,3,0.374,2,7,42.66,1,6,4,-0.372,1.448,0,1,1,1.498,7,5,1.771,1,2,0.08,3.768,5,3,1,4,0.0,3,5,1,6,2,1.3,3,4,4,2.039,112.55,1
5,0,4,2,2,0,-0.119,5,2,2,-1.026,5,4,36.36,4,3,0,-3.24,0.093,0,0,1,-2.105,4,3,0.165,7,5,0.22,-2.114,2,4,0,3,0.0,1,2,3,5,7,-0.426,2,3,5,0.069,0.0,0
4,5,3,0,3,0,2.001,3,4,4,-1.535,3,0,30.74,7,3,0,0.336,0.37,3,0,0,-0.03,6,4,-2.626,3,0,1.611,1.778,1,4,4,7,0.0,5,0,3,5,0,-0.482,7,1,4,-0.836,0.0,0
0,6,2,2,2,0,-1.406,2,3,3,-0.985,0,5,33.59,7,6,3,1.406,-0.06,2,0,0,0.904,3,4,0.647,2,2,-0.383,-1.448,2,2,4,5,0.0,0,3,1,2,1,-1.263,1,4,1,-1.312,0.0,0
0,0,4,7,4,1,-0.872,5,2,0,3.302,2,7,36.52,3,3,2,1.26,0.255,4,1,0,-1.316,7,4,3.446,7,1,1.363,0.011,2,4,0,2,0.0,4,5,2,6,4,1.315,4,0,3,1.631,0.0,1
4,1,5,1,2,0,-0.131,5,0,4,0.515,3,4,43.08,1,4,1,3.88,-0.122,1,1,4,-1.952,4,4,3.347,7,5,1.812,2.063,5,5,3,3,0.0,2,5,5,4,3,1.205,5,5,0,1.746,187.52,1
4,5,4,0,5,1,4.317,3,5,0,4.362,3,2,31.26,2,5,3,3.513,1.771,4,1,5,0.88,5,2,1.122,2,0,-0.869,3.752,2,1,4,1,70.6,0,5,0,2,4,1.533,5,4,1,0.402,0.0,1
5,5,3,1,3,1,0.188,0,0,3,1.3,2,2,26.18,6,4,0,4.891,-0.143,0,1,1,-2.941,6,0,1.39,1,2,0.319,1.108,1,2,1,4,0.0,3,2,5,2,7,1.597,4,5,2,2.193,135.3,1
2,1,4,1,5,0,-1.379,0,2,4,2.617,5,3,33.03,1,7,0,-0.247,1.001,5,1,4,-0.522,1,5,-0.371,7,1,0.385,2.016,3,5,4,0,0.0,4,0,0,4,5,0.393,3,4,3,0.804,0.0,1
2,3,2,7,2,0,-4.436,2,1,1,-0.59,2,2,32.85,7,4,1,-0.031,0.572,3,0,5,1.726,1,2,-1.072,1,2,-1.218,2.406,1,0,3,7,0.0,1,7,0,0,2,-0.131,1,3,5,-0.865,0.0,0
3,4,4,7,4,0,-0.29,4,5,0,-1.094,2,7,32.51,4,6,1,0.039,-0.034,5,0,4,-1.36,7,3,-0.03,2,0,-2.752,-0.743,0,5,3,3,0.0,4,0,3,7,1,-0.326,0,2,1,-0.367,0.0,0
1,6,4,7,1,0,-2.816,0,4,5,-2.449,3,3,20.97,4,4,5,0.142,-0.365,1,0,4,-1.337,3,2,-3.197,1,4,0.669,1.377,2,0,1,5,0.0,5,7,1,6,3,-1.289,2,5,3,-0.673,0.0,0
0,3,5,0,0,0,-1.46,3,1,1,-0.281,4,1,21.78,2,6,2,-0.167,-1.319,4,0,3,-1.195,2,3,0.098,0,0,-2.48,0.159,0,4,3,6,0.0,0,0,1,3,3,-0.847,6,4,1,-0.56,0.0,0
5,3,2,4,2,0,-0.428,1,0,0,-2.623,5,5,32.39,4,2,3,2.541,0.312,5,0,5,-0.083,0,2,1.224,3,0,2.342,-2.635,4,2,1,2,0.0,1,1,4,1,3,0.536,4,3,5,0.067,0.0,0
5,5,4,7,3,0,2.065,5,0,4,0.73,2,6,14.81,1,3,2,2.627,1.551,0,0,2,0.211,0,0,1.52,7,0,0.038,-1.379,4,4,5,5,0.0,2,7,4,4,4,0.641,4,5,2,0.573,0.0,0
5,0,2,6,2,0,1.708,3,5,1,0.511,2,7,30.58,6,0,1,0.188,-0.039,3,0,5,-1.487,3,3,1.269,3,0,-2.658,-1.056,5,0,5,6,0.0,4,4,2,4,3,-0.917,1,3,1,-0.245,0.0,0
2,5,1,3,4,0,0.255,4,3,4,-2.822,1,2,23.11,6,7,1,-1.178,0.572,0,0,1,5.028,5,1,-0.524,3,0,0.875,0.043,5,2,4,7,0.0,3,6,0,3,5,-1.087,5,0,3,-0.802,0.0,0
3,0,0,0,4,0,-1.235,4,0,2,2.61,5,3,38.37,2,3,2,1.097,-1.595,4,0,3,1.999,0,3,-1.888,0,5,5.603,0.345,2,5,1,6,0.0,2,4,4,4,0,0.972,3,1,2,1.288,0.0,0
1,7,3,0,0,0,1.111,1,2,2,1.021,1,6,34.75,6,6,2,-0.58,0.304,0,0,4,0.605,2,2,0.964,4,2,1.924,1.535,2,3,4,1,0.0,5,4,4,3,0,1.267,2,5,0,0.827,0.0,0
3,1,3,5,5,0,-1.738,4,5,3,-1.531,4,4,28.48,0,6,5,-2.291,-0.889,1,0,2,-4.016,5,5,-2.882,7,3,-1.983,-0.125,4,4,1,1,0.0,1,2,1,6,3,0.319,3,0,2,-1.075,0.0,0
3,3,4,3,2,1,-1.462,4,2,4,1.257,4,4,28.02,1,2,1,2.924,0.107,1,0,5,0.206,4,2,0.549,6,4,-0.784,-0.978,5,2,4,4,0.0,5,3,5,2,4,0.754,2,3,3,2.077,162.61,1
4,5,0,3,5,1,1.709,1,0,5,0.355,4,5,49.91,2,6,1,1.259,-1.098,2,1,2,0.756,7,4,0.879,6,0,3.604,0.81,2,1,0,6,0.0,1,5,4,7,6,1.831,1,4,1,1.792,0.0,1
3,7,3,6,3,0,0.19,2,5,2,2.255,5,5,38.28,1,4,1,-0.832,-2.448,4,1,5,1.379,3,3,2.137,0,2,1.918,3.412,0,5,3,7,0.0,2,1,5,0,1,1.014,2,1,1,0.606,0.0,1
5,2,0,0,2,0,-1.964,2,2,5,-2.175,3,6,21.64,5,2,3,1.646,-2.134,0,0,5,0.046,5,4,0.736,0,2,-0.359,-0.29,0,0,3,7,0.0,4,4,2,1,3,0.638,3,2,0,0.065,0.0,0
3,7,0,4,2,0,-1.747,4,2,2,2.812,2,4,39.39,6,7,5,1.183,0.318,4,1,1,0.943,2,3,3.173,1,1,1.292,1.145,2,3,1,3,0.0,2,7,5,1,2,0.542,6,3,3,1.153,0.0,1
4,5,5,3,4,0,-3.595,2,4,4,-2.038,4,0,36.54,3,3,5,2.711,-0.173,3,0,4,-0.499,5,1,-1.029,4,0,-0.227,-0.944,3,5,2,3,0.0,0,6,2,1,6,-1.249,6,3,0,-0.256,0.0,0
5,7,2,1,0,0,-1.05,4,3,2,-1.659,4,6,27.72,5,7,0,1.196,0.259,2,0,2,-2.003,0,4,-1.063,5,3,0.647,1.574,5,5,3,1,0.0,1,3,2,0,0,-0.716,5,1,3,-0.102,0.0,0
3,2,1,0,1,0,0.497,2,3,2,-3.355,4,3,36.58,0,5,4,0.282,-0.194,0,0,1,1.099,6,1,-0.825,2,1,-0.001,-1.7,0,3,2,7,0.0,3,5,4,5,7,-0.123,4,3,1,-1.104,0.0,0
4,3,4,2,3,0,1.123,1,0,3,1.236,1,0,29.79,4,1,5,0.23,0.039,0,0,2,0.251,3,3,1.881,5,3,-0.189,-0.039,0,4,3,3,0.0,0,5,1,3,1,0.596,6,0,4,0.427,0.0,0
1,6,1,0,5,0,0.389,3,4,3,0.483,3,4,24.44,5,6,3,-1.843,0.759,2,0,1,0.238,0,2,1.679,7,2,-0.668,-0.673,5,2,3,3,0.0,5,0,0,0,1,0.149,1,1,0,0.334,0.0,0
4,5,0,6,2,0,0.616,0,1,1,-0.495,3,6,21.7,4,3,4,-1.006,0.632,1,0,3,1.319,4,5,1.572,3,4,-0.703,1.308,2,0,3,7,0.0,2,0,3,1,7,0.617,7,3,1,0.708,0.0,0
2,3,5,6,1,0,-1.021,0,3,5,-0.876,1,3,27.87,3,3,0,0.903,1.272,2,0,2,-0.133,0,3,-0.447,6,0,0.562,0.943,4,3,5,3,0.0,2,2,4,2,7,-1.078,2,3,3,-0.047,0.0,0
4,3,3,2,4,0,-0.098,2,3,3,-0.581,3,0,33.71,3,6,5,-0.131,0.929,4,0,0,-0.214,3,3,0.104,4,2,0.879,-1.565,3,3,2,2,0.0,5,4,0,3,0,0.355,0,0,1,0.133,0.0,0
2,0,5,5,5,0,0.696,5,2,2,-0.375,4,6,37.31,0,6,5,0.792,0.784,0,0,0,0.71,0,2,-0.288,5,2,0.372,-0.644,1,0,4,6,0.0,2,1,0,3,5,0.181,4,1,3,0.465,0.0,0
3,0,1,1,2,0,-0.635,2,4,0,-3.047,3,4,8.76,4,1,2,-1.026,1.121,3,0,3,0.691,3,3,-0.527,5,1,-1.497,-0.057,0,0,4,6,0.0,5,4,4,2,2,-1.472,5,1,5,-1.488,0.0,0
5,0,5,2,3,0,0.301,1,5,0,-5.027,4,4,17.55,4,5,5,0.244,1.342,2,0,2,2.478,5,2,-0.037,7,1,0.053,-3.12,3,4,3,3,0.0,1,4,5,1,7,-0.611,6,0,0,-0.502,0.0,0
5,4,1,3,1,0,-1.513,5,3,1,0.119,5,7,28.35,0,7,1,2.858,1.35,5,0,2,-0.357,1,5,-1.649,1,5,0.08,-2.582,3,3,5,2,0.0,0,0,0,6,5,-0.537,3,5,5,-0.542,0.0,0
0,5,2,0,1,1,2.63,3,3,4,2.714,5,7,33.91,4,0,4,4.448,-1.918,2,1,4,1.209,7,2,2.238,5,4,3.721,3.805,0,2,0,3,0.0,5,2,2,3,7,2.759,4,3,5,2.743,57.6,1
5,3,1,4,4,0,1.279,0,5,1,2.319,3,7,23.46,7,2,2,3.097,-0.035,5,0,2,0.658,1,5,-0.584,5,5,1.556,-0.394,0,5,1,1,0.0,2,7,5,6,5,0.778,1,1,3,0.161,0.0,0
2,7,5,0,0,0,1.073,1,1,3,1.182,5,0,27.9,3,4,5,0.348,0.559,2,0,5,-2.247,1,3,1.172,0,0,-0.692,-0.579,5,4,2,5,0.0,1,0,4,7,1,-0.522,5,5,1,-0.812,0.0,0
1,1,3,2,0,0,-2.108,1,4,4,0.282,2,7,28.58,6,5,1,-1.247,-0.271,4,0,2,-2.999,2,5,-1.675,5,3,0.043,-1.493,4,0,4,6,0.0,0,7,5,3,4,-0.732,3,5,5,-0.396,0.0,0
4,5,1,4,3,0,0.069,1,5,0,1.649,0,5,29.56,4,5,5,-0.525,-0.562,3,0,4,2.743,0,5,1.474,2,5,-0.155,1.136,2,1,5,0,0.0,3,6,4,3,1,0.051,5,1,3,-0.973,0.0,0
4,7,3,4,4,0,-0.929,1,0,2,1.977,2,4,26.74,5,7,1,-1.098,0.258,1,0,0,0.74,4,4,-3.249,5,0,-0.934,-0.811,4,0,3,4,0.0,2,7,5,7,5,-0.28,0,4,3,-0.09,0.0,0
5,7,3,2,0,0,-0.584,4,4,4,0.893,3,7,19.16,6,3,0,-3.222,1.121,5,0,1,-4.606,2,5,-1.85,1,1,-0.434,1.187,2,2,0,1,0.0,5,2,3,2,7,-0.873,3,2,0,-0.966,0.0,0
2,4,4,7,3,0,1.449,5,3,5,-0.604,4,0,11.61,3,2,3,1.941,0.743,3,0,4,3.593,0,2,-0.194,3,4,-1.441,0.273,4,5,0,4,0.0,2,7,4,5,0,-0.288,5,3,2,-0.8,0.0,0
0,5,1,3,5,0,-2.132,2,3,3,-2.973,1,2,16.83,0,3,1,-1.837,-1.099,1,0,0,-2.44,3,3,-3.0,7,1,-3.121,-2.869,3,1,3,3,0.0,1,2,4,2,1,0.115,5,5,3,-1.238,0.0,0
0,0,5,1,3,0,1.164,3,0,1,-2.795,1,5,24.14,5,2,4,-0.206,1.538,4,0,5,2.975,5,4,-0.936,3,2,0.038,-0.467,5,4,0,1,0.0,1,7,5,1,5,-0.348,1,3,4,-0.427,0.0,0
4,7,5,0,0,0,-0.116,0,4,3,-1.315,3,3,17.29,1,2,1,1.148,0.197,1,0,4,-0.939,0,3,-1.79,4,4,0.425,-1.92,3,5,4,3,0.0,1,0,5,7,6,-0.848,7,3,5,-0.06,0.0,0
0,7,4,7,2,0,-0.138,5,4,0,1.315,5,5,18.86,2,3,3,-2.236,-0.372,1,0,2,-0.852,6,4,-1.95,1,5,-1.112,-4.196,4,2,4,6,0.0,0,7,5,2,2,-1.148,6,0,5,-0.971,0.0,0
3,6,1,7,1,0,-0.068,4,1,0,-1.578,4,0,32.4,4,3,1,-1.571,0.357,5,0,0,-3.089,4,3,-0.403,4,2,-0.853,-1.545,4,0,1,4,0.0,4,7,4,5,6,-0.333,3,3,0,-1.258,0.0,0
2,0,5,2,4,0,0.06,3,2,3,-1.141,2,5,32.89,5,6,1,-1.107,-0.269,4,0,4,-2.665,5,4,2.533,5,4,0.231,2.827,5,3,1,5,0.0,0,6,4,1,2,-0.498,6,0,1,0.584,0.0,0
0,3,5,1,3,0,-0.006,2,1,3,-2.853,5,6,25.16,7,0,5,-4.285,-0.958,2,0,2,2.841,1,0,-1.307,4,3,-1.691,-0.238,0,1,0,6,0.0,5,1,4,4,0,-0.5,5,3,5,-0.835,0.0,0
4,4,2,3,4,0,-2.097,4,0,5,-0.664,1,5,30.08,7,1,4,-0.5,1.258,4,0,2,0.655,6,1,-0.957,7,2,-2.293,-2.221,0,2,5,7,0.0,3,2,0,2,1,0.294,2,2,4,-0.673,0.0,0
3,6,4,2,2,0,2.007,5,4,2,0.037,4,3,35.53,4,0,5,-1.896,1.397,4,0,4,-4.827,1,1,1.654,3,4,-0.16,-0.993,0,0,1,0,0.0,4,5,0,2,6,0.12,6,2,5,-0.164,0.0,0
2,0,5,1,5,0,-0.27,2,1,0,-2.68,4,4,16.95,4,7,2,-0.06,-0.023,2,0,4,5.071,2,2,0.801,0,0,1.297,0.192,5,3,2,7,0.0,1,7,4,3,2,0.567,4,2,5,0.2,0.0,0
4,6,2,1,4,0,2.874,1,0,5,0.098,2,7,36.11,0,4,4,-2.588,0.196,2,0,5,-1.716,5,0,-1.047,6,2,-0.253,0.413,4,2,2,1,0.0,0,3,5,7,0,-1.587,0,0,4,-0.859,0.0,0
5,0,5,7,4,0,-0.205,0,5,1,-0.715,2,1,38.42,4,3,1,-3.929,0.94,0,0,3,2.105,3,4,-3.112,6,0,-1.642,-1.149,2,0,1,1,0.0,2,2,1,7,4,-1.813,7,4,1,-1.697,0.0,0
2,7,0,0,4,0,0.122,1,2,0,-1.003,1,2,32.24,0,1,4,-1.463,-1.152,4,0,2,0.337,1,3,0.374,4,5,-2.791,-2.063,2,5,3,1,0.0,2,5,3,1,6,-0.975,5,5,5,-0.737,0.0,0
3,7,3,1,4,0,0.536,2,5,5,-0.824,3,0,30.37,6,5,1,0.95,1.16,5,0,3,-1.33,0,0,-0.549,6,5,0.798,-0.507,3,1,4,6,0.0,1,1,4,5,6,-0.098,3,0,3,0.075,0.0,0
5,7,2,3,1,0,1.385,4,0,5,0.49,0,7,28.13,0,6,1,-0.116,0.201,5,0,0,-2.146,0,4,0.174,0,4,-0.264,-1.216,5,3,3,0,0.0,1,5,4,0,0,0.511,6,2,5,0.62,0.0,0
5,7,0,2,2,0,0.9,3,5,1,-0.438,0,7,22.82,2,3,0,-0.54,-1.219,0,0,1,0.861,3,3,0.594,5,0,0.292,0.711,1,1,1,1,0.0,0,5,1,3,6,-0.507,6,2,0,-0.557,0.0,0
3,6,4,7,5,1,1.868,5,1,3,-0.238,4,2,34.41,1,2,4,2.326,0.663,3,1,0,-0.38,5,0,2.377,4,4,3.581,1.444,1,1,0,2,0.0,2,7,3,4,7,1.648,5,5,4,1.504,40.95,1
2,1,4,0,5,0,0.854,2,3,2,1.161,4,7,26.08,5,3,3,-1.182,0.3,1,0,5,-0.597,7,4,0.837,0,4,1.414,1.707,4,3,0,1,0.0,0,3,2,0,2,-0.343,4,2,2,0.222,0.0,0
0,3,4,3,0,0,-1.508,3,0,1,-1.53,4,4,26.53,6,7,1,-2.082,0.189,0,0,0,-1.412,4,2,-2.344,2,0,-1.974,-3.945,3,5,1,4,0.0,0,1,5,7,5,-0.696,3,1,2,-0.762,0.0,0
4,0,1,1,4,0,1.272,4,2,2,1.951,3,0,35.16,2,7,0,2.675,-0.423,5,1,1,1.261,3,5,0.427,5,0,2.814,2.861,2,2,3,7,0.0,3,2,0,3,7,1.574,6,4,5,1.494,100.69,1
1,6,4,6,5,0,0.365,1,1,3,-1.88,2,6,19.35,1,3,2,-0.942,-0.344,1,0,0,0.461,7,1,-0.523,7,1,0.304,-0.479,0,1,2,1,0.0,2,2,2,0,3,-0.598,5,0,3,-1.148,0.0,0
1,1,5,3,5,0,-0.432,2,5,0,1.095,4,7,37.42,3,0,1,-2.625,-0.943,5,0,4,-1.987,1,2,-1.557,4,0,-0.462,-1.399,0,5,5,1,0.0,1,3,2,3,4,-1.442,5,2,5,-1.061,0.0,0
3,7,4,7,1,0,2.232,5,3,4,0.335,4,2,32.98,2,5,2,-2.791,0.545,4,0,2,-0.261,7,2,1.851,3,3,1.006,2.521,2,5,1,5,0.0,4,5,0,2,5,1.088,1,1,1,0.592,0.0,0
4,6,2,6,0,0,0.242,1,4,2,2.115,5,1,19.33,6,0,5,1.145,-0.928,1,0,2,-0.86,6,3,2.086,6,1,1.727,-1.146,3,5,2,1,0.0,4,2,0,5,5,0.783,4,3,0,0.678,0.0,0
1,4,1,7,1,0,0.636,1,1,2,-0.763,5,1,22.44,0,4,4,-1.827,0.975,2,0,2,0.775,0,1,0.764,6,4,-0.015,1.32,5,1,2,4,0.0,0,1,1,4,4,-0.306,7,4,4,0.381,0.0,0
0,0,2,7,4,1,1.964,0,3,5,1.028,0,6,29.75,5,0,1,-0.918,0.075,2,0,0,0.538,4,0,1.223,4,1,-0.093,0.348,5,3,2,5,0.0,1,6,1,2,7,1.236,1,5,2,1.196,66.94,1
4,7,0,0,0,0,1.861,0,0,0,-0.69,0,6,36.95,1,4,4,-1.327,1.287,5,0,1,-0.545,4,1,-2.525,5,2,3.18,0.961,4,0,3,7,0.0,5,4,1,3,5,0.115,3,0,5,0.338,0.0,0
4,3,4,0,1,0,0.62,5,5,2,-0.176,0,3,32.76,1,1,3,-3.251,0.23,0,0,0,-3.063,6,1,-0.823,5,5,-1.009,-0.812,3,5,3,6,0.0,2,7,5,6,1,-1.742,7,0,1,-1.06,0.0,0
5,4,2,3,2,0,-0.674,0,2,3,-1.209,2,6,21.98,0,6,0,0.774,1.287,2,0,5,1.239,2,1,-1.941,2,1,-1.864,-0.631,4,0,4,4,0.0,0,5,1,3,7,-0.517,0,3,0,-0.596,0.0,0
2,7,5,3,2,0,-2.057,4,0,2,-1.362,5,7,37.82,0,0,1,-2.293,-0.536,2,0,3,-1.047,2,1,0.215,3,5,-3.146,-1.641,0,1,0,0,0.0,5,7,0,1,3,-1.649,1,0,3,-1.019,0.0,0
2,3,1,7,5,0,2.644,1,2,1,3.325,2,0,22.84,6,1,3,2.568,-1.053,4,0,5,-0.805,4,5,6.822,0,0,1.59,3.046,0,4,0,4,0.0,5,4,2,6,2,0.585,3,5,4,1.542,0.0,0
0,4,2,5,3,0,0.385,4,4,5,-2.316,1,0,32.02,1,7,2,-1.015,-1.033,4,0,5,-1.359,1,1,3.609,5,5,-0.365,-0.347,5,0,5,7,0.0,3,6,0,5,2,-1.188,6,0,4,-1.364,0.0,0
1,0,4,0,1,0,-0.021,5,2,4,0.759,0,2,34.02,1,6,4,2.411,1.463,1,0,0,1.442,2,3,3.22,6,4,1.451,1.204,2,5,4,7,0.0,0,0,2,7,5,0.964,3,3,5,0.093,0.0,0
3,2,3,6,2,0,-2.002,5,5,3,-1.577,1,1,24.53,1,4,0,1.724,-1.146,3,0,3,-1.256,2,4,0.233,0,2,-0.182,-0.452,3,2,0,1,0.0,2,0,4,3,7,-0.703,6,1,1,-0.278,0.0,0
0,6,0,2,2,0,0.42,2,3,3,1.638,4,6,26.21,0,6,3,-1.167,0.277,4,0,3,1.363,0,3,0.861,2,3,0.361,1.803,3,1,2,0,0.0,5,6,2,6,5,0.403,0,0,2,0.947,0.0,0
1,4,2,6,0,0,-0.288,0,2,5,0.526,4,2,33.07,1,5,1,-1.075,0.483,0,0,1,-3.429,0,3,-0.704,1,4,-2.2,-1.022,4,2,4,0,0.0,3,4,1,4,5,0.164,0,4,1,-0.243,0.0,0
3,3,4,4,1,0,-1.651,1,4,2,2.959,0,0,31.63,1,0,1,0.235,-0.157,4,0,5,1.577,2,4,2.183,7,4,0.047,-0.525,4,2,5,2,0.0,4,7,1,2,1,0.311,0,3,4,0.193,0.0,0
5,5,0,6,2,0,0.534,0,3,5,-0.999,3,2,24.73,2,6,3,-2.102,1.617,3,0,0,-1.118,1,0,0.668,1,3,-1.12,1.913,5,5,5,3,0.0,1,3,0,0,1,0.439,2,3,0,-0.189,0.0,0
2,7,0,1,0,0,2.122,3,5,1,3.103,1,2,40.01,1,7,3,1.05,0.327,2,1,3,-0.158,7,5,0.861,1,1,3.45,-0.623,4,5,5,3,0.0,5,5,4,6,0,0.829,3,2,0,1.028,46.41,1
5,6,0,3,4,0,-0.4,0,0,4,-0.544,1,7,29.0,3,0,3,-1.055,0.132,0,0,0,-1.91,6,3,-1.936,3,5,-3.304,-0.124,0,4,3,1,0.0,2,1,4,5,1,-1.193,4,1,4,-1.967,0.0,0
4,2,3,6,3,1,0.818,4,1,3,-0.108,0,4,42.83,6,3,0,2.643,0.249,2,1,0,3.528,6,5,0.506,6,4,3.046,0.999,0,4,1,5,0.0,5,4,0,6,0,0.563,1,1,1,0.894,53.75,1
2,6,3,6,1,1,0.038,0,3,5,2.428,2,7,41.08,0,0,4,0.604,0.331,0,0,3,-2.241,0,5,1.323,1,0,1.455,-0.654,5,5,2,6,0.0,2,7,2,5,0,0.843,5,2,3,0.835,35.53,1
0,6,5,2,4,0,-2.319,3,1,5,-1.993,2,0,34.45,6,4,3,-1.469,0.114,5,0,4,-0.236,3,0,-0.696,5,4,-0.799,0.877,3,0,4,1,0.0,1,4,5,3,3,-0.732,1,2,2,-1.078,0.0,0
3,7,5,1,4,0,-0.485,2,1,1,0.5,3,6,26.87,4,1,5,-1.442,0.463,0,0,1,2.054,7,2,0.263,3,1,-1.24,-2.201,2,0,5,4,0.0,5,3,1,6,6,-1.04,4,1,1,-0.868,0.0,0
1,7,3,1,2,0,1.06,5,2,0,3.681,0,2,33.93,0,2,0,0.115,-0.551,0,0,2,-0.465,2,1,3.59,1,4,0.662,1.914,0,0,3,3,0.0,1,5,1,7,3,-0.336,7,2,3,0.094,0.0,0
1,2,1,1,0,0,-2.189,1,0,0,0.775,5,1,38.52,0,4,5,-1.223,0.01,4,0,4,2.582,1,3,-0.492,5,2,0.448,1.994,4,5,1,0,0.0,3,4,0,4,4,-0.649,2,1,5,-0.639,0.0,0
0,3,2,2,1,0,-1.369,0,1,2,-0.751,2,5,31.69,7,5,5,-2.367,0.822,3,0,1,-0.936,2,0,-1.176,5,0,-1.615,0.867,3,1,5,1,0.0,2,2,5,4,0,-0.451,1,4,0,-0.551,0.0,0
1,6,3,0,0,0,-5.81,1,1,3,-3.739,0,5,21.98,2,2,5,-0.306,-1.215,5,0,4,-2.287,6,3,-3.823,7,3,-1.12,-0.974,1,0,1,6,0.0,5,0,1,1,3,-2.733,3,3,0,-1.7,0.0,0
3,1,3,7,3,0,-0.36,0,2,0,2.305,2,1,45.41,7,1,1,3.0,0.018,0,1,5,1.203,2,0,2.932,7,2,1.185,-0.369,2,1,3,7,44.34,0,5,2,1,0,0.339,2,3,1,0.93,51.77,1
5,1,1,4,0,1,4.4,0,2,1,2.478,2,5,37.6,1,0,5,-0.38,1.565,2,1,5,-1.436,1,2,2.812,5,2,2.943,4.038,4,1,0,1,0.0,5,1,2,7,0,2.92,6,2,3,2.281,54.46,1
2,0,5,2,4,0,-0.702,3,2,2,0.326,1,7,26.86,4,5,0,0.989,0.462,4,0,3,-4.631,3,0,-0.93,6,2,2.092,0.034,0,1,5,1,0.0,5,3,1,3,2,0.482,5,1,0,-0.081,0.0,0
1,7,4,3,1,0,0.312,0,3,1,2.076,4,4,33.91,5,3,3,2.973,-1.23,3,0,2,-1.464,5,4,-0.007,0,1,0.936,1.276,1,0,4,4,0.0,2,4,3,3,2,1.076,3,5,4,0.928,0.0,0
0,2,5,7,4,1,1.097,5,4,0,0.492,1,1,27.45,1,6,0,3.889,1.158,2,1,1,6.202,1,2,4.843,4,3,2.194,2.99,0,0,3,7,0.0,0,1,5,7,6,2.114,2,3,0,2.34,0.0,1
5,6,5,6,1,0,2.392,0,0,3,1.558,4,6,20.29,2,7,3,-0.671,-1.39,4,0,0,-1.586,5,0,-0.111,0,4,-0.388,-0.485,2,1,4,0,0.0,4,1,4,3,1,0.161,5,0,0,0.62,0.0,0
1,4,1,3,3,0,1.741,1,1,3,-0.016,3,6,20.05,6,3,5,0.175,1.242,0,0,3,-1.978,2,4,-0.972,5,4,-2.132,0.064,0,1,1,3,0.0,3,4,3,7,7,-0.931,0,2,4,-0.255,0.0,0
4,6,4,5,0,0,0.43,0,5,0,0.261,2,0,29.59,5,4,3,-2.295,1.335,0,0,3,4.483,7,5,-3.612,6,4,-1.754,-1.117,1,1,4,4,0.0,0,2,0,2,5,-0.665,4,2,4,-1.014,0.0,0
1,1,0,7,5,0,-0.113,5,5,2,-0.609,2,4,24.71,0,7,2,0.159,-0.313,0,0,1,1.133,7,4,-0.022,1,3,-0.127,2.144,0,3,5,3,0.0,2,5,0,2,5,0.546,3,3,2,0.399,0.0,0
1,0,4,5,2,0,-1.643,0,0,4,0.823,0,5,32.99,1,5,4,-0.714,-0.855,3,0,1,-0.191,5,1,0.041,7,4,-0.152,0.682,1,2,4,1,0.0,3,1,1,6,4,0.756,3,3,5,-0.097,0.0,0
5,4,4,1,0,0,2.263,0,4,3,-1.291,3,4,25.55,2,4,0,-0.601,-0.233,1,0,2,0.904,7,3,0.307,0,3,0.686,-1.847,2,0,2,1,0.0,4,4,1,6,1,-0.363,5,1,2,-1.18,0.0,0
1,1,2,2,0,1,3.811,5,5,0,3.569,0,1,45.36,5,4,2,-1.608,-0.797,2,1,4,5.776,1,3,1.458,6,5,1.855,3.036,3,2,4,4,0.0,0,7,1,2,5,1.979,4,4,2,1.957,0.0,1
5,7,1,1,1,0,-0.632,3,0,3,-5.257,1,1,24.57,2,7,5,-3.871,1.522,0,0,3,-4.346,4,4,-2.56,3,0,-3.252,-1.234,1,5,1,1,0.0,0,2,0,2,0,-2.65,7,3,5,-3.292,0.0,0
0,5,3,7,0,0,-2.318,5,4,3,-3.271,3,6,31.84,7,6,0,-0.084,-0.868,2,0,0,-0.028,4,5,-3.296,1,5,-0.994,-0.155,0,3,4,1,0.0,5,1,2,7,6,-0.837,3,4,2,-0.72,0.0,0
5,7,4,6,5,0,-1.066,3,2,5,-1.193,0,0,25.58,3,1,0,0.794,-0.93,3,0,4,1.653,0,0,-1.019,7,5,0.344,-1.332,2,4,3,3,0.0,3,1,4,5,3,-0.323,4,3,4,-0.583,0.0,0
4,4,3,3,5,0,0.535,2,3,3,-0.886,5,0,30.52,4,1,1,-0.479,1.696,2,0,2,-2.348,4,5,-0.694,4,4,-1.953,-1.816,0,4,2,6,0.0,3,3,3,0,5,-1.685,7,4,5,-0.921,0.0,0
3,7,0,3,0,1,0.497,5,5,2,-1.246,3,3,37.83,5,6,1,-0.718,1.238,5,1,4,0.391,5,4,0.551,3,4,1.15,-1.134,1,4,3,1,0.0,3,6,0,1,2,0.733,7,4,2,0.763,0.0,1
5,5,0,7,3,0,-0.712,1,2,2,0.916,2,1,34.89,6,4,4,1.778,0.168,0,1,4,1.37,7,0,2.687,1,5,0.997,2.231,2,0,1,4,0.0,5,4,4,5,3,1.021,0,1,5,1.596,68.69,1
5,1,3,0,2,0,-1.978,1,5,1,0.071,1,6,31.99,5,7,2,-0.246,-0.643,0,0,4,-0.823,1,1,3.006,5,2,-1.706,-1.04,0,0,0,7,0.0,1,6,1,2,6,0.358,6,0,1,-0.086,0.0,0
5,4,1,5,1,0,-2.336,5,1,0,-0.735,1,5,27.16,1,5,5,-3.363,-0.092,0,0,3,0.243,3,4,-1.585,7,3,-0.976,1.079,3,1,5,0,0.0,5,4,3,5,2,-2.139,7,0,1,-1.996,0.0,0
3,1,1,5,4,0,1.926,4,2,4,0.709,0,0,31.4,7,2,4,-0.249,-1.053,1,0,0,-0.665,5,3,-0.998,1,5,-0.564,-0.643,5,4,3,5,0.0,2,2,3,7,3,0.104,3,4,0,-0.002,0.0,0
5,4,5,5,3,0,0.567,3,0,2,0.153,2,0,31.45,7,0,2,1.702,-0.707,0,0,2,0.535,3,0,1.504,7,2,-0.653,1.039,2,3,2,4,0.0,0,1,4,1,2,-0.447,3,4,3,0.104,0.0,0
5,1,0,3,3,0,1.991,4,2,3,-2.496,2,3,31.14,4,6,4,-0.243,1.076,4,0,1,1.067,5,5,2.065,7,0,-1.097,1.111,4,5,1,2,0.0,0,0,1,1,6,0.334,7,0,3,0.219,0.0,0
2,6,3,4,4,0,-2.131,2,0,2,0.859,4,2,21.03,0,6,4,-0.761,0.354,2,0,0,-1.849,7,2,-5.227,3,3,-2.64,-2.305,1,5,0,1,0.0,0,1,0,7,7,-1.604,0,1,2,-2.214,0.0,0
3,6,1,6,0,0,0.791,2,5,0,2.134,4,3,38.0,0,5,4,0.413,0.144,1,1,0,-1.518,6,5,1.613,7,0,1.243,4.996,5,3,2,2,0.0,0,6,5,0,6,1.594,3,3,2,1.019,206.13,1
5,5,5,1,4,0,-2.137,5,1,5,-1.798,3,4,25.97,4,5,1,-2.56,-0.393,1,0,3,3.754,3,0,-4.065,4,2,-1.726,-1.669,5,2,0,4,0.0,1,1,4,0,1,-1.58,7,2,1,-2.471,0.0,0
3,6,4,3,0,1,0.189,1,0,4,-0.121,4,6,41.36,5,1,4,0.438,0.356,4,0,4,-1.104,1,5,1.317,3,1,-0.104,1.336,5,1,2,1,0.0,0,7,0,4,1,-0.328,4,4,2,0.478,36.43,1
1,6,1,0,4,0,-1.438,5,5,4,3.165,0,6,40.4,7,1,5,3.105,-0.554,0,0,2,5.348,4,1,1.347,1,4,1.354,1.988,5,4,4,1,0.0,5,5,0,5,5,0.451,7,0,0,1.127,0.0,0
5,7,5,6,5,0,-0.86,5,3,3,0.744,2,2,21.09,5,3,5,1.269,-1.231,3,0,1,-0.76,0,1,2.094,1,5,-0.226,-0.238,1,5,3,2,0.0,3,5,2,0,0,-0.715,6,0,2,-0.516,0.0,0
2,4,1,4,0,0,-0.577,1,4,0,1.738,2,7,26.23,3,6,0,0.711,-2.343,0,0,2,3.049,7,3,1.2,3,1,1.808,0.91,3,5,3,4,0.0,4,6,4,5,5,0.903,2,2,5,0.273,0.0,0
1,6,3,6,0,0,-1.016,2,3,1,-0.967,4,2,27.74,7,4,4,0.75,1.818,5,0,0,-3.375,4,4,-0.697,0,4,0.829,0.166,2,4,3,3,0.0,0,1,0,2,5,-0.665,7,3,1,-0.21,0.0,0
2,3,5,3,1,0,3.82,4,0,0,3.7,0,0,20.37,1,6,2,0.836,-0.499,1,0,1,-0.848,6,0,0.091,4,5,-0.136,1.843,2,3,2,7,0.0,5,5,2,6,4,0.177,4,0,5,0.879,0.0,0
3,4,2,5,0,0,-0.779,5,4,2,0.901,0,4,35.18,7,6,3,-1.308,0.191,0,0,2,-0.059,0,2,3.362,3,1,0.907,-1.392,0,1,0,6,0.0,2,0,0,4,6,0.911,2,5,4,1.117,0.0,0
2,0,2,0,5,0,-2.764,1,1,4,-0.456,5,2,22.9,5,2,0,-1.123,0.395,1,0,2,-0.467,6,5,-2.137,4,1,-0.252,-1.526,3,3,5,1,0.0,0,6,0,6,6,-1.392,0,0,5,-1.337,0.0,0
4,2,3,6,4,0,0.253,1,2,2,1.388,1,1,25.13,1,3,4,-1.909,-0.019,3,0,2,0.083,7,1,1.782,0,2,0.304,-0.651,3,0,4,5,0.0,1,4,5,4,4,1.036,3,0,1,0.834,0.0,0
4,1,1,2,4,0,1.648,4,4,4,-0.947,4,0,35.9,2,1,4,-2.147,-0.039,1,0,1,-1.447,7,2,-1.214,0,5,-0.66,-2.745,4,3,2,2,0.0,0,7,4,1,7,-1.34,4,3,1,-0.382,0.0,0
0,0,3,4,2,0,-1.094,3,3,5,-0.162,5,5,34.76,6,6,0,-1.473,0.063,3,0,3,-0.589,0,3,-2.254,2,4,-0.476,-0.726,0,4,4,6,0.0,2,0,4,7,5,-0.702,5,5,0,-0.386,0.0,0
1,3,2,2,3,0,-1.75,3,2,1,2.74,2,0,20.48,2,2,5,2.109,0.74,0,0,5,-4.774,5,4,2.985,2,0,0.989,1.574,2,1,5,0,0.0,5,0,1,2,1,0.693,6,1,0,0.343,0.0,0
3,7,2,6,2,0,-0.382,3,4,1,-1.939,1,1,39.57,5,2,5,0.058,-0.814,5,0,3,-2.443,0,5,-1.6,4,3,1.277,1.198,0,0,5,1,0.0,2,3,2,0,0,-0.925,5,4,0,-0.974,0.0,0
2,0,0,4,5,0,-1.203,3,0,1,-2.515,4,6,21.05,2,0,4,0.149,0.922,2,0,1,-0.593,0,4,0.499,5,3,0.132,2.049,1,1,2,5,0.0,2,2,5,7,5,-0.514,7,3,4,-0.691,0.0,0
2,3,3,4,3,0,-0.226,2,0,1,-2.355,3,5,35.11,6,0,5,-1.198,-0.244,3,0,3,-2.123,1,5,2.207,1,1,-1.769,-1.447,1,0,3,5,0.0,1,5,0,4,5,-1.168,6,5,2,-0.935,0.0,0
2,5,3,7,0,0,-2.249,3,1,4,-5.24,5,1,33.84,5,7,1,-2.595,1.636,1,0,2,-0.069,0,2,-0.488,3,0,-0.295,-1.543,0,4,1,7,0.0,2,3,2,1,4,-2.021,2,1,4,-1.588,0.0,0
4,7,1,2,0,0,-1.796,0,4,4,-2.475,4,0,31.45,2,2,5,-1.564,0.946,4,0,3,-1.342,5,5,-0.71,0,0,-1.014,-0.488,2,4,0,5,0.0,4,7,5,1,4,-0.779,1,0,0,-0.447,0.0,0
2,2,1,2,3,0,-0.817,3,5,2,-0.464,5,5,27.99,3,6,1,1.198,1.129,2,0,4,1.405,1,1,0.236,0,2,-2.866,0.623,1,0,0,5,0.0,0,6,4,3,1,-0.303,7,1,4,0.471,0.0,0
0,6,5,0,0,0,-1.906,1,5,0,-2.696,4,6,23.34,5,7,4,-1.396,-0.922,1,0,5,-4.279,5,2,-2.7,6,1,-2.123,-1.291,1,4,0,3,0.0,5,3,1,7,0,-1.093,1,4,1,-1.042,0.0,0
0,0,5,4,5,0,-0.209,3,3,3,0.608,1,6,19.02,3,2,5,-1.626,2.185,0,0,3,3.037,1,4,1.505,4,3,3.151,0.207,1,5,3,2,0.0,0,1,1,7,6,0.321,4,5,2,0.494,0.0,0
3,6,0,7,4,0,-0.764,0,1,5,3.119,0,5,30.86,4,0,1,2.337,0.915,5,0,4,1.804,3,4,1.052,5,1,-0.258,1.11,0,1,5,6,0.0,0,1,1,1,6,0.29,3,5,5,0.81,0.0,0
4,4,4,6,5,0,-0.148,2,1,1,-3.191,2,7,33.86,7,3,0,2.576,0.439,1,0,2,-2.065,5,4,-0.393,1,1,1.429,-2.327,3,0,1,7,0.0,1,5,4,6,1,-0.476,0,2,5,-0.221,0.0,0
2,0,2,5,4,0,0.146,5,2,0,-1.551,4,6,26.94,3,1,3,-0.305,1.059,3,0,4,1.088,3,2,-1.274,0,4,0.676,-2.645,0,4,4,2,0.0,2,2,1,5,4,-0.534,1,2,4,-0.451,0.0,0
3,0,2,4,1,0,1.014,4,5,2,0.151,2,1,28.33,6,2,1,0.206,-0.845,4,0,1,1.603,1,4,-1.024,0,1,-1.53,-1.293,5,1,5,3,0.0,3,4,3,0,7,0.217,1,4,5,0.31,0.0,0
2,6,4,4,2,1,1.1,0,2,3,0.623,1,7,26.68,5,3,5,0.711,1.179,2,0,4,-2.9,7,3,1.71,3,5,1.362,0.952,3,2,1,5,84.37,1,1,5,7,4,0.893,5,4,4,0.699,121.08,1
0,2,2,2,1,1,3.669,4,5,0,-0.305,3,0,46.63,7,2,3,0.833,-0.949,2,1,1,3.697,6,4,2.1,5,0,1.856,2.505,3,3,2,6,0.0,4,7,1,2,2,1.331,5,3,1,1.194,229.08,1
4,0,2,2,4,0,1.839,4,0,5,2.18,3,3,22.4,5,0,1,-1.309,0.734,2,0,1,-3.885,0,2,-1.598,3,3,0.358,0.581,1,2,2,2,0.0,3,4,5,1,7,0.169,6,1,3,-0.517,0.0,0
1,6,1,6,3,0,-0.34,1,1,2,0.061,3,6,27.86,1,4,4,2.624,-0.5,4,0,1,-0.006,1,4,1.328,4,3,0.414,0.087,0,4,5,3,0.0,1,2,0,5,3,-1.02,6,0,4,-0.684,0.0,0
2,2,4,1,1,0,-0.232,3,3,2,-2.204,1,0,24.67,6,2,5,0.174,-0.547,4,0,1,0.661,7,4,-3.501,1,3,-0.997,-0.478,2,3,5,5,0.0,1,6,2,1,0,-0.561,4,4,2,-0.533,0.0,0
5,4,5,3,4,1,-0.101,5,4,0,0.94,3,2,33.96,2,4,3,2.639,0.16,5,1,3,2.726,6,4,3.298,3,3,1.521,4.793,2,0,0,7,0.0,0,1,2,6,6,1.189,1,4,5,1.422,0.0,1
0,6,2,5,3,0,-0.541,4,0,5,-0.782,2,3,22.03,3,7,0,-0.625,-0.179,1,0,1,-2.148,2,3,-2.319,5,0,-0.056,1.226,0,0,4,4,0.0,4,5,4,1,6,-0.631,5,5,3,-0.273,0.0,0
3,6,3,6,0,0,-2.204,4,4,3,-2.543,1,2,26.53,0,1,4,-2.299,-0.493,1,0,2,3.972,2,0,-1.849,4,1,-2.11,1.571,0,2,1,0,0.0,0,6,3,1,7,-0.341,5,1,3,0.435,0.0,0
2,2,0,2,0,0,-2.049,1,2,1,-1.992,1,4,24.95,3,0,2,-1.626,-0.264,5,0,3,-1.129,2,4,0.304,7,2,-2.063,-4.54,2,3,3,7,0.0,1,0,3,0,7,-1.719,0,4,1,-1.044,0.0,0
3,0,1,3,5,0,-0.117,4,3,2,-1.089,0,2,29.37,0,6,2,1.447,1.736,5,0,5,-1.256,5,1,1.759,4,2,1.386,0.999,5,5,5,6,0.0,3,3,0,6,2,0.688,6,2,0,0.872,0.0,0
0,5,4,6,1,0,-2.068,5,3,4,-3.543,0,3,29.11,0,2,5,0.576,-1.395,3,0,3,0.742,2,3,-0.359,0,0,0.623,-2.338,3,5,1,5,0.0,1,1,4,5,6,-1.507,5,5,2,-0.841,0.0,0
1,0,4,1,5,0,-0.334,0,4,0,-1.597,4,7,29.37,5,5,0,4.676,-0.034,3,0,4,0.401,6,2,2.903,0,0,-0.361,-0.896,3,0,3,1,0.0,1,2,5,2,6,0.594,0,5,3,0.388,0.0,0
3,6,4,3,3,0,-2.955,3,4,2,1.148,2,3,30.57,1,1,3,-1.513,0.389,2,0,1,-3.416,1,2,0.36,4,2,-0.0,0.484,4,2,5,5,0.0,5,4,5,2,4,-0.201,3,4,3,-0.915,0.0,0
3,5,5,6,1,0,-4.419,1,3,5,-2.446,1,4,31.02,7,0,3,-1.751,0.883,4,0,1,0.121,2,0,-3.66,6,3,-2.985,-2.035,5,4,3,0,0.0,2,7,2,5,7,-1.709,3,5,4,-2.153,0.0,0
3,2,5,4,1,0,-0.328,0,4,5,-2.572,5,7,29.11,6,4,1,-1.583,-0.373,3,0,4,-0.15,6,2,-3.879,1,3,0.209,-1.487,1,4,2,4,0.0,2,0,2,4,3,-0.639,5,4,3,-0.891,0.0,0
0,6,3,4,4,0,0.927,3,5,1,-0.206,5,0,31.81,3,3,1,0.233,0.313,3,0,2,-2.711,2,4,-4.375,6,5,-0.725,1.122,5,3,0,0,0.0,0,2,2,6,2,0.091,0,3,4,-0.736,0.0,0
3,6,4,4,4,0,1.634,5,1,3,-0.135,2,5,25.03,3,4,3,-1.445,-1.218,4,0,0,-2.898,3,0,1.436,7,4,2.369,1.725,0,3,4,2,0.0,0,6,3,6,7,0.159,0,4,5,0.468,0.0,0
4,1,4,2,5,0,-0.992,4,1,2,-2.562,2,3,26.62,7,4,3,-0.353,-0.169,2,0,5,1.063,5,4,0.869,5,1,-1.129,0.602,5,4,1,2,0.0,0,7,1,3,7,-0.262,2,0,3,-0.057,0.0,0
5,4,0,4,4,1,1.694,4,0,5,-0.544,4,2,41.03,7,6,0,0.391,0.727,1,0,3,2.719,4,1,0.893,0,0,2.132,2.13,0,5,4,0,0.0,5,3,3,4,5,1.206,2,5,1,1.411,94.52,1
0,5,2,2,0,0,-0.012,2,0,1,-0.709,3,7,32.32,5,1,5,1.123,1.015,5,0,2,0.492,0,4,1.744,3,4,-0.119,-2.327,3,1,5,7,0.0,2,6,4,0,3,-0.258,5,1,4,0.107,0.0,0
2,7,0,3,1,0,0.98,3,1,5,-0.575,3,2,45.94,3,5,3,0.81,-0.145,4,1,2,2.764,5,1,-1.36,1,0,1.243,0.177,5,2,0,4,0.0,1,1,0,6,3,-0.094,4,0,3,0.698,108.47,1
1,2,1,6,1,0,-0.039,5,4,4,-1.168,3,0,22.32,2,2,5,-3.4,-1.443,3,0,3,-4.21,1,2,1.415,7,3,-1.359,0.91,5,0,0,5,0.0,3,7,1,4,2,0.431,4,5,2,-0.348,0.0,0
4,6,1,7,3,0,0.407,4,3,4,1.936,5,1,30.86,0,0,1,0.061,-0.2,2,1,1,-0.931,5,2,2.765,5,5,1.632,3.436,1,4,4,2,0.0,5,3,4,0,7,0.973,7,0,5,1.353,80.83,1
4,4,3,1,4,1,2.81,0,4,0,3.198,3,1,38.77,2,2,3,3.336,-0.409,3,1,0,4.12,7,2,3.552,7,5,4.026,3.854,5,4,2,5,0.0,3,4,5,6,6,1.026,7,2,3,2.229,0.0,1
3,7,4,1,3,1,4.976,1,2,2,2.407,2,1,39.35,0,7,2,2.389,0.728,4,1,5,2.741,6,3,2.126,4,2,3.333,2.091,1,2,4,3,0.0,5,2,3,0,4,1.16,7,4,0,1.97,68.25,1
4,6,3,3,0,0,-0.198,3,1,4,1.038,0,7,30.42,1,5,0,-2.065,1.163,3,0,3,4.519,7,3,-0.024,0,2,0.391,-0.664,4,5,3,5,0.0,1,5,5,4,1,0.053,0,2,2,0.085,0.0,0
5,4,1,5,2,0,0.657,3,0,4,-0.278,4,2,40.21,1,7,5,1.036,-0.562,0,0,1,-0.673,7,2,1.831,7,3,1.621,-1.181,4,1,1,7,0.0,0,2,0,2,4,0.891,0,2,1,1.473,0.0,0
2,4,2,3,0,0,0.61,1,0,3,-2.559,5,2,35.75,6,1,4,-1.611,-1.409,5,0,0,-0.436,1,3,-1.402,5,3,-1.198,-0.985,4,1,1,6,0.0,3,5,4,1,4,-1.012,7,0,3,-1.345,0.0,0
0,1,3,4,5,0,-1.953,3,0,1,-1.091,4,3,35.6,6,1,4,-1.577,2.301,1,0,2,-4.365,2,5,0.961,5,2,-0.655,2.479,3,4,1,5,0.0,5,7,1,7,6,0.248,4,2,4,-0.755,0.0,0
4,2,0,1,5,0,-1.624,0,3,2,-0.234,4,0,23.19,6,7,4,0.294,-0.774,5,0,4,1.28,3,3,3.488,7,1,-0.674,-0.017,5,4,3,5,0.0,0,2,0,4,3,-0.712,6,2,4,-0.169,0.0,0
3,1,5,0,5,0,-1.417,4,3,2,0.619,0,0,19.73,7,6,4,0.224,1.008,4,0,2,-4.976,2,5,1.017,4,2,-0.498,-0.194,1,0,5,6,0.0,2,3,4,0,2,-0.031,2,0,2,-0.097,0.0,0
2,5,2,0,4,1,1.456,0,1,1,3.877,1,3,34.07,4,1,3,2.243,1.271,4,1,0,2.524,1,4,2.572,2,2,-0.128,0.703,3,4,3,2,0.0,1,3,1,3,1,1.862,6,2,5,1.964,138.87,1
5,4,3,6,5,0,1.608,2,2,3,-2.858,4,0,23.69,1,4,0,-3.367,-1.708,3,0,4,-2.786,5,4,3.738,1,3,-1.086,-1.216,3,0,1,1,0.0,5,0,5,6,6,-0.021,0,5,2,-0.769,0.0,0
4,0,2,4,5,0,-3.867,0,2,4,1.901,2,1,31.79,5,6,0,-1.072,0.349,3,0,3,-0.704,3,2,-1.211,0,0,0.923,-3.07,2,3,4,6,0.0,5,3,1,1,2,-0.818,6,2,1,-0.831,0.0,0
4,4,1,6,0,0,-3.776,4,3,3,-2.039,4,5,30.62,3,2,5,-0.453,-0.677,1,0,5,1.178,6,3,-1.334,0,4,1.555,-1.41,4,5,5,6,0.0,1,3,0,6,5,-0.464,4,3,0,0.103,0.0,0
2,3,1,0,3,0,-0.305,2,5,2,-0.363,2,7,30.67,3,5,1,-3.676,1.499,2,0,1,2.463,4,1,-1.393,6,2,-2.101,-0.058,4,2,2,0,0.0,1,2,2,0,5,0.528,2,5,2,-0.752,0.0,0
3,4,2,0,0,0,-1.892,4,2,4,-2.21,5,1,24.06,6,3,2,0.606,0.249,4,0,2,2.788,2,5,0.659,7,0,-2.41,-0.808,5,0,1,2,0.0,4,1,2,5,2,-0.795,3,0,5,-0.552,0.0,0
3,4,2,7,2,0,-3.585,5,3,0,0.15,0,6,28.91,5,6,1,3.54,-0.287,3,0,1,3.065,2,3,1.887,7,4,-2.476,0.217,3,5,1,4,0.0,3,3,5,3,5,0.734,6,5,2,0.383,0.0,0
5,1,5,2,3,0,-0.742,2,5,1,0.739,5,2,33.45,7,4,1,-1.772,-1.116,0,0,4,1.345,0,5,-0.253,4,5,-0.837,3.182,0,2,0,1,0.0,4,2,2,0,0,-0.589,1,5,4,-0.155,0.0,0
5,5,4,7,4,0,-0.736,3,3,3,0.331,1,5,18.23,1,4,4,0.488,1.928,0,0,5,1.376,3,2,0.266,1,2,-3.187,-1.192,5,1,1,1,0.0,2,2,1,2,6,-2.234,1,5,5,-0.758,0.0,0
3,5,3,3,1,0,-3.819,2,5,2,1.302,1,0,14.53,4,3,4,-1.686,1.231,0,0,1,-4.379,7,5,-2.879,6,3,-1.018,-2.454,3,5,5,4,0.0,0,7,0,1,5,-1.909,4,2,5,-1.076,0.0,0
1,6,0,5,5,0,1.34,1,3,1,-0.015,2,3,37.8,6,0,2,-2.17,0.201,5,0,3,1.191,3,3,2.444,4,5,-2.298,-1.311,3,2,1,7,0.0,4,1,2,4,2,-1.071,3,0,0,-0.539,0.0,0
3,5,0,3,3,0,-1.147,1,2,2,-0.2,3,6,23.66,1,1,5,-2.313,1.553,3,0,4,-4.207,3,3,-1.944,2,1,-3.038,0.085,3,1,1,6,0.0,5,1,3,4,6,-2.228,2,1,2,-2.376,0.0,0
4,4,4,3,4,0,-2.203,3,2,0,-0.533,3,7,24.33,4,4,2,-3.603,-0.387,2,0,5,-0.111,2,5,-1.411,4,5,-3.323,-0.692,4,5,3,4,0.0,4,3,4,5,3,-1.642,3,1,5,-1.307,0.0,0
5,6,0,2,1,0,-0.355,2,2,1,-1.261,0,5,31.57,6,0,1,-0.83,0.745,5,0,1,-1.604,1,0,-0.168,4,0,2.172,0.447,0,2,5,6,0.0,0,4,0,7,4,-0.264,5,3,5,0.062,0.0,0
5,4,2,5,0,0,2.066,5,2,0,2.378,3,3,41.98,1,3,4,1.607,-0.444,3,1,5,1.867,5,1,1.21,1,0,0.078,1.974,0,0,4,3,0.0,0,5,3,0,3,1.35,6,4,2,1.837,168.59,1
0,6,4,2,4,0,1.45,3,4,2,1.066,5,4,30.63,7,4,2,-0.886,-0.353,2,0,4,2.552,3,0,-0.238,0,1,0.598,0.307,5,2,2,1,0.0,2,3,1,3,3,0.165,2,5,4,0.039,0.0,0
1,0,0,1,2,0,0.639,0,5,5,1.681,4,4,27.96,3,2,4,-2.109,0.103,4,0,2,-1.236,0,5,0.535,4,4,-2.681,1.205,0,2,2,2,0.0,2,1,0,4,5,-0.79,0,5,3,-0.745,0.0,0
2,3,1,0,1,0,-3.944,4,1,4,-3.881,4,7,25.6,3,5,1,-2.982,1.237,2,0,3,-2.347,2,4,-1.108,5,1,-0.639,-2.861,1,3,4,7,0.0,4,6,3,3,6,-0.961,6,2,4,-0.736,0.0,0
0,0,1,7,2,0,-1.887,1,1,3,0.47,4,0,21.98,3,2,2,0.206,-2.037,1,0,4,-0.252,5,0,-0.306,4,5,-2.188,-0.562,4,3,1,5,0.0,0,7,1,2,7,-1.059,1,5,2,-1.349,0.0,0
4,6,4,1,3,0,-0.212,3,2,2,-0.891,0,6,20.44,4,2,2,1.42,-0.54,0,0,1,0.96,5,0,0.09,3,3,-3.347,-2.619,4,3,5,6,0.0,1,5,5,2,6,-0.75,6,3,2,0.089,0.0,0
5,0,2,0,0,0,-1.28,3,0,4,-0.899,5,5,22.78,3,3,1,-2.38,-1.176,1,0,2,-4.564,2,2,0.394,5,3,-4.393,-2.535,2,0,2,1,0.0,2,2,1,2,3,-1.425,3,0,3,-1.634,0.0,0
2,1,1,3,4,0,-0.579,1,1,4,0.188,1,2,27.3,6,7,3,-0.928,0.911,3,0,5,1.594,5,4,-1.718,5,1,-1.067,-2.581,5,0,5,0,0.0,3,2,1,1,0,-1.832,5,1,1,-1.581,0.0,0
5,2,2,4,2,0,-2.041,2,5,4,-2.008,2,1,22.08,7,3,5,-3.108,0.997,4,0,2,-4.512,4,4,-2.906,1,4,-4.458,-3.206,2,1,1,7,0.0,4,6,3,2,4,-1.966,0,3,1,-2.314,0.0,0
4,1,1,3,1,0,-1.339,2,5,1,1.334,1,2,22.27,7,2,1,-0.862,-1.544,0,0,1,-0.387,2,2,-1.399,7,1,-0.266,-2.256,4,2,1,5,0.0,0,4,2,0,4,0.789,1,5,4,-0.284,0.0,0
4,5,2,1,3,0,2.345,1,1,4,1.629,1,7,21.67,1,1,2,3.182,-0.833,4,0,4,-1.305,3,3,-0.819,4,2,-1.771,1.319,3,4,3,3,0.0,2,2,0,1,2,0.452,2,3,1,0.742,0.0,0
0,0,0,5,4,0,-2.189,1,0,2,-1.216,1,2,26.05,0,6,0,3.094,0.155,5,0,0,0.605,1,5,1.267,1,1,2.016,2.825,4,5,5,0,0.0,0,3,1,2,4,0.216,5,3,2,0.205,0.0,0
5,5,0,4,4,1,4.763,3,1,2,2.799,2,3,31.83,7,4,0,2.65,0.71,2,1,5,2.094,4,4,-0.781,4,5,-0.133,1.751,2,1,1,5,0.0,4,6,5,5,7,1.284,0,3,2,1.792,186.21,1
4,3,0,5,2,0,-0.662,5,0,5,2.224,2,3,36.68,5,5,1,0.462,0.256,5,1,3,0.521,0,2,0.909,3,0,2.65,0.009,5,0,2,3,0.0,4,5,1,7,5,2.418,4,3,4,1.634,223.71,1
3,1,3,3,1,1,0.002,2,2,4,2.414,5,4,35.67,6,4,3,0.052,0.014,5,1,0,4.528,2,2,1.266,6,5,-0.849,0.253,4,2,2,3,0.0,0,2,4,5,4,1.492,0,4,4,1.476,143.35,1
5,0,4,4,3,1,1.009,0,1,5,1.284,2,1,35.99,4,1,0,2.037,2.066,4,0,1,0.205,4,3,3.157,2,2,0.933,-2.183,2,0,1,0,0.0,4,3,0,4,0,0.379,1,4,4,1.046,193.5,1
3,7,2,3,4,0,-1.576,0,3,5,-3.463,0,1,26.79,7,1,1,0.124,0.392,5,0,2,-1.462,1,3,-4.396,3,3,-1.644,-3.24,0,1,0,2,0.0,4,7,0,0,1,-1.51,5,5,2,-1.488,0.0,0
1,6,0,4,1,0,-3.108,3,2,3,-3.399,0,7,26.94,1,7,5,-1.027,-1.351,0,0,5,-3.388,1,2,-2.049,0,4,1.021,0.462,2,0,1,7,0.0,5,1,0,3,5,-1.092,2,1,2,-0.853,0.0,0
0,0,5,0,0,0,-5.295,0,3,4,-3.822,2,1,25.91,3,2,5,-0.789,-1.02,5,0,1,0.346,3,2,0.804,0,5,-0.442,0.21,2,1,0,4,0.0,0,7,4,4,5,-0.574,2,5,2,-1.242,0.0,0
3,0,2,5,5,1,-0.035,1,0,2,0.861,4,2,46.13,0,0,4,0.859,-1.04,2,0,0,-0.233,2,2,0.51,4,3,2.981,1.178,1,2,5,3,0.0,0,1,0,3,1,0.4,3,4,5,0.877,50.33,1
5,1,3,7,5,0,1.68,0,5,0,-2.681,2,3,27.87,2,1,4,-2.303,0.67,5,0,0,-1.636,6,4,-0.57,0,5,-3.187,-1.569,2,1,4,5,0.0,3,6,5,7,4,-1.673,6,0,1,-2.044,0.0,0
4,4,2,1,4,0,-0.641,2,1,5,-2.639,5,5,33.31,3,4,2,-4.382,1.098,2,0,5,-4.473,2,2,-0.502,4,0,-0.446,-1.239,1,3,2,6,0.0,1,7,5,0,3,-1.211,3,5,4,-1.494,0.0,0
5,1,2,7,3,0,-1.105,4,1,3,0.124,5,1,20.92,0,1,2,-0.133,-0.02,5,0,1,-1.315,1,3,2.357,4,2,-0.111,-2.636,5,2,0,5,0.0,0,4,4,5,6,-1.113,4,2,1,-1.1,0.0,0
1,5,1,4,0,0,0.761,2,5,4,0.254,4,2,27.24,4,5,0,-0.695,2.359,3,0,1,-0.616,3,5,0.058,4,5,0.142,0.337,3,2,1,7,0.0,5,3,3,5,2,-0.482,4,5,0,-1.407,0.0,0
2,2,4,2,2,0,0.056,3,1,1,-0.861,0,4,33.61,2,7,5,3.544,1.255,4,0,0,1.61,7,3,-0.137,5,3,0.767,-0.238,0,5,3,7,0.0,0,4,1,5,7,-0.336,1,0,4,0.228,0.0,0
0,7,4,2,3,0,0.053,2,1,4,1.99,3,0,40.92,6,4,2,0.826,1.065,3,1,5,3.682,5,2,3.118,6,4,1.061,-2.028,4,0,2,4,0.0,5,0,5,5,7,2.012,4,3,5,0.596,235.38,1
4,5,0,0,2,0,2.381,0,3,5,-0.206,2,6,37.29,7,3,4,-0.57,0.811,1,0,3,0.149,6,2,-2.291,2,5,0.21,0.79,3,3,4,3,0.0,2,5,4,7,3,0.57,4,0,3,0.088,0.0,0
4,0,4,0,0,0,-1.278,5,4,4,1.263,2,6,26.17,1,0,2,-2.471,0.66,0,0,2,-0.075,0,5,0.031,2,4,-1.53,-0.563,3,4,5,2,0.0,1,3,3,7,3,-0.458,7,3,3,-0.659,0.0,0
1,7,1,5,2,0,-0.614,3,4,4,-0.618,5,1,27.91,5,7,2,1.033,0.893,5,0,4,1.052,6,2,-0.65,0,0,-0.274,-2.58,2,4,2,3,0.0,2,0,2,5,7,-1.284,7,1,0,-1.503,0.0,0
2,5,2,5,4,0,-1.387,5,4,3,3.041,1,7,43.75,1,3,3,0.693,-1.189,4,1,4,3.852,1,3,-1.192,0,0,2.733,1.142,2,1,4,0,0.0,5,4,4,6,6,1.753,1,0,0,0.647,139.02,1
5,4,5,3,1,0,0.527,4,2,3,-0.324,3,7,25.1,0,2,3,-1.305,-2.329,1,0,2,2.583,6,0,-1.876,7,4,2.61,-2.669,1,3,2,5,0.0,1,5,2,0,0,-0.17,4,2,0,-0.089,0.0,0
4,4,1,4,1,0,-3.597,3,3,5,-1.735,4,6,28.96,6,2,4,0.633,-0.509,1,0,5,-1.439,1,0,-0.354,4,0,-3.253,0.249,5,2,4,3,0.0,1,7,1,0,4,-1.005,6,3,1,-0.195,0.0,0
5,1,3,0,5,0,-1.127,5,5,5,-0.972,3,4,23.37,5,6,4,-0.092,-1.627,4,0,3,-3.027,2,4,-0.923,5,5,-1.45,0.413,4,3,1,5,0.0,4,1,2,4,0,-1.132,0,1,3,-1.137,0.0,0
3,2,3,7,3,0,0.205,3,0,1,0.686,4,6,21.56,1,6,0,2.403,-1.041,2,0,2,2.099,3,3,2.186,5,4,-0.057,0.446,3,5,4,0,0.0,4,1,2,0,1,0.404,0,2,3,1.142,0.0,0
0,7,5,3,0,0,-1.104,1,2,0,1.405,2,2,30.08,3,7,1,3.049,0.919,0,0,0,-0.547,5,2,0.882,2,1,0.167,1.136,2,1,4,1,0.0,3,0,3,1,6,0.86,7,3,3,1.162,0.0,0
0,3,4,6,0,0,2.235,2,1,5,1.144,1,0,29.85,6,4,1,-0.437,1.428,5,0,5,-2.484,1,1,1.567,0,2,0.161,1.315,2,5,1,5,0.0,1,3,4,3,7,0.559,7,0,4,1.171,0.0,0
3,4,1,6,2,0,0.217,0,1,0,-3.119,5,3,20.89,4,2,1,-1.073,0.331,5,0,1,-5.582,3,3,0.969,0,3,-1.313,1.424,3,2,0,5,0.0,4,1,1,5,5,-0.748,6,4,1,-1.315,0.0,0
2,1,4,4,4,1,0.969,1,2,5,1.824,0,0,44.48,3,4,2,2.21,1.237,2,1,1,1.543,1,2,3.845,3,1,2.373,1.794,1,2,4,0,0.0,5,4,5,4,1,1.989,5,0,0,2.006,145.32,1
2,5,2,1,0,0,-1.714,5,3,2,-1.832,1,1,33.59,2,5,3,-1.874,-0.196,1,0,3,-5.292,7,2,-3.679,1,1,-2.235,0.927,5,0,3,2,0.0,5,0,2,5,7,-0.696,2,0,0,-1.002,0.0,0
1,5,2,7,5,1,2.993,2,4,5,2.774,4,6,39.41,6,5,3,0.782,1.061,3,1,0,5.185,6,3,-0.174,5,0,2.551,0.413,2,0,5,3,24.85,0,5,2,5,3,1.132,6,0,2,2.139,28.3,1
3,4,2,5,5,0,-0.81,1,0,0,-0.645,0,7,30.02,7,5,3,0.655,-1.66,4,0,3,-1.821,1,4,-2.321,3,1,0.384,0.08,4,2,5,0,0.0,3,5,0,0,4,-1.3,3,4,5,-0.615,0.0,0
2,2,1,6,4,0,0.84,4,3,0,2.921,1,1,34.53,1,3,5,0.119,0.447,2,0,0,2.595,4,2,-1.937,3,3,-1.278,-1.607,0,3,5,1,0.0,4,4,0,4,6,-0.137,4,1,2,0.27,0.0,0
0,3,3,6,2,0,-2.858,3,3,0,-1.802,0,6,27.01,7,2,4,-1.402,-0.396,4,0,1,3.251,5,0,-1.019,6,5,-2.416,-0.401,2,1,0,0,0.0,4,7,4,0,7,-1.042,7,1,1,-1.19,0.0,0
5,3,0,4,2,0,-1.769,0,2,4,0.348,1,5,15.5,0,5,0,-1.476,-0.375,2,0,2,0.312,5,2,-0.213,5,5,0.201,1.218,2,3,3,0,0.0,1,5,0,2,3,0.009,0,3,1,0.009,0.0,0
4,1,2,5,4,0,-0.977,0,4,2,0.708,5,1,32.84,5,7,5,-0.406,1.136,2,0,3,1.0,7,4,2.5,7,0,-1.29,-3.178,1,0,3,7,0.0,5,4,3,6,4,-0.693,2,5,4,-0.906,0.0,0
4,4,1,4,0,0,-2.523,3,3,3,-1.814,3,3,31.96,0,2,3,-3.385,-0.824,1,0,3,0.585,7,4,0.724,5,2,-0.407,-0.62,4,1,4,3,0.0,3,0,5,0,1,0.009,0,2,1,-0.299,0.0,0
3,2,2,3,0,0,-1.052,4,2,2,-0.299,4,7,22.12,1,7,5,1.062,1.094,3,0,2,-0.704,4,3,1.978,0,4,-0.049,-0.292,1,1,3,0,0.0,4,7,3,6,7,0.871,4,4,5,-0.771,0.0,0
5,4,4,3,5,0,1.103,5,5,1,-4.13,3,5,21.33,1,7,5,1.025,0.16,3,0,4,4.564,1,0,1.598,2,3,0.85,-0.263,1,4,2,6,0.0,1,5,5,3,0,0.554,6,3,4,0.174,0.0,0
0,0,2,5,0,0,2.788,4,4,4,1.385,3,7,34.64,1,7,4,-1.096,-2.897,4,1,3,0.246,7,4,1.93,7,3,-0.898,1.897,4,5,1,1,0.0,3,4,5,3,7,0.395,7,3,3,0.908,0.0,1
0,1,1,1,1,0,1.622,2,4,3,-1.05,3,5,25.57,6,5,1,-0.572,-0.182,2,0,5,-0.853,5,4,-3.185,1,5,2.309,-1.373,0,2,5,7,0.0,5,2,1,0,7,-0.331,0,3,0,-0.138,0.0,0
1,6,5,5,5,1,1.982,4,4,5,3.33,1,7,39.36,0,0,3,-1.366,0.352,1,0,1,0.931,1,1,1.133,0,1,4.321,0.539,1,4,2,7,0.0,4,3,2,6,6,1.059,4,2,5,0.853,218.91,1
1,2,1,5,4,0,-0.539,4,5,5,0.561,0,0,23.28,4,6,5,-1.031,2.555,4,0,1,0.106,0,3,-1.418,3,2,-1.358,-0.778,0,3,4,6,0.0,5,4,5,5,7,-0.526,4,2,0,-0.555,0.0,0
5,0,1,3,4,0,-0.136,3,4,0,2.438,1,1,42.68,7,2,0,-0.304,-0.472,5,1,1,-0.762,6,3,1.098,2,0,2.404,0.899,0,2,0,7,0.0,4,2,5,2,1,1.565,7,4,1,0.906,222.05,1
3,5,1,4,0,0,-1.206,5,0,4,0.6,2,4,35.66,2,2,3,-1.754,-1.406,3,0,4,-2.146,7,3,-1.217,1,5,0.961,-1.285,4,0,3,5,0.0,2,2,1,1,4,0.187,7,2,0,0.007,0.0,0
5,7,4,3,4,0,-2.915,3,5,0,-0.81,0,0,34.96,0,5,2,-1.691,2.314,1,0,3,-0.51,0,4,2.236,6,3,1.43,-0.773,3,4,3,7,0.0,3,2,1,0,4,-1.485,3,0,3,-0.869,0.0,0
3,7,0,1,3,0,0.766,1,2,2,1.221,3,4,26.59,4,2,1,-5.927,0.25,1,0,2,-3.052,2,0,-1.66,7,0,1.436,1.113,5,5,0,2,0.0,0,6,3,6,5,0.027,6,5,1,-0.542,0.0,0
0,5,3,5,4,0,0.106,2,3,2,-0.592,4,3,32.78,2,7,3,-1.049,0.189,5,0,0,1.307,3,4,4.237,5,1,2.245,1.764,5,0,1,5,0.0,2,4,3,4,4,0.366,6,1,2,1.223,0.0,0
2,4,5,1,3,0,0.267,4,3,1,-0.218,3,0,16.65,0,5,5,-2.208,-0.111,3,0,1,-1.824,7,1,-0.864,0,4,-2.43,0.158,2,0,4,2,0.0,1,6,1,3,3,0.18,1,5,3,0.2,0.0,0
2,0,4,2,1,0,2.61,5,1,5,-2.537,0,2,25.5,7,4,0,0.057,1.011,5,0,1,-0.189,7,3,0.408,1,0,-0.673,0.785,3,1,5,3,0.0,2,5,4,4,5,0.396,5,3,5,0.536,0.0,0
0,3,3,2,5,0,-1.147,4,0,0,0.177,5,3,18.32,0,4,5,2.545,-0.319,3,0,4,-0.747,5,2,-0.922,5,1,-2.198,-1.027,0,0,2,7,0.0,3,3,4,7,0,-1.216,3,5,2,-1.789,0.0,0
1,4,1,6,3,0,-0.891,0,5,5,-3.211,4,7,31.58,3,3,0,-2.163,2.048,0,0,2,-0.48,1,1,-1.15,2,0,-0.469,-0.098,5,1,0,1,0.0,2,1,2,3,2,-0.982,7,3,3,-0.115,0.0,0
4,6,0,6,3,0,1.979,0,5,4,0.354,2,5,31.91,5,1,3,0.622,0.701,5,0,4,-0.79,0,2,-1.729,5,3,1.05,-1.445,1,1,5,1,0.0,1,4,4,6,0,-0.087,1,2,2,0.304,0.0,0
1,5,1,7,1,1,3.461,4,4,5,1.534,2,6,43.92,0,1,1,3.14,-0.074,2,1,0,2.333,1,3,0.812,7,2,3.649,-0.199,1,2,4,4,0.0,5,0,3,2,1,2.647,0,4,0,1.859,213.37,1
0,4,4,5,1,0,1.288,5,5,2,-1.748,0,1,22.65,6,2,3,1.631,-0.447,2,0,4,-0.348,0,5,-0.097,0,0,2.25,-0.032,1,3,1,3,0.0,5,3,5,2,0,0.988,0,4,2,1.611,0.0,0
2,0,5,1,3,0,-1.146,2,0,5,-2.338,0,7,27.92,7,3,4,0.07,1.036,5,0,2,-1.328,5,1,-1.807,1,0,1.073,-1.117,5,5,5,0,0.0,5,2,0,6,3,-1.463,4,4,1,-0.909,0.0,0
3,0,4,5,5,0,0.784,1,0,1,1.387,3,2,26.35,3,7,3,3.763,-1.962,2,0,5,3.741,3,1,2.86,7,5,0.454,-3.139,4,0,2,2,0.0,1,2,3,3,4,0.588,2,2,0,1.128,0.0,0
0,0,0,4,0,0,0.179,4,4,2,-0.237,0,2,33.66,0,6,2,0.419,0.553,2,0,3,0.552,1,1,3.507,5,3,0.26,2.245,1,0,5,4,0.0,2,4,4,5,0,0.607,4,4,4,0.092,0.0,0
3,3,0,1,1,0,-1.039,4,3,2,-1.394,1,2,33.56,4,6,5,0.504,0.523,5,0,3,-3.824,2,1,0.046,1,1,-1.629,-0.219,2,3,0,5,0.0,0,4,1,4,6,-1.433,5,4,1,-0.792,0.0,0
2,0,4,2,2,0,0.761,0,0,4,0.944,2,7,21.73,0,2,3,-0.659,0.759,3,0,0,-0.768,4,0,0.632,7,1,1.34,-2.093,2,0,1,1,0.0,5,2,1,6,7,0.162,0,1,0,0.678,0.0,0
5,3,4,2,3,0,-1.415,1,0,1,-2.706,4,2,32.11,1,0,3,-1.126,-0.515,2,0,0,1.281,3,4,0.813,7,0,-1.399,1.953,1,0,4,7,0.0,2,1,2,4,0,-0.613,3,5,4,-0.349,0.0,0
0,1,1,6,1,0,1.138,0,2,5,0.903,5,6,27.21,1,4,5,1.507,0.003,0,0,1,1.574,0,0,-0.256,6,3,1.224,0.078,2,4,0,4,0.0,0,1,4,1,2,0.459,7,5,2,1.201,0.0,0
5,3,2,6,2,0,0.041,3,1,4,-2.774,5,7,22.57,6,7,1,-2.712,0.399,0,0,5,1.134,1,3,-0.891,2,1,0.211,0.196,4,4,0,1,0.0,0,2,4,7,0,0.606,6,1,4,-0.262,0.0,0
4,0,2,4,4,0,-1.377,3,0,5,0.084,2,7,27.73,1,1,4,0.634,-0.087,0,0,4,1.552,4,5,-2.263,1,0,-2.31,1.816,5,3,3,3,0.0,3,4,3,2,1,-0.562,0,3,2,-0.163,0.0,0
4,3,5,2,2,0,0.795,3,3,0,-1.769,3,5,25.8,1,3,3,-1.394,-0.959,2,0,3,-0.178,2,2,-1.492,1,2,-1.205,-2.019,3,2,0,6,0.0,3,5,1,4,1,-0.878,1,2,1,-1.277,0.0,0
3,2,1,4,2,0,0.031,1,2,3,0.135,5,1,30.57,2,4,4,-2.327,2.174,2,0,1,-4.269,5,5,-0.688,7,1,1.569,-0.999,3,4,1,0,0.0,1,3,1,4,6,1.004,1,5,4,0.571,0.0,0
4,4,0,5,4,1,1.387,0,1,5,3.17,1,0,36.68,2,1,3,3.248,-0.224,1,0,1,-1.384,5,1,2.102,0,1,2.745,2.164,2,2,4,6,0.0,5,4,0,6,3,1.432,5,0,2,1.734,93.6,1
0,2,4,3,5,1,-1.046,4,0,1,1.373,0,5,32.21,5,3,0,1.229,2.642,2,0,1,4.686,0,4,-0.49,2,3,-0.393,1.955,1,3,4,0,0.0,3,6,4,4,5,0.085,1,4,4,0.4,29.26,1
2,6,2,0,2,0,-2.521,4,0,2,-3.851,4,5,33.68,4,1,5,-0.902,1.672,2,0,1,-3.715,7,4,-1.603,5,3,-1.747,-2.401,2,4,4,2,0.0,1,2,0,1,3,-2.662,0,2,3,-2.003,0.0,0
4,2,5,0,0,0,-1.846,5,0,5,1.78,5,2,20.91,5,2,4,-3.49,0.189,0,0,2,-1.862,3,1,-0.283,0,3,0.731,0.259,5,3,4,2,0.0,0,1,4,2,2,0.502,4,5,1,-0.751,0.0,0
1,1,5,3,2,0,0.566,1,1,1,-2.287,3,2,28.35,0,7,0,1.043,-0.393,3,0,4,1.658,4,0,-1.405,0,5,-0.65,2.18,5,2,2,2,0.0,5,3,3,3,6,-0.824,0,4,1,-0.618,0.0,0
2,5,3,5,1,0,1.91,3,2,0,0.335,0,3,33.09,0,5,2,0.491,0.582,5,0,5,2.02,1,2,3.741,3,3,-0.299,1.775,3,5,4,3,0.0,4,2,3,1,1,0.677,6,0,3,0.871,0.0,0
1,5,5,0,2,0,-0.429,5,2,1,-0.364,5,2,30.15,2,2,0,-0.601,-1.939,4,0,3,-2.01,6,0,1.43,6,3,-0.303,2.887,1,5,4,7,0.0,3,5,3,4,6,0.097,1,3,2,0.051,0.0,0
0,6,2,2,3,0,0.024,4,2,4,1.07,0,0,26.11,5,2,0,-0.905,0.987,5,0,2,-0.915,1,0,0.478,7,3,-0.696,-1.923,0,5,5,3,0.0,3,3,5,4,7,0.152,4,2,2,0.226,0.0,0
4,7,4,0,0,0,-2.53,2,3,2,1.443,1,6,23.57,1,7,4,2.459,0.111,2,0,0,3.792,0,3,-2.964,4,4,1.226,1.718,5,4,2,7,0.0,2,1,4,2,5,0.785,3,1,3,0.289,0.0,0
2,2,4,1,2,0,-1.284,4,5,3,-4.099,2,5,26.22,7,7,1,-1.893,-1.043,2,0,0,3.272,4,2,0.99,2,2,-0.203,-2.547,5,4,5,3,0.0,2,5,4,7,6,-0.503,4,4,4,-0.551,0.0,0
0,1,0,2,4,0,0.609,1,5,2,-0.478,5,1,28.75,6,3,1,-3.853,-1.678,4,0,2,1.376,4,4,-0.456,1,0,-0.229,-3.322,3,0,1,7,0.0,1,1,5,0,0,-2.493,7,4,3,-1.604,0.0,0
2,7,1,5,5,0,-2.031,5,5,2,-3.065,4,5,22.88,0,2,5,2.175,0.459,1,0,0,2.071,6,5,0.455,2,3,-2.376,-2.496,3,5,5,5,0.0,3,5,3,2,6,-0.689,2,0,3,-1.068,0.0,0
3,5,5,5,5,0,1.197,0,3,0,0.831,4,3,41.6,3,4,5,2.179,0.353,1,1,2,2.397,7,4,-0.992,3,1,-0.672,0.593,0,1,2,0,0.0,1,2,3,1,1,0.983,5,2,1,0.781,115.68,1
4,3,3,2,5,1,-1.88,0,1,4,1.626,2,1,30.38,6,1,2,3.8,0.304,1,0,2,-0.041,4,4,2.23,7,0,0.667,-0.642,5,4,0,0,0.0,4,4,4,3,3,1.004,2,2,1,0.701,214.2,1
3,3,1,3,1,0,-0.849,5,5,3,1.98,3,4,33.65,0,7,4,0.536,-1.136,3,0,0,-3.037,2,1,3.441,4,1,0.124,1.238,2,2,0,0,0.0,2,5,0,4,7,0.523,3,1,2,0.533,0.0,0
3,7,1,7,3,0,-2.396,4,5,3,0.975,1,5,22.88,3,5,0,-3.831,-0.55,4,0,3,-6.228,0,5,1.434,3,0,-0.912,1.441,0,1,2,3,0.0,2,6,0,5,1,-1.336,3,0,1,-0.49,0.0,0
2,2,1,7,5,0,0.347,2,3,0,2.058,5,0,32.23,4,7,3,-1.586,1.015,2,0,2,1.272,3,2,-3.111,2,0,-1.169,0.091,0,2,5,0,0.0,4,4,1,1,0,-0.392,6,0,0,-0.554,0.0,0
1,6,0,5,2,0,-2.042,4,2,1,-1.044,4,5,35.73,5,1,5,1.871,0.794,4,0,1,-0.245,6,4,-3.045,7,0,-1.613,-2.31,1,0,5,3,0.0,2,3,0,4,1,0.313,5,0,2,-1.536,0.0,0
0,4,4,3,0,1,-1.249,1,3,2,2.536,3,6,41.49,1,5,5,2.111,0.774,1,1,2,-2.405,0,1,0.848,2,5,0.299,-0.372,5,2,0,4,0.0,3,3,2,1,6,0.572,3,3,2,0.71,169.54,1
3,0,3,7,2,0,1.295,2,4,5,1.448,2,5,27.49,7,3,5,1.253,-0.507,0,0,5,-0.724,7,2,0.407,4,5,-0.356,1.057,0,4,3,4,0.0,2,3,0,6,1,0.64,0,2,0,0.826,0.0,0
5,6,1,4,5,0,-0.755,2,4,5,-0.617,1,6,22.42,7,2,2,-1.169,1.101,5,0,0,2.629,3,4,-0.548,3,0,0.206,1.393,0,0,4,5,0.0,3,0,2,4,4,0.074,2,3,4,-0.072,0.0,0
2,7,5,5,5,0,0.755,5,2,5,-0.359,5,5,27.28,3,2,5,1.821,-0.764,4,0,4,-5.309,7,4,-0.325,1,0,0.201,-0.4,2,0,2,7,0.0,3,3,5,0,0,0.837,0,1,0,0.001,0.0,0
4,3,5,6,4,0,-1.7,0,1,3,-2.877,4,0,22.14,2,7,4,1.586,0.511,4,0,1,0.067,6,5,-2.312,7,0,-3.493,-2.074,0,4,2,2,0.0,0,1,5,1,0,-1.423,1,0,3,-1.162,0.0,0
5,4,0,3,2,1,0.026,3,4,3,1.995,4,7,40.13,6,2,2,2.486,0.436,3,1,3,0.406,1,4,3.031,7,3,2.034,2.085,4,5,5,6,0.0,2,5,4,3,4,1.792,2,0,4,2.011,12.72,1
2,2,3,4,1,0,1.464,0,2,4,1.128,1,3,20.95,0,3,5,0.861,-0.353,1,0,0,-0.833,7,3,0.792,3,3,0.182,0.143,0,3,5,4,0.0,1,6,1,1,6,0.491,4,3,0,0.028,0.0,0
2,7,5,3,4,0,1.705,2,2,0,-1.588,5,0,34.66,2,1,4,-1.254,1.36,1,0,5,0.44,1,2,1.384,5,2,1.107,1.418,5,3,4,4,0.0,4,2,2,1,1,-0.118,2,4,1,1.622,0.0,0
1,6,1,1,5,0,-2.003,2,0,1,-1.035,3,5,28.55,4,3,1,0.506,-1.226,5,0,4,-1.989,2,3,-1.735,5,5,-0.925,1.694,0,4,3,5,0.0,1,3,4,3,3,-0.434,2,1,4,-0.675,0.0,0
0,0,2,7,5,0,-0.766,0,3,5,-0.387,4,4,34.61,2,6,5,-0.578,-0.212,2,0,1,-0.897,4,2,-1.258,3,5,-3.094,-0.616,1,4,0,0,0.0,3,6,4,6,2,-1.889,5,4,5,-1.756,0.0,0
3,5,2,3,4,0,1.022,1,4,1,1.326,2,0,28.42,4,3,4,-1.498,0.559,2,0,1,3.27,6,5,-2.996,7,4,0.904,-1.541,1,1,4,0,0.0,5,1,2,0,4,-0.252,6,4,3,0.022,0.0,0
0,7,3,6,5,1,2.473,2,2,4,3.638,4,3,39.4,3,3,5,1.643,-0.573,2,1,4,3.23,0,1,-0.501,3,3,3.7,1.442,1,4,5,6,0.0,2,2,4,5,4,1.619,4,1,2,2.254,115.34,1
1,1,5,6,4,0,3.425,1,0,5,0.03,2,5,28.37,3,1,3,-1.595,-1.168,2,0,3,-0.47,7,2,0.184,2,5,-1.052,-1.302,0,5,3,0,0.0,3,6,1,3,6,-1.144,2,4,1,-1.109,0.0,0
5,4,2,7,5,0,4.673,0,0,4,-0.468,2,6,31.12,6,7,4,-0.18,0.025,3,0,0,-1.061,2,3,-1.229,2,3,0.373,-0.98,3,3,1,7,0.0,4,4,3,1,2,0.01,3,3,0,-0.745,0.0,0
1,1,4,3,1,1,3.213,4,2,3,1.185,1,0,39.74,5,3,3,0.547,0.665,4,1,4,1.143,5,1,0.954,3,5,-0.6,1.258,2,3,5,1,0.0,1,5,2,7,6,1.857,5,0,4,1.223,94.58,1
3,6,0,5,3,1,-0.017,4,3,4,1.11,3,5,30.42,2,5,1,0.938,-0.311,5,1,1,1.767,3,1,-0.922,6,5,0.619,0.871,0,5,2,5,0.0,0,5,4,6,5,0.821,2,3,4,1.619,86.66,1
0,6,0,6,5,0,0.357,4,3,2,-0.328,2,4,27.14,6,7,4,-1.436,0.015,3,0,0,0.914,7,4,-1.811,2,2,-0.02,-2.037,1,2,1,3,0.0,4,2,2,5,0,-0.882,5,4,5,-0.808,0.0,0
0,1,2,1,0,0,1.75,2,5,2,3.819,0,2,22.41,1,0,1,2.131,-0.498,4,0,3,1.454,7,4,0.173,7,1,1.228,1.822,3,0,2,0,0.0,1,6,3,5,7,0.713,2,2,1,1.275,0.0,0
2,2,2,7,4,0,2.169,5,2,3,1.698,4,4,30.92,6,7,3,-3.491,-0.628,2,0,1,-1.089,7,4,-1.549,2,1,-3.331,1.335,1,5,2,0,0.0,5,6,5,2,2,-1.043,3,3,1,-0.325,0.0,0
0,2,5,7,3,0,-1.223,3,2,5,2.633,3,4,29.97,4,2,3,-0.186,-0.042,2,0,4,0.396,4,1,0.726,4,3,-0.548,1.309,2,2,4,6,0.0,0,5,3,0,0,-0.287,7,0,5,-0.336,0.0,0
2,1,3,2,0,1,3.309,2,5,5,0.611,3,2,34.32,4,6,1,0.401,0.254,0,1,3,5.412,3,4,0.911,5,2,-0.312,0.914,2,1,3,5,0.0,1,6,5,0,2,1.258,0,4,4,1.448,34.85,1
2,3,0,0,5,0,-2.015,2,0,4,0.359,3,1,29.36,7,2,1,-1.096,0.041,5,0,0,-0.3,6,2,2.069,0,4,-1.531,1.722,5,2,0,2,0.0,4,0,5,0,2,0.396,5,3,1,0.137,0.0,0
3,0,2,2,2,0,0.929,1,1,5,1.774,4,2,30.04,4,5,4,-0.514,0.062,2,0,5,0.246,2,1,0.285,1,4,0.647,0.858,4,2,0,2,0.0,5,7,0,3,5,-0.322,6,3,1,-0.283,0.0,0
3,4,5,4,0,0,0.792,1,4,4,1.032,0,6,23.55,2,1,3,1.374,0.833,4,0,5,-1.073,0,1,-0.925,2,3,-0.959,-1.908,5,5,0,7,0.0,4,2,2,2,1,-0.823,1,1,1,-1.049,0.0,0
1,7,2,3,3,0,-2.181,5,5,0,-2.32,0,4,20.79,6,3,3,-1.812,-0.843,5,0,0,-1.442,1,5,-1.27,3,1,-2.633,-1.081,2,0,3,2,0.0,1,0,1,5,0,-1.03,4,0,0,-0.966,0.0,0
0,6,0,5,3,0,0.442,3,5,5,-4.037,0,5,22.85,1,6,2,-1.172,-1.334,2,0,4,-0.808,1,5,-0.153,4,3,0.234,-0.821,5,2,0,3,0.0,4,6,1,2,5,-0.641,6,5,0,-0.964,0.0,0
2,1,1,1,4,0,0.246,5,4,4,2.59,2,5,24.21,2,1,5,-0.059,-0.505,3,0,5,-1.209,6,4,2.955,5,4,2.14,-0.19,4,0,3,4,0.0,0,3,0,1,7,0.882,6,3,4,0.985,0.0,0
3,0,0,7,4,0,0.3,1,1,1,-1.222,0,1,30.93,2,0,3,0.901,-0.927,3,0,1,-1.814,0,1,-0.649,7,0,-1.789,-0.925,5,2,2,4,0.0,0,5,0,6,1,-1.745,4,2,1,-1.701,0.0,0
2,7,1,4,4,0,-0.772,0,2,0,-1.464,2,3,33.95,1,7,0,1.386,-0.96,4,0,4,-3.173,6,3,1.253,0,1,0.307,-0.75,0,0,5,4,0.0,0,7,1,1,5,-0.898,0,2,1,-0.811,0.0,0
1,1,5,5,3,0,-0.287,4,4,3,-3.048,2,7,30.85,1,5,5,-2.503,-1.426,3,0,0,-4.879,1,3,0.263,5,3,-1.306,-1.401,3,5,4,7,0.0,3,7,4,4,4,-0.708,0,1,4,-0.712,0.0,0
3,0,0,2,5,0,-2.021,1,2,3,-0.89,5,5,41.3,3,7,2,-0.779,-0.508,5,0,0,1.284,0,1,-0.344,2,2,-0.809,-0.393,1,1,3,2,0.0,1,0,4,0,7,-1.066,6,5,4,-1.094,0.0,0
3,5,4,2,5,0,-0.185,2,5,2,-0.069,1,2,22.63,7,3,3,0.067,0.316,0,0,0,2.721,6,4,-0.514,0,5,0.154,-0.545,2,5,4,3,0.0,3,7,4,4,1,-0.188,5,3,1,-0.6,0.0,0
5,3,2,7,4,0,2.966,0,4,2,0.185,0,1,42.15,6,0,1,3.516,1.938,5,1,0,-0.401,7,3,0.107,6,2,-1.703,1.22,2,2,4,2,0.0,5,3,2,4,4,1.589,7,3,2,1.005,128.77,1
4,3,5,1,3,0,-2.264,0,3,1,-0.012,1,2,36.34,2,6,3,-1.039,1.086,2,0,4,-0.537,2,1,-2.204,6,4,0.208,-3.663,5,4,5,3,0.0,2,3,2,6,6,-1.042,4,5,2,-0.602,0.0,0
0,6,0,2,5,0,-2.945,0,2,1,-2.06,2,5,28.45,4,6,3,0.566,-0.362,0,0,0,-0.186,2,5,-0.874,1,2,1.677,1.48,4,5,4,5,0.0,5,6,2,0,7,-0.162,6,5,2,0.012,0.0,0
0,7,2,4,4,0,0.619,0,4,5,-1.504,4,4,32.3,6,2,2,0.987,-0.934,2,0,1,0.535,1,3,-0.11,1,5,-1.221,-3.358,3,2,5,3,0.0,5,3,0,3,4,-0.428,4,0,3,-0.812,0.0,0
1,6,4,4,2,0,-0.966,3,5,4,1.003,3,5,24.71,6,2,1,-1.676,0.624,4,0,4,-3.991,7,1,1.283,6,2,-1.649,0.088,1,5,5,5,0.0,1,2,0,4,6,-0.925,6,2,3,-1.171,0.0,0
2,4,1,1,0,0,0.616,3,0,4,-3.227,3,5,28.62,6,0,3,-1.741,0.751,5,0,4,1.156,7,1,1.537,2,0,2.2,2.135,2,4,2,2,0.0,4,3,1,7,0,0.658,4,4,1,0.458,0.0,0
1,5,0,0,2,0,-0.998,0,3,4,-1.11,3,5,32.6,5,1,1,-1.429,0.533,5,0,0,-2.672,1,0,-1.763,6,1,-0.917,-1.509,5,2,3,0,0.0,0,6,3,3,7,-1.306,3,1,0,-1.051,0.0,0
3,1,4,3,1,0,-1.341,1,3,0,-0.342,3,5,30.15,3,2,0,-1.606,0.991,3,0,0,-1.412,5,4,-4.676,7,5,-0.623,-0.334,1,1,4,7,0.0,2,6,0,6,4,-0.546,5,1,2,-0.309,0.0,0
5,6,4,2,1,0,-0.536,5,2,2,2.314,0,4,36.89,3,3,5,-0.641,2.614,1,1,2,4.769,0,3,1.804,7,5,2.282,2.99,1,3,4,6,0.0,3,7,4,1,2,1.794,2,2,4,1.878,98.95,1
1,6,3,6,3,0,1.66,4,0,2,-0.556,0,7,27.25,1,2,5,0.941,0.721,4,0,4,3.7,5,0,-0.235,3,5,2.338,3.596,2,2,5,0,0.0,1,2,3,4,0,0.587,1,2,5,0.474,0.0,0
0,0,2,7,3,1,-0.034,3,0,1,-0.614,5,5,36.1,7,6,1,0.817,0.469,5,1,3,0.879,0,4,-1.148,4,3,1.832,4.41,4,3,1,0,0.0,1,0,3,1,0,1.543,0,4,0,1.567,114.01,1
3,4,3,2,2,0,2.523,0,4,5,2.626,0,5,50.14,5,5,1,-1.291,0.0,4,1,0,1.604,4,5,0.088,3,4,1.295,1.492,3,3,5,4,0.0,4,2,0,5,3,0.834,1,1,1,1.204,169.54,1
5,3,4,0,5,0,0.187,5,2,0,0.674,2,1,37.09,7,5,3,1.885,-0.93,2,0,5,1.32,1,2,1.198,3,3,0.329,-1.188,1,3,2,6,0.0,0,1,2,2,1,0.48,5,5,2,-0.172,0.0,0
5,4,2,3,1,0,-1.593,0,1,4,-0.555,1,0,29.69,2,6,5,-2.115,1.982,5,0,2,2.241,4,1,-0.492,3,2,1.033,-3.258,5,5,2,3,0.0,3,7,4,0,2,-0.626,3,5,5,-0.111,0.0,0
1,0,5,3,5,0,3.958,2,0,4,2.357,3,5,26.37,0,7,5,2.434,0.608,2,0,4,7.231,0,2,-0.482,5,4,1.217,-0.505,1,1,1,7,0.0,1,4,1,6,1,1.311,3,3,5,1.096,0.0,0
0,5,2,4,4,1,1.538,1,4,4,2.098,3,0,35.82,7,7,2,1.935,0.347,2,1,4,0.022,3,0,2.259,3,1,0.798,-1.217,4,1,5,5,0.0,1,4,5,3,1,2.286,4,5,3,1.571,81.1,1
5,3,2,4,3,0,1.129,4,5,0,-0.167,4,7,39.26,2,4,1,0.78,-0.652,2,0,1,2.199,4,4,3.227,3,2,0.656,1.759,1,2,5,1,0.0,3,6,2,0,6,-0.112,3,1,0,0.197,0.0,0
4,5,0,5,2,1,-2.133,3,5,5,0.621,5,7,39.09,6,6,5,-1.528,2.133,5,1,3,1.931,3,3,0.885,2,0,1.447,1.277,5,0,5,0,0.0,1,4,0,4,1,0.888,4,0,2,0.108,231.03,1
5,7,1,7,4,0,-1.772,2,1,5,-1.134,1,6,28.79,2,1,2,0.699,-0.857,0,0,1,2.192,2,2,-0.632,7,0,-0.956,-1.988,2,2,2,4,0.0,5,6,3,3,1,0.092,2,3,3,0.07,0.0,0
1,0,1,3,3,0,-1.393,2,2,3,-0.296,4,0,24.57,5,4,4,0.002,1.787,1,0,3,0.466,3,3,1.914,4,4,2.494,-1.95,4,4,3,2,0.0,3,1,0,4,4,0.37,4,4,0,0.414,0.0,0
3,3,4,5,4,0,-0.57,2,3,0,-0.044,4,2,35.83,6,3,0,-2.774,-0.238,2,0,2,3.544,0,2,-1.301,3,3,0.231,0.631,3,3,1,5,0.0,0,2,3,1,7,0.205,1,3,2,0.252,0.0,0
4,0,1,7,1,0,-3.409,1,5,1,-1.861,3,5,24.02,3,4,4,-1.581,-2.576,3,0,5,-5.327,0,0,-1.059,6,3,-2.199,-1.035,3,0,2,5,0.0,3,7,4,7,3,-2.073,1,5,1,-2.418,0.0,0
2,0,1,3,3,0,0.694,4,4,3,1.604,5,7,24.55,2,3,5,1.646,0.169,5,0,2,-2.934,1,0,1.847,6,2,-0.92,1.284,1,1,4,5,0.0,1,6,1,3,0,1.036,0,5,1,0.575,0.0,0
4,2,0,2,1,0,-0.605,5,1,1,-0.445,3,2,30.0,5,6,5,-0.463,-1.38,2,0,2,-0.732,6,1,0.229,0,5,-0.652,0.362,5,2,4,3,0.0,0,3,5,5,4,-0.903,3,0,5,-0.481,0.0,0
2,5,4,6,0,0,0.209,1,5,5,0.262,1,5,28.81,3,1,2,1.16,-0.414,0,0,2,-4.922,2,2,-3.805,3,5,-0.119,-1.53,4,3,2,0,0.0,5,0,0,0,0,-0.663,5,4,3,-0.905,0.0,0
4,1,5,3,5,0,-0.226,4,1,1,1.109,1,3,30.34,4,0,0,-3.225,2.218,3,1,4,0.208,6,3,-1.29,1,5,0.428,1.558,1,5,5,7,0.0,0,2,0,7,7,0.17,6,5,0,0.544,122.5,1
2,3,5,3,3,0,-1.601,5,3,0,1.553,4,1,38.04,4,6,5,-0.51,-0.153,5,0,0,-2.789,0,2,0.679,6,4,0.796,-1.545,1,4,4,6,0.0,1,6,0,1,5,0.549,1,3,0,-0.322,0.0,0
2,0,0,7,1,0,-1.07,3,4,3,-0.238,3,3,27.63,5,4,1,0.045,-1.226,5,0,3,-0.781,2,3,2.241,4,0,1.139,0.137,5,1,4,5,0.0,2,5,5,6,1,0.406,0,5,0,-0.198,0.0,0
4,3,5,4,0,0,-1.251,4,0,0,2.51,1,5,32.9,7,3,1,2.808,0.236,1,1,3,3.28,0,4,2.82,4,0,1.257,0.134,5,1,4,1,6.22,5,4,1,1,4,2.0,4,4,4,1.6,39.26,1
1,7,3,3,1,1,0.223,1,1,4,0.84,2,5,36.59,0,1,3,5.298,-1.564,2,1,1,1.044,3,4,2.046,1,1,1.396,3.162,2,3,5,0,0.0,0,7,1,2,2,2.795,6,2,2,2.13,62.78,1
0,0,0,1,4,0,-1.055,0,3,5,-1.092,1,1,25.82,6,7,4,0.987,-0.692,0,0,3,-0.374,1,3,-0.155,0,4,1.106,1.854,0,1,1,0,0.0,1,1,3,7,7,-0.254,1,4,0,0.352,0.0,0
2,4,5,2,1,1,-0.691,5,2,1,0.634,0,3,33.95,4,6,5,0.149,-0.78,2,1,4,-3.823,6,1,4.234,3,1,1.799,4.015,2,4,0,5,0.0,2,6,1,1,6,1.437,1,2,4,1.819,228.19,1
1,6,4,2,2,0,3.208,3,3,2,2.044,1,3,30.73,2,2,4,-1.429,0.21,0,0,1,0.697,5,5,-0.679,4,4,-1.547,2.13,4,2,5,5,0.0,4,1,4,0,0,0.491,0,0,3,0.253,0.0,0
5,1,3,2,4,0,-0.065,4,0,2,-0.99,1,3,38.22,5,5,1,-1.383,1.231,1,0,1,3.432,4,1,0.572,3,1,-2.836,-0.186,0,4,1,6,0.0,2,2,1,0,1,-1.091,5,2,1,-1.24,0.0,0
0,6,5,6,1,0,-0.29,4,3,4,0.973,5,0,31.5,6,4,4,0.672,0.175,5,0,5,-1.774,1,4,0.555,7,0,0.361,0.068,3,0,2,1,0.0,4,6,4,1,2,0.804,0,0,2,0.112,0.0,0
0,0,1,2,1,0,1.479,4,1,1,1.775,0,4,21.45,0,0,4,-0.107,0.029,1,0,0,0.628,0,2,-2.773,5,2,1.248,1.527,2,3,2,4,0.0,2,3,5,4,5,-0.16,7,3,1,-0.815,0.0,0
1,1,1,7,3,1,2.965,4,3,5,1.697,0,5,32.81,4,2,3,-0.015,0.68,2,0,3,3.236,0,2,0.844,2,1,-0.41,1.67,4,0,5,3,0.0,0,3,2,3,1,0.465,0,1,4,0.808,180.71,1
3,0,1,6,5,0,-1.483,4,4,3,-0.546,2,1,36.91,1,6,2,-0.63,0.204,4,0,4,2.2,3,0,0.309,2,0,0.904,-0.311,1,1,1,7,0.0,4,2,2,0,7,0.376,2,1,2,-0.229,0.0,0
2,6,4,5,2,1,1.145,0,3,4,1.892,2,5,42.52,7,5,2,-1.928,-1.434,1,1,3,-1.412,5,2,-0.422,6,2,-0.874,-0.513,2,2,2,3,0.0,3,6,5,3,6,-0.346,7,2,3,1.147,0.0,1
4,0,1,6,4,0,-1.42,2,2,3,-4.956,4,7,37.5,4,5,1,-4.031,-0.42,4,0,5,-2.22,2,2,-1.776,7,0,-3.074,-4.396,0,0,3,6,0.0,2,3,2,5,5,-2.172,0,4,3,-2.425,0.0,0
5,4,3,7,4,0,0.305,3,0,2,1.229,4,0,41.8,7,4,5,0.084,-1.302,1,0,3,1.927,2,5,1.976,6,0,-1.468,3.595,5,3,1,7,0.0,3,5,3,5,7,0.233,3,2,2,-0.306,0.0,0
0,4,0,1,3,0,-0.109,2,5,2,2.66,0,3,41.74,3,1,5,2.511,0.836,4,1,2,2.38,1,4,-0.075,1,5,0.092,1.056,2,1,1,3,0.0,3,0,2,5,1,2.148,2,5,1,1.208,0.0,1
4,0,3,4,4,1,3.779,4,1,3,2.828,3,0,37.15,7,4,1,-0.275,-0.759,2,1,2,-1.004,6,5,1.111,0,0,2.996,1.278,2,4,5,6,0.0,3,7,3,6,2,1.695,5,4,3,1.689,82.38,1
0,4,3,4,4,0,1.388,2,2,4,0.44,3,6,22.07,4,1,4,-0.997,-0.839,0,0,5,-3.084,3,1,0.565,4,2,-0.221,1.182,5,3,1,6,0.0,3,0,5,2,5,0.198,0,1,5,-0.109,0.0,0
5,1,1,2,0,0,1.635,2,4,2,0.997,1,4,22.71,5,1,4,1.661,-0.341,5,0,4,-3.601,5,4,-0.605,1,5,-0.07,0.348,2,5,4,6,0.0,1,1,1,7,1,0.25,0,2,0,0.145,0.0,0
2,4,2,3,5,0,-0.948,1,2,4,-0.076,2,0,27.08,5,0,3,0.952,2.277,5,0,4,-0.585,3,2,2.192,0,3,0.644,0.631,4,1,4,6,0.0,3,1,3,7,7,0.187,2,1,3,-0.048,0.0,0
5,5,4,4,5,0,1.698,5,2,1,-0.866,0,6,21.39,5,1,0,3.573,-1.013,2,0,1,-1.187,6,5,1.779,3,2,0.592,0.274,1,1,0,6,0.0,4,1,2,4,5,0.413,6,5,5,-0.576,0.0,0
2,2,4,6,2,0,-0.16,1,4,0,-2.91,0,5,17.99,2,1,5,1.314,-0.423,2,0,0,1.616,2,2,-0.714,4,0,-1.095,-1.337,1,4,2,0,0.0,3,4,4,3,1,-0.686,3,5,3,-1.603,0.0,0
0,7,3,7,1,0,-0.389,0,0,0,0.545,5,1,35.75,0,7,0,-0.215,0.316,1,0,4,-1.746,4,5,-0.191,7,4,-0.776,-2.701,3,1,5,2,0.0,1,3,0,6,1,-0.131,1,0,1,0.165,0.0,0
4,2,0,4,5,0,0.962,5,3,3,0.978,5,3,37.61,5,3,5,-0.315,0.319,3,0,4,-0.611,3,1,3.123,4,3,1.037,1.836,4,2,5,3,0.0,2,0,2,1,7,0.243,7,3,4,0.595,0.0,0
0,5,4,6,0,0,-1.967,4,4,1,0.354,2,1,28.38,0,1,1,2.157,0.19,4,0,3,-1.11,1,1,-0.844,5,4,-0.933,-0.855,0,1,4,3,0.0,5,3,3,3,4,-1.337,7,2,5,-1.043,0.0,0
1,3,0,0,3,0,1.793,0,0,2,-3.386,3,6,26.9,7,0,4,0.581,0.503,5,0,1,3.046,3,0,-0.867,6,2,-0.683,-0.902,2,2,1,1,0.0,2,2,3,0,1,0.562,7,5,2,-0.111,0.0,0
4,5,1,1,2,0,0.062,5,0,0,2.122,0,0,35.73,0,2,0,-1.015,0.721,5,0,1,1.146,7,1,1.848,5,1,2.261,-1.1,3,2,4,7,0.0,1,7,3,5,0,0.874,0,4,4,0.944,0.0,0
5,5,3,4,5,0,-1.024,3,4,3,-0.721,5,5,21.39,1,5,3,2.744,2.182,5,0,5,1.868,7,0,1.444,3,5,-0.105,-0.205,1,2,0,5,0.0,5,3,2,1,7,0.771,7,4,4,0.334,0.0,0
1,6,1,5,1,0,-0.142,4,2,1,0.869,5,6,27.76,0,4,5,1.403,-2.2,0,0,4,-2.797,6,4,-2.03,1,4,0.637,-1.43,2,5,4,2,0.0,1,3,1,4,3,-0.443,5,1,4,0.06,0.0,0
3,6,3,4,2,1,1.845,3,4,5,-1.82,5,6,36.99,7,3,4,0.2,1.146,5,1,2,0.456,1,3,-2.894,4,3,-0.135,-2.555,4,3,3,2,0.0,4,0,5,0,0,0.91,6,2,0,1.58,0.0,1
4,0,5,0,2,0,-0.936,0,2,4,0.999,5,5,18.81,7,3,5,2.301,-0.196,1,0,2,0.586,2,5,-2.138,3,4,2.759,-0.354,1,5,3,4,0.0,2,5,3,3,5,-0.152,1,3,0,-0.161,0.0,0
4,2,1,5,3,0,0.729,3,0,5,-3.157,0,1,31.85,1,3,2,-1.404,0.963,5,0,1,1.587,3,3,-0.339,3,4,-3.239,-1.479,2,2,1,7,0.0,5,2,3,0,4,-0.499,5,5,1,0.05,0.0,0
5,5,4,7,1,0,1.907,0,2,3,3.787,5,6,33.49,1,0,5,-0.814,0.664,1,1,4,5.412,5,3,-1.197,4,3,-1.505,1.31,0,1,1,6,0.0,3,1,4,1,1,1.852,2,4,4,1.106,198.45,1
5,7,0,4,0,0,1.714,2,5,4,0.905,2,4,23.55,7,5,1,-1.039,-0.736,4,1,0,0.786,0,1,2.151,6,5,-0.329,3.591,0,3,0,0,14.56,2,6,2,3,6,2.748,4,5,1,1.934,18.43,1
1,4,0,1,4,0,-3.02,4,5,2,-2.26,5,6,25.19,5,7,3,-1.409,-0.05,0,0,5,-3.998,6,0,0.266,6,0,-0.373,-0.65,1,2,1,5,0.0,2,7,1,7,0,0.065,6,0,4,-0.012,0.0,0
2,5,5,4,5,0,0.457,4,0,2,-1.406,5,1,23.09,4,3,3,2.573,-0.303,2,0,1,2.19,7,0,-0.796,2,1,3.333,2.561,2,3,1,0,0.0,0,0,5,6,0,0.214,0,3,4,-0.306,0.0,0
5,6,5,5,1,0,-1.466,0,5,4,0.287,5,3,32.13,7,1,4,-0.653,0.826,3,0,3,-0.86,6,2,-3.988,6,1,-3.09,-0.636,2,1,0,6,0.0,0,7,1,2,6,-0.85,6,5,2,-0.08,0.0,0
3,4,5,0,4,0,0.795,4,2,3,-1.088,0,6,21.85,6,0,2,1.277,0.415,0,0,1,2.776,4,2,-0.857,2,5,-1.894,0.722,1,4,2,1,0.0,4,1,4,5,4,1.406,3,3,0,0.727,0.0,0
4,6,0,5,0,0,-0.898,0,0,0,1.187,5,4,33.43,4,4,4,-2.962,1.441,1,1,0,0.195,2,1,1.17,5,5,2.228,-0.025,0,1,0,7,0.0,2,1,5,4,5,0.77,7,5,0,1.099,76.38,1
2,2,1,3,2,0,0.114,5,4,1,-1.138,0,1,24.56,2,7,3,-2.023,-0.291,2,0,5,-4.754,3,5,-0.057,1,5,-2.52,0.161,0,3,1,7,0.0,2,6,3,3,4,-0.427,0,3,2,0.666,0.0,0
3,6,1,2,0,0,-0.473,3,0,2,1.241,0,0,17.76,1,5,2,-0.681,0.257,2,0,1,-2.379,0,2,-0.794,7,0,-0.153,-2.598,2,2,5,2,0.0,2,3,3,5,3,-0.652,2,1,3,-1.227,0.0,0
2,4,0,4,1,0,-2.176,0,4,5,-1.013,3,7,30.56,4,2,0,-2.825,1.326,4,0,5,-1.266,7,0,-1.688,0,2,-0.638,-2.443,3,4,0,5,0.0,5,0,5,7,1,-0.893,1,1,2,-1.091,0.0,0
2,7,2,7,4,0,-2.72,4,1,3,-0.116,3,3,31.61,5,1,4,1.772,0.164,1,0,5,3.947,7,3,0.41,3,1,-0.921,-1.632,5,0,2,5,0.0,2,4,1,3,7,-0.642,5,1,0,0.149,0.0,0
4,7,4,5,2,0,1.044,5,0,3,-0.797,5,6,30.15,2,0,5,1.059,-1.166,2,0,1,0.967,5,0,0.475,6,4,-0.386,0.56,5,2,1,5,0.0,5,5,5,5,1,-0.209,2,2,4,-0.154,0.0,0
3,2,2,6,5,0,0.298,4,1,5,0.591,2,2,23.41,4,1,0,-2.067,0.588,2,0,3,-1.087,0,3,-2.097,0,4,-2.694,-1.834,5,3,4,3,0.0,1,7,2,6,7,-1.277,1,0,0,-0.101,0.0,0
1,7,0,4,3,0,-0.381,4,4,2,2.285,4,0,27.49,3,2,2,-2.755,-0.062,1,0,5,1.402,2,2,-1.749,2,1,0.403,-0.229,1,2,1,3,0.0,5,1,4,5,0,0.122,0,2,3,0.59,0.0,0
2,3,4,3,5,0,3.314,1,5,5,0.534,3,0,32.18,5,7,5,-0.416,-0.308,5,0,1,-0.345,3,3,0.682,6,3,-2.409,-0.517,2,3,4,2,0.0,5,4,5,7,6,0.079,2,4,2,1.005,0.0,0
5,3,1,5,4,0,-1.645,2,2,2,-0.212,3,5,30.94,0,7,5,3.54,-0.211,4,0,5,-0.349,7,5,0.353,3,1,-0.858,1.51,3,3,5,7,0.0,0,7,2,0,4,-0.866,2,4,0,-0.359,0.0,0
4,6,4,1,4,0,-0.035,3,4,4,-0.661,2,3,17.99,2,0,5,-1.731,-1.361,1,0,3,0.018,4,0,4.52,6,0,1.781,0.727,1,5,0,5,0.0,0,7,3,7,3,1.224,6,1,3,0.043,0.0,0
2,2,5,5,1,0,-0.514,4,0,5,-2.375,1,4,27.48,5,0,5,-2.231,-0.084,0,0,0,-3.326,7,1,-0.622,1,5,0.793,-0.413,4,3,5,2,0.0,1,7,1,7,4,-0.596,0,2,4,-1.248,0.0,0
3,5,1,0,0,0,1.273,3,5,2,-1.806,1,2,24.94,6,2,1,-0.018,-0.323,5,0,0,-2.036,7,1,-1.196,3,0,0.199,0.441,1,4,5,5,0.0,5,0,2,1,0,-1.379,1,5,3,-0.615,0.0,0
1,2,1,5,0,0,2.486,0,1,0,-1.055,4,4,28.51,3,7,1,-0.79,1.088,4,0,3,-1.781,0,0,-3.672,7,2,0.065,-1.862,1,1,5,1,0.0,3,6,4,5,2,0.1,5,3,5,-0.623,0.0,0
3,3,5,0,1,0,2.077,1,0,1,0.344,1,6,23.53,6,1,1,-1.456,0.815,3,0,1,-0.194,0,1,-3.112,7,0,-1.752,-1.095,5,4,3,3,0.0,5,4,0,4,2,-0.021,0,0,1,0.131,0.0,0
0,4,3,1,4,0,0.392,5,0,0,0.012,0,2,23.08,5,2,2,-0.388,-0.68,0,0,4,-0.68,6,2,2.113,5,3,2.908,-0.37,4,5,0,0,0.0,1,4,1,3,1,1.435,4,1,5,1.111,0.0,0
3,7,1,5,5,0,-2.927,4,4,2,2.824,2,6,27.36,5,6,3,1.132,0.874,5,0,1,5.685,3,0,1.273,7,2,-0.796,0.487,5,0,0,7,0.0,5,3,1,2,0,0.278,3,3,0,0.609,0.0,0
1,2,4,2,5,0,0.881,5,5,4,-1.077,2,1,26.0,4,4,0,0.927,-0.743,2,0,1,2.848,0,3,-0.255,0,1,1.392,-0.87,4,2,3,3,0.0,0,7,3,4,5,-0.619,3,0,0,0.25,0.0,0
3,6,5,6,0,0,-1.044,2,1,5,0.135,0,7,23.05,7,3,5,-2.841,0.757,4,0,0,0.669,0,4,-3.075,1,5,-1.747,0.219,0,2,4,0,0.0,2,4,3,3,1,-0.403,3,2,4,-0.355,0.0,0
2,2,4,6,3,1,-0.302,0,5,3,1.419,3,6,31.06,7,6,1,0.405,-1.034,5,1,4,-0.927,6,4,3.352,3,2,4.274,0.227,2,2,2,2,0.0,0,4,0,0,0,1.973,6,5,3,1.406,35.67,1
3,6,5,1,3,0,1.165,0,4,4,2.444,1,5,21.99,3,0,4,-1.201,0.42,0,0,0,2.571,3,5,-0.106,3,4,-0.807,-1.175,1,5,5,6,0.0,4,6,0,4,7,0.868,0,3,0,-0.28,0.0,0
1,3,0,6,4,1,0.769,2,4,4,3.888,4,1,28.86,3,6,4,3.052,-0.431,5,1,0,1.448,7,4,1.639,7,5,0.41,1.056,4,2,1,1,0.0,0,3,5,4,3,1.78,5,0,0,1.823,0.0,1
2,7,4,5,5,0,0.728,2,4,5,2.067,2,1,27.08,1,1,3,2.96,1.573,0,0,3,-0.124,2,0,-0.529,6,4,0.61,0.963,1,0,5,2,0.0,1,4,3,6,6,0.801,1,4,3,0.811,0.0,0
4,3,5,0,3,0,-2.102,5,0,0,-1.599,4,4,36.72,1,5,2,-0.855,-1.147,0,0,0,-0.379,2,4,1.765,6,5,-0.771,-2.264,0,3,0,2,0.0,5,3,3,6,5,-1.393,2,0,2,-1.568,0.0,0
5,5,1,3,2,0,3.455,2,2,0,-0.128,3,4,25.51,6,2,4,0.448,-0.214,0,0,0,-1.93,4,1,1.157,7,3,1.752,0.49,1,0,5,7,0.0,3,4,0,3,2,0.072,1,5,4,0.036,0.0,0
1,6,4,1,0,0,-1.132,1,3,0,-3.65,2,5,29.8,7,2,2,0.91,-2.456,4,0,0,2.663,4,1,-0.381,2,1,0.088,2.354,0,4,1,7,0.0,3,0,3,4,3,-0.291,5,4,3,-0.07,0.0,0
3,3,4,3,1,0,2.322,4,1,0,1.18,5,2,15.47,2,4,5,-2.963,-1.095,3,0,3,6.445,2,4,1.128,3,0,-2.601,-2.074,5,5,2,0,0.0,2,2,5,5,2,-0.116,6,4,5,-0.381,0.0,0
4,5,4,0,2,0,-1.818,0,4,1,-2.845,0,0,38.47,1,1,4,0.203,0.62,5,0,1,0.781,2,1,-2.268,3,0,1.648,-1.376,3,4,1,0,0.0,3,6,1,3,1,-0.249,0,1,4,-0.488,0.0,0
5,3,4,7,2,0,0.315,5,4,4,0.8,2,0,18.92,3,3,0,1.759,0.045,0,0,0,2.324,3,3,1.033,4,4,0.766,-0.278,1,3,1,7,0.0,4,0,0,1,4,-0.159,1,3,3,0.635,0.0,0
1,7,2,0,1,0,-3.433,1,3,0,0.979,0,6,33.09,1,2,2,-0.902,-0.092,5,0,3,0.867,6,5,-1.906,3,3,-1.438,-0.072,4,3,4,2,0.0,4,4,5,6,4,-1.0,7,1,3,-0.568,0.0,0
3,7,2,5,0,0,-0.973,2,1,4,-1.6,2,4,25.32,2,5,0,1.935,1.294,5,0,4,-0.15,7,5,-2.749,6,5,-1.939,-2.139,2,5,0,4,0.0,2,6,4,4,4,-0.164,0,3,0,-0.635,0.0,0
3,5,4,6,0,0,2.517,4,3,5,-0.146,0,7,30.02,4,0,5,1.027,2.461,5,1,4,0.929,1,2,3.45,2,0,1.397,1.96,0,5,4,2,0.0,2,4,4,3,4,0.881,0,2,4,0.845,84.44,1
5,7,0,6,3,0,-0.591,5,1,1,-3.677,0,6,43.43,7,0,0,0.539,-1.025,2,0,4,-0.449,3,0,-0.654,0,0,-1.401,-1.731,0,0,2,6,0.0,5,7,1,6,5,-0.082,1,0,4,-0.279,0.0,0
0,7,4,2,2,0,-1.606,3,2,2,0.32,4,2,11.16,7,1,2,-0.923,1.723,1,0,2,-1.766,1,4,1.196,3,4,-2.002,-4.844,2,4,1,2,0.0,2,7,0,7,4,0.013,0,5,3,-0.468,0.0,0
2,4,2,2,5,0,-3.895,4,5,4,1.097,4,2,44.53,2,2,1,-1.243,0.096,2,0,5,-2.756,1,1,-3.804,5,3,-1.783,-2.542,3,4,4,3,0.0,3,3,5,2,3,-1.937,2,0,5,-1.396,0.0,0
2,4,2,5,4,0,1.542,0,3,3,1.362,2,0,37.52,3,1,0,0.929,2.133,3,1,4,-1.88,3,2,-2.474,6,3,0.52,3.147,5,0,2,5,0.0,4,5,0,3,7,0.703,1,5,2,0.733,21.75,1
1,3,0,0,1,0,0.062,4,3,1,-0.08,1,6,25.76,3,2,2,-0.444,-1.362,5,0,1,0.634,7,5,2.182,4,3,-3.455,0.61,5,1,3,5,0.0,1,6,1,4,7,0.508,6,1,4,0.307,0.0,0
4,5,3,2,5,0,-2.667,4,4,5,0.593,0,4,27.43,6,3,2,0.641,-0.254,5,0,4,7.232,5,4,2.651,3,3,1.255,1.71,1,2,0,5,0.0,5,2,2,5,5,1.532,5,5,0,1.529,0.0,0
0,5,0,4,1,0,0.87,1,4,1,-0.691,1,5,29.76,5,4,3,-1.883,0.631,0,0,3,-2.372,3,4,-1.821,1,0,-2.944,-2.07,4,4,4,0,0.0,2,5,5,0,1,-0.39,0,4,1,-0.374,0.0,0
0,3,3,0,1,1,-1.779,2,2,3,-0.15,4,4,43.09,7,7,1,-1.542,0.798,5,1,3,1.534,5,1,3.919,7,5,1.512,3.675,1,4,5,1,0.0,5,1,4,0,0,1.835,3,4,4,1.34,57.54,1
0,4,1,0,5,0,1.516,3,0,5,1.824,2,7,25.34,0,0,3,2.144,1.439,3,1,0,0.684,7,2,-2.413,7,1,0.574,3.223,4,3,5,5,0.0,3,1,2,5,1,0.544,7,1,0,0.911,0.0,1
3,7,2,3,5,0,2.904,2,4,2,2.089,4,6,26.47,7,5,5,-0.182,0.3,4,0,4,1.414,7,4,1.453,6,0,-0.077,-0.419,3,4,0,0,0.0,3,2,3,3,7,-0.025,5,4,1,0.852,0.0,0
4,4,5,3,4,0,1.368,1,2,0,-3.469,5,1,35.97,6,7,5,0.696,-1.872,1,0,3,3.419,3,3,2.966,1,5,1.651,4.448,4,0,1,0,0.0,5,3,2,3,5,0.785,1,3,4,0.608,0.0,0
2,4,4,3,4,0,-0.225,4,5,4,1.693,5,4,34.18,4,6,5,0.813,-0.202,4,1,2,1.575,1,3,1.787,4,3,-0.697,0.559,3,3,0,2,0.0,5,7,2,3,1,1.112,6,4,4,1.15,0.0,1
4,2,2,5,3,1,0.791,1,4,0,1.366,1,7,30.66,3,6,3,2.48,1.018,1,1,3,1.988,5,5,1.307,3,3,3.025,2.709,1,0,3,5,0.0,5,2,1,2,7,1.735,0,4,5,2.178,0.0,1
0,4,5,4,3,0,1.809,3,4,5,-1.761,2,3,22.04,5,2,1,1.693,-0.975,4,0,4,-1.061,7,1,-0.371,3,0,-1.709,1.389,4,2,1,5,0.0,3,7,2,6,0,-0.109,5,1,1,-0.237,0.0,0
1,1,5,4,0,0,-1.636,5,2,3,0.494,5,1,32.6,1,7,2,-3.046,-0.421,0,0,3,1.153,6,4,-2.399,7,3,-1.698,-0.652,3,4,3,4,0.0,2,1,2,2,2,-1.135,4,3,4,-1.338,0.0,0
1,1,0,0,2,0,0.107,2,2,3,-0.148,3,2,24.02,4,0,1,-0.048,-1.08,3,0,5,-0.682,1,3,2.303,7,5,-0.674,-0.046,0,0,5,2,0.0,4,7,3,4,3,1.064,5,3,2,1.316,0.0,0
0,3,0,3,5,0,-0.283,2,2,5,-0.53,1,5,19.9,2,4,0,-0.523,-0.214,0,0,0,-2.468,2,4,-0.085,7,5,-0.011,0.118,4,5,3,7,0.0,3,4,5,5,4,0.391,7,5,0,0.409,0.0,0
3,3,0,6,3,0,1.35,1,3,0,3.536,0,7,39.91,3,7,1,2.477,1.581,4,1,0,3.248,3,0,1.912,3,2,1.883,0.903,2,3,4,3,0.0,2,4,2,4,0,1.76,4,2,5,1.52,0.0,1
0,7,3,2,0,0,-0.901,0,0,2,-1.249,0,4,21.56,1,7,4,-2.667,0.967,5,0,0,0.603,5,1,-1.416,1,2,0.183,-1.28,5,1,2,6,0.0,4,3,5,2,5,-0.355,5,5,5,-0.68,0.0,0
5,4,1,5,2,0,3.256,1,4,3,0.427,4,7,21.13,6,7,2,1.714,-1.645,4,0,2,2.21,3,4,3.23,6,4,-1.53,-0.772,4,1,5,2,0.0,2,3,1,7,5,-0.01,0,1,0,0.915,0.0,0
5,7,2,5,3,0,0.753,3,0,0,-2.522,0,5,30.31,1,5,2,2.567,0.221,3,0,0,2.18,6,1,-0.971,7,3,-2.94,-0.047,2,0,4,3,0.0,2,6,0,2,1,-0.415,6,1,3,-0.329,0.0,0
4,3,0,6,0,0,3.177,1,5,1,1.526,4,7,40.05,5,3,0,2.803,1.117,4,1,3,3.594,6,0,4.226,1,2,3.444,4.295,3,4,3,4,0.0,0,4,3,5,1,2.033,2,4,4,1.854,155.26,1
2,6,2,6,3,0,-1.623,1,5,1,-0.939,1,5,43.61,7,2,3,1.031,-1.088,4,0,0,-2.65,3,2,-1.993,5,2,-2.249,-0.744,5,0,1,2,0.0,0,6,5,5,7,-0.785,5,5,5,-1.197,0.0,0
2,5,0,4,4,0,-2.708,2,2,3,0.498,5,1,28.11,1,2,1,-0.933,1.69,5,0,0,-1.776,6,5,-2.905,4,5,-3.997,-1.718,3,5,3,5,0.0,5,5,5,5,5,-0.871,1,5,1,-0.842,0.0,0
1,1,1,4,1,1,0.755,0,1,0,0.384,0,0,23.1,7,6,0,-0.518,0.727,3,0,1,5.499,7,2,2.019,3,3,-1.219,-0.787,3,4,0,6,0.0,4,1,0,5,5,0.231,0,0,2,0.25,119.22,1
0,5,1,4,2,0,-0.709,3,5,1,-0.61,0,4,28.95,0,5,5,-2.222,-0.469,4,0,2,-2.027,5,5,1.046,7,3,-0.331,1.055,2,3,4,0,0.0,2,0,0,6,0,-0.924,6,4,3,-0.05,0.0,0
0,4,4,4,4,0,-1.755,5,2,3,-0.617,5,2,34.6,1,1,1,-0.782,-0.943,2,0,3,-4.018,1,5,-1.798,4,0,-0.939,-3.883,3,1,0,3,0.0,0,7,4,4,5,-0.973,7,3,3,-1.499,0.0,0
2,3,2,4,4,0,-0.984,5,4,0,-2.652,5,1,28.48,1,2,0,-2.236,-0.257,1,0,3,-0.478,6,0,-2.535,6,5,-2.497,-1.642,3,4,2,0,0.0,2,7,4,6,5,-2.118,2,0,1,-2.543,0.0,0
4,3,2,0,0,0,1.054,4,5,5,-0.326,1,4,29.69,7,4,4,1.54,-0.003,0,0,2,1.726,2,1,1.353,6,2,1.913,-3.442,0,2,1,4,0.0,4,7,0,4,2,-0.052,5,4,0,0.313,0.0,0
1,0,2,2,5,0,0.208,3,2,1,0.18,2,7,47.03,6,0,1,1.599,1.992,4,1,4,-3.357,7,0,1.611,7,2,0.399,-1.415,1,0,5,0,0.0,0,1,0,1,1,0.337,5,0,0,0.745,199.65,1
0,4,1,7,1,1,1.705,2,3,0,0.417,2,4,40.52,0,3,4,0.705,1.448,4,1,0,-2.787,1,0,0.887,5,5,1.199,0.774,5,1,0,4,0.0,0,7,0,7,1,1.299,7,5,1,1.893,109.76,1
0,2,0,7,2,0,-0.436,3,2,4,-0.957,3,1,39.57,7,6,5,-0.997,1.343,0,0,4,-0.467,1,2,-1.374,3,4,-2.934,1.082,3,2,5,6,0.0,1,1,5,4,3,-0.273,6,1,4,-0.789,0.0,0
0,2,1,7,0,0,0.651,2,5,0,1.561,1,0,16.36,5,2,0,2.134,-0.598,0,0,0,0.572,7,5,1.31,5,1,0.624,-1.179,5,0,0,4,0.0,5,3,2,6,3,1.228,0,5,1,1.017,0.0,0
5,0,5,5,4,0,-2.387,4,0,4,-0.043,1,6,31.57,4,7,2,-0.246,-0.175,3,0,5,0.794,4,4,-1.313,5,3,-2.072,1.338,3,2,4,4,0.0,3,5,4,6,4,-0.294,3,5,2,0.816,0.0,0
4,2,4,3,5,0,-0.163,0,2,5,-1.677,5,1,36.12,2,6,0,-1.423,1.145,5,0,5,-2.537,5,0,1.087,1,3,-0.237,-0.868,2,4,0,6,0.0,4,4,4,4,4,-0.075,4,2,0,-0.64,0.0,0
1,7,2,3,0,0,2.449,1,2,5,3.559,1,2,31.79,3,6,3,-1.397,1.506,2,0,0,0.198,7,3,0.927,4,0,1.953,-0.322,0,4,3,2,0.0,0,6,5,1,0,0.021,2,5,5,0.204,0.0,0
1,0,1,3,1,0,0.672,4,1,5,0.623,0,1,29.01,6,3,0,-1.131,0.112,1,0,0,-3.512,2,1,-3.555,6,3,-2.956,1.673,4,0,5,1,0.0,2,2,5,4,3,-0.598,1,0,0,-0.73,0.0,0
3,7,2,7,5,0,-3.736,0,1,1,-2.733,5,4,31.28,5,0,1,0.5,-0.563,1,0,1,-0.952,5,5,-1.541,2,4,1.134,1.669,5,4,0,3,0.0,0,6,3,0,7,-2.498,2,2,0,-1.367,0.0,0
0,4,4,2,3,0,0.62,4,5,1,0.27,3,2,25.28,6,1,3,0.173,0.554,2,0,1,1.953,6,3,-2.685,2,3,0.259,-1.143,4,0,0,6,0.0,3,4,0,5,5,0.292,1,1,3,-0.292,0.0,0
0,5,4,6,4,0,0.919,1,1,5,-0.059,2,7,28.66,6,7,4,-0.684,0.793,4,1,1,4.575,0,4,0.592,0,5,2.984,0.24,4,3,4,0,0.0,1,0,0,1,5,0.385,0,2,2,0.055,40.85,1
3,6,0,4,5,0,-3.144,3,0,4,-1.476,5,4,29.94,6,1,5,0.02,0.299,2,0,5,-4.845,2,1,0.182,5,1,0.635,-3.073,3,4,4,5,0.0,5,3,5,6,1,-0.442,6,1,4,-0.325,0.0,0
0,2,2,7,1,0,0.066,1,2,3,0.754,3,5,19.25,7,5,1,2.359,1.245,1,0,0,-0.644,2,2,-0.03,5,5,-0.494,0.594,1,1,0,3,0.0,3,5,0,6,3,-0.223,1,5,3,0.162,0.0,0
0,6,2,6,1,0,-2.476,1,2,4,-2.418,2,4,26.09,3,6,2,0.085,-0.496,5,0,4,-0.981,6,2,-3.196,7,0,-0.024,-0.197,4,1,0,5,0.0,0,4,4,4,5,-0.105,1,5,1,-0.57,0.0,0
0,3,5,6,5,0,-0.426,5,3,5,0.054,0,7,31.52,6,4,4,-0.838,1.208,4,0,4,0.206,1,4,1.118,2,0,0.757,0.87,1,2,4,0,0.0,3,6,0,7,2,-0.334,5,3,4,-0.789,0.0,0
4,7,3,6,0,0,0.894,1,5,0,2.099,1,6,31.69,7,5,2,2.488,-0.16,3,0,1,0.363,5,5,2.632,7,2,1.208,0.742,0,0,3,7,0.0,4,5,1,3,4,1.066,2,5,0,1.162,0.0,0
5,7,2,4,0,1,-0.311,2,5,1,2.429,2,6,40.7,7,6,1,3.574,-0.805,1,0,1,0.191,5,1,0.23,0,0,0.367,1.46,0,1,1,6,0.0,1,7,2,5,5,1.239,0,5,3,1.341,94.2,1
5,5,1,0,0,1,1.469,5,5,0,3.869,4,7,35.29,2,4,0,1.175,0.061,4,1,5,0.883,6,0,-1.677,5,0,-0.109,1.173,2,4,3,0,0.0,5,7,4,6,4,0.369,5,0,0,1.035,88.4,1
1,4,5,0,0,0,0.195,2,1,1,-2.649,4,0,34.59,4,7,3,2.774,-2.03,0,0,5,-0.983,6,2,2.157,0,2,1.168,-2.693,1,2,0,1,0.0,5,5,0,3,5,-0.607,4,0,2,-0.038,0.0,0
2,3,4,3,0,0,0.54,4,0,1,1.848,4,4,24.08,7,0,5,0.917,0.121,3,0,5,3.918,4,3,0.683,3,0,1.067,1.044,4,5,4,4,0.0,0,3,1,3,4,-0.109,7,0,1,0.482,0.0,0
1,2,3,6,5,0,2.253,2,0,3,2.506,1,0,30.49,5,5,4,1.148,1.76,2,0,5,1.225,2,1,1.862,4,1,1.954,3.172,1,1,5,5,0.0,2,1,1,5,1,0.479,2,5,5,0.234,0.0,0
2,5,5,4,0,0,3.04,5,4,0,-1.048,4,3,36.8,7,5,4,0.354,1.556,3,1,1,-1.386,6,3,0.047,7,0,0.843,-0.14,1,4,0,4,0.0,4,0,0,6,6,1.521,5,2,4,1.1,0.0,1
1,3,3,7,4,0,4.16,4,0,5,1.789,0,7,33.65,4,0,2,4.059,-0.268,0,1,2,5.183,5,4,2.309,3,4,-0.892,0.859,4,4,3,0,0.0,1,1,2,5,5,1.305,3,1,1,1.763,0.0,1
5,7,1,5,3,0,1.111,3,3,1,1.296,4,7,34.38,6,1,4,-0.795,1.81,0,0,4,-1.867,1,1,-1.228,4,5,1.319,-0.693,5,4,4,6,0.0,3,2,2,5,7,-1.721,3,2,5,-1.496,0.0,0
0,2,0,0,4,0,-3.014,5,5,5,0.039,4,2,36.56,0,0,0,0.522,-0.812,3,0,4,-1.593,6,0,2.068,6,4,-1.887,2.504,3,1,3,1,0.0,2,1,3,7,3,0.981,6,1,0,0.236,0.0,0
0,0,5,2,4,0,2.272,4,1,5,-0.05,3,6,25.31,3,1,5,2.652,2.063,3,0,0,-3.112,2,3,1.607,1,0,-0.945,3.582,2,4,4,5,0.0,3,2,3,1,5,1.006,7,1,3,0.896,0.0,0
0,6,4,2,4,1,3.142,0,4,3,1.747,5,4,41.28,0,1,0,1.786,-1.007,0,1,5,3.49,4,1,2.752,5,3,2.665,1.608,5,3,1,6,0.0,4,1,4,6,1,1.643,0,1,4,0.887,132.82,1
1,3,5,3,0,0,1.865,5,1,3,-0.543,2,2,25.65,2,7,1,1.589,-0.838,2,0,2,0.045,6,5,0.455,5,0,1.408,-0.218,2,0,0,0,0.0,5,7,5,2,3,0.789,1,1,2,0.23,0.0,0
5,7,1,5,2,0,1.729,1,1,0,1.552,2,6,40.47,7,2,0,-2.476,-0.166,1,0,1,-0.246,2,5,-1.387,4,0,-0.205,-1.754,5,2,1,1,0.0,5,6,4,5,2,-1.286,4,2,3,-1.085,0.0,0
5,3,1,1,1,0,-0.658,0,0,4,0.557,2,3,34.39,2,1,3,0.965,0.762,1,0,4,-1.775,2,0,-0.101,6,2,-1.959,1.024,3,0,1,6,0.0,4,0,0,3,3,0.409,3,1,5,0.334,0.0,0
4,4,5,1,3,0,0.967,1,0,5,1.012,0,4,23.56,7,0,5,1.066,-0.058,2,0,5,-2.671,0,0,0.677,7,2,-0.817,2.874,3,5,1,3,0.0,1,2,3,6,7,-0.633,1,4,5,-0.686,0.0,0
2,6,4,0,3,0,-1.443,2,3,4,-1.282,5,7,36.19,6,7,0,-2.374,-0.062,3,0,2,-4.58,4,0,-1.49,4,4,0.156,1.501,0,4,5,3,0.0,2,1,4,7,4,-0.835,0,2,1,-0.642,0.0,0
2,0,3,0,2,0,-3.129,2,4,1,-2.819,4,7,36.42,5,3,4,-1.438,1.088,0,0,4,-1.667,1,3,-1.157,4,1,-1.081,0.514,2,2,3,6,0.0,5,3,4,2,4,-1.427,7,1,5,-0.455,0.0,0
4,0,0,6,5,1,1.514,5,3,4,3.604,4,5,33.4,1,6,3,4.875,1.295,3,1,3,-1.587,4,2,5.277,7,4,2.71,4.597,5,5,1,2,0.0,3,5,2,1,0,1.716,5,1,2,2.032,224.05,1
3,3,0,4,5,0,0.961,3,3,5,2.226,4,7,23.63,0,6,4,1.218,0.13,5,0,5,-0.184,6,5,0.998,0,0,1.152,1.825,3,4,0,3,0.0,4,6,4,5,5,-0.277,6,3,5,0.542,0.0,0
3,5,0,1,0,0,-3.231,5,4,0,-1.65,2,0,24.07,1,0,3,-3.054,1.131,5,0,3,-0.979,3,2,1.012,4,3,1.349,1.627,0,4,5,5,0.0,2,3,2,7,7,-0.333,4,5,1,-0.961,0.0,0
2,5,3,5,1,0,1.432,3,5,2,0.236,0,5,29.36,6,0,4,-0.578,-0.041,1,0,0,1.296,4,3,-0.531,2,1,-1.34,2.494,0,5,4,5,0.0,3,0,3,3,5,-0.046,1,2,3,0.024,0.0,0
4,6,1,0,0,1,-2.694,5,1,4,0.672,2,7,35.46,1,4,5,-2.666,-0.829,4,0,1,-0.679,7,3,0.04,5,2,2.235,-1.935,2,5,4,0,0.0,0,3,5,2,6,1.37,1,2,5,1.353,225.66,1
4,3,1,4,0,0,-1.868,4,5,4,-0.383,2,0,28.22,0,0,5,2.241,-0.662,2,0,1,-0.881,7,0,-0.55,6,5,-0.387,-0.616,1,4,1,3,0.0,1,7,4,1,5,0.397,4,0,3,0.467,0.0,0
3,2,5,7,0,0,-0.62,3,4,5,2.152,3,2,16.84,0,4,5,0.641,-0.092,1,0,5,2.214,2,3,-0.654,7,4,1.291,-1.817,3,4,4,1,0.0,5,7,1,7,3,-0.648,1,2,1,0.35,0.0,0
4,2,5,0,5,0,0.388,5,0,3,0.728,0,4,22.37,2,0,3,-0.491,-0.763,4,0,3,2.32,0,2,-2.041,1,1,0.395,0.791,2,4,3,3,0.0,2,0,5,6,4,-0.237,6,3,1,-0.166,0.0,0
0,0,5,0,4,0,-1.092,4,4,1,-0.505,1,0,29.82,7,2,2,2.659,1.271,3,0,3,-2.559,6,2,0.739,0,3,0.815,-1.02,2,0,3,1,0.0,0,1,4,3,6,0.453,2,5,5,0.085,0.0,0
2,6,5,4,1,0,-1.566,2,2,4,-0.832,3,5,27.94,7,1,5,-0.577,0.219,5,0,2,-0.648,0,1,0.649,3,2,-0.625,-0.728,5,0,0,4,0.0,4,6,3,1,5,0.101,1,5,0,-0.382,0.0,0
5,2,1,4,4,0,0.497,2,5,0,1.508,0,7,29.42,0,4,1,-0.493,1.208,0,0,3,-0.979,5,1,3.854,2,1,0.974,1.247,3,5,5,2,0.0,0,4,2,6,3,1.271,2,1,2,0.28,0.0,0
0,4,5,6,3,0,-2.754,3,0,4,-2.149,4,2,26.51,2,4,1,-1.348,0.097,4,0,4,1.907,0,4,-3.342,2,3,-1.602,-3.598,2,1,0,4,0.0,1,7,1,1,4,-1.22,7,4,2,-0.728,0.0,0
3,1,5,1,3,0,-2.842,4,3,4,-3.199,2,6,25.14,7,2,3,-2.946,0.563,4,0,1,-6.433,2,1,0.402,7,4,-1.48,-0.087,1,3,3,3,0.0,5,0,3,0,6,-1.802,5,5,4,-1.419,0.0,0
0,5,0,4,4,0,0.169,2,5,0,1.47,2,5,24.59,5,3,3,0.73,0.004,1,0,2,-0.846,3,3,-3.698,4,0,-0.346,0.384,5,2,1,1,0.0,2,4,1,7,7,0.25,6,5,1,-0.267,0.0,0
3,5,0,5,1,0,2.427,0,3,4,-1.422,5,0,28.77,1,2,1,-2.548,-0.336,5,0,5,0.634,4,4,-1.506,1,0,-3.11,-1.872,0,4,1,1,0.0,4,7,2,6,5,-1.591,6,1,3,-1.315,0.0,0
2,0,2,6,0,0,-1.032,2,0,4,0.583,4,2,37.59,6,6,3,0.941,-0.885,3,0,4,-0.39,3,2,1.232,7,3,0.197,2.099,4,5,1,7,0.0,4,2,5,6,6,0.553,7,2,5,0.437,0.0,0
5,2,5,6,3,0,-4.578,3,4,3,-1.347,2,1,22.61,0,0,5,-0.015,-0.79,0,0,4,-2.771,1,1,0.867,3,5,-1.975,-0.773,5,5,5,0,0.0,3,0,4,0,3,-1.575,6,3,0,-1.717,0.0,0
5,7,5,0,4,0,-1.109,1,0,3,-0.262,1,7,31.8,6,2,2,-1.03,-1.655,3,0,1,3.414,3,2,1.704,4,2,0.329,-1.835,3,4,3,5,0.0,3,2,5,4,5,-0.449,1,4,5,-0.252,0.0,0
0,7,3,7,3,0,-0.276,0,2,3,-0.433,0,0,7.26,0,4,1,-2.557,0.084,1,0,5,1.053,3,5,-2.282,3,5,0.422,-0.914,5,4,3,2,0.0,0,4,5,4,4,0.346,6,3,5,0.039,0.0,0
3,1,2,6,0,0,-0.457,5,0,1,-1.632,3,4,32.49,2,6,4,-1.068,2.299,0,0,1,1.617,2,3,-0.829,3,2,-0.745,-0.715,2,4,1,1,0.0,1,1,5,5,3,-0.139,7,4,0,-0.782,0.0,0
2,7,3,6,4,0,-2.355,1,4,4,-1.072,5,4,22.19,5,7,3,1.447,-0.157,0,0,2,-3.892,5,4,0.951,1,0,-0.592,-0.124,5,3,3,0,0.0,2,5,4,3,4,-0.98,3,2,1,-0.719,0.0,0
0,2,5,0,4,0,0.322,3,2,4,0.975,3,2,28.43,3,0,5,0.27,0.374,1,0,3,3.305,7,3,4.558,7,4,-0.561,0.807,2,1,4,5,0.0,0,4,1,6,1,0.32,4,3,2,0.373,0.0,0
3,4,0,5,2,0,-0.187,3,3,5,-1.186,0,6,28.09,1,3,1,0.961,0.717,4,0,2,-1.749,6,2,-1.664,3,4,0.582,-2.062,1,1,1,4,0.0,0,0,5,4,4,-1.149,3,5,3,-0.342,0.0,0
2,3,0,0,5,0,-0.804,4,2,0,-1.125,4,1,31.34,3,1,2,-2.119,-0.277,5,0,2,-2.143,7,0,-2.195,1,3,-3.127,-0.236,1,2,2,0,0.0,5,7,1,1,3,-1.068,3,4,5,-0.809,0.0,0
0,3,0,7,4,0,0.399,5,2,2,0.009,3,6,30.33,1,4,4,-1.402,0.744,0,0,2,-2.722,4,3,0.704,5,5,2.203,0.046,4,2,1,4,0.0,2,7,1,2,3,0.252,0,5,1,0.636,0.0,0
0,4,1,4,0,0,0.048,0,0,3,0.642,0,5,22.3,7,4,1,1.448,0.189,5,0,1,-2.047,2,4,1.257,4,5,1.273,-1.744,2,4,3,4,0.0,5,4,5,0,6,1.454,1,4,0,1.185,0.0,0
3,5,3,1,2,0,-2.103,2,3,4,0.628,1,6,21.78,4,0,0,-1.753,0.276,1,0,4,0.444,5,0,-2.058,6,5,-2.275,2.873,3,5,0,4,0.0,1,7,5,5,1,0.329,0,3,5,-0.048,0.0,0
0,0,5,7,1,0,-2.915,3,5,4,0.137,3,5,20.41,3,2,1,-0.745,0.296,4,0,3,-1.638,7,2,0.908,7,5,-1.454,-1.772,1,3,2,6,0.0,1,6,5,3,4,-0.58,7,5,4,-0.49,0.0,0
3,5,0,3,2,0,0.873,4,0,5,-0.865,4,1,26.62,7,7,1,-1.66,-0.599,1,0,0,-1.049,2,3,-0.064,6,1,-1.054,0.059,2,3,3,4,0.0,1,2,5,7,6,-0.893,2,5,4,-0.662,0.0,0
0,6,1,6,4,0,-0.448,3,2,4,-1.143,1,1,20.31,7,6,5,-0.802,-1.111,5,0,3,-1.756,0,0,-0.543,2,1,-1.0,-1.95,4,5,0,7,0.0,3,1,1,6,0,-2.147,3,1,5,-1.045,0.0,0
1,7,2,3,5,0,-2.329,3,5,1,2.826,4,4,25.02,6,4,4,0.263,-0.239,2,0,2,-3.076,4,1,-2.619,6,4,0.345,0.741,5,2,3,1,0.0,5,6,5,0,3,-0.308,7,1,1,-0.032,0.0,0
1,4,5,5,4,0,-2.419,5,4,5,-2.081,1,2,33.74,6,6,5,0.337,-0.041,3,0,2,-2.255,1,2,1.053,5,5,0.053,-1.225,3,4,5,2,0.0,0,7,5,1,3,0.062,1,4,5,-1.083,0.0,0
4,3,3,3,0,1,3.186,1,2,1,1.589,1,4,33.53,0,7,4,0.053,0.643,2,1,3,1.998,6,3,3.299,0,0,0.034,1.379,1,2,2,6,0.0,4,6,4,3,2,1.711,4,2,4,1.58,147.88,1
1,1,0,0,0,0,1.5,2,2,2,0.846,4,1,21.15,7,4,5,0.015,0.294,2,0,2,2.152,6,0,0.369,0,3,-2.632,2.896,4,3,5,6,0.0,0,7,4,0,0,0.261,6,2,2,0.138,0.0,0
4,5,5,6,5,0,-3.124,4,0,2,-1.509,3,6,22.83,4,0,5,0.177,0.155,0,0,2,0.648,3,2,1.121,5,2,0.036,-1.954,0,4,1,7,0.0,4,2,5,1,7,-0.531,6,1,3,-0.586,0.0,0
4,5,3,0,1,0,1.453,3,3,4,2.576,4,7,34.44,5,5,3,1.34,-0.078,3,0,1,-1.255,6,5,-2.639,2,0,0.51,-0.698,2,5,1,2,0.0,5,5,5,3,2,-0.51,7,4,5,0.235,0.0,0
4,5,0,4,1,0,1.878,1,4,3,0.981,4,2,28.62,4,5,1,-1.242,0.855,4,0,5,-1.256,3,2,-1.429,4,1,-0.297,0.442,3,1,4,4,0.0,3,0,4,5,3,0.231,5,1,0,0.367,0.0,0
1,0,3,0,5,0,-1.488,5,3,3,0.738,4,7,22.24,2,1,5,1.545,0.026,1,0,5,2.897,5,2,0.738,4,5,2.873,0.185,3,5,1,6,0.0,0,7,5,6,3,0.057,3,0,3,0.849,0.0,0
3,3,1,1,0,0,-1.782,5,2,0,1.178,5,2,34.56,5,1,4,-0.038,-0.033,2,0,5,-1.985,6,5,1.016,0,3,1.635,0.106,0,4,3,0,0.0,2,7,4,2,0,0.404,3,1,4,0.413,0.0,0
5,1,3,7,3,0,1.848,4,1,0,0.051,1,0,32.39,1,7,4,1.985,-1.227,0,0,5,2.555,2,3,-1.656,6,5,-0.88,-0.473,1,0,4,4,0.0,0,5,0,2,4,-0.091,0,2,2,-0.368,0.0,0
0,7,2,6,4,0,-1.825,5,1,4,-0.979,3,2,25.7,5,0,1,-0.294,0.471,3,0,1,-1.952,4,1,-1.574,6,5,-1.584,-1.408,0,1,5,4,0.0,4,3,2,5,4,-1.361,6,0,0,-1.18,0.0,0
1,7,3,4,0,1,1.049,1,3,4,4.024,0,3,37.49,1,5,0,3.631,0.954,0,1,4,1.083,2,3,2.76,0,3,2.57,2.579,1,4,0,6,0.0,2,2,1,4,1,2.364,6,1,5,2.021,238.08,1
5,2,4,6,1,0,0.65,5,4,5,0.189,0,3,26.08,3,4,0,-1.342,0.853,3,0,1,1.25,0,4,-0.275,0,5,0.26,2.865,2,0,5,3,0.0,1,5,3,4,6,1.153,3,3,0,0.564,0.0,0
2,7,4,7,3,0,1.9,5,1,0,-0.742,5,2,25.79,1,2,2,0.115,-1.46,2,0,3,0.042,4,1,4.174,2,2,1.764,-0.025,4,5,0,0,0.0,2,1,4,1,5,0.227,1,0,1,0.31,0.0,0
3,3,0,4,1,0,-2.207,5,5,3,-3.035,2,0,38.98,6,3,1,-2.105,-0.666,5,0,1,-3.116,2,3,-6.264,2,0,-3.131,-3.345,1,4,1,0,0.0,5,5,3,4,3,-1.77,2,4,4,-2.308,0.0,0
4,7,1,7,5,1,1.158,3,5,4,1.666,5,4,22.99,0,5,4,0.686,0.929,3,1,5,4.158,6,2,4.996,1,0,-0.368,2.825,1,2,4,3,0.0,5,1,0,7,6,2.61,4,4,5,1.966,105.06,1
0,5,4,6,5,0,-0.979,2,2,4,-0.741,4,4,35.11,2,3,4,2.011,1.456,4,1,0,0.746,2,2,-3.439,4,1,2.44,1.453,5,1,4,2,0.0,3,7,0,1,1,0.87,3,1,2,1.053,31.32,1
4,4,2,5,5,0,0.161,1,5,1,-0.468,5,2,17.45,6,5,0,0.848,-2.138,1,0,3,1.745,7,3,0.807,0,4,-0.203,-0.658,1,1,4,3,0.0,1,6,4,2,7,-0.107,4,0,3,-0.172,0.0,0
2,5,5,0,5,0,-1.803,1,4,5,-1.46,2,2,20.21,4,3,3,0.018,0.948,3,0,0,3.757,7,4,0.005,3,3,-1.746,0.12,0,3,1,1,0.0,1,1,0,5,4,0.146,6,0,3,-0.772,0.0,0
1,2,1,3,5,0,-0.325,5,1,1,-1.004,2,3,22.45,7,5,0,-0.714,0.706,0,0,1,1.741,6,0,-3.356,2,5,0.805,1.285,0,5,4,2,0.0,1,2,0,1,7,-0.816,7,1,3,-0.526,0.0,0
1,0,2,1,2,0,-0.575,2,4,1,0.428,1,2,33.63,6,6,0,-0.62,-0.935,3,0,4,-4.142,6,4,-1.072,5,2,-1.281,-1.459,5,3,1,1,0.0,4,3,4,1,1,-0.867,5,2,3,-0.532,0.0,0
3,3,2,0,0,0,-1.653,2,0,1,-1.903,3,0,33.59,4,2,4,-3.209,0.114,4,0,5,-1.011,1,1,-1.955,5,3,-0.802,1.384,1,1,0,4,0.0,0,1,0,1,4,-0.102,0,5,2,-0.654,0.0,0
3,7,5,5,2,0,-0.649,3,0,3,-2.101,3,0,22.69,3,7,0,-2.717,-1.245,5,0,2,-0.571,1,5,-3.131,5,2,-3.65,-0.692,5,1,1,7,0.0,0,4,4,5,4,-1.791,2,1,3,-2.242,0.0,0
3,0,4,0,2,0,-2.116,3,1,1,-0.632,4,5,34.09,7,4,2,-0.899,0.695,2,0,4,4.986,0,1,-0.185,0,2,0.598,2.023,3,3,5,4,0.0,3,2,4,5,5,0.686,1,3,2,-0.201,0.0,0
1,6,1,4,3,1,-0.152,0,5,4,3.235,1,7,38.02,4,6,0,-2.142,1.664,3,0,5,2.212,6,1,-1.346,5,0,0.403,0.512,5,0,4,2,0.0,2,4,0,2,0,1.683,3,2,4,1.033,143.81,1
1,6,5,3,2,0,-2.135,5,5,5,1.567,3,0,38.71,2,4,0,0.852,0.94,2,0,3,-1.305,2,1,0.301,1,2,-1.398,0.975,4,3,0,4,0.0,3,1,1,3,0,-1.283,2,5,5,-1.125,0.0,0
2,6,4,3,1,1,0.622,4,0,3,1.156,4,0,35.02,2,0,5,5.251,1.845,1,0,0,1.488,7,0,0.517,6,3,1.352,1.537,0,0,3,6,0.0,0,6,0,5,3,1.087,5,4,3,1.175,119.27,1
1,4,4,5,5,1,1.615,3,5,4,-0.804,0,3,36.35,0,6,3,0.92,-1.307,5,1,1,4.034,5,2,0.539,2,1,1.354,1.842,4,3,2,0,0.0,4,6,3,4,2,2.392,1,1,3,1.333,155.75,1
2,6,3,7,2,0,1.997,5,4,3,0.107,3,2,33.31,1,5,0,-0.187,-0.465,3,0,2,-0.293,5,2,0.464,3,0,1.469,1.026,1,1,4,7,0.0,1,4,3,7,5,0.209,3,5,3,-0.705,0.0,0
0,6,3,0,5,0,-0.63,4,5,0,-3.067,2,4,24.23,5,0,3,0.442,-0.151,1,0,1,-4.172,7,1,-2.397,6,1,-0.006,0.046,1,3,1,7,0.0,4,6,5,1,7,-2.062,7,0,4,-1.478,0.0,0
2,3,4,7,2,1,2.648,2,3,2,0.718,3,3,44.05,6,3,4,-0.126,0.08,1,1,4,3.517,1,3,3.456,7,1,4.121,4.735,0,4,3,2,0.0,2,1,0,6,7,2.136,0,4,1,1.009,0.0,1
0,0,2,6,1,0,-2.559,5,5,5,-2.475,0,1,23.67,7,6,0,-1.172,-0.712,2,0,3,0.651,7,4,0.784,2,2,-1.647,-3.283,1,4,4,5,0.0,3,6,3,6,4,-0.363,6,1,1,-1.142,0.0,0
0,5,1,1,4,0,1.275,2,5,4,1.115,3,6,37.46,0,2,0,-0.839,-0.757,4,0,0,-2.341,0,5,0.625,5,5,-2.023,0.483,3,4,2,6,0.0,5,2,4,6,5,-1.333,2,2,0,-0.612,0.0,0
0,0,0,4,4,1,-0.914,2,2,0,-1.362,2,0,37.4,7,4,1,2.452,0.158,4,1,5,1.341,6,4,2.888,1,4,1.196,1.413,2,1,1,0,0.0,4,3,0,4,5,0.493,4,3,3,1.013,0.0,1
5,3,0,7,3,1,1.768,3,5,3,1.035,3,5,29.01,4,3,2,3.106,-0.458,5,1,1,3.233,2,5,3.515,1,3,2.893,2.01,3,4,1,6,0.0,2,2,0,1,4,1.372,1,0,0,1.383,158.08,1
1,7,2,6,2,0,-0.108,5,4,1,-2.721,3,1,24.52,0,1,1,-0.304,-0.481,2,0,0,1.009,6,1,-1.093,4,4,-3.151,-1.893,4,0,0,2,0.0,4,2,5,0,1,-0.771,1,4,0,-1.198,0.0,0
2,2,3,6,1,0,1.054,2,0,0,0.954,2,3,32.18,4,1,3,-0.05,0.635,1,0,3,-0.376,6,4,-0.694,7,5,-0.259,0.736,3,0,5,4,0.0,1,1,4,5,1,-0.924,4,5,0,-1.039,0.0,0
3,5,5,5,5,1,4.545,3,1,3,1.093,4,6,40.67,6,4,4,2.161,-0.232,5,0,0,1.961,4,2,0.149,6,1,2.26,0.666,5,3,1,5,0.0,4,7,3,5,6,1.769,7,3,3,1.538,0.0,1
5,4,0,4,2,0,0.704,1,1,1,-3.693,4,3,22.28,7,4,4,0.495,0.101,1,0,2,1.281,7,4,1.271,1,4,-2.269,0.289,4,5,2,3,0.0,3,5,4,6,4,-1.336,2,1,5,-0.449,0.0,0
3,2,3,5,0,1,2.184,1,1,0,1.274,0,5,38.68,0,0,3,1.125,-0.5,4,1,0,1.488,0,3,4.933,1,1,0.713,0.152,1,1,2,1,0.0,0,7,5,5,1,1.988,4,3,5,1.783,0.0,1
3,7,4,5,4,0,-2.524,3,1,5,-0.367,2,6,31.38,1,4,1,-1.173,1.088,2,0,5,-3.576,7,1,-2.66,6,0,-2.476,-1.473,0,1,4,7,0.0,4,0,0,7,6,-1.577,3,2,0,-1.486,0.0,0
3,0,2,1,0,0,-0.819,0,0,0,0.338,2,1,31.24,0,2,3,1.827,0.798,5,1,4,1.875,7,4,0.29,2,1,-1.178,-0.446,0,4,2,5,0.0,4,7,0,5,4,2.07,1,2,1,0.367,108.48,1
1,7,3,5,5,0,0.062,4,5,2,-2.375,2,3,36.7,5,3,5,-1.473,-0.4,4,0,3,3.653,2,4,-0.054,1,1,-0.039,-1.422,4,3,4,4,0.0,2,2,0,4,7,-0.301,7,3,3,-0.954,0.0,0
3,3,4,7,2,0,0.422,1,3,3,-1.954,2,6,36.2,4,0,1,2.07,0.833,5,0,3,0.462,7,0,-1.496,6,3,1.315,2.86,4,1,1,3,0.0,0,4,5,7,6,0.538,4,4,4,0.826,0.0,0
4,2,3,3,2,0,-0.384,0,0,0,-2.814,2,7,33.25,7,4,1,-2.629,-2.505,5,0,2,-2.39,4,4,-0.785,1,1,-1.143,0.251,0,1,3,7,0.0,4,5,1,5,1,-2.36,2,0,0,-1.276,0.0,0
4,1,3,7,1,0,1.739,0,1,1,0.297,4,7,39.76,0,3,4,1.983,-0.698,0,1,1,-0.523,5,0,2.326,4,0,0.459,0.945,3,0,3,5,86.7,5,6,2,1,2,0.88,5,5,4,0.796,0.0,1
5,6,3,6,3,0,-3.825,3,3,0,-0.325,5,2,18.59,1,0,4,-1.652,0.437,2,0,2,1.179,7,5,-1.319,6,3,-1.255,-2.889,0,0,2,6,0.0,0,2,1,7,0,-1.711,6,5,5,-1.783,0.0,0
3,4,3,1,5,1,4.14,2,5,3,2.622,1,5,45.06,3,6,0,1.302,0.712,4,0,2,0.542,0,3,1.259,5,3,1.837,1.002,3,5,0,0,0.0,5,2,1,3,6,1.963,2,1,5,1.45,0.0,1
1,7,0,2,5,0,-1.001,0,2,5,-0.712,4,0,27.75,7,5,3,0.287,-0.46,3,0,2,0.655,4,1,-0.16,6,1,-1.7,-3.448,4,1,5,3,0.0,5,3,4,4,7,-1.014,4,4,5,-0.956,0.0,0
1,5,2,4,4,0,-2.528,4,3,3,2.564,4,1,21.68,0,1,4,0.459,0.163,3,0,1,2.261,6,4,1.008,1,5,0.493,-0.165,3,4,4,4,0.0,2,2,3,0,4,0.866,4,3,2,2.055,0.0,0
1,4,5,5,5,0,-2.911,0,2,5,1.353,1,0,36.3,4,6,4,-1.469,1.826,4,0,5,1.158,4,2,-1.702,4,5,-0.02,0.23,0,4,4,3,0.0,3,3,1,6,3,-1.435,4,4,4,-0.571,0.0,0
2,0,1,1,2,0,-1.426,0,1,5,-0.252,3,0,22.53,2,3,0,0.43,-0.344,0,0,3,-2.318,3,2,0.406,2,4,1.326,0.905,1,4,3,7,0.0,3,3,4,0,0,0.174,4,1,4,0.403,0.0,0
2,7,0,7,3,0,1.142,0,0,5,0.971,0,0,24.31,2,7,2,-3.388,1.361,0,0,1,-0.53,7,0,0.428,7,1,1.159,2.418,4,2,0,5,0.0,0,2,2,1,5,0.303,5,0,3,-0.091,0.0,0
3,1,3,2,4,0,1.581,1,0,4,2.428,3,6,31.07,3,6,5,1.009,0.893,0,0,1,-0.967,3,4,0.124,7,0,-1.148,-2.277,2,1,3,0,0.0,4,6,4,5,3,0.12,7,2,0,-0.172,0.0,0
1,6,0,4,2,0,-0.287,5,2,3,-1.783,5,7,36.32,2,1,3,-1.738,0.945,1,0,0,2.554,5,3,1.05,1,2,-0.727,0.131,2,2,2,6,0.0,3,5,1,1,5,0.551,0,2,2,-0.437,0.0,0
2,3,4,6,4,0,0.466,4,3,5,-0.983,2,0,31.48,3,0,0,0.167,-0.006,0,0,1,-1.847,6,4,-1.158,7,1,0.619,-0.447,4,0,2,1,0.0,1,3,4,0,7,-1.166,7,5,0,-0.506,0.0,0
5,4,1,6,3,0,-1.615,0,1,1,2.983,1,2,23.08,3,3,5,1.398,-0.589,0,0,5,-0.769,6,2,-0.203,7,2,0.675,-0.081,0,3,4,4,0.0,1,0,3,3,6,1.138,3,2,0,0.764,0.0,0
1,1,3,6,4,0,-1.118,0,3,2,-0.226,0,1,23.53,1,1,1,-0.942,-0.527,2,0,3,-0.387,3,0,-3.486,3,0,1.037,-0.021,2,3,2,5,0.0,2,4,5,7,3,0.233,2,1,0,-0.05,0.0,0
3,0,5,2,3,0,-0.607,5,0,4,0.293,0,7,17.43,2,4,4,2.256,-1.676,2,0,2,-0.397,1,2,-2.288,1,2,1.187,-1.426,0,5,2,4,0.0,3,7,5,7,0,-1.414,5,1,0,-0.885,0.0,0
4,4,5,4,1,0,-0.322,3,5,3,-2.054,5,0,30.2,1,6,4,3.154,-0.327,0,0,5,0.756,5,3,0.864,0,4,2.128,0.92,2,5,1,3,0.0,4,1,2,3,4,0.343,7,3,5,0.286,0.0,0
1,1,2,1,1,0,-0.134,5,1,0,-0.817,1,5,13.56,5,5,1,-0.297,-1.146,1,0,0,-2.831,6,1,-2.104,2,3,-0.856,-2.841,1,2,2,3,0.0,5,3,5,3,3,-0.732,1,1,1,-0.912,0.0,0
0,0,2,3,2,1,-0.21,0,0,1,2.673,1,7,35.59,4,7,0,2.986,0.605,4,1,5,3.816,1,3,4.237,7,3,2.705,1.181,2,3,3,2,0.0,4,6,1,5,0,2.037,0,2,4,2.049,81.62,1
3,3,3,4,3,1,1.467,2,4,5,-2.783,4,4,36.81,2,6,5,1.565,-2.154,1,1,0,2.199,7,4,3.365,0,4,-0.436,-1.776,0,0,2,1,0.0,3,7,1,4,6,-0.105,1,5,5,1.016,105.76,1
3,2,2,2,0,0,0.099,1,0,0,1.096,4,7,29.33,7,5,5,0.696,0.89,4,0,3,-0.816,0,4,-0.097,7,3,1.404,-0.596,5,1,4,3,0.0,4,7,2,4,3,0.67,6,0,1,0.84,0.0,0
4,6,5,3,3,0,-0.053,1,2,2,0.56,1,0,36.08,2,4,1,-1.679,1.303,3,0,0,3.979,6,2,2.825,4,3,1.901,0.782,0,5,5,7,0.0,5,7,3,0,3,0.513,1,4,1,0.989,0.0,0
3,3,3,4,2,0,-2.672,0,3,5,-2.391,4,7,29.05,3,6,1,-1.94,-0.633,3,0,4,-2.916,0,5,-3.047,0,4,-3.491,-3.595,5,0,3,0,0.0,4,5,2,2,5,-1.685,2,0,1,-1.824,0.0,0
1,1,1,3,2,0,2.578,2,1,2,-1.728,2,3,31.46,4,4,3,-1.759,1.171,3,0,5,1.02,3,3,-3.03,4,3,-2.401,-1.95,1,4,2,3,0.0,3,4,1,6,0,-1.413,3,0,4,-0.68,0.0,0
3,2,5,0,4,0,1.008,0,5,3,2.47,5,6,35.34,7,4,3,-2.258,0.604,0,0,4,-3.289,3,4,-0.514,7,3,1.791,0.858,4,3,1,2,0.0,2,0,4,1,1,-0.031,6,4,1,0.322,0.0,0
1,2,5,2,2,1,2.592,3,3,0,-0.375,2,5,37.09,1,1,5,0.265,-0.172,4,1,2,1.997,1,3,0.69,3,3,0.435,3.152,0,5,0,4,0.0,0,4,2,6,2,0.924,7,0,4,1.107,84.93,1
0,2,1,0,1,0,0.693,3,0,4,0.355,3,1,30.0,0,1,1,-0.06,-0.889,5,0,1,4.152,3,5,0.788,0,0,0.821,1.036,3,5,1,0,0.0,2,5,0,4,2,0.774,6,1,3,0.333,0.0,0
4,1,0,4,1,0,-1.126,2,2,3,2.143,4,7,26.74,4,4,2,-0.813,-1.145,5,0,2,-2.549,4,3,-2.323,6,5,-2.441,-1.119,2,3,1,2,0.0,1,0,4,4,4,-1.343,7,2,4,-0.679,0.0,0
1,4,4,3,0,0,1.785,0,1,0,-1.009,1,3,30.11,7,1,2,-0.258,0.601,2,0,3,-1.272,7,2,0.6,2,0,1.616,0.653,0,5,4,4,0.0,2,7,0,2,2,1.64,1,2,1,1.083,0.0,0
0,1,4,5,4,0,0.797,5,0,1,1.265,4,2,33.64,3,6,3,-0.283,1.492,3,0,3,1.47,6,0,1.973,2,1,2.158,0.975,5,2,3,5,0.0,4,7,3,4,6,0.824,5,4,4,1.372,0.0,0
0,6,5,4,1,0,-1.645,3,2,3,-3.701,0,2,24.48,2,0,0,-3.292,1.323,3,0,4,-2.582,7,4,-0.101,2,0,-2.072,-2.837,4,1,1,3,0.0,0,3,4,1,2,-1.708,0,4,5,-1.649,0.0,0
0,5,5,0,2,0,0.149,1,4,2,-1.127,1,3,27.51,4,6,3,-0.067,-1.754,4,0,0,3.063,2,2,1.044,6,1,-0.777,-1.592,1,0,3,3,0.0,5,6,5,3,0,-0.735,6,1,5,-0.976,0.0,0
3,5,1,0,1,0,-0.227,5,3,4,-1.299,5,5,19.4,0,5,4,-0.811,1.241,2,0,2,-6.092,3,5,-1.365,0,5,-0.74,-3.024,0,1,1,4,0.0,3,7,3,2,6,-0.397,4,2,2,-0.947,0.0,0
1,0,3,1,4,0,1.204,2,0,2,1.291,2,2,40.64,2,1,5,3.195,0.315,3,1,3,2.219,0,5,5.693,6,5,2.329,2.687,0,1,5,6,0.0,3,0,4,6,3,2.084,5,5,0,1.751,150.21,1
4,4,1,5,1,0,1.063,4,3,0,1.243,5,2,27.19,0,7,2,0.142,1.372,0,0,5,0.922,0,2,-0.211,7,1,0.137,3.135,5,2,3,7,0.0,2,2,0,0,0,-0.325,1,5,0,0.187,0.0,0
1,6,5,1,0,0,1.103,0,0,1,-0.517,1,1,25.7,5,3,5,0.175,-1.023,1,0,0,4.003,6,4,-0.299,6,0,2.446,-1.344,4,3,5,6,0.0,5,0,3,5,1,1.103,5,2,1,0.686,0.0,0
5,7,2,3,2,1,1.882,1,5,2,-0.309,4,3,38.78,0,3,0,2.957,1.613,4,1,2,1.677,7,2,1.634,7,5,2.911,1.323,0,3,0,0,0.0,2,6,2,7,6,2.228,4,0,5,1.931,230.29,1
1,5,4,4,3,0,-1.41,1,0,1,-1.541,1,1,30.65,0,5,5,1.323,-0.153,1,0,4,-2.34,2,3,-0.46,5,1,-0.897,-1.923,1,2,1,0,0.0,2,0,4,4,1,-0.834,0,0,3,-0.845,0.0,0
4,0,2,4,0,0,-0.836,1,3,1,1.703,0,0,27.68,4,5,1,0.309,-1.087,0,0,0,1.068,4,0,2.844,6,2,0.489,2.331,3,0,2,5,0.0,4,3,0,0,2,0.596,3,4,4,0.637,0.0,0
0,1,5,6,3,0,2.875,1,4,5,1.211,0,5,30.61,7,5,0,-0.823,-0.008,5,0,2,-0.142,4,1,-1.822,4,5,1.185,-0.006,3,5,4,2,0.0,1,3,5,0,7,0.308,0,5,1,0.524,0.0,0
2,5,0,5,5,1,3.122,2,1,3,4.145,0,0,33.75,4,6,4,2.924,-1.192,0,1,4,5.028,6,1,-0.087,5,1,-0.181,1.372,5,3,4,5,0.0,4,4,3,2,5,1.068,3,4,3,1.568,202.92,1
2,2,5,7,4,1,1.981,1,5,3,3.31,4,0,27.39,3,2,5,0.9,1.784,3,1,5,2.576,0,0,0.042,3,4,3.33,1.247,3,0,3,1,0.0,5,7,4,0,3,2.101,0,5,4,2.496,208.94,1
1,3,4,0,1,1,0.522,1,4,5,0.841,4,2,45.66,4,7,1,-0.009,0.89,1,1,0,1.99,1,3,1.393,3,2,4.216,-0.01,1,5,1,4,0.0,3,6,3,2,6,0.858,2,3,4,2.296,122.2,1
5,3,5,7,5,0,3.508,2,1,4,-2.402,5,3,16.85,3,2,2,0.989,-1.858,3,0,0,-1.169,5,4,-1.534,5,3,-2.804,-1.159,2,1,2,2,0.0,5,3,5,3,0,-0.633,1,3,1,-0.802,0.0,0
1,1,2,6,5,1,3.148,4,5,4,3.308,0,3,14.43,6,6,2,1.829,0.756,5,1,5,4.382,5,5,4.024,7,4,2.272,2.295,3,2,2,0,0.0,3,5,0,2,3,1.008,1,5,0,2.388,0.0,1
0,3,4,5,4,0,0.073,4,4,3,0.344,4,7,19.09,6,6,0,0.812,-1.709,3,0,4,-0.297,4,1,-2.4,2,5,1.322,-1.378,4,2,5,5,0.0,5,1,5,7,4,-1.31,1,5,3,-0.568,0.0,0
2,5,5,3,4,0,-0.244,5,4,3,-2.841,0,0,32.89,2,0,0,-2.511,0.051,1,0,4,-1.14,4,3,-1.688,2,0,2.145,-0.545,3,5,0,5,0.0,4,2,3,2,5,-1.047,7,4,5,-1.187,0.0,0
1,6,5,3,3,0,-1.413,2,1,3,-2.255,1,3,21.07,7,4,0,2.203,-0.427,4,0,4,2.947,6,0,-1.681,1,5,-0.458,1.048,2,5,0,7,0.0,4,6,0,6,4,-0.708,4,1,5,0.303,0.0,0
3,3,2,5,5,0,-1.068,5,4,2,-0.284,1,5,39.46,4,5,4,-1.726,0.521,4,0,4,-0.31,2,5,3.768,4,3,-0.647,-3.478,5,4,1,5,0.0,4,7,2,1,6,-1.025,7,1,2,-0.182,0.0,0
4,5,5,0,5,0,-2.248,1,3,2,-4.122,0,1,28.08,5,0,5,-3.54,-0.34,0,0,0,-1.996,4,3,-2.457,7,1,-1.923,-3.035,0,0,5,0,0.0,0,5,1,7,6,-1.674,6,0,0,-2.192,0.0,0
0,3,0,5,5,0,1.613,1,1,0,-1.699,0,4,37.19,1,6,3,1.62,1.166,1,1,2,2.146,1,1,-0.812,6,2,-0.235,0.38,5,5,5,3,0.0,2,3,2,6,7,1.278,0,5,2,1.331,18.64,1
3,3,3,4,5,0,-2.469,0,5,4,-3.054,2,4,34.64,3,1,1,-2.153,0.439,1,0,2,-1.895,7,0,2.008,3,3,-1.653,-1.185,4,2,4,6,0.0,2,6,1,7,4,-1.456,7,3,4,-1.94,0.0,0
4,1,4,5,1,1,1.744,1,5,3,2.057,5,1,41.72,7,4,5,1.687,0.663,3,1,1,4.269,0,5,0.277,5,4,0.237,2.181,3,3,5,6,0.0,0,5,3,4,4,1.023,0,2,0,1.094,231.76,1
0,2,3,6,5,0,1.456,2,5,0,-0.219,1,7,25.41,4,4,2,1.657,-0.486,4,0,4,-1.837,2,1,1.569,0,0,-0.433,-0.075,3,0,0,6,0.0,1,3,3,5,7,0.741,4,1,4,0.44,0.0,0
0,1,2,4,3,0,-0.201,3,1,0,-1.375,0,1,24.58,3,4,3,-0.578,-0.155,0,0,2,0.612,4,1,2.679,2,1,1.473,-0.74,5,3,1,3,0.0,3,5,5,0,3,0.743,1,1,3,0.629,0.0,0
0,1,5,7,5,0,0.19,0,5,0,0.38,0,1,28.01,0,4,0,2.204,-0.943,1,0,0,-0.879,7,4,-0.937,4,5,0.049,1.224,4,4,3,3,0.0,3,6,3,5,4,0.094,2,3,2,-0.252,0.0,0
3,0,1,3,2,1,-1.087,3,4,4,1.239,3,6,42.18,2,3,5,4.107,0.636,2,0,4,-0.588,5,4,1.678,7,4,2.057,-1.592,5,1,1,7,0.0,0,5,2,6,7,1.2,6,3,5,1.509,0.0,1
5,5,1,0,0,0,0.822,3,4,4,-1.447,5,3,20.51,1,7,4,0.685,-1.253,1,0,2,2.168,3,5,0.588,6,0,-1.239,-0.125,1,4,3,3,0.0,4,5,1,6,7,0.197,4,3,3,0.04,0.0,0
4,0,5,3,3,0,0.003,0,2,1,0.712,5,6,18.26,7,6,0,-1.001,-0.397,2,0,3,2.885,4,2,-0.815,3,5,3.497,-0.541,2,3,1,0,0.0,0,3,1,7,0,-0.795,3,5,3,0.553,0.0,0
5,2,4,0,3,1,1.274,5,0,0,2.554,4,4,35.84,0,5,0,-1.009,-0.229,2,1,5,0.337,0,3,1.619,2,1,0.544,-0.216,2,0,3,2,0.0,2,6,4,5,5,1.694,5,2,2,1.21,89.56,1
0,5,4,6,2,0,0.938,4,4,2,1.838,5,7,27.14,4,1,2,0.172,-0.241,5,0,5,0.403,7,4,0.384,1,4,-1.089,0.022,4,1,2,2,0.0,3,1,5,3,4,1.388,4,3,0,1.251,0.0,0
2,0,0,5,2,0,1.144,1,2,5,2.275,5,7,15.22,5,0,2,0.779,-0.654,4,0,3,-0.952,7,5,-2.905,1,2,0.519,-1.62,4,0,2,2,0.0,2,5,3,1,0,0.606,0,0,4,0.037,0.0,0
2,7,3,6,4,0,1.878,0,4,5,1.548,4,0,30.26,1,0,4,-2.643,0.477,4,0,5,0.29,2,0,1.835,3,5,-0.669,0.875,2,1,4,7,0.0,4,5,2,3,6,-0.71,3,3,4,-0.621,0.0,0
0,2,5,1,1,0,-0.385,3,2,4,-2.623,1,0,20.86,3,4,5,0.015,-0.255,2,0,3,-0.653,5,1,1.135,6,2,1.266,2.068,5,5,1,2,0.0,0,6,2,3,2,-0.196,2,4,3,0.314,0.0,0
3,6,0,6,3,0,0.956,3,4,2,-0.86,2,7,35.67,5,3,3,0.275,-1.506,5,0,0,-0.471,7,0,2.317,0,2,-2.381,-0.015,0,2,4,5,0.0,3,4,4,2,3,-1.294,3,3,5,-0.867,0.0,0
0,0,4,0,4,0,0.72,1,5,1,1.428,2,5,33.14,4,3,2,1.622,0.135,5,0,2,0.409,7,1,0.025,7,4,-0.48,-2.08,2,2,5,7,0.0,2,3,2,5,6,0.613,0,0,1,0.11,0.0,0
2,2,4,2,3,0,-0.061,5,0,4,-3.137,3,6,24.49,7,0,4,-0.7,2.178,2,0,0,-0.222,5,2,-0.907,0,4,-2.067,-2.122,1,1,5,4,0.0,1,4,2,1,1,-1.304,0,3,2,-1.119,0.0,0
5,4,1,4,5,1,3.991,1,5,4,3.927,5,4,31.15,0,4,4,-1.737,0.741,3,1,1,0.88,4,5,-1.012,0,1,1.27,1.353,3,1,0,3,0.0,5,0,0,3,3,1.533,6,4,5,1.262,155.88,1
5,7,0,7,3,0,-2.596,3,0,4,-1.682,4,6,20.94,1,7,5,-0.896,2.081,2,0,1,-4.375,4,0,-5.433,7,4,-1.519,-2.294,2,0,2,3,0.0,5,4,5,4,5,-1.165,5,2,1,-1.599,0.0,0
2,7,0,7,3,0,-3.616,5,3,5,-2.41,0,1,33.34,3,1,3,1.451,0.839,2,0,4,2.701,7,3,-1.029,1,0,-0.543,0.389,2,5,1,6,0.0,2,4,0,3,1,0.451,6,4,1,0.936,0.0,0
0,5,1,7,3,0,0.171,3,5,0,-1.962,5,4,31.97,1,4,4,0.739,2.091,4,0,4,-4.112,3,1,1.501,7,5,-2.384,0.049,0,5,1,6,0.0,5,0,4,4,7,-1.096,4,5,2,0.334,0.0,0
1,2,0,1,2,0,-1.903,0,5,2,-3.743,4,0,24.88,1,1,0,-1.228,1.172,4,0,5,-2.746,1,4,-0.147,3,0,-2.952,3.665,5,5,0,7,0.0,3,2,0,7,2,-1.171,6,1,1,-1.965,0.0,0
5,5,1,7,3,1,-0.855,4,5,4,1.984,1,5,34.51,3,5,1,2.387,0.12,4,1,3,2.958,6,5,0.002,4,0,3.429,0.362,3,5,3,2,0.0,3,7,4,4,2,1.903,3,5,5,1.623,61.09,1
5,7,4,3,4,0,1.368,0,2,3,1.29,0,7,27.75,0,6,3,1.682,0.545,5,0,5,1.047,1,1,-5.083,3,5,1.456,-0.508,0,0,1,0,0.0,0,0,5,3,7,-0.795,2,4,2,-1.034,0.0,0
4,1,4,7,4,0,-0.309,5,5,4,1.795,2,3,24.57,4,0,0,0.176,-1.058,4,0,0,2.501,6,4,2.195,7,4,0.21,3.582,5,5,4,1,0.0,2,2,4,6,0,1.707,4,4,4,0.341,0.0,0
2,6,2,3,5,0,-2.281,4,0,5,-0.814,3,5,29.92,0,7,1,-0.196,-1.249,4,0,3,-0.234,1,3,0.676,3,0,1.116,1.896,5,2,3,1,0.0,1,5,1,4,4,1.226,4,1,2,1.258,0.0,0
0,6,4,1,5,0,0.863,3,4,0,2.43,4,6,36.6,6,6,1,0.38,1.272,4,1,5,1.198,5,1,-1.626,7,4,-2.314,1.187,1,2,4,7,0.0,5,5,4,0,3,0.989,4,0,5,0.431,148.04,1
2,2,3,5,4,0,-3.468,2,4,1,-1.058,0,4,26.92,3,0,3,-2.923,-1.045,3,0,4,-2.84,3,1,1.411,7,3,-0.092,-0.409,4,1,1,5,0.0,4,0,1,0,6,-0.623,2,3,0,-0.447,0.0,0
2,3,0,0,2,0,-2.871,0,4,3,0.496,2,2,30.45,1,3,2,0.144,-0.969,0,0,0,0.166,3,1,2.065,0,3,-0.033,0.464,5,4,2,4,0.0,3,6,3,7,4,-0.043,1,3,4,0.081,0.0,0
5,2,4,6,2,0,-3.177,4,4,4,1.53,1,5,33.72,1,0,0,0.874,0.521,3,0,0,2.11,2,3,2.482,1,0,1.146,1.732,0,1,0,1,0.0,5,5,1,2,3,0.053,3,3,1,0.235,0.0,0
3,0,3,5,2,0,-2.144,5,5,0,1.675,0,7,35.02,2,0,3,1.281,-0.066,1,0,3,0.547,7,0,0.311,6,1,0.036,-0.195,1,1,4,6,0.0,5,2,2,2,6,-0.58,0,3,0,0.275,0.0,0
4,7,2,2,3,0,0.496,1,0,1,0.705,0,5,27.23,3,7,1,-1.342,-0.243,4,0,3,-0.315,2,4,-2.25,5,2,-1.878,-1.842,2,0,0,3,0.0,3,2,5,5,3,-0.455,4,4,1,-0.265,0.0,0
0,1,5,0,0,0,-0.242,2,2,2,0.082,2,6,31.98,6,5,0,-1.906,-0.717,3,0,5,2.798,5,3,-0.618,1,4,-0.475,-0.193,3,0,2,7,0.0,5,1,0,1,6,-0.73,6,4,0,-0.254,0.0,0
5,0,5,7,2,1,0.993,0,1,4,1.67,1,0,34.47,0,6,4,0.982,-1.179,1,0,4,1.015,4,2,0.683,1,2,0.376,-0.004,4,2,0,0,0.0,0,5,3,6,7,1.396,4,1,2,1.131,155.42,1
3,2,1,1,1,0,1.666,2,2,4,1.041,0,4,35.85,3,2,5,-0.55,-0.786,0,0,1,-0.466,2,5,-2.552,7,5,0.46,-1.342,0,4,5,7,0.0,0,1,5,2,1,0.16,2,5,2,-0.672,0.0,0
5,3,1,4,0,0,0.347,0,1,4,-1.17,3,5,27.06,5,4,4,0.66,1.76,2,0,4,-2.024,3,5,3.345,4,0,-0.109,3.086,5,1,1,1,0.0,0,6,2,4,3,0.937,2,5,0,0.545,0.0,0
0,1,0,5,0,0,1.786,1,1,1,1.539,0,7,33.29,1,6,4,1.753,-0.636,4,0,1,-0.647,7,4,1.936,5,3,0.467,-0.28,4,5,5,2,0.0,0,7,5,2,6,1.424,3,2,3,0.833,0.0,0
2,3,5,5,4,0,0.312,2,0,0,-0.237,5,6,28.4,6,3,3,0.617,0.444,2,0,1,0.664,3,4,-0.853,0,0,0.657,-0.582,2,0,2,2,0.0,1,0,0,5,6,-0.903,0,1,3,-0.467,0.0,0
3,3,0,2,3,0,0.38,3,2,3,1.001,3,3,22.23,5,0,0,-1.688,-1.754,5,0,2,-2.043,3,1,1.757,2,1,-0.547,-0.606,2,3,1,1,0.0,3,2,5,7,4,-0.015,6,4,5,-0.955,0.0,0
4,5,3,3,1,0,-3.553,2,5,5,-2.766,4,2,38.96,5,5,5,1.182,0.395,5,0,0,-2.276,0,1,-1.496,0,2,-4.153,-2.884,0,4,5,7,0.0,3,2,4,5,2,-1.571,1,0,3,-0.987,0.0,0
4,6,4,5,1,0,1.481,2,2,2,2.412,0,3,38.95,3,7,2,2.895,0.76,4,1,3,1.814,4,4,3.19,0,3,-1.247,-0.395,4,2,2,0,0.0,0,4,4,3,6,1.335,3,0,4,0.949,63.35,1
4,5,0,0,1,0,-1.288,1,5,1,-0.876,2,7,26.79,2,4,1,-3.202,1.412,1,0,4,-0.302,7,4,-1.632,7,2,-1.429,-0.953,1,5,0,1,0.0,2,6,5,1,4,-0.833,3,0,1,-0.559,0.0,0
3,4,5,0,0,0,-1.169,1,3,0,0.77,4,2,27.19,7,1,4,-0.172,1.566,3,0,5,-0.771,7,0,1.13,4,1,0.245,-0.883,3,5,2,6,0.0,5,6,2,7,0,-0.475,7,3,4,-0.395,0.0,0
5,2,4,3,3,0,1.979,3,1,4,-2.073,1,4,36.0,7,1,0,-0.984,-0.941,3,0,1,-3.672,4,4,-1.581,1,0,-0.644,0.382,5,0,1,6,0.0,4,5,4,1,3,-0.908,7,2,4,-1.192,0.0,0
0,4,2,1,5,0,-1.134,4,1,0,-0.982,3,7,24.1,2,3,3,-1.642,-0.049,2,0,0,-0.142,6,4,0.046,2,4,-0.771,0.545,2,3,0,2,0.0,2,5,5,6,4,-1.004,3,2,1,-0.434,0.0,0
2,5,4,7,2,0,0.162,3,1,5,-1.185,2,0,34.69,5,7,4,0.259,0.035,2,0,4,1.513,0,2,-0.434,7,0,-0.179,-1.47,3,0,1,4,0.0,1,7,2,7,2,-0.156,6,0,0,-0.607,0.0,0
3,1,0,4,0,0,-1.107,4,4,2,-1.565,0,7,26.66,7,6,3,-0.93,-0.341,4,0,0,-0.031,2,3,1.001,6,2,0.699,0.862,2,5,1,5,0.0,3,5,3,6,1,-0.766,3,4,5,-0.883,0.0,0
0,0,0,5,4,0,-2.255,0,3,1,-1.633,3,2,27.3,4,6,3,0.811,0.507,0,0,4,0.019,1,3,-2.852,0,0,-1.283,1.885,3,3,1,7,0.0,0,5,2,0,2,-0.155,3,2,4,-0.143,0.0,0
2,0,2,6,3,0,0.076,1,1,4,0.088,4,1,38.36,5,3,4,-2.032,0.981,3,1,1,1.532,6,0,-1.457,2,2,-0.393,-0.039,0,4,2,5,0.0,0,1,0,6,1,-0.006,1,0,3,0.292,44.22,1
4,7,4,6,1,0,0.245,2,4,1,0.298,3,6,26.43,1,0,1,-0.933,0.158,2,0,1,3.36,3,0,-1.817,5,4,0.06,-0.726,5,2,2,7,0.0,4,5,4,7,3,0.32,5,1,0,0.136,0.0,0
0,5,3,5,3,0,2.102,3,1,2,0.81,2,1,33.32,6,7,1,-0.817,2.065,3,0,4,-2.033,4,4,-1.523,3,5,-1.346,-2.068,1,5,1,4,0.0,3,6,3,4,6,-0.631,6,0,4,-0.8,0.0,0
2,4,5,7,0,0,-0.272,5,3,4,-1.469,5,4,22.73,3,6,0,0.373,-0.193,4,0,0,-1.232,4,2,0.064,4,5,-1.001,2.188,0,0,4,4,0.0,4,4,3,1,7,0.434,6,3,0,0.729,0.0,0
5,3,4,0,0,0,-0.326,3,3,2,1.113,5,7,32.66,6,1,4,-1.747,1.923,0,0,2,0.674,7,2,-2.865,2,5,-2.216,-1.477,4,0,1,7,0.0,1,0,0,4,4,-0.577,3,1,4,-0.249,0.0,0
5,2,4,4,3,0,-0.921,0,4,2,-1.757,5,4,30.85,5,5,0,-0.226,0.03,0,0,5,-3.402,6,3,-2.73,6,4,-0.958,2.294,1,4,3,4,0.0,2,4,1,6,6,-0.551,5,2,4,-0.914,0.0,0
1,0,3,2,0,0,1.173,2,3,0,0.869,2,7,30.37,4,1,1,-0.8,0.219,4,0,0,-1.934,2,2,1.307,6,2,0.042,-0.516,3,2,3,7,0.0,1,1,4,2,2,0.125,0,3,3,0.093,0.0,0
0,4,4,2,2,0,1.463,2,4,5,-1.449,0,0,29.47,6,1,4,0.208,-0.494,4,0,0,-0.873,5,2,0.462,6,3,-0.542,-2.225,1,2,1,4,0.0,5,5,1,6,7,-1.063,1,5,0,-0.513,0.0,0
1,7,4,4,1,0,-0.714,1,5,0,0.346,1,6,31.67,1,3,3,-1.223,-0.617,4,0,1,-1.869,2,5,1.822,5,3,-0.394,2.146,4,2,5,6,0.0,1,2,5,5,2,0.183,4,1,5,0.188,0.0,0
5,3,0,6,3,0,2.665,5,1,3,0.619,2,0,27.93,7,3,2,0.468,-0.492,4,0,0,0.215,6,1,-1.86,0,3,-0.355,-0.683,4,0,5,3,0.0,5,3,4,4,6,1.367,2,4,1,0.984,0.0,0
1,5,2,4,1,0,0.348,0,1,1,-2.214,5,4,29.44,1,6,4,0.616,-0.197,5,0,0,-3.702,3,5,-2.152,2,2,1.818,-2.478,0,2,4,0,0.0,2,3,4,0,2,-0.829,5,0,1,-0.407,0.0,0
1,6,1,6,3,0,0.72,0,3,5,-1.036,2,4,28.3,3,3,5,0.771,-0.747,4,0,4,0.763,3,1,0.283,3,4,1.27,-0.207,1,4,2,5,0.0,0,6,1,3,4,-0.826,1,3,4,-0.894,0.0,0
5,6,4,4,5,0,-2.558,5,2,3,1.49,4,7,34.01,7,2,5,-1.474,-0.402,2,0,4,-1.537,4,1,-0.568,1,5,-2.069,1.579,1,0,2,4,0.0,2,0,2,0,7,-1.172,6,4,5,-0.248,0.0,0
0,5,5,0,1,0,-0.741,0,0,3,-2.434,2,7,35.84,3,7,4,-0.495,1.138,2,0,5,-1.343,0,2,-1.213,1,5,0.978,-2.776,0,1,3,0,0.0,1,5,2,5,2,-0.11,5,4,0,-1.034,0.0,0
2,5,3,5,3,0,-0.501,1,0,3,-1.98,1,7,30.41,0,6,3,-2.863,0.168,4,0,4,-0.032,6,3,-1.53,3,2,-0.854,-0.878,1,4,1,7,0.0,1,7,3,2,6,-0.585,2,2,2,-1.459,0.0,0
4,4,0,7,5,0,-2.02,5,2,3,-1.385,1,1,21.54,7,0,0,-1.678,1.316,1,0,2,-2.107,3,1,-0.332,5,4,0.163,-0.691,1,0,4,4,0.0,4,6,4,4,0,-1.322,0,1,1,-1.192,0.0,0
4,1,2,3,1,0,-0.778,2,5,5,0.414,4,4,32.01,6,5,4,0.422,-0.271,0,0,2,0.173,6,4,1.899,3,0,-1.897,2.048,2,2,5,7,0.0,2,1,5,5,1,0.663,1,3,0,0.175,0.0,0
5,4,4,4,3,0,-2.413,2,3,2,-0.369,0,5,26.7,0,2,0,-2.273,2.846,3,0,3,-1.963,6,3,-0.41,6,5,-1.657,0.963,3,5,3,4,0.0,0,1,2,7,0,-1.923,2,1,2,-1.404,0.0,0
3,0,0,0,2,0,-2.002,1,3,2,-0.641,5,1,24.37,5,0,2,-0.143,-0.581,2,0,3,-2.405,0,4,1.84,6,5,1.407,-1.387,0,2,2,4,0.0,1,2,1,7,5,0.457,3,1,1,0.527,0.0,0
3,0,4,4,4,0,4.728,1,2,4,-1.402,4,2,31.4,2,6,1,0.335,1.866,3,1,4,-1.251,4,5,0.844,3,2,1.155,1.656,0,5,3,5,0.0,1,4,3,0,2,0.863,4,3,1,0.809,33.81,1
0,6,3,6,2,0,-0.538,4,0,1,-1.486,0,5,24.73,0,6,1,0.037,-0.18,4,0,4,-0.967,6,1,-3.081,4,3,-2.342,-1.406,3,0,5,6,0.0,2,0,4,6,3,-1.502,4,0,5,-0.161,0.0,0
1,0,3,1,0,1,0.869,5,3,0,1.282,2,7,37.08,0,5,3,0.955,2.916,3,1,4,-2.958,1,0,2.099,3,4,1.181,1.187,0,4,2,3,0.0,0,5,5,0,4,1.195,2,3,4,1.54,92.18,1
5,2,0,6,2,0,1.355,2,1,5,-1.522,2,2,30.99,5,6,0,0.779,-0.62,4,0,0,2.292,6,1,4.23,7,4,-0.244,1.336,1,3,1,7,0.0,2,5,1,6,3,0.294,7,3,2,-0.348,0.0,0
2,5,5,3,5,0,0.456,1,5,4,-3.555,2,1,24.91,4,2,5,-2.07,0.254,4,0,2,-3.193,0,3,-0.195,1,4,-1.518,-4.57,1,0,2,4,0.0,1,7,4,0,5,-1.342,0,2,1,-1.693,0.0,0
3,6,0,4,4,1,-2.356,2,5,1,2.777,2,5,42.77,1,0,5,2.238,0.363,0,1,3,3.785,3,1,1.884,3,0,-0.218,2.029,0,5,1,6,0.0,1,1,2,0,0,0.937,4,2,0,1.741,187.02,1
4,7,2,7,0,1,1.759,2,4,2,0.197,5,5,39.26,7,0,5,1.32,-1.073,3,0,5,-0.244,1,1,2.323,6,2,-0.345,-2.11,2,2,3,1,0.0,2,7,1,6,1,0.967,4,3,3,0.33,198.28,1
1,3,4,7,2,0,-0.849,0,4,4,1.122,2,2,27.02,6,3,0,0.213,1.246,0,0,1,3.418,6,1,-0.87,2,1,-0.545,-0.275,4,4,4,5,0.0,3,4,0,3,7,0.331,3,4,0,-0.417,0.0,0
0,3,0,1,3,1,2.39,2,1,2,3.003,0,7,36.53,3,4,3,3.773,0.724,1,1,1,1.872,7,3,2.087,3,0,2.115,-0.226,3,4,4,7,0.0,1,4,0,3,4,2.582,6,0,1,2.301,19.3,1
3,5,1,6,3,0,3.159,2,2,4,1.094,1,3,32.31,1,2,0,-0.756,-0.417,5,0,5,-1.148,2,0,1.642,4,0,4.059,-0.354,1,3,2,3,0.0,0,4,1,7,1,0.486,3,2,5,0.798,0.0,0
5,7,0,7,0,0,-1.141,2,5,1,0.138,1,0,34.06,1,5,3,-2.877,1.23,0,0,2,-1.835,5,1,-1.607,4,1,1.575,-1.427,5,2,5,3,0.0,3,0,3,3,7,-2.114,2,2,0,-1.195,0.0,0
3,1,4,2,0,0,-0.61,4,5,4,1.812,5,2,27.91,6,7,2,0.535,0.133,4,0,2,0.82,2,2,2.924,3,2,0.132,-0.16,2,1,3,5,0.0,2,4,0,6,0,0.146,4,0,0,-0.105,0.0,0
3,3,3,5,5,0,-0.115,0,5,3,-0.901,0,1,25.66,0,1,4,-0.158,0.883,0,0,4,0.797,7,3,0.364,0,2,-0.166,-0.031,2,3,4,1,0.0,3,2,5,5,1,0.545,7,3,3,0.234,0.0,0
3,7,3,6,5,0,2.578,4,0,1,-0.769,5,1,26.9,5,2,1,-0.385,-0.715,0,0,5,2.78,0,3,-0.691,5,3,2.122,-0.021,4,0,5,2,0.0,0,1,5,4,1,0.227,4,0,4,0.424,0.0,0
4,3,0,3,5,0,-0.63,2,0,3,2.911,0,5,22.2,4,2,0,-1.855,1.112,1,0,1,-0.289,6,0,-0.319,6,5,2.02,-0.402,2,0,2,5,0.0,0,3,5,0,0,0.301,0,4,2,-0.238,0.0,0
0,3,1,4,3,0,2.012,1,0,5,-2.443,1,1,32.52,3,0,1,-0.408,-0.289,1,0,3,0.09,3,4,-2.023,6,4,-1.813,0.262,2,2,2,4,0.0,5,4,0,5,7,-0.007,3,4,3,0.054,0.0,0
1,2,0,1,2,0,-0.684,1,0,0,2.432,3,0,52.75,7,6,4,-0.035,-0.103,3,1,3,-0.583,1,0,-1.429,5,4,2.019,2.515,0,3,1,4,0.0,1,2,3,7,4,1.058,0,5,2,1.019,0.0,1
1,0,0,1,0,0,0.935,4,4,4,1.521,1,6,30.81,6,7,4,2.747,-0.83,4,0,2,-0.319,2,1,-0.696,7,5,-0.547,0.518,0,1,2,4,0.0,1,2,0,3,5,-0.595,2,0,2,-0.354,0.0,0
3,3,3,5,2,0,-1.453,4,1,1,0.917,5,7,36.48,4,2,5,0.825,1.752,3,0,5,-0.777,6,5,-0.035,3,3,-1.759,-0.604,0,0,4,1,0.0,3,6,5,3,7,-0.144,6,5,1,-0.719,0.0,0
1,5,5,6,1,0,0.793,1,2,3,-1.658,5,0,26.6,4,1,4,0.57,0.605,2,0,5,-0.481,6,1,0.897,7,4,-0.162,-2.277,3,4,5,6,0.0,4,1,1,6,7,-0.64,2,2,1,-0.241,0.0,0
5,4,0,2,2,0,1.321,3,0,5,-2.699,0,6,30.55,2,6,2,0.647,-1.426,3,0,3,2.553,3,2,1.463,3,3,1.541,1.997,4,1,1,0,0.0,1,5,4,2,4,-0.001,1,2,3,0.833,0.0,0
4,4,2,2,4,0,1.474,2,4,4,1.199,2,1,18.05,2,6,5,-1.614,1.211,5,0,3,1.326,1,0,-1.275,3,0,-1.782,-2.004,4,2,0,7,0.0,1,7,1,2,5,-0.532,6,2,2,0.486,0.0,0
5,4,3,5,3,0,1.862,5,5,4,-1.769,0,7,25.88,4,2,4,0.469,2.386,4,0,4,0.349,2,2,0.071,7,1,0.118,0.803,1,2,2,7,0.0,4,5,0,0,2,-0.539,7,5,5,-0.27,0.0,0
3,4,0,5,1,0,0.887,3,2,5,-4.023,1,1,33.22,4,1,5,1.216,0.29,4,0,1,-1.228,3,0,-0.898,5,2,0.574,-1.473,5,5,5,1,0.0,4,0,4,0,7,-0.796,0,3,3,-1.049,0.0,0
1,3,2,3,4,0,0.899,4,5,3,0.385,1,6,21.05,6,3,2,2.048,0.247,0,0,5,-0.313,1,5,0.912,1,1,0.906,1.743,3,2,4,7,0.0,0,1,0,1,1,1.167,2,5,4,0.52,0.0,0
4,5,2,1,5,0,3.932,1,4,5,1.754,3,3,44.62,3,1,0,5.593,0.844,4,1,5,0.073,7,0,2.904,3,0,0.298,-0.69,2,3,5,4,64.87,4,4,5,5,2,2.115,3,3,2,2.325,99.44,1
0,6,5,4,5,0,-0.917,4,5,0,0.661,1,4,35.65,4,6,1,-0.83,0.484,5,0,3,0.785,3,5,1.315,0,0,3.048,-1.774,4,1,4,2,0.0,4,0,5,7,2,-0.268,7,0,2,0.402,0.0,0
2,2,3,4,0,0,-0.622,3,2,5,-2.146,5,2,25.98,2,4,3,0.795,-1.021,5,0,1,2.31,7,3,-2.694,7,5,-0.683,0.345,4,4,1,5,0.0,4,1,4,4,5,-0.765,7,3,4,-1.379,0.0,0
3,3,1,6,0,0,0.229,1,4,0,-2.411,4,4,24.68,7,5,1,-1.336,0.5,2,0,4,-4.348,0,2,-1.034,2,2,-1.927,0.501,4,5,0,3,0.0,1,4,4,2,2,0.371,6,0,3,-0.505,0.0,0
1,5,0,2,3,0,-0.207,3,3,0,-2.516,3,5,27.98,5,7,2,-1.597,-0.408,5,0,1,-1.493,4,3,-0.834,1,5,-0.719,-0.055,1,2,5,3,0.0,2,3,5,0,5,-0.947,3,5,3,-1.222,0.0,0
2,1,3,6,3,0,-0.233,1,4,2,1.333,4,2,25.51,2,7,1,-1.32,0.181,2,0,0,-0.561,3,0,1.525,7,4,1.139,1.614,1,2,1,5,0.0,3,6,2,5,2,0.832,2,3,1,0.816,0.0,0
4,2,4,7,5,0,1.208,1,1,1,2.161,1,1,25.38,2,2,1,0.597,1.743,0,0,2,-2.064,5,3,-0.575,1,3,2.879,0.524,5,5,2,1,0.0,1,4,1,5,3,0.798,3,1,2,1.386,0.0,0
4,2,4,5,1,0,-0.12,2,3,3,-2.957,1,7,27.45,7,3,0,-1.499,0.653,1,0,5,-1.11,1,3,-2.667,0,3,0.193,-1.999,1,3,2,5,0.0,2,4,4,0,7,-1.42,4,1,3,-1.701,0.0,0
4,6,3,5,2,1,-0.126,0,4,5,3.016,5,1,45.7,5,1,5,-1.237,0.901,0,1,4,2.777,3,5,0.253,2,3,-0.193,0.96,3,2,5,5,0.0,1,6,5,7,3,1.144,2,5,5,1.242,164.34,1
0,3,5,3,0,0,0.291,2,3,0,-1.816,4,4,7.12,3,5,4,2.584,-1.943,5,0,5,0.289,4,5,-2.365,1,4,-0.18,-0.888,3,5,1,0,0.0,4,5,1,2,4,-1.455,1,3,5,-1.729,0.0,0
5,0,3,5,5,0,0.121,2,2,0,-1.243,1,5,27.23,6,4,2,1.545,1.415,2,0,1,-1.724,7,3,2.694,5,3,1.727,-0.181,5,0,2,7,0.0,5,4,5,0,7,0.52,7,1,5,0.183,0.0,0
2,7,0,2,4,0,-3.268,4,4,5,-3.976,4,0,27.35,4,0,1,-2.735,0.415,1,0,0,-4.88,0,5,-2.487,0,5,-3.982,-4.657,0,0,5,3,0.0,4,2,3,6,0,-2.905,6,2,1,-3.174,0.0,0
5,1,0,0,1,0,-2.602,5,2,3,-0.355,3,4,27.39,3,0,3,-1.697,-1.213,0,0,1,-1.397,4,0,-0.366,4,5,-3.679,-3.813,3,0,2,3,0.0,3,5,5,1,5,-1.158,1,0,1,-2.125,0.0,0
3,2,4,4,1,0,1.116,0,4,1,-0.59,0,5,32.17,4,7,4,1.308,-1.479,5,0,3,-0.636,0,4,-0.111,7,5,2.21,0.689,3,0,1,6,0.0,2,2,1,1,1,0.394,0,2,0,-0.321,0.0,0
3,1,2,2,0,0,-0.235,4,0,4,0.596,0,7,22.87,2,5,5,3.203,-1.075,3,0,0,0.177,4,3,3.077,2,4,1.112,1.295,1,2,0,3,0.0,0,1,0,3,3,0.384,2,4,0,0.911,0.0,0
5,0,5,6,1,0,-2.614,1,2,0,-0.931,3,4,33.05,1,4,2,-3.332,0.634,5,0,5,-2.989,1,4,-1.289,2,4,-0.983,-0.288,1,1,3,7,0.0,0,3,5,1,0,-1.821,4,3,0,-1.625,0.0,0
4,4,3,5,1,0,-1.907,3,4,5,-1.044,1,6,24.03,6,2,4,1.107,-0.491,0,0,2,-5.908,3,5,-1.23,0,5,-1.577,0.997,3,0,2,5,0.0,2,3,1,0,7,0.476,6,1,0,0.112,0.0,0
4,6,4,1,2,0,-0.664,3,4,2,0.801,5,1,43.58,1,3,0,1.651,0.49,5,1,2,-5.291,4,3,2.785,0,1,2.532,1.926,0,3,2,0,0.0,4,0,5,4,0,0.902,1,0,2,0.359,0.0,1
4,3,1,6,1,0,1.92,3,0,4,1.35,3,7,30.91,7,5,1,-0.338,-1.422,5,0,0,-2.907,4,1,-1.623,3,1,0.551,1.031,2,5,2,1,0.0,0,1,4,5,3,0.53,6,2,5,0.293,0.0,0
2,0,1,7,0,0,-0.49,3,0,3,1.605,0,0,34.25,5,7,3,0.436,-0.594,2,0,2,-3.856,5,4,0.092,2,4,0.088,-1.113,5,2,0,2,0.0,4,2,3,3,2,-0.248,2,0,5,-0.205,0.0,0
1,0,1,4,0,1,-0.148,2,1,4,-0.051,5,0,36.32,7,7,0,0.458,1.448,4,0,0,1.51,7,1,0.58,4,3,0.963,-0.553,3,3,1,3,0.0,4,2,5,0,3,1.198,0,4,1,0.302,93.0,1
3,7,3,5,5,0,0.409,5,5,0,-1.941,2,4,33.87,0,7,0,0.739,0.958,3,1,2,2.035,7,3,0.059,3,5,-0.492,-0.565,2,2,4,1,0.0,2,1,3,0,1,0.441,0,1,1,1.001,0.0,1
4,5,3,5,0,0,-0.698,4,1,2,-2.278,1,3,18.28,3,6,0,-1.667,-0.762,2,0,4,3.134,1,1,0.09,0,5,-0.751,-0.014,2,5,1,1,0.0,1,7,0,1,7,-1.123,7,2,0,-0.549,0.0,0
0,7,3,4,3,0,-1.469,0,0,1,-1.518,2,4,40.64,1,7,1,0.006,0.102,1,0,5,-1.139,4,2,-1.28,0,3,0.323,0.096,5,0,5,4,0.0,0,3,2,6,2,-1.429,2,1,4,-1.201,0.0,0
1,6,5,7,3,0,-0.78,4,1,3,-1.306,3,7,22.96,4,0,3,1.507,0.873,5,0,0,-2.758,0,3,-2.484,3,5,0.595,0.517,3,2,0,7,0.0,3,3,3,7,3,-1.023,3,0,4,-0.789,0.0,0
5,4,1,1,3,0,2.189,2,2,5,-0.584,0,0,25.07,3,0,2,2.982,-0.935,2,0,3,-4.633,4,2,-0.497,2,4,-1.309,-0.718,3,5,5,2,0.0,4,0,0,4,5,-0.374,2,2,2,-0.074,0.0,0
4,2,1,2,0,0,0.667,5,4,4,2.059,5,6,31.44,1,3,1,-0.275,0.241,4,0,1,-2.718,2,4,2.068,0,2,1.649,0.56,4,3,5,6,0.0,2,3,0,1,1,1.287,2,4,3,1.255,0.0,0
0,7,1,1,1,0,0.921,3,5,5,-0.965,4,0,27.39,7,3,2,0.598,0.552,2,0,0,-0.564,2,3,-1.483,5,0,-0.683,1.733,0,5,2,4,0.0,3,4,3,2,4,0.64,2,4,4,0.498,0.0,0
2,6,2,3,2,0,2.246,3,3,0,0.243,3,6,22.1,3,1,1,2.122,-0.087,4,0,3,0.188,4,5,-0.425,5,2,1.78,-2.074,3,3,5,2,0.0,5,4,3,1,0,-0.604,1,1,0,-0.458,0.0,0
2,3,1,6,1,0,-3.221,1,3,0,-0.155,2,3,20.47,0,2,0,-1.338,2.777,3,0,3,0.366,2,5,-2.972,7,5,-2.568,0.304,2,5,1,6,0.0,5,7,5,6,1,-0.204,4,2,1,-0.194,0.0,0
3,4,3,6,1,0,-2.454,0,5,3,-2.48,5,7,31.54,1,7,3,-1.408,-0.881,2,0,3,2.557,0,5,-0.923,2,1,-0.883,0.034,4,2,4,3,0.0,3,4,5,3,2,-0.175,2,5,5,-0.996,0.0,0
0,4,1,6,1,1,3.973,1,3,1,0.587,4,0,34.41,3,1,4,0.522,0.138,1,1,2,-0.6,6,5,0.319,7,4,3.123,3.419,3,4,2,3,0.0,4,1,2,3,7,1.895,0,5,3,1.903,174.11,1
5,7,5,3,3,0,1.205,0,1,3,-0.174,0,5,32.4,1,6,2,-3.384,0.941,2,0,0,-0.052,6,0,0.376,1,2,1.191,-3.316,4,4,1,4,0.0,4,3,0,4,5,-0.166,3,4,5,-0.445,0.0,0
3,0,2,3,1,1,0.002,4,2,2,2.36,2,1,42.76,4,2,3,-1.522,-0.146,1,0,4,5.204,5,4,-0.868,7,4,1.077,-1.419,5,1,5,4,0.0,0,7,3,0,6,-0.024,1,3,3,0.41,208.37,1
2,5,0,5,4,0,-3.187,3,5,3,-0.641,1,4,31.12,3,3,2,-0.112,-0.184,2,0,5,0.822,0,1,-2.063,5,4,0.894,-1.86,4,4,3,6,0.0,3,2,0,3,4,-0.63,4,2,5,-0.403,0.0,0
4,6,0,7,1,0,-3.149,1,5,4,0.395,1,7,29.5,6,1,3,0.772,1.053,3,0,0,2.651,7,0,-0.549,7,4,-1.724,-3.841,3,5,1,2,0.0,4,2,5,4,3,-1.518,0,3,5,-1.159,0.0,0
5,6,3,5,1,0,1.124,5,5,3,2.635,3,1,27.87,6,6,0,1.332,-1.06,0,0,2,2.236,4,3,-0.148,3,1,-0.034,1.62,4,4,3,3,0.0,4,6,3,5,1,1.603,2,1,3,0.525,0.0,0
5,5,1,2,2,0,-0.939,5,4,2,-2.698,4,4,19.65,4,1,3,-2.239,1.121,4,0,1,-4.78,7,3,-3.206,7,4,-2.06,-3.525,1,2,1,5,0.0,0,0,3,3,1,-1.625,4,3,0,-1.295,0.0,0
0,1,4,6,1,1,-0.695,2,3,2,-1.544,5,2,40.14,5,0,1,-0.529,0.4,4,1,5,0.116,6,0,1.767,0,2,1.448,1.286,3,4,5,3,0.0,2,0,2,5,4,0.624,7,5,4,0.84,0.0,1
4,0,2,6,3,0,-0.447,5,0,1,-1.469,0,0,41.89,4,7,0,-0.106,2.03,5,0,3,-0.535,6,1,-0.518,0,1,3.305,2.319,0,2,4,6,0.0,1,2,2,5,5,0.218,1,3,0,0.375,0.0,0
4,5,2,6,1,0,-1.53,3,2,4,0.663,3,1,27.91,2,5,3,-1.503,-0.403,0,0,3,1.725,0,4,-1.438,7,0,-0.312,-0.725,2,4,4,1,0.0,0,0,1,0,0,-0.547,1,3,1,0.009,0.0,0
3,0,2,4,5,1,3.081,5,2,3,0.476,1,7,34.44,6,3,5,2.247,-1.16,1,1,0,-4.068,3,1,0.833,2,2,0.986,3.125,3,0,5,5,0.0,0,3,1,4,0,1.074,2,0,2,0.987,198.77,1
2,4,0,0,0,1,-0.761,4,2,5,3.158,5,5,33.92,3,5,0,5.572,-0.317,3,0,5,-1.382,4,2,0.462,1,2,1.282,2.107,3,4,3,7,0.0,4,3,1,1,0,1.616,4,3,5,1.103,91.61,1
0,6,5,7,5,0,-0.173,3,5,3,-1.861,4,1,34.26,4,7,0,-3.871,1.627,5,0,3,-5.949,6,2,-1.945,6,4,-2.504,-0.687,1,0,2,1,0.0,5,4,2,4,1,-1.571,2,2,1,-1.856,0.0,0
5,6,4,5,1,0,-1.471,1,0,4,0.622,1,1,33.39,4,2,5,-1.18,0.135,4,0,2,0.915,7,4,0.432,2,3,-2.94,0.38,4,3,3,0,0.0,4,1,1,7,7,-1.3,0,2,1,-0.562,0.0,0
5,1,5,2,4,0,-1.461,1,3,3,-1.379,3,7,30.74,4,6,0,-0.757,1.174,3,0,3,-2.8,0,1,-0.952,6,5,-2.716,-3.069,4,3,2,5,0.0,2,4,4,3,4,-2.17,1,4,2,-1.954,0.0,0
1,4,2,3,2,0,-2.204,5,3,4,-0.175,5,3,34.58,2,4,4,-0.728,0.269,2,0,1,-1.816,4,5,-0.135,3,4,-1.418,-2.822,2,3,3,0,0.0,0,5,4,1,7,-1.098,2,2,3,-0.698,0.0,0
4,4,4,2,0,0,-2.47,5,0,1,-0.163,4,4,30.78,1,7,1,-1.186,1.082,3,0,4,-3.497,7,0,0.118,5,4,-0.509,0.413,4,2,2,7,0.0,1,6,1,5,6,1.067,6,3,3,0.395,0.0,0
1,4,0,7,3,0,-1.454,5,4,2,2.482,5,2,38.1,5,5,5,-0.537,0.056,0,0,2,0.003,1,4,-2.876,5,4,-0.463,1.351,5,3,4,2,0.0,0,1,1,7,5,-0.557,7,2,0,-0.33,0.0,0
3,6,2,3,1,0,-1.588,5,2,1,1.261,5,0,22.5,2,5,0,-1.852,0.348,5,0,4,1.518,4,3,2.065,4,1,0.093,-0.181,1,5,0,3,0.0,3,6,1,1,7,0.457,6,5,1,0.102,0.0,0
1,2,3,2,5,0,-0.723,2,4,3,-0.185,2,3,35.4,0,1,2,0.289,0.559,4,0,1,2.385,3,3,1.352,5,5,-0.038,-0.775,0,1,0,6,0.0,5,1,0,7,3,1.131,2,4,5,0.552,0.0,0
0,7,0,1,0,0,-1.39,5,3,4,0.788,5,5,31.42,0,3,1,2.819,0.307,3,0,1,2.122,3,4,-1.643,2,3,1.481,1.257,5,3,5,4,0.0,3,1,0,3,7,1.251,3,4,0,0.846,0.0,0
5,6,1,7,2,0,-0.801,5,1,2,-0.45,5,1,35.58,3,5,4,-1.412,-0.463,3,0,2,1.779,5,2,0.536,1,4,-2.571,0.27,3,0,4,6,0.0,4,2,0,3,2,0.276,1,2,0,-0.567,0.0,0
2,3,0,7,1,0,-3.179,2,5,0,0.278,4,2,31.49,3,6,4,-4.423,0.654,5,0,3,0.235,4,2,-0.863,7,0,1.263,-1.835,5,1,0,7,0.0,1,0,1,0,0,-0.984,6,5,2,-1.174,0.0,0
0,2,2,4,4,0,-1.291,3,4,4,-0.001,5,3,34.43,0,3,2,-0.448,-1.464,5,0,2,-1.047,6,1,-2.09,7,1,1.789,0.805,1,4,1,3,0.0,4,5,3,4,2,0.37,3,1,3,0.522,0.0,0
3,5,0,0,4,0,3.397,1,4,4,1.212,3,1,25.65,3,2,1,1.572,2.117,4,0,2,-2.139,0,1,0.646,4,1,2.436,-0.625,4,1,1,7,0.0,2,3,0,2,4,0.116,1,0,2,0.084,0.0,0
1,1,2,7,1,0,0.876,3,5,2,1.251,3,0,19.26,1,7,4,0.078,0.894,1,0,4,-2.452,1,5,-0.345,7,5,1.276,-1.143,5,2,4,6,0.0,4,2,5,4,2,-0.777,6,1,1,-0.206,0.0,0
4,1,2,3,0,0,3.973,5,4,1,2.659,1,5,35.73,7,5,4,-0.499,-1.919,5,0,3,5.222,1,5,-0.381,1,3,1.18,-1.053,3,5,4,3,0.0,0,4,0,4,4,0.993,4,3,2,1.055,0.0,0
1,4,1,4,1,1,1.783,1,2,5,2.346,0,5,38.17,2,6,3,0.983,1.55,3,0,1,-2.84,3,3,2.692,6,4,0.044,-1.873,2,2,1,5,0.0,1,3,4,7,6,1.29,3,4,3,1.28,219.12,1
4,1,0,3,0,0,0.62,4,0,3,-1.672,4,0,33.99,7,2,1,0.734,0.821,3,0,5,-0.683,6,3,-2.872,0,1,-3.385,-1.219,2,1,3,7,0.0,5,5,5,4,0,-0.38,4,2,1,-1.575,0.0,0
1,3,5,6,3,0,1.787,0,0,0,0.488,0,2,26.32,6,5,0,1.674,-1.337,3,0,5,-2.056,0,5,-0.654,3,2,0.079,1.33,5,5,2,3,0.0,5,3,1,3,2,-0.791,3,5,2,0.285,0.0,0
5,5,4,0,4,0,-1.98,4,2,4,1.098,2,0,31.08,7,3,1,1.224,-0.76,4,0,3,0.956,7,0,1.872,2,2,-0.796,-0.486,3,5,2,6,0.0,1,2,1,0,6,1.134,1,5,5,0.123,0.0,0
0,1,1,0,0,0,1.606,5,4,5,-0.93,2,4,33.15,3,0,4,0.904,0.275,2,0,4,1.836,0,2,0.152,3,2,2.214,-0.048,2,3,5,2,0.0,2,1,2,6,3,-0.067,4,3,1,0.302,0.0,0
3,0,3,5,3,0,-3.307,2,0,3,-1.861,5,1,20.89,7,7,3,-1.862,0.591,1,0,1,-0.624,5,0,0.13,5,4,-1.437,-1.341,2,4,0,6,0.0,1,4,2,4,5,-1.084,3,4,4,-0.893,0.0,0
4,0,5,5,3,0,-2.165,3,1,5,0.163,2,6,27.71,3,4,5,-0.708,-1.107,0,0,3,-4.574,4,3,0.833,6,0,-0.922,0.802,2,0,3,2,0.0,1,5,3,2,5,-0.878,7,3,5,-0.981,0.0,0
1,6,5,0,4,0,-3.984,5,4,4,-3.384,0,5,30.33,2,1,1,-2.723,1.831,3,0,3,1.902,4,2,-3.043,4,2,-0.107,-0.181,2,3,0,6,0.0,5,4,1,3,7,-1.448,7,1,0,-1.178,0.0,0
3,2,1,4,1,0,-0.929,5,2,0,1.685,3,2,23.83,6,2,0,-2.275,-1.42,4,0,0,-0.488,6,3,-0.098,4,5,1.056,-0.577,1,5,0,2,0.0,4,7,5,4,3,0.663,0,2,2,0.474,0.0,0
1,6,5,3,0,0,0.274,2,2,5,-2.627,3,7,26.02,0,3,4,-3.561,-1.385,4,0,4,-5.6,7,4,-1.819,2,5,-1.797,-1.542,3,2,3,0,0.0,3,7,4,6,5,-1.614,1,2,5,-2.324,0.0,0
4,1,4,0,2,0,1.873,5,3,5,0.43,1,4,37.36,6,5,4,-0.728,0.117,1,0,3,3.349,2,1,-1.41,1,0,1.877,-1.731,5,2,5,4,0.0,5,3,2,3,3,0.378,0,4,2,-0.592,0.0,0
4,0,2,0,1,0,-0.169,0,3,3,1.617,4,1,27.73,1,3,1,0.978,1.372,5,0,3,0.169,3,0,1.224,1,4,0.057,-1.388,3,0,2,4,0.0,5,2,2,7,5,-0.164,3,0,3,0.889,0.0,0
2,7,2,0,2,0,-4.176,1,0,5,0.991,2,5,22.57,1,3,1,-0.865,-1.408,4,0,3,1.139,1,3,-3.336,0,3,0.743,-1.547,3,4,2,4,0.0,0,4,2,5,3,-0.731,5,3,0,-0.809,0.0,0
5,5,1,3,3,0,-0.328,4,5,1,1.78,2,3,36.9,6,0,5,-0.424,-0.577,3,1,2,0.392,4,4,1.427,1,3,2.486,-1.13,4,2,1,1,0.0,5,6,4,0,5,1.166,7,5,3,0.926,69.82,1
0,2,5,3,0,0,2.426,5,1,5,2.643,4,1,27.78,1,0,4,1.732,1.265,2,1,5,6.186,5,3,4.064,5,0,0.365,1.419,0,2,1,7,0.0,5,3,2,1,1,2.393,6,5,0,1.475,103.91,1
1,5,1,5,3,0,-1.754,5,0,0,-0.264,2,3,26.76,3,1,2,0.281,-0.172,4,0,2,1.568,3,3,-1.859,3,5,-1.98,0.456,4,0,2,7,0.0,0,1,5,4,6,-1.17,2,5,1,-1.068,0.0,0
1,2,2,4,1,0,1.799,1,2,3,-0.691,3,3,31.01,6,3,3,-0.113,-1.005,5,0,5,0.598,6,0,0.739,2,3,0.451,-0.683,2,3,2,3,0.0,5,7,1,6,6,-0.013,6,2,4,0.044,0.0,0
2,6,1,2,0,0,-2.975,2,1,5,-0.504,1,4,25.83,1,3,3,-1.612,0.635,0,0,3,0.745,0,3,-4.046,6,3,-1.762,-2.178,4,3,5,5,0.0,4,6,0,4,6,-0.366,4,1,3,-0.63,0.0,0
3,4,4,1,3,0,1.102,3,0,0,3.082,2,4,28.75,5,7,4,1.284,-0.153,3,0,3,-2.106,2,5,-0.457,6,4,0.611,1.119,5,0,3,2,0.0,3,3,1,4,7,0.597,3,5,4,0.319,0.0,0
1,1,1,4,5,1,-1.424,0,1,3,3.32,0,5,37.4,2,6,0,1.938,0.695,5,1,1,0.871,1,0,1.327,7,0,1.944,2.073,1,3,1,7,0.0,3,4,5,4,6,0.821,1,3,0,1.244,234.73,1
2,4,2,4,0,1,0.465,0,2,2,-0.126,3,1,37.64,7,2,0,0.289,-0.775,1,1,4,1.533,0,0,1.668,6,3,0.751,2.832,0,5,1,0,0.0,0,7,3,4,1,0.632,4,0,3,1.588,0.0,1
1,0,2,1,4,0,-0.925,1,4,0,-3.261,3,6,39.37,2,2,3,-0.717,-1.553,0,0,0,0.248,6,3,-2.532,1,3,-2.294,-4.432,3,0,0,7,0.0,0,3,0,2,4,-2.075,4,3,2,-2.415,0.0,0
2,5,2,2,1,0,-0.457,2,3,1,1.798,3,1,29.16,6,6,0,-0.281,0.443,4,0,2,2.704,6,1,-0.741,5,5,-0.039,1.407,2,3,1,5,0.0,2,6,0,6,2,0.052,6,2,2,0.969,0.0,0
1,3,2,0,4,0,1.097,1,3,0,-2.28,4,5,28.3,0,7,0,-0.62,-0.162,1,0,3,0.303,1,0,0.12,4,1,0.136,0.687,0,4,4,3,0.0,3,4,3,2,6,-0.377,1,2,5,0.065,0.0,0
1,0,4,2,5,0,-1.093,1,2,4,-0.788,1,6,29.2,3,6,3,-0.648,1.521,3,0,3,2.088,6,0,-5.041,1,0,-3.461,-1.83,1,0,0,7,0.0,2,5,3,0,6,-0.274,1,3,0,-0.846,0.0,0
4,3,4,3,2,0,1.422,4,2,5,-1.033,3,7,29.55,3,0,2,-0.435,-0.035,1,0,0,-0.328,5,3,-2.112,6,1,0.953,0.089,0,3,1,0,0.0,2,1,1,3,4,0.246,7,3,5,-0.558,0.0,0
0,1,5,3,4,1,3.723,5,2,4,5.844,3,4,45.79,1,1,3,3.305,-2.741,2,1,4,5.656,3,2,3.569,5,1,6.327,2.839,2,1,5,5,0.0,5,7,5,2,3,4.517,4,3,2,3.282,0.0,1
1,1,5,4,0,0,-0.598,1,2,0,-0.663,4,0,27.11,2,1,0,0.515,-1.842,4,0,0,-1.476,1,5,2.015,0,1,-0.939,-1.371,4,5,0,2,0.0,2,0,5,3,5,-1.36,7,0,1,-1.001,0.0,0
4,7,5,7,4,1,1.829,1,2,2,0.055,3,6,46.84,4,4,5,0.076,-0.605,1,1,0,0.476,0,0,0.772,1,0,2.447,3.866,4,5,0,3,0.0,3,3,3,7,2,1.514,1,4,4,2.549,98.16,1
2,6,5,1,0,0,-0.815,2,5,3,3.67,4,1,27.5,6,0,3,0.281,1.013,1,0,5,-4.049,2,0,1.239,6,4,-0.059,-1.029,0,4,0,7,0.0,1,5,0,7,7,0.969,6,5,0,0.672,0.0,0
5,3,2,1,4,0,-0.909,4,0,2,-0.411,3,5,27.63,2,3,5,-0.608,0.959,1,0,5,-1.331,2,1,-3.354,3,1,-1.508,-1.169,3,5,4,4,0.0,2,5,1,2,1,-0.757,2,2,2,-1.1,0.0,0
1,3,2,1,5,0,0.389,2,3,5,0.403,1,7,28.59,1,6,4,-2.562,0.785,4,0,5,-0.713,0,4,1.004,6,4,-0.395,0.245,4,0,3,2,0.0,4,3,4,5,6,-0.414,0,2,3,0.25,0.0,0
0,2,3,1,3,0,0.107,1,2,4,-0.27,0,7,33.8,1,0,0,1.706,1.165,1,1,3,0.434,3,5,2.202,0,4,-0.886,-0.081,4,3,2,7,0.0,3,3,1,6,7,0.754,6,5,5,1.454,38.16,1
4,5,3,5,3,0,-1.153,0,1,4,3.144,3,2,29.73,0,2,5,3.144,1.277,1,0,1,-0.71,3,5,2.371,7,0,0.527,1.28,5,4,4,7,0.0,3,0,1,5,2,0.138,6,3,5,0.282,0.0,0
4,6,0,7,4,0,-0.534,2,0,2,4.567,2,4,23.01,4,3,2,1.11,2.079,2,0,4,-0.646,6,3,1.384,0,2,1.449,0.585,4,2,2,0,0.0,4,4,2,1,5,-0.159,7,0,2,-0.025,0.0,0
0,7,4,2,1,0,1.864,2,2,0,1.205,2,5,14.09,4,5,3,0.306,0.2,2,0,4,-0.833,4,1,2.142,6,0,1.507,-0.881,4,1,0,1,0.0,4,6,5,5,4,-0.319,4,0,0,-0.697,0.0,0
2,3,0,4,0,0,2.405,0,5,5,2.436,4,6,30.29,1,0,1,-0.277,-0.721,2,0,1,2.32,4,4,1.32,6,0,0.264,2.002,5,3,1,4,0.0,0,4,1,7,7,0.366,7,4,0,0.571,0.0,0
5,0,5,2,0,0,0.58,1,3,1,1.872,4,5,20.17,4,4,2,2.722,1.079,5,0,2,-1.013,0,0,0.346,4,4,-0.725,0.164,5,0,0,4,0.0,5,7,1,0,1,0.836,5,3,3,0.505,0.0,0
5,1,0,0,3,0,-2.129,5,0,2,0.313,3,2,29.14,4,6,0,1.122,0.246,2,0,4,-0.567,7,0,-1.904,7,5,-0.548,0.812,3,3,1,2,0.0,3,7,0,2,4,-0.398,6,0,3,-0.642,0.0,0
0,6,2,7,4,0,1.434,2,1,1,-0.728,4,4,27.91,1,3,4,-2.144,0.179,3,0,3,1.799,0,0,1.126,3,3,-0.526,-0.098,5,1,5,2,0.0,1,2,0,6,5,-0.078,3,4,3,-0.562,0.0,0
0,2,4,1,0,1,2.048,2,4,3,1.21,2,3,38.74,3,5,3,2.333,1.372,4,1,4,3.196,7,3,2.76,6,4,2.808,1.023,3,4,5,5,0.0,1,7,0,1,6,2.069,3,1,0,1.714,139.76,1
3,7,4,5,5,0,2.012,5,0,3,-0.992,2,7,25.6,6,0,0,3.299,0.419,2,0,5,3.233,6,4,-2.112,2,4,3.295,0.28,3,0,4,1,0.0,4,2,0,7,1,0.832,7,4,5,0.799,0.0,0
3,4,3,0,1,0,0.873,3,4,3,0.009,2,6,36.25,4,0,1,2.518,-0.572,5,1,1,0.749,4,2,-0.546,3,1,2.458,1.654,5,2,0,4,0.0,2,3,0,2,4,0.805,4,5,1,1.066,114.93,1
3,6,0,4,1,0,-0.511,3,3,3,1.892,3,6,26.68,5,7,2,0.202,-2.523,1,0,3,2.134,4,4,-0.809,0,0,1.066,-1.189,4,3,2,2,0.0,0,3,4,4,0,-0.361,5,4,2,-0.076,0.0,0
4,0,4,4,1,1,0.04,5,4,5,0.144,1,7,36.42,6,1,3,1.397,-0.179,5,1,5,1.607,2,4,-1.531,2,4,3.181,3.993,0,1,3,3,0.0,1,6,2,6,2,1.377,0,4,3,1.23,101.06,1
4,1,2,5,4,0,-0.413,3,1,2,-2.392,2,6,25.58,7,7,1,1.228,-0.868,2,0,1,-1.254,2,5,-1.54,2,2,-1.631,-0.835,3,1,5,3,0.0,4,7,3,0,7,0.232,7,2,5,-0.497,0.0,0
3,1,3,7,0,0,1.439,0,2,0,1.109,5,0,26.32,0,0,5,0.24,-0.516,3,0,0,1.62,6,2,-0.91,6,1,1.59,0.305,4,4,5,0,0.0,2,6,2,4,6,-0.713,7,2,1,-0.099,0.0,0
3,0,4,4,5,0,-0.686,3,2,0,1.338,1,2,18.71,3,1,5,2.305,0.333,0,0,5,-1.852,6,2,1.234,5,5,0.0,-2.466,2,1,3,4,0.0,1,5,3,0,3,-0.196,1,3,1,-0.141,0.0,0
2,0,1,1,2,0,-1.851,4,5,4,1.069,2,3,23.69,3,4,4,1.774,0.251,3,0,0,-0.217,5,4,1.382,5,0,0.523,0.043,5,4,2,7,0.0,0,2,4,1,3,-1.324,4,1,1,-0.699,0.0,0
1,3,5,0,3,0,1.574,0,4,5,-0.494,4,1,38.76,7,0,1,-0.975,-2.18,0,0,4,2.739,5,0,-2.097,6,2,-0.63,3.206,0,5,2,1,0.0,1,7,1,0,5,0.317,0,2,4,0.191,0.0,0
0,1,2,5,3,0,0.354,3,1,5,0.824,2,4,34.32,3,6,3,0.029,-1.565,4,0,1,-0.95,4,4,-0.279,6,3,0.272,0.306,5,5,5,2,0.0,4,0,0,6,2,0.764,5,5,4,0.482,0.0,0
2,3,3,7,5,0,-2.55,2,3,3,-3.751,3,0,24.2,5,4,1,-0.046,-0.414,5,0,4,-0.422,0,5,-2.119,6,1,-3.067,0.632,4,3,1,6,0.0,0,2,0,2,1,-1.759,4,2,4,-2.224,0.0,0
3,7,4,4,5,0,1.338,1,1,3,-0.59,2,1,36.74,2,3,2,0.892,-0.904,5,0,5,2.983,4,2,-1.647,3,3,3.171,-2.103,4,5,3,2,0.0,3,4,3,0,6,0.221,2,1,2,1.224,0.0,0
3,4,2,4,4,0,-1.859,5,4,0,-0.59,4,1,30.7,1,4,1,-2.774,2.059,0,0,4,1.439,3,5,-0.894,5,3,-2.003,-2.883,4,0,4,7,0.0,5,0,2,2,3,-1.154,3,3,0,-1.226,0.0,0
5,7,3,5,1,1,2.952,4,2,0,1.523,4,2,42.05,5,7,2,-0.426,-0.654,4,1,4,1.105,6,1,2.801,2,0,1.613,0.697,3,3,2,6,0.0,5,3,1,3,3,1.847,5,4,0,1.907,89.42,1
0,7,4,0,2,0,0.88,3,1,1,3.044,5,2,32.45,3,1,4,1.308,0.136,3,0,1,0.18,5,3,-0.931,2,4,1.125,4.144,2,2,4,7,0.0,2,7,1,3,7,1.15,5,2,0,0.511,0.0,0
3,5,0,0,1,0,0.093,2,4,2,2.993,5,4,36.09,2,0,1,0.965,-0.742,3,0,3,-0.708,3,5,1.447,1,3,-0.859,1.964,5,4,1,1,0.0,2,1,3,3,3,0.129,2,5,1,-0.072,0.0,0
4,0,4,7,1,0,-3.4,0,0,1,-1.083,3,6,22.76,6,1,5,1.566,0.727,3,0,0,-1.578,7,2,0.391,3,4,0.41,-3.09,1,0,4,1,0.0,0,2,1,0,7,-0.056,1,2,3,-0.637,0.0,0
3,2,1,4,1,0,0.041,4,3,1,2.608,0,6,31.54,7,2,5,0.897,-1.015,5,0,3,-0.387,1,0,-0.801,3,0,0.111,-1.455,0,2,1,1,0.0,1,1,0,3,6,0.314,0,3,5,0.674,0.0,0
0,3,3,1,5,0,-0.203,4,5,1,-0.081,2,4,18.99,4,0,2,3.07,-0.48,2,0,5,-2.722,7,2,-1.456,6,3,0.547,-1.424,5,2,2,5,0.0,2,7,0,3,4,-0.329,0,3,1,-0.227,0.0,0
3,1,3,0,1,0,-0.25,1,3,1,-0.455,5,1,24.25,0,7,1,-0.299,0.314,0,0,5,-0.121,0,1,2.598,6,5,-1.011,0.416,5,1,1,0,0.0,1,0,5,6,2,-0.559,7,0,4,-0.323,0.0,0
4,1,0,7,3,1,0.762,2,3,5,1.0,1,7,46.19,3,6,5,2.267,0.247,1,0,5,1.529,4,1,2.661,2,2,-0.502,2.296,0,1,1,3,0.0,2,3,1,5,0,0.201,3,3,2,0.935,123.95,1
1,3,0,4,3,0,0.248,5,1,3,-1.288,5,1,34.98,5,0,4,2.56,0.3,2,0,5,0.739,3,4,-2.186,3,4,1.032,0.305,0,1,1,4,0.0,1,6,2,2,2,0.756,2,1,0,-0.187,0.0,0
3,3,2,2,1,0,-0.655,0,0,0,0.555,3,5,21.49,4,4,0,2.339,-0.609,5,0,5,-1.131,6,1,3.233,2,5,0.427,-0.192,1,4,1,2,0.0,0,1,2,0,5,0.302,5,1,2,0.254,0.0,0
1,6,3,0,5,0,-0.349,3,0,2,-2.062,5,3,31.08,5,0,1,0.195,-0.163,5,0,1,-0.344,4,1,1.947,4,2,-2.13,-2.871,3,4,0,4,0.0,4,3,1,4,0,0.758,7,2,5,0.501,0.0,0
0,6,1,6,4,0,-1.046,2,0,2,0.423,5,3,47.75,0,4,0,2.314,-1.833,0,1,5,1.076,2,5,1.497,4,5,0.532,1.166,1,2,1,7,0.0,4,1,2,0,1,0.424,2,3,0,0.466,209.89,1
4,4,5,0,2,0,1.873,1,5,1,2.613,5,5,24.27,7,3,2,0.705,-1.026,2,0,2,1.409,1,0,1.639,4,2,0.281,-0.133,0,0,5,3,0.0,4,5,5,3,4,0.105,7,2,1,0.703,0.0,0
1,4,5,3,5,0,-0.964,4,2,4,-2.217,4,6,31.24,0,5,1,0.29,-0.102,2,1,0,3.024,5,3,1.958,1,1,0.315,-0.897,5,5,0,0,0.0,0,4,0,3,5,0.645,0,5,1,0.1,100.75,1
5,1,1,6,2,0,1.492,1,5,5,-0.518,0,2,31.24,2,4,0,-0.402,-0.153,2,0,2,-5.446,7,0,0.179,0,3,0.147,-1.645,2,5,1,2,0.0,2,4,5,0,2,-0.145,3,5,3,0.168,0.0,0
4,7,4,7,1,0,-2.479,2,3,3,-0.975,3,2,31.15,6,6,1,-3.551,-0.258,1,0,5,-2.114,3,4,-3.74,7,5,-2.822,-1.519,5,5,4,5,0.0,0,0,5,0,5,-2.424,5,2,3,-2.411,0.0,0
4,1,3,7,5,0,-0.4,4,3,1,1.139,0,3,28.35,0,1,4,0.191,-1.374,4,0,1,0.576,6,0,-0.153,5,3,-1.24,-0.711,4,5,4,1,0.0,2,7,3,0,2,0.936,5,4,0,0.501,0.0,0
5,3,4,4,1,0,3.899,3,5,2,-0.423,3,6,27.2,5,3,3,2.592,-1.92,2,0,5,4.094,5,0,0.337,6,4,0.338,-1.898,0,0,3,2,0.0,2,6,1,1,6,0.756,7,2,4,0.934,0.0,0
4,2,3,4,5,0,-0.979,1,3,3,-1.902,2,6,21.32,0,6,0,-0.032,0.782,1,0,2,-0.245,0,4,1.272,2,0,0.491,1.077,1,4,1,5,0.0,4,7,0,3,1,-1.626,7,2,4,-0.789,0.0,0
0,7,3,0,2,0,0.316,5,3,1,2.305,5,0,37.43,7,2,5,-1.607,0.852,4,1,2,3.167,3,1,1.878,2,4,-0.308,2.931,0,3,2,7,0.0,5,4,1,3,0,1.616,4,4,1,1.614,225.58,1
2,1,0,7,0,0,-1.917,3,0,1,-1.916,4,3,24.31,2,5,5,-1.203,0.616,4,0,5,0.317,7,0,-0.24,7,2,0.536,0.886,0,4,0,5,0.0,3,6,1,0,0,-0.147,0,5,5,-0.261,0.0,0
1,7,0,4,3,0,0.383,3,1,2,1.682,4,1,30.53,4,0,5,-2.118,-0.215,4,0,3,-0.827,3,1,0.368,0,3,-1.681,-1.137,2,3,5,6,0.0,2,4,0,3,7,0.794,3,4,0,0.206,0.0,0
0,4,1,1,2,0,-2.216,3,5,1,-0.472,4,5,16.43,1,2,0,-2.217,0.145,4,0,0,1.003,7,2,-1.052,3,1,2.14,-0.78,0,4,0,0,0.0,4,7,5,4,3,0.127,0,5,1,-0.135,0.0,0
3,3,0,0,5,1,-0.856,1,4,1,1.729,2,0,43.96,4,6,4,4.769,-0.064,2,1,3,3.717,0,5,0.079,5,2,1.474,3.851,5,3,1,2,0.0,1,0,2,3,3,2.268,0,1,4,2.025,29.0,1
5,7,5,5,0,0,-0.124,5,4,1,2.078,5,5,25.31,6,1,2,0.517,-0.153,2,0,5,1.068,1,3,-0.163,6,4,-2.043,-1.273,4,5,1,0,0.0,4,0,3,0,4,0.42,4,0,0,-0.487,0.0,0
4,0,2,5,4,0,-0.324,5,0,3,2.416,2,6,34.37,4,0,2,0.371,1.585,2,1,5,1.864,0,1,0.64,1,4,1.204,0.169,5,0,2,1,0.0,4,5,0,2,5,0.378,3,1,1,0.832,26.36,1
3,0,0,2,4,0,-3.277,2,0,2,-1.401,1,7,34.84,4,5,2,-3.457,-1.316,3,0,4,0.736,3,4,0.211,4,0,-1.22,-1.77,5,2,3,5,0.0,3,0,0,3,6,-0.235,3,4,5,-0.888,0.0,0
5,1,4,2,1,0,1.029,0,1,4,-1.693,2,3,31.46,3,6,4,-1.08,0.109,2,0,0,-1.889,7,3,2.675,1,1,-1.376,0.302,0,4,2,7,0.0,4,1,2,7,0,0.481,0,0,0,-0.127,0.0,0
4,5,5,5,1,1,1.002,3,0,2,0.027,1,2,33.32,6,2,5,-0.464,-2.596,3,1,5,0.227,1,4,-0.503,0,4,-0.004,1.406,3,3,2,4,0.0,1,2,0,5,3,1.059,7,1,0,1.315,0.0,1
5,1,0,7,0,0,0.389,3,1,3,-2.422,0,7,29.78,2,6,3,-0.295,0.814,4,0,4,-0.639,1,4,-2.838,1,2,0.799,-1.039,2,4,1,2,0.0,3,2,5,7,2,0.077,0,1,1,-0.133,0.0,0
4,0,2,0,0,0,-1.905,0,3,3,1.889,5,2,38.52,6,1,5,-0.598,-0.232,2,0,4,0.127,3,5,-1.019,2,1,0.638,2.394,5,5,3,6,0.0,0,2,4,4,4,0.537,4,3,0,-0.378,0.0,0
4,3,1,2,1,0,1.09,2,5,2,-0.52,0,6,25.17,6,2,1,-1.623,-0.312,1,0,5,0.527,4,1,-1.116,5,2,0.863,-1.567,2,1,3,6,0.0,3,1,1,5,0,0.236,2,4,2,0.77,0.0,0
0,0,0,0,2,0,0.418,4,0,2,-1.679,5,4,28.01,7,7,2,1.186,-0.128,2,0,5,-0.984,2,3,2.448,5,3,-0.074,0.398,2,0,3,6,0.0,3,3,5,2,3,-0.687,5,5,2,-0.681,0.0,0
2,4,3,5,1,0,-0.552,4,4,4,5.029,0,1,20.15,3,0,4,-1.098,-1.484,3,0,2,-0.587,5,5,2.501,5,3,2.506,0.774,5,4,5,6,0.0,0,5,5,0,5,1.361,7,1,0,0.47,0.0,0
1,1,2,7,1,1,2.289,3,1,0,1.409,2,1,28.05,5,2,4,2.12,0.892,2,1,5,1.63,6,1,2.817,5,5,4.006,3.976,5,1,3,3,0.0,2,2,1,2,0,1.618,1,1,4,1.383,235.68,1
1,4,1,3,3,0,3.452,3,1,4,3.023,4,3,27.25,0,6,0,1.03,-0.048,5,1,0,-0.58,3,5,-1.746,3,4,-0.788,-1.319,2,4,5,0,0.0,4,4,1,1,4,0.214,5,2,5,0.655,0.0,1
4,2,5,6,0,0,-1.229,5,5,3,0.702,0,4,31.18,0,3,2,-0.886,-0.728,1,0,5,2.016,2,2,2.55,6,3,-0.669,2.549,4,2,5,3,0.0,3,2,1,6,4,-0.234,1,4,5,-0.341,0.0,0
5,1,5,6,5,0,0.351,1,1,2,-3.693,5,6,33.63,6,1,0,-1.365,-0.912,2,0,4,1.287,6,5,-2.905,2,5,-0.043,-0.657,0,1,2,5,0.0,3,2,5,7,0,-0.458,2,5,1,-0.902,0.0,0
0,6,3,0,4,0,0.501,1,4,5,-0.657,0,5,34.95,3,6,0,1.171,0.454,4,1,3,2.632,6,5,-0.536,5,5,3.81,-1.411,1,3,2,4,0.0,2,7,4,7,5,1.247,3,5,3,0.792,0.0,1
0,2,1,1,0,0,3.536,1,2,0,2.56,5,1,42.18,4,5,1,0.836,-0.389,2,1,5,2.652,3,5,-1.19,7,1,3.7,4.448,4,1,2,6,0.0,5,0,1,5,3,1.281,6,1,5,1.174,0.0,1
2,5,3,4,0,0,1.819,1,4,4,-0.402,5,2,22.64,7,0,1,-2.154,-1.685,1,0,5,-0.073,3,2,-1.84,0,1,0.137,-3.987,5,1,1,4,0.0,4,0,2,6,5,-1.651,3,0,2,-1.362,0.0,0
3,7,5,1,3,0,-0.358,5,2,3,-0.605,5,1,23.53,7,1,1,-0.468,-0.476,1,0,0,-4.553,6,3,-3.089,3,0,0.463,-0.608,5,1,5,6,0.0,2,1,1,4,0,-0.854,3,1,2,-0.202,0.0,0
1,0,3,6,2,0,0.123,2,5,0,-3.926,4,5,29.5,3,2,4,0.613,-1.156,4,0,4,0.485,2,5,-1.247,1,4,1.476,-0.988,3,4,1,6,0.0,4,2,2,6,6,0.542,4,0,2,0.041,0.0,0
1,0,4,7,1,0,-1.708,4,1,2,-0.459,5,2,29.66,2,0,4,0.451,0.133,1,0,5,1.301,7,0,-2.514,5,2,-2.522,0.104,5,2,4,3,0.0,4,4,1,7,5,-2.169,0,4,5,-1.647,0.0,0
0,2,0,7,3,0,3.301,3,1,5,0.942,4,0,30.05,6,5,4,1.609,1.11,4,0,0,0.83,7,4,-0.454,4,5,-1.03,1.455,5,4,5,3,0.0,5,7,1,7,5,-0.209,1,4,1,0.516,0.0,0
0,5,3,2,3,0,-1.19,5,5,2,0.18,5,4,33.62,5,6,5,0.332,0.482,4,0,0,-0.002,3,2,-0.375,0,3,2.371,0.129,4,0,5,4,0.0,2,0,3,2,7,1.34,2,1,2,0.782,0.0,0
1,3,1,5,5,0,-0.868,2,0,2,-0.835,3,4,20.44,1,7,4,-2.314,1.344,0,0,5,0.957,5,4,4.409,5,5,0.234,-0.825,4,0,0,2,0.0,4,2,0,7,0,0.92,7,5,0,0.428,0.0,0
2,3,1,4,0,0,-0.56,5,4,4,-4.465,2,1,29.68,1,6,1,-1.134,0.011,3,0,4,0.577,4,2,-2.061,4,5,-1.172,0.369,4,4,3,0,0.0,3,1,3,7,0,-1.254,0,1,1,-1.235,0.0,0
0,5,2,5,3,0,-0.177,4,1,5,-0.262,2,3,28.86,5,1,2,0.107,-0.2,4,0,3,-4.152,3,0,0.36,4,1,1.081,2.411,5,4,1,2,0.0,2,7,1,7,2,0.118,4,0,5,0.012,0.0,0
3,5,3,4,5,0,1.579,1,4,0,-4.369,3,0,31.58,1,2,1,1.093,0.088,5,0,3,-1.035,1,4,0.333,1,0,-0.183,0.626,2,1,2,1,0.0,2,0,4,4,6,-0.77,7,5,2,-0.239,0.0,0
1,6,2,6,4,0,-0.577,2,2,3,-0.501,2,6,31.55,0,3,4,-1.861,-1.059,0,0,3,-1.526,6,0,-2.612,5,3,-0.546,-0.105,5,0,1,2,0.0,0,4,5,5,4,-2.363,4,1,0,-1.312,0.0,0
4,5,4,4,5,0,2.143,3,5,3,1.657,5,7,33.66,2,4,2,1.241,-1.123,0,1,0,1.446,4,5,0.321,1,3,-1.606,1.705,0,2,5,6,0.0,1,4,1,4,3,1.277,2,1,4,1.276,217.74,1
4,5,4,7,4,0,1.384,2,3,1,-0.511,1,1,17.93,7,7,1,0.745,1.926,2,0,2,2.714,6,5,1.096,0,0,-1.052,-0.422,2,4,5,3,0.0,2,4,0,6,6,0.689,0,2,1,0.249,0.0,0
2,7,2,7,2,0,1.259,2,1,5,2.605,2,2,37.01,7,6,5,0.566,-1.691,2,1,3,0.768,0,2,1.473,0,5,-0.369,1.442,4,5,4,7,0.0,0,3,4,0,1,0.287,7,4,4,0.427,71.97,1
1,2,4,2,5,0,-0.616,1,1,2,-1.863,5,1,39.39,1,2,4,-0.112,1.275,3,0,0,0.358,1,4,-0.582,6,3,2.744,1.582,3,1,0,2,0.0,5,5,0,0,0,0.929,1,2,3,0.452,0.0,0
4,7,1,1,5,1,2.659,2,0,3,0.289,1,0,33.05,5,6,0,2.7,1.263,0,1,3,-0.387,3,4,0.331,1,2,1.953,2.287,1,3,2,6,0.0,1,7,2,0,6,1.414,1,1,3,1.062,139.36,1
1,5,1,7,1,0,1.847,1,2,1,2.262,2,7,32.18,5,7,4,0.727,2.39,4,1,2,3.711,3,2,1.299,0,4,3.694,4.319,0,3,4,2,0.0,0,1,0,2,5,2.481,0,0,1,1.273,222.88,1
2,4,5,6,2,0,-4.797,5,2,2,-0.644,0,5,25.98,4,4,4,2.417,-0.829,5,0,4,-2.076,6,5,2.044,7,0,-0.885,-2.056,3,4,2,4,0.0,0,2,5,5,6,-0.006,5,0,1,0.313,0.0,0
2,6,1,5,4,0,0.035,1,4,4,-6.584,1,5,25.62,3,5,5,-3.176,1.16,3,0,2,-4.031,4,3,-3.926,2,2,-1.083,0.741,5,3,2,0,0.0,1,2,0,7,7,-2.192,5,1,1,-1.861,0.0,0
4,4,3,5,3,0,-3.095,0,5,3,-4.34,5,5,39.96,5,3,4,-1.995,-0.834,1,0,4,-3.535,5,1,-0.525,5,1,0.346,-1.736,3,5,5,0,0.0,1,1,3,1,3,-1.834,4,5,0,-1.551,0.0,0
0,2,4,0,1,0,-2.472,1,3,1,0.245,3,6,26.06,1,2,5,-1.825,1.732,1,0,5,-2.609,0,2,-1.023,3,2,0.214,-1.017,0,1,4,5,0.0,4,7,4,3,5,-1.247,6,1,3,-2.015,0.0,0
4,1,2,4,2,0,-2.272,1,5,1,-0.784,2,1,35.83,5,6,0,-2.585,0.034,4,0,4,1.033,1,0,-1.06,0,1,1.535,0.061,3,0,5,0,0.0,4,6,3,4,4,-2.034,5,5,2,-1.429,0.0,0
3,0,4,3,3,0,-1.972,3,5,3,0.485,5,0,37.08,1,4,5,0.912,0.3,2,1,4,0.082,6,4,-0.351,0,5,2.268,-0.107,4,4,2,7,0.0,4,5,4,3,4,0.708,3,5,3,1.037,196.77,1
4,5,4,4,4,0,-1.024,4,2,4,1.422,2,1,19.49,2,1,5,-0.632,-0.388,2,0,5,-0.52,0,1,-1.687,0,1,0.078,0.222,3,0,1,7,0.0,3,0,1,2,1,-0.411,2,0,3,-0.556,0.0,0
0,6,0,2,2,0,1.02,5,1,3,1.446,0,4,32.35,3,0,5,0.352,0.35,0,0,5,1.552,1,1,1.176,2,5,-0.32,0.57,1,1,4,0,0.0,3,0,2,0,1,-0.254,6,0,4,-0.376,0.0,0
5,5,3,0,2,0,-2.849,2,4,3,0.649,0,0,27.97,2,2,3,-3.438,-2.362,3,0,0,-0.015,2,2,0.641,0,4,-0.263,0.303,3,2,1,6,0.0,2,0,4,1,2,-0.081,5,4,0,-0.084,0.0,0
4,2,2,7,2,1,2.032,5,4,1,1.19,1,5,45.36,3,7,3,0.693,0.112,2,1,1,0.399,2,4,4.255,5,4,3.371,2.509,1,4,3,7,0.0,2,2,0,3,5,1.199,7,5,4,1.675,196.11,1
0,5,4,5,0,1,4.703,5,3,2,0.976,5,0,38.07,6,5,2,1.571,0.232,3,1,4,4.58,4,4,0.144,7,4,0.521,-0.257,4,4,4,0,0.0,5,5,0,6,7,1.105,1,1,1,0.981,93.75,1
2,1,3,5,3,0,2.566,0,1,1,0.692,3,1,30.25,0,3,0,1.003,2.461,3,0,2,2.058,1,3,-1.233,1,1,-2.775,-3.124,0,3,1,1,0.0,1,6,1,1,1,0.114,0,3,2,-0.017,0.0,0
3,6,0,4,0,0,2.85,3,2,4,-0.189,4,2,36.77,6,2,1,-0.382,0.562,5,0,0,-3.966,7,4,-1.932,6,5,2.049,0.799,1,2,0,1,0.0,5,3,1,2,2,-0.157,5,2,1,-0.153,0.0,0
1,6,0,4,5,0,-2.53,4,5,5,-1.452,4,5,25.88,4,7,5,-3.444,0.346,5,0,2,-2.247,2,2,-2.3,2,4,0.878,-0.207,1,4,4,1,0.0,5,4,4,6,1,0.186,7,0,2,-0.694,0.0,0
2,6,5,6,5,1,-0.786,3,2,4,1.089,5,2,31.2,3,0,2,1.27,-0.251,2,1,2,-1.065,7,5,2.592,7,5,1.248,1.412,1,4,2,6,0.0,2,0,4,7,0,1.861,2,4,1,1.355,49.06,1
5,4,1,2,3,0,0.943,3,3,0,1.769,4,4,22.69,2,6,2,1.347,0.136,0,1,2,-0.355,4,3,2.329,2,4,1.152,0.292,3,5,4,1,0.0,2,2,5,5,1,1.734,3,4,1,1.314,39.35,1
0,5,4,2,2,0,-0.827,2,5,2,-0.787,0,3,23.06,3,5,4,-1.905,1.794,5,0,4,-4.86,0,5,-3.823,6,1,-3.369,-0.725,1,5,2,3,0.0,4,2,0,1,0,-1.671,2,5,3,-2.482,0.0,0
2,4,3,7,4,0,-2.348,3,0,2,-2.367,4,5,33.11,7,1,4,-3.279,0.044,2,0,3,-3.333,6,4,1.104,0,1,-1.485,-4.651,5,4,2,7,0.0,5,7,1,1,3,-2.245,5,0,2,-2.028,0.0,0
5,6,1,0,0,1,0.77,5,3,1,1.271,4,6,38.44,0,3,5,0.83,0.182,3,0,4,-2.277,1,5,2.566,1,3,-0.494,3.453,3,4,4,7,0.0,2,7,5,6,5,0.888,1,5,0,1.083,187.3,1
5,3,4,6,3,0,-0.783,0,1,3,-2.705,4,1,23.5,4,0,1,-4.122,0.352,3,0,0,-0.145,3,0,-3.081,4,4,1.584,-2.55,3,5,4,6,0.0,0,2,3,1,0,-1.182,0,0,1,-1.608,0.0,0
0,5,1,5,3,0,-0.509,4,0,4,-0.471,1,4,37.38,4,2,3,-1.088,-0.683,2,0,1,-2.994,2,1,1.146,7,3,-0.151,2.072,1,0,4,1,0.0,0,6,1,2,4,-0.102,7,5,2,-0.848,0.0,0
3,4,5,6,3,0,2.192,5,1,1,0.539,3,6,40.95,6,1,5,0.332,-0.553,3,0,0,2.559,1,0,-1.795,6,3,0.093,1.334,2,3,3,6,0.0,4,3,5,3,1,-0.85,1,3,1,0.47,0.0,0
5,4,5,0,2,0,0.126,3,0,3,-0.097,3,3,31.43,6,2,3,-0.887,2.749,2,0,3,0.512,6,0,-1.937,3,5,1.399,1.811,0,0,2,3,0.0,5,3,0,3,6,-0.494,3,2,1,-0.2,0.0,0
2,3,4,0,1,0,2.123,3,5,4,0.298,2,7,27.81,4,7,0,1.145,-1.411,1,0,4,-0.183,3,3,-1.565,4,2,0.562,1.109,3,0,3,2,0.0,5,3,0,4,1,0.299,6,2,0,0.799,0.0,0
3,6,4,4,0,0,0.311,0,1,3,0.357,2,5,24.22,1,6,1,-1.267,1.064,5,0,3,0.08,0,2,-3.138,3,5,-0.914,-0.614,1,4,4,1,0.0,1,0,2,7,3,-0.702,2,2,4,-1.36,0.0,0
5,5,4,2,1,1,0.67,0,0,4,0.277,2,4,41.19,2,7,4,3.337,0.068,2,1,5,-0.97,2,2,1.333,7,5,0.917,0.492,3,0,4,5,0.0,0,0,2,5,4,2.33,1,3,2,1.491,64.31,1
0,0,2,1,4,0,1.86,2,4,2,1.974,3,2,21.75,7,7,3,0.404,-0.4,1,0,1,0.196,6,0,-1.206,3,2,1.641,1.126,2,5,3,0,0.0,3,2,0,2,1,-0.117,2,0,1,1.233,0.0,0
2,6,3,5,5,0,-1.103,1,5,1,-3.139,3,1,28.74,4,2,2,-0.773,1.014,1,0,0,-1.074,4,3,-2.753,3,3,0.79,0.109,2,1,5,6,0.0,5,6,3,1,1,-0.747,2,3,2,-1.45,0.0,0
4,0,0,1,4,0,-0.455,3,0,2,0.888,5,6,23.26,7,1,5,-1.317,0.672,3,0,0,3.702,2,2,0.921,4,5,-0.801,0.433,3,4,2,5,0.0,3,5,4,4,2,-0.49,7,0,1,-0.416,0.0,0
3,0,3,1,0,0,-0.02,2,0,2,-0.265,2,2,30.3,6,5,2,1.582,0.703,5,0,3,-2.033,0,5,2.475,6,2,0.794,1.362,5,5,5,2,0.0,2,5,2,7,5,1.179,3,1,5,0.279,0.0,0
5,2,2,5,5,0,-5.711,0,1,2,-2.399,0,3,15.45,4,4,5,-3.175,0.346,4,0,4,-3.477,2,5,-2.583,5,5,-1.018,-2.74,0,3,5,5,0.0,5,6,1,4,3,-3.027,7,1,5,-2.817,0.0,0
2,1,1,0,4,0,0.328,3,5,3,1.616,5,3,25.02,6,7,4,-1.061,-1.249,0,0,4,0.079,0,5,1.312,5,2,-3.061,0.779,1,4,1,4,0.0,1,3,1,3,1,0.346,7,2,5,0.131,0.0,0
0,5,5,1,2,0,-1.976,3,4,5,-2.072,5,2,26.29,2,7,5,0.143,-0.407,5,0,4,-1.581,7,3,0.139,1,3,0.264,2.187,1,0,3,6,0.0,1,5,4,6,7,-2.005,1,5,5,-1.645,0.0,0
2,5,4,5,3,1,3.796,4,5,2,1.97,1,3,36.17,6,0,0,2.821,-0.507,3,1,3,4.651,0,0,1.902,6,2,4.039,0.428,1,5,0,6,0.0,4,4,2,3,3,2.985,7,3,3,2.759,91.75,1
0,3,5,2,5,0,-0.879,1,3,1,-1.136,3,7,33.61,7,4,4,-1.293,-0.477,2,0,4,1.174,1,5,0.592,3,5,2.932,-0.759,3,0,2,6,0.0,0,6,5,0,3,0.125,6,0,4,0.427,0.0,0
3,1,0,7,5,0,2.234,3,0,2,-2.49,0,3,27.51,0,2,2,1.225,0.01,4,0,1,-1.064,3,5,-2.504,4,3,2.918,-0.391,0,3,1,7,0.0,1,2,3,4,4,-0.151,3,2,2,-0.093,0.0,0
5,7,4,5,0,0,0.486,0,1,3,-0.568,0,3,31.22,5,4,4,0.091,0.306,4,0,4,-2.391,6,1,1.54,7,3,-1.206,0.059,1,0,0,7,0.0,2,5,5,0,1,-0.133,4,2,5,-0.059,0.0,0
2,5,2,6,0,0,-1.462,1,2,3,-2.082,5,0,33.55,5,1,4,-3.535,1.003,5,0,1,-0.906,1,3,-0.201,4,5,-4.784,-2.697,1,1,4,7,0.0,3,3,2,5,3,-1.055,1,1,3,-1.123,0.0,0
0,5,2,2,5,0,-0.022,2,4,0,-1.932,1,5,26.66,0,2,5,1.38,0.593,5,0,1,-2.393,5,1,2.07,0,4,-0.225,1.299,0,1,0,7,0.0,5,6,2,6,3,0.04,3,0,2,0.528,0.0,0
5,0,1,6,3,0,1.32,1,0,2,1.455,2,3,35.0,7,6,5,-1.836,-0.091,3,0,4,-2.468,3,1,-2.841,1,0,0.153,1.798,3,3,1,0,0.0,3,7,5,6,6,0.619,0,1,0,-0.299,0.0,0
3,4,2,6,0,0,0.445,3,0,5,-0.265,2,0,41.81,3,4,5,0.068,1.77,4,0,5,1.55,1,0,0.152,3,3,-1.835,1.498,1,4,3,1,0.0,4,7,0,1,2,0.328,1,5,3,0.065,0.0,0
5,0,1,3,4,0,-0.862,1,3,0,-3.565,3,7,29.16,2,4,2,-6.544,0.54,3,0,3,-5.285,3,1,-1.93,4,2,-0.762,-1.317,2,2,2,0,0.0,5,1,1,6,6,-1.676,5,3,0,-1.428,0.0,0
4,2,2,2,3,0,0.406,5,2,2,-1.294,4,7,19.43,1,5,4,-2.082,0.223,4,0,5,1.501,0,5,-2.888,1,3,-0.471,-0.578,5,3,0,4,0.0,2,4,1,2,1,-1.112,7,3,3,-0.339,0.0,0
5,5,0,2,1,0,-1.071,1,1,1,-2.978,1,0,26.37,4,6,5,1.085,-2.398,1,0,5,4.192,5,1,1.939,3,1,1.963,1.554,3,0,5,6,0.0,2,0,3,7,3,0.118,2,0,5,-0.114,0.0,0
2,6,5,7,2,0,-2.051,1,2,2,1.146,5,0,34.73,2,7,4,-0.256,0.64,3,0,5,-2.38,0,3,1.262,4,2,-0.324,-1.093,0,4,0,3,0.0,1,7,1,0,0,-0.877,1,0,5,-0.719,0.0,0
0,7,2,3,3,0,1.134,5,5,2,0.273,2,0,38.39,2,2,1,2.093,1.043,1,0,4,-0.412,3,5,-2.404,7,3,2.237,-0.781,0,1,2,2,0.0,2,4,1,6,6,0.328,6,4,3,0.264,0.0,0
3,2,2,5,0,0,0.989,1,5,2,-2.721,3,5,27.01,7,6,4,-1.626,-0.249,0,0,1,0.347,4,2,0.78,2,3,-0.301,-0.537,3,2,1,3,0.0,4,2,0,3,2,-1.277,6,5,3,-0.562,0.0,0
2,0,2,4,5,0,-0.421,2,0,4,-3.015,1,2,28.55,4,4,2,-2.762,1.326,0,0,2,2.624,6,5,-3.657,0,4,-1.745,-1.466,4,1,1,4,0.0,4,7,2,7,2,-2.821,7,5,2,-2.158,0.0,0
4,1,5,3,0,1,2.337,5,0,1,3.505,3,1,31.85,6,3,1,2.26,-0.606,2,1,2,-1.523,3,2,1.688,5,0,-1.232,1.789,3,2,5,6,0.0,1,3,5,5,1,1.739,6,0,2,1.291,69.88,1
1,1,3,0,0,0,2.402,5,5,3,3.187,2,4,27.72,5,4,4,1.537,-0.918,3,1,3,3.25,2,0,1.319,1,2,2.815,0.732,2,5,3,6,0.0,3,2,3,1,5,1.995,1,2,3,1.979,0.0,1
1,6,3,7,0,0,0.138,0,0,2,-2.096,4,3,20.16,3,3,3,-2.136,-0.212,3,0,5,2.225,7,0,-0.663,7,3,-0.237,-0.954,3,5,3,5,0.0,5,0,1,3,0,-0.73,4,2,2,-0.229,0.0,0
1,4,0,7,1,0,-0.49,3,0,3,0.004,5,5,27.08,2,4,3,-0.446,0.572,1,0,2,-1.128,7,1,0.605,3,5,-0.157,-0.119,4,4,5,4,0.0,2,1,0,5,6,0.309,1,1,1,0.458,0.0,0
1,2,2,7,3,0,-1.44,2,2,0,-1.256,3,5,27.55,2,4,2,-1.063,-0.081,0,0,0,-0.869,7,0,-2.055,6,3,-2.229,-2.562,2,0,5,2,0.0,5,0,0,5,1,-1.89,2,2,1,-2.191,0.0,0
1,4,1,3,4,1,0.711,3,4,5,1.339,4,6,24.91,7,4,5,1.861,0.152,3,1,0,4.116,7,2,2.106,2,2,1.637,3.243,4,1,5,4,0.0,4,7,0,4,7,2.191,0,0,4,1.762,48.14,1
5,2,3,2,3,0,-0.661,1,1,1,0.762,1,7,44.2,5,5,3,1.924,-1.142,3,1,4,3.339,5,4,0.445,5,3,0.439,1.668,3,0,3,7,0.0,5,4,3,1,5,0.748,3,2,4,1.418,233.44,1
4,1,5,0,2,0,-0.615,4,2,1,0.205,2,2,33.64,7,7,3,2.307,1.273,4,1,0,-1.436,1,2,0.289,3,0,1.924,0.155,5,0,5,3,0.0,5,1,1,3,1,1.496,7,1,2,0.845,0.0,1
1,3,1,5,0,0,1.149,3,1,1,1.833,5,6,48.6,4,3,1,3.752,1.068,4,1,3,-4.578,5,3,2.864,4,4,0.699,2.762,0,4,5,1,0.0,2,5,0,6,1,1.346,4,0,0,1.03,234.44,1
4,3,4,6,0,0,-5.735,3,1,5,-1.378,3,3,23.84,3,6,1,-0.114,-0.376,1,0,2,1.172,0,1,-2.4,5,4,-0.422,-4.117,4,2,3,7,0.0,2,2,2,3,7,-1.469,6,3,1,-1.295,0.0,0
1,0,2,7,5,0,-0.428,1,1,4,0.227,0,5,25.27,4,4,1,1.709,-1.099,5,0,3,-0.12,1,5,-0.826,7,2,0.421,-1.789,4,3,0,3,0.0,3,2,0,2,7,0.086,2,4,2,-0.126,0.0,0
0,2,0,1,1,0,-1.648,0,1,2,0.225,1,5,43.59,3,7,0,0.296,-2.183,3,1,0,1.498,1,3,-0.487,5,5,1.724,-1.319,0,1,2,3,0.0,2,6,2,4,0,0.326,5,0,1,0.789,151.19,1
0,4,0,7,4,0,1.017,0,5,0,1.127,2,2,32.22,4,7,1,0.688,-0.279,2,1,0,3.883,3,3,0.698,7,1,0.13,2.033,1,5,5,1,0.0,5,2,2,5,4,1.102,2,4,5,1.64,94.18,1
4,2,5,7,3,0,-0.988,3,1,0,2.769,1,7,34.66,2,4,4,1.084,1.154,3,1,3,-1.052,7,2,-0.332,5,4,1.13,1.545,1,5,5,3,0.0,5,1,0,3,0,-0.257,0,1,4,0.439,121.31,1
3,2,3,3,0,0,-1.917,1,2,5,0.809,0,0,26.72,1,0,5,-1.055,-0.392,0,0,2,2.552,7,2,-2.021,7,5,-0.505,0.707,5,3,3,7,0.0,5,5,1,6,2,-0.155,4,5,2,-0.2,0.0,0
3,4,5,3,1,0,0.413,4,2,1,-1.291,5,4,42.33,7,2,0,2.114,0.156,2,1,4,-0.954,0,3,1.029,0,4,0.476,4.051,4,0,3,0,0.0,0,5,1,6,7,1.211,6,3,4,0.625,234.96,1
5,3,5,1,2,0,1.31,1,3,4,2.03,4,4,36.89,6,5,1,2.26,1.338,5,1,0,2.224,6,1,0.516,5,3,-1.539,1.998,0,0,4,3,0.0,1,7,3,6,4,0.218,2,4,5,0.74,25.81,1
0,1,4,4,5,0,-2.143,4,2,1,-0.557,5,2,34.22,4,3,1,-3.381,0.547,3,0,4,0.279,2,5,-2.591,5,4,-0.288,-2.252,2,2,0,5,0.0,2,2,2,1,2,-1.059,4,3,5,-2.012,0.0,0
3,0,4,1,4,0,2.16,1,3,0,3.419,0,4,32.29,6,1,0,3.214,-1.275,1,0,0,-1.114,1,0,1.401,4,2,-0.409,0.268,4,4,4,7,0.0,1,5,3,4,2,0.216,6,1,4,0.789,0.0,0
3,1,0,1,2,1,5.943,2,5,1,0.988,4,1,25.19,4,3,3,1.624,1.833,3,1,4,2.846,4,5,4.236,1,3,2.0,3.991,2,3,5,6,0.0,4,4,4,3,7,2.313,3,1,0,2.427,127.81,1
3,2,1,7,1,0,0.192,2,0,0,2.011,5,0,32.63,5,5,1,0.782,-0.68,1,0,5,2.28,2,3,3.562,2,1,-0.116,-0.326,3,1,0,0,0.0,0,1,0,1,5,0.221,0,2,0,0.424,0.0,0
0,4,2,4,0,0,-0.2,4,5,0,0.047,2,7,23.74,3,5,4,0.522,0.228,0,0,5,-0.267,4,1,1.377,0,0,1.094,-2.197,1,4,1,5,0.0,3,7,4,3,5,-0.17,0,5,4,-0.228,0.0,0
4,2,3,7,3,0,-0.08,1,5,0,1.774,4,4,27.57,5,5,0,-0.574,-0.081,0,0,3,0.183,3,4,-0.043,5,4,1.554,3.117,3,2,4,0,0.0,4,1,5,4,7,-0.13,7,0,4,1.076,0.0,0
1,2,0,6,2,0,-0.644,4,0,4,-0.236,3,7,24.2,2,4,5,1.66,-0.54,4,0,0,0.189,3,1,-1.971,3,5,-0.171,1.916,2,2,2,1,0.0,2,2,5,4,6,0.385,1,2,0,0.147,0.0,0
5,7,1,3,4,0,1.737,1,3,0,2.312,2,4,34.86,2,5,1,0.944,0.904,4,1,3,1.724,7,3,1.24,0,0,-1.163,2.382,5,3,3,5,0.0,5,7,3,6,4,1.524,3,3,1,0.925,154.86,1
2,5,3,5,4,0,-0.63,3,0,1,0.398,2,7,38.06,3,3,5,1.225,-0.657,0,0,0,0.992,0,0,-2.065,6,0,-0.106,-1.243,3,4,3,0,0.0,2,5,0,6,2,-0.812,2,1,3,-0.624,0.0,0
0,4,0,2,0,0,0.539,2,1,3,2.037,3,0,37.03,6,3,0,1.324,-0.495,0,1,3,3.503,6,3,3.357,6,0,1.444,-1.638,0,0,3,4,0.0,2,1,0,3,4,0.703,5,1,4,1.32,0.0,1
5,4,4,3,2,0,2.666,0,2,0,-1.495,1,4,42.38,3,4,2,0.039,-0.224,1,1,3,3.652,3,1,-1.846,3,2,-1.969,0.214,5,0,3,1,0.0,2,3,5,3,0,0.08,3,2,1,0.598,110.35,1
0,7,5,1,3,0,0.796,4,2,1,0.65,0,7,26.46,5,6,0,0.725,-1.197,3,0,0,-1.315,2,3,-1.029,7,4,-0.902,0.339,1,0,3,5,0.0,2,1,2,7,1,0.158,3,0,0,-0.028,0.0,0
4,1,4,7,1,0,1.998,5,2,5,3.228,5,0,33.19,6,1,2,1.844,0.522,0,1,5,-0.716,0,2,-3.058,3,1,1.232,1.966,0,1,1,3,0.0,0,3,5,0,2,0.522,5,0,5,1.117,100.97,1
2,2,4,7,3,0,-1.918,4,0,5,-0.575,2,0,30.97,2,5,3,-3.614,1.444,1,0,2,-4.542,7,3,0.922,2,4,-0.429,-1.701,5,4,5,2,0.0,4,6,1,1,5,-0.666,5,4,0,-1.33,0.0,0
2,7,4,0,0,0,0.2,5,4,1,-1.395,4,0,14.03,0,6,2,3.754,0.868,3,0,0,1.823,3,4,1.002,7,5,0.327,0.929,1,2,3,0,0.0,0,2,4,5,0,1.211,0,3,0,0.493,0.0,0
2,3,2,6,1,0,2.065,3,0,3,-0.964,0,3,23.03,7,7,1,-0.785,-1.242,1,0,2,1.011,1,2,0.879,2,5,-1.529,-0.051,5,1,4,3,0.0,0,7,0,5,4,-0.242,1,0,3,-0.088,0.0,0
1,1,0,2,5,0,-0.859,0,3,5,-1.75,4,1,31.6,3,0,4,0.358,1.345,0,0,2,0.996,4,2,-0.17,6,1,-2.447,1.709,3,4,4,6,0.0,3,7,0,5,3,-0.559,5,3,3,0.214,0.0,0
4,0,4,3,3,0,-2.249,2,0,5,-0.348,3,0,32.27,6,4,5,1.875,-2.437,4,0,2,-4.715,4,1,-0.92,2,1,-0.342,4.193,4,4,3,3,0.0,0,4,4,1,3,-0.727,7,3,2,-0.861,0.0,0
5,7,0,1,4,0,0.003,0,2,5,-1.451,2,4,27.86,4,2,2,0.241,0.399,2,0,5,2.797,0,4,-0.843,4,1,0.063,-2.131,1,3,2,4,0.0,2,4,0,2,3,-0.505,1,4,3,-0.851,0.0,0
2,7,3,1,1,0,-0.428,2,3,3,1.607,1,3,42.96,0,0,5,0.256,-1.07,4,0,0,-1.523,1,4,-0.925,1,1,3.191,0.044,3,3,1,3,0.0,4,2,1,4,2,1.627,5,2,3,-0.118,0.0,0
2,1,0,1,3,0,-1.4,1,5,3,-3.325,2,6,34.79,2,4,2,-0.575,-0.082,3,0,0,2.4,7,0,-1.983,2,0,-2.909,0.567,1,2,2,3,0.0,4,4,1,0,4,-1.439,1,5,3,-1.019,0.0,0
4,5,2,6,2,0,-0.866,1,5,1,0.591,3,5,22.17,3,5,4,1.903,-0.552,4,0,0,2.194,0,3,1.044,4,0,-1.606,-2.933,4,5,3,2,0.0,0,5,2,4,0,-0.48,5,4,4,-0.564,0.0,0
5,5,2,3,2,0,-1.388,1,0,4,-0.846,4,1,34.66,7,4,1,0.696,-0.199,3,0,2,-0.207,6,1,1.439,0,3,-1.072,-2.328,4,0,0,7,0.0,3,6,2,1,7,-1.176,3,2,0,-0.18,0.0,0
5,7,0,6,4,0,-1.311,5,2,0,1.61,3,3,26.52,5,2,2,-0.837,-0.249,5,0,2,0.965,2,3,0.749,6,0,0.216,-0.375,2,4,3,4,0.0,3,4,5,2,3,0.956,6,4,1,0.576,0.0,0
4,0,4,3,4,0,3.291,0,5,4,-2.049,3,4,26.72,4,2,1,0.508,-0.219,5,0,1,1.898,6,0,0.421,3,1,2.541,1.789,1,2,1,1,0.0,3,5,3,3,7,-0.223,7,0,3,0.051,0.0,0
1,5,3,0,5,0,0.065,2,2,2,-0.88,1,5,35.05,0,3,5,0.9,0.277,2,1,5,-0.536,4,2,-1.372,5,3,1.83,1.458,0,3,3,5,0.0,2,3,5,3,1,0.999,2,3,0,1.002,0.0,1
2,3,4,7,4,0,-2.646,2,2,1,-2.575,5,5,27.92,5,5,2,1.161,0.782,0,0,5,-0.439,7,0,-1.513,1,5,-1.193,-1.627,1,0,3,0,0.0,1,4,0,3,7,-2.045,2,5,2,-1.795,0.0,0
5,1,1,3,5,0,0.115,2,1,1,1.031,5,6,27.62,5,4,1,1.651,-1.478,3,0,5,0.778,5,4,0.674,1,5,2.314,1.415,0,2,2,2,0.0,0,4,5,0,6,0.853,2,4,2,1.328,0.0,0
1,6,0,1,3,0,-2.346,0,0,3,2.387,3,6,34.75,0,6,3,-0.368,0.387,4,0,5,-0.987,6,5,0.212,7,5,-1.542,0.714,4,5,1,4,0.0,1,5,2,4,1,0.021,4,5,0,1.028,0.0,0
1,5,5,4,5,0,0.95,1,0,1,-0.854,5,6,16.75,2,0,4,0.907,1.215,2,0,1,-4.988,6,3,0.706,3,3,-2.043,-0.914,0,1,3,2,0.0,2,0,5,4,7,-0.503,4,4,2,0.097,0.0,0
1,3,1,2,1,0,1.494,0,4,0,0.349,3,4,36.22,7,4,3,0.977,1.435,3,0,4,0.711,1,3,0.111,1,0,-0.485,0.937,1,2,5,7,0.0,3,4,2,4,0,0.333,5,5,4,0.085,0.0,0
2,6,0,0,2,0,-1.518,3,3,0,-1.615,5,6,36.84,5,4,5,0.35,1.195,2,0,1,0.301,0,0,-0.881,0,1,0.759,1.481,1,4,3,0,0.0,4,6,2,7,0,-1.18,6,0,1,-0.596,0.0,0
5,6,5,3,5,0,-0.566,3,3,2,-1.73,1,1,29.89,6,5,2,0.731,0.866,2,0,1,-0.972,1,0,-2.841,3,0,-1.736,-0.655,5,4,2,1,0.0,3,3,3,6,0,-1.951,7,5,0,-1.418,0.0,0
0,6,0,5,0,0,-0.593,3,4,5,-2.926,0,2,22.69,7,6,0,0.18,-0.947,0,0,5,-1.791,4,4,-2.113,6,2,-1.791,0.447,2,0,3,4,0.0,2,3,5,5,7,-1.114,3,0,5,-2.017,0.0,0
0,6,1,6,0,0,2.249,1,2,0,-1.413,1,6,39.27,6,6,2,1.493,0.425,0,0,0,-1.834,4,2,-4.712,6,0,0.248,4.107,3,5,4,5,0.0,2,7,1,0,0,0.484,2,2,2,0.891,0.0,0
1,1,4,6,3,0,-0.559,1,5,3,-0.12,0,1,18.6,7,6,1,0.349,-0.056,5,0,0,1.629,4,0,-1.023,1,0,0.281,-1.115,4,5,3,4,0.0,3,3,3,4,5,-0.049,7,4,1,0.274,0.0,0
5,2,3,0,5,0,-0.43,4,2,0,-0.533,4,4,26.48,7,3,4,-0.477,-0.984,3,0,1,1.725,7,4,0.529,3,0,-1.95,-0.591,4,0,4,7,0.0,3,0,2,4,4,-0.784,5,1,2,-1.193,0.0,0
1,3,2,2,3,1,1.141,1,3,0,1.297,3,7,33.71,6,3,2,1.418,1.645,1,1,1,1.321,0,0,-0.399,7,5,3.065,2.751,2,2,4,7,0.0,4,2,5,3,0,2.242,5,0,1,2.798,63.92,1
2,5,2,5,5,0,-0.112,2,5,5,1.105,0,5,30.23,5,6,4,-0.823,-0.907,1,0,1,2.239,1,0,-0.061,6,4,-0.487,-1.615,2,0,3,7,0.0,5,4,5,0,6,0.606,1,5,4,0.211,0.0,0
5,5,3,3,1,1,-0.095,3,5,0,1.59,2,0,31.17,6,3,0,0.073,0.326,1,1,3,1.255,5,0,0.068,0,3,-0.442,-0.398,2,1,2,5,0.0,0,1,5,0,6,0.938,1,5,5,0.945,40.01,1
0,1,1,1,3,0,0.734,4,4,5,-1.753,0,0,39.64,2,6,0,-0.762,-0.41,2,0,1,1.275,0,0,-1.548,6,0,2.424,-3.39,5,0,5,0,0.0,3,1,1,6,0,-0.487,1,3,5,0.702,0.0,0
3,6,3,6,1,0,-0.846,1,5,0,-2.566,2,2,31.46,6,1,2,-0.734,-0.554,1,0,0,-1.285,7,1,0.955,5,1,0.291,3.916,4,0,1,7,0.0,2,6,4,1,6,0.329,3,1,1,0.353,0.0,0
4,7,3,1,2,0,0.311,1,4,5,0.96,2,4,37.41,2,6,2,-0.305,0.241,0,1,2,-0.492,0,2,1.075,4,5,0.544,1.911,4,2,5,2,0.0,5,6,0,5,7,1.191,0,3,2,1.064,16.49,1
5,3,3,0,2,0,0.407,4,2,2,0.35,4,0,19.88,1,4,1,-1.939,-0.107,4,0,1,3.245,2,2,-2.151,6,4,0.582,0.775,3,0,3,0,0.0,1,7,1,7,1,-0.199,4,3,1,0.181,0.0,0
3,1,2,0,1,0,2.82,3,3,5,0.735,1,3,38.5,4,6,4,1.49,-0.871,0,1,2,3.529,2,3,1.727,0,5,1.815,3.762,0,5,5,1,0.0,5,2,0,1,7,1.05,3,2,3,1.028,0.0,1
2,0,1,0,1,0,-2.139,5,1,2,0.763,3,7,25.86,0,3,1,1.216,-0.903,1,0,4,-0.009,2,1,-0.41,2,0,-1.686,-0.046,5,5,3,7,0.0,1,3,0,6,7,0.177,3,2,3,-0.106,0.0,0
2,7,1,6,3,0,1.646,1,5,5,-0.358,2,7,35.94,1,1,5,2.832,-0.322,3,1,4,3.665,0,2,4.201,3,0,0.084,1.026,2,0,5,7,0.0,2,1,3,4,6,1.169,7,1,4,1.276,29.71,1
2,4,0,5,0,0,1.501,4,4,1,-0.14,1,7,19.63,1,0,1,2.224,0.049,1,0,3,3.903,0,4,1.761,4,4,1.481,0.706,3,5,5,6,0.0,5,1,2,1,4,0.704,2,1,4,0.369,0.0,0
1,6,3,4,2,0,0.414,0,0,3,0.858,1,6,22.48,2,5,4,0.22,-0.315,3,0,2,0.481,4,3,-0.316,0,2,-0.09,1.941,0,5,0,1,0.0,2,3,1,1,5,1.009,6,2,1,1.421,0.0,0
5,1,1,2,5,0,-0.965,1,3,4,0.507,5,5,29.07,1,7,0,-3.262,-0.48,5,0,4,-5.156,4,4,-2.108,2,2,-0.024,-0.42,4,1,3,0,0.0,0,2,3,3,4,-0.639,0,5,1,-0.76,0.0,0
0,7,3,2,1,0,-2.501,5,0,3,-0.903,3,6,39.86,4,6,2,0.564,1.504,4,0,0,-0.665,7,3,0.557,1,2,-0.428,-2.376,1,5,4,6,0.0,1,2,4,5,4,-1.549,4,0,0,-1.705,0.0,0
5,2,5,4,1,0,-1.925,4,2,3,-0.163,0,0,19.96,4,0,0,1.962,2.304,0,0,5,-2.545,2,0,-2.545,1,3,-1.347,1.056,0,4,3,3,0.0,4,1,3,3,3,-0.54,0,4,3,-0.661,0.0,0
4,2,1,1,0,0,0.145,4,2,3,0.136,0,0,43.4,1,5,1,1.244,-1.156,5,1,3,0.224,1,1,1.57,7,5,1.265,2.089,2,3,2,6,0.0,1,7,5,3,0,1.396,4,5,4,1.095,116.29,1
4,6,3,2,5,0,2.365,5,0,4,3.38,4,4,21.34,0,0,0,-0.93,-0.94,3,0,3,-2.009,3,5,-0.15,7,2,0.913,0.826,3,1,0,4,0.0,1,6,0,7,2,0.209,6,5,2,0.453,0.0,0
2,2,5,5,4,0,-0.357,4,3,5,-5.776,5,6,25.66,4,1,4,-2.893,0.611,3,0,1,-0.299,0,2,1.553,5,5,-1.64,-1.68,3,1,2,1,0.0,4,5,0,5,7,-1.342,2,2,4,-1.061,0.0,0
1,5,0,0,5,0,1.744,5,2,3,-0.502,2,0,33.82,0,4,2,1.545,0.371,4,0,5,2.319,0,2,2.381,3,3,2.022,0.877,1,4,3,4,0.0,4,2,1,2,7,1.7,0,2,3,1.148,0.0,0
4,0,2,5,3,0,-1.197,1,4,4,-2.223,5,1,20.42,6,0,1,-0.949,1.85,3,0,2,1.033,2,3,-2.46,1,4,0.254,-0.57,3,2,0,5,0.0,0,2,3,6,5,-0.4,3,2,4,-1.089,0.0,0
5,4,5,7,3,0,-0.884,0,3,0,0.655,3,7,23.81,6,3,5,-2.201,-0.355,5,0,3,-0.447,2,3,2.11,2,1,0.065,-2.087,1,2,3,1,0.0,1,7,4,2,6,0.453,4,3,3,0.475,0.0,0
2,7,1,2,1,0,-0.067,2,5,0,-1.25,2,4,32.17,7,3,2,-0.994,-0.925,3,0,4,-1.28,6,2,0.056,5,1,-0.943,1.818,4,3,2,1,0.0,3,2,1,1,5,-0.336,0,0,0,0.551,0.0,0
3,4,2,0,0,0,-1.187,4,1,1,0.013,0,1,26.82,0,3,2,-1.399,-1.357,4,0,5,-0.641,5,3,1.506,1,1,0.411,-0.212,4,2,4,2,0.0,2,6,5,4,2,0.488,7,3,4,-0.225,0.0,0
5,4,3,3,1,0,-1.321,4,4,4,-3.587,3,6,29.36,7,4,2,1.285,0.129,0,0,3,0.789,5,5,-2.22,1,3,-1.314,-1.493,1,3,1,7,0.0,2,1,0,0,5,-0.166,3,2,5,-0.307,0.0,0
5,7,1,1,0,0,1.807,1,5,1,3.64,0,7,27.44,3,4,3,0.738,-0.373,5,1,5,-1.691,2,4,1.606,3,5,2.197,0.391,0,5,2,6,0.0,3,1,3,6,2,0.461,6,5,0,0.83,155.29,1
2,2,2,5,0,0,2.975,3,0,1,0.518,1,5,31.85,6,5,0,0.754,1.467,5,0,3,2.914,1,4,1.274,0,1,-0.257,0.389,2,0,4,6,0.0,1,3,1,2,1,1.797,1,5,5,1.757,0.0,0
4,4,2,7,2,0,0.455,5,5,0,3.835,5,7,29.92,4,4,0,2.94,0.997,2,0,4,0.001,6,2,-0.92,3,2,1.544,3.299,1,1,1,7,0.0,3,5,1,6,6,0.844,3,2,2,0.906,0.0,0
4,2,4,0,1,0,0.13,3,4,4,3.391,1,3,36.37,7,6,2,2.278,0.508,1,0,5,-4.86,5,1,-0.815,2,3,-0.476,0.188,0,0,4,4,0.0,3,3,2,0,6,0.565,4,0,3,0.786,0.0,0
4,6,3,6,2,0,-2.109,1,2,5,-0.017,1,2,31.57,7,1,2,1.155,0.344,5,0,1,-1.663,0,3,-0.537,4,5,0.933,0.721,3,4,3,0,0.0,3,6,2,6,1,0.682,3,2,0,0.539,0.0,0
0,6,2,6,2,0,-0.903,3,4,2,-2.172,4,5,20.85,1,3,3,1.235,-0.04,1,0,3,-2.226,6,0,-0.877,7,5,-1.959,2.377,1,2,4,1,0.0,5,1,2,7,3,0.272,6,4,4,-0.784,0.0,0
2,7,2,3,0,0,-2.182,2,3,2,-2.206,0,6,24.44,1,2,5,-2.058,1.311,0,0,4,0.527,7,1,-0.693,7,1,-1.004,-2.187,5,4,0,1,0.0,2,4,1,7,1,-1.01,4,1,3,-1.186,0.0,0
0,5,4,2,3,0,0.562,0,4,4,3.383,2,7,37.5,6,0,0,1.523,-0.267,1,1,4,2.278,5,1,0.317,3,0,-0.908,0.361,4,0,1,0,0.0,2,5,0,3,2,1.516,3,2,0,0.391,65.6,1
1,3,3,6,4,1,1.266,1,3,5,1.028,4,3,30.07,0,2,4,0.903,0.649,3,1,2,-1.042,6,2,0.941,2,1,-0.577,3.691,1,1,3,7,0.0,1,3,1,2,0,1.963,3,0,4,1.675,166.06,1
4,0,0,2,3,0,-2.189,1,4,2,-0.872,5,0,21.15,7,3,2,-2.836,-0.344,2,0,3,-6.016,3,3,-4.692,2,5,-3.277,-2.95,0,3,0,4,0.0,3,3,1,0,4,-1.864,4,5,1,-1.844,0.0,0
4,3,5,7,5,1,-1.546,3,5,0,2.803,4,6,36.24,5,4,5,-1.761,0.013,4,0,0,-0.566,5,2,1.271,1,5,1.046,1.774,5,1,2,5,0.0,4,7,4,6,0,0.757,3,4,1,0.226,0.0,1
1,2,0,4,1,0,-3.615,1,3,1,-1.442,0,7,31.16,1,6,4,-0.336,-0.21,5,0,0,0.604,6,4,-6.402,1,1,-2.035,1.053,4,0,2,0,0.0,3,6,5,3,7,-2.361,1,2,2,-1.864,0.0,0
5,3,3,5,1,0,1.38,0,4,3,1.934,0,3,46.1,4,5,0,0.266,2.431,5,1,3,2.254,3,3,1.991,1,5,-0.569,-0.188,0,1,5,6,0.0,2,0,0,0,0,1.206,0,0,0,1.846,90.29,1
3,7,1,6,5,0,-2.961,3,1,2,-1.815,0,0,35.26,1,2,5,-0.62,0.375,1,0,2,-0.435,4,3,-1.485,1,1,-1.745,-0.212,2,1,0,0,0.0,3,6,2,0,7,0.235,0,4,5,-0.649,0.0,0
4,5,3,5,3,0,0.452,2,5,1,2.53,2,4,28.81,2,7,0,0.324,0.217,0,0,4,-0.596,7,3,-0.573,5,2,-0.667,0.428,3,0,4,1,0.0,0,4,5,5,4,-0.452,2,2,0,-0.035,0.0,0
4,2,3,1,0,0,0.807,1,5,5,-1.928,0,0,21.9,2,4,2,1.34,0.772,4,0,0,2.425,3,2,1.523,7,0,-1.462,0.492,4,5,4,7,0.0,3,4,1,2,4,-0.552,0,3,2,-0.253,0.0,0
3,4,4,0,2,0,-4.335,4,3,2,-3.595,0,6,35.2,4,3,5,-0.868,1.957,5,0,0,-2.726,0,1,-0.3,7,0,-1.025,1.156,5,0,1,3,0.0,4,7,2,2,3,0.248,3,3,2,-0.304,0.0,0
3,5,4,0,3,0,1.381,5,3,0,1.68,4,7,22.81,7,3,5,1.307,-0.952,1,0,1,-4.507,3,0,0.363,2,0,-0.227,-1.436,3,3,5,4,0.0,4,1,3,6,2,-0.501,1,2,3,-0.205,0.0,0
1,3,5,1,3,0,-0.128,2,2,1,-1.242,1,0,23.46,2,4,5,-1.823,0.314,1,0,0,0.588,0,1,-0.39,3,2,-0.645,-0.326,0,0,1,7,0.0,0,0,5,7,0,-0.568,4,1,4,-0.255,0.0,0
5,2,3,2,5,0,-0.546,4,4,5,-3.355,5,3,36.72,6,3,3,-1.303,0.67,0,0,5,-2.717,5,3,0.893,0,5,-1.982,-1.308,5,2,4,4,0.0,4,3,0,7,5,-0.356,5,3,3,-0.563,0.0,0
5,4,4,6,3,0,1.382,3,0,2,2.147,2,4,29.58,1,5,4,2.271,-0.285,3,1,4,4.997,7,2,3.146,2,3,-0.52,-2.423,5,5,2,2,0.0,5,7,3,3,3,0.308,1,3,3,0.857,72.72,1
5,4,3,6,3,1,1.23,3,5,5,-0.091,2,6,38.21,5,2,3,4.05,0.866,5,1,3,2.052,4,5,4.421,3,4,2.987,2.844,3,1,1,0,0.0,3,1,4,6,7,1.63,4,0,2,1.748,77.12,1
3,7,2,3,4,0,-2.421,4,3,1,-3.468,0,1,27.6,2,0,3,-3.397,0.27,3,0,2,2.382,2,0,-4.075,6,4,-2.225,-1.868,2,1,1,4,0.0,1,0,0,6,4,-2.043,7,3,0,-2.037,0.0,0
3,6,0,3,1,0,-0.395,5,2,1,-1.505,2,0,30.29,0,6,1,0.01,0.173,2,0,4,-2.845,0,3,-0.85,7,2,0.301,0.76,3,0,1,0,0.0,4,3,1,1,7,-1.026,0,1,2,-0.197,0.0,0
4,3,2,7,1,0,0.524,1,1,3,1.28,0,3,37.5,0,3,0,2.79,-0.093,0,0,3,2.223,0,2,2.183,1,3,-0.363,0.325,3,2,5,5,0.0,2,1,1,0,1,0.767,7,0,3,1.168,0.0,0
0,6,4,2,1,1,-0.459,1,0,0,-1.981,2,3,44.97,5,0,0,0.618,-0.401,0,0,1,1.796,6,5,3.717,3,5,-0.603,1.607,4,1,1,1,0.0,1,0,5,4,3,0.291,0,3,3,0.607,176.86,1
5,3,5,3,3,0,-0.285,5,3,5,0.392,1,1,23.19,6,0,3,0.606,-2.915,3,0,5,-0.527,3,0,-0.598,3,3,0.288,-3.925,0,1,5,5,0.0,2,4,3,6,6,0.214,0,1,4,-0.021,0.0,0
3,0,5,1,1,0,-2.119,4,5,0,0.184,4,2,19.15,1,1,4,-0.42,-0.596,2,0,4,-0.445,3,1,0.132,0,1,-0.848,1.032,1,5,1,5,0.0,3,0,0,3,1,0.75,6,1,4,0.534,0.0,0
1,5,1,0,1,0,1.206,0,3,3,1.723,3,7,29.32,5,4,5,0.821,0.852,3,1,4,-2.116,5,2,1.646,1,1,3.61,3.407,5,3,5,3,0.0,0,1,4,0,5,1.291,7,3,3,1.115,0.0,1
3,0,2,6,3,0,-1.62,3,2,3,-0.36,4,1,28.93,6,5,4,0.612,-2.293,0,0,1,1.908,4,0,0.197,2,2,-0.752,0.054,0,5,4,6,0.0,0,3,2,7,6,-0.583,0,1,2,-0.296,0.0,0
3,3,2,2,2,0,0.4,1,3,4,1.136,1,0,39.09,7,5,1,3.93,1.183,4,1,3,2.777,2,0,-0.033,2,2,5.384,2.756,1,3,0,4,0.0,2,4,1,7,0,1.455,4,2,5,2.123,118.62,1
1,0,2,0,5,0,-1.445,3,2,5,-1.314,0,1,24.8,6,6,0,-1.52,0.004,4,0,0,-2.073,0,2,-1.326,3,0,-0.794,-0.938,0,5,4,2,0.0,1,3,0,2,2,-0.81,3,2,0,-0.77,0.0,0
3,0,3,4,4,0,-0.283,2,2,1,1.217,0,2,30.95,3,4,1,-1.66,-0.921,0,0,3,3.768,5,1,-1.139,4,2,1.472,2.014,4,2,4,3,0.0,2,3,2,0,0,0.212,6,1,1,0.451,0.0,0
3,1,5,3,1,0,-5.307,4,1,1,-4.024,4,3,32.8,3,1,3,1.199,-0.047,5,0,1,-2.669,7,4,-2.095,4,4,-0.037,0.372,2,0,4,2,0.0,0,4,0,5,1,-2.069,0,1,0,-2.302,0.0,0
4,3,4,3,5,0,1.108,2,5,3,0.264,4,2,28.8,0,7,4,1.88,-0.387,4,0,3,-0.275,4,3,2.669,1,0,2.001,0.291,2,3,3,1,0.0,1,2,1,6,3,0.08,6,0,2,-0.159,0.0,0
3,1,0,3,1,0,-0.57,4,3,1,0.623,2,0,24.61,1,3,5,-1.174,1.289,5,0,2,-0.536,5,1,-1.592,7,4,1.628,2.771,2,5,1,5,0.0,0,4,0,6,6,0.394,0,5,1,-0.528,0.0,0
3,6,4,1,5,0,-1.535,2,2,1,1.428,1,3,25.62,0,7,3,-0.466,1.011,0,0,0,0.107,2,0,0.038,1,0,0.867,0.539,5,5,1,2,0.0,1,3,5,2,7,0.04,0,5,1,-0.005,0.0,0
4,2,2,5,3,0,-1.731,1,4,4,-3.286,5,7,21.31,1,4,2,0.74,1.088,4,0,0,2.17,5,0,3.142,1,3,1.339,1.379,5,5,5,7,0.0,0,4,0,3,1,0.046,1,3,4,-0.295,0.0,0
2,5,0,6,1,0,-1.367,0,1,1,-3.664,2,0,40.51,0,4,3,0.72,-0.231,4,1,2,4.706,2,2,0.293,4,3,-0.8,1.016,5,2,0,1,0.0,2,0,3,6,4,1.122,7,2,4,1.113,33.19,1
4,4,0,2,3,0,-3.252,5,4,0,-2.097,0,2,24.79,1,0,5,0.043,0.408,4,0,0,-5.255,5,0,-2.934,6,4,0.56,-2.9,5,1,1,6,0.0,0,2,0,0,2,-1.708,1,5,2,-2.264,0.0,0
4,3,1,0,1,0,-0.048,4,1,4,0.748,5,6,30.54,4,7,5,2.105,-0.281,0,0,3,2.218,2,3,2.467,4,4,-0.225,-0.925,5,1,2,2,0.0,3,5,1,1,6,0.699,3,2,0,0.162,0.0,0
0,0,1,2,1,1,0.272,5,5,3,-0.913,0,1,33.46,1,0,2,1.145,-0.41,5,1,4,1.588,0,1,1.373,6,1,2.484,0.25,2,0,4,0,0.0,1,7,4,3,3,1.967,3,4,2,1.489,221.6,1
5,1,0,3,2,0,2.404,4,3,0,-2.259,3,6,28.03,1,3,4,-0.828,0.503,1,0,0,-1.635,2,1,0.441,1,0,1.41,-2.0,0,3,0,3,0.0,5,5,2,3,0,-1.533,2,3,1,-0.394,0.0,0
0,0,1,6,0,0,0.873,2,0,2,-2.568,5,7,39.12,4,3,0,-0.087,1.083,1,0,1,-3.241,6,3,-0.849,0,2,-0.923,-2.129,3,3,1,2,0.0,0,6,5,0,0,-2.235,0,0,2,-2.167,0.0,0
5,5,4,5,3,0,-1.678,0,0,5,0.004,3,4,29.64,4,3,1,1.14,0.595,4,0,3,-2.822,0,2,0.219,4,4,0.765,-2.929,3,0,0,0,0.0,0,4,0,5,0,0.207,4,4,4,0.223,0.0,0
4,0,2,3,3,0,0.025,1,1,5,0.347,0,5,23.11,7,5,1,-1.451,0.755,2,0,1,0.443,0,2,-1.646,5,5,-0.936,0.106,3,1,4,2,0.0,1,4,5,4,6,-1.153,1,1,4,-0.199,0.0,0
4,1,5,1,3,0,-2.932,4,4,2,0.345,4,4,24.39,6,2,5,-1.792,-0.096,0,0,4,-1.851,5,4,-4.08,7,3,-0.325,1.202,0,5,2,2,0.0,0,3,3,3,0,0.022,4,2,2,-0.496,0.0,0
5,1,0,2,0,0,3.096,5,3,4,1.812,4,7,31.61,1,7,2,-1.684,0.045,3,0,5,5.475,5,3,3.867,6,0,0.177,-0.991,5,2,2,4,0.0,3,3,3,4,3,1.472,5,4,0,0.601,0.0,0
0,7,0,0,4,0,2.1,3,4,2,-0.379,5,5,18.57,5,7,4,1.488,1.088,5,0,4,-2.864,2,4,-3.156,5,5,-1.639,-2.215,2,5,3,1,0.0,4,5,0,4,2,-0.303,5,0,1,-1.083,0.0,0
4,6,0,7,4,0,-2.073,4,4,1,-0.496,2,7,25.99,5,3,3,-1.524,-1.2,5,0,1,-0.761,0,1,-1.487,3,5,-1.497,-0.625,1,1,4,2,0.0,2,1,3,7,7,-1.121,3,1,1,-0.552,0.0,0
4,5,5,0,1,0,0.501,1,1,2,-0.547,1,4,23.08,5,0,0,-0.016,1.414,0,0,2,-2.253,6,4,0.515,6,5,-0.196,1.012,3,5,4,4,0.0,3,0,1,7,4,-0.111,4,1,2,-0.391,0.0,0
3,2,3,4,2,0,0.739,4,2,3,-1.3,3,5,22.0,2,2,2,-1.815,0.375,3,0,0,1.838,6,1,1.75,7,0,1.77,-1.373,2,0,2,3,0.0,4,3,1,6,5,-0.223,0,1,3,-0.527,0.0,0
1,7,4,5,3,0,2.244,4,2,5,-3.077,0,7,37.45,6,2,3,1.167,0.11,3,0,2,0.701,1,5,0.424,3,1,-0.233,2.231,5,3,4,1,0.0,4,1,3,2,0,0.359,2,1,2,0.27,0.0,0
4,6,1,4,0,0,-3.274,3,1,0,-3.425,3,6,35.47,4,2,2,-1.377,0.049,4,0,1,-0.711,2,0,-3.335,7,5,-2.885,-0.248,1,2,3,0,0.0,3,4,0,3,3,-1.041,1,4,2,-1.646,0.0,0
4,1,0,7,1,0,0.286,2,4,4,0.041,3,2,27.89,2,1,2,0.464,-0.161,2,0,1,2.444,3,2,0.322,2,1,-1.12,-0.263,1,5,0,4,0.0,0,4,2,4,7,0.065,1,1,2,0.382,0.0,0
4,6,2,6,4,0,-0.642,1,4,0,-2.131,3,5,26.21,1,3,0,-0.991,-0.541,1,0,4,-0.149,3,5,-1.014,2,1,-1.472,0.046,1,4,1,7,0.0,1,4,2,3,1,-0.341,3,5,5,-0.163,0.0,0
1,2,3,5,0,0,0.724,3,0,0,-1.073,3,0,35.4,0,1,1,0.826,0.257,3,0,3,-3.807,4,1,-1.089,5,0,-1.69,-1.478,5,4,0,6,0.0,5,2,3,6,4,-0.314,3,0,1,0.323,0.0,0
5,2,4,0,1,0,-0.914,5,3,5,0.991,4,7,24.46,2,6,1,-1.344,-1.609,1,0,5,-0.286,4,4,1.881,4,3,-2.984,-1.298,1,0,3,0,0.0,1,4,5,6,2,-0.711,7,5,0,-0.626,0.0,0
5,4,2,6,4,0,-1.839,3,2,3,-0.256,4,4,19.56,2,2,0,-2.84,-0.156,1,0,4,-1.531,4,3,-0.787,7,4,-0.517,0.707,0,4,4,0,0.0,5,5,4,5,3,-1.098,4,4,0,-1.095,0.0,0
1,2,5,4,0,1,-0.673,2,1,3,-0.507,1,4,45.47,5,3,2,0.323,-1.392,4,0,3,-2.255,6,4,4.253,6,5,2.203,1.338,1,4,4,2,0.0,1,6,5,4,1,0.025,0,1,5,0.337,148.51,1
1,4,0,7,0,0,3.21,1,2,3,0.883,2,0,23.21,2,5,3,0.542,0.743,2,0,0,-2.536,6,0,1.913,2,5,1.52,-2.427,1,2,4,0,0.0,2,7,3,1,4,0.594,0,2,3,-0.254,0.0,0
5,0,4,5,1,0,-0.294,1,3,4,-0.624,4,2,20.89,5,2,3,2.509,1.167,0,0,3,4.566,0,2,0.48,1,3,-0.112,-0.045,4,1,4,2,0.0,3,6,1,7,4,-0.444,4,5,5,-0.495,0.0,0
5,1,4,3,4,0,-1.137,1,2,0,-1.976,3,5,27.98,3,2,0,-3.084,-1.39,1,0,4,-3.436,1,1,-2.851,3,1,0.431,1.069,4,4,5,2,0.0,2,6,5,0,5,-1.068,1,0,4,-1.693,0.0,0
1,3,0,4,5,0,-0.938,0,1,4,-2.172,5,1,22.01,5,0,0,1.99,-1.622,0,0,5,-0.933,1,3,-1.553,1,5,0.392,-0.424,5,3,5,0,0.0,4,4,2,6,2,-0.778,1,3,4,-0.391,0.0,0
4,4,2,2,2,0,-1.42,2,4,5,-0.909,5,2,34.0,6,6,0,0.332,-0.068,4,0,1,-2.442,5,0,0.783,7,5,-0.884,3.006,3,2,0,5,0.0,4,5,4,2,1,-0.935,2,1,2,-0.609,0.0,0
1,4,2,1,1,0,-1.634,5,3,0,-0.099,0,5,30.5,4,0,1,-0.933,-1.446,1,0,3,1.245,0,2,-0.106,3,5,-1.331,-1.314,1,5,2,3,0.0,1,5,1,6,7,0.058,5,4,0,0.678,0.0,0
4,4,1,6,5,0,0.723,1,1,2,-1.102,2,6,22.23,3,5,5,1.047,-1.67,5,0,1,-1.161,7,3,1.823,1,0,0.136,0.299,4,1,0,1,0.0,3,2,5,6,2,-0.058,0,0,3,0.545,0.0,0
5,4,5,5,0,0,-1.237,0,1,1,1.911,0,7,32.61,2,7,4,2.226,-1.317,5,0,4,1.039,7,5,-3.202,2,4,0.271,0.58,0,4,3,1,0.0,2,3,4,3,6,-0.942,5,2,2,-0.881,0.0,0
1,1,4,7,3,0,2.535,0,0,2,2.335,0,7,39.35,2,6,0,0.996,-0.494,5,1,2,1.645,7,2,0.176,6,5,-0.272,-0.755,5,4,0,4,0.0,1,4,4,2,1,1.026,1,0,5,0.656,0.0,1
0,4,0,5,2,0,-0.354,1,0,1,-0.233,4,7,28.51,3,1,5,-2.222,-1.215,1,0,4,-1.148,1,3,-0.492,7,4,0.747,-1.396,1,0,4,6,0.0,0,4,5,4,7,-1.284,2,4,1,-0.215,0.0,0
0,2,0,7,2,0,1.626,1,5,1,-0.357,0,3,28.45,3,3,5,-1.777,1.312,3,0,5,-1.218,5,5,-0.862,2,2,-0.091,-1.449,4,4,2,6,0.0,3,5,0,2,3,-0.027,3,3,4,-0.261,0.0,0
5,3,3,5,4,0,-5.183,3,1,4,-1.318,0,3,33.58,3,3,5,-2.028,-0.642,5,0,0,-0.811,1,4,-0.535,3,3,-1.581,-2.459,1,0,0,1,0.0,1,1,1,3,2,-0.749,0,4,2,-0.182,0.0,0
2,0,0,0,4,0,-2.803,1,4,1,0.721,5,7,25.6,2,1,2,-0.077,0.434,0,0,2,0.76,4,3,1.852,5,1,-0.423,0.894,3,2,1,4,0.0,5,3,0,1,5,0.467,4,1,1,0.375,0.0,0
3,6,5,0,2,0,1.253,1,5,5,-1.743,5,7,33.29,2,5,3,0.805,0.413,3,1,5,-1.238,7,1,0.906,5,5,0.705,0.367,2,4,1,2,80.02,1,6,3,1,1,0.686,7,4,2,0.968,124.95,1
0,0,4,5,0,0,0.426,3,3,4,0.471,3,4,19.16,2,2,1,-0.757,0.146,1,0,0,-5.13,5,1,-1.744,2,3,-1.516,0.202,2,4,5,5,0.0,5,1,0,2,3,-0.787,3,0,0,-0.307,0.0,0
4,3,2,3,1,0,1.185,5,1,0,1.806,5,4,36.21,1,4,3,1.553,0.515,4,0,4,-1.817,1,0,0.444,1,2,-0.734,-1.103,1,2,3,7,0.0,4,4,3,7,5,1.21,0,5,2,0.742,0.0,0
3,6,2,6,0,0,0.002,3,1,0,0.195,1,4,16.96,1,7,2,-0.518,-1.578,1,0,1,-0.05,3,0,2.629,1,4,-0.986,1.398,5,5,5,2,0.0,5,4,4,5,6,-0.477,2,5,5,-0.251,0.0,0
0,2,1,2,2,0,-1.116,0,4,3,-4.26,1,7,32.68,4,1,0,-1.272,-0.924,1,0,4,-0.784,5,0,-3.437,6,4,0.023,-0.748,2,3,5,1,0.0,5,7,1,1,4,-1.711,7,5,1,-1.05,0.0,0
4,5,1,7,4,0,-0.034,0,1,5,-2.211,1,2,36.1,1,4,4,0.44,-1.992,1,0,2,-0.923,0,3,-0.866,6,4,0.73,-1.386,1,0,0,7,0.0,3,3,4,5,7,-1.065,4,3,5,-1.535,0.0,0
4,3,1,1,4,1,1.514,1,3,5,5.392,1,6,42.91,1,1,1,-1.019,1.572,2,1,5,3.366,4,0,0.979,1,0,3.318,1.946,3,3,2,4,0.0,1,0,1,2,1,1.935,0,1,5,2.436,0.0,1
1,5,2,5,3,0,-2.242,4,2,4,0.489,2,1,26.82,6,0,5,1.499,1.829,5,1,1,1.499,4,0,2.617,2,4,-1.012,0.063,0,4,5,4,0.0,4,4,5,3,1,0.483,4,3,2,0.929,232.92,1
3,4,0,2,3,0,-3.078,2,5,4,-3.053,3,0,33.35,2,2,5,1.195,0.441,5,0,1,-0.618,2,1,-0.235,5,3,-0.43,0.233,1,3,4,4,0.0,2,0,5,1,6,0.138,3,0,3,-0.522,0.0,0
2,4,4,7,0,0,-0.412,5,4,5,0.053,5,0,23.91,1,0,1,3.154,1.219,5,0,3,1.604,5,1,3.478,2,5,2.079,-1.414,0,2,1,4,0.0,4,1,5,0,2,0.109,1,4,2,0.234,0.0,0
1,6,1,2,4,0,-1.192,1,5,4,1.426,2,4,30.5,0,4,5,-0.569,0.678,3,0,2,-1.6,2,1,-1.065,6,3,-1.642,-0.188,0,0,0,1,0.0,0,6,2,4,2,-0.153,1,3,5,-1.243,0.0,0
5,7,1,7,3,0,-0.529,0,3,4,1.146,4,6,22.12,5,1,3,-1.388,-1.353,5,0,5,1.466,2,4,-2.101,3,0,-1.755,-1.6,0,1,0,7,0.0,0,3,1,3,7,-0.473,6,5,5,-0.733,0.0,0
3,4,1,7,3,0,-0.187,4,4,0,0.353,2,0,30.54,5,7,5,-2.419,-0.393,5,0,0,0.47,3,5,1.331,1,1,1.754,1.094,3,0,5,4,0.0,4,7,4,1,6,0.069,5,1,4,-0.081,0.0,0
5,1,1,6,2,0,-2.994,3,4,3,-2.2,1,6,32.89,6,5,0,1.071,-1.261,4,0,5,-0.133,0,2,4.065,7,2,-0.381,0.026,0,0,1,7,0.0,1,2,1,3,0,1.328,4,0,5,0.898,0.0,0
2,5,3,0,0,0,0.334,0,2,2,-2.44,5,5,27.69,2,6,4,0.321,-0.155,0,0,5,-2.755,3,1,0.274,3,4,0.686,-2.219,3,1,0,2,0.0,3,0,1,0,1,-0.338,5,1,5,-0.583,0.0,0
1,3,2,3,1,0,0.092,0,1,1,1.749,2,3,38.67,5,3,2,0.616,1.678,1,0,1,-3.975,7,4,1.474,7,3,-0.671,3.462,4,1,2,2,0.0,2,2,2,4,3,1.789,1,1,0,1.557,0.0,0
2,4,5,2,2,0,2.126,3,5,5,-1.479,1,7,22.76,2,1,0,-1.182,0.621,1,0,1,2.016,4,1,-0.545,7,2,-0.415,-0.592,5,0,1,7,0.0,3,1,0,2,1,0.117,7,4,5,-0.36,0.0,0
2,6,2,2,3,0,0.133,0,2,5,0.777,1,7,32.58,1,6,5,2.756,0.135,5,1,5,-0.345,3,1,2.911,2,3,-0.285,0.816,3,0,1,4,0.0,1,1,1,6,0,1.198,7,1,3,1.976,95.25,1
0,1,3,2,1,0,2.727,4,1,4,0.982,2,7,21.81,2,4,1,0.902,-0.595,5,0,4,-2.632,7,4,2.395,2,4,0.296,-0.149,0,4,5,7,0.0,1,3,5,2,3,-0.032,4,3,2,0.029,0.0,0
3,6,3,6,2,0,-0.639,0,0,0,1.491,0,6,19.54,4,6,4,1.562,-1.476,3,0,2,-0.25,7,0,-1.224,2,4,0.908,1.449,5,1,4,2,0.0,4,1,5,7,0,0.597,4,5,2,-0.046,0.0,0
0,4,1,6,0,1,1.199,3,3,5,2.598,1,2,23.47,6,4,2,1.746,0.043,4,1,0,-0.077,4,3,2.181,6,2,-0.778,2.163,5,4,0,3,0.0,1,3,2,6,7,0.636,1,3,2,0.976,0.0,1
5,4,0,3,1,0,1.601,2,3,5,0.575,3,3,25.7,4,3,4,-0.877,-0.49,4,0,3,-1.882,5,5,0.357,7,1,-0.615,1.926,4,5,3,2,0.0,3,1,0,0,3,-0.733,3,1,5,-0.989,0.0,0
4,1,3,0,3,0,1.633,5,0,4,-2.557,1,2,34.06,6,7,2,-0.677,0.24,5,0,3,2.173,7,4,-1.249,1,1,-1.426,2.148,2,3,3,3,0.0,1,5,1,3,7,-0.577,6,5,1,-0.491,0.0,0
1,2,4,3,0,0,1.095,5,0,1,-0.322,3,1,26.27,0,7,2,0.952,-0.631,0,0,1,1.174,6,4,-0.479,3,2,1.105,-2.723,1,0,3,4,0.0,2,1,0,1,5,-1.178,6,1,2,-0.346,0.0,0
1,2,4,2,0,0,-2.246,2,5,1,-3.245,5,3,21.71,0,1,3,1.452,-1.084,5,0,3,-6.699,2,0,1.003,2,1,-1.839,0.138,3,3,1,5,0.0,5,1,3,6,4,-1.329,0,0,4,-1.248,0.0,0
4,7,5,0,0,0,-0.581,1,3,1,1.239,3,0,27.89,2,2,5,-3.113,0.076,1,0,5,0.375,3,1,-0.791,2,5,-1.268,-2.978,1,3,4,6,0.0,1,4,2,4,3,-1.185,4,3,4,-1.14,0.0,0
4,5,5,6,1,0,-1.117,1,4,5,-2.747,1,6,26.09,2,5,5,-0.609,-0.867,4,0,1,-0.385,6,1,-2.896,4,4,-1.815,-1.543,3,0,4,5,0.0,1,1,4,4,1,-1.024,5,0,4,-1.56,0.0,0
4,5,1,2,5,0,-0.829,4,4,4,-1.387,2,4,35.27,4,0,0,-0.738,0.089,2,0,5,2.798,7,5,-2.587,4,5,1.137,1.61,3,0,0,7,0.0,2,2,3,3,4,-0.996,4,2,1,-0.707,0.0,0
3,1,1,7,2,0,-1.419,2,0,1,-3.139,0,2,28.59,2,1,2,1.27,0.033,0,0,0,0.47,7,1,-2.103,6,5,0.363,0.379,5,3,1,2,0.0,2,7,1,5,1,-0.544,6,3,3,-0.716,0.0,0
4,4,1,3,1,0,-1.315,0,1,5,-2.841,1,0,32.81,2,2,1,-0.252,0.431,5,0,4,2.55,3,1,-1.74,3,5,0.343,-1.245,5,3,4,3,0.0,3,0,2,3,7,-1.74,4,1,2,-0.895,0.0,0
3,3,5,5,1,0,3.665,5,2,0,2.21,1,6,41.91,2,5,1,1.568,-0.398,4,1,1,3.574,0,4,0.333,4,5,1.041,1.987,3,3,5,4,0.0,1,3,4,7,3,1.67,5,4,5,1.162,18.02,1
3,6,1,7,5,1,3.552,1,1,5,3.785,0,7,45.35,6,1,0,2.21,-1.54,0,1,2,4.325,2,1,0.959,0,4,1.113,-0.03,5,4,5,0,0.0,2,4,4,3,5,2.362,7,0,2,2.089,141.24,1
0,2,1,0,5,1,0.152,2,4,4,4.532,4,1,41.51,4,1,5,1.224,0.103,0,1,5,2.753,5,1,1.128,1,2,3.76,3.272,1,2,2,7,0.0,4,3,3,3,7,1.189,2,4,1,2.212,0.0,1
2,4,4,5,4,1,1.66,5,4,5,1.592,3,1,39.31,5,7,5,0.885,1.367,0,1,4,2.759,7,3,2.251,5,1,1.899,3.514,4,1,0,5,0.0,5,0,0,6,5,1.771,2,1,3,2.258,0.0,1
5,0,3,4,1,0,-0.235,3,4,1,-0.303,0,3,14.74,5,3,0,-1.494,-0.157,1,0,3,1.587,6,3,3.53,3,3,3.187,-0.063,0,4,1,3,0.0,5,7,1,1,5,0.008,3,1,0,0.236,0.0,0
3,3,3,4,3,0,1.395,2,3,1,0.535,1,3,43.1,3,7,2,-0.24,-0.789,0,1,0,-2.268,2,5,2.06,7,3,-0.234,2.226,4,4,4,6,0.0,4,4,5,3,3,0.903,4,4,1,1.935,105.59,1
0,7,5,4,0,0,-2.084,0,2,5,-2.594,4,2,33.93,0,2,1,-1.474,-0.173,0,0,4,-1.68,3,2,-0.388,7,1,-0.665,0.405,5,5,0,2,0.0,5,1,3,3,0,-1.394,2,2,2,-1.574,0.0,0
0,5,3,7,2,0,-3.254,4,2,4,-2.62,5,4,29.01,2,4,2,0.082,1.701,1,0,2,1.509,7,5,0.79,0,0,0.425,0.075,3,2,3,3,0.0,4,0,1,2,3,-1.227,6,4,2,-1.26,0.0,0
3,1,1,5,4,0,-1.473,1,3,4,-0.695,0,1,33.66,4,5,5,-1.976,1.151,2,0,1,-2.038,6,2,-0.847,2,4,0.003,-3.44,2,5,4,5,0.0,1,2,4,2,3,-2.29,5,4,4,-2.001,0.0,0
1,2,4,4,2,0,0.858,1,3,2,1.428,0,5,38.63,7,4,5,-2.731,0.2,4,0,4,-0.067,0,3,-0.216,0,4,-1.076,-1.296,0,0,4,7,0.0,0,6,2,5,5,-0.026,5,5,0,-0.37,0.0,0
4,0,4,3,4,0,2.075,2,1,4,1.906,2,4,22.92,0,4,0,-0.887,-1.234,3,0,0,-0.683,2,0,2.158,1,4,-1.486,-3.966,3,5,2,6,0.0,5,2,2,5,2,-0.834,4,0,4,0.336,0.0,0
0,1,0,0,3,0,-2.173,4,3,3,-1.624,2,7,28.86,3,2,0,-2.41,0.482,2,0,2,-2.956,0,2,-0.318,7,3,-1.018,-3.798,0,0,1,2,0.0,0,0,5,0,0,-1.471,1,4,5,-1.536,0.0,0
2,6,3,6,3,0,-1.632,3,3,3,0.238,1,4,31.68,7,0,5,-0.831,0.332,3,0,0,1.788,6,0,-1.297,3,2,1.413,2.216,1,2,2,1,0.0,1,6,2,1,0,0.516,7,0,4,0.147,0.0,0
5,4,1,4,4,1,3.154,5,4,2,-0.177,3,3,30.58,6,1,1,0.429,1.721,3,1,5,0.877,1,2,-1.419,7,5,2.559,0.202,2,5,2,6,0.0,0,2,0,0,0,0.614,3,1,4,1.941,164.57,1
2,2,0,0,0,0,4.976,1,4,1,0.799,1,4,34.71,5,6,4,3.465,-0.259,4,1,1,0.191,1,4,0.69,2,5,3.787,0.537,3,1,3,6,0.0,5,5,0,2,4,2.712,6,2,3,1.9,33.11,1
0,6,3,4,5,0,-2.871,5,1,3,-0.732,2,6,33.95,0,1,5,-0.515,1.575,4,0,2,-3.557,5,4,-1.933,3,4,-1.733,-1.658,4,3,4,1,0.0,3,7,0,1,4,-2.417,5,0,4,-1.595,0.0,0
4,0,2,2,4,1,2.035,2,2,4,2.612,3,6,33.8,6,6,1,0.222,-0.072,4,1,2,-5.71,5,4,2.153,4,1,1.968,1.302,0,0,2,2,0.0,5,6,0,4,0,2.236,0,5,4,2.052,0.0,1
2,3,5,7,4,0,-1.89,4,1,2,0.641,1,3,27.71,2,1,0,-4.7,-2.086,4,0,0,-2.215,4,0,0.04,6,3,-0.246,1.307,3,1,0,7,0.0,0,3,2,1,2,-0.106,4,2,4,-0.74,0.0,0
4,1,0,7,2,0,-2.361,1,5,0,-0.514,4,2,27.86,4,7,2,1.863,-0.506,5,0,0,1.306,6,5,-2.976,0,0,0.03,2.48,4,2,2,4,0.0,1,7,4,0,0,-0.65,2,3,1,0.965,0.0,0
4,6,3,3,2,0,-0.844,0,5,5,-2.598,1,1,17.15,2,7,3,2.082,-0.832,3,0,0,0.045,7,0,-1.077,1,2,-0.555,-0.33,5,1,5,2,0.0,1,5,3,6,6,-0.794,6,2,2,-1.466,0.0,0
0,1,5,3,1,0,1.511,1,4,4,-0.216,0,4,27.11,6,1,4,-0.082,-2.095,3,0,1,1.168,7,5,1.904,4,0,-2.195,1.206,4,0,5,0,0.0,3,6,2,7,5,0.826,7,5,0,0.808,0.0,0
2,3,2,3,1,0,0.82,4,1,0,1.677,1,3,28.5,7,6,2,-1.456,0.312,2,0,2,2.307,3,1,4.042,5,5,-0.384,-1.654,2,0,1,5,0.0,0,1,1,0,4,0.671,7,4,3,0.643,0.0,0
1,0,1,1,5,0,-1.346,0,0,2,2.826,0,4,33.01,1,6,3,-1.62,-1.223,1,0,2,-1.535,6,2,-0.512,7,5,-1.151,-2.41,2,0,5,7,0.0,0,6,5,1,5,-1.909,4,0,5,-2.321,0.0,0
4,0,0,7,2,0,-1.905,2,5,2,-1.946,3,2,33.63,2,6,0,-1.098,-0.905,4,0,1,-3.445,4,2,-0.388,1,3,-1.343,-1.363,3,3,5,6,0.0,2,3,4,4,3,-1.955,0,4,0,-2.369,0.0,0
1,0,0,0,1,0,-0.669,5,0,1,-1.921,4,0,27.34,2,0,0,-1.041,-0.207,2,0,5,-0.842,0,1,-1.445,7,0,-0.644,1.812,2,4,2,6,0.0,5,6,0,5,4,-1.156,1,5,4,-0.969,0.0,0
5,0,2,3,3,0,2.471,4,2,1,0.345,3,2,34.86,5,4,4,2.616,1.31,5,0,1,1.109,7,1,-0.994,5,3,2.652,0.106,1,2,4,0,0.0,3,7,4,4,1,-0.574,6,3,2,0.028,0.0,0
1,3,0,5,5,0,-0.548,2,5,0,0.311,3,4,14.76,0,2,0,-0.518,-0.595,2,0,5,0.745,3,5,-1.102,3,3,0.11,-0.511,4,0,5,2,0.0,0,0,2,2,1,0.897,5,5,4,0.389,0.0,0
2,4,0,0,2,0,0.171,1,0,4,0.785,0,7,31.79,3,2,4,-2.512,0.432,1,0,2,-1.068,0,1,1.168,5,2,-0.61,0.773,2,4,2,5,0.0,0,6,5,2,6,-0.664,5,3,1,-0.664,0.0,0
0,6,0,0,4,0,-0.175,5,5,3,1.17,5,6,28.41,7,2,2,3.061,-0.808,0,0,1,0.101,5,1,1.458,1,5,2.484,2.212,5,5,4,1,0.0,4,5,4,7,3,0.239,3,5,5,0.913,0.0,0
2,5,5,0,4,0,-0.609,2,4,4,-2.388,5,7,37.22,3,1,0,1.664,-0.097,3,0,2,1.521,7,2,-3.242,3,5,1.944,-0.391,1,3,2,1,0.0,2,4,5,6,1,-0.601,5,5,5,0.228,0.0,0
5,5,4,1,0,0,1.151,4,1,5,-1.883,0,3,24.02,3,0,4,0.957,1.286,5,0,1,1.779,6,4,1.622,4,0,0.245,-0.62,1,1,2,2,0.0,0,2,4,0,4,0.824,7,1,2,0.835,0.0,0
4,2,0,7,1,0,1.006,3,5,1,-0.073,0,5,35.07,7,6,4,2.032,-0.69,5,0,0,-1.928,1,3,1.501,1,1,2.788,1.425,1,3,2,6,0.0,1,6,0,4,1,1.172,0,3,3,1.004,0.0,0
3,7,5,7,1,0,0.351,3,2,2,-2.27,4,4,22.37,5,3,2,0.076,-0.037,3,0,1,1.333,6,3,0.22,3,5,1.786,-0.177,4,1,3,3,0.0,2,2,2,6,3,-0.098,1,5,4,-0.777,0.0,0
2,7,4,6,1,0,-1.222,1,0,2,0.083,1,7,23.06,4,2,3,1.657,0.922,4,0,4,1.404,3,0,2.463,5,2,-0.662,-0.209,0,1,5,5,0.0,4,7,2,7,7,0.057,6,0,2,-0.16,0.0,0
3,7,2,7,1,0,-4.132,1,0,0,1.658,4,7,18.69,0,0,5,1.43,0.425,3,0,5,-4.568,7,2,5.385,4,4,-1.39,2.837,5,3,3,6,0.0,5,0,1,6,5,-0.248,2,3,0,0.363,0.0,0
3,7,2,5,4,0,0.487,0,1,4,2.324,3,6,25.46,2,6,1,1.337,-0.646,0,0,5,-0.113,7,1,-0.006,5,3,-0.647,-0.322,4,0,3,2,0.0,3,2,2,0,1,1.808,3,5,4,0.882,0.0,0
5,3,3,2,0,0,3.825,5,1,0,-0.463,2,6,30.86,2,5,5,0.294,-0.663,5,0,2,3.043,0,1,0.303,2,5,2.672,3.564,2,1,3,1,0.0,1,7,3,5,6,1.132,4,1,5,1.122,0.0,0
1,7,1,6,3,0,0.828,3,0,2,-0.022,4,5,14.62,5,0,1,0.016,0.595,1,0,0,-1.124,0,4,0.093,4,4,-2.329,-0.764,5,3,1,4,0.0,2,2,2,7,7,0.031,3,5,5,-0.689,0.0,0
0,1,3,0,3,0,-0.177,1,4,5,0.662,3,6,30.14,2,3,1,-3.754,0.358,3,0,1,-3.208,4,2,-0.151,3,2,-0.858,1.813,2,3,1,7,0.0,5,3,0,7,7,-0.207,0,1,0,-0.344,0.0,0
0,5,0,6,1,0,-1.405,5,0,4,0.862,2,1,26.17,6,0,0,-0.778,1.741,4,0,0,0.749,5,5,-0.297,0,5,-2.812,-2.505,3,0,1,3,0.0,1,5,3,5,0,-0.577,1,0,1,-1.398,0.0,0
2,2,3,7,0,0,1.429,0,5,0,0.989,2,0,25.0,2,3,0,0.965,-0.48,4,0,0,3.848,1,0,-0.578,6,4,-0.729,0.739,2,0,1,7,0.0,5,6,4,6,2,0.022,7,3,5,0.536,0.0,0
4,1,5,0,5,0,1.409,5,5,4,-2.456,4,1,35.11,1,4,4,-1.596,1.132,2,0,4,0.449,3,4,1.849,3,4,-1.018,0.992,2,4,4,0,0.0,5,4,2,1,0,-0.693,1,4,2,0.025,0.0,0
4,3,2,0,2,0,0.024,3,4,2,-0.511,2,3,32.65,1,2,5,2.406,-0.289,5,1,3,5.246,6,0,0.018,6,5,-1.759,2.19,0,4,2,2,0.0,0,2,3,2,5,1.031,2,1,2,1.631,90.0,1
0,5,2,0,5,0,1.151,1,3,4,0.474,1,5,24.28,0,4,2,0.015,-0.036,2,0,0,4.463,2,4,0.168,2,3,0.154,-0.489,4,2,4,5,0.0,5,4,5,7,5,0.758,4,2,5,0.245,0.0,0
2,7,3,1,1,0,-0.099,1,0,2,-0.121,0,5,18.48,6,3,2,-0.028,-2.739,2,0,0,-2.403,3,1,-0.761,4,1,-2.984,-0.894,0,0,1,5,0.0,1,3,0,3,2,-1.499,3,5,1,-0.148,0.0,0
0,4,0,3,5,0,-2.908,1,5,3,-1.734,3,1,20.7,1,4,5,-2.699,-0.145,0,0,3,-0.794,2,2,-1.074,4,3,-4.547,-0.614,5,1,4,7,0.0,1,0,4,6,4,-1.851,5,3,0,-1.774,0.0,0
4,5,3,0,0,1,-0.33,5,2,5,2.632,1,3,36.99,0,2,2,0.935,0.374,1,1,4,0.885,6,5,4.44,7,2,2.191,4.276,1,1,2,0,0.0,1,3,5,5,5,1.031,0,3,4,1.178,0.0,1
3,1,0,2,0,0,2.986,2,3,5,1.743,5,5,28.16,2,7,4,0.371,-0.576,0,0,3,-0.515,6,4,2.779,4,4,-0.773,1.898,5,5,3,3,0.0,4,7,2,4,3,0.424,5,5,1,0.473,0.0,0
3,1,3,7,5,0,-2.489,0,4,4,-2.949,5,7,25.22,6,5,2,0.88,0.557,0,0,0,-1.236,1,4,0.342,2,2,-1.206,0.039,4,3,0,7,0.0,2,3,1,3,6,-1.971,7,4,1,-2.653,0.0,0
5,0,2,0,0,0,-2.002,5,0,0,-1.244,5,1,25.65,1,1,4,-0.777,0.24,0,0,5,-3.708,3,5,-4.205,7,4,1.177,0.102,4,5,0,0,0.0,4,0,3,2,2,-0.578,5,3,4,-0.925,0.0,0
1,3,2,3,5,0,0.262,3,4,4,-0.857,3,0,39.18,5,7,0,-3.357,0.591,3,0,3,-2.352,5,4,-1.954,6,0,0.269,-0.605,4,2,1,6,0.0,2,3,5,0,2,-0.154,3,4,1,0.713,0.0,0
2,0,3,5,3,0,0.028,4,1,0,-0.063,4,4,27.42,4,7,5,-1.926,0.262,4,0,5,1.537,7,0,-0.403,4,2,-0.587,-0.202,5,4,4,7,0.0,1,4,2,6,4,-0.935,5,5,5,-0.306,0.0,0
1,2,3,0,4,0,0.914,4,1,4,2.554,5,1,34.84,3,6,4,1.554,-1.135,2,0,5,1.301,6,3,2.364,6,5,3.824,0.674,1,1,0,2,0.0,1,7,4,7,1,-0.245,6,4,5,0.312,0.0,0
4,2,0,2,2,0,-2.346,2,1,4,-3.169,2,6,20.8,5,0,0,-1.614,-0.144,3,0,5,-0.875,2,2,-3.722,2,1,-3.072,-2.773,3,2,2,3,0.0,4,1,0,4,0,-1.403,4,2,0,-1.651,0.0,0
1,3,3,6,1,0,2.905,2,1,4,2.025,5,1,39.29,1,0,5,2.813,-1.399,5,0,5,0.519,7,3,2.856,0,1,2.058,1.476,4,3,5,1,0.0,0,0,1,5,4,1.076,4,2,0,0.905,0.0,0
2,3,4,5,3,0,-4.641,0,3,4,-2.142,1,2,39.15,0,6,5,-3.059,-0.162,5,0,3,-3.031,5,5,-2.867,0,4,-2.685,-0.055,1,1,0,1,0.0,4,4,5,4,6,-0.611,0,3,3,-2.104,0.0,0
5,4,2,4,5,0,-1.177,1,5,1,1.377,5,1,21.26,6,4,2,-2.839,1.561,2,0,2,2.6,0,5,1.067,5,2,-0.25,0.76,2,5,0,5,0.0,3,6,4,6,3,0.312,0,4,0,0.171,0.0,0
0,6,0,2,0,1,-0.499,4,4,5,2.932,0,5,38.39,6,4,3,1.453,1.257,0,1,1,1.228,2,1,3.14,2,3,5.102,1.391,1,3,4,1,0.0,2,2,2,3,4,1.309,1,0,1,1.557,22.86,1
3,6,1,3,3,0,-0.903,3,4,0,-1.139,2,0,30.74,4,0,5,0.618,-1.825,1,0,2,-2.083,7,2,1.697,0,3,0.034,0.117,3,2,3,4,0.0,3,3,2,3,6,-0.319,4,0,4,0.416,0.0,0
3,3,2,0,2,0,-3.397,0,5,3,-0.486,5,5,25.54,7,4,0,-3.894,-0.732,4,0,5,-3.016,7,2,0.049,7,3,-0.821,-0.315,0,4,1,1,0.0,2,3,1,7,1,-2.43,5,3,2,-2.137,0.0,0
2,7,1,7,3,1,-0.399,4,4,5,0.401,0,2,34.49,7,2,0,1.38,0.088,5,0,3,2.979,0,2,-0.78,6,1,1.926,3.667,3,4,4,5,0.0,1,0,3,5,2,1.58,3,4,5,1.179,214.09,1
0,7,1,0,0,0,2.199,2,1,0,0.574,4,0,29.47,3,4,3,2.932,-0.084,2,0,5,2.13,0,5,0.518,7,4,3.062,1.86,0,1,2,0,0.0,1,0,1,7,2,0.679,7,5,3,1.206,0.0,0
1,2,0,5,3,0,0.309,0,2,3,-1.915,2,2,39.42,1,7,5,-1.415,-0.466,0,0,0,-4.583,7,4,-3.576,4,3,-4.979,-3.764,1,3,3,0,0.0,1,6,0,1,7,-0.794,6,1,2,-1.053,0.0,0
2,0,5,7,4,0,2.829,5,0,5,1.068,3,5,33.27,4,3,4,-1.768,0.24,2,0,1,4.663,0,4,-2.789,4,1,0.481,0.62,4,1,3,3,0.0,1,0,2,0,5,1.134,3,3,2,0.385,0.0,0
0,1,3,0,2,0,2.443,3,2,2,-1.34,2,2,29.26,7,5,4,1.008,0.64,3,0,2,-2.501,3,3,0.845,3,1,0.456,0.466,1,1,1,7,0.0,0,6,5,4,0,1.263,1,5,4,1.145,0.0,0
3,6,0,4,1,0,1.894,3,4,1,3.621,3,2,16.5,7,1,0,-1.25,1.708,2,0,4,-0.903,6,4,-2.08,0,3,0.585,-1.633,0,5,4,7,0.0,5,0,2,4,7,1.1,1,1,0,0.648,0.0,0
4,6,1,4,2,0,2.66,1,2,1,1.329,1,2,39.43,4,0,0,4.564,1.189,4,1,1,-1.609,6,3,3.231,6,3,1.477,0.417,0,1,5,0,0.0,0,5,0,3,0,1.912,7,3,4,1.862,177.5,1
3,0,2,6,2,0,0.834,3,4,1,1.212,0,5,19.91,6,6,4,0.571,-0.497,3,0,0,-4.367,2,0,1.126,1,0,0.748,-0.175,5,0,4,2,0.0,2,0,3,1,5,-0.885,5,0,4,0.225,0.0,0
1,3,2,0,0,0,-0.16,4,2,2,2.588,5,6,36.31,7,2,0,0.765,2.491,4,0,2,-0.077,7,1,3.251,2,1,-0.696,-3.069,3,1,1,5,0.0,1,4,4,2,6,0.656,0,5,2,-0.239,0.0,0
1,4,0,1,0,0,0.776,0,1,3,2.439,4,7,39.94,2,3,3,2.63,1.383,2,1,5,0.078,6,0,-0.452,7,4,1.956,4.599,3,2,1,7,0.0,5,2,4,4,4,1.47,2,4,5,1.442,191.09,1
4,6,1,0,4,0,1.944,1,0,5,-1.537,1,2,29.06,4,6,1,0.61,-1.103,1,0,2,-2.712,3,4,2.876,1,5,0.03,0.518,3,4,4,4,0.0,1,2,3,6,7,0.314,2,3,1,0.418,0.0,0
4,3,2,4,4,0,-0.622,1,1,3,0.075,5,7,29.46,7,0,1,-1.58,-1.053,4,0,4,-2.788,4,4,-1.257,2,3,-1.98,-1.179,2,1,0,5,0.0,1,5,2,0,0,-0.453,7,3,4,-0.84,0.0,0
4,1,5,5,2,0,3.403,0,0,0,-1.642,5,5,26.23,3,4,1,-3.636,-0.302,1,0,0,-2.272,1,3,-1.214,0,3,0.763,2.026,0,1,1,5,0.0,2,3,5,0,4,-0.464,4,2,2,0.049,0.0,0
1,6,4,6,0,0,-3.473,3,5,5,-3.182,1,5,29.77,5,7,3,0.697,-1.526,0,0,1,-2.12,3,1,-1.881,4,0,-3.619,0.461,2,5,5,4,0.0,2,6,1,1,3,-2.026,6,5,2,-1.938,0.0,0
0,3,3,6,4,1,1.674,5,2,3,1.644,5,0,32.99,0,4,0,4.302,-0.949,1,1,3,2.834,2,2,3.814,7,1,3.052,0.481,3,5,0,0,0.0,0,1,5,1,4,1.906,7,2,5,2.047,81.41,1
5,0,2,4,1,1,5.507,1,0,4,3.082,4,3,28.74,1,3,1,4.724,-0.444,4,1,5,1.465,5,2,3.338,2,2,3.37,3.587,5,5,2,5,0.0,4,4,3,5,2,3.583,1,2,4,3.245,122.9,1
1,6,0,0,5,0,-1.891,1,2,3,-2.231,4,4,31.9,1,4,3,-1.322,-0.02,5,0,5,-1.808,7,1,-2.976,0,5,-2.232,-2.25,5,2,5,6,0.0,5,0,1,5,3,-0.29,5,4,1,-0.611,0.0,0
2,2,4,7,1,0,-2.367,2,4,5,0.31,2,4,31.97,2,3,2,-0.917,-0.281,2,0,5,3.977,7,2,-0.666,1,1,1.329,-1.415,5,5,0,4,0.0,5,6,5,0,7,0.029,0,5,1,0.304,0.0,0
0,3,3,1,0,0,-2.822,0,3,0,-0.286,1,1,28.49,3,4,0,0.605,-0.015,4,0,3,-1.228,1,3,2.626,1,1,1.865,-1.279,3,5,4,5,0.0,4,4,3,6,4,-0.311,0,0,0,-0.174,0.0,0
1,3,0,6,5,0,-0.722,2,4,2,-1.41,4,0,36.14,1,5,4,1.127,-0.604,4,0,0,0.176,7,1,-2.868,6,5,-0.424,1.345,4,5,1,1,0.0,4,0,2,5,5,0.114,2,3,4,0.334,0.0,0
2,0,4,3,5,0,-0.587,4,2,5,-1.209,3,6,27.85,4,7,4,-3.167,0.06,1,0,0,0.463,7,5,-0.536,5,3,-0.761,-0.631,0,1,3,7,0.0,1,0,0,4,7,-0.285,2,3,2,0.071,0.0,0
2,1,0,1,4,0,1.883,2,0,2,1.117,2,3,23.6,3,5,1,0.098,0.958,2,0,1,-0.286,0,1,1.401,2,1,-1.309,0.952,1,4,2,3,0.0,1,5,4,3,3,0.335,3,3,3,0.217,0.0,0
1,0,3,5,5,0,0.043,2,3,0,3.424,5,3,46.32,3,3,3,-0.046,0.162,5,1,2,2.675,5,3,2.439,7,0,-1.587,-0.116,5,0,0,3,0.0,5,3,2,2,1,2.132,5,3,2,1.849,239.73,1
1,5,3,1,0,0,-4.173,1,2,0,-2.761,2,3,24.9,6,2,2,-1.208,1.483,0,0,4,-1.774,3,3,-2.757,6,4,-2.866,-1.112,5,4,5,6,0.0,0,0,1,2,0,-3.518,7,4,5,-2.707,0.0,0
0,7,1,2,2,0,-0.986,2,0,5,1.062,4,6,21.42,1,4,2,-1.198,0.8,3,0,0,-1.385,0,3,-2.07,2,1,-0.364,-2.335,1,5,0,0,0.0,2,0,5,7,4,-0.65,4,4,2,-0.258,0.0,0
0,5,0,5,2,0,1.651,0,1,4,-0.04,2,6,25.58,0,4,2,0.645,-0.186,3,0,2,-0.328,6,1,-0.186,2,5,0.312,0.6,5,3,5,3,0.0,2,7,3,3,0,0.403,2,1,5,0.729,0.0,0
4,6,0,1,5,0,2.371,2,5,5,-2.934,4,5,29.79,4,6,3,1.562,-1.059,4,0,3,-0.293,1,3,-2.437,5,4,-1.286,-1.895,1,2,0,5,0.0,5,4,5,5,6,-0.223,3,2,4,0.144,0.0,0
1,2,3,5,4,0,0.259,1,3,2,1.844,4,0,27.19,0,1,4,1.738,-0.416,3,0,3,0.856,7,0,0.967,5,1,0.441,-2.234,2,0,2,4,0.0,2,4,3,0,6,0.835,3,5,0,0.64,0.0,0
2,7,3,7,3,0,1.508,1,0,2,0.428,5,7,33.94,0,1,2,1.442,-0.029,2,0,0,0.059,1,0,1.434,6,3,-0.259,1.66,0,5,0,0,0.0,0,6,1,7,1,1.167,3,4,4,0.315,0.0,0
1,4,5,5,1,0,-4.028,3,2,1,-1.434,0,0,24.27,3,4,5,-1.92,1.348,1,0,3,-4.538,5,1,-1.282,4,1,-4.704,-5.998,1,3,1,1,0.0,0,4,4,2,2,-1.741,6,4,4,-1.753,0.0,0
1,4,2,2,1,0,1.003,0,3,2,1.192,5,5,36.0,2,1,1,1.174,-0.498,1,1,5,-1.537,0,1,1.641,2,2,0.744,-2.333,5,4,1,1,0.0,1,5,2,6,4,0.581,4,5,0,0.636,115.78,1
3,4,1,2,5,0,-1.408,4,0,2,1.586,5,5,18.64,2,1,1,-2.674,1.28,1,0,4,-0.989,2,2,0.037,4,4,0.675,0.723,2,5,3,3,0.0,0,1,5,7,4,0.99,4,4,5,0.193,0.0,0
5,3,0,3,2,0,0.798,5,5,0,-0.972,3,2,27.79,6,3,2,-2.082,-2.052,2,0,2,-2.098,6,2,-2.736,7,0,-1.889,-1.704,5,0,4,5,0.0,3,6,4,6,1,-1.405,2,1,5,-1.5,0.0,0
0,6,0,0,2,0,-2.396,2,1,3,-0.272,1,0,31.4,6,2,0,-1.55,-1.385,0,0,2,-2.052,7,1,-0.959,1,3,-1.072,-0.58,5,1,2,1,0.0,2,2,4,0,4,-0.757,6,5,0,-1.527,0.0,0
3,3,5,7,5,0,-0.104,2,2,2,0.325,1,2,22.22,1,0,1,-0.427,2.274,4,0,3,-4.371,3,2,-0.383,2,0,0.054,0.509,4,0,5,0,0.0,3,1,3,5,3,-0.25,0,3,5,-0.367,0.0,0
4,5,4,3,3,0,-1.771,5,1,0,0.317,4,7,26.04,3,3,2,-1.106,-1.285,4,0,3,-4.44,1,1,-5.105,2,5,-2.551,-1.392,5,0,0,6,0.0,0,5,4,6,0,-1.585,4,5,4,-1.213,0.0,0
3,7,0,3,5,0,0.424,1,1,5,2.015,3,1,20.55,3,6,5,-0.171,-0.058,5,0,2,-2.087,3,1,1.511,3,4,-1.193,-0.451,1,3,5,3,0.0,3,3,3,7,2,-1.052,1,3,0,-0.703,0.0,0
2,6,5,1,5,1,2.084,1,0,4,4.905,4,4,30.26,0,3,1,3.514,0.586,5,1,1,-0.536,4,4,4.418,7,0,4.672,1.155,2,2,3,0,0.0,3,1,3,4,6,3.602,3,5,0,2.817,0.0,1
4,0,4,6,0,0,2.614,4,3,0,-0.861,3,7,25.11,1,0,4,-0.535,0.793,4,0,2,-1.023,7,2,-1.227,6,5,1.618,-1.719,1,1,1,4,0.0,0,2,3,3,7,0.366,2,5,2,0.507,0.0,0
4,1,1,0,5,0,-2.242,3,4,1,0.577,3,5,28.28,2,4,2,-2.336,-1.368,3,0,5,-3.743,5,2,0.552,1,5,-1.073,-1.081,0,5,2,3,0.0,3,5,1,5,6,-1.053,1,3,4,0.223,0.0,0
1,7,1,6,5,0,-2.512,4,0,1,1.048,3,7,31.16,7,1,2,-3.768,1.49,5,0,2,-2.207,1,4,0.33,5,4,-2.09,-3.318,5,0,2,7,0.0,1,1,5,1,4,-1.929,7,4,2,-1.896,0.0,0
4,7,0,6,3,0,0.488,3,2,0,-1.958,1,2,32.79,7,5,3,1.684,-0.312,1,0,4,2.403,4,3,-0.667,0,0,2.98,0.565,4,5,3,4,0.0,1,1,0,6,1,1.816,4,3,0,0.652,0.0,0
1,0,0,5,0,0,-0.664,2,3,2,-1.931,2,7,36.96,0,0,1,-1.987,0.876,3,0,5,-2.043,1,3,-1.397,0,4,-2.84,0.258,1,4,0,2,0.0,2,4,3,3,3,-1.195,1,1,2,-0.687,0.0,0
5,3,5,5,5,0,0.279,5,3,3,-1.249,4,7,28.95,4,4,4,2.178,0.002,5,0,1,1.628,4,5,-0.911,5,0,0.393,1.942,2,3,4,6,0.0,3,4,4,4,2,0.99,6,0,4,0.441,0.0,0
3,0,4,6,4,0,-1.892,5,4,5,1.553,3,0,26.85,0,7,5,-1.335,-0.581,5,0,4,0.213,4,5,1.136,2,2,-0.024,-2.407,0,0,3,3,0.0,4,4,4,4,5,-0.067,4,5,2,0.357,0.0,0
5,2,4,1,4,0,0.213,4,3,1,2.492,4,7,33.16,7,2,0,0.449,0.864,3,0,1,2.03,3,0,0.879,7,5,2.186,-1.458,3,3,3,5,0.0,2,0,5,0,1,-0.029,1,1,0,-0.5,0.0,0
2,2,3,3,4,0,0.56,3,1,0,2.478,0,7,25.28,3,5,2,-0.153,-0.201,2,0,0,0.565,4,1,-0.443,0,4,1.688,3.656,0,2,1,4,0.0,2,7,2,1,7,0.437,2,1,2,0.597,0.0,0
4,4,5,6,3,0,1.04,3,4,4,-1.557,1,6,37.61,2,0,5,-2.468,0.182,3,0,1,0.869,2,3,-1.759,1,3,2.048,1.915,3,2,0,3,0.0,5,4,0,4,6,0.024,5,1,5,0.129,0.0,0
5,1,3,1,1,0,0.343,3,1,3,0.443,5,1,24.22,2,7,3,1.544,0.726,5,0,3,-3.037,0,4,-0.186,2,3,1.992,2.816,1,1,0,2,0.0,5,7,0,6,7,0.499,3,3,1,-0.485,0.0,0
0,6,1,5,0,0,-1.427,1,2,5,-3.616,5,7,30.32,3,0,3,-0.881,0.543,3,0,4,-1.817,1,2,-2.128,6,2,-0.58,-0.494,0,1,0,2,0.0,0,2,5,3,5,-1.128,7,3,2,-1.41,0.0,0
3,1,2,6,3,0,-0.408,3,0,0,-1.614,1,3,18.01,1,6,1,-0.916,0.876,3,0,3,1.166,6,1,-1.498,2,4,2.042,1.907,2,4,1,4,0.0,1,5,3,5,5,-0.471,3,1,4,-0.363,0.0,0
0,3,2,4,2,1,2.37,3,4,1,0.855,5,7,44.31,1,5,0,2.475,1.724,0,1,3,0.342,0,0,3.672,6,0,3.19,1.619,2,2,4,2,0.0,2,4,4,3,1,1.822,2,2,3,1.807,239.46,1
3,5,1,7,1,1,2.41,5,3,5,0.759,2,5,33.89,7,4,1,0.238,-0.407,2,1,5,1.664,5,0,1.379,6,4,-0.337,4.341,0,0,4,0,0.0,2,1,0,7,7,1.45,3,5,2,2.036,143.41,1
4,4,0,1,0,0,-0.772,0,5,0,2.679,4,7,38.42,3,7,0,0.515,0.407,3,1,2,3.515,6,5,2.778,5,4,3.222,-0.719,3,2,2,5,0.0,2,6,2,2,2,2.093,4,1,4,1.079,141.77,1
3,7,3,0,2,0,0.97,0,2,0,-1.343,4,5,24.13,7,2,1,-0.826,-1.252,0,0,0,-2.587,5,2,0.192,2,3,1.531,2.132,0,5,1,1,0.0,1,3,5,5,2,0.028,6,4,4,0.377,0.0,0
2,4,5,2,3,0,1.165,1,3,4,-0.278,3,1,20.55,1,6,0,1.284,0.738,5,0,2,0.883,5,0,1.919,4,3,-0.759,4.053,2,0,0,3,0.0,2,3,4,7,0,-0.316,5,2,1,0.27,0.0,0
0,6,3,3,5,1,2.586,4,0,5,1.435,4,1,34.98,2,2,1,-1.03,-0.761,4,1,1,1.872,2,4,3.775,6,1,2.295,1.077,3,1,3,2,0.0,3,6,0,5,0,1.831,0,1,5,2.148,79.94,1
5,5,5,7,1,0,-1.692,0,4,1,-2.154,3,4,37.37,7,5,0,-0.393,-0.226,5,1,0,2.011,0,0,2.241,4,3,-1.339,1.602,3,1,1,3,0.0,0,3,3,3,0,1.29,1,5,4,1.576,74.06,1
3,0,0,0,2,0,-0.133,0,0,1,0.597,2,1,21.57,4,1,4,0.158,1.426,2,0,1,-1.543,5,3,-3.827,5,3,1.015,-0.522,0,5,2,2,0.0,3,7,4,5,0,-0.559,5,5,1,-0.504,0.0,0
1,3,5,2,1,0,-1.126,1,0,4,-0.014,4,4,26.14,3,6,2,-1.546,-0.617,0,0,1,0.54,7,2,-2.243,1,1,-1.513,-3.175,0,0,5,5,0.0,5,3,4,6,3,-2.06,1,3,0,-1.652,0.0,0
1,4,3,4,4,0,-1.214,5,5,0,0.884,5,6,28.84,3,4,5,-3.981,0.72,5,0,1,-2.709,2,1,-0.327,7,3,-0.053,-0.295,4,3,5,2,0.0,0,6,2,1,6,-1.331,2,3,0,-0.416,0.0,0
5,0,5,4,5,0,0.721,5,2,2,0.731,3,1,30.56,0,2,0,0.368,0.653,3,0,5,1.79,0,1,0.154,1,5,0.522,0.381,4,2,3,7,0.0,3,5,0,3,4,0.648,7,2,2,0.181,0.0,0
0,1,3,6,4,0,5.062,1,3,0,0.241,4,4,24.16,7,6,5,1.065,0.272,0,1,4,2.265,4,2,0.101,5,1,2.211,2.458,2,0,2,3,0.0,0,1,1,6,4,1.368,2,4,4,0.963,108.96,1
2,2,3,4,0,0,-0.495,1,1,3,-2.712,5,4,38.41,7,6,3,-2.023,1.608,5,0,0,-3.898,1,2,-1.343,3,4,-1.764,-0.492,0,5,1,7,0.0,2,0,3,4,2,-0.984,2,3,0,-0.434,0.0,0
4,1,5,3,1,0,1.39,0,1,5,0.058,3,1,25.94,3,4,1,1.066,0.56,0,0,4,-0.264,0,0,4.41,5,2,2.919,2.486,0,4,1,4,0.0,1,7,5,4,2,1.367,0,4,4,1.771,0.0,0
1,3,5,5,2,0,-0.229,4,4,2,-1.243,4,1,32.97,3,3,0,-0.908,0.279,0,0,3,-2.286,2,3,1.94,7,3,0.461,1.509,2,5,3,4,0.0,0,5,3,6,3,1.159,7,3,0,0.77,0.0,0
2,0,4,3,2,0,0.166,3,5,5,0.81,0,0,22.37,7,4,2,-0.265,-0.753,4,0,4,1.562,0,4,1.467,0,1,-0.514,0.065,1,4,0,6,0.0,1,1,5,2,0,-0.318,0,4,1,-0.435,0.0,0
0,7,4,0,1,0,-0.534,1,4,2,0.526,4,6,21.68,1,0,5,-2.884,-1.257,2,0,1,1.518,3,4,-2.389,4,2,1.901,-0.466,2,5,2,0,0.0,0,7,2,3,7,-1.032,3,3,2,-0.445,0.0,0
2,7,5,0,1,0,-2.034,1,5,0,0.03,3,7,37.53,2,5,5,0.195,0.825,1,0,2,2.376,7,3,-2.72,1,4,-1.092,2.172,5,3,4,5,0.0,0,2,5,4,7,0.502,6,1,0,0.819,0.0,0
2,2,5,6,1,0,0.206,2,5,5,-0.436,3,5,35.66,2,0,5,2.073,-0.57,4,0,3,1.474,0,4,0.754,4,4,1.75,-0.26,2,1,5,7,0.0,3,3,0,1,5,1.139,4,5,4,0.581,0.0,0
5,2,1,6,3,0,-1.559,3,1,0,-2.554,0,3,32.08,7,1,2,-0.455,-0.848,3,0,0,0.283,2,2,1.143,0,0,-1.681,-1.167,5,1,3,2,0.0,0,4,4,2,7,-0.108,6,0,0,0.046,0.0,0
3,2,2,3,0,0,0.969,3,1,1,-5.126,0,0,29.83,1,3,5,-0.236,0.443,4,0,4,-1.572,5,1,-2.102,3,4,-2.153,-1.65,5,4,3,0,0.0,5,6,5,4,5,-1.476,2,5,4,-0.928,0.0,0
0,5,5,4,5,1,0.684,0,0,5,2.037,3,3,27.36,0,6,3,-1.79,0.243,0,1,5,1.981,5,1,0.515,6,3,2.791,1.623,2,0,3,0,0.0,5,7,3,5,6,0.457,4,0,4,1.001,0.0,1
5,0,0,3,2,0,-1.028,0,5,3,2.656,3,2,13.25,4,1,5,-0.657,-0.8,4,0,0,-1.292,1,0,0.891,6,1,-0.182,0.167,0,3,4,3,0.0,4,5,2,4,0,1.447,4,2,0,0.766,0.0,0
0,4,5,4,0,0,1.349,5,0,4,-1.175,2,5,22.72,0,0,0,1.972,0.544,1,0,3,0.813,4,4,0.069,2,1,1.188,0.545,3,1,0,6,0.0,0,1,2,3,1,-0.317,2,3,2,0.347,0.0,0
1,7,3,1,2,0,2.236,5,0,3,-1.892,3,0,25.85,3,7,3,0.674,0.675,2,0,4,-3.585,3,1,2.623,3,1,-0.379,0.896,3,4,5,6,0.0,1,3,3,6,7,1.29,7,3,0,0.652,0.0,0
2,4,5,2,0,0,0.827,2,1,4,0.121,1,5,31.82,4,5,3,3.004,0.125,5,0,0,-3.126,0,5,0.053,2,3,-1.022,0.7,1,0,4,0,0.0,4,7,5,6,7,0.646,2,3,3,-0.07,0.0,0
2,2,2,0,4,0,1.441,4,1,3,-0.951,2,1,21.29,4,3,2,-0.496,-0.262,2,0,5,-2.325,4,1,-2.063,3,3,-2.148,-1.95,4,3,4,4,0.0,2,4,2,2,2,-1.377,2,1,1,-0.831,0.0,0
4,1,1,1,0,0,-2.345,4,4,4,-1.601,4,4,36.16,4,2,0,-1.521,-0.163,3,0,4,-1.628,7,3,-1.471,0,2,-2.394,-1.046,4,3,5,2,0.0,2,5,1,2,0,-0.41,5,4,1,-0.833,0.0,0
4,4,4,0,2,0,-0.374,1,4,4,-0.374,5,7,21.49,6,6,1,1.821,-0.45,2,0,5,2.451,0,4,0.241,4,4,1.776,0.244,3,5,2,3,0.0,5,4,4,1,3,0.339,1,4,0,0.827,0.0,0
0,7,3,2,2,0,-0.032,3,2,5,-1.987,3,5,24.66,5,4,4,-2.059,0.176,0,0,4,-2.513,2,0,-0.799,0,3,-2.0,1.218,3,3,1,1,0.0,3,4,2,5,1,-0.947,6,1,1,-1.023,0.0,0
3,6,4,6,2,0,2.424,1,5,3,0.897,1,2,25.24,2,3,4,0.083,-1.352,0,0,5,0.37,7,1,-0.825,2,4,1.026,0.137,3,1,1,5,0.0,5,1,1,0,6,0.113,3,2,3,0.804,0.0,0
0,1,4,2,1,0,-1.365,3,5,1,-3.895,3,1,26.69,5,0,5,-1.185,1.332,5,0,0,-1.147,3,0,1.94,3,0,-1.522,-0.343,4,0,2,6,0.0,0,5,3,0,5,-0.3,5,0,0,-0.283,0.0,0
5,0,5,7,3,0,1.607,0,0,3,-2.059,4,7,27.29,1,5,0,0.683,-0.683,5,0,5,1.112,3,4,0.23,0,0,-0.141,-1.067,2,0,3,4,0.0,1,3,0,1,1,0.554,5,2,5,0.324,0.0,0
4,7,0,3,1,0,-3.522,2,5,5,-0.92,5,6,21.77,1,1,4,-1.207,0.253,3,0,1,-2.281,2,3,-0.633,5,0,-2.253,-2.339,3,2,3,3,0.0,5,4,5,0,5,-0.498,0,2,2,-0.862,0.0,0
0,4,4,5,4,0,-0.758,5,5,1,0.162,3,0,22.07,2,2,3,-1.369,0.163,0,0,3,3.197,7,1,0.781,1,2,-0.043,0.483,0,3,3,6,0.0,3,7,5,7,2,-0.295,1,1,4,0.287,0.0,0
5,4,3,0,3,0,0.017,2,5,0,-3.454,5,5,29.15,2,0,4,-1.195,-0.671,1,0,3,2.073,4,1,0.098,6,2,0.865,0.309,4,2,0,6,0.0,2,0,5,7,5,-0.547,4,2,0,-0.53,0.0,0
1,3,3,3,0,0,-1.161,3,4,1,-2.678,4,0,23.97,3,7,2,-1.48,-0.965,2,0,1,0.322,1,0,0.498,2,4,0.212,1.004,0,5,5,5,0.0,4,1,3,3,6,-0.811,7,5,3,-0.598,0.0,0
1,0,2,4,0,1,1.531,5,1,3,0.913,3,3,38.84,4,0,4,1.482,0.456,0,0,4,-1.48,4,4,3.003,1,4,0.762,1.971,0,4,1,7,0.0,1,3,5,6,5,1.75,5,3,4,1.9,178.6,1
2,7,1,5,5,0,1.593,3,4,1,-2.383,3,4,28.51,2,2,1,-0.32,0.105,2,0,0,1.813,5,2,1.995,5,0,0.514,-0.027,5,1,1,6,0.0,5,4,3,0,2,0.273,7,1,0,0.391,0.0,0
1,5,3,2,4,0,-2.377,2,1,0,0.92,1,1,30.9,3,1,1,-1.191,-0.946,5,0,1,-0.409,7,0,-1.267,4,1,0.358,-2.495,3,5,3,7,0.0,2,2,0,5,3,-0.454,5,2,0,-0.753,0.0,0
1,1,4,1,3,1,3.326,4,1,2,3.162,5,1,35.78,3,1,5,1.222,-1.112,1,1,1,1.198,5,1,4.597,4,5,1.707,3.215,3,3,2,5,0.0,4,5,4,1,2,2.44,5,4,2,1.923,86.62,1
5,5,0,2,3,0,0.413,5,5,1,-0.003,2,6,36.12,7,6,2,1.148,-0.652,2,0,2,-1.329,6,5,0.134,5,0,3.385,-0.131,0,4,3,4,0.0,3,5,5,1,5,1.263,4,2,1,0.617,0.0,0
1,7,1,3,3,0,0.18,5,3,0,-0.024,4,0,10.83,6,1,3,-1.217,0.784,3,0,2,0.427,6,1,1.813,4,4,0.041,-2.498,3,3,3,3,0.0,2,3,3,2,6,0.299,2,1,5,-0.28,0.0,0
0,1,2,4,0,0,-0.965,2,3,2,1.811,3,3,23.3,2,5,1,2.026,0.099,0,0,3,-1.522,6,3,-0.797,7,5,0.459,0.634,0,5,0,4,0.0,5,6,3,5,3,0.998,5,0,4,1.501,0.0,0
1,7,0,2,2,0,-0.883,2,4,5,-2.578,5,5,16.76,4,6,4,1.413,0.452,3,0,1,-1.022,3,1,0.301,3,0,3.399,-2.005,0,0,3,4,0.0,2,1,2,3,5,0.659,6,1,0,0.292,0.0,0
5,1,2,1,0,0,-3.011,5,4,0,1.415,4,5,30.13,6,2,2,-0.459,2.2,2,0,4,-2.561,0,2,-0.616,4,2,1.222,-0.296,4,5,3,0,0.0,0,4,0,5,1,0.12,4,2,2,0.193,0.0,0
0,2,2,0,4,0,-0.53,4,5,0,-1.233,5,2,20.15,4,4,0,0.552,0.177,3,0,1,-1.592,6,3,2.076,1,1,0.733,1.8,5,5,4,0,0.0,5,5,3,0,3,1.638,0,0,4,0.748,0.0,0
1,4,0,4,4,0,-1.283,1,5,3,-2.858,3,3,35.32,2,4,1,0.391,-0.68,2,0,3,0.342,6,2,-0.578,1,4,-1.262,-0.059,5,3,5,4,0.0,4,1,3,3,6,-0.244,6,4,2,-0.679,0.0,0
0,5,2,3,1,0,-1.237,3,1,5,-0.649,5,0,28.38,7,2,3,-0.229,-0.577,0,0,2,-3.197,2,1,-2.396,4,0,-4.108,-1.726,5,4,0,2,0.0,3,5,5,2,4,-0.946,0,4,5,-0.705,0.0,0
0,6,3,6,3,0,-0.651,5,5,1,1.221,5,0,24.21,6,4,4,0.626,1.238,3,0,4,-0.265,7,4,1.612,1,2,1.818,2.441,5,4,4,2,0.0,3,2,3,4,4,1.083,7,1,2,1.701,0.0,0
1,4,0,4,1,0,0.157,2,0,4,-0.797,2,4,26.74,0,4,2,-2.163,-0.273,5,0,2,-0.877,3,0,-0.175,4,4,-2.426,-2.793,3,4,0,2,0.0,0,6,4,6,7,-1.196,1,5,1,-0.503,0.0,0
0,2,2,7,0,0,0.61,0,3,1,2.484,5,3,25.81,4,3,1,1.044,-0.195,0,0,4,2.392,0,4,0.202,0,4,-0.501,3.486,1,4,0,4,0.0,2,5,3,3,0,0.702,3,0,3,-0.077,0.0,0
5,0,5,6,1,0,2.136,1,2,0,0.022,1,3,27.06,0,3,3,-2.661,0.388,3,0,0,-1.861,1,5,-0.962,5,2,-0.68,-1.579,1,3,4,2,0.0,3,7,3,5,6,0.244,2,2,3,0.262,0.0,0
1,7,1,0,1,0,1.589,0,3,2,-0.137,3,0,27.34,5,5,2,2.256,0.077,2,0,4,-0.013,2,1,0.785,4,0,2.383,-1.095,1,5,5,0,0.0,1,1,4,2,4,1.608,4,1,3,0.757,0.0,0
5,1,1,3,1,0,-0.627,0,0,1,1.118,0,7,28.18,1,0,2,-1.289,-0.233,3,0,1,-2.275,4,5,0.315,1,2,-0.431,-1.151,2,4,5,1,0.0,5,6,5,7,3,-0.552,1,2,2,-0.193,0.0,0
3,1,3,6,2,0,0.524,5,2,3,0.267,4,0,35.24,3,7,2,0.929,-2.042,1,0,2,1.42,1,0,0.8,7,1,-1.292,-0.273,3,4,4,0,0.0,3,3,5,4,3,0.575,1,4,5,0.688,0.0,0
1,6,3,2,2,0,-2.872,0,3,1,1.238,5,1,31.79,5,1,3,-1.148,-1.476,1,0,0,1.625,7,0,0.099,0,1,0.308,1.069,1,2,5,6,0.0,1,0,1,6,2,-0.404,6,5,2,-0.42,0.0,0
0,4,2,0,5,0,3.214,4,5,5,0.629,1,6,21.56,6,2,4,1.754,-0.776,5,0,1,2.588,6,0,0.214,5,3,-0.358,-0.109,3,3,3,6,0.0,4,2,0,0,6,1.192,4,2,5,1.357,0.0,0
3,0,1,6,5,0,-1.185,0,3,5,3.069,0,3,22.52,6,7,5,1.65,-1.252,5,0,3,-0.18,6,2,2.632,5,0,0.33,1.351,0,0,5,7,0.0,2,4,3,2,3,-0.468,1,2,3,0.102,0.0,0
0,3,1,4,5,0,-2.567,3,2,5,1.201,4,5,26.25,7,5,0,-0.532,0.706,2,0,1,-1.118,1,3,-0.152,6,3,-1.947,-1.072,2,3,1,2,0.0,0,3,3,3,7,-1.574,0,4,3,-0.738,0.0,0
4,3,4,3,5,0,2.194,4,3,5,-0.991,5,6,31.12,6,1,4,-0.206,0.165,1,0,4,1.671,3,4,0.567,4,3,0.85,0.43,5,3,0,1,0.0,5,2,0,5,4,0.093,4,1,0,0.869,0.0,0
3,3,5,3,4,0,0.861,4,3,4,-0.662,4,6,23.25,4,5,3,-0.285,-1.008,0,0,4,-0.519,2,1,0.889,2,0,-1.912,-0.001,3,4,5,2,0.0,1,3,4,6,3,-1.035,3,5,4,-0.501,0.0,0
0,1,1,1,5,0,0.486,5,5,1,0.598,2,5,31.82,3,7,2,-2.439,1.594,2,0,3,-2.194,2,4,-3.445,3,5,-0.601,-1.522,0,1,3,7,0.0,3,6,0,7,0,0.63,3,0,1,0.516,0.0,0
3,6,5,2,5,0,2.198,0,3,5,-0.065,3,5,22.41,2,3,5,-2.342,1.521,4,0,1,1.244,1,0,3.384,1,4,-1.433,1.956,1,0,2,4,0.0,3,7,0,4,7,0.278,4,2,1,0.841,0.0,0
5,6,5,3,3,0,1.86,4,1,3,1.223,0,1,27.96,2,4,0,1.257,0.092,5,0,4,2.74,2,5,1.354,4,2,-1.021,-0.284,4,4,3,7,0.0,1,2,0,7,6,1.019,2,2,1,0.842,0.0,0
2,1,0,6,2,0,-2.415,2,5,0,-0.785,3,2,29.18,6,4,0,-1.998,0.936,3,0,0,-0.581,0,0,-0.9,1,2,0.003,-0.519,0,0,5,6,0.0,0,2,1,0,1,-1.268,5,2,4,-0.241,0.0,0
3,5,0,2,4,0,-2.125,4,0,3,0.069,4,7,19.44,7,4,4,-3.398,0.346,3,0,0,-1.089,3,5,1.257,1,2,-1.443,-0.639,2,2,2,2,0.0,1,4,5,0,7,-0.829,7,3,0,-0.435,0.0,0
2,5,0,4,5,0,-3.42,5,4,1,-1.906,4,1,34.85,0,5,5,0.679,-0.056,2,0,3,-2.087,6,0,-0.454,3,5,-1.971,-2.112,2,1,0,1,0.0,0,6,2,3,7,-1.537,2,0,1,-2.311,0.0,0
1,5,0,2,0,0,1.105,1,4,2,2.467,2,3,36.72,6,0,4,2.156,0.705,4,0,5,0.955,1,5,-0.599,4,4,1.893,3.095,4,2,4,4,0.0,0,3,5,4,1,0.821,2,5,4,0.557,0.0,0
3,3,1,3,4,0,-1.363,0,0,1,0.131,4,7,40.69,4,2,4,-1.625,-0.61,2,0,5,-2.948,1,1,-1.7,7,2,2.077,0.35,4,3,5,4,0.0,3,0,5,0,2,-0.083,7,1,3,-0.701,0.0,0
3,6,1,0,4,0,1.306,1,5,0,0.9,1,0,24.39,2,0,0,-1.522,-0.273,5,0,5,1.803,1,3,1.163,4,2,0.843,2.852,0,1,1,5,0.0,0,0,0,7,4,0.381,6,5,0,0.18,0.0,0
1,5,0,0,0,0,1.19,4,4,5,-1.987,3,7,19.08,7,1,5,1.419,-1.335,0,0,3,3.366,5,1,0.212,1,2,-0.061,0.343,4,5,4,5,0.0,2,2,5,0,0,1.526,2,0,4,0.516,0.0,0
0,3,1,0,5,0,2.842,4,1,3,1.135,3,6,37.46,3,0,4,3.247,1.287,2,0,4,0.007,3,1,0.265,6,4,1.269,2.384,0,0,1,7,0.0,4,7,4,3,4,1.09,0,1,3,0.945,0.0,0
5,7,1,3,3,0,3.029,4,0,2,-2.105,2,0,26.09,5,6,3,2.176,0.374,2,0,4,-0.326,1,0,1.179,0,2,1.747,-0.306,5,0,4,1,0.0,2,3,0,1,7,-0.373,2,0,3,-0.79,0.0,0
0,6,5,3,4,0,-3.623,0,3,0,-3.109,3,2,26.41,1,1,5,-1.516,2.344,5,0,2,0.586,1,0,-2.286,6,0,-3.843,0.638,0,0,4,4,0.0,3,5,0,0,1,-2.529,6,4,4,-2.193,0.0,0
1,4,1,5,1,0,1.036,4,5,1,1.44,5,2,32.61,4,1,2,0.13,0.651,5,0,2,1.231,6,4,1.27,3,1,0.486,-0.623,5,3,4,4,0.0,2,1,4,5,2,-0.259,3,5,4,0.092,0.0,0
2,5,5,1,5,0,-0.991,3,3,1,2.638,5,4,25.0,0,2,3,-0.473,-0.398,4,0,4,-0.482,6,1,2.596,2,2,-1.228,0.362,3,0,0,4,0.0,0,2,4,3,0,-0.917,6,4,3,-0.304,0.0,0
5,4,2,1,4,0,-0.467,1,0,4,0.098,3,2,29.36,2,5,2,-1.683,-0.848,3,0,5,1.773,3,3,-3.916,4,5,-1.578,-0.672,4,1,1,1,0.0,2,5,4,3,0,-1.858,5,0,1,-2.432,0.0,0
4,0,2,3,5,0,1.076,1,1,5,-1.49,1,1,29.04,6,7,4,-0.158,-2.918,2,0,0,1.027,1,4,0.331,1,1,0.548,-2.065,2,5,4,2,0.0,4,1,1,2,2,-0.483,5,1,3,0.129,0.0,0
4,5,3,2,5,0,1.335,2,1,5,-0.761,0,3,23.15,5,4,1,-1.078,-0.374,1,0,2,2.504,7,5,-0.515,1,0,-4.277,-1.222,3,4,3,3,0.0,5,4,0,5,3,-0.101,1,0,3,-0.239,0.0,0
4,6,3,1,3,0,-1.757,0,1,5,-1.267,3,5,27.04,6,1,1,-3.559,0.121,4,0,4,-4.39,1,2,0.054,0,1,-2.954,-0.459,4,0,2,6,0.0,2,7,4,0,4,-0.9,7,4,1,-1.259,0.0,0
5,6,5,2,4,0,-1.059,4,0,4,1.327,0,0,25.43,7,5,4,-3.76,1.898,1,0,2,-3.703,2,1,2.059,0,5,0.14,-2.698,0,0,1,7,0.0,0,3,0,3,5,-0.221,6,3,2,-0.577,0.0,0
1,6,4,5,3,0,-2.737,3,2,4,-0.017,5,2,15.32,6,7,5,-0.924,-0.262,4,0,3,2.363,5,3,-0.431,7,3,-0.681,-4.99,4,4,2,4,0.0,4,4,2,1,2,-0.261,4,1,2,-0.715,0.0,0
2,5,0,3,3,0,2.719,2,1,0,2.179,4,7,16.06,0,5,4,1.197,-0.301,2,0,0,-2.702,4,0,0.29,7,4,-1.029,1.749,3,2,3,6,0.0,2,0,2,4,3,0.17,5,4,1,0.441,0.0,0
5,7,2,2,3,0,0.415,1,3,5,-0.647,3,6,39.34,3,1,2,1.729,0.824,2,1,5,-0.63,0,2,1.754,4,2,-0.665,0.088,4,1,4,4,0.0,4,1,0,3,1,2.014,1,2,2,1.219,225.08,1
0,0,1,3,0,0,1.775,0,5,1,2.623,3,0,21.34,1,5,5,0.158,-0.251,4,0,0,1.055,0,0,1.023,0,2,2.382,2.356,4,2,1,3,0.0,4,0,3,5,0,0.671,6,2,3,0.833,0.0,0
1,1,2,5,5,0,-1.061,5,5,0,-0.849,4,0,21.75,1,3,4,-0.008,-1.794,4,0,2,-2.785,6,5,2.223,6,2,2.558,-2.054,0,4,0,3,0.0,4,6,0,3,1,0.247,6,1,4,0.01,0.0,0
1,5,3,7,3,0,-3.972,0,4,2,-1.953,2,3,27.8,6,2,4,-1.376,0.535,4,0,0,-2.184,5,1,1.173,1,2,-2.257,-3.454,2,0,4,4,0.0,1,3,4,2,7,-0.802,3,1,3,-0.996,0.0,0
5,2,5,0,5,0,-1.142,3,3,0,-3.14,3,0,44.83,0,3,2,-1.024,-0.424,1,0,4,0.525,0,4,-2.645,4,3,0.749,-0.463,4,4,1,1,0.0,3,4,5,4,5,-0.286,6,2,1,-0.428,0.0,0
0,7,0,3,5,0,-0.886,2,2,5,0.837,1,3,25.14,6,6,5,-0.442,1.426,5,0,1,-0.493,5,5,1.364,2,5,-0.536,-1.055,0,2,0,6,0.0,0,3,4,6,4,-0.036,3,4,5,-0.141,0.0,0
0,3,2,0,1,1,2.166,0,1,0,0.905,1,3,32.07,6,0,3,1.628,-0.627,5,1,4,5.534,3,0,1.358,0,1,2.178,2.175,0,1,3,3,0.0,0,3,3,4,0,1.508,6,2,2,2.041,45.43,1
2,7,1,2,2,0,1.442,3,4,3,-1.212,4,7,22.55,4,1,3,1.108,-0.746,4,0,4,2.065,5,3,4.606,4,4,-0.518,1.023,2,5,2,5,0.0,4,2,4,4,3,1.104,1,2,1,1.124,0.0,0
3,3,0,5,0,0,-0.255,1,2,0,0.089,2,3,28.8,2,5,0,0.259,0.227,0,0,5,1.263,2,4,0.208,2,2,-0.949,0.156,1,2,5,4,0.0,3,2,0,0,5,-0.529,6,5,2,-0.555,0.0,0
3,0,0,1,2,0,0.465,3,3,3,-1.919,1,2,29.79,2,6,4,-2.201,1.099,0,0,4,-3.001,6,2,-2.264,3,2,-1.649,-2.734,2,0,2,6,0.0,3,3,5,0,1,-0.606,4,4,3,-1.031,0.0,0
4,0,4,0,5,0,-0.396,0,1,4,0.106,4,3,30.29,5,6,2,0.841,-0.326,0,0,2,0.035,1,5,-1.247,2,4,-2.056,-2.687,3,4,2,3,0.0,1,7,5,6,1,-1.216,3,3,1,-1.669,0.0,0
5,5,0,7,2,0,1.889,5,5,0,-0.91,4,4,36.03,1,3,4,0.664,-1.576,1,0,4,-0.326,4,4,-1.186,2,3,0.327,-0.459,0,5,2,7,0.0,3,1,1,2,5,-0.309,2,2,1,-0.497,0.0,0
1,2,4,3,0,0,1.753,3,5,3,1.475,5,4,34.47,4,1,4,1.923,-0.705,5,0,2,-0.024,0,4,1.026,2,0,0.45,0.837,1,0,0,0,0.0,4,0,0,0,5,0.287,6,5,2,-0.161,0.0,0
0,5,3,7,2,0,1.405,2,3,4,-3.475,5,4,32.72,0,2,1,1.365,-0.122,2,0,4,3.735,2,5,-0.603,6,2,1.014,0.018,3,5,2,4,0.0,5,7,3,4,3,0.431,0,2,5,0.362,0.0,0
2,0,0,1,0,0,-0.07,3,4,1,0.974,4,0,31.31,4,3,4,0.585,0.256,4,0,0,-2.744,2,5,1.105,3,3,0.127,3.256,0,2,2,7,0.0,1,6,4,7,6,-0.032,2,0,2,0.846,0.0,0
5,3,5,0,0,0,-0.368,1,4,0,0.324,0,1,35.02,2,5,0,0.413,0.652,4,0,1,3.215,7,0,1.042,0,1,0.644,1.264,4,0,4,6,0.0,1,4,5,4,1,0.105,2,2,2,0.269,0.0,0
2,0,1,0,4,0,-1.011,5,4,5,-3.247,3,1,29.14,7,6,4,0.016,-0.351,3,0,2,-0.927,1,1,-1.169,0,5,-1.123,-4.675,5,2,5,3,0.0,0,2,3,0,4,-1.05,5,2,3,-1.428,0.0,0
3,3,5,2,5,0,-0.403,4,5,0,-0.037,5,4,21.76,3,7,2,0.367,-0.008,1,0,5,1.438,6,1,2.32,7,5,-2.503,2.341,5,3,1,6,0.0,5,5,5,4,1,-0.391,2,5,4,-0.173,0.0,0
2,0,1,4,1,0,0.068,1,3,3,-1.75,2,7,39.25,3,2,1,-1.661,-0.746,2,0,1,1.757,7,1,0.554,4,0,0.485,-1.79,1,3,0,3,0.0,1,1,4,5,7,-0.554,4,1,4,-0.902,0.0,0
4,6,5,3,5,0,1.201,3,3,2,1.506,1,3,29.51,2,1,5,1.422,0.156,0,0,2,2.68,5,1,3.666,5,2,1.357,-1.045,4,2,4,2,0.0,2,3,3,4,1,0.307,3,0,3,0.071,0.0,0
5,6,2,7,5,0,-3.698,1,1,1,0.106,3,7,26.75,1,1,3,-1.961,0.478,3,0,2,-5.179,3,1,-2.723,0,2,-3.163,-1.807,1,3,1,5,0.0,3,4,2,6,3,-1.738,7,2,4,-1.749,0.0,0
4,5,0,0,5,0,0.622,0,4,1,0.309,5,0,38.21,2,2,2,-1.371,1.563,1,1,3,5.099,2,0,2.236,4,1,1.869,0.343,2,5,3,5,0.0,1,0,3,0,6,0.886,7,4,5,0.448,127.6,1
3,1,1,2,3,1,3.297,2,1,0,1.647,5,5,37.25,6,1,0,1.384,-2.154,4,0,2,1.388,5,5,-1.834,1,2,1.078,1.287,2,3,0,6,0.0,2,3,0,1,2,1.339,4,5,5,0.96,125.19,1
4,6,3,5,2,0,-2.278,0,4,1,-1.519,4,6,39.57,4,3,0,-0.495,0.099,3,0,1,-5.941,2,3,-3.306,0,5,0.697,0.233,1,4,5,5,0.0,1,0,0,2,2,-0.826,4,4,2,-1.293,0.0,0
1,4,0,7,1,0,-0.977,1,5,4,1.436,2,4,28.93,4,2,1,1.051,-0.333,1,1,0,-0.475,2,3,-2.012,6,1,1.686,5.256,3,4,3,0,0.0,2,5,1,4,6,2.094,5,4,2,1.304,38.58,1
4,6,4,2,1,1,3.548,3,2,3,0.618,2,4,31.2,1,3,0,-1.914,0.949,3,1,5,5.814,2,3,1.47,1,5,3.08,2.489,5,1,4,3,0.0,5,4,4,6,2,2.003,0,0,1,2.23,81.48,1
1,0,4,5,1,0,0.895,3,0,1,0.108,1,0,24.23,1,5,4,2.632,-0.056,1,0,0,0.403,1,1,2.344,1,4,0.446,0.238,1,0,3,1,0.0,1,7,2,6,5,0.731,1,4,4,1.051,0.0,0
1,0,0,2,5,0,-3.491,1,2,5,0.749,1,0,30.45,2,4,4,0.038,0.723,2,0,2,-0.517,4,4,-1.141,5,5,-0.541,-1.071,3,2,0,2,0.0,5,2,0,1,1,-0.672,0,3,4,-0.887,0.0,0
1,6,2,6,0,0,-1.417,3,1,5,1.092,3,3,36.07,7,1,5,1.037,-0.283,4,0,4,3.482,0,5,-1.098,1,4,0.421,0.856,4,3,0,4,0.0,0,5,5,6,3,0.987,4,1,1,-0.217,0.0,0
1,6,5,5,5,0,0.384,1,5,0,-0.43,5,5,32.75,6,5,2,-1.766,0.426,2,0,5,0.611,3,2,-1.266,5,2,1.96,1.586,1,0,3,4,0.0,3,0,3,1,3,0.741,5,3,1,-0.264,0.0,0
4,0,0,7,0,0,1.53,5,0,5,1.804,4,7,37.33,2,3,5,-0.286,0.822,2,1,3,0.087,4,2,0.261,2,3,-0.009,1.958,4,1,1,0,0.0,5,6,2,7,7,1.155,0,3,5,1.33,167.27,1
1,5,5,5,5,0,4.316,0,5,1,0.487,2,2,43.82,6,4,5,2.745,0.774,3,1,3,-1.064,6,5,0.722,5,1,0.873,1.662,5,5,4,0,0.0,4,4,1,6,0,2.294,4,3,4,1.924,145.14,1
3,4,2,1,5,0,-0.425,5,3,2,0.802,0,0,39.59,0,3,2,1.634,0.699,3,0,4,-1.156,5,4,0.385,6,5,-0.704,-1.707,2,1,4,6,0.0,4,1,2,6,3,1.083,4,2,4,0.276,0.0,0
1,0,0,5,1,0,0.428,0,4,2,2.679,3,4,20.24,6,1,1,4.802,1.52,4,0,2,-0.123,5,1,-0.36,2,4,1.02,-0.345,3,2,4,4,0.0,3,0,5,3,4,0.675,7,3,1,0.633,0.0,0
4,0,3,3,0,0,-0.838,0,5,2,-0.071,2,7,33.14,3,0,1,-0.63,-0.117,5,0,4,2.211,2,4,1.373,4,0,-1.793,-2.686,1,0,2,7,0.0,1,5,5,5,1,-0.873,5,4,4,-0.857,0.0,0
4,3,4,3,3,0,-1.189,0,5,0,0.901,5,0,16.47,6,7,5,-1.241,-0.138,3,0,5,2.681,7,4,-2.868,2,1,-0.122,1.343,4,3,1,7,0.0,5,4,3,4,7,-0.228,4,4,3,-0.369,0.0,0
3,3,2,0,3,0,3.142,0,3,1,5.612,0,5,20.18,6,1,5,1.923,-1.334,2,0,5,-0.118,0,3,3.748,2,3,-0.413,0.225,0,0,4,2,0.0,0,2,4,6,0,1.068,7,0,1,0.767,0.0,0
0,2,4,2,3,1,2.899,0,0,5,0.296,0,3,25.68,6,5,0,1.905,0.15,2,1,1,-2.571,3,4,0.187,4,4,1.382,1.927,1,3,2,7,0.0,0,7,3,3,5,1.002,3,2,1,1.062,187.88,1
2,0,4,3,4,0,-0.284,4,4,3,-1.038,2,1,21.06,1,0,2,1.157,-0.029,4,0,2,0.57,6,2,1.014,5,2,3.483,4.203,3,2,3,0,0.0,0,2,1,2,5,0.315,7,2,3,0.28,0.0,0
3,5,1,2,5,0,-1.253,3,3,3,0.847,5,4,29.63,0,2,1,-0.498,0.61,5,0,5,-3.109,1,5,-0.999,4,3,-2.824,0.249,5,0,0,0,0.0,4,6,4,2,3,-1.676,6,1,5,-1.709,0.0,0
2,5,1,7,3,1,-0.941,3,4,5,2.16,3,4,27.41,5,7,4,2.128,-0.768,3,1,1,0.788,6,1,1.152,6,5,1.424,3.092,4,0,1,6,38.74,0,3,3,5,6,0.369,4,3,4,2.118,101.32,1
3,0,0,0,1,0,0.187,4,1,2,2.074,1,7,41.96,7,5,4,-1.401,0.014,5,0,0,2.566,3,4,1.175,4,0,-2.324,-2.34,0,5,1,4,0.0,4,3,4,3,2,-0.73,6,2,1,0.128,0.0,0
0,2,4,4,1,1,1.27,5,5,4,2.873,4,1,33.36,4,4,1,1.84,1.075,1,0,1,2.692,6,4,-1.021,4,2,2.58,1.488,3,5,5,0,0.0,2,3,1,3,0,1.394,3,1,5,1.317,129.39,1
1,0,4,3,1,0,0.974,0,0,0,-1.259,0,7,45.24,7,7,5,0.219,1.109,2,1,1,2.564,0,3,0.199,1,0,2.659,-1.471,1,2,3,7,0.0,4,6,3,6,6,0.595,5,4,2,0.505,165.51,1
1,6,2,2,1,0,-0.275,0,4,0,-2.394,0,0,30.92,0,4,3,-1.906,-0.069,1,0,5,-2.543,4,4,-0.171,3,3,-1.386,-2.58,2,4,2,5,0.0,5,4,0,3,1,-0.227,5,4,1,-0.267,0.0,0
4,0,3,3,5,0,-0.603,0,2,3,0.175,0,6,20.79,3,2,4,2.289,2.104,0,0,3,3.526,4,2,-1.701,1,3,0.045,-0.859,3,0,2,1,0.0,0,2,3,7,0,0.401,7,5,2,0.468,0.0,0
3,4,3,2,3,0,-1.798,4,4,4,-0.664,0,5,25.23,4,6,5,2.215,0.405,1,0,2,0.023,5,4,-3.407,4,0,1.736,-0.463,5,3,2,3,0.0,4,3,2,1,5,0.87,2,1,2,0.49,0.0,0
0,3,2,3,5,0,-0.599,1,2,2,-3.446,3,3,27.17,6,2,1,0.867,-2.251,1,0,4,-0.392,1,5,-1.604,6,3,0.643,-5.605,3,4,4,1,0.0,1,4,5,4,4,-0.087,2,5,4,-1.491,0.0,0
3,5,1,3,3,0,-3.983,2,2,5,-2.152,1,0,19.91,5,5,5,-2.232,0.756,4,0,4,-2.939,7,5,-1.962,4,0,-5.135,-0.223,3,4,0,2,0.0,5,4,4,2,3,-2.036,4,1,5,-2.234,0.0,0
1,2,2,0,4,0,-1.144,4,0,4,-1.779,2,0,29.75,1,0,2,0.592,0.777,0,0,5,2.323,6,3,-2.984,7,3,1.128,-1.541,2,3,2,4,0.0,5,2,1,2,2,-0.845,1,4,1,-0.439,0.0,0
5,3,3,3,0,0,-2.665,0,4,3,0.485,0,3,22.65,3,6,2,1.57,-1.799,0,0,3,-3.883,0,5,-1.049,2,4,-2.585,-2.956,5,2,2,4,0.0,0,2,2,0,6,-0.925,0,2,4,-1.155,0.0,0
3,3,3,2,3,0,1.472,5,5,2,1.122,2,4,43.16,2,2,5,0.415,-2.055,4,0,0,-1.598,0,5,2.193,1,4,1.569,1.308,5,5,4,1,0.0,1,4,2,3,3,0.994,4,3,5,0.611,0.0,0
5,0,0,6,3,0,-1.734,4,0,2,-1.59,4,1,22.18,7,0,4,-0.641,1.574,4,0,5,-0.085,2,2,-2.898,6,0,0.106,2.703,3,3,1,4,0.0,4,6,1,1,7,-1.194,3,0,5,-0.801,0.0,0
1,5,1,2,0,0,-0.348,2,4,3,-3.783,3,3,32.22,5,7,1,-0.033,-0.328,2,0,1,-3.033,1,2,-2.56,5,4,-2.664,-2.442,2,5,5,0,0.0,4,4,4,2,6,-1.201,3,3,4,-1.562,0.0,0
1,4,2,1,1,0,-0.988,4,3,4,-0.912,3,4,21.28,4,6,5,-3.698,-1.136,1,0,4,-2.255,1,2,0.062,1,2,0.86,-0.924,0,3,1,5,0.0,4,0,3,4,6,-1.454,3,5,1,-1.008,0.0,0
1,2,0,5,2,0,-2.565,0,4,5,-4.197,1,2,40.32,5,0,3,-2.429,-0.457,2,0,4,0.708,0,4,-0.788,3,0,-0.26,1.913,0,0,1,0,0.0,1,5,3,3,7,-1.304,7,4,2,-1.759,0.0,0
5,4,4,4,2,0,-3.032,0,4,4,0.851,1,7,26.55,0,2,0,-0.81,-0.395,4,0,1,-1.99,2,0,-0.962,6,5,0.566,-5.324,5,3,5,3,0.0,3,6,2,3,2,-1.524,2,3,5,-1.326,0.0,0
1,4,0,1,0,0,-1.626,3,4,4,-0.986,0,6,17.32,7,1,0,-2.758,0.869,0,0,0,3.95,2,5,-5.364,5,3,-2.547,-2.685,2,0,1,6,0.0,4,4,5,0,1,-1.224,6,5,1,-1.11,0.0,0
1,0,2,1,5,0,0.121,1,1,3,-0.907,0,6,24.26,1,0,0,1.298,-0.518,4,0,0,-3.651,6,0,0.441,0,5,1.539,0.426,3,1,1,2,0.0,0,3,3,2,0,-0.001,0,2,0,-0.247,0.0,0
5,5,2,2,2,0,1.464,5,1,1,1.462,0,2,21.95,3,7,1,2.561,0.617,1,0,3,-2.949,4,5,-0.633,3,0,-0.297,1.255,0,2,5,7,0.0,5,4,5,1,3,0.444,1,4,3,0.339,0.0,0
3,5,1,6,0,0,-1.572,2,2,2,-1.809,5,3,35.45,2,7,2,-0.782,0.67,0,0,2,0.923,1,0,2.34,2,2,1.656,-3.17,3,4,3,6,0.0,2,4,4,3,1,-0.583,2,2,0,0.308,0.0,0
1,2,3,6,3,0,-0.192,1,3,3,-2.948,1,6,22.8,0,0,3,2.096,-1.371,3,0,3,-0.686,2,1,-0.021,0,3,-1.251,-1.136,3,0,3,7,0.0,5,6,2,3,5,-1.817,7,3,3,-0.961,0.0,0
4,4,2,7,5,0,1.234,3,5,1,-0.885,2,6,26.63,3,3,3,0.229,1.075,1,0,3,1.277,0,2,1.915,4,3,-2.235,-0.891,3,4,5,7,0.0,5,7,3,5,4,0.054,5,3,4,0.189,0.0,0
2,5,2,0,4,1,0.389,4,3,1,-0.866,0,6,29.92,4,0,0,1.063,0.047,4,1,1,3.088,6,2,1.642,2,1,0.348,3.117,3,0,5,0,0.0,3,6,5,2,4,1.19,0,5,3,0.84,153.66,1
3,3,4,5,1,0,1.765,4,0,4,1.287,0,3,43.21,3,0,2,-0.613,-0.005,3,1,1,2.177,6,0,0.17,5,3,-0.462,-0.748,0,4,5,7,0.0,1,2,3,1,0,1.248,5,5,4,0.748,224.73,1
3,5,4,2,1,0,0.908,2,3,1,-1.105,5,0,36.38,1,5,3,0.956,0.409,4,0,3,2.77,7,5,-1.217,3,3,-3.095,0.235,2,5,5,2,0.0,0,6,0,2,0,-0.33,2,3,0,0.086,0.0,0
4,4,0,4,2,0,3.538,4,0,2,0.172,0,6,35.12,7,5,1,0.243,1.674,2,0,3,-4.953,1,2,2.471,6,0,2.654,1.381,5,4,0,5,0.0,5,1,3,4,4,1.666,6,1,1,1.386,0.0,0
2,0,3,3,2,0,3.209,2,4,5,-0.542,2,0,24.37,0,2,2,1.262,-1.043,3,0,5,1.152,2,3,0.13,2,1,1.847,-0.764,3,2,4,0,0.0,1,6,4,0,3,1.822,6,1,5,0.781,0.0,0
0,1,1,1,1,0,0.03,2,3,0,2.426,4,2,38.85,0,7,4,1.915,0.981,1,1,2,-3.496,0,0,1.665,1,0,1.608,2.807,3,0,4,7,0.0,4,7,4,1,7,2.067,3,5,0,1.244,52.53,1
5,5,2,1,0,0,-0.016,4,0,4,-0.292,1,1,28.68,3,6,2,-2.614,-0.221,1,0,3,1.154,4,2,-1.013,3,0,1.427,1.048,3,0,1,1,0.0,2,7,0,7,7,-0.098,5,1,0,-0.305,0.0,0
3,1,4,1,2,0,1.251,5,1,2,-2.626,5,0,27.99,2,2,4,-0.391,-1.355,3,0,5,1.816,6,3,-1.043,6,0,-0.899,0.769,0,0,3,5,0.0,0,3,0,4,6,0.242,4,1,3,-0.125,0.0,0
1,4,1,5,3,0,0.996,3,0,5,-2.403,0,1,34.9,6,4,3,0.764,-3.013,5,0,2,2.014,1,0,-1.628,6,3,0.011,-2.055,5,4,1,7,0.0,5,7,0,3,5,0.666,0,2,4,0.513,0.0,0
0,6,1,2,3,0,2.005,5,0,5,0.778,3,6,16.71,4,0,1,1.97,0.596,3,0,0,2.185,3,3,0.3,2,0,2.468,3.03,0,2,3,5,0.0,3,3,0,5,6,0.926,6,5,1,1.183,0.0,0
4,5,2,7,1,0,-1.563,3,2,3,-0.278,4,4,18.68,6,2,4,-0.963,-0.703,2,0,0,-2.104,3,4,0.425,6,3,-1.875,-3.867,4,5,5,4,0.0,2,5,1,3,0,-1.07,7,1,0,-2.056,0.0,0
2,7,5,7,2,0,1.224,2,4,3,3.04,1,1,50.7,2,6,0,-0.448,0.151,2,1,1,0.394,3,4,-3.146,1,0,1.124,3.88,2,5,1,3,0.0,1,4,1,4,0,-0.145,3,5,0,0.912,224.11,1
0,3,1,3,1,0,-1.09,1,4,0,2.632,4,4,31.81,5,1,3,-1.083,0.398,5,0,4,-3.28,6,2,0.558,6,2,1.525,0.06,4,4,3,0,0.0,0,4,1,7,5,0.302,7,1,3,0.687,0.0,0
2,2,2,3,4,0,2.422,2,1,1,1.382,1,6,34.26,7,7,2,4.179,0.519,4,0,4,2.535,3,3,3.529,3,4,-1.675,-0.03,0,3,1,0,0.0,5,1,2,5,3,1.958,3,5,1,1.273,0.0,0
3,7,3,6,3,0,0.554,1,1,5,2.661,4,4,26.66,4,0,4,1.241,0.312,1,0,4,1.838,0,2,0.839,4,2,0.17,2.004,0,2,4,3,0.0,4,3,4,4,4,1.067,3,3,0,0.437,0.0,0
2,2,5,0,0,0,-2.308,3,4,1,1.317,5,0,25.05,7,7,1,1.556,1.375,5,0,5,-0.513,3,4,1.513,2,2,-1.09,-0.854,4,1,1,4,0.0,1,4,1,3,2,-0.005,0,4,3,0.081,0.0,0
1,7,0,4,2,0,1.555,0,2,1,-1.115,5,3,49.45,7,0,0,-1.211,1.879,3,1,4,-0.091,7,4,4.01,6,1,3.144,-3.074,1,4,5,6,0.0,1,3,3,7,3,0.408,7,4,5,0.953,32.6,1
1,5,2,6,1,0,-1.836,1,4,1,1.121,0,1,33.44,4,7,4,1.539,-0.91,2,0,2,0.692,0,5,1.415,3,2,2.229,-1.059,1,5,1,6,0.0,5,6,0,0,0,1.065,7,4,2,0.574,0.0,0
5,7,1,7,2,0,-0.584,5,0,2,0.859,0,6,20.03,0,1,4,-2.288,0.689,5,0,0,-0.988,0,4,-1.182,7,3,-1.427,0.025,5,0,5,7,0.0,0,0,1,2,3,-1.722,3,5,3,-1.48,0.0,0
5,6,0,7,3,1,0.475,2,1,3,3.007,0,1,29.07,6,3,4,-1.347,-1.192,4,0,0,-2.24,0,4,1.2,3,3,-0.913,0.591,4,3,1,7,0.0,0,2,4,5,4,0.812,7,5,1,1.226,164.06,1
3,5,1,0,3,0,0.553,3,4,2,-1.802,2,2,17.17,5,1,3,1.189,0.097,2,0,3,-3.916,2,4,-1.023,4,5,-1.468,1.351,0,0,1,5,0.0,3,0,1,6,3,-0.54,6,5,2,-0.646,0.0,0
5,3,0,1,5,1,-0.129,3,2,3,1.09,5,3,38.91,3,2,3,1.836,0.379,1,1,4,6.005,2,4,2.023,2,2,2.969,3.997,1,2,1,2,0.0,0,4,1,3,7,1.625,5,4,0,2.663,214.99,1
2,7,1,3,2,0,1.537,4,2,3,-3.034,2,0,26.97,3,5,2,-0.108,-1.079,3,0,2,1.568,2,4,-2.113,7,5,-0.245,0.088,0,1,3,2,0.0,1,2,5,4,0,-0.45,7,1,4,-0.303,0.0,0
5,6,2,0,5,0,-1.858,2,5,0,0.939,0,3,20.34,5,1,5,-0.679,-1.632,2,0,0,-1.358,3,5,1.221,2,5,-4.513,-2.32,5,5,0,3,0.0,1,2,4,5,2,-0.926,4,5,5,-0.707,0.0,0
3,7,3,4,4,1,4.964,1,2,2,1.235,1,3,46.76,5,0,0,3.917,-0.161,0,1,0,-2.002,3,5,1.791,5,0,2.148,2.911,3,2,1,2,0.0,0,2,1,2,0,1.291,4,1,4,1.52,73.38,1
2,6,5,0,3,0,-1.036,1,1,0,1.999,0,6,26.54,3,3,5,1.785,1.737,1,0,1,1.069,4,1,2.595,4,5,1.694,0.779,3,4,5,5,0.0,3,1,3,5,7,-0.178,5,5,4,1.475,0.0,0
3,2,5,5,4,0,-1.855,5,1,4,-1.755,4,4,25.56,4,3,5,-1.522,-1.002,4,0,2,-2.026,1,0,-1.835,6,5,-1.986,0.235,0,0,4,0,0.0,4,3,4,0,2,-1.159,7,3,0,-0.771,0.0,0
0,3,0,1,3,0,0.79,3,2,3,-0.642,3,3,29.15,5,2,5,-0.005,-0.264,3,0,4,-1.169,5,2,1.939,2,3,-0.278,0.933,5,5,0,4,0.0,3,0,3,3,5,0.233,3,0,5,0.196,0.0,0
0,2,3,1,3,0,0.707,4,0,4,3.236,0,3,20.04,0,7,1,2.268,-0.564,3,0,4,3.331,3,1,2.917,1,5,1.541,1.175,4,1,3,5,0.0,2,7,4,4,3,0.313,4,3,5,0.814,0.0,0
2,4,0,7,1,0,-0.46,3,1,4,-0.01,2,2,30.67,3,0,1,0.352,-0.0,5,0,3,1.347,6,3,-0.796,6,4,0.415,1.358,0,0,4,1,0.0,3,2,5,4,2,-0.22,1,3,0,0.247,0.0,0
0,0,4,2,3,0,-1.599,2,0,3,-0.558,2,7,26.09,2,6,1,-3.903,-1.939,4,0,5,-0.383,2,2,0.127,4,1,-0.686,-1.781,2,0,3,5,0.0,3,3,2,2,7,-0.857,2,5,1,-1.001,0.0,0
5,5,4,3,3,0,0.601,0,3,1,-1.241,2,2,26.49,0,7,3,-0.061,-0.243,1,0,4,0.982,7,0,-3.608,3,2,-1.222,-1.099,4,3,3,3,0.0,0,1,3,7,3,-0.495,7,1,2,-0.804,0.0,0
5,5,5,0,5,0,-1.862,4,0,0,-0.19,3,0,31.48,1,0,0,0.962,-0.14,3,0,1,-1.099,2,5,-2.33,4,5,0.171,-0.72,4,2,4,3,0.0,2,1,1,2,4,0.304,5,0,5,0.223,0.0,0
2,4,1,0,3,0,3.427,3,0,4,-0.855,4,6,38.89,4,7,1,0.258,-1.661,4,0,1,2.718,6,5,0.993,1,1,0.173,0.505,1,0,3,0,0.0,2,0,4,1,5,0.474,0,1,2,0.605,0.0,0
3,0,0,3,2,0,-3.088,5,1,0,-4.368,3,7,37.1,1,2,4,-2.289,0.03,2,0,1,-3.431,5,4,-1.756,7,0,-0.056,-1.31,5,4,3,1,0.0,5,7,0,1,0,-1.349,1,5,1,-1.737,0.0,0
5,1,1,6,5,0,0.209,5,4,3,3.538,4,0,26.25,3,4,3,-0.348,-2.304,3,1,4,3.065,0,1,0.919,7,3,1.077,3.46,3,5,3,7,0.0,1,2,0,5,3,1.534,0,3,5,1.552,113.79,1
2,1,5,5,1,0,1.477,0,2,4,-0.253,1,1,32.47,5,3,5,0.711,-0.24,5,0,3,-4.535,0,1,0.449,3,2,0.327,-0.105,0,4,3,0,0.0,4,0,1,6,7,-0.728,4,2,4,-0.468,0.0,0
2,0,1,5,5,1,1.129,4,0,5,2.743,4,4,35.99,5,3,3,-0.125,1.35,4,0,5,0.075,5,5,1.481,4,4,1.722,0.113,3,0,0,3,0.0,4,0,3,1,2,0.768,5,1,1,1.322,78.42,1
5,2,2,4,2,1,3.921,0,4,3,2.373,0,3,34.17,4,1,3,0.749,0.616,2,1,3,1.588,4,1,-0.322,1,1,1.128,2.181,5,5,2,4,0.0,5,6,2,3,7,1.565,6,3,5,1.977,0.0,1
5,0,2,0,2,0,3.25,2,5,0,2.301,3,0,34.98,5,1,2,2.636,-0.588,1,1,2,2.093,7,5,0.17,1,0,2.309,0.045,2,2,0,3,6.05,4,5,0,6,3,0.922,5,2,3,0.9,0.0,1
3,5,2,7,0,0,-0.182,2,5,2,0.287,5,4,31.09,0,7,0,0.268,0.382,4,0,2,0.93,7,2,-1.709,0,4,1.401,1.953,5,5,4,4,0.0,3,5,2,7,7,0.076,3,0,3,1.014,0.0,0
5,1,2,5,5,0,-2.146,4,5,0,1.097,1,4,30.96,3,0,5,-3.379,0.022,0,0,5,4.329,5,1,0.461,4,0,1.365,1.527,1,1,1,2,0.0,4,4,3,7,3,0.377,1,5,4,0.114,0.0,0
0,1,5,5,3,0,-1.56,5,3,2,-1.781,4,3,28.84,4,6,3,-1.197,-0.223,2,0,3,-1.045,4,0,-0.156,7,0,-2.905,-3.933,0,0,1,5,0.0,5,5,4,1,1,-0.939,7,2,4,-0.629,0.0,0
2,1,3,7,1,0,-2.334,3,2,1,0.046,5,0,24.76,3,3,4,0.912,0.769,0,0,2,-2.816,0,5,-1.113,1,1,1.24,-0.523,0,3,5,1,0.0,3,6,0,7,6,-0.844,7,0,1,-0.466,0.0,0
4,0,5,2,1,0,0.65,1,4,1,-1.927,2,0,22.1,5,5,3,1.612,0.321,0,0,3,-2.176,2,1,3.268,0,5,1.135,3.306,5,1,1,1,0.0,2,0,2,0,5,-0.686,7,0,0,-0.746,0.0,0
4,0,4,5,0,0,0.373,0,2,1,0.094,5,3,16.5,3,2,2,-1.942,-1.233,5,0,4,-0.247,1,3,0.478,5,1,-0.124,0.064,2,4,5,0,0.0,1,1,3,3,6,0.347,2,5,2,0.455,0.0,0
4,2,2,6,3,1,3.297,3,5,2,3.867,4,7,31.2,4,7,1,2.309,-0.699,0,1,5,0.858,7,5,1.71,4,0,2.411,3.016,4,2,2,1,0.0,4,1,4,1,4,1.077,3,3,2,1.978,174.98,1
1,4,1,6,4,0,1.578,1,0,1,2.587,5,3,33.72,2,1,1,-0.294,-0.143,0,1,5,-0.229,4,1,0.146,5,4,0.853,2.223,2,2,3,6,0.0,3,6,4,2,2,0.512,0,3,2,0.919,46.06,1
2,6,0,0,1,0,-2.961,4,3,0,0.762,0,6,26.13,7,7,0,-1.136,-0.865,2,0,5,0.614,1,0,-0.304,5,0,-1.17,0.183,0,2,2,0,0.0,3,5,1,6,6,-0.951,2,0,4,-0.536,0.0,0
2,0,3,7,4,0,0.315,2,2,0,-2.923,3,0,30.46,0,7,3,2.917,-1.283,1,0,5,-1.34,2,0,0.657,1,4,0.726,1.502,2,2,2,3,0.0,0,0,1,2,7,-0.207,4,4,3,1.055,0.0,0
4,5,2,4,4,1,1.492,5,0,3,2.059,1,7,35.35,6,0,4,2.346,-0.156,2,1,4,1.181,4,4,3.319,1,1,2.091,2.1,4,4,5,0,0.0,2,5,5,6,1,1.132,7,4,1,1.727,127.37,1
3,5,5,3,3,0,-0.637,5,3,4,1.695,1,7,32.5,7,3,4,0.019,-0.053,3,0,4,-2.302,0,5,2.578,4,2,-1.38,0.765,2,0,3,6,0.0,0,2,3,5,4,1.057,3,2,2,0.614,0.0,0
5,6,5,2,0,0,2.612,4,3,5,-0.134,3,1,29.11,2,5,3,0.6,0.392,4,1,1,1.198,1,0,2.911,2,2,-0.441,-0.868,2,0,5,3,0.0,2,4,3,3,7,1.215,7,4,3,1.16,135.92,1
2,5,1,1,0,1,-0.128,2,3,3,2.229,0,4,24.88,6,4,5,1.272,0.611,4,1,1,6.746,5,4,3.621,6,0,3.817,3.427,0,3,3,3,0.0,1,1,4,4,0,2.063,0,5,4,2.318,13.4,1
4,0,4,1,5,1,2.44,2,2,3,1.463,5,4,29.7,1,0,0,2.946,-0.445,0,1,5,1.937,4,3,2.894,2,3,1.633,4.534,3,3,5,4,33.69,1,1,1,1,2,1.251,2,3,5,1.416,0.0,1
3,0,4,2,2,0,-0.305,0,4,4,-1.674,0,0,25.5,3,5,3,-0.482,0.502,0,0,3,0.201,3,3,-1.449,7,4,-2.079,1.841,0,3,4,7,0.0,5,1,3,0,3,-0.192,2,3,2,0.234,0.0,0
4,2,5,2,2,0,0.487,1,4,3,-0.99,5,1,23.37,5,3,5,0.31,-0.255,3,0,2,-0.532,1,4,1.259,6,1,1.514,-0.518,2,1,5,5,0.0,2,0,3,3,5,-0.124,3,3,0,-0.221,0.0,0
1,5,3,6,1,0,-0.809,2,1,1,-1.563,0,5,35.81,3,0,1,1.136,0.645,2,0,0,3.45,7,2,0.579,4,5,-1.384,-0.654,3,4,5,2,0.0,5,0,2,4,6,0.064,0,0,3,-0.39,0.0,0
1,4,5,7,1,0,0.913,4,1,2,-1.393,2,3,29.81,5,7,4,1.919,0.54,5,0,0,1.951,0,4,3.57,2,3,-0.588,-0.387,0,0,3,2,0.0,3,2,3,6,4,0.691,2,1,2,0.5,0.0,0
5,1,0,7,2,0,3.773,1,2,1,-1.485,3,4,20.64,2,3,1,2.343,-1.888,5,0,0,1.475,2,1,-1.266,3,0,-0.803,1.284,4,2,3,0,0.0,5,1,3,4,0,-0.643,6,3,1,-0.378,0.0,0
0,6,2,6,2,0,2.359,5,3,5,0.005,4,4,36.59,5,5,1,-2.308,-1.338,0,0,2,-4.406,1,1,-3.828,3,0,-1.793,-0.277,4,1,3,2,0.0,2,1,5,6,2,-0.755,5,4,3,-1.005,0.0,0
3,1,2,0,5,0,1.804,4,4,0,1.069,1,6,34.09,4,1,1,-0.06,-0.095,3,0,4,2.891,7,4,0.331,1,5,0.02,-1.298,0,2,4,1,0.0,2,6,4,0,0,0.679,6,2,5,0.554,0.0,0
1,2,5,1,0,0,-0.059,3,0,1,-0.715,2,6,21.56,4,4,5,1.96,0.758,1,0,0,0.455,5,1,0.873,0,1,-1.687,0.295,0,1,3,7,0.0,0,7,4,1,6,0.246,1,0,5,0.342,0.0,0
5,7,2,5,5,1,0.065,3,5,1,-1.001,3,4,45.06,3,5,4,1.555,-0.14,4,0,0,1.781,1,1,0.392,3,2,1.687,0.94,3,2,2,6,0.0,4,7,4,0,1,0.023,3,5,1,0.34,0.0,1
1,6,3,0,2,0,-1.419,4,0,2,1.607,0,1,35.87,3,0,0,2.373,-1.349,0,1,1,-0.247,0,2,0.242,3,4,2.341,0.42,5,1,5,5,0.0,5,7,3,3,6,0.657,2,1,5,0.855,107.1,1
0,2,3,0,0,0,0.191,2,1,5,-0.832,5,1,33.16,6,0,2,-0.892,1.089,2,0,0,-4.857,6,0,-3.472,2,2,-0.514,-0.785,0,3,4,5,0.0,5,1,3,0,5,-0.854,7,0,3,-0.982,0.0,0
1,2,2,2,1,0,-2.4,4,3,4,-2.399,3,2,23.59,1,6,5,-1.982,0.957,3,0,3,-4.592,6,1,-0.652,4,4,-1.676,-1.358,0,1,5,5,0.0,4,4,0,3,5,-0.911,7,4,4,-1.421,0.0,0
0,7,4,0,3,0,0.544,2,3,1,-0.283,4,4,31.5,0,5,2,-0.785,-0.084,0,0,5,0.181,2,2,-1.148,3,3,-0.183,-0.019,0,2,2,6,0.0,3,3,2,0,6,0.016,1,0,5,-0.522,0.0,0
5,3,1,4,0,0,-0.674,4,0,2,1.02,2,0,30.95,6,2,1,1.062,1.302,0,0,0,1.58,3,5,0.836,7,1,-0.285,-0.73,2,3,2,6,0.0,4,2,1,7,7,1.399,7,2,0,0.968,0.0,0
0,0,4,2,2,0,-0.153,3,4,2,2.435,2,7,31.94,1,6,2,0.739,-0.061,5,0,0,-0.068,4,1,1.775,4,2,0.961,-0.895,2,4,4,2,0.0,1,0,4,6,4,-0.163,4,5,0,0.443,0.0,0
0,4,5,4,3,0,-3.842,3,5,0,-0.014,5,0,31.0,3,2,2,0.561,1.711,0,0,3,0.501,3,2,-2.438,6,4,-0.237,-0.458,0,4,3,3,0.0,3,6,3,5,1,-0.824,3,1,3,-1.147,0.0,0
5,2,2,4,4,1,0.915,1,5,4,2.107,2,0,30.4,0,2,1,1.775,-0.579,3,1,4,2.23,7,1,2.72,4,4,0.184,1.594,5,4,2,5,0.0,0,5,1,6,2,1.422,5,2,0,1.403,233.95,1
0,7,1,7,0,0,-1.988,4,4,0,-1.555,1,0,26.33,7,2,5,-0.119,-0.287,2,0,5,2.329,3,1,-0.871,3,5,-3.883,-1.027,3,3,5,2,0.0,5,7,2,6,1,-1.101,6,2,5,-0.549,0.0,0
3,0,2,1,2,0,-0.31,0,2,0,-2.745,2,7,22.18,7,5,3,-0.511,-1.606,1,0,2,3.583,1,4,-1.152,7,3,2.55,1.088,0,5,1,6,0.0,1,4,0,3,3,0.087,3,0,2,-0.463,0.0,0
4,4,5,5,0,0,1.663,3,4,5,2.593,0,2,19.57,4,0,0,2.305,1.574,2,0,0,5.291,1,0,0.281,6,4,2.125,3.709,2,2,0,4,0.0,5,3,1,4,6,1.506,7,4,2,1.08,0.0,0
2,7,5,0,0,0,-1.617,2,5,3,-2.267,3,1,29.18,2,1,4,-3.024,-0.871,1,0,1,-2.91,1,4,-2.255,4,1,-0.713,-0.967,4,0,0,4,0.0,0,5,2,5,0,-0.922,5,3,3,-0.908,0.0,0
3,7,3,4,0,0,-1.441,0,0,3,-2.621,0,7,25.91,3,4,1,-3.03,1.489,5,0,4,-6.551,2,2,-3.704,4,0,-3.039,-3.942,2,5,0,2,0.0,1,4,0,6,5,-1.785,7,3,4,-1.301,0.0,0
3,3,0,3,4,0,1.04,0,1,5,0.008,2,0,14.14,6,6,4,0.616,-0.372,2,0,1,-5.202,3,1,-1.579,7,4,0.43,-2.684,5,4,2,0,0.0,5,2,0,4,7,-0.873,5,5,4,0.6,0.0,0
0,5,2,2,5,0,-0.689,1,1,0,-0.866,3,7,23.73,6,4,1,-0.233,-0.024,2,0,3,1.37,2,0,-0.397,5,1,-2.585,-1.997,2,3,4,7,0.0,1,5,5,3,5,-1.374,3,4,2,-1.303,0.0,0
1,7,4,6,3,0,-2.684,0,0,4,-1.69,1,0,34.78,4,6,2,4.077,-0.608,1,0,5,0.73,1,0,0.257,6,5,1.331,0.854,0,1,5,4,0.0,2,5,0,1,0,0.43,4,5,0,0.014,0.0,0
5,6,2,5,3,0,-0.1,3,2,3,-0.962,5,5,37.06,2,7,1,-0.237,0.155,3,0,4,1.534,7,3,-0.698,0,1,2.974,-2.334,1,3,0,7,0.0,3,3,0,1,1,-0.928,5,5,2,-0.725,0.0,0
4,6,4,1,1,0,-1.159,3,3,2,-0.101,2,7,20.17,5,7,1,-0.719,1.531,3,0,5,3.275,0,5,1.081,5,4,-2.191,0.496,5,2,5,4,0.0,5,5,1,7,5,-0.149,5,3,4,-0.623,0.0,0
0,6,2,4,0,0,-1.265,3,1,5,1.303,2,7,37.06,3,4,2,-0.926,0.021,3,0,3,-0.979,7,4,-1.679,6,2,2.429,0.449,5,0,0,4,0.0,4,3,5,5,0,0.792,6,3,2,-0.29,0.0,0
4,0,4,2,0,0,-0.474,4,0,3,1.995,4,0,19.32,4,3,3,1.302,0.874,5,0,0,0.68,7,5,-0.505,2,4,-1.25,-3.232,4,5,5,2,0.0,1,1,5,4,0,-0.297,6,4,5,-0.419,0.0,0
3,6,0,7,2,0,-1.194,5,3,5,1.376,5,2,28.73,3,0,3,-3.173,1.001,0,0,5,3.892,2,4,-1.966,5,5,0.896,-2.225,3,1,1,4,0.0,0,0,0,4,7,0.327,3,5,0,0.16,0.0,0
2,7,4,6,5,0,2.053,4,1,0,-1.21,3,4,28.64,6,3,1,0.488,-0.223,2,0,1,1.636,3,5,-0.257,4,3,-4.017,-0.548,1,2,0,3,0.0,2,1,5,0,5,-0.831,2,3,4,-0.977,0.0,0
2,5,5,6,1,1,0.819,0,1,5,0.589,3,3,35.08,1,4,2,1.177,-0.295,3,1,1,2.21,6,2,0.865,2,1,1.482,0.365,5,5,1,6,0.0,4,6,2,2,4,1.488,0,2,5,1.415,113.35,1
3,3,1,0,5,0,-1.137,1,1,0,-0.689,2,1,31.61,1,4,3,0.18,0.212,2,0,5,-0.367,6,0,-1.069,5,2,-0.169,-0.743,2,0,5,3,0.0,0,0,3,2,1,-1.094,5,0,2,-1.294,0.0,0
4,4,1,1,2,0,1.052,5,1,1,2.277,2,3,53.33,2,1,5,1.447,1.948,4,1,4,3.436,2,0,3.981,3,5,2.978,1.216,2,2,0,6,0.0,5,2,1,0,2,2.061,7,4,3,1.061,153.49,1
2,3,2,0,3,1,4.592,1,2,0,2.383,3,7,31.3,4,5,3,1.262,1.947,2,0,3,1.063,3,2,0.678,1,4,3.972,2.592,3,2,1,3,0.0,4,6,0,1,7,1.574,4,3,1,1.38,158.9,1
3,5,0,3,3,0,1.226,2,3,1,-1.614,5,6,36.35,5,0,4,-0.32,1.08,0,0,5,1.27,1,3,0.617,5,3,-0.653,0.678,2,3,2,1,0.0,0,1,1,5,6,-0.103,7,0,5,-0.525,0.0,0
4,4,1,6,5,0,1.81,0,2,5,1.769,1,4,33.43,7,6,4,2.282,1.393,5,1,4,-0.033,3,1,2.415,2,5,0.778,1.599,0,0,0,5,0.0,5,4,4,2,5,1.544,3,4,4,1.913,68.64,1
3,2,3,1,5,0,0.63,0,4,4,-2.756,3,2,22.3,3,0,1,1.098,0.307,1,0,3,-1.365,1,3,1.139,3,2,-1.717,0.561,5,0,2,1,0.0,2,0,3,1,7,-0.343,0,5,3,-0.099,0.0,0
1,5,2,2,2,0,-0.545,0,1,2,0.276,1,2,27.69,2,5,1,-0.338,-1.598,5,0,5,-3.109,4,4,0.502,2,0,-0.47,-0.463,3,0,4,6,0.0,4,0,4,5,5,-0.169,6,1,3,-0.139,0.0,0
1,4,4,3,2,0,0.927,2,0,0,2.402,1,1,34.07,1,2,0,0.598,0.377,1,1,2,1.603,6,0,-0.42,7,0,0.858,-0.158,4,3,0,2,0.0,2,0,4,6,2,1.393,1,3,0,1.687,176.91,1
3,0,0,7,3,0,-0.666,1,1,1,-3.07,0,0,31.34,6,4,3,-1.101,0.414,5,0,3,-3.9,6,5,0.269,5,1,-0.867,0.06,0,4,5,4,0.0,3,5,4,3,7,-0.888,4,0,5,-1.271,0.0,0
3,4,0,1,1,0,0.857,2,4,1,2.301,0,1,37.1,4,1,5,0.769,1.989,1,1,3,2.616,5,3,0.974,7,3,-0.877,1.766,2,1,4,0,0.0,3,0,0,0,1,1.409,2,1,2,1.783,174.26,1
3,3,2,4,5,0,0.084,3,3,2,-3.714,0,2,35.31,5,2,4,-1.956,-0.147,3,0,5,-1.48,5,2,-3.443,7,0,-0.469,-1.764,0,2,5,0,0.0,3,7,1,0,1,-1.266,4,5,5,-1.145,0.0,0
4,5,4,7,2,0,1.486,3,2,4,-3.031,5,3,16.89,6,0,1,-2.524,0.418,5,0,5,-2.544,0,4,-1.401,6,3,-1.98,-1.609,1,0,2,3,0.0,0,7,2,5,2,-0.038,6,2,4,-0.614,0.0,0
3,5,0,6,0,0,1.016,3,3,0,2.506,4,5,35.88,1,3,0,1.819,1.536,5,0,4,-1.95,3,0,-1.775,1,3,0.119,0.133,0,5,2,4,0.0,1,5,2,1,4,-0.471,4,0,0,0.328,0.0,0
1,5,1,0,3,0,0.734,2,4,1,0.585,0,7,29.78,2,0,0,4.196,1.055,3,0,5,-0.181,2,3,-1.01,2,1,-0.286,-2.938,4,5,1,3,0.0,5,7,0,4,0,-0.466,3,5,5,0.091,0.0,0
3,2,5,0,1,0,-1.463,5,0,1,-3.37,4,3,30.73,0,2,0,-1.353,-0.246,0,0,5,-4.35,1,2,-0.299,7,5,-2.656,-4.424,3,0,2,1,0.0,5,7,3,0,4,-1.767,5,4,0,-2.43,0.0,0
1,3,0,3,5,0,0.85,0,0,0,1.177,2,4,24.97,6,2,2,0.989,1.381,3,0,0,1.137,0,4,-0.164,5,1,0.058,0.527,2,3,0,0,0.0,3,3,5,2,2,0.344,2,5,4,0.311,0.0,0
2,4,5,0,2,0,0.688,4,4,0,-0.87,4,2,25.75,3,6,4,0.439,0.216,0,0,4,-1.47,7,5,-0.33,0,4,0.262,-0.217,4,5,1,1,0.0,0,0,1,3,2,0.089,6,2,4,0.468,0.0,0
2,4,1,6,4,0,-0.187,0,4,2,0.661,2,7,30.01,2,6,5,-0.742,1.261,0,0,1,-0.772,0,5,2.596,3,5,0.355,0.589,3,5,1,4,0.0,4,6,5,3,7,1.392,4,5,0,1.428,0.0,0
5,5,4,2,1,0,0.147,5,5,3,-2.864,5,6,31.85,2,3,0,1.1,-1.202,2,0,3,1.042,0,3,-2.433,1,0,1.442,-0.751,2,3,0,4,0.0,2,4,5,6,1,-0.404,6,3,1,-0.562,0.0,0
0,4,1,5,3,0,0.119,2,1,2,-1.073,0,2,35.31,2,2,0,0.055,0.019,4,0,4,0.123,6,5,0.81,2,1,1.202,-0.523,4,0,5,2,0.0,1,5,0,2,6,-0.648,1,5,3,-0.806,0.0,0
5,4,1,2,4,0,-3.262,4,0,0,0.532,5,0,25.55,2,2,2,0.553,0.021,4,0,5,-1.442,6,4,-0.009,5,2,-2.062,-0.768,1,2,2,5,0.0,2,3,3,4,3,-2.394,5,2,4,-2.133,0.0,0
3,2,0,1,5,0,-0.941,5,3,0,-1.091,3,1,35.15,3,4,3,-0.638,0.321,1,0,2,-4.031,4,5,-0.815,7,5,-2.697,-1.066,5,5,3,1,0.0,4,4,2,4,1,-1.985,1,4,2,-2.044,0.0,0
0,2,2,0,5,0,0.224,4,1,1,-2.576,5,0,32.81,3,7,3,-3.331,-0.575,4,0,3,-0.63,1,1,-0.033,1,3,-2.719,-1.234,3,1,3,2,0.0,3,0,0,0,6,-0.883,7,5,4,-1.957,0.0,0
1,2,5,7,3,0,3.224,4,2,2,1.398,5,4,28.78,2,5,1,0.605,0.971,2,0,1,-2.915,3,3,-1.34,5,2,3.215,-0.708,3,1,2,1,0.0,0,0,3,6,6,-0.378,5,0,4,0.721,0.0,0
4,3,2,3,2,0,-0.365,1,1,2,4.083,4,1,32.54,1,5,0,0.525,0.625,1,0,5,-1.488,1,4,0.373,0,2,-2.206,0.319,2,0,0,0,0.0,5,6,5,3,0,0.542,6,2,4,0.136,0.0,0
3,2,0,4,5,0,-1.313,5,4,0,1.695,3,6,32.2,7,3,1,-2.831,0.402,2,0,0,-1.101,3,3,-2.6,0,0,-3.188,0.634,4,3,2,4,0.0,4,6,1,1,7,-0.956,1,0,2,-1.025,0.0,0
0,3,3,6,4,0,1.203,5,0,1,-0.67,2,7,31.61,0,7,1,1.361,-0.345,1,0,3,0.372,7,2,3.29,7,5,-2.02,2.475,1,5,1,5,0.0,2,2,1,7,0,-0.087,0,4,4,0.468,0.0,0
4,1,1,6,2,0,1.771,4,2,3,-0.077,4,2,29.46,7,0,0,0.543,0.038,3,0,1,-2.286,3,3,0.91,6,0,0.311,-1.106,2,0,0,1,0.0,2,1,1,5,2,0.697,3,1,3,1.208,0.0,0
2,6,2,0,0,0,-1.26,5,0,0,-1.311,0,3,21.01,3,1,1,1.666,-1.256,2,0,5,-2.456,0,5,2.899,5,2,-0.388,1.817,2,4,5,1,0.0,4,6,1,7,6,-0.181,1,5,2,-0.291,0.0,0
5,7,3,4,2,0,3.421,3,2,4,0.643,5,3,30.38,5,1,4,0.094,-0.88,1,0,0,1.921,6,0,0.826,3,5,0.776,0.921,2,0,5,3,0.0,3,6,3,1,0,-0.079,5,1,1,0.591,0.0,0
5,2,0,5,4,0,0.92,1,1,2,0.622,2,1,35.4,0,3,0,1.68,-1.682,3,1,4,-0.116,5,1,2.253,4,5,-0.818,2.653,2,3,5,6,0.0,1,0,3,7,7,0.807,1,2,3,1.061,0.0,1
1,1,5,0,5,0,0.28,0,1,2,-3.429,4,7,32.44,4,4,0,-3.309,-0.83,4,0,3,2.456,4,4,-0.045,1,5,0.336,-0.722,3,5,5,2,0.0,5,2,2,6,2,-0.7,2,2,5,-1.701,0.0,0
2,5,0,5,1,0,-1.234,5,0,3,1.542,5,7,37.1,6,6,3,3.795,0.01,4,1,0,-0.961,7,2,-2.172,7,4,-0.042,0.005,0,1,0,7,0.0,2,5,5,7,1,0.458,4,3,0,0.63,214.7,1
4,7,2,5,5,1,1.183,4,4,4,0.487,2,3,32.57,6,3,5,-0.69,-0.101,0,1,3,-2.11,6,3,1.093,0,1,-0.823,-0.001,5,2,4,7,0.0,4,2,2,5,3,0.582,3,2,1,1.253,103.87,1
0,7,1,3,2,0,1.615,0,3,4,-1.328,3,2,22.05,6,6,1,-0.825,2.032,2,0,4,0.555,3,3,0.411,5,0,-0.362,-2.833,1,4,2,5,0.0,2,0,4,0,4,-0.657,3,2,4,-0.221,0.0,0
5,4,1,6,2,0,-1.643,5,1,2,-0.838,4,1,28.7,5,4,1,-1.819,-0.787,0,0,3,-3.82,1,3,2.078,4,5,0.41,-0.599,0,5,0,0,0.0,3,4,3,1,5,-1.001,0,3,3,-0.833,0.0,0
3,2,3,0,3,0,-2.117,5,0,4,-0.367,1,0,24.14,6,1,5,1.807,0.834,1,0,0,3.658,1,2,0.719,1,3,1.808,3.086,1,1,4,0,0.0,1,3,4,0,7,0.371,3,3,0,1.141,0.0,0
4,3,1,2,0,0,-2.167,0,4,4,1.215,0,2,19.67,4,0,3,1.119,-1.577,0,0,3,2.006,1,2,0.447,2,1,-0.562,1.962,5,3,4,7,0.0,3,6,0,4,7,-0.696,7,5,1,0.003,0.0,0
0,7,3,0,0,1,1.909,1,4,3,0.46,4,3,36.71,3,4,1,2.695,1.676,0,1,3,-0.901,3,5,3.028,4,1,0.957,1.41,0,3,0,1,0.0,3,1,1,0,4,1.31,0,5,0,1.701,148.02,1
2,0,0,7,4,0,-0.219,0,4,3,-2.804,2,1,32.94,3,6,3,-1.338,-1.543,0,0,2,1.087,2,2,0.793,7,4,0.019,-2.147,4,4,5,2,0.0,0,3,3,4,5,-0.959,0,3,0,-0.384,0.0,0
2,3,2,6,4,0,-2.052,1,5,2,0.316,1,4,23.76,3,4,3,1.221,-0.664,0,0,5,3.213,7,1,-0.624,7,1,-1.425,1.226,4,0,2,2,0.0,1,0,2,4,5,0.003,2,4,4,-0.063,0.0,0
3,1,3,6,1,0,-0.422,2,4,1,-0.134,0,7,19.58,6,6,3,-1.482,-0.151,5,0,1,-2.703,3,0,-0.478,4,3,-1.271,0.62,0,0,3,3,0.0,0,1,5,4,0,-0.19,1,5,5,-0.627,0.0,0
2,5,0,7,5,0,5.004,2,5,1,-1.261,3,0,23.52,0,0,1,0.018,-0.136,5,0,2,-0.069,0,4,1.559,7,3,1.183,0.178,0,0,0,5,0.0,2,7,2,0,6,1.126,2,4,1,0.559,0.0,0
3,2,2,1,0,0,0.293,5,3,1,1.577,5,2,26.37,3,4,5,0.625,-0.264,0,1,4,4.298,3,2,1.509,2,3,2.688,1.862,0,2,4,2,0.0,1,2,1,2,4,1.044,2,5,5,1.596,67.2,1
3,1,2,4,4,0,-0.577,2,2,2,0.103,5,3,30.17,3,2,2,1.435,1.024,3,1,1,1.869,1,4,1.486,2,3,1.005,-2.838,4,0,3,7,0.0,2,5,5,1,7,0.454,6,2,4,1.058,123.2,1
1,3,2,4,1,0,2.022,4,4,3,-1.043,0,4,32.1,5,2,1,-1.043,1.793,4,0,0,-3.577,3,5,0.271,3,2,-0.251,-1.377,3,5,5,0,0.0,0,2,1,3,0,-1.359,1,3,3,0.174,0.0,0
0,7,0,0,5,0,1.566,0,4,0,0.967,4,4,45.44,0,2,5,-0.04,0.02,3,1,1,0.683,6,5,1.595,2,3,1.235,0.673,3,4,2,5,0.0,1,3,0,1,2,0.938,3,1,5,0.933,234.22,1
3,3,0,3,2,0,-0.219,5,1,3,1.252,4,3,28.74,6,3,5,0.298,0.449,4,0,0,-1.558,6,0,0.712,0,1,0.224,2.353,1,2,0,2,0.0,4,4,4,0,4,0.916,1,0,3,0.133,0.0,0
1,1,1,3,2,0,-1.763,5,0,0,-0.207,2,7,30.04,4,4,3,-0.748,-1.558,2,0,4,0.198,5,2,0.467,4,4,0.339,-0.087,3,1,1,7,0.0,3,1,1,2,3,0.056,4,3,3,-0.46,0.0,0
3,5,0,3,1,0,-3.36,1,2,0,-0.193,2,5,25.98,3,5,1,2.03,-1.251,1,0,0,-2.64,7,1,0.82,0,3,-1.041,2.479,3,3,4,4,0.0,5,1,2,7,2,-0.334,1,1,3,-1.267,0.0,0
5,7,5,5,2,0,3.416,2,1,4,-0.307,4,1,47.69,1,4,4,2.587,0.081,2,1,1,-0.586,0,1,1.89,4,2,1.907,-0.132,1,1,3,1,0.0,4,3,3,7,7,1.358,2,2,5,0.96,0.0,1
4,7,3,2,1,0,-3.372,4,1,3,-2.67,4,2,32.18,4,5,3,-1.073,1.39,0,0,5,-2.053,7,1,-1.969,6,2,-2.888,-1.301,3,2,3,2,0.0,3,5,2,3,6,-2.052,2,2,0,-1.538,0.0,0
5,4,3,3,1,0,-0.513,3,3,5,-1.457,0,7,34.08,1,5,3,3.58,-0.919,2,0,5,-0.601,3,2,-2.163,6,2,0.51,-0.661,0,2,5,5,0.0,3,3,2,2,0,-0.245,7,2,0,-0.339,0.0,0
1,0,0,0,5,0,-0.271,3,4,0,-2.947,5,1,26.18,5,1,2,-0.904,0.07,5,0,5,1.985,7,2,-0.669,5,2,0.199,-1.39,3,3,0,2,0.0,4,7,2,1,3,-1.029,3,2,3,-1.162,0.0,0
0,0,2,6,5,0,-3.944,0,0,4,0.533,5,0,26.2,3,0,2,-2.176,0.529,0,0,3,-0.767,1,5,-1.956,6,3,-0.065,1.016,0,5,1,5,0.0,3,3,0,3,2,-1.313,0,4,1,-1.836,0.0,0
0,6,2,3,4,0,-0.81,4,5,4,0.39,5,3,25.83,3,1,1,1.541,-1.305,5,0,3,0.016,4,4,0.279,5,2,0.159,0.141,0,0,2,4,0.0,5,5,4,5,0,-1.067,1,1,2,-0.063,0.0,0
4,3,5,7,3,0,-1.429,0,1,5,-3.743,5,5,21.45,2,1,1,-2.949,0.027,5,0,0,-1.984,6,3,-0.563,0,3,-0.886,-1.642,3,3,2,2,0.0,4,1,5,4,6,-0.349,1,4,1,-1.422,0.0,0
5,7,4,5,1,0,-0.676,2,4,4,-0.058,3,5,22.69,4,5,0,-1.259,-0.524,4,0,1,0.056,7,3,-0.229,0,2,0.721,-0.503,4,2,5,0,0.0,2,3,2,6,3,0.048,1,2,4,0.13,0.0,0
5,3,4,6,5,0,-1.247,2,2,0,0.529,3,1,29.12,1,5,5,-1.616,-1.196,0,0,2,-0.592,3,1,1.459,3,2,-0.331,-1.357,3,1,4,1,0.0,0,2,2,6,6,1.382,4,0,5,0.487,0.0,0
1,0,2,1,2,0,1.023,1,2,0,-1.332,3,1,26.35,5,6,3,-1.336,0.112,5,0,0,0.599,1,4,-1.541,4,2,-0.917,-1.583,3,3,5,5,0.0,0,0,4,6,1,-1.302,2,1,5,-0.249,0.0,0
0,5,2,0,4,0,0.49,1,5,4,-0.025,2,2,22.32,5,4,4,0.831,0.243,0,0,2,-2.503,7,4,2.148,7,3,-3.255,-0.855,1,5,0,7,0.0,4,2,5,6,2,-1.352,1,4,4,-1.336,0.0,0
3,4,2,2,2,0,-2.209,1,3,3,-0.759,1,3,29.43,1,5,1,0.181,-2.188,1,0,3,-0.838,5,4,0.541,6,0,-0.943,0.241,0,1,5,0,0.0,3,5,3,2,0,0.055,3,1,4,-0.342,0.0,0
3,7,2,0,3,0,-0.124,2,0,4,-1.162,4,5,28.77,3,2,5,-0.004,0.183,5,0,0,-1.264,2,2,3.219,2,5,1.126,0.147,4,2,2,1,0.0,5,5,4,6,6,0.187,7,1,5,-0.031,0.0,0
0,0,4,3,5,1,2.581,4,4,5,3.14,5,7,40.38,0,1,5,0.509,0.88,2,1,4,2.943,6,3,1.281,0,3,2.886,0.397,3,2,1,3,0.0,1,5,4,5,2,0.941,0,0,0,1.22,25.4,1
0,0,4,5,1,0,-2.746,3,5,4,0.712,3,1,30.67,2,7,5,1.921,-1.531,5,0,2,1.635,1,0,2.085,1,5,-0.009,0.352,3,1,3,5,0.0,0,1,1,2,7,0.882,2,3,3,0.913,0.0,0
4,6,3,3,3,0,0.136,4,5,1,-0.926,3,5,21.1,3,7,1,0.202,0.173,3,0,5,-1.179,4,5,1.018,3,2,-1.491,0.781,1,1,5,6,0.0,1,4,1,3,4,-0.4,6,3,0,-0.077,0.0,0
0,0,4,5,4,1,-1.883,4,3,1,-0.567,3,7,49.21,6,2,4,1.454,-0.151,3,0,2,-2.401,0,1,-0.868,1,2,1.917,1.448,4,3,2,4,0.0,1,2,0,6,3,0.727,1,2,3,0.421,37.59,1
4,7,5,6,3,0,-1.52,3,2,3,0.798,0,4,12.44,3,3,4,0.39,-1.03,0,0,3,-0.783,1,5,-2.973,1,1,-2.194,-1.438,0,4,5,0,0.0,2,0,1,7,1,-1.172,4,4,0,-0.92,0.0,0
2,0,2,6,4,0,1.525,3,1,5,3.493,0,2,37.01,6,5,4,0.01,0.069,4,0,0,1.628,6,5,2.887,7,4,2.992,2.861,5,2,0,6,0.0,4,1,0,1,6,0.35,4,0,4,1.276,0.0,0
2,1,1,5,5,0,2.382,4,4,0,-1.531,2,2,24.28,5,0,4,1.601,1.563,2,0,2,4.342,0,0,1.64,5,3,-0.21,0.297,0,2,2,5,0.0,3,5,3,2,6,1.134,3,4,4,0.87,0.0,0
4,0,0,2,0,0,-0.306,0,5,1,-1.515,4,6,25.37,2,1,3,0.649,-0.454,2,0,4,0.076,7,0,-4.251,4,2,0.229,1.457,0,0,4,0,0.0,5,0,1,5,2,-0.336,7,2,3,-0.838,0.0,0
5,7,3,0,4,0,2.07,2,1,5,-1.819,5,2,26.44,3,7,3,-2.601,-0.427,1,0,2,-2.141,7,4,0.269,0,0,-0.803,1.609,5,2,4,3,0.0,1,6,3,3,7,-1.567,2,3,2,-1.359,0.0,0
1,2,1,5,3,0,0.742,0,3,1,3.082,0,4,30.96,5,2,0,-0.1,0.692,5,0,1,-2.674,5,1,1.009,3,1,1.113,3.41,2,3,4,2,0.0,5,4,0,2,2,0.778,1,5,1,1.113,0.0,0
5,1,1,3,2,0,1.642,0,3,4,-1.536,0,6,18.17,7,4,3,-0.366,-0.575,5,0,3,3.015,5,0,0.45,3,3,-1.305,-1.537,0,1,1,2,0.0,3,2,0,1,1,-1.319,2,0,1,-0.913,0.0,0
1,4,0,4,3,0,1.02,5,1,3,1.167,5,7,45.85,4,6,4,-2.297,0.63,2,1,4,1.031,1,4,-0.445,4,5,-0.142,-0.516,0,3,3,4,0.0,3,2,5,1,1,0.566,2,4,4,0.825,40.92,1
5,0,3,4,3,0,-0.713,1,1,2,-2.243,4,1,37.98,6,1,0,-1.988,-0.361,5,0,0,1.033,0,1,-0.389,2,3,-2.662,-1.36,3,4,2,6,0.0,3,6,0,1,1,-0.868,4,4,5,-1.255,0.0,0
3,6,1,2,5,0,1.14,3,1,0,0.089,4,0,40.72,1,2,0,-1.052,-0.587,3,1,0,3.593,1,4,-1.08,2,1,-0.918,-0.745,1,1,0,0,0.0,1,1,5,1,2,1.068,7,2,1,1.065,191.07,1
0,7,1,0,0,0,2.806,1,2,0,1.529,0,5,34.26,7,5,4,1.38,1.349,1,1,1,1.509,4,1,-1.633,3,4,1.204,2.062,1,4,5,1,0.0,5,2,1,2,1,0.856,7,0,4,1.104,181.18,1
1,4,4,2,0,0,-1.377,0,3,0,-2.371,4,3,26.41,4,2,4,-2.266,1.769,2,0,2,1.342,7,5,-1.86,6,0,-5.077,-2.331,2,2,4,1,0.0,3,6,4,6,6,-2.025,6,0,1,-2.059,0.0,0
2,0,0,1,4,0,-2.526,1,5,5,1.232,0,7,28.05,2,0,0,-1.429,0.014,0,0,0,0.371,6,0,-1.278,0,1,-0.979,-2.737,5,4,1,3,0.0,5,4,3,1,6,-1.598,7,1,2,-1.391,0.0,0
1,1,1,2,2,0,1.167,4,5,5,0.805,2,5,26.38,2,6,4,1.246,-0.895,0,0,5,-0.308,4,5,-1.776,6,1,-0.785,0.456,2,0,2,3,0.0,4,7,1,2,6,0.54,2,0,5,-0.055,0.0,0
4,3,4,6,2,1,1.081,4,2,4,1.413,0,4,26.67,7,2,1,0.397,-1.411,4,1,4,4.039,3,2,0.995,0,4,2.887,4.693,4,1,5,5,0.0,3,3,0,4,7,1.343,2,4,3,1.938,98.43,1
4,0,5,2,3,0,-0.977,1,1,4,0.313,2,7,17.08,0,5,2,1.52,0.381,1,0,2,-6.547,7,3,1.937,5,3,-1.079,1.361,0,1,2,1,0.0,4,6,0,4,2,0.093,7,0,3,-0.302,0.0,0
1,3,0,7,5,1,0.176,2,1,4,5.574,0,1,38.03,2,2,3,3.047,0.5,5,1,3,2.992,2,4,4.01,0,4,3.516,3.653,4,1,3,3,0.0,3,1,3,4,0,2.43,2,2,5,2.705,0.0,1
3,5,1,2,5,0,0.98,3,4,1,-0.61,5,6,28.29,6,5,5,1.484,0.319,0,0,5,1.424,2,3,0.719,2,1,1.617,1.055,0,2,5,2,0.0,0,1,3,3,2,0.036,7,4,0,0.158,0.0,0
5,0,4,2,1,0,1.472,0,2,4,0.182,3,1,37.78,6,2,4,-0.024,0.133,1,1,3,0.324,2,5,0.242,5,5,1.167,1.132,0,2,3,2,0.0,0,1,4,2,4,-0.262,6,5,3,0.758,196.25,1
5,6,2,0,0,0,-1.301,2,3,2,-1.577,2,1,40.34,5,7,3,1.48,0.153,2,0,3,-2.824,6,5,-1.703,2,0,-0.216,-1.502,4,2,0,2,0.0,2,5,5,0,3,0.312,4,4,3,0.519,0.0,0
5,7,1,6,3,0,0.107,5,2,4,0.788,1,4,15.19,4,3,1,-0.833,-1.295,1,0,0,0.263,6,0,-0.117,6,0,1.144,0.427,3,5,3,3,0.0,1,5,1,1,4,-0.086,2,0,2,0.358,0.0,0
3,4,3,4,4,0,-1.606,1,1,3,0.248,4,7,24.61,5,1,2,0.583,0.87,1,0,0,-1.54,5,3,-4.213,0,4,-1.329,-0.571,0,3,5,7,0.0,4,2,5,4,3,-0.909,0,3,4,0.048,0.0,0
4,6,0,2,4,0,0.317,5,3,4,-1.948,0,7,30.49,6,0,2,1.354,0.41,4,0,0,-3.085,5,5,1.992,3,2,2.902,2.253,1,2,3,3,0.0,5,7,0,5,4,0.458,4,5,1,0.809,0.0,0
5,0,0,4,0,0,-0.799,1,4,3,1.075,3,6,22.59,6,3,4,-1.269,-0.563,4,0,0,-2.198,5,4,1.751,5,1,0.426,0.916,0,5,4,6,0.0,1,5,3,7,1,-0.755,0,1,3,-0.158,0.0,0
4,6,5,6,3,0,-2.276,5,3,0,0.48,4,5,23.85,1,2,5,0.003,0.029,2,0,1,1.097,3,4,0.502,4,5,-1.138,0.101,2,5,5,6,0.0,5,1,0,3,7,-0.138,4,2,2,-0.071,0.0,0
4,3,5,1,2,0,1.337,0,1,4,-2.473,0,2,33.23,6,0,2,1.114,0.345,5,0,5,-0.905,2,3,-0.404,4,1,1.608,1.039,4,0,3,2,0.0,2,6,3,5,1,0.778,1,3,3,0.336,0.0,0
1,0,4,3,2,0,-2.104,0,3,4,-3.123,4,0,25.38,7,1,3,-1.818,-1.252,5,0,0,2.045,5,2,-1.804,2,4,-1.229,-3.067,5,3,2,5,0.0,0,3,5,4,6,-0.964,6,3,1,-1.316,0.0,0
4,7,5,5,5,0,1.994,3,4,3,-2.486,0,6,26.14,5,5,2,-1.829,-1.484,0,0,4,-1.022,4,0,-0.551,7,0,-1.703,-1.26,0,3,5,2,0.0,1,1,1,4,0,-1.179,2,3,3,-1.424,0.0,0
4,7,1,2,0,0,-4.327,4,5,0,-5.013,2,0,25.23,5,1,4,-6.082,-1.053,2,0,5,-0.369,4,2,-0.528,4,3,-3.531,0.376,0,1,1,6,0.0,0,4,2,3,3,-0.629,3,2,4,-1.528,0.0,0
5,1,2,5,0,0,-4.577,3,5,2,-0.99,0,5,23.68,3,7,2,-1.041,-0.279,1,0,1,0.098,4,1,-3.187,7,4,-2.742,1.51,5,2,3,2,0.0,3,5,0,7,4,-1.883,7,1,4,-2.111,0.0,0
5,5,2,5,4,0,0.736,0,3,0,4.41,0,0,30.97,6,1,1,1.331,-0.636,0,0,4,0.223,5,4,-1.359,7,2,1.154,-1.619,2,1,1,0,0.0,3,4,5,5,3,-0.474,6,4,0,-0.423,0.0,0
2,6,5,2,0,0,-0.773,5,3,4,-1.931,5,6,18.77,3,0,4,-2.09,0.802,0,0,1,-2.738,6,1,-2.115,5,2,-0.452,-3.535,0,5,3,7,0.0,0,7,1,1,0,-0.772,5,1,1,-1.558,0.0,0
2,3,0,5,3,0,1.062,1,5,5,2.457,0,1,37.21,3,6,4,4.973,-0.845,3,1,2,1.515,6,3,3.808,5,1,1.34,1.303,4,0,1,0,0.0,2,1,1,4,7,2.247,1,4,1,1.512,0.0,1
3,7,4,1,4,0,1.675,3,0,3,0.393,1,4,27.63,7,5,3,1.242,0.815,5,0,1,-1.733,1,1,-1.03,2,0,-0.503,0.914,1,3,5,7,0.0,4,3,4,2,7,-0.764,5,1,3,-0.36,0.0,0
0,1,0,7,0,0,-2.561,5,1,0,1.168,1,6,31.59,6,2,1,1.642,-0.528,4,0,2,-1.907,4,3,-0.623,2,1,-0.2,-0.546,2,2,4,4,0.0,5,5,1,0,6,-0.333,6,5,0,-0.633,0.0,0
5,2,5,2,3,0,1.147,5,5,2,-0.655,0,2,37.01,7,4,2,-1.182,-0.081,2,0,1,-0.173,2,3,3.811,0,3,0.897,-3.195,3,3,3,1,0.0,5,1,3,0,5,0.545,2,0,4,0.403,0.0,0
3,3,0,3,3,1,0.663,3,5,0,1.253,5,7,41.17,4,1,3,-0.582,-0.597,0,1,5,1.222,3,0,1.544,6,3,3.93,3.247,0,0,0,6,0.0,4,6,4,3,0,2.341,3,5,2,2.244,171.87,1
0,6,5,2,2,0,-1.068,2,3,5,-1.153,0,0,22.38,0,7,0,-2.703,-0.794,3,0,2,-1.231,5,4,0.842,2,1,-1.525,-5.157,0,2,1,1,0.0,0,7,0,0,5,-2.087,2,4,3,-2.1,0.0,0
1,0,3,0,5,0,-1.817,5,2,4,1.303,5,3,37.29,4,7,3,-0.306,-0.129,0,0,3,0.364,5,2,-1.327,4,2,0.072,0.068,0,5,3,5,0.0,4,4,3,1,4,-0.082,5,2,4,-0.426,0.0,0
5,5,0,6,5,0,1.389,5,3,0,1.826,5,6,31.43,5,4,5,0.797,-1.508,0,0,2,2.087,7,1,-0.299,6,5,1.492,-3.25,4,2,2,7,0.0,0,5,3,2,4,0.559,0,1,5,0.639,0.0,0
4,5,5,1,3,0,3.855,4,1,2,-0.592,0,6,33.61,3,0,3,2.991,-1.266,2,0,5,0.786,0,3,2.068,0,0,-1.531,1.474,5,2,0,4,0.0,5,6,4,1,2,0.027,4,2,4,0.119,0.0,0
0,2,4,1,3,0,0.117,4,3,2,-0.366,5,2,37.12,4,3,5,3.803,0.993,5,0,2,3.379,5,5,2.102,2,1,0.56,-0.417,2,3,0,1,0.0,3,7,4,0,4,0.056,1,3,1,0.17,0.0,0
2,2,0,4,2,0,1.919,4,4,5,3.509,1,3,34.05,4,7,5,0.984,-0.021,2,1,3,-0.38,4,3,0.43,0,5,1.194,0.955,0,1,3,7,0.0,3,2,4,4,3,1.81,7,4,0,1.048,165.34,1
5,5,5,2,1,0,-1.169,2,4,0,-2.441,4,6,38.3,7,0,4,0.403,-0.114,3,0,5,-2.604,6,0,-2.658,4,3,-1.484,0.131,0,3,4,4,0.0,1,1,5,5,0,-1.437,7,3,0,-1.433,0.0,0
5,1,3,3,5,0,-1.056,4,0,0,-2.212,0,5,23.63,2,4,0,1.367,1.149,2,0,4,-0.646,1,1,-3.42,5,2,-1.031,-0.965,1,1,4,5,0.0,1,2,0,7,0,-1.35,5,1,5,-1.397,0.0,0
5,6,4,1,5,0,-1.384,1,2,3,-1.517,5,1,14.36,0,3,1,0.087,-0.85,2,0,0,1.579,2,1,0.21,6,5,0.63,-0.701,5,1,1,0,0.0,1,6,1,3,6,0.067,2,3,1,-0.346,0.0,0
4,5,3,5,5,0,-2.046,1,0,0,-2.019,0,5,35.08,3,7,2,0.363,-1.556,5,0,5,-0.673,5,5,-4.899,3,3,-0.051,-2.066,0,1,2,4,0.0,1,6,4,4,7,-1.008,7,4,0,-0.951,0.0,0
2,4,0,0,2,0,1.628,4,4,1,0.899,2,6,28.36,0,3,2,0.969,-1.079,5,0,2,-1.184,7,5,0.842,6,2,1.263,-0.039,0,5,4,4,0.0,5,3,1,7,6,-0.164,7,0,1,0.309,0.0,0
4,1,4,2,2,0,-1.568,2,4,2,0.964,2,1,25.28,5,5,1,0.705,0.812,4,0,3,-0.243,6,3,-1.335,0,2,0.643,2.012,1,4,3,1,0.0,1,2,2,5,6,-0.072,4,4,3,-0.111,0.0,0
0,3,1,4,4,1,2.085,2,4,0,3.48,4,7,45.08,3,5,1,3.534,-0.343,4,1,2,2.628,5,2,0.38,7,2,2.889,1.954,4,0,1,1,0.0,0,5,3,2,6,1.123,0,5,1,1.562,0.0,1
4,0,5,1,3,0,-0.288,2,0,3,-1.705,2,4,36.39,7,0,4,2.179,-0.52,5,0,1,0.353,0,3,-2.119,0,5,1.632,-0.815,2,3,2,7,0.0,1,7,0,3,0,-0.598,0,0,1,-0.194,0.0,0
5,2,4,0,5,0,3.036,3,3,5,-0.575,2,0,34.16,3,7,1,-0.808,-1.014,3,0,1,-0.55,0,5,-1.834,2,1,-0.627,-1.666,4,0,2,2,0.0,3,4,5,6,3,-1.182,5,1,5,-0.53,0.0,0
5,7,3,5,4,1,1.601,2,0,5,0.353,0,2,29.01,6,1,4,2.004,-0.924,5,0,5,3.872,2,4,-1.812,7,3,0.618,0.158,3,1,1,6,0.0,1,6,5,7,2,2.33,4,2,0,0.847,40.74,1
1,3,2,2,1,0,-1.66,0,2,5,-2.103,5,3,26.29,5,1,2,-0.57,-0.125,1,0,0,-3.555,2,0,0.252,4,1,-0.139,-0.793,4,4,2,6,0.0,4,3,1,0,4,-2.278,3,4,3,-1.162,0.0,0
3,7,5,4,4,0,-1.455,1,4,5,-0.539,1,0,43.64,2,7,5,-2.516,-0.387,0,0,2,0.711,7,3,-0.774,4,4,1.194,-2.429,3,4,2,5,0.0,4,2,0,2,1,0.223,6,2,4,-0.168,0.0,0
3,7,5,2,5,1,0.832,1,0,4,0.434,4,2,34.74,4,7,2,1.597,1.407,5,1,3,-0.247,1,0,1.052,4,3,2.308,0.903,0,1,3,3,0.0,4,5,5,5,1,1.826,6,1,2,1.513,169.2,1
5,2,1,6,5,0,-1.811,1,5,5,-1.154,4,5,33.08,5,7,5,-5.173,-0.628,2,0,5,1.312,4,2,-0.508,6,1,-1.518,0.305,3,1,1,2,0.0,2,1,3,7,3,-1.461,4,3,5,-0.735,0.0,0
2,6,3,2,4,0,-2.789,5,1,0,-2.977,1,5,34.81,4,2,0,-1.732,-0.047,3,0,0,-0.567,4,0,-1.248,1,4,1.331,-0.833,4,3,5,4,0.0,2,2,0,0,2,-0.496,6,2,5,-0.131,0.0,0
2,7,5,2,3,0,0.777,5,3,1,2.342,4,2,22.52,0,4,1,2.095,-1.161,4,0,0,2.828,0,3,0.838,0,5,-0.593,-1.112,3,0,3,2,0.0,1,4,4,7,1,-0.005,6,1,3,0.835,0.0,0
1,0,2,2,0,0,1.53,3,4,0,0.627,2,4,25.29,3,3,0,2.473,-1.221,0,0,2,2.483,4,0,0.342,6,4,0.503,0.187,3,4,1,3,0.0,0,5,1,7,0,-0.419,3,0,5,0.589,0.0,0
1,2,4,4,4,1,0.396,4,1,0,2.089,0,4,31.69,1,0,5,1.597,-0.535,3,1,0,4.934,6,4,2.128,4,5,2.607,3.373,1,2,0,5,0.0,4,6,3,4,4,1.876,0,2,0,2.189,181.53,1
4,0,0,0,5,1,3.543,0,0,2,1.094,2,3,34.06,2,5,0,2.541,-0.49,2,1,0,1.209,0,2,1.103,1,2,2.009,3.079,1,1,4,1,0.0,1,1,5,2,5,1.417,3,2,4,1.6,159.94,1
3,5,0,3,4,0,-1.126,2,3,3,-3.464,1,2,36.83,3,1,2,2.197,-1.359,5,0,2,0.302,0,4,-1.768,7,2,1.647,2.772,0,5,5,6,0.0,5,7,0,7,4,-0.37,1,1,4,-0.283,0.0,0
5,0,3,6,1,0,2.011,3,5,5,-0.681,1,4,19.34,7,5,0,-0.103,0.405,3,0,5,1.441,5,1,-1.242,0,2,-1.359,-0.428,0,2,3,3,0.0,0,4,1,4,4,-0.531,1,2,4,-0.751,0.0,0
2,0,3,7,1,0,-1.407,5,2,0,-0.421,4,2,23.57,2,6,4,-0.381,-0.671,1,0,3,-1.358,1,4,0.561,1,3,-1.455,-0.188,1,3,0,5,0.0,1,6,3,0,7,-0.368,4,3,2,-0.122,0.0,0
0,6,5,3,1,0,1.576,1,5,3,2.396,3,1,37.22,5,7,2,-2.769,1.173,5,0,3,-0.14,6,0,-3.221,3,2,1.295,-2.682,1,0,4,5,0.0,2,1,1,3,2,-1.85,4,2,3,-1.374,0.0,0
0,0,1,5,1,0,-0.58,0,1,2,-0.521,2,7,25.02,4,3,3,0.65,-0.21,2,0,4,1.91,7,0,-1.312,7,3,1.242,-0.944,0,4,0,1,0.0,0,7,1,2,5,0.103,0,4,1,0.006,0.0,0
2,4,2,1,5,0,-0.312,2,0,4,-2.034,2,5,36.97,2,7,4,0.062,1.5,5,0,0,-2.221,2,5,1.094,7,4,0.207,0.464,3,5,1,0,0.0,4,4,5,1,0,-0.057,5,3,3,-0.387,0.0,0
0,4,2,6,5,0,-0.048,3,3,2,-0.406,1,2,25.88,0,2,4,-0.129,1.218,2,0,3,0.342,2,3,-1.219,2,1,0.208,-1.863,2,3,1,7,0.0,5,3,1,6,3,0.054,0,1,2,0.38,0.0,0
5,1,5,3,2,0,-0.392,2,2,1,1.053,3,4,28.87,3,3,5,-0.923,0.024,4,0,2,-2.522,6,4,0.3,5,1,-1.426,-2.652,1,0,3,2,0.0,4,7,1,0,0,0.941,7,1,4,0.038,0.0,0
0,4,3,3,2,0,-0.917,1,0,3,2.439,5,0,31.56,2,7,3,-0.156,-2.157,2,0,3,1.081,4,4,-0.297,3,5,-2.099,1.092,0,2,3,6,0.0,5,1,0,3,1,1.035,7,5,3,1.399,0.0,0
4,2,2,6,0,0,-0.439,2,0,3,-1.402,0,5,29.26,0,6,3,2.513,-1.089,3,0,3,-0.489,4,1,-2.263,7,5,-0.59,1.264,0,0,0,4,0.0,2,6,5,6,5,0.086,3,2,3,-0.71,0.0,0
2,5,4,4,2,0,-3.881,3,0,3,-2.211,2,4,32.19,0,0,4,0.214,-0.248,3,0,4,3.241,4,0,-1.958,5,3,-1.669,-2.476,0,0,1,5,0.0,2,6,3,6,1,-2.088,6,5,0,-2.288,0.0,0
3,1,5,6,5,0,-0.245,1,5,5,-0.973,4,7,27.85,0,6,3,-3.217,0.277,0,0,3,-0.216,5,5,-1.306,3,1,-2.32,0.465,5,5,0,6,0.0,0,6,5,1,6,-1.307,2,5,2,-1.023,0.0,0
3,5,1,0,4,0,0.756,0,0,0,1.393,1,6,31.93,2,1,2,-0.05,1.819,4,1,5,-0.132,0,0,-0.802,2,2,1.634,0.859,0,1,1,5,0.0,4,1,2,6,5,0.513,0,1,5,0.937,173.87,1
2,1,4,3,1,0,1.056,4,3,3,1.253,2,0,20.61,4,2,1,-1.063,-1.546,4,0,1,-1.026,6,0,1.601,0,0,0.221,-0.586,4,0,3,3,0.0,1,4,3,3,5,-0.416,5,5,0,-0.171,0.0,0
0,5,5,7,2,0,-1.587,2,4,1,-1.612,4,4,38.09,1,4,3,-1.235,2.728,3,0,3,2.126,4,5,1.7,1,0,0.078,1.972,4,2,0,2,0.0,5,4,4,6,0,-0.064,7,2,1,0.824,0.0,0
0,5,2,5,1,1,0.912,1,3,3,3.205,2,2,37.69,0,1,2,0.492,0.306,3,1,3,2.822,3,0,4.947,5,4,2.557,3.933,5,3,2,5,0.0,3,0,0,2,1,2.769,0,3,4,3.317,146.89,1
5,1,5,1,4,0,-0.475,3,3,3,-0.539,0,3,17.07,1,6,0,-1.571,0.239,2,0,2,0.388,3,1,0.357,5,4,0.533,-0.258,0,4,4,1,0.0,0,0,0,7,3,-0.576,3,3,4,-0.601,0.0,0
4,7,4,0,3,0,-0.602,5,2,2,0.612,5,7,33.87,6,0,4,1.644,-0.722,1,1,2,0.98,1,2,2.143,4,1,1.57,-0.409,0,1,3,7,0.0,3,4,2,0,5,1.846,1,2,5,0.992,215.67,1
2,6,0,5,2,0,-1.056,1,2,2,-2.415,5,6,22.67,3,7,2,-0.917,-0.612,2,0,4,-1.136,1,5,-2.35,3,0,0.36,-2.092,2,0,1,4,0.0,1,2,1,7,0,-0.126,3,1,2,-0.406,0.0,0
2,3,1,0,3,0,-1.513,5,1,0,-1.517,2,1,31.91,2,5,3,-0.806,0.007,3,0,5,1.81,2,4,-3.938,1,4,-1.543,0.274,1,2,3,2,0.0,5,5,0,6,4,-0.432,7,5,3,-0.344,0.0,0
1,0,5,2,4,0,0.726,5,4,1,-0.239,3,1,31.06,4,6,1,0.029,-0.361,5,0,1,2.324,7,3,1.951,0,0,-2.281,0.131,5,1,2,7,0.0,5,1,3,7,5,-0.275,5,2,5,0.087,0.0,0
0,5,4,2,1,0,0.143,2,5,3,-0.906,1,5,36.61,7,2,4,-0.123,-0.194,3,0,1,1.452,7,2,-1.941,1,4,-0.01,-1.152,5,4,0,6,0.0,3,0,1,7,1,-1.162,0,1,2,-0.388,0.0,0
1,3,1,1,1,1,1.921,3,3,3,1.197,4,2,45.57,5,2,0,2.7,0.8,5,1,3,1.698,5,4,2.002,4,5,-1.873,2.384,5,0,2,2,0.0,1,0,3,0,1,1.113,2,3,2,1.247,65.88,1
3,4,0,0,4,0,-0.418,0,3,5,2.509,3,3,44.11,3,7,0,1.43,-0.575,4,1,3,2.001,3,2,2.571,7,2,1.466,3.484,0,0,2,3,0.0,0,7,4,4,0,0.62,7,0,3,1.291,103.5,1
2,4,5,6,0,0,2.38,3,2,2,2.26,4,4,29.08,7,1,2,0.674,0.096,1,0,3,1.428,4,2,1.865,1,5,1.025,2.048,0,0,3,2,0.0,2,7,4,0,1,1.025,2,2,4,0.599,0.0,0
3,3,4,4,5,0,-0.246,5,1,5,-2.873,3,5,24.59,4,4,1,-1.566,0.844,1,0,4,-5.172,1,1,-1.183,2,4,-3.547,-0.82,5,0,5,6,0.0,1,5,1,5,7,-0.991,2,0,4,-1.507,0.0,0
2,1,5,7,4,0,-0.225,5,1,3,-1.847,5,6,40.63,1,1,2,-2.91,3.148,2,0,3,2.218,1,2,0.352,6,4,-1.642,-3.517,3,1,2,6,0.0,3,3,3,2,1,-1.157,0,4,1,-1.29,0.0,0
2,6,2,2,1,0,4.524,5,0,3,1.12,0,5,38.07,7,3,3,0.707,0.619,4,1,3,2.932,0,0,1.687,5,2,1.722,-0.556,5,3,5,2,0.0,5,0,4,3,7,1.581,4,0,5,0.815,81.55,1
0,5,1,1,0,0,-1.981,5,4,4,-0.893,1,4,32.52,5,7,5,-0.543,-1.445,0,0,2,-1.664,4,5,-3.194,1,1,-0.595,-0.369,1,1,0,2,0.0,4,7,0,0,5,-0.726,6,4,4,-1.489,0.0,0
4,6,1,7,4,0,-0.782,2,3,1,0.011,5,3,26.17,2,7,1,-0.001,0.609,5,0,3,0.033,4,5,-2.255,6,2,0.84,0.973,0,1,0,0,0.0,4,6,4,0,3,-0.035,1,1,2,0.262,0.0,0
0,0,2,5,0,0,-1.968,2,2,5,-0.715,2,0,35.81,0,5,4,0.583,-1.035,2,0,5,1.442,3,5,1.089,1,1,-0.943,-3.523,3,3,1,5,0.0,2,3,2,5,7,-1.06,3,0,2,-0.823,0.0,0
0,3,4,7,0,0,-0.025,1,4,2,-1.231,4,7,34.1,7,5,3,2.004,1.169,5,0,3,-1.697,0,5,-1.507,5,2,-1.077,0.482,2,1,1,1,0.0,0,3,2,5,7,0.19,4,0,4,-0.572,0.0,0
1,1,1,1,1,0,-0.298,1,0,1,1.184,5,6,19.69,4,3,1,0.291,-1.836,3,0,4,-2.235,6,2,-0.311,2,2,-1.019,-1.401,4,3,2,2,0.0,2,3,2,5,7,-1.099,1,1,4,-1.279,0.0,0
5,2,5,4,4,0,2.948,2,2,0,0.81,2,4,26.32,2,4,1,-0.367,0.154,5,0,3,-2.753,2,4,1.791,7,5,-0.479,-0.346,1,3,1,6,0.0,1,0,3,1,2,0.53,3,5,0,0.739,0.0,0
2,6,3,6,3,0,0.312,2,3,1,-0.053,2,2,32.15,6,1,2,-2.522,0.186,0,0,1,-2.964,5,2,-2.287,6,1,-1.171,-1.212,5,1,5,5,0.0,1,0,3,1,4,-0.919,5,4,5,-0.443,0.0,0
2,4,1,6,5,0,-0.141,1,1,1,0.801,4,5,27.26,2,2,4,0.735,0.072,3,0,3,0.327,3,1,0.047,3,4,1.123,-0.766,5,3,1,3,0.0,5,6,3,3,6,-0.507,6,5,5,-0.428,0.0,0
0,6,0,3,5,0,-0.288,1,0,2,-1.429,2,0,29.75,6,4,2,0.911,0.22,4,0,1,-0.088,3,5,1.434,1,1,0.299,0.263,3,1,2,6,0.0,5,4,0,2,3,0.411,6,4,3,1.088,0.0,0
0,0,0,7,1,0,0.139,2,2,2,1.581,0,1,37.35,4,5,1,-1.261,2.039,4,1,4,2.515,2,5,1.353,5,0,-1.225,0.384,2,4,5,5,0.0,4,4,3,2,4,1.318,1,5,0,1.38,0.0,1
4,3,5,2,1,1,1.124,0,0,1,2.476,2,6,44.51,5,7,3,1.261,0.416,0,1,2,3.262,4,2,1.833,7,2,3.395,4.063,2,1,1,1,0.0,4,0,4,5,1,1.354,3,4,5,1.331,148.16,1
2,6,3,6,3,0,0.193,5,3,3,1.412,4,4,31.33,4,2,2,2.132,0.648,2,0,5,-1.732,4,3,-1.052,2,3,-1.954,0.689,3,2,5,3,0.0,0,4,2,6,4,-1.568,7,2,2,-0.255,0.0,0
4,4,3,1,1,0,0.824,2,4,3,1.833,5,4,24.2,7,1,2,-1.357,-2.561,1,0,0,0.913,2,0,1.7,2,3,2.402,1.763,5,1,5,5,0.0,1,1,1,0,7,1.053,4,2,5,1.107,0.0,0
1,4,4,7,1,0,-0.463,1,5,3,-0.75,1,2,33.24,1,5,2,0.572,0.584,4,0,4,4.267,3,2,-0.451,6,2,0.244,-1.259,5,4,3,1,0.0,2,0,4,5,3,-0.101,3,1,0,-0.229,0.0,0
1,5,5,3,2,0,-0.076,5,4,5,-0.877,4,0,21.43,2,1,0,1.275,-0.322,2,0,2,2.124,1,4,-1.4,4,5,3.712,3.961,3,4,4,3,0.0,1,6,2,4,0,-0.489,6,5,1,0.367,0.0,0
2,3,1,5,0,0,0.738,0,5,0,0.255,2,2,33.87,2,2,5,2.182,-1.058,2,0,0,-2.1,2,0,-1.049,3,5,1.802,2.139,1,2,1,5,0.0,0,7,2,3,4,0.587,7,3,2,0.285,0.0,0
0,2,0,4,3,0,0.615,5,4,1,0.216,1,3,37.22,5,4,4,-0.392,1.429,5,0,2,-0.568,2,1,0.779,4,1,0.543,-0.877,2,3,5,5,0.0,4,3,1,0,5,0.362,3,0,3,0.156,0.0,0
5,6,4,3,0,0,-1.438,2,5,4,3.991,0,0,25.24,2,3,4,0.953,0.067,2,0,0,-0.23,1,1,2.626,7,2,0.678,0.511,1,0,2,4,0.0,3,7,1,1,7,1.579,1,2,1,0.24,0.0,0
4,5,0,5,3,0,2.478,5,1,0,1.48,4,3,27.99,3,2,1,0.103,-0.763,2,1,2,-0.631,3,1,3.13,6,1,0.971,0.781,3,2,4,6,0.0,1,7,1,7,0,0.809,3,3,4,0.722,0.0,1
3,1,1,0,4,0,-2.59,4,0,5,-1.731,4,4,37.87,1,6,4,-2.856,-1.37,4,0,3,-1.467,2,3,-3.575,3,3,1.641,-1.683,2,0,1,6,0.0,0,7,2,0,4,-1.85,5,3,0,-1.042,0.0,0
3,0,4,0,4,0,-3.19,5,0,3,-1.008,4,3,30.31,0,3,2,-2.369,0.86,5,0,2,-1.671,2,0,-3.528,7,3,-3.046,0.451,4,5,0,3,0.0,4,6,1,3,5,-1.561,6,3,5,-1.877,0.0,0
2,3,0,6,0,0,2.855,5,1,4,1.551,1,1,20.26,2,3,5,3.113,1.825,4,0,2,0.651,7,4,1.847,7,0,1.375,-1.478,2,5,0,6,0.0,2,7,1,7,0,1.394,7,4,3,1.382,0.0,0
4,5,1,7,4,0,-4.036,2,2,2,-4.738,5,0,34.7,5,3,5,-3.315,-0.505,4,0,4,-2.667,2,3,-3.444,7,0,-4.639,0.47,1,0,3,7,0.0,5,3,3,6,1,-2.204,5,4,2,-2.169,0.0,0
5,3,5,0,3,0,-2.018,1,3,0,1.061,4,5,25.07,2,5,1,0.587,-0.749,2,0,3,2.333,3,4,0.449,7,2,-0.255,1.726,3,1,2,4,0.0,4,0,1,2,0,0.824,1,1,4,0.195,0.0,0
5,4,4,6,5,0,0.498,2,3,4,1.08,3,5,20.68,5,1,2,0.845,-0.632,4,0,3,-1.969,6,5,-0.957,4,4,-3.1,0.152,3,4,4,5,0.0,0,6,2,4,7,-0.671,7,1,4,-0.136,0.0,0
2,3,1,3,5,0,-0.266,2,4,2,0.19,2,4,15.31,7,5,0,-2.209,-0.535,2,0,1,-4.722,6,1,-1.84,1,3,-2.166,1.556,4,4,5,4,0.0,5,2,4,3,4,-1.759,0,0,2,-1.406,0.0,0
4,6,2,2,4,0,-1.125,5,1,0,-2.21,2,3,28.76,3,6,2,-1.551,0.28,0,0,3,0.651,4,0,-1.271,3,4,0.262,-1.212,2,3,5,4,0.0,0,0,4,1,5,-0.534,2,2,0,-1.2,0.0,0
1,1,1,5,3,0,-1.974,1,1,1,-1.347,0,3,37.82,7,2,3,0.46,0.544,4,0,5,-3.617,5,2,-2.435,2,0,-1.375,0.467,4,5,1,6,0.0,1,3,2,1,3,-1.688,6,2,1,-1.588,0.0,0
0,4,5,7,4,0,1.588,5,0,5,3.226,0,6,31.18,7,5,1,-0.772,-0.379,1,0,4,-1.564,6,4,2.189,5,4,1.177,-0.518,5,0,3,7,0.0,5,3,3,0,3,0.119,5,3,3,0.802,0.0,0
4,3,3,4,3,0,-3.388,0,4,5,-0.482,3,3,29.05,0,1,4,-0.832,0.352,3,0,4,-2.021,7,5,-1.833,7,4,-1.317,-1.991,4,0,5,6,0.0,4,3,0,5,0,-2.02,7,1,1,-1.753,0.0,0
0,3,3,5,2,0,-1.64,5,0,4,0.874,1,7,25.83,5,5,1,0.163,-0.591,2,0,3,-1.803,0,3,-0.849,0,4,-0.73,-1.175,3,1,5,7,0.0,3,2,5,5,3,-0.903,6,3,1,-0.982,0.0,0
0,6,4,2,0,0,0.388,1,1,5,-0.291,1,6,32.93,4,4,5,-0.479,0.296,5,0,1,-0.067,3,5,2.329,1,0,-2.864,-1.09,0,1,4,2,0.0,5,4,2,5,6,-0.104,1,1,3,0.074,0.0,0
4,2,5,2,4,0,1.721,5,0,3,-1.235,3,4,30.34,6,1,1,-3.176,-0.836,2,0,5,-1.461,6,0,-3.246,7,5,0.29,-4.066,0,1,1,7,0.0,3,0,4,4,5,-0.716,7,3,3,-1.517,0.0,0
0,2,5,5,5,0,-0.51,5,2,5,1.729,4,7,26.66,2,2,4,-1.987,0.804,5,0,2,-0.766,5,2,-2.17,1,0,2.538,-2.066,4,3,1,6,0.0,1,2,3,3,6,0.531,4,0,2,0.381,0.0,0
0,2,2,6,4,0,1.211,3,2,3,-2.065,2,4,28.54,2,2,0,0.463,-0.814,5,0,3,-0.085,5,4,-1.422,7,1,0.14,-0.473,0,0,1,1,0.0,3,5,5,3,1,-0.09,7,0,0,-0.267,0.0,0
1,7,5,0,1,0,-0.571,3,5,1,1.062,2,6,21.58,2,3,2,-1.025,-1.252,0,0,0,-0.737,5,3,2.468,0,3,0.005,-1.987,4,1,5,0,0.0,2,6,0,1,0,0.565,3,3,3,0.167,0.0,0
4,5,3,1,2,0,1.893,0,2,2,1.352,1,5,29.31,7,1,5,0.682,0.005,3,0,3,-1.451,2,2,0.638,5,2,-0.386,-1.641,3,4,5,4,0.0,5,3,0,6,7,-0.692,4,3,3,0.416,0.0,0
4,7,0,7,1,0,-1.404,2,2,2,2.105,2,4,24.93,7,0,2,3.475,-1.559,5,0,3,1.465,7,1,0.282,6,3,-0.107,-0.686,4,2,1,6,0.0,0,5,2,7,5,0.055,7,4,4,0.871,0.0,0
5,1,5,3,5,0,-0.457,0,0,4,-1.836,5,7,28.03,0,6,0,1.006,1.204,1,0,2,-2.143,3,0,-2.461,7,0,-0.59,0.789,1,4,1,6,0.0,3,3,1,0,5,-0.32,6,5,3,-0.443,0.0,0
2,6,4,0,2,0,-2.757,3,4,1,-0.459,2,3,23.93,6,0,3,-1.325,0.792,1,0,2,-3.086,4,5,-1.432,3,5,-2.003,0.051,5,4,4,4,0.0,2,4,2,2,6,-0.914,3,1,3,-0.887,0.0,0
1,1,0,6,3,0,0.371,3,2,4,0.943,2,3,27.47,5,1,3,0.326,0.875,0,0,3,1.148,2,0,-0.086,2,4,-0.639,0.882,5,2,0,1,0.0,5,1,4,3,5,0.927,1,5,0,1.16,0.0,0
4,3,2,2,4,0,0.884,3,1,5,-1.229,0,0,22.9,7,4,5,0.627,1.271,1,0,5,-2.834,2,3,-1.058,7,0,-0.287,-2.517,5,2,5,2,0.0,3,7,2,7,1,-0.442,0,3,4,-1.339,0.0,0
2,6,0,3,1,0,1.229,0,5,0,0.57,3,5,20.46,1,4,4,-0.361,1.191,0,0,5,0.148,7,5,-1.003,7,0,-0.799,-0.943,0,0,5,1,0.0,1,0,0,1,1,-0.929,6,1,4,-0.83,0.0,0
2,2,0,2,1,1,2.1,5,1,2,0.62,4,3,32.94,1,0,0,2.436,0.862,3,1,0,3.86,3,4,2.004,4,1,2.707,4.336,3,3,5,4,0.0,2,2,2,3,4,3.518,0,5,0,2.645,0.0,1
1,4,5,2,4,0,0.554,2,0,2,0.203,1,1,41.73,3,6,3,-1.33,0.946,1,1,3,-2.213,4,3,-0.287,4,2,1.27,0.721,1,2,2,3,0.0,4,4,3,4,5,0.168,4,3,4,1.067,205.44,1
3,0,1,6,4,0,-2.717,4,3,0,-3.125,0,4,25.64,1,1,3,-3.287,1.388,5,0,0,-3.871,1,1,-2.633,0,4,-2.182,-2.869,3,5,5,1,0.0,3,1,3,1,5,-1.666,0,4,2,-1.62,0.0,0
3,3,1,7,3,0,2.431,1,0,1,2.559,3,6,15.23,6,3,2,-0.622,0.338,3,0,0,0.506,2,3,-1.454,0,1,-0.274,2.552,4,5,0,2,0.0,3,5,1,5,4,0.373,3,2,4,-0.299,0.0,0
1,2,4,3,5,0,-1.373,4,3,4,-0.158,3,6,23.36,0,5,2,2.906,1.793,3,0,0,4.198,1,1,0.273,5,0,-0.411,-0.833,5,5,2,5,0.0,1,1,1,5,4,0.781,3,1,1,-0.166,0.0,0
0,0,5,7,4,0,-2.605,4,0,3,-3.914,5,5,24.23,6,1,0,-2.064,2.187,5,0,3,-0.99,3,3,-0.999,6,4,-0.125,-2.709,1,2,0,5,0.0,2,0,0,5,4,-1.046,5,5,3,-1.794,0.0,0
5,6,4,6,4,0,0.939,0,2,3,2.329,2,5,21.77,1,1,1,2.709,0.525,4,0,3,0.983,0,1,-1.115,6,0,-0.305,0.69,1,3,1,5,0.0,1,1,2,0,2,0.478,5,3,3,0.066,0.0,0
0,6,0,7,4,0,0.428,0,5,0,0.351,0,1,41.18,0,2,0,-0.43,0.21,3,1,5,8.034,5,5,3.654,1,0,1.445,5.673,2,1,1,0,0.0,3,5,0,5,0,1.62,1,4,2,1.012,167.2,1
4,2,3,4,1,0,-0.984,1,3,3,-1.013,0,3,16.93,6,4,2,2.199,-0.234,2,0,2,0.74,4,5,-1.026,1,3,2.091,-0.171,5,0,0,1,0.0,2,5,0,6,5,0.477,6,5,2,0.623,0.0,0
1,1,3,3,4,0,-1.896,5,3,4,-0.999,0,1,39.32,6,7,3,0.028,-2.521,4,0,1,4.005,5,3,-1.853,0,2,-2.429,0.971,5,2,5,6,0.0,0,2,5,7,4,-1.077,7,4,2,-0.728,0.0,0
1,7,5,2,1,0,2.613,1,4,4,-0.533,1,4,31.41,2,6,4,1.162,-0.411,5,0,3,0.032,0,0,3.633,4,5,-0.278,1.104,2,1,0,4,0.0,5,5,0,3,0,0.369,3,4,0,0.538,0.0,0
5,0,4,5,3,0,2.739,2,2,4,1.995,0,2,38.69,7,1,2,1.323,-0.701,5,1,4,1.486,1,1,0.299,3,0,0.607,1.264,3,1,1,7,0.0,3,2,0,7,3,1.674,5,2,2,1.687,75.79,1
5,4,0,6,0,0,-1.503,5,1,0,-0.968,1,6,17.2,4,2,4,0.906,-1.821,5,0,5,1.148,3,2,-0.117,1,0,-2.195,-1.974,4,3,0,0,0.0,3,3,0,3,7,-0.531,4,0,1,-0.408,0.0,0
0,0,4,3,1,0,0.718,5,5,5,0.665,1,0,21.98,4,2,0,0.004,1.098,3,0,0,0.225,6,0,0.115,1,0,-1.937,-3.366,4,0,1,3,0.0,1,1,2,0,3,-0.694,3,0,5,-0.41,0.0,0
3,5,1,3,5,0,1.428,5,0,0,-0.645,5,7,22.21,3,1,2,-2.101,0.111,2,0,5,-0.928,3,3,-0.735,1,2,1.039,0.408,4,4,2,0,0.0,1,1,5,3,6,0.389,2,0,2,-0.284,0.0,0
0,5,3,7,1,0,-0.398,3,4,0,1.689,3,7,28.98,5,5,2,1.025,-0.352,1,0,2,0.257,4,2,3.726,6,2,2.415,4.694,5,4,2,6,0.0,3,2,1,5,3,-0.249,3,3,4,0.378,0.0,0
0,2,1,4,4,0,3.092,1,2,3,-0.117,2,0,28.91,7,5,3,1.447,-0.204,0,0,2,-0.776,7,4,-3.123,7,0,0.773,-0.405,5,3,0,2,0.0,1,0,3,5,4,0.801,2,2,2,0.875,0.0,0
2,2,2,6,4,1,1.395,1,1,0,1.609,2,7,15.12,1,3,5,1.806,0.179,1,0,5,1.156,0,1,-1.094,1,3,0.909,-1.36,0,5,3,2,0.0,0,6,3,0,6,-0.755,6,0,5,-0.191,21.14,1
2,4,3,3,1,0,-1.855,1,1,2,-1.456,4,3,23.0,2,2,1,-2.288,1.285,4,0,1,-1.29,5,2,-1.993,7,0,-0.466,-3.198,1,4,5,4,0.0,3,6,3,2,4,-1.997,2,2,3,-2.08,0.0,0
0,7,4,4,5,0,-0.378,1,3,2,-1.134,4,7,28.18,3,0,4,-0.73,0.709,5,0,0,-0.656,4,1,3.443,6,1,0.38,-2.035,4,1,3,1,0.0,4,5,4,2,4,-0.223,6,0,1,0.315,0.0,0
1,4,2,2,1,0,-1.287,4,2,3,-1.103,4,5,27.83,4,6,0,0.42,-1.064,0,0,0,-0.261,7,3,-1.538,1,1,-1.165,-1.167,4,2,4,7,0.0,2,7,4,5,2,0.164,1,5,2,-0.403,0.0,0
5,0,3,2,3,0,4.905,4,5,4,1.43,4,3,37.65,0,0,3,-1.155,0.365,0,1,0,1.646,0,3,2.315,2,2,1.307,2.004,1,3,1,1,0.0,5,2,1,1,4,0.633,1,0,4,1.368,87.23,1
4,7,5,1,2,0,0.771,0,2,1,-0.123,0,2,33.3,6,2,5,1.235,0.791,2,1,5,-0.354,5,2,2.093,5,0,0.61,2.819,0,0,2,7,0.0,4,0,5,6,6,2.186,6,0,5,1.392,145.53,1
2,2,4,1,1,1,5.205,3,1,3,2.844,4,2,27.17,3,3,0,3.266,2.273,0,1,5,5.071,6,5,3.687,5,0,1.91,6.811,1,5,1,0,0.0,0,0,0,6,1,2.682,4,4,2,2.464,0.0,1
2,6,3,5,4,0,-0.918,1,3,3,1.963,3,6,44.03,5,3,5,0.418,0.228,3,0,1,0.179,2,3,1.225,0,3,2.982,0.478,4,3,3,3,0.0,3,5,1,6,7,-0.326,6,5,1,0.193,0.0,0
3,4,0,5,0,0,0.498,0,4,0,1.938,4,7,26.76,4,6,5,1.112,-1.541,3,0,3,-2.835,4,0,0.597,5,0,-1.412,-1.218,4,4,4,5,0.0,1,5,0,5,5,-0.438,4,1,5,-0.438,0.0,0
4,5,3,4,3,0,0.301,5,3,1,0.53,5,4,21.73,6,5,4,1.829,0.107,4,0,2,-1.246,6,2,0.196,6,4,0.412,2.145,3,1,0,3,0.0,2,3,3,6,0,-0.401,2,1,0,0.201,0.0,0
5,7,1,7,2,0,0.997,0,3,2,-0.239,1,0,30.59,0,4,4,-0.044,-0.482,1,0,0,2.894,5,4,-0.414,7,4,-0.03,-1.237,4,5,4,5,0.0,3,3,2,1,3,-0.86,2,5,4,-0.788,0.0,0
1,7,2,1,5,1,-0.958,3,3,3,2.688,3,2,46.46,7,1,3,-0.964,-0.137,1,1,3,0.002,1,4,-0.789,6,0,1.086,1.012,3,2,4,3,0.0,3,4,1,7,1,1.243,1,3,3,1.488,60.51,1
0,6,4,4,3,0,-3.498,3,3,0,-2.606,1,4,28.7,7,7,1,0.85,-0.285,0,0,0,1.097,6,5,-1.497,7,3,1.853,-1.002,2,0,3,6,0.0,0,7,2,7,1,-1.712,4,5,5,-1.706,0.0,0
0,2,5,1,4,0,-0.978,2,2,4,2.166,4,4,27.52,3,2,1,1.395,1.17,4,0,2,-0.37,2,2,-0.451,1,1,3.5,1.696,4,4,2,1,0.0,0,2,1,7,4,0.53,0,5,3,-0.045,0.0,0
5,6,0,5,3,0,-0.6,1,5,1,0.462,3,7,32.34,2,3,3,0.772,0.504,0,1,2,0.117,5,0,0.156,7,1,0.261,0.964,1,1,0,5,0.0,0,7,5,1,4,0.524,0,3,1,1.232,0.0,1
4,4,4,1,2,0,1.564,1,0,5,-0.453,2,0,15.7,1,5,5,-0.171,0.864,3,0,5,-0.3,2,3,0.268,3,1,-1.05,-0.728,5,1,0,6,0.0,1,3,5,1,5,-0.214,5,4,1,0.133,0.0,0
2,4,1,7,4,0,-0.667,3,3,0,-0.376,4,5,36.44,6,3,3,1.768,-0.944,5,0,4,-4.34,1,0,0.251,0,5,0.927,-1.529,3,2,5,5,0.0,5,4,3,4,2,-0.841,7,4,5,-0.354,0.0,0
3,5,4,4,2,0,-1.863,1,0,3,-1.249,2,5,20.12,0,4,4,-2.413,-0.17,2,0,5,-1.283,6,3,-0.688,5,1,-3.393,-0.741,3,4,0,1,0.0,2,2,2,7,4,-1.564,5,5,0,-1.547,0.0,0
2,6,1,0,2,0,-0.3,5,4,3,1.685,1,6,35.12,7,0,4,3.706,-0.352,5,0,1,0.026,2,4,-0.496,4,4,-1.148,1.952,0,2,1,7,0.0,5,2,3,1,6,0.355,3,5,0,0.415,0.0,0
5,2,5,5,2,0,1.53,0,1,0,2.429,1,4,17.44,2,4,0,-2.47,-0.326,4,0,0,-1.955,2,1,1.139,4,5,-0.664,-2.144,5,0,4,1,0.0,2,3,5,5,5,0.31,0,1,3,-0.509,0.0,0
5,3,0,3,0,0,-0.397,0,5,2,-1.267,2,5,24.97,0,4,4,-3.25,-0.429,1,0,5,1.068,0,4,2.648,1,3,1.095,-0.545,3,3,0,2,0.0,3,4,0,2,5,0.304,5,3,3,0.32,0.0,0
4,0,0,6,2,0,0.025,2,2,3,1.668,3,6,29.62,7,3,3,2.074,0.424,3,0,0,0.178,1,5,-0.241,0,2,-1.275,1.828,2,2,1,0,0.0,1,3,3,6,1,-0.035,3,2,0,-0.303,0.0,0
5,2,4,0,1,0,-1.311,5,4,4,-3.303,5,4,37.35,3,5,2,0.468,-0.136,5,0,1,-0.104,4,0,0.506,6,2,2.677,0.527,4,4,2,3,0.0,1,2,2,5,2,-0.815,4,2,0,-0.728,0.0,0
1,1,1,5,4,0,-2.233,1,2,1,-0.024,5,2,30.18,1,7,3,-1.295,-0.486,0,0,4,3.175,6,0,-0.213,6,5,0.532,-2.608,4,2,3,7,0.0,0,2,4,0,5,-1.896,4,2,2,-1.921,0.0,0
5,2,1,5,4,0,0.01,2,0,3,4.611,2,1,34.28,3,0,2,-0.011,1.632,0,1,3,-0.852,4,1,0.964,0,3,0.753,1.363,2,0,3,3,0.0,4,6,1,5,1,2.213,3,3,2,1.93,62.61,1
0,4,4,1,2,0,-0.143,5,5,5,-0.063,2,5,24.55,3,4,1,1.869,-0.524,4,0,1,0.156,3,0,2.003,1,4,2.434,1.483,5,0,3,1,0.0,3,0,1,7,6,0.532,3,5,3,0.375,0.0,0
4,1,5,1,1,0,-0.346,2,5,2,1.061,0,3,33.28,2,4,4,0.226,-0.592,4,0,2,2.065,2,3,0.242,6,4,0.424,-0.227,4,0,0,6,0.0,1,5,5,1,1,0.808,3,1,3,0.804,0.0,0
5,0,2,2,5,0,1.106,2,2,4,-0.664,3,4,21.32,4,1,0,0.341,0.781,5,0,0,-2.541,7,1,1.279,0,5,-1.468,-0.657,1,1,2,3,0.0,1,1,5,4,2,-0.74,5,4,0,-0.918,0.0,0
3,4,1,0,1,0,-1.029,1,0,4,0.806,0,6,36.81,7,4,2,2.951,0.528,2,0,3,1.035,6,1,-2.552,1,1,-0.767,0.202,2,0,2,7,0.0,1,1,2,0,6,0.598,2,3,0,0.598,0.0,0
2,7,3,3,0,0,-0.7,1,1,0,1.508,1,5,32.68,1,3,4,-1.28,0.454,1,0,1,1.493,6,0,0.58,0,5,-0.225,-2.468,5,3,5,7,0.0,4,7,5,0,5,-0.256,0,4,0,-0.113,0.0,0
0,5,4,1,0,0,-1.165,4,4,2,-0.521,3,1,26.69,2,1,3,-1.535,0.536,0,0,5,-1.85,7,4,2.595,1,2,-1.372,0.333,4,1,1,6,0.0,2,4,3,4,5,0.045,6,3,1,-0.362,0.0,0
0,0,3,4,5,0,3.96,2,5,2,-3.467,1,0,40.83,6,6,3,-1.352,-0.649,1,0,4,1.721,5,2,1.726,7,3,-0.148,-3.249,0,2,4,6,0.0,4,3,2,3,7,-0.402,6,5,1,0.512,0.0,0
0,2,1,5,1,1,4.516,0,1,4,1.879,4,5,34.97,2,3,2,-0.257,0.115,0,1,2,2.993,3,0,3.987,1,1,0.716,3.937,5,5,4,5,0.0,1,3,2,5,6,1.962,5,2,3,1.597,207.79,1
2,3,3,0,3,0,0.625,2,2,0,-0.018,5,6,19.44,6,3,2,-0.98,-0.41,1,0,4,-2.264,6,3,-0.956,7,5,1.473,4.131,3,0,5,5,0.0,2,0,1,1,6,0.859,4,2,4,0.676,0.0,0
4,2,4,7,3,0,-1.241,3,4,2,-4.02,2,4,29.29,1,5,5,0.486,-0.344,0,0,1,-0.495,4,4,-1.921,2,5,-1.861,0.497,1,1,1,1,0.0,3,5,5,3,3,0.352,3,0,0,-0.639,0.0,0
2,7,5,4,5,0,0.996,0,3,1,-1.457,4,1,33.92,1,0,2,0.309,1.332,4,0,5,-1.055,5,2,1.022,6,3,0.621,-0.076,2,2,5,0,0.0,0,2,1,3,2,-0.846,3,5,3,-0.122,0.0,0
4,1,1,2,3,0,0.264,4,5,0,-0.581,2,1,15.0,6,6,3,-4.069,-0.25,0,0,1,-3.256,6,3,1.29,3,3,-2.109,-1.253,1,2,4,3,0.0,5,6,3,1,0,-0.971,7,4,3,-1.368,0.0,0
0,4,4,0,1,0,-0.106,2,4,5,1.73,2,5,32.23,1,0,4,2.983,-0.77,3,0,4,-4.226,4,3,-2.832,0,2,0.874,3.044,4,4,1,2,0.0,5,6,2,5,6,0.679,0,2,2,0.349,0.0,0
4,0,1,1,1,0,0.622,2,2,3,0.395,1,7,35.88,4,3,4,1.652,-1.226,0,0,1,-6.58,5,3,-2.633,0,5,0.549,-0.03,3,4,2,3,0.0,4,7,3,6,0,-0.726,0,1,0,-0.531,0.0,0
5,5,0,1,5,0,-0.386,3,3,2,-1.274,3,0,27.68,2,4,2,0.118,-0.675,3,0,4,-2.664,1,0,-1.337,0,3,-1.169,0.553,3,1,1,1,0.0,2,2,4,1,2,0.326,5,3,3,-0.114,0.0,0
2,7,0,7,1,0,-1.736,4,3,2,0.205,1,5,21.27,3,1,2,0.662,1.995,1,0,5,1.358,0,5,0.291,0,3,-2.189,-1.114,0,3,2,5,0.0,4,7,3,3,1,-0.538,1,2,1,-0.304,0.0,0
4,4,0,5,2,0,2.757,1,1,3,2.092,2,6,34.85,0,0,2,-0.189,0.531,1,0,3,1.769,4,3,-0.657,1,4,0.685,1.253,2,2,3,2,0.0,2,2,1,7,2,2.213,3,3,5,1.128,0.0,0
3,5,4,7,0,1,2.68,3,1,3,-1.763,3,3,42.4,3,5,5,1.855,-1.493,3,1,1,2.273,5,3,-0.29,2,0,1.22,2.975,2,1,5,7,0.0,4,4,4,4,7,2.338,2,5,5,2.661,24.19,1
3,0,3,5,1,0,0.476,3,4,4,-1.936,4,0,28.51,7,1,3,-2.003,-0.842,3,0,1,-0.606,1,1,2.449,3,5,-0.543,0.094,0,0,0,3,0.0,0,1,3,3,7,-0.288,3,0,4,0.209,0.0,0
1,5,4,2,1,0,0.888,1,4,0,1.597,4,3,26.46,3,1,1,-0.678,0.33,2,0,2,-0.499,6,4,0.376,5,1,0.631,0.25,4,5,3,0,0.0,3,3,5,5,7,0.53,7,5,2,0.436,0.0,0
5,7,1,6,4,0,0.162,1,5,3,1.11,1,2,20.86,4,3,4,3.103,1.088,5,0,2,2.099,2,5,0.589,6,2,1.198,2.215,2,2,4,3,0.0,2,4,1,0,3,0.353,3,2,5,0.861,0.0,0
0,6,0,1,5,0,3.491,0,3,0,0.656,0,2,34.09,2,1,4,1.017,0.032,5,0,4,2.819,6,3,-1.32,7,0,-0.984,0.099,1,3,4,1,0.0,4,1,3,7,7,-0.009,2,5,3,-0.02,0.0,0
2,7,0,0,0,0,-0.376,2,3,5,0.643,2,4,28.53,5,0,2,1.356,-1.784,5,0,3,-0.928,6,0,0.198,7,5,-1.99,0.227,5,3,3,5,0.0,2,0,2,7,1,-0.599,4,3,4,-0.076,0.0,0
5,7,2,6,3,0,-2.448,4,4,2,-0.324,1,0,24.87,3,2,1,-2.149,-0.193,3,0,1,-1.51,3,1,-2.186,4,5,-1.352,-1.473,0,4,0,7,0.0,2,5,4,5,5,-1.004,7,5,0,-1.404,0.0,0
0,6,5,3,2,0,-0.703,4,2,5,1.425,4,7,16.61,0,2,3,2.941,-2.362,5,0,4,2.667,1,3,2.63,7,5,0.989,0.206,3,3,4,0,0.0,2,1,5,0,6,-1.069,7,2,0,-0.177,0.0,0
1,3,3,0,5,0,0.561,0,5,3,0.375,0,3,39.3,6,5,0,2.353,0.97,1,0,4,1.118,0,1,0.207,2,3,-0.782,0.782,5,4,1,3,0.0,2,5,2,2,6,-0.687,1,1,1,0.77,0.0,0
4,2,4,7,1,1,1.212,5,4,5,4.065,4,2,25.14,7,0,5,1.667,-0.032,4,1,0,-0.281,0,3,1.504,6,2,2.202,-0.195,5,2,1,7,0.0,1,6,2,6,3,1.227,7,0,4,1.296,64.92,1
3,7,3,6,5,1,2.655,3,3,3,2.189,2,2,41.56,6,4,1,3.917,-0.8,1,1,3,2.907,3,2,3.622,1,1,3.06,2.519,3,2,2,0,0.0,2,2,4,4,3,2.661,1,5,1,2.619,191.6,1
3,0,5,2,3,1,1.502,5,2,0,0.714,5,7,23.17,5,2,3,0.578,-0.801,5,1,5,1.0,6,3,-0.733,3,5,1.262,-0.503,0,3,3,5,0.0,4,0,0,1,7,2.295,3,4,5,1.609,92.63,1
4,7,0,0,0,0,-4.432,4,3,0,-2.54,3,1,35.41,6,6,5,-3.062,-1.268,5,0,2,-1.665,1,1,-2.863,2,1,0.115,0.653,3,2,3,5,0.0,1,0,4,4,5,-2.049,2,1,5,-2.093,0.0,0
3,6,3,3,0,0,-0.311,2,0,0,1.57,0,6,19.78,3,3,1,1.699,-1.487,3,0,5,2.518,6,4,-0.507,1,3,1.268,-0.892,0,4,3,5,0.0,0,1,4,1,5,0.135,2,4,2,0.285,0.0,0
2,3,0,5,3,0,-2.506,1,0,1,0.201,2,6,26.04,0,3,3,0.178,-1.952,2,0,0,0.795,1,1,-2.869,6,5,-1.131,-2.247,5,1,2,5,0.0,1,7,0,7,0,-0.201,2,3,1,-0.977,0.0,0
0,2,1,2,0,0,0.896,0,2,2,1.391,5,7,31.58,3,5,2,0.143,0.161,0,0,0,-0.319,4,5,0.988,4,5,-0.037,0.682,1,0,0,5,0.0,5,2,2,5,1,0.825,1,4,1,0.765,0.0,0
4,5,4,4,5,0,1.212,1,0,0,1.924,5,6,37.34,0,1,0,-0.673,-0.306,3,0,3,-0.694,5,3,-0.759,3,0,0.399,-0.859,3,1,0,6,0.0,3,0,3,5,3,-0.612,4,0,0,-0.247,0.0,0
3,4,2,1,2,0,0.555,4,4,5,-2.714,3,0,24.59,0,5,0,-0.608,-0.27,0,0,1,-0.6,6,1,-0.531,4,5,1.319,-2.055,4,2,1,6,0.0,2,5,3,4,3,-0.764,4,0,2,-0.52,0.0,0
1,6,3,0,5,0,0.199,0,5,3,0.439,4,5,25.01,5,1,3,-4.071,0.218,4,0,1,-0.199,5,0,-2.782,1,2,-1.65,0.37,2,2,3,2,0.0,5,6,5,7,4,0.23,0,2,3,-0.291,0.0,0
2,0,3,0,2,0,1.776,2,2,2,-0.677,2,7,23.93,3,1,3,-1.837,-0.112,0,0,1,2.214,6,5,0.036,7,3,-1.805,0.964,1,4,2,4,0.0,4,0,2,6,7,-0.728,7,3,3,0.198,0.0,0
3,4,0,5,2,0,-1.114,1,1,3,-0.729,5,3,23.51,7,2,3,0.558,1.114,5,0,3,-2.359,7,5,0.481,5,2,-0.09,-0.399,0,5,1,6,0.0,1,3,1,7,6,-0.766,6,5,3,-0.384,0.0,0
1,4,5,7,2,0,-2.321,2,0,5,-2.854,3,7,21.74,4,7,5,-0.381,-1.776,2,0,1,-2.888,4,1,-0.369,6,1,-2.708,-0.292,2,2,1,3,0.0,4,3,3,6,1,-1.46,1,5,0,-2.311,0.0,0
3,4,4,7,5,0,0.488,1,2,3,2.182,1,3,36.98,2,7,3,-0.196,0.19,2,0,3,-2.25,6,1,1.78,3,1,-1.266,-0.834,0,2,2,3,0.0,3,6,2,6,2,-0.609,5,5,4,-0.547,0.0,0
3,5,2,5,2,0,1.215,0,3,1,0.32,3,5,31.52,3,4,1,-0.619,-0.694,3,0,3,-2.925,5,5,0.12,0,0,0.359,0.78,2,0,2,7,0.0,4,6,5,2,7,0.262,6,3,4,0.755,0.0,0
2,1,3,3,4,0,-0.674,2,0,2,-0.442,0,2,18.23,2,4,4,1.123,0.662,3,0,4,-0.206,7,5,1.838,6,0,1.71,-2.198,1,2,1,2,0.0,3,2,5,3,1,0.555,7,1,2,1.311,0.0,0
5,7,0,6,2,0,0.562,1,0,2,-1.016,5,1,27.69,6,0,5,1.615,0.269,2,0,2,0.799,2,4,0.639,6,4,-1.705,1.351,4,4,2,7,0.0,0,0,5,4,0,-1.312,3,2,3,-0.28,0.0,0
4,3,5,2,4,0,0.115,2,0,2,-1.516,0,3,27.91,7,1,1,0.819,-2.69,0,0,2,-2.942,7,0,-1.042,3,2,0.066,1.476,3,1,0,4,0.0,1,5,2,6,4,-0.158,5,0,0,-0.273,0.0,0
2,6,5,6,1,0,-0.34,2,4,2,0.358,4,6,27.82,2,6,0,-1.297,-0.737,0,0,1,0.902,7,4,0.036,3,1,-0.081,0.073,5,5,1,6,0.0,0,7,1,4,7,-0.51,2,1,3,-0.744,0.0,0
4,0,1,0,3,1,3.876,0,0,0,1.713,0,6,42.14,4,5,5,1.232,0.403,3,1,5,2.684,4,0,-2.214,0,5,3.086,0.225,4,0,5,1,0.0,1,7,4,2,0,2.122,2,1,3,1.245,29.81,1
3,2,2,1,4,0,1.92,2,0,0,0.519,1,3,36.26,1,7,2,2.362,-0.524,4,0,4,2.44,2,5,1.727,5,0,2.733,0.774,1,5,4,3,0.0,0,4,0,0,5,0.082,5,3,0,0.195,0.0,0
0,2,0,7,4,0,-0.509,0,4,4,2.236,5,7,21.07,4,6,2,1.247,0.375,2,0,1,0.27,4,2,-3.533,0,5,-0.338,2.316,5,5,0,3,0.0,3,2,0,6,5,0.201,5,3,5,-0.465,0.0,0
3,0,4,5,1,0,0.671,2,5,4,0.285,2,5,25.96,1,1,3,-1.686,0.126,3,0,5,-1.403,6,2,0.51,7,4,-0.855,-0.498,4,5,4,4,0.0,4,4,3,7,0,0.3,1,3,4,-0.572,0.0,0
1,3,5,6,0,1,-0.021,4,3,0,2.445,0,2,23.09,1,6,0,3.668,1.762,5,1,3,7.054,7,0,1.747,2,4,1.99,3.702,5,2,2,5,0.0,3,4,1,1,5,1.94,4,2,3,2.028,0.0,1
5,6,2,4,4,0,0.284,2,0,1,-1.095,0,5,31.48,3,6,2,-1.89,-0.713,2,0,5,-0.88,1,0,2.914,5,3,0.564,2.066,1,3,5,6,0.0,1,4,2,7,0,0.066,0,2,2,-1.017,0.0,0
1,1,0,4,3,0,-0.169,4,3,0,-0.268,3,0,28.72,0,1,5,-0.263,-0.294,1,0,1,0.18,4,1,-3.453,0,1,0.504,0.674,3,4,2,3,0.0,0,6,2,3,6,-0.181,0,0,1,0.257,0.0,0
1,6,4,1,2,0,-0.735,0,4,3,-3.44,4,4,30.61,3,5,3,-0.173,-0.636,4,0,5,0.094,7,2,-0.659,2,1,-2.681,-2.111,4,2,3,3,0.0,0,4,1,3,4,-0.606,5,2,4,-0.785,0.0,0
5,5,5,7,5,0,-0.765,1,0,1,-1.677,5,7,34.24,6,2,3,-1.121,-0.387,5,0,1,1.971,6,2,-0.419,0,2,0.028,0.288,4,4,2,1,0.0,2,4,5,3,5,-1.2,5,2,5,-0.392,0.0,0
1,4,1,2,0,0,0.824,5,3,2,0.059,3,5,32.24,7,6,3,1.33,-0.478,5,0,2,-2.587,0,3,-1.458,6,0,-4.277,-2.783,1,3,3,1,0.0,3,3,0,4,2,-1.009,0,5,1,-1.784,0.0,0
0,0,3,5,5,0,0.158,1,1,0,-1.843,0,4,30.97,4,4,2,-0.667,1.639,0,0,5,-0.407,5,0,-4.583,7,4,-1.822,0.3,2,5,2,0,0.0,5,1,2,3,2,-1.229,7,1,2,-1.08,0.0,0
3,5,5,0,0,0,0.855,1,4,5,-0.183,1,1,21.18,7,7,5,-1.83,-2.106,2,0,1,-1.876,7,0,1.91,2,4,-1.729,1.589,5,3,4,2,0.0,4,6,4,5,1,-0.319,7,5,0,0.419,0.0,0
1,5,5,4,3,0,-1.579,2,5,0,2.445,4,2,28.22,4,6,3,-2.246,0.514,3,0,2,4.013,5,2,0.812,3,0,1.724,0.741,5,0,1,1,0.0,0,3,5,5,4,-0.004,3,5,3,0.937,0.0,0
1,0,3,4,2,0,-1.973,1,5,5,-2.148,1,6,27.48,0,4,4,-0.844,0.496,1,0,5,-2.459,6,5,0.208,4,0,-0.483,-3.107,1,2,1,2,0.0,4,4,1,3,0,-0.535,4,4,0,-1.352,0.0,0
5,2,1,2,3,0,0.514,0,0,2,0.419,3,6,24.8,5,2,2,-1.628,-0.102,4,0,4,0.965,5,4,-0.358,4,1,1.395,0.271,0,2,3,1,0.0,3,2,2,5,2,-0.512,7,3,4,-0.694,0.0,0
5,4,3,5,5,0,-0.522,5,4,4,0.575,3,4,32.88,1,1,1,-2.021,0.256,5,0,1,-0.169,6,0,-0.852,3,4,0.756,-0.656,0,0,1,2,0.0,2,5,1,3,6,0.564,4,3,1,0.096,0.0,0
3,5,3,3,4,0,1.019,1,1,3,2.877,3,6,33.45,1,4,0,-1.268,-1.207,0,0,2,1.437,5,4,2.807,5,2,2.592,0.257,0,2,3,3,0.0,3,1,5,2,5,0.97,7,3,3,1.197,0.0,0
5,2,4,6,0,0,1.339,2,4,3,-2.868,4,0,26.07,3,5,1,0.923,-0.758,1,0,4,0.988,6,3,1.597,3,5,-1.411,-0.58,0,0,2,4,0.0,2,4,0,6,4,-0.322,6,1,5,-0.067,0.0,0
0,6,2,3,1,0,1.019,5,4,4,1.08,3,1,34.1,6,7,3,2.451,-0.787,4,0,0,0.605,4,0,1.156,1,4,1.328,0.311,1,5,1,4,0.0,2,7,0,5,7,0.095,1,5,1,0.525,0.0,0
2,7,4,2,4,1,-1.388,4,5,0,2.367,0,7,38.52,4,3,3,-0.743,-1.632,3,0,0,3.734,1,4,0.246,2,3,-0.909,1.915,1,3,0,0,0.0,2,2,4,4,3,0.711,7,2,0,0.59,179.11,1
4,5,4,7,0,0,-2.978,4,1,2,0.257,1,0,26.59,1,4,2,0.662,0.441,3,0,4,2.262,0,3,-0.556,3,4,0.391,-3.944,2,0,3,0,0.0,1,4,0,5,6,-1.267,1,2,5,-1.238,0.0,0
3,6,1,2,5,0,-1.545,5,1,3,-3.716,5,1,28.4,2,0,3,0.821,-1.503,1,0,5,-0.639,4,2,-1.268,7,5,-0.695,-0.952,1,2,5,1,0.0,3,6,5,0,4,-0.137,4,2,3,-0.711,0.0,0
2,5,1,6,3,0,-0.336,3,5,0,-2.107,3,7,27.99,7,1,0,0.053,-0.721,4,0,4,-1.793,7,1,1.833,4,4,0.7,0.49,3,0,2,4,0.0,5,3,4,1,0,-0.043,6,5,4,-0.742,0.0,0
1,2,4,3,0,0,1.323,3,5,0,5.785,1,3,41.65,1,3,0,0.338,1.089,1,1,4,0.907,6,1,3.416,6,0,3.064,2.982,1,2,0,6,39.07,3,0,4,7,3,0.307,7,1,5,1.725,223.57,1
5,2,3,5,0,0,-1.13,5,2,1,-1.562,3,1,33.46,7,6,2,0.96,0.446,2,0,2,2.899,7,3,-0.451,5,3,1.345,-1.253,0,5,2,7,0.0,3,2,5,0,6,-0.324,3,0,2,-0.436,0.0,0
0,4,5,0,2,0,0.895,5,5,3,0.546,5,6,18.9,3,3,4,2.044,-0.529,3,0,0,0.078,2,1,2.261,4,3,2.181,-1.921,1,4,2,7,0.0,0,2,2,1,0,0.705,4,0,2,0.632,0.0,0
1,1,1,1,1,0,0.253,4,3,5,3.063,3,3,28.3,0,4,2,-1.932,0.39,0,0,2,-1.721,2,4,-2.456,3,3,-2.072,-2.824,2,3,1,2,0.0,2,3,0,2,7,-0.709,3,0,4,-0.921,0.0,0
1,5,2,6,5,0,2.136,3,0,2,2.149,2,1,24.85,3,1,4,0.447,0.465,0,0,3,1.917,4,5,1.597,4,0,0.092,-2.994,1,2,1,6,0.0,5,2,1,7,4,0.136,0,2,1,0.37,0.0,0
1,6,0,0,2,1,1.255,4,3,0,-0.867,3,6,34.3,2,0,4,4.558,1.615,5,1,3,0.44,1,1,3.723,0,5,0.474,2.22,3,5,3,1,0.0,0,3,5,1,1,1.847,4,2,2,1.72,236.63,1
4,1,0,2,1,0,0.178,5,4,5,-0.609,0,2,17.89,5,2,1,-0.602,-0.208,2,0,5,-0.203,2,2,-1.125,2,0,-1.775,-0.629,2,0,4,7,0.0,1,0,0,1,7,-1.332,5,2,3,-0.487,0.0,0
0,7,3,2,0,0,-0.07,4,5,2,3.933,4,6,26.19,3,5,0,2.095,-0.014,4,0,3,-0.965,1,1,1.292,4,2,1.138,-1.727,1,0,2,0,0.0,2,7,4,1,7,0.846,3,4,3,0.579,0.0,0
2,0,1,1,5,1,2.594,2,3,5,2.873,4,1,40.44,4,0,4,-0.599,1.432,5,1,0,2.362,6,2,3.9,0,2,0.233,1.382,0,4,1,0,0.0,2,6,4,2,7,1.275,1,5,2,1.708,100.46,1
2,4,3,0,0,0,-2.898,0,2,0,-2.558,1,4,33.94,2,5,5,-2.207,-0.482,2,0,2,-0.481,4,2,-1.962,3,3,-0.188,-0.106,5,4,3,0,0.0,0,2,1,6,6,-0.959,5,4,4,-1.394,0.0,0
1,2,0,5,0,0,0.121,5,0,2,1.64,3,3,25.86,5,7,4,-1.38,-0.934,5,0,1,2.938,0,3,1.519,4,5,0.564,4.035,3,1,3,1,0.0,5,4,5,5,1,0.388,0,2,4,0.986,0.0,0
0,3,3,0,5,0,-1.737,2,0,5,-1.551,3,5,24.16,0,7,5,-2.051,-0.483,0,0,2,-1.223,3,2,-1.623,4,3,-3.193,-2.554,4,5,5,7,0.0,1,7,0,3,0,-1.967,6,1,5,-1.665,0.0,0
1,0,4,0,2,0,3.89,5,1,5,0.985,5,2,31.18,3,1,1,2.003,0.599,5,0,1,1.278,6,0,0.396,4,4,1.105,-0.116,1,5,4,3,0.0,0,5,4,6,0,0.487,4,3,0,0.428,0.0,0
1,1,2,2,3,0,-3.017,3,2,2,-2.517,3,3,40.12,7,5,3,0.288,-0.662,3,0,3,-0.946,4,4,-2.448,2,1,-0.779,2.923,2,5,2,5,0.0,0,2,4,5,7,-0.656,2,3,1,-0.943,0.0,0
5,4,2,7,0,0,-0.565,5,0,2,-1.262,5,6,32.79,2,5,3,-0.716,0.006,5,0,0,0.922,5,4,-0.466,5,1,-2.111,0.829,0,3,5,5,0.0,0,4,2,7,5,0.233,7,5,5,0.118,0.0,0
5,0,2,0,2,0,-0.658,2,1,0,-0.205,3,6,21.85,1,5,2,-2.601,0.93,0,0,1,2.401,3,0,0.062,0,2,-1.646,1.385,1,0,2,6,0.0,5,4,2,4,6,-0.882,4,5,2,-0.965,0.0,0
4,5,5,2,2,0,4.359,3,0,5,-0.142,3,1,38.5,4,7,3,0.648,1.538,5,1,4,-0.282,4,5,1.94,1,4,2.045,2.211,5,1,2,1,0.0,4,7,4,0,7,1.52,7,3,2,0.999,34.77,1
2,1,1,5,0,0,1.092,3,2,2,1.235,1,7,28.08,5,2,4,1.38,-1.243,0,0,3,-0.782,3,0,3.265,4,5,1.657,2.213,1,5,5,5,0.0,1,0,4,7,0,1.256,0,1,3,1.353,0.0,0
1,4,5,2,5,0,0.375,4,2,0,0.676,2,5,38.27,4,4,1,1.307,-1.204,4,0,5,-0.106,6,4,-2.637,2,0,-0.756,0.99,2,2,5,5,0.0,1,0,4,4,2,-0.092,1,5,1,-0.528,0.0,0
2,3,3,4,3,0,3.032,5,1,3,-1.539,2,3,30.5,5,1,4,1.849,-1.026,4,0,2,1.945,1,5,1.966,0,4,1.623,1.861,2,2,2,2,0.0,4,6,5,7,4,1.464,2,4,5,1.21,0.0,0
1,2,5,7,3,0,-2.559,5,1,1,2.717,2,3,31.85,1,2,1,0.349,0.119,5,0,2,2.354,2,5,-2.094,3,3,0.691,2.617,1,1,1,6,0.0,0,1,2,4,1,0.203,4,3,3,0.374,0.0,0
1,7,3,3,5,0,-3.235,4,1,2,-2.133,4,0,32.3,6,6,0,-3.784,-0.581,0,0,0,-0.97,4,4,-0.831,7,1,0.256,-4.028,4,0,1,2,0.0,0,3,5,3,0,-1.478,4,2,3,-1.756,0.0,0
4,2,5,4,0,0,-2.281,4,5,2,-2.062,3,4,27.86,5,0,3,-2.544,0.606,1,0,3,-0.164,5,5,-0.81,7,2,0.69,4.241,1,4,0,4,0.0,1,2,0,3,2,0.826,7,1,4,0.881,0.0,0
2,2,5,5,4,0,-1.728,1,3,3,2.201,3,0,28.17,7,1,4,1.363,-0.774,2,0,5,-3.743,5,0,2.3,3,1,-0.955,-2.564,0,2,1,6,0.0,2,6,0,4,6,0.249,3,1,0,-0.693,0.0,0
2,7,3,3,2,0,-1.559,3,0,0,-0.463,1,3,21.34,4,6,1,0.08,1.92,4,0,5,-2.106,3,5,-5.92,4,4,2.36,-1.769,0,1,0,7,0.0,2,2,5,6,1,-1.771,1,4,2,-1.002,0.0,0
3,0,1,0,0,0,-2.6,0,5,4,0.803,0,5,29.07,6,7,5,0.969,1.338,5,0,3,-0.245,1,0,-2.287,3,1,-0.728,-2.699,0,4,2,1,0.0,4,4,3,0,6,-0.747,0,2,4,-0.343,0.0,0
4,0,3,5,3,0,-3.249,5,2,5,0.465,4,2,20.07,0,3,1,1.629,-0.066,1,0,1,-0.475,5,0,-0.794,3,5,-2.606,-0.342,2,2,2,1,0.0,2,6,5,4,7,-0.107,7,4,3,-0.529,0.0,0
4,1,5,4,2,0,0.335,0,3,3,-1.29,0,4,24.76,0,0,2,-5.232,1.454,0,0,4,-0.9,4,0,-3.968,3,5,-3.066,-0.204,1,3,3,5,0.0,2,1,2,3,0,-1.045,0,3,1,-1.221,0.0,0
3,0,3,3,4,0,1.51,3,3,4,-0.882,1,7,33.89,4,7,3,0.954,-0.38,5,0,1,-1.73,3,5,-0.886,3,5,0.303,1.005,1,4,3,3,0.0,4,4,1,0,1,-0.27,7,4,1,-0.102,0.0,0
0,6,2,7,0,0,-1.575,1,3,4,-0.331,3,0,27.99,3,7,5,-0.57,0.18,1,0,5,-1.442,2,1,-0.206,2,4,-1.992,-1.24,2,1,2,1,0.0,1,5,5,4,6,-1.358,4,0,1,-0.623,0.0,0
4,7,3,6,4,0,1.266,4,3,2,-0.627,2,1,26.53,0,3,5,1.619,-0.687,2,0,0,1.684,6,2,1.462,7,2,-1.686,0.704,4,2,1,0,0.0,1,4,5,0,0,1.08,2,1,0,0.846,0.0,0
3,2,1,3,0,0,-0.076,0,0,2,-0.353,4,6,19.88,7,0,0,0.421,1.881,1,0,2,-2.312,1,4,1.008,5,1,0.736,1.175,5,2,5,7,0.0,5,7,3,7,0,-0.465,1,4,3,-0.608,0.0,0
3,1,3,0,4,0,-0.018,2,3,1,-3.289,2,6,30.99,7,0,2,-0.177,0.66,3,0,5,2.213,0,0,3.268,5,5,-0.796,0.755,2,4,0,2,0.0,3,3,0,7,5,0.395,3,5,0,-0.631,0.0,0
2,4,0,6,3,0,-0.401,3,1,2,-2.101,0,7,32.93,6,2,5,2.55,-0.156,3,0,1,-0.025,2,1,-3.401,3,4,0.356,0.446,1,5,3,6,0.0,5,2,0,7,2,0.611,7,3,0,-0.173,0.0,0
1,6,2,1,1,0,-1.712,2,3,4,-0.07,2,1,24.48,5,2,0,-1.018,-0.284,0,0,0,-1.612,3,2,1.49,3,2,0.581,2.426,2,1,2,0,0.0,2,5,4,1,2,0.185,5,5,1,-0.295,0.0,0
5,3,1,1,1,0,-0.979,5,2,5,-2.246,0,5,23.73,2,1,2,-1.981,0.051,2,0,1,-1.13,2,2,-1.415,6,3,0.807,1.136,5,3,2,6,0.0,5,6,5,7,0,-1.038,2,2,2,-0.879,0.0,0
2,7,2,3,0,0,0.978,2,2,2,0.496,5,0,17.06,7,5,5,-0.896,0.4,5,0,2,2.531,4,4,-1.615,4,3,-0.897,0.397,2,5,2,7,0.0,5,2,5,7,0,-0.166,5,4,3,-0.648,0.0,0
0,1,1,3,3,0,2.314,5,5,5,2.596,2,0,18.67,4,6,4,-0.317,0.949,1,0,2,0.289,2,0,-1.252,5,2,-0.802,0.148,1,4,5,0,0.0,0,6,3,1,6,-0.412,1,0,4,0.136,0.0,0
4,7,1,5,0,0,2.655,0,3,1,-0.323,3,6,18.85,4,1,4,0.276,0.842,0,0,2,-2.05,6,1,0.493,2,3,0.017,4.053,4,0,0,6,0.0,3,7,4,1,1,0.59,1,1,5,-0.053,0.0,0
0,4,5,2,1,0,-1.474,5,0,4,-2.443,1,7,25.72,1,4,1,-0.713,-0.027,4,0,3,2.791,6,3,-1.457,0,5,2.064,1.462,2,4,2,7,0.0,3,6,1,1,5,0.617,2,3,4,0.178,0.0,0
5,1,2,2,5,0,0.087,0,0,4,3.599,1,5,21.01,5,5,3,0.725,0.717,3,0,4,0.539,3,2,1.019,1,0,1.916,3.514,0,1,5,4,0.0,5,6,2,7,2,0.361,5,1,0,0.687,0.0,0
5,3,4,0,5,0,-1.685,0,5,2,-2.266,0,7,24.39,1,5,1,-3.365,2.265,3,0,4,-2.225,1,3,-2.66,0,4,-2.029,-0.497,2,1,1,7,0.0,4,5,3,2,2,-1.858,7,0,3,-2.106,0.0,0
1,1,0,1,2,1,2.391,4,1,4,3.631,3,6,36.03,2,6,5,2.436,-1.402,5,1,4,2.947,5,2,1.854,5,0,0.184,-1.567,4,5,1,6,0.0,1,0,4,2,1,2.244,0,5,3,2.291,229.19,1
1,6,1,0,0,0,-0.006,4,0,1,-1.684,4,6,26.5,5,5,0,0.239,2.322,5,0,0,-0.795,7,4,1.493,2,1,-0.605,0.154,2,1,1,7,0.0,5,6,5,5,2,-1.234,6,4,4,-0.282,0.0,0
5,1,4,6,0,0,1.204,2,2,0,0.749,0,6,40.29,7,1,5,0.231,1.252,5,1,0,1.013,5,3,0.055,5,3,0.936,-2.645,3,3,4,7,0.0,0,0,3,3,7,1.46,0,2,3,1.809,86.92,1
0,0,4,1,3,0,-2.001,4,3,4,-1.612,5,7,27.76,6,3,4,1.512,0.363,2,0,0,-0.982,7,4,-1.703,6,4,-0.094,-2.472,1,5,0,1,0.0,3,0,2,3,2,-0.439,7,3,5,-0.596,0.0,0
2,2,4,2,5,0,-0.723,1,2,4,0.561,0,5,33.32,6,0,0,-0.678,-1.656,2,0,2,-0.076,6,4,1.445,4,0,-3.547,-2.261,2,4,2,4,0.0,0,7,2,2,4,-1.434,4,0,3,-0.659,0.0,0
1,4,1,3,4,1,-0.372,2,5,5,3.013,4,0,42.9,7,7,4,1.006,0.395,2,1,1,0.109,6,4,1.173,3,0,0.231,1.612,5,5,2,0,0.0,0,0,2,1,0,2.013,6,0,2,1.232,183.8,1
2,4,0,5,4,1,2.313,0,0,0,-1.047,1,3,41.15,4,4,4,1.19,0.554,1,1,2,1.36,3,3,1.552,1,3,3.682,1.479,1,2,3,5,0.0,4,5,3,6,1,1.145,2,4,1,1.295,171.68,1
2,5,3,6,0,1,1.897,1,3,1,1.534,2,0,29.84,0,1,1,2.497,-0.325,5,0,0,0.43,1,3,2.566,1,1,-0.301,0.274,4,4,1,7,0.0,4,0,2,0,1,1.162,5,0,4,1.585,0.0,1
4,1,2,3,0,0,-0.976,1,5,5,-0.881,0,0,26.06,0,0,3,-1.55,1.782,1,0,1,-2.899,4,2,-1.953,4,5,-0.204,-2.865,4,0,3,0,0.0,4,1,1,4,2,-1.68,1,3,4,-1.037,0.0,0
2,2,3,3,0,0,-2.72,4,4,3,-2.488,1,4,28.56,0,4,3,-0.368,1.61,1,0,5,1.094,3,3,-0.919,3,1,-2.057,-2.91,1,2,3,7,0.0,5,0,2,0,5,-1.429,1,0,5,-0.96,0.0,0
5,7,2,6,0,0,2.673,4,2,4,0.944,2,7,23.51,0,1,1,0.557,0.3,0,0,2,0.602,3,1,0.353,3,1,1.256,0.351,3,5,5,0,0.0,1,7,2,0,1,1.477,4,3,5,0.514,0.0,0
5,0,5,7,1,0,1.324,4,4,1,-1.169,2,6,33.43,0,4,2,-0.134,1.776,1,1,5,0.573,2,1,-0.505,2,1,-0.035,2.309,1,4,2,7,0.0,3,7,4,1,3,0.791,6,3,0,0.952,216.89,1
5,0,5,3,1,0,-0.893,4,1,2,-0.61,5,5,28.38,5,1,0,-1.913,1.676,4,0,5,0.813,2,0,-1.601,5,1,-1.367,1.223,0,5,4,2,0.0,1,6,1,1,7,-0.322,2,2,0,-0.06,0.0,0
4,1,5,6,2,0,0.499,4,2,2,2.19,1,6,42.01,7,5,4,-0.726,0.315,3,0,0,0.783,0,1,1.14,3,1,1.575,-1.326,0,1,5,4,0.0,5,7,2,2,3,-0.246,1,5,5,0.688,0.0,0
1,7,4,6,1,0,1.22,5,0,4,3.723,5,3,32.84,2,1,1,1.778,0.371,1,0,0,-0.344,3,0,-0.661,7,3,0.983,1.397,1,5,5,2,0.0,5,7,3,2,4,1.187,4,2,0,1.083,0.0,0
1,4,4,2,4,0,-3.158,4,3,3,-3.192,1,3,25.21,2,3,3,-0.712,0.924,1,0,4,-1.142,4,5,-2.492,5,2,-1.19,-2.886,1,3,4,4,0.0,5,4,4,6,7,-1.409,0,1,4,-1.117,0.0,0
5,3,1,6,3,0,-2.046,1,0,2,0.11,3,3,21.48,2,0,3,-1.668,1.603,1,0,4,-1.343,7,1,-4.784,1,2,-0.717,-0.77,3,0,4,3,0.0,5,2,4,6,6,-1.18,7,4,0,-1.578,0.0,0
5,2,4,3,4,0,-1.762,4,2,2,-1.892,1,3,36.23,0,1,4,-0.356,-1.533,4,0,4,0.321,1,5,-3.637,3,4,0.338,-0.066,4,3,0,0,0.0,0,5,4,7,0,-0.156,7,1,1,-0.361,0.0,0
3,0,0,6,5,0,-0.445,5,1,4,-1.593,2,5,31.6,2,0,0,-0.977,-0.339,4,0,3,-1.645,3,1,-0.778,1,3,-2.31,-0.903,1,5,4,0,0.0,0,3,1,7,5,-0.833,7,4,3,-0.913,0.0,0
1,1,0,0,4,0,-3.101,3,3,2,1.931,0,2,28.82,7,5,3,0.773,1.315,4,0,1,2.531,1,4,-0.936,1,5,-0.052,-0.566,1,4,4,7,0.0,0,3,1,0,7,-2.073,4,3,3,-0.854,0.0,0
5,7,3,7,5,1,1.62,4,1,4,2.651,5,3,37.0,4,6,2,0.23,1.112,5,1,1,1.772,4,2,3.647,7,4,4.838,4.137,4,4,4,3,0.0,4,2,1,4,4,3.113,0,3,3,2.477,169.24,1
5,4,0,6,3,0,-0.683,1,2,5,-2.081,4,3,29.65,3,1,4,-0.345,0.73,0,0,0,-0.449,6,3,1.361,2,4,0.936,1.846,2,3,3,5,0.0,3,7,3,3,1,0.385,3,4,1,0.606,0.0,0
0,6,5,1,2,0,2.123,5,5,5,-2.537,1,3,30.14,0,4,3,-0.591,-0.162,5,0,1,0.435,1,1,1.977,7,5,0.778,-0.574,4,3,5,0,0.0,2,4,4,5,3,-0.237,0,2,3,0.14,0.0,0
3,6,2,7,5,0,1.315,2,1,3,2.579,2,5,26.99,7,1,3,0.634,0.204,0,0,3,3.791,1,1,-1.645,1,4,0.406,2.399,3,2,1,0,0.0,2,5,2,0,0,0.888,4,4,1,0.556,0.0,0
2,7,5,0,4,0,2.934,2,5,0,0.015,4,2,16.67,5,3,4,-0.536,0.682,5,0,0,0.185,6,0,0.95,1,0,0.276,1.793,4,1,0,2,0.0,5,4,1,7,6,-0.067,6,2,1,0.735,0.0,0
3,7,3,0,1,0,-1.28,1,3,4,-2.662,0,1,23.27,6,0,5,-1.788,-0.129,4,0,1,-0.569,3,4,-1.177,4,1,-1.01,-0.223,1,1,1,3,0.0,4,7,0,5,0,-0.397,3,4,0,-0.88,0.0,0
0,7,4,2,0,0,2.662,1,2,2,-1.256,2,7,34.91,2,0,5,1.297,1.184,5,0,3,-4.296,5,2,2.479,4,3,0.044,0.394,2,3,2,5,0.0,5,3,1,7,5,0.116,0,2,1,0.445,0.0,0
3,5,5,6,4,1,2.605,4,0,2,1.116,4,6,35.16,5,3,3,0.339,-1.023,2,1,4,1.159,4,0,2.012,5,2,1.457,5.432,3,4,1,4,0.0,3,7,2,1,3,2.529,5,3,3,2.099,78.55,1
2,1,1,6,3,0,2.375,4,4,2,1.199,0,4,28.27,3,7,4,-0.819,-1.648,3,0,5,-0.113,1,4,1.608,7,4,-0.957,2.35,1,3,1,3,0.0,4,7,3,1,6,0.727,1,4,1,0.904,0.0,0
3,2,3,4,3,1,1.952,5,5,1,4.009,1,2,41.67,5,2,5,4.012,0.563,5,1,0,2.169,4,3,2.812,1,4,0.7,0.913,5,1,0,2,0.0,4,1,0,7,6,2.309,0,2,1,1.031,132.93,1
0,4,0,3,2,0,3.718,1,4,5,0.969,3,2,27.97,6,7,4,-1.618,-0.007,4,0,2,-3.845,6,2,-2.31,7,2,-0.735,0.559,4,3,5,4,0.0,3,3,1,7,3,-0.362,3,1,1,-0.16,0.0,0
5,0,3,6,4,0,0.591,3,2,3,2.647,3,4,40.62,7,7,2,0.954,-0.362,4,1,5,2.43,7,5,4.579,3,3,0.659,3.541,5,3,2,1,0.0,0,5,1,4,1,2.006,4,3,0,2.679,52.74,1
0,1,1,3,0,0,-0.429,2,2,4,-0.529,0,2,28.95,0,6,5,-1.335,1.887,1,0,4,2.406,0,1,0.919,3,1,-0.269,-0.968,0,5,2,4,0.0,2,7,1,0,0,0.735,4,5,2,0.035,0.0,0
3,3,5,2,2,1,2.982,4,0,4,-2.496,5,6,52.91,2,1,1,2.553,-0.464,2,0,5,1.931,6,3,-0.135,2,4,1.465,1.499,5,4,5,0,0.0,0,3,1,5,3,1.318,3,3,4,1.295,125.27,1
4,6,4,0,3,0,-1.276,4,2,0,-0.695,3,1,33.92,3,5,3,0.133,-1.26,0,0,0,0.298,3,2,-1.587,0,3,1.076,1.065,4,3,2,6,0.0,2,4,5,1,3,-0.029,7,0,2,-1.231,0.0,0
2,3,3,6,5,0,-1.783,5,3,3,-3.169,2,5,25.49,0,2,0,0.985,-1.077,0,0,5,-0.342,1,0,-0.13,7,4,0.844,-0.937,0,1,1,3,0.0,3,0,3,1,1,-0.562,0,1,1,-0.924,0.0,0
1,6,1,5,5,0,-0.24,5,0,0,-0.285,3,6,27.07,3,3,3,-1.264,-1.761,3,0,5,-3.165,3,1,2.25,2,4,-1.607,-1.738,3,0,0,1,0.0,2,1,5,7,6,-1.796,1,1,4,-1.319,0.0,0
4,6,0,2,0,0,0.05,0,5,1,0.859,1,6,29.19,0,0,5,-1.013,0.803,4,0,3,2.003,0,3,0.636,0,2,1.076,-0.17,4,2,1,2,0.0,3,0,4,0,6,0.715,1,4,0,-0.113,0.0,0
3,5,3,0,3,0,-0.082,5,5,5,0.135,0,3,48.14,5,6,5,1.047,-0.108,0,1,3,1.351,1,5,-1.537,1,5,0.165,2.784,1,3,1,6,0.0,3,4,3,2,4,1.137,6,1,0,1.436,0.0,1
3,3,3,2,5,0,-3.135,4,2,5,-1.0,0,3,24.18,3,6,0,-1.899,-1.756,5,0,1,2.44,5,3,-0.388,4,0,-0.922,-1.011,0,4,1,3,0.0,2,7,4,2,4,0.039,1,1,4,-1.371,0.0,0
1,0,3,4,2,0,-1.917,5,1,2,0.086,1,7,25.21,3,3,5,-2.514,0.761,4,0,1,-6.706,1,3,-1.123,6,1,-0.835,-1.527,0,0,5,1,0.0,5,5,5,3,4,-2.011,7,0,2,-1.199,0.0,0
0,0,5,5,1,0,-1.487,2,0,2,-2.4,2,3,36.68,1,2,4,0.054,-2.231,2,0,1,3.939,3,2,1.322,7,5,-0.103,2.724,3,5,1,0,0.0,1,7,2,1,5,0.452,5,2,1,0.492,0.0,0
5,5,4,4,3,0,-3.945,4,1,0,-0.425,1,0,27.95,3,5,0,0.467,-1.428,4,0,3,-1.74,4,4,0.855,5,1,-3.148,1.054,3,2,4,3,0.0,0,6,1,3,1,0.544,0,0,5,-0.43,0.0,0
5,4,0,1,3,0,0.514,1,5,2,2.569,4,4,22.65,3,6,2,2.523,0.934,0,0,5,-3.32,6,0,1.04,4,4,-0.429,0.102,1,5,1,4,0.0,3,6,2,6,3,-0.574,3,0,2,-0.027,0.0,0
5,4,5,0,4,0,2.713,2,1,3,-0.261,3,7,36.57,4,3,0,-1.333,1.828,3,1,4,-2.248,1,5,1.569,3,5,1.785,3.664,0,4,4,6,0.0,0,7,0,1,6,1.642,1,5,1,0.678,151.8,1
2,1,2,4,2,0,-0.501,5,1,5,-0.213,5,0,30.68,4,7,4,-2.237,-0.394,2,0,2,-3.044,5,0,0.093,1,3,-1.824,0.618,5,3,1,3,0.0,5,0,4,3,5,-0.341,7,3,5,0.186,0.0,0
0,7,4,3,3,0,1.425,0,5,4,-1.338,1,3,21.48,4,5,1,1.424,0.657,4,0,5,-0.225,0,5,-1.635,6,5,2.215,1.605,4,4,2,0,0.0,5,7,1,1,1,0.423,4,2,2,0.373,0.0,0
5,2,4,5,1,0,1.379,5,0,1,-3.164,0,2,38.22,6,7,2,-0.011,0.413,4,1,4,-0.452,2,1,0.939,4,2,0.109,-2.315,2,0,1,6,0.0,0,0,3,3,4,0.22,2,2,5,0.91,0.0,1
2,0,4,4,3,1,1.925,2,4,3,1.348,5,4,36.38,1,0,1,-0.297,1.33,5,1,1,-0.741,4,0,3.867,0,3,2.127,2.149,4,4,0,6,0.0,4,0,3,3,2,1.471,6,1,1,1.243,143.0,1
4,0,5,2,0,0,-0.772,2,4,4,-2.545,5,0,15.27,4,1,3,0.902,-0.482,3,0,0,0.01,1,0,0.512,7,2,-0.681,-0.932,1,5,4,3,0.0,3,5,5,0,3,-0.452,6,3,4,-0.107,0.0,0
4,7,1,3,2,0,-1.242,1,0,2,-2.34,0,1,30.6,0,7,3,-2.361,0.26,3,0,3,-2.893,2,0,-4.243,7,2,-1.56,-1.756,3,2,1,1,0.0,4,3,4,6,7,-1.591,5,0,2,-2.427,0.0,0
4,6,2,2,0,1,3.432,5,5,0,0.586,0,3,31.61,4,5,2,0.69,0.879,5,1,4,2.0,1,1,-1.232,3,5,4.131,1.213,2,0,0,0,0.0,2,4,3,0,6,2.792,4,5,3,1.717,0.0,1
4,7,0,0,4,1,2.306,4,5,1,3.03,0,7,28.36,5,3,1,0.132,-0.019,3,1,3,0.02,5,0,5.446,0,2,0.478,-0.673,1,1,0,3,44.64,0,2,2,7,2,1.498,1,1,1,1.855,81.97,1
3,1,1,5,4,0,-2.289,4,1,2,0.012,2,1,30.06,3,0,4,-1.283,-0.619,0,0,5,-1.18,3,3,-2.898,3,5,-1.05,-2.211,0,2,5,4,0.0,3,1,2,2,1,-1.58,1,0,4,-1.536,0.0,0
3,6,1,3,1,0,0.85,4,1,4,-1.731,0,5,34.68,0,0,5,1.111,2.685,3,1,2,1.116,5,2,1.618,4,5,1.111,0.366,5,4,1,6,0.0,5,6,2,5,5,1.304,1,0,1,0.851,64.79,1
0,2,2,3,5,0,0.312,3,1,5,-1.17,3,5,35.48,4,5,5,-1.504,-0.777,2,0,1,0.69,4,0,-2.214,0,4,-3.332,-2.027,3,0,4,4,0.0,4,5,1,4,1,-0.709,7,0,1,-0.617,0.0,0
3,6,5,7,0,0,-0.532,2,1,0,-2.052,4,2,31.56,6,7,3,-1.447,-1.899,0,0,5,-2.689,1,2,-1.601,1,2,0.421,-2.111,2,0,3,6,0.0,1,4,0,4,0,-1.026,2,2,5,-1.182,0.0,0
1,5,5,1,3,1,1.554,4,1,0,0.238,4,6,28.27,1,4,0,-1.278,0.04,3,0,3,1.499,3,2,3.685,6,5,-0.09,0.911,2,4,0,2,0.0,5,5,3,4,5,-0.03,0,5,5,0.907,76.59,1
1,6,3,4,4,0,-0.818,0,4,1,-0.056,1,2,23.72,7,6,4,-1.811,0.43,0,0,5,-1.481,7,3,-1.668,7,1,2.323,1.862,1,4,2,6,0.0,4,2,0,4,3,-0.434,2,0,1,-0.737,0.0,0
3,7,4,5,5,0,-1.326,3,0,5,-0.69,3,2,25.98,1,1,4,0.687,-0.152,5,0,1,-1.601,1,4,-2.016,0,3,1.242,0.638,2,5,2,3,0.0,4,1,4,0,5,-0.426,1,3,0,-0.388,0.0,0
5,3,2,3,4,0,-3.363,1,4,4,-0.13,1,7,20.22,6,2,5,-0.194,0.329,4,0,0,0.644,2,1,-1.391,5,2,-1.605,-2.077,4,5,1,4,0.0,3,6,2,4,0,-1.416,4,4,5,-0.648,0.0,0
3,6,0,7,5,0,0.722,5,5,2,3.378,5,4,26.11,4,6,0,1.321,2.317,1,0,0,3.421,1,2,-3.459,0,0,1.405,2.402,5,0,4,6,0.0,4,4,1,0,4,0.88,6,1,2,0.442,0.0,0
4,3,5,0,5,0,-2.315,5,1,0,-0.869,0,6,34.83,6,3,3,-4.121,-0.225,2,0,0,1.853,5,1,-0.228,7,4,-1.446,-0.494,1,5,3,0,0.0,3,5,2,0,0,-0.991,6,1,5,-1.822,0.0,0
5,0,5,7,0,1,4.966,0,2,1,3.616,0,5,36.47,3,4,5,1.23,-0.645,2,1,2,1.135,4,1,1.301,3,1,1.573,4.488,0,4,5,2,0.0,2,7,2,5,4,2.311,3,1,5,3.238,0.0,1
0,6,2,4,5,0,0.098,5,4,4,-0.902,5,4,28.59,6,2,1,1.146,0.643,5,0,0,-1.33,4,2,-0.951,5,2,-0.655,0.473,1,2,4,0,0.0,3,0,3,3,6,-0.108,1,2,0,0.455,0.0,0
4,0,2,5,3,0,-0.21,0,3,5,2.214,4,2,24.74,6,1,0,4.768,0.448,0,0,4,-4.349,5,3,-2.021,7,5,0.401,-0.276,5,2,5,1,0.0,4,2,2,5,0,0.264,1,2,1,0.326,0.0,0
2,4,5,7,2,0,1.126,0,4,3,-2.471,0,7,25.15,2,2,3,-1.863,1.176,5,0,4,0.9,4,4,4.214,1,0,0.738,-2.496,0,2,3,5,0.0,4,3,0,2,1,0.06,7,2,2,0.636,0.0,0
1,1,2,0,4,0,2.506,1,2,4,3.211,4,0,36.26,4,0,0,1.11,1.636,4,1,4,3.1,5,4,2.487,2,3,4.11,2.223,0,5,2,3,0.0,0,5,0,6,7,2.789,5,0,3,2.082,239.53,1
1,7,3,6,0,0,3.373,4,2,5,0.2,3,5,31.21,4,2,2,0.378,0.448,5,0,5,-1.475,4,2,-1.421,0,1,-0.409,-2.442,1,5,4,3,0.0,2,4,4,0,3,-0.429,4,4,4,-0.173,0.0,0
4,3,3,6,2,0,-0.74,5,2,3,-0.636,5,7,22.74,0,2,5,-0.355,0.389,0,0,3,3.787,0,5,4.043,1,3,2.374,1.43,2,2,0,0,0.0,0,4,3,4,3,0.883,2,1,1,0.787,0.0,0
1,6,4,5,4,0,0.573,1,0,5,1.444,1,1,24.72,2,2,3,-0.645,0.788,0,0,4,2.095,2,4,2.059,4,1,1.079,1.441,2,5,5,2,0.0,0,2,5,0,3,0.417,0,1,4,0.661,0.0,0
3,3,3,2,3,0,-2.171,4,2,2,-0.888,2,2,19.48,3,2,3,-1.671,2.097,4,0,3,0.236,5,2,-2.686,1,3,0.794,-0.894,5,1,3,4,0.0,4,1,4,0,5,0.56,3,1,0,-0.713,0.0,0
0,7,1,5,4,0,-0.716,3,5,0,2.328,5,2,26.11,0,7,5,-0.225,-0.362,4,0,3,-0.713,2,1,-0.74,6,4,-1.087,0.399,3,4,5,0,0.0,0,0,2,7,7,-2.284,0,5,3,-0.13,0.0,0
2,5,2,0,1,0,2.641,5,5,3,1.611,4,3,33.75,1,1,2,0.366,1.824,5,0,5,-2.798,2,2,-1.079,0,0,0.262,-0.391,5,0,3,7,0.0,4,2,5,2,5,0.281,5,1,3,-0.662,0.0,0
0,0,5,1,4,0,1.108,5,2,1,-0.573,5,5,25.3,6,3,5,0.303,-0.492,5,0,1,2.268,5,3,2.082,6,4,0.971,0.926,5,2,2,4,0.0,2,7,3,2,6,0.603,1,2,5,1.545,0.0,0
4,5,0,2,3,0,1.062,2,0,1,0.406,5,6,28.64,0,2,5,1.136,-0.031,2,0,1,2.024,7,3,2.102,6,3,-0.298,0.288,4,4,2,1,0.0,1,0,3,6,4,1.281,4,0,2,0.234,0.0,0
3,5,4,5,3,0,0.394,0,4,4,1.196,4,4,33.48,2,2,5,2.065,-0.378,5,1,2,-0.467,6,4,-1.908,4,1,1.921,-0.613,0,0,4,0,0.0,3,4,1,6,2,1.496,5,2,0,0.608,0.0,1
4,0,0,2,1,0,-3.732,2,1,1,1.553,3,6,26.83,4,6,1,-0.292,-0.571,2,0,3,-0.166,6,3,-1.374,0,5,-1.481,-1.373,2,2,0,1,0.0,2,7,5,3,0,-0.608,2,0,0,-0.591,0.0,0
2,5,3,0,3,0,-2.386,2,2,4,1.614,0,2,33.5,5,5,5,-2.509,0.088,3,0,4,-0.118,1,0,0.762,5,5,-0.656,-2.335,5,3,2,7,0.0,3,3,5,2,6,-0.768,3,5,2,-0.764,0.0,0
4,0,1,3,4,0,0.233,4,5,2,-1.263,2,6,29.56,5,4,5,0.35,-0.685,5,0,3,-0.229,0,4,2.72,6,3,-1.763,0.311,5,0,2,5,0.0,2,4,0,6,0,-1.012,3,5,5,-0.701,0.0,0
1,6,0,4,3,0,-1.643,3,0,4,1.791,4,4,34.61,1,0,0,0.945,-1.849,5,0,1,-3.649,0,1,0.225,5,4,-3.845,1.292,1,3,2,0,0.0,5,5,3,7,3,0.202,6,2,2,-0.267,0.0,0
1,5,1,2,0,0,-0.149,5,3,2,-1.806,1,3,27.11,0,2,4,1.48,-0.451,3,0,4,-2.141,6,1,-1.819,6,5,-3.712,-2.468,3,5,3,6,0.0,2,6,5,6,7,-1.672,0,4,0,-1.349,0.0,0
5,1,2,2,1,0,-0.689,5,0,5,0.366,5,2,29.84,6,6,3,-1.861,-0.349,4,0,5,-4.297,1,4,-0.6,4,2,-2.281,-0.779,3,2,5,5,0.0,3,6,1,2,4,-1.023,7,3,4,-0.742,0.0,0
2,7,3,2,0,0,-0.493,1,1,5,0.426,5,2,35.29,1,6,3,1.753,-0.179,2,1,3,0.729,2,3,1.009,7,3,1.573,1.085,0,3,1,2,76.9,4,7,2,3,6,1.113,7,4,1,0.584,0.0,1
1,2,4,7,1,0,1.939,4,0,4,1.778,0,1,34.7,4,0,3,-1.161,-1.621,2,0,4,-2.179,5,1,0.568,4,1,0.642,-0.109,5,0,5,6,0.0,3,5,4,7,5,-0.255,7,3,3,-0.289,0.0,0
4,4,0,7,4,0,-1.57,2,4,5,0.549,5,2,21.83,0,7,3,0.963,1.103,4,0,1,-1.358,7,1,1.956,5,4,1.653,0.889,4,0,5,2,0.0,4,7,5,0,1,-0.077,4,5,0,0.322,0.0,0
2,7,5,5,3,0,-1.087,4,1,3,1.025,1,3,34.52,6,7,2,-2.046,1.008,3,0,3,-4.99,6,4,2.723,4,1,-0.306,-1.345,3,3,0,6,0.0,0,2,0,6,7,-0.161,3,0,4,-0.626,0.0,0
5,0,1,2,2,0,0.104,2,0,0,3.127,1,5,40.93,6,5,0,3.1,0.821,3,1,3,-0.751,2,0,1.92,3,3,-0.27,-0.526,5,1,3,5,0.0,1,6,3,2,4,1.581,7,3,1,1.81,0.0,1
4,7,5,0,3,0,0.805,2,3,3,1.672,0,2,27.85,3,1,5,0.292,-0.602,4,0,1,5.189,5,1,-2.915,1,0,1.735,-0.336,5,0,4,7,0.0,5,0,2,7,6,1.593,7,4,1,0.207,0.0,0
0,2,5,6,3,0,1.563,2,5,3,-2.166,5,5,33.29,3,4,4,0.091,1.195,3,1,0,0.499,2,4,-2.832,0,5,2.619,2.571,0,3,4,2,0.0,3,1,0,6,5,1.266,5,2,4,1.398,93.75,1
1,5,1,6,1,0,-1.364,0,5,5,1.209,3,7,27.42,0,0,4,-1.227,-1.786,0,0,4,0.821,0,4,-4.945,2,5,0.464,-1.459,4,4,2,6,0.0,3,0,4,1,7,-1.238,0,3,3,-1.389,0.0,0
3,0,1,6,2,0,1.792,1,3,5,2.095,2,2,21.58,3,1,5,-2.674,-0.265,4,0,0,-2.14,7,3,0.196,5,5,0.555,-0.661,4,2,5,6,0.0,3,3,5,3,2,1.532,7,0,0,1.746,0.0,0
4,7,2,2,4,0,-0.633,0,2,2,-0.78,2,1,27.35,2,3,0,-5.237,0.565,2,0,3,-1.51,1,4,0.523,5,4,-2.942,0.728,5,3,2,1,0.0,1,7,2,1,0,-1.321,2,1,2,-0.974,0.0,0
4,4,4,1,0,1,-1.765,3,4,0,-0.539,0,3,40.21,2,6,4,-0.603,-1.646,2,0,3,-4.112,7,4,1.579,1,5,-0.603,0.538,0,3,0,3,0.0,1,6,3,6,6,0.735,7,2,2,0.699,192.84,1
3,5,0,0,4,0,-2.074,3,4,1,-1.402,3,1,29.2,3,3,1,-0.373,-0.029,4,0,3,4.162,6,2,0.046,6,0,-1.867,-0.77,1,4,2,5,0.0,5,2,1,6,4,-0.974,6,4,3,-0.497,0.0,0
1,3,2,4,0,0,-0.572,2,2,4,1.74,1,4,23.14,7,7,5,1.972,1.636,4,0,2,0.53,5,1,0.243,0,1,2.309,-3.188,1,1,0,6,0.0,4,1,1,2,0,0.735,4,0,1,0.556,0.0,0
1,0,5,0,0,0,-3.188,3,1,5,2.983,5,7,30.44,3,5,1,2.544,1.143,4,0,5,1.012,5,2,0.728,7,5,-0.136,1.007,1,1,0,2,0.0,1,7,1,1,2,0.299,0,5,3,-0.287,0.0,0
0,3,1,0,4,1,3.377,5,3,2,0.593,0,0,31.88,7,2,4,4.695,-0.168,4,1,0,0.006,7,3,3.043,3,3,0.91,5.133,2,0,0,7,0.0,5,0,0,2,4,2.704,1,5,1,2.526,16.65,1
5,2,4,6,1,0,-2.682,5,2,1,-0.925,0,0,23.51,6,5,5,-0.809,-0.636,0,0,1,-1.246,3,4,-1.98,7,1,0.476,2.523,1,4,3,6,0.0,2,4,0,1,6,-0.181,7,1,4,0.478,0.0,0
4,1,2,6,4,0,-1.451,4,0,4,1.806,2,4,38.51,1,6,4,0.07,2.059,5,0,5,4.551,5,4,-0.069,2,5,-1.318,-2.42,5,0,3,3,0.0,2,0,1,7,7,-1.272,5,0,5,-1.278,0.0,0
3,4,4,4,0,0,-1.199,1,5,2,2.459,1,4,27.21,0,5,4,3.32,0.317,4,0,4,1.903,1,1,2.268,3,5,1.009,0.832,3,2,0,7,0.0,1,5,5,1,1,0.6,3,4,4,0.927,0.0,0
0,3,4,4,0,0,-0.71,2,5,0,-0.79,0,6,31.07,7,7,1,-1.838,0.483,4,0,0,-0.726,0,5,-2.804,0,4,-0.995,0.552,5,5,5,7,0.0,3,5,4,7,1,0.73,1,2,4,0.432,0.0,0
4,2,3,5,4,0,0.737,4,0,4,3.951,0,7,31.05,2,0,5,3.712,-1.185,3,0,5,0.62,6,4,0.706,7,2,0.745,1.217,3,2,1,6,0.0,1,0,2,7,5,0.784,4,0,2,1.041,0.0,0
1,3,4,0,1,1,0.019,2,1,4,2.63,3,6,38.08,6,4,2,-0.398,1.496,3,0,3,-3.738,4,0,4.198,6,3,0.695,0.395,1,0,2,6,0.0,2,5,5,7,1,1.587,4,1,2,0.324,35.92,1
3,6,3,6,1,0,0.915,5,2,0,-0.503,4,1,29.7,0,5,2,1.302,-1.347,4,0,1,-0.333,1,1,-0.308,5,4,-0.385,1.074,0,2,4,7,0.0,1,5,3,4,4,0.369,4,4,4,0.623,0.0,0
1,2,5,5,2,0,0.122,1,4,3,2.071,1,3,13.87,3,4,4,2.461,-0.376,3,0,4,-0.356,3,0,2.885,6,2,-0.195,1.399,1,4,4,7,0.0,0,7,3,3,7,1.245,0,3,0,0.777,0.0,0
1,0,4,5,3,0,1.301,5,5,1,1.071,2,1,37.84,3,6,0,1.175,-1.301,5,0,4,1.439,6,2,2.377,0,4,3.165,-0.796,2,0,4,6,0.0,0,0,3,5,5,0.93,3,0,3,0.007,0.0,0
5,3,2,0,0,0,1.028,4,5,4,2.929,5,5,22.02,3,1,1,0.886,-3.066,5,0,3,-0.206,2,1,1.968,4,2,-0.042,1.711,2,0,1,0,0.0,4,3,3,3,2,-0.325,4,2,4,0.406,0.0,0
3,4,0,7,3,0,-1.584,4,1,4,0.613,4,7,19.33,0,4,3,-2.585,0.173,5,0,3,0.936,3,3,-4.638,6,1,-1.43,-0.955,0,5,5,5,0.0,5,7,4,2,7,-1.589,6,2,5,-1.281,0.0,0
1,3,1,7,3,0,-1.568,5,1,5,-1.276,4,1,28.5,3,3,3,1.552,-0.75,2,0,1,-1.451,3,3,0.088,6,4,2.031,0.952,1,3,4,2,0.0,2,0,5,7,0,-0.456,6,5,2,-0.063,0.0,0
4,3,4,5,0,0,-2.073,4,0,2,-1.131,2,0,35.1,4,6,5,0.972,0.953,1,0,5,-1.061,1,0,-0.016,2,3,-0.317,-1.194,5,4,3,3,0.0,5,3,4,1,5,0.81,3,4,3,-0.393,0.0,0
1,6,0,4,2,0,2.114,5,5,1,1.584,0,3,23.76,6,4,2,1.899,0.661,1,0,4,0.558,1,5,0.93,5,4,2.558,4.082,4,5,5,2,0.0,5,5,0,3,2,0.645,1,5,0,0.276,0.0,0
4,2,4,5,0,0,-1.233,5,0,0,-1.314,0,3,25.09,0,1,0,-1.055,1.338,2,0,2,0.248,0,1,-0.256,3,0,-0.123,-1.19,2,2,3,3,0.0,0,6,1,1,4,-1.136,4,2,4,-1.193,0.0,0
2,4,4,7,0,0,1.321,4,0,5,0.883,2,3,23.49,4,3,1,-0.866,-0.56,1,0,2,1.559,4,1,1.88,7,1,-0.858,1.979,4,0,3,3,0.0,5,5,0,2,6,0.416,2,2,5,0.198,0.0,0
5,1,4,5,5,0,0.863,2,4,2,1.836,3,5,41.33,4,4,3,-0.831,-2.33,0,0,3,-3.265,4,0,0.101,1,4,-1.921,-2.01,3,0,4,0,0.0,2,0,3,2,3,-1.013,7,4,2,-0.966,0.0,0
5,6,5,4,4,0,3.579,5,0,4,-0.66,3,4,37.95,7,6,1,0.339,0.766,5,0,0,0.191,1,1,-0.139,5,2,2.092,-0.578,0,5,2,6,0.0,5,5,4,7,2,0.37,1,5,4,-0.06,0.0,0
1,0,4,7,0,0,-3.245,5,4,1,-1.242,4,2,36.7,5,2,1,0.76,-1.972,0,0,2,0.468,1,2,-0.934,4,1,-2.425,-1.22,2,1,4,1,0.0,5,0,1,5,5,-0.98,0,0,0,-0.829,0.0,0
5,6,3,0,2,1,-0.597,5,5,0,3.676,3,0,44.29,0,3,5,-0.701,1.602,5,0,1,-1.679,0,4,1.548,6,5,0.163,1.575,4,5,0,3,0.0,5,0,2,5,4,-0.117,1,0,5,0.609,50.07,1
4,6,4,2,2,0,-1.001,5,5,3,-2.717,1,4,27.4,0,0,2,-0.111,0.578,2,0,1,-1.039,7,3,-3.141,5,3,-2.52,-1.255,0,5,2,5,0.0,1,5,5,6,3,-2.341,7,4,4,-1.32,0.0,0
4,4,4,1,1,1,2.931,0,1,4,3.547,3,1,36.66,6,4,4,0.935,0.579,0,1,1,1.53,4,1,0.484,6,5,0.005,3.775,3,1,5,1,0.0,5,1,4,1,2,2.372,0,4,0,2.53,0.0,1
3,6,3,7,4,0,-0.376,3,2,0,0.721,4,1,37.67,6,6,2,-0.362,-1.523,2,0,5,-1.584,3,1,-0.112,7,0,0.043,1.529,4,5,1,0,0.0,3,6,5,7,6,-0.494,5,2,1,-0.049,0.0,0
1,4,1,7,0,0,-1.893,2,5,1,-0.828,3,0,18.53,6,2,3,-1.481,-0.112,5,0,0,1.256,7,5,0.45,2,2,-0.073,0.484,5,5,5,0,0.0,1,6,4,2,2,0.735,1,5,2,-0.229,0.0,0
3,4,3,3,3,0,-1.13,2,5,3,-1.473,3,1,25.02,5,7,2,0.361,1.376,1,0,2,-0.589,2,5,-3.678,2,2,-0.431,-1.399,5,1,1,1,0.0,0,6,5,6,5,-0.789,6,4,3,-0.648,0.0,0
0,1,4,5,3,0,-0.02,0,4,2,-1.142,0,7,36.66,1,2,2,-2.281,0.664,3,0,3,-0.269,6,3,-1.43,6,5,0.186,-1.432,3,5,0,1,0.0,1,7,5,4,7,-0.026,5,5,4,-0.482,0.0,0
5,1,0,3,3,1,2.101,2,2,1,-0.426,0,6,44.28,1,6,0,-0.668,0.09,3,0,4,0.068,5,1,-0.167,1,1,0.962,1.568,4,2,1,6,0.0,5,2,5,2,0,0.976,6,2,4,0.816,0.0,1
4,7,0,4,5,0,1.008,0,4,0,2.39,5,2,33.16,0,3,5,1.589,0.723,4,0,5,0.19,0,0,-1.187,3,0,-1.007,-0.55,1,3,4,3,0.0,4,1,2,0,2,0.722,7,2,5,0.34,0.0,0
2,2,4,6,3,0,1.36,3,0,0,-4.028,0,3,35.83,5,2,5,-1.943,0.179,1,0,2,1.317,6,3,-3.273,6,2,-1.597,-1.954,0,4,2,3,0.0,4,4,0,3,7,-1.478,3,5,4,-1.639,0.0,0
0,2,5,1,0,0,-1.985,4,5,4,0.332,0,5,20.65,0,2,3,-2.076,-0.545,2,0,0,0.147,7,1,-0.724,1,3,-0.891,-1.793,0,0,5,0,0.0,1,0,2,4,2,-1.632,3,2,4,-0.936,0.0,0
3,2,4,4,5,0,-2.236,3,4,2,0.69,3,4,35.08,0,7,1,-1.494,-0.007,2,0,3,-0.053,5,3,-1.856,6,3,0.586,-2.903,4,0,5,7,0.0,1,2,2,4,0,-1.117,7,2,3,-1.412,0.0,0
2,7,3,6,5,0,-0.145,3,3,1,2.946,2,1,27.85,0,2,1,1.81,0.128,3,0,0,-1.596,4,5,4.057,5,4,1.655,-3.073,0,4,3,7,0.0,2,0,5,0,7,0.617,1,1,5,1.422,0.0,0
5,2,0,2,1,0,2.114,1,2,2,-1.83,2,4,31.68,7,4,4,-0.909,1.159,4,0,5,0.347,2,0,-1.255,6,1,-0.479,-0.731,2,0,4,2,0.0,1,0,5,4,7,0.212,1,0,5,-0.73,0.0,0
3,0,1,7,4,0,-1.01,2,3,2,-0.226,3,0,23.73,3,5,0,-0.142,0.366,5,0,0,-1.046,2,1,-1.622,1,0,0.021,-1.091,0,1,2,6,0.0,2,5,5,5,1,-0.702,1,2,1,-0.259,0.0,0
2,5,3,7,5,0,0.815,0,4,5,-0.248,1,1,30.06,0,4,0,-1.637,1.401,5,0,2,-1.241,1,3,-2.115,0,2,-1.93,-1.172,4,2,2,7,0.0,2,5,5,0,2,-1.232,2,1,4,-0.567,0.0,0
1,0,0,1,5,0,1.64,3,1,2,0.687,4,3,40.28,7,3,5,1.72,0.026,0,1,4,3.057,4,5,2.158,2,1,-0.36,2.221,1,2,4,5,0.0,4,1,0,5,1,1.346,5,2,2,0.653,0.0,1
2,6,5,1,1,0,1.599,5,2,5,0.122,5,2,27.85,6,3,4,-1.98,1.316,3,0,0,-2.595,6,1,0.111,6,1,-0.421,-2.019,4,0,5,5,0.0,4,7,2,3,7,-1.278,5,5,0,-0.934,0.0,0
2,4,2,4,5,0,0.625,3,0,5,-0.554,4,6,26.7,5,7,4,-0.702,0.842,2,0,1,-1.306,7,2,-1.292,5,4,1.585,1.553,1,2,0,3,0.0,0,1,5,6,3,-0.854,0,5,0,-0.296,0.0,0
1,5,4,4,0,0,-0.057,1,0,2,-1.308,2,1,32.31,0,4,4,-0.563,0.231,2,0,0,1.901,0,0,-0.592,2,5,1.188,0.968,3,0,1,6,0.0,4,7,1,2,2,-0.166,4,2,1,-0.913,0.0,0
0,5,4,5,0,0,1.746,2,0,0,-2.097,0,5,26.85,4,1,3,2.131,-0.084,2,0,4,-1.032,3,0,0.731,4,5,0.225,-2.339,2,5,3,6,0.0,5,6,3,4,6,-0.059,7,3,2,0.187,0.0,0
1,1,4,1,5,0,-1.114,5,0,0,-1.976,3,3,27.94,5,0,1,-3.365,0.4,3,0,5,-2.896,2,3,-0.266,7,5,-1.884,-0.128,2,1,1,6,0.0,3,3,3,2,4,-2.404,3,2,3,-1.653,0.0,0
2,1,2,2,4,0,-0.519,5,4,5,-0.488,4,5,23.2,5,2,5,-1.264,0.779,3,0,1,-3.152,0,1,-1.814,0,2,0.025,1.268,0,1,3,1,0.0,4,1,0,7,6,-1.84,3,3,5,-0.929,0.0,0
1,6,1,5,5,0,-0.479,2,4,1,0.908,2,1,19.94,5,4,0,0.357,1.851,4,0,1,-4.247,6,3,-2.707,7,3,-0.711,0.15,5,3,1,1,0.0,4,1,2,3,0,-1.294,0,3,5,-0.651,0.0,0
1,0,2,0,3,0,-0.182,4,5,1,-0.553,5,4,15.99,4,7,3,-2.16,-2.257,3,0,2,-1.808,4,5,0.334,7,0,-1.334,-0.096,0,0,2,4,0.0,2,1,4,4,1,-0.361,2,0,3,-0.609,0.0,0
3,1,0,6,3,0,1.711,0,4,4,-0.52,5,7,18.53,4,7,5,-0.081,0.255,3,0,2,4.758,7,0,-0.047,4,1,-0.891,-0.203,5,2,5,5,0.0,0,4,0,2,0,0.519,7,3,2,-0.444,0.0,0
4,5,2,5,4,0,1.4,5,4,0,1.444,4,7,36.99,3,5,3,1.587,1.406,2,0,4,-1.692,6,4,-0.887,6,5,2.673,1.566,5,3,0,1,0.0,4,4,5,2,6,0.849,2,3,2,0.424,0.0,0
4,4,5,3,4,0,0.224,4,3,0,0.575,1,1,23.16,5,6,5,0.253,0.29,4,0,1,-2.591,2,0,-2.048,1,3,-1.174,-0.28,1,5,2,2,0.0,4,4,1,3,6,-1.785,2,3,1,-1.401,0.0,0
1,7,3,7,1,0,1.024,5,0,5,1.101,0,0,32.33,5,7,5,-0.205,-0.421,1,0,0,0.076,5,4,1.423,1,0,3.161,-0.187,4,5,1,6,0.0,2,6,4,0,0,0.568,0,2,3,0.57,0.0,0
0,0,3,2,0,0,0.55,5,3,4,-1.557,5,0,35.3,3,0,0,1.085,-1.085,5,0,0,1.245,2,2,-1.16,7,5,-0.076,-0.103,2,5,3,6,0.0,5,4,4,5,0,-1.184,1,4,4,-1.635,0.0,0
5,6,2,5,5,0,-0.955,0,3,1,0.609,4,3,13.6,6,4,1,-0.713,-0.057,3,0,2,-0.372,2,3,3.675,1,1,0.008,-3.645,4,5,5,0,0.0,3,1,1,6,2,-0.959,1,0,3,-0.626,0.0,0
0,2,0,6,2,0,-2.565,3,5,5,-1.25,2,5,38.14,6,4,3,-2.251,-0.801,2,0,0,-2.287,1,1,-2.247,1,3,-0.975,-0.352,4,2,1,4,0.0,2,4,0,0,7,-1.674,0,3,1,-1.316,0.0,0
1,1,0,6,0,0,0.53,3,2,4,-0.967,0,5,25.21,0,2,5,-1.284,0.867,0,0,5,1.703,3,2,-0.441,0,4,2.385,1.56,5,1,5,6,0.0,2,4,2,0,2,0.179,1,2,5,-0.219,0.0,0
5,3,0,4,0,0,-0.035,2,1,3,3.319,2,7,21.06,1,6,3,2.116,-2.098,5,0,0,-2.762,5,3,-0.324,2,1,-0.856,0.951,0,4,3,0,0.0,0,2,1,0,1,-0.252,0,5,3,-0.31,0.0,0
0,0,1,2,2,1,1.073,2,0,1,1.327,5,4,33.83,2,2,2,1.881,-0.023,4,1,3,-1.632,3,5,-0.409,4,4,-0.508,1.883,2,0,2,4,0.0,1,4,3,7,1,1.603,2,0,3,1.726,91.02,1
4,1,4,0,0,1,1.523,0,3,2,3.634,1,1,31.44,1,3,0,1.292,-0.978,1,1,3,4.063,1,0,-0.77,1,3,0.761,1.867,0,3,5,4,0.0,4,1,2,0,3,1.487,6,5,3,1.136,0.0,1
2,1,1,7,5,0,1.425,2,4,4,1.943,3,7,42.66,2,0,3,-0.385,0.58,4,1,5,0.075,2,5,0.484,7,2,1.315,-1.044,3,5,2,1,0.0,5,0,5,2,5,0.906,2,5,5,0.825,41.96,1
3,3,3,5,1,0,-2.587,5,2,2,-0.213,1,5,30.12,3,2,1,-2.475,-0.329,0,0,1,-2.89,6,0,-2.595,5,1,-2.28,-2.939,5,4,2,6,0.0,4,5,2,3,5,-2.401,5,0,1,-2.355,0.0,0
3,6,1,1,1,0,1.139,3,0,3,1.399,0,4,42.89,3,4,5,0.066,-0.325,4,1,2,3.037,0,4,4.454,4,4,3.106,3.111,5,0,3,1,0.0,4,0,2,0,5,1.491,5,0,4,1.075,112.77,1
2,4,4,7,0,0,-1.108,0,5,5,2.663,5,7,34.55,4,4,4,-0.019,0.873,2,0,4,0.701,4,5,-0.229,3,0,-1.177,2.082,4,4,4,5,0.0,5,6,4,3,2,-0.27,4,2,2,-0.569,0.0,0
4,5,3,2,0,0,-0.239,2,5,0,0.711,0,0,35.8,7,2,5,0.741,-0.218,0,0,0,0.907,2,5,-1.99,0,1,-1.035,-0.009,0,0,3,6,0.0,1,7,4,7,5,-0.031,7,1,1,0.07,0.0,0
2,3,1,3,5,0,1.765,2,2,3,1.255,5,5,20.73,3,1,1,-0.162,-0.181,0,0,0,-1.194,0,2,1.642,7,5,-0.652,-1.31,2,0,4,7,0.0,1,7,4,7,7,0.559,5,0,5,-0.077,0.0,0
0,3,5,6,2,0,1.981,2,1,2,0.337,0,4,29.23,7,3,3,-2.49,-0.768,2,0,5,1.424,1,1,-0.129,4,3,0.241,0.096,3,0,3,2,0.0,0,1,3,4,6,1.448,3,2,3,0.347,0.0,0
1,0,2,6,4,0,0.381,2,3,0,0.242,3,7,20.93,2,1,1,2.268,1.001,0,0,4,3.714,5,2,4.212,1,5,0.794,0.113,4,3,0,5,0.0,1,6,0,0,3,1.045,7,3,3,1.117,0.0,0
5,5,1,5,2,0,-1.939,5,1,2,-1.496,1,3,27.85,2,4,4,-1.214,-0.203,5,0,2,-3.036,6,0,-1.297,2,4,-0.233,-1.721,1,3,1,7,0.0,3,4,3,5,1,-0.495,4,4,1,-1.052,0.0,0
2,5,5,0,2,1,2.78,2,0,3,1.6,4,6,43.07,6,5,4,1.944,0.142,3,1,1,-2.218,5,0,2.85,2,4,0.787,-0.175,4,3,0,4,0.0,5,5,5,6,2,1.155,6,3,2,1.477,135.34,1
1,0,0,5,1,0,-4.6,4,0,5,-1.589,2,0,42.53,7,1,3,0.211,-1.44,0,0,0,-3.685,5,2,-2.011,2,4,-0.619,-4.71,3,0,1,3,0.0,5,6,0,6,2,-1.64,6,1,4,-1.839,0.0,0
2,1,2,1,3,0,0.464,1,5,5,-2.672,2,6,37.76,1,6,4,1.257,-0.672,0,0,5,1.643,4,2,-1.166,7,5,1.345,-2.265,1,4,1,7,0.0,4,1,4,7,6,0.199,4,1,2,0.258,0.0,0
5,2,4,0,5,0,-0.839,2,4,4,2.59,3,1,25.23,4,0,3,-0.383,1.061,1,0,5,0.503,0,0,-2.778,5,5,2.13,0.426,0,3,1,0,0.0,5,6,1,1,7,-0.34,1,2,0,-0.182,0.0,0
1,1,1,2,0,0,-1.796,2,4,0,-1.603,1,3,31.03,4,2,0,-1.418,-0.728,5,0,0,-3.43,1,0,-1.141,3,2,-1.839,-3.032,3,0,4,0,0.0,4,3,1,1,0,-1.266,0,5,2,-0.838,0.0,0
5,2,4,0,2,0,-0.942,1,5,3,1.151,1,5,22.07,0,3,2,-2.588,0.662,2,0,2,0.342,4,4,0.278,7,1,-1.705,-1.338,4,2,2,3,0.0,3,3,4,1,0,-0.389,6,5,2,-0.371,0.0,0
1,7,1,5,0,1,3.14,3,0,2,0.911,2,7,40.26,2,2,0,0.078,3.058,0,0,5,-1.181,7,2,-0.613,3,5,-0.738,-0.56,5,3,2,4,0.0,2,0,1,2,1,0.95,4,4,0,1.072,235.71,1
3,4,0,0,4,0,0.416,3,4,0,-1.987,1,6,33.62,3,4,5,-1.758,0.434,2,0,3,0.317,0,0,-2.945,7,0,-0.298,0.74,1,3,5,7,0.0,4,2,2,0,7,-0.269,6,0,0,-1.089,0.0,0
4,5,2,6,3,0,-1.068,3,5,0,-0.346,1,7,38.45,5,0,5,1.922,-1.254,1,0,4,0.418,3,5,0.735,5,3,0.63,-0.022,2,3,4,6,0.0,2,6,4,3,1,0.606,1,3,3,0.942,0.0,0
5,0,1,4,0,0,0.198,0,0,5,1.324,4,4,18.81,4,3,0,0.845,-0.149,5,0,4,-3.419,0,1,-2.795,4,4,-0.467,0.659,5,1,2,7,0.0,1,1,5,5,4,-0.54,6,1,1,-0.824,0.0,0
0,0,5,1,5,0,-0.597,2,2,2,-1.167,0,0,25.96,3,4,2,-1.844,-0.779,4,0,4,-1.683,4,2,-1.291,3,1,-1.341,-1.176,5,3,5,4,0.0,1,1,2,3,5,-1.821,7,0,1,-0.707,0.0,0
1,7,3,6,4,0,-0.576,2,3,0,-2.141,0,3,15.79,7,6,3,-0.794,2.3,1,0,0,0.672,3,0,-0.253,6,0,-1.991,0.981,2,2,5,4,0.0,1,3,1,3,4,-0.292,5,5,2,-0.732,0.0,0
1,6,3,2,2,0,-1.486,5,4,5,-3.122,4,1,28.14,4,5,1,-0.009,0.961,0,0,1,2.048,3,5,-2.535,2,0,-0.835,-3.118,4,3,3,1,0.0,5,1,4,3,5,-2.008,5,3,4,-1.658,0.0,0
5,5,0,7,4,1,3.17,3,5,1,3.734,0,1,40.13,0,1,0,2.173,0.081,1,1,2,2.386,5,1,0.868,5,1,0.86,1.694,3,1,0,1,0.0,1,4,5,7,2,2.261,6,3,1,1.695,66.04,1
0,7,4,1,1,0,-2.484,0,4,5,0.887,0,1,31.24,7,4,3,-2.457,-0.653,0,0,5,0.643,1,4,-1.154,3,3,-1.934,-1.898,1,0,1,1,0.0,1,1,1,0,2,-0.759,6,2,2,-0.539,0.0,0
4,4,5,4,2,0,3.831,4,0,3,0.572,4,1,34.3,1,2,4,-0.292,1.253,3,1,3,1.215,7,2,0.987,7,3,-0.113,0.578,2,2,0,6,0.0,1,1,1,7,7,1.529,1,5,3,0.775,208.43,1
5,6,1,0,2,0,-0.467,1,4,4,-1.782,4,4,21.95,5,5,5,3.806,0.741,3,0,2,1.014,7,5,0.225,0,5,-2.872,-0.075,1,2,0,2,0.0,3,5,1,4,4,-0.607,6,4,0,-0.26,0.0,0
1,6,1,4,3,0,-1.044,1,1,3,-0.198,5,5,29.28,6,0,4,-2.007,-0.204,1,0,3,4.704,1,5,-0.507,5,2,-0.46,0.822,0,2,5,3,0.0,4,7,0,5,5,-0.14,7,5,2,0.448,0.0,0
5,2,2,1,1,0,-0.365,2,3,0,-1.554,2,4,16.66,6,3,0,0.734,0.993,0,0,4,-0.528,6,1,-1.465,1,3,-2.479,-0.393,5,1,1,4,0.0,5,0,3,1,7,-0.632,6,2,3,-0.793,0.0,0
5,7,0,1,4,0,1.973,2,3,0,3.08,0,6,43.18,1,2,2,3.529,-2.163,2,1,3,2.274,5,1,1.631,6,5,1.61,-0.71,1,1,1,3,0.0,0,0,4,0,1,1.79,4,5,0,1.714,101.5,1
4,2,5,4,2,0,-1.685,0,1,5,-1.341,2,0,34.27,3,0,2,-3.864,-0.529,4,0,0,-1.519,4,2,-0.15,5,5,0.855,0.391,5,1,3,2,0.0,0,7,4,5,3,-0.762,2,0,4,-0.272,0.0,0
2,2,0,0,1,1,3.753,2,1,3,3.001,0,0,33.46,3,6,3,2.558,0.424,1,1,3,0.817,2,1,1.41,4,1,1.147,-0.409,0,3,3,4,0.0,3,0,5,6,6,0.626,5,3,3,1.593,233.46,1
3,7,4,5,5,0,-0.695,1,2,2,-0.356,2,4,29.05,7,2,1,1.477,-2.012,1,0,5,4.168,0,1,-2.311,7,1,2.996,-0.149,2,5,5,3,0.0,1,2,4,4,3,0.514,3,2,3,0.11,0.0,0
0,7,5,3,1,0,0.289,2,2,5,-1.15,3,6,22.88,2,1,5,-3.468,-1.02,1,0,4,-0.033,3,5,-1.129,3,3,3.394,-0.141,4,2,4,1,0.0,0,4,4,2,0,-0.567,0,2,4,-0.277,0.0,0
3,4,2,5,0,0,0.848,5,2,2,3.972,1,3,35.71,4,2,0,1.894,1.667,1,0,3,-3.041,5,1,3.147,7,1,-1.219,0.017,0,0,5,3,0.0,0,4,2,4,5,1.017,0,5,2,0.228,0.0,0
3,3,5,3,4,0,0.228,2,4,5,-1.238,2,6,33.06,3,7,5,2.617,-1.496,0,0,4,-2.584,4,4,-1.939,4,1,0.093,-0.602,1,2,0,6,0.0,1,5,2,5,3,1.258,0,0,1,1.26,0.0,0
5,5,2,7,5,0,-4.247,4,5,2,-2.413,3,7,23.05,7,5,1,-3.094,0.955,2,0,1,-5.211,0,1,-0.794,5,3,-2.406,1.652,5,5,4,2,0.0,1,2,3,2,7,-1.012,5,2,2,-1.366,0.0,0
1,7,3,2,4,0,-1.496,4,3,2,-0.053,0,6,32.56,4,2,1,2.236,-0.273,4,0,0,-3.38,2,0,0.691,7,1,-0.659,-0.709,0,4,1,5,0.0,1,2,5,1,5,-0.844,1,0,5,-1.24,0.0,0
2,3,2,2,1,0,-2.478,3,0,3,-0.785,4,4,25.68,0,2,4,-1.534,0.653,0,0,2,2.292,5,3,0.758,5,2,-0.231,-1.556,5,0,0,5,0.0,3,4,5,6,0,-2.155,0,1,1,-1.603,0.0,0
3,2,1,2,2,0,1.013,1,4,0,0.24,1,7,25.69,6,4,0,-0.206,-0.071,2,0,1,-0.745,4,0,-1.112,5,0,-1.631,-3.42,0,3,3,7,0.0,0,4,5,7,4,-0.615,4,3,4,-0.25,0.0,0
0,2,3,2,4,0,2.459,3,2,4,0.036,2,1,42.49,0,4,0,1.242,0.952,3,0,2,2.045,6,4,-1.744,0,0,0.658,-0.56,1,1,3,2,0.0,1,3,0,0,4,0.577,0,4,2,0.805,0.0,0
3,4,0,2,0,1,2.488,1,5,4,3.021,1,7,27.35,5,5,2,4.766,1.712,5,1,3,0.931,3,5,3.353,4,5,-0.239,3.619,4,1,0,5,0.0,3,2,1,7,0,1.648,3,0,2,1.757,70.54,1
1,5,3,6,5,0,-3.133,1,5,0,-0.425,0,2,26.51,4,6,1,3.396,0.008,3,0,0,-2.559,7,2,-1.273,4,5,-4.919,-3.622,3,1,0,5,0.0,5,3,5,7,7,-1.368,7,1,0,-1.209,0.0,0
1,3,2,3,3,0,0.233,4,0,3,-0.456,5,6,33.4,7,4,2,-1.415,0.148,0,0,1,-1.668,2,0,1.528,0,0,-0.39,0.423,5,5,1,7,0.0,2,4,5,7,1,-0.511,5,4,0,-0.091,0.0,0
4,2,4,1,2,0,-2.425,0,4,1,0.562,4,7,31.54,4,3,1,-1.602,1.433,3,0,4,-0.466,0,2,2.464,3,2,-0.606,3.551,2,2,3,2,0.0,2,0,3,2,2,0.431,2,1,3,-0.153,0.0,0
5,0,0,4,2,0,2.5,2,5,2,0.527,4,5,29.52,4,4,2,2.18,0.046,3,1,0,-1.076,7,3,2.652,2,2,1.989,0.845,1,2,3,4,0.0,1,7,5,1,4,1.466,1,0,0,1.167,226.22,1
0,4,1,1,2,0,-2.206,5,3,3,1.887,0,4,30.59,5,7,4,-2.677,1.213,3,0,2,-0.181,3,1,-0.123,5,3,-3.21,2.82,0,5,1,2,0.0,0,2,0,1,5,-0.243,2,1,4,-0.134,0.0,0
1,0,2,6,4,0,-1.196,2,1,1,-1.526,2,4,23.38,1,7,2,-1.204,-0.463,1,0,2,1.759,1,4,-1.224,3,1,0.997,0.088,1,5,3,7,0.0,0,4,0,3,6,0.305,1,3,1,-0.694,0.0,0
5,4,1,7,5,0,2.801,1,5,3,2.159,0,2,35.79,6,5,4,1.802,1.187,0,1,3,-0.663,2,4,0.397,4,3,-0.238,1.416,3,4,2,1,0.0,5,1,1,5,2,1.206,0,3,3,1.321,180.63,1
0,4,4,0,5,0,0.806,0,4,1,-0.179,5,4,16.21,7,3,2,-1.812,-0.113,3,0,2,-1.384,0,1,-2.68,4,3,-2.042,-1.794,3,4,4,7,0.0,3,5,5,7,6,-1.543,3,5,4,-1.461,0.0,0
1,1,5,7,5,0,2.542,5,1,5,1.592,5,3,42.82,7,0,5,0.189,1.314,0,1,2,0.643,2,0,0.422,0,5,1.363,1.795,0,5,0,4,0.0,0,7,1,7,1,0.471,4,2,1,1.054,0.0,1
1,5,1,0,3,0,0.183,1,3,0,0.342,3,6,19.06,4,3,1,-2.408,1.078,3,0,0,-2.796,2,3,-0.649,7,4,-2.058,-1.99,0,2,3,7,0.0,5,6,4,1,6,-0.16,1,1,0,0.593,0.0,0
2,0,3,4,3,0,-1.248,2,1,1,0.535,4,6,21.65,1,2,2,1.781,1.897,4,0,1,-0.651,2,2,1.054,3,1,0.795,0.489,5,2,4,4,0.0,1,6,5,6,7,0.739,1,1,5,0.742,0.0,0
3,6,5,3,0,0,-0.43,5,2,4,0.409,1,2,32.11,1,3,2,-1.155,0.917,2,0,0,-3.732,2,3,0.646,7,3,1.02,0.163,0,5,5,3,0.0,1,7,2,6,7,-0.14,6,5,3,-0.894,0.0,0
4,2,0,6,1,0,-4.217,5,1,3,-1.384,0,6,32.2,2,2,4,-0.972,-0.513,1,0,5,-1.451,6,2,-0.646,3,2,-1.378,0.773,1,0,1,2,0.0,4,3,4,3,2,-0.934,1,4,2,-0.771,0.0,0
0,4,2,1,3,0,-0.333,0,1,2,-0.631,0,5,24.62,7,3,5,1.654,-0.028,2,0,3,-2.056,6,1,2.189,2,3,-0.257,-0.693,0,3,1,1,0.0,1,2,3,4,3,0.441,3,0,3,0.007,0.0,0
3,2,1,4,0,0,-2.479,0,1,3,-1.63,4,0,25.98,5,6,4,-2.804,1.544,2,0,0,-1.917,0,2,0.438,0,2,-2.553,-2.558,2,4,4,6,0.0,4,3,5,4,3,-1.966,3,2,4,-1.972,0.0,0
1,2,5,6,4,0,0.51,1,5,3,1.013,5,7,31.03,3,6,2,-2.229,-0.682,1,0,0,-0.864,2,1,-0.977,4,2,-0.157,1.263,1,3,0,4,0.0,3,6,5,1,6,0.084,3,0,4,0.403,0.0,0
2,6,3,0,4,0,-1.04,0,2,0,1.659,5,4,27.92,6,2,2,-3.917,-1.005,1,0,4,-4.21,5,1,0.572,2,2,-1.291,-3.094,0,0,5,1,0.0,3,5,0,2,4,0.072,2,1,5,-0.448,0.0,0
1,0,3,2,4,0,1.676,2,3,5,-0.769,3,3,43.77,2,6,3,2.818,0.737,2,1,3,3.516,0,4,3.454,7,1,0.837,1.968,1,4,5,5,0.0,0,5,2,6,3,0.965,5,4,0,0.898,145.63,1
0,5,1,7,3,0,-1.362,0,3,4,-0.475,2,3,29.65,1,1,3,-0.708,1.789,5,0,1,-0.565,7,1,1.077,1,3,-1.835,0.087,0,0,3,6,0.0,3,1,3,3,1,-0.654,5,2,4,0.422,0.0,0
0,3,1,6,4,0,-2.158,2,3,2,1.006,2,5,19.12,3,5,4,0.528,0.004,4,0,5,-0.006,2,3,0.49,0,2,-3.13,0.153,3,1,0,6,0.0,2,5,2,1,4,0.124,6,4,0,-0.433,0.0,0
4,5,3,3,1,1,2.182,1,5,4,2.793,3,4,42.46,4,7,0,0.298,1.16,5,0,4,0.744,6,0,1.235,4,2,-0.974,2.911,1,5,3,2,0.0,0,4,2,0,3,0.441,0,4,1,1.132,115.62,1
0,7,3,0,3,0,1.906,5,0,0,3.248,4,6,33.37,2,3,2,0.676,0.464,0,0,3,1.816,5,2,0.102,7,3,0.15,-0.676,3,0,1,5,0.0,5,3,0,7,3,1.479,5,2,3,0.998,0.0,0
3,7,5,6,0,0,-0.166,3,4,4,0.687,2,7,31.85,7,5,3,-0.624,-0.635,3,0,1,2.917,2,0,1.455,0,3,-0.932,-1.875,4,5,0,3,0.0,1,7,5,1,0,0.831,3,5,3,1.081,0.0,0
5,0,4,4,4,0,-1.737,2,3,4,-1.685,1,7,27.42,1,6,3,1.669,0.668,5,0,3,-5.345,0,5,2.73,6,4,-1.088,-0.477,4,1,2,4,0.0,0,1,0,4,4,-1.005,7,2,1,-0.917,0.0,0
0,2,4,2,1,0,2.372,0,0,1,-4.271,4,3,24.18,4,3,5,-2.184,-1.576,5,0,3,-2.645,2,5,1.547,0,4,1.443,-0.992,1,3,4,1,0.0,2,6,5,6,7,0.775,6,0,0,0.208,0.0,0
0,7,4,1,5,0,1.952,2,3,0,-0.574,4,6,38.84,7,1,3,-0.675,0.417,0,0,1,0.041,1,0,-1.911,6,3,-0.25,-1.725,2,1,1,4,0.0,2,5,3,2,2,-1.087,5,3,4,-0.717,0.0,0
4,7,1,5,4,0,-0.857,0,2,2,-2.481,4,6,24.71,5,4,0,-1.406,1.846,3,0,3,-3.157,0,1,-2.281,7,1,-1.603,-2.847,1,5,4,4,0.0,3,1,3,4,2,-1.725,6,3,3,-1.873,0.0,0
5,7,4,4,4,0,2.044,5,0,1,0.743,4,7,40.01,1,4,3,-0.035,0.604,1,1,3,0.882,5,3,1.465,2,3,-0.016,3.271,2,3,5,7,0.0,1,5,0,7,2,1.738,0,5,2,1.535,139.16,1
2,2,3,4,5,0,1.419,2,2,0,2.569,1,3,33.91,2,5,1,-0.706,1.488,1,1,0,-1.808,0,4,-0.266,3,2,-1.054,0.347,0,1,5,2,0.0,4,7,4,4,6,0.017,2,5,4,0.907,112.41,1
5,1,2,2,3,0,-0.497,2,3,5,-1.06,1,5,28.4,5,3,1,0.578,-0.694,1,0,4,-1.42,2,5,0.78,2,2,-1.004,0.412,1,1,4,6,0.0,4,3,2,1,3,-1.615,4,4,4,-0.799,0.0,0
4,4,3,4,2,0,4.706,3,0,0,-1.502,1,2,20.32,5,4,3,1.047,-0.037,2,0,3,-4.35,1,3,0.424,5,3,-2.117,1.428,2,4,1,0,0.0,4,0,5,3,3,0.159,5,2,2,0.05,0.0,0
3,3,2,7,3,0,0.621,5,1,2,0.514,1,4,29.38,0,6,2,0.894,-0.812,4,0,3,4.036,3,1,-0.632,3,4,2.661,0.613,2,1,5,1,0.0,0,2,5,2,1,0.193,0,5,3,-0.134,0.0,0
4,2,2,2,4,1,1.909,5,3,3,4.206,2,1,27.38,2,3,1,0.095,0.866,2,1,4,4.465,5,1,5.657,4,3,3.785,0.799,1,4,4,3,0.0,4,3,5,4,0,3.135,2,5,3,2.152,93.16,1
5,5,1,6,1,0,2.094,2,0,2,-1.381,2,1,28.83,6,5,0,0.387,-1.306,1,0,3,2.685,3,0,0.009,1,1,1.246,0.227,0,0,4,2,0.0,4,4,0,3,1,1.064,3,1,5,1.152,0.0,0
2,4,0,0,1,0,1.24,3,2,0,0.454,2,0,24.74,5,4,1,-3.248,0.588,5,0,1,0.175,5,1,-4.361,4,1,-0.374,0.052,3,3,3,6,0.0,1,1,3,3,3,-0.524,4,4,2,-0.796,0.0,0
4,0,2,6,0,0,1.655,2,0,5,-0.771,4,7,30.25,6,2,1,-0.657,1.985,1,0,5,0.535,0,3,-1.482,6,5,1.156,0.596,2,2,5,2,0.0,1,1,5,6,5,0.519,7,4,1,1.154,0.0,0
1,5,4,7,5,0,2.007,0,5,0,0.99,4,3,31.94,6,1,4,0.68,0.293,3,0,5,-2.156,2,2,-0.023,6,0,2.252,0.922,3,4,0,2,0.0,5,3,2,1,2,-0.552,5,4,4,0.143,0.0,0
4,3,5,1,2,0,-0.863,5,0,4,1.159,1,7,29.26,5,6,2,0.166,-0.155,3,0,3,-0.95,1,0,-1.282,3,4,-0.502,-0.371,3,4,2,5,0.0,3,3,5,0,2,0.597,0,3,4,0.089,0.0,0
2,2,2,3,3,0,2.699,3,3,5,2.597,3,6,36.05,2,0,0,2.729,-0.348,0,1,4,1.853,7,0,-0.241,0,1,-0.528,1.308,0,2,4,0,0.0,5,0,0,5,2,1.194,0,0,0,1.829,232.53,1
4,5,1,3,4,0,-2.573,5,3,1,-0.757,2,7,28.47,5,3,4,1.904,1.323,4,0,1,1.802,7,2,-2.089,7,3,0.488,2.172,0,0,0,3,0.0,3,5,0,6,3,0.014,1,5,5,0.198,0.0,0
1,4,1,3,3,1,2.355,2,2,3,0.469,0,5,32.52,3,2,3,2.005,2.656,2,0,0,6.693,2,0,4.268,6,2,1.847,0.627,1,4,0,3,0.0,3,3,0,2,7,1.157,2,5,3,1.298,187.12,1
0,6,0,7,1,0,-0.487,3,0,3,-0.208,4,5,23.15,6,6,4,1.325,-0.553,0,0,5,1.771,1,0,-3.245,6,2,-1.968,-2.717,0,5,2,4,0.0,3,3,5,7,4,-1.769,7,5,1,-1.093,0.0,0
5,4,4,3,2,0,-3.018,4,0,1,-0.657,0,1,24.85,1,4,3,-1.622,0.152,2,0,4,0.719,5,2,-2.122,6,4,-0.848,1.772,2,0,5,5,0.0,1,7,4,6,1,-0.166,6,4,5,-0.497,0.0,0
3,0,1,3,5,0,0.374,2,0,5,0.823,1,3,27.1,3,2,2,0.483,-0.231,1,0,1,-1.429,4,1,-0.267,6,1,-0.86,2.559,5,4,2,1,0.0,1,3,3,7,2,1.592,6,5,1,0.395,0.0,0
2,4,1,5,2,0,-0.187,1,1,3,-0.131,2,5,17.11,2,1,3,-1.6,-0.178,2,0,4,-1.855,1,1,-2.72,5,5,-1.119,-0.009,3,0,0,1,0.0,3,1,2,1,5,-1.117,5,5,2,-0.683,0.0,0
0,5,4,6,2,0,-0.299,2,0,1,-1.303,1,2,19.26,4,2,0,0.399,1.004,2,0,3,-4.399,4,5,-2.29,3,5,-2.612,-0.283,4,1,5,2,0.0,1,3,0,5,4,-1.607,7,0,1,-1.511,0.0,0
3,1,0,4,3,0,3.687,2,1,2,0.564,4,0,36.85,5,3,4,1.866,0.98,4,1,5,-0.985,3,3,1.522,4,1,-0.033,1.589,2,1,0,3,0.0,1,0,5,6,6,0.103,1,0,2,0.889,191.93,1
1,4,2,3,1,0,-0.537,2,0,5,-2.232,2,4,26.47,2,1,0,0.474,-0.777,3,0,5,3.414,4,4,-2.218,0,2,-0.601,0.146,5,4,2,0,0.0,2,4,2,3,5,0.363,7,5,3,-0.408,0.0,0
5,7,4,1,0,0,-1.3,0,5,1,-2.859,3,1,32.55,4,1,0,-0.546,-0.056,3,0,1,-6.073,5,2,-2.122,1,0,-0.152,-3.34,1,0,4,7,0.0,5,5,4,1,2,-1.185,3,0,4,-1.008,0.0,0
0,5,4,3,0,0,-1.216,2,2,5,0.299,0,4,31.27,2,6,3,-1.164,-0.353,4,0,3,-2.784,2,5,-1.468,0,0,-1.073,-3.289,2,1,0,3,0.0,2,7,0,7,2,0.099,2,2,2,-0.722,0.0,0
4,1,5,3,2,0,1.488,1,2,0,-0.133,4,0,32.74,4,7,4,2.791,-0.385,1,1,1,2.402,2,1,0.295,4,2,0.787,1.205,0,2,5,3,0.0,0,6,2,5,1,1.594,2,1,4,1.262,48.84,1
4,3,5,7,3,0,-0.244,1,0,4,-3.409,5,5,29.55,5,5,2,-1.271,-0.982,5,0,3,-3.406,5,3,-0.755,1,4,-0.66,-0.248,0,3,4,3,0.0,0,3,1,6,0,-1.005,0,3,5,-1.508,0.0,0
3,0,4,1,2,0,-2.75,2,3,3,-1.302,4,2,28.36,4,2,5,2.874,-0.869,0,0,0,-1.433,1,5,1.007,4,5,-1.42,0.531,0,0,4,0,0.0,0,3,2,0,0,-1.106,6,5,5,-1.183,0.0,0
3,5,4,2,5,0,-2.938,2,4,2,-3.224,3,6,37.22,4,7,1,-0.469,-1.125,4,0,4,0.637,6,1,-0.651,2,0,-1.587,-0.459,1,3,3,5,0.0,3,0,3,4,2,0.002,7,3,0,-0.172,0.0,0
0,0,4,3,3,0,0.836,0,0,3,-1.638,3,3,29.59,5,6,5,0.897,-0.835,2,0,4,-1.017,6,3,4.156,3,0,2.591,-0.617,3,2,2,2,0.0,4,6,5,1,1,0.454,7,5,4,1.385,0.0,0
5,0,3,0,5,0,0.235,3,5,1,-0.806,3,6,26.61,5,4,5,2.159,0.675,1,0,1,-0.562,2,0,-0.148,6,5,1.251,-1.469,0,4,2,6,0.0,0,0,0,4,7,-0.502,7,5,3,-0.779,0.0,0
4,1,4,2,3,0,-0.766,3,3,3,-0.694,0,7,17.61,3,6,3,-2.679,-1.219,0,0,3,-2.368,3,2,-2.55,7,3,0.359,-0.577,5,4,0,5,0.0,3,4,1,0,4,0.776,1,5,2,0.354,0.0,0
5,4,4,0,1,0,-0.635,1,4,4,-2.458,4,5,31.67,6,4,4,-0.846,-0.43,5,0,0,-0.176,0,3,-0.629,7,5,1.5,0.172,4,2,2,4,0.0,0,5,2,5,1,-2.012,7,3,2,-0.782,0.0,0
4,7,2,3,0,0,0.745,3,5,1,-0.36,2,4,24.61,0,5,2,-0.424,0.89,1,0,2,2.289,0,2,0.081,3,5,-0.268,-0.222,3,4,1,1,0.0,3,3,2,5,0,0.693,4,3,4,-0.241,0.0,0
4,5,3,6,0,0,2.263,2,3,1,-1.712,4,3,36.11,1,3,5,0.998,1.027,4,1,0,0.895,5,5,-0.047,3,0,-0.042,-0.002,5,4,0,3,0.0,4,3,3,1,6,0.375,6,3,5,0.365,101.63,1
3,3,5,2,3,0,-1.166,2,4,4,-1.692,5,1,32.17,6,2,0,0.717,-0.869,2,0,4,1.9,4,4,-0.182,6,2,-0.435,1.152,5,3,1,0,0.0,0,2,1,2,4,0.533,7,2,3,1.189,0.0,0
0,2,0,3,4,0,0.52,4,0,4,0.922,5,3,34.48,5,1,0,-1.003,-1.079,5,0,5,1.302,7,1,-1.517,7,5,-2.293,0.128,2,1,2,6,0.0,3,4,1,4,4,-0.102,1,3,5,-0.108,0.0,0
4,3,5,0,4,0,0.133,5,3,5,0.732,5,3,24.04,5,5,4,0.997,-0.156,2,0,3,1.51,0,0,-1.03,1,0,2.319,2.024,4,2,1,6,0.0,4,4,1,5,2,-0.275,1,1,0,0.671,0.0,0
0,6,4,2,5,0,-2.278,5,3,3,0.351,1,5,34.04,1,4,0,-1.469,1.553,4,0,0,-0.113,5,0,-1.838,6,0,-3.095,-1.775,3,1,1,6,0.0,5,7,4,6,7,-0.556,5,2,2,-1.323,0.0,0
3,0,4,2,1,0,1.105,5,3,4,-1.532,0,6,22.27,3,7,2,-2.534,-2.355,0,0,4,-0.751,4,3,-1.945,3,3,0.558,1.939,1,1,4,1,0.0,0,4,5,4,3,0.157,4,3,3,0.084,0.0,0
2,1,1,6,2,0,1.822,1,5,0,1.062,4,6,23.44,6,1,5,1.713,-0.518,4,0,0,-0.25,4,1,-2.023,2,3,0.961,1.553,4,1,3,5,0.0,1,3,0,2,6,-0.372,0,0,4,0.657,0.0,0
5,2,5,6,1,0,-0.634,0,0,1,1.727,2,6,24.64,4,3,0,0.746,0.205,2,0,3,-0.994,1,4,-2.336,4,2,3.055,1.17,4,5,0,2,0.0,3,5,0,5,3,-0.034,7,3,5,0.646,0.0,0
0,5,0,2,3,0,3.301,2,5,3,1.512,5,3,31.97,1,4,4,0.397,0.474,0,1,4,-1.976,4,0,1.051,7,4,1.237,-0.33,1,3,2,1,0.0,5,6,1,5,5,0.541,4,5,5,0.673,225.43,1
0,5,3,1,1,0,0.52,4,2,2,-0.849,5,5,27.8,4,5,0,-0.081,1.476,1,0,0,-1.359,4,0,-0.234,4,0,-1.451,2.295,1,3,4,6,0.0,0,1,4,2,1,-0.833,2,5,5,-0.463,0.0,0
0,7,0,7,5,0,-1.107,5,3,0,2.446,0,3,22.94,7,2,2,0.54,-1.132,1,0,1,-2.337,1,1,1.162,5,4,-0.85,1.507,4,3,3,3,0.0,1,6,1,2,2,-0.806,0,3,0,-0.107,0.0,0
4,0,5,4,3,0,-0.06,4,0,3,0.289,3,5,33.72,2,6,4,0.484,2.642,4,0,5,5.921,1,3,1.56,6,3,-1.234,0.994,1,2,1,4,0.0,1,3,4,0,1,-0.106,4,5,2,0.397,0.0,0
1,7,4,6,4,0,0.27,2,4,1,1.52,4,5,35.52,0,6,1,0.479,-0.515,1,0,0,-0.144,6,0,3.182,5,0,1.623,1.244,4,2,2,7,0.0,1,2,4,3,1,0.329,0,4,0,0.062,0.0,0
3,0,5,5,2,0,-0.943,3,4,4,-0.864,5,5,24.03,1,4,0,-1.352,1.029,5,0,5,-2.726,2,4,-3.404,6,3,0.028,0.975,5,0,1,6,0.0,4,2,3,1,0,-1.95,7,3,5,-1.422,0.0,0
0,6,3,3,3,0,1.448,5,2,5,1.243,1,5,49.16,7,3,3,0.961,-0.96,3,1,0,-0.934,4,2,-0.004,4,5,-0.732,2.417,2,2,4,0,0.0,2,4,5,5,4,1.598,4,0,5,1.156,88.32,1
5,0,5,1,5,0,0.066,2,0,3,-0.649,0,0,27.83,1,4,2,-0.521,0.016,4,0,3,1.924,1,2,2.487,2,4,-0.611,-2.832,5,3,5,0,0.0,3,2,5,3,6,-0.016,7,4,4,0.114,0.0,0
4,1,1,1,1,0,-1.555,3,3,0,-0.435,3,7,31.55,4,2,3,0.254,0.121,0,0,3,2.563,7,2,-2.835,7,3,-0.797,-0.579,5,1,3,0,0.0,3,5,0,1,0,-0.378,0,5,4,-0.811,0.0,0
4,5,0,4,5,0,2.365,2,5,3,-1.797,5,7,32.88,4,1,0,-0.813,0.529,4,0,5,0.011,7,5,-1.881,6,4,-2.63,-3.051,2,4,0,3,0.0,1,2,1,5,3,-0.927,3,4,0,-1.265,0.0,0
0,3,5,6,2,0,-1.236,5,1,3,-0.984,5,0,29.86,4,2,1,-0.06,-0.599,4,0,5,1.138,0,0,1.725,6,2,-0.945,0.033,1,0,3,7,0.0,2,4,2,4,1,0.543,4,0,4,-0.296,0.0,0
3,6,1,2,1,0,-3.866,2,4,1,-0.607,1,1,31.27,0,4,3,-4.392,-0.315,4,0,5,1.665,4,4,0.416,2,3,0.928,0.507,4,5,1,6,0.0,2,0,2,4,2,-0.949,4,0,0,-1.029,0.0,0
4,5,2,7,5,0,3.92,3,0,4,-1.415,0,0,17.42,5,0,1,1.718,-2.22,4,0,1,-0.972,6,3,-0.855,2,3,0.642,-0.029,2,5,4,7,0.0,3,0,4,3,2,-0.371,4,3,4,-1.334,0.0,0
2,7,0,2,1,0,-0.476,2,1,1,0.948,4,1,27.52,5,5,1,0.487,0.036,0,0,0,-3.179,7,1,0.174,4,4,0.794,-1.889,5,5,0,6,0.0,4,3,3,5,0,1.341,7,0,3,0.964,0.0,0
5,3,5,1,2,0,0.965,3,2,2,2.807,4,1,32.15,0,0,4,-0.349,-1.264,4,0,3,-0.398,1,5,-1.286,1,3,-0.078,0.531,4,0,0,4,0.0,2,5,2,6,6,0.24,7,5,4,-0.13,0.0,0
1,5,1,3,2,0,-0.372,0,3,0,0.967,2,3,32.65,3,5,2,1.839,0.534,4,0,5,2.23,1,5,-0.602,2,3,3.053,1.869,5,4,1,7,0.0,2,4,2,4,3,0.756,1,0,4,0.83,0.0,0
4,5,4,5,0,1,0.141,0,1,4,0.737,4,5,34.43,5,1,0,1.366,-0.488,3,0,3,-1.753,0,5,2.725,7,2,0.174,1.929,2,0,5,2,0.0,0,0,5,6,2,1.542,7,0,0,2.062,48.95,1
1,3,4,5,5,0,0.863,1,1,0,0.373,3,4,26.19,2,0,2,2.517,-0.207,4,0,4,3.262,7,0,-2.0,1,0,-0.339,-0.276,5,0,2,7,0.0,0,3,0,6,3,0.487,7,4,4,0.223,0.0,0
0,5,4,0,0,0,-0.51,4,1,0,0.163,4,1,22.23,1,4,5,-3.542,-0.472,2,0,0,-3.888,1,3,-0.933,2,3,-0.558,-0.06,5,5,0,0,0.0,1,1,1,3,2,-0.982,5,3,1,-1.445,0.0,0
2,2,3,5,3,0,2.186,3,3,5,1.885,1,2,28.09,5,2,0,3.1,1.605,4,0,2,-0.216,7,0,2.497,7,5,-0.643,-1.461,0,5,3,6,0.0,2,0,5,3,7,-0.33,6,4,0,0.209,0.0,0
0,2,4,4,0,1,2.124,3,5,4,1.415,4,1,39.5,2,1,2,0.567,0.654,5,1,1,-1.617,2,0,2.195,3,5,3.032,1.44,0,4,4,6,0.0,1,6,5,7,7,2.601,3,2,4,1.725,138.52,1
5,5,2,4,4,0,-1.317,2,0,4,-0.072,5,5,34.13,5,1,0,-2.586,0.079,3,0,5,-1.316,4,1,1.298,5,5,-1.546,-2.266,0,0,3,7,0.0,4,5,1,7,6,-1.102,7,1,3,-0.407,0.0,0
3,3,4,2,5,0,-2.794,1,2,2,-1.252,2,2,32.53,5,0,4,0.604,-0.267,3,0,0,1.938,6,1,-0.266,5,4,-1.859,-1.213,4,5,2,7,0.0,3,4,3,4,6,-0.837,2,5,1,-1.42,0.0,0
3,1,2,0,5,1,1.701,4,3,1,1.248,3,3,37.42,1,4,2,1.075,0.122,4,1,2,2.811,3,0,2.873,7,2,1.764,3.298,1,5,5,0,0.0,1,6,1,4,5,2.528,3,5,0,1.951,0.0,1
5,7,1,5,2,0,-2.141,0,4,0,0.975,5,2,20.38,3,4,3,-1.623,1.86,1,0,2,-2.764,1,4,-0.355,3,4,-0.889,-2.983,5,0,2,2,0.0,4,1,1,1,0,-2.805,7,4,4,-2.952,0.0,0
0,0,5,1,0,0,-0.897,0,3,0,-4.453,1,5,16.79,4,7,2,-0.147,-0.636,0,0,0,-2.886,7,3,-2.289,0,2,0.995,-1.539,2,0,1,5,0.0,5,1,1,6,5,-1.469,4,4,4,-1.818,0.0,0
2,5,1,2,3,0,-0.077,3,5,4,-2.287,2,1,32.24,5,1,1,-1.937,-0.427,3,0,1,-5.039,7,1,-2.156,0,4,-0.661,-1.347,0,4,1,7,0.0,4,1,4,6,2,-0.567,7,4,5,-1.352,0.0,0
1,4,4,0,3,0,1.525,3,0,3,0.727,4,4,36.57,5,3,4,1.553,-1.304,4,0,4,-0.34,5,2,-3.417,3,0,1.062,1.402,3,2,2,2,0.0,1,5,4,6,1,0.988,6,5,0,0.143,0.0,0
3,4,1,6,4,0,-0.908,4,4,3,2.554,4,0,26.6,5,6,2,-0.831,-0.673,5,0,3,2.286,6,1,-1.75,4,5,-0.507,0.001,0,0,5,5,0.0,5,3,3,5,3,1.265,7,4,2,-0.514,0.0,0
5,0,3,1,2,0,-1.071,0,0,1,2.514,5,5,35.88,1,6,0,1.509,1.456,2,0,1,-2.035,4,5,-1.194,5,1,-2.026,0.211,2,0,0,2,0.0,0,2,4,6,6,-0.399,6,1,1,-0.271,0.0,0
1,4,1,3,4,0,-4.941,1,3,5,-1.529,2,5,22.63,2,0,4,-1.153,-0.382,2,0,2,0.9,1,2,-1.049,5,3,1.9,-2.647,4,0,4,5,0.0,0,4,0,7,6,-2.457,6,5,4,-1.479,0.0,0
5,5,4,1,1,0,0.921,2,0,0,-0.251,0,5,28.91,3,7,2,-0.96,2.214,5,0,3,0.831,7,5,1.089,5,5,-0.164,-2.361,2,0,3,0,0.0,3,3,2,4,3,0.245,0,1,0,-0.046,0.0,0
2,1,2,4,4,0,1.424,2,1,4,2.578,2,2,23.86,6,3,3,2.437,-0.818,5,0,4,0.818,1,1,-0.184,6,0,0.739,0.919,1,3,1,7,0.0,1,6,4,5,5,0.932,1,1,0,0.31,0.0,0
1,0,3,1,1,0,1.43,1,0,3,0.811,2,1,23.76,3,4,0,1.051,1.392,2,0,2,2.606,6,5,-1.514,1,0,1.586,-0.602,3,5,5,0,0.0,1,2,3,3,5,0.473,4,0,5,1.306,0.0,0
1,2,1,3,4,0,-0.748,1,5,0,-1.478,2,6,22.83,5,3,4,0.844,-1.87,1,0,3,-4.474,0,3,-0.238,2,0,2.5,-0.578,1,4,5,0,0.0,2,6,3,2,1,-0.681,1,0,1,-0.337,0.0,0
4,3,2,0,3,0,2.045,2,3,0,1.477,1,7,22.33,3,7,1,-0.389,-0.253,4,0,5,-1.742,1,1,-0.558,2,2,1.113,-0.43,0,0,2,6,0.0,4,7,4,2,7,1.565,6,5,0,0.511,0.0,0
5,4,5,5,0,0,0.914,3,1,3,0.864,3,1,31.18,6,2,0,0.299,1.453,3,1,0,4.05,0,1,2.997,1,3,1.048,-1.523,1,1,5,5,0.0,0,0,2,5,2,0.849,3,4,3,0.936,221.22,1
4,4,2,2,2,0,0.331,5,2,2,-1.182,3,3,26.35,2,7,3,-1.824,-1.41,3,0,5,-3.144,4,5,0.216,6,0,-2.801,-3.076,4,0,3,3,0.0,3,1,4,3,4,-1.364,5,5,4,-1.624,0.0,0
1,3,5,1,5,1,2.291,3,5,0,3.595,3,2,29.13,1,0,1,1.67,0.104,1,1,5,2.835,4,3,2.959,7,4,5.489,3.379,0,3,5,4,0.0,0,6,0,5,5,2.816,5,3,2,2.736,0.0,1
2,3,3,7,2,0,2.182,3,5,4,0.244,2,1,40.4,6,3,5,1.666,1.082,4,1,5,-0.415,7,2,-0.489,7,2,0.814,2.185,4,3,3,6,0.0,2,6,4,3,6,0.447,7,4,1,0.514,119.43,1
0,6,2,6,3,0,-2.891,5,4,0,-0.606,0,1,27.5,3,4,1,-3.343,0.013,3,0,4,-3.286,3,5,3.944,0,4,-1.621,0.775,3,5,3,3,0.0,5,4,0,1,4,-1.208,6,1,3,-1.014,0.0,0
4,5,0,6,3,0,2.933,2,4,1,2.532,4,6,33.93,4,5,5,0.225,-0.346,4,1,2,-0.085,2,3,1.048,3,5,1.625,2.077,3,1,0,6,0.0,0,1,4,2,6,2.116,0,4,2,1.594,0.0,1
4,5,2,3,0,0,0.454,0,0,2,0.955,3,7,27.08,3,3,1,-0.245,-1.588,5,0,3,-0.091,7,5,0.375,3,1,1.69,3.531,5,5,1,2,0.0,2,3,5,5,0,-0.175,1,0,4,-0.505,0.0,0
1,2,4,6,5,1,0.002,2,2,5,-0.548,4,5,43.44,4,7,3,0.603,2.47,0,0,4,-0.839,3,4,1.824,0,0,2.25,0.695,5,3,2,5,0.0,2,6,1,7,1,1.583,4,4,2,1.171,99.95,1
4,7,2,3,4,0,-1.306,2,5,5,-1.467,0,6,27.3,4,6,0,-0.792,-0.358,3,0,5,-3.097,5,0,-2.16,7,5,-0.83,-1.418,1,2,3,2,0.0,1,2,0,6,4,-1.561,6,2,4,-1.133,0.0,0
5,2,5,0,0,0,0.071,1,2,5,-0.184,1,1,33.42,4,5,2,-0.37,-0.053,2,0,3,1.404,6,5,0.101,3,5,-1.207,-2.052,5,2,3,1,0.0,0,7,0,1,4,0.532,0,1,2,0.309,0.0,0
2,3,2,2,5,0,-2.43,4,3,1,-1.672,0,6,27.38,2,5,1,-0.543,-2.26,1,0,5,0.826,5,1,1.979,1,5,2.023,-1.735,1,3,0,3,0.0,2,6,3,4,2,-0.674,2,3,3,-0.55,0.0,0
2,5,5,1,4,0,-1.518,0,1,2,1.996,5,7,27.68,0,3,0,0.425,1.068,2,0,1,3.589,5,1,-0.747,1,1,1.246,0.76,2,1,0,3,0.0,3,2,0,2,0,-0.081,1,0,2,0.111,0.0,0
1,1,1,2,2,0,0.016,4,0,5,-0.074,5,4,34.08,5,2,1,-1.25,0.155,0,0,3,0.436,7,3,0.565,1,3,0.473,-0.973,5,1,1,0,0.0,4,5,2,2,6,0.45,5,2,3,0.19,0.0,0
0,1,5,3,1,0,-1.416,5,4,0,0.178,2,0,28.56,6,1,2,-1.245,-0.144,0,0,1,-2.766,6,2,-3.748,5,2,-1.34,0.501,1,4,4,5,0.0,2,5,1,4,0,-1.248,1,3,1,-1.016,0.0,0
0,3,0,5,4,0,1.023,4,2,2,2.836,2,6,36.02,5,7,1,-1.452,-0.007,1,0,5,2.497,3,3,-2.502,1,4,1.272,1.056,3,0,5,1,0.0,0,1,3,4,5,0.129,5,3,5,-0.514,0.0,0
2,7,4,7,2,0,0.56,1,3,0,-0.142,0,3,12.83,3,5,2,-0.761,-0.88,4,0,1,0.113,5,3,1.546,3,0,-2.005,-0.87,5,3,1,6,0.0,2,7,4,5,6,-0.605,1,4,2,-0.909,0.0,0
4,1,3,7,1,0,1.061,2,0,3,-1.627,0,6,38.51,1,1,1,-0.612,1.064,3,1,3,-0.421,7,0,-4.14,0,0,1.44,0.046,1,5,5,3,0.0,5,3,1,2,6,1.146,6,2,5,0.334,41.3,1
5,3,1,7,2,0,1.371,4,0,1,2.779,2,0,31.07,1,6,1,-1.469,0.994,2,0,5,1.405,6,3,-3.311,1,1,-0.029,-1.82,3,0,4,2,0.0,0,7,5,6,2,0.917,1,0,4,0.316,0.0,0
1,7,2,3,2,0,-0.864,3,0,0,-3.818,0,1,32.36,0,7,3,-1.297,-2.483,3,0,1,-1.038,3,4,-1.654,1,5,-2.099,-2.733,0,2,0,0,0.0,1,3,0,6,2,-0.857,5,3,2,-1.084,0.0,0
2,0,2,3,0,1,0.631,1,3,5,3.04,4,7,35.15,0,4,1,-0.785,0.821,3,0,0,-2.242,3,1,2.83,2,0,-0.93,-0.594,0,4,5,5,17.48,4,0,4,1,4,0.943,2,4,1,1.063,113.23,1
2,4,3,3,0,0,0.743,0,3,1,-1.268,2,4,16.5,5,2,2,0.447,-0.667,3,0,3,-0.221,4,0,0.87,6,0,-2.979,1.145,0,1,1,3,0.0,4,0,4,4,1,-0.624,2,3,4,-0.376,0.0,0
4,2,5,7,3,0,-2.03,1,3,1,-0.03,1,3,34.42,5,7,3,1.182,0.342,3,0,5,-0.944,6,1,-4.182,1,3,0.294,-1.581,1,2,3,5,0.0,0,5,0,4,3,-1.626,4,0,3,-0.911,0.0,0
4,3,4,3,1,0,0.472,1,2,5,-0.971,4,3,20.5,2,4,0,-1.239,0.295,1,0,3,-1.8,5,0,-0.32,2,1,1.265,-0.781,0,0,3,4,0.0,2,0,4,7,2,-0.22,7,1,4,0.28,0.0,0
2,2,5,7,1,0,2.116,1,0,1,-1.357,1,0,31.3,3,5,4,1.146,0.4,0,0,1,-3.577,3,1,1.984,1,4,0.557,1.371,0,1,0,5,0.0,3,6,4,3,1,1.621,6,5,3,1.028,0.0,0
5,0,1,5,2,0,0.169,1,2,3,0.481,1,6,36.32,6,6,1,-2.12,1.029,4,0,1,0.552,4,4,-1.858,4,4,0.135,0.683,2,3,3,3,0.0,2,0,2,7,5,0.044,4,2,3,0.212,0.0,0
3,6,5,3,1,0,1.573,5,2,0,1.553,1,1,29.38,3,6,5,0.469,0.69,5,1,4,2.107,7,4,1.663,0,2,1.482,2.954,1,4,5,6,0.0,4,7,1,3,0,1.399,5,2,2,1.357,214.76,1
5,5,0,7,0,0,-3.112,0,0,5,-0.961,0,2,32.78,4,7,1,-1.005,0.091,0,0,5,-1.065,1,4,-1.909,0,1,-1.376,0.565,0,1,1,6,0.0,5,2,3,0,1,-1.059,2,0,2,-1.319,0.0,0
0,2,3,6,2,0,-2.416,3,0,0,-2.117,5,0,36.78,7,7,3,0.552,-0.093,3,0,3,3.429,3,3,0.449,5,3,-0.039,0.695,3,1,5,7,0.0,0,3,1,5,5,-0.561,4,3,1,-0.587,0.0,0
3,2,0,3,5,0,3.04,3,1,5,-2.312,2,6,31.43,1,4,5,-1.508,0.24,2,1,4,-0.287,0,0,0.827,2,4,0.874,-2.491,3,4,3,7,0.0,4,5,5,1,5,1.153,5,3,1,0.612,151.51,1
0,1,0,7,1,0,0.491,5,2,1,0.051,1,6,24.94,1,7,2,-0.993,-0.383,3,0,5,0.446,7,2,1.496,0,5,1.291,2.434,5,5,4,2,0.0,1,1,0,4,0,-0.07,2,4,5,0.67,0.0,0
2,0,2,2,2,0,0.334,1,2,2,-1.326,1,4,32.04,1,4,3,-1.034,1.589,5,0,3,-2.919,3,3,-4.2,1,1,-2.234,-2.452,5,5,5,4,0.0,4,0,1,2,6,-1.139,6,1,1,-1.146,0.0,0
3,0,0,4,1,0,0.171,2,0,4,0.185,0,4,27.28,0,7,4,-0.594,1.957,4,0,0,-1.005,2,4,0.305,5,3,-2.409,-2.506,4,3,4,7,0.0,5,6,2,1,3,-0.561,2,5,2,-1.047,0.0,0
3,3,4,2,0,0,0.052,5,5,3,0.683,3,4,33.32,1,1,5,-2.665,0.754,5,0,4,-0.559,5,0,-0.329,0,4,-0.845,1.702,3,4,1,0,0.0,5,5,4,5,4,0.288,1,1,4,-0.187,0.0,0
5,4,4,3,3,0,2.162,4,0,4,-3.4,4,7,22.55,0,4,5,0.615,-1.502,0,0,5,-0.352,7,4,1.446,0,1,0.461,0.765,4,5,4,3,0.0,4,4,0,4,1,0.154,4,1,5,0.543,0.0,0
4,0,3,2,4,0,0.682,2,2,1,-2.937,4,2,21.86,4,7,3,-0.695,-0.491,1,0,0,-2.026,2,0,-1.993,4,0,-2.523,-2.711,1,2,4,3,0.0,5,5,2,7,6,-1.769,2,1,1,-1.397,0.0,0
0,3,4,2,4,0,-0.018,4,1,5,-0.897,1,6,25.49,3,4,2,-1.463,1.379,0,0,2,-0.599,1,5,-1.096,0,4,0.274,-1.954,4,5,5,2,0.0,3,4,3,3,4,0.25,7,3,0,-0.075,0.0,0
0,3,3,1,5,0,-1.104,1,3,1,-0.463,4,1,32.54,7,3,4,-0.319,-0.106,1,0,0,-0.652,7,1,-0.862,6,5,-0.322,-2.679,3,1,5,1,0.0,4,6,0,7,5,-1.079,3,5,2,-0.307,0.0,0
4,2,4,6,1,0,0.562,2,4,3,2.887,1,0,38.76,0,0,5,1.847,-0.004,2,0,1,-2.368,4,2,-0.885,1,0,1.746,-0.05,3,2,3,1,0.0,5,2,1,7,0,0.82,5,0,5,0.581,0.0,0
5,6,4,1,0,0,-0.029,0,5,0,-1.572,5,2,25.12,4,5,4,-1.94,1.129,3,0,0,3.043,3,0,0.474,3,5,0.134,-1.644,5,2,5,0,0.0,5,4,0,1,6,-0.671,4,2,4,-1.179,0.0,0
5,7,3,5,5,0,0.594,0,0,0,2.346,1,0,19.24,3,0,5,1.929,-0.519,1,0,1,1.815,4,2,0.413,7,2,2.846,-1.611,2,0,2,5,0.0,3,1,5,1,5,0.699,4,1,5,0.675,0.0,0
1,2,5,4,1,1,2.797,0,0,3,1.499,5,6,30.58,0,2,4,0.149,-1.395,2,1,2,1.38,4,4,2.611,7,1,2.705,0.731,3,5,4,7,0.0,5,0,1,3,2,1.371,5,2,0,1.773,80.1,1
2,3,2,3,2,0,-2.14,4,5,0,-1.466,4,1,35.93,7,3,5,-0.772,0.26,1,0,2,0.241,0,2,3.056,4,3,2.126,-1.923,0,0,0,1,0.0,0,6,3,5,7,-0.529,7,3,3,0.268,0.0,0
1,7,2,5,0,0,2.297,2,3,1,2.339,4,7,38.0,0,6,2,2.165,0.026,4,1,0,4.631,7,5,1.18,1,5,2.538,3.642,2,4,2,4,0.0,3,3,5,5,5,0.417,3,2,4,1.23,0.0,1
5,3,0,1,0,1,0.799,2,0,1,3.587,5,4,39.07,4,5,5,1.135,0.413,2,1,5,-1.205,3,1,3.8,3,5,1.079,1.35,2,0,2,1,0.0,1,2,4,0,3,1.454,7,5,5,1.04,114.51,1
1,3,4,2,0,0,1.288,4,1,2,0.881,2,5,20.57,1,0,3,1.372,-0.103,5,0,0,0.27,5,3,-0.755,4,2,1.039,-0.221,4,2,0,7,0.0,1,2,2,5,0,0.806,1,1,3,0.291,0.0,0
1,1,0,6,2,0,1.411,2,0,3,-2.93,2,3,29.45,0,3,1,1.846,0.244,0,0,4,-4.846,7,1,-3.938,5,2,-2.063,0.58,2,3,4,1,0.0,0,1,0,1,3,-1.799,2,2,3,-1.307,0.0,0
4,7,0,7,5,0,-0.884,2,0,2,0.789,5,1,33.07,7,5,3,-1.68,0.373,0,0,4,3.143,1,2,-2.964,2,2,-3.229,1.607,4,5,0,7,0.0,5,6,1,0,2,-0.524,0,0,5,-0.779,0.0,0
2,0,3,4,4,0,0.056,4,0,2,0.861,3,3,34.75,7,0,5,2.337,-0.144,3,0,2,-1.11,3,5,2.844,5,0,1.714,1.224,4,2,0,6,0.0,0,4,4,4,3,-0.021,2,4,1,0.374,0.0,0
5,4,2,0,5,0,-0.131,3,3,2,0.747,2,2,28.13,0,6,3,1.756,-0.731,5,0,3,-0.294,5,3,-0.462,6,1,-1.381,-2.756,0,1,3,3,0.0,1,0,2,5,4,-0.398,1,3,4,-0.306,0.0,0
3,5,4,3,2,0,0.556,4,1,5,0.448,4,0,26.9,3,2,0,0.342,-1.263,3,0,4,-2.125,1,0,-1.403,1,3,1.606,1.377,2,3,5,1,0.0,1,5,1,3,5,-0.733,3,2,3,0.951,0.0,0
1,2,3,0,0,0,3.05,1,3,0,-1.252,0,2,29.28,1,7,0,3.588,0.239,5,0,4,-3.36,2,5,-0.427,0,1,0.866,-0.447,2,2,2,0,0.0,3,7,3,0,5,0.906,7,3,1,0.995,0.0,0
0,3,3,5,3,0,-1.385,3,5,4,0.07,3,5,28.49,2,6,2,0.978,0.818,1,0,3,-1.084,4,0,0.345,1,3,-0.015,0.098,3,0,0,3,0.0,5,5,1,1,1,-0.58,2,4,0,-0.882,0.0,0
1,2,1,0,1,0,-1.797,3,0,5,-1.826,1,7,34.58,4,4,0,0.761,-1.335,2,0,2,-0.362,1,2,0.317,1,0,-0.662,0.717,0,0,0,4,0.0,3,6,5,0,2,-0.777,3,1,2,-0.146,0.0,0
3,1,3,0,0,0,-0.704,5,3,2,-2.832,1,6,34.73,1,0,5,4.211,-1.119,5,0,3,-0.165,1,4,0.326,3,3,1.882,-1.288,4,0,1,2,0.0,1,5,1,0,5,0.238,1,3,2,0.437,0.0,0
5,2,3,6,2,0,-1.43,2,2,0,-1.18,1,0,28.09,5,0,5,-1.383,0.385,3,0,0,2.37,3,3,0.191,4,0,-0.011,0.72,5,5,3,3,0.0,5,1,3,4,1,0.075,0,3,5,0.477,0.0,0
5,1,5,1,1,0,0.039,2,1,4,0.777,1,5,28.78,5,0,0,0.895,-0.869,3,0,0,1.504,6,1,0.18,2,0,-0.278,0.145,1,2,5,1,0.0,1,2,0,3,7,-0.397,3,1,4,-0.116,0.0,0
5,6,0,2,2,0,0.439,5,0,0,1.253,1,0,21.61,4,3,0,-0.781,-0.164,2,0,0,-1.673,4,4,-1.874,5,0,-0.64,-0.038,4,1,1,7,0.0,4,0,2,3,4,0.717,5,0,3,0.049,0.0,0
1,5,1,1,2,0,3.005,3,0,4,2.737,4,6,38.22,0,7,2,1.245,2.338,2,1,1,-0.837,7,0,1.334,1,1,-0.046,1.111,4,2,0,1,0.0,3,1,0,4,1,1.074,5,0,0,1.727,187.49,1
2,4,4,6,0,0,-0.921,2,0,0,2.77,0,5,28.97,1,6,1,-1.273,2.33,4,0,5,-0.708,3,2,0.139,1,3,-0.98,-3.5,0,2,3,2,0.0,2,2,5,1,5,-0.847,3,0,4,-0.864,0.0,0
3,5,4,6,2,0,-0.096,0,0,2,-1.259,3,5,30.6,5,5,1,0.237,-1.215,4,0,1,1.085,2,4,-2.495,5,4,-1.237,-2.382,4,3,1,1,0.0,5,7,5,3,3,-1.464,5,3,3,-1.202,0.0,0
4,3,2,4,4,0,2.504,3,0,0,-0.291,2,4,34.23,5,7,5,1.098,-0.567,2,1,4,0.344,6,5,-0.528,2,1,-0.681,0.44,0,3,0,3,0.0,3,6,0,7,6,2.27,7,1,3,1.187,28.99,1
3,0,1,7,2,0,-1.666,1,3,0,-3.837,0,0,29.88,6,0,0,-3.18,0.753,3,0,2,-3.453,0,3,-0.15,6,0,0.573,-0.528,0,3,4,7,0.0,1,5,0,1,1,-1.942,2,3,2,-1.989,0.0,0
3,7,1,2,3,0,1.291,2,3,5,0.824,1,4,40.05,1,4,0,0.798,0.372,4,0,1,0.425,3,0,-1.989,7,5,2.601,2.78,1,0,1,5,0.0,1,2,5,6,1,1.48,2,1,0,1.442,0.0,0
2,0,1,2,4,0,0.922,4,1,1,1.51,2,5,33.1,1,4,0,-0.803,1.897,1,0,5,0.744,0,3,-2.668,4,4,1.302,0.39,0,0,2,2,0.0,0,0,2,1,6,0.599,1,4,0,-0.536,0.0,0
4,4,1,4,4,0,-1.811,1,4,5,-0.973,1,6,38.16,3,7,1,-1.339,0.675,5,0,2,-1.776,1,5,-0.853,5,0,-0.113,-0.062,2,1,4,2,0.0,2,2,3,1,3,-0.235,2,0,4,-0.436,0.0,0
0,3,3,5,3,0,3.265,1,4,5,0.499,4,6,18.83,1,3,5,0.665,0.126,2,0,2,3.242,2,0,-2.487,1,3,5.362,-0.874,4,1,4,2,0.0,0,1,1,5,5,0.596,3,3,1,1.224,0.0,0
5,2,0,2,1,0,2.313,4,3,1,3.387,4,2,25.46,7,1,1,0.392,-0.298,2,0,1,1.618,4,4,0.622,3,4,-0.716,-0.483,4,3,0,7,0.0,4,5,1,0,2,0.236,7,4,4,1.021,0.0,0
2,4,0,4,1,0,-0.305,5,5,3,0.853,4,7,15.3,2,2,5,-1.547,-1.129,0,0,4,-0.932,5,2,3.513,7,5,1.943,0.233,5,4,3,7,0.0,5,6,5,7,4,0.507,6,1,0,0.121,0.0,0
3,7,4,0,0,0,-1.957,2,4,4,0.841,3,6,20.62,0,2,4,-1.183,0.691,4,0,3,0.701,5,5,2.372,1,1,0.236,0.625,5,4,0,5,0.0,5,5,4,2,3,-0.354,3,0,4,0.002,0.0,0
2,1,1,4,1,1,1.386,1,1,1,-0.443,1,7,36.46,6,1,2,2.332,0.231,3,1,3,0.451,6,2,1.204,1,5,2.419,1.075,0,2,4,5,24.59,0,1,4,5,6,1.423,0,1,0,2.112,48.53,1
1,1,5,2,0,0,-0.567,5,0,3,-1.387,2,7,33.89,4,5,3,2.069,0.242,4,0,4,-0.269,7,5,-2.304,2,4,-1.659,4.463,3,5,4,1,0.0,1,1,5,1,2,0.071,0,4,0,0.534,0.0,0
4,7,1,6,1,0,-0.752,5,2,1,1.164,1,2,34.1,0,3,4,2.211,-0.186,5,0,2,-2.312,0,5,-1.254,2,2,1.785,-1.16,4,4,5,2,0.0,4,1,0,4,7,0.082,5,5,0,0.614,0.0,0
4,2,4,6,2,0,1.11,4,1,0,0.086,5,4,36.49,1,6,1,-0.923,-0.169,4,0,3,0.666,7,0,0.047,6,1,-1.218,2.3,4,0,1,4,0.0,2,7,2,5,4,-0.006,2,4,4,-0.032,0.0,0
2,6,2,0,3,0,0.493,3,4,3,-0.591,3,5,21.31,4,0,5,0.765,-0.129,2,0,5,-1.969,2,2,1.819,2,1,0.447,3.32,0,0,4,1,0.0,2,1,3,5,0,-0.385,1,2,3,-0.338,0.0,0
5,6,3,2,5,0,-1.062,3,1,4,3.345,5,4,26.86,1,1,4,2.446,-0.215,4,0,1,-0.565,5,1,3.522,2,3,-0.535,0.213,5,4,5,4,0.0,0,4,5,7,1,0.239,1,1,4,-0.462,0.0,0
1,4,4,7,5,1,0.368,0,2,2,1.668,5,2,34.64,1,5,3,-1.344,-1.079,1,0,0,1.058,3,4,3.355,4,5,-0.818,-0.374,1,1,5,0,0.0,0,6,4,4,3,0.959,6,0,5,0.572,163.21,1
3,5,1,3,4,0,-0.242,4,2,3,-0.122,0,3,29.65,1,2,2,0.746,0.866,5,0,5,0.138,4,3,0.093,3,5,1.535,-1.062,4,4,0,3,0.0,5,5,3,7,4,-0.829,0,1,1,-0.208,0.0,0
2,4,3,6,3,0,-0.376,2,4,0,-1.532,0,5,11.71,1,1,2,-2.866,-0.189,2,0,4,-2.522,6,2,-2.108,2,3,-0.195,1.16,4,1,3,0,0.0,1,7,4,1,3,-0.151,6,1,2,-0.063,0.0,0
4,5,4,4,5,0,0.714,5,1,4,1.476,0,1,36.85,6,3,3,2.232,1.243,0,0,1,1.587,2,2,-0.62,0,0,0.147,-1.013,3,2,3,0,0.0,4,6,1,1,1,-0.294,6,3,2,0.37,0.0,0
4,5,5,7,3,0,1.085,1,1,3,0.749,4,4,30.19,3,7,0,-0.782,0.019,2,0,2,0.325,2,5,1.891,7,5,2.546,1.125,2,0,1,7,0.0,5,5,5,0,0,0.99,6,2,1,-0.036,0.0,0
1,7,0,4,3,0,-3.011,0,2,3,-1.293,2,3,25.7,2,6,0,-1.068,-0.626,3,0,1,-0.327,7,5,0.276,6,4,-1.973,-0.902,2,5,3,6,0.0,3,0,0,0,7,-0.911,2,1,3,-0.868,0.0,0
5,4,5,6,4,0,-0.768,0,5,3,-0.592,1,7,37.72,7,4,1,-2.588,-1.544,4,0,3,1.32,2,3,-1.034,0,0,-1.294,-1.185,4,2,4,6,0.0,3,6,0,1,1,0.436,5,4,2,0.221,0.0,0
1,4,4,5,5,1,0.028,4,0,0,1.781,1,5,44.76,0,4,0,0.914,-0.445,0,1,5,0.022,1,2,0.968,1,0,-0.668,-0.09,4,1,2,3,32.77,4,7,1,3,2,0.533,6,3,4,0.856,0.0,1
0,0,3,5,1,0,-0.845,0,5,4,0.032,1,2,26.77,4,6,1,-3.558,-1.554,4,0,0,-0.182,6,0,0.662,5,2,-1.612,1.28,4,5,2,1,0.0,0,4,2,0,3,0.007,4,3,4,-1.268,0.0,0
5,6,1,5,0,1,3.04,0,1,1,2.324,3,3,32.15,4,6,1,3.247,0.011,0,1,4,1.939,4,4,3.893,4,5,0.734,1.341,3,2,5,5,0.0,1,0,1,6,7,1.849,0,5,2,1.857,0.0,1
2,2,3,6,5,0,-0.359,4,2,2,-0.625,3,0,26.31,3,2,2,-1.926,1.875,4,0,0,-3.295,0,4,-1.068,3,3,0.328,0.847,4,1,1,5,0.0,0,2,1,7,4,-1.439,6,2,0,-1.348,0.0,0
2,3,4,1,0,0,-0.171,3,3,4,0.043,3,4,21.8,7,7,2,1.115,0.191,4,0,3,1.968,5,2,2.566,5,2,-0.05,-1.636,0,0,5,3,0.0,0,2,5,5,3,0.644,1,5,0,0.234,0.0,0
0,6,4,5,1,0,0.804,2,1,5,-0.78,1,6,28.9,5,1,3,2.136,1.059,4,0,2,2.545,2,3,-0.894,3,2,-0.295,-3.348,1,2,2,6,0.0,4,4,3,5,5,-0.747,1,5,0,-0.069,0.0,0
2,3,3,1,0,0,0.773,2,4,0,-1.308,0,2,28.94,7,7,5,-0.441,1.064,0,0,5,-2.605,3,1,-1.419,0,3,-1.286,0.227,1,4,1,0,0.0,2,0,0,4,5,0.225,3,3,0,-0.125,0.0,0
3,6,2,0,2,0,0.087,5,2,5,2.553,1,7,21.37,2,6,1,2.282,0.515,2,0,0,-1.491,0,0,0.536,2,5,2.805,0.983,0,5,1,5,0.0,4,0,3,2,7,0.424,5,1,4,0.059,0.0,0
4,4,1,1,0,0,0.5,5,0,2,1.224,0,6,34.77,7,6,1,1.414,1.04,3,0,4,-0.525,7,1,0.552,3,3,1.913,2.643,3,0,4,2,0.0,2,6,3,0,2,1.463,3,0,2,1.989,0.0,0
5,5,5,2,2,0,-1.429,5,3,0,3.47,5,1,14.06,1,2,3,0.511,0.53,5,0,0,0.163,4,4,-0.816,2,5,0.879,0.869,3,4,2,0,0.0,1,2,5,2,4,-1.616,4,0,4,-1.057,0.0,0
4,4,0,5,2,0,-2.22,1,3,1,-0.588,2,6,35.34,4,3,4,0.081,-0.536,2,0,1,2.765,1,5,2.658,5,0,0.585,-3.126,4,4,3,5,0.0,5,7,2,5,4,-0.08,0,1,2,-0.386,0.0,0
4,2,0,1,2,1,0.359,0,5,5,-0.891,3,6,44.68,1,7,4,1.301,0.518,2,1,1,2.908,3,3,2.609,5,5,0.373,-0.385,2,0,2,1,0.0,1,2,3,5,5,1.528,3,1,3,1.161,168.57,1
2,1,5,4,4,0,0.371,3,3,0,0.968,0,5,28.56,3,3,5,-2.927,-0.402,5,0,3,4.313,6,3,0.313,1,4,-1.343,-0.769,2,5,1,5,0.0,4,0,1,7,6,-0.516,5,1,1,-0.057,0.0,0
5,7,2,3,3,0,-0.988,3,4,2,-1.142,5,1,31.98,7,7,2,0.933,-0.103,3,1,3,-1.124,6,1,-0.825,4,4,0.779,2.656,4,5,4,2,0.0,0,4,3,1,3,1.046,0,5,3,0.754,138.72,1
4,6,5,0,0,0,-5.553,2,1,3,-0.766,5,0,24.38,3,5,5,-3.815,-0.841,3,0,5,-4.563,3,1,-2.624,1,2,-4.076,-2.031,3,2,0,3,0.0,4,7,1,5,7,-3.313,5,3,4,-3.035,0.0,0
5,2,0,3,0,0,-2.777,5,0,4,2.654,5,2,27.92,0,1,1,-2.256,0.559,1,0,5,-2.549,5,0,1.779,1,5,-1.67,-1.701,1,2,4,5,0.0,1,4,3,3,3,0.095,6,1,0,-0.524,0.0,0
1,5,3,0,0,0,2.788,3,2,1,0.295,4,2,20.55,4,4,1,0.991,0.901,5,0,4,1.824,7,4,-0.106,2,4,-0.545,-0.811,3,4,3,4,0.0,0,7,3,1,3,0.282,4,1,1,0.781,0.0,0
2,0,1,1,4,0,-2.522,3,5,4,-1.691,2,7,28.56,0,1,3,1.013,0.176,5,0,3,0.101,3,2,-2.07,5,0,0.563,0.039,1,2,1,0,0.0,3,5,1,5,3,-1.321,1,4,1,-1.419,0.0,0
0,6,1,7,2,0,-0.811,1,2,1,0.559,0,2,28.44,0,3,5,-2.142,-1.137,2,0,5,0.181,5,3,-2.991,6,4,-1.988,0.584,4,5,0,1,0.0,5,1,2,7,2,-0.774,5,3,0,-0.487,0.0,0
3,7,4,1,2,0,-0.648,2,5,2,-1.733,3,6,27.69,5,0,5,-0.881,-0.631,3,0,1,-1.406,7,0,-2.223,0,5,3.214,0.566,4,2,4,2,0.0,2,2,2,0,2,0.026,6,1,4,0.602,0.0,0
3,6,4,0,2,0,1.439,4,0,4,0.071,4,0,31.5,4,3,1,2.497,0.556,4,1,5,3.704,2,4,1.308,3,2,-0.246,0.74,5,2,2,1,0.0,0,1,5,3,4,1.188,0,0,5,1.37,204.62,1
3,2,3,1,1,0,-1.337,0,0,1,-2.761,2,6,23.42,5,7,1,-2.601,0.98,5,0,2,-0.989,7,3,-2.632,2,0,-0.648,-2.382,1,0,5,1,0.0,1,0,5,4,4,-0.885,2,5,0,-1.337,0.0,0
4,0,2,1,4,0,1.683,2,2,1,0.967,4,3,27.64,6,6,1,-1.781,0.938,4,0,5,0.532,1,4,-0.087,6,1,2.267,2.465,2,1,2,6,0.0,4,5,2,0,0,0.451,7,0,4,1.158,0.0,0
2,3,5,1,5,0,4.11,2,3,3,2.448,1,1,33.91,4,6,4,2.018,-1.465,1,0,1,2.935,0,4,1.118,3,1,3.642,-0.784,1,2,4,1,0.0,3,3,4,2,0,0.421,3,4,1,1.495,0.0,0
2,5,0,4,1,1,2.502,3,2,1,0.584,5,3,42.77,1,6,4,1.01,-0.098,0,0,3,-1.79,5,5,-0.47,5,4,3.615,1.563,3,4,4,0,0.0,5,2,2,0,1,1.541,0,3,1,1.615,68.86,1
1,1,2,3,1,0,0.299,3,3,0,-0.289,0,1,26.66,3,4,0,0.155,0.244,5,0,5,0.367,2,0,2.074,2,0,0.275,0.719,1,5,2,3,0.0,1,2,0,3,3,0.588,1,1,1,0.011,0.0,0
1,0,5,4,1,0,1.725,3,5,3,3.252,0,0,21.0,6,2,1,1.077,0.201,2,0,1,-2.455,1,1,-0.729,3,2,-0.941,3.235,3,3,0,1,0.0,0,6,2,1,2,-0.126,2,3,5,0.402,0.0,0
0,5,4,6,2,0,0.184,2,2,3,2.744,2,1,33.16,1,1,2,2.52,0.455,0,0,2,-0.266,6,5,-1.232,5,5,-1.524,-1.801,4,4,4,5,0.0,0,4,4,0,2,-1.114,3,5,1,0.352,0.0,0
5,3,3,6,5,0,0.428,2,5,2,4.069,1,6,34.19,2,1,2,1.735,-1.896,2,1,3,0.848,1,5,-1.076,2,2,1.819,0.232,5,2,2,3,0.0,0,2,3,3,4,1.018,3,2,2,0.763,102.65,1
1,5,4,1,3,1,1.28,1,4,2,5.506,4,3,38.96,7,0,4,1.291,-0.291,4,0,3,1.101,6,1,4.191,3,4,4.465,1.12,2,4,3,0,0.0,1,1,0,0,7,2.345,2,0,2,1.692,47.88,1
1,0,5,6,2,0,2.544,1,1,5,-0.481,2,0,39.44,3,2,4,-1.533,-0.794,5,0,3,2.457,7,1,-0.782,7,5,0.12,0.799,1,5,1,4,0.0,0,7,0,2,6,-0.101,2,1,4,-0.039,0.0,0
4,5,4,6,4,1,1.387,3,0,4,-0.98,4,5,35.48,3,7,3,1.723,0.839,0,0,5,-0.314,1,2,0.014,5,1,2.253,0.87,2,0,0,4,0.0,3,2,3,3,1,0.44,3,3,3,0.528,209.32,1
4,7,3,4,1,0,-7.126,0,1,5,-1.52,5,1,25.63,7,5,0,-2.683,1.143,1,0,2,1.948,4,5,-6.153,1,5,-2.442,-6.528,2,0,0,4,0.0,5,3,4,1,0,-1.973,3,0,0,-2.244,0.0,0
1,3,4,4,0,0,-0.326,1,0,2,-0.9,3,4,24.48,5,1,2,-2.23,1.4,2,0,2,-3.163,0,2,0.549,3,4,0.426,1.23,5,5,4,1,0.0,4,7,4,6,7,0.158,6,1,5,-0.295,0.0,0
4,0,2,1,0,0,0.68,3,4,0,0.661,5,6,24.93,7,3,2,-0.642,0.025,3,0,1,-0.123,5,5,0.512,4,2,0.887,3.649,1,4,3,0,0.0,3,3,4,2,1,-0.587,4,4,4,0.278,0.0,0
3,4,1,4,1,0,1.611,1,4,2,1.612,1,0,23.48,0,5,5,1.07,0.862,2,0,5,-4.228,0,2,-0.518,7,5,-1.876,0.893,0,4,4,4,0.0,2,7,2,7,0,0.261,2,2,5,0.384,0.0,0
0,7,2,4,5,0,1.439,5,2,0,0.383,3,1,32.04,7,0,4,-0.323,-0.831,3,0,5,0.886,4,2,-0.831,1,4,1.52,-0.464,4,3,2,0,0.0,1,2,2,7,0,0.132,1,5,0,0.108,0.0,0
4,2,4,0,5,0,1.389,4,4,2,1.524,5,5,21.98,5,3,0,1.752,-0.532,2,0,0,0.515,6,2,1.035,0,3,0.356,1.678,5,3,2,1,0.0,2,0,1,1,5,0.908,5,4,4,0.25,0.0,0
3,3,0,3,2,0,3.085,2,0,1,1.044,0,0,29.62,1,0,0,0.58,-0.048,2,0,5,2.736,4,4,-0.068,1,3,1.217,-1.371,3,3,4,3,0.0,2,6,3,5,3,-1.065,6,5,0,0.122,0.0,0
2,6,4,4,0,0,-2.858,0,2,5,3.045,3,0,29.63,1,3,4,1.533,-0.666,5,0,3,2.77,3,4,3.306,1,5,-0.232,-0.532,5,3,5,6,0.0,5,1,0,5,0,1.333,6,4,5,0.97,0.0,0
4,6,2,4,1,0,-3.064,3,0,3,-1.154,1,5,23.97,7,5,1,-0.809,-1.609,0,0,4,1.567,5,2,-0.081,3,4,0.368,1.466,2,1,3,0,0.0,3,6,0,6,1,0.965,6,5,5,0.254,0.0,0
4,3,3,0,1,0,2.997,5,5,0,2.978,2,5,25.18,2,7,0,-2.126,1.512,1,0,3,0.822,0,4,2.465,4,2,-0.289,0.445,5,2,2,7,0.0,3,3,1,2,0,-0.457,7,4,5,-0.019,0.0,0
3,1,0,5,1,0,-0.111,4,0,5,-1.426,3,2,24.7,7,0,3,-4.402,-0.642,4,0,1,-1.834,5,5,-2.078,0,0,-2.141,-4.661,0,4,5,3,0.0,5,5,5,5,2,-1.933,6,4,1,-2.516,0.0,0
0,6,0,5,1,0,-2.12,1,1,2,3.464,0,0,16.5,1,5,0,0.851,-1.602,2,0,3,-1.967,0,3,0.5,5,0,-1.401,-1.023,3,0,4,2,0.0,3,6,2,1,7,-0.173,3,5,0,-0.315,0.0,0
5,4,4,1,5,0,1.511,4,2,4,0.174,5,0,33.32,2,2,1,0.456,-0.63,2,0,5,-2.085,5,4,-1.404,2,5,-1.117,-1.31,2,5,5,1,0.0,4,6,0,4,7,-0.155,7,3,3,-0.947,0.0,0
4,5,2,1,2,0,0.371,4,2,4,3.274,0,5,17.77,3,0,0,-0.695,-1.332,3,0,0,-0.614,5,5,4.054,6,2,0.21,2.69,0,3,2,5,0.0,0,6,4,1,7,-0.834,0,5,3,-0.626,0.0,0
2,5,0,4,5,0,-1.922,0,4,2,-1.835,1,5,23.5,6,6,2,2.673,-0.474,1,0,5,-0.704,2,3,2.873,7,5,0.115,1.568,3,0,4,0,0.0,0,5,2,4,2,1.373,6,2,0,0.581,0.0,0
5,5,1,4,1,0,2.162,4,4,3,2.258,4,0,41.1,3,4,0,-2.392,1.129,0,0,0,2.286,4,3,2.571,7,1,0.645,-0.632,5,3,2,4,0.0,1,6,4,2,4,1.467,5,2,1,1.087,0.0,0
4,1,3,7,0,0,-0.754,1,4,2,1.425,1,7,28.18,4,0,2,-1.816,0.435,0,0,4,-0.078,6,5,1.679,5,0,0.825,3.009,1,4,5,7,0.0,1,0,5,4,1,0.69,4,1,1,0.172,0.0,0
1,5,2,7,3,0,-1.51,0,0,2,0.978,3,5,42.01,1,4,2,-0.29,0.853,4,1,1,1.022,4,5,0.556,7,0,0.626,1.029,3,3,5,0,0.0,0,3,5,0,4,0.228,4,4,5,0.344,190.03,1
3,6,5,0,1,0,2.783,1,0,1,-1.28,5,0,36.0,7,0,3,1.168,-0.859,2,0,1,-3.265,5,3,-0.809,4,5,-0.598,-0.992,4,5,1,2,0.0,4,6,0,1,4,-1.448,0,4,2,-0.834,0.0,0
4,0,3,7,2,0,0.357,4,3,5,0.345,0,2,31.69,5,4,0,1.278,1.073,5,0,0,4.462,3,2,-1.649,7,5,0.309,-0.49,5,1,5,2,0.0,1,7,3,0,1,0.967,1,0,2,0.463,0.0,0
1,3,2,2,0,0,-1.9,2,3,4,0.554,3,2,27.97,5,5,5,0.856,-0.102,4,0,4,-0.293,4,2,-1.339,0,2,-1.066,-2.87,5,4,3,2,0.0,1,6,1,0,3,0.247,0,2,2,0.606,0.0,0
3,2,0,6,5,0,0.096,2,5,1,1.636,1,3,23.34,5,7,3,-0.212,-0.114,3,0,3,-1.312,4,2,-0.008,4,0,1.568,1.388,2,3,4,6,0.0,5,7,2,3,2,0.787,3,5,3,0.797,0.0,0
2,3,2,6,4,0,-0.137,1,5,0,0.922,0,4,26.0,0,3,1,-2.936,-1.312,1,0,5,1.917,0,1,0.613,6,1,-0.316,-0.227,4,3,4,3,0.0,3,0,0,6,1,-1.961,6,2,3,-1.76,0.0,0
5,0,4,0,5,1,1.867,4,0,4,1.202,2,2,37.06,1,3,1,1.151,0.825,1,1,2,-0.88,0,3,-0.772,7,0,5.811,0.459,4,3,3,7,0.0,5,7,2,2,3,1.838,6,5,0,1.518,159.15,1
4,5,5,1,5,0,-0.824,3,4,3,-0.148,1,7,25.76,1,7,1,-2.928,0.566,0,0,1,5.434,6,1,-1.98,2,3,-0.668,-1.18,5,0,1,0,0.0,3,2,2,7,2,0.093,5,1,2,-0.479,0.0,0
5,4,2,3,0,0,0.771,4,3,5,-0.322,3,7,23.88,6,5,5,0.666,0.688,2,0,2,-1.496,5,5,-1.82,4,0,0.427,0.154,2,2,1,7,0.0,2,7,1,7,4,1.414,4,5,3,0.39,0.0,0
3,0,3,3,0,0,0.079,3,3,4,-0.022,2,2,17.33,7,3,0,2.972,-1.297,4,0,0,-1.733,7,1,-0.62,0,4,-2.115,-0.867,1,3,1,1,0.0,1,4,2,0,7,0.002,0,3,3,0.361,0.0,0
4,1,0,0,4,0,2.41,1,1,4,-0.07,4,4,27.72,5,0,1,-0.061,-0.654,1,0,2,-2.606,6,5,1.046,4,1,-1.482,-2.193,4,4,3,2,0.0,4,4,2,2,7,-0.897,0,3,5,-0.651,0.0,0
0,2,3,1,0,0,2.364,4,1,3,3.889,5,7,28.12,5,7,4,1.448,1.56,5,0,2,-1.724,2,0,1.295,1,3,-0.069,0.002,4,4,3,1,0.0,1,0,0,0,1,0.747,3,0,4,0.543,0.0,0
4,0,1,2,1,0,0.47,2,2,4,0.535,3,5,28.37,6,3,4,-2.674,-0.288,2,0,3,0.5,1,3,-0.531,1,2,2.102,-1.645,3,3,3,5,0.0,1,0,0,2,3,-0.356,2,1,5,-0.519,0.0,0
4,7,0,4,0,0,-0.603,4,2,0,1.523,1,2,34.38,7,6,0,1.529,1.089,2,1,5,-0.384,5,5,4.759,1,2,2.006,1.632,0,1,5,4,0.0,4,5,5,4,1,1.68,0,0,5,1.632,229.72,1
3,0,3,6,5,0,0.142,5,4,5,0.468,5,3,20.47,3,6,1,0.055,-0.311,4,0,0,-1.43,0,5,1.548,2,0,2.385,0.839,1,5,3,0,0.0,3,5,3,6,5,0.641,7,1,3,0.28,0.0,0
5,7,0,7,4,0,-3.138,1,3,5,-0.316,2,1,26.36,3,0,3,-0.096,-0.013,4,0,2,-0.436,4,5,-3.462,7,2,-0.946,-0.555,2,1,4,3,0.0,0,4,5,4,5,-1.597,6,4,0,-1.892,0.0,0
0,6,1,2,3,0,-2.492,4,3,3,0.117,4,4,32.5,1,1,3,-1.138,2.809,1,0,3,-0.056,3,3,-0.775,2,3,-0.549,0.083,4,5,0,2,0.0,2,6,5,3,3,-0.668,6,4,5,-0.02,0.0,0
3,1,1,2,5,0,0.616,5,3,3,-0.494,5,7,31.82,4,5,0,2.904,-0.833,3,0,2,-1.904,1,0,-1.44,6,3,-0.63,-0.565,4,5,0,7,0.0,5,7,2,2,2,-0.227,7,1,1,-0.185,0.0,0
0,2,5,1,3,0,-2.959,3,2,0,-0.562,1,2,20.02,7,5,2,0.161,-0.043,5,0,5,-0.895,0,2,-0.074,7,2,1.434,-0.298,0,2,1,1,0.0,4,6,1,1,7,-1.403,2,1,0,-0.237,0.0,0
0,5,2,2,0,0,-0.931,1,4,3,-0.276,1,1,28.17,2,4,2,1.67,-0.178,4,0,2,0.248,4,5,0.66,4,0,-0.178,2.598,5,5,1,2,0.0,3,2,5,3,7,0.241,5,1,4,0.156,0.0,0
1,5,1,3,3,0,0.439,2,4,4,2.089,5,7,31.0,6,1,4,1.006,-1.566,0,0,2,4.787,5,4,-1.409,3,5,0.153,-1.482,5,5,4,2,0.0,0,6,2,4,7,0.591,0,5,1,0.726,0.0,0
0,0,3,4,0,0,-0.705,1,4,5,1.147,4,6,22.91,2,7,2,2.616,0.197,5,0,5,-5.531,0,4,-1.294,1,3,0.675,0.376,3,1,0,3,0.0,0,2,1,4,2,-0.182,2,2,4,-0.099,0.0,0
3,6,2,5,4,0,0.031,0,1,2,0.12,4,0,29.35,5,3,5,1.074,-0.704,3,0,0,-1.352,2,5,-0.999,5,3,-2.541,-1.553,0,5,2,4,0.0,3,2,5,6,6,-0.722,3,1,2,-0.769,0.0,0
2,0,0,2,3,0,-2.018,3,3,1,-0.219,4,5,39.77,6,6,2,-2.318,1.532,1,0,2,1.201,3,0,-0.669,5,0,-1.119,0.367,4,1,2,1,0.0,3,5,5,7,1,-1.137,7,0,2,-0.809,0.0,0
1,6,2,1,2,0,-0.873,2,5,1,-2.065,1,2,37.01,4,0,1,0.248,0.73,4,0,0,1.619,6,1,0.673,1,4,-1.908,-1.057,0,4,2,7,0.0,4,3,1,7,7,-2.137,5,0,0,-1.433,0.0,0
5,5,4,6,0,0,-1.836,2,5,2,0.492,4,7,21.81,6,4,0,-0.266,-0.484,2,0,4,-4.355,1,5,3.68,7,1,0.167,0.207,3,3,2,6,0.0,4,6,4,3,7,-0.356,5,3,0,-0.248,0.0,0
1,1,1,0,4,0,-1.467,5,0,4,2.278,4,4,35.73,6,0,1,-0.845,0.226,3,0,4,-1.87,2,0,-1.092,4,4,-0.841,1.277,0,5,2,0,0.0,4,2,1,2,3,1.116,0,0,0,0.653,0.0,0
1,5,2,6,2,0,0.342,1,5,5,-1.007,5,7,29.89,4,1,3,0.496,-0.25,4,0,4,-2.75,1,0,-0.068,6,2,0.354,1.873,4,5,5,4,0.0,5,7,0,3,1,-0.103,7,5,0,0.145,0.0,0
5,4,1,0,3,0,-0.833,2,2,4,-1.666,3,4,18.46,2,2,1,1.714,0.741,5,0,0,-1.39,7,1,0.251,5,0,-4.623,-1.582,2,0,5,5,0.0,1,7,2,0,2,-0.803,7,2,3,-0.771,0.0,0
3,4,3,5,2,0,1.676,1,2,1,2.583,4,4,47.8,5,2,1,-1.071,2.77,2,1,4,-2.636,3,4,1.137,4,4,0.414,3.782,5,4,1,3,0.0,2,0,0,7,3,1.506,5,5,4,0.986,41.47,1
3,4,3,2,2,0,-1.18,4,0,2,2.664,2,6,20.37,1,4,0,-0.499,-0.402,2,0,0,-2.269,6,0,1.105,5,0,1.134,-0.26,4,0,4,4,0.0,2,3,2,1,6,0.196,3,5,3,0.157,0.0,0
0,6,5,1,1,0,-1.351,3,1,2,0.426,4,4,30.94,0,7,4,-1.601,-0.13,0,0,2,-0.144,1,1,2.028,1,3,3.051,-0.963,0,0,0,5,0.0,1,4,0,6,4,1.725,1,3,5,0.684,0.0,0
0,4,4,2,2,0,-1.375,3,0,4,-0.246,2,4,32.76,1,7,0,0.529,-1.99,0,0,0,0.085,6,0,0.083,3,2,-1.197,-1.764,3,1,3,2,0.0,1,3,1,0,7,0.167,2,5,3,-0.456,0.0,0
5,7,3,1,0,0,2.144,3,0,1,-1.988,1,1,31.55,0,0,0,1.841,-0.522,2,0,4,-2.209,1,5,-0.967,3,0,2.975,-2.015,3,1,0,0,0.0,5,2,5,3,3,-0.459,4,2,5,-0.296,0.0,0
0,7,3,3,0,0,-0.6,5,3,1,-0.749,3,0,19.39,3,4,3,-2.676,-0.164,4,0,4,-2.741,4,3,-4.23,1,4,-3.79,-0.34,4,4,5,0,0.0,1,4,4,5,7,-1.411,3,2,3,-1.725,0.0,0
1,2,1,4,1,0,-1.421,0,2,0,-0.306,0,0,32.56,4,5,0,1.205,-2.06,2,0,3,-0.258,5,2,2.418,7,0,0.54,-1.19,1,1,3,1,0.0,4,3,5,3,0,-0.156,5,1,5,-0.436,0.0,0
5,4,2,7,1,0,0.976,4,0,2,-0.31,4,3,28.42,6,4,4,-0.455,-1.047,3,0,3,-4.114,3,3,2.366,4,5,-1.167,0.71,3,5,1,3,0.0,0,0,0,0,3,0.569,7,3,3,-0.963,0.0,0
5,3,4,7,4,0,-1.11,1,3,1,-1.006,0,6,26.23,3,7,5,0.053,-0.359,5,0,2,-2.713,1,2,1.747,6,4,-0.569,1.086,0,5,4,2,0.0,3,2,1,2,1,0.243,0,5,1,0.738,0.0,0
4,6,2,6,2,1,0.185,4,2,0,2.283,2,1,42.48,5,3,5,-0.065,-0.064,0,0,5,2.797,3,0,0.893,1,5,0.697,-0.497,0,2,0,1,0.0,3,4,5,7,4,0.576,7,3,0,0.461,62.56,1
1,7,1,7,0,1,1.331,1,5,5,2.276,0,3,29.06,3,2,5,0.387,0.097,1,0,4,-0.989,4,2,-0.863,4,5,1.391,-0.649,3,0,5,0,0.0,2,1,0,3,7,-0.234,5,2,2,0.027,229.34,1
5,6,2,0,1,0,0.469,4,0,0,-2.721,4,5,24.67,7,6,2,-0.824,1.426,2,0,2,0.811,3,2,-1.512,4,3,0.948,2.891,1,4,1,7,0.0,4,1,0,6,1,0.268,0,3,3,-0.018,0.0,0
3,0,4,0,3,0,-1.549,2,0,2,-0.351,5,7,36.85,4,0,2,-1.308,0.08,3,0,0,3.669,2,4,0.305,6,5,-0.4,0.631,0,0,0,1,0.0,3,6,4,0,2,-0.423,2,0,4,-0.446,0.0,0
3,6,3,4,5,0,0.222,1,5,2,1.364,4,0,27.95,5,7,0,-1.136,-0.593,0,0,1,1.208,6,2,-0.733,0,4,-0.706,-0.041,5,4,4,4,0.0,1,5,1,0,0,-0.128,5,4,4,0.111,0.0,0
1,4,5,1,2,0,-1.231,0,3,5,-0.467,2,6,30.26,1,7,4,-0.251,-0.414,3,0,2,1.491,1,3,0.637,5,5,-2.753,0.221,3,0,4,2,0.0,5,1,1,0,7,-0.428,5,4,2,-0.741,0.0,0
4,2,3,2,5,0,-0.62,2,1,0,1.939,3,6,44.27,5,3,4,1.76,0.801,3,0,5,2.442,7,3,1.2,7,1,-0.258,-0.997,2,2,0,0,0.0,2,0,5,2,2,0.348,7,4,1,-0.134,0.0,0
4,5,0,7,2,0,-0.659,0,5,4,0.105,0,5,21.65,6,7,2,1.563,-0.77,3,0,3,-1.968,1,5,2.782,0,1,1.825,0.959,5,0,4,1,0.0,0,4,5,4,1,1.221,4,5,3,1.427,0.0,0
1,7,2,6,3,0,-0.665,2,0,3,1.395,2,4,32.57,6,3,1,2.284,1.249,3,0,1,3.532,6,0,2.757,6,5,0.566,2.908,3,3,1,3,0.0,4,7,0,5,2,-0.287,0,1,2,-0.022,0.0,0
2,1,1,4,1,1,-0.048,0,2,0,2.519,1,1,36.49,1,6,3,0.447,0.89,4,1,5,1.567,3,0,2.218,1,1,0.233,0.082,2,5,2,0,0.0,2,4,5,1,3,1.572,0,1,2,1.305,92.15,1
5,2,5,3,1,0,-1.415,2,5,3,0.416,1,0,28.63,4,5,2,0.426,-0.279,3,0,5,-1.877,4,1,-1.017,6,0,-1.151,-2.502,0,3,0,7,0.0,4,0,2,0,6,0.551,2,3,2,0.217,0.0,0
1,6,0,5,1,0,0.91,2,4,1,1.909,4,0,32.39,7,1,2,2.27,-2.181,1,1,0,-1.173,4,0,-0.088,6,5,0.087,1.981,1,2,4,5,0.0,0,7,2,7,3,1.778,5,4,2,0.595,0.0,1
1,3,1,1,4,0,-0.011,4,3,3,-2.414,1,4,24.98,7,2,3,0.27,-1.071,0,0,0,-2.322,7,2,-0.522,5,2,0.733,-1.843,2,5,5,0,0.0,1,0,0,5,4,-0.289,2,5,5,0.016,0.0,0
1,1,0,3,0,0,-2.426,3,3,1,-2.859,2,1,28.27,3,6,4,-0.919,-1.309,1,0,4,0.131,0,2,-2.822,5,4,-1.881,-2.163,5,3,0,5,0.0,5,7,1,0,6,-3.232,6,2,0,-1.743,0.0,0
1,5,2,0,4,0,0.573,2,3,0,2.528,5,2,32.9,1,6,2,-0.084,-0.011,4,0,2,-1.94,4,1,2.557,6,3,0.106,0.614,4,4,5,6,0.0,2,7,0,5,5,0.656,4,3,0,0.987,0.0,0
1,1,4,5,0,0,-0.495,2,5,4,-1.048,4,4,23.33,2,7,1,-0.348,0.024,1,0,2,-0.597,0,5,-3.855,6,2,-0.183,1.692,4,0,0,5,0.0,4,0,2,6,1,1.323,0,1,0,0.3,0.0,0
3,1,1,0,4,0,1.471,3,4,3,-1.091,5,4,27.12,0,4,4,-1.901,0.545,4,0,5,1.264,1,3,2.473,2,3,-1.906,-0.615,2,5,5,4,0.0,5,2,3,2,2,0.376,5,1,4,-0.003,0.0,0
4,5,1,4,0,0,-0.74,3,3,4,-0.646,2,5,31.6,3,7,5,0.246,-1.51,5,0,4,-1.859,7,1,-1.294,6,2,-1.784,-0.659,1,4,4,4,0.0,5,3,5,1,0,-0.382,3,0,3,-0.626,0.0,0
4,4,1,1,3,0,1.354,5,1,0,-1.189,0,5,42.88,3,3,0,3.58,1.602,4,1,4,-0.87,0,4,2.012,0,5,2.343,1.798,1,3,1,4,0.0,2,7,3,0,5,1.658,6,2,0,1.807,204.22,1
4,4,0,7,0,0,-1.197,3,0,2,-1.75,2,1,17.17,1,5,3,-0.115,-1.074,1,0,5,-3.038,6,0,2.06,5,3,-1.547,1.042,2,3,0,7,0.0,0,1,4,1,0,-1.868,1,5,0,-1.012,0.0,0
4,7,3,3,5,0,2.136,3,4,5,-1.375,5,5,31.65,5,4,4,1.451,1.12,2,0,1,1.614,1,4,-2.286,3,4,0.17,0.325,0,4,1,5,0.0,2,6,0,7,3,-0.542,3,0,4,-0.603,0.0,0
0,1,0,4,0,0,-1.308,2,2,2,1.874,4,7,34.32,2,4,5,-0.136,-0.48,4,0,4,-0.858,3,3,-2.626,4,0,-1.796,-2.988,0,0,2,2,0.0,1,4,3,7,1,-1.469,2,2,5,-0.579,0.0,0
1,5,0,1,0,1,0.858,0,0,3,2.711,1,7,29.21,4,6,3,1.883,-1.504,1,1,1,1.351,1,2,2.603,3,2,1.644,2.039,0,2,0,5,0.0,4,6,0,2,5,1.916,2,0,3,0.953,90.55,1
3,2,1,1,2,0,0.709,0,1,2,2.424,3,1,29.51,5,6,1,-0.138,0.535,3,0,2,2.32,3,2,2.953,5,4,1.272,-1.396,3,0,1,4,0.0,2,7,4,6,7,1.302,3,4,5,0.69,0.0,0
2,2,2,5,1,0,-2.324,3,2,1,1.2,0,0,30.57,6,2,4,-0.563,1.836,2,0,4,1.702,1,5,0.136,5,0,-0.139,3.318,4,5,0,4,0.0,3,6,3,3,6,-1.22,7,4,2,-1.263,0.0,0
2,2,5,7,1,0,-1.206,1,0,4,-2.363,3,1,30.4,0,7,5,-1.096,1.571,4,0,4,0.472,5,1,-0.002,4,3,-2.568,-1.444,0,2,2,1,0.0,5,2,1,7,1,-1.379,1,4,1,-0.661,0.0,0
4,6,0,3,5,0,-1.988,0,0,0,-1.807,2,4,32.92,2,7,3,-1.554,-1.217,2,0,5,-3.312,7,1,-0.58,0,1,-1.055,-1.312,3,2,4,6,0.0,5,3,1,1,4,-1.085,5,3,5,-1.326,0.0,0
2,3,1,2,4,0,-1.512,0,4,3,-1.053,3,7,36.6,0,2,2,-0.101,-0.099,3,0,0,-0.613,2,3,-3.026,2,1,2.592,0.433,3,4,3,4,0.0,5,7,5,4,2,-0.681,0,3,4,-0.814,0.0,0
2,7,2,2,2,0,-0.113,2,5,0,-0.679,0,7,28.77,2,5,2,-6.045,-0.872,1,0,0,0.001,7,5,-0.146,0,1,2.269,-0.87,5,2,2,5,0.0,3,2,3,6,0,-0.805,6,1,4,-0.879,0.0,0
3,5,1,6,4,0,-1.886,3,4,4,3.787,3,1,22.02,6,1,0,2.605,-1.227,5,0,3,2.86,6,5,-0.492,2,5,1.797,-0.674,3,3,0,2,0.0,0,4,0,6,3,0.614,4,4,5,0.548,0.0,0
1,0,0,6,3,0,1.689,2,2,3,0.151,0,3,34.26,4,5,2,2.607,-0.362,4,1,2,5.579,1,3,3.522,3,5,0.664,1.565,1,3,1,3,0.0,3,2,1,7,7,1.31,7,4,1,1.409,0.0,1
1,6,2,0,5,0,-1.783,0,2,1,-3.359,1,1,29.1,0,6,5,-0.352,-2.059,0,0,1,0.252,0,0,-3.055,7,0,-2.439,-1.283,5,0,1,1,0.0,2,0,4,4,0,-0.798,2,4,4,-0.351,0.0,0
4,1,1,4,5,0,-1.958,5,2,5,-2.046,4,5,32.26,5,6,1,-1.49,-1.035,3,0,3,-2.347,2,3,-1.679,2,3,-2.045,-2.564,5,1,0,5,0.0,3,4,4,5,0,-2.281,2,0,5,-2.342,0.0,0
0,6,1,7,3,0,-0.783,4,1,1,0.214,0,0,28.36,0,4,5,-0.283,0.203,0,0,5,0.037,7,2,-1.014,0,5,-2.213,0.204,5,1,0,1,0.0,5,7,0,0,2,-0.115,5,3,1,-0.2,0.0,0
2,0,4,4,2,0,-2.908,5,5,5,-2.099,4,0,23.19,5,7,1,-0.663,-0.056,1,0,3,0.505,7,3,-1.553,5,0,0.94,2.026,3,2,3,3,0.0,3,3,1,7,2,-0.699,4,4,5,-0.902,0.0,0
1,3,4,6,2,0,2.361,2,3,4,0.039,2,1,25.69,7,5,2,-1.276,0.592,4,0,5,-0.258,1,0,0.267,6,4,-0.552,1.525,1,5,1,3,0.0,2,3,2,1,6,-0.39,4,0,1,-0.477,0.0,0
3,2,0,1,4,0,-1.438,2,5,3,-0.209,0,1,38.8,4,2,5,0.399,1.14,3,0,2,-0.919,7,0,-0.932,5,0,-0.185,3.588,4,2,5,3,0.0,4,0,0,0,1,-0.209,7,3,0,0.008,0.0,0
0,3,0,0,2,0,0.56,4,1,4,2.085,0,4,33.13,3,7,5,-1.726,0.367,1,0,1,-4.203,7,3,2.247,1,0,0.186,0.747,1,1,2,1,0.0,3,7,2,0,1,0.395,7,5,3,-0.265,0.0,0
1,7,3,3,4,0,2.775,5,5,0,1.414,3,5,27.31,7,0,3,-1.099,-1.076,0,0,0,0.238,0,5,2.494,4,5,1.186,-0.524,4,5,1,6,0.0,4,1,5,2,7,0.477,3,5,3,-0.378,0.0,0
4,0,5,0,4,0,0.502,0,2,5,-2.771,5,4,27.68,0,4,0,-2.254,3.042,2,0,2,-0.558,4,4,-1.216,4,4,-0.208,-0.935,2,4,3,3,0.0,5,7,5,4,3,-1.367,6,3,2,-1.145,0.0,0
2,3,5,7,5,0,-0.901,5,3,2,-4.214,2,1,33.51,3,0,3,4.217,-0.332,3,0,1,-0.318,1,3,-1.271,3,4,-3.103,-4.095,3,3,0,7,0.0,3,5,0,1,4,-0.556,2,0,1,-0.563,0.0,0
1,2,2,2,1,0,-3.814,5,5,2,-2.285,4,4,31.14,0,7,5,-2.289,-0.211,0,0,3,-2.696,7,1,-1.16,3,1,-2.313,-4.779,0,2,0,0,0.0,2,7,2,1,5,-1.49,1,4,2,-1.487,0.0,0
5,5,2,1,1,1,3.982,4,4,0,1.171,3,3,36.93,3,2,2,1.635,-0.168,4,0,0,0.659,7,3,-0.592,0,1,-0.91,-0.895,4,1,4,4,0.0,5,0,4,2,1,1.702,0,4,3,0.811,133.55,1
5,2,4,4,1,0,-0.225,2,5,4,2.089,3,1,23.08,4,2,2,-1.026,0.94,0,0,2,2.683,3,4,-4.433,7,4,0.523,2.182,2,0,4,5,0.0,2,2,2,3,7,-0.875,4,2,2,-0.157,0.0,0
2,5,2,6,0,0,-0.351,3,0,2,-3.46,0,3,21.54,7,2,4,-3.556,0.606,1,0,2,-2.134,0,5,-2.783,1,1,-4.625,-4.123,5,5,0,1,0.0,0,1,3,5,6,-1.468,6,3,1,-1.742,0.0,0
0,5,3,3,5,0,0.377,5,1,5,-0.046,2,7,33.83,2,7,2,-0.847,-0.047,1,0,5,-1.255,0,4,1.152,2,5,-0.454,1.966,4,3,1,5,0.0,5,6,3,6,5,-0.225,2,2,0,-0.232,0.0,0
3,3,5,2,1,1,1.201,1,3,5,0.149,1,5,40.32,0,0,5,1.764,-0.386,0,1,1,-2.569,2,0,2.566,2,4,2.436,-0.313,4,0,3,2,0.0,3,5,1,4,0,1.948,1,0,2,2.056,37.87,1
5,0,0,0,1,0,-1.37,4,1,5,2.382,0,2,25.1,4,4,1,-1.241,0.659,1,0,4,-1.151,5,4,1.288,5,2,-1.722,-0.162,3,1,3,4,0.0,4,1,3,2,7,0.303,2,2,2,0.873,0.0,0
1,5,3,2,2,0,-3.3,1,5,0,-2.722,4,3,32.54,6,7,5,-3.428,-0.345,1,0,4,-2.827,1,5,-2.683,6,1,-0.381,-0.717,2,2,4,6,0.0,3,1,2,5,6,-1.834,7,5,3,-1.987,0.0,0
0,5,1,4,3,0,-1.877,3,5,4,0.673,3,1,30.1,0,3,4,-1.786,0.679,0,0,5,-0.68,2,3,-0.359,7,0,-0.573,-0.274,5,2,2,6,0.0,4,2,2,1,6,-1.262,4,4,4,-0.213,0.0,0
4,0,0,6,0,0,-0.514,1,5,3,-1.975,4,5,34.35,0,3,0,-0.334,0.178,5,0,2,-0.014,4,3,3.712,2,5,-1.609,-0.452,3,0,5,6,0.0,5,6,4,3,4,-0.261,7,4,1,-0.302,0.0,0
0,4,4,3,3,0,-1.219,0,3,3,1.477,1,2,43.05,1,7,1,-1.41,-0.892,2,0,1,-3.168,6,5,-2.665,0,4,-1.663,-0.999,3,0,4,5,0.0,3,2,4,1,4,-2.185,3,1,5,-1.575,0.0,0
1,1,1,1,3,0,-1.055,0,2,3,-0.013,3,4,35.88,1,3,2,-0.262,0.466,0,0,2,3.29,2,0,3.733,1,1,0.222,2.25,1,4,2,1,0.0,1,6,5,4,1,1.451,3,1,1,0.736,0.0,0
4,3,5,7,0,1,1.954,2,5,0,0.932,0,4,36.08,7,5,3,4.263,0.15,2,1,4,4.248,4,3,-1.068,0,0,2.387,2.128,0,5,2,1,0.0,0,1,5,1,4,2.285,5,1,5,2.91,0.0,1
0,4,2,3,3,0,2.849,4,1,1,3.103,1,0,30.28,3,0,0,-0.999,-0.063,5,0,3,-1.207,7,0,-0.029,2,1,1.168,1.073,2,3,3,4,0.0,5,7,0,0,1,1.419,6,2,0,1.81,0.0,0
4,6,4,7,1,0,0.248,2,0,5,-2.266,3,2,27.01,6,6,0,-2.626,0.565,4,0,3,-0.685,7,5,-0.97,7,4,-1.872,-0.652,0,3,5,7,0.0,0,3,2,5,6,-2.192,0,1,3,-1.687,0.0,0
1,4,3,4,0,0,0.914,1,1,3,1.932,0,4,30.38,6,1,0,-1.472,0.275,1,0,2,2.026,3,4,1.164,4,1,0.251,1.907,2,1,3,5,0.0,3,0,0,3,3,0.56,3,2,3,0.604,0.0,0
1,2,0,1,5,0,-0.188,3,1,3,-0.274,4,4,25.91,5,6,2,-0.188,1.045,0,0,5,1.918,2,2,-1.542,3,2,2.144,-0.064,1,5,5,6,0.0,1,6,0,7,4,-0.018,1,4,2,-0.076,0.0,0
1,1,2,6,5,0,0.831,5,3,1,-2.46,5,4,33.27,7,5,2,-1.32,-0.572,0,0,5,-1.05,4,5,-1.379,4,3,0.601,-1.389,2,3,2,4,0.0,5,7,0,3,0,-1.472,5,1,4,-0.828,0.0,0
5,3,2,6,3,0,0.838,0,3,2,0.791,0,4,19.05,3,7,5,-0.474,-1.595,3,0,5,-0.989,6,1,0.214,2,1,-0.754,-0.434,1,1,2,7,0.0,2,1,5,0,0,0.306,2,1,5,0.573,0.0,0
1,2,0,1,2,0,-1.115,0,2,4,0.343,2,2,30.25,6,5,4,1.523,-1.622,0,0,0,0.505,7,5,-0.279,0,0,-1.506,0.656,0,3,5,2,0.0,1,2,2,4,6,0.291,6,5,5,0.168,0.0,0
3,7,4,2,5,0,1.752,2,4,0,2.962,2,2,21.55,3,1,3,0.006,-0.951,0,0,0,0.665,6,1,0.19,3,4,-0.28,2.959,3,4,2,2,0.0,4,0,2,6,3,0.783,4,0,3,0.038,0.0,0
0,1,2,2,1,1,0.291,5,1,1,0.384,5,5,29.94,1,2,2,2.78,-0.1,1,1,1,1.329,3,5,0.306,4,4,0.034,3.457,3,2,2,1,0.0,1,0,0,5,0,1.705,0,1,0,1.36,20.71,1
3,6,1,6,2,0,0.751,1,5,0,-2.04,1,4,25.5,2,4,4,3.15,1.959,1,0,4,2.461,3,2,1.951,3,5,0.327,-0.565,4,0,4,0,0.0,1,5,2,2,0,-0.126,0,5,2,0.696,0.0,0
4,0,2,5,1,0,-0.249,3,4,5,0.121,3,5,27.04,0,1,4,-2.241,-0.686,3,0,4,-0.423,0,0,-1.385,3,1,0.072,-0.401,3,1,5,1,0.0,0,2,3,1,7,-0.645,6,0,0,-0.374,0.0,0
1,4,1,3,0,0,0.3,2,0,5,-0.738,5,5,28.81,2,3,4,-0.258,1.099,1,0,1,-0.228,0,3,-0.168,2,4,0.706,3.593,2,3,2,5,0.0,4,1,1,4,0,1.127,7,0,1,1.688,0.0,0
4,2,5,3,4,0,0.947,0,0,4,-0.403,3,7,22.55,4,2,3,-0.821,-0.497,2,0,2,-3.643,2,5,0.895,2,3,0.573,0.975,3,1,1,5,0.0,3,5,0,4,3,-0.33,3,3,1,0.06,0.0,0
0,0,1,7,4,0,0.901,2,3,1,-2.89,3,4,35.17,0,6,3,-0.225,0.743,3,1,1,0.102,5,1,0.633,4,5,-0.282,-3.15,1,4,4,4,0.0,5,6,2,3,7,0.149,2,0,1,0.974,64.63,1
0,7,2,7,3,0,2.4,3,5,2,1.751,2,4,19.97,0,0,5,1.13,0.655,4,0,5,0.095,6,4,0.628,0,2,-0.662,-0.96,2,4,0,4,0.0,4,4,0,1,1,0.916,0,1,2,0.786,0.0,0
3,2,1,2,4,0,-0.067,1,0,0,-2.458,1,4,40.12,2,4,3,-1.312,0.066,5,0,1,1.584,3,2,-0.475,5,0,-0.302,-2.535,2,2,1,5,0.0,5,3,3,4,4,-1.189,2,3,2,-1.122,0.0,0
3,0,2,5,5,0,0.514,0,5,3,-0.112,3,5,21.49,1,7,4,0.682,-1.054,5,0,3,-0.543,6,1,-1.159,0,2,-0.079,2.179,5,0,5,1,0.0,0,3,0,2,5,0.093,5,4,3,0.265,0.0,0
0,7,5,5,0,0,-0.271,3,3,4,-0.221,4,5,20.08,6,1,2,-0.368,-0.869,3,0,3,1.943,2,2,-2.021,4,3,-0.059,-1.737,5,1,2,2,0.0,0,6,5,1,6,-0.516,7,0,3,-0.34,0.0,0
0,4,0,2,0,0,2.339,1,0,5,2.442,4,4,34.55,4,1,5,1.731,1.518,1,0,1,0.298,1,2,2.995,2,5,0.791,0.32,0,1,2,7,0.0,3,7,3,5,5,1.283,2,5,0,0.511,0.0,0
2,5,2,3,4,0,0.074,5,1,2,-2.423,2,6,29.79,7,3,2,-3.04,0.863,4,0,0,-1.498,1,1,-0.984,1,5,-2.608,-1.973,1,0,0,4,0.0,1,7,1,0,5,-0.96,4,0,2,-1.657,0.0,0
2,7,0,2,1,1,1.95,3,4,5,3.071,3,1,30.58,5,0,1,0.825,-1.03,4,0,4,6.344,4,1,0.129,4,0,1.03,-0.128,5,4,3,2,0.0,5,2,2,4,2,1.735,7,5,2,1.588,49.56,1
0,4,5,7,0,1,2.738,2,5,1,2.214,4,6,43.06,5,7,0,4.66,-0.03,1,1,4,0.941,1,0,1.688,5,0,1.473,3.985,0,1,2,6,0.0,2,3,1,1,5,3.232,4,1,1,2.046,81.5,1
2,4,3,0,2,0,0.276,4,2,2,-1.735,0,4,31.39,0,6,5,1.2,-1.354,4,0,1,-1.752,0,3,0.475,1,1,-2.801,-3.987,1,1,5,7,0.0,1,7,1,1,6,-1.445,0,0,4,-0.823,0.0,0
2,3,0,5,4,0,-1.232,5,5,4,-1.509,1,6,36.08,4,6,5,0.665,0.852,3,0,0,3.87,2,0,-0.666,5,3,-1.558,-1.85,3,0,2,6,0.0,4,4,5,6,5,-0.832,2,3,5,-0.778,0.0,0
5,6,2,2,2,0,-3.148,2,1,1,-1.033,5,2,25.31,4,6,1,-0.279,-0.794,2,0,2,-0.688,0,4,-5.534,7,4,0.031,-1.437,3,2,1,3,0.0,2,0,3,0,7,-1.455,6,4,1,-1.497,0.0,0
4,5,4,4,0,0,-1.792,1,4,0,0.859,3,4,37.06,0,6,1,-2.427,0.643,0,0,5,1.991,5,5,-0.891,6,4,-1.304,-1.146,5,3,4,6,0.0,0,5,3,1,3,-0.522,1,1,4,-0.355,0.0,0
0,4,0,5,2,0,1.504,1,3,0,2.368,5,3,33.17,1,2,4,0.237,-0.167,3,1,0,-0.833,3,1,1.936,0,1,1.887,0.26,0,2,0,5,0.0,3,7,3,7,1,1.81,1,3,0,1.619,63.85,1
1,5,5,2,5,0,-1.192,1,3,0,-1.35,0,1,27.11,6,3,1,-2.548,0.809,4,0,0,-6.436,6,4,-2.317,2,1,-2.04,0.67,3,5,4,7,0.0,3,0,4,0,1,-1.034,0,1,2,-1.572,0.0,0
4,4,4,4,1,0,1.164,4,1,2,1.311,4,4,29.64,0,7,5,1.314,0.763,5,0,5,-1.83,1,1,1.973,2,4,-1.745,-0.555,4,4,4,5,0.0,5,4,0,5,5,0.39,3,3,5,-0.283,0.0,0
2,3,4,5,4,0,-0.878,1,4,3,-2.628,5,2,36.26,7,3,2,0.46,0.11,2,0,3,-1.877,6,2,-0.336,1,3,-0.69,-0.84,5,4,0,2,0.0,3,6,5,0,0,0.569,7,2,3,0.528,0.0,0
5,3,4,4,2,0,-2.204,0,5,4,-4.185,1,3,31.81,6,6,0,-1.313,-0.253,2,0,5,-2.351,3,5,-3.075,1,1,-2.269,-0.483,0,3,4,0,0.0,1,3,4,0,6,-2.001,4,0,1,-1.887,0.0,0
4,3,3,2,0,0,1.561,3,0,4,-1.712,2,6,22.66,7,3,4,-0.525,-0.806,2,0,3,-0.825,0,0,-0.916,1,5,-0.698,-0.873,2,1,4,6,0.0,0,5,0,5,4,-0.25,1,0,0,-1.009,0.0,0
0,6,5,3,0,0,1.666,3,0,1,0.66,0,1,33.46,5,3,0,2.618,0.205,2,1,1,0.689,6,5,1.836,2,2,-0.095,1.608,4,4,1,0,30.34,4,4,2,7,6,1.187,2,1,3,1.367,149.19,1
0,7,3,1,5,0,1.451,0,3,1,0.432,4,2,32.44,3,7,1,-0.106,-1.085,4,1,5,-0.925,7,0,1.772,7,0,3.348,0.828,3,4,1,7,0.0,2,3,3,6,0,1.551,3,0,2,1.194,205.98,1
3,7,5,1,2,0,3.555,1,1,3,0.704,5,6,22.32,7,2,4,0.47,-0.27,2,0,1,2.854,5,1,-0.799,7,2,0.768,-1.057,1,3,1,3,0.0,4,2,0,7,6,0.658,1,3,3,0.318,0.0,0
0,7,1,1,5,0,-2.481,1,4,2,0.252,2,3,31.88,0,1,1,-2.351,1.728,5,0,4,-0.197,6,0,-1.362,3,3,-0.258,2.365,0,1,4,1,0.0,2,2,4,0,7,0.294,4,5,5,0.181,0.0,0
1,0,1,2,0,0,-0.816,2,3,4,-0.812,0,4,39.09,7,5,4,1.173,-0.596,2,1,0,0.646,1,4,-0.847,1,0,3.388,-1.09,4,3,3,7,0.0,3,0,3,3,5,1.285,2,0,1,1.517,0.0,1
4,5,1,3,0,0,-1.169,1,4,2,0.329,2,3,22.3,3,1,3,0.016,-1.004,5,0,2,2.831,5,2,-1.441,4,5,-0.899,-1.837,4,0,4,3,0.0,2,6,0,7,3,-1.899,0,4,2,-0.574,0.0,0
5,0,3,7,1,0,-0.219,5,1,3,1.004,2,7,29.9,4,1,4,0.458,-0.491,3,0,2,2.404,7,3,-0.659,0,1,0.285,-0.248,4,0,5,6,0.0,4,7,5,3,7,1.178,0,3,1,0.216,0.0,0
4,2,4,6,4,0,-1.151,4,2,5,-5.143,3,6,30.03,4,7,4,0.71,-2.493,3,0,4,3.099,3,2,-1.33,6,1,-1.581,-0.088,4,3,5,0,0.0,1,4,4,0,2,-0.01,7,2,2,-0.817,0.0,0
2,0,0,1,3,0,1.995,3,0,1,0.487,2,5,27.23,1,7,3,-1.343,2.114,2,0,5,-1.795,6,1,3.127,4,1,-1.65,0.297,3,0,0,3,0.0,2,2,5,5,4,0.301,7,0,5,-0.426,0.0,0
0,7,4,4,3,1,2.906,4,2,4,-0.945,0,5,38.82,6,0,1,2.983,0.993,3,1,4,4.034,5,1,0.499,1,1,1.244,3.428,5,5,2,2,0.0,2,2,5,2,1,1.923,2,0,1,2.189,88.35,1
5,7,1,4,3,0,0.396,1,2,1,1.929,5,5,43.29,7,1,3,0.915,-1.037,1,1,0,3.65,2,0,0.112,0,1,2.169,3.102,4,4,5,5,0.0,3,7,4,5,6,1.552,7,3,0,1.455,233.21,1
1,3,1,4,2,0,0.609,1,5,4,-0.716,5,2,40.52,4,7,0,0.293,-1.549,0,0,0,-4.832,5,2,0.868,4,5,-0.129,0.658,0,3,0,4,0.0,4,6,3,4,3,-0.022,6,2,0,0.249,0.0,0
4,6,4,0,2,1,0.406,0,0,2,1.015,3,2,33.28,2,5,2,1.558,0.086,0,1,4,0.352,2,1,3.219,3,0,0.178,1.077,5,3,2,2,0.0,2,1,2,2,0,1.231,3,5,5,1.542,148.5,1
3,7,2,4,2,0,-2.432,2,0,0,-3.406,1,1,32.46,5,6,5,0.64,-1.653,5,0,4,1.82,4,0,-1.318,0,4,-1.075,-2.744,1,4,0,3,0.0,5,3,1,6,7,-1.763,0,2,1,-1.736,0.0,0
2,4,1,2,2,0,-0.886,5,3,3,1.036,4,2,31.33,5,7,3,0.185,-2.089,4,0,0,0.917,3,1,-0.394,4,1,-0.066,2.355,3,0,1,1,0.0,1,6,5,2,1,0.006,2,0,2,0.843,0.0,0
0,2,0,1,5,0,0.804,4,1,5,-3.803,4,5,21.55,1,5,2,-0.502,-0.821,0,0,0,-2.354,5,3,1.71,4,2,-3.217,-1.839,1,5,0,1,0.0,4,4,3,6,0,-2.218,1,0,2,-1.942,0.0,0
1,1,3,3,0,0,-1.272,0,3,0,1.268,5,0,20.61,4,6,1,-0.522,-1.813,4,0,3,2.409,7,4,2.081,7,3,-0.951,0.361,2,0,0,0,0.0,4,4,1,4,4,-0.398,6,2,4,-0.135,0.0,0
4,0,1,3,1,0,-1.275,3,3,5,-2.334,2,6,35.45,3,6,5,0.517,-1.125,3,0,2,-0.187,4,2,-1.563,6,1,-2.567,-1.355,5,5,3,7,0.0,4,7,2,3,3,-1.016,3,4,0,-1.08,0.0,0
5,1,5,7,3,0,-0.336,1,1,0,-4.876,5,0,30.87,5,5,3,-2.276,-1.994,5,0,3,-4.311,7,1,0.701,5,5,0.486,-0.445,2,5,0,4,0.0,5,2,1,4,2,-1.778,4,0,2,-1.263,0.0,0
3,5,0,3,5,0,-1.159,3,1,0,-0.359,1,4,19.94,3,1,0,2.488,-0.162,2,0,1,-1.104,4,5,0.475,5,3,-0.941,-1.485,0,1,4,0,0.0,3,0,3,1,4,-0.322,4,3,4,0.438,0.0,0
4,4,5,5,0,0,-0.312,3,5,1,0.347,4,2,18.27,3,5,4,-4.566,0.572,1,0,4,-2.064,0,0,0.648,5,4,-0.92,-2.465,5,3,5,1,0.0,2,5,4,2,2,-1.013,1,3,3,-1.53,0.0,0
4,0,5,1,4,0,-0.417,2,5,5,1.095,5,5,44.24,3,1,3,-0.016,0.478,2,0,2,-0.078,1,4,-1.164,0,1,3.363,2.059,4,0,4,5,0.0,2,4,4,2,7,-0.503,1,1,3,0.583,0.0,0
5,2,1,5,5,0,2.894,2,4,0,0.558,1,4,25.33,1,4,3,-0.884,-0.305,3,0,4,-0.444,2,2,1.212,3,0,-1.346,0.517,1,2,0,3,0.0,5,1,1,7,5,-0.552,5,1,1,-0.152,0.0,0
4,4,4,5,2,0,0.775,0,5,3,-2.333,2,0,16.66,6,6,5,-0.338,-0.506,0,0,4,2.399,7,1,0.931,0,5,-0.275,2.624,2,0,3,7,0.0,2,7,3,5,6,0.138,3,3,0,0.49,0.0,0
0,2,2,1,1,0,-1.71,5,3,5,-0.05,3,1,29.87,6,6,5,0.288,-0.755,5,0,1,-1.474,3,5,-2.021,3,1,0.618,-0.913,0,3,2,6,0.0,1,0,1,2,7,-0.446,0,3,1,0.459,0.0,0
5,4,5,7,0,0,0.052,3,1,5,1.246,5,5,39.81,3,2,3,0.681,-0.683,2,0,0,-1.275,7,1,-0.852,2,4,-0.016,0.779,1,0,4,3,0.0,2,7,2,2,5,0.623,0,3,5,0.531,0.0,0
3,0,3,5,0,0,-1.041,0,5,5,-3.072,4,7,28.54,5,4,2,0.689,-0.238,0,0,0,-0.111,6,4,-0.735,4,1,-0.549,-0.917,5,3,0,7,0.0,0,4,4,5,4,-1.1,2,2,4,-0.715,0.0,0
0,1,5,1,4,0,1.039,1,3,5,0.718,4,6,20.56,0,5,0,-0.514,-0.384,4,0,5,-2.578,4,5,0.631,5,2,3.767,1.21,2,3,5,4,0.0,4,7,2,4,5,-0.608,3,4,0,0.44,0.0,0
2,0,2,1,2,0,2.508,0,5,5,1.202,3,0,39.74,7,2,3,1.497,1.965,1,1,3,-0.553,3,0,1.389,7,4,0.53,3.328,0,2,0,1,0.0,0,6,0,4,0,1.384,7,2,4,1.623,197.21,1
3,0,2,4,2,0,2.835,1,4,0,0.348,0,1,32.58,1,5,5,-0.454,-0.427,5,0,4,-2.606,6,3,2.225,5,2,-0.889,1.693,2,1,3,6,0.0,0,0,3,5,7,0.074,5,1,3,0.328,0.0,0
0,4,0,6,0,0,-0.347,3,2,1,-2.529,2,7,22.1,4,5,0,1.743,0.066,0,0,4,-5.04,5,2,1.406,6,5,-1.022,-2.45,4,5,1,5,0.0,5,4,5,1,6,-0.788,3,5,4,-0.864,0.0,0
3,2,3,4,3,0,1.334,4,3,4,0.673,2,0,26.17,3,2,4,-0.569,0.737,0,0,5,1.376,5,4,-1.882,4,1,2.437,0.921,2,4,5,3,0.0,3,1,0,3,6,0.544,1,3,5,0.128,0.0,0
3,2,4,2,5,0,2.924,0,5,5,1.858,3,6,33.61,4,1,2,3.842,1.107,4,1,3,1.086,2,5,2.74,0,4,2.501,0.371,2,2,3,3,0.0,2,2,3,1,5,1.03,1,2,4,0.196,0.0,1
1,1,0,0,0,1,2.682,4,5,0,4.164,3,0,42.39,0,2,2,2.061,1.882,0,1,2,1.013,6,0,1.613,2,3,1.602,-1.154,5,4,0,2,0.0,5,5,1,5,4,1.551,1,5,5,1.384,56.48,1
5,6,4,0,2,0,1.724,2,1,4,1.805,3,7,32.13,1,6,2,-0.922,-1.384,3,0,4,1.148,2,0,1.105,3,3,1.571,3.626,0,4,4,4,0.0,5,6,1,7,5,0.263,7,5,0,-0.434,0.0,0
4,3,4,4,0,0,-1.38,4,4,3,-0.797,5,1,34.01,6,2,0,-0.543,1.455,1,1,4,-1.398,2,2,2.065,5,2,0.369,-0.108,5,0,1,4,0.0,2,5,3,2,4,0.008,2,0,5,-0.25,211.25,1
1,0,3,4,3,0,1.006,4,4,4,-0.246,1,5,30.62,7,4,2,2.885,0.62,2,0,5,0.598,2,0,0.944,4,4,-1.323,1.356,3,2,3,0,0.0,2,4,5,6,3,1.052,6,5,1,0.394,0.0,0
2,0,4,6,1,0,0.655,5,2,3,1.908,5,5,34.15,7,4,4,-0.665,1.162,1,1,1,1.104,7,3,4.172,2,4,2.293,0.397,4,3,1,4,0.0,3,4,1,1,4,0.902,7,5,4,1.166,68.92,1
2,3,0,6,4,0,-4.45,4,2,1,-1.788,4,1,16.99,5,5,4,-1.956,1.63,3,0,2,-1.053,1,1,-0.959,6,2,-2.976,-2.465,0,5,1,1,0.0,3,0,5,3,2,-1.706,3,5,0,-1.634,0.0,0
1,1,3,2,1,0,1.194,2,0,5,0.581,1,4,25.75,0,4,5,2.871,0.736,2,0,1,-1.372,0,1,0.299,3,0,2.435,-0.084,3,4,0,2,0.0,5,7,2,4,3,0.766,5,2,2,0.892,0.0,0
0,3,0,0,2,0,-2.335,0,3,0,-1.806,4,4,25.07,4,1,0,-0.621,-0.395,5,0,2,0.483,2,1,-3.17,3,4,-2.37,-0.895,3,1,3,3,0.0,5,6,2,6,4,-1.962,0,4,0,-1.701,0.0,0
0,6,3,7,1,0,-2.462,2,4,1,-1.645,4,6,33.72,6,0,0,0.51,2.104,0,0,3,-0.336,5,3,2.69,5,2,-0.821,-2.829,3,5,1,5,0.0,0,2,3,2,7,-0.525,6,5,3,-0.537,0.0,0
1,2,2,4,5,0,-1.291,0,0,5,-0.903,3,4,40.08,2,6,5,-1.206,-0.873,4,0,2,1.916,7,4,-1.747,7,0,0.664,-0.869,4,0,0,6,0.0,1,4,1,0,0,-1.743,5,5,0,-1.125,0.0,0
3,6,4,6,3,0,1.372,0,4,5,-0.704,3,5,32.6,2,4,1,0.345,-0.597,2,1,0,-0.525,1,1,2.826,2,5,3.201,1.579,0,1,3,4,0.0,3,1,3,6,0,1.323,2,5,3,1.483,134.52,1
2,3,3,2,3,0,1.939,5,0,0,0.357,1,6,20.32,2,2,5,-1.258,3.201,2,0,4,-0.77,4,4,-2.764,6,4,-0.281,-2.24,3,3,1,5,0.0,5,2,0,7,0,-1.092,3,3,0,-1.126,0.0,0
1,1,2,1,2,0,-1.633,1,4,1,1.872,4,4,25.98,5,7,2,1.394,0.308,2,0,0,0.247,0,0,-0.717,1,2,2.693,-0.037,0,1,0,5,0.0,1,5,0,5,0,1.166,0,3,0,0.684,0.0,0
5,1,4,4,3,0,0.015,4,3,5,2.177,5,7,34.21,5,0,0,-0.434,0.244,2,0,5,0.432,6,5,-0.83,3,2,-0.785,1.966,1,0,4,1,0.0,1,7,5,2,4,-0.094,1,1,1,0.02,0.0,0
5,6,1,3,2,0,-3.232,2,0,2,0.299,1,4,29.49,7,5,1,-3.2,1.09,5,0,4,-0.161,5,1,-0.283,6,1,-1.732,0.372,2,5,0,6,0.0,3,7,3,7,3,-0.609,4,5,3,-0.973,0.0,0
4,2,0,5,3,0,-2.005,3,4,3,0.038,5,3,23.66,2,1,3,-3.085,-0.204,3,0,2,-4.312,7,3,1.84,1,5,-1.0,-0.012,1,5,2,4,0.0,0,0,4,0,3,-1.48,0,3,5,-0.65,0.0,0
5,0,2,0,4,0,-2.974,2,0,4,-0.878,3,2,35.27,1,4,3,2.088,-0.167,1,0,2,-0.513,5,2,-3.051,0,0,-1.31,-1.617,1,4,3,4,0.0,0,5,5,3,3,-1.911,2,0,1,-1.206,0.0,0
3,1,5,0,1,0,-1.074,3,5,1,0.595,2,1,38.79,1,4,1,-4.498,0.169,0,0,3,-4.841,2,3,-0.435,1,5,-0.652,-1.809,2,4,2,4,0.0,5,4,3,4,7,-1.3,6,5,5,-1.118,0.0,0
4,4,5,5,3,0,1.326,0,2,1,1.137,4,2,33.02,3,0,0,-0.038,0.922,3,1,0,-0.034,7,0,1.915,5,2,1.962,-1.496,1,5,3,0,0.0,4,0,1,7,5,0.724,4,0,3,1.04,223.87,1
0,7,5,4,1,0,-2.904,0,4,2,-1.464,2,3,24.05,7,3,2,-1.865,0.269,4,0,2,-3.196,4,0,-3.63,7,4,0.925,-2.074,4,1,3,1,0.0,5,4,5,6,3,-0.585,2,4,5,-1.227,0.0,0
4,3,5,6,0,1,2.009,5,1,4,0.946,3,3,28.98,6,0,1,0.361,1.534,3,0,5,-1.499,3,2,1.683,1,4,1.534,2.245,2,0,2,1,0.0,3,0,2,6,7,2.18,1,5,1,0.921,163.59,1
0,4,5,4,1,0,-0.243,2,5,1,-0.565,3,6,27.39,6,7,2,3.113,0.54,5,0,5,-0.197,6,1,2.763,5,1,-1.218,-0.384,0,5,2,5,0.0,2,7,4,5,5,-0.449,4,1,5,-0.411,0.0,0
3,1,4,1,1,0,-0.905,4,3,3,-1.016,1,7,27.94,1,2,1,1.24,1.272,0,0,3,-1.316,1,4,-1.359,1,2,-0.81,1.738,5,1,5,2,0.0,2,7,5,2,2,-0.045,2,2,1,-0.248,0.0,0
0,3,5,6,3,0,1.468,5,4,5,-2.403,4,5,31.98,5,6,0,0.488,-0.459,5,0,0,-0.282,1,0,4.906,6,4,0.064,1.999,0,4,5,1,0.0,1,3,3,6,3,-0.221,2,1,5,0.279,0.0,0
4,2,4,5,0,0,0.482,0,1,2,0.579,2,1,34.93,0,7,1,0.578,1.256,4,0,1,0.043,6,2,-0.439,5,3,1.697,0.224,2,5,0,2,0.0,2,5,0,3,4,-0.047,3,5,2,-0.184,0.0,0
4,0,0,3,3,0,1.648,5,2,5,-1.079,4,1,23.28,7,3,3,-2.826,-2.461,2,0,4,0.017,3,2,0.717,1,0,-0.639,-3.025,4,1,1,5,0.0,3,1,2,2,1,-0.147,3,1,0,-0.279,0.0,0
3,2,1,7,3,0,-0.105,1,5,2,3.818,2,1,39.31,3,6,2,-0.164,1.125,5,1,4,-1.948,4,0,2.203,7,2,1.027,1.48,3,1,0,0,0.0,5,7,2,4,3,1.482,4,3,4,2.332,0.0,1
4,2,4,0,1,0,-0.844,5,2,5,-2.122,0,0,28.18,2,2,1,3.056,0.135,3,0,0,1.506,5,0,1.187,7,5,0.733,-0.057,3,0,4,7,0.0,5,4,3,5,3,0.412,3,0,0,0.63,0.0,0
3,2,0,2,3,0,-1.264,2,5,4,0.229,0,6,28.22,5,6,2,-1.114,0.97,4,0,1,-1.869,7,1,1.102,3,5,-0.881,-0.844,0,3,5,0,0.0,2,4,2,4,0,-1.314,7,0,5,-1.257,0.0,0
3,7,3,4,1,0,-1.717,2,0,4,2.592,2,7,9.42,6,7,1,-1.881,-0.361,5,0,3,3.807,6,2,0.701,0,0,0.871,-3.645,0,2,0,4,0.0,0,6,5,2,5,0.719,3,2,1,0.862,0.0,0
3,4,5,5,1,0,2.389,2,4,1,1.022,2,1,26.12,4,6,2,1.372,1.797,1,0,5,-1.643,4,0,2.662,2,2,1.863,2.227,3,2,2,2,0.0,1,0,2,1,7,0.731,1,3,5,0.6,0.0,0
5,2,3,5,2,0,-1.144,0,3,3,0.622,3,6,16.43,5,7,5,2.177,0.171,5,0,3,-2.7,4,1,-3.284,1,5,-1.35,-1.146,3,3,4,2,0.0,3,2,4,6,7,0.054,0,4,1,0.034,0.0,0
2,3,4,7,1,0,0.491,0,0,5,-0.045,5,4,31.61,4,0,3,-1.837,-1.718,5,0,2,-0.992,0,2,-1.457,4,5,4.081,0.435,0,0,4,3,0.0,0,4,0,0,6,-0.487,0,3,2,0.558,0.0,0
0,3,2,7,4,0,-0.082,4,1,5,1.188,2,4,35.51,7,3,2,-0.183,0.141,4,0,4,4.818,7,2,0.118,6,5,-0.068,-3.372,4,1,1,1,0.0,4,3,1,5,7,-0.45,1,4,3,0.037,0.0,0
0,1,0,2,4,0,-1.893,3,3,2,-1.518,1,7,26.99,1,4,4,-0.564,2.217,4,0,3,-5.004,1,2,-2.662,5,0,-3.77,-1.811,4,3,3,6,0.0,0,7,0,3,5,-2.146,4,5,1,-1.273,0.0,0
2,6,3,5,5,0,1.688,0,0,0,-0.126,1,1,22.63,7,3,2,2.298,0.887,1,0,3,-2.764,7,2,1.072,5,3,0.028,-1.216,1,0,2,4,0.0,3,3,5,6,0,-0.561,7,2,4,0.228,0.0,0
2,4,2,2,2,1,1.252,5,2,4,0.917,2,0,33.53,1,0,0,4.39,1.253,0,1,2,0.388,5,3,2.247,2,5,1.825,-0.399,2,2,1,6,0.0,0,7,3,1,0,0.095,6,0,3,0.847,174.03,1
0,0,1,5,2,0,-0.485,3,1,4,-0.514,1,7,27.87,7,6,1,0.016,1.017,4,0,1,-2.419,2,3,-1.497,2,1,-1.884,-5.278,3,4,2,5,0.0,2,1,0,0,2,-1.154,0,2,0,-1.083,0.0,0
2,0,2,7,1,0,0.347,3,3,4,1.263,1,2,38.67,2,2,5,-1.236,1.718,4,1,1,1.81,5,3,-0.511,5,0,1.687,-0.356,2,1,2,2,0.0,5,3,0,7,5,0.764,0,5,1,0.148,179.54,1
4,5,5,5,4,0,1.991,1,0,1,-0.51,3,5,28.57,3,4,4,1.709,1.377,3,0,2,-1.921,7,5,3.479,3,1,-0.025,-1.572,2,5,5,6,0.0,5,6,2,4,4,0.223,2,4,3,0.139,0.0,0
5,5,4,4,0,0,0.31,1,4,5,0.862,1,4,23.63,3,3,1,-1.566,0.865,4,0,3,-0.635,0,1,-0.566,6,3,1.275,-3.294,2,5,5,7,0.0,3,1,3,5,6,0.033,4,5,3,0.335,0.0,0
0,7,2,7,2,0,1.232,4,2,1,-3.337,2,3,26.58,3,7,1,0.089,0.723,5,0,3,1.575,5,1,-1.536,7,2,-0.706,-1.106,5,3,5,2,0.0,4,1,0,6,0,-0.571,1,0,4,-0.584,0.0,0
5,3,2,1,2,0,-0.308,3,3,3,-1.18,4,1,28.94,2,1,3,0.518,1.362,3,0,3,4.638,5,4,1.781,6,4,-2.736,1.748,1,0,3,2,0.0,2,7,3,0,1,0.225,5,0,5,0.48,0.0,0
2,2,0,0,4,0,0.2,3,2,2,-0.781,3,2,33.47,1,2,0,1.998,-1.553,0,0,1,2.473,2,5,-0.805,6,2,-0.148,0.944,1,0,4,7,0.0,5,2,3,5,3,0.139,3,5,5,-0.031,0.0,0
5,6,5,6,3,0,1.794,2,3,4,-0.324,5,6,27.98,5,2,0,-0.734,-0.819,1,0,4,0.491,1,2,0.361,7,2,0.353,1.836,5,4,1,1,0.0,0,1,4,7,3,0.092,1,3,3,-0.215,0.0,0
2,5,2,4,1,0,-3.479,4,1,3,-0.162,3,2,14.91,5,5,3,-0.131,-1.519,0,0,3,-1.508,7,1,-1.815,0,0,-0.503,-0.387,1,4,4,3,0.0,1,3,2,2,0,-1.307,5,3,2,-1.462,0.0,0
1,5,0,6,3,0,-1.417,2,1,0,0.468,0,5,30.1,0,5,4,-3.405,-0.506,3,0,3,-2.244,5,3,-1.381,0,0,0.768,-1.493,4,1,4,0,0.0,0,0,5,7,6,-1.045,2,5,2,-0.614,0.0,0
5,6,1,6,1,0,-3.405,3,5,4,1.599,0,1,29.34,3,7,3,-3.329,-1.021,4,0,0,-0.85,1,5,-0.577,7,0,-0.722,-1.158,3,4,4,6,0.0,3,6,1,4,4,-0.456,7,4,0,-0.272,0.0,0
5,1,5,4,0,0,1.011,4,2,3,0.314,2,7,25.22,0,1,0,-2.266,0.318,5,0,2,1.053,5,0,-0.884,0,4,-1.83,-2.633,1,5,3,2,0.0,4,2,0,6,5,-0.508,7,0,3,-0.815,0.0,0
5,1,2,4,3,0,-3.289,0,0,2,0.085,2,1,22.95,6,2,4,-0.81,-0.322,4,0,4,-2.355,3,5,-3.462,1,2,0.09,-3.274,1,3,2,7,0.0,2,0,1,6,7,-1.346,4,3,3,-1.121,0.0,0
2,2,3,3,4,0,0.103,4,5,0,-0.657,4,7,25.94,6,3,4,0.521,1.07,5,0,2,1.083,0,0,0.28,4,3,-0.944,-1.168,5,5,1,2,0.0,4,1,1,3,1,-0.273,6,0,0,-0.186,0.0,0
2,7,4,1,2,0,-2.279,3,3,2,1.126,1,7,24.98,1,6,3,2.453,-0.731,2,0,2,1.295,2,2,-2.511,2,4,-0.266,-4.867,0,5,2,6,0.0,3,1,0,1,5,0.074,2,4,2,-0.608,0.0,0
5,5,2,2,3,0,-0.258,5,4,5,0.194,0,6,16.61,1,3,5,1.572,1.992,4,0,5,4.717,2,3,0.131,1,0,0.176,-0.362,2,1,2,4,0.0,2,6,2,0,1,-0.27,5,3,3,0.425,0.0,0
5,7,5,2,5,0,0.665,3,0,0,-1.115,0,2,20.64,7,7,2,0.059,0.12,1,0,4,-1.299,5,2,0.065,7,4,-0.914,1.453,0,5,4,3,0.0,4,5,5,5,5,0.65,5,1,5,0.502,0.0,0
2,3,5,4,5,0,3.252,3,0,1,1.753,0,5,40.73,7,1,0,2.115,1.089,0,1,3,0.004,1,3,1.015,0,5,3.014,0.454,4,1,1,2,0.0,4,4,5,5,0,1.424,2,1,4,1.294,97.69,1
4,0,5,1,1,0,-0.447,3,5,5,0.492,4,6,27.56,3,7,4,0.982,-0.605,1,0,5,0.364,4,5,2.508,0,3,0.527,1.737,2,3,5,5,0.0,2,4,0,2,5,1.131,7,4,3,0.709,0.0,0
3,4,3,6,1,0,0.844,1,0,3,0.918,2,0,38.17,6,1,3,2.485,1.395,3,1,0,1.676,2,5,-1.37,7,4,1.194,2.902,0,2,2,2,0.0,2,2,2,6,0,1.354,4,0,4,1.254,213.15,1
2,3,3,2,2,0,-0.964,3,5,0,-2.094,5,4,28.07,0,3,4,-0.628,2.579,4,0,3,-2.998,5,2,-2.867,6,1,-1.008,-1.952,4,0,4,6,0.0,3,2,5,2,0,-2.918,1,0,2,-1.793,0.0,0
2,0,3,7,0,0,-0.432,4,1,0,-2.106,5,3,23.74,7,4,2,-3.614,-0.295,3,0,3,-1.002,1,3,-1.437,2,1,-2.937,-0.103,0,4,5,2,0.0,0,5,1,7,3,-1.624,2,1,1,-1.568,0.0,0
5,2,4,5,5,0,2.142,3,2,1,3.754,4,3,45.16,5,3,5,-0.015,0.256,5,1,4,-1.713,1,1,0.796,0,1,-1.509,0.818,0,1,1,7,0.0,3,6,2,4,4,0.921,4,2,5,0.48,0.0,1
0,6,4,3,2,0,-1.696,3,5,5,-2.488,1,4,21.27,1,5,2,-0.297,0.13,2,0,5,-1.312,3,3,-0.62,1,3,-1.54,-1.5,3,0,5,5,0.0,0,2,4,3,2,-0.649,1,4,3,-0.953,0.0,0
4,6,3,6,5,0,1.274,1,3,3,-1.248,2,1,24.32,6,6,3,-2.327,0.442,4,0,5,-1.68,7,5,-1.191,4,2,-1.449,-1.066,3,3,2,7,0.0,1,3,4,0,0,-1.262,1,4,4,-0.528,0.0,0
4,5,3,3,1,0,1.033,3,5,2,-3.023,4,6,32.39,6,2,4,-0.626,1.336,5,0,4,0.304,3,3,0.905,7,2,-0.64,1.857,5,4,0,7,0.0,0,1,0,6,0,-0.516,6,2,0,-0.24,0.0,0
2,2,0,5,1,0,-0.358,2,5,1,0.588,3,1,30.08,0,3,1,0.1,-1.079,5,0,2,0.2,7,0,-0.136,1,4,-1.636,-0.217,4,3,4,4,0.0,0,1,2,6,7,-0.738,1,0,5,-0.766,0.0,0
0,6,5,4,5,0,-5.506,3,1,2,-0.482,2,7,34.77,1,0,4,-2.055,0.011,0,0,0,-1.128,4,4,-3.29,5,0,-0.716,-0.262,1,0,5,7,0.0,2,5,2,3,7,-2.385,5,5,3,-2.36,0.0,0
4,3,4,4,0,0,-2.164,3,2,4,-0.68,4,0,30.02,4,6,3,0.486,0.165,5,0,3,0.824,7,1,0.184,7,1,0.239,-0.95,0,5,3,4,0.0,1,5,1,7,3,-0.494,0,2,0,-0.646,0.0,0
5,4,4,5,3,0,0.11,3,4,1,-1.141,0,7,28.7,7,3,2,0.457,-0.623,4,0,3,0.331,2,3,0.565,5,5,-0.502,-2.644,3,1,3,2,0.0,3,1,0,0,7,-0.106,1,4,1,0.451,0.0,0
3,0,4,5,0,0,-2.331,3,2,4,-1.491,5,3,33.97,1,3,0,-3.467,-1.635,5,0,3,-3.196,5,1,-4.257,3,0,-0.914,-1.133,1,5,3,4,0.0,5,2,4,5,0,-2.457,2,0,4,-2.298,0.0,0
1,7,5,1,0,0,-4.214,3,0,1,-1.293,0,5,20.55,1,5,2,-1.791,-0.725,2,0,5,-1.152,3,1,1.14,7,2,-2.226,-0.544,0,0,5,2,0.0,4,3,3,3,1,-2.362,6,2,2,-1.172,0.0,0
0,1,0,5,2,0,-2.706,5,5,3,-0.676,3,4,21.08,3,3,2,-2.005,1.312,1,0,5,1.53,5,0,-1.05,1,2,0.652,-0.212,5,3,2,4,0.0,1,4,4,6,5,0.178,5,4,2,-0.532,0.0,0
2,2,0,1,1,0,0.253,0,0,0,1.282,0,4,29.81,4,7,0,0.659,0.277,5,0,1,-1.126,0,5,3.121,2,5,0.687,1.733,4,2,3,2,0.0,3,0,1,3,7,0.611,3,1,3,0.029,0.0,0
0,2,0,3,5,0,-0.883,5,1,0,-0.002,2,7,26.62,1,3,2,0.938,0.324,5,0,4,-0.241,5,1,2.138,6,3,-0.302,0.028,1,2,3,2,0.0,0,6,0,2,2,-0.292,6,4,1,-0.063,0.0,0
4,1,2,0,0,0,-0.075,3,5,3,-0.299,1,4,24.06,0,0,5,-0.111,0.906,0,0,1,-0.752,6,2,-1.093,5,3,1.146,0.866,3,0,4,6,0.0,4,0,1,7,5,-0.876,4,1,1,-0.638,0.0,0
3,4,4,6,4,0,1.345,2,2,1,2.455,0,7,27.84,0,4,2,0.774,1.049,0,0,4,0.501,1,3,-3.542,1,2,2.594,-1.431,3,1,2,5,0.0,2,6,2,7,0,-0.599,5,4,5,-0.134,0.0,0
4,3,4,1,1,0,0.686,1,5,4,0.927,0,1,29.6,0,0,0,1.579,-0.568,3,0,5,0.129,0,5,-0.153,6,2,2.281,0.668,0,4,3,1,0.0,3,5,5,0,6,0.898,0,3,1,0.772,0.0,0
1,6,1,5,4,0,1.273,3,2,2,-0.156,2,0,28.98,1,6,5,-0.079,-0.632,3,0,5,1.293,6,5,-0.474,7,1,0.295,-0.844,0,3,2,6,0.0,1,7,5,5,7,0.176,4,5,5,-0.775,0.0,0
2,2,0,5,4,0,-0.129,0,2,5,-2.19,2,7,37.84,4,5,5,-0.354,0.58,0,0,5,2.389,7,0,0.851,3,5,0.808,-0.158,4,5,5,7,0.0,1,2,4,5,7,-0.416,5,2,4,-0.089,0.0,0
5,1,4,0,4,0,-1.306,5,1,0,0.868,5,4,29.8,5,4,1,1.568,-1.689,2,0,1,-1.175,3,2,0.103,4,0,-0.35,-0.415,1,2,5,6,0.0,2,6,3,1,3,-0.676,0,2,4,-0.223,0.0,0
4,1,0,2,5,0,0.246,0,3,1,-2.129,2,1,27.11,4,4,3,0.798,0.344,2,0,0,-2.284,7,5,0.639,6,2,-0.956,-0.609,0,0,2,6,0.0,4,3,2,3,2,-1.698,4,5,5,-1.408,0.0,0
2,5,5,2,3,0,1.332,4,2,1,1.976,4,2,25.68,6,6,3,-1.347,0.545,5,0,5,2.751,5,2,2.59,6,2,-0.245,-1.031,0,0,3,3,0.0,1,1,1,2,3,0.41,1,5,4,-0.015,0.0,0
0,4,0,6,1,0,2.11,1,5,1,-0.423,4,1,37.49,7,6,5,-0.188,2.193,4,0,2,-3.356,6,0,-0.555,2,5,0.186,0.829,2,4,3,5,0.0,1,6,0,0,2,0.217,0,1,0,0.024,0.0,0
2,0,2,5,4,0,2.059,2,3,3,-0.851,0,3,18.59,0,0,1,3.141,-0.577,4,0,3,0.59,7,1,0.318,6,5,0.286,0.956,3,3,2,6,0.0,3,1,2,5,3,0.706,2,4,4,0.675,0.0,0
1,4,4,3,4,0,-2.029,0,5,5,-0.116,1,7,29.63,5,7,0,-1.243,1.197,2,0,3,0.021,6,1,1.472,2,2,0.951,0.25,5,2,2,3,0.0,3,4,0,7,2,-1.721,4,0,2,-1.485,0.0,0
3,6,1,6,5,0,-0.239,5,1,2,-1.147,5,3,31.16,3,2,3,-2.838,0.678,5,0,1,-1.238,2,0,-2.741,6,5,-0.791,-0.674,2,0,1,7,0.0,5,1,4,5,4,-0.586,4,0,1,-1.084,0.0,0
5,7,5,1,0,0,-1.158,4,4,2,-1.859,4,6,26.37,1,7,5,0.446,-0.499,3,0,4,2.494,5,3,-0.068,3,2,-1.507,-0.509,2,1,5,2,0.0,0,6,5,5,6,-0.002,7,4,4,-0.192,0.0,0
5,3,0,0,2,0,1.451,0,0,5,0.245,4,4,33.72,3,4,3,0.768,-0.649,3,1,5,1.431,2,4,0.942,7,0,0.2,2.248,4,4,3,6,0.0,1,5,2,5,3,0.858,7,0,3,0.801,67.7,1
2,2,3,7,1,1,1.485,3,0,2,-1.049,0,4,37.83,5,5,5,0.99,1.269,2,1,3,1.329,7,3,0.466,4,3,2.722,2.187,0,4,0,0,0.0,1,1,5,4,6,2.052,5,0,2,1.955,97.32,1
0,1,4,3,2,0,1.324,4,3,4,1.945,4,3,31.73,2,7,2,2.256,0.501,3,0,4,3.66,3,1,-0.17,2,0,-1.165,0.623,1,5,0,1,0.0,0,2,5,3,3,-0.346,2,3,2,0.804,0.0,0
1,4,0,2,3,0,3.304,2,5,3,-0.667,5,3,15.44,7,5,1,1.437,-0.595,4,0,4,-0.4,4,4,2.399,3,3,0.542,-0.086,0,4,0,6,0.0,2,4,2,6,4,0.499,2,0,5,0.448,0.0,0
5,3,3,6,4,0,0.152,4,4,4,-2.808,3,5,31.27,0,2,3,4.253,0.029,0,0,2,-1.363,4,4,2.06,0,1,-1.861,0.15,3,1,1,6,0.0,3,5,2,5,3,-0.172,1,1,1,0.731,0.0,0
1,0,5,0,0,0,-1.326,1,0,5,-3.062,1,1,28.64,6,6,0,2.098,0.482,5,0,2,-1.656,3,3,0.393,7,4,-3.911,-0.28,1,2,3,7,0.0,3,4,4,7,7,-0.962,2,2,5,0.083,0.0,0
2,0,2,1,4,0,0.408,4,0,0,-1.762,1,4,27.74,0,7,0,-2.144,1.958,1,0,4,-4.905,2,4,-0.779,5,5,-2.248,-0.399,2,1,5,4,0.0,0,1,5,6,2,-1.015,0,3,0,-0.979,0.0,0
4,2,5,3,4,0,0.937,2,4,2,-1.743,2,2,18.97,6,1,5,-0.208,0.315,3,0,2,-1.141,3,4,-1.569,7,2,-1.112,1.002,0,2,5,3,0.0,3,7,0,4,3,-0.146,4,1,3,-0.364,0.0,0
2,7,1,3,3,0,-1.33,4,0,1,-1.708,4,1,34.79,0,6,3,-0.695,-0.528,3,0,5,-0.278,4,1,0.129,3,1,-3.743,1.147,1,2,5,5,0.0,1,7,0,7,7,-1.654,7,5,1,-1.6,0.0,0
0,6,4,3,1,0,3.879,1,3,5,-2.007,4,0,35.38,1,1,1,-2.022,-0.73,3,0,1,0.65,1,1,-1.565,6,0,-0.645,-3.325,1,2,4,5,0.0,5,5,1,3,1,-1.36,6,1,0,-0.538,0.0,0
0,1,5,2,4,0,-1.59,3,1,1,-0.189,1,6,27.6,6,1,4,0.542,-0.393,4,0,2,-1.92,0,0,0.98,4,1,-1.599,-0.072,3,3,3,2,0.0,1,0,3,3,0,-1.021,3,4,3,-1.081,0.0,0
3,2,1,2,5,0,0.805,2,1,0,0.682,3,3,23.72,3,1,5,-0.593,-1.234,1,0,1,-0.119,3,2,1.659,5,3,-1.61,1.191,2,5,5,5,0.0,1,2,2,6,6,1.161,6,2,0,1.086,0.0,0
2,7,1,0,5,0,-1.771,1,2,5,-2.68,5,5,40.49,6,0,3,2.087,-0.672,3,0,0,-2.181,1,4,-1.388,2,2,0.047,4.174,3,5,0,7,0.0,3,3,5,7,1,-0.631,6,3,2,-0.447,0.0,0
0,7,0,0,3,0,-0.372,1,4,5,-0.858,2,2,23.03,4,0,4,-1.513,0.14,2,0,1,-1.009,1,5,-0.775,7,0,-1.765,-1.509,2,3,2,5,0.0,1,3,0,4,7,-2.066,2,2,2,-1.173,0.0,0
0,7,0,1,4,0,-0.646,5,3,5,-0.096,2,2,28.21,3,6,5,-0.413,0.936,2,0,1,-1.579,1,5,1.904,5,1,0.537,1.098,5,3,4,5,0.0,5,0,2,2,4,-0.311,3,0,4,-0.64,0.0,0
2,3,1,1,1,1,-0.094,5,1,4,2.216,5,2,42.3,5,7,2,-0.87,0.045,2,0,3,2.387,0,1,0.98,1,1,2.56,-0.105,5,1,2,2,0.0,2,1,2,7,2,1.024,5,0,2,0.828,0.0,1
2,3,0,5,1,0,2.343,1,3,4,-0.403,1,5,34.8,5,0,2,0.518,-0.975,1,0,5,-4.682,2,0,-1.22,2,1,1.083,-2.707,3,5,5,2,0.0,4,6,4,4,7,-0.201,6,4,0,0.042,0.0,0
2,5,3,3,3,0,-0.805,2,2,0,-1.084,5,4,41.31,7,5,3,0.753,0.827,2,0,5,-0.121,6,2,0.562,4,5,0.265,1.982,3,3,3,5,0.0,4,7,3,4,6,0.69,6,1,0,0.49,0.0,0
2,5,0,6,3,0,-0.62,4,2,2,1.583,1,1,43.55,3,1,5,-2.946,-0.18,2,0,4,-2.726,3,4,-1.668,2,5,-1.761,0.759,2,1,0,4,0.0,3,2,2,5,1,-1.552,4,3,0,-0.724,0.0,0
4,3,3,4,2,0,0.452,5,0,2,1.248,3,4,26.59,2,4,4,1.79,0.556,3,0,3,2.401,2,5,0.624,3,5,1.566,-2.131,0,3,1,3,0.0,2,2,4,1,3,-0.926,4,0,3,-0.08,0.0,0
1,6,2,6,2,0,-0.489,2,2,2,0.537,3,6,25.83,1,5,0,1.334,-0.791,1,0,0,0.192,7,4,-0.902,2,3,-2.943,-0.156,4,2,5,2,0.0,0,3,4,4,3,-0.374,7,2,5,-0.392,0.0,0
5,5,2,1,0,1,2.548,5,1,2,5.03,1,4,44.65,0,0,4,2.26,-2.122,1,1,1,3.408,1,0,0.98,7,5,3.29,2.372,1,3,0,6,0.0,4,7,3,0,3,1.911,7,1,2,2.569,149.06,1
5,3,5,4,3,0,0.496,3,2,3,-0.781,5,6,34.19,2,3,4,-0.344,-1.205,4,0,2,-1.035,5,3,-0.214,1,4,2.032,-1.866,1,4,1,7,0.0,1,4,0,6,6,-0.338,4,3,3,-0.976,0.0,0
4,3,2,1,5,0,-0.874,4,0,1,-3.817,3,4,40.16,6,3,5,-0.436,1.609,0,0,4,2.125,4,4,-1.795,3,2,-0.771,-1.277,3,1,1,2,0.0,3,6,5,6,1,0.24,7,1,5,-0.505,0.0,0
1,5,1,7,0,0,-0.397,1,5,2,-0.941,4,1,33.25,2,7,2,-1.144,-0.468,0,0,4,0.415,5,2,2.684,4,1,1.112,-0.22,4,0,5,6,0.0,5,5,4,3,5,-0.839,7,1,4,-0.337,0.0,0
2,0,1,0,1,1,0.926,1,5,4,1.679,1,0,28.54,6,1,3,2.541,1.052,1,1,3,6.357,4,1,2.593,6,4,-0.373,1.345,3,1,1,2,0.0,1,5,4,0,7,1.49,1,3,0,1.83,110.13,1
0,1,4,5,1,0,0.898,2,3,1,-1.458,2,5,29.12,4,3,4,0.524,-0.552,1,0,5,-0.061,1,3,-0.616,5,2,-0.149,-0.042,4,2,1,5,0.0,2,7,2,1,7,0.103,0,1,1,-0.095,0.0,0
3,6,2,4,5,0,3.035,5,5,0,-3.044,4,5,33.61,2,2,3,0.403,-1.44,2,0,0,0.082,1,5,2.012,1,1,-2.398,-0.265,1,4,1,0,0.0,4,6,3,5,0,0.458,6,5,4,0.364,0.0,0
4,4,2,5,4,1,1.442,4,0,3,5.084,4,4,37.85,6,4,5,2.247,-0.665,2,1,1,2.637,4,5,2.507,3,0,0.62,2.09,0,2,4,6,0.0,4,6,0,2,1,2.011,4,5,1,1.632,48.85,1
2,2,3,1,2,0,-2.524,5,3,3,-0.769,1,0,32.53,3,5,4,-1.124,-0.123,1,0,0,-2.152,2,2,1.543,7,2,-2.035,1.096,4,0,2,0,0.0,1,4,5,3,2,-0.607,7,1,3,0.233,0.0,0
2,6,2,7,3,0,-0.226,3,0,5,-3.86,1,4,31.12,2,5,5,-2.571,-0.299,4,0,2,1.823,7,0,0.629,3,2,0.314,-3.124,1,3,5,7,0.0,4,5,5,2,2,-1.193,2,4,4,-1.339,0.0,0
0,1,2,3,4,0,-0.709,2,4,4,-1.638,4,1,24.29,6,7,1,1.207,-0.498,0,0,2,-0.114,7,2,-0.688,2,3,-2.369,0.082,2,2,0,6,0.0,2,6,0,1,4,-0.016,1,2,0,0.22,0.0,0
5,0,4,1,1,0,1.077,3,4,4,1.477,4,7,26.46,3,7,0,0.804,2.551,4,0,5,1.18,3,2,1.549,1,1,-1.198,0.728,5,2,3,2,0.0,5,7,1,4,7,0.345,6,3,3,0.371,0.0,0
1,4,1,5,2,0,-0.219,3,4,1,0.947,1,1,29.26,3,0,3,1.67,1.52,1,0,0,-0.847,7,0,-2.055,3,4,-0.376,-0.753,5,5,4,1,0.0,4,2,5,2,1,0.264,7,0,5,0.383,0.0,0
4,6,1,1,1,0,2.434,1,0,0,-1.146,4,4,41.21,5,3,5,1.499,0.356,5,1,4,3.828,2,4,2.294,7,3,1.479,0.129,4,1,1,2,0.0,5,7,3,1,3,0.235,5,1,2,1.011,234.92,1
0,6,4,3,2,0,-3.235,2,4,4,-1.025,4,6,23.67,6,4,2,-0.462,0.339,0,0,3,-1.51,0,2,-3.254,3,3,-1.63,-2.273,1,1,5,3,0.0,1,7,3,5,3,-2.466,7,1,1,-1.836,0.0,0
2,4,5,1,2,0,-1.627,0,2,0,-2.013,5,2,22.57,5,0,5,-0.294,0.067,4,0,4,0.968,7,3,-1.896,1,0,-3.932,-2.433,2,1,3,1,0.0,5,7,0,7,5,-0.636,3,2,0,-1.605,0.0,0
2,2,1,5,1,1,-0.532,4,0,1,3.375,2,6,32.96,6,1,3,-0.793,0.193,2,1,4,-1.441,7,4,2.426,1,3,2.487,-1.116,3,2,4,3,0.0,5,7,1,4,1,0.888,7,5,5,1.335,233.51,1
0,7,0,6,1,0,0.973,0,4,2,0.432,5,7,18.55,5,1,1,-1.659,-1.02,1,0,4,-3.079,7,2,-1.078,0,5,0.531,0.239,4,2,5,0,0.0,1,1,3,6,0,-0.27,2,4,3,-0.163,0.0,0
1,7,2,0,0,0,-1.163,2,3,2,-1.191,2,3,33.31,7,2,2,0.011,-0.378,3,0,1,-0.644,1,0,-1.835,1,5,-2.786,1.005,4,0,4,4,0.0,3,5,0,0,7,-0.097,4,1,2,-0.836,0.0,0
5,2,4,0,5,0,2.045,1,2,2,1.173,0,5,21.43,3,2,3,-1.758,1.266,0,0,2,3.47,4,2,2.053,7,5,1.695,0.458,4,5,3,1,0.0,4,2,0,3,5,0.953,0,3,2,0.787,0.0,0
1,0,5,5,3,0,0.548,1,3,4,0.388,1,6,39.33,4,0,3,-0.796,0.003,0,1,2,2.805,7,1,1.733,3,2,-0.78,1.158,4,4,0,7,0.0,5,4,0,5,4,1.52,6,4,0,1.6,73.39,1
0,7,2,1,4,0,0.031,3,4,1,-0.426,5,6,23.95,4,7,1,-0.583,0.376,5,0,5,1.499,1,2,-2.329,1,2,-0.63,-1.289,4,4,1,2,0.0,0,2,5,1,3,-1.059,5,2,3,-1.523,0.0,0
0,1,0,5,0,0,0.426,2,1,3,0.326,1,6,18.59,1,6,0,-4.217,0.617,2,0,3,2.868,5,5,0.663,7,3,-0.611,1.166,2,5,4,5,0.0,1,2,5,4,7,-0.251,1,5,4,-1.268,0.0,0
4,5,2,5,1,0,2.876,2,5,0,1.635,1,1,29.82,6,4,0,1.263,-0.438,3,0,4,-4.348,3,0,0.707,5,3,-0.653,-0.504,3,1,0,3,0.0,1,7,2,2,4,0.149,2,1,4,0.269,0.0,0
2,6,0,0,5,0,1.683,5,5,0,-2.991,3,0,16.84,1,3,3,0.529,-0.018,5,0,4,0.949,0,2,-1.299,0,2,-1.298,1.421,3,1,5,6,0.0,0,1,4,0,5,-0.665,0,1,0,-0.818,0.0,0
2,2,0,5,3,0,-2.209,2,3,4,-1.364,1,3,23.52,2,4,1,-1.093,-1.09,4,0,4,-3.31,4,3,-2.143,5,4,-1.172,1.067,2,0,1,3,0.0,2,0,2,4,2,-1.909,0,5,5,-1.148,0.0,0
4,2,1,6,4,0,-4.007,0,1,0,-2.559,5,1,35.8,0,2,2,0.509,-1.663,0,0,1,-4.222,7,5,0.071,7,4,-3.611,-1.081,3,0,3,0,0.0,2,4,5,1,5,-0.922,4,3,2,-1.214,0.0,0
5,2,3,6,4,0,1.121,4,3,0,0.134,0,7,21.16,0,6,5,1.795,-0.984,1,0,0,-2.181,5,4,0.755,7,1,0.301,0.8,2,2,4,2,0.0,3,7,0,5,5,0.923,0,2,1,1.567,0.0,0
4,4,2,2,1,0,0.313,5,3,2,1.701,1,2,32.5,2,0,1,-0.311,1.213,1,0,3,1.25,7,5,1.89,3,1,0.701,0.389,3,4,2,4,0.0,0,2,0,5,2,0.239,6,4,2,-0.719,0.0,0
2,2,1,0,5,0,0.797,1,3,3,0.112,3,0,27.03,1,4,3,1.01,0.971,3,0,4,0.559,1,4,-4.376,1,1,2.087,-0.814,3,0,5,0,0.0,5,7,4,5,1,0.394,1,3,1,0.27,0.0,0
0,6,0,6,3,0,-0.672,2,4,1,-4.933,3,5,25.27,6,0,5,-3.043,-0.201,2,0,3,-0.614,6,0,-0.175,0,2,0.407,-1.325,3,3,4,4,0.0,2,7,4,6,4,0.134,2,3,0,-0.228,0.0,0
0,5,5,0,3,0,2.621,2,2,0,3.186,2,5,37.43,3,4,0,0.41,0.032,3,1,2,0.83,3,2,2.775,5,4,1.905,0.615,0,0,4,5,0.0,0,1,0,3,3,0.961,4,0,1,1.053,59.98,1
5,5,5,4,3,1,-1.048,5,0,3,-2.062,4,3,46.01,3,3,4,0.952,-1.403,2,1,2,-1.176,7,4,0.715,5,1,1.7,2.928,4,1,5,7,0.0,1,5,1,1,0,1.429,0,4,4,1.648,212.39,1
4,2,0,1,5,0,-1.708,4,5,2,-2.374,3,2,23.45,4,0,4,3.231,-1.643,4,0,5,-5.584,5,1,-1.52,1,4,-0.819,-1.45,1,1,3,4,0.0,0,2,0,5,6,0.158,4,5,0,-0.733,0.0,0
3,2,1,5,4,0,-1.745,1,1,4,1.524,5,1,27.75,0,2,1,1.837,-0.293,0,0,5,2.972,3,4,-1.08,7,1,-1.402,-0.701,5,5,3,3,0.0,4,5,0,2,4,0.708,1,2,4,0.784,0.0,0
0,5,1,1,3,0,3.537,0,2,3,1.211,5,7,29.78,4,7,4,1.706,0.4,2,0,2,-1.338,2,0,-2.051,0,2,-1.181,-0.335,4,4,1,1,0.0,2,7,1,7,6,-0.637,4,4,3,0.208,0.0,0
5,2,5,0,0,0,-3.358,5,3,2,-3.21,2,7,17.18,0,2,0,-4.429,0.372,3,0,2,-0.444,7,4,-0.108,5,2,-0.005,-1.496,3,1,5,3,0.0,3,1,1,2,1,-1.191,7,5,4,-0.976,0.0,0
0,4,1,6,5,0,-1.862,0,4,5,-0.896,5,2,26.79,3,7,2,-0.64,0.354,4,0,4,-2.91,4,4,-2.455,2,3,0.884,-2.782,1,3,5,2,0.0,1,6,2,7,6,-2.293,2,1,4,-2.152,0.0,0
2,5,3,0,0,0,-1.717,4,1,3,2.576,2,4,28.69,0,3,1,-0.954,0.277,5,0,2,3.176,5,2,-0.005,3,4,-0.103,0.174,1,1,1,2,0.0,2,1,2,0,4,0.508,4,3,3,0.308,0.0,0
0,5,2,1,3,0,-0.665,1,0,4,2.428,5,7,27.76,4,5,0,2.031,-0.883,1,0,4,-0.415,7,1,0.995,1,3,-1.527,-0.753,4,5,2,5,0.0,3,5,2,3,5,-0.086,5,3,3,0.091,0.0,0
0,3,0,1,3,0,2.316,1,5,3,1.232,0,2,33.83,3,0,3,0.191,-1.348,1,0,4,3.415,3,3,1.334,3,4,-0.308,-0.787,4,4,1,7,0.0,1,1,5,6,3,-0.457,2,5,0,-0.968,0.0,0
2,6,2,0,5,0,0.466,2,1,3,-0.126,3,3,36.55,4,2,5,-0.332,0.309,2,0,1,-2.273,6,4,3.42,2,4,0.629,-0.725,0,3,2,7,0.0,5,5,0,4,0,0.885,3,1,5,0.601,0.0,0
4,6,5,4,4,0,-2.472,2,3,3,0.524,3,1,23.19,7,7,2,0.769,-0.328,1,0,3,-0.911,4,5,0.954,6,1,-0.371,0.225,0,4,0,6,0.0,0,3,1,1,3,-0.15,7,3,2,-0.487,0.0,0
0,5,3,0,3,0,0.166,1,4,0,-1.899,2,5,30.74,0,2,5,1.123,-0.472,2,0,1,-1.438,4,0,-2.418,4,4,2.124,1.218,2,4,3,2,0.0,3,7,5,4,4,-0.62,1,0,1,-0.445,0.0,0
0,1,0,1,1,0,-1.281,1,2,3,2.063,4,5,33.36,0,6,5,-0.075,-0.955,2,0,1,0.031,2,2,-1.008,4,0,-0.36,-1.686,5,1,1,6,0.0,1,6,2,5,3,-0.169,5,4,0,-0.04,0.0,0
2,3,0,0,0,0,-0.021,4,3,0,-4.489,5,2,22.81,2,0,2,-3.341,1.094,2,0,1,-0.7,3,5,-1.394,0,1,-1.41,1.875,0,4,1,7,0.0,3,4,5,1,7,-0.779,1,5,3,-1.323,0.0,0
5,2,0,3,5,1,0.716,2,3,5,2.924,0,2,46.1,6,0,4,1.978,-0.522,3,1,1,1.763,5,2,1.555,7,0,0.736,2.055,0,0,3,5,0.0,5,2,1,5,2,1.249,6,0,1,1.718,0.0,1
1,6,2,0,4,0,-1.654,1,5,4,-1.178,1,1,18.75,7,2,2,-2.458,-0.51,2,0,1,0.672,4,3,0.726,6,3,1.738,-0.0,3,0,1,0,0.0,4,7,1,5,3,-1.182,0,4,4,-1.091,0.0,0
1,0,0,1,5,1,0.623,5,4,5,1.892,1,7,38.48,1,7,3,0.023,0.473,1,0,3,-0.645,1,5,1.477,1,5,-0.684,-1.552,4,3,2,3,0.0,1,0,1,7,7,1.145,5,0,5,1.448,17.3,1
0,0,5,6,0,0,-0.295,4,4,5,-1.589,1,2,26.26,2,2,1,-2.524,1.133,0,0,2,-0.58,6,3,-1.828,7,4,1.072,-0.881,3,1,5,4,0.0,4,1,3,3,5,0.436,4,4,5,-0.017,0.0,0
0,3,4,0,2,0,-3.674,1,0,1,-2.042,3,4,24.97,7,3,0,-1.776,0.842,1,0,3,-0.647,0,3,-1.37,0,0,-1.023,-0.05,5,4,3,7,0.0,5,3,3,7,7,-1.248,3,5,1,-0.328,0.0,0
1,2,2,2,3,0,0.017,2,4,5,-1.665,2,7,24.66,5,4,4,-1.411,2.678,0,0,5,-4.141,1,4,1.577,5,0,1.283,-0.818,1,3,5,7,0.0,1,5,2,1,1,-0.392,0,1,2,-0.974,0.0,0
2,0,1,7,1,0,1.844,2,4,2,2.272,3,6,51.56,0,5,4,-0.151,1.312,1,1,5,3.517,3,2,0.153,2,3,2.487,1.088,4,3,5,5,0.0,3,2,3,0,7,0.459,7,1,3,0.641,227.89,1
3,0,4,4,2,0,-0.361,3,2,0,-2.82,3,2,19.25,1,7,4,0.613,-1.495,3,0,3,0.731,2,3,0.79,0,3,0.392,2.317,5,3,1,3,0.0,5,1,2,1,2,-0.191,4,5,1,-0.012,0.0,0
1,4,2,4,5,1,2.565,5,1,0,2.25,2,2,37.3,4,1,0,1.39,-0.281,1,1,3,1.272,4,1,1.198,3,0,1.295,0.505,5,1,5,5,0.0,4,2,1,0,5,1.699,3,1,2,1.909,230.46,1
5,7,3,5,2,0,-0.56,1,1,1,-2.069,1,0,29.16,0,3,1,-0.336,-1.468,4,0,5,1.087,0,5,0.596,4,2,-0.601,-0.319,2,4,1,6,0.0,1,7,5,4,6,-0.462,6,2,2,-0.552,0.0,0
5,7,0,6,3,0,1.134,1,0,1,2.147,2,4,25.68,3,6,1,-1.432,-0.123,1,0,1,1.855,3,2,-1.677,6,2,0.936,-0.154,2,1,2,2,0.0,0,5,0,5,6,0.111,0,1,4,-0.191,0.0,0
2,7,5,5,4,0,-0.044,3,2,2,-2.064,2,6,34.44,2,6,1,0.602,-0.045,0,0,4,1.043,5,1,-0.7,3,1,0.204,-0.387,5,4,4,5,0.0,1,4,4,1,3,0.299,5,0,0,-0.174,0.0,0
4,0,5,2,0,0,-0.418,4,0,4,-0.726,0,2,25.38,6,5,5,0.87,0.208,1,0,2,-3.671,5,0,0.321,1,1,1.276,2.081,4,5,2,5,0.0,0,3,5,5,3,-0.811,0,2,5,-1.096,0.0,0
2,1,1,2,1,0,0.206,3,4,3,-1.494,1,6,31.49,5,3,3,2.252,-0.789,1,0,5,0.259,4,0,-0.54,4,4,0.471,0.999,3,1,0,0,0.0,1,1,3,1,3,-0.211,2,4,1,0.261,0.0,0
2,6,5,7,4,0,0.155,5,5,0,-0.26,2,6,51.63,6,0,5,1.678,0.586,0,1,2,1.536,6,2,1.568,1,5,0.751,1.443,5,4,3,3,0.0,4,1,0,4,0,1.328,3,2,2,1.152,171.56,1
0,0,1,4,1,0,0.151,4,2,2,-0.23,2,3,19.32,7,0,5,3.009,-1.315,2,0,5,3.301,2,5,1.154,0,3,1.168,2.122,3,0,5,5,0.0,1,4,3,0,1,0.475,4,5,5,0.595,0.0,0
2,4,0,1,5,0,-1.786,2,0,5,-2.168,1,3,25.43,2,5,1,-1.704,-1.401,2,0,2,-0.658,7,2,-0.642,4,5,-1.958,0.976,2,5,3,5,0.0,3,0,4,4,6,-0.792,0,3,5,-0.97,0.0,0
2,3,4,5,1,0,-2.194,2,3,2,1.23,2,5,25.16,0,5,2,-1.379,-1.067,5,0,4,0.482,4,3,2.058,0,1,-0.376,1.738,0,0,5,5,0.0,4,2,0,6,1,0.806,0,1,5,0.586,0.0,0
4,6,5,3,2,0,1.218,5,5,0,-2.637,1,2,37.68,6,2,0,1.88,-2.375,2,0,3,0.189,5,5,1.551,4,2,-0.176,-1.962,0,4,5,7,0.0,2,6,2,7,6,-0.859,1,3,2,-0.651,0.0,0
5,1,0,3,2,0,-0.125,1,4,1,0.283,4,0,26.86,1,4,2,0.276,-2.41,0,0,4,0.898,6,3,3.959,4,5,2.076,-1.12,3,1,5,3,0.0,3,7,3,0,6,-0.033,1,5,4,-0.332,0.0,0
3,2,0,1,4,0,-1.759,2,0,4,-1.011,4,5,20.82,2,1,0,-0.976,1.333,3,0,4,-1.675,3,1,-0.738,0,1,-0.882,-0.149,2,2,0,7,0.0,5,4,5,6,7,0.608,5,1,2,0.515,0.0,0
4,5,4,1,4,0,0.386,5,3,5,4.025,3,2,23.93,3,7,5,1.886,0.727,1,0,1,1.359,3,5,0.618,3,4,0.977,-0.952,5,4,5,3,0.0,2,2,3,4,0,0.705,0,5,1,0.417,0.0,0
5,0,5,7,2,0,-0.571,2,3,3,-1.14,0,4,25.45,6,3,2,0.691,1.668,2,0,1,-1.605,5,4,-1.833,4,0,-1.001,-0.906,0,5,5,1,0.0,1,1,5,7,0,0.065,5,5,5,-1.254,0.0,0
1,5,5,3,5,0,-0.579,5,5,3,-0.382,4,1,24.55,1,0,3,-0.556,-0.346,5,0,3,0.686,5,3,-3.686,2,1,-1.511,-0.756,0,3,1,5,0.0,1,7,0,1,5,0.222,1,4,3,-0.601,0.0,0
3,0,5,7,0,0,1.364,1,0,0,1.779,3,4,28.78,4,5,2,1.231,1.659,0,0,5,-0.523,3,5,-3.52,1,1,-0.455,-1.702,1,4,4,2,0.0,0,6,1,5,4,-0.86,5,4,5,-0.524,0.0,0
3,4,2,1,4,0,-3.479,3,1,4,1.624,4,5,19.53,6,3,0,-2.712,1.105,5,0,1,-1.873,6,1,-1.73,4,4,-1.378,-1.873,1,5,4,6,0.0,5,3,0,6,4,-0.917,1,1,4,-0.727,0.0,0
0,4,4,4,3,0,-3.684,4,5,1,0.616,1,5,26.73,1,7,3,-0.823,0.936,3,0,0,-1.813,7,5,-2.787,2,4,-2.386,-0.376,5,5,3,4,0.0,4,4,0,1,2,-2.211,4,0,3,-1.47,0.0,0
0,1,3,4,5,0,-1.201,3,5,4,-1.55,4,2,37.25,5,0,2,-1.63,0.672,5,0,1,-2.765,6,0,-3.324,2,1,-0.405,-1.833,0,0,3,3,0.0,4,4,2,4,5,-0.005,0,1,4,-0.681,0.0,0
1,1,4,4,4,0,-1.362,3,4,2,-1.332,5,1,36.06,7,7,5,-1.807,-1.122,0,0,0,-0.585,0,3,0.238,5,1,-0.353,-1.133,3,5,0,4,0.0,3,1,0,4,3,-1.29,3,5,0,-0.902,0.0,0
2,2,5,7,1,0,-0.331,3,2,2,-1.683,0,0,34.77,3,2,5,-1.052,-0.017,4,0,1,0.909,5,0,-1.837,1,2,-0.903,-0.487,5,4,1,6,0.0,3,1,2,3,5,-1.279,4,0,4,-1.583,0.0,0
1,7,5,2,1,0,1.746,1,5,5,0.308,3,6,32.07,2,4,2,-0.885,-0.161,1,0,3,1.426,4,1,1.401,1,5,-1.342,3.12,0,2,2,1,0.0,5,4,2,0,7,0.974,4,2,4,0.807,0.0,0
5,1,1,3,0,0,0.563,0,1,1,2.423,3,4,24.44,1,2,1,2.426,0.304,1,0,1,-1.827,2,2,-0.411,0,5,-0.863,1.711,4,2,5,0,0.0,5,1,1,3,2,0.253,2,0,2,0.521,0.0,0
5,7,2,3,1,0,-2.527,2,4,3,-4.143,0,1,21.08,2,1,5,-1.731,-0.58,3,0,5,-0.289,5,5,-0.363,4,2,-1.308,-0.799,2,5,0,1,0.0,5,2,2,5,2,-1.239,3,4,4,-1.418,0.0,0
1,0,4,6,1,0,-0.022,1,2,1,-0.877,0,7,21.23,2,3,0,-1.773,-0.079,1,0,0,0.271,5,5,0.364,5,2,0.108,-0.247,0,4,2,4,0.0,5,0,1,6,0,-0.881,6,1,5,-1.452,0.0,0
0,6,5,0,1,0,0.893,2,4,5,-0.777,0,3,28.9,6,3,5,1.573,-0.861,0,1,1,1.52,0,0,1.529,4,1,3.135,2.306,3,5,0,3,0.0,5,0,3,6,1,1.17,3,0,4,1.526,99.07,1
4,0,5,1,3,0,1.686,1,2,2,-0.158,1,7,25.32,4,7,1,-0.83,-0.096,1,0,0,0.152,5,1,-2.397,2,5,-0.196,1.589,4,4,2,7,0.0,0,3,5,1,4,-0.291,1,2,1,0.6,0.0,0
2,4,1,3,5,0,-0.967,3,2,2,-0.39,5,2,33.52,7,3,4,-2.351,-0.65,4,0,4,-0.098,3,0,-3.862,6,5,-0.606,-2.076,4,5,4,5,0.0,4,1,5,3,0,-1.105,1,1,0,-1.181,0.0,0
5,0,1,2,4,0,-0.869,1,1,2,-0.344,0,4,26.09,3,4,2,-1.028,1.442,4,0,2,1.275,6,3,-0.285,4,5,-0.634,0.087,3,5,0,1,0.0,5,7,5,4,5,0.072,6,4,1,-0.387,0.0,0
5,2,1,7,2,0,0.314,0,2,1,2.392,5,1,27.41,4,0,4,0.622,-0.675,4,0,2,2.02,6,4,1.087,4,2,1.125,1.642,5,3,1,3,0.0,1,2,5,3,5,0.912,7,0,2,1.08,0.0,0
3,6,1,0,1,1,0.682,0,1,2,4.293,1,6,36.01,0,2,2,1.57,0.746,4,1,2,-1.85,0,1,2.945,2,5,0.881,1.744,2,2,4,1,0.0,4,2,5,0,1,2.564,5,5,5,2.114,34.49,1
4,3,1,7,0,0,1.365,1,3,2,1.462,3,1,45.68,5,3,3,0.787,1.41,4,1,2,0.158,3,0,3.559,7,1,2.39,-1.015,2,5,1,3,0.0,4,2,4,4,7,2.144,4,1,0,1.687,0.0,1
1,6,4,3,2,1,0.758,3,1,3,0.076,2,3,40.25,4,1,1,3.2,-1.259,5,1,4,-2.443,3,0,2.921,3,5,-0.205,1.923,2,5,2,5,41.1,2,2,2,5,0,1.696,0,0,2,1.597,221.0,1
3,7,4,4,4,0,-1.726,3,3,0,-0.795,3,2,37.35,5,1,1,-0.302,0.235,3,0,4,-0.779,4,5,-1.961,0,2,-2.011,1.101,2,5,0,1,0.0,2,0,0,5,0,-0.599,1,4,1,-0.589,0.0,0
5,2,2,6,2,0,0.876,0,1,4,1.621,2,4,23.87,2,2,4,0.985,-0.482,0,0,1,1.804,7,5,0.334,0,0,1.085,-0.223,3,3,0,3,0.0,2,3,2,7,0,1.025,3,4,5,0.771,0.0,0
5,3,3,4,3,0,-0.188,1,4,4,-0.729,5,1,24.96,2,3,0,-0.597,-0.159,2,0,3,-1.197,4,3,1.96,6,5,1.51,2.761,2,3,2,6,0.0,5,5,5,1,0,1.273,0,3,4,1.193,0.0,0
4,2,1,7,2,0,-0.004,4,0,0,-1.788,4,7,28.42,4,1,5,0.78,0.778,4,0,1,-1.137,4,2,-0.785,2,0,-0.225,-0.904,4,1,3,4,0.0,4,7,0,5,7,-1.741,3,0,3,-0.542,0.0,0
2,0,0,6,2,0,1.284,5,1,5,-1.097,0,2,31.65,6,4,5,-0.608,0.02,5,0,2,-2.497,1,3,-0.222,0,4,-0.06,0.762,1,4,2,3,0.0,5,4,1,2,3,0.568,1,5,0,0.298,0.0,0
5,5,3,7,3,0,-2.97,1,3,2,0.071,3,5,21.51,6,0,4,-0.445,0.874,5,0,0,-1.109,2,2,-1.105,0,0,-1.034,-1.929,0,4,3,4,0.0,0,3,5,7,2,-0.397,4,4,3,-0.436,0.0,0
1,3,4,6,4,0,-4.882,2,3,3,0.104,0,6,19.94,3,1,1,-0.646,-0.034,1,0,0,2.876,1,5,-1.713,5,2,0.199,0.097,4,4,5,3,0.0,2,3,1,0,0,0.072,6,1,4,-0.336,0.0,0
1,0,5,7,4,0,-1.535,5,5,4,1.002,1,1,35.49,2,3,2,0.537,-0.137,2,0,4,-2.453,5,5,-0.905,3,5,-1.835,-3.314,3,3,4,5,0.0,5,5,1,6,3,-0.676,7,3,5,-0.634,0.0,0
5,7,0,7,2,0,-1.008,4,4,3,0.144,4,0,35.95,1,3,5,-0.198,-1.477,4,0,3,0.941,5,3,-1.552,2,1,0.455,-1.524,4,5,4,3,0.0,0,0,1,1,1,-0.969,2,4,1,-0.607,0.0,0
5,7,3,0,4,0,-2.314,2,0,3,1.065,5,6,33.09,3,4,3,1.486,-1.551,1,0,0,-3.713,0,0,-1.024,7,4,-0.046,0.973,2,4,1,6,0.0,1,0,4,1,4,-0.453,0,4,1,0.437,0.0,0
2,4,3,1,0,0,0.511,3,5,1,0.275,0,0,27.58,6,4,2,-3.215,0.643,3,0,1,-1.468,1,3,-1.74,0,3,-1.268,-2.237,1,4,3,5,0.0,3,4,5,3,4,-2.233,2,2,5,-1.423,0.0,0
3,4,5,2,0,0,-2.301,3,2,0,0.717,5,0,27.26,4,1,1,1.897,-0.114,4,0,1,-1.678,5,2,-1.896,0,5,-0.461,2.445,4,5,2,7,0.0,0,7,1,0,7,-0.494,1,3,2,-0.818,0.0,0
5,6,3,4,0,0,4.326,0,2,0,1.28,5,7,15.73,3,4,2,1.18,-0.687,3,0,2,-0.162,7,3,2.552,3,4,2.913,0.82,3,2,2,4,0.0,5,5,3,4,7,1.672,1,1,1,1.586,0.0,0
0,0,5,4,4,0,2.956,0,4,0,2.026,3,4,33.1,5,2,3,3.77,-1.904,3,1,5,4.566,2,4,-1.7,2,4,0.974,1.83,3,4,4,4,0.0,1,5,4,2,1,1.568,6,0,3,1.314,122.11,1
1,7,1,7,5,0,-0.948,1,4,0,-0.109,5,1,26.24,6,2,4,-1.416,-0.475,4,0,3,-1.344,6,5,1.668,7,1,-1.218,-0.96,1,0,5,6,0.0,3,4,5,0,2,-1.065,0,5,2,0.036,0.0,0
3,1,2,4,2,0,1.772,3,2,0,-0.004,0,2,27.98,1,7,2,0.673,-0.272,1,1,4,1.306,6,4,0.958,1,0,3.988,2.228,3,2,2,6,0.0,0,3,1,3,1,0.741,3,2,0,1.154,80.0,1
2,4,1,0,0,0,-1.048,2,1,3,-1.826,1,0,29.86,3,2,0,-1.463,-0.633,5,0,0,-3.119,1,5,-3.899,2,3,-2.617,-2.052,5,1,4,4,0.0,2,3,3,1,0,-2.629,0,3,2,-2.002,0.0,0
5,4,0,1,2,0,-0.426,1,4,0,-1.681,0,4,30.66,0,0,5,-4.203,-0.258,3,0,3,-0.233,4,2,-2.554,2,4,-0.528,-0.011,0,5,5,1,0.0,1,2,4,6,7,-1.259,3,4,3,-1.633,0.0,0
3,7,5,0,1,0,2.106,0,1,0,1.449,2,5,31.01,3,4,1,-1.168,0.623,4,0,3,-0.889,0,2,-2.258,3,0,1.036,-2.093,2,3,3,6,0.0,4,3,2,3,5,-0.874,2,5,1,-0.977,0.0,0
3,1,3,5,4,0,0.049,0,4,2,1.632,0,5,27.23,4,4,1,-0.642,-1.415,2,0,4,1.302,4,5,-1.002,0,2,0.176,0.589,1,4,5,5,0.0,0,6,5,3,1,0.292,1,1,5,-0.697,0.0,0
0,3,3,0,3,0,-0.155,3,4,0,1.694,0,7,34.54,6,2,3,-1.135,2.012,2,0,1,0.611,2,0,-0.664,6,3,-0.129,-1.043,2,1,5,3,0.0,2,6,2,1,6,-0.505,0,4,5,0.059,0.0,0
3,3,0,0,4,0,1.872,2,5,1,1.281,3,3,29.41,2,2,2,0.035,-0.667,5,0,2,1.573,7,2,-1.105,2,4,1.372,1.492,5,2,2,1,0.0,4,6,3,6,5,0.299,1,1,2,-0.59,0.0,0
2,3,4,7,3,0,0.812,2,3,4,-3.215,4,1,14.15,5,7,4,-3.299,-0.569,0,0,3,-0.417,3,1,-0.558,1,5,-1.808,-1.297,1,1,5,5,0.0,1,0,1,6,1,-0.746,7,0,5,-0.586,0.0,0
4,2,2,1,1,1,-0.077,5,3,0,1.071,1,2,35.27,0,1,1,5.728,-1.377,1,0,5,3.767,3,5,1.948,3,0,0.424,1.931,2,5,5,3,0.0,2,3,5,5,5,0.505,7,1,1,0.391,134.09,1
2,3,4,0,1,1,0.953,2,2,2,1.022,1,4,29.71,0,7,2,1.844,2.751,4,0,1,1.833,2,3,1.644,5,5,2.124,-1.947,0,2,3,2,0.0,5,1,2,3,5,1.058,0,1,5,0.433,0.0,1
1,5,2,1,0,0,-1.037,1,4,1,-1.839,2,6,34.13,5,3,5,0.863,-0.357,0,0,5,-0.943,7,2,0.726,7,3,-0.836,1.354,3,2,3,4,0.0,1,7,5,3,2,-1.015,5,2,4,-1.366,0.0,0
1,6,4,2,0,0,-5.706,1,3,5,-1.672,3,0,26.73,6,3,4,-2.222,-0.809,4,0,2,-4.254,5,0,-0.473,2,1,-2.323,-0.664,1,5,4,7,0.0,5,4,5,7,6,-1.983,0,3,4,-2.845,0.0,0
5,2,3,0,3,0,-0.162,0,3,1,-1.547,2,7,31.09,3,5,1,0.382,-0.335,0,0,3,-1.038,2,0,0.25,5,5,1.642,-2.984,1,5,5,2,0.0,1,1,3,3,3,-1.328,4,2,1,0.006,0.0,0
3,0,0,5,0,0,-2.35,2,4,3,1.823,3,5,35.79,7,2,2,0.647,-0.504,1,0,1,-2.72,1,0,0.421,7,5,0.04,0.914,2,0,2,1,0.0,1,3,5,7,3,0.051,2,0,4,-0.213,0.0,0
2,7,3,7,5,0,-0.259,4,1,4,-0.863,3,2,21.72,7,5,0,-1.41,-0.419,4,0,3,-1.696,1,3,-0.108,2,4,-0.62,-0.057,4,1,1,1,0.0,0,0,2,4,1,-0.355,0,5,5,-0.229,0.0,0
3,5,4,6,1,1,2.284,5,0,2,0.991,3,1,38.65,4,2,0,0.912,0.108,4,1,5,3.869,1,5,2.006,3,3,0.045,3.556,5,2,0,4,0.0,1,6,0,1,5,1.359,5,0,3,1.522,160.48,1
2,6,3,1,0,0,-0.499,5,4,1,0.286,1,4,29.05,6,2,5,-2.609,0.387,4,0,4,-1.289,7,4,-0.624,3,3,-4.06,0.966,5,3,5,0,0.0,3,2,4,1,7,-0.8,0,1,0,-1.01,0.0,0
3,3,4,6,1,0,1.141,1,2,0,0.925,0,7,31.65,7,7,5,-1.481,0.759,4,0,5,-0.807,7,1,1.016,4,3,0.154,0.271,5,2,1,5,0.0,2,7,3,0,0,1.2,2,5,0,0.515,0.0,0
3,0,4,3,1,0,1.258,4,0,0,-2.225,0,3,27.54,3,7,0,-2.169,-0.325,2,0,2,4.221,6,1,0.186,4,4,-0.94,0.581,3,1,1,6,0.0,1,4,1,4,1,-1.535,7,0,3,-1.15,0.0,0
0,6,5,0,5,0,-0.94,1,0,0,2.457,1,4,47.33,3,6,2,0.543,0.731,5,1,5,-0.011,6,0,2.257,3,0,0.496,2.156,3,2,3,1,0.0,0,0,2,7,3,0.009,7,3,3,1.206,21.33,1
1,6,0,4,5,1,0.173,4,2,4,1.58,3,1,54.52,1,4,4,2.291,0.469,4,1,0,3.28,1,0,1.845,2,5,2.506,1.949,2,4,0,1,0.0,1,6,2,7,2,2.0,5,5,3,1.549,219.1,1
3,1,4,3,3,0,1.531,2,1,0,-2.425,2,0,21.03,7,1,3,0.678,0.147,3,0,2,-1.072,2,4,-0.565,1,4,2.068,0.76,5,5,4,1,0.0,1,7,1,4,3,0.835,4,1,1,0.721,0.0,0
3,4,5,3,1,0,1.876,5,5,3,-0.859,0,2,32.53,1,7,1,-1.242,-1.032,5,0,3,1.861,2,4,1.846,6,1,0.266,-0.277,0,1,1,3,0.0,1,3,3,1,4,1.113,2,4,3,0.994,0.0,0
5,7,4,3,2,0,-2.82,2,1,2,-0.717,0,5,24.96,0,1,3,-0.969,1.219,5,0,3,-2.374,0,0,-1.38,3,0,-1.748,-2.332,1,1,0,2,0.0,0,6,2,1,5,-1.304,0,5,2,-1.312,0.0,0
2,0,5,3,4,0,0.618,1,1,0,0.804,2,6,26.21,1,0,3,-0.279,-0.83,1,0,3,-2.179,4,4,-2.175,3,1,0.644,-3.915,2,3,2,4,0.0,2,2,1,1,4,-0.897,1,3,4,-1.022,0.0,0
5,3,1,4,1,1,5.347,2,3,5,2.137,4,6,31.47,3,1,5,4.869,0.713,2,1,3,6.746,2,4,5.821,5,1,1.113,3.277,0,5,1,2,0.0,3,4,5,2,6,3.574,5,2,2,3.232,0.0,1
1,2,0,3,2,0,2.009,4,2,3,-0.721,4,2,30.42,6,3,1,-0.396,-0.028,1,0,2,-0.49,7,5,-0.549,0,5,1.688,0.055,3,5,3,7,0.0,0,6,1,7,3,0.49,6,2,5,0.335,0.0,0
3,0,5,0,5,0,-0.361,1,2,3,1.229,0,3,18.15,1,4,3,0.308,-0.695,1,0,5,0.028,0,1,1.197,7,0,0.283,-0.372,0,4,5,3,0.0,4,1,1,7,1,0.226,5,0,1,0.577,0.0,0
4,6,4,2,2,0,0.253,5,1,2,-1.336,4,5,25.14,6,6,3,2.183,-0.352,2,0,3,0.092,4,3,0.843,7,2,-0.458,-2.478,3,4,3,6,0.0,3,4,3,2,3,0.135,4,3,2,0.618,0.0,0
2,1,5,3,4,1,0.934,5,3,5,-2.087,1,1,36.63,0,5,3,-1.289,-1.086,2,1,4,0.889,2,5,-0.612,1,0,0.73,3.83,0,5,1,4,0.0,2,5,4,7,2,1.017,4,0,0,0.456,204.47,1
1,4,5,2,3,0,-2.256,2,0,1,-1.68,2,1,26.48,5,5,1,0.105,1.426,2,0,0,2.829,7,5,-1.655,7,5,-1.092,-4.196,1,4,0,2,0.0,2,2,4,7,1,-0.365,7,5,5,-0.922,0.0,0
3,6,3,0,2,0,1.1,0,0,2,1.347,1,0,26.56,2,6,0,0.859,0.233,2,0,3,0.961,3,5,1.601,7,4,0.138,-0.06,1,5,3,2,0.0,1,1,5,1,6,-0.207,7,2,0,0.313,0.0,0
5,2,2,0,0,0,2.048,3,0,5,-0.62,3,1,32.55,1,7,1,-1.048,0.406,3,0,2,-2.812,5,2,-0.483,0,3,0.196,-2.165,4,5,3,6,0.0,3,7,2,2,0,0.587,0,1,0,0.045,0.0,0
0,3,1,4,4,0,-0.263,3,1,0,-0.042,5,4,40.79,1,5,2,1.029,1.442,4,0,5,3.156,2,2,0.583,3,2,1.272,0.571,5,1,1,6,0.0,5,3,4,0,7,-0.819,7,4,2,-0.748,0.0,0
5,0,3,5,5,0,2.626,1,5,4,0.843,3,6,41.33,3,2,2,0.807,1.703,0,1,3,4.285,4,2,-0.92,4,5,1.978,2.043,4,4,3,3,0.0,1,5,0,2,0,1.528,2,1,5,1.403,208.22,1
5,6,5,5,2,0,1.722,1,3,1,0.156,4,7,26.41,7,5,5,-1.6,0.038,1,0,0,0.09,7,1,-0.158,4,3,0.101,1.042,3,1,1,1,0.0,4,3,2,7,5,0.0,1,2,5,-0.451,0.0,0
3,2,1,7,5,0,-2.051,3,2,5,-0.747,5,7,25.99,0,4,5,-2.147,0.355,1,0,0,-6.354,0,4,-2.278,0,3,-0.53,-1.068,0,5,0,7,0.0,0,6,4,3,2,-1.401,5,2,2,-1.144,0.0,0
0,4,4,6,4,0,3.952,3,1,1,-1.465,1,7,27.66,4,2,4,-1.562,1.24,5,1,2,0.627,1,4,3.768,4,0,0.828,1.315,2,2,5,6,0.0,3,3,5,7,2,-0.103,2,4,0,0.787,122.02,1
3,1,4,3,1,0,-2.091,0,0,3,-1.289,2,6,25.95,2,5,2,-0.248,-0.528,5,0,1,-3.677,2,1,0.373,2,5,-1.637,-0.732,3,2,0,5,0.0,5,7,0,3,3,-0.901,1,3,4,-1.403,0.0,0
4,0,5,1,3,0,-1.096,3,3,3,-0.73,4,1,28.12,2,2,1,1.531,0.014,2,0,2,-0.981,4,0,0.044,5,3,-0.744,-1.798,1,4,1,1,0.0,4,7,5,6,4,-0.567,0,2,0,-0.369,0.0,0
1,5,5,5,0,0,-1.441,3,1,4,-0.95,1,2,17.42,2,7,2,-1.893,-0.369,0,0,2,-2.388,6,5,1.408,0,3,-0.413,-2.626,3,0,2,4,0.0,0,4,2,2,3,-0.1,1,0,2,-0.187,0.0,0
4,4,2,3,2,0,-1.326,4,2,2,-1.129,3,0,29.53,2,4,1,-1.094,1.305,3,0,4,0.645,1,3,-2.237,3,0,0.202,1.672,5,4,0,2,0.0,4,7,2,6,0,-1.154,6,0,3,-0.891,0.0,0
3,2,3,3,3,0,1.127,3,4,0,0.959,2,1,35.06,4,3,3,3.897,0.877,0,0,1,-0.193,6,2,2.813,7,3,0.217,0.371,1,3,2,5,0.0,1,2,3,7,1,0.545,1,0,0,0.056,0.0,0
4,4,1,6,0,0,-0.153,4,0,0,-0.452,0,2,27.46,6,6,4,-2.376,0.968,5,0,4,-1.23,2,4,-2.932,0,1,-0.914,0.465,4,1,1,2,0.0,1,4,5,4,6,-0.586,7,5,2,-0.174,0.0,0
4,2,5,1,5,0,1.32,1,2,2,-0.231,2,6,35.49,6,6,2,-0.375,-0.036,2,0,4,1.373,1,3,0.877,3,4,1.373,1.318,3,4,3,7,0.0,0,0,4,5,2,0.746,3,4,4,0.845,0.0,0
4,7,0,3,3,0,-1.472,2,3,3,0.669,2,2,37.32,6,6,4,-1.072,-1.655,1,0,1,-1.932,4,1,-0.483,6,0,0.154,-0.058,0,1,5,3,0.0,5,7,2,1,4,-0.694,7,1,5,-0.929,0.0,0
4,3,5,4,0,1,1.938,1,0,0,4.684,5,3,36.06,1,2,4,1.977,1.931,3,1,1,0.599,3,5,0.541,4,3,2.473,2.462,4,3,0,4,0.0,1,6,3,4,4,2.379,6,4,1,2.498,112.53,1
3,1,4,2,5,0,0.526,1,5,1,-0.254,1,4,26.43,2,4,3,1.093,-2.079,0,0,5,1.733,3,0,2.627,0,2,0.072,0.587,5,5,1,2,0.0,2,3,3,1,5,0.168,3,4,3,-0.059,0.0,0
4,6,1,1,0,0,-0.847,2,5,1,-0.568,3,2,41.76,6,1,2,-0.003,1.21,1,0,3,6.191,6,4,-0.702,7,2,1.593,-2.801,0,2,4,2,0.0,0,4,4,3,0,-0.202,5,5,1,0.134,0.0,0
3,6,1,2,0,0,0.392,4,5,3,-0.136,4,5,34.21,6,2,0,-3.62,-1.288,2,0,1,-0.235,1,3,-0.463,1,5,-0.897,-2.768,4,5,3,0,0.0,1,3,2,7,2,-0.468,1,4,0,-0.807,0.0,0
1,7,0,6,4,0,2.038,4,5,3,0.816,5,1,45.23,5,3,4,-0.689,-2.182,3,0,1,1.38,2,4,-1.214,3,3,-1.463,-1.421,1,1,2,1,0.0,2,4,2,2,2,-0.651,3,0,4,-0.324,0.0,0
2,1,3,6,1,0,-0.341,2,5,5,2.186,4,7,32.33,0,1,1,-2.34,-0.788,4,0,4,0.437,6,1,-1.45,0,2,-2.32,0.545,1,4,3,6,0.0,4,5,4,2,5,-1.043,6,0,5,-0.455,0.0,0
0,1,3,4,0,0,-1.286,2,0,2,-0.65,5,6,21.76,0,0,0,-1.884,1.342,3,0,3,1.469,7,4,-1.823,3,0,-1.145,0.889,0,1,1,6,0.0,3,2,5,7,7,-0.867,6,5,5,-1.08,0.0,0
0,1,1,1,2,0,-0.982,0,3,2,-5.417,3,7,33.5,6,5,4,-2.08,-0.388,3,0,4,-5.541,0,2,2.259,5,0,-0.584,-0.608,4,4,1,1,0.0,3,3,1,0,0,-1.282,4,1,1,-0.541,0.0,0
2,7,2,1,1,1,4.296,3,2,0,2.811,1,1,33.86,4,1,4,2.542,1.191,4,1,5,2.21,4,5,3.726,2,1,2.401,5.014,3,5,1,3,0.0,1,7,1,2,4,1.527,0,5,4,2.123,60.41,1
4,4,1,0,2,0,-4.342,5,2,2,0.877,4,6,36.42,4,0,3,1.569,1.127,2,0,0,-1.354,0,4,0.415,7,5,1.564,0.466,2,2,5,4,0.0,4,6,2,7,4,0.296,5,0,3,0.335,0.0,0
5,5,4,0,3,0,-0.431,1,5,5,-0.709,4,1,28.09,1,6,0,-1.742,-0.956,3,0,3,-5.132,1,3,-2.145,2,3,-0.485,-0.21,5,5,4,2,0.0,3,7,4,6,1,-0.617,4,5,2,-0.44,0.0,0
3,6,5,1,4,0,-1.82,4,2,3,-0.416,4,3,24.5,1,3,5,-2.819,0.31,4,0,2,-0.971,6,2,0.356,2,2,0.962,0.698,2,0,1,3,0.0,5,4,1,6,6,-0.266,0,3,0,-0.11,0.0,0
3,4,0,0,3,0,-0.59,2,0,3,2.411,4,0,30.62,3,4,4,0.434,0.016,5,0,1,4.58,7,1,0.956,3,3,0.706,3.464,0,4,1,4,0.0,5,2,0,2,5,0.887,0,4,2,0.594,0.0,0
1,3,5,3,2,0,-1.207,3,3,4,-2.685,3,3,23.18,2,5,1,-3.308,-1.391,5,0,0,-0.978,5,4,-0.139,2,1,-1.082,0.411,2,3,3,6,0.0,3,0,2,2,1,-0.687,4,3,2,-0.575,0.0,0
4,1,2,7,3,0,-3.9,2,2,0,0.79,3,7,26.7,6,1,0,0.442,0.027,0,0,3,-2.771,2,1,-0.675,3,3,2.2,0.123,5,3,2,4,0.0,5,6,1,4,4,-0.363,5,1,2,-0.246,0.0,0
4,5,4,3,2,0,-1.645,1,2,4,-0.916,1,5,18.29,1,4,1,-0.266,-0.132,1,0,0,1.428,0,4,-1.484,6,1,-0.02,0.136,5,2,3,7,0.0,2,5,2,2,1,-1.432,4,2,0,-1.105,0.0,0
3,5,4,6,3,1,0.456,0,5,0,1.105,2,3,39.34,4,4,3,3.93,-0.37,1,1,4,4.545,6,5,-0.156,6,3,1.878,5.46,4,3,1,4,0.0,4,3,5,3,4,0.953,2,3,3,1.631,41.45,1
1,6,0,7,1,0,-0.01,3,3,2,-4.427,0,1,23.3,1,1,2,-2.575,-0.754,5,0,4,-3.373,1,1,-1.601,4,0,-0.906,-1.391,4,0,0,2,0.0,1,0,4,0,1,-1.44,4,4,3,-1.152,0.0,0
2,1,4,7,3,0,-2.163,2,5,0,0.476,2,1,40.66,0,6,1,-1.342,-0.36,3,0,0,-0.978,1,2,2.626,5,0,-1.411,-0.7,4,0,3,7,0.0,3,6,5,3,5,-0.67,1,2,4,-0.808,0.0,0
1,7,4,0,3,1,-0.146,3,0,0,1.816,1,7,43.3,6,2,5,1.532,-0.946,1,0,1,-1.557,4,1,2.321,5,5,1.131,-1.045,3,5,2,1,49.54,3,3,2,3,3,-0.499,7,5,3,1.175,181.1,1
0,6,0,1,4,0,1.616,5,5,2,0.838,3,3,22.77,7,0,0,-0.242,0.676,1,1,3,1.834,5,4,1.25,3,2,-0.436,-0.802,0,4,0,4,0.0,1,3,4,5,6,0.704,0,5,2,0.645,114.69,1
5,1,1,7,3,0,1.117,0,1,4,2.313,1,6,26.84,1,4,1,3.022,2.215,0,1,0,-1.665,2,2,5.677,3,2,0.172,3.498,3,5,3,7,0.0,4,5,0,5,5,1.528,7,0,0,1.835,12.23,1
0,2,3,7,1,0,-3.528,1,3,4,1.748,1,4,27.69,5,0,3,1.187,0.168,4,0,5,1.703,2,0,0.312,4,0,-0.053,0.481,3,1,2,5,0.0,2,1,0,4,2,-0.238,6,4,2,0.437,0.0,0
0,4,5,7,3,0,0.324,4,0,4,-0.023,5,6,31.7,3,0,2,-0.522,1.485,4,0,2,3.807,5,5,1.083,4,4,-0.394,-0.079,2,4,3,4,0.0,4,0,3,1,7,0.674,1,2,5,0.723,0.0,0
3,4,0,3,3,0,-1.124,5,3,5,0.289,3,4,27.87,2,3,5,0.491,-0.365,2,0,5,-0.206,1,5,-2.269,6,3,-0.764,-0.478,5,0,4,6,0.0,5,1,1,2,7,0.541,0,1,3,0.27,0.0,0
0,4,3,2,0,0,-0.664,2,1,5,-2.601,2,5,28.82,7,7,1,-0.4,0.018,3,0,2,-1.647,7,2,-2.049,2,4,-0.067,-2.943,4,1,3,0,0.0,5,2,4,7,2,-1.451,2,0,4,-0.949,0.0,0
5,5,3,1,5,0,-0.731,3,5,2,-0.295,4,1,25.24,0,4,5,1.315,0.634,3,0,4,-0.708,6,5,0.951,3,2,1.229,-1.747,4,1,3,3,0.0,5,2,2,0,7,-0.147,5,4,5,-0.614,0.0,0
4,7,2,1,3,0,-0.139,1,1,4,0.667,3,4,31.47,2,4,3,4.356,1.921,5,1,4,0.892,4,0,0.817,4,4,-0.617,0.379,1,2,4,7,0.0,5,6,0,5,7,1.165,1,4,0,0.962,178.92,1
4,5,0,7,3,1,-0.975,5,0,1,4.17,3,7,40.86,2,3,0,0.051,1.033,5,1,3,-0.629,4,3,3.795,7,2,1.826,4.97,5,2,5,1,0.0,4,5,0,7,4,2.342,1,2,0,2.459,22.4,1
1,4,4,1,5,0,-1.407,3,5,5,-6.068,3,3,25.46,2,0,1,-0.917,-1.085,0,0,3,-3.34,3,0,-5.334,6,2,-0.896,-0.599,2,0,0,5,0.0,1,3,1,0,2,-1.924,3,1,1,-1.635,0.0,0
5,6,5,6,1,0,0.628,2,4,1,-2.244,2,6,19.5,6,1,3,-0.542,-0.716,5,0,1,0.368,1,4,-0.382,5,0,-1.124,0.69,0,0,4,4,0.0,2,0,2,1,7,0.94,6,3,0,0.108,0.0,0
5,4,1,3,3,0,-1.378,0,2,5,-2.031,5,3,28.56,2,4,5,-0.783,1.751,3,0,0,-0.602,6,2,-1.515,2,5,-0.63,-1.924,3,1,5,7,0.0,3,5,5,2,7,-0.195,4,3,4,-0.421,0.0,0
0,4,0,4,1,0,-1.774,2,0,4,-0.69,4,2,30.28,0,6,0,-1.261,0.494,1,0,3,0.284,2,4,-1.581,5,5,-0.637,-1.645,4,1,1,1,0.0,4,5,1,5,2,-0.326,5,0,0,-1.414,0.0,0
4,3,1,3,1,0,1.597,3,5,3,2.069,0,0,31.07,4,1,3,-0.291,2.194,0,1,1,1.885,5,5,2.586,1,3,3.041,2.842,4,4,1,0,0.0,2,6,0,0,2,1.869,4,2,0,1.117,210.32,1
4,6,4,1,2,0,-0.465,5,2,1,-2.407,4,4,26.49,5,1,3,-2.181,2.186,3,0,1,2.739,2,2,-1.88,2,5,-1.267,0.79,5,5,5,1,0.0,3,5,2,4,0,-0.716,7,4,5,-0.807,0.0,0
0,3,3,5,2,0,0.488,4,4,3,-2.584,3,7,31.41,1,0,2,-0.637,0.027,4,0,1,-6.753,6,0,0.501,7,1,-3.913,-1.694,5,4,1,6,0.0,5,4,4,3,4,-1.616,6,3,3,-2.198,0.0,0
1,2,2,1,3,0,1.157,5,4,3,0.295,3,7,24.42,6,2,0,0.571,-0.58,5,0,3,-0.311,1,5,-1.056,6,0,-1.301,1.204,4,0,0,1,0.0,3,6,5,1,4,0.205,1,3,1,0.776,0.0,0
4,1,0,7,3,0,-1.447,5,4,2,-1.484,0,0,39.32,4,0,0,-2.214,0.232,3,0,0,1.299,2,3,-4.295,6,0,-1.411,-1.933,2,3,3,6,0.0,3,0,2,2,0,-2.001,7,3,3,-1.633,0.0,0
4,1,5,0,4,0,2.028,4,5,0,-0.584,1,5,44.3,1,2,5,3.021,0.736,2,1,2,-0.82,3,0,2.37,0,5,-0.119,0.642,5,5,3,2,0.0,5,2,5,3,0,1.62,2,3,2,1.489,84.21,1
4,3,1,0,2,1,0.272,3,4,3,1.002,3,5,41.04,5,0,2,3.255,0.515,1,1,1,-1.084,0,5,2.791,2,5,3.953,1.639,4,2,2,0,0.0,5,1,0,5,0,2.396,5,1,5,2.23,125.88,1
2,5,4,7,4,0,1.116,2,1,3,-0.69,5,6,18.24,3,1,4,-1.793,0.616,1,0,4,-1.014,7,4,-1.739,0,4,-0.754,-0.96,0,4,4,3,0.0,1,3,3,1,3,-0.769,2,2,1,-1.157,0.0,0
2,0,3,5,0,1,-0.02,1,0,2,2.748,1,3,51.58,3,6,0,-1.153,0.404,3,1,3,2.353,0,5,-2.64,2,3,2.484,4.864,2,5,1,3,0.0,4,5,5,1,2,2.102,7,4,3,1.745,0.0,1
2,3,4,2,1,0,0.323,1,2,3,-2.112,2,2,35.01,4,6,1,-0.59,-1.396,1,0,0,6.017,7,4,1.709,1,4,-0.167,1.59,3,5,4,5,0.0,1,3,2,0,5,-0.423,4,1,1,0.077,0.0,0
4,2,1,5,2,0,0.706,5,5,4,-1.705,2,3,47.48,6,5,2,-0.238,1.26,4,1,4,4.57,7,1,1.81,0,0,0.366,2.863,5,3,2,5,0.0,4,1,5,1,6,1.353,6,4,1,1.208,32.97,1
0,0,2,5,2,0,-0.742,3,0,5,-3.323,2,6,31.34,7,5,3,-1.865,-1.084,1,0,1,-3.892,3,2,0.656,5,1,1.143,-1.619,5,1,2,1,0.0,2,6,2,1,3,0.175,4,4,5,-0.784,0.0,0
0,3,1,1,5,0,3.318,2,0,1,3.324,1,0,38.46,7,1,4,0.616,-0.738,1,1,0,-3.435,5,1,1.789,3,2,-0.611,1.358,4,4,3,6,0.0,1,3,2,5,6,1.614,3,2,1,1.242,0.0,1
4,0,1,4,5,0,-1.914,5,5,4,-0.068,1,4,24.6,5,5,5,-1.062,-1.8,4,0,2,-1.152,1,2,0.556,1,4,-1.634,-0.889,0,1,2,7,0.0,0,7,1,3,0,-0.993,2,2,0,-0.651,0.0,0
5,1,1,5,4,0,2.16,3,2,0,1.931,5,1,25.48,2,4,5,0.092,0.546,0,0,1,-0.972,0,3,-1.489,3,3,0.215,1.02,2,3,4,7,0.0,5,3,5,0,5,1.127,1,4,3,0.411,0.0,0
2,7,2,0,4,0,-0.581,5,1,4,-0.349,4,0,37.26,5,7,5,0.74,0.244,1,1,5,2.469,7,3,-1.401,2,3,0.397,2.292,5,0,4,4,0.0,0,5,4,1,5,1.343,5,5,1,1.626,136.12,1
5,1,1,6,1,0,3.341,5,4,2,1.13,4,2,19.2,0,5,5,-2.606,0.48,2,0,1,0.388,3,2,0.688,1,0,-0.885,-2.236,3,1,1,4,0.0,5,1,3,4,6,-0.447,5,3,0,-0.564,0.0,0
5,6,3,1,3,0,-2.888,5,2,4,3.237,4,2,35.96,4,1,2,-1.049,-0.187,2,0,5,2.503,1,2,1.95,4,3,0.871,-0.044,1,4,4,7,0.0,3,4,5,2,5,0.443,6,5,2,-0.56,0.0,0
3,5,4,5,0,0,0.667,4,0,0,1.124,1,4,31.64,4,4,4,3.397,0.132,5,1,2,-1.381,5,5,-2.309,3,5,-0.046,1.973,3,3,1,3,0.0,1,7,5,6,2,1.153,3,2,3,1.651,184.96,1
4,3,1,6,5,0,0.088,3,0,5,0.423,0,6,22.85,6,5,2,-3.755,-0.266,1,0,3,1.055,2,0,0.255,6,5,2.281,-1.222,4,0,2,6,0.0,3,6,4,2,5,0.183,0,4,0,-0.193,0.0,0
1,5,1,2,4,0,-2.417,2,3,1,-0.884,2,1,25.7,0,3,4,-0.814,0.584,3,0,0,-3.072,4,4,2.714,7,1,2.208,-1.185,2,2,1,7,0.0,4,5,3,0,6,-0.416,7,2,3,-0.226,0.0,0
4,3,0,5,4,0,-0.315,4,3,2,-1.938,4,1,38.63,1,5,3,0.896,1.604,0,0,2,4.048,2,4,-1.121,4,3,1.292,0.21,2,5,3,6,0.0,2,7,4,7,4,-0.623,3,1,2,-0.526,0.0,0
1,7,3,4,1,0,0.03,0,0,4,-1.437,0,6,39.9,0,6,0,-0.62,0.509,4,0,1,-2.292,6,0,-3.489,6,1,-0.435,-3.802,5,5,0,0,0.0,5,3,4,6,4,-1.41,1,4,4,-1.612,0.0,0
2,4,0,5,2,0,-2.489,4,0,4,-2.794,0,3,31.53,1,6,1,-3.806,0.225,3,0,2,-5.332,4,5,-3.118,2,0,-1.304,-2.305,1,4,2,1,0.0,5,6,2,0,7,-2.335,1,3,2,-2.254,0.0,0
1,4,5,3,1,1,2.511,1,4,2,1.196,1,0,40.35,1,1,2,0.886,-0.223,4,0,1,2.352,6,4,0.761,7,0,1.564,0.674,4,5,1,4,0.0,2,7,5,0,2,1.167,6,1,3,0.755,0.0,1
5,7,5,6,5,0,-0.721,5,0,4,-1.909,1,0,29.26,4,5,2,-1.256,-1.316,0,0,5,-1.151,7,3,-3.397,5,1,-1.906,-1.877,4,2,4,2,0.0,0,1,2,1,4,-2.434,2,4,3,-2.462,0.0,0
3,2,0,5,4,0,-0.702,1,2,3,-0.11,5,6,45.9,1,1,3,2.982,-2.458,2,0,2,-1.399,5,0,0.817,4,2,0.68,2.281,5,2,0,1,0.0,1,1,2,1,1,0.464,3,2,0,0.468,0.0,0
4,3,3,0,5,0,1.582,3,2,0,0.337,4,2,28.43,2,0,4,-0.594,-1.772,2,0,4,5.324,6,3,-0.784,2,4,-0.002,2.176,5,2,4,6,0.0,4,2,2,2,0,0.636,6,1,4,0.824,0.0,0
1,6,2,0,3,0,-0.394,3,3,2,-2.635,1,0,28.26,3,0,1,-1.872,0.626,2,0,0,1.117,6,1,-1.095,0,4,0.642,1.333,5,4,1,2,0.0,5,2,2,1,4,-0.206,3,0,2,-0.608,0.0,0
3,2,1,7,5,1,-0.651,4,5,3,1.394,3,7,51.67,0,4,3,-0.742,0.927,3,1,5,4.416,0,2,2.081,1,4,2.856,2.211,1,3,2,5,0.0,4,4,2,5,5,2.853,4,5,3,1.644,139.1,1
0,5,0,0,3,0,0.984,3,0,3,3.514,1,6,41.56,7,4,2,0.663,-0.843,3,1,1,-2.512,5,3,-0.545,2,4,0.365,0.313,5,5,2,3,0.0,1,1,2,0,2,1.299,1,1,4,1.142,0.0,1
5,5,5,4,2,0,-1.694,0,4,5,1.267,1,7,21.3,2,7,4,-2.801,-0.511,2,0,4,-2.894,1,4,-0.764,4,2,0.807,-1.475,4,2,2,6,0.0,2,4,5,7,6,-0.728,6,2,1,-1.65,0.0,0
2,1,5,4,1,0,0.174,0,1,0,0.183,3,3,15.61,7,0,3,-0.262,1.484,2,0,3,2.211,4,5,0.791,0,0,-2.571,-1.953,2,2,2,2,0.0,0,2,1,7,6,-0.901,3,3,0,-1.019,0.0,0
1,7,0,3,2,0,-0.653,5,3,2,-0.287,0,4,35.15,4,3,4,-0.122,1.369,1,0,5,4.108,2,2,-2.061,3,3,0.132,-2.621,3,3,0,0,0.0,3,2,2,3,4,-1.378,3,1,4,-1.304,0.0,0
1,7,0,6,5,0,1.544,1,0,5,-0.331,4,4,33.69,0,1,4,1.186,1.086,4,0,1,1.597,3,0,0.969,5,3,0.222,3.794,4,5,4,1,0.0,5,6,5,0,6,0.574,6,4,2,0.507,0.0,0
5,2,0,1,4,1,2.971,2,4,2,3.269,0,3,45.49,3,2,5,3.963,2.951,4,0,4,1.282,3,4,1.087,2,3,2.127,2.234,2,5,2,1,0.0,4,5,4,3,7,1.309,1,2,3,1.182,145.95,1
4,0,5,7,0,0,0.127,4,3,0,-0.962,3,5,18.76,2,4,0,-2.011,1.09,3,0,0,0.104,4,5,-2.204,6,1,-0.335,-2.194,0,3,5,0,0.0,4,2,0,3,2,0.749,0,2,4,-1.048,0.0,0
5,0,0,3,3,1,0.798,4,0,1,1.017,3,7,42.57,3,7,3,1.149,0.689,0,1,5,2.429,1,1,0.919,1,3,1.495,1.481,3,4,0,3,0.0,4,7,5,4,2,2.579,0,0,3,1.879,99.15,1
4,2,1,5,0,0,-0.038,2,5,5,-3.011,3,5,24.56,1,7,1,0.323,0.568,1,0,0,-6.222,6,2,-1.518,7,1,-1.939,-1.026,1,4,1,3,0.0,5,2,1,5,5,-1.844,1,3,2,-1.086,0.0,0
5,3,0,3,4,0,1.521,2,1,1,2.249,5,2,23.87,3,7,4,1.198,0.448,5,0,2,5.723,0,0,0.319,5,2,0.718,-0.049,0,3,0,0,0.0,5,6,5,5,4,1.563,5,5,3,1.061,0.0,0
0,4,4,1,5,0,1.706,1,5,0,-0.361,4,0,31.32,5,2,1,0.23,1.042,1,0,1,5.395,4,4,1.52,3,2,-2.628,-0.719,0,3,2,6,0.0,2,7,5,5,4,-0.977,2,2,2,0.381,0.0,0
4,4,3,0,5,0,2.955,3,5,1,-2.079,3,7,26.79,7,2,2,-0.042,0.948,5,0,3,-2.224,0,4,-0.095,7,0,0.041,-0.168,5,4,0,6,0.0,2,1,3,2,5,-0.458,2,0,3,0.374,0.0,0
1,1,3,7,5,0,-4.005,2,5,2,-0.943,4,4,34.39,4,7,2,1.128,0.217,4,0,2,-0.702,2,3,-0.892,2,0,-0.887,0.096,4,3,1,5,0.0,1,6,4,0,5,-0.943,7,3,5,-0.801,0.0,0
3,1,2,3,5,0,-0.731,0,4,2,0.252,4,7,21.74,6,1,5,-0.875,-0.111,2,0,1,0.986,0,3,-1.301,0,1,0.643,-3.132,5,1,1,6,0.0,2,3,0,1,4,-1.197,4,4,5,-0.808,0.0,0
5,3,1,3,4,1,3.55,2,5,3,0.817,5,5,35.08,2,0,1,2.12,0.992,5,1,4,1.34,6,2,0.354,0,4,-1.096,1.016,3,0,5,4,0.0,2,1,5,1,3,1.301,3,3,0,1.6,70.92,1
4,4,4,1,0,0,0.896,5,0,5,-1.012,1,7,36.38,3,6,3,3.394,-1.027,2,0,0,2.268,2,1,0.628,3,5,-0.964,-1.367,3,0,2,3,0.0,1,4,5,0,4,-0.201,4,2,4,-0.927,0.0,0
5,6,1,5,3,0,-2.407,4,3,3,3.938,1,4,18.52,5,4,5,-0.429,-1.199,3,0,1,-1.54,7,1,-1.427,1,1,-1.076,1.194,3,4,2,1,0.0,0,1,1,2,1,-0.316,7,3,4,-0.757,0.0,0
4,1,3,0,5,0,-2.593,0,5,4,-3.894,3,5,34.12,2,0,4,-1.324,0.654,4,0,3,-0.965,0,4,-1.174,7,3,-1.542,-0.4,4,0,1,1,0.0,4,1,1,1,2,-2.064,0,5,5,-2.544,0.0,0
1,6,1,3,4,0,1.545,4,3,3,0.771,3,0,25.78,7,6,5,2.384,1.121,1,0,1,-2.124,7,3,1.854,7,3,-0.276,0.095,5,1,3,7,0.0,2,2,1,5,7,0.097,0,2,3,0.482,0.0,0
3,3,5,4,0,0,-1.099,1,3,5,-0.998,1,2,34.69,1,4,4,-0.62,-0.766,1,0,5,2.703,6,3,2.334,2,0,1.459,1.779,5,3,1,0,0.0,5,3,4,6,3,0.404,5,3,1,1.014,0.0,0
5,1,2,5,4,0,2.626,5,5,1,0.704,3,1,30.93,3,1,4,-0.913,-1.439,4,0,5,0.492,4,1,0.991,0,5,-1.048,-2.137,4,2,0,0,0.0,3,0,4,6,3,0.298,6,4,4,0.688,0.0,0
0,5,2,2,3,0,1.345,0,4,0,0.452,5,3,27.41,3,6,2,-2.196,0.603,5,0,0,-3.735,3,4,-2.203,4,0,-0.857,-0.291,5,3,2,1,0.0,1,5,3,6,7,-0.691,0,2,0,-0.781,0.0,0
3,2,1,4,2,0,-2.48,1,1,2,0.688,4,1,16.84,2,7,1,-1.4,0.88,3,0,1,-2.921,2,2,0.582,4,0,-0.231,-1.187,4,3,3,7,0.0,4,4,5,3,3,-1.554,3,2,1,-0.81,0.0,0
4,7,4,4,3,0,0.452,3,1,2,1.318,5,1,35.08,5,5,1,2.927,-0.109,5,0,2,4.492,1,2,1.237,3,4,1.293,-1.451,1,1,4,0,0.0,1,7,3,4,4,0.727,0,4,4,0.811,0.0,0
0,5,3,5,1,0,0.566,3,0,0,1.107,3,5,37.63,2,4,3,2.926,0.603,2,1,5,0.643,4,1,1.927,4,2,1.81,-1.098,3,3,5,1,0.0,3,3,1,4,0,0.671,0,2,2,1.115,0.0,1
4,0,3,4,4,0,0.883,3,2,0,2.187,5,1,30.67,4,7,4,-1.021,-1.923,2,0,2,0.601,0,3,0.071,5,4,1.381,1.353,1,1,4,0,0.0,1,3,5,2,4,1.674,3,5,2,0.895,0.0,0
3,2,2,7,1,0,-0.031,4,5,5,1.922,3,3,20.91,1,2,1,2.663,0.242,2,0,4,-2.778,6,0,-0.983,0,2,-0.491,0.639,4,4,3,5,0.0,2,4,3,1,1,0.024,7,0,4,0.088,0.0,0
2,7,5,4,3,0,-1.283,1,4,3,0.19,1,3,34.69,2,0,5,0.28,0.825,4,0,4,-3.177,7,3,-5.464,0,5,0.675,-0.605,5,3,3,0,0.0,3,2,1,4,7,-0.041,3,1,1,-0.338,0.0,0
2,0,1,0,2,1,1.622,5,2,2,2.286,2,6,35.1,1,6,3,1.624,-0.036,1,0,3,-1.642,3,0,3.685,5,5,2.726,-1.167,5,0,2,2,0.0,5,3,0,3,6,1.163,1,3,0,1.754,0.0,1
2,2,3,1,4,0,0.728,2,1,1,2.183,4,7,32.19,5,7,0,2.618,1.468,2,1,0,0.119,6,5,2.578,5,2,1.793,-0.269,5,5,4,3,0.0,2,1,3,2,2,1.263,7,5,3,1.168,128.75,1
3,6,0,2,4,0,0.81,2,2,2,0.297,0,3,19.63,7,7,3,-1.94,0.494,5,0,4,-1.082,6,3,-1.166,7,2,0.976,2.586,2,3,3,4,0.0,1,1,2,7,1,1.101,0,4,1,0.274,0.0,0
3,6,5,2,0,0,-1.506,0,5,0,0.541,0,2,29.31,1,6,0,-2.637,1.256,0,0,3,3.95,0,0,-2.736,7,0,2.871,0.006,3,4,1,2,0.0,3,2,1,3,0,-0.933,2,1,4,-1.118,0.0,0
2,7,5,0,5,0,-0.343,5,3,4,1.134,3,0,41.75,3,3,2,1.541,0.44,0,1,1,-0.887,1,0,-0.1,6,3,0.147,-1.084,2,3,4,7,0.0,1,5,3,6,3,0.097,6,2,4,0.833,123.14,1
1,5,4,0,2,0,1.443,0,5,0,-5.097,5,4,26.46,7,2,4,-0.833,0.993,5,0,0,-1.992,3,3,-0.288,5,2,-0.349,-1.643,3,3,5,6,0.0,1,2,0,5,1,-0.281,1,4,3,-1.192,0.0,0
0,0,2,1,3,0,0.861,1,1,5,-0.431,5,1,30.67,6,3,4,-0.008,0.528,2,0,1,6.262,4,5,0.136,5,5,-2.293,-0.536,3,4,0,5,0.0,3,3,1,3,1,-0.203,6,2,5,-0.001,0.0,0
0,2,0,6,2,0,-0.089,4,5,3,3.599,3,7,33.15,1,7,5,1.435,0.513,5,0,0,-2.137,1,0,-2.678,2,4,0.049,-2.378,4,2,5,5,0.0,3,6,4,1,0,0.583,6,1,4,0.048,0.0,0
5,4,1,4,0,0,-0.54,4,2,3,2.484,3,3,27.25,7,4,0,-2.175,0.17,2,0,2,-0.691,7,5,-0.641,6,0,0.725,-0.558,1,0,1,6,0.0,3,2,5,4,1,0.58,6,2,1,0.505,0.0,0
3,1,1,5,2,0,0.216,3,4,0,2.37,4,2,37.58,7,1,4,-1.067,-1.761,5,0,5,-0.624,7,5,-3.023,4,4,-1.65,0.203,2,1,5,7,0.0,0,4,5,5,6,-0.352,7,5,3,-1.397,0.0,0
5,1,5,2,0,0,-1.505,2,2,3,-3.591,2,2,25.71,6,7,1,-2.842,-0.505,3,0,3,-3.716,1,5,-1.963,2,3,-1.654,-0.687,2,2,3,6,0.0,1,1,5,5,0,-1.68,5,0,1,-1.752,0.0,0
3,2,1,0,2,0,-1.135,4,1,0,-2.36,3,5,24.93,7,5,1,0.852,0.171,4,0,4,0.504,6,2,0.177,2,0,-2.454,-1.857,0,1,4,6,0.0,0,0,1,5,7,-0.58,2,5,4,-0.789,0.0,0
2,5,4,0,3,0,-0.43,4,0,5,-1.026,0,7,18.34,5,7,5,-1.282,-0.424,4,0,0,-3.413,5,0,2.001,0,3,-0.112,-0.641,0,4,3,4,0.0,4,5,3,0,1,-0.273,5,1,1,0.208,0.0,0
3,5,4,0,1,0,1.398,4,5,0,-0.517,5,5,48.6,1,1,3,0.428,0.269,0,1,0,-3.853,4,0,0.548,2,5,2.813,0.976,5,5,1,0,0.0,1,2,0,2,7,0.775,0,3,5,1.237,179.56,1
0,1,4,6,0,0,1.864,0,2,2,1.518,2,4,34.97,1,4,3,3.434,0.87,1,0,3,0.592,1,5,-0.583,6,1,1.807,-0.16,2,1,5,6,0.0,0,0,1,5,6,0.461,3,4,5,-0.183,0.0,0
2,3,4,2,2,0,-0.201,1,5,0,-1.055,0,5,36.82,6,7,5,-0.24,1.311,3,0,2,0.696,0,1,2.142,4,1,0.077,0.706,4,2,0,7,0.0,3,2,0,5,0,-0.145,4,0,2,0.492,0.0,0
4,0,0,0,0,0,-0.738,2,2,2,-2.079,4,7,30.03,2,7,1,1.749,-0.464,1,0,4,0.276,2,1,-0.492,7,0,0.397,0.128,2,3,2,7,0.0,2,2,4,7,2,1.133,2,4,4,0.419,0.0,0
2,1,3,1,3,0,-1.483,0,0,1,1.755,1,7,25.76,5,5,4,0.054,-1.376,5,0,0,-1.88,3,5,0.249,0,1,-1.404,-1.413,1,3,5,2,0.0,4,0,3,5,7,0.748,0,2,0,-0.031,0.0,0
3,4,3,6,3,0,-2.621,1,4,4,-0.982,4,3,33.01,3,3,0,-1.433,-0.873,0,0,5,-0.662,5,4,-1.779,6,0,-0.826,-1.582,5,2,4,4,0.0,2,7,0,4,3,-0.842,5,3,4,-1.368,0.0,0
2,1,1,6,4,0,1.836,0,5,4,2.773,3,6,31.14,2,4,5,-0.317,0.949,4,0,3,3.65,5,2,1.124,7,2,-1.351,-2.283,1,1,2,4,0.0,4,2,4,2,7,0.292,3,1,0,0.475,0.0,0
4,0,3,7,2,0,1.38,4,2,5,0.127,0,2,29.38,2,2,5,2.616,2.274,5,1,3,0.681,6,0,3.076,0,0,0.821,2.114,1,4,5,5,53.35,0,2,0,5,5,1.422,1,4,5,1.922,187.17,1
3,4,0,2,5,0,0.987,3,3,3,-0.482,0,7,29.56,1,1,3,0.616,-0.294,0,0,4,-0.278,2,0,-0.482,0,4,0.136,1.65,2,4,3,4,0.0,3,0,3,3,3,-0.017,3,1,0,0.184,0.0,0
2,7,5,6,3,0,-1.355,1,4,3,-4.051,2,4,30.44,1,6,0,0.264,1.375,0,0,4,1.703,6,5,-2.535,6,4,0.338,-1.605,1,1,5,5,0.0,2,0,1,1,6,-1.14,4,3,2,-0.4,0.0,0
0,4,1,7,2,0,0.183,0,5,0,-1.212,4,0,30.69,6,3,2,0.344,1.468,5,0,3,-2.439,0,3,-3.359,5,1,-1.329,-1.775,3,1,1,0,0.0,1,4,0,1,6,-2.042,1,2,4,-1.699,0.0,0
3,4,2,1,3,0,0.879,2,4,0,0.305,3,4,31.95,4,1,2,0.851,0.991,2,0,2,1.037,3,3,-0.907,7,0,2.088,-4.172,2,1,5,2,0.0,2,4,4,7,0,-0.099,2,4,4,0.03,0.0,0
2,7,1,1,2,0,-3.382,2,2,5,-0.37,2,7,30.89,1,2,1,2.55,-0.314,4,0,2,-0.444,6,5,2.551,3,4,-0.674,1.709,3,0,5,6,0.0,1,0,2,2,7,-0.252,5,3,3,0.969,0.0,0
2,5,1,1,4,0,-3.712,3,3,5,-2.614,4,6,20.49,4,0,0,-3.834,0.483,0,0,3,-4.505,7,4,-2.871,7,3,0.094,-2.379,2,1,1,3,0.0,5,4,5,0,7,-0.624,6,1,5,-1.371,0.0,0
1,1,5,5,5,0,0.717,0,1,2,1.736,0,6,34.2,3,5,5,1.941,-1.306,2,1,1,3.284,5,3,2.821,7,2,-1.12,2.355,3,3,0,0,0.0,4,6,5,7,6,0.68,7,1,1,0.656,91.84,1
4,6,4,1,5,1,0.175,4,2,5,-1.879,4,6,34.85,3,6,4,0.409,-0.722,1,0,5,-1.668,7,4,1.357,5,1,1.413,-0.914,3,0,0,0,0.0,3,6,5,1,5,1.185,2,4,2,1.067,0.0,1
2,4,2,6,4,0,-0.199,3,2,0,-0.171,2,0,25.22,4,0,4,-2.869,0.688,0,0,1,0.73,6,1,-0.824,3,0,-0.392,0.601,2,1,0,6,0.0,5,7,2,1,2,-0.55,4,4,3,-0.159,0.0,0
4,0,2,4,1,0,-1.526,2,1,0,1.936,3,1,21.74,4,1,2,-0.604,-1.372,3,0,5,-1.89,1,5,0.646,1,0,-1.127,-0.544,3,3,0,3,0.0,0,4,4,5,5,0.527,6,3,0,0.242,0.0,0
0,2,3,5,3,0,-0.067,3,5,0,1.732,4,0,42.25,3,2,3,0.224,-0.438,5,1,5,-2.391,6,4,2.956,0,2,0.346,1.216,3,4,0,5,0.0,2,2,3,4,3,1.772,4,0,5,1.339,84.2,1
3,4,3,1,3,0,2.657,0,1,5,1.428,0,6,26.99,7,4,2,1.581,1.911,0,0,0,4.949,0,0,-2.587,0,1,0.784,-0.437,3,3,0,0,0.0,1,1,3,2,7,1.493,7,5,4,0.641,0.0,0
4,7,5,0,3,0,-1.66,2,4,0,0.11,5,3,27.37,2,3,0,0.093,-0.395,5,0,1,-5.92,6,5,0.567,5,4,-0.403,1.468,3,2,2,1,0.0,5,2,2,1,5,-1.205,3,1,3,-0.435,0.0,0
2,1,2,3,3,0,-1.035,5,1,3,-1.906,2,6,35.63,5,7,2,-0.423,-2.385,3,0,1,-0.923,7,2,-2.545,2,5,1.789,-0.194,5,3,5,5,0.0,1,4,0,3,6,-0.263,6,1,0,-0.801,0.0,0
0,5,2,4,4,0,-1.61,3,0,1,0.313,3,5,27.77,2,3,3,-1.66,0.074,1,0,5,-2.172,5,3,-4.333,0,0,-1.462,4.482,3,2,5,2,0.0,0,6,2,2,7,-0.527,4,2,1,-0.796,0.0,0
0,5,0,6,0,0,-1.447,5,3,4,2.104,1,2,39.62,3,7,1,-1.001,0.76,3,0,1,-0.018,4,0,3.653,7,3,0.47,0.197,0,1,1,1,0.0,3,4,2,5,4,-0.062,2,5,3,-0.87,0.0,0
3,3,5,5,1,1,4.034,1,5,1,0.844,2,6,40.15,3,0,5,1.48,1.665,4,1,5,3.444,5,3,0.732,6,5,0.62,-1.113,4,1,2,5,0.0,3,5,4,3,7,1.662,1,1,2,2.042,76.82,1
4,3,0,0,4,0,-1.915,4,5,4,3.427,3,1,35.2,3,1,4,-1.246,-0.278,5,0,0,0.849,1,1,-1.337,5,3,-0.217,2.123,2,4,2,3,0.0,0,5,1,6,6,0.328,4,4,3,0.129,0.0,0
0,3,3,0,3,1,2.571,2,3,0,1.595,2,5,31.13,0,2,1,2.301,0.067,3,1,1,4.519,1,5,3.566,5,3,2.454,1.122,1,4,2,7,0.0,1,1,1,5,4,2.652,3,5,5,2.729,166.08,1
4,0,0,4,1,0,0.111,0,4,3,-2.382,2,3,26.54,0,5,4,-1.752,-0.169,4,0,2,-0.437,7,3,-0.756,4,2,-3.549,-1.558,2,5,3,5,0.0,0,6,1,2,5,-1.401,2,3,3,-1.138,0.0,0
0,7,1,0,0,0,-0.531,2,4,3,-0.547,1,6,21.0,4,5,3,-2.229,-1.592,4,0,4,-4.323,2,1,-2.449,7,5,-1.181,-2.375,2,3,1,6,0.0,5,7,1,6,2,-1.485,6,2,1,-1.184,0.0,0
1,0,3,0,0,0,-2.586,2,3,2,-1.643,1,2,26.05,7,1,3,-0.15,-0.458,3,0,1,-0.271,4,1,-2.743,2,5,0.197,-0.837,4,3,4,4,0.0,3,1,3,4,6,-0.754,2,2,4,-0.293,0.0,0
0,1,3,1,2,0,-0.071,0,3,3,-2.352,1,2,30.8,7,6,4,-0.637,-0.893,4,0,4,-0.105,7,4,-1.034,2,4,-1.414,-2.919,3,1,2,7,0.0,0,0,2,4,0,-0.041,0,4,4,-0.324,0.0,0
4,4,1,0,5,0,1.071,5,4,4,-0.282,2,2,35.08,3,5,2,-0.171,0.963,0,0,4,-1.568,0,3,-0.082,0,5,0.878,-1.501,0,1,5,2,0.0,1,6,1,3,3,1.151,2,0,2,0.326,0.0,0
1,4,0,7,2,0,2.615,0,2,1,-2.001,1,2,31.65,5,6,2,1.792,-1.731,0,0,4,0.433,3,3,-0.089,6,3,-0.896,1.172,1,4,5,2,0.0,4,4,5,4,3,-0.009,0,3,3,0.481,0.0,0
1,7,1,0,2,0,0.094,5,3,3,-1.323,3,7,35.95,6,7,0,-2.634,-0.459,2,0,3,0.045,5,3,-1.708,3,2,-1.807,2.907,4,5,3,6,0.0,2,0,5,1,3,-0.459,5,5,3,-0.879,0.0,0
0,6,0,6,1,1,0.027,2,2,1,0.168,0,4,41.55,1,7,2,3.638,-0.683,4,1,4,0.901,6,1,3.937,7,4,3.262,-1.498,3,5,0,3,0.0,2,1,4,4,6,1.207,2,1,2,1.466,185.34,1
1,1,2,2,0,0,-0.961,2,2,1,2.557,3,7,34.6,5,4,5,-3.056,1.554,3,0,2,1.339,7,3,-0.416,0,4,-1.574,0.341,5,0,5,7,0.0,0,3,3,0,3,-0.51,5,0,0,-0.049,0.0,0
3,0,5,7,2,0,-2.467,0,2,3,1.647,5,0,26.09,1,2,1,-0.135,0.12,2,0,4,-2.062,7,0,0.805,2,5,1.502,-1.25,5,3,1,6,0.0,2,6,0,6,2,0.697,3,4,5,0.375,0.0,0
5,1,1,6,4,0,-1.159,5,1,1,-1.561,1,1,26.31,0,6,3,-0.72,-0.937,5,0,0,-3.857,6,5,2.179,4,5,0.334,-0.934,1,4,2,3,0.0,3,0,4,1,0,-0.333,5,1,2,-0.655,0.0,0
2,4,4,7,2,0,-0.937,5,0,3,0.285,3,3,32.93,2,7,4,-1.502,-0.184,3,0,0,2.817,2,4,-0.221,2,5,-0.147,-1.301,2,2,5,1,0.0,0,3,5,1,6,0.441,5,5,2,0.315,0.0,0
3,5,2,1,5,0,0.369,0,0,3,1.23,1,7,19.98,1,2,4,-0.432,0.592,5,0,3,2.1,7,0,-0.303,5,4,-0.76,3.996,0,5,4,7,0.0,5,7,4,1,4,0.318,6,3,2,0.002,0.0,0
5,7,1,6,5,0,-2.086,1,0,1,0.48,2,4,18.41,6,6,2,-1.905,0.019,5,0,1,-2.081,2,3,-3.032,4,3,-1.742,-0.382,0,0,4,5,0.0,0,1,4,7,6,-1.519,0,3,3,-1.105,0.0,0
0,1,1,5,5,0,1.273,2,3,1,0.806,3,1,44.64,0,7,3,-3.628,1.925,2,0,1,-0.493,0,1,1.31,4,2,0.179,-5.422,3,4,4,7,0.0,4,1,1,4,7,-0.509,3,2,2,-1.011,0.0,0
5,4,5,7,0,0,-0.353,5,3,5,-1.396,4,0,34.5,0,5,1,-0.471,-0.603,3,0,1,-1.999,1,4,-0.346,3,5,0.803,0.019,4,4,3,7,0.0,0,5,0,0,2,0.051,1,1,3,-0.575,0.0,0
5,3,4,6,3,0,0.689,4,2,0,0.213,5,5,22.22,1,3,4,-0.056,-0.65,5,0,0,-1.243,5,0,0.749,7,2,1.101,-0.019,1,1,0,0,0.0,1,5,4,1,0,0.004,0,3,0,0.218,0.0,0
0,0,0,6,1,0,-1.756,0,3,2,0.504,0,7,34.37,3,4,0,-3.567,0.155,5,0,4,0.409,3,3,-2.236,2,4,-0.983,-0.523,1,1,2,1,0.0,1,2,0,6,4,-1.149,5,0,1,-0.772,0.0,0
1,5,0,1,3,1,0.409,5,4,3,0.249,3,4,33.98,7,5,1,3.313,-0.334,2,0,1,0.968,3,4,-2.755,3,0,1.138,0.173,0,1,1,7,0.0,3,2,0,4,7,0.535,0,3,4,1.014,19.02,1
2,6,4,5,4,0,4.197,2,3,1,2.725,0,7,31.57,3,7,5,2.955,2.129,5,1,2,2.267,1,5,1.493,2,5,3.014,2.009,3,4,4,5,0.0,2,2,3,3,5,0.43,0,1,5,1.648,135.19,1
4,5,3,1,4,1,0.761,5,0,0,1.007,3,7,25.62,7,1,3,1.145,-1.147,3,1,4,-2.414,5,3,2.197,1,4,5.787,4.532,2,1,3,4,0.0,4,5,0,5,4,1.913,3,3,3,2.3,165.9,1
0,3,2,3,3,0,-1.08,5,3,2,2.189,5,0,27.69,6,5,0,1.549,0.548,4,0,2,-1.597,4,0,3.012,1,5,0.542,-0.189,4,4,3,2,0.0,1,4,0,3,7,0.839,2,1,3,0.706,0.0,0
5,4,1,1,3,0,-0.237,3,1,1,0.637,4,1,39.57,5,0,5,-2.201,0.034,3,0,2,-2.721,2,2,1.153,5,1,1.882,1.673,4,0,0,4,0.0,4,6,0,6,1,-0.178,0,2,0,1.097,0.0,0
5,4,1,2,0,1,2.367,1,2,3,1.462,4,0,43.46,2,7,0,1.123,0.323,4,1,0,-3.207,5,5,3.534,4,4,1.044,-0.954,5,1,4,4,0.0,2,3,3,7,6,2.095,0,0,0,2.047,53.18,1
4,1,4,6,3,0,-0.205,2,5,2,-0.479,4,6,18.75,0,1,3,-2.098,-2.572,2,0,1,1.29,1,0,-2.857,3,4,1.004,-1.836,5,3,4,1,0.0,4,5,2,3,2,-0.822,7,3,1,-1.157,0.0,0
2,2,0,5,5,0,-0.799,5,3,5,1.068,3,1,28.46,5,0,1,0.877,1.541,0,0,2,-0.303,2,4,2.224,6,3,-1.397,2.237,0,4,2,2,0.0,4,7,5,5,1,-0.019,4,1,5,0.382,0.0,0
3,1,3,5,0,0,1.327,2,2,0,-0.889,4,5,22.12,3,0,2,-0.95,-0.251,1,0,0,-3.412,5,0,0.403,2,0,-0.095,1.191,5,2,5,0,0.0,0,2,2,2,3,1.548,4,0,5,0.394,0.0,0
0,4,1,5,4,0,1.463,0,3,4,-1.632,5,0,22.58,2,2,4,3.168,-0.654,4,0,5,-1.075,5,0,-0.655,0,3,1.644,1.067,3,3,0,2,0.0,1,6,4,6,3,-0.282,1,5,0,0.248,0.0,0
3,6,1,3,1,0,-2.455,0,5,4,-1.655,4,3,33.34,2,5,0,-0.045,-0.794,1,0,5,-1.64,3,0,-1.616,5,5,-1.453,-4.246,3,1,1,3,0.0,0,1,5,7,7,-1.759,6,3,5,-1.565,0.0,0
3,0,3,0,2,0,3.18,4,5,1,3.177,0,4,39.94,7,3,2,1.299,-1.505,4,1,5,2.75,4,2,0.211,1,5,0.783,2.15,2,2,4,3,0.0,3,2,4,6,2,0.88,4,3,3,1.211,167.94,1
4,7,5,2,5,0,-6.295,0,4,4,-4.017,3,1,12.96,3,0,3,-5.345,-1.355,5,0,5,-5.904,7,1,-2.538,6,5,-3.461,-3.595,4,5,3,0,0.0,0,2,4,6,0,-3.123,6,5,2,-3.174,0.0,0
3,1,2,5,0,0,1.742,5,0,4,-1.234,3,3,27.97,0,2,2,0.433,-2.361,1,0,5,-1.949,4,3,1.397,7,1,1.321,-1.155,2,4,0,2,0.0,1,3,5,3,2,0.218,0,2,0,0.37,0.0,0
2,5,2,3,4,0,0.231,2,5,2,-0.029,5,1,30.44,0,1,5,-0.731,0.663,5,0,5,1.1,7,3,1.646,5,4,-0.642,0.445,4,0,5,4,0.0,0,7,2,7,2,0.433,0,0,0,0.069,0.0,0
5,6,0,3,2,0,-0.149,2,2,3,-1.711,2,3,24.66,2,1,4,-1.221,0.156,4,0,4,-1.74,7,3,-3.018,1,0,-0.534,-1.629,3,3,3,3,0.0,1,4,2,5,3,-0.62,1,3,5,-0.391,0.0,0
3,1,0,4,0,0,2.245,2,2,5,-0.077,3,2,48.58,2,6,2,-0.631,0.675,4,1,3,-2.109,2,2,0.034,1,2,0.915,5.272,3,3,0,3,0.0,1,0,3,6,5,0.4,1,0,0,1.246,32.35,1
1,4,2,4,4,0,-2.06,0,3,1,-4.525,0,3,23.29,7,6,2,-3.164,-1.052,2,0,0,-3.625,0,0,-1.49,3,4,0.192,-0.046,4,5,3,6,0.0,2,5,4,4,6,-1.539,7,5,5,-0.887,0.0,0
2,5,0,7,2,0,-1.566,4,3,5,-0.107,4,4,23.22,7,7,2,0.273,-0.321,3,0,0,-1.64,2,4,2.73,2,5,-0.551,1.218,2,4,0,4,0.0,0,0,0,4,2,-0.107,3,3,2,-0.165,0.0,0
5,6,5,2,3,0,-0.41,1,0,2,-0.513,0,1,20.17,0,1,2,-0.624,0.729,3,0,3,1.006,6,1,0.002,5,4,0.974,1.724,2,0,2,6,0.0,3,7,1,6,0,-0.318,2,2,3,-0.22,0.0,0
1,6,5,0,4,0,4.522,5,5,5,1.251,3,5,36.33,5,5,5,3.578,0.564,4,0,0,1.023,5,0,-1.122,4,1,0.488,-0.742,0,4,4,2,0.0,3,0,4,5,6,1.32,6,4,3,1.356,0.0,0
3,2,5,1,4,0,0.118,5,3,2,-3.86,2,4,38.46,7,7,3,-0.773,0.15,2,0,5,-2.184,2,5,-0.862,2,0,1.748,2.681,1,5,4,3,0.0,1,3,2,7,5,0.646,7,2,1,0.68,0.0,0
4,1,3,4,3,1,1.498,2,4,1,1.895,1,7,39.89,1,4,4,0.196,-0.164,5,1,2,1.09,4,3,0.474,4,0,3.302,0.213,0,4,1,0,0.0,5,2,4,1,4,1.814,2,2,5,0.977,137.64,1
5,2,3,7,5,0,-0.74,1,2,1,0.05,2,6,21.51,0,3,2,-1.607,0.455,0,1,5,0.854,6,3,-1.173,4,4,2.302,2.241,3,1,1,2,0.0,3,6,3,5,4,0.829,7,3,0,0.831,87.84,1
1,3,5,1,4,0,-1.904,5,5,3,-1.425,4,7,27.04,2,4,4,1.275,0.595,1,0,4,0.974,3,2,-1.034,3,5,0.571,-2.445,2,0,2,4,0.0,2,4,3,4,2,-0.954,7,1,5,0.129,0.0,0
4,2,2,7,3,0,1.625,2,1,2,0.308,1,4,47.59,0,2,1,0.654,-0.164,5,1,5,3.603,7,2,3.609,3,2,0.419,0.337,1,2,4,1,0.0,0,6,0,7,3,0.862,4,2,0,0.162,55.61,1
3,6,3,6,0,0,-2.037,4,1,4,-0.912,2,3,33.17,4,3,2,-2.194,0.051,0,0,0,-0.455,4,4,-3.755,2,3,-1.418,-5.149,2,3,2,5,0.0,0,6,1,4,0,-1.54,0,5,4,-1.338,0.0,0
2,7,2,3,0,0,-1.955,3,5,3,-3.666,5,3,29.39,5,2,0,-0.564,0.281,5,0,3,-2.433,5,5,-3.403,0,2,-2.661,-3.715,0,3,0,0,0.0,4,7,2,0,1,-2.394,7,0,1,-2.634,0.0,0
4,3,1,5,4,1,1.623,4,3,3,4.376,0,7,39.68,6,7,4,3.179,-0.289,0,1,0,1.396,7,5,2.782,0,3,0.914,1.526,5,1,4,3,0.0,0,4,0,3,5,0.942,5,3,4,1.633,0.0,1
5,4,3,7,2,0,3.417,5,4,3,-0.838,0,2,35.59,0,7,1,-1.904,0.853,0,0,5,-6.621,7,4,0.305,2,1,-0.776,-0.966,3,1,5,3,0.0,1,3,3,6,1,-0.444,2,4,1,-0.863,0.0,0
5,3,1,0,1,0,0.999,1,1,1,-0.404,4,4,27.47,3,1,2,-1.819,-0.034,2,0,1,0.626,5,1,-0.075,3,4,-0.955,-1.575,5,4,3,3,0.0,1,4,1,0,5,0.333,3,0,0,0.228,0.0,0
3,1,1,2,4,0,-2.124,5,0,2,-1.366,5,4,34.12,2,0,5,-1.34,-0.278,2,0,2,2.107,6,4,-2.008,1,0,-0.36,1.338,0,2,5,6,0.0,0,3,2,7,4,-0.154,4,4,1,-0.852,0.0,0
0,5,2,3,5,0,0.033,1,2,1,0.045,0,0,30.77,3,3,5,-2.089,-0.295,0,0,0,0.944,3,5,-0.727,5,4,3.382,1.073,3,0,2,3,0.0,2,0,1,3,6,1.036,3,3,4,0.726,0.0,0
1,1,0,2,1,0,-3.458,5,0,4,0.142,1,7,38.27,1,2,5,1.165,0.083,3,0,1,-2.116,1,3,0.704,6,5,4.349,1.105,3,0,1,0,0.0,4,6,0,7,2,0.884,6,1,4,0.973,0.0,0
0,4,1,6,1,0,2.679,1,3,3,2.542,0,4,39.84,2,2,4,1.577,-1.017,1,1,2,-0.563,3,4,2.344,1,5,-0.958,-1.013,3,1,0,4,0.0,3,6,1,2,2,0.889,4,4,2,0.639,165.32,1
2,4,4,5,4,0,0.83,2,2,0,1.367,4,3,40.38,2,4,2,0.352,0.145,4,1,1,4.167,5,2,0.521,1,4,0.509,-3.578,5,3,2,0,0.0,1,5,4,0,3,2.071,4,2,3,1.223,172.81,1
3,7,0,4,3,0,1.245,3,5,2,2.9,0,4,28.9,0,6,5,4.416,2.711,1,1,4,-0.529,2,2,-0.494,3,0,-0.139,2.805,4,3,2,6,0.0,5,5,2,7,1,0.901,3,3,4,1.318,153.22,1
2,2,1,6,2,0,1.415,3,2,2,-1.762,2,1,49.21,6,5,3,1.03,0.992,4,1,5,4.633,2,3,3.489,7,0,2.135,0.78,1,4,0,4,0.0,3,3,1,5,7,1.881,0,2,1,1.671,58.12,1
5,7,2,2,4,0,-0.669,5,4,3,1.063,0,6,12.76,0,0,4,2.524,1.184,5,0,1,-1.24,6,5,-0.167,5,5,-1.111,2.759,3,4,5,0,0.0,0,3,4,5,5,0.763,7,3,0,0.795,0.0,0
4,3,3,5,4,0,1.234,5,5,3,-1.497,2,1,31.07,6,0,4,1.121,0.37,3,0,2,-3.405,2,1,-2.156,1,3,-1.792,2.441,1,1,3,4,0.0,4,3,1,2,4,-1.687,2,5,2,-0.858,0.0,0
2,5,4,1,5,0,0.968,5,0,5,1.25,1,7,31.01,0,1,5,-2.463,0.681,0,0,0,-3.141,6,0,1.685,4,2,-0.887,0.207,0,2,0,4,0.0,1,2,4,4,3,0.521,4,4,2,0.192,0.0,0
1,2,4,2,3,0,-3.913,2,0,1,-1.643,0,5,29.17,5,0,5,-1.293,-0.362,2,0,1,-2.133,6,0,-1.313,3,0,1.038,1.367,0,5,3,2,0.0,0,1,4,7,7,-0.629,6,1,2,-0.395,0.0,0
5,0,3,0,4,0,-5.153,1,4,0,-1.853,1,6,22.37,4,1,0,-1.847,0.655,0,0,4,-2.392,2,1,0.595,5,5,-1.602,-0.104,3,5,0,0,0.0,4,1,4,5,0,-1.054,7,1,5,-1.061,0.0,0
0,5,0,6,3,0,-1.182,5,1,3,2.294,5,4,25.93,3,2,5,-0.742,0.457,1,0,3,4.114,7,4,-2.208,4,1,2.863,1.532,1,2,4,7,0.0,2,5,1,4,6,0.202,6,2,5,0.415,0.0,0
1,6,4,3,5,0,3.043,3,4,1,-1.529,1,1,28.36,7,1,0,-1.405,-1.158,5,0,3,1.604,0,3,-1.891,0,0,-0.198,-0.488,1,3,2,4,0.0,5,5,0,0,1,-0.183,2,2,0,0.167,0.0,0
2,0,2,0,0,0,-2.329,0,1,0,1.364,2,7,31.84,1,1,1,1.292,0.367,1,0,0,-3.432,0,2,2.104,5,1,-0.664,-0.838,4,4,4,4,0.0,0,3,3,6,6,-0.696,4,0,0,-0.004,0.0,0
0,1,3,0,2,0,-2.793,0,3,2,-0.391,1,1,29.2,5,3,3,1.272,0.276,0,0,1,2.806,5,0,-3.644,3,2,1.114,2.235,1,0,0,7,0.0,0,5,0,2,0,-0.011,2,5,4,-0.538,0.0,0
1,2,0,4,3,0,-0.532,0,2,0,0.142,0,6,36.21,6,0,2,-0.8,-0.578,5,0,5,-2.163,3,0,-0.016,3,1,0.913,0.328,5,2,2,5,0.0,4,6,2,0,3,-2.233,2,2,4,-1.62,0.0,0
0,7,1,3,2,1,0.52,3,3,5,-1.318,3,3,36.56,5,4,2,2.034,0.218,0,0,2,1.493,7,4,-1.09,0,2,1.81,2.525,4,0,5,5,0.0,1,5,1,5,6,1.079,2,4,1,1.07,238.42,1
5,6,4,2,0,0,3.307,5,1,4,-0.957,4,6,34.55,5,5,0,0.908,-1.301,3,1,3,5.629,6,0,-0.998,6,4,-0.445,1.511,0,2,3,6,0.0,5,7,4,4,0,1.313,0,4,3,1.039,43.8,1
4,5,2,4,0,0,3.342,3,0,0,0.069,5,5,20.64,3,5,2,1.835,1.91,0,0,1,-1.978,4,4,0.009,3,0,1.697,0.034,2,1,3,5,0.0,4,2,5,7,7,0.844,3,2,5,1.201,0.0,0
1,3,4,7,5,1,2.272,3,4,5,0.766,3,3,38.2,5,0,1,0.645,-0.921,5,1,1,3.199,2,5,2.026,7,0,0.055,3.419,2,1,0,7,0.0,0,6,0,2,7,1.7,2,0,2,1.872,0.0,1
4,0,1,6,3,0,-1.131,4,1,2,-0.852,4,2,27.97,4,0,0,-2.359,0.556,1,0,0,-0.399,1,3,-0.108,5,4,-0.323,-1.654,5,3,4,3,0.0,4,6,4,0,0,-0.279,3,2,0,-0.569,0.0,0
5,1,5,1,2,0,1.286,5,2,1,2.733,3,5,38.55,5,6,1,-2.86,0.514,5,0,2,-2.996,2,2,0.759,4,5,0.848,-0.924,1,5,3,5,0.0,5,5,1,6,7,0.114,7,3,0,-0.61,0.0,0
5,4,5,6,5,0,-1.29,3,0,5,-0.658,5,4,27.06,6,2,3,-0.917,0.617,2,0,5,-4.61,4,2,-0.976,2,1,-2.501,-1.26,5,1,0,1,0.0,2,7,4,4,0,-0.421,4,4,0,-0.021,0.0,0
4,4,0,3,0,0,-2.582,1,5,3,-1.378,2,5,27.82,0,0,5,-2.418,0.693,3,0,5,-2.066,3,1,-0.239,2,4,-1.155,-1.279,5,4,3,2,0.0,0,1,5,4,0,-1.775,7,0,3,-1.924,0.0,0
1,6,2,6,5,0,-0.096,3,3,2,-5.131,4,7,27.79,1,0,3,0.283,0.338,4,0,1,-2.834,0,3,-0.026,1,1,-0.305,-0.182,4,0,5,6,0.0,5,4,0,5,2,-1.85,1,4,0,-1.452,0.0,0
1,2,0,0,2,0,0.221,1,0,5,-2.933,2,7,25.6,1,0,1,-3.085,0.117,2,0,0,-2.227,2,4,-1.982,0,3,0.159,-1.586,2,5,5,6,0.0,1,0,5,0,3,-1.365,5,0,2,-0.997,0.0,0
2,6,4,7,1,1,1.325,1,0,4,1.593,4,1,33.66,0,7,4,3.831,-0.288,2,1,4,4.056,6,2,4.232,4,2,0.33,4.911,0,4,0,7,0.0,4,3,0,2,7,1.664,4,2,3,1.85,145.96,1
1,1,3,4,4,0,-1.932,3,0,5,-1.401,1,6,30.38,1,3,3,-0.439,0.501,2,0,2,2.572,3,4,0.11,4,3,-1.365,1.717,3,4,3,2,0.0,3,6,3,6,4,-0.126,5,1,1,-0.281,0.0,0
0,0,3,5,3,0,-0.798,3,2,3,0.829,2,4,27.73,0,0,0,-1.306,-0.543,5,0,0,-4.844,4,2,-1.942,1,1,-0.551,0.299,4,4,3,6,0.0,5,5,5,3,1,-1.497,5,5,5,-1.346,0.0,0
4,0,4,3,2,0,-0.796,1,1,4,1.41,1,1,28.46,6,0,3,2.201,-0.121,3,0,4,1.358,6,1,1.717,6,4,0.522,1.609,1,2,5,3,0.0,2,2,2,2,3,0.593,0,3,2,0.108,0.0,0
0,2,0,4,0,0,1.724,5,4,1,0.506,0,3,29.94,4,0,0,1.273,-0.92,4,0,5,2.484,4,1,3.088,1,2,3.238,-2.258,4,0,1,0,0.0,4,0,1,4,1,1.21,3,3,4,0.845,0.0,0
4,3,0,1,0,0,-2.759,3,2,1,-1.796,5,0,20.26,2,1,4,-0.358,-0.539,1,0,1,-1.483,1,4,-1.768,2,4,0.183,-0.586,5,1,2,1,0.0,1,1,4,0,5,-1.113,2,2,2,-1.336,0.0,0
3,4,1,0,3,0,-0.342,2,3,0,2.0,0,4,23.76,2,3,5,0.207,-1.491,3,0,5,-2.02,4,3,-0.938,0,2,-2.644,1.244,0,2,1,6,0.0,4,6,0,4,4,-0.743,4,3,4,-0.594,0.0,0
5,0,2,1,4,0,-1.116,5,4,3,0.727,2,2,24.09,0,6,3,0.409,-0.199,2,0,5,-0.652,0,2,-1.087,3,5,-2.52,0.044,3,5,2,3,0.0,0,3,1,6,3,-0.762,5,4,1,-1.025,0.0,0
0,3,2,7,3,0,0.405,1,0,3,-2.293,4,2,32.12,1,2,4,4.033,0.946,1,0,2,0.493,0,5,1.422,3,5,0.731,-3.293,0,3,3,4,0.0,3,1,0,4,4,0.352,2,0,0,0.434,0.0,0
5,6,3,5,1,0,0.108,0,5,1,-2.44,0,7,16.19,2,0,5,1.485,0.436,5,0,5,-4.352,3,5,0.073,6,3,-2.653,-0.924,2,2,2,6,0.0,3,0,5,2,0,0.5,0,4,0,-0.579,0.0,0
5,7,5,5,0,1,3.025,0,2,3,3.898,0,7,43.42,5,1,4,4.047,0.238,0,1,0,6.171,2,2,-1.245,0,5,4.439,3.113,3,1,0,4,0.0,0,7,4,5,5,2.643,0,2,3,2.862,32.44,1
5,0,2,5,1,0,0.161,3,0,1,3.125,4,0,27.29,6,5,5,-0.149,1.456,2,1,2,-0.507,0,0,-0.01,6,1,2.522,2.087,2,5,5,4,0.0,0,3,3,5,3,1.15,4,2,2,1.84,182.61,1
3,3,4,3,0,0,2.402,4,2,4,1.094,5,2,28.57,0,1,3,0.962,-0.274,0,0,1,2.208,3,4,-0.79,5,1,-1.308,-1.179,5,4,0,6,0.0,2,2,5,7,0,0.475,1,5,0,0.022,0.0,0
3,3,0,0,5,0,0.03,2,1,3,1.918,0,2,30.77,6,0,0,2.955,0.631,3,0,4,-3.828,1,5,3.028,0,2,0.392,1.525,4,5,4,3,0.0,2,0,3,1,6,1.644,6,4,0,0.812,0.0,0
3,3,0,1,4,0,-3.253,4,2,4,1.868,0,3,32.56,2,2,5,-1.28,0.187,5,0,0,2.077,5,5,1.864,2,2,1.508,0.989,3,1,0,5,0.0,4,4,2,2,4,0.857,2,0,0,0.642,0.0,0
4,0,5,4,5,1,2.305,1,3,2,0.004,2,3,45.19,4,5,1,1.793,1.27,1,0,2,3.467,6,4,2.276,7,4,-0.449,-0.312,5,2,1,1,0.0,5,5,0,0,4,1.304,0,2,5,0.83,0.0,1
1,2,0,6,5,0,0.138,4,4,5,-1.952,2,6,29.0,1,6,0,-1.92,-0.383,4,0,1,-3.341,0,5,-4.28,0,4,-1.262,-2.254,0,5,1,5,0.0,1,3,2,5,1,-1.89,4,4,2,-1.201,0.0,0
0,7,4,5,0,0,-1.738,3,1,3,-2.39,4,3,29.57,7,0,4,-3.304,0.876,5,0,2,-3.814,5,0,-2.308,6,0,-0.529,0.075,3,0,4,0,0.0,1,1,2,5,7,-0.165,5,4,0,-0.483,0.0,0
4,2,2,0,0,0,1.578,2,3,0,-0.399,0,6,39.6,0,4,3,-1.115,1.119,4,0,2,-2.954,2,0,-2.782,7,4,-0.431,-2.288,3,3,3,5,0.0,4,3,3,3,0,0.019,4,3,3,-1.057,0.0,0
1,2,3,6,5,0,-2.321,3,4,4,-2.024,1,1,27.73,7,7,5,1.607,-0.671,1,0,0,-2.158,5,2,-1.089,0,1,2.327,-0.204,1,0,3,0,0.0,2,1,3,4,1,-1.197,7,4,2,-1.248,0.0,0
0,4,0,1,5,0,-0.153,3,0,2,-0.056,0,1,24.99,4,1,4,-1.02,-0.126,2,0,4,1.38,6,4,-0.289,3,2,0.296,-0.432,3,3,0,0,0.0,4,4,5,6,3,0.674,5,2,1,0.467,0.0,0
4,6,3,4,1,0,-2.766,3,0,5,-2.75,3,6,33.38,0,5,4,-0.134,-2.3,5,0,1,3.15,3,2,0.686,1,3,-2.443,-2.146,1,5,1,1,0.0,4,4,1,5,3,-0.513,2,3,4,-0.883,0.0,0
0,5,2,2,1,1,1.617,4,2,2,2.961,2,3,44.66,0,6,1,1.441,-0.502,0,1,4,1.051,3,0,4.477,1,2,0.362,1.795,3,1,3,4,0.0,1,3,5,6,1,1.734,5,0,0,2.302,44.48,1
3,0,5,1,3,0,2.698,2,2,5,-0.454,0,1,27.45,4,3,3,-0.117,-0.189,5,0,2,-0.052,5,0,3.218,3,5,2.841,1.381,5,3,4,6,0.0,5,5,0,7,7,0.795,2,3,5,0.411,0.0,0
3,5,2,2,0,1,-0.46,4,1,5,3.023,3,5,27.81,6,2,4,1.222,0.646,1,1,2,3.429,7,0,2.358,5,0,-1.629,0.781,5,5,4,7,0.0,0,4,4,0,5,1.999,6,0,5,1.623,192.6,1
1,5,2,6,1,0,0.766,3,1,2,-0.377,4,7,25.2,3,2,3,-1.98,0.959,2,0,4,-2.247,5,5,0.207,3,2,-1.062,-1.756,5,2,3,5,0.0,0,0,4,0,1,-0.625,5,5,1,-0.445,0.0,0
3,0,2,4,5,0,-0.159,3,3,1,-0.942,5,3,32.15,5,4,0,-2.456,0.238,1,0,5,-1.363,3,2,-0.439,0,1,0.224,3.748,1,4,0,0,0.0,0,6,2,5,6,-0.493,3,0,1,-0.2,0.0,0
2,3,0,7,3,0,0.401,1,4,1,-2.665,0,0,28.86,1,1,2,-0.671,-0.857,3,0,0,-1.091,5,4,-1.347,3,0,-2.909,-2.208,1,2,4,7,0.0,0,7,2,7,0,-1.393,3,3,1,-2.04,0.0,0
5,4,2,7,0,1,2.732,4,2,5,2.877,2,2,35.76,3,3,4,3.266,0.19,2,1,2,1.156,7,2,2.358,4,3,0.04,0.595,4,5,2,2,0.0,1,4,2,7,2,1.24,3,4,1,1.746,234.64,1
1,0,2,3,4,0,-2.206,2,4,0,-0.071,4,6,45.86,7,0,2,1.917,1.519,5,1,4,1.891,3,5,1.316,6,2,2.541,2.13,2,5,1,4,0.0,5,7,4,6,4,0.852,3,5,5,1.073,159.4,1
0,5,2,2,2,0,-2.109,2,0,3,-4.471,4,1,32.43,2,3,2,-2.05,0.058,0,0,4,-1.634,5,0,-3.429,0,1,-2.204,-2.244,2,2,0,5,0.0,1,0,4,4,4,-3.573,5,0,4,-2.435,0.0,0
1,7,0,3,0,0,0.162,4,0,4,-1.477,3,0,27.63,1,4,2,-1.722,-0.626,1,0,0,0.087,0,4,-2.123,2,1,0.002,-2.394,2,0,4,5,0.0,0,4,2,3,4,-1.422,0,0,4,-1.296,0.0,0
1,3,2,4,3,1,2.105,5,5,5,0.253,3,3,36.12,3,6,1,-0.798,0.441,3,1,3,0.364,3,4,-1.406,0,4,1.567,1.966,0,5,1,7,0.0,1,0,0,2,7,1.622,6,2,0,1.465,117.55,1
4,7,4,1,1,0,-2.138,4,2,1,-0.067,1,1,24.37,7,3,3,-3.307,-0.606,3,0,0,-2.175,1,4,-2.652,4,5,-1.308,-0.363,3,5,2,3,0.0,3,5,4,0,4,-1.15,1,0,2,-1.608,0.0,0
1,0,4,7,1,0,2.079,3,3,4,-2.05,0,7,25.47,1,4,0,-2.603,1.12,1,0,3,-1.879,3,5,0.033,4,0,-3.507,-2.215,3,3,3,1,0.0,5,0,5,3,3,-1.328,5,4,2,-1.176,0.0,0
2,4,3,6,2,0,0.393,1,2,1,0.737,0,1,31.92,0,7,3,-1.423,-0.382,2,0,2,-1.727,5,0,0.198,3,4,0.763,-0.307,2,3,0,0,0.0,5,3,3,4,3,0.906,0,5,0,1.021,0.0,0
5,7,1,5,0,0,-2.305,3,3,4,0.815,3,4,31.27,4,3,1,-2.445,-0.069,4,0,4,-1.54,3,0,-0.622,1,0,-2.185,-0.357,1,0,0,0,0.0,2,2,5,6,7,-1.663,0,3,1,-1.819,0.0,0
3,0,4,7,3,0,-2.711,0,1,0,2.156,0,5,26.62,6,4,2,0.806,-0.11,3,0,4,0.545,0,2,-1.289,0,4,-0.007,-1.237,0,0,2,3,0.0,3,6,2,5,3,0.906,6,4,2,0.739,0.0,0
3,0,5,0,4,0,-2.478,5,4,5,-1.462,0,7,27.58,2,3,5,0.251,0.901,1,0,4,-1.328,1,4,-2.909,2,1,0.764,-1.634,0,2,2,0,0.0,0,1,1,2,2,-0.136,1,2,4,-0.762,0.0,0
4,7,3,6,1,0,0.36,5,1,2,-1.002,0,2,22.2,0,0,0,2.57,-1.117,1,0,0,-0.014,0,2,-0.496,1,0,-0.158,-1.326,2,1,2,6,0.0,0,0,5,0,6,-1.086,3,0,5,-0.515,0.0,0
5,0,3,2,3,0,0.419,1,5,1,1.265,3,1,34.05,1,7,5,1.155,-0.674,3,0,3,-1.843,4,0,0.961,2,1,-0.692,0.006,2,1,4,4,0.0,1,4,3,1,0,-0.113,6,4,5,-0.462,0.0,0
0,4,4,2,3,0,2.454,2,1,2,1.629,1,0,41.83,3,5,2,2.093,1.803,5,1,0,5.547,1,1,2.375,3,0,0.873,3.938,1,5,3,7,0.0,1,0,5,1,7,1.363,0,1,2,1.733,235.44,1
4,1,5,7,5,1,3.208,2,3,1,1.489,2,2,37.24,4,0,0,1.856,0.191,5,1,2,0.743,4,3,1.154,2,5,1.074,2.536,4,0,4,5,0.0,2,2,2,6,3,1.989,3,5,1,2.548,46.63,1
2,1,5,7,1,0,1.283,2,5,0,1.035,2,7,36.58,5,2,5,2.138,0.023,1,1,4,0.933,6,0,1.652,2,3,2.577,1.884,4,0,4,1,0.0,3,6,0,1,3,0.415,7,0,4,1.713,0.0,1
3,0,4,0,0,0,-3.206,5,2,1,0.966,2,5,17.41,7,3,1,1.734,-0.529,2,0,5,1.895,2,4,0.456,6,3,0.979,1.971,4,4,2,6,0.0,1,3,3,6,0,0.552,6,5,1,0.512,0.0,0
3,3,3,3,2,0,1.834,1,5,5,-2.303,1,7,31.09,0,7,3,0.469,-0.474,4,0,3,0.295,3,2,-3.48,0,1,0.704,0.174,5,3,2,1,0.0,0,7,1,6,1,-0.08,5,3,1,0.08,0.0,0
3,4,5,0,4,1,1.488,5,4,3,2.026,2,3,38.04,5,1,0,-1.209,1.577,2,0,0,-1.674,0,3,-1.98,6,2,0.237,0.92,2,0,5,0,0.0,4,0,1,6,0,0.548,0,0,1,0.929,84.47,1
2,1,0,3,0,0,-3.386,3,3,3,-0.931,4,4,30.75,3,1,4,-1.98,-0.802,1,0,2,2.549,3,2,0.102,5,0,-0.537,-1.93,5,1,1,5,0.0,2,2,1,1,5,-1.327,3,0,2,-0.927,0.0,0
2,0,4,1,2,0,-2.227,3,1,4,-2.013,4,1,35.23,2,1,3,-0.734,0.305,3,0,5,0.219,7,5,-2.144,3,2,-0.592,-0.389,2,0,0,3,0.0,2,4,3,4,5,-1.194,3,4,2,-1.32,0.0,0
2,0,0,5,2,0,0.036,1,2,4,-1.954,4,7,32.65,5,2,1,2.152,-0.371,4,0,0,0.2,1,5,-0.151,0,2,-0.11,0.633,5,4,2,3,0.0,1,7,2,4,5,0.292,3,1,4,0.333,0.0,0
0,4,4,3,3,1,3.25,5,0,4,-0.28,0,7,35.19,4,2,0,2.429,1.161,2,1,2,0.081,0,0,3.789,1,2,5.116,0.521,3,3,1,2,0.0,0,2,4,3,6,2.153,3,5,3,2.09,176.05,1
2,6,1,2,3,0,-1.545,5,1,4,-2.518,2,5,31.78,6,2,2,-1.814,1.256,4,0,2,-0.538,7,3,0.728,7,3,0.346,-1.307,1,3,5,2,0.0,1,5,0,6,0,-0.101,2,0,0,-0.914,0.0,0
5,5,2,0,5,0,-1.964,5,5,1,1.472,0,2,26.86,4,0,5,-2.986,-1.219,3,0,4,-0.137,1,0,0.144,1,4,1.945,-0.632,0,0,2,1,0.0,4,5,5,0,3,0.504,6,4,2,0.227,0.0,0
1,3,3,7,4,1,1.51,1,4,2,2.527,2,0,42.02,0,2,1,3.477,0.377,5,1,2,0.77,5,5,4.242,3,2,0.231,1.041,3,0,4,4,0.0,5,3,0,6,0,1.384,1,1,4,1.125,181.03,1
2,0,5,0,0,0,1.683,3,5,3,1.458,1,6,36.24,1,1,2,-0.47,-0.422,2,0,0,0.812,0,4,0.687,3,1,-0.45,0.737,0,4,2,6,0.0,3,5,4,5,7,-0.641,3,5,5,0.054,0.0,0
1,1,5,6,4,0,0.855,5,2,5,1.677,3,6,27.66,4,1,1,2.063,1.558,1,0,0,3.385,4,0,-0.77,5,2,0.433,0.069,3,2,0,7,0.0,5,2,0,2,0,0.744,0,5,5,1.323,0.0,0
3,5,4,3,2,0,-1.893,1,3,1,0.59,0,0,31.46,0,0,3,-1.98,-0.691,4,0,4,2.149,3,4,-1.634,4,1,-1.25,-0.579,1,1,4,7,0.0,5,3,0,5,4,-1.379,7,3,0,-0.772,0.0,0
1,0,2,2,0,0,-3.268,3,3,1,-0.749,5,7,30.99,6,2,3,-1.019,0.045,5,0,2,-1.35,4,2,-0.392,5,2,-3.492,-1.31,4,4,0,2,0.0,2,3,5,4,7,-0.739,0,1,4,-0.578,0.0,0
3,3,0,5,5,0,0.56,1,3,0,-1.864,1,4,26.29,6,4,0,-0.336,-0.864,5,0,0,0.7,6,0,-1.144,4,0,-0.561,-2.48,5,5,0,6,0.0,2,4,0,3,2,-0.53,1,2,4,-0.65,0.0,0
2,3,2,2,1,0,1.313,2,0,5,-0.356,3,4,29.64,1,7,0,0.202,-1.431,0,0,2,0.426,2,3,0.062,4,2,0.698,0.774,3,1,4,4,0.0,3,3,3,1,5,0.932,0,2,4,0.512,0.0,0
5,5,5,5,0,0,1.268,0,5,3,1.992,0,4,31.83,7,7,1,-0.848,0.742,5,0,1,3.225,1,3,-0.52,3,0,0.21,0.297,5,3,5,6,0.0,1,6,0,6,0,-0.005,6,0,0,0.519,0.0,0
1,4,1,2,1,0,-3.285,2,1,4,-0.507,3,3,22.86,7,7,5,-1.85,0.535,1,0,2,-1.071,0,3,-2.704,5,0,-5.25,-2.648,2,2,3,7,0.0,2,1,1,6,3,-0.97,4,4,3,-1.382,0.0,0
5,0,5,1,4,0,1.402,5,0,1,2.374,2,1,18.27,3,2,1,2.353,1.673,1,0,4,1.26,3,4,0.892,5,0,1.109,-0.742,5,1,0,4,0.0,5,7,1,6,7,0.055,1,0,2,1.302,0.0,0
2,5,1,7,4,0,1.084,2,0,4,2.809,2,7,28.8,0,3,1,0.109,-0.807,3,0,4,0.985,1,0,1.668,5,1,-1.329,3.666,3,4,0,3,0.0,5,4,1,3,1,0.292,2,3,2,1.294,0.0,0
0,4,3,7,3,0,-1.093,4,1,4,-0.384,2,3,20.29,5,1,4,0.635,-0.173,2,0,5,-4.581,1,3,3.614,3,1,0.427,-1.182,0,0,1,1,0.0,1,1,0,5,5,-0.844,6,4,1,-0.32,0.0,0
4,5,4,4,1,0,0.292,4,3,3,-0.121,5,6,16.81,0,3,5,1.28,0.167,0,0,4,0.836,3,0,2.665,1,0,1.242,1.1,4,0,3,6,0.0,3,4,2,6,0,0.649,2,1,3,0.911,0.0,0
1,3,4,0,0,1,-1.236,4,2,5,2.23,2,4,27.38,2,2,0,0.373,1.509,1,0,3,1.661,5,5,1.598,1,4,2.689,-1.37,5,5,1,0,0.0,4,7,3,2,6,0.952,2,1,4,1.261,0.0,1
4,3,4,5,0,0,-2.4,2,4,3,0.825,0,3,28.48,0,5,1,0.979,-1.226,1,1,3,-1.895,2,0,0.943,1,2,0.933,-0.089,1,4,4,5,0.0,3,6,2,0,3,1.034,2,0,4,0.409,224.39,1
0,1,4,4,2,0,-2.958,1,2,1,1.285,2,1,35.59,5,4,2,-1.367,0.445,5,0,5,-0.486,4,3,-0.79,4,1,-1.133,-1.19,2,3,0,6,0.0,4,5,2,7,2,0.283,4,2,1,0.097,0.0,0
4,2,4,6,1,0,-3.55,3,5,3,1.404,2,7,23.57,1,0,4,-1.415,-1.272,0,0,3,-4.363,5,0,-0.51,4,2,-1.746,-0.095,1,0,3,6,0.0,1,5,4,6,5,0.992,7,4,2,0.106,0.0,0
2,7,2,2,1,0,2.293,1,2,5,-1.086,3,5,25.26,3,5,2,2.405,1.938,5,0,3,-0.298,2,2,-2.545,5,5,2.956,1.259,5,2,4,5,0.0,5,3,0,4,3,0.478,4,1,2,1.015,0.0,0
5,6,2,4,1,0,-1.781,5,0,0,0.043,0,7,25.58,2,4,2,-1.036,-0.683,1,0,4,-0.34,2,3,-5.159,4,0,-2.327,1.231,4,0,3,6,0.0,5,0,0,2,2,-0.906,7,1,1,-1.324,0.0,0
5,7,1,1,1,0,-0.199,5,1,4,3.744,4,1,20.59,1,5,4,0.767,-0.693,4,0,5,0.637,1,0,3.049,6,4,0.681,1.997,0,2,2,2,0.0,5,4,1,1,1,0.381,2,2,0,0.208,0.0,0
2,1,4,5,0,0,0.429,0,4,2,0.723,4,2,21.69,0,0,2,-0.23,-1.797,1,0,0,-1.172,5,4,0.375,3,2,-1.393,-0.068,4,3,5,2,0.0,2,5,0,2,6,-0.505,4,3,0,0.058,0.0,0
4,2,3,6,3,0,-3.158,4,1,5,1.069,3,7,31.61,3,4,2,-0.5,-0.322,4,0,2,-0.667,7,2,-1.356,0,4,0.391,-2.133,4,4,3,5,0.0,2,7,0,5,6,-0.877,5,4,3,-1.077,0.0,0
4,2,2,1,0,0,0.147,2,0,5,-0.845,4,2,30.42,0,4,1,-0.475,-1.199,2,0,0,-0.696,1,4,-0.353,3,3,2.418,-0.265,2,0,3,2,0.0,4,6,3,4,2,0.145,2,5,1,-0.158,0.0,0
5,0,3,4,2,0,1.582,2,2,4,-1.986,0,2,25.22,5,7,3,-1.243,-0.232,2,0,5,-1.573,6,2,0.529,6,1,1.0,0.652,0,0,3,0,0.0,5,7,1,7,2,-0.372,5,5,4,-0.592,0.0,0
0,4,5,5,5,0,-0.684,5,2,1,-3.247,3,1,26.78,5,5,1,-1.93,0.437,0,0,1,-10.243,1,4,-3.104,2,5,-0.529,0.002,3,0,1,5,0.0,2,6,0,0,3,-0.991,6,4,2,-1.322,0.0,0
0,1,5,1,5,0,1.238,5,2,2,0.242,1,7,41.21,2,4,2,0.362,-1.876,5,0,5,-3.098,5,1,-1.866,1,1,-1.054,1.71,3,4,3,7,0.0,0,1,4,3,6,-0.726,4,3,1,-0.615,0.0,0
2,6,3,6,4,0,0.565,2,3,4,-2.621,2,6,20.42,1,5,4,-4.847,-1.971,0,0,4,-0.448,0,2,-1.924,4,4,0.143,-2.644,4,3,1,7,0.0,3,7,0,3,6,-1.069,6,4,1,-0.382,0.0,0
5,3,2,3,4,0,-0.309,1,2,3,0.201,2,7,40.34,6,6,0,1.445,1.257,0,0,3,5.315,4,1,1.677,4,3,0.925,0.888,2,0,2,3,0.0,4,5,1,3,1,0.147,6,2,1,0.087,0.0,0
5,1,3,2,1,0,0.277,0,0,5,2.369,4,0,32.25,3,7,5,1.67,-0.257,3,0,0,0.718,4,0,2.289,7,3,1.387,1.781,2,2,2,0,0.0,1,4,4,3,6,-0.055,0,5,2,0.021,0.0,0
3,4,4,5,0,0,1.296,1,3,4,-3.266,0,7,16.2,5,3,0,-2.99,2.007,0,0,2,1.135,3,2,0.251,5,4,-0.176,1.74,2,4,4,1,0.0,4,5,1,1,4,-0.864,4,2,1,-0.805,0.0,0
1,6,0,6,5,0,-0.061,5,5,3,-2.298,2,5,37.14,3,3,3,3.571,0.654,5,0,0,-1.977,4,1,-2.585,0,3,-0.872,1.758,5,1,4,6,0.0,2,2,0,2,0,0.18,5,4,2,0.499,0.0,0
3,7,1,4,4,1,0.699,0,2,4,0.39,4,3,35.81,3,7,3,1.691,-0.054,2,1,5,2.742,2,4,-0.078,2,2,0.817,3.269,3,1,4,2,0.0,1,6,0,0,2,1.355,7,0,5,1.847,82.23,1
2,6,1,7,5,0,2.755,3,3,1,-0.786,4,4,27.6,6,3,0,2.72,-0.674,2,0,2,2.608,6,3,1.24,7,5,-1.945,0.077,3,3,0,5,0.0,1,7,1,4,5,0.207,0,3,5,0.99,0.0,0
4,0,2,0,4,1,0.584,4,0,4,0.299,4,4,38.59,0,2,4,0.833,0.006,5,0,0,3.197,6,2,2.341,5,0,-0.891,3.767,0,4,5,4,0.0,1,3,3,2,3,1.88,3,3,2,0.592,0.0,1
0,5,1,1,3,0,-0.012,1,5,3,-2.435,2,2,26.8,0,4,3,-1.222,0.466,2,0,1,-2.3,7,5,1.21,3,5,-1.198,1.799,2,1,4,2,0.0,5,5,5,7,6,-0.165,1,4,2,0.609,0.0,0
1,6,2,0,5,0,0.389,0,2,0,-2.495,4,6,20.44,1,1,2,-0.025,0.148,4,0,1,-1.828,6,1,2.342,1,4,-0.869,0.666,0,3,5,2,0.0,5,0,1,6,7,0.648,1,1,5,1.002,0.0,0
0,0,5,2,2,0,-1.397,4,5,3,-1.082,0,5,32.97,0,1,1,1.759,-0.594,2,0,3,0.158,7,5,-2.212,4,1,1.646,-1.903,1,2,3,1,0.0,1,2,0,5,3,-0.734,2,5,0,-0.97,0.0,0
2,1,3,4,2,0,-2.183,2,0,4,1.318,0,0,31.22,6,1,4,-1.838,1.316,3,0,5,0.353,3,3,0.876,0,4,0.168,-1.03,4,3,0,1,0.0,0,5,1,3,4,-0.893,2,0,3,-0.503,0.0,0
3,6,5,3,1,1,2.379,4,0,2,2.107,4,0,36.93,6,1,3,-0.903,-1.195,2,1,4,-1.125,0,1,0.455,6,2,2.746,0.941,5,4,2,2,0.0,0,6,1,6,3,1.084,7,1,0,1.287,0.0,1
2,2,0,1,4,0,-1.088,0,1,3,0.994,3,6,17.86,2,7,2,0.859,-0.242,5,0,0,5.166,6,3,-1.104,5,1,0.168,1.262,5,5,2,7,0.0,0,4,3,4,7,0.096,6,1,5,0.86,0.0,0
5,0,3,5,0,0,-0.612,3,1,1,2.071,0,2,42.0,5,6,3,2.932,1.049,0,1,1,4.344,1,5,2.885,5,1,0.63,0.012,4,0,4,1,0.0,1,7,2,7,4,1.183,2,0,4,1.419,179.88,1
5,3,2,5,2,0,0.716,2,0,0,-0.388,0,4,8.78,4,5,2,1.974,0.436,4,0,4,0.503,6,2,2.908,7,3,-0.615,-0.433,5,5,0,7,0.0,0,1,1,2,5,-0.761,5,3,0,-0.104,0.0,0
2,2,2,4,0,0,-0.253,2,1,5,2.072,4,2,23.37,3,3,2,0.643,-0.729,5,0,4,-0.328,1,5,-0.554,2,5,0.169,1.596,2,0,1,7,0.0,5,1,3,2,4,-0.516,1,1,4,-0.055,0.0,0
3,1,4,6,3,0,0.47,3,5,0,1.904,3,2,36.89,7,7,0,1.51,0.157,3,0,1,-0.846,5,4,-1.182,6,5,-2.06,0.636,5,3,0,1,0.0,3,4,2,1,2,0.668,5,3,4,0.204,0.0,0
2,2,2,2,2,0,3.842,3,4,0,2.807,4,3,37.36,4,3,5,3.939,0.388,3,0,4,-0.016,5,1,-0.571,1,0,-0.416,3.112,5,2,1,1,0.0,4,6,1,4,0,1.527,6,4,5,1.775,0.0,0
5,7,1,1,2,0,1.915,1,4,2,0.111,5,1,25.59,2,4,0,2.562,-0.621,0,0,0,1.878,3,2,0.692,3,1,3.31,2.657,0,0,0,6,0.0,1,2,5,3,4,0.611,3,3,4,1.3,0.0,0
0,6,1,6,3,0,0.521,3,4,2,2.374,2,0,38.19,4,7,3,2.948,-0.551,0,0,4,0.356,4,5,1.321,4,3,0.773,-2.375,5,4,0,1,0.0,5,7,2,0,7,1.186,7,3,2,0.874,0.0,0
0,1,2,1,0,0,1.12,1,1,4,0.781,3,7,34.45,1,6,3,2.506,-0.167,0,0,2,-1.652,5,2,-2.005,3,5,0.603,0.533,0,0,0,1,0.0,1,3,0,2,2,-0.465,0,2,2,0.096,0.0,0
2,3,4,4,3,0,-2.194,1,1,2,-3.088,5,7,34.96,4,7,0,-0.067,1.181,3,0,4,-0.839,7,4,-0.139,2,5,-1.875,-0.277,4,2,2,6,0.0,4,4,1,0,7,0.007,5,1,2,-0.616,0.0,0
0,7,2,6,4,1,0.504,2,2,0,0.983,2,5,37.55,2,2,0,2.915,0.373,3,1,1,3.688,2,3,3.387,3,1,1.09,3.342,0,2,2,7,0.0,5,3,0,4,0,2.484,4,5,3,1.945,20.5,1
1,7,4,6,4,0,-4.036,1,1,0,-1.888,2,1,39.48,7,1,2,-5.747,-0.784,1,0,5,-1.373,0,1,-1.161,3,5,-4.67,-4.746,0,1,5,2,0.0,2,3,0,5,0,-3.241,7,0,3,-2.796,0.0,0
4,6,4,3,2,0,-2.959,0,3,5,0.058,1,6,34.33,0,7,5,-3.796,-0.255,3,0,1,-2.625,6,5,-0.93,3,3,-1.428,-1.606,4,4,2,7,0.0,4,6,1,5,3,-0.325,7,5,2,-0.162,0.0,0
1,5,1,0,4,0,-1.497,2,2,1,-2.717,2,5,30.92,6,6,1,-0.847,0.089,0,0,4,-0.416,3,0,-0.84,3,0,-0.791,0.419,2,2,2,5,0.0,0,3,0,7,2,-0.829,3,5,3,-1.172,0.0,0
3,4,3,4,5,0,0.934,3,3,3,0.263,4,5,36.04,4,5,1,1.973,0.501,5,0,1,-0.683,6,0,-1.918,0,5,0.574,-1.512,2,1,5,5,0.0,2,5,1,3,1,0.175,0,1,0,0.178,0.0,0
0,0,2,2,3,0,-3.282,5,0,0,-2.343,1,4,37.12,6,2,0,-3.91,-0.22,0,0,5,-1.277,0,2,-3.87,5,5,-2.25,-4.395,4,1,4,1,0.0,2,2,2,1,7,-1.589,4,0,5,-2.737,0.0,0
0,0,5,2,2,0,-4.664,1,3,4,-0.999,4,6,22.12,6,4,3,-2.244,0.543,2,0,1,-4.158,4,2,-3.328,6,3,0.019,-1.477,0,0,4,2,0.0,1,7,5,1,7,-1.058,6,5,1,-1.413,0.0,0
2,1,3,0,3,0,-0.736,1,4,1,-1.92,1,2,22.13,0,7,2,-2.279,1.363,3,0,1,1.021,2,3,-1.198,3,0,-2.704,-0.444,0,2,5,5,0.0,3,6,1,7,0,-0.517,2,5,4,-0.828,0.0,0
4,7,0,2,1,0,1.428,0,3,2,-0.915,1,3,27.29,5,0,5,-0.602,-2.187,4,0,2,0.751,2,0,-0.779,2,1,1.486,0.991,1,0,2,3,0.0,5,3,5,2,4,0.241,0,1,4,0.496,0.0,0
5,7,2,4,4,0,-0.608,5,3,5,1.987,2,0,41.98,1,0,2,3.646,1.444,4,1,0,0.856,3,5,2.046,5,5,3.795,0.71,1,3,4,6,0.0,0,7,3,0,6,1.46,4,3,2,0.905,34.29,1
5,1,0,7,3,0,-3.229,3,3,1,-0.743,4,4,26.36,0,1,5,-1.431,-0.234,1,0,2,-2.945,4,0,-2.552,0,4,-2.167,-0.2,3,2,3,7,0.0,4,4,3,7,1,-1.364,3,3,0,-1.368,0.0,0
0,5,4,4,2,0,-1.166,0,5,2,0.285,2,5,29.41,2,1,5,-0.799,0.092,0,0,1,4.146,5,5,-1.276,4,5,-0.398,-2.26,3,5,0,4,0.0,4,0,0,6,4,-0.695,2,4,3,-0.46,0.0,0
4,1,2,2,5,0,-2.369,3,4,5,0.978,5,0,29.04,0,4,5,-1.163,-1.41,0,0,1,1.897,5,4,2.907,6,0,0.89,0.911,5,3,2,7,0.0,2,2,4,5,0,0.491,4,4,3,-0.103,0.0,0
0,3,1,1,5,0,0.667,1,2,2,-1.871,0,4,20.94,0,7,1,0.173,-1.486,0,0,1,1.406,7,2,1.402,3,2,0.26,-2.308,0,0,2,1,0.0,5,1,5,5,1,-0.831,1,4,3,-0.398,0.0,0
5,7,0,6,5,0,0.315,2,4,5,-0.66,0,3,26.72,4,1,0,1.44,-1.501,0,0,3,-1.624,4,3,0.401,0,3,-0.819,-0.633,3,4,5,1,0.0,2,5,1,4,1,0.273,1,2,2,-0.539,0.0,0
2,4,4,4,3,1,0.165,3,2,2,2.241,2,3,44.51,4,2,5,-0.743,0.977,5,1,5,1.928,0,1,3.586,2,0,-1.133,2.262,1,1,5,3,0.0,0,4,5,4,0,1.847,4,2,1,1.678,222.14,1
1,6,1,5,1,0,-1.172,3,1,1,-2.67,3,3,32.94,6,4,2,-1.562,-1.313,3,0,4,-4.179,5,0,-0.86,1,3,-0.325,1.124,5,1,2,4,0.0,0,6,5,3,5,-1.061,4,0,1,-1.699,0.0,0
3,4,3,1,1,1,2.188,0,4,5,1.405,2,5,29.72,1,4,1,2.01,1.586,2,0,1,3.895,4,2,0.042,3,2,-0.12,1.891,0,0,1,1,0.0,4,7,3,1,6,1.813,2,1,1,0.997,142.79,1
1,4,5,6,2,0,0.002,1,3,1,-3.705,2,0,30.28,6,2,0,-0.915,-0.086,4,0,0,-3.504,1,0,-0.512,1,1,-4.565,-0.655,5,5,3,2,0.0,3,4,3,4,5,-2.553,4,0,2,-1.665,0.0,0
2,0,5,3,2,1,2.184,3,3,3,-0.078,0,5,31.93,0,6,4,4.258,1.376,3,0,1,0.238,4,5,0.767,3,3,0.946,-1.832,3,3,3,7,0.0,5,0,2,7,3,0.31,5,3,2,1.214,78.43,1
1,1,0,7,3,0,-1.158,3,0,5,-0.346,2,0,29.82,7,0,0,-1.112,-0.535,2,0,0,-1.595,5,2,0.606,2,2,0.096,2.475,4,4,4,2,0.0,4,6,1,5,6,-0.308,0,1,1,0.609,0.0,0
0,1,5,0,0,0,-1.169,5,0,1,-1.973,1,7,30.31,4,6,2,0.575,-1.885,1,0,5,1.152,6,2,0.847,4,3,0.402,-1.216,2,0,0,2,0.0,2,0,5,6,7,0.525,6,1,4,0.667,0.0,0
2,0,5,2,0,0,-0.161,4,5,4,-3.409,1,3,23.2,0,4,5,-1.088,-0.222,4,0,3,1.765,7,0,0.377,3,3,-0.936,-2.086,2,1,3,3,0.0,5,4,2,3,4,-1.045,4,2,4,-0.933,0.0,0
0,7,3,2,0,0,-2.99,3,0,3,-1.479,3,3,21.14,1,6,4,-1.462,-0.699,3,0,2,-1.498,3,2,-1.195,4,5,-1.995,-1.219,3,5,0,0,0.0,0,3,3,0,6,-2.174,4,4,5,-1.705,0.0,0
5,7,4,5,4,0,-0.837,5,0,5,0.242,5,4,30.84,1,5,1,-0.298,-0.425,1,0,2,1.817,5,0,0.968,5,1,-1.911,1.402,1,3,5,4,0.0,3,7,1,4,0,-1.034,7,4,2,-0.33,0.0,0
2,1,4,0,1,0,1.122,1,1,1,0.221,2,4,28.37,7,0,3,1.27,0.39,3,0,3,-3.076,7,5,1.546,1,3,-0.901,0.663,2,5,5,2,0.0,2,2,4,2,2,0.399,1,2,1,-0.275,0.0,0
1,1,1,2,2,0,-2.133,3,2,2,0.643,0,5,28.47,2,0,4,0.568,0.304,4,0,4,3.982,4,2,-1.267,6,1,-1.359,-0.816,0,0,5,2,0.0,2,2,5,7,0,-1.511,0,2,3,-0.969,0.0,0
3,1,1,4,5,1,0.751,4,5,4,2.358,2,4,25.33,0,6,3,0.828,-0.493,3,0,0,-1.053,4,3,0.38,0,1,1.673,1.414,3,4,0,4,0.0,0,1,0,7,1,1.178,0,2,5,1.241,197.98,1
5,4,2,4,4,0,-0.24,4,5,0,2.753,0,3,21.27,5,0,3,0.627,-0.112,2,1,2,-1.146,7,0,-0.245,3,3,1.149,0.204,3,1,4,3,0.0,4,5,4,2,4,0.738,3,4,3,1.286,190.63,1
3,6,0,7,0,0,0.071,4,3,0,0.017,0,3,30.29,4,5,4,-1.081,-0.648,4,0,5,1.657,1,2,0.339,5,3,-0.156,0.1,4,5,4,7,0.0,1,3,3,2,3,-0.895,1,3,2,-0.021,0.0,0
5,1,5,6,1,0,-1.225,0,3,5,-0.012,3,3,25.94,0,7,4,2.096,-0.522,3,0,2,-1.133,2,1,1.799,1,4,-1.757,0.621,5,5,0,3,0.0,2,6,3,3,3,-1.045,2,1,5,-0.596,0.0,0
3,7,0,3,3,0,0.416,1,3,3,-0.398,2,2,38.65,0,7,5,-1.104,-0.803,1,0,4,-0.322,7,0,0.284,3,2,-0.443,-1.648,3,1,5,3,0.0,5,1,5,0,2,-0.378,4,5,1,-0.276,0.0,0
4,5,5,1,0,0,0.585,5,3,3,1.02,2,4,31.23,2,6,2,1.364,-0.448,4,1,5,2.378,4,0,2.331,2,4,1.338,2.371,2,5,0,2,0.0,4,5,1,7,2,2.103,6,2,5,1.985,184.83,1
0,3,3,6,1,0,-0.426,0,5,0,-4.787,4,4,22.28,5,0,3,-3.563,1.099,1,0,1,0.622,3,1,-1.126,1,2,0.56,-2.476,1,3,2,4,0.0,4,1,5,0,2,-2.13,4,1,5,-1.275,0.0,0
0,1,4,5,3,0,3.345,4,2,5,-0.937,1,7,34.28,5,7,0,-3.782,0.142,2,0,2,-1.227,5,2,-3.171,2,2,-0.307,0.384,2,1,0,4,0.0,1,2,2,0,6,0.733,4,1,4,-0.459,0.0,0
5,7,4,3,4,0,-1.541,3,1,2,-1.542,1,4,33.8,5,4,2,-2.089,0.671,2,0,1,-1.308,1,2,0.511,3,0,-2.252,0.822,3,3,0,5,0.0,0,2,0,3,3,-1.393,3,4,5,-1.297,0.0,0
3,0,5,0,0,1,4.131,2,3,2,2.168,0,4,36.49,1,7,0,2.519,0.031,0,1,5,1.286,3,5,4.335,4,1,0.063,2.508,3,5,4,4,0.0,3,0,0,5,1,1.527,0,5,2,1.855,216.1,1
0,3,2,5,1,0,2.189,5,5,4,-3.939,0,0,20.67,2,6,5,-0.916,-0.886,3,0,1,-4.062,4,4,-4.076,3,0,-1.737,0.724,0,5,3,6,0.0,4,5,0,2,4,-0.501,7,1,4,-1.161,0.0,0
5,6,5,0,5,0,-1.597,2,5,1,-0.509,0,5,28.77,4,4,0,0.452,-0.705,2,0,4,0.657,6,5,-1.917,5,5,-2.385,0.008,0,0,0,5,0.0,1,0,0,0,6,-0.142,1,1,4,-0.797,0.0,0
5,5,4,5,2,0,-0.233,0,0,1,3.578,5,0,29.46,1,4,1,0.959,0.692,2,0,2,-1.063,1,0,-0.825,4,5,0.438,0.81,3,3,1,7,0.0,4,4,2,2,7,0.735,7,4,3,0.47,0.0,0
4,4,3,5,4,0,-1.444,2,3,5,-4.696,0,5,27.93,1,5,1,0.54,-0.228,3,0,5,1.071,0,5,-2.269,4,2,-1.895,-2.563,2,2,2,1,0.0,4,0,0,5,2,-1.002,3,3,4,-1.311,0.0,0
1,7,4,6,2,0,1.813,5,0,4,-0.046,0,3,27.64,1,1,5,2.051,-0.429,1,0,2,2.028,2,4,3.464,3,1,-0.603,-0.463,1,4,4,3,0.0,1,4,5,1,7,1.721,4,5,2,0.967,0.0,0
4,5,2,7,3,0,-0.967,1,4,0,-0.572,0,3,35.6,0,0,1,1.229,1.105,5,0,5,1.221,7,3,-1.821,5,2,-1.003,-3.691,5,1,0,0,0.0,3,2,4,1,3,-0.93,2,5,3,-0.487,0.0,0
5,5,1,7,1,1,1.417,4,1,4,-1.385,0,2,40.91,6,2,3,0.881,-2.27,3,0,2,0.592,6,5,0.696,0,0,1.624,0.347,0,4,3,2,0.0,5,7,3,5,2,0.557,5,3,2,1.032,0.0,1
5,7,1,3,0,0,-1.775,3,1,4,-3.731,4,2,31.1,3,4,3,0.837,-1.413,5,0,5,-3.326,6,1,-2.619,6,4,0.019,-0.221,3,3,4,7,0.0,1,7,5,2,6,-1.752,5,3,4,-1.324,0.0,0
1,2,4,2,1,0,-0.31,2,1,2,1.338,2,5,26.97,2,5,2,-1.654,-0.956,3,0,1,-1.618,5,1,0.065,5,4,-0.042,0.361,0,3,0,3,0.0,0,1,1,7,1,-0.9,0,2,1,0.018,0.0,0
4,2,3,3,1,0,2.273,5,3,5,0.121,0,3,21.29,1,2,5,-3.19,0.441,5,0,1,0.934,0,3,-2.328,1,4,-0.646,0.775,3,2,4,4,0.0,0,2,4,3,1,-1.286,0,3,4,-0.912,0.0,0
4,4,4,5,2,0,1.325,1,2,1,1.501,0,7,41.96,1,2,5,-3.312,0.168,0,1,2,-0.433,3,0,-0.979,2,0,-0.344,0.195,5,1,3,5,86.25,2,4,1,0,7,1.5,6,4,0,0.577,225.97,1
5,7,1,6,4,0,1.95,5,2,1,3.382,3,5,34.18,6,2,2,1.732,-0.558,4,1,4,-1.29,3,5,1.986,6,0,2.291,2.875,2,3,3,6,0.0,3,2,2,3,0,1.475,6,2,3,2.177,0.0,1
3,7,0,0,0,0,-1.615,3,4,1,-0.309,2,5,39.31,0,7,4,-0.846,0.14,3,0,4,1.898,2,1,1.012,3,0,1.855,0.249,2,0,2,0,0.0,1,1,5,6,2,0.191,2,4,3,0.959,0.0,0
4,4,4,4,4,0,-0.158,2,5,0,3.181,5,1,37.08,2,1,1,2.856,-0.004,5,1,1,0.573,6,4,0.794,6,2,3.196,1.12,0,0,2,2,0.0,4,1,2,3,0,1.475,4,2,5,1.571,94.82,1
3,0,0,3,4,0,1.474,1,3,4,-1.502,3,2,21.95,1,7,4,-1.256,-1.322,5,0,1,1.008,0,1,-1.586,1,4,2.52,-2.026,2,1,3,1,0.0,3,4,4,1,7,-0.193,3,4,4,-0.593,0.0,0
4,1,2,0,1,0,2.482,4,4,1,0.386,2,1,24.64,1,5,3,0.741,-0.683,5,0,0,-0.818,0,3,-0.558,5,5,1.388,0.844,0,4,0,7,0.0,4,4,5,7,4,-0.099,1,3,0,-0.334,0.0,0
5,1,2,5,3,0,1.069,4,3,2,-0.654,4,2,32.43,2,0,4,-0.411,-0.7,3,0,0,-1.406,6,2,0.872,5,3,-0.059,0.265,5,1,2,0,0.0,2,4,1,0,2,0.716,2,4,5,1.049,0.0,0
2,3,0,4,0,0,-1.49,2,2,4,2.489,5,3,27.38,1,3,0,1.248,0.388,1,0,3,-3.178,3,4,1.484,4,4,-0.408,0.443,5,4,0,6,0.0,3,5,4,6,0,-0.065,3,4,2,0.011,0.0,0
2,3,5,4,3,0,-0.669,5,5,4,1.331,2,3,27.26,5,6,5,-1.172,-1.031,4,0,3,1.009,4,2,-0.871,7,1,-1.703,-2.425,1,5,0,7,0.0,2,6,1,7,6,-0.857,4,0,1,-0.124,0.0,0
0,1,4,2,1,0,0.195,0,0,5,1.017,0,6,23.85,7,5,3,3.02,0.528,5,0,3,-0.024,1,2,1.738,7,5,3.205,-0.603,5,3,4,5,0.0,4,7,1,5,2,1.294,0,4,3,0.253,0.0,0
2,1,4,2,2,1,3.081,3,2,3,1.581,0,0,43.86,5,6,3,-0.047,-0.004,3,1,0,1.611,3,4,2.07,6,1,5.225,-0.849,4,2,3,7,0.0,5,1,1,4,2,3.025,2,2,1,2.599,0.0,1
4,2,4,4,0,0,-4.452,2,5,5,0.082,5,6,27.89,6,2,2,-2.785,1.705,5,0,1,-2.52,3,3,-4.572,0,3,-1.083,-0.541,2,2,1,0,0.0,5,3,4,7,0,-2.492,5,0,4,-2.29,0.0,0
5,4,1,2,5,0,-1.733,4,4,1,1.863,3,7,25.21,3,6,5,-1.336,1.433,3,0,4,0.915,1,1,-0.055,5,5,-0.936,0.315,1,2,3,1,0.0,5,0,1,1,6,0.498,4,2,0,0.119,0.0,0
3,6,3,4,0,0,2.004,4,5,0,-0.897,0,2,26.11,0,2,2,0.311,-1.164,4,0,2,-1.222,4,0,-1.67,7,1,1.012,-0.216,3,3,4,2,0.0,3,2,2,3,5,-0.453,4,0,1,-0.117,0.0,0
5,4,0,6,0,0,-0.285,5,5,0,2.646,2,7,26.58,4,4,0,-0.345,-0.484,1,0,4,0.612,7,2,0.17,2,1,1.064,-0.146,4,0,5,0,0.0,4,3,3,0,3,0.197,3,1,4,0.066,0.0,0
5,3,0,7,4,0,-1.967,0,4,0,3.358,4,6,34.13,6,2,0,3.2,0.734,3,0,2,-2.263,0,3,0.073,5,1,3.733,-1.339,4,4,4,0,0.0,2,6,4,2,1,0.427,6,3,0,1.343,0.0,0
0,0,3,1,4,0,-0.675,4,5,1,0.214,5,1,30.46,1,4,4,2.545,1.741,2,0,2,-0.734,1,4,3.686,7,2,0.784,0.907,2,3,4,2,0.0,0,1,1,5,4,0.675,1,0,4,-0.584,0.0,0
0,3,3,7,5,0,2.097,5,3,1,0.537,4,1,34.11,7,2,2,1.335,2.384,2,1,4,2.721,4,2,-1.227,2,5,4.028,0.578,0,4,5,6,0.0,1,2,0,0,3,1.479,5,2,3,1.285,0.0,1
3,3,5,5,1,0,-2.99,0,1,0,-2.591,3,3,28.51,7,7,1,-1.441,0.568,0,0,4,1.606,3,2,-0.768,4,0,-1.179,-0.994,3,4,4,1,0.0,2,2,2,6,2,-0.876,2,0,1,-1.286,0.0,0
0,1,4,5,4,0,-0.667,0,0,4,1.369,0,5,23.39,0,0,0,-0.851,0.871,1,0,3,-1.033,0,2,0.778,7,1,-1.243,1.33,4,2,2,0,0.0,3,3,3,5,5,-0.778,1,3,5,-0.952,0.0,0
3,0,3,0,4,0,2.078,2,2,1,-0.452,3,6,27.1,0,0,1,-2.328,-1.609,3,0,5,-1.045,4,0,1.264,6,1,0.437,-0.109,5,0,3,0,0.0,2,5,1,3,4,1.158,0,0,5,0.866,0.0,0
1,5,1,3,2,0,-4.091,0,4,2,-2.305,3,2,32.91,3,3,0,-1.74,0.376,0,0,2,1.306,6,4,-1.919,0,2,-1.855,-2.51,0,2,1,4,0.0,1,5,1,4,3,-2.793,5,0,4,-2.176,0.0,0
2,0,1,4,4,1,2.103,1,2,4,-0.744,2,2,37.84,4,0,4,1.878,1.255,3,0,5,2.006,2,2,-0.151,6,5,1.085,-4.325,2,4,3,2,0.0,3,1,4,2,7,0.966,3,5,1,1.622,149.76,1
2,4,4,3,1,1,1.685,4,1,1,0.255,5,6,34.93,0,7,0,-0.371,-1.526,0,0,1,2.469,1,5,4.904,7,4,0.846,-0.58,5,1,0,0,0.0,3,2,4,5,5,1.134,3,1,1,0.947,138.76,1
3,4,1,0,1,0,0.534,2,4,0,1.101,2,7,35.16,3,6,5,2.153,-1.426,2,1,1,1.669,6,5,-0.934,3,1,-0.465,2.007,4,3,5,3,0.0,5,1,4,1,0,2.023,5,3,5,1.288,163.96,1
1,0,3,3,5,0,-2.396,2,5,2,-0.506,1,7,29.16,5,3,0,1.016,2.798,3,0,1,0.161,0,1,-1.302,3,2,0.403,-1.958,4,3,1,7,0.0,2,4,3,4,4,0.166,1,1,3,-0.069,0.0,0
3,3,3,7,2,0,1.587,4,2,1,-1.196,4,6,26.48,2,5,0,0.52,-0.475,1,0,0,-0.809,3,3,-0.896,1,2,0.042,-1.522,4,1,0,1,0.0,3,0,2,0,6,-0.772,6,3,0,-0.152,0.0,0
0,0,3,0,4,0,0.218,2,4,4,0.525,1,4,31.2,6,2,5,-0.256,-0.786,0,0,4,-1.06,4,3,1.697,7,4,-1.577,-3.365,4,0,0,2,0.0,1,4,0,7,3,-0.839,3,1,1,-0.507,0.0,0
3,6,3,0,5,0,1.633,2,0,5,0.788,3,7,22.73,7,7,3,1.186,0.477,5,0,5,2.953,7,5,-1.609,0,0,0.35,-0.219,4,0,0,1,0.0,2,5,1,4,3,0.297,0,4,2,0.371,0.0,0
3,7,3,3,4,0,2.458,3,1,3,0.242,4,7,35.91,3,0,2,0.083,1.865,1,0,5,-4.841,5,4,2.033,0,5,1.508,0.973,5,4,1,1,0.0,2,5,5,7,1,0.437,0,1,0,1.011,0.0,0
2,7,3,5,0,1,0.993,1,4,5,0.069,4,6,40.01,6,6,4,1.103,-1.434,3,1,0,-1.552,0,4,2.089,6,1,1.171,-0.057,3,1,1,5,0.0,2,2,0,2,7,1.857,2,4,1,2.041,185.31,1
5,3,0,2,4,0,-0.05,5,4,5,-1.045,4,4,32.04,5,1,1,-1.425,-0.453,4,0,5,1.88,0,0,-1.074,4,3,-0.499,-1.171,2,3,0,6,0.0,0,0,1,0,3,-1.376,0,5,5,-0.961,0.0,0
2,2,4,0,0,0,-1.246,0,5,1,2.119,5,3,34.23,4,0,2,-2.018,-1.636,4,0,5,-0.489,4,0,-2.188,5,1,-1.065,-0.459,5,2,4,5,0.0,1,7,0,3,1,0.249,3,0,1,-0.469,0.0,0
3,7,1,7,1,0,0.04,2,1,2,1.924,5,2,28.61,6,3,2,-0.996,0.334,0,0,4,1.845,0,3,3.043,5,2,-1.508,0.31,0,1,0,5,0.0,2,0,2,6,5,-0.239,6,0,2,0.589,0.0,0
5,3,4,1,0,0,-1.481,4,2,3,-0.858,5,5,27.97,1,4,4,-1.041,2.191,2,0,2,-1.296,0,0,-2.28,5,1,-3.356,-1.688,3,1,3,5,0.0,5,1,0,1,2,-1.739,7,5,2,-2.178,0.0,0
0,3,4,6,1,0,2.524,5,2,1,-0.514,3,1,33.65,2,3,3,1.441,0.355,1,0,5,4.51,6,2,1.893,3,1,-0.127,2.558,4,3,0,4,0.0,1,2,4,6,1,0.842,1,1,4,1.31,0.0,0
5,7,1,6,3,0,-0.367,1,1,4,0.74,4,4,38.6,3,0,3,-0.187,-0.302,2,0,3,0.74,2,4,-1.552,7,5,-0.737,0.907,2,5,5,5,0.0,3,2,1,4,0,-0.927,4,0,2,-0.941,0.0,0
3,5,2,0,2,0,1.396,2,3,3,3.411,5,2,35.81,2,0,0,1.521,0.762,0,0,0,-1.366,5,1,1.927,0,1,-1.106,-1.341,3,5,1,7,0.0,3,5,2,0,2,-0.542,5,0,4,-0.239,0.0,0
2,4,5,0,3,0,-0.774,0,1,4,-2.662,2,6,24.85,2,7,0,-3.68,2.176,2,0,5,0.542,3,0,-0.336,4,0,0.717,0.458,0,0,2,3,0.0,3,6,0,2,2,0.479,2,1,4,-0.303,0.0,0
4,1,5,2,0,0,-1.462,5,4,0,-4.093,4,5,22.85,0,0,3,-0.078,-0.744,5,0,2,1.444,7,5,-1.469,4,1,-0.056,-1.05,2,3,0,0,0.0,4,6,2,3,7,0.494,7,5,2,-0.218,0.0,0
0,7,2,1,2,0,-1.798,0,0,2,-2.543,4,3,26.67,1,2,5,-0.116,-0.071,3,0,2,-1.431,7,0,-2.749,3,0,-2.85,-1.495,1,2,1,5,0.0,3,1,2,3,1,-1.394,5,3,4,-1.351,0.0,0
3,5,4,0,1,0,-1.397,0,3,0,-0.733,0,6,23.66,6,7,2,-1.662,-0.255,4,0,0,-2.869,7,3,-4.433,1,3,-0.447,0.257,5,4,1,6,0.0,5,7,0,6,5,-0.649,5,1,3,-0.876,0.0,0
0,2,0,0,3,0,2.902,0,0,1,-0.152,1,3,22.27,0,5,0,3.006,0.505,0,0,1,3.655,3,2,1.158,6,4,-1.616,2.726,1,5,4,0,0.0,1,5,0,0,4,1.679,7,3,4,1.027,0.0,0
0,2,5,6,0,0,-0.199,3,5,3,-0.949,1,2,27.81,2,2,2,-0.57,-0.321,3,0,3,1.535,6,4,0.592,6,4,-2.413,-3.817,3,0,0,7,0.0,1,0,3,4,2,-1.581,1,0,2,-1.439,0.0,0
1,7,0,6,5,0,1.852,1,4,2,1.596,2,7,36.4,1,1,4,0.467,0.429,5,1,1,-0.281,5,2,3.691,4,3,1.05,1.038,0,0,3,6,0.0,4,7,4,4,1,0.075,2,2,0,-0.059,0.0,1
3,5,5,6,2,0,0.997,4,1,5,0.562,3,5,24.84,4,0,3,1.538,1.097,3,0,4,-0.854,3,1,-0.934,3,5,-0.896,-0.85,5,2,0,0,0.0,5,5,5,6,0,0.234,6,3,4,0.446,0.0,0
4,1,0,6,5,1,-0.082,3,2,5,2.599,4,7,36.17,5,6,3,1.036,-0.935,2,1,0,4.363,4,1,1.26,3,0,0.434,-1.33,5,2,5,2,0.0,3,1,0,6,6,1.554,5,5,4,1.76,209.05,1
4,4,4,2,2,0,2.755,2,0,2,-1.316,2,7,23.07,7,1,0,-0.377,-1.164,1,0,3,-1.239,0,0,-0.145,2,4,-2.578,-1.162,1,1,2,4,0.0,3,3,5,2,3,0.909,0,3,2,0.361,0.0,0
1,3,0,1,0,0,0.998,0,2,0,1.411,5,0,19.86,7,0,2,-0.193,1.154,1,0,3,-0.437,6,1,-1.301,5,1,1.094,-1.067,3,5,3,4,0.0,2,0,0,5,6,-0.879,4,1,1,-0.167,0.0,0
0,6,3,2,2,1,-0.311,3,1,1,2.948,1,4,35.47,1,5,0,3.312,0.863,5,0,5,-1.396,6,1,-0.949,5,2,-0.917,3.739,3,4,3,6,0.0,3,6,2,6,0,1.512,4,4,4,1.151,94.9,1
2,4,4,5,0,0,4.216,5,1,2,0.398,0,0,22.07,5,4,2,-2.728,1.272,4,0,3,-1.694,2,1,-1.958,7,5,-0.471,-1.167,4,2,5,2,0.0,1,7,4,4,5,-0.096,4,0,2,0.199,0.0,0
1,7,4,4,0,1,2.931,1,2,0,1.557,0,3,40.5,0,3,1,1.43,-0.176,3,1,5,0.535,1,3,4.545,2,0,-0.615,-0.039,2,3,3,6,0.0,0,2,2,3,4,2.471,0,5,4,2.061,58.44,1
1,5,3,3,5,0,3.593,1,0,0,1.229,3,3,33.84,6,5,2,-2.213,1.774,2,1,0,1.266,2,2,0.504,2,5,2.804,1.102,4,3,5,5,0.0,3,1,5,2,2,0.87,3,4,3,1.072,41.77,1
2,3,5,3,3,0,1.391,3,5,5,-1.935,1,1,30.62,6,2,3,-1.372,0.184,3,0,5,-1.109,3,3,-0.09,0,4,0.137,0.567,1,5,0,3,0.0,2,4,5,5,1,1.008,0,5,1,0.467,0.0,0
5,0,3,4,3,0,-0.914,5,3,2,0.55,5,2,24.41,5,3,0,0.746,0.518,2,0,1,-5.491,3,4,-2.698,5,1,-3.564,-1.245,4,3,3,2,0.0,5,1,2,0,5,-1.114,6,2,2,-1.34,0.0,0
0,7,1,4,4,0,1.272,4,2,5,2.298,1,0,28.9,6,5,3,2.498,0.106,2,0,0,2.6,3,1,-2.974,3,1,-0.196,0.486,4,4,5,3,0.0,3,1,3,0,4,0.656,1,0,4,1.204,0.0,0
5,7,0,2,4,0,-0.054,2,3,5,-2.7,1,5,32.42,4,2,1,-1.083,-0.506,2,0,3,0.954,5,5,0.726,3,4,-0.821,-1.902,1,3,0,7,0.0,1,2,5,3,5,-0.45,3,4,0,-0.437,0.0,0
0,1,5,0,1,0,-0.216,5,0,0,-1.175,1,7,39.16,0,3,1,-0.681,0.876,4,0,5,-0.863,0,4,-1.474,2,4,-1.398,-0.542,0,4,2,7,0.0,1,3,1,3,7,-0.321,2,5,2,-1.158,0.0,0
4,4,3,3,5,0,0.215,4,4,4,0.644,4,7,28.61,2,6,1,-0.361,-0.521,1,0,5,-2.124,3,0,1.564,2,1,1.458,1.308,2,3,3,2,0.0,0,6,5,3,0,1.039,6,5,5,0.524,0.0,0
1,2,5,5,4,0,-1.188,3,1,3,-0.448,1,3,32.07,1,1,3,-1.448,-0.772,2,0,0,-1.46,2,5,-0.731,2,1,-0.231,-1.847,5,2,0,0,0.0,2,7,1,6,3,-0.027,6,1,2,-1.085,0.0,0
2,6,3,1,5,0,-0.358,5,3,2,-1.577,4,7,14.03,0,2,3,0.091,0.456,2,0,0,2.437,1,1,3.996,3,1,-0.967,-0.65,0,5,0,7,0.0,1,2,3,4,3,0.172,0,5,1,0.797,0.0,0
5,3,2,5,1,0,-1.57,1,5,5,2.34,4,7,24.45,5,7,4,1.637,0.343,0,0,2,-1.208,2,1,0.397,1,0,0.434,0.167,0,2,0,2,0.0,2,5,3,0,6,-0.425,6,0,0,-0.609,0.0,0
0,6,0,6,0,0,-0.08,3,1,5,-1.581,5,0,25.47,3,1,4,0.744,0.253,3,0,4,-2.733,5,0,1.048,5,4,-1.607,-4.839,5,0,3,7,0.0,0,1,0,4,4,-1.655,0,4,4,-1.732,0.0,0
3,6,0,6,4,0,-1.278,3,3,2,-2.456,5,2,24.33,2,6,3,-1.231,0.546,1,0,3,-1.721,7,1,-0.359,3,4,-0.848,-1.763,5,5,5,7,0.0,4,5,1,5,4,-0.785,2,5,5,0.083,0.0,0
0,4,1,1,2,0,-2.46,1,5,2,-2.157,0,5,36.74,0,1,4,0.786,-0.121,1,0,0,-1.506,5,5,-0.418,4,1,-0.449,0.0,4,4,1,3,0.0,5,0,4,2,0,-1.149,3,4,2,-1.571,0.0,0
0,1,4,4,0,0,-0.079,0,2,1,-1.761,2,1,31.68,7,3,0,-0.149,0.385,2,0,4,3.335,5,3,0.776,7,4,1.687,-1.32,3,1,3,5,0.0,2,3,4,3,5,-0.403,0,2,1,-0.448,0.0,0
1,1,4,0,5,0,-1.593,3,0,3,-1.962,2,3,28.91,1,3,1,-2.118,0.726,5,0,2,1.82,2,3,0.63,6,4,-0.368,-2.065,2,2,0,3,0.0,5,7,2,2,2,-0.912,3,3,0,-1.106,0.0,0
3,2,4,1,5,0,-1.473,0,5,5,-2.513,3,2,30.69,3,5,0,0.578,1.094,0,0,5,-0.373,6,0,-2.509,4,5,-0.57,-0.549,2,5,2,5,0.0,3,6,1,0,7,-0.568,2,1,1,0.169,0.0,0
4,5,2,6,5,0,-2.179,1,4,5,-0.47,2,4,16.98,1,2,5,-0.975,0.084,0,0,4,3.029,3,4,0.26,3,2,-0.896,-0.03,0,4,1,1,0.0,4,5,3,0,0,0.213,0,4,1,-0.147,0.0,0
1,0,0,7,1,0,-3.765,0,1,3,-2.186,0,1,30.65,5,4,1,-2.46,1.922,3,0,4,0.04,2,5,-1.435,1,3,0.116,0.204,2,2,0,7,0.0,3,3,5,1,5,-1.904,3,3,4,-0.96,0.0,0
0,2,5,7,1,0,-0.201,3,2,1,0.284,3,5,17.27,6,6,3,-2.041,-0.403,3,0,3,-3.111,4,2,-0.647,5,4,0.603,3.083,3,5,4,0,0.0,0,7,3,6,4,-0.11,3,4,5,0.087,0.0,0
3,6,3,5,5,0,-0.623,4,4,4,-0.836,5,4,26.56,5,3,4,0.762,0.393,3,0,1,1.165,4,5,-0.663,5,2,-2.034,0.447,5,4,3,4,0.0,2,5,5,4,4,-0.846,5,4,0,-1.074,0.0,0
0,4,5,5,5,0,1.219,3,4,1,0.244,3,6,28.8,0,0,1,-0.388,0.198,2,0,1,2.101,6,5,-1.55,6,4,1.455,-1.559,4,3,3,5,0.0,1,1,5,4,5,-0.763,0,2,3,-1.154,0.0,0
2,7,5,4,3,0,0.789,4,5,3,-3.551,0,6,20.06,6,5,0,-0.661,0.362,4,0,3,-2.892,7,3,0.349,6,1,-0.523,1.266,2,0,1,6,0.0,3,3,5,7,5,-0.61,0,2,0,-0.595,0.0,0
