herd_size,grant_scheme,水_source_class,compensation_paid_gbp,milk_buyer,breed_group,cleansing_contractor,quota_band,market_zone,bulk_milk_elisa_positive,calving_pattern,movement_restriction_days,tracing_link_confirmed,appeal_route,parlour_type,levy_class,soil_class,county,altitude_band,badger_density_index,ai_provider,holding_type,vet_practice,housing_system,followup_test_round_count,slurry_system,confirmatory_pcr_positive,case_officer,abattoir_group,bull_source,grazing_regime,haulier_code,assurance_scheme,land_tenure,animals_culled,purchased_stock_share,inspection_office,feed_supplier,neighbour_incidence_index,boundary_length_km,biosecurity_scheme,herd_restricted
0.84,7,2,0.0,1,2,0,5,3,0,5,-0.181,0,5,6,1,6,4,4,1.241,3,7,0,6,2.308,2,0,5,3,6,7,7,1,7,0.0,-0.748,6,0,0.132,2.103,1,0
1.486,6,5,0.0,7,7,5,4,5,0,3,-1.535,0,3,6,2,0,0,2,-0.808,1,0,7,7,-0.511,5,0,6,6,2,5,1,2,7,0.0,0.53,4,6,1.012,0.848,5,0
1.783,4,4,0.0,2,6,3,3,7,0,4,0.244,0,7,0,2,7,3,6,3.041,0,5,5,7,0.016,3,0,0,5,2,3,7,0,0,0.0,0.973,2,7,0.62,0.011,6,0
-0.188,7,2,0.0,7,4,2,1,7,0,5,-0.216,0,2,0,7,1,5,7,3.146,2,1,4,3,0.73,4,0,4,7,2,2,5,7,6,0.0,-0.519,7,5,0.509,1.389,4,0
0.308,7,1,0.0,0,7,6,4,5,0,4,-0.648,0,5,4,2,5,7,7,0.963,1,6,7,7,0.237,7,0,2,7,0,5,1,2,6,0.0,-0.026,7,1,0.603,2.398,5,0
4.635,3,6,27247.24,7,1,6,2,0,1,6,1.582,1,5,7,4,0,5,3,5.901,1,2,5,1,0.533,1,1,2,7,7,4,3,5,5,0.0,5.859,4,2,6.125,5.836,6,1
0.099,0,2,0.0,7,6,1,4,1,0,3,-0.385,0,4,6,0,4,1,4,1.099,6,7,4,7,-1.034,0,0,0,2,7,6,5,2,5,0.0,-0.493,4,6,0.344,-1.912,0,0
2.152,0,7,40577.69,6,1,7,3,0,1,7,1.94,0,0,7,4,6,5,0,3.479,3,7,2,1,0.093,6,1,5,4,3,3,0,3,2,0.0,2.207,0,1,3.089,3.275,4,1
0.162,1,7,0.0,5,7,5,7,2,0,5,0.39,0,6,0,3,5,1,6,2.062,6,1,7,4,-1.785,4,0,5,5,2,3,0,1,5,0.0,-1.663,0,3,-0.104,0.513,4,0
-0.052,6,1,0.0,6,0,3,5,0,0,3,-1.36,0,5,1,4,4,7,3,5.451,5,3,0,2,1.596,6,0,1,0,2,5,2,5,0,0.0,-0.06,2,0,0.901,2.547,0,0
0.281,1,7,0.0,0,1,3,2,4,0,1,-1.173,0,6,1,0,7,0,7,-1.157,2,5,5,6,0.245,6,0,6,3,1,2,5,7,6,0.0,2.597,1,1,0.773,1.976,3,0
2.819,0,5,33124.26,6,0,2,5,4,1,1,2.59,0,7,6,6,3,1,4,6.665,7,6,7,0,0.034,1,1,2,3,4,2,3,2,5,0.0,2.326,7,4,3.143,0.619,5,1
3.909,0,0,40834.96,0,4,5,7,6,1,2,2.361,1,4,0,6,4,4,3,4.344,1,6,6,7,0.886,5,1,1,7,1,1,2,1,5,0.0,3.58,7,2,3.569,2.469,7,1
1.834,6,2,0.0,6,3,7,3,5,1,5,2.584,0,5,2,6,0,3,2,3.989,1,3,5,4,0.821,2,0,0,5,5,4,3,0,7,0.0,1.785,1,0,2.406,3.093,5,0
4.888,3,5,1574.59,6,6,1,3,2,1,5,1.42,1,5,5,3,7,6,1,7.406,1,2,0,4,0.732,3,1,7,1,1,1,4,5,0,48.9,5.523,4,3,4.054,5.813,2,1
2.667,3,3,0.0,0,3,5,4,5,0,3,0.22,0,5,7,1,1,1,3,3.828,1,1,7,0,0.194,1,1,6,3,2,3,0,5,5,0.0,1.941,7,5,2.134,4.637,6,0
1.528,1,0,0.0,3,6,3,4,3,0,5,1.4,0,0,1,0,6,2,2,5.199,4,0,5,5,1.472,0,0,4,3,7,3,2,7,6,0.0,1.497,5,3,0.661,1.984,5,0
1.601,3,3,0.0,3,6,0,3,0,0,6,0.579,0,6,6,5,1,3,3,4.311,2,3,7,6,-0.1,1,0,5,5,1,3,6,5,4,0.0,1.217,5,5,1.558,3.118,1,0
2.128,2,7,0.0,7,4,7,0,1,1,1,0.49,0,1,7,2,3,5,4,4.869,2,6,5,1,-0.57,1,0,5,1,4,0,3,1,7,0.0,1.932,0,7,2.131,1.986,6,0
1.877,6,4,0.0,5,0,0,3,3,0,6,0.582,0,1,6,4,1,6,0,3.085,1,0,3,4,-0.235,7,0,5,3,3,1,6,7,1,0.0,3.38,0,6,2.05,3.457,7,0
0.566,5,7,0.0,6,1,3,6,7,0,6,-2.308,0,0,1,5,2,5,0,-0.862,3,2,3,2,-0.469,7,0,7,3,2,5,2,2,7,0.0,0.509,0,2,0.442,-0.849,4,0
2.049,0,0,0.0,0,0,1,7,5,1,4,0.809,0,2,5,3,3,4,0,-0.673,1,5,0,6,-0.112,1,0,7,2,5,7,4,5,4,0.0,0.538,5,3,1.518,-0.155,2,0
1.068,0,5,0.0,7,6,4,5,1,0,3,-2.487,0,7,2,1,5,6,5,4.529,4,3,1,4,0.468,7,0,7,7,0,0,5,3,3,0.0,2.664,5,7,0.497,-0.262,5,0
-0.38,1,4,0.0,2,4,3,2,6,0,5,-1.057,0,7,2,0,7,1,1,1.102,0,3,5,0,-0.155,1,0,4,7,6,3,0,4,4,0.0,-0.126,6,6,0.342,0.886,6,0
0.441,6,5,0.0,1,5,4,6,6,0,4,-0.597,0,0,2,2,1,3,6,-1.265,1,5,6,7,-1.081,3,0,1,6,3,4,7,6,4,0.0,2.727,6,7,0.497,-0.603,3,0
1.232,2,1,0.0,3,3,7,4,6,0,7,-0.62,0,1,0,4,0,6,2,-3.158,0,2,1,0,0.899,0,0,5,2,3,6,6,1,4,0.0,0.439,4,2,0.899,-0.348,4,0
1.663,7,3,0.0,7,6,5,3,2,0,5,-0.441,0,0,3,1,3,0,4,5.68,5,3,7,6,0.764,7,0,1,7,3,3,2,0,7,0.0,1.782,6,1,1.035,0.757,1,0
-0.083,2,0,0.0,0,7,5,2,6,0,1,0.542,0,5,1,3,1,3,7,2.154,5,1,0,4,-1.704,1,0,7,1,7,0,3,2,4,0.0,1.417,7,3,0.067,0.331,4,0
0.763,2,0,0.0,6,6,2,5,2,0,3,-0.576,0,7,2,5,2,5,4,-0.161,6,5,1,3,0.117,7,0,4,5,4,1,6,0,3,0.0,2.361,0,0,-0.085,-0.524,2,0
0.994,0,4,0.0,7,2,5,0,7,0,5,1.353,0,4,3,4,5,2,5,0.377,0,1,3,7,2.892,4,0,7,5,3,2,5,2,1,0.0,2.005,4,0,0.764,2.083,0,0
3.19,2,2,0.0,2,6,7,7,0,0,2,-1.484,0,3,5,1,7,0,3,0.952,2,1,0,4,0.18,6,0,7,3,2,4,0,4,6,0.0,0.501,3,5,1.946,2.953,3,0
7.839,3,1,9936.87,6,2,2,4,0,1,0,3.449,1,7,1,1,2,2,2,6.511,7,1,0,4,-0.683,5,1,4,4,3,0,3,4,2,0.0,8.558,6,0,8.492,6.635,7,1
1.368,6,4,0.0,4,6,3,0,6,0,5,-0.097,0,1,3,2,3,5,2,2.664,0,1,1,7,-0.7,7,0,1,2,6,1,6,4,1,0.0,-0.596,2,2,1.094,1.973,0,0
3.869,1,0,28719.31,1,2,5,6,4,1,0,1.609,1,1,4,2,7,4,3,1.256,7,3,7,3,-0.98,1,1,1,6,0,7,7,2,2,0.0,4.539,0,6,4.342,5.504,4,1
6.124,4,5,20224.89,6,7,6,1,1,1,2,0.792,1,0,1,3,5,5,2,4.588,2,4,1,4,-1.661,3,1,2,3,3,4,4,5,5,0.0,5.389,4,4,5.35,3.33,2,1
2.075,6,5,0.0,0,6,0,3,5,0,5,-1.478,0,1,0,4,6,6,7,0.803,5,0,6,2,0.063,6,0,1,3,2,0,4,0,2,0.0,3.701,2,1,2.103,0.886,2,0
2.978,6,2,38206.92,5,5,6,5,1,1,5,2.385,1,5,2,0,7,2,0,2.862,2,3,4,3,-0.917,6,1,7,1,2,0,2,7,4,0.0,2.516,7,1,2.91,3.222,5,1
-0.473,5,7,0.0,4,1,2,7,2,0,1,-1.553,0,5,4,2,1,2,2,0.114,6,6,1,3,0.833,3,0,7,3,1,6,6,7,4,0.0,-0.543,2,7,0.338,-0.392,7,0
1.779,1,5,0.0,2,0,5,2,4,1,5,0.149,0,2,6,4,1,5,2,1.838,3,0,3,4,1.319,2,0,2,3,3,0,6,5,0,0.0,2.185,2,6,1.77,2.053,3,0
2.46,0,4,0.0,3,3,7,2,4,1,6,0.864,0,2,2,7,4,3,7,4.286,3,6,4,5,1.399,4,0,5,3,5,4,4,7,3,0.0,3.605,3,3,2.346,1.108,5,0
0.417,1,1,0.0,4,3,3,7,3,0,5,1.478,0,6,7,2,0,4,3,2.796,7,4,3,1,-0.068,2,0,7,5,7,5,4,6,3,0.0,-1.039,5,5,1.174,0.053,1,0
-0.126,2,6,0.0,7,1,1,4,5,0,1,-0.906,0,4,1,4,6,2,3,0.168,1,0,6,4,1.359,2,0,3,2,6,3,1,1,2,0.0,1.503,6,4,-0.171,-0.605,5,0
0.692,3,6,0.0,6,3,4,3,1,0,7,-1.312,0,0,4,4,6,1,2,3.654,6,3,1,2,-1.114,7,0,2,1,1,3,2,3,2,0.0,3.071,7,2,1.486,0.577,5,0
0.887,1,5,0.0,7,7,6,5,6,0,0,0.784,0,4,2,4,1,1,7,1.851,6,0,1,4,0.937,7,0,1,0,6,3,5,0,1,0.0,0.994,5,7,0.512,1.0,4,0
1.915,4,0,0.0,1,5,4,7,2,0,5,-0.525,0,4,0,6,3,3,7,1.484,1,3,1,7,0.201,7,0,5,2,6,0,2,2,7,0.0,0.953,5,0,1.43,3.892,3,0
0.733,2,1,0.0,3,7,5,1,6,0,3,1.826,0,6,0,5,2,6,4,-1.287,0,2,5,3,-0.126,3,0,4,3,0,2,3,3,2,0.0,1.077,1,2,0.763,1.611,3,0
3.174,1,4,0.0,7,2,3,5,3,0,0,-0.913,1,7,6,4,1,1,5,3.296,7,0,0,2,0.201,0,0,5,2,6,0,2,0,5,0.0,1.584,3,6,2.733,5.874,7,0
3.445,5,0,0.0,3,7,3,7,0,1,5,-1.735,0,4,0,4,1,1,3,2.451,5,2,4,1,1.186,1,0,5,2,6,5,7,3,3,0.0,2.74,4,0,2.429,3.621,3,0
1.041,2,7,0.0,5,4,1,7,7,0,5,-1.729,0,4,6,5,7,5,0,-0.514,3,2,2,2,-0.796,5,0,6,4,1,1,6,2,1,0.0,0.08,7,6,1.586,2.334,4,0
0.814,4,2,0.0,6,7,1,5,2,0,4,-0.494,0,0,0,0,7,5,0,-2.756,0,0,5,0,0.275,3,0,1,2,0,3,2,1,3,0.0,0.427,3,7,0.925,-1.986,3,0
4.164,2,3,28210.28,1,7,5,4,7,1,1,3.142,1,2,7,2,2,0,5,2.557,5,2,2,6,-2.307,7,1,7,3,7,0,2,0,1,0.0,7.425,4,3,3.279,3.569,5,1
3.218,4,4,0.0,6,1,0,3,7,1,2,0.545,0,6,7,1,4,4,0,4.327,4,4,5,4,0.822,7,0,1,7,1,6,4,5,7,0.0,2.897,4,7,3.019,4.318,7,0
6.441,5,2,23994.03,4,4,0,4,0,1,0,1.761,1,6,5,3,3,0,3,8.633,5,5,7,1,0.024,3,1,4,0,6,6,0,0,7,0.0,6.607,6,7,6.387,6.195,1,1
0.387,7,7,0.0,4,7,0,2,3,0,5,-1.732,0,1,0,5,7,1,1,1.653,0,7,5,2,-0.587,3,0,0,5,6,1,2,5,4,0.0,-0.474,7,5,0.871,-1.304,7,0
2.129,6,1,0.0,2,5,5,0,5,0,0,0.766,0,6,5,6,4,1,2,1.532,0,1,3,7,-1.426,5,0,0,7,2,1,5,7,1,0.0,3.37,0,0,2.366,2.95,1,0
2.428,4,5,0.0,2,7,2,1,4,0,7,-0.223,0,1,6,3,1,4,6,-3.019,1,2,4,7,1.39,5,1,6,6,2,1,0,2,0,0.0,4.614,6,4,2.237,1.786,6,0
2.674,6,2,5330.85,7,2,1,1,4,1,1,2.229,1,6,7,3,5,5,3,3.001,4,1,7,4,0.231,0,1,1,1,3,4,5,5,2,4.09,2.189,4,4,3.134,3.707,5,1
1.831,5,3,0.0,4,7,2,7,0,0,6,0.422,0,1,3,1,5,7,4,2.672,1,7,3,7,1.579,0,0,6,1,2,5,1,4,4,0.0,-0.136,2,3,1.949,-0.214,5,0
3.152,2,4,0.0,4,6,5,4,4,1,4,-1.537,0,7,6,0,6,1,4,3.332,6,6,7,1,-0.502,0,0,2,2,1,3,7,1,2,0.0,3.482,1,5,2.971,3.597,0,0
1.848,4,5,26960.34,3,7,4,5,3,1,7,1.486,0,2,2,5,4,4,2,3.547,0,6,0,5,-0.092,1,1,7,4,3,1,3,3,1,0.0,2.585,2,5,2.634,3.076,7,1
1.149,4,2,0.0,4,0,6,0,2,0,7,0.56,0,3,2,4,7,4,0,4.924,0,4,6,3,0.48,2,0,3,5,7,2,3,5,6,0.0,3.028,6,5,0.712,2.225,0,0
2.381,6,3,0.0,1,7,5,0,0,0,2,0.63,0,1,3,2,7,3,4,3.08,4,2,4,0,-0.736,2,0,2,4,4,6,5,3,7,0.0,3.186,3,7,2.643,1.73,4,0
0.13,0,5,0.0,6,3,2,7,7,0,6,0.631,0,3,0,6,4,7,3,-1.656,0,1,4,0,-0.45,4,0,5,5,6,2,5,3,5,0.0,0.112,6,1,0.405,-1.09,6,0
1.917,0,5,0.0,0,5,3,0,7,0,0,-0.25,0,0,1,1,4,7,4,0.837,3,3,4,6,1.564,6,0,0,2,3,2,3,6,7,0.0,1.184,2,1,1.433,-0.002,0,0
0.637,3,4,0.0,3,6,6,0,1,0,0,-1.346,0,0,1,4,5,3,2,0.095,4,3,4,7,-0.274,0,0,3,2,3,3,0,5,2,0.0,-0.931,1,3,0.137,-1.951,5,0
0.221,1,1,0.0,3,0,4,6,4,0,5,-2.105,0,6,3,5,1,2,1,0.879,5,7,0,1,0.258,6,0,0,7,1,0,4,1,7,0.0,2.715,0,1,0.357,-0.769,5,0
3.549,6,5,23916.71,6,7,5,4,2,0,1,1.589,1,3,1,3,6,1,0,4.444,1,3,7,1,0.074,5,1,4,7,1,5,6,2,0,0.0,3.502,4,5,3.834,3.147,0,1
2.835,7,4,0.0,6,1,3,1,4,1,4,0.063,0,1,4,5,5,6,4,2.555,0,3,6,1,-0.006,2,0,7,0,1,0,0,2,0,0.0,1.751,1,0,2.699,3.747,4,0
2.964,0,4,0.0,5,4,0,4,2,1,7,1.089,0,3,7,1,7,5,0,6.138,5,5,7,5,-0.673,6,0,7,1,4,5,6,5,5,0.0,-0.008,6,3,2.398,4.19,0,0
2.93,1,6,0.0,2,3,7,0,4,0,2,-1.093,0,0,7,2,4,0,1,3.352,0,1,7,0,0.044,7,1,3,0,4,2,3,3,7,0.0,3.965,0,2,3.335,3.901,4,0
0.563,3,6,0.0,0,1,0,2,6,0,4,-0.311,0,2,5,3,1,3,2,3.557,4,4,2,0,1.744,6,0,0,1,1,0,2,7,3,0.0,1.079,6,1,0.389,-2.744,7,0
4.842,7,5,0.0,0,3,4,3,7,1,4,2.021,1,4,0,5,4,2,5,5.315,7,2,2,2,1.52,1,1,5,2,1,6,7,5,0,0.0,6.337,4,1,4.238,8.114,1,1
0.676,1,1,0.0,7,5,5,0,0,0,2,-2.077,0,4,5,0,3,3,1,2.38,6,3,7,3,2.55,3,0,2,2,7,1,7,3,6,0.0,1.007,4,5,1.205,-0.304,6,0
4.174,4,5,0.0,2,3,5,0,1,1,2,1.028,0,5,1,6,5,7,7,-1.054,5,7,0,3,0.155,3,0,7,2,2,6,1,6,3,0.0,2.447,0,7,2.563,5.615,4,0
1.418,2,7,0.0,5,3,3,3,5,0,3,-0.201,0,4,5,6,2,1,7,3.094,4,7,2,7,0.456,4,0,6,4,3,6,5,6,3,0.0,1.666,2,5,1.187,0.042,6,0
4.943,0,0,27112.41,5,6,1,3,7,1,4,1.724,1,7,4,7,0,0,4,2.94,5,6,5,6,0.273,5,1,3,7,6,7,0,0,4,0.0,3.968,4,7,4.554,4.76,6,1
0.81,6,6,0.0,2,3,0,3,2,0,4,0.708,0,3,6,0,7,2,3,-0.161,3,7,1,5,0.689,3,0,4,1,5,3,0,4,5,0.0,0.474,4,4,0.551,0.326,6,0
2.588,2,0,0.0,3,3,2,1,6,1,5,1.168,0,0,7,0,1,6,5,3.135,6,2,6,7,-1.369,7,0,7,2,3,3,4,7,3,0.0,2.888,0,6,2.487,-0.601,0,0
3.26,5,2,24720.32,3,0,6,1,5,1,5,2.934,1,2,4,6,6,5,0,5.047,6,5,5,4,1.573,0,1,1,7,3,6,2,5,3,0.0,2.214,6,6,2.574,5.34,7,1
2.267,0,6,0.0,0,7,6,7,5,1,1,-0.077,0,4,1,4,4,6,2,5.331,5,1,5,0,-0.038,1,0,5,2,7,7,2,6,7,0.0,3.557,7,1,1.839,1.715,0,0
0.685,3,3,0.0,0,7,3,7,7,0,2,0.323,0,4,3,6,5,6,5,1.305,6,2,7,6,-0.226,4,0,4,7,7,5,3,0,2,0.0,2.977,3,5,1.853,0.452,4,0
0.216,7,6,0.0,5,1,0,2,4,0,5,-0.61,0,1,1,0,2,5,4,-0.39,1,5,1,4,-1.157,3,0,0,5,6,5,0,5,6,0.0,1.633,4,7,0.988,-0.113,0,0
2.458,3,4,0.0,0,7,2,4,3,1,5,-1.44,0,4,4,0,1,4,5,2.219,0,2,3,7,0.974,1,0,0,1,3,3,6,0,2,0.0,2.592,3,0,1.736,2.173,2,0
2.339,7,4,2420.82,7,7,6,4,7,0,0,0.988,1,5,2,5,0,4,2,1.313,5,3,5,4,0.112,7,1,6,2,5,5,0,7,2,39.12,1.923,5,6,2.846,4.033,1,1
0.987,1,5,0.0,3,3,0,6,2,0,2,0.798,0,0,0,3,6,0,1,6.212,1,2,6,5,2.912,7,0,6,1,3,7,0,6,0,0.0,-1.084,6,4,1.015,-1.919,4,0
1.861,2,5,0.0,4,3,4,5,3,0,6,1.279,0,6,0,7,1,1,0,2.905,5,5,7,2,0.836,1,0,3,4,6,0,5,6,3,0.0,2.04,6,2,1.967,2.382,7,0
0.281,4,0,0.0,3,5,6,2,7,0,5,0.368,0,0,4,7,4,0,5,1.205,1,4,7,2,-1.157,1,0,0,2,7,2,3,0,5,0.0,-0.008,7,4,0.338,0.385,0,0
2.349,2,2,0.0,7,6,5,1,0,1,5,0.272,0,6,7,2,0,6,1,3.047,6,0,5,3,-0.294,1,0,6,4,6,3,2,5,0,0.0,2.443,2,4,1.55,0.173,0,0
3.107,6,4,41752.86,4,3,6,0,5,1,3,2.019,1,3,5,6,0,7,7,0.636,5,0,0,2,0.24,4,1,6,2,0,1,1,2,1,0.0,2.711,5,2,3.013,3.455,7,1
2.76,7,7,30979.97,4,4,0,0,7,1,2,1.638,1,0,7,3,6,0,4,0.859,7,6,7,6,-0.592,1,1,0,4,4,6,7,0,2,0.0,1.12,0,5,3.031,3.22,7,1
2.84,6,7,0.0,7,2,0,4,4,0,6,0.368,1,7,7,6,0,1,1,-0.54,4,6,0,4,0.282,6,0,5,1,2,6,1,2,7,0.0,3.404,1,6,2.985,1.438,1,0
3.628,3,1,10386.84,2,3,0,5,6,1,7,0.48,1,0,7,0,7,0,4,0.168,0,2,0,7,2.131,0,1,1,3,0,1,4,0,1,0.0,3.326,7,1,2.925,3.64,3,1
1.186,5,7,0.0,4,3,6,4,6,0,3,-0.409,0,4,1,2,4,7,5,3.204,0,6,1,4,1.571,7,0,1,2,5,1,4,4,4,0.0,1.626,5,2,1.55,0.859,0,0
3.191,0,3,0.0,4,6,3,6,7,0,5,0.014,1,5,3,3,1,1,7,-2.621,2,6,4,7,0.057,4,1,2,7,1,7,6,6,6,0.0,2.036,0,4,2.822,2.112,3,1
1.834,7,3,0.0,7,7,2,5,2,0,6,-0.664,0,6,1,2,0,4,2,-0.581,6,2,6,5,-0.384,7,0,2,7,0,2,0,7,1,0.0,2.665,4,1,1.997,-2.194,5,0
0.268,0,7,0.0,6,7,0,7,3,0,2,0.979,0,6,0,6,4,6,0,2.394,4,6,6,4,0.866,5,0,1,3,0,0,7,0,7,0.0,1.73,2,6,0.779,0.226,3,0
3.153,7,0,33827.29,3,0,5,1,4,1,0,1.365,0,5,6,1,7,5,5,4.004,3,0,7,0,0.136,6,1,4,4,3,0,6,5,3,0.0,4.316,5,1,2.934,3.381,6,1
1.769,7,6,0.0,6,5,5,5,4,0,7,-0.655,0,0,0,4,5,2,7,1.842,6,2,1,3,-0.537,6,0,5,1,3,5,5,3,2,0.0,1.957,5,0,1.508,3.402,3,0
1.902,0,4,0.0,0,0,3,4,5,0,3,-2.094,0,6,2,2,5,6,7,-0.444,6,2,6,4,-0.063,6,0,3,2,2,7,0,1,2,0.0,2.472,4,5,2.49,2.947,2,0
6.017,3,4,15055.35,6,4,1,6,3,1,7,0.272,1,5,4,4,2,6,3,1.9,4,2,0,1,0.774,7,1,7,4,2,7,6,2,0,0.0,5.376,4,1,6.099,5.754,0,1
1.27,0,2,0.0,6,5,6,1,5,1,5,0.303,0,1,7,4,3,1,6,0.524,1,1,7,2,1.528,5,0,3,0,3,1,2,0,6,0.0,1.996,2,6,1.322,3.771,1,0
4.119,6,6,30588.21,7,2,7,2,0,1,0,0.807,1,4,6,1,0,5,3,5.383,2,0,1,3,-0.159,6,1,1,2,7,1,1,3,6,0.0,3.605,5,7,3.361,3.6,4,1
0.325,5,5,0.0,5,7,4,1,4,0,4,-0.094,0,2,0,5,6,4,2,-0.016,1,7,6,6,-2.221,1,0,1,3,2,7,0,0,3,0.0,-1.216,3,2,0.523,1.884,3,0
3.383,5,4,0.0,1,0,3,0,4,0,3,-0.241,1,2,1,5,5,4,1,0.064,1,3,2,4,-1.23,3,0,3,7,5,0,2,0,5,0.0,3.496,0,0,3.718,3.888,4,0
0.721,7,0,0.0,6,6,5,2,3,0,5,2.003,0,0,3,6,3,0,0,-0.08,5,4,0,0,-0.599,5,0,4,1,3,6,2,5,0,0.0,-0.472,2,1,0.554,-0.961,5,0
1.265,2,6,0.0,7,5,6,6,1,0,7,-0.633,0,6,5,6,4,1,0,-1.416,2,3,5,6,0.65,0,0,2,7,4,3,6,7,2,0.0,0.031,7,7,0.99,1.635,0,0
1.896,0,3,0.0,3,2,3,4,3,0,3,-0.331,0,1,3,2,6,1,5,-0.653,6,1,2,4,-0.328,6,0,4,1,1,7,5,4,7,0.0,-0.0,7,5,1.965,-0.002,3,0
1.209,7,3,0.0,3,1,0,5,3,0,7,-0.894,0,2,5,2,5,2,7,4.773,7,2,2,0,0.717,5,0,6,6,2,4,4,7,0,0.0,1.753,0,7,2.123,2.619,5,0
3.375,2,5,4985.9,0,2,3,3,5,1,7,1.355,1,7,1,0,7,3,7,5.747,1,5,4,6,-0.227,3,1,3,3,6,3,1,4,2,0.0,3.788,3,2,3.645,0.64,3,1
0.721,7,4,0.0,6,3,2,2,1,0,2,0.492,0,0,0,1,5,1,5,3.162,3,3,5,6,0.271,2,0,5,1,4,7,7,5,1,0.0,1.447,0,4,0.946,-2.277,3,0
2.455,3,1,0.0,2,2,2,6,5,0,0,-0.355,0,1,2,5,1,0,7,1.824,3,3,5,6,1.954,3,0,3,3,7,1,0,3,4,0.0,1.37,6,2,2.501,4.502,5,0
1.758,7,6,0.0,3,7,3,1,1,0,2,0.695,0,7,5,4,6,1,0,2.033,4,7,2,0,-0.986,2,0,5,0,3,5,6,1,4,0.0,3.076,5,3,1.777,1.976,5,0
0.949,5,5,0.0,3,5,2,0,4,0,0,-0.654,0,6,2,1,7,2,3,-0.312,7,2,4,7,0.518,2,0,1,6,5,2,1,4,7,0.0,0.108,0,1,0.821,-0.19,0,0
1.689,4,2,0.0,7,1,3,1,5,0,7,-0.459,0,0,5,5,3,6,4,2.362,7,1,4,7,1.253,0,0,0,6,5,2,3,6,7,0.0,1.196,0,0,2.173,4.217,1,0
1.165,6,3,0.0,5,7,5,4,2,0,5,0.168,0,7,3,0,3,0,3,3.022,5,0,4,7,-0.053,3,0,3,7,0,4,5,0,1,0.0,2.453,6,3,2.184,1.293,5,0
1.577,7,4,0.0,6,0,3,6,6,0,6,1.917,0,4,3,4,1,0,5,-1.133,4,2,1,5,-0.326,7,0,5,7,2,5,1,6,3,0.0,0.889,2,2,0.848,1.539,5,0
-0.173,6,6,0.0,1,5,5,2,3,0,0,1.835,0,3,0,2,7,0,0,4.241,2,6,2,0,-1.205,7,0,4,2,3,5,1,6,1,0.0,-2.085,0,6,1.28,2.316,6,0
0.071,4,7,0.0,3,3,5,3,7,0,5,1.617,0,2,0,5,0,2,5,2.159,4,6,7,2,0.024,7,0,3,3,1,3,7,0,6,0.0,-0.684,6,6,0.748,0.099,6,0
5.918,4,2,34619.08,4,0,7,4,7,1,4,1.083,1,0,3,6,4,1,0,5.824,3,1,3,4,1.087,7,1,1,4,0,1,1,6,6,0.0,4.493,4,2,5.225,5.434,0,1
3.071,2,2,0.0,1,2,3,2,1,0,1,0.059,0,7,0,7,5,4,1,-0.993,3,0,0,2,-1.345,1,0,2,7,4,7,6,6,5,0.0,2.821,1,4,2.121,0.576,6,0
4.954,5,5,22494.91,6,3,3,2,5,1,2,0.54,1,4,7,4,2,6,1,3.135,4,3,0,6,0.049,3,1,4,7,7,3,6,7,6,8.56,6.768,2,4,5.248,7.952,4,1
0.366,1,0,0.0,0,5,2,4,5,0,4,-1.093,0,5,7,4,3,0,6,0.77,1,6,5,6,0.212,3,0,1,1,4,5,1,2,7,0.0,-1.042,1,5,0.706,2.021,5,0
0.32,0,1,0.0,6,0,0,5,6,0,2,0.188,0,7,7,2,2,2,2,1.428,1,2,7,4,0.718,3,0,4,1,6,1,7,0,7,0.0,-1.271,0,2,0.244,1.571,7,0
8.371,5,4,17896.4,3,0,2,0,6,1,5,0.382,1,4,0,7,1,1,0,6.08,2,7,3,5,-1.573,6,1,0,2,7,5,0,1,4,50.83,9.246,6,5,8.394,7.457,4,1
3.837,6,2,7470.75,3,2,1,1,1,1,3,0.123,1,1,3,7,5,5,1,6.626,6,0,4,0,1.223,3,1,0,2,1,6,5,2,2,0.0,3.83,7,1,4.174,3.961,6,1
2.344,1,7,9082.96,7,7,3,3,1,1,4,1.403,0,7,1,1,1,5,5,1.974,6,7,6,2,-0.078,3,1,2,6,5,7,5,0,6,0.0,2.803,0,6,3.101,2.823,5,1
2.793,6,2,12855.04,7,4,4,5,3,1,2,1.539,1,2,0,6,1,4,3,5.083,0,2,2,0,-1.239,6,1,3,5,2,0,5,4,5,0.0,1.404,2,1,3.125,4.484,0,1
2.834,0,7,28911.34,1,5,6,2,2,0,0,2.486,1,4,4,4,7,4,5,4.562,6,2,5,2,-0.477,4,1,6,1,5,1,2,4,7,0.0,0.001,1,2,2.176,0.024,7,1
1.157,1,4,0.0,2,3,0,0,2,0,6,-0.268,0,5,1,7,4,1,3,2.05,0,4,5,7,-0.731,4,0,5,7,7,0,7,1,5,0.0,-1.832,2,7,0.151,-1.538,1,0
6.594,1,4,0.0,1,2,3,3,1,1,7,4.75,1,5,3,0,3,2,7,11.231,7,5,2,6,0.866,4,1,2,3,1,7,7,7,7,0.0,6.403,3,0,6.935,10.85,6,1
1.927,6,3,4681.04,0,4,7,2,6,1,2,1.649,0,5,6,5,6,7,6,4.49,3,3,7,3,-0.814,6,1,2,2,6,0,0,4,1,0.0,3.617,2,0,2.302,3.092,7,1
-0.301,2,4,0.0,2,6,7,0,7,0,6,0.41,0,5,7,6,1,5,6,-0.504,1,5,0,4,0.961,5,0,7,3,0,2,6,6,6,0.0,-1.05,5,2,-0.186,0.253,1,0
2.453,3,7,0.0,0,1,7,2,4,0,1,0.461,0,6,3,0,4,6,3,5.306,1,1,1,4,1.779,0,0,0,7,5,7,1,3,6,0.0,2.168,2,7,0.948,0.501,5,0
-0.016,5,3,0.0,0,3,7,7,2,0,0,0.224,0,4,7,0,5,3,1,1.741,1,4,2,0,-0.137,5,0,7,3,4,3,3,3,0,0.0,-1.117,1,7,0.386,0.282,2,0
0.979,4,0,0.0,2,4,5,6,5,0,1,-2.09,0,5,6,6,7,3,6,-0.411,5,2,0,7,-0.569,2,0,2,5,2,2,5,5,6,0.0,1.044,6,7,1.064,-1.425,3,0
0.402,5,2,0.0,1,3,4,6,0,0,1,-0.152,0,1,7,5,6,6,6,6.089,4,1,4,7,-0.62,1,0,1,3,3,3,3,6,7,0.0,-1.324,6,6,0.393,2.092,7,0
2.435,1,4,0.0,3,2,3,7,2,0,5,2.111,0,1,4,2,2,3,0,1.139,4,3,3,3,0.488,0,0,7,6,7,3,1,2,5,0.0,1.048,5,2,2.361,2.548,5,0
1.46,4,4,0.0,3,7,4,7,7,0,7,0.44,0,0,4,6,6,0,2,0.639,5,5,6,0,1.853,0,0,2,0,6,0,5,6,0,0.0,1.168,0,1,1.116,3.846,3,0
2.292,6,2,27702.39,0,4,7,7,1,1,2,0.664,0,0,0,4,3,6,2,5.033,3,1,5,5,0.271,7,1,6,3,2,3,7,2,1,0.0,3.716,0,0,2.172,3.349,5,1
3.354,5,6,0.0,7,1,6,6,5,1,4,0.129,1,7,0,7,5,7,5,-0.351,0,1,0,7,0.882,1,1,3,2,7,7,5,1,3,0.0,2.674,4,4,3.085,5.82,1,1
0.911,0,2,0.0,6,5,1,2,6,0,2,-0.026,0,7,7,4,6,3,2,-0.658,6,3,1,3,-0.266,0,0,2,3,5,5,7,0,2,0.0,-0.711,5,2,0.261,-0.314,3,0
0.338,4,6,0.0,6,1,2,5,7,0,6,-0.763,0,0,1,4,4,6,7,2.203,4,2,6,0,0.261,1,0,1,3,2,1,1,7,1,0.0,0.305,3,3,-0.069,-0.641,3,0
1.208,4,0,0.0,4,1,2,2,4,0,5,-0.615,0,2,3,5,1,2,1,3.68,2,1,2,4,-0.182,0,0,6,5,4,2,7,1,6,0.0,-0.124,0,3,1.304,0.226,5,0
4.423,1,2,8157.81,5,1,2,6,3,1,6,0.88,1,6,5,6,4,2,6,6.033,5,1,6,3,0.844,0,1,4,1,4,6,0,3,6,0.0,5.158,7,1,4.591,4.891,6,1
0.591,7,4,0.0,7,0,6,7,1,0,1,-0.684,0,7,1,0,6,1,4,-1.078,7,3,5,2,-0.617,0,0,3,7,5,0,7,4,7,0.0,0.589,3,5,0.799,3.554,4,0
3.458,5,7,0.0,1,2,0,2,2,1,3,2.163,0,7,2,5,0,1,7,0.242,1,7,0,7,2.465,3,1,5,0,3,2,2,2,7,0.0,2.62,6,4,2.269,1.343,0,1
2.179,7,5,0.0,1,6,2,2,5,1,4,0.444,0,0,4,7,6,2,3,-1.817,3,3,7,5,1.512,6,0,1,1,2,6,4,3,5,0.0,-0.136,5,6,1.943,2.383,1,0
3.047,4,5,30864.09,0,1,5,0,2,1,5,1.537,1,3,0,0,6,2,0,3.692,6,1,1,1,-0.604,0,1,6,6,2,4,6,7,7,0.0,3.886,5,4,3.529,2.512,6,1
1.576,0,0,0.0,1,5,1,1,2,0,5,0.314,0,2,4,4,4,0,4,-0.576,5,0,4,3,0.907,7,0,7,2,5,3,7,4,2,0.0,1.628,1,1,1.126,1.315,3,0
2.046,6,3,0.0,7,2,4,3,6,1,6,0.749,0,4,7,1,6,2,5,0.88,1,7,1,5,-0.299,2,0,3,3,2,3,7,5,7,0.0,3.004,0,0,2.654,2.364,0,0
3.269,6,2,0.0,4,1,6,1,6,1,6,0.284,1,7,4,7,4,1,4,2.259,2,5,0,7,-0.187,5,1,0,3,5,5,5,4,5,0.0,5.119,1,7,3.596,4.417,6,1
2.816,7,7,0.0,4,4,7,5,7,0,6,-2.508,0,0,5,0,7,0,2,-1.992,0,6,5,0,0.735,7,1,0,3,7,4,0,6,7,0.0,4.859,6,1,3.567,2.053,2,0
1.776,5,4,0.0,1,7,7,3,4,0,1,0.291,0,7,6,2,7,1,2,-2.958,7,2,6,4,1.07,2,0,4,7,2,1,3,1,2,0.0,0.526,1,1,0.928,3.321,0,0
3.826,1,7,3633.64,3,3,4,2,0,1,0,2.242,1,6,5,7,6,5,1,0.487,7,3,2,1,1.728,4,0,3,0,5,5,6,2,3,0.0,-0.003,5,4,3.113,2.108,2,1
1.7,4,3,0.0,3,6,3,4,7,0,5,-0.157,0,5,0,0,6,7,6,-1.636,5,7,6,1,-1.404,4,0,1,0,0,3,5,2,5,0.0,1.657,2,4,1.644,3.36,5,0
2.701,0,3,0.0,2,3,2,7,2,1,1,0.869,0,2,0,3,1,0,4,4.179,1,7,1,7,-0.505,1,0,3,7,2,2,0,6,0,0.0,3.194,4,5,2.274,5.687,2,0
2.842,5,3,14430.24,0,0,6,6,6,1,7,0.931,0,2,3,7,0,1,6,1.558,0,4,3,6,1.2,0,1,2,7,0,5,5,6,5,9.37,2.705,2,5,2.157,2.985,0,1
2.867,2,6,0.0,2,1,0,1,4,1,4,0.883,1,2,6,3,1,0,6,5.659,5,6,6,5,0.033,1,1,0,3,6,6,6,3,1,0.0,5.01,7,6,3.32,3.347,6,1
2.154,7,4,0.0,5,0,7,6,3,0,0,1.783,0,2,2,2,0,4,3,-2.743,2,4,4,5,0.914,3,0,4,7,2,2,2,3,2,0.0,0.712,4,3,0.917,-1.253,2,0
-0.126,2,4,0.0,5,4,4,5,0,0,7,-1.067,0,3,2,6,0,7,2,2.984,3,5,6,2,1.227,6,0,1,3,2,6,5,2,6,0.0,0.898,2,5,0.104,1.157,3,0
-0.285,0,2,0.0,4,3,4,1,0,0,1,1.452,0,3,3,0,7,3,2,1.0,5,3,2,3,-0.494,4,0,1,3,3,0,6,1,2,0.0,1.058,6,2,0.475,0.45,2,0
1.253,6,2,0.0,5,1,4,1,5,0,7,-1.603,0,2,5,5,2,6,4,-0.614,2,7,6,7,-0.779,0,0,4,6,3,0,2,1,2,0.0,2.958,7,2,2.236,-0.015,1,0
2.249,0,4,0.0,3,4,7,3,0,0,7,0.067,0,7,7,7,3,2,0,3.76,1,5,4,4,-0.633,2,0,5,0,3,7,0,7,0,0.0,0.343,6,2,1.405,0.591,5,0
1.262,0,3,0.0,3,1,2,6,7,0,6,-1.645,0,1,4,7,4,5,0,-0.711,1,0,6,5,-1.178,6,0,5,3,7,3,1,1,7,0.0,-0.424,1,1,1.046,-2.586,5,0
2.334,5,5,0.0,5,1,3,5,7,0,6,-1.362,0,5,3,0,5,7,1,-0.027,1,3,2,4,1.005,7,0,5,3,7,0,2,0,0,0.0,1.129,5,7,1.758,-0.745,1,0
3.554,4,0,27340.07,6,5,2,5,3,1,6,-0.611,1,2,6,6,1,3,3,3.241,3,0,3,2,0.946,0,1,2,4,1,2,5,3,1,0.0,3.337,2,4,3.923,2.86,2,1
1.323,6,1,0.0,2,0,3,1,6,0,6,0.02,0,6,0,2,3,6,5,1.152,7,0,7,0,-1.161,4,0,3,7,5,7,7,3,0,0.0,0.088,0,2,1.559,-0.299,0,0
1.761,0,0,0.0,7,6,4,0,6,1,7,0.356,0,0,6,1,1,3,4,6.485,3,7,5,7,0.855,5,0,6,4,4,3,6,0,4,0.0,2.713,1,3,1.594,1.452,2,0
0.847,2,2,0.0,7,1,5,2,4,0,2,2.311,0,5,3,4,1,6,7,3.722,2,1,4,0,-0.349,0,0,4,0,4,3,0,2,0,0.0,1.555,5,3,1.487,-0.633,3,0
7.289,0,5,33050.85,6,3,2,7,1,1,0,1.749,1,5,3,7,7,7,1,6.833,6,5,2,0,-0.08,5,1,0,1,1,4,0,5,7,54.01,10.284,0,4,7.398,4.742,3,1
0.569,7,2,0.0,1,5,2,6,7,0,4,-0.13,0,5,2,4,1,3,7,2.346,6,3,6,5,1.213,0,0,7,4,1,2,5,0,0,0.0,-0.245,5,6,1.039,2.472,7,0
5.602,0,5,12370.44,5,7,3,0,1,1,6,0.894,1,4,1,2,6,3,3,7.583,2,4,3,3,0.587,1,1,1,6,6,7,2,0,4,0.0,6.135,7,6,5.207,2.617,6,1
1.74,1,1,0.0,1,2,1,5,2,0,5,1.322,0,4,7,4,6,5,7,2.736,4,2,7,4,-0.82,4,0,7,2,2,7,4,5,5,0.0,1.483,3,7,1.676,1.262,2,0
2.313,1,6,0.0,2,7,3,6,3,1,3,-0.262,0,5,0,6,1,0,6,-0.636,1,4,6,5,-1.874,5,0,5,7,2,4,3,7,1,0.0,1.396,2,6,2.021,0.948,0,0
5.634,5,0,20387.71,7,3,0,2,4,1,0,2.976,1,5,2,3,3,7,6,4.599,3,3,5,7,-0.475,1,1,1,2,7,5,1,3,3,0.0,6.319,3,6,5.317,5.53,6,1
0.441,0,1,0.0,3,5,4,0,4,0,0,-0.758,0,6,6,1,5,2,4,0.879,7,7,0,4,0.38,1,0,4,7,4,1,7,6,4,0.0,1.818,6,2,1.037,0.87,7,0
1.009,6,3,0.0,4,2,6,7,7,0,5,0.099,0,5,1,7,7,2,4,2.019,5,5,3,6,0.5,6,0,0,5,1,7,1,7,1,0.0,0.845,6,3,0.643,3.058,7,0
-0.315,6,4,0.0,5,4,4,5,1,0,5,-0.362,0,6,1,1,7,6,3,0.621,3,4,4,3,0.227,1,0,5,0,2,0,2,5,4,0.0,-1.393,6,3,0.148,1.552,5,0
1.215,4,1,0.0,7,5,7,1,1,0,5,-0.86,0,4,0,7,5,3,2,0.222,5,1,0,4,0.499,2,0,6,0,5,6,5,6,2,0.0,1.913,4,7,1.441,-1.551,4,0
0.884,1,0,0.0,5,5,2,6,7,0,5,0.958,0,3,2,6,4,5,0,-0.922,7,6,1,5,-0.832,0,0,5,1,5,3,2,4,5,0.0,1.145,4,2,0.357,-1.148,0,0
4.511,1,0,27361.77,3,5,3,1,3,1,4,2.144,1,2,0,3,6,7,6,5.913,0,6,6,3,-0.577,0,1,7,0,5,4,4,6,2,0.0,5.052,6,7,4.884,1.94,5,1
3.051,6,1,0.0,6,2,2,4,2,1,7,2.148,1,7,4,2,4,3,6,0.962,1,5,7,0,1.227,0,1,0,1,1,6,2,0,6,42.23,2.796,7,6,3.598,7.639,2,1
0.718,0,2,0.0,0,4,7,2,1,0,7,2.672,0,6,3,3,2,5,2,2.106,1,1,7,7,-1.42,5,0,7,4,0,2,5,5,2,0.0,2.239,5,4,1.091,0.298,0,0
4.314,2,6,0.0,2,7,0,1,2,1,2,1.863,1,6,7,2,6,5,5,5.504,1,2,6,0,-0.447,6,1,5,5,2,6,5,3,0,0.0,1.996,2,3,3.193,2.805,3,1
1.491,5,0,0.0,3,0,3,6,6,0,5,-1.407,0,4,2,0,6,1,3,-1.576,4,6,6,0,0.618,0,0,6,7,2,7,3,5,6,0.0,2.216,6,5,1.616,2.052,7,0
0.467,0,1,0.0,5,6,3,7,3,0,7,0.079,0,1,7,3,6,3,2,1.678,2,0,7,3,0.272,1,0,6,3,2,4,2,2,4,0.0,-0.378,2,1,1.132,1.989,2,0
0.769,4,6,0.0,1,5,0,2,3,0,4,0.269,0,4,6,7,3,5,6,1.448,0,4,5,1,-0.544,7,0,4,4,1,3,4,2,1,0.0,1.952,6,7,0.679,2.015,7,0
1.391,5,4,0.0,1,4,5,4,2,0,1,-0.271,0,5,2,0,2,5,2,3.948,3,3,2,1,2.974,4,0,4,7,4,4,3,2,4,0.0,2.548,5,3,1.626,-0.581,5,0
4.169,2,6,38650.59,4,5,6,3,6,1,1,3.645,1,2,0,0,0,5,1,4.656,1,3,1,7,-0.076,0,1,1,2,3,4,1,1,7,0.0,3.262,5,1,4.432,6.052,7,1
1.367,0,3,0.0,5,1,4,5,5,0,0,0.271,0,6,0,7,7,1,0,2.632,6,1,5,0,0.37,3,0,6,6,6,2,5,3,2,0.0,0.135,0,3,0.971,1.498,0,0
2.735,5,2,1031.52,0,2,2,6,5,1,4,0.287,0,7,5,6,6,5,5,0.472,4,5,3,3,-1.093,7,1,6,7,6,0,3,1,7,0.0,2.721,1,5,2.004,3.439,0,1
1.887,6,7,0.0,2,1,7,5,0,0,5,-1.554,0,1,2,0,2,3,4,-0.468,0,4,3,5,1.806,6,0,2,5,6,0,5,4,1,0.0,2.923,5,2,1.21,-0.003,4,0
6.257,6,2,40427.68,7,1,7,5,3,1,2,1.781,1,7,3,6,3,0,7,4.124,3,5,6,7,-0.598,1,1,7,4,0,3,0,0,5,0.0,7.822,4,6,5.991,5.727,3,1
3.892,7,7,0.0,6,2,7,6,7,1,1,2.524,1,2,2,2,7,0,2,3.236,2,2,4,5,-1.13,3,1,5,7,5,4,3,5,3,0.0,2.952,2,3,3.524,5.453,5,1
1.502,1,5,0.0,7,7,5,0,2,0,7,1.381,0,6,1,6,2,4,2,0.861,1,3,1,2,-0.121,3,0,3,7,4,4,3,5,6,0.0,1.993,5,1,1.135,2.138,3,0
4.296,0,0,16597.02,3,0,2,4,3,1,1,-0.819,1,6,0,5,4,4,7,7.091,6,4,3,2,1.819,5,1,1,7,1,4,5,5,6,56.66,2.626,6,3,4.455,5.887,1,1
0.609,1,2,0.0,7,5,4,4,3,0,5,0.516,0,0,2,7,4,3,6,-1.98,2,5,0,6,0.437,7,0,3,4,0,1,3,6,5,0.0,0.326,2,0,0.607,-1.681,5,0
1.449,3,7,0.0,4,6,4,0,6,1,0,0.719,0,5,4,1,5,3,3,3.72,4,5,1,1,-0.697,1,0,7,4,0,3,0,2,6,0.0,1.622,1,6,1.667,0.376,0,0
1.324,7,3,0.0,2,0,4,1,7,0,0,-0.922,0,4,5,0,6,7,6,6.963,6,2,5,0,-0.176,2,0,2,1,1,3,2,0,4,0.0,1.325,6,1,0.712,1.729,3,0
3.475,3,6,38743.98,7,5,7,5,4,1,6,1.852,1,6,2,6,6,4,4,5.475,4,2,3,5,0.542,7,1,7,6,6,5,5,1,3,0.0,2.603,1,1,3.543,3.519,3,1
5.308,4,0,0.0,6,2,1,7,1,1,3,1.012,1,0,5,7,0,3,2,5.8,4,3,3,5,1.089,6,1,7,4,7,7,2,7,1,0.0,5.462,1,7,4.564,3.647,6,1
1.738,1,6,0.0,1,7,7,3,7,0,2,0.182,0,1,1,2,6,2,4,-0.851,2,6,0,6,-1.065,6,1,3,5,1,0,1,4,2,0.0,5.259,2,2,2.241,3.34,7,0
2.472,4,2,28331.98,4,7,3,3,7,1,3,1.05,1,4,5,0,4,0,1,0.397,1,3,0,6,0.059,5,0,4,0,0,2,0,4,1,0.0,3.572,2,1,1.5,3.037,2,1
8.03,6,4,1692.07,6,0,2,7,4,1,2,1.554,1,4,3,7,2,2,5,8.759,4,5,2,6,-0.141,7,1,5,3,7,1,4,1,3,0.0,5.228,2,6,8.327,9.036,0,1
2.193,6,7,0.0,5,7,4,6,2,0,4,1.851,0,6,5,0,6,3,5,0.892,6,5,4,5,-0.751,4,0,3,7,3,1,2,6,3,0.0,0.459,2,4,1.059,1.206,5,0
1.464,5,3,0.0,6,2,1,5,6,0,7,-0.127,0,7,0,1,1,1,4,-1.51,0,0,6,1,0.47,2,0,7,6,5,2,0,6,5,0.0,1.328,4,2,1.112,-1.113,4,0
1.712,5,1,9096.55,6,1,0,5,6,1,4,2.393,1,7,3,4,7,6,2,-0.538,3,7,0,1,1.3,7,1,5,7,2,2,2,2,6,4.91,3.539,2,1,3.036,5.987,0,1
2.359,3,4,0.0,6,3,7,1,3,1,5,-1.069,0,0,1,6,0,1,0,2.371,3,5,3,7,-0.321,1,0,4,2,7,1,1,3,5,0.0,2.777,7,5,2.042,2.199,3,0
1.44,5,1,0.0,7,2,0,2,6,0,1,-1.136,0,2,1,5,6,5,2,2.415,1,0,0,7,2.165,0,0,6,4,6,3,0,3,6,0.0,-0.051,0,6,1.124,2.602,5,0
4.03,4,2,39830.04,2,7,6,7,5,1,2,1.936,1,5,6,6,1,0,2,9.661,4,0,2,1,0.738,1,1,6,5,1,0,0,7,4,0.0,2.499,7,1,3.858,5.593,3,1
11.064,7,2,866.66,5,4,4,7,7,1,7,0.464,1,7,5,6,0,1,4,11.822,4,1,0,2,-1.533,5,1,3,2,0,4,5,3,1,0.0,9.962,7,4,11.051,11.358,0,1
6.312,0,5,30253.05,3,5,0,7,6,1,5,2.341,1,0,4,3,1,4,6,5.209,6,2,2,5,0.11,6,1,1,2,3,4,2,4,0,0.0,5.091,3,5,5.507,6.547,7,1
0.23,3,3,0.0,5,5,7,3,7,0,3,-1.369,0,1,3,3,6,7,1,7.217,6,7,0,1,0.909,2,0,0,0,5,7,6,1,3,0.0,-0.504,2,5,0.59,-2.883,0,0
0.582,4,1,0.0,3,3,7,5,5,0,2,0.589,0,6,7,1,5,5,6,-0.237,4,5,0,4,-1.132,3,0,1,6,7,7,6,6,5,0.0,0.5,5,5,0.519,0.715,0,0
2.564,7,0,21950.71,2,4,1,3,5,1,7,2.066,1,7,3,1,4,0,2,1.481,0,0,1,4,0.826,6,0,0,4,1,3,2,4,4,0.0,3.69,1,1,2.801,1.777,0,1
1.677,3,3,7381.78,7,0,0,3,6,1,2,0.621,1,2,0,4,3,0,0,-1.035,3,3,5,4,0.073,4,1,6,0,3,0,0,6,6,0.0,0.875,6,4,2.395,0.346,2,1
1.779,2,5,0.0,7,0,5,6,0,1,3,-0.04,0,1,1,2,7,1,6,4.59,2,1,6,7,0.84,1,0,5,4,2,4,3,5,6,0.0,4.138,1,0,2.188,2.605,0,0
5.604,0,0,21187.82,3,1,4,1,1,1,2,1.08,1,6,6,2,0,7,6,6.994,0,0,6,4,0.46,3,1,7,5,0,2,0,0,1,28.31,3.886,7,3,5.585,6.496,2,1
6.583,0,3,1497.02,7,7,5,6,5,1,5,0.412,1,2,2,0,0,1,4,2.137,6,0,1,4,-1.843,7,1,3,6,4,2,7,0,2,0.0,6.506,0,0,4.838,3.768,2,1
3.593,2,1,6798.83,1,7,6,6,7,1,5,2.713,1,5,0,6,1,5,3,5.3,3,3,1,6,-0.511,7,1,0,4,4,2,6,0,2,0.0,3.088,2,4,2.897,6.293,5,1
3.839,6,1,0.0,1,2,5,6,2,1,0,0.958,1,4,3,3,7,0,0,6.429,5,6,6,1,0.732,1,1,7,2,2,2,3,4,6,46.0,3.972,6,4,4.347,3.457,2,1
2.202,3,3,33440.47,2,4,1,6,5,1,5,0.461,0,5,3,4,3,5,6,2.303,4,7,4,5,0.959,4,1,6,5,1,5,5,7,3,0.0,3.171,2,0,2.668,2.656,5,1
4.928,5,4,32634.78,4,2,0,0,6,1,5,1.318,1,6,4,5,6,7,6,5.233,3,7,4,0,-0.275,4,1,6,6,4,6,6,2,2,0.0,4.866,5,4,5.532,4.527,4,1
2.993,3,0,25596.86,3,7,7,6,5,1,2,1.842,0,7,4,5,3,1,5,0.209,1,0,6,1,0.217,0,1,3,4,6,2,5,3,7,0.0,3.39,0,6,2.063,4.059,5,1
2.153,5,0,0.0,6,5,4,7,1,1,4,1.126,0,6,1,4,6,1,3,2.018,0,7,3,1,-0.952,4,0,4,6,7,2,2,1,1,0.0,3.197,4,5,1.721,2.893,7,0
0.848,7,3,0.0,5,6,1,3,3,0,2,-1.261,0,3,7,1,6,4,0,-1.35,1,3,3,0,0.543,6,0,5,1,4,5,6,4,3,0.0,-0.808,0,5,0.333,-1.749,0,0
1.671,1,0,0.0,5,6,3,0,6,0,5,1.377,0,3,6,1,5,0,1,1.347,7,5,7,4,-0.42,7,0,5,7,1,2,4,4,2,0.0,-0.983,6,3,1.697,1.689,3,0
0.147,2,0,0.0,2,4,7,5,0,0,5,-0.638,0,7,6,5,7,2,5,-1.66,6,2,1,6,-1.666,5,0,2,0,2,0,6,4,2,0.0,0.434,3,7,0.739,0.251,5,0
0.28,1,0,0.0,0,3,3,7,6,0,7,0.004,0,6,3,3,4,0,5,-0.501,7,6,2,6,-0.074,4,0,5,1,5,3,5,7,1,0.0,1.014,2,6,0.571,0.696,3,0
2.763,5,2,30737.94,4,4,2,6,3,1,2,2.351,0,2,6,4,7,1,0,1.151,2,0,6,2,1.285,6,1,7,4,0,3,0,7,2,0.0,2.287,7,0,2.62,4.71,2,1
2.655,6,4,0.0,7,6,0,6,1,0,4,0.087,0,7,3,4,3,1,0,0.34,3,6,1,5,0.536,7,0,1,0,4,3,4,1,2,0.0,2.129,2,1,1.849,3.951,4,0
1.632,1,5,0.0,3,4,2,0,2,0,0,0.022,0,4,1,1,4,6,4,2.694,4,5,6,6,-1.269,4,0,4,7,0,1,5,2,0,0.0,0.207,5,7,1.587,-1.376,1,0
1.307,3,2,0.0,6,3,6,3,6,0,4,-0.835,0,7,5,2,1,1,5,3.998,3,3,1,4,2.281,1,0,0,0,7,4,7,7,7,0.0,2.038,0,2,1.524,0.846,3,0
5.703,3,3,0.0,0,2,1,7,5,1,0,0.986,1,7,4,1,6,7,2,6.892,7,6,5,0,0.1,7,1,4,0,1,1,1,4,6,8.14,7.246,6,1,4.792,8.072,5,1
3.419,4,3,0.0,2,2,0,5,5,1,6,1.33,1,4,0,4,6,4,1,7.094,2,7,5,7,0.171,4,1,7,6,1,6,7,2,4,49.96,2.834,7,1,4.17,5.209,7,1
1.164,1,0,0.0,0,1,1,5,7,0,3,-0.663,0,3,1,2,6,1,4,5.518,6,7,0,6,-0.274,4,0,1,1,4,4,0,4,2,0.0,1.719,6,4,1.398,1.59,7,0
0.559,3,4,0.0,5,5,7,6,0,0,2,-0.609,0,5,1,3,6,6,4,-0.244,5,3,5,3,-0.192,5,0,2,6,0,4,4,4,3,0.0,0.077,2,0,0.531,-0.624,5,0
1.531,7,7,0.0,3,3,4,7,7,1,2,0.501,0,1,3,1,0,7,0,5.913,6,2,1,5,0.097,0,0,5,7,1,4,3,6,2,0.0,2.987,5,7,2.082,2.52,2,0
2.998,1,7,0.0,3,7,7,6,1,0,6,-1.595,0,0,2,0,2,3,0,4.784,1,1,2,5,-0.465,1,1,6,3,2,7,2,5,0,0.0,3.716,7,3,2.224,4.605,1,0
3.365,2,0,27534.09,0,2,3,1,0,1,3,3.06,1,0,0,5,6,2,1,3.755,2,5,1,4,0.272,6,1,2,3,2,1,4,3,7,0.0,3.17,5,1,3.007,5.337,3,1
1.636,5,6,0.0,4,6,7,5,2,0,4,-0.281,0,0,1,0,0,1,0,1.739,7,6,4,4,-1.11,6,0,3,3,1,0,4,4,2,0.0,0.049,6,6,1.704,0.142,3,0
4.179,7,4,36729.76,5,6,2,2,7,1,2,2.683,1,5,6,6,4,6,2,4.469,2,7,2,3,-1.397,3,1,6,5,4,6,5,4,7,0.0,3.722,7,4,4.774,4.647,1,1
1.563,0,3,0.0,3,7,4,5,3,0,4,-0.009,0,0,4,7,2,7,1,3.935,4,5,7,0,-1.128,6,0,7,0,6,1,0,5,3,0.0,-0.211,1,1,0.782,-0.374,4,0
3.148,2,7,0.0,2,6,4,2,4,1,0,0.903,0,5,7,6,4,3,0,-0.512,0,5,6,4,-0.084,6,1,6,2,4,3,5,4,1,50.29,1.866,2,1,2.794,1.6,1,1
0.916,0,5,0.0,6,0,6,0,3,0,3,0.623,0,1,5,3,3,4,7,-2.363,0,2,3,0,0.442,6,0,2,2,7,6,5,2,2,0.0,1.049,5,4,1.957,2.711,0,0
1.879,3,3,0.0,1,0,3,4,3,0,1,2.015,0,3,6,1,6,5,6,2.603,3,6,6,4,-0.422,1,0,7,0,5,4,2,5,1,0.0,-0.652,3,6,1.228,2.895,4,0
2.941,2,5,16924.48,5,1,7,6,5,1,5,2.575,1,2,6,7,7,5,5,2.056,3,2,7,0,1.103,5,1,1,6,4,3,3,3,0,0.0,3.641,2,5,3.609,1.046,2,1
2.392,3,5,0.0,4,6,6,6,3,0,2,-0.849,1,6,0,1,7,5,0,3.548,7,1,5,7,-1.657,5,0,7,5,5,6,0,4,6,0.0,3.22,2,6,2.743,3.502,4,0
1.495,1,3,0.0,4,1,7,3,7,0,6,-1.768,0,2,2,6,1,0,2,1.088,1,4,4,0,-1.515,3,0,2,3,1,0,2,0,4,0.0,1.69,7,6,1.28,1.02,4,0
2.671,5,6,24067.83,2,7,2,2,3,1,5,4.071,1,6,5,6,4,2,0,3.569,5,1,0,4,1.262,2,0,3,7,7,7,2,7,5,0.0,1.711,2,7,3.357,4.402,7,1
2.113,7,2,0.0,1,0,4,5,0,1,1,1.901,0,0,1,4,3,0,5,0.268,5,6,3,7,-1.034,5,0,6,6,5,4,1,7,6,0.0,3.696,7,4,2.844,-0.237,3,0
1.352,0,7,0.0,1,2,5,0,3,0,3,-0.343,0,6,4,1,3,0,6,0.581,4,6,5,3,-1.913,6,0,2,3,6,7,0,4,3,0.0,3.099,2,5,1.624,-0.106,1,0
0.465,7,4,0.0,6,1,4,0,5,0,3,1.859,0,4,0,3,6,3,3,5.986,7,1,6,7,0.626,6,0,2,4,7,3,5,2,3,0.0,0.681,6,5,0.909,-0.675,1,0
2.25,6,0,0.0,6,7,3,2,0,0,7,0.841,0,1,5,7,7,4,4,0.635,6,7,6,0,-0.083,6,0,7,0,6,6,4,4,1,0.0,2.953,4,3,1.98,-1.489,4,0
0.329,3,2,0.0,2,4,7,1,0,0,0,0.622,0,7,1,6,5,1,4,-0.256,5,5,7,3,0.199,3,0,4,3,2,7,4,3,2,0.0,0.906,2,5,1.365,2.362,6,0
2.945,6,7,0.0,4,1,1,1,3,1,4,2.514,1,3,6,5,6,7,1,6.582,5,7,1,1,-0.851,1,1,3,4,4,4,7,5,4,0.0,1.46,7,4,3.609,4.449,1,1
1.211,4,7,0.0,1,4,3,2,0,0,5,0.003,0,3,6,6,3,3,4,1.071,2,3,6,4,0.257,4,0,5,0,4,1,7,7,2,0.0,2.721,0,6,1.971,1.621,7,0
2.548,3,6,0.0,1,1,0,4,6,1,2,0.337,0,1,2,2,0,3,3,1.586,2,3,1,7,0.209,2,0,2,5,3,2,1,1,6,0.0,2.001,4,2,1.783,3.236,3,0
0.575,2,1,0.0,3,4,4,4,2,0,5,0.212,0,3,7,5,1,7,6,0.969,7,0,5,0,1.198,0,0,5,0,5,6,1,2,7,0.0,1.173,1,1,1.176,-0.567,2,0
1.681,1,5,0.0,2,5,0,6,4,0,4,-1.3,0,2,7,3,4,1,6,1.251,0,1,7,5,1.971,3,0,2,0,0,1,3,4,7,0.0,1.363,7,3,1.273,-2.784,3,0
6.971,3,2,26233.47,6,6,0,6,4,1,0,1.747,1,1,1,7,7,5,4,6.354,6,4,4,1,1.113,5,1,7,3,3,3,7,1,0,0.0,4.608,7,0,6.417,7.51,6,1
0.234,1,1,0.0,0,3,4,2,7,0,7,-0.65,0,4,7,5,6,1,0,-1.341,4,2,4,3,1.327,0,0,5,6,6,6,3,5,4,0.0,0.083,2,5,0.693,-0.048,7,0
2.239,3,1,0.0,7,7,1,2,7,0,0,-1.106,0,4,4,4,5,3,1,0.506,2,4,3,2,-0.682,7,0,4,5,6,3,6,3,2,0.0,2.831,3,2,1.724,0.835,2,0
2.643,7,0,19308.6,6,2,7,0,4,1,7,2.244,0,6,1,0,1,0,2,5.515,5,0,3,6,-0.536,1,1,3,1,1,0,3,0,3,0.0,2.787,3,2,2.749,4.698,7,1
2.654,1,1,0.0,6,2,3,4,6,1,3,0.282,0,7,7,1,1,3,3,1.342,7,2,2,5,-0.354,5,0,7,0,4,6,2,3,0,0.0,1.879,1,4,2.658,4.712,0,0
1.903,6,2,0.0,4,6,6,1,3,0,4,-0.237,0,0,3,1,4,4,5,0.094,7,5,3,1,1.29,3,0,2,6,3,5,1,6,3,0.0,0.03,5,0,1.11,-2.296,6,0
2.752,5,4,22613.66,6,5,7,4,6,1,2,0.922,0,1,3,3,1,2,5,3.724,0,7,0,1,-1.733,0,1,2,0,4,6,2,0,3,21.72,3.176,1,6,2.105,3.873,4,1
1.773,7,5,0.0,2,0,7,5,6,0,0,0.884,0,3,6,3,0,3,2,4.469,0,1,6,6,-1.49,3,0,5,7,1,5,1,0,4,0.0,1.471,5,3,1.533,-0.24,4,0
0.827,7,5,0.0,6,3,6,6,5,0,5,-1.833,0,1,2,4,5,2,0,-0.704,7,7,2,3,-0.441,2,0,4,3,1,1,2,5,3,0.0,-1.683,7,4,1.218,2.316,3,0
1.399,1,4,0.0,5,1,2,5,1,0,6,0.409,0,2,1,4,3,2,7,0.861,6,3,4,7,-1.487,2,1,2,5,1,0,7,1,7,0.0,2.032,5,4,1.276,1.363,6,0
0.979,5,3,0.0,6,3,4,2,7,0,0,-0.427,0,0,7,1,2,7,3,2.321,3,5,1,0,-0.328,1,0,2,4,4,5,3,1,3,0.0,-0.237,2,3,1.06,-0.313,4,0
0.371,5,4,0.0,1,6,7,4,7,0,6,0.65,0,0,0,6,2,2,3,-0.262,3,6,3,4,0.28,7,0,4,6,4,3,4,5,3,0.0,-0.328,2,5,0.134,1.472,2,0
0.249,7,3,0.0,2,4,5,6,7,0,1,-0.174,0,1,3,1,7,2,1,2.376,5,4,7,5,-0.134,1,0,4,6,1,4,5,6,0,0.0,0.813,3,7,1.116,0.91,3,0
2.529,5,7,0.0,6,7,5,4,2,1,7,0.476,1,0,1,1,3,3,7,4.588,6,5,2,7,1.03,5,1,7,6,3,3,5,3,6,29.62,4.034,3,2,3.214,2.145,1,1
4.845,7,1,6798.33,4,6,6,7,0,1,6,1.835,1,5,1,1,0,7,6,4.365,0,7,7,6,0.569,3,1,3,3,4,4,7,0,3,0.0,4.339,6,7,4.306,7.151,4,1
0.694,2,2,0.0,6,0,7,1,4,0,2,1.058,0,0,1,7,5,3,4,-0.018,4,1,6,4,0.331,1,0,2,6,7,7,1,6,4,0.0,-0.118,4,5,0.734,0.587,4,0
1.068,6,7,0.0,7,7,6,4,6,0,0,-0.607,0,5,4,2,5,5,5,-1.729,4,0,7,7,-0.076,4,0,6,2,5,6,7,0,3,0.0,1.127,0,3,-0.078,-0.996,4,0
1.104,2,1,0.0,0,5,6,3,3,0,6,0.846,0,6,5,2,6,0,0,0.478,0,5,1,2,-0.774,3,0,7,5,1,0,6,0,5,0.0,0.735,0,2,0.283,-0.289,3,0
1.403,5,5,0.0,0,7,2,7,5,0,5,1.199,0,7,6,3,4,7,4,6.024,5,1,6,5,-1.985,2,0,2,0,3,6,7,6,4,0.0,0.136,4,4,1.342,0.831,6,0
0.677,2,0,0.0,5,5,0,2,1,0,7,1.011,0,7,1,2,5,1,4,2.659,6,0,0,3,-0.349,0,0,1,3,7,2,3,0,4,0.0,-0.741,2,0,0.218,-1.495,1,0
6.07,2,4,0.0,2,6,1,6,2,1,4,1.273,1,4,7,4,2,7,1,4.899,3,0,4,5,0.228,3,1,4,4,0,3,1,3,2,0.0,5.776,5,5,5.734,5.848,3,1
1.957,6,4,0.0,2,6,1,3,3,0,4,0.999,0,0,4,1,3,5,6,0.872,7,1,3,7,0.331,5,0,7,2,0,3,4,6,6,0.0,2.2,3,2,1.016,0.386,1,0
2.671,2,7,0.0,2,4,7,4,3,1,6,1.153,0,4,1,5,2,2,5,-0.019,2,7,4,3,0.764,6,1,5,7,0,5,6,4,7,9.22,1.632,1,3,2.89,3.349,3,1
4.3,1,2,40706.13,2,1,5,5,5,1,2,3.121,1,6,1,1,7,7,5,7.042,3,2,0,0,0.789,4,1,3,0,0,3,3,4,5,0.0,4.767,6,6,4.664,3.403,6,1
3.038,2,1,0.0,6,2,1,4,4,1,2,2.157,0,3,2,4,3,4,7,0.926,2,4,2,3,-0.012,6,1,0,3,7,5,3,3,1,0.0,2.259,6,3,3.804,4.799,2,1
0.991,3,4,0.0,4,4,1,1,2,0,0,0.08,0,1,4,5,2,7,0,2.665,5,3,1,7,0.461,1,0,0,2,7,0,0,4,7,0.0,0.898,5,4,1.352,0.476,5,0
1.409,5,2,0.0,7,1,0,3,3,0,1,-0.65,0,0,5,4,5,7,0,4.097,3,6,4,0,0.497,4,0,1,7,0,0,2,4,6,0.0,-0.585,4,0,1.431,2.133,2,0
6.525,7,6,30674.45,4,0,0,4,3,1,3,1.651,1,2,1,0,4,4,7,4.656,2,5,7,0,-0.341,0,1,3,2,3,4,6,5,2,0.0,5.667,0,7,5.988,4.953,5,1
2.787,3,1,0.0,4,2,1,4,1,0,1,-1.656,0,2,1,3,6,2,7,4.705,1,7,4,6,-0.584,4,0,2,1,1,7,2,4,4,0.0,0.885,1,1,2.262,2.05,2,0
3.676,0,1,0.0,5,6,1,4,2,1,0,0.321,1,2,4,7,2,3,7,3.454,4,4,6,4,-0.574,6,0,1,4,0,1,3,3,6,0.0,3.521,6,0,3.199,4.491,5,1
0.595,2,1,0.0,5,6,7,4,0,0,7,-0.509,0,1,4,3,0,7,3,0.971,4,1,5,1,-0.542,3,0,6,4,2,2,7,5,0,0.0,0.814,7,7,0.536,-0.68,6,0
5.285,5,5,0.0,4,1,0,3,7,1,3,1.485,1,1,2,2,3,4,3,1.263,1,2,7,1,0.908,2,1,2,5,6,0,2,0,1,0.0,4.974,5,3,4.922,-0.586,0,1
0.269,6,7,0.0,1,7,5,5,1,0,1,0.04,0,1,5,1,7,4,3,5.873,7,7,4,6,-0.02,6,0,3,6,1,5,6,0,1,0.0,0.16,4,2,0.704,1.035,0,0
3.512,1,5,38528.61,4,1,3,2,4,1,6,1.652,1,5,0,3,0,3,3,2.147,2,4,4,6,0.818,0,1,0,2,2,2,3,5,6,0.0,3.847,1,1,3.618,1.463,4,1
1.165,1,4,0.0,7,7,4,3,5,0,7,-2.21,0,4,4,6,0,4,3,-2.134,1,2,0,6,-0.432,5,0,7,2,5,3,1,4,2,0.0,1.596,4,1,1.364,4.112,6,0
1.345,5,4,0.0,3,4,7,3,2,0,2,0.672,0,6,0,2,6,6,3,-0.874,1,1,2,2,-1.338,1,0,0,4,7,5,2,5,0,0.0,0.294,2,4,0.354,1.321,6,0
0.536,1,1,0.0,5,4,3,0,3,0,7,0.517,0,2,2,7,0,0,0,-3.447,2,0,3,3,-0.231,2,0,3,0,5,2,0,2,7,0.0,1.3,6,4,1.19,0.532,6,0
3.479,0,1,33256.75,6,1,3,2,2,1,0,2.742,0,5,4,6,7,2,4,1.443,0,0,6,0,-0.494,4,1,4,2,0,4,0,5,6,0.0,1.55,4,2,2.985,4.163,5,1
0.643,6,3,0.0,4,2,1,0,1,0,0,-1.854,0,3,0,7,3,1,4,2.664,0,3,7,5,0.758,1,0,1,2,3,2,3,1,7,0.0,2.301,4,5,1.521,-1.301,1,0
2.276,7,3,0.0,7,7,7,2,1,0,2,-0.373,0,1,4,5,6,3,4,1.134,6,7,6,7,0.028,4,0,4,6,2,7,7,2,2,0.0,1.735,7,1,1.588,5.622,5,0
2.104,7,0,0.0,0,5,4,2,3,0,7,-0.43,0,5,0,7,6,7,1,-1.683,5,7,0,7,0.618,0,0,0,7,3,5,3,3,2,0.0,4.752,7,6,2.521,1.988,3,0
6.953,7,3,0.0,1,5,2,5,1,1,3,0.382,1,0,3,4,2,2,4,8.784,7,3,4,0,-0.786,5,1,6,1,2,7,1,2,3,0.0,7.46,1,4,6.322,5.838,7,1
0.433,4,0,0.0,4,2,3,4,4,0,7,-0.429,0,3,2,7,3,7,2,1.478,2,2,0,0,0.495,7,0,2,3,7,3,0,2,6,0.0,1.628,5,6,1.622,-0.111,2,0
3.428,1,5,7886.74,2,2,4,1,4,1,1,0.139,0,1,2,1,0,4,5,6.04,5,1,2,6,0.928,7,1,5,2,1,2,3,1,7,0.0,5.1,6,5,2.75,3.247,6,1
1.011,7,5,0.0,6,2,4,3,0,0,5,0.409,0,3,5,4,6,7,1,-2.798,7,0,2,6,0.762,2,0,3,1,5,0,2,1,0,0.0,1.214,3,4,1.323,3.542,3,0
2.865,1,4,0.0,4,0,4,7,7,1,6,-0.512,0,3,2,7,7,0,2,2.367,7,4,3,0,1.948,3,0,4,0,5,1,5,5,3,0.0,3.133,5,7,2.194,3.415,4,0
1.963,0,7,0.0,2,3,6,6,6,0,3,0.975,0,6,0,1,5,1,5,0.762,4,2,6,5,1.335,7,0,3,2,7,2,3,6,6,0.0,3.507,3,3,1.763,1.347,7,0
1.477,7,6,0.0,7,7,7,4,3,1,7,0.897,0,7,5,7,3,7,7,3.736,1,4,4,2,-0.091,0,0,6,7,3,5,7,2,0,0.0,3.152,5,1,2.018,3.905,6,0
-0.015,0,5,0.0,0,1,2,6,7,0,5,1.148,0,1,1,3,7,2,1,2.457,5,7,5,2,0.831,0,0,1,0,0,7,2,0,6,0.0,2.276,0,4,0.482,-1.293,7,0
-0.05,6,6,0.0,7,4,5,1,3,0,3,0.075,0,6,3,4,4,5,7,0.433,3,6,7,6,1.517,2,0,0,2,1,4,4,1,0,0.0,-0.022,6,6,0.391,-1.269,7,0
0.694,7,6,0.0,4,6,7,6,1,0,4,1.492,0,6,4,5,3,0,4,0.525,2,4,1,2,1.353,3,0,2,2,2,7,4,5,3,0.0,3.051,6,0,0.609,1.655,5,0
2.656,1,2,0.0,3,1,7,6,6,1,0,0.294,0,2,3,2,5,4,3,-3.445,5,5,7,6,-1.142,4,0,4,2,7,3,3,2,5,0.0,4.13,4,2,2.11,0.563,1,0
0.933,1,1,0.0,2,0,7,3,1,0,1,-0.064,0,2,4,6,2,7,0,0.848,7,1,7,1,1.537,0,0,0,7,1,6,2,7,3,0.0,1.738,1,4,0.516,0.12,6,0
1.849,6,2,0.0,4,5,5,4,1,0,4,-0.172,0,4,7,1,2,7,7,-1.419,7,2,2,1,-1.179,7,0,6,7,1,3,4,0,4,0.0,2.031,7,7,1.115,2.685,0,0
3.738,1,7,27637.75,2,0,0,0,2,1,5,3.381,1,4,7,5,7,0,1,1.197,5,4,0,3,-0.372,3,1,0,1,7,0,4,0,1,0.0,4.831,1,2,3.881,5.435,1,1
0.688,5,4,0.0,2,7,1,7,6,0,2,0.688,0,2,4,0,1,2,5,-2.736,2,3,4,5,0.017,6,0,5,1,6,1,7,0,7,0.0,0.603,3,6,0.545,1.539,6,0
0.204,5,1,0.0,3,3,6,2,2,0,1,-1.298,0,1,7,6,2,2,4,-4.559,0,6,6,1,0.254,2,0,4,4,3,5,3,6,7,0.0,0.337,0,3,0.352,0.138,7,0
3.326,5,6,16241.39,2,5,5,6,4,1,2,1.556,1,2,6,4,0,1,0,5.418,7,7,4,4,1.411,3,1,7,5,2,1,5,3,4,52.59,6.778,6,3,4.427,3.785,1,1
2.312,1,7,0.0,3,1,6,3,5,0,7,-0.138,0,4,2,1,1,7,6,-1.994,4,3,1,6,1.972,0,0,5,5,2,0,2,7,2,0.0,3.246,3,0,2.09,1.689,4,0
1.959,3,2,0.0,7,5,1,2,1,0,7,0.271,0,0,3,3,1,1,0,4.196,6,3,4,6,0.072,4,1,2,2,7,5,3,0,1,0.0,2.959,2,3,2.427,6.025,0,0
2.136,1,1,0.0,5,4,7,6,3,0,4,0.683,0,7,0,4,5,7,0,1.359,6,2,3,7,-1.015,5,0,4,7,3,3,2,0,3,0.0,0.909,1,2,1.91,3.997,7,0
0.919,5,6,0.0,7,5,2,5,6,0,2,0.118,0,1,5,5,5,0,7,0.38,1,0,7,6,0.811,7,0,1,2,1,3,5,2,0,0.0,1.444,1,2,1.41,2.21,2,0
1.305,7,5,0.0,6,5,4,4,4,0,5,0.716,0,2,7,0,0,4,4,-1.178,3,6,4,2,-1.306,7,0,4,1,0,3,0,3,3,0.0,1.408,2,4,1.497,3.348,3,0
0.523,0,5,0.0,6,5,5,2,6,0,7,-0.585,0,3,3,6,1,5,4,2.965,3,4,5,5,0.657,3,0,2,5,0,6,0,5,4,0.0,0.295,6,4,0.874,-0.74,3,0
1.632,6,4,0.0,1,1,6,2,5,1,3,-0.553,0,6,5,1,4,7,0,5.221,6,0,4,3,2.109,2,0,6,2,1,4,1,2,7,0.0,2.286,6,3,2.291,5.057,6,0
0.517,2,7,0.0,4,3,5,6,6,0,7,-1.259,0,5,0,4,0,1,0,-0.006,2,5,0,4,0.827,5,0,4,5,5,5,6,7,3,0.0,0.52,5,4,0.792,-3.054,4,0
2.552,0,2,11217.17,3,1,6,6,6,1,1,1.138,0,7,1,1,4,1,2,3.028,1,6,2,2,-0.133,5,1,1,1,4,5,2,2,6,0.0,2.388,3,7,3.005,4.025,7,1
1.118,3,4,0.0,7,5,2,7,6,0,7,-2.005,0,6,2,3,3,6,2,4.077,3,5,6,5,1.207,4,0,3,1,4,7,2,2,6,0.0,0.636,3,5,0.554,2.837,3,0
2.58,2,5,0.0,7,5,6,3,5,1,0,0.407,0,1,1,5,2,0,6,0.479,1,5,0,3,-0.313,5,0,3,3,4,5,6,7,5,0.0,2.192,5,4,1.864,3.401,7,0
0.94,2,2,0.0,4,2,5,6,4,1,6,0.961,0,0,3,6,3,4,1,4.077,4,6,3,1,0.048,0,0,7,6,0,0,5,4,7,0.0,2.403,4,7,1.284,0.153,3,0
0.734,7,3,0.0,6,7,4,2,7,0,1,-1.405,0,2,4,7,5,0,0,0.915,1,6,2,3,-0.493,6,0,4,3,7,7,2,6,6,0.0,1.199,1,4,1.102,-0.055,4,0
1.759,2,7,0.0,1,2,5,3,3,0,1,1.283,0,3,2,4,3,3,2,4.495,4,4,2,3,-1.037,3,0,2,3,1,3,2,6,6,0.0,2.111,6,7,1.602,2.281,3,0
1.814,4,4,0.0,3,4,3,2,2,1,3,-1.531,0,3,7,6,5,6,3,4.371,1,5,6,3,-0.611,2,0,0,2,2,1,0,2,0,0.0,-1.126,4,2,1.742,1.773,7,0
1.165,0,7,0.0,3,0,1,6,0,0,1,1.385,0,0,7,2,5,6,4,-0.278,7,2,2,1,-1.208,5,0,2,3,4,3,1,3,1,0.0,-0.786,7,6,0.616,0.993,0,0
0.252,2,6,0.0,6,7,2,5,7,0,5,1.104,0,4,7,2,1,3,6,2.387,1,5,7,6,1.507,4,0,5,3,7,1,2,2,3,0.0,-0.387,3,4,0.69,-0.556,1,0
1.104,4,3,0.0,1,2,5,2,7,0,7,0.732,0,6,6,7,7,2,6,2.956,5,0,7,0,0.441,1,0,4,2,7,3,2,1,0,0.0,-0.173,1,7,1.377,2.035,2,0
1.953,3,7,0.0,6,7,0,3,5,0,3,0.255,0,0,6,2,2,3,2,-0.938,6,4,2,7,-0.352,6,0,5,6,1,4,7,0,3,0.0,2.724,7,0,1.735,2.324,7,0
0.078,4,7,0.0,7,4,4,2,1,0,3,-1.194,0,6,5,4,6,0,5,-2.244,6,5,5,1,1.1,2,0,7,7,6,6,4,1,5,0.0,0.878,2,5,0.445,-0.987,7,0
0.909,2,6,0.0,1,0,0,3,3,0,5,2.323,0,4,5,5,5,6,5,3.261,7,0,1,3,-0.188,0,0,7,3,4,2,2,1,6,0.0,1.037,7,6,1.321,0.759,1,0
2.186,7,4,0.0,0,2,7,2,7,1,7,-1.779,0,7,2,4,2,3,4,1.331,0,4,5,3,-0.002,6,0,0,0,2,2,4,3,2,0.0,3.222,0,3,2.265,1.666,2,0
-0.172,5,0,0.0,3,1,7,4,7,0,3,-0.33,0,0,0,2,7,7,7,2.192,6,1,2,3,0.136,5,0,4,7,4,3,3,6,0,0.0,0.812,0,6,0.539,1.684,6,0
2.492,4,7,24602.94,2,3,6,6,7,1,0,0.425,1,4,5,1,6,1,0,1.003,1,6,1,3,-1.322,5,1,6,3,7,4,7,1,3,0.0,5.016,7,7,3.147,3.441,3,1
2.385,2,2,31527.69,2,6,5,7,5,1,6,2.322,0,3,6,7,6,4,3,3.063,6,4,6,5,0.656,3,1,6,1,3,1,0,6,6,0.0,2.566,3,4,2.501,3.306,4,1
1.763,4,1,0.0,3,3,6,2,1,0,1,-0.198,0,1,5,0,4,1,7,1.847,1,5,4,2,-0.997,2,0,0,1,6,1,5,0,4,0.0,1.365,3,3,2.175,1.314,5,0
3.637,3,3,0.0,0,5,7,0,0,1,1,3.11,1,5,7,4,2,1,6,0.431,3,2,3,4,-1.676,5,1,1,3,4,2,5,6,7,48.89,3.353,0,6,3.502,5.043,5,1
1.026,1,2,0.0,4,0,0,4,1,0,4,-0.82,0,1,1,6,3,0,7,-3.344,7,3,1,4,-1.76,2,0,1,0,2,5,0,2,0,0.0,0.556,3,4,0.992,1.819,0,0
1.44,1,4,0.0,2,0,3,3,5,0,7,0.07,0,7,0,5,5,2,4,-1.676,4,2,2,6,1.113,0,0,1,3,2,2,1,7,5,0.0,1.446,1,1,1.069,0.034,7,0
1.084,7,0,0.0,3,5,0,3,0,0,1,0.208,0,2,1,5,2,6,7,-0.321,2,2,7,5,-0.723,5,0,3,7,4,5,6,4,7,0.0,0.057,6,2,-0.027,0.219,2,0
2.275,2,5,0.0,0,1,0,7,7,0,1,0.691,0,6,1,4,0,6,2,-3.369,3,5,3,4,0.301,7,0,4,2,0,0,5,3,2,0.0,0.865,2,3,1.656,3.25,4,0
0.516,6,0,0.0,4,0,6,5,6,0,1,-0.28,0,0,7,3,0,1,2,0.612,2,7,2,6,-1.283,7,0,7,1,7,5,6,0,0,0.0,0.674,3,4,0.156,-0.109,1,0
1.421,5,6,0.0,4,7,5,0,1,0,2,-1.152,0,7,6,4,7,2,6,2.373,0,3,1,2,1.113,3,0,5,2,1,2,5,3,6,0.0,1.958,1,3,0.677,-0.211,3,0
-0.48,3,7,0.0,0,7,3,1,0,0,4,-0.359,0,4,4,7,1,5,1,3.76,1,1,7,0,1.398,1,0,3,1,0,4,6,1,7,0.0,2.402,6,3,0.638,0.354,5,0
1.861,1,2,0.0,6,4,0,5,2,1,3,1.021,0,2,5,5,1,0,2,3.343,5,7,1,2,-1.497,5,0,6,3,1,4,4,1,6,0.0,2.368,4,6,3.134,3.395,4,0
0.135,0,0,0.0,1,2,7,5,0,0,6,-0.222,0,2,5,7,0,4,6,0.043,5,5,7,1,-0.612,7,0,0,3,5,2,7,2,3,0.0,0.494,6,4,0.274,0.153,2,0
0.942,3,2,0.0,5,1,3,7,1,1,0,-1.284,0,1,4,2,6,1,4,1.279,2,4,3,1,0.93,2,0,7,0,1,7,4,7,4,0.0,0.309,1,1,2.412,-0.824,2,0
0.405,1,7,0.0,4,6,2,7,4,0,2,0.619,0,2,4,2,1,4,5,1.224,1,6,3,2,1.764,1,0,1,2,7,5,1,7,1,0.0,0.738,0,3,0.889,1.664,1,0
1.851,2,1,0.0,4,0,3,4,5,0,5,-0.96,0,1,5,7,0,5,2,2.294,0,3,6,6,-1.765,2,0,5,4,1,4,5,4,0,0.0,1.134,3,2,1.895,1.647,2,0
2.651,6,5,0.0,7,0,1,0,6,1,7,1.159,0,5,0,4,0,7,3,3.189,4,0,6,7,-1.251,5,0,4,1,5,4,2,4,3,0.0,2.251,0,1,2.767,-2.454,1,0
2.207,6,0,0.0,4,6,4,5,3,1,0,-0.355,0,1,3,1,6,0,7,3.8,0,3,3,5,-1.687,4,0,1,7,7,0,6,0,7,0.0,1.702,1,4,1.833,4.015,5,0
3.4,5,5,5191.3,0,5,7,1,6,1,6,1.679,1,7,5,3,7,3,0,1.44,0,7,2,1,0.081,2,1,7,6,7,4,6,3,0,0.0,4.27,2,1,3.257,4.662,5,1
1.607,2,2,0.0,4,2,3,4,1,0,1,1.281,0,6,0,1,2,5,1,-0.559,7,5,4,7,-0.366,3,0,6,6,6,4,7,4,4,0.0,1.784,2,2,0.609,0.446,4,0
1.553,3,7,0.0,4,0,2,4,7,0,2,0.305,0,5,6,5,1,5,5,5.787,1,0,7,4,0.948,6,0,6,4,3,5,4,0,0,0.0,2.896,0,7,1.704,1.516,6,0
1.187,3,3,0.0,4,1,1,1,3,0,3,0.704,0,5,1,1,3,2,2,4.238,3,1,4,4,-3.135,6,1,5,4,4,7,6,2,6,0.0,0.924,2,5,1.567,3.517,3,0
1.279,5,2,0.0,0,2,3,3,6,0,1,-0.156,0,3,1,5,2,4,3,-0.272,7,2,1,1,-0.316,3,0,5,2,7,1,6,5,3,0.0,0.752,4,4,0.65,2.232,1,0
0.406,7,3,0.0,3,0,4,5,7,0,4,-1.949,0,5,2,1,3,6,2,-2.459,7,5,1,1,1.572,0,0,4,4,5,6,1,5,1,0.0,1.53,0,4,0.635,-0.422,7,0
2.219,0,7,0.0,7,0,5,5,4,0,4,1.362,0,0,1,6,0,6,3,2.756,4,1,7,7,-0.401,2,0,1,0,4,0,7,0,4,0.0,2.249,7,4,1.846,3.777,2,0
1.368,7,1,0.0,4,2,1,1,5,0,2,-0.55,0,7,5,0,1,1,6,2.52,0,3,7,5,-0.745,3,0,3,0,6,0,5,1,0,0.0,1.741,0,7,0.704,3.467,0,0
-0.488,5,5,0.0,6,3,1,0,2,0,5,-2.366,0,6,3,7,6,1,6,-1.232,7,1,1,5,0.494,7,0,7,2,2,6,5,2,4,0.0,0.344,6,0,0.631,-1.213,0,0
-0.186,3,4,0.0,0,3,1,2,2,0,4,0.114,0,5,1,4,3,4,4,1.371,3,6,3,2,-0.173,3,0,7,2,0,0,5,0,4,0.0,0.613,4,7,0.854,2.544,0,0
4.741,3,4,20676.69,3,3,1,3,6,1,2,1.143,1,2,2,7,4,0,7,3.254,3,2,5,6,0.656,7,1,1,6,6,2,2,0,3,9.07,6.27,4,0,4.634,2.306,4,1
2.025,0,5,0.0,3,6,2,0,6,0,7,-1.5,0,0,4,0,3,3,6,1.387,7,0,7,7,0.606,7,0,5,5,5,1,1,1,7,0.0,0.19,4,2,0.655,0.264,0,0
1.019,6,7,0.0,3,3,7,4,5,0,1,-0.281,0,4,1,7,3,4,6,0.273,2,7,4,5,-1.156,1,0,3,6,1,1,7,3,7,0.0,1.549,1,0,0.773,0.024,2,0
2.01,1,0,0.0,4,2,0,1,1,1,3,0.527,0,7,6,4,0,2,2,3.187,3,5,1,4,0.48,3,0,1,4,6,4,4,6,5,0.0,0.707,1,6,1.915,2.104,1,0
2.669,5,0,0.0,0,1,4,4,6,0,1,-0.692,0,5,5,7,5,1,5,-2.352,7,5,4,5,-1.142,5,0,5,3,0,6,5,5,3,0.0,0.865,2,0,2.596,-2.69,0,0
1.985,5,0,0.0,0,4,0,7,1,0,3,-1.216,0,0,7,6,6,6,7,2.354,2,3,2,7,-0.017,0,0,6,3,2,1,5,4,0,0.0,4.203,5,6,1.389,2.359,2,0
0.456,1,4,0.0,2,6,4,6,3,0,4,-0.422,0,2,4,6,2,3,0,2.516,0,1,3,3,-0.632,1,0,1,5,2,7,5,3,3,0.0,2.313,6,3,1.173,0.245,4,0
0.977,1,1,0.0,3,1,2,3,1,0,4,0.507,0,4,3,5,5,4,1,2.085,3,4,1,4,1.694,4,0,1,6,3,2,4,0,4,0.0,2.867,3,0,0.823,0.046,4,0
0.98,5,1,0.0,7,2,7,5,3,0,7,0.302,0,1,1,1,3,1,5,0.502,3,6,3,5,-0.583,0,0,1,0,2,1,3,7,2,0.0,-0.531,2,1,1.319,-0.287,1,0
2.07,1,5,0.0,2,1,1,1,2,0,0,1.392,0,6,2,2,3,1,1,3.578,6,2,2,7,1.131,3,0,2,3,1,0,5,3,0,0.0,2.66,6,0,1.994,4.664,0,0
3.978,6,6,23075.88,4,1,1,2,7,1,3,-0.544,1,2,6,0,5,1,2,7.334,3,5,0,1,-0.45,6,1,2,2,7,4,7,3,3,0.0,3.089,0,6,3.84,1.48,0,1
1.401,3,5,0.0,3,6,1,4,1,0,0,0.939,0,6,5,7,6,3,4,0.229,5,1,3,6,1.102,3,0,6,5,2,7,5,6,4,0.0,1.404,4,7,1.687,0.213,5,0
0.494,5,6,0.0,4,5,0,6,6,1,2,1.379,0,0,6,4,7,6,3,1.044,5,5,5,6,0.115,0,0,4,5,2,0,2,7,2,0.0,1.421,7,5,1.049,2.888,4,0
0.07,5,6,0.0,0,0,5,7,2,0,6,2.028,0,5,3,1,4,2,2,1.107,6,5,3,6,-1.109,3,0,4,0,7,0,7,2,1,0.0,0.834,4,6,0.977,1.38,0,0
1.124,0,1,0.0,3,0,5,1,5,0,7,-1.946,0,6,3,4,4,7,3,-1.68,5,7,0,7,0.453,1,0,0,5,6,6,2,5,0,0.0,-0.757,1,6,1.498,1.84,1,0
2.69,7,4,0.0,6,6,7,0,0,0,4,1.079,1,1,4,2,0,4,3,4.137,5,1,5,0,1.159,0,0,6,3,5,2,0,5,2,0.0,3.404,6,1,2.897,1.741,3,0
0.235,3,4,0.0,4,0,1,2,7,0,1,-0.931,0,6,6,4,5,0,6,1.303,2,4,3,0,0.139,4,0,5,4,2,0,4,4,3,0.0,-0.022,5,3,0.649,2.432,2,0
4.599,5,7,40671.99,7,7,2,5,2,1,6,0.264,1,4,5,4,5,4,0,5.212,5,4,4,3,0.09,6,1,5,6,3,5,2,4,4,0.0,2.728,2,6,3.781,6.548,3,1
3.857,6,0,33340.74,7,7,7,7,2,1,1,-0.676,1,0,5,1,4,0,3,1.23,2,2,1,2,0.776,0,0,5,1,5,7,2,6,7,0.0,2.035,7,7,3.161,5.511,5,1
0.089,2,5,0.0,5,6,6,6,6,0,6,0.378,0,1,5,6,7,4,6,1.638,6,5,5,5,-1.028,4,0,5,1,6,2,7,3,7,0.0,-1.15,2,1,0.833,-0.83,7,0
0.688,6,5,0.0,6,2,3,7,4,0,5,1.181,0,6,7,1,7,5,3,4.655,0,1,2,2,-0.03,7,0,0,6,2,3,1,6,0,0.0,2.244,4,5,1.169,-0.385,5,0
0.958,7,6,0.0,7,0,4,6,4,0,6,0.552,0,7,1,5,7,6,4,1.871,6,6,2,5,-0.261,7,0,4,3,1,2,4,1,4,0.0,-1.855,4,7,0.579,2.154,6,0
2.866,3,6,0.0,6,0,7,1,6,1,0,0.506,0,4,1,2,6,6,1,2.126,0,6,5,0,-1.331,4,0,2,3,7,3,7,1,2,0.0,2.233,6,3,2.764,-0.094,7,0
-1.372,0,2,0.0,3,0,5,2,1,0,6,-2.046,0,4,7,1,0,1,2,0.064,3,3,3,6,0.841,0,0,4,3,4,0,1,1,7,0.0,1.261,5,7,0.304,0.789,7,0
0.815,1,7,0.0,5,2,0,5,7,0,0,-0.476,0,7,4,2,1,1,3,1.031,2,7,2,7,1.03,0,0,4,2,6,3,1,2,2,0.0,-1.047,5,4,0.559,0.128,4,0
1.835,1,3,0.0,7,1,4,4,1,0,3,-0.781,0,2,3,0,7,0,2,4.5,2,4,7,6,-1.177,6,0,1,1,4,6,3,1,4,0.0,2.086,0,2,1.712,1.338,5,0
2.382,3,3,0.0,4,3,2,4,4,0,6,1.116,0,0,4,2,1,5,4,5.731,5,0,2,2,-0.439,4,0,3,0,0,1,3,2,7,0.0,1.04,1,4,1.97,2.61,7,0
1.234,3,6,0.0,4,1,4,2,1,0,7,-0.417,0,4,4,7,1,5,7,4.141,4,2,4,3,-0.836,4,0,3,7,4,4,3,2,6,0.0,0.476,5,4,0.294,-0.668,4,0
0.413,1,6,0.0,6,1,1,1,0,0,7,0.234,0,3,7,2,0,1,3,3.152,2,2,3,4,-0.69,5,0,3,3,3,0,7,4,1,0.0,2.464,4,7,0.903,3.21,7,0
1.683,2,1,29509.31,7,5,7,7,3,1,3,1.419,0,3,2,4,6,7,4,4.53,0,4,2,6,0.588,2,1,1,2,6,1,7,4,7,0.0,2.035,5,3,2.371,6.008,1,1
4.405,3,6,34652.98,1,2,1,0,4,1,7,1.384,1,5,7,1,3,0,6,3.548,4,3,7,3,0.185,5,1,7,4,4,6,6,6,5,0.0,4.8,7,0,4.24,2.621,0,1
1.869,4,5,0.0,4,6,1,2,0,0,6,0.42,0,7,5,0,3,4,6,3.197,1,0,6,1,-0.029,4,0,5,4,2,7,7,2,6,0.0,1.967,6,0,1.315,1.569,2,0
-0.305,2,4,0.0,7,1,1,1,6,0,3,-1.82,0,2,7,4,6,4,4,1.895,5,1,0,3,0.247,3,0,3,0,0,7,0,0,4,0.0,1.163,6,5,0.395,-1.916,6,0
0.88,1,3,0.0,0,2,4,1,4,0,4,-1.273,0,2,7,4,6,1,4,2.916,2,2,1,2,-0.534,7,0,6,7,2,6,0,5,5,0.0,1.025,4,5,-0.528,0.638,3,0
6.218,7,1,27460.44,3,0,5,7,1,1,1,0.441,1,3,7,0,4,7,5,9.3,3,5,3,7,0.909,2,1,2,3,5,7,6,3,6,7.54,5.985,4,3,6.099,5.091,1,1
1.501,7,1,0.0,2,1,4,6,0,0,6,-0.614,0,1,6,3,7,2,0,4.747,3,6,2,3,0.483,1,0,1,1,7,6,1,6,6,0.0,0.551,5,0,1.258,-1.109,1,0
4.014,3,2,32883.98,6,5,2,1,3,1,2,0.265,1,2,2,6,0,2,5,6.925,6,4,2,2,2.279,5,1,7,1,2,7,2,5,0,0.0,2.78,2,6,2.885,5.094,5,1
5.46,4,4,38067.8,6,7,6,2,1,1,3,0.16,1,0,5,0,6,0,1,6.907,5,4,4,2,-0.863,2,1,6,5,2,1,2,4,7,0.0,5.215,2,1,4.728,3.679,6,1
2.241,0,2,0.0,3,6,5,3,1,0,3,-1.361,0,7,3,0,0,6,1,1.358,6,6,0,6,1.553,7,0,3,0,3,6,5,6,3,0.0,0.776,2,6,1.53,2.049,5,0
0.902,2,0,0.0,3,0,6,4,0,0,3,-1.028,0,2,2,3,2,6,5,-0.749,3,5,4,5,0.269,6,0,3,7,7,0,6,6,4,0.0,-0.856,6,1,0.323,0.104,4,0
0.592,1,1,0.0,6,2,6,4,4,0,3,1.088,0,2,0,1,2,2,1,3.529,7,2,0,2,-0.539,7,0,7,7,1,5,4,3,1,0.0,0.014,7,6,1.065,0.664,4,0
1.786,7,4,0.0,7,3,1,6,7,1,7,1.282,1,7,7,7,4,5,6,2.831,4,2,4,7,1.402,4,0,4,1,7,3,7,4,4,0.0,2.087,4,6,2.873,1.571,0,1
2.068,2,3,0.0,2,0,2,0,5,0,0,-0.392,0,3,3,0,0,4,5,4.051,6,1,3,2,-0.15,4,0,7,6,4,6,0,4,3,0.0,2.175,3,1,2.573,4.175,1,0
6.114,5,7,25750.81,0,3,6,6,6,1,2,1.113,1,3,6,5,5,1,1,4.608,5,2,3,0,0.508,2,1,2,3,7,0,5,7,3,0.0,5.286,3,0,6.238,7.798,1,1
5.597,5,2,6463.21,7,5,4,2,0,1,7,1.299,1,1,6,4,7,6,0,4.567,2,1,2,1,0.218,7,1,6,5,2,1,3,1,3,0.0,7.968,4,1,5.653,9.409,5,1
1.715,0,3,0.0,5,6,4,1,1,1,2,2.432,0,2,4,3,4,6,2,2.883,0,6,7,2,0.036,5,0,3,7,1,6,0,1,1,0.0,0.582,0,6,1.567,-0.293,6,0
1.545,0,5,0.0,6,4,3,6,2,1,2,0.139,0,2,5,2,2,1,1,2.232,0,5,4,7,-1.153,6,0,1,1,3,7,7,5,7,0.0,0.705,6,6,1.349,2.916,6,0
2.64,3,1,0.0,3,2,1,1,3,0,7,0.009,0,6,2,3,5,1,1,3.036,6,1,0,0,0.326,4,0,6,6,5,1,1,5,5,0.0,3.063,5,7,2.823,2.939,1,0
2.854,5,3,0.0,1,1,6,7,7,1,3,0.323,0,7,5,1,5,4,7,3.891,6,0,7,2,-0.253,4,0,6,6,5,7,6,1,4,0.0,1.867,2,0,2.755,0.529,5,0
0.935,5,6,0.0,5,5,6,5,2,0,1,0.656,0,1,3,1,0,3,6,-2.335,3,7,7,3,-0.442,0,0,0,7,7,4,7,1,0,0.0,-1.144,1,2,0.63,3.348,4,0
1.889,1,0,0.0,1,3,7,6,5,0,0,-0.297,0,0,4,5,1,5,4,4.942,7,7,4,1,-2.388,0,0,5,0,5,5,2,4,4,0.0,1.962,2,0,1.731,1.189,5,0
0.68,6,3,0.0,3,7,3,2,7,0,2,0.841,0,0,1,3,0,4,7,-2.939,1,5,4,4,-0.641,0,0,3,1,4,3,5,6,5,0.0,0.881,2,6,0.664,2.892,1,0
-0.53,7,3,0.0,1,5,3,2,4,0,3,1.566,0,5,0,3,0,5,0,-3.055,3,2,3,5,0.014,0,0,6,4,4,1,4,5,1,0.0,1.358,1,1,0.616,0.318,4,0
1.65,4,3,0.0,1,7,3,0,6,0,6,0.44,0,3,5,7,7,4,1,0.768,6,0,4,7,0.777,4,0,0,3,4,3,5,6,4,0.0,1.893,5,4,1.47,1.796,4,0
2.263,2,2,0.0,2,3,0,7,2,0,5,2.624,0,7,0,4,1,2,6,3.017,3,6,2,6,-1.035,1,0,7,6,5,5,4,2,5,0.0,3.682,5,3,2.296,2.842,5,0
1.215,7,0,0.0,2,3,7,3,5,1,4,-0.596,0,2,6,5,7,5,5,0.436,5,5,1,5,-0.319,7,0,3,5,0,0,1,2,7,0.0,2.276,1,4,1.448,1.49,5,0
2.344,3,3,0.0,4,5,1,7,1,0,0,-0.704,1,0,6,2,3,3,7,2.288,1,0,0,2,0.693,3,0,7,4,7,2,2,3,2,0.0,1.239,4,2,2.616,1.618,6,0
1.661,3,1,6871.19,7,6,5,4,5,1,3,2.263,0,4,3,7,6,3,2,0.369,0,5,1,6,1.914,2,1,2,7,4,5,0,1,1,0.0,2.794,5,3,1.199,0.225,2,1
1.893,7,7,0.0,1,3,5,4,5,0,4,-1.492,0,2,4,6,6,2,2,1.852,1,4,5,7,1.077,1,0,5,6,1,0,3,3,2,0.0,0.864,4,4,1.2,1.302,3,0
3.652,2,7,38834.1,7,5,0,2,1,1,7,2.343,1,6,1,2,0,1,3,3.486,6,5,4,0,-0.267,1,1,4,5,5,1,5,2,2,19.36,2.935,5,0,3.923,3.882,5,1
0.365,3,7,0.0,4,0,3,1,0,0,4,0.387,0,2,3,3,4,0,5,2.508,5,1,4,1,-0.54,5,0,1,2,2,7,6,0,3,0.0,0.684,4,3,0.457,-3.697,0,0
-0.615,5,6,0.0,5,1,0,1,6,0,1,-0.387,0,6,3,3,7,5,2,-2.321,7,6,0,0,1.015,2,0,4,5,2,0,6,4,4,0.0,1.768,7,0,0.21,-0.05,3,0
-0.04,5,0,0.0,5,2,0,5,3,0,6,-1.593,0,7,2,7,0,6,0,2.063,0,3,3,5,1.838,2,0,0,4,7,1,1,6,3,0.0,2.33,5,7,0.64,0.711,7,0
2.291,4,0,0.0,3,4,5,4,2,0,2,1.632,0,5,7,4,6,2,1,0.919,2,6,0,3,-1.4,0,0,0,5,7,6,7,6,1,0.0,2.002,0,3,2.079,3.771,4,0
4.487,7,3,15572.73,5,6,5,1,1,1,5,2.015,1,6,3,5,6,3,0,8.937,0,6,5,4,-0.063,4,1,7,4,4,0,7,0,1,0.0,6.911,0,2,4.669,6.69,1,1
3.823,2,7,14553.81,1,3,3,5,2,1,6,0.386,1,0,5,4,2,4,4,4.741,3,4,6,6,1.471,0,1,6,3,0,3,4,7,7,0.0,4.956,3,0,3.709,2.736,4,1
3.969,5,0,1942.5,1,2,4,6,2,1,5,1.996,1,3,3,1,6,0,4,6.102,2,0,4,0,1.171,2,1,7,6,4,7,7,0,2,42.08,2.445,5,3,3.328,2.544,2,1
2.905,1,0,11255.36,6,6,5,0,2,1,1,2.58,1,5,4,5,7,3,0,0.693,6,6,6,0,0.751,3,1,6,6,4,4,3,1,4,0.0,1.887,3,4,2.531,1.619,3,1
2.964,2,1,3187.98,0,2,4,6,6,1,5,1.106,0,3,2,4,3,3,6,3.06,1,5,1,0,0.817,0,1,5,7,7,6,3,1,3,0.0,2.186,2,4,2.785,1.753,0,1
4.485,5,4,12853.99,7,3,1,6,2,1,7,2.714,1,2,4,4,4,5,3,1.54,6,1,4,2,0.778,6,1,2,0,4,6,0,6,6,44.21,5.727,5,0,4.296,4.623,2,1
3.926,4,0,8969.39,0,2,2,0,6,1,5,1.983,1,7,7,0,4,6,1,3.552,7,1,3,5,1.352,6,1,2,7,1,1,5,7,0,6.69,3.217,4,7,3.658,1.353,2,1
3.353,4,7,0.0,3,1,3,0,1,1,2,1.281,1,4,3,6,3,2,5,-0.111,3,5,3,3,-0.837,0,1,5,4,1,3,0,5,6,0.0,3.063,1,0,3.34,2.642,1,1
1.198,5,4,0.0,1,5,6,1,7,0,4,0.058,0,5,4,3,1,1,4,0.211,7,4,0,2,-0.007,4,0,7,4,0,1,7,6,2,0.0,-0.152,3,3,1.609,1.86,6,0
1.985,7,0,0.0,0,5,6,2,3,0,1,1.07,0,5,5,3,3,4,5,4.141,6,6,7,1,-1.193,4,0,2,2,2,0,0,6,1,0.0,3.715,4,6,1.928,4.143,6,0
0.252,4,1,0.0,7,4,3,6,2,0,5,-0.205,0,0,1,0,6,6,2,1.857,4,4,2,4,0.434,7,0,0,2,3,6,6,6,4,0.0,-0.432,1,5,0.333,-0.378,2,0
3.624,0,2,28038.97,7,4,1,0,4,1,1,1.623,1,6,0,3,2,4,1,2.215,5,6,6,7,0.446,4,1,6,5,6,7,1,2,4,0.0,3.977,7,1,3.491,3.013,2,1
0.846,5,2,0.0,0,7,4,2,2,0,1,0.632,0,7,0,2,2,7,2,0.309,3,1,4,4,-0.686,6,0,7,7,7,5,1,4,6,0.0,-0.084,6,7,0.998,0.294,1,0
4.762,7,7,5895.19,6,5,5,2,3,1,2,1.167,1,2,2,0,0,7,6,6.627,5,4,1,7,0.524,7,1,7,3,0,1,5,0,5,18.83,4.623,1,2,4.883,3.226,3,1
0.83,4,3,0.0,0,0,3,4,4,0,1,-0.018,0,4,3,7,7,6,3,1.567,0,6,7,3,-0.244,6,0,6,5,6,4,1,6,0,0.0,0.236,0,4,0.626,-1.575,4,0
1.648,0,5,0.0,6,0,4,7,6,0,0,-0.463,0,1,2,3,2,3,4,-0.511,6,2,1,0,0.028,6,0,4,3,7,0,3,2,2,0.0,0.379,2,1,0.995,1.673,7,0
2.559,2,3,0.0,3,4,7,0,3,0,1,0.964,1,5,2,1,0,3,6,1.942,6,5,2,5,-1.048,0,0,4,0,0,6,3,7,6,0.0,3.728,1,7,2.069,1.581,3,0
0.683,1,6,0.0,2,0,6,0,3,0,6,1.924,0,6,7,2,2,6,6,-4.354,6,5,4,1,-1.444,0,0,0,4,0,6,6,2,7,0.0,1.821,2,4,1.341,-1.892,4,0
2.794,6,4,0.0,4,3,1,4,1,0,0,0.21,0,7,2,4,2,0,0,1.106,6,3,3,3,0.062,0,0,4,0,1,0,4,2,0,0.0,1.423,5,1,1.808,3.115,2,0
4.632,2,4,29511.48,2,4,3,1,0,1,0,1.58,1,0,2,2,5,7,5,3.2,2,0,4,3,-0.558,3,1,5,2,2,7,0,5,2,52.76,3.266,0,4,3.722,3.816,0,1
1.577,7,5,0.0,2,4,5,3,7,0,1,-1.74,0,1,2,2,1,4,4,-0.226,6,2,1,7,-3.137,2,0,5,6,7,5,3,0,6,0.0,1.566,4,3,0.927,1.505,3,0
1.252,2,1,0.0,6,0,2,6,2,0,0,-0.409,0,6,0,7,6,7,5,2.445,3,1,4,6,-0.212,6,0,4,0,3,0,0,3,1,0.0,0.371,0,5,1.104,0.009,1,0
2.073,1,2,0.0,3,4,0,4,4,1,2,0.185,0,4,0,6,6,2,5,2.264,5,4,6,7,0.208,1,0,4,0,7,4,4,6,7,0.0,-0.706,4,4,2.245,1.335,3,0
-0.061,6,0,0.0,5,0,1,0,5,0,4,0.855,0,1,1,4,7,3,6,-0.613,4,4,3,0,-0.903,6,0,5,2,0,3,7,1,4,0.0,2.525,7,2,-0.016,1.005,7,0
3.327,7,7,41469.22,5,0,3,7,0,0,1,-0.257,1,3,5,7,6,1,5,0.169,5,6,4,4,0.39,3,1,4,3,5,1,3,5,2,1.97,3.422,5,3,3.571,6.514,6,1
2.084,7,3,0.0,4,7,5,6,5,1,4,-0.967,0,5,7,5,3,0,1,5.255,1,6,2,1,-2.086,5,0,1,7,5,6,0,4,6,0.0,1.445,7,1,2.016,-0.126,1,0
2.472,5,2,0.0,5,0,2,6,4,1,4,-1.166,0,5,3,7,5,7,5,7.74,7,1,5,5,-1.9,3,0,4,6,4,1,3,3,1,0.0,2.421,6,3,2.629,4.788,6,0
2.415,3,1,13385.24,5,5,0,0,5,1,3,4.238,1,1,5,1,3,4,7,3.1,6,7,2,4,1.06,3,0,3,5,6,1,3,1,6,0.0,4.199,5,2,1.926,0.146,1,1
1.976,1,5,0.0,4,0,5,3,5,0,2,-0.194,0,7,7,4,2,1,3,0.487,7,4,4,7,1.16,0,1,6,3,3,4,6,4,7,0.0,2.095,4,1,2.7,0.19,4,0
2.331,6,0,0.0,2,3,2,2,3,0,1,-0.386,0,0,2,0,6,6,4,2.887,6,1,2,3,-0.075,6,0,6,0,2,0,0,2,0,0.0,3.056,7,0,1.664,1.313,4,0
-0.021,2,7,0.0,1,1,6,2,3,0,0,-2.05,0,5,3,7,4,1,3,4.48,3,3,5,3,-0.447,6,0,5,3,6,4,3,5,2,0.0,-0.995,3,6,0.262,-0.92,6,0
3.863,7,0,3250.88,7,2,1,6,6,1,3,2.309,1,1,4,3,3,3,5,2.112,6,6,3,7,0.782,2,1,0,2,6,6,5,3,1,0.0,4.69,3,1,5.037,4.318,0,1
0.582,7,1,0.0,3,3,6,1,2,0,2,-0.244,0,7,7,6,4,4,6,-1.884,7,1,0,2,-1.821,5,0,7,3,0,2,7,2,2,0.0,1.757,3,5,1.29,-1.257,0,0
1.837,1,1,0.0,2,2,2,5,2,0,6,0.522,0,7,0,2,1,4,2,3.91,4,1,4,4,-0.619,5,0,6,1,1,5,4,5,5,0.0,0.532,0,7,1.692,1.604,0,0
1.21,7,2,0.0,3,7,4,7,6,0,4,-0.865,0,0,7,1,7,6,2,4.072,5,7,3,7,0.955,7,0,3,0,5,0,0,3,7,0.0,0.693,5,6,0.946,0.705,7,0
0.696,4,2,0.0,4,4,4,4,4,0,0,1.432,0,3,6,5,0,2,0,0.363,5,4,5,2,-1.757,2,0,7,4,1,4,1,0,6,0.0,-0.491,4,1,0.005,0.286,6,0
0.948,4,0,0.0,5,4,5,5,6,0,7,0.866,0,2,5,1,2,1,6,0.794,7,2,1,5,1.05,0,0,3,7,2,7,1,3,5,0.0,0.453,4,3,1.43,1.551,4,0
6.869,1,1,19406.07,5,5,7,7,1,1,7,-0.659,1,0,1,7,4,4,1,3.141,6,7,7,1,-0.738,6,1,6,3,0,3,1,2,0,0.0,5.322,1,7,6.162,5.301,5,1
1.268,5,5,0.0,4,4,7,3,6,0,5,-0.694,0,2,0,5,6,7,1,-1.858,0,1,2,1,-1.833,5,0,1,0,1,5,7,1,2,0.0,2.081,5,7,1.321,1.651,1,0
1.541,1,5,0.0,3,2,3,7,2,0,6,-0.724,0,1,7,6,2,1,1,1.12,1,4,1,2,-0.657,4,0,2,3,6,0,1,2,4,0.0,2.658,3,1,0.906,-0.856,0,0
2.247,4,2,16940.59,4,7,6,4,2,1,1,1.251,0,4,2,4,4,3,7,1.301,0,4,1,7,-0.765,2,1,7,2,7,7,6,2,0,6.43,0.473,6,7,3.024,1.08,0,1
1.009,4,3,0.0,3,7,0,3,1,0,0,-0.055,0,5,7,6,4,5,3,1.717,5,7,6,5,-0.469,7,0,1,1,1,7,0,2,0,0.0,1.307,6,4,0.494,0.491,0,0
3.352,3,2,0.0,1,7,0,2,0,0,5,0.004,0,1,2,4,2,4,3,-0.622,5,3,4,6,2.264,0,0,5,3,6,1,2,3,1,0.0,4.809,1,0,2.369,5.722,6,0
0.662,4,3,0.0,6,3,5,6,7,0,6,0.403,0,6,3,6,7,7,7,1.353,1,1,0,6,1.555,1,0,2,5,6,3,4,6,4,0.0,-0.586,0,2,0.429,2.468,7,0
5.149,5,2,2738.11,1,2,6,5,2,1,3,2.051,1,0,5,0,2,6,2,5.916,6,4,7,1,-0.094,0,1,0,5,4,6,7,5,4,0.0,5.296,4,4,4.483,3.654,1,1
0.884,1,6,0.0,0,2,1,4,6,0,6,-0.694,0,2,5,2,7,3,1,2.576,4,2,7,1,0.073,2,0,2,1,7,5,1,2,5,0.0,1.182,4,3,0.879,1.028,1,0
-0.248,5,5,0.0,3,4,3,2,0,0,1,-1.685,0,4,0,2,4,0,1,1.055,7,6,6,2,0.895,5,0,2,0,2,4,2,3,0,0.0,0.614,4,1,0.581,2.425,3,0
-0.463,6,6,0.0,6,1,5,2,0,0,3,-1.129,0,6,7,5,0,5,4,1.873,5,1,7,4,-0.343,2,0,3,4,0,3,3,4,5,0.0,0.975,2,0,0.887,0.15,4,0
1.003,3,1,0.0,7,7,1,1,7,0,6,1.284,0,7,2,1,1,6,0,-0.067,4,7,3,3,-1.153,2,0,0,2,0,5,5,4,2,0.0,0.873,5,1,0.965,-0.474,7,0
4.188,4,5,0.0,6,0,0,4,4,1,4,2.404,1,4,2,1,0,3,2,8.15,4,3,4,7,-0.754,0,1,6,4,6,7,4,6,6,2.07,5.118,0,0,4.442,5.098,3,1
1.301,3,1,0.0,4,3,7,1,0,0,3,-1.225,0,2,2,7,5,5,1,1.545,0,6,7,2,0.352,5,0,2,2,4,5,7,2,2,0.0,1.377,0,1,0.825,2.982,3,0
1.594,0,0,0.0,5,6,0,5,2,0,4,-0.258,0,2,7,7,0,0,1,1.04,3,3,0,6,0.157,6,0,4,4,5,6,7,0,3,0.0,3.239,6,7,2.346,2.019,5,0
1.877,6,4,0.0,6,1,1,5,4,1,4,0.172,0,3,2,6,1,5,5,-0.095,2,2,6,5,-2.341,5,0,7,1,2,4,0,5,5,0.0,-0.045,1,6,1.985,1.75,0,0
1.266,5,2,0.0,7,1,5,4,0,0,2,-0.984,0,1,3,1,1,3,3,0.01,6,3,4,3,-0.66,4,0,5,3,6,2,3,3,4,0.0,-1.307,2,1,0.398,0.211,5,0
0.604,6,2,0.0,5,0,3,4,6,0,4,0.071,0,3,5,1,1,0,1,1.442,3,3,7,1,-0.194,6,0,0,4,1,1,4,3,6,0.0,3.045,2,5,0.654,5.363,7,0
6.213,5,5,10372.37,0,7,5,4,1,1,5,1.91,1,3,7,5,6,3,4,3.441,7,7,6,0,0.006,1,1,1,7,3,2,2,5,0,53.57,6.033,6,7,4.499,5.661,5,1
1.813,3,3,0.0,6,1,5,6,2,1,5,1.079,0,1,3,6,7,5,3,-0.517,7,4,0,0,1.979,7,0,6,6,4,2,0,5,7,0.0,1.781,1,1,2.495,3.415,5,0
0.687,6,2,0.0,7,3,2,6,2,0,1,0.119,0,0,3,4,0,2,3,1.039,0,6,0,0,1.257,4,0,5,6,7,3,1,4,7,0.0,-0.027,4,0,0.801,3.521,0,0
1.834,1,2,0.0,3,3,6,3,4,1,5,1.162,0,4,5,1,0,0,3,2.171,5,4,3,0,-0.031,0,0,5,2,3,2,0,0,2,0.0,3.332,0,7,1.989,1.605,6,0
1.671,5,3,0.0,7,2,2,6,0,0,0,0.996,0,3,0,7,5,6,4,1.347,3,1,1,2,1.206,5,0,4,4,6,7,2,0,6,0.0,-0.737,0,5,1.284,2.777,0,0
1.245,5,0,0.0,5,4,5,6,7,1,5,1.406,0,1,3,1,2,6,7,1.51,2,7,7,3,-0.412,6,0,7,6,4,4,6,6,3,0.0,1.894,3,3,1.134,0.14,1,0
0.648,4,5,0.0,2,2,5,1,7,0,4,-0.33,0,2,0,6,3,6,1,4.415,6,7,3,0,0.592,7,0,7,4,6,0,0,1,7,0.0,-0.167,2,2,0.865,2.395,1,0
1.736,1,7,0.0,4,2,6,5,6,0,0,0.83,0,5,0,4,6,1,3,-0.3,4,6,0,7,-1.268,1,0,7,6,3,5,7,7,1,0.0,-0.697,1,4,1.497,0.319,0,0
3.646,2,0,35272.46,0,7,7,0,4,1,3,0.416,1,6,2,4,7,7,3,4.285,4,4,5,2,0.479,1,1,6,5,7,3,4,1,7,0.0,2.423,3,5,3.773,5.252,7,1
6.435,2,0,3075.17,3,0,3,0,4,1,2,3.446,1,1,4,3,4,2,5,4.122,4,1,4,7,0.361,3,1,6,6,5,2,1,4,2,0.0,4.753,6,4,5.994,6.009,2,1
0.271,3,7,0.0,1,2,6,6,3,0,1,-0.627,0,1,1,0,2,0,1,4.482,7,3,1,2,-0.821,4,0,0,0,4,7,2,3,1,0.0,-0.558,2,0,0.103,1.784,3,0
2.416,7,5,0.0,6,7,1,6,1,0,0,0.726,0,2,5,5,0,6,3,1.01,6,7,5,6,-0.525,6,0,2,2,0,3,3,7,7,0.0,0.625,0,1,1.648,-0.784,1,0
0.245,3,1,0.0,7,6,1,3,6,0,5,-0.601,0,5,6,4,4,3,6,0.638,7,1,3,3,0.22,1,0,7,0,2,3,7,1,2,0.0,-1.562,5,0,0.427,0.04,2,0
3.125,5,4,0.0,4,5,4,5,2,0,2,-0.381,1,6,1,6,3,5,4,4.74,3,6,3,2,1.809,5,0,5,3,2,1,3,0,7,0.0,3.152,4,4,2.738,2.152,3,0
3.694,2,2,35139.58,4,1,5,0,3,1,5,3.406,0,5,1,2,4,2,7,4.219,7,7,4,7,0.481,7,1,1,4,6,6,0,0,4,0.0,1.911,6,0,3.97,2.133,5,1
2.194,0,0,0.0,6,4,0,7,3,0,2,1.509,0,4,0,7,5,2,2,4.603,5,5,0,3,-0.401,3,0,6,2,4,3,6,4,7,0.0,1.958,1,1,2.065,0.639,1,0
1.107,1,1,0.0,2,1,1,5,3,0,5,0.08,0,1,0,5,3,4,1,0.323,1,6,6,5,0.616,0,0,7,2,0,7,1,3,3,0.0,1.294,5,7,0.905,2.038,7,0
0.478,7,0,0.0,5,6,5,5,1,0,7,0.938,0,6,6,6,4,5,6,1.7,0,6,0,0,0.979,0,0,0,5,2,6,3,5,5,0.0,-0.448,1,1,0.424,3.444,5,0
1.823,4,5,0.0,2,4,6,2,6,1,5,-1.445,0,7,1,2,5,3,1,0.805,1,2,7,3,-1.052,1,0,4,6,3,7,7,4,3,0.0,3.677,3,4,2.064,2.751,0,0
0.245,0,1,0.0,3,5,0,0,5,0,7,-0.473,0,4,4,0,5,2,7,0.738,0,1,5,2,0.547,2,0,4,1,7,0,2,7,1,0.0,1.97,5,4,1.308,-1.42,6,0
0.204,7,1,0.0,1,2,3,1,1,0,7,0.968,0,7,5,2,1,0,6,0.732,0,3,4,2,0.027,5,0,6,0,2,7,5,0,0,0.0,1.71,1,7,-0.167,1.38,2,0
0.573,5,7,0.0,1,7,1,2,2,0,6,-0.411,0,7,6,0,2,3,4,-1.15,0,3,2,4,0.788,4,0,6,7,2,2,3,3,6,0.0,0.797,6,3,0.662,-0.157,6,0
1.635,4,2,0.0,6,6,7,1,7,1,7,-0.476,0,5,6,4,5,2,7,0.641,6,1,2,0,-0.688,3,0,7,3,3,4,4,2,2,0.0,-0.303,3,1,2.477,1.329,2,0
0.147,5,6,0.0,6,1,6,1,3,0,6,-0.728,0,1,0,3,6,2,5,3.983,7,2,4,7,1.174,3,0,0,1,7,3,7,4,0,0.0,0.139,3,1,0.734,-0.823,4,0
1.887,3,0,0.0,5,1,1,3,1,0,3,0.148,0,4,0,1,5,7,4,0.3,7,1,5,3,1.802,1,0,0,7,7,6,1,5,1,0.0,1.818,4,3,1.505,0.416,2,0
2.591,2,1,0.0,5,5,3,6,0,0,5,-0.841,0,4,7,6,3,1,4,4.646,5,3,5,1,1.248,0,0,6,3,3,6,6,2,3,0.0,1.114,5,0,1.876,3.455,5,0
1.28,7,1,0.0,7,0,4,6,2,0,6,-0.223,0,7,6,2,1,4,6,-2.288,2,6,0,4,-0.329,5,0,4,6,0,7,0,4,7,0.0,-0.235,2,6,0.22,1.677,7,0
1.663,7,0,0.0,3,6,5,1,7,0,5,1.113,0,2,2,1,7,1,0,3.583,4,1,2,0,-1.869,0,0,3,3,7,4,6,3,1,0.0,1.683,5,4,1.664,0.162,5,0
2.282,4,2,0.0,7,5,7,2,1,0,7,-1.308,0,1,6,6,2,2,6,1.497,2,4,3,4,2.059,6,0,7,3,0,0,5,2,0,0.0,2.99,0,7,2.441,1.004,0,0
1.874,7,5,0.0,6,4,1,1,5,1,0,0.591,0,1,3,0,7,4,5,-0.568,2,3,4,7,-0.601,0,0,3,5,5,4,5,7,6,0.0,2.167,3,2,2.586,1.484,1,0
1.508,6,1,0.0,7,0,2,4,5,0,0,0.987,0,7,4,5,6,2,1,0.342,7,0,0,3,-1.448,2,0,4,4,4,1,4,1,6,0.0,2.184,6,0,0.693,-0.558,2,0
1.287,4,5,0.0,3,0,7,2,7,0,0,-1.13,0,5,4,3,4,3,4,-1.825,0,7,5,4,0.119,3,0,4,7,3,6,4,2,0,0.0,0.79,5,3,0.505,1.083,3,0
1.564,3,4,0.0,3,1,7,3,6,0,2,0.964,0,6,5,4,0,4,0,4.33,5,4,7,3,1.077,4,0,5,4,3,1,0,2,0,0.0,2.144,2,5,2.012,2.0,7,0
0.539,7,3,0.0,2,0,6,4,1,0,5,0.9,0,5,1,7,2,0,1,1.883,4,3,1,0,-0.231,0,0,4,5,0,3,3,3,5,0.0,1.097,1,4,0.075,2.124,7,0
1.343,4,0,0.0,2,2,3,0,5,0,5,-1.02,0,0,2,5,4,3,4,-1.049,7,6,3,4,0.958,4,0,6,2,0,3,0,2,5,0.0,1.046,0,7,1.272,6.055,6,0
2.978,7,4,0.0,5,2,2,7,6,1,2,-0.513,0,4,4,3,5,3,0,5.514,2,4,7,0,-0.162,4,0,6,0,1,6,4,2,6,0.0,4.464,6,2,3.275,1.665,0,0
0.566,2,6,0.0,6,5,5,7,4,0,6,-0.644,0,6,4,1,3,1,2,2.801,5,4,6,6,0.087,2,0,0,2,5,3,5,5,7,0.0,0.676,1,1,0.929,0.426,1,0
1.007,6,6,0.0,1,7,4,3,0,0,6,-2.012,0,7,4,6,6,1,2,0.846,1,5,1,0,0.292,4,0,6,7,4,7,2,5,0,0.0,0.608,1,7,0.9,2.14,5,0
1.245,3,2,0.0,4,7,5,1,7,0,4,0.835,0,4,0,6,6,4,2,1.139,7,7,0,7,-1.995,6,0,0,4,2,6,3,0,4,0.0,2.082,4,5,0.619,1.79,5,0
1.348,2,2,0.0,3,1,3,7,3,1,4,-0.177,0,2,3,7,4,2,5,1.601,2,3,4,7,0.668,0,0,0,6,2,5,4,7,3,0.0,1.277,4,0,2.245,2.708,4,0
1.661,4,3,0.0,6,0,6,2,1,0,2,0.192,0,0,5,0,5,4,2,-0.152,3,5,1,6,-0.978,0,0,1,4,6,6,3,7,4,0.0,2.156,6,0,0.968,-2.137,0,0
2.952,5,1,11839.36,4,0,2,0,7,1,2,0.931,1,2,7,3,4,1,2,5.177,5,4,1,4,0.739,1,1,4,3,4,4,1,5,6,0.0,5.745,7,7,3.839,4.345,1,1
1.384,0,4,0.0,4,6,2,5,6,0,6,0.588,0,6,0,1,7,4,0,1.377,7,7,6,7,0.034,2,0,0,3,2,1,0,1,5,0.0,2.254,0,4,0.527,0.638,5,0
1.676,5,1,0.0,1,0,7,2,2,0,0,-0.031,0,7,7,3,5,3,0,0.18,0,4,0,5,0.009,1,0,2,1,1,4,6,4,1,0.0,1.854,6,7,1.35,0.719,6,0
4.57,4,3,0.0,1,7,1,1,2,1,2,0.758,1,0,3,3,4,4,0,2.376,5,4,7,4,-0.447,2,1,3,4,3,7,4,5,1,35.59,4.505,2,3,4.603,4.98,1,1
1.3,7,4,0.0,5,0,3,5,5,0,5,-0.147,0,0,7,5,6,5,0,-0.654,4,5,0,7,1.716,6,0,4,7,5,2,0,5,3,0.0,0.235,2,6,1.327,1.411,0,0
1.737,6,2,0.0,1,7,1,2,1,0,7,0.588,0,2,1,0,3,5,6,1.322,3,5,1,2,0.521,0,0,1,5,4,2,7,1,0,0.0,1.215,3,2,0.814,-1.644,4,0
1.101,4,0,0.0,7,2,2,2,4,0,4,-1.64,0,6,4,1,1,1,3,0.924,2,6,5,5,0.743,6,0,5,3,6,3,1,2,0,0.0,1.552,3,4,1.086,1.777,5,0
1.88,2,7,0.0,4,6,1,5,1,0,5,-0.786,0,7,6,7,5,6,1,-0.297,6,7,6,7,-0.008,3,0,4,1,5,4,0,7,3,0.0,0.238,1,4,0.549,0.214,6,0
1.856,5,4,0.0,1,7,2,4,1,0,2,-0.49,0,3,6,1,4,5,0,-2.682,4,1,4,4,0.807,5,0,3,4,2,7,4,7,0,0.0,1.449,3,2,1.945,1.912,5,0
1.317,6,0,0.0,0,3,1,7,3,0,2,0.016,0,2,5,1,6,7,7,1.253,7,3,1,1,-0.408,3,0,5,1,5,3,2,3,1,0.0,-0.144,2,0,1.311,2.354,4,0
1.301,3,7,0.0,1,2,2,6,1,0,4,-0.122,0,3,5,4,4,2,6,-1.223,1,2,2,0,0.293,0,0,3,6,0,2,2,6,2,0.0,2.244,7,5,1.382,0.569,6,0
3.851,6,2,24015.75,0,1,6,3,7,1,6,1.846,1,6,4,3,4,5,4,6.337,1,6,0,5,1.234,4,1,7,4,6,6,2,2,1,46.71,2.884,7,2,3.76,5.106,5,1
0.681,7,7,0.0,6,2,6,7,3,0,1,1.084,0,1,6,3,0,3,1,3.895,6,1,3,4,-0.266,1,0,6,2,3,0,6,1,2,0.0,-0.235,2,2,1.36,0.51,2,0
4.445,4,0,21103.01,1,4,0,2,1,1,5,1.574,1,2,4,1,3,3,5,6.369,5,3,2,1,1.27,2,1,3,1,3,3,7,7,2,0.0,5.936,7,2,5.5,8.966,5,1
0.609,2,5,0.0,4,5,7,1,3,0,2,0.498,0,1,1,6,0,4,3,6.914,4,5,2,4,0.495,7,0,0,6,0,5,3,2,2,0.0,-0.99,7,5,0.727,0.798,5,0
0.071,5,6,0.0,6,3,7,6,0,0,2,-0.732,0,1,4,3,7,2,7,3.125,3,7,2,5,-0.005,5,0,2,4,4,2,4,3,5,0.0,1.31,5,0,0.668,-0.43,0,0
4.83,2,4,524.49,2,7,6,1,4,1,3,2.162,1,0,7,2,0,7,0,7.373,0,1,5,4,-0.736,1,1,0,4,5,5,7,3,1,0.0,4.366,0,5,5.344,5.927,0,1
0.782,5,4,0.0,4,2,5,5,3,0,5,-0.201,0,2,1,0,5,4,7,-0.709,2,2,5,7,0.991,3,0,1,6,2,2,5,3,6,0.0,1.269,0,2,0.666,-0.545,2,0
3.094,6,0,23773.83,6,0,0,7,5,1,5,0.424,1,5,0,3,6,4,6,0.706,5,3,2,7,0.248,7,1,7,7,2,1,0,0,4,0.0,4.483,6,7,3.093,5.338,7,1
2.152,7,6,0.0,5,6,0,5,7,0,4,2.281,0,1,7,2,3,3,5,-1.922,2,1,2,7,-2.098,5,0,0,5,4,2,1,3,3,0.0,0.68,0,4,1.528,1.661,3,0
3.722,6,4,25327.33,5,7,1,5,7,1,3,2.334,1,4,3,7,2,4,0,2.809,0,4,0,2,0.292,3,1,0,3,5,3,2,5,1,0.0,3.737,7,7,3.789,0.836,7,1
1.135,4,2,0.0,3,7,4,3,1,0,0,-0.85,0,7,0,7,1,0,7,1.443,0,7,2,3,-0.325,5,0,0,4,7,5,7,0,5,0.0,2.312,6,6,1.707,2.802,5,0
0.683,6,3,0.0,1,4,4,2,1,0,0,2.657,0,1,1,2,2,6,2,-1.468,7,1,3,1,-0.529,1,0,6,0,0,5,7,2,6,0.0,-0.107,3,7,1.098,0.479,5,0
1.517,5,3,0.0,3,4,5,3,6,0,3,0.208,0,1,1,1,2,6,5,3.602,4,0,6,7,-0.231,0,0,7,7,5,7,3,3,6,0.0,0.553,7,0,1.13,2.417,0,0
0.333,1,5,0.0,5,4,2,1,1,0,6,-0.087,0,4,1,0,6,3,0,5.361,7,5,4,1,0.349,5,0,1,3,5,1,1,0,6,0.0,-0.186,1,2,1.313,-0.245,4,0
0.507,4,1,0.0,4,6,5,6,4,0,2,-0.642,0,0,0,6,6,2,6,3.386,2,1,6,3,-0.478,5,0,1,2,6,4,6,0,1,0.0,0.2,2,2,0.989,-2.412,1,0
3.33,2,0,37722.93,1,3,4,5,6,1,7,0.873,1,5,5,3,6,5,3,3.498,5,6,7,3,1.511,1,1,2,6,6,4,2,6,5,0.0,3.884,7,7,3.388,1.626,0,1
1.833,7,6,0.0,6,4,5,2,2,1,3,0.82,0,1,3,1,3,1,2,-1.424,6,1,7,3,-1.318,5,0,2,1,1,5,5,2,6,0.0,1.032,6,2,1.921,0.737,0,0
2.709,1,6,0.0,1,5,0,0,0,0,4,1.053,0,3,7,3,1,6,1,-0.319,7,0,3,3,-1.581,7,1,2,6,7,0,2,1,4,0.0,3.383,1,4,3.003,3.51,3,0
0.388,0,7,0.0,3,0,1,7,7,0,0,0.079,0,7,2,5,1,6,5,-0.06,4,7,3,5,1.171,5,0,3,2,7,0,3,2,4,0.0,-0.928,1,5,0.064,-0.667,5,0
1.195,2,2,0.0,6,5,6,7,0,0,2,0.051,0,6,4,2,0,1,4,-1.96,2,5,7,0,-0.793,3,0,2,5,7,5,2,3,5,0.0,2.051,3,3,1.845,1.159,7,0
8.036,7,1,35920.73,2,1,7,2,2,1,2,0.628,1,2,0,5,4,4,4,6.681,7,5,6,6,-0.388,4,1,7,4,5,7,6,1,2,0.0,8.873,6,1,8.82,6.976,6,1
1.06,0,4,0.0,0,5,4,4,5,0,4,-1.341,0,0,7,6,3,6,2,2.391,7,3,5,7,-1.074,1,0,2,5,6,0,0,4,7,0.0,3.432,2,0,2.255,-0.517,4,0
0.319,2,7,0.0,2,7,2,2,5,0,6,0.834,0,5,5,7,0,6,6,-0.334,3,5,7,4,-0.236,4,0,0,5,6,3,3,3,0,0.0,0.323,3,1,1.037,-1.023,7,0
1.916,6,5,0.0,0,3,3,2,6,0,5,1.837,0,3,4,7,6,1,2,3.648,2,6,5,4,-0.893,7,0,6,0,2,4,0,6,2,0.0,1.165,5,1,1.345,2.434,3,0
1.225,3,6,0.0,3,0,2,1,0,0,2,1.435,0,4,4,7,3,2,2,0.195,7,1,4,1,-1.117,1,0,1,0,1,1,4,6,7,0.0,2.28,6,1,1.955,3.987,0,0
2.282,5,4,0.0,1,4,0,7,5,0,2,1.658,0,4,5,3,7,5,7,2.387,1,1,3,2,-0.538,0,0,3,0,7,6,4,7,6,0.0,2.859,2,2,1.627,0.478,1,0
1.545,2,4,0.0,4,5,0,7,1,0,7,-0.251,0,2,5,1,5,2,2,0.132,3,3,6,3,-1.675,4,0,1,0,1,7,4,4,5,0.0,0.331,2,4,0.7,0.748,1,0
3.264,1,4,37812.85,1,4,1,1,4,1,6,2.08,1,1,7,3,7,6,3,3.759,1,5,3,1,-0.293,1,1,3,6,2,2,6,3,6,0.0,3.933,4,5,3.755,5.329,0,1
1.314,1,3,0.0,5,2,0,2,0,0,4,-0.963,0,4,5,5,5,4,5,4.684,4,1,0,4,0.383,0,0,2,4,5,3,0,4,4,0.0,2.498,1,7,1.121,1.267,7,0
0.593,3,6,0.0,5,2,3,4,0,0,7,-0.058,0,3,0,3,4,6,6,1.423,7,0,7,5,1.55,2,0,1,1,4,6,4,0,6,0.0,1.008,0,3,0.691,1.69,0,0
0.744,2,6,0.0,3,3,0,0,2,0,3,0.226,0,2,6,2,7,1,3,1.647,6,2,3,1,-1.728,6,0,1,6,6,2,5,6,3,0.0,-1.57,2,6,1.742,4.371,3,0
2.503,7,1,0.0,3,3,0,6,3,1,5,2.402,0,0,1,4,2,2,7,3.918,7,7,1,2,-1.469,7,1,6,0,5,6,0,7,5,0.0,2.456,4,0,2.017,0.161,5,1
-0.419,1,7,0.0,6,4,3,5,3,0,6,1.101,0,0,0,3,3,5,4,3.92,4,6,2,3,0.908,3,0,3,4,5,0,1,5,7,0.0,0.924,5,6,0.58,2.197,5,0
2.903,4,7,0.0,3,7,0,1,5,1,7,0.787,0,0,2,7,3,5,4,-0.811,5,0,2,1,-0.995,7,0,3,0,0,6,1,0,5,0.0,2.84,1,0,2.349,5.079,4,0
1.067,7,1,0.0,1,2,7,0,3,1,2,-1.451,0,0,0,2,3,4,4,3.589,2,2,7,7,0.456,6,0,6,0,5,1,4,3,3,0.0,2.238,7,4,0.464,-1.94,4,0
1.778,4,0,0.0,5,0,2,1,5,0,6,-0.496,0,7,0,6,5,4,4,2.66,0,6,6,6,1.307,2,0,2,1,3,2,1,7,0,0.0,3.059,5,5,1.128,0.374,6,0
1.885,3,1,0.0,2,0,5,5,4,0,1,-0.22,0,5,1,5,7,6,3,0.885,5,5,4,1,0.175,1,0,7,4,7,0,2,6,5,0.0,2.001,6,5,0.637,-0.615,6,0
0.857,7,1,0.0,5,0,2,0,0,0,3,-0.712,0,1,0,0,5,4,4,1.468,1,0,6,1,1.285,2,0,5,6,5,4,1,5,5,0.0,-1.245,4,3,1.01,2.865,1,0
3.882,5,5,0.0,0,0,4,7,6,1,5,0.597,1,7,0,5,2,6,1,2.689,4,2,0,5,1.847,4,1,7,0,5,6,4,0,1,0.0,4.518,2,6,4.212,3.349,3,1
2.65,5,4,0.0,7,6,7,1,4,1,0,-1.018,0,0,5,3,3,0,7,3.066,6,0,7,0,1.638,4,0,0,6,3,5,4,6,5,0.0,3.103,5,1,3.394,5.26,1,0
0.659,2,6,0.0,0,3,2,6,4,0,0,-0.013,0,0,1,4,4,7,0,1.634,2,1,2,5,0.685,0,0,4,1,1,4,3,2,7,0.0,1.287,7,1,1.143,2.537,5,0
-0.544,7,6,0.0,0,4,4,7,4,0,3,-0.169,0,6,4,5,2,1,6,-4.158,3,3,1,1,0.288,7,0,3,7,0,6,2,3,4,0.0,0.938,5,2,-0.164,1.055,3,0
1.722,7,1,0.0,7,3,6,4,3,0,2,1.285,0,6,1,1,1,0,1,3.484,0,6,0,4,-0.241,0,0,4,5,3,2,4,2,4,0.0,0.018,3,7,0.634,1.408,4,0
1.641,3,1,0.0,2,7,2,2,5,1,7,-0.295,0,1,7,5,4,3,1,2.453,6,1,1,0,-1.454,0,0,2,1,3,0,6,4,6,0.0,2.243,3,0,1.594,1.477,1,0
0.925,1,6,0.0,3,2,4,2,3,0,7,0.695,0,1,1,1,6,4,1,2.424,1,0,0,5,-0.17,3,0,0,1,0,6,0,5,2,0.0,2.932,4,7,0.856,2.588,4,0
2.229,2,3,0.0,2,2,4,1,2,1,5,-2.284,0,5,7,1,4,5,2,0.383,6,3,6,3,0.825,5,0,2,2,2,5,2,6,1,0.0,2.913,3,6,2.58,2.055,6,0
3.835,3,3,0.0,1,2,1,5,7,1,1,2.54,1,3,3,0,7,5,0,6.904,2,5,6,0,0.481,5,1,0,3,7,2,5,1,2,0.0,3.511,2,1,3.415,2.877,3,1
3.465,4,1,9184.28,4,2,5,6,0,1,2,0.813,1,4,7,7,7,5,5,4.399,1,4,6,4,-2.249,6,1,4,6,6,2,5,7,0,0.0,5.116,2,7,3.878,5.087,7,1
1.197,2,2,0.0,2,6,5,7,4,0,1,0.49,0,2,6,7,2,1,0,-0.025,1,2,4,4,-0.615,5,0,0,6,5,5,0,3,6,0.0,-0.41,1,1,0.975,0.233,3,0
2.575,4,4,0.0,7,6,1,5,4,0,2,0.851,0,5,2,7,3,3,5,4.021,0,6,4,5,1.342,1,0,4,2,6,3,1,4,4,0.0,0.909,5,7,1.555,2.717,1,0
4.663,1,4,11019.24,5,5,2,3,6,1,0,-0.034,1,1,0,7,1,7,1,1.688,1,0,5,6,-0.562,3,1,1,0,5,1,0,6,1,0.0,4.799,6,0,4.138,3.284,2,1
2.774,5,3,0.0,6,2,2,6,5,0,6,0.23,0,1,4,1,3,1,3,0.89,5,7,3,7,-0.667,0,0,0,6,3,5,6,4,7,0.0,1.535,4,6,1.611,1.738,4,0
2.537,2,6,40570.05,7,4,1,2,3,1,4,1.612,0,1,7,0,0,4,6,1.69,6,3,3,2,0.43,2,1,7,2,0,1,3,4,5,0.0,3.177,6,4,2.61,3.194,2,1
-0.129,5,4,0.0,1,0,4,5,6,0,4,1.492,0,3,2,1,2,2,6,-1.468,2,7,6,7,-1.463,1,0,6,4,0,6,4,6,2,0.0,-0.418,6,3,0.271,0.388,3,0
3.719,2,3,9552.11,5,1,1,3,4,1,6,1.2,1,0,3,4,5,1,4,10.956,2,7,0,7,1.491,3,1,1,3,2,3,7,6,1,51.97,4.848,0,0,4.391,5.255,7,1
0.391,0,7,0.0,4,3,6,1,3,0,7,-1.003,0,2,3,3,5,6,4,2.066,4,0,7,2,0.1,7,0,6,3,7,5,7,0,6,0.0,0.562,4,3,0.737,0.646,6,0
1.069,0,6,0.0,5,6,4,3,4,0,6,0.688,0,1,4,7,2,1,7,1.08,2,5,3,7,-1.363,3,0,5,7,5,3,3,2,0,0.0,0.366,0,4,1.209,1.339,7,0
1.459,7,7,0.0,4,0,6,3,3,0,2,-0.046,0,0,5,0,2,7,2,0.242,1,7,7,6,-0.381,3,0,2,0,0,1,7,6,1,0.0,0.15,7,7,1.507,4.287,3,0
2.01,6,5,0.0,3,7,6,5,2,0,3,0.063,0,3,2,1,0,2,1,2.569,1,2,7,5,-0.276,7,0,0,1,2,0,7,5,0,0.0,1.681,0,0,2.356,1.403,4,0
1.452,7,7,0.0,5,3,0,4,4,0,1,-0.089,0,0,5,6,0,5,5,3.87,5,5,2,0,-0.472,4,0,5,3,3,3,4,0,2,0.0,0.215,5,4,1.36,6.316,2,0
2.88,4,3,24203.9,5,2,6,6,4,1,3,1.562,1,7,0,1,7,2,7,-1.598,0,1,3,1,0.376,7,1,4,7,2,1,1,1,1,0.0,2.575,6,6,3.309,3.957,6,1
1.707,3,3,0.0,1,3,6,4,3,0,2,0.69,1,7,3,0,3,3,1,-0.687,3,0,5,4,-0.362,0,0,5,0,2,5,5,0,7,0.0,0.902,2,7,1.366,2.566,4,0
-0.291,0,5,0.0,0,0,1,4,3,0,2,0.761,0,6,4,6,2,1,5,-2.885,7,6,0,6,0.609,2,0,6,1,0,0,7,1,4,0.0,1.258,1,1,0.554,1.235,3,0
0.728,3,5,0.0,7,1,2,2,6,0,3,-1.293,0,4,2,6,2,3,3,2.494,0,6,2,0,-0.094,5,0,0,4,2,6,1,7,4,0.0,2.727,1,6,0.696,1.249,7,0
0.259,1,0,0.0,0,6,7,2,1,0,7,0.326,0,5,7,7,1,7,2,0.7,3,1,0,2,1.759,2,0,7,1,1,5,3,6,4,0.0,0.913,6,3,1.224,2.231,7,0
0.414,7,5,0.0,7,1,3,4,4,0,6,-0.531,0,4,7,5,2,4,4,0.954,3,2,3,4,-0.285,2,0,6,2,5,6,1,5,6,0.0,1.921,0,2,1.152,1.382,3,0
1.385,3,4,0.0,5,0,2,2,2,0,6,1.507,0,1,6,4,7,7,4,-1.549,2,5,0,2,1.006,6,0,2,2,5,6,5,1,0,0.0,4.004,4,0,1.574,0.49,4,0
1.989,1,5,24575.14,1,5,2,0,6,1,7,1.543,1,1,7,1,2,7,1,5.412,4,2,7,3,0.152,7,1,0,2,4,5,3,2,0,15.0,2.581,5,7,3.271,5.073,6,1
0.953,6,2,0.0,2,3,4,2,0,0,2,0.239,0,6,1,1,7,5,0,3.545,7,4,3,4,-0.039,6,0,4,3,3,5,3,2,0,0.0,-0.064,7,2,1.076,1.425,4,0
0.454,1,4,0.0,3,7,6,0,1,0,1,-1.188,0,3,0,6,6,4,0,-3.052,7,5,3,7,0.161,1,0,3,0,2,7,6,3,3,0.0,0.894,2,3,0.588,-0.855,7,0
3.953,5,6,0.0,0,6,1,4,4,1,3,2.444,1,5,2,3,1,5,2,3.617,7,2,2,5,1.283,4,1,3,4,1,1,1,1,1,0.0,5.844,6,6,4.266,3.693,5,1
3.158,5,6,34659.62,7,3,0,2,4,1,5,2.791,1,3,5,0,2,1,4,2.258,5,0,5,5,0.472,0,1,3,1,6,1,5,4,1,52.58,1.361,1,4,3.324,6.1,4,1
0.532,6,6,0.0,4,0,3,5,5,0,7,0.583,0,4,4,0,3,3,4,1.053,4,6,1,7,0.999,7,0,1,6,1,1,2,0,7,0.0,1.14,4,1,0.675,2.064,7,0
2.423,4,7,41922.48,3,2,2,0,7,1,5,1.136,1,7,3,7,2,0,5,7.68,7,7,2,3,0.879,1,1,3,0,4,4,0,3,6,0.0,3.228,5,3,2.396,3.292,3,1
2.886,5,5,1237.77,3,7,3,2,3,1,0,-0.139,0,5,2,6,3,3,3,-1.675,1,3,5,1,-0.108,6,1,6,2,4,4,4,3,4,20.23,2.838,2,4,2.736,5.872,4,1
1.104,4,2,0.0,7,2,7,4,1,0,4,0.699,0,4,7,0,6,4,5,-1.451,2,1,0,6,0.708,5,0,1,2,3,6,5,0,6,0.0,0.688,5,3,0.727,1.394,1,0
1.892,5,3,0.0,2,6,1,6,4,0,5,0.866,0,0,7,7,2,2,5,0.731,6,3,0,2,-0.388,2,0,1,3,0,0,4,2,7,0.0,3.196,5,3,1.927,0.065,0,0
1.115,4,7,0.0,6,2,2,3,7,0,3,-0.298,0,1,4,0,0,3,1,-0.467,1,7,6,2,-0.906,7,0,3,3,0,1,4,4,2,0.0,2.048,2,3,1.299,-0.049,3,0
4.473,0,0,30721.13,5,0,7,2,1,1,3,2.398,1,2,5,2,3,3,4,3.047,4,6,6,7,-0.59,1,1,7,6,2,7,3,2,7,0.0,3.96,3,6,4.277,3.276,6,1
2.75,0,0,0.0,2,3,1,3,1,1,4,-0.511,0,6,7,6,4,1,3,0.731,7,0,3,4,-1.596,3,0,5,6,5,5,2,5,4,0.0,2.532,7,3,2.677,-0.596,1,0
-0.164,5,0,0.0,5,6,3,2,3,0,3,-1.829,0,5,0,5,7,4,0,-1.519,5,5,1,2,0.122,1,0,7,5,3,0,6,7,4,0.0,0.665,5,6,0.463,-0.068,5,0
2.979,5,2,39378.58,2,1,3,3,4,1,5,0.603,0,7,1,1,7,1,4,1.844,6,7,7,2,0.768,5,1,7,1,6,4,3,1,2,0.0,4.49,0,0,3.318,1.887,4,1
0.978,2,4,0.0,1,5,7,0,5,0,6,-2.49,0,1,7,2,7,3,2,2.211,3,4,3,4,1.325,3,0,2,3,7,3,2,7,4,0.0,1.212,4,4,1.462,-1.762,2,0
1.045,5,2,0.0,5,1,5,2,6,0,4,0.633,0,7,6,4,3,3,2,0.496,2,7,3,1,-0.259,2,0,6,0,3,6,2,2,3,0.0,0.47,5,3,1.194,-0.59,2,0
0.923,3,0,0.0,2,2,2,3,5,0,0,0.069,0,4,6,7,3,5,7,0.393,3,0,2,7,1.905,3,0,1,5,3,5,7,0,4,0.0,2.182,6,7,1.522,3.558,6,0
1.473,1,2,0.0,6,0,3,6,5,0,3,0.965,0,2,7,3,1,7,3,-0.355,1,2,1,3,0.485,0,0,5,4,1,3,2,5,1,0.0,3.646,1,0,1.914,3.559,2,0
0.414,0,6,0.0,2,1,1,5,7,0,1,0.372,0,0,6,0,2,7,7,1.208,2,5,4,6,0.293,1,0,2,0,1,6,6,3,0,0.0,-0.434,6,7,1.118,1.287,4,0
1.126,1,4,0.0,3,2,4,3,3,0,7,0.134,0,5,1,2,3,5,7,1.482,6,1,4,4,0.128,7,0,2,7,2,5,3,3,7,0.0,2.102,6,5,1.498,1.148,1,0
0.642,5,2,0.0,4,7,5,3,0,0,6,0.695,0,2,7,5,5,7,1,-0.983,6,1,3,2,0.124,6,0,0,2,1,6,0,5,6,0.0,0.998,3,5,0.809,1.068,3,0
3.969,3,4,14511.75,6,6,0,7,1,1,1,0.734,0,5,5,2,0,7,1,2.489,0,0,2,4,0.007,7,1,3,5,4,2,7,7,2,0.0,2.023,2,5,2.894,3.306,5,1
3.044,1,0,0.0,2,3,2,6,3,1,2,2.585,0,0,1,6,4,4,3,1.614,5,1,1,4,1.661,0,1,2,6,1,3,0,7,4,0.0,4.615,7,6,3.283,6.497,1,1
1.658,5,6,0.0,7,0,6,4,3,0,1,-1.312,0,4,6,4,7,3,0,-3.362,4,4,6,5,0.553,4,0,2,2,3,2,1,3,5,0.0,1.126,7,3,0.04,-1.199,6,0
4.257,4,7,0.0,4,3,5,7,3,1,7,1.927,1,0,1,0,3,7,7,3.709,2,4,1,0,1.908,5,1,1,2,1,2,6,3,3,0.0,3.69,7,3,4.222,3.184,0,1
2.152,2,1,0.0,2,1,7,6,1,0,7,-0.038,0,1,6,5,6,4,3,2.92,1,6,0,3,1.96,3,1,4,7,4,6,2,3,5,0.0,1.771,3,6,2.526,2.096,7,0
3.107,2,3,19186.09,1,5,3,4,3,1,3,2.366,0,1,2,3,6,0,2,4.698,3,0,1,4,0.565,5,1,1,7,0,3,2,3,2,0.0,1.004,0,1,2.396,1.432,3,1
0.873,6,3,0.0,3,3,3,3,7,0,4,2.036,0,0,4,3,4,3,7,1.46,5,6,6,6,0.721,3,0,7,2,5,0,7,7,6,0.0,-1.413,1,7,0.7,1.379,6,0
1.572,7,6,0.0,4,5,0,1,5,1,4,0.934,0,3,6,1,4,1,6,5.896,1,4,1,3,-0.994,6,0,2,5,3,4,0,7,5,0.0,3.107,5,3,2.58,3.403,2,0
1.345,0,5,0.0,1,3,0,0,1,0,6,-0.529,0,0,7,7,1,1,3,-0.314,1,1,2,1,-0.4,4,0,2,4,0,6,0,0,6,0.0,2.76,7,3,1.187,-0.655,1,0
2.981,1,3,14039.18,4,4,4,0,3,1,1,1.652,0,7,1,4,7,2,0,6.976,5,3,7,2,0.286,1,1,7,5,7,6,6,3,0,0.0,3.418,1,1,2.918,2.982,4,1
1.396,3,1,0.0,0,6,3,4,7,0,2,-0.951,0,2,4,5,2,4,7,-0.007,6,6,6,2,-0.968,7,0,2,0,4,3,3,5,6,0.0,1.089,4,6,1.468,-0.358,3,0
0.863,6,7,0.0,2,3,0,5,7,0,0,-1.861,0,7,2,1,1,3,5,-2.862,5,7,7,4,-0.873,5,0,1,2,0,7,4,6,4,0.0,-0.022,4,7,0.421,0.855,3,0
1.902,2,7,0.0,6,4,2,1,5,1,3,0.004,0,4,2,2,2,2,2,1.492,1,4,0,4,2.146,4,0,6,3,3,5,4,3,7,0.0,5.401,3,0,2.52,2.803,0,0
2.945,1,5,0.0,6,4,3,0,4,1,5,0.552,0,7,6,1,5,1,4,1.989,1,7,1,0,0.161,4,0,6,5,0,4,0,6,4,0.0,2.961,4,3,2.378,3.392,5,0
2.299,7,1,0.0,4,7,1,1,2,1,4,-0.649,0,2,6,3,5,4,6,3.448,0,4,4,1,-1.596,6,0,4,2,1,7,2,7,0,0.0,0.45,1,7,1.816,-0.307,5,0
1.941,5,6,0.0,1,4,3,3,7,0,6,0.776,0,2,4,0,4,4,4,2.724,0,6,3,0,0.041,7,0,0,7,5,1,1,3,1,0.0,2.724,3,3,1.321,3.199,7,0
4.585,0,0,35004.63,4,6,3,7,0,1,3,2.452,1,4,7,7,7,3,7,1.034,3,6,0,0,0.278,4,1,5,5,2,2,7,1,6,0.0,4.854,1,6,4.674,4.023,2,1
1.381,6,4,0.0,1,2,4,4,6,0,7,-0.148,0,0,4,2,4,1,6,2.379,0,6,2,1,-0.624,2,0,0,0,2,1,1,0,3,0.0,4.325,4,2,1.809,2.638,1,0
0.394,6,5,0.0,1,5,5,1,5,0,5,1.649,0,0,5,1,3,0,0,-2.357,3,1,1,4,-0.843,1,1,7,6,5,6,1,2,2,0.0,0.515,6,2,1.465,0.497,3,0
3.738,6,3,40503.54,5,5,3,3,0,1,6,1.373,0,0,7,7,7,5,1,4.763,4,1,0,0,0.272,5,1,0,5,0,2,2,1,4,29.02,1.344,0,3,3.357,3.144,6,1
0.82,3,3,0.0,6,2,2,6,6,0,7,1.495,0,5,3,7,3,6,0,2.81,5,1,5,6,-0.135,7,0,3,2,1,4,2,3,6,0.0,0.875,1,0,1.221,-0.976,2,0
0.036,1,3,0.0,3,7,4,0,6,0,0,0.503,0,4,3,6,0,6,7,-2.782,6,0,0,7,-0.045,4,0,6,5,3,1,4,0,1,0.0,-0.47,5,6,0.552,-0.019,7,0
1.613,3,3,0.0,1,1,3,2,2,0,7,1.166,0,2,4,3,7,0,3,-0.624,1,2,0,4,0.16,4,0,6,3,1,3,6,5,6,0.0,1.464,5,5,1.171,1.418,0,0
3.167,7,7,2557.87,1,4,7,6,2,1,1,-0.128,1,7,4,6,0,5,0,6.023,2,4,5,2,-0.659,3,1,0,4,2,7,7,3,5,0.0,2.306,0,5,4.035,3.155,3,1
1.151,4,5,0.0,4,3,1,4,3,0,2,-0.74,0,0,7,6,6,4,2,2.575,7,1,7,1,1.641,6,0,4,2,0,3,5,7,5,0.0,-0.488,6,4,1.523,2.663,6,0
1.146,5,5,0.0,4,4,1,4,1,0,3,-0.221,0,4,1,1,5,1,5,4.172,3,4,3,1,-0.029,4,0,1,2,6,7,4,1,0,0.0,-1.653,2,2,1.266,0.188,0,0
0.681,7,3,0.0,5,6,1,5,2,0,0,-0.547,0,6,5,5,2,7,4,0.495,4,4,3,2,0.627,3,0,6,7,6,5,3,4,6,0.0,0.346,6,5,1.227,3.002,3,0
0.979,6,7,0.0,6,6,3,2,0,0,2,-1.393,0,1,7,1,3,2,5,0.011,3,5,7,2,0.346,2,0,5,0,4,4,3,0,3,0.0,0.721,2,1,1.089,0.759,5,0
0.882,5,3,0.0,3,7,5,4,2,0,3,1.834,0,0,5,3,5,5,0,-3.898,1,5,1,5,-0.042,5,0,4,7,0,2,0,0,6,0.0,1.035,1,5,0.49,0.69,2,0
-0.034,0,6,0.0,4,3,0,1,1,0,1,0.454,0,5,2,3,1,5,4,3.525,6,5,3,2,-0.589,2,0,1,2,5,0,7,0,3,0.0,-0.283,6,7,0.343,3.003,0,0
0.779,7,0,0.0,4,3,4,1,0,0,3,0.84,0,2,5,7,6,7,0,-0.261,5,5,4,2,-0.762,4,0,2,4,6,4,7,4,4,0.0,0.807,7,0,1.369,4.705,5,0
3.121,5,6,20575.47,6,5,5,2,3,1,5,2.361,1,3,4,3,1,2,0,1.099,1,7,5,4,-0.772,7,1,1,1,0,3,7,1,0,0.0,2.407,2,4,3.562,3.747,3,1
1.098,5,7,0.0,0,4,2,3,4,0,6,-2.566,0,1,4,7,1,6,4,-2.042,5,2,4,3,-0.809,6,0,3,3,0,4,7,6,0,0.0,1.157,4,2,1.032,3.456,4,0
3.929,5,2,13804.0,5,7,2,0,1,1,0,1.06,1,4,4,7,3,3,0,2.354,4,4,4,2,0.779,5,1,0,7,5,6,1,1,3,22.12,4.805,2,4,4.116,-0.732,1,1
-0.064,4,2,0.0,5,6,1,6,4,0,4,-0.547,0,0,6,1,4,3,5,-0.206,0,1,1,6,1.568,2,0,5,0,1,4,4,4,2,0.0,-0.072,5,2,0.457,-1.534,6,0
0.947,2,2,0.0,6,5,4,0,3,0,5,-0.955,0,5,0,7,1,6,6,0.227,7,2,2,3,-0.822,7,0,2,7,4,2,6,1,7,0.0,2.257,0,7,1.254,0.214,4,0
1.933,7,3,0.0,2,5,5,5,4,0,5,2.03,0,0,1,2,5,1,3,3.655,7,2,3,0,-1.14,7,0,1,4,0,0,6,1,0,0.0,2.232,7,4,1.164,2.266,7,0
1.798,3,0,0.0,1,1,4,6,7,0,2,0.403,0,5,4,7,6,5,6,5.282,7,6,1,6,0.977,6,0,3,3,4,3,3,1,7,0.0,0.606,6,0,2.054,1.187,0,0
1.923,6,3,0.0,6,2,1,4,3,1,0,-0.418,0,0,3,0,4,5,4,1.117,6,5,0,3,1.411,3,0,2,1,0,1,5,4,3,0.0,2.205,1,4,2.335,3.908,3,0
0.834,1,5,17688.56,4,7,3,4,3,1,7,0.56,1,7,6,2,4,4,1,5.234,6,0,0,6,0.032,6,0,1,2,3,4,1,4,5,0.0,3.125,2,0,2.363,1.331,4,1
2.413,3,1,40932.87,1,0,1,3,1,1,5,0.824,1,6,0,6,6,0,6,-2.258,3,2,7,1,0.151,2,0,6,5,0,0,6,4,7,0.0,3.33,5,4,2.484,3.389,7,1
1.141,6,5,0.0,2,6,3,2,2,0,5,0.502,0,5,2,4,0,3,1,3.844,5,3,6,5,0.521,1,0,3,3,5,2,1,7,2,0.0,0.274,1,5,0.597,1.336,1,0
0.691,2,7,0.0,5,1,6,1,1,0,1,0.94,0,2,2,1,7,0,2,-3.093,0,7,2,6,-0.691,1,0,1,7,0,4,2,4,0,0.0,-0.301,1,7,0.684,-0.576,2,0
2.724,5,6,0.0,1,5,4,7,6,0,4,0.641,0,2,1,3,5,1,6,7.103,2,1,7,2,0.19,5,0,0,6,5,1,2,6,6,0.0,0.073,3,3,2.625,3.989,4,0
0.689,2,2,0.0,0,0,0,2,6,0,3,0.271,0,1,5,7,3,3,6,-0.184,6,7,1,1,-0.759,4,0,7,2,5,7,6,3,4,0.0,0.075,7,6,0.477,-1.139,0,0
2.765,1,2,0.0,0,4,0,1,2,1,4,0.667,0,7,2,5,3,7,4,3.648,6,2,0,2,0.059,2,0,3,2,2,2,1,5,6,0.0,1.5,3,4,2.493,2.531,6,0
1.06,6,3,0.0,4,4,2,2,2,0,3,-0.741,0,7,5,7,5,5,0,4.359,7,1,1,6,1.076,3,0,1,4,5,4,1,2,1,0.0,2.569,7,3,1.385,0.473,5,0
2.562,1,6,0.0,3,3,7,6,4,0,6,0.31,0,1,3,2,6,6,2,3.889,3,5,1,2,0.768,1,0,7,4,1,2,6,7,4,0.0,2.764,5,6,2.364,0.623,3,0
2.036,0,2,0.0,3,0,5,1,0,0,5,0.271,0,4,4,4,5,4,6,0.677,6,5,3,2,1.554,0,0,2,5,3,0,3,6,6,0.0,2.115,1,3,1.927,1.404,1,0
1.062,2,3,0.0,1,4,1,6,6,0,3,-1.269,0,6,2,6,0,3,3,-2.503,6,1,6,0,-2.18,6,0,0,2,5,4,7,0,7,0.0,-0.717,6,7,0.353,-1.379,5,0
1.554,5,7,0.0,6,3,3,0,1,0,5,-0.001,0,0,2,7,6,0,5,0.684,2,0,2,5,-0.531,7,0,3,2,6,1,0,0,7,0.0,2.144,3,0,1.05,-0.404,4,0
3.049,6,2,0.0,3,3,2,6,0,1,5,2.013,1,0,4,6,1,7,7,-0.032,0,2,7,1,1.653,7,1,4,4,4,1,0,2,6,0.0,0.045,0,4,2.66,0.458,6,1
0.998,4,2,0.0,4,7,4,0,0,0,1,-0.299,0,7,5,7,3,1,1,5.637,0,6,1,6,1.394,4,0,6,1,1,4,2,0,0,0.0,0.536,3,1,1.615,0.599,5,0
4.447,3,2,32689.52,7,2,1,3,5,1,7,0.279,1,3,5,6,4,5,6,3.308,4,4,0,4,1.222,7,1,6,1,6,5,7,7,0,0.0,3.076,6,5,3.693,5.727,3,1
0.933,3,2,0.0,2,5,4,6,2,0,4,-0.368,0,2,1,7,3,5,5,3.16,7,5,3,2,2.114,5,0,5,6,7,3,1,3,4,0.0,1.606,1,3,1.131,-0.127,1,0
3.338,6,4,6909.93,6,3,3,0,3,1,1,0.933,0,6,2,0,0,1,0,6.842,7,2,3,1,0.695,1,1,7,3,7,6,7,1,6,0.0,2.482,4,0,3.408,5.139,7,1
1.499,0,5,0.0,0,5,0,0,1,0,6,-0.88,0,6,5,7,4,1,6,2.371,2,1,6,3,0.832,1,0,4,3,7,1,7,2,2,0.0,-0.38,5,0,1.409,-0.103,2,0
1.258,1,0,0.0,0,1,2,7,1,0,3,0.682,0,7,0,3,5,2,1,5.387,5,2,7,6,2.0,0,0,1,4,3,5,3,5,2,0.0,0.476,0,2,2.097,1.621,2,0
3.208,6,5,5155.77,7,1,7,6,2,1,3,0.947,0,4,7,5,7,6,6,3.566,3,5,5,3,0.852,5,1,1,2,2,2,2,2,1,0.0,4.413,5,3,3.098,1.252,4,1
1.255,3,7,0.0,3,6,5,2,4,0,0,-0.067,0,2,6,0,4,7,0,1.407,1,2,5,1,-0.061,0,0,1,7,3,7,2,5,4,0.0,1.467,7,2,0.39,3.038,6,0
2.015,7,7,0.0,5,1,4,5,4,1,1,-1.138,0,1,6,3,1,1,1,0.975,4,0,5,4,-0.418,6,0,3,4,1,1,5,3,3,0.0,3.861,6,0,2.257,2.472,7,0
2.736,7,2,0.0,6,2,1,5,0,0,3,0.203,0,7,6,6,7,6,3,-0.093,1,7,7,6,-1.634,7,1,7,4,2,0,0,3,7,0.0,0.425,1,0,2.512,3.178,7,0
1.415,3,0,0.0,2,7,2,6,7,0,3,-1.207,0,0,3,7,3,1,5,-1.218,0,5,1,4,0.251,6,0,0,6,7,5,3,1,7,0.0,0.941,0,3,1.185,2.39,0,0
0.909,1,1,0.0,5,6,7,4,2,0,5,1.395,0,6,7,4,5,2,5,3.158,3,6,7,7,1.138,1,0,2,0,0,6,4,0,6,0.0,2.622,6,3,1.237,0.473,2,0
1.687,1,4,0.0,6,7,1,4,5,0,7,-1.683,0,6,6,6,2,7,4,3.578,5,5,3,5,1.047,4,0,3,0,7,3,6,0,0,0.0,1.31,6,2,1.546,1.354,3,0
1.07,2,0,0.0,6,4,4,1,3,0,2,-0.945,0,1,4,4,4,0,1,4.006,0,0,0,4,-0.078,7,0,1,6,4,7,5,3,6,0.0,0.99,5,4,1.452,2.945,1,0
1.145,2,4,0.0,1,5,5,3,1,0,4,0.602,0,2,4,6,2,6,3,-0.357,1,6,5,0,-0.768,0,0,1,6,1,3,0,6,5,0.0,-0.595,6,3,0.455,3.438,2,0
1.344,0,4,0.0,4,3,0,1,1,0,2,0.79,0,0,2,6,4,6,4,3.147,4,6,1,5,1.225,5,0,6,2,6,6,5,5,2,0.0,1.307,3,7,2.084,-1.676,7,0
0.37,1,0,0.0,3,1,6,3,4,0,5,0.226,0,7,3,4,5,1,3,4.771,1,2,5,6,-0.555,2,0,0,3,5,1,3,0,1,0.0,0.202,6,3,0.726,0.497,0,0
1.352,7,1,0.0,1,0,3,1,4,0,2,-0.031,0,4,6,4,5,3,1,2.306,6,5,7,0,-0.976,3,0,6,7,2,7,0,1,6,0.0,0.883,2,6,1.22,-0.523,5,0
-0.424,2,2,0.0,6,3,0,7,5,0,5,-1.409,0,4,6,7,7,5,1,-1.098,4,7,1,4,-2.098,2,0,7,2,6,6,2,0,7,0.0,0.399,7,1,0.364,-2.779,4,0
2.176,2,5,0.0,2,6,7,2,4,1,3,-0.645,0,6,5,7,5,0,4,0.284,0,3,0,5,0.014,0,0,1,1,3,5,6,5,7,0.0,1.264,1,0,2.845,0.141,3,0
2.434,3,5,35289.4,6,6,4,6,1,1,0,3.325,0,0,3,6,0,6,1,2.53,5,5,7,1,0.302,4,1,1,2,3,3,6,0,6,19.27,2.339,5,5,2.388,2.266,5,1
1.548,5,3,0.0,3,0,2,7,4,1,7,-0.27,0,3,3,3,0,7,7,2.328,1,5,0,0,-1.297,4,0,0,2,7,0,7,4,1,0.0,2.59,6,4,1.348,1.727,6,0
2.794,1,2,40201.05,2,6,4,2,0,1,0,0.208,1,5,0,1,7,6,1,3.037,1,3,5,6,0.025,3,1,7,7,6,2,6,0,2,0.0,3.933,2,0,2.899,1.093,2,1
2.787,6,7,0.0,6,6,5,3,1,1,0,-0.459,0,0,5,0,4,5,3,-1.09,0,0,1,5,-0.371,2,0,1,5,2,0,1,2,1,0.0,1.311,5,6,2.078,1.536,2,0
5.851,2,0,39234.73,1,6,7,3,0,1,1,1.288,1,0,2,7,6,4,6,3.795,6,6,0,6,0.135,4,1,0,1,3,2,4,0,1,0.0,5.887,4,6,5.664,5.847,0,1
0.258,1,4,0.0,0,1,1,1,1,0,5,0.946,0,4,7,6,2,7,0,7.676,6,4,6,3,-2.185,2,0,6,7,0,0,7,4,2,0.0,1.385,6,1,0.697,-0.375,3,0
1.384,1,7,0.0,1,4,1,1,5,0,7,-0.533,0,4,3,5,4,7,2,1.86,5,5,3,0,-0.498,2,0,2,5,3,0,4,5,0,0.0,1.502,6,7,1.423,1.828,5,0
3.452,7,1,30387.27,0,0,7,2,6,1,2,0.996,1,6,7,6,6,7,5,-2.004,5,3,0,6,0.695,6,1,6,1,7,1,0,3,0,36.93,2.39,3,5,3.175,3.497,1,1
0.471,6,1,0.0,1,4,2,6,6,0,2,-1.565,0,6,6,2,5,7,4,-0.31,5,5,5,3,2.766,2,0,3,4,2,0,6,6,7,0.0,-0.746,5,6,0.391,-2.202,5,0
1.842,0,1,0.0,0,4,7,5,7,0,3,0.904,0,0,3,0,4,1,2,-3.447,6,4,5,3,-0.546,2,0,6,4,7,0,1,4,5,0.0,0.83,3,1,1.014,1.151,7,0
0.427,7,3,0.0,6,1,4,3,6,0,1,-0.414,0,6,5,4,5,5,4,-1.263,6,3,4,7,0.637,2,0,3,5,3,0,7,6,6,0.0,2.309,6,6,1.504,-1.132,7,0
2.901,6,1,31829.09,5,0,4,0,4,1,6,1.773,1,6,4,2,0,0,7,0.963,2,2,3,3,0.809,0,0,7,2,3,4,4,3,6,0.0,1.113,3,0,2.61,4.147,2,1
0.837,5,2,0.0,7,6,7,5,1,0,6,-0.136,0,1,3,1,3,7,2,-3.755,6,3,6,6,-0.719,0,0,5,2,1,4,1,2,1,0.0,1.56,0,6,1.144,0.893,5,0
1.813,7,4,0.0,2,2,2,4,2,0,5,1.362,0,6,3,3,6,0,2,-1.144,3,1,7,2,0.491,4,0,2,2,0,0,7,4,5,0.0,2.149,2,7,1.777,4.492,3,0
7.256,7,6,12210.63,2,6,4,4,7,1,7,0.544,1,1,5,7,6,1,5,5.584,5,4,5,3,-2.495,3,1,1,3,2,7,3,3,6,17.71,8.941,7,4,7.167,9.857,5,1
2.886,7,3,0.0,1,1,1,7,4,1,7,2.15,0,3,6,6,3,0,3,2.376,5,6,6,0,1.915,5,1,3,4,7,7,0,6,1,6.69,5.801,1,7,4.067,1.284,1,1
1.797,3,1,0.0,5,2,0,3,4,0,7,-1.191,0,4,2,7,7,1,5,0.912,5,4,7,3,-1.304,7,0,0,0,5,0,4,0,6,0.0,-0.822,5,2,0.737,-1.1,6,0
-0.284,6,6,0.0,6,3,7,1,3,0,5,-0.296,0,7,7,4,6,7,6,0.903,1,1,6,7,-0.828,1,0,2,3,3,4,0,6,1,0.0,0.416,3,6,0.328,1.226,5,0
2.074,0,4,0.0,6,7,6,4,3,0,2,0.378,0,5,5,1,6,3,5,2.979,3,0,1,2,0.538,1,0,7,4,0,1,3,6,0,0.0,1.623,3,3,1.587,2.017,2,0
0.671,4,1,0.0,6,7,5,1,0,0,7,0.655,0,7,5,0,3,1,1,1.507,1,4,0,6,-0.138,5,0,2,3,1,6,7,2,7,0.0,0.468,6,7,0.213,2.988,0,0
0.28,0,0,0.0,5,0,5,6,7,0,0,0.634,0,7,7,7,7,6,4,-0.216,3,7,6,0,-0.221,6,0,0,7,0,6,5,6,1,0.0,-1.005,1,5,-0.145,-1.112,3,0
1.821,6,6,0.0,2,4,5,5,3,1,0,-0.728,0,2,3,4,1,6,1,2.303,2,7,2,4,0.812,0,0,4,4,7,5,6,4,5,0.0,3.331,2,4,2.571,0.632,6,0
1.826,0,3,0.0,4,7,2,7,4,0,6,-1.439,0,2,0,4,6,3,4,3.122,4,0,2,1,-1.358,5,0,0,4,2,5,6,0,1,0.0,1.92,5,7,1.253,1.304,2,0
1.98,4,1,0.0,6,2,3,2,3,0,0,-0.277,0,4,5,2,2,0,3,1.511,1,5,3,4,0.109,3,0,1,5,4,1,5,0,0,0.0,0.636,5,6,1.864,3.236,2,0
0.751,4,5,0.0,0,6,0,7,4,0,3,-0.209,0,2,2,4,2,6,6,-5.78,1,2,3,1,-0.232,1,0,0,7,4,1,0,2,5,0.0,1.036,2,6,0.225,0.863,5,0
0.816,7,2,0.0,4,0,6,0,7,0,4,-0.379,0,5,0,3,2,1,4,-1.784,2,1,5,2,-1.26,3,0,6,4,4,7,6,1,1,0.0,1.575,2,4,1.051,0.708,1,0
1.711,1,6,0.0,3,2,0,0,1,1,7,-0.873,0,3,5,5,7,3,3,3.056,0,0,5,4,-0.047,1,0,0,4,1,6,7,3,4,0.0,-0.219,1,1,1.844,-0.383,0,0
-0.001,4,6,0.0,2,4,0,1,0,0,4,-0.006,0,3,1,0,6,4,7,0.466,0,3,3,1,1.478,0,0,3,6,0,7,4,4,7,0.0,0.387,7,1,-0.079,0.176,0,0
1.086,2,6,0.0,5,1,4,1,0,0,6,-1.561,0,5,1,4,5,5,2,0.808,3,5,3,6,1.134,3,0,6,7,6,3,5,7,3,0.0,3.297,2,7,1.303,0.141,1,0
0.406,1,4,0.0,2,3,4,5,0,0,2,-0.643,0,0,2,4,0,5,2,-0.889,7,3,4,2,-0.275,1,0,1,0,1,4,0,7,6,0.0,0.706,7,6,1.059,-0.939,6,0
1.006,2,4,0.0,1,3,7,0,0,0,5,0.427,0,7,2,4,1,1,4,1.191,2,2,6,7,0.002,7,0,4,1,0,0,7,4,4,0.0,-0.071,1,0,1.415,3.321,4,0
1.136,2,6,0.0,7,7,0,2,3,0,7,2.501,0,1,5,1,2,7,2,0.737,6,7,4,7,0.226,5,0,0,1,6,2,0,3,3,0.0,0.343,0,6,0.571,-0.024,7,0
2.33,5,7,0.0,4,3,2,5,4,1,4,0.208,0,2,5,6,1,1,6,-1.262,0,6,3,4,1.514,4,0,1,4,6,2,6,1,3,0.0,3.252,4,2,2.059,4.206,4,0
0.845,3,0,0.0,1,2,7,7,7,0,5,-0.001,0,7,2,3,1,7,6,3.186,7,3,5,7,-0.231,1,0,0,4,2,6,4,6,5,0.0,1.578,4,4,0.614,0.371,2,0
0.708,3,5,0.0,4,2,7,4,6,0,6,0.847,0,2,0,5,0,2,1,-0.742,4,2,7,0,-0.753,6,0,5,5,1,7,6,3,6,0.0,0.585,0,2,0.894,0.061,6,0
1.791,7,1,0.0,2,1,3,0,0,0,5,-0.235,0,5,2,7,2,7,4,0.735,3,3,2,3,0.266,3,0,1,4,3,1,4,4,6,0.0,-0.563,6,4,1.566,2.686,6,0
1.92,2,6,0.0,0,7,4,4,0,0,3,-1.49,0,5,4,1,4,6,5,3.07,7,3,3,2,0.756,1,0,2,7,2,2,7,7,1,0.0,1.801,7,2,2.004,4.324,3,0
0.504,4,3,0.0,0,4,1,1,1,0,7,-0.51,0,0,1,1,4,2,6,1.031,3,2,0,4,2.215,6,0,1,6,5,7,4,5,2,0.0,0.712,6,7,1.26,0.025,4,0
3.091,7,2,0.0,3,4,6,0,0,1,1,1.121,0,3,7,1,7,5,5,4.668,1,6,7,6,0.541,6,0,0,7,6,3,3,4,7,0.0,2.631,6,6,2.092,1.912,1,0
1.102,6,3,0.0,7,0,5,3,3,0,2,0.334,0,4,1,0,4,7,5,1.215,7,5,7,5,-0.112,4,0,3,3,7,6,7,3,7,0.0,0.189,3,5,1.39,2.948,1,0
3.533,1,5,11889.71,0,5,4,3,2,1,7,0.424,0,4,5,7,5,7,6,2.797,4,2,1,3,0.723,3,1,0,4,1,3,7,5,4,0.0,4.951,1,2,4.011,3.551,6,1
3.305,2,2,0.0,2,6,6,2,6,0,4,-0.734,0,6,7,6,2,0,6,1.686,0,7,0,0,0.914,1,0,0,1,0,7,3,3,0,0.0,2.005,2,5,1.756,3.446,5,0
2.328,2,3,0.0,7,6,5,5,2,0,4,-1.485,0,2,2,6,1,0,3,1.443,3,5,7,5,1.148,7,1,6,2,4,3,3,5,4,0.0,3.073,4,1,2.533,3.402,4,0
4.642,7,7,0.0,0,0,7,5,1,1,1,1.788,1,6,0,2,3,4,2,1.469,3,6,5,1,-0.007,1,1,0,2,3,4,0,6,2,12.23,4.021,1,5,4.593,5.294,0,1
0.677,6,1,0.0,7,1,3,5,6,0,0,-0.22,0,3,6,5,7,2,0,-0.51,2,1,1,1,0.956,7,0,7,1,2,1,7,4,7,0.0,1.529,0,4,0.451,-0.377,5,0
1.826,4,1,0.0,1,5,6,3,1,1,7,-0.774,0,7,2,7,1,6,3,1.728,5,0,1,6,1.171,3,0,6,5,3,0,4,0,2,0.0,4.36,5,3,2.918,5.279,2,0
0.228,3,5,0.0,3,2,3,2,1,0,3,0.845,0,4,2,0,3,1,3,-2.016,7,2,7,0,-0.296,5,0,2,3,7,0,4,3,2,0.0,-0.409,0,7,0.397,-1.768,2,0
0.812,4,6,0.0,2,0,5,5,6,0,4,0.51,0,4,7,4,3,0,0,0.289,6,7,2,5,-0.841,6,0,3,5,0,7,4,3,1,0.0,2.09,7,7,0.947,1.154,3,0
1.887,7,2,0.0,5,0,1,6,6,0,5,-0.06,1,5,6,2,3,7,1,8.738,5,3,4,6,0.297,1,0,2,5,7,7,6,2,6,0.0,1.093,2,0,2.058,3.605,4,0
6.473,2,1,0.0,5,3,7,6,6,1,0,0.882,1,0,4,4,1,2,7,6.844,6,0,5,0,1.514,7,1,0,7,5,7,5,7,4,0.0,6.515,1,5,5.941,7.169,4,1
1.791,4,1,0.0,5,4,5,7,6,0,3,0.093,0,6,1,6,5,1,0,2.003,6,5,1,5,0.624,4,0,5,1,7,0,0,2,3,0.0,1.338,6,5,1.133,-1.476,0,0
2.898,4,3,0.0,3,1,2,5,1,0,1,1.518,0,6,6,0,7,3,4,3.467,7,7,2,3,-0.4,4,0,3,3,4,5,4,0,3,0.0,-0.062,4,5,2.456,4.119,6,0
0.457,5,0,0.0,4,3,6,5,5,0,5,0.513,0,0,5,7,4,5,4,-2.674,1,6,1,1,0.891,7,0,4,0,6,3,5,0,6,0.0,0.037,1,2,0.332,0.911,1,0
3.549,1,2,511.69,6,0,5,0,3,1,5,1.615,0,0,0,2,0,1,6,3.073,6,4,1,4,0.891,6,1,3,2,3,4,6,5,0,11.9,4.066,1,7,3.708,-0.223,1,1
2.644,7,5,28070.3,6,2,2,0,2,1,5,0.157,1,7,2,6,3,3,0,5.521,1,7,5,3,0.238,0,1,0,5,3,5,7,2,7,0.0,2.421,1,0,3.426,0.161,7,1
1.473,3,6,0.0,1,5,3,1,4,1,6,0.326,0,6,5,1,1,7,0,4.517,4,0,0,3,0.129,5,0,6,7,3,4,0,0,1,0.0,1.657,2,6,1.976,-0.223,1,0
4.521,0,4,33170.99,0,5,4,0,6,1,6,1.484,1,2,2,0,1,4,5,3.654,3,2,2,4,1.831,3,1,2,2,0,2,6,5,1,0.0,4.781,7,4,3.204,1.598,6,1
3.064,4,7,37969.42,3,5,0,4,5,1,0,3.64,1,1,0,0,4,6,2,3.117,3,7,0,1,-0.754,4,1,1,1,4,7,7,4,4,0.0,3.111,7,6,3.866,2.413,3,1
1.41,0,3,0.0,4,1,7,4,5,0,3,1.041,0,0,3,3,3,5,6,-1.041,0,3,0,7,0.274,7,0,3,0,1,3,6,3,2,0.0,1.002,6,3,0.966,0.784,1,0
0.568,0,0,0.0,7,7,4,0,2,1,6,-0.37,0,7,7,5,2,5,1,0.982,4,5,3,5,0.073,5,0,0,1,2,4,7,1,6,0.0,0.203,1,2,0.874,3.215,2,0
1.309,7,4,0.0,0,5,3,1,2,0,7,-0.309,0,2,7,5,4,0,4,-0.437,0,2,3,2,0.517,5,0,0,5,5,4,6,1,4,0.0,1.064,2,5,0.739,2.712,5,0
1.384,0,1,0.0,3,5,2,1,7,0,5,-0.233,0,4,1,1,3,0,3,1.447,5,0,5,6,-2.165,0,0,4,0,2,6,1,1,2,0.0,3.62,1,1,1.586,-1.011,0,0
0.344,0,3,0.0,7,3,7,2,7,0,4,-1.298,0,1,6,7,6,0,1,1.094,0,2,6,4,-0.005,6,0,2,2,1,2,3,4,2,0.0,0.792,7,3,0.55,-1.051,5,0
3.13,1,0,31962.96,6,5,5,3,1,1,0,2.878,1,7,1,2,3,5,1,8.943,1,3,6,6,-0.255,2,1,2,4,5,7,2,3,5,0.0,3.334,0,0,3.57,3.432,7,1
3.384,4,5,0.0,2,6,4,4,5,1,5,1.198,0,6,5,0,4,7,2,4.596,0,5,6,3,0.218,3,1,6,6,2,2,3,4,5,8.85,3.915,3,3,2.639,2.985,5,1
1.045,2,4,0.0,4,0,0,7,6,0,0,-0.078,0,3,0,6,2,6,6,1.766,1,3,2,2,-0.742,7,0,1,6,4,3,6,4,7,0.0,0.203,1,6,0.77,-0.541,6,0
1.822,3,5,0.0,2,3,3,5,7,0,4,-0.742,0,6,0,0,7,1,1,5.395,5,2,0,5,0.2,0,1,3,6,2,5,1,5,3,0.0,2.322,4,1,2.09,2.516,2,0
1.556,7,2,0.0,1,7,1,6,4,0,1,-0.432,0,2,2,1,0,2,2,4.368,7,3,3,4,-0.036,7,0,3,7,3,7,7,6,6,0.0,-0.842,3,6,1.549,2.563,3,0
2.566,3,6,40521.9,6,5,5,7,1,1,5,1.658,0,6,3,4,3,4,1,1.288,4,7,0,5,-2.362,5,1,1,0,3,6,3,6,4,0.0,1.845,4,2,2.504,3.429,3,1
3.223,0,6,14684.56,0,2,0,7,1,1,7,2.454,1,0,4,3,6,1,6,3.181,4,5,3,6,-0.394,2,0,2,5,5,7,0,0,1,4.33,5.183,3,2,3.482,1.773,6,1
1.125,7,0,0.0,6,1,7,0,1,0,0,-0.123,0,5,0,1,4,7,0,4.02,3,1,0,1,0.91,6,0,2,3,4,3,1,4,3,0.0,1.986,1,7,1.565,2.004,5,0
-0.331,2,3,0.0,3,5,6,0,2,0,0,-0.844,0,6,5,0,3,4,7,-0.248,5,4,0,0,-0.341,3,0,7,2,4,5,4,3,6,0.0,1.744,2,6,0.636,-0.935,6,0
4.99,4,0,0.0,4,2,1,5,3,1,0,0.197,1,2,0,6,4,5,2,5.122,4,4,0,7,1.037,0,1,5,6,3,0,1,5,3,50.67,4.498,1,1,4.879,4.378,3,1
3.995,3,7,0.0,0,0,7,7,3,1,7,-0.912,0,4,6,4,0,1,3,2.792,2,3,7,2,-0.822,7,0,1,5,5,5,7,3,0,0.0,5.872,2,7,3.104,2.835,7,0
2.453,3,3,0.0,6,4,4,1,3,1,5,0.621,0,3,0,6,1,1,2,2.905,1,4,2,7,2.009,1,0,3,5,2,5,4,5,1,0.0,2.424,4,5,2.32,3.541,4,0
1.73,0,3,0.0,2,6,2,1,5,0,5,1.325,0,6,1,0,3,3,6,1.931,3,4,3,4,-0.148,0,0,7,0,3,6,4,5,5,0.0,2.06,5,5,0.976,4.206,7,0
-0.103,3,2,0.0,4,3,2,7,5,0,7,0.369,0,4,5,5,1,3,0,-2.023,1,0,1,0,-0.201,5,0,6,4,0,3,7,6,1,0.0,1.076,6,2,0.274,-1.361,0,0
4.568,2,4,2987.93,6,6,1,6,5,1,2,0.872,1,1,6,4,4,2,2,4.768,1,7,0,0,0.832,2,1,1,6,6,5,2,0,1,0.0,3.45,0,7,3.091,1.518,1,1
1.339,4,7,0.0,0,3,7,4,3,1,2,-1.17,0,0,6,5,0,3,6,1.276,0,7,1,6,0.518,2,0,1,4,6,6,0,2,5,0.0,3.184,6,5,1.687,3.191,5,0
3.165,6,2,11741.4,2,3,7,0,5,1,3,3.092,1,7,3,0,2,0,7,0.537,7,2,0,5,0.172,5,1,3,5,5,6,2,0,2,0.0,4.908,7,4,2.833,1.725,5,1
2.645,7,3,0.0,4,1,6,3,5,1,2,1.026,0,1,6,6,2,5,7,3.399,0,6,5,3,-0.588,3,0,6,0,5,7,1,0,7,0.0,3.074,6,3,1.669,3.167,4,0
0.411,2,0,0.0,2,7,7,1,3,0,6,0.395,0,1,7,4,3,4,0,0.55,7,5,4,2,-0.052,7,0,6,2,2,2,2,7,6,0.0,0.725,7,4,0.57,1.395,2,0
2.272,6,1,0.0,0,6,1,5,6,0,7,3.033,0,2,0,1,1,5,5,2.342,2,7,2,6,-0.493,1,0,7,0,6,4,0,7,5,0.0,2.364,7,1,1.941,3.181,7,0
0.911,0,3,0.0,6,3,4,4,1,0,0,-0.486,0,4,0,6,7,3,7,1.946,1,2,7,2,0.805,1,0,5,1,5,4,6,6,0,0.0,3.185,6,6,1.165,0.534,4,0
0.745,0,6,0.0,6,3,0,6,2,0,1,-0.28,0,2,6,5,4,1,6,0.836,0,3,6,2,1.41,6,0,0,1,2,5,3,1,5,0.0,1.107,5,7,1.279,0.595,0,0
2.607,3,6,0.0,6,7,6,0,0,1,5,2.446,1,5,2,5,0,0,2,0.577,6,1,5,3,2.566,3,0,2,5,2,4,5,3,4,0.0,3.781,3,5,3.237,5.211,4,1
0.436,3,6,0.0,3,3,3,1,3,0,6,1.342,0,5,6,3,7,1,2,-3.903,5,1,6,5,-0.649,0,0,3,4,3,1,5,1,3,0.0,2.102,3,0,1.225,3.274,0,0
4.859,2,1,13114.42,7,1,4,4,3,1,6,0.093,1,5,3,1,6,7,3,3.019,0,0,3,7,-0.9,2,1,5,6,4,2,5,4,6,0.0,4.096,6,1,5.202,4.964,1,1
4.509,4,2,7403.04,2,7,3,6,3,1,2,1.733,1,5,4,4,2,4,0,3.468,2,5,3,4,-0.512,4,1,7,6,0,2,3,7,4,34.02,3.36,3,0,3.603,3.369,2,1
1.111,0,7,0.0,5,1,1,3,2,0,5,-1.466,0,4,1,3,5,2,4,-1.821,1,6,7,7,-0.06,7,0,4,1,2,7,7,6,6,0.0,2.268,6,5,0.866,2.162,6,0
0.669,2,3,0.0,6,5,6,2,4,0,3,-1.993,0,4,5,0,1,7,1,2.112,0,2,0,1,-1.393,7,0,6,7,1,3,0,5,7,0.0,2.032,1,3,1.212,2.932,7,0
1.966,4,1,0.0,3,1,6,7,2,0,0,-0.473,1,6,6,2,3,4,3,0.352,2,6,4,1,0.13,6,0,6,4,2,1,6,3,4,0.0,0.035,2,3,2.298,2.404,6,0
1.742,5,5,0.0,2,2,3,3,7,0,3,1.026,0,1,5,4,1,3,2,2.476,4,5,1,3,1.788,5,0,2,5,2,2,5,0,1,0.0,1.917,6,0,0.912,2.692,2,0
0.033,3,0,0.0,5,1,6,5,7,0,5,-1.242,0,7,0,4,1,5,1,2.15,7,1,4,4,0.508,1,0,5,4,6,1,0,1,3,0.0,-0.292,6,3,1.386,-0.857,7,0
4.27,3,5,4433.85,6,6,0,1,5,1,0,0.685,1,2,5,6,6,1,2,1.273,7,6,2,7,-0.679,5,1,3,7,6,3,5,5,7,0.0,4.029,7,7,3.923,4.298,5,1
5.29,3,1,0.0,0,3,5,4,0,1,6,1.48,1,2,3,4,4,0,7,1.733,2,6,2,5,-0.234,2,1,0,1,2,0,4,5,2,0.0,5.889,7,6,4.857,3.415,1,1
3.204,2,5,0.0,7,0,1,7,6,1,1,0.234,0,6,6,4,7,2,5,3.936,0,5,2,4,-0.605,6,0,6,2,3,4,4,4,3,0.0,3.408,1,0,2.114,2.508,5,0
3.41,4,5,28907.71,0,0,7,0,5,1,5,2.37,0,6,6,4,6,3,3,1.855,4,3,4,0,1.135,3,1,4,6,3,1,6,7,7,0.0,1.88,3,1,3.677,3.501,4,1
2.169,4,0,0.0,0,6,0,2,1,1,4,-1.072,0,5,6,7,7,5,3,-0.834,7,0,4,4,0.41,4,0,5,6,2,4,4,7,7,0.0,3.484,0,1,2.146,0.928,3,0
4.713,2,0,0.0,2,2,3,7,2,1,6,1.61,1,2,3,6,2,1,2,6.661,7,6,5,3,1.67,6,1,1,5,0,4,1,4,1,0.0,3.444,4,6,4.183,2.435,5,1
1.635,4,5,0.0,0,2,1,1,7,0,3,-0.799,0,6,6,2,3,1,1,0.797,0,2,1,6,-1.165,6,0,7,5,3,3,4,6,2,0.0,1.733,2,4,1.385,-2.28,5,0
-0.707,2,1,0.0,2,3,3,2,4,0,0,0.165,0,0,6,4,7,4,6,-1.09,2,5,6,6,-0.171,1,0,3,3,1,0,6,0,6,0.0,-0.292,3,1,0.352,2.433,5,0
3.136,0,5,0.0,5,2,0,1,2,0,2,0.697,0,3,3,7,5,1,0,3.081,3,1,7,1,0.109,5,0,3,7,0,4,1,0,0,0.0,2.649,0,6,1.71,2.635,2,0
0.68,1,0,0.0,4,6,4,5,2,0,4,1.595,0,1,0,6,5,0,3,0.43,0,5,7,4,0.133,7,0,3,3,2,0,3,6,0,0.0,2.119,6,7,-0.054,-0.483,0,0
5.316,0,6,0.0,6,1,2,2,4,1,0,0.634,1,6,7,0,0,7,5,6.777,3,6,7,5,0.702,6,1,4,5,3,7,3,3,3,19.21,4.177,4,7,5.214,5.51,3,1
2.378,3,0,0.0,5,2,3,0,2,0,3,-0.518,0,5,7,4,7,3,0,2.068,4,4,0,2,-0.099,0,0,2,1,1,3,7,0,0,0.0,3.047,2,5,1.654,0.342,1,0
1.581,6,6,0.0,2,4,5,5,7,0,0,-0.627,0,3,1,4,5,6,5,-0.47,1,5,0,4,0.656,1,0,6,7,1,7,6,1,7,0.0,-0.761,4,7,0.38,2.604,1,0
2.832,2,3,32479.16,3,0,4,5,4,1,3,1.877,0,2,7,2,7,5,0,0.107,5,5,5,6,1.032,6,1,1,5,0,1,2,7,1,0.0,2.531,0,0,3.257,1.433,7,1
3.348,5,7,29077.8,2,1,0,2,0,1,6,2.983,0,7,4,1,0,3,2,3.737,1,3,4,1,-0.831,1,1,7,7,0,4,1,7,0,0.0,3.793,5,0,3.191,2.026,6,1
0.509,0,7,0.0,3,0,4,7,7,0,3,-0.812,0,0,5,3,5,4,1,-1.125,6,1,0,2,0.605,2,0,6,3,1,0,1,5,5,0.0,1.896,2,2,0.102,1.984,1,0
0.869,0,0,0.0,1,5,1,1,5,0,1,0.752,0,7,7,2,4,7,4,1.09,0,2,6,6,-1.879,4,0,3,3,6,4,7,0,5,0.0,-0.264,1,0,0.906,1.966,1,0
2.77,3,5,9811.83,5,7,0,0,1,1,3,2.118,0,7,2,1,1,6,5,2.504,2,6,3,7,-0.746,3,1,4,4,6,4,4,3,6,0.0,4.832,5,6,2.498,2.558,4,1
0.534,0,1,0.0,7,4,7,2,0,0,6,0.531,0,6,5,7,4,4,4,0.926,0,6,6,7,0.224,2,0,3,4,1,1,4,2,1,0.0,2.281,2,2,1.002,1.024,1,0
2.612,0,2,0.0,1,6,4,7,1,1,1,1.365,1,6,7,4,3,1,7,1.503,1,0,3,1,-0.47,4,1,6,7,4,7,2,7,3,0.0,2.56,6,6,2.411,2.022,2,1
1.045,1,5,0.0,1,0,2,5,6,0,4,-1.778,0,3,7,4,0,3,4,1.183,2,5,3,6,0.845,7,0,0,4,4,0,4,1,5,0.0,0.787,1,7,1.358,5.181,0,0
2.142,6,5,0.0,5,3,6,3,4,0,5,0.741,0,2,5,3,2,7,3,2.77,1,5,1,2,-0.316,4,0,6,6,4,3,7,4,3,0.0,2.686,2,0,2.347,0.705,0,0
0.528,3,5,0.0,0,5,3,1,1,0,1,0.401,0,3,1,7,0,4,3,-0.489,1,0,3,3,1.04,2,0,0,6,6,4,6,7,0,0.0,3.031,1,3,1.127,3.837,3,0
1.302,3,0,0.0,0,3,2,3,6,0,2,-0.105,0,0,5,3,5,4,4,1.789,4,7,7,0,-0.029,1,0,0,3,6,6,1,6,2,0.0,2.076,0,6,1.572,3.805,7,0
1.341,5,3,0.0,5,2,6,4,0,0,6,-0.813,0,0,6,5,7,3,1,0.419,0,7,0,3,1.677,3,0,7,5,7,3,3,1,2,0.0,0.335,0,5,1.238,0.656,3,0
2.332,0,6,25956.45,0,4,5,1,5,1,2,2.07,0,5,6,1,3,3,3,4.092,7,6,4,2,0.585,2,1,2,1,3,0,3,5,3,0.0,3.51,0,3,2.065,1.996,5,1
2.621,2,5,0.0,3,6,0,4,0,1,2,0.344,0,6,1,5,6,2,6,4.783,3,6,3,5,-0.794,0,0,3,7,5,3,7,2,4,0.0,1.413,3,7,2.217,-0.6,4,0
5.77,7,0,21869.57,1,7,7,0,5,1,4,3.536,1,1,7,0,1,0,6,7.332,1,7,5,2,0.984,0,1,4,0,1,7,5,3,7,0.0,5.733,7,2,5.85,5.115,3,1
4.225,0,6,0.0,5,1,5,4,0,1,4,1.314,1,5,1,7,5,6,3,5.336,5,0,3,2,1.667,1,1,4,6,5,3,4,5,5,0.0,2.78,7,2,4.562,3.573,4,1
3.133,0,6,29284.67,5,5,4,5,1,1,7,1.667,0,6,7,6,6,2,2,4.259,7,0,2,7,0.634,5,1,5,3,0,6,0,1,1,0.0,1.615,6,1,1.833,3.086,3,1
1.397,3,2,0.0,6,4,5,0,1,0,6,-1.766,0,5,5,1,2,5,2,1.911,2,5,0,7,-0.039,3,0,3,3,7,7,6,4,3,0.0,-1.356,7,6,0.236,0.718,2,0
2.264,7,7,0.0,0,2,6,6,5,0,1,2.142,0,2,7,6,5,3,6,1.485,7,3,6,5,1.239,7,0,3,2,6,2,5,5,3,0.0,1.334,4,4,2.095,1.114,3,0
-0.031,1,1,0.0,1,7,0,5,5,0,5,0.78,0,4,2,5,2,3,3,-2.041,5,7,2,1,-0.469,5,0,5,4,6,2,4,5,0,0.0,-0.528,2,0,0.042,0.709,0,0
0.091,4,1,0.0,7,1,5,7,2,0,5,-0.2,0,1,1,7,2,0,4,0.845,5,0,6,7,0.044,1,0,4,4,7,4,2,4,5,0.0,0.786,6,6,-0.125,2.035,3,0
-0.139,7,7,0.0,5,0,5,2,2,0,5,-1.055,0,6,5,0,1,5,0,1.984,5,4,6,5,-0.655,3,0,0,5,3,1,7,4,1,0.0,2.218,3,5,0.087,2.971,0,0
0.835,7,6,0.0,0,2,5,2,1,0,5,-0.958,0,6,7,6,6,0,2,-3.903,1,0,0,6,0.166,2,0,3,5,5,3,5,3,5,0.0,2.241,2,3,0.904,4.843,3,0
0.911,3,3,0.0,6,6,2,7,7,0,4,-0.183,0,6,7,5,7,1,7,-3.302,1,7,5,3,0.443,4,0,3,1,1,4,4,4,0,0.0,0.462,4,7,0.887,0.98,3,0
5.067,2,3,14529.28,3,0,6,6,0,1,4,2.456,1,6,4,7,7,3,0,8.495,6,6,6,3,1.021,5,1,6,3,1,4,0,3,3,0.0,5.374,1,2,4.822,5.324,4,1
6.485,3,0,38560.77,6,4,7,5,3,1,6,0.706,1,7,5,6,5,5,2,3.876,5,6,4,0,-1.818,7,1,2,3,4,4,1,0,4,0.0,7.718,5,6,6.328,6.63,7,1
1.694,0,1,0.0,4,5,0,6,5,1,1,0.61,0,4,6,7,6,4,3,6.063,4,4,6,4,0.013,2,1,0,4,1,1,1,4,2,53.2,2.842,2,5,2.809,2.317,7,1
1.448,3,7,0.0,3,0,4,7,7,0,4,-1.537,0,5,5,7,3,3,4,-0.659,3,6,3,3,-0.353,3,0,7,7,6,6,2,3,2,0.0,1.054,1,5,1.652,0.221,2,0
0.497,4,2,0.0,7,1,0,0,1,0,1,0.789,0,3,6,5,6,7,1,-1.703,1,6,7,1,-1.045,5,0,1,5,4,6,7,2,1,0.0,0.736,5,6,0.594,-0.537,7,0
0.256,7,0,0.0,5,4,3,6,2,0,7,0.03,0,7,3,2,6,2,3,0.505,6,3,5,5,0.129,5,0,4,1,6,7,0,5,5,0.0,1.674,7,0,0.288,-2.689,1,0
0.306,1,7,0.0,6,3,3,7,5,0,1,1.436,0,3,1,5,2,6,7,5.089,2,4,6,7,-0.089,4,0,4,6,6,1,1,7,2,0.0,-0.076,0,3,0.899,-2.021,4,0
0.372,4,4,0.0,3,3,4,7,7,0,2,-0.163,0,3,2,3,0,3,6,1.792,5,6,4,0,0.296,2,0,5,1,2,7,4,0,6,0.0,0.603,0,5,0.656,1.157,7,0
-0.191,7,6,0.0,2,1,6,5,6,0,7,-0.29,0,3,1,6,5,2,6,-2.524,3,6,2,4,-0.764,2,0,5,0,7,7,2,4,4,0.0,0.791,2,7,0.901,1.712,1,0
1.071,3,5,0.0,6,6,0,0,4,0,2,1.041,0,1,2,2,5,4,1,-0.762,0,2,5,0,0.105,2,0,5,3,3,3,0,4,3,0.0,-0.092,2,6,0.758,-0.383,5,0
0.6,7,3,0.0,2,6,1,7,3,0,7,0.148,0,4,6,0,2,6,2,4.063,7,3,7,3,0.798,0,0,4,3,2,2,3,1,1,0.0,1.917,2,6,1.32,0.282,0,0
2.061,3,3,2480.12,7,0,7,1,0,1,3,2.05,0,2,2,6,7,5,2,4.491,6,2,7,2,1.43,4,1,1,6,3,0,7,7,3,0.0,2.396,7,5,2.672,0.779,2,1
2.062,5,3,0.0,4,1,7,2,0,1,4,-0.271,0,6,5,1,2,4,5,4.536,4,6,6,5,-1.122,7,0,0,7,7,4,3,2,6,0.0,2.964,0,3,2.301,1.688,1,0
1.843,2,7,0.0,2,2,1,7,3,0,6,1.397,0,4,0,3,3,7,0,0.495,3,7,5,6,-0.248,2,0,4,1,7,5,2,7,3,0.0,1.046,4,7,1.845,2.321,4,0
1.244,1,5,0.0,1,4,7,2,1,0,1,0.688,0,0,3,1,6,2,0,-0.357,7,2,4,6,-0.245,3,0,2,4,6,3,5,5,2,0.0,-0.013,2,6,0.274,1.467,1,0
2.259,5,6,0.0,2,6,5,3,7,1,4,0.659,0,0,2,7,2,3,0,1.944,3,0,7,4,0.428,7,0,4,4,1,6,1,2,3,0.0,1.919,0,5,1.098,0.775,2,0
0.262,6,2,0.0,7,4,6,3,7,0,2,0.419,0,1,7,4,5,0,7,2.397,6,6,7,3,1.084,1,0,2,7,2,5,4,1,1,0.0,1.343,3,5,0.748,1.86,4,0
0.671,4,7,0.0,4,3,4,5,6,0,0,-0.798,0,6,4,2,4,1,3,0.641,2,7,0,6,0.451,4,0,5,0,2,7,1,5,1,0.0,0.544,2,2,1.027,1.402,7,0
1.968,3,4,16468.19,7,4,1,5,7,1,4,2.271,1,1,0,6,5,4,6,1.064,2,7,5,5,-0.303,5,0,6,4,2,4,4,0,7,0.0,1.504,5,5,2.733,2.063,2,1
1.762,1,4,0.0,1,6,3,5,3,0,6,-1.541,0,4,1,3,6,4,4,3.655,6,1,4,4,0.848,5,0,3,4,4,5,1,6,1,0.0,2.586,6,2,1.346,2.565,3,0
2.083,4,0,0.0,1,5,4,4,7,0,1,-1.447,0,0,0,3,0,1,1,0.708,6,3,2,2,0.534,1,0,7,0,7,7,3,4,5,0.0,2.526,0,4,1.896,2.128,4,0
2.788,7,5,0.0,1,5,2,1,7,1,4,0.628,0,3,2,7,0,5,7,-1.356,2,0,1,0,0.516,2,0,4,5,6,5,6,2,3,0.0,3.583,1,3,2.668,2.493,3,0
2.065,6,7,0.0,0,4,5,1,0,0,5,0.383,0,5,2,7,3,5,2,0.815,0,7,3,2,-1.016,7,1,0,3,0,3,0,2,3,0.0,2.484,2,1,1.786,2.202,6,0
2.092,4,3,0.0,2,2,6,0,3,0,0,0.246,0,6,0,5,3,5,2,0.194,5,0,7,5,0.519,5,0,4,7,2,1,2,7,6,0.0,2.68,5,6,2.18,2.228,2,0
1.671,7,5,0.0,0,4,3,2,5,0,7,-0.58,0,0,0,3,1,3,6,1.244,1,0,0,1,-1.277,1,0,7,7,2,5,1,5,4,0.0,0.974,0,0,1.832,5.476,2,0
2.01,3,0,0.0,4,7,0,3,4,0,0,-0.788,0,4,3,2,1,0,4,-0.222,6,1,4,6,1.906,0,0,2,3,7,2,0,1,4,0.0,2.961,0,0,1.7,1.398,7,0
4.421,3,4,33596.25,5,5,3,4,6,1,5,0.491,1,6,4,4,4,5,1,4.213,7,5,0,0,-0.014,4,1,7,2,2,0,6,4,6,59.21,5.316,7,1,4.24,6.943,5,1
4.238,2,0,21375.41,6,1,0,3,4,1,2,0.87,1,1,4,3,2,0,0,3.17,4,1,3,0,-0.733,4,1,5,6,7,5,2,7,7,0.0,3.535,1,4,5.007,4.6,0,1
0.627,6,1,0.0,4,4,6,5,7,0,3,0.216,0,2,5,1,2,3,0,4.513,5,6,4,4,2.083,0,0,1,7,6,2,5,7,2,0.0,2.169,2,1,0.402,-0.468,4,0
0.243,7,5,0.0,2,7,1,2,6,1,7,-0.31,0,5,7,5,4,7,3,2.736,1,6,3,6,2.44,2,0,2,6,7,4,7,7,1,0.0,-0.964,2,1,1.847,3.831,4,0
0.043,4,6,0.0,7,1,2,4,3,0,5,0.189,0,0,2,1,2,2,7,2.076,3,3,0,3,-0.194,6,0,3,3,3,7,7,5,0,0.0,1.378,3,0,0.513,-1.119,0,0
1.226,3,2,0.0,5,3,1,1,7,0,4,0.035,0,6,4,7,4,4,7,1.477,5,1,3,1,0.094,7,0,0,7,4,0,2,1,4,0.0,1.226,5,2,1.746,0.11,6,0
1.583,6,4,0.0,1,0,1,5,3,0,7,0.975,0,1,7,7,1,1,1,4.595,0,1,7,0,-0.273,2,0,4,3,2,2,7,2,1,0.0,2.288,1,4,1.92,2.987,5,0
5.022,0,7,32159.9,3,7,2,4,1,1,7,2.052,1,4,2,5,3,1,3,5.03,5,4,7,0,0.844,6,1,4,2,2,0,6,0,4,0.0,4.111,3,7,5.347,4.134,0,1
3.45,5,2,0.0,2,3,1,1,0,0,0,-1.362,0,1,3,0,5,5,7,1.328,1,1,5,3,1.158,4,1,6,6,4,3,1,7,0,0.0,3.368,2,1,3.208,4.07,3,0
4.675,1,1,10448.73,0,6,6,2,6,1,0,1.251,1,5,3,4,0,4,1,6.739,3,0,4,2,1.257,2,1,2,5,1,0,6,2,2,0.0,5.512,5,2,5.115,6.231,7,1
0.836,3,2,0.0,2,4,7,2,2,0,7,1.951,0,5,0,0,5,6,3,-0.565,1,7,4,2,0.992,1,0,4,6,0,7,7,6,1,0.0,1.35,0,4,0.022,-0.103,2,0
0.57,6,6,0.0,5,5,7,0,7,0,1,-0.098,0,3,1,6,3,6,1,2.516,2,2,0,7,0.962,7,0,2,6,2,1,1,2,3,0.0,1.331,5,5,0.6,-2.118,6,0
1.811,3,3,0.0,3,1,7,5,6,0,0,0.691,0,2,5,3,4,4,3,0.211,1,2,3,5,-0.481,5,0,7,1,1,5,0,5,6,0.0,-1.281,0,1,1.822,4.14,0,0
1.497,2,2,0.0,2,3,5,0,4,0,7,1.192,0,3,0,0,3,5,2,1.478,0,1,1,6,-0.067,7,0,2,4,7,2,6,5,6,0.0,2.792,5,4,1.802,-0.379,7,0
1.627,1,7,0.0,6,5,2,6,2,1,7,0.544,0,2,6,3,0,1,5,2.474,6,5,6,6,0.447,5,0,7,0,3,0,1,2,0,0.0,1.534,6,7,1.381,0.371,0,0
2.918,7,4,0.0,0,6,0,3,0,1,5,-0.312,0,3,1,7,5,7,2,-1.369,6,7,1,4,-0.94,5,0,7,6,4,1,7,7,5,0.0,0.657,3,7,2.161,1.42,2,0
2.306,2,6,0.0,5,2,7,6,1,1,3,0.069,1,4,3,7,7,4,3,-1.542,7,2,6,2,1.427,0,0,7,7,4,3,4,4,7,0.0,2.175,0,6,1.745,0.898,1,1
2.787,6,1,0.0,5,6,6,7,6,1,7,0.092,0,1,3,5,5,4,4,2.307,1,3,7,2,0.373,6,1,5,3,0,5,5,2,1,29.24,0.034,5,5,3.493,3.852,0,1
0.907,7,3,0.0,1,0,0,4,0,0,7,1.139,0,0,4,1,6,3,2,-0.445,1,3,0,6,-0.502,2,0,6,0,2,5,7,2,7,0.0,0.83,2,0,1.816,-0.003,4,0
2.046,3,3,0.0,7,5,4,4,4,1,2,2.047,0,7,5,1,5,6,5,2.628,2,4,6,0,-0.961,1,1,3,4,0,3,0,2,2,57.1,2.36,4,0,2.87,4.398,7,1
2.213,7,2,32340.67,5,5,0,1,5,1,4,1.139,0,6,4,1,6,1,0,4.492,1,2,6,4,-0.033,4,1,1,5,1,2,3,7,3,0.0,1.107,0,3,2.908,2.393,7,1
1.901,5,5,24441.22,3,0,7,0,3,1,0,1.399,0,7,7,6,5,6,4,3.97,6,4,2,3,-0.269,6,1,5,3,1,5,0,1,4,0.0,2.687,7,7,2.054,1.932,4,1
1.288,4,1,0.0,1,7,6,1,5,0,5,0.726,0,3,5,2,0,2,4,-0.613,3,3,6,3,-0.877,7,0,2,4,2,0,6,0,4,0.0,0.992,3,0,0.73,0.091,1,0
1.575,6,3,0.0,0,0,6,6,6,0,4,-0.314,0,0,1,7,2,3,4,0.752,0,1,7,0,0.162,5,0,2,1,3,4,6,6,1,0.0,1.102,5,0,1.143,2.398,1,0
1.237,4,1,0.0,7,2,6,2,3,0,2,-0.043,0,1,2,3,2,2,6,-0.081,0,7,3,6,-1.521,1,0,2,4,5,5,3,6,5,0.0,2.007,0,2,1.445,5.165,3,0
1.235,6,7,0.0,7,4,3,0,3,0,0,0.113,0,5,2,5,3,5,5,0.801,7,4,4,3,0.094,0,0,1,1,2,4,6,0,3,0.0,1.053,0,4,1.101,-0.738,2,0
3.048,2,1,0.0,7,1,0,4,0,1,4,-0.459,0,1,0,2,5,5,0,3.691,2,1,4,0,-1.15,5,0,5,4,7,6,1,6,4,0.0,1.342,0,7,2.14,-1.6,7,0
1.75,5,4,0.0,3,0,2,2,5,1,7,0.978,0,3,0,3,6,7,2,-2.558,5,1,7,5,0.497,1,0,6,0,1,2,3,6,7,0.0,2.383,0,7,2.16,1.762,2,0
2.405,7,4,0.0,6,2,0,6,3,0,5,-0.573,0,0,2,3,2,1,6,-1.805,2,0,3,0,-0.233,5,0,3,0,2,4,4,4,2,0.0,2.737,0,3,2.051,3.671,5,0
0.938,1,0,0.0,4,4,5,5,2,0,1,-1.591,0,2,0,4,6,6,3,3.905,0,3,2,0,-1.023,6,0,3,0,4,3,2,4,7,0.0,2.518,4,7,1.035,1.855,6,0
2.84,1,4,0.0,6,0,2,6,7,1,5,0.015,0,1,3,5,6,4,2,2.718,7,7,4,3,-1.183,4,0,4,5,1,6,0,2,7,0.0,2.327,6,1,1.985,5.444,1,0
0.479,5,0,0.0,3,2,3,4,5,0,1,1.037,0,0,1,3,3,7,4,0.963,0,6,6,1,0.56,6,0,4,7,3,3,3,4,1,0.0,0.929,2,6,0.996,1.263,4,0
2.552,4,3,0.0,1,7,2,6,6,1,3,1.789,0,3,4,1,6,7,4,0.352,6,2,5,7,-0.444,3,0,1,2,0,4,1,2,1,0.0,0.612,6,1,1.155,3.412,3,0
3.378,3,6,1003.53,2,0,2,6,3,1,4,1.171,1,5,5,3,7,7,6,1.71,0,1,5,4,1.892,2,1,1,3,3,7,1,6,0,0.0,5.02,4,5,3.047,3.374,2,1
1.71,6,7,0.0,7,3,4,5,3,0,4,1.947,0,6,0,3,1,3,4,-0.28,6,0,3,7,-0.05,3,0,0,4,4,0,2,1,3,0.0,2.114,6,0,1.358,0.999,1,0
0.783,6,2,0.0,6,0,1,6,6,0,4,0.427,0,3,3,6,4,1,1,2.255,1,4,5,6,-3.07,7,0,4,7,2,5,2,7,1,0.0,0.594,4,7,0.411,1.419,1,0
3.856,0,1,28561.45,7,5,1,0,6,1,6,1.141,1,3,4,1,7,1,1,5.485,7,0,2,0,0.47,0,1,3,2,1,6,1,7,5,0.0,2.287,3,7,3.396,-0.042,4,1
1.217,0,4,0.0,6,0,7,0,0,0,0,-1.396,0,0,0,5,7,5,7,0.178,3,4,7,2,-0.5,7,0,3,7,4,5,5,0,3,0.0,0.877,4,3,1.48,2.366,3,0
3.317,4,7,9156.65,1,3,7,4,6,1,6,2.051,0,2,1,2,2,5,1,-0.472,4,3,0,1,-0.328,4,1,1,2,5,7,4,2,3,44.46,3.218,6,5,2.837,3.119,1,1
3.679,1,4,34292.31,3,7,0,1,7,1,4,1.417,1,1,1,3,5,0,7,6.636,3,1,3,2,-1.11,5,0,4,6,6,6,5,2,2,0.0,1.893,1,5,3.011,7.219,6,1
1.063,6,4,0.0,2,0,6,4,3,0,2,1.493,0,7,0,3,3,0,4,0.727,1,0,0,6,-0.586,6,0,5,0,7,6,1,1,2,0.0,3.691,0,1,0.989,2.323,7,0
3.239,4,4,1302.53,4,1,5,3,1,1,3,-0.807,0,6,2,0,3,5,3,0.274,1,0,0,5,-0.244,7,1,3,3,2,7,3,2,6,0.0,2.777,7,0,2.718,6.214,2,1
0.925,6,2,0.0,1,5,7,7,2,0,2,-0.072,0,0,6,2,4,2,0,1.865,7,5,7,3,-0.181,5,0,2,2,1,1,2,0,7,0.0,-0.016,6,2,0.602,5.496,4,0
4.395,2,2,15045.36,3,3,1,3,4,1,5,0.552,1,2,1,4,2,7,6,6.105,3,4,3,1,1.109,1,1,0,4,3,2,6,7,7,0.0,4.932,1,3,4.049,3.89,5,1
0.792,0,7,0.0,4,3,1,5,0,0,2,-0.217,0,7,2,6,2,0,5,-2.662,5,0,7,6,-0.233,5,0,2,0,6,4,0,3,7,0.0,0.967,2,7,0.629,1.087,1,0
1.558,3,3,0.0,2,7,6,4,6,0,5,0.081,0,6,7,1,5,1,7,4.991,5,1,4,7,-0.389,6,0,4,3,6,1,5,4,7,0.0,2.317,7,0,1.029,4.73,6,0
1.495,1,5,0.0,7,0,7,7,4,0,1,-0.233,0,5,1,0,5,0,6,0.932,3,5,2,5,-2.356,2,0,3,5,1,1,3,4,2,0.0,1.075,7,3,0.439,0.232,5,0
1.139,3,0,0.0,0,0,0,7,5,1,2,-0.241,0,3,6,6,6,1,7,3.463,0,0,6,4,-0.441,2,0,6,5,2,2,5,5,4,0.0,2.601,1,7,1.399,1.704,7,0
0.702,0,5,0.0,0,0,2,0,0,0,4,-1.474,0,2,4,3,2,4,4,-1.021,7,0,2,3,-0.458,7,0,0,7,6,1,3,5,1,0.0,0.678,4,5,0.113,0.904,3,0
1.217,4,3,0.0,3,2,2,5,3,0,2,0.787,0,0,3,2,6,6,1,1.347,4,6,5,1,0.973,2,0,1,6,6,3,3,1,1,0.0,-1.761,4,5,0.73,2.394,3,0
2.486,7,7,18837.42,0,3,7,5,6,1,3,0.877,1,3,5,5,5,7,2,1.298,4,5,5,0,-2.067,3,1,7,7,7,1,7,2,5,0.0,2.805,2,4,3.069,3.625,4,1
2.605,1,3,0.0,3,6,7,7,3,0,0,-0.124,0,7,2,6,7,5,5,1.312,4,0,4,2,1.241,3,0,0,7,4,4,6,2,7,0.0,1.174,4,4,2.353,0.111,0,0
3.475,6,0,35496.27,2,2,4,5,4,1,4,1.549,1,2,0,2,1,5,4,5.103,5,3,0,1,-1.943,2,1,5,6,2,5,3,1,3,0.0,5.948,2,3,3.354,3.718,2,1
0.883,3,3,0.0,5,5,4,4,2,0,4,0.87,0,7,0,7,6,3,1,0.891,0,5,6,5,-2.388,6,0,1,2,7,0,5,5,3,0.0,1.964,3,2,1.126,-0.514,2,0
3.507,5,5,10193.6,2,1,2,2,5,1,4,2.573,1,2,3,6,2,5,5,1.969,4,1,6,7,-0.219,5,1,7,2,5,3,0,2,4,0.0,4.739,4,5,4.14,4.675,6,1
1.096,6,0,0.0,2,6,1,6,0,0,4,1.01,0,3,2,1,6,3,4,3.88,0,2,7,5,-0.202,7,0,3,5,1,3,4,6,5,0.0,1.51,3,4,0.738,0.827,1,0
3.715,2,5,15347.66,4,6,3,5,6,1,7,2.197,1,7,3,7,6,7,1,3.507,0,6,0,5,1.491,2,1,7,5,6,5,7,5,4,0.0,1.977,4,2,4.089,4.1,1,1
0.625,7,0,0.0,0,0,5,0,3,0,5,0.376,0,2,0,5,0,7,7,0.861,7,0,4,6,-0.242,3,0,1,7,5,6,7,5,7,0.0,1.396,2,5,1.481,2.653,3,0
3.581,7,6,0.0,1,3,6,4,6,0,2,0.81,1,5,1,3,7,0,4,2.725,4,3,3,3,0.396,2,0,7,3,7,2,5,1,0,0.0,3.438,0,3,2.79,3.163,0,0
1.654,5,6,0.0,0,0,2,5,5,0,1,-0.319,0,4,2,3,3,0,2,0.876,6,2,3,6,0.197,5,0,5,7,3,1,6,2,6,0.0,1.28,3,2,0.808,2.94,5,0
2.251,0,3,0.0,1,4,2,3,5,0,4,-0.955,0,2,3,5,5,6,2,0.37,2,1,6,2,1.205,3,0,4,0,4,6,0,1,7,0.0,1.816,5,6,2.443,2.026,0,0
0.615,0,7,0.0,6,4,0,0,7,0,4,-0.658,0,0,3,2,5,3,3,-2.15,0,5,3,7,-0.081,6,0,5,2,4,1,6,5,6,0.0,0.911,2,0,1.105,1.541,2,0
0.843,5,4,0.0,6,7,2,0,7,0,1,-0.41,0,5,5,5,0,0,4,-2.896,4,0,4,1,-1.023,2,0,6,4,0,4,2,0,1,0.0,1.287,6,1,0.565,-1.655,2,0
3.899,4,7,30269.64,0,4,2,6,5,1,1,0.715,1,7,2,6,4,7,7,2.958,2,4,1,1,-0.447,2,1,5,6,5,5,0,6,0,0.0,3.275,2,7,3.765,0.659,4,1
0.444,6,1,0.0,5,4,2,1,5,0,1,0.419,0,1,4,2,2,4,0,-3.117,6,5,7,3,2.439,6,0,0,4,4,0,5,4,5,0.0,0.141,3,6,1.017,-1.698,5,0
2.411,6,3,23962.93,4,4,4,0,5,1,5,0.878,0,7,3,0,4,6,5,2.173,7,3,0,1,-0.525,6,1,7,3,5,4,1,0,6,6.89,1.509,5,4,2.687,4.939,2,1
7.433,4,2,35456.48,7,0,0,0,3,1,1,1.465,1,4,3,3,0,4,2,11.209,2,1,4,1,1.337,2,1,4,7,6,0,5,2,5,0.0,5.937,2,2,6.832,7.738,2,1
2.574,4,0,0.0,7,6,3,4,4,0,7,0.123,0,1,5,7,7,6,7,3.816,4,7,5,0,0.629,0,0,3,6,3,3,2,1,0,0.0,0.864,6,2,1.895,1.329,6,0
0.604,4,1,0.0,0,2,3,7,3,1,2,0.481,0,3,5,4,7,2,3,-1.552,6,3,7,3,0.617,6,0,3,2,4,3,5,2,3,0.0,1.956,5,4,0.933,3.48,3,0
4.59,5,7,9771.83,3,6,7,7,1,1,6,2.4,1,3,2,7,1,2,1,5.484,5,3,0,2,-0.558,3,1,5,6,3,5,1,1,5,0.0,7.121,1,6,4.522,5.02,5,1
0.638,1,1,0.0,5,0,6,1,7,0,2,-0.483,0,1,1,5,2,0,7,-0.746,2,2,0,2,1.228,2,0,1,3,2,6,2,6,0,0.0,1.611,0,2,0.934,1.753,7,0
1.045,5,3,0.0,7,5,5,4,3,1,3,0.181,0,7,1,0,0,1,4,2.216,4,0,2,6,-0.08,0,0,4,4,5,5,5,3,2,0.0,2.318,1,3,1.678,0.429,7,0
3.611,3,4,39541.59,2,0,2,6,3,1,5,1.195,1,4,4,3,6,0,5,4.118,1,4,0,5,0.033,2,1,6,5,2,6,6,1,7,0.0,1.837,2,3,3.755,2.6,4,1
2.704,5,3,0.0,4,2,0,2,0,0,4,-0.428,0,3,3,3,0,2,1,4.225,0,4,7,3,0.702,2,0,2,2,0,2,0,3,4,0.0,3.41,2,2,2.368,1.122,4,0
3.688,1,7,33315.84,7,2,4,6,4,1,3,1.711,1,6,0,2,7,0,2,3.796,5,6,1,4,-0.15,5,1,4,0,5,7,1,1,7,0.0,3.866,0,1,3.338,6.445,4,1
3.716,4,2,0.0,0,5,4,4,2,1,4,1.177,0,1,4,4,7,1,0,3.243,5,7,1,0,-1.017,7,0,6,0,1,1,2,0,7,0.0,1.338,3,4,2.586,3.731,5,0
1.183,6,1,0.0,6,6,1,2,2,0,3,-0.561,0,6,2,4,4,4,1,1.183,1,3,6,4,-2.131,7,0,5,6,3,7,4,4,6,0.0,0.595,0,3,0.897,1.499,0,0
0.935,7,0,0.0,1,5,2,3,1,0,5,-0.829,0,3,3,7,1,3,6,-0.065,6,4,3,0,-0.101,3,0,6,2,5,3,0,3,2,0.0,-0.38,4,3,0.977,2.335,1,0
3.269,3,5,3407.89,3,0,2,4,7,1,5,1.694,0,2,2,7,5,5,5,-0.329,4,1,5,5,-0.045,0,1,6,5,1,6,3,1,5,6.59,3.155,5,6,2.242,3.173,5,1
0.041,7,3,0.0,5,1,0,7,1,0,7,0.242,0,0,2,0,5,3,4,-1.014,0,4,1,0,-0.171,2,0,0,0,2,1,3,0,4,0.0,1.899,3,4,0.291,-1.008,6,0
2.142,5,3,0.0,7,5,7,1,5,0,4,1.059,0,1,0,2,3,0,3,0.135,1,3,1,3,-0.771,4,0,4,4,2,0,1,0,6,0.0,3.263,3,6,2.22,3.682,6,0
4.159,3,1,37251.9,1,7,5,7,4,1,3,2.173,1,4,5,5,2,2,0,5.316,0,5,3,7,-0.582,5,1,7,2,5,4,1,6,6,0.0,3.287,7,4,4.083,2.081,0,1
4.056,2,3,37333.63,4,4,0,3,1,1,2,2.135,1,4,7,2,3,4,5,-0.764,3,7,3,1,-0.125,2,1,6,4,2,0,0,5,6,18.36,4.811,1,0,3.964,7.258,6,1
1.858,1,7,0.0,4,7,0,6,0,0,0,-0.894,0,7,1,0,7,3,5,-0.305,4,5,5,3,-0.532,6,0,3,6,0,1,0,5,1,0.0,0.409,3,5,1.858,-0.458,1,0
1.319,3,2,0.0,2,6,3,3,5,0,1,0.646,0,6,6,0,5,6,0,1.31,4,3,0,1,0.63,1,0,2,1,2,4,3,1,1,0.0,0.849,3,3,1.326,-0.918,6,0
2.51,2,5,23245.85,2,6,5,6,3,1,6,1.805,0,1,5,0,6,7,2,7.452,7,7,1,6,-2.681,3,1,1,1,3,6,1,7,3,0.0,3.576,1,4,3.087,2.439,5,1
0.444,6,7,0.0,6,3,3,6,4,0,7,-1.943,0,3,3,7,1,6,7,0.244,0,3,0,5,-0.417,3,0,7,5,4,1,4,2,2,0.0,1.341,2,5,0.909,2.645,3,0
2.563,0,0,0.0,5,4,2,0,0,1,1,0.901,0,7,1,6,3,7,3,5.545,0,7,0,5,0.284,4,0,4,5,4,3,1,3,7,0.0,0.455,3,1,2.368,1.267,1,0
3.008,7,0,29490.14,3,6,1,0,7,1,1,2.063,1,2,1,1,2,3,6,2.389,3,0,3,2,0.603,1,1,0,4,4,2,0,3,5,0.0,2.089,5,2,3.213,3.257,1,1
1.342,1,6,0.0,6,5,7,1,5,0,1,-0.605,0,3,3,7,1,7,1,2.535,7,2,7,3,1.28,7,0,1,7,4,0,1,5,1,0.0,1.167,3,0,0.855,-2.294,6,0
0.866,7,6,0.0,5,3,5,0,7,0,0,-0.8,0,7,5,5,7,4,1,3.734,3,5,3,2,0.226,6,0,5,0,0,6,1,1,1,0.0,1.055,4,0,1.18,0.158,2,0
1.621,6,1,0.0,5,0,4,1,6,0,3,-2.113,0,2,5,2,7,4,7,3.224,7,2,6,7,0.041,4,0,4,0,3,6,5,1,2,0.0,0.407,2,5,1.117,1.919,7,0
1.329,6,3,0.0,7,7,2,2,0,0,7,1.327,0,5,0,4,1,0,3,2.985,0,7,6,5,2.645,1,0,1,3,2,1,4,3,2,0.0,-0.406,2,4,1.558,0.537,2,0
0.325,1,7,0.0,7,2,5,1,2,0,5,0.445,0,5,3,6,5,5,1,-1.795,7,7,0,6,2.567,5,0,3,5,3,5,6,2,7,0.0,0.095,3,0,0.46,-0.022,1,0
0.58,0,5,0.0,7,1,2,4,0,0,1,-0.48,0,3,0,7,1,7,4,2.893,4,1,6,4,-0.727,6,0,5,7,2,7,3,7,6,0.0,1.828,7,6,1.474,1.929,6,0
2.197,0,7,0.0,3,5,0,2,0,0,0,0.723,0,0,7,2,6,4,0,3.791,6,6,7,4,-0.854,7,0,2,5,1,2,3,4,7,0.0,3.155,1,7,1.845,0.803,3,0
0.792,7,0,0.0,5,5,6,2,6,0,7,1.767,0,7,6,3,7,1,3,0.347,5,5,7,1,1.288,3,0,5,2,3,5,0,3,7,0.0,1.135,6,2,0.714,0.431,4,0
7.016,1,1,12198.34,2,1,4,0,1,1,6,1.706,1,6,6,0,3,4,3,7.37,1,4,2,5,1.179,4,1,1,4,7,7,3,1,6,57.46,7.055,5,7,6.322,8.484,2,1
1.536,4,7,0.0,1,5,1,1,4,0,1,-0.495,0,5,2,6,0,2,0,2.683,2,4,0,3,0.428,2,0,0,7,4,5,2,1,3,0.0,2.817,1,7,1.068,2.0,5,0
6.489,2,1,24305.74,0,6,7,3,0,1,4,0.429,1,1,7,7,2,4,6,7.221,0,5,3,3,-0.238,3,1,2,1,2,7,2,4,6,0.0,6.295,5,4,6.732,8.302,1,1
1.942,3,4,0.0,0,4,7,6,7,0,4,-1.228,0,5,5,5,0,3,2,0.118,5,3,0,2,-0.289,6,0,6,1,3,3,3,6,3,0.0,2.353,4,5,1.59,3.642,4,0
2.411,0,0,0.0,1,7,2,3,4,0,6,-0.269,0,7,1,2,4,6,3,-1.142,6,5,7,2,0.534,1,0,1,5,1,1,7,6,5,0.0,1.244,6,2,1.075,3.166,2,0
1.895,6,3,0.0,6,6,0,2,1,1,2,0.49,0,6,1,7,3,5,7,2.495,1,0,5,1,0.687,6,1,6,7,3,2,1,0,5,0.0,1.167,1,0,2.565,2.176,4,1
0.285,2,4,0.0,4,2,5,4,2,0,5,-2.404,0,0,1,3,6,2,0,2.728,3,3,4,1,-0.185,3,0,3,1,1,5,4,7,2,0.0,1.102,5,0,-0.039,1.415,6,0
1.81,2,6,0.0,6,1,6,6,6,0,3,0.125,0,6,3,1,0,7,3,-0.984,5,5,7,7,0.152,3,0,3,1,2,2,6,6,3,0.0,2.44,0,0,1.093,2.147,4,0
2.972,7,2,0.0,5,5,3,6,7,0,0,1.11,0,2,5,1,3,0,4,0.779,6,5,0,1,-2.353,0,1,1,3,3,5,2,4,1,0.0,3.148,5,4,3.53,0.71,4,0
2.2,7,1,0.0,1,0,0,5,2,1,3,1.078,0,5,2,0,2,6,3,0.461,6,3,1,7,0.535,1,1,7,5,5,2,7,3,5,7.21,3.425,4,5,3.076,2.166,2,1
0.879,0,4,0.0,2,0,4,6,7,0,5,-1.3,0,5,4,7,3,7,7,2.253,2,5,0,0,0.516,1,0,5,4,5,4,3,0,3,0.0,2.116,7,7,1.137,3.409,0,0
1.182,6,1,0.0,2,2,1,7,0,0,5,1.123,0,5,3,2,1,5,0,1.525,7,0,7,4,0.504,6,0,0,6,0,7,2,5,1,0.0,1.614,2,4,0.377,-0.727,0,0
3.703,1,4,0.0,7,4,3,5,0,1,6,1.841,1,5,6,1,3,4,6,3.057,7,3,6,6,0.483,5,1,5,1,4,0,0,4,4,0.0,3.639,6,1,3.8,4.341,7,1
0.654,1,2,0.0,1,5,6,6,4,0,7,-2.314,0,4,1,7,1,0,5,0.03,2,1,2,4,1.832,0,0,1,3,4,7,1,1,4,0.0,1.362,2,5,1.578,1.023,1,0
0.86,3,0,0.0,5,0,5,7,2,0,2,-0.433,0,7,4,6,6,2,3,0.856,2,0,2,6,0.052,0,0,6,3,2,6,2,2,5,0.0,2.426,7,1,1.161,1.525,4,0
2.671,4,3,0.0,1,3,6,2,0,0,7,-0.597,0,5,0,2,2,7,1,3.388,6,5,3,1,0.046,7,1,3,6,4,4,5,4,1,0.0,1.79,7,0,2.544,2.192,6,0
-0.144,0,7,0.0,7,5,1,2,5,0,2,0.133,0,7,5,5,1,3,5,0.713,4,1,1,6,2.108,0,0,6,1,0,2,4,1,0,0.0,-0.016,4,7,-0.136,0.168,6,0
4.587,6,1,41534.02,4,2,5,1,0,1,3,1.436,1,2,3,7,4,1,0,4.678,6,4,4,6,-1.758,5,1,1,1,0,1,6,0,2,0.0,5.071,1,2,5.569,5.224,2,1
4.049,3,6,2448.43,2,4,2,4,5,1,1,2.328,1,1,3,4,6,0,5,5.848,3,3,0,7,1.176,3,1,6,4,3,3,3,6,6,13.62,4.385,0,1,4.027,3.98,0,1
0.625,4,5,0.0,4,5,0,1,0,0,2,0.949,0,1,0,4,3,7,2,1.608,1,6,6,6,0.516,4,0,0,3,5,1,2,0,7,0.0,1.672,0,4,1.595,-2.01,1,0
4.06,6,3,11446.11,6,0,4,7,6,1,7,2.143,1,0,3,2,2,7,3,4.472,5,2,0,4,0.652,3,1,5,5,6,4,0,1,3,0.0,4.786,0,5,4.907,8.302,3,1
2.987,4,2,32714.13,6,0,5,2,5,1,5,1.974,1,5,6,4,6,0,3,1.097,2,2,3,0,0.118,4,1,5,2,7,4,1,5,5,8.77,3.04,1,5,3.115,3.268,6,1
-0.571,3,7,0.0,5,5,4,1,7,0,0,-1.323,0,6,2,4,4,2,3,-0.608,6,4,4,7,-0.692,5,0,6,0,2,7,0,5,4,0.0,0.91,0,5,0.114,-2.186,0,0
0.171,2,0,0.0,1,5,2,4,3,0,2,-0.541,0,6,4,4,6,4,5,-0.411,7,4,4,2,-0.937,7,0,0,6,7,5,3,0,3,0.0,-2.117,5,5,1.07,2.129,1,0
0.88,0,7,0.0,1,6,1,5,5,0,0,-0.921,0,6,0,6,6,5,1,-0.951,0,1,0,1,-0.799,5,0,7,5,4,0,7,3,2,0.0,1.781,0,0,1.379,4.961,1,0
1.678,2,4,0.0,2,5,6,2,7,1,6,-0.177,0,3,6,0,6,5,4,3.612,1,0,4,0,-0.382,2,0,2,0,6,7,2,5,2,0.0,3.19,5,0,2.325,5.355,7,0
4.504,4,2,8514.19,6,4,4,6,6,1,0,2.958,1,4,3,6,2,2,2,3.625,0,3,6,5,-0.119,4,1,7,4,4,7,7,7,1,0.0,5.601,3,5,5.009,5.299,2,1
2.519,0,1,0.0,6,2,5,2,1,0,6,3.009,0,2,6,7,1,2,2,3.595,3,2,4,7,0.57,1,0,7,5,4,5,1,6,4,0.0,2.042,7,2,1.744,1.419,4,0
2.107,6,5,0.0,2,5,1,0,3,1,5,-0.134,0,4,3,6,4,6,7,3.233,0,4,4,7,0.981,3,0,1,4,4,1,2,1,4,0.0,2.448,4,7,2.17,4.901,3,0
2.604,4,0,0.0,5,6,4,1,7,1,0,2.374,0,2,1,7,3,5,5,3.179,0,4,2,3,-0.796,6,0,6,7,3,2,1,1,6,0.0,0.987,1,3,2.106,2.116,6,0
2.936,1,7,0.0,6,0,2,2,2,1,1,-0.093,0,6,0,3,6,7,2,4.945,2,7,0,4,-0.322,6,0,7,5,3,1,3,4,1,0.0,1.881,3,6,3.031,-0.036,2,0
1.122,0,7,0.0,4,7,6,4,1,0,0,-0.41,0,0,7,7,6,4,5,1.001,4,5,7,0,-0.203,1,0,3,1,2,3,3,4,5,0.0,1.96,6,2,0.718,-0.055,6,0
2.879,0,2,0.0,5,5,1,2,2,0,6,0.836,0,5,4,3,4,6,1,2.209,0,3,2,6,1.216,3,1,4,2,6,6,5,7,2,0.0,1.212,4,0,2.852,4.196,6,0
2.427,4,6,39899.01,4,4,0,6,4,1,0,1.089,1,6,4,4,5,1,0,1.664,0,0,2,0,1.011,3,1,5,5,5,0,0,2,2,0.0,5.431,5,7,2.398,3.385,6,1
1.298,3,1,0.0,1,7,3,7,7,0,4,-1.153,0,1,6,7,6,1,3,3.431,4,0,3,7,-1.127,5,0,1,0,5,6,6,0,7,0.0,2.374,6,5,1.147,4.911,7,0
0.114,3,0,0.0,6,1,7,6,7,0,1,1.105,0,4,6,3,3,5,2,3.097,5,2,2,3,-0.851,7,0,7,4,5,5,5,2,5,0.0,1.406,2,7,0.782,-2.389,1,0
0.382,4,0,0.0,3,5,5,7,1,0,0,0.615,0,7,3,6,5,7,7,4.275,2,1,4,4,0.008,0,0,7,2,0,4,5,5,0,0.0,-1.032,3,5,0.13,1.534,2,0
-0.008,5,6,0.0,2,4,3,4,6,0,3,-1.97,0,3,6,3,5,2,0,-0.143,5,5,0,7,-1.875,3,0,6,6,3,6,7,5,7,0.0,1.67,6,0,0.088,2.733,4,0
0.142,7,2,0.0,4,2,2,5,7,0,5,-0.682,0,1,2,2,7,1,3,3.852,3,1,3,7,0.512,0,0,5,5,6,7,2,4,3,0.0,1.08,5,2,-0.175,-1.022,4,0
4.248,2,0,0.0,7,4,4,0,0,1,3,2.174,1,5,6,7,7,4,3,4.26,3,0,2,2,-0.926,7,1,5,7,2,2,6,4,6,0.0,3.983,1,5,4.155,5.318,2,1
0.768,2,4,0.0,7,3,3,3,4,0,7,1.941,0,1,4,4,6,5,1,-0.529,5,6,0,7,1.178,2,0,3,6,6,6,3,0,2,0.0,0.539,5,3,0.809,-1.583,1,0
4.85,3,0,39888.6,0,4,6,1,5,1,5,2.873,1,3,4,7,2,4,7,2.162,5,5,4,3,-1.657,3,1,0,7,0,3,5,1,5,0.0,4.14,7,2,4.589,6.085,5,1
1.614,3,7,0.0,3,7,2,5,6,0,4,2.351,0,4,1,6,3,6,5,-3.273,6,6,0,5,1.831,0,0,4,1,4,6,5,4,4,0.0,0.165,3,5,0.861,0.371,7,0
0.638,3,7,0.0,7,1,1,1,5,0,4,1.197,0,3,5,2,2,2,5,0.683,4,4,0,5,-1.676,5,0,3,0,6,7,6,2,1,0.0,0.806,4,0,1.413,1.264,0,0
0.325,4,1,0.0,1,6,7,3,7,0,2,-0.527,0,3,5,1,6,0,7,-1.515,0,6,4,6,1.431,2,0,5,6,6,7,2,1,4,0.0,-0.726,3,3,-0.045,2.485,5,0
0.614,6,3,0.0,6,0,2,1,2,0,7,-0.951,0,0,3,0,5,6,3,2.431,1,0,2,2,1.093,6,0,0,4,2,3,1,4,4,0.0,0.698,2,3,1.167,-0.967,2,0
4.133,1,7,27541.69,5,7,6,6,4,1,1,1.103,1,0,3,3,3,4,6,2.357,7,2,3,6,0.217,7,0,7,6,6,6,4,6,2,0.0,2.626,6,4,3.177,2.021,5,1
3.499,4,0,0.0,1,0,2,3,0,0,1,1.489,1,6,2,1,2,7,6,0.652,3,3,6,6,-0.249,5,1,6,3,2,0,7,2,4,0.0,2.367,2,3,3.334,2.699,4,1
3.125,0,2,0.0,5,6,3,6,2,0,1,1.724,1,5,1,6,5,5,2,0.053,0,6,5,4,-0.682,4,0,5,5,6,6,6,2,1,0.0,2.095,3,4,2.711,3.323,3,0
3.747,3,7,19504.55,6,1,7,5,4,1,3,0.838,0,3,3,2,7,6,7,-2.002,6,6,2,6,1.705,0,1,6,4,7,1,1,1,6,0.0,2.018,2,6,3.431,5.226,7,1
6.51,0,7,0.0,1,1,5,3,7,1,5,1.887,1,3,0,2,3,7,5,8.479,1,5,3,2,-0.63,0,1,5,6,5,0,1,7,2,0.0,4.056,1,0,6.32,8.14,3,1
0.538,5,1,0.0,7,4,5,3,3,0,1,-0.351,0,5,3,3,7,2,1,-4.527,5,2,1,0,-0.294,4,0,6,5,6,1,1,1,6,0.0,-0.058,3,4,0.272,1.814,2,0
1.964,5,6,0.0,2,7,0,2,7,0,4,1.217,0,7,5,0,6,2,6,1.208,4,7,4,1,2.056,6,0,7,0,1,0,3,2,4,0.0,1.496,3,7,2.676,0.606,6,0
2.412,0,6,0.0,6,4,6,7,1,0,4,0.083,0,7,7,6,7,1,6,3.749,3,5,4,5,-0.282,0,0,0,1,4,5,6,0,4,0.0,2.723,5,3,2.025,5.618,3,0
1.633,1,5,0.0,0,6,4,1,5,0,0,-0.233,0,0,4,7,3,4,6,4.54,3,5,2,5,-0.12,1,0,5,4,1,1,6,6,0,0.0,1.285,4,7,0.655,1.686,1,0
1.444,6,2,0.0,5,7,7,2,2,0,0,-0.725,0,4,1,6,2,4,6,1.174,2,4,5,3,-1.196,5,0,0,5,7,7,5,2,7,0.0,0.584,4,1,0.284,2.949,4,0
1.184,2,2,0.0,7,5,4,6,6,0,0,-1.21,0,5,6,1,3,5,2,5.022,7,1,2,2,1.016,5,0,5,5,6,3,0,4,0,0.0,1.577,2,2,1.718,0.264,0,0
-0.05,2,4,0.0,4,1,2,2,7,0,1,0.238,0,1,5,7,3,1,4,1.39,2,7,1,5,-1.6,0,0,7,0,0,1,3,5,5,0.0,-0.641,5,6,1.122,-0.171,6,0
0.943,4,6,0.0,3,1,7,7,3,0,0,0.582,0,4,7,5,5,6,3,0.077,3,4,1,7,-0.101,1,0,3,1,2,7,0,5,6,0.0,3.281,3,4,0.937,0.604,6,0
1.99,2,5,0.0,5,2,5,1,0,0,0,0.824,0,0,5,7,2,6,1,-0.897,3,7,7,7,-0.297,7,0,1,5,6,3,7,7,1,0.0,3.252,1,4,1.585,-1.573,4,0
0.837,0,3,0.0,3,5,4,2,0,0,4,0.224,0,4,1,7,7,0,0,-0.441,1,1,5,5,0.278,4,0,2,7,7,0,6,6,5,0.0,-0.622,5,6,0.913,0.403,3,0
3.402,2,7,0.0,7,2,0,3,5,1,2,-0.622,0,3,3,3,7,2,0,1.781,3,5,4,5,0.098,0,0,0,2,7,0,2,5,5,0.0,4.483,2,2,2.424,3.05,7,0
1.311,0,6,0.0,7,7,1,4,6,0,1,1.645,0,0,5,3,7,4,6,-2.357,0,6,2,4,-0.509,6,0,3,1,5,5,4,7,5,0.0,-0.228,5,0,1.218,1.909,1,0
4.094,2,5,36220.02,3,1,7,6,5,1,2,1.225,1,5,4,3,1,2,0,4.362,1,0,3,1,1.611,0,1,2,1,6,2,0,1,5,0.0,5.007,6,6,4.408,3.392,7,1
3.661,7,5,25822.81,7,5,0,2,4,1,2,-0.321,1,3,2,0,7,0,4,3.102,4,4,0,1,1.394,3,1,1,2,5,5,2,5,6,0.0,2.258,6,0,4.206,3.127,4,1
4.693,5,3,18350.56,3,5,5,4,0,1,5,2.005,1,6,1,0,2,5,4,5.552,4,1,7,1,1.145,1,1,1,7,6,0,3,7,2,0.0,4.167,3,7,3.943,2.929,4,1
1.972,6,6,0.0,5,3,0,2,1,1,1,-0.306,0,2,4,6,2,7,0,-0.422,6,3,4,2,-1.4,1,0,6,1,4,5,2,0,7,0.0,2.412,2,4,1.537,2.366,3,0
0.695,5,5,0.0,5,6,5,3,1,0,3,-0.683,0,1,3,7,4,4,3,2.862,2,2,6,5,-0.669,3,0,7,2,2,5,7,1,1,0.0,0.812,7,7,1.122,-0.792,6,0
4.104,0,2,21194.9,7,4,3,7,1,1,1,3.02,1,7,0,7,4,6,0,8.706,7,2,7,4,-0.007,6,1,4,0,6,4,5,3,7,42.37,8.011,5,6,4.646,3.139,0,1
2.851,1,0,0.0,5,7,2,2,1,1,7,2.072,1,5,0,3,0,7,2,1.758,7,5,0,6,0.676,6,1,6,6,5,1,6,1,6,0.0,0.152,5,4,2.199,4.316,7,1
2.405,0,2,0.0,1,4,5,3,4,0,4,-1.255,0,6,7,6,6,2,6,-3.138,5,4,0,1,-1.11,4,0,4,6,4,2,3,5,4,0.0,1.044,0,2,1.713,2.134,6,0
2.049,6,6,0.0,5,0,3,6,4,0,1,-0.193,0,0,2,0,0,5,3,3.692,7,1,2,1,1.462,0,0,4,6,3,1,3,1,4,0.0,2.683,0,5,2.032,3.618,7,0
0.522,7,7,0.0,2,5,5,1,1,0,4,0.427,0,5,3,0,3,5,0,0.529,0,1,7,4,-0.358,2,0,7,7,7,1,3,5,2,0.0,-0.296,2,4,0.5,2.321,3,0
3.134,2,3,0.0,1,7,0,2,0,0,6,-0.054,0,7,1,3,6,2,5,-0.273,7,5,6,4,1.142,3,1,6,7,7,5,0,0,1,0.0,2.538,0,6,2.725,1.92,3,0
2.591,2,6,0.0,0,3,0,7,1,0,2,0.074,0,0,6,0,1,4,1,4.825,0,6,3,5,-0.344,1,0,2,5,6,4,1,5,4,0.0,1.914,6,0,2.584,4.544,2,0
1.923,0,3,22610.39,7,7,5,6,3,1,3,2.015,1,3,3,5,6,5,5,-3.228,4,3,0,5,1.403,6,1,4,5,6,0,1,2,5,0.0,2.387,4,2,2.629,-0.051,6,1
1.348,1,0,0.0,3,0,1,3,3,0,3,-2.827,0,4,0,6,2,6,4,-0.098,3,2,0,5,-0.724,1,0,7,0,5,3,3,2,4,0.0,2.054,4,0,1.277,-0.179,7,0
1.566,1,3,0.0,4,3,1,6,2,0,3,0.501,0,3,1,6,1,5,2,5.023,2,0,4,4,0.511,5,0,7,4,7,4,2,1,0,0.0,0.542,0,3,1.877,1.199,4,0
2.418,1,7,0.0,6,4,5,1,2,1,4,0.563,0,4,7,2,4,3,6,0.928,4,4,6,5,-0.378,3,0,3,7,2,2,4,5,2,0.0,1.895,5,1,1.876,1.229,0,0
4.089,3,1,23134.99,7,0,7,5,4,1,6,3.163,1,3,6,6,5,3,0,-0.804,0,2,2,7,1.724,5,1,1,4,0,7,1,6,7,0.0,5.241,6,1,4.281,6.998,6,1
2.744,2,7,0.0,7,6,6,4,2,1,4,1.947,1,4,1,1,2,5,1,3.383,0,0,5,7,0.657,5,1,6,2,0,4,2,1,4,0.0,2.201,5,0,2.686,0.556,4,1
0.11,7,7,0.0,5,2,3,4,0,0,0,-0.751,0,0,3,0,1,6,2,-0.023,3,4,5,0,-0.171,3,0,7,0,5,3,7,3,5,0.0,-0.236,2,6,0.032,2.43,4,0
2.501,6,0,27472.69,2,0,2,5,2,1,7,1.31,1,0,1,4,6,3,1,-0.748,3,0,1,7,-1.208,6,1,0,4,0,4,3,7,4,26.51,3.44,4,3,2.019,4.201,4,1
1.852,6,6,0.0,0,6,4,7,3,1,0,0.589,0,7,4,6,3,6,7,2.531,5,4,5,6,-0.891,3,0,6,3,4,5,5,2,7,0.0,3.356,5,1,3.368,5.981,3,0
2.103,6,4,0.0,5,3,1,5,0,0,6,-1.299,0,0,0,5,7,6,5,0.177,7,4,6,2,-0.864,2,0,2,5,2,4,4,4,3,0.0,-1.658,3,6,0.865,-1.449,6,0
0.924,1,0,0.0,5,4,7,0,4,0,7,-0.199,0,0,0,4,2,0,4,0.986,7,1,7,0,0.765,1,0,4,0,2,3,7,5,7,0.0,-0.384,2,0,0.472,-0.266,5,0
1.306,6,0,0.0,2,0,0,7,7,0,5,-0.102,0,2,7,3,5,1,1,3.59,6,6,1,7,1.179,0,0,2,4,5,1,7,2,7,0.0,1.468,7,3,1.226,-0.956,5,0
3.89,0,3,11185.44,3,3,4,7,0,1,3,0.252,1,6,4,6,3,0,4,4.122,1,1,6,6,0.759,0,1,6,4,3,3,6,6,2,0.0,3.528,6,7,3.545,3.856,4,1
3.603,7,2,0.0,4,2,5,3,1,1,6,-0.316,0,6,4,4,1,3,3,4.478,0,5,1,4,0.121,5,0,6,5,6,7,5,6,3,0.0,4.379,2,3,3.638,2.852,3,0
0.689,0,2,0.0,6,2,2,0,5,0,2,0.381,0,6,4,0,1,7,1,-2.096,5,5,7,3,-0.119,5,0,7,1,2,2,0,5,1,0.0,0.585,7,3,0.291,-1.63,5,0
1.021,7,5,0.0,1,7,5,4,3,0,2,1.215,0,1,5,4,3,0,0,-4.107,3,7,7,6,0.022,1,0,4,2,5,4,4,2,5,0.0,1.372,2,7,0.695,0.963,2,0
1.293,3,7,0.0,0,0,1,5,1,0,0,-0.137,0,3,3,6,0,4,2,-0.416,1,7,5,3,-0.208,4,0,7,5,7,6,1,7,3,0.0,1.307,5,6,0.853,0.287,7,0
1.103,6,6,0.0,5,5,2,1,4,0,6,0.154,0,4,6,4,3,6,1,-0.388,2,2,2,5,0.286,6,0,5,4,2,1,7,5,6,0.0,1.196,6,0,0.656,0.134,4,0
-0.942,3,4,0.0,5,4,5,7,0,0,3,-0.787,0,1,4,3,2,0,3,-0.745,7,3,4,2,-0.027,7,0,3,4,3,4,1,0,5,0.0,0.905,2,4,-0.161,-0.467,5,0
0.643,7,3,0.0,1,2,0,3,7,0,7,0.519,0,1,1,5,0,1,0,0.879,2,0,1,7,0.129,1,0,3,1,5,6,5,5,2,0.0,1.156,2,1,1.496,1.078,5,0
3.541,4,2,3349.86,5,3,5,7,5,1,5,2.624,1,4,4,5,1,6,3,1.59,1,5,0,3,-0.446,2,1,0,3,6,3,4,3,5,0.0,4.724,3,2,3.783,4.142,7,1
0.342,2,1,0.0,1,0,1,0,1,0,3,-0.376,0,0,0,6,3,6,7,2.705,7,0,0,7,0.402,6,0,0,6,0,0,1,1,1,0.0,1.515,4,7,0.696,0.195,1,0
4.174,7,7,13797.92,7,3,4,6,2,1,7,1.054,1,2,3,4,4,1,0,1.168,7,1,3,1,-0.834,0,1,2,4,7,7,5,1,1,0.0,4.844,0,5,4.234,4.321,6,1
3.973,7,2,23983.22,7,1,3,5,2,1,4,4.326,1,3,1,6,5,3,4,2.037,4,1,2,2,1.642,4,1,1,1,5,5,4,4,3,0.0,4.448,4,6,4.218,5.644,7,1
2.081,5,4,0.0,3,3,4,0,4,0,4,1.618,1,5,2,0,6,6,3,2.942,3,1,2,1,-0.434,7,0,4,4,6,5,5,5,7,0.0,1.729,2,3,2.769,1.706,6,0
0.231,2,7,0.0,2,6,5,2,6,0,2,0.965,0,6,2,6,2,0,3,-0.033,4,3,5,1,-0.385,6,0,3,7,7,3,3,2,5,0.0,0.265,3,4,0.819,0.11,0,0
1.074,6,7,0.0,2,1,0,0,6,0,7,0.31,0,4,7,0,5,5,5,1.965,2,6,6,4,0.413,1,0,0,0,2,2,7,2,7,0.0,1.327,4,4,1.176,-2.768,5,0
0.669,6,0,0.0,3,0,7,5,2,0,7,-1.809,0,1,7,7,7,6,7,1.904,6,3,2,4,0.081,7,0,5,1,0,7,5,2,5,0.0,-0.765,5,3,0.591,0.513,7,0
1.552,7,3,0.0,3,1,5,7,1,0,4,1.936,0,1,4,1,0,5,5,1.093,5,5,1,3,-0.444,7,0,6,7,2,2,2,4,4,0.0,3.391,4,6,0.842,2.332,7,0
2.577,7,1,0.0,3,5,7,4,2,1,3,1.331,0,1,7,6,3,6,4,3.077,3,0,7,2,0.577,0,0,2,4,7,4,3,0,1,0.0,2.561,3,4,3.17,3.422,6,0
3.008,3,3,0.0,6,1,4,0,2,1,4,0.554,0,3,4,4,1,6,2,-0.068,5,1,1,3,-0.353,5,0,6,5,5,3,7,4,6,0.0,2.311,5,0,3.13,0.278,7,0
3.533,3,0,5924.93,2,4,6,6,7,1,4,1.978,0,5,7,4,2,6,0,0.291,6,1,0,1,0.751,4,1,1,6,1,7,6,1,0,0.0,2.607,1,0,3.085,2.73,0,1
0.912,2,0,0.0,2,1,3,7,6,0,4,1.712,0,7,0,3,7,7,7,0.841,0,5,5,6,0.412,3,0,5,4,0,1,6,7,7,0.0,0.692,5,2,0.477,2.726,1,0
2.716,2,0,0.0,1,5,0,0,4,0,2,-0.548,0,0,5,6,3,4,3,5.661,1,6,5,3,1.401,5,0,7,4,5,0,3,0,2,0.0,2.462,4,1,3.166,2.027,2,0
1.535,3,6,0.0,3,2,2,7,0,0,6,1.313,0,3,2,6,2,3,2,1.374,5,0,3,3,-0.891,4,0,5,6,6,4,4,3,2,0.0,0.381,4,6,1.724,2.965,6,0
1.65,4,5,0.0,1,0,1,2,2,0,2,1.818,0,3,2,6,0,7,7,1.053,2,7,6,6,-0.059,7,0,0,0,6,4,0,0,7,0.0,1.108,5,7,0.915,3.318,0,0
1.714,6,7,0.0,2,6,7,6,0,0,0,-1.581,0,3,7,1,1,0,0,-0.33,4,3,6,2,-1.503,3,1,6,1,1,4,7,6,6,0.0,0.468,2,0,1.357,3.51,4,0
0.744,4,6,0.0,3,0,1,6,2,0,1,-1.898,0,3,0,5,7,2,6,3.52,4,6,5,1,-0.137,1,0,3,5,6,3,3,6,2,0.0,1.662,7,3,0.686,2.221,2,0
1.725,7,2,0.0,4,1,4,2,7,0,3,-0.449,0,7,6,3,0,5,2,1.173,2,5,2,0,1.534,2,0,7,2,6,7,3,4,0,0.0,1.449,7,3,2.245,3.205,6,0
2.7,7,7,0.0,0,3,2,3,3,1,4,0.313,0,7,2,2,6,2,6,1.098,5,1,1,4,-0.573,6,1,6,6,0,1,6,2,1,13.13,3.203,3,0,3.007,2.559,1,1
0.339,5,3,0.0,5,7,1,7,2,0,6,0.734,0,3,6,7,0,6,1,0.974,0,3,6,7,-0.306,6,0,3,0,7,5,5,0,0,0.0,0.049,4,4,0.676,-0.453,5,0
0.856,7,4,0.0,3,3,2,0,7,0,7,-0.181,0,1,1,6,0,4,5,0.411,7,3,1,3,-1.18,5,0,4,5,0,1,0,4,2,0.0,1.198,6,6,0.964,0.562,2,0
0.677,7,5,0.0,7,6,3,1,6,0,2,0.398,0,6,2,3,4,4,7,2.978,6,7,1,2,0.26,1,0,2,5,1,7,5,7,4,0.0,1.2,4,6,1.412,2.515,6,0
2.06,1,0,0.0,7,3,4,0,2,0,3,-1.362,0,5,7,1,2,7,3,-1.037,1,5,4,1,0.495,7,0,7,2,1,0,6,6,0,0.0,2.576,2,7,1.288,1.815,1,0
2.886,6,6,0.0,2,0,4,4,7,1,3,-0.328,0,5,5,2,7,6,1,2.113,7,5,4,4,0.917,4,0,5,7,0,1,0,6,7,0.0,3.155,3,4,2.434,3.726,2,0
2.07,3,1,0.0,6,0,4,0,7,1,2,0.732,0,4,4,7,2,1,7,1.715,3,0,2,7,-1.527,1,0,2,5,5,2,0,2,4,0.0,1.546,7,3,1.727,3.717,4,0
1.599,5,2,0.0,0,0,5,3,2,0,5,0.191,0,2,0,4,3,4,4,2.761,1,7,1,2,0.344,6,0,4,1,3,1,1,1,4,0.0,1.362,0,6,1.849,1.37,6,0
1.621,6,1,0.0,0,5,6,2,4,0,2,-0.86,0,0,4,0,7,3,6,4.231,5,7,4,4,-0.423,1,0,1,3,5,2,5,5,5,0.0,2.901,5,7,1.803,0.671,5,0
2.684,4,4,14415.54,2,2,4,1,0,1,4,1.808,1,5,1,5,6,3,3,-0.083,0,3,1,4,0.599,6,1,1,6,7,1,7,0,2,0.0,3.417,4,6,2.52,0.753,2,1
1.096,4,3,0.0,7,6,6,0,0,0,2,3.109,0,5,2,2,7,6,0,1.729,0,7,5,6,1.359,4,0,7,0,3,1,7,5,5,0.0,0.51,7,6,0.636,-0.394,2,0
1.877,5,3,0.0,4,5,5,5,2,0,4,1.124,1,6,2,4,5,5,7,2.64,2,2,3,2,-1.029,4,0,2,5,2,1,4,0,3,0.0,1.53,3,0,2.025,0.223,7,0
-0.04,3,5,0.0,0,1,0,3,7,0,4,1.644,0,7,7,0,7,1,3,1.786,2,3,2,4,1.782,0,0,4,5,4,2,0,3,5,0.0,-0.265,3,6,0.077,0.727,7,0
1.194,1,4,0.0,6,0,1,3,6,0,4,0.566,0,1,2,1,2,4,1,-4.366,1,7,7,1,1.787,7,0,4,4,0,6,4,3,3,0.0,-0.046,4,5,0.574,0.895,2,0
0.201,5,2,0.0,0,3,2,0,6,0,4,-1.086,0,4,2,2,5,0,2,0.386,7,3,0,2,-1.314,3,0,7,6,1,4,7,6,5,0.0,-1.138,5,4,0.768,-0.169,0,0
1.403,3,7,0.0,5,6,7,3,6,0,1,-0.824,0,3,0,0,4,1,1,1.145,4,0,7,2,0.53,7,0,1,1,7,5,5,3,7,0.0,-0.961,1,0,1.9,1.968,3,0
1.262,3,6,0.0,5,6,7,7,3,0,1,1.544,0,6,2,2,2,2,1,0.329,2,2,3,4,0.19,2,0,5,3,6,0,2,0,6,0.0,-0.318,1,6,1.506,2.79,5,0
3.54,5,1,16293.7,2,2,1,6,4,1,1,1.544,1,1,5,5,3,2,7,1.984,2,7,3,7,-0.892,2,1,2,2,7,0,0,2,7,0.0,6.347,3,1,4.063,5.298,4,1
2.453,1,3,0.0,5,7,1,5,7,0,1,1.564,0,2,2,0,7,5,2,4.611,3,3,5,1,-0.377,0,0,2,6,7,0,2,4,7,0.0,4.96,7,4,2.795,-0.024,7,0
3.654,4,0,0.0,6,4,7,2,7,0,1,0.481,0,3,2,4,5,4,2,3.518,3,0,7,2,-0.442,6,0,2,6,7,7,7,0,2,0.0,1.926,5,1,2.681,0.893,2,0
0.885,1,1,0.0,7,3,5,5,1,0,3,1.773,0,0,3,2,7,3,7,3.301,5,0,6,3,1.017,0,0,3,0,7,1,4,0,6,0.0,2.241,3,4,0.892,-0.744,3,0
1.19,7,2,0.0,2,2,4,7,4,0,5,0.182,0,0,2,1,7,3,4,1.265,4,1,6,3,-2.119,6,0,3,3,1,0,2,4,1,0.0,1.493,6,6,0.275,2.963,6,0
2.91,3,2,27615.28,6,0,1,0,5,1,6,-0.239,1,0,2,2,5,7,2,-1.051,3,1,1,6,0.97,3,1,4,4,7,1,6,1,3,0.0,4.044,7,6,2.261,3.481,1,1
1.035,7,3,0.0,7,5,1,0,0,0,0,0.77,0,0,3,1,7,5,3,0.176,1,0,1,3,-0.979,3,1,6,1,7,2,3,4,3,0.0,1.494,3,2,2.126,2.467,5,0
1.113,7,6,0.0,5,7,0,6,1,0,1,0.446,0,1,2,1,6,3,4,0.137,3,4,1,3,0.061,2,0,2,7,3,5,5,0,6,0.0,0.732,0,3,0.754,-0.439,3,0
0.597,1,3,0.0,0,0,1,5,1,0,2,-1.213,0,3,3,2,4,1,6,2.063,6,4,1,2,1.057,7,0,5,1,4,4,1,0,2,0.0,1.012,3,2,0.649,0.07,4,0
1.149,4,6,0.0,5,1,0,5,4,0,3,0.58,0,6,1,5,0,4,6,1.651,1,5,2,0,0.852,2,0,1,6,0,3,3,1,1,0.0,1.227,3,1,1.562,2.475,4,0
1.802,1,5,0.0,6,5,7,4,2,1,1,1.258,0,7,7,4,0,3,7,3.773,3,2,1,4,-0.57,3,0,7,7,4,7,7,5,4,0.0,2.186,2,7,2.636,2.901,0,0
2.024,0,5,0.0,4,2,7,1,4,0,4,-0.542,1,1,5,2,4,1,6,1.96,2,2,1,5,0.782,5,0,7,7,4,4,7,4,4,0.0,3.327,6,6,1.735,3.615,4,0
0.717,2,4,0.0,2,3,3,3,0,0,1,0.286,0,4,7,2,3,4,0,0.209,5,3,1,4,-1.136,6,0,3,5,7,0,6,7,7,0.0,2.053,7,5,0.916,-0.239,1,0
5.061,0,4,0.0,6,2,1,5,4,1,7,3.021,1,2,5,4,6,5,0,5.39,6,7,6,0,-0.395,6,1,0,0,2,5,0,3,5,15.63,3.913,5,0,4.868,5.097,2,1
6.474,4,3,0.0,4,2,7,5,2,1,6,1.588,1,6,2,1,4,5,2,8.362,1,1,7,1,1.669,0,1,3,2,2,6,0,2,7,55.13,6.97,2,5,6.368,9.049,0,1
1.261,1,0,0.0,7,3,1,6,5,1,7,-2.026,0,6,0,2,5,4,0,0.95,5,2,4,1,-0.784,0,0,4,6,0,4,4,5,2,0.0,1.936,7,0,1.821,3.931,4,0
4.73,7,2,15044.61,3,7,6,0,3,1,4,2.625,1,0,0,3,3,4,6,8.113,0,7,1,2,0.624,5,1,7,5,7,6,1,5,2,0.0,4.144,2,0,4.024,3.555,3,1
0.587,2,2,0.0,0,2,2,3,1,0,0,2.761,0,5,4,7,3,7,7,-2.412,7,2,4,2,-0.425,1,0,2,2,1,1,5,1,5,0.0,-0.275,0,3,1.325,-1.536,0,0
1.63,4,0,0.0,2,6,2,0,4,1,2,1.02,0,1,4,5,6,5,6,0.906,7,2,7,5,0.408,7,0,6,4,7,2,6,7,2,0.0,3.969,2,0,1.938,1.464,3,0
0.457,6,0,0.0,5,6,4,2,7,0,5,0.147,0,4,6,6,2,4,2,4.437,3,2,6,3,-0.297,7,0,3,2,6,2,2,0,0,0.0,1.876,6,6,0.81,-0.941,2,0
1.478,0,7,0.0,1,2,1,0,6,0,1,1.019,0,0,0,1,0,4,5,3.499,1,3,6,4,-1.953,5,0,7,5,4,3,6,2,2,0.0,2.408,6,5,2.361,2.634,7,0
1.396,6,5,0.0,2,2,6,5,7,0,6,-1.904,0,6,0,6,5,2,7,-0.128,7,2,0,7,-1.639,2,0,3,4,0,5,2,2,2,0.0,1.421,7,2,1.476,0.076,3,0
0.637,5,5,0.0,5,6,2,1,5,0,3,-1.54,0,6,0,5,1,7,7,4.567,1,2,7,2,-1.802,0,0,5,5,7,2,2,6,6,0.0,1.008,3,5,0.856,2.295,4,0
0.77,4,1,0.0,7,6,6,7,1,0,6,-1.106,0,1,5,7,3,7,0,1.624,1,6,1,5,-0.558,6,0,4,7,2,3,3,3,1,0.0,1.046,3,5,0.72,4.094,6,0
0.947,2,7,0.0,6,0,7,2,7,0,2,2.026,0,5,5,3,0,0,1,-0.257,2,1,4,5,0.185,3,0,0,5,7,5,0,5,5,0.0,0.241,4,1,1.339,0.143,2,0
4.225,2,1,13564.41,2,0,0,7,4,1,7,0.267,0,3,5,5,1,3,6,1.627,1,2,3,2,-0.652,7,1,7,4,7,4,7,6,2,0.0,3.18,3,4,3.5,2.1,7,1
4.946,1,5,33584.15,6,0,0,5,6,1,4,1.18,1,3,1,3,7,2,5,5.017,7,0,5,3,0.003,2,1,0,0,1,0,0,0,1,0.0,6.355,6,2,4.15,4.054,5,1
6.179,2,2,0.0,4,2,1,2,4,1,2,2.493,1,2,4,6,0,7,1,4.71,6,0,6,1,0.466,6,1,2,6,0,0,1,7,1,0.0,6.564,2,6,6.872,5.176,0,1
0.725,2,7,0.0,1,0,5,4,7,0,4,-0.212,0,1,0,7,7,2,4,-0.057,2,0,7,4,0.387,4,0,3,5,4,1,5,3,4,0.0,2.475,5,6,1.152,0.505,3,0
1.706,4,7,0.0,5,5,3,6,7,0,4,-1.511,0,5,4,6,5,6,2,1.222,5,1,5,6,-1.504,4,0,4,2,3,6,7,4,2,0.0,1.439,4,4,1.332,0.747,7,0
3.351,0,7,40305.74,4,2,5,5,6,1,0,1.551,1,5,6,2,2,1,0,4.632,0,7,5,1,-1.578,5,1,0,6,4,3,6,6,5,0.0,3.3,3,5,3.675,4.4,1,1
3.588,3,6,0.0,6,7,5,3,5,1,6,0.474,0,3,3,0,3,2,2,2.547,4,5,2,3,-1.105,7,1,1,6,2,7,4,1,5,47.29,3.514,4,1,3.122,3.03,1,1
4.292,1,1,0.0,3,2,3,6,0,1,5,2.108,1,1,1,7,4,5,0,2.099,5,2,5,1,-0.839,4,1,7,3,4,2,2,7,7,0.0,3.752,7,7,4.002,4.981,2,1
0.428,2,1,0.0,3,3,5,0,7,0,7,2.266,0,3,4,2,2,1,2,0.732,4,6,4,5,1.902,7,0,0,0,5,3,3,0,5,0.0,2.297,1,4,1.351,0.913,7,0
1.743,3,4,0.0,0,7,7,0,5,0,0,0.548,0,2,6,0,5,5,5,-0.175,0,3,2,5,-1.241,7,0,1,6,0,2,4,1,0,0.0,0.111,2,5,1.384,0.964,4,0
-0.316,7,1,0.0,5,6,1,7,6,0,5,-0.577,0,1,6,3,4,0,0,-0.245,1,4,7,6,2.082,4,0,1,2,3,7,4,7,4,0.0,-0.22,3,7,0.341,2.126,7,0
3.161,3,5,36797.42,7,5,1,1,6,1,0,1.894,1,0,0,1,7,6,6,2.484,1,5,5,2,0.923,7,0,3,5,1,2,4,7,3,0.0,2.214,0,3,2.728,-0.083,1,1
2.147,3,0,0.0,2,1,7,0,4,0,7,0.168,0,7,2,7,1,2,1,0.285,3,1,0,4,-1.452,7,1,4,7,6,5,0,1,4,0.0,1.534,4,5,2.444,3.493,6,0
1.794,0,7,0.0,5,1,6,5,5,0,4,0.967,0,6,5,5,0,1,0,-0.041,5,7,7,3,-1.678,4,0,5,5,1,6,3,0,5,0.0,2.862,0,2,0.331,-3.43,2,0
0.994,4,2,0.0,7,6,1,2,2,0,2,0.876,0,1,4,2,5,4,7,1.373,2,5,0,6,0.04,0,0,0,1,5,7,3,0,0,0.0,1.963,4,1,0.819,-0.709,7,0
1.105,2,0,0.0,3,2,5,1,0,1,4,-1.234,0,2,7,5,0,5,6,1.893,2,1,7,2,-1.134,6,0,6,3,6,3,7,2,6,0.0,4.45,0,2,0.867,1.253,7,0
3.244,0,3,40149.32,5,3,3,6,2,1,5,1.193,1,5,4,7,5,7,5,1.968,3,4,6,4,0.349,5,1,5,3,6,6,5,7,3,0.0,2.189,4,6,2.938,0.78,1,1
4.822,4,1,13819.89,6,7,1,0,0,1,4,1.399,1,0,0,4,4,5,2,3.189,2,0,1,0,0.658,2,1,0,2,4,3,6,3,6,53.81,4.983,3,7,5.698,5.597,5,1
0.023,3,5,0.0,5,7,4,1,1,0,1,-1.201,0,0,2,6,4,1,7,-2.213,4,3,2,5,-0.46,4,0,7,7,5,6,6,0,1,0.0,0.931,6,5,0.109,0.192,7,0
0.356,3,4,0.0,4,6,4,5,6,0,2,-1.653,0,7,3,7,2,5,3,-2.292,4,2,7,3,-0.956,7,0,7,5,7,0,2,3,7,0.0,1.656,1,7,0.466,-1.802,0,0
0.262,0,1,0.0,2,1,3,6,1,0,7,0.449,0,1,7,7,4,0,0,-3.416,7,3,0,5,-1.05,4,0,3,0,1,3,2,5,7,0.0,0.69,2,1,0.648,-1.215,4,0
3.432,2,5,22380.07,6,5,7,6,5,1,4,0.507,1,1,4,1,2,5,2,4.925,5,4,7,2,-0.53,3,1,0,3,3,7,5,0,3,0.0,2.138,0,0,2.77,4.351,0,1
2.565,0,6,0.0,1,6,0,4,6,0,6,-1.342,0,7,2,0,5,3,2,3.069,7,1,7,5,2.572,2,0,5,1,6,1,5,5,5,0.0,1.315,3,4,2.162,5.862,0,0
3.936,7,4,7996.83,0,1,0,6,6,1,6,0.583,1,2,3,0,3,2,4,5.161,2,3,0,5,-0.411,2,1,4,6,2,6,4,0,4,0.0,2.673,7,1,4.451,6.2,4,1
0.899,4,7,0.0,7,1,3,2,1,0,1,0.761,0,4,2,0,1,6,6,3.214,1,2,0,4,0.917,1,0,6,2,2,2,7,7,1,0.0,2.801,4,0,1.168,3.94,2,0
5.705,0,6,24573.94,2,2,3,2,2,1,1,1.266,1,6,6,6,6,1,1,3.837,7,5,0,2,-1.714,3,1,5,2,1,1,7,1,2,0.0,3.305,4,7,4.609,4.802,1,1
3.403,7,5,0.0,3,6,0,4,0,1,2,1.9,0,4,7,4,5,7,4,4.74,2,3,6,7,0.004,0,1,4,5,7,7,0,0,2,0.0,2.76,6,0,3.239,3.79,0,1
2.735,6,7,0.0,6,5,5,3,0,1,1,2.397,0,0,3,5,7,3,5,4.152,4,7,4,5,0.761,2,1,7,0,6,4,6,3,3,11.31,2.517,1,1,2.405,3.27,0,1
3.056,2,7,23264.6,4,6,7,1,7,1,3,-0.394,0,0,5,0,0,1,2,3.056,3,4,7,0,0.757,4,1,4,6,2,7,4,5,6,0.0,2.488,3,1,2.989,4.211,0,1
3.181,0,6,0.0,4,4,1,6,1,1,3,0.02,0,5,0,3,1,7,2,5.326,7,2,0,3,-0.379,3,0,0,7,0,3,1,4,7,0.0,5.122,4,0,3.198,0.554,4,0
0.632,0,7,0.0,5,6,1,0,2,0,1,-1.283,0,7,7,3,7,1,7,0.707,6,1,0,2,-1.218,2,0,3,5,2,1,0,1,2,0.0,0.768,0,0,0.13,1.343,1,0
1.339,6,3,0.0,3,5,1,4,7,0,3,1.694,0,4,1,5,5,0,1,-1.697,5,1,7,3,0.655,6,0,6,4,7,7,2,0,4,0.0,-0.812,1,2,0.28,-1.612,6,0
1.466,6,1,0.0,1,3,2,1,3,0,3,1.458,0,7,6,2,6,2,5,2.8,4,0,6,1,-0.705,3,0,4,3,6,5,6,3,1,0.0,1.715,3,2,1.869,-2.087,5,0
0.15,5,3,0.0,2,6,0,6,3,0,1,0.572,0,5,4,2,4,6,3,1.639,2,0,6,1,-0.202,5,0,5,0,6,7,2,0,5,0.0,2.095,3,5,0.391,1.386,7,0
1.125,2,1,0.0,2,2,0,1,7,0,2,-0.345,0,5,0,0,7,6,5,-5.685,3,6,1,6,-0.023,4,0,5,4,6,4,7,3,7,0.0,1.082,1,4,0.889,0.544,6,0
1.031,5,7,0.0,3,5,1,7,4,0,5,0.236,0,7,5,7,0,4,7,-0.997,0,2,1,2,-0.465,1,0,5,0,3,2,6,3,4,0.0,1.077,5,0,1.544,2.655,3,0
0.848,7,7,0.0,5,3,4,0,3,0,1,-0.277,0,0,2,4,0,2,6,1.854,4,6,3,7,0.056,3,0,1,5,7,7,4,4,6,0.0,1.535,2,3,0.862,0.461,1,0
-0.898,1,7,0.0,5,6,5,6,6,0,5,-0.957,0,4,5,5,2,4,6,-4.447,3,2,3,4,0.659,4,0,5,6,7,7,5,5,4,0.0,0.879,4,4,0.529,0.607,6,0
0.61,7,1,0.0,7,5,3,1,0,0,2,-0.699,0,5,5,1,7,6,5,2.39,3,2,2,4,-0.492,0,0,1,7,6,2,1,2,2,0.0,1.095,2,2,0.391,1.756,3,0
1.229,7,1,0.0,3,6,6,1,0,0,7,0.101,0,0,6,6,0,2,5,0.21,7,0,1,0,1.377,2,0,2,2,1,7,0,0,0,0.0,2.491,1,3,1.33,-0.996,7,0
2.074,5,0,0.0,6,4,2,1,3,0,3,-0.72,0,3,0,2,1,2,2,0.017,7,6,2,4,0.728,5,0,5,1,0,4,5,6,7,0.0,0.917,6,0,1.537,4.088,0,0
0.772,6,5,0.0,1,0,6,1,3,0,0,0.961,0,5,7,7,0,1,4,3.035,5,2,2,2,-1.959,5,0,1,0,6,1,5,5,2,0.0,-0.421,5,4,0.875,0.774,0,0
2.038,2,1,0.0,0,6,7,4,5,0,1,-0.455,0,0,5,3,4,1,0,1.583,0,7,3,6,-1.547,1,0,7,2,1,6,4,5,7,0.0,0.198,5,7,1.353,4.134,0,0
0.635,1,0,0.0,7,0,5,7,5,0,1,-0.021,0,7,3,2,2,0,3,3.427,6,2,7,3,-0.402,2,0,6,5,6,3,4,4,4,0.0,0.796,1,4,1.205,3.259,7,0
0.826,5,1,0.0,3,2,4,7,0,0,3,-1.48,0,4,6,2,2,5,1,2.003,4,4,1,0,-0.697,6,0,1,3,7,4,1,3,0,0.0,0.738,1,0,0.736,2.487,3,0
3.029,6,7,0.0,1,5,3,6,3,1,1,-0.773,0,0,5,3,3,0,6,5.601,5,2,2,4,-0.466,5,0,0,4,3,7,7,4,5,0.0,1.832,6,3,1.336,1.413,4,0
2.606,3,7,0.0,6,0,4,5,4,0,7,-0.804,0,6,7,4,6,1,7,-0.127,1,4,6,6,0.408,2,0,3,2,4,3,0,2,5,0.0,1.858,4,6,1.65,3.759,6,0
0.759,7,3,0.0,4,0,5,4,1,0,1,-0.214,0,5,5,0,6,6,5,1.188,4,0,1,1,-0.473,2,0,2,4,6,7,3,1,5,0.0,1.909,2,3,1.304,2.613,1,0
3.099,5,4,0.0,0,0,7,7,1,1,2,0.325,0,0,2,6,1,2,4,1.323,3,2,4,0,1.159,2,0,2,7,4,3,3,7,7,0.0,3.348,7,7,2.925,2.137,5,0
2.235,2,5,0.0,4,4,0,3,4,0,2,-0.496,0,0,4,3,3,0,6,1.583,2,5,7,2,0.343,6,0,1,7,7,2,6,3,2,0.0,1.434,0,5,1.76,3.156,7,0
6.53,2,7,34996.99,2,2,3,7,4,1,1,-0.381,1,1,3,2,3,2,1,0.024,0,6,5,2,1.842,3,1,1,5,5,1,1,4,1,0.0,7.215,6,4,6.279,4.89,4,1
3.171,1,0,16749.5,7,2,0,4,3,1,4,0.959,1,3,7,1,3,3,1,2.756,5,1,1,5,0.106,0,1,7,4,1,5,0,3,1,50.23,3.04,0,4,3.505,7.266,7,1
1.956,3,2,0.0,7,7,2,1,5,0,2,-1.545,0,6,1,4,5,6,6,-0.231,2,0,3,5,1.079,7,0,6,4,3,3,2,5,0,0.0,0.454,5,5,1.27,-1.386,7,0
1.328,7,2,0.0,6,4,4,0,6,0,2,-2.439,0,5,0,2,0,4,3,-0.96,1,3,4,3,-0.074,3,0,2,5,3,7,5,5,5,0.0,1.041,6,5,1.92,2.28,0,0
3.327,7,0,29067.4,0,6,4,6,5,1,1,1.632,1,7,0,3,4,6,7,2.1,1,4,0,2,0.77,1,0,6,1,0,4,2,2,4,0.0,2.617,4,4,2.729,4.588,2,1
1.358,0,0,0.0,7,0,1,4,4,0,2,-0.195,0,7,6,0,1,0,3,0.946,4,3,7,4,1.53,3,0,1,1,0,3,1,5,4,0.0,2.417,4,1,0.497,-1.011,4,0
1.987,6,4,0.0,7,1,6,7,4,1,5,0.134,0,7,5,4,0,3,6,2.424,3,7,4,0,0.525,6,0,2,0,6,0,2,4,5,0.0,3.744,0,4,2.531,3.197,3,0
4.018,6,4,25579.83,5,6,3,6,6,1,1,1.604,1,7,6,0,0,4,5,1.77,2,5,3,5,0.565,3,1,4,7,0,4,6,6,6,10.61,6.963,4,3,4.51,9.659,6,1
2.545,6,3,0.0,4,2,0,5,2,0,4,1.162,0,7,6,4,2,5,0,3.479,7,2,5,6,1.813,5,1,4,4,7,3,7,2,2,0.0,0.282,4,2,2.405,2.024,7,0
3.221,6,2,0.0,4,0,0,4,3,0,0,-0.318,0,2,6,6,2,2,3,3.608,6,1,2,5,1.746,0,0,6,4,0,5,3,3,7,0.0,1.088,6,4,2.219,3.226,2,0
4.412,5,7,0.0,6,2,2,5,2,1,5,0.671,1,3,7,1,7,6,0,4.732,1,3,5,2,0.319,0,1,6,4,4,6,0,4,1,31.96,5.914,5,3,4.55,4.843,3,1
1.457,5,0,0.0,3,3,4,4,3,0,1,-0.268,0,0,4,0,0,7,5,-1.635,1,0,6,2,-1.134,4,0,3,6,4,4,3,2,0,0.0,1.323,6,1,1.923,3.623,4,0
1.077,3,6,0.0,6,7,7,0,2,0,3,-0.575,0,7,0,7,5,7,5,-4.563,3,5,7,1,-0.105,1,0,0,5,3,2,0,6,2,0.0,0.761,3,4,0.633,1.623,6,0
2.504,5,5,0.0,0,5,3,1,6,1,5,1.327,0,4,3,1,3,1,2,2.238,2,3,4,6,0.576,2,0,4,3,2,4,0,0,4,0.0,2.561,2,1,2.185,2.69,1,0
3.319,7,4,0.0,4,3,1,7,3,1,7,-0.162,0,4,2,4,7,6,5,5.193,5,4,7,4,1.115,0,0,1,6,3,4,4,1,2,0.0,2.42,0,5,2.898,4.461,3,0
2.886,0,0,0.0,2,6,2,7,0,0,0,3.027,0,5,1,5,6,0,3,1.165,6,1,5,3,-0.602,3,0,4,5,1,7,3,1,0,0.0,-1.612,0,5,1.865,1.237,0,0
0.463,2,0,0.0,0,4,7,2,2,0,5,-0.184,0,0,7,7,1,3,1,2.555,5,7,7,0,1.701,7,0,1,7,0,0,5,0,3,0.0,0.881,7,2,0.686,-2.662,5,0
3.524,2,7,0.0,3,0,4,1,4,0,0,-0.305,0,6,2,6,2,4,1,5.903,3,6,7,7,1.498,2,0,5,7,2,0,2,7,1,0.0,2.557,1,3,3.047,0.192,2,0
1.094,1,6,0.0,4,5,3,0,2,0,6,0.382,0,0,5,3,2,3,0,2.018,3,5,1,3,1.266,4,0,7,4,1,0,5,2,1,0.0,-0.021,7,0,0.168,-0.358,5,0
2.515,0,1,0.0,5,2,7,6,0,0,5,0.879,1,7,3,1,5,5,4,4.916,7,0,4,4,1.313,0,0,0,2,4,4,0,2,2,0.0,3.368,5,4,3.048,5.396,7,0
1.39,2,4,0.0,3,0,0,1,4,0,0,0.505,0,5,3,3,5,1,5,2.723,7,7,6,2,-0.208,4,0,2,1,5,6,7,2,4,0.0,-1.865,7,2,1.851,0.291,3,0
4.769,5,6,37366.45,1,3,3,5,0,1,0,1.997,1,0,4,7,3,6,1,10.033,0,1,4,0,2.433,0,1,3,2,1,3,0,4,6,0.0,2.767,0,3,4.997,5.082,5,1
0.699,1,7,0.0,0,2,5,4,4,0,1,-2.16,0,0,0,1,6,2,2,0.675,4,7,5,3,-0.681,5,0,4,7,0,1,1,1,5,0.0,0.917,5,0,1.009,-0.409,7,0
0.869,2,0,0.0,6,6,7,7,0,0,2,-0.196,0,3,1,1,2,6,2,-0.041,7,0,0,0,-0.418,6,0,4,4,7,3,4,4,4,0.0,-1.503,3,2,0.993,1.938,5,0
2.27,5,5,0.0,4,4,3,6,4,0,3,0.009,0,6,4,1,5,0,3,-1.871,0,5,6,4,1.287,7,0,6,4,6,6,0,2,6,0.0,2.935,6,2,1.659,1.287,0,0
1.346,1,2,0.0,5,7,4,1,1,0,3,-0.253,0,0,3,0,2,5,4,2.125,5,7,0,7,-1.429,2,0,3,0,0,3,7,1,6,0.0,1.461,1,4,1.207,2.08,5,0
0.162,2,1,0.0,5,0,3,6,3,0,2,0.156,0,1,7,5,1,7,7,-0.113,7,7,6,4,1.322,4,0,3,3,5,2,2,5,2,0.0,2.405,6,3,1.736,-0.442,2,0
0.896,4,1,0.0,3,4,2,4,4,0,3,1.183,0,3,6,5,0,4,3,-1.426,0,4,2,0,-1.419,1,0,3,7,0,6,3,5,1,0.0,2.713,1,7,0.63,0.101,3,0
0.934,6,3,0.0,5,7,5,4,7,0,5,-0.242,0,4,3,1,6,5,0,-0.751,3,7,6,4,1.323,3,0,1,4,7,6,0,7,7,0.0,-1.18,5,4,0.839,1.036,5,0
0.796,7,3,0.0,3,1,1,6,7,0,5,0.501,0,2,0,3,0,2,5,1.626,6,0,5,6,0.751,7,0,0,5,2,5,6,4,1,0.0,0.892,6,1,1.457,3.823,6,0
-0.103,1,2,0.0,7,6,4,1,4,0,0,0.403,0,2,7,4,5,0,6,-1.204,4,7,6,4,0.367,6,0,3,1,0,5,0,4,2,0.0,2.352,2,2,0.91,0.09,5,0
2.294,7,3,0.0,6,6,7,3,2,1,0,1.087,0,4,0,1,0,4,1,3.438,2,7,3,7,0.099,3,0,4,4,3,1,6,3,0,0.0,3.533,6,2,2.288,3.562,6,0
0.576,1,2,0.0,7,3,0,3,7,0,7,-0.744,0,0,6,0,5,0,7,-1.722,7,5,3,0,-1.486,3,0,7,6,2,4,4,7,4,0.0,1.005,7,7,1.181,1.941,1,0
2.918,2,6,0.0,6,1,0,4,2,0,3,0.996,0,5,3,4,4,6,3,3.01,6,6,5,6,-0.523,5,0,1,5,1,7,0,1,0,0.0,1.578,2,5,2.408,0.837,2,0
0.28,4,2,0.0,1,1,4,3,5,0,7,-2.652,0,4,5,3,0,2,5,0.3,1,1,6,2,-0.082,1,0,3,2,4,3,7,1,6,0.0,1.685,0,3,0.422,-3.858,7,0
2.236,5,5,0.0,6,3,1,4,5,0,4,-1.773,0,0,3,4,1,6,3,2.229,6,6,1,4,-0.307,7,1,0,0,6,4,4,2,7,0.0,3.776,0,0,2.635,5.076,4,0
2.403,4,3,0.0,5,0,5,1,1,1,2,1.835,0,5,3,3,6,2,6,-1.915,7,4,3,3,0.591,4,1,7,0,0,4,6,2,6,4.06,3.431,5,4,2.679,5.544,4,1
1.189,3,6,0.0,5,1,7,2,3,0,1,1.458,0,5,4,6,5,6,6,1.973,0,0,6,1,-0.989,1,0,7,7,7,1,0,5,7,0.0,1.322,7,0,1.23,-0.072,6,0
4.085,3,7,17132.01,4,2,0,1,0,1,2,-0.137,1,6,5,5,7,6,6,4.504,7,0,2,1,1.569,4,1,7,4,2,0,7,5,4,0.0,2.886,1,5,4.062,3.672,3,1
0.445,5,2,0.0,6,5,0,2,0,0,2,0.853,0,3,3,3,3,6,3,1.462,1,2,5,6,-0.175,5,0,3,3,2,0,1,5,4,0.0,3.728,1,1,1.167,0.005,5,0
2.651,4,2,0.0,0,5,3,7,6,0,1,-1.816,0,1,6,0,4,7,1,4.6,5,4,0,6,0.156,7,0,0,0,0,2,7,5,1,0.0,3.271,6,7,1.961,1.606,5,0
0.531,1,6,0.0,2,6,2,2,4,0,7,-0.228,0,4,5,7,3,4,7,-1.329,6,5,0,3,1.995,1,0,2,0,5,5,5,6,5,0.0,0.467,6,5,1.151,-2.078,7,0
0.87,0,0,0.0,4,1,3,6,6,0,5,-1.308,0,6,6,4,6,3,6,-0.5,6,3,7,3,0.112,4,0,4,2,6,7,1,6,3,0.0,1.849,2,3,1.216,2.084,3,0
1.482,6,2,0.0,4,4,0,3,7,0,5,-1.126,0,3,5,0,6,4,2,-1.627,4,7,2,7,0.589,0,0,7,1,1,5,1,4,6,0.0,0.415,1,0,1.138,-1.816,0,0
1.108,0,1,0.0,7,4,0,5,1,0,5,0.732,0,0,4,5,5,5,6,2.28,4,7,3,4,-1.126,1,0,7,0,0,7,4,1,6,0.0,-0.582,0,4,0.858,1.529,0,0
1.62,6,0,0.0,7,3,5,7,0,0,6,1.049,0,1,3,1,4,7,2,1.406,3,7,7,5,0.65,3,1,3,2,6,0,6,3,7,0.0,1.484,0,3,1.555,2.191,1,0
2.018,1,5,0.0,1,4,2,0,2,0,0,0.427,0,3,2,6,1,6,5,2.978,0,5,6,5,0.687,4,0,7,1,6,6,2,7,7,0.0,2.346,7,1,1.806,1.373,0,0
1.143,7,0,0.0,6,1,2,2,7,0,1,1.639,0,7,0,4,5,0,6,3.086,4,0,2,3,0.509,3,0,2,5,2,1,3,0,2,0.0,1.093,3,6,1.111,2.991,1,0
3.613,6,0,33695.27,7,6,0,0,3,1,6,1.994,1,0,4,6,0,3,3,3.411,4,7,2,3,0.756,7,1,5,4,4,5,0,5,2,14.93,5.293,3,2,3.757,5.472,3,1
1.749,6,0,0.0,7,6,3,7,6,0,1,-0.132,0,2,4,4,5,0,3,4.546,3,4,4,3,-2.16,4,0,1,0,2,2,4,7,4,0.0,0.865,6,2,1.113,1.338,1,0
4.698,7,2,21731.24,4,3,5,7,4,1,5,1.213,1,3,5,0,1,2,6,6.476,0,4,1,1,0.902,4,1,7,6,5,0,0,1,7,0.0,4.538,6,1,5.453,3.409,2,1
1.53,2,1,0.0,6,3,6,3,7,0,6,-0.673,0,3,6,5,2,2,6,2.473,3,7,3,3,-0.731,2,0,3,1,2,0,2,0,7,0.0,1.61,6,7,2.173,2.493,5,0
0.936,4,7,0.0,5,6,6,5,5,0,3,1.153,0,1,4,6,2,0,5,4.062,5,7,0,3,-1.231,6,0,4,3,0,2,7,7,5,0.0,-0.514,0,0,0.773,1.522,0,0
0.686,3,3,0.0,7,1,1,7,2,0,5,-0.254,0,7,1,0,4,7,3,1.1,0,3,1,6,-0.656,5,0,3,6,3,3,7,0,4,0.0,2.285,5,4,1.1,-2.513,2,0
5.641,6,6,22922.71,3,0,2,4,0,1,2,0.325,1,7,4,5,6,7,3,4.41,1,6,1,6,-0.536,7,1,3,4,7,0,0,3,6,0.0,6.423,3,7,6.206,6.87,7,1
1.193,3,6,0.0,6,3,6,1,6,0,7,-0.843,0,5,1,5,1,6,6,2.332,6,5,0,7,-1.14,5,0,1,6,5,1,7,6,0,0.0,0.897,5,5,1.465,-0.202,4,0
0.222,4,1,0.0,7,6,2,1,5,0,3,-1.195,0,2,2,4,3,7,3,0.316,7,6,2,0,1.066,6,0,0,0,7,4,5,2,6,0.0,0.052,0,6,0.788,1.769,2,0
3.429,1,0,27661.37,2,2,3,0,2,1,7,1.964,1,4,3,2,5,6,5,3.682,3,1,6,1,-0.432,1,1,2,0,5,0,5,0,5,28.6,4.286,1,2,3.488,0.229,7,1
0.86,3,4,33953.81,3,0,6,3,5,1,0,0.513,0,1,7,0,4,6,5,-0.282,0,6,6,6,0.68,5,1,1,7,5,2,7,7,6,0.0,0.632,7,7,2.062,2.904,4,1
1.036,4,3,0.0,1,5,5,2,4,0,5,-1.449,0,1,2,5,6,4,4,1.141,2,3,6,2,0.873,0,0,2,6,2,7,6,1,6,0.0,0.961,2,6,0.251,1.359,1,0
0.401,2,2,0.0,0,2,4,2,2,0,7,0.556,0,1,2,2,3,0,0,0.212,4,6,7,4,-1.614,0,0,3,1,2,7,6,0,4,0.0,3.057,3,4,0.996,0.562,0,0
0.607,0,5,0.0,1,1,6,7,4,0,7,-0.384,0,1,2,3,6,7,5,0.956,6,5,2,4,-0.573,4,0,5,7,7,1,7,5,5,0.0,0.861,5,2,0.559,1.05,6,0
0.95,4,3,0.0,2,0,1,4,1,0,1,1.498,0,7,2,7,1,5,0,-2.693,0,1,4,3,0.027,0,0,1,4,2,6,4,7,6,0.0,0.471,2,6,1.114,-0.879,6,0
0.4,5,7,0.0,6,2,5,6,3,0,5,1.044,0,7,5,5,3,5,4,-0.498,1,5,1,3,-0.643,5,0,4,4,2,1,6,6,6,0.0,0.834,2,3,0.74,-2.438,2,0
2.366,5,7,0.0,3,1,0,4,3,0,2,0.92,0,2,7,6,0,5,5,-1.667,2,0,2,7,-0.775,6,0,2,2,4,2,5,0,3,0.0,0.703,7,1,2.168,1.616,3,0
1.964,6,7,8713.68,3,6,3,5,4,1,1,1.474,1,1,0,0,3,2,5,0.742,3,7,7,7,0.208,2,0,0,1,3,4,5,3,3,0.0,0.616,3,7,3.092,3.73,3,1
3.673,5,3,39234.99,0,5,4,0,0,1,2,0.546,1,5,3,5,7,6,5,5.485,5,5,6,2,0.572,0,1,4,1,4,1,6,2,6,0.0,3.884,3,7,3.871,2.904,2,1
2.301,3,6,9252.56,5,4,0,5,3,0,3,2.397,1,1,5,5,7,4,6,3.472,7,3,7,3,-0.231,2,1,4,3,6,4,2,0,6,0.0,3.849,7,5,2.998,2.218,5,1
1.491,0,1,0.0,5,1,5,3,3,0,4,-1.254,0,2,1,6,5,7,4,3.174,7,2,7,1,-0.459,1,0,4,0,1,5,4,4,6,0.0,2.277,5,4,0.014,-0.244,1,0
2.019,0,4,0.0,6,3,1,7,6,1,0,-1.498,0,3,7,3,1,4,4,3.152,5,1,0,6,-0.556,4,0,7,1,6,4,2,7,0,0.0,1.211,7,7,1.739,0.542,7,0
1.777,2,2,0.0,5,1,3,1,5,0,2,1.959,0,6,2,7,6,4,7,8.067,5,1,6,0,-0.819,3,0,7,5,2,0,1,0,6,0.0,2.279,6,2,2.473,5.254,1,0
1.383,4,7,0.0,0,0,7,2,2,1,2,-0.695,0,1,1,1,2,6,7,3.801,1,7,0,4,1.034,5,0,1,3,2,0,0,7,3,0.0,3.135,2,6,1.531,3.926,2,0
2.438,5,6,0.0,2,1,1,4,0,0,7,1.519,0,3,0,6,3,2,5,3.452,3,0,3,4,0.894,2,0,0,4,6,0,5,7,4,0.0,-0.119,5,6,2.156,1.951,4,0
1.464,3,7,0.0,6,2,5,3,1,0,5,0.31,0,5,4,2,3,4,6,-1.511,6,0,5,2,0.419,6,0,7,2,7,1,5,5,4,0.0,2.546,0,0,1.01,0.746,6,0
7.988,7,3,27758.37,7,2,0,7,1,1,5,1.373,1,7,7,2,7,4,4,8.192,7,6,0,5,0.567,7,1,4,2,4,7,2,3,1,34.6,6.206,4,7,7.887,7.849,2,1
2.867,5,6,0.0,6,0,4,6,7,0,5,1.337,0,7,4,4,4,2,6,5.904,5,7,6,2,0.59,6,0,3,6,0,4,6,2,7,0.0,4.73,2,5,3.154,2.23,4,0
0.864,2,0,0.0,5,3,0,0,0,0,3,-0.768,0,0,7,2,4,6,6,5.862,0,5,7,0,0.781,6,0,1,1,2,4,3,4,7,0.0,-0.574,4,3,1.585,1.477,1,0
0.954,5,1,0.0,5,4,4,1,0,0,1,1.873,0,6,2,3,0,2,3,-0.763,1,5,7,3,0.832,4,0,2,5,7,2,3,2,6,0.0,0.755,4,4,1.094,4.08,4,0
2.902,7,3,20770.25,0,4,7,0,3,1,1,2.307,1,3,1,6,3,5,6,4.902,3,1,2,1,1.15,6,1,1,7,3,1,7,3,2,59.55,5.174,0,5,3.183,3.166,6,1
0.869,7,5,0.0,1,3,5,3,2,0,5,0.658,0,4,6,6,2,6,4,1.666,3,2,5,3,0.481,2,0,1,6,2,2,7,2,7,0.0,0.088,5,2,0.901,-1.755,1,0
1.871,1,5,0.0,5,2,5,7,1,0,1,-0.326,0,5,1,5,6,6,5,1.275,2,6,0,4,0.887,7,0,1,0,1,2,0,5,3,0.0,-0.076,6,7,1.587,0.608,7,0
0.698,5,5,0.0,7,6,5,1,0,0,6,0.185,0,5,7,4,1,6,6,-3.802,4,1,1,2,-0.77,2,0,1,6,6,3,4,6,7,0.0,2.747,5,3,1.12,2.379,1,0
3.674,4,4,14305.82,4,0,3,0,6,1,2,3.513,0,1,4,1,7,4,5,2.92,4,1,4,1,0.521,3,1,3,0,4,7,4,4,1,0.0,2.299,1,0,3.487,5.406,7,1
1.086,4,0,0.0,1,5,2,2,6,0,4,-1.38,0,0,1,6,7,5,6,-1.488,0,3,6,3,0.181,7,0,0,4,0,6,5,2,2,0.0,-0.867,7,7,0.982,-1.83,5,0
3.517,7,6,0.0,1,4,2,6,7,1,6,1.978,1,5,5,0,3,3,2,3.459,3,3,2,2,1.192,2,1,2,0,5,7,4,7,0,0.0,4.3,6,4,3.714,6.608,5,1
2.18,5,0,0.0,7,5,4,2,3,1,7,-0.381,0,4,7,0,4,4,4,2.719,1,6,0,2,-0.482,7,0,4,6,7,2,5,7,7,0.0,-0.024,6,2,2.023,2.533,2,0
2.632,4,6,30581.97,2,0,4,2,7,1,1,1.456,1,1,6,0,0,1,6,-0.258,2,3,0,3,-0.286,2,0,4,3,5,4,0,3,5,0.0,3.539,1,5,2.609,5.426,5,1
2.824,6,1,0.0,4,4,5,2,0,1,5,1.045,1,4,6,7,4,0,2,2.866,4,4,7,6,0.455,7,1,7,0,0,5,2,6,3,0.0,4.364,0,6,3.327,3.423,7,1
1.541,7,5,0.0,0,2,3,5,6,0,2,0.376,0,7,1,0,3,0,7,2.547,5,7,0,0,-0.606,7,0,3,3,7,5,3,5,4,0.0,2.179,0,1,1.9,1.502,6,0
2.203,2,6,0.0,2,0,0,6,4,0,5,-0.013,0,7,3,2,4,3,3,2.484,1,1,7,6,-0.437,5,0,2,6,7,1,1,2,3,0.0,2.054,7,5,1.301,0.617,5,0
2.44,2,2,0.0,6,4,3,0,6,0,7,1.25,0,0,2,1,7,2,4,3.933,2,4,4,1,1.537,2,0,1,1,6,2,3,6,1,0.0,0.679,3,0,2.046,3.1,2,0
0.601,6,6,0.0,0,5,1,0,7,0,1,0.391,0,3,3,5,6,1,3,2.977,1,0,5,5,-2.104,7,0,1,6,2,6,0,4,4,0.0,0.992,1,5,0.192,3.139,3,0
0.28,5,7,0.0,3,2,0,0,5,0,3,-0.995,0,1,5,2,7,2,5,-6.168,5,7,4,5,-0.052,2,0,6,3,3,2,4,5,0,0.0,2.098,1,1,0.409,-1.225,5,0
1.351,5,3,0.0,5,5,2,2,0,1,4,1.742,0,1,5,3,4,7,7,2.497,3,0,6,3,0.676,6,0,0,7,3,1,2,1,7,0.0,1.902,0,7,1.509,-1.027,7,0
3.18,0,6,0.0,7,2,0,2,6,1,2,-0.107,0,7,2,6,2,3,7,4.308,7,4,4,0,0.13,2,0,1,0,6,4,5,5,7,0.0,2.461,0,7,2.55,1.784,5,0
1.093,0,1,0.0,2,7,1,2,5,0,4,0.874,0,4,3,3,6,0,6,-1.251,5,6,7,6,-0.699,3,0,5,3,7,1,0,2,0,0.0,0.886,2,0,1.52,-0.214,3,0
1.013,3,4,0.0,2,3,1,7,2,0,2,-0.399,0,3,6,2,2,6,6,2.055,1,2,7,4,-0.378,3,0,1,3,5,4,3,0,6,0.0,0.278,7,5,0.661,-1.128,1,0
4.113,1,5,10040.25,1,0,0,2,7,1,0,3.037,1,7,1,7,1,1,7,1.648,7,1,6,3,-0.384,0,1,1,5,2,4,2,2,4,0.0,4.15,6,4,3.767,5.878,2,1
3.559,5,2,41280.69,3,7,3,1,5,1,4,0.748,1,4,1,0,4,4,6,5.683,7,5,6,3,-0.514,2,1,7,2,4,0,5,5,3,0.0,1.773,2,1,4.034,2.623,6,1
0.54,4,7,0.0,3,0,0,5,0,0,6,0.812,0,0,0,5,2,3,1,5.454,4,4,2,2,0.118,0,0,3,3,5,6,7,3,4,0.0,0.643,5,5,1.003,3.914,3,0
2.441,5,2,0.0,6,4,2,4,7,0,5,0.544,0,4,0,6,7,6,5,-0.231,2,2,1,7,1.18,6,1,5,0,7,0,4,5,3,0.0,3.27,6,1,2.384,3.635,6,0
1.43,3,7,0.0,1,2,7,5,6,0,1,-0.156,0,6,5,1,6,4,6,0.596,7,6,6,0,0.573,2,0,7,0,7,2,5,5,2,0.0,0.055,3,3,0.522,-0.797,4,0
0.362,0,5,0.0,6,7,4,3,1,0,1,1.53,0,3,6,6,6,7,1,-1.291,4,7,1,4,1.085,2,0,2,5,2,3,4,3,2,0.0,0.836,7,1,1.434,1.655,1,0
1.717,6,1,0.0,6,7,1,7,4,1,3,-0.119,0,6,0,0,0,5,0,3.379,5,2,0,6,-1.618,2,0,3,0,3,5,0,5,0,0.0,0.003,6,0,1.392,-0.297,2,0
0.151,1,2,0.0,5,0,3,0,6,0,4,0.318,0,4,4,6,2,2,6,0.994,5,6,7,2,-1.061,2,0,0,7,3,6,1,1,5,0.0,-0.578,6,2,0.472,1.146,4,0
2.013,5,3,0.0,0,4,7,3,7,0,5,-0.498,0,7,0,7,4,3,7,2.081,5,3,7,1,0.639,7,0,5,4,3,6,3,5,7,0.0,2.283,7,4,1.776,1.777,0,0
7.262,3,1,0.0,2,2,6,2,7,1,2,1.368,1,5,1,3,3,7,7,7.727,3,3,4,5,0.002,7,1,6,4,7,2,5,0,3,53.89,5.802,1,7,7.333,7.407,5,1
3.603,0,4,0.0,1,0,0,7,3,1,2,3.455,1,6,5,4,4,2,7,2.252,1,6,5,6,0.902,5,1,6,2,5,2,4,3,2,0.0,4.074,0,4,3.17,0.653,2,1
1.349,5,5,0.0,0,2,7,3,7,0,1,0.086,0,1,4,5,4,1,4,1.945,4,1,1,5,1.947,6,0,7,2,0,5,6,5,4,0.0,0.29,1,7,0.478,2.681,1,0
0.257,1,7,0.0,3,6,7,3,0,0,6,0.161,0,7,1,1,5,4,1,0.431,3,4,4,4,0.309,6,0,1,4,0,0,2,1,7,0.0,0.778,2,1,0.45,3.153,5,0
1.308,6,6,0.0,2,2,6,3,1,0,6,-1.327,0,7,0,6,7,2,2,-0.548,7,5,4,7,-2.918,7,0,6,2,4,7,7,7,6,0.0,0.57,6,3,0.877,2.295,6,0
-0.632,0,4,0.0,7,1,4,3,0,0,5,0.658,0,1,5,0,0,6,5,-0.528,7,6,4,2,1.174,6,0,1,1,6,4,7,4,0,0.0,2.856,6,7,0.572,-0.114,2,0
0.585,6,6,0.0,6,7,3,1,0,0,2,1.054,0,2,1,6,5,6,6,2.988,3,2,7,5,0.095,5,0,6,5,2,4,0,0,3,0.0,0.44,3,6,0.413,-1.32,6,0
3.593,3,6,14330.16,7,6,1,7,3,1,4,1.099,1,0,5,6,0,1,4,4.723,5,7,5,0,-0.756,6,1,0,5,3,1,6,0,1,36.91,5.269,4,2,3.051,3.509,3,1
0.642,6,2,0.0,0,2,3,4,6,0,0,0.511,0,7,4,0,3,3,7,-1.664,0,5,2,4,-0.573,2,0,4,4,4,1,5,1,2,0.0,1.78,3,4,0.815,0.477,7,0
1.479,5,5,0.0,7,7,6,4,0,0,3,0.476,0,2,1,5,7,4,3,0.441,1,1,2,0,-0.774,3,0,4,7,5,3,2,3,0,0.0,0.985,7,0,1.147,0.43,2,0
2.079,6,1,0.0,7,1,1,2,5,0,1,0.483,0,3,1,4,5,1,2,0.11,1,2,5,2,0.785,6,0,5,1,2,5,7,5,1,0.0,2.212,0,6,0.592,-0.089,2,0
1.502,0,5,0.0,2,3,3,2,7,0,5,0.75,0,4,3,1,5,7,2,4.391,6,0,3,7,1.208,5,0,1,6,6,6,7,1,1,0.0,0.13,6,3,1.325,2.381,4,0
4.724,7,5,41066.57,2,2,6,5,3,1,1,2.317,1,1,6,7,3,5,3,2.276,2,4,1,2,0.55,0,1,6,7,6,2,4,2,5,0.0,6.126,0,7,4.848,5.179,7,1
1.535,7,3,0.0,7,3,5,1,7,0,0,0.421,0,7,3,7,3,4,4,2.353,5,2,6,4,-0.827,6,0,5,2,5,6,5,7,2,0.0,0.402,5,1,0.962,0.3,6,0
0.391,4,4,0.0,0,3,2,5,6,0,7,0.402,0,2,0,6,7,2,7,2.009,3,3,2,7,0.428,0,0,0,6,1,2,2,1,6,0.0,-0.269,6,4,0.844,0.988,4,0
2.127,6,6,0.0,6,2,5,4,6,0,1,-0.555,0,6,5,7,5,1,2,3.698,0,3,1,4,-0.739,1,0,1,0,7,5,4,3,5,0.0,1.404,3,7,1.398,5.528,3,0
2.271,5,6,0.0,0,1,0,1,0,0,7,0.112,0,6,7,1,4,0,1,0.557,5,6,2,4,-0.196,2,0,4,3,1,2,0,4,5,0.0,2.725,2,5,1.142,0.201,5,0
0.656,1,2,0.0,2,4,5,3,2,0,4,1.877,0,5,2,5,5,3,4,1.273,2,4,2,6,-0.257,1,0,7,0,2,3,1,4,6,0.0,0.445,3,2,1.146,0.99,3,0
2.835,2,7,0.0,3,7,4,1,2,1,7,1.544,1,4,7,7,7,0,0,5.136,1,3,3,4,0.204,2,1,4,4,2,2,5,6,7,0.0,4.202,4,3,3.218,4.398,5,1
1.139,3,6,0.0,6,7,2,2,1,0,1,0.137,0,4,7,3,7,2,1,5.47,3,0,2,0,-1.053,0,0,3,3,1,2,0,7,5,0.0,1.557,4,5,0.941,0.407,2,0
1.275,3,3,0.0,2,7,5,6,2,0,2,1.272,0,2,5,2,0,4,0,-0.008,1,4,6,2,0.525,3,0,5,3,4,7,7,4,2,0.0,-1.012,2,3,0.917,-0.073,0,0
0.84,5,1,0.0,3,1,4,5,3,0,0,-0.318,0,0,1,4,7,6,5,1.438,7,6,1,6,0.799,6,0,5,0,7,4,0,6,5,0.0,0.338,3,0,0.608,1.695,6,0
0.536,1,7,0.0,6,3,6,4,0,0,4,1.034,0,1,3,7,1,4,1,1.555,7,2,2,6,0.149,5,0,3,6,4,3,2,7,1,0.0,-0.711,3,1,0.984,5.413,4,0
1.788,2,0,0.0,1,5,5,6,7,0,6,0.857,0,5,3,2,6,0,2,0.123,2,7,1,1,-0.609,5,0,7,1,4,5,3,6,5,0.0,2.462,0,7,1.839,2.606,2,0
2.867,6,6,0.0,6,3,2,4,2,1,5,-0.311,0,3,4,2,5,5,4,0.388,0,2,5,4,-1.069,2,0,4,4,3,5,3,3,1,0.0,2.265,7,1,1.871,1.381,0,0
1.316,4,4,0.0,1,3,2,7,2,0,7,0.397,0,7,3,6,5,7,6,0.611,3,1,1,1,1.74,4,0,0,5,2,3,2,1,3,0.0,0.18,3,5,0.758,1.282,0,0
2.185,1,5,0.0,7,0,6,0,6,0,0,0.705,1,7,3,1,5,3,4,3.676,6,5,4,7,1.291,1,0,1,4,3,1,0,0,6,0.0,2.92,6,0,2.274,3.336,0,0
1.698,3,3,0.0,5,0,4,3,3,0,0,0.442,0,5,0,0,7,3,2,3.166,5,0,5,6,-0.583,1,0,1,3,2,4,4,3,2,0.0,1.508,7,7,2.83,-0.861,6,0
6.139,5,3,0.0,1,0,3,7,2,1,6,0.725,1,1,4,3,7,2,1,5.058,4,3,6,6,1.111,4,1,1,2,0,4,2,7,5,0.0,6.568,7,0,5.728,7.964,7,1
4.403,5,0,11678.92,3,4,7,4,6,1,4,3.327,1,0,4,1,3,4,2,3.671,2,3,2,3,0.911,1,1,2,1,2,1,1,6,0,0.0,4.339,6,0,5.094,3.018,7,1
0.715,7,5,0.0,2,5,3,2,7,0,7,0.277,0,4,7,3,7,5,4,-0.114,5,3,5,3,-0.624,7,0,4,1,3,3,7,5,4,0.0,0.869,6,2,0.776,-1.651,6,0
3.033,6,2,19737.14,6,4,1,0,7,1,0,2.85,1,2,3,5,0,6,4,3.229,5,4,1,1,-1.381,2,1,5,2,3,4,2,7,2,0.0,4.079,3,7,2.925,2.962,3,1
3.659,3,3,29290.05,5,5,0,6,0,1,3,3.045,1,2,0,2,5,4,6,6.785,4,0,5,5,1.156,5,0,3,2,1,3,0,2,6,32.45,4.224,0,2,3.755,3.107,1,1
1.371,1,3,0.0,5,4,5,7,0,0,3,1.273,0,2,7,6,6,4,5,-1.002,3,4,6,4,-0.525,3,0,5,0,2,4,1,0,6,0.0,0.918,4,2,1.59,-0.5,1,0
3.241,1,0,0.0,6,4,0,1,7,0,5,0.544,0,6,5,6,2,0,4,-0.52,1,7,4,4,-0.661,5,1,5,2,6,7,7,4,3,0.0,2.867,2,6,3.28,2.733,4,0
-0.225,4,5,0.0,3,1,3,3,0,0,1,0.344,0,4,2,7,7,7,1,1.055,5,2,5,5,0.036,7,0,2,5,0,0,2,1,1,0.0,-0.566,5,7,0.422,0.983,0,0
0.626,4,4,0.0,4,4,6,3,4,0,4,1.149,0,0,3,1,4,4,7,0.291,7,0,0,2,-0.848,6,0,6,1,1,1,3,5,0,0.0,2.038,4,3,1.055,-0.165,5,0
0.892,7,1,0.0,3,0,5,2,7,0,0,-1.661,0,2,2,4,5,4,1,4.067,7,5,2,2,-1.035,1,0,7,5,0,3,2,0,1,0.0,2.155,2,1,1.619,0.721,7,0
0.933,0,4,0.0,1,5,5,6,7,0,7,0.452,0,7,6,4,1,6,5,-0.038,4,0,1,0,-1.334,7,0,0,2,6,3,1,7,0,0.0,0.402,6,4,1.399,0.14,7,0
1.628,0,5,0.0,1,5,3,4,3,0,5,0.502,0,7,2,6,7,2,0,-3.544,0,7,3,0,-0.489,1,0,7,7,1,2,2,1,5,0.0,3.372,3,0,1.826,2.072,6,0
2.079,2,0,0.0,1,5,4,5,1,0,4,0.068,0,1,3,6,5,4,1,0.441,1,1,1,0,0.475,6,0,6,1,2,4,6,7,0,0.0,0.04,3,4,2.874,1.818,5,0
5.76,0,4,18563.14,2,7,1,6,4,1,7,4.18,1,2,7,4,4,6,7,5.472,0,0,7,5,1.041,7,1,0,1,2,1,1,4,7,0.0,4.964,1,2,5.17,8.279,3,1
4.299,7,6,0.0,6,5,0,6,7,1,5,-0.117,1,1,1,5,1,7,1,3.271,3,3,1,5,0.64,5,1,4,2,3,0,2,2,5,0.0,3.01,7,0,4.458,5.531,3,1
3.461,2,7,0.0,5,0,1,4,3,1,2,2.089,0,6,4,1,4,4,2,2.722,4,3,5,3,-0.423,2,1,6,1,3,7,7,1,1,0.0,3.292,4,0,2.986,4.424,5,1
-0.734,7,3,0.0,1,2,5,3,2,0,4,0.487,0,5,2,2,1,5,1,3.709,4,4,0,4,0.381,5,0,0,6,6,3,3,7,6,0.0,-0.256,5,2,0.186,-0.023,2,0
1.033,1,6,0.0,4,4,1,2,1,0,6,0.463,0,1,7,5,5,2,7,-0.794,2,4,6,2,-0.262,3,0,0,5,5,6,7,0,1,0.0,0.058,1,2,0.989,0.019,6,0
1.453,4,4,0.0,2,1,7,4,7,0,7,1.126,0,5,1,5,7,4,2,1.917,5,4,2,3,1.359,3,0,7,5,3,6,2,3,4,0.0,0.595,7,4,1.093,-0.667,2,0
9.134,0,7,29628.78,1,1,3,0,2,1,2,1.306,1,6,1,0,3,6,3,8.365,0,6,2,0,1.54,4,1,2,3,4,1,4,5,4,6.99,9.571,4,5,8.815,9.199,0,1
0.974,5,5,0.0,5,4,6,6,4,0,5,-1.501,0,1,7,7,5,4,7,1.71,7,5,0,7,1.386,4,0,7,5,4,5,7,1,6,0.0,1.649,0,6,1.2,1.286,7,0
4.042,6,0,7876.33,0,0,0,2,5,1,4,1.458,1,3,3,7,0,5,5,5.249,1,2,0,3,-0.093,6,1,5,7,7,7,6,2,4,0.0,4.784,4,0,3.853,6.89,4,1
0.185,2,0,0.0,3,2,4,3,5,0,0,-0.63,0,1,2,6,3,2,3,-0.576,6,3,0,0,-0.651,4,0,4,1,5,0,4,6,4,0.0,-0.776,6,2,0.363,-1.038,7,0
0.758,5,3,0.0,0,7,0,6,5,0,7,-1.848,0,5,6,7,2,3,3,0.573,3,2,6,5,1.308,1,0,2,2,5,2,5,4,3,0.0,1.497,1,5,0.516,-4.305,6,0
3.17,7,0,0.0,3,1,4,2,7,1,7,3.139,0,2,4,0,2,5,3,4.348,6,5,3,3,-0.251,1,1,6,7,5,6,2,2,6,15.02,4.354,4,4,2.901,4.912,7,1
4.223,2,2,0.0,5,5,7,5,4,1,4,-0.089,1,7,0,3,7,5,3,2.798,1,0,4,6,0.874,7,1,1,4,0,6,4,3,1,0.0,4.417,4,2,3.554,3.477,1,1
-0.049,6,5,0.0,5,6,2,1,6,0,2,1.641,0,5,0,3,4,2,7,-1.52,0,4,2,4,-1.597,7,0,3,3,2,7,2,7,1,0.0,0.662,4,4,-0.089,-2.408,7,0
2.049,3,4,0.0,3,0,2,3,5,1,2,0.908,0,1,4,4,6,7,5,3.52,2,0,2,7,-1.273,7,0,1,2,3,3,1,2,1,0.0,1.514,7,1,1.744,2.248,1,0
0.278,3,2,0.0,4,7,7,7,0,0,5,0.362,0,6,7,5,7,2,4,1.085,1,1,1,5,1.97,5,0,7,0,1,7,7,0,5,0.0,0.219,0,2,1.011,-0.485,7,0
3.241,6,6,2209.83,1,3,5,6,7,1,5,2.423,1,4,3,2,7,5,4,3.097,1,3,3,3,0.134,0,1,1,0,0,1,7,2,3,0.0,4.279,4,6,3.477,0.537,4,1
2.221,6,2,0.0,0,1,6,7,4,0,0,0.695,0,2,0,7,1,1,1,7.804,2,4,6,6,0.338,2,0,1,1,1,6,7,1,0,0.0,1.772,6,3,1.621,3.227,2,0
3.424,6,4,0.0,1,5,2,5,1,0,4,-0.906,0,7,6,5,1,2,2,-1.883,6,0,1,1,1.182,3,0,1,0,7,0,2,7,1,0.0,-0.124,5,5,2.425,1.691,5,0
1.867,7,2,0.0,0,6,7,2,2,0,3,-0.65,0,7,0,2,6,5,4,-3.747,3,1,4,0,0.746,3,0,3,3,7,4,5,3,6,0.0,1.0,6,4,1.515,2.445,4,0
-0.037,0,7,0.0,7,1,5,7,5,0,2,1.474,0,7,5,1,0,5,5,-0.13,0,7,4,2,-0.772,1,0,4,7,1,1,5,4,1,0.0,2.022,2,5,0.891,2.105,6,0
2.432,4,5,0.0,3,7,7,6,5,0,4,0.318,0,5,7,2,3,3,0,2.557,0,3,6,0,-0.576,3,0,6,7,2,7,1,2,6,0.0,3.163,3,2,2.29,2.523,1,0
2.266,7,4,0.0,1,3,6,4,5,1,4,0.303,0,0,3,0,2,1,6,-2.111,5,3,7,0,0.896,3,0,3,2,2,7,4,4,0,0.0,2.821,2,0,1.75,-0.369,3,0
0.214,7,5,0.0,4,4,6,1,5,0,1,-1.603,0,1,4,5,5,5,4,2.406,5,4,3,1,-0.492,6,0,0,7,6,3,3,4,7,0.0,1.064,1,0,0.953,0.169,6,0
0.772,4,1,0.0,1,5,2,5,5,0,5,-0.107,0,0,1,5,1,0,7,4.865,5,4,1,0,0.419,5,0,5,6,5,5,7,7,5,0.0,1.768,2,7,0.74,1.664,5,0
1.72,3,7,0.0,5,7,0,4,7,0,1,0.213,0,7,0,1,4,7,4,-0.304,5,1,2,6,1.15,0,0,7,1,4,6,6,4,6,0.0,1.761,4,1,2.182,0.607,1,0
0.012,5,0,0.0,2,7,2,5,6,0,6,0.443,0,7,3,7,0,0,2,-0.244,1,3,7,2,-0.786,1,0,0,2,0,0,5,2,1,0.0,2.293,2,4,0.428,2.113,3,0
0.329,1,5,0.0,4,0,0,5,6,0,3,0.474,0,6,5,3,3,7,1,1.423,7,7,7,3,-0.913,2,0,6,1,6,2,6,2,2,0.0,-1.006,6,1,0.417,0.719,4,0
0.883,5,5,0.0,2,1,7,0,0,0,6,-0.515,0,0,2,2,0,2,5,-0.065,1,1,5,0,-0.436,0,0,0,4,7,5,0,2,4,0.0,-0.684,2,3,0.233,-2.814,3,0
1.37,0,7,0.0,4,4,2,6,7,0,3,0.418,0,1,2,5,0,0,4,2.509,3,6,6,5,1.46,3,0,6,6,4,5,3,0,2,0.0,1.359,1,1,0.867,2.713,3,0
0.888,7,2,0.0,2,2,0,4,2,0,5,0.569,0,1,2,0,1,3,7,0.155,7,1,4,1,0.948,4,0,0,1,6,5,1,3,0,0.0,0.527,3,3,0.328,1.548,0,0
-0.183,2,5,0.0,7,0,2,7,5,0,2,-0.875,0,3,6,3,5,0,3,1.844,1,1,0,7,-1.177,7,0,1,3,4,7,4,0,7,0.0,-0.329,3,6,1.023,1.628,5,0
2.085,1,1,0.0,1,1,2,3,6,0,7,1.153,0,5,5,3,3,1,5,0.556,1,4,1,1,-1.163,6,0,1,7,1,4,5,2,4,0.0,2.912,5,7,2.079,3.227,7,0
0.93,1,2,0.0,1,3,3,4,7,0,1,0.901,0,0,4,7,6,7,3,1.076,5,4,4,6,0.416,2,0,0,2,7,1,0,2,7,0.0,0.445,3,3,0.377,0.691,0,0
1.104,6,3,0.0,5,2,0,0,2,0,4,0.23,0,0,0,3,2,5,3,2.022,5,4,5,7,-0.055,4,0,7,5,6,4,7,5,2,0.0,2.608,6,5,0.674,-0.192,6,0
-0.248,3,2,0.0,1,3,5,5,5,0,7,-1.428,0,1,7,5,7,7,7,-1.133,6,5,1,2,0.136,3,0,6,3,4,2,5,2,6,0.0,0.636,6,6,0.328,0.965,0,0
2.59,3,3,0.0,7,0,6,3,3,1,0,-1.664,0,0,0,7,5,2,0,1.866,4,2,6,0,-1.331,4,0,1,1,2,4,1,5,0,0.0,1.852,0,5,3.045,2.926,4,0
-0.722,5,6,0.0,2,4,5,1,2,0,0,0.058,0,2,4,5,3,1,3,-2.048,7,6,0,2,-0.916,0,0,5,3,2,7,4,0,0,0.0,-1.989,2,4,0.395,2.106,6,0
4.263,4,4,23939.25,1,7,2,6,5,1,3,1.429,1,1,0,3,5,6,5,1.355,1,1,6,3,0.375,2,1,1,6,4,7,0,7,3,0.0,4.238,5,4,4.868,3.153,6,1
0.59,2,4,0.0,1,5,4,7,4,0,2,-0.069,0,5,5,2,7,1,2,-1.687,6,4,4,2,0.346,2,0,1,2,2,3,5,5,6,0.0,-0.882,3,0,-0.176,1.341,6,0
0.28,5,4,0.0,6,7,4,0,0,0,3,-0.778,0,3,0,6,7,3,6,1.918,6,1,4,0,-0.63,1,0,1,2,4,5,3,4,6,0.0,0.078,5,1,0.522,0.385,3,0
2.207,0,2,0.0,3,6,6,4,0,0,4,0.477,0,3,1,1,4,0,5,2.442,1,1,4,7,-0.256,4,0,3,0,4,1,6,0,1,0.0,2.059,6,7,1.128,-1.445,6,0
1.006,1,2,0.0,2,5,7,6,4,0,7,0.582,0,5,6,6,3,6,4,-2.378,0,5,2,7,-0.856,7,0,1,1,7,2,7,1,3,0.0,0.611,3,7,-0.107,-0.326,3,0
1.822,6,6,0.0,3,5,7,1,3,0,0,0.462,0,7,3,5,6,3,5,0.812,0,5,3,7,-0.925,2,0,4,5,7,2,1,7,7,0.0,0.362,7,2,2.144,0.428,1,0
0.111,4,6,0.0,2,0,0,3,0,0,6,0.99,0,7,2,3,1,6,3,-1.288,6,1,6,6,-0.255,1,0,0,1,7,2,1,5,0,0.0,1.433,2,0,1.595,1.568,7,0
1.644,0,4,0.0,0,2,1,3,2,0,3,0.244,0,3,6,5,3,7,2,1.5,7,4,2,0,0.596,6,0,2,4,7,4,2,6,7,0.0,1.757,6,2,1.222,1.443,2,0
1.317,3,0,0.0,0,3,6,2,0,0,0,-1.136,0,6,6,7,6,5,6,0.734,3,1,2,3,-1.734,4,0,4,5,1,4,2,0,3,0.0,0.32,6,6,1.295,1.126,1,0
0.997,5,6,0.0,1,0,1,5,6,0,7,2.426,0,1,1,5,6,4,4,2.37,2,0,3,6,1.38,4,0,4,2,0,3,7,4,3,0.0,1.001,6,0,0.77,-0.558,3,0
2.082,1,6,0.0,0,7,0,5,6,0,6,-0.053,1,3,5,7,6,5,0,0.456,0,2,1,4,-0.625,1,1,7,3,4,3,2,1,7,0.0,3.198,3,2,2.098,1.233,7,1
2.65,7,1,0.0,2,3,1,1,2,1,6,-1.345,0,3,6,4,1,0,2,2.499,2,1,2,4,0.835,0,0,0,6,5,1,5,6,3,0.0,1.388,2,0,2.171,5.744,2,0
0.625,7,2,0.0,7,1,5,0,6,0,4,-2.407,0,7,7,3,3,1,6,1.454,6,5,1,5,0.585,4,0,2,6,0,2,4,4,2,0.0,1.616,2,0,0.263,1.378,2,0
-0.071,6,1,0.0,4,7,3,0,3,0,4,-1.331,0,2,0,4,7,3,4,-0.06,0,7,3,2,0.997,7,0,6,7,6,2,2,7,0,0.0,0.848,4,7,1.669,1.943,1,0
1.032,6,5,0.0,3,0,7,3,0,0,3,-0.544,0,0,2,3,2,2,1,0.071,6,3,1,0,0.706,3,0,2,4,3,0,2,6,4,0.0,-0.276,5,4,0.261,1.656,1,0
1.98,6,4,0.0,7,0,6,3,0,0,2,-2.266,0,7,0,0,5,0,3,0.679,4,4,0,4,1.343,4,0,6,0,2,4,1,3,2,0.0,2.597,2,5,1.592,3.161,5,0
2.217,2,5,0.0,4,2,4,6,0,0,7,-0.403,0,2,2,0,6,5,5,4.395,0,1,0,1,0.384,1,1,0,2,0,4,1,4,4,0.0,2.813,1,0,2.899,2.602,6,0
4.687,1,1,41624.13,3,7,4,2,5,1,1,1.224,1,2,6,4,5,5,5,5.722,7,6,6,7,-0.238,2,1,1,2,1,6,1,6,1,1.78,3.047,5,5,4.678,4.15,2,1
1.431,3,3,0.0,0,7,4,3,4,0,5,2.4,0,2,4,5,1,2,5,-3.547,6,5,4,2,1.065,2,0,0,2,1,2,1,3,4,0.0,2.734,5,7,0.817,-0.724,4,0
1.121,7,7,0.0,4,7,0,5,5,0,5,-0.607,0,4,7,6,5,7,0,-3.839,0,1,4,3,1.078,7,0,7,1,7,7,1,4,1,0.0,-0.15,0,6,1.429,-1.047,0,0
0.229,3,5,0.0,1,5,5,7,3,0,1,-0.504,0,1,7,5,2,3,6,-6.107,7,6,4,2,0.682,0,0,1,5,1,5,3,2,6,0.0,2.836,4,4,0.317,0.79,6,0
2.411,5,4,0.0,1,6,1,6,1,1,0,0.435,0,1,7,2,3,3,7,1.821,2,6,1,4,-1.364,4,0,5,5,4,7,7,4,0,0.0,2.907,6,7,2.381,4.329,2,0
1.95,2,3,0.0,3,0,7,0,5,1,3,0.193,0,6,1,4,2,0,2,5.574,4,0,6,7,-0.611,7,0,4,3,6,4,2,6,3,0.0,2.943,7,2,2.789,2.518,2,0
2.297,4,7,0.0,4,3,5,4,7,1,5,0.129,0,6,1,6,7,1,3,2.302,3,6,1,3,-0.224,1,0,4,2,3,7,0,3,1,0.0,3.284,2,6,2.872,6.174,7,0
2.46,0,4,38999.9,4,7,2,7,7,1,5,1.852,0,1,1,1,5,7,6,4.929,6,3,1,5,-0.259,0,1,3,6,2,7,4,6,4,0.0,3.94,1,2,2.226,2.853,2,1
0.238,6,6,0.0,6,5,4,7,3,0,0,-1.111,0,3,5,2,5,3,7,0.002,3,6,1,0,1.767,3,0,7,5,0,6,1,1,6,0.0,0.185,2,7,0.972,2.353,1,0
0.158,4,6,0.0,1,3,3,2,0,0,2,0.816,0,5,4,1,7,0,0,0.292,1,0,3,6,0.751,2,0,6,6,7,5,7,7,3,0.0,0.076,4,0,0.599,-1.711,2,0
1.265,6,7,0.0,4,7,0,5,1,0,2,-0.113,0,2,7,0,6,2,1,-2.835,3,7,7,3,0.675,3,0,5,7,5,7,2,2,5,0.0,0.984,7,2,1.078,1.877,4,0
2.464,7,1,0.0,2,6,4,6,7,0,7,-2.069,0,3,0,4,2,0,1,2.811,5,5,7,5,-0.191,5,0,3,6,4,7,0,3,2,0.0,2.601,6,3,1.231,2.043,1,0
0.75,1,2,0.0,5,5,1,0,4,0,0,-2.764,0,0,1,0,2,7,2,0.863,5,3,6,0,1.497,3,0,2,5,2,3,3,0,2,0.0,0.272,5,2,-0.028,2.978,7,0
0.761,6,1,0.0,7,5,7,4,1,0,3,1.192,0,2,2,7,0,5,3,3.345,7,2,2,7,-1.363,2,0,2,1,3,3,2,5,6,0.0,1.27,1,1,1.936,0.09,3,0
0.866,6,7,0.0,1,0,4,7,4,0,4,0.988,0,0,6,0,0,4,4,1.841,6,0,6,3,-0.45,5,0,0,5,7,0,6,4,7,0.0,1.554,3,7,0.996,0.496,1,0
0.363,4,5,0.0,2,2,4,4,7,0,3,-1.794,0,5,0,3,2,0,1,5.321,6,7,2,6,-1.845,2,0,5,6,3,7,3,2,2,0.0,1.217,7,0,0.688,1.093,4,0
2.495,5,6,27892.65,2,6,0,6,5,1,7,3.606,0,6,3,3,3,3,4,2.539,1,6,0,2,1.867,5,1,5,2,6,4,2,0,1,0.0,2.883,2,3,2.602,4.159,5,1
1.341,1,2,0.0,0,6,4,0,4,0,4,-1.565,0,4,2,4,7,4,2,1.525,4,0,4,2,-0.399,1,0,0,5,0,0,1,1,7,0.0,2.063,7,5,1.163,0.83,6,0
0.327,5,3,0.0,7,5,3,3,2,0,6,-0.093,0,3,3,5,2,4,6,5.378,5,3,0,5,0.18,1,0,5,2,0,4,5,6,0,0.0,2.146,2,0,0.82,3.087,3,0
2.378,7,3,13359.97,4,0,7,2,1,1,2,1.113,1,2,3,1,1,5,7,2.984,7,2,0,6,0.172,1,1,4,6,6,6,2,6,6,0.0,1.107,7,6,2.655,-0.337,4,1
0.937,7,2,0.0,5,7,2,3,6,0,5,-0.728,0,7,6,5,5,4,7,-1.778,6,7,5,3,-2.121,0,0,0,6,7,3,3,1,7,0.0,2.76,3,3,1.634,3.087,6,0
0.196,3,3,0.0,2,4,1,1,7,0,2,-3.365,0,6,4,0,3,5,6,0.195,4,2,3,6,-1.983,7,0,7,3,7,2,4,2,1,0.0,-2.344,4,4,0.347,0.467,5,0
1.419,0,1,0.0,1,5,4,1,7,0,6,-0.407,0,7,1,2,3,5,6,1.289,5,2,4,3,-0.238,6,0,2,2,6,4,5,2,7,0.0,-0.213,0,3,1.43,0.962,1,0
4.828,6,7,20433.61,2,5,1,4,2,1,7,2.313,1,2,4,7,7,1,5,3.449,6,5,7,2,0.615,6,1,1,6,7,6,1,6,6,0.0,5.167,2,2,3.957,2.417,5,1
1.06,6,7,0.0,5,2,5,0,3,0,2,-0.428,0,1,7,1,5,2,1,4.536,5,2,5,7,0.574,0,0,0,6,2,7,1,6,4,0.0,1.378,5,2,0.694,2.227,5,0
1.438,7,7,0.0,7,7,3,6,3,0,5,-1.185,0,0,4,5,0,1,0,-0.075,4,4,5,0,2.152,2,0,4,2,0,3,2,3,1,0.0,1.017,6,2,1.281,0.811,0,0
6.417,4,2,34622.15,1,1,2,4,2,1,3,0.526,1,0,4,3,1,7,4,7.094,2,7,6,1,2.031,0,1,0,3,4,6,3,0,7,0.0,7.977,6,2,6.619,8.957,6,1
1.49,2,5,0.0,1,1,3,5,4,0,6,-1.371,0,4,4,0,1,6,1,0.707,6,2,3,0,-2.161,1,0,7,5,5,7,6,2,2,0.0,1.814,6,5,0.639,-1.466,0,0
1.618,4,2,0.0,6,7,2,4,4,0,7,-0.53,0,1,5,5,0,7,6,-0.037,2,0,0,2,-0.141,1,0,3,4,3,4,4,2,6,0.0,1.591,5,7,1.888,0.855,3,0
2.225,5,5,0.0,7,0,4,5,2,1,7,0.539,0,4,3,3,1,2,0,2.467,2,5,6,0,-0.019,5,0,0,4,0,5,1,5,1,0.0,0.4,0,0,2.619,1.711,2,0
2.93,5,6,24278.52,4,0,4,5,0,1,1,2.492,0,2,5,3,5,0,7,-1.471,7,5,0,0,0.373,2,1,6,7,3,5,3,2,5,5.6,3.489,6,7,2.608,4.194,1,1
3.294,0,6,0.0,0,2,7,6,0,0,0,0.095,0,5,3,6,5,1,6,5.841,7,1,7,6,0.784,1,1,0,7,3,3,6,3,0,0.0,3.727,0,5,2.095,3.552,0,0
0.786,2,1,0.0,2,7,3,7,1,0,4,0.918,0,7,7,0,1,3,6,3.08,6,1,7,3,1.517,1,0,6,5,3,7,7,1,4,0.0,0.475,2,7,1.025,1.764,4,0
3.718,3,7,37482.97,1,3,0,0,1,1,0,2.322,1,7,0,0,6,5,1,2.939,1,4,0,5,1.395,3,1,0,0,6,6,7,7,0,0.0,4.493,3,3,3.479,2.136,2,1
2.063,6,3,0.0,6,6,2,3,4,0,6,-1.425,0,2,3,0,6,3,6,0.375,2,7,1,7,0.767,6,0,4,3,1,2,3,0,2,0.0,1.283,1,0,1.87,2.581,2,0
1.97,0,4,21129.94,0,5,5,5,5,1,1,0.93,0,0,3,1,4,5,6,1.339,6,2,6,0,1.464,3,1,0,4,4,3,6,4,0,0.0,0.546,5,2,1.68,2.563,2,1
4.005,0,6,14507.39,4,2,4,2,5,1,4,1.323,0,6,4,0,0,0,0,5.105,0,6,5,1,0.521,0,1,5,3,0,3,0,7,4,0.0,3.922,3,0,3.626,5.096,1,1
2.739,3,4,0.0,6,1,4,3,7,1,7,1.456,0,7,3,5,1,6,7,5.75,4,6,5,2,-0.248,6,0,4,4,3,3,6,7,1,0.0,1.703,4,1,2.165,1.849,1,0
1.914,2,6,0.0,4,2,2,4,5,0,7,-0.127,0,1,2,6,0,1,6,0.702,6,3,6,0,0.121,7,0,1,3,3,6,1,4,4,0.0,2.827,4,3,1.769,3.824,3,0
0.891,5,1,0.0,5,3,1,6,2,0,0,0.367,0,7,7,4,6,3,7,1.664,5,1,3,3,0.048,7,0,5,1,6,0,0,3,5,0.0,1.061,3,1,1.078,3.031,2,0
3.693,4,1,30913.6,1,1,3,6,3,1,5,3.401,1,6,3,3,0,6,2,3.288,0,0,1,7,-1.605,4,1,0,1,3,1,5,4,4,0.0,4.073,5,2,3.469,5.663,0,1
1.212,1,3,0.0,2,1,7,1,1,0,6,-0.731,0,1,0,3,3,3,2,-0.762,6,6,2,1,-1.042,0,0,1,5,5,3,6,1,4,0.0,0.346,0,1,0.308,0.024,3,0
2.758,2,6,12239.56,6,2,4,7,2,1,4,0.993,1,6,0,0,5,7,6,2.062,4,4,2,0,0.925,1,1,5,7,4,1,5,1,6,0.0,1.811,7,2,3.297,3.077,4,1
2.248,4,0,17844.62,3,4,2,3,2,1,7,0.093,0,6,7,3,4,6,5,-0.084,2,5,1,4,1.045,5,1,7,0,4,5,2,3,3,0.0,2.678,0,6,2.122,2.522,7,1
0.757,6,4,0.0,3,1,7,4,0,0,2,1.249,0,4,5,3,2,1,4,2.114,7,2,1,3,0.424,2,0,2,0,1,3,1,1,7,0.0,0.362,2,3,0.381,-0.406,0,0
1.623,7,5,0.0,5,7,1,5,4,1,7,-0.426,0,7,4,0,2,0,5,0.305,0,5,7,7,0.186,3,0,2,2,1,2,1,6,0,0.0,2.293,5,1,1.368,-0.246,0,0
2.732,4,6,5769.65,5,7,3,5,3,1,6,2.951,0,0,6,6,3,0,5,0.934,5,2,0,1,-0.328,0,1,6,6,3,3,4,7,5,0.0,4.836,0,6,2.457,-1.115,2,1
0.508,2,1,0.0,1,5,1,0,2,0,0,-3.281,0,0,1,1,7,2,4,-3.861,3,2,4,0,-0.197,1,0,5,7,2,3,5,7,0,0.0,0.831,4,2,0.188,-0.52,4,0
3.801,1,1,31219.2,0,2,6,3,2,1,4,0.754,1,2,0,3,5,7,6,4.77,7,1,4,3,0.81,7,0,4,6,5,3,4,4,0,0.0,3.693,5,1,3.684,1.715,3,1
0.155,1,2,0.0,2,6,5,1,4,0,7,-0.34,0,3,3,2,0,3,7,5.355,5,5,4,5,0.673,2,0,2,3,6,1,3,2,2,0.0,1.319,2,7,0.615,-0.044,1,0
1.361,2,5,0.0,0,7,4,5,5,0,7,0.247,0,4,6,7,2,7,2,-0.193,2,6,5,1,-0.958,4,0,5,0,3,4,3,0,0,0.0,2.14,6,0,1.133,0.896,6,0
1.284,2,1,0.0,4,1,1,6,7,0,0,-0.493,0,7,6,6,2,3,0,-1.475,7,5,5,3,0.121,3,0,2,1,0,5,2,1,3,0.0,2.454,2,1,1.655,1.545,0,0
1.746,7,5,0.0,6,4,2,3,6,1,0,-0.446,0,6,1,2,6,5,5,3.223,1,4,4,6,-0.514,6,0,6,5,1,7,7,2,3,0.0,2.212,2,2,1.69,-0.281,3,0
0.99,1,0,0.0,6,2,3,6,2,0,1,-0.834,0,1,3,6,4,0,2,1.714,1,7,7,3,-0.117,7,0,2,4,4,6,2,5,4,0.0,2.539,6,0,0.954,1.346,7,0
0.913,7,7,0.0,4,1,6,4,5,0,1,-1.032,0,1,1,6,6,0,2,2.196,2,4,2,6,-0.258,1,0,0,2,0,4,6,1,4,0.0,-0.335,7,6,0.091,-0.743,2,0
3.047,0,2,22887.81,6,6,6,1,0,1,3,0.257,1,6,7,5,2,0,3,4.617,2,3,1,7,0.605,2,1,6,3,3,2,6,2,4,0.0,2.971,6,2,3.849,3.004,2,1
1.879,4,4,0.0,1,7,5,1,5,0,2,-0.162,0,3,7,4,1,7,5,1.202,1,1,2,4,0.014,5,0,5,5,4,3,3,5,7,0.0,3.112,2,0,2.736,2.523,4,0
0.725,1,7,0.0,5,2,5,7,1,0,4,0.143,0,2,0,2,4,7,0,2.09,5,5,1,7,-1.707,2,0,5,0,4,0,6,3,1,0.0,0.857,4,5,1.737,2.733,6,0
-0.231,2,4,0.0,1,1,4,5,3,0,4,-1.47,0,7,1,0,4,4,7,2.116,3,7,3,6,1.924,0,0,3,5,6,3,5,2,3,0.0,0.476,2,3,0.178,1.215,4,0
0.774,1,6,0.0,1,3,0,6,6,0,0,-0.25,0,6,2,0,4,0,6,1.626,1,2,4,3,0.498,0,0,7,6,4,7,2,6,5,0.0,0.994,3,7,0.781,0.609,2,0
1.332,1,4,0.0,7,0,1,5,4,0,7,-0.629,0,7,4,6,1,2,7,5.104,4,6,6,6,-0.476,0,0,3,1,3,2,5,6,3,0.0,0.32,1,3,1.115,0.134,7,0
1.32,3,7,0.0,6,7,3,7,6,0,0,-1.197,0,6,0,1,2,4,6,0.86,7,0,6,6,0.044,1,0,6,7,4,3,6,3,4,0.0,-0.159,3,7,0.391,2.662,7,0
0.202,0,7,0.0,4,6,1,0,6,0,3,-0.092,0,4,7,4,3,1,1,-1.751,1,1,4,6,-0.33,3,0,3,7,5,7,3,3,3,0.0,-0.194,5,5,0.165,2.032,4,0
0.952,7,6,0.0,6,3,0,1,3,0,4,-1.471,0,5,2,5,3,7,1,2.935,7,7,3,2,-2.058,4,1,3,1,1,7,1,4,4,0.0,0.656,6,1,2.002,1.38,5,0
1.135,3,7,0.0,7,0,2,4,2,0,4,-0.122,0,1,6,7,3,3,2,1.799,3,1,7,3,-1.642,0,0,2,4,0,6,2,1,3,0.0,1.043,3,1,1.086,-1.488,2,0
3.161,6,1,17485.41,3,2,2,5,6,1,5,0.057,1,2,4,6,5,2,4,-0.959,1,3,1,2,1.625,3,0,4,2,5,3,6,3,6,0.0,0.233,5,6,3.057,0.798,7,1
0.694,0,0,0.0,7,0,1,1,1,0,7,0.905,0,5,6,6,1,2,0,1.165,7,2,6,1,0.13,5,0,1,1,1,0,1,1,4,0.0,-0.038,2,0,0.538,-0.93,3,0
3.754,5,3,18564.97,0,7,4,0,1,1,7,2.816,1,2,1,0,1,2,3,4.454,6,5,6,5,0.322,3,1,3,4,7,5,3,3,2,0.0,3.426,6,6,4.219,2.484,0,1
1.034,7,6,0.0,3,7,3,4,3,1,3,-0.449,0,1,4,3,1,3,5,1.025,5,3,6,3,-0.356,5,0,3,2,3,1,5,2,1,0.0,0.741,7,5,1.524,1.646,3,0
2.135,1,4,0.0,1,2,0,6,0,0,4,0.443,0,3,3,5,4,2,7,1.695,4,7,2,1,1.421,0,0,2,0,2,4,3,7,2,0.0,0.216,0,4,1.657,0.718,4,0
1.191,1,3,0.0,4,6,5,4,5,0,6,0.381,0,4,7,2,5,1,4,-1.618,4,7,0,6,-0.382,4,0,5,5,4,7,4,6,6,0.0,0.06,1,1,1.231,0.792,0,0
1.148,5,6,0.0,2,7,7,4,5,0,5,-0.209,0,1,2,3,7,7,3,1.219,4,6,1,7,1.186,3,0,1,1,0,1,5,0,0,0.0,0.247,3,0,0.856,1.773,3,0
2.476,7,4,0.0,1,0,6,5,5,0,4,1.44,0,7,1,7,4,4,4,-4.254,3,6,6,4,0.223,3,0,1,2,1,3,7,4,0,0.0,1.121,2,4,1.049,4.208,3,0
1.644,5,4,0.0,2,6,6,5,4,0,6,-1.765,0,0,4,1,5,3,4,1.892,0,6,6,2,-0.918,3,0,4,4,7,4,4,0,1,0.0,-0.082,6,7,1.553,5.317,2,0
6.964,5,5,32239.79,1,3,1,2,6,1,4,1.341,1,3,5,3,2,2,2,7.285,7,5,0,3,-0.863,6,1,5,6,2,3,4,6,3,42.24,7.037,0,3,6.191,4.777,7,1
3.613,4,5,4938.55,1,0,1,4,4,1,4,1.189,1,6,3,2,1,2,7,3.081,6,5,0,1,1.159,1,0,1,3,3,7,6,5,4,0.0,4.085,5,5,2.894,2.471,0,1
0.885,1,4,0.0,7,1,7,4,2,0,3,1.299,0,6,1,2,6,2,0,-1.886,7,5,4,1,-1.098,0,0,2,3,5,2,1,5,7,0.0,-0.588,6,5,0.886,6.641,0,0
0.422,7,3,0.0,5,3,1,7,6,0,1,-1.364,0,0,2,2,7,2,2,2.802,5,4,4,4,-1.808,5,0,6,4,5,4,1,4,7,0.0,1.305,4,7,0.917,3.213,1,0
0.517,6,1,0.0,2,3,1,4,6,0,1,-1.177,0,4,6,3,6,1,3,1.563,1,7,5,4,0.504,2,0,1,6,7,1,0,5,3,0.0,-1.148,6,7,0.204,2.859,2,0
1.409,6,6,0.0,6,7,0,5,2,0,3,-0.497,0,7,3,4,1,0,1,-1.074,2,4,0,2,1.786,2,0,1,5,7,2,2,5,0,0.0,0.368,2,3,1.194,6.15,5,0
4.379,1,5,35103.4,3,5,4,6,4,1,3,3.041,1,0,2,7,5,0,2,5.211,0,2,7,5,0.496,0,1,0,7,5,6,2,6,1,0.0,2.957,1,7,3.922,4.484,3,1
1.505,6,4,0.0,1,4,1,7,3,0,3,-0.252,0,4,5,2,4,3,0,-0.175,4,7,7,6,-0.566,6,0,0,3,1,1,6,7,6,0.0,1.337,0,3,1.145,1.67,4,0
0.133,3,6,0.0,0,0,2,6,6,0,0,-2.589,0,7,6,2,6,5,7,0.954,3,7,0,3,0.061,3,0,1,7,2,7,7,5,2,0.0,0.203,0,5,-0.153,-1.122,3,0
1.52,3,2,0.0,4,6,5,1,1,0,1,0.988,0,0,2,2,2,0,1,1.706,4,6,4,0,0.351,7,0,2,7,2,1,1,2,2,0.0,0.831,6,7,1.147,-0.917,3,0
0.444,0,1,0.0,3,0,1,3,2,0,3,-0.723,0,3,4,2,0,1,7,4.323,0,7,3,1,1.316,3,0,5,4,4,2,2,1,6,0.0,1.826,5,0,1.007,2.555,0,0
1.481,0,6,0.0,6,4,0,5,2,0,2,0.138,0,6,1,3,6,1,4,1.635,6,0,1,6,0.341,6,1,0,0,0,0,1,6,2,0.0,0.493,6,6,1.514,0.721,5,0
1.392,0,4,0.0,5,0,4,4,2,0,6,-0.949,0,0,5,6,3,0,1,4.57,5,0,6,3,0.605,0,0,5,5,0,1,0,2,2,0.0,3.889,4,0,1.719,2.424,0,0
2.545,0,0,0.0,1,1,3,7,3,1,3,2.469,0,6,0,5,1,3,6,5.133,1,2,3,0,-0.132,0,1,1,1,0,7,6,1,7,0.0,-0.009,4,2,2.311,0.395,5,1
1.734,0,0,0.0,4,3,4,5,4,0,5,-0.164,0,2,1,1,6,7,5,1.233,2,5,3,7,1.835,5,0,0,5,0,7,1,2,0,0.0,1.066,4,4,1.768,3.442,0,0
1.478,6,0,0.0,5,6,6,0,1,0,4,0.639,0,0,5,5,2,5,2,0.677,7,3,4,3,-0.299,1,0,2,5,6,7,3,0,2,0.0,0.651,5,1,1.204,-0.372,6,0
0.471,1,0,0.0,7,6,7,4,5,0,0,0.507,0,5,1,1,0,4,7,2.486,2,7,3,6,-1.684,4,0,1,0,1,7,1,6,2,0.0,0.266,1,7,1.244,-1.393,1,0
0.674,1,6,0.0,4,3,3,1,6,0,2,-1.095,0,2,5,5,1,5,0,0.127,3,7,7,3,-1.683,6,0,2,7,5,4,5,6,3,0.0,-2.324,6,4,0.668,-0.447,4,0
1.353,5,6,0.0,0,1,3,1,1,0,1,0.85,0,0,3,5,6,0,0,4.224,3,2,2,7,-0.878,2,0,3,6,6,2,0,4,0,0.0,1.304,5,5,2.314,3.261,1,0
4.158,5,0,18359.39,0,7,2,1,3,1,2,0.842,1,2,6,6,2,1,3,0.035,1,2,5,5,1.693,0,1,7,3,2,6,2,1,4,50.31,4.738,5,3,4.401,4.642,6,1
5.336,3,4,0.0,5,1,7,5,7,1,5,1.899,1,1,4,6,0,7,5,5.537,3,0,0,5,0.406,6,1,3,1,0,2,5,7,0,18.15,5.783,2,3,5.887,1.573,0,1
-0.452,1,2,0.0,6,3,0,5,5,0,6,-0.698,0,4,0,2,7,1,6,4.283,1,2,2,5,-0.436,2,0,3,0,2,4,7,7,5,0.0,0.552,5,0,0.29,0.192,5,0
1.771,6,0,0.0,2,3,3,0,4,0,5,-0.708,0,4,6,4,7,4,4,2.064,3,0,2,4,1.246,7,0,6,7,4,5,4,3,6,0.0,2.168,6,2,2.28,1.959,0,0
1.429,5,6,0.0,2,0,3,1,5,0,2,0.323,0,6,6,2,0,7,6,1.984,0,2,5,3,-0.019,2,0,1,4,5,2,0,2,4,0.0,2.143,5,4,1.529,1.328,5,0
2.504,5,0,0.0,4,0,0,5,0,0,7,-0.741,0,7,7,1,7,0,0,0.593,7,1,7,1,-0.8,0,1,2,5,6,1,5,0,5,0.0,2.169,2,3,1.661,2.638,2,0
0.342,0,5,0.0,0,3,5,5,3,0,6,-0.683,0,7,2,6,7,6,0,1.874,2,1,6,3,-0.957,5,0,6,4,7,5,1,7,7,0.0,-1.191,6,2,0.3,-2.081,0,0
0.664,2,1,0.0,2,4,4,4,5,0,4,1.728,0,7,2,0,5,5,0,0.886,0,5,2,3,0.257,2,0,6,2,7,6,3,4,7,0.0,0.324,7,0,1.225,1.417,2,0
1.145,5,4,0.0,2,6,0,3,6,0,6,1.456,0,0,5,4,5,0,6,1.237,0,2,2,4,0.259,7,0,1,4,5,4,0,5,5,0.0,0.91,3,5,1.182,0.481,5,0
-0.413,0,1,0.0,7,1,6,6,6,0,4,-0.35,0,5,5,3,0,2,4,-2.366,0,4,6,5,-0.139,1,0,7,1,1,5,1,1,6,0.0,1.381,6,6,0.175,1.466,2,0
5.297,5,7,18578.49,4,2,6,2,1,1,1,1.57,1,2,0,3,1,7,4,8.34,5,4,0,7,0.074,0,1,4,3,1,5,3,1,0,0.0,6.569,2,6,4.487,5.103,7,1
0.428,0,3,0.0,7,1,1,2,0,0,6,-0.294,0,6,4,3,7,1,6,1.301,5,6,7,0,-0.689,4,0,7,1,2,3,0,3,7,0.0,2.692,6,1,0.543,-0.323,1,0
1.513,4,3,0.0,6,1,4,0,4,0,2,0.841,0,1,7,2,1,6,3,1.998,3,6,3,6,1.233,0,0,7,2,6,7,2,4,2,0.0,3.058,3,5,1.142,1.653,7,0
2.668,2,6,0.0,7,4,3,3,6,1,5,-1.422,0,5,5,5,0,4,6,3.035,6,7,0,0,0.557,3,0,7,2,4,7,5,6,2,0.0,2.005,4,7,2.984,-0.169,5,0
6.484,7,2,40048.8,3,2,2,3,5,1,3,1.621,1,0,6,2,3,7,6,6.586,5,1,5,2,1.113,0,1,5,0,4,7,1,2,5,0.0,8.568,6,0,6.689,7.147,4,1
3.345,1,7,0.0,5,1,0,0,3,0,7,0.191,1,6,4,1,4,3,6,4.979,2,2,1,1,-1.238,0,0,7,0,6,3,3,6,5,0.0,1.489,2,4,2.514,3.464,0,0
1.856,7,6,0.0,5,6,1,4,1,0,2,-0.186,0,5,5,4,2,4,2,2.067,7,6,0,2,0.267,5,0,4,4,3,2,5,3,5,0.0,0.41,4,4,1.21,-0.779,4,0
2.763,1,1,0.0,3,5,1,6,7,1,3,1.371,0,2,1,7,2,1,3,4.193,5,5,4,5,0.996,2,0,0,6,1,4,5,1,7,0.0,2.357,0,6,2.632,3.622,7,0
0.539,1,2,0.0,0,4,4,5,1,0,0,0.372,0,4,5,3,1,4,4,1.566,2,2,5,5,-0.819,3,0,6,6,2,3,6,5,6,0.0,-2.449,7,1,0.295,0.871,4,0
8.022,1,7,0.0,1,2,7,7,3,1,1,2.574,1,4,1,4,2,6,6,6.218,2,0,3,4,1.688,2,1,1,7,1,3,1,6,1,0.0,7.137,0,7,7.291,5.351,4,1
0.886,7,1,0.0,1,6,2,3,5,0,2,0.282,0,4,2,5,7,3,2,1.706,5,4,7,6,-1.014,0,0,1,3,2,2,1,4,2,0.0,1.23,3,5,0.74,4.358,1,0
0.592,5,7,0.0,5,1,1,3,2,0,1,-0.274,0,5,5,1,1,6,6,-2.877,4,3,4,4,1.453,7,0,1,0,2,3,6,2,6,0.0,0.884,5,1,0.785,0.73,7,0
1.465,5,6,0.0,6,2,1,3,7,1,0,0.52,0,1,5,2,5,4,2,4.571,3,1,4,7,1.005,0,0,5,2,7,2,3,7,1,0.0,1.499,2,2,1.832,2.126,6,0
1.746,4,2,2967.02,6,2,3,1,2,1,0,2.08,0,0,3,1,6,1,4,2.867,4,2,5,5,-1.79,3,1,3,5,0,5,4,0,2,0.0,2.298,2,3,2.23,2.696,7,1
2.562,5,1,37635.74,6,7,1,0,1,1,4,3.279,1,5,0,7,3,4,3,5.15,0,7,0,0,-1.543,7,0,6,6,4,2,5,2,0,0.0,3.355,3,0,3.51,2.237,1,1
0.65,0,0,0.0,3,6,2,2,4,0,7,0.355,0,4,5,3,5,6,2,4.396,6,2,3,5,-0.132,3,0,2,3,5,4,2,0,6,0.0,1.411,3,7,0.693,-0.207,1,0
-0.075,1,0,0.0,6,3,4,0,5,0,4,-0.791,0,1,1,6,4,5,2,-3.021,7,6,7,5,0.246,2,0,2,0,6,0,6,6,6,0.0,-0.45,3,2,-0.121,-2.003,0,0
3.823,7,3,39891.78,2,0,1,2,1,1,2,2.559,1,4,0,5,2,6,1,-0.125,5,1,3,5,-0.557,1,1,7,1,2,5,3,7,2,0.0,3.629,1,5,3.855,3.951,1,1
0.81,7,0,0.0,4,6,0,7,4,0,2,0.794,0,5,7,0,7,6,5,-0.967,0,3,3,0,0.158,5,0,1,5,6,2,5,6,2,0.0,0.721,2,3,-0.054,-3.143,0,0
2.283,7,7,0.0,1,5,7,0,0,0,4,-1.089,0,0,1,4,2,7,1,2.796,1,6,6,1,-1.329,3,0,4,0,2,2,2,5,4,0.0,2.236,3,7,1.763,0.902,0,0
-0.681,1,0,0.0,6,7,1,0,4,0,4,-1.529,0,6,5,1,5,7,5,0.473,6,6,3,1,-0.15,2,0,1,1,7,2,2,1,2,0.0,1.207,5,5,0.043,0.294,1,0
0.978,4,7,0.0,7,0,3,2,6,0,3,0.366,0,7,5,3,5,5,7,1.353,2,0,5,7,0.213,0,0,1,3,4,6,1,6,6,0.0,0.703,2,3,1.057,-0.021,4,0
2.034,0,6,0.0,7,7,4,5,2,0,3,-0.608,0,1,3,2,0,7,2,2.087,1,4,4,7,0.527,4,0,6,4,7,3,4,3,7,0.0,1.68,1,5,1.913,4.381,7,0
2.543,0,0,0.0,3,4,1,4,3,1,7,0.213,0,6,7,1,3,7,4,3.434,0,0,5,1,-0.744,1,0,5,6,3,6,3,5,3,0.0,4.105,0,6,2.553,3.907,7,0
0.711,1,5,0.0,6,7,6,2,5,0,2,0.887,0,1,5,6,1,4,7,3.464,0,6,0,6,-0.34,1,0,0,6,4,4,2,1,7,0.0,-0.45,3,4,1.273,-1.667,0,0
0.971,1,2,0.0,4,6,4,1,5,0,5,1.261,0,0,7,7,1,4,1,-0.947,7,1,0,7,0.382,2,0,6,2,7,1,6,5,4,0.0,1.381,1,2,1.529,2.07,3,0
3.681,4,4,0.0,2,7,2,2,3,1,2,1.236,1,5,6,3,2,7,5,0.526,3,0,7,0,-0.041,5,1,5,5,3,3,5,2,7,0.0,2.699,5,6,3.813,6.883,7,1
1.636,1,0,0.0,2,6,0,4,0,0,5,-0.027,0,1,4,1,2,1,5,2.384,5,7,7,0,-0.276,2,0,5,5,3,4,2,7,1,0.0,1.508,4,4,1.061,2.98,4,0
6.018,7,3,7758.42,7,3,4,2,3,1,5,1.232,1,5,5,1,2,2,2,3.722,7,0,4,0,1.922,1,1,3,6,2,1,6,5,5,0.0,6.615,3,1,5.571,6.878,0,1
1.48,7,1,0.0,2,5,4,0,3,0,2,-0.15,0,5,1,1,3,1,4,2.504,0,6,6,0,1.162,5,0,7,5,7,4,6,1,0,0.0,0.4,6,5,0.677,2.21,2,0
2.147,1,7,0.0,0,6,5,0,2,1,4,0.389,0,3,1,0,0,1,6,-0.943,4,0,5,2,-0.288,7,0,4,6,4,0,4,3,4,0.0,3.583,0,6,2.055,4.831,2,0
3.517,5,7,40187.52,1,2,6,7,1,1,3,0.733,0,1,1,4,0,7,6,8.613,6,2,5,2,3.156,1,1,3,0,3,7,3,7,7,0.0,2.009,5,4,2.492,3.661,6,1
6.106,6,3,10384.02,3,2,4,0,0,1,3,1.101,1,0,1,5,5,2,4,7.025,5,4,1,1,1.677,5,1,1,2,2,7,6,1,1,0.0,5.42,4,5,6.049,6.472,3,1
0.826,4,6,0.0,2,4,4,2,4,0,4,-0.22,0,3,2,3,4,6,4,2.546,3,2,0,4,1.864,4,0,6,1,0,1,3,0,4,0.0,-1.076,6,2,1.436,4.144,7,0
2.87,3,7,0.0,5,1,2,3,5,0,5,0.477,0,0,3,3,2,0,7,3.098,7,2,0,0,0.529,2,0,5,2,0,4,4,2,1,0.0,2.301,3,4,2.753,-0.576,1,0
0.669,1,2,0.0,6,3,5,7,0,0,7,-0.019,0,4,2,4,1,3,0,6.762,2,2,4,2,-0.637,5,0,6,6,2,3,7,3,2,0.0,1.113,2,7,1.886,-0.215,6,0
2.804,5,3,38953.62,6,1,5,7,4,1,3,2.578,1,1,1,4,3,6,1,-0.46,3,5,0,7,-0.217,5,1,6,0,3,1,2,7,5,3.53,1.672,6,5,3.147,3.706,1,1
1.416,4,2,0.0,1,0,2,7,1,0,2,0.136,0,5,2,6,2,4,7,1.247,7,1,1,6,-1.877,6,0,3,3,5,0,5,7,6,0.0,0.943,4,6,1.987,1.615,6,0
2.062,5,4,0.0,6,7,7,2,3,0,4,0.327,0,6,5,2,0,3,7,-1.0,6,7,2,1,0.191,2,0,1,6,1,3,2,1,4,0.0,0.33,6,3,1.217,-0.079,6,0
1.706,1,5,0.0,4,3,5,5,1,1,4,-0.203,0,3,3,3,2,1,7,7.732,3,5,0,3,0.153,7,0,3,0,4,1,3,0,7,0.0,1.937,0,0,1.37,3.129,1,0
1.733,0,2,0.0,5,5,7,7,2,0,2,-0.552,0,1,0,1,4,6,0,-0.204,1,5,2,5,0.497,1,0,7,6,5,4,7,6,0,0.0,2.409,0,0,1.425,2.062,5,0
2.177,6,4,0.0,0,3,2,4,0,1,6,-0.526,0,5,4,5,1,0,4,2.343,5,7,2,2,-0.731,5,0,3,2,0,0,4,7,0,0.0,1.199,3,1,2.466,4.026,3,0
2.723,1,5,0.0,0,1,6,3,7,1,4,0.432,0,5,5,3,4,3,6,4.129,0,1,2,6,-2.01,1,0,0,6,3,5,3,3,2,0.0,2.313,2,4,2.518,2.41,4,0
0.555,4,0,0.0,6,5,6,4,1,0,5,1.233,0,7,2,0,4,3,2,2.653,7,4,1,0,0.231,7,0,2,4,0,6,3,0,1,0.0,-1.185,0,1,0.438,-1.166,2,0
2.112,6,4,0.0,1,3,1,6,4,0,1,1.209,0,2,7,1,3,1,7,2.293,3,1,4,6,-0.862,0,0,2,5,6,7,5,2,4,0.0,1.286,4,7,1.521,1.286,3,0
2.142,4,1,0.0,1,2,3,5,3,1,2,-1.25,0,5,7,3,0,0,5,-1.715,6,6,5,0,0.616,5,0,2,2,0,4,3,3,6,0.0,1.711,2,4,1.903,0.72,3,0
1.402,3,6,0.0,0,3,1,6,3,0,2,0.358,0,7,6,3,1,0,0,0.011,2,0,1,3,-0.758,5,0,3,1,5,4,5,1,3,0.0,0.83,3,6,1.304,4.278,4,0
2.291,7,3,0.0,1,5,2,2,7,1,7,1.039,0,0,0,6,0,5,4,3.282,6,4,3,0,0.636,7,0,3,5,5,1,5,1,6,0.0,2.637,2,6,2.113,-0.068,2,0
3.088,7,3,0.0,5,7,4,2,1,1,7,1.859,1,0,3,6,0,3,7,0.695,3,5,3,4,-1.112,0,1,5,1,2,6,0,6,7,0.0,1.775,5,3,3.101,3.58,1,1
4.823,0,2,8254.7,5,6,3,0,6,1,5,1.94,1,0,5,0,1,0,2,3.196,4,0,0,0,1.66,0,1,2,6,6,6,6,4,2,0.0,3.01,1,7,4.424,1.687,0,1
3.272,0,6,0.0,1,3,5,6,1,0,6,0.988,0,2,3,1,3,4,6,2.217,3,4,5,5,0.242,4,0,4,4,4,1,5,5,1,0.0,4.395,6,3,1.882,2.242,3,0
0.0,6,4,0.0,5,2,2,1,3,0,5,-0.164,0,5,4,0,5,5,4,0.55,0,1,5,2,1.203,4,0,2,2,5,1,2,6,4,0.0,1.61,1,1,1.195,0.135,2,0
0.598,7,6,0.0,2,3,5,1,1,0,0,0.144,0,1,7,4,7,0,0,2.105,5,1,6,0,-1.982,7,0,0,0,2,2,4,7,2,0.0,0.751,3,5,-0.012,-3.024,1,0
2.95,6,0,4144.5,0,3,0,5,7,1,3,1.359,1,4,2,3,5,5,4,3.436,2,1,1,5,1.902,3,0,5,4,6,0,4,4,2,0.0,3.76,3,5,3.101,3.389,1,1
2.854,0,6,0.0,0,4,4,5,4,0,0,1.497,0,7,2,0,3,4,0,-0.274,4,1,1,0,1.368,0,0,0,3,4,2,2,6,7,0.0,2.269,2,0,2.456,1.161,7,0
1.006,6,7,0.0,1,3,0,3,6,0,1,-0.148,0,3,4,3,2,5,2,-2.397,4,7,0,4,-0.928,6,0,0,1,6,7,1,3,5,0.0,1.661,3,5,0.23,2.453,2,0
1.753,2,0,0.0,5,5,0,3,7,0,4,1.22,0,6,2,1,0,6,3,3.887,0,3,4,4,-0.266,1,0,5,5,0,4,4,7,5,0.0,0.963,0,5,1.553,1.56,3,0
2.085,6,7,0.0,6,1,2,0,5,1,1,1.434,0,7,4,0,5,5,3,0.596,0,3,5,7,-0.164,7,0,2,7,4,0,4,1,5,0.0,2.377,7,1,2.024,3.109,6,0
1.046,5,5,0.0,4,4,5,5,4,0,0,-1.925,0,7,1,0,5,4,3,-1.456,1,4,3,4,-2.529,7,0,1,0,1,4,4,0,4,0.0,1.827,6,4,0.954,2.098,5,0
1.11,1,6,0.0,1,2,4,5,6,0,7,-1.009,0,3,4,0,4,5,3,3.473,1,0,7,7,0.053,3,0,7,3,1,5,2,1,5,0.0,-0.31,1,3,1.196,0.608,3,0
2.064,0,4,0.0,5,4,7,2,0,0,2,0.973,0,4,2,2,5,6,3,3.701,1,0,7,1,-0.232,0,0,5,7,1,2,7,2,5,0.0,4.279,0,1,2.498,1.442,1,0
7.297,3,7,1536.5,5,3,7,2,4,1,1,1.314,1,5,3,1,7,3,1,9.933,7,4,6,7,1.412,0,1,3,3,5,3,3,6,2,0.0,7.624,2,2,7.713,5.838,4,1
-0.431,5,5,0.0,6,6,6,5,6,0,6,-0.029,0,1,6,1,5,5,5,-4.193,1,4,0,0,0.192,6,0,0,7,5,7,0,0,5,0.0,-0.267,3,2,0.208,0.481,0,0
0.785,2,1,0.0,1,1,5,5,2,0,1,1.619,0,1,6,7,4,0,3,-1.078,4,6,4,3,-0.395,4,0,5,7,4,1,1,4,3,0.0,0.496,3,0,0.689,-2.864,3,0
3.448,5,2,29132.32,5,1,4,4,2,1,4,1.634,1,1,6,6,1,2,3,4.158,0,7,5,4,-0.407,0,1,4,0,1,3,6,0,3,0.0,5.268,6,5,4.588,2.792,2,1
1.344,1,4,0.0,7,5,1,7,6,0,0,1.055,0,5,2,5,0,4,7,1.069,5,1,4,0,-0.183,1,0,3,1,0,1,4,0,2,0.0,1.092,7,3,1.525,2.943,6,0
4.181,2,2,26884.81,7,6,5,0,0,1,1,2.47,1,5,6,4,6,2,7,2.742,5,3,6,3,0.993,7,1,0,6,7,0,1,0,5,0.0,3.487,0,4,3.915,1.871,2,1
0.92,2,1,0.0,2,6,4,3,6,0,6,-0.058,0,0,1,1,0,1,3,-0.884,5,6,2,2,-1.515,6,0,0,1,6,4,7,7,2,0.0,0.653,0,3,0.95,2.475,1,0
0.689,7,0,0.0,3,6,0,1,5,0,0,-1.205,0,0,7,7,6,4,1,-0.739,3,5,1,0,-1.93,6,0,4,3,4,0,2,1,6,0.0,1.883,0,5,1.157,-0.994,5,0
2.059,0,3,0.0,2,0,7,0,3,1,5,-1.635,0,1,1,7,3,3,7,1.662,2,6,7,6,-2.389,3,0,1,2,5,1,1,0,1,0.0,2.176,7,0,2.193,4.337,2,0
0.96,3,2,0.0,5,0,2,0,0,0,4,-0.781,0,2,7,1,0,7,2,-3.289,1,4,1,5,0.567,3,0,6,3,0,4,4,4,3,0.0,-0.519,2,2,0.644,-0.846,4,0
4.441,4,7,13469.73,5,4,3,2,6,1,2,2.184,1,5,1,5,2,4,7,5.079,4,0,3,6,2.016,0,1,4,0,4,6,4,3,3,0.0,3.52,3,6,3.86,3.851,3,1
3.069,5,3,0.0,4,0,6,7,7,1,1,0.823,1,2,4,6,4,3,0,3.862,5,4,6,2,0.297,5,1,3,6,0,6,0,6,1,0.0,3.712,6,1,3.586,2.614,3,1
4.053,2,0,34935.13,3,3,3,1,2,1,0,1.611,1,7,3,6,1,5,1,0.516,6,7,7,7,-0.604,5,1,7,1,7,7,3,7,6,0.0,3.987,2,6,4.084,5.461,6,1
1.293,2,1,0.0,4,0,5,4,5,0,7,-1.829,0,2,4,0,1,1,3,-2.856,6,1,5,2,-0.29,6,0,2,2,0,5,5,6,0,0.0,0.538,4,6,0.595,-0.951,1,0
3.136,6,5,35591.87,1,5,4,1,5,0,3,1.787,1,4,3,6,1,6,7,5.08,2,1,5,0,0.492,1,1,6,7,0,3,6,6,4,0.0,5.265,5,0,2.43,3.883,4,1
2.256,0,2,0.0,0,1,2,1,1,1,6,0.07,0,5,5,1,3,5,6,3.632,2,1,5,7,-0.652,0,0,5,6,3,5,4,2,0,0.0,3.128,1,4,2.304,2.823,4,0
1.189,7,0,0.0,6,5,7,0,7,0,3,-1.093,0,5,5,6,6,1,5,-0.255,7,4,4,0,0.141,1,0,2,3,0,5,2,4,1,0.0,1.506,5,4,0.722,3.951,5,0
1.599,7,3,0.0,0,5,5,6,1,0,6,1.119,0,2,7,2,3,0,0,3.129,1,0,6,6,-1.32,6,0,2,2,6,7,2,0,6,0.0,0.656,2,3,1.724,1.603,2,0
2.915,5,6,0.0,5,6,3,2,7,0,3,-0.337,0,2,4,6,7,1,1,1.188,7,4,3,1,-1.153,7,0,3,6,1,0,0,3,4,0.0,3.11,5,2,1.957,4.674,2,0
-0.017,3,4,0.0,4,4,5,1,6,0,4,1.076,0,6,3,5,6,5,4,-1.209,5,1,3,7,-0.457,4,0,7,3,5,1,1,7,2,0.0,2.018,3,3,-0.012,-0.657,6,0
0.862,3,5,0.0,5,0,7,7,2,0,7,-2.278,0,1,2,6,1,3,3,3.679,2,1,4,2,-0.942,0,0,6,3,6,0,3,6,5,0.0,2.388,4,3,0.489,0.375,3,0
0.994,5,1,0.0,7,0,6,7,3,0,5,-1.231,0,1,2,2,4,5,4,2.445,6,0,4,0,1.258,0,0,0,1,2,3,7,5,6,0.0,0.985,7,6,1.581,1.749,0,0
-0.004,7,6,0.0,6,6,2,1,2,0,6,2.102,0,1,3,3,2,5,3,-3.99,6,2,3,2,0.249,4,0,4,5,2,3,7,4,6,0.0,0.971,7,7,0.224,-1.211,4,0
2.905,0,1,0.0,5,2,7,0,7,0,5,-0.379,0,3,2,1,0,3,0,0.427,1,2,6,5,1.617,6,1,3,2,4,2,0,1,4,0.0,2.878,4,7,2.793,2.814,0,0
4.387,6,2,19376.66,5,3,2,7,1,1,4,0.679,1,5,6,4,5,2,4,3.567,0,1,3,1,2.365,7,1,6,1,6,6,3,1,0,0.0,6.901,1,7,5.256,3.945,6,1
0.597,5,3,0.0,2,1,7,0,4,0,7,-1.559,0,4,4,6,3,6,6,0.758,7,5,0,5,0.319,1,0,6,2,7,7,7,7,7,0.0,-0.7,5,3,0.989,0.815,4,0
0.679,1,5,0.0,3,1,6,2,5,0,2,0.529,0,2,5,6,1,7,0,0.905,1,5,2,0,2.077,7,0,5,6,7,3,6,2,7,0.0,0.579,4,5,0.778,0.768,3,0
0.756,4,7,0.0,5,0,5,7,0,0,7,-0.852,0,7,0,7,4,0,0,-0.243,7,7,2,6,0.877,3,0,6,4,3,5,6,7,2,0.0,1.684,2,0,0.824,2.196,4,0
2.401,0,3,0.0,5,7,5,7,2,0,5,-0.955,0,3,0,6,7,0,5,-2.334,0,3,7,2,-0.526,3,0,4,2,5,5,2,4,5,0.0,1.36,2,0,1.061,1.253,4,0
1.047,1,7,0.0,2,5,6,5,7,0,0,2.442,0,6,6,0,1,1,3,1.999,7,7,4,1,-0.727,1,0,2,2,4,4,2,2,4,0.0,1.889,5,6,1.342,0.256,1,0
4.47,6,7,10436.81,4,1,3,1,1,1,0,2.408,1,1,4,4,3,4,6,4.958,7,0,6,5,0.602,3,1,7,0,3,7,4,0,6,0.0,4.635,2,0,4.664,5.483,1,1
1.425,2,1,0.0,6,0,7,0,3,0,7,-0.337,0,3,6,6,1,0,5,-1.479,2,4,5,1,-0.055,0,0,3,6,7,5,7,7,6,0.0,1.05,6,5,1.381,-0.768,0,0
1.121,0,7,0.0,3,3,2,4,0,0,2,-0.219,0,1,1,3,4,6,7,-0.399,1,7,1,2,-1.252,5,0,5,4,5,0,7,5,1,0.0,-0.565,7,3,1.679,2.779,7,0
4.076,5,1,0.0,3,5,2,5,2,1,0,1.19,1,3,5,7,4,5,7,6.49,6,0,2,2,-1.056,7,1,2,3,6,4,1,3,3,0.0,4.406,5,4,3.15,2.876,7,1
0.94,1,0,0.0,1,2,1,4,0,0,0,-0.466,0,3,1,4,4,2,1,2.395,7,2,5,1,1.264,2,0,6,5,7,3,3,1,4,0.0,0.694,7,7,1.204,0.337,7,0
2.197,5,3,0.0,1,6,1,6,2,0,7,-0.732,0,6,4,7,6,4,0,-0.237,0,5,7,4,1.345,2,0,7,0,6,6,7,0,6,0.0,1.409,5,1,1.618,3.788,3,0
1.687,6,6,30404.99,2,4,5,1,2,1,3,2.264,0,0,3,1,5,0,1,-1.203,1,2,6,1,0.258,7,1,1,0,3,7,6,3,3,46.47,2.515,5,1,2.907,2.751,6,1
-0.285,6,2,0.0,5,7,0,0,6,0,4,-0.734,0,5,0,6,5,2,4,1.123,4,5,6,6,-0.883,6,0,3,2,3,2,1,5,2,0.0,2.132,7,0,1.275,0.659,0,0
0.854,2,0,0.0,0,5,3,1,5,0,5,1.184,0,5,7,6,4,4,4,1.898,4,2,0,7,-0.466,1,0,2,5,4,3,7,0,6,0.0,0.053,1,4,1.573,1.161,4,0
2.248,4,6,4699.99,0,3,2,3,5,1,7,2.084,0,6,3,3,3,5,0,0.563,7,6,7,4,0.555,1,1,4,2,4,7,2,6,2,9.35,2.654,6,3,3.042,4.328,2,1
1.066,0,7,0.0,2,3,0,3,6,0,4,1.502,0,4,2,0,0,1,1,0.779,7,6,2,1,-0.333,2,0,7,7,5,2,3,1,7,0.0,-1.443,7,5,0.764,1.184,3,0
1.532,0,2,0.0,0,6,0,5,4,0,0,-1.14,0,3,0,4,5,1,3,4.623,3,5,3,0,0.65,0,0,5,2,5,7,6,3,3,0.0,1.118,7,4,1.056,-0.182,5,0
0.631,5,7,0.0,7,5,1,4,7,0,6,-1.019,0,0,7,3,0,7,6,0.161,3,5,3,4,0.991,7,0,7,5,1,2,1,5,7,0.0,-2.028,6,5,0.621,1.514,6,0
0.888,6,2,0.0,6,1,5,5,4,0,0,0.459,0,0,2,7,6,0,6,4.082,5,4,4,2,-1.576,4,0,6,3,1,7,6,3,4,0.0,0.587,4,1,0.705,1.096,0,0
2.634,3,4,0.0,1,5,2,1,2,0,0,0.929,0,3,2,7,5,0,2,1.168,0,7,1,7,-0.47,1,0,6,7,4,4,5,1,3,0.0,-0.422,5,6,2.562,2.715,2,0
1.932,3,7,0.0,7,7,1,6,6,1,7,-0.747,0,2,3,1,1,5,2,4.718,1,4,3,3,0.147,1,0,1,3,1,1,4,3,0,0.0,2.589,1,6,1.408,1.103,1,0
1.71,0,3,0.0,1,7,1,0,0,0,3,-1.593,0,0,0,2,4,4,6,-1.068,4,6,1,4,-0.335,4,0,7,5,2,7,0,7,7,0.0,0.17,5,2,1.537,-0.715,3,0
1.332,3,0,0.0,1,2,6,1,7,0,7,-0.029,0,7,1,2,6,4,4,2.404,0,1,5,1,0.217,5,0,6,0,2,4,4,7,5,0.0,1.037,2,7,1.173,1.202,1,0
0.155,0,0,0.0,5,1,3,1,5,0,4,-1.464,0,4,5,5,5,3,2,-4.737,6,6,6,1,-0.139,7,0,1,5,4,7,5,6,3,0.0,-0.155,0,4,0.051,2.011,3,0
1.822,2,6,0.0,7,5,0,0,7,0,7,-1.783,0,1,6,5,1,1,6,1.509,4,0,3,1,0.358,3,0,7,0,5,4,3,2,3,0.0,4.418,5,2,2.072,0.58,4,0
0.452,6,4,0.0,2,7,6,2,7,0,0,-0.652,0,2,7,4,0,2,0,2.496,0,0,2,4,0.006,5,0,6,7,5,1,6,1,7,0.0,1.309,0,6,0.679,2.995,6,0
1.106,2,5,0.0,6,2,6,6,3,0,4,1.355,0,3,1,1,7,7,0,4.016,2,7,5,6,0.708,3,0,0,3,5,4,2,3,7,0.0,1.747,2,5,0.523,0.238,2,0
0.115,1,4,0.0,4,1,1,2,1,0,0,-1.271,0,3,6,7,2,3,2,2.322,5,2,3,3,-0.058,3,0,0,2,2,7,4,5,0,0.0,1.064,4,1,-0.114,-0.625,4,0
10.764,3,5,0.0,2,2,6,5,7,1,2,2.167,1,0,0,1,3,7,4,5.975,2,2,2,1,1.443,3,1,2,0,7,2,4,2,5,0.0,8.387,6,4,10.119,10.479,5,1
1.784,0,1,0.0,0,5,0,7,2,0,4,0.298,0,2,2,1,5,5,2,-0.883,3,2,0,7,-1.968,6,0,7,0,5,5,4,6,2,0.0,-0.15,7,5,1.329,0.667,1,0
2.101,2,2,0.0,4,4,7,4,6,0,5,1.203,0,6,0,6,4,2,4,3.039,1,3,2,4,0.776,4,1,7,5,3,3,0,7,1,0.0,2.877,3,1,2.122,2.438,7,0
3.251,0,4,26218.75,4,5,1,7,4,1,1,1.633,1,4,2,4,1,3,0,4.221,1,4,5,5,0.701,7,1,0,0,2,0,7,7,1,0.0,2.657,4,0,3.181,5.088,7,1
1.125,5,6,0.0,6,6,2,5,3,0,6,-0.11,0,3,6,2,4,1,0,1.919,6,7,7,1,-0.969,3,0,1,1,3,1,6,2,4,0.0,0.273,2,3,1.418,-1.624,1,0
1.663,5,7,0.0,3,1,3,7,4,0,0,0.39,0,5,6,3,3,1,0,4.888,7,2,0,3,0.142,5,0,2,6,0,2,2,1,5,0.0,2.525,7,4,0.874,-1.694,4,0
1.043,5,0,0.0,3,2,3,5,7,0,5,0.244,0,6,6,3,5,1,7,0.976,2,3,6,0,0.463,5,0,4,6,6,4,7,2,0,0.0,2.195,5,7,1.185,-1.953,1,0
0.635,4,0,0.0,7,1,0,2,4,0,7,0.819,0,4,7,2,2,3,2,-3.615,5,7,5,4,-1.002,6,0,7,2,2,1,2,0,2,0.0,0.959,0,4,0.877,2.865,2,0
4.278,4,4,16044.85,4,0,5,4,0,1,1,1.751,1,3,3,3,0,2,1,6.089,2,1,2,2,1.411,4,1,5,5,2,0,7,0,4,0.0,3.035,4,5,3.902,5.292,5,1
2.517,6,0,0.0,0,3,1,7,3,0,3,-1.727,1,2,2,3,5,7,2,1.023,7,3,3,2,0.632,1,0,4,3,6,7,3,6,4,0.0,4.706,4,5,2.075,2.883,6,0
4.09,0,1,0.0,7,0,3,5,1,1,4,2.718,1,7,7,3,3,1,4,6.434,3,3,4,4,0.851,0,1,5,4,6,0,3,4,3,0.0,6.203,6,6,4.662,5.938,1,1
2.459,5,2,0.0,5,1,2,2,3,0,3,-0.173,0,1,5,5,3,7,5,6.149,0,7,4,1,1.525,0,0,5,7,6,1,1,5,0,0.0,0.847,0,3,2.415,5.331,4,0
2.099,5,1,0.0,2,0,5,2,1,0,4,-0.406,0,5,3,5,4,2,7,0.784,1,3,4,2,1.233,0,0,0,1,0,1,5,0,3,0.0,-0.65,5,5,1.471,-2.052,4,0
2.457,6,3,0.0,2,5,0,3,2,0,5,-1.096,0,5,6,5,7,4,2,-2.806,0,6,0,7,1.058,2,0,5,5,0,4,5,6,0,0.0,2.872,6,3,2.47,5.966,5,0
2.647,0,5,0.0,6,7,2,3,2,0,3,-0.052,0,4,1,6,6,4,0,-2.756,2,4,5,1,-1.3,7,0,7,1,5,7,7,0,3,0.0,4.63,5,1,2.829,1.381,3,0
2.462,0,5,0.0,3,3,2,7,7,1,0,-0.357,0,2,0,7,5,5,0,2.682,0,4,3,7,-0.41,7,1,1,1,1,3,2,5,7,0.0,2.62,7,7,2.586,2.8,4,1
3.647,5,3,0.0,3,1,6,6,2,1,5,0.466,0,0,7,0,4,1,3,5.978,7,5,1,0,-0.2,1,0,3,5,7,5,0,3,1,0.0,2.059,7,0,2.383,-1.011,4,0
-0.272,3,6,0.0,2,6,5,3,3,0,7,0.433,0,7,4,1,1,0,4,3.229,3,2,3,5,-0.604,0,0,1,5,4,3,3,5,3,0.0,0.412,7,1,0.314,3.425,2,0
1.388,2,0,0.0,5,0,1,4,1,1,5,0.166,0,1,7,0,6,7,7,2.637,7,4,6,1,1.39,6,0,4,0,4,2,0,5,4,0.0,1.853,0,1,1.545,0.389,4,0
0.385,7,6,0.0,5,1,1,4,4,0,4,-0.075,0,0,7,5,0,1,4,-0.753,4,7,5,2,0.516,5,0,4,1,6,2,7,4,7,0.0,1.155,6,7,0.547,-0.46,1,0
6.273,3,0,39735.37,7,1,4,5,6,1,6,1.927,1,6,2,3,4,1,5,5.783,6,6,3,6,1.147,5,1,1,3,6,6,6,0,6,0.0,6.389,5,5,6.217,6.739,2,1
0.279,2,0,0.0,0,3,3,7,2,0,1,0.007,0,0,0,5,4,0,3,0.696,5,2,4,1,1.263,3,0,2,7,3,4,1,7,4,0.0,-0.346,1,1,1.511,0.728,6,0
0.641,6,5,0.0,1,2,4,4,7,0,0,1.035,0,2,3,1,0,0,1,-0.014,0,4,6,0,0.552,5,0,7,5,1,6,1,3,7,0.0,0.357,3,2,0.166,1.222,6,0
5.215,5,6,16055.27,2,5,6,2,5,1,4,1.874,1,7,7,3,5,3,3,6.639,2,4,7,2,0.331,3,1,4,6,1,5,4,4,5,0.0,4.732,7,5,4.052,5.247,2,1
1.857,7,2,0.0,3,4,6,3,3,1,3,-2.37,0,6,7,7,2,4,4,3.139,6,3,4,1,-0.61,5,0,7,7,0,3,5,0,0,0.0,0.495,1,3,2.159,0.561,1,0
0.911,6,2,0.0,0,7,7,1,0,0,1,-1.055,0,4,2,6,3,5,6,-0.795,4,2,0,7,0.134,5,0,4,4,1,3,7,7,6,0.0,0.279,4,6,0.603,0.402,4,0
4.296,7,6,0.0,5,3,6,1,2,1,4,1.905,1,3,3,2,5,5,0,9.853,0,3,0,2,-0.261,2,1,3,4,0,2,5,3,1,0.0,4.68,4,1,4.912,5.007,4,1
-0.102,5,2,0.0,3,1,4,4,1,0,1,-0.479,0,7,7,3,0,7,2,2.575,0,0,1,1,1.526,7,0,1,3,2,1,3,4,1,0.0,-0.321,0,3,0.111,1.187,3,0
0.401,1,0,0.0,2,2,0,3,4,0,6,-1.794,0,7,4,2,5,6,3,-1.574,6,1,6,1,0.541,2,0,6,2,3,2,1,3,6,0.0,2.094,7,1,0.77,-0.138,3,0
0.56,5,5,0.0,5,2,3,4,2,0,6,-0.363,0,5,7,7,2,7,7,-3.653,3,0,6,0,2.85,2,0,4,2,6,1,4,0,0,0.0,2.416,5,1,0.995,-0.222,4,0
0.543,2,3,0.0,5,1,1,4,0,0,2,0.966,0,4,4,5,0,3,3,3.086,4,7,2,6,0.258,0,0,5,7,2,4,7,7,0,0.0,-0.31,6,2,0.779,1.936,3,0
2.41,3,1,0.0,4,2,2,4,7,0,1,-2.136,0,1,6,3,4,7,3,3.318,5,2,6,5,0.05,2,0,0,1,3,2,2,6,4,0.0,1.799,7,2,1.874,2.325,0,0
1.151,4,6,0.0,5,2,5,5,6,0,3,1.155,0,0,6,4,1,5,1,3.218,1,1,2,6,0.798,5,0,4,5,6,5,2,7,7,0.0,2.045,4,6,1.468,4.008,5,0
2.107,7,6,0.0,0,4,6,4,1,1,5,0.656,0,3,4,0,3,0,6,3.351,5,5,3,7,0.314,4,0,7,3,4,4,5,7,1,0.0,3.541,0,2,1.965,-1.317,7,0
4.612,7,5,24525.39,4,3,4,5,1,1,5,3.079,1,2,6,4,6,3,5,-0.936,6,3,0,6,0.069,4,1,0,4,1,4,2,6,7,0.0,5.042,7,2,5.039,6.324,4,1
2.732,4,0,0.0,3,3,6,6,0,1,3,-0.034,0,3,5,2,1,3,1,3.03,3,3,6,0,-0.219,7,0,4,1,4,4,3,5,7,0.0,0.914,0,3,1.805,4.983,5,0
1.982,7,4,0.0,1,2,4,7,6,0,2,-1.65,0,0,3,4,0,7,3,2.981,5,6,0,0,0.733,4,0,7,4,7,6,5,3,3,0.0,-0.504,0,3,1.502,0.294,7,0
6.852,4,6,14826.03,0,1,7,4,2,1,0,0.54,1,1,7,1,7,2,7,6.953,5,2,5,2,0.051,0,1,7,1,2,1,5,6,1,0.0,4.273,2,4,6.524,8.796,7,1
0.556,4,0,0.0,2,6,5,4,4,0,2,0.459,0,3,1,2,1,1,2,-1.212,1,6,4,2,-0.061,7,0,0,2,6,1,6,5,7,0.0,-0.291,1,5,0.458,-2.461,5,0
2.24,6,2,0.0,2,1,1,5,0,1,3,-0.122,0,3,6,7,5,1,3,5.397,1,0,7,1,0.589,1,0,7,5,2,7,1,2,5,0.0,3.129,2,0,2.377,4.002,6,0
2.923,6,1,26839.75,4,7,5,2,7,1,4,0.379,1,2,3,0,7,2,6,8.711,1,0,1,5,2.326,6,1,2,6,6,5,4,6,7,0.0,3.589,5,3,3.398,0.517,0,1
0.953,6,6,0.0,0,4,4,0,7,0,5,-1.092,0,2,1,3,1,5,4,0.293,4,2,0,6,1.587,1,0,7,5,1,3,0,6,0,0.0,0.7,7,6,1.589,1.51,0,0
3.29,0,5,22714.86,2,4,7,0,2,1,7,2.124,0,6,3,4,7,7,5,0.935,2,7,1,5,1.036,2,1,3,6,4,1,0,0,3,0.0,3.796,2,3,3.117,0.619,0,1
0.562,1,1,0.0,0,2,7,7,5,0,0,0.641,0,7,4,2,5,3,7,1.233,1,6,3,2,0.552,7,0,5,2,1,5,6,0,0,0.0,1.921,1,7,1.064,1.31,3,0
0.596,7,2,0.0,7,2,6,2,4,0,2,0.391,0,1,1,3,1,4,5,2.365,5,3,6,6,-0.929,2,0,7,6,6,3,7,3,5,0.0,0.896,3,7,1.149,2.538,3,0
1.752,6,0,0.0,5,0,3,1,2,0,4,-0.78,0,3,5,3,5,5,4,4.131,1,2,4,5,0.803,3,1,4,6,4,1,1,5,2,0.0,1.525,1,5,2.584,-0.733,0,0
0.76,3,4,0.0,7,1,5,5,7,0,5,-0.527,0,0,0,4,5,6,4,1.109,5,6,5,5,0.086,0,0,2,5,6,7,0,7,6,0.0,1.029,2,6,1.392,-0.698,0,0
1.172,6,2,0.0,4,6,1,4,1,0,5,1.39,0,0,6,6,3,4,1,-0.42,6,1,6,7,0.501,4,0,1,2,0,4,0,4,1,0.0,1.45,2,1,1.074,-1.07,6,0
1.402,1,6,0.0,2,5,0,3,6,0,6,-0.612,0,2,0,7,4,1,6,1.569,4,0,6,2,0.113,4,0,3,0,2,7,5,3,3,0.0,1.349,3,0,1.642,-2.045,1,0
0.233,0,5,0.0,6,0,3,0,7,0,7,-1.185,0,3,0,6,3,3,4,-1.452,1,1,6,2,-1.857,2,0,0,2,0,1,0,6,7,0.0,0.915,0,4,0.407,0.814,3,0
1.646,2,0,0.0,2,4,2,2,5,0,5,-1.501,0,1,0,7,3,4,0,-3.513,4,7,2,2,-0.748,4,0,5,7,4,0,6,5,0,0.0,-1.26,2,5,0.376,-1.371,5,0
0.466,7,0,0.0,3,5,7,2,6,0,2,-2.066,0,7,6,3,4,1,7,2.151,5,5,0,5,0.742,0,0,4,7,3,6,5,0,7,0.0,-0.323,5,2,1.211,-2.153,3,0
2.791,1,1,0.0,7,7,3,0,5,1,5,-0.039,0,1,0,1,7,7,3,3.576,1,2,4,6,0.583,1,0,7,0,0,5,5,7,6,0.0,4.573,2,5,3.085,4.956,5,0
0.595,6,6,0.0,0,0,4,2,0,0,6,-0.614,0,5,4,0,6,6,1,1.784,0,5,4,5,-0.413,2,0,5,5,1,2,3,3,2,0.0,1.281,1,0,1.698,1.32,0,0
0.7,5,5,0.0,2,1,1,7,2,0,0,1.571,0,6,6,0,5,4,4,0.25,6,6,2,6,1.874,4,0,4,2,6,3,7,1,3,0.0,0.106,7,0,0.543,-1.796,2,0
4.101,0,1,34197.07,1,1,2,3,5,1,5,0.392,1,0,3,4,6,0,1,5.227,6,6,2,3,0.436,7,1,2,2,6,7,3,2,3,0.0,2.524,1,1,3.42,7.002,3,1
2.19,2,4,3279.95,3,1,4,6,5,1,2,0.916,0,0,2,2,6,3,7,2.012,5,2,5,0,0.753,1,1,4,3,1,5,7,0,7,0.0,3.106,5,2,1.975,3.598,6,1
1.721,2,5,0.0,1,4,6,5,2,0,5,-0.345,0,1,3,7,7,2,2,6.237,7,1,0,0,0.097,6,0,1,5,3,5,6,4,6,0.0,0.918,6,0,1.364,0.242,5,0
2.183,0,7,0.0,7,7,3,2,0,1,0,0.652,0,3,2,0,1,4,2,3.045,3,5,7,5,1.194,0,0,0,3,5,7,0,7,3,0.0,2.911,0,0,1.923,4.813,1,0
3.228,7,6,33785.9,1,6,5,1,6,1,7,1.906,1,5,3,4,2,6,0,4.194,5,7,6,6,-0.203,3,1,3,3,4,4,4,5,6,36.58,1.975,3,5,3.423,4.99,7,1
-0.174,3,7,0.0,1,7,2,3,6,0,4,-0.339,0,5,1,6,7,5,5,2.88,2,7,0,6,0.747,3,0,1,5,6,0,4,0,0,0.0,-0.411,0,0,0.428,0.326,3,0
2.873,6,6,0.0,7,0,4,4,4,0,2,-1.042,0,6,6,4,3,1,1,8.045,3,0,4,0,-1.185,7,0,0,3,0,7,5,3,0,0.0,3.062,6,7,1.527,-0.177,0,0
0.364,5,0,0.0,7,4,1,0,4,0,3,-0.803,0,6,7,2,3,2,0,3.636,1,4,0,4,0.734,6,0,6,6,7,5,1,1,4,0.0,0.329,2,4,0.603,0.58,7,0
2.603,0,3,28875.32,4,3,6,3,4,1,3,0.293,0,7,1,1,4,1,3,-2.974,7,2,5,6,-0.081,6,1,6,7,4,1,6,3,0,0.0,3.842,2,4,2.069,4.65,7,1
3.149,1,7,0.0,2,1,5,1,0,0,0,-1.431,0,1,5,3,7,3,5,3.94,2,6,4,3,0.457,7,0,5,7,6,7,3,3,3,0.0,5.581,0,4,2.801,-0.456,3,0
0.294,6,1,0.0,6,1,3,5,6,0,4,1.24,0,3,6,4,7,3,0,3.81,1,5,1,7,-0.686,0,0,0,6,3,5,0,2,4,0.0,4.477,0,3,0.761,0.031,1,0
1.755,3,0,0.0,1,5,7,6,5,0,7,-0.337,0,1,7,4,2,1,6,-0.808,1,1,7,1,-1.593,2,1,4,7,4,6,6,3,1,0.0,1.545,0,2,2.433,5.647,0,0
4.013,0,1,0.0,1,0,5,4,6,1,2,-1.266,0,4,5,2,3,1,2,5.722,3,0,2,7,-0.087,5,0,3,4,5,4,2,1,4,0.0,3.543,5,1,3.428,4.721,1,0
3.013,1,4,27503.43,3,0,4,6,5,1,5,2.197,0,4,0,2,4,0,7,3.75,2,6,1,7,-0.207,5,1,7,5,4,2,5,0,0,0.0,4.264,2,3,3.144,4.314,4,1
2.072,5,1,0.0,0,1,3,4,1,1,0,0.787,0,7,1,1,2,7,0,3.507,2,2,1,4,0.31,4,0,7,5,2,3,5,6,4,0.0,1.134,5,2,1.744,2.957,4,0
1.173,4,3,0.0,2,4,1,5,5,0,0,0.553,0,2,5,0,4,7,7,3.154,6,6,7,6,-0.116,2,0,7,3,1,7,3,2,2,0.0,1.849,7,7,0.695,1.074,2,0
3.316,5,1,26465.24,0,3,1,4,7,1,6,1.082,1,5,3,0,2,7,7,4.889,6,5,1,6,0.915,6,1,4,2,6,5,1,2,4,0.0,4.451,2,7,2.911,6.398,1,1
1.799,0,2,0.0,0,0,4,2,7,0,0,-0.18,0,6,7,2,5,5,1,1.577,7,4,4,2,1.138,7,0,5,0,4,2,2,0,6,0.0,-1.637,7,1,1.753,-0.526,7,0
1.474,0,6,0.0,0,7,4,3,1,0,7,-0.283,0,2,6,6,4,6,5,-1.627,6,3,5,0,-1.205,4,0,0,5,6,2,3,2,5,0.0,0.279,2,1,1.003,1.159,6,0
0.958,6,5,0.0,5,0,6,6,0,0,5,-0.713,0,5,5,4,1,7,2,5.193,2,1,2,4,1.563,4,0,6,1,6,6,3,5,0,0.0,0.61,1,0,1.797,2.904,3,0
8.359,5,4,4221.32,2,7,0,3,7,1,0,1.23,1,7,6,5,4,3,1,6.142,7,1,1,5,-0.74,4,1,3,4,0,3,7,3,3,0.0,9.516,4,4,7.691,6.311,7,1
1.255,2,0,29508.35,5,0,6,7,3,1,7,3.042,0,2,2,6,4,1,7,1.61,4,1,3,5,-0.331,7,1,1,1,3,4,1,1,6,0.0,2.024,1,6,1.646,1.793,0,1
0.595,5,4,0.0,6,6,0,0,2,0,0,-0.761,0,3,6,3,6,7,7,-0.335,2,1,6,0,-1.73,5,0,4,2,3,5,7,6,1,0.0,2.055,4,5,1.522,0.767,2,0
0.229,6,1,0.0,1,3,5,6,5,0,0,1.042,0,1,2,1,0,4,4,1.183,4,4,7,0,-0.729,2,0,5,6,4,6,1,0,5,0.0,0.567,2,6,0.891,-0.091,1,0
1.573,1,4,0.0,5,7,1,2,1,0,2,0.863,0,6,7,0,2,4,5,1.106,3,5,6,6,0.899,0,0,7,6,0,1,7,7,0,0.0,1.848,6,4,1.529,-1.532,6,0
-0.403,4,2,0.0,0,2,2,0,1,0,2,0.558,0,2,5,1,3,0,1,-2.626,2,7,3,6,-0.97,1,0,2,2,3,4,0,5,0,0.0,2.34,7,7,0.71,-1.183,0,0
0.937,7,3,0.0,1,0,4,0,0,0,2,-0.266,0,3,7,3,1,2,6,4.07,2,6,3,1,0.564,0,0,3,2,0,7,2,0,1,0.0,2.035,3,2,1.12,-1.612,2,0
2.873,3,6,0.0,0,5,0,1,7,1,4,1.607,0,1,1,2,5,5,3,4.024,7,7,6,0,-0.292,7,1,3,5,1,3,7,4,2,0.0,3.933,0,6,2.651,1.521,6,1
0.167,1,5,0.0,7,2,6,2,2,0,6,1.2,0,2,0,6,2,5,6,1.922,5,1,4,0,-0.251,0,0,4,0,1,6,5,1,0,0.0,0.555,0,7,0.609,2.158,6,0
2.777,3,5,10896.88,4,2,3,5,3,1,4,2.082,1,0,1,6,3,3,0,3.776,5,1,1,7,0.718,2,1,7,6,2,4,4,4,4,0.0,3.802,2,1,2.385,0.079,6,1
-0.065,1,7,0.0,1,6,3,7,1,0,4,-2.159,0,6,3,0,7,6,7,2.595,3,0,6,1,-0.903,4,0,3,4,1,1,0,7,6,0.0,-1.434,3,7,0.838,2.757,0,0
1.383,0,2,0.0,3,1,1,1,0,1,1,-1.488,0,7,7,1,6,1,1,2.166,7,7,4,1,-1.443,0,0,6,7,1,3,3,4,6,0.0,2.553,7,4,1.872,1.0,4,0
1.22,1,7,0.0,6,3,4,6,4,1,7,0.303,0,4,0,3,4,4,6,-0.184,6,7,3,6,-0.984,1,0,0,1,3,6,1,2,2,0.0,1.695,5,3,2.15,3.277,3,0
1.321,3,5,0.0,0,5,4,6,5,0,6,-0.511,0,3,6,3,2,0,5,5.237,1,4,6,6,1.247,7,0,0,4,0,6,5,5,2,0.0,3.513,6,3,1.981,-0.776,4,0
1.973,2,5,0.0,4,1,4,3,7,0,4,1.141,0,0,6,5,1,7,4,3.352,6,0,5,0,-1.846,2,0,6,2,0,4,1,2,3,0.0,3.61,2,1,0.934,2.139,1,0
0.019,7,4,0.0,2,2,0,7,7,0,4,-1.398,0,3,1,3,7,3,4,1.368,6,3,5,2,-1.245,6,0,2,2,2,3,3,2,2,0.0,0.278,4,7,0.311,2.887,3,0
3.17,2,5,23071.25,2,0,0,1,4,1,5,0.893,0,3,7,7,3,7,0,3.607,1,2,2,3,-1.028,4,1,5,4,4,5,4,1,5,0.0,3.071,1,7,3.564,2.577,7,1
2.304,0,2,0.0,1,5,7,7,2,0,1,-2.102,0,2,5,6,4,2,1,2.22,2,7,5,4,0.338,1,1,4,3,6,4,5,2,7,0.0,1.727,7,1,2.815,0.392,0,0
1.728,5,7,0.0,6,0,6,1,7,0,4,0.143,0,0,7,4,0,4,5,4.546,6,1,7,4,0.457,3,0,4,1,4,4,6,1,7,0.0,2.979,6,3,2.182,0.046,6,0
0.471,7,6,0.0,0,5,4,0,2,0,4,-0.373,0,6,4,7,4,6,7,2.328,5,1,4,4,0.904,5,0,0,0,1,6,4,3,3,0.0,0.072,2,6,0.472,1.803,4,0
-0.025,4,6,0.0,1,5,2,6,6,0,0,0.414,0,5,7,7,7,4,7,1.424,3,3,6,6,-1.866,3,0,0,3,4,7,0,5,6,0.0,0.466,7,5,0.948,0.702,6,0
-0.188,6,6,0.0,5,6,4,2,1,0,3,1.924,0,6,3,6,4,4,6,0.109,3,1,6,5,-0.581,6,0,4,5,3,6,3,0,3,0.0,-1.835,0,5,-0.478,1.309,0,0
0.095,1,2,0.0,4,2,3,6,5,0,7,-2.401,0,0,7,5,6,5,4,-0.394,7,5,4,3,-0.43,5,0,3,1,0,1,5,0,7,0.0,-0.153,2,6,0.441,0.228,2,0
-0.214,2,3,0.0,0,1,7,2,5,0,2,0.944,0,1,0,5,5,1,6,-2.244,4,5,1,2,2.248,5,0,0,7,1,4,1,3,1,0.0,-2.974,4,3,0.401,-0.913,6,0
5.766,4,0,6488.75,0,2,7,7,2,1,2,0.455,1,7,6,0,2,0,5,7.234,6,7,2,3,1.098,4,1,2,5,6,5,0,7,3,0.0,5.167,6,0,5.519,7.312,3,1
2.091,4,7,0.0,5,1,5,7,6,1,0,-2.147,0,0,6,0,1,3,3,3.411,1,6,4,2,-0.501,6,0,3,7,4,0,4,3,0,0.0,1.803,0,1,0.997,-2.317,6,0
2.431,5,6,0.0,0,3,0,5,1,0,3,-0.089,0,7,2,4,6,0,4,2.329,4,1,1,3,0.306,0,0,6,6,6,3,7,3,6,0.0,2.459,6,5,1.585,-0.633,7,0
4.471,3,7,17469.3,6,4,5,4,6,1,5,2.288,1,7,3,1,1,2,2,8.069,6,5,5,6,0.464,5,1,6,6,5,2,0,6,6,0.0,3.684,6,7,5.61,6.202,1,1
0.699,3,5,0.0,1,3,5,2,3,0,5,-1.061,0,3,2,7,6,4,5,0.756,2,5,1,7,0.813,7,0,1,4,0,2,4,3,5,0.0,0.807,3,1,0.932,1.785,0,0
2.815,6,1,37712.08,7,2,5,3,1,1,2,1.633,1,3,0,5,5,0,2,5.482,7,7,5,6,0.841,7,0,7,7,2,7,5,7,3,0.0,2.009,5,6,3.134,2.997,2,1
2.833,4,2,0.0,2,1,1,4,3,1,5,-1.738,0,6,7,3,4,0,5,-0.631,1,6,2,3,0.439,2,0,3,5,6,4,4,7,7,0.0,3.889,0,0,2.918,1.408,2,0
0.775,5,5,0.0,0,5,3,6,1,0,6,-0.81,0,0,7,1,4,1,4,0.877,6,4,1,5,-0.453,3,0,7,2,4,4,7,5,4,0.0,1.959,3,0,0.562,-2.07,2,0
2.335,7,4,2977.99,1,0,0,7,7,1,4,0.41,0,0,6,5,6,0,6,-0.038,3,3,2,5,-0.41,7,1,4,7,7,2,2,4,0,0.0,0.815,3,2,2.606,-2.059,0,1
1.465,4,6,0.0,5,7,6,0,2,0,3,0.738,0,7,1,2,4,3,3,-0.77,0,0,7,4,-0.464,5,0,7,3,7,4,5,5,4,0.0,0.863,7,5,0.691,1.775,7,0
1.783,6,7,0.0,0,0,2,3,5,0,7,0.734,0,1,2,4,7,2,4,4.734,3,0,4,0,0.965,2,0,4,1,1,1,0,3,4,0.0,2.327,7,4,1.575,2.106,1,0
0.217,0,0,0.0,6,4,6,5,1,0,4,1.131,0,6,7,0,6,6,2,3.142,6,5,2,5,1.151,2,0,5,0,4,3,5,6,5,0.0,0.906,0,4,1.244,0.611,2,0
2.839,3,4,0.0,5,1,4,2,2,1,6,2.395,0,6,5,2,4,7,3,3.617,3,7,3,0,0.636,3,0,4,1,2,4,6,6,5,0.0,2.588,4,1,3.049,2.708,5,0
-0.046,3,1,0.0,4,2,3,6,2,0,1,0.286,0,4,7,0,1,6,2,-1.178,0,0,7,3,0.892,3,0,0,3,2,7,1,2,5,0.0,-1.57,5,0,0.496,2.248,7,0
1.349,1,3,0.0,1,0,3,0,4,0,0,0.029,0,1,0,7,5,6,7,0.664,5,1,6,1,-1.027,6,0,7,2,6,4,4,0,6,0.0,0.65,3,2,1.088,-1.865,4,0
1.533,1,2,0.0,0,1,2,6,5,0,3,-0.633,0,5,2,3,6,2,4,3.11,3,1,6,0,-0.358,7,0,5,0,6,6,5,2,0,0.0,1.832,3,6,1.219,2.933,4,0
0.605,7,1,0.0,7,5,2,1,1,0,2,0.049,0,3,1,5,1,5,4,0.353,4,5,7,6,-0.447,0,0,4,6,4,7,4,3,5,0.0,2.211,3,1,1.179,2.136,3,0
1.77,4,2,0.0,7,4,2,2,6,0,0,-0.49,0,1,3,3,6,1,7,-0.684,6,2,6,7,-0.271,6,0,6,7,4,6,1,1,0,0.0,-0.005,5,6,1.541,2.104,4,0
0.862,2,1,0.0,0,5,4,5,6,0,7,-1.067,0,5,2,1,7,4,1,1.055,0,2,1,5,1.545,7,0,4,6,3,0,3,2,1,0.0,1.946,4,0,0.119,-0.906,4,0
1.665,2,1,0.0,4,7,6,4,6,0,3,-0.667,0,4,0,1,5,1,5,2.169,1,0,6,0,0.107,5,0,3,3,0,7,7,7,7,0.0,3.117,1,1,1.182,-0.165,1,0
3.947,7,3,0.0,6,7,6,5,7,1,6,1.997,1,4,7,7,0,0,5,-0.903,7,7,5,5,0.83,3,1,6,7,6,0,1,4,5,0.0,4.257,2,5,4.123,3.676,6,1
2.54,7,5,12020.2,6,6,6,6,6,1,2,3.877,0,1,1,6,3,3,4,4.536,2,4,2,3,-1.424,4,1,6,6,7,4,7,3,6,0.0,0.007,3,5,2.259,1.822,3,1
0.943,1,7,0.0,6,7,1,4,0,0,1,-1.441,0,0,0,6,3,0,5,-1.559,4,4,0,6,1.593,1,0,5,1,1,7,1,4,2,0.0,1.887,7,6,0.381,-0.099,2,0
0.917,1,2,0.0,1,1,5,2,0,0,2,0.842,0,2,6,7,4,5,7,1.244,1,6,6,4,-0.09,3,0,5,7,2,1,5,6,7,0.0,1.563,1,3,1.101,2.347,0,0
1.277,1,1,0.0,5,7,5,0,1,0,5,-0.279,0,1,1,6,5,0,7,3.716,2,7,3,0,2.06,4,0,1,1,5,1,5,7,2,0.0,0.923,2,6,1.122,0.599,2,0
1.919,4,0,0.0,3,3,5,0,1,0,4,0.927,0,3,2,6,1,1,4,3.584,0,4,2,2,0.654,0,0,1,3,2,1,4,0,5,0.0,1.828,1,5,1.804,-0.444,5,0
2.272,0,0,0.0,4,2,0,0,7,0,4,0.064,1,7,4,5,1,2,7,1.294,0,7,1,4,1.496,5,0,0,0,3,5,6,2,6,0.0,2.131,5,0,2.705,0.246,1,0
2.821,2,2,0.0,2,5,2,2,2,1,3,1.307,0,7,4,3,2,0,3,3.786,3,1,4,7,0.97,4,1,0,1,5,4,2,1,0,0.0,3.438,0,3,3.868,5.557,2,1
1.261,0,0,0.0,1,4,5,1,5,0,4,1.168,0,6,2,4,2,2,6,2.712,4,6,3,4,1.266,0,0,4,6,6,5,4,5,3,0.0,1.425,4,7,0.707,4.188,4,0
1.272,6,3,0.0,6,2,4,7,7,0,2,-0.286,0,4,2,2,6,7,2,4.913,2,0,4,1,-0.862,7,0,7,5,3,7,4,1,3,0.0,2.99,5,7,0.979,0.841,6,0
5.106,5,2,40407.26,2,5,0,5,0,1,5,0.524,1,0,3,0,6,0,2,5.288,0,6,7,4,-0.572,0,1,4,2,5,0,3,7,4,13.23,6.95,5,6,4.668,1.886,7,1
1.008,4,0,0.0,5,5,1,0,1,0,3,-0.574,0,5,5,0,4,6,0,0.089,2,7,0,3,-0.028,0,1,7,1,6,2,2,6,7,0.0,2.053,0,2,1.23,-0.144,1,0
1.255,4,5,0.0,1,4,7,6,2,0,5,-1.276,0,2,3,7,6,0,5,2.052,1,3,3,3,-0.251,5,0,3,7,3,1,2,2,1,0.0,1.578,4,1,1.316,2.984,2,0
0.45,3,5,0.0,3,5,0,1,6,0,6,0.195,0,0,2,2,6,3,6,-1.218,7,3,1,2,-1.212,1,0,4,7,1,5,7,6,5,0.0,0.491,2,7,0.103,1.504,5,0
4.025,2,1,29798.22,5,2,0,2,1,1,5,1.555,1,3,3,6,4,6,0,3.202,2,1,4,4,-0.007,1,1,3,2,1,7,1,0,4,0.0,3.65,2,5,3.053,4.043,3,1
1.227,5,7,0.0,1,5,6,6,6,0,3,-1.702,0,7,5,3,6,5,3,1.489,3,7,3,5,0.334,2,0,2,7,7,6,5,4,3,0.0,0.674,7,2,1.316,0.518,3,0
0.853,6,5,0.0,2,6,0,0,1,0,1,0.35,0,3,6,4,1,1,5,3.464,1,5,4,6,0.35,3,0,1,7,0,6,4,1,7,0.0,0.082,7,1,0.827,0.042,4,0
0.589,3,2,0.0,4,7,4,4,4,0,5,0.471,0,6,2,6,5,6,2,-3.522,5,1,5,2,-1.595,4,0,0,4,1,4,1,1,0,0.0,0.869,0,7,1.096,3.592,4,0
1.418,4,3,0.0,6,5,7,7,4,0,0,-0.136,0,5,6,5,7,5,4,-1.259,6,2,4,5,0.046,5,0,2,0,1,1,0,0,2,0.0,2.886,0,6,1.944,5.162,2,0
3.144,7,1,0.0,2,4,4,7,4,0,5,-0.332,0,1,6,7,6,2,2,3.777,0,3,4,7,0.316,0,1,0,3,0,5,5,4,0,0.0,1.523,4,0,2.628,0.884,6,0
4.567,5,2,35028.36,4,3,3,7,7,1,4,3.213,1,4,5,2,5,0,5,1.691,7,5,6,7,-0.126,5,1,2,1,1,7,1,1,2,4.58,4.794,6,0,4.748,5.599,1,1
4.112,1,3,8079.11,3,4,1,2,6,1,0,0.809,1,1,0,7,5,4,1,3.274,1,6,5,0,0.972,2,1,7,6,6,2,0,4,1,0.0,4.896,3,1,4.544,5.656,1,1
1.738,1,3,0.0,7,5,3,1,5,1,5,0.81,0,3,2,4,6,3,3,0.896,2,0,4,1,-1.234,3,0,1,7,2,5,6,4,5,0.0,1.923,3,3,2.485,3.507,6,0
0.791,7,1,0.0,1,2,6,6,1,0,2,0.495,0,6,5,4,2,7,3,-0.199,0,3,5,2,0.399,0,0,1,3,3,4,5,7,3,0.0,0.569,2,0,0.136,-0.02,4,0
1.597,4,7,0.0,6,2,3,4,0,0,1,-0.479,0,1,6,6,4,5,3,1.937,3,5,7,2,-0.632,7,0,1,6,1,5,0,0,7,0.0,1.322,0,5,0.352,2.633,2,0
0.679,4,6,0.0,6,7,2,0,6,0,4,-0.27,0,2,7,6,4,6,5,1.717,0,6,3,4,-0.93,1,0,3,0,6,0,2,1,7,0.0,0.175,3,4,0.637,-1.033,5,0
2.877,4,7,0.0,0,4,0,3,1,1,6,0.641,0,3,1,0,3,3,4,4.902,5,1,0,3,-0.648,6,0,3,5,6,5,6,1,1,0.0,2.74,4,2,2.648,2.555,5,0
0.899,4,2,0.0,4,2,4,3,4,0,2,0.357,0,3,2,0,6,7,4,-1.578,4,5,6,6,1.399,4,0,3,2,3,6,7,4,5,0.0,0.913,7,6,0.579,0.248,1,0
0.438,7,3,0.0,2,6,6,0,5,0,5,2.269,0,1,2,5,6,2,1,2.7,3,7,7,3,-0.614,7,0,6,4,0,1,5,7,0,0.0,1.612,1,7,0.811,0.404,6,0
2.004,3,4,0.0,3,1,4,6,5,0,6,0.615,0,2,0,2,0,2,3,4.318,5,6,5,2,-0.751,6,0,0,0,1,4,4,6,5,0.0,-0.395,2,0,1.484,-1.161,7,0
0.877,7,7,0.0,5,1,7,4,0,0,2,-0.676,0,4,7,7,0,5,1,-0.447,7,7,3,4,-0.202,3,0,2,3,7,6,5,3,4,0.0,0.254,6,3,0.423,-1.788,1,0
1.126,3,3,0.0,0,4,6,0,0,0,4,-0.712,0,1,4,2,4,5,1,0.987,2,3,0,5,-0.809,4,0,0,0,1,0,2,6,2,0.0,0.288,2,6,0.451,1.904,7,0
2.438,6,4,0.0,6,0,4,1,0,1,7,0.969,0,6,2,2,7,6,2,2.134,7,6,7,6,1.55,4,1,6,2,2,7,2,0,1,0.0,3.577,4,6,2.524,2.224,0,1
0.802,0,3,0.0,0,2,1,3,3,0,4,-0.516,0,6,3,7,0,1,4,4.388,6,5,0,5,0.424,7,0,4,0,4,3,6,5,7,0.0,1.665,3,7,1.592,1.531,3,0
0.914,6,5,0.0,4,2,6,2,4,0,7,-0.476,0,4,2,6,0,5,7,1.595,1,7,1,3,0.791,3,0,7,6,2,4,5,2,7,0.0,-0.004,3,0,0.581,0.952,5,0
1.363,5,4,0.0,1,7,3,0,5,0,3,-0.742,0,1,6,0,3,4,7,-0.154,2,1,5,6,0.149,2,0,4,5,1,7,6,1,7,0.0,0.228,3,3,0.518,-1.98,0,0
0.982,6,4,0.0,4,1,3,6,1,0,4,1.365,0,3,3,6,4,3,6,-0.984,2,3,6,5,-0.182,0,0,0,7,4,0,1,3,0,0.0,0.467,1,2,1.389,3.391,3,0
0.849,6,6,0.0,3,5,6,4,1,0,4,-0.199,0,0,1,6,4,0,2,7.508,2,6,7,1,0.71,3,0,1,0,0,1,3,1,2,0.0,1.448,6,0,0.003,0.343,5,0
0.55,1,7,0.0,6,2,1,3,5,0,0,-1.179,0,6,6,4,6,4,4,1.243,6,4,7,6,-1.005,2,0,1,4,7,0,6,4,5,0.0,-0.911,4,4,0.364,-0.849,7,0
1.327,2,0,0.0,7,2,4,1,7,0,4,0.968,0,6,0,1,6,0,0,3.672,2,7,1,4,0.957,3,0,3,2,3,0,3,6,3,0.0,2.16,2,5,1.311,2.486,5,0
1.821,2,5,0.0,1,4,5,4,7,0,7,0.185,0,7,7,3,6,1,4,0.626,7,1,5,3,-1.101,3,0,3,4,1,1,2,2,1,0.0,0.908,1,5,1.547,-1.04,7,0
1.501,3,3,0.0,0,0,2,2,3,0,1,0.3,0,5,1,7,2,4,7,1.02,6,1,7,2,-0.677,2,0,6,0,4,2,3,6,5,0.0,2.446,3,5,0.966,-0.029,0,0
3.222,7,4,0.0,2,2,4,3,1,0,6,-0.67,0,0,3,6,3,6,7,-0.332,2,5,4,5,-0.681,2,1,7,6,5,5,0,4,3,0.0,-0.12,3,0,3.203,1.588,4,0
1.675,4,4,0.0,1,2,7,5,7,0,7,-0.217,0,6,2,5,3,0,0,-0.752,5,7,5,2,0.254,0,0,2,7,7,6,4,3,5,0.0,1.059,1,2,0.656,-1.221,4,0
1.988,1,7,0.0,4,4,0,3,4,0,0,0.243,0,6,0,7,0,4,6,-1.828,5,5,1,2,0.321,3,0,3,4,6,3,6,5,0,0.0,2.809,0,6,1.524,-0.363,0,0
4.811,0,7,7601.18,1,4,1,4,4,1,3,1.029,1,5,6,2,4,3,6,6.739,7,7,5,6,0.259,4,1,3,1,0,6,6,2,0,2.54,4.738,4,7,5.661,4.742,5,1
1.735,0,7,0.0,1,2,2,7,1,0,7,-1.163,0,1,5,1,3,7,1,-1.308,5,7,1,1,-0.952,2,0,2,1,1,2,4,5,4,0.0,2.413,0,7,1.142,-1.735,0,0
0.388,5,7,0.0,5,6,5,0,6,0,3,-0.017,0,5,6,0,1,5,3,0.758,3,3,3,4,-1.305,1,0,2,5,7,5,1,2,1,0.0,2.055,4,5,0.226,1.418,2,0
2.949,0,0,37458.81,1,3,4,5,4,1,1,1.462,1,5,3,6,4,2,3,1.904,6,2,7,3,0.14,5,1,5,5,1,6,3,6,6,0.0,2.263,1,5,3.394,1.995,4,1
1.936,1,6,0.0,2,0,4,1,5,0,7,0.954,0,0,0,2,4,3,7,0.453,4,6,0,2,-0.896,5,0,0,6,5,7,4,5,0,0.0,1.63,7,1,0.769,0.597,3,0
1.725,7,5,0.0,1,4,0,5,3,0,1,1.841,0,6,4,6,0,1,3,-2.757,5,6,2,0,-1.21,5,0,3,1,1,3,0,3,5,0.0,0.047,7,5,1.79,0.493,2,0
-0.152,4,3,0.0,1,5,5,6,6,0,5,-1.323,0,6,5,2,1,4,2,-0.421,1,3,1,4,0.266,1,0,6,0,3,4,3,4,4,0.0,2.943,5,4,0.447,-0.227,5,0
1.676,5,3,0.0,0,6,7,3,3,0,2,-0.374,0,0,7,2,4,2,7,-1.092,6,0,7,1,0.4,5,0,3,6,5,5,1,4,1,0.0,2.999,1,2,2.172,2.716,4,0
4.116,0,0,17054.12,2,7,5,7,5,1,5,1.576,1,6,2,7,5,6,0,5.677,0,5,5,1,-0.717,1,1,2,3,3,5,6,1,5,0.0,4.733,0,3,4.357,4.697,3,1
1.818,7,3,0.0,0,5,1,0,1,1,0,2.517,0,2,5,6,0,0,0,1.453,2,3,1,5,-1.25,4,0,5,2,6,7,0,2,0,0.0,-0.464,7,0,1.862,2.682,3,0
1.52,0,3,0.0,6,1,4,0,1,0,1,0.074,0,6,7,6,6,7,1,-3.356,6,1,1,7,1.442,1,0,6,7,2,3,0,2,4,0.0,-0.785,4,0,1.542,-0.913,2,0
2.23,4,2,0.0,6,6,4,7,0,1,2,0.716,0,5,4,2,2,4,4,0.4,5,5,5,3,-0.156,2,0,0,1,1,3,6,0,3,0.0,2.086,3,1,1.356,2.97,4,0
0.101,4,2,0.0,4,0,1,1,5,0,2,0.392,0,0,0,3,7,0,5,2.92,3,6,3,1,0.057,6,0,5,4,0,5,5,0,5,0.0,-0.868,7,6,0.392,0.269,1,0
1.62,1,6,0.0,6,3,4,4,0,0,0,-0.767,0,0,7,3,5,2,2,-1.977,4,1,5,7,-1.054,6,0,7,5,7,5,5,4,1,0.0,-0.116,0,0,1.269,0.784,7,0
2.483,5,4,15745.83,7,4,0,0,4,1,4,3.081,1,4,7,2,4,7,6,5.839,0,2,1,0,-0.122,1,1,6,1,0,0,5,1,6,0.0,1.638,1,1,3.078,0.377,0,1
0.75,2,2,0.0,0,2,5,1,5,0,6,0.147,0,4,2,4,7,6,1,2.655,1,2,0,5,0.974,6,0,6,7,5,0,5,3,2,0.0,1.315,6,7,0.644,3.004,7,0
3.621,0,6,0.0,7,3,6,0,6,1,5,1.914,1,0,5,1,3,4,3,4.278,2,0,0,2,1.553,0,0,1,5,2,2,5,5,3,0.0,2.592,3,5,3.292,6.437,5,1
1.635,2,3,0.0,6,0,1,2,6,0,4,1.188,0,1,3,4,4,4,4,2.145,1,4,5,2,-0.858,5,0,4,7,0,3,7,0,4,0.0,3.049,3,4,1.562,6.563,6,0
0.876,7,4,0.0,1,7,6,4,3,0,0,0.146,0,3,0,3,7,2,4,6.056,7,7,0,1,-0.529,2,0,3,5,1,4,0,6,5,0.0,0.623,2,0,0.606,0.971,2,0
1.675,3,2,0.0,3,5,1,5,5,1,7,-0.481,0,5,7,3,1,5,5,2.896,2,2,7,5,0.446,7,0,1,7,3,5,4,6,3,0.0,2.966,6,5,1.893,3.301,0,0
2.059,0,2,0.0,1,0,6,0,3,1,7,0.877,0,0,3,7,1,7,2,4.194,0,1,3,7,-1.129,3,0,1,4,3,0,7,2,0,0.0,2.168,3,6,3.295,0.5,0,0
1.382,1,4,0.0,3,3,2,6,3,0,0,-2.309,0,6,7,2,6,4,7,1.922,4,4,3,0,0.717,4,1,7,0,6,3,3,0,2,0.0,2.643,5,4,1.315,2.914,5,0
2.107,2,5,0.0,0,4,7,4,2,0,0,0.562,0,3,1,2,1,2,0,0.439,4,0,6,6,-0.156,5,0,4,5,5,0,5,0,0,0.0,2.918,7,7,1.848,1.237,6,0
0.957,3,4,0.0,7,6,1,7,3,0,7,-0.967,0,2,4,0,0,3,0,4.026,6,3,7,7,1.933,3,0,7,7,5,6,1,4,3,0.0,1.289,2,7,1.917,3.431,6,0
0.703,4,5,0.0,4,1,3,7,5,0,3,-0.145,0,4,4,6,2,3,3,4.676,5,1,5,0,-0.098,2,0,5,7,1,7,2,2,4,0.0,1.29,1,6,1.385,3.179,5,0
1.192,7,4,0.0,2,4,4,1,6,0,2,0.091,0,0,0,6,7,7,2,1.57,0,2,3,2,-0.464,1,0,7,7,0,7,7,3,0,0.0,1.738,2,0,1.37,-0.747,0,0
0.852,2,5,0.0,4,1,1,0,4,0,7,0.209,0,5,7,3,6,7,3,0.49,0,1,4,6,0.237,3,0,0,7,4,5,4,1,0,0.0,0.989,3,2,1.499,-1.664,1,0
4.367,6,2,38315.04,2,5,1,4,4,1,6,3.088,1,0,0,3,1,3,2,4.708,6,1,4,5,-1.103,5,1,2,2,2,1,2,1,2,53.8,3.792,3,3,3.9,3.243,1,1
4.127,7,7,38966.22,3,2,6,5,4,1,6,0.683,0,4,1,0,1,1,3,-1.635,0,0,2,6,0.156,3,1,3,7,1,3,4,7,0,0.0,5.199,2,4,3.344,5.057,3,1
1.566,1,7,0.0,6,1,5,4,0,0,4,0.953,0,6,3,1,1,2,6,4.81,1,7,2,2,-0.456,0,0,0,6,2,1,7,5,0,0.0,0.179,7,5,0.984,1.723,6,0
5.052,6,2,1349.44,0,2,6,5,1,1,4,0.664,1,0,1,1,5,7,0,3.391,3,2,3,3,-0.299,4,1,7,1,4,7,7,1,5,0.0,2.624,0,4,4.367,5.624,3,1
1.717,0,6,1632.94,4,2,7,3,4,1,7,2.441,0,6,3,0,3,2,4,4.009,0,3,1,5,0.825,0,1,0,0,7,6,3,5,5,14.09,0.692,6,1,2.278,2.359,2,1
2.082,7,2,0.0,4,5,5,1,1,1,0,0.613,0,6,2,5,6,7,4,4.054,0,0,5,6,0.649,1,0,6,4,1,3,0,1,1,0.0,2.88,6,3,1.937,0.893,3,0
1.17,3,2,0.0,7,4,2,7,3,0,7,-0.099,0,0,2,1,5,6,4,-1.961,1,5,6,3,-1.369,7,0,6,5,1,1,2,4,6,0.0,0.837,2,5,0.354,-1.811,7,0
7.243,7,3,37037.22,1,3,2,7,1,1,4,0.795,1,0,4,5,6,7,2,6.005,3,4,0,3,0.013,2,1,3,3,3,2,7,6,3,16.44,9.257,5,3,7.216,5.711,2,1
1.906,5,4,0.0,0,3,2,1,0,0,6,2.631,0,7,5,1,2,4,5,1.672,5,5,2,1,-0.809,3,0,1,6,2,6,1,7,3,0.0,3.058,3,1,1.959,-0.188,3,0
1.207,5,6,0.0,6,7,2,1,1,0,2,0.085,0,1,7,7,0,0,5,-0.337,1,7,3,7,1.199,7,0,4,2,5,1,3,6,2,0.0,1.134,1,2,1.242,0.959,6,0
1.402,0,2,0.0,2,7,0,5,7,0,5,-0.088,0,3,5,7,6,6,4,5.474,7,1,5,0,0.943,6,0,2,3,2,2,3,7,2,0.0,2.423,3,3,0.836,0.781,3,0
2.87,5,2,19255.7,6,4,7,0,1,1,7,0.33,0,1,7,4,1,4,6,4.473,6,2,6,5,0.363,0,1,6,2,5,0,4,7,3,10.32,3.962,2,0,3.116,4.45,5,1
2.088,7,5,0.0,7,6,2,5,0,0,1,-0.51,0,0,3,5,1,0,0,2.73,0,5,1,4,1.278,2,0,3,0,2,7,1,7,1,0.0,2.15,3,6,2.078,0.663,5,0
2.28,3,0,0.0,3,4,0,1,5,1,7,1.658,0,0,1,6,0,3,0,3.469,2,5,7,1,0.468,1,0,6,5,5,7,6,1,6,0.0,2.268,1,2,1.959,1.327,3,0
6.674,4,2,23025.7,5,5,0,6,6,1,3,0.23,1,4,3,2,6,5,1,7.406,6,4,0,4,2.418,5,1,7,7,4,5,1,1,4,0.0,6.306,4,5,6.129,6.931,2,1
0.203,4,7,0.0,6,2,2,0,4,0,0,-0.223,0,2,4,6,3,1,4,1.115,6,6,2,6,-0.495,0,0,0,1,0,7,0,0,7,0.0,-2.039,5,3,-0.101,0.377,3,0
5.058,2,1,5306.93,7,1,3,2,6,1,0,0.756,1,0,1,1,2,7,5,2.15,7,7,3,0,0.659,1,1,3,5,4,1,3,0,7,0.0,3.23,6,7,5.107,2.876,4,1
1.401,0,2,0.0,5,4,4,0,1,0,1,0.384,0,0,4,3,1,7,1,1.899,5,3,5,7,0.645,3,0,3,2,6,6,3,5,1,0.0,0.678,0,2,0.419,1.431,4,0
3.331,4,3,0.0,2,2,0,6,2,0,1,0.097,0,7,2,0,2,1,3,3.169,7,1,0,3,-1.689,0,1,1,1,4,3,2,3,4,0.0,2.425,1,5,3.394,3.212,0,0
2.296,6,0,21471.21,1,3,3,7,6,1,2,1.47,1,6,4,0,6,0,3,3.785,2,4,7,5,-0.215,4,0,2,2,5,6,2,4,1,0.0,3.083,6,6,2.386,0.561,2,1
0.635,6,5,0.0,7,0,1,7,5,0,0,-0.837,0,2,5,4,1,7,6,-1.867,3,3,5,3,-0.02,0,0,3,7,6,5,0,7,6,0.0,1.031,4,6,1.464,-1.819,2,0
1.105,5,1,0.0,5,4,3,5,5,0,4,1.98,0,5,2,1,2,3,7,1.295,1,6,1,2,-0.653,5,0,2,3,4,4,3,3,0,0.0,-0.045,6,4,1.155,0.034,4,0
0.353,1,4,0.0,6,0,1,3,6,0,5,-0.291,0,0,1,0,4,3,2,-1.415,6,3,6,0,-0.821,4,0,7,2,7,4,7,7,1,0.0,-0.933,4,2,1.086,0.983,1,0
2.948,6,4,12626.99,2,1,1,4,3,1,2,3.001,1,1,4,7,2,5,5,3.42,5,6,1,2,-0.915,5,1,6,7,7,0,2,5,1,0.0,3.546,5,4,3.825,5.784,2,1
0.651,6,5,0.0,6,3,7,1,7,0,6,0.079,0,0,3,4,2,3,5,-0.554,2,0,1,7,2.218,2,0,7,5,6,1,3,0,5,0.0,2.285,6,6,1.407,0.756,1,0
1.616,0,3,0.0,4,1,5,5,1,0,5,0.931,0,3,7,5,4,6,2,1.66,5,4,5,0,0.066,3,0,1,7,3,3,6,7,3,0.0,0.126,4,0,1.975,1.979,2,0
4.216,5,2,26990.55,5,0,1,2,3,1,3,-0.882,1,1,7,4,0,4,3,3.915,3,0,3,2,0.8,7,1,3,6,7,7,0,7,3,0.0,4.63,2,3,4.245,7.402,0,1
2.559,4,2,0.0,0,4,5,2,1,1,4,-1.253,0,3,7,4,6,7,1,1.265,7,0,5,6,-0.708,0,0,6,7,7,5,7,3,6,0.0,1.53,5,2,1.353,3.915,3,0
1.669,4,2,0.0,7,5,2,6,6,0,5,-1.72,0,7,6,7,0,7,7,2.781,2,0,6,0,-0.475,6,0,0,3,5,2,1,5,5,0.0,1.211,4,3,0.897,-1.092,0,0
1.243,4,7,0.0,1,3,2,7,4,0,2,-1.063,0,1,5,4,3,4,3,0.72,6,7,5,3,-0.171,7,0,1,0,6,4,6,7,2,0.0,2.434,7,5,0.686,-0.034,7,0
-0.67,4,4,0.0,1,4,5,3,7,0,6,0.563,0,6,0,7,4,2,6,0.007,2,3,3,4,-0.946,1,0,2,0,7,6,3,3,5,0.0,-0.539,5,5,1.588,-0.128,4,0
1.601,7,2,0.0,0,6,2,0,5,1,4,1.534,0,6,0,2,5,4,3,4.127,6,5,4,5,0.693,2,0,5,2,4,2,7,7,5,0.0,3.19,3,5,2.343,-2.29,7,0
2.55,1,4,0.0,5,2,4,5,1,1,1,1.315,0,7,3,2,5,2,0,1.295,1,2,7,4,0.68,6,0,2,5,5,4,3,3,2,0.0,3.731,0,3,2.112,0.062,2,0
0.478,1,7,0.0,2,1,5,7,2,0,3,0.276,0,4,5,0,2,6,0,-0.28,2,0,0,4,0.582,5,0,7,4,3,3,2,3,2,0.0,1.549,7,7,1.326,4.769,5,0
2.52,6,1,0.0,2,3,5,1,2,1,2,1.81,0,4,7,7,7,7,7,1.965,7,1,4,1,-1.657,1,0,4,5,3,1,1,4,1,0.0,2.543,1,0,1.715,0.277,5,0
3.957,1,1,0.0,4,0,4,2,5,1,6,1.613,1,5,3,0,7,6,4,4.783,4,0,0,1,-0.174,1,1,0,3,1,0,3,0,7,44.62,3.276,2,4,3.504,5.055,1,1
1.176,5,2,0.0,7,1,7,4,4,0,7,-0.462,0,7,2,3,3,4,3,0.353,7,3,6,1,-0.198,1,0,1,2,3,0,6,1,6,0.0,1.894,5,4,0.741,-0.029,6,0
3.362,0,3,39184.53,1,7,7,4,6,1,3,1.254,1,2,1,2,5,4,3,4.615,0,3,5,5,-0.223,2,1,5,7,3,5,0,3,3,0.0,3.441,0,0,3.41,1.533,4,1
3.179,1,2,21465.63,0,2,3,3,3,1,0,0.91,1,3,6,7,3,4,7,5.049,0,4,4,2,1.602,0,1,3,5,3,5,5,4,0,0.0,3.575,7,6,3.412,3.31,0,1
1.032,4,6,0.0,0,0,2,0,6,0,1,0.006,0,6,6,3,2,0,3,1.677,6,0,0,0,-0.899,2,0,3,2,3,0,4,5,2,0.0,1.269,3,2,1.217,2.403,2,0
1.883,5,7,0.0,0,5,5,3,6,1,5,-1.067,0,5,6,2,5,5,6,3.308,3,7,2,3,0.116,2,0,7,0,7,0,3,0,5,0.0,2.183,6,1,2.857,2.03,0,0
1.94,7,5,0.0,2,2,5,4,1,0,2,1.736,0,7,3,5,3,5,0,1.789,2,3,3,2,-0.318,4,0,1,7,2,3,2,5,1,0.0,0.957,1,2,2.116,1.505,7,0
3.024,5,0,15898.97,6,7,0,2,4,1,6,1.244,0,1,4,4,2,2,4,4.417,7,5,2,7,-0.868,6,1,4,6,2,6,4,7,6,0.0,1.829,1,6,2.318,-0.652,2,1
0.891,5,2,0.0,5,7,5,0,1,0,5,-0.115,0,7,0,0,6,1,1,1.379,6,0,6,0,-1.508,7,0,7,0,5,0,2,4,6,0.0,-0.905,4,0,0.63,-0.913,0,0
1.872,6,2,0.0,6,0,2,7,3,0,5,-1.538,0,2,3,3,7,7,7,0.749,1,2,2,0,-1.743,4,0,7,0,5,3,4,0,2,0.0,1.895,7,6,1.524,-1.858,7,0
4.952,5,7,29597.26,5,1,1,4,7,1,2,3.795,1,1,6,1,6,6,4,2.38,2,2,0,0,1.253,1,1,1,5,7,6,0,2,0,0.0,5.943,0,6,5.33,5.597,1,1
1.266,0,1,0.0,7,7,7,4,0,0,7,-1.404,0,1,0,1,0,1,2,-2.264,5,3,1,4,-0.582,7,0,6,0,5,0,1,5,0,0.0,3.608,1,1,1.035,0.455,7,0
1.261,3,1,0.0,2,7,3,2,6,0,0,-0.598,0,0,7,0,5,4,5,1.934,4,1,2,2,-0.683,4,0,7,6,3,7,3,4,0,0.0,0.572,5,4,0.699,1.562,2,0
2.327,7,1,0.0,3,3,3,7,5,0,4,0.077,0,0,2,7,3,4,7,3.186,2,3,3,4,0.013,7,0,4,6,5,3,7,2,2,0.0,0.363,6,4,0.795,2.0,3,0
2.493,4,2,0.0,5,0,2,0,5,1,7,-0.08,0,0,0,3,6,0,7,3.323,3,6,2,2,0.113,2,0,0,3,0,6,7,4,5,0.0,2.124,7,7,2.35,1.313,6,0
1.75,3,3,0.0,5,5,0,2,4,0,7,-0.292,0,5,6,6,3,4,1,1.15,7,6,4,2,-0.121,3,0,0,6,7,6,3,7,5,0.0,-0.629,1,5,0.46,-0.714,4,0
3.732,1,1,0.0,3,2,3,0,3,1,0,1.464,0,1,7,7,3,3,4,2.448,4,6,2,2,0.465,1,0,0,4,0,6,4,5,1,0.0,0.949,4,4,2.547,1.656,3,0
0.166,1,2,0.0,7,4,2,1,3,0,6,-0.273,0,7,1,0,4,1,1,0.242,2,1,5,0,-0.466,6,0,5,3,3,4,0,6,7,0.0,0.771,5,5,1.031,-0.526,5,0
3.298,1,1,1499.78,6,4,2,1,6,1,0,0.673,1,7,6,4,5,0,3,6.778,7,4,7,0,0.033,0,1,4,4,0,4,5,7,1,0.0,1.627,3,2,3.426,3.297,2,1
1.733,7,6,0.0,3,1,7,1,5,0,0,-0.895,0,3,3,5,2,2,5,1.263,6,0,7,6,0.936,3,0,5,7,7,4,4,2,2,0.0,-0.017,2,4,1.046,-2.011,4,0
8.777,1,3,518.58,0,2,2,6,4,1,2,1.175,1,1,1,7,1,7,5,10.161,7,3,2,0,-0.367,5,1,2,1,4,4,4,1,2,39.06,6.913,3,2,8.304,6.032,7,1
1.334,5,6,0.0,5,1,3,2,3,1,2,-0.369,0,6,1,2,3,6,3,-2.922,0,2,3,2,-0.937,0,0,7,5,2,6,4,6,2,0.0,0.305,0,7,2.016,1.531,1,0
0.329,0,5,0.0,5,2,2,5,5,0,0,-2.383,0,5,1,0,2,3,0,0.822,3,7,0,6,-0.374,5,0,7,3,5,0,2,1,1,0.0,-1.311,4,7,1.542,1.356,4,0
3.646,7,7,0.0,5,1,3,3,5,1,2,2.325,1,0,7,4,5,5,6,2.5,0,5,7,3,1.594,0,1,0,0,6,2,4,1,1,0.0,2.776,2,3,3.782,5.973,0,1
0.537,2,5,0.0,3,4,3,0,2,0,3,-0.383,0,4,0,1,2,0,6,2.909,1,2,5,6,-2.669,7,0,0,1,2,5,1,6,1,0.0,0.053,5,3,0.614,2.223,7,0
2.21,1,2,0.0,5,3,0,2,3,0,2,0.288,0,0,5,6,7,2,6,0.538,3,2,7,5,0.507,5,0,4,4,3,3,2,5,2,0.0,1.649,6,4,1.629,3.018,4,0
3.994,2,5,23931.6,6,1,4,4,5,1,6,1.992,1,0,7,3,0,0,2,3.543,5,5,2,4,0.732,6,1,0,6,0,0,7,4,4,0.0,3.671,5,0,3.398,2.191,2,1
0.714,1,1,0.0,7,6,3,5,4,0,7,-0.579,0,5,0,6,6,6,6,-1.535,4,3,4,3,-0.238,5,0,5,6,0,5,6,6,1,0.0,2.63,0,3,1.326,1.385,3,0
5.809,0,3,41819.33,4,0,1,4,6,1,2,2.468,1,4,5,0,0,1,5,4.247,1,0,4,3,-0.995,2,1,5,0,0,5,7,3,3,0.0,6.833,7,0,4.634,6.218,7,1
0.66,6,7,0.0,6,6,6,0,1,0,4,0.15,0,1,6,7,5,5,6,0.03,5,5,4,6,-0.479,7,0,7,7,0,6,0,7,1,0.0,0.661,4,3,0.199,-0.82,3,0
-0.391,5,1,0.0,2,2,3,7,5,0,4,0.844,0,1,4,2,7,7,4,-0.241,7,5,1,0,-0.569,3,0,0,6,7,7,2,5,5,0.0,-0.516,4,0,0.308,-1.103,2,0
4.151,4,2,0.0,7,1,5,6,4,1,7,1.465,1,5,1,2,3,3,5,7.494,0,3,1,7,0.826,5,1,4,2,2,3,4,1,1,15.63,4.222,0,2,4.191,4.51,5,1
1.747,5,7,22718.24,0,3,4,3,4,1,7,2.222,1,2,2,4,2,1,4,0.533,1,7,5,0,0.69,6,0,1,5,0,2,3,3,5,0.0,4.413,7,6,1.9,1.55,2,1
1.28,2,5,0.0,0,7,1,0,6,0,1,-1.728,0,1,2,6,3,1,5,3.014,0,5,5,1,-0.618,0,0,6,1,0,3,5,3,2,0.0,0.916,5,5,0.765,0.9,0,0
-0.053,4,5,0.0,4,3,3,7,7,0,3,0.077,0,6,0,3,5,1,1,0.445,7,4,7,1,0.854,0,0,7,5,0,3,1,5,3,0.0,2.483,3,7,0.295,-1.283,2,0
-0.773,4,1,0.0,7,6,2,1,5,0,6,1.665,0,5,1,6,3,3,2,-3.559,5,0,2,2,-0.231,0,0,4,1,5,0,0,6,5,0.0,-2.403,6,7,-0.19,1.115,7,0
2.504,5,0,0.0,3,4,2,1,7,1,4,0.202,0,3,5,1,5,1,2,1.73,7,4,3,2,1.306,6,0,4,2,1,6,1,6,4,0.0,1.99,1,5,1.844,0.967,1,0
-0.217,0,7,0.0,5,7,7,4,0,0,7,-0.243,0,0,6,3,0,5,2,0.656,5,2,3,0,-1.43,4,0,1,0,0,1,3,0,5,0.0,-0.779,1,6,0.581,-1.547,7,0
0.814,7,4,0.0,5,4,1,3,5,0,2,-0.16,0,2,3,5,7,3,4,2.599,0,4,1,1,2.018,5,0,0,1,6,6,6,1,1,0.0,1.404,1,4,0.853,-1.797,6,0
3.355,4,3,0.0,0,6,4,4,4,1,5,0.343,0,6,3,7,1,1,6,2.007,4,1,4,2,-0.003,0,1,2,4,5,5,4,2,6,0.0,3.919,3,3,3.245,1.354,1,1
3.592,3,4,37779.17,7,3,1,0,1,1,1,1.667,1,4,5,0,7,3,0,0.773,6,6,0,4,0.344,2,0,7,5,3,7,0,1,7,44.95,3.122,7,1,3.174,1.661,3,1
0.051,5,7,0.0,5,4,7,0,0,0,3,0.776,0,2,2,5,5,4,6,-1.97,3,0,0,7,-0.473,1,0,4,2,5,2,4,3,6,0.0,-0.004,6,2,0.343,-2.069,1,0
3.665,5,7,0.0,6,0,2,4,5,1,4,-0.202,0,4,7,5,6,2,7,7.065,5,7,3,7,-0.937,2,1,6,0,2,2,3,4,6,0.0,5.668,7,4,3.39,8.143,6,1
3.313,0,0,3104.97,3,5,3,5,7,1,7,0.407,1,5,1,7,1,1,1,1.524,4,2,5,6,-0.487,5,1,4,3,7,2,4,0,4,0.0,2.799,2,4,3.72,5.109,0,1
0.316,2,5,0.0,5,0,2,6,4,0,5,-0.841,0,3,7,1,2,2,6,4.047,2,2,2,1,-1.198,7,0,1,4,6,2,3,1,3,0.0,1.163,1,1,1.006,0.502,6,0
0.297,2,7,0.0,2,7,6,5,6,0,3,-0.021,0,1,5,7,0,3,2,2.996,4,3,5,0,3.654,6,0,4,7,7,6,4,7,7,0.0,2.742,2,3,1.248,2.559,5,0
1.311,6,5,0.0,7,2,5,4,3,1,7,0.473,0,5,7,0,6,3,4,2.593,1,3,6,6,1.119,0,1,2,1,7,4,1,7,3,0.0,-0.018,7,3,1.92,3.837,1,1
2.208,7,6,0.0,3,2,6,7,7,1,2,-0.756,0,6,2,6,6,0,6,1.532,0,6,0,5,-1.991,1,0,0,6,7,1,5,3,3,0.0,2.052,5,2,2.141,2.279,3,0
2.671,0,6,3226.69,5,1,4,6,4,1,6,2.01,0,1,3,3,1,4,3,5.055,7,6,7,1,-0.547,7,1,7,4,7,4,3,2,4,0.0,3.311,2,6,2.957,2.956,5,1
2.792,2,1,0.0,0,0,2,5,3,1,6,1.095,0,6,4,5,0,3,0,3.184,3,6,5,5,-0.106,0,0,3,2,3,7,6,2,4,0.0,2.291,2,3,2.152,2.28,0,0
1.465,3,5,0.0,6,0,7,3,0,0,3,-0.39,0,7,2,6,0,7,5,3.214,3,6,6,1,-1.502,0,0,2,2,2,3,4,5,3,0.0,3.752,6,2,2.255,0.661,3,0
1.065,2,7,0.0,3,3,6,0,4,0,3,-0.377,0,3,5,3,4,0,3,-3.883,1,4,6,3,0.876,7,0,2,6,2,0,5,3,1,0.0,1.226,6,4,1.138,-0.168,5,0
0.344,1,4,0.0,4,0,7,4,3,0,3,-0.344,0,1,1,2,3,3,6,0.032,7,7,1,0,-0.253,0,0,5,7,0,0,3,5,3,0.0,3.623,0,2,0.68,1.485,6,0
1.173,0,1,0.0,5,1,2,7,4,0,7,1.175,0,6,7,4,1,7,2,2.083,2,7,6,3,0.56,6,0,0,3,5,4,4,5,0,0.0,-0.086,4,2,0.052,-4.731,5,0
2.493,0,6,0.0,1,5,5,0,7,1,2,0.63,0,5,2,0,1,3,5,4.369,4,5,0,4,0.427,3,0,1,6,4,2,3,6,0,0.0,3.507,2,3,2.013,4.618,4,0
1.68,4,4,0.0,7,0,2,5,2,1,6,-0.279,0,5,6,1,3,4,1,-0.352,3,1,1,3,0.003,5,0,2,4,2,7,0,2,6,0.0,3.13,3,2,1.983,2.337,0,0
5.087,4,6,12816.01,5,3,2,4,2,1,2,-0.05,1,5,2,4,0,1,0,3.247,6,3,6,0,-0.735,3,1,1,7,1,4,5,3,4,48.42,4.909,0,1,4.659,7.038,2,1
4.434,2,3,11339.64,5,7,0,4,6,1,1,1.706,1,5,7,2,2,1,7,7.365,3,0,0,5,-0.178,3,1,7,3,6,1,3,3,4,9.99,3.921,5,5,4.287,7.205,0,1
0.083,0,3,0.0,5,7,1,6,6,0,4,0.098,0,2,7,0,5,1,1,-0.202,3,5,7,7,-0.991,6,0,7,2,5,6,7,1,1,0.0,-0.416,6,4,0.503,2.561,3,0
1.124,5,5,0.0,2,6,5,3,4,0,5,-0.649,0,1,6,6,1,0,7,1.758,7,0,5,1,0.374,5,0,6,0,0,0,0,5,2,0.0,-0.896,0,2,0.848,0.073,6,0
4.447,6,6,16350.44,2,0,4,2,6,1,0,0.357,1,1,1,2,4,7,6,10.767,2,7,0,1,-0.143,5,1,4,6,2,5,6,2,6,31.91,5.065,2,7,4.607,5.363,1,1
0.174,1,2,0.0,1,4,2,3,7,0,5,0.652,0,3,6,7,5,2,2,5.428,5,2,7,4,-0.45,4,0,7,1,5,0,6,4,1,0.0,1.391,5,7,0.996,0.141,3,0
0.081,0,3,0.0,5,7,0,2,4,0,5,1.042,0,5,5,1,7,4,3,-2.282,1,6,6,7,-0.105,7,0,7,5,1,3,6,0,6,0.0,2.195,7,7,0.449,-0.441,0,0
1.081,3,6,0.0,1,6,5,6,3,0,7,-0.001,0,4,2,3,2,0,2,1.317,2,0,2,4,1.394,1,0,1,5,7,4,3,6,6,0.0,0.042,2,7,1.868,3.134,7,0
6.893,3,2,10202.88,5,1,5,2,6,1,5,0.801,1,3,0,4,6,7,4,8.021,3,7,1,0,-0.967,4,1,3,4,4,7,4,6,2,0.0,3.811,1,1,6.664,6.758,1,1
6.274,1,1,39361.52,6,2,4,3,5,1,1,1.447,1,3,0,7,2,3,0,3.634,1,5,3,0,0.196,2,1,4,5,5,7,4,0,1,0.0,5.753,3,0,6.649,9.169,2,1
1.09,1,4,0.0,6,5,7,6,0,0,4,-0.445,0,2,3,2,2,5,5,-2.164,4,2,2,2,0.184,3,0,5,3,3,4,4,2,3,0.0,2.215,4,0,1.206,2.803,1,0
2.106,4,5,0.0,6,0,1,7,2,0,1,0.134,0,6,7,7,3,2,2,0.849,3,3,5,7,-0.79,0,0,5,3,4,1,0,4,2,0.0,2.531,0,6,1.945,0.022,3,0
1.14,4,0,0.0,4,4,5,7,7,0,4,-0.361,0,6,1,4,4,0,5,0.594,7,1,4,5,-1.774,4,0,2,3,3,0,3,2,1,0.0,1.98,5,0,0.864,2.037,3,0
1.318,0,3,0.0,1,1,4,3,3,0,4,-0.928,0,3,3,2,6,6,3,2.97,3,5,1,6,-0.393,6,0,6,7,0,1,4,5,2,0.0,2.385,0,6,1.625,-0.059,7,0
1.027,6,6,0.0,5,6,7,4,0,1,2,1.352,0,3,2,4,4,6,2,4.261,1,2,3,2,1.174,3,0,1,1,3,5,1,6,5,0.0,3.251,3,2,2.254,2.411,4,0
1.609,4,1,0.0,4,2,0,1,4,1,6,-0.835,0,0,1,2,7,2,1,-1.218,6,6,4,7,-0.859,3,0,0,2,6,4,4,1,5,0.0,1.209,5,5,1.723,2.345,7,0
4.957,5,5,34033.67,6,3,5,6,4,1,6,3.473,1,4,7,6,6,4,1,6.548,0,2,7,4,-0.098,4,1,1,1,7,0,0,7,7,0.0,5.827,0,6,4.571,7.824,2,1
0.593,3,7,0.0,6,0,1,3,1,0,5,-0.469,0,6,7,5,5,3,2,0.847,6,2,5,1,-0.6,7,0,1,0,7,3,0,4,7,0.0,0.728,7,6,0.472,0.503,3,0
0.74,6,0,0.0,1,4,7,6,4,0,2,-0.427,0,7,2,0,7,0,1,2.713,1,5,1,4,0.398,2,0,3,2,1,5,6,6,2,0.0,-1.632,6,6,0.053,1.878,2,0
1.41,6,3,0.0,7,0,7,4,3,0,5,-1.275,0,0,4,3,5,5,0,-1.651,5,2,1,3,-0.428,5,0,1,7,6,5,2,1,1,0.0,-0.657,2,2,1.396,3.435,1,0
2.019,3,6,0.0,7,4,6,2,7,0,3,-0.879,1,0,5,2,7,0,3,1.142,2,1,7,0,-0.756,6,0,7,5,6,2,1,3,3,0.0,1.695,5,5,2.242,1.106,7,0
0.295,4,4,0.0,7,0,7,7,1,0,3,0.684,0,1,6,2,4,4,0,-2.71,6,6,4,0,-1.129,5,0,5,7,5,2,7,5,2,0.0,0.507,5,0,0.3,0.155,5,0
3.439,7,1,30655.48,4,1,7,4,6,1,5,-0.118,1,6,7,6,0,4,6,0.951,2,7,7,4,1.27,0,1,0,1,1,1,7,7,1,0.0,3.349,4,0,3.428,6.204,0,1
3.806,2,4,0.0,2,5,5,6,1,1,6,-0.024,1,5,3,1,3,0,3,6.304,3,5,7,7,0.413,4,1,2,5,3,0,0,6,3,0.0,1.978,2,6,4.01,4.462,6,1
0.995,2,4,0.0,5,1,2,2,0,0,7,-0.191,0,7,1,7,2,6,2,2.493,0,1,7,6,1.125,0,0,6,7,0,0,3,3,1,0.0,0.946,2,7,0.708,-0.757,5,0
0.606,4,3,0.0,2,2,7,4,5,0,2,-0.225,0,2,6,4,7,3,0,1.841,2,7,3,7,0.156,0,0,2,3,3,1,5,4,5,0.0,-1.265,1,5,0.19,1.171,5,0
2.241,1,7,0.0,7,4,1,1,2,0,5,0.65,0,5,1,1,0,3,0,1.5,2,0,3,5,0.678,5,0,2,6,4,1,1,0,3,0.0,3.153,0,4,2.67,2.696,4,0
2.726,7,6,0.0,1,6,4,4,6,1,3,0.992,1,7,1,2,2,4,0,0.921,0,2,6,5,-1.213,2,1,6,5,5,6,2,5,7,0.0,2.675,6,1,2.414,6.048,4,1
1.229,3,2,0.0,6,5,1,4,2,0,5,0.732,0,2,4,7,7,1,1,0.239,5,4,1,1,-0.251,4,0,0,1,0,0,3,7,3,0.0,0.529,3,0,-0.217,-1.302,4,0
2.631,3,2,0.0,4,1,3,3,3,1,1,-1.241,0,1,1,4,7,3,1,2.815,1,2,5,2,-0.447,5,0,2,2,5,4,5,1,7,0.0,2.843,0,2,2.349,-0.675,6,0
1.864,7,1,0.0,1,0,5,1,0,0,3,1.331,0,0,5,3,2,3,5,7.562,5,3,1,7,-0.084,1,0,2,1,1,2,7,6,5,0.0,1.553,6,7,1.367,2.027,3,0
5.291,3,6,0.0,6,0,1,4,0,1,7,0.014,1,5,3,2,2,0,3,8.236,1,7,6,3,-0.417,1,1,3,3,5,1,7,3,4,0.0,4.811,1,2,4.938,5.296,3,1
1.567,7,3,0.0,3,2,6,5,3,0,7,2.179,0,2,5,6,6,5,2,-2.259,0,0,2,0,0.745,7,0,0,7,0,3,2,4,1,0.0,3.251,3,5,1.643,-1.918,6,0
2.66,4,0,0.0,0,6,0,5,7,0,5,0.118,0,4,3,5,4,0,3,2.146,4,3,1,5,0.576,4,1,2,4,0,0,4,6,7,0.0,2.522,6,4,1.601,2.393,5,0
2.026,0,4,0.0,3,1,3,4,5,1,3,0.607,0,7,0,5,4,2,3,5.408,7,2,0,4,0.367,5,0,5,4,4,4,0,2,1,0.0,0.834,3,7,1.686,3.492,6,0
0.476,5,7,0.0,7,0,5,3,5,0,7,1.527,0,1,2,7,7,3,5,-0.371,7,2,6,7,-1.604,4,0,2,6,3,7,4,2,6,0.0,1.524,3,0,1.01,4.823,1,0
1.494,1,7,0.0,7,6,3,2,4,0,1,0.939,0,7,3,0,6,3,2,3.938,1,7,1,1,1.625,6,0,6,2,4,2,7,3,2,0.0,1.244,4,3,0.954,-1.832,0,0
3.274,4,6,6707.67,3,3,4,0,6,1,3,2.547,1,1,3,4,3,3,1,2.699,2,2,2,6,1.115,4,1,3,6,4,2,4,6,1,0.0,3.67,2,7,2.741,4.543,1,1
1.826,2,2,0.0,2,7,5,5,7,1,0,-0.06,0,2,1,0,5,0,5,2.99,7,3,5,4,-1.653,5,0,7,2,0,3,5,2,0,0.0,3.363,2,7,1.966,0.392,6,0
0.611,2,1,0.0,3,5,6,1,7,0,0,-0.394,0,3,2,7,4,2,1,-2.183,4,4,3,2,-1.136,0,0,2,4,5,2,1,0,7,0.0,3.416,4,1,1.372,1.937,3,0
1.128,3,1,0.0,1,1,1,5,7,0,6,0.002,0,5,7,0,7,5,3,-1.269,5,7,2,2,1.052,0,0,1,0,3,2,2,0,3,0.0,1.07,5,1,0.993,2.327,6,0
2.716,2,7,0.0,3,4,4,0,1,1,1,-0.5,0,6,5,2,3,2,4,3.798,1,6,0,6,-1.933,3,0,7,4,1,6,6,5,0,0.0,1.986,5,6,2.381,3.474,0,0
2.106,1,0,0.0,0,7,4,7,4,1,5,-0.123,0,1,6,4,1,0,4,1.393,0,4,7,3,-0.828,7,0,1,7,4,7,0,7,4,0.0,2.574,4,5,2.105,3.623,7,0
3.617,3,3,0.0,2,4,0,7,6,1,4,1.458,0,1,7,3,0,3,3,1.287,1,7,1,3,0.225,4,1,4,7,6,3,5,5,0,0.0,2.058,6,7,2.314,2.021,4,1
0.615,7,1,0.0,6,2,0,4,7,0,1,-0.443,0,2,7,4,3,6,0,-1.678,4,0,0,1,-0.679,3,0,6,2,5,1,5,2,7,0.0,0.002,2,1,0.163,3.645,7,0
0.911,6,0,0.0,6,7,3,4,1,0,0,0.024,0,4,0,2,0,2,6,-0.994,3,2,2,3,-0.509,1,0,6,4,5,7,4,3,3,0.0,1.394,4,6,0.686,0.99,5,0
0.49,5,4,0.0,1,6,5,0,4,0,7,-0.516,0,5,2,7,5,5,1,-1.648,2,3,7,2,-0.981,2,0,0,1,4,1,4,5,0,0.0,-1.098,7,1,0.291,-1.817,2,0
-0.391,4,2,0.0,6,1,5,0,5,0,6,0.479,0,7,6,0,5,1,6,1.093,3,5,2,5,-1.006,4,0,5,4,2,0,4,0,5,0.0,0.661,6,7,1.13,0.383,5,0
4.69,7,2,35405.58,3,2,3,2,1,1,3,2.037,1,0,0,3,6,5,6,3.681,0,7,2,5,-0.036,5,1,1,0,0,5,0,2,0,0.0,3.775,2,1,5.208,7.172,3,1
0.674,6,3,0.0,0,2,1,7,1,0,2,0.543,0,0,7,4,7,5,3,0.237,7,1,5,7,-0.832,0,0,4,1,1,6,4,0,3,0.0,1.147,0,1,-0.053,2.018,6,0
1.189,5,4,0.0,2,6,1,7,2,0,1,-0.336,0,3,1,3,1,7,4,1.3,0,1,2,4,0.742,7,1,0,7,1,4,5,7,1,0.0,3.567,6,5,1.863,0.475,0,0
2.364,2,4,0.0,4,7,3,7,6,0,3,-0.327,0,5,3,2,2,3,6,4.494,5,6,5,7,-0.864,5,1,7,5,4,0,2,4,3,0.0,3.421,7,6,2.745,-0.234,0,0
0.713,4,7,0.0,1,7,2,4,3,1,4,0.039,0,7,2,4,4,6,1,4.214,3,6,4,2,-0.874,2,0,6,0,7,3,4,6,1,0.0,1.561,1,1,1.561,2.089,0,0
2.696,7,5,0.0,2,0,5,4,5,0,7,-1.289,0,5,5,7,7,2,5,0.417,1,3,1,3,-0.125,0,0,3,3,2,6,7,5,7,0.0,3.15,2,7,2.455,4.157,1,0
1.742,7,7,0.0,5,2,7,0,4,0,3,-0.987,0,1,1,5,7,3,3,4.369,5,5,1,6,-2.314,0,0,7,5,6,6,5,4,6,0.0,1.615,2,0,2.398,2.461,3,0
0.889,2,7,0.0,4,2,6,1,0,0,4,0.275,0,1,2,5,3,5,4,2.663,7,7,2,1,-0.635,2,0,1,6,5,2,4,0,1,0.0,2.193,3,4,0.965,1.927,2,0
0.848,4,2,0.0,3,4,3,0,1,0,4,1.665,0,4,0,2,7,4,0,2.387,5,7,1,3,1.492,2,0,0,4,2,1,6,6,2,0.0,-0.239,7,4,0.604,0.952,2,0
1.315,0,0,0.0,1,3,3,2,3,1,7,1.992,0,0,3,5,3,4,3,1.215,3,3,2,7,-0.282,0,1,6,7,3,5,4,1,4,0.0,3.836,5,2,2.735,4.29,7,1
1.801,4,0,0.0,1,3,6,7,6,0,2,-0.629,0,4,1,3,6,6,1,-1.737,1,1,7,5,1.227,2,0,7,3,5,5,0,7,1,0.0,1.853,5,1,1.85,1.271,3,0
1.688,4,2,0.0,6,1,6,2,5,1,0,-0.067,0,1,4,5,0,7,1,1.514,2,6,5,5,0.385,3,0,5,4,5,1,1,6,5,0.0,0.684,2,3,2.099,2.258,5,0
1.518,1,7,0.0,7,5,3,4,6,0,7,-0.704,0,2,2,5,4,7,7,3.449,2,5,1,2,2.327,2,0,5,3,7,4,7,0,3,0.0,2.229,7,1,2.155,2.188,2,0
3.176,4,7,5548.73,4,0,4,0,2,1,5,2.656,1,5,7,3,0,2,7,-2.881,0,3,4,6,0.269,2,1,5,1,4,4,7,3,4,0.0,1.71,1,6,3.159,1.428,0,1
-0.038,7,1,0.0,5,4,3,6,5,0,6,-0.679,0,2,5,2,4,7,4,1.147,5,0,1,2,0.511,5,0,4,1,4,4,7,4,5,0.0,-1.549,5,3,0.147,0.938,3,0
1.67,6,4,0.0,2,4,6,4,1,0,4,-1.006,0,4,2,1,3,0,3,1.137,5,1,2,5,-1.56,5,0,0,2,4,3,3,4,4,0.0,0.975,0,7,1.556,1.128,4,0
3.988,4,7,0.0,7,0,0,7,2,1,7,2.047,1,1,5,4,4,2,2,3.743,0,2,0,5,1.179,0,0,1,6,4,5,7,1,1,0.0,3.709,2,3,3.313,3.631,0,1
3.052,1,6,0.0,3,1,3,5,3,1,7,-1.752,0,0,1,0,7,6,3,5.116,6,5,1,5,0.314,0,0,1,6,1,5,6,4,7,0.0,1.905,5,1,3.399,3.554,4,0
-0.143,2,1,0.0,2,4,3,5,2,0,6,-0.268,0,7,2,0,6,2,7,-0.072,5,4,6,2,0.106,3,0,7,3,6,7,1,7,4,0.0,0.619,2,3,-0.022,-2.626,1,0
0.791,3,5,0.0,5,1,2,4,4,0,2,-0.308,0,1,4,2,5,1,4,-1.5,6,7,7,0,-0.433,7,0,5,1,5,5,6,0,0,0.0,2.446,7,0,0.428,1.345,3,0
5.34,4,7,26619.39,5,4,3,2,3,1,6,0.896,1,5,4,1,4,7,6,7.451,4,2,0,5,1.435,0,1,4,4,0,2,4,5,0,0.0,4.699,6,1,5.096,8.579,5,1
0.693,7,0,0.0,6,5,5,2,5,0,2,-0.494,0,0,1,2,5,3,6,3.384,6,6,2,4,0.757,4,0,6,4,2,2,7,7,7,0.0,-0.785,2,5,0.303,0.288,4,0
1.299,4,6,0.0,3,0,1,2,1,1,0,-1.608,0,4,0,0,6,2,0,3.326,0,1,7,6,-0.842,4,0,5,2,0,6,1,4,1,0.0,1.354,0,3,2.058,1.454,5,0
1.71,0,2,0.0,7,2,4,3,6,0,7,-0.354,0,3,7,1,0,5,7,1.814,7,1,5,7,-0.841,7,0,1,4,5,5,4,3,7,0.0,0.839,7,5,1.018,0.509,6,0
6.355,4,4,24192.15,7,6,3,0,4,1,0,1.765,1,6,5,5,3,0,0,8.895,7,6,6,7,0.446,2,1,0,3,6,1,4,1,2,43.65,6.03,7,0,5.715,4.863,6,1
4.807,1,3,0.0,1,7,0,2,5,1,2,1.319,1,2,2,0,4,3,4,3.044,4,6,7,4,-0.057,3,1,3,6,6,1,1,3,6,49.19,4.051,0,7,4.833,5.897,0,1
2.491,0,0,0.0,1,4,7,0,5,0,6,-0.626,0,7,7,6,6,4,2,3.996,4,1,1,7,0.733,2,0,4,6,7,5,7,3,5,0.0,2.906,4,1,2.522,2.03,2,0
4.095,7,1,17452.96,4,0,5,7,1,1,3,2.943,1,0,5,1,7,0,4,1.787,0,7,5,2,-0.552,4,1,2,4,3,5,1,0,7,0.0,3.774,2,5,3.808,5.477,0,1
3.283,6,1,514.66,5,6,4,3,3,1,1,0.936,1,3,7,1,6,3,1,7.552,7,4,2,7,0.567,2,1,2,6,5,3,3,0,5,0.0,2.926,0,4,3.911,5.292,3,1
2.95,1,6,6812.23,1,5,5,6,7,1,1,1.217,0,7,1,7,0,6,1,7.297,7,4,6,2,-0.951,4,1,3,5,6,7,4,3,7,0.0,4.702,3,4,3.629,5.977,7,1
0.031,6,1,0.0,6,6,1,3,0,0,6,-0.615,0,5,4,7,4,0,0,0.078,3,7,7,2,0.876,4,0,7,5,3,4,6,0,3,0.0,-2.175,2,5,0.114,1.141,5,0
1.348,0,4,0.0,4,5,4,1,7,0,5,-0.201,0,4,3,7,6,7,1,3.273,0,0,2,4,-0.004,4,0,4,0,3,3,6,3,3,0.0,2.66,5,3,1.114,1.35,7,0
2.375,2,2,742.42,1,3,0,1,0,1,0,3.193,0,1,0,0,2,6,3,4.373,4,3,4,3,-0.879,6,1,4,5,7,5,6,3,4,0.0,4.784,5,4,1.921,5.601,4,1
0.96,0,6,0.0,6,2,3,0,4,0,3,1.34,0,3,6,2,1,6,5,-1.744,5,7,7,6,-0.039,3,0,1,0,0,1,3,7,6,0.0,1.86,0,2,0.729,-0.791,5,0
0.498,2,1,0.0,6,2,0,2,0,0,3,-1.318,0,7,1,6,7,4,6,-1.202,5,3,2,2,0.013,5,0,0,7,7,5,1,7,0,0.0,0.626,4,5,0.734,2.453,4,0
2.404,1,6,1445.28,2,5,4,6,1,1,4,2.262,0,0,4,5,4,5,3,3.313,3,4,3,4,0.28,4,1,6,7,0,5,0,1,3,0.0,4.087,3,3,2.949,1.103,5,1
1.556,2,6,0.0,6,5,6,5,3,0,4,-1.639,0,2,6,7,6,7,2,2.432,3,1,5,0,0.585,6,0,6,7,2,3,7,6,4,0.0,-0.063,0,3,1.367,2.917,2,0
0.765,1,1,0.0,4,3,0,2,0,0,4,-0.895,0,3,2,3,3,5,3,-0.797,6,2,3,5,0.156,2,0,6,7,5,0,4,1,1,0.0,1.666,3,0,1.18,3.562,5,0
2.855,6,1,0.0,1,2,7,2,6,0,0,0.285,0,6,6,7,3,0,0,6.854,3,4,1,5,0.666,6,0,3,7,7,0,5,2,5,0.0,-0.139,4,2,2.429,2.876,5,0
2.196,1,0,0.0,3,4,5,7,4,0,2,-0.322,0,4,5,0,1,6,1,1.338,2,7,4,6,-0.127,7,0,6,2,2,7,3,7,0,0.0,2.657,5,7,2.773,3.392,5,0
0.947,4,7,0.0,7,3,4,4,0,0,1,-0.118,0,7,4,5,1,5,0,2.55,7,1,4,0,-0.671,0,0,2,6,2,5,7,3,6,0.0,1.528,5,1,1.449,2.911,6,0
-0.861,1,3,0.0,7,5,0,7,6,0,3,0.318,0,3,0,2,2,6,6,0.142,0,3,4,6,-1.721,6,0,7,3,0,5,6,5,2,0.0,-0.01,2,2,0.082,1.133,7,0
3.322,3,4,0.0,3,4,4,4,5,0,0,-0.107,0,7,1,3,7,3,4,8.237,3,7,6,1,1.585,5,1,3,1,7,2,6,7,4,0.0,3.489,0,4,3.251,4.278,3,0
1.236,3,6,0.0,1,5,3,0,3,0,1,0.052,0,6,4,4,6,5,4,-0.425,0,6,2,1,-0.691,2,0,4,4,7,5,7,2,7,0.0,1.033,7,7,0.753,-2.869,7,0
0.721,0,2,0.0,3,3,2,7,3,0,3,0.233,0,4,4,6,4,1,4,-3.25,0,0,6,5,0.786,1,0,4,0,4,5,2,6,6,0.0,2.129,1,5,0.903,-0.558,6,0
1.284,2,1,0.0,2,7,1,3,3,1,1,-0.713,0,7,6,3,2,5,0,-1.496,4,3,1,2,-0.221,3,0,1,3,7,6,0,4,4,0.0,1.615,6,1,1.217,-0.216,3,0
1.029,5,5,0.0,7,3,2,3,2,0,0,-0.296,0,0,4,2,1,0,4,0.551,7,7,4,7,1.848,0,1,7,3,2,4,3,6,5,0.0,2.546,3,3,1.892,0.981,0,0
2.577,5,5,0.0,2,2,4,6,5,0,2,-2.231,0,0,5,5,6,1,5,2.749,4,2,4,6,-0.024,1,0,3,2,6,3,1,6,5,0.0,3.302,6,3,1.604,2.763,0,0
1.944,1,3,0.0,4,5,7,3,3,0,1,0.978,0,3,4,6,1,2,2,1.314,1,4,2,5,-0.83,3,0,2,3,5,7,3,6,3,0.0,0.699,2,4,2.367,2.52,5,0
6.161,3,5,0.0,7,0,6,5,4,1,4,1.299,1,7,6,6,4,6,5,7.591,0,6,5,3,1.153,0,1,6,0,3,6,0,5,3,0.0,5.994,1,6,6.096,7.857,6,1
1.279,4,4,0.0,2,1,2,1,0,0,1,-0.119,0,5,0,1,5,7,5,2.072,0,1,4,4,0.836,7,0,5,1,1,0,3,4,4,0.0,1.58,4,3,0.702,1.293,7,0
1.266,4,1,8979.45,0,1,5,0,2,1,6,1.242,1,5,6,5,0,6,1,2.319,4,7,4,7,-0.278,0,0,2,5,2,3,5,5,0,12.16,-0.78,7,1,1.872,2.815,0,1
0.46,1,7,0.0,5,2,7,4,2,0,1,1.749,0,6,5,0,6,1,3,3.116,2,5,7,6,0.939,3,0,6,7,4,1,5,3,6,0.0,0.294,3,0,0.761,-1.952,1,0
4.266,0,6,2014.1,3,3,6,6,3,1,1,0.087,1,3,6,2,2,5,6,6.991,0,5,2,5,1.54,1,1,7,2,4,4,5,1,7,0.0,4.906,0,5,4.819,6.592,4,1
0.33,6,0,0.0,6,4,6,4,6,0,2,0.131,0,4,6,3,4,7,4,-1.576,3,2,2,1,1.226,0,0,3,3,4,6,6,5,0,0.0,-0.502,4,7,0.036,1.842,2,0
1.478,5,2,0.0,3,5,6,3,5,0,5,-0.063,0,6,4,3,6,0,0,2.697,0,4,6,1,-0.383,4,0,0,3,6,5,0,4,1,0.0,2.581,1,3,1.678,-0.07,1,0
-0.045,6,0,0.0,3,5,6,4,7,0,3,0.484,0,1,2,4,7,4,0,3.025,7,2,0,1,2.407,6,0,1,1,7,5,4,2,1,0.0,0.886,1,3,1.006,-0.276,5,0
2.252,5,5,0.0,4,0,2,2,5,0,2,-0.15,0,6,2,3,6,0,3,0.803,1,4,7,7,-0.734,5,0,7,1,1,2,7,0,0,0.0,2.039,0,3,1.476,2.935,1,0
2.071,4,0,0.0,0,4,7,7,5,0,5,-0.871,0,1,0,7,5,4,4,1.19,1,3,0,5,-0.253,7,1,0,1,4,0,7,5,4,0.0,4.169,6,7,1.974,1.467,3,0
2.275,2,3,3411.84,7,7,1,2,4,0,2,1.359,1,5,0,5,4,7,0,2.987,5,1,7,1,0.851,7,1,4,2,7,1,4,4,5,0.0,1.053,6,5,2.564,0.947,0,1
0.984,5,6,0.0,0,4,0,4,4,1,1,1.544,0,4,7,5,3,1,4,-0.22,2,1,7,6,0.848,2,0,5,2,4,2,7,2,6,0.0,0.795,0,3,1.816,3.473,1,0
1.302,1,0,0.0,7,7,7,6,2,0,2,-1.312,0,7,4,5,4,7,6,-0.951,2,3,6,5,-1.432,0,0,2,3,4,5,3,3,5,0.0,3.36,6,1,1.985,-1.655,2,0
-0.33,5,6,0.0,6,5,3,7,2,0,1,1.343,0,7,1,1,6,7,6,-2.763,5,2,1,0,0.647,0,0,2,4,5,4,1,2,6,0.0,-0.226,6,3,0.548,-1.144,3,0
1.597,6,2,0.0,6,0,2,1,2,0,5,2.076,0,2,2,2,5,6,3,0.324,0,6,7,4,1.177,1,0,6,1,1,0,4,4,7,0.0,2.145,6,2,1.0,2.828,7,0
1.265,1,1,0.0,5,5,4,0,2,0,3,-0.388,0,0,5,2,0,0,4,-2.722,3,3,3,2,-1.266,0,0,3,0,0,5,7,0,2,0.0,0.71,0,6,-0.132,0.338,5,0
4.58,4,3,36041.85,0,7,0,3,6,1,7,1.507,1,6,1,4,6,3,0,4.272,6,6,3,5,-0.785,0,1,1,3,7,3,6,5,3,0.0,4.716,4,6,3.342,1.254,0,1
0.8,2,4,0.0,1,4,0,6,7,0,6,-0.013,0,0,6,7,5,7,6,-2.002,4,1,2,2,-1.576,4,0,2,2,2,3,1,4,1,0.0,-0.077,4,0,0.445,1.495,7,0
1.937,0,4,0.0,2,7,2,5,7,0,0,-0.041,0,2,1,5,5,0,1,0.426,6,4,7,2,1.694,6,0,5,0,7,4,2,1,0,0.0,-1.285,6,0,1.045,1.347,7,0
1.284,5,5,0.0,7,0,6,7,3,0,6,-0.816,0,1,2,4,2,2,7,3.413,4,5,2,1,-0.02,5,0,0,7,4,0,4,2,1,0.0,-0.647,7,3,1.574,-1.398,6,0
0.974,0,5,0.0,4,7,6,2,7,0,3,-1.067,0,5,2,1,2,3,3,1.793,3,4,7,3,-0.841,4,0,6,7,5,6,3,5,1,0.0,-0.727,6,6,0.72,2.837,2,0
2.847,3,2,0.0,7,3,0,1,4,1,2,-0.706,0,7,3,0,4,0,4,3.986,3,3,7,5,-0.808,0,0,4,1,0,0,1,2,1,0.0,1.801,4,6,2.102,2.635,1,0
1.693,3,4,0.0,3,3,5,1,5,0,3,1.314,0,3,2,3,3,2,6,-1.347,5,2,6,5,0.544,2,0,5,5,2,0,1,4,5,0.0,2.47,7,0,1.319,0.631,3,0
0.883,2,7,0.0,3,2,7,4,7,0,0,1.757,0,1,7,0,2,7,1,5.135,3,5,6,3,1.702,2,0,6,5,4,5,7,5,6,0.0,-0.02,4,0,1.614,2.183,1,0
0.822,5,7,0.0,5,7,7,7,1,0,0,-0.158,0,2,6,7,4,2,3,2.807,5,6,0,1,-0.517,6,0,2,5,3,0,3,2,6,0.0,0.166,1,2,1.067,-0.334,0,0
3.796,3,6,36525.43,7,3,5,0,7,1,6,0.499,1,0,2,5,5,1,6,1.668,7,0,4,6,-1.167,1,0,1,6,6,3,0,7,7,0.0,2.741,2,4,3.02,1.877,2,1
4.151,5,3,6564.64,7,2,7,3,2,1,7,1.369,0,3,0,5,1,6,0,2.74,0,3,7,7,-0.398,6,1,4,6,2,0,2,1,0,0.0,3.652,2,0,3.326,4.167,7,1
1.863,3,7,0.0,2,4,7,5,4,0,1,0.656,0,6,1,3,3,5,1,4.256,2,1,0,2,-0.006,3,0,5,1,5,7,0,2,7,0.0,1.148,0,5,1.149,1.12,2,0
3.235,3,2,24835.51,5,5,1,7,1,1,3,1.572,1,1,4,6,6,0,5,5.846,4,6,4,5,1.095,0,1,4,4,0,0,6,5,7,0.0,2.486,6,2,2.959,3.283,5,1
1.729,0,7,0.0,4,6,2,1,6,0,0,-0.607,0,6,2,0,2,5,6,-2.077,1,6,2,3,1.422,5,0,6,3,7,2,0,6,4,0.0,1.385,0,5,1.279,2.425,2,0
1.62,1,3,0.0,3,4,1,3,7,0,7,-0.28,0,1,4,0,4,3,4,-0.563,0,6,4,4,1.897,2,0,2,1,7,1,3,2,4,0.0,2.51,5,7,1.985,0.451,5,0
2.17,7,7,0.0,3,5,1,5,2,0,5,-0.371,0,5,0,4,0,7,1,3.468,6,4,2,3,0.157,4,0,5,6,4,1,1,6,7,0.0,0.209,0,3,2.11,0.534,7,0
3.932,2,0,27188.69,2,6,3,3,3,1,2,0.595,1,5,3,1,3,2,6,2.0,7,3,0,7,1.565,3,1,0,5,7,0,2,1,6,0.0,3.571,3,4,4.341,2.962,2,1
0.115,5,5,0.0,3,5,2,2,5,0,2,0.186,0,2,3,7,7,7,1,1.771,7,1,3,4,-0.066,4,0,2,3,6,3,2,0,6,0.0,-0.002,1,5,0.779,-0.182,5,0
1.203,0,5,0.0,4,1,4,6,3,0,2,-0.343,0,7,2,6,1,4,7,1.033,0,5,4,6,0.846,1,0,5,5,2,3,2,2,6,0.0,3.339,4,6,0.96,1.262,0,0
1.622,3,0,0.0,5,5,4,2,3,0,3,1.035,0,3,6,2,3,2,5,-1.652,2,6,4,3,1.529,1,0,3,1,1,1,6,4,1,0.0,-0.73,4,5,-0.079,-2.581,6,0
3.366,3,1,1165.2,1,2,7,3,7,1,4,1.572,1,3,1,7,4,2,0,3.911,7,3,1,5,0.69,4,1,2,1,1,0,4,6,2,29.86,2.468,5,7,3.165,2.462,7,1
1.427,4,5,0.0,7,5,6,4,3,0,7,-0.584,0,0,5,6,6,5,6,-1.692,1,2,4,5,-0.072,0,0,2,2,3,7,2,6,3,0.0,2.308,2,6,1.32,1.922,4,0
1.904,7,4,0.0,6,3,0,4,3,0,7,-0.317,0,2,1,0,4,7,4,0.646,5,7,4,4,-0.94,0,0,3,4,6,4,5,0,1,0.0,0.444,2,5,2.03,0.78,5,0
4.789,7,7,831.91,4,5,6,4,4,1,3,0.529,1,3,3,4,2,2,5,8.191,7,2,6,7,1.775,1,1,5,7,4,6,1,2,3,0.0,5.124,3,2,4.145,6.325,7,1
0.362,7,4,0.0,5,2,7,1,6,0,0,-0.109,0,1,0,5,1,4,2,-0.348,5,1,4,7,-2.259,2,0,7,0,5,5,5,6,5,0.0,1.114,3,5,0.233,0.435,1,0
2.668,6,7,0.0,4,1,1,1,4,0,1,-0.865,0,7,3,5,7,1,7,7.06,6,1,0,0,0.807,0,0,4,2,6,5,0,3,1,0.0,1.703,4,6,1.926,0.948,6,0
0.652,4,0,0.0,5,4,7,1,0,0,2,0.953,0,4,7,6,3,7,1,2.919,6,0,2,5,-0.257,6,0,6,6,2,5,4,5,3,0.0,1.762,0,4,0.687,-0.176,6,0
0.048,3,5,0.0,5,2,3,7,6,0,0,0.987,0,1,7,1,4,0,1,-1.448,5,0,3,6,0.197,4,0,7,6,3,7,3,4,4,0.0,0.304,3,3,0.123,3.139,3,0
4.135,6,1,12770.73,0,6,7,6,1,1,5,1.912,1,6,2,3,4,5,7,6.864,0,3,6,3,0.178,2,1,7,1,1,6,0,4,4,0.0,4.064,7,7,4.476,4.368,5,1
3.424,6,1,5908.53,7,3,1,3,4,1,7,0.676,1,7,2,4,2,2,4,5.513,1,2,0,6,-0.729,1,0,6,3,3,1,1,5,5,0.0,3.342,2,3,2.687,2.205,4,1
3.514,7,7,19869.85,1,1,2,0,7,1,7,1.313,1,5,4,6,6,0,1,4.63,5,6,2,0,0.201,6,1,7,7,1,0,1,0,1,58.2,2.586,3,1,3.394,2.57,0,1
1.86,2,3,0.0,7,6,6,3,4,1,7,1.322,0,7,0,7,6,4,4,-1.371,5,5,6,4,0.214,7,0,1,6,5,6,6,2,4,0.0,2.458,4,6,2.018,2.042,0,0
0.794,2,4,0.0,4,0,1,0,4,0,3,-1.674,0,5,4,2,0,7,0,-0.418,3,5,0,3,0.005,6,0,2,2,0,7,4,1,2,0.0,0.834,7,1,0.523,3.205,7,0
0.434,3,2,0.0,3,4,1,6,2,0,4,-0.481,0,0,5,1,6,2,3,5.291,3,4,1,7,0.584,2,0,2,4,2,6,7,1,4,0.0,1.668,7,7,0.434,-0.983,0,0
1.939,7,5,0.0,1,5,0,0,6,0,6,-1.272,0,3,6,0,5,5,2,1.126,2,0,1,6,-0.765,2,0,1,1,7,5,7,6,1,0.0,0.781,3,3,1.743,0.846,1,0
3.363,6,1,0.0,5,7,3,6,3,1,6,1.232,0,1,2,5,6,7,2,4.17,4,7,4,7,1.525,2,1,7,1,0,0,0,3,6,0.0,3.199,5,4,3.483,3.339,5,1
1.709,7,1,0.0,4,7,7,1,1,0,5,-0.707,0,7,2,5,2,5,5,-0.105,2,0,4,3,-2.113,4,0,5,7,0,1,5,5,6,0.0,2.358,5,0,1.226,-0.156,6,0
1.266,7,4,0.0,1,4,7,2,0,1,2,0.02,0,3,4,2,4,4,4,2.623,3,2,1,3,1.055,5,0,6,3,2,6,1,3,1,0.0,1.764,1,5,1.456,2.755,2,0
1.465,2,5,0.0,7,2,6,2,5,0,6,0.57,0,5,4,7,5,4,3,5.084,6,6,5,2,-0.018,2,0,2,3,0,2,0,0,0,0.0,0.495,7,6,1.003,-0.966,0,0
0.263,7,4,0.0,6,1,4,2,5,0,4,0.224,0,0,0,0,3,3,0,0.38,1,0,1,2,1.259,2,0,4,0,3,6,3,0,4,0.0,1.764,3,0,0.716,-2.439,3,0
2.085,5,4,0.0,7,5,7,1,0,0,3,0.845,0,2,5,4,5,4,7,-1.016,2,1,4,0,0.973,0,0,4,5,7,5,1,6,2,0.0,3.561,3,0,1.893,1.202,1,0
0.496,2,3,0.0,3,7,6,3,1,0,3,1.45,0,6,3,7,4,0,0,5.646,2,3,5,1,1.321,4,0,0,4,4,1,6,6,1,0.0,2.568,3,5,1.34,2.651,3,0
6.195,7,4,0.0,0,1,5,0,4,1,3,1.906,1,4,0,7,2,4,4,4.824,5,5,5,7,0.185,3,1,1,3,2,4,0,5,2,0.0,5.38,5,4,5.891,7.692,1,1
1.828,7,3,0.0,6,1,0,2,3,1,7,1.74,0,1,7,7,7,5,1,6.698,3,6,5,2,0.307,2,0,0,7,0,1,1,0,5,0.0,3.41,2,3,2.354,2.883,2,0
2.028,6,5,0.0,1,1,2,1,1,1,7,-0.142,0,4,3,1,4,0,2,2.035,7,7,6,3,-0.221,1,0,7,4,4,1,5,3,4,0.0,1.875,5,2,1.827,2.158,1,0
1.99,3,3,0.0,3,7,5,4,3,1,6,-0.662,0,4,3,2,1,3,5,1.839,5,5,1,2,-0.064,5,0,2,2,7,5,4,1,2,0.0,2.32,4,7,2.137,3.169,5,0
0.087,6,7,0.0,0,1,2,6,4,0,6,-2.723,0,5,7,6,6,2,5,-2.212,3,6,5,2,0.198,0,0,2,6,4,5,7,1,0,0.0,0.609,4,4,-0.017,0.424,7,0
1.526,6,0,0.0,7,1,3,5,3,0,2,-1.234,0,5,2,3,6,7,2,-2.8,2,3,3,3,-1.068,0,0,0,2,3,2,6,7,7,0.0,1.807,3,0,0.377,0.469,0,0
3.495,5,6,25399.36,1,0,2,1,0,1,6,1.165,1,3,2,2,1,2,2,3.208,7,7,0,1,0.178,1,1,6,6,0,0,5,0,2,49.35,4.354,0,1,3.957,2.419,6,1
0.487,5,7,0.0,5,2,6,4,2,0,4,0.226,0,2,1,7,3,0,1,1.21,5,4,0,4,2.45,7,0,0,6,2,5,0,5,4,0.0,-0.282,0,0,1.35,0.488,3,0
-0.351,1,3,0.0,0,3,3,5,4,0,5,0.77,0,5,5,4,2,4,3,2.176,4,5,7,0,0.236,4,0,2,2,1,6,0,7,2,0.0,0.783,0,5,0.368,-1.553,6,0
0.38,2,0,0.0,5,3,3,3,7,0,3,-0.855,0,2,0,6,5,6,5,0.213,1,2,6,5,1.49,7,0,6,5,7,6,3,7,0,0.0,0.44,0,0,0.795,-0.695,4,0
0.837,3,4,0.0,4,7,7,1,6,0,7,1.567,0,4,0,0,3,4,1,4.184,4,7,7,4,0.592,7,0,5,1,6,3,7,2,0,0.0,1.257,7,0,0.927,0.723,6,0
1.582,4,7,0.0,1,2,3,7,5,1,7,-1.384,0,6,2,1,6,6,7,2.529,3,5,4,2,-0.758,3,0,7,7,0,2,1,5,1,0.0,3.034,2,2,1.876,4.579,5,0
1.561,6,0,0.0,7,3,7,5,6,0,1,0.91,0,1,1,4,5,1,1,0.496,6,5,7,0,-1.015,3,0,3,6,6,5,0,5,2,0.0,0.367,4,4,1.404,2.168,5,0
0.003,7,1,0.0,3,2,0,7,2,0,3,0.644,0,6,0,7,2,2,5,1.123,5,3,0,1,-0.281,6,0,2,3,1,5,7,7,0,0.0,-0.317,7,7,0.077,-1.404,3,0
0.733,1,4,0.0,0,7,2,3,3,0,0,-1.709,0,2,4,2,0,4,4,1.148,1,3,0,1,0.676,0,0,6,7,1,5,7,5,6,0.0,1.243,2,1,0.145,1.415,5,0
-0.112,4,1,0.0,5,3,4,1,4,0,7,0.386,0,3,2,7,4,3,3,-2.609,2,1,2,1,-0.336,1,0,5,7,6,5,5,0,5,0.0,1.446,2,4,0.148,-0.735,5,0
1.219,3,6,0.0,3,4,7,1,0,0,6,-0.33,0,7,4,3,2,3,2,-1.243,4,6,7,1,-1.255,4,0,5,1,6,4,1,6,7,0.0,2.48,0,2,1.533,0.525,7,0
5.679,0,3,23626.28,4,4,5,1,0,1,4,2.457,1,4,2,7,2,6,3,8.73,0,7,3,4,-0.823,0,1,7,7,6,0,3,5,7,0.0,5.465,0,3,6.447,7.429,7,1
3.806,3,5,0.0,5,6,3,3,2,1,5,0.693,1,3,5,4,1,3,1,6.502,7,0,1,5,0.592,6,1,1,4,6,2,6,3,5,0.0,2.712,3,6,3.418,1.255,7,1
2.085,3,1,0.0,0,0,0,2,5,0,2,0.515,0,1,4,5,4,4,0,0.641,1,4,1,0,1.837,3,0,5,0,5,5,3,2,0,0.0,2.366,5,0,1.129,3.117,0,0
2.514,5,4,0.0,1,1,7,0,6,0,3,0.096,1,1,7,4,5,2,2,0.254,2,2,0,6,0.33,4,0,4,3,5,6,6,4,7,0.0,0.344,4,6,1.884,1.644,5,0
-0.036,7,2,0.0,6,7,1,0,5,0,6,0.274,0,3,5,3,0,0,4,0.39,6,1,3,2,0.236,7,0,4,0,2,5,0,3,2,0.0,0.592,1,6,0.976,-1.174,5,0
1.136,5,6,0.0,7,0,0,7,0,0,2,-0.417,0,4,3,7,2,3,3,-0.171,3,1,5,2,1.113,2,0,3,2,5,7,2,3,3,0.0,0.092,3,6,1.083,0.889,1,0
0.955,7,0,0.0,4,6,4,1,5,0,3,0.121,0,5,4,7,1,5,7,-0.464,0,7,3,5,0.383,1,0,7,3,0,6,5,4,7,0.0,1.038,3,2,1.148,2.446,1,0
5.756,7,5,2062.03,2,0,4,7,3,1,2,1.152,1,2,6,1,4,0,6,5.318,2,2,2,6,0.753,4,1,3,4,4,6,6,7,4,14.02,4.272,2,5,5.593,6.189,5,1
6.113,7,4,24351.51,5,6,1,3,4,1,2,3.296,1,0,0,5,5,2,2,5.466,4,1,7,1,-0.409,3,1,4,2,1,4,0,3,1,0.0,6.354,7,6,6.364,4.99,5,1
8.476,0,7,14093.95,6,0,2,0,6,1,0,1.54,1,4,0,3,6,4,2,7.183,7,6,1,5,-0.939,1,1,1,5,3,2,3,2,3,11.09,9.568,2,4,8.157,8.405,2,1
1.157,4,5,0.0,2,0,5,5,7,0,6,-0.39,0,1,6,5,0,7,1,3.62,0,2,6,6,1.457,2,0,5,1,1,7,4,7,4,0.0,0.277,1,7,0.905,3.209,3,0
3.126,5,5,0.0,3,4,4,5,1,1,5,-2.024,0,0,2,2,6,4,1,2.39,1,1,3,7,-0.949,2,0,2,6,3,6,0,0,3,0.0,4.036,4,4,3.435,5.518,5,0
1.153,5,7,0.0,2,5,4,1,2,0,5,1.327,0,5,5,2,5,2,6,2.151,0,3,6,0,1.493,7,0,7,3,3,7,4,0,1,0.0,1.387,4,0,1.344,1.204,4,0
3.585,1,2,0.0,4,6,0,7,7,1,0,0.786,1,7,1,0,2,6,7,6.896,7,2,0,0,1.432,6,1,3,2,5,3,2,4,2,0.0,4.174,1,0,4.004,6.658,1,1
0.349,6,7,0.0,4,5,6,1,3,0,7,0.02,0,4,2,3,3,7,3,-0.782,4,6,0,7,-0.021,2,0,6,6,4,0,0,6,1,0.0,3.042,1,5,1.639,1.985,1,0
0.943,7,4,0.0,0,0,1,0,1,0,4,-0.219,0,2,6,0,1,1,5,2.153,0,0,2,7,-1.746,2,0,7,7,5,2,0,2,1,0.0,1.057,7,1,2.241,1.61,6,0
3.246,3,2,0.0,1,5,2,2,0,0,7,3.038,1,7,1,1,6,6,5,-1.128,5,2,0,0,0.866,5,1,6,6,7,5,6,3,4,0.0,2.743,1,1,2.502,5.474,2,1
3.151,7,7,0.0,0,5,5,3,5,0,7,-1.235,0,5,7,1,4,6,0,0.545,0,0,2,5,1.021,6,0,0,4,7,6,5,1,7,0.0,0.442,2,3,1.911,1.422,3,0
4.717,2,6,0.0,5,3,7,4,6,1,2,2.336,1,2,1,3,0,5,2,4.333,0,6,1,7,1.181,4,1,4,4,7,7,3,1,0,41.78,6.599,0,7,6.269,7.6,2,1
4.916,2,4,6901.49,1,3,1,0,2,1,3,0.983,1,0,3,2,0,5,5,4.188,4,2,2,5,-0.163,0,1,0,3,5,4,6,4,1,0.0,2.317,7,5,3.857,4.174,3,1
4.662,3,2,0.0,3,0,7,0,2,1,7,2.246,1,5,6,3,1,4,7,2.678,2,6,4,6,-0.869,4,1,2,4,4,4,1,0,3,0.0,5.629,2,7,4.353,2.506,3,1
4.536,3,0,36477.67,6,3,3,0,3,1,4,0.857,1,4,0,6,0,3,5,2.081,3,7,1,3,0.742,0,1,2,3,1,5,3,7,4,0.0,4.31,2,4,4.706,4.31,4,1
0.731,0,2,0.0,5,4,3,4,2,0,4,-0.092,0,6,0,3,2,4,1,2.813,7,1,1,0,-0.999,2,0,1,1,0,2,3,0,1,0.0,0.187,4,4,0.849,0.352,5,0
3.846,1,1,41049.36,4,3,0,5,3,1,7,1.124,0,5,0,3,5,0,1,1.68,3,2,4,4,2.675,4,1,3,6,2,1,3,5,5,0.0,2.959,7,6,2.959,2.728,1,1
3.002,6,0,10651.22,5,0,6,4,3,1,2,1.601,1,6,0,4,7,0,5,3.251,2,0,3,4,2.031,2,1,6,1,4,4,0,2,0,0.0,1.678,0,2,3.658,0.51,5,1
3.153,3,5,0.0,0,6,6,4,1,0,1,-0.986,0,0,0,2,1,5,2,3.482,5,0,3,2,0.113,1,0,3,6,5,5,5,1,0,0.0,2.101,6,5,2.289,2.109,5,0
3.671,3,2,6441.67,3,5,3,3,4,1,6,1.572,1,3,0,6,7,6,0,6.127,1,4,4,0,0.732,3,1,7,2,4,3,1,4,6,19.8,2.783,6,2,2.402,5.209,7,1
1.852,4,5,0.0,4,4,6,1,4,0,7,0.258,0,1,6,4,2,4,1,5.525,1,4,6,1,-0.52,2,0,7,3,0,6,3,2,7,0.0,2.427,2,1,1.009,3.311,0,0
1.541,1,6,0.0,3,5,2,1,1,0,2,-0.544,0,6,6,2,0,1,2,2.593,4,7,7,2,-1.188,1,0,7,3,1,0,2,5,4,0.0,2.319,5,2,1.5,2.117,2,0
0.639,0,0,0.0,2,7,1,6,4,0,0,0.196,0,7,4,3,3,7,0,3.127,0,5,4,6,-0.777,6,0,7,6,7,7,2,6,6,0.0,1.442,1,3,1.428,1.271,2,0
4.158,4,7,3724.89,2,5,7,5,3,1,5,1.179,1,2,6,4,4,6,3,1.622,5,7,3,7,0.99,4,1,2,4,7,1,3,3,1,0.0,4.453,1,3,4.251,3.739,6,1
2.366,5,2,0.0,4,7,4,3,0,0,4,-1.332,0,6,4,7,6,1,4,8.043,5,3,6,4,-0.733,7,1,6,3,4,1,4,3,6,0.0,1.647,3,7,1.945,4.451,3,0
2.406,4,2,0.0,0,1,0,2,3,0,1,0.533,0,7,7,7,0,4,1,1.866,1,6,6,2,-0.258,2,0,5,0,0,0,3,4,3,0.0,0.881,7,0,1.979,2.027,4,0
0.852,2,0,0.0,5,1,0,5,3,0,4,-0.294,0,5,6,7,2,4,1,0.05,1,2,1,4,0.28,3,0,0,3,0,4,7,5,5,0.0,2.494,6,0,1.581,1.013,7,0
0.81,5,3,0.0,5,1,3,0,2,0,6,-0.59,0,1,3,6,6,0,5,-1.36,6,0,7,7,-0.32,4,0,5,5,0,6,3,7,7,0.0,0.215,5,1,1.264,-0.671,7,0
2.882,1,3,0.0,5,4,1,2,0,0,1,1.938,0,3,6,0,6,1,2,3.758,4,1,1,2,0.853,7,1,0,1,0,6,4,5,5,0.0,2.264,2,5,3.152,5.574,1,0
1.636,4,2,0.0,7,2,5,6,6,0,2,1.47,0,1,7,6,3,5,0,6.761,7,0,2,2,-0.163,1,0,7,5,0,2,3,4,6,0.0,4.489,1,1,1.59,3.177,5,0
1.836,1,0,0.0,5,1,6,1,0,0,6,0.165,0,5,4,3,1,3,2,3.947,1,0,2,0,1.074,1,0,5,4,2,3,4,1,7,0.0,1.181,0,0,1.932,2.948,7,0
0.734,3,6,0.0,0,2,7,7,5,0,0,0.482,0,6,3,7,6,7,6,-1.828,1,0,3,4,0.337,1,0,5,2,7,2,5,4,3,0.0,2.922,1,1,0.554,1.419,6,0
1.443,2,6,0.0,2,6,4,3,3,1,0,-1.589,0,0,3,0,2,5,0,-0.348,1,3,6,7,-0.092,5,0,4,4,4,6,1,4,3,0.0,2.3,2,7,1.962,2.038,3,0
2.351,2,0,0.0,0,4,6,2,0,0,5,0.479,0,1,1,1,5,6,0,0.842,6,6,6,6,0.183,0,0,4,1,1,1,6,0,6,0.0,0.863,4,0,1.518,5.254,0,0
6.817,2,3,0.0,5,4,0,0,5,1,1,1.839,1,3,6,7,6,0,2,7.503,2,4,6,0,-0.068,1,1,6,1,2,7,1,6,7,21.65,5.835,1,5,6.722,6.379,1,1
3.1,3,7,27732.15,2,6,4,2,6,1,1,0.226,0,5,5,4,4,3,7,0.86,3,2,5,0,-0.357,4,1,0,1,2,7,1,5,7,45.52,5.955,7,6,3.111,4.186,6,1
-0.279,3,7,0.0,2,6,6,6,6,0,6,1.474,0,7,2,2,4,2,2,1.217,4,6,4,0,-0.569,5,0,4,0,6,7,6,5,0,0.0,0.671,7,7,0.388,-3.136,4,0
2.195,2,7,0.0,3,4,6,0,4,0,3,0.517,0,0,0,7,4,6,6,1.576,0,3,5,7,-1.149,4,0,4,1,7,3,7,5,7,0.0,0.82,3,4,1.743,2.891,0,0
1.229,3,2,0.0,2,7,6,5,7,0,2,0.315,0,0,6,2,5,3,7,3.522,1,1,5,7,-0.441,1,0,7,5,1,2,2,2,7,0.0,0.686,7,2,1.027,0.622,5,0
2.938,2,4,0.0,0,1,0,5,5,1,2,-0.271,0,0,3,7,4,6,0,1.917,2,0,1,5,-0.055,1,0,7,7,1,6,0,6,6,0.0,4.113,1,1,2.668,3.195,0,0
2.224,0,0,34346.59,6,1,2,2,4,1,6,0.715,0,5,6,6,0,2,7,2.084,2,1,1,0,0.202,2,1,2,7,7,0,7,7,7,0.0,2.228,2,6,3.023,3.458,4,1
1.074,4,7,0.0,2,5,5,1,1,0,7,-1.295,0,3,7,1,2,3,1,4.47,7,0,6,2,1.313,1,0,0,7,7,1,2,0,5,0.0,-0.626,5,4,0.477,0.881,5,0
1.043,2,5,0.0,2,1,4,3,7,0,5,-0.575,0,2,5,0,4,7,5,-2.55,4,6,7,4,1.772,3,0,3,5,7,6,5,4,5,0.0,0.141,3,4,1.567,0.586,1,0
0.852,4,0,0.0,7,0,4,0,3,0,1,-2.215,0,6,4,7,7,6,6,1.225,2,4,4,1,0.094,1,0,3,3,3,7,0,0,7,0.0,2.326,3,0,0.129,-0.025,1,0
1.835,6,3,0.0,4,6,0,0,6,0,5,0.688,0,2,0,6,2,0,7,1.797,2,5,7,3,1.199,4,0,7,6,5,1,5,5,0,0.0,2.142,0,0,1.42,-0.877,5,0
2.837,1,6,0.0,7,1,4,5,3,0,5,0.707,0,3,0,3,5,2,4,2.327,0,5,3,5,-3.414,0,1,6,0,4,1,5,7,6,0.0,2.071,0,5,2.863,0.748,5,0
3.216,3,4,0.0,5,3,5,6,5,0,6,1.862,0,4,4,5,5,7,3,1.732,1,7,3,2,-0.52,3,0,5,3,5,6,1,7,0,0.0,4.098,3,5,2.794,2.173,4,0
3.642,7,3,35588.99,2,6,5,6,5,1,0,1.065,1,7,4,5,3,2,7,0.313,1,5,0,4,0.496,6,1,4,4,3,5,0,7,0,0.0,4.627,5,6,4.033,4.752,7,1
1.15,2,7,0.0,5,2,2,3,3,0,5,-0.954,0,2,1,4,1,0,6,-0.796,6,3,1,3,-1.701,6,0,0,5,0,0,4,5,0,0.0,0.135,5,2,2.23,2.071,7,0
2.643,7,3,30652.9,5,6,0,1,1,1,7,3.033,0,1,7,5,4,5,1,2.579,4,4,5,5,2.205,1,1,1,1,5,2,2,7,6,29.25,2.671,3,5,2.562,3.435,4,1
3.121,5,6,37201.84,1,5,4,3,3,1,1,0.11,0,0,1,6,3,3,4,6.374,2,7,3,2,0.257,4,1,5,7,3,1,7,1,4,0.0,2.238,7,0,3.054,2.926,3,1
0.895,1,1,0.0,4,4,3,0,5,0,2,1.352,0,1,2,3,1,2,5,-2.909,6,2,5,0,0.732,4,0,3,1,3,7,2,2,2,0.0,0.289,1,4,0.969,2.407,5,0
3.013,4,0,0.0,1,6,2,1,7,1,3,-1.391,0,5,6,7,6,1,5,3.829,0,4,2,6,-0.707,1,0,1,6,7,6,7,1,1,0.0,1.381,0,6,1.922,2.307,3,0
2.061,1,3,0.0,4,7,4,0,0,0,0,0.272,0,0,5,2,4,7,6,-2.177,6,4,2,4,0.896,2,0,4,7,6,4,3,1,0,0.0,0.998,2,0,2.047,2.39,5,0
1.381,6,6,0.0,4,3,4,2,4,1,3,-0.632,0,7,1,7,2,1,0,2.184,6,3,3,4,2.707,3,0,1,6,3,7,7,3,7,0.0,1.259,2,2,1.675,3.669,4,0
0.878,6,5,0.0,1,0,3,7,3,0,0,0.491,0,6,4,4,5,0,0,-1.837,7,7,7,0,-1.393,7,0,3,5,5,1,6,7,5,0.0,0.132,6,4,0.676,-0.66,3,0
2.455,6,0,0.0,2,5,4,6,7,0,1,2.006,0,6,2,0,1,6,6,2.001,3,6,4,5,-0.795,6,0,3,7,6,3,7,6,5,0.0,1.275,1,4,1.562,-0.428,6,0
4.437,7,3,15861.47,0,5,5,1,3,1,7,1.147,1,7,1,6,7,1,4,0.395,5,2,7,7,0.857,6,1,5,6,1,0,6,6,0,0.0,3.004,4,4,3.933,3.073,7,1
2.529,7,6,29045.3,1,1,4,6,3,1,2,1.278,1,3,0,0,2,5,2,2.602,3,5,3,3,0.648,4,1,4,3,1,1,1,4,3,0.0,1.573,6,3,2.767,3.24,6,1
0.952,0,2,0.0,6,0,7,7,5,0,2,-0.563,0,4,3,5,2,4,0,2.955,5,7,5,6,-0.809,1,0,4,7,1,7,3,4,5,0.0,1.752,6,3,1.529,0.118,0,0
0.562,1,3,0.0,3,2,2,2,4,1,5,0.286,0,6,4,1,3,4,1,-0.336,2,3,5,3,0.085,4,0,2,5,4,5,6,7,6,0.0,1.689,6,3,1.443,0.202,3,0
0.492,3,3,0.0,3,2,6,5,7,0,3,-0.948,0,7,6,4,5,0,3,2.173,1,1,2,7,-0.995,0,0,5,1,4,1,1,0,7,0.0,0.865,3,4,1.382,-0.81,4,0
2.224,6,2,0.0,3,7,5,3,7,1,6,0.671,0,1,7,7,5,4,4,1.591,5,2,2,0,1.067,4,0,1,0,3,2,1,6,2,0.0,2.207,7,7,2.009,1.818,1,0
1.155,6,0,0.0,0,4,0,7,5,0,6,-0.259,0,7,1,5,5,5,3,-0.951,6,0,1,2,1.289,0,0,1,4,1,1,6,0,1,0.0,1.345,1,2,0.704,0.718,3,0
0.884,6,5,0.0,7,5,2,4,5,0,4,-0.18,0,0,1,3,0,3,7,2.061,0,3,3,3,0.444,1,0,0,2,7,7,4,4,3,0.0,0.382,4,0,0.495,1.996,0,0
3.594,4,4,19048.02,1,0,4,5,0,1,5,1.855,1,2,2,0,5,1,0,5.311,0,1,7,0,0.221,7,1,4,3,7,3,4,2,0,0.0,2.901,5,7,4.417,3.67,1,1
2.34,5,7,0.0,1,5,3,1,1,0,7,1.551,0,6,0,0,7,1,3,1.637,1,1,2,7,0.201,1,0,5,0,5,2,7,3,2,0.0,2.634,2,2,2.012,0.795,4,0
1.215,6,6,0.0,2,2,0,5,7,0,3,-2.175,0,2,4,6,6,6,4,1.196,1,2,4,7,-1.132,0,0,7,5,6,4,3,2,6,0.0,2.127,1,2,1.599,2.446,5,0
3.056,5,5,32568.96,0,6,6,6,2,1,2,-0.586,1,2,1,6,5,3,1,2.089,6,4,7,0,1.815,7,1,3,7,6,5,0,0,3,29.1,2.323,7,5,3.306,5.166,0,1
4.239,5,7,38074.42,5,1,1,2,7,1,2,0.909,1,1,1,6,2,2,5,2.441,6,6,0,4,1.608,3,1,2,2,0,7,1,6,4,55.69,4.164,7,4,4.238,3.759,3,1
1.979,3,7,0.0,0,7,2,7,2,1,0,-0.59,0,5,0,7,5,0,0,3.275,1,4,7,7,-0.094,1,0,2,0,3,7,6,7,7,0.0,0.478,4,6,2.12,2.755,2,0
1.958,3,1,0.0,6,2,3,2,3,0,7,0.283,0,0,2,2,1,3,3,-0.489,4,3,2,1,-0.412,4,0,3,2,2,4,6,4,6,0.0,2.696,0,5,0.251,0.424,6,0
0.556,4,3,0.0,4,1,2,6,6,0,7,2.702,0,2,3,7,7,7,1,-0.754,7,3,6,7,-1.945,5,0,4,6,2,0,2,7,1,0.0,-1.075,0,7,-0.221,0.593,7,0
0.529,1,0,0.0,0,5,4,5,7,0,5,-1.527,0,2,0,2,0,5,2,-0.767,3,5,7,5,0.676,7,0,1,5,1,6,5,7,1,0.0,-0.16,4,0,0.208,-1.709,5,0
2.038,7,0,0.0,1,6,7,7,2,0,1,-0.165,0,4,5,2,1,4,1,-0.35,3,2,3,2,-1.493,4,0,0,6,0,3,0,4,0,0.0,2.77,0,0,1.321,-2.017,3,0
6.693,6,7,12906.51,5,2,1,2,7,1,3,0.471,1,0,7,3,4,6,3,6.43,1,1,2,7,0.602,5,1,7,5,7,6,5,0,3,0.0,6.962,3,5,6.714,7.833,6,1
0.572,1,2,0.0,6,2,3,2,5,0,0,-0.47,0,5,5,3,1,2,7,-1.758,3,7,0,5,-0.181,2,0,7,4,0,3,0,7,2,0.0,0.611,4,2,1.085,2.032,7,0
1.703,3,4,0.0,4,1,3,1,7,0,7,-0.15,0,3,7,6,6,0,5,7.545,5,4,2,5,-0.614,6,0,2,1,6,2,2,3,3,0.0,2.035,0,6,2.18,0.146,4,0
5.878,4,5,30972.86,2,7,7,5,2,1,0,2.121,1,7,2,0,5,6,6,4.171,2,0,2,4,1.03,6,1,3,4,7,1,4,1,4,0.0,5.732,1,3,5.48,6.157,2,1
1.47,3,0,0.0,3,2,7,6,5,0,0,1.02,0,2,0,0,4,5,3,-1.054,5,0,0,7,-0.388,5,1,4,5,0,0,0,1,2,0.0,2.896,5,3,2.221,-1.01,6,0
0.627,7,0,0.0,0,1,5,1,1,0,4,-1.89,0,1,7,7,6,4,6,-1.507,5,0,5,6,0.802,5,0,7,4,3,2,1,7,6,0.0,0.897,6,7,0.573,3.406,7,0
2.051,4,4,0.0,3,5,4,1,5,0,6,-0.481,0,0,6,6,1,3,6,4.873,5,4,6,3,-1.058,5,0,5,7,3,6,5,7,3,0.0,1.485,6,7,1.821,1.813,7,0
1.458,2,5,0.0,0,7,6,1,5,0,3,2.283,0,6,2,7,0,7,2,-0.235,1,7,5,6,-0.886,1,0,6,4,4,6,4,1,2,0.0,-0.637,0,3,1.434,0.259,4,0
3.634,4,7,0.0,3,7,0,6,0,1,5,1.761,0,2,1,0,4,1,1,6.784,6,6,1,4,0.366,6,1,0,5,2,0,5,2,3,0.0,1.653,6,2,3.536,3.496,1,1
0.18,1,6,0.0,4,6,6,3,3,0,4,0.747,0,2,1,6,0,5,3,0.387,1,4,7,2,-0.421,6,0,7,2,2,4,1,0,2,0.0,0.895,5,5,0.854,2.132,2,0
1.064,4,5,0.0,7,5,3,5,7,1,0,0.008,0,5,0,7,2,3,6,0.772,4,4,1,3,-0.964,4,0,4,7,6,6,5,0,0,0.0,2.472,5,5,0.81,2.327,5,0
1.005,1,2,0.0,4,0,1,5,3,0,7,-0.409,0,3,3,4,7,7,2,-0.597,6,0,2,5,-1.41,6,0,5,2,0,0,5,2,5,0.0,-0.992,2,0,0.357,0.404,7,0
0.387,4,2,0.0,2,7,7,6,1,0,4,-2.288,0,4,4,2,3,5,1,1.926,5,3,4,1,1.289,6,0,7,2,5,3,3,2,7,0.0,0.643,5,7,0.016,2.683,0,0
3.697,0,1,35892.15,4,5,7,1,4,1,6,1.361,1,4,3,4,5,7,0,6.667,3,2,6,2,1.206,6,1,2,3,7,1,3,7,2,16.91,3.391,6,5,3.707,2.422,2,1
0.821,4,5,0.0,7,7,3,5,0,0,2,-1.308,0,3,2,4,6,5,6,-2.247,1,2,2,6,-0.003,1,0,7,3,1,1,4,4,7,0.0,1.602,7,5,0.978,0.55,0,0
1.875,7,4,0.0,5,7,3,1,5,0,7,-1.59,0,0,3,4,4,3,0,7.815,7,6,6,0,-0.949,3,0,2,0,3,3,4,6,2,0.0,1.609,4,2,1.539,0.746,4,0
2.553,2,0,1301.85,7,3,2,7,6,1,0,1.852,1,3,7,1,6,3,5,4.875,2,1,2,2,0.82,3,1,6,0,3,1,3,7,4,0.0,2.746,5,6,3.066,1.043,6,1
1.197,4,6,0.0,6,5,3,2,1,0,3,0.419,0,1,1,5,1,3,1,2.857,3,2,1,6,1.107,0,0,6,6,4,7,0,4,0,0.0,1.704,2,4,2.102,2.311,1,0
1.283,3,7,0.0,4,4,6,6,4,0,7,-1.172,0,2,5,2,2,6,7,0.608,0,6,0,0,-0.696,2,0,3,0,5,3,2,4,6,0.0,1.093,2,1,0.689,1.365,2,0
-0.409,2,6,0.0,3,3,6,5,2,0,2,-0.703,0,1,5,3,5,0,2,2.331,3,2,5,4,0.645,4,0,7,6,2,1,6,5,0,0.0,1.765,1,6,0.821,-1.286,1,0
0.272,6,7,0.0,4,2,0,1,7,0,6,-1.229,0,6,4,4,0,4,0,0.237,3,4,4,5,0.119,4,0,3,4,6,6,2,3,6,0.0,-0.86,5,5,1.822,0.868,6,0
1.45,3,2,0.0,2,3,2,2,5,0,5,-0.006,0,6,7,3,3,1,4,3.468,1,6,2,3,0.628,2,1,7,5,1,7,2,6,0,0.0,2.195,0,4,1.399,3.609,7,0
3.645,2,2,34100.75,6,1,6,4,1,1,3,-0.422,1,6,3,6,3,1,6,6.855,0,1,7,2,1.377,5,1,7,2,0,3,5,6,6,0.0,3.629,0,2,4.302,6.439,2,1
1.505,2,5,0.0,2,3,4,1,2,0,3,1.74,0,0,4,0,1,6,5,1.189,2,0,2,7,-0.87,0,0,1,3,7,6,3,1,2,0.0,3.856,1,1,2.442,3.562,6,0
0.951,0,5,0.0,1,7,3,2,7,0,3,1.484,0,0,6,3,5,2,0,1.75,1,4,3,1,0.415,7,0,1,3,6,1,3,7,0,0.0,-0.355,0,4,1.121,-1.909,6,0
3.962,1,4,19439.73,3,5,3,4,1,1,4,0.84,1,3,5,7,2,6,2,2.939,6,3,1,5,-0.573,2,1,2,4,6,4,0,2,0,28.86,5.058,3,7,4.157,2.802,3,1
0.825,4,7,0.0,3,0,3,1,5,0,4,-0.98,0,2,2,3,6,2,0,0.666,1,4,1,2,0.904,7,0,6,4,0,3,7,1,0,0.0,1.112,0,6,0.378,-0.948,2,0
1.529,2,1,0.0,6,7,5,4,1,0,7,-0.066,0,1,6,2,1,5,0,0.76,6,5,0,1,-0.475,4,0,5,0,6,1,7,1,6,0.0,1.617,4,4,0.906,1.722,4,0
3.738,5,2,21201.51,6,1,4,1,6,1,2,-0.04,1,4,3,0,1,6,3,1.895,0,4,7,3,-0.521,4,1,2,0,3,3,6,0,7,0.0,4.957,7,3,4.034,6.118,2,1
6.725,6,1,23494.39,7,6,6,0,3,1,0,0.465,1,7,5,5,1,3,2,4.166,3,5,0,7,-2.217,4,1,7,2,4,1,5,4,6,0.0,6.544,7,1,6.118,6.424,0,1
1.079,7,4,0.0,2,4,0,2,7,0,5,1.504,0,1,0,0,3,6,6,7.646,2,2,2,6,0.084,5,0,2,2,6,0,5,7,4,0.0,0.898,7,2,1.126,1.725,5,0
1.019,0,0,0.0,1,1,7,1,3,0,7,1.505,0,4,1,2,2,6,2,2.01,7,5,0,2,1.573,2,0,6,7,5,6,0,7,1,0.0,-0.689,0,2,0.571,-0.089,7,0
1.49,6,3,0.0,5,0,7,5,1,0,2,0.351,0,1,1,5,6,1,7,2.688,5,3,3,6,-1.095,3,0,3,7,2,6,7,4,4,0.0,2.383,0,0,2.209,2.49,4,0
0.978,7,7,0.0,2,5,4,4,1,0,4,0.063,0,1,7,1,1,5,2,-0.175,6,5,6,7,-2.03,1,0,4,0,6,0,3,3,1,0.0,0.149,5,1,0.842,5.01,4,0
3.168,4,1,14345.65,5,5,2,0,0,1,3,0.333,1,0,6,2,5,3,5,1.003,1,0,6,7,-0.726,1,1,0,1,0,7,2,0,1,0.0,2.83,6,3,2.92,1.9,1,1
3.689,0,4,28807.77,2,5,7,1,7,1,0,1.87,0,1,6,0,1,1,0,1.333,3,3,0,1,-0.604,7,1,3,3,1,5,5,7,5,0.0,3.075,4,3,2.761,6.241,4,1
0.727,1,1,0.0,3,4,7,7,4,0,2,-0.275,0,5,7,7,2,4,5,2.228,5,2,0,0,0.197,5,0,3,1,0,4,3,0,6,0.0,1.153,7,2,0.522,0.514,4,0
0.439,0,1,0.0,6,1,7,3,3,0,1,0.065,0,6,0,2,0,6,3,-3.59,0,5,5,6,-1.72,2,0,0,0,6,2,6,3,1,0.0,-1.195,3,6,0.352,0.544,7,0
2.367,4,0,27252.85,7,3,3,1,7,1,0,0.857,0,5,7,6,7,3,6,-2.832,5,6,5,5,-0.385,2,1,7,7,6,1,3,7,4,0.0,2.94,6,2,2.211,3.552,6,1
2.338,1,6,0.0,1,7,5,7,3,0,7,0.564,0,1,3,2,0,3,2,-0.586,6,0,7,4,1.039,5,0,4,4,2,2,3,6,0,0.0,1.635,3,2,0.989,0.819,7,0
1.02,2,1,0.0,6,0,5,7,1,1,6,0.225,0,2,2,1,0,6,5,3.054,5,3,4,6,-1.771,1,0,7,0,5,3,1,5,6,0.0,1.723,0,5,1.2,1.427,7,0
3.612,0,4,3620.0,0,5,1,3,3,1,5,0.282,1,2,7,2,3,0,3,-0.547,0,5,7,2,1.996,4,1,4,6,2,4,1,2,5,0.0,3.985,2,1,3.547,0.87,6,1
0.154,4,2,0.0,5,7,7,6,2,0,4,-0.132,0,2,6,5,4,4,4,-0.473,5,3,6,3,1.243,4,0,4,4,1,6,4,2,2,0.0,1.645,3,0,1.378,2.017,3,0
1.094,5,5,19622.82,7,3,7,0,5,1,0,0.397,0,2,1,5,3,4,2,3.665,6,2,1,1,0.454,7,1,5,7,7,7,5,4,2,0.0,2.828,2,6,2.082,0.281,2,1
-0.498,3,3,0.0,3,1,5,5,5,0,2,-0.209,0,6,0,6,7,6,5,-1.862,1,6,6,2,1.008,6,0,1,7,0,2,3,3,7,0.0,-1.774,4,2,-0.021,4.393,6,0
1.341,2,5,0.0,5,7,1,5,7,0,6,-0.08,0,7,4,6,3,5,1,0.082,5,4,0,7,-0.533,3,0,3,2,4,4,6,5,1,0.0,1.661,1,4,1.02,1.639,4,0
2.296,5,6,7144.65,0,5,2,1,0,1,4,1.257,0,7,2,7,6,0,5,2.492,1,5,1,6,-0.068,4,1,6,7,0,6,4,2,0,54.91,0.897,3,2,3.264,3.751,2,1
1.228,3,2,0.0,6,4,5,7,0,0,5,-0.975,0,1,2,5,0,2,7,-0.199,1,4,2,4,-0.864,6,0,0,4,5,3,0,3,0,0.0,-0.951,6,5,0.823,-0.019,7,0
1.362,4,3,0.0,0,6,3,5,2,0,2,0.078,0,1,0,5,5,0,5,-1.101,4,1,2,1,-0.037,4,0,2,5,2,2,2,5,1,0.0,-0.71,5,2,1.824,1.316,6,0
-0.249,5,5,0.0,5,0,0,3,3,0,3,-0.106,0,1,1,1,3,6,0,-1.114,7,2,4,0,0.8,0,0,2,1,7,4,5,5,5,0.0,-1.066,2,5,0.47,-0.017,7,0
2.565,0,5,0.0,6,1,6,0,0,1,1,0.456,0,4,5,5,3,6,6,5.681,3,0,2,6,-0.228,6,0,1,3,2,3,6,7,4,0.0,3.066,2,0,1.943,4.374,4,0
-0.13,0,6,0.0,1,5,7,1,6,0,0,1.575,0,3,5,2,5,7,3,-0.741,3,1,7,6,-0.415,7,0,2,0,0,3,0,4,7,0.0,1.005,4,3,-0.368,1.085,0,0
1.945,4,3,0.0,3,0,4,7,5,0,5,0.535,0,6,6,1,0,2,4,2.823,4,0,6,2,0.375,6,0,5,7,2,0,5,5,7,0.0,1.959,7,6,1.673,1.71,3,0
3.944,6,2,18232.92,6,6,3,0,6,1,5,1.601,1,0,0,3,6,2,7,2.554,7,3,7,2,-0.662,7,1,1,3,2,7,3,1,3,0.0,4.789,6,4,4.439,4.748,6,1
3.068,4,4,10898.49,6,7,2,0,5,1,1,2.612,1,0,7,7,2,1,1,1.676,1,0,6,7,1.447,4,1,6,7,0,2,1,6,7,28.64,2.111,5,3,3.429,3.857,6,1
0.909,2,1,0.0,3,4,0,0,1,0,1,-0.574,0,5,7,0,5,2,7,2.471,4,2,2,5,0.687,4,0,7,1,6,2,1,2,2,0.0,1.409,6,1,0.468,-1.286,0,0
2.534,7,4,17825.27,7,2,7,0,3,1,5,0.813,1,6,7,0,1,5,7,3.327,1,2,2,0,-2.007,1,1,6,6,3,2,6,2,1,0.0,4.857,5,3,3.96,2.022,6,1
1.0,7,6,0.0,4,1,0,4,0,0,4,-0.044,0,5,5,1,6,1,2,-0.577,5,0,4,2,1.095,0,0,5,0,1,6,4,7,5,0.0,1.394,7,1,1.061,3.657,2,0
-0.145,3,0,0.0,3,5,7,5,4,0,5,0.899,0,0,2,5,5,2,5,-0.441,6,4,0,3,0.781,7,0,0,5,5,4,4,4,7,0.0,1.089,2,1,-0.087,2.597,0,0
5.76,0,5,38161.35,5,1,2,4,1,1,1,3.085,1,2,3,1,5,2,3,6.319,5,5,3,2,1.175,0,1,5,3,0,1,4,4,3,54.91,4.636,0,5,6.383,6.581,6,1
4.242,0,4,39990.35,4,2,4,7,2,1,1,1.032,1,7,1,2,2,7,7,8.64,3,2,4,1,0.824,4,1,2,5,1,5,3,0,5,0.0,3.71,5,6,4.949,5.573,2,1
0.906,3,7,0.0,5,3,2,7,1,0,4,2.266,0,5,3,1,6,5,0,1.78,2,4,0,2,-1.286,5,0,3,0,1,7,4,1,5,0.0,1.419,0,4,1.133,2.078,7,0
2.777,1,5,0.0,5,7,7,1,2,1,4,-1.366,0,5,6,0,6,7,5,-1.607,3,5,5,1,-0.351,1,0,1,5,5,2,5,2,0,0.0,4.289,1,7,2.841,1.355,4,0
0.871,4,4,0.0,0,4,1,5,5,0,5,-0.053,0,2,6,5,7,1,2,0.986,6,3,4,7,-1.088,0,0,6,1,6,3,7,2,7,0.0,-0.091,6,0,0.741,3.938,0,0
2.764,0,5,0.0,1,7,4,4,2,1,4,-0.363,0,3,6,5,5,2,4,1.931,6,0,5,6,-0.52,4,0,5,4,1,7,0,5,1,0.0,1.592,4,5,2.544,2.285,2,0
2.547,5,7,0.0,5,0,2,6,2,0,6,-1.552,0,4,4,6,1,3,0,4.026,0,6,7,2,0.688,3,0,7,4,1,4,3,1,1,0.0,1.748,4,7,2.556,2.353,2,0
0.889,6,2,0.0,6,2,5,3,0,0,3,-0.928,0,6,0,3,4,1,7,0.787,4,5,0,6,-0.394,7,0,6,4,3,1,0,2,1,0.0,0.377,5,6,0.643,0.404,2,0
1.473,3,1,0.0,0,0,3,0,2,1,2,-0.563,0,0,3,3,7,2,3,3.519,6,2,4,1,0.994,3,0,7,7,4,4,2,6,4,0.0,2.248,6,4,1.557,4.411,7,0
1.049,5,4,0.0,3,7,0,6,2,0,3,2.285,0,7,6,4,5,4,4,0.402,1,1,1,4,0.522,6,1,2,0,0,3,4,6,7,0.0,0.348,3,4,1.861,2.555,0,0
1.59,7,3,0.0,6,2,5,2,5,0,0,-0.667,0,4,0,4,5,0,1,2.782,0,2,7,3,2.273,3,0,2,7,5,3,6,5,3,0.0,1.476,4,7,1.007,2.928,0,0
0.746,2,3,0.0,3,6,3,0,6,0,4,-1.855,0,1,6,4,1,0,2,4.6,1,6,4,3,-0.462,4,0,5,4,1,6,4,7,5,0.0,1.866,3,7,0.761,2.498,6,0
0.066,4,2,0.0,2,6,1,4,0,0,1,-0.7,0,7,2,4,6,4,5,1.163,0,0,4,1,0.547,3,0,0,3,5,3,4,2,7,0.0,1.233,1,1,1.165,1.358,3,0
0.88,1,1,0.0,0,2,2,7,4,0,5,-0.861,0,4,5,5,7,1,6,-2.021,4,0,2,7,0.16,0,0,2,3,7,5,5,4,0,0.0,-1.827,6,5,0.931,0.752,4,0
0.856,0,4,0.0,4,3,2,7,3,0,3,-0.484,0,7,7,0,1,7,7,4.61,4,6,4,3,-0.32,2,0,3,6,7,3,7,2,2,0.0,2.519,4,5,0.269,2.5,6,0
4.468,2,5,7929.65,2,6,0,4,1,1,5,2.132,1,2,4,7,7,4,4,2.646,5,5,2,3,1.033,4,0,6,6,0,4,5,5,7,0.0,1.455,2,4,2.936,4.038,5,1
1.098,3,0,0.0,7,3,2,1,1,0,1,1.55,0,1,2,1,5,7,1,-2.021,1,5,5,4,0.005,3,0,3,4,2,5,1,1,0,0.0,2.921,6,5,0.588,2.891,5,0
1.585,0,7,0.0,2,4,4,3,7,0,5,-0.215,0,4,3,1,5,1,6,4.205,0,1,3,6,0.58,4,0,1,3,4,6,6,0,5,0.0,1.599,5,7,1.203,0.411,3,0
1.377,0,0,0.0,3,0,5,6,1,0,7,0.851,0,0,0,5,0,2,2,0.93,1,4,3,0,-0.398,0,0,4,6,1,7,4,2,2,0.0,1.111,3,6,1.425,2.014,2,0
2.943,0,3,38838.13,4,3,6,3,5,1,7,1.602,0,0,7,2,2,0,1,1.409,1,0,4,5,-1.079,5,1,6,7,6,6,0,0,3,0.0,2.415,0,1,1.808,4.286,7,1
1.379,1,6,0.0,6,0,3,5,6,0,7,0.321,0,3,3,6,2,3,5,1.042,3,0,4,1,-1.28,6,0,0,4,6,0,4,0,7,0.0,1.979,0,4,1.816,1.629,1,0
3.17,5,4,0.0,0,4,0,3,0,1,3,2.28,0,2,6,1,7,4,5,-0.83,2,4,4,3,0.766,6,1,0,6,1,7,6,2,1,0.0,5.422,1,7,2.629,5.268,4,1
2.469,0,7,0.0,4,2,5,4,2,1,0,0.142,0,6,1,3,0,5,7,3.568,2,7,7,4,-0.606,0,0,1,4,1,3,4,6,7,0.0,1.876,3,1,1.87,-2.744,1,0
1.803,2,7,0.0,5,1,3,2,2,0,3,-2.739,1,2,3,0,6,3,7,1.493,0,2,0,6,-1.23,0,0,3,2,5,2,7,6,7,0.0,1.649,3,7,2.363,1.099,6,0
1.794,1,3,0.0,3,3,0,6,0,1,7,-0.642,0,1,6,4,6,5,1,3.015,3,7,5,0,1.172,6,0,6,4,0,7,6,0,5,0.0,2.073,3,6,2.939,1.556,6,0
2.824,4,1,0.0,4,0,5,7,4,1,2,-0.631,0,1,2,5,3,5,4,0.86,4,2,0,4,0.504,0,0,7,4,4,5,4,1,7,0.0,1.725,5,6,1.835,4.404,2,0
3.364,5,0,0.0,7,5,4,1,0,1,3,3.34,1,6,6,3,0,0,1,6.405,7,3,4,3,0.084,2,1,4,7,3,6,6,5,3,0.0,3.168,3,0,3.158,6.188,6,1
0.994,5,6,0.0,6,6,5,0,1,0,3,-0.184,0,1,7,7,4,2,4,-1.451,5,0,1,4,0.132,7,0,7,7,6,6,1,3,5,0.0,1.008,0,4,-0.131,-0.17,5,0
-0.067,3,6,0.0,4,3,2,7,6,0,1,-0.291,0,6,7,2,3,7,0,1.169,6,5,0,2,0.838,3,0,6,0,4,5,5,1,6,0.0,0.703,3,6,0.795,0.094,1,0
-0.077,3,7,0.0,7,1,1,4,5,0,2,0.42,0,2,2,7,7,4,2,3.679,1,0,5,6,-1.177,7,0,4,1,2,0,3,0,3,0.0,0.315,0,3,0.947,-0.4,7,0
0.103,2,6,0.0,4,6,3,6,7,0,6,0.367,0,5,1,6,3,4,1,0.725,0,5,1,6,-0.424,5,0,5,2,4,1,5,0,5,0.0,1.231,7,0,1.053,1.171,6,0
6.144,0,5,18287.92,7,5,5,0,5,1,7,2.025,1,1,0,1,4,3,4,6.117,3,4,6,0,-0.223,7,1,6,7,1,4,6,0,0,0.0,6.619,2,1,5.176,6.825,3,1
7.476,5,4,33486.81,5,3,6,3,3,1,2,0.265,1,7,6,4,1,7,7,6.582,4,6,1,5,1.161,2,1,3,7,6,4,5,5,1,0.0,8.177,1,0,7.064,8.252,6,1
1.062,3,1,0.0,5,1,7,2,7,0,3,-1.713,0,5,7,3,3,6,6,1.384,5,4,5,4,0.276,0,0,2,3,6,6,7,3,0,0.0,-0.859,3,4,1.198,1.756,0,0
1.117,4,7,0.0,5,5,5,0,3,0,3,0.402,0,4,1,2,0,6,3,0.877,0,1,1,6,0.958,6,0,2,5,4,0,0,0,3,0.0,-0.663,4,5,0.729,2.486,6,0
2.032,4,0,0.0,2,0,6,5,7,1,5,0.516,0,4,0,0,3,2,3,5.588,1,0,0,5,-0.597,6,0,3,1,6,3,6,5,3,0.0,2.153,3,4,2.517,8.937,3,0
3.592,1,5,11980.78,0,2,2,6,6,1,3,1.797,1,7,4,2,1,4,3,4.831,4,7,2,6,-2.367,6,0,6,2,4,1,2,7,1,17.28,2.52,2,2,2.612,1.888,6,1
1.753,0,6,0.0,1,0,7,4,0,0,7,0.285,0,6,3,4,2,6,5,4.483,0,1,5,3,1.489,6,0,3,5,4,4,0,0,3,0.0,1.719,6,5,2.437,-0.037,3,0
1.893,5,6,0.0,3,0,5,6,2,0,0,1.764,0,5,2,0,2,4,0,3.331,1,6,3,5,-0.458,3,0,2,2,0,6,0,3,3,0.0,1.931,6,1,1.322,-4.611,5,0
2.981,3,4,0.0,1,3,3,1,2,1,1,0.72,0,3,2,5,6,0,6,3.655,1,4,6,2,-0.818,2,0,7,4,7,4,5,2,5,0.0,2.303,2,0,2.384,0.984,6,0
0.765,7,2,0.0,2,0,6,3,6,0,7,0.393,0,3,7,5,7,5,1,4.2,7,4,4,1,-0.688,0,0,1,6,6,0,2,5,4,0.0,-1.814,7,6,1.206,1.171,1,0
1.187,0,1,0.0,2,7,7,3,5,0,4,-0.386,0,0,1,6,1,2,0,-0.574,6,1,4,2,-1.017,1,0,1,5,1,1,2,6,3,0.0,0.353,7,1,1.269,0.894,4,0
1.368,4,5,0.0,5,4,0,4,1,0,7,-0.387,0,1,3,6,6,3,0,2.396,1,2,1,7,-0.851,3,0,0,3,1,0,0,4,5,0.0,0.094,3,1,1.772,6.061,0,0
1.965,1,7,0.0,3,4,2,5,2,0,7,-0.776,0,3,3,7,1,6,1,3.761,1,7,3,5,0.085,5,0,5,4,5,5,5,6,6,0.0,3.501,6,3,1.433,2.943,2,0
2.533,1,4,0.0,3,3,4,4,1,0,5,-0.672,0,5,2,5,1,7,4,2.157,3,1,3,5,1.905,1,0,1,4,0,1,0,7,3,0.0,0.655,3,0,1.895,2.834,2,0
0.209,4,1,0.0,6,5,3,6,2,0,1,1.254,0,2,6,4,5,6,6,3.707,0,7,4,3,-0.236,1,0,6,7,5,4,3,2,3,0.0,1.749,5,0,1.148,0.334,2,0
2.239,4,1,0.0,6,5,7,1,1,1,1,-1.467,0,3,2,3,2,6,4,2.234,6,4,0,7,-0.257,3,0,6,2,4,2,6,1,3,0.0,2.745,0,2,1.668,1.219,6,0
0.637,1,1,0.0,5,5,0,3,4,0,7,-0.858,0,3,7,4,4,5,2,-0.962,0,1,6,1,-0.484,5,0,6,3,1,7,1,6,5,0.0,0.798,6,5,0.584,-0.628,5,0
2.344,4,7,0.0,2,4,1,0,7,1,1,0.244,0,2,7,7,2,7,4,3.104,2,0,5,7,0.477,0,0,2,2,5,4,7,1,6,0.0,1.623,3,5,2.339,4.428,0,0
3.469,1,0,14399.42,5,1,7,5,7,1,1,3.452,1,3,5,6,6,0,7,0.974,2,1,2,7,-0.64,2,1,7,6,2,0,7,7,3,21.57,4.091,0,6,3.14,3.882,2,1
1.276,6,4,0.0,2,3,4,0,1,0,5,-0.5,0,3,4,3,6,7,6,4.187,1,0,0,0,0.865,4,0,4,1,7,4,4,1,7,0.0,3.843,7,4,1.747,3.742,4,0
2.114,6,5,0.0,5,0,2,3,3,0,2,-0.622,0,5,0,7,0,5,1,-0.185,7,7,2,3,2.392,7,0,0,2,6,3,1,7,0,0.0,0.611,2,5,1.964,-0.262,3,0
3.992,4,6,7863.73,7,1,4,7,3,1,2,0.874,1,7,7,2,4,6,5,4.434,7,3,4,7,-1.253,4,1,7,6,2,6,4,1,5,18.33,3.009,5,0,4.123,5.1,3,1
0.288,1,3,0.0,5,6,7,6,7,0,1,0.192,0,3,4,2,1,3,6,1.44,6,7,4,2,1.016,4,0,7,3,6,1,4,2,5,0.0,0.298,2,4,1.006,-1.092,3,0
-0.277,0,2,0.0,0,6,1,5,2,0,7,-0.346,0,5,4,2,3,1,4,2.648,0,6,6,5,1.238,5,0,4,0,6,6,1,7,5,0.0,0.195,7,2,0.549,-0.233,1,0
-0.306,0,1,0.0,4,5,0,0,3,0,1,-1.072,0,5,3,3,6,3,0,-0.81,6,5,2,6,0.413,5,0,5,2,1,3,3,2,7,0.0,1.988,5,6,0.062,3.358,2,0
0.125,5,7,0.0,2,1,1,0,0,0,0,-0.019,0,4,5,3,0,0,2,1.005,5,4,7,4,-1.594,3,0,1,6,6,2,2,6,4,0.0,3.348,0,5,1.001,0.471,3,0
2.969,5,3,0.0,6,0,7,7,0,0,7,-0.98,0,6,2,3,7,7,2,6.099,7,1,7,3,1.035,4,0,6,2,5,4,1,6,4,0.0,3.32,1,7,2.683,2.069,1,0
1.469,7,7,0.0,5,3,2,3,4,1,2,-0.389,0,4,1,3,0,0,5,2.583,7,0,2,1,-1.118,6,0,2,4,7,2,2,0,0,0.0,1.936,6,4,1.463,2.094,5,0
0.959,1,0,0.0,3,4,0,2,4,0,6,-0.636,0,1,1,0,7,7,1,-1.475,1,2,6,6,-1.316,7,0,4,5,3,6,1,6,2,0.0,1.331,5,4,0.812,-0.043,0,0
1.967,0,6,0.0,7,4,4,4,4,0,2,0.34,0,3,7,2,2,7,5,3.6,1,0,7,1,-0.505,0,0,0,1,4,7,5,1,3,0.0,1.994,1,7,2.148,3.135,7,0
1.146,2,7,0.0,0,0,5,2,1,1,3,-2.063,0,7,3,3,7,7,7,-0.16,2,4,5,5,-1.537,6,0,2,6,3,3,4,7,5,0.0,0.25,2,0,1.335,0.864,4,0
0.562,3,0,0.0,7,1,2,2,3,0,4,0.252,0,7,1,5,5,6,6,2.356,1,3,4,4,-0.639,5,0,6,4,2,6,5,2,1,0.0,2.606,7,3,0.665,0.737,1,0
1.72,4,1,0.0,5,5,0,0,5,1,6,-1.455,0,3,4,3,7,6,2,1.962,2,3,0,4,-0.268,1,0,4,6,6,0,2,5,6,0.0,3.447,5,5,2.46,0.746,5,0
1.158,4,5,0.0,7,2,0,7,4,0,3,-0.014,0,7,5,2,0,0,4,4.067,0,1,1,0,0.305,3,0,4,4,2,6,4,4,5,0.0,3.275,1,7,0.614,-0.976,7,0
2.518,0,4,3976.15,7,6,4,3,1,1,1,2.452,1,0,3,5,0,2,0,0.991,2,6,1,0,1.167,5,1,2,2,7,1,4,0,6,0.0,3.159,0,0,2.818,2.822,1,1
1.518,4,0,0.0,5,1,6,3,6,0,1,-0.795,0,0,6,5,1,0,4,-1.995,5,0,0,2,-2.647,5,0,3,3,3,1,7,2,2,0.0,-1.429,5,5,1.778,1.877,4,0
3.339,3,2,0.0,4,6,4,1,0,1,7,0.253,0,3,4,7,4,2,2,-2.498,6,5,5,1,-0.58,5,0,5,5,5,4,5,6,3,0.0,1.683,5,3,3.003,3.101,4,0
1.413,7,3,0.0,2,1,0,4,7,0,7,-0.902,0,4,3,2,0,7,2,3.767,5,6,4,2,0.751,6,0,7,3,3,3,4,2,3,0.0,0.182,7,3,1.284,0.859,4,0
9.734,6,1,0.0,0,1,3,4,2,1,4,2.129,1,3,7,1,0,0,1,11.336,2,1,1,5,0.165,1,1,5,4,3,4,4,3,1,11.69,8.358,5,7,9.785,12.148,2,1
1.985,5,1,0.0,7,2,6,3,6,0,7,-0.276,0,7,0,1,2,1,6,0.002,4,6,0,7,-0.453,6,0,2,7,1,7,6,1,6,0.0,0.701,4,7,1.448,2.352,3,0
0.454,6,7,0.0,0,0,0,5,2,0,2,1.005,0,7,2,4,7,6,5,0.621,0,1,0,5,-0.527,6,0,6,7,6,1,1,2,5,0.0,0.966,2,7,0.319,1.218,4,0
3.843,7,7,36435.2,0,4,3,1,6,1,5,0.674,1,7,3,3,7,3,4,0.659,6,2,6,1,0.798,3,1,7,7,3,2,4,3,5,1.45,3.103,2,4,3.136,3.396,4,1
-0.253,0,7,0.0,3,0,6,5,6,0,5,-0.203,0,5,3,7,6,7,3,-3.868,7,4,4,7,1.634,5,0,1,0,6,1,7,5,2,0.0,-0.216,2,5,0.448,3.62,3,0
1.485,6,3,3114.51,1,3,4,3,4,1,4,1.923,0,6,7,1,5,5,0,2.158,1,1,4,6,-0.511,6,1,6,2,7,3,2,3,3,34.65,4.193,2,5,2.419,4.248,7,1
0.763,4,3,0.0,7,3,0,1,2,0,4,-1.846,0,0,5,0,7,0,2,1.836,2,2,5,6,1.388,0,0,1,1,0,0,5,7,3,0.0,3.278,0,6,1.131,1.838,7,0
1.185,6,4,0.0,5,0,4,7,4,0,6,-0.256,0,6,2,6,4,4,1,2.059,2,6,3,2,-1.227,2,0,5,1,5,0,7,0,4,0.0,1.336,0,6,1.284,2.687,7,0
-0.035,4,5,0.0,5,1,5,0,7,0,7,1.643,0,2,2,2,7,4,3,-2.024,0,1,5,1,-2.16,2,0,4,2,4,4,4,3,3,0.0,1.653,4,1,0.38,-0.324,4,0
0.469,1,2,0.0,5,0,7,0,7,0,4,1.121,0,5,1,7,4,6,3,5.745,0,4,4,0,-0.11,0,0,0,0,2,0,3,5,7,0.0,0.29,6,5,0.57,-0.606,5,0
2.022,6,4,0.0,1,1,5,7,2,0,0,-0.838,0,7,7,5,7,3,4,2.014,4,0,3,1,0.533,7,1,6,2,2,0,2,3,4,0.0,0.218,7,2,1.104,0.043,3,0
4.145,5,4,15286.96,4,4,5,6,5,1,4,2.764,1,1,0,5,1,7,7,1.989,5,2,5,0,-0.298,6,1,4,7,1,6,0,1,0,0.0,3.688,0,2,3.892,5.775,0,1
3.219,5,2,0.0,1,2,1,3,1,1,7,1.537,0,7,6,0,6,4,0,1.928,7,1,1,0,0.7,7,1,4,2,1,0,3,3,6,0.0,1.704,2,3,2.587,1.394,3,1
0.787,7,7,0.0,5,1,6,6,0,0,2,0.881,0,0,4,7,5,4,3,0.424,6,4,3,1,-0.044,7,0,0,4,7,2,6,0,4,0.0,-0.238,2,6,0.666,0.073,5,0
2.256,1,7,3051.88,7,7,0,5,5,0,7,0.895,1,1,1,6,0,4,6,3.861,5,4,2,0,0.317,6,1,2,7,7,6,1,7,1,0.0,1.286,2,5,2.44,1.431,5,1
1.06,4,7,0.0,2,2,3,2,3,0,3,-0.773,0,3,1,4,0,5,2,1.529,1,7,7,3,-0.951,3,0,2,1,0,4,5,2,3,0.0,0.721,7,4,0.752,-0.72,6,0
1.444,6,1,0.0,6,2,1,4,1,1,0,1.236,0,2,6,7,4,2,3,3.975,7,1,1,1,-0.23,5,0,5,5,6,3,5,1,7,0.0,2.064,6,5,1.538,-1.072,5,0
1.81,0,5,0.0,3,3,7,5,3,0,1,0.394,0,5,5,0,0,2,3,1.711,3,2,2,1,1.335,1,0,0,3,7,3,1,3,0,0.0,2.028,6,4,1.292,1.403,6,0
0.32,4,6,0.0,1,0,4,4,7,0,7,0.216,0,6,7,7,1,0,4,1.43,5,1,6,2,1.754,4,0,7,2,4,6,0,5,2,0.0,-0.255,0,7,0.856,-1.159,0,0
4.14,7,6,38470.12,1,5,1,5,4,1,5,2.931,0,6,5,4,7,7,4,-5.908,5,1,1,3,0.269,3,1,4,5,5,5,3,5,5,10.9,4.001,2,4,3.391,2.956,1,1
4.129,0,7,734.8,3,4,0,6,5,1,2,1.642,1,4,4,3,6,1,0,3.562,0,4,7,1,0.879,6,1,6,1,0,2,0,7,2,43.51,3.828,5,2,4.288,3.731,2,1
2.027,6,6,0.0,6,6,4,0,3,1,7,-0.126,0,7,4,0,2,2,7,0.974,4,0,7,4,0.27,0,0,1,6,2,2,7,4,4,0.0,2.921,1,3,1.93,1.943,1,0
3.053,4,4,0.0,2,5,2,1,2,1,6,0.389,1,0,7,4,7,3,6,4.799,3,7,2,0,0.245,5,1,1,6,2,5,1,1,2,0.0,4.676,1,6,3.868,4.935,6,1
0.676,1,1,0.0,7,1,3,0,6,0,2,1.025,0,3,3,5,0,5,4,2.877,5,5,7,4,-1.679,2,0,3,5,7,3,6,5,4,0.0,1.541,2,4,0.87,2.161,1,0
3.193,4,0,33298.36,7,6,5,0,1,1,5,1.593,1,4,1,7,7,0,2,4.23,0,5,5,2,1.858,2,1,2,3,4,2,2,0,2,0.0,3.657,0,3,3.39,1.487,2,1
0.45,1,0,0.0,3,1,0,6,6,0,7,0.324,0,6,7,6,7,6,6,1.087,1,7,0,2,0.003,3,0,0,1,4,3,3,3,3,0.0,0.111,0,5,0.692,-0.334,0,0
2.074,5,6,11449.77,2,7,4,5,6,1,3,2.834,1,2,5,1,6,0,6,4.66,3,4,3,4,2.251,2,0,1,1,2,1,4,1,6,54.53,2.74,6,2,2.568,2.635,6,1
0.742,5,2,0.0,0,7,2,3,1,0,4,1.116,0,5,3,4,3,3,3,2.419,0,1,3,1,-0.818,5,0,6,3,4,2,5,6,3,0.0,0.622,3,7,0.384,-0.315,2,0
1.69,0,7,0.0,3,5,7,5,1,0,5,-0.705,0,7,1,7,0,5,4,4.526,3,3,4,6,-0.712,5,0,4,6,7,4,6,3,4,0.0,1.942,5,6,1.558,1.564,0,0
0.687,0,7,0.0,5,7,3,3,6,0,7,0.324,0,4,1,7,5,6,1,1.976,6,0,1,2,0.515,4,0,6,6,2,6,1,0,6,0.0,-0.514,1,5,0.886,1.126,1,0
0.591,5,3,0.0,3,4,5,4,5,0,0,-2.137,0,2,2,2,4,7,0,6.866,1,2,7,5,-0.8,4,0,0,6,3,5,0,6,7,0.0,0.019,5,1,0.855,0.99,0,0
3.296,5,7,23964.02,1,4,0,7,6,1,7,1.975,1,4,2,3,4,7,1,4.408,7,3,0,5,-0.496,1,1,4,0,5,4,7,2,7,32.07,3.275,1,1,3.468,5.471,2,1
1.898,1,5,23396.74,2,7,1,7,5,1,1,1.519,0,5,4,7,0,4,3,4.413,4,4,2,7,-0.46,4,1,1,0,5,7,5,3,6,29.87,0.157,7,2,1.656,4.412,1,1
1.78,0,6,0.0,7,4,7,1,5,0,5,-0.215,0,6,1,2,3,5,7,2.736,2,6,4,3,0.443,0,0,0,7,7,4,5,6,4,0.0,0.973,7,3,1.568,1.806,4,0
0.27,3,3,0.0,4,7,7,3,6,0,1,0.047,0,7,0,2,1,5,7,2.942,7,1,4,4,0.432,2,0,4,0,3,6,7,2,1,0.0,-0.23,5,5,0.467,0.295,4,0
1.551,7,6,0.0,5,1,6,4,2,0,4,-0.744,0,4,0,0,3,1,0,1.279,7,0,0,2,-0.624,6,0,2,1,7,7,6,3,2,0.0,2.453,7,3,1.585,0.441,0,0
1.969,4,7,0.0,7,7,0,5,5,0,3,-0.298,0,4,3,4,1,3,2,3.735,1,3,5,0,0.048,1,0,4,6,7,3,7,0,4,0.0,2.631,5,3,1.845,-0.443,3,0
1.892,1,4,0.0,7,4,3,4,2,0,5,0.196,0,3,4,6,7,1,0,2.135,3,7,4,1,0.841,6,0,2,0,4,0,2,1,1,0.0,1.361,2,6,1.778,2.523,6,0
-0.056,5,4,0.0,7,7,6,6,1,0,7,-0.4,0,3,6,0,1,3,5,-0.326,7,4,7,1,-1.189,3,0,7,4,6,2,5,0,7,0.0,1.282,0,6,0.997,2.674,0,0
1.058,0,6,0.0,6,0,4,5,7,0,0,0.011,0,2,2,4,0,7,0,2.76,0,7,6,5,-0.27,6,0,3,2,0,5,1,0,6,0.0,0.826,1,1,1.339,2.496,2,0
0.384,0,1,0.0,2,2,1,0,1,0,7,0.011,0,0,6,1,2,6,0,0.151,4,6,7,1,-0.774,6,0,6,2,2,0,4,2,7,0.0,1.01,2,0,1.346,1.716,4,0
0.549,5,7,0.0,5,7,0,5,6,0,4,0.453,0,1,5,3,4,0,6,-2.719,2,0,5,1,-1.118,5,0,5,0,4,1,3,5,5,0.0,1.202,6,3,-0.098,2.164,7,0
2.375,2,4,0.0,1,0,5,7,0,1,0,0.034,0,2,5,4,3,6,3,2.267,5,0,2,5,-0.587,2,1,6,1,7,0,6,6,6,0.0,0.815,7,1,2.522,1.582,0,1
0.853,6,2,0.0,4,4,1,7,0,0,3,0.566,0,0,2,2,6,0,5,-0.445,4,3,4,3,-2.132,3,0,6,2,4,6,0,7,0,0.0,1.703,0,1,0.315,0.1,5,0
3.114,3,0,0.0,4,0,3,6,5,0,4,0.842,1,5,4,6,7,2,4,3.652,6,3,5,7,0.468,2,0,1,5,6,7,0,4,5,0.0,1.382,1,3,2.756,5.001,1,0
7.27,2,2,38273.5,0,0,2,7,5,1,5,0.849,1,3,0,0,0,6,2,7.282,1,2,1,3,0.887,0,1,3,0,4,1,2,0,1,0.0,7.056,4,2,7.013,6.559,7,1
1.269,7,5,0.0,2,6,3,7,6,0,4,0.385,0,7,0,1,6,7,6,1.037,4,1,0,2,-0.443,3,0,3,4,3,4,3,0,0,0.0,0.148,4,0,1.441,2.139,4,0
1.657,5,6,0.0,5,5,7,6,0,0,6,0.88,0,7,7,1,0,7,6,1.955,7,5,1,0,-1.045,5,0,1,4,2,0,4,1,3,0.0,1.923,0,4,1.178,3.339,7,0
2.022,6,1,0.0,4,7,2,5,5,0,7,1.332,0,6,6,6,6,2,6,3.803,6,4,3,4,0.688,2,0,4,1,1,5,1,0,6,0.0,2.724,4,0,2.277,1.939,5,0
3.022,6,2,23139.47,7,6,0,5,0,0,5,0.479,1,5,0,4,7,1,0,7.129,6,2,6,7,-0.587,2,1,1,5,4,5,6,5,1,0.0,0.457,4,3,2.338,1.713,1,1
4.295,4,4,15719.23,5,4,3,0,4,1,4,2.441,1,2,1,6,5,3,1,2.98,3,2,5,7,0.64,4,1,7,6,1,6,6,3,4,0.0,3.27,3,1,3.844,1.093,7,1
0.532,6,2,0.0,7,5,3,6,0,0,5,-0.406,0,3,4,7,7,7,1,5.045,4,3,0,7,0.743,3,0,0,7,0,7,5,5,5,0.0,0.748,4,6,0.953,1.873,5,0
4.453,3,0,41624.55,2,3,4,0,0,1,6,1.286,0,5,3,0,5,1,5,3.923,5,2,5,6,0.795,6,1,6,2,7,3,5,4,0,0.0,4.632,5,2,3.639,4.911,2,1
2.603,5,2,0.0,0,1,2,2,0,0,1,0.168,0,4,4,5,5,6,5,2.523,1,2,2,7,0.53,6,1,2,1,1,4,3,2,1,0.0,3.262,5,6,1.912,-2.771,4,0
1.326,1,4,0.0,6,0,4,2,5,0,3,-0.42,0,1,1,2,4,3,6,-0.06,3,3,0,0,0.96,1,0,0,7,4,7,0,3,0,0.0,0.001,4,0,1.646,-0.313,4,0
1.572,6,1,0.0,1,4,5,4,1,0,5,-1.879,0,6,6,5,3,7,4,1.64,6,5,4,2,-1.744,1,0,0,4,7,0,6,7,1,0.0,2.683,7,4,1.26,-0.664,6,0
2.537,2,4,0.0,6,7,3,0,1,0,6,-0.594,0,4,6,2,2,2,2,2.517,2,1,3,3,0.571,7,0,4,6,2,7,0,6,5,0.0,0.725,7,3,1.779,1.626,6,0
-0.368,2,0,0.0,2,7,3,7,6,0,6,-0.213,0,2,2,1,2,1,1,-1.983,6,3,3,2,1.982,4,0,7,1,4,7,3,2,0,0.0,0.306,5,4,0.665,0.648,7,0
2.107,0,0,0.0,2,7,2,0,7,0,4,0.694,0,2,2,1,4,6,1,3.112,1,1,4,0,-1.33,3,0,1,0,5,3,5,6,1,0.0,0.92,0,1,1.604,2.517,5,0
2.93,3,1,17273.09,0,5,0,3,0,1,2,1.411,0,1,3,5,6,6,7,0.735,6,3,0,6,1.422,4,1,2,2,0,6,5,7,1,0.0,1.95,6,1,2.577,1.571,2,1
1.305,0,7,0.0,3,1,5,4,1,0,6,1.218,0,4,7,1,4,5,1,4.857,0,6,5,5,-0.03,4,1,6,7,2,4,6,5,6,0.0,3.424,3,5,1.338,-0.334,6,0
1.035,5,4,0.0,5,3,4,3,2,0,1,1.81,0,1,6,4,3,2,5,0.424,7,2,7,6,0.433,7,0,7,4,6,6,3,0,5,0.0,0.912,3,6,1.355,2.391,1,0
3.1,4,3,25587.9,3,5,5,4,4,1,4,0.865,0,2,0,3,3,6,0,3.727,1,4,0,0,0.172,0,1,0,1,4,1,0,7,4,0.0,2.917,2,5,2.604,4.18,0,1
1.471,7,7,0.0,2,0,7,5,6,0,7,0.921,0,5,2,6,0,0,0,4.046,2,5,2,3,0.639,1,0,5,4,3,3,7,0,5,0.0,3.376,3,1,1.03,1.865,4,0
4.768,0,0,12084.99,1,3,2,4,3,1,2,1.42,1,2,5,4,1,1,5,9.381,4,7,1,1,-0.725,4,1,5,7,2,6,4,5,5,0.0,5.282,1,4,5.086,5.277,6,1
0.983,6,2,0.0,0,1,5,7,1,0,4,-1.244,0,5,4,2,4,3,2,3.779,0,7,1,4,-1.403,7,0,2,4,6,2,5,1,4,0.0,0.095,0,5,0.658,0.481,7,0
4.076,5,5,0.0,6,3,3,1,3,1,7,1.812,1,1,0,7,1,0,5,1.743,5,6,6,2,0.175,5,1,1,0,2,1,0,3,0,0.0,3.855,1,2,3.789,3.303,6,1
0.723,2,4,0.0,4,0,2,3,2,0,6,0.922,0,3,1,5,0,7,4,3.108,5,7,1,2,0.508,2,0,5,2,3,3,6,2,0,0.0,0.422,5,1,0.725,0.671,6,0
1.66,7,3,0.0,4,4,2,1,6,0,0,1.29,0,5,4,1,7,2,6,1.509,4,7,3,3,-0.613,0,0,6,7,2,6,3,5,6,0.0,1.607,4,2,1.678,1.587,4,0
3.604,4,2,21087.02,6,1,7,6,7,1,3,0.284,1,1,2,5,5,1,1,1.69,6,5,2,5,1.216,6,1,5,5,3,2,5,1,6,0.0,3.692,4,1,4.212,5.372,0,1
1.323,0,7,0.0,0,1,7,5,0,0,2,0.009,0,4,5,7,1,7,4,3.253,5,4,2,5,1.514,5,0,0,1,1,5,2,6,0,0.0,1.041,5,2,0.789,3.323,2,0
0.39,3,1,0.0,4,3,4,7,6,0,6,-2.089,0,7,2,7,3,2,6,-1.341,7,7,1,3,-0.33,6,0,2,3,5,3,1,5,4,0.0,-0.295,6,3,0.681,-0.11,0,0
1.491,6,3,0.0,3,0,6,7,7,0,5,-0.425,0,1,3,5,4,2,0,-0.863,5,2,4,3,-1.85,2,0,7,5,2,2,3,1,5,0.0,1.941,6,4,2.149,3.829,3,0
4.5,3,5,2174.47,0,3,6,2,4,1,1,-0.299,1,3,4,5,6,7,4,5.982,2,6,5,3,-0.476,5,1,2,0,1,4,6,0,5,0.0,3.327,7,3,4.706,3.448,6,1
0.448,5,4,0.0,3,0,6,4,6,0,4,2.506,0,4,4,1,1,4,5,1.06,0,2,3,6,-0.302,3,0,1,6,5,5,7,7,0,0.0,1.324,2,2,1.267,2.509,7,0
4.379,7,4,3848.91,5,4,2,6,2,1,7,1.874,1,1,6,3,7,1,6,3.382,7,2,1,3,-0.017,0,1,2,4,5,3,2,3,1,0.0,3.262,5,7,4.685,3.7,3,1
1.221,1,2,0.0,5,6,6,5,3,0,2,1.053,0,5,2,4,5,7,3,1.035,4,4,1,1,-0.645,4,0,1,5,0,6,1,6,4,0.0,0.058,2,5,0.878,-0.263,4,0
1.889,7,0,0.0,7,4,2,4,1,0,6,-1.381,0,1,2,5,4,5,1,3.474,6,6,5,4,0.682,7,0,2,3,7,2,1,2,5,0.0,2.303,5,0,2.011,2.298,1,0
-0.362,6,0,0.0,4,6,6,5,1,0,4,0.438,0,0,5,0,4,2,7,0.903,4,7,5,5,-0.151,1,0,7,5,2,3,5,7,4,0.0,3.54,3,1,1.122,1.552,0,0
0.888,6,4,0.0,1,5,2,3,1,0,7,0.357,0,5,5,1,6,0,4,2.841,3,7,0,0,0.114,2,0,2,6,7,4,3,7,3,0.0,0.175,6,0,1.65,-0.312,3,0
5.669,1,6,23088.13,5,2,3,4,3,1,1,0.672,1,1,1,6,7,6,5,4.025,0,0,0,4,0.312,0,1,0,2,2,1,0,3,2,0.0,6.607,3,5,5.076,5.12,1,1
-0.499,1,3,0.0,5,7,0,1,6,0,7,-1.584,0,5,4,1,2,0,3,0.122,4,6,7,4,0.666,2,0,2,3,1,1,0,7,0,0.0,-0.037,4,2,-0.315,1.337,6,0
2.013,0,3,0.0,6,3,7,1,1,1,5,-1.358,0,2,3,7,6,0,1,3.959,1,0,2,3,-1.068,7,0,5,3,3,3,7,3,6,0.0,1.97,1,6,2.174,2.721,3,0
2.714,7,3,26515.98,7,1,6,2,7,1,0,1.298,1,2,1,2,6,2,5,0.674,5,3,1,7,-3.809,2,1,7,0,3,3,5,4,0,0.0,2.14,1,0,3.314,2.654,6,1
1.727,3,3,0.0,2,5,6,6,1,0,6,0.052,0,1,3,6,5,3,2,0.418,4,7,2,6,-0.78,3,0,6,7,1,3,0,7,4,0.0,0.382,6,3,2.133,1.094,1,0
1.031,0,1,0.0,1,3,1,6,3,0,1,-0.204,0,5,0,4,1,6,3,2.591,7,2,0,7,-2.139,1,0,6,6,5,6,6,4,4,0.0,0.542,1,5,-0.012,-1.274,5,0
3.868,5,2,36905.2,1,4,6,0,5,1,7,0.33,1,0,1,3,4,2,5,2.662,0,3,5,3,0.381,6,1,6,6,5,0,2,1,6,6.04,4.348,2,3,3.342,3.021,7,1
-0.155,5,5,0.0,2,4,2,4,2,0,5,0.564,0,3,5,2,0,1,7,-0.89,5,5,5,1,-1.1,1,0,1,0,2,6,7,1,3,0.0,-1.422,4,1,-0.238,-1.101,2,0
7.376,0,2,28890.87,3,3,5,1,6,1,5,1.064,1,5,7,2,0,1,5,6.286,7,4,3,6,-1.548,3,1,4,2,7,3,3,1,1,0.0,8.34,7,7,7.24,6.751,1,1
1.361,6,1,0.0,2,7,2,0,0,0,7,0.634,0,0,0,6,2,2,2,-1.983,5,2,4,7,-0.744,1,0,4,0,7,3,1,4,7,0.0,-0.277,4,6,0.783,1.656,7,0
3.484,0,5,36486.34,4,7,6,1,0,1,4,-0.624,1,0,7,6,5,6,4,6.956,3,3,7,0,0.918,6,1,7,3,6,4,3,6,4,0.0,4.945,6,4,4.136,4.45,5,1
4.687,6,2,10977.93,5,3,4,0,5,1,5,2.351,1,0,7,3,1,3,4,7.08,6,3,5,4,-1.228,5,1,3,7,2,3,1,0,3,55.25,2.872,1,0,4.458,0.28,0,1
5.786,0,3,24069.87,7,7,4,7,1,1,3,2.614,1,5,5,2,4,3,6,5.585,5,0,3,6,0.289,1,1,1,4,4,6,2,3,4,29.79,6.721,4,6,5.139,8.595,1,1
1.673,4,7,0.0,7,0,6,6,7,0,5,3.163,0,1,4,7,7,1,6,2.834,2,5,0,6,-0.104,1,0,1,3,5,6,5,7,2,0.0,2.894,0,5,1.62,5.135,6,0
1.532,3,6,0.0,1,0,4,6,4,1,6,-0.734,0,4,2,6,3,0,6,-1.034,4,6,0,4,0.58,4,0,7,7,6,2,5,7,3,0.0,1.3,1,6,1.481,3.567,3,0
1.808,4,0,0.0,6,2,6,6,4,0,6,-0.656,0,0,4,5,1,2,0,5.441,6,4,2,1,-0.91,2,0,0,0,4,3,2,5,3,0.0,1.348,4,7,2.117,3.88,2,0
1.778,3,7,0.0,7,4,4,7,2,0,6,0.173,0,5,2,6,7,5,5,-0.085,2,4,6,5,-0.676,4,0,4,1,3,6,3,1,4,0.0,2.911,0,1,2.33,2.896,4,0
2.437,0,5,0.0,3,5,7,3,4,0,3,0.262,0,7,4,2,3,0,1,1.796,3,4,2,2,0.063,2,0,4,0,7,5,1,0,6,0.0,0.93,0,3,1.617,-1.649,1,0
2.643,7,0,0.0,7,1,5,7,6,0,6,1.775,0,1,4,0,5,3,4,1.72,1,2,5,2,-0.751,2,0,0,0,0,5,6,1,3,0.0,0.959,2,4,2.632,1.343,6,0
3.449,1,0,12982.7,3,6,7,7,6,1,1,0.753,0,5,5,4,2,7,0,-0.373,5,3,5,4,-0.221,1,1,5,1,1,6,5,7,4,0.0,1.983,2,2,2.782,6.145,3,1
1.251,6,6,0.0,4,6,2,3,7,0,4,-0.856,0,2,3,4,2,6,6,1.624,0,2,1,4,0.677,7,0,3,0,5,4,5,6,0,0.0,2.047,7,7,1.007,2.824,6,0
3.322,6,6,0.0,3,2,7,1,1,1,0,1.727,0,3,7,6,2,1,6,3.179,4,6,4,2,0.202,5,0,0,5,0,1,6,3,7,0.0,0.974,3,2,2.165,2.007,0,0
2.954,4,5,10786.1,5,0,2,2,2,1,4,2.4,1,6,1,1,6,3,7,4.847,3,2,3,3,0.408,2,1,6,1,2,5,7,4,0,0.0,5.02,6,2,4.17,2.189,7,1
2.436,7,5,0.0,4,0,2,5,1,0,0,-1.699,0,1,0,1,0,7,4,0.37,3,3,6,7,0.189,7,0,2,4,1,4,6,5,7,0.0,2.311,7,3,1.485,2.457,6,0
1.341,0,3,0.0,0,1,4,4,2,0,4,-0.638,0,6,1,6,0,2,0,-4.116,2,0,7,2,0.248,1,0,3,3,1,6,5,7,0,0.0,0.096,2,6,1.871,-0.259,3,0
2.914,0,1,0.0,3,6,5,7,2,1,4,1.832,0,4,4,6,7,4,2,1.469,6,5,4,6,-0.664,2,1,4,7,2,3,4,3,4,0.0,3.656,2,5,3.547,6.397,1,1
2.197,0,5,0.0,3,4,2,5,4,0,2,-1.541,0,1,2,2,0,5,0,0.735,7,2,4,6,-0.752,1,0,1,5,4,2,3,2,2,0.0,1.214,2,7,1.792,6.813,3,0
-0.353,5,1,0.0,4,3,2,1,1,0,6,0.294,0,5,6,5,1,5,2,1.736,2,1,6,2,-1.173,2,0,7,5,2,0,5,7,1,0.0,0.363,6,4,0.224,-0.451,7,0
1.465,5,3,0.0,6,0,2,3,7,1,0,0.253,0,2,3,6,2,5,0,3.906,1,2,7,2,-1.069,4,0,5,6,4,1,3,6,0,0.0,2.114,4,2,1.59,1.502,0,0
0.977,0,5,0.0,4,6,6,1,3,0,4,-2.677,0,3,4,2,0,1,4,3.603,4,3,0,4,0.107,3,0,0,5,3,5,5,2,1,0.0,-0.226,2,3,1.084,2.969,7,0
0.836,3,7,0.0,0,3,3,0,1,0,6,-0.224,0,2,7,4,7,3,7,2.12,2,6,6,7,-0.672,3,0,6,4,2,2,3,3,4,0.0,1.549,6,0,1.205,4.464,1,0
1.808,1,7,24177.92,0,0,1,0,4,1,5,1.394,0,6,2,4,4,6,5,5.297,2,0,5,6,0.187,5,1,7,2,6,1,0,6,7,1.1,5.05,0,5,3.089,3.155,3,1
1.781,6,0,0.0,7,7,5,2,1,0,2,-1.188,0,3,0,1,3,4,6,2.49,2,5,7,4,2.976,7,0,3,5,7,3,3,7,6,0.0,0.959,6,1,1.381,1.285,1,0
2.002,1,1,0.0,5,0,4,5,5,0,1,-0.628,0,5,3,2,5,1,1,3.2,7,2,3,5,-0.226,1,0,6,7,2,2,1,3,3,0.0,3.323,3,3,2.107,1.554,3,0
1.683,6,3,0.0,4,2,3,5,6,0,0,0.378,0,2,5,4,0,3,4,2.77,5,5,4,3,-1.607,4,0,2,5,0,4,7,1,7,0.0,1.209,7,5,1.474,1.421,3,0
1.173,1,7,0.0,4,3,3,2,4,1,2,1.384,0,7,3,1,4,7,1,6.001,5,4,7,0,-2.541,1,0,4,7,1,2,0,7,1,0.0,0.244,0,7,1.605,0.918,0,0
3.916,0,0,37711.17,6,5,6,7,0,1,2,1.184,0,0,2,1,6,7,6,2.046,0,3,7,4,1.232,2,1,1,3,4,6,5,1,2,0.0,3.543,2,5,3.082,4.698,4,1
0.592,6,4,0.0,1,2,4,0,6,0,4,-0.268,0,2,1,4,1,7,0,-1.245,1,4,0,5,-0.996,6,0,3,7,1,4,6,7,5,0.0,0.562,3,3,0.864,1.341,2,0
0.876,4,5,0.0,5,6,2,1,4,0,0,-0.757,0,2,6,6,5,1,1,5.539,0,7,7,4,-1.192,0,0,1,5,1,2,3,7,4,0.0,3.521,0,2,0.855,0.018,7,0
0.902,5,0,0.0,4,4,3,2,4,0,2,-0.52,0,5,1,0,2,6,1,2.088,4,6,2,3,1.981,5,0,6,0,0,4,5,6,2,0.0,1.756,3,4,1.052,0.746,7,0
0.887,7,2,0.0,5,6,4,2,0,0,0,0.545,0,5,4,6,6,6,6,0.554,6,7,5,2,-1.362,6,0,7,2,0,1,3,5,0,0.0,0.911,2,4,1.396,2.187,4,0
1.386,1,2,0.0,7,0,3,7,0,0,4,-0.671,0,3,5,0,1,4,1,-2.456,6,6,4,5,-0.786,7,0,4,2,3,4,4,6,7,0.0,2.961,2,4,1.986,0.21,7,0
1.029,1,6,0.0,3,3,1,1,7,1,4,-0.373,0,5,3,4,0,5,5,-2.631,7,3,1,3,-1.14,0,0,5,7,7,2,4,6,6,0.0,0.829,0,6,1.822,2.324,4,0
0.936,5,6,0.0,2,6,1,6,3,0,4,-0.08,0,3,1,0,0,5,1,-4.559,4,1,2,7,0.224,7,0,5,3,7,0,4,1,7,0.0,0.037,3,0,0.404,4.156,3,0
0.597,7,7,0.0,1,6,1,2,0,0,3,0.76,0,3,0,1,3,2,6,-1.039,6,0,1,4,1.058,5,0,5,0,1,1,3,5,6,0.0,-0.265,0,3,0.943,-1.065,0,0
0.011,3,0,0.0,3,6,4,7,0,0,6,0.942,0,7,0,1,1,3,7,-0.465,3,2,0,1,-1.982,3,0,1,4,1,5,7,0,3,0.0,-0.063,6,3,0.573,-0.88,1,0
0.048,2,5,0.0,4,6,2,2,0,0,3,0.085,0,1,0,7,1,5,3,-4.758,0,4,6,1,1.901,5,0,5,7,6,3,7,3,3,0.0,-0.243,6,1,0.333,-1.253,5,0
4.199,6,2,0.0,0,4,1,5,1,1,0,0.789,1,2,2,7,7,4,7,6.967,4,1,1,4,2.133,7,1,3,0,2,0,1,2,5,0.0,3.205,6,5,4.143,4.128,5,1
1.734,3,0,0.0,2,4,6,1,1,1,0,0.641,0,3,6,5,1,3,1,9.459,6,6,5,7,1.182,3,0,2,5,3,1,3,1,5,0.0,3.414,2,0,2.848,4.784,5,0
1.169,0,4,0.0,7,1,3,3,7,0,0,-0.103,0,3,0,6,7,6,4,0.327,1,4,6,6,-0.155,2,0,1,6,3,7,3,5,1,0.0,-0.568,6,1,0.979,3.13,7,0
1.912,5,5,0.0,7,1,7,7,4,0,2,2.841,0,7,2,6,1,1,7,2.411,4,3,0,3,1.635,5,0,6,0,4,0,2,7,0,0.0,2.039,5,1,1.944,2.199,0,0
1.159,5,0,0.0,6,2,3,6,4,1,5,0.802,0,7,3,6,7,4,7,3.014,6,5,7,5,-0.213,5,0,7,6,4,5,4,3,1,0.0,0.624,3,7,1.114,-0.544,7,0
2.437,7,5,0.0,1,3,2,7,4,0,5,-0.081,0,3,0,7,4,5,5,3.29,0,4,6,4,0.5,3,0,4,6,1,6,2,3,3,0.0,1.895,0,7,1.277,4.465,3,0
2.363,3,0,0.0,5,0,6,7,2,0,7,-0.568,0,4,2,7,4,0,3,0.704,7,1,1,2,-0.801,0,0,6,0,5,1,2,7,3,0.0,1.968,1,7,2.623,0.392,5,0
0.663,5,0,0.0,5,5,4,4,2,0,6,0.96,0,6,4,5,2,0,0,-0.488,4,5,6,1,0.027,4,0,0,5,7,4,0,2,7,0.0,-0.971,7,0,0.434,-1.971,4,0
3.004,0,0,0.0,3,5,7,5,1,0,6,-2.481,1,0,5,1,0,7,1,3.846,6,2,7,2,0.404,4,0,4,1,7,2,0,0,4,0.0,3.399,2,2,2.854,1.81,3,0
2.266,1,3,0.0,5,3,2,1,4,0,4,0.34,0,1,4,7,7,1,4,-0.444,2,0,0,1,0.288,2,0,4,4,7,0,7,1,5,0.0,0.401,5,6,1.793,1.303,5,0
2.124,7,3,0.0,4,7,0,1,0,0,3,-0.635,0,2,3,6,1,3,1,0.863,6,0,0,7,-0.779,3,0,1,6,4,1,7,1,1,0.0,0.72,3,3,2.047,1.876,2,0
0.806,6,5,0.0,5,6,1,6,5,0,4,1.537,0,4,7,7,5,4,2,0.001,1,6,7,4,-0.428,3,0,4,7,4,2,7,7,2,0.0,1.504,7,7,1.238,2.201,6,0
2.638,6,5,27349.13,3,3,1,0,2,1,4,3.018,0,6,6,1,1,0,3,2.294,6,6,4,3,-0.168,2,1,3,6,4,5,7,3,5,0.0,6.537,5,7,2.673,2.019,2,1
2.027,1,5,0.0,1,7,7,3,4,0,7,-0.644,0,7,5,2,1,0,4,-0.133,5,0,5,2,1.488,5,0,1,3,7,3,5,0,0,0.0,-0.18,5,1,1.873,3.195,6,0
1.937,3,2,0.0,4,4,6,6,5,0,2,0.664,0,6,0,5,0,7,2,3.782,0,3,5,6,1.665,2,0,0,0,4,5,2,5,1,0.0,0.794,6,0,2.285,2.105,7,0
0.849,3,4,0.0,0,2,2,0,3,0,3,0.364,0,2,6,1,4,2,0,1.066,1,5,6,5,0.507,2,0,2,5,0,4,3,1,4,0.0,1.5,2,1,1.246,1.343,1,0
1.615,2,2,0.0,2,4,7,3,3,1,6,-1.022,0,0,6,6,2,7,1,1.53,3,2,1,1,1.31,7,0,3,7,3,0,6,6,5,0.0,1.888,2,4,1.862,2.213,4,0
0.975,2,7,0.0,0,0,0,7,2,0,6,-0.556,0,4,1,7,1,7,7,0.743,7,7,0,2,1.022,2,0,3,2,5,3,7,7,0,0.0,1.787,1,0,1.85,-0.163,1,0
1.212,5,6,0.0,1,5,3,0,1,0,5,-0.688,0,5,3,2,6,1,7,1.816,4,3,4,4,-0.633,3,0,0,7,4,3,6,2,7,0.0,1.928,1,1,1.164,4.648,4,0
1.19,1,6,0.0,0,1,2,4,1,0,2,-1.071,0,1,0,2,7,2,1,4.416,5,7,5,3,0.375,5,0,1,5,3,7,3,5,2,0.0,3.083,1,4,1.569,1.238,1,0
2.678,3,1,26569.62,5,1,5,5,3,1,2,1.095,0,3,5,3,2,2,3,0.241,1,3,4,4,-0.803,3,1,4,2,1,4,4,1,6,0.0,3.444,6,6,3.245,7.109,2,1
1.311,5,2,0.0,7,5,5,3,1,0,5,0.582,0,0,1,3,1,4,4,4.357,3,0,3,6,-2.279,7,1,7,1,5,0,2,4,6,0.0,0.429,0,3,2.03,1.697,0,0
4.112,6,6,18665.17,3,7,4,7,1,1,5,1.492,1,1,1,1,4,5,2,1.404,2,0,3,7,0.627,6,1,6,7,5,2,5,7,2,0.0,2.586,2,4,4.19,4.131,1,1
1.44,2,1,0.0,6,7,1,6,0,0,5,1.925,0,7,5,7,6,5,6,-2.055,4,0,7,0,0.119,4,0,2,2,1,0,2,0,5,0.0,1.486,3,3,1.579,1.914,2,0
3.645,0,4,0.0,3,1,2,4,1,1,3,-0.897,0,7,0,4,1,5,6,6.943,6,7,0,2,-0.013,2,0,3,4,4,4,4,6,1,0.0,3.502,3,3,2.638,-0.02,2,0
1.552,1,5,0.0,4,5,3,5,0,0,3,-0.621,0,0,4,2,4,2,3,1.684,0,0,0,4,-0.956,1,0,7,6,0,6,6,1,5,0.0,3.045,0,5,1.017,1.699,6,0
1.228,1,5,0.0,4,1,3,0,5,0,5,0.72,0,4,6,0,1,5,3,4.58,4,5,1,3,1.391,4,0,0,4,2,5,2,4,1,0.0,1.959,1,2,1.939,-0.77,5,0
0.496,6,5,0.0,2,2,6,4,5,0,1,0.972,0,7,7,1,4,5,4,3.225,0,0,3,4,0.702,4,0,7,0,5,3,5,7,3,0.0,0.838,6,0,0.55,0.913,6,0
2.9,5,3,24800.61,7,7,3,6,5,1,5,1.667,1,3,7,5,5,7,4,0.929,6,7,6,7,0.249,6,1,7,7,4,2,2,5,7,0.0,5.288,4,5,3.909,6.374,2,1
1.601,4,1,0.0,0,1,2,6,4,0,7,1.084,0,6,3,1,7,1,4,5.356,4,2,1,1,0.004,0,0,6,3,4,7,7,0,5,0.0,2.651,2,2,1.336,4.901,1,0
0.603,0,3,0.0,4,5,3,6,7,0,3,-0.919,0,3,7,1,1,0,2,-2.194,6,5,3,4,0.19,6,0,3,4,6,5,2,1,0,0.0,-0.192,3,6,0.686,-0.415,3,0
1.043,2,2,0.0,7,2,0,2,7,0,3,-1.904,0,2,3,2,2,3,1,0.106,3,2,5,4,-0.811,0,0,6,4,3,1,1,2,7,0.0,0.516,0,2,0.388,-2.491,7,0
2.05,1,6,0.0,2,3,7,5,7,1,7,-1.44,0,4,6,4,0,6,5,-1.413,7,0,3,0,-0.052,1,0,3,5,2,0,3,3,2,0.0,0.887,0,5,1.678,-1.336,0,0
0.671,7,4,0.0,7,1,2,4,1,0,5,2.778,0,5,3,2,6,3,1,2.247,1,6,0,2,0.433,7,0,3,0,2,1,6,7,5,0.0,1.601,5,2,1.373,1.326,7,0
1.725,0,0,2707.83,6,0,3,5,4,1,7,3.217,0,2,3,1,2,6,1,4.357,5,5,2,6,-0.096,6,1,4,2,3,2,0,3,2,0.0,3.031,4,1,2.776,0.771,4,1
0.523,4,5,0.0,0,4,0,2,5,0,5,-2.908,0,5,0,0,2,0,3,0.064,3,2,4,5,1.151,4,0,6,0,5,3,2,0,3,0.0,1.832,7,1,0.31,-0.158,1,0
1.103,5,1,0.0,3,1,2,4,7,0,2,-0.38,0,0,7,7,6,0,1,0.207,3,5,6,3,-1.234,4,0,5,7,1,3,6,2,3,0.0,2.126,5,0,0.717,0.9,2,0
1.81,1,7,0.0,0,7,2,3,4,0,6,-0.633,0,6,6,4,1,2,7,1.254,0,1,6,0,0.065,3,0,7,3,0,7,4,0,6,0.0,3.337,2,0,2.428,4.136,7,0
2.641,3,7,0.0,3,3,1,7,0,1,0,0.324,0,5,7,6,1,4,5,5.852,5,7,3,6,-1.591,5,0,7,3,3,7,5,1,0,0.0,1.119,2,6,2.006,1.128,7,0
2.156,2,3,0.0,2,5,4,2,4,0,1,0.293,0,2,3,4,6,2,7,1.082,2,7,3,3,-0.815,6,0,0,5,0,6,4,3,3,0.0,1.464,4,1,1.883,2.797,7,0
0.584,4,2,0.0,5,0,4,5,3,0,7,-1.152,0,4,5,4,5,0,6,2.429,4,6,7,1,1.163,2,0,0,7,7,4,6,2,7,0.0,3.071,2,5,1.461,1.367,6,0
0.971,3,2,0.0,2,3,4,6,1,0,0,0.595,0,2,4,6,1,0,2,1.97,2,3,0,4,-1.074,7,0,2,4,2,1,6,6,7,0.0,0.797,2,0,1.105,0.042,4,0
1.625,2,7,0.0,6,6,6,6,3,0,3,0.824,0,0,6,0,7,7,1,0.993,7,5,6,4,2.123,4,0,2,4,0,0,3,0,4,0.0,-0.092,4,7,0.963,0.304,2,0
2.359,6,2,0.0,4,2,1,2,3,0,4,0.268,0,0,2,7,3,1,7,4.465,6,5,0,4,0.528,1,0,7,5,1,0,1,3,4,0.0,3.672,0,7,1.785,0.838,4,0
1.237,3,7,0.0,6,5,7,4,6,0,4,-1.732,0,6,4,7,5,4,0,2.175,5,7,2,1,0.487,2,1,0,7,4,3,2,6,3,0.0,4.272,3,5,1.339,1.257,0,0
2.779,7,4,0.0,3,6,1,3,5,0,4,-0.723,0,2,5,4,6,5,1,-1.286,3,0,1,7,0.339,2,0,7,1,1,7,7,3,4,0.0,2.971,2,4,1.423,2.644,1,0
1.027,5,4,0.0,4,1,5,5,3,0,5,-0.027,0,6,5,6,5,1,2,2.695,4,2,7,4,-0.655,3,0,7,1,5,7,3,4,3,0.0,1.82,2,0,1.436,2.58,1,0
1.208,7,0,0.0,6,7,4,7,2,0,0,-0.178,0,0,3,3,1,6,5,-0.235,1,2,5,4,-0.381,6,0,6,5,5,1,1,5,0,0.0,3.26,6,4,1.756,5.958,6,0
1.162,5,5,0.0,5,4,3,7,0,0,5,-0.926,0,2,4,0,2,2,2,0.336,2,0,6,1,1.903,2,0,4,1,4,0,7,6,0,0.0,0.873,4,5,1.634,-0.895,3,0
2.835,1,7,0.0,0,5,0,2,7,0,0,0.594,0,4,3,1,0,4,2,5.091,1,2,6,7,-2.588,7,0,3,2,3,4,2,5,4,0.0,0.518,7,2,1.246,2.911,2,0
4.55,2,0,31013.73,5,5,1,1,7,1,0,1.433,0,0,2,0,1,5,0,4.677,2,3,3,0,-0.18,6,1,6,0,3,1,7,3,2,0.0,4.032,2,0,4.415,4.542,4,1
1.861,6,3,0.0,1,7,6,1,6,1,3,0.524,0,7,0,0,1,3,5,0.226,0,4,1,7,-1.314,5,0,0,1,7,6,3,5,1,0.0,0.17,2,4,2.686,0.584,1,0
0.413,6,2,0.0,0,4,6,7,0,0,5,-0.091,0,5,4,1,2,1,1,7.132,4,0,2,4,0.446,4,0,6,1,6,2,1,5,0,0.0,-0.048,7,1,1.424,-0.856,7,0
1.132,4,7,0.0,2,6,6,3,1,0,2,0.302,0,4,6,6,7,1,5,2.765,3,5,2,3,-1.052,5,0,3,7,1,7,2,7,1,0.0,0.991,2,6,0.547,0.014,0,0
1.181,1,2,0.0,7,4,6,7,4,0,5,-0.907,0,1,4,0,5,7,2,1.835,0,2,0,2,1.267,4,0,7,5,6,7,3,0,2,0.0,1.626,0,6,0.907,1.011,4,0
3.938,1,1,0.0,5,2,3,1,7,1,5,0.411,1,2,6,3,2,3,3,4.712,0,2,7,7,1.5,2,1,1,1,3,5,6,6,7,0.0,3.445,2,5,3.926,5.11,4,1
-0.074,2,6,0.0,3,7,6,3,2,0,5,-0.891,0,2,2,7,7,4,0,-0.188,3,3,5,0,-0.382,1,0,6,1,5,3,2,5,6,0.0,1.788,6,0,0.393,-2.079,0,0
1.609,0,0,0.0,6,2,2,1,2,0,0,0.258,0,4,1,1,6,4,6,1.347,2,4,0,1,-0.243,1,0,5,3,6,4,6,6,5,0.0,0.982,0,2,1.49,0.988,5,0
2.318,6,2,0.0,3,2,4,0,0,0,5,-0.591,0,5,0,7,2,7,6,2.138,1,1,5,2,-0.445,6,0,1,3,2,5,4,6,5,0.0,2.063,3,4,1.441,2.873,1,0
0.705,4,0,0.0,6,2,5,0,0,1,5,0.49,0,1,6,4,7,5,6,-0.105,4,3,3,1,-0.655,1,0,3,5,1,5,7,0,3,0.0,2.909,7,3,1.037,1.586,0,0
0.821,3,3,0.0,4,6,1,7,7,0,5,1.501,0,4,2,1,4,4,5,0.531,1,3,5,7,1.464,7,0,6,2,3,5,7,3,1,0.0,-1.834,2,3,0.841,0.21,7,0
1.337,1,7,0.0,6,3,5,1,1,0,7,-0.132,0,5,3,2,6,1,2,5.987,1,3,5,2,0.158,4,0,4,6,3,5,6,2,4,0.0,0.023,3,2,1.021,3.188,5,0
1.24,4,4,0.0,2,0,1,2,2,0,1,-0.529,0,6,3,2,4,5,0,1.018,1,3,1,7,-0.05,1,0,1,0,3,2,7,2,3,0.0,1.251,2,7,0.969,3.722,7,0
3.281,2,5,18783.97,3,7,7,2,5,1,1,1.71,0,1,2,0,1,1,2,1.306,6,2,5,4,-0.447,6,1,2,2,1,7,1,2,3,18.22,2.242,7,4,2.758,-0.792,5,1
0.673,1,0,0.0,4,7,6,2,1,0,1,-1.185,0,0,2,7,2,1,5,3.009,7,1,0,5,1.558,3,0,4,7,1,6,6,4,0,0.0,1.066,4,0,0.886,1.012,2,0
3.002,2,3,17460.05,0,1,2,0,6,1,0,1.305,0,1,3,3,1,7,1,3.883,1,1,2,6,-0.375,3,1,1,2,6,1,4,6,1,52.17,3.878,7,5,2.258,4.453,5,1
1.233,4,3,0.0,0,0,0,6,3,0,4,0.418,0,5,7,3,3,6,6,0.979,4,3,3,7,-0.466,3,0,3,2,5,5,4,2,1,0.0,2.542,6,3,1.566,3.55,3,0
2.358,4,7,0.0,4,5,1,2,2,0,6,0.11,0,1,4,2,5,1,3,4.31,1,7,3,2,0.413,7,1,3,1,5,0,7,0,1,0.0,0.033,1,5,2.489,2.424,1,0
2.661,3,7,0.0,1,0,0,3,3,1,6,-0.134,0,2,7,5,2,2,0,5.355,3,1,0,2,0.367,3,0,4,0,3,0,4,6,3,0.0,2.236,4,4,2.458,1.132,2,0
1.596,7,5,0.0,7,1,3,7,3,1,5,1.649,0,3,3,2,5,4,4,4.538,4,1,5,1,1.613,4,0,0,4,1,7,5,6,0,0.0,2.963,6,6,1.47,1.679,3,0
1.148,1,5,0.0,6,6,1,7,2,0,3,1.023,0,3,3,0,1,1,2,-1.278,0,2,0,6,0.856,3,0,2,2,7,4,0,7,5,0.0,1.943,3,0,2.183,2.288,2,0
1.491,0,5,0.0,5,1,5,0,7,0,0,-0.01,0,5,1,4,4,4,6,0.837,3,1,6,2,0.513,1,0,7,3,1,5,1,7,2,0.0,-0.169,6,5,1.126,2.383,3,0
1.361,7,2,0.0,1,2,7,2,4,0,5,0.381,0,4,2,3,5,2,5,-0.449,0,2,5,1,0.68,4,0,1,3,1,7,0,7,0,0.0,1.05,4,0,0.871,4.144,4,0
3.976,7,5,26088.96,2,4,5,5,7,1,0,1.041,1,3,2,1,0,1,1,3.588,2,5,7,5,0.342,4,1,2,1,6,3,4,1,5,0.0,3.58,3,3,4.602,5.736,5,1
0.754,6,2,0.0,5,2,4,3,0,0,2,-1.246,0,3,0,6,0,7,0,-0.914,7,7,1,3,-0.727,2,0,1,5,2,5,0,3,1,0.0,0.487,6,5,1.334,1.293,7,0
2.995,3,3,0.0,0,4,0,5,1,1,5,0.801,0,0,7,5,0,1,6,-3.462,3,3,5,2,0.733,1,0,4,0,1,0,1,0,5,0.0,2.707,3,0,2.239,0.468,0,0
3.254,1,0,0.0,7,3,4,2,7,1,4,2.1,0,4,2,3,2,4,0,1.844,2,0,5,0,1.612,0,1,0,7,2,7,6,2,4,0.0,3.414,7,3,2.64,5.921,7,1
1.061,4,6,5817.85,6,1,6,2,1,0,6,1.861,1,1,2,5,6,5,6,2.404,4,7,1,1,-1.435,5,1,4,5,3,0,7,2,7,0.0,1.487,2,1,2.58,5.472,5,1
1.639,1,3,1950.43,2,3,5,1,5,1,6,2.224,0,2,5,6,3,6,0,5.187,0,0,2,7,-0.512,5,1,5,2,7,3,4,7,5,0.0,3.814,1,4,3.038,2.62,2,1
0.875,1,3,0.0,0,4,3,1,5,0,6,-0.412,0,6,4,6,6,1,1,0.717,3,2,4,3,0.642,0,0,0,6,5,5,0,0,4,0.0,-0.364,1,3,0.577,1.051,4,0
-0.229,1,1,0.0,2,3,4,7,5,0,0,-2.581,0,4,7,4,6,2,5,0.41,6,4,0,3,0.134,5,0,0,5,5,6,7,2,0,0.0,0.595,2,3,0.637,-0.835,6,0
1.846,1,1,0.0,2,6,7,1,4,0,5,-0.096,0,3,0,4,5,3,2,5.597,4,7,6,3,1.165,6,0,1,7,3,1,4,7,1,0.0,0.571,2,6,1.985,2.018,0,0
1.401,2,0,0.0,5,5,4,4,6,0,5,-0.687,0,4,0,7,1,0,0,0.428,7,3,5,6,0.541,3,0,5,6,1,0,4,6,3,0.0,-1.087,6,0,1.027,0.345,7,0
3.062,0,0,28270.4,7,3,0,5,6,1,2,2.736,1,4,7,4,5,5,0,0.313,0,0,6,6,1.923,2,0,3,2,2,2,1,1,6,22.2,1.717,7,5,3.293,6.017,6,1
1.127,1,2,0.0,2,6,4,1,4,0,3,0.707,0,0,7,0,5,4,0,1.822,3,5,7,2,-0.707,0,0,2,0,1,4,3,5,1,0.0,1.812,5,6,0.81,1.845,3,0
0.321,5,5,0.0,7,6,3,4,3,0,4,1.94,0,2,2,7,5,1,4,0.586,5,6,6,3,1.155,4,0,4,5,5,4,2,7,7,0.0,0.277,4,7,0.649,2.048,6,0
3.951,4,6,20457.86,1,7,1,7,5,1,6,0.845,1,0,4,6,4,3,3,0.873,2,5,5,0,0.468,7,1,0,4,6,1,3,6,5,0.0,4.02,2,3,3.027,1.049,4,1
1.686,3,7,0.0,2,6,1,0,6,0,4,1.257,0,1,1,6,5,1,4,7.241,1,5,0,0,-0.107,2,0,7,7,5,4,0,5,7,0.0,0.876,4,5,2.211,0.785,5,0
2.164,4,5,0.0,2,1,6,0,7,0,7,0.647,0,3,5,0,4,7,3,0.069,2,2,6,0,-0.307,4,0,6,2,2,7,5,1,0,0.0,1.039,5,3,1.184,4.454,2,0
2.19,1,7,0.0,7,3,3,4,7,0,4,-2.256,1,5,5,2,0,1,0,-0.797,1,4,1,3,-0.717,7,0,2,6,1,4,2,5,2,0.0,1.9,6,7,2.494,2.137,2,0
6.29,6,6,0.0,0,7,4,6,5,1,0,1.811,1,1,2,4,5,1,3,3.747,3,5,7,4,-1.111,2,1,1,1,7,4,6,6,7,0.0,5.39,5,2,6.415,5.045,6,1
0.816,1,6,0.0,6,3,2,6,5,0,3,1.07,0,1,2,1,6,3,4,-3.126,7,6,1,7,0.002,1,0,7,4,5,2,6,0,2,0.0,-0.503,4,4,0.02,-1.452,7,0
1.437,6,3,0.0,7,1,0,3,2,0,5,-0.266,0,5,1,3,5,5,2,-2.875,3,5,7,4,-0.048,7,0,6,2,3,1,7,1,4,0.0,3.607,1,5,1.762,2.075,6,0
2.375,0,6,0.0,1,2,5,1,4,0,6,0.965,0,6,1,2,6,3,6,1.758,6,0,0,3,-0.644,3,0,5,0,6,4,0,2,5,0.0,1.795,0,5,1.852,3.496,0,0
0.878,0,0,0.0,6,6,2,3,0,0,0,-1.687,0,0,4,6,4,6,3,0.769,7,7,0,6,-0.438,0,0,2,6,6,2,6,7,4,0.0,-0.232,1,6,0.709,2.521,2,0
1.714,0,6,0.0,6,0,5,3,3,0,2,-0.078,0,3,5,7,0,3,2,3.872,2,4,3,7,-0.707,5,0,5,3,7,4,4,4,2,0.0,1.617,1,7,1.787,3.565,0,0
1.861,0,2,0.0,0,7,7,7,1,1,5,0.276,0,2,6,2,5,2,5,0.978,7,7,6,1,0.307,0,0,6,1,5,0,2,6,0,0.0,1.856,3,6,1.501,3.248,0,0
2.011,4,0,0.0,1,5,4,0,6,0,0,-1.226,0,7,3,5,4,5,2,-1.885,7,6,7,1,1.614,2,0,1,3,6,1,5,5,0,0.0,2.687,0,6,1.715,-0.066,7,0
3.767,1,3,0.0,4,3,5,5,1,1,3,2.215,0,1,3,0,7,0,0,4.483,7,1,4,3,1.95,4,1,3,6,2,3,4,6,0,0.0,2.931,3,4,3.249,5.182,7,1
0.567,1,4,0.0,4,7,7,1,7,0,7,-1.008,0,1,6,6,1,7,7,-1.995,7,2,1,4,-2.445,1,0,3,3,6,5,2,7,2,0.0,-0.864,0,4,0.421,1.488,3,0
0.452,4,0,0.0,4,3,3,5,1,0,4,-2.026,0,7,1,3,6,7,6,1.578,6,2,0,2,1.867,5,0,2,4,2,3,4,5,7,0.0,1.704,2,5,0.293,-0.027,6,0
5.311,2,0,0.0,7,6,6,0,4,1,7,0.255,1,4,2,0,3,7,3,6.913,2,6,0,0,-0.126,4,1,3,4,4,3,4,4,4,0.0,5.985,7,4,5.711,6.958,7,1
1.277,7,6,0.0,6,0,4,7,3,0,2,1.023,0,2,2,6,6,3,2,3.328,7,7,6,4,0.682,4,0,6,0,1,6,1,1,6,0.0,3.283,0,5,1.634,2.547,4,0
0.153,6,1,0.0,7,6,1,6,2,0,7,-1.012,0,2,7,0,3,1,3,2.372,3,3,0,3,-0.405,5,0,1,0,0,7,5,2,0,0.0,-0.999,0,0,0.604,-0.679,0,0
0.63,6,1,0.0,4,7,6,0,5,1,3,-0.375,0,5,6,6,1,4,5,0.459,4,2,3,4,-0.681,7,0,5,5,7,0,0,5,1,0.0,1.369,0,2,1.452,0.581,2,0
0.235,7,2,0.0,3,4,6,2,0,0,0,-0.473,0,2,3,0,0,4,4,1.534,7,2,4,0,-0.053,7,0,0,7,7,1,4,2,1,0.0,2.16,4,3,0.463,-0.929,3,0
0.587,2,7,0.0,5,4,6,6,6,0,1,-0.578,0,6,0,6,4,6,3,5.188,7,0,6,4,-0.482,1,0,1,0,6,4,5,5,6,0.0,1.761,1,3,0.513,-2.163,2,0
4.337,6,2,15578.71,2,6,5,0,5,1,6,1.761,1,3,5,7,2,3,1,4.941,1,1,3,6,0.832,4,1,5,3,4,1,1,0,6,0.0,4.051,5,3,3.91,7.289,1,1
1.926,1,2,0.0,6,1,5,5,1,0,6,0.078,0,4,3,5,6,7,2,2.192,1,1,0,1,-0.407,4,0,7,2,7,6,2,6,0,0.0,0.4,7,2,1.772,3.373,1,0
1.421,0,1,0.0,4,1,6,7,0,1,1,-0.633,0,1,6,2,4,5,0,2.225,7,0,5,7,-1.309,6,0,2,2,6,0,4,1,3,0.0,1.465,7,7,2.044,2.223,2,0
2.453,7,5,0.0,7,7,6,2,2,1,2,1.847,1,5,0,5,7,2,3,3.896,2,4,4,5,-0.145,1,1,2,7,0,4,7,2,6,0.0,3.071,2,0,2.426,5.002,7,1
-0.262,0,0,0.0,2,4,2,7,1,0,1,1.389,0,1,0,7,0,1,0,2.456,3,0,0,4,1.247,7,0,3,3,1,1,3,0,4,0.0,-0.273,2,1,-0.014,-0.133,1,0
-0.041,1,6,0.0,6,5,3,1,1,0,5,0.984,0,7,4,4,3,5,0,-3.431,3,3,1,0,1.194,5,0,3,3,1,7,0,5,1,0.0,-3.64,0,0,0.325,0.917,0,0
2.99,6,3,2817.15,4,4,5,0,1,1,2,1.114,0,2,0,2,4,1,3,2.201,2,2,2,6,-0.791,1,1,7,5,7,2,6,7,2,0.0,1.984,4,2,2.881,5.904,0,1
1.27,4,1,0.0,4,5,0,4,0,0,7,-0.395,0,4,1,0,2,7,3,1.135,4,1,2,1,1.641,4,0,1,1,5,5,0,3,4,0.0,1.723,1,4,1.671,3.123,4,0
4.11,3,6,1530.37,3,3,6,4,3,1,5,2.448,1,1,7,4,7,4,1,1.8,1,6,6,1,-0.592,5,1,5,1,0,3,4,0,1,0.0,5.887,5,6,4.306,1.835,4,1
1.261,1,4,0.0,1,5,1,5,2,0,7,0.186,0,2,7,4,4,3,2,3.18,6,6,7,5,-2.935,1,0,7,3,1,6,5,3,6,0.0,0.505,5,3,0.789,2.181,5,0
3.0,1,4,0.0,2,4,3,1,4,1,0,-1.049,0,6,7,2,4,7,2,2.685,7,1,7,1,-0.959,4,0,6,1,6,6,0,6,4,0.0,1.473,1,3,2.663,2.126,1,0
2.693,7,2,0.0,7,5,4,3,7,1,7,-0.56,0,5,7,6,6,3,2,0.455,0,5,3,5,-0.577,3,0,3,1,3,5,4,0,1,0.0,3.303,6,7,1.452,0.314,1,0
0.229,5,3,0.0,7,0,5,1,5,0,6,0.357,0,4,6,4,6,4,1,2.673,6,0,0,0,0.448,6,0,1,4,4,7,2,3,6,0.0,-1.012,6,7,0.556,-1.661,4,0
2.049,0,0,0.0,1,4,5,1,0,0,4,-0.855,0,7,1,7,4,0,6,-0.159,1,1,6,6,0.36,0,0,4,0,3,3,6,1,7,0.0,1.175,6,4,1.209,-1.95,0,0
1.098,1,6,0.0,4,2,3,5,2,0,4,-0.314,0,1,2,1,1,7,7,2.685,1,2,4,3,1.145,2,0,2,3,5,2,4,1,2,0.0,1.615,3,7,1.073,0.623,2,0
1.186,2,3,0.0,4,7,6,0,5,0,1,-0.077,0,3,3,7,0,2,7,0.645,2,7,5,3,0.503,1,0,2,5,0,3,2,7,2,0.0,-0.173,6,6,0.418,-2.832,1,0
-0.085,1,6,0.0,0,2,5,2,0,0,5,-1.184,0,7,5,4,5,4,4,-1.623,7,6,0,2,0.139,7,0,5,7,2,3,1,1,7,0.0,-1.591,6,0,0.213,0.302,3,0
-0.167,7,3,0.0,7,4,4,5,4,0,2,-2.487,0,6,0,0,4,4,3,1.422,3,1,2,6,-0.254,4,0,3,5,5,0,4,7,4,0.0,0.272,1,1,0.26,-0.873,6,0
2.978,7,7,0.0,2,6,3,7,2,1,7,-0.045,0,0,5,7,1,7,7,4.861,1,5,1,0,-0.073,7,0,1,2,0,1,0,6,4,0.0,1.173,1,2,2.099,2.048,5,0
5.557,3,4,10717.74,2,0,2,7,2,1,2,1.171,1,7,7,3,1,0,2,4.123,1,3,1,2,-1.342,4,1,1,5,6,1,5,0,2,0.0,2.649,0,2,5.226,4.428,2,1
5.121,5,4,2639.91,1,5,7,3,3,1,1,1.507,1,0,2,3,7,2,6,3.965,5,5,2,0,-1.217,5,1,2,1,5,1,5,5,3,23.12,4.149,2,6,4.459,4.836,5,1
3.156,5,0,21960.55,4,2,7,1,5,1,7,2.419,0,4,2,2,5,6,6,0.542,2,3,3,5,-0.557,3,1,5,0,6,2,7,5,5,0.0,4.18,1,0,2.906,3.374,6,1
2.662,2,2,28073.91,4,1,6,1,0,1,6,1.935,0,4,4,4,1,3,2,4.768,0,1,5,3,1.524,1,1,2,3,5,6,1,3,6,0.0,3.815,4,3,3.835,3.885,5,1
5.192,1,6,0.0,5,5,4,0,5,1,7,0.792,1,4,3,1,1,4,1,6.649,5,2,0,5,0.911,5,1,7,2,5,1,6,3,4,10.49,5.893,3,6,6.228,6.866,7,1
3.098,7,6,0.0,1,3,2,2,5,1,3,-1.764,0,0,3,2,6,7,2,-0.207,5,1,7,3,-1.114,5,0,3,7,7,4,5,2,6,0.0,1.707,5,1,2.556,1.638,6,0
2.946,4,1,0.0,4,7,3,3,2,0,3,2.319,0,7,1,5,3,2,0,3.674,7,1,3,1,-0.705,5,0,3,5,6,5,5,5,1,0.0,3.236,3,5,2.669,5.215,4,0
0.613,4,1,0.0,6,1,3,2,5,0,1,-1.757,0,1,6,5,1,6,5,2.751,7,6,0,6,0.108,1,0,6,7,5,2,6,3,6,0.0,1.693,5,7,1.357,2.156,5,0
1.5,6,7,0.0,1,6,5,4,7,1,4,-0.549,0,7,0,5,6,4,4,0.264,7,0,0,3,-0.278,5,0,0,5,0,2,0,4,2,0.0,4.038,2,5,3.173,2.635,4,0
2.045,3,6,0.0,6,6,2,2,5,1,3,1.077,0,3,6,6,0,7,3,1.278,6,3,0,2,-0.351,7,0,7,0,1,3,1,6,2,0.0,0.52,7,5,2.02,3.867,6,0
3.9,7,5,24032.65,7,3,6,6,6,1,6,1.544,1,6,1,3,5,7,4,6.16,1,7,5,1,-0.02,5,1,3,7,4,4,0,6,1,0.0,4.611,5,5,3.629,3.203,5,1
0.127,0,4,0.0,1,4,4,5,4,0,2,1.051,0,0,4,4,4,5,3,1.929,4,3,0,7,1.868,2,0,3,5,2,0,5,2,6,0.0,1.567,0,4,0.603,-1.159,6,0
1.862,6,3,0.0,2,7,0,0,0,0,0,0.353,0,4,4,1,6,4,1,1.33,7,0,1,2,0.343,3,0,5,2,2,2,1,7,7,0.0,3.307,4,5,2.765,0.378,1,0
0.533,1,0,0.0,7,3,5,3,3,0,3,1.042,0,4,3,3,2,0,2,-1.118,3,0,0,4,-0.007,6,0,4,0,5,7,3,2,0,0.0,1.648,6,1,0.852,-0.41,6,0
0.568,0,7,0.0,6,2,7,3,7,0,7,0.409,0,7,3,1,0,6,0,0.192,1,3,2,6,-0.109,4,0,2,6,6,7,0,6,3,0.0,2.21,4,0,0.603,-0.84,0,0
6.413,1,0,24231.28,1,0,7,6,6,1,2,2.025,1,2,4,3,5,4,6,3.281,4,2,3,4,0.135,6,1,0,7,0,6,7,7,7,0.0,7.888,2,6,6.43,6.791,6,1
4.024,6,5,15743.59,2,3,1,3,4,1,3,-0.168,1,7,6,4,2,2,0,7.941,0,2,5,1,-0.281,1,1,4,0,3,6,3,6,3,0.0,2.637,3,0,4.234,3.168,6,1
0.659,5,5,0.0,1,5,7,0,3,0,5,-1.991,0,5,0,0,2,4,4,1.689,3,7,3,1,-0.615,4,0,1,7,1,4,7,3,4,0.0,0.06,3,4,0.9,1.976,2,0
1.789,4,1,0.0,6,1,7,4,1,0,6,0.145,0,5,5,2,0,7,2,1.719,7,3,2,1,-0.123,0,0,6,1,4,5,6,5,4,0.0,3.352,3,6,1.485,0.871,2,0
-0.486,5,3,0.0,3,6,0,2,2,0,0,-2.035,0,2,3,5,0,0,1,4.209,5,5,2,0,-0.444,4,0,6,2,0,4,2,6,1,0.0,1.095,0,6,0.737,0.987,4,0
1.234,6,3,0.0,3,5,1,4,1,0,0,-1.227,0,1,6,2,2,6,6,3.408,3,3,4,2,-0.729,4,0,7,7,3,0,4,2,5,0.0,0.852,1,4,0.983,1.406,2,0
1.689,3,7,0.0,3,5,1,5,7,0,0,0.671,0,3,4,3,6,7,1,5.677,1,4,4,4,0.022,4,0,3,1,3,7,3,3,7,0.0,1.633,4,6,1.306,-1.661,1,0
3.262,2,4,0.0,1,1,5,7,5,1,2,-0.133,0,5,2,6,1,1,1,3.3,4,7,1,2,0.152,1,0,6,6,6,3,2,6,6,0.0,3.555,7,4,2.15,2.062,3,0
1.633,2,7,0.0,4,2,1,6,3,1,1,-1.447,0,1,0,2,0,1,7,-1.538,7,6,7,5,-0.181,5,0,3,0,4,3,4,4,7,0.0,0.885,3,2,1.916,-1.336,4,0
1.299,7,0,0.0,6,3,0,4,5,0,7,-0.249,0,0,1,6,3,7,7,-0.272,2,0,2,0,0.978,1,0,4,4,4,3,1,7,6,0.0,-0.981,4,3,0.515,3.436,1,0
0.412,5,0,0.0,7,3,5,1,4,0,1,-0.534,0,6,4,3,3,1,1,-0.931,5,4,5,6,2.071,2,0,2,6,7,3,6,7,3,0.0,-0.351,2,3,1.254,-1.327,7,0
1.515,6,6,0.0,4,2,4,2,6,0,4,0.114,0,6,0,3,0,7,1,0.549,0,1,2,6,1.076,2,0,2,1,1,4,7,0,6,0.0,0.346,5,4,1.997,3.207,2,0
3.139,2,1,32401.07,1,6,4,4,1,1,0,1.396,1,3,0,6,0,4,4,2.828,1,1,1,2,-1.78,3,1,5,3,2,2,3,7,2,0.0,1.173,4,6,3.015,1.762,1,1
1.015,0,5,0.0,7,4,7,3,1,0,0,2.309,0,0,4,7,2,2,3,1.105,0,6,4,7,0.287,6,0,4,7,7,5,5,3,4,0.0,0.727,1,3,1.517,3.424,0,0
1.823,3,1,0.0,3,7,3,7,1,0,6,-0.061,0,0,6,2,0,5,7,2.542,1,4,1,6,0.356,4,0,2,2,5,4,7,2,2,0.0,-0.677,7,2,0.696,0.364,7,0
0.566,5,5,0.0,2,5,7,2,4,0,3,0.107,0,3,5,1,4,0,5,1.697,5,1,6,4,-0.199,5,0,4,3,1,3,2,4,1,0.0,1.722,0,1,0.637,2.716,5,0
2.002,0,5,0.0,4,5,5,4,7,0,7,-0.636,0,5,2,1,0,6,6,2.652,6,1,6,5,1.042,6,0,0,2,0,0,7,1,1,0.0,2.38,2,6,2.112,2.393,0,0
0.731,6,2,0.0,2,0,5,6,2,0,4,-1.393,0,6,0,2,1,4,2,3.366,3,6,4,4,-1.053,3,0,4,2,2,1,3,1,3,0.0,-0.067,2,4,1.148,0.628,5,0
1.692,6,6,0.0,4,6,7,2,4,1,3,3.173,0,2,4,3,0,5,7,1.732,6,7,3,4,0.402,3,1,3,2,3,4,4,4,0,56.91,-0.508,1,7,1.978,0.293,5,1
0.233,7,2,0.0,4,5,2,7,1,0,1,0.175,0,5,2,6,0,7,0,-2.395,0,2,4,7,1.072,4,0,0,4,2,4,7,2,1,0.0,-0.445,4,0,0.772,-0.464,0,0
3.076,2,0,0.0,3,6,3,3,3,1,1,1.032,0,2,1,5,7,6,5,3.266,6,3,6,0,0.263,7,0,0,0,5,0,2,6,3,0.0,1.342,5,2,2.724,5.318,5,0
1.17,2,5,0.0,2,1,2,4,7,0,4,-0.039,0,1,6,0,1,0,7,-0.571,3,4,0,0,-0.362,4,0,2,2,2,0,0,7,0,0.0,0.327,6,1,0.884,-2.243,6,0
6.127,7,1,3517.53,0,6,3,4,3,1,2,0.335,1,0,2,7,7,6,2,10.035,2,0,2,7,0.997,0,1,2,4,6,5,3,2,2,0.0,6.818,7,1,4.945,5.039,3,1
2.858,7,4,21154.87,0,3,1,3,0,1,6,1.276,0,1,5,2,6,3,3,-2.131,5,0,6,4,0.577,4,1,0,1,5,5,0,3,7,0.0,3.527,0,7,3.146,2.605,3,1
0.621,2,6,0.0,5,4,6,6,6,0,2,0.496,0,6,6,3,2,5,2,1.508,1,2,3,4,2.47,3,0,5,4,2,7,1,1,4,0.0,4.639,4,6,1.776,2.866,6,0
2.528,3,0,0.0,7,4,3,3,2,1,1,-1.322,0,5,7,5,0,3,7,0.955,0,3,6,7,2.183,5,0,3,7,4,5,1,6,1,0.0,4.312,4,6,3.223,2.392,7,0
1.339,5,2,0.0,5,7,7,1,5,0,2,1.181,0,6,5,5,5,6,4,3.134,1,3,1,0,0.38,3,0,7,6,3,0,5,4,7,0.0,2.47,2,5,0.531,2.355,3,0
1.469,5,3,0.0,5,7,7,7,3,0,0,0.635,0,5,6,6,7,5,2,0.898,6,4,0,0,-0.748,0,0,7,3,0,1,2,3,7,0.0,1.712,7,5,2.454,1.46,1,0
3.065,7,1,4886.92,3,3,2,2,7,1,2,0.95,0,0,5,1,1,6,1,2.874,6,1,7,4,0.177,1,1,4,4,5,7,7,2,5,0.0,0.54,6,7,2.782,2.096,1,1
0.633,0,1,0.0,7,5,5,5,3,0,3,-1.715,0,4,4,7,2,7,7,-1.2,6,1,0,0,0.373,1,0,3,6,1,4,3,3,1,0.0,0.877,7,2,0.737,0.901,1,0
0.895,4,4,0.0,7,7,3,4,0,0,7,1.561,0,5,3,5,6,3,3,2.169,6,0,7,4,1.044,4,0,5,4,7,0,1,7,7,0.0,1.924,6,0,1.853,2.181,2,0
1.124,0,1,0.0,3,7,0,1,4,0,1,-1.127,0,3,1,0,5,3,3,1.06,1,7,0,5,-0.79,4,0,7,5,6,0,6,7,7,0.0,0.848,6,2,1.157,1.108,4,0
1.118,2,3,0.0,0,1,3,1,1,0,2,-1.885,0,1,4,5,6,4,6,0.476,3,0,6,1,1.128,6,0,4,5,2,2,0,0,2,0.0,0.545,0,0,0.995,1.9,0,0
0.112,3,4,0.0,4,2,1,6,2,0,0,0.703,0,2,3,7,0,5,0,-3.195,4,4,3,4,1.213,7,0,4,7,1,1,2,2,5,0.0,-0.333,0,3,0.237,-1.604,4,0
2.904,1,2,0.0,6,1,1,7,7,0,4,0.364,0,7,3,3,0,6,7,0.983,3,3,5,0,0.481,7,1,4,6,7,1,6,1,7,0.0,2.725,6,2,2.297,0.996,2,0
3.724,2,6,40996.12,2,6,2,1,5,1,0,1.329,1,4,0,1,5,6,6,5.657,3,0,5,0,-0.289,2,1,7,1,5,4,5,2,4,0.0,4.141,0,4,3.794,1.457,6,1
0.201,5,6,0.0,1,0,4,4,1,0,1,1.695,0,1,5,1,7,3,5,-1.133,1,7,5,2,0.976,2,0,7,5,1,5,3,5,4,0.0,0.121,0,1,0.371,-1.264,3,0
0.246,0,0,0.0,4,2,7,7,4,0,7,-1.077,0,2,5,5,1,7,7,0.882,6,7,6,0,0.297,2,0,4,1,5,4,1,0,2,0.0,1.771,2,0,1.191,1.973,1,0
7.208,7,7,41153.87,0,2,0,6,6,1,5,0.8,1,7,6,6,0,4,3,6.013,3,3,0,6,0.74,2,1,6,7,2,4,2,4,6,0.0,4.884,1,7,6.487,3.649,4,1
-0.138,4,7,0.0,6,3,2,6,3,0,1,1.06,0,4,0,6,0,6,7,0.772,0,3,5,6,-0.868,7,0,5,7,2,5,6,6,3,0.0,1.907,3,3,0.623,2.562,1,0
0.099,1,4,0.0,0,1,5,1,2,0,1,-1.668,0,6,4,3,3,5,4,-2.685,0,2,3,5,-0.009,3,0,3,1,5,2,4,5,6,0.0,-0.181,5,7,0.402,1.69,2,0
1.863,7,1,0.0,3,2,7,3,1,1,5,-0.526,0,6,4,4,5,1,1,3.64,3,2,4,3,-0.141,6,0,2,2,1,6,0,6,6,0.0,3.668,3,4,2.024,-0.195,3,0
1.599,7,7,0.0,6,4,5,4,3,0,3,1.96,0,3,6,5,4,2,4,4.116,3,0,4,3,0.152,7,0,2,1,5,5,0,4,6,0.0,2.44,6,0,1.081,-0.199,6,0
1.264,5,3,0.0,3,1,7,4,4,0,7,0.428,0,4,2,5,7,2,5,3.057,7,5,6,5,-0.337,3,0,2,1,2,3,3,0,6,0.0,2.064,3,3,1.94,2.62,7,0
0.753,0,0,0.0,1,6,5,3,6,0,7,0.228,0,7,0,2,1,6,5,1.562,0,2,1,6,0.025,4,0,3,4,5,5,6,4,6,0.0,1.158,3,5,0.316,-2.335,4,0
-0.114,0,7,0.0,5,3,1,0,6,0,2,-0.02,0,5,1,3,2,0,5,0.526,1,5,0,4,-1.348,3,0,3,0,0,0,1,6,7,0.0,-1.865,1,0,0.109,1.753,6,0
1.443,2,7,0.0,5,7,1,0,0,0,4,0.333,0,3,7,5,3,7,4,-0.886,4,3,6,7,1.132,0,0,2,1,1,4,0,7,4,0.0,0.717,0,1,1.048,0.369,6,0
3.171,1,2,0.0,3,0,1,1,0,1,5,2.53,0,7,5,3,0,5,1,5.473,1,6,1,0,1.531,4,1,1,6,1,0,7,1,6,0.0,2.511,5,5,2.183,5.94,5,1
2.038,4,4,16497.75,5,7,3,1,3,1,1,1.395,0,1,0,7,0,5,2,1.989,3,0,0,2,-0.079,4,1,3,6,5,1,1,3,4,0.0,1.869,4,4,2.993,2.824,5,1
3.56,6,4,22914.92,6,2,4,4,1,1,4,2.343,1,5,3,1,5,3,6,7.104,0,4,5,4,0.079,4,1,1,3,6,5,1,0,4,0.0,4.342,3,3,3.741,6.204,4,1
1.981,1,7,0.0,5,1,4,1,6,1,6,-1.495,0,4,1,2,2,6,5,5.767,0,4,0,6,-0.363,6,0,4,6,7,2,4,5,5,0.0,2.137,5,2,2.27,2.295,7,0
0.948,1,2,0.0,6,3,4,5,4,0,1,-0.529,0,5,4,6,0,7,5,-1.443,7,4,0,5,-0.137,5,0,7,6,6,6,1,3,0,0.0,1.024,5,7,0.535,-2.33,3,0
1.01,6,2,0.0,7,2,4,4,5,0,5,1.831,0,2,5,2,2,0,6,3.401,2,0,1,7,1.789,1,0,7,2,0,5,7,5,0,0.0,2.502,7,7,0.935,0.072,4,0
1.539,0,5,0.0,2,1,6,1,2,1,7,0.795,0,6,5,2,2,3,6,-1.584,7,1,3,6,0.206,1,0,4,4,6,7,6,0,5,0.0,2.111,6,4,1.487,-1.193,1,0
1.897,3,7,0.0,6,2,2,6,6,0,6,1.102,0,2,7,2,1,0,6,0.379,5,0,6,4,1.252,1,0,2,6,1,2,1,5,2,0.0,1.35,6,2,1.601,0.305,3,0
3.119,2,6,8647.88,5,0,3,6,2,1,3,1.12,0,0,6,3,7,4,4,3.447,3,6,7,7,0.83,5,1,0,0,7,1,1,5,2,0.0,2.635,0,1,3.313,0.208,1,1
2.226,4,7,0.0,0,3,0,2,4,0,6,-0.947,0,2,5,7,5,2,5,2.901,7,1,6,4,-1.343,6,0,7,3,6,0,4,6,2,0.0,5.184,5,5,1.858,1.945,2,0
1.169,1,4,0.0,4,6,2,6,1,0,7,0.855,0,4,6,6,0,6,0,0.397,1,0,4,7,-0.134,5,0,6,7,6,6,0,4,1,0.0,0.978,7,3,0.977,-0.575,5,0
3.68,0,4,1798.34,3,2,5,4,3,1,4,1.376,1,1,2,2,0,3,3,3.375,1,0,1,6,-0.104,7,1,5,3,5,7,0,1,1,0.0,3.137,3,5,3.478,3.668,7,1
1.155,4,7,0.0,6,3,6,7,1,0,4,-0.004,0,5,5,7,4,1,3,-2.143,7,1,2,1,1.544,7,0,5,5,7,6,0,0,7,0.0,0.825,1,3,0.181,-1.339,1,0
1.041,1,1,0.0,4,6,3,1,4,0,4,-0.314,0,1,5,7,6,0,5,1.431,1,0,4,6,-1.322,5,0,6,6,1,0,1,0,7,0.0,-0.998,3,4,0.677,0.46,3,0
3.197,0,5,16500.71,7,4,6,3,0,1,7,0.55,0,6,1,0,4,3,2,6.494,4,3,4,3,1.235,1,1,5,1,7,1,5,2,1,0.0,4.077,3,6,3.224,2.158,5,1
4.515,5,7,16094.42,7,0,5,0,5,1,0,0.643,1,5,0,3,5,0,4,0.758,6,1,7,2,1.073,2,1,1,2,2,1,7,5,5,0.0,5.405,5,7,4.084,5.28,7,1
2.002,2,6,0.0,6,2,4,4,5,1,7,-0.853,0,7,6,5,2,4,5,0.904,7,4,3,4,-0.607,6,0,5,4,4,6,7,4,3,0.0,1.975,7,0,1.693,2.86,6,0
1.451,1,3,0.0,1,6,3,2,5,0,0,0.021,0,1,3,2,2,2,3,0.022,1,4,7,4,1.578,3,0,1,1,3,0,1,1,4,0.0,1.211,0,0,2.086,1.02,3,0
1.648,6,3,0.0,4,0,3,2,0,0,6,0.495,0,1,4,2,2,1,3,-1.573,4,0,0,3,0.529,2,0,5,2,4,5,3,2,4,0.0,2.14,6,5,1.624,5.23,4,0
-0.518,7,3,0.0,1,4,4,0,7,0,4,-0.577,0,7,6,2,7,5,0,-1.749,7,0,1,0,0.132,1,0,2,0,5,0,0,1,1,0.0,0.211,1,4,0.668,-0.767,6,0
-0.062,5,0,0.0,5,1,5,6,4,0,4,0.05,0,1,6,4,2,2,2,-1.559,3,4,2,6,-0.828,7,0,2,5,7,6,5,0,6,0.0,-2.655,4,3,0.7,-2.758,1,0
0.599,3,2,0.0,2,4,6,7,6,0,2,0.155,0,4,2,4,5,0,6,0.123,0,3,4,6,0.488,3,0,0,1,3,5,4,3,6,0.0,0.705,0,5,0.842,1.205,7,0
3.246,7,1,0.0,5,0,7,2,1,0,4,0.114,0,2,7,5,2,6,3,2.052,6,2,2,4,-0.172,6,0,6,5,5,5,7,7,7,0.0,-0.035,5,6,2.554,0.625,1,0
0.069,1,3,0.0,2,1,2,0,5,0,4,-1.745,0,2,4,1,6,1,2,1.995,3,3,2,6,-2.114,6,0,6,4,0,7,5,3,0,0.0,1.879,0,0,0.417,0.937,5,0
0.909,1,5,0.0,1,5,4,6,3,0,7,-0.461,0,6,5,7,4,0,7,-0.895,6,0,4,6,0.159,7,0,4,0,0,4,3,1,5,0.0,0.116,7,0,0.964,1.714,2,0
2.49,2,7,0.0,3,6,1,2,1,0,0,-0.605,0,4,7,0,5,5,2,3.11,3,7,1,0,-0.607,6,0,3,6,3,6,7,7,7,0.0,3.871,7,2,1.457,7.169,1,0
2.177,6,5,0.0,3,5,5,0,0,0,6,-1.118,0,2,3,2,6,6,1,-0.249,5,0,4,2,0.816,0,0,5,5,7,2,6,6,2,0.0,2.667,4,7,1.822,1.149,6,0
3.276,5,2,6524.51,7,6,1,5,4,1,1,1.361,0,5,4,7,2,5,3,4.227,0,0,0,1,0.178,5,1,0,1,5,3,0,3,1,42.25,2.478,4,0,3.275,4.031,1,1
0.232,2,0,0.0,0,7,5,3,2,0,7,-0.295,0,7,7,6,3,0,0,2.036,3,2,6,5,-0.365,6,0,7,5,7,5,1,6,6,0.0,0.183,7,3,0.963,0.79,5,0
1.232,4,4,0.0,5,7,0,1,7,0,4,-1.449,0,2,7,7,6,0,2,1.172,6,6,7,5,-1.151,4,0,5,1,7,6,3,5,3,0.0,2.255,7,5,1.283,-0.386,2,0
1.72,5,2,0.0,0,5,5,6,4,0,6,0.346,0,4,7,2,0,6,5,1.489,5,0,0,2,-0.583,1,0,3,1,6,2,4,7,5,0.0,1.037,0,0,1.108,4.86,0,0
1.414,6,1,0.0,2,0,4,3,3,0,5,-0.367,0,1,3,6,5,1,7,2.595,5,1,0,3,0.222,1,0,3,7,5,6,6,4,5,0.0,1.223,3,6,1.994,2.429,5,0
2.771,4,4,31942.32,7,5,0,0,6,1,2,0.442,0,2,2,4,3,3,7,0.304,5,1,3,1,0.948,0,1,5,7,2,2,1,7,7,0.0,3.493,2,2,3.145,3.415,0,1
2.341,1,7,0.0,6,5,7,2,3,0,4,0.886,0,1,4,5,2,6,3,2.534,3,7,2,2,0.721,6,0,6,5,6,4,7,1,2,0.0,2.101,2,3,1.419,-0.031,2,0
1.622,3,2,0.0,6,6,7,7,7,0,0,2.574,0,3,1,1,5,1,2,5.891,1,3,2,5,-0.255,4,0,7,0,6,3,4,5,6,0.0,2.478,7,7,1.379,1.96,4,0
-0.031,5,6,0.0,7,5,4,3,6,0,1,-0.215,0,3,4,1,3,1,0,-0.421,5,0,0,4,0.477,2,0,1,7,3,3,5,2,4,0.0,-0.149,0,4,-0.014,1.221,2,0
1.152,1,0,0.0,5,3,3,7,2,0,7,0.344,0,5,1,2,7,6,1,4.799,1,3,5,5,1.322,4,0,7,2,2,4,3,6,4,0.0,1.216,0,5,1.458,0.969,2,0
2.383,0,7,20469.94,3,0,4,7,0,0,2,1.241,1,1,4,5,1,4,4,3.991,2,6,2,2,-0.139,1,1,4,7,3,4,6,6,5,0.0,3.197,4,2,3.089,2.314,7,1
2.215,2,1,0.0,4,6,1,3,6,1,6,-1.036,0,5,5,1,4,2,7,4.257,5,4,4,6,-0.287,1,0,0,4,5,5,7,5,1,0.0,1.685,0,5,1.879,-0.147,6,0
0.696,1,1,0.0,3,1,5,3,3,0,4,-0.468,0,4,3,3,6,0,7,2.024,1,6,4,6,-0.571,1,0,6,0,7,3,5,3,4,0.0,2.69,2,4,1.138,1.126,2,0
1.949,5,1,0.0,6,4,3,3,0,0,3,-0.329,0,7,1,1,5,1,2,-0.874,1,6,5,4,-0.934,7,0,5,6,3,4,7,6,0,0.0,1.193,5,0,1.663,3.562,7,0
2.897,2,7,12512.82,6,7,1,1,7,1,5,-0.213,1,1,5,5,1,2,3,4.084,1,2,1,0,0.723,3,1,4,1,0,6,2,5,7,6.26,2.746,0,3,3.629,5.207,1,1
0.448,1,1,0.0,2,2,7,1,5,0,6,1.363,0,5,7,0,0,4,0,-0.405,2,7,4,1,-1.302,1,0,6,1,3,0,1,6,5,0.0,0.142,4,1,0.423,0.65,1,0
3.629,6,5,10158.05,1,6,2,7,7,1,2,3.131,1,4,6,1,7,2,4,4.534,7,0,4,7,-0.754,2,1,0,3,4,7,4,2,2,23.01,4.851,6,7,4.193,2.058,0,1
0.349,6,0,0.0,1,7,0,6,5,0,0,-0.956,0,7,2,5,7,4,4,2.572,6,7,7,4,-1.488,0,0,6,3,0,7,5,3,4,0.0,-0.631,7,0,0.348,0.387,0,0
2.829,1,4,0.0,0,3,4,4,2,1,1,0.681,0,4,4,7,7,2,0,4.656,5,5,4,5,2.577,5,0,0,7,3,0,6,0,1,0.0,2.086,4,5,2.537,2.545,1,0
1.586,4,1,0.0,4,1,6,4,1,1,2,-0.763,0,3,4,4,5,5,7,2.692,4,1,0,6,1.531,5,0,2,3,6,7,7,7,6,0.0,2.31,4,1,2.128,5.545,2,0
0.206,6,4,0.0,5,2,3,7,5,0,1,-0.789,0,2,4,0,6,4,5,-1.495,0,4,7,0,-0.061,4,0,7,6,0,0,5,5,2,0.0,1.553,0,1,0.627,0.171,4,0
0.629,6,3,0.0,0,4,1,5,2,0,1,0.67,0,6,5,4,7,1,0,1.51,4,7,2,3,-0.661,4,0,6,4,4,4,3,4,7,0.0,0.544,5,5,0.811,2.59,2,0
2.808,0,4,0.0,1,4,7,4,5,0,7,0.35,1,6,3,3,4,4,5,7.296,5,0,2,4,0.966,2,0,4,2,6,7,7,5,1,0.0,1.761,1,2,2.495,2.918,0,0
6.956,3,4,14381.48,5,2,3,2,6,1,0,1.11,1,5,6,7,4,3,3,9.044,6,3,7,5,2.724,6,1,6,4,6,2,1,0,0,0.0,5.503,3,2,6.395,7.767,7,1
2.522,4,0,0.0,2,6,2,4,1,1,5,0.731,0,7,1,5,3,2,3,4.608,7,0,3,0,0.395,1,0,5,2,0,0,4,1,3,0.0,1.621,4,2,3.26,3.868,5,0
0.752,3,4,0.0,4,5,4,0,6,0,6,-0.735,0,2,0,7,6,6,3,0.073,6,5,5,3,0.078,5,0,2,1,0,0,5,5,4,0.0,1.031,6,4,0.273,1.166,6,0
1.54,1,4,0.0,7,6,7,6,0,0,6,2.399,0,4,3,6,4,3,2,2.076,4,5,4,7,0.329,2,0,6,3,3,5,1,4,2,0.0,-0.184,6,3,0.872,1.403,3,0
-0.16,5,3,0.0,7,7,7,0,4,0,3,-0.621,0,2,2,7,6,7,2,-0.423,4,1,4,1,-0.584,7,0,7,5,1,7,3,6,3,0.0,0.897,7,0,0.36,0.026,2,0
-0.881,5,5,0.0,0,6,4,6,0,0,2,-0.771,0,0,1,5,0,5,6,3.56,0,0,0,7,0.231,5,0,0,7,7,3,4,4,3,0.0,-0.286,4,5,-0.128,0.875,5,0
1.099,6,2,0.0,2,1,7,6,6,0,0,0.823,0,3,4,6,1,3,2,2.205,4,0,4,2,0.031,1,0,0,5,0,6,4,5,5,0.0,0.492,2,5,1.86,2.935,7,0
1.19,1,2,0.0,7,4,3,2,0,0,2,0.562,0,4,4,1,1,0,2,-1.288,7,0,2,6,1.207,3,0,6,4,5,1,3,5,2,0.0,3.669,1,0,1.989,4.341,3,0
2.35,0,4,36875.54,6,4,0,5,6,1,2,2.924,0,2,3,2,4,5,1,-0.046,3,4,1,5,-0.674,7,1,7,7,7,7,1,2,2,0.0,0.875,3,4,2.452,4.046,2,1
0.385,6,1,0.0,3,5,0,0,7,0,0,-0.49,0,6,0,5,0,7,1,-0.237,2,1,1,3,0.02,5,0,5,1,4,5,1,6,5,0.0,2.04,0,3,1.389,0.381,7,0
1.231,1,1,0.0,5,4,1,7,6,0,1,0.91,0,1,2,1,2,5,4,1.006,6,6,0,3,-1.376,6,0,6,1,0,7,0,4,6,0.0,0.342,1,0,1.631,2.285,3,0
2.309,5,6,29398.44,7,2,6,5,5,1,6,1.814,1,7,3,0,4,1,4,2.487,5,7,3,1,0.899,1,1,2,6,1,7,6,6,0,0.0,2.861,3,4,2.625,4.376,2,1
4.076,1,6,2912.44,3,7,4,2,7,1,6,0.67,1,1,3,6,6,7,4,6.451,1,3,6,2,0.291,0,1,4,7,0,3,4,5,6,0.0,4.015,0,7,3.983,3.698,1,1
1.525,4,2,0.0,3,3,7,7,2,0,2,-0.051,0,4,1,2,6,7,1,1.063,7,5,1,2,-0.696,5,0,1,4,2,7,0,3,3,0.0,2.218,5,0,1.383,1.048,0,0
3.714,2,2,5669.69,1,1,4,4,4,1,3,1.888,1,1,0,4,2,6,0,2.687,3,7,1,1,-0.191,0,1,4,0,7,2,3,3,4,0.0,3.967,4,7,3.121,5.581,5,1
0.883,3,4,0.0,4,0,0,0,2,0,5,1.076,0,5,5,2,0,1,1,3.93,5,0,5,5,-2.358,6,0,3,4,7,4,3,3,6,0.0,1.156,0,3,0.785,1.641,2,0
2.619,4,1,0.0,5,6,7,5,3,0,5,-1.096,0,4,2,4,3,3,0,2.615,3,6,0,3,-0.929,7,1,5,7,6,6,1,0,3,0.0,2.614,6,3,2.245,1.939,3,0
0.312,3,4,0.0,1,6,6,1,4,0,7,-0.693,0,7,1,3,7,5,6,-1.986,6,7,5,0,0.617,5,0,5,6,6,7,1,1,1,0.0,-0.794,7,1,1.332,2.309,5,0
3.036,4,4,12069.46,4,7,6,0,5,1,1,2.475,0,2,4,1,7,7,5,1.839,3,2,4,6,-0.516,4,1,0,3,3,4,0,6,5,0.0,3.363,2,3,3.095,0.205,0,1
0.029,3,4,0.0,5,3,1,5,3,0,2,-0.427,0,7,5,4,7,6,0,-0.255,2,7,5,6,-0.731,1,0,5,4,2,3,3,5,4,0.0,-0.597,6,7,0.381,1.531,7,0
4.198,1,2,25083.44,7,3,7,1,7,1,1,2.252,1,5,4,6,6,1,5,5.986,0,6,6,6,1.501,7,1,7,2,6,7,4,6,3,0.0,2.751,0,0,4.35,6.911,3,1
1.406,6,3,0.0,1,7,5,1,2,0,5,0.011,0,2,6,1,3,0,0,-3.646,6,5,3,4,-0.696,0,0,1,5,4,2,6,5,7,0.0,0.801,6,1,0.948,2.058,5,0
0.784,4,6,0.0,7,1,4,0,5,0,0,-2.099,0,4,2,2,3,5,7,2.124,7,5,0,6,0.296,7,0,1,0,7,5,1,6,6,0.0,2.208,0,7,1.122,2.635,3,0
4.055,0,4,4119.66,0,3,7,3,2,1,2,3.869,1,3,6,3,4,3,6,6.632,4,1,7,6,-0.288,1,0,2,7,6,0,5,6,3,0.0,4.739,7,5,4.231,4.114,2,1
2.862,7,1,18607.32,0,2,2,2,3,1,1,1.223,1,1,3,2,7,4,4,6.681,6,0,6,7,-0.567,1,0,7,1,3,5,0,7,1,37.95,2.013,5,5,2.225,1.609,6,1
0.946,3,0,0.0,4,5,5,3,5,0,7,0.376,0,0,1,2,2,3,0,-1.253,0,7,6,4,0.921,1,0,4,5,1,1,4,2,1,0.0,0.138,4,3,0.306,0.998,6,0
1.768,3,0,0.0,1,5,4,5,4,0,3,0.373,0,3,7,0,6,7,2,1.692,6,3,0,0,1.12,7,0,6,4,7,2,6,6,6,0.0,2.379,0,6,1.455,-0.575,2,0
2.012,5,4,0.0,7,2,5,3,2,0,2,0.416,0,1,1,5,1,3,3,2.036,3,5,2,4,0.689,6,0,2,2,1,7,7,6,1,0.0,1.403,7,1,1.642,3.847,6,0
2.696,0,0,4582.03,5,7,3,2,0,1,4,1.203,0,2,3,6,6,1,2,0.923,3,0,2,6,0.534,0,1,7,2,5,7,3,0,5,0.0,3.674,1,5,2.574,3.436,0,1
1.298,3,2,0.0,3,2,1,3,4,0,5,-0.76,0,5,1,1,4,0,7,4.71,7,5,6,0,1.005,0,0,1,3,4,2,0,0,5,0.0,2.289,3,6,0.345,2.692,0,0
1.24,2,7,0.0,5,4,3,5,4,0,4,0.653,0,6,2,0,1,5,4,2.202,2,2,4,0,-1.347,1,0,0,7,4,5,6,2,0,0.0,1.751,5,5,0.704,-1.748,7,0
3.367,3,3,17417.69,4,3,0,1,1,1,4,-0.074,1,6,5,2,1,7,5,3.338,6,4,2,4,0.474,5,1,5,1,6,5,0,3,0,0.0,3.636,5,5,3.895,2.581,3,1
1.25,6,4,0.0,2,1,5,4,1,0,3,-0.582,0,7,1,2,1,4,6,-0.315,4,1,3,7,-1.891,5,0,0,3,6,3,5,7,5,0.0,0.379,0,3,1.273,2.881,2,0
6.146,0,0,22896.12,3,4,1,2,4,1,3,1.994,1,0,1,1,6,2,7,5.164,2,1,7,3,0.754,7,1,6,4,0,7,3,5,6,0.0,5.331,3,0,6.168,5.595,7,1
1.829,4,7,0.0,2,7,7,1,1,0,0,0.896,0,1,7,6,5,0,4,-0.743,2,2,2,2,-0.697,7,0,3,0,7,3,2,5,2,0.0,3.012,3,7,1.904,3.969,3,0
0.429,6,7,0.0,4,6,0,5,4,0,0,1.655,0,4,5,3,0,1,3,0.582,6,4,7,2,0.688,3,0,3,0,0,2,3,6,0,0.0,1.25,6,3,0.659,3.5,3,0
4.611,2,3,7790.24,0,3,6,6,3,1,6,2.531,1,2,4,6,3,0,5,3.925,2,2,3,0,0.101,7,1,4,2,3,1,0,6,3,48.19,4.461,5,7,4.343,0.327,6,1
1.534,5,0,0.0,6,0,1,0,4,0,0,0.072,0,7,5,3,0,0,5,2.644,2,1,6,3,0.928,3,0,7,1,1,0,1,6,7,0.0,-0.27,7,1,1.771,-0.451,0,0
-0.348,6,3,0.0,0,6,7,1,0,0,4,0.275,0,4,4,0,2,5,7,1.524,1,2,2,5,-1.069,2,0,5,4,0,1,5,1,1,0.0,2.467,5,2,0.108,-0.747,5,0
2.026,1,0,2445.14,6,0,1,2,1,1,4,2.148,0,1,5,4,2,0,4,8.65,1,4,5,7,0.38,3,1,5,7,4,0,2,0,6,0.0,3.738,1,2,3.4,2.544,2,1
1.926,3,0,0.0,1,2,6,5,0,0,0,1.019,0,5,0,0,5,1,3,0.359,4,6,5,5,-0.888,4,0,5,6,1,3,0,6,7,0.0,2.782,2,3,1.159,3.045,2,0
0.973,6,4,0.0,5,1,5,4,5,0,1,-1.439,0,3,1,0,7,3,6,-2.29,6,1,1,1,0.652,2,0,5,5,5,5,2,2,2,0.0,2.227,6,5,1.383,-1.131,0,0
3.313,0,3,3881.13,6,7,5,1,5,1,4,3.191,0,3,4,1,7,6,7,5.259,5,7,6,6,-0.105,0,1,4,0,5,4,3,3,7,51.8,2.206,4,6,3.426,5.279,5,1
1.721,1,5,0.0,5,3,1,6,3,0,2,0.618,0,0,4,3,0,5,0,5.127,4,6,4,0,-0.071,7,0,1,0,6,5,6,7,2,0.0,2.399,3,1,1.831,1.516,2,0
-0.178,4,2,0.0,6,4,4,5,0,0,6,0.942,0,4,4,6,7,5,2,0.871,3,6,1,2,0.882,5,0,3,4,1,7,1,4,0,0.0,3.408,0,7,0.73,-1.253,5,0
1.292,1,6,0.0,2,3,6,0,7,1,3,-1.416,0,7,0,2,6,2,2,1.102,7,2,3,0,0.456,1,0,2,2,2,7,6,4,4,0.0,2.542,7,3,2.787,3.426,1,0
1.891,7,0,0.0,6,5,4,6,3,0,5,2.06,0,2,7,5,4,6,0,1.605,4,0,2,4,0.083,1,0,6,7,5,7,7,2,6,0.0,2.095,2,0,1.673,-0.43,1,0
0.92,4,3,0.0,3,0,0,4,5,0,3,0.632,0,3,5,4,1,0,4,1.666,3,5,2,5,-0.475,3,0,6,6,6,1,4,5,1,0.0,0.943,4,1,0.585,0.146,5,0
1.428,6,3,0.0,7,6,5,7,2,1,2,-0.749,0,1,7,1,7,7,7,3.999,6,6,4,6,-0.211,0,0,0,2,5,2,6,6,0,0.0,1.86,7,2,1.736,1.068,5,0
3.017,4,3,36095.96,6,7,6,6,6,1,6,0.052,0,5,6,6,5,7,6,2.697,2,0,4,7,1.798,4,1,3,3,4,6,2,1,7,0.0,3.027,6,4,1.975,2.937,6,1
3.183,1,2,13655.0,5,1,0,5,7,1,7,1.212,1,5,6,1,6,0,3,4.084,5,0,0,4,0.994,3,0,2,5,6,7,7,3,2,0.0,3.953,4,1,3.149,3.206,3,1
1.952,4,0,0.0,5,2,6,2,5,0,1,-0.61,0,4,5,4,0,4,7,1.671,4,7,1,7,0.411,0,0,3,3,3,1,0,5,2,0.0,2.964,1,1,1.927,0.013,6,0
0.945,7,5,0.0,0,5,1,0,6,0,7,1.651,0,7,3,5,1,1,7,6.318,7,7,2,7,0.059,1,0,6,2,7,0,6,0,5,0.0,1.892,4,2,1.082,0.667,4,0
1.636,2,1,0.0,6,7,0,0,2,0,3,-0.8,0,6,5,0,2,5,5,1.784,5,1,0,3,1.371,1,0,5,3,1,1,2,0,4,0.0,3.942,5,4,1.844,2.957,5,0
3.546,7,0,0.0,3,0,4,3,0,1,0,1.743,1,2,4,3,5,3,7,-0.385,1,1,6,6,1.737,5,1,7,7,7,3,0,0,2,0.0,1.959,4,7,3.481,3.122,3,1
1.4,2,1,0.0,7,1,7,2,3,0,3,1.552,0,7,7,5,7,0,4,0.429,2,6,3,1,-1.401,2,0,3,3,1,2,5,5,7,0.0,3.146,3,2,2.148,2.374,4,0
0.356,5,4,0.0,0,4,0,2,4,0,3,0.068,0,2,3,4,2,2,7,1.785,3,7,1,0,-0.639,4,0,1,6,6,4,0,2,4,0.0,0.983,7,1,0.742,0.584,7,0
3.434,3,6,27808.76,6,1,1,7,0,1,6,2.694,1,7,5,6,0,0,1,0.065,4,2,1,4,0.694,7,1,6,3,7,5,5,5,3,27.0,3.182,7,3,3.232,2.653,0,1
-0.079,1,5,0.0,2,3,7,4,5,0,6,-0.293,0,2,7,0,4,3,5,2.461,0,7,6,5,0.352,5,0,2,3,6,0,7,6,0,0.0,0.062,6,4,0.439,0.802,4,0
0.787,1,1,0.0,2,6,2,6,5,0,6,0.384,0,2,4,7,3,5,6,-2.513,1,6,0,5,-1.984,1,0,5,6,4,2,1,2,4,0.0,-0.018,3,4,0.541,-0.039,0,0
2.75,2,4,35091.14,1,0,4,1,6,1,1,1.372,1,5,3,4,0,2,5,3.026,5,5,5,7,1.684,6,1,2,7,1,2,0,1,6,0.0,4.027,7,6,2.438,5.455,3,1
-0.523,7,2,0.0,5,4,2,2,3,0,3,1.517,0,3,7,4,7,7,0,-2.579,7,7,4,1,0.449,6,0,3,6,2,7,7,6,3,0.0,2.079,0,3,0.531,0.494,7,0
2.099,7,3,13002.45,7,3,3,3,4,1,3,0.329,0,2,6,7,0,1,6,0.898,5,4,2,4,0.235,4,1,3,0,1,2,4,0,7,0.0,2.477,0,1,2.62,5.177,5,1
2.462,1,2,31022.03,5,7,5,3,0,1,4,2.051,1,0,3,0,4,0,2,-5.464,3,0,6,7,0.361,3,1,2,1,7,1,1,2,0,0.0,2.573,2,6,2.152,3.132,0,1
1.844,7,6,0.0,3,1,2,4,1,0,4,0.491,0,5,2,6,0,2,6,0.446,3,3,3,3,-2.11,6,0,3,7,0,0,3,1,5,0.0,-0.232,0,1,1.499,4.068,4,0
0.355,1,4,0.0,5,6,6,3,3,0,4,0.682,0,5,3,2,0,6,1,-0.828,2,3,3,4,-0.264,6,0,4,6,6,0,6,7,5,0.0,0.372,0,3,0.29,-0.08,7,0
1.302,0,1,0.0,6,3,7,7,6,0,4,-1.347,0,7,1,0,1,1,2,-0.458,4,5,7,3,0.286,2,0,4,7,1,0,5,4,3,0.0,-1.126,2,0,0.948,0.404,0,0
6.349,1,6,21715.51,7,0,1,1,0,1,0,1.801,1,1,5,6,2,7,4,6.402,6,6,7,6,-0.281,5,1,4,0,4,1,7,2,1,50.74,4.765,2,1,6.012,10.204,5,1
-1.015,7,5,0.0,5,4,6,2,0,0,3,1.004,0,7,3,7,4,5,2,-0.803,0,5,1,5,-0.466,2,0,6,3,0,4,7,1,6,0.0,-0.088,3,1,-0.043,-2.389,5,0
1.865,7,2,0.0,7,6,5,7,4,0,3,0.111,0,6,7,2,0,6,3,1.073,1,7,3,0,2.045,2,0,2,7,7,6,2,6,1,0.0,2.329,1,2,1.28,2.41,3,0
2.588,1,0,0.0,2,3,7,5,3,0,1,0.223,0,0,0,7,7,7,7,2.542,0,5,6,7,0.696,5,0,7,7,3,2,3,4,2,0.0,1.747,1,0,1.912,2.868,7,0
2.852,2,2,11576.22,0,7,7,6,4,0,7,0.926,1,7,3,6,7,5,1,4.617,3,5,5,7,1.228,0,1,1,0,6,1,5,4,6,43.74,1.856,6,7,2.337,1.56,4,1
2.702,3,6,0.0,3,4,5,5,6,1,2,-1.582,0,2,6,5,6,2,2,5.986,0,4,7,6,-0.055,7,0,4,4,7,3,2,5,3,0.0,3.472,1,7,2.444,3.368,5,0
1.842,5,1,0.0,6,5,2,4,0,0,4,-0.81,0,5,0,1,2,3,0,-0.004,1,6,6,5,0.295,2,0,4,6,7,3,3,5,4,0.0,0.631,5,1,2.056,3.389,7,0
3.111,0,3,1746.22,4,1,0,1,5,1,4,1.368,1,0,4,1,4,5,2,3.82,5,3,5,2,-1.304,0,1,7,4,5,6,7,2,6,0.0,1.229,0,1,2.811,4.142,1,1
-0.44,0,3,0.0,3,5,3,7,3,0,5,1.223,0,1,0,0,6,3,7,-2.574,1,4,4,6,-2.174,5,0,1,7,5,5,3,0,0,0.0,-0.078,1,5,0.918,0.714,5,0
1.39,3,0,0.0,7,2,5,3,1,0,6,-1.251,0,5,6,5,3,2,7,3.166,6,2,3,1,-0.724,7,0,7,2,2,7,1,3,5,0.0,1.803,3,6,0.67,1.925,0,0
2.034,7,6,0.0,0,6,2,2,4,1,6,-0.062,0,7,1,5,5,5,7,2.965,0,4,5,6,-0.383,4,0,1,4,5,2,7,2,6,0.0,1.242,5,6,1.693,1.285,4,0
1.363,7,5,0.0,5,6,4,4,5,0,0,0.574,0,6,2,2,4,1,0,5.63,6,3,2,7,1.288,6,0,3,7,5,3,6,1,5,0.0,0.461,7,4,0.788,-3.9,0,0
1.43,7,3,0.0,2,2,3,1,3,0,2,0.829,0,1,5,7,5,0,3,-2.978,7,0,2,3,0.285,3,0,4,6,5,5,3,1,3,0.0,1.211,2,7,0.773,-0.725,0,0
2.558,5,1,9319.29,3,7,4,5,3,1,5,2.723,0,3,5,3,1,6,3,3.833,7,6,2,6,2.04,1,1,2,2,3,5,5,4,7,0.0,3.691,3,7,3.743,2.143,6,1
2.901,2,1,0.0,6,0,4,2,7,0,5,-1.021,0,7,0,4,6,7,7,0.881,0,0,4,7,-0.34,4,0,5,2,2,7,5,2,5,0.0,2.387,4,5,2.457,5.106,4,0
0.758,0,6,0.0,1,5,7,5,4,0,1,-0.231,0,4,7,1,5,5,1,-5.058,1,6,0,6,-0.101,0,0,2,7,3,2,0,5,1,0.0,2.895,4,4,1.365,3.412,5,0
3.386,2,0,34771.68,3,2,4,6,6,1,6,1.696,1,5,5,3,6,3,1,2.239,5,4,5,0,0.187,4,1,5,5,6,6,2,5,5,16.55,3.649,1,4,3.812,5.058,3,1
3.032,2,3,22955.13,6,5,2,3,5,1,0,0.534,1,0,3,3,4,2,6,5.797,3,7,5,0,0.721,6,1,6,3,6,4,2,2,0,0.0,3.517,2,2,3.154,7.199,1,1
0.909,0,4,0.0,4,0,0,4,6,0,1,0.214,0,4,0,0,0,6,0,-2.396,0,5,0,6,0.131,2,0,5,7,2,3,4,2,2,0.0,3.673,0,2,1.256,1.842,5,0
1.158,2,5,0.0,4,5,7,3,2,0,2,0.152,0,4,2,2,4,0,1,4.097,6,0,4,3,2.289,1,0,2,3,3,2,6,2,4,0.0,-0.307,1,1,0.663,1.552,1,0
4.481,1,7,0.0,2,6,7,3,2,1,6,1.435,1,1,6,2,0,5,5,5.406,2,0,4,3,1.167,5,1,1,6,5,1,6,3,0,17.41,4.653,7,4,4.023,5.295,1,1
3.5,0,2,7885.24,2,0,3,1,2,1,5,-0.668,1,5,3,5,3,5,4,6.082,1,1,6,5,0.919,6,1,7,2,1,0,4,0,3,0.0,5.786,3,2,3.814,4.023,6,1
2.137,3,7,0.0,4,2,7,2,4,0,6,-0.544,0,4,3,1,3,6,1,-1.24,0,1,7,4,0.446,7,0,3,4,3,3,5,0,3,0.0,1.076,7,3,1.399,1.421,7,0
0.534,1,5,0.0,2,7,0,5,2,0,2,0.941,0,3,0,4,6,6,0,-2.362,0,1,6,3,-0.638,7,0,3,3,7,6,5,3,5,0.0,1.605,6,4,0.002,0.093,4,0
2.956,7,5,0.0,1,5,4,2,0,1,2,1.451,0,7,7,4,2,3,2,1.963,6,6,1,4,0.761,1,0,0,3,6,7,0,6,4,0.0,2.866,6,1,2.979,5.157,2,0
6.237,7,5,0.0,6,1,5,1,5,1,6,3.866,1,0,4,2,6,4,0,12.021,5,5,7,3,1.452,7,1,6,4,1,5,7,1,6,0.0,6.055,1,3,7.046,4.495,0,1
0.369,5,0,0.0,7,5,3,3,5,0,5,0.125,0,3,4,7,2,7,0,-1.889,5,7,4,2,-1.902,6,0,3,7,6,2,5,3,3,0.0,-0.054,1,4,0.796,0.94,2,0
1.388,7,6,0.0,7,1,0,2,3,0,7,-0.097,0,7,7,0,4,0,5,2.747,6,2,5,7,1.799,3,0,3,7,7,6,3,3,5,0.0,1.127,1,7,1.204,1.014,1,0
1.253,1,0,0.0,7,5,6,3,3,0,0,2.033,0,1,3,1,0,4,1,-0.327,1,3,6,3,1.331,7,0,5,0,5,0,7,2,5,0.0,2.794,4,1,0.867,0.376,3,0
1.349,3,0,0.0,3,0,6,6,4,0,1,0.907,0,6,5,3,4,4,7,2.053,2,2,4,6,-0.665,3,0,5,1,4,3,5,6,1,0.0,2.605,5,2,1.015,0.485,4,0
5.214,7,6,39754.43,1,3,6,2,0,1,6,1.487,1,4,6,4,6,0,7,6.912,0,3,3,7,0.376,5,1,3,4,5,2,6,5,5,15.79,4.419,7,5,4.294,8.078,2,1
2.563,1,2,21938.68,3,0,2,6,5,1,5,0.89,0,7,3,2,6,1,4,4.969,6,5,4,2,-0.426,6,1,4,3,2,2,0,5,2,0.0,1.43,7,1,3.525,6.169,7,1
0.013,6,0,0.0,0,4,6,2,6,0,2,-1.142,0,2,4,2,2,3,1,2.474,5,3,4,4,-0.969,5,0,4,4,1,7,6,1,7,0.0,1.411,1,4,0.827,-1.013,2,0
1.605,0,3,0.0,6,2,7,1,7,1,0,0.52,0,5,1,1,1,3,6,1.426,3,6,1,1,-0.223,7,0,1,3,6,2,3,3,4,0.0,0.503,6,3,1.559,0.83,2,0
0.262,4,6,0.0,3,2,5,1,5,0,3,1.258,0,1,5,1,0,5,2,1.951,2,7,4,2,0.29,0,0,5,2,6,6,5,1,5,0.0,0.746,0,0,0.101,5.055,2,0
0.212,7,1,0.0,4,1,7,5,6,0,2,-0.772,0,2,4,4,2,2,6,-0.49,0,2,5,1,-0.936,3,0,0,4,1,4,2,5,7,0.0,-1.218,4,6,0.257,-1.053,3,0
0.776,4,3,0.0,5,0,1,5,3,0,1,-0.178,0,6,2,0,5,5,2,0.507,3,6,3,2,1.423,0,0,3,0,1,5,7,2,1,0.0,3.203,6,7,1.756,1.178,0,0
1.646,7,2,0.0,4,0,5,3,2,0,3,-0.637,0,3,0,6,1,0,7,-0.409,1,0,4,1,-1.216,0,0,3,5,0,1,3,6,7,0.0,2.509,4,3,0.978,2.625,1,0
0.431,0,3,0.0,7,0,4,3,2,1,1,1.314,0,2,0,0,1,6,5,4.223,1,5,0,1,1.811,3,0,5,2,4,2,2,4,1,0.0,1.686,1,3,0.851,3.654,5,0
1.278,4,7,0.0,4,2,5,2,7,0,2,0.731,0,2,4,4,2,6,2,2.872,5,3,1,3,0.695,3,0,3,1,3,2,7,2,4,0.0,2.151,5,1,1.189,2.186,7,0
4.029,5,4,3346.99,1,1,6,1,0,1,7,1.512,1,6,1,1,4,2,7,4.008,1,3,4,4,-0.27,5,1,5,2,7,2,1,2,3,0.0,3.384,1,4,3.44,2.56,6,1
0.334,1,5,0.0,7,3,0,7,5,0,2,-1.825,0,3,4,0,5,0,1,-0.73,3,2,7,3,-1.96,7,0,4,0,7,2,2,5,1,0.0,1.502,7,2,0.704,3.475,7,0
0.397,3,0,0.0,3,1,2,0,5,0,4,0.735,0,0,0,7,7,7,6,5.65,0,2,7,5,-0.165,6,0,4,3,3,3,5,6,5,0.0,-0.054,1,4,1.226,0.62,2,0
2.12,7,5,0.0,5,7,6,4,0,1,1,1.439,0,2,6,4,7,5,1,1.002,4,3,4,7,0.673,5,0,6,5,4,5,0,4,5,0.0,1.398,0,7,1.732,4.201,7,0
2.56,5,1,0.0,1,0,4,6,5,1,0,-0.237,0,4,2,4,3,7,6,5.006,2,7,2,3,1.104,1,0,7,7,0,0,5,5,2,0.0,4.792,3,7,2.477,2.224,1,0
0.61,1,4,0.0,6,0,5,4,2,0,0,-0.464,0,5,6,1,7,3,4,3.035,6,3,4,0,-1.494,3,0,3,0,2,5,1,4,6,0.0,0.74,6,1,0.765,0.434,7,0
0.574,6,3,0.0,4,7,7,4,7,0,2,-0.734,0,5,0,7,4,5,1,3.235,5,0,2,2,0.89,7,0,1,0,7,4,7,5,7,0.0,1.833,2,1,0.28,0.115,5,0
0.412,5,1,0.0,7,1,1,4,6,0,1,-2.399,0,6,0,3,2,7,4,-3.357,2,0,7,2,-1.776,4,0,7,2,1,0,1,4,6,0.0,0.083,5,6,1.248,0.235,7,0
-0.495,0,7,0.0,2,0,0,3,1,0,5,-0.158,0,5,4,3,1,7,4,0.718,2,2,1,2,-0.632,3,0,7,3,7,2,4,7,5,0.0,2.667,4,6,0.956,0.97,2,0
0.481,4,0,0.0,7,5,2,5,0,0,2,0.76,0,0,5,0,7,2,1,5.877,6,5,4,2,0.187,3,0,6,0,0,0,4,6,4,0.0,1.744,1,4,1.663,1.866,3,0
1.628,1,7,0.0,6,1,0,4,0,0,4,-0.073,0,7,0,2,1,6,5,2.057,4,3,2,1,0.295,6,0,7,4,0,0,0,0,6,0.0,2.968,6,5,1.187,-0.187,5,0
1.035,5,7,22670.11,2,6,0,4,7,1,0,0.18,1,4,7,2,5,6,7,3.147,3,5,3,6,1.803,7,0,3,2,1,6,3,2,7,0.0,2.589,2,1,1.84,1.298,1,1
0.312,5,5,0.0,7,1,2,7,3,0,0,-0.583,0,2,2,6,3,6,1,1.529,4,6,1,3,0.97,2,0,6,0,6,3,3,0,6,0.0,0.004,4,1,0.402,2.121,7,0
2.365,5,2,0.0,5,0,1,1,3,1,1,-0.635,0,5,2,3,2,1,5,4.153,3,2,0,7,-0.474,4,0,7,5,0,5,5,6,5,0.0,3.176,7,7,2.573,3.354,6,0
1.868,2,5,0.0,5,6,5,1,2,0,3,-0.166,0,6,6,4,7,6,3,-0.313,5,3,4,5,1.502,1,0,6,7,0,2,4,0,5,0.0,1.047,3,5,1.858,1.994,5,0
0.975,7,6,0.0,1,5,0,7,2,0,2,0.346,0,1,5,6,7,6,1,-1.239,3,1,3,1,-0.869,7,0,4,5,3,1,5,4,7,0.0,0.457,7,3,1.478,3.588,7,0
2.192,3,4,0.0,0,5,0,4,0,0,5,0.117,0,5,6,5,6,4,6,2.953,3,5,0,6,-0.287,7,0,2,2,5,3,3,7,3,0.0,-0.553,5,4,1.633,3.459,1,0
0.592,7,1,0.0,5,2,5,0,7,0,2,0.042,0,5,6,7,0,1,2,0.044,1,1,4,7,-0.68,5,0,7,1,6,0,3,2,3,0.0,1.76,1,7,0.74,0.611,7,0
0.797,5,4,0.0,1,2,2,5,6,0,0,0.393,0,3,1,1,5,0,2,-1.322,0,0,0,3,-2.449,3,0,5,1,6,0,2,3,5,0.0,2.13,5,3,0.259,3.46,5,0
1.656,7,0,0.0,5,6,2,6,2,0,0,1.245,0,1,4,3,4,5,4,2.343,2,4,7,1,-0.359,7,0,7,3,6,7,6,5,0,0.0,-0.001,3,1,0.984,1.492,4,0
0.957,1,0,0.0,0,3,2,6,2,0,4,-1.336,0,1,6,1,5,0,2,3.152,3,4,4,3,0.67,0,0,6,0,3,3,2,0,7,0.0,0.727,2,2,0.281,0.79,0,0
3.888,6,2,15276.01,7,7,0,7,7,1,5,2.571,0,1,5,1,5,3,5,2.698,2,0,5,7,0.066,0,1,4,0,3,4,6,5,4,0.0,4.67,3,7,3.002,2.356,3,1
1.271,2,7,0.0,3,5,6,2,4,0,6,-0.763,0,3,5,3,1,0,6,5.005,5,2,1,0,1.619,5,0,7,7,7,1,0,4,7,0.0,1.825,6,1,0.583,-0.051,1,0
5.664,2,1,22724.58,6,6,4,2,0,1,2,1.64,1,3,7,6,0,2,7,5.041,4,5,1,4,0.732,5,1,5,0,7,7,7,1,0,0.0,6.546,5,6,4.607,6.064,3,1
0.307,1,1,0.0,5,1,0,4,6,0,2,0.742,0,2,3,7,6,7,2,2.214,5,6,4,3,0.875,0,0,4,5,0,7,1,7,6,0.0,1.011,3,5,-0.112,-2.083,3,0
1.392,5,3,0.0,1,3,1,1,0,0,0,1.716,0,2,5,5,2,7,7,5.218,1,0,7,1,0.667,7,0,3,5,3,2,3,5,3,0.0,0.289,0,7,1.549,0.577,2,0
3.536,0,3,15148.74,5,1,2,3,4,1,3,1.111,1,0,4,6,6,6,4,4.393,7,1,7,4,-0.912,3,1,5,5,5,5,6,3,1,0.0,2.967,4,6,3.575,3.589,3,1
1.312,7,3,0.0,1,7,0,3,3,0,1,0.964,0,1,5,2,6,2,6,1.438,4,5,1,1,-0.296,0,0,4,4,0,5,5,3,5,0.0,2.339,6,1,1.55,1.636,5,0
1.776,5,5,13462.47,3,5,0,4,2,1,4,1.286,1,6,6,1,6,1,2,-5.222,4,3,7,4,0.216,2,0,6,6,0,1,4,2,5,0.0,2.743,7,3,2.527,2.668,6,1
0.737,5,6,0.0,4,0,4,1,2,0,4,0.849,0,4,6,4,1,6,4,0.553,2,2,1,2,-1.001,3,0,2,1,0,2,5,2,5,0.0,0.064,5,0,0.611,0.439,0,0
1.419,7,3,0.0,4,6,1,7,2,0,4,-1.633,0,5,4,0,1,2,6,1.799,2,0,6,5,0.344,7,0,0,6,1,1,3,0,4,0.0,2.384,5,6,1.674,1.461,4,0
0.015,0,0,0.0,5,7,7,0,5,0,1,0.165,0,2,3,2,1,7,6,3.096,4,2,0,5,0.395,6,0,3,1,7,7,5,1,2,0.0,0.346,7,2,1.167,-0.94,3,0
-0.812,0,5,0.0,2,0,2,1,0,0,6,-1.623,0,5,1,3,4,5,2,3.506,6,0,6,0,-1.494,7,0,0,5,7,5,6,6,2,0.0,0.402,0,7,0.094,0.603,7,0
5.411,7,7,37560.34,7,0,1,2,5,1,0,0.928,1,0,7,6,4,4,3,2.523,7,3,0,0,1.665,5,1,4,7,0,5,6,5,3,0.0,4.838,4,2,4.856,3.345,7,1
0.766,1,3,0.0,6,2,2,1,1,0,7,0.058,0,4,3,6,2,4,7,-1.078,7,6,4,1,-1.543,3,0,1,0,3,6,0,4,3,0.0,0.672,4,3,0.551,-1.62,6,0
2.577,3,5,20511.07,3,4,0,0,0,0,1,2.203,1,2,7,4,5,1,2,8.256,6,6,7,1,0.097,4,1,5,4,1,4,3,3,2,0.0,2.895,2,0,3.245,3.386,4,1
-0.222,7,4,0.0,0,3,6,2,3,1,5,-0.579,0,3,3,5,7,5,7,1.039,7,2,5,6,-0.224,3,0,2,5,4,0,1,0,1,0.0,-0.083,5,2,0.932,0.127,3,0
4.904,2,3,35021.07,3,2,7,6,2,1,6,1.126,1,6,6,0,4,5,7,2.403,0,0,4,7,-0.433,6,1,6,2,5,5,5,3,2,0.0,3.784,5,2,5.096,5.629,3,1
0.04,0,4,0.0,2,7,7,2,3,0,5,0.005,0,1,1,2,6,4,7,2.159,3,7,2,2,-0.59,4,0,6,2,6,2,6,0,5,0.0,2.153,1,5,-0.04,-0.018,6,0
2.578,7,1,0.0,0,0,7,7,7,1,6,0.162,0,0,7,2,5,0,3,4.248,0,3,6,3,-1.04,6,0,5,0,3,3,7,0,4,0.0,1.848,3,4,1.824,-0.715,7,0
1.761,1,0,0.0,2,2,4,5,1,0,2,-0.891,0,0,5,0,0,1,5,1.494,4,6,1,4,0.126,0,0,5,5,1,2,6,0,1,0.0,-0.03,2,5,1.708,3.497,3,0
0.746,5,3,0.0,6,1,7,3,0,0,6,-0.772,0,3,4,2,6,1,5,-0.048,0,3,0,1,0.743,6,0,4,2,0,4,5,5,6,0.0,0.755,4,1,0.693,-0.21,1,0
3.306,2,0,7734.48,4,4,5,2,6,1,5,1.272,0,3,3,0,6,6,2,0.792,1,4,2,6,-0.917,6,1,3,1,7,2,4,7,1,4.24,3.42,4,4,3.443,2.356,5,1
2.825,7,4,0.0,1,3,3,4,4,1,3,1.327,0,3,2,4,5,7,3,1.772,2,0,3,6,1.838,5,1,0,1,4,1,5,2,4,0.0,2.055,7,7,2.433,1.977,7,1
4.05,4,1,0.0,7,2,1,5,7,1,3,0.948,0,4,3,4,7,5,4,4.814,4,2,7,1,-0.331,2,1,4,3,1,6,2,5,7,0.0,0.55,0,4,3.098,1.881,0,1
0.926,1,1,0.0,6,5,4,5,7,0,4,-1.414,0,7,2,3,6,7,4,3.647,7,1,4,4,0.614,6,0,7,0,3,0,3,2,7,0.0,0.533,1,7,0.674,1.328,7,0
4.182,5,7,40520.29,4,3,3,4,7,1,6,2.695,1,7,0,7,3,6,6,1.528,3,1,4,5,1.476,3,1,0,4,6,6,2,7,2,49.75,4.335,5,2,3.314,3.336,6,1
0.079,6,0,0.0,4,5,2,4,5,0,2,-0.539,0,3,5,7,4,3,5,1.075,4,4,1,6,1.225,3,0,7,7,4,0,2,0,1,0.0,1.315,5,2,1.624,-1.609,6,0
2.091,1,0,0.0,2,2,6,2,7,0,4,1.301,0,6,0,7,1,4,4,7.877,6,7,5,0,0.042,2,1,3,4,3,0,6,1,5,0.0,2.022,0,3,2.461,3.896,5,0
0.857,4,3,0.0,2,6,7,2,7,0,6,0.325,0,5,0,5,1,2,4,3.805,7,0,7,5,0.371,6,0,4,4,1,7,0,0,0,0.0,3.657,3,0,1.208,1.924,7,0
4.616,3,4,31853.36,0,4,1,0,7,1,5,2.805,1,5,7,4,7,1,6,4.713,7,0,2,5,-1.126,7,1,2,2,1,4,1,4,5,0.0,4.018,6,3,4.597,9.128,0,1
1.238,6,7,0.0,7,3,3,3,2,0,1,1.671,0,0,4,3,0,2,4,1.675,1,2,4,5,0.362,0,0,2,0,1,3,2,1,7,0.0,1.962,4,3,1.647,-0.203,3,0
2.829,4,1,0.0,2,2,4,0,4,0,6,-0.695,0,3,6,2,6,3,3,-1.854,0,4,7,6,-0.856,2,1,5,6,5,6,0,3,5,0.0,3.348,7,6,2.458,1.205,6,0
0.758,6,6,0.0,4,2,7,7,2,0,6,-0.742,0,7,1,3,6,4,2,-2.13,7,4,4,6,0.263,6,0,3,1,0,6,4,5,1,0.0,2.103,0,1,1.003,2.757,4,0
0.513,6,0,0.0,4,1,5,7,6,0,7,-1.052,0,1,1,7,1,2,6,-0.853,1,1,1,6,-0.963,2,0,2,3,5,2,2,4,6,0.0,0.825,4,0,0.631,2.162,2,0
0.479,3,0,0.0,4,6,4,5,2,0,3,-0.028,0,6,2,5,7,2,0,-0.04,3,2,2,1,0.342,6,0,0,4,7,4,3,7,6,0.0,1.797,3,0,1.378,-1.665,5,0
1.965,2,1,0.0,3,3,7,1,7,0,4,-0.241,0,2,0,7,1,0,3,-2.824,4,2,5,0,0.414,4,0,6,1,5,1,0,7,3,0.0,3.588,6,7,1.745,0.644,7,0
5.295,5,2,31983.42,1,0,4,2,1,1,0,0.987,1,6,3,0,3,3,5,3.657,3,3,2,7,1.55,6,1,6,6,7,3,6,2,1,0.0,5.891,4,5,4.877,2.471,3,1
1.184,3,0,0.0,7,1,0,7,4,0,3,-0.313,0,3,7,1,0,4,1,1.803,6,6,6,0,0.399,1,0,6,4,3,1,0,2,0,0.0,-0.378,2,1,1.152,1.492,5,0
4.827,0,2,34279.26,0,0,2,5,0,1,2,0.592,1,5,5,5,1,6,6,5.136,5,3,1,5,0.096,6,1,6,6,0,3,1,2,6,0.0,4.462,1,6,4.064,3.058,2,1
0.233,2,5,0.0,6,5,5,6,2,0,4,-1.331,0,7,6,2,0,5,4,-1.386,1,0,1,0,1.299,4,0,6,2,5,2,7,7,0,0.0,0.87,1,2,0.011,-1.45,0,0
0.511,2,0,0.0,3,7,2,6,7,0,0,0.695,0,0,5,2,1,1,1,-0.123,5,1,7,3,-0.168,1,0,5,0,0,1,7,6,5,0.0,0.902,2,4,0.714,0.648,4,0
1.803,6,4,0.0,7,2,2,2,7,0,6,-0.114,0,1,2,4,3,7,4,0.209,6,6,2,5,-0.759,3,0,5,0,5,1,1,4,1,0.0,3.197,7,0,1.587,0.206,1,0
1.486,4,2,0.0,3,6,2,2,3,0,6,-0.932,0,7,1,3,0,0,0,0.813,6,0,4,5,0.846,0,0,0,4,0,7,2,2,5,0.0,3.099,3,3,2.156,-1.805,2,0
1.367,4,5,0.0,5,2,6,0,5,0,1,-0.015,0,2,3,0,5,2,0,1.036,2,4,4,5,0.594,6,0,0,2,6,6,1,5,7,0.0,0.038,4,4,0.658,-0.935,5,0
1.693,0,6,0.0,6,4,0,1,2,0,2,0.112,0,7,5,5,0,3,7,4.336,0,6,6,7,-2.146,0,0,1,7,6,2,2,1,4,0.0,1.697,6,1,2.246,-1.347,2,0
2.823,6,3,0.0,5,3,4,5,0,1,7,-0.577,0,6,0,3,6,5,0,7.064,1,7,6,2,1.434,2,0,0,6,3,3,6,7,5,0.0,2.46,2,4,2.999,2.182,2,0
2.302,2,7,19192.8,2,5,7,1,5,1,6,1.43,0,2,7,6,4,6,3,4.352,7,1,0,2,1.391,3,1,3,5,1,0,2,3,4,0.0,1.321,7,4,2.81,0.444,2,1
1.794,3,6,0.0,0,3,2,3,6,0,4,-0.538,0,3,6,2,4,3,3,0.908,7,0,0,5,1.686,7,0,3,0,2,6,5,2,2,0.0,2.309,7,5,1.841,1.607,4,0
2.144,0,4,0.0,5,3,6,7,2,1,3,-1.364,0,6,3,7,5,3,6,1.655,1,0,1,6,0.549,3,0,5,0,5,3,6,5,4,0.0,1.511,3,5,2.118,-1.587,2,0
4.114,0,3,25376.02,2,1,6,1,0,1,4,2.309,1,5,0,4,7,5,7,5.257,2,4,5,6,3.909,2,1,0,3,2,2,6,7,0,0.0,4.664,4,2,4.212,2.761,6,1
2.81,5,5,0.0,2,4,0,0,6,0,7,0.336,0,0,3,2,6,2,0,-0.587,6,5,7,1,-0.95,5,0,3,4,7,3,1,6,2,0.0,0.506,2,6,2.216,2.141,3,0
2.774,1,0,35399.21,0,5,6,7,1,1,5,0.902,1,7,3,7,4,6,5,2.0,7,6,0,5,0.873,7,0,5,2,5,7,5,6,0,9.17,4.875,3,2,2.705,6.551,7,1
4.052,7,0,25681.57,3,7,7,0,7,1,3,1.115,1,6,3,2,7,5,4,6.408,7,2,1,6,-0.387,1,1,7,3,4,6,4,0,4,16.74,3.336,7,1,3.99,3.476,7,1
1.79,7,5,22645.3,2,3,4,5,6,1,4,0.689,0,3,4,0,3,5,0,0.805,7,7,2,1,0.391,5,1,1,4,2,6,6,1,4,0.0,1.558,2,5,3.206,4.198,7,1
0.195,5,7,0.0,7,7,4,3,7,0,6,-0.097,0,5,1,7,3,1,4,1.938,7,1,3,4,0.314,3,0,5,2,2,2,1,1,6,0.0,0.033,2,5,0.493,4.62,5,0
-0.112,5,5,0.0,0,3,7,3,3,0,1,0.469,0,0,5,2,2,2,5,-0.781,1,7,2,3,-1.441,7,0,5,6,6,1,5,6,7,0.0,1.372,7,0,0.244,2.563,1,0
1.809,1,6,0.0,6,0,7,2,2,0,5,1.079,0,3,4,7,0,2,6,2.663,7,1,5,6,0.856,2,0,6,0,3,0,2,1,4,0.0,0.631,5,6,1.61,3.477,3,0
0.63,0,6,0.0,1,2,4,7,7,0,3,-0.437,0,4,5,2,2,2,3,2.131,6,6,1,1,0.538,0,0,6,0,3,6,3,0,7,0.0,-2.769,0,7,1.332,1.273,7,0
2.911,3,1,34583.31,2,4,6,0,1,1,5,2.562,1,1,7,5,2,6,6,3.977,1,5,7,5,0.24,5,1,3,7,1,1,1,1,1,0.0,3.749,4,0,3.325,2.477,5,1
6.067,0,6,25377.24,7,4,2,6,6,1,6,3.28,1,5,5,3,0,7,3,5.916,4,2,5,7,0.72,7,1,1,7,0,4,6,5,5,0.0,6.147,2,2,5.139,5.761,5,1
3.352,0,7,0.0,6,1,7,4,5,1,2,0.689,0,6,5,5,6,6,0,0.465,3,0,4,5,0.583,0,0,2,2,3,4,1,3,7,0.0,1.772,3,6,3.344,3.055,2,0
2.761,3,1,7748.9,2,6,7,7,0,1,2,1.564,1,5,0,4,6,3,6,4.635,3,0,4,5,2.08,3,1,2,7,3,6,6,2,2,0.0,2.204,0,4,2.592,3.687,5,1
4.275,6,5,39535.63,4,7,0,2,0,1,7,2.984,1,5,5,0,5,1,7,0.414,1,7,6,5,0.008,0,1,3,4,2,4,3,4,2,34.22,5.646,3,4,3.063,2.076,1,1
0.603,2,3,0.0,4,5,7,3,7,0,5,0.381,0,1,7,3,6,6,0,-1.292,6,2,3,2,1.072,7,0,5,3,4,6,4,7,6,0.0,1.479,4,4,0.585,1.228,7,0
2.172,3,1,0.0,1,6,4,7,1,0,3,1.736,0,2,4,1,1,5,0,1.705,1,6,3,1,0.608,7,0,7,2,2,5,3,0,1,0.0,1.418,2,4,2.066,2.426,6,0
0.126,4,5,0.0,4,6,0,3,6,0,1,1.495,0,5,5,2,6,6,6,-0.852,1,3,6,3,0.336,4,0,1,1,4,6,5,3,4,0.0,2.552,1,3,0.615,1.854,1,0
0.718,7,7,0.0,5,4,6,4,1,0,7,-1.264,0,1,7,5,1,4,0,1.41,4,6,0,3,2.812,4,0,7,3,2,2,7,6,6,0.0,2.569,4,7,1.112,0.161,4,0
0.799,5,4,0.0,6,0,4,3,5,0,0,0.381,0,6,1,5,6,7,5,1.339,6,4,3,0,-1.38,0,0,4,4,1,2,3,7,1,0.0,0.118,2,3,1.235,-0.019,0,0
1.724,6,2,0.0,1,2,5,3,3,0,6,-0.899,0,6,3,2,1,6,4,1.414,4,1,1,4,-0.91,5,0,6,5,7,3,0,5,1,0.0,-0.095,6,2,1.086,3.007,5,0
1.345,1,1,0.0,3,2,3,6,7,0,6,0.486,0,4,5,0,2,0,0,-3.407,5,1,5,3,0.726,7,0,1,3,6,5,3,6,0,0.0,0.131,7,4,1.498,-0.222,2,0
5.193,7,6,38924.8,7,6,3,7,5,1,5,2.096,1,2,4,2,6,7,2,3.384,7,4,5,3,0.32,1,1,4,0,4,3,1,7,5,0.0,5.864,2,0,5.359,2.436,4,1
0.48,2,6,0.0,0,2,2,3,6,0,6,0.444,0,6,1,1,5,4,3,-4.271,6,6,3,6,-0.596,4,0,3,4,4,7,5,7,2,0.0,0.469,6,5,0.602,1.862,5,0
0.489,7,0,0.0,7,6,6,5,2,0,6,-1.803,0,7,1,1,7,2,2,-0.087,1,3,6,3,-1.791,1,0,4,0,3,4,6,4,6,0.0,1.141,2,1,0.141,3.339,2,0
1.778,1,3,0.0,6,7,5,0,0,1,1,2.739,1,5,5,7,4,2,6,-0.642,7,6,5,4,-0.261,5,1,5,3,0,5,5,5,5,27.92,4.504,2,7,3.303,1.923,1,1
2.448,6,3,0.0,3,6,5,5,3,1,1,-0.483,0,5,5,5,2,6,2,2.602,7,3,5,1,1.219,6,0,0,3,7,2,0,3,0,0.0,2.53,5,5,2.266,4.006,1,0
-0.046,7,5,0.0,6,6,3,3,4,0,3,0.409,0,6,2,0,3,3,3,2.0,3,2,6,7,1.205,2,0,3,7,3,2,0,7,6,0.0,0.152,1,4,0.33,0.987,6,0
3.283,1,5,21360.06,6,7,4,0,2,1,6,1.868,1,0,3,7,5,2,0,0.811,7,0,7,7,-0.713,6,0,1,0,2,3,5,6,0,0.0,2.204,6,7,2.735,1.275,5,1
1.515,6,0,0.0,5,1,2,7,5,0,3,-0.303,0,2,5,3,6,2,6,1.689,6,3,7,1,1.301,5,0,6,7,7,5,5,7,2,0.0,1.729,2,5,1.439,2.536,2,0
5.578,3,4,41768.46,2,5,0,5,6,1,6,1.408,1,7,0,7,6,3,6,6.312,2,3,7,4,1.498,3,1,7,5,2,0,1,6,1,23.37,4.268,4,1,5.53,5.416,2,1
2.076,4,2,0.0,2,7,4,0,3,1,3,-0.538,0,2,7,0,5,3,4,1.437,2,0,5,7,-0.806,1,0,4,1,7,1,7,0,2,0.0,-1.13,1,1,2.145,2.004,2,0
-0.414,4,6,0.0,2,2,4,1,5,0,1,0.251,0,5,3,3,0,1,4,1.874,3,4,7,2,0.403,1,0,2,0,6,3,5,4,6,0.0,-0.399,0,1,0.163,-0.937,4,0
2.411,2,4,0.0,6,6,0,1,7,0,2,2.066,0,1,5,5,1,4,4,2.461,3,4,0,7,-1.957,2,0,4,2,1,6,7,4,6,0.0,3.353,0,0,2.011,3.774,6,0
1.468,3,4,0.0,2,5,0,6,3,0,2,-0.422,0,1,5,0,4,1,7,2.728,4,6,3,2,-0.795,2,0,5,7,5,1,0,5,2,0.0,3.426,3,1,1.775,6.658,6,0
2.721,1,4,0.0,6,0,5,2,2,0,5,1.101,0,7,1,2,2,3,3,3.609,1,1,3,3,1.186,4,1,0,7,1,7,6,3,7,0.0,2.652,1,6,2.358,4.431,2,0
4.332,1,2,40550.36,6,1,5,2,2,0,1,0.872,1,5,5,5,2,7,0,5.298,3,7,3,2,0.309,3,1,4,2,5,7,4,4,4,0.0,3.607,1,3,3.98,3.644,4,1
0.929,2,2,0.0,0,6,0,5,7,1,2,1.37,0,5,5,6,5,0,4,-2.223,0,3,3,4,-1.073,1,0,4,5,1,7,7,3,7,0.0,3.85,0,1,1.928,3.49,4,0
1.181,7,7,0.0,5,1,0,5,3,1,5,0.609,0,7,0,0,6,0,3,0.171,6,2,6,1,-0.625,7,0,5,0,5,2,7,6,3,0.0,0.948,3,7,1.695,4.004,6,0
0.144,3,2,0.0,5,1,7,7,6,0,4,0.118,0,3,2,0,7,3,2,0.49,0,1,1,5,0.719,6,0,0,1,2,1,3,0,3,0.0,1.947,3,1,1.045,0.478,0,0
3.667,6,3,22176.31,6,3,5,2,5,1,4,1.432,0,2,1,2,6,7,7,4.069,0,3,4,7,0.341,0,1,7,0,0,4,6,6,3,0.0,4.231,7,2,3.128,3.084,0,1
3.431,2,6,866.13,0,5,3,2,7,1,0,1.893,1,1,0,3,7,1,0,7.307,3,4,7,6,1.034,7,1,7,0,6,3,6,4,2,0.0,5.843,4,1,3.818,4.194,1,1
2.099,0,1,0.0,2,5,6,4,5,0,0,0.343,0,1,2,7,6,3,1,1.247,2,5,5,0,0.382,3,0,4,5,2,5,3,1,3,0.0,-1.056,2,1,2.048,-0.067,1,0
0.226,2,4,0.0,0,5,3,7,5,0,4,0.955,0,3,7,4,1,5,0,-1.868,1,1,6,5,-0.75,3,0,4,1,5,5,4,1,1,0.0,1.338,6,4,0.145,1.028,1,0
1.799,4,1,0.0,3,5,6,7,7,0,7,0.707,0,3,5,2,2,7,1,1.694,3,5,1,6,0.519,3,0,1,4,3,2,7,0,4,0.0,1.846,1,6,1.788,3.244,2,0
0.789,1,6,0.0,1,5,2,3,5,0,3,-1.027,0,5,4,6,6,2,6,2.843,2,4,0,6,-0.167,6,0,3,7,5,0,1,1,6,0.0,1.506,6,0,1.312,0.605,1,0
2.935,2,7,31695.95,4,5,1,0,0,1,4,1.384,1,5,3,6,1,4,4,1.49,5,6,0,1,0.588,2,1,1,6,0,6,5,2,7,0.0,2.886,5,7,4.018,5.185,6,1
1.947,1,7,0.0,5,2,7,5,7,0,7,-0.706,0,6,2,0,1,6,1,0.077,1,3,5,0,1.05,0,0,7,4,2,6,2,5,4,0.0,0.864,2,0,1.168,-3.016,1,0
1.129,1,6,0.0,1,5,1,6,1,1,2,1.051,1,5,4,4,5,4,7,1.22,4,6,3,0,0.253,5,0,2,1,6,5,1,7,6,0.0,3.377,6,1,2.628,4.614,1,1
2.935,3,6,0.0,6,6,5,2,1,0,3,-2.098,0,0,0,6,0,4,5,3.129,4,2,5,1,-0.348,0,0,7,6,1,4,5,6,3,0.0,2.259,1,6,2.019,4.115,6,0
0.33,6,3,0.0,3,4,1,3,2,0,2,0.016,0,0,3,0,0,5,5,1.619,5,4,5,1,-0.15,5,0,6,5,2,2,1,3,1,0.0,0.748,6,5,1.293,-2.479,1,0
0.278,5,3,0.0,7,5,4,5,6,0,4,0.892,0,6,7,4,3,6,1,0.316,7,7,4,0,-0.434,1,0,0,2,3,3,4,3,0,0.0,1.485,2,3,0.898,1.511,6,0
2.558,0,0,0.0,5,6,1,7,2,1,2,0.581,0,4,1,7,4,0,3,1.047,3,6,3,5,0.058,3,0,5,5,2,0,6,5,6,0.0,2.44,7,2,2.201,3.699,3,0
0.557,2,2,0.0,7,7,7,1,0,0,5,0.817,0,6,1,6,1,4,1,1.392,3,7,5,1,0.707,4,0,4,0,1,4,6,2,0,0.0,-0.673,7,2,0.977,3.234,0,0
5.418,1,4,8704.46,7,3,6,1,4,1,3,1.943,1,1,5,3,4,3,5,4.903,5,3,4,5,0.994,6,1,6,7,6,3,5,1,5,16.89,4.203,5,1,5.149,4.45,0,1
2.45,0,0,0.0,3,5,4,5,2,1,3,1.036,0,7,2,6,4,0,5,-0.493,4,5,1,2,0.486,1,0,2,6,1,4,4,0,4,0.0,-0.671,5,0,1.946,3.724,7,0
3.876,5,0,0.0,0,7,1,0,4,1,4,1.692,1,4,5,6,1,3,1,3.69,3,6,3,7,-0.378,7,1,3,4,0,7,5,7,7,57.79,5.39,4,6,3.468,4.384,7,1
4.118,0,6,11431.43,2,6,2,1,1,1,7,1.343,1,4,0,6,0,5,3,3.855,6,1,7,0,2.54,2,1,7,6,3,1,6,6,3,0.0,5.962,0,3,4.362,3.876,7,1
1.064,5,2,0.0,7,5,1,5,4,0,7,0.201,0,1,5,7,2,1,3,4.172,1,0,7,7,1.481,4,0,5,3,3,1,4,4,7,0.0,2.412,1,2,1.663,-0.909,7,0
2.386,3,2,0.0,0,3,2,2,0,0,4,-0.384,0,3,3,0,3,6,5,3.735,3,0,2,6,-0.484,1,0,5,5,1,2,0,7,7,0.0,1.941,5,0,1.946,3.176,4,0
1.99,0,5,0.0,5,0,0,7,2,0,4,0.043,0,5,2,0,7,0,5,3.204,7,2,0,7,-2.01,5,0,4,6,3,7,3,0,1,0.0,1.475,2,3,1.427,2.255,2,0
2.91,3,4,15512.22,7,2,6,0,7,1,5,-0.457,0,5,5,6,4,3,1,4.574,7,7,0,5,-0.456,6,1,2,1,7,5,0,4,4,0.0,4.607,7,4,3.75,2.429,4,1
1.313,4,2,0.0,4,6,3,2,4,0,7,-1.425,0,1,0,5,2,6,4,3.854,0,1,6,2,-2.158,4,0,3,4,7,4,6,0,1,0.0,1.969,3,6,0.687,1.72,0,0
1.899,6,4,0.0,5,0,4,3,3,0,4,-2.058,0,3,3,0,4,6,3,0.123,5,2,1,2,0.712,7,0,6,1,6,5,1,1,7,0.0,2.665,6,5,1.087,-1.812,7,0
-0.199,3,1,0.0,7,1,4,7,5,0,3,-0.833,0,3,3,0,6,2,7,0.263,5,5,4,7,-0.195,1,0,3,5,2,4,6,7,4,0.0,-0.796,4,2,0.388,-1.068,5,0
1.537,2,4,0.0,6,7,2,1,4,0,0,0.541,0,3,6,4,0,6,7,1.984,1,3,2,6,-1.305,2,0,6,0,3,4,0,2,6,0.0,2.128,1,1,1.192,1.077,5,0
2.427,0,3,0.0,6,5,7,0,1,0,5,-0.537,0,3,1,0,2,4,2,6.988,0,4,5,2,1.112,4,1,4,3,4,4,7,5,4,0.0,3.81,6,1,2.864,2.447,2,0
2.968,6,1,25634.5,6,2,4,6,6,1,5,2.51,1,3,7,0,4,0,3,5.352,3,3,5,2,-1.107,7,0,4,7,4,6,3,5,2,17.73,0.539,3,3,3.311,3.184,7,1
2.757,4,6,7588.98,1,4,2,5,5,1,3,-0.439,1,6,1,2,2,1,0,6.707,6,4,3,0,-0.018,0,1,7,6,3,5,3,5,1,12.02,3.221,2,7,2.952,-0.169,1,1
2.163,3,3,0.0,3,0,3,7,1,0,6,-1.87,0,1,1,5,0,0,4,2.241,0,7,5,5,0.35,0,0,7,0,6,3,0,1,2,0.0,1.421,7,6,1.604,-0.73,3,0
1.101,3,2,0.0,2,7,2,6,3,0,0,-0.213,0,5,4,2,1,4,0,-0.71,6,4,1,1,-1.42,2,0,1,0,6,6,5,5,4,0.0,-0.129,4,0,1.459,-1.234,5,0
0.913,4,5,0.0,4,4,6,3,0,0,5,0.996,0,7,0,2,2,6,6,1.877,3,0,1,0,0.675,0,0,3,3,0,7,6,6,1,0.0,-1.797,6,4,-0.0,0.339,3,0
0.258,0,5,0.0,1,3,0,0,6,0,7,1.128,0,3,2,5,6,4,6,-0.337,7,0,3,2,0.462,0,0,0,4,4,6,2,3,3,0.0,-0.066,4,7,0.522,1.254,6,0
1.634,0,5,0.0,7,5,2,7,4,0,2,2.537,0,4,6,3,6,3,5,-0.278,0,4,1,4,0.116,1,0,2,4,6,1,0,0,0,0.0,2.483,6,2,0.608,2.443,0,0
1.32,1,6,0.0,2,5,2,5,4,0,3,0.781,0,7,7,7,7,4,6,-0.424,2,6,4,4,1.531,4,0,5,1,4,3,5,1,7,0.0,1.513,4,1,1.084,-0.09,0,0
1.146,3,7,0.0,3,0,2,2,1,0,3,-0.543,0,5,2,0,7,3,0,-0.77,6,3,5,1,0.478,1,0,4,5,2,4,1,7,7,0.0,-0.181,1,2,0.955,-1.022,6,0
5.504,7,4,17462.12,3,3,1,0,4,1,5,1.981,1,0,7,5,0,5,6,7.679,5,6,7,1,-0.447,0,1,1,7,3,7,3,1,0,0.0,6.391,0,2,5.904,2.037,2,1
1.206,5,4,0.0,1,3,5,2,7,0,2,0.512,0,5,0,7,5,4,7,0.118,4,4,0,4,-0.666,4,0,2,4,5,4,6,6,3,0.0,0.318,2,5,1.23,0.732,1,0
3.21,6,4,26593.55,4,6,2,7,3,1,3,2.636,1,5,1,1,5,1,6,4.674,6,2,4,2,-0.09,7,1,5,6,2,2,4,2,0,0.0,3.278,2,4,4.169,3.69,2,1
3.942,3,3,8687.34,1,0,5,7,0,1,1,0.05,0,5,4,7,0,3,3,6.156,2,7,1,0,0.668,2,1,0,0,2,5,7,1,5,23.54,1.952,1,7,3.26,3.779,7,1
6.953,3,4,0.0,7,6,4,0,0,1,4,1.72,1,1,6,7,5,4,5,7.954,7,5,3,1,-0.754,6,1,1,0,3,4,1,0,3,0.0,6.867,5,6,6.533,7.572,2,1
1.061,7,2,0.0,5,7,6,4,1,0,0,-0.657,0,0,2,1,6,1,2,0.809,1,6,1,5,-0.136,3,0,4,7,5,5,5,0,5,0.0,-0.24,1,7,0.726,0.064,6,0
2.248,5,4,0.0,3,5,7,5,4,0,4,-1.816,0,4,0,1,0,6,6,2.775,2,3,1,7,-1.562,2,0,6,7,3,4,2,4,4,0.0,-0.894,0,3,0.984,2.982,7,0
1.546,7,5,0.0,1,3,0,4,3,0,4,-2.681,0,7,4,0,0,1,1,4.712,4,2,7,2,0.296,5,0,6,0,5,5,5,0,4,0.0,0.812,1,5,1.445,0.31,3,0
2.821,7,4,0.0,0,4,5,6,0,1,4,-0.015,0,3,7,7,4,2,5,1.991,3,5,4,7,1.352,1,0,7,4,6,4,0,0,0,0.0,3.155,0,3,3.079,4.044,2,0
0.445,0,3,0.0,6,3,7,3,5,0,1,1.836,0,0,0,0,5,6,4,3.383,0,1,0,4,-0.903,0,0,7,7,3,7,1,6,2,0.0,-0.182,5,5,0.674,2.911,6,0
0.514,7,5,0.0,2,0,0,0,0,0,5,-0.105,0,4,6,7,6,4,1,2.843,5,4,1,7,-2.069,5,0,1,4,6,7,1,7,0,0.0,1.343,7,5,0.077,0.412,5,0
4.313,4,7,16640.96,6,5,5,6,6,1,7,2.46,1,5,0,2,6,4,6,4.895,3,2,3,2,-0.306,2,1,1,7,4,6,2,0,3,0.0,5.239,2,2,3.507,3.08,4,1
2.105,1,1,0.0,2,2,2,0,0,0,3,0.004,0,2,0,6,3,7,0,0.571,5,7,2,2,0.121,2,0,0,4,5,0,3,2,1,0.0,0.794,2,7,1.581,0.813,2,0
0.269,6,3,0.0,1,2,3,0,2,0,3,0.994,0,0,4,3,2,7,5,2.091,3,7,6,0,-0.07,6,0,1,1,0,6,4,5,6,0.0,-0.947,5,1,0.774,0.708,7,0
2.406,1,3,0.0,5,1,5,5,5,1,6,-0.552,0,2,1,4,6,5,3,4.992,7,1,7,4,1.772,3,0,0,2,3,5,6,1,7,0.0,3.849,0,2,2.607,1.7,2,0
2.089,4,0,0.0,7,4,0,6,1,0,3,-1.712,0,1,4,4,5,7,7,0.816,3,4,1,4,1.749,5,0,6,0,5,0,1,2,0,0.0,2.248,5,4,2.083,0.927,1,0
1.916,5,7,0.0,7,5,6,7,1,1,7,0.017,0,1,0,5,4,0,6,3.699,1,2,0,1,-1.065,2,0,4,1,2,6,4,4,5,0.0,2.628,2,2,3.017,3.328,5,0
1.267,7,6,0.0,1,7,3,5,7,0,4,0.796,0,3,2,3,3,2,3,0.371,0,6,2,2,1.048,7,0,7,1,4,2,6,3,5,0.0,0.356,5,5,0.169,-0.05,1,0
1.771,4,6,0.0,7,1,2,1,2,0,7,-0.65,0,3,6,0,5,0,1,-3.244,6,2,2,1,-0.281,4,0,3,7,0,2,1,7,1,0.0,1.755,4,0,1.269,2.207,7,0
2.653,4,7,0.0,6,1,2,3,2,1,4,-0.293,0,0,3,1,1,4,6,2.598,6,3,4,5,-0.428,0,0,2,0,0,7,3,4,0,0.0,3.599,3,7,2.323,0.863,3,0
1.856,2,0,0.0,3,4,3,7,6,0,1,-2.319,0,7,5,1,0,5,5,3.528,0,4,2,1,-1.32,3,0,6,3,4,1,5,2,4,0.0,2.977,5,6,1.657,1.799,6,0
0.936,0,7,0.0,6,6,1,5,6,0,7,-1.851,0,5,4,6,1,6,6,0.882,1,5,7,3,0.645,3,0,3,1,3,6,2,7,6,0.0,-0.095,7,4,0.422,1.762,1,0
0.799,7,4,0.0,2,6,4,4,5,0,5,-0.366,0,0,3,5,3,4,3,0.155,6,1,6,1,-0.113,3,0,2,0,7,1,4,1,6,0.0,0.651,5,3,1.277,-2.588,7,0
2.529,4,3,0.0,1,1,5,5,6,0,6,-0.643,0,2,6,2,6,0,5,4.753,2,0,6,7,-0.071,5,1,3,0,1,0,4,3,2,0.0,2.707,0,7,2.372,2.73,5,0
2.375,3,3,0.0,7,7,1,3,3,1,1,0.065,0,6,1,1,4,3,4,-2.149,4,7,2,2,1.542,2,0,4,5,7,2,5,7,1,0.0,2.773,3,3,2.685,1.956,4,0
2.035,6,6,0.0,2,3,4,3,5,1,6,-0.983,0,5,1,6,3,4,5,0.801,3,7,1,2,-1.65,7,0,2,1,5,7,3,0,2,0.0,1.171,2,4,2.093,1.625,7,0
1.324,7,4,0.0,2,6,0,3,2,0,3,-0.867,0,0,6,5,1,4,2,5.395,6,6,3,2,2.038,5,0,6,7,3,0,3,4,6,0.0,1.303,3,4,1.052,4.068,4,0
2.81,5,0,0.0,4,1,2,0,4,0,3,-1.145,0,7,6,5,3,5,1,2.217,5,0,7,4,0.744,7,0,4,0,1,7,4,7,5,0.0,2.181,3,1,1.929,4.039,2,0
1.857,2,0,0.0,7,4,1,1,6,0,3,-0.7,0,2,6,2,7,6,1,-2.084,1,7,3,5,-0.606,7,0,7,4,3,2,5,0,5,0.0,2.691,2,0,1.816,2.551,1,0
3.11,6,1,37875.45,0,3,0,6,7,1,4,0.309,1,5,5,4,3,5,5,3.177,0,5,4,1,-1.933,5,1,5,0,4,7,6,7,7,0.0,5.175,3,3,3.265,2.381,1,1
1.455,2,7,0.0,5,0,2,7,0,0,1,0.485,0,5,7,4,7,0,4,-2.552,5,3,3,2,-0.435,0,0,0,2,0,7,7,2,5,0.0,3.483,5,3,1.496,1.505,2,0
1.429,5,6,0.0,7,7,5,1,0,0,5,-0.436,0,6,6,0,3,5,7,2.102,5,0,1,5,-0.778,5,0,4,5,0,1,5,7,1,0.0,1.931,7,0,1.177,4.07,6,0
1.693,0,7,0.0,5,7,7,3,7,0,2,1.642,0,6,7,7,1,0,4,4.256,1,2,1,6,-0.171,5,0,3,5,3,0,6,0,4,0.0,1.955,3,3,2.409,4.125,3,0
1.217,6,4,0.0,5,7,5,1,7,0,7,-0.446,0,5,7,6,1,0,6,2.257,0,0,0,0,-0.659,5,0,6,6,2,0,1,5,6,0.0,0.663,2,3,1.432,0.58,3,0
0.434,0,5,0.0,1,2,2,6,5,0,7,-0.513,0,2,0,4,2,1,7,-1.835,4,2,2,7,1.396,7,0,6,5,1,1,3,1,1,0.0,1.542,7,2,0.179,2.232,1,0
1.97,4,5,0.0,3,0,4,4,1,1,7,0.316,0,3,4,3,7,4,5,3.645,5,7,0,4,-0.39,6,0,7,2,4,5,0,4,6,0.0,2.218,2,5,2.328,2.028,5,0
0.624,0,3,0.0,2,3,3,4,0,0,6,-0.443,0,5,1,4,1,4,3,-0.707,3,0,5,6,1.749,6,0,2,4,4,7,2,4,5,0.0,1.082,4,6,0.479,2.07,4,0
1.224,4,7,0.0,1,5,2,7,3,0,4,0.579,0,7,7,2,1,5,5,-2.413,2,7,5,3,-0.646,5,0,0,5,6,7,0,2,4,0.0,0.739,2,7,0.91,-1.693,1,0
0.838,2,6,0.0,5,7,6,4,3,0,1,1.989,0,0,3,6,4,7,4,0.602,6,5,6,3,-0.149,4,0,1,0,0,6,1,4,0,0.0,2.994,1,6,1.023,1.314,4,0
0.429,7,5,0.0,2,7,2,1,6,0,1,-1.573,0,1,0,1,2,7,0,2.482,2,7,2,0,1.734,7,0,5,5,7,1,0,5,1,0.0,-0.136,3,3,0.108,3.587,3,0
2.835,1,0,0.0,7,2,7,5,0,1,0,2.835,0,3,3,2,0,0,4,-1.0,2,1,2,4,0.056,2,1,3,5,2,6,6,5,7,0.0,2.143,7,7,2.69,5.627,4,1
3.314,5,4,17294.64,1,1,7,0,5,1,7,-0.195,0,1,1,6,7,1,4,1.903,7,7,7,6,-0.424,2,1,6,6,0,0,7,7,2,0.0,2.861,5,0,3.482,2.322,7,1
2.829,6,0,39178.79,5,4,6,1,2,1,1,0.538,0,3,3,3,3,6,5,5.811,4,1,4,4,1.373,0,1,4,5,5,0,2,1,1,0.0,3.272,0,3,2.958,4.092,7,1
7.121,4,7,0.0,3,7,5,2,5,1,7,4.228,1,4,2,0,6,2,5,7.636,2,5,1,2,0.006,5,1,3,0,7,2,1,1,6,0.0,7.43,6,6,7.041,6.618,5,1
0.757,1,4,0.0,7,6,4,7,6,0,6,0.419,0,4,5,3,6,6,3,-3.288,3,7,4,1,1.183,4,0,2,1,1,4,7,6,1,0.0,1.286,5,4,0.935,-1.532,4,0
3.158,1,7,25307.8,6,7,6,4,5,1,6,0.779,0,5,6,6,7,7,1,4.311,5,5,2,3,0.087,0,1,0,2,0,0,1,2,4,0.0,3.143,1,0,2.368,1.071,3,1
1.199,7,1,0.0,0,7,1,3,5,0,2,-0.877,0,0,6,3,6,2,2,4.642,1,7,0,1,0.932,1,0,4,5,0,7,5,6,2,0.0,2.9,7,3,1.857,1.814,5,0
-0.163,2,5,0.0,6,0,5,5,7,0,3,1.676,0,5,7,3,0,3,0,4.942,2,3,3,6,-0.523,0,0,0,4,1,1,7,4,1,0.0,1.601,1,3,0.318,0.922,5,0
0.415,6,1,0.0,6,6,1,6,7,0,5,0.157,0,3,0,2,2,7,3,-0.118,0,0,0,7,-0.813,6,0,5,1,0,1,6,1,6,0.0,0.354,6,2,0.944,2.388,6,0
0.776,0,7,0.0,3,7,1,1,7,0,4,-0.762,0,6,4,6,7,6,6,3.668,5,5,1,4,-0.923,6,0,4,5,4,7,6,6,5,0.0,2.379,2,1,1.275,-0.41,3,0
0.819,0,4,0.0,3,3,5,5,4,0,1,-1.788,0,4,0,1,0,0,6,3.557,0,5,6,0,-0.138,2,0,6,2,5,1,2,3,6,0.0,0.304,2,1,0.906,1.239,0,0
4.585,5,3,0.0,2,4,7,1,1,1,6,0.332,1,2,6,5,5,7,3,3.242,1,7,5,6,0.095,7,1,2,1,1,1,7,7,1,0.0,2.839,4,7,4.745,6.574,6,1
1.609,1,0,0.0,5,0,1,6,3,1,7,-0.078,0,2,5,5,4,7,7,-0.152,5,4,7,1,0.211,3,0,4,0,6,2,6,2,7,0.0,1.846,2,3,2.095,0.849,0,0
2.663,6,2,0.0,0,2,7,0,7,0,4,0.5,0,4,2,4,0,2,1,6.272,1,2,0,0,-0.096,2,0,2,0,6,5,0,2,2,0.0,2.414,5,0,1.959,2.277,0,0
1.713,5,2,0.0,2,6,0,4,2,0,4,-1.069,0,7,0,6,1,7,6,2.357,3,2,1,3,0.565,5,0,4,1,2,1,5,5,7,0.0,1.595,0,3,2.194,3.457,7,0
1.367,0,1,0.0,7,7,4,4,3,0,3,-0.029,0,2,6,7,2,4,7,5.328,5,7,1,2,1.111,1,0,5,2,4,0,5,1,7,0.0,1.661,6,5,1.137,-0.04,6,0
1.244,5,5,0.0,1,3,6,3,7,1,4,1.219,0,3,1,6,3,0,7,4.288,4,5,7,4,1.021,3,0,4,2,1,6,6,4,2,0.0,2.527,0,1,2.103,1.106,3,0
-0.025,4,6,0.0,0,2,6,5,3,0,5,-1.072,0,7,0,7,7,1,1,-2.25,2,3,1,7,0.193,4,0,2,0,0,6,0,4,6,0.0,0.466,6,6,0.917,-0.421,6,0
1.036,4,2,0.0,2,2,4,6,3,0,6,-0.854,0,7,5,6,6,4,4,1.001,2,1,0,2,0.547,2,0,2,4,7,7,1,7,3,0.0,0.208,0,6,1.106,3.204,5,0
3.449,1,5,24922.65,3,6,7,1,4,1,4,2.024,1,6,2,5,6,6,4,1.715,7,1,5,7,-1.342,4,1,5,1,4,5,1,0,0,25.89,3.646,6,4,3.667,6.121,0,1
2.492,2,5,0.0,4,3,2,0,6,0,0,-0.533,0,2,2,7,3,1,0,1.981,2,4,1,0,1.561,0,0,4,5,4,6,3,3,7,0.0,2.214,4,7,2.139,-0.365,6,0
0.622,6,0,0.0,4,2,4,2,3,0,4,-0.19,0,4,7,4,6,3,5,-2.384,3,4,7,5,0.332,1,0,4,6,7,2,7,5,0,0.0,1.956,7,2,1.062,0.328,6,0
2.599,7,1,0.0,7,1,0,3,1,0,7,0.294,0,3,3,0,3,7,7,3.756,1,7,7,1,-0.037,7,1,4,5,1,7,2,6,5,0.0,1.903,0,3,2.416,4.33,2,0
1.001,7,0,0.0,7,2,4,5,6,0,5,-1.285,0,7,7,4,7,2,6,1.525,7,4,7,7,-0.441,0,0,2,0,2,6,1,5,7,0.0,-0.208,3,1,1.282,0.154,2,0
0.577,6,2,0.0,4,3,4,4,5,0,3,0.381,0,0,3,4,6,0,1,-1.671,7,5,7,6,1.318,7,0,6,7,5,4,6,6,0,0.0,0.95,5,2,1.417,0.892,2,0
2.482,3,5,0.0,0,2,5,3,6,0,0,0.18,0,5,3,7,1,0,6,3.485,0,4,3,3,0.325,6,0,2,7,4,3,1,4,5,0.0,3.987,7,1,2.276,3.944,4,0
1.399,5,4,0.0,0,5,2,1,7,0,5,1.274,0,0,6,3,5,5,6,1.432,6,3,7,3,-0.896,7,0,1,2,5,0,1,2,2,0.0,1.906,6,2,1.952,2.005,3,0
1.585,1,7,0.0,7,2,6,7,0,0,5,0.139,0,1,0,5,1,3,5,-0.41,1,7,5,5,0.745,1,0,6,5,5,5,2,6,0,0.0,2.198,3,2,2.163,-0.974,6,0
1.948,1,3,0.0,0,7,7,2,1,0,2,-0.899,0,5,5,7,2,5,0,-0.027,2,0,3,0,0.371,1,0,6,1,6,1,6,2,4,0.0,0.902,7,7,1.709,1.59,5,0
2.54,0,1,0.0,4,1,2,3,3,1,1,0.104,0,5,1,2,6,5,3,4.586,3,4,1,4,-0.975,3,0,4,2,5,1,7,2,5,0.0,0.991,1,6,2.087,2.642,1,0
0.125,0,2,0.0,3,2,1,3,0,0,6,-0.185,0,6,0,2,1,3,6,-1.834,3,5,0,1,1.013,3,0,3,0,0,4,7,3,4,0.0,1.262,1,4,0.623,3.299,2,0
2.401,2,3,0.0,5,0,6,5,1,1,7,-1.223,0,1,5,7,2,2,7,3.994,6,2,5,3,-0.577,7,0,3,7,3,5,1,0,0,0.0,0.824,2,6,1.871,-0.357,2,0
3.359,5,1,2759.51,1,2,7,4,7,1,0,3.289,1,5,1,7,2,6,5,2.76,7,5,0,2,2.03,7,1,4,3,6,2,0,3,7,0.0,5.86,7,4,3.902,4.977,6,1
3.491,4,3,0.0,4,2,5,3,4,0,5,0.581,0,4,0,7,5,3,2,1.006,6,7,3,1,0.271,0,1,5,1,1,7,5,2,3,0.0,4.684,7,6,3.164,3.392,2,0
1.948,1,5,0.0,1,5,1,7,6,0,5,0.999,0,4,5,5,1,6,6,-1.701,2,1,5,2,0.825,1,0,3,1,3,5,7,4,3,0.0,1.793,1,0,1.918,0.065,2,0
1.792,1,2,0.0,4,6,7,3,1,0,7,1.601,0,7,4,6,5,5,5,3.801,6,1,0,0,-0.876,0,0,4,1,6,7,1,3,6,0.0,0.436,4,7,2.19,0.51,5,0
1.862,3,5,0.0,7,1,4,6,2,1,6,1.346,0,6,5,6,5,4,0,1.106,5,5,7,4,0.507,1,0,2,0,6,7,3,4,7,0.0,2.203,3,2,2.217,5.422,6,0
3.028,4,0,31490.82,3,0,7,4,7,1,5,1.38,1,6,3,4,1,5,7,0.364,5,7,1,4,-0.118,0,1,7,0,6,6,7,3,4,0.0,3.394,6,3,3.013,3.574,6,1
-0.405,4,6,0.0,0,5,3,5,6,0,0,-1.134,0,4,4,3,3,2,5,-0.776,2,6,3,6,1.405,3,0,6,2,1,0,3,3,1,0.0,0.643,5,6,0.618,1.875,2,0
1.271,6,7,0.0,5,4,2,4,3,0,7,-0.929,0,2,4,0,0,0,3,1.814,2,3,3,0,-0.078,6,0,3,1,2,5,4,6,6,0.0,2.863,2,4,1.381,2.087,4,0
0.446,5,5,0.0,1,6,1,1,6,0,2,-1.494,0,4,0,3,4,0,3,3.058,6,1,5,7,1.653,7,0,1,1,0,2,3,2,2,0.0,0.117,5,1,0.638,1.021,5,0
0.604,1,3,0.0,4,5,1,3,4,0,3,-0.261,0,1,2,6,1,7,4,2.356,6,1,3,2,0.145,7,0,5,4,4,3,7,5,2,0.0,-0.45,5,5,1.18,0.63,7,0
-0.5,7,2,0.0,2,2,3,0,3,0,3,-0.618,0,2,7,0,5,6,4,-0.01,2,7,6,2,1.146,6,0,4,0,2,2,4,2,2,0.0,0.144,1,6,-0.443,-1.621,4,0
2.359,2,2,0.0,3,3,3,2,4,1,1,0.008,0,6,7,4,5,4,0,0.344,6,1,3,2,-0.399,3,0,0,2,7,0,0,5,1,0.0,2.02,0,7,2.182,0.611,4,0
1.549,2,2,0.0,7,3,1,6,5,0,4,-1.633,0,7,2,1,0,3,2,2.291,0,5,3,0,-0.584,7,0,1,4,5,3,3,1,3,0.0,1.221,7,7,2.202,3.175,3,0
0.955,6,1,0.0,7,5,0,5,7,0,0,0.791,0,5,7,3,3,4,6,2.712,1,3,5,0,0.019,2,0,2,7,5,5,4,0,6,0.0,0.599,7,1,1.169,1.485,1,0
0.19,5,3,0.0,4,5,4,6,1,0,3,0.886,0,3,3,4,0,0,1,0.776,0,6,0,4,-0.261,6,0,3,3,3,7,7,4,7,0.0,1.849,1,2,0.391,0.058,1,0
2.355,7,7,27560.86,3,0,4,2,3,1,0,-0.39,0,2,6,5,1,4,4,0.702,5,2,3,6,-0.002,7,1,6,1,6,4,5,3,3,0.0,2.798,4,2,3.051,3.739,1,1
0.364,1,3,0.0,2,2,7,4,1,0,3,1.098,0,6,3,5,1,1,1,-0.252,2,1,1,5,-0.324,5,0,0,7,0,1,0,3,1,0.0,1.026,2,6,0.962,1.497,0,0
1.723,6,0,0.0,7,1,0,1,5,1,5,-0.498,0,2,5,0,0,0,2,1.028,1,4,5,7,-0.049,7,0,7,3,3,6,2,2,7,0.0,1.955,6,5,1.097,1.291,5,0
3.898,7,2,0.0,5,3,2,2,7,0,5,-0.325,0,7,2,3,3,4,7,2.229,0,1,6,0,-2.777,4,1,2,7,5,5,1,3,7,0.0,1.82,3,2,3.305,2.161,0,0
2.192,7,0,0.0,4,2,7,6,1,0,2,-0.415,0,2,4,6,7,5,1,0.808,2,3,7,4,0.496,3,0,4,0,1,0,1,1,2,0.0,2.512,5,4,1.875,4.408,1,0
-0.267,6,1,0.0,4,1,4,4,5,0,7,1.181,0,6,6,0,6,7,7,-0.793,2,2,4,1,-0.205,1,0,7,5,2,6,1,1,7,0.0,1.786,2,2,0.838,3.81,4,0
0.653,2,6,0.0,5,2,0,1,0,0,1,-0.051,0,1,1,2,2,6,0,-2.861,3,4,4,5,-1.91,4,0,5,4,2,3,3,4,4,0.0,2.287,2,4,0.353,1.366,5,0
0.543,1,5,0.0,6,6,2,1,6,0,6,1.527,0,3,4,0,0,6,5,0.469,5,2,3,2,-0.638,7,0,0,6,5,3,1,2,6,0.0,1.035,4,6,0.343,-2.374,6,0
2.852,1,2,19821.94,6,2,5,7,5,1,2,0.227,1,0,3,7,7,1,6,9.705,7,7,4,0,0.722,5,1,0,2,0,5,7,3,4,0.0,2.712,2,7,3.425,4.492,3,1
5.417,6,0,29078.63,7,3,2,3,6,1,2,0.056,1,6,3,4,4,2,0,4.685,3,2,5,0,0.437,0,1,0,7,2,4,4,7,3,3.17,3.287,6,6,4.515,2.94,1,1
0.918,2,6,0.0,1,1,2,6,5,0,2,1.207,0,0,2,1,1,0,4,2.889,3,2,6,5,-0.414,2,0,4,4,7,4,5,6,0,0.0,-2.518,7,7,0.395,-1.214,5,0
0.666,2,1,0.0,7,5,1,4,0,0,6,0.053,0,6,5,1,1,7,6,-3.971,5,3,1,2,-1.257,2,0,7,7,5,7,2,0,5,0.0,2.306,4,6,0.541,0.656,4,0
1.542,7,4,0.0,2,1,0,2,1,0,6,0.041,0,3,2,0,0,3,7,2.362,5,5,0,3,1.364,5,0,1,5,4,1,7,5,4,0.0,3.238,5,5,2.178,2.574,5,0
0.674,3,6,0.0,0,0,1,3,7,0,5,0.2,0,6,2,7,0,3,4,4.816,0,5,5,2,1.296,6,0,4,0,1,5,7,7,0,0.0,0.611,4,1,1.135,-1.047,2,0
1.03,5,1,0.0,5,4,1,5,2,0,2,-0.912,0,2,4,0,5,0,5,4.355,7,2,3,5,0.122,1,0,2,2,5,5,7,3,3,0.0,1.864,1,0,0.618,-1.107,7,0
0.716,1,5,0.0,4,2,5,4,1,0,4,0.767,0,6,4,2,2,3,1,-0.095,7,1,6,7,0.118,3,0,2,0,2,4,6,5,1,0.0,1.157,1,1,1.076,-0.928,3,0
1.443,3,5,0.0,4,5,1,3,0,0,6,0.155,0,2,7,5,2,2,4,2.072,6,1,3,3,-1.465,0,0,7,3,1,7,4,3,1,0.0,1.524,7,3,1.536,-0.67,7,0
1.35,1,1,0.0,7,7,7,7,2,0,0,-1.274,0,3,1,3,7,0,1,3.12,2,6,2,2,0.702,0,0,3,2,7,5,7,2,4,0.0,2.371,0,5,2.225,5.182,5,0
1.669,3,4,0.0,0,5,6,0,0,0,7,1.135,0,1,7,6,1,3,2,2.469,2,7,6,3,0.765,5,0,5,0,0,1,7,7,3,0.0,1.155,3,0,1.619,1.316,6,0
0.103,4,7,0.0,4,3,3,2,4,0,6,0.68,0,1,7,7,7,5,3,0.256,5,7,2,0,-0.962,0,0,6,1,1,0,3,1,1,0.0,-1.288,4,1,0.346,1.204,4,0
0.858,1,3,0.0,2,6,3,0,7,0,1,-0.507,0,0,3,2,1,1,0,-0.271,0,1,4,5,-0.439,2,0,6,4,3,0,6,1,4,0.0,-1.002,3,4,1.312,0.458,7,0
5.366,5,2,19116.75,5,6,5,7,6,1,1,2.386,1,0,7,4,4,7,7,-1.101,3,2,6,6,-0.856,3,1,6,5,3,1,0,3,4,0.0,3.13,7,1,4.466,4.603,5,1
2.27,1,4,0.0,2,5,4,2,1,0,2,-0.921,0,4,4,5,0,5,7,2.029,2,6,5,5,0.257,0,0,4,5,3,3,2,1,5,0.0,1.217,6,0,1.478,4.002,0,0
2.703,0,4,0.0,7,7,5,4,6,0,6,-0.042,0,4,0,7,5,4,3,2.521,5,4,4,6,1.29,1,0,7,0,6,6,4,4,4,0.0,3.188,5,6,1.981,2.665,4,0
0.489,1,0,0.0,2,2,6,7,3,0,4,1.488,0,5,5,4,5,2,4,2.252,1,6,4,6,-0.075,6,0,2,4,0,5,6,2,2,0.0,0.98,1,4,0.499,1.758,3,0
-0.077,2,4,0.0,1,0,5,1,3,0,4,-0.682,0,3,7,5,0,1,3,0.398,0,2,2,4,1.644,4,0,6,1,3,6,5,2,2,0.0,-1.554,4,0,0.526,-1.303,7,0
1.59,6,3,0.0,7,4,7,6,7,0,0,0.617,0,7,2,6,6,1,7,5.051,4,2,6,5,-0.118,6,0,6,4,7,0,5,1,6,0.0,0.457,1,3,1.385,1.604,5,0
1.086,2,4,0.0,0,1,7,6,7,0,7,0.499,0,2,3,0,1,3,4,2.359,7,3,1,5,-0.934,7,0,3,0,5,5,6,0,5,0.0,1.304,1,6,1.274,-1.024,7,0
3.372,3,7,14400.89,6,4,7,0,5,1,6,0.899,1,1,7,4,0,3,6,1.366,2,7,2,2,-0.153,6,0,6,4,6,7,5,7,3,0.0,2.669,1,0,2.51,1.377,6,1
0.638,0,2,0.0,3,7,4,4,1,0,0,-0.858,0,4,6,5,7,6,2,-4.277,1,3,4,4,1.093,1,0,7,2,3,7,4,7,6,0.0,0.112,6,7,1.05,3.395,7,0
3.598,5,4,17763.28,7,6,3,6,2,1,3,1.841,0,4,6,0,3,5,4,1.394,0,5,5,3,-1.823,4,1,5,4,1,2,1,3,7,0.0,2.257,6,2,2.805,-1.366,1,1
2.879,3,1,0.0,4,2,5,1,6,0,7,1.835,0,1,4,2,6,4,3,6.374,2,6,1,3,2.082,4,0,2,5,0,6,2,4,7,0.0,0.782,2,0,1.566,1.487,5,0
1.267,5,4,0.0,3,5,1,1,0,0,4,-0.132,0,0,4,1,4,7,5,1.721,3,6,4,4,3.557,1,0,3,6,7,6,1,5,4,0.0,3.187,4,0,1.094,-0.321,5,0
0.312,7,3,0.0,2,3,1,3,6,0,3,0.666,0,4,4,6,7,5,0,2.81,4,3,5,6,0.98,2,0,3,3,3,6,6,4,6,0.0,0.868,5,5,0.466,3.061,7,0
2.273,7,4,0.0,1,7,5,3,3,0,1,1.295,0,0,4,0,7,5,3,2.412,4,1,0,1,-0.867,1,1,5,5,1,1,0,5,6,0.0,1.28,3,2,3.193,1.524,4,0
2.228,4,7,7004.74,5,3,6,2,7,1,3,-0.21,0,2,1,2,4,1,1,2.992,0,1,6,3,1.078,1,1,3,7,2,7,2,4,5,0.0,3.007,7,1,1.918,3.384,0,1
0.893,1,2,0.0,6,7,1,1,6,0,2,-0.931,0,2,6,4,1,0,3,2.16,6,5,6,1,1.447,1,0,3,3,0,6,7,6,4,0.0,2.898,6,2,0.795,0.604,1,0
1.711,0,4,0.0,5,5,3,6,7,0,7,-1.144,0,4,3,2,4,1,1,1.133,1,1,4,7,-1.814,5,0,3,6,7,1,2,5,6,0.0,0.57,5,6,1.688,0.87,4,0
1.15,2,0,0.0,1,3,1,7,5,0,3,0.492,0,5,7,7,3,1,1,-0.381,0,0,0,3,0.714,2,0,1,0,1,2,0,2,2,0.0,0.496,6,0,0.865,1.845,4,0
2.175,1,1,0.0,7,2,6,2,5,1,2,-0.863,0,0,6,1,3,6,2,4.296,6,2,7,0,0.195,5,0,4,7,4,0,6,3,0,0.0,1.544,5,3,3.085,2.165,3,0
0.915,5,0,0.0,6,5,2,3,7,0,4,-1.573,0,6,7,6,6,2,5,5.283,7,3,7,6,-1.81,6,0,3,1,0,7,7,2,4,0.0,2.99,1,2,2.234,1.601,0,0
2.574,3,1,0.0,5,7,3,0,0,0,1,-0.68,0,2,5,0,5,0,5,2.013,1,5,7,4,1.079,4,0,6,4,6,6,4,3,2,0.0,-0.01,3,6,1.392,1.178,4,0
2.059,2,7,0.0,7,4,7,3,4,0,7,-0.546,0,6,6,3,7,5,4,1.997,6,6,3,2,-0.429,2,0,7,0,4,7,5,0,7,0.0,2.749,2,2,1.648,1.044,7,0
1.178,6,2,0.0,1,0,3,1,7,1,0,0.225,0,3,2,2,5,0,1,-1.795,2,7,4,0,-1.252,1,0,3,2,2,7,5,5,5,0.0,2.228,0,2,1.129,4.007,3,0
3.388,1,1,17118.89,2,0,0,0,0,1,0,1.914,0,5,1,2,2,4,7,4.57,3,7,0,5,0.071,2,1,2,2,6,7,4,0,7,0.0,1.657,7,1,3.991,9.118,6,1
-0.363,2,1,0.0,4,4,0,3,6,0,6,-0.332,0,1,5,4,5,0,7,3.265,5,3,4,6,-0.032,2,0,3,7,3,0,0,4,7,0.0,0.473,7,4,0.821,-0.095,3,0
0.052,6,7,0.0,6,1,5,4,2,0,0,-0.882,0,3,6,6,3,1,7,1.303,2,5,4,0,-0.707,0,0,6,4,4,0,3,5,7,0.0,-0.417,7,3,0.509,1.688,1,0
5.169,5,0,18452.85,1,4,2,5,4,1,2,1.742,1,3,1,3,0,0,4,7.501,6,1,4,3,0.491,1,1,0,1,5,7,0,5,7,0.0,5.62,6,5,4.779,3.237,5,1
-0.342,0,2,0.0,0,1,7,0,4,0,7,-1.281,0,0,1,7,2,7,1,0.049,1,7,6,4,0.295,3,0,7,2,5,7,1,0,0,0.0,0.248,6,5,-0.014,-1.178,1,0
1.269,1,1,0.0,0,2,7,6,0,0,2,-0.105,0,2,3,1,5,7,6,5.959,6,6,2,4,-1.147,2,0,5,3,3,2,2,1,7,0.0,2.13,2,3,1.906,0.289,7,0
3.887,1,0,28948.56,7,2,1,6,3,1,7,2.715,1,0,2,5,5,2,1,7.063,1,7,5,5,-1.02,2,1,4,4,2,5,3,2,0,0.0,3.175,0,7,3.515,3.316,0,1
0.777,2,4,0.0,4,0,0,5,5,0,6,-0.617,0,3,3,5,7,1,6,0.661,4,6,0,2,1.276,6,0,1,3,5,1,5,7,0,0.0,4.02,5,5,1.464,2.265,0,0
3.306,5,0,0.0,3,0,6,6,5,1,3,1.261,0,1,5,3,5,6,5,5.05,7,2,7,3,-1.019,2,0,7,5,4,4,0,5,3,0.0,1.516,5,4,2.416,0.701,7,0
1.158,5,1,0.0,4,5,0,0,1,0,1,-1.657,0,3,0,0,4,4,2,3.199,4,3,2,0,0.777,5,0,4,1,0,4,0,2,0,0.0,0.218,6,1,1.524,-0.75,7,0
1.113,2,4,0.0,0,3,0,1,1,0,7,-1.648,0,0,1,4,3,0,1,3.117,7,3,0,3,0.146,2,0,6,6,0,6,5,1,0,0.0,0.546,1,1,1.706,-0.476,7,0
0.337,4,1,0.0,6,6,7,6,3,0,6,0.736,0,5,4,1,5,0,0,2.261,0,6,1,2,1.249,2,0,7,5,0,2,7,4,7,0.0,2.505,3,1,0.512,-0.355,7,0
-0.256,2,4,0.0,3,5,2,7,3,0,7,1.897,0,6,1,2,2,5,6,0.043,1,1,7,2,-0.571,4,0,3,5,3,2,0,7,7,0.0,1.248,1,7,-0.122,-0.777,7,0
2.09,0,1,0.0,6,3,6,2,0,0,7,1.649,0,2,5,4,7,3,3,0.979,6,5,6,5,0.826,0,0,3,5,6,7,2,7,6,0.0,1.837,1,7,1.673,2.988,1,0
1.231,3,7,0.0,6,7,1,7,3,0,2,0.585,0,3,4,7,4,2,5,2.935,6,6,2,4,2.247,5,0,2,5,6,3,1,7,3,0.0,-1.419,7,1,0.89,4.684,3,0
1.861,0,1,0.0,2,0,5,0,4,0,6,0.267,0,5,0,4,5,1,1,4.114,1,4,5,6,1.594,3,0,7,1,0,6,3,4,1,0.0,-0.959,7,4,0.983,-2.634,1,0
1.344,2,1,0.0,1,1,2,6,1,0,7,-0.598,0,1,7,2,3,1,2,-1.371,2,4,7,3,-2.087,3,0,0,6,6,7,0,4,1,0.0,2.196,2,5,1.986,2.389,1,0
3.525,5,2,21714.64,1,7,5,4,5,1,5,-0.578,1,3,4,7,0,6,2,3.198,4,2,2,7,2.067,1,1,7,2,2,6,3,5,2,0.0,5.55,4,1,4.147,4.674,1,1
0.653,1,3,0.0,1,1,7,1,3,0,7,0.907,0,4,3,6,5,5,5,-1.73,3,1,5,4,0.197,3,0,6,1,0,6,4,3,2,0.0,1.678,5,5,1.145,1.304,1,0
2.797,4,3,8216.7,7,2,7,1,4,1,1,0.292,0,1,5,1,0,1,1,5.212,0,0,2,5,0.118,7,1,0,6,0,0,2,3,5,0.0,2.911,6,6,2.574,3.52,3,1
0.169,7,3,0.0,0,5,0,4,0,0,2,-1.505,0,7,5,3,5,7,3,-1.24,4,5,7,3,0.358,0,0,1,2,5,0,1,4,2,0.0,1.006,2,7,0.231,1.239,6,0
1.819,7,2,0.0,6,6,1,0,2,0,4,-0.035,0,4,6,5,2,4,1,-0.993,7,7,6,0,0.794,6,0,0,1,6,7,0,6,5,0.0,1.505,1,2,1.408,3.118,4,0
3.675,5,6,33577.62,3,2,2,5,4,1,1,-1.038,1,1,7,3,5,6,3,2.766,7,6,5,6,0.964,2,1,6,7,0,5,5,1,2,0.0,3.619,4,5,3.284,3.501,5,1
5.907,0,2,17145.15,7,1,3,4,1,1,3,-1.113,1,3,3,3,0,7,5,6.548,7,7,5,0,0.707,3,1,3,3,7,6,5,2,0,0.0,8.194,0,6,6.4,10.158,7,1
1.073,7,1,0.0,6,2,3,0,5,0,7,-1.522,0,3,3,7,2,7,6,2.122,0,0,2,2,-0.171,6,0,4,6,1,0,3,4,7,0.0,0.31,6,3,1.529,1.798,7,0
1.987,0,4,0.0,1,2,0,4,7,0,0,0.931,0,2,5,2,4,0,7,-2.247,3,5,6,0,-1.594,1,0,2,5,4,1,7,6,1,0.0,1.599,6,3,1.864,1.229,0,0
0.532,3,1,0.0,0,5,7,4,6,0,4,-1.635,0,6,4,6,2,1,6,4.228,5,4,2,6,0.162,6,0,4,1,1,1,0,2,4,0.0,0.606,5,4,0.855,-1.154,0,0
0.585,7,3,0.0,2,5,3,3,1,0,7,-0.524,0,6,3,3,0,2,1,-1.661,5,1,5,4,-0.165,4,0,1,7,2,4,5,7,2,0.0,1.378,3,6,0.564,-2.256,6,0
3.233,1,4,25782.92,3,7,2,4,6,1,2,0.558,1,6,7,7,6,0,0,2.971,7,6,7,0,0.247,4,0,1,3,4,5,5,3,1,0.0,2.835,1,3,3.202,3.157,2,1
2.428,2,4,0.0,3,6,3,0,1,0,1,1.333,0,3,5,1,6,1,2,-0.351,2,5,0,0,0.762,5,0,2,4,4,2,7,0,3,0.0,1.257,7,6,2.233,1.902,0,0
0.933,0,3,0.0,1,0,5,1,2,0,7,-0.468,0,5,7,4,3,1,1,4.958,1,2,3,2,0.644,0,0,1,4,1,2,2,4,3,0.0,0.628,2,1,1.221,0.042,2,0
3.103,7,4,27322.34,6,0,7,5,2,1,6,0.899,1,6,0,4,3,1,6,3.052,3,0,7,1,-1.34,4,1,5,2,0,6,3,3,0,0.0,4.26,6,3,3.527,5.472,4,1
3.722,1,6,29681.9,4,3,1,5,2,1,3,2.214,1,6,6,6,2,2,0,5.98,4,0,1,2,0.218,4,1,1,2,3,4,7,6,7,0.0,5.584,4,7,3.47,5.189,4,1
0.745,3,4,0.0,1,7,6,7,0,0,3,-0.458,0,3,7,5,7,6,3,-0.752,3,0,2,1,1.418,3,0,0,1,2,2,6,5,1,0.0,0.699,5,1,0.332,-0.925,1,0
1.054,4,4,0.0,5,3,0,6,1,0,7,-2.408,0,1,1,5,0,6,6,0.55,0,0,2,3,-0.871,1,0,0,6,4,1,0,5,6,0.0,0.639,5,0,0.756,0.494,1,0
2.192,2,3,0.0,5,4,5,0,4,0,2,0.571,0,2,6,7,4,5,2,1.626,7,6,3,5,1.22,4,0,4,3,5,5,5,6,5,0.0,3.143,5,6,2.787,0.383,5,0
0.401,1,6,0.0,1,3,5,1,4,0,3,0.217,0,1,1,2,6,6,5,-0.203,5,1,6,3,-0.342,6,0,7,4,4,0,6,6,1,0.0,0.861,3,6,0.64,2.702,4,0
2.46,0,6,0.0,1,7,1,1,1,1,0,-0.626,0,5,4,0,2,2,1,2.915,1,4,5,3,-0.237,3,0,7,7,6,4,4,0,3,0.0,1.844,7,4,2.266,0.229,2,0
1.951,6,7,0.0,2,1,1,2,6,1,4,-0.404,0,3,2,0,7,5,1,1.14,5,0,6,6,0.359,0,0,1,2,3,2,4,4,5,0.0,-1.077,5,5,2.66,2.841,1,0
3.443,4,6,26641.66,7,3,5,0,7,1,0,-0.188,1,2,0,2,7,6,3,4.532,4,1,3,4,0.162,1,0,3,2,1,5,6,7,4,18.58,3.265,6,0,2.832,2.543,3,1
2.9,6,6,5307.72,2,2,3,7,6,1,4,1.996,0,1,6,1,1,1,2,2.222,4,5,4,4,1.492,7,1,3,7,3,2,2,3,2,16.0,3.243,3,2,2.212,2.833,2,1
2.504,1,7,0.0,4,2,4,0,3,0,3,-1.265,0,4,1,5,2,1,4,10.406,7,4,5,7,0.195,3,0,3,2,3,1,0,5,5,0.0,0.734,4,1,2.176,-0.999,4,0
1.071,4,0,0.0,3,7,1,7,1,0,7,-1.125,0,4,4,5,2,5,0,4.178,4,1,0,5,0.432,3,0,4,3,6,4,6,3,5,0.0,-0.067,0,7,0.531,-2.255,2,0
3.823,6,2,41140.55,6,2,3,0,6,1,5,2.441,1,7,7,5,1,4,7,6.221,0,6,5,7,-0.666,3,1,7,4,6,2,1,4,4,0.0,2.529,6,7,3.571,4.527,4,1
3.321,2,2,37195.34,0,7,1,5,0,1,4,1.956,1,1,6,7,4,4,2,2.877,5,4,0,0,-0.352,3,1,6,0,1,5,3,2,1,0.0,1.084,2,4,2.825,3.664,4,1
2.873,7,1,0.0,3,7,7,2,2,1,2,-0.929,0,5,2,3,2,6,1,1.825,4,0,2,0,-1.018,1,0,1,3,1,4,6,4,5,0.0,3.017,3,2,2.73,4.468,6,0
3.165,5,5,30946.56,3,4,1,0,4,1,5,2.231,0,0,2,7,3,6,3,6.111,2,7,3,6,-0.78,6,1,4,6,5,3,4,0,3,51.36,2.0,4,0,2.415,2.808,5,1
2.719,5,5,0.0,1,2,1,1,1,1,1,-1.535,0,2,4,1,3,1,6,4.086,4,4,5,3,0.489,5,0,3,4,1,3,3,3,2,0.0,0.241,2,7,2.1,1.585,4,0
0.315,1,7,0.0,1,4,5,1,5,0,4,-0.775,0,2,4,4,4,5,1,0.758,6,0,5,4,-0.722,6,0,3,6,6,5,4,4,3,0.0,1.257,4,3,0.08,-2.348,0,0
-0.556,6,6,0.0,2,2,0,0,4,0,7,-0.585,0,4,6,6,7,4,2,3.274,1,7,2,5,-0.303,5,0,4,2,1,2,6,1,5,0.0,-2.556,6,6,0.203,0.482,3,0
0.479,6,6,0.0,3,5,0,5,3,0,4,-0.649,0,7,1,7,5,0,6,4.905,7,5,0,1,1.154,7,0,2,7,3,1,1,6,4,0.0,0.87,7,3,0.227,-0.011,1,0
3.301,5,6,4779.46,3,0,0,4,7,1,4,-0.363,1,6,2,4,3,2,1,6.422,4,1,1,2,2.615,6,1,6,6,4,1,4,4,0,33.14,3.851,7,4,4.072,1.291,4,1
1.727,1,6,0.0,6,2,6,6,3,0,0,-0.358,0,3,0,2,1,4,4,1.305,5,3,7,6,-1.161,1,0,3,1,1,1,4,5,1,0.0,0.823,5,0,1.67,-0.115,2,0
1.345,1,2,0.0,2,5,0,2,4,0,7,-0.44,0,1,1,5,6,1,3,3.95,1,4,0,7,0.748,6,0,1,7,4,7,7,3,7,0.0,1.525,7,3,1.89,2.568,0,0
1.839,1,0,0.0,5,2,2,4,6,0,3,0.861,0,7,6,0,0,0,6,4.553,5,0,0,5,-0.935,4,0,3,7,7,5,7,2,7,0.0,2.214,7,1,2.134,2.985,6,0
1.043,6,2,0.0,5,7,6,7,0,0,5,-2.969,0,1,1,7,3,1,4,2.241,3,1,6,7,2.321,5,0,5,4,2,4,2,3,6,0.0,1.8,0,5,1.363,-0.814,2,0
3.301,4,5,0.0,5,1,4,0,0,1,1,2.829,1,5,7,4,3,5,1,3.781,3,1,4,4,0.105,5,0,6,5,6,3,3,3,1,0.0,1.966,3,4,3.873,4.322,6,1
2.19,3,4,26012.44,3,6,2,3,2,1,5,0.71,0,1,6,7,2,5,7,1.206,0,0,6,1,-1.33,7,1,3,0,7,2,6,0,7,0.0,2.187,2,1,2.606,5.811,4,1
1.775,7,0,0.0,7,1,1,0,6,1,5,-0.702,0,0,1,0,7,4,1,0.872,4,2,5,6,-0.293,6,0,6,0,7,5,6,7,0,0.0,3.017,4,0,2.092,2.801,5,0
1.753,1,0,0.0,5,2,5,0,5,0,6,1.532,0,5,0,6,0,4,7,3.912,6,7,0,7,0.2,2,0,6,1,1,1,0,2,7,0.0,2.37,2,4,2.248,2.613,3,0
1.979,0,0,0.0,1,5,7,0,2,1,7,-0.034,0,6,1,5,6,1,5,-1.866,6,3,7,6,0.555,4,0,4,6,6,3,4,2,0,0.0,2.636,6,7,2.059,0.711,1,0
0.679,1,0,0.0,1,1,7,3,4,0,4,-0.803,0,0,7,4,3,4,7,3.354,3,3,4,4,-0.63,1,0,0,1,2,5,7,1,6,0.0,-0.986,6,2,0.555,0.435,7,0
3.072,5,4,36563.35,4,7,0,3,4,1,4,2.418,0,5,4,7,2,6,2,0.572,3,7,4,4,1.597,7,1,2,2,5,7,5,5,3,0.0,3.905,4,3,3.601,2.518,1,1
1.665,4,3,0.0,3,4,5,3,7,0,0,-0.812,0,3,6,0,3,5,2,0.143,0,7,5,2,-0.834,1,0,6,7,6,1,7,1,0,0.0,1.976,7,1,1.74,2.81,5,0
0.633,6,0,0.0,7,1,1,6,7,1,5,1.014,0,3,6,3,7,3,6,-1.086,7,3,3,5,-0.803,2,0,6,7,6,3,7,2,3,0.0,1.309,7,5,2.013,1.712,4,0
0.847,4,3,0.0,7,7,0,4,5,0,5,0.041,0,1,4,0,2,4,3,1.152,0,5,7,7,0.266,6,0,4,1,4,5,4,1,7,0.0,1.138,7,2,0.771,3.041,5,0
1.47,7,0,0.0,1,1,4,2,4,1,1,0.328,0,2,4,5,0,3,0,2.514,2,2,3,3,-0.45,6,0,6,2,5,1,3,6,5,0.0,2.349,7,6,1.803,1.694,2,0
1.202,6,5,0.0,7,6,7,6,0,0,0,0.559,0,5,3,4,3,6,1,1.389,1,6,5,0,0.221,3,0,6,0,7,5,2,3,3,0.0,0.788,2,5,0.941,1.043,0,0
2.624,4,4,0.0,4,2,2,4,7,0,7,0.925,0,2,5,6,5,7,3,0.423,3,2,5,2,-0.097,0,0,3,7,4,5,6,6,4,0.0,3.405,0,0,2.511,0.237,6,0
2.433,7,0,0.0,1,4,3,4,7,0,5,-2.155,0,4,0,7,6,3,3,4.9,3,3,2,2,0.518,4,0,6,4,6,7,1,1,4,0.0,1.261,1,7,1.652,2.298,1,0
1.716,2,6,0.0,5,1,3,6,0,0,6,-1.656,0,2,7,2,1,4,4,1.426,3,2,4,6,0.151,6,0,0,3,2,2,1,3,0,0.0,1.361,7,6,1.711,5.039,0,0
3.604,6,4,0.0,7,4,7,1,3,1,4,1.827,1,5,3,6,2,4,3,3.832,3,2,0,4,0.076,6,1,4,3,5,4,4,6,6,0.0,6.861,2,1,3.413,1.972,5,1
4.549,7,3,26102.31,6,0,3,5,6,1,2,0.604,1,7,5,7,0,3,3,5.939,5,0,1,6,-1.693,6,1,5,6,7,7,0,7,1,0.0,4.928,5,0,4.232,4.306,6,1
2.084,7,5,23385.47,6,1,7,4,7,1,1,3.076,0,4,7,3,1,4,3,2.829,6,7,3,2,-0.024,1,1,4,6,1,1,2,4,2,25.59,2.66,2,4,2.523,4.697,0,1
1.518,5,7,0.0,7,1,5,7,6,0,2,-0.315,0,2,2,5,3,6,7,3.207,0,5,6,6,-0.807,0,0,0,0,1,7,4,7,4,0.0,1.348,6,5,1.095,-1.015,7,0
-0.205,2,3,0.0,3,3,7,7,1,0,5,1.001,0,7,2,2,1,3,7,1.941,3,2,4,5,0.968,3,0,6,1,1,6,2,4,4,0.0,0.864,2,7,-0.031,-0.454,1,0
4.688,4,0,7292.23,5,5,4,1,7,1,5,-0.295,1,4,4,1,6,1,5,4.297,2,3,5,6,0.064,2,1,5,3,0,5,0,4,0,27.57,4.704,6,0,4.525,3.958,1,1
2.131,3,4,0.0,2,7,2,1,2,0,0,-0.551,0,3,1,1,2,4,5,-0.057,2,1,4,7,0.207,7,0,5,4,4,1,4,6,0,0.0,0.197,4,0,1.243,0.925,0,0
2.181,7,2,0.0,5,0,2,1,2,1,7,1.138,0,5,3,3,1,3,7,7.695,3,7,1,2,-0.395,2,0,4,5,1,7,1,7,4,0.0,1.818,5,1,2.579,2.621,5,0
1.534,0,6,0.0,2,0,2,5,4,0,6,-0.27,0,2,5,0,7,0,2,0.949,7,3,4,7,0.581,5,0,6,1,0,5,0,0,7,0.0,1.637,4,7,1.324,1.184,0,0
2.54,0,1,0.0,0,5,2,6,5,0,3,0.412,0,1,7,1,5,7,0,1.492,1,7,3,0,-0.755,3,0,3,3,0,5,3,1,5,0.0,3.688,3,7,1.513,1.378,4,0
0.02,4,0,0.0,6,4,4,7,6,0,0,-0.05,0,2,4,3,5,0,7,-1.655,4,5,7,6,-2.325,2,0,6,4,4,1,4,5,0,0.0,0.336,3,2,0.001,0.08,2,0
2.265,6,1,0.0,2,6,0,5,3,1,3,2.528,0,2,0,0,3,5,1,6.161,0,0,0,5,1.293,3,1,6,4,6,5,6,1,7,0.0,1.753,4,6,2.947,1.805,6,1
3.552,5,7,34693.74,5,5,3,0,1,1,0,0.634,1,7,6,3,1,7,0,2.478,3,2,2,5,0.78,1,1,5,4,7,6,4,0,6,34.94,2.385,0,2,3.007,3.427,4,1
2.242,3,7,0.0,4,7,1,0,1,0,6,-0.444,0,0,7,4,6,6,0,2.711,3,2,3,4,0.808,7,0,7,6,5,4,5,2,0,0.0,1.419,3,1,1.79,4.329,3,0
6.456,6,0,14694.65,4,6,5,4,1,1,2,0.984,1,6,7,7,6,3,0,1.609,5,7,0,7,-0.575,4,1,3,4,0,3,5,5,1,0.0,7.016,3,2,6.426,6.534,7,1
2.73,6,7,0.0,7,3,5,2,4,0,3,-1.23,0,7,1,1,6,2,6,1.035,2,7,5,1,0.778,6,0,3,3,2,7,5,4,7,0.0,1.253,5,7,2.614,4.673,0,0
0.615,2,0,0.0,0,4,5,2,0,0,0,-1.324,0,6,5,7,5,5,7,-0.694,2,3,7,3,0.796,4,0,0,1,6,2,1,1,2,0.0,1.351,4,5,0.946,1.041,7,0
2.089,1,1,0.0,6,5,6,4,6,0,0,0.586,0,5,0,5,5,2,6,2.137,1,0,5,1,-0.137,4,0,3,6,3,3,3,5,0,0.0,2.187,7,5,1.851,4.381,3,0
8.855,7,7,33247.53,4,0,5,5,5,1,5,0.065,1,0,4,5,0,4,7,7.212,4,5,2,6,0.835,7,1,3,2,7,2,3,2,6,0.0,10.512,1,3,9.931,9.23,6,1
1.749,0,2,0.0,4,4,6,2,1,1,3,-0.051,0,6,5,2,4,2,2,4.055,4,1,4,1,0.488,0,0,2,7,2,2,1,5,1,0.0,3.136,7,2,2.306,2.333,7,0
1.621,1,2,0.0,1,2,5,5,5,0,5,-0.449,0,4,5,4,3,7,0,-0.036,2,2,0,4,1.517,7,0,0,7,5,3,5,7,5,0.0,2.434,0,3,1.699,0.204,4,0
1.68,4,0,0.0,6,4,7,5,5,0,7,-0.69,0,6,1,2,1,1,1,0.576,1,7,0,4,-0.855,3,0,5,0,5,3,3,1,5,0.0,0.762,5,3,1.645,-0.889,1,0
-0.387,7,1,0.0,5,6,5,1,0,0,2,-0.64,0,0,2,1,0,5,6,3.64,2,1,4,3,-0.5,1,0,5,5,2,5,3,4,6,0.0,1.16,2,1,0.95,4.419,4,0
4.056,3,7,15421.45,4,2,5,1,4,1,0,-0.834,1,5,5,1,3,6,0,5.393,3,6,0,3,0.991,5,1,6,6,0,3,7,2,3,0.0,4.554,1,1,4.97,3.703,1,1
1.078,7,4,0.0,3,0,0,1,0,0,1,-0.269,0,2,4,4,1,3,3,2.834,3,4,0,6,0.022,0,0,1,3,0,5,4,0,0,0.0,1.243,0,2,0.724,2.003,6,0
2.809,7,1,0.0,3,4,2,4,1,1,0,1.101,1,7,3,0,2,2,0,7.25,6,3,5,1,1.402,4,1,6,6,6,3,6,3,5,0.0,2.776,7,2,3.209,3.918,0,1
1.477,3,0,0.0,0,4,4,4,0,0,2,0.599,0,7,3,5,7,7,3,-0.177,7,4,2,0,0.176,7,0,4,7,0,7,1,0,7,0.0,1.2,4,4,1.419,-2.24,3,0
-0.038,1,5,0.0,1,2,5,3,3,0,5,1.89,0,7,0,2,3,7,2,0.131,7,0,3,1,0.428,1,0,6,6,6,6,0,2,5,0.0,-0.123,1,2,0.513,1.563,4,0
0.396,4,7,0.0,3,0,1,5,4,0,5,0.563,0,6,4,1,0,4,6,0.501,3,4,0,1,-0.899,0,0,1,3,5,3,3,6,0,0.0,0.485,4,1,0.514,-0.54,3,0
3.14,3,7,40285.38,2,6,6,2,4,0,7,0.109,1,6,7,6,1,6,2,3.445,6,4,6,5,1.307,2,1,3,1,5,0,2,3,5,0.0,2.968,4,0,3.434,5.111,4,1
4.094,3,7,0.0,7,1,4,6,5,1,7,0.914,1,5,3,1,2,5,0,3.403,2,2,2,0,0.726,1,1,7,6,4,6,2,6,4,0.0,5.128,2,7,3.977,4.18,0,1
0.62,4,1,0.0,2,1,7,5,6,0,7,-0.445,0,5,1,4,4,5,4,0.217,3,7,6,0,-1.085,5,0,4,2,2,4,6,1,2,0.0,1.249,7,7,0.801,3.527,5,0
0.372,2,1,0.0,4,4,3,0,7,0,5,1.156,0,1,2,5,6,3,5,0.442,4,3,1,7,1.228,4,0,5,4,3,1,7,7,2,0.0,1.736,0,1,0.517,-2.084,3,0
0.633,1,0,0.0,5,5,4,4,7,0,5,-1.346,0,2,6,6,1,0,4,-0.882,3,7,5,5,-0.648,5,0,6,0,4,2,1,7,5,0.0,-0.344,0,6,0.973,2.472,2,0
4.026,3,3,0.0,6,4,6,2,2,1,5,2.941,1,4,0,2,0,0,7,2.716,3,2,2,2,0.376,2,1,4,3,5,1,7,2,0,0.0,4.198,5,7,3.942,6.143,7,1
4.115,6,7,0.0,2,4,7,1,1,1,2,0.479,1,5,1,5,5,4,6,5.423,2,7,6,1,-0.713,5,1,3,7,2,5,0,0,4,57.58,5.155,1,0,4.812,3.33,7,1
2.097,2,6,11554.84,5,1,2,7,1,1,7,2.392,0,3,2,5,7,5,7,1.635,4,6,6,1,-0.094,1,1,7,4,0,7,1,5,6,0.0,0.87,1,0,1.797,4.11,0,1
0.597,3,4,0.0,1,0,4,1,4,0,7,-0.163,0,5,0,4,4,0,2,1.33,1,6,4,0,-0.984,4,0,3,4,0,5,5,7,4,0.0,1.124,7,1,0.933,0.999,4,0
3.334,3,7,18922.81,7,4,5,1,6,1,6,0.436,1,7,4,1,5,6,4,-0.02,0,7,7,0,0.709,1,0,3,2,3,7,2,4,3,0.0,2.05,6,0,3.398,2.47,1,1
1.29,2,1,0.0,4,2,1,5,1,0,2,0.054,0,6,1,0,3,7,5,1.021,1,3,4,1,-0.635,1,1,2,6,1,5,5,3,1,0.0,1.592,3,0,1.752,0.765,7,0
3.504,7,2,13757.19,3,3,1,0,0,1,0,2.156,1,0,2,1,2,4,1,2.672,0,3,4,4,0.383,6,0,0,1,7,0,0,6,4,0.0,3.073,2,3,2.959,2.274,0,1
3.712,2,3,20582.28,0,0,4,7,3,1,4,2.956,1,1,7,0,7,2,6,-0.163,4,4,7,6,0.557,2,1,2,6,1,0,2,0,3,0.0,5.981,4,4,4.786,6.566,7,1
2.251,3,1,0.0,0,0,5,5,3,1,1,0.141,0,7,6,7,3,2,5,0.899,0,6,0,2,-1.099,2,0,4,6,1,4,0,3,7,0.0,3.736,7,4,2.752,3.791,6,0
1.839,4,5,0.0,6,4,6,7,4,0,3,-0.976,0,6,3,5,6,0,7,0.515,3,5,2,2,-0.8,0,0,1,0,0,6,4,1,7,0.0,2.212,2,7,1.047,-0.43,5,0
1.872,5,5,0.0,6,3,3,6,1,0,7,0.058,0,7,4,2,2,3,5,-1.397,2,0,6,2,0.264,7,0,4,7,2,7,1,1,0,0.0,1.925,0,7,2.263,1.147,4,0
0.498,3,4,0.0,0,5,2,4,5,0,7,-0.74,0,3,5,6,0,0,2,0.629,5,1,7,6,-0.525,4,0,2,5,4,0,3,2,6,0.0,-0.324,6,7,0.853,-1.507,3,0
3.409,4,3,30868.03,2,1,2,5,4,1,6,0.516,1,1,5,4,1,6,0,3.135,5,1,5,0,-0.67,5,1,7,2,4,6,0,3,3,0.0,3.634,4,6,3.453,3.865,6,1
1.428,5,4,0.0,6,2,3,5,0,0,7,0.105,0,3,1,4,4,0,1,0.557,6,4,5,3,1.167,3,0,7,2,7,0,1,4,3,0.0,0.485,1,1,1.029,0.268,3,0
2.327,6,3,0.0,6,1,7,0,4,0,6,0.767,0,6,1,1,2,6,7,5.216,5,1,7,4,-0.484,1,0,1,2,2,2,6,5,5,0.0,2.289,1,3,0.984,-0.793,2,0
0.526,5,5,0.0,0,1,4,0,7,0,1,0.674,0,2,7,5,5,4,0,3.195,3,0,7,7,0.853,1,0,1,5,7,0,0,0,1,0.0,-0.666,3,2,1.149,4.457,1,0
-0.406,3,3,0.0,3,0,3,4,3,0,7,1.014,0,1,4,3,7,4,2,-0.052,3,0,4,3,0.552,1,0,6,6,4,4,6,4,2,0.0,0.371,2,7,0.148,0.141,4,0
0.671,7,7,0.0,5,5,6,3,4,0,1,-1.379,0,5,4,2,5,0,1,-0.399,1,6,6,0,1.211,4,0,3,4,4,7,7,0,2,0.0,0.736,3,4,0.789,0.856,7,0
0.63,0,3,0.0,6,6,4,0,3,0,4,-0.753,0,2,1,3,1,0,2,2.294,0,6,6,3,-1.874,2,0,4,1,2,5,3,7,3,0.0,2.055,5,6,0.873,-0.95,2,0
1.491,7,1,0.0,6,3,5,1,7,0,4,-0.087,0,0,1,6,7,5,1,0.908,4,5,5,7,-0.209,3,0,5,3,1,3,4,6,2,0.0,0.173,7,7,0.578,1.561,7,0
1.426,2,7,0.0,3,0,2,1,0,0,2,0.069,0,6,7,6,4,5,5,1.122,5,2,0,7,-0.071,5,0,2,3,1,4,1,0,5,0.0,2.365,7,2,1.012,2.128,7,0
1.849,4,5,0.0,6,6,3,2,0,1,1,-0.516,0,4,0,7,5,1,6,-0.033,1,0,6,7,-1.383,4,0,0,6,5,3,6,6,0,0.0,2.586,4,1,2.017,3.634,5,0
0.872,7,2,0.0,4,0,1,4,4,0,7,2.659,0,2,0,6,1,5,0,2.643,6,3,2,5,0.953,4,0,4,3,1,3,4,6,5,0.0,0.793,3,0,0.857,3.221,7,0
4.239,4,4,4522.51,3,7,2,7,7,1,3,1.134,0,7,2,5,4,3,6,3.714,3,3,5,1,-0.454,7,1,1,4,2,0,5,4,5,0.0,3.895,1,5,3.902,7.686,0,1
1.085,1,5,0.0,3,5,4,6,2,0,4,-1.269,0,2,6,6,2,7,1,-1.904,0,0,7,4,1.757,6,0,3,2,7,1,7,0,6,0.0,0.709,3,1,0.842,-0.13,0,0
2.193,7,3,0.0,5,6,6,4,3,0,0,1.879,0,6,7,2,2,6,5,-0.858,3,1,6,6,0.518,5,0,2,0,5,3,0,5,5,0.0,2.374,5,3,2.593,4.57,4,0
-0.148,0,2,0.0,5,7,1,7,7,0,3,0.878,0,6,2,1,5,6,4,-2.124,0,2,1,2,1.766,0,0,1,3,0,2,3,0,4,0.0,1.654,7,1,1.203,1.889,3,0
0.603,5,2,0.0,0,1,6,4,6,0,5,-0.719,0,5,2,0,0,2,4,-1.433,3,1,3,4,-0.137,6,0,6,3,6,3,7,1,1,0.0,-0.195,6,7,0.9,-0.912,4,0
0.583,6,4,0.0,4,6,5,5,5,0,7,0.322,0,6,2,7,6,5,3,2.897,3,0,4,6,-0.259,5,0,2,1,0,7,7,0,4,0.0,0.179,0,5,0.066,-0.258,1,0
1.148,7,6,0.0,2,6,4,1,0,0,5,0.923,0,4,7,3,5,7,6,1.572,2,1,3,2,-0.168,6,0,6,6,3,4,1,7,5,0.0,-0.322,2,4,0.816,-0.137,4,0
2.669,0,2,0.0,0,2,0,5,5,1,1,-1.254,0,4,0,2,2,5,6,1.515,2,5,3,3,1.578,2,0,2,1,7,1,2,5,3,0.0,2.75,6,4,2.426,0.558,7,0
1.382,4,2,0.0,0,3,6,0,2,0,2,-1.035,0,0,2,0,5,7,6,-1.335,1,3,1,7,0.45,2,0,5,4,2,5,6,7,5,0.0,0.303,3,6,0.96,-0.178,6,0
0.499,6,2,0.0,3,1,3,6,3,0,7,-0.155,0,4,2,1,1,5,3,0.857,6,4,0,2,1.431,0,0,3,6,5,3,3,1,7,0.0,0.373,3,1,0.434,-3.282,7,0
0.339,4,3,0.0,1,7,7,6,7,0,3,-2.394,0,7,4,6,3,0,3,-1.901,0,6,4,5,-0.569,7,0,7,5,5,4,6,4,3,0.0,-1.405,3,3,0.523,-0.173,3,0
3.604,2,7,0.0,5,2,3,7,4,0,4,-0.58,0,7,2,5,2,0,2,5.632,4,0,4,5,-0.475,1,1,7,2,1,5,4,6,0,0.0,1.652,4,5,2.402,2.391,5,0
0.889,4,2,0.0,6,5,0,3,5,0,5,0.954,0,6,7,1,7,4,1,4.208,3,3,6,5,-0.631,1,0,6,4,5,6,1,7,1,0.0,1.537,6,1,1.022,0.736,6,0
1.428,7,5,0.0,3,7,0,0,4,0,1,-2.004,0,1,3,6,5,7,6,-0.642,4,1,4,1,2.237,5,0,3,4,4,4,2,5,6,0.0,0.75,2,4,1.4,-1.146,0,0
1.048,1,4,0.0,7,3,5,2,2,0,7,0.824,0,3,1,0,2,0,7,2.79,5,0,0,2,-1.424,0,0,1,5,3,0,1,7,3,0.0,-1.105,0,3,1.39,0.562,7,0
0.601,6,3,0.0,7,5,0,5,0,0,7,-1.171,0,5,4,3,6,1,4,2.26,0,4,5,6,0.116,3,0,1,7,5,5,6,3,1,0.0,0.788,3,3,1.359,1.115,7,0
2.57,5,7,0.0,3,2,0,5,1,0,3,0.447,0,1,6,3,7,7,1,-4.335,0,4,0,3,-1.726,3,0,1,7,7,2,0,7,6,0.0,2.419,6,5,1.672,1.819,3,0
2.095,2,1,0.0,3,7,1,7,2,0,6,0.829,0,6,6,4,2,6,0,-1.157,3,7,3,0,-1.112,4,0,6,7,5,3,1,1,0,0.0,0.39,0,4,2.076,0.414,3,0
1.405,1,1,0.0,3,3,7,1,6,0,5,0.851,0,5,5,5,3,6,5,5.033,5,6,2,5,-1.399,5,0,7,0,0,1,7,1,2,0.0,3.311,0,4,1.864,4.181,4,0
1.249,6,1,0.0,4,4,5,1,5,0,0,-0.881,0,5,4,3,1,3,6,3.566,1,3,7,6,0.584,4,0,1,0,7,1,4,7,0,0.0,-0.806,0,4,1.357,2.691,6,0
1.785,1,5,0.0,5,4,3,6,3,0,1,-1.296,0,1,0,3,3,2,7,-0.597,3,7,7,3,0.941,1,0,5,7,4,4,7,3,0,0.0,2.431,3,4,1.274,2.3,1,0
0.563,4,0,0.0,2,4,0,7,6,0,4,0.81,0,6,3,2,4,1,4,-2.06,0,3,5,2,-0.83,5,0,5,6,5,2,0,7,6,0.0,1.292,1,5,0.816,4.605,0,0
5.834,7,6,21628.23,3,7,0,0,0,1,1,3.021,1,4,3,3,6,6,5,6.748,2,3,7,3,1.727,1,1,1,1,6,7,6,2,2,0.0,5.978,6,0,5.436,3.339,4,1
0.52,1,3,0.0,6,2,3,3,2,0,6,0.299,0,0,7,5,0,3,1,1.052,1,4,3,2,-0.96,5,0,6,0,1,6,3,3,4,0.0,0.355,7,1,0.703,1.912,5,0
0.899,1,2,0.0,2,6,3,2,6,0,7,0.48,0,3,7,0,6,5,4,-0.776,0,4,5,5,0.116,5,0,5,3,5,5,7,4,6,0.0,0.666,6,5,0.23,0.67,1,0
1.295,2,7,0.0,5,6,0,5,6,0,2,0.179,0,5,6,7,2,4,4,4.367,7,4,5,1,-0.535,5,0,6,4,4,6,0,0,0,0.0,1.166,2,3,1.596,2.462,0,0
0.056,2,3,0.0,3,5,7,2,5,0,4,-0.037,0,6,7,1,2,5,2,1.9,3,6,3,1,0.728,5,0,7,0,5,3,5,2,5,0.0,-0.185,7,0,0.124,-1.014,3,0
3.442,2,0,35404.71,7,6,7,4,4,1,3,1.262,0,1,3,3,0,6,7,4.714,5,0,2,4,-0.297,1,1,7,3,3,3,2,0,0,34.2,4.295,7,7,3.242,3.912,7,1
5.24,5,4,19464.8,2,6,1,0,5,1,4,1.722,1,0,6,3,7,3,4,5.311,1,7,5,3,0.977,4,1,1,1,1,4,5,4,6,0.0,3.795,5,6,5.654,4.876,4,1
1.634,1,4,0.0,5,0,4,5,4,0,7,0.093,0,2,6,5,7,7,3,-0.93,5,6,5,2,-0.753,1,0,6,3,7,6,2,2,4,0.0,1.946,2,5,0.885,-2.312,7,0
3.841,3,3,8139.46,1,3,2,3,7,1,1,0.335,0,0,5,0,4,6,3,-0.472,0,1,1,1,-0.466,7,1,1,6,2,2,0,3,0,0.0,2.817,5,2,3.786,3.918,0,1
4.238,5,5,15663.19,6,0,1,4,5,1,7,0.957,1,2,6,7,4,3,6,6.239,5,5,3,5,1.315,7,1,2,6,6,5,2,5,5,0.0,4.806,0,3,4.278,5.344,0,1
0.113,5,2,0.0,7,2,7,6,4,0,2,-0.26,0,5,7,3,6,5,3,0.637,0,2,4,5,0.608,3,0,5,6,0,5,1,4,2,0.0,1.038,2,1,0.167,0.666,6,0
2.344,4,4,0.0,2,1,3,2,4,1,4,0.229,0,0,5,6,6,5,0,3.803,0,6,4,7,-0.544,6,0,5,4,4,5,3,3,3,0.0,1.486,3,5,2.257,1.929,3,0
1.795,3,4,0.0,4,7,6,5,4,0,0,-0.147,0,7,7,6,3,4,2,-1.421,0,7,4,6,1.018,2,0,4,4,2,0,5,0,5,0.0,0.307,3,4,1.068,1.214,4,0
-0.096,3,1,0.0,5,7,2,0,1,0,3,-0.316,0,4,6,7,5,2,3,-1.053,7,4,7,5,-2.213,6,0,5,6,2,0,1,2,1,0.0,-0.753,2,5,-0.091,-0.753,3,0
1.606,5,7,0.0,6,0,4,3,5,1,4,-1.283,0,4,6,5,3,1,3,1.556,0,0,2,5,-0.191,1,0,3,2,3,6,3,6,6,0.0,1.925,0,5,1.59,1.129,5,0
3.202,1,5,0.0,1,4,5,7,5,0,5,-2.384,0,6,2,5,4,4,2,2.75,2,4,1,0,1.435,4,1,2,5,2,0,0,3,2,0.0,0.967,1,7,2.316,2.941,2,0
3.381,2,4,33803.02,1,1,3,4,0,1,1,1.991,1,1,0,3,6,4,7,3.532,3,5,4,6,-0.56,6,1,0,6,6,2,2,0,3,0.0,3.681,0,6,3.358,1.324,6,1
1.915,3,5,0.0,2,0,7,1,1,0,3,0.311,0,3,6,0,1,5,3,-0.396,2,0,1,4,-1.286,4,0,7,2,4,3,7,2,0,0.0,0.663,5,7,0.544,0.835,1,0
1.098,0,0,0.0,3,0,5,7,4,0,0,1.696,0,2,6,7,0,0,0,-2.553,6,5,0,7,-1.23,5,0,1,1,6,4,7,1,7,0.0,-0.147,1,0,0.59,-0.084,7,0
1.75,2,2,0.0,0,0,5,5,5,0,7,0.31,0,6,6,6,7,7,2,-0.502,0,1,3,2,0.363,7,0,0,5,5,0,2,3,7,0.0,2.27,6,1,1.302,3.841,7,0
1.418,7,5,0.0,1,4,5,5,0,0,7,-0.877,0,1,1,2,3,0,7,0.768,4,2,0,4,0.82,5,0,5,6,0,0,6,0,6,0.0,2.002,0,6,1.249,-0.023,4,0
2.517,2,0,0.0,7,0,5,2,7,1,5,1.73,0,6,3,5,5,3,2,4.154,7,2,3,1,2.585,0,1,2,1,0,3,3,4,7,0.0,2.213,4,7,2.144,4.676,2,1
2.159,2,4,0.0,6,2,5,4,6,0,1,-1.207,0,1,7,6,7,4,5,-2.287,3,5,6,2,-0.959,3,0,5,5,4,1,4,7,4,0.0,-0.734,6,2,1.855,-0.004,3,0
3.898,2,0,0.0,3,3,2,1,7,1,5,3.716,1,0,5,2,3,1,5,5.297,1,6,5,1,1.899,0,1,0,3,2,2,6,1,0,0.0,4.838,6,5,4.206,2.835,5,1
2.831,7,7,3380.87,6,6,4,3,2,1,2,0.565,1,2,3,0,6,7,2,4.748,2,6,4,4,-0.03,2,1,0,7,1,3,2,1,5,0.0,-0.472,1,0,2.559,2.557,1,1
1.204,2,2,0.0,3,5,1,3,1,0,2,-0.745,0,5,3,1,3,2,5,-2.225,6,2,1,0,-1.865,7,0,2,0,2,3,6,7,7,0.0,2.143,2,5,1.008,-0.36,6,0
0.539,0,6,0.0,4,2,7,2,5,0,7,-0.329,0,0,2,0,1,4,0,-1.545,7,3,5,5,1.849,2,0,4,1,5,2,0,6,3,0.0,0.652,3,3,0.97,1.926,1,0
1.868,3,7,0.0,5,5,5,6,7,1,2,-1.837,0,1,0,0,5,0,5,1.861,4,4,4,7,-2.147,0,0,7,7,7,2,0,5,7,0.0,3.18,5,7,2.295,3.973,1,0
2.996,6,1,25340.31,6,0,4,3,0,1,7,3.582,1,5,7,3,0,2,1,0.375,0,3,1,7,0.636,6,0,5,6,4,2,0,7,1,0.0,4.503,5,2,4.368,1.105,1,1
1.309,2,2,0.0,2,5,1,2,2,0,6,1.012,0,1,3,3,3,1,6,-0.794,3,2,4,4,-1.124,0,0,1,7,3,3,4,7,2,0.0,3.213,6,2,0.578,1.204,3,0
1.402,5,1,0.0,7,3,7,5,5,0,6,1.666,0,1,2,1,6,0,2,6.319,0,5,0,7,-1.459,6,0,7,1,1,0,4,7,0,0.0,0.842,0,7,1.733,1.958,2,0
4.256,7,5,6993.04,3,2,3,4,1,1,1,1.707,1,0,5,6,1,7,3,2.166,1,0,5,3,0.49,3,1,0,6,3,3,2,0,2,5.86,5.517,6,5,4.369,5.896,7,1
2.288,0,2,0.0,7,7,2,6,2,1,0,0.671,0,6,3,7,1,2,0,1.754,0,6,3,0,-0.681,0,0,1,0,5,5,0,1,2,0.0,1.292,4,7,2.499,-0.131,4,0
2.92,0,4,35086.3,6,2,0,7,0,1,5,1.059,1,7,0,4,4,5,3,2.751,0,6,1,0,-0.56,5,1,5,7,1,1,0,2,4,38.16,3.084,2,1,3.638,1.883,6,1
1.868,7,3,0.0,1,3,5,2,7,0,3,-0.295,0,0,1,1,6,5,1,0.909,4,4,6,1,-0.459,3,0,5,2,5,1,1,4,2,0.0,1.403,7,3,1.05,2.164,3,0
0.45,1,5,0.0,3,0,4,3,2,0,6,0.35,0,2,7,3,2,4,2,4.683,2,5,7,2,-1.275,5,0,4,2,7,5,6,3,5,0.0,0.364,4,7,0.181,1.722,6,0
1.037,2,7,0.0,2,0,7,3,4,0,6,-0.82,0,6,0,6,7,1,5,1.052,5,0,1,6,-1.751,0,0,2,2,0,2,0,7,4,0.0,-3.11,2,3,1.074,1.656,4,0
1.993,5,4,0.0,1,1,3,6,3,0,0,0.154,0,0,5,1,4,2,7,1.075,5,4,7,3,0.426,1,0,5,4,1,6,0,2,4,0.0,0.834,6,0,2.14,4.673,3,0
2.347,0,1,0.0,5,0,5,6,6,0,2,-0.226,0,3,5,4,0,4,4,-0.19,6,0,5,0,-0.648,5,0,2,3,2,6,0,4,3,0.0,0.563,6,5,2.486,0.907,5,0
-0.21,2,6,0.0,7,1,3,6,6,0,4,0.707,0,1,6,2,2,7,0,1.677,3,3,5,6,0.548,2,0,1,1,1,7,6,1,6,0.0,-0.189,0,5,0.702,-2.718,5,0
1.991,7,5,0.0,0,3,3,3,3,0,7,-0.102,0,3,7,4,3,6,4,5.208,7,3,2,7,-0.984,6,0,2,7,0,3,6,5,4,0.0,0.851,4,6,1.271,0.407,3,0
2.109,7,6,0.0,0,4,5,6,7,1,5,-0.198,0,5,7,4,4,1,1,4.547,5,5,5,0,0.133,6,0,4,0,0,5,6,7,5,0.0,3.603,3,1,2.135,5.643,4,0
1.087,4,2,0.0,1,4,1,7,6,0,3,0.067,0,1,2,6,3,5,3,-4.535,2,3,1,5,0.692,1,0,1,1,2,6,2,0,1,0.0,2.226,4,5,0.806,-0.262,5,0
5.233,2,0,33995.41,1,7,6,1,3,1,3,1.781,1,2,6,2,5,4,1,7.127,5,1,5,3,-1.804,4,1,4,4,6,1,2,0,2,0.0,4.491,4,1,5.532,3.682,6,1
1.222,1,0,0.0,0,5,2,6,4,0,2,-1.309,0,2,7,1,2,6,5,1.237,6,4,2,7,-1.454,4,0,6,6,2,5,4,1,7,0.0,1.101,3,3,1.654,2.547,6,0
2.013,2,5,0.0,7,4,2,0,3,0,2,1.394,0,7,7,2,7,1,4,3.34,0,5,2,7,0.664,7,0,5,1,4,5,1,6,1,0.0,2.518,6,4,1.836,4.014,2,0
3.827,3,4,17625.77,1,6,1,4,3,1,1,1.657,1,4,5,0,5,0,4,2.912,6,1,7,2,0.074,7,1,4,7,4,6,5,4,5,0.0,2.487,2,7,3.774,5.02,7,1
4.195,1,3,0.0,4,0,3,3,6,1,3,1.963,1,5,0,7,5,3,4,6.557,5,1,2,0,-2.062,6,1,4,2,3,4,3,0,7,0.0,4.601,6,0,4.583,5.441,3,1
1.966,1,2,19121.24,3,5,7,7,4,1,1,1.148,0,6,1,5,0,2,6,6.322,4,1,0,7,0.337,2,1,2,1,5,7,4,5,0,36.15,3.113,1,4,2.174,1.218,1,1
0.952,7,3,0.0,7,1,2,3,6,0,3,-0.528,0,7,1,6,7,3,0,2.268,6,5,2,6,-0.922,6,0,5,1,2,3,5,2,7,0.0,2.93,3,5,1.597,0.981,4,0
4.993,7,4,0.0,7,7,0,4,0,1,3,0.366,1,6,1,6,4,6,4,4.91,6,3,0,5,1.225,1,1,0,1,1,0,6,0,1,0.0,4.829,7,2,4.524,1.067,1,1
1.335,0,1,0.0,6,6,2,6,5,1,1,0.525,0,6,5,3,4,5,4,-2.323,6,6,0,1,-0.869,7,0,2,0,0,1,0,7,1,0.0,0.013,7,0,1.433,1.877,6,0
2.554,4,1,0.0,6,3,0,6,5,1,0,0.647,1,3,2,7,1,1,7,-1.512,3,6,5,7,1.364,0,0,7,3,7,2,5,1,3,0.0,0.761,2,2,2.915,1.277,0,1
1.945,5,7,0.0,4,1,6,0,2,0,6,0.967,0,2,1,4,6,5,0,0.234,3,0,3,3,-0.116,5,0,3,4,3,2,1,7,4,0.0,2.884,3,4,1.54,-1.85,3,0
0.801,7,1,0.0,6,0,5,3,3,0,0,-1.033,0,2,6,2,1,1,3,3.221,7,6,6,5,-0.908,0,0,6,2,3,3,2,0,7,0.0,0.392,6,6,0.181,1.413,1,0
4.244,4,1,8796.47,0,1,5,7,0,1,2,0.242,1,1,7,5,0,7,1,5.443,4,2,7,2,2.166,3,1,2,0,0,2,6,3,3,57.59,4.545,0,0,4.318,4.825,5,1
2.825,3,2,25526.15,3,5,5,0,4,1,3,1.195,1,2,6,1,7,7,2,1.195,6,6,6,6,-0.97,3,1,3,1,0,0,3,3,1,0.0,2.154,0,2,2.816,2.202,0,1
3.265,0,6,41142.68,1,0,0,2,7,1,1,2.795,1,7,7,0,4,3,7,2.403,4,2,6,1,0.878,0,1,7,5,7,5,2,4,6,0.0,2.788,7,1,3.609,2.672,7,1
2.94,1,5,39738.54,2,1,3,3,6,1,3,0.62,0,4,3,5,3,3,4,6.404,3,1,1,3,-0.376,4,1,7,5,4,3,4,6,4,0.0,4.054,2,3,3.605,4.383,1,1
7.097,6,1,22774.58,3,7,5,4,6,1,0,0.437,1,3,2,2,1,2,3,8.194,3,2,2,4,0.199,7,1,0,0,0,4,3,4,7,0.0,7.544,0,2,7.063,7.809,4,1
3.898,5,0,0.0,5,6,2,2,4,1,7,0.945,1,5,6,7,2,4,1,4.221,4,3,1,6,0.935,0,1,4,1,1,5,4,7,3,0.0,4.747,6,4,4.11,5.007,7,1
2.847,4,5,26413.72,0,1,2,3,7,1,5,2.133,1,4,1,5,7,2,5,3.382,0,2,5,5,1.039,0,1,0,6,4,3,4,4,5,38.59,3.758,0,3,3.264,3.859,0,1
3.988,6,5,0.0,2,4,4,1,7,1,1,2.561,0,2,4,0,5,4,2,5.595,1,6,1,4,-1.002,0,0,4,6,1,0,5,6,5,0.0,2.071,0,3,3.475,4.026,6,0
1.331,1,7,0.0,0,4,7,0,5,0,4,-1.913,0,0,7,1,6,3,6,-2.073,6,2,7,2,-1.148,7,0,2,6,4,1,1,6,5,0.0,0.889,2,6,1.796,4.296,7,0
-0.21,3,4,0.0,4,6,4,0,2,0,5,1.187,0,3,3,5,1,7,2,-0.918,3,5,0,3,-0.396,4,0,5,3,6,1,7,2,5,0.0,0.518,4,4,0.286,-0.03,3,0
0.693,6,7,0.0,7,5,2,7,3,0,3,-0.174,0,6,6,5,1,0,5,-1.621,7,3,5,0,-0.223,6,0,3,6,5,7,6,7,5,0.0,0.356,6,2,0.349,0.86,7,0
0.185,6,5,0.0,4,3,0,6,2,0,2,1.422,0,1,4,6,2,3,5,0.961,3,2,2,1,-0.599,7,0,7,4,1,4,2,0,2,0.0,0.248,6,3,0.202,-2.085,1,0
1.121,5,6,0.0,2,1,4,4,0,0,5,-0.545,0,6,5,3,0,7,4,5.498,0,6,3,2,0.363,3,0,3,0,1,1,0,6,6,0.0,2.475,3,2,1.14,2.762,4,0
0.229,2,0,0.0,7,0,0,1,7,0,0,0.858,0,7,0,4,6,3,1,2.142,6,7,5,4,-0.319,1,0,2,0,1,0,2,6,2,0.0,-1.902,4,6,0.304,1.349,5,0
0.781,1,2,0.0,3,2,4,0,4,0,1,0.977,0,4,1,3,0,3,1,-0.339,1,7,5,5,-0.687,5,0,2,7,2,0,6,2,7,0.0,0.447,5,0,1.006,3.385,1,0
2.872,4,3,0.0,2,3,5,5,3,0,1,0.014,0,5,5,0,3,4,1,3.11,1,1,5,5,0.039,6,0,1,7,3,1,6,7,6,0.0,2.009,3,5,1.55,3.603,3,0
2.091,2,7,0.0,4,4,4,7,7,0,2,-1.375,0,4,6,3,7,3,3,0.947,4,0,6,7,0.604,7,1,0,2,2,1,5,4,5,0.0,1.216,3,5,1.922,2.37,6,0
1.327,0,2,0.0,7,1,2,7,0,0,7,-0.28,0,6,3,5,3,3,5,0.292,2,6,0,7,0.315,1,0,7,6,4,6,4,0,6,0.0,0.677,6,3,0.789,-0.651,6,0
1.748,7,5,0.0,2,0,0,2,5,1,3,1.519,0,5,5,7,4,4,2,3.209,7,7,7,0,-1.612,0,0,4,7,5,6,1,7,3,0.0,1.852,3,0,2.676,1.703,1,0
3.396,7,3,10184.56,2,3,6,6,5,1,0,-0.327,1,6,0,4,5,0,5,2.241,2,4,6,6,0.233,2,1,0,4,0,1,0,2,1,39.76,2.912,5,1,3.638,7.648,0,1
0.475,4,5,0.0,3,0,0,1,4,0,3,0.387,0,2,3,7,0,5,3,2.282,3,7,3,3,0.529,3,0,6,6,2,2,0,4,3,0.0,0.659,6,4,1.125,3.049,7,0
0.473,5,1,0.0,7,4,2,4,0,0,4,-0.412,0,3,7,5,5,5,6,4.067,1,5,2,7,-0.991,3,0,4,7,0,3,2,6,6,0.0,2.273,1,6,-0.185,-0.324,5,0
2.237,1,5,0.0,5,7,3,6,2,0,6,-0.167,0,3,5,7,2,1,2,3.386,6,0,4,7,0.878,5,0,6,1,3,6,4,1,5,0.0,3.365,6,0,2.416,3.591,2,0
1.469,1,6,0.0,4,0,2,3,2,0,7,-0.341,0,5,3,7,4,7,3,2.696,3,0,5,6,1.18,2,0,4,2,2,2,0,4,2,0.0,0.854,2,5,1.923,-1.248,7,0
1.9,5,0,0.0,3,4,3,3,1,0,1,-1.649,0,2,6,5,3,3,0,2.491,1,5,4,5,-0.061,2,0,0,5,6,7,0,2,2,0.0,0.407,1,7,2.017,0.792,6,0
2.208,4,7,15362.82,1,4,7,3,4,1,3,2.138,0,7,4,2,4,2,4,1.897,6,2,3,1,1.666,5,1,7,5,7,2,0,5,3,9.96,2.031,7,6,2.46,3.4,6,1
1.246,7,0,0.0,2,6,6,5,0,0,0,-0.846,0,2,2,4,1,6,4,2.07,0,0,5,1,1.176,0,0,4,3,5,7,4,0,4,0.0,-0.061,7,7,0.297,0.318,0,0
1.364,7,6,0.0,3,4,7,7,2,0,2,-0.542,0,4,6,7,1,6,4,2.956,5,5,4,6,0.625,0,0,0,2,0,7,3,4,4,0.0,1.555,4,3,0.841,1.735,4,0
3.367,3,3,21066.45,0,4,4,2,3,1,7,1.846,1,5,5,5,2,6,3,4.37,6,7,0,0,-1.239,1,1,5,1,3,3,6,5,6,8.63,5.055,0,2,4.986,5.981,4,1
1.456,3,4,0.0,2,0,3,6,3,0,7,-0.467,0,5,4,1,5,2,1,-1.137,4,3,7,2,0.493,4,0,2,0,1,7,7,1,0,0.0,0.16,0,6,1.026,0.837,7,0
0.801,5,6,0.0,5,7,3,0,7,0,7,0.443,0,6,0,3,6,4,2,1.34,5,2,2,6,1.834,7,0,6,3,3,6,4,7,0,0.0,0.95,1,5,0.467,2.402,1,0
1.923,4,0,0.0,5,5,6,0,0,0,3,-0.197,0,4,5,6,1,3,1,-0.222,3,5,6,3,-0.217,1,1,2,1,2,3,4,3,1,0.0,1.98,4,0,1.593,2.079,1,0
1.506,3,0,0.0,0,2,4,5,1,0,1,0.407,0,2,0,2,4,5,4,-0.903,2,1,4,4,1.358,4,0,4,7,7,3,7,4,0,0.0,3.327,4,5,2.621,-1.026,7,0
1.634,0,5,0.0,1,7,0,7,4,1,4,0.768,0,4,3,7,6,6,3,2.753,2,7,4,1,-1.549,2,0,5,5,3,3,4,7,0,0.0,-0.291,2,4,0.977,2.35,0,0
3.427,5,6,21411.87,2,5,3,4,1,0,1,1.544,1,0,0,0,7,4,1,0.743,5,5,7,1,-0.342,5,1,4,2,3,3,6,0,7,0.0,3.503,1,7,2.938,6.19,7,1
3.151,0,2,15202.28,2,6,7,4,3,1,7,3.716,0,1,5,5,6,7,4,4.189,0,1,6,6,1.836,0,1,5,6,2,4,7,4,7,0.0,3.689,2,7,3.498,2.083,1,1
2.954,5,0,17029.82,0,5,5,1,1,1,7,0.119,1,6,4,6,5,4,4,4.306,3,7,6,6,-0.997,5,0,3,4,6,3,7,6,1,0.0,2.116,1,6,3.134,4.576,4,1
1.199,0,2,0.0,6,1,2,7,7,0,5,0.749,0,2,1,6,1,6,5,-0.513,0,1,4,0,-0.236,0,0,1,7,7,5,7,5,6,0.0,2.966,2,5,1.315,2.061,3,0
1.54,6,6,0.0,3,6,5,0,2,0,5,0.073,0,6,7,6,7,0,5,-0.123,4,7,4,1,0.232,7,0,3,5,3,4,2,5,1,0.0,0.851,5,6,1.21,1.574,6,0
3.151,2,7,0.0,6,0,2,6,6,1,1,-0.689,0,0,2,1,6,2,7,3.792,4,3,5,7,0.351,1,0,6,7,6,3,6,2,4,0.0,3.103,3,1,2.586,2.316,6,0
4.996,2,7,35528.11,1,3,2,1,7,1,7,-0.286,1,2,2,7,5,3,7,3.307,1,6,7,7,1.143,4,1,0,5,4,1,5,2,2,0.0,4.845,6,1,5.041,6.165,4,1
0.835,5,0,0.0,6,0,5,3,0,0,2,0.401,0,2,4,2,2,6,1,-2.796,0,7,6,3,-0.234,3,0,3,3,1,2,3,7,5,0.0,-0.333,0,3,0.977,0.725,7,0
1.912,3,5,0.0,1,3,0,3,5,0,6,0.715,0,0,1,4,0,6,1,-1.165,3,3,2,1,0.644,6,0,2,7,3,2,0,2,1,0.0,1.287,2,1,0.567,0.278,0,0
1.739,3,6,0.0,0,2,7,5,4,0,1,-0.061,0,3,3,7,4,4,6,3.904,5,6,4,2,-0.253,2,0,7,4,0,6,3,5,1,0.0,0.722,2,1,1.12,0.643,7,0
2.44,2,5,0.0,3,6,7,1,7,0,5,0.745,1,7,6,2,4,0,3,1.579,6,0,4,7,0.428,5,0,4,3,7,2,5,2,6,0.0,2.054,6,7,2.663,1.119,4,0
-0.645,5,1,0.0,0,2,3,0,6,0,1,0.631,0,5,2,4,0,2,0,0.685,4,4,7,4,-0.093,3,0,3,1,1,1,3,7,7,0.0,0.433,7,5,0.741,-0.421,1,0
0.919,4,0,0.0,4,6,0,3,0,0,5,1.952,0,3,4,3,7,0,3,2.887,6,2,4,5,-1.795,4,0,6,6,3,4,6,4,6,0.0,2.175,5,0,1.027,2.717,7,0
1.55,5,3,0.0,3,4,4,3,2,0,1,-0.046,0,4,7,0,0,3,6,-0.821,2,1,7,4,-0.171,0,0,1,6,0,2,4,1,0,0.0,2.043,7,1,1.044,2.74,5,0
0.758,3,1,0.0,7,6,4,1,2,0,5,-0.475,0,6,6,3,5,5,0,-0.795,4,7,1,4,-0.194,7,0,2,3,2,1,1,6,2,0.0,0.479,5,5,0.356,-0.777,4,0
1.839,0,2,0.0,4,0,6,7,0,0,1,-0.515,0,5,1,4,6,1,1,2.286,2,2,7,0,1.063,6,0,1,3,0,7,0,2,4,0.0,0.866,1,0,1.355,0.703,3,0
6.044,1,5,22023.8,1,3,7,5,6,1,6,0.254,1,6,7,3,2,3,3,6.124,5,7,0,2,0.242,0,1,5,4,1,3,2,0,6,6.81,5.976,1,1,5.491,3.126,4,1
2.273,3,5,12919.63,0,6,4,6,5,1,4,0.956,0,3,6,4,1,6,0,0.129,4,6,3,4,-0.764,3,1,1,4,5,0,4,5,5,0.0,1.931,2,1,1.807,0.543,2,1
1.689,5,1,0.0,3,1,3,1,2,0,1,1.118,0,1,4,6,3,0,5,4.16,5,3,2,2,-2.182,7,0,7,0,7,5,5,5,2,0.0,1.806,1,5,2.082,2.269,2,0
0.954,3,7,0.0,5,6,7,2,0,0,4,-0.919,0,7,2,4,5,2,0,1.153,0,4,0,3,0.956,4,0,4,1,5,2,4,3,5,0.0,0.069,4,1,1.349,0.122,0,0
3.951,6,2,7770.49,7,6,4,6,5,1,6,2.851,1,5,3,5,2,6,0,2.703,6,7,4,3,0.127,3,1,3,7,2,0,3,1,5,0.0,3.537,4,0,4.172,0.947,4,1
1.893,7,2,0.0,6,2,3,5,4,1,4,1.306,0,6,2,5,1,5,6,1.81,2,0,4,1,0.272,5,0,4,2,5,7,3,4,5,0.0,2.036,1,1,1.656,0.561,3,0
1.789,4,6,0.0,1,6,0,6,3,0,3,-2.085,0,2,3,5,1,2,1,4.619,6,0,3,3,0.723,0,0,7,3,3,7,4,6,4,0.0,0.961,4,1,1.372,0.701,0,0
2.035,1,4,0.0,4,7,3,1,0,1,3,0.944,0,1,3,6,1,3,7,0.816,2,3,3,7,-0.157,6,0,3,2,2,1,0,6,1,0.0,2.755,5,3,2.256,5.871,5,0
2.571,4,6,0.0,3,0,6,3,7,0,4,1.115,0,7,3,5,1,7,1,2.306,3,4,2,1,-0.27,5,1,0,5,7,4,2,4,3,0.0,2.395,6,3,2.388,2.829,0,0
0.676,4,1,0.0,4,5,2,7,1,0,5,-0.344,0,2,5,4,5,0,7,1.827,4,3,3,0,-0.083,2,0,7,7,5,5,4,3,7,0.0,0.504,5,1,1.128,-0.919,3,0
1.137,2,5,0.0,5,0,3,7,1,0,3,0.45,0,2,6,1,6,7,1,4.982,1,7,3,1,-0.564,3,0,7,4,2,3,0,2,5,0.0,0.418,4,1,1.107,0.8,4,0
2.088,2,0,0.0,0,3,1,0,3,1,5,0.23,0,4,3,3,0,4,3,5.184,3,4,4,4,-1.849,2,0,0,0,4,0,4,2,7,0.0,2.23,0,6,2.74,-0.399,0,0
0.025,2,6,0.0,6,1,5,1,4,0,6,1.529,0,6,3,1,7,3,1,1.385,4,0,1,7,0.046,6,0,5,6,5,5,0,4,5,0.0,-0.077,4,5,1.079,-1.208,0,0
1.452,7,0,0.0,5,7,5,6,2,0,2,0.094,0,2,5,3,4,0,6,1.589,1,3,0,5,-0.171,6,1,5,3,5,2,1,6,3,0.0,2.036,1,6,1.48,2.124,3,0
1.135,6,4,0.0,6,0,0,2,6,0,2,-1.09,0,5,3,6,5,0,3,4.694,7,3,4,3,0.806,2,0,1,1,4,2,3,0,0,0.0,1.49,2,2,1.351,2.17,0,0
0.156,1,7,0.0,7,6,5,6,5,0,4,0.984,0,6,6,6,4,4,6,1.103,4,4,4,0,2.041,7,0,7,5,6,5,5,4,0,0.0,1.456,2,4,1.244,2.789,6,0
2.66,6,2,0.0,5,4,7,7,3,0,1,0.784,0,0,2,2,6,7,5,6.097,0,4,7,1,2.111,7,0,6,4,6,0,6,0,5,0.0,4.582,5,1,2.899,2.763,7,0
3.099,1,1,34126.34,5,7,2,6,6,1,1,0.412,1,0,4,2,6,4,5,1.907,7,0,0,4,-0.39,3,1,2,1,5,5,0,3,6,0.0,4.42,3,3,3.978,1.104,3,1
1.617,1,3,0.0,2,4,5,6,6,0,1,-0.154,0,7,3,3,6,0,6,2.398,7,3,6,0,-0.774,2,0,2,7,0,7,5,6,2,0.0,0.637,0,3,1.371,2.903,0,0
2.266,5,6,0.0,2,1,6,2,1,0,4,-0.053,0,4,5,3,6,4,5,2.092,7,1,5,2,0.495,1,1,0,7,3,0,5,6,2,0.0,4.923,2,7,2.265,3.05,1,0
1.341,5,0,0.0,6,3,2,3,3,0,2,0.078,0,1,5,2,1,3,0,-2.689,0,4,0,0,-0.398,6,0,5,1,1,3,0,5,1,0.0,1.172,1,2,0.256,-0.189,5,0
3.248,4,6,0.0,0,6,7,6,5,1,3,0.326,0,4,5,4,6,4,2,7.322,1,1,6,1,-1.698,2,0,0,0,5,6,5,0,4,0.0,2.697,7,5,2.648,4.752,0,0
-0.525,1,0,0.0,2,5,4,1,2,0,7,-0.023,0,3,2,3,4,5,5,-1.706,3,2,1,2,1.091,6,0,3,4,4,0,4,0,7,0.0,-0.578,4,0,0.427,1.83,3,0
3.099,5,5,16505.8,3,5,3,5,7,1,5,1.686,0,4,5,5,3,7,5,5.775,1,6,1,0,-0.212,7,1,7,0,6,3,5,6,5,0.0,5.609,6,6,3.203,5.278,7,1
1.975,5,4,0.0,0,2,0,1,7,1,1,-1.057,0,7,4,7,6,4,0,-0.013,7,5,3,1,-0.626,5,0,6,4,4,1,5,2,4,0.0,0.629,3,2,2.327,1.39,1,0
1.906,4,5,0.0,3,0,7,2,0,0,2,-0.279,0,0,2,2,2,0,7,2.363,4,4,4,4,0.314,7,0,2,2,3,2,1,6,2,0.0,1.136,7,3,2.288,5.097,5,0
0.524,2,7,0.0,0,7,2,3,4,0,0,-0.284,0,4,3,5,3,0,1,0.447,4,3,2,0,-0.795,6,0,2,2,7,5,5,0,6,0.0,-0.231,3,2,0.425,2.776,0,0
0.579,1,4,0.0,7,3,3,1,7,0,1,1.201,0,6,6,0,6,5,4,-1.242,7,3,7,2,-0.493,6,0,2,6,5,1,0,6,3,0.0,1.693,6,2,0.766,2.777,5,0
4.118,0,7,8493.21,3,7,6,3,3,1,5,0.961,1,2,3,3,1,0,3,3.477,0,4,6,4,0.622,5,1,2,3,2,1,5,7,7,0.0,5.311,1,3,4.497,2.262,2,1
2.335,5,5,0.0,3,7,0,6,2,0,4,-2.272,0,0,4,6,4,2,3,-1.685,3,6,4,2,-0.84,2,0,4,1,2,1,2,3,4,0.0,0.11,7,3,1.792,-0.583,7,0
0.782,1,3,0.0,2,6,4,0,7,0,2,-0.127,0,5,5,2,4,1,6,-2.088,5,7,5,5,0.003,3,0,1,7,5,1,5,5,0,0.0,0.338,6,6,0.01,0.958,5,0
0.739,7,6,0.0,5,3,7,2,4,0,1,-1.007,0,5,0,6,5,3,0,1.657,0,7,6,2,0.483,5,0,5,4,7,7,3,0,7,0.0,1.04,0,4,1.311,0.917,2,0
0.247,4,3,0.0,3,0,1,2,6,1,5,-1.538,0,6,2,5,3,2,4,2.152,7,6,7,7,1.777,1,0,0,2,5,7,2,3,4,0.0,0.179,7,7,1.373,-0.278,1,0
-0.005,7,1,0.0,5,5,1,1,0,0,7,-3.818,0,1,1,4,0,2,0,0.049,3,1,7,1,-0.378,5,0,5,3,5,7,0,1,4,0.0,2.692,0,6,0.705,-0.488,0,0
1.437,1,6,0.0,4,3,3,4,4,0,0,-0.671,0,5,4,1,1,0,1,-1.318,5,6,0,1,-1.257,6,0,5,7,7,1,6,5,0,0.0,2.185,1,6,1.573,0.717,5,0
2.105,1,3,0.0,7,4,3,3,1,1,0,-1.368,0,6,3,0,0,2,0,0.128,2,2,2,3,1.072,4,0,7,6,0,4,1,6,4,0.0,-1.285,2,7,1.896,1.773,3,0
3.069,2,0,35042.89,1,2,0,4,7,1,2,1.297,1,5,3,1,1,6,4,4.804,1,1,1,3,-0.445,2,1,7,0,1,0,5,1,5,19.88,3.69,7,2,2.953,3.412,2,1
0.915,0,0,0.0,6,2,1,7,6,0,7,-0.578,0,5,2,3,4,4,1,2.691,3,5,6,4,1.503,3,0,2,1,3,3,7,2,0,0.0,2.664,3,1,0.853,1.07,5,0
0.841,3,1,0.0,3,6,4,2,2,0,6,0.368,0,0,0,7,0,3,6,-1.205,2,5,6,4,-1.116,0,0,6,1,7,3,7,2,1,0.0,-0.823,3,3,0.247,1.096,5,0
4.013,1,5,21439.37,5,7,3,6,4,1,3,0.752,0,4,7,5,7,4,3,0.35,4,5,1,1,2.482,3,1,4,0,0,3,3,1,7,38.97,4.78,5,7,3.853,1.716,3,1
1.58,1,5,0.0,7,5,6,2,6,0,7,0.173,0,2,1,7,2,7,2,2.401,2,2,4,4,0.505,6,0,0,1,1,0,3,1,6,0.0,2.353,7,1,1.322,0.738,1,0
1.029,6,4,0.0,1,5,1,0,3,0,7,-2.071,0,0,5,5,6,6,6,3.393,7,0,0,2,-1.29,7,0,1,0,4,7,5,4,2,0.0,2.792,1,0,1.227,3.064,2,0
3.023,4,6,41142.11,5,6,6,0,3,1,3,1.97,1,4,5,1,1,5,3,1.9,2,3,3,5,-0.519,4,0,1,6,4,5,2,5,1,0.0,0.473,2,0,2.659,1.607,2,1
1.832,3,7,0.0,4,2,7,1,4,0,6,1.55,0,1,5,7,3,5,2,-1.48,5,3,3,7,-2.33,2,0,1,4,4,6,6,5,5,0.0,1.551,4,1,1.46,2.61,3,0
1.674,2,1,0.0,7,2,4,5,3,0,2,2.163,0,2,2,2,5,6,7,1.647,5,4,6,5,0.265,6,1,6,3,2,0,5,0,1,0.0,4.42,1,6,1.858,0.772,7,0
2.482,1,3,0.0,7,6,5,3,0,1,4,1.642,0,2,1,7,1,0,4,4.034,2,5,5,3,1.023,3,1,0,2,7,3,4,5,6,58.17,3.302,2,6,2.924,2.383,5,1
0.334,7,4,0.0,2,0,5,6,2,0,5,-0.698,0,3,3,3,2,3,5,-1.421,3,3,0,5,0.498,6,0,7,6,0,0,2,0,4,0.0,3.199,7,1,0.621,-1.657,7,0
0.633,4,5,0.0,6,2,6,2,5,0,5,-1.564,0,7,1,7,1,3,3,-2.824,2,1,7,0,-1.3,4,0,6,5,0,4,4,7,4,0.0,1.307,6,4,0.991,1.511,6,0
1.089,4,1,0.0,5,3,1,2,1,0,0,-0.382,0,2,6,7,1,0,0,5.084,3,4,3,6,-1.947,6,0,1,5,5,7,7,3,6,0.0,-0.099,4,2,1.353,-2.541,4,0
0.404,4,0,0.0,1,1,6,2,5,0,1,-0.697,0,7,0,2,6,3,2,0.493,0,3,1,4,-1.969,2,0,6,3,4,6,3,1,7,0.0,1.357,5,0,1.115,2.151,2,0
1.198,6,5,0.0,0,7,3,6,7,0,3,-0.247,0,7,4,0,1,0,0,-2.282,7,4,6,5,-1.779,3,0,6,4,3,2,3,6,4,0.0,1.951,1,4,0.723,3.152,4,0
1.434,6,4,0.0,1,2,4,6,0,0,5,0.169,0,2,0,3,7,1,2,-1.225,5,2,2,2,0.676,0,0,5,6,3,0,6,2,7,0.0,1.708,0,7,1.903,1.676,1,0
2.893,2,3,0.0,0,3,2,5,3,1,0,-0.201,0,7,4,2,3,0,1,4.298,1,3,7,4,0.03,5,0,0,2,7,5,4,0,5,0.0,3.073,2,1,2.214,1.452,4,0
1.818,5,7,0.0,7,2,5,1,2,0,7,-1.624,0,6,4,6,7,0,1,3.74,1,0,1,3,-1.346,1,0,1,3,1,5,2,1,0,0.0,2.497,0,4,1.775,1.835,1,0
2.98,3,5,0.0,5,1,0,4,7,0,6,-0.742,0,1,5,2,6,0,6,1.053,5,1,0,1,-0.01,4,0,5,3,1,2,2,1,6,0.0,2.319,4,7,2.672,2.116,2,0
1.523,7,1,0.0,3,7,5,6,6,0,1,0.816,0,1,6,7,7,4,4,2.135,4,1,7,5,-0.401,5,0,5,2,7,5,2,2,0,0.0,0.82,2,4,1.45,1.576,3,0
1.029,3,3,0.0,2,0,1,4,1,0,1,1.448,0,0,3,3,5,6,0,-1.994,3,3,0,5,-0.47,2,0,1,3,7,5,2,0,7,0.0,2.01,1,2,0.36,-0.495,7,0
0.934,3,7,0.0,0,5,3,0,2,0,0,0.3,0,7,7,4,0,1,4,2.955,6,2,2,5,0.906,7,0,1,0,2,7,3,6,2,0.0,-0.55,5,5,1.225,0.885,6,0
1.016,4,7,0.0,5,1,7,7,5,0,1,-0.42,0,7,1,2,5,6,1,-2.178,4,0,5,1,0.328,1,0,4,3,5,4,6,0,6,0.0,0.915,1,2,1.517,0.602,3,0
1.943,7,6,0.0,5,2,5,6,0,0,5,1.103,0,3,3,7,0,7,2,-0.668,2,3,4,2,1.31,3,0,5,3,2,5,1,2,6,0.0,0.514,4,5,0.705,2.581,7,0
1.673,7,1,0.0,5,0,3,2,2,0,5,0.512,0,1,7,4,6,5,5,-0.327,7,1,7,0,-0.774,3,0,7,5,0,3,4,1,1,0.0,0.734,6,2,1.854,0.363,6,0
3.655,1,2,13465.58,0,0,6,4,6,1,0,0.802,1,6,2,2,5,4,6,5.423,0,3,5,3,1.786,7,1,5,0,4,6,3,6,5,0.0,3.715,0,5,4.518,7.491,1,1
1.038,6,6,0.0,1,5,3,6,3,0,1,0.971,0,7,1,7,7,2,0,1.958,2,6,4,4,-0.824,2,0,3,2,5,5,5,2,2,0.0,-0.639,5,2,1.119,3.768,5,0
1.599,3,6,0.0,3,0,2,5,7,1,5,0.061,0,2,7,0,5,3,7,-1.569,5,7,7,1,0.196,7,0,6,0,5,4,7,1,0,0.0,2.73,4,0,2.05,0.875,5,0
1.536,5,1,0.0,5,1,6,4,7,0,5,-1.205,0,2,6,6,7,5,1,0.815,2,3,4,4,0.965,2,0,2,4,1,3,3,6,5,0.0,2.222,3,0,1.052,2.617,5,0
1.825,5,3,0.0,3,6,7,3,6,1,6,-1.055,0,1,5,4,0,7,3,1.092,7,2,5,3,-0.051,7,0,1,0,4,2,7,6,4,0.0,1.776,0,6,1.376,3.647,6,0
1.066,5,7,0.0,4,0,5,4,0,0,4,0.031,0,0,6,0,3,7,6,3.6,6,5,3,4,-0.047,6,0,6,6,5,1,3,7,7,0.0,2.523,0,2,1.334,1.037,4,0
3.474,1,4,25544.93,3,3,0,6,7,1,4,2.077,1,1,6,2,3,1,5,4.284,4,4,1,1,2.426,3,1,7,7,6,2,7,2,2,0.0,4.108,3,0,4.138,5.631,4,1
0.619,7,6,0.0,6,5,3,4,0,0,0,0.946,0,4,7,7,0,7,3,1.009,6,7,1,0,-0.247,1,0,6,6,1,2,1,1,0,0.0,-1.458,0,0,0.706,1.708,3,0
1.53,5,7,0.0,1,3,2,7,2,0,0,-0.574,0,6,6,6,5,4,1,5.082,2,6,4,3,1.176,1,0,5,7,2,0,5,6,2,0.0,2.234,6,4,1.173,0.764,6,0
1.295,3,4,0.0,5,3,7,6,6,0,3,-1.181,0,6,1,7,3,0,7,-1.13,2,2,4,7,0.354,2,0,6,2,5,3,3,1,1,0.0,1.445,2,1,1.385,-1.274,3,0
-0.069,7,4,0.0,2,6,2,4,6,0,0,0.478,0,2,7,1,0,6,1,0.148,4,4,3,0,-0.245,7,0,0,4,6,4,5,3,3,0.0,-0.051,7,7,0.788,0.9,5,0
2.862,4,1,0.0,3,5,4,3,2,1,3,1.202,0,2,4,0,4,5,4,-0.244,2,4,7,5,1.286,3,0,6,6,2,1,5,6,2,0.0,2.214,6,0,2.55,2.886,6,0
3.346,1,1,0.0,4,7,3,1,0,0,6,1.13,0,7,4,5,1,2,3,3.403,5,2,7,3,0.254,2,0,6,3,4,4,3,2,7,0.0,2.192,0,2,2.257,-0.161,3,0
1.052,7,5,0.0,4,7,7,1,0,1,3,-0.945,0,7,7,1,7,1,1,3.324,2,3,2,5,0.863,1,0,0,7,1,7,7,7,1,0.0,1.845,2,5,1.1,0.241,1,0
0.728,2,0,0.0,7,3,6,6,2,0,6,0.585,0,7,3,4,0,1,0,1.695,5,5,4,1,2.119,1,0,0,6,6,2,5,3,6,0.0,1.691,3,2,0.94,-0.63,2,0
2.973,6,2,22028.71,7,1,4,1,0,1,2,0.656,1,2,6,1,6,5,1,3.911,5,6,3,6,-1.44,2,0,6,5,2,4,2,6,2,18.96,2.982,1,2,3.092,0.905,2,1
1.881,0,3,0.0,6,0,4,7,4,0,3,1.423,0,7,3,2,3,3,5,-1.847,1,6,6,1,1.136,7,1,2,0,2,0,1,3,1,0.0,0.084,6,1,2.391,3.064,5,0
0.994,0,6,0.0,6,6,2,2,7,0,4,-0.444,0,2,3,1,0,6,3,-2.068,0,1,2,2,0.161,0,0,1,2,3,0,0,1,0,0.0,1.092,6,6,0.984,0.361,4,0
1.644,0,6,0.0,0,5,3,3,5,0,2,-0.392,0,7,3,5,2,0,0,-0.342,5,5,0,0,0.046,5,0,4,2,0,0,5,0,2,0.0,1.823,7,3,1.888,2.623,2,0
8.491,1,4,6589.46,4,1,2,0,3,1,5,-0.08,1,3,5,6,5,6,2,5.905,4,5,4,6,1.218,2,1,2,3,5,4,2,5,3,0.0,4.907,0,5,8.381,11.399,2,1
1.576,6,0,0.0,7,4,7,6,6,1,4,0.468,0,0,3,6,1,5,6,1.083,6,1,2,5,0.173,1,0,2,3,5,1,1,7,7,0.0,-0.734,2,7,1.423,-0.654,4,0
3.573,5,4,5984.61,4,3,3,6,0,1,2,0.311,1,5,5,4,2,0,7,2.772,7,4,3,1,-0.159,7,1,0,6,2,1,4,7,1,34.06,3.824,1,2,3.639,5.283,3,1
-0.305,3,2,0.0,7,7,2,4,5,0,0,0.735,0,2,2,3,0,2,6,-5.831,2,6,2,1,0.417,6,0,3,5,1,3,4,6,3,0.0,1.424,2,3,-0.052,2.122,6,0
3.799,1,2,0.0,7,7,1,1,6,1,7,0.997,1,1,4,0,1,3,7,0.895,7,5,7,5,0.816,6,1,1,0,7,1,3,7,3,0.0,3.126,1,5,3.013,3.21,3,1
1.653,2,6,0.0,4,3,0,4,1,0,2,-0.059,0,7,0,1,7,1,3,2.174,5,2,3,3,-2.322,1,0,7,5,7,3,5,4,1,0.0,0.687,1,5,1.185,3.84,7,0
0.4,3,7,0.0,1,3,4,1,1,0,5,0.018,0,3,4,6,3,3,4,0.694,0,4,4,3,-0.193,2,0,3,3,4,1,1,5,1,0.0,1.788,5,1,0.634,0.582,7,0
2.379,5,4,0.0,7,4,1,7,2,1,7,2.056,0,2,4,4,4,3,0,2.893,1,5,3,3,-0.655,3,0,2,2,3,5,0,0,7,0.0,1.175,5,7,3.078,2.552,5,0
1.01,1,3,0.0,6,0,3,0,0,0,7,1.313,0,1,4,0,3,4,1,-2.636,1,3,6,7,-0.073,1,0,1,4,0,4,6,5,3,0.0,0.683,2,7,1.784,1.337,1,0
0.632,2,2,0.0,2,3,7,1,4,0,4,-0.606,0,7,7,6,3,0,4,-0.029,3,2,4,1,-1.196,2,0,5,4,5,5,7,1,4,0.0,0.057,7,5,0.923,2.907,7,0
0.564,6,6,0.0,1,7,4,1,5,0,6,-1.075,0,3,1,4,1,7,2,2.384,4,7,6,2,1.921,2,0,0,6,6,7,4,4,3,0.0,1.494,6,4,0.668,2.422,6,0
0.911,5,7,0.0,3,4,0,1,0,0,1,-1.261,0,2,5,7,5,3,0,-4.494,0,4,6,5,0.588,5,0,5,6,4,4,6,6,4,0.0,1.951,4,2,0.821,-0.323,6,0
4.725,7,5,39609.56,4,2,5,3,4,1,6,2.378,1,4,4,0,0,2,7,4.404,1,0,4,3,-0.399,6,1,1,5,1,1,5,3,2,0.0,6.608,0,1,5.238,6.729,6,1
3.198,4,6,0.0,6,2,3,6,3,0,1,1.288,1,3,4,4,4,3,0,3.06,6,1,2,0,0.871,3,0,1,6,0,7,5,1,7,0.0,3.098,1,5,2.22,3.8,5,0
1.269,4,6,0.0,0,6,0,5,4,0,5,0.783,0,2,3,5,1,0,2,-2.06,7,4,2,7,-0.092,5,0,3,0,5,0,1,0,3,0.0,1.446,0,3,0.885,2.964,6,0
0.907,7,6,0.0,7,2,3,1,7,0,2,0.525,0,6,1,3,7,5,2,1.694,0,7,6,2,1.366,3,0,1,0,2,5,0,2,4,0.0,2.184,2,7,0.646,1.139,0,0
-0.261,2,7,0.0,1,5,3,7,2,0,7,1.317,0,0,5,4,2,4,1,-1.425,1,3,5,2,-0.345,3,0,1,2,3,1,1,2,0,0.0,1.357,3,1,0.711,1.095,1,0
0.981,4,3,0.0,7,6,1,5,3,0,2,1.229,0,6,0,6,3,2,3,0.397,4,1,4,3,-0.151,7,0,3,7,0,2,0,6,6,0.0,1.712,3,3,0.714,4.731,5,0
1.438,4,3,0.0,4,4,1,0,3,0,2,0.026,0,3,2,4,3,2,1,1.543,4,2,2,1,0.537,1,0,4,5,0,2,5,1,7,0.0,0.882,5,5,0.963,1.444,4,0
2.934,0,3,5946.62,3,7,2,1,6,1,5,1.463,1,2,6,1,6,5,2,1.746,7,4,0,2,-0.668,6,1,4,4,5,0,0,0,0,0.0,1.036,2,7,2.845,5.229,6,1
1.385,2,7,0.0,6,1,3,5,7,0,1,0.185,0,6,4,7,7,5,5,3.106,1,5,4,1,-0.091,7,0,2,2,3,6,1,0,5,0.0,1.769,4,4,0.85,0.134,0,0
0.492,6,5,0.0,5,5,3,7,5,0,1,0.144,0,7,4,4,3,7,1,-1.039,3,2,2,4,-0.291,4,0,5,7,4,0,4,0,4,0.0,-0.745,5,4,0.778,-0.7,3,0
0.835,2,0,0.0,6,4,1,0,4,1,2,-2.041,0,5,4,0,7,6,3,1.218,2,2,3,0,-0.052,0,0,4,3,6,6,0,7,3,0.0,1.597,1,3,1.469,-1.85,3,0
0.794,1,3,0.0,3,1,4,0,0,0,4,-0.003,0,0,0,2,2,3,1,2.676,0,1,2,2,-0.307,6,0,2,0,1,0,7,3,1,0.0,1.212,2,2,0.621,2.789,7,0
2.265,5,7,41794.91,1,5,5,7,4,1,4,1.762,1,6,6,3,1,2,7,4.263,3,2,7,4,0.238,1,0,2,1,1,2,1,3,4,16.18,2.499,7,5,2.407,1.693,0,1
9.032,2,5,39419.43,5,2,5,4,6,1,6,2.634,1,3,7,7,0,0,7,10.252,7,5,0,6,-0.098,3,1,5,5,2,3,3,6,3,0.0,9.681,0,4,8.605,8.487,5,1
1.767,1,0,0.0,0,5,7,7,5,0,5,0.893,0,3,1,5,2,0,3,0.896,4,0,4,1,-2.66,4,0,3,4,1,6,5,7,7,0.0,1.904,4,6,1.692,1.103,7,0
2.983,4,6,0.0,2,6,3,5,4,1,7,-0.963,0,0,2,2,7,0,4,5.272,4,3,7,4,-0.006,1,0,2,2,3,1,0,6,5,0.0,4.434,7,1,2.168,2.345,7,0
3.69,3,5,32074.87,3,0,1,6,2,1,0,0.417,1,3,3,1,3,5,3,4.295,5,0,5,2,0.479,0,1,6,7,4,3,6,5,0,0.0,4.729,4,5,4.034,5.509,4,1
-0.1,0,7,0.0,6,3,5,6,4,0,1,-0.398,0,3,6,4,1,3,5,2.051,6,5,5,0,0.12,6,0,2,3,4,2,6,7,7,0.0,1.36,4,3,0.662,1.638,1,0
0.214,6,0,0.0,5,2,3,0,3,0,7,0.729,0,5,7,6,3,7,0,-0.315,1,4,2,0,-0.312,4,0,5,3,1,6,3,7,0,0.0,-0.729,3,0,0.999,0.479,3,0
2.266,6,2,35300.96,2,5,4,7,6,1,1,0.798,0,5,6,2,0,1,3,1.431,3,6,7,5,0.137,4,1,6,0,3,5,6,2,7,41.35,3.67,1,4,1.933,1.329,4,1
0.725,1,7,0.0,5,1,0,1,1,0,3,-0.85,0,4,0,6,7,6,5,2.46,7,4,5,3,0.236,3,0,1,1,5,5,1,4,4,0.0,1.121,0,4,0.726,2.019,2,0
1.778,2,3,41151.71,7,4,0,4,3,1,1,2.205,0,7,3,5,0,2,6,3.434,5,6,5,5,1.136,3,1,0,7,7,2,6,3,1,7.4,1.531,6,5,1.956,-0.876,3,1
1.178,4,6,0.0,6,5,1,2,2,0,6,-0.366,0,1,0,1,4,7,7,-0.884,5,1,2,2,1.266,6,0,2,6,7,6,6,5,0,0.0,1.416,5,0,1.275,4.978,7,0
3.809,4,4,17430.36,4,4,2,1,7,1,5,1.292,1,7,4,2,7,4,4,5.167,5,6,0,6,-0.431,3,1,1,4,2,7,1,1,7,0.0,5.926,2,4,4.282,4.046,1,1
3.613,3,1,39658.18,2,1,6,7,0,1,2,3.168,1,3,1,3,1,5,1,4.0,5,4,0,7,-0.67,1,1,4,5,1,4,4,7,1,0.0,4.243,6,2,4.086,2.258,3,1
5.083,1,4,0.0,2,4,0,2,1,1,5,0.788,1,6,1,2,5,6,7,6.592,2,3,6,3,1.639,0,1,2,1,0,3,1,1,6,0.0,4.034,4,2,5.388,5.839,7,1
2.708,5,2,0.0,1,5,6,2,6,0,1,1.07,0,2,7,4,6,4,7,1.945,2,0,2,3,-0.059,5,1,3,3,5,3,7,3,7,0.0,3.903,4,7,2.88,3.839,1,0
1.317,7,3,0.0,3,1,3,1,6,0,5,-0.501,0,2,4,5,7,2,7,0.965,4,6,6,2,1.152,5,0,5,1,3,6,1,7,2,0.0,2.003,1,4,1.731,2.148,1,0
2.741,5,7,0.0,6,6,6,5,0,0,1,-1.176,0,7,5,0,2,1,7,-0.009,0,7,5,5,-0.511,6,0,3,0,2,5,2,4,7,0.0,2.003,7,2,1.85,0.878,2,0
1.397,1,1,0.0,1,2,4,4,3,0,7,-0.654,0,3,3,3,0,3,5,-0.865,5,5,0,5,-0.571,1,0,4,0,5,7,0,7,2,0.0,1.466,1,1,1.175,2.328,5,0
2.157,2,6,0.0,7,6,7,3,2,1,6,-1.401,0,6,2,2,2,5,7,1.101,2,5,3,0,0.933,6,0,1,2,2,1,0,5,1,0.0,2.343,1,7,1.978,2.338,4,0
0.717,4,2,0.0,7,1,4,3,2,0,5,-0.72,0,6,6,6,3,7,5,2.02,6,1,2,1,-0.392,6,1,4,2,3,7,5,6,4,0.0,0.861,6,6,0.927,3.211,4,0
3.197,0,2,35875.42,7,2,5,6,5,1,0,0.749,0,6,3,3,5,3,4,5.22,6,0,5,7,0.969,4,1,1,4,2,4,3,6,6,0.0,3.492,1,1,3.814,4.855,0,1
3.592,4,0,25182.06,0,6,1,6,3,1,5,2.389,1,7,7,4,6,5,3,1.996,1,2,5,1,1.562,4,1,4,4,2,0,2,4,1,0.0,1.691,6,1,3.304,1.101,4,1
0.462,3,1,0.0,2,2,6,7,6,0,3,1.314,0,1,3,4,3,6,4,1.729,0,4,4,7,1.036,1,0,2,6,3,6,7,6,3,0.0,-0.698,6,5,1.615,1.639,1,0
1.998,5,5,0.0,3,2,0,1,6,0,2,0.138,0,6,5,2,2,4,7,3.065,1,2,0,4,-1.182,7,0,3,6,2,0,1,2,1,0.0,2.3,1,5,1.578,-1.415,2,0
1.338,4,0,0.0,5,3,2,7,2,0,0,0.8,0,5,1,2,5,7,3,0.876,7,6,4,0,0.753,5,0,7,0,1,0,7,1,3,0.0,1.263,7,4,1.294,1.482,7,0
0.543,4,7,0.0,1,7,5,2,7,0,1,-0.763,0,3,5,3,5,4,1,0.991,0,3,5,7,1.02,4,0,5,1,5,1,6,3,5,0.0,1.847,7,4,0.982,-1.927,5,0
0.871,7,3,0.0,1,7,6,1,1,1,7,-0.031,0,3,5,3,2,2,1,3.076,2,3,2,7,1.726,4,0,4,4,2,2,4,6,7,0.0,2.344,2,4,2.122,4.963,7,0
1.607,5,6,0.0,7,1,4,5,2,0,7,-1.21,0,2,0,5,0,3,4,1.364,7,4,2,2,-0.32,0,0,2,4,4,1,4,2,3,0.0,1.247,0,5,1.395,2.056,0,0
3.111,5,3,36024.66,4,6,7,0,1,1,7,0.426,0,4,4,5,3,7,6,1.309,1,3,6,6,-0.666,0,1,1,2,0,5,5,6,0,0.0,2.386,2,7,2.755,6.297,4,1
0.366,1,5,0.0,7,3,3,6,1,0,7,1.0,0,0,2,7,2,4,7,3.115,4,6,0,5,0.615,5,0,0,6,5,2,7,2,2,0.0,0.766,4,6,0.536,0.911,6,0
0.56,7,4,0.0,7,1,2,0,5,0,5,0.448,0,5,7,0,7,2,0,0.68,1,6,3,1,0.578,1,0,2,7,0,4,1,5,6,0.0,2.131,6,4,0.538,4.299,7,0
1.5,5,0,0.0,7,0,6,7,2,0,1,-0.117,0,2,7,2,1,4,0,2.45,1,5,6,3,-0.194,0,0,0,4,0,5,3,6,6,0.0,1.463,4,0,1.39,-0.339,3,0
1.334,7,7,0.0,3,6,5,3,6,0,4,2.769,0,0,4,0,7,4,4,0.437,6,0,1,0,-1.665,6,0,1,7,1,0,4,5,0,0.0,0.901,3,2,1.334,2.07,0,0
2.404,3,2,0.0,4,2,1,0,5,0,4,-0.713,0,6,0,4,6,6,1,5.73,1,1,5,3,-0.517,1,0,4,4,2,5,4,4,0,0.0,2.141,3,0,1.667,2.011,1,0
1.329,2,4,0.0,0,1,5,1,2,1,4,0.599,0,0,5,0,4,7,2,-0.175,5,4,5,0,0.568,2,0,6,4,1,1,1,1,1,0.0,2.671,0,3,1.743,0.863,7,0
1.447,5,4,0.0,3,5,6,5,2,0,4,-2.224,0,1,5,1,0,6,5,0.647,7,7,0,6,0.659,5,0,4,4,2,1,4,6,0,0.0,-0.17,0,7,1.438,0.216,5,0
2.406,3,3,0.0,4,6,7,7,0,0,7,0.617,0,3,2,4,2,5,7,0.64,7,6,0,3,0.973,3,0,6,0,4,0,7,4,1,0.0,2.691,2,3,1.673,3.486,0,0
0.792,6,4,0.0,0,6,7,5,6,0,3,-0.717,0,0,0,3,3,3,1,2.315,4,4,2,1,0.847,6,0,2,7,2,3,3,6,2,0.0,0.182,0,2,1.342,0.578,0,0
2.566,0,5,0.0,2,0,4,6,2,1,7,0.588,0,1,5,0,6,7,6,0.056,1,6,0,2,0.478,1,0,3,5,3,4,4,1,7,0.0,0.675,1,3,1.831,3.927,5,0
0.502,6,4,0.0,5,7,0,0,4,0,5,-0.197,0,1,6,3,5,6,0,2.562,5,2,3,6,-1.534,3,0,3,3,4,5,6,6,5,0.0,-0.837,4,0,0.588,2.869,2,0
4.108,5,2,15813.28,5,6,1,3,1,1,3,0.867,1,5,6,6,4,4,7,3.11,2,2,2,3,1.416,7,1,2,4,0,7,5,5,2,0.0,3.812,7,6,3.904,1.033,1,1
1.368,7,6,0.0,7,5,5,2,0,0,7,-1.654,0,5,3,0,3,1,5,2.836,4,2,5,4,0.598,2,0,7,2,1,1,1,0,4,0.0,0.368,0,0,1.273,2.759,5,0
3.92,5,4,621.35,4,7,3,3,0,1,5,1.098,1,7,7,2,5,5,3,0.287,3,1,1,6,0.458,2,1,3,2,2,2,4,2,2,0.0,3.825,4,1,3.821,-0.56,2,1
1.705,3,3,0.0,0,3,0,1,7,1,3,-0.569,0,1,5,1,3,0,3,3.344,1,6,0,1,1.309,5,0,3,6,0,3,2,1,6,0.0,2.406,7,5,2.745,1.627,1,0
-0.279,4,4,0.0,3,4,4,5,6,0,4,-0.421,0,6,5,3,6,4,4,4.573,0,6,6,6,0.517,4,0,3,0,1,5,6,0,2,0.0,-0.761,0,0,0.499,1.414,7,0
1.18,4,1,0.0,3,6,1,4,5,0,6,0.292,0,5,0,5,3,6,4,0.457,6,4,6,2,2.031,1,0,4,5,1,3,7,7,2,0.0,2.03,6,6,1.252,2.685,5,0
2.312,6,0,0.0,0,4,6,4,1,1,1,-0.266,0,7,7,3,5,7,6,1.802,2,7,1,7,-1.727,1,0,4,5,3,2,0,3,1,0.0,1.564,4,3,1.757,4.593,2,0
3.349,5,2,0.0,6,5,4,1,6,1,3,1.508,1,7,0,0,5,6,5,6.528,2,1,1,5,0.348,6,1,3,3,7,5,1,7,2,44.22,4.922,5,3,3.664,4.908,5,1
2.541,5,5,0.0,6,1,7,2,7,1,0,1.523,0,5,6,4,1,1,1,3.032,1,4,6,2,-0.77,3,1,7,7,6,3,7,0,3,57.43,4.357,5,7,3.312,3.342,2,1
