calibration_lot,carrier_scac,temp_probe_model,handling_unit_type,qa_hold_code_applied,seal_number_prefix,customs_regime,route_variant,stack_limit_code,appointment_band,gate_in_shift,case_gtin_prefix,pallet_wrap_type,ambient_route_temp_q2,toll_zone,depot_region,dest_dc,insurer_code,route_distance_km,ambient_route_temp_q3,disposal_ticket_usd,inspection_desk,precool_hours,palletiser_line,origin_dc,pallet_height_cm,driver_team_flag,reefer_unit_id,door_open_events,arrival_pulp_temp_c,booking_channel,post_arrival_hold_hours,yard_slot,reefer_setpoint_c,qa_excursion_severity_score,logger_download_max_c,pack_size,claims_office,load_plan_ver,ambient_route_temp_q4,trailer_class,commodity_code,label_stock,ambient_route_temp_q1,invoice_terms,grower_lot,fuel_card_zone,shipment_spoiled
3,5,2,3,1,4,7,5,1,2,5,5,6,1.783,3,1,5,0,2.479,-0.253,0.0,2,3.556,4,6,5.696,5,1,2.382,0.19,6,-0.632,0,2.231,1.0,3.9,1,2,0,1.841,6,7,0,-0.331,5,6,2,0
3,5,3,2,0,4,0,4,0,3,1,0,3,-2.556,7,5,4,6,0.87,0.08,0.0,5,1.869,5,2,0.706,4,6,-0.733,3.31,6,-0.108,1,1.422,2.0,3.68,0,4,1,2.383,2,2,7,4.495,4,2,4,0
5,0,0,6,0,5,4,7,2,1,5,3,7,1.253,1,5,3,2,1.237,2.145,0.0,2,2.649,2,6,2.435,3,3,0.864,3.04,1,-0.251,2,1.886,1.0,4.58,1,7,7,1.703,1,2,0,-1.572,4,2,7,0
0,3,4,5,0,1,3,0,7,0,3,7,3,3.146,1,2,1,0,0.402,3.073,0.0,4,1.375,5,2,-1.939,4,3,1.314,2.12,4,0.204,0,-0.582,-0.0,4.66,1,5,4,1.755,7,6,5,-0.004,6,3,6,0
0,1,5,6,1,7,7,0,0,1,1,3,6,7.439,0,7,2,6,3.894,8.276,601.45,4,3.577,7,1,3.822,1,6,3.351,4.74,1,0.405,7,4.088,3.0,7.84,4,2,7,3.463,1,6,4,1.402,6,6,7,1
7,4,4,7,1,0,4,3,1,6,3,2,2,3.646,2,5,5,0,2.721,4.312,0.0,7,4.65,7,7,5.096,2,3,1.832,2.56,4,1.544,0,2.894,2.0,2.65,2,6,3,0.996,3,5,1,3.006,0,5,4,0
6,4,4,3,0,3,3,1,0,1,1,1,0,-0.901,1,3,5,1,1.321,2.865,0.0,4,-1.003,6,5,2.535,6,3,0.958,5.23,7,-0.816,1,0.461,1.0,2.89,0,4,0,2.039,0,3,0,1.231,2,6,5,0
5,1,3,0,0,2,4,0,0,1,4,2,0,-0.532,0,0,3,7,0.997,1.048,0.0,3,0.035,0,7,-2.611,3,2,1.285,2.39,1,0.619,4,0.284,1.0,0.86,6,3,5,2.149,2,2,2,2.0,0,0,7,0
1,6,3,6,1,4,0,5,3,2,5,0,7,3.483,0,3,6,2,2.004,2.834,0.0,6,3.477,7,3,2.487,3,2,3.682,2.02,7,-1.361,2,2.449,1.0,4.36,7,7,4,3.594,7,0,5,2.713,7,7,3,0
4,7,7,0,1,7,3,1,5,1,7,6,6,-0.109,5,0,7,6,2.433,0.693,0.0,3,2.041,6,7,-1.245,1,6,2.36,4.62,1,1.008,1,1.33,2.0,4.29,3,6,2,0.494,6,0,4,4.55,3,1,6,0
0,1,5,7,0,3,5,0,2,4,0,1,5,2.125,1,0,7,3,1.987,-3.374,0.0,6,1.503,4,0,2.895,0,2,2.228,2.49,1,0.744,5,1.657,1.0,5.16,0,2,6,0.804,0,5,1,2.494,4,3,3,0
0,1,7,2,0,2,6,7,5,2,5,1,6,2.453,4,5,7,3,2.981,4.228,0.0,1,0.998,5,2,3.503,4,0,2.029,0.06,2,-1.052,6,1.748,2.0,6.28,4,5,1,-0.156,0,1,3,2.438,2,3,7,0
5,4,0,1,0,0,6,6,4,2,7,2,4,2.489,0,5,0,0,0.586,-0.149,0.0,4,2.837,7,5,2.844,3,5,0.757,2.27,7,0.131,4,0.514,1.0,4.44,4,4,7,-1.66,6,7,3,-1.46,3,1,2,0
1,0,7,3,1,3,0,5,0,2,1,1,2,1.711,7,5,7,1,2.351,1.261,0.0,1,2.29,5,2,-0.048,1,7,5.1,3.05,5,-0.079,3,2.452,2.0,5.03,6,7,5,1.392,6,3,2,6.187,2,7,3,0
0,0,1,4,1,5,3,1,3,0,6,0,1,5.194,6,2,4,3,6.029,6.005,123.0,2,5.051,2,1,6.255,1,6,3.699,4.94,6,1.278,5,5.939,3.0,9.41,0,2,1,6.766,1,4,1,6.971,0,6,3,1
3,2,1,2,0,6,7,7,2,5,1,4,6,2.207,6,3,1,2,1.777,2.078,0.0,0,0.551,7,6,3.158,3,2,0.929,4.01,7,1.475,0,1.799,0.0,3.83,5,7,7,4.433,4,2,7,-0.532,7,4,1,0
0,1,3,4,0,3,1,5,1,7,1,5,5,-1.602,6,1,1,0,0.577,4.236,0.0,5,0.338,5,2,1.758,7,2,3.413,4.52,5,-1.518,6,-0.412,0.0,2.79,6,1,5,-2.955,7,0,4,0.335,7,6,0,0
2,4,2,3,0,5,0,7,2,6,7,2,0,2.915,2,1,4,6,0.972,1.493,0.0,1,0.647,6,1,2.154,0,4,1.234,3.05,3,0.245,7,1.278,1.0,2.84,4,6,7,-2.04,6,1,5,2.774,6,3,4,0
2,2,2,7,0,1,7,2,6,0,6,1,5,2.623,7,0,7,7,2.319,7.236,640.77,5,1.835,1,0,4.713,3,1,4.998,3.33,2,0.723,3,1.976,1.0,6.6,4,3,3,2.691,7,0,5,6.486,3,1,0,1
0,3,2,4,0,6,4,2,2,6,5,6,5,0.045,5,1,0,6,0.084,4.778,0.0,4,0.722,5,1,-1.581,3,5,1.373,0.23,4,0.418,6,0.809,-0.0,1.12,0,0,4,-1.392,1,5,1,-3.806,2,2,5,0
6,2,4,4,0,7,4,3,6,7,0,0,2,4.021,4,6,7,4,0.792,-1.435,0.0,0,1.173,2,3,2.464,3,6,1.098,2.21,4,-1.221,1,2.098,1.0,3.34,1,5,6,-0.718,4,0,7,1.287,3,5,1,0
0,0,3,3,1,5,7,7,3,1,1,7,3,3.894,5,6,5,6,2.761,2.305,777.32,6,2.451,2,1,1.537,3,7,1.294,4.5,7,0.112,2,2.441,1.0,6.3,7,4,1,1.609,4,2,2,5.434,3,6,6,1
3,4,0,4,0,4,4,5,2,4,5,2,3,-1.918,0,1,6,2,1.186,-2.381,0.0,4,-1.088,1,2,0.093,1,4,0.198,1.76,7,-1.369,0,0.493,0.0,4.1,7,6,1,-0.606,0,4,5,2.723,4,0,5,0
2,6,3,5,1,7,5,5,4,7,2,3,7,4.118,2,2,2,6,3.698,2.895,352.2,1,2.518,5,0,4.037,2,3,8.412,3.12,4,0.219,6,3.538,2.0,7.74,3,5,0,7.033,7,1,4,3.51,0,1,7,1
3,5,1,4,1,3,6,4,6,2,3,0,7,1.849,7,0,3,4,2.199,4.003,0.0,4,2.26,0,1,6.233,4,1,-0.275,-0.18,7,0.525,3,1.697,2.0,7.15,6,5,3,-0.098,6,3,4,2.166,5,2,4,0
6,7,5,2,0,3,6,5,1,5,5,2,2,2.445,1,4,7,3,0.925,2.405,0.0,5,-0.964,0,1,2.396,6,2,1.089,1.4,3,-0.516,1,1.085,0.0,3.81,7,1,7,-0.39,0,7,4,1.999,7,5,4,0
0,3,0,4,0,7,7,7,5,1,0,5,0,1.203,5,3,5,6,1.871,1.603,0.0,5,3.377,6,0,0.335,7,0,1.793,2.38,0,-0.928,2,1.311,1.0,4.09,0,7,7,0.109,6,7,2,1.605,3,1,5,0
5,0,7,5,0,2,6,5,2,4,5,6,3,-2.055,6,6,0,3,0.754,2.008,878.72,6,0.686,7,6,0.627,1,5,1.616,5.36,2,1.238,7,1.52,-0.0,9.3,4,3,1,1.074,5,6,4,5.379,3,6,7,1
4,7,6,7,1,5,3,0,2,5,6,6,2,0.301,2,5,2,1,2.93,6.274,0.0,2,2.627,6,4,5.568,0,7,0.985,2.47,3,0.234,5,2.205,2.0,2.53,5,4,6,2.582,1,5,5,2.002,1,3,0,0
2,7,0,7,0,3,2,3,4,5,7,1,2,3.448,7,7,2,1,0.432,-0.256,0.0,3,-0.423,4,1,0.563,7,3,0.49,2.25,1,-0.08,0,1.441,0.0,2.91,0,0,6,-0.369,5,0,5,-2.562,1,4,4,0
3,3,2,6,0,4,4,5,4,6,4,6,7,0.453,1,1,5,2,1.13,-2.32,0.0,0,2.255,2,1,-0.477,5,1,0.174,2.06,4,-1.405,2,1.586,1.0,3.27,6,5,4,0.06,0,2,4,1.793,2,6,2,0
2,1,4,4,0,2,5,1,7,7,4,3,3,0.782,2,3,0,7,1.465,1.931,0.0,6,1.537,6,5,0.074,6,3,2.293,1.47,7,0.068,3,0.897,1.0,6.22,5,6,1,1.272,5,6,2,1.925,5,6,5,0
0,2,1,0,1,2,6,3,5,0,3,1,5,-0.665,2,5,4,7,2.608,0.287,0.0,2,2.792,4,3,4.015,6,7,2.615,5.36,0,1.525,7,2.862,1.0,3.86,1,1,4,0.755,5,0,6,1.619,4,0,3,0
7,5,5,2,0,6,6,3,4,7,0,4,3,0.236,0,0,0,4,0.635,2.781,0.0,3,-0.007,1,4,4.201,5,6,3.654,3.23,5,0.899,6,1.787,0.0,3.47,7,4,6,-1.315,7,5,7,2.384,0,5,7,0
3,7,0,7,0,5,2,7,7,0,0,3,6,-2.113,6,1,5,3,0.234,-1.108,0.0,3,3.265,1,6,3.29,0,5,-1.414,3.07,2,1.618,0,0.618,0.0,6.02,4,1,3,0.69,0,5,3,0.007,7,5,5,0
0,5,5,0,0,6,3,2,6,5,2,7,3,-3.352,3,0,4,0,0.444,1.699,0.0,5,-0.067,3,4,0.385,0,0,-0.786,0.56,4,1.384,3,0.274,1.0,4.53,6,1,4,2.721,0,3,2,3.966,5,6,1,0
0,4,5,4,1,4,2,0,3,2,7,5,5,3.116,2,5,2,0,2.725,2.823,0.0,6,3.388,4,3,2.108,0,5,2.93,3.21,7,-0.937,4,2.554,2.0,3.43,2,0,2,2.421,4,7,1,-0.314,4,0,3,0
0,6,3,6,0,0,0,4,1,2,1,3,3,-3.538,1,4,4,5,0.603,-0.045,0.0,1,0.817,2,6,-0.401,1,1,1.409,2.71,1,0.343,6,0.047,0.0,3.81,2,5,4,-1.907,1,3,5,1.923,7,6,7,0
2,6,5,7,0,3,7,7,0,6,0,6,7,1.86,7,1,7,1,0.45,-0.107,0.0,3,1.154,3,1,-2.04,2,5,1.653,4.26,3,-0.709,6,0.071,0.0,3.77,6,7,4,0.08,2,5,1,1.324,3,3,7,0
5,0,1,6,0,7,4,0,0,4,2,0,0,1.052,4,4,3,3,1.031,0.557,0.0,1,1.902,4,4,-1.501,5,4,1.055,1.93,6,-0.03,5,0.541,0.0,2.75,7,2,6,-0.798,0,3,2,0.844,2,3,7,0
0,1,4,5,0,7,7,2,7,0,7,3,7,0.395,6,7,3,4,0.727,-2.494,0.0,7,1.404,2,4,-0.443,5,7,-2.328,4.41,5,0.746,4,-0.184,0.0,5.33,7,2,5,-2.132,7,4,6,-0.558,2,2,2,0
1,1,5,5,0,1,5,4,5,2,2,1,2,-2.618,6,5,1,5,1.164,-0.918,0.0,4,1.426,5,5,-3.816,4,1,2.42,-2.44,5,1.61,7,1.084,1.0,3.47,1,2,5,-3.377,6,3,0,2.404,5,6,7,0
3,4,3,5,0,3,3,5,3,0,1,1,4,-0.117,4,1,7,7,2.167,-1.286,0.0,4,0.307,7,0,2.654,2,1,3.098,3.59,7,1.819,3,2.503,1.0,4.79,0,1,2,0.527,3,5,6,2.6,4,4,0,0
1,2,0,7,1,0,3,4,6,6,7,7,2,4.839,7,0,6,4,3.968,4.374,0.0,2,3.747,1,7,6.861,2,7,4.606,3.63,0,-0.234,4,4.133,2.0,6.0,2,7,6,3.093,6,5,0,12.66,4,5,1,0
4,4,6,6,0,6,0,0,6,0,0,5,3,2.42,1,7,3,7,1.237,3.13,0.0,1,-1.166,7,2,3.742,1,5,2.253,5.08,5,3.023,0,1.492,1.0,2.93,7,4,0,-0.323,0,0,3,-1.656,2,4,2,0
4,5,0,2,0,1,1,1,4,3,6,3,3,-1.339,2,3,2,3,1.258,0.022,0.0,1,1.539,3,7,0.426,6,7,-1.416,2.62,4,-0.768,4,0.999,0.0,3.6,4,6,3,1.306,0,7,4,-0.202,7,7,3,0
1,2,7,5,1,7,4,1,1,6,6,1,1,2.92,6,7,1,7,3.442,8.302,0.0,7,3.083,4,5,2.54,0,1,3.357,2.22,7,-0.804,5,3.526,2.0,3.37,3,6,7,4.614,1,1,0,6.231,3,3,7,0
1,5,0,7,0,1,1,3,2,4,2,4,5,-1.361,0,0,5,7,1.77,1.768,0.0,5,1.221,2,4,-1.397,0,0,1.369,2.79,7,-1.696,0,2.005,1.0,4.47,0,3,3,0.095,6,7,2,1.604,6,3,2,0
4,0,4,4,1,5,7,1,1,3,1,6,7,5.223,4,1,3,2,4.171,2.016,215.15,6,2.858,4,0,4.821,2,3,5.808,4.18,3,1.44,3,4.661,4.0,9.66,5,6,6,3.63,2,2,6,5.447,2,0,4,1
5,3,4,4,0,6,2,0,4,5,7,4,6,0.338,5,5,6,7,0.011,-1.983,0.0,1,1.367,1,1,1.494,3,4,-0.002,5.37,2,2.23,3,1.161,0.0,4.07,6,4,1,0.623,3,6,5,3.255,4,7,7,0
0,4,0,3,0,4,5,3,6,2,6,3,1,-1.116,4,5,0,0,0.323,2.277,0.0,3,2.336,7,7,1.944,7,0,0.27,2.91,5,0.628,1,-0.355,0.0,5.82,7,6,4,-7.156,3,3,3,3.338,5,5,0,0
5,7,0,4,1,4,2,3,5,1,1,2,5,8.915,4,3,4,7,8.595,10.984,886.42,5,7.915,4,5,6.783,0,0,6.383,2.49,1,0.314,6,7.561,4.0,8.1,4,2,5,8.291,4,5,7,9.954,2,7,2,1
6,5,7,0,0,4,0,7,1,4,1,0,0,-0.409,7,4,0,4,0.474,2.102,0.0,2,3.654,4,6,-1.768,6,1,1.434,2.86,5,-1.192,2,0.453,0.0,3.12,1,4,5,-0.586,3,1,7,0.048,5,1,2,0
5,3,7,0,0,1,2,4,2,4,0,4,1,2.433,1,0,3,0,1.134,0.317,0.0,3,0.482,5,0,1.837,0,6,-1.924,1.55,6,-0.146,7,0.763,0.0,-0.56,5,4,7,0.68,4,7,4,-0.092,4,4,3,0
6,7,2,7,0,2,5,2,2,4,7,5,1,-2.08,4,3,4,0,0.817,2.86,0.0,1,-0.586,2,4,0.825,5,2,1.146,3.53,1,1.977,6,1.112,1.0,6.82,6,0,3,1.25,1,4,7,-0.595,4,1,4,0
7,0,5,5,0,5,5,4,5,1,7,0,2,1.304,5,6,7,4,1.575,1.461,238.38,0,1.685,2,7,3.23,4,6,4.105,4.5,2,0.206,2,2.215,1.0,8.7,7,1,1,-4.184,1,7,5,1.028,4,2,1,1
7,5,4,7,0,6,0,4,6,1,3,1,6,2.962,6,5,7,5,1.27,0.466,0.0,0,3.801,5,4,3.15,2,2,0.636,3.52,7,-0.918,5,1.396,2.0,5.65,3,4,4,1.09,7,2,3,6.424,0,4,3,0
1,0,6,5,0,5,1,3,2,1,4,2,5,1.942,4,2,5,1,0.36,-0.339,0.0,1,0.111,7,4,-2.837,6,7,-0.519,3.71,3,-0.108,4,0.393,1.0,2.83,5,3,5,4.401,3,0,3,-0.556,2,7,1,0
4,3,4,7,0,5,1,7,4,6,0,2,5,2.433,5,3,4,2,0.927,0.06,0.0,2,1.296,4,5,-0.57,2,1,2.239,4.27,6,-0.683,0,0.954,1.0,2.58,3,3,6,3.802,7,1,1,0.99,7,2,0,0
1,4,4,6,0,4,1,3,0,0,2,0,5,3.143,1,5,4,2,1.548,2.949,0.0,0,-0.667,1,3,2.397,2,1,2.485,5.18,0,-1.285,3,1.715,0.0,7.26,5,6,5,1.042,6,3,7,1.415,3,5,7,0
7,3,4,6,0,7,2,1,4,6,5,3,5,5.151,2,4,3,1,1.538,0.143,0.0,3,1.38,2,6,-1.329,2,3,0.151,3.79,2,0.39,5,1.317,1.0,3.53,7,4,3,3.285,6,3,6,7.789,5,6,5,0
2,0,2,3,0,6,3,5,2,3,5,3,7,0.738,0,7,7,6,1.779,-5.887,0.0,6,1.375,4,0,2.138,2,5,1.204,5.54,0,1.127,2,2.392,1.0,4.83,1,0,7,5.593,7,3,1,-0.867,2,7,6,0
4,3,3,5,0,3,5,1,5,3,1,0,1,0.006,6,0,2,5,0.472,1.335,0.0,0,0.861,1,3,-1.035,5,0,0.443,1.13,3,-0.412,2,0.602,1.0,5.86,7,6,7,1.193,7,0,0,2.594,2,3,6,0
7,4,4,0,0,5,1,5,0,4,6,4,3,3.661,7,0,6,1,1.425,-0.823,0.0,4,1.148,0,4,4.494,2,3,0.283,-0.58,6,-1.095,2,1.547,1.0,3.8,0,0,4,1.8,4,4,1,1.076,3,1,4,0
4,5,3,2,0,3,4,0,0,2,3,3,2,0.948,4,4,0,5,1.73,-2.837,0.0,5,2.218,3,0,-0.554,5,4,0.617,5.98,5,-0.414,3,1.226,0.0,3.55,6,5,3,-0.835,1,5,5,0.78,4,2,0,0
0,4,0,6,0,5,7,2,6,4,6,4,5,-1.417,6,4,4,6,0.676,-0.798,0.0,4,-0.046,0,2,0.541,0,2,0.774,2.08,7,-2.211,7,0.854,0.0,7.5,1,7,1,-2.003,5,4,3,0.729,0,2,0,0
3,7,3,7,0,6,6,2,3,5,4,4,3,-2.088,5,5,4,0,0.42,-2.148,0.0,0,3.716,3,5,-2.964,3,0,0.927,2.06,5,-1.307,6,1.316,0.0,3.69,0,0,4,2.532,3,3,2,0.582,4,7,7,0
4,1,4,7,0,3,1,7,1,7,0,0,3,0.272,5,7,2,6,2.52,0.547,0.0,7,2.291,5,1,3.003,3,2,4.7,1.17,0,1.836,1,2.237,2.0,3.24,4,7,0,5.253,1,0,0,4.058,1,1,3,0
2,7,5,5,0,7,6,2,2,5,3,6,1,-0.21,1,7,4,1,1.901,1.925,0.0,7,1.833,2,2,-1.016,6,1,0.798,2.97,4,-0.95,2,2.142,1.0,1.72,0,5,3,2.376,7,1,0,1.618,5,4,5,0
4,3,5,2,0,4,7,7,7,5,1,5,5,0.523,1,7,6,6,1.913,1.212,683.63,3,1.852,2,7,2.721,2,2,3.03,5.43,0,-1.264,1,0.914,2.0,6.71,0,0,4,-1.298,6,7,2,1.424,6,6,5,1
5,6,7,1,1,5,0,1,4,4,3,2,6,1.917,1,6,3,6,2.805,7.068,0.0,2,3.835,6,5,3.509,7,0,3.276,0.62,1,-1.214,3,2.959,2.0,7.93,3,3,0,2.911,5,3,1,4.492,5,2,3,0
6,5,7,2,1,7,4,5,1,4,0,2,5,5.044,4,5,7,3,4.244,3.333,180.57,7,4.596,2,4,4.515,2,4,4.372,2.73,3,-0.328,3,4.018,3.0,6.97,1,2,6,4.975,3,0,5,7.574,4,6,4,1
5,7,4,2,0,0,5,2,3,3,3,5,1,1.704,3,4,2,0,1.697,3.953,0.0,0,2.696,2,1,1.466,6,0,1.437,1.19,2,-0.43,0,2.509,0.0,3.92,6,2,4,-3.424,3,7,2,3.608,2,0,0,0
1,1,5,2,0,4,4,0,7,2,7,7,4,4.108,5,0,6,2,1.533,3.865,0.0,0,1.093,0,2,1.761,0,3,1.79,3.3,0,-0.107,0,2.674,1.0,1.79,2,0,3,3.46,1,0,7,3.793,4,7,5,0
0,7,0,3,0,4,6,5,7,5,5,4,2,7.112,7,1,3,7,1.831,6.485,0.0,7,3.754,3,1,2.753,3,7,-1.826,0.85,7,0.136,2,1.766,2.0,3.5,0,2,3,1.309,1,7,4,-0.649,0,3,0,0
5,3,1,5,1,1,4,7,1,6,3,1,2,1.647,6,6,0,3,3.026,0.582,0.0,1,2.377,2,3,2.023,7,4,1.339,2.59,5,0.978,1,2.305,2.0,2.02,0,5,5,3.407,7,6,1,-0.093,3,3,6,0
0,3,6,6,0,7,3,4,7,1,0,4,0,2.607,3,4,3,7,1.465,1.918,0.0,1,0.361,6,6,3.18,4,2,1.587,2.37,6,-1.293,2,2.72,-0.0,4.22,5,7,6,1.204,2,3,6,-2.073,3,1,7,0
4,5,3,3,0,6,7,3,2,6,2,0,2,-1.602,5,2,5,7,0.122,0.215,0.0,3,1.575,7,5,1.004,0,1,-1.592,3.66,4,0.014,4,1.01,-0.0,2.45,3,5,0,-1.077,3,4,2,1.728,0,6,1,0
4,3,0,6,0,5,6,6,2,2,4,0,7,2.881,0,4,1,2,2.183,4.569,0.0,1,0.927,5,7,2.08,1,3,1.47,2.19,0,-0.102,5,1.96,1.0,2.09,7,3,6,0.033,2,2,5,-2.141,2,5,5,0
2,5,7,0,0,5,5,3,4,6,2,2,2,1.219,3,4,6,5,1.293,-0.619,0.0,3,0.488,0,1,5.884,0,7,2.534,5.46,2,-1.386,1,1.485,0.0,5.01,4,5,4,3.997,1,4,3,2.556,0,3,1,0
4,5,2,2,0,3,2,6,2,3,4,1,3,-1.92,1,1,3,1,1.139,1.767,0.0,2,1.034,6,5,4.21,7,1,1.387,3.11,7,2.258,4,0.478,-0.0,2.41,5,5,5,2.534,0,5,3,1.505,5,4,4,0
0,4,0,6,0,5,3,3,1,2,1,4,2,-1.613,3,6,7,5,1.522,0.487,0.0,7,3.102,6,0,-2.61,0,3,2.887,3.31,1,-2.696,0,0.912,2.0,4.65,3,4,0,5.978,4,6,2,1.878,2,5,3,0
6,5,5,0,0,7,1,0,0,1,5,2,4,2.399,5,5,0,6,-0.544,5.302,0.0,7,1.287,0,7,2.642,2,4,-0.252,3.24,2,-1.168,2,-1.098,1.0,3.67,6,6,3,-2.033,7,3,1,3.349,1,3,3,0
2,3,0,1,0,4,3,4,2,4,5,7,7,-0.823,7,7,3,6,0.474,4.03,0.0,3,-0.457,0,7,2.528,5,1,1.568,1.31,4,-1.096,6,1.932,1.0,4.65,4,2,7,0.641,2,4,5,1.858,3,0,5,0
5,4,6,5,0,5,1,5,7,7,4,3,2,1.795,1,6,4,4,1.082,-1.33,0.0,6,1.853,0,2,3.905,1,4,0.766,1.85,1,0.795,6,1.622,1.0,3.63,4,4,1,-1.016,1,1,5,-2.667,2,5,0,0
2,1,2,1,0,6,5,5,6,5,1,2,3,2.545,5,0,5,3,2.719,0.324,0.0,7,1.939,3,0,1.422,1,2,-0.625,3.98,5,-1.074,7,2.752,0.0,1.99,0,7,3,-0.592,3,5,1,2.315,3,0,4,0
5,7,1,1,0,5,5,7,7,3,2,0,0,2.114,6,1,2,1,2.025,0.467,0.0,5,3.97,3,3,3.026,7,2,1.175,3.51,3,0.194,2,2.254,1.0,-0.26,5,1,4,-0.597,4,6,2,6.663,7,5,5,0
5,7,0,7,0,5,0,5,4,0,6,7,3,1.97,2,7,2,7,0.082,2.485,0.0,6,-1.003,4,3,1.347,4,3,-0.454,2.38,7,-0.204,2,0.321,0.0,1.23,0,3,6,-2.791,0,3,2,0.497,5,1,3,0
5,7,7,1,0,0,2,1,7,2,3,2,2,4.794,1,5,6,1,1.553,3.057,163.13,4,2.03,1,3,1.159,5,6,1.1,3.2,0,0.243,2,0.905,1.0,6.01,1,6,5,0.92,3,4,6,2.251,2,4,7,1
6,7,0,6,0,1,3,6,2,5,0,3,1,-3.01,1,1,3,6,2.039,5.918,0.0,3,1.587,4,2,0.558,0,4,-0.257,3.29,5,1.427,6,1.365,1.0,3.03,0,4,6,1.396,6,0,3,0.617,2,2,6,0
5,7,3,5,1,2,2,6,2,2,4,5,5,4.002,0,3,2,1,3.066,4.605,0.0,2,4.25,7,5,1.114,7,1,4.145,2.91,5,-1.881,4,3.584,1.0,4.09,3,7,2,4.471,2,2,1,1.98,5,2,3,0
4,2,1,2,1,7,6,1,4,6,0,6,4,9.3,4,5,0,7,7.482,8.897,0.0,0,8.179,4,0,8.419,5,0,8.261,6.96,5,0.974,5,8.917,4.0,6.57,7,6,3,8.903,5,3,1,7.148,7,1,2,1
3,5,6,6,0,4,2,3,3,0,5,6,1,4.146,3,6,6,3,0.615,-1.426,0.0,6,-0.052,7,4,2.971,6,2,-0.529,3.78,0,-1.029,7,-0.006,1.0,3.65,6,4,6,-1.788,3,3,5,-3.274,3,0,2,0
5,6,0,0,0,1,5,4,6,0,7,5,6,0.952,7,4,6,0,1.154,4.095,0.0,0,-0.361,1,0,1.189,0,3,1.281,2.5,7,0.9,5,1.189,0.0,5.13,2,4,7,-4.895,6,6,4,2.612,3,1,3,0
4,4,4,5,0,4,0,6,0,2,7,0,2,-0.689,2,7,5,1,2.529,4.259,0.0,3,3.398,6,3,3.32,7,0,1.373,5.42,6,0.886,3,1.056,1.0,7.98,6,5,1,-0.412,6,3,6,4.28,0,2,5,1
2,1,6,7,0,1,4,5,3,3,7,3,6,7.527,7,6,7,7,1.044,2.107,0.0,2,1.116,6,4,3.613,2,0,-0.606,3.74,1,0.025,7,1.148,2.0,4.0,7,1,7,-3.982,7,0,7,1.075,5,1,6,0
5,7,0,0,1,7,1,3,3,2,6,2,6,3.383,0,5,6,3,3.425,1.395,0.0,6,3.993,3,4,1.7,0,5,3.561,3.36,5,0.338,5,3.765,2.0,2.81,0,2,0,7.436,1,1,0,1.781,4,4,5,0
5,0,5,2,0,3,6,6,5,5,0,1,5,3.853,3,6,1,6,1.073,0.405,0.0,0,0.166,3,4,4.935,0,3,1.69,3.35,5,1.043,3,-0.35,0.0,3.93,3,3,6,-0.123,3,0,7,-0.883,4,4,5,0
7,7,6,6,0,0,7,4,3,4,1,7,6,3.002,5,5,0,2,2.04,3.827,0.0,4,0.946,2,3,-0.423,0,4,1.202,1.45,1,0.684,5,1.962,1.0,1.72,0,4,0,-0.26,1,7,1,0.344,0,3,0,0
1,2,3,7,0,3,2,5,6,4,7,5,6,1.334,1,5,1,0,0.264,3.031,0.0,7,1.034,7,5,-1.552,2,5,0.907,1.14,3,-0.403,5,0.9,1.0,1.63,3,6,2,2.521,5,5,7,0.827,6,1,4,0
2,1,5,7,0,2,7,2,3,2,4,2,1,1.14,0,0,5,6,0.89,0.42,0.0,0,-0.069,6,4,2.374,2,4,1.046,4.73,4,-1.356,5,1.213,0.0,5.28,5,2,0,-1.163,2,0,0,-2.095,0,2,2,0
3,3,5,5,0,4,3,1,3,7,1,5,1,1.335,1,1,6,3,0.938,1.083,0.0,1,2.08,5,0,1.347,5,1,1.726,1.51,3,0.96,1,0.77,1.0,2.68,6,1,4,0.093,2,5,5,-0.106,5,1,0,0
7,5,4,5,0,0,6,5,6,6,2,6,6,1.263,7,4,4,1,1.408,-0.854,0.0,1,0.553,4,0,0.174,4,1,1.893,3.02,7,-2.251,1,1.377,0.0,5.04,6,6,1,2.947,1,0,1,-1.885,1,7,7,0
7,0,4,0,0,3,3,3,6,4,2,7,3,-0.206,1,1,4,3,0.993,3.581,0.0,2,1.278,4,2,3.766,7,6,1.472,0.77,2,0.723,4,0.36,2.0,4.62,3,4,5,4.155,2,4,0,1.103,0,0,4,0
5,5,5,3,0,1,3,7,3,1,6,6,1,2.873,4,6,2,1,1.395,2.916,0.0,7,0.774,0,7,0.86,7,1,3.877,3.43,0,-0.6,4,2.359,1.0,6.6,2,2,2,4.6,1,7,3,-3.164,5,3,6,0
2,4,3,1,0,2,2,6,7,6,6,4,4,3.415,3,6,7,2,1.204,4.278,0.0,4,1.46,6,1,2.615,1,6,3.486,3.46,7,1.502,3,1.427,-0.0,0.85,3,0,3,-1.798,5,4,6,6.437,3,2,1,0
1,7,7,2,0,4,7,2,7,3,3,6,3,1.815,6,4,2,0,0.143,1.301,0.0,5,1.808,6,3,2.544,6,5,0.028,2.83,3,0.191,1,0.338,-0.0,3.04,2,1,4,1.786,7,0,6,-0.484,0,3,2,0
2,3,2,1,0,3,1,3,7,3,2,6,3,-2.958,0,5,3,3,1.184,4.122,0.0,6,1.722,1,7,3.366,1,1,0.132,1.82,5,-1.564,0,1.309,1.0,4.55,2,5,2,4.088,5,5,7,-0.186,5,0,0,0
0,3,4,2,0,5,2,4,4,1,0,3,2,-0.27,1,2,3,1,0.895,-2.771,0.0,3,-1.848,3,5,-0.828,6,3,0.378,2.8,2,-0.251,3,1.364,1.0,5.98,3,3,7,-0.766,2,3,1,0.424,2,0,6,0
5,3,0,1,1,4,6,7,2,4,5,7,6,1.088,4,5,3,7,3.269,4.552,0.0,3,4.583,3,6,1.664,4,2,3.352,3.25,7,-0.017,4,3.336,2.0,4.6,0,2,2,2.729,6,5,7,0.368,3,4,6,0
6,3,6,7,0,4,0,6,0,2,3,1,3,6.637,4,2,4,2,1.295,-0.646,0.0,5,3.253,7,4,-1.017,6,5,3.66,2.04,4,0.772,0,0.505,0.0,3.39,4,0,2,-0.492,2,0,4,-0.37,3,5,6,0
3,4,5,2,0,5,1,3,2,6,7,3,5,0.661,1,4,1,5,0.376,-1.794,0.0,2,-1.09,0,1,2.832,6,4,-1.425,2.91,7,-0.868,1,-0.031,-0.0,3.04,0,4,0,0.821,7,1,5,0.433,5,4,1,0
3,2,5,7,0,6,0,7,2,3,6,0,4,-0.873,3,3,1,0,1.688,4.543,0.0,5,1.539,7,2,0.17,7,2,2.875,1.73,7,-0.468,5,0.681,1.0,4.77,2,4,1,3.464,2,0,1,-0.884,0,7,1,0
6,2,1,6,0,3,6,3,0,1,7,0,4,0.705,2,3,1,7,1.097,-0.908,0.0,5,-0.088,1,0,3.476,5,5,0.481,2.7,6,-0.186,7,1.107,1.0,2.85,3,5,0,-6.047,4,1,3,2.263,5,4,4,0
3,3,6,4,0,1,1,5,7,0,7,1,2,-1.135,7,4,1,5,0.375,-0.003,0.0,4,1.095,7,7,1.829,3,6,-1.907,0.93,5,0.944,5,1.057,0.0,5.43,6,2,3,3.621,7,3,2,0.376,7,5,0,0
0,6,2,0,0,3,5,2,3,2,6,3,1,2.071,3,0,7,3,0.467,-5.762,0.0,4,0.707,6,1,-0.698,3,6,-0.683,1.92,1,0.46,2,1.207,-0.0,2.94,0,7,4,0.895,6,6,1,1.856,4,5,5,0
6,7,6,6,0,6,1,4,7,2,3,2,3,2.77,1,5,6,0,0.932,-2.143,0.0,7,0.679,5,7,2.698,2,6,0.117,3.54,7,-0.841,5,1.294,1.0,7.31,4,6,0,-1.901,7,4,5,-1.994,6,3,4,0
4,3,0,1,1,4,2,7,3,5,4,2,7,1.163,2,3,2,3,1.695,0.451,0.0,5,0.938,4,0,0.459,3,6,2.321,1.37,3,0.384,5,1.498,1.0,3.52,1,3,2,1.37,0,2,3,0.316,3,6,3,0
1,1,1,5,0,3,6,7,4,6,3,1,5,1.645,5,4,7,4,1.026,4.002,0.0,3,0.135,4,1,3.703,5,0,3.464,3.76,3,-1.696,6,1.175,0.0,6.13,1,7,3,-0.621,5,2,2,2.105,7,4,5,0
4,4,5,7,0,2,6,4,4,4,5,1,2,2.979,7,2,0,4,0.936,3.154,0.0,6,2.097,0,2,2.438,6,3,1.91,4.89,5,0.177,2,1.224,1.0,2.93,5,1,3,5.665,6,2,0,3.897,5,3,3,0
0,1,4,6,1,2,1,7,1,5,3,1,5,3.208,4,7,3,3,2.833,2.866,0.0,1,3.486,3,2,3.124,6,2,4.055,3.05,2,2.941,4,2.766,2.0,1.5,6,1,7,-0.623,4,4,7,7.987,4,5,0,0
0,6,4,2,1,1,5,5,1,0,6,6,1,4.431,4,2,4,5,4.258,6.212,0.0,6,2.095,7,5,3.236,2,2,2.375,3.09,7,-0.962,7,3.075,2.0,4.27,4,7,0,4.929,6,2,1,1.764,3,1,1,0
6,1,2,2,0,2,3,4,3,6,4,1,2,-1.347,6,3,3,7,0.607,1.732,0.0,3,-2.066,3,3,-3.22,5,0,-0.44,5.04,5,-0.261,2,0.791,0.0,3.15,1,5,3,2.12,7,4,5,0.786,4,1,5,1
6,5,0,5,0,0,2,2,3,0,1,5,0,3.878,7,2,7,4,-0.02,2.919,0.0,0,1.691,0,2,1.128,7,7,-0.267,1.22,3,0.014,7,-0.255,0.0,2.8,2,3,4,-1.611,3,2,5,0.392,6,0,5,0
0,5,1,4,0,4,6,4,0,6,6,5,5,1.1,2,2,6,1,1.31,2.105,0.0,1,1.761,5,6,2.183,0,4,1.937,3.38,1,0.744,4,1.719,1.0,5.3,5,6,4,-1.107,2,0,5,0.029,4,4,4,0
4,6,0,7,0,1,3,0,6,2,4,5,7,5.51,0,5,7,5,0.126,0.082,0.0,1,0.368,6,5,-1.014,6,6,0.259,5.47,7,0.54,0,1.308,-0.0,2.38,4,7,0,-2.352,5,7,4,1.19,6,2,7,0
1,0,0,4,0,0,2,3,4,7,2,5,4,-1.318,1,7,5,1,2.164,7.261,0.0,4,2.051,5,3,8.227,4,4,2.291,5.06,4,-0.149,3,1.482,1.0,3.41,0,1,4,2.187,4,2,7,3.722,3,6,5,0
7,2,7,2,0,1,6,5,3,0,6,2,2,-0.564,5,7,7,1,-0.067,1.156,0.0,6,-1.671,2,0,3.693,5,1,0.16,1.52,5,0.122,3,1.352,1.0,4.07,1,6,6,-1.542,5,2,5,1.935,5,1,6,0
1,6,5,1,0,6,2,6,7,3,4,1,2,0.049,2,5,6,1,2.036,1.087,0.0,3,2.422,2,1,0.427,1,1,1.786,3.82,7,0.846,5,1.672,1.0,3.72,1,4,3,-1.799,1,5,0,0.981,7,2,0,0
6,2,0,2,1,4,0,4,0,5,3,5,2,-0.874,2,3,0,2,1.837,2.799,0.0,0,1.716,6,6,-1.781,0,2,1.995,1.13,5,-0.179,1,2.026,1.0,2.62,2,6,3,2.525,5,1,7,3.349,1,6,6,0
5,7,2,1,1,1,3,4,2,1,3,3,2,8.214,2,5,2,4,4.065,6.514,403.2,2,5.081,4,6,4.206,3,7,6.665,3.45,3,3.08,4,3.621,2.0,7.29,7,3,2,3.428,2,3,6,3.318,7,2,6,1
2,2,3,2,0,2,3,3,7,6,1,5,7,-0.649,3,6,4,6,0.767,6.004,466.32,5,2.471,7,5,2.241,5,5,2.255,2.87,5,1.079,3,1.947,2.0,7.66,0,3,3,4.238,1,2,1,3.26,4,0,0,1
3,3,0,6,1,1,5,4,4,7,1,0,6,5.76,1,5,7,1,5.386,5.759,0.0,0,4.369,4,6,8.824,6,3,4.59,3.32,3,0.423,3,5.35,3.0,6.66,7,0,0,6.323,5,2,1,7.048,5,7,3,1
1,3,0,0,0,6,6,1,2,4,4,3,0,-2.502,1,1,4,6,0.712,-0.609,0.0,2,0.911,1,0,0.82,6,0,-0.115,3.62,0,1.321,7,0.439,0.0,6.6,2,3,1,2.273,7,3,1,2.965,4,5,0,0
7,3,7,7,0,1,7,3,7,3,7,2,6,-0.643,0,0,6,1,0.895,-0.872,0.0,6,0.612,5,7,1.092,2,2,0.077,3.85,4,-1.208,0,1.455,1.0,5.42,4,2,0,2.139,7,5,6,-0.635,1,4,1,0
0,6,1,0,0,7,0,4,2,2,0,1,2,-0.775,3,2,4,4,1.118,-0.305,0.0,4,1.223,7,0,1.682,0,0,0.949,3.58,0,-0.421,1,1.686,1.0,3.29,1,0,7,0.364,1,5,6,-3.745,2,6,0,0
3,5,6,3,0,3,1,4,2,3,4,1,6,0.74,5,4,4,4,1.249,-0.935,0.0,1,-0.025,5,7,0.858,3,2,3.549,6.07,0,-0.965,6,2.104,1.0,2.45,2,3,1,2.307,4,6,5,1.414,1,3,6,0
6,6,3,2,0,6,1,2,4,6,1,7,0,1.704,7,0,2,1,0.9,0.085,0.0,5,2.351,2,5,3.128,4,3,0.366,1.84,0,-0.723,4,-0.009,0.0,0.96,7,2,3,-2.584,0,6,7,0.328,4,4,1,0
7,1,3,5,0,0,3,6,1,0,3,5,6,1.5,6,5,3,2,1.98,1.912,0.0,3,0.81,1,0,6.191,3,5,1.84,4.57,3,-0.032,0,1.52,1.0,4.23,3,7,7,3.859,6,6,5,2.988,4,1,2,0
0,7,5,0,0,7,3,3,2,5,6,6,3,-6.237,4,4,0,7,0.639,1.548,0.0,3,0.112,7,4,-1.958,1,0,1.458,3.06,3,-1.312,1,0.785,0.0,2.68,0,0,7,3.324,1,2,3,-4.774,1,1,2,0
1,3,3,2,1,4,0,2,0,3,6,5,5,4.199,5,6,6,6,5.358,6.104,251.2,3,6.115,2,7,5.759,6,3,2.895,5.57,5,-0.015,1,6.05,4.0,5.46,1,6,7,0.597,2,6,1,7.788,7,3,0,1
3,0,0,5,0,4,4,4,1,4,4,4,4,0.631,1,7,5,0,1.702,2.947,0.0,2,3.497,2,0,0.265,4,0,3.242,1.01,5,-0.684,0,1.372,1.0,0.59,6,6,5,1.165,3,2,0,0.771,3,3,5,0
1,0,7,2,1,6,4,4,5,5,0,7,2,1.004,7,6,2,2,2.235,5.053,0.0,6,2.536,4,6,0.708,3,2,0.825,6.52,7,0.097,7,1.143,1.0,4.82,0,3,2,1.565,5,1,4,-3.82,5,0,3,0
1,2,4,7,0,0,0,0,5,7,1,2,1,3.191,2,4,5,5,-0.152,1.153,0.0,3,1.503,6,4,-2.147,6,2,-1.995,2.52,6,0.49,4,-0.321,-0.0,2.78,2,6,0,-2.627,6,6,2,2.678,7,1,7,0
1,6,2,0,0,0,5,3,1,5,6,5,1,4.888,2,3,2,3,2.711,0.058,0.0,2,1.61,1,5,2.31,2,1,-0.045,3.33,6,0.634,3,2.428,1.0,3.78,5,3,2,5.331,7,2,5,4.69,3,0,5,0
6,2,2,2,0,1,7,0,6,6,5,6,5,-0.366,5,5,6,1,1.098,1.98,0.0,3,2.974,1,0,1.539,7,1,1.659,4.37,5,0.067,5,0.031,1.0,4.06,5,7,2,-4.184,7,0,4,-2.106,1,7,0,0
2,6,6,6,0,5,2,4,4,7,0,7,0,0.661,5,5,5,4,0.439,0.371,0.0,2,-0.349,3,3,3.085,5,0,0.24,3.44,6,0.465,1,0.6,1.0,6.05,0,1,1,3.075,6,1,5,-0.959,5,5,1,0
7,3,2,2,0,2,1,5,6,0,2,5,4,3.09,7,0,4,5,0.672,2.562,0.0,7,0.797,7,7,0.41,7,0,1.35,2.96,3,0.206,2,0.501,0.0,4.65,7,1,5,-4.227,0,6,7,3.3,7,4,5,0
2,1,1,3,1,0,5,1,1,3,2,6,1,-1.17,2,1,3,6,2.314,-0.945,81.99,7,2.374,4,3,4.073,1,4,1.41,3.65,5,1.216,6,3.464,2.0,8.47,6,5,7,1.104,1,1,1,3.263,3,5,5,1
2,4,5,6,0,4,3,1,2,7,7,6,4,5.393,1,6,1,5,1.518,2.307,365.37,5,1.059,7,5,3.07,5,6,0.181,3.92,7,-0.025,3,1.885,0.0,5.38,6,0,7,-0.108,0,1,0,3.471,1,7,7,1
7,3,6,5,0,3,4,4,5,4,2,5,0,-0.467,7,6,0,2,1.253,4.591,0.0,3,2.942,0,1,2.925,3,1,0.776,5.32,6,0.591,0,1.524,2.0,6.46,4,6,0,-2.867,7,3,6,-0.186,6,6,2,0
3,5,5,1,0,0,7,2,6,7,4,7,7,1.881,3,2,1,5,2.153,2.121,0.0,2,1.742,7,3,2.366,2,6,0.3,2.42,6,-0.14,7,1.331,2.0,4.75,4,0,4,2.586,3,1,7,0.468,7,3,5,0
0,1,1,3,0,2,0,3,7,4,3,4,2,-1.213,0,6,0,4,0.462,1.258,0.0,1,-2.037,7,3,-1.621,6,7,3.036,2.14,4,1.487,7,0.252,0.0,3.79,1,6,0,1.053,1,4,2,1.761,0,6,6,0
0,3,2,7,0,6,1,3,5,6,4,0,0,-0.066,4,5,7,7,1.857,1.39,425.29,1,2.049,7,0,-0.115,0,7,0.209,6.15,5,1.691,3,0.915,-0.0,8.69,1,2,7,-2.701,7,5,4,2.347,7,7,7,1
1,6,2,5,0,0,1,3,7,4,0,0,4,3.289,4,6,2,7,0.779,2.125,0.0,4,1.528,6,2,0.389,7,6,0.915,2.97,3,-0.404,6,1.086,1.0,5.97,0,5,6,1.83,6,6,6,0.573,7,0,4,0
4,6,5,5,0,3,7,5,6,3,1,3,6,-0.002,5,1,1,3,1.506,3.045,0.0,7,0.557,1,7,-0.085,1,7,2.124,2.09,1,-1.064,5,2.314,1.0,4.0,4,0,6,4.959,5,4,7,-1.334,1,3,7,0
6,2,3,7,1,5,2,6,5,4,5,7,3,8.273,7,5,0,1,6.305,5.04,328.14,1,8.109,0,2,6.352,0,0,8.089,4.67,0,1.017,4,6.89,4.0,7.06,0,5,3,8.07,2,4,2,7.122,4,3,3,1
4,0,0,7,0,7,5,3,3,4,6,3,1,3.112,2,2,1,2,1.03,3.345,0.0,6,-0.955,2,2,0.747,7,5,3.05,4.14,4,0.964,5,0.298,-0.0,3.19,7,1,7,0.382,7,5,3,2.838,4,6,1,0
0,7,6,2,0,5,0,3,5,7,1,0,5,2.459,7,6,6,3,0.727,4.371,0.0,2,1.096,3,3,6.901,4,7,0.153,1.83,5,0.068,3,0.962,0.0,5.79,3,0,0,1.635,5,4,7,-1.091,7,0,4,0
3,2,1,4,0,2,3,5,2,3,1,1,6,0.931,6,3,7,2,1.254,1.403,0.0,4,1.845,5,3,1.592,4,3,2.777,-1.22,1,-0.599,2,1.819,1.0,2.12,5,2,2,-1.474,7,3,6,-0.018,2,6,4,0
7,7,3,4,0,2,4,2,4,1,5,4,3,4.441,0,0,6,6,1.984,2.558,0.0,1,1.224,0,6,0.527,2,7,3.725,1.83,7,1.176,2,2.633,0.0,2.89,5,0,5,1.199,4,3,3,2.615,1,7,0,0
4,6,5,4,0,0,5,5,0,1,4,1,0,-1.561,0,4,4,6,0.767,-1.615,0.0,4,0.493,6,2,2.452,6,4,1.56,2.4,2,1.602,7,-0.217,0.0,5.33,4,3,4,-2.247,2,3,7,1.133,2,3,4,0
0,3,5,5,0,0,6,5,5,5,4,7,0,2.036,0,2,1,3,1.541,1.286,162.79,4,0.339,6,2,5.234,5,6,3.4,4.6,4,2.003,0,2.346,1.0,7.31,6,1,4,1.04,2,7,1,2.406,0,4,4,1
5,1,7,5,1,2,3,6,1,3,0,2,5,4.823,3,3,1,7,2.854,2.113,0.0,0,2.39,1,3,2.445,4,5,4.081,2.33,0,0.757,3,2.054,2.0,2.2,4,0,4,1.389,0,4,5,2.727,0,4,4,0
1,7,5,2,1,7,2,2,6,1,4,7,2,-1.889,3,2,4,5,1.744,1.969,0.0,6,2.244,7,6,3.65,5,6,1.704,2.14,1,0.598,7,2.404,2.0,6.65,6,1,0,2.584,0,0,5,3.225,2,4,6,0
3,4,3,7,0,4,3,4,6,6,1,5,4,1.44,4,3,3,0,0.713,0.079,0.0,6,1.042,2,0,3.387,1,1,-0.467,2.02,1,-0.139,7,0.46,-0.0,3.86,6,7,3,1.453,4,3,5,1.648,0,0,1,0
6,5,2,5,0,3,1,0,0,4,5,0,6,1.38,3,3,3,5,1.252,-0.171,0.0,5,2.445,0,4,1.797,5,1,4.26,1.77,7,-0.403,3,1.877,1.0,1.37,5,5,0,2.579,1,5,2,3.149,7,3,1,0
5,1,4,7,0,4,4,6,6,5,4,7,2,2.003,4,4,6,0,1.163,-2.655,0.0,5,0.085,4,1,1.234,1,6,2.47,5.53,3,0.442,1,1.075,-0.0,4.52,1,2,3,2.3,1,1,5,1.047,3,7,1,0
4,7,4,2,0,2,6,1,2,3,1,3,6,1.14,2,4,7,4,0.606,-2.03,0.0,0,0.088,6,3,0.428,5,7,-0.718,0.96,4,-0.642,4,0.797,0.0,3.87,2,5,2,0.334,1,3,5,1.399,4,7,6,0
1,2,0,2,0,4,6,5,2,2,4,7,2,0.196,5,4,7,5,0.515,1.649,0.0,0,-0.713,0,5,-1.251,3,1,1.927,4.29,4,-1.017,7,1.137,0.0,4.34,1,2,5,-0.618,6,3,4,0.414,5,3,6,0
2,1,2,6,0,5,5,2,4,5,6,6,4,-3.662,0,1,0,1,0.278,-1.248,0.0,7,2.986,7,4,-2.639,6,6,1.665,4.0,5,-1.074,5,0.351,1.0,2.92,5,4,2,-0.086,3,2,4,0.274,1,6,0,0
7,5,5,4,0,3,1,3,6,3,4,0,0,2.425,7,0,0,7,0.37,1.549,0.0,2,-1.574,6,0,1.419,6,1,1.444,4.14,4,-0.522,7,0.882,0.0,3.52,2,5,7,0.668,6,2,7,2.461,0,0,3,0
2,1,4,3,0,0,3,1,6,3,2,5,3,1.038,6,2,4,1,1.49,1.385,0.0,7,1.988,2,3,0.893,6,2,0.929,4.32,6,-1.189,6,2.527,0.0,3.23,2,3,6,5.683,0,5,5,2.929,1,7,4,0
2,5,6,6,0,3,4,2,6,2,2,7,3,2.332,4,5,7,3,1.872,2.076,0.0,6,3.597,1,2,0.075,1,7,0.117,3.36,3,-0.17,4,3.05,2.0,2.9,5,0,6,-1.492,5,5,4,1.083,3,2,3,0
7,5,2,0,1,5,5,2,7,5,1,2,5,1.828,7,2,0,3,2.294,3.1,0.0,1,2.311,3,1,-0.743,5,4,5.601,2.56,7,0.53,2,3.977,2.0,6.66,5,7,4,4.431,6,4,1,2.704,2,1,7,0
2,5,3,1,0,7,2,0,4,1,3,7,1,2.938,6,1,1,2,0.069,-1.209,0.0,6,-0.725,4,4,1.585,1,2,-1.559,3.63,2,0.864,7,0.852,-0.0,1.14,1,7,1,-0.548,4,5,1,-2.602,0,6,2,0
1,1,0,1,1,2,0,2,6,3,6,0,7,1.483,7,5,7,4,6.263,6.869,864.25,0,7.603,2,0,6.611,1,7,6.86,3.27,2,0.891,3,8.056,4.0,7.66,2,0,5,9.416,1,7,5,6.591,0,2,6,1
0,6,7,6,1,4,6,2,3,2,6,4,7,6.224,7,7,7,5,3.075,1.556,607.92,5,3.242,1,4,5.032,3,1,2.874,5.61,1,-1.274,2,4.62,2.0,9.94,4,2,4,3.659,5,1,1,1.052,0,5,4,1
1,7,6,3,0,7,3,5,6,1,4,3,5,-0.939,1,4,7,1,0.721,1.899,0.0,6,3.054,3,0,0.769,1,0,3.24,6.53,5,1.757,1,1.152,1.0,6.7,0,2,5,-0.986,5,6,4,0.191,4,6,6,1
6,5,3,4,0,7,6,5,2,4,3,3,0,-0.315,0,7,1,5,-0.239,0.856,0.0,1,-0.543,4,5,-0.522,1,3,-0.462,5.64,2,-0.723,7,-0.201,-0.0,2.24,4,5,2,-4.39,0,0,6,2.062,1,3,4,0
2,2,3,5,0,2,3,4,3,5,5,6,1,0.172,5,7,0,5,1.72,3.811,571.71,4,2.041,2,1,1.018,4,3,1.94,5.52,3,-1.12,5,1.702,0.0,6.5,4,4,2,5.195,5,0,5,3.217,3,0,1,1
1,4,2,4,0,2,6,7,1,3,5,2,1,1.769,5,2,5,1,0.673,-1.025,0.0,2,0.078,6,4,-3.799,3,1,2.738,1.51,3,-1.545,6,0.571,0.0,4.57,2,3,7,1.36,4,5,6,1.941,0,5,7,0
0,7,7,2,0,0,0,5,1,7,0,2,6,1.647,1,5,0,2,0.533,-1.957,0.0,7,-1.569,5,5,0.514,1,2,0.221,4.4,7,0.15,4,0.827,-0.0,4.46,4,6,7,-2.261,5,5,3,-1.92,2,0,7,0
6,0,1,2,0,5,7,7,3,5,1,2,0,-0.869,3,7,1,2,0.509,3.191,0.0,7,-0.101,3,5,-0.832,4,7,-1.272,3.79,4,-1.437,1,1.123,0.0,2.66,2,3,3,0.626,3,2,1,4.118,3,2,5,0
5,1,4,4,0,7,0,2,3,2,2,5,3,-1.092,5,0,6,3,0.056,-2.645,0.0,2,0.683,5,0,3.752,3,7,0.566,3.06,4,-1.508,1,0.336,1.0,3.48,6,0,2,0.692,6,7,6,-1.417,0,7,1,0
1,7,7,2,0,4,2,5,7,2,3,5,4,0.88,3,2,0,0,2.123,5.855,0.0,2,0.7,1,0,3.559,0,1,1.169,2.47,3,-0.24,7,1.121,1.0,2.03,4,7,0,1.421,7,4,7,0.817,5,7,6,0
3,7,1,2,0,6,6,6,7,4,4,7,2,3.677,7,3,7,5,1.003,1.208,0.0,0,1.575,3,4,2.083,0,7,-0.61,0.03,6,1.043,4,1.882,0.0,3.62,5,2,2,-4.687,3,1,5,-0.74,5,6,2,0
1,1,5,3,0,4,5,0,2,5,7,1,5,-2.416,3,0,5,4,0.18,0.956,0.0,6,0.993,7,2,0.087,5,3,1.658,7.62,1,-0.825,4,0.123,0.0,2.95,0,0,7,3.717,7,1,0,1.563,2,3,7,0
2,0,3,2,0,6,4,4,6,7,2,4,0,2.609,6,5,5,7,0.469,0.674,0.0,1,0.247,5,2,-2.167,0,4,0.249,2.25,4,-0.879,4,-0.464,0.0,2.85,6,6,3,-3.521,0,3,7,0.28,4,4,7,0
1,0,1,2,0,6,6,3,6,2,2,4,3,3.715,2,3,0,0,1.277,3.17,0.0,1,2.141,5,1,1.5,3,3,4.62,1.98,0,-0.122,0,1.842,1.0,2.94,3,5,6,3.78,6,7,7,1.131,0,0,2,0
4,4,3,3,0,6,2,2,6,4,7,2,0,0.067,2,3,7,0,-0.035,2.259,0.0,0,-0.427,7,0,-0.974,0,1,2.19,2.13,0,-0.309,5,0.063,0.0,5.53,3,1,4,-2.567,7,1,7,1.961,3,7,4,0
5,2,2,0,1,1,4,0,7,0,3,4,7,0.337,3,5,4,1,4.068,2.999,0.0,6,3.831,1,4,7.539,5,7,3.766,3.24,2,-1.333,5,3.642,3.0,5.47,4,7,2,7.362,6,2,3,6.924,3,0,3,1
3,6,2,2,0,7,5,1,5,3,0,3,7,-1.529,5,3,0,3,-0.139,0.44,0.0,5,0.138,6,6,2.009,3,1,-0.188,4.29,0,-0.179,2,0.597,-0.0,3.93,3,4,7,2.419,5,4,6,-1.478,5,2,3,0
4,6,4,3,0,3,2,1,6,0,1,3,6,1.092,0,5,5,0,1.456,1.799,0.0,2,0.766,3,7,0.795,5,7,1.921,0.9,2,0.359,1,1.71,1.0,1.99,1,1,0,-2.427,6,4,7,2.707,6,7,4,0
6,3,0,0,0,6,1,0,2,0,2,6,2,-1.891,5,4,1,0,0.839,2.63,0.0,3,1.35,7,6,1.518,7,3,0.634,3.87,6,1.019,6,1.223,1.0,4.06,7,4,4,2.055,7,1,7,1.34,0,1,0,0
5,5,7,7,1,4,2,3,6,5,5,3,1,3.501,3,1,0,4,3.225,-1.925,833.69,5,2.919,2,2,-0.182,3,3,2.31,4.11,4,-0.215,2,3.622,2.0,5.89,2,7,3,6.599,6,7,0,4.172,5,4,2,1
7,3,6,5,0,2,4,7,4,7,0,0,2,-2.275,3,0,1,7,0.788,-1.521,0.0,2,-0.094,1,7,-0.613,4,6,0.818,2.79,7,0.6,4,0.172,2.0,5.17,6,5,7,-1.125,6,7,3,-1.308,2,2,0,0
0,7,0,5,0,2,1,5,7,2,7,6,2,2.729,4,4,0,6,2.733,1.435,0.0,0,1.342,4,6,0.84,0,5,2.023,5.05,6,0.606,7,2.557,2.0,9.03,6,3,7,3.193,0,3,7,1.867,2,7,1,1
0,5,4,1,0,7,0,4,4,5,5,7,4,1.005,7,3,0,5,0.249,0.261,0.0,5,0.769,0,1,1.128,4,5,-0.955,2.84,7,-0.261,5,1.168,-0.0,3.89,7,6,1,5.825,5,1,7,-4.048,7,3,3,0
4,2,2,7,1,3,1,2,2,0,5,7,7,2.673,6,7,5,7,2.983,3.041,142.04,5,2.416,3,3,3.905,0,6,3.383,3.11,0,-1.375,5,3.202,1.0,4.35,4,3,7,1.365,2,6,7,5.268,1,0,1,1
7,6,5,3,0,5,4,1,0,7,3,6,2,1.63,2,6,3,3,0.65,2.473,0.0,3,0.353,1,7,1.012,3,2,-1.902,3.46,3,-0.276,4,0.087,1.0,4.29,7,1,1,-1.099,2,5,5,-3.716,7,7,1,0
0,4,2,0,0,4,4,1,6,0,4,7,5,1.363,4,0,5,2,1.642,6.737,0.0,1,3.144,4,6,-1.408,0,5,2.481,1.9,1,0.67,2,2.708,0.0,3.43,6,7,3,2.56,1,0,7,-2.211,1,2,0,0
1,7,2,3,0,0,0,0,1,6,2,1,0,2.372,6,4,2,1,0.907,-0.816,99.25,6,0.718,3,6,2.806,0,1,-2.667,3.36,0,1.251,5,0.577,1.0,9.45,2,3,0,-1.182,5,6,4,1.635,7,3,4,1
6,5,5,2,0,0,5,4,6,0,1,3,4,2.105,6,3,3,0,0.633,2.952,0.0,5,-0.213,3,1,0.468,4,0,-0.243,2.78,0,-2.094,2,-0.201,-0.0,3.38,0,1,4,1.063,2,3,0,0.744,6,6,4,0
0,1,5,2,0,7,1,6,2,7,0,3,7,3.599,7,7,7,4,1.255,1.928,0.0,0,0.483,1,6,-0.002,5,0,1.753,3.94,6,1.307,0,1.279,1.0,1.29,2,6,4,5.439,4,2,7,2.895,3,4,3,0
6,3,3,5,1,4,2,0,0,4,4,3,2,2.499,5,6,0,0,2.891,1.672,0.0,0,4.224,2,7,4.771,5,4,4.951,3.96,7,0.222,3,4.202,2.0,4.2,4,1,2,2.206,4,5,6,5.269,6,7,6,0
3,0,1,6,0,6,5,5,7,0,5,1,0,3.367,4,4,2,6,0.743,0.872,0.0,5,3.57,1,1,-0.625,2,6,0.169,3.47,7,0.02,6,0.713,0.0,3.31,6,0,4,0.72,4,0,0,2.872,5,2,6,0
7,0,0,7,0,1,1,5,6,0,4,4,3,-0.419,3,1,2,7,0.805,3.588,0.0,7,1.671,4,2,4.187,3,3,1.138,3.1,1,-1.043,2,1.564,-0.0,4.36,4,1,4,-0.435,4,7,7,1.732,0,4,7,0
1,7,4,2,0,0,5,0,7,1,4,1,1,0.353,5,0,0,4,1.822,2.519,0.0,1,0.943,7,3,0.686,5,3,0.975,3.25,6,-0.2,6,1.519,-0.0,4.62,5,5,7,1.228,0,2,5,3.383,7,2,6,0
3,4,4,6,1,4,0,4,5,6,5,2,3,-0.962,4,4,0,4,2.328,3.586,0.0,2,3.123,1,1,2.608,3,6,2.742,1.82,0,-0.946,0,3.159,2.0,4.31,7,3,3,2.586,0,6,0,4.549,5,6,5,0
5,7,4,6,1,3,5,0,7,6,5,6,6,8.806,3,2,7,4,4.588,6.513,100.36,4,5.099,0,5,6.904,1,5,5.202,4.44,7,1.105,3,5.21,3.0,7.13,0,7,2,0.252,6,7,5,3.071,7,6,5,1
7,1,5,7,1,5,4,5,6,4,2,2,7,2.791,5,7,7,0,3.23,4.472,0.0,6,2.499,0,1,4.157,3,1,2.837,5.42,6,-0.267,3,3.126,3.0,6.34,0,6,7,2.792,2,2,2,6.233,6,6,4,1
1,4,3,7,0,6,3,7,3,2,5,5,1,0.616,4,7,7,3,1.482,1.205,0.0,6,-0.383,4,6,1.478,0,1,2.877,1.84,7,-0.328,0,1.788,0.0,4.52,4,0,4,1.515,5,7,1,4.552,6,7,4,0
0,6,2,3,0,1,6,6,7,1,6,0,2,1.869,6,6,6,6,1.224,5.344,0.0,7,1.607,4,2,1.774,1,1,0.57,0.57,4,0.843,1,1.675,0.0,2.01,2,1,3,0.643,7,1,2,1.081,6,0,3,0
6,2,1,3,0,2,0,3,1,2,5,4,2,0.915,4,4,3,6,0.566,0.51,0.0,5,1.387,0,2,0.78,4,4,1.431,3.99,4,-0.285,2,-0.311,0.0,5.5,6,4,3,3.473,7,1,0,-0.587,2,5,7,0
3,1,5,2,1,2,3,5,3,1,0,1,4,4.214,1,2,1,2,2.936,0.121,0.0,5,2.845,4,4,0.618,3,6,3.887,1.95,1,0.048,2,3.044,2.0,3.28,5,0,6,4.936,4,0,6,3.186,4,5,7,0
2,5,3,3,0,5,5,4,6,0,7,7,4,-4.577,2,6,3,4,0.519,-3.109,0.0,3,2.096,2,1,1.119,7,7,0.449,0.67,1,-1.042,6,1.242,0.0,3.76,6,4,3,2.094,7,5,5,2.743,4,2,2,0
0,4,7,5,0,3,3,6,5,0,4,4,0,-0.448,2,2,6,5,1.111,0.704,0.0,5,0.793,5,7,2.976,6,2,3.436,1.68,7,0.072,0,1.521,1.0,5.1,6,7,7,2.665,4,2,1,1.229,0,1,6,0
2,5,2,4,1,1,6,2,2,0,1,1,7,4.873,1,3,6,4,3.051,2.538,0.0,0,3.393,1,6,2.56,4,7,3.168,3.02,5,-0.497,6,3.305,2.0,4.12,5,5,7,2.07,7,2,0,4.314,6,7,2,0
5,0,0,5,0,4,3,1,1,5,4,1,0,2.559,5,0,2,2,0.888,1.301,0.0,7,1.199,5,7,5.059,2,7,-0.739,3.64,2,0.254,7,0.574,1.0,2.19,4,3,2,-4.128,1,6,7,0.447,5,0,1,0
5,0,1,2,0,7,3,7,3,2,7,3,3,1.208,5,0,7,7,1.255,1.548,0.0,6,1.608,2,4,1.949,0,3,1.982,4.83,4,0.6,1,1.599,1.0,6.55,5,7,6,-1.577,4,6,1,2.392,0,7,0,0
3,0,4,1,0,3,6,3,4,1,4,6,3,0.67,2,7,5,6,0.778,1.463,0.0,6,1.0,0,4,5.889,0,6,-0.202,1.91,1,0.153,0,-0.187,1.0,3.39,4,7,3,-2.776,3,4,3,1.43,3,6,1,0
2,6,5,6,1,0,4,3,2,0,1,5,1,4.523,6,2,2,0,4.841,9.233,0.0,4,4.267,3,0,0.165,1,7,3.496,4.98,6,1.041,0,4.19,3.0,8.11,5,7,2,5.952,5,3,5,3.413,7,2,5,1
5,6,5,6,0,1,2,5,2,0,4,0,4,2.165,3,4,2,5,1.815,1.567,0.0,3,0.957,1,3,-0.189,4,2,2.001,4.27,1,-1.513,3,2.356,1.0,2.48,7,1,0,-0.876,5,5,2,4.063,3,5,6,0
6,2,0,1,0,4,2,7,2,4,3,7,2,3.683,0,1,5,7,1.948,0.58,0.0,7,2.787,5,5,4.689,1,1,1.506,2.94,0,-1.561,2,2.038,1.0,6.06,7,7,5,2.852,2,2,2,7.712,7,6,4,0
3,5,2,3,1,3,2,7,6,3,2,1,6,4.834,5,4,1,4,1.896,2.423,0.0,7,1.598,0,7,-1.138,1,6,3.505,2.67,2,-0.713,1,1.862,1.0,4.95,5,5,5,4.221,7,6,5,2.472,4,6,1,0
2,3,3,3,0,1,0,1,3,2,0,5,3,5.774,5,4,1,5,-0.017,1.533,0.0,2,-1.544,0,5,1.596,5,1,0.082,2.46,1,-0.066,0,-0.07,0.0,3.19,1,0,6,-0.397,6,2,6,1.897,0,3,3,0
3,4,2,3,0,3,4,0,0,7,3,7,7,-1.133,1,0,3,7,1.158,2.545,0.0,5,2.042,0,7,0.837,2,4,0.386,2.15,7,0.402,0,0.806,1.0,4.84,2,1,2,1.153,0,6,7,0.617,4,6,2,0
3,1,1,5,0,1,7,0,7,2,2,0,1,3.236,4,6,1,4,0.736,-1.831,0.0,3,1.752,3,7,3.215,1,0,2.863,1.12,1,-0.935,4,1.265,0.0,5.04,7,5,6,0.507,4,0,7,-0.033,7,4,6,0
3,6,5,2,0,3,7,3,7,5,6,4,7,-2.679,5,2,6,6,0.006,-2.26,0.0,7,-1.436,6,2,0.505,0,7,1.18,2.67,6,0.79,2,-0.858,0.0,5.25,2,7,7,1.674,0,4,7,2.519,1,7,3,0
7,5,5,1,0,5,4,3,6,3,0,6,4,-2.411,3,0,3,7,0.902,3.128,0.0,1,0.035,4,4,-0.758,5,2,0.242,1.5,2,0.604,3,-1.292,0.0,7.51,7,3,5,-1.121,6,6,7,0.377,7,2,2,0
3,1,4,5,1,2,3,4,3,6,4,6,5,8.495,6,2,2,1,6.385,5.163,346.81,1,6.601,6,4,5.601,3,2,6.449,3.99,7,-1.727,5,6.816,4.0,8.46,1,0,4,8.803,2,7,2,8.905,7,0,6,1
6,3,7,5,1,2,7,0,7,4,7,6,3,0.779,3,2,0,7,2.179,1.635,0.0,2,2.024,0,1,0.153,7,6,4.413,1.21,0,0.562,0,3.05,1.0,3.47,6,7,1,-0.351,4,0,1,3.658,0,2,3,0
6,3,5,3,0,3,4,1,5,1,5,1,2,0.742,3,1,3,1,1.446,3.166,0.0,6,1.107,3,7,2.465,7,7,0.679,3.42,3,0.518,0,1.075,1.0,2.95,3,7,1,-0.232,2,5,7,0.619,5,2,7,0
1,5,4,5,0,3,6,6,1,0,6,0,1,-0.528,3,2,1,0,-0.154,-1.855,479.55,5,-0.086,2,4,3.109,6,0,-0.658,5.61,1,0.242,6,0.106,1.0,7.69,1,3,2,-0.185,3,0,7,-1.651,7,7,5,1
3,5,3,4,0,4,1,4,4,7,4,5,6,3.422,3,7,3,3,1.893,1.703,0.0,3,0.334,6,0,-0.325,5,3,-2.646,4.39,4,-0.602,2,1.33,2.0,2.87,2,3,2,4.86,1,0,1,1.536,0,7,4,0
6,5,4,7,0,7,7,5,5,0,5,3,2,2.247,4,1,6,7,0.056,0.58,0.0,2,0.963,4,1,-1.57,7,1,0.802,3.79,3,-0.533,5,-0.164,0.0,6.47,5,1,5,3.366,1,5,7,-1.727,0,3,1,0
4,4,7,6,0,5,4,0,0,1,0,6,6,2.614,6,5,1,0,0.122,2.235,0.0,3,0.588,5,1,-0.303,4,1,-0.534,3.76,1,-0.105,1,0.339,0.0,1.67,4,6,7,0.952,7,6,4,-2.088,0,0,5,0
2,4,5,1,0,0,0,1,6,2,2,2,0,4.601,0,7,3,2,1.473,4.552,0.0,2,2.159,1,4,4.127,3,3,2.602,4.29,1,-0.153,6,0.149,-0.0,3.29,6,2,5,-1.762,3,0,5,1.761,4,1,7,0
7,3,1,2,1,1,4,2,2,7,6,3,0,5.868,3,7,5,7,3.896,4.982,247.66,6,4.018,0,5,3.027,4,6,6.143,1.61,4,-0.439,3,3.87,3.0,6.63,5,1,6,7.796,6,0,1,-1.783,0,1,5,1
0,6,0,6,0,6,0,6,4,3,3,3,3,-0.799,2,3,1,4,1.194,-1.323,0.0,7,-0.987,2,5,2.385,2,1,1.119,2.98,5,-0.378,3,1.253,1.0,3.44,3,7,7,2.564,4,2,0,1.594,5,7,1,0
7,3,1,4,0,3,7,4,1,5,0,3,5,2.106,2,7,6,6,2.097,2.411,0.0,7,2.193,3,0,-1.38,7,7,0.951,1.88,0,0.624,6,1.885,1.0,3.83,4,4,0,-4.244,0,5,7,-0.719,1,1,3,0
6,4,1,4,1,0,4,3,2,1,4,5,7,3.368,7,2,3,0,6.838,8.932,155.84,1,7.575,5,0,8.556,7,1,5.111,3.05,4,-0.085,5,5.8,4.0,7.64,5,0,5,9.059,6,3,6,8.905,5,0,5,1
4,7,6,2,0,1,6,6,1,0,5,3,5,3.833,6,3,5,3,0.204,1.126,0.0,7,1.274,5,7,1.466,1,2,0.629,0.74,7,-0.07,5,2.323,1.0,2.03,0,5,3,2.246,6,7,7,1.139,3,3,5,0
3,7,3,0,1,0,1,5,6,0,1,2,1,2.786,1,7,1,0,2.089,5.233,0.0,6,1.36,6,3,1.311,7,0,1.794,6.12,5,-2.062,1,0.64,1.0,0.75,3,1,7,5.124,6,5,5,0.65,4,0,5,0
2,0,2,5,0,6,7,4,3,2,4,3,1,-1.35,4,0,5,3,-0.414,-0.367,0.0,5,0.354,5,3,0.313,4,1,1.71,2.03,4,-0.465,3,0.553,-0.0,3.99,0,6,7,6.213,7,2,0,3.033,6,2,7,0
2,1,5,4,1,3,2,0,0,3,0,0,7,2.013,4,6,3,6,3.546,3.234,92.48,5,2.661,6,5,4.768,0,4,4.12,1.81,5,-0.535,0,3.265,3.0,7.28,3,6,2,5.469,6,3,0,4.446,3,6,5,1
5,0,1,2,1,1,2,5,6,7,6,1,3,4.461,0,3,5,4,5.045,5.561,386.85,0,2.694,4,0,7.085,0,6,3.02,3.63,4,2.783,0,4.917,3.0,7.47,3,6,6,5.254,5,0,1,3.018,4,0,0,1
7,2,6,3,0,3,4,0,2,4,7,2,0,-1.038,1,5,0,3,0.808,1.081,0.0,7,2.105,1,6,-2.85,1,3,1.071,2.91,7,-0.588,0,-0.548,1.0,2.97,0,4,1,-0.202,4,2,4,4.08,1,0,1,0
7,6,7,5,0,5,5,7,1,2,7,1,6,1.427,5,0,4,7,1.246,0.418,0.0,6,1.263,5,4,-0.05,6,1,0.414,6.54,5,-0.006,1,0.923,1.0,4.37,7,6,0,2.671,7,1,6,-1.643,0,1,1,0
4,4,7,1,0,7,1,4,5,3,1,1,7,0.605,3,0,3,7,0.899,2.739,0.0,7,-0.364,7,0,4.284,4,7,3.227,4.26,6,0.467,4,0.226,1.0,5.13,5,1,3,-0.832,7,1,0,-0.755,3,2,0,0
1,1,0,5,0,5,7,5,1,7,2,7,0,-0.945,2,7,6,2,1.247,-2.026,0.0,6,-0.641,7,5,2.118,0,0,-0.199,3.08,2,0.046,5,1.83,1.0,3.13,3,5,7,4.669,6,4,3,-1.595,2,2,5,0
3,6,6,0,0,1,3,1,2,4,0,4,0,-0.271,5,2,4,5,0.687,1.477,0.0,7,1.338,2,3,2.645,4,0,0.005,3.37,5,0.189,5,0.622,1.0,10.78,4,0,3,-1.165,6,0,3,-0.438,5,6,4,1
0,1,5,2,0,7,6,0,1,1,1,3,5,3.191,3,6,2,7,0.672,1.389,0.0,1,1.189,5,4,1.082,0,6,-2.213,1.37,7,0.855,3,0.102,-0.0,2.37,1,7,4,1.21,6,4,0,4.063,2,5,4,0
3,4,3,3,1,2,6,6,7,7,0,1,4,3.108,1,0,1,2,4.719,-0.873,0.0,1,4.312,7,1,2.707,4,1,3.69,1.87,4,0.238,3,4.593,2.0,4.2,7,5,0,2.725,4,1,5,5.464,5,2,4,0
5,4,1,0,0,2,3,3,6,2,1,5,5,1.094,0,1,0,1,0.458,-1.809,0.0,3,1.184,3,3,2.156,5,1,-0.708,1.51,6,-0.686,0,1.552,0.0,2.95,5,1,0,2.505,1,1,4,3.531,4,5,2,0
6,4,5,1,0,2,6,5,1,5,7,7,6,1.432,1,4,3,7,0.683,-1.434,0.0,7,0.916,2,5,-2.805,6,3,2.69,2.94,7,0.903,2,0.567,0.0,3.03,4,2,6,-2.594,1,4,5,-0.285,2,2,1,0
5,7,5,6,0,1,3,6,4,3,6,2,4,-2.124,7,3,2,6,0.563,-2.579,0.0,6,1.576,7,6,1.894,5,2,0.568,1.1,2,-0.046,7,1.254,0.0,3.02,7,5,5,2.107,4,4,4,1.446,6,0,2,0
4,4,2,7,0,5,7,7,0,7,6,7,4,-2.159,1,2,2,1,1.914,4.315,0.0,4,1.48,5,6,3.675,7,2,1.804,0.79,4,-2.7,7,2.456,2.0,6.03,0,7,1,3.888,4,1,4,5.406,0,3,0,0
5,4,7,5,0,4,1,3,1,5,0,4,1,3.588,1,3,5,6,0.462,4.256,0.0,4,2.645,0,6,3.601,0,5,0.731,1.42,4,-0.714,5,1.429,1.0,2.32,1,5,7,3.728,6,2,5,0.18,3,5,3,0
6,5,0,3,1,2,7,1,7,4,5,6,5,1.638,1,2,3,0,1.708,2.459,0.0,1,1.01,0,6,1.305,3,6,4.036,1.88,0,-1.015,3,1.754,1.0,5.37,2,0,2,2.543,4,3,1,-0.844,5,2,1,0
5,3,3,1,1,0,0,4,1,3,7,0,2,1.313,5,1,5,1,2.293,0.964,0.0,3,2.862,2,2,0.874,4,7,2.116,3.1,6,-0.83,6,1.961,1.0,6.18,6,0,7,0.061,2,3,6,1.067,1,2,6,0
2,5,1,2,0,4,1,3,7,6,3,4,5,-0.448,0,2,4,6,1.03,-2.334,0.0,4,-0.1,6,2,0.399,0,0,1.113,3.18,3,0.001,7,0.668,1.0,4.34,1,3,6,1.066,1,0,5,4.145,4,0,1,0
6,6,2,1,1,6,0,3,4,6,6,0,3,4.761,4,2,4,3,3.932,3.556,0.0,1,5.213,4,1,5.713,2,4,2.683,4.57,1,0.71,5,3.652,2.0,8.56,0,1,7,3.482,0,3,2,2.797,0,3,7,1
5,1,7,6,1,7,7,4,6,0,4,0,3,5.786,1,1,3,7,4.437,7.738,0.0,6,3.846,0,0,3.926,1,3,5.382,4.38,3,-0.124,2,4.573,2.0,5.17,7,4,1,5.62,2,1,6,4.16,0,0,5,0
7,3,6,6,0,4,3,2,6,2,1,1,7,5.075,5,1,4,1,1.082,2.396,0.0,0,0.268,5,4,3.687,7,0,4.908,4.32,7,-1.003,1,1.206,1.0,4.99,5,6,2,-0.077,0,4,6,-0.475,3,3,4,0
0,1,1,3,0,1,0,6,6,3,7,1,0,3.011,0,2,3,5,0.156,4.986,0.0,5,-0.797,1,6,-1.731,5,7,0.161,1.5,0,-0.264,2,0.81,0.0,3.72,0,4,7,4.622,6,2,2,0.704,4,1,1,0
7,6,3,5,0,3,1,4,6,1,7,0,2,2.762,3,0,3,3,0.843,0.141,0.0,0,0.377,1,3,4.773,5,1,2.266,3.42,1,-0.16,6,1.579,0.0,5.07,5,6,1,-0.421,5,7,0,3.633,6,5,0,0
5,7,7,6,0,7,4,7,2,0,4,2,2,-1.819,1,7,0,5,0.45,0.094,0.0,5,0.17,3,7,1.394,3,6,-1.223,1.01,2,-1.669,1,1.304,0.0,4.15,7,4,7,2.309,2,1,5,0.225,4,5,3,0
7,6,3,0,0,4,1,4,0,6,2,7,3,2.095,3,4,2,4,0.922,1.383,0.0,4,-1.645,1,1,2.852,1,3,0.695,2.96,1,-0.205,7,1.467,-0.0,2.98,7,2,7,-1.435,7,7,6,4.275,1,0,5,0
6,0,4,2,0,6,3,6,6,3,7,5,3,2.014,1,0,0,6,1.321,-1.492,0.0,0,0.088,2,4,-0.092,4,3,3.395,4.31,0,0.395,6,1.771,-0.0,4.99,1,1,6,2.422,3,0,2,-2.507,6,6,3,0
3,7,3,1,1,0,7,1,4,3,3,2,6,-0.759,4,3,3,2,2.222,1.284,0.0,0,2.457,2,2,5.334,2,2,1.394,2.88,6,-0.467,4,1.764,1.0,5.58,4,2,2,2.632,0,5,7,3.569,6,1,0,0
3,1,5,5,0,7,4,4,5,1,4,3,0,2.935,6,1,5,1,2.016,0.531,0.0,3,1.704,3,1,1.873,1,2,1.765,4.8,1,-0.157,3,1.911,1.0,6.5,4,6,2,3.897,6,0,3,0.959,0,4,5,0
5,5,6,6,0,3,4,4,6,1,2,6,6,-3.35,5,1,7,0,0.734,0.33,0.0,1,0.307,5,6,1.219,1,4,1.296,2.02,5,-1.258,5,0.724,1.0,5.45,7,5,4,2.648,5,1,6,-0.23,3,6,1,0
3,2,0,6,0,7,7,2,4,2,3,3,3,-1.597,4,7,0,6,0.263,1.091,0.0,7,-2.202,4,7,3.78,1,5,1.545,2.18,4,-0.451,5,0.868,1.0,2.12,7,4,0,5.949,7,1,2,0.171,5,4,7,0
7,6,2,5,0,1,7,1,6,7,1,3,7,3.707,2,3,7,2,2.076,3.335,0.0,7,1.594,1,3,4.997,6,2,2.857,3.84,0,0.681,4,1.04,1.0,7.12,3,7,5,3.337,0,2,6,2.108,7,4,7,0
2,4,7,6,0,3,5,6,5,4,6,1,5,1.707,2,6,6,0,1.272,0.869,0.0,0,1.966,2,2,0.012,6,4,1.248,2.34,0,0.833,0,1.832,0.0,3.79,6,7,7,5.613,7,7,3,1.689,0,5,3,0
2,1,7,7,0,4,0,2,5,4,4,7,5,-3.427,7,7,5,1,-0.258,-0.704,0.0,3,-0.125,0,6,0.119,7,6,2.969,1.98,3,2.487,4,1.263,1.0,0.83,3,1,2,1.412,1,2,3,0.967,4,6,3,0
1,5,5,3,0,2,0,6,0,3,1,5,4,-0.866,1,6,6,1,0.734,1.139,0.0,3,0.219,4,3,1.678,5,3,0.696,4.15,6,-0.273,2,-0.348,1.0,6.44,0,0,1,-1.301,2,2,2,-1.733,6,2,1,0
6,3,1,1,0,5,2,7,7,3,1,6,1,-1.398,5,5,7,1,1.456,-1.564,0.0,2,2.246,6,7,1.841,6,5,3.072,3.68,1,-0.171,5,1.84,1.0,4.75,1,7,5,0.381,1,2,5,-0.671,2,6,3,0
1,0,4,2,0,1,7,1,6,1,5,5,0,1.065,0,3,0,0,1.553,2.576,0.0,4,2.882,7,4,6.125,0,2,0.749,2.1,7,-1.377,2,2.601,1.0,3.51,3,7,5,3.212,3,0,7,-1.466,5,0,6,0
5,4,5,4,0,6,4,6,7,5,7,4,7,-0.281,4,5,7,4,1.828,-0.06,0.0,3,0.537,6,2,0.638,1,6,1.624,2.62,6,-1.086,4,1.095,2.0,5.87,6,3,2,0.82,7,3,6,0.153,4,7,4,0
0,6,1,1,1,0,7,0,7,3,7,7,3,-0.034,4,7,7,5,2.769,0.797,0.0,2,1.986,7,5,2.508,1,5,2.156,3.71,0,-0.264,6,2.641,2.0,2.39,4,7,0,2.248,4,0,0,0.261,4,2,3,0
3,2,7,4,0,2,2,0,6,4,6,0,5,1.325,5,0,3,6,1.88,5.999,0.0,0,3.18,5,0,2.1,1,4,3.049,2.9,2,-0.049,3,1.749,2.0,4.12,5,3,6,2.245,2,6,5,0.615,6,5,2,0
0,6,2,5,0,6,7,6,1,5,1,6,4,0.256,7,1,4,4,0.458,-0.838,0.0,2,0.591,1,1,0.836,5,0,1.09,1.51,6,-0.689,1,0.96,1.0,4.97,6,4,5,-0.566,6,1,4,0.604,5,1,1,0
6,2,0,1,0,5,4,0,1,4,3,7,6,3.559,4,4,0,7,2.285,1.753,0.0,6,-1.204,2,2,0.181,1,0,2.234,2.11,3,0.315,5,2.215,1.0,0.94,2,2,7,4.011,0,6,7,7.369,4,4,1,0
6,3,6,5,0,5,7,1,4,5,3,3,4,1.17,3,4,5,5,0.48,1.668,0.0,6,-0.634,3,6,2.676,1,1,2.237,3.46,6,0.155,2,0.559,0.0,5.66,1,0,1,-3.694,3,2,2,0.684,0,3,2,0
7,3,7,1,0,0,1,6,0,4,1,2,1,1.689,5,2,6,3,1.258,0.96,0.0,6,0.799,2,5,1.795,2,6,2.295,3.72,0,-0.664,5,1.115,1.0,1.47,2,5,1,-0.702,0,3,5,-0.983,3,0,5,0
5,5,1,2,1,6,7,5,2,5,4,0,6,3.967,0,2,1,2,4.712,6.284,101.08,2,3.391,1,0,3.941,2,7,4.383,6.04,4,0.593,7,4.258,2.0,6.81,2,5,6,3.806,3,4,6,8.167,0,2,6,1
6,2,7,3,0,1,0,5,3,4,0,3,0,2.723,6,5,1,1,1.152,-0.345,0.0,3,0.449,7,5,1.561,3,7,1.047,2.4,3,-0.792,0,1.637,1.0,2.58,7,1,0,0.371,7,6,0,1.462,0,7,5,0
6,4,0,3,0,2,0,6,4,7,4,7,3,-0.459,2,6,0,4,0.338,1.42,0.0,5,-0.565,7,2,-0.283,2,6,3.142,4.37,1,0.497,5,-0.445,0.0,0.97,7,5,3,-1.896,3,7,0,-0.518,1,2,1,0
6,0,0,7,1,0,6,2,7,6,7,7,0,2.978,6,5,3,3,2.105,4.423,0.0,0,2.461,4,2,1.591,6,4,-0.291,4.76,6,-0.724,1,2.708,2.0,6.47,7,2,3,4.459,1,1,7,3.479,1,5,7,1
1,7,2,5,0,1,3,7,1,5,0,6,0,-4.986,2,7,2,1,0.638,-1.366,0.0,7,3.505,7,0,2.797,2,4,0.922,4.77,4,-1.195,2,0.972,2.0,6.18,0,2,1,-1.307,6,3,7,-1.753,2,0,4,0
4,2,0,2,0,6,7,3,6,3,7,6,0,3.221,2,5,1,1,1.169,2.417,0.0,1,1.33,2,7,-0.337,5,2,0.57,1.19,1,-0.442,5,1.942,1.0,3.58,3,6,4,4.621,2,5,2,1.168,6,6,2,0
0,1,3,6,0,5,3,0,6,1,7,1,2,0.57,5,5,0,3,2.124,1.609,0.0,5,0.807,5,6,4.123,1,6,5.238,3.76,6,-1.264,1,2.735,2.0,4.78,7,1,7,4.134,6,3,0,4.932,3,7,7,0
5,7,0,1,0,0,3,6,6,2,4,7,6,-1.607,5,6,1,2,0.909,-0.725,0.0,2,0.062,6,7,1.63,7,6,2.04,3.69,1,0.298,6,1.58,1.0,5.57,2,2,2,1.896,7,1,2,-1.294,0,0,3,0
3,1,4,7,0,6,4,7,0,7,3,5,4,-2.074,3,4,1,6,0.476,-0.432,0.0,4,-0.253,2,1,-0.917,6,6,0.047,0.91,5,-0.204,6,0.938,-0.0,4.58,5,4,2,0.561,0,4,1,0.854,2,7,5,0
2,4,5,3,1,5,6,6,3,3,4,0,7,4.29,1,6,6,1,4.077,3.292,0.0,1,4.882,2,2,2.255,1,0,2.686,4.65,0,0.216,6,3.815,2.0,2.75,3,4,5,4.192,1,2,6,5.434,7,3,5,0
1,2,4,1,0,1,5,4,5,4,1,5,4,2.136,6,5,0,2,0.997,3.899,0.0,7,-0.583,4,2,-0.058,5,4,2.546,2.3,4,0.31,7,1.353,-0.0,1.26,6,7,3,0.79,2,2,2,2.261,1,4,3,0
6,1,6,3,0,1,7,1,4,6,0,5,5,0.187,2,4,3,7,1.417,0.859,0.0,4,-0.447,0,0,2.221,0,1,0.88,3.47,6,0.294,2,0.153,1.0,4.39,7,3,5,2.478,5,3,3,0.409,3,7,5,0
3,0,7,5,1,2,5,6,0,1,1,5,6,4.441,6,2,1,4,2.277,1.197,0.0,2,0.629,2,1,2.74,5,2,0.081,3.36,6,-1.552,1,2.85,2.0,8.92,1,6,6,1.95,6,1,6,6.272,3,1,4,1
0,6,7,7,0,4,6,3,3,2,2,3,0,1.634,3,5,6,1,0.754,0.29,0.0,5,2.455,0,7,2.675,1,0,2.391,2.75,3,0.77,0,2.073,2.0,2.16,1,4,6,2.224,6,7,0,1.742,4,5,4,0
2,7,6,5,0,7,4,0,1,3,4,3,0,5.827,6,6,4,2,2.113,3.534,0.0,5,3.648,1,7,6.771,1,2,0.671,2.0,1,-0.134,0,1.28,0.0,2.82,6,2,7,-0.324,5,0,5,-3.962,2,5,6,0
6,2,1,4,0,6,4,3,7,2,4,4,4,2.709,4,7,4,6,1.412,4.171,0.0,2,1.426,1,2,-0.003,1,0,-0.599,2.53,2,-0.587,6,1.007,1.0,6.39,7,3,1,5.076,3,7,6,1.354,4,0,5,0
7,5,2,0,1,2,6,5,0,2,0,1,4,2.441,6,5,4,1,2.875,5.443,0.0,0,1.732,5,2,3.213,3,6,3.367,2.99,7,-0.881,2,3.025,2.0,4.87,2,7,2,3.826,2,7,3,3.191,5,1,7,0
0,7,5,3,0,6,0,5,3,0,4,0,0,0.312,3,6,6,1,1.8,5.83,0.0,1,0.693,0,0,3.471,0,2,-0.169,2.47,5,1.125,3,1.339,1.0,3.65,2,1,4,1.346,0,6,7,-0.012,7,3,5,0
1,2,2,2,0,1,2,0,2,5,1,6,2,2.848,7,0,2,1,0.935,4.065,0.0,4,0.148,0,5,-1.919,1,7,2.518,1.06,3,-0.121,1,1.512,1.0,1.44,3,3,2,0.285,5,1,7,4.555,2,1,6,0
3,2,1,6,0,0,2,1,0,7,7,2,6,3.517,2,6,6,4,0.313,-3.541,0.0,1,0.425,5,1,-1.832,4,7,0.77,2.25,6,-0.598,3,1.667,1.0,4.39,1,5,1,0.066,4,6,1,2.685,1,6,1,0
1,7,6,1,0,3,3,1,3,6,7,2,3,4.011,2,3,6,5,1.299,0.156,0.0,7,2.027,0,4,4.025,7,6,1.328,3.43,3,0.421,5,1.303,1.0,5.55,1,4,2,-0.185,4,1,4,0.672,2,3,1,0
6,1,6,3,0,6,5,1,6,4,1,1,5,0.018,5,1,2,3,0.882,0.636,0.0,4,0.736,0,2,1.39,1,2,2.313,2.4,4,0.342,3,1.632,1.0,3.29,1,1,7,1.751,0,0,6,5.243,7,0,1,0
3,5,2,0,0,1,3,1,0,5,7,1,6,0.493,1,6,4,4,0.866,3.27,0.0,2,0.123,4,2,-0.495,2,0,2.541,3.32,5,-1.929,1,-0.141,-0.0,4.23,0,1,2,3.087,0,5,0,1.659,5,1,1,0
3,0,6,6,0,2,0,1,7,4,5,6,5,-3.014,5,6,0,1,1.224,3.29,0.0,6,1.616,6,3,5.693,5,4,3.679,-0.36,0,2.183,0,1.251,0.0,2.4,1,2,5,0.019,4,3,2,1.472,7,5,2,0
6,3,3,4,0,2,1,3,6,3,5,3,2,3.734,2,5,7,1,1.165,3.591,0.0,4,0.77,5,0,1.715,3,4,0.591,1.58,7,0.816,6,0.831,1.0,3.37,2,0,4,0.225,2,2,4,1.46,7,2,7,0
7,4,2,6,1,5,3,1,6,1,5,1,7,0.45,7,4,6,7,3.358,1.91,0.0,4,2.974,7,1,4.467,4,4,2.812,3.05,0,1.523,1,3.03,2.0,8.87,3,0,1,7.504,4,3,3,1.668,2,2,7,0
2,5,2,1,0,7,3,2,5,1,2,7,7,-0.852,3,2,6,2,0.472,2.651,0.0,3,-1.668,5,0,-2.446,5,6,2.288,3.95,5,-0.781,4,-0.402,-0.0,3.35,5,7,7,0.27,7,0,4,-1.211,6,5,0,0
5,4,5,3,0,5,4,3,6,0,1,2,7,1.542,1,1,3,3,0.088,1.494,0.0,5,1.04,1,6,2.548,2,2,0.181,4.33,3,-0.159,1,1.59,0.0,1.15,5,4,2,-1.608,7,2,6,-1.746,6,6,2,0
7,4,0,7,0,5,3,0,2,0,1,2,6,1.806,5,2,5,1,0.625,0.712,0.0,0,-0.235,4,2,2.9,0,7,0.491,3.25,1,-0.275,3,0.684,-0.0,3.87,5,5,0,0.936,0,0,3,1.854,3,6,7,0
6,3,6,1,1,7,0,6,4,0,1,7,0,7.601,4,2,2,0,3.198,5.111,0.0,4,2.552,5,3,5.792,0,7,1.669,3.12,5,-0.146,3,2.795,2.0,3.95,7,7,1,1.945,2,0,1,4.273,5,2,7,0
0,5,0,0,0,1,0,6,5,3,7,4,2,1.328,4,0,0,6,0.994,1.609,0.0,4,-0.04,7,5,-2.191,2,6,0.673,-0.77,0,0.059,2,1.26,0.0,4.34,1,1,7,3.877,6,1,0,-0.528,5,2,6,0
0,5,2,7,0,3,2,1,3,6,4,0,1,2.773,2,5,6,2,1.233,1.915,0.0,0,0.102,5,6,0.204,6,5,-0.234,5.51,2,1.419,2,1.511,1.0,2.23,4,7,2,1.279,3,3,7,0.836,0,1,7,0
0,1,1,2,0,4,0,5,6,5,7,4,6,1.264,6,6,2,3,-0.183,1.224,0.0,6,-1.863,6,4,1.013,5,6,0.56,2.18,2,0.216,5,0.109,-0.0,3.62,7,0,3,1.635,4,5,7,3.044,7,2,1,0
4,3,2,0,1,6,6,5,5,0,2,4,5,5.562,3,6,7,3,3.25,4.713,0.0,1,2.425,1,1,2.674,7,3,2.667,3.1,2,-0.367,5,2.852,2.0,4.43,6,5,4,3.299,6,7,0,3.219,0,0,1,0
0,5,0,6,0,5,3,7,2,4,7,1,2,2.883,3,7,0,0,2.049,3.333,0.0,5,2.404,1,6,3.937,7,4,4.915,2.22,0,0.895,7,2.45,2.0,3.51,1,7,6,7.483,1,6,7,2.363,1,7,6,0
3,7,7,4,0,6,2,5,4,7,3,1,2,-2.042,5,5,0,5,0.717,3.212,0.0,0,0.463,7,7,4.051,5,1,3.101,3.63,3,1.834,1,0.705,1.0,1.17,0,6,7,1.146,6,1,6,-3.472,7,7,4,0
4,3,5,2,0,1,4,7,4,4,7,0,2,-0.731,6,5,6,1,1.54,2.516,0.0,5,1.447,6,1,-0.941,3,3,3.615,2.72,0,-0.202,2,1.824,0.0,3.84,0,6,4,4.189,5,0,0,1.221,4,2,2,0
4,5,3,6,0,0,6,7,3,1,0,1,7,1.76,2,5,3,7,0.113,0.275,0.0,0,-0.856,0,2,-2.141,1,0,1.425,1.51,6,0.682,4,0.157,1.0,1.25,2,1,0,0.754,3,5,6,2.091,5,7,7,0
3,4,7,1,1,0,5,7,2,3,2,2,3,3.076,0,3,0,4,3.347,4.136,0.0,6,2.824,6,6,5.18,1,4,3.979,0.99,6,1.483,2,2.844,2.0,3.07,3,3,2,-0.622,1,5,2,1.26,5,5,2,0
4,2,1,0,0,5,5,5,3,2,7,1,2,1.367,6,7,6,7,-0.403,0.825,0.0,3,-0.574,1,3,0.891,4,0,0.995,1.99,7,-0.455,2,0.565,-0.0,2.72,4,3,0,-1.272,0,5,3,0.462,2,6,5,0
6,0,1,5,1,6,4,4,7,4,2,4,6,-1.946,1,1,5,5,2.487,7.009,0.0,7,4.99,1,7,-0.535,7,2,1.043,3.44,3,-0.68,5,2.812,1.0,3.79,2,6,4,2.383,7,7,6,2.226,2,6,4,0
3,1,2,6,0,0,0,1,3,2,4,0,1,1.426,2,2,5,1,1.159,-0.936,0.0,5,2.063,1,7,3.383,6,6,2.472,2.42,1,0.615,0,1.323,0.0,7.21,1,3,3,1.969,4,4,2,0.57,0,5,7,0
1,5,1,3,1,0,5,5,5,0,0,1,4,3.92,0,3,1,0,2.119,4.156,0.0,3,1.811,6,2,-0.608,3,5,1.355,1.45,5,0.477,1,1.788,1.0,7.58,4,7,7,-0.447,5,7,1,1.481,5,0,5,0
2,7,1,3,0,2,5,2,2,7,6,4,0,3.233,1,4,7,5,2.419,-1.985,0.0,3,0.873,7,7,0.994,0,0,4.428,2.01,3,0.314,1,2.281,1.0,2.69,0,5,6,0.71,4,5,2,1.86,7,7,3,0
0,7,5,0,0,0,5,6,2,5,3,5,7,0.915,7,3,6,4,0.684,4.802,0.0,3,-0.109,7,2,2.595,3,6,-1.81,3.21,2,-1.517,4,0.228,-0.0,3.99,5,4,1,-1.49,1,0,6,1.408,7,6,3,0
7,6,3,7,0,3,5,0,2,0,4,2,3,5.046,5,6,2,5,2.238,-0.711,0.0,2,2.902,6,0,4.938,2,2,2.444,3.06,5,0.122,0,1.32,2.0,2.45,6,4,4,3.986,6,4,0,1.502,6,7,2,0
2,6,0,3,0,2,4,6,3,7,1,7,5,0.436,2,1,7,5,1.585,2.093,0.0,6,-0.008,4,7,4.319,5,7,1.749,4.94,1,0.252,0,1.938,1.0,6.08,4,1,4,4.307,3,4,5,2.465,3,7,7,0
2,7,3,0,0,1,5,5,0,4,7,0,2,1.789,4,2,5,4,0.581,-0.434,0.0,1,-0.327,7,2,-2.591,4,0,-0.171,0.32,2,2.487,6,0.639,1.0,2.61,5,1,0,2.922,3,6,6,5.586,0,1,2,0
0,7,5,5,0,7,3,1,4,5,2,1,0,-0.948,7,4,4,7,-0.317,-0.704,0.0,7,-0.097,1,3,1.294,4,6,0.677,0.85,1,0.861,7,-0.569,-0.0,1.84,5,3,3,-4.6,7,5,2,-1.309,4,3,2,0
5,0,2,7,0,4,5,4,1,0,4,2,2,2.999,7,0,5,3,2.116,6.108,600.5,5,3.003,2,6,2.355,3,4,1.127,6.02,5,-0.262,6,2.543,1.0,7.72,6,0,1,3.869,0,3,4,1.781,5,7,3,1
3,6,6,7,0,1,0,5,0,3,3,5,6,3.377,0,4,6,2,0.87,5.133,0.0,6,-0.955,0,2,2.927,1,3,1.412,3.71,0,1.027,2,0.28,1.0,5.61,7,0,5,4.001,1,3,6,0.929,1,0,1,0
5,5,6,3,0,6,2,4,4,4,0,4,5,0.36,5,2,3,5,1.311,3.49,0.0,6,-0.95,1,7,-0.082,7,5,2.606,2.89,5,-0.371,3,0.601,0.0,0.2,6,5,7,1.165,2,0,1,-0.747,3,3,6,0
2,0,2,6,0,1,2,6,3,4,1,5,0,-0.299,0,7,3,4,2.326,0.321,0.0,0,2.026,3,3,0.638,2,0,-0.283,2.03,3,-1.197,6,1.581,1.0,4.73,7,7,5,2.66,7,2,4,0.255,4,7,6,0
7,4,4,7,0,0,4,7,3,2,0,3,7,4.452,2,5,3,0,2.582,2.899,0.0,6,2.007,4,3,3.888,6,3,3.23,5.4,2,1.48,5,2.081,2.0,2.76,0,5,3,5.758,6,1,0,1.671,6,3,2,0
1,3,5,0,0,0,5,0,5,5,1,0,0,1.561,3,2,7,3,1.164,-0.171,0.0,1,0.581,0,7,-1.022,2,5,4.614,2.65,1,0.6,7,1.781,0.0,0.82,0,2,3,-1.571,4,5,4,1.413,0,1,5,0
5,1,6,7,0,2,4,0,6,2,6,4,3,-1.045,4,1,3,1,-0.084,0.202,0.0,0,-0.555,3,7,2.03,1,6,-1.537,3.89,3,-0.46,5,-1.457,0.0,2.27,5,7,6,-0.225,3,6,6,2.097,0,1,3,0
5,5,7,5,1,0,7,1,5,7,1,2,7,1.58,6,6,6,5,2.509,5.238,0.0,4,2.091,2,5,3.829,7,3,1.309,3.02,7,1.936,7,1.988,2.0,4.04,2,6,0,3.652,2,7,6,-0.634,5,3,3,0
5,3,2,4,0,4,7,2,3,7,0,7,2,-0.488,5,7,5,7,-0.178,-1.339,0.0,7,0.045,2,4,1.501,0,3,-1.923,2.28,1,1.154,7,0.754,-0.0,4.4,0,4,6,-0.467,1,1,6,2.993,3,5,3,0
4,4,0,5,0,5,1,3,3,7,6,7,2,0.613,4,6,2,1,0.698,0.394,0.0,2,-0.691,3,7,0.106,3,3,-0.876,2.31,2,0.669,3,0.714,-0.0,1.97,5,2,1,0.259,6,0,0,-0.35,6,5,7,0
7,1,1,6,0,0,7,6,4,6,6,7,2,3.01,5,7,7,0,1.35,1.014,0.0,5,1.434,7,6,1.056,3,5,1.756,4.61,3,-0.051,0,0.993,1.0,4.67,3,0,1,-0.893,4,3,2,3.124,3,0,3,0
0,7,5,0,0,0,2,2,7,2,4,3,1,1.63,6,3,4,2,2.123,6.018,0.0,2,2.955,0,4,3.706,4,0,2.942,2.38,5,-0.097,1,2.074,1.0,5.72,7,0,5,0.938,1,7,2,3.732,5,0,1,0
5,6,1,4,0,3,7,7,1,6,2,4,5,-1.872,1,4,1,1,0.375,0.878,0.0,1,-2.214,5,6,0.121,1,2,-0.206,2.29,3,0.64,3,0.403,0.0,4.58,4,2,3,3.728,5,3,6,1.773,6,3,2,0
3,3,2,5,0,0,0,6,1,2,4,3,0,3.618,3,4,4,3,1.296,-3.092,0.0,3,0.75,6,0,-1.054,5,4,1.287,4.59,6,-0.506,3,1.268,1.0,5.62,1,1,5,-0.515,4,3,0,-0.133,3,0,5,0
4,5,4,7,0,0,3,3,1,3,7,1,6,0.08,2,5,0,6,0.946,4.223,0.0,6,0.265,1,7,-1.906,0,3,0.268,3.12,1,-0.661,5,2.596,1.0,7.46,1,1,7,-1.246,5,3,6,3.118,0,0,7,0
6,3,2,1,0,7,0,5,6,5,5,1,7,4.799,4,2,4,5,2.371,3.22,0.0,6,4.301,2,5,2.436,5,1,1.107,5.23,3,0.389,5,1.873,1.0,3.44,4,3,7,-1.181,4,1,4,1.126,0,6,4,0
3,5,5,6,1,7,2,5,7,4,2,4,7,-0.025,7,3,2,5,2.228,3.076,0.0,1,1.964,7,3,1.247,4,5,1.811,3.29,0,0.152,5,3.076,2.0,4.55,3,6,4,0.764,2,2,1,0.731,5,6,4,0
3,4,6,7,0,4,5,7,1,1,7,4,4,2.035,3,0,6,7,0.053,0.974,0.0,0,1.174,0,4,-1.165,5,3,0.345,1.14,0,0.553,2,-1.373,1.0,4.14,3,2,4,1.767,0,0,3,0.205,0,7,6,0
4,4,5,2,0,1,4,5,2,1,7,7,5,0.335,1,1,5,7,0.794,-0.066,0.0,5,0.07,5,2,3.578,2,4,1.511,3.97,1,0.517,3,1.038,-0.0,5.46,4,3,5,3.095,7,0,5,-1.314,4,7,2,0
0,0,1,7,0,7,1,5,1,0,3,5,3,3.396,6,2,3,7,0.023,2.621,0.0,3,0.833,6,0,-3.265,3,5,-0.572,2.0,3,-1.559,4,-0.267,-0.0,4.67,2,7,2,2.707,2,2,2,2.907,4,1,4,0
7,5,7,6,1,3,3,6,4,7,0,2,3,3.321,3,7,5,5,3.529,3.611,0.0,7,2.909,0,4,-1.083,5,7,0.62,2.95,7,1.671,4,1.642,2.0,8.79,0,6,5,4.201,4,2,1,1.233,1,6,5,1
4,7,7,0,0,5,0,6,7,2,0,0,4,-0.298,7,6,0,3,1.258,2.97,0.0,1,1.194,7,0,0.726,6,0,-0.292,3.79,3,0.47,5,-0.034,1.0,4.82,5,2,0,-1.795,6,2,3,1.673,7,6,2,0
7,0,5,4,0,0,3,2,7,7,7,7,5,0.136,0,5,7,2,2.058,1.857,0.0,1,0.89,6,4,-0.048,5,5,-1.434,0.38,1,-0.515,7,1.847,0.0,5.2,1,7,6,4.02,4,3,0,-0.737,6,5,0,0
0,7,0,3,1,2,6,4,5,3,1,4,0,0.78,3,1,6,7,2.588,4.238,0.0,0,1.864,1,0,2.464,5,0,-0.522,3.97,3,1.6,1,1.65,2.0,6.73,6,5,0,0.366,4,6,3,2.422,7,2,2,0
1,7,0,1,0,2,1,4,0,1,3,4,7,-0.38,2,7,2,1,0.031,-0.359,0.0,5,1.536,1,2,-4.164,7,5,-0.03,4.23,7,-0.104,2,-0.112,0.0,2.85,4,3,4,-0.855,3,6,1,0.742,1,6,0,0
0,5,0,3,0,1,2,3,7,5,1,0,6,2.57,5,3,6,6,1.612,-1.172,0.0,5,-0.36,3,6,3.024,7,0,0.131,2.7,4,1.625,0,1.28,1.0,4.83,4,3,4,-2.405,3,3,2,1.013,4,1,2,0
7,4,0,5,0,3,1,0,6,7,1,0,6,-0.252,1,2,5,0,0.07,-1.466,0.0,3,-1.556,6,0,-1.9,4,1,-0.517,3.41,0,1.444,3,-0.096,0.0,5.77,7,2,2,-1.857,2,6,7,-3.099,6,4,6,0
4,5,2,6,0,7,1,4,3,4,1,4,5,5.669,6,7,5,5,0.802,1.289,0.0,1,1.69,4,2,1.024,0,3,2.945,1.5,7,-0.687,6,1.027,1.0,6.49,2,1,6,2.461,7,1,1,3.081,1,2,1,0
6,0,0,7,1,0,5,1,3,7,4,1,7,2.722,7,7,3,0,2.679,-0.366,0.0,4,3.239,3,4,-1.818,3,2,3.231,3.88,7,-0.405,0,2.705,2.0,4.1,2,4,1,2.758,1,6,5,3.616,5,7,6,0
7,6,2,7,0,2,3,4,0,5,7,7,1,1.457,7,5,0,7,0.933,3.407,0.0,6,1.294,4,3,1.035,2,6,-0.98,3.62,7,-1.429,2,0.963,1.0,3.37,0,3,6,-1.2,7,1,0,-1.087,0,4,0,0
2,1,3,1,0,4,6,3,2,7,7,3,1,7.164,7,7,5,4,3.917,7.039,0.0,2,2.913,1,6,5.777,0,5,4.914,2.49,3,-0.168,1,2.724,2.0,2.5,4,4,0,5.389,4,4,5,0.448,2,3,7,0
2,6,5,6,0,0,0,5,7,2,0,0,0,0.99,3,0,6,0,0.563,2.753,0.0,0,0.658,5,1,2.157,5,3,2.11,2.32,3,-1.22,0,2.172,1.0,2.2,1,4,6,-0.523,4,7,5,2.4,2,6,0,0
3,2,2,4,0,3,5,7,7,5,4,1,7,-2.284,5,0,0,2,1.556,6.137,0.0,5,3.208,4,1,3.489,2,4,2.79,1.71,7,-1.784,3,1.285,1.0,5.02,6,0,6,-1.274,7,4,7,4.294,3,1,0,0
7,4,7,5,0,6,7,7,0,1,4,7,1,2.132,0,4,1,4,2.765,-0.131,728.65,6,4.71,1,2,2.247,1,5,6.091,3.51,7,-0.3,1,3.088,1.0,8.53,3,6,0,4.706,6,6,6,3.322,7,0,3,1
6,5,1,7,1,2,5,7,7,7,4,1,0,0.257,6,4,5,5,3.096,5.68,0.0,4,2.62,6,7,5.11,6,0,-0.827,2.44,5,0.094,5,3.695,2.0,4.99,0,6,7,1.801,1,7,5,0.906,2,4,1,0
7,6,0,6,0,1,6,2,0,6,4,7,4,1.724,3,3,4,1,0.596,-0.485,0.0,0,0.689,5,5,0.185,0,3,-0.74,1.49,1,1.899,5,1.045,1.0,4.73,0,2,2,-2.196,1,1,1,-1.132,5,2,7,0
7,3,6,6,0,1,1,0,1,1,1,7,1,-1.505,5,4,3,7,0.235,-0.051,0.0,3,0.557,7,1,4.698,7,2,1.348,-0.14,5,-1.849,1,0.902,1.0,4.77,0,1,6,0.318,0,2,1,0.541,5,0,7,0
3,2,0,6,0,6,4,7,3,6,1,6,1,-2.682,2,4,0,1,0.46,2.929,0.0,5,-0.171,0,4,0.674,5,3,1.204,1.75,2,0.903,5,0.262,1.0,2.28,5,0,2,-0.261,7,1,1,-1.856,1,0,4,0
5,4,7,2,0,4,1,4,3,0,5,4,5,-0.978,6,0,0,1,1.009,-1.794,0.0,7,1.302,7,4,1.216,1,4,2.462,3.69,7,-0.592,7,1.058,0.0,2.71,7,0,3,-0.66,3,1,4,2.138,0,1,2,0
0,3,4,1,0,5,5,0,0,5,5,4,0,1.869,6,2,2,2,1.617,-0.474,0.0,2,-0.252,6,7,1.345,6,3,1.318,2.42,4,2.143,3,0.796,1.0,3.7,1,3,2,2.072,3,6,0,-1.597,3,0,6,0
4,0,3,0,1,2,5,4,3,0,5,0,1,1.481,2,7,7,4,4.526,5.308,0.0,4,5.662,0,7,5.802,5,5,4.445,4.25,2,0.175,7,4.997,2.0,3.89,6,0,7,3.653,5,3,1,4.692,1,2,6,0
0,0,2,5,0,0,1,3,0,1,3,0,2,4.197,0,1,2,4,0.119,0.683,0.0,2,-0.277,3,1,2.965,3,3,1.299,4.99,7,-0.301,0,0.66,0.0,5.07,4,6,7,-0.526,5,3,1,2.245,5,4,7,0
3,7,6,6,0,6,4,6,7,0,6,4,2,-0.209,2,2,5,1,2.317,1.714,0.0,0,1.817,0,3,3.292,6,7,0.549,2.73,3,-1.093,4,1.29,1.0,2.25,1,1,2,6.517,0,0,1,-1.267,0,0,6,0
4,4,7,0,0,7,7,4,7,3,3,7,1,-0.445,7,7,4,0,0.474,0.363,0.0,5,1.671,5,5,-2.308,2,6,-1.037,1.61,5,1.182,0,0.108,1.0,6.43,7,6,7,-2.852,4,3,5,2.958,0,4,1,0
4,2,6,6,0,0,4,0,6,7,2,6,5,-1.533,4,1,0,4,1.489,5.328,0.0,2,2.002,3,3,-0.999,3,3,1.707,2.23,5,0.554,0,2.29,0.0,5.91,1,2,0,2.628,2,2,5,-2.42,2,5,4,0
1,5,0,5,1,2,3,2,6,0,5,0,3,5.512,4,0,7,5,2.454,1.753,161.11,1,1.447,1,5,2.114,7,4,4.071,7.26,1,-0.068,1,3.318,1.0,5.66,2,4,4,6.727,6,6,5,4.987,5,3,6,1
6,4,4,7,0,2,1,3,3,6,5,5,3,-0.241,2,1,4,6,-0.532,2.923,0.0,3,-0.574,3,5,2.922,2,6,-0.024,3.45,7,-0.569,5,-0.932,-0.0,4.63,2,0,3,-2.157,5,6,5,4.104,1,6,4,0
1,7,5,0,0,3,6,2,6,4,0,7,7,-1.333,6,2,1,5,0.279,-1.642,0.0,0,2.389,5,2,4.459,4,6,1.776,3.31,5,-1.162,7,0.553,0.0,2.47,3,5,6,-4.793,3,7,1,-0.025,2,7,0,0
0,3,1,7,0,0,3,6,6,3,7,5,0,-4.263,0,7,4,0,1.023,-2.777,0.0,1,-1.684,5,1,1.059,2,7,-1.302,3.18,6,0.656,5,1.186,1.0,3.58,2,6,3,2.239,3,3,7,-3.858,1,6,3,0
2,6,3,0,0,4,2,1,7,0,5,1,2,3.373,6,1,6,4,1.15,2.998,742.17,3,1.638,6,2,1.29,5,4,1.51,4.54,2,1.821,7,2.348,1.0,8.57,7,0,3,6.245,2,6,6,2.991,2,1,7,1
2,0,0,2,0,5,0,3,0,1,3,3,2,0.183,5,5,2,3,1.051,0.374,0.0,0,1.496,5,1,-0.0,3,7,0.655,3.0,1,0.269,6,1.535,1.0,4.9,3,5,5,1.224,0,6,1,-0.85,7,4,1,0
4,5,1,5,1,6,4,1,6,4,4,6,4,-0.238,7,1,2,1,2.509,0.926,128.38,2,3.314,6,6,-1.788,3,3,2.925,7.93,6,-0.692,7,1.965,1.0,5.46,3,6,6,5.801,3,4,2,2.474,5,0,1,1
3,7,3,6,0,5,0,6,7,4,4,7,4,0.571,5,0,5,4,0.734,2.363,0.0,5,3.305,1,1,0.4,2,1,0.106,4.7,6,-1.168,5,-0.194,-0.0,1.64,6,2,0,-0.442,5,6,0,0.462,2,1,7,0
3,1,5,3,0,4,1,0,6,1,1,7,1,3.46,6,0,4,2,2.035,4.133,552.46,4,1.928,1,0,0.891,4,0,-0.86,2.91,5,0.866,6,2.54,3.0,5.24,4,1,7,1.315,2,5,7,-0.492,0,4,0,1
6,1,3,6,0,0,6,1,7,5,2,7,7,5.37,4,4,2,2,0.507,-1.787,0.0,2,-0.016,0,1,1.305,1,3,-0.116,4.05,2,0.59,2,-0.296,2.0,4.18,2,2,7,2.153,3,1,3,0.791,0,1,7,0
5,0,7,7,0,6,1,5,6,6,6,2,6,1.742,7,7,1,3,1.183,2.693,0.0,0,-0.9,0,5,1.669,3,6,2.528,2.2,1,0.048,3,1.682,1.0,3.83,5,0,3,-2.642,4,3,3,3.253,2,0,1,0
6,5,6,5,0,7,3,0,0,1,2,4,3,-2.836,4,6,6,0,0.681,-0.051,0.0,1,3.815,0,2,0.848,2,2,2.768,3.25,1,0.232,7,0.896,1.0,5.69,7,2,4,2.568,4,7,7,1.852,3,5,6,0
7,1,3,2,0,6,7,6,6,7,2,6,1,1.509,6,4,4,2,-0.292,2.106,0.0,5,0.924,0,5,0.173,4,6,0.303,3.25,1,-1.698,4,-0.061,0.0,3.56,5,1,5,3.011,3,3,2,-1.051,5,7,1,0
1,0,0,3,0,2,6,6,3,2,0,2,6,1.174,6,7,6,4,0.119,1.213,0.0,3,0.634,0,0,-1.37,0,4,-0.86,2.38,0,-0.579,4,0.554,-0.0,4.47,5,5,1,-0.26,5,3,1,1.026,4,1,4,0
2,2,0,3,1,7,7,0,0,5,2,2,1,0.816,6,2,2,0,1.889,4.097,0.0,0,1.258,6,3,0.627,5,4,0.604,3.33,6,-1.078,1,1.716,1.0,6.26,3,3,2,1.723,3,7,0,4.69,3,5,4,0
1,6,5,7,1,7,5,3,6,4,4,7,6,0.295,4,7,0,6,2.459,5.259,0.0,5,2.515,7,3,2.317,4,2,1.538,2.29,7,-2.155,3,3.167,2.0,5.74,5,5,1,1.599,5,0,1,2.086,2,0,0,0
0,6,2,5,0,5,3,4,1,7,7,5,2,1.829,0,7,5,3,1.267,-0.538,0.0,2,1.921,2,3,0.615,0,2,0.747,1.5,6,-0.84,6,0.815,0.0,4.24,2,2,4,-3.042,0,4,4,2.236,7,4,1,0
2,0,4,0,0,0,2,2,3,4,5,0,6,2.217,3,7,3,4,1.901,4.055,0.0,6,1.01,0,6,0.628,1,6,0.41,3.31,1,-0.54,6,2.373,0.0,3.41,6,0,7,3.1,3,2,1,1.574,7,4,4,0
1,6,1,5,1,3,1,5,2,0,5,5,5,-1.476,4,0,2,5,2.843,-0.479,0.0,4,4.04,1,7,4.149,5,5,2.979,0.84,4,0.672,4,2.559,2.0,3.48,3,3,1,3.663,4,5,1,1.957,5,0,6,0
2,2,1,1,0,6,4,6,7,3,3,1,6,-1.838,7,4,3,7,0.439,0.885,0.0,3,0.53,6,6,0.573,1,1,-1.256,3.25,6,1.126,2,1.028,-0.0,3.17,6,6,5,3.913,3,1,2,5.706,3,5,2,0
7,1,7,3,0,4,2,5,7,0,3,0,3,1.779,2,1,2,4,2.507,5.062,117.46,1,0.77,3,7,0.58,0,0,1.615,3.84,2,-1.038,1,2.175,2.0,6.81,3,7,1,4.918,7,4,7,-0.243,7,4,0,1
6,1,3,4,0,7,3,3,2,7,1,6,6,2.586,3,6,5,1,0.836,2.834,0.0,0,-0.828,3,1,0.455,5,7,1.321,5.0,0,0.508,4,1.099,2.0,2.14,5,5,2,1.36,7,7,4,1.963,6,7,6,0
2,5,7,5,0,6,1,7,1,7,4,5,2,2.035,6,0,6,1,0.786,1.843,0.0,1,1.812,3,3,0.812,6,1,-0.469,2.69,7,-0.194,2,0.409,1.0,4.28,3,0,1,-1.171,0,3,7,-0.73,1,1,7,0
6,2,5,6,0,7,4,1,7,5,4,4,0,1.644,1,4,6,6,1.465,3.529,0.0,0,1.333,7,0,4.296,4,4,0.062,3.59,6,-0.287,0,1.714,1.0,3.65,1,3,3,0.843,6,5,3,-2.418,3,1,4,0
3,3,2,2,0,6,4,6,5,1,0,5,7,0.517,7,3,0,0,1.52,-0.784,0.0,2,2.103,6,6,-0.676,3,2,-1.228,3.84,1,-0.432,5,1.256,0.0,4.47,5,4,5,3.587,2,7,3,1.36,4,6,6,0
3,1,6,0,0,5,0,7,0,5,1,6,0,5.459,5,0,1,5,0.176,-0.429,0.0,4,0.937,4,1,-1.361,3,4,0.016,1.33,4,0.379,5,1.93,1.0,3.59,3,7,3,3.787,5,0,2,3.048,7,7,7,0
6,2,4,5,0,5,3,6,4,5,6,3,2,-0.101,3,7,4,3,1.526,1.373,510.89,1,2.098,3,4,3.854,2,2,1.991,3.95,4,1.316,4,0.788,1.0,6.45,1,5,3,1.455,2,4,1,1.235,1,3,3,1
0,4,7,5,1,6,7,5,2,4,7,0,4,2.579,2,2,0,7,3.212,2.767,0.0,1,2.578,7,6,4.489,5,3,1.949,5.86,0,0.658,0,3.757,1.0,6.02,2,0,5,6.107,1,4,5,2.642,7,1,0,1
1,3,2,1,0,1,5,0,3,6,5,6,7,-0.018,2,1,6,4,1.249,3.389,0.0,3,2.202,0,5,0.161,1,5,-1.352,3.25,1,0.405,5,0.552,1.0,4.29,1,7,6,3.093,1,5,6,2.525,1,6,4,0
6,1,5,7,1,6,5,5,4,7,3,5,3,5.371,4,0,1,4,2.744,0.78,210.22,4,1.164,4,3,-0.778,5,6,3.755,4.61,3,1.465,0,2.819,2.0,8.21,7,0,1,3.795,6,1,2,2.408,6,0,0,1
6,6,0,1,0,3,1,5,1,0,7,1,7,2.554,0,3,3,1,0.833,2.483,0.0,4,1.83,3,0,1.874,7,7,0.156,1.36,5,-0.387,6,1.74,-0.0,3.54,3,3,2,0.576,3,4,4,0.527,7,5,2,0
5,6,0,3,0,5,6,7,0,1,3,5,0,-1.556,0,5,7,3,1.412,1.212,0.0,2,0.421,5,0,3.457,3,1,1.44,2.59,5,1.292,7,1.08,2.0,1.44,6,2,5,-2.539,3,6,3,0.035,6,7,4,0
1,7,3,4,0,5,1,7,7,5,0,3,4,-0.686,7,0,3,0,2.099,0.144,0.0,6,3.726,5,2,1.778,4,7,1.795,2.21,4,-0.287,0,2.237,2.0,4.49,1,1,0,2.99,5,7,0,0.622,5,0,5,0
4,6,6,2,0,0,1,6,4,6,4,6,4,5.606,0,6,6,1,1.265,-0.463,0.0,4,1.131,4,0,1.69,0,5,0.757,3.31,4,0.161,1,1.051,2.0,2.45,6,1,0,-0.042,3,0,4,0.199,2,5,1,0
4,2,4,1,0,5,7,2,0,0,0,2,6,2.082,1,5,2,7,1.575,-1.585,0.0,0,0.673,7,0,1.851,5,5,0.529,2.22,1,-1.284,4,1.448,1.0,2.9,6,3,2,3.904,0,7,7,1.617,3,4,0,0
5,6,3,4,0,7,3,5,0,2,6,0,7,-1.385,0,1,6,6,1.27,0.971,0.0,3,2.317,4,1,-1.137,0,2,0.92,4.12,2,-0.196,3,1.457,0.0,6.49,7,0,4,1.131,5,1,0,1.717,5,7,1,0
0,2,2,0,1,2,5,7,1,3,7,3,4,0.917,1,2,3,2,2.66,3.505,0.0,7,2.524,6,3,2.569,6,7,3.126,2.53,7,-0.058,3,3.247,2.0,2.7,3,2,1,2.738,1,4,7,3.416,3,1,6,0
3,4,1,6,0,1,7,1,2,0,5,7,1,4.073,7,1,6,3,1.394,-1.768,0.0,1,-1.322,7,0,3.297,6,3,0.13,3.03,5,-0.675,5,1.402,1.0,3.16,3,0,7,-0.332,0,7,3,-0.076,4,6,5,0
6,4,1,5,1,6,0,1,7,7,7,7,5,2.128,7,3,0,4,2.215,-1.046,0.0,4,2.724,7,1,1.503,7,5,0.695,2.87,1,-0.903,7,2.164,1.0,4.71,2,0,4,9.503,2,2,4,3.511,7,4,1,0
5,7,2,6,0,4,0,1,6,7,2,6,3,2.776,4,6,6,7,1.542,4.067,0.0,5,-0.885,1,1,-0.68,3,3,2.104,1.17,4,0.996,3,2.428,2.0,3.72,1,4,0,3.868,3,3,0,1.904,6,3,7,0
7,1,0,3,0,1,1,4,0,5,0,0,0,1.764,3,4,4,6,0.611,-0.931,0.0,1,-1.04,4,3,1.394,6,6,1.316,2.67,7,0.688,7,0.961,1.0,3.68,7,5,6,5.103,4,3,0,-1.049,7,6,1,0
6,1,2,6,1,2,1,6,0,0,0,7,6,1.415,5,5,5,6,3.747,2.153,0.0,6,3.221,1,5,2.479,7,5,3.885,4.77,1,-0.397,5,2.868,2.0,3.75,3,0,2,1.567,3,3,2,2.846,6,7,3,0
7,3,2,3,1,2,6,6,6,3,2,3,7,1.098,7,0,5,7,1.186,3.863,0.0,4,1.489,3,3,2.479,5,2,3.295,4.05,5,0.209,1,1.567,1.0,4.81,4,7,3,4.495,7,3,1,-1.625,6,1,4,0
6,2,3,6,0,3,6,4,0,2,0,7,3,0.494,6,6,0,5,1.843,0.941,365.78,2,3.689,1,7,-1.883,3,6,2.341,5.09,7,-0.216,6,2.836,1.0,7.14,0,4,2,2.048,4,0,7,3.63,1,0,0,1
0,6,1,4,0,2,0,5,2,2,7,5,3,-0.08,5,5,6,0,0.748,-2.44,0.0,5,-1.64,5,3,-2.522,5,5,-0.736,2.24,6,-0.057,7,1.14,1.0,2.24,7,6,4,-5.074,3,7,2,0.704,7,1,1,0
1,6,3,1,0,2,4,0,6,6,5,3,2,0.551,4,4,6,5,1.067,-0.035,0.0,2,0.446,1,6,-0.787,6,6,-1.263,4.08,1,-0.163,0,0.197,1.0,1.94,6,6,4,-3.36,2,3,3,0.287,1,7,5,0
1,1,3,2,0,2,1,7,0,7,2,7,6,-1.498,6,6,6,1,0.667,3.617,0.0,1,1.801,6,7,0.7,5,3,-1.032,-0.11,3,2.396,7,1.129,1.0,3.08,0,5,3,1.583,3,2,4,-2.794,0,1,3,0
6,5,6,7,0,4,1,3,0,2,6,0,4,1.081,5,2,6,6,1.817,2.556,0.0,5,1.178,5,4,6.148,7,5,2.526,4.27,0,1.413,7,1.458,0.0,6.67,0,5,0,-1.127,7,1,4,5.598,7,2,5,0
4,0,7,7,0,0,3,6,4,7,5,4,5,-0.853,5,6,4,7,1.561,3.432,0.0,7,0.576,1,3,6.14,6,3,-1.179,4.77,4,-0.155,6,0.963,1.0,1.48,3,2,7,2.365,3,1,3,-2.274,1,3,3,0
1,2,0,3,0,3,0,5,4,1,0,2,6,3.037,1,2,3,1,3.39,2.843,0.0,1,4.634,7,5,3.475,6,3,5.283,2.06,1,0.084,5,2.711,1.0,5.38,7,1,2,2.333,1,7,7,-0.683,5,7,5,0
3,3,7,6,1,5,1,1,2,6,6,5,1,3.617,6,1,6,3,3.227,2.508,0.0,4,4.577,2,1,5.445,6,1,0.933,1.12,5,-1.374,0,3.337,2.0,4.13,0,6,5,2.699,3,6,1,3.782,7,5,4,0
2,7,1,2,0,1,7,5,1,7,6,6,3,-4.693,5,0,7,5,0.309,0.946,0.0,7,-0.738,4,5,-0.332,6,7,0.525,2.45,6,0.987,7,-0.305,-0.0,5.1,2,7,2,1.722,2,7,0,-0.977,2,7,2,0
1,2,4,3,0,5,5,7,6,4,6,5,4,3.278,5,1,3,1,-0.163,-1.759,0.0,3,1.878,5,1,1.61,6,0,0.259,2.0,6,-0.547,0,0.693,0.0,4.38,3,2,1,4.067,1,7,3,-0.85,1,2,1,0
6,2,0,7,1,5,3,3,3,4,6,1,3,2.851,2,0,4,7,2.675,6.944,0.0,6,2.946,3,3,3.363,3,0,2.758,0.35,1,-0.557,0,2.909,2.0,5.99,3,1,2,1.092,7,5,4,3.739,1,6,7,0
3,3,4,6,0,2,7,5,1,2,0,1,5,-1.278,3,5,5,0,-0.28,1.831,0.0,7,0.39,3,2,-0.788,5,2,0.864,4.32,1,0.354,4,-0.143,1.0,2.73,5,6,1,0.333,3,6,3,-1.52,0,0,6,0
6,1,4,3,1,3,4,6,0,2,2,5,1,-1.7,4,7,7,3,2.413,3.081,0.0,4,2.603,3,7,2.629,3,6,3.208,4.06,0,0.309,0,2.371,2.0,2.32,5,4,7,3.028,5,0,1,2.063,4,5,2,0
5,0,5,2,0,5,2,2,1,2,2,6,4,-1.495,4,3,3,3,1.137,4.133,0.0,2,1.114,3,3,2.011,1,4,-0.3,4.4,5,0.844,6,0.845,1.0,5.44,4,2,2,-2.213,0,6,1,-1.478,1,2,0,0
2,2,7,7,0,4,7,0,2,0,3,0,2,-0.351,2,3,5,6,0.121,0.615,0.0,1,0.045,3,7,-2.44,1,2,-0.506,3.37,6,-0.116,1,1.07,0.0,1.09,3,0,1,2.6,3,6,4,-0.196,5,6,0,0
0,6,5,0,0,5,4,6,7,5,4,5,4,5.503,1,5,0,0,2.442,1.487,0.0,3,4.328,3,6,1.21,1,2,2.303,2.31,3,-1.965,4,1.362,2.0,4.52,2,6,6,5.038,2,7,0,2.94,5,6,5,0
0,7,4,3,0,4,6,6,3,3,0,3,2,2.235,2,3,4,3,0.868,2.909,0.0,7,2.097,1,2,6.385,1,5,0.487,5.35,4,0.076,3,1.066,0.0,3.65,4,6,3,-1.176,5,2,3,5.486,7,5,0,0
7,7,3,6,0,0,1,2,0,6,1,3,2,4.246,6,4,3,4,0.785,-0.717,0.0,1,0.447,6,5,2.875,1,7,0.643,0.64,0,0.199,4,0.488,1.0,2.4,4,2,5,0.064,4,5,7,-1.332,3,2,3,0
7,5,1,5,0,5,3,7,2,5,1,1,2,-2.052,4,0,2,7,0.384,-0.715,0.0,1,1.492,1,5,1.791,0,1,0.046,2.37,4,0.922,7,0.396,-0.0,4.5,3,3,4,6.045,6,4,5,0.194,2,6,4,0
2,1,2,3,1,4,0,7,1,0,1,4,5,3.411,3,7,6,4,2.638,-1.281,0.0,7,1.412,1,0,1.649,0,4,2.897,5.77,6,0.318,6,1.863,2.0,6.3,0,7,3,1.852,3,4,7,3.26,4,4,1,1
2,4,2,4,0,1,5,0,6,2,3,1,5,2.322,7,3,5,4,1.56,0.217,0.0,7,0.745,0,1,1.328,0,3,3.315,1.71,6,0.751,1,1.243,1.0,-0.62,7,0,0,-0.843,3,0,7,1.668,4,2,1,0
2,2,4,5,1,7,6,7,7,2,3,7,3,0.979,0,2,1,4,3.703,6.494,0.0,3,3.954,2,5,5.68,2,1,3.692,-0.14,4,-0.377,4,2.751,2.0,3.59,7,5,0,4.087,4,2,7,6.213,6,0,2,0
2,3,1,1,0,5,5,7,1,4,3,4,6,3.018,0,0,1,2,0.743,-1.338,0.0,2,-0.912,2,1,1.928,1,6,-0.624,4.26,1,-1.103,0,1.361,0.0,3.2,5,4,5,0.008,7,2,5,4.525,5,2,2,0
4,4,4,2,0,1,4,6,3,4,0,7,7,2.91,2,7,2,1,1.014,0.584,0.0,5,0.345,4,5,3.409,2,7,0.277,0.27,6,1.16,7,0.83,1.0,8.09,1,7,2,1.334,0,2,1,1.219,3,3,1,0
1,7,4,7,1,6,2,6,3,0,6,2,5,-0.199,2,6,4,5,1.748,4.719,0.0,7,1.217,4,6,3.362,3,5,2.159,3.99,1,0.909,6,1.731,1.0,1.41,0,6,6,1.352,6,3,5,1.099,6,3,2,0
3,3,4,4,0,7,6,4,0,4,2,1,2,-0.526,0,4,3,3,0.51,0.445,0.0,5,0.55,7,2,-1.794,2,7,1.47,2.42,5,-0.175,0,-0.859,1.0,3.15,4,5,1,1.124,1,2,6,2.019,4,2,7,0
4,6,0,7,1,5,7,4,1,3,6,7,5,5.122,6,7,6,0,3.6,2.154,0.0,5,4.117,7,0,0.159,2,7,1.144,1.81,7,0.522,1,4.523,2.0,3.05,7,2,5,0.561,0,0,4,6.984,7,7,1,0
4,5,6,3,0,1,0,2,3,2,1,2,5,3.101,0,7,2,0,0.546,4.183,0.0,3,2.138,7,4,2.462,6,2,1.147,3.68,4,0.605,0,1.376,1.0,3.3,3,7,5,2.863,6,3,7,-0.468,5,1,3,0
5,1,2,1,0,6,0,1,3,6,1,7,3,5.798,3,1,6,4,0.977,4.334,0.0,2,0.446,2,6,-0.13,0,7,3.471,2.13,7,-1.359,5,2.114,1.0,4.56,4,3,7,0.365,1,4,2,-1.168,7,1,4,0
3,3,5,3,0,4,5,7,4,5,6,2,7,2.249,5,3,1,6,0.633,0.567,0.0,2,0.341,6,7,3.072,0,6,-0.819,3.47,6,-0.607,4,0.769,1.0,1.5,0,2,1,1.777,5,1,1,1.633,0,0,4,0
6,1,1,7,0,3,0,2,3,2,5,6,4,5.429,7,1,1,6,1.968,2.621,0.0,3,2.11,5,6,1.679,3,4,1.347,2.57,3,0.124,4,1.395,1.0,5.56,3,6,5,4.129,5,4,4,2.544,2,2,5,0
6,3,1,6,0,7,1,2,7,1,5,6,4,0.144,2,6,6,5,0.896,-0.586,0.0,7,1.678,7,5,1.372,0,1,0.77,3.28,7,0.707,6,0.465,1.0,4.23,1,6,2,1.186,0,5,6,3.117,3,5,0,0
0,0,6,6,0,7,7,2,4,2,7,0,0,1.368,6,3,7,1,0.639,0.722,0.0,3,-1.617,2,1,-1.92,7,6,2.439,2.44,7,0.314,4,1.218,1.0,3.14,2,5,0,1.534,6,3,0,-0.777,5,0,3,0
6,3,3,2,1,6,5,4,4,6,7,1,5,4.1,2,5,6,0,2.472,2.566,0.0,2,3.704,4,2,1.555,7,0,4.863,6.69,5,-0.555,6,2.455,1.0,4.22,3,0,6,3.026,7,7,5,2.3,1,6,7,0
3,4,6,3,0,6,5,5,3,7,2,7,1,0.259,1,5,7,1,0.823,1.279,0.0,0,1.281,0,6,0.849,2,4,1.754,3.94,1,-0.515,0,0.355,1.0,5.32,5,1,5,-0.157,1,7,4,-0.363,5,1,2,0
7,6,0,3,0,2,0,5,7,5,3,4,0,4.112,3,5,4,3,1.421,1.704,0.0,2,-0.326,6,3,1.803,2,2,2.857,2.77,5,-1.046,4,2.999,1.0,6.44,6,4,2,2.289,2,3,2,-1.371,3,6,4,0
5,5,0,6,0,5,4,6,7,3,5,0,5,1.152,5,1,4,6,2.638,4.722,0.0,4,4.721,7,3,4.409,6,6,3.556,4.3,2,0.306,0,3.574,2.0,8.18,0,7,4,1.336,6,6,3,1.616,4,7,0,1
0,6,6,0,0,2,5,1,5,0,0,3,6,-0.322,5,5,7,5,1.236,0.903,0.0,7,2.004,2,2,4.709,6,2,1.997,0.89,6,-2.454,7,1.638,1.0,5.21,3,7,0,4.231,1,7,1,0.709,4,0,0,0
0,7,2,0,0,6,2,1,7,6,6,6,5,-1.173,7,3,3,5,0.243,6.246,0.0,5,-0.306,3,4,-1.715,4,0,-0.21,3.41,7,-1.075,4,0.417,-0.0,2.9,7,1,1,2.225,0,7,5,-0.172,3,4,7,0
2,2,6,7,0,1,4,4,6,7,2,7,3,-1.758,2,1,1,0,0.651,-0.338,0.0,3,1.124,7,0,0.577,2,7,-0.495,1.88,1,0.395,2,0.561,0.0,6.19,0,1,7,0.978,5,2,7,3.981,2,1,5,0
1,1,7,4,0,5,1,7,2,1,1,1,2,-2.827,3,0,7,0,1.761,-0.622,0.0,5,2.602,6,0,3.527,6,3,-0.135,-1.77,6,-1.622,5,1.394,2.0,4.11,3,5,7,1.116,5,4,0,-1.339,3,3,2,0
7,6,1,2,1,0,3,2,1,7,1,2,4,3.933,3,0,5,4,1.99,2.529,0.0,2,2.006,0,3,4.602,7,5,3.083,2.43,2,-0.59,3,2.059,1.0,4.7,7,2,1,3.282,0,2,0,3.137,2,0,4,0
2,7,1,6,0,3,4,7,2,3,6,3,0,-1.963,3,1,3,2,0.577,-0.41,0.0,7,0.325,6,5,0.794,7,5,-0.66,2.67,3,0.209,4,1.382,1.0,5.06,5,4,0,-0.636,2,7,6,1.125,6,6,2,0
7,0,5,1,0,6,7,3,3,4,6,1,3,2.927,6,4,7,4,0.52,3.093,0.0,1,0.45,7,5,2.332,1,1,-0.769,1.39,3,1.302,0,-0.03,-0.0,4.6,5,2,0,-0.993,2,6,1,2.798,5,6,1,0
6,6,0,6,0,5,1,1,6,4,3,3,6,0.899,5,4,1,5,2.103,2.685,0.0,0,2.503,3,4,3.126,3,1,2.687,3.48,1,0.124,2,3.064,1.0,3.94,6,2,7,-4.572,0,1,2,4.245,0,7,4,0
5,6,4,5,0,5,3,1,2,6,4,5,3,0.455,4,2,4,6,1.039,4.34,0.0,3,1.885,4,3,-0.204,1,3,0.425,4.41,3,-0.129,2,0.53,1.0,8.58,0,1,3,1.963,4,5,6,3.137,3,7,5,0
0,0,4,1,0,4,5,7,0,7,6,3,2,2.072,3,0,5,2,1.336,0.603,0.0,7,1.126,6,2,0.932,3,2,1.485,3.45,4,0.137,2,1.357,1.0,2.16,7,7,6,0.74,1,3,0,1.445,1,2,4,0
0,5,0,7,0,2,2,4,1,5,1,2,2,3.378,4,4,2,7,1.45,0.672,0.0,0,3.498,7,2,0.011,2,5,3.172,2.11,1,-0.782,3,1.774,2.0,3.31,7,5,3,6.176,0,0,4,1.969,2,0,0,0
5,5,6,0,0,0,2,2,2,7,3,6,0,1.43,2,6,5,7,1.501,0.694,0.0,7,0.511,1,4,1.204,3,2,3.875,4.69,6,1.567,5,0.857,0.0,3.21,5,2,1,1.74,5,4,3,0.68,7,5,6,0
7,7,7,4,1,1,1,3,0,0,5,4,3,5.658,0,5,4,3,6.564,9.159,255.3,7,6.954,1,0,4.2,0,5,6.601,5.89,6,1.339,5,8.13,4.0,8.69,5,6,2,5.014,6,5,7,7.338,1,0,1,1
4,4,0,6,0,2,3,6,4,3,5,5,5,-3.049,6,5,0,4,0.747,1.467,0.0,7,1.021,7,1,2.529,2,0,2.7,4.51,4,-0.003,2,1.045,0.0,5.79,5,0,6,1.127,2,6,3,0.394,0,5,1,0
0,0,2,6,0,1,6,4,1,5,7,6,6,3.191,6,7,3,6,2.161,4.595,0.0,0,2.14,5,3,7.031,2,2,0.282,3.18,2,-0.803,5,2.424,2.0,2.33,0,0,1,1.672,5,6,7,3.955,1,4,7,0
7,5,4,4,0,2,7,4,5,0,0,2,7,0.685,4,6,0,7,1.653,-3.962,0.0,6,0.836,4,5,1.569,0,7,2.033,2.0,4,-1.386,6,2.389,1.0,2.66,3,6,7,-0.554,1,3,2,1.994,3,3,3,0
4,5,3,5,0,4,6,4,4,3,2,1,5,1.68,0,7,4,7,-0.155,0.333,0.0,7,1.151,3,2,-0.661,2,1,-0.07,2.18,2,-0.422,3,-0.024,1.0,3.22,5,2,0,-2.439,7,4,2,3.834,5,0,7,0
5,6,5,7,0,6,7,6,6,0,1,5,0,-0.514,4,0,1,4,1.281,-0.496,0.0,3,1.555,1,0,1.273,0,5,1.264,6.39,4,-3.176,7,0.766,0.0,8.66,1,6,1,2.266,0,0,6,2.418,7,0,5,1
5,1,0,2,0,4,7,3,2,7,1,1,2,4.489,4,3,1,4,0.06,-1.498,0.0,6,0.116,6,2,1.641,2,5,-0.393,3.64,7,1.344,5,-0.017,0.0,5.79,3,0,7,-3.73,3,3,3,1.946,4,0,5,1
1,5,0,4,0,6,4,5,0,0,4,7,7,5.399,4,5,3,7,2.269,1.482,0.0,4,1.77,3,1,-1.404,5,3,1.453,3.36,1,0.195,5,2.072,2.0,2.08,2,0,2,-0.313,6,2,7,1.085,6,0,6,0
0,5,1,2,0,3,5,0,2,2,7,5,2,1.179,3,5,1,4,1.977,-1.881,0.0,6,0.871,6,5,2.48,7,0,-0.76,5.7,4,-1.132,5,1.469,1.0,4.88,3,1,6,-0.13,4,1,5,5.184,7,6,1,0
4,1,2,4,1,7,1,2,3,0,7,1,3,1.375,2,6,4,5,2.864,-0.776,0.0,0,2.626,3,5,1.827,0,1,1.774,5.2,3,1.179,4,2.32,2.0,2.12,2,5,4,0.485,3,6,6,2.701,6,2,0,0
1,1,0,1,0,6,4,2,6,0,5,1,5,2.096,7,2,2,0,1.067,3.082,0.0,4,2.049,1,3,1.048,4,2,2.437,5.02,4,-0.071,3,0.88,1.0,4.43,3,5,0,1.225,2,5,0,1.637,2,7,3,0
2,3,5,5,1,1,3,0,1,4,0,3,1,-1.019,1,5,0,5,2.333,1.706,0.0,7,2.609,1,7,2.751,0,6,4.991,2.45,5,1.459,1,2.797,1.0,4.34,0,1,3,1.414,7,5,3,5.489,5,7,1,0
3,6,3,3,1,1,5,6,5,6,3,2,4,5.631,0,4,0,2,6.657,3.531,726.54,6,9.611,4,0,8.049,1,1,6.27,4.11,0,0.031,3,6.446,4.0,8.69,0,5,2,9.187,5,7,1,5.972,4,5,7,1
7,4,0,5,1,0,1,1,2,1,0,2,6,2.985,7,7,5,1,2.714,4.5,0.0,1,4.406,6,2,1.233,7,0,3.835,1.74,4,-2.15,3,2.072,1.0,4.1,2,0,1,2.573,7,4,3,0.096,1,6,5,0
5,6,1,6,0,0,2,4,5,6,1,7,3,3.253,5,5,5,2,2.265,0.661,0.0,7,1.384,0,6,3.583,4,4,2.092,1.87,3,0.321,5,1.605,1.0,6.14,2,1,6,0.778,0,5,2,0.73,2,1,0,0
6,3,7,3,0,7,1,4,3,1,6,1,2,4.64,1,3,4,7,1.19,-0.482,0.0,7,1.84,3,5,-1.527,5,4,-0.766,1.56,3,1.086,1,1.47,1.0,4.51,0,5,5,1.297,7,2,1,-0.059,1,0,3,0
2,4,4,5,0,5,0,5,5,5,0,5,1,1.048,0,0,6,2,1.8,3.642,0.0,6,1.17,5,4,2.728,4,1,1.433,1.19,0,0.971,1,2.615,2.0,4.37,3,5,0,1.959,0,0,3,1.509,7,5,4,0
7,4,3,4,1,6,0,3,5,1,0,1,6,1.543,5,5,7,1,4.307,1.958,567.17,7,5.797,0,0,1.456,2,2,3.067,4.73,1,0.877,1,5.013,3.0,5.75,0,0,4,3.241,6,7,0,4.091,6,5,4,1
0,0,5,0,0,6,4,1,1,3,2,1,3,1.641,7,1,0,5,0.693,1.601,0.0,7,0.602,2,0,-1.165,5,3,-1.033,0.79,1,0.813,2,1.176,0.0,4.49,4,3,1,-2.149,6,3,6,-3.988,4,1,4,0
6,5,1,1,0,2,2,1,7,3,7,0,2,4.95,1,5,7,3,0.732,-0.698,0.0,1,0.395,4,1,0.072,5,5,1.882,2.01,5,-0.05,4,0.367,0.0,5.01,6,2,4,-2.105,6,6,1,0.123,6,2,6,0
4,1,4,0,0,5,3,0,6,0,3,4,5,-0.158,5,3,3,7,0.468,0.738,0.0,7,-0.27,1,6,3.353,4,1,0.628,0.54,6,-0.348,4,0.792,1.0,3.54,7,7,6,3.109,5,0,6,0.334,5,7,6,0
6,5,5,0,1,2,4,5,3,4,2,7,1,2.506,3,5,2,3,2.019,3.366,0.0,0,1.806,0,4,2.455,3,3,2.864,2.69,5,-0.817,2,2.558,2.0,4.76,5,4,2,-0.528,0,1,2,4.48,1,4,2,0
2,5,2,1,0,4,3,0,3,2,4,0,3,-0.722,6,3,0,3,0.789,-2.151,0.0,2,0.927,0,4,-3.358,2,0,0.187,3.91,3,2.126,4,0.64,1.0,3.67,6,2,5,-0.18,6,0,1,1.512,3,1,3,0
5,5,3,6,1,1,1,2,7,4,1,7,0,4.829,7,2,5,4,2.121,6.869,0.0,6,2.569,6,3,1.135,4,7,3.264,5.54,2,-0.279,3,2.531,2.0,6.2,1,3,2,3.514,4,5,0,2.519,5,2,2,0
5,2,2,1,0,7,6,7,1,1,6,7,6,0.723,3,6,2,5,1.467,1.115,0.0,7,2.786,6,3,1.925,3,4,4.007,3.84,0,-1.36,5,0.368,1.0,2.77,1,0,0,3.355,3,5,6,1.001,2,2,4,0
4,0,6,4,0,1,0,4,1,4,0,2,5,0.795,5,3,3,0,1.108,2.588,0.0,1,1.161,6,4,1.899,4,3,0.916,3.09,7,1.838,5,-0.215,1.0,5.08,0,4,4,1.62,1,1,4,5.684,3,6,4,0
7,6,5,0,0,3,5,1,5,2,0,6,6,3.93,4,7,4,1,0.637,0.492,0.0,1,0.574,3,0,-0.735,0,2,0.271,4.41,3,-0.201,7,1.071,0.0,5.44,3,4,3,3.014,5,7,3,2.924,1,2,3,0
5,4,7,2,1,6,3,2,1,0,7,7,1,3.055,0,0,7,7,2.238,-1.708,0.0,7,2.051,7,6,2.693,2,5,3.442,3.07,0,-0.279,3,1.643,1.0,4.05,1,1,1,0.873,3,1,2,-1.946,7,6,2,0
1,1,2,0,0,3,0,7,4,0,5,4,1,1.488,5,4,3,0,0.998,2.351,0.0,2,-0.746,1,2,-0.448,6,5,0.077,3.52,0,-1.049,0,1.033,1.0,1.71,5,7,5,1.526,3,7,1,3.477,4,7,7,0
0,0,6,4,0,5,0,0,6,1,5,0,7,2.004,6,4,5,4,1.258,1.911,0.0,3,3.539,0,2,3.361,4,3,-0.641,2.59,6,0.181,4,0.77,1.0,5.14,6,6,0,2.388,1,3,3,2.905,5,5,5,0
4,5,0,6,0,2,1,0,7,7,1,5,6,3.726,4,0,7,5,1.92,-1.227,0.0,1,0.871,2,1,4.753,0,4,3.487,4.0,7,-1.125,0,2.138,1.0,4.25,6,1,4,4.022,3,7,1,1.51,0,5,5,0
7,1,2,6,0,6,5,5,3,7,6,5,0,1.792,5,4,7,0,0.648,2.488,0.0,3,1.224,3,5,2.85,7,6,1.387,3.07,1,1.539,1,0.902,2.0,2.03,3,4,7,4.958,3,2,1,-0.636,1,5,1,0
0,5,6,3,0,2,2,2,7,3,5,4,5,2.58,2,0,4,3,0.172,-1.911,0.0,2,-0.366,7,6,-0.979,3,0,1.046,3.52,7,2.316,2,-0.109,0.0,6.17,5,0,1,-0.23,5,2,7,-2.112,0,3,7,0
3,5,0,1,0,6,2,1,1,0,2,3,6,3.556,2,3,0,0,0.323,0.008,0.0,6,-1.117,6,6,-1.525,7,0,1.288,2.08,2,0.635,2,0.0,-0.0,3.76,4,2,6,-0.463,7,1,3,0.159,1,6,6,0
0,4,2,6,0,4,0,0,1,2,5,1,7,1.281,2,4,3,4,0.439,-3.843,0.0,7,0.118,6,5,2.175,2,2,1.415,1.85,1,-0.262,4,1.107,-0.0,3.69,5,7,3,1.675,7,4,0,-2.9,4,4,6,0
5,5,2,0,1,5,5,6,4,0,4,3,2,1.3,2,0,1,5,2.865,2.516,0.0,6,3.441,0,1,2.642,7,6,2.224,3.66,2,-0.091,2,3.835,1.0,5.4,7,3,2,3.108,7,3,6,5.169,7,5,2,0
5,5,1,2,0,5,1,6,4,7,2,3,1,-4.101,6,2,3,3,0.406,0.411,0.0,6,0.997,4,7,-1.32,2,6,-2.281,1.44,5,-0.959,3,1.529,1.0,2.24,1,4,4,1.595,1,6,2,-2.815,2,5,6,0
6,1,2,2,0,0,4,3,0,5,7,2,4,0.942,2,4,4,1,1.43,2.571,0.0,2,0.889,6,2,2.051,6,2,2.177,2.09,5,-0.457,5,0.74,1.0,5.07,6,2,0,2.86,3,6,7,0.171,6,1,1,0
5,0,2,2,0,1,4,1,4,2,6,1,4,-0.911,0,0,4,6,0.884,-1.874,0.0,7,-0.48,7,4,2.582,1,5,-0.599,3.8,0,-0.703,0,0.94,1.0,6.07,3,2,5,2.44,2,2,5,2.865,7,2,5,0
0,2,4,7,1,7,6,7,0,6,0,3,2,1.838,7,1,3,1,3.306,3.974,0.0,2,2.596,0,4,5.682,4,3,1.908,3.77,6,0.083,6,2.317,1.0,6.35,2,6,4,1.471,7,6,3,0.514,3,4,6,1
2,1,0,7,0,7,3,3,0,3,2,5,4,0.352,7,3,7,2,2.141,1.7,125.52,3,1.642,1,5,2.362,0,4,5.591,5.3,6,1.958,3,2.425,1.0,6.2,3,7,4,5.145,7,4,2,-0.624,6,2,5,1
4,3,5,4,0,5,2,0,1,1,4,0,3,3.74,5,6,7,6,2.75,-0.753,0.0,1,3.139,5,4,2.847,6,0,4.461,6.09,5,0.714,6,1.953,1.0,4.14,3,1,4,1.861,7,0,6,1.226,5,2,3,0
1,1,1,0,1,6,5,2,3,3,4,5,1,3.196,4,0,1,3,2.978,1.958,0.0,1,3.948,4,1,3.208,0,6,5.0,3.49,5,1.75,5,3.284,1.0,3.37,6,1,1,3.2,7,1,6,2.223,1,1,6,0
2,3,5,4,0,3,2,7,5,7,5,6,7,2.688,4,7,0,2,1.726,1.803,0.0,3,2.921,2,5,4.744,5,1,1.552,4.06,3,-0.179,2,1.712,1.0,5.74,0,7,3,-0.872,3,5,3,5.715,6,4,7,0
6,7,3,2,0,5,2,5,2,2,4,3,1,-0.085,1,3,4,5,0.186,4.236,0.0,0,-0.395,3,6,-3.268,4,1,-1.358,3.73,5,0.573,7,0.708,-0.0,5.93,1,2,1,1.468,5,3,3,-0.817,4,0,2,0
7,3,6,3,1,1,2,0,2,5,6,0,4,9.232,7,3,0,5,5.558,6.5,0.0,3,8.332,7,2,2.558,7,7,3.669,2.54,4,0.825,1,3.757,3.0,8.23,2,1,7,2.715,3,5,1,6.132,5,2,2,1
3,2,7,3,0,7,7,4,3,6,3,5,3,-2.834,4,6,4,5,1.032,1.447,0.0,3,0.776,7,0,-0.369,1,7,1.784,1.77,5,1.401,6,-0.359,0.0,3.58,7,2,1,1.254,4,3,2,-2.581,6,1,0,0
0,0,2,0,0,4,6,4,7,4,6,4,6,-1.609,6,5,1,4,-0.78,3.909,0.0,5,-1.24,2,1,0.36,7,0,-0.626,2.13,7,1.695,1,0.974,0.0,1.72,6,6,0,2.604,0,7,7,3.855,3,1,0,0
3,1,5,1,0,7,6,4,3,4,4,6,6,0.316,4,7,1,6,1.009,1.594,0.0,5,2.042,4,7,-0.448,4,5,-0.724,2.89,1,-0.915,3,0.27,0.0,2.73,2,5,5,-0.305,0,1,3,2.804,5,2,3,0
3,7,0,0,0,1,5,6,0,2,3,7,2,0.747,1,1,7,1,1.247,1.415,0.0,6,2.036,4,6,3.423,0,1,2.777,2.43,7,1.135,1,1.651,1.0,3.54,3,2,5,2.626,7,1,2,1.666,1,5,1,0
0,1,7,5,0,3,5,6,2,4,4,5,7,2.223,6,6,4,1,0.759,1.063,0.0,0,0.656,3,1,2.872,4,3,1.719,3.41,6,-0.982,1,2.082,0.0,3.12,5,6,4,0.426,2,1,7,-0.967,6,2,6,0
7,3,0,3,0,6,6,3,4,7,7,6,5,2.779,2,0,6,6,0.118,0.819,0.0,0,0.5,0,4,-0.382,0,4,-0.963,3.24,7,0.454,3,-0.484,0.0,3.17,0,6,0,0.084,2,7,6,4.092,7,0,7,0
0,4,6,6,0,0,5,7,5,2,5,1,7,6.419,4,7,0,2,0.565,1.293,0.0,5,0.885,1,0,4.478,1,7,-0.804,2.48,1,-1.23,0,-0.022,1.0,7.07,0,3,4,2.925,3,0,0,-4.91,2,7,4,0
1,3,0,7,0,2,5,3,1,4,4,0,3,-1.788,6,7,7,5,1.786,5.088,0.0,2,3.446,5,0,0.92,7,0,2.557,1.33,7,0.135,5,2.294,1.0,5.63,1,0,5,2.561,0,2,3,2.586,5,3,5,0
5,6,3,2,0,4,6,3,1,5,2,1,0,1.637,3,6,1,0,1.446,-0.983,0.0,5,1.862,4,3,-0.987,2,0,-0.52,4.43,6,-0.207,6,0.826,0.0,5.09,2,0,6,1.74,6,3,3,0.315,6,3,2,0
3,0,7,5,0,1,4,5,5,3,2,6,5,2.931,5,7,5,2,1.024,-0.964,0.0,1,1.616,2,7,-0.405,2,2,0.058,4.26,5,0.765,7,0.242,1.0,2.28,4,1,0,2.973,1,2,4,1.076,4,1,0,0
1,4,0,6,0,3,1,2,4,4,0,4,5,0.611,2,1,2,2,0.944,4.933,0.0,1,-0.004,0,3,-1.205,1,5,2.127,3.43,1,0.448,7,1.721,-0.0,2.93,1,2,7,0.27,1,0,1,0.496,2,3,2,0
0,1,2,6,0,5,6,7,4,0,6,7,0,3.011,7,3,5,6,0.768,0.577,0.0,3,0.53,1,4,-0.505,7,7,-0.707,0.9,7,-0.07,2,1.129,0.0,5.31,3,7,3,1.837,2,6,5,-0.033,0,3,6,0
7,2,2,2,0,7,0,2,3,5,4,4,6,0.762,4,7,0,7,0.971,1.988,0.0,2,-0.128,1,3,-1.537,6,7,0.783,1.64,7,-1.731,4,0.738,1.0,2.01,2,2,5,-0.237,0,7,5,0.039,1,2,2,0
5,1,7,1,0,6,0,2,6,7,1,6,1,-1.013,0,0,1,6,1.424,0.191,0.0,1,0.16,3,6,4.409,2,5,-0.873,4.14,7,-0.349,1,1.522,1.0,3.39,5,2,1,4.047,6,5,3,-0.744,7,7,1,0
5,6,7,3,0,6,3,2,3,2,4,3,3,-3.403,5,2,0,4,1.49,5.34,0.0,2,0.397,3,5,2.365,1,4,4.107,0.9,7,0.711,3,0.831,2.0,0.53,2,0,1,-0.851,4,6,1,4.133,4,2,0,0
7,6,1,1,1,5,0,0,1,1,4,3,5,2.282,6,7,3,5,4.071,4.168,0.0,5,2.98,4,4,5.116,1,2,3.747,3.15,1,2.475,0,4.383,3.0,9.31,1,5,0,4.889,2,2,1,-2.015,2,0,1,1
3,3,6,2,1,5,0,0,6,3,5,7,2,3.826,2,4,2,4,4.697,4.358,618.47,5,6.146,0,0,6.447,0,1,3.39,2.57,1,1.959,4,5.222,3.0,8.47,2,4,6,8.474,6,1,6,4.982,7,1,5,1
3,3,2,5,0,1,1,5,7,4,3,7,0,-3.335,5,0,4,7,0.3,0.426,0.0,6,-0.123,7,0,1.46,5,6,1.607,4.03,3,-0.538,5,0.247,0.0,1.23,6,4,2,-0.891,3,3,1,0.306,7,2,1,0
1,2,3,6,0,0,4,1,4,0,2,6,2,4.084,7,3,3,0,-0.723,1.538,0.0,0,1.114,3,0,-0.059,3,5,-1.444,2.12,6,2.258,0,-0.982,1.0,1.13,4,1,7,1.416,2,6,3,0.421,0,0,6,0
5,0,2,1,0,1,6,7,5,0,2,3,1,3.018,7,6,3,0,0.12,1.009,0.0,7,1.147,3,2,-0.111,5,7,0.082,2.33,7,2.259,6,-0.093,1.0,7.34,6,3,6,1.865,3,3,3,3.778,7,4,7,0
1,1,4,0,0,3,2,1,6,3,1,2,0,-0.711,4,7,1,1,-0.249,0.365,0.0,0,-1.513,0,0,0.375,5,5,0.114,2.55,2,-1.458,0,0.939,0.0,1.39,4,7,1,-1.925,2,6,3,-2.726,0,2,4,0
0,0,0,6,1,7,7,7,0,3,4,4,3,10.77,5,7,7,1,4.446,5.672,0.0,0,3.433,3,4,4.034,3,2,6.542,2.69,6,1.237,3,4.026,1.0,3.61,4,4,2,0.977,7,4,5,7.975,5,1,6,0
0,6,6,3,1,7,0,1,7,3,4,3,2,3.96,1,4,7,5,3.309,4.633,0.0,3,1.33,1,0,3.02,0,1,3.457,1.59,2,-0.276,7,3.18,1.0,4.01,3,2,7,1.517,3,1,7,0.91,6,6,0,0
6,1,3,7,0,2,0,3,6,7,1,2,0,-0.533,0,7,3,0,0.36,1.653,0.0,5,2.052,4,7,-0.18,7,0,0.618,3.3,3,0.924,1,0.891,1.0,1.47,3,5,7,2.32,1,1,3,0.195,6,1,2,0
2,7,3,7,0,6,4,5,0,7,0,7,5,4.568,4,5,4,3,1.325,2.539,0.0,4,2.303,0,7,-0.423,3,3,1.138,1.7,1,-1.602,2,1.507,1.0,3.73,2,0,0,-0.584,4,6,1,1.786,3,2,7,0
1,6,3,6,0,3,4,4,6,2,5,3,6,-1.786,2,6,0,4,1.263,0.879,0.0,0,1.274,1,3,3.224,3,2,0.836,1.2,6,-1.53,7,0.644,1.0,5.26,6,3,3,-2.038,3,7,5,-1.023,3,2,4,0
2,6,4,1,0,2,4,0,4,1,0,2,6,0.327,3,1,0,4,2.505,1.56,0.0,2,1.658,1,4,1.854,3,5,2.617,2.18,5,-0.006,1,1.983,1.0,3.61,4,5,1,0.962,6,2,3,1.375,2,4,7,0
6,6,1,1,0,6,2,1,5,6,2,2,4,-0.896,6,4,6,2,0.394,-2.593,0.0,0,2.365,3,1,0.542,5,5,1.125,2.9,2,-0.494,1,0.745,0.0,4.12,4,3,4,0.02,0,4,6,0.137,0,6,3,0
4,0,7,0,0,7,6,2,5,7,1,7,5,3.946,7,1,3,1,1.384,-2.734,374.89,1,2.422,0,5,1.82,5,3,1.539,5.16,1,1.756,0,1.613,1.0,6.99,2,1,5,2.305,6,7,3,-1.205,5,5,1,1
0,3,6,6,0,5,1,4,0,1,5,6,4,3.152,4,2,6,2,1.251,0.063,0.0,4,0.251,1,0,3.443,5,2,-1.752,5.35,6,-0.793,6,1.875,1.0,3.43,2,6,7,-0.479,1,6,4,-0.287,1,2,2,0
4,7,0,5,0,1,4,5,3,4,5,0,3,2.982,1,0,1,4,2.062,3.183,0.0,5,1.151,2,6,1.025,6,7,2.695,3.32,5,0.125,2,1.636,1.0,4.06,6,7,5,1.935,1,1,6,1.145,3,2,3,0
6,0,2,5,1,0,4,3,6,0,0,2,6,1.989,7,2,4,2,3.593,1.052,558.49,3,3.841,3,5,5.712,0,5,3.73,3.32,5,0.412,1,3.594,1.0,8.06,4,2,2,3.206,0,3,4,6.989,5,1,3,1
7,7,7,2,0,3,2,5,5,7,2,3,0,2.382,7,5,2,1,1.248,4.021,0.0,1,0.335,4,7,-1.77,5,4,0.786,2.15,4,1.429,4,0.368,-0.0,3.19,7,1,7,-1.078,1,2,0,-1.655,2,0,3,0
5,2,5,5,0,3,3,4,0,7,2,6,7,0.682,4,1,7,0,0.114,-1.196,0.0,0,-0.91,4,0,0.258,4,4,1.338,2.21,6,0.887,0,0.446,0.0,3.2,6,7,2,-0.107,1,2,5,5.041,3,7,1,0
5,4,7,6,0,4,4,0,5,4,3,3,5,2.592,0,6,7,6,1.915,0.167,0.0,2,0.896,5,0,1.83,4,6,0.529,2.29,6,-0.845,0,0.665,2.0,2.17,7,2,7,0.486,3,6,5,-0.404,1,2,5,0
1,4,4,5,0,3,2,7,6,6,0,2,2,1.388,4,3,7,0,0.146,-0.85,0.0,3,-1.037,6,1,-0.21,3,2,0.04,3.39,3,-1.375,5,0.317,1.0,3.38,1,5,3,-0.443,5,1,3,-2.655,6,7,2,0
1,2,6,0,0,2,7,3,3,4,6,4,3,-0.406,6,6,0,5,0.715,2.014,0.0,3,-1.991,7,3,2.543,2,7,0.311,4.92,6,0.974,7,1.576,1.0,2.94,2,6,5,-3.606,7,6,5,2.275,3,1,6,0
1,1,6,6,0,2,2,7,5,2,1,3,0,0.077,3,2,4,6,0.691,0.36,0.0,0,-0.388,6,1,0.369,6,4,0.896,2.5,1,0.731,0,1.031,0.0,4.74,6,1,4,2.662,0,5,6,-0.472,3,7,4,0
7,2,5,3,0,6,4,5,1,1,3,0,4,-2.094,5,5,3,3,1.029,-0.263,0.0,7,-1.065,5,6,-0.825,7,0,-0.661,2.97,4,0.62,6,-0.31,0.0,-0.25,6,2,4,-1.975,7,1,5,4.75,5,1,5,0
0,3,0,1,0,5,4,0,7,5,7,5,2,1.632,6,6,5,6,0.501,2.314,0.0,2,0.123,3,1,-0.923,1,0,2.04,1.78,7,0.621,1,0.919,0.0,3.24,5,6,6,-0.405,6,0,6,-0.187,3,1,1,0
0,1,5,0,0,0,2,4,6,2,2,7,2,6.422,3,3,0,2,2.103,3.603,0.0,7,1.08,6,6,4.014,0,4,-1.215,3.43,3,-1.308,0,1.546,1.0,3.21,7,7,3,3.336,1,1,4,3.256,6,7,1,0
2,2,3,3,0,7,5,7,4,6,2,0,5,0.587,4,7,1,7,0.73,2.817,0.0,3,1.394,3,5,0.935,7,4,3.775,0.72,1,-0.566,6,0.683,1.0,4.49,2,7,0,7.468,0,1,6,7.127,0,0,2,0
2,4,3,7,0,6,3,6,3,5,1,6,7,-0.951,7,2,3,0,1.094,4.064,0.0,2,1.728,2,6,-0.254,5,1,0.183,3.3,4,1.237,0,0.45,2.0,1.93,4,7,5,-2.889,7,5,2,0.43,6,7,3,0
5,7,1,5,1,6,1,4,1,1,4,5,7,3.832,2,0,4,0,5.69,4.101,0.0,5,5.412,5,4,3.61,6,2,6.53,2.88,6,0.308,6,5.99,2.0,2.47,3,0,5,3.957,5,0,0,3.624,0,5,6,0
5,0,3,4,0,7,0,3,6,2,3,6,1,1.933,3,2,6,6,1.122,0.704,0.0,3,2.415,2,3,1.541,3,3,0.919,3.24,2,1.628,5,-0.083,-0.0,4.24,4,2,2,-0.275,4,2,3,1.442,0,0,1,0
6,6,0,1,1,3,0,6,2,6,6,4,0,-0.684,5,2,4,6,1.919,3.689,0.0,1,2.489,1,7,-0.847,6,7,1.4,2.8,7,-0.925,0,1.615,1.0,1.96,6,0,6,1.949,4,4,2,2.284,0,2,5,0
0,5,3,6,0,1,1,5,2,6,0,7,5,-1.42,6,0,6,3,0.994,0.939,0.0,7,0.736,6,5,1.567,7,3,-0.456,3.62,6,-0.739,3,0.937,1.0,6.4,2,6,2,0.433,6,1,7,2.487,1,4,0,0
4,0,7,3,1,3,4,7,2,3,4,5,5,9.159,6,7,1,0,5.262,3.988,0.0,3,5.315,5,5,3.678,4,4,5.114,4.96,1,-0.264,3,5.161,3.0,9.3,5,4,4,2.497,1,6,6,5.919,0,7,7,1
5,0,6,7,0,1,5,0,3,3,5,5,4,6.067,7,2,5,4,0.528,3.16,0.0,3,1.669,2,1,0.586,2,7,2.131,1.06,7,0.766,4,0.819,1.0,3.89,1,4,5,-0.311,4,6,0,-0.788,2,0,5,0
6,5,7,2,0,6,2,5,6,3,4,3,7,0.986,3,0,4,0,1.427,0.105,0.0,7,0.096,6,2,2.691,4,1,2.969,3.58,6,1.056,6,1.877,1.0,3.53,6,2,4,1.702,6,7,2,3.19,7,1,4,0
4,7,7,6,0,4,6,3,6,7,4,1,1,-2.571,5,3,1,2,0.136,-4.655,0.0,6,-0.092,2,0,0.657,5,6,-1.234,3.64,3,-0.134,6,0.439,1.0,2.53,5,6,5,-0.914,6,7,2,-0.596,4,7,1,0
4,1,1,6,0,2,6,3,0,0,6,6,1,1.277,0,7,4,6,0.964,4.784,0.0,6,1.098,2,5,-1.223,1,7,1.515,2.47,7,-1.241,0,2.019,1.0,3.31,4,7,2,0.494,2,2,2,0.494,1,2,0,0
6,1,2,1,0,7,3,4,4,6,2,6,4,2.465,6,6,6,3,0.076,7.515,0.0,6,1.298,1,5,-1.543,6,0,-2.185,2.49,2,-0.003,0,0.8,1.0,3.26,0,1,1,-0.627,6,0,7,1.858,1,6,3,0
3,7,4,3,0,7,6,7,1,2,7,1,3,1.057,1,0,0,2,1.16,-0.623,0.0,2,1.251,4,6,5.73,1,6,1.243,1.68,7,0.17,0,1.453,1.0,5.96,4,3,0,5.028,7,5,4,1.571,3,1,2,0
1,2,4,4,1,2,1,2,4,0,4,3,2,3.754,6,0,4,2,1.947,1.81,0.0,1,1.207,6,2,4.003,0,4,0.754,3.74,4,-0.451,1,2.906,1.0,3.6,1,5,4,1.177,1,0,7,3.818,7,4,4,0
1,5,3,5,0,1,2,0,6,0,5,6,6,-0.522,3,2,6,0,0.622,1.141,0.0,5,-0.368,7,0,-0.31,3,0,-0.301,1.63,2,-2.349,1,0.952,0.0,4.26,1,5,5,2.828,5,0,6,0.308,4,5,7,0
2,2,6,2,0,6,5,4,3,4,3,0,3,0.776,3,7,3,7,0.434,1.334,0.0,5,0.36,6,3,-1.908,7,5,0.818,4.28,4,-0.54,0,0.318,0.0,3.43,0,0,0,1.211,0,7,7,-0.179,7,3,1,0
3,6,7,3,0,6,3,7,3,5,6,0,3,1.442,2,2,5,6,1.655,1.633,828.81,3,0.798,2,5,1.19,4,1,1.24,6.19,0,1.412,5,0.56,1.0,6.8,6,2,4,4.291,1,1,5,2.042,7,2,4,1
3,7,0,7,0,3,3,4,3,0,0,1,5,4.445,6,4,0,0,0.929,0.846,0.0,7,2.678,2,0,2.421,7,4,0.596,4.13,7,-1.358,6,1.304,1.0,2.12,0,4,6,-0.616,6,2,5,1.466,4,7,4,0
5,5,2,3,0,0,0,7,4,1,7,6,2,2.628,6,0,3,0,0.63,-0.999,0.0,4,-0.217,5,1,-1.26,5,2,1.498,2.14,0,-0.474,7,0.563,1.0,1.14,0,2,2,-0.119,5,7,4,-1.871,7,0,0,0
4,6,1,2,0,3,5,5,6,6,2,6,5,1.068,6,2,4,1,0.628,-1.473,0.0,1,-0.011,0,7,0.448,0,3,-0.422,1.77,1,0.808,3,1.653,-0.0,3.32,7,6,4,-3.01,1,3,7,0.269,2,5,5,0
7,1,3,3,0,4,2,3,4,0,5,1,1,2.162,1,4,1,1,0.539,-3.407,0.0,5,-2.15,4,4,-1.005,5,0,2.768,3.13,7,-0.171,4,0.553,0.0,0.5,5,4,0,-0.147,4,3,0,1.246,3,1,6,0
5,2,3,1,1,4,7,6,6,3,5,5,5,5.265,3,1,6,3,2.35,-1.454,0.0,1,0.663,5,0,3.493,6,7,3.587,2.22,3,-1.235,3,2.623,1.0,2.06,0,7,5,-0.167,1,4,3,4.065,6,1,0,0
3,0,0,5,1,5,2,0,1,2,2,4,0,2.48,5,3,5,0,2.955,5.821,0.0,2,1.596,4,2,2.936,0,3,1.559,5.22,6,-0.995,3,3.442,1.0,4.39,3,4,6,1.657,4,5,2,3.139,2,1,3,0
6,0,6,0,0,2,6,7,7,4,5,1,3,-0.416,1,5,2,5,-0.132,5.769,0.0,7,-0.131,6,1,4.359,5,3,-0.566,2.54,3,-1.099,5,-0.103,0.0,3.81,5,2,2,4.591,2,0,5,1.898,2,0,1,0
6,1,5,6,1,4,7,2,4,4,6,7,2,5.214,0,4,2,2,3.491,2.675,0.0,1,4.14,3,6,6.19,2,4,1.065,2.63,7,-0.187,2,2.456,2.0,3.74,6,1,1,4.348,4,0,0,4.505,1,6,0,0
7,2,7,4,0,5,4,6,4,0,7,1,7,3.628,5,0,0,0,2.212,0.828,0.0,5,3.035,2,2,1.617,1,1,2.695,4.16,4,1.297,1,2.342,1.0,4.66,0,5,7,4.888,0,3,7,2.591,0,6,0,0
7,6,6,1,1,5,1,1,7,2,2,7,7,3.258,4,0,5,4,2.869,0.108,0.0,4,2.835,7,6,4.352,1,0,3.861,2.35,3,-0.76,6,2.318,1.0,1.81,2,4,6,7.597,5,1,7,3.324,4,6,2,0
4,1,4,4,0,6,6,4,7,7,6,3,1,1.697,5,6,2,0,0.992,1.468,0.0,3,0.277,3,6,-0.965,7,6,1.634,3.16,4,1.371,5,1.392,1.0,3.61,5,0,3,-2.447,2,3,5,-2.233,7,1,1,0
2,3,5,3,1,4,6,7,6,1,6,6,5,7.047,1,1,6,7,3.864,2.678,0.0,7,4.304,2,1,6.392,2,7,1.95,3.39,2,0.24,2,4.633,2.0,2.2,6,3,5,1.616,2,0,3,4.602,7,7,0,0
2,2,6,7,0,4,6,5,7,4,4,2,4,0.479,7,0,5,2,0.857,0.331,0.0,5,0.395,7,2,1.951,5,7,1.943,2.12,4,-0.436,3,0.071,-0.0,5.13,7,1,1,3.587,0,5,1,1.708,7,3,3,0
1,6,3,2,0,5,5,5,1,3,6,4,3,0.122,6,7,6,0,0.761,4.015,0.0,0,2.323,6,4,4.433,0,5,-0.767,2.13,7,-0.175,2,-0.312,-0.0,4.44,0,7,1,-2.004,0,1,5,-0.277,0,7,6,0
7,1,4,7,1,1,2,2,6,0,5,3,1,7.194,0,2,6,4,3.107,7.909,0.0,6,3.703,2,5,5.949,4,1,3.0,4.54,4,0.547,0,3.47,2.0,6.12,3,2,6,3.366,5,2,3,1.371,5,7,1,0
1,1,3,7,0,4,7,5,7,2,4,1,2,0.966,1,7,3,3,1.292,3.2,0.0,4,0.625,3,1,2.711,4,6,0.992,2.65,7,1.116,0,0.769,1.0,1.61,3,3,5,-1.742,4,7,7,2.411,0,3,1,0
2,4,0,4,0,0,1,6,7,3,2,5,2,0.845,2,7,5,1,0.069,-1.705,0.0,0,0.062,4,3,0.738,7,2,1.085,2.74,1,1.838,3,0.342,1.0,5.97,3,5,6,2.394,7,2,4,-1.932,1,0,7,0
7,5,3,5,0,7,4,1,1,4,3,3,1,4.06,4,1,2,7,0.517,0.572,0.0,4,2.596,6,0,1.351,7,6,1.753,2.89,4,-0.306,4,0.836,0.0,5.83,7,6,1,0.815,4,7,4,-1.759,0,6,1,0
2,3,6,3,0,0,5,4,7,2,1,0,1,0.401,4,7,3,3,0.322,0.158,64.84,2,2.232,4,6,0.01,3,0,0.925,4.35,7,0.109,6,0.994,0.0,6.39,4,5,6,-0.328,0,5,5,5.605,0,2,3,1
6,6,5,4,1,4,1,2,1,1,7,5,0,5.393,0,3,7,4,2.377,2.091,0.0,5,1.783,4,1,3.979,7,3,5.45,2.81,4,0.285,0,2.751,2.0,8.23,1,4,3,5.791,5,0,4,1.591,3,7,5,0
7,3,4,3,0,0,2,7,3,3,1,3,0,0.799,4,4,6,4,-0.239,-0.104,0.0,6,0.232,2,5,-1.765,5,1,0.437,5.11,3,1.15,0,0.144,0.0,3.85,5,2,7,-1.279,5,0,3,-1.473,1,0,1,0
6,2,3,4,0,0,2,4,5,2,0,6,7,2.062,2,0,4,3,2.608,6.177,0.0,1,4.778,7,2,2.259,2,0,2.054,3.52,7,-1.511,3,3.001,2.0,3.28,5,1,2,2.765,5,0,2,0.034,4,1,2,0
6,5,1,5,0,3,5,7,2,5,0,1,1,0.752,6,2,1,4,0.904,1.969,0.0,2,1.645,1,0,2.285,6,3,-1.672,3.73,2,-0.812,3,-0.778,-0.0,2.81,2,4,1,1.545,1,2,5,-1.901,7,2,6,0
2,5,0,2,0,1,7,2,7,6,3,5,3,3.192,0,0,7,0,-0.287,-2.569,0.0,0,0.36,6,7,1.92,7,4,1.187,3.54,6,0.57,7,-0.035,1.0,7.78,3,1,4,-2.38,3,5,5,1.431,4,4,4,0
6,0,6,0,1,1,2,0,6,5,5,3,3,4.877,6,6,0,7,1.921,0.398,0.0,4,3.068,5,7,2.5,6,4,3.903,2.96,1,-0.917,4,2.413,2.0,4.16,3,5,0,1.675,7,6,7,4.3,6,1,2,0
5,2,0,5,0,5,6,5,6,2,4,7,3,-0.539,0,2,7,2,0.86,-2.773,0.0,4,1.42,3,3,3.277,1,0,0.092,2.08,1,-0.49,0,0.506,1.0,4.87,1,7,5,0.789,6,4,1,-0.49,5,5,7,0
6,5,3,4,0,1,7,2,2,0,6,5,7,2.844,6,7,5,7,1.454,1.686,0.0,6,2.432,5,5,4.651,7,6,2.241,1.29,6,2.185,7,0.236,1.0,2.18,2,7,3,2.11,2,5,3,-0.517,0,0,1,0
0,1,0,1,0,1,3,7,5,7,0,3,0,-0.258,5,0,2,4,1.91,3.827,0.0,2,3.59,1,6,2.193,4,0,3.177,3.5,6,-0.78,4,1.643,2.0,3.74,6,3,7,1.175,7,6,7,3.051,0,5,2,0
4,1,1,5,0,7,0,1,2,4,0,7,4,2.793,0,7,7,3,0.458,1.919,0.0,7,-0.54,0,6,-1.385,3,3,1.676,3.82,1,0.534,5,1.437,-0.0,3.08,6,4,5,3.113,6,3,0,0.189,6,4,7,0
3,2,2,7,1,7,4,6,4,5,3,2,7,2.722,7,0,5,1,4.764,4.706,411.79,3,5.552,0,7,4.199,6,5,4.838,4.19,1,0.631,7,3.442,2.0,6.26,2,0,5,4.898,4,6,7,1.395,5,0,5,1
7,6,2,4,0,3,2,1,5,3,5,0,5,0.823,0,1,4,0,0.37,-2.151,0.0,3,0.517,3,4,2.325,4,4,2.237,1.19,4,0.207,6,0.209,0.0,5.12,6,7,6,1.018,7,1,7,1.638,1,5,3,0
7,5,1,0,0,6,2,5,3,2,5,6,3,1.295,4,2,0,0,1.013,1.348,0.0,5,1.254,7,4,-1.93,7,6,0.008,0.3,4,0.298,1,0.222,0.0,4.2,2,3,0,1.43,0,5,1,0.38,6,1,5,0
4,0,7,1,0,7,0,3,0,4,2,7,4,1.742,5,2,0,5,2.337,3.575,0.0,4,3.864,0,2,2.153,5,4,5.763,3.91,2,0.167,2,1.401,1.0,4.23,7,6,2,2.401,3,3,1,5.194,4,6,4,0
5,5,0,7,1,4,6,2,3,6,2,7,6,6.348,0,0,1,1,3.386,0.688,0.0,2,4.36,3,6,3.757,7,4,4.13,0.79,7,1.187,2,2.29,1.0,5.06,4,2,0,5.628,7,6,5,5.596,3,0,0,0
6,0,4,6,1,3,5,4,4,6,7,1,5,3.256,5,0,5,7,3.203,4.023,0.0,2,3.503,1,1,3.617,4,5,1.514,4.31,3,-0.678,2,3.248,2.0,6.05,1,6,6,7.974,0,7,2,1.252,3,4,3,1
3,7,6,4,0,7,6,7,0,0,3,3,6,0.047,7,7,1,2,0.614,-2.675,0.0,2,-0.866,7,7,2.462,5,0,-0.61,4.04,0,0.835,1,0.387,1.0,0.95,5,0,0,-1.001,5,6,2,1.877,4,1,1,0
7,5,1,4,0,1,5,0,4,7,7,3,4,1.158,7,6,7,4,2.154,3.522,0.0,1,2.623,6,3,5.218,7,6,3.015,2.95,4,-0.301,7,1.971,2.0,4.8,6,1,2,-0.311,1,3,4,-1.534,3,7,4,0
1,6,2,1,0,4,0,3,2,5,6,6,6,3.537,3,0,1,3,1.755,3.3,0.0,4,3.122,6,1,0.905,2,7,1.016,1.58,2,-1.534,5,2.46,2.0,4.47,0,4,2,1.123,4,2,1,1.005,6,3,0,0
2,7,1,6,0,4,4,0,4,6,4,7,1,1.348,2,1,5,7,2.618,-0.507,0.0,3,2.89,0,1,1.442,7,3,-0.66,2.84,6,-1.292,0,1.849,2.0,5.38,6,7,1,0.974,7,7,3,4.571,4,2,3,0
2,1,3,0,0,7,7,5,1,2,7,3,0,0.624,2,6,0,6,1.981,3.253,0.0,2,2.065,7,7,2.523,7,1,1.588,2.94,6,-2.106,1,2.382,0.0,3.09,7,6,2,1.244,1,0,2,2.648,0,7,4,0
1,5,0,4,0,5,2,4,6,2,1,3,1,1.337,1,0,3,1,2.317,4.725,0.0,6,4.336,1,1,1.043,1,5,-0.52,1.74,0,-1.477,2,1.623,2.0,3.83,4,0,4,0.731,6,4,7,0.999,4,7,4,0
4,0,0,7,0,1,6,3,1,0,0,2,0,4.755,3,3,2,6,2.282,4.311,0.0,6,3.638,1,2,2.115,2,6,3.65,1.83,4,-1.265,4,1.848,1.0,4.82,7,1,6,2.628,7,6,1,2.303,3,7,1,0
3,1,6,4,1,6,0,2,5,4,2,4,1,3.959,0,1,1,2,4.1,0.328,0.0,5,4.338,7,6,4.693,4,3,5.057,1.01,4,-0.398,6,3.332,2.0,1.95,4,4,2,1.259,7,6,5,-0.412,2,6,3,0
4,0,2,0,0,3,5,3,1,0,2,2,4,0.83,4,5,1,4,2.184,1.657,0.0,3,4.483,7,5,2.412,2,7,3.824,4.46,5,0.675,5,1.865,2.0,9.8,6,3,3,1.145,1,4,7,0.736,6,2,3,1
2,5,6,6,0,7,6,6,6,5,5,5,3,-1.914,2,0,0,3,-0.033,0.073,0.0,0,-0.193,2,1,-1.916,5,1,1.679,4.25,7,-1.491,3,0.246,-0.0,4.44,5,3,2,3.63,7,4,1,0.01,1,7,7,0
5,3,1,6,0,3,7,3,0,2,2,4,4,-3.856,5,6,7,4,0.186,0.887,0.0,6,0.403,1,6,0.188,0,4,1.576,2.47,2,-0.284,6,0.789,0.0,4.1,1,6,5,2.458,7,7,0,0.169,6,1,4,0
3,2,5,3,0,2,7,5,5,3,2,1,3,2.869,3,0,4,2,0.861,-0.248,0.0,1,2.181,0,0,-0.533,3,1,0.246,2.83,2,1.685,1,0.691,0.0,2.95,2,0,0,3.713,4,6,2,-0.9,6,4,2,0
0,5,5,5,0,0,6,3,0,6,5,1,1,-2.864,0,5,2,5,1.366,0.67,823.35,5,3.168,2,6,-0.226,5,1,3.198,3.15,2,-1.571,7,1.363,1.0,8.8,5,0,6,6.189,3,7,3,-3.53,3,1,4,1
7,4,7,4,0,7,0,4,4,7,7,5,7,0.023,5,1,0,1,0.314,2.156,0.0,2,-0.943,0,5,-2.231,4,6,0.471,3.13,2,0.5,6,-0.332,1.0,3.8,0,1,3,2.157,2,3,5,-4.265,1,2,2,0
2,1,7,6,0,3,0,6,1,3,7,7,5,0.347,5,5,0,5,2.072,5.082,0.0,1,3.226,5,4,3.772,3,4,2.463,2.69,7,-2.01,6,1.395,1.0,2.03,0,4,2,0.04,0,5,3,1.377,6,3,3,0
0,2,3,3,0,0,6,3,5,6,2,5,1,1.783,4,7,4,6,0.29,0.228,0.0,1,-0.798,2,6,0.4,1,2,1.842,2.44,6,0.813,0,0.724,1.0,2.68,0,2,7,0.165,2,0,6,2.232,1,1,0,0
1,5,7,3,1,6,5,4,2,5,1,2,1,1.654,5,2,2,6,1.96,3.601,0.0,0,3.257,7,3,-2.257,1,3,0.307,2.9,2,1.384,6,2.473,1.0,6.52,4,7,5,0.922,3,2,3,2.239,1,0,2,0
3,7,0,4,0,1,7,3,0,1,6,4,6,0.603,6,6,1,4,1.883,-0.259,0.0,3,2.4,2,5,-1.283,6,7,1.961,3.44,5,0.587,2,1.66,2.0,8.65,7,5,0,0.812,7,5,5,2.873,0,0,1,1
0,1,4,0,0,5,0,4,4,3,5,3,4,-0.569,3,2,4,1,3.419,2.996,0.0,0,1.528,1,5,4.706,4,1,3.735,0.49,2,0.141,5,3.376,2.0,3.99,5,7,5,3.31,4,7,4,3.301,4,5,4,0
7,7,1,3,0,7,2,0,7,0,3,0,3,-1.989,6,6,6,0,2.609,3.159,0.0,3,4.844,6,2,2.553,3,1,5.714,3.15,4,0.76,4,2.188,2.0,4.21,7,0,3,1.27,5,3,1,1.527,2,6,4,0
5,0,4,0,0,7,6,2,6,3,2,0,6,0.269,4,5,5,3,0.547,2.384,0.0,7,0.806,7,3,1.79,2,3,-0.144,4.14,6,-0.568,1,0.704,0.0,3.72,3,1,6,-3.812,5,1,4,-2.522,0,3,7,0
1,5,6,3,1,1,4,3,5,6,3,0,0,4.904,4,5,5,4,3.558,1.732,0.0,6,3.362,0,5,2.173,5,0,4.231,4.66,2,-0.132,5,2.349,2.0,3.88,6,2,6,1.669,2,1,1,2.465,4,5,7,0
7,2,3,1,1,1,5,0,0,3,1,5,7,2.554,4,0,1,3,2.912,1.379,0.0,7,3.715,5,0,4.23,4,1,2.508,1.87,4,1.225,7,2.084,1.0,3.77,0,4,3,5.217,5,7,4,1.038,2,7,2,0
2,1,0,6,0,3,2,2,5,7,2,2,7,-0.942,7,4,5,7,0.883,4.163,0.0,1,2.386,2,0,-0.316,4,6,-0.432,4.21,5,1.063,5,-0.236,1.0,4.46,0,7,3,5.909,7,1,1,-0.399,5,6,5,0
1,7,1,2,0,4,7,2,2,1,3,7,4,0.703,1,3,0,7,1.453,2.557,0.0,6,1.502,1,4,4.536,3,2,-0.03,4.77,5,0.17,1,1.058,0.0,1.25,2,3,1,0.531,7,7,1,-0.903,3,3,3,0
3,4,6,5,0,1,1,6,2,1,6,3,4,-2.205,2,3,5,6,0.892,2.912,0.0,6,0.102,5,4,-1.312,2,3,-0.319,3.28,0,-1.257,4,1.258,1.0,1.91,0,7,4,-1.145,1,2,7,0.517,2,2,7,0
2,7,1,2,1,1,6,6,6,3,1,3,6,2.933,4,4,6,5,2.246,2.966,0.0,6,1.132,5,3,3.898,1,4,1.989,2.03,5,-0.34,0,2.022,2.0,4.8,4,6,7,2.881,4,5,5,1.289,6,4,1,0
0,1,7,0,0,2,3,3,0,5,6,5,7,0.543,5,5,7,7,0.405,-0.848,0.0,1,1.499,4,1,0.214,0,2,0.957,0.36,2,0.716,0,0.932,-0.0,3.32,4,1,4,0.043,3,5,4,-0.631,2,4,5,0
3,6,3,3,0,1,2,0,6,4,4,3,1,0.909,4,7,2,6,3.328,4.54,0.0,0,3.67,3,3,3.252,0,7,3.05,2.47,0,0.574,6,2.853,1.0,2.9,0,1,4,1.293,4,2,3,5.697,3,4,6,0
5,3,3,2,1,0,3,6,2,1,2,4,7,1.95,5,0,6,7,1.733,2.73,241.38,0,-0.324,1,4,-0.086,3,5,1.34,4.43,2,0.388,3,2.545,1.0,5.38,7,5,4,-0.47,5,1,3,-1.538,5,1,5,1
0,4,2,5,0,4,5,4,1,1,7,6,6,2.537,4,3,7,5,0.525,-2.21,0.0,5,-0.132,1,2,0.973,5,4,1.049,3.02,2,0.87,4,0.18,-0.0,4.96,1,3,5,-0.813,3,7,4,2.495,5,7,4,0
7,2,0,1,1,2,0,7,0,6,6,5,0,2.427,2,3,7,6,1.368,0.371,587.49,6,0.405,5,2,-1.865,0,2,1.105,5.45,3,1.308,2,0.81,0.0,8.34,7,4,1,0.136,5,4,1,-2.553,3,7,2,1
0,6,0,3,0,6,2,6,4,3,3,2,4,4.407,5,0,5,2,2.404,3.606,0.0,3,3.565,6,4,-0.773,0,7,3.877,4.69,7,1.403,5,2.138,1.0,4.35,4,3,6,3.578,6,4,0,0.111,2,5,4,0
6,4,1,3,1,4,6,2,6,3,7,5,0,6.211,2,6,0,3,1.486,-0.68,0.0,6,1.102,7,3,2.247,0,2,-1.211,3.43,7,0.14,4,1.199,1.0,2.89,0,4,5,5.041,0,1,2,2.65,5,1,4,0
4,5,6,4,1,7,4,4,5,7,3,1,3,1.504,0,6,3,2,2.447,1.106,0.0,2,5.054,5,5,4.539,5,4,1.185,4.03,3,-0.844,2,3.219,2.0,2.66,1,2,5,1.561,1,6,3,2.554,4,6,4,0
4,2,2,4,1,3,7,2,4,4,0,2,7,2.664,2,2,3,5,3.132,5.554,163.82,0,3.284,2,2,1.072,6,6,3.567,6.45,4,0.571,3,1.675,1.0,8.94,6,7,6,7.032,4,4,0,4.061,5,1,4,1
4,5,4,5,0,6,7,1,3,6,1,1,4,3.445,2,5,1,5,1.77,3.171,0.0,6,2.495,6,7,-2.875,0,6,3.876,4.33,3,-1.107,4,2.119,1.0,3.87,3,3,5,2.887,4,2,1,-0.333,5,0,4,0
5,3,6,5,0,6,3,2,1,4,0,6,2,3.238,6,3,1,7,1.849,1.277,0.0,5,2.133,7,3,2.955,5,0,2.669,2.0,0,-0.229,1,1.989,2.0,0.34,3,1,0,2.616,4,4,1,3.414,5,2,3,0
3,4,0,7,1,2,3,6,3,2,7,2,5,1.943,0,4,3,6,2.917,4.664,0.0,0,0.988,7,3,1.117,1,2,3.63,2.06,3,0.377,3,1.556,2.0,4.5,0,1,6,1.069,6,7,5,2.191,3,5,5,0
7,5,6,7,1,0,1,7,7,7,1,1,1,3.028,2,3,6,6,2.696,-1.551,625.91,0,2.77,1,1,5.039,2,0,2.619,4.93,7,-0.529,6,2.184,2.0,5.79,0,7,5,2.313,5,5,5,6.575,4,4,7,1
4,0,7,7,0,5,5,5,4,3,0,3,5,2.579,6,2,3,5,1.647,1.388,0.0,3,2.194,5,6,-1.425,7,6,1.003,2.6,5,-0.542,3,2.557,1.0,1.61,3,4,7,1.632,7,0,4,3.983,0,7,0,0
1,0,0,5,0,7,4,2,2,0,1,2,5,1.064,7,7,3,5,1.671,-1.081,0.0,6,0.659,4,4,4.136,5,7,2.099,1.92,2,0.712,6,1.912,1.0,5.42,0,4,0,1.433,5,4,7,3.03,5,4,2,0
0,2,6,4,1,1,6,5,0,7,4,5,1,2.194,3,0,3,3,4.759,6.673,0.0,6,5.51,6,5,6.981,6,4,5.213,1.93,7,-0.02,6,5.98,3.0,6.97,3,5,5,3.121,6,1,6,7.609,5,2,7,1
1,2,2,0,1,6,7,6,2,4,0,3,6,6.319,4,5,6,7,3.985,2.587,0.0,0,3.882,6,0,6.584,0,1,5.899,4.71,4,-0.007,4,3.738,2.0,3.18,2,2,1,4.334,6,5,7,2.999,0,4,4,1
0,2,1,7,0,7,4,6,3,2,4,0,7,1.038,6,6,0,5,1.94,-0.067,0.0,0,2.063,4,7,0.076,3,1,1.824,3.15,4,1.414,0,1.069,2.0,2.56,4,6,6,1.271,6,7,5,4.215,2,3,4,0
2,3,5,6,0,2,6,2,1,4,6,0,4,-2.125,0,5,0,2,0.782,2.887,0.0,4,1.405,7,0,-0.822,3,2,-3.018,3.72,5,0.335,3,0.459,1.0,2.01,1,6,0,2.106,1,1,7,-0.886,6,0,0,0
2,2,4,7,1,7,1,4,2,6,2,5,7,2.731,4,3,4,0,3.792,5.696,0.0,6,2.83,0,5,3.192,1,4,3.228,1.69,0,-1.357,2,3.688,2.0,5.75,0,1,1,6.088,4,0,1,2.391,3,3,1,0
5,6,7,5,0,2,0,0,0,5,3,4,5,0.672,1,7,3,6,0.35,2.584,0.0,0,1.309,6,0,-0.962,0,4,1.411,1.76,2,-0.145,0,1.317,1.0,2.89,5,1,4,1.014,4,1,4,-2.311,6,0,7,0
5,6,4,7,0,0,2,4,6,6,1,1,2,5.502,1,1,2,4,1.596,-1.263,0.0,0,0.149,7,0,0.758,1,2,2.037,4.92,6,0.834,4,0.168,1.0,5.55,4,3,5,1.674,4,0,0,0.913,7,0,5,0
2,6,2,5,1,2,1,2,6,2,2,2,6,-0.47,4,3,2,2,3.214,2.875,500.56,0,3.184,1,4,1.465,1,2,1.864,5.69,7,1.808,5,3.044,1.0,8.56,4,3,6,5.196,3,0,4,5.958,5,6,1,1
6,2,1,7,0,3,1,2,2,2,1,4,0,4.397,3,7,0,2,0.315,-0.314,0.0,0,0.212,4,1,0.626,7,7,-1.108,3.57,6,0.661,6,0.484,1.0,4.44,6,0,0,-0.803,2,6,4,0.732,5,7,6,0
6,6,1,3,1,1,3,3,5,4,4,7,6,1.16,1,2,0,4,3.522,4.819,363.9,2,4.641,4,7,-0.644,4,6,2.683,4.07,6,-0.37,0,4.437,2.0,9.28,4,0,4,0.378,0,4,0,3.713,3,6,6,1
2,2,6,6,1,3,6,2,4,1,6,0,0,2.812,1,1,3,0,2.396,3.828,0.0,5,1.136,2,6,2.412,4,0,2.979,3.45,5,0.37,3,2.487,2.0,6.51,2,4,0,4.895,3,3,7,1.953,2,1,0,0
6,2,6,4,0,1,4,7,3,0,0,3,2,3.934,6,0,1,1,2.034,3.305,0.0,1,1.728,1,3,-0.398,7,2,3.415,3.51,7,1.041,0,2.133,1.0,1.74,7,2,0,1.841,6,1,4,-1.259,4,5,0,0
2,2,3,3,0,7,5,3,0,5,6,4,1,4.255,1,0,0,6,2.362,0.053,0.0,4,1.304,0,5,2.381,7,2,1.646,3.26,6,-0.9,1,1.926,0.0,6.13,4,1,0,6.357,5,2,1,0.487,7,1,1,0
2,0,2,3,0,2,7,5,3,2,6,1,2,1.361,7,5,0,0,0.925,2.083,0.0,5,0.63,0,3,-0.74,0,5,2.518,-0.19,2,-0.403,6,0.515,-0.0,1.79,2,6,4,-1.415,5,2,1,3.728,0,5,5,0
3,5,5,0,0,7,5,5,2,2,1,0,2,0.738,2,5,6,4,1.984,2.097,0.0,3,2.687,3,2,-2.086,1,7,1.367,-0.21,3,0.454,1,0.784,1.0,3.51,4,1,2,-2.513,5,2,2,3.847,2,1,5,0
1,4,6,5,1,1,0,7,4,0,2,0,7,2.28,7,1,4,0,2.153,2.277,0.0,4,0.433,3,1,3.281,7,0,1.719,2.29,2,-0.456,4,1.403,1.0,1.89,4,5,2,3.703,6,4,3,1.757,3,2,4,0
7,0,0,1,0,1,0,7,2,4,0,2,5,-0.364,0,4,3,2,-0.118,-0.888,0.0,3,0.666,0,4,1.586,3,4,-1.345,0.81,4,1.372,3,0.672,0.0,2.66,1,7,7,-4.526,0,4,2,-2.172,3,4,4,0
1,5,5,1,0,0,1,0,4,6,5,2,4,-2.315,5,7,4,2,1.555,2.12,0.0,6,0.978,5,3,0.142,5,0,0.765,2.79,0,-0.095,4,0.976,1.0,6.58,5,5,3,4.362,7,1,2,-0.293,5,4,7,0
5,6,5,5,0,7,3,2,2,1,5,7,7,-2.563,2,0,2,5,1.025,0.043,0.0,7,2.513,6,3,0.242,3,2,1.224,2.78,3,-0.955,2,1.376,0.0,4.04,3,2,6,1.984,6,3,7,0.438,3,0,7,0
0,7,6,1,1,2,1,6,5,0,7,4,6,3.558,5,2,1,0,3.36,5.648,0.0,2,4.008,7,1,1.967,1,6,1.753,4.91,2,-0.039,0,2.463,2.0,2.84,6,0,2,7.021,7,2,4,6.453,1,1,0,0
0,6,6,1,0,1,2,2,5,4,0,6,7,0.121,7,0,4,7,0.219,-2.264,0.0,1,2.177,6,0,0.784,1,0,2.028,2.99,6,1.093,1,1.147,-0.0,4.76,3,7,1,-3.406,3,5,7,1.719,7,0,4,0
2,4,5,2,1,5,5,2,1,2,0,6,0,4.226,0,2,3,5,2.166,2.236,0.0,0,3.479,0,1,3.732,5,4,1.508,3.05,5,-0.062,2,3.535,1.0,3.64,4,0,1,4.396,6,4,5,3.387,4,5,3,0
3,0,0,7,1,5,3,5,7,3,1,4,3,0.336,6,6,0,3,3.416,4.622,0.0,3,3.718,4,0,1.078,2,6,-0.703,4.1,1,2.798,2,2.867,2.0,3.77,1,3,4,3.224,0,7,5,0.511,2,6,0,0
0,3,0,1,0,3,4,5,7,7,6,6,6,2.959,4,7,5,5,2.486,3.152,0.0,2,1.522,1,6,3.712,3,5,3.977,3.46,7,1.263,4,2.704,2.0,2.44,3,5,0,2.424,2,5,2,1.474,0,3,2,0
6,5,3,7,0,7,7,6,0,2,4,2,2,-2.232,4,3,7,0,0.187,2.269,0.0,6,1.277,4,2,-1.022,4,7,0.577,1.44,3,-1.202,4,-0.161,0.0,5.32,1,4,3,3.347,4,5,2,-3.397,1,4,7,0
6,7,4,1,0,3,3,4,7,7,1,1,1,3.231,7,6,5,2,0.459,2.891,547.63,1,2.754,7,1,4.198,2,4,1.491,3.01,1,0.999,4,0.509,1.0,5.59,2,3,4,5.81,6,5,3,0.599,2,6,0,1
4,1,2,0,0,3,0,5,6,3,5,6,1,4.775,5,3,4,1,2.578,4.938,0.0,0,2.168,7,3,3.329,2,1,4.08,2.39,1,0.672,1,2.742,2.0,4.57,1,7,6,0.851,0,4,4,2.241,4,6,6,0
7,2,6,6,0,3,3,4,4,3,3,5,2,0.063,6,7,2,6,1.439,0.535,0.0,6,-0.391,6,4,-1.883,0,1,1.728,2.66,2,-0.011,0,0.906,1.0,0.84,0,1,4,-2.163,2,4,4,4.108,5,7,6,0
2,1,3,1,1,3,2,6,5,1,3,2,6,2.223,3,1,3,5,3.159,4.349,828.09,1,1.049,2,0,2.701,4,1,3.217,2.12,6,1.186,5,3.406,1.0,7.63,1,2,4,5.604,6,5,3,4.037,1,4,3,1
2,2,3,1,0,5,1,3,1,2,3,7,3,3.62,0,5,2,4,0.59,2.739,0.0,7,1.134,0,3,3.435,1,6,-1.342,2.1,5,1.005,2,1.114,0.0,4.91,5,5,2,-0.029,6,4,7,-0.63,4,6,7,0
3,1,4,5,0,6,2,0,1,7,5,2,2,-1.951,5,7,5,6,1.033,0.65,0.0,0,-0.547,2,3,2.767,6,1,1.569,2.36,3,2.011,5,0.536,0.0,5.86,6,7,4,0.714,5,0,2,-0.429,2,3,1,0
5,0,7,6,0,4,5,1,3,5,0,6,4,-3.206,6,5,5,2,0.416,4.53,482.04,3,0.442,5,1,0.238,6,7,1.876,3.4,0,-0.233,0,0.865,-0.0,6.16,4,3,2,1.473,4,5,5,-2.461,4,4,4,1
1,4,2,4,0,4,2,4,3,4,2,1,4,4.853,3,1,2,1,-0.355,-1.785,0.0,1,0.222,1,6,0.368,0,5,-3.006,3.87,6,-0.578,7,-0.551,0.0,5.66,3,3,6,-1.075,0,7,6,2.509,1,6,5,0
5,3,2,0,0,4,7,6,5,4,3,2,6,1.02,7,6,1,0,0.764,-1.58,0.0,5,0.771,5,6,-0.969,1,6,2.233,0.08,7,0.952,5,0.236,1.0,5.21,5,2,3,1.639,7,6,5,-2.596,1,7,7,0
1,6,5,4,1,0,6,4,5,0,2,3,3,7.529,4,0,4,1,3.937,4.189,0.0,4,4.822,0,2,4.485,5,0,4.04,2.52,3,1.143,2,3.558,2.0,6.9,0,2,6,5.715,1,7,6,3.709,0,2,1,1
4,4,4,6,0,7,2,3,0,0,5,4,4,6.069,5,4,7,4,1.407,0.027,0.0,2,1.247,4,1,-1.705,4,5,1.93,2.83,7,-0.61,7,1.513,-0.0,3.27,6,1,3,2.493,3,1,6,2.204,0,3,4,0
1,4,3,7,0,7,5,5,5,1,0,5,5,-3.459,3,0,4,2,0.188,-1.301,0.0,1,-0.308,7,2,-0.659,6,5,0.967,3.55,6,-1.244,7,-0.345,0.0,5.96,3,1,3,0.72,3,5,6,-0.405,4,2,2,0
4,7,1,6,0,0,1,1,2,6,6,5,5,4.277,1,4,0,5,0.077,-3.746,0.0,4,2.473,4,4,-3.355,7,5,0.833,6.06,4,-1.255,7,0.226,-0.0,3.99,3,3,2,-0.071,0,7,7,3.27,3,5,1,0
6,0,0,1,1,1,6,4,1,6,3,7,6,1.278,2,7,3,2,1.372,0.906,0.0,2,2.415,0,1,5.06,1,2,4.541,3.48,7,0.812,2,1.376,2.0,1.07,3,5,3,-4.812,4,4,4,0.873,2,7,5,0
5,6,0,4,0,4,4,3,0,6,6,5,4,0.008,1,1,7,5,0.031,-0.612,0.0,3,1.137,0,7,-0.967,2,5,0.728,3.34,4,-0.466,4,1.026,0.0,4.89,6,2,1,-2.396,3,5,7,-0.449,3,0,0,0
7,6,7,7,1,0,2,2,6,7,3,0,4,9.344,3,4,2,4,3.441,-2.915,748.54,1,3.705,1,1,4.78,5,5,1.673,2.28,0,-0.23,2,3.473,3.0,7.18,0,2,0,6.209,5,6,5,6.865,6,4,6,1
6,7,2,7,1,7,5,7,7,7,5,1,0,3.033,4,3,4,4,3.051,4.165,0.0,1,3.006,0,6,5.116,3,5,3.206,3.23,3,0.62,2,4.097,2.0,3.47,2,2,3,-2.153,2,7,0,3.757,2,4,4,0
4,0,2,3,0,4,4,7,0,3,1,5,1,-1.447,7,1,1,5,1.241,1.283,0.0,2,-0.279,5,7,0.829,1,4,0.491,5.44,0,0.042,3,1.689,1.0,1.84,5,6,6,-0.379,0,4,0,-2.196,0,5,7,0
4,6,5,1,0,3,0,1,2,7,1,6,7,2.404,3,4,2,0,1.633,4.89,0.0,6,1.318,4,0,4.225,5,6,1.554,2.76,5,-0.516,2,0.25,1.0,4.65,7,4,1,1.711,2,0,1,0.615,3,4,1,0
1,7,4,0,1,1,2,0,7,2,2,4,3,-0.37,2,3,1,5,3.387,4.294,0.0,6,4.274,5,2,6.768,4,3,2.698,2.39,3,-0.303,7,3.363,2.0,2.11,5,6,4,6.113,5,4,6,3.967,3,5,7,0
5,5,5,5,1,7,1,0,2,4,7,6,4,4.702,2,4,5,1,2.312,0.636,0.0,1,3.184,3,5,5.649,3,6,4.579,4.19,7,1.316,6,3.516,1.0,7.63,5,4,0,0.763,5,2,1,0.142,7,2,6,1
4,1,0,6,0,1,1,7,5,5,3,3,5,1.842,5,6,2,6,1.725,3.663,0.0,0,2.05,0,3,1.393,3,5,1.689,3.35,3,-0.879,7,1.456,1.0,5.33,1,2,1,1.448,7,3,2,0.705,3,6,0,0
2,7,0,5,0,0,1,7,0,4,3,2,0,0.771,6,2,1,0,-0.01,-1.54,0.0,4,1.713,4,4,1.097,2,0,0.939,3.62,6,-1.211,0,-1.401,0.0,4.08,5,0,4,0.21,2,2,0,2.235,6,7,7,0
5,1,2,1,1,6,3,5,5,6,0,4,4,3.49,1,6,0,5,4.213,1.216,816.7,3,4.674,1,4,5.578,7,2,2.883,4.76,5,-0.359,6,3.448,3.0,5.4,0,7,2,0.845,7,6,3,0.248,4,4,3,1
2,5,5,5,0,2,7,3,5,6,3,4,6,-0.65,5,3,3,1,0.622,-1.1,0.0,4,2.042,5,6,-3.307,5,7,-0.896,2.68,0,-0.494,7,0.366,1.0,4.37,0,1,5,-0.689,6,6,7,-0.584,5,7,0,0
5,6,5,4,1,1,6,4,5,6,2,1,6,1.554,4,0,0,3,2.797,6.741,476.57,6,2.23,1,0,2.187,0,4,2.392,5.14,1,-0.395,3,3.866,2.0,6.28,5,5,0,6.472,4,5,7,5.108,1,2,2,1
0,2,6,2,1,2,1,6,7,6,3,1,3,7.315,0,2,2,5,2.39,0.787,0.0,3,1.87,4,6,1.927,3,0,2.273,4.99,5,1.889,7,2.883,2.0,5.25,0,4,1,1.789,2,7,3,0.04,4,5,4,1
1,0,0,0,0,1,5,7,0,4,6,7,5,1.323,6,1,6,4,1.404,4.965,0.0,4,0.786,3,2,1.41,6,3,0.296,2.51,5,0.52,4,2.319,2.0,2.38,1,7,4,0.511,0,4,6,3.112,2,6,0,0
7,6,0,1,0,4,6,0,3,4,0,3,2,2.781,1,5,1,2,2.594,2.131,309.17,1,-0.266,4,2,-0.721,6,2,1.064,6.91,3,-0.492,6,2.229,1.0,3.67,1,1,4,0.81,1,6,3,-0.605,4,5,4,1
0,1,0,0,0,3,1,3,2,7,7,0,2,0.243,6,2,7,4,1.547,0.963,0.0,7,0.522,7,3,4.11,5,0,0.954,5.5,7,-1.738,6,2.943,1.0,5.18,7,3,3,4.51,1,0,4,0.211,7,1,3,0
4,7,4,0,0,2,3,5,1,2,0,7,2,2.101,6,7,1,4,1.529,-3.164,0.0,6,1.918,3,5,0.805,5,3,2.215,6.15,6,0.635,0,1.833,-0.0,5.33,5,2,6,1.949,6,0,2,-1.275,5,4,1,0
6,6,0,4,0,4,1,1,2,6,6,2,7,3.688,1,7,6,1,2.032,1.889,111.11,5,0.807,5,7,0.926,7,4,2.096,3.63,4,-0.283,5,1.801,1.0,5.31,7,5,4,2.75,4,4,4,2.028,0,6,7,1
1,3,3,1,0,5,4,4,7,0,6,0,7,-2.294,2,7,0,6,2.031,-0.407,0.0,0,1.45,5,5,-1.896,5,3,4.633,2.64,5,-1.629,5,1.021,2.0,6.13,4,7,3,2.59,4,4,4,5.483,2,4,1,0
6,6,4,0,0,6,2,4,3,7,1,2,0,0.898,0,2,4,1,0.88,0.545,0.0,7,-0.122,6,5,-1.577,2,6,4.528,3.57,0,-0.112,2,0.428,1.0,0.28,7,4,1,0.568,2,1,0,0.708,2,4,3,0
2,6,1,5,0,3,5,7,6,3,4,2,4,5.465,0,1,5,6,1.879,1.984,0.0,2,3.426,0,2,0.387,3,3,1.266,3.05,4,1.105,3,1.683,0.0,4.93,7,5,3,2.954,6,3,3,0.619,4,3,6,0
6,0,3,5,0,7,2,2,6,3,4,4,6,-0.395,2,5,3,2,0.214,1.059,0.0,7,-0.067,0,1,0.85,4,7,0.699,1.59,1,0.703,2,0.184,0.0,3.65,4,0,5,-0.974,3,4,2,3.044,0,2,0,0
2,4,3,2,0,6,7,5,6,1,4,2,5,-0.336,4,3,7,7,1.075,0.051,0.0,6,3.336,3,1,2.586,1,5,2.663,3.59,1,-0.207,3,1.368,1.0,4.34,6,0,5,-0.317,3,2,0,-2.854,7,6,0,0
6,0,1,1,0,5,2,7,7,6,5,5,3,1.014,6,0,4,7,0.837,2.796,0.0,4,-0.676,2,0,2.407,0,5,0.711,2.85,2,-0.015,6,-0.153,0.0,3.79,6,7,4,0.055,3,2,5,-2.969,6,3,3,0
4,3,0,1,1,6,6,0,1,4,7,4,4,5.859,0,3,3,1,4.003,1.88,0.0,1,3.357,1,0,6.401,5,4,3.092,-0.33,2,-1.349,4,5.391,2.0,5.94,4,0,0,6.404,0,7,7,4.629,6,1,1,0
5,3,0,0,0,5,2,6,7,5,7,5,3,1.64,0,7,4,6,0.509,3.377,0.0,4,1.446,0,2,-1.167,2,4,-0.98,3.0,3,1.124,7,0.997,1.0,2.68,2,4,5,4.466,6,5,5,-1.392,3,7,5,0
2,5,2,7,0,0,1,2,6,0,3,7,0,5.359,7,2,2,1,1.48,-1.827,0.0,5,1.55,5,5,1.721,1,1,1.255,1.93,1,0.314,1,1.282,1.0,2.97,6,0,2,1.314,0,2,5,3.254,0,2,7,0
6,1,2,1,0,2,1,6,1,5,2,4,2,2.894,6,2,7,7,1.237,-0.425,0.0,0,-0.217,2,1,0.681,5,7,0.197,3.94,6,-0.385,2,2.141,-0.0,4.8,3,5,7,4.67,2,5,3,0.394,0,3,3,0
5,2,2,1,0,0,5,6,4,7,3,1,5,-0.351,1,3,7,5,-0.165,-0.443,0.0,2,0.709,7,7,-0.697,7,2,0.384,2.34,1,0.447,2,0.054,0.0,4.6,2,1,3,0.699,0,7,4,0.658,3,0,1,0
6,5,3,1,0,2,0,1,4,5,6,4,5,1.174,6,2,7,3,-0.245,1.765,0.0,4,-1.706,4,1,4.366,4,5,1.601,2.52,5,0.049,1,0.341,-0.0,0.94,7,4,2,-3.009,4,0,3,-2.239,1,4,6,0
5,7,2,0,0,4,4,5,6,4,4,2,0,1.849,4,2,7,3,0.365,2.606,0.0,5,2.233,1,4,-0.663,5,0,2.07,3.38,6,-1.464,2,-0.08,1.0,3.53,6,1,7,-1.535,6,7,5,1.528,7,4,4,0
2,1,6,4,0,2,5,4,0,4,4,5,1,-2.945,6,7,1,3,1.147,3.127,0.0,3,0.337,3,5,-1.29,6,7,-0.004,3.43,3,-0.532,1,0.194,1.0,5.32,1,7,0,0.101,4,7,1,-0.266,7,5,6,0
3,1,3,4,0,0,0,0,7,1,7,6,2,0.501,7,1,7,6,0.666,-0.217,0.0,3,1.499,0,6,-0.722,1,3,1.406,1.21,7,-0.476,0,0.126,0.0,3.27,7,7,0,-1.854,6,3,6,-2.259,0,3,4,0
4,0,3,7,0,2,5,1,3,1,4,6,3,1.458,6,1,0,7,1.734,3.728,0.0,5,0.325,0,6,3.951,6,0,2.537,4.95,0,0.033,3,2.471,1.0,9.14,3,7,1,3.405,2,3,0,0.593,3,4,2,1
2,5,7,7,0,3,7,0,1,5,2,0,0,-0.981,2,3,7,0,0.49,-4.694,0.0,7,0.253,5,4,0.646,6,3,1.226,3.87,3,-0.201,1,0.843,1.0,1.71,5,7,1,1.731,2,4,7,1.225,0,4,7,0
5,7,0,1,1,5,5,4,5,7,5,6,1,1.945,2,4,5,0,4.639,1.107,0.0,6,4.041,6,6,2.733,2,5,5.957,3.72,6,-0.43,0,3.535,2.0,4.11,5,1,2,2.61,6,2,4,0.46,4,4,4,0
2,1,7,3,0,0,4,6,6,4,2,0,6,1.827,5,2,1,5,0.898,-0.473,0.0,7,1.559,4,3,0.677,1,1,1.984,1.5,6,2.586,6,1.976,1.0,0.99,0,3,5,6.779,2,2,0,1.231,5,5,2,0
2,5,2,0,0,3,6,3,1,2,5,4,3,1.05,7,0,3,0,-0.702,-4.348,0.0,3,0.607,3,5,-0.03,7,3,-0.389,3.51,6,-0.194,0,0.468,0.0,4.5,4,2,7,3.937,2,4,1,-4.034,7,0,7,0
6,4,6,2,1,7,7,7,4,7,3,6,3,1.544,7,6,1,5,3.784,4.237,0.0,1,2.978,0,2,3.432,4,3,4.6,2.71,2,0.247,5,3.644,1.0,4.08,4,4,7,1.888,5,7,2,-0.035,7,5,3,0
2,3,1,7,0,4,6,7,5,5,7,7,5,0.652,5,2,0,5,1.83,0.28,0.0,6,0.126,4,2,0.103,7,3,1.217,3.78,7,-0.002,3,1.876,1.0,3.77,0,4,1,4.636,1,5,2,3.196,1,0,0,0
4,2,1,7,0,2,2,6,0,4,2,3,5,2.741,1,7,2,0,2.914,2.68,0.0,7,2.174,0,7,3.515,5,3,4.145,2.23,1,-0.305,1,2.003,1.0,3.01,0,7,5,1.292,7,5,0,0.426,4,7,3,0
6,5,1,7,0,2,0,7,1,2,7,4,4,1.118,7,5,2,1,1.046,2.636,0.0,0,-0.466,3,1,0.098,2,3,2.01,0.11,2,0.314,2,0.867,1.0,5.56,2,3,2,-2.176,0,5,4,2.745,3,6,1,0
6,0,5,5,1,1,3,2,4,5,6,1,2,3.618,5,6,6,4,3.302,0.112,0.0,1,1.485,2,1,5.12,2,5,3.801,4.97,1,0.544,2,2.598,1.0,3.91,6,3,0,2.838,1,2,0,2.226,4,2,4,0
2,5,1,4,0,6,6,0,1,1,1,7,7,0.515,3,4,5,1,0.227,-1.951,0.0,3,-1.33,1,6,3.535,2,5,1.964,2.44,3,-0.287,1,-0.097,0.0,6.68,3,1,3,1.556,2,1,7,0.288,3,2,6,0
0,6,4,6,0,7,6,1,5,5,3,4,4,4.141,3,4,7,4,1.517,1.607,744.31,4,0.896,2,2,5.369,1,7,1.22,4.37,6,0.992,7,1.543,1.0,7.83,0,1,3,4.042,5,0,0,3.39,0,7,4,1
0,3,1,4,0,3,5,7,6,3,4,5,4,-0.48,1,3,5,1,0.604,4.529,0.0,0,1.849,2,5,-0.595,4,5,-0.435,2.73,5,0.401,1,1.077,1.0,2.75,1,6,6,3.159,5,1,2,2.083,0,4,1,0
1,0,3,0,0,3,1,2,2,6,6,1,7,1.107,5,1,5,3,1.129,0.133,0.0,4,0.202,2,2,2.058,6,7,1.37,1.04,0,-0.322,4,-0.039,1.0,1.58,6,4,0,2.472,5,7,3,-0.135,4,6,1,0
0,7,2,7,0,2,5,3,6,2,3,4,5,0.268,2,2,3,2,1.633,-0.54,0.0,5,2.223,1,4,2.913,7,4,3.116,0.32,1,-0.786,0,1.855,1.0,2.85,6,1,6,5.228,5,6,4,0.83,6,3,5,0
4,5,2,6,0,3,7,3,7,7,6,5,4,4.661,6,6,3,0,0.029,2.981,0.0,7,1.343,6,6,1.375,6,1,-0.674,1.21,4,-1.826,0,1.047,1.0,6.27,7,7,5,-2.226,4,0,0,2.257,7,6,5,0
7,0,6,6,0,3,1,3,0,6,1,2,4,0.259,7,7,2,1,1.478,1.105,111.55,0,0.409,5,5,-0.088,0,4,2.209,4.65,3,-0.146,1,0.862,0.0,7.92,2,2,0,2.879,4,3,6,0.443,6,0,6,1
3,7,7,2,1,4,5,3,1,2,7,0,0,8.025,0,7,5,0,5.216,2.186,0.0,2,3.158,6,4,4.33,6,0,6.438,3.44,4,0.831,0,5.367,2.0,3.12,2,2,1,7.881,0,2,5,4.494,7,4,0,0
4,2,2,2,0,1,2,6,1,1,5,7,5,-1.353,4,0,5,6,0.979,-1.205,0.0,0,1.605,0,1,1.544,4,6,0.26,3.5,4,-0.046,7,0.186,0.0,2.02,2,6,5,-1.423,0,3,3,1.22,3,0,5,0
5,6,3,0,0,0,3,5,1,0,7,1,3,4.956,4,3,1,6,1.179,8.59,0.0,7,2.293,0,2,2.905,4,2,0.74,3.04,6,-0.288,3,1.131,1.0,6.11,7,7,0,-0.17,6,0,4,5.053,2,5,5,0
2,3,4,4,0,4,7,1,3,0,1,7,6,2.86,2,7,5,5,0.126,0.207,0.0,6,1.134,7,5,-0.851,4,4,1.439,5.32,7,0.599,3,-0.917,-0.0,7.06,4,5,0,-1.515,4,1,1,3.112,6,7,5,1
7,6,6,4,0,1,6,4,1,7,5,1,4,5.424,1,3,3,4,1.383,-0.968,0.0,6,1.366,7,0,0.687,2,2,1.714,3.0,6,1.208,4,0.724,1.0,6.82,0,5,4,4.921,1,0,6,-2.281,1,2,4,0
2,5,3,6,1,1,6,7,4,3,4,6,6,3.911,5,1,5,5,2.573,2.02,171.38,4,3.364,5,6,1.457,6,6,1.9,2.56,0,-0.905,3,3.156,2.0,6.33,0,7,3,3.207,6,4,1,3.459,2,5,3,1
1,0,2,1,0,4,6,3,1,7,6,5,0,0.742,6,7,1,5,1.416,0.365,0.0,3,1.46,4,5,0.281,7,1,-1.296,3.15,6,-0.103,3,1.713,0.0,4.11,2,1,3,-0.531,1,3,5,2.511,4,3,3,0
6,0,1,7,0,7,2,1,2,1,1,0,4,3.767,4,1,4,7,0.004,2.491,0.0,7,0.051,4,2,1.334,4,0,0.22,4.75,0,0.166,7,-0.313,1.0,6.23,7,2,6,-1.637,4,4,1,-0.453,0,1,5,0
0,6,7,1,0,7,2,0,5,7,7,1,2,3.859,1,6,6,4,3.308,4.149,672.33,0,2.803,7,5,3.016,3,6,2.718,2.46,7,-0.943,1,1.944,2.0,11.2,1,5,6,9.407,3,7,6,5.668,5,1,6,1
3,6,5,1,0,5,6,2,7,2,5,0,7,2.423,2,1,3,6,3.474,3.75,0.0,2,3.035,7,4,3.232,6,6,1.773,0.5,0,0.941,4,2.337,2.0,1.91,2,4,0,0.783,2,0,2,5.517,3,7,6,0
0,2,7,1,0,1,0,7,4,6,3,5,7,1.217,1,3,7,6,1.851,5.377,0.0,7,2.482,4,1,0.821,0,3,1.978,1.55,1,0.499,5,1.138,1.0,4.85,2,5,4,1.066,5,3,7,2.219,6,5,6,0
6,4,4,7,0,4,4,1,0,3,7,4,4,1.829,2,6,1,0,0.725,-2.268,0.0,5,1.967,6,7,-0.75,3,0,1.257,2.99,7,0.707,7,1.232,1.0,3.6,7,7,7,-2.201,7,2,1,3.787,7,6,1,0
5,5,7,7,1,6,1,4,2,1,2,7,0,1.367,5,2,4,4,1.977,-0.113,0.0,1,2.836,4,4,-0.136,6,5,-0.93,2.42,6,-2.088,3,1.701,1.0,4.97,1,2,7,4.909,7,5,5,-0.477,1,2,6,0
5,1,5,1,0,0,7,5,0,4,5,1,1,1.448,4,6,2,4,0.436,-1.99,0.0,2,-0.043,3,4,-3.069,1,7,0.189,3.43,3,-1.493,1,1.002,0.0,6.72,3,5,2,-2.643,7,1,4,-1.489,4,2,2,0
0,2,5,0,0,1,1,4,7,1,2,4,7,-2.929,2,3,6,0,0.877,3.85,0.0,5,0.786,5,7,-0.602,5,3,1.459,2.26,1,-2.099,6,1.482,0.0,3.0,7,6,2,3.09,7,3,3,1.724,0,0,5,0
4,7,7,0,0,2,1,2,4,1,5,6,0,-0.958,0,4,1,4,0.784,1.858,0.0,7,1.891,3,1,0.619,3,7,1.08,2.51,4,0.01,5,1.496,0.0,3.73,1,2,6,-0.689,4,3,3,1.242,2,3,7,0
1,0,5,6,0,5,6,3,6,3,3,4,2,3.98,1,4,2,0,2.002,4.297,0.0,0,2.968,1,3,3.009,4,5,0.386,3.68,0,2.044,0,2.505,1.0,4.45,5,1,5,2.584,3,5,7,0.683,6,3,1,0
6,2,4,7,0,1,0,6,5,7,5,4,5,1.672,0,7,3,0,1.031,4.096,0.0,1,2.538,5,5,-0.28,2,3,-0.459,4.29,1,-0.551,5,1.074,1.0,3.56,6,7,1,3.235,2,1,7,4.744,1,6,6,0
3,7,7,1,0,2,4,6,3,0,2,5,1,0.951,7,0,6,4,0.403,1.865,0.0,2,0.178,0,5,0.228,7,0,1.608,1.22,5,-0.835,7,0.336,1.0,3.87,0,7,7,0.531,6,3,7,4.548,4,6,1,0
7,4,7,4,1,2,3,1,0,2,3,3,2,3.837,3,6,1,2,5.084,6.186,0.0,0,5.609,2,0,5.545,6,5,5.345,3.57,3,-0.231,0,5.866,3.0,7.48,3,0,1,6.885,2,7,4,0.674,5,1,7,1
4,3,7,7,0,5,2,5,3,2,3,6,4,-5.739,1,5,4,4,0.396,-3.554,0.0,0,1.84,7,0,-1.208,1,3,0.944,3.2,4,0.061,5,1.038,1.0,4.05,5,6,5,5.469,5,2,6,-1.644,2,4,6,0
2,0,4,4,0,5,0,6,5,4,7,6,3,0.253,0,6,1,5,-0.282,-1.594,0.0,7,0.967,2,2,1.778,7,7,-0.974,5.01,4,-1.099,5,-0.357,0.0,2.5,4,6,6,-0.736,2,7,5,-2.337,5,0,1,0
2,3,7,0,0,7,3,2,5,6,4,7,2,-1.32,1,6,7,0,1.163,-0.53,0.0,4,3.271,5,1,0.441,0,0,0.797,2.38,6,-0.474,1,1.285,0.0,4.85,3,3,2,2.09,1,5,3,1.527,0,7,3,0
3,0,3,0,0,2,3,2,4,5,0,7,1,1.429,2,2,4,5,1.118,2.267,0.0,4,0.015,5,1,2.822,2,2,0.793,1.6,5,-1.089,7,1.697,1.0,4.58,4,4,0,2.45,3,2,5,0.25,5,4,7,0
6,7,1,7,0,2,4,1,3,0,2,4,4,-1.584,4,4,0,0,2.254,2.553,0.0,5,1.547,7,5,0.705,1,6,0.268,3.14,6,0.477,4,1.213,1.0,5.71,4,6,0,3.221,3,2,2,-2.315,0,0,6,0
3,0,3,6,0,1,0,2,6,5,0,7,7,0.958,0,4,1,2,1.059,-2.898,0.0,4,0.475,4,2,-1.196,5,7,0.963,3.84,1,-0.498,4,0.262,0.0,4.91,3,6,3,0.696,6,4,4,-1.476,2,2,3,0
1,1,3,2,0,0,6,6,5,2,0,6,4,1.596,6,6,1,6,2.639,2.263,0.0,7,4.573,0,4,-1.296,3,5,1.855,2.97,4,0.395,1,2.261,2.0,2.3,7,0,2,5.387,4,2,2,0.884,0,6,3,0
3,7,4,6,0,7,1,4,2,4,4,2,2,2.306,2,0,3,2,0.789,2.711,0.0,6,1.16,5,4,-2.733,4,2,-1.824,2.13,5,-0.39,4,0.015,0.0,5.12,2,3,0,4.322,5,2,4,5.214,3,6,3,0
5,7,7,7,0,5,4,7,0,3,0,2,3,-1.259,3,4,3,6,-0.183,0.734,0.0,6,0.592,4,4,-1.141,4,4,0.203,-1.16,2,-0.208,6,0.074,-0.0,2.97,2,0,7,-0.294,5,4,0,-2.065,3,6,5,0
3,2,5,5,0,6,6,6,3,5,4,0,6,-2.035,2,1,6,1,1.719,2.84,0.0,3,1.597,3,5,-0.42,2,6,2.073,2.22,0,-0.205,1,1.175,1.0,7.21,5,5,7,1.916,7,0,1,-0.695,1,1,3,0
3,0,2,4,0,7,3,5,5,7,2,5,1,0.224,3,1,2,6,1.381,-0.101,0.0,1,0.686,2,3,-2.774,2,2,0.807,2.7,2,0.257,3,0.412,1.0,2.1,7,6,2,2.992,1,1,0,-0.863,1,6,7,0
2,5,1,6,0,6,7,3,3,1,0,1,2,-0.491,6,2,3,4,0.672,2.669,0.0,1,2.467,5,4,-0.513,7,1,0.402,2.9,6,2.308,2,0.124,1.0,5.41,6,0,1,0.974,6,4,2,4.575,1,0,6,0
5,7,5,1,1,5,3,5,4,6,4,0,0,-0.43,0,4,4,1,1.475,0.723,0.0,5,0.783,3,1,2.074,7,6,4.329,3.21,0,-0.546,5,1.875,1.0,4.04,1,6,1,3.221,0,3,3,1.118,1,0,6,0
0,2,6,7,0,6,5,5,5,3,3,7,0,-5.575,0,6,1,0,0.385,1.111,0.0,7,-1.342,3,5,1.521,0,2,1.588,3.26,5,-0.519,4,0.659,1.0,4.21,1,7,7,-1.776,6,4,7,-1.201,4,3,5,0
1,1,0,3,0,6,7,7,7,1,5,4,4,-2.096,1,5,0,6,1.244,5.104,0.0,6,0.963,3,2,2.454,1,6,-0.871,2.15,7,0.227,1,1.409,2.0,5.27,4,3,5,-0.576,1,5,2,-0.806,7,4,0,0
4,1,3,3,1,0,3,3,2,5,7,7,5,1.026,7,5,7,7,3.862,0.76,503.85,4,4.116,3,7,5.67,2,3,6.195,2.69,1,0.855,4,3.123,3.0,5.96,1,3,7,2.235,4,5,5,3.528,2,1,0,1
5,1,3,2,1,7,7,4,4,5,4,3,1,0.754,6,1,2,1,2.352,3.439,0.0,2,2.749,7,4,3.859,5,1,2.881,5.23,5,0.219,6,3.238,2.0,6.25,1,5,6,7.048,7,0,6,7.519,0,7,4,0
5,6,3,7,1,6,0,4,6,7,2,0,7,5.705,4,0,1,2,2.668,-0.742,0.0,0,2.886,1,7,4.155,4,1,2.234,2.79,6,1.662,4,2.099,2.0,4.17,0,4,6,1.843,7,5,6,5.292,4,2,3,0
5,1,4,2,0,7,7,7,7,7,7,2,5,-0.856,1,2,0,1,0.519,-0.833,0.0,3,1.298,6,1,3.018,7,3,-2.943,4.09,3,0.229,0,0.881,1.0,4.98,5,5,4,2.949,7,1,7,1.773,4,7,7,0
2,1,6,1,0,4,5,5,5,6,7,6,7,-0.676,2,5,4,0,0.324,-0.583,0.0,2,1.716,7,4,3.357,0,4,1.785,4.12,5,-0.563,6,0.373,1.0,6.87,0,1,6,1.843,0,4,0,5.049,5,2,2,0
2,1,0,6,0,5,1,2,7,7,7,2,2,2.31,6,2,2,5,2.363,-3.099,0.0,1,2.094,6,7,2.232,2,1,2.347,0.13,3,-2.176,1,2.722,1.0,6.87,4,5,3,0.208,3,4,3,1.406,0,7,7,0
0,2,2,2,0,0,1,4,3,1,1,6,2,2.979,7,0,1,5,2.562,1.723,0.0,2,2.14,5,4,4.329,5,1,1.156,2.58,4,0.831,4,3.437,2.0,4.12,0,2,5,3.824,6,4,4,6.428,2,2,2,0
1,2,5,4,1,7,5,2,7,6,1,4,1,7.201,3,6,3,3,5.878,8.476,524.02,0,6.747,3,3,5.944,4,1,7.176,2.9,5,0.41,6,6.182,4.0,8.6,4,5,2,7.022,1,4,3,6.739,6,0,3,1
4,1,2,2,0,3,3,4,5,3,7,0,6,-0.01,5,3,4,7,0.688,-0.923,0.0,2,0.326,6,6,3.047,0,7,-0.355,1.26,6,-1.636,7,0.336,1.0,3.02,7,4,6,-3.749,1,1,0,3.371,7,4,2,0
7,0,7,3,0,7,5,1,0,5,7,3,2,-1.844,7,7,0,7,1.244,-1.252,0.0,7,3.444,0,7,0.529,1,4,1.207,3.22,3,-1.344,2,1.97,1.0,4.18,1,2,4,5.671,2,4,1,-0.159,5,7,6,0
2,6,7,7,0,3,3,3,2,7,4,5,5,0.766,1,3,4,0,1.962,-0.507,0.0,4,1.012,6,1,-1.721,0,5,2.05,5.13,3,-1.145,0,2.104,1.0,3.58,2,5,5,-1.798,6,5,6,1.119,1,4,5,0
3,4,5,1,0,2,7,1,5,2,4,2,7,0.709,5,3,2,1,0.886,4.994,0.0,3,0.015,7,6,1.5,2,7,0.988,2.8,2,-1.128,0,0.334,0.0,4.32,1,5,5,2.321,2,7,0,0.198,6,4,4,0
7,2,3,4,0,1,4,5,5,3,6,5,0,-1.055,0,6,3,0,0.361,3.287,0.0,0,2.388,4,5,2.912,7,3,0.509,4.04,2,-2.24,1,0.787,1.0,4.23,4,4,2,-1.498,7,6,7,3.497,0,6,3,0
7,6,1,1,0,4,3,0,7,6,3,2,1,0.512,7,1,4,3,0.682,-1.377,0.0,4,-2.417,5,7,0.103,7,4,0.145,1.4,1,0.605,1,1.475,-0.0,4.21,4,3,3,-1.707,2,2,4,2.961,6,6,7,0
0,5,3,6,0,2,7,3,7,4,4,3,0,0.107,0,1,1,7,0.516,-3.065,0.0,1,0.892,4,4,-0.817,7,2,0.171,2.23,5,-0.849,3,1.492,1.0,6.11,0,4,4,0.565,1,4,3,-2.635,6,7,7,0
0,6,7,6,0,6,5,4,1,4,1,6,3,2.466,2,1,5,5,1.066,-0.199,0.0,1,0.851,1,3,1.362,3,0,1.669,2.46,0,-1.356,5,1.229,1.0,2.04,4,1,3,0.782,6,5,1,-4.126,1,6,0,0
1,1,4,1,1,7,6,0,1,1,2,3,5,-0.356,7,2,5,0,3.078,6.821,0.0,2,3.405,1,3,4.643,4,3,3.221,2.97,7,1.451,4,2.49,2.0,-0.19,1,7,0,3.278,3,4,1,1.484,0,3,2,0
4,2,7,3,0,2,6,2,5,6,2,2,0,3.163,6,7,6,6,1.228,3.272,0.0,7,1.817,6,1,-0.989,2,1,1.279,2.48,5,0.875,6,1.567,2.0,5.34,2,7,0,1.825,3,1,2,1.968,0,4,4,0
3,6,2,0,0,0,2,5,0,1,4,7,4,0.002,4,7,7,7,0.78,0.725,0.0,7,1.368,4,5,0.671,2,6,-1.259,4.73,5,1.659,5,0.018,-0.0,3.55,1,1,1,1.599,0,6,7,1.781,2,6,0,0
2,3,7,4,0,6,6,0,0,6,2,6,2,3.89,2,6,2,4,0.858,3.272,0.0,3,-0.051,3,1,-3.353,5,2,-0.68,-0.3,2,-0.659,4,1.21,0.0,2.93,5,0,1,3.773,7,1,1,2.908,2,3,4,0
4,5,3,4,1,4,1,3,6,6,4,5,7,2.497,1,1,7,7,1.798,1.031,0.0,6,0.514,1,7,3.219,6,4,1.578,3.97,0,0.181,6,1.332,2.0,4.09,6,7,0,4.019,2,6,0,3.743,5,4,2,0
5,7,1,5,0,2,1,3,0,2,0,2,4,0.059,1,7,2,2,2.285,-0.031,0.0,1,1.663,6,1,4.168,1,2,-1.861,-0.26,6,1.893,6,1.976,2.0,5.37,5,6,1,-0.707,1,1,1,6.113,6,5,1,0
4,6,5,0,0,7,7,3,7,7,5,4,0,2.042,6,6,6,7,0.452,2.916,0.0,7,-0.126,2,3,2.104,3,2,2.065,4.28,2,-1.101,7,-0.013,0.0,6.47,4,3,4,1.864,6,1,3,-2.519,1,0,0,0
6,6,1,0,0,2,5,2,0,6,4,4,3,-0.382,5,3,0,4,1.586,0.082,0.0,1,0.989,3,4,0.725,0,1,1.301,2.6,6,0.449,3,1.438,1.0,3.95,3,3,3,0.883,2,2,1,-1.893,0,6,4,0
0,1,4,5,1,5,6,4,5,0,4,7,0,2.726,0,1,4,0,3.013,0.602,371.44,5,4.223,3,3,2.408,4,3,0.587,4.18,3,1.19,0,3.086,2.0,4.16,5,7,2,5.944,2,5,3,5.639,3,2,1,1
0,1,3,5,0,0,4,1,1,0,2,4,2,0.419,6,2,1,7,0.401,3.564,0.0,4,2.966,4,5,-0.529,7,3,-0.9,2.03,6,-0.662,4,0.544,0.0,3.84,6,5,5,2.872,2,3,6,1.21,3,7,1,0
2,3,6,5,0,3,0,1,4,0,4,3,0,2.542,4,4,1,1,0.728,-0.79,0.0,5,1.234,4,6,0.309,1,1,1.862,1.09,5,-0.117,1,0.463,1.0,4.86,1,7,0,0.706,3,5,6,1.165,3,1,7,0
7,7,1,1,0,0,1,5,7,2,7,4,3,2.146,1,7,0,3,1.137,4.266,0.0,1,2.015,2,5,1.494,4,6,3.02,3.06,4,1.241,1,1.19,0.0,5.91,7,3,4,-0.498,2,4,6,-1.894,1,7,4,0
5,4,7,7,0,5,7,5,2,1,7,4,2,3.781,1,2,0,4,0.38,-1.005,0.0,1,-0.628,0,3,1.048,2,3,-0.961,4.08,0,0.872,5,0.705,-0.0,2.63,5,3,2,-0.716,4,4,5,-0.519,1,6,4,0
1,5,6,7,1,7,1,1,3,0,5,1,3,2.595,1,4,7,1,1.667,1.942,0.0,3,2.176,1,1,1.506,2,2,1.307,2.69,6,-0.838,1,2.528,2.0,4.02,6,1,5,4.416,4,7,4,3.201,1,0,7,0
3,6,4,6,1,7,2,0,0,2,6,4,0,-0.065,0,1,2,7,2.854,3.305,222.7,2,3.142,4,6,2.067,3,6,1.981,3.44,2,2.026,4,3.185,1.0,9.75,7,1,2,4.142,4,4,6,4.811,5,7,4,1
5,4,6,4,1,6,6,0,7,3,1,1,5,5.742,6,2,2,6,4.867,1.431,0.0,0,3.791,2,6,3.984,3,4,2.297,4.65,2,0.031,2,5.039,3.0,6.92,1,3,2,2.521,4,0,0,1.19,4,5,1,1
1,4,5,7,1,0,7,5,3,5,7,7,0,4.445,6,3,6,3,2.04,4.704,0.0,0,2.607,1,5,1.7,5,0,0.121,1.52,5,-1.691,3,1.918,1.0,5.05,5,2,1,2.121,3,1,7,3.713,2,7,5,0
0,0,2,1,0,3,4,4,6,5,6,2,4,6.233,6,4,2,7,-0.09,-1.984,0.0,6,1.053,3,6,1.859,3,4,-0.057,0.19,4,0.63,6,0.785,1.0,4.91,2,5,2,-0.172,7,3,7,-2.998,3,1,2,0
1,5,2,7,0,1,3,6,7,7,6,0,2,-0.466,7,1,5,7,0.863,2.713,0.0,7,-0.504,6,6,2.461,6,5,1.081,4.83,3,-1.988,2,0.334,1.0,4.56,4,0,1,1.85,7,5,5,-1.093,1,3,7,0
2,4,4,0,0,6,4,6,6,7,2,7,2,1.347,5,3,7,7,1.761,1.735,781.6,2,2.808,7,5,3.452,0,3,2.531,4.0,3,0.517,1,1.879,0.0,9.12,2,4,1,0.43,6,6,6,-2.57,1,0,3,1
1,0,1,3,0,4,6,7,2,2,4,5,1,-3.708,3,2,7,5,0.41,1.003,0.0,6,-0.639,2,0,1.014,6,7,0.594,4.63,0,-0.006,7,2.657,2.0,5.03,4,3,0,-2.987,0,0,2,-2.869,0,3,6,0
5,2,2,5,1,4,1,2,1,1,5,2,3,3.671,4,3,7,3,4.464,3.858,0.0,5,4.604,6,2,2.567,7,4,6.264,3.09,1,0.089,5,3.77,2.0,4.41,2,6,7,7.551,3,1,1,6.419,4,5,4,0
5,4,4,0,0,7,0,2,3,5,5,6,3,3.959,6,1,6,5,0.373,-1.071,0.0,4,0.317,0,4,0.203,5,6,0.2,3.94,1,0.353,6,-0.372,-0.0,3.74,7,6,6,3.776,3,1,0,-1.773,5,1,1,0
3,3,0,2,0,0,1,1,0,6,4,5,7,0.8,6,0,3,2,0.959,-0.78,0.0,2,1.256,4,7,0.501,0,7,-0.13,1.09,2,-1.004,3,1.025,1.0,4.86,6,3,4,-3.048,1,6,3,-0.36,0,2,1,0
5,3,7,1,0,3,0,1,5,5,3,2,2,1.747,7,0,7,3,0.109,0.629,0.0,1,1.134,7,5,1.975,3,6,-0.129,2.99,1,-1.099,0,0.955,1.0,5.33,1,7,6,0.232,5,1,4,0.964,3,7,2,0
4,4,0,1,0,7,7,6,4,0,0,0,7,-2.428,7,7,0,1,0.904,0.413,0.0,2,-0.27,3,5,0.684,4,1,2.163,4.52,5,-0.71,0,0.702,1.0,5.09,6,0,1,2.644,1,2,3,-0.824,0,0,4,0
7,1,4,1,0,1,5,6,0,4,6,2,6,1.068,7,1,6,5,-0.309,1.955,0.0,7,1.039,3,4,-1.609,3,7,0.037,4.59,4,-0.163,2,0.066,0.0,2.7,3,7,7,-3.318,7,5,3,0.541,2,3,3,0
2,2,1,7,0,7,5,5,7,3,3,0,3,0.383,2,3,0,2,0.243,-0.261,0.0,3,-1.064,4,3,-2.03,0,4,0.848,5.77,2,-0.096,0,-0.394,1.0,3.13,0,7,0,-0.882,7,5,0,-6.061,0,6,3,0
4,4,4,3,0,0,2,0,6,0,3,5,1,2.247,1,6,3,3,2.403,2.382,0.0,6,2.575,5,3,1.757,4,1,4.031,3.57,1,0.876,5,3.771,2.0,4.08,6,4,5,1.479,0,2,4,3.971,0,2,6,0
2,5,3,5,0,0,7,0,7,5,1,1,4,-1.926,2,6,1,4,1.025,2.115,0.0,3,-0.812,1,1,0.799,0,6,-2.149,3.42,3,0.16,0,1.065,1.0,4.08,7,3,2,-0.696,5,0,5,0.199,1,4,2,0
4,1,7,6,1,6,2,7,1,0,2,2,5,2.517,6,3,2,6,2.987,-0.681,338.43,7,1.531,3,7,-3.954,1,7,1.433,5.77,0,-0.145,6,2.622,2.0,7.38,6,0,4,5.164,7,5,0,3.004,7,3,4,1
2,5,3,6,1,7,6,3,4,1,6,4,6,3.909,6,5,0,3,2.464,2.245,0.0,1,1.4,4,6,5.782,2,0,2.405,2.12,2,0.655,4,2.735,1.0,2.98,2,6,2,6.494,4,0,3,-0.394,1,3,7,0
1,3,5,0,0,7,0,0,3,3,3,2,4,1.757,0,4,4,4,1.161,0.356,0.0,6,-0.085,7,4,2.547,7,7,3.941,0.86,7,0.017,3,0.979,1.0,5.35,7,6,5,3.949,2,6,1,-0.733,1,3,6,0
1,3,5,7,0,0,3,5,5,0,7,1,6,1.512,2,2,6,2,1.837,4.82,0.0,7,2.278,1,7,1.589,7,7,0.225,0.85,4,-0.01,3,1.209,1.0,3.28,3,5,2,0.037,0,3,1,-0.929,2,2,2,0
1,2,5,3,0,6,7,0,4,1,7,3,3,3.692,5,2,1,0,1.112,3.186,0.0,7,1.35,0,2,0.182,6,4,-0.267,2.32,7,-0.948,0,0.75,-0.0,5.86,2,4,3,1.661,2,6,4,1.226,0,0,7,0
2,2,1,6,0,2,4,7,3,0,1,0,4,5.724,0,2,0,6,2.022,1.452,256.75,5,1.023,5,3,2.311,5,7,1.208,4.12,1,0.876,1,2.245,1.0,7.37,3,0,0,-1.031,0,1,5,3.307,0,5,5,1
7,1,6,7,0,2,5,5,4,5,6,0,2,-1.072,2,6,1,3,0.877,3.089,0.0,5,1.791,3,5,-1.363,5,7,2.637,2.6,2,0.262,6,1.31,1.0,3.98,5,1,7,-1.377,2,3,2,0.716,1,0,1,0
7,3,7,0,0,0,7,7,5,4,4,1,4,-2.224,6,6,4,2,1.734,-1.465,0.0,2,1.281,2,6,1.088,2,1,2.126,2.88,7,0.815,7,0.848,0.0,1.44,1,4,5,5.313,7,6,5,1.189,2,4,2,0
2,5,2,7,0,2,5,2,3,0,2,2,0,1.975,2,6,1,0,1.829,2.394,0.0,2,1.441,2,5,1.279,0,1,1.523,0.84,4,-1.506,0,1.983,1.0,4.79,4,3,7,4.32,7,1,6,0.78,2,4,7,0
0,0,2,4,0,5,6,1,2,0,1,7,1,-0.373,5,5,7,0,0.643,-0.463,0.0,1,2.955,4,2,0.642,6,5,-1.02,5.52,4,-0.2,1,1.722,-0.0,6.39,2,1,3,1.28,5,0,2,0.0,0,2,3,0
7,6,0,7,0,2,2,4,5,2,4,0,6,0.633,0,0,3,4,1.559,0.057,0.0,4,1.722,4,2,-2.664,6,1,-0.526,3.92,7,-0.995,1,0.943,-0.0,5.34,3,0,3,2.812,0,0,6,-0.647,0,7,2,0
5,6,5,5,0,0,2,0,0,4,7,4,1,0.76,3,4,3,5,1.339,3.292,0.0,3,2.069,6,3,-0.696,5,7,2.305,2.81,5,-0.527,5,0.914,1.0,5.26,4,6,5,0.708,2,2,7,-2.295,5,2,3,0
5,4,3,5,0,6,4,4,2,0,1,5,1,0.485,6,3,1,6,2.45,4.321,374.48,2,2.215,3,2,2.618,1,2,1.372,6.03,5,0.493,6,2.573,2.0,5.55,5,3,0,1.106,2,4,0,2.567,7,5,3,1
3,5,4,1,1,4,0,1,7,7,0,7,2,4.647,0,7,7,7,6.527,2.719,768.02,1,7.601,2,4,5.23,3,6,5.372,1.74,2,1.889,4,4.77,2.0,7.16,4,5,4,8.038,4,0,7,4.254,2,3,7,1
1,3,6,4,0,3,1,2,5,0,6,6,5,-1.33,7,3,2,3,1.56,-0.117,0.0,3,0.596,2,0,2.668,7,7,0.499,6.26,6,1.296,0,1.554,2.0,6.72,7,0,0,4.272,3,3,2,0.608,6,1,6,0
3,4,5,4,0,6,5,1,4,5,1,4,2,0.361,0,2,2,2,0.52,1.622,0.0,1,-1.293,2,0,0.708,5,1,-1.437,2.94,4,-0.529,2,-0.41,-0.0,6.9,2,4,2,0.468,4,4,2,0.366,7,4,6,0
0,0,0,6,1,5,5,0,2,2,0,7,5,-0.221,1,4,1,4,3.359,3.214,0.0,7,2.696,1,3,-1.046,6,2,0.891,1.59,5,0.068,2,3.185,1.0,4.64,6,4,3,2.016,5,7,4,7.684,6,1,7,0
3,5,4,4,0,0,3,3,2,6,5,4,5,-0.31,6,1,1,1,-0.033,2.075,0.0,5,1.448,2,6,1.422,6,5,1.219,2.7,5,-0.614,3,2.09,0.0,5.79,5,4,3,-1.308,4,2,2,1.434,1,2,7,0
0,2,7,4,0,6,0,1,5,0,2,3,2,2.617,7,7,2,7,2.068,2.211,0.0,1,1.056,2,4,1.656,4,7,1.373,3.39,2,-2.196,3,1.399,1.0,3.82,6,1,0,0.114,6,7,7,2.135,1,6,3,0
5,0,6,6,1,6,0,7,7,4,2,3,5,0.034,2,0,6,4,2.374,1.206,314.79,2,3.123,2,3,4.222,0,2,3.086,6.35,1,-0.041,3,2.486,1.0,4.54,3,4,1,3.196,0,7,2,5.789,5,0,1,1
1,0,1,2,0,1,6,3,0,0,0,7,6,2.714,6,7,1,0,0.834,-2.245,0.0,0,1.301,5,0,0.19,5,3,1.145,4.06,3,1.359,3,0.477,1.0,2.16,4,1,3,0.981,7,2,1,0.514,6,3,4,0
0,5,5,5,0,2,0,6,1,5,0,1,3,-0.788,6,6,2,0,1.811,4.954,0.0,5,2.219,2,4,3.013,4,0,0.788,3.65,7,0.821,1,0.224,1.0,5.81,0,3,7,-0.831,3,5,5,2.299,4,6,1,0
0,5,3,0,0,4,7,2,5,4,3,4,3,4.277,4,0,4,5,1.338,4.222,0.0,2,-0.64,7,4,-1.172,7,1,1.895,5.75,1,-1.332,5,-0.231,1.0,1.59,1,3,6,3.474,3,4,6,1.706,5,4,3,0
3,2,7,7,0,5,3,0,1,6,1,0,2,0.251,2,3,5,5,0.429,-1.771,0.0,2,1.035,3,6,1.398,2,1,0.251,2.27,1,0.729,6,-0.627,-0.0,5.58,0,7,6,0.695,1,2,6,-0.801,0,7,2,0
1,2,6,0,1,2,0,1,7,1,7,1,5,4.556,0,6,7,5,2.372,0.791,0.0,7,2.332,4,1,0.189,5,4,6.508,3.45,4,0.291,1,3.395,2.0,6.11,5,5,7,4.189,5,5,7,4.707,2,2,7,0
2,7,5,0,0,4,7,1,1,0,1,2,6,0.231,4,5,3,6,0.931,-2.848,0.0,1,-0.729,1,2,5.312,6,2,-0.408,4.3,5,-0.426,4,-0.545,0.0,3.94,0,3,2,2.3,7,1,4,-1.304,4,5,3,0
4,1,2,3,1,5,1,4,5,0,2,7,5,3.244,0,0,5,2,4.211,7.965,0.0,4,5.666,5,3,6.061,6,4,4.813,5.04,0,-0.398,5,5.447,3.0,9.82,7,1,7,2.907,2,5,6,2.932,0,6,6,1
4,3,4,7,1,7,2,1,1,2,5,7,1,3.659,3,0,6,4,4.627,4.067,388.97,5,4.298,0,1,6.72,5,2,4.506,3.83,6,0.637,4,4.544,3.0,8.26,4,0,1,7.79,1,5,3,3.688,1,4,2,1
4,1,4,1,1,7,2,1,4,7,3,4,6,2.063,2,4,2,2,2.69,3.358,0.0,1,2.211,7,7,4.679,6,5,1.99,3.62,1,0.098,4,3.118,2.0,5.66,3,3,4,-3.399,1,2,4,1.799,5,4,2,0
3,0,5,1,1,2,7,5,5,6,4,5,7,3.757,6,4,2,1,1.851,1.338,0.0,7,0.075,7,5,5.213,3,0,1.178,1.44,2,-0.042,3,2.257,1.0,4.88,1,3,2,4.103,6,6,0,4.563,0,1,2,0
0,2,5,6,0,0,6,0,3,3,5,6,1,-0.001,1,5,1,1,1.295,0.342,0.0,6,2.231,5,2,0.92,4,0,1.912,2.68,0,0.714,3,1.743,1.0,2.71,7,1,6,2.718,0,4,6,-0.219,0,6,3,0
4,3,3,4,0,3,2,7,6,2,7,4,1,3.745,6,5,1,2,2.179,1.005,0.0,2,1.27,5,1,2.364,3,2,0.69,1.34,3,-0.192,4,2.4,1.0,3.02,0,6,7,6.663,1,2,6,3.312,2,1,4,0
2,6,5,6,1,4,4,3,1,5,2,5,7,2.953,4,0,1,4,2.277,-0.495,0.0,7,2.878,2,0,3.584,1,4,2.615,2.14,4,0.52,1,1.49,1.0,6.32,1,7,1,1.362,1,4,7,-1.716,6,6,3,0
1,0,5,4,0,5,0,5,1,5,2,4,0,0.374,7,5,4,6,1.222,-2.405,0.0,3,2.478,1,2,1.371,1,3,0.152,1.66,7,-0.888,2,2.164,1.0,5.27,2,5,7,1.672,7,2,3,4.694,5,2,4,0
6,5,3,3,0,0,3,0,7,3,2,6,3,-1.826,3,3,6,5,1.124,7.426,0.0,6,0.57,1,4,-1.367,4,1,-0.713,0.11,5,2.175,0,1.045,0.0,3.86,3,0,7,2.019,4,0,2,1.509,1,7,2,0
3,7,0,4,0,7,5,4,3,3,3,3,1,-3.054,4,3,0,7,-0.124,2.164,0.0,5,0.89,0,1,0.931,7,3,1.328,1.73,4,-1.097,6,0.698,-0.0,3.93,5,1,7,-0.373,7,0,3,0.425,6,3,3,0
6,4,6,6,0,2,1,3,1,2,7,6,7,0.211,4,7,5,1,0.627,1.69,0.0,0,1.16,0,5,1.089,0,1,-1.529,3.84,6,-0.532,4,1.633,0.0,5.23,1,7,5,3.77,1,0,1,2.472,3,1,4,0
5,7,6,5,1,4,0,1,0,6,3,6,0,2.952,7,5,5,1,2.86,3.666,0.0,4,2.286,3,0,0.853,1,2,4.066,3.79,2,0.104,5,2.664,1.0,3.15,1,2,4,2.335,2,4,1,3.71,4,3,7,0
3,3,2,3,0,1,7,1,1,4,4,2,6,1.351,1,4,6,1,0.55,-5.052,805.88,4,1.603,2,1,0.833,3,1,1.079,5.04,4,-0.965,2,0.644,0.0,6.82,3,7,0,1.146,3,6,1,-1.015,2,3,3,1
7,1,2,4,0,4,4,6,3,7,0,3,3,0.34,7,1,0,2,0.973,3.592,0.0,3,0.714,5,6,1.341,7,3,2.562,2.54,4,0.073,2,1.453,2.0,4.39,2,2,7,-0.241,6,1,7,2.894,6,4,3,0
2,4,3,6,1,4,4,1,6,7,4,0,3,1.462,0,5,6,1,2.352,2.244,0.0,0,1.916,4,6,2.705,4,2,3.44,2.56,7,-0.504,5,1.431,1.0,8.25,0,6,1,6.362,0,7,5,4.704,5,4,0,1
7,2,7,2,0,5,7,4,1,6,3,7,4,5.506,7,4,7,7,0.933,4.053,0.0,1,0.342,3,2,-1.346,0,5,0.834,4.4,4,1.534,2,1.432,1.0,4.07,6,2,3,1.776,6,6,6,0.26,6,6,7,0
7,0,7,5,0,7,0,0,1,7,2,7,5,0.311,7,5,1,0,0.575,0.374,0.0,5,-0.216,6,3,1.325,7,2,-1.078,3.85,3,-0.741,6,0.568,-0.0,6.61,3,3,7,-1.136,5,3,5,1.374,7,5,4,0
4,1,5,1,0,3,5,3,3,5,0,3,3,6.521,1,1,0,5,2.256,-0.468,0.0,7,1.512,4,5,1.623,4,5,2.092,3.96,1,0.743,3,3.08,1.0,1.95,5,5,3,0.464,0,5,0,3.753,5,7,3,0
7,5,6,4,0,7,3,1,2,3,6,6,4,-1.738,7,0,5,0,0.289,0.879,0.0,7,-0.988,3,7,0.178,1,0,0.238,1.06,4,-0.548,4,-0.513,0.0,5.19,1,5,5,-0.48,4,7,5,3.827,0,3,7,0
0,1,5,6,0,0,1,0,0,0,3,4,6,1.086,0,4,4,6,0.767,-0.825,0.0,7,1.337,3,4,0.888,0,2,0.51,2.58,6,0.301,3,0.945,1.0,3.66,6,0,0,0.447,0,6,5,-4.144,2,1,6,0
1,3,3,3,0,4,0,5,0,6,6,5,5,3.453,6,5,4,5,0.943,0.458,0.0,4,0.873,6,1,-1.011,3,6,2.586,3.65,2,0.66,1,1.898,1.0,3.97,4,0,5,0.263,3,7,7,1.472,5,5,6,0
3,3,7,5,0,2,1,2,5,7,3,1,3,1.894,5,6,0,4,0.826,-0.653,0.0,5,-1.054,1,7,0.836,7,1,1.16,3.53,7,-0.159,5,0.257,-0.0,5.44,1,6,3,-3.733,4,1,3,-0.389,3,7,2,0
5,5,6,3,0,6,4,1,4,3,6,2,0,2.958,5,4,6,2,0.016,-0.755,0.0,5,0.026,3,2,3.258,7,2,-0.659,4.49,1,-1.372,6,0.707,-0.0,3.07,4,1,1,1.306,2,5,7,2.655,4,7,5,0
5,3,0,6,0,2,1,2,1,2,5,5,0,1.669,7,0,7,1,0.42,3.76,0.0,5,0.82,4,6,-0.532,5,4,-1.252,2.91,4,-0.15,6,0.527,1.0,1.09,1,7,3,-2.448,6,3,3,-0.909,2,4,1,0
1,2,0,7,1,4,3,5,3,1,2,0,2,1.586,7,3,4,5,3.431,0.289,625.48,3,5.045,1,4,5.092,2,1,5.288,5.1,2,1.264,0,3.666,2.0,8.51,1,2,4,2.401,5,0,3,3.815,5,5,0,1
0,2,1,1,0,5,4,1,2,3,7,1,2,0.283,4,0,3,1,1.017,-0.885,0.0,7,-0.366,5,0,1.589,0,6,3.077,2.05,1,0.548,5,-0.748,0.0,2.85,0,4,4,0.181,3,6,6,2.918,7,7,5,0
0,7,2,2,0,3,5,0,2,4,3,5,4,-1.58,1,7,1,5,0.486,1.406,0.0,1,1.256,5,5,2.078,3,4,1.599,1.37,0,0.541,6,1.332,1.0,5.2,3,0,2,0.222,6,0,5,6.174,4,2,7,0
5,6,1,5,1,0,7,3,4,3,3,2,3,5.187,7,7,6,0,2.928,3.259,0.0,4,4.446,7,1,0.59,6,6,3.914,3.88,7,-0.057,1,3.261,2.0,5.4,7,7,0,5.458,2,6,1,1.151,5,4,7,0
0,5,3,1,0,5,0,4,4,1,6,2,5,4.923,6,4,3,3,2.41,2.775,0.0,6,1.827,5,7,-0.487,5,5,2.18,1.64,2,-0.238,3,1.825,1.0,4.26,0,7,3,-0.357,1,7,2,3.37,1,5,0,0
4,3,7,5,0,6,2,6,4,7,2,1,0,0.205,4,0,6,0,0.878,1.752,0.0,4,1.745,6,0,0.648,0,0,0.279,5.25,0,0.246,6,1.432,1.0,2.76,6,0,6,-1.679,3,6,4,-1.569,5,0,3,0
2,2,4,6,0,5,1,2,7,5,0,3,4,0.144,3,0,6,2,0.098,-0.78,0.0,1,-2.139,1,6,5.592,4,4,1.392,3.05,3,2.142,2,1.236,0.0,2.51,4,0,6,1.984,5,3,0,2.725,1,7,3,0
2,3,0,3,0,6,6,3,6,3,4,2,0,2.43,6,0,0,5,0.875,5.345,0.0,0,1.464,1,7,1.066,5,4,-0.726,2.92,4,-0.424,4,0.661,1.0,5.93,5,0,7,0.828,1,7,0,2.737,2,1,4,0
7,3,5,6,0,1,5,2,2,2,0,6,3,-2.865,2,7,6,3,1.008,-3.161,0.0,2,2.019,1,1,2.717,2,7,1.863,3.49,5,-0.873,0,0.587,1.0,2.55,4,4,0,-0.337,1,7,6,0.372,6,5,5,0
2,6,5,7,0,6,0,1,0,1,0,0,2,-3.99,6,0,7,3,0.957,-0.99,0.0,7,-0.154,2,6,0.699,5,5,-0.112,3.41,7,-0.353,2,0.948,1.0,4.7,5,0,5,2.528,0,4,6,3.039,4,4,4,0
5,6,6,1,1,7,5,4,2,3,7,1,1,2.857,1,4,3,5,2.525,2.055,0.0,1,3.181,6,1,4.195,4,3,3.237,4.01,7,0.235,7,2.646,2.0,5.58,0,7,3,-1.605,5,2,3,2.4,7,6,7,0
6,1,7,3,0,3,6,1,2,2,2,1,4,0.204,6,3,0,7,2.148,-0.717,0.0,2,1.782,4,0,1.383,0,4,2.509,3.2,3,0.721,0,2.255,2.0,2.64,7,5,1,4.233,4,7,2,2.185,3,1,7,0
6,5,4,7,0,5,4,5,4,7,5,4,5,3.921,3,5,6,6,0.544,-0.63,0.0,4,1.086,5,1,3.569,4,1,-1.024,2.31,4,0.232,3,-0.167,0.0,6.34,1,0,2,5.064,5,7,3,-0.449,7,7,3,0
2,4,7,4,1,7,7,3,6,4,5,1,0,3.713,5,6,2,4,2.824,2.69,0.0,4,2.137,4,4,0.063,5,3,1.116,2.97,4,1.817,5,2.156,1.0,3.74,4,2,2,0.081,3,6,4,1.164,0,7,1,0
4,4,1,0,0,6,2,0,7,0,1,6,1,-1.233,0,1,0,7,0.8,2.286,0.0,2,-0.304,1,2,2.571,0,1,-1.6,4.7,5,1.635,2,0.245,0.0,8.92,6,4,1,-4.383,5,1,0,-0.885,4,1,2,0
5,4,3,0,0,7,7,0,5,6,1,5,4,1.843,0,5,5,7,1.207,-3.525,0.0,1,0.005,7,2,-0.242,4,3,3.813,2.6,1,-0.378,4,1.869,1.0,3.63,7,2,1,0.071,7,4,5,0.775,3,4,5,0
7,4,3,1,0,2,7,2,6,1,1,1,1,6.368,2,2,5,6,1.864,4.722,0.0,7,2.725,7,4,1.318,3,6,0.696,2.33,7,-0.557,7,2.962,2.0,1.81,6,5,0,-0.366,0,6,2,3.671,0,4,0,0
1,7,1,4,0,3,5,6,4,0,3,7,2,6.101,2,3,6,1,0.15,-2.791,0.0,5,-1.174,3,3,1.974,3,3,1.197,1.47,3,-0.962,4,0.519,0.0,4.86,2,3,1,4.918,7,3,0,4.473,7,6,7,0
7,6,1,7,1,1,2,3,3,5,4,5,4,2.267,1,4,7,3,3.65,3.102,237.33,2,4.034,3,2,7.112,6,0,2.936,4.71,3,-1.225,6,2.83,2.0,8.54,7,6,0,7.058,3,5,4,2.686,6,4,6,1
1,7,0,7,0,3,7,3,3,2,7,3,5,2.669,1,6,2,5,0.353,0.646,0.0,5,0.203,2,4,-0.347,1,3,-0.235,3.4,3,-0.05,0,0.139,0.0,3.64,5,2,4,0.584,4,0,7,-0.279,0,3,3,0
6,2,6,0,0,6,3,5,7,4,5,0,2,1.927,4,1,2,4,0.752,0.887,0.0,4,2.331,7,5,0.281,4,3,1.86,4.55,3,2.371,7,0.354,2.0,2.79,7,5,3,2.667,4,2,1,4.66,1,1,7,0
3,5,3,1,0,1,7,2,5,5,5,2,7,-0.42,3,6,1,5,0.118,-1.681,0.0,0,1.894,7,7,-1.086,5,7,1.489,2.84,0,0.639,1,0.748,1.0,3.79,5,7,6,0.731,7,0,0,4.12,0,6,0,0
0,4,7,1,0,3,7,3,0,2,4,2,6,6.565,3,7,4,3,-0.02,-1.681,0.0,6,1.189,6,5,2.23,0,4,0.923,3.79,1,0.008,2,-0.07,0.0,3.22,4,0,3,0.072,1,0,6,0.259,2,0,2,0
6,6,2,2,0,5,1,6,1,4,2,1,0,-2.849,2,2,7,6,1.672,2.149,0.0,0,1.274,7,0,-0.616,2,5,0.849,1.76,7,-0.82,5,1.283,1.0,3.17,2,7,5,0.785,0,4,7,2.349,6,1,4,0
1,1,3,6,0,0,7,7,2,6,1,2,4,-1.404,6,2,6,0,2.601,0.92,0.0,4,3.768,3,1,3.435,1,0,4.106,5.14,6,-1.002,5,1.97,1.0,4.9,6,0,1,-0.753,0,7,7,8.27,1,0,5,0
3,2,3,6,0,3,5,5,6,7,3,4,2,-1.531,5,7,2,3,-0.005,2.204,0.0,4,0.388,1,0,-0.56,4,2,1.961,2.32,2,1.762,5,0.231,0.0,1.58,1,4,5,-0.79,7,4,7,1.476,3,5,5,0
6,1,6,1,0,2,0,3,4,2,5,2,1,5.726,5,0,7,0,2.769,2.433,0.0,6,1.989,6,2,6.493,2,3,0.123,3.99,1,-0.433,3,3.086,2.0,2.65,0,6,6,0.088,4,3,1,3.094,6,5,3,0
3,2,2,4,0,4,7,5,4,0,5,0,2,1.701,0,4,7,5,-0.523,-0.614,0.0,0,-0.297,6,4,-0.808,0,2,-1.353,3.64,3,0.526,6,-0.196,0.0,2.89,1,7,0,3.136,7,2,3,1.539,0,5,6,0
1,7,0,1,0,6,3,5,3,5,6,1,0,3.987,1,4,3,2,1.531,2.492,0.0,0,0.011,0,2,2.463,6,0,4.413,3.61,5,-0.445,1,1.213,1.0,3.1,2,6,7,2.321,4,4,1,2.831,5,0,6,0
5,0,1,7,0,2,2,7,3,7,2,2,5,-2.41,0,4,1,0,1.453,3.288,0.0,3,0.729,0,7,2.121,3,5,0.241,5.27,6,-0.466,3,0.478,1.0,4.96,6,0,5,3.836,4,0,2,6.722,0,2,0,0
3,5,2,3,0,4,2,6,4,7,5,7,3,1.616,4,3,4,6,2.135,1.937,0.0,2,2.5,0,3,-1.574,6,1,3.554,4.18,4,0.418,7,2.012,0.0,2.29,5,1,0,-0.671,2,5,2,4.565,4,2,5,0
3,5,3,5,0,4,6,4,2,0,7,4,7,-3.251,6,2,0,4,1.437,2.154,0.0,7,0.946,2,5,-0.881,6,1,1.203,2.95,3,-0.264,0,0.818,1.0,2.2,3,5,5,0.323,4,3,4,0.129,3,1,0,0
2,5,4,5,0,7,5,2,7,7,7,5,2,2.713,6,5,2,0,0.577,3.781,0.0,1,2.164,4,5,-1.964,4,3,1.438,2.3,5,-0.893,0,2.244,0.0,5.47,4,1,5,-0.64,0,1,3,1.955,7,6,4,0
4,4,4,6,1,7,0,1,0,7,4,3,6,-1.187,0,2,6,4,2.549,0.738,0.0,0,2.17,4,0,2.951,6,4,1.025,3.71,1,0.576,3,2.342,1.0,6.04,4,5,4,6.621,7,2,5,3.737,7,7,7,0
0,4,6,5,1,0,3,7,2,2,5,0,4,4.177,2,6,6,3,4.007,5.097,577.46,7,2.875,6,2,2.209,7,7,4.573,6.59,6,1.471,7,4.358,1.0,6.52,1,5,7,2.555,5,2,7,2.337,1,7,1,1
7,4,6,2,1,5,2,3,1,7,5,2,0,4.108,7,7,1,0,6.135,6.265,624.17,1,5.567,0,7,8.253,4,5,6.085,4.65,0,0.875,1,5.786,4.0,8.01,3,1,6,7.213,7,4,5,6.955,2,6,0,1
0,3,7,3,1,0,1,2,4,6,2,6,6,1.583,7,6,5,6,1.307,1.089,746.63,7,1.133,6,0,1.469,3,2,1.348,3.33,5,0.167,0,1.918,0.0,4.61,3,6,7,6.49,0,6,2,-0.357,3,1,3,1
0,2,7,1,0,7,1,0,1,1,0,2,2,5.317,1,5,4,0,0.712,2.328,0.0,5,-0.469,3,4,0.126,6,0,-1.022,3.79,1,0.056,2,0.831,1.0,2.98,1,6,4,0.366,2,7,7,-1.67,4,3,2,0
6,7,4,1,0,7,4,4,4,7,1,1,2,1.657,5,1,7,3,2.482,4.138,0.0,3,3.116,5,0,-1.307,7,0,5.048,6.28,1,0.392,1,2.251,1.0,4.08,4,1,1,-1.766,1,4,0,4.968,1,0,4,0
0,7,2,6,1,6,6,4,3,5,4,2,1,0.293,1,2,3,0,2.307,3.123,0.0,6,3.338,0,4,3.555,6,4,0.783,3.83,1,-0.556,5,3.435,2.0,4.32,5,2,2,5.173,0,7,6,6.01,6,1,0,0
4,1,4,5,0,7,6,7,7,7,4,5,2,-0.149,2,4,1,7,0.741,0.819,0.0,5,-0.011,5,3,0.614,6,5,-1.329,5.05,4,-1.093,1,1.576,1.0,3.06,1,6,2,-1.987,2,6,5,1.671,5,3,3,0
4,5,5,6,0,1,5,2,0,2,0,2,0,1.693,2,0,5,2,1.81,-1.132,0.0,1,2.88,0,0,1.565,7,5,0.759,4.14,0,0.252,3,0.711,1.0,1.72,7,7,0,0.499,4,3,6,1.234,6,3,2,0
6,6,5,1,1,1,5,1,2,0,5,3,3,1.058,3,1,3,5,2.53,-1.16,366.86,2,2.877,2,7,1.709,4,5,5.007,3.95,6,0.033,5,2.712,2.0,8.9,6,0,4,7.209,6,5,0,2.327,4,1,4,1
1,1,5,3,0,3,2,6,5,2,4,5,3,-0.279,4,0,5,5,1.635,2.739,0.0,7,2.354,0,4,2.898,3,6,1.368,1.21,1,0.472,2,1.991,1.0,3.56,2,3,6,2.253,5,4,7,-0.224,7,6,5,0
0,1,5,4,0,4,4,0,0,0,6,1,5,-0.908,6,6,2,2,1.109,2.938,0.0,2,1.029,6,3,-0.123,6,2,0.699,1.82,4,-2.251,0,0.387,1.0,4.9,2,5,7,1.013,5,5,0,0.008,4,3,0,0
7,5,1,3,0,7,2,1,2,1,6,0,2,2.007,1,4,4,7,2.577,4.303,0.0,2,3.114,4,4,2.348,5,5,2.017,4.52,2,1.785,2,2.653,2.0,6.64,4,3,6,1.666,5,7,5,7.669,2,5,7,0
2,5,0,2,0,0,7,4,1,7,7,6,7,4.691,3,4,2,6,1.865,-0.701,674.07,5,-0.31,7,0,2.411,0,6,1.068,5.18,2,-0.593,2,2.091,1.0,8.16,1,5,0,4.361,1,6,1,3.786,5,0,1,1
7,3,7,4,1,7,5,5,6,0,1,1,5,3.159,4,6,6,1,2.023,0.873,0.0,0,3.579,2,1,3.342,5,6,3.64,1.89,0,-0.087,5,2.674,1.0,5.43,1,0,5,3.36,5,5,6,9.112,4,6,5,0
5,4,3,5,0,4,1,1,3,3,6,4,4,2.891,6,7,3,6,1.009,-5.711,0.0,5,0.087,6,0,0.664,4,1,-0.05,3.86,4,0.718,4,1.35,0.0,2.25,2,0,1,-0.516,0,4,3,-0.326,7,1,6,0
4,0,4,7,0,4,3,6,0,6,3,7,2,-1.585,7,7,1,5,2.207,2.482,0.0,4,1.147,4,7,3.7,7,5,0.629,3.15,7,1.097,7,2.447,2.0,2.84,2,3,3,0.234,1,4,5,1.406,6,7,3,0
1,0,3,5,0,1,4,0,2,4,0,4,1,-0.4,1,4,3,4,0.23,1.954,0.0,4,0.609,4,1,-2.75,7,0,3.052,5.54,0,-1.281,6,0.097,1.0,4.18,3,3,5,-1.136,6,3,7,-0.657,7,2,2,0
5,2,4,3,1,4,5,0,4,0,6,3,6,2.568,1,3,3,3,3.679,2.863,0.0,3,4.399,0,7,1.747,3,1,1.676,3.88,5,0.021,3,4.935,1.0,9.25,1,5,5,1.046,6,3,1,4.548,5,5,7,1
4,7,5,1,1,7,3,7,6,4,7,2,1,5.258,6,1,3,0,4.229,2.373,0.0,1,3.06,4,1,3.805,4,3,3.7,3.62,5,1.158,3,2.367,2.0,8.4,4,2,7,7.347,2,1,6,3.94,7,1,6,1
4,3,5,3,0,7,0,5,2,0,1,7,5,5.923,7,4,1,7,0.479,4.257,0.0,6,1.826,5,2,4.982,0,1,-0.799,3.67,5,1.172,2,0.238,1.0,4.96,4,1,0,6.601,6,5,0,-2.019,6,1,4,0
3,5,4,4,0,6,0,4,2,0,1,2,4,3.844,2,1,6,2,2.004,-0.35,0.0,1,-0.472,3,1,2.812,7,3,4.323,3.55,3,-1.352,1,1.999,1.0,6.05,2,2,6,0.17,2,0,2,-2.503,2,2,4,0
0,1,2,3,0,3,5,4,2,2,5,5,0,-1.752,7,5,4,1,0.704,-1.765,0.0,2,1.178,3,3,0.68,3,1,-0.168,4.38,4,2.641,1,1.085,1.0,1.85,1,5,4,0.701,5,0,6,1.657,7,0,6,0
0,0,2,3,0,1,5,3,0,1,3,7,3,0.17,4,1,5,6,0.674,2.672,0.0,1,1.184,4,2,0.103,3,2,3.563,4.12,2,1.277,0,1.407,-0.0,5.2,1,4,3,-1.535,6,3,6,-0.803,2,6,4,0
2,1,6,6,0,3,7,0,1,0,7,4,3,-1.718,6,1,5,6,0.295,-1.212,0.0,0,1.168,3,3,-1.009,7,6,-2.315,3.08,1,-1.466,0,0.205,0.0,5.29,6,2,1,-1.257,7,5,0,-0.579,5,2,5,0
7,0,5,2,1,4,6,1,7,7,6,2,6,1.738,6,1,6,0,2.586,6.661,0.0,6,4.406,5,6,1.777,5,3,1.645,2.37,4,0.695,3,2.753,2.0,5.76,2,4,2,4.282,1,4,4,5.502,0,7,3,0
3,7,6,6,0,2,7,5,1,4,0,1,1,1.006,5,2,6,3,0.499,-1.611,0.0,3,1.044,2,0,2.259,6,2,1.367,1.99,6,2.066,2,0.113,1.0,2.7,2,0,3,-0.983,0,5,5,-1.127,1,6,2,0
5,4,0,0,0,1,4,3,3,1,0,2,6,-0.042,6,1,6,0,0.943,-1.044,0.0,6,-0.01,2,6,2.544,2,5,0.632,4.72,1,-0.748,5,1.461,0.0,3.96,4,3,7,1.995,0,6,5,4.592,4,4,7,0
6,0,5,7,0,6,3,7,7,6,0,1,5,3.701,0,7,3,5,0.66,4.886,0.0,3,2.181,4,2,0.425,6,4,2.201,3.35,6,-1.789,7,0.514,-0.0,1.52,6,0,6,-1.594,5,3,4,3.482,6,5,6,0
3,0,6,4,0,6,3,3,5,7,5,7,2,0.411,7,1,2,5,0.733,3.158,0.0,4,-0.332,5,2,1.746,6,2,-1.273,1.72,3,-0.505,2,-0.161,0.0,5.24,3,4,6,2.73,4,2,6,3.759,2,4,0,0
4,2,4,2,0,2,2,7,5,0,3,5,6,1.0,4,2,5,1,2.354,5.647,567.77,2,2.23,1,5,2.58,7,7,2.876,5.65,3,0.814,0,3.07,1.0,6.58,3,6,3,3.592,6,1,2,4.567,7,6,2,1
0,5,4,0,0,7,4,1,3,1,1,7,1,-1.359,2,4,4,2,1.775,1.591,0.0,3,1.141,1,7,2.211,2,4,4.308,4.02,4,1.667,4,1.846,1.0,1.73,7,7,3,1.361,7,4,4,0.954,2,1,4,0
0,6,2,4,0,2,2,0,5,1,4,7,4,3.501,2,3,1,1,2.591,-0.165,0.0,4,3.617,0,5,2.046,5,5,2.048,2.11,5,0.638,7,2.521,1.0,7.08,3,7,3,-1.013,5,3,7,2.664,5,2,2,1
4,0,5,2,0,4,5,1,3,4,3,3,3,2.765,2,4,6,7,0.743,2.705,0.0,4,0.754,2,5,-0.313,4,0,2.625,3.15,3,0.354,2,0.515,0.0,3.47,6,0,2,-0.717,4,0,0,3.85,5,1,2,0
1,0,3,5,0,7,1,6,3,7,4,6,0,0.108,0,6,7,4,1.413,0.486,0.0,0,2.201,3,0,1.213,1,1,2.534,3.22,4,-0.036,1,0.983,0.0,4.22,3,1,0,-1.526,2,1,4,-2.056,6,0,2,0
7,2,1,5,0,5,2,0,3,0,3,0,6,2.1,4,6,0,0,2.091,0.615,0.0,0,2.209,2,2,0.97,5,6,-1.411,1.04,2,1.511,5,1.948,1.0,5.7,5,7,0,6.085,0,2,7,4.033,1,3,2,0
5,4,6,4,0,2,2,4,1,6,0,4,4,1.536,4,4,2,7,0.536,-0.495,0.0,3,-0.124,0,2,1.84,7,1,0.283,3.13,3,-1.437,0,1.045,1.0,6.13,2,5,0,6.6,3,4,1,-0.794,3,7,6,0
6,4,3,5,0,0,5,5,0,4,5,0,7,1.47,2,0,3,0,2.958,-0.935,259.17,6,3.091,6,6,2.387,0,1,1.402,4.55,3,1.138,0,2.086,3.0,7.97,3,0,7,2.608,5,3,5,0.02,1,5,1,1
1,4,2,3,0,7,4,6,6,2,7,5,1,2.563,4,6,5,6,0.859,2.093,0.0,6,1.272,2,7,0.189,3,1,-0.23,3.76,5,-0.667,2,0.11,0.0,3.13,3,5,1,2.483,4,7,2,-0.763,1,6,2,0
3,6,1,1,0,6,2,0,6,2,7,2,1,3.703,6,0,7,0,3.1,6.179,0.0,6,2.685,1,0,5.025,2,7,5.047,3.07,2,0.222,0,2.986,2.0,6.01,3,2,4,3.126,4,3,0,-0.221,7,7,0,0
0,2,7,7,1,3,6,5,5,1,0,0,3,1.695,5,1,6,2,2.666,2.655,0.0,5,4.034,6,5,0.217,3,1,2.73,0.89,3,1.561,5,2.724,1.0,5.1,7,3,2,2.877,0,4,3,1.778,0,0,7,0
5,3,3,7,1,5,1,5,3,2,2,7,7,2.579,4,0,4,6,3.423,1.677,0.0,0,2.823,5,5,0.81,6,0,2.201,1.76,3,-0.705,2,2.02,2.0,1.27,0,1,6,6.825,4,1,5,6.177,7,2,5,0
5,2,2,1,0,5,0,5,1,0,7,0,7,6.616,4,0,0,5,0.431,0.77,0.0,5,2.607,2,0,6.337,4,4,1.02,1.23,5,-0.48,4,1.784,1.0,3.33,4,4,7,-1.399,0,3,2,-1.595,5,0,4,0
0,2,0,7,0,0,0,0,3,5,1,2,5,2.25,1,7,3,6,1.101,2.717,0.0,0,1.047,5,1,1.958,0,0,1.485,2.86,2,-0.34,7,0.698,1.0,4.98,6,7,5,0.705,4,0,0,1.541,5,1,4,0
0,3,0,5,0,0,4,6,1,5,4,6,2,-1.286,5,2,5,2,1.21,4.303,0.0,2,1.198,5,1,1.583,3,5,-2.309,3.71,5,1.621,7,-0.15,0.0,3.34,3,2,3,-0.783,2,4,4,2.463,5,5,0,0
7,7,4,2,0,2,2,7,0,0,2,5,1,-0.066,1,3,6,1,0.592,-0.864,0.0,0,0.902,7,2,-0.413,1,6,0.535,0.84,2,-1.035,2,1.265,0.0,4.03,1,6,0,2.12,5,4,5,1.779,5,6,7,0
4,7,0,3,0,2,5,7,0,5,7,7,4,3.017,4,2,7,5,1.035,-1.056,0.0,7,1.205,1,7,0.86,5,2,1.657,3.53,3,2.285,3,1.043,1.0,4.92,3,6,7,-1.159,2,4,6,3.591,6,6,3,0
5,6,1,4,1,5,7,7,7,7,7,2,4,2.702,3,6,5,6,3.704,7.189,666.43,4,5.071,2,2,2.218,3,5,3.37,3.75,1,0.872,5,3.761,2.0,6.07,6,4,7,-0.08,7,7,0,4.867,7,6,1,1
1,2,0,4,0,4,4,3,4,0,3,6,5,1.663,3,3,0,7,1.922,1.063,0.0,7,1.742,5,0,4.698,7,4,2.316,3.04,5,1.299,5,1.464,1.0,6.38,6,7,3,4.84,1,6,3,-2.089,5,6,1,1
5,2,6,6,0,0,7,4,2,2,1,5,1,2.179,4,2,4,2,0.608,2.008,0.0,5,2.443,5,0,-3.67,5,2,0.319,1.33,6,-1.192,7,1.802,1.0,2.85,6,1,0,3.638,4,2,5,2.117,2,1,3,0
3,0,7,0,1,6,6,0,3,0,2,4,3,0.092,3,6,5,7,2.669,4.668,0.0,6,3.576,5,2,2.974,6,3,3.311,2.53,7,-0.059,7,2.588,2.0,6.14,7,7,1,3.222,5,2,0,3.252,7,2,0,0
0,1,3,5,0,3,3,2,7,6,6,0,1,1.151,2,0,3,0,1.683,0.736,0.0,1,1.93,7,2,1.778,4,0,-0.049,6.54,1,-0.754,4,2.311,2.0,6.6,1,7,3,0.863,1,3,7,-0.895,5,4,6,0
2,3,3,3,0,4,1,0,0,1,2,7,2,3.772,7,0,4,0,2.364,3.134,390.02,1,1.343,6,3,-2.865,1,5,2.891,5.15,4,1.588,3,1.262,0.0,7.4,6,7,3,3.983,7,5,0,-1.976,1,0,7,1
0,2,1,5,0,7,1,5,5,0,3,6,7,4.785,3,7,6,4,2.799,4.883,0.0,0,3.881,5,4,1.944,2,6,-0.119,5.21,7,0.693,1,2.888,2.0,4.94,4,2,1,2.663,7,6,1,1.08,2,4,1,0
1,2,0,1,0,4,7,1,4,6,7,4,0,1.064,2,2,3,4,1.996,1.466,0.0,6,1.137,6,2,-0.203,0,2,0.651,1.13,6,-0.413,4,1.558,1.0,5.49,1,5,6,1.158,6,1,0,2.175,0,7,5,0
3,5,6,2,0,7,7,4,3,1,6,2,7,-0.534,0,4,2,2,1.406,3.751,0.0,6,1.394,3,3,-3.32,7,0,-0.075,3.88,3,0.319,0,-0.21,0.0,2.48,0,0,2,-6.742,0,6,0,5.131,0,4,7,0
7,1,5,4,0,3,6,0,0,2,4,2,6,-1.231,4,3,7,7,1.511,2.059,0.0,7,1.422,1,3,4.91,1,2,1.836,2.76,1,-0.733,6,1.749,0.0,3.94,4,4,4,1.104,5,2,4,0.591,3,6,6,0
1,3,0,0,0,3,6,1,5,3,4,2,3,1.861,7,4,6,5,0.845,-1.194,0.0,7,0.897,4,5,0.038,3,3,1.394,2.05,4,0.764,7,0.771,-0.0,5.51,0,7,5,-0.486,3,4,0,2.387,2,1,1,0
7,4,5,5,0,4,5,7,3,4,3,1,5,1.221,4,5,7,5,0.911,0.634,0.0,5,-2.031,0,2,-1.982,7,3,1.385,3.99,4,-0.157,1,0.229,0.0,3.69,5,0,7,4.461,3,7,0,1.741,5,0,3,0
1,4,0,4,0,1,5,1,5,1,1,3,2,-1.382,2,4,7,5,0.92,-0.405,0.0,5,2.243,4,4,0.721,0,7,2.8,4.6,3,-0.051,7,1.58,-0.0,3.24,0,5,0,-0.238,0,0,6,-1.078,4,5,2,0
5,1,0,3,0,2,7,3,0,7,5,0,5,3.481,6,1,7,5,2.362,1.073,0.0,4,2.326,4,3,0.127,2,1,1.573,3.11,6,-0.252,1,2.925,2.0,2.59,6,3,7,3.385,3,7,5,2.869,5,6,2,0
7,1,7,6,0,0,6,5,0,4,4,6,2,1.239,4,2,0,6,0.598,1.724,0.0,3,-0.284,0,1,1.304,6,2,0.753,1.35,4,0.299,5,1.51,1.0,0.99,1,2,3,3.36,7,1,1,-0.863,4,1,5,0
2,1,4,5,0,7,1,6,3,7,1,3,4,0.684,4,6,4,6,0.368,4.604,0.0,5,1.913,5,3,-1.301,6,4,0.22,2.69,1,1.281,3,1.194,0.0,6.76,5,2,0,1.604,3,7,0,0.457,2,4,3,0
3,7,5,0,0,0,2,0,3,4,4,0,1,1.654,6,5,2,0,1.742,3.25,0.0,7,1.055,1,6,1.546,5,2,0.729,3.26,7,-0.933,6,1.858,1.0,6.34,6,6,3,4.183,2,0,7,-1.775,2,0,5,0
6,2,3,7,0,6,6,3,0,0,3,7,7,-0.016,4,6,4,5,2.075,4.398,0.0,7,0.879,7,6,-0.205,2,2,2.602,1.9,4,-0.033,4,1.197,1.0,8.51,1,2,6,6.168,6,2,4,2.015,6,3,2,1
6,0,5,4,0,1,0,1,7,3,0,5,6,1.835,1,6,7,0,1.203,3.106,0.0,3,1.448,1,3,-0.504,1,1,2.3,1.81,4,-0.915,6,1.305,0.0,4.87,2,0,1,2.574,7,2,0,-0.019,0,3,5,0
7,2,1,5,0,0,4,4,0,3,7,5,6,-2.007,2,0,4,0,0.301,2.274,0.0,3,1.805,5,6,0.69,5,5,1.276,2.71,2,-0.46,3,1.08,-0.0,2.5,7,1,3,0.932,5,0,7,3.069,5,6,5,0
5,6,4,4,0,5,7,7,7,5,3,0,5,-0.159,6,2,4,7,0.928,3.2,0.0,0,-0.239,4,4,3.806,5,6,0.274,3.54,7,0.309,3,0.7,1.0,2.27,3,4,3,0.028,6,1,4,1.161,6,5,6,0
4,0,2,0,0,1,0,0,2,3,4,3,5,4.428,4,3,7,0,0.335,-0.399,0.0,2,0.5,0,5,2.155,3,6,1.425,3.54,4,-0.736,6,1.22,0.0,4.56,0,5,3,4.635,7,2,6,2.808,6,5,6,0
3,1,7,0,1,2,1,4,0,1,3,4,0,0.68,1,6,6,5,2.366,4.259,0.0,3,3.652,6,6,4.351,3,4,1.545,3.51,6,2.088,6,3.145,1.0,3.48,4,6,7,1.384,6,6,6,0.362,3,7,4,0
5,3,3,3,1,5,1,6,6,5,4,7,0,8.245,4,0,0,2,6.826,5.182,0.0,3,6.75,5,1,7.013,2,4,7.425,6.27,4,0.739,3,6.428,4.0,5.7,1,1,2,6.481,0,5,4,7.153,4,0,6,1
0,0,6,5,0,5,6,1,2,1,3,5,3,1.255,1,1,3,2,0.978,3.617,0.0,6,-1.535,7,7,0.934,6,4,2.401,1.65,5,-0.597,4,0.653,1.0,0.67,3,3,4,1.991,0,3,0,0.997,3,5,7,0
1,3,2,0,1,5,0,4,6,2,7,5,4,2.124,6,2,4,7,1.97,-2.151,0.0,5,4.198,4,3,0.06,1,7,0.952,5.92,5,0.733,5,1.762,2.0,5.57,0,0,5,-0.009,1,7,4,6.331,3,0,5,1
6,5,0,3,0,2,1,2,4,5,4,5,3,2.032,1,3,3,7,-0.329,1.891,0.0,0,1.959,2,0,1.43,6,2,-0.272,3.2,5,1.81,7,0.337,0.0,3.09,4,6,2,-3.015,4,1,2,0.161,0,4,7,0
2,5,5,1,0,4,6,0,2,7,7,2,3,4.618,3,4,5,4,1.678,2.151,0.0,4,3.697,0,4,2.281,6,2,3.418,4.52,7,-0.982,6,2.231,1.0,3.49,5,4,0,1.253,2,2,6,1.326,0,5,1,0
1,5,6,7,0,0,0,1,0,5,6,5,5,3.643,4,3,1,4,2.569,2.834,815.01,1,1.387,1,4,-0.618,4,4,0.885,5.18,2,1.438,7,2.694,1.0,6.1,6,5,7,2.623,5,5,3,5.209,6,2,7,1
0,1,3,7,0,0,7,6,0,2,4,2,3,-1.773,6,5,0,0,0.51,3.942,0.0,6,-0.454,3,7,-1.792,7,5,0.479,2.91,7,-0.545,6,0.22,-0.0,6.05,7,2,0,-0.281,4,0,2,2.348,4,3,7,0
3,4,6,5,0,1,5,1,1,7,7,2,7,3.355,0,5,7,3,0.675,-0.105,0.0,1,-1.0,1,6,4.327,4,5,2.726,4.63,1,-0.512,7,1.446,-0.0,6.01,1,1,2,-0.319,3,4,7,4.087,2,0,7,0
6,6,5,2,1,1,0,4,7,1,5,4,7,0.097,7,2,4,7,2.303,-0.682,0.0,6,2.204,2,1,2.685,1,1,-0.678,2.15,3,-2.367,6,1.788,1.0,7.23,1,1,7,2.63,1,5,4,2.566,6,5,4,0
3,3,4,0,0,0,4,1,4,1,1,0,2,-0.638,7,2,3,7,0.973,3.098,0.0,1,0.444,0,0,2.782,5,0,1.735,4.67,0,-0.638,1,0.605,0.0,6.6,2,7,4,1.511,6,5,5,2.933,6,0,3,0
4,2,2,5,1,7,1,4,0,7,3,0,6,1.971,2,0,0,4,1.887,1.069,0.0,6,1.118,2,4,0.348,5,6,0.982,4.17,6,1.14,0,3.27,2.0,2.95,7,1,0,2.166,7,1,7,-0.707,4,5,1,0
4,1,4,5,1,2,7,4,7,2,4,3,1,3.153,4,0,3,1,2.754,3.619,0.0,2,3.202,3,1,1.194,0,5,1.677,2.33,1,1.014,1,2.938,2.0,5.39,4,3,6,0.836,2,7,5,-0.407,5,6,7,0
4,0,4,0,0,1,1,4,4,1,2,7,7,1.298,1,0,4,1,2.281,0.313,0.0,2,3.907,0,3,2.123,4,5,1.749,1.03,4,-1.547,1,2.677,2.0,4.24,4,5,6,5.441,5,3,6,8.067,6,4,2,0
1,7,4,0,0,2,7,6,3,6,5,4,7,1.046,7,6,5,1,1.124,1.654,0.0,0,2.007,4,6,0.799,7,0,3.589,3.07,0,-1.365,6,0.963,0.0,6.21,2,5,6,4.19,4,5,4,4.881,2,5,1,0
7,1,0,0,0,2,0,0,1,1,3,0,4,1.439,0,7,5,3,2.54,1.324,0.0,1,0.708,5,1,2.337,6,3,2.437,4.27,2,-1.703,7,1.838,2.0,7.28,0,5,1,-4.091,3,4,1,1.888,4,7,5,0
2,3,4,3,0,0,0,4,5,2,6,6,3,1.579,3,4,2,7,0.359,0.068,0.0,5,1.272,1,3,-0.766,0,1,0.929,2.39,7,0.726,1,0.437,0.0,2.51,7,6,4,1.234,0,2,7,-0.367,3,6,6,0
5,7,7,6,1,0,3,4,3,5,7,5,1,-1.201,5,6,5,1,4.096,7.919,0.0,0,4.237,4,6,3.067,6,4,5.262,4.27,4,1.936,0,4.567,2.0,3.73,6,5,2,2.763,5,6,2,2.549,7,1,5,0
5,2,7,3,0,0,5,3,5,3,6,4,3,7.617,4,5,5,7,2.416,1.63,0.0,0,4.141,3,5,1.458,1,4,3.613,3.37,6,-0.381,3,2.632,2.0,4.48,2,6,0,4.23,7,2,1,2.267,3,5,0,0
2,2,6,6,1,1,0,7,3,0,7,7,4,4.659,2,3,3,2,3.803,3.084,0.0,4,5.24,3,5,4.77,4,6,4.552,2.58,7,1.556,1,4.519,2.0,5.67,0,4,6,6.468,0,2,7,3.16,3,6,2,0
2,7,3,1,0,7,3,4,6,0,5,7,0,4.083,7,2,4,7,0.027,-4.624,0.0,7,-0.258,1,4,3.004,4,7,1.698,3.05,3,-0.06,7,-0.165,0.0,3.59,0,4,1,2.111,7,4,3,-0.466,4,4,4,0
6,7,4,0,0,3,4,4,4,3,2,1,1,-1.234,4,2,5,5,2.282,1.687,0.0,2,3.539,7,7,-0.004,5,6,2.934,3.59,6,1.464,5,2.129,2.0,1.98,7,0,6,3.898,1,1,7,0.844,5,7,1,0
7,3,4,6,0,7,4,6,4,7,4,6,5,0.107,7,6,2,5,0.326,1.312,0.0,0,-0.15,2,3,2.508,0,0,0.646,1.78,4,0.449,0,0.716,0.0,3.62,5,5,3,2.539,7,6,0,0.987,7,0,7,0
4,1,3,7,0,4,7,3,5,4,3,1,0,-4.004,5,5,1,0,-0.056,1.22,0.0,3,-0.625,4,7,-1.865,7,6,0.546,0.86,3,-0.493,5,-0.188,1.0,2.04,2,1,0,0.268,1,0,0,6.252,6,4,4,0
5,0,6,7,0,4,3,1,5,3,1,0,1,-0.0,1,5,7,5,1.055,-0.072,0.0,2,2.265,0,6,2.552,4,1,1.341,3.58,4,-0.683,0,0.075,1.0,2.36,0,3,6,-2.367,7,0,4,2.623,6,0,0,0
2,7,6,4,0,6,1,1,5,5,5,1,6,3.44,4,5,7,1,1.516,1.555,0.0,4,2.054,3,2,4.318,0,4,1.584,0.33,2,0.963,6,1.177,1.0,5.62,6,2,2,1.848,4,3,0,2.029,1,2,3,0
5,0,6,2,0,5,4,3,3,6,2,0,0,-1.252,2,2,5,0,0.553,-2.176,0.0,7,0.287,1,7,1.776,7,2,-0.48,1.75,2,0.182,2,1.075,-0.0,5.69,2,1,6,2.68,2,0,1,2.668,7,6,1,0
6,0,4,3,1,1,4,5,6,5,7,4,2,2.442,5,0,5,1,3.939,5.716,0.0,2,3.179,5,1,1.057,1,1,1.853,5.2,1,0.55,5,3.247,2.0,3.65,3,6,5,2.909,0,5,5,0.009,7,3,4,0
4,2,7,4,0,0,4,5,4,3,7,6,2,0.679,3,5,7,2,2.344,-0.762,0.0,2,3.407,6,0,1.1,3,4,2.55,3.48,4,0.196,2,3.344,2.0,1.95,5,5,5,0.523,2,6,4,2.239,5,0,2,0
6,4,1,2,0,1,1,0,7,5,5,7,3,2.509,6,0,4,4,0.982,-1.851,0.0,0,1.319,2,2,4.313,2,3,0.88,1.7,7,-1.442,7,0.994,1.0,3.18,1,6,3,6.754,1,3,4,1.602,5,0,3,0
0,6,5,2,0,3,7,0,2,7,0,5,0,2.08,7,6,5,6,0.91,1.865,0.0,1,1.7,3,3,3.997,0,2,0.886,2.14,2,1.818,2,0.144,1.0,5.89,5,0,2,-3.209,6,4,7,2.499,4,6,7,1
5,5,5,1,1,0,6,2,1,3,3,6,5,2.913,1,0,7,6,3.772,2.729,0.0,7,4.917,7,1,1.143,0,4,3.95,0.45,0,-0.362,4,4.001,2.0,2.18,7,1,3,4.478,7,4,6,6.249,4,3,7,0
2,4,6,3,0,4,5,1,4,0,4,7,0,3.313,2,2,0,0,1.614,0.44,0.0,6,-0.21,0,2,2.851,4,7,1.516,0.97,6,-0.344,2,1.004,0.0,2.69,1,1,5,-1.523,7,5,6,0.461,3,4,6,0
5,6,7,6,0,1,0,7,1,7,2,1,5,5.698,4,4,2,5,2.314,1.384,0.0,5,2.996,4,1,4.258,4,5,3.003,3.3,3,1.157,3,2.06,2.0,3.89,5,0,6,3.943,3,3,1,3.659,6,1,4,0
2,3,2,1,0,1,5,6,1,1,6,1,1,1.258,0,6,4,2,2.636,2.02,0.0,6,1.711,2,6,-0.297,2,0,1.498,2.1,3,2.256,0,2.514,2.0,6.59,7,6,3,1.936,0,4,7,6.54,2,1,4,0
5,2,5,2,0,0,3,4,3,7,5,2,0,1.766,5,5,2,7,0.77,-2.733,367.32,6,0.85,7,4,0.791,7,4,-0.105,5.26,3,1.0,0,1.362,1.0,8.5,0,1,6,1.791,6,1,2,1.303,6,1,3,1
3,6,6,0,1,5,1,0,6,7,7,1,2,4.547,5,7,5,2,5.293,2.425,0.0,6,6.315,7,3,3.021,3,0,6.112,5.2,3,-0.38,1,3.577,3.0,7.22,0,4,0,5.04,5,3,3,5.489,6,2,4,1
1,7,4,2,1,5,2,1,7,2,3,6,4,2.017,6,3,2,0,2.966,2.267,0.0,0,7.152,0,1,1.244,3,1,4.324,4.21,4,0.008,2,4.098,1.0,5.11,4,5,2,4.338,5,4,0,6.373,0,4,5,1
2,1,4,2,0,5,6,0,6,6,2,6,0,2.121,7,7,2,1,2.287,-0.859,0.0,5,3.057,2,4,-0.281,7,1,0.984,2.68,3,0.883,6,2.402,0.0,1.76,4,6,0,0.46,4,7,3,0.443,6,0,7,0
0,6,6,6,1,4,4,3,4,5,2,7,3,-0.717,2,7,5,3,2.535,0.967,0.0,0,2.909,1,2,3.011,7,5,1.547,2.4,1,-0.55,0,2.58,1.0,2.28,2,3,2,-0.903,5,5,7,2.227,5,4,5,0
0,4,7,0,0,5,0,2,4,3,5,0,6,-0.142,0,4,0,6,0.085,-0.775,0.0,1,-0.283,2,2,0.328,4,5,0.903,2.47,2,0.508,7,0.218,1.0,0.32,7,3,2,-1.201,4,0,6,3.449,5,3,2,0
1,1,0,5,1,0,2,7,6,5,2,1,4,4.622,1,5,7,0,2.438,3.673,0.0,4,2.097,4,7,2.823,3,7,3.378,1.33,2,1.187,6,2.73,2.0,4.15,5,3,4,4.382,0,4,0,2.46,6,0,1,0
4,4,5,3,0,1,3,4,0,7,7,5,4,3.024,0,0,2,2,2.72,0.43,0.0,5,2.209,5,3,-0.21,2,2,0.731,0.6,2,-1.648,1,2.5,1.0,3.81,1,1,4,1.874,1,6,0,0.097,0,2,0,0
1,5,0,0,1,5,1,5,7,0,5,4,2,1.962,3,5,5,6,3.148,3.9,0.0,3,3.162,6,7,0.241,1,3,2.238,2.92,6,1.538,0,3.765,1.0,5.16,1,2,3,2.595,5,5,6,5.872,6,0,1,0
4,2,0,5,0,0,3,6,5,7,6,6,4,1.776,0,5,0,1,1.747,-1.941,0.0,2,-0.313,5,1,1.761,2,0,1.08,3.15,1,0.001,2,0.903,0.0,0.55,7,1,0,2.593,4,1,0,1.011,3,5,3,0
3,4,3,1,1,6,7,1,6,2,0,6,4,4.986,1,0,2,2,4.018,6.239,0.0,2,3.466,3,1,-1.794,4,0,3.002,1.0,0,0.581,3,3.652,2.0,0.62,4,1,0,2.345,4,1,2,3.968,2,7,0,0
6,4,5,2,1,6,6,2,1,1,3,2,7,2.797,5,1,2,4,4.179,2.917,0.0,0,5.033,4,2,3.022,0,7,6.171,4.42,6,0.159,7,3.042,2.0,7.2,1,4,1,6.099,7,2,2,3.464,3,1,1,1
3,7,1,5,0,1,7,6,6,4,4,0,7,4.887,3,3,6,6,1.95,1.146,0.0,4,0.45,1,1,1.133,2,1,2.705,-0.59,7,2.208,0,0.899,1.0,0.58,4,0,3,3.119,7,1,6,2.931,0,5,5,0
2,0,0,5,1,2,5,2,0,7,3,1,5,3.467,3,7,6,5,2.14,1.365,0.0,2,2.868,3,6,2.712,4,4,5.664,4.04,7,-0.035,2,2.215,2.0,3.62,1,6,6,3.009,0,0,6,10.08,0,6,2,0
5,5,6,7,1,1,4,7,3,7,1,3,1,2.577,4,1,3,0,3.418,4.232,0.0,3,4.885,6,1,3.699,5,4,2.12,-0.28,6,-0.638,3,4.007,2.0,2.85,7,5,0,7.107,0,2,4,4.84,1,1,5,0
7,3,1,7,0,7,4,5,3,2,3,2,1,2.164,4,2,6,1,-0.122,4.743,0.0,3,0.13,5,0,2.821,0,5,-0.483,3.3,4,-1.031,5,0.544,0.0,2.48,5,4,3,0.073,1,7,2,3.026,4,1,5,0
7,4,3,4,0,7,1,1,6,0,7,6,5,-2.402,7,3,3,3,-0.254,0.224,648.18,6,-0.09,3,7,4.143,4,7,-0.119,3.06,7,1.682,4,-0.051,0.0,9.7,4,6,6,-4.292,6,7,6,-1.071,5,5,3,1
4,4,1,4,0,3,7,5,5,0,1,3,0,2.982,3,4,7,4,1.301,0.127,0.0,3,0.578,4,4,-0.487,7,5,2.156,3.6,7,0.474,7,1.513,1.0,0.28,7,2,0,-2.914,4,3,7,-1.418,2,6,1,0
5,6,1,4,0,2,3,0,6,5,6,4,3,-0.299,2,3,3,6,2.952,-0.048,653.03,0,-0.231,0,5,4.105,2,2,5.613,1.9,3,1.304,3,1.968,1.0,9.76,2,3,0,3.609,3,5,4,0.32,6,0,5,1
1,5,5,5,1,5,5,7,4,6,7,7,1,2.356,5,3,4,2,4.859,6.77,0.0,4,4.108,2,7,6.573,6,3,2.695,1.64,2,0.205,6,5.74,2.0,1.43,3,7,2,6.596,6,0,4,7.462,7,7,5,0
1,3,3,4,0,7,7,7,0,1,4,4,4,1.956,7,3,2,5,0.94,-0.165,0.0,4,0.432,7,3,0.839,5,0,1.809,2.88,3,0.872,4,1.725,0.0,4.54,4,0,2,2.449,4,7,4,1.243,1,7,4,0
0,0,1,2,0,0,7,5,2,4,0,7,1,1.014,2,3,3,7,1.24,1.332,0.0,0,0.613,5,4,-1.374,6,0,1.617,1.71,7,-1.386,0,1.514,1.0,4.05,1,0,3,2.974,6,7,5,-3.773,6,7,0,0
6,2,6,3,0,0,7,0,5,2,0,3,3,3.492,4,7,3,0,1.011,2.581,0.0,7,2.399,7,3,2.069,3,2,2.359,3.1,0,0.312,7,0.519,1.0,6.17,7,7,3,3.733,7,0,7,6.043,1,4,4,0
0,5,0,2,0,2,6,0,2,5,7,3,1,1.681,6,7,3,5,0.483,-3.304,0.0,6,0.201,7,7,0.489,0,1,-1.439,1.87,2,0.276,6,0.611,-0.0,3.35,0,6,4,0.185,6,6,7,0.454,5,0,6,0
4,0,5,5,0,2,1,0,4,0,7,0,0,2.769,3,4,3,6,0.694,1.804,0.0,3,1.462,6,7,0.736,6,4,0.708,1.72,1,-0.209,5,1.663,0.0,5.5,7,5,5,1.228,7,6,5,0.769,7,7,0,0
2,7,7,5,0,4,0,0,7,3,2,5,0,2.942,6,5,3,5,2.452,0.845,0.0,7,3.029,3,1,4.833,3,2,3.171,2.92,2,0.866,7,1.995,1.0,5.81,7,6,6,2.463,4,2,2,-2.111,1,2,5,0
1,1,4,7,1,2,3,4,0,3,0,3,3,1.445,3,0,5,7,3.813,3.279,683.02,2,4.099,5,0,6.373,1,4,7.526,4.21,5,0.861,7,3.098,2.0,6.5,1,1,5,6.454,5,2,3,-0.803,0,6,4,1
3,1,5,6,0,0,1,7,0,7,6,0,0,-0.286,6,2,2,0,0.077,1.964,0.0,5,-1.905,7,5,-1.319,7,5,-1.24,3.74,2,-0.155,1,-0.193,0.0,5.68,3,7,7,1.512,7,4,1,-1.108,7,7,3,0
2,4,5,7,0,0,2,2,6,4,6,2,4,2.071,1,6,2,1,0.391,-1.416,0.0,6,-1.001,4,0,-0.678,4,3,0.023,4.48,6,1.599,3,0.284,0.0,5.34,3,7,5,2.99,4,2,3,-0.114,3,0,5,0
2,6,7,7,0,2,5,1,2,3,2,3,0,2.02,6,0,7,3,1.023,1.313,0.0,7,0.309,1,1,2.878,0,5,4.653,4.14,3,-0.551,1,1.868,1.0,2.52,4,5,5,4.099,7,1,5,0.196,5,7,7,0
0,7,1,0,0,6,7,5,3,2,0,2,0,1.719,7,4,6,2,0.887,-0.468,0.0,6,0.24,2,1,2.362,1,7,-1.629,4.38,1,-0.251,7,-0.143,-0.0,2.37,4,7,7,-2.321,1,3,1,0.226,6,4,6,0
6,1,7,4,0,7,7,1,1,0,7,5,0,2.825,6,1,7,4,1.007,-1.351,0.0,4,0.518,2,5,3.466,4,4,-1.894,0.9,6,-0.333,7,0.204,0.0,4.77,2,5,0,-4.084,2,1,0,2.827,2,6,0,0
3,4,0,2,0,2,6,4,5,2,6,6,4,4.469,5,3,5,1,2.107,3.071,0.0,5,3.21,3,6,1.091,1,4,0.973,1.89,6,-0.289,1,3.282,1.0,3.49,6,4,0,6.288,5,0,1,3.63,5,4,3,0
2,4,1,7,0,7,4,6,7,5,5,5,1,0.48,1,3,7,3,0.361,0.941,0.0,3,-0.111,2,3,3.408,1,3,-1.471,2.08,6,0.096,5,0.607,1.0,4.4,3,5,5,5.237,5,0,5,-1.214,2,5,0,0
7,2,6,5,1,1,4,0,7,6,2,6,4,8.036,3,4,6,0,4.38,6.136,869.16,1,4.48,3,5,5.307,1,5,5.235,2.89,4,-0.373,2,3.867,3.0,4.29,1,0,5,3.867,3,2,0,4.556,3,3,6,1
3,6,7,5,0,4,1,4,3,4,3,6,6,0.367,3,5,3,5,1.559,6.046,0.0,4,2.887,7,6,2.828,7,6,1.435,1.31,0,-0.01,7,2.19,2.0,3.21,1,5,2,5.838,6,4,3,0.381,7,4,4,0
1,1,0,6,0,0,4,5,6,2,1,1,5,2.082,7,2,7,1,3.194,1.261,0.0,7,2.601,5,5,6.155,0,7,0.908,0.47,7,-0.309,3,3.294,2.0,4.12,6,5,4,2.74,0,2,3,3.628,6,3,0,0
7,3,1,0,1,0,0,3,1,0,1,2,7,5.772,3,1,4,1,4.834,8.812,454.54,3,5.092,5,1,0.996,2,3,2.395,3.19,5,1.047,5,4.84,3.0,9.18,4,7,6,6.447,0,4,1,8.447,0,1,2,1
4,2,5,6,0,6,2,7,2,7,7,6,2,0.999,4,7,2,2,0.749,5.573,0.0,5,1.241,6,1,1.931,7,4,-0.045,1.39,5,-0.511,6,0.597,-0.0,4.93,3,7,0,4.142,0,6,1,-0.856,2,6,6,0
3,6,6,6,0,5,7,1,2,2,0,4,3,3.299,3,3,6,6,1.352,1.32,0.0,7,1.406,7,6,1.193,5,0,1.483,4.23,5,3.653,0,1.55,-0.0,3.5,4,6,2,2.859,1,4,4,-0.147,2,6,0,0
2,1,5,5,0,3,0,6,5,2,6,7,1,2.681,1,3,3,4,-0.027,3.326,0.0,6,-0.19,7,3,0.632,2,1,-0.356,3.32,0,-1.814,2,0.117,1.0,4.19,3,4,4,2.016,0,3,5,1.54,7,1,0,0
7,5,0,6,0,3,2,0,2,4,6,3,6,-1.179,5,1,5,3,1.567,-1.004,0.0,2,0.518,1,7,2.569,5,4,1.367,5.1,2,-1.067,0,1.42,2.0,3.12,7,4,4,2.41,5,2,1,1.68,6,6,2,0
4,3,3,2,0,5,3,5,3,2,3,4,6,1.546,1,4,1,4,0.738,0.882,0.0,1,1.795,3,3,4.347,4,1,0.028,2.47,2,-2.09,5,0.91,0.0,3.57,4,6,4,3.175,6,1,1,0.059,3,0,5,0
4,1,4,3,1,7,1,2,0,2,1,6,6,-2.308,2,4,1,4,3.838,3.232,260.7,4,3.525,6,4,5.274,2,0,3.649,3.27,4,1.627,0,3.272,2.0,6.5,1,6,2,5.565,5,7,2,0.4,3,7,5,1
3,2,5,6,0,6,2,0,0,5,7,2,5,-0.063,3,3,0,3,0.856,0.13,0.0,2,1.246,1,0,0.931,3,1,-1.573,4.02,4,-0.487,2,0.669,0.0,3.79,4,5,6,-0.402,0,4,4,-4.561,4,5,6,0
1,2,7,4,0,5,6,2,5,4,1,0,6,0.509,6,4,3,4,0.75,-3.624,0.0,6,2.318,1,0,0.3,5,5,-1.161,2.32,2,1.15,5,1.475,0.0,2.99,5,0,3,0.508,7,3,2,-0.44,5,4,6,0
4,3,4,4,0,6,4,3,1,6,6,0,0,0.661,4,1,1,4,1.811,2.131,0.0,7,1.801,3,1,0.992,5,4,1.753,3.55,6,0.442,3,2.24,2.0,2.52,6,0,5,2.445,4,3,7,4.175,7,7,1,0
3,5,4,3,0,1,6,1,0,7,0,0,4,4.837,2,6,6,2,1.741,0.562,0.0,1,1.948,0,1,-1.29,0,1,1.691,4.98,2,1.138,6,1.415,1.0,6.98,0,5,5,-0.678,2,4,0,0.245,4,3,2,1
7,3,5,1,0,1,4,7,6,7,1,2,5,2.375,0,5,4,4,1.867,1.45,0.0,2,2.96,5,6,2.134,2,0,-0.102,1.69,5,-0.831,1,0.883,1.0,4.46,2,1,1,0.151,3,4,6,2.086,2,2,0,0
3,2,1,4,1,1,4,6,5,7,1,7,0,6.71,1,0,4,6,4.5,5.718,0.0,5,5.272,4,4,3.485,7,7,5.784,1.08,6,0.251,2,3.695,2.0,5.14,2,0,3,7.384,7,0,3,1.295,6,4,5,0
5,5,5,7,0,2,4,0,0,5,2,6,6,1.379,4,7,2,5,0.936,3.6,0.0,6,1.025,1,7,-0.468,7,5,1.748,3.89,6,0.564,6,0.257,-0.0,5.16,7,3,1,2.853,5,2,4,2.964,4,4,4,0
3,6,4,2,0,0,4,4,2,2,4,5,3,-3.806,1,5,6,2,0.645,0.881,0.0,5,1.08,3,4,1.765,2,5,-0.117,0.91,2,-1.179,1,0.049,-0.0,3.15,1,0,2,0.142,1,7,0,2.993,7,5,5,0
4,3,1,0,0,5,4,4,5,4,3,0,6,1.314,1,5,0,1,1.112,0.807,0.0,5,2.026,5,3,3.136,3,3,1.448,3.17,3,1.663,3,1.473,1.0,2.07,1,5,1,5.622,4,5,3,-0.106,4,7,2,0
4,1,7,1,0,0,5,6,1,5,6,3,3,5.066,2,5,1,5,1.091,-2.454,0.0,7,-0.107,2,5,-0.594,4,0,1.981,1.48,2,1.217,4,1.5,1.0,4.8,7,1,5,1.803,5,0,5,2.878,4,6,2,0
6,6,0,6,0,0,1,2,3,1,1,0,3,0.488,1,1,2,0,0.807,-0.427,0.0,3,1.428,0,2,-0.135,0,5,2.544,2.98,6,-0.722,5,2.237,0.0,2.04,4,7,7,-0.716,1,3,5,3.853,5,0,7,0
1,2,4,5,0,4,2,1,2,3,0,3,1,-0.888,3,1,6,3,0.197,-0.994,0.0,3,0.308,1,2,0.594,3,5,-0.959,4.21,7,-0.18,1,0.541,1.0,3.26,4,1,0,1.247,5,5,5,2.897,4,0,5,0
2,3,6,7,0,6,5,2,3,1,0,1,1,-0.266,7,6,6,2,1.934,-0.192,0.0,3,2.447,6,0,-1.257,2,0,-2.538,2.38,1,0.63,5,1.936,1.0,3.85,2,0,5,0.966,2,7,2,-0.193,6,4,1,0
0,0,1,1,0,2,6,4,7,6,2,1,2,2.868,2,5,7,4,1.715,1.469,0.0,7,2.848,2,6,-1.076,4,3,-0.722,2.47,4,-0.199,6,2.149,1.0,3.65,5,0,3,2.918,1,7,5,0.685,5,2,3,0
4,7,0,0,0,6,4,3,5,3,1,1,5,1.779,2,6,5,2,3.174,5.19,0.0,6,2.192,7,5,1.675,4,0,3.894,3.17,1,-0.979,7,3.458,2.0,3.27,1,7,7,3.741,0,3,2,1.474,1,5,4,0
7,7,3,1,0,3,4,1,6,2,3,3,2,2.93,5,2,1,1,2.476,2.046,243.86,5,3.486,2,2,3.506,7,1,0.526,2.28,3,-1.018,0,2.903,1.0,6.83,4,5,3,4.689,4,2,3,4.293,3,7,5,1
0,1,7,0,0,3,2,0,6,4,4,6,2,1.035,7,2,5,2,2.011,0.954,0.0,7,3.065,5,0,2.527,6,4,1.973,0.98,2,-1.183,5,2.737,2.0,5.55,4,4,4,2.645,6,6,1,-1.328,4,0,3,0
6,7,6,7,0,7,6,3,6,1,0,2,7,2.581,0,5,3,2,2.109,0.581,0.0,0,1.479,1,7,1.657,3,0,5.506,2.38,5,-2.068,1,2.704,1.0,4.29,4,0,7,3.266,4,3,7,-4.464,1,0,2,0
7,4,7,1,0,3,3,7,0,6,2,2,4,3.989,2,3,4,4,0.836,0.958,0.0,2,-0.598,0,5,-5.412,2,0,-0.405,3.6,7,-0.652,0,0.252,0.0,2.8,4,6,5,1.653,4,5,2,2.4,0,5,7,0
3,6,1,6,0,1,5,5,1,3,4,3,4,-1.846,1,4,7,4,0.157,0.011,0.0,6,0.302,0,7,1.464,6,3,0.058,3.25,5,-0.192,5,1.91,1.0,4.87,2,7,2,1.678,0,4,1,3.316,0,3,1,0
3,3,7,3,0,5,4,2,3,3,3,0,4,-0.371,6,6,2,3,0.367,3.895,0.0,4,1.267,5,7,-1.979,3,2,0.303,2.2,5,0.032,4,-0.542,0.0,1.06,0,2,5,2.142,7,0,4,-1.292,1,3,3,0
3,7,3,7,0,5,6,0,3,7,7,5,5,-1.032,0,6,2,2,0.781,3.098,0.0,5,0.043,6,6,-3.309,2,2,-2.987,0.51,2,0.041,4,-0.005,0.0,2.99,4,3,1,0.834,4,4,7,1.819,7,6,1,0
7,7,1,0,0,7,7,5,0,3,4,0,3,0.873,7,2,7,4,0.598,2.973,0.0,0,-1.381,1,4,1.669,5,1,1.449,1.86,2,-0.245,5,1.018,0.0,3.18,2,5,1,1.887,2,6,0,-0.949,1,7,3,0
0,3,5,5,0,2,1,2,7,5,3,2,5,3.712,5,5,2,2,2.264,0.38,0.0,7,2.352,2,2,4.594,7,2,0.865,6.54,1,-1.507,3,1.723,1.0,1.98,6,7,1,-1.184,0,5,7,3.175,5,4,3,0
5,4,1,3,0,2,7,4,2,4,2,5,4,-1.331,3,6,1,3,1.019,0.2,0.0,5,2.653,6,3,4.999,5,7,2.535,5.21,6,0.588,3,1.586,1.0,5.98,7,0,6,1.104,7,6,1,4.281,1,3,3,0
0,2,3,2,0,6,7,6,0,5,7,4,2,0.595,2,0,1,3,2.249,4.303,0.0,3,1.657,6,6,1.512,5,1,0.33,2.3,3,-1.324,3,2.467,1.0,5.38,6,2,5,3.616,2,4,6,3.824,7,2,3,0
1,2,2,0,0,5,5,4,1,6,5,1,2,0.163,0,6,2,2,0.567,4.331,0.0,3,-1.128,6,4,1.431,0,3,1.22,2.79,1,0.33,4,0.927,0.0,6.3,1,6,6,0.731,0,0,0,-5.202,4,6,6,0
2,0,1,4,0,0,4,2,0,2,6,2,4,0.403,5,3,4,4,1.319,-0.758,0.0,0,0.131,2,1,-0.622,2,1,1.459,3.71,3,0.884,2,0.784,-0.0,4.07,1,2,7,4.44,0,6,0,-2.411,6,1,0,0
2,4,2,5,0,1,7,5,3,5,7,0,3,0.171,1,3,4,0,1.437,0.941,0.0,5,0.441,3,1,2.649,1,2,1.976,2.46,4,-0.217,1,1.611,1.0,2.16,1,0,6,0.675,3,2,3,0.491,0,4,4,0
0,5,5,3,0,0,0,6,6,1,6,4,4,-0.388,1,2,3,4,0.537,4.692,0.0,5,0.057,2,4,1.006,7,2,1.476,1.58,5,-1.245,5,0.59,1.0,3.42,3,5,4,-1.246,0,0,1,4.51,3,3,6,0
0,3,1,3,0,3,6,4,1,3,2,4,1,-0.33,2,7,6,1,2.524,3.149,0.0,4,0.049,4,2,4.666,0,6,1.175,3.05,1,-3.102,2,2.072,2.0,4.96,3,3,6,0.649,5,6,1,0.258,3,6,4,0
2,1,2,0,0,4,3,7,5,2,4,5,3,3.142,5,7,1,5,0.426,1.491,0.0,5,2.109,7,2,5.063,4,5,1.295,3.95,1,-0.802,3,1.455,1.0,4.63,6,2,5,1.713,3,4,2,-2.103,0,3,3,0
0,4,1,3,0,1,1,6,3,1,2,1,6,2.786,0,7,7,4,0.251,-1.551,0.0,3,-0.149,0,1,0.779,2,1,-1.114,3.22,5,-0.447,0,0.925,1.0,5.31,5,0,3,3.786,5,0,0,4.032,7,5,1,0
4,2,0,2,0,0,6,7,6,3,1,6,2,1.999,6,4,3,4,1.002,2.188,0.0,4,0.106,0,5,2.838,2,5,2.51,4.43,4,-0.371,1,1.382,0.0,4.61,0,5,0,0.755,5,3,6,-1.608,4,5,4,0
1,3,2,5,0,0,3,7,3,7,5,2,7,4.771,3,2,4,3,3.293,6.703,0.0,3,5.103,3,6,-0.728,7,4,6.341,3.16,1,-0.612,0,3.169,1.0,5.53,1,5,2,4.641,4,7,1,1.665,0,5,4,0
7,7,2,6,0,6,4,1,6,5,1,5,6,-0.67,6,6,7,2,-0.238,-1.294,0.0,3,-1.352,6,6,-2.078,3,6,-2.775,2.72,5,-0.83,7,0.302,-0.0,7.56,3,2,4,3.368,4,7,0,1.961,0,1,7,0
2,4,1,4,0,2,5,0,7,4,6,1,2,3.093,3,7,6,3,1.6,3.944,0.0,7,1.382,7,4,2.893,3,0,1.167,1.41,1,-2.077,6,1.795,0.0,3.25,1,6,3,5.348,2,5,1,-2.575,6,0,5,0
6,1,4,7,0,7,7,5,6,3,1,4,5,0.792,0,0,2,1,0.565,1.526,0.0,3,1.141,5,1,2.03,3,5,1.312,-0.32,7,-0.242,6,0.7,1.0,6.2,4,1,5,2.615,0,6,0,0.264,5,5,7,0
3,1,6,2,0,2,6,2,0,6,1,6,2,0.772,7,7,3,3,1.261,-1.072,0.0,6,0.922,7,1,0.165,7,4,0.709,3.1,4,1.975,6,1.308,1.0,4.73,6,6,2,0.888,1,5,1,1.875,6,1,0,0
5,5,4,0,1,7,7,0,0,2,1,0,4,2.368,0,4,2,7,2.561,4.009,0.0,7,2.01,7,5,2.231,6,3,-1.668,1.18,5,-0.662,5,3.094,1.0,3.29,7,3,0,4.262,5,1,0,1.962,5,3,5,0
2,0,1,7,0,1,5,5,0,0,4,0,5,5.258,4,6,5,5,0.803,0.784,0.0,1,0.028,5,4,-1.339,5,3,-0.909,4.08,0,0.514,1,1.01,1.0,3.94,6,1,2,-2.269,5,6,3,1.118,5,2,4,0
4,0,4,5,1,3,6,2,4,7,1,6,0,3.278,5,3,7,1,3.928,8.062,0.0,3,4.083,0,2,4.914,2,0,4.531,2.26,3,-0.309,1,4.481,2.0,3.15,4,6,5,2.492,0,4,2,1.132,6,0,7,0
2,4,4,5,0,2,5,4,2,6,2,0,6,-2.17,0,3,5,2,-0.352,1.256,0.0,0,2.312,1,4,1.61,1,4,1.21,3.38,3,1.634,0,-0.852,0.0,1.1,0,1,3,0.6,7,7,3,-3.1,0,4,2,0
2,4,1,3,0,2,3,3,2,3,6,7,1,1.176,5,5,3,6,1.992,2.252,0.0,0,2.412,5,3,2.641,1,2,4.192,4.62,7,-0.066,1,2.386,1.0,7.56,3,2,1,2.265,7,1,0,1.864,6,0,1,0
7,7,6,1,1,5,2,6,5,1,7,7,2,3.473,1,4,4,0,1.638,3.868,0.0,3,1.316,1,5,1.943,1,1,0.59,2.48,5,1.093,3,1.822,2.0,6.16,3,2,7,-0.023,4,1,1,2.162,1,3,3,0
4,6,5,2,0,7,2,5,6,3,7,5,2,-0.545,5,2,4,0,1.161,1.269,0.0,1,2.797,7,1,0.384,0,6,3.837,4.13,4,0.316,4,0.373,1.0,4.98,0,6,6,-2.973,3,5,2,2.357,2,5,3,0
3,6,7,2,1,4,4,6,2,4,1,0,4,0.595,2,4,7,7,3.364,1.253,0.0,1,3.529,7,3,5.945,0,7,3.997,4.18,2,-0.446,7,3.323,2.0,5.57,4,0,1,3.971,5,2,5,1.175,2,1,6,0
0,4,3,6,0,5,0,7,0,3,3,5,3,2.603,4,6,4,3,0.623,0.505,0.0,6,1.895,5,4,-1.576,2,3,0.902,3.8,3,1.352,5,1.719,2.0,3.5,3,0,2,4.564,6,2,2,-3.007,1,5,4,0
2,5,7,2,1,0,7,7,0,5,3,5,6,3.096,3,2,6,6,3.519,2.211,0.0,2,2.901,5,3,2.669,6,6,6.722,5.42,0,-1.404,0,2.96,1.0,5.36,1,4,7,1.486,5,6,6,2.338,2,7,3,0
6,2,0,1,0,7,1,5,0,7,4,7,3,3.347,4,7,5,7,-0.241,1.15,0.0,4,-0.006,6,7,-4.547,0,1,-0.781,2.74,5,2.083,4,0.272,0.0,4.11,2,0,1,-2.658,4,4,2,2.327,0,0,4,0
3,6,2,4,0,0,3,7,0,3,7,1,1,3.542,6,6,1,7,0.528,2.837,0.0,1,2.142,7,5,-1.66,3,3,1.068,2.04,7,1.402,0,0.38,-0.0,5.97,7,7,4,-3.411,4,0,5,0.405,2,1,4,0
0,6,1,3,0,7,7,5,6,0,2,6,5,4.087,3,0,7,0,1.221,1.071,0.0,4,-1.819,1,5,1.093,5,7,-0.826,2.64,3,-1.146,5,1.365,1.0,6.25,5,3,2,-0.47,6,0,2,5.398,3,6,3,0
5,0,0,0,0,2,0,4,1,7,6,7,1,2.094,4,3,5,1,1.378,2.061,0.0,1,-0.404,1,2,3.531,6,4,-0.078,2.26,4,-1.646,0,1.683,1.0,1.94,0,5,4,6.309,1,4,6,-2.476,5,6,5,0
7,6,7,4,1,2,4,7,1,1,0,5,6,1.405,7,4,7,2,2.451,0.217,0.0,7,3.171,5,0,3.106,3,7,2.54,2.68,2,0.001,5,4.094,2.0,2.54,7,1,7,2.72,5,7,0,1.191,0,2,7,0
5,7,1,6,0,6,3,7,6,0,5,2,6,-0.728,2,1,2,6,0.803,0.644,0.0,6,0.321,5,7,1.981,7,6,1.215,0.99,4,-0.914,2,0.923,0.0,4.32,2,7,6,-2.628,2,4,0,-0.273,2,0,3,0
2,5,1,5,0,0,6,6,4,5,6,2,1,3.053,1,2,1,5,1.839,4.524,0.0,0,1.529,3,6,2.777,4,2,0.486,2.35,6,0.274,4,1.117,1.0,4.5,0,2,1,0.979,2,1,4,3.332,5,5,0,0
6,5,0,1,0,1,3,1,0,6,3,6,6,-0.437,5,0,5,4,0.584,1.143,0.0,1,-0.306,0,0,1.765,1,4,-1.013,6.07,7,0.749,1,-0.28,0.0,2.82,4,1,3,0.49,6,6,1,1.345,7,6,5,0
5,0,1,6,0,2,6,3,2,2,5,1,6,-1.317,5,5,6,0,2.925,1.46,376.39,1,2.553,2,4,3.238,7,6,0.657,2.49,0,1.172,0,2.047,2.0,8.55,1,5,5,-0.859,6,5,6,-0.06,7,3,7,1
2,6,5,4,0,7,6,0,3,4,5,4,6,2.11,3,5,7,0,2.606,1.526,0.0,2,1.777,5,1,4.522,0,5,1.62,3.89,7,0.603,5,2.387,1.0,6.15,0,0,4,3.497,6,1,3,4.588,6,2,7,0
3,7,2,4,0,6,5,2,7,1,2,7,1,1.973,5,2,0,6,1.05,-0.778,0.0,0,-0.671,7,5,-0.471,4,6,-0.023,4.6,1,-0.776,6,-0.187,0.0,4.15,3,1,5,3.341,7,1,0,-2.541,4,4,7,0
5,3,3,7,0,7,7,5,3,1,6,7,0,0.886,5,1,3,7,1.391,3.368,0.0,6,1.884,4,4,3.667,7,3,1.235,2.94,5,-0.105,7,1.234,2.0,1.37,0,7,1,1.517,4,0,1,3.547,1,4,2,0
1,0,2,4,0,4,0,4,3,5,2,7,7,2.371,7,4,1,3,0.817,5.957,0.0,1,0.997,0,6,1.872,2,2,1.695,3.1,1,2.29,7,1.35,1.0,3.86,1,3,0,2.899,5,5,1,0.852,1,7,2,0
3,7,7,4,0,0,0,2,2,3,6,4,3,-1.986,6,6,6,0,0.854,-0.547,0.0,3,2.093,0,5,0.637,6,1,0.094,2.71,0,-2.957,2,1.634,1.0,2.67,7,6,6,-0.182,7,7,4,0.337,6,7,0,0
7,2,4,7,0,4,0,4,6,2,1,5,0,2.062,6,0,4,6,1.817,-0.364,683.79,4,2.004,6,3,0.634,3,0,3.365,3.94,0,0.641,7,2.312,1.0,7.54,6,6,6,1.075,2,5,6,-0.723,2,1,0,1
6,4,5,1,0,7,5,6,5,1,3,2,4,1.282,7,2,2,3,1.113,-0.77,0.0,6,-2.077,7,0,-0.362,3,2,-0.568,4.3,5,-0.052,6,1.407,0.0,6.35,4,4,7,-1.37,1,2,0,2.542,0,5,3,0
7,3,5,4,0,6,2,1,0,1,1,2,5,5.044,0,3,6,5,1.467,5.26,0.0,5,1.611,6,3,-1.81,4,0,1.652,2.78,3,-0.768,2,2.781,1.0,5.44,2,6,4,1.776,4,5,5,-1.155,7,1,0,0
5,4,7,2,0,3,0,7,7,7,0,7,6,2.828,7,5,6,2,0.516,-1.258,0.0,2,0.278,0,4,4.321,3,6,-1.344,3.53,1,-1.043,2,1.207,1.0,3.85,5,5,6,-0.055,6,0,7,-0.264,2,3,6,0
4,2,5,0,1,7,4,7,3,6,0,6,7,2.234,6,5,1,7,3.848,4.655,0.0,6,1.613,0,0,2.255,3,2,4.979,1.76,0,-0.581,7,5.079,2.0,2.89,6,1,5,1.384,2,6,1,-0.748,0,2,4,0
2,4,3,2,1,6,1,6,6,6,2,7,6,8.935,7,1,7,0,6.797,4.888,844.18,0,6.203,0,3,11.363,2,3,6.793,4.73,7,-0.027,0,6.561,4.0,7.91,7,1,2,8.339,6,3,5,8.888,1,0,5,1
1,5,3,3,1,1,3,2,4,2,0,0,0,4.179,6,1,4,7,3.454,1.608,0.0,6,3.479,2,2,0.241,7,6,4.752,2.62,7,-0.096,2,3.213,2.0,3.35,3,4,7,2.391,6,3,3,5.844,6,5,0,0
3,0,3,6,0,3,6,0,2,1,3,7,6,4.231,4,7,5,3,0.301,3.173,0.0,1,1.447,1,4,0.975,1,1,1.215,4.63,4,0.29,1,-0.046,1.0,3.13,2,5,6,3.619,2,4,5,0.075,6,3,1,0
4,2,5,2,0,4,7,3,0,7,5,7,6,-0.082,6,6,2,0,1.501,-0.186,0.0,4,1.263,6,3,1.347,3,7,1.448,2.75,2,0.956,5,0.788,0.0,4.74,2,2,4,-0.16,2,3,7,-1.27,5,6,7,0
4,0,1,1,0,4,3,5,5,7,0,6,5,-0.535,6,1,4,6,0.129,3.665,0.0,7,-1.005,7,1,1.25,1,5,1.268,2.19,0,0.564,4,-0.11,-0.0,5.36,2,7,2,0.353,7,2,3,1.577,4,4,4,0
0,3,4,7,0,5,3,3,4,0,7,0,5,-0.902,0,0,7,5,0.496,0.739,784.85,7,0.795,1,0,1.083,4,5,-1.155,3.34,7,1.686,3,0.527,0.0,7.97,1,0,7,2.704,5,2,1,-0.501,2,5,0,1
3,5,5,6,1,7,7,6,5,5,2,1,6,6.467,5,0,4,6,5.726,7.776,896.85,1,5.53,7,1,4.168,6,6,5.359,5.53,5,-0.804,5,7.119,4.0,7.46,1,2,0,6.543,7,2,7,6.796,0,7,1,1
4,0,2,3,0,2,4,0,7,6,7,6,2,0.621,1,0,2,3,1.563,2.341,0.0,6,1.6,4,7,1.182,0,2,2.324,5.12,1,-0.546,1,1.278,1.0,4.59,0,0,4,1.045,2,1,6,-1.661,7,6,2,0
6,7,7,1,1,7,2,7,3,3,0,0,0,1.794,4,6,6,5,3.407,1.279,0.0,5,4.557,5,4,0.563,7,2,5.492,2.21,1,0.548,1,3.241,2.0,3.6,1,1,6,6.647,4,1,7,1.732,6,3,7,0
6,7,1,0,0,4,6,7,4,2,7,6,1,2.637,7,7,4,3,1.334,5.374,0.0,2,1.785,1,2,-0.116,5,3,2.711,3.51,7,-0.548,0,-0.058,0.0,2.11,4,2,3,1.659,3,1,5,0.366,0,7,3,0
1,0,2,6,0,5,2,3,4,5,0,3,4,0.091,1,7,3,3,1.635,1.903,0.0,6,1.806,2,5,4.587,4,2,-1.267,3.43,1,-0.546,4,0.519,1.0,2.43,6,6,6,1.354,1,5,4,3.443,6,0,7,0
7,5,2,5,0,5,3,6,5,2,6,1,0,0.071,6,0,6,5,0.415,0.381,0.0,7,-2.571,2,6,0.561,5,1,0.116,5.93,5,1.142,0,1.08,0.0,6.13,2,3,4,-1.791,5,2,5,2.788,1,7,5,0
4,1,5,4,0,6,2,1,0,7,4,7,7,1.518,5,7,6,2,2.735,4.839,445.74,1,2.181,0,0,1.24,1,2,1.628,4.21,4,1.524,6,2.435,1.0,8.61,4,4,1,3.475,6,1,0,3.4,3,1,3,1
0,5,6,2,0,4,4,0,6,3,7,2,2,-0.267,0,7,3,2,0.306,0.222,0.0,4,0.323,2,0,-1.684,4,5,-1.261,1.84,1,-1.666,4,-0.581,0.0,3.47,7,6,7,3.068,0,4,0,1.41,0,1,3,0
0,3,0,4,0,3,7,7,7,7,3,1,6,1.612,5,5,0,5,0.231,1.831,0.0,1,-0.012,3,3,-0.272,6,7,0.708,2.0,7,1.695,1,0.668,0.0,2.2,6,7,0,-3.486,0,7,2,0.186,6,4,5,0
5,3,7,7,0,5,7,2,3,7,4,0,4,3.491,7,1,4,1,-0.246,1.143,0.0,0,0.069,3,1,4.087,3,3,0.036,4.25,1,-1.227,7,0.056,0.0,3.27,4,4,6,2.095,5,3,6,-0.941,6,0,3,0
3,1,6,7,0,6,0,3,3,5,3,7,6,-0.812,6,4,5,1,-0.36,-1.695,0.0,3,-0.349,0,4,-0.996,5,2,1.422,1.39,2,-0.034,7,0.053,-0.0,5.04,5,6,1,-2.518,4,3,6,-1.557,3,3,4,0
0,3,4,4,0,4,4,5,2,3,7,6,1,-1.236,5,3,2,3,1.274,2.251,0.0,6,1.504,1,6,1.413,0,7,-0.781,0.72,7,-1.909,4,2.255,0.0,3.92,1,6,6,2.923,4,6,6,2.504,2,4,5,0
0,6,6,4,0,0,5,1,5,7,0,6,0,-2.394,3,6,3,3,0.08,1.37,0.0,0,1.811,5,3,1.435,1,7,-2.018,5.4,4,0.257,0,0.672,-0.0,3.54,2,0,7,1.321,1,5,6,-2.907,7,4,5,0
5,4,7,4,0,2,5,5,6,7,1,1,1,-2.497,7,6,1,3,0.957,1.645,0.0,3,2.138,1,7,4.012,7,5,-1.079,1.05,2,-0.165,1,1.023,1.0,5.72,6,6,0,2.398,7,2,6,2.067,3,0,7,0
0,2,2,4,0,6,6,2,7,5,4,3,0,5.201,4,5,6,3,1.643,-0.309,0.0,2,2.578,4,7,1.436,5,6,0.277,0.09,6,1.866,6,0.526,1.0,3.76,2,0,1,5.206,0,5,1,-4.573,2,7,5,0
5,6,4,7,0,5,2,4,1,4,7,7,3,4.58,5,0,3,7,2.711,0.02,0.0,5,5.234,1,2,2.649,2,5,4.819,1.91,1,1.361,7,2.948,1.0,1.8,0,1,5,6.351,3,6,5,1.8,2,6,4,0
1,1,1,7,0,7,5,3,3,2,2,4,7,0.241,5,7,1,3,1.639,2.895,0.0,7,0.72,3,1,-3.063,1,4,0.93,1.95,5,-0.946,3,0.384,2.0,4.26,7,2,5,4.269,2,5,2,1.4,4,3,6,0
1,7,3,5,0,6,7,7,5,3,1,5,0,2.606,1,5,3,0,1.077,-3.876,0.0,2,1.004,3,0,5.052,0,4,0.485,1.74,4,-1.032,3,2.148,0.0,3.22,4,3,5,2.663,2,4,7,0.935,4,2,0,0
3,2,6,0,0,3,0,3,5,3,1,2,2,-0.383,1,3,0,0,1.001,3.1,0.0,3,0.567,5,5,-3.376,3,1,-2.696,3.53,1,0.594,3,-1.086,1.0,4.97,0,0,2,2.176,4,0,3,4.172,7,5,6,0
3,7,6,5,1,4,4,2,2,2,4,0,4,1.774,1,5,3,3,2.543,4.022,0.0,1,2.168,0,7,2.13,1,4,2.335,2.92,1,1.24,0,3.301,2.0,4.91,4,4,2,2.764,4,7,0,9.006,3,4,4,0
0,7,2,0,0,7,0,1,0,6,2,1,6,0.52,5,5,6,1,2.18,3.815,0.0,5,0.927,4,4,3.814,4,7,2.012,0.81,4,-0.505,3,1.014,1.0,3.36,5,2,7,-0.71,2,6,2,4.341,2,4,0,0
6,7,5,4,0,6,4,6,6,6,6,4,3,2.303,6,0,0,2,0.135,-1.753,0.0,0,-0.657,3,1,-0.39,4,5,-0.646,3.41,1,2.762,7,0.129,-0.0,4.59,5,6,1,-0.701,0,0,7,-0.763,6,2,2,0
7,4,2,5,1,4,5,2,6,3,2,6,3,8.413,0,1,0,7,5.294,8.766,0.0,6,4.908,1,4,4.518,7,0,6.594,3.99,6,0.818,5,5.565,3.0,5.51,3,6,0,6.207,0,7,3,5.02,7,2,6,1
0,7,5,4,1,4,3,2,4,3,2,7,0,6.31,6,4,3,2,3.753,5.204,738.36,0,5.767,1,3,7.014,0,0,5.435,4.49,5,1.934,4,4.43,4.0,7.74,7,1,0,4.709,5,1,2,4.077,4,2,0,1
2,2,6,6,0,5,2,5,0,2,4,2,2,1.058,6,6,6,3,1.37,1.973,0.0,2,1.948,3,7,6.421,0,3,1.917,4.8,2,-0.439,6,0.483,1.0,5.56,1,1,7,-1.701,3,7,3,4.94,3,2,3,0
1,7,5,2,0,4,7,6,4,6,2,5,1,3.875,5,1,5,2,2.92,2.288,0.0,3,3.556,0,6,0.86,3,2,4.102,2.25,4,-0.396,1,2.232,2.0,5.36,3,7,3,4.337,3,7,6,4.197,4,0,3,0
0,0,7,4,0,0,3,2,7,2,6,3,0,-0.327,7,5,4,1,1.885,-0.925,0.0,4,2.286,2,4,-1.166,2,7,2.471,5.58,1,0.218,7,1.058,2.0,4.73,3,6,6,2.656,5,2,0,-1.326,4,1,5,0
1,3,0,6,0,5,5,6,4,3,4,2,7,1.852,3,6,3,7,0.593,0.403,485.12,6,-0.298,1,0,-1.888,1,0,-1.106,0.37,1,-1.865,1,-0.912,0.0,7.51,0,0,7,1.197,0,6,3,1.056,5,5,2,1
0,0,0,7,0,2,6,4,6,4,2,0,4,2.896,7,7,0,2,0.664,-1.054,0.0,5,0.211,2,4,0.531,6,3,2.014,1.59,7,1.21,6,1.868,-0.0,5.34,0,2,4,-0.369,5,0,2,2.527,2,7,4,0
0,0,0,0,0,5,1,7,5,1,4,6,4,-1.682,0,6,1,4,0.455,-0.264,0.0,7,-0.859,3,2,-2.01,3,2,-1.577,3.23,1,-0.042,5,0.227,1.0,5.01,5,4,6,4.295,2,6,3,0.236,6,3,5,0
7,3,7,7,0,0,7,4,3,2,7,3,4,3.15,1,6,4,1,1.319,0.843,0.0,1,-0.463,0,5,3.95,7,5,1.84,3.21,4,1.291,0,1.866,1.0,1.98,6,2,5,1.873,0,1,0,-1.276,1,6,1,0
4,0,1,1,0,4,1,7,7,6,2,4,2,-0.421,4,5,7,5,0.791,-0.268,0.0,4,1.795,1,6,1.651,6,5,1.129,0.74,2,0.62,3,0.182,1.0,4.26,4,1,6,0.394,7,6,0,-0.284,3,5,5,0
1,2,3,6,0,3,7,3,2,3,1,3,6,-1.155,0,3,2,6,1.39,4.82,0.0,4,1.785,2,5,1.14,3,7,0.576,1.88,6,0.603,6,1.02,1.0,1.82,7,4,5,1.793,4,6,2,1.242,3,0,6,0
1,1,2,3,0,1,6,7,4,0,4,7,3,4.733,1,5,6,0,1.849,7.474,0.0,1,2.08,5,5,-0.518,2,2,1.823,0.29,3,0.611,2,2.463,0.0,3.52,1,6,2,5.287,1,0,0,7.164,1,1,5,0
7,7,0,6,0,4,5,0,7,6,3,7,4,2.076,1,2,0,5,-0.025,-3.615,0.0,1,0.367,1,5,1.753,6,7,0.067,0.74,3,1.992,6,0.81,0.0,2.03,4,0,2,1.815,4,0,6,-1.779,3,7,5,0
1,5,1,5,0,0,2,3,6,5,1,3,4,-2.357,3,6,6,5,1.702,3.076,0.0,2,1.456,2,5,-1.183,7,0,2.815,3.68,7,0.393,5,2.467,0.0,4.74,2,3,6,2.873,1,6,1,4.468,3,7,6,0
5,2,1,4,0,2,7,0,6,5,3,5,3,1.253,1,5,7,0,0.503,-0.551,0.0,0,2.294,1,5,0.381,2,7,-0.134,3.76,1,-0.703,0,0.565,1.0,3.55,5,3,2,1.639,5,2,1,1.015,3,7,2,0
6,3,3,6,0,3,1,7,3,1,0,6,4,0.531,7,1,1,0,1.093,-1.462,364.04,0,-0.245,3,1,0.896,4,7,-1.017,3.95,4,3.033,5,0.873,1.0,5.87,7,7,5,2.598,3,5,6,-1.273,5,1,5,1
6,5,1,3,0,7,5,2,4,1,2,3,6,-2.112,4,5,6,4,0.86,4.591,586.63,1,1.936,6,1,3.065,3,2,0.063,5.63,3,0.19,2,0.875,-0.0,4.74,0,6,5,2.099,5,7,6,-1.009,4,7,5,1
3,2,3,1,0,6,5,2,5,7,6,1,3,5.6,0,5,3,3,1.242,1.562,0.0,5,0.441,2,5,0.707,4,6,1.676,4.06,1,-1.382,3,2.131,0.0,1.83,4,0,2,3.494,5,6,7,3.115,6,3,3,0
0,0,2,7,0,4,1,7,0,3,6,4,2,0.495,1,6,7,5,1.461,2.375,0.0,4,0.531,1,6,0.657,4,7,-0.315,1.12,7,1.205,7,0.682,1.0,5.04,1,2,5,0.209,1,1,1,-0.573,5,6,6,0
2,3,3,2,0,6,4,5,0,5,4,1,5,-1.004,7,4,0,0,-0.328,2.388,0.0,4,0.933,2,4,4.528,6,3,1.28,5.77,7,-1.215,2,0.215,0.0,4.36,1,3,7,-0.26,2,0,6,0.88,1,3,0,0
5,1,7,6,0,5,4,7,6,0,7,4,3,-1.313,2,4,2,6,0.298,-1.895,0.0,1,1.304,4,1,-0.647,4,7,-0.229,0.17,6,-0.136,6,0.484,0.0,3.78,7,3,4,-2.033,7,2,3,-0.396,0,3,1,0
2,6,3,1,0,3,2,1,5,1,1,5,5,0.911,2,5,3,0,1.013,2.361,0.0,4,-0.129,7,2,2.089,5,4,3.341,2.16,1,-0.972,0,1.168,1.0,5.6,4,4,4,-0.074,2,6,7,0.836,5,0,0,0
6,5,3,7,0,4,1,1,6,2,0,6,3,1.351,6,3,4,2,0.292,-1.75,0.0,4,-0.708,5,5,4.578,4,2,-0.392,2.35,5,-0.374,6,1.044,0.0,2.02,4,2,1,-1.091,4,0,6,-1.786,7,0,3,0
2,1,6,4,1,1,4,2,4,7,7,3,1,6.355,4,4,4,1,3.03,2.155,0.0,6,4.252,3,2,5.081,3,2,3.561,-0.17,1,-0.368,2,2.254,2.0,6.73,0,7,6,6.51,1,2,3,0.965,7,5,4,0
1,1,3,6,1,3,3,4,4,2,3,2,1,2.47,3,3,0,2,3.247,-0.556,0.0,1,4.13,7,5,8.425,0,4,2.478,3.27,2,1.035,5,2.88,2.0,3.64,0,3,7,1.135,7,7,1,6.028,6,1,3,0
1,5,5,2,0,2,4,4,3,7,4,1,7,3.388,4,2,2,3,1.481,-1.373,0.0,6,1.334,7,4,2.204,5,3,3.267,2.81,4,-0.834,4,1.515,0.0,4.83,2,7,1,-0.87,6,3,4,2.788,4,0,1,0
3,4,7,7,0,6,2,5,4,5,3,2,7,-1.632,3,7,3,1,1.258,1.004,0.0,5,1.897,5,4,4.856,3,4,1.627,2.77,4,-1.171,2,1.574,0.0,4.98,1,4,7,6.097,1,5,7,5.853,6,6,6,0
5,5,4,1,1,3,7,7,6,3,1,7,7,7.995,2,5,3,3,3.844,8.16,0.0,1,1.936,2,0,4.949,6,1,4.844,4.6,6,-0.061,7,3.641,3.0,5.26,6,1,6,2.153,7,6,1,6.972,1,7,0,1
7,4,5,0,0,2,6,6,6,0,5,0,4,1.706,6,1,5,1,0.249,0.866,0.0,4,0.819,1,4,1.054,0,0,-1.01,4.77,1,2.292,1,0.009,0.0,6.67,5,7,5,-0.461,3,5,2,-2.465,4,7,6,0
6,7,2,1,0,4,6,4,3,7,4,5,5,-0.738,0,5,7,1,0.692,1.408,0.0,6,1.842,7,3,3.347,7,4,-0.32,0.52,0,-0.946,2,0.031,0.0,4.06,2,3,0,2.847,4,2,3,-2.484,5,6,2,0
1,5,5,7,0,3,2,0,3,5,7,4,3,3.585,4,6,0,0,0.646,-0.323,0.0,3,-0.364,6,6,5.0,2,2,-1.057,2.11,4,-0.125,4,1.344,1.0,4.41,2,4,3,-0.523,1,1,2,-0.375,6,1,1,0
0,5,3,6,1,3,6,4,0,6,3,4,7,3.643,4,4,4,2,3.071,6.682,0.0,4,1.549,7,3,4.928,3,5,0.238,4.11,6,2.501,2,3.675,2.0,6.18,7,1,4,2.994,5,5,2,1.243,3,1,6,0
5,1,1,1,0,7,7,1,3,0,7,3,2,1.183,6,2,5,5,0.361,-1.244,0.0,0,1.966,4,4,0.584,5,5,0.853,2.89,1,-1.243,1,0.84,0.0,3.66,3,4,2,3.715,7,4,6,-1.249,5,0,6,0
0,4,2,5,1,6,0,0,1,3,0,3,3,6.251,3,0,2,0,4.405,4.99,0.0,7,4.323,4,7,2.281,1,0,3.899,4.5,4,0.732,3,4.044,2.0,4.11,1,7,0,5.498,6,4,3,-0.242,0,4,0,0
6,1,4,7,0,3,7,5,0,6,0,1,2,-0.291,4,5,7,6,1.594,2.4,0.0,1,0.896,5,0,1.155,3,5,3.149,3.3,0,-1.4,2,1.109,0.0,5.08,4,5,7,-0.729,1,6,2,-0.818,5,1,2,0
7,3,1,0,0,1,0,0,0,5,2,0,6,-0.988,5,5,3,0,1.295,0.986,0.0,6,2.711,0,1,-0.123,2,5,2.023,1.81,6,-0.015,6,0.444,1.0,5.45,3,3,1,4.059,5,1,5,4.44,1,1,6,0
5,6,2,7,1,7,3,0,4,1,7,5,4,7.708,2,1,4,4,2.463,-2.407,374.77,4,2.928,1,7,3.713,7,7,3.65,4.68,5,1.053,3,2.604,1.0,9.45,1,4,4,3.298,4,4,2,0.847,2,5,5,1
0,7,1,7,0,1,7,0,2,0,5,7,7,2.043,1,5,5,1,1.351,3.265,0.0,7,1.214,3,3,0.852,4,5,-0.946,3.09,1,-0.769,3,0.238,0.0,3.57,7,2,5,-0.226,5,6,5,1.886,4,2,5,0
0,2,2,7,0,3,1,3,3,6,7,0,5,2.423,7,2,3,6,0.804,5.185,0.0,0,1.813,3,7,-2.139,0,3,1.79,3.78,1,-0.184,4,1.227,1.0,5.18,5,1,0,1.611,3,6,7,2.284,6,5,0,0
5,4,6,0,0,7,1,3,3,5,7,1,6,1.919,5,2,1,6,1.879,4.266,0.0,5,1.613,7,2,2.425,7,3,3.062,1.56,4,-1.578,6,1.456,0.0,5.68,2,3,1,3.904,1,7,6,1.361,1,0,6,0
7,6,7,7,0,7,7,4,6,1,7,1,7,-0.53,7,6,1,1,0.683,1.485,0.0,7,-1.016,3,5,0.836,1,5,1.816,5.04,2,-0.445,7,0.822,0.0,5.43,0,6,1,-3.011,1,5,7,1.394,6,6,0,0
5,5,4,3,0,1,3,6,6,0,2,5,7,2.382,6,2,0,7,1.162,2.178,0.0,7,0.8,3,7,3.844,5,7,3.456,3.37,3,0.518,3,1.388,0.0,3.61,7,6,3,-0.102,1,0,2,3.652,5,4,6,0
0,4,2,7,0,0,4,6,0,2,1,4,6,4.492,3,1,0,6,2.766,0.064,0.0,3,3.275,2,6,1.081,2,3,2.742,4.56,6,-1.111,5,3.197,2.0,4.98,4,5,7,4.358,6,3,6,2.514,7,1,2,0
3,4,5,6,0,1,5,5,4,3,5,2,7,1.552,5,4,0,0,0.977,-2.307,0.0,6,-0.966,3,3,1.05,3,3,0.255,2.06,1,0.372,3,1.233,0.0,3.63,5,1,2,-0.27,1,5,5,-0.017,0,7,1,0
0,2,1,4,1,6,5,5,7,1,7,0,1,4.605,6,4,2,5,2.949,8.228,0.0,0,3.061,6,0,0.595,6,1,3.167,4.34,3,-0.159,4,2.803,2.0,2.02,4,1,0,0.69,3,3,6,3.079,0,5,6,0
2,1,5,7,0,2,5,2,6,0,0,2,5,5.091,1,1,0,5,1.321,-2.358,0.0,2,1.552,0,3,4.309,2,7,1.654,3.36,3,0.989,0,-0.698,-0.0,3.93,2,4,3,-2.28,2,4,3,0.73,7,6,3,0
6,5,7,7,0,5,0,3,2,7,7,4,3,3.178,3,3,0,4,0.465,0.098,0.0,1,-0.066,0,5,-2.557,2,0,1.116,2.54,0,1.797,2,0.908,-0.0,2.72,1,0,6,0.907,2,6,6,2.704,7,4,1,0
0,4,7,3,0,2,2,0,2,6,7,3,7,0.156,2,7,1,1,0.529,4.321,0.0,5,-0.462,5,0,2.375,2,7,-1.238,2.71,1,-2.01,5,-0.285,1.0,2.63,1,6,5,-0.329,6,1,2,4.083,7,2,4,0
4,6,4,0,0,4,3,5,3,6,2,4,6,0.914,7,5,2,1,1.691,0.346,0.0,0,1.042,7,6,-2.667,7,6,1.588,2.67,3,1.122,0,0.813,1.0,4.46,6,1,7,4.172,3,4,0,1.673,1,5,0,0
0,2,4,4,1,4,6,7,1,4,6,6,6,0.461,7,4,5,2,2.442,3.151,0.0,5,3.692,2,3,0.829,7,5,2.539,4.9,3,0.147,1,3.158,1.0,4.53,2,7,5,3.605,5,3,5,-2.216,5,5,4,0
3,1,6,7,1,1,5,3,3,5,1,4,3,4.052,6,3,4,5,5.195,6.74,253.52,1,4.93,6,0,7.858,4,5,5.629,5.23,3,-0.021,0,6.084,2.0,6.4,1,6,2,5.98,5,6,3,6.647,6,5,1,1
6,1,0,4,0,7,1,4,3,1,2,3,2,6.082,3,5,2,0,1.261,4.645,0.0,0,1.201,2,3,0.56,0,5,-0.862,1.74,5,-0.327,5,0.95,0.0,5.85,3,2,2,1.972,6,5,0,6.079,7,1,0,0
5,3,3,0,0,3,3,4,6,4,4,1,2,2.695,0,2,0,5,1.394,-0.191,0.0,7,0.945,0,4,2.324,4,1,3.48,2.11,1,-0.93,1,1.059,0.0,1.63,3,1,5,1.612,1,7,6,5.785,5,7,4,0
6,7,4,4,0,4,7,0,1,0,3,0,3,1.263,6,2,2,2,1.761,2.824,0.0,3,1.518,0,2,1.71,1,6,0.734,2.84,3,0.484,0,3.508,2.0,2.7,2,6,4,4.096,4,6,2,2.789,1,2,1,0
6,6,5,2,1,3,5,5,1,5,0,4,4,1.013,4,2,0,5,2.544,3.374,0.0,5,2.502,2,6,2.829,7,3,2.213,5.77,1,0.014,2,2.695,2.0,1.41,6,7,5,2.368,4,3,7,4.404,4,1,2,0
5,3,0,5,0,0,2,6,2,2,2,0,0,-0.831,0,5,3,0,0.527,3.151,0.0,7,2.021,4,2,2.865,5,7,-0.742,4.57,1,-0.814,5,0.43,-0.0,2.93,0,2,4,0.547,5,5,2,0.27,2,5,1,0
5,6,4,7,1,7,5,4,7,4,0,6,6,4.069,3,5,7,7,2.645,1.644,0.0,3,0.895,4,2,4.118,6,0,3.171,1.33,4,3.273,1,1.969,2.0,6.07,2,7,1,1.667,2,0,5,1.809,2,4,5,0
6,1,7,7,0,2,4,6,1,5,3,5,7,2.065,6,2,2,6,0.929,0.74,0.0,3,0.729,3,4,1.996,3,7,-0.149,3.1,3,0.553,1,0.092,1.0,5.12,7,6,5,-2.871,1,0,4,1.588,0,4,1,0
6,2,2,0,0,4,7,7,7,2,3,6,2,-1.827,2,5,0,3,0.575,-0.696,0.0,4,0.155,2,5,-2.692,7,5,-1.161,2.63,6,-0.182,5,-0.116,0.0,3.99,0,3,1,-0.026,3,4,1,-0.997,2,7,5,0
6,7,5,5,1,2,0,4,4,2,1,7,7,7.874,0,7,3,2,3.612,0.225,653.97,7,3.148,4,1,5.406,4,6,1.314,2.38,5,0.375,6,4.214,1.0,6.71,0,3,3,6.456,6,7,5,3.398,1,2,2,1
1,7,1,7,1,4,1,3,1,6,6,4,7,4.209,5,3,5,4,3.786,1.995,0.0,6,3.751,3,5,2.628,4,2,2.503,4.05,3,2.347,6,2.827,1.0,-0.08,3,0,6,-0.663,3,2,1,1.939,1,0,6,0
6,3,4,6,0,2,2,4,1,4,7,1,3,2.273,6,0,6,5,2.731,1.326,0.0,6,3.031,0,0,2.631,2,4,2.014,4.07,0,-0.124,1,3.723,2.0,3.27,1,2,3,3.883,0,1,2,0.367,5,6,7,0
7,6,2,1,0,4,4,6,1,4,1,0,7,0.238,5,5,7,1,0.83,-1.22,0.0,1,1.514,4,0,-1.15,1,1,0.872,4.08,6,-0.299,5,1.957,0.0,2.98,0,3,1,3.272,6,5,2,-0.316,7,4,4,0
7,3,7,7,1,7,7,0,0,6,3,6,1,2.84,3,6,3,3,7.032,2.122,457.46,0,8.01,5,1,8.401,1,0,6.909,5.48,1,1.247,5,7.516,3.0,4.59,3,5,1,8.275,2,1,6,6.707,5,0,1,1
3,0,3,1,0,0,5,7,4,7,0,0,2,1.157,4,5,6,0,1.042,1.278,0.0,4,-0.64,4,7,1.793,4,6,-0.64,3.36,2,0.857,7,-0.046,1.0,4.3,5,1,0,1.381,6,7,5,1.492,3,7,2,0
0,4,3,3,1,7,2,4,0,2,6,6,0,4.24,3,2,5,2,2.668,4.276,370.69,4,2.263,0,7,-0.912,6,7,1.409,3.75,3,0.228,0,2.65,1.0,10.38,7,3,2,3.232,1,1,0,-0.52,7,1,0,1
7,3,7,5,0,6,6,0,3,2,4,7,7,0.573,2,4,0,1,0.625,-1.797,0.0,0,-0.029,0,1,3.181,1,1,0.995,2.79,6,-0.078,0,0.772,0.0,1.86,1,3,0,4.646,0,4,0,-3.378,7,3,4,0
5,2,7,4,0,4,6,7,0,7,3,1,1,0.508,3,3,6,3,0.314,1.53,0.0,4,0.205,7,2,-1.785,2,0,-0.779,3.97,4,-1.53,1,-0.05,-0.0,3.88,2,4,2,-2.31,7,1,1,-0.371,3,1,0,0
7,1,3,1,0,2,7,1,0,4,6,4,2,1.706,3,6,7,3,0.72,3.035,0.0,6,0.558,5,2,-0.673,3,4,-0.383,1.58,1,1.922,1,-0.278,0.0,6.17,2,0,1,0.357,6,2,1,1.438,3,3,5,0
7,1,0,0,0,7,1,3,6,7,7,4,1,2.179,6,4,7,6,1.975,1.433,0.0,5,1.91,5,5,1.519,7,1,5.356,3.9,2,1.449,5,2.06,1.0,1.73,5,1,2,2.835,1,4,7,1.813,3,0,0,0
5,5,4,5,0,6,6,3,5,4,1,3,1,2.016,5,0,3,1,1.007,0.579,0.0,2,-0.737,0,0,0.512,7,4,-0.253,1.52,4,1.914,4,-0.178,0.0,5.81,3,0,3,-3.555,0,7,2,-1.596,2,0,4,0
1,6,7,7,0,4,1,1,7,2,2,5,1,2.302,5,6,6,0,-0.444,-1.744,0.0,2,0.102,5,5,-1.868,2,0,0.074,2.43,3,-0.657,6,-0.056,-0.0,4.41,6,0,3,0.553,0,3,7,1.047,6,2,2,0
4,1,4,4,1,5,4,7,4,7,3,1,2,5.546,1,1,2,5,4.904,3.343,0.0,2,4.343,2,3,0.369,3,6,5.109,4.49,6,-0.837,0,4.954,3.0,3.45,6,5,5,6.046,5,2,5,5.95,4,2,1,1
2,2,3,0,1,4,5,6,2,1,4,7,2,2.978,1,6,4,1,3.331,5.312,0.0,4,5.354,2,4,0.268,6,3,3.705,4.98,5,-1.888,3,3.647,2.0,3.54,7,4,3,2.692,0,1,0,3.768,4,0,4,0
1,0,5,0,0,3,5,5,3,3,0,4,2,-3.641,5,7,6,2,1.101,2.333,0.0,0,0.38,6,6,0.086,6,5,-0.555,1.83,2,-1.238,6,1.687,1.0,0.98,6,7,3,-0.447,3,3,1,2.278,5,0,1,0
7,1,3,0,1,2,0,6,2,1,6,6,1,3.851,4,4,7,4,2.484,1.649,0.0,0,2.59,3,1,5.623,4,6,3.898,2.1,2,-0.865,7,2.173,2.0,6.12,5,0,5,1.377,3,4,7,3.149,7,1,3,0
3,2,1,0,1,0,2,5,7,6,0,6,7,0.303,5,0,7,2,1.801,0.534,0.0,3,3.379,3,2,0.764,7,3,2.469,0.95,6,0.107,6,1.665,2.0,2.73,1,6,0,1.872,3,5,4,2.575,7,0,5,0
2,1,1,2,0,6,0,7,4,6,1,3,6,-0.17,6,7,7,7,1.185,-3.473,0.0,0,0.632,6,1,-0.327,4,4,0.814,4.44,4,1.995,4,0.215,1.0,4.34,1,3,1,-2.919,0,7,0,1.85,7,6,5,0
0,0,4,0,0,5,4,0,2,3,3,0,5,3.23,2,6,1,7,2.537,-0.18,0.0,0,2.807,6,1,3.107,3,2,3.533,2.6,4,0.932,6,3.193,1.0,6.0,0,2,1,0.341,2,4,1,6.606,3,0,4,0
7,2,3,0,0,3,5,7,2,5,0,3,0,1.811,4,3,1,2,1.542,-0.507,0.0,4,2.25,1,1,4.425,0,1,4.897,3.8,3,0.25,0,2.433,1.0,4.78,2,7,5,2.973,7,5,0,0.333,4,1,7,0
6,1,6,6,0,5,2,6,6,0,4,3,4,-2.331,1,4,0,3,-0.293,2.215,0.0,0,-0.272,1,6,3.654,7,3,0.08,1.29,7,1.509,7,-0.236,0.0,4.73,7,0,3,0.363,7,0,0,6.081,7,1,2,0
5,1,3,5,0,6,3,5,3,0,7,3,0,3.632,1,0,4,1,1.683,1.359,312.07,3,0.85,0,6,0.588,5,1,0.401,3.09,4,0.868,7,0.735,0.0,8.41,6,7,2,-0.184,0,5,3,-3.751,1,4,3,1
5,0,0,2,1,3,0,1,2,1,3,0,7,0.54,3,1,2,3,3.274,8.046,0.0,1,4.481,4,4,4.594,1,2,4.094,2.78,2,0.653,4,2.895,2.0,5.67,4,2,3,0.902,3,5,0,3.362,5,6,4,0
6,2,7,1,0,6,0,5,5,3,3,6,4,-0.387,4,5,4,7,0.538,0.357,0.0,1,1.78,4,5,3.054,7,3,0.623,2.1,0,0.564,7,1.976,-0.0,4.08,6,2,0,2.376,1,7,4,-0.291,5,7,4,0
4,5,1,3,0,7,0,1,6,7,5,0,1,-1.357,3,3,1,6,-0.268,-3.278,0.0,6,0.699,1,0,-1.041,3,1,-3.124,4.56,0,1.735,0,0.92,0.0,5.23,5,1,6,-2.554,4,1,6,1.246,5,3,5,0
7,3,1,6,0,4,7,2,0,7,4,0,7,0.842,7,3,2,7,0.838,-1.397,318.76,3,0.697,2,6,0.161,4,0,0.564,3.76,0,0.511,5,0.092,0.0,6.84,4,6,0,0.379,7,4,1,0.162,5,0,6,1
7,3,2,4,0,4,0,0,3,1,4,5,1,4.399,6,0,2,4,2.117,4.843,0.0,4,0.806,1,1,2.763,0,0,0.79,0.63,4,0.396,7,2.491,1.0,2.96,7,3,3,-1.359,6,0,7,-0.722,5,7,0,0
6,6,6,3,0,5,0,6,5,4,6,0,7,-0.314,5,3,4,6,0.721,0.872,0.0,1,-0.612,6,3,1.239,5,6,2.286,3.98,4,0.573,3,1.536,0.0,2.88,6,2,3,-2.454,6,5,7,-1.102,6,7,2,0
1,7,1,5,0,2,7,7,3,3,5,2,2,4.004,6,0,2,1,1.284,-0.775,0.0,7,1.942,7,0,2.193,0,5,0.983,2.66,0,-0.131,1,1.031,1.0,4.43,0,3,6,1.859,0,7,5,-1.052,0,1,5,0
5,0,5,3,0,3,0,7,7,3,4,5,6,2.954,5,3,4,1,2.411,-0.382,0.0,0,2.736,5,5,-0.076,5,7,2.2,2.55,5,-0.777,1,2.011,1.0,3.96,5,5,7,4.322,3,4,4,3.747,5,0,2,0
7,3,6,1,0,3,3,6,4,7,1,0,5,-1.605,4,7,1,2,0.72,1.218,0.0,4,1.434,5,4,-2.79,4,1,-1.037,5.82,7,0.63,4,0.698,1.0,3.56,1,4,5,-2.899,0,0,5,0.001,4,2,7,0
5,3,3,4,0,6,1,4,6,2,6,4,4,2.106,6,4,2,4,0.883,3.488,0.0,3,-0.79,6,4,0.279,1,2,-2.523,3.96,7,0.183,2,1.574,1.0,4.24,2,3,3,-1.829,0,1,7,1.27,7,5,3,0
6,7,0,2,0,4,2,4,1,1,3,6,7,3.089,4,1,5,1,1.125,-0.841,0.0,2,0.048,0,0,3.599,6,5,0.348,2.76,3,3.546,2,1.164,0.0,4.78,2,3,7,4.122,0,6,5,2.466,6,3,5,0
4,0,1,4,1,5,3,3,1,5,2,4,1,1.082,3,3,6,0,3.254,4.71,0.0,5,4.069,7,3,4.101,5,6,1.245,2.76,6,1.185,2,3.03,2.0,5.92,2,0,3,0.981,5,6,3,1.179,0,0,5,0
0,0,2,2,0,6,7,2,4,2,4,1,1,1.416,6,0,0,7,0.119,1.165,0.0,1,0.014,3,4,-2.583,5,7,-0.785,0.83,0,0.741,3,1.717,0.0,4.05,6,5,0,-1.489,2,6,2,0.617,4,5,1,0
5,4,1,4,0,6,4,3,6,4,6,7,5,-1.37,5,3,7,3,1.571,-2.358,0.0,2,1.57,4,2,-1.175,5,1,0.049,4.34,2,0.448,3,-0.008,0.0,5.06,7,2,4,2.448,6,6,1,-1.032,0,1,4,0
4,5,7,1,0,5,4,5,4,6,5,4,4,-1.246,3,0,7,4,1.507,-3.029,0.0,2,0.776,5,7,-1.567,5,7,3.185,3.9,6,-0.142,0,1.423,1.0,6.36,3,3,6,3.031,2,2,6,-2.197,4,3,0,0
3,0,2,0,0,5,4,7,1,2,2,3,1,3.982,0,3,6,1,1.225,1.166,0.0,0,2.056,3,2,0.805,5,6,3.766,3.18,4,0.733,0,0.988,1.0,3.65,2,5,3,1.638,0,1,1,3.545,3,3,4,0
6,1,1,1,0,1,2,4,1,4,2,2,1,5.613,1,6,5,0,1.834,2.339,0.0,3,2.256,7,1,2.745,0,1,1.291,3.31,1,-0.739,5,1.576,2.0,5.45,4,4,0,2.016,0,3,3,0.836,4,5,6,0
2,7,5,4,0,1,4,4,2,6,7,3,3,-0.051,4,5,6,1,2.662,3.63,0.0,1,5.127,3,0,2.52,0,2,2.098,3.11,0,-0.41,5,2.003,1.0,3.81,3,7,0,0.004,2,2,7,1.687,7,1,4,0
2,7,6,4,0,3,1,3,5,2,7,6,3,4.454,3,1,0,3,0.307,-1.564,0.0,1,0.699,1,7,-2.246,5,2,2.49,0.91,0,1.098,7,0.088,1.0,2.02,3,7,2,0.024,2,5,0,1.071,2,4,1,0
0,4,6,5,0,3,3,6,4,4,2,7,1,2.976,0,1,6,5,1.416,-0.193,0.0,7,1.054,0,6,0.761,6,3,1.666,2.61,5,0.413,0,1.408,1.0,5.79,0,0,3,4.114,3,5,4,-0.805,5,0,1,0
6,6,2,4,0,2,2,5,0,0,5,6,6,0.549,4,4,0,6,1.225,4.829,0.0,5,0.643,2,3,-0.418,4,6,-0.831,2.97,7,-0.495,7,0.554,0.0,1.91,5,4,5,0.844,7,3,7,3.32,7,7,0,0
2,0,3,6,0,5,4,1,3,0,7,0,7,0.81,3,5,0,7,2.028,-0.605,0.0,2,2.834,7,6,0.18,2,2,4.061,1.98,3,-0.182,5,2.122,1.0,1.37,6,3,4,1.25,2,4,0,-0.666,7,4,1,0
7,7,7,2,1,5,0,5,4,0,7,1,4,0.497,2,1,0,0,3.569,2.494,0.0,0,3.924,7,2,5.961,3,3,6.489,2.95,5,1.998,6,2.709,2.0,3.63,5,5,4,2.602,1,4,6,0.023,6,4,4,0
1,7,6,6,1,3,4,5,7,2,4,5,4,4.259,1,5,6,1,3.544,1.548,0.0,5,2.37,4,4,5.527,5,3,1.556,3.88,1,-0.704,0,3.904,2.0,4.75,3,5,2,3.105,3,5,7,2.287,6,5,6,0
2,7,0,5,0,0,6,1,7,3,1,1,7,0.346,6,7,1,7,0.852,1.724,0.0,6,0.049,1,1,0.904,5,1,2.37,0.27,0,-0.258,0,2.321,0.0,-0.01,7,7,4,-0.044,1,3,5,-0.18,0,1,4,0
3,2,1,3,1,3,0,7,1,7,5,6,3,2.775,4,3,1,0,1.018,1.3,0.0,0,0.719,5,2,0.549,6,3,1.715,5.33,0,0.911,0,1.452,-0.0,3.08,6,2,6,0.147,6,0,0,2.401,0,6,4,0
6,0,1,5,0,3,3,2,0,6,4,1,1,-0.115,0,3,6,1,-0.049,7.486,0.0,0,0.944,6,0,-1.98,6,4,0.182,4.42,5,2.311,4,-0.485,0.0,2.04,0,7,4,3.277,7,5,3,-2.472,1,0,7,0
2,1,6,0,0,7,4,0,5,0,1,2,2,3.838,7,5,2,5,1.693,0.732,0.0,5,0.555,7,2,2.782,0,0,1.696,3.39,5,1.586,3,1.095,0.0,5.39,4,5,3,1.461,2,5,4,1.348,2,0,6,1
7,7,2,0,0,3,5,5,7,2,4,3,5,-0.321,2,7,5,0,0.634,1.046,0.0,6,2.282,4,5,-0.593,7,2,-1.2,2.31,2,-0.527,0,0.787,0.0,6.39,6,0,5,-2.072,5,5,3,1.775,1,4,2,0
4,1,3,1,0,6,2,4,2,0,7,7,6,-0.072,7,7,7,7,-0.066,-1.387,0.0,5,-0.546,0,0,0.523,7,4,3.159,2.5,5,-0.288,0,1.214,0.0,2.95,6,5,0,3.209,1,0,0,-2.549,6,4,1,0
4,0,3,3,1,7,1,4,0,4,0,5,0,-0.014,6,4,4,1,3.969,3.722,507.29,6,3.828,4,7,1.761,0,4,3.453,3.04,2,0.69,3,3.191,3.0,5.81,3,3,0,4.211,7,3,6,3.504,6,1,4,1
3,3,2,6,0,6,6,5,0,6,0,1,6,-2.676,4,3,6,7,-0.133,2.769,0.0,1,0.109,7,5,1.306,5,6,-0.672,2.78,2,0.913,4,0.31,1.0,3.68,6,0,3,2.259,6,2,1,-3.054,0,2,0,0
1,4,2,1,1,2,1,1,5,0,3,7,2,1.718,7,5,2,0,1.124,-2.305,0.0,4,0.278,7,2,-0.352,0,4,2.953,3.97,4,-0.422,4,0.852,2.0,2.53,4,4,5,1.138,3,6,7,2.339,2,2,2,0
1,0,2,3,1,7,6,5,7,6,1,2,1,1.638,7,1,3,5,1.939,-0.265,0.0,4,1.477,7,1,2.235,0,7,3.817,3.41,6,0.539,1,2.243,1.0,3.87,6,2,0,2.263,4,2,6,-1.177,3,1,6,1
4,5,0,5,0,1,0,6,4,3,4,0,1,0.249,0,3,5,6,0.124,-0.643,0.0,1,2.399,4,3,2.436,0,3,-1.197,6.21,2,-0.677,6,-0.644,0.0,5.79,5,5,7,0.353,4,0,1,1.446,4,0,3,0
5,2,1,5,1,4,2,1,1,6,0,0,3,6.701,2,2,5,7,4.159,3.603,0.0,7,3.265,1,2,1.882,0,2,4.357,3.04,6,2.138,6,3.981,2.0,6.89,4,1,7,4.331,6,0,4,5.697,5,6,6,1
3,3,0,7,0,1,7,6,3,3,6,1,6,-0.396,5,3,2,6,1.133,0.544,0.0,4,2.489,0,6,-1.233,3,0,1.843,2.02,7,-1.082,4,2.013,1.0,3.95,3,3,0,1.801,2,7,4,1.848,0,6,3,0
5,1,3,1,0,5,6,0,6,5,7,0,2,-1.968,4,5,2,1,1.464,2.78,0.0,3,1.767,0,3,1.233,0,7,3.194,1.27,4,0.719,2,1.749,0.0,2.97,0,3,7,5.342,4,0,6,3.141,7,7,1,0
5,7,6,2,0,3,4,0,3,6,1,3,1,1.26,0,7,4,6,0.699,3.6,0.0,3,-0.807,7,0,-3.539,3,5,2.402,5.25,6,-1.482,6,1.05,0.0,4.78,6,3,6,-3.824,3,6,1,3.457,4,1,3,0
2,0,5,5,0,7,3,4,5,4,2,7,6,0.416,5,7,0,3,0.505,-3.807,0.0,4,0.703,5,2,-1.867,6,2,2.832,5.93,5,0.565,2,-0.535,1.0,0.97,7,3,5,0.635,4,4,4,-2.188,5,4,5,0
6,4,2,0,0,6,5,6,7,5,4,2,7,-2.444,0,1,5,0,0.193,-0.44,0.0,7,2.125,7,5,1.864,2,5,1.02,2.94,1,-0.632,5,0.831,0.0,5.19,4,6,2,3.683,6,5,4,0.711,4,5,5,0
5,6,6,6,0,5,4,4,7,5,0,7,0,1.34,6,1,7,0,0.894,0.875,0.0,2,1.198,2,7,0.656,1,7,-0.15,1.68,2,-0.66,6,1.004,1.0,1.28,5,6,6,-3.089,2,4,4,-0.71,4,3,0,0
4,3,2,6,0,1,4,1,4,3,2,0,2,5.891,1,2,0,0,0.384,1.332,0.0,4,-1.851,3,7,1.798,0,2,-0.451,4.5,0,-1.081,5,-0.193,0.0,5.68,6,2,7,-4.399,5,7,3,2.445,6,3,2,0
2,5,6,1,0,1,3,4,4,3,5,7,4,0.363,5,5,2,5,-0.281,-1.73,0.0,2,-0.743,0,4,-0.67,2,5,1.545,3.28,7,-0.057,2,0.158,1.0,6.9,6,2,0,-1.511,5,6,0,-2.399,2,7,6,0
0,6,5,2,0,4,3,7,4,6,1,2,0,-3.47,4,0,3,6,-0.197,-3.205,0.0,6,0.131,3,4,0.883,5,7,1.547,1.24,7,-2.9,2,0.027,0.0,4.18,3,5,4,-3.612,2,3,1,-2.83,1,3,0,0
1,2,4,1,0,6,2,1,4,1,2,1,6,0.757,1,0,2,6,0.762,1.07,0.0,0,-2.317,1,3,0.506,2,1,1.88,2.18,4,-0.203,2,-0.392,0.0,4.85,3,2,3,2.201,6,6,2,6.229,4,4,5,0
0,3,4,3,0,3,2,5,2,5,5,6,6,-2.145,5,5,7,4,0.404,-1.85,0.0,7,1.261,5,0,-1.411,6,6,0.164,3.87,7,0.028,7,0.233,-0.0,5.58,2,2,7,-3.287,2,7,6,2.181,7,6,7,0
3,1,1,6,0,3,5,7,7,2,1,0,6,2.111,4,0,1,6,2.26,4.509,0.0,3,-0.728,1,1,-0.071,3,5,2.627,2.97,3,-0.078,1,2.384,2.0,-0.01,7,0,2,-3.677,6,4,0,3.602,3,0,2,0
4,0,1,1,0,6,4,7,5,7,6,5,6,1.658,5,7,7,4,0.114,-1.173,0.0,1,-1.211,3,7,2.075,7,4,2.632,3.59,3,-1.903,4,1.869,0.0,4.09,6,7,0,-1.509,7,2,0,-0.524,3,3,5,0
3,7,0,4,0,3,7,2,0,7,5,0,1,-1.557,1,3,6,6,1.062,-2.322,0.0,7,1.99,4,6,2.049,4,2,0.98,4.28,0,0.295,3,0.822,-0.0,5.92,4,0,6,-2.618,4,3,0,-5.131,2,3,0,0
5,2,2,3,1,3,7,7,6,4,5,4,0,1.157,6,0,7,6,1.715,2.1,0.0,4,1.346,1,6,2.053,6,0,2.927,4.7,2,-1.122,2,2.607,2.0,5.81,5,7,5,2.833,2,3,4,-1.787,1,1,3,0
6,0,2,7,0,4,6,3,1,7,1,1,0,-0.387,7,3,5,7,1.792,-0.104,0.0,6,0.892,3,6,1.414,3,6,1.636,3.13,4,-1.16,3,0.851,0.0,5.31,4,5,7,-1.456,7,7,4,1.878,0,2,6,0
5,6,4,3,0,6,7,1,4,0,0,7,3,2.026,5,3,6,3,2.409,9.605,0.0,3,2.28,3,7,5.125,2,7,3.27,2.65,1,1.425,1,1.619,1.0,4.13,5,5,0,0.823,7,5,0,2.525,7,3,7,0
2,4,5,3,1,6,0,4,0,0,5,7,0,2.004,2,2,1,5,2.17,3.979,0.0,3,2.569,4,2,3.846,2,7,1.282,2.53,6,-0.766,3,1.311,1.0,3.75,7,4,5,1.45,4,3,5,-1.48,2,7,5,0
2,6,5,4,0,0,2,2,2,3,5,4,2,2.988,7,5,7,2,0.511,-1.044,0.0,5,0.804,7,2,1.046,6,6,1.05,1.59,4,-0.642,2,1.099,0.0,5.14,2,4,0,3.495,1,0,7,1.509,6,0,7,0
2,3,1,0,0,3,7,7,5,2,1,6,6,0.952,0,3,7,3,1.115,1.191,294.27,2,2.201,4,5,2.377,5,6,4.121,1.31,5,1.149,5,0.883,0.0,6.8,7,7,3,-0.003,4,1,0,-3.385,1,7,2,1
3,3,7,7,1,2,0,3,4,3,1,5,1,3.138,2,7,4,0,3.291,3.481,0.0,7,3.845,5,6,5.717,7,7,3.958,1.65,3,0.802,2,4.252,2.0,4.32,4,4,6,1.731,1,2,6,-2.219,1,1,3,0
6,7,4,0,0,3,5,6,2,5,7,3,2,3.402,0,3,3,7,0.461,3.592,0.0,1,0.275,6,1,2.509,5,0,-1.188,2.55,7,-0.283,3,0.75,0.0,6.49,3,5,0,0.112,3,5,1,-2.521,5,7,1,0
7,2,2,7,0,5,1,1,4,0,6,0,1,-1.03,7,2,7,2,1.172,4.985,0.0,3,1.057,3,3,-1.484,6,7,-0.117,5.51,2,1.522,5,1.101,1.0,5.72,7,2,2,-0.081,6,4,7,1.515,7,1,3,0
6,4,4,2,0,7,5,0,4,2,1,3,2,4.254,4,3,5,5,1.983,-0.012,0.0,6,1.067,7,0,0.978,0,5,2.109,1.94,5,1.545,7,1.32,1.0,6.25,2,1,0,-1.112,0,2,0,-1.627,0,7,7,0
2,5,1,7,0,1,6,6,5,6,0,5,5,3.197,0,0,0,5,0.636,4.026,0.0,0,-0.928,6,4,-1.199,5,0,2.741,2.87,1,0.475,2,0.92,0.0,4.78,7,3,6,3.438,1,2,4,-1.255,2,4,4,0
7,2,6,1,0,2,1,1,3,3,3,2,3,0.944,6,1,2,4,1.486,2.095,0.0,7,0.371,1,5,3.512,5,6,3.544,1.56,6,1.776,3,0.976,1.0,1.51,6,7,3,3.679,6,2,3,1.673,1,6,0,0
7,4,4,1,0,2,6,1,4,6,4,5,1,1.04,5,4,2,5,1.3,-1.273,0.0,0,2.569,4,0,-1.977,4,5,3.783,3.89,5,0.964,4,1.829,1.0,4.21,5,5,0,3.842,1,6,3,1.442,3,5,5,0
3,2,0,7,0,6,2,7,7,0,5,4,3,4.081,5,2,4,5,1.667,3.371,0.0,4,3.46,5,1,2.378,5,3,2.727,1.66,4,0.963,0,2.141,1.0,4.73,3,4,1,2.766,4,4,2,3.895,2,1,7,0
3,0,4,4,0,3,5,1,1,5,2,7,4,-2.949,6,2,7,1,0.651,0.656,0.0,7,-0.745,3,4,-1.153,5,6,-0.277,2.01,3,1.895,3,0.266,1.0,6.61,7,0,2,-2.352,4,5,5,0.532,7,4,7,0
0,3,5,5,1,0,2,6,3,7,6,3,1,4.061,7,4,7,3,2.206,5.685,0.0,0,1.235,4,4,-4.622,4,6,0.842,0.47,0,-0.44,3,1.989,1.0,2.45,5,7,1,0.645,7,2,7,1.035,4,5,0,0
7,3,3,0,0,1,0,7,0,6,4,2,7,2.036,4,5,5,2,0.184,3.442,0.0,0,0.527,1,3,-3.18,4,7,0.075,4.16,6,-0.541,3,0.173,0.0,3.6,3,4,2,1.03,0,3,4,2.022,4,1,2,0
0,5,6,6,0,2,0,4,7,3,0,5,1,1.843,7,2,4,0,0.934,-2.241,0.0,2,1.686,3,4,-1.019,1,0,-2.798,4.2,4,1.749,1,-0.077,0.0,4.98,2,4,0,-2.578,3,2,3,6.43,7,2,7,0
4,4,4,2,0,5,0,4,3,7,6,5,5,1.797,2,3,5,5,0.766,5.47,0.0,0,0.751,6,6,3.87,0,2,-0.952,3.77,2,-0.692,0,0.583,1.0,4.49,0,5,5,-1.491,0,2,1,4.283,0,0,3,0
4,0,6,0,0,2,5,4,1,1,5,7,6,-2.281,7,5,1,0,0.316,-0.404,0.0,6,2.921,0,7,0.471,7,7,-0.512,3.3,5,-0.625,7,-0.731,1.0,4.91,5,3,2,1.664,6,0,3,4.494,3,2,2,0
4,7,6,2,1,1,5,0,2,2,4,2,3,3.275,3,4,0,7,4.911,8.964,0.0,3,5.382,0,4,1.983,5,3,3.426,2.19,1,-1.144,6,4.557,2.0,5.54,4,0,1,8.504,5,1,4,7.375,3,3,2,0
6,4,1,0,0,4,5,3,3,6,4,3,6,5.36,5,6,5,6,2.448,2.61,0.0,4,0.92,5,2,1.672,5,0,0.267,2.46,7,-1.005,4,1.56,1.0,3.6,0,6,4,5.955,6,1,1,3.48,1,3,0,0
6,1,0,7,1,4,3,7,5,3,6,5,7,2.963,0,2,4,0,4.892,5.042,116.72,0,3.489,3,7,3.77,0,0,6.847,4.44,5,-1.037,0,5.399,3.0,5.96,7,3,1,7.329,1,7,6,5.591,3,6,0,1
7,6,6,4,0,7,7,4,5,4,2,0,6,0.905,6,0,0,1,1.278,0.176,0.0,2,1.06,2,3,3.402,1,6,2.384,1.85,0,-1.846,2,1.54,2.0,1.59,5,5,7,0.284,5,4,3,0.189,7,4,4,0
0,5,5,6,1,1,0,7,1,2,5,3,1,0.736,1,6,6,0,2.236,2.619,0.0,0,4.099,0,5,0.772,1,5,5.764,4.82,7,0.702,4,3.222,2.0,5.41,5,6,4,1.985,6,5,4,5.071,3,6,0,0
5,4,5,3,1,1,3,5,1,5,4,4,2,3.649,2,3,0,1,3.649,4.116,586.08,7,5.263,7,2,4.004,6,7,5.4,4.0,2,-0.643,1,4.045,3.0,9.71,2,6,7,7.271,1,2,6,1.871,5,2,5,1
0,2,0,0,1,4,2,6,7,1,3,3,7,5.673,7,2,1,5,3.257,-0.458,0.0,4,3.106,4,2,2.107,1,0,4.3,1.72,4,-1.579,4,2.424,2.0,5.79,5,7,7,7.027,5,5,0,7.287,1,1,3,0
0,2,3,3,0,3,4,4,6,4,6,0,5,-0.591,6,7,2,5,0.797,-0.812,0.0,0,0.958,2,4,3.87,0,0,0.692,0.61,4,0.886,7,0.679,1.0,3.63,0,1,5,0.798,0,1,6,1.048,4,1,1,0
0,7,6,4,1,4,6,7,1,4,3,4,1,6.89,0,4,1,0,5.781,8.363,92.93,2,7.34,0,5,7.365,5,7,6.915,2.51,5,0.946,0,6.3,4.0,8.64,2,4,4,5.432,4,5,2,7.445,2,4,1,1
1,4,0,0,0,6,4,4,5,2,7,0,2,4.605,4,3,2,4,3.307,5.072,442.77,3,4.295,2,0,2.03,7,2,5.755,3.28,4,-1.093,6,3.414,3.0,8.07,1,6,0,5.971,5,4,6,2.642,2,4,7,1
1,4,6,3,0,1,5,0,6,6,1,0,4,0.126,6,3,3,7,0.334,-0.843,0.0,1,1.255,6,1,-0.633,3,3,3.403,2.32,4,2.048,1,0.266,0.0,3.18,6,5,6,-1.699,6,7,6,-2.495,0,1,5,0
6,0,2,3,0,5,4,6,2,3,4,3,7,5.626,6,3,3,0,1.127,1.056,0.0,3,1.255,2,3,-0.465,5,6,-0.108,3.22,6,-1.33,4,1.684,0.0,3.25,5,2,6,0.957,3,0,2,-1.375,2,7,2,0
3,4,0,5,0,1,0,6,7,0,4,4,2,-0.653,3,5,1,5,1.638,2.107,0.0,5,-0.062,3,6,1.11,4,2,-1.465,6.23,0,-2.407,2,2.171,1.0,5.26,4,0,6,2.342,2,2,3,-2.376,7,1,6,0
2,4,3,7,1,1,5,7,6,3,3,0,5,3.094,2,5,7,0,2.503,2.943,0.0,1,3.307,1,4,3.311,7,2,1.72,0.29,1,-0.157,1,2.629,1.0,7.86,1,7,5,0.155,6,4,0,7.248,6,1,4,1
0,0,2,6,0,0,6,2,5,6,5,5,3,-0.487,2,6,0,7,0.199,3.106,0.0,4,-1.408,3,0,-0.77,3,2,1.352,1.37,7,-0.183,0,0.929,1.0,3.98,7,5,3,3.416,0,3,1,-0.002,4,6,2,0
6,6,6,7,0,4,6,7,7,3,7,6,4,2.307,0,0,3,3,0.327,1.57,0.0,4,0.247,7,3,-2.289,3,3,0.554,5.87,7,0.107,2,0.593,0.0,3.53,6,4,1,-1.092,2,0,5,4.273,6,0,0,0
7,4,5,1,0,6,0,0,5,5,4,7,5,3.616,5,6,2,3,1.548,4.383,0.0,1,0.078,1,6,3.213,6,4,1.247,2.04,2,0.091,4,1.711,1.0,6.15,2,6,0,-0.483,3,5,5,2.367,2,3,5,0
2,1,6,4,0,2,7,3,2,7,1,4,5,0.522,1,3,1,0,1.248,0.225,542.4,1,3.067,1,3,2.41,2,6,3.167,2.43,2,0.295,7,2.798,1.0,6.04,4,0,7,2.081,3,1,7,4.116,3,3,4,1
4,2,2,3,0,3,1,0,0,6,4,2,3,-2.86,6,2,1,0,1.795,3.575,134.96,2,3.422,1,5,1.118,7,7,3.752,6.67,4,-0.091,2,1.762,1.0,6.06,3,7,1,-0.931,5,7,2,-0.806,7,4,3,1
7,1,7,4,1,1,2,6,3,0,3,5,6,5.001,1,3,1,7,0.993,2.608,0.0,4,2.418,0,4,3.122,1,6,2.582,5.12,5,1.901,2,1.384,1.0,3.0,1,0,2,1.746,1,0,2,-2.349,3,6,7,0
2,1,3,3,1,7,6,6,6,0,2,6,5,5.211,1,1,2,5,3.105,3.54,0.0,7,4.91,5,4,2.445,0,4,2.66,3.84,3,-0.939,6,3.564,2.0,5.03,3,7,3,6.55,1,6,2,1.202,3,5,3,1
6,0,7,0,0,0,5,3,3,7,2,3,5,2.252,7,3,7,1,1.725,2.968,0.0,7,1.107,7,0,0.932,1,2,0.137,1.63,3,-0.224,5,1.511,2.0,5.21,2,4,4,1.148,0,5,0,1.251,2,1,4,0
1,4,6,3,0,2,4,7,1,7,1,2,7,-1.142,4,6,1,0,0.747,3.565,0.0,2,0.426,0,4,-2.367,0,4,-0.001,4.51,1,1.269,5,0.552,-0.0,2.75,2,1,1,2.272,1,7,0,0.312,7,7,7,0
7,4,7,4,1,4,5,1,5,5,2,2,5,7.941,0,7,1,4,4.162,8.794,655.09,0,4.065,5,6,4.219,1,3,4.168,4.87,2,-0.851,5,5.424,2.0,5.39,0,1,7,2.51,3,7,4,2.749,5,7,6,1
3,3,0,0,0,0,2,4,6,0,3,7,5,0.337,0,2,5,2,0.978,0.291,0.0,1,1.321,7,4,2.132,2,2,0.037,6.8,0,-2.162,5,0.889,1.0,5.49,7,6,2,1.714,6,4,7,5.633,4,2,7,0
5,2,5,1,0,5,2,5,4,2,4,5,4,2.061,1,7,2,6,1.277,0.99,0.0,0,0.519,4,3,2.282,7,2,1.471,3.02,2,1.168,0,1.437,0.0,1.28,2,6,3,4.317,2,3,0,4.842,7,3,2,0
7,2,1,4,0,7,5,5,6,0,3,2,4,1.574,1,1,6,1,0.596,-1.234,0.0,2,0.1,5,6,-0.245,4,4,-0.849,2.81,7,-0.103,0,-0.411,1.0,2.75,7,4,1,4.915,2,1,0,1.542,3,2,3,0
2,1,4,2,0,7,0,4,3,5,3,1,2,-1.841,4,7,6,7,1.323,2.448,0.0,4,-2.179,6,6,2.771,2,0,1.408,4.4,4,-0.402,7,0.376,1.0,5.3,7,5,1,0.339,7,2,1,-0.776,1,3,0,0
1,1,5,0,1,1,2,5,7,1,6,7,5,0.965,2,5,3,7,2.862,4.945,0.0,4,3.916,7,5,3.685,0,4,2.693,2.87,5,1.283,6,3.963,2.0,2.32,1,1,7,-3.683,3,4,7,1.65,4,5,7,0
3,3,4,2,0,5,2,4,7,1,4,3,3,3.655,6,7,4,5,1.98,2.835,0.0,2,-0.011,7,2,0.424,3,5,4.671,3.59,3,-0.322,4,3.276,1.0,5.49,5,3,1,2.612,2,7,7,-3.978,7,5,5,0
7,4,4,1,1,4,5,5,1,0,1,3,6,3.34,4,7,4,7,2.303,7.139,0.0,4,4.082,1,5,-0.146,0,4,3.205,1.06,3,0.112,0,2.447,1.0,5.29,2,6,6,2.051,5,6,0,3.382,7,6,5,0
6,1,7,3,0,7,6,4,6,1,3,0,1,4.388,0,5,1,4,2.538,-0.433,0.0,4,3.393,0,4,1.68,5,2,1.617,7.49,2,-0.876,0,1.43,1.0,5.94,7,7,5,0.204,1,4,6,5.429,6,0,2,1
5,0,0,3,0,6,1,6,3,6,7,6,0,-0.229,3,0,3,0,0.672,5.722,0.0,3,0.756,3,6,0.299,2,3,0.787,2.07,1,-0.069,1,-0.112,0.0,6.38,3,7,0,-0.172,2,6,6,-2.573,6,0,3,0
0,3,0,2,0,4,6,5,0,5,6,0,0,4.463,2,5,3,2,1.216,1.753,0.0,1,0.688,3,6,-2.523,4,2,1.185,3.01,1,0.174,3,0.766,1.0,5.41,2,7,1,-1.398,3,7,5,-0.085,6,4,7,0
4,1,1,7,0,6,6,1,1,7,0,5,4,1.628,7,6,6,0,0.666,0.736,0.0,2,-1.592,1,1,-1.252,4,2,2.494,2.67,0,2.228,4,0.982,1.0,4.78,2,7,0,-0.174,7,5,3,1.187,7,0,2,0
1,4,3,4,0,7,1,6,6,6,3,2,7,-0.391,1,3,3,5,0.363,2.713,0.0,5,-0.497,4,7,-2.03,3,6,-2.602,1.79,4,1.197,6,-0.642,0.0,6.76,3,3,7,-1.604,5,0,2,0.535,1,4,7,0
5,5,2,4,1,6,1,7,1,5,3,4,1,1.99,1,6,7,6,1.109,4.85,0.0,4,0.402,0,2,4.742,3,5,0.202,2.96,6,1.008,5,0.492,1.0,2.43,2,5,3,-0.069,6,2,1,1.147,2,1,5,0
6,7,3,5,0,3,0,6,6,0,6,2,2,1.725,4,3,2,4,0.831,-0.407,0.0,6,0.365,1,4,0.581,2,2,-1.292,3.64,6,1.528,4,0.9,-0.0,3.21,1,4,4,-1.292,0,4,1,0.07,6,6,0,0
1,3,0,0,0,4,7,2,3,1,3,2,5,2.862,3,3,2,7,1.452,5.14,0.0,2,1.305,7,1,3.385,4,6,2.846,4.47,7,-0.518,2,1.333,0.0,5.45,2,6,2,3.676,2,0,1,-0.777,6,6,0,0
7,7,7,4,0,3,7,6,1,7,6,7,5,0.276,0,0,7,4,0.18,0.435,0.0,2,-0.089,4,7,-0.008,5,6,0.352,3.05,2,1.109,0,0.353,0.0,4.08,5,5,4,-0.159,5,2,3,0.457,6,4,2,0
0,5,7,2,0,5,2,6,7,6,1,0,1,-2.405,3,3,4,6,1.763,-2.65,0.0,7,2.382,1,1,2.553,5,5,3.243,4.6,1,0.881,6,2.632,1.0,0.74,6,3,5,6.199,4,1,6,-0.376,0,5,0,0
7,1,5,2,0,4,2,6,4,3,3,4,1,1.623,6,6,6,6,0.87,3.119,0.0,2,-0.935,7,0,4.433,2,5,-0.822,4.58,4,0.141,4,0.187,-0.0,6.61,1,2,4,0.463,6,1,6,-0.734,5,0,0,0
2,3,3,7,0,2,5,7,2,0,5,3,4,5.031,2,0,7,7,1.258,-2.449,0.0,7,1.232,6,7,1.871,3,6,0.175,2.14,7,0.932,4,2.027,0.0,6.57,0,0,7,0.546,6,7,6,3.404,1,1,2,0
2,1,1,6,0,4,5,2,5,0,6,1,2,5.485,7,7,1,1,2.875,1.747,0.0,7,3.235,1,0,-1.006,4,1,2.719,0.72,4,1.05,7,2.52,2.0,4.93,1,4,4,0.628,2,3,2,3.102,3,0,2,0
7,6,1,7,0,3,3,3,3,2,7,7,4,0.268,2,3,3,5,0.921,-2.978,0.0,7,-2.015,6,1,0.512,2,1,0.172,2.62,0,-0.25,7,-0.946,0.0,4.91,7,2,4,0.966,0,5,1,1.481,0,2,3,0
6,5,6,0,1,7,7,7,0,3,7,6,6,11.746,7,4,6,6,6.379,4.29,623.54,7,5.782,0,4,7.959,6,0,7.569,1.21,6,-1.029,1,7.156,4.0,9.07,1,0,5,-0.03,4,0,0,9.351,4,2,5,1
6,7,6,3,0,4,6,5,1,4,4,6,4,-1.486,5,1,2,3,-0.228,-2.562,0.0,5,0.256,4,0,-1.103,3,4,-1.668,3.01,2,-1.774,6,0.372,0.0,3.21,6,7,0,-2.138,0,0,2,1.087,4,3,5,0
7,5,1,5,1,3,6,7,0,0,1,2,0,4.792,1,0,4,7,4.861,5.467,527.94,7,4.834,7,5,4.515,7,7,4.009,3.24,7,0.956,7,5.11,3.0,5.43,7,6,3,2.473,2,3,1,3.464,6,6,3,1
1,2,3,7,1,1,1,1,1,2,2,3,7,3.473,1,7,0,7,4.293,3.093,0.0,5,3.198,4,6,0.761,3,1,5.607,1.07,7,2.15,0,3.344,2.0,2.49,0,3,0,7.333,2,7,1,0.964,4,3,7,0
7,5,3,0,0,2,3,7,3,0,3,4,2,4.428,3,6,1,1,0.682,-1.307,0.0,1,1.684,2,2,1.509,0,5,1.111,1.82,5,1.077,6,0.081,0.0,3.14,3,6,5,-1.031,0,5,4,2.553,4,0,4,0
4,6,2,5,1,7,2,0,7,5,5,3,1,2.072,1,3,5,3,5.096,7.428,889.02,6,6.142,7,6,4.108,7,6,6.746,3.49,7,0.44,5,5.16,4.0,8.33,3,4,6,5.393,0,2,6,6.727,0,1,2,1
1,7,5,3,0,2,7,5,4,4,4,4,0,-1.409,5,4,0,7,0.626,-2.324,0.0,6,-0.757,7,7,4.411,4,6,0.249,4.55,5,0.374,4,0.562,1.0,2.88,2,5,6,-2.094,0,7,4,2.65,7,4,3,0
7,3,6,0,0,3,6,7,6,5,2,6,0,2.568,2,0,5,5,0.774,1.229,0.0,2,1.638,0,4,0.124,3,4,0.769,3.56,7,-0.685,1,0.356,0.0,2.82,1,0,3,-0.505,4,2,5,-0.053,3,6,4,0
7,3,7,6,1,2,6,5,6,5,3,6,3,6.494,6,0,3,2,8.82,9.409,324.83,0,10.385,2,7,6.748,6,0,7.143,3.39,0,-0.844,6,9.117,5.0,9.1,7,6,4,9.797,3,4,2,10.466,2,1,5,1
0,4,6,5,0,1,5,5,4,4,5,7,7,5.398,3,7,0,2,1.352,-2.221,0.0,2,4.158,7,0,0.004,3,5,4.313,1.36,4,0.265,7,2.341,1.0,2.11,6,5,5,3.95,6,7,4,2.467,4,6,0,0
5,0,6,5,0,0,1,3,4,5,6,4,6,3.077,4,4,6,4,0.041,1.691,0.0,3,-0.601,7,4,1.791,2,7,0.293,4.43,5,-0.218,6,0.542,0.0,3.25,0,0,0,1.282,4,0,2,-2.34,3,7,1,0
7,6,7,0,1,4,0,4,1,0,0,6,3,6.613,2,7,5,4,3.168,3.702,0.0,0,1.846,2,6,-0.966,0,0,2.863,4.27,1,-0.258,7,1.06,2.0,8.06,0,6,4,3.435,7,6,0,5.08,0,6,4,1
7,1,3,7,0,6,1,2,1,3,1,2,3,0.346,7,1,1,3,2.705,-1.375,0.0,5,2.236,5,0,0.092,6,1,3.392,1.54,2,-0.146,3,2.047,2.0,2.56,2,0,6,3.938,3,5,0,4.242,6,0,7,0
6,1,0,0,0,2,0,4,6,2,7,5,2,-0.995,2,5,3,4,1.706,-0.719,0.0,5,1.819,1,7,-0.066,0,1,1.843,3.22,0,1.05,4,2.178,1.0,4.0,4,4,4,1.089,6,2,2,2.857,0,3,1,0
0,1,3,2,0,5,2,5,3,1,3,3,2,1.353,4,7,2,3,0.737,-0.391,0.0,5,1.04,1,1,-1.615,1,5,-1.442,5.31,0,-0.919,6,-0.044,0.0,4.02,2,4,6,1.064,7,2,3,3.7,2,6,0,0
7,1,2,5,0,1,4,5,7,4,3,3,4,0.742,0,3,6,0,1.463,1.106,0.0,0,2.742,0,7,-0.951,0,2,3.008,-0.89,1,-0.571,5,2.489,1.0,4.54,7,1,2,0.337,6,7,2,-1.634,2,2,2,0
2,7,7,3,0,0,3,5,3,2,5,6,3,3.182,1,1,6,2,1.491,4.639,0.0,7,1.687,5,2,-2.314,0,1,0.499,5.13,6,-1.818,6,1.687,-0.0,3.41,4,1,6,4.307,0,1,3,-0.503,4,5,6,0
0,1,5,0,0,5,2,0,7,0,6,2,5,-1.333,0,7,6,0,1.379,-4.076,0.0,7,1.504,7,2,0.279,1,4,-0.231,5.03,2,0.299,3,0.96,1.0,6.4,7,4,7,0.448,6,5,2,0.389,2,2,3,0
6,5,4,2,1,2,0,5,1,3,5,6,0,4.115,0,3,7,0,3.494,7.316,0.0,2,3.495,3,7,2.254,0,1,2.672,2.21,2,0.153,2,3.798,2.0,2.71,6,5,0,4.602,3,5,7,4.373,4,7,3,0
7,2,5,3,1,2,6,1,5,7,2,2,5,-0.199,7,0,5,0,2.328,2.07,0.0,6,3.404,6,0,-2.138,5,6,2.584,4.59,6,0.894,4,2.335,1.0,7.28,7,1,3,2.286,3,1,2,2.619,1,4,0,0
3,5,6,0,0,5,2,3,6,6,1,2,6,1.627,2,1,1,0,1.299,-0.157,0.0,1,-0.359,1,6,2.411,0,0,-0.598,3.51,0,0.225,5,0.862,0.0,10.25,0,4,2,1.368,1,5,0,-3.462,5,5,0,1
1,4,0,7,0,5,3,3,3,5,2,1,4,3.115,7,5,0,3,1.274,1.159,0.0,5,2.681,2,0,0.292,6,3,4.026,2.66,6,-1.636,4,0.816,0.0,4.62,4,4,6,3.011,2,0,7,3.384,6,0,5,0
4,5,7,5,0,4,7,0,7,2,5,6,0,-2.146,1,6,1,4,0.949,-0.929,0.0,5,2.785,7,0,3.12,6,2,2.168,5.18,0,-1.697,1,0.763,-0.0,4.32,4,3,4,1.745,0,2,0,1.79,0,3,3,0
6,2,0,4,0,7,7,2,3,4,1,7,5,0.028,6,0,6,0,0.822,2.527,0.0,1,-0.485,4,7,3.279,6,0,0.814,5.31,1,0.406,7,0.219,1.0,2.96,5,7,4,4.058,2,2,5,-1.204,7,6,0,0
0,6,7,7,0,0,7,2,5,5,3,7,5,-0.399,5,3,0,2,1.867,5.047,263.84,1,2.131,2,4,1.964,6,5,-0.853,5.13,5,1.275,3,0.296,1.0,4.91,7,3,1,-1.141,5,1,3,-0.46,3,7,2,1
4,1,7,2,0,0,6,3,3,1,4,2,7,-2.853,7,5,4,6,0.57,-0.362,0.0,5,0.936,3,6,-3.331,3,3,1.311,1.69,3,0.339,7,0.287,1.0,4.42,2,5,2,1.728,6,5,3,-0.379,1,4,7,0
1,5,6,7,0,5,7,0,7,4,3,2,2,3.937,0,6,6,0,1.773,-0.078,0.0,3,-0.372,2,1,3.347,5,0,2.214,4.09,6,-0.006,5,1.797,1.0,4.97,2,5,0,2.123,1,5,2,1.46,4,2,1,0
0,0,5,7,0,2,2,4,4,6,6,5,4,0.379,1,4,1,6,-0.356,0.785,0.0,3,0.51,4,3,3.506,7,3,1.295,3.9,3,1.264,0,0.474,-0.0,4.01,5,7,1,-0.194,7,0,2,1.86,2,1,3,0
7,0,6,6,1,2,3,3,0,6,2,2,7,1.356,6,3,6,4,2.334,3.031,0.0,7,2.602,0,2,-1.573,0,6,1.562,1.68,0,1.77,3,2.113,2.0,4.04,3,6,0,1.46,1,5,6,2.408,2,1,4,0
3,2,4,5,1,4,5,5,1,1,6,7,5,5.366,5,1,4,1,2.102,1.607,0.0,3,4.68,3,3,3.416,4,3,2.426,1.47,4,-1.269,1,3.73,2.0,5.91,7,2,2,2.367,2,4,2,6.389,5,4,6,0
4,2,4,3,0,3,7,4,2,1,7,3,1,1.225,5,6,7,1,0.962,1.488,0.0,4,3.114,1,5,-2.148,0,0,4.662,2.97,6,-0.821,7,2.011,2.0,4.02,6,2,5,1.884,1,6,0,6.594,4,4,6,0
4,5,5,4,0,3,6,7,1,2,7,0,2,-1.196,3,1,5,5,2.511,1.817,0.0,1,3.044,1,3,-0.426,2,7,1.893,3.53,6,-0.967,1,1.136,1.0,4.41,3,4,3,0.309,6,6,2,2.755,6,4,4,0
0,6,5,5,0,7,7,4,4,0,4,7,0,-0.354,2,4,7,0,0.385,2.845,0.0,2,0.044,4,0,-0.291,1,5,0.894,3.78,1,-0.207,4,1.179,0.0,2.23,2,3,3,0.847,5,4,6,1.194,7,5,0,0
5,6,7,1,0,4,5,5,2,3,5,4,3,-3.086,1,0,5,0,-0.164,-0.129,0.0,0,1.215,4,0,-0.689,4,0,-0.037,4.8,6,-0.298,2,1.088,1.0,2.93,7,7,2,-2.999,6,7,7,-0.194,1,2,6,0
2,6,5,6,0,2,7,1,3,6,0,0,4,2.387,2,5,4,1,0.768,1.353,0.0,2,0.791,4,2,1.74,3,1,0.376,4.27,3,-2.059,5,0.914,1.0,3.98,1,0,1,1.753,6,6,5,2.607,3,3,6,0
0,3,1,0,0,4,4,1,3,5,3,4,2,-1.354,6,5,5,3,1.531,0.148,0.0,0,-0.084,2,7,1.863,2,1,0.838,4.62,1,-0.144,0,1.992,1.0,2.73,1,7,0,1.9,2,3,1,1.435,1,5,6,0
4,5,1,5,0,2,1,2,6,2,5,1,5,-2.489,7,6,2,6,0.881,-1.616,0.0,1,1.57,1,2,-0.464,4,7,-0.402,3.96,3,0.468,4,0.575,1.0,2.4,7,7,0,-0.025,3,2,1,4.499,6,6,5,0
4,2,3,2,0,1,1,6,7,1,4,0,0,-1.778,4,7,0,2,-0.073,-2.884,0.0,1,-0.171,1,6,-2.302,7,5,-0.673,1.53,5,-0.272,5,-0.62,-0.0,3.45,1,0,4,0.958,1,0,1,-3.036,4,3,3,0
4,6,7,6,0,5,3,2,4,2,4,5,3,0.829,0,5,4,7,-0.062,2.215,0.0,1,-0.193,7,2,0.626,7,3,1.821,4.03,5,0.483,5,0.38,0.0,4.96,5,1,7,1.956,7,7,7,-2.332,1,7,5,0
3,3,1,0,0,3,6,6,0,4,5,3,5,-1.861,2,0,0,3,1.118,-2.234,0.0,1,0.539,1,6,1.677,2,2,1.913,2.7,5,-1.992,0,2.503,1.0,1.93,5,1,6,0.572,3,7,3,-0.139,2,2,1,0
5,2,3,4,0,5,1,5,2,2,6,2,0,0.323,7,2,2,6,1.961,2.087,0.0,6,0.756,1,0,1.787,0,7,0.385,4.07,1,0.489,3,1.061,0.0,1.23,0,5,7,-1.817,0,1,2,-1.841,6,2,1,0
3,2,5,3,0,0,1,4,2,0,3,2,3,2.715,7,7,0,3,0.659,1.883,0.0,7,0.641,0,7,-1.914,3,5,1.308,2.6,0,0.596,6,0.929,1.0,4.48,7,3,0,2.771,1,5,1,2.784,0,2,0,0
1,4,0,0,0,0,0,1,5,0,6,3,0,-0.696,2,4,1,3,0.98,1.697,0.0,4,0.556,5,0,0.486,1,1,-1.168,1.55,4,-0.427,3,1.209,0.0,3.98,2,5,1,-1.491,0,3,6,2.05,6,5,5,0
1,3,5,5,0,2,6,0,0,4,6,6,3,3.022,7,7,0,2,1.772,-1.433,250.5,6,1.776,0,1,0.752,6,3,1.386,4.65,2,-0.485,2,1.302,1.0,4.92,5,5,6,2.359,5,2,6,5.155,5,2,6,1
3,6,7,5,0,4,0,2,3,0,5,2,6,1.58,2,0,4,5,0.902,0.639,0.0,7,0.117,3,2,2.517,7,4,4.208,2.64,1,1.303,3,0.005,0.0,0.96,1,3,0,-2.607,1,1,1,2.179,6,7,5,0
5,2,5,0,1,7,6,6,5,7,3,7,2,4.417,7,7,5,3,2.369,2.057,528.13,3,1.553,6,0,2.89,5,6,2.585,4.35,1,-1.461,1,1.79,1.0,6.74,2,3,2,-0.559,2,7,4,2.243,7,1,0,1
0,6,1,5,1,7,0,5,2,1,4,0,6,1.035,4,1,6,5,1.581,3.311,0.0,3,3.116,4,6,1.26,4,3,2.818,2.6,1,-0.339,1,1.406,2.0,0.99,6,2,5,3.512,1,4,4,2.143,2,7,7,0
4,7,2,1,0,0,5,5,4,6,1,7,2,1.656,3,4,0,2,1.084,2.958,0.0,6,0.855,1,6,2.344,3,7,0.581,2.66,3,1.332,7,1.755,0.0,1.58,5,6,3,-0.288,4,7,6,2.45,4,1,0,0
2,5,2,6,1,4,7,2,1,3,5,5,5,4.331,2,1,1,0,5.371,4.867,324.44,0,5.434,0,5,4.022,4,0,6.949,5.09,5,0.432,6,5.316,3.0,9.04,4,0,6,3.754,0,3,5,2.225,0,5,7,1
2,6,0,4,0,7,4,7,5,4,1,5,0,0.624,0,1,0,6,0.173,5.713,0.0,4,0.299,6,2,-0.01,6,5,-0.85,1.11,4,-1.756,5,0.867,1.0,4.38,5,3,1,1.027,0,3,5,-1.043,1,5,0,0
2,7,1,7,0,2,2,7,7,6,0,7,2,-0.338,7,0,2,5,1.218,1.094,0.0,4,1.639,4,1,0.212,2,1,0.451,1.13,6,-0.249,6,1.584,1.0,6.99,7,6,7,1.119,7,3,1,3.672,0,1,1,0
5,1,4,3,1,4,7,3,5,3,3,7,0,3.248,7,5,5,2,3.309,3.255,176.12,1,2.09,4,7,0.711,2,2,4.446,4.89,0,1.607,6,3.083,1.0,4.68,5,5,0,3.827,6,5,2,2.752,2,1,4,1
6,1,0,6,1,1,4,2,0,3,3,1,0,3.067,5,4,0,0,3.006,1.606,443.58,1,4.699,4,1,4.758,5,6,4.74,4.74,0,1.905,2,3.434,2.0,7.49,5,7,1,-0.271,3,6,5,7.533,6,2,1,1
5,0,7,6,0,6,7,3,7,7,7,4,1,0.798,7,4,4,6,2.359,4.348,0.0,2,2.991,3,0,1.024,1,6,3.905,5.02,4,0.18,1,1.727,1.0,3.99,6,0,7,2.737,3,0,7,3.252,5,5,6,0
3,5,1,1,1,7,3,4,2,2,2,4,3,3.038,5,0,1,3,2.656,-0.171,0.0,3,3.346,3,7,-0.118,1,3,2.564,2.93,0,0.48,6,2.422,1.0,6.53,6,5,7,2.477,2,2,2,2.852,5,4,7,0
0,6,6,4,1,0,6,0,0,7,3,3,6,3.861,3,5,4,7,3.463,5.236,0.0,3,0.547,4,5,4.416,4,7,4.188,3.38,0,0.574,3,3.623,1.0,4.59,0,4,6,4.127,7,3,4,5.388,7,7,6,0
7,4,2,5,1,7,7,4,3,3,1,5,4,1.631,0,5,4,4,2.277,2.123,0.0,3,3.265,5,2,5.101,2,2,0.848,3.47,2,-0.112,2,3.504,2.0,1.5,6,3,1,0.417,6,5,3,4.19,1,6,1,0
4,6,0,6,0,7,7,7,3,6,7,1,4,0.931,6,3,3,7,1.221,0.496,0.0,2,-0.689,5,1,-1.139,0,5,-0.655,2.2,0,0.304,1,0.089,1.0,5.28,1,0,0,2.639,0,2,2,1.273,2,7,5,0
0,1,2,3,0,3,3,0,3,5,2,4,1,1.422,1,3,0,7,1.676,-2.279,0.0,0,0.32,7,3,-0.794,5,4,-3.27,2.94,4,1.588,1,0.609,1.0,3.99,7,5,6,-1.994,2,4,3,4.803,2,7,4,0
3,1,3,1,1,5,1,2,5,5,6,1,7,3.453,2,5,6,4,7.704,8.053,320.15,5,7.895,4,3,6.586,0,2,7.975,5.91,2,-0.267,5,7.63,5.0,6.69,0,7,5,3.464,7,5,0,6.947,2,6,7,1
1,3,2,6,0,6,0,6,2,4,4,2,7,1.281,3,3,2,1,1.203,1.503,0.0,3,0.477,3,1,0.005,1,2,-0.673,0.05,1,-0.829,7,0.753,1.0,7.19,2,0,1,-1.605,2,6,0,0.031,5,2,3,0
6,2,3,6,0,3,0,4,6,1,3,1,7,2.246,7,5,1,1,0.84,-0.516,0.0,6,3.243,4,4,-2.921,6,1,0.634,0.83,4,-0.105,2,0.833,0.0,2.53,4,7,4,0.504,4,5,6,4.86,5,3,6,0
7,1,4,4,0,2,6,3,1,5,6,5,2,1.083,7,0,5,6,0.425,2.268,0.0,5,0.553,6,7,-0.26,4,0,0.411,1.9,0,-0.019,1,0.377,-0.0,5.69,6,4,3,4.286,7,5,0,3.958,2,7,7,0
6,7,7,5,1,6,5,6,2,1,2,4,4,5.337,1,3,6,1,4.013,2.851,0.0,2,5.426,2,5,6.076,3,7,3.219,3.31,6,0.677,0,3.65,2.0,-0.86,5,1,7,2.812,5,7,5,5.721,4,1,6,0
0,2,7,7,0,2,7,6,2,4,7,5,6,-0.176,7,0,4,5,1.101,-1.076,0.0,2,0.0,0,2,0.808,3,7,0.606,4.67,4,-0.696,0,0.725,0.0,5.68,3,3,7,1.252,6,5,5,1.863,0,2,6,0
2,2,7,1,0,5,0,7,3,5,7,0,1,3.758,4,7,0,3,1.473,1.839,0.0,7,2.047,0,0,0.933,7,3,0.217,2.1,7,0.537,6,1.859,1.0,7.23,0,7,6,-0.162,7,1,3,0.46,4,3,7,1
7,6,3,0,1,4,7,0,4,1,7,7,3,4.701,2,1,4,5,2.368,2.551,90.39,0,3.582,4,1,6.872,7,1,1.384,2.71,1,-1.213,7,2.894,2.0,6.14,1,0,4,2.024,6,2,5,0.973,1,4,7,1
1,7,2,0,0,4,6,5,4,4,2,4,7,3.823,3,7,4,4,2.072,2.019,0.0,5,1.77,6,3,2.316,4,2,5.177,3.66,7,-2.235,3,2.634,2.0,2.99,2,6,0,1.11,6,4,4,4.986,4,4,0,0
6,0,2,4,0,0,6,4,2,6,2,2,5,0.192,7,0,4,0,2.568,-2.297,0.0,7,2.68,2,7,1.591,2,7,-1.269,2.79,7,-0.831,7,0.84,1.0,3.12,4,6,7,3.918,3,5,7,2.459,6,5,3,0
2,6,0,1,0,7,7,2,1,0,4,0,1,-2.008,0,7,1,0,0.053,-2.002,0.0,0,-0.014,4,6,-0.332,6,3,-0.628,3.42,4,-0.088,7,0.211,1.0,5.02,7,1,6,0.253,4,7,0,2.664,2,1,1,0
4,0,2,3,0,0,3,6,3,5,4,0,4,-3.594,4,6,5,3,-0.015,0.51,0.0,7,-1.01,0,0,-0.751,0,1,1.595,3.1,0,-0.095,2,-0.63,0.0,4.35,7,1,4,2.355,6,3,0,3.899,5,3,3,0
4,3,7,5,0,0,2,4,4,4,1,4,6,0.688,6,6,6,0,0.032,0.293,0.0,6,-0.565,4,0,0.328,0,1,1.549,4.42,7,1.632,7,1.346,2.0,2.72,6,5,7,4.762,2,0,3,-2.341,5,0,1,0
6,6,1,2,0,5,6,5,3,4,4,6,4,0.192,4,2,4,6,2.684,2.031,0.0,1,1.326,3,2,1.936,0,1,0.251,5.05,6,-0.401,6,3.38,2.0,2.83,4,5,7,1.125,2,0,7,4.728,2,6,4,0
2,1,3,5,0,6,3,4,4,1,6,7,3,-0.821,0,2,4,5,1.58,0.777,149.57,2,2.881,5,0,0.122,4,6,0.794,4.34,2,0.803,1,1.37,1.0,6.27,0,0,1,0.58,2,3,5,0.929,7,3,5,1
5,5,7,6,0,1,2,3,7,5,5,4,4,-2.696,5,2,5,6,1.944,3.297,0.0,4,1.905,1,0,2.916,1,7,1.467,4.11,1,-1.401,2,0.945,1.0,3.79,1,1,7,-0.422,1,7,1,3.161,1,6,0,0
1,7,6,1,0,2,4,5,3,5,6,2,7,-1.015,7,1,4,1,-0.096,0.401,0.0,0,-0.953,2,4,-2.146,1,0,2.174,2.92,6,-1.334,2,0.162,1.0,4.5,3,1,3,0.609,3,1,0,0.832,6,5,3,0
1,4,1,4,0,3,2,3,2,6,5,2,6,0.454,3,2,0,1,0.989,3.24,0.0,6,0.137,7,7,1.721,5,7,2.399,0.12,7,-1.005,5,2.092,0.0,4.38,7,7,4,2.917,7,6,6,5.506,5,4,0,0
5,0,7,0,1,3,4,5,2,2,4,0,7,2.805,7,6,5,2,2.662,3.785,0.0,3,2.739,4,2,1.153,7,3,2.555,2.76,2,0.846,4,2.509,2.0,3.27,6,5,2,2.745,0,6,1,3.575,6,2,7,0
5,4,7,5,0,3,3,5,0,2,6,6,2,-0.585,3,0,4,7,0.8,2.401,0.0,5,-0.934,4,4,-0.425,3,5,-0.763,1.91,3,-1.594,0,1.25,2.0,4.34,3,2,7,4.548,0,0,5,-1.382,5,5,2,0
6,5,5,5,0,7,3,5,3,7,7,4,1,0.586,3,6,2,1,0.541,-1.378,0.0,0,-0.353,6,1,4.819,5,6,1.747,1.63,7,0.269,2,-0.222,1.0,5.45,1,4,6,4.2,0,6,4,0.017,5,7,1,0
3,5,7,4,0,1,7,2,0,1,2,6,4,-4.008,6,4,7,6,1.267,0.681,0.0,3,0.18,6,2,-1.289,1,5,-0.347,1.46,7,-0.925,2,-0.247,-0.0,6.28,3,1,7,0.893,2,7,3,-0.624,3,1,7,0
4,6,5,3,1,3,1,4,6,0,2,2,2,5.376,0,2,6,5,2.217,2.193,0.0,6,1.397,3,7,-0.466,0,5,3.304,3.38,4,0.084,4,3.145,1.0,3.32,6,3,2,0.574,0,0,6,-1.002,4,0,4,0
4,4,0,2,1,1,6,2,5,6,0,5,7,1.256,3,3,5,0,3.858,3.343,237.91,1,5.359,5,0,2.22,5,7,3.37,3.95,2,-0.965,4,3.55,2.0,6.38,1,6,5,-4.763,0,2,5,2.344,2,1,6,1
1,7,6,6,0,3,0,3,0,0,6,7,3,-1.846,6,0,5,2,1.366,0.206,0.0,4,0.093,1,4,1.062,4,6,0.462,3.88,1,-1.697,2,0.359,1.0,3.32,6,7,3,0.972,3,1,0,0.704,2,1,2,0
3,6,1,3,0,4,7,4,2,6,2,0,2,-0.744,3,7,0,0,1.287,1.533,0.0,3,1.507,5,5,-2.022,3,3,2.55,3.98,3,0.531,5,2.0,-0.0,4.1,6,4,5,-0.111,2,4,6,3.038,1,0,5,0
5,5,7,1,1,1,3,2,6,4,7,6,5,9.542,2,2,6,0,4.652,5.779,0.0,4,3.651,3,1,7.769,3,1,5.365,4.06,5,-0.292,2,4.779,2.0,4.76,3,2,2,7.912,6,5,7,5.511,0,4,7,0
1,3,1,2,1,5,6,5,3,7,5,2,5,5.491,2,3,1,0,2.267,4.542,202.6,3,2.45,7,0,1.593,1,6,5.155,4.05,2,1.84,6,2.05,2.0,7.13,5,2,3,1.505,3,0,4,4.935,5,2,3,1
1,7,7,1,0,7,6,3,4,5,0,4,2,4.507,1,0,3,7,0.448,-0.46,0.0,1,1.457,0,1,1.252,4,6,2.292,1.22,4,1.393,0,1.003,0.0,2.01,3,7,7,-0.156,3,1,4,4.766,7,3,0,0
2,1,4,3,0,7,4,2,7,4,5,6,2,-0.063,5,5,0,1,0.19,-1.717,0.0,4,1.156,7,0,-0.05,6,2,1.811,2.99,5,-0.349,3,-0.584,0.0,5.57,2,6,2,-2.31,6,1,0,-0.902,4,5,4,0
6,3,1,6,1,4,1,1,2,3,2,3,3,6.658,4,1,7,5,3.046,6.865,0.0,4,3.133,2,5,1.133,2,5,3.085,4.61,6,1.886,6,3.538,2.0,5.76,2,5,7,4.009,1,5,3,-0.116,3,6,4,0
0,1,1,2,0,1,0,3,2,5,7,4,5,0.539,5,3,6,4,0.086,0.844,0.0,0,-0.776,2,6,-3.09,7,5,-2.989,4.72,6,-0.458,0,1.116,0.0,2.22,6,5,3,3.955,2,7,4,0.03,3,5,4,0
7,2,0,2,0,1,7,7,5,3,6,6,2,-1.001,6,1,2,0,0.329,1.534,0.0,0,1.203,7,4,0.429,5,4,-0.225,3.45,5,-0.322,1,0.928,1.0,2.43,3,3,0,-4.34,7,1,1,1.356,6,6,6,0
1,4,2,3,0,2,5,2,0,6,0,2,1,1.854,7,1,4,4,0.681,-0.738,0.0,5,1.039,7,2,-0.536,7,0,-2.038,2.99,3,-0.735,4,1.559,1.0,2.57,3,6,0,2.324,5,3,0,-1.827,2,5,3,0
0,5,0,7,1,4,1,5,5,0,1,1,2,3.637,2,6,3,6,5.427,2.726,503.46,1,4.772,6,6,4.287,5,5,6.171,5.95,4,-1.261,5,5.147,3.0,5.93,3,6,5,3.326,1,6,6,6.053,0,2,3,1
1,7,3,5,0,7,5,4,5,7,0,3,2,3.722,0,1,0,6,0.862,0.27,0.0,3,1.495,7,3,-0.461,7,4,2.39,1.85,0,0.072,1,1.001,0.0,5.77,2,2,1,2.502,4,7,7,0.62,2,4,4,0
7,7,3,1,0,4,0,4,5,0,5,1,5,3.133,4,7,2,2,2.841,-1.044,0.0,7,1.583,2,6,0.299,1,1,2.912,3.98,0,0.526,6,1.53,0.0,3.5,4,2,5,1.544,0,7,4,2.682,2,6,4,0
4,6,7,6,0,4,4,0,1,2,3,2,3,3.645,2,0,3,2,1.814,-0.772,0.0,7,-0.264,1,6,-0.077,5,4,1.637,1.64,4,2.018,4,1.143,1.0,5.11,3,2,1,-1.957,1,1,1,2.43,2,5,1,0
5,5,5,5,0,5,4,0,5,4,4,5,2,2.081,7,3,2,0,0.989,-1.078,0.0,5,1.752,1,0,1.2,1,2,2.137,0.57,4,0.33,0,0.804,1.0,6.51,7,1,2,0.942,0,7,6,2.073,3,0,7,0
7,0,3,4,0,3,6,3,7,3,4,7,4,4.626,2,1,3,5,0.237,-1.763,0.0,7,0.387,6,5,-1.071,4,1,-1.961,3.16,4,0.777,5,-0.313,0.0,4.18,2,4,2,-2.7,7,4,5,1.393,7,2,6,0
6,7,3,6,0,0,2,5,1,2,3,5,6,-1.75,2,0,5,1,1.754,1.206,0.0,5,2.392,6,6,1.769,4,3,1.753,3.29,1,0.062,1,2.78,1.0,5.14,3,4,4,1.191,7,0,1,2.272,3,1,4,0
2,0,2,0,0,5,3,4,0,0,7,4,2,-0.035,3,5,6,4,1.05,0.911,0.0,3,-0.281,3,4,1.578,5,7,-0.657,3.14,6,0.056,1,0.75,0.0,2.5,0,2,0,5.123,5,2,2,-0.552,3,7,5,0
0,4,0,0,0,0,6,2,5,5,0,3,0,0.829,5,6,4,1,2.044,1.781,0.0,4,1.667,3,2,2.45,4,5,3.023,5.64,1,-0.188,6,2.519,1.0,1.68,7,6,6,2.916,7,3,1,3.619,0,1,5,0
5,1,5,2,1,2,4,0,7,1,4,5,6,-3.262,6,0,0,4,1.655,4.288,0.0,1,1.549,7,7,2.143,7,1,2.47,2.16,4,0.608,1,1.46,0.0,3.41,0,2,7,0.833,2,2,6,-0.117,7,1,5,0
3,1,1,6,0,6,2,2,2,1,0,7,3,-1.452,4,5,3,3,1.308,0.568,0.0,3,1.374,2,1,0.248,0,2,1.044,4.17,6,-1.212,4,1.216,-0.0,5.59,6,7,2,3.656,4,4,6,-4.933,1,4,1,0
5,3,0,3,0,7,6,1,3,6,2,5,2,-0.283,0,3,6,0,0.786,0.405,0.0,3,1.738,0,3,2.741,0,2,1.229,2.65,7,0.446,7,-0.626,0.0,2.22,1,5,3,1.81,4,1,3,2.933,3,1,2,0
5,1,3,1,0,0,2,1,6,5,5,4,7,1.854,3,6,4,4,-0.048,1.815,0.0,1,0.225,4,0,3.122,1,1,1.213,2.44,3,-0.215,4,-0.41,-0.0,2.96,6,2,0,3.119,1,6,1,-3.108,0,5,7,0
4,7,2,2,0,6,0,3,0,3,0,5,2,-2.893,2,6,1,2,1.295,4.089,0.0,7,0.845,3,7,-0.005,1,2,3.906,4.58,1,-0.185,6,1.744,0.0,5.7,6,7,4,-0.165,6,0,6,2.536,7,2,6,0
7,0,6,6,1,5,0,7,7,4,7,3,3,1.437,0,7,0,2,3.577,5.469,0.0,2,2.488,1,3,1.78,4,7,1.958,3.25,4,-1.151,3,3.871,2.0,2.72,4,1,6,0.671,5,5,2,3.888,4,5,1,0
5,6,4,3,0,4,1,6,6,7,6,5,3,1.351,0,6,3,3,1.803,-1.394,0.0,0,2.721,2,5,1.435,6,1,3.033,1.96,5,0.343,1,1.122,1.0,5.16,3,0,1,2.978,2,2,2,1.514,7,5,4,0
7,5,0,5,0,5,0,2,2,2,5,6,4,-0.566,4,7,0,5,0.094,-1.058,0.0,1,0.127,6,3,3.037,5,1,-0.38,2.77,4,-1.887,2,0.967,-0.0,4.88,5,4,5,-0.21,3,1,4,-1.782,0,4,5,0
4,7,3,5,0,7,3,6,2,2,1,0,1,0.067,7,2,5,7,0.91,-0.359,0.0,1,2.649,2,7,6.267,6,5,1.692,1.59,0,-2.746,2,2.241,1.0,4.43,4,6,4,-0.467,1,2,6,2.155,1,7,0,0
4,2,7,6,0,6,7,3,1,0,6,4,3,-1.21,2,5,0,1,0.471,1.847,0.0,0,-1.081,3,6,0.575,3,7,-1.2,2.99,7,0.364,2,0.715,0.0,3.18,4,5,4,0.518,3,5,7,-1.562,2,5,1,0
1,7,1,2,0,5,0,0,0,6,0,4,5,1.195,5,3,5,4,0.77,2.689,0.0,3,1.164,1,4,3.377,6,6,0.331,1.95,4,-0.358,2,0.418,1.0,3.98,3,4,5,-1.26,3,4,7,3.579,5,6,5,0
2,4,4,7,1,1,7,1,2,0,1,0,2,3.16,7,0,3,1,3.283,4.049,0.0,5,3.898,0,5,4.605,6,4,4.019,4.14,2,-0.267,2,3.231,2.0,3.8,5,3,5,-1.714,3,0,2,2.001,4,1,7,0
5,0,1,7,0,0,7,7,3,4,4,1,0,-1.078,6,1,2,6,0.09,-1.066,0.0,5,-0.858,3,0,-2.069,0,1,-0.822,4.41,4,-0.142,7,0.993,0.0,2.32,3,1,0,-2.605,0,2,1,-0.247,4,2,3,0
6,5,4,2,1,3,0,0,1,5,1,5,3,6.74,7,0,3,7,6.004,4.213,727.42,6,3.542,6,4,11.062,6,5,6.97,3.72,1,1.886,1,5.698,4.0,4.76,2,0,0,7.446,4,2,2,6.016,7,0,0,1
4,5,7,2,0,7,2,2,0,3,0,2,4,1.769,4,5,7,2,0.718,2.791,0.0,6,0.605,3,6,-0.857,5,6,1.932,0.72,4,-0.759,1,0.006,1.0,4.06,4,1,4,4.086,5,2,0,3.624,2,7,1,0
1,0,6,7,0,4,0,0,0,1,1,3,6,1.783,6,5,5,5,0.726,0.011,0.0,6,1.398,6,3,0.425,5,2,-0.467,1.6,2,0.635,5,-0.521,0.0,4.93,6,4,3,-0.883,5,4,4,-2.15,4,2,2,0
0,7,7,5,0,7,2,6,0,0,7,0,1,-0.088,3,0,1,4,0.161,1.308,0.0,4,0.053,3,5,-0.346,2,3,0.432,1.55,0,-0.191,3,-0.197,1.0,5.44,1,7,2,-0.974,0,7,2,0.654,0,0,4,0
3,5,4,2,0,4,7,4,4,7,4,2,2,0.328,1,6,1,5,1.239,2.173,583.83,6,-0.678,6,5,0.199,6,0,-2.475,5.09,0,0.327,1,2.018,1.0,8.66,7,2,4,3.777,4,3,4,2.108,7,2,7,1
1,7,1,4,0,3,6,6,7,4,1,4,4,0.568,3,7,2,1,0.886,1.768,0.0,4,3.017,2,6,2.758,7,5,1.9,0.68,5,0.065,2,0.385,1.0,1.72,7,1,1,-0.034,4,4,3,-0.305,7,7,7,0
3,2,1,2,1,2,5,4,7,1,0,2,4,4.316,6,6,0,2,3.746,6.506,0.0,6,3.289,7,7,5.367,6,4,1.252,1.12,3,2.482,1,3.944,2.0,4.71,7,5,1,3.026,4,5,2,4.901,6,4,2,0
2,4,5,2,0,0,3,4,0,1,2,7,2,1.907,1,7,3,4,0.702,6.651,0.0,3,-0.032,6,2,3.759,7,4,-0.336,3.89,1,0.334,2,0.621,-0.0,4.1,5,7,4,0.478,4,3,1,-3.296,7,3,3,0
5,3,1,5,0,7,3,1,3,7,1,2,0,-1.129,6,1,5,6,-0.048,0.259,0.0,6,0.059,1,0,2.501,5,3,1.752,3.14,5,1.089,5,0.146,0.0,4.68,7,3,4,-0.511,2,4,1,1.871,2,7,7,0
5,1,5,5,0,1,1,2,6,1,6,0,5,4.483,4,3,6,5,1.796,4.963,0.0,6,0.333,1,2,2.886,5,7,2.538,2.14,7,0.664,1,1.695,2.0,4.7,6,0,4,1.41,6,5,1,3.658,5,3,3,0
1,6,2,0,0,4,3,3,6,1,6,4,2,-2.722,2,3,3,3,0.6,0.744,0.0,5,-1.179,4,5,-0.878,0,7,-1.684,6.59,5,0.197,1,-1.346,0.0,4.52,6,1,2,0.044,7,3,1,1.096,3,1,6,0
4,0,0,4,0,4,4,6,2,3,3,0,7,3.863,0,6,1,4,0.565,1.935,0.0,5,2.721,2,7,0.289,6,5,0.66,3.58,7,0.694,3,1.125,1.0,5.31,3,7,3,2.216,2,7,5,-1.057,5,6,0,1
0,1,3,0,0,7,0,4,7,3,2,2,1,1.403,5,2,2,1,0.648,0.354,0.0,0,0.518,3,3,0.459,3,5,-0.252,2.5,4,-0.732,0,1.001,0.0,5.19,3,3,1,-1.371,3,7,2,1.033,5,3,1,0
3,3,3,5,0,2,0,7,1,7,6,7,0,0.219,4,6,2,5,1.25,2.049,0.0,1,1.853,3,6,3.954,3,2,2.301,0.79,7,0.891,1,1.114,0.0,4.81,2,4,0,1.295,3,0,7,4.797,5,7,3,0
5,4,0,1,1,6,3,2,4,2,5,2,7,3.522,4,7,3,1,4.155,3.512,515.86,2,6.057,5,5,6.034,7,2,4.208,2.55,4,0.788,3,4.993,3.0,6.3,3,7,3,2.57,0,1,4,3.496,7,5,4,1
0,3,5,4,1,0,3,6,6,1,6,6,1,4.137,5,7,6,7,3.124,4.085,0.0,4,2.055,5,6,1.513,1,3,7.269,4.39,0,0.177,4,2.084,2.0,4.43,5,7,7,3.98,6,0,2,0.629,6,1,1,0
7,2,2,2,1,3,1,4,7,0,2,5,2,-1.401,4,7,6,3,4.405,5.821,0.0,6,2.469,2,6,1.136,3,0,1.572,3.71,4,0.279,2,3.523,2.0,5.58,0,2,6,4.05,7,5,6,2.689,4,5,3,0
4,6,7,3,1,0,1,4,3,0,7,3,4,-2.509,0,0,2,6,1.799,-1.373,0.0,0,1.146,5,5,4.552,6,0,-0.39,5.3,3,-0.489,2,2.415,1.0,5.86,7,6,2,-1.548,6,7,2,3.855,7,4,0,0
5,4,6,0,0,7,6,2,4,0,5,3,3,0.13,7,3,1,4,0.314,-0.122,0.0,1,-0.819,0,7,-0.3,1,6,1.47,2.14,5,-0.016,3,0.519,0.0,5.84,0,4,6,-0.442,7,4,4,-1.104,6,4,7,0
2,5,4,5,0,3,5,6,0,0,7,4,0,0.853,3,2,0,3,-0.034,1.76,0.0,2,-0.716,0,6,-3.668,4,4,2.3,0.63,5,-0.346,6,-0.879,0.0,3.5,1,3,2,0.465,5,1,2,-2.89,3,2,4,0
5,5,2,3,1,3,3,4,7,1,0,5,6,4.296,5,5,1,1,4.898,2.594,0.0,7,4.082,6,7,7.676,4,5,4.625,0.66,4,0.448,0,5.445,2.0,3.21,2,6,0,4.225,3,4,6,7.132,7,3,1,0
6,0,2,6,0,1,0,4,4,1,5,3,1,-0.55,6,2,2,1,2.338,0.599,341.47,7,2.791,7,1,0.893,3,3,2.201,2.67,4,-0.855,6,2.352,1.0,7.17,5,7,4,3.627,3,5,0,1.398,1,1,6,1
6,6,1,0,0,4,6,3,0,7,4,7,1,-1.418,0,1,2,4,1.781,2.952,0.0,5,2.137,1,6,3.098,0,4,1.013,3.57,6,1.817,1,1.972,1.0,6.05,1,4,7,0.359,7,3,7,-1.013,1,7,3,0
4,4,5,4,0,5,7,3,3,1,1,2,2,-0.233,2,7,0,4,1.057,3.897,0.0,6,1.997,4,6,3.047,2,1,2.547,3.35,3,-2.667,6,1.394,1.0,4.27,4,5,5,1.531,5,2,0,-0.071,6,2,4,0
6,4,0,4,1,5,7,2,2,6,1,4,1,5.096,4,3,1,6,4.537,3.83,0.0,2,2.917,2,1,4.238,3,0,2.818,4.67,6,1.174,1,3.856,2.0,2.0,6,6,4,-0.036,6,4,5,6.267,5,0,5,0
4,7,0,1,0,4,2,2,5,6,6,7,2,0.652,0,7,2,6,1.919,0.703,0.0,3,2.057,2,6,0.925,3,6,2.391,0.83,1,0.607,7,1.866,1.0,5.5,2,2,1,4.436,0,1,7,4.286,7,1,3,0
2,4,3,2,0,1,1,2,7,4,4,4,7,-0.036,4,4,0,2,0.103,3.277,0.0,7,1.144,5,6,-1.908,1,6,0.002,0.6,4,0.46,5,1.087,1.0,2.93,2,6,6,-2.107,1,6,2,0.883,1,2,3,0
7,2,4,1,0,4,6,7,1,7,2,1,5,1.519,0,0,7,5,0.662,0.603,0.0,2,2.083,5,7,-0.931,3,5,-0.113,4.61,2,1.805,4,1.104,1.0,3.17,3,2,4,1.713,6,1,1,-0.723,7,7,0,0
4,6,5,6,0,3,3,2,5,6,5,2,7,0.856,3,1,6,2,1.641,0.51,0.0,0,1.883,0,0,4.558,0,6,1.264,1.23,2,0.165,2,2.112,1.0,4.81,7,4,4,2.699,0,5,5,-0.168,2,1,6,0
1,5,0,4,0,0,1,4,7,4,3,0,3,-0.924,4,0,7,1,0.308,3.713,0.0,4,0.213,0,6,2.461,0,7,2.505,3.3,3,-0.398,3,0.547,0.0,2.66,2,0,4,1.177,3,5,7,-0.078,0,5,4,0
7,5,2,6,0,0,5,2,3,4,4,7,2,0.515,0,4,7,7,1.247,-0.921,0.0,0,-0.154,3,7,3.99,4,0,1.597,2.2,6,0.032,6,2.36,1.0,3.84,7,2,1,0.975,3,7,0,-2.35,3,6,1,0
1,6,7,5,0,7,7,6,6,5,4,3,1,-0.792,3,6,0,4,1.573,2.76,0.0,1,2.06,1,4,3.634,6,1,1.403,0.53,3,-0.317,3,0.197,1.0,7.37,1,4,4,-0.343,5,2,3,0.631,0,5,7,0
7,7,0,0,1,5,2,0,3,0,2,5,6,6.523,3,0,4,3,1.862,8.27,0.0,0,2.488,4,1,0.569,5,4,2.854,2.4,0,0.847,4,3.055,2.0,3.19,2,1,1,1.064,3,2,5,4.611,6,0,1,0
7,5,6,2,0,1,0,3,6,1,3,5,0,-1.38,4,1,3,5,0.447,2.302,0.0,0,0.934,1,7,-1.388,2,1,3.218,0.92,4,-1.2,5,0.648,1.0,2.37,3,3,1,1.11,7,4,3,1.942,2,2,6,0
1,4,1,5,0,0,0,5,0,3,5,7,3,-2.775,6,0,4,0,1.215,1.19,741.89,7,-0.844,1,0,0.932,2,5,0.56,3.23,3,-0.402,5,1.06,1.0,8.23,5,5,2,3.629,6,2,3,1.802,3,7,3,1
0,5,1,0,0,5,4,0,4,1,5,1,7,7.052,0,3,6,4,1.838,0.292,0.0,4,3.41,5,3,1.596,2,3,0.193,1.06,4,-0.581,1,1.487,2.0,3.3,1,3,5,5.671,6,5,0,3.361,2,7,6,0
2,2,6,6,1,2,0,1,1,3,3,5,2,8.665,5,1,2,0,7.37,9.089,866.65,2,7.89,4,6,4.927,1,1,7.025,5.04,5,0.671,5,6.88,5.0,8.69,2,3,4,9.371,3,5,2,9.333,5,1,1,1
4,7,2,3,0,5,7,2,4,5,2,4,5,-1.726,5,6,7,6,0.527,0.123,0.0,4,-0.696,1,7,3.275,4,2,-1.902,5.26,1,0.438,3,0.882,-0.0,6.56,4,7,4,-0.292,0,6,6,1.206,3,5,2,0
5,6,5,5,1,7,2,4,5,5,6,0,6,5.965,3,4,4,0,4.259,2.74,0.0,6,3.086,3,1,5.554,6,7,4.475,3.31,5,-0.295,4,4.008,2.0,3.29,5,5,1,4.042,6,6,3,3.775,6,2,1,0
6,6,0,6,0,0,7,4,3,2,1,2,4,-1.779,7,1,1,0,1.836,-0.424,578.45,2,0.548,7,4,2.179,6,6,0.083,5.57,6,0.104,2,2.168,0.0,6.28,3,0,2,1.939,6,2,0,-0.184,6,6,6,1
3,4,3,3,0,3,6,3,0,0,2,0,1,1.224,0,3,1,2,-0.656,5.679,0.0,6,-0.278,7,7,4.498,2,6,-2.281,2.45,1,-0.066,6,0.755,0.0,2.3,2,2,2,1.569,6,1,5,2.378,4,2,5,0
6,5,4,6,0,1,1,6,2,0,5,7,5,2.511,2,7,6,1,1.095,2.77,0.0,0,2.485,6,6,3.677,2,0,0.776,2.49,6,1.905,7,1.608,-0.0,4.84,2,7,4,2.548,3,0,7,-0.162,2,6,2,0
3,4,6,2,0,0,7,0,7,0,1,4,5,0.278,0,5,1,5,0.287,1.721,0.0,1,1.029,1,5,3.416,1,4,0.984,3.87,4,0.033,5,-0.491,-0.0,4.88,1,7,2,1.103,1,2,3,4.771,5,6,2,0
4,5,3,0,0,4,7,6,7,0,2,0,7,-0.162,4,0,7,4,0.502,-0.796,0.0,6,-0.257,2,2,-0.635,5,2,-1.077,3.73,0,2.279,7,1.008,0.0,2.63,1,6,1,2.861,0,7,2,-1.264,7,5,0,0
0,0,7,5,0,3,1,3,0,5,6,4,4,1.151,2,7,4,1,1.008,1.107,0.0,4,1.814,3,6,4.474,2,0,1.929,2.95,6,-1.667,7,1.992,1.0,1.51,0,6,4,1.406,6,6,7,1.357,0,6,0,0
3,0,6,4,0,0,7,4,0,5,6,2,6,-1.278,5,1,7,2,0.437,0.657,0.0,5,0.107,2,7,0.672,1,2,-1.937,2.97,7,-1.104,5,0.374,-0.0,2.37,3,3,2,-2.438,0,7,7,-0.449,5,7,7,0
5,4,6,1,0,4,3,2,1,4,3,4,0,1.194,3,3,3,5,0.959,1.761,0.0,7,-0.173,0,6,-3.458,2,6,-0.021,2.57,1,1.082,5,0.778,1.0,2.71,1,4,6,1.389,1,0,2,-1.295,6,5,5,0
0,6,6,7,1,6,6,7,1,4,5,7,7,2.869,4,6,1,6,2.686,5.289,0.0,0,2.44,6,2,1.108,2,0,-0.622,2.62,1,-1.499,1,2.846,2.0,3.25,0,3,2,1.615,3,1,3,2.957,1,5,4,0
7,5,0,0,0,2,6,1,2,7,0,3,7,4.492,3,0,2,5,1.807,4.66,0.0,6,0.854,6,7,1.271,1,3,0.587,3.91,0,-0.081,6,0.444,1.0,5.07,6,2,4,2.571,2,6,1,1.721,0,5,1,0
3,5,4,1,0,7,2,5,4,7,4,3,5,3.133,1,1,1,5,1.491,3.069,0.0,2,1.984,4,5,1.981,1,7,3.044,3.77,1,0.057,4,0.729,0.0,3.3,5,6,0,-1.167,3,6,4,-0.455,1,2,4,0
6,2,1,4,0,5,3,1,3,0,6,3,4,-0.616,0,1,3,7,1.497,-1.36,0.0,2,0.08,0,7,4.339,6,4,5.164,3.36,3,0.562,6,1.059,0.0,4.64,0,6,1,0.301,3,1,5,-0.162,6,4,5,0
4,2,4,7,0,6,6,6,1,4,7,4,0,-0.713,2,1,2,2,1.112,1.817,0.0,0,3.937,1,6,-1.52,3,3,0.322,6.39,3,1.166,3,0.021,0.0,6.87,0,5,7,1.33,6,7,4,3.155,7,7,0,0
2,5,3,0,0,1,7,3,5,7,0,4,6,0.736,5,1,3,4,1.405,2.337,0.0,1,2.978,0,0,0.47,6,7,0.809,0.72,3,0.968,6,0.769,1.0,6.65,5,6,2,1.504,6,2,5,2.845,6,3,2,0
3,7,0,5,0,5,1,4,5,7,1,7,1,4.625,2,7,2,3,2.279,4.198,0.0,4,1.961,3,5,5.473,5,5,2.78,1.46,6,0.963,6,2.925,1.0,2.01,3,3,6,4.694,0,1,7,-0.43,0,6,7,0
0,4,4,3,0,5,2,1,2,5,6,5,6,1.179,3,2,7,1,0.68,0.237,0.0,3,-0.893,2,1,-0.047,0,4,-0.884,3.6,2,-0.226,1,0.748,-0.0,1.25,5,3,0,2.271,7,1,2,2.506,4,6,3,0
6,2,5,7,0,5,2,5,4,5,6,6,1,1.812,5,2,0,7,1.483,2.054,0.0,1,0.839,1,5,5.344,2,4,1.483,1.76,5,-1.3,6,0.683,1.0,3.65,4,5,1,3.115,4,1,6,2.442,7,3,3,0
6,6,3,0,1,0,7,3,1,4,5,4,1,3.53,6,3,0,2,3.944,1.147,0.0,6,4.396,7,6,8.379,6,2,3.376,3.76,7,-1.162,0,4.629,2.0,3.2,7,5,4,3.722,2,3,5,5.037,2,2,2,0
0,0,3,6,1,4,7,1,6,1,7,7,6,6.812,5,7,6,4,4.715,3.462,115.34,2,4.694,2,5,4.748,0,2,2.291,4.61,1,-0.783,1,4.138,3.0,9.28,5,2,3,5.034,2,7,0,1.62,3,1,3,1
4,5,4,1,0,2,6,1,1,6,2,0,5,1.145,1,0,6,6,2.246,-0.523,0.0,1,-0.042,7,1,0.494,7,2,2.651,3.03,1,1.549,6,2.606,1.0,6.01,2,4,5,1.948,1,4,6,0.282,3,2,2,0
3,2,4,6,0,5,3,2,4,5,7,7,0,-0.716,0,1,6,3,1.758,-2.632,0.0,5,-1.096,5,7,1.386,4,1,2.475,5.02,1,-0.374,7,1.255,2.0,4.07,6,1,4,1.46,7,7,2,2.959,7,1,7,0
2,3,1,1,0,7,3,5,5,3,5,3,2,0.246,1,6,4,5,0.96,1.035,0.0,6,-0.391,5,0,2.026,5,3,1.175,2.09,2,0.36,4,0.797,1.0,6.39,4,2,2,-0.071,1,1,7,1.865,5,7,3,0
0,6,3,0,0,7,4,0,0,5,4,1,7,0.942,2,1,4,0,0.34,1.243,0.0,1,-0.769,3,7,-1.075,4,4,0.835,5.19,2,-0.421,4,-0.856,1.0,-0.3,6,6,4,-0.394,6,5,4,1.126,0,3,7,0
1,3,1,2,0,1,1,0,4,2,5,7,0,-2.381,7,2,0,0,2.234,-0.55,0.0,2,2.032,4,5,2.827,7,7,-0.468,2.72,1,0.47,2,2.247,2.0,4.88,1,1,4,3.061,4,7,0,3.533,4,4,0,0
6,2,6,2,0,6,0,6,1,3,6,4,7,0.559,6,2,5,3,1.017,2.194,0.0,3,3.208,3,1,-0.107,7,0,1.435,2.04,0,1.099,7,1.277,1.0,3.69,2,2,4,0.658,4,7,7,-1.103,4,7,3,0
5,2,6,2,0,0,7,4,5,2,1,1,0,4.733,6,5,4,4,0.615,-0.553,0.0,2,0.778,5,7,0.104,3,2,-1.768,3.37,7,-1.093,3,0.519,-0.0,7.26,7,6,6,2.166,4,5,1,3.565,4,6,7,1
2,3,7,7,0,5,5,0,3,2,6,0,4,3.939,1,2,3,7,0.65,-0.181,0.0,6,1.556,7,1,-0.405,2,5,2.194,2.84,6,0.397,4,0.369,0.0,5.27,1,2,6,0.63,4,6,7,2.806,5,6,5,0
2,5,0,1,1,7,7,3,5,0,7,5,1,5.756,1,7,4,0,3.569,2.459,0.0,2,0.427,0,1,4.69,1,6,3.864,2.55,5,0.284,6,3.839,2.0,4.81,0,0,4,4.116,2,3,0,3.93,5,2,7,0
3,7,4,7,0,6,1,3,6,4,4,3,1,5.266,7,2,0,2,3.073,2.578,0.0,0,3.495,7,6,4.051,7,2,5.163,1.17,1,-0.628,7,2.02,1.0,5.15,5,0,0,0.793,0,2,5,0.057,1,5,5,0
1,2,4,4,0,4,3,2,5,4,0,2,5,4.615,3,5,2,6,2.247,4.868,0.0,1,3.449,0,6,-0.274,1,6,2.529,6.45,4,1.539,6,1.869,1.0,3.25,0,7,3,0.611,3,4,5,0.399,6,2,5,1
4,0,1,7,1,5,2,2,5,3,6,3,4,-2.259,1,6,0,0,2.676,1.423,0.0,4,1.769,3,6,1.67,6,0,1.597,4.74,3,-0.976,3,1.704,1.0,5.05,4,7,6,1.346,4,2,4,4.08,0,3,2,0
3,2,2,1,0,5,4,7,2,0,2,6,2,-2.737,6,2,1,3,1.257,3.057,0.0,0,-0.009,2,5,-3.387,6,2,-0.209,2.9,3,1.125,4,-0.551,1.0,4.18,0,0,6,2.428,7,2,5,2.181,6,6,4,0
7,4,3,7,1,2,5,0,2,1,3,4,5,3.106,6,7,1,3,4.167,2.324,0.0,5,3.164,7,2,3.176,3,6,2.666,1.81,0,0.757,2,3.446,2.0,8.36,0,4,3,5.735,6,5,3,1.448,0,5,0,0
6,5,0,0,1,6,5,3,3,6,4,6,1,5.349,1,1,2,1,5.195,1.176,234.05,6,4.981,0,3,1.544,2,3,4.408,5.04,4,1.01,2,4.757,3.0,5.35,4,3,1,5.996,0,6,2,4.218,1,7,1,1
1,1,0,3,0,1,5,5,3,4,1,7,3,-0.624,5,1,5,1,0.874,1.963,0.0,6,2.7,4,7,-2.607,5,7,1.28,2.68,5,0.333,2,1.644,0.0,8.33,0,5,3,3.12,2,2,5,2.94,3,7,1,0
1,4,7,5,0,0,5,0,1,0,4,6,3,-0.518,2,6,4,5,1.103,4.351,0.0,6,1.975,3,6,-0.028,5,4,-0.485,2.36,4,-1.573,0,2.036,1.0,3.61,5,5,3,-1.112,6,0,5,-2.765,3,7,4,0
0,0,2,2,0,7,1,6,4,3,3,2,5,2.022,0,6,1,1,1.145,-0.426,0.0,0,0.778,0,4,6.003,4,0,-0.042,5.43,5,-0.67,3,1.144,0.0,4.55,7,3,1,-0.748,1,1,3,2.337,0,4,6,0
4,4,4,6,0,0,5,2,6,0,1,1,0,-0.559,6,3,4,0,0.062,0.317,0.0,2,1.569,7,5,-4.706,6,4,0.83,1.38,5,-0.249,2,0.875,-0.0,1.34,6,4,1,0.506,5,1,4,0.315,6,5,1,0
6,5,4,3,0,2,4,3,6,1,6,6,6,2.33,2,6,0,3,0.956,0.081,0.0,3,-0.607,2,4,0.409,4,7,2.478,2.03,2,-0.194,4,1.789,-0.0,2.58,7,1,3,1.213,7,4,7,1.294,6,2,4,0
2,4,6,6,1,5,0,6,2,3,1,1,2,8.262,5,5,5,1,5.292,0.923,144.78,1,5.625,6,6,4.045,4,7,7.693,4.95,5,1.108,6,5.874,2.0,7.83,0,2,7,7.269,1,0,6,6.239,7,0,7,1
4,4,1,4,1,1,7,4,7,2,4,5,5,0.293,1,0,2,4,2.031,3.78,0.0,7,1.956,6,6,4.97,1,1,0.906,5.05,6,0.838,5,2.947,1.0,4.96,1,2,3,0.347,2,6,6,1.236,1,2,0,0
1,7,6,5,0,6,6,7,4,5,0,4,1,-1.066,1,7,4,2,0.012,-1.399,0.0,4,0.379,5,3,1.093,7,1,0.791,2.1,6,-0.531,4,0.858,0.0,1.39,7,4,7,-1.947,6,4,3,-0.804,0,3,4,0
3,2,5,6,0,4,1,2,2,5,6,3,1,0.165,7,6,2,7,0.55,4.453,0.0,0,0.587,5,2,-1.084,6,1,0.921,2.48,6,-1.467,5,0.006,0.0,2.43,3,7,5,2.515,3,3,3,1.197,3,1,5,0
3,1,5,6,1,5,2,3,7,7,5,0,5,5.512,1,6,6,6,2.002,1.971,0.0,5,0.834,3,1,2.099,5,1,3.336,2.4,7,1.479,3,2.685,1.0,2.95,4,2,6,-3.037,5,6,2,2.225,1,1,0,0
2,0,2,7,0,6,3,4,4,6,4,0,6,0.835,3,4,4,2,0.568,-1.551,0.0,4,-0.512,6,0,-0.925,2,6,-2.059,3.52,1,1.117,0,-0.484,-0.0,2.2,1,1,2,-5.583,0,3,5,2.609,0,2,1,0
3,7,5,0,0,0,0,6,5,4,6,2,4,2.302,5,1,0,2,1.57,2.971,0.0,1,0.316,5,6,0.997,3,0,0.913,4.21,5,-0.712,2,0.349,0.0,4.04,1,4,3,-1.03,0,0,3,5.12,6,2,3,0
2,0,0,1,0,6,5,7,1,6,4,2,4,-1.578,6,6,4,6,0.853,-3.763,0.0,0,2.187,5,5,-0.325,1,6,-2.116,4.41,3,1.335,6,0.749,1.0,2.35,1,7,1,1.941,2,6,6,3.751,4,3,1,0
4,4,6,1,0,4,3,2,6,5,4,1,4,-0.709,5,1,6,4,-0.284,0.005,0.0,5,2.197,3,2,-4.005,4,6,0.728,5.7,4,2.111,0,-0.151,-0.0,3.13,7,4,1,4.229,4,1,1,0.979,7,5,7,0
4,5,5,5,0,5,6,6,0,1,2,2,4,-0.697,1,4,1,6,1.221,0.557,0.0,0,0.982,7,4,0.474,4,4,0.871,2.2,0,-0.936,2,1.736,1.0,5.02,6,1,5,3.364,7,2,0,3.101,3,1,4,0
5,0,0,5,0,3,4,5,0,0,0,4,4,3.938,7,0,2,2,1.343,-2.32,0.0,6,-0.024,4,4,-0.411,5,4,-0.451,2.33,5,-0.657,1,1.462,0.0,7.22,3,7,2,3.543,3,6,6,1.172,7,2,0,0
6,1,2,1,0,1,4,2,3,3,0,5,2,-0.872,0,6,0,2,0.18,0.288,0.0,3,0.567,0,3,-0.907,4,1,0.99,1.52,0,-0.282,5,-0.249,-0.0,5.67,6,5,7,2.539,4,5,1,4.018,7,0,6,0
7,3,6,2,0,2,2,4,6,3,4,4,5,0.16,4,5,5,6,0.95,2.077,0.0,2,2.155,0,4,0.477,1,0,1.637,2.74,1,-0.852,0,0.87,1.0,3.95,1,5,4,-0.144,0,6,1,0.139,5,6,7,0
6,3,1,1,0,2,1,3,7,0,6,6,0,-1.721,1,7,0,7,0.532,-0.036,0.0,3,2.089,7,6,-1.8,2,6,1.555,1.8,7,-0.988,2,1.343,1.0,1.37,4,6,3,-0.458,4,0,6,4.769,5,5,6,0
5,0,7,0,1,2,6,2,2,6,0,7,7,7.298,5,6,7,0,3.382,6.614,671.04,2,2.777,0,6,4.698,0,0,4.298,4.75,5,1.509,6,2.865,3.0,9.36,2,0,3,2.755,7,0,2,4.428,1,7,0,1
3,3,3,5,1,1,5,5,4,6,6,7,4,1.877,4,0,3,7,3.91,1.498,0.0,7,4.398,0,5,5.774,1,3,4.142,3.09,5,-0.727,6,3.37,2.0,3.39,4,4,5,1.51,7,5,7,3.284,7,2,4,0
6,3,6,6,1,3,3,7,4,2,3,5,6,2.774,6,2,1,2,3.778,1.959,452.49,2,1.271,5,3,0.879,5,4,4.885,4.75,4,0.942,0,3.536,2.0,11.49,4,5,7,2.135,2,5,7,2.181,6,1,2,1
2,0,5,5,1,3,3,3,4,7,3,5,7,-0.476,4,7,1,5,2.594,0.477,0.0,0,3.138,7,6,3.014,7,6,2.451,4.88,0,-0.957,6,2.82,2.0,6.76,7,3,4,-0.607,0,6,0,5.286,4,3,4,1
2,2,6,3,0,7,5,3,6,3,6,5,5,0.805,2,1,5,0,2.216,3.709,0.0,0,2.375,1,0,3.765,7,2,1.398,3.3,7,-0.517,4,2.016,2.0,2.09,6,5,0,5.21,6,4,1,1.189,2,3,1,0
5,4,6,3,0,5,2,1,5,1,1,2,1,-1.388,5,5,4,1,0.153,0.77,0.0,5,1.791,5,7,2.865,5,3,0.154,3.64,2,-0.56,3,-0.11,0.0,5.42,1,7,1,1.274,5,4,5,-2.268,0,5,3,0
1,7,4,1,0,4,6,6,3,3,5,7,3,-1.026,4,3,1,1,0.355,-1.611,0.0,0,0.213,4,7,-1.304,1,6,-1.407,2.3,7,-0.404,0,0.391,0.0,4.75,7,6,3,-0.104,5,2,1,-1.872,7,1,4,0
0,6,0,0,0,2,4,3,4,0,1,0,2,2.191,6,1,4,0,1.299,1.834,0.0,2,-0.215,5,0,3.737,2,0,1.614,4.07,0,1.459,4,0.133,0.0,3.19,2,3,1,0.786,2,4,7,0.241,1,2,6,0
1,1,0,5,1,1,1,3,1,7,6,2,2,4.149,4,5,0,3,3.121,7.727,0.0,1,5.563,2,3,4.639,2,4,3.798,3.46,3,0.908,3,3.835,2.0,6.29,0,6,3,2.945,5,7,4,1.218,3,7,2,0
5,5,4,1,0,4,1,3,3,2,7,0,3,2.31,0,3,7,4,2.689,-1.072,0.0,2,3.98,7,4,-0.747,5,5,-0.375,1.06,5,-0.25,7,1.969,1.0,4.01,5,1,1,6.768,5,4,5,0.411,0,4,0,0
1,1,5,6,0,5,1,7,3,6,1,7,0,-3.732,3,4,1,2,0.518,0.13,0.0,5,-1.442,0,5,-1.003,6,2,-0.187,3.21,6,-1.126,5,0.009,1.0,3.46,5,1,7,0.053,0,6,2,-0.533,7,3,4,0
4,4,0,2,0,0,1,0,3,1,0,6,2,-2.152,5,5,1,3,0.724,2.047,0.0,0,1.739,5,5,4.084,7,7,1.802,3.98,3,0.878,4,0.563,-0.0,3.14,0,2,1,1.022,6,4,0,0.723,4,0,1,0
7,2,7,1,0,1,3,2,1,4,2,4,3,3.025,7,1,2,5,2.388,0.573,0.0,7,2.571,5,1,4.496,6,7,3.502,1.55,2,0.484,7,1.57,1.0,4.25,4,0,3,-0.409,2,0,7,-0.676,1,7,2,0
2,6,7,6,0,5,5,3,5,0,4,7,3,2.109,4,4,7,7,2.486,5.404,486.43,3,0.502,3,5,4.386,3,5,5.366,2.12,5,1.315,4,2.144,2.0,6.59,1,5,7,1.859,3,6,7,1.132,5,5,5,1
4,4,2,1,0,4,7,0,3,6,3,7,3,2.777,5,7,1,3,1.682,-2.612,0.0,0,1.112,2,7,-1.5,4,0,1.436,0.94,5,1.698,0,2.073,1.0,6.43,6,1,0,-0.123,4,6,0,-2.536,0,0,6,0
7,7,0,7,0,1,4,0,7,6,4,1,5,4.477,4,0,4,1,0.681,2.483,0.0,4,-0.13,1,7,-0.608,3,7,1.415,1.0,1,0.133,4,1.287,-0.0,3.61,3,5,6,2.535,6,2,4,-4.028,1,5,6,0
6,5,0,5,0,2,7,3,4,7,3,5,7,1.602,2,3,4,1,1.141,-0.264,0.0,5,1.535,2,6,2.671,4,1,-0.438,3.38,1,0.458,1,1.786,1.0,5.1,5,1,3,-5.824,6,6,7,0.641,0,3,5,0
5,0,6,2,1,3,3,2,2,5,6,5,1,3.59,0,1,0,6,5.09,4.962,0.0,5,6.037,7,3,4.13,0,1,4.281,4.24,6,-0.325,1,5.565,2.0,6.81,3,5,1,2.729,6,5,3,0.653,4,2,1,1
6,6,0,7,0,5,3,0,3,6,2,4,3,1.605,7,3,6,0,1.328,1.401,0.0,1,1.301,4,6,-0.846,5,4,0.02,0.83,2,1.926,2,1.197,1.0,5.73,0,6,3,-0.034,7,4,6,3.61,1,2,1,0
6,7,2,2,0,4,5,2,2,1,6,4,7,-0.038,1,4,6,0,0.473,5.285,0.0,1,2.256,5,0,1.053,1,2,1.707,1.89,1,1.981,4,-0.662,0.0,6.73,4,4,0,4.588,4,1,3,0.499,3,0,2,0
2,2,2,2,1,4,2,0,5,2,1,3,6,3.477,4,5,0,0,6.383,3.663,0.0,7,4.876,0,3,9.621,2,1,9.761,3.0,4,-0.595,4,6.424,3.0,8.02,7,0,2,7.324,6,1,4,8.106,7,7,2,1
7,2,7,5,0,0,3,7,0,0,7,2,6,0.037,2,2,5,6,0.591,2.293,0.0,0,4.29,1,5,-0.703,7,5,-0.765,4.94,6,-0.776,3,1.197,0.0,3.03,1,7,6,3.15,0,3,1,1.492,3,7,7,0
7,1,0,0,1,6,2,7,6,2,2,5,3,1.417,4,5,3,1,2.103,2.927,0.0,3,4.283,2,5,-0.433,0,3,2.554,4.06,2,0.015,1,1.185,2.0,4.6,1,2,2,3.539,4,3,3,4.027,7,1,0,0
2,0,7,5,0,1,1,5,5,5,5,7,7,-4.111,1,1,3,4,0.651,2.42,0.0,4,1.577,2,0,-1.584,3,6,-0.7,3.07,3,-0.032,6,0.444,1.0,3.66,1,3,2,-1.4,2,6,2,2.127,5,4,5,0
0,2,4,1,0,1,5,4,7,0,2,3,3,2.236,7,4,7,2,1.72,3.46,0.0,5,2.155,4,2,1.067,0,5,1.107,0.42,6,0.51,4,2.397,2.0,4.64,3,0,3,2.653,2,7,0,3.183,0,0,3,0
2,3,5,1,0,6,4,5,6,4,4,5,1,1.366,0,0,6,0,0.572,-1.608,0.0,0,2.015,4,6,-1.233,5,3,1.728,2.56,0,-0.031,0,-0.511,-0.0,4.18,2,0,5,1.733,2,4,7,-1.539,4,0,0,0
5,7,1,5,0,4,2,3,2,5,5,6,4,1.859,4,1,2,4,0.606,0.174,0.0,4,1.555,1,5,-3.602,4,6,-0.812,2.11,5,-1.07,6,0.683,0.0,9.59,7,2,5,0.48,2,3,3,1.227,4,5,5,0
0,2,4,5,0,1,7,2,5,4,2,0,0,-1.908,0,6,0,7,0.826,4.878,0.0,0,0.74,1,2,3.417,6,6,2.063,2.65,5,-0.283,3,1.536,1.0,5.66,5,1,3,3.928,6,4,3,2.906,2,0,5,0
0,3,0,2,1,4,2,7,4,6,7,5,7,9.512,7,0,3,3,4.403,6.19,0.0,3,4.936,6,7,1.932,0,6,5.878,1.01,7,0.742,4,4.42,2.0,4.24,2,5,0,5.764,3,0,4,-0.663,0,3,0,0
5,5,1,3,0,3,5,3,6,1,7,3,2,0.887,6,0,3,3,1.675,0.432,0.0,0,1.089,2,7,0.524,1,4,0.639,4.32,3,0.065,1,0.712,1.0,3.09,3,4,1,-1.402,6,6,1,-0.056,5,1,2,0
3,7,0,2,0,2,2,2,5,6,5,7,5,3.182,5,4,4,0,1.166,-1.604,0.0,1,0.372,0,6,-0.229,3,4,-2.193,3.84,6,0.902,1,1.304,1.0,1.33,2,0,7,-0.236,0,4,3,-0.688,4,2,4,0
5,1,0,0,0,2,1,4,1,5,7,4,2,-0.887,6,4,2,5,0.471,0.989,0.0,0,1.186,7,0,5.252,2,4,2.607,4.38,1,1.157,4,0.119,1.0,5.03,1,7,4,-0.723,3,2,6,2.973,3,0,6,0
3,6,7,4,1,3,0,6,6,4,6,4,7,3.421,2,4,0,0,2.037,4.893,0.0,0,1.551,7,5,0.741,5,3,4.215,2.26,5,-0.496,6,2.046,2.0,4.48,4,1,1,-1.608,4,5,6,3.731,5,3,2,0
7,6,7,5,0,1,6,1,2,0,7,2,4,1.486,5,1,7,0,1.667,1.335,0.0,6,2.592,5,4,-1.548,6,4,-1.582,4.14,0,-0.416,1,2.541,1.0,2.92,7,2,0,1.74,5,0,2,0.456,3,5,1,0
2,4,1,2,1,3,2,0,0,0,3,5,1,0.748,0,5,2,3,3.664,2.725,892.38,3,3.162,6,7,6.781,3,2,4.089,3.25,3,1.389,3,4.762,3.0,8.31,5,5,6,3.675,3,6,7,2.379,1,6,5,1
4,3,5,2,0,2,0,0,3,0,0,3,0,2.948,3,5,2,6,0.94,0.75,0.0,7,0.819,6,3,3.565,0,1,1.201,2.81,4,0.74,7,1.63,0.0,4.17,5,6,5,8.668,4,6,4,0.691,1,7,5,0
5,4,2,3,0,1,3,4,5,3,3,3,4,0.804,4,0,5,5,0.706,3.177,0.0,5,2.122,6,6,1.425,4,4,-0.552,1.46,1,-0.829,5,0.697,0.0,3.22,0,2,6,-4.032,4,4,3,-0.149,7,2,0,0
6,3,2,4,0,6,0,5,0,4,4,4,4,-3.051,7,5,3,4,1.721,2.222,0.0,3,1.685,6,5,-0.406,1,0,-0.619,2.6,1,-0.912,5,1.562,1.0,3.31,7,6,5,-1.878,4,0,0,2.256,3,7,2,0
0,6,1,4,0,0,5,4,2,7,2,4,0,2.676,7,7,5,5,0.695,1.468,0.0,6,1.7,0,7,0.059,6,2,-1.286,2.73,1,-0.674,7,0.062,0.0,4.2,6,4,1,0.071,2,3,3,0.265,5,3,5,0
5,0,1,7,1,0,4,5,6,2,2,6,4,-1.666,2,2,5,0,2.351,0.01,0.0,6,1.875,1,1,4.245,6,0,0.415,1.85,0,1.249,7,3.118,2.0,3.08,6,0,2,1.89,0,5,6,1.15,6,0,4,0
0,4,3,2,0,3,4,0,7,7,3,3,7,2.531,5,1,5,1,1.972,3.324,0.0,1,4.238,1,6,4.844,4,6,-0.362,2.35,1,-1.322,2,1.15,1.0,7.0,5,4,3,1.561,4,1,7,5.078,4,0,6,0
4,5,5,1,0,7,4,4,7,6,5,6,0,2.157,7,1,3,7,0.52,1.931,0.0,0,0.273,5,5,0.938,4,0,1.159,2.2,1,0.383,0,0.554,1.0,6.29,4,1,7,0.636,2,1,4,0.258,1,0,5,0
4,2,0,4,0,5,0,1,3,0,4,1,0,3.763,2,7,6,6,1.143,-1.77,0.0,7,1.703,4,2,2.096,0,4,-1.261,1.59,4,-0.513,6,0.637,0.0,4.75,3,3,7,-1.023,6,6,6,1.075,6,6,5,0
4,5,2,6,0,1,7,7,0,1,7,3,2,1.999,6,0,5,4,2.072,-0.177,0.0,3,3.18,1,3,3.0,1,6,1.66,2.45,5,0.162,4,1.789,1.0,3.59,4,3,5,9.036,1,6,5,2.293,3,1,4,0
1,3,5,2,0,5,1,5,4,4,3,0,2,-1.266,0,3,5,3,0.927,2.477,0.0,4,-0.743,0,6,3.31,6,3,-1.174,1.8,0,-0.214,1,0.207,-0.0,3.3,3,3,0,0.655,0,2,5,-0.173,7,3,5,0
1,6,1,6,0,7,7,3,6,0,4,4,4,-1.078,0,7,4,1,1.269,2.368,0.0,0,1.606,2,6,1.942,2,6,2.37,3.61,7,0.006,6,0.734,-0.0,2.31,7,7,4,4.973,4,4,2,-0.566,2,1,6,0
4,2,3,2,0,4,1,1,7,2,2,7,6,2.957,6,1,4,6,2.639,4.384,0.0,4,4.36,4,1,0.853,3,6,3.217,4.25,3,1.623,1,2.4,1.0,4.15,1,3,2,2.237,1,7,5,2.564,0,7,7,0
5,6,3,5,1,1,6,1,7,4,1,3,5,7.866,5,2,1,7,4.1,4.809,0.0,6,4.417,0,1,5.18,1,7,3.178,2.03,4,0.355,1,3.448,2.0,8.0,2,0,5,2.669,6,4,6,0.533,1,6,7,1
2,2,0,1,0,3,5,0,5,5,5,2,0,4.7,4,2,6,6,1.319,2.618,0.0,7,0.336,3,7,2.241,2,5,2.632,3.33,1,0.146,2,0.674,2.0,0.88,6,0,5,-1.233,1,5,0,3.591,3,4,6,0
6,1,5,2,1,7,5,6,7,1,7,4,6,1.543,3,3,5,3,2.707,4.014,0.0,0,2.487,1,6,4.155,3,3,4.831,1.53,5,-1.532,1,3.202,1.0,3.4,7,0,2,2.562,0,3,2,-2.481,6,2,3,0
0,1,5,3,0,1,6,1,0,6,6,1,6,1.431,5,4,7,2,1.323,1.855,0.0,0,3.478,0,3,2.973,6,3,2.494,4.57,4,-1.401,3,3.309,-0.0,5.8,0,7,5,-2.355,5,7,4,2.311,5,0,3,0
3,2,4,4,1,1,5,7,0,5,6,7,4,5.362,7,3,4,1,5.26,4.641,587.91,0,6.108,3,1,2.68,0,3,6.798,3.93,3,2.752,5,6.018,4.0,7.31,5,5,6,4.093,3,2,4,1.454,4,3,7,1
1,7,0,5,0,5,6,0,2,6,3,2,0,3.347,0,7,0,3,0.606,0.497,653.23,7,-0.806,3,7,2.023,0,1,0.991,3.82,4,0.42,1,0.325,1.0,8.66,1,2,4,1.361,7,5,5,2.316,6,6,0,1
4,0,2,1,0,2,0,5,3,6,5,4,5,1.811,3,7,0,3,0.96,1.056,0.0,1,1.03,2,7,4.6,3,3,0.433,4.66,6,-1.178,4,0.982,0.0,4.55,0,0,1,1.871,3,6,2,1.061,3,0,2,0
6,7,6,1,1,3,6,4,1,1,7,2,2,3.991,0,7,0,1,4.204,5.446,832.42,7,6.184,3,1,4.809,3,4,4.902,4.25,2,1.437,4,4.613,3.0,8.51,5,4,2,5.632,0,7,3,0.87,7,6,2,1
0,3,5,1,0,5,3,3,2,3,0,7,0,2.247,0,5,2,2,1.481,0.066,0.0,1,0.068,1,3,-0.518,6,2,-0.769,4.41,0,-0.587,6,1.034,0.0,4.31,0,2,2,0.71,0,4,2,3.981,4,6,5,0
2,0,0,0,0,0,6,5,4,5,0,0,4,3.768,0,4,3,2,1.207,1.196,0.0,0,2.592,1,6,2.379,4,0,0.909,3.82,7,-0.23,5,1.122,0.0,2.55,5,2,0,-0.055,1,4,0,1.009,1,1,3,0
0,6,0,2,1,5,5,2,3,5,7,4,6,2.834,6,4,1,5,2.526,1.626,0.0,4,3.951,6,3,3.182,1,0,1.229,3.53,5,0.575,7,2.598,2.0,5.95,2,1,6,1.175,2,2,1,3.217,7,1,2,0
5,5,3,2,0,5,6,6,7,1,3,0,5,0.472,1,1,0,2,1.075,1.411,0.0,3,-0.904,0,4,-1.199,4,0,1.655,1.78,4,0.744,5,1.77,1.0,4.97,4,7,4,2.634,6,6,5,0.973,5,4,1,0
5,4,6,5,0,0,1,7,6,5,2,5,7,3.786,4,5,4,5,1.643,-0.421,0.0,4,0.817,5,6,3.895,0,3,2.518,1.12,5,-0.758,7,2.393,1.0,7.99,6,1,3,3.036,5,3,0,1.693,2,2,3,1
4,2,5,1,0,6,1,5,2,2,2,6,6,1.263,7,6,1,1,2.84,5.667,0.0,0,2.668,3,7,2.09,7,1,3.119,3.22,3,0.316,0,2.164,2.0,2.03,7,4,6,2.334,0,2,1,0.655,2,5,7,0
5,0,0,6,0,1,3,4,0,7,3,4,7,0.295,1,0,4,0,0.201,-0.589,0.0,3,-1.459,0,5,2.738,1,3,0.397,0.85,5,-0.511,6,1.784,1.0,2.47,5,1,6,-1.571,7,2,3,3.267,2,7,4,0
3,4,4,4,1,6,5,6,2,4,2,3,5,2.05,5,7,7,7,3.297,2.775,0.0,0,5.313,3,3,1.556,4,5,4.169,1.33,1,0.757,7,2.771,2.0,3.94,2,0,1,5.397,0,1,4,3.934,6,3,3,0
5,7,3,0,0,6,7,3,5,1,3,1,4,2.574,3,7,6,6,1.088,2.914,0.0,7,0.723,2,3,1.714,5,0,3.201,2.1,1,1.078,0,1.481,0.0,2.49,4,6,5,-0.398,2,5,6,0.816,5,4,1,0
5,7,1,5,1,3,2,0,4,4,5,7,5,2.359,5,5,0,5,4.475,6.825,0.0,2,0.966,2,7,6.02,2,4,5.098,5.07,0,1.219,1,2.759,2.0,3.76,4,3,6,2.953,3,2,2,3.466,2,7,1,0
7,4,3,2,1,5,5,4,4,3,2,0,3,1.419,0,6,4,1,2.341,5.429,0.0,3,4.65,4,1,0.492,7,6,4.28,2.56,5,0.829,5,2.313,2.0,3.65,5,0,6,5.651,2,5,2,5.255,2,0,4,0
4,2,5,2,1,3,7,1,3,0,3,2,1,2.61,4,2,0,1,4.248,5.178,495.42,2,5.839,7,5,4.851,1,0,4.057,2.8,0,-0.574,3,4.978,2.0,5.96,6,5,0,8.22,5,4,1,6.786,3,0,6,1
3,6,3,6,0,4,0,6,1,3,5,2,1,-0.446,5,6,7,3,1.355,4.186,0.0,1,2.504,0,2,4.026,7,7,4.072,6.36,3,0.136,3,2.697,2.0,5.37,3,6,0,3.674,3,7,7,2.701,3,6,7,1
7,7,7,0,0,7,7,5,5,2,5,0,7,0.888,2,6,2,3,0.633,4.617,0.0,5,1.539,4,0,-0.701,2,5,2.06,3.31,3,-0.737,2,0.275,0.0,4.85,2,1,4,4.703,4,6,2,-4.595,3,6,6,0
5,5,6,2,0,7,0,5,4,3,1,2,2,5.044,4,3,2,3,1.6,0.169,800.85,5,0.778,1,3,2.289,7,7,1.444,4.61,5,-0.145,6,0.767,1.0,6.41,5,4,3,2.119,2,7,5,2.57,1,7,1,1
3,2,6,7,1,1,4,6,6,5,6,7,2,0.445,2,1,5,1,2.134,1.165,0.0,3,2.019,3,2,7.097,0,2,0.838,2.9,2,0.566,2,2.743,1.0,3.91,3,1,6,0.626,3,5,3,-1.574,6,1,5,0
0,6,3,3,0,2,5,2,2,0,3,5,4,1.337,4,7,6,2,1.545,0.461,0.0,4,2.689,5,0,5.779,3,6,-1.041,2.41,6,-2.133,0,2.001,1.0,4.48,6,2,3,-1.458,7,2,4,4.693,7,2,1,0
7,4,2,3,0,7,4,4,7,7,0,4,0,7.525,3,4,0,3,3.28,0.68,0.0,4,3.489,3,7,2.749,3,7,0.177,3.62,5,0.693,5,2.708,2.0,9.45,2,3,7,3.821,0,7,1,2.227,3,7,6,0
7,1,7,3,0,3,1,6,6,1,2,4,1,0.988,5,5,2,2,1.969,2.917,0.0,5,2.0,5,6,0.775,4,5,2.071,3.56,3,-0.312,5,2.899,1.0,2.99,5,7,3,3.531,3,4,4,-2.822,7,4,5,0
2,3,0,2,1,3,1,6,6,5,6,1,5,2.342,3,6,5,3,3.125,4.345,0.0,5,4.019,0,3,5.051,6,5,2.628,2.95,6,0.571,4,2.9,2.0,4.61,0,6,1,4.442,4,0,6,2.723,3,1,0,0
3,2,5,3,0,3,0,2,1,7,4,1,3,2.056,1,6,3,2,1.256,3.515,0.0,3,-0.813,3,3,2.597,6,6,-0.107,0.76,3,-1.09,5,0.404,2.0,5.78,1,7,4,0.183,2,2,2,1.277,6,3,1,0
1,3,7,2,0,5,5,3,5,1,0,2,0,4.406,1,1,4,0,0.738,-3.358,0.0,6,1.016,7,3,0.736,1,7,3.348,2.02,5,0.059,6,1.211,0.0,5.96,7,6,3,4.728,4,4,5,0.662,5,6,3,0
1,4,7,5,0,3,5,6,7,3,4,6,6,6.366,4,1,7,6,0.795,-2.454,0.0,7,0.992,4,2,-0.234,2,1,1.292,4.83,0,-0.184,7,0.445,1.0,5.39,0,5,0,0.505,1,7,3,0.373,7,7,3,0
5,6,3,6,0,7,4,3,1,0,7,5,0,1.415,0,3,7,6,1.778,-4.06,673.85,3,3.058,4,0,-0.901,6,1,1.166,5.11,2,-0.718,1,1.88,2.0,10.38,3,5,7,-0.714,0,3,2,0.841,7,3,7,1
7,0,7,3,1,5,3,1,2,1,5,0,5,4.983,5,0,6,6,3.171,3.145,0.0,1,2.585,4,2,5.154,0,5,3.295,4.16,6,-0.453,4,2.102,1.0,5.96,1,2,1,2.095,4,4,0,2.539,0,7,1,0
0,5,4,5,0,4,5,7,4,5,4,2,6,2.573,7,0,1,0,3.088,3.377,0.0,6,4.592,4,6,2.406,6,7,2.316,4.0,5,3.064,0,1.905,2.0,7.75,4,6,3,3.385,3,4,2,3.387,0,4,2,1
1,6,0,5,0,6,7,5,5,2,0,1,6,3.08,7,1,7,4,0.443,-0.014,0.0,0,1.026,5,2,4.3,4,3,1.294,0.27,2,-0.301,7,1.308,1.0,3.59,6,4,0,2.234,4,1,0,2.592,4,6,2,0
6,0,1,1,0,0,1,4,0,6,6,6,2,2.164,1,5,5,3,0.24,-2.204,0.0,7,0.316,6,3,-0.053,5,2,0.335,0.82,4,-0.025,1,0.033,1.0,4.38,7,5,0,-0.745,2,3,5,0.139,6,3,0,0
6,3,0,0,1,1,5,0,4,4,6,6,4,3.199,6,4,7,3,1.711,0.778,0.0,7,3.207,5,6,-0.525,2,3,1.602,2.82,6,-1.64,5,1.04,1.0,4.53,3,7,4,1.252,3,4,6,2.42,6,1,5,0
2,7,7,3,0,2,2,0,7,5,7,0,3,4.055,4,4,2,6,1.415,1.121,0.0,6,1.071,2,4,0.417,5,5,-0.917,1.97,1,-0.219,7,1.377,1.0,1.8,0,5,7,-0.949,7,2,0,1.173,0,1,2,0
5,4,0,6,0,0,6,6,0,3,6,4,3,1.425,7,1,6,0,1.769,-1.344,0.0,7,1.624,2,6,1.612,3,7,2.592,3.68,0,-0.544,2,1.198,1.0,11.85,0,7,6,0.202,5,0,6,1.789,3,1,2,1
7,6,7,5,0,4,1,7,7,0,7,0,3,1.99,3,2,4,7,1.862,3.234,0.0,1,0.874,1,0,1.844,7,5,-0.463,2.71,6,1.654,2,0.489,2.0,4.91,1,0,6,3.148,7,2,7,5.926,2,7,6,0
6,3,4,2,0,6,3,2,2,2,1,6,6,2.52,1,2,1,5,2.189,2.444,0.0,2,2.149,1,1,5.035,3,0,4.487,4.0,1,-0.032,7,1.534,1.0,2.92,4,1,1,3.054,6,4,4,1.922,5,6,7,0
1,6,6,0,0,5,6,2,2,7,3,7,5,-0.368,3,1,4,5,2.735,-1.172,0.0,3,1.549,0,2,1.047,4,2,1.352,4.98,3,1.488,3,2.313,1.0,2.52,0,3,1,-0.473,1,5,6,0.442,4,1,0,0
7,0,5,0,0,3,5,1,4,2,6,7,4,3.965,3,5,4,7,1.206,2.873,0.0,5,1.637,1,6,-2.416,7,1,-0.391,4.76,5,1.178,6,1.927,1.0,3.65,5,2,6,1.138,1,4,7,-0.843,6,6,6,0
0,4,7,2,0,0,2,0,2,5,7,0,1,4.978,6,2,2,5,0.732,0.992,0.0,2,0.465,2,7,3.988,6,0,-0.606,1.1,4,-1.014,6,1.608,1.0,2.34,2,7,3,1.175,0,6,0,1.175,6,0,7,0
6,4,1,6,0,4,1,1,0,4,5,7,7,3.597,0,2,4,2,2.752,4.905,0.0,3,1.773,4,1,2.322,7,5,3.059,2.73,4,1.343,6,2.777,1.0,3.95,3,0,5,1.183,1,0,2,4.026,2,7,6,0
3,6,3,6,0,6,4,5,2,3,2,7,5,3.819,1,7,7,0,0.732,1.861,0.0,4,1.225,4,1,-1.913,3,1,1.161,2.46,5,0.891,2,1.321,1.0,4.88,0,5,7,1.93,7,4,2,6.425,7,4,0,0
3,2,7,5,1,0,3,3,0,1,5,0,4,1.136,4,4,5,4,1.68,2.098,0.0,2,1.836,7,3,-0.684,7,1,3.47,2.61,6,-0.487,1,2.853,1.0,2.52,5,1,1,4.151,2,4,2,2.443,7,4,4,0
3,0,7,7,0,1,5,4,0,5,6,3,5,4.051,4,3,0,5,1.402,-2.402,0.0,4,-0.726,7,3,-0.415,2,1,2.156,4.3,5,-0.639,5,1.183,2.0,3.99,7,7,3,5.257,5,2,4,0.749,2,1,4,0
5,4,6,1,1,3,2,7,6,3,3,5,7,2.773,4,5,5,6,2.919,3.052,377.64,5,3.491,3,2,-0.153,7,5,3.419,4.91,0,1.382,3,3.762,3.0,9.41,4,4,2,3.743,6,2,2,6.947,1,5,4,1
3,1,0,2,0,2,1,1,7,4,3,6,1,3.331,0,1,7,6,-0.376,0.473,0.0,1,1.727,6,5,-1.9,7,3,-1.498,1.04,5,-0.901,2,-0.018,1.0,5.12,6,5,1,-0.615,2,1,7,1.374,6,3,4,0
0,7,3,3,0,4,1,1,0,1,3,1,3,1.641,0,3,6,5,1.831,4.967,0.0,5,2.27,0,3,1.251,6,7,2.303,2.15,1,-0.068,4,0.205,1.0,5.59,5,3,7,2.477,2,4,1,1.686,5,4,6,0
0,1,1,5,0,1,0,0,6,7,7,0,1,3.978,4,2,7,3,1.833,3.34,0.0,3,1.667,5,4,-0.939,1,0,3.199,2.0,4,1.2,5,1.834,1.0,1.91,0,1,4,3.786,1,5,4,2.281,3,4,2,0
3,5,0,0,1,7,0,1,1,6,2,4,4,-0.171,0,2,5,0,1.848,4.473,0.0,5,2.352,7,1,0.448,0,3,-1.424,4.81,3,-0.716,4,1.817,1.0,4.04,0,4,1,0.557,0,3,3,-2.397,6,1,3,0
2,3,1,7,0,5,3,7,2,6,5,1,5,6.574,4,3,7,6,1.346,-1.035,0.0,5,1.969,5,6,1.418,2,2,2.52,1.64,1,0.199,3,0.702,0.0,4.64,3,3,0,1.543,1,2,5,1.002,1,6,2,0
3,5,2,6,1,3,6,5,4,5,4,2,5,1.024,0,1,7,4,2.972,-0.998,0.0,4,2.217,4,7,1.755,1,3,2.811,3.34,6,1.327,6,2.297,2.0,5.58,4,0,0,0.34,2,6,4,0.006,6,4,0,0
7,3,1,3,0,7,4,6,6,1,4,6,7,3.539,5,6,6,7,0.756,0.938,0.0,1,-0.58,0,1,-0.502,7,1,2.32,2.81,6,2.105,0,0.113,1.0,2.53,6,6,1,1.185,1,6,6,-4.159,0,4,5,0
6,7,1,7,1,7,1,5,7,1,4,5,4,7.592,1,7,1,4,5.649,5.747,98.9,7,5.612,7,6,6.705,2,0,7.386,4.34,5,0.764,0,5.577,4.0,5.57,4,2,0,6.298,4,6,5,6.131,3,4,4,1
0,4,0,4,0,4,1,3,7,6,3,7,3,2.133,7,6,4,3,1.293,-0.178,0.0,7,-0.318,4,0,0.813,4,2,1.632,4.65,6,0.383,0,0.511,0.0,5.18,7,2,5,-0.102,4,0,5,0.436,0,5,6,0
4,2,3,2,0,2,2,7,4,1,5,1,3,0.021,5,3,5,1,1.484,1.662,0.0,1,2.238,2,4,0.834,6,7,1.713,4.28,7,-0.158,5,1.633,1.0,5.47,0,2,1,-2.623,5,2,5,-0.295,7,4,2,0
2,6,3,5,1,6,4,1,6,7,2,1,3,3.551,5,4,7,4,2.665,6.11,0.0,4,2.847,3,5,3.653,3,0,3.475,2.08,1,-0.211,0,2.966,2.0,7.46,3,0,0,0.819,5,4,6,1.298,5,4,3,0
0,4,3,7,0,5,3,1,4,4,3,2,2,1.077,4,7,1,2,1.087,-1.85,0.0,1,0.205,5,6,0.947,3,0,-0.247,1.07,5,0.593,7,0.683,1.0,5.86,7,3,2,4.53,5,5,1,2.656,4,1,0,0
3,4,5,2,0,0,5,7,6,4,3,6,0,0.447,0,1,2,2,1.078,0.808,0.0,5,0.917,4,4,1.262,2,2,1.999,4.48,0,1.509,0,1.329,2.0,1.91,4,1,2,4.265,3,3,5,3.141,5,3,2,0
6,1,2,2,1,4,3,4,6,7,3,0,3,2.843,0,4,5,6,2.783,3.656,403.87,5,2.283,7,6,5.788,2,6,2.302,2.93,7,1.706,1,3.188,2.0,8.2,6,3,5,-1.499,5,4,6,3.431,0,7,1,1
2,5,0,0,0,2,0,7,2,3,5,4,6,3.621,6,4,2,3,0.842,3.299,0.0,6,0.915,6,2,1.204,3,4,1.441,2.31,3,0.647,7,0.754,1.0,3.45,1,3,2,-3.06,0,4,6,0.768,2,2,2,0
4,7,6,6,0,7,6,6,5,4,0,6,1,-0.48,3,5,2,7,2.386,1.044,0.0,3,1.801,5,6,1.13,3,3,3.151,4.11,3,-1.403,7,2.044,1.0,4.79,2,6,3,0.155,3,4,1,2.419,5,5,5,0
7,0,0,5,0,3,3,3,7,1,6,5,3,5.084,6,6,0,4,0.942,2.065,0.0,2,1.521,4,4,0.358,4,2,0.698,3.59,1,-1.245,4,0.597,1.0,4.91,1,0,7,4.681,4,7,7,4.173,7,3,3,0
7,0,0,5,0,1,7,4,5,5,7,4,4,2.814,4,7,6,0,0.693,1.754,0.0,2,0.963,1,3,-0.457,1,2,1.704,2.71,1,0.277,2,1.125,2.0,3.96,6,1,4,2.209,7,2,1,3.209,1,5,1,0
5,2,7,4,0,6,0,0,0,4,0,1,4,-0.951,2,2,1,7,1.367,0.017,0.0,3,2.108,1,5,1.243,5,0,2.568,0.56,0,0.411,4,1.424,1.0,0.33,2,3,3,3.404,0,4,3,4.488,5,5,5,0
2,6,6,7,0,6,5,6,5,2,7,3,7,2.835,0,4,4,6,0.762,2.672,0.0,0,2.064,0,3,-1.03,6,3,-1.008,2.66,1,-0.869,7,0.89,-0.0,6.9,2,1,1,5.932,1,4,5,2.819,1,3,2,0
2,5,6,6,1,0,0,2,7,4,3,1,3,1.758,2,2,2,0,2.301,6.072,0.0,6,1.834,1,7,2.233,0,3,3.951,2.62,6,-0.143,1,2.001,2.0,2.38,5,5,0,1.371,0,3,0,2.935,2,5,7,0
3,5,5,5,0,1,5,7,6,7,0,2,3,-1.512,6,1,6,3,-0.232,0.512,0.0,3,1.032,6,3,-0.26,2,1,-1.574,1.62,5,0.86,1,-0.139,-0.0,4.22,5,1,2,-0.448,0,7,7,0.208,6,4,6,0
4,6,0,0,0,3,3,3,6,2,4,3,3,2.75,4,6,1,2,2.111,1.363,0.0,4,0.815,6,5,-0.223,4,3,3.282,1.89,0,-1.371,2,2.157,1.0,1.16,0,1,1,0.014,0,3,4,2.053,0,0,4,0
0,2,1,7,0,4,5,1,5,2,4,4,1,2.543,2,5,3,4,1.367,4.713,0.0,0,0.913,4,4,-1.843,1,4,0.325,1.69,7,-0.835,7,1.252,1.0,3.4,7,2,3,2.301,1,1,2,-0.115,2,1,7,0
3,2,2,1,0,1,2,1,3,1,3,7,3,0.145,6,2,1,1,1.778,2.972,0.0,2,1.888,5,5,2.028,2,5,2.928,6.24,1,0.852,2,1.83,1.0,4.78,6,7,6,4.502,7,7,2,1.471,5,5,6,0
0,2,1,0,0,7,2,4,4,2,0,7,7,1.068,4,6,4,2,1.738,-0.103,292.9,2,2.324,5,2,-1.22,6,4,2.329,4.87,2,0.219,6,0.984,2.0,7.21,1,2,3,3.13,7,4,7,-2.617,1,3,5,1
6,0,5,1,0,5,5,1,0,6,1,7,3,2.253,6,2,1,7,0.646,3.098,0.0,2,1.456,1,7,1.044,0,6,-1.204,3.73,0,0.49,2,1.294,0.0,1.9,3,4,1,1.61,1,6,2,0.084,7,7,5,0
6,4,0,6,1,3,7,2,3,5,5,1,3,1.346,1,5,6,3,1.924,2.55,0.0,7,2.547,7,6,1.16,7,4,4.589,3.04,7,-0.254,0,1.829,1.0,4.34,5,0,7,2.809,0,5,1,2.606,2,0,7,0
7,6,3,3,0,7,6,4,5,2,5,0,0,-2.217,0,2,6,0,0.838,-1.924,0.0,0,1.275,1,4,7.224,1,2,0.688,3.65,3,0.325,3,-0.038,0.0,1.88,5,0,0,0.242,7,4,3,-1.613,1,7,4,0
4,3,0,4,0,7,5,1,6,0,2,2,1,-0.033,6,5,7,3,0.673,-0.17,0.0,1,2.519,3,0,0.681,0,6,-0.608,5.43,0,0.473,1,1.225,0.0,4.99,0,0,2,0.126,5,5,2,-1.787,4,5,6,0
4,7,6,3,1,2,3,7,1,0,7,1,5,3.615,7,4,2,7,3.071,5.478,0.0,5,4.145,1,7,3.613,6,3,3.472,1.88,3,-0.395,6,3.14,2.0,3.76,5,2,4,2.953,4,4,0,7.792,0,0,5,0
0,4,0,4,0,7,3,0,0,5,0,5,6,2.172,4,1,4,4,3.322,3.642,286.97,4,3.474,0,6,5.246,5,3,1.269,4.33,6,-1.252,3,3.135,2.0,7.39,2,2,1,3.717,6,5,0,2.538,6,7,1,1
7,5,5,1,0,5,6,3,3,5,2,7,1,1.741,0,7,3,1,1.331,-1.425,0.0,5,2.521,3,1,-2.528,0,1,0.965,3.75,3,0.653,0,1.782,2.0,1.47,3,2,0,3.102,4,1,1,2.232,2,5,4,0
2,1,1,3,0,2,5,3,0,6,4,4,7,0.658,1,6,7,7,1.708,2.476,0.0,2,1.541,6,0,1.708,0,3,1.281,1.84,1,1.136,5,0.978,1.0,5.06,7,1,2,2.388,1,6,7,2.513,2,0,0,0
6,2,5,3,1,2,0,2,2,5,3,3,4,0.077,3,7,3,2,4.495,4.733,0.0,5,3.8,3,5,3.293,3,7,2.315,4.28,0,-0.173,6,3.937,2.0,3.19,4,7,1,1.992,6,0,7,4.14,4,5,0,0
1,6,2,6,0,5,6,2,4,5,0,3,4,1.276,2,1,6,1,1.156,1.991,0.0,1,0.468,1,5,-2.356,1,0,0.928,2.1,4,0.874,2,1.207,1.0,3.16,5,6,3,2.276,5,0,2,2.031,0,1,5,0
7,7,2,2,0,0,1,0,5,1,2,7,0,-0.301,4,3,2,5,1.287,-1.329,0.0,0,1.98,2,7,3.483,5,5,2.523,2.06,6,0.382,0,1.355,-0.0,3.23,7,3,3,-6.565,6,3,0,2.543,3,0,3,0
7,6,1,5,0,5,1,0,7,1,1,3,6,0.008,0,1,5,2,0.667,-2.578,0.0,4,1.359,3,4,3.741,1,7,-0.386,3.44,1,0.464,4,1.354,1.0,4.92,4,0,5,1.468,1,7,7,1.349,2,2,6,0
6,5,1,7,0,5,3,4,2,4,5,0,6,2.962,3,5,4,3,2.47,1.949,0.0,0,1.554,1,3,2.171,5,7,3.203,3.32,1,-0.846,6,2.527,2.0,2.9,2,4,1,2.152,2,1,2,7.767,0,7,7,0
1,2,0,3,0,7,4,5,2,3,6,2,1,2.906,5,0,4,2,1.824,4.744,0.0,3,-0.799,0,6,-0.628,7,6,0.437,3.92,5,1.08,6,1.051,1.0,3.07,5,7,5,-1.9,7,4,7,5.268,2,1,0,0
6,0,0,4,1,4,5,2,7,4,5,3,5,2.47,2,1,3,4,3.087,5.197,770.08,2,4.17,6,6,3.592,4,7,4.406,6.17,5,0.502,3,2.82,3.0,4.98,0,2,0,5.484,6,2,4,2.786,6,1,1,1
0,1,6,3,0,3,5,3,3,0,7,6,5,-2.75,1,0,1,7,0.9,0.732,0.0,1,-1.482,0,5,1.105,2,2,0.791,3.52,1,0.792,3,0.535,-0.0,4.54,5,7,1,3.891,3,4,4,4.487,2,1,4,0
0,0,5,7,0,5,6,0,2,4,3,1,5,-0.222,5,5,4,7,1.599,-0.859,0.0,0,3.163,0,1,2.343,1,6,3.775,4.51,5,0.119,4,1.042,0.0,3.14,3,4,1,1.89,7,7,4,2.459,2,1,1,0
3,2,0,5,0,5,0,1,7,5,0,0,2,3.866,5,1,0,1,1.812,3.131,0.0,3,0.802,5,3,2.932,5,1,0.922,4.0,4,0.395,5,1.268,0.0,4.44,7,4,0,5.124,3,1,0,3.274,0,4,4,0
7,2,4,4,0,1,4,2,3,4,5,7,1,-0.546,5,4,2,7,1.009,2.687,0.0,0,2.05,2,4,3.604,7,5,-0.147,3.28,3,1.18,4,1.42,0.0,4.02,4,7,0,3.137,0,5,4,-1.78,1,0,5,0
2,4,0,4,0,0,7,0,6,4,1,5,5,-1.191,6,5,3,4,0.438,0.81,0.0,6,2.568,2,4,1.4,0,6,1.27,5.13,1,3.141,0,1.218,0.0,2.97,1,5,1,0.987,7,2,4,3.746,1,5,1,0
1,5,1,7,0,7,1,2,4,6,3,1,2,-0.078,1,3,0,3,1.656,-3.686,0.0,6,0.677,0,7,-0.345,4,6,0.248,1.9,3,0.358,6,0.172,0.0,4.88,2,3,0,1.036,6,3,6,-3.954,2,7,3,0
0,2,0,1,0,0,2,0,2,2,0,1,0,4.328,3,6,2,1,0.576,0.077,0.0,5,1.637,7,5,-5.201,7,6,-0.781,1.37,1,0.143,1,-0.05,0.0,4.09,3,2,2,-1.078,7,0,5,2.171,5,4,7,0
7,6,1,3,0,2,0,1,2,2,3,3,6,2.39,6,6,3,2,0.596,-0.631,0.0,0,0.672,1,6,3.358,7,0,1.847,3.48,7,-1.554,1,-0.567,0.0,2.85,3,0,0,1.828,4,1,4,2.273,7,4,6,0
6,1,3,1,0,0,5,4,3,7,1,1,2,-0.439,6,5,1,1,1.701,0.297,0.0,7,1.142,3,1,-3.405,1,2,1.198,2.38,3,0.789,4,1.687,2.0,3.34,2,0,3,0.809,4,0,2,0.357,6,6,5,0
2,0,3,7,0,2,2,5,7,3,6,0,0,1.66,6,4,3,5,1.843,2.852,0.0,2,0.872,0,5,0.077,2,1,0.553,3.04,6,0.625,7,1.442,1.0,5.08,7,7,0,1.907,5,0,4,-0.339,6,0,3,0
6,6,0,7,0,7,4,0,2,3,5,5,6,5.57,0,4,0,7,1.886,3.873,304.74,2,4.75,0,7,1.953,1,7,0.705,3.35,7,0.516,7,2.606,1.0,7.39,7,6,3,1.252,1,7,7,-0.925,3,2,5,1
1,6,0,4,1,6,4,1,3,0,1,1,2,3.655,5,7,4,7,3.286,8.832,0.0,4,3.336,5,7,7.129,4,5,1.579,3.99,1,0.11,3,3.449,2.0,4.07,5,0,7,5.773,0,4,0,-3.103,2,7,0,0
3,4,4,6,0,1,5,5,7,4,1,7,0,3.071,2,6,2,4,0.081,-0.449,0.0,3,2.565,2,3,-2.013,3,6,0.349,3.29,6,1.031,3,0.476,0.0,3.96,4,3,2,2.736,2,4,1,-0.272,1,0,5,0
0,1,5,3,0,2,0,0,1,0,0,3,0,-5.698,6,3,4,6,0.344,-1.558,0.0,0,1.187,5,5,0.847,0,6,-0.041,4.26,7,-0.315,6,0.245,0.0,3.99,4,2,1,6.039,7,7,1,1.658,2,1,2,0
3,4,4,4,1,3,7,4,4,2,6,6,0,4.165,0,4,2,5,2.545,1.934,0.0,7,0.912,3,5,-0.155,0,3,0.385,2.08,6,-0.059,7,1.873,2.0,4.37,3,1,2,1.257,2,5,0,-2.258,4,2,0,0
0,6,0,5,0,7,6,1,0,4,3,6,4,1.154,0,1,1,5,2.592,1.141,0.0,1,1.54,3,4,2.319,1,7,3.3,3.23,6,-1.975,4,2.49,2.0,3.79,5,5,7,4.413,3,1,6,2.518,4,0,3,0
0,1,6,5,0,2,4,0,6,4,3,5,2,1.142,6,4,6,4,1.548,-0.031,0.0,7,0.895,7,4,2.322,7,0,2.003,4.93,4,0.106,6,2.281,1.0,4.56,4,3,0,2.19,1,7,0,2.54,1,1,3,0
2,2,6,7,0,4,6,5,1,1,2,5,0,3.211,5,2,4,6,0.752,3.167,0.0,2,4.198,1,4,1.714,2,3,0.161,2.46,0,-0.48,2,1.039,0.0,5.1,3,5,2,2.022,1,4,6,1.33,1,1,3,0
4,4,3,1,0,5,3,3,0,5,4,2,1,-2.447,3,2,3,3,-0.023,1.813,0.0,3,-0.056,4,3,0.521,5,1,1.632,5.27,0,-1.037,2,-0.303,-0.0,4.79,6,7,7,-1.773,5,2,7,1.072,4,1,5,0
7,7,2,2,0,3,2,4,0,4,7,3,2,0.769,2,3,1,6,0.906,-1.874,0.0,0,-0.518,7,6,1.338,3,4,0.468,3.25,4,-0.406,5,1.5,0.0,4.42,3,0,2,1.891,5,3,5,-1.977,3,0,5,0
3,4,1,4,0,7,2,6,3,3,4,4,6,0.659,2,1,2,1,1.387,2.631,0.0,7,0.846,0,3,0.302,0,4,1.551,3.22,1,-0.326,3,-0.588,0.0,2.27,6,1,0,3.693,4,4,1,1.603,2,4,7,0
1,3,1,1,0,0,4,7,7,7,0,1,6,-0.043,4,7,3,2,2.245,3.362,0.0,1,2.562,6,3,3.641,7,3,0.601,1.66,6,-0.085,3,1.634,2.0,5.33,5,5,4,2.157,3,0,4,2.143,7,1,1,0
2,0,2,6,0,1,7,6,7,2,4,5,5,-0.652,3,5,2,0,1.828,2.421,0.0,0,0.494,5,7,3.652,7,5,1.234,2.42,2,-0.035,4,1.471,1.0,4.71,6,0,4,0.765,2,4,5,0.265,1,3,7,0
7,1,5,3,0,1,0,2,0,4,2,7,1,1.08,5,3,1,0,0.129,0.75,0.0,3,1.513,4,3,0.008,0,6,0.853,2.42,0,0.465,5,1.026,1.0,4.63,3,6,5,5.632,5,1,0,-1.648,3,1,2,0
2,3,0,0,0,2,6,0,5,1,3,3,1,2.393,7,1,0,6,0.476,-0.899,0.0,5,2.33,1,7,0.01,6,7,-0.171,3.96,5,0.185,4,0.867,1.0,4.97,0,3,1,-2.511,5,0,4,0.657,2,3,2,0
3,3,0,2,0,0,7,4,3,5,3,1,3,-2.182,4,5,3,3,-0.165,6.521,0.0,0,0.922,1,0,4.008,7,1,0.148,3.6,1,0.876,4,0.609,1.0,2.5,1,1,7,1.216,7,7,0,-1.73,5,7,2,0
5,1,5,4,0,5,0,5,6,5,6,4,6,-5.058,5,7,7,6,0.72,0.367,0.0,2,1.362,1,1,-2.184,2,6,-2.072,3.6,4,0.226,0,-0.335,0.0,4.46,6,7,6,0.93,1,1,7,1.33,6,4,5,0
6,3,5,1,1,5,3,4,4,2,2,5,7,5.169,5,1,1,0,3.199,3.272,0.0,6,2.171,3,3,1.4,3,6,2.875,2.16,2,-0.687,7,2.165,2.0,3.23,2,4,1,-0.934,3,7,2,5.093,2,6,3,0
3,6,7,5,1,2,5,7,6,2,6,0,1,5.155,4,6,2,1,4.477,5.833,89.7,3,4.296,0,0,3.437,3,5,4.384,5.85,0,0.078,7,3.769,3.0,5.82,2,0,7,6.333,2,5,7,1.46,3,7,2,1
5,2,3,4,0,6,6,5,4,2,5,3,6,2.76,2,3,1,2,1.024,0.68,0.0,1,-1.11,4,1,2.526,3,7,1.327,3.61,5,-0.106,2,0.171,0.0,3.67,5,4,0,2.979,1,0,0,0.144,2,5,2,0
3,7,5,0,1,1,1,3,5,0,2,7,7,3.075,6,7,6,5,3.717,0.958,0.0,4,2.102,1,1,0.045,0,6,1.18,2.49,7,0.004,6,2.891,1.0,5.75,4,6,0,0.023,3,0,4,3.927,5,5,1,0
0,2,4,6,0,0,0,2,3,3,7,1,1,1.353,4,2,0,1,0.128,2.333,0.0,5,2.621,6,1,2.25,0,2,0.454,3.87,4,-2.756,7,0.826,0.0,3.61,0,3,0,2.467,3,5,0,2.783,4,3,7,0
4,5,4,2,0,3,0,2,1,5,7,5,5,3.808,0,0,0,1,1.224,3.736,0.0,6,2.131,1,5,1.139,7,4,1.205,2.82,6,-0.942,7,1.664,1.0,5.05,4,5,5,0.59,6,1,0,3.494,2,7,0,0
5,0,5,6,0,0,3,3,7,4,2,7,0,1.718,4,5,1,1,0.969,0.741,0.0,0,-0.954,0,3,-2.573,4,6,0.728,4.17,5,0.272,1,0.426,0.0,6.36,7,1,1,-0.463,6,6,7,0.285,0,7,2,0
1,5,3,0,0,3,5,7,3,6,6,7,6,5.356,6,1,2,0,1.031,2.425,0.0,5,3.367,7,7,-1.305,1,2,0.651,4.45,4,-1.409,4,1.591,2.0,3.96,0,6,7,1.061,5,4,2,3.367,3,6,3,0
1,0,0,7,0,7,4,4,2,3,7,2,2,1.23,7,7,2,3,0.208,-2.659,0.0,3,-1.087,6,6,1.994,1,0,-0.681,2.1,4,-1.79,5,0.46,2.0,2.91,4,6,6,-2.085,7,5,2,0.031,5,1,1,0
4,3,2,0,0,2,2,0,5,7,6,6,2,1.058,7,6,7,2,0.457,3.563,0.0,4,0.256,5,3,0.461,2,3,0.476,4.66,6,1.673,1,1.262,0.0,5.53,2,0,3,4.24,3,4,2,2.88,3,0,2,0
5,7,1,7,0,2,7,1,6,7,3,0,5,-0.57,2,5,2,5,0.675,1.458,0.0,5,-0.015,0,2,-1.679,7,0,2.352,3.54,7,-0.135,1,1.158,0.0,6.36,6,7,6,-0.492,4,7,3,-1.832,7,1,5,0
6,5,5,0,0,5,3,0,5,1,0,6,4,2.429,1,0,5,5,1.584,2.275,0.0,1,1.708,3,0,2.823,3,3,-0.18,4.79,1,-0.53,1,2.181,1.0,7.49,3,5,2,1.598,4,2,6,3.923,0,1,2,0
2,5,6,0,0,3,3,4,7,5,4,2,1,-0.095,5,6,3,0,0.473,3.375,0.0,6,1.84,7,1,4.132,3,7,1.955,3.3,1,0.99,2,1.404,1.0,4.8,3,5,5,-0.353,0,1,2,-0.65,5,2,7,0
3,2,0,3,0,0,5,4,2,2,5,0,4,3.022,5,4,3,1,0.81,-1.158,0.0,7,-0.154,3,0,1.555,7,5,1.693,2.61,0,-1.275,3,-0.285,-0.0,3.05,0,3,5,3.481,3,4,2,0.518,0,2,0,0
4,1,2,1,0,7,5,5,0,4,5,3,0,3.028,2,6,5,3,2.384,1.411,0.0,7,2.362,3,3,3.518,5,4,3.291,3.35,2,-0.648,0,2.202,1.0,2.08,6,7,2,-0.423,4,5,6,0.267,2,6,0,0
2,0,2,7,0,1,1,4,3,4,5,6,6,1.189,3,2,4,7,0.352,2.944,0.0,2,-1.214,5,3,-0.99,3,3,-0.068,2.18,5,-0.948,2,0.953,-0.0,4.37,7,0,6,1.029,7,2,0,-0.214,4,1,5,0
2,5,7,1,0,3,7,6,3,5,6,4,5,1.02,2,1,7,5,1.05,-0.144,0.0,5,0.36,5,2,-0.807,0,6,0.258,2.26,6,0.08,2,0.292,0.0,6.6,5,4,1,7.913,6,4,3,3.265,2,3,3,0
0,0,4,0,1,5,0,3,2,1,1,3,2,2.09,0,1,6,0,1.882,7.5,0.0,7,1.572,1,3,1.511,7,1,1.435,2.85,0,-0.194,0,2.087,1.0,3.42,6,4,2,-0.573,1,7,0,4.684,7,4,7,0
5,2,1,1,0,4,1,0,6,4,0,5,1,-0.753,3,5,7,5,0.427,-0.496,0.0,1,0.688,1,7,0.884,6,2,1.181,0.51,0,1.848,5,1.239,1.0,4.13,1,2,3,3.653,4,1,0,0.13,3,2,4,0
3,0,0,5,0,7,0,0,2,1,1,1,0,2.101,0,7,5,5,3.508,4.87,0.0,2,4.831,4,0,4.883,0,6,4.431,2.47,3,1.268,2,4.7,2.0,3.05,3,7,3,3.479,5,0,0,4.063,2,4,2,0
6,0,4,2,0,3,2,5,2,3,7,0,0,4.325,3,2,4,3,1.639,-0.303,0.0,4,1.77,3,5,2.647,0,4,3.973,1.74,0,0.333,7,1.328,1.0,3.88,4,2,6,5.456,1,2,5,0.916,6,3,4,0
3,1,4,4,0,5,0,0,7,7,3,2,5,3.421,5,2,4,3,0.436,-0.764,0.0,3,0.686,7,2,-1.263,7,2,-0.823,4.35,2,-2.154,7,-0.316,0.0,4.04,4,4,1,0.312,6,2,2,-1.13,3,7,0,0
0,0,6,6,1,1,2,0,3,2,0,2,0,3.722,2,6,6,7,2.22,5.686,0.0,3,-0.638,3,4,0.767,3,2,1.531,1.66,4,-0.203,6,2.689,1.0,2.55,0,6,4,0.023,3,7,0,1.26,6,5,3,0
2,6,0,6,1,3,2,1,1,2,1,1,1,2.418,6,5,1,4,2.145,2.707,0.0,5,1.1,3,4,1.158,4,4,2.784,2.69,6,0.08,7,0.889,2.0,8.19,2,5,5,0.556,7,6,1,3.592,2,1,3,1
2,2,5,7,0,3,2,5,2,4,4,6,6,-1.544,3,0,7,6,-0.115,-2.995,0.0,0,-1.354,3,4,0.988,5,4,-2.681,4.6,6,0.9,6,-0.494,-0.0,5.83,6,7,6,2.097,7,4,7,-0.021,6,4,6,0
4,5,0,4,0,7,2,5,1,4,5,6,4,-2.402,7,3,5,2,0.689,-0.047,0.0,6,2.195,1,4,4.268,0,7,0.924,3.36,3,-1.132,4,0.505,1.0,4.01,7,5,6,0.675,1,1,7,0.29,7,1,7,0
1,2,7,5,0,2,7,2,4,7,1,5,4,-4.292,4,3,2,5,0.376,3.583,0.0,6,1.05,5,6,0.929,7,1,2.057,2.54,0,-0.453,3,0.291,1.0,4.17,3,0,6,-0.046,3,0,7,1.738,1,6,3,0
7,4,4,6,1,4,3,2,5,1,6,1,5,6.263,2,5,3,1,5.416,2.608,0.0,5,7.527,1,0,6.519,4,6,4.115,3.13,5,-0.272,6,5.124,2.0,3.73,0,2,2,7.995,3,6,7,9.183,3,0,7,0
4,4,6,5,1,2,5,6,0,0,6,2,5,1.622,4,3,6,5,3.338,1.774,0.0,3,2.564,0,3,2.406,1,1,5.355,1.79,3,-0.534,6,3.073,2.0,4.86,3,0,5,5.97,7,0,2,1.204,1,6,5,0
6,3,5,2,0,5,3,7,2,6,1,7,4,2.647,1,2,4,0,0.925,2.667,0.0,0,-0.23,1,6,1.391,4,4,1.447,4.81,0,-1.19,0,0.408,2.0,1.91,2,5,3,-2.538,6,7,3,1.8,2,5,6,0
6,6,4,4,0,0,2,3,6,4,3,4,5,1.126,4,3,3,0,0.111,-1.321,0.0,7,2.419,6,5,-0.986,2,0,1.271,1.88,0,-0.408,2,-1.125,-0.0,3.72,1,2,2,-1.497,1,7,7,3.168,5,7,7,0
3,5,3,4,0,6,0,3,2,0,4,2,7,-0.096,2,6,4,3,0.448,-0.536,0.0,0,0.434,1,0,2.075,3,0,1.706,4.32,1,1.779,5,-0.149,0.0,5.83,1,1,7,0.371,4,3,5,0.164,3,2,6,0
3,2,5,0,0,2,6,6,6,0,6,0,5,3.314,5,3,0,1,0.289,6.208,0.0,7,2.396,4,3,0.682,1,1,2.045,4.26,2,-0.096,3,0.135,1.0,1.65,7,2,5,1.523,1,6,1,4.928,1,3,2,0
4,2,5,4,1,6,2,6,3,0,2,7,7,1.665,2,7,4,3,3.731,4.216,0.0,0,2.175,2,0,2.569,6,7,2.493,2.3,7,-1.095,4,3.93,2.0,3.87,7,5,6,5.413,1,5,0,1.653,6,6,7,0
4,3,0,6,0,0,6,4,5,4,3,7,2,-0.304,1,2,3,6,0.704,1.451,0.0,5,2.807,3,4,0.859,5,5,-0.069,2.78,3,-1.393,5,0.818,1.0,4.26,1,1,7,0.298,4,4,6,0.954,1,5,1,0
7,0,2,4,0,0,3,3,0,5,3,2,7,-0.293,2,2,0,4,0.104,-2.204,0.0,6,1.644,3,2,-0.738,1,2,-0.343,1.37,1,0.276,3,0.281,-0.0,5.56,4,7,1,4.225,4,0,0,4.73,3,1,0,0
7,1,1,1,0,7,5,7,6,4,2,2,1,-0.069,6,4,3,1,1.382,-0.108,0.0,3,1.349,3,2,-1.509,1,1,2.326,2.64,7,-0.402,4,2.364,2.0,4.23,6,6,2,3.84,4,6,7,2.76,2,2,6,0
4,6,4,4,0,2,2,5,5,1,4,2,2,-1.345,6,0,7,1,2.226,1.265,0.0,0,2.12,7,1,3.064,2,4,2.111,2.69,3,-0.724,2,2.147,2.0,3.68,0,6,0,1.472,3,6,5,5.654,1,5,2,0
2,7,5,0,0,2,1,6,2,0,6,3,6,-0.116,6,4,1,1,1.121,2.291,0.0,7,-0.446,4,2,-2.153,7,1,0.339,2.67,1,1.044,6,0.353,1.0,4.45,0,0,2,0.921,4,5,2,-0.3,3,6,0,0
1,3,1,1,0,7,0,0,1,6,3,7,1,2.642,6,7,2,5,1.118,3.637,0.0,1,-0.676,2,1,2.843,3,1,-1.282,4.7,1,0.809,0,0.534,1.0,3.95,5,6,3,2.373,7,5,3,2.082,6,2,4,0
6,2,6,1,0,0,4,3,6,6,2,7,4,-5.034,1,7,5,5,0.633,6.034,0.0,2,-2.713,0,5,-1.164,5,5,1.366,3.23,6,1.258,0,0.349,0.0,4.71,4,0,7,-0.69,4,2,7,-0.612,0,0,4,0
2,4,1,6,0,2,0,3,5,0,2,0,0,-2.007,7,2,5,0,1.263,-1.036,0.0,2,1.572,5,1,1.053,1,5,3.618,3.02,0,0.027,6,1.154,-0.0,2.64,4,6,4,-1.711,5,7,1,0.486,5,6,7,0
4,5,4,2,0,2,5,6,6,5,6,2,1,2.065,6,1,4,1,1.222,3.035,0.0,5,-0.687,6,4,5.463,2,4,0.734,0.25,5,-1.486,4,0.846,1.0,4.46,3,5,6,0.837,1,0,5,5.524,1,1,2,0
3,6,6,2,0,1,3,7,7,7,0,4,5,2.765,4,3,4,2,1.343,2.402,0.0,1,0.953,3,6,1.66,4,6,-0.069,5.22,7,-0.5,1,0.409,1.0,6.07,5,5,6,4.28,1,4,1,0.806,5,2,2,0
6,5,6,2,0,0,6,7,2,4,1,7,3,2.314,1,4,3,0,1.466,2.84,0.0,3,0.724,5,5,2.779,1,5,1.937,-1.59,6,0.47,7,2.079,1.0,5.38,4,2,0,-1.718,6,3,5,-0.93,5,3,3,0
0,0,3,5,0,5,6,1,2,2,1,0,4,3.751,1,7,0,2,2.548,1.657,0.0,5,3.049,1,0,4.103,6,5,1.637,3.54,5,-0.128,4,2.201,2.0,5.42,1,2,5,4.383,2,5,5,7.921,4,3,2,0
7,6,1,4,0,2,5,2,4,0,6,3,4,3.951,4,6,4,2,2.072,2.495,0.0,5,1.862,2,4,2.522,2,0,0.088,3.12,7,-0.954,4,3.201,2.0,4.44,2,4,3,3.273,4,3,6,3.535,2,1,0,0
1,3,2,7,0,4,3,5,6,2,5,6,0,0.155,6,6,7,2,0.231,0.004,0.0,2,0.616,2,2,4.13,7,3,-0.417,0.94,0,0.268,2,0.667,0.0,5.35,5,0,6,-1.944,4,6,3,-1.138,4,3,5,0
6,1,4,2,0,5,6,7,4,7,7,4,5,0.814,5,1,7,6,0.547,-0.419,0.0,7,0.002,2,0,3.38,2,5,3.188,2.04,5,0.637,7,0.965,0.0,2.12,1,3,2,2.809,5,5,5,0.011,7,0,1,0
2,2,6,1,1,7,0,5,7,0,1,7,3,0.075,6,1,5,7,1.582,6.106,0.0,1,-0.695,3,5,3.554,5,3,1.515,3.68,7,2.047,2,2.603,2.0,2.33,4,0,4,3.082,0,1,5,1.154,3,6,4,0
1,3,5,2,1,0,3,0,0,6,0,3,3,3.915,6,1,4,3,3.114,1.572,0.0,4,1.891,7,3,1.559,3,7,4.272,3.84,4,1.538,3,2.623,2.0,4.55,1,1,1,1.553,0,2,7,-1.882,6,7,6,1
1,4,4,3,0,0,6,7,1,2,2,6,0,1.699,3,2,3,1,1.75,3.441,0.0,5,1.762,0,2,0.716,3,2,-0.335,4.08,7,-0.186,2,2.063,0.0,6.36,6,1,7,2.987,2,3,6,4.905,7,1,5,0
2,3,6,0,0,1,6,1,0,5,0,6,7,-1.323,3,4,1,5,2.046,5.915,0.0,5,1.296,6,2,1.497,4,1,0.428,4.48,0,-1.284,1,1.474,2.0,2.76,0,6,6,-0.068,1,0,3,1.98,2,2,1,0
5,2,5,5,0,5,4,2,6,2,7,3,5,1.726,3,6,2,4,3.472,4.905,0.0,7,1.885,5,3,3.116,1,3,1.207,0.87,4,1.808,4,3.509,2.0,3.73,5,2,7,5.228,4,1,5,1.708,2,0,1,0
2,7,5,3,0,7,4,2,6,2,6,7,7,1.868,6,0,0,0,0.45,0.498,0.0,0,-0.104,2,2,1.004,2,5,1.103,3.5,7,-0.749,2,1.616,-0.0,3.51,7,0,7,-2.269,2,1,4,-1.859,0,2,1,0
2,0,1,5,0,6,4,0,0,7,6,7,6,5.08,4,5,7,7,1.042,3.751,0.0,0,2.074,7,1,0.283,3,4,0.338,4.5,0,0.458,7,1.759,0.0,4.73,0,4,0,4.059,1,4,5,0.475,3,7,7,0
1,7,6,6,0,7,0,7,7,2,1,4,5,5.821,5,0,4,3,1.417,3.484,0.0,5,1.55,5,4,-1.503,3,1,3.771,4.24,0,0.345,4,0.588,-0.0,2.57,6,0,7,3.174,3,4,1,-1.405,3,4,6,0
0,7,5,7,0,5,4,3,7,2,5,2,7,1.719,3,0,3,0,0.667,-1.438,0.0,6,1.904,0,6,-0.657,7,4,1.872,4.22,5,2.26,1,1.256,1.0,5.68,3,6,4,-1.105,6,5,2,1.939,6,7,7,0
6,3,6,7,0,4,5,0,5,4,4,3,4,-0.428,5,0,3,5,0.039,-0.358,0.0,1,1.909,3,5,1.829,6,5,-0.525,2.76,1,0.599,6,0.209,1.0,3.57,5,1,7,0.224,6,3,0,-3.209,3,3,0,0
2,0,7,1,0,0,6,6,1,2,6,7,3,-2.577,6,6,0,1,0.918,-4.247,0.0,1,-1.578,4,6,-1.499,1,1,0.296,3.42,4,0.247,2,0.278,0.0,4.76,0,0,1,1.548,1,5,7,0.207,5,6,0,0
4,2,4,3,0,2,7,0,2,1,0,2,1,2.21,2,6,1,1,0.931,0.713,0.0,7,-0.157,0,6,-1.877,2,3,0.61,0.93,7,0.94,2,1.304,-0.0,3.9,3,1,2,4.158,6,1,6,3.385,0,0,7,0
7,1,7,4,0,7,0,5,0,6,7,1,7,0.314,7,0,5,0,1.794,4.394,0.0,5,2.133,6,0,2.896,7,0,-0.075,1.81,1,-0.304,0,1.875,1.0,4.43,4,7,6,-0.095,0,1,4,0.644,4,1,0,0
4,3,1,7,0,7,7,6,2,1,4,4,5,-2.824,5,1,5,6,0.039,-0.187,0.0,6,0.281,3,7,2.433,7,3,-0.235,3.83,2,1.375,1,0.643,1.0,3.75,0,4,2,0.289,4,4,5,0.549,0,5,4,0
2,7,1,5,0,3,0,0,4,3,0,4,7,3.915,6,1,7,2,1.898,1.349,0.0,1,2.01,2,4,1.413,1,0,5.157,2.74,4,-1.808,5,0.933,1.0,7.58,2,4,6,2.458,2,5,6,1.587,3,0,7,0
4,0,0,3,1,4,5,6,3,6,5,6,5,0.004,4,6,7,2,2.277,-2.676,0.0,3,3.482,3,6,5.735,3,6,1.916,2.18,0,0.175,2,1.591,1.0,4.69,4,7,2,5.508,2,7,5,3.339,2,2,7,0
7,3,0,7,0,7,6,7,6,0,0,7,2,-0.436,1,0,1,5,0.981,-0.481,0.0,0,0.173,6,3,2.473,2,1,1.303,1.91,2,-0.912,6,1.182,-0.0,2.18,6,2,5,-1.426,5,7,4,1.364,0,7,1,0
6,5,3,6,0,7,5,2,6,2,6,6,6,-0.196,1,1,3,4,1.415,2.873,0.0,3,0.871,5,2,-0.943,5,4,5.426,3.13,3,-1.166,2,0.578,0.0,2.97,7,4,0,2.649,7,5,4,5.646,6,7,5,0
5,0,4,1,0,1,2,7,5,1,5,2,4,-3.621,5,3,6,1,0.499,1.622,0.0,5,-0.776,0,2,-1.297,7,2,-1.816,3.02,0,0.809,0,-0.411,1.0,3.94,0,5,2,-1.489,1,0,1,0.293,4,2,0,0
7,6,7,0,0,7,2,1,5,4,0,0,7,1.396,5,1,4,0,-0.319,1.854,0.0,4,-0.111,7,1,1.332,4,5,0.787,2.07,3,-0.536,1,0.783,0.0,3.99,7,0,5,-1.11,7,1,6,1.115,5,0,0,0
1,6,7,7,0,2,6,0,5,4,7,6,5,4.281,0,6,3,3,0.896,4.768,0.0,7,3.892,6,1,-0.123,2,5,-1.033,2.22,3,0.965,3,2.954,2.0,4.72,3,1,0,-0.37,3,1,0,2.264,3,2,7,0
4,1,1,6,0,1,2,6,1,4,0,2,4,-1.764,2,2,7,7,1.223,0.495,0.0,1,-1.069,2,5,2.269,0,3,3.664,0.94,2,1.43,4,0.187,1.0,5.34,4,2,7,-1.596,5,7,6,-0.125,7,7,6,0
7,0,0,7,0,2,6,4,7,1,1,3,3,2.602,4,2,6,7,-0.001,3.971,0.0,5,-0.239,3,7,1.527,3,5,0.965,5.18,0,-0.169,6,1.193,1.0,4.61,5,0,2,-0.415,2,5,0,0.41,0,3,1,0
5,1,0,4,1,5,0,7,0,2,1,1,3,-2.897,1,4,4,4,2.231,-0.591,0.0,2,0.554,4,4,3.436,2,3,1.65,3.42,6,-0.452,2,1.938,1.0,2.93,0,2,7,4.772,4,5,5,0.131,2,1,0,0
4,6,0,5,1,4,1,7,7,3,3,2,0,2.189,5,1,2,4,3.518,4.254,309.0,2,6.168,7,3,1.531,4,4,3.95,4.46,2,0.671,4,3.194,1.0,4.24,3,6,6,2.335,3,1,4,2.48,6,2,4,1
3,3,0,3,0,5,5,3,3,6,6,2,0,-1.538,3,1,3,3,0.289,-2.272,0.0,0,-1.243,4,1,-2.403,1,1,-0.426,3.96,4,-1.076,1,0.533,1.0,7.58,1,5,7,2.326,5,6,3,2.231,2,5,6,0
2,3,3,6,0,7,6,6,2,5,5,7,1,3.254,4,0,2,4,1.373,2.514,0.0,4,3.223,6,1,2.474,5,2,2.636,4.91,0,-0.186,4,-0.186,1.0,3.66,4,2,1,0.162,2,3,3,1.406,6,5,3,0
2,7,3,7,1,1,5,3,6,1,2,0,5,1.026,3,4,1,2,2.152,2.46,0.0,1,1.773,3,7,-3.434,7,4,1.806,3.73,2,0.793,5,1.139,1.0,4.38,3,6,0,2.801,5,2,5,-1.375,0,7,0,0
1,4,6,5,1,6,7,4,6,5,4,3,7,2.621,3,2,6,6,3.345,3.671,0.0,2,2.348,0,4,1.965,6,4,2.498,4.53,7,1.156,1,4.149,2.0,4.17,3,3,4,0.948,5,3,7,4.029,7,2,5,0
0,4,5,1,0,2,1,1,7,2,1,3,5,-1.44,3,7,7,7,-0.216,3.572,0.0,0,-0.94,1,1,-3.482,4,7,0.349,4.44,4,-0.302,3,-0.782,0.0,3.89,7,5,1,-2.444,1,7,1,1.158,1,5,4,0
4,4,0,6,1,5,6,0,5,2,4,0,2,2.941,3,6,1,3,2.74,2.209,0.0,7,1.852,7,4,-0.06,1,5,1.039,5.33,5,0.054,5,1.926,1.0,8.02,4,2,6,-2.0,3,3,2,4.007,1,2,6,0
0,0,0,5,0,6,2,6,3,2,0,1,6,-0.579,3,6,1,1,0.458,-3.406,0.0,7,0.055,1,7,1.48,1,4,0.622,2.14,5,1.693,6,0.732,1.0,5.31,4,5,3,4.14,7,4,6,-1.699,6,3,1,0
3,6,0,7,0,1,6,1,1,2,6,4,3,3.614,4,0,7,2,0.931,3.026,0.0,2,1.54,1,4,0.162,3,3,-0.288,4.73,4,0.827,6,0.884,0.0,0.73,7,4,7,-0.216,1,6,5,0.868,2,5,2,0
0,2,4,5,0,6,2,0,0,5,4,4,1,-1.477,4,3,1,2,1.974,5.539,0.0,6,-0.313,7,1,0.805,3,6,-1.647,1.75,2,-0.732,3,3.177,2.0,3.96,1,5,5,4.179,1,7,1,0.815,1,1,3,0
0,0,6,2,0,5,4,2,0,0,2,2,3,0.191,0,2,1,3,0.388,-1.831,0.0,2,1.409,5,0,-2.865,5,6,1.376,4.15,5,-0.241,6,1.235,0.0,6.0,6,0,7,1.105,5,3,1,2.687,6,5,7,0
5,6,6,1,0,5,3,0,0,6,3,4,2,0.177,6,5,6,7,1.108,-0.889,0.0,5,1.641,7,7,3.1,1,3,-0.297,4.26,2,-0.937,4,2.076,0.0,3.82,3,5,0,1.689,0,2,1,3.034,1,0,0,0
5,7,4,5,0,0,6,1,5,0,5,0,6,3.151,1,3,0,4,1.4,4.971,0.0,3,0.661,3,3,0.445,2,2,1.11,2.47,6,0.917,3,1.319,1.0,7.25,5,5,2,2.75,4,5,0,0.73,4,2,1,0
6,2,1,0,0,4,3,7,6,3,2,6,2,2.567,4,4,1,0,1.468,2.356,0.0,1,2.881,2,2,-0.747,1,2,3.012,3.39,0,1.373,7,0.871,1.0,4.66,3,6,0,3.498,6,6,1,2.213,2,4,4,0
7,4,2,4,0,7,4,6,0,4,2,7,4,5.898,0,0,2,5,1.613,2.04,894.48,5,3.951,6,6,2.521,1,6,1.751,3.09,0,-1.015,4,1.312,0.0,6.08,5,7,3,1.255,0,4,4,-1.499,7,0,6,1
5,6,1,1,0,3,3,1,1,5,6,1,0,1.965,3,7,0,5,1.748,1.675,0.0,6,2.921,1,6,1.013,1,2,3.032,3.78,7,0.143,0,2.314,2.0,1.31,7,4,3,0.627,6,3,6,6.61,1,7,7,0
4,1,6,1,0,1,5,1,0,7,1,7,7,7.302,7,3,5,3,2.024,0.644,791.19,5,0.034,7,5,1.496,4,4,4.438,5.77,7,-0.928,0,3.354,2.0,6.8,4,1,4,2.211,5,1,6,2.917,0,1,5,1
4,1,4,0,0,1,5,0,2,6,1,7,0,5.643,0,4,6,3,2.032,5.395,0.0,6,2.165,1,5,4.191,0,3,1.886,1.82,3,-0.173,4,1.185,1.0,4.94,4,4,7,1.169,0,7,0,4.377,4,2,0,0
4,0,5,0,0,1,5,5,0,2,5,2,0,1.269,2,5,0,2,1.533,-0.346,0.0,6,3.037,0,2,-0.711,1,2,0.236,1.38,3,-1.024,5,1.407,2.0,6.74,0,7,4,2.972,1,1,2,0.168,5,3,3,0
4,5,1,3,0,5,2,7,0,5,7,0,1,-0.263,7,6,7,5,0.412,3.454,0.0,2,1.46,1,6,0.445,3,4,0.203,4.15,4,-0.402,2,1.219,1.0,1.64,7,0,2,0.446,4,2,0,2.901,5,3,0,0
7,7,6,5,0,0,4,4,3,4,2,3,0,1.826,4,7,6,1,0.966,2.501,0.0,2,1.303,1,1,0.11,7,0,1.617,1.92,4,0.286,4,0.652,1.0,3.22,4,6,4,1.14,6,4,7,-0.395,2,4,7,0
1,1,4,1,0,7,6,7,6,2,1,4,2,2.336,1,4,7,3,1.174,0.387,0.0,0,1.976,5,5,1.58,2,1,0.52,3.34,5,1.509,0,1.267,1.0,3.67,1,2,0,0.596,7,7,6,3.339,4,6,2,0
3,4,6,3,1,7,1,5,4,6,1,1,4,1.758,0,1,0,2,2.805,2.277,0.0,3,2.651,0,1,1.11,0,3,3.962,3.02,4,0.479,2,3.377,2.0,3.85,2,5,0,3.494,6,2,4,2.153,0,4,7,0
3,4,2,4,0,5,7,0,3,3,4,1,3,0.098,6,0,6,5,1.25,2.648,0.0,2,1.926,3,7,-1.085,0,0,-0.035,3.11,4,0.919,4,1.296,1.0,3.09,0,7,0,2.298,0,5,3,-0.14,2,5,4,0
2,0,1,1,0,6,5,3,3,7,3,2,1,0.955,0,2,5,7,1.079,3.446,0.0,5,1.347,5,2,-1.472,1,4,2.045,2.85,2,-0.913,0,0.485,-0.0,5.22,1,5,2,-1.191,6,4,5,3.389,3,3,4,0
2,3,0,5,0,4,4,3,4,5,5,5,7,-1.627,1,0,1,7,0.278,-1.119,0.0,7,1.127,0,4,-0.984,0,4,0.229,1.93,6,-0.613,6,0.165,0.0,5.97,1,2,6,0.764,0,4,4,-1.134,7,5,3,0
7,4,0,6,0,3,7,5,5,4,0,7,7,1.442,5,6,6,6,1.362,2.583,0.0,6,0.487,2,5,2.777,7,3,1.005,1.67,0,1.437,3,1.388,0.0,5.6,0,1,5,0.448,7,2,0,-3.65,4,4,3,0
6,0,4,5,0,6,0,3,6,5,4,0,7,1.122,2,6,3,0,0.612,-0.124,0.0,4,1.252,7,1,2.461,7,1,2.654,4.19,2,1.328,4,0.805,1.0,4.51,6,1,4,-2.486,7,1,6,0.688,5,2,5,0
2,2,4,5,0,6,4,2,5,5,3,6,3,7.393,1,5,7,5,1.623,-0.39,0.0,7,1.79,7,5,0.234,2,0,2.791,2.21,1,0.94,5,3.225,1.0,4.58,2,5,7,4.378,2,4,4,2.928,2,5,3,0
2,4,3,6,0,2,1,5,2,2,7,5,7,-0.707,6,7,3,4,0.833,1.085,0.0,6,0.143,2,0,0.249,3,4,-0.134,5.24,1,0.038,7,0.638,1.0,3.29,2,7,3,0.147,4,0,5,2.689,2,3,6,0
4,0,6,3,0,1,1,6,0,2,0,0,0,2.5,6,2,4,0,0.492,-1.644,0.0,2,-1.692,2,1,-3.517,0,3,1.377,4.44,4,-1.424,1,0.495,-0.0,2.69,0,2,0,-0.911,5,5,6,0.087,7,4,3,0
4,5,7,5,0,2,0,3,5,4,3,6,3,0.378,7,0,1,1,0.251,2.499,0.0,0,0.99,0,7,2.266,2,4,-0.546,4.89,7,-1.568,6,0.67,1.0,3.0,2,6,7,-2.056,5,0,7,0.899,0,0,0,0
0,0,3,5,0,2,1,6,4,7,2,7,2,3.539,3,3,2,2,2.736,8.148,0.0,5,0.67,7,2,-0.997,2,0,1.935,3.37,6,-0.452,5,1.44,1.0,5.99,6,6,2,2.798,6,5,2,1.534,3,2,5,0
6,5,6,2,0,6,2,6,1,6,7,1,0,0.209,0,0,3,2,1.625,0.147,0.0,3,0.907,7,0,2.264,4,4,2.307,3.72,4,-0.726,6,1.004,0.0,5.66,2,6,4,-0.418,6,3,7,0.05,4,0,4,0
4,3,4,4,0,3,7,4,4,6,1,3,1,3.064,4,1,2,7,1.623,2.704,0.0,0,1.917,1,0,3.465,1,3,1.224,3.77,2,0.936,1,0.83,1.0,1.54,4,1,5,-0.346,3,0,7,3.547,7,1,2,0
2,4,4,3,0,4,1,4,0,7,4,1,2,0.499,4,0,3,6,2.691,3.178,0.0,5,2.274,0,3,3.035,4,2,4.318,3.69,0,-0.114,7,1.697,1.0,5.75,6,7,6,6.94,6,7,6,2.42,0,1,1,0
1,7,4,0,0,1,3,1,3,2,0,2,1,2.979,6,3,4,6,0.285,2.275,0.0,5,-0.248,2,0,1.775,0,7,2.2,3.79,3,1.076,2,0.783,0.0,4.95,1,4,0,2.018,0,1,4,-1.989,7,7,0,0
6,2,3,6,0,3,5,7,7,4,5,2,0,-0.31,1,0,1,0,1.271,3.759,0.0,5,1.087,2,3,1.996,4,5,0.588,3.0,3,-0.028,6,0.885,1.0,2.91,0,2,6,2.118,0,2,5,0.823,1,7,0,0
4,7,5,6,1,4,7,6,3,1,4,2,7,1.543,4,6,3,5,3.093,5.186,0.0,7,2.021,5,7,7.544,1,4,3.274,1.89,3,-0.702,0,2.814,1.0,2.44,5,3,5,2.611,7,6,2,0.795,1,6,0,0
2,2,7,4,0,7,7,0,3,7,4,4,1,-0.297,1,6,3,1,0.666,-2.113,0.0,3,0.003,3,1,-3.08,5,5,0.827,3.14,6,0.347,0,0.327,0.0,3.75,2,0,5,0.893,6,5,1,2.062,2,6,6,0
5,7,5,5,0,2,2,6,6,0,0,7,0,3.325,2,2,1,0,0.488,-0.579,0.0,4,0.513,2,1,1.838,5,6,0.214,3.55,1,-0.48,6,0.798,1.0,4.35,2,5,1,-3.072,5,6,3,-2.956,6,5,0,0
2,6,3,0,0,5,0,7,1,1,6,2,4,3.612,0,6,1,3,1.734,3.732,0.0,2,1.707,3,5,-2.227,5,4,-0.148,4.14,2,0.074,6,1.215,1.0,7.33,7,2,7,-3.921,5,3,4,-0.142,3,0,2,1
2,0,1,0,0,6,2,4,3,4,5,0,0,3.933,2,1,6,0,0.788,2.771,0.0,2,-0.153,6,0,2.733,6,3,3.106,4.24,3,-0.181,1,2.37,1.0,7.21,2,5,1,-2.501,4,7,1,-2.852,5,1,4,0
5,3,1,0,0,2,5,3,2,3,3,0,5,-0.127,6,2,4,3,-0.277,-0.749,0.0,4,-1.955,2,2,2.035,7,3,-0.647,-0.88,3,-0.403,7,0.315,-0.0,1.88,3,7,3,-1.07,0,0,5,-0.001,1,6,7,0
5,0,2,2,1,3,2,2,2,2,0,4,6,2.093,0,0,2,1,3.089,3.288,0.0,1,2.685,3,4,1.467,7,6,3.179,5.71,2,1.804,2,2.203,2.0,6.77,5,6,7,3.981,5,6,1,2.231,7,5,7,1
6,0,1,2,0,1,2,2,5,4,5,0,2,2.876,4,2,2,5,0.649,0.244,0.0,5,1.375,1,5,0.866,7,7,2.196,2.3,0,0.159,7,-0.178,1.0,5.33,0,0,7,-2.694,0,1,5,3.603,5,3,1,0
4,7,7,3,0,0,2,1,3,4,2,0,2,0.933,3,5,2,2,0.096,-2.621,0.0,2,-1.577,5,4,0.981,6,4,0.993,5.08,7,0.208,2,1.353,1.0,6.91,4,1,4,1.772,7,2,7,-2.046,2,4,7,0
1,7,7,7,0,5,0,6,0,5,0,7,7,2.153,7,6,5,3,0.973,-0.963,0.0,2,1.216,5,6,3.042,6,5,1.36,1.53,3,0.752,7,0.488,0.0,3.63,1,2,0,-0.29,6,2,0,2.252,1,3,6,0
1,5,5,7,0,2,7,4,2,6,1,6,6,-4.079,7,0,4,4,0.806,-1.897,0.0,4,0.278,2,6,-2.475,5,2,2.355,2.62,2,-0.904,1,1.403,0.0,6.33,4,7,3,1.806,4,0,4,1.129,3,2,5,0
3,4,3,6,0,1,6,2,6,1,0,2,1,0.484,7,0,5,1,0.592,0.302,0.0,5,1.157,0,4,-2.776,3,7,1.048,0.65,5,1.26,5,1.518,1.0,2.45,0,5,0,6.267,3,5,6,3.647,4,6,7,0
6,0,5,5,0,0,3,5,6,7,5,4,0,1.086,6,7,5,2,0.367,-2.163,0.0,7,2.086,4,7,-0.79,7,3,1.127,2.73,7,0.313,5,0.781,1.0,1.13,3,6,5,-0.64,3,2,3,1.127,7,2,5,0
7,4,5,1,0,5,4,0,7,0,2,6,4,5.261,0,6,3,3,0.944,1.972,0.0,6,2.6,5,6,0.206,5,3,1.62,2.81,7,-0.245,0,0.097,1.0,2.11,5,4,0,0.916,7,5,7,4.276,4,6,7,0
6,3,0,1,0,2,5,6,1,5,4,2,1,4.675,1,7,4,6,0.937,4.169,0.0,1,1.401,2,3,2.65,4,3,1.012,5.33,1,0.241,3,1.639,1.0,4.34,7,4,4,0.231,6,5,1,1.117,2,2,2,0
3,3,2,5,0,0,0,6,3,4,2,4,1,4.417,6,4,0,7,1.714,1.632,0.0,5,1.161,3,3,0.509,4,2,2.822,3.3,1,0.741,4,2.232,1.0,2.85,3,2,5,1.326,5,7,5,0.769,6,0,1,0
3,5,1,1,1,5,3,6,7,7,5,3,5,1.952,3,6,0,3,2.37,3.63,0.0,5,3.594,1,5,3.427,4,6,0.472,2.88,6,0.332,2,1.593,2.0,4.78,1,7,0,0.776,4,2,0,2.689,6,7,0,0
7,1,0,7,0,0,0,4,4,3,2,6,5,-1.812,2,4,3,3,0.83,0.439,0.0,5,-0.463,0,0,-2.275,6,1,-0.111,3.62,2,0.494,3,1.001,1.0,4.7,0,6,0,0.935,6,4,0,1.607,2,1,2,0
6,4,3,3,1,4,0,3,3,7,4,3,5,4.378,5,5,4,7,2.693,4.602,0.0,2,4.776,7,3,1.793,2,7,4.062,2.02,7,-0.637,1,2.486,2.0,4.4,2,6,5,2.91,7,3,1,1.221,4,4,5,0
3,6,1,6,0,6,7,5,2,3,1,5,7,2.125,6,2,2,4,1.309,-1.726,0.0,6,-0.579,2,7,0.682,0,2,0.803,2.4,3,0.401,6,1.111,1.0,4.55,5,1,7,0.023,4,5,3,0.755,0,0,3,0
0,0,0,0,0,1,5,3,6,0,1,5,3,-2.612,2,3,7,1,0.744,0.281,0.0,4,1.335,0,4,-1.224,4,1,1.688,2.27,3,0.306,4,0.934,1.0,3.57,3,7,5,0.349,1,5,1,3.722,5,7,6,0
3,2,5,3,0,5,5,6,3,1,2,4,3,-0.064,2,7,4,7,2.704,4.827,0.0,2,1.239,3,6,1.904,7,2,3.606,2.72,3,-1.11,5,2.276,1.0,5.43,5,6,2,2.95,5,5,4,2.223,7,7,3,0
7,0,1,2,0,2,7,5,1,7,4,4,2,-1.084,1,6,7,5,1.384,-0.079,0.0,5,4.445,7,1,0.152,0,5,4.175,1.27,4,0.208,7,1.232,1.0,6.29,3,6,1,2.839,0,3,3,3.024,6,0,1,0
0,2,4,3,0,7,6,5,3,4,4,7,6,2.719,3,2,7,7,1.355,1.322,0.0,5,2.49,1,4,4.463,3,2,3.788,4.7,5,0.96,3,0.706,1.0,2.83,3,1,0,0.001,5,1,7,2.761,4,3,6,0
3,2,2,5,0,4,3,7,4,1,5,6,4,0.52,0,3,4,6,2.286,3.214,696.26,2,3.691,1,6,1.494,5,5,1.717,2.87,6,0.359,3,1.814,1.0,8.11,3,4,7,1.833,2,1,7,3.249,1,0,1,1
3,2,5,7,0,2,6,1,5,4,0,7,7,2.819,4,3,5,1,0.581,1.216,0.0,2,-0.492,7,5,-3.11,1,2,0.359,2.33,5,-0.225,4,0.563,1.0,2.31,0,2,1,-2.849,0,4,5,-0.728,1,2,5,0
2,0,2,1,0,7,3,3,1,3,4,2,2,-0.67,0,7,0,3,1.059,-0.95,0.0,5,-0.832,5,1,-1.207,4,5,1.191,5.46,4,0.887,6,-0.275,0.0,1.61,5,4,5,1.824,1,4,1,2.879,5,2,2,0
4,1,4,5,0,6,3,4,7,0,7,6,1,0.488,0,0,0,5,1.608,-0.584,0.0,3,0.664,4,2,3.144,7,5,-0.2,3.6,5,1.141,5,1.776,0.0,5.59,1,5,0,4.02,2,3,5,-0.019,2,4,0,0
6,1,1,3,0,4,1,1,1,6,4,6,2,2.285,0,4,0,3,1.815,1.453,0.0,3,1.848,1,1,0.976,6,5,1.626,2.06,2,-0.471,6,1.386,1.0,3.29,1,5,1,3.295,3,3,3,2.341,0,0,1,0
0,2,5,2,0,3,4,4,1,2,5,6,3,1.984,3,0,6,3,-0.18,0.242,0.0,4,-1.019,0,3,0.97,1,5,-1.345,3.18,0,-0.553,4,-0.273,0.0,3.73,6,0,1,3.367,5,0,7,2.899,0,5,4,0
6,5,1,2,1,6,3,5,0,4,3,2,7,1.808,5,3,4,4,3.127,-0.438,0.0,4,4.2,4,1,0.276,7,3,6.218,5.81,1,-0.321,0,2.689,3.0,5.79,1,7,3,1.127,5,4,4,5.38,7,6,2,1
5,0,2,2,0,7,3,7,1,1,6,7,2,0.385,3,2,2,2,1.011,-1.086,0.0,1,0.094,2,2,-0.947,5,5,-0.048,3.73,0,-1.728,4,0.366,1.0,5.36,3,6,3,2.047,7,2,2,3.691,3,6,6,0
6,6,6,7,0,3,6,2,2,4,2,4,4,-1.704,1,6,1,1,0.301,0.203,0.0,5,0.417,7,5,1.016,0,1,-0.211,3.54,6,-0.128,4,0.538,1.0,5.62,0,2,6,0.538,4,4,2,0.181,1,1,4,0
5,2,1,3,0,2,2,1,5,5,1,5,4,-6.724,5,6,3,1,0.493,4.951,0.0,7,-0.332,6,6,-1.096,1,2,-0.433,3.0,7,0.232,0,0.499,0.0,5.85,3,5,1,-1.912,2,6,6,-0.094,0,3,3,0
1,1,2,3,1,7,1,5,7,6,4,1,7,2.188,3,3,3,6,5.124,5.478,0.0,2,5.587,0,4,5.199,2,1,6.244,3.15,7,-0.893,7,4.527,2.0,5.84,2,2,5,2.456,2,7,7,3.817,1,4,4,1
0,7,7,6,1,6,2,1,3,2,7,2,5,3.546,2,7,3,5,4.444,5.173,263.47,0,4.255,6,5,4.422,4,1,5.641,5.93,4,-1.064,2,5.014,3.0,10.62,6,4,1,5.723,1,4,2,3.944,4,0,1,1
6,3,3,7,0,1,3,4,7,4,7,0,4,-1.572,4,5,4,7,0.824,0.817,0.0,0,1.571,5,1,1.312,3,1,2.796,5.03,6,-0.451,3,1.457,0.0,6.9,3,3,7,-0.6,1,0,4,0.741,1,0,0,0
6,2,7,6,0,1,1,7,2,7,4,5,0,2.92,3,7,3,2,1.588,-1.328,258.23,4,1.529,1,7,-0.669,7,7,2.742,2.94,7,-0.267,1,-0.419,1.0,6.14,4,2,4,4.409,4,1,5,-1.805,3,4,5,1
2,4,6,0,0,7,5,7,0,5,7,6,6,4.179,0,6,6,4,1.68,-3.108,0.0,6,0.721,2,2,0.151,0,3,1.93,3.98,4,1.122,4,2.768,1.0,3.37,3,2,2,3.051,5,3,4,0.923,2,1,5,0
4,1,1,3,0,7,3,0,3,2,2,2,2,0.164,7,2,4,6,1.687,1.39,0.0,3,0.396,5,4,0.815,4,4,2.198,3.6,5,-0.904,5,1.434,0.0,3.35,5,6,5,-0.472,1,4,6,-0.389,7,3,5,0
7,2,3,7,1,0,0,6,6,5,1,0,7,6.843,6,1,5,0,5.105,5.811,0.0,1,3.28,7,7,5.222,1,1,3.454,1.43,0,-1.553,1,4.072,2.0,3.85,5,2,7,4.133,4,0,1,4.55,2,1,4,0
3,5,7,1,0,6,2,6,1,2,3,4,0,-3.374,6,6,0,1,1.33,4.958,0.0,7,1.176,4,3,0.769,3,2,0.824,1.02,2,-1.566,2,2.285,1.0,4.15,5,4,0,3.101,1,3,6,4.442,5,4,4,0
2,6,0,2,0,0,1,3,5,5,1,7,4,0.443,0,5,6,2,0.577,0.979,0.0,4,0.819,4,1,0.182,6,4,0.546,4.32,6,1.306,1,0.637,-0.0,2.09,5,3,1,6.119,3,3,6,2.14,6,3,7,0
2,6,4,5,0,7,5,7,6,4,6,5,7,-0.291,2,5,4,7,1.332,0.631,0.0,3,2.088,7,4,0.706,1,0,1.842,1.78,5,-0.831,3,2.036,1.0,6.97,4,4,2,1.977,4,6,0,4.733,0,0,2,0
4,6,2,6,0,4,5,3,5,4,2,3,6,2.178,7,2,2,0,2.046,3.289,0.0,4,1.707,5,4,4.157,0,7,3.265,6.42,1,-0.949,0,2.92,1.0,5.17,1,4,5,-1.196,3,0,5,2.526,4,1,7,0
5,1,7,5,0,4,1,2,5,7,3,0,2,2.883,2,0,6,2,1.503,2.691,0.0,2,1.834,6,4,1.656,0,7,2.012,3.35,7,-0.9,4,2.0,1.0,4.16,5,0,3,-3.21,5,0,4,3.202,4,0,4,0
5,7,5,6,1,0,5,5,6,2,5,0,7,0.656,4,3,6,0,1.928,4.241,819.32,5,4.132,4,4,3.118,7,2,3.352,4.27,1,1.431,2,1.602,1.0,10.73,4,7,1,5.133,5,7,6,-2.596,1,2,0,1
6,1,7,1,0,2,5,1,6,4,7,1,1,-1.481,3,5,6,4,1.645,0.002,0.0,5,1.638,4,6,4.496,2,4,-0.709,5.19,0,-0.769,7,1.504,2.0,4.54,2,6,0,0.665,7,3,1,2.07,3,1,6,0
2,4,7,5,0,5,2,6,0,5,1,3,6,1.39,7,0,0,5,1.116,2.689,605.11,4,2.662,0,6,2.476,3,3,1.653,5.87,1,2.365,2,0.364,0.0,9.11,1,1,4,-0.285,0,2,6,-1.808,0,2,4,1
2,1,6,7,0,3,2,1,2,1,1,3,2,2.834,7,2,7,6,2.206,0.864,0.0,6,1.765,6,0,-0.913,5,0,2.448,5.66,0,0.78,4,2.05,2.0,5.0,1,4,7,3.231,4,1,6,5.277,0,2,3,0
2,6,5,0,0,2,4,7,3,7,0,6,3,4.909,4,0,2,4,0.741,1.724,0.0,5,-1.095,2,7,-4.095,5,3,0.007,2.78,0,-1.505,7,0.986,-0.0,4.59,0,5,2,-0.007,2,0,3,0.877,5,2,3,0
4,6,3,4,0,4,0,1,5,1,4,1,6,1.345,3,7,6,0,1.375,1.575,0.0,1,0.174,0,6,1.373,4,6,0.552,2.58,3,1.479,0,0.88,2.0,4.26,4,4,6,-0.85,7,2,0,5.546,6,1,2,0
3,3,2,1,0,4,1,6,2,3,0,4,2,3.018,2,5,0,2,0.822,-2.557,0.0,4,0.655,5,5,1.35,6,2,1.06,3.67,5,0.467,6,1.005,1.0,1.15,4,3,0,0.699,4,5,6,-0.309,1,4,0,0
6,7,0,7,0,1,7,4,0,6,1,3,2,4.741,0,7,3,5,2.273,1.055,0.0,6,1.871,5,1,-0.825,2,4,2.84,4.13,3,1.841,3,3.204,2.0,6.57,3,4,4,1.71,2,2,0,2.496,1,7,7,0
5,0,5,7,0,0,7,2,7,0,5,6,6,-0.771,1,4,1,3,0.008,-2.423,0.0,7,-0.918,1,6,1.441,5,5,2.924,4.81,0,1.512,0,1.206,2.0,3.84,4,5,0,5.212,4,2,5,-0.015,6,2,6,0
2,4,3,3,0,6,2,6,5,7,3,3,3,-6.145,0,1,3,6,1.454,2.559,0.0,7,0.068,4,2,1.943,0,3,1.348,3.61,1,0.316,2,0.486,1.0,4.5,2,6,1,-2.221,7,7,5,1.163,1,1,6,1
3,4,2,3,0,1,5,4,0,6,0,3,5,2.771,0,5,1,3,0.544,3.71,0.0,2,0.072,2,2,0.439,2,2,1.451,2.65,6,-0.163,7,1.227,2.0,4.44,0,0,0,0.411,0,6,0,0.828,1,0,7,0
4,6,4,3,0,7,4,4,0,1,7,4,2,-1.565,5,7,4,2,0.866,1.783,0.0,7,1.53,5,7,1.066,1,7,2.871,3.6,6,0.463,6,1.007,1.0,4.0,3,3,0,-0.907,6,3,3,-0.688,0,4,6,0
4,3,2,1,1,5,6,7,2,4,6,3,0,4.451,0,3,0,6,4.348,3.457,382.54,0,3.634,4,3,3.342,3,4,5.431,3.81,1,0.402,0,3.966,3.0,9.55,4,3,0,4.282,1,6,6,6.488,3,2,4,1
1,6,6,7,0,5,0,1,3,7,3,3,1,-0.57,1,2,7,1,0.483,-1.482,0.0,5,-1.535,7,3,0.907,1,4,0.796,3.74,5,-0.362,6,-0.561,1.0,3.21,1,1,4,3.2,1,2,6,1.508,2,7,2,0
4,2,4,7,1,4,0,6,6,5,7,0,2,5.856,4,3,2,0,5.805,2.296,704.12,3,5.139,0,1,8.441,3,0,3.377,1.84,3,2.47,1,5.631,4.0,6.79,2,4,3,4.445,3,0,7,4.766,5,1,3,1
2,1,5,7,0,4,1,1,1,7,7,2,7,4.255,3,4,5,5,1.348,-1.845,0.0,5,2.367,3,6,-1.408,6,2,0.817,2.79,5,0.436,0,1.677,0.0,2.45,6,3,6,-2.428,5,6,4,1.293,4,2,6,0
3,1,1,6,1,2,1,3,0,0,3,2,4,-0.625,3,7,0,1,1.897,0.973,0.0,5,2.212,4,2,-0.78,7,1,1.329,2.26,1,-1.976,3,1.464,1.0,5.75,1,5,7,3.104,7,7,5,-0.815,7,3,6,0
4,7,3,4,1,1,0,0,5,5,5,7,6,5.579,0,7,2,5,3.437,2.701,706.74,5,2.972,7,3,5.957,4,5,4.323,5.56,6,-0.369,7,4.385,2.0,6.56,7,0,7,4.822,0,7,0,4.372,3,2,2,1
1,3,1,3,0,5,4,4,3,6,7,1,7,3.413,2,0,5,0,0.571,-0.557,0.0,7,1.328,7,1,0.87,2,2,2.261,1.42,2,1.532,5,0.744,-0.0,5.44,0,6,3,2.688,4,5,5,4.121,2,1,2,0
4,6,0,3,1,3,0,3,6,7,3,4,5,5.99,1,6,6,1,3.874,1.486,0.0,3,3.565,1,2,7.002,7,4,1.681,3.14,4,0.825,5,3.952,2.0,3.54,6,5,1,2.955,4,6,1,4.523,6,0,3,0
5,5,0,7,0,4,4,5,4,3,3,2,2,5.795,2,1,6,6,1.822,1.885,0.0,7,0.356,7,5,-0.636,5,7,2.18,2.4,6,-0.068,7,0.829,2.0,2.58,2,3,3,3.675,3,7,1,-0.012,6,1,6,0
3,7,1,6,0,2,7,0,6,5,3,7,2,4.961,4,7,2,0,0.361,-0.257,0.0,0,0.768,2,0,2.022,1,1,2.78,3.86,1,0.144,5,1.157,-0.0,4.55,4,7,5,-0.962,0,5,5,-0.14,2,3,5,0
6,5,4,5,0,2,6,4,0,6,1,5,6,-0.772,4,7,0,2,0.636,1.14,0.0,5,0.191,6,1,1.871,1,7,0.879,3.95,6,-1.401,7,0.214,0.0,2.1,1,5,4,2.285,0,1,1,-1.77,3,1,6,0
4,4,6,4,0,3,5,3,1,3,7,7,0,3.169,5,6,7,5,1.166,1.059,0.0,6,2.995,4,2,-0.382,2,3,1.017,2.81,6,0.656,6,2.189,0.0,6.02,4,7,7,0.922,5,2,7,-0.008,1,6,3,0
1,0,0,3,0,6,1,1,7,1,1,0,4,1.616,6,2,0,1,0.434,2.752,0.0,2,1.891,1,3,1.636,3,3,2.818,4.28,5,0.726,0,1.337,1.0,4.14,4,6,3,4.938,3,3,5,-4.205,0,2,3,0
7,1,2,0,1,6,2,0,6,5,2,6,1,3.893,1,3,2,0,5.692,6.159,0.0,6,6.368,2,0,6.426,6,1,7.962,4.52,6,0.493,5,5.012,3.0,5.38,6,1,7,3.715,7,4,0,4.731,3,3,4,1
2,0,5,0,0,0,4,5,5,3,7,4,4,1.326,7,4,0,7,1.36,1.962,0.0,7,0.445,7,6,-2.711,2,0,-0.245,3.34,3,-0.205,7,0.766,0.0,5.81,0,7,7,1.23,6,3,2,-3.686,7,6,0,0
2,5,3,7,0,0,4,0,0,2,1,0,5,0.999,6,4,0,0,1.85,6.74,0.0,0,1.309,5,0,3.453,2,6,2.247,2.33,0,-1.424,0,1.733,0.0,0.24,7,5,2,0.716,3,6,2,0.343,3,5,2,0
0,6,5,5,0,5,0,2,7,4,3,2,3,3.941,2,3,4,4,1.972,-0.12,0.0,6,3.416,4,0,2.585,0,2,3.408,1.63,3,-0.633,4,1.51,1.0,4.78,2,7,1,2.774,5,0,1,3.298,5,3,5,0
3,6,3,1,0,1,6,4,7,3,2,1,5,2.868,5,3,7,1,2.162,1.405,883.45,1,1.248,6,5,0.343,4,2,1.15,5.06,0,-0.597,3,2.122,1.0,7.35,3,7,7,0.661,0,5,2,-0.707,4,2,7,1
2,4,4,3,0,7,1,0,3,6,3,4,5,-2.662,2,5,2,2,0.252,-0.856,0.0,3,1.274,5,1,-1.105,6,7,-0.493,2.6,4,0.941,7,0.302,-0.0,4.92,5,3,7,3.764,2,2,3,1.421,3,1,5,0
5,4,1,6,0,3,3,3,7,4,0,3,4,1.935,2,2,4,4,2.072,-1.503,0.0,4,1.932,1,1,1.094,3,7,2.845,3.53,7,-0.373,4,1.4,1.0,4.32,1,5,3,-2.569,2,2,3,5.513,5,4,4,0
5,4,2,6,0,3,0,3,0,7,1,5,3,-2.895,7,3,2,1,0.354,-1.442,0.0,3,-1.233,4,0,-1.352,5,1,2.015,3.42,4,-1.717,1,1.288,1.0,2.91,7,7,2,3.54,6,6,7,4.308,6,2,3,0
0,2,1,6,1,1,2,1,2,3,6,4,2,5.735,1,1,7,0,4.206,3.312,763.57,6,4.916,1,5,1.133,2,7,7.611,7.17,5,0.288,3,3.636,3.0,8.25,0,6,2,6.11,6,6,1,5.441,2,5,0,1
7,6,0,4,1,6,1,6,4,3,4,3,0,2.465,0,4,1,4,3.061,2.281,0.0,1,4.815,0,5,0.346,0,7,4.311,4.45,2,0.725,3,4.375,2.0,6.1,7,4,5,-0.414,7,0,6,5.605,4,0,2,0
7,5,1,7,0,4,0,2,2,4,7,7,0,2.509,1,6,0,1,0.842,0.454,0.0,3,0.199,4,6,2.16,7,6,-0.128,2.05,4,0.221,0,0.692,-0.0,4.59,0,2,7,-0.501,2,5,0,0.26,5,6,2,0
4,6,7,4,0,7,1,2,1,2,4,0,1,2.396,3,3,3,6,0.928,2.631,0.0,7,0.461,4,3,3.554,2,7,1.46,5.29,6,-2.224,3,0.553,1.0,4.25,6,4,5,0.584,2,4,2,1.533,7,6,5,0
5,2,6,4,0,3,1,6,5,5,6,4,1,1.097,1,2,5,5,1.346,-1.566,0.0,1,0.276,6,5,0.952,5,0,2.12,1.45,6,1.669,7,1.535,2.0,4.95,3,0,6,-0.716,6,0,7,1.493,3,0,7,0
6,2,0,3,0,5,2,5,5,7,2,0,6,-0.767,4,6,2,2,0.11,4.281,0.0,4,1.596,0,5,0.293,0,2,-0.133,1.86,1,0.148,1,0.346,1.0,3.9,2,3,4,-3.019,2,7,4,-0.73,3,3,6,0
2,0,4,0,1,3,3,7,0,2,2,6,7,0.922,0,5,6,2,1.574,0.064,0.0,5,1.624,7,1,2.253,7,5,4.546,1.92,7,0.993,3,1.598,0.0,5.71,5,4,1,3.535,5,1,4,3.275,1,1,6,0
5,4,1,5,0,7,1,5,4,3,1,1,2,6.117,3,1,1,5,1.83,4.989,0.0,2,0.314,2,3,-0.594,0,1,-1.436,3.98,1,0.141,6,1.131,1.0,2.56,6,1,0,0.604,2,3,1,3.519,5,2,1,0
3,7,3,4,0,0,7,0,7,7,0,1,2,1.523,4,6,6,5,0.148,-0.542,0.0,6,2.021,0,2,1.199,5,1,1.469,1.65,3,0.394,6,0.048,0.0,2.78,6,2,3,0.521,0,4,4,-0.782,7,0,7,0
1,2,1,5,0,3,6,0,3,1,7,4,3,1.62,0,7,4,1,0.777,0.029,0.0,1,1.127,6,7,1.739,2,0,-0.17,4.17,3,-1.033,5,-0.456,0.0,5.05,6,4,5,1.872,2,6,4,-0.009,0,4,4,0
1,4,5,6,0,0,7,5,4,3,3,4,1,5.448,3,0,6,2,2.045,2.906,0.0,1,1.219,1,2,-0.925,7,4,-0.589,4.12,2,-0.526,6,1.408,1.0,4.56,2,0,3,0.267,6,4,4,3.104,1,0,0,0
2,2,6,0,0,5,5,6,3,4,4,2,5,3.052,4,4,6,1,0.776,-0.001,0.0,6,0.903,7,1,-2.003,0,6,-2.586,1.85,6,-0.303,4,1.012,-0.0,1.48,4,6,2,1.729,2,1,1,-0.268,1,0,3,0
4,1,5,2,0,6,0,6,2,0,3,3,5,0.584,5,0,2,0,0.96,-1.293,0.0,2,0.598,2,1,-0.033,5,3,-0.021,1.16,7,0.376,3,0.638,0.0,6.56,7,6,4,-2.527,6,5,1,-3.217,6,5,0,0
1,1,6,0,1,0,7,4,4,0,3,7,2,0.04,0,3,2,2,3.761,2.578,0.0,1,4.283,2,7,2.552,4,1,2.233,3.5,3,-2.393,1,5.057,2.0,5.81,4,0,0,3.905,4,1,6,2.61,1,3,4,0
1,4,6,7,0,7,3,3,7,0,2,4,4,-1.145,7,2,4,5,0.692,1.344,0.0,6,-0.943,0,7,-1.373,2,2,0.568,1.73,3,0.144,0,0.775,0.0,3.41,6,4,7,1.664,1,6,1,0.374,6,5,0,0
1,5,7,5,1,5,2,0,7,0,7,1,1,4.503,6,3,1,2,4.342,5.404,0.0,4,4.005,3,7,6.559,7,5,5.151,2.91,6,1.772,5,5.092,1.0,5.89,5,3,0,6.268,2,1,1,3.834,0,0,6,1
6,0,0,7,0,5,2,3,5,2,2,6,2,-0.67,7,5,2,7,2.137,4.976,0.0,0,2.593,7,1,0.961,3,7,-0.997,5.7,6,-1.98,0,2.153,1.0,3.1,4,6,2,4.77,5,6,1,0.672,4,1,4,0
1,5,3,4,0,3,4,7,0,7,6,0,7,0.704,3,6,3,3,2.181,0.278,0.0,4,2.506,3,0,0.853,6,1,3.232,3.68,3,0.682,5,2.372,1.0,2.84,6,6,1,0.531,7,6,6,-1.04,4,2,5,0
6,3,2,4,0,5,1,5,0,0,2,2,0,4.3,0,4,1,1,0.37,-1.271,0.0,3,0.379,5,3,4.903,6,0,-0.011,4.22,3,-2.142,0,1.29,0.0,5.3,7,2,2,5.304,3,5,2,-0.998,2,6,7,0
5,0,0,5,1,3,2,0,1,3,1,5,5,7.882,4,5,6,7,3.293,4.465,0.0,5,4.011,3,2,4.738,5,4,2.377,3.39,7,-0.104,6,2.437,2.0,3.7,4,1,7,1.871,2,2,4,2.259,7,0,1,0
5,5,5,7,1,7,3,2,6,6,5,5,7,6.961,5,2,2,3,4.631,4.157,0.0,3,4.051,6,4,6.947,7,2,4.237,3.38,0,-1.096,5,4.48,2.0,8.92,5,6,2,6.671,1,4,7,2.513,4,5,2,1
3,2,2,5,0,2,3,0,6,2,3,5,0,4.267,7,5,2,2,1.238,6.909,0.0,5,0.556,7,7,4.34,1,1,3.464,4.35,1,0.081,3,0.495,1.0,4.79,3,5,6,2.556,2,0,5,1.293,5,5,3,0
2,4,3,6,0,6,0,1,6,6,6,3,5,4.583,4,6,5,7,0.491,3.87,0.0,2,0.298,4,3,1.277,1,1,0.936,3.36,7,0.186,7,0.372,0.0,4.67,5,2,0,-2.682,5,6,5,1.382,7,1,6,0
7,7,6,0,0,1,5,0,3,2,4,7,2,1.402,4,5,5,3,0.022,-0.573,0.0,5,0.37,4,7,0.574,0,6,2.275,3.21,2,2.091,0,1.3,0.0,7.81,1,0,4,1.618,6,6,7,-1.457,4,3,5,1
6,0,3,7,0,0,1,0,7,0,2,0,0,-0.269,0,1,2,7,-0.021,1.208,0.0,3,-0.65,7,6,0.727,3,2,-0.321,2.65,4,0.11,2,0.922,-0.0,4.66,6,0,0,-4.495,5,5,0,-0.122,6,2,5,0
5,3,6,4,0,1,6,7,5,2,0,0,1,2.388,3,6,5,2,1.082,1.158,0.0,4,-0.417,2,7,1.076,5,1,0.079,5.83,7,-2.523,5,0.935,1.0,4.11,1,5,4,3.739,1,1,7,0.449,6,4,2,0
1,1,3,6,0,2,2,0,7,5,2,4,5,-3.485,5,3,1,2,0.546,0.309,0.0,1,-0.16,4,6,2.932,1,0,3.61,2.76,0,0.844,1,1.545,1.0,7.11,3,5,3,1.726,4,7,5,-0.742,2,2,1,0
6,6,0,3,0,6,2,4,7,7,5,5,6,3.564,0,0,7,7,2.134,1.856,0.0,3,2.556,3,3,0.244,3,2,1.948,4.49,2,0.771,1,3.111,2.0,2.36,7,2,2,7.291,6,7,7,2.508,6,0,5,0
1,1,0,3,1,5,7,0,3,2,3,4,1,1.358,5,6,4,4,3.249,5.671,0.0,5,6.21,6,0,3.293,3,4,4.246,3.42,1,0.493,1,3.097,2.0,5.08,2,1,2,3.111,0,5,5,0.931,2,0,2,0
3,4,1,7,0,7,4,1,1,3,3,2,4,4.039,2,7,4,5,0.642,1.282,0.0,2,0.818,5,2,-1.818,3,4,-1.775,3.76,7,-1.406,6,1.019,1.0,2.33,7,5,7,-1.923,1,2,3,1.141,3,4,3,0
1,4,6,0,1,4,5,6,5,3,3,5,3,7.071,1,2,6,1,1.615,0.344,0.0,3,1.672,0,3,-0.353,0,6,0.647,3.8,3,-0.639,1,2.038,1.0,5.88,0,3,3,0.57,0,7,3,2.372,6,0,5,1
3,2,7,3,0,4,3,5,2,6,5,6,1,0.275,4,2,2,1,1.972,3.256,0.0,0,1.384,7,2,1.322,4,6,3.299,5.1,2,-0.405,6,2.304,0.0,2.89,0,6,0,-0.957,6,0,0,-1.13,4,1,0,0
7,2,2,4,1,3,7,4,5,5,2,7,0,1.293,1,5,5,7,2.146,3.626,0.0,7,3.219,3,7,2.196,6,6,2.077,1.14,4,0.066,4,2.158,1.0,1.51,1,5,7,6.822,6,6,7,3.637,7,6,3,0
6,0,7,0,1,4,6,7,7,7,6,1,6,4.746,6,7,0,7,5.253,5.812,0.0,1,4.664,1,6,7.094,5,5,5.082,3.27,6,-1.342,6,5.316,2.0,5.4,0,4,6,3.741,2,0,4,5.862,7,3,1,0
6,7,2,6,1,5,0,1,6,0,4,6,0,4.979,5,6,1,6,2.534,5.962,0.0,4,4.541,6,5,3.022,2,2,2.959,4.59,3,0.904,3,2.992,1.0,3.34,1,3,6,2.928,5,4,1,0.815,1,6,3,0
2,5,3,6,0,5,2,3,6,2,4,4,5,-2.68,6,2,2,0,0.487,-3.476,0.0,0,-0.646,1,0,2.688,4,6,2.363,1.6,3,-1.143,1,-0.433,0.0,2.81,3,2,5,0.435,4,3,0,-0.32,6,7,1,0
4,4,0,1,0,3,0,0,2,0,3,0,3,4.18,1,0,2,0,2.6,6.011,0.0,0,2.227,7,3,1.346,5,3,1.723,3.87,6,-0.272,1,3.301,0.0,2.78,4,0,2,2.424,2,5,2,0.504,1,4,3,0
2,1,5,4,1,7,6,4,2,3,0,5,6,1.256,1,6,0,2,2.778,4.598,0.0,0,0.242,6,7,-1.413,6,7,2.524,6.39,3,0.178,6,3.027,1.0,5.47,7,3,4,0.851,6,2,5,5.841,3,1,6,0
0,0,3,5,0,7,6,3,6,1,2,5,1,2.238,2,0,2,7,0.292,-1.136,0.0,4,1.279,0,6,1.688,1,0,2.262,3.05,6,-0.923,2,-0.103,1.0,3.71,1,7,4,-1.56,6,4,3,-2.216,1,0,7,0
1,1,3,6,0,7,2,0,3,6,2,1,6,1.197,5,4,5,0,-0.04,-1.556,0.0,7,1.891,5,5,3.022,3,7,2.658,3.13,6,-0.249,2,0.394,1.0,5.18,1,2,6,1.625,4,5,3,-0.194,3,0,5,0
7,5,1,3,1,0,3,6,6,3,6,2,7,4.341,0,4,7,5,2.571,6.431,0.0,5,1.575,6,3,-1.521,1,7,1.609,3.4,5,-0.453,6,2.175,1.0,3.2,4,5,0,4.635,4,5,3,4.713,1,1,4,0
6,7,5,5,0,5,2,3,0,0,3,3,5,2.72,1,2,0,2,1.692,1.617,0.0,2,0.58,5,0,1.149,3,7,2.67,0.93,7,0.193,4,1.998,1.0,5.24,0,2,7,0.939,2,1,1,1.67,5,6,5,0
4,7,4,6,0,6,3,0,2,0,1,1,4,-0.776,3,1,4,3,-0.37,-1.146,0.0,0,-0.317,5,7,0.867,0,7,0.641,4.0,4,0.46,2,-0.235,-0.0,3.53,5,2,2,-4.247,1,3,2,4.374,3,1,0,0
7,3,4,3,1,2,5,4,4,7,6,1,0,-1.908,6,6,1,6,3.656,5.302,0.0,1,4.419,7,3,6.261,5,2,5.045,2.96,6,0.014,7,4.137,2.0,5.56,7,4,1,6.33,6,1,6,4.599,3,6,3,0
7,3,0,0,0,5,5,7,7,1,1,0,4,-2.208,2,3,0,1,0.51,1.758,0.0,3,-1.033,7,6,0.153,7,4,0.992,3.54,2,-0.407,5,0.034,1.0,3.9,4,3,4,8.787,5,1,4,3.387,3,2,3,0
0,6,2,7,0,7,7,3,2,4,1,7,1,4.381,6,2,2,5,1.813,-2.318,0.0,1,2.002,3,3,3.119,2,4,-0.236,0.37,0,0.285,4,2.801,1.0,6.36,4,4,1,3.956,2,0,6,2.291,1,0,2,0
4,5,2,4,0,5,6,0,3,1,4,4,6,-0.3,2,1,5,5,0.69,-2.132,0.0,0,0.687,5,6,-1.042,2,1,-0.175,4.76,7,-0.984,5,1.395,0.0,3.65,6,3,7,2.504,4,4,7,2.139,7,5,4,0
2,5,2,5,0,2,0,0,2,6,0,7,4,1.496,1,6,3,7,0.119,0.624,0.0,2,-0.517,7,5,1.743,0,3,1.551,3.95,1,-1.237,0,0.546,1.0,6.41,2,2,3,3.451,2,6,6,-0.366,0,2,7,1
2,2,0,0,0,4,6,0,7,2,6,6,6,0.057,6,6,4,7,-0.117,1.561,0.0,4,0.898,3,7,1.378,0,4,0.534,2.78,6,-0.884,1,-0.415,0.0,6.75,6,4,4,2.151,4,0,1,0.079,7,0,4,0
7,1,0,1,0,1,6,2,5,5,5,7,0,-5.229,6,2,2,5,0.502,-0.071,0.0,6,-0.401,7,6,0.598,1,1,-1.29,2.83,1,1.038,3,-0.178,-0.0,3.88,6,5,2,-2.442,6,0,3,-0.439,0,7,7,0
3,0,2,3,0,3,5,4,4,4,3,6,0,-0.803,1,7,3,5,1.06,1.158,0.0,4,-0.174,7,6,-2.454,5,0,3.338,3.5,4,-1.881,6,0.231,1.0,2.85,5,4,7,-1.431,4,4,7,-2.336,6,1,0,0
7,3,3,2,0,6,5,5,1,0,7,4,5,0.321,5,3,4,3,0.198,2.728,0.0,5,1.712,5,6,0.264,5,4,0.287,1.87,1,-1.154,2,0.902,1.0,3.05,3,3,6,2.146,7,0,6,-0.974,7,4,6,0
6,0,4,4,0,7,2,2,1,6,3,3,0,0.526,5,4,2,1,0.103,2.264,0.0,4,-0.037,5,2,-0.408,4,6,-1.164,0.71,2,-0.95,6,-0.145,0.0,1.72,3,3,6,1.915,3,0,7,-0.221,6,5,4,0
0,0,5,2,0,5,6,7,1,5,0,2,7,5.736,1,0,3,7,2.14,1.227,0.0,7,0.534,5,7,5.557,3,1,2.29,2.73,5,0.611,1,1.933,1.0,5.45,3,6,2,2.906,7,7,6,1.21,2,1,3,0
1,4,0,1,0,2,4,6,2,4,0,2,2,-0.767,4,2,2,6,0.342,-1.151,0.0,2,0.752,2,2,0.727,0,2,1.138,1.57,2,-0.21,7,0.569,1.0,4.57,3,0,3,1.647,6,3,0,-1.111,4,4,0,0
0,7,4,6,1,3,6,5,5,6,7,1,0,2.268,3,3,2,3,3.668,2.701,0.0,7,4.705,0,7,3.104,3,1,4.822,3.18,6,-1.128,4,3.499,2.0,4.33,1,6,2,3.068,1,2,5,2.352,6,6,1,0
0,3,3,7,0,7,0,1,6,0,7,3,3,-1.727,3,3,1,7,1.028,2.865,0.0,0,0.273,6,0,1.968,3,1,0.529,4.92,0,-0.028,4,0.569,1.0,5.08,6,5,7,3.458,3,0,2,2.648,6,3,6,0
4,1,7,3,0,4,5,3,4,3,6,1,5,-0.594,0,6,5,4,0.587,1.565,0.0,2,1.911,3,3,1.884,0,0,3.281,4.93,5,0.47,5,0.831,1.0,2.83,5,5,7,1.986,1,3,3,3.588,5,2,5,0
4,0,4,6,0,7,1,7,0,1,5,7,0,-1.221,1,6,5,5,0.339,3.205,0.0,6,0.706,0,0,2.704,6,6,-1.007,4.4,5,0.04,7,0.723,0.0,6.49,6,2,0,0.011,1,0,2,-2.467,4,4,4,0
5,0,4,4,0,7,6,7,0,1,3,6,1,4.334,3,4,6,6,1.764,0.433,0.0,4,2.466,2,1,-1.864,0,7,-0.496,2.57,7,-1.094,5,1.444,0.0,1.19,0,1,3,6.083,5,4,3,0.266,6,5,4,0
0,2,5,3,1,2,0,1,1,0,6,2,7,1.606,1,6,3,7,2.445,2.973,0.0,1,1.485,6,6,1.093,4,6,2.696,2.38,7,0.206,3,2.418,2.0,7.99,1,5,3,-0.55,6,7,4,3.231,3,7,4,0
5,7,1,1,0,4,7,2,7,6,7,0,0,0.211,1,1,0,3,1.881,0.96,0.0,7,1.929,3,5,1.294,5,4,1.525,2.18,1,-0.315,1,1.474,1.0,5.97,5,5,7,0.301,7,0,5,-1.262,7,5,7,0
6,3,1,6,0,2,2,1,4,1,2,7,7,0.494,1,6,4,6,2.227,1.879,0.0,1,1.558,1,4,7.077,4,7,3.197,6.32,6,1.568,0,1.557,1.0,6.76,1,1,3,3.374,3,0,3,1.517,7,4,7,1
5,7,4,7,0,2,1,0,7,6,5,1,4,5.068,3,0,7,3,2.351,1.188,0.0,4,0.699,1,6,6.608,1,0,2.384,1.59,6,0.516,3,2.382,1.0,5.88,0,5,0,1.209,0,5,2,3.83,1,7,3,0
6,5,0,1,0,3,5,3,0,1,5,6,4,-1.001,6,2,2,0,0.787,-0.033,0.0,4,0.961,2,4,-0.837,5,1,0.005,3.38,6,-1.115,4,-0.051,1.0,4.94,5,5,3,-2.004,0,5,7,0.301,0,3,2,0
7,7,5,4,0,5,1,5,4,3,4,1,1,4.262,2,4,3,5,0.571,2.107,0.0,2,2.417,4,3,3.362,5,7,-2.199,3.24,5,-0.179,3,0.894,1.0,2.25,0,2,1,3.735,1,1,7,1.872,3,5,4,0
4,5,3,0,0,2,3,1,4,5,3,4,6,6.824,6,7,0,4,1.582,2.569,0.0,4,1.544,1,2,0.586,7,0,1.957,3.41,1,-0.001,1,1.078,0.0,4.44,2,3,0,2.951,5,2,5,0.147,6,4,3,0
6,3,6,4,1,4,3,3,1,7,0,4,7,3.088,7,4,0,3,1.921,-0.599,0.0,0,1.386,4,7,2.734,1,5,5.021,1.78,7,2.59,0,1.673,1.0,4.33,1,0,3,-1.447,7,6,2,1.025,1,2,6,0
1,0,6,7,0,6,5,3,7,4,7,6,1,-1.122,3,3,0,7,1.083,-0.81,0.0,3,-0.619,6,5,1.786,1,4,-0.264,1.98,6,-0.16,6,1.357,1.0,5.49,0,5,5,2.573,7,4,7,-0.261,2,4,0,0
6,6,4,1,0,6,5,3,5,2,0,4,0,2.515,6,0,0,6,0.695,-0.149,0.0,1,0.958,4,5,5.586,0,3,-0.033,4.44,6,0.738,6,0.747,0.0,3.87,7,6,7,0.821,7,5,0,-0.636,5,4,6,0
1,5,3,0,0,5,3,3,6,1,2,3,0,1.886,2,4,6,0,1.845,2.153,0.0,3,1.721,6,0,0.129,0,0,2.466,-0.14,5,0.754,4,1.316,0.0,4.23,5,5,0,2.575,7,1,0,3.7,5,5,1,0
5,1,1,2,0,6,2,2,7,7,7,3,4,-2.485,1,3,4,3,2.082,3.515,0.0,1,0.763,1,7,0.863,5,3,2.05,1.54,2,1.102,3,1.473,1.0,3.57,2,5,0,-1.63,5,1,5,-0.975,4,7,3,0
6,6,4,7,0,5,1,6,6,0,4,0,1,1.097,5,2,1,4,0.81,-0.836,0.0,7,-2.193,3,3,-1.746,1,6,-0.737,4.49,0,-0.059,5,-0.586,-0.0,4.99,5,6,4,2.262,5,7,2,-1.41,2,6,0,0
5,7,6,6,0,1,4,4,6,6,4,4,3,2.052,4,6,3,3,1.606,0.054,0.0,7,2.378,5,6,-3.69,5,2,0.754,2.51,6,-1.441,0,1.908,2.0,1.26,4,5,0,-0.41,0,7,4,4.845,1,7,0,0
6,5,0,5,0,6,3,6,4,0,4,6,4,1.933,6,5,6,0,1.17,2.496,0.0,4,2.488,2,7,2.73,6,7,2.418,3.18,1,-1.508,5,1.715,1.0,1.67,7,3,2,0.513,5,7,5,0.313,5,6,1,0
7,7,4,2,1,5,7,5,1,6,2,2,1,1.492,7,0,5,0,2.065,0.399,0.0,5,3.541,2,1,2.849,1,7,2.225,3.11,6,0.193,6,1.508,2.0,3.47,7,3,4,6.194,5,7,4,2.745,3,7,0,0
2,4,0,7,0,7,4,0,3,6,5,3,5,-1.258,2,6,4,7,-0.301,3.039,0.0,0,-1.468,3,6,-0.715,4,7,-0.285,0.28,3,-0.417,6,-0.442,0.0,3.26,4,0,3,-2.914,2,6,4,-2.012,1,2,2,0
5,3,0,4,0,1,1,7,6,3,2,6,7,1.132,3,2,6,7,0.737,4.407,0.0,0,2.227,2,5,-0.449,5,2,1.071,4.51,4,-1.658,7,0.535,0.0,2.94,3,4,2,1.598,7,1,2,-2.085,0,4,7,0
4,2,1,4,0,2,4,0,5,3,2,6,7,-2.57,4,1,2,5,0.656,-0.683,0.0,5,0.104,4,4,-2.789,5,0,-0.791,0.93,6,1.576,6,-0.006,-0.0,5.68,3,5,1,-3.52,1,0,6,1.885,3,4,0,0
6,7,1,3,0,5,6,7,4,5,7,2,0,3.095,7,5,6,5,0.6,1.831,0.0,1,1.746,3,5,5.75,1,1,2.842,1.34,2,1.181,5,0.914,1.0,3.16,3,5,7,-0.213,7,7,7,-4.47,4,0,6,0
2,7,5,3,1,2,5,5,4,6,5,1,4,3.929,5,3,0,1,5.851,8.046,241.32,1,4.324,2,3,4.3,1,0,4.477,5.44,1,0.082,6,5.229,4.0,8.89,6,3,2,5.028,4,6,6,5.656,5,2,4,1
2,1,1,5,1,3,4,2,2,3,7,4,3,2.873,3,4,5,7,2.81,4.128,0.0,0,3.221,3,2,3.865,4,0,2.503,2.59,7,1.208,7,3.038,1.0,4.17,1,3,7,2.358,4,3,3,3.411,1,5,0,1
4,4,7,7,0,1,6,7,0,0,6,0,4,2.718,6,1,2,5,1.732,2.337,0.0,5,1.62,1,1,-0.503,5,4,1.278,2.95,2,0.083,1,-0.334,1.0,3.24,3,7,5,0.412,6,4,4,0.656,4,6,5,0
2,1,4,4,0,2,1,0,7,6,5,5,5,-1.975,1,7,4,6,0.707,3.922,0.0,2,1.217,0,4,1.698,4,4,-0.067,3.97,0,-1.388,4,0.695,1.0,2.46,7,7,2,1.921,5,1,6,-0.758,4,4,3,0
3,5,2,3,0,1,3,7,3,6,5,6,4,2.123,4,4,6,1,1.637,0.342,0.0,5,0.209,5,7,0.809,2,4,0.172,3.37,4,-0.218,1,2.345,1.0,5.12,5,1,1,0.287,3,4,4,3.784,2,2,1,0
0,3,4,6,0,2,3,5,5,4,7,3,5,-1.995,3,3,6,4,0.226,3.968,0.0,5,1.228,0,0,2.408,4,1,0.364,3.57,4,0.174,0,0.582,-0.0,4.91,2,2,7,1.69,6,4,7,0.25,6,7,5,0
0,2,2,7,1,5,5,6,1,1,4,0,6,3.378,2,4,2,4,3.521,6.629,0.0,3,4.859,0,3,1.843,1,6,3.717,3.76,4,0.663,1,3.252,2.0,3.77,2,1,1,3.869,2,7,5,1.459,3,6,3,0
0,5,2,5,0,1,0,7,1,3,6,7,5,-0.337,5,1,0,3,1.748,0.926,0.0,5,1.003,6,3,2.81,1,4,1.585,2.42,4,-0.575,0,1.439,1.0,3.91,5,6,4,-0.352,2,0,2,1.1,4,5,0,0
5,3,4,7,0,0,6,2,5,2,1,3,3,4.374,5,6,4,5,0.419,1.761,0.0,5,0.56,6,1,1.602,4,7,0.296,0.63,3,-1.616,3,0.912,1.0,4.39,4,5,1,1.981,0,5,6,2.396,5,2,5,0
0,1,1,0,0,1,4,4,2,4,3,5,5,-1.273,5,6,7,2,1.182,-3.515,0.0,1,0.933,0,2,0.723,6,3,2.211,2.15,3,-0.654,0,1.359,1.0,6.56,7,5,5,0.351,7,3,5,-1.117,4,1,0,1
0,5,7,1,0,5,6,2,5,4,0,4,7,1.245,5,2,3,2,1.843,2.647,0.0,1,0.529,0,0,2.678,3,6,0.734,2.33,1,0.458,3,1.153,1.0,4.75,1,0,3,1.386,5,5,1,0.975,0,5,7,0
1,5,6,4,1,3,3,3,5,1,7,0,2,3.526,0,7,3,0,2.193,1.062,0.0,6,-0.123,6,5,2.442,5,0,0.79,1.0,6,-0.108,3,2.889,2.0,5.76,7,1,1,-1.287,0,3,6,-1.185,2,4,0,0
2,1,3,3,0,6,1,0,6,6,1,4,6,0.098,0,3,4,6,0.337,2.316,0.0,2,1.043,3,2,-0.266,5,1,-0.12,2.26,4,1.087,1,1.371,2.0,2.5,0,1,6,4.813,1,5,5,-0.497,7,4,2,0
7,0,4,0,0,1,1,5,4,4,3,1,0,1.218,4,1,4,7,2.332,9.665,0.0,3,3.84,1,3,3.221,0,0,0.279,1.87,0,-1.148,3,2.586,2.0,4.11,6,0,6,0.878,1,4,6,5.944,1,4,6,0
7,4,5,4,0,3,6,7,7,6,0,3,5,1.411,7,0,7,5,1.422,0.557,0.0,1,1.279,4,4,0.611,4,1,0.336,3.18,3,0.669,1,0.523,1.0,5.24,4,1,7,-2.117,0,5,6,2.508,1,2,7,0
6,2,0,4,0,7,3,5,1,0,5,3,5,4.779,4,7,7,6,0.128,-5.045,0.0,5,0.643,4,2,0.941,6,4,0.707,5.3,3,-1.27,7,-0.815,0.0,4.03,6,0,0,-1.268,5,3,5,5.078,1,0,0,0
5,1,1,7,0,7,4,5,7,5,1,6,2,0.894,6,4,7,2,2.028,0.167,0.0,0,0.022,3,6,5.623,2,1,0.534,2.99,1,0.108,6,2.316,0.0,4.85,0,6,0,1.393,6,6,0,1.984,5,5,7,0
6,6,1,7,1,5,0,7,1,0,2,7,0,3.029,7,3,7,3,4.256,5.622,0.0,0,4.456,3,6,4.274,6,3,4.453,3.75,2,-0.232,1,3.842,2.0,4.78,0,6,0,5.583,5,7,2,4.054,7,6,6,0
2,6,0,7,0,3,1,7,5,1,1,6,7,0.694,1,4,2,7,1.324,-1.576,0.0,2,1.587,7,1,3.949,0,3,1.432,3.17,1,-1.337,6,2.816,0.0,5.55,2,2,2,1.31,4,5,4,1.685,1,6,4,0
2,7,6,2,0,4,3,2,2,3,6,0,1,0.092,0,6,3,2,1.649,1.99,693.42,3,3.472,5,5,0.881,5,3,0.925,4.07,1,0.108,1,2.071,2.0,7.91,4,3,7,4.238,2,0,3,-0.705,6,0,7,1
2,4,6,6,0,3,1,5,0,3,7,2,1,-1.167,3,4,2,6,1.415,0.15,0.0,5,1.11,6,1,3.2,7,0,2.143,2.89,1,-0.361,7,0.409,0.0,5.19,7,7,6,-1.7,3,6,3,0.456,4,2,0,0
2,2,6,4,1,7,1,7,6,1,7,6,7,3.696,6,6,0,1,1.381,2.928,0.0,2,1.383,2,7,2.013,1,0,1.532,0.62,5,0.003,4,0.994,1.0,2.94,2,7,0,-2.546,6,7,1,-0.57,0,1,5,0
0,2,4,7,0,1,0,0,7,7,1,3,7,0.72,3,5,4,2,2.098,1.62,0.0,0,2.176,3,7,0.298,3,5,1.866,2.12,0,0.06,3,1.903,2.0,1.56,5,1,3,0.063,7,5,1,-0.266,6,0,2,0
4,5,7,1,0,0,4,0,4,1,4,1,4,0.757,7,5,1,0,1.077,4.718,0.0,0,0.991,3,3,3.133,2,1,2.356,5.86,6,-0.347,4,1.177,1.0,4.87,3,5,0,2.075,4,3,3,1.039,0,7,7,0
6,6,6,4,0,5,3,0,4,6,6,5,6,1.37,2,3,0,2,0.589,-1.241,0.0,3,0.668,5,5,1.129,3,3,1.391,2.5,4,-0.178,3,1.612,1.0,0.57,2,4,3,-0.22,7,1,2,-1.458,5,4,2,0
2,3,6,7,0,1,5,2,7,7,1,1,5,1.878,3,3,7,2,1.179,-1.128,0.0,5,0.539,1,3,4.443,2,2,3.044,0.2,1,-0.175,3,1.546,0.0,4.69,0,3,6,1.719,2,7,7,-0.67,5,3,7,0
5,0,0,4,1,6,5,6,6,0,2,2,1,2.326,6,7,4,3,3.236,4.219,0.0,6,2.344,4,1,0.32,1,3,-0.335,3.96,7,0.096,4,2.736,1.0,6.82,4,7,5,2.361,7,7,2,3.568,2,6,5,1
3,0,1,7,0,4,6,3,1,7,5,3,2,0.373,2,1,6,4,1.307,0.697,0.0,7,2.116,5,1,1.71,2,0,-1.643,3.58,3,0.524,2,0.434,-0.0,5.36,3,7,3,-0.832,7,3,6,3.89,4,5,0,0
2,5,0,6,0,5,1,5,1,3,3,6,2,4.403,2,1,0,4,1.212,4.099,0.0,2,1.55,3,3,4.349,6,3,1.304,3.72,6,0.331,6,1.886,0.0,4.92,2,1,3,0.146,1,7,1,2.114,6,7,3,0
7,7,5,7,1,6,3,4,6,6,5,3,3,5.194,6,0,1,3,2.194,3.205,0.0,2,3.118,5,6,-0.326,0,0,1.01,3.87,0,0.608,7,2.933,2.0,3.45,5,3,3,-0.1,4,5,4,2.21,7,5,4,0
1,1,6,3,0,0,2,7,2,4,5,4,0,1.207,2,0,6,6,0.841,2.179,0.0,4,0.284,4,4,-1.358,1,4,-1.401,0.6,0,1.089,3,0.4,1.0,3.55,4,0,3,4.733,4,4,6,3.81,5,4,1,0
0,2,0,5,1,6,0,2,1,5,3,3,6,7.423,4,7,1,2,3.167,0.868,0.0,5,2.757,6,5,2.162,4,1,3.183,2.55,6,-0.104,3,2.752,1.0,6.41,4,2,0,3.548,6,2,5,0.373,0,1,2,0
5,5,4,0,0,7,7,6,4,1,5,3,7,-1.524,2,5,6,2,1.471,1.063,0.0,1,0.196,1,2,0.438,4,5,1.248,0.86,5,-0.068,0,2.076,1.0,5.56,6,5,6,0.03,7,7,5,4.409,7,2,7,0
1,6,5,5,1,3,3,7,3,5,3,1,0,2.268,2,1,3,3,2.146,2.357,548.01,5,1.222,5,3,2.508,2,6,-1.934,6.81,0,2.152,4,0.851,1.0,7.35,5,3,2,0.151,0,6,0,3.036,3,1,1,1
1,2,2,3,0,7,6,5,2,1,6,2,6,-1.092,5,6,6,5,1.052,2.713,0.0,1,1.299,3,5,1.29,3,2,0.382,2.46,4,0.292,1,1.78,1.0,1.64,7,2,4,4.173,7,2,0,0.321,2,5,4,0
4,3,3,0,0,7,5,2,7,6,3,2,0,-0.204,5,3,6,7,0.783,3.829,0.0,2,1.708,4,7,0.915,6,7,0.673,1.9,6,0.698,4,1.181,1.0,1.75,4,3,3,-0.256,4,6,0,0.58,3,4,2,0
5,2,4,7,1,4,0,7,3,0,4,0,3,1.576,7,2,1,4,2.844,2.001,132.81,5,3.159,1,6,3.175,5,4,2.81,2.29,6,0.436,0,3.391,2.0,2.67,0,6,5,1.416,4,3,4,2.645,7,0,1,1
5,0,2,3,0,0,6,4,4,1,6,2,7,-1.766,6,7,7,7,-0.143,2.493,0.0,7,1.825,0,3,-0.737,5,0,-2.2,1.89,0,0.524,0,-0.804,-0.0,2.33,0,4,3,1.257,6,7,6,0.714,1,7,0,0
4,3,7,0,0,5,2,7,0,6,2,4,3,1.627,6,0,7,0,-0.15,0.294,0.0,3,-0.625,2,4,-1.269,4,7,0.281,1.94,4,1.079,1,0.793,-0.0,5.32,3,4,0,-3.513,7,1,6,-0.335,3,1,7,0
1,1,7,6,0,3,7,1,7,4,3,0,0,-1.823,4,7,1,2,1.285,0.487,0.0,6,1.48,5,0,1.542,0,4,1.198,5.03,4,-0.57,2,0.405,0.0,6.04,5,6,3,4.405,7,5,0,-1.024,2,5,7,1
4,1,4,2,0,6,6,0,1,2,2,5,7,2.294,7,1,2,5,1.067,3.79,0.0,7,2.861,5,7,1.152,4,2,0.443,3.03,1,-0.407,2,-0.676,1.0,2.38,2,6,7,0.239,2,7,6,-0.863,5,1,2,0
5,2,5,2,0,0,2,0,7,5,5,7,0,-0.287,5,5,7,2,1.737,0.98,0.0,6,0.268,6,1,-0.047,2,3,0.561,1.75,3,1.829,7,1.701,1.0,2.69,2,4,4,0.735,4,2,2,2.466,6,0,5,0
5,4,1,1,0,5,2,3,6,5,2,2,5,0.957,1,6,4,5,2.109,2.542,0.0,7,1.567,7,5,0.469,4,6,2.577,5.6,6,1.008,0,2.467,1.0,4.07,1,4,4,-0.761,6,1,3,3.104,0,4,1,0
0,2,7,1,0,7,1,0,3,1,3,4,6,-1.638,4,4,5,0,-0.425,2.794,0.0,2,1.007,7,7,-1.917,3,7,0.296,1.61,0,-0.559,1,1.147,-0.0,2.71,0,1,6,-2.275,3,5,4,-2.046,4,2,4,0
7,6,5,2,0,2,2,5,2,6,6,1,3,1.199,7,6,2,0,1.429,-2.493,0.0,5,0.624,4,5,2.29,7,7,1.518,3.44,6,2.249,7,0.927,1.0,4.64,5,6,7,-0.577,6,4,4,0.682,5,6,2,0
1,5,0,0,0,7,1,1,3,2,2,4,0,-3.836,7,1,2,1,2.304,3.355,345.98,7,2.766,6,3,2.826,7,6,2.741,4.51,7,1.081,2,3.126,1.0,7.52,5,5,1,5.255,3,5,7,1.818,5,2,4,1
2,6,4,3,0,4,4,4,4,2,5,0,1,-1.988,5,0,3,1,1.043,1.411,0.0,6,-0.125,4,4,1.536,4,1,1.354,3.73,1,-1.106,0,0.704,0.0,0.11,4,5,5,1.687,3,0,0,-1.41,6,4,7,0
4,2,5,7,0,3,1,4,2,7,5,1,2,0.924,0,7,6,2,1.01,4.386,0.0,1,-1.051,7,4,3.775,7,3,0.753,2.08,5,-0.197,1,-0.068,2.0,3.19,1,2,3,3.243,5,5,5,0.951,0,6,4,0
4,2,0,7,0,1,6,3,7,6,0,0,5,1.089,4,5,6,3,1.37,1.015,0.0,0,1.014,3,5,0.513,0,4,-2.526,1.43,2,-0.675,5,1.621,1.0,2.77,0,4,3,-4.345,0,0,2,-3.395,1,6,7,0
2,7,0,1,0,1,2,3,1,1,3,1,1,-3.619,7,0,1,4,0.52,-2.651,0.0,1,-2.201,1,7,0.932,2,5,-0.767,2.18,5,1.009,6,0.213,0.0,3.62,2,6,4,-0.531,4,6,7,0.776,6,0,3,0
5,7,5,7,1,0,1,6,6,5,0,0,4,1.172,7,2,2,6,3.464,3.708,553.26,7,2.803,0,2,2.635,1,0,3.91,4.33,1,2.016,4,4.004,2.0,9.58,4,6,3,4.268,3,5,1,5.975,3,2,5,1
2,6,3,2,1,5,7,7,4,5,4,0,2,5.299,0,0,3,3,2.614,1.351,0.0,1,2.885,4,1,5.02,3,0,2.141,6.65,1,-0.997,7,3.331,2.0,4.25,3,5,3,6.138,4,5,2,4.339,6,0,0,0
2,5,7,7,0,6,2,0,2,2,0,7,2,1.8,3,5,7,1,1.888,1.64,0.0,6,2.328,6,5,3.888,3,0,-0.236,2.26,5,-1.142,6,1.46,0.0,2.4,2,3,7,-1.3,1,0,5,2.94,6,6,3,0
4,5,0,6,0,6,1,6,1,5,6,2,6,0.81,2,0,3,3,2.697,5.973,0.0,0,2.588,4,5,1.518,7,5,3.375,3.3,5,-0.88,2,2.236,1.0,1.94,3,3,6,1.331,1,3,3,0.479,1,0,5,0
6,6,4,5,1,2,5,3,2,4,0,7,6,-0.132,1,6,3,2,3.45,0.824,0.0,5,3.642,1,3,2.235,6,6,3.17,6.42,2,0.518,1,3.919,1.0,3.85,3,6,4,2.389,0,5,3,4.564,2,1,3,0
2,0,5,1,1,7,0,0,1,3,0,4,7,5.621,2,0,2,3,2.333,0.574,0.0,2,3.171,7,4,7.59,0,6,1.61,5.14,4,-0.357,6,2.057,1.0,2.78,6,3,4,2.907,3,7,7,5.275,3,2,0,0
0,4,4,4,0,2,3,0,6,3,5,4,7,-2.929,4,3,1,4,2.529,2.702,0.0,6,3.213,4,5,6.438,3,5,0.848,4.93,5,-0.139,7,2.195,1.0,3.92,2,0,4,1.253,7,0,2,3.361,2,2,4,0
6,4,0,5,0,1,5,0,4,4,6,7,4,0.783,0,5,6,7,1.336,-3.785,0.0,2,2.73,5,2,-1.558,0,2,0.239,4.63,5,-1.73,0,1.13,1.0,4.83,1,3,1,2.913,6,1,2,-0.667,2,3,1,0
0,3,1,5,0,7,4,2,5,5,6,5,7,2.296,0,2,6,0,0.418,-2.2,0.0,6,0.283,0,5,1.563,6,1,-0.723,3.92,1,-0.585,6,-0.398,1.0,3.27,5,7,1,0.19,4,5,4,0.364,1,4,3,0
4,4,4,7,0,5,2,1,6,5,5,7,3,4.476,2,1,0,2,-0.189,-1.622,0.0,7,0.382,1,1,2.145,4,4,-1.348,0.74,6,0.151,1,0.217,-0.0,6.56,1,3,0,0.379,3,4,1,-0.816,4,0,4,0
5,3,7,1,1,5,4,3,2,2,0,3,7,2.872,1,7,6,5,4.322,3.541,0.0,6,4.929,5,3,2.233,4,6,5.787,6.89,3,0.287,6,5.366,4.0,6.98,3,6,7,10.13,5,6,7,7.641,5,1,5,1
1,2,2,6,0,5,2,2,2,2,4,1,3,3.724,2,0,6,7,0.636,0.187,0.0,5,0.231,0,1,-2.997,3,0,1.834,2.55,5,0.809,7,0.375,1.0,5.66,3,7,4,0.52,2,3,1,-0.448,3,0,3,0
5,0,6,4,0,7,0,7,2,7,5,4,1,4.24,2,3,2,7,0.928,1.598,0.0,7,-1.514,6,0,-0.745,4,5,2.117,5.48,2,0.271,6,1.719,0.0,1.95,2,6,1,-1.751,4,7,6,0.599,0,6,5,0
4,0,6,0,0,4,7,2,4,4,6,1,2,2.966,5,7,6,0,1.441,-2.442,0.0,4,1.093,5,4,1.985,4,0,0.826,3.45,0,-1.781,1,1.558,1.0,5.69,0,7,6,-0.629,7,3,2,3.957,7,7,4,0
6,7,4,7,0,2,4,6,5,1,3,2,3,0.973,1,4,2,2,1.464,1.959,0.0,1,-0.72,3,3,1.488,7,5,2.968,1.05,2,0.346,7,1.84,1.0,3.66,5,2,1,0.165,7,6,3,0.777,6,4,6,0
4,6,5,3,0,3,7,7,5,7,6,6,2,-0.132,1,4,1,3,0.498,-1.71,0.0,0,1.18,3,0,1.339,4,5,2.908,3.35,1,1.024,6,0.897,0.0,4.93,1,2,2,-0.96,6,1,6,2.64,7,0,6,0
0,0,2,1,0,3,1,4,7,0,0,3,7,-3.047,5,6,4,2,1.259,5.388,0.0,0,0.547,0,7,-0.666,2,7,1.91,2.65,3,-0.112,6,0.394,0.0,4.22,4,1,7,-0.058,3,0,0,2.901,0,3,6,0
1,7,2,6,0,1,7,1,4,1,4,1,5,1.274,4,6,4,4,-0.017,1.864,0.0,2,1.423,4,3,-0.897,5,7,-0.65,1.77,3,-0.159,3,-0.744,-0.0,4.29,2,4,7,-1.257,3,6,2,3.155,2,5,6,0
4,4,0,6,0,7,0,7,7,3,0,3,3,4.101,2,7,2,7,1.118,3.203,0.0,5,1.701,1,0,-0.543,7,0,2.982,0.73,4,-1.115,1,1.268,0.0,2.26,0,1,7,4.071,3,7,6,0.787,2,7,4,0
3,3,0,7,0,1,6,6,0,1,6,0,7,-4.437,0,3,7,6,0.602,2.044,0.0,0,-0.344,6,0,1.233,6,5,1.276,3.67,3,-1.166,0,-0.414,-0.0,5.87,1,4,0,3.774,2,4,2,2.856,3,6,6,0
3,0,1,3,0,3,6,6,3,0,3,0,5,0.667,4,6,2,6,1.748,5.479,0.0,4,0.987,0,3,0.837,6,0,2.786,3.14,2,-0.292,6,1.353,0.0,3.28,3,0,5,5.247,5,7,3,7.179,5,6,4,0
4,7,4,4,0,2,0,3,1,3,4,6,2,-1.274,3,6,6,6,0.806,-1.419,0.0,0,0.039,1,2,4.295,0,5,-0.356,2.39,5,-0.127,7,0.733,0.0,3.09,7,0,0,5.246,5,7,4,2.047,1,6,7,0
1,6,2,1,0,0,6,2,3,3,3,7,1,2.478,6,2,4,7,-0.075,-1.963,0.0,1,0.916,4,7,2.24,7,6,0.882,3.17,4,0.511,7,0.815,1.0,6.21,7,4,5,2.091,3,5,4,1.788,6,5,6,0
7,0,4,0,0,7,4,6,0,7,6,0,0,1.597,3,6,6,0,-0.216,2.384,0.0,7,0.51,2,5,-0.155,4,1,3.57,6.05,5,0.977,7,0.384,1.0,4.21,0,0,0,1.759,1,3,3,0.216,2,5,6,0
4,3,7,2,0,1,5,5,6,1,5,4,7,-1.764,6,5,5,0,0.174,4.433,0.0,7,-0.031,6,2,0.617,0,5,2.342,4.7,0,-1.659,5,0.664,0.0,3.39,7,3,7,0.814,6,6,4,1.104,5,0,5,0
0,7,1,6,0,1,2,2,2,4,1,4,2,-0.863,0,7,7,3,0.167,-0.374,0.0,6,-0.701,1,0,1.24,6,1,0.424,4.99,2,-0.298,3,0.121,-0.0,5.84,4,0,1,4.234,4,1,0,-1.466,1,1,4,0
2,7,1,1,0,3,5,6,1,7,1,5,2,4.413,3,7,2,0,0.757,-1.607,0.0,4,1.369,5,1,2.083,6,1,2.05,5.66,2,-0.454,5,3.417,2.0,3.21,4,0,3,0.218,7,6,0,2.769,6,5,5,0
2,1,6,4,1,1,6,1,3,5,6,1,4,5.611,3,6,7,5,2.888,4.285,0.0,3,2.376,4,5,2.405,5,6,2.354,1.19,4,0.869,2,3.449,2.0,1.58,2,2,2,-0.825,4,7,1,2.836,3,6,7,0
2,1,1,5,0,7,0,6,7,5,6,6,2,-0.344,0,0,2,4,0.684,2.911,0.0,6,0.979,5,5,-0.093,0,6,-1.911,3.37,4,-0.495,0,1.057,1.0,4.9,7,6,5,7.144,5,1,1,2.529,1,0,4,0
1,2,7,1,0,5,5,6,4,4,0,7,6,1.736,5,3,6,4,0.698,3.433,0.0,7,0.355,4,1,-3.969,2,6,2.157,3.01,7,0.225,3,0.693,-0.0,7.67,2,7,1,-4.332,4,2,6,1.842,1,5,7,0
3,1,6,5,0,3,5,2,4,7,0,4,5,4.344,6,1,7,7,0.117,2.39,0.0,5,0.323,5,4,-1.334,2,5,-0.072,3.75,4,-0.822,1,-0.009,0.0,4.88,3,3,5,-2.402,1,1,3,-1.41,4,5,0,0
7,7,7,7,0,2,0,7,1,3,1,1,2,0.754,2,0,2,4,0.895,-1.638,0.0,6,1.14,5,0,-0.03,2,5,2.888,2.98,7,-1.562,4,0.778,0.0,4.04,7,7,4,0.716,5,6,1,-0.862,1,5,5,0
7,6,5,1,1,4,4,1,5,6,7,5,7,1.199,0,2,3,1,1.874,-1.079,0.0,2,1.865,5,4,-3.433,3,7,-0.795,3.54,3,0.115,7,1.744,1.0,3.82,3,5,6,-1.986,1,4,3,0.891,4,6,4,0
7,2,3,6,1,7,2,7,1,2,3,3,5,2.065,7,4,7,0,3.547,6.397,0.0,3,2.83,1,1,-0.663,7,3,2.661,2.46,3,-0.156,2,2.194,2.0,3.36,0,1,0,4.992,0,2,3,5.265,1,4,0,0
6,4,0,0,0,1,6,4,4,0,2,2,5,3.714,3,7,4,5,1.205,1.301,0.0,7,1.427,7,3,2.412,1,5,0.339,3.29,3,-0.159,4,1.691,1.0,2.05,3,2,0,-0.914,4,4,6,1.164,0,6,2,0
6,7,3,6,1,5,7,7,3,1,3,7,1,1.419,6,6,7,3,2.108,2.772,0.0,0,1.094,4,4,5.407,7,4,5.927,4.34,6,-1.344,3,2.721,1.0,4.73,5,7,3,4.146,7,3,1,2.229,0,0,1,0
6,6,0,7,0,7,6,5,3,7,6,1,7,2.938,6,3,5,1,1.125,0.581,0.0,4,-0.325,5,6,1.026,4,6,-0.454,0.78,3,0.54,0,1.368,-0.0,3.3,0,6,4,1.478,0,6,3,-1.233,3,6,5,0
6,7,6,1,0,6,1,4,3,0,6,3,5,3.106,3,5,5,6,2.036,-3.81,0.0,3,2.927,1,2,4.032,3,4,2.703,1.96,3,0.252,2,0.474,-0.0,2.1,5,7,1,0.91,5,2,0,3.111,4,3,4,0
7,7,2,5,0,6,6,2,5,2,0,4,3,1.054,1,1,6,4,0.207,-1.063,0.0,6,0.337,5,4,-3.007,0,6,-1.681,2.58,6,-0.582,7,-0.523,0.0,3.79,7,6,7,2.092,6,5,3,1.976,5,0,4,0
7,2,3,5,0,2,2,3,5,3,2,5,2,3.343,2,0,3,5,1.643,7.827,0.0,5,1.441,7,7,-4.586,5,5,-2.8,1.26,2,-0.282,1,1.213,1.0,2.43,6,3,2,0.433,2,0,5,4.832,5,3,1,0
0,7,6,1,0,5,0,3,0,7,0,3,1,-3.035,3,3,4,6,0.305,2.161,0.0,3,-0.537,6,4,1.454,2,1,1.563,2.19,5,0.396,2,-0.36,1.0,4.32,3,3,6,0.441,5,0,5,2.109,0,7,6,0
7,3,6,5,0,0,0,3,2,7,3,1,7,5.453,0,7,0,2,0.903,-0.253,0.0,0,2.302,2,0,0.925,1,4,2.938,4.49,3,-0.544,3,2.153,1.0,7.2,7,3,2,3.854,4,1,7,0.676,6,2,4,0
0,5,4,1,0,2,7,5,2,1,2,2,5,1.244,1,7,2,0,1.246,-1.107,0.0,5,1.858,7,6,1.4,1,3,1.027,0.36,2,1.442,6,2.614,2.0,2.0,7,7,4,-0.622,5,5,0,-3.01,1,5,2,0
0,4,3,3,1,6,3,1,2,1,5,0,0,4.87,0,1,6,7,3.709,6.284,0.0,2,4.588,6,4,2.558,3,1,4.191,1.68,2,-0.17,7,3.823,3.0,8.93,6,1,6,6.018,6,2,5,5.573,0,5,2,1
6,0,4,2,0,2,2,0,3,5,5,1,5,6.009,7,7,0,1,2.436,2.382,0.0,7,1.248,5,1,3.715,1,0,0.073,3.4,6,-0.861,4,1.617,1.0,1.99,7,7,5,2.502,5,2,4,1.85,6,0,7,0
1,6,7,7,0,3,7,5,6,4,4,4,4,-2.106,1,1,1,5,0.21,1.425,0.0,6,-0.696,2,7,-3.695,3,3,2.023,3.79,4,1.211,4,1.031,0.0,2.5,5,3,7,-2.188,6,2,3,-3.732,3,2,4,0
0,4,6,0,0,2,0,0,5,6,4,6,6,3.666,2,7,3,1,1.706,1.437,0.0,1,2.707,2,6,1.915,5,4,2.335,3.05,6,-1.691,5,1.574,1.0,5.98,4,6,5,0.694,2,3,3,4.883,4,4,2,0
4,3,2,4,0,0,4,2,1,1,0,1,2,4.304,0,6,4,1,1.01,-2.654,0.0,5,2.663,4,0,2.343,6,3,2.058,4.44,3,0.996,3,0.963,1.0,1.65,2,4,5,1.731,4,3,3,0.262,7,7,3,0
0,2,2,6,1,3,0,7,7,3,1,7,0,2.622,3,1,3,2,2.929,-0.292,0.0,6,4.055,5,6,3.499,2,1,2.797,3.21,7,-0.383,5,2.265,2.0,2.74,1,2,4,2.416,7,3,5,6.908,0,4,3,0
2,3,6,4,1,5,2,1,5,2,5,7,4,2.026,2,3,2,3,2.824,3.257,0.0,1,0.961,0,6,1.288,1,2,0.121,2.84,3,-0.046,7,3.621,1.0,5.69,5,3,1,3.416,1,3,4,2.052,3,5,7,0
5,5,2,6,0,0,0,5,0,6,2,7,1,1.033,3,6,2,6,0.71,0.534,0.0,3,1.765,2,5,-2.5,0,4,1.726,2.87,1,1.485,7,-0.282,0.0,5.13,5,0,7,3.215,6,1,3,-4.327,5,2,3,0
1,2,1,1,1,7,4,7,4,0,3,1,6,4.472,7,2,1,7,3.04,5.74,0.0,6,3.652,7,2,4.335,4,6,3.075,2.4,3,-2.351,1,3.416,1.0,2.82,1,7,6,-1.187,6,1,3,1.527,7,7,5,0
0,4,5,6,0,6,5,2,6,0,0,7,3,1.599,4,0,5,3,1.046,1.926,0.0,4,0.064,4,2,5.466,5,5,2.452,2.82,1,0.523,0,2.365,0.0,4.58,0,4,5,0.787,6,5,5,1.8,1,2,6,0
5,0,3,2,1,2,0,1,3,1,7,7,3,2.918,2,6,5,2,2.25,6.315,0.0,3,1.303,3,2,-1.486,1,5,2.39,4.96,6,-1.33,5,1.571,2.0,7.26,6,3,7,3.059,6,2,3,1.403,6,0,6,0
6,5,6,7,0,3,1,4,3,6,7,2,7,0.182,4,4,5,0,0.839,-0.05,0.0,1,-0.327,2,2,-1.083,1,2,5.064,1.41,7,0.205,4,1.631,1.0,3.7,7,2,7,2.036,1,1,6,-4.301,2,3,5,0
6,1,4,7,1,2,2,4,6,1,2,0,3,3.635,0,1,3,0,3.716,5.036,0.0,7,4.46,3,6,3.77,7,6,2.73,3.8,5,0.57,7,3.342,2.0,2.17,0,3,2,3.081,4,3,2,4.553,3,7,7,0
6,7,4,4,0,7,3,7,4,3,4,4,6,-0.302,7,0,7,1,0.574,3.295,0.0,3,-0.298,6,5,2.561,0,1,1.771,3.88,4,-0.509,7,1.163,-0.0,3.96,3,6,3,2.5,4,3,7,-0.059,5,5,5,0
5,5,4,4,0,7,0,3,6,7,5,3,4,-2.177,7,7,3,5,1.312,-0.514,0.0,3,0.387,4,2,4.621,7,6,-1.986,3.37,6,-2.324,1,1.737,0.0,9.53,3,0,6,-0.684,0,2,0,1.117,5,2,3,0
7,5,1,2,1,4,2,7,1,0,4,7,1,4.46,4,1,0,1,3.453,3.801,0.0,2,4.112,3,2,3.305,7,0,1.364,3.7,6,0.248,5,2.454,2.0,4.95,5,5,1,1.607,6,0,1,4.495,4,7,6,0
4,5,1,0,0,7,7,3,1,2,6,0,0,-0.502,4,4,1,6,-0.05,2.419,0.0,0,-0.369,2,0,0.182,3,2,0.872,1.79,0,-0.013,2,0.434,0.0,4.78,5,5,3,-0.089,5,3,4,1.099,2,6,7,0
0,1,6,6,0,3,2,2,2,4,7,5,3,5.406,3,0,3,4,1.786,0.602,0.0,6,2.575,4,1,-0.197,1,5,0.18,0.69,5,1.517,6,1.994,1.0,4.42,3,5,3,0.391,6,5,5,3.102,2,0,2,0
6,5,6,7,0,3,6,2,2,5,3,5,2,4.436,5,1,5,7,0.584,1.654,0.0,6,0.5,2,6,1.982,1,2,0.893,3.53,5,-0.246,4,1.133,0.0,4.81,2,1,0,1.307,4,4,5,3.873,1,0,7,0
4,7,3,6,0,1,4,3,4,0,5,5,3,0.957,3,5,3,5,0.458,0.646,0.0,3,1.736,4,6,-0.121,1,2,0.424,3.73,1,-0.68,0,1.433,1.0,5.78,6,4,5,2.525,7,7,3,1.861,0,4,7,0
5,1,0,3,0,7,6,4,1,5,3,3,0,0.192,3,4,5,7,1.255,1.959,0.0,6,-1.048,4,4,-1.568,4,1,-1.753,2.69,5,0.294,6,0.712,1.0,4.06,4,2,7,-1.119,6,7,2,0.244,4,2,6,0
1,7,1,3,0,6,7,1,5,4,5,2,2,3.66,3,0,3,7,1.541,0.787,0.0,0,1.447,4,1,-1.731,5,1,0.757,3.32,2,-0.734,6,1.347,0.0,2.87,5,4,1,-2.576,7,4,7,0.724,1,6,7,0
1,4,5,0,0,7,4,1,0,5,7,1,2,5.879,2,7,0,5,1.039,3.572,0.0,2,1.672,6,5,2.28,0,1,1.976,3.16,1,0.894,6,0.193,0.0,1.96,5,4,5,0.203,1,7,5,0.63,5,3,0,0
4,2,7,2,1,5,5,2,7,5,1,5,7,2.429,1,7,5,0,2.398,2.716,0.0,4,3.689,4,3,3.071,2,0,4.387,0.27,2,0.416,3,2.714,2.0,2.3,2,4,7,5.837,5,0,7,5.156,3,1,4,0
7,1,7,3,0,2,0,1,1,2,7,1,5,-3.895,0,7,5,6,0.248,-2.735,0.0,4,-1.706,4,3,0.124,7,7,0.832,3.74,4,-0.588,7,-0.092,0.0,5.04,2,7,4,2.185,6,0,4,2.27,5,2,5,0
5,4,5,1,0,1,4,5,0,6,6,5,1,1.355,4,2,2,7,0.796,0.982,0.0,4,2.377,3,4,1.589,5,4,0.565,3.54,0,-0.203,0,1.046,0.0,3.11,7,5,4,2.417,2,0,0,-1.798,5,5,2,0
0,2,6,1,0,5,6,3,2,2,7,2,1,-2.314,0,6,0,7,0.726,-2.184,0.0,5,1.838,0,0,-0.872,2,5,2.508,2.68,0,-1.747,6,0.99,0.0,4.42,0,0,2,-0.298,2,5,5,1.137,1,6,7,0
6,0,1,6,0,0,7,7,6,2,7,0,6,1.241,2,2,2,4,1.871,-0.837,0.0,3,3.265,4,0,1.577,1,0,3.954,3.22,1,-0.272,0,3.084,1.0,4.92,6,4,7,4.87,0,1,3,1.876,5,2,3,0
1,0,7,2,0,3,2,7,6,1,4,6,4,-2.389,7,1,2,4,1.562,-2.029,412.84,5,-0.166,3,2,-0.444,1,3,-0.186,2.58,7,0.401,7,1.532,1.0,7.07,6,4,2,1.01,7,5,5,0.329,0,3,1,1
1,5,7,3,1,3,4,5,5,1,7,1,6,6.854,2,2,7,5,4.071,4.114,333.17,0,2.333,3,3,1.456,5,5,2.393,5.71,5,0.297,3,3.248,2.0,5.74,3,5,5,0.396,5,7,0,1.262,5,2,4,1
4,3,0,1,1,3,2,2,1,2,3,6,4,2.686,4,0,7,2,2.851,5.264,0.0,4,3.641,0,5,5.939,1,7,2.682,5.18,0,0.367,1,3.009,2.0,1.67,4,1,5,4.238,2,0,0,3.35,2,2,5,0
5,2,0,1,1,3,3,2,5,2,6,1,3,3.764,0,4,6,0,2.541,2.071,0.0,4,3.235,0,2,2.245,4,0,2.534,3.95,4,1.54,6,3.049,2.0,5.19,4,2,3,2.112,3,5,4,3.64,5,3,7,1
2,4,1,0,0,6,7,1,6,0,7,0,4,1.824,3,7,0,2,0.685,4.73,0.0,6,0.329,3,6,0.851,2,1,0.446,4.23,4,-0.707,5,1.463,1.0,0.89,6,4,5,-0.393,2,6,2,-1.755,7,6,6,0
1,5,1,1,0,1,0,7,2,4,2,7,3,0.792,1,7,6,3,1.203,2.067,0.0,7,2.7,4,7,0.739,6,0,1.316,4.48,5,-1.528,7,1.306,1.0,4.93,3,5,7,4.992,5,7,5,4.09,1,6,4,0
6,4,5,3,1,2,5,5,3,4,6,2,3,2.461,2,3,4,4,4.106,1.923,292.51,3,2.08,6,6,0.24,6,1,4.047,5.05,0,-1.41,5,3.281,2.0,8.89,3,0,1,4.721,4,7,6,3.775,4,3,7,1
7,1,1,4,0,1,2,3,7,5,5,1,1,-1.764,2,5,1,2,0.677,0.058,0.0,0,-2.679,5,5,-0.411,3,7,2.086,3.88,2,0.51,3,0.751,-0.0,3.3,3,2,4,1.159,7,2,3,1.323,2,0,5,0
0,7,3,4,0,0,5,1,5,2,2,4,7,2.274,1,4,2,5,0.26,1.882,0.0,6,-0.088,1,4,-1.307,6,7,3.46,4.18,6,1.757,4,0.073,1.0,4.21,0,1,5,2.331,3,3,6,1.91,7,0,6,0
5,2,6,5,0,7,6,4,3,0,4,5,4,2.189,3,5,1,5,0.866,0.04,0.0,5,-1.0,7,3,2.904,0,6,-0.414,6.0,6,-0.188,5,0.98,0.0,2.3,4,0,6,2.596,5,6,0,0.868,4,3,2,0
3,6,5,6,0,4,0,1,3,7,3,6,3,-2.123,6,5,2,7,0.508,-1.834,0.0,7,1.764,7,4,2.794,3,0,0.997,2.28,0,-1.04,0,0.708,1.0,1.04,6,1,0,3.641,0,4,6,4.629,3,0,6,0
7,6,7,1,0,4,3,5,1,0,5,4,7,4.274,5,4,0,3,2.459,4.441,0.0,4,2.697,7,5,2.626,0,6,1.614,3.76,1,-0.973,4,3.313,1.0,4.11,6,7,5,2.483,7,5,2,3.356,0,1,3,0
5,3,2,7,1,7,5,1,6,4,6,2,5,5.478,4,2,1,5,5.174,7.486,0.0,4,4.684,4,1,6.048,2,3,3.542,4.55,0,0.823,2,5.788,2.0,0.07,4,4,5,4.998,2,1,3,3.273,7,7,6,0
6,7,6,6,0,3,3,2,2,1,1,7,4,3.092,7,3,5,4,1.829,3.731,0.0,1,3.311,5,3,-0.122,2,3,1.303,0.08,7,-2.022,2,1.469,1.0,7.13,7,0,4,0.896,6,5,7,1.168,0,6,4,0
5,4,1,0,0,6,4,3,3,5,5,1,7,-2.067,5,2,7,2,0.899,1.912,0.0,6,1.565,7,4,2.477,6,0,1.964,2.35,2,0.079,4,0.773,0.0,4.55,7,5,7,-1.027,3,2,5,-2.997,2,3,1,0
6,5,1,0,0,4,1,0,7,4,0,7,1,0.588,1,0,0,4,-0.063,1.138,0.0,7,0.553,6,6,0.984,0,6,3.033,3.97,3,1.39,0,1.015,0.0,3.72,3,1,1,2.7,4,2,7,-1.042,4,1,3,0
3,1,6,0,0,3,3,4,1,4,0,6,2,1.924,4,3,4,6,1.688,2.305,0.0,5,0.312,1,7,5.174,6,3,0.488,0.64,2,0.115,0,2.16,1.0,2.68,1,6,1,2.199,5,1,0,-1.712,7,7,3,0
1,3,7,4,1,0,3,6,7,3,6,4,7,3.017,5,2,6,0,4.297,4.682,708.74,6,4.036,2,0,3.083,4,6,4.256,4.66,2,0.517,6,4.388,3.0,6.42,6,6,2,4.975,4,2,0,6.042,0,7,5,1
7,7,2,0,0,3,2,7,7,6,0,7,7,-4.165,3,2,6,2,0.485,0.139,0.0,5,2.078,1,3,4.95,6,0,-1.096,3.88,6,-0.851,0,1.404,0.0,3.6,7,5,6,3.255,0,3,1,5.915,3,3,5,0
1,3,6,6,1,6,6,2,0,0,4,4,3,5.766,3,5,2,2,3.507,3.456,0.0,7,3.306,3,4,3.224,7,7,4.669,3.63,1,-0.806,5,3.809,2.0,2.6,4,6,6,5.158,4,5,6,2.85,6,2,5,0
1,4,0,2,0,1,5,3,1,4,3,1,5,-1.986,6,1,3,5,0.708,-1.273,0.0,6,-0.717,4,3,1.03,0,4,0.901,3.0,5,-0.476,6,1.449,1.0,2.88,4,1,4,3.257,1,1,4,2.305,6,2,6,0
4,0,5,2,0,7,1,0,2,1,0,1,2,3.067,0,1,3,7,2.476,3.467,0.0,7,2.195,3,2,3.775,0,1,1.263,4.37,4,-1.285,5,1.921,1.0,3.95,2,6,2,0.063,2,1,5,2.632,5,2,6,0
2,4,6,3,0,2,6,2,0,3,6,6,7,-1.78,7,3,0,3,0.848,3.842,0.0,0,1.431,1,1,-1.593,2,7,0.164,4.83,0,-0.07,2,0.431,1.0,5.28,1,6,4,1.939,0,2,4,-1.088,4,5,6,0
6,7,3,3,0,7,2,6,6,2,2,5,3,2.199,1,5,5,1,1.702,3.692,0.0,6,4.362,3,1,4.424,6,4,2.905,3.6,2,-0.306,5,2.544,2.0,6.51,0,5,7,-0.115,7,3,2,4.465,5,3,0,0
0,4,6,5,1,2,3,4,0,4,1,0,6,2.214,5,1,4,7,3.073,0.103,0.0,6,3.391,0,3,5.037,5,0,3.698,2.0,3,0.29,6,2.299,1.0,3.09,7,2,7,2.555,2,7,4,2.169,3,3,0,0
4,7,0,7,0,2,1,5,4,1,3,0,3,0.35,7,0,4,1,1.64,-1.423,0.0,5,0.216,3,7,0.298,4,0,2.284,4.99,1,-0.825,3,0.63,1.0,3.48,7,1,1,-0.578,0,2,7,2.981,4,0,7,0
0,4,2,6,0,2,6,4,1,6,0,7,0,-0.104,4,0,3,7,1.111,2.762,0.0,5,0.337,0,7,3.509,3,4,2.019,3.94,2,-1.917,5,0.926,-0.0,1.81,5,3,7,-1.468,5,6,6,3.618,7,3,7,0
7,6,2,4,1,7,0,7,1,3,6,1,5,4.816,2,2,2,2,3.636,6.716,0.0,5,4.035,0,0,3.286,7,3,5.955,3.69,3,0.163,4,4.074,2.0,3.69,4,1,5,3.13,3,0,6,6.281,4,7,5,0
3,2,1,5,0,4,0,3,2,6,6,5,5,-1.239,2,7,6,4,0.033,-1.841,0.0,6,1.315,4,3,0.298,4,4,0.594,2.3,3,-0.226,5,0.113,-0.0,5.6,7,3,6,-0.191,0,5,5,-1.15,2,5,1,0
7,5,3,7,0,5,0,7,6,5,6,5,3,5.099,5,4,6,5,0.375,-1.774,0.0,4,-1.281,7,4,0.546,2,2,0.493,1.48,7,1.737,7,1.107,0.0,1.27,4,2,5,-3.125,0,6,1,0.576,3,3,2,0
6,6,2,3,0,4,7,6,3,4,7,6,7,3.309,0,2,7,3,-0.028,-3.309,0.0,6,0.138,2,3,-0.503,4,3,-0.573,3.21,0,-1.316,6,1.05,0.0,4.34,3,2,2,1.787,6,7,3,3.929,1,2,2,0
5,4,6,6,1,6,5,6,0,0,7,7,7,1.145,0,2,4,7,3.062,5.155,0.0,4,2.919,6,6,2.926,5,0,-0.012,2.99,5,-0.401,2,2.35,2.0,4.04,1,4,4,1.21,6,0,7,-0.809,0,3,2,0
3,3,5,3,1,4,3,6,4,4,3,5,7,2.068,0,7,4,0,3.828,6.223,0.0,6,3.657,5,7,1.382,2,5,5.395,3.83,3,0.438,4,4.604,2.0,1.34,7,6,7,2.647,2,5,5,4.936,5,4,4,0
5,2,0,2,1,1,2,1,6,7,3,2,2,5.061,4,5,6,6,5.314,5.126,383.41,7,5.553,1,4,6.68,7,0,4.499,7.52,0,0.439,2,6.642,4.0,8.29,0,7,6,5.358,4,5,4,6.021,1,0,0,1
3,0,6,5,1,5,4,3,4,5,0,5,1,7.986,3,4,3,7,6.271,9.173,0.0,7,6.144,7,3,11.344,4,7,6.704,5.87,2,-0.916,2,5.862,5.0,9.69,7,1,2,8.272,7,2,1,7.258,1,6,2,1
6,0,5,0,1,4,4,2,2,7,6,4,4,2.53,4,0,6,5,2.392,4.297,414.3,2,2.297,2,4,2.347,5,3,1.822,4.61,3,-0.642,1,2.193,2.0,7.28,7,4,3,0.013,0,3,7,4.067,0,4,7,1
4,3,1,7,0,6,5,7,1,6,6,1,4,1.148,3,0,0,5,0.936,-7.035,0.0,6,0.759,3,3,-0.786,3,6,2.52,2.63,3,1.206,3,1.219,1.0,5.16,5,4,1,0.237,2,7,7,3.105,2,1,5,0
5,5,1,5,0,1,6,7,3,5,1,0,4,-1.104,2,2,0,2,1.074,0.703,0.0,5,-0.366,2,4,-0.489,2,3,-1.302,3.54,2,0.119,6,1.226,0.0,4.51,0,6,5,-0.606,1,1,7,-0.784,7,2,0,0
3,0,0,2,1,0,5,1,7,2,0,7,5,0.884,1,6,1,3,3.594,1.31,0.0,4,1.23,0,3,-1.075,5,6,1.09,1.92,0,-0.601,5,2.625,1.0,3.43,2,4,2,3.923,1,7,5,6.806,2,3,1,0
2,3,7,0,0,7,5,5,0,1,7,3,0,3.455,3,7,5,3,0.771,1.127,0.0,3,0.87,6,4,0.822,0,2,2.184,4.75,2,-0.461,5,0.056,0.0,5.16,7,5,2,-1.485,5,5,5,-0.207,6,1,5,0
1,5,1,3,0,0,0,6,6,7,0,0,4,-0.217,3,7,7,3,1.384,-2.404,207.8,5,2.988,2,4,2.708,1,0,0.826,7.75,5,-1.811,7,1.531,1.0,6.21,4,7,5,5.385,4,1,2,1.943,1,4,3,1
1,1,2,4,0,2,6,1,6,0,3,0,1,-2.903,2,7,7,7,0.404,-0.358,0.0,3,-0.227,4,2,0.424,4,3,0.51,4.96,3,-1.075,2,0.701,0.0,4.49,1,5,7,-0.839,5,0,5,-0.2,5,4,0,0
5,0,4,6,1,1,0,3,6,4,1,2,1,1.729,1,0,5,6,4.766,3.65,627.28,6,3.238,7,4,5.991,0,0,4.462,3.66,2,1.237,1,4.957,3.0,6.52,3,0,4,5.808,2,0,7,5.695,3,0,6,1
6,6,6,3,1,0,4,2,5,6,6,7,0,3.004,3,5,1,5,3.117,1.317,0.0,5,2.396,6,4,7.528,3,3,5.133,0.43,6,-0.293,3,1.855,2.0,4.72,0,7,2,-0.057,7,6,4,1.651,2,7,1,0
1,1,0,7,1,1,2,1,1,6,1,7,4,0.281,3,7,4,2,2.054,-0.242,0.0,6,2.491,3,0,2.471,3,4,2.442,3.14,2,0.841,4,3.085,2.0,0.28,2,7,5,5.707,0,3,6,-3.75,7,1,0,0
3,0,0,2,0,5,5,3,7,6,2,6,0,-0.455,7,2,5,3,2.405,2.533,0.0,3,2.608,2,7,1.756,7,0,1.93,4.24,3,1.062,7,3.279,1.0,6.46,6,5,0,6.449,5,5,4,-0.552,0,7,0,0
0,4,4,7,1,2,6,7,6,5,4,3,7,4.083,0,4,0,4,4.146,3.631,273.24,1,5.946,7,5,3.981,5,3,4.225,4.84,0,1.521,0,4.131,3.0,5.32,3,0,7,2.314,1,7,4,6.347,3,4,0,1
5,1,6,5,0,4,1,2,2,5,6,5,6,2.101,5,1,1,6,0.696,-0.064,0.0,4,1.936,5,2,0.271,4,4,0.013,2.25,2,0.697,5,0.959,0.0,5.08,1,1,3,-0.79,4,1,6,-0.29,3,7,2,0
1,0,4,3,1,6,6,6,3,1,3,4,3,5.307,6,7,6,1,3.779,2.903,0.0,5,0.711,4,2,2.915,2,1,4.341,4.29,2,0.418,7,3.383,2.0,5.58,1,1,7,3.432,5,2,7,2.854,4,1,6,0
3,4,4,3,0,4,3,2,5,1,1,1,5,4.608,0,4,7,6,1.805,4.752,0.0,1,3.0,0,5,2.369,2,2,2.68,4.99,7,1.094,3,1.691,1.0,3.82,2,5,0,2.914,7,4,1,-2.557,6,3,4,0
7,0,7,4,1,7,1,4,4,7,6,4,7,-0.987,4,6,0,3,2.244,3.498,0.0,3,3.308,5,0,1.003,0,3,0.521,3.06,3,0.339,5,2.451,1.0,4.7,7,0,4,5.128,7,1,2,1.458,3,4,4,0
2,4,4,1,0,4,5,4,2,3,3,1,1,4.139,6,5,6,0,2.321,5.656,0.0,7,3.833,2,6,2.972,0,3,1.269,3.06,6,-1.169,3,2.982,2.0,1.37,2,3,0,2.271,1,6,0,1.981,6,5,4,0
7,0,1,4,0,4,3,7,6,7,4,7,7,4.164,6,4,7,6,0.558,1.437,0.0,2,1.089,6,3,2.385,5,7,0.83,1.26,1,-1.125,6,0.637,0.0,6.96,4,2,5,-2.28,1,7,1,0.349,5,7,1,0
6,7,5,1,1,7,5,3,2,7,2,5,6,1.753,6,5,1,0,1.76,4.333,0.0,6,2.275,2,6,6.869,1,6,2.673,5.73,4,-1.942,3,2.845,1.0,2.2,6,5,7,0.818,3,2,2,3.929,2,1,6,0
2,0,3,6,0,5,4,1,6,3,5,5,7,-1.921,5,1,6,2,0.978,-3.549,0.0,0,-0.737,1,2,-1.957,4,5,-1.556,2.86,2,-0.945,3,0.054,0.0,4.83,7,6,1,-0.692,2,3,7,1.179,6,2,4,0
4,7,2,6,0,0,4,4,7,3,0,0,7,2.022,2,3,2,5,1.775,1.644,0.0,0,-0.594,0,0,-1.95,5,0,0.1,3.32,3,-1.036,3,1.73,0.0,6.75,3,0,4,0.384,7,2,7,0.975,0,5,7,0
4,4,7,6,0,2,6,6,6,0,3,1,2,1.279,6,1,3,0,1.646,1.293,0.0,3,1.711,0,4,4.905,1,7,4.015,2.99,2,1.218,7,2.481,2.0,3.62,7,3,6,0.39,6,1,6,3.017,2,4,1,0
2,1,7,5,0,3,1,3,6,7,6,2,6,2.332,7,3,4,2,0.799,2.976,0.0,4,-0.565,7,4,3.154,3,5,0.377,4.28,6,1.334,4,0.25,-0.0,4.13,0,7,6,1.23,7,6,3,6.919,5,1,3,0
2,2,4,4,0,6,4,1,0,4,1,5,5,-1.668,2,1,3,0,0.625,1.017,0.0,0,1.977,4,3,2.92,6,2,2.62,4.37,4,0.414,5,1.131,0.0,2.23,3,0,6,0.486,7,2,0,0.196,2,3,1,0
0,5,5,0,0,1,0,0,6,7,7,3,2,-0.58,2,7,3,4,0.074,-1.65,0.0,7,-1.017,7,5,-1.917,6,1,2.782,3.38,2,-1.769,2,-0.233,-0.0,7.45,6,6,2,-0.603,6,7,4,1.035,6,6,5,0
6,0,0,3,1,0,4,7,5,7,5,5,7,2.699,0,1,7,3,1.41,2.879,0.0,1,1.651,1,3,6.0,1,2,4.921,1.9,1,-0.314,1,1.716,1.0,3.68,1,1,4,1.267,0,4,7,4.265,2,2,3,0
4,1,3,1,0,7,5,6,3,6,5,2,5,-1.914,1,4,4,0,0.147,-0.253,0.0,4,2.407,5,0,-1.045,4,4,0.53,2.0,2,-0.045,2,1.719,1.0,4.6,7,6,0,-2.719,3,6,0,-0.36,4,3,1,0
5,2,3,2,0,5,1,2,5,4,0,0,5,-3.835,5,5,5,2,0.327,-2.209,0.0,5,0.547,5,2,-3.169,0,1,0.435,5.13,5,-1.001,7,1.12,0.0,4.73,1,0,5,-2.042,6,6,7,1.825,7,6,5,0
5,5,4,3,0,6,1,1,3,5,2,7,4,-0.712,2,5,5,6,0.671,-1.477,0.0,4,0.305,4,2,-0.002,2,7,-1.127,1.32,0,0.664,0,1.218,-0.0,5.57,3,5,3,2.306,4,3,1,2.082,3,6,4,0
1,5,3,0,0,4,6,1,7,6,3,5,6,6.602,3,1,1,6,1.485,2.542,0.0,0,3.417,2,6,-1.074,1,2,-2.238,1.4,5,2.669,7,0.958,2.0,3.59,1,6,1,1.782,3,4,6,0.528,5,0,7,0
3,2,0,4,0,4,6,5,5,5,6,1,3,1.671,6,7,2,5,0.026,5.099,0.0,3,0.618,5,0,2.383,7,6,1.467,4.6,5,0.809,3,1.717,1.0,2.93,0,0,5,-2.615,4,5,5,6.565,4,7,6,0
4,7,2,7,0,6,6,0,2,0,5,6,6,-0.328,5,1,7,3,-0.147,2.745,0.0,5,-0.294,3,7,-0.687,2,1,-0.081,4.62,1,-0.06,4,1.054,0.0,4.58,4,3,2,2.404,0,0,7,-0.121,0,3,4,0
4,3,5,0,0,3,3,2,6,2,3,0,7,-3.076,6,3,1,1,0.981,0.962,0.0,4,0.956,3,3,3.238,0,4,2.191,3.91,3,0.397,2,0.89,0.0,6.0,5,3,6,0.135,5,1,0,-0.999,0,7,7,0
6,3,6,3,0,3,1,2,3,0,2,3,5,-2.021,3,1,6,5,0.465,3.963,0.0,7,0.283,0,1,-1.15,2,1,-1.265,2.62,4,-0.844,2,-0.176,0.0,3.81,1,7,6,-2.668,5,0,2,0.419,0,4,3,0
7,6,4,1,1,1,0,2,4,5,4,7,3,2.362,3,4,2,6,3.293,7.957,131.51,5,4.35,3,3,5.093,3,3,2.138,3.73,2,0.162,0,2.888,2.0,8.31,7,2,7,4.863,4,0,5,0.561,3,7,1,1
1,5,5,4,0,2,3,6,4,7,0,1,6,-1.466,0,0,5,5,1.171,0.228,0.0,2,2.784,2,5,-4.577,0,0,0.735,3.4,5,0.75,5,0.917,1.0,6.74,4,1,7,-0.642,6,6,1,2.84,6,4,0,0
7,3,3,3,1,0,6,2,7,6,7,3,7,3.669,4,7,4,5,3.392,0.907,0.0,5,2.195,7,5,7.375,5,3,2.209,4.64,7,-1.241,7,2.429,2.0,1.12,3,4,6,4.792,6,1,4,5.5,1,6,0,0
2,5,1,6,0,4,2,5,6,2,3,1,0,-1.133,5,0,3,2,0.311,0.378,0.0,0,-0.84,4,7,-0.893,7,3,0.063,1.45,7,-1.642,4,-0.72,0.0,5.47,5,4,6,2.72,4,5,1,-2.231,3,2,5,0
3,0,5,4,1,6,7,3,5,6,4,2,6,-2.175,2,0,5,6,3.094,3.521,0.0,6,2.571,1,5,4.192,5,3,2.56,2.13,4,0.976,7,2.659,1.0,5.9,3,0,4,0.043,1,0,6,3.473,5,6,4,0
4,6,7,6,0,5,6,4,1,6,0,6,2,1.344,0,1,5,3,0.745,-1.936,0.0,2,0.319,1,3,2.074,3,5,5.498,7.99,2,-1.149,5,1.785,1.0,4.96,3,1,3,2.33,4,5,4,4.576,2,6,7,0
4,0,4,2,1,6,2,7,3,3,6,2,5,3.917,6,6,4,5,3.008,0.065,0.0,3,2.588,0,5,4.964,4,6,4.014,0.41,2,-0.484,3,2.952,2.0,4.4,3,0,4,3.632,6,6,1,2.362,5,3,2,0
4,7,1,3,0,6,4,4,0,0,2,2,3,1.282,2,1,1,1,-0.069,1.31,0.0,0,2.806,0,0,0.027,5,0,-0.155,3.78,7,1.354,5,-0.73,0.0,3.0,4,6,7,-0.971,5,7,6,-0.334,0,7,7,0
2,7,6,6,1,3,4,1,4,1,3,7,3,2.636,3,5,5,2,2.231,3.964,481.68,7,3.083,7,4,2.609,1,5,2.566,3.5,3,0.002,7,2.712,2.0,3.48,6,1,3,3.629,4,4,6,11.023,0,5,2,1
4,0,5,6,0,2,7,6,7,2,4,4,0,1.859,2,3,5,7,1.172,1.784,0.0,1,1.881,1,7,-0.339,0,4,2.144,0.88,7,1.571,6,1.535,1.0,5.32,3,4,5,2.332,1,7,5,2.061,5,4,2,0
6,5,1,1,0,5,2,1,4,1,2,0,5,0.859,1,3,0,2,2.195,0.722,0.0,5,0.272,4,2,2.71,6,3,1.924,1.93,7,-1.024,1,1.865,1.0,4.24,2,5,2,3.709,5,5,1,3.244,2,0,5,0
5,1,6,3,0,2,3,2,5,6,4,4,4,2.607,7,1,2,0,0.652,1.532,0.0,4,0.439,6,1,0.21,3,6,-1.798,3.61,7,0.403,0,0.628,0.0,1.34,2,2,5,-3.646,6,4,7,-0.593,2,4,0,0
6,3,6,6,1,2,5,1,3,4,7,7,6,0.503,2,6,3,3,3.493,4.273,833.36,1,2.284,1,3,3.257,1,4,0.971,4.6,0,0.056,6,3.372,1.0,6.03,0,0,6,4.114,3,4,7,6.601,7,6,3,1
5,3,0,6,0,1,7,0,4,1,3,5,5,0.036,0,0,7,5,0.26,4.092,0.0,7,-0.155,4,0,-0.092,6,2,-0.565,1.62,3,-0.672,4,0.059,0.0,2.33,2,0,0,1.425,4,7,4,-0.318,0,1,1,0
5,4,1,6,1,2,2,1,6,5,1,0,0,2.895,0,7,2,6,5.014,6.874,608.61,6,4.542,3,1,5.761,5,6,5.895,5.03,6,1.529,5,5.413,3.0,4.4,6,0,1,4.94,3,4,3,7.202,0,4,7,1
5,3,0,7,0,0,3,2,2,2,0,3,4,2.572,4,3,6,4,0.91,-3.901,0.0,0,1.412,4,5,2.521,7,2,-1.242,2.48,6,-1.629,3,1.145,0.0,3.06,3,3,1,1.011,1,0,5,0.602,0,4,0,0
2,6,2,7,0,6,4,4,3,5,0,1,5,3.793,2,2,7,7,2.671,3.555,0.0,2,2.855,0,0,1.315,5,5,2.867,1.06,4,0.744,1,2.187,2.0,2.97,6,5,1,1.7,2,6,6,0.243,3,2,3,0
7,7,3,7,1,3,1,6,6,4,0,1,6,5.02,5,1,7,0,3.875,3.94,0.0,6,4.12,4,7,4.459,6,4,5.594,2.8,1,0.483,0,4.575,2.0,2.49,5,4,7,3.126,4,7,4,5.328,6,6,6,0
1,3,2,1,0,3,7,2,3,2,0,2,6,1.544,4,2,6,2,0.115,2.82,0.0,4,-0.242,1,3,1.433,1,7,0.872,5.7,0,0.219,2,-0.002,0.0,4.57,1,5,5,-1.972,5,2,7,-1.166,1,7,7,0
7,7,1,3,1,6,0,6,6,7,5,1,3,2.557,7,6,4,5,2.768,3.859,0.0,2,3.913,6,6,2.319,2,0,0.636,2.12,4,-0.181,0,1.778,2.0,3.64,0,0,5,4.499,1,6,0,2.559,5,7,4,0
6,1,1,0,0,4,2,0,7,0,4,0,2,-2.44,5,3,5,1,0.424,0.075,0.0,6,1.739,3,5,-1.536,5,2,1.722,4.53,5,-0.073,7,1.786,2.0,3.81,5,0,3,6.255,3,6,6,1.486,3,1,2,0
2,3,2,7,0,2,1,1,5,7,6,1,4,-0.221,4,1,6,5,0.079,2.371,660.5,2,0.809,4,6,-4.074,3,0,-1.088,2.05,6,0.069,3,0.902,1.0,8.52,6,3,1,2.899,1,4,0,-3.729,0,6,6,1
6,4,5,4,0,0,6,4,2,2,4,2,5,0.334,4,4,1,1,0.8,3.428,0.0,3,1.217,0,2,-0.191,3,7,0.529,4.08,1,-0.487,7,1.702,0.0,4.25,7,2,2,4.534,1,5,0,1.313,0,5,0,0
7,5,3,0,0,3,0,4,6,2,1,4,6,0.295,5,7,3,3,0.352,1.999,0.0,1,-0.141,6,3,0.024,6,7,1.518,1.33,3,0.189,0,0.93,1.0,3.83,7,0,7,2.249,7,1,4,0.454,0,1,7,0
0,0,4,6,0,5,2,3,0,0,5,6,3,-0.401,4,0,0,4,-0.587,-2.964,0.0,4,-2.414,1,4,-2.081,5,3,-0.876,3.0,4,-0.228,5,-0.543,0.0,2.12,1,0,4,-1.204,0,2,2,-3.53,2,2,2,0
0,2,7,0,0,0,6,6,2,1,7,0,1,1.725,2,6,3,0,0.246,0.362,0.0,1,-0.397,7,6,0.808,5,2,1.806,1.42,1,-0.942,3,1.062,0.0,3.34,4,7,1,3.7,1,1,0,0.693,0,4,1,0
4,2,7,6,0,7,5,6,2,3,2,3,2,4.768,2,0,7,0,0.27,-1.325,0.0,6,0.866,4,4,0.204,3,3,-1.528,0.83,0,-0.61,5,-0.537,-0.0,2.74,3,2,5,0.254,2,0,6,0.247,7,2,2,0
0,0,5,3,0,1,7,1,0,1,7,2,1,1.392,0,6,6,2,0.548,2.441,0.0,2,2.055,1,2,-0.133,6,1,2.679,3.6,0,1.677,7,0.877,-0.0,5.49,3,0,4,-1.82,2,7,3,1.859,0,5,6,0
3,7,5,7,0,4,2,7,7,5,5,1,4,-0.426,1,3,2,1,1.294,0.6,0.0,1,1.799,5,7,4.449,5,0,5.407,2.59,4,0.813,0,1.135,1.0,5.32,0,7,2,3.297,4,6,5,-0.361,4,4,5,0
3,1,5,0,0,6,4,1,2,6,0,3,1,1.441,4,3,1,6,2.272,2.299,0.0,5,2.838,0,7,5.679,2,6,1.4,4.94,3,-0.267,4,1.781,1.0,4.51,7,0,4,2.301,2,0,1,1.229,1,2,6,0
7,1,2,5,0,0,3,7,4,6,3,1,1,-0.856,2,2,5,4,1.457,3.378,0.0,1,2.253,1,3,5.361,5,0,3.294,3.37,1,0.262,2,2.477,2.0,4.89,3,1,6,3.229,6,0,6,1.645,7,2,0,0
3,1,5,3,0,0,2,7,6,5,4,7,1,1.604,7,3,7,1,2.112,2.724,0.0,0,3.169,3,3,2.929,6,3,1.328,2.13,7,-0.104,5,2.729,1.0,1.8,5,6,1,3.401,5,3,4,2.935,3,7,5,0
7,6,2,2,1,0,7,5,7,4,4,1,7,5.761,0,7,5,5,2.925,4.321,0.0,5,1.999,7,2,5.731,3,1,0.549,0.55,5,-0.629,7,4.111,2.0,6.09,5,6,1,-0.946,4,1,5,8.717,3,0,6,0
3,3,7,5,0,0,6,5,0,1,6,3,0,2.609,7,7,5,2,1.403,0.618,0.0,4,1.709,3,5,3.183,1,6,-0.178,6.51,5,-1.829,2,1.842,0.0,6.71,0,1,4,5.737,4,5,3,-0.905,7,6,6,0
7,3,0,2,0,2,6,3,6,2,6,5,7,3.275,5,3,2,5,1.743,2.354,0.0,2,2.912,1,7,3.495,3,4,2.156,4.01,0,-0.262,0,2.757,1.0,3.93,2,5,2,1.937,2,7,3,3.243,4,4,5,0
6,4,6,6,1,2,6,1,2,0,7,7,4,6.763,5,0,1,4,7.628,12.281,469.27,6,8.998,6,4,8.565,6,7,6.917,5.25,3,0.83,6,8.508,6.0,6.98,5,1,5,6.864,6,3,7,7.176,5,2,1,1
7,7,0,2,0,5,2,5,5,6,2,3,4,3.017,5,0,7,1,1.743,-0.884,0.0,6,0.33,2,5,-1.557,2,4,2.209,2.96,5,-1.113,4,1.688,-0.0,4.42,6,0,2,-1.303,7,3,5,0.712,7,5,2,0
3,4,7,7,0,7,3,6,7,6,0,4,1,-2.785,7,4,2,4,-0.058,-1.807,0.0,7,0.48,3,4,-1.18,7,0,-1.672,3.39,7,0.447,6,-0.335,1.0,3.97,2,6,4,-0.291,7,0,7,1.873,1,5,0,0
5,6,3,7,0,5,4,7,6,6,3,3,2,3.514,0,1,5,6,0.842,0.888,0.0,5,-0.147,4,6,0.684,0,1,0.89,6.22,1,-0.788,3,0.859,1.0,6.19,2,5,7,4.78,6,0,4,-2.17,4,7,4,0
3,7,1,1,1,0,7,7,2,7,3,7,4,3.808,1,6,4,5,2.579,3.06,0.0,6,2.666,6,1,3.378,1,5,-0.193,4.63,2,-0.521,3,1.676,2.0,7.57,2,7,2,0.887,1,3,2,2.665,6,0,5,1
5,4,4,7,0,6,1,3,3,5,2,7,0,0.198,0,0,0,4,0.203,1.911,0.0,1,0.697,2,3,-3.712,1,2,3.059,1.55,3,0.592,4,2.12,1.0,7.14,5,0,7,-3.773,5,6,3,3.34,3,7,0,0
2,2,0,2,0,4,4,6,7,3,3,5,6,-2.686,7,0,4,4,0.564,3.88,0.0,0,0.212,7,5,-2.539,6,6,1.844,3.17,7,2.485,2,-0.456,0.0,6.79,1,7,5,-0.877,0,4,3,-3.914,4,2,5,0
2,1,4,3,0,7,6,7,0,7,2,4,0,2.436,7,5,3,3,0.595,0.55,0.0,2,1.658,2,6,-1.088,1,4,1.624,5.19,5,1.206,7,0.586,0.0,5.01,1,2,4,0.934,4,3,0,-0.382,1,5,6,0
5,5,0,0,0,5,4,2,1,0,5,3,6,-0.597,2,6,1,2,0.18,-2.386,0.0,2,-0.953,5,4,1.695,6,7,-0.635,4.87,5,-0.414,3,-0.275,0.0,2.68,2,0,2,-2.623,0,6,5,0.242,5,2,7,0
1,7,7,5,1,1,4,5,3,0,6,4,1,-0.478,7,3,6,3,2.122,2.253,0.0,4,0.547,5,2,3.468,0,2,3.946,6.89,4,1.94,2,1.598,2.0,5.28,1,5,6,1.8,0,4,2,2.48,2,6,2,0
5,3,1,0,0,7,1,2,1,0,1,4,5,-0.51,6,3,0,7,0.604,-4.315,0.0,3,-0.101,6,0,0.55,0,4,1.581,2.45,6,1.518,7,0.025,1.0,5.17,2,4,6,-1.982,4,4,3,1.198,0,4,4,0
6,7,0,6,0,7,2,7,3,2,6,7,7,2.364,5,1,5,4,1.219,-0.314,0.0,3,2.387,1,1,-0.848,6,6,1.826,2.06,0,-1.875,4,0.931,0.0,5.7,1,0,0,0.492,1,0,3,3.807,3,1,3,0
5,7,1,0,0,4,6,2,5,1,0,1,6,4.106,2,1,0,4,1.591,1.684,0.0,1,2.029,3,7,2.701,4,4,1.634,3.87,3,1.928,4,2.161,1.0,3.5,2,5,0,0.993,4,4,4,4.628,3,0,2,0
1,6,6,2,0,6,2,3,1,4,5,7,5,0.809,4,6,4,0,0.682,2.051,0.0,6,0.472,5,5,0.475,4,7,0.649,3.88,7,0.057,0,0.868,0.0,0.45,2,1,5,2.667,0,3,6,0.818,1,3,0,0
3,2,0,0,0,5,1,6,6,3,6,7,5,2.16,7,6,3,6,1.963,1.167,0.0,1,0.765,2,1,6.553,6,7,1.944,5.45,5,0.243,0,1.749,1.0,3.9,1,5,3,0.863,2,5,4,-3.873,5,4,0,0
3,1,0,2,0,2,7,4,6,7,0,4,2,0.36,7,7,5,3,0.69,1.158,0.0,0,2.223,7,7,2.48,2,1,-1.041,1.6,3,1.351,0,1.055,1.0,3.75,3,4,1,-2.917,1,3,5,2.384,0,4,3,0
2,4,6,1,0,6,1,1,5,6,7,2,1,0.674,7,0,2,4,-0.148,1.072,0.0,1,0.418,7,4,-2.008,7,3,0.126,2.05,0,-0.187,7,-0.455,0.0,2.7,3,6,6,1.998,2,0,6,-1.162,3,5,2,0
0,5,5,4,0,0,7,4,5,2,6,7,6,1.06,7,3,7,2,0.97,-0.888,0.0,3,0.725,7,4,2.161,0,3,0.894,2.95,7,-0.411,1,1.045,0.0,-0.71,0,7,7,-0.106,5,4,0,-0.043,0,7,1,0
7,7,4,1,0,0,0,5,2,1,3,2,2,5.108,1,7,1,4,0.907,0.835,0.0,6,1.017,6,7,1.88,7,6,1.425,3.33,4,-1.2,3,1.706,0.0,2.71,6,0,5,0.165,4,1,1,0.466,6,1,7,0
3,0,4,3,0,2,6,7,0,6,1,0,0,-0.387,7,6,4,5,0.837,-2.0,0.0,0,1.235,1,5,0.389,1,2,1.245,2.03,3,-1.49,7,0.963,1.0,5.25,3,0,6,-0.203,4,1,0,4.906,0,6,1,0
6,7,3,0,1,3,2,2,3,5,0,0,4,5.842,6,5,2,6,4.772,3.608,0.0,7,3.004,1,6,6.556,7,0,4.39,2.57,5,-0.084,5,3.298,2.0,5.59,7,3,3,0.992,3,0,5,1.407,0,7,0,0
7,0,7,5,0,0,3,3,7,6,6,6,4,2.534,3,3,3,4,0.863,7.329,0.0,5,0.631,2,4,3.308,1,4,1.598,2.5,0,1.164,6,2.08,1.0,7.58,3,6,4,3.475,1,0,3,-1.044,0,7,3,0
6,7,6,5,0,5,6,7,1,3,7,6,4,0.275,7,0,5,7,0.493,1.248,0.0,5,0.498,6,6,-0.497,4,0,-1.592,3.81,7,-0.368,3,0.216,-0.0,3.77,3,6,7,-0.817,5,1,3,-1.523,5,5,3,0
6,2,7,2,0,3,4,1,4,5,2,3,2,-0.142,2,0,7,0,0.69,0.368,0.0,5,-0.1,0,4,1.202,2,5,-0.939,0.92,6,-1.025,1,0.415,0.0,-0.41,4,5,3,-2.514,4,3,4,3.423,6,3,0,0
1,0,3,2,0,0,1,6,4,1,4,2,7,-5.28,7,1,0,7,0.115,-0.346,0.0,1,-1.234,6,1,-0.297,7,2,1.93,2.86,1,1.575,2,0.019,1.0,3.59,1,6,5,0.94,6,4,6,-1.801,4,6,7,0
2,3,7,2,0,6,0,1,5,4,4,5,2,3.682,5,0,6,3,1.524,3.062,0.0,6,0.738,3,4,5.903,4,0,1.095,2.67,6,0.915,1,1.972,1.0,3.9,4,5,2,0.211,0,6,6,1.468,1,4,1,0
4,4,2,3,0,5,1,5,1,0,2,2,5,0.524,0,5,2,5,1.017,1.695,0.0,1,-0.475,5,6,2.201,6,7,-0.833,1.43,0,0.607,0,0.977,0.0,6.67,6,2,6,-1.602,2,7,3,-2.113,0,1,7,0
2,5,0,0,0,5,6,7,1,5,0,0,4,-0.467,5,3,0,2,-0.115,-1.647,0.0,6,2.376,3,1,1.012,5,4,-0.898,1.41,5,1.054,5,0.633,1.0,3.62,0,3,3,-1.348,1,0,2,-2.093,4,6,5,0
0,3,0,1,0,5,3,3,1,7,2,0,0,-0.564,2,1,7,0,0.408,3.906,0.0,7,0.02,5,4,-0.846,4,5,-1.769,1.03,0,1.376,6,0.772,-0.0,4.94,3,5,1,5.886,5,7,3,1.581,6,6,1,0
3,4,3,7,0,0,1,6,6,1,5,1,7,3.153,7,2,1,5,1.036,-0.822,0.0,4,-1.921,2,6,-1.952,7,0,2.347,4.65,0,0.61,4,1.665,1.0,4.04,6,1,4,4.524,3,4,3,4.319,6,0,4,0
3,3,3,1,0,0,1,6,1,6,0,5,1,-0.99,7,0,7,4,0.501,0.039,0.0,7,-0.68,7,2,-1.504,7,7,2.761,4.74,7,-1.527,6,0.432,1.0,6.3,4,4,7,1.95,5,6,2,0.589,5,6,0,0
3,7,7,6,1,6,6,1,2,5,6,5,7,0.977,1,4,4,5,2.449,3.623,0.0,3,2.743,3,6,2.27,1,5,3.626,1.54,3,1.87,0,2.469,2.0,3.36,1,3,5,4.635,4,0,6,3.727,7,5,0,0
3,0,5,1,0,6,2,1,2,4,2,6,3,3.54,6,0,3,4,2.215,2.536,213.91,0,2.299,7,7,-0.304,3,6,2.687,3.84,3,1.257,1,2.377,1.0,7.31,5,5,0,2.53,3,2,7,3.421,7,5,2,1
2,2,1,1,1,2,4,3,5,4,1,7,0,2.867,7,7,5,7,3.109,3.594,0.0,1,2.573,6,1,4.39,4,6,3.841,3.22,2,1.161,1,3.123,2.0,6.17,6,0,5,3.364,1,7,7,3.851,7,7,6,0
5,4,0,0,0,5,6,7,4,4,0,7,0,0.34,5,4,0,6,2.925,4.178,0.0,1,3.495,3,1,1.556,0,6,1.652,3.25,0,1.927,4,3.249,2.0,5.23,0,6,4,-1.33,2,1,0,3.124,5,6,2,0
3,2,3,1,0,3,2,5,2,5,6,3,2,1.315,0,4,0,7,1.269,-0.406,0.0,2,0.349,7,4,2.82,3,2,0.505,1.46,3,0.063,5,0.989,0.0,4.21,0,7,7,4.967,2,4,1,1.924,6,5,4,0
6,5,6,5,0,5,4,4,0,6,7,6,2,0.735,0,7,5,1,1.292,-0.68,0.0,1,-1.037,7,4,0.956,6,5,0.373,4.19,6,-2.089,3,2.171,-0.0,4.55,2,4,2,2.19,5,6,4,1.055,4,7,7,0
1,3,2,3,0,6,1,0,5,2,1,0,7,5.087,1,1,0,0,3.361,4.342,0.0,4,3.963,5,0,2.707,4,4,2.203,3.61,1,0.123,0,2.784,2.0,0.37,2,4,1,0.733,6,2,2,5.71,6,1,3,0
6,1,4,1,0,7,5,7,6,3,2,2,6,1.956,0,2,4,5,2.352,6.244,0.0,5,2.353,3,5,1.99,1,7,2.466,3.28,4,-0.679,1,1.06,2.0,5.84,2,4,3,3.121,1,1,1,4.665,6,3,3,0
5,1,1,5,0,0,4,0,4,3,7,5,3,3.785,6,5,2,1,0.405,3.473,0.0,2,0.869,0,6,3.119,5,1,1.925,4.41,1,0.061,3,0.37,0.0,3.98,1,1,7,-5.489,6,7,0,0.031,5,5,5,0
6,4,3,2,1,2,5,7,7,7,3,6,4,8.042,4,7,3,4,4.348,2.516,508.75,0,6.722,6,6,6.086,1,0,6.472,5.2,1,0.881,5,5.48,2.0,9.76,0,5,0,3.976,5,6,2,1.636,2,6,3,1
5,3,0,5,0,0,6,7,3,7,4,7,0,1.102,3,5,3,4,1.641,3.507,0.0,7,4.207,1,1,2.542,7,2,3.617,4.29,6,-0.9,3,0.706,1.0,1.35,5,0,4,-1.418,5,3,0,2.319,1,2,1,0
4,3,7,2,0,0,6,1,4,1,1,5,4,4.505,1,4,7,3,2.782,3.775,583.7,5,1.105,7,4,-2.551,3,1,-0.691,2.32,5,0.687,0,3.387,2.0,5.2,7,1,7,1.814,1,6,6,0.728,7,2,5,1
6,6,4,4,0,0,5,1,1,3,2,4,7,-0.189,3,7,4,1,1.406,6.268,0.0,2,-0.327,7,5,-0.2,3,3,1.934,2.25,0,1.063,4,1.415,1.0,4.84,4,0,2,-0.432,3,2,0,1.554,4,5,4,0
3,4,2,7,0,7,2,1,5,5,4,7,6,6.821,5,1,1,7,0.518,-2.051,0.0,0,1.355,7,1,0.677,4,0,-0.559,2.45,7,0.773,0,0.467,1.0,6.01,2,4,7,-2.101,2,3,3,0.606,5,0,4,0
3,4,3,6,1,0,3,4,6,0,2,7,3,1.716,0,1,2,3,2.449,0.809,0.0,6,2.553,4,4,1.425,2,2,4.286,3.45,5,-0.671,3,3.245,2.0,0.68,3,5,2,1.531,7,2,6,0.21,0,0,1,0
3,2,6,6,0,0,2,0,4,2,4,0,6,-1.011,4,3,0,0,0.202,2.266,0.0,4,1.642,3,6,-2.113,3,1,-0.04,3.24,3,-0.649,0,0.262,1.0,4.24,6,3,7,0.774,7,6,0,-0.452,0,6,0,0
6,4,4,5,1,3,4,4,4,0,4,5,2,-0.311,1,0,5,7,2.061,4.626,0.0,0,1.799,3,0,1.634,6,4,1.436,1.52,5,-0.994,4,2.826,2.0,4.36,5,6,4,2.966,4,6,5,-0.089,4,4,5,0
1,6,1,5,0,3,7,7,5,6,4,4,7,-1.267,1,5,0,2,0.842,3.684,642.7,0,0.409,7,2,0.456,0,1,2.246,2.55,3,0.327,4,0.683,0.0,10.86,3,5,4,1.751,2,5,0,-0.874,2,0,2,1
2,2,6,0,0,2,4,5,1,3,4,3,3,-1.338,3,0,7,0,1.702,0.333,0.0,7,1.215,6,5,2.113,6,0,1.729,2.12,0,0.33,4,1.613,1.0,5.9,6,7,3,-0.735,3,6,1,0.52,5,5,2,0
0,7,2,5,0,2,7,7,2,3,1,1,7,3.014,4,1,3,1,0.44,2.488,0.0,0,0.348,1,4,2.676,1,6,1.117,1.21,0,-0.992,2,-0.443,1.0,2.83,3,1,1,-1.196,4,0,7,2.256,6,4,1,0
1,5,0,3,0,3,3,4,3,7,7,5,5,-0.995,6,0,3,6,2.012,2.221,0.0,5,1.853,6,3,3.097,4,4,1.121,1.86,1,0.698,0,3.572,2.0,4.28,3,2,2,3.016,2,0,6,3.759,1,2,6,0
2,3,2,2,0,0,1,3,2,4,3,4,2,1.751,1,3,4,4,0.838,-0.154,0.0,3,0.684,5,6,-0.408,1,4,-0.866,3.31,6,-0.451,3,1.831,1.0,4.1,3,4,7,-1.604,5,5,7,1.321,1,1,0,0
1,2,7,1,0,7,0,2,1,5,0,7,2,-1.667,6,5,5,5,0.25,-0.857,0.0,6,0.332,0,5,4.86,6,3,-1.048,3.98,0,1.032,6,1.239,1.0,3.78,1,7,1,1.097,5,2,1,1.327,1,7,2,0
1,1,0,6,0,0,1,3,2,4,2,2,6,0.919,4,0,5,7,1.272,2.622,0.0,1,0.788,6,6,-1.366,6,1,3.338,3.28,7,0.202,7,1.186,1.0,8.35,6,4,0,3.055,2,4,5,-1.609,4,4,1,0
6,7,7,0,0,1,7,4,0,7,2,3,2,-2.207,6,4,5,0,0.524,1.804,0.0,1,-0.082,3,4,0.771,1,6,-1.734,2.68,0,-0.682,7,0.914,0.0,5.68,6,6,1,-2.635,1,3,7,2.904,1,4,6,0
3,7,5,6,1,2,6,5,6,1,3,4,4,6.946,4,7,2,6,4.813,1.937,0.0,1,6.122,3,2,5.779,7,3,3.959,5.79,1,3.456,6,5.695,3.0,8.28,6,3,4,4.374,4,2,2,2.268,5,1,5,1
0,1,7,5,0,0,7,6,3,0,6,2,5,5.227,6,7,5,1,3.145,6.268,0.0,2,1.599,2,7,1.515,3,4,2.072,3.54,2,0.45,2,2.413,2.0,4.08,0,6,7,1.044,2,7,6,1.864,7,0,5,0
7,0,2,7,0,2,1,6,6,0,4,0,1,0.671,4,1,0,2,2.002,2.408,0.0,5,2.154,5,5,3.497,0,1,4.083,4.15,2,-1.05,1,0.672,1.0,3.44,5,7,7,4.318,4,6,0,3.316,4,0,0,0
2,0,0,6,0,5,1,5,4,2,3,5,4,-0.058,5,5,0,1,1.187,1.273,0.0,7,2.907,2,5,1.829,7,4,-1.029,1.01,7,1.289,4,1.697,-0.0,2.09,3,5,3,2.398,6,5,0,0.815,7,4,2,0
7,2,2,0,0,3,0,6,2,5,2,7,6,3.785,7,5,2,2,1.4,2.586,0.0,4,2.742,7,0,3.655,0,2,1.004,2.5,1,-2.547,0,1.893,1.0,1.9,4,2,5,-1.33,0,2,4,2.334,4,4,3,0
2,5,2,3,0,2,5,1,0,2,7,5,4,3.331,6,2,6,4,2.121,-1.295,0.0,1,3.235,1,2,0.801,0,5,1.911,5.11,3,0.56,4,1.797,2.0,2.73,5,7,5,3.647,0,5,4,4.78,1,4,2,0
0,7,2,3,1,4,5,0,6,3,1,1,0,0.918,5,4,1,4,3.644,2.886,0.0,5,3.903,7,6,7.41,6,1,2.995,5.35,0,-1.354,7,2.66,2.0,1.14,0,3,5,2.281,4,3,0,4.623,2,5,3,0
1,2,3,4,0,7,6,4,1,2,2,3,3,-3.183,6,3,0,5,0.742,-1.682,0.0,1,1.926,5,5,1.002,0,4,0.039,4.95,5,-2.094,4,1.142,0.0,2.24,7,3,6,0.406,3,1,6,0.565,3,7,4,0
7,1,6,3,0,6,1,7,4,5,0,1,1,-2.38,5,1,6,7,1.098,-2.608,0.0,6,1.738,1,5,0.184,3,1,-0.695,2.11,6,1.382,0,0.723,0.0,1.1,7,4,3,3.763,0,7,4,-2.572,2,1,1,0
2,7,7,3,0,3,1,3,0,2,6,7,6,5.863,4,3,1,2,1.485,0.307,0.0,0,0.988,6,3,-0.624,2,4,-0.528,1.66,3,0.293,2,1.698,0.0,4.72,6,7,0,4.464,2,3,2,1.268,6,6,5,0
0,7,5,3,0,3,2,5,3,4,6,4,1,5.197,6,1,1,2,0.883,1.436,0.0,6,-0.856,6,6,1.541,1,6,1.898,4.67,2,0.737,3,0.47,1.0,3.32,4,3,6,1.776,3,5,0,3.57,5,3,6,0
2,7,6,0,0,4,0,2,5,4,3,2,2,0.971,5,5,5,6,0.163,-1.301,0.0,3,-0.449,7,5,-2.471,2,3,2.449,4.5,5,0.488,7,0.709,-0.0,3.53,4,7,7,-2.947,5,6,7,-2.005,1,7,2,0
6,6,7,5,0,1,4,1,2,5,7,4,0,1.132,0,3,1,5,2.275,2.705,0.0,7,1.48,7,4,0.103,4,5,4.705,2.6,0,0.593,4,3.44,2.0,4.73,4,1,5,4.319,3,5,4,4.66,7,5,5,0
4,5,1,1,0,6,0,2,4,6,0,4,7,1.911,5,1,7,4,0.921,-0.199,0.0,5,1.41,3,2,2.748,1,1,-0.719,3.08,7,-1.585,5,1.733,1.0,3.83,3,0,3,-0.438,5,5,1,4.168,7,7,1,0
0,4,1,5,0,4,5,0,7,5,0,3,3,0.721,4,2,5,0,2.043,0.874,0.0,6,2.48,0,0,0.028,5,6,2.284,3.07,7,-2.055,1,2.656,1.0,3.33,0,6,4,5.03,5,4,3,3.814,5,2,2,0
5,1,3,0,0,5,4,0,6,3,3,0,1,-1.759,1,5,7,3,0.167,1.5,0.0,2,-0.337,2,4,-0.412,0,3,-1.73,5.19,4,-0.224,0,1.011,1.0,4.75,1,5,7,1.685,1,5,6,0.874,0,1,0,0
4,4,3,6,0,5,6,2,2,6,6,7,0,3.497,7,3,1,7,2.282,2.316,0.0,1,2.214,5,0,0.482,3,6,3.254,3.68,6,-0.655,1,0.621,0.0,4.13,2,0,3,0.21,7,5,1,-1.378,2,4,6,0
5,5,6,7,0,6,0,6,4,1,5,4,1,1.77,1,4,3,5,3.208,6.354,0.0,2,3.701,4,7,1.828,7,5,3.88,0.9,0,0.677,0,2.019,1.0,4.58,2,5,0,2.751,5,5,7,-3.812,1,4,7,0
3,6,4,7,0,0,5,5,7,0,7,4,4,0.329,5,7,4,6,0.612,0.791,0.0,6,0.403,4,7,1.602,5,4,0.63,3.6,3,-0.392,6,1.063,0.0,1.54,4,7,0,0.201,4,5,0,3.984,2,4,7,0
0,2,4,5,0,0,6,1,1,0,7,6,6,3.785,0,2,7,6,1.936,3.834,0.0,4,1.93,6,3,0.699,1,6,1.544,6.06,7,0.681,0,2.162,1.0,4.56,6,1,5,0.653,7,3,7,-0.248,6,3,0,0
0,7,3,3,0,2,2,5,6,2,7,1,7,0.938,6,6,7,7,0.569,1.107,0.0,6,1.014,5,3,0.322,1,4,1.881,1.45,1,1.856,7,0.759,1.0,1.81,6,0,4,0.306,4,2,5,3.322,2,1,5,0
1,0,3,6,0,7,3,5,0,3,3,0,0,1.969,4,6,0,3,1.366,0.416,0.0,0,0.335,2,6,0.907,4,2,-0.496,3.23,7,-0.966,3,0.769,-0.0,6.2,2,2,0,5.221,3,0,2,1.254,2,7,6,0
4,6,4,3,0,4,1,2,4,7,7,5,6,1.405,4,4,3,7,0.993,0.721,0.0,2,1.253,2,2,-0.303,7,6,-1.169,4.4,3,0.896,2,0.633,0.0,5.18,1,7,7,1.59,6,2,4,1.062,1,6,2,0
0,1,6,0,1,3,2,6,6,0,3,4,5,2.582,2,6,0,5,2.987,3.068,0.0,6,2.247,7,1,6.617,7,3,2.892,3.55,7,0.513,2,2.603,2.0,7.22,3,3,0,4.184,1,3,4,3.683,3,3,1,1
0,5,5,1,0,7,6,6,4,6,1,6,7,1.68,4,5,0,1,-0.227,-1.675,0.0,2,-0.951,1,7,3.611,3,5,-0.799,1.92,4,0.289,5,1.349,-0.0,5.19,5,5,6,0.406,5,4,0,-0.927,7,0,6,0
0,3,2,6,1,4,5,2,7,0,3,4,7,3.4,0,0,6,7,2.3,4.197,0.0,0,1.471,6,1,0.872,7,0,2.324,1.85,3,-0.202,7,1.599,1.0,1.7,4,1,2,3.996,2,5,2,1.221,6,0,4,0
5,0,1,1,0,5,1,2,3,3,1,0,3,-0.337,6,3,2,6,1.083,1.302,0.0,3,1.442,6,7,0.99,4,5,-0.584,4.28,1,0.562,7,1.586,1.0,2.49,1,1,4,1.726,7,6,6,0.363,4,3,0,0
3,7,7,4,0,0,2,3,6,7,0,1,2,1.812,2,7,1,4,1.376,1.523,0.0,4,1.955,5,6,2.721,3,1,0.604,2.58,2,-0.165,3,1.224,1.0,3.37,6,6,3,-0.922,3,2,1,0.859,7,2,2,0
7,4,1,4,0,0,1,5,3,6,2,3,4,-1.464,2,7,3,0,1.486,0.806,0.0,1,0.551,5,7,2.131,7,1,1.346,4.41,0,0.282,3,1.996,1.0,4.81,6,5,0,3.909,2,7,1,-1.151,6,6,5,0
6,0,7,1,0,1,6,0,0,1,5,4,5,5.092,6,4,1,5,2.582,1.651,0.0,6,2.452,1,4,4.818,1,4,2.343,-0.04,4,1.055,2,2.651,2.0,3.97,3,7,4,2.046,7,4,7,4.994,3,4,2,0
5,6,1,0,0,1,5,6,1,7,4,4,7,-0.255,7,4,7,3,0.316,4.526,0.0,5,-1.964,6,3,-3.155,1,1,2.336,1.74,3,0.238,4,0.13,-0.0,3.1,2,3,6,1.943,2,0,4,3.846,3,2,1,0
4,7,4,1,0,1,1,4,0,0,0,3,0,-2.684,1,3,3,6,0.248,-4.059,0.0,4,-0.827,4,5,2.66,0,7,-2.447,2.44,7,0.551,6,0.509,-0.0,6.62,0,5,0,-5.436,3,5,3,1.801,5,0,3,0
2,7,0,3,0,0,4,5,1,6,4,0,2,1.217,5,0,3,0,-0.059,0.034,0.0,6,-0.561,3,6,-1.162,6,5,-0.507,3.93,7,-0.343,4,0.347,1.0,2.18,2,4,4,-0.312,3,7,7,-0.554,0,3,7,0
0,3,0,4,1,1,7,2,2,7,6,1,0,1.271,1,0,5,5,2.431,2.1,0.0,6,0.088,5,5,1.203,2,3,5.706,3.36,0,0.675,2,2.446,2.0,1.87,0,2,3,4.93,3,6,5,2.708,0,0,3,0
5,6,1,2,1,2,1,4,0,6,2,7,6,4.767,3,0,5,1,2.759,6.22,350.31,0,3.224,1,0,4.341,2,3,3.4,2.9,5,-0.331,0,2.831,2.0,9.36,7,2,1,7.542,1,3,4,4.046,1,7,0,1
5,6,1,2,0,1,6,3,5,2,4,0,6,4.573,7,6,5,7,-0.128,-2.74,0.0,0,1.839,2,4,-1.71,3,2,2.717,7.18,3,1.147,2,-0.117,-0.0,6.23,0,6,2,2.142,7,4,3,1.867,5,3,5,0
6,0,6,5,0,4,6,7,0,0,5,6,6,3.107,2,4,4,2,2.194,-3.108,0.0,7,1.527,2,5,2.362,1,4,2.632,3.2,6,0.665,5,2.316,2.0,4.88,1,7,2,0.709,6,2,5,3.834,6,5,5,0
7,5,4,7,0,7,3,4,5,3,4,1,1,1.145,0,7,0,1,1.065,2.231,0.0,6,1.319,0,3,-2.327,6,1,-1.251,2.19,4,-0.754,3,1.252,0.0,6.59,7,2,3,2.203,3,2,6,-1.538,5,4,6,0
1,4,5,5,0,4,3,5,5,6,4,6,2,0.809,4,2,6,2,1.039,-0.295,0.0,6,-0.275,0,5,-1.698,7,4,-0.506,4.15,0,-0.333,1,1.293,2.0,3.63,3,4,4,2.982,6,7,2,-2.017,2,3,5,0
0,5,3,1,0,1,0,7,2,2,5,0,0,1.776,2,1,1,2,0.884,1.384,0.0,5,0.238,6,5,-1.24,1,7,-0.12,2.48,7,0.314,6,0.286,0.0,6.68,6,0,1,0.561,3,4,4,2.973,0,5,2,0
2,7,4,2,0,4,3,2,2,0,1,1,1,2.421,5,3,4,5,0.33,-0.592,0.0,7,0.329,6,7,1.569,7,4,-0.048,4.78,0,0.207,5,-0.267,1.0,6.0,2,3,3,3.781,0,1,4,-1.832,0,5,4,0
5,5,4,0,0,2,6,2,0,7,3,5,1,-0.545,5,2,0,4,0.51,0.285,0.0,4,0.152,3,7,2.393,5,2,0.126,3.06,4,1.32,7,0.891,1.0,5.24,6,1,5,1.224,6,0,1,-1.277,3,1,1,0
2,0,4,3,0,6,3,1,3,7,0,2,2,5.139,1,1,6,1,2.033,2.337,0.0,3,2.175,5,1,3.0,0,1,4.63,-0.47,4,0.616,2,2.81,1.0,4.76,2,3,6,3.579,5,1,4,5.244,2,0,7,0
2,6,2,4,0,4,0,7,4,7,0,7,3,2.196,7,2,1,3,1.969,2.712,0.0,3,1.377,0,1,-0.478,2,0,3.147,3.27,1,-0.477,2,2.14,1.0,3.01,3,3,2,2.037,4,6,0,3.396,3,3,0,0
4,0,3,2,0,5,1,6,5,7,4,3,0,1.664,4,0,0,5,2.916,1.213,0.0,0,1.133,7,2,4.709,7,1,1.702,2.35,6,-1.096,1,2.827,2.0,4.1,3,6,4,1.264,0,3,0,3.936,2,1,3,0
4,5,6,7,1,7,4,0,3,1,7,1,6,2.893,7,5,1,4,4.284,4.967,0.0,1,5.548,7,7,1.742,3,3,3.566,1.27,7,-0.431,3,3.215,2.0,5.78,7,5,1,4.612,4,1,5,6.753,2,5,5,0
7,7,6,2,0,1,4,7,3,7,5,1,7,4.051,0,6,2,2,2.506,1.751,0.0,0,2.854,5,5,2.756,3,4,2.599,6.05,0,-0.956,1,3.041,1.0,7.08,6,3,4,5.136,0,7,3,-1.297,3,5,4,1
2,6,3,7,0,7,4,4,4,7,0,1,3,2.718,1,7,3,1,2.432,3.503,621.66,5,1.397,2,1,3.792,4,3,1.591,5.5,5,0.475,0,2.353,1.0,9.06,4,6,3,0.938,5,6,2,3.022,4,3,5,1
0,7,1,1,0,2,6,6,4,6,2,3,2,6.045,1,0,7,7,0.98,-0.505,120.45,5,1.241,2,0,2.573,2,1,-0.081,5.57,7,-0.86,3,1.967,0.0,8.18,2,4,7,0.012,7,4,2,6.991,3,0,6,1
7,6,4,7,1,1,6,0,6,3,4,6,2,3.849,7,3,3,4,1.511,-1.656,0.0,1,0.43,7,5,-0.346,5,2,0.482,1.64,1,-0.46,0,1.662,1.0,4.13,3,5,5,3.04,4,3,3,2.386,4,0,2,0
1,5,7,0,0,7,1,3,7,5,4,7,4,-3.097,3,7,1,7,1.021,1.164,0.0,6,1.373,5,0,0.909,7,4,1.045,4.85,3,-0.426,7,0.863,1.0,3.43,7,4,2,4.125,7,4,2,-1.015,0,0,3,0
0,6,7,5,0,0,1,3,7,7,6,6,2,-0.849,7,2,1,3,-0.35,-2.359,0.0,1,-0.014,4,2,-2.231,3,3,1.251,1.08,7,0.429,5,-0.689,1.0,4.13,5,0,3,6.337,0,3,2,-0.359,5,2,6,0
2,2,4,3,0,4,3,1,7,1,6,3,2,0.026,0,5,0,7,1.162,0.908,0.0,6,0.869,3,6,0.0,3,7,0.603,3.54,7,1.344,6,0.426,1.0,4.53,2,7,0,-1.645,1,1,2,3.972,7,4,3,0
2,5,0,5,0,4,1,3,3,0,2,0,0,0.722,2,2,0,3,0.895,-2.33,0.0,2,0.455,2,0,-1.34,1,6,0.228,3.17,3,-0.735,2,1.504,1.0,4.4,7,0,4,0.144,3,4,4,0.825,7,6,4,0
3,3,1,3,0,2,3,7,2,2,4,4,6,-0.233,5,5,5,5,0.825,5.31,0.0,1,0.639,3,0,5.121,7,1,-0.862,2.21,3,-0.0,2,0.867,0.0,6.31,5,7,2,-0.038,1,2,6,2.893,0,2,6,0
1,7,2,1,1,0,0,0,3,3,1,3,7,6.519,4,4,5,4,4.461,3.006,0.0,4,4.252,1,4,4.802,0,2,5.547,2.8,2,0.988,6,2.745,2.0,1.92,0,1,5,1.698,5,7,3,6.692,7,7,2,0
5,0,0,0,0,2,0,2,3,1,1,0,6,-0.509,7,2,2,6,2.084,1.492,829.95,6,1.808,1,7,0.85,0,0,1.473,3.38,4,1.608,3,2.409,1.0,4.48,0,0,2,-2.485,0,1,5,0.868,5,4,4,1
3,2,5,0,0,7,4,4,3,1,6,0,5,0.955,3,6,1,4,0.474,0.295,0.0,0,-1.477,4,5,4.42,3,5,0.559,3.35,7,0.488,0,0.394,0.0,2.9,5,4,4,0.808,4,0,3,-2.167,7,3,2,0
3,3,5,7,0,0,5,5,6,6,3,5,5,5.778,5,6,0,2,0.563,3.111,330.65,2,2.127,2,2,-1.643,6,7,3.134,4.98,6,-0.246,6,0.785,1.0,5.97,5,1,4,2.537,0,6,6,1.579,7,3,5,1
2,1,2,7,1,3,7,1,7,5,4,4,1,5.435,1,4,1,6,2.225,-1.396,0.0,6,2.292,1,1,2.378,6,2,3.792,5.03,7,1.438,1,3.114,1.0,2.21,3,6,7,2.301,5,4,5,6.875,3,0,7,0
1,1,3,3,0,6,2,5,7,6,3,7,4,1.698,3,5,5,7,0.532,0.432,0.0,3,1.173,3,7,-0.748,3,1,0.579,3.1,4,0.766,1,-0.73,0.0,4.23,0,7,5,6.471,5,7,6,1.783,2,3,0,0
5,1,2,7,1,4,4,6,0,4,4,0,3,3.11,4,2,4,3,3.249,0.206,0.0,3,1.371,6,6,3.719,3,0,5.139,5.42,4,-2.999,1,3.058,2.0,4.56,5,4,6,2.224,7,4,4,5.996,7,0,3,0
2,3,2,7,0,7,3,2,0,4,4,4,6,-4.464,6,7,5,3,0.071,-2.458,0.0,2,0.311,7,3,1.235,2,2,0.18,4.44,1,-1.186,4,0.471,-0.0,5.58,3,4,5,1.315,3,2,3,-1.788,2,1,1,0
3,5,6,2,1,5,2,5,6,5,1,2,4,9.557,5,0,1,5,1.947,0.148,0.0,3,3.9,6,6,3.266,1,0,3.454,4.36,4,-0.968,4,2.147,1.0,5.32,7,1,2,-0.491,5,6,1,3.241,4,2,4,0
0,2,5,3,0,2,1,0,4,5,2,0,7,-1.037,1,2,1,4,0.505,0.423,0.0,0,-0.032,6,3,2.08,2,6,0.446,0.68,2,-0.916,7,1.399,-0.0,4.44,1,5,6,1.42,2,7,4,-0.228,1,6,1,0
3,7,4,0,0,4,2,6,4,6,6,3,1,1.401,3,6,7,5,0.25,-1.797,0.0,3,-0.126,5,3,-4.419,2,3,-0.187,1.2,3,0.262,6,0.526,1.0,4.43,1,7,3,-1.509,4,3,5,0.772,2,5,7,0
4,3,1,4,0,6,3,5,6,2,3,5,3,3.855,3,0,1,0,1.513,3.763,0.0,2,1.474,3,6,0.254,3,6,-0.17,3.48,3,-0.514,7,0.641,2.0,3.14,3,0,1,1.349,0,1,7,-0.253,0,2,0,0
0,5,3,7,0,1,5,7,0,7,4,0,5,-0.917,6,4,3,5,0.479,2.932,0.0,7,2.131,0,3,2.295,1,0,-2.025,3.98,1,0.526,6,0.053,-0.0,5.36,7,7,2,-4.013,4,3,6,-2.206,5,7,0,0
7,4,4,6,0,3,7,3,6,5,6,0,7,1.274,5,2,2,7,1.351,2.482,622.56,2,0.966,0,7,0.69,2,7,-0.023,4.74,7,-0.875,3,1.183,-0.0,8.43,5,1,0,-1.356,2,2,7,1.256,1,5,2,1
5,7,0,6,0,4,3,5,4,2,6,1,5,4.809,3,4,0,1,2.447,6.47,278.42,7,1.446,4,7,0.642,6,5,2.882,4.17,3,-0.329,3,2.596,1.0,6.56,5,6,4,8.329,5,1,1,0.819,0,4,3,1
7,7,3,0,0,7,6,4,2,6,7,7,3,1.636,0,4,3,1,1.707,1.954,727.54,1,0.896,6,3,2.617,4,6,4.055,3.27,0,-0.503,0,2.758,1.0,4.46,3,6,3,4.634,0,0,0,3.48,7,3,0,1
4,7,1,2,0,7,4,2,5,7,2,7,0,-1.468,6,5,3,5,1.455,1.645,0.0,5,2.104,5,6,2.355,6,6,1.683,3.35,6,0.049,3,0.387,1.0,1.65,3,0,3,4.494,5,7,4,2.393,7,2,3,0
1,4,1,0,0,0,1,7,3,1,0,2,4,-0.383,0,3,6,1,0.358,0.601,0.0,0,1.928,5,4,1.992,6,7,0.271,4.1,1,1.238,2,0.621,-0.0,4.02,2,4,0,1.602,3,4,7,0.867,1,3,6,0
6,7,1,4,0,7,7,6,2,0,5,6,7,1.781,5,2,7,7,0.403,1.157,0.0,3,-0.266,6,6,-1.596,0,2,1.418,1.14,5,-2.75,5,0.965,-0.0,3.33,2,7,1,0.838,5,7,4,1.28,7,1,1,0
1,7,0,0,0,4,6,0,5,3,3,0,0,5.007,4,1,4,2,2.03,5.9,0.0,4,3.807,6,5,2.595,3,1,2.677,4.2,7,0.895,3,2.677,1.0,1.12,4,5,4,0.295,1,4,7,6.608,5,6,3,0
3,7,0,5,1,0,6,0,6,2,5,5,5,2.189,5,0,7,4,4.299,6.487,794.72,0,4.139,1,4,6.844,4,6,4.748,3.59,0,-0.688,0,4.064,3.0,8.69,0,5,1,2.84,5,4,4,6.622,7,6,4,1
3,7,4,4,0,7,6,5,0,4,4,1,1,5.396,0,5,4,7,1.268,0.761,0.0,4,1.825,0,3,-0.336,4,1,3.163,2.43,1,-2.346,6,1.522,0.0,4.58,2,3,4,0.434,4,2,7,-0.028,2,7,2,0
2,0,3,2,0,3,4,5,7,3,3,2,5,1.677,4,4,6,4,1.294,-1.023,0.0,0,0.075,5,1,-1.646,6,1,1.035,4.56,5,-0.887,2,0.402,1.0,4.45,7,4,0,2.624,7,5,6,1.401,3,1,0,0
5,2,5,4,0,3,1,1,4,3,7,0,3,0.079,1,2,3,0,0.211,-0.17,0.0,6,0.419,2,7,-3.829,6,7,2.526,3.66,0,-1.056,0,0.3,1.0,3.95,7,6,4,1.604,5,5,3,-0.061,7,7,6,0
1,4,6,4,0,5,1,6,2,3,3,5,0,-0.289,3,3,3,7,1.23,3.346,0.0,2,-1.249,4,0,-1.323,0,6,1.148,5.34,5,-0.042,3,1.145,0.0,3.05,2,4,6,-0.75,1,2,6,-2.864,7,5,6,0
2,3,4,7,0,5,1,2,7,2,1,1,6,-2.231,2,0,0,4,0.677,1.046,0.0,0,1.81,5,2,0.841,0,7,0.233,1.87,0,-0.856,7,0.666,1.0,6.91,4,3,4,-1.365,3,1,0,1.425,5,1,2,0
0,7,4,5,0,4,2,6,1,7,3,5,4,5.307,0,5,5,5,0.541,4.966,0.0,1,0.982,7,2,0.378,6,3,-0.787,1.87,0,-0.881,3,1.047,0.0,5.56,5,2,5,1.982,2,7,3,0.403,1,6,4,0
5,0,1,7,0,3,4,2,2,7,4,5,2,1.909,6,2,1,0,1.011,1.113,0.0,1,2.955,1,5,4.462,3,3,2.813,0.54,6,-0.033,0,1.179,1.0,5.42,5,7,5,-0.408,2,4,1,1.63,5,1,1,0
0,7,1,7,0,6,0,6,0,4,7,4,4,0.243,7,0,3,6,1.42,5.382,0.0,7,2.895,6,5,0.052,2,5,1.749,3.75,2,-0.434,4,1.611,1.0,7.36,1,2,4,1.876,3,6,3,3.61,2,2,6,0
3,3,7,2,0,5,6,4,5,0,6,6,5,2.96,5,6,3,6,0.821,-0.285,0.0,5,-0.241,2,7,3.405,6,7,0.594,4.5,0,0.34,5,0.253,0.0,4.04,2,0,2,0.434,4,0,2,4.444,2,4,3,0
1,5,5,2,0,4,6,7,0,7,0,7,1,0.765,3,3,1,0,0.997,4.106,0.0,5,0.218,0,5,2.673,2,7,0.969,1.77,7,-0.195,3,1.314,0.0,4.06,0,3,4,0.602,7,6,7,4.189,7,3,2,0
7,7,7,3,1,7,4,0,4,5,2,3,6,-0.202,2,7,5,4,1.215,-0.23,728.94,3,0.126,2,1,-0.44,6,7,2.923,8.71,3,1.359,1,1.718,1.0,5.99,5,5,5,-0.72,5,1,5,1.437,0,3,3,1
1,6,5,4,1,6,1,1,0,5,2,2,5,0.6,1,6,7,1,2.775,5.318,0.0,0,1.943,3,4,2.919,7,0,2.479,3.74,1,0.78,0,2.788,1.0,4.35,4,5,3,4.789,6,6,0,2.892,4,3,4,1
4,5,2,7,1,2,6,5,0,6,2,3,1,5.35,6,4,4,7,5.489,7.1,0.0,4,6.287,1,4,7.521,5,4,3.414,4.82,1,2.405,0,5.06,3.0,6.8,1,1,0,4.526,1,1,5,2.627,4,7,0,1
1,5,4,5,0,4,3,4,6,3,6,6,1,-1.237,5,7,1,4,0.724,-0.632,0.0,1,-0.167,1,6,1.813,7,4,1.203,1.15,3,-0.384,2,1.54,-0.0,0.55,6,4,7,0.104,7,4,5,2.818,5,7,2,0
7,6,7,3,0,6,0,0,2,2,0,3,3,-3.042,2,6,6,2,0.205,-0.425,0.0,0,0.106,6,2,-0.051,2,1,0.104,2.19,6,0.337,1,0.884,0.0,5.01,3,4,1,0.653,5,0,0,1.414,5,2,1,0
0,7,0,3,0,0,0,0,4,5,5,0,7,4.765,4,6,7,0,0.191,-1.889,0.0,4,0.241,0,7,0.264,4,6,0.625,3.76,5,-0.284,2,0.604,1.0,5.04,1,2,3,1.642,1,0,4,-3.895,2,7,0,0
6,5,3,7,0,3,1,7,5,6,1,4,4,1.671,1,3,7,0,0.331,-4.595,363.03,0,0.976,3,7,-2.454,5,5,-0.423,4.91,5,0.766,0,-0.406,-0.0,5.68,5,2,7,-4.338,4,4,4,3.084,3,2,1,1
6,5,4,0,0,2,6,6,6,0,2,6,4,-1.38,3,5,5,6,0.799,-1.913,0.0,6,-0.325,1,6,-0.231,4,5,-2.561,3.51,0,-0.816,3,0.373,-0.0,4.25,7,0,1,-0.067,0,6,0,2.73,3,1,1,0
5,0,1,7,0,0,0,5,4,3,6,1,2,0.381,2,5,5,6,2.239,2.896,0.0,3,1.424,7,7,-0.292,3,5,0.783,1.63,4,-0.956,6,1.9,0.0,4.48,6,2,7,0.752,7,1,5,2.858,7,5,7,0
7,4,2,2,0,3,2,7,2,2,4,0,4,-2.213,5,4,6,5,-0.052,3.412,0.0,0,0.503,7,4,-0.116,6,1,-0.269,3.53,0,0.294,0,0.299,-0.0,1.33,2,4,5,1.752,7,6,4,2.531,0,2,0,0
1,5,4,0,0,5,0,0,3,6,3,5,7,-1.555,2,5,2,0,1.229,2.659,0.0,5,-0.631,1,0,1.622,0,6,1.239,4.29,5,1.197,2,1.043,0.0,3.31,3,1,7,2.597,5,4,1,0.597,2,0,6,0
2,7,2,2,1,7,5,4,7,2,2,5,5,8.804,2,1,7,0,9.159,4.766,752.75,6,7.904,3,1,8.635,3,3,6.364,2.75,5,1.207,2,8.308,5.0,5.1,6,2,0,7.882,1,7,7,8.122,3,2,4,1
6,4,0,7,0,2,2,0,0,0,7,2,6,1.425,6,2,1,3,1.671,-0.255,0.0,2,2.261,3,2,3.083,5,3,0.39,7.11,1,0.703,1,2.388,2.0,7.5,1,2,5,3.648,2,3,1,3.122,3,0,2,0
1,3,2,3,0,5,5,2,7,2,0,7,3,-0.413,5,0,0,7,1.279,-2.188,0.0,4,-0.539,3,2,3.415,5,7,-0.086,2.15,4,-1.098,0,2.178,0.0,6.21,7,7,1,-0.012,7,1,5,2.826,1,1,1,0
4,1,7,6,1,2,3,0,5,5,0,4,5,3.665,6,0,1,1,1.754,-0.393,346.51,2,0.796,4,2,1.008,4,3,1.845,4.99,0,1.16,0,1.426,1.0,6.6,5,3,7,0.536,0,5,2,6.101,4,4,5,1
6,6,2,4,0,6,6,3,1,5,1,1,4,-2.472,1,2,7,4,0.485,0.518,0.0,1,1.243,7,5,3.704,5,4,0.205,3.37,7,0.138,3,0.005,1.0,4.85,0,0,4,1.503,5,5,5,2.144,0,5,4,0
6,7,2,0,0,4,2,0,7,1,6,2,5,1.295,6,1,5,0,1.862,1.998,0.0,4,3.46,1,1,1.23,3,7,0.914,3.88,7,-0.006,6,1.144,0.0,2.49,6,1,1,-0.294,2,0,5,1.091,7,7,6,0
2,7,6,0,0,6,6,0,5,1,3,7,4,-1.004,3,5,7,7,0.124,-1.004,0.0,5,-0.433,6,2,1.577,3,7,-1.194,5.95,7,1.74,3,0.652,1.0,6.79,2,6,0,-1.005,5,1,2,4.496,3,5,0,0
1,5,4,6,0,6,5,0,6,3,6,4,2,0.273,6,5,0,6,-0.215,-0.287,0.0,1,2.746,4,2,-0.289,0,3,0.894,4.15,3,0.634,1,0.192,0.0,3.25,5,2,1,-1.034,6,2,2,-0.103,7,5,7,0
3,6,4,1,0,3,0,7,0,3,4,3,4,-1.52,6,0,0,7,0.451,-1.407,0.0,4,1.386,2,2,0.859,3,0,1.935,-1.77,4,-1.555,5,1.393,1.0,1.89,5,6,1,-1.181,5,1,2,1.925,7,4,4,0
4,4,4,3,0,1,6,2,1,4,7,5,4,-3.614,6,3,2,0,1.038,4.037,0.0,3,-0.007,4,5,1.159,6,6,0.255,0.0,2,0.076,6,1.033,1.0,5.37,4,0,7,3.012,5,4,4,1.376,7,6,1,0
1,5,3,3,0,5,7,3,7,7,7,5,1,2.087,0,2,4,5,1.471,0.748,0.0,6,0.463,0,7,4.538,7,1,0.962,4.73,5,-1.532,7,1.03,1.0,2.8,4,6,5,-1.96,1,4,3,-0.548,7,3,5,0
3,5,0,3,1,0,3,4,7,5,0,5,0,2.281,5,2,4,5,2.48,3.828,0.0,1,4.437,0,4,6.232,5,4,1.919,4.8,6,-2.378,1,3.904,2.0,5.65,1,7,3,4.141,4,1,5,2.105,6,7,2,0
3,6,2,3,0,7,6,0,1,6,6,1,7,-3.181,2,6,1,4,0.431,0.463,0.0,4,1.897,5,2,0.091,4,5,1.003,3.45,1,-1.644,2,1.078,-0.0,5.56,0,4,3,2.358,2,1,4,-1.476,4,7,0,0
6,2,6,6,0,3,6,3,0,5,4,3,6,-0.099,7,0,0,6,1.981,0.084,0.0,3,1.876,6,4,7.413,3,1,3.383,2.76,2,0.674,2,1.395,1.0,0.44,0,2,4,-2.028,5,7,2,3.498,2,4,5,0
5,2,6,0,0,6,5,0,7,0,7,3,6,4.623,6,0,5,7,0.714,-0.324,0.0,5,3.056,3,3,1.92,0,4,3.552,1.53,1,0.592,4,0.166,1.0,6.36,6,5,0,-1.364,0,7,2,-0.094,5,1,2,0
6,6,6,4,0,7,3,0,0,2,0,7,3,2.579,7,5,7,5,1.151,1.185,0.0,3,1.955,3,1,0.911,4,1,2.611,4.96,3,-0.994,1,0.961,0.0,8.77,6,1,5,-0.915,0,2,4,4.394,6,2,3,1
2,7,0,7,0,6,6,1,2,0,4,4,0,0.601,5,7,4,0,0.368,0.212,0.0,5,-0.032,1,1,0.167,0,4,1.042,4.92,4,-0.49,4,1.107,0.0,4.31,1,5,6,5.359,1,1,6,-1.986,6,6,1,0
5,3,0,1,1,7,3,1,7,5,3,3,1,5.089,6,7,6,7,3.27,1.76,0.0,0,3.685,6,4,4.458,6,5,2.392,0.82,3,-0.31,5,2.959,2.0,3.89,6,0,0,7.831,3,7,4,5.071,5,5,2,0
6,3,1,4,0,3,3,7,1,1,2,2,0,-2.593,0,3,0,2,0.573,2.438,0.0,0,-0.42,4,5,-0.041,0,6,0.988,5.59,3,-1.354,2,-0.107,0.0,3.47,6,6,1,-5.754,5,5,1,-1.66,5,1,3,0
1,4,6,2,0,5,2,4,0,4,4,5,1,-1.616,2,0,6,5,0.948,0.552,0.0,1,-0.786,7,3,-0.139,0,5,1.298,3.31,2,-1.73,0,0.763,1.0,9.42,3,5,0,2.241,4,4,4,0.546,7,7,7,0
5,2,6,7,0,5,4,4,5,5,7,4,3,1.349,2,5,2,5,1.299,3.29,0.0,1,1.487,2,6,-0.615,0,2,-0.052,3.12,1,0.759,1,2.41,1.0,3.29,0,1,2,1.793,7,6,0,-0.541,2,6,7,0
3,4,2,5,0,3,4,5,5,1,0,1,1,-0.595,6,7,6,5,2.658,0.326,0.0,0,3.89,6,3,1.977,1,2,2.153,3.83,7,-1.384,1,3.373,1.0,2.27,2,0,5,-1.169,4,0,0,4.748,7,1,0,0
7,3,6,1,0,2,4,4,4,1,0,5,1,0.355,2,7,7,2,1.238,1.415,0.0,0,1.769,2,3,3.719,6,6,0.682,2.89,5,0.537,2,1.378,1.0,4.06,3,5,4,5.218,1,6,0,1.971,7,5,2,0
3,6,3,5,0,7,0,5,4,1,5,2,5,-0.211,4,6,2,2,1.29,0.717,0.0,0,1.756,6,2,3.848,1,7,0.055,2.77,3,-1.639,0,0.674,0.0,2.09,4,6,1,4.067,4,1,3,1.459,4,5,3,0
6,4,6,7,0,2,4,2,2,4,7,4,6,-1.308,2,5,5,5,0.061,3.705,0.0,7,1.148,3,3,2.445,5,4,-0.73,1.98,1,0.826,2,0.361,1.0,2.77,0,3,2,-1.338,5,4,2,-0.218,6,0,6,0
6,3,4,0,0,6,5,5,3,3,1,3,0,5.026,4,6,1,5,1.533,1.979,0.0,3,-1.155,1,2,1.025,2,6,2.224,3.6,0,1.886,1,1.288,0.0,4.27,6,1,5,0.416,6,5,2,2.564,3,6,4,0
3,5,0,2,0,6,2,3,0,6,7,5,3,0.325,6,1,6,3,-0.118,-0.39,0.0,5,0.836,6,3,0.459,2,3,0.763,1.71,7,0.26,2,0.523,0.0,2.97,2,3,4,0.254,6,6,6,-0.076,1,3,7,0
3,1,2,6,0,6,4,0,6,4,2,1,6,-3.437,7,4,2,0,0.517,-2.123,0.0,4,2.249,1,5,-0.9,2,1,1.788,1.87,2,0.562,6,0.565,0.0,5.83,7,2,5,1.26,5,3,1,-0.668,2,4,2,0
3,7,5,5,1,3,0,5,6,6,4,4,5,4.496,0,5,4,5,5.019,2.33,528.99,5,4.516,0,7,4.178,2,0,5.581,3.89,7,0.338,3,5.264,3.0,6.23,6,6,7,1.726,6,3,4,0.649,7,6,5,1
1,7,6,4,0,4,5,2,5,2,6,4,6,-2.656,3,1,1,7,0.643,1.313,0.0,7,1.729,5,6,-1.353,4,3,-1.228,3.8,2,-1.735,4,0.735,0.0,4.97,0,4,5,1.423,0,0,6,4.511,3,2,0,0
2,7,5,1,1,4,0,1,6,2,5,0,7,5.452,6,7,1,4,2.735,1.49,0.0,2,4.634,0,7,8.286,1,1,0.729,4.48,7,-1.581,5,1.842,1.0,5.33,7,5,6,4.219,2,2,2,0.78,0,1,4,0
7,3,6,0,0,7,2,1,1,2,3,5,3,2.876,7,1,7,2,2.101,1.717,76.85,4,-1.091,4,2,0.212,5,4,2.206,4.42,6,0.234,6,2.908,1.0,6.3,1,4,5,4.457,4,5,3,3.177,6,4,5,1
4,7,7,6,1,4,2,2,3,4,6,0,1,4.286,1,6,2,5,2.758,-1.024,0.0,0,1.348,5,0,2.146,3,7,2.827,3.06,7,0.895,3,2.762,2.0,2.95,2,4,3,3.924,5,5,3,3.075,7,2,7,0
5,0,2,3,0,6,4,3,7,7,6,1,3,2.052,5,0,3,5,1.313,1.531,0.0,5,0.938,2,4,0.844,6,6,0.864,3.62,4,-0.917,7,0.009,1.0,5.39,5,4,0,2.864,6,7,0,-0.459,3,1,4,0
3,5,3,2,0,2,7,1,0,2,1,5,2,3.753,5,3,5,4,1.549,1.303,0.0,3,0.896,6,6,2.436,4,2,1.453,2.87,4,-0.467,4,0.708,1.0,3.52,0,6,5,1.345,0,7,3,-0.282,0,3,7,0
0,3,7,1,0,6,3,4,2,2,5,6,0,4.529,6,2,6,0,0.624,1.289,0.0,2,0.639,5,5,2.07,1,5,2.374,5.83,1,1.11,5,-0.225,0.0,2.93,4,3,3,1.654,3,7,4,3.115,1,2,3,0
2,1,3,2,1,5,2,2,0,5,1,4,3,2.889,1,2,7,0,3.023,0.147,0.0,7,2.258,2,6,3.955,1,3,4.001,3.35,4,0.122,4,2.668,2.0,4.14,6,5,4,-1.063,4,4,3,4.606,1,5,0,0
4,6,0,4,0,7,7,4,3,2,2,4,7,0.776,2,6,6,1,1.862,2.608,0.0,2,1.854,2,1,2.569,6,6,-0.532,3.85,4,-0.22,7,2.14,1.0,3.71,1,0,4,1.371,0,5,2,-0.094,2,2,4,0
0,5,5,7,0,7,6,7,5,2,7,5,2,1.505,0,7,6,0,1.083,-0.679,0.0,6,2.765,3,6,2.298,6,0,0.426,3.28,6,-0.791,2,2.314,1.0,4.34,5,4,1,5.247,2,6,6,-1.184,2,5,6,0
6,0,4,2,0,3,2,3,3,1,5,1,1,-1.015,3,2,0,5,1.418,-2.856,0.0,7,0.682,0,3,4.066,6,2,1.884,1.61,3,-0.09,2,1.017,1.0,4.83,3,0,1,-2.898,2,4,2,2.312,0,3,2,0
7,7,0,4,0,2,7,0,4,4,5,6,7,4.965,5,3,0,4,0.426,-3.138,0.0,0,0.67,6,1,-0.751,7,6,-0.229,2.89,6,-1.312,4,0.291,0.0,5.3,3,5,0,1.855,3,1,5,-0.877,2,4,1,0
0,0,4,2,0,0,7,5,4,5,0,7,3,3.039,4,1,5,0,0.906,-1.632,0.0,2,2.72,7,2,3.039,6,1,1.494,2.32,6,-0.103,7,1.955,1.0,3.04,2,2,6,3.508,2,4,2,-2.367,2,7,1,0
5,2,0,5,0,7,5,2,7,6,6,5,1,2.683,6,3,4,2,2.336,3.101,626.05,7,3.004,5,3,7.112,2,2,3.237,5.31,1,0.411,3,3.349,3.0,8.87,1,2,4,3.868,2,5,0,0.574,1,3,0,1
7,1,6,7,0,2,7,2,3,7,5,5,5,-2.117,3,3,2,7,0.793,4.204,0.0,3,-0.539,6,5,-1.56,5,3,-0.747,0.73,2,0.041,0,0.151,1.0,2.5,4,6,6,-1.781,7,2,7,0.965,0,2,1,0
4,0,7,3,0,5,6,3,5,0,6,6,4,0.989,1,0,6,1,0.687,-0.642,0.0,7,-0.698,1,0,2.347,7,3,-0.864,1.99,1,0.531,3,0.503,0.0,4.5,3,2,5,-0.227,2,5,1,-2.349,3,6,2,0
7,2,0,4,0,1,6,0,1,0,7,1,0,-1.241,5,2,1,0,0.324,0.758,0.0,1,1.189,3,6,3.643,6,3,-0.497,4.92,0,0.815,1,-1.2,0.0,3.69,7,1,7,-5.537,4,6,4,2.665,6,3,0,0
2,7,5,1,0,6,4,7,6,0,1,3,5,-3.308,3,7,2,1,0.748,2.915,0.0,1,0.528,7,0,1.954,7,2,-1.103,1.76,0,0.71,3,0.205,1.0,5.63,2,7,5,0.515,2,3,2,1.912,1,7,7,0
5,5,2,4,0,1,6,3,1,7,7,3,7,-0.588,4,5,5,3,0.995,0.053,0.0,1,1.631,6,4,-0.762,0,4,0.202,2.63,0,-0.138,3,1.568,1.0,4.91,1,6,3,-1.635,1,1,3,-0.045,6,0,1,0
1,4,6,7,1,4,5,3,3,6,1,1,7,3.156,1,4,3,3,4.318,8.084,657.9,5,2.196,5,1,6.4,0,6,6.924,4.36,6,2.185,4,3.88,3.0,7.87,3,6,1,1.545,6,7,6,6.577,5,6,5,1
7,0,2,5,1,5,1,7,3,5,1,6,6,7.983,0,5,5,0,6.495,7.067,876.48,5,6.809,3,3,5.543,5,4,6.178,3.96,3,0.098,0,5.814,4.0,5.67,1,1,3,8.493,1,3,2,5.083,3,6,2,1
6,7,7,2,1,7,7,6,4,0,6,2,3,3.173,5,3,5,4,4.975,6.66,356.24,7,4.837,7,2,4.083,6,1,5.389,1.05,5,3.352,6,4.627,3.0,5.81,1,1,7,0.805,6,3,7,2.222,3,7,2,1
6,4,6,7,0,3,2,4,0,4,0,6,3,1.13,1,1,3,0,1.638,-0.817,0.0,4,2.916,3,1,-0.335,5,7,1.417,3.25,2,-0.474,7,2.116,1.0,4.64,6,1,0,-1.675,5,7,5,-1.345,7,3,4,0
0,0,4,0,0,7,6,0,6,5,7,4,4,5.923,3,3,6,3,0.323,-1.037,0.0,4,0.109,1,5,2.217,2,2,2.119,3.32,0,-0.772,5,-0.479,0.0,6.2,2,3,7,1.239,3,0,2,-0.344,2,2,5,0
1,0,5,4,0,1,5,4,4,2,6,0,0,4.101,0,6,4,6,2.592,-1.293,0.0,6,2.276,7,0,5.679,7,4,5.632,3.97,4,-1.288,6,1.896,2.0,5.44,5,4,1,4.181,1,2,6,3.378,7,6,1,0
6,7,1,1,0,0,0,6,6,1,3,1,4,1.106,2,6,4,3,2.559,1.227,0.0,3,1.341,5,2,1.529,6,5,0.065,2.22,3,-0.445,3,1.969,1.0,4.28,7,7,1,3.556,7,6,4,4.397,7,4,6,0
6,4,7,6,0,4,7,5,2,1,4,3,4,1.561,6,2,0,5,1.75,1.593,0.0,1,1.549,5,2,1.919,1,4,0.831,0.91,7,-1.059,4,1.893,1.0,3.03,0,1,3,1.641,6,3,5,4.574,4,7,1,0
7,1,4,6,0,6,2,4,0,5,7,3,4,3.576,7,0,2,0,1.375,2.122,0.0,1,3.245,6,7,-0.105,4,3,2.134,5.7,1,-0.571,6,2.587,-0.0,6.4,7,1,0,0.08,1,5,3,2.549,6,0,0,0
4,1,0,6,0,6,2,2,4,7,1,0,3,4.728,4,1,6,5,1.09,2.469,0.0,0,2.118,3,0,0.972,4,1,0.225,4.1,5,0.388,3,0.78,1.0,2.91,1,4,7,-1.82,0,2,6,-0.923,1,3,4,0
1,7,7,2,0,4,5,7,6,5,1,2,1,3.421,6,1,0,2,1.706,-1.194,0.0,0,0.149,1,3,-0.683,1,1,3.31,5.24,7,-0.966,3,1.88,1.0,3.98,4,2,1,1.813,4,6,5,-1.185,1,3,7,0
7,1,5,4,0,7,3,4,7,3,5,3,6,1.287,6,0,7,4,0.356,-1.285,0.0,6,-0.626,2,0,1.685,6,2,0.46,0.74,5,-0.578,7,0.296,0.0,2.9,6,0,7,2.008,5,1,4,-0.177,4,5,4,0
3,0,1,4,0,2,1,0,4,4,7,4,7,4.483,4,6,6,1,1.985,0.091,0.0,1,0.021,1,5,3.742,7,7,2.685,4.67,2,2.234,3,1.232,1.0,4.3,2,3,5,2.993,3,3,2,0.743,5,4,5,0
5,0,0,2,1,0,2,4,2,7,3,7,1,6.655,6,5,1,1,4.664,1.83,0.0,2,4.387,4,0,4.931,5,4,5.946,4.85,3,-0.581,7,4.97,2.0,3.29,3,5,0,1.57,1,1,6,3.139,6,3,4,0
5,1,4,5,0,4,7,3,3,3,1,3,0,1.65,6,4,6,5,2.284,5.536,0.0,6,1.411,6,1,-1.365,3,7,1.725,3.88,4,1.2,5,1.883,1.0,5.72,3,7,0,-1.032,5,6,0,-0.381,1,3,6,0
5,2,5,4,0,6,7,1,4,7,3,1,4,-0.824,2,4,7,3,0.028,-2.703,0.0,1,1.113,1,2,-0.433,7,4,-0.192,2.6,6,0.032,6,0.501,1.0,4.26,2,1,6,0.264,0,1,6,-2.432,6,6,4,0
2,2,1,0,1,3,3,0,1,1,5,4,4,2.054,4,7,3,0,3.234,4.492,0.0,4,3.746,6,3,3.153,6,1,4.291,2.31,7,-0.654,7,2.618,1.0,5.38,3,6,0,7.651,1,2,7,6.152,2,3,4,0
5,6,2,0,1,7,2,3,3,7,1,2,5,4.768,3,1,0,1,3.552,-0.12,0.0,5,3.949,5,2,2.104,6,1,4.963,2.27,5,-1.048,0,3.537,2.0,3.72,5,4,1,3.037,3,6,1,7.155,2,6,4,0
5,0,0,1,0,6,0,2,7,7,1,5,5,5.351,1,5,2,2,1.147,-0.616,0.0,2,2.756,1,5,4.125,2,5,-0.872,4.29,5,0.318,5,1.349,1.0,5.85,4,7,2,3.779,5,3,0,2.863,0,2,0,0
1,2,2,4,0,3,5,1,1,1,7,4,2,5.548,3,7,4,1,0.993,-0.976,0.0,4,0.744,7,0,3.261,3,3,-0.555,3.16,3,-1.118,3,1.551,1.0,3.06,1,4,7,0.633,4,0,0,2.178,2,4,5,0
5,2,6,5,0,4,7,4,1,2,5,0,2,3.779,5,2,2,6,1.509,1.3,0.0,4,-0.552,5,0,1.41,4,6,1.558,1.84,2,0.745,5,1.394,0.0,6.37,4,0,2,1.207,3,4,6,2.035,5,5,3,0
2,3,2,0,0,2,6,2,5,6,3,0,1,-3.56,3,1,6,2,1.937,0.118,0.0,1,1.989,5,4,4.204,5,3,2.834,4.57,0,0.975,1,1.647,2.0,5.03,5,5,3,0.842,1,5,7,2.434,4,4,1,0
3,5,0,5,0,4,6,1,7,4,1,1,7,2.016,6,4,2,5,0.53,2.446,0.0,0,0.317,4,3,-3.809,0,0,1.816,2.07,0,-0.442,1,0.479,-0.0,5.9,1,7,5,-0.983,7,7,0,2.136,1,1,5,0
6,1,5,5,0,3,0,0,4,3,0,5,2,2.127,1,1,4,6,1.799,-2.193,0.0,5,0.949,0,6,-0.605,6,1,5.82,5.87,1,-1.425,0,1.122,1.0,3.43,3,7,2,-0.032,0,0,7,2.656,6,3,4,0
4,7,1,4,0,2,4,5,4,2,1,3,2,4.161,1,2,5,0,1.938,1.994,0.0,0,3.417,1,0,0.457,2,0,0.619,0.46,6,-2.213,2,0.881,1.0,5.38,5,1,6,1.178,4,6,1,2.41,6,4,7,0
2,0,4,6,1,6,6,3,5,1,5,2,7,4.385,3,4,4,3,3.691,1.977,0.0,0,1.17,1,2,3.517,3,4,4.225,0.77,4,-0.22,3,3.379,2.0,7.51,0,0,5,2.304,7,2,7,6.932,3,3,3,0
5,3,2,7,0,2,1,2,6,7,6,3,3,2.931,6,0,7,0,-0.304,-0.903,0.0,4,0.215,4,5,-2.417,0,5,-0.112,1.31,5,0.558,7,-0.519,0.0,4.28,1,2,4,-0.301,4,4,0,-0.683,5,4,6,0
2,0,3,1,0,7,7,5,5,7,2,0,0,1.015,2,7,7,2,2.499,2.636,0.0,1,0.506,5,3,1.936,1,6,2.561,4.5,7,0.533,1,0.956,1.0,3.64,4,5,2,1.045,2,3,0,1.43,4,5,3,0
4,3,2,6,1,0,6,0,5,7,7,5,7,2.313,2,7,0,4,2.051,0.723,0.0,6,1.149,2,1,6.855,0,5,1.79,1.38,0,1.461,2,1.08,1.0,4.33,7,6,5,4.569,3,5,7,5.481,4,7,6,0
5,7,2,0,0,4,3,7,7,2,0,4,1,-0.515,3,6,2,2,1.027,-0.908,0.0,7,0.799,2,4,2.16,7,3,-1.023,2.73,4,-0.388,3,2.033,0.0,2.31,1,1,7,0.949,4,5,7,3.206,5,1,2,0
5,4,0,7,0,6,3,4,4,3,2,1,7,1.12,4,6,4,3,0.298,1.43,0.0,6,1.804,4,1,3.275,2,3,2.231,3.82,0,0.584,2,0.441,0.0,3.81,0,4,7,-1.443,5,5,7,-4.368,1,6,2,0
1,7,6,1,0,0,2,1,6,0,1,6,7,-1.328,6,6,6,2,0.771,0.661,0.0,6,0.964,4,2,3.158,4,0,0.611,1.31,6,-1.6,1,0.849,0.0,3.27,4,7,0,0.427,6,6,4,0.043,0,0,7,0
5,2,7,0,0,4,3,2,0,3,1,2,1,-3.154,1,4,4,2,0.182,-1.273,0.0,7,1.594,7,2,-0.607,1,3,0.595,5.42,0,0.238,5,-0.104,1.0,3.16,6,6,4,1.498,2,7,1,0.514,0,0,6,0
5,0,1,4,0,6,6,2,3,7,5,1,7,-2.199,0,5,6,4,0.527,-0.332,0.0,4,-0.069,6,7,0.544,6,0,-0.393,2.13,0,-0.216,2,0.977,0.0,4.9,2,6,0,2.156,5,1,5,-1.106,7,5,7,0
7,4,2,0,0,6,2,4,7,5,3,3,1,-0.618,2,3,6,6,0.286,-4.64,0.0,5,1.814,6,6,0.48,1,3,0.848,2.02,2,0.039,2,0.644,0.0,1.75,5,3,0,-0.944,0,4,5,3.557,7,3,2,0
7,2,6,1,1,4,0,3,2,2,3,7,3,2.529,5,7,2,4,4.296,3.808,0.0,6,4.271,2,1,5.95,3,7,-1.098,1.78,3,-0.922,7,4.255,2.0,2.1,1,3,3,2.123,1,5,2,3.931,5,0,7,0
2,7,0,0,0,4,2,3,1,1,4,7,3,0.55,6,7,1,0,0.317,-2.268,0.0,4,2.285,7,2,-0.745,2,6,-0.116,3.47,1,1.028,7,0.411,0.0,5.18,5,0,0,1.944,3,2,5,-1.259,7,7,5,0
4,6,5,6,0,1,1,7,4,6,5,1,5,-0.755,6,3,6,4,1.04,-0.577,0.0,5,0.737,6,2,1.544,6,6,-0.696,3.35,4,1.981,3,0.311,1.0,2.13,7,4,5,-1.697,1,7,5,-1.34,5,0,5,0
1,7,6,1,0,6,6,6,3,0,2,3,4,0.286,0,7,2,4,0.523,1.401,0.0,0,2.128,5,4,0.271,4,2,-0.675,3.35,7,1.958,1,0.193,-0.0,3.23,5,4,5,-5.46,7,2,0,-0.836,7,0,6,0
2,0,2,7,0,3,4,2,4,0,1,6,0,2.074,5,4,4,6,0.369,0.366,0.0,3,3.316,4,6,1.911,5,4,0.733,4.27,2,0.91,7,1.222,1.0,4.78,5,5,4,2.332,1,4,2,3.695,3,4,1,0
0,3,7,1,0,0,2,0,5,1,0,3,7,1.635,7,7,0,6,0.252,1.35,0.0,2,1.488,3,6,1.207,3,2,3.094,1.59,2,-1.381,6,0.224,0.0,3.37,6,6,1,-2.71,3,2,1,1.451,1,7,3,0
3,4,2,5,0,2,6,3,7,0,0,0,4,3.752,0,3,0,0,0.884,2.919,0.0,1,3.113,1,2,-1.456,7,2,3.499,1.64,4,-0.111,4,1.572,1.0,2.25,1,4,6,2.782,6,2,3,0.601,7,6,5,0
3,0,4,7,0,5,4,5,7,2,5,7,5,6.666,5,3,4,5,-0.176,3.619,0.0,3,-0.745,7,0,-1.948,7,1,-0.949,4.7,2,-0.249,2,-0.398,1.0,6.17,5,2,1,-1.198,7,3,3,-4.148,2,2,6,0
7,7,4,6,0,1,1,6,6,4,0,6,0,0.173,5,5,1,6,1.04,-2.101,0.0,1,0.757,4,4,1.548,4,0,1.664,4.82,2,1.224,6,1.162,1.0,3.25,2,7,7,-3.184,7,0,7,3.021,1,5,4,0
6,1,1,5,1,1,6,4,0,0,2,6,3,6.204,0,3,6,6,2.72,1.252,0.0,6,3.245,6,0,0.329,2,0,4.334,4.24,1,-0.216,0,1.515,1.0,4.7,5,0,6,3.389,1,3,5,-1.928,0,4,4,0
5,4,2,0,0,6,5,0,2,6,1,2,7,-0.988,3,0,0,5,1.726,-0.367,0.0,4,0.973,6,1,7.599,2,3,1.782,3.8,5,1.128,6,0.994,0.0,4.8,3,1,4,1.915,4,0,3,0.735,2,3,4,0
7,5,3,1,0,1,3,1,6,4,3,2,1,3.919,0,2,6,6,0.739,-2.58,0.0,4,0.347,4,1,4.567,2,5,2.813,5.99,3,0.158,2,1.361,0.0,6.7,2,3,6,0.603,1,4,1,0.546,6,0,0,0
7,2,3,1,0,4,0,5,3,1,4,1,6,1.578,6,6,2,7,1.933,1.813,0.0,2,0.041,4,0,2.593,3,4,0.608,2.1,3,0.587,3,1.191,2.0,5.72,0,7,3,2.105,3,0,2,2.912,0,7,0,0
2,1,7,1,0,4,4,6,7,4,5,3,0,7.705,3,3,0,6,1.906,-0.119,0.0,1,4.233,3,4,1.652,2,7,2.856,3.4,4,0.527,0,1.793,1.0,3.12,1,1,2,2.705,2,0,6,2.799,3,0,1,0
0,0,5,5,0,7,3,1,7,5,5,7,6,-1.684,6,0,4,2,1.677,2.153,0.0,1,-1.087,6,3,0.223,0,6,3.813,3.67,7,-0.249,5,1.985,0.0,4.61,0,6,2,3.912,2,4,7,1.936,6,7,4,0
2,3,3,7,0,1,4,4,3,7,3,2,1,-1.154,2,2,2,0,0.831,1.87,0.0,6,2.428,2,1,1.557,5,7,1.278,6.41,2,-0.809,4,1.544,1.0,4.27,3,7,2,2.973,3,0,0,0.246,2,0,2,0
1,6,0,1,1,6,5,1,2,5,4,3,6,3.647,4,2,6,7,2.999,4.531,0.0,1,1.741,0,6,5.537,2,7,5.563,1.45,6,0.219,4,3.15,1.0,4.27,6,2,6,2.96,5,6,7,2.667,1,7,7,0
7,3,6,3,1,6,1,0,7,5,1,4,1,1.557,1,3,2,7,2.941,2.023,0.0,0,3.223,7,1,1.523,6,6,1.851,3.4,2,-0.018,0,2.629,1.0,2.96,7,1,3,5.506,5,2,0,4.415,6,4,4,0
3,4,7,5,0,2,5,1,7,7,5,1,0,1.926,2,3,3,4,0.614,-2.148,0.0,2,0.769,3,5,-0.608,3,2,0.837,5.39,7,0.914,5,0.12,0.0,5.48,2,0,6,3.774,5,6,3,3.754,2,7,4,0
3,6,2,2,1,0,1,2,6,0,4,3,3,7.209,7,2,5,4,6.901,9.109,434.89,0,6.883,3,7,5.689,6,0,5.055,2.16,2,-1.448,2,5.824,3.0,6.41,2,0,5,6.091,7,5,1,8.482,6,7,7,1
5,2,7,0,1,6,6,3,1,0,7,5,7,2.835,0,0,6,4,2.64,4.052,0.0,2,2.863,3,4,4.736,1,4,3.631,1.73,6,0.651,3,3.789,2.0,3.13,6,5,1,3.797,1,1,4,1.615,1,6,4,0
2,1,1,2,0,1,1,3,6,3,2,6,6,0.138,5,0,4,3,1.456,0.266,0.0,0,3.162,6,4,1.566,4,1,1.384,3.7,1,-0.114,2,1.998,1.0,1.33,6,2,5,2.599,4,1,3,0.773,6,5,7,0
3,5,0,3,0,3,2,2,1,3,6,1,1,3.691,1,6,5,2,0.088,-2.329,0.0,7,0.473,5,0,1.926,3,3,-3.288,6.83,5,0.511,4,0.611,-0.0,4.71,1,0,5,0.962,6,3,1,-4.033,3,4,5,0
7,0,2,1,0,6,2,6,6,4,3,6,7,-1.66,7,2,0,4,1.146,3.516,0.0,5,0.459,4,6,1.385,1,0,0.473,3.18,5,-0.556,4,1.915,0.0,5.39,2,5,5,1.602,5,7,1,2.805,1,5,4,0
3,2,5,1,0,3,7,3,1,5,1,5,3,-1.514,7,3,7,5,2.166,3.984,0.0,3,1.54,2,4,7.259,5,5,1.121,1.58,6,0.168,0,2.018,1.0,4.65,7,0,5,3.405,1,7,5,4.169,2,5,7,0
1,3,4,2,1,4,1,2,5,7,7,4,6,2.795,2,1,5,1,5.556,9.971,461.24,2,7.241,5,4,6.958,6,7,3.784,6.64,5,-0.218,1,6.009,3.0,7.02,1,0,0,11.357,6,6,1,5.169,2,6,5,1
3,4,2,3,0,0,7,0,5,0,2,3,3,2.35,1,6,7,3,0.11,1.655,0.0,6,0.996,1,4,-1.05,2,1,-0.738,2.35,1,-0.74,3,0.803,1.0,2.38,1,2,6,-0.279,2,7,6,-4.442,3,7,3,0
6,5,3,6,0,0,6,6,1,7,4,6,5,0.177,4,7,7,4,1.422,2.237,0.0,6,3.832,4,6,0.695,4,6,3.81,3.48,2,-0.919,6,1.652,1.0,2.93,3,5,7,1.366,5,5,7,2.111,7,6,5,0
7,0,7,6,0,2,2,5,1,4,1,3,7,-1.631,0,3,5,1,1.702,-2.25,0.0,0,2.793,0,1,6.569,0,2,1.417,5.03,5,0.353,4,1.362,0.0,1.26,2,3,1,4.366,2,3,7,2.75,2,2,2,0
1,6,6,5,0,7,2,4,3,5,0,5,7,2.692,1,6,2,0,0.68,-1.124,0.0,2,1.957,7,7,1.482,6,3,-0.223,2.68,7,-0.032,1,-0.29,1.0,2.08,6,4,7,1.425,3,2,0,-0.538,0,1,2,0
2,3,1,5,0,1,7,7,4,4,5,1,1,1.177,5,3,4,7,0.982,2.579,0.0,7,1.232,1,1,-0.132,5,5,-2.176,2.93,6,0.548,2,0.966,1.0,6.46,5,1,6,3.364,5,3,6,3.77,0,6,6,0
3,5,6,1,0,5,4,2,7,3,1,1,0,-4.662,4,5,5,0,-0.364,-3.297,0.0,3,-1.033,3,4,1.937,7,4,0.686,0.64,3,0.979,3,-0.139,-0.0,0.88,1,3,0,2.041,1,1,6,3.091,7,3,1,0
7,1,7,1,1,4,7,6,4,6,6,5,1,4.065,4,1,4,0,2.312,3.389,678.85,2,3.13,2,5,2.271,5,1,2.024,2.44,0,2.459,5,3.132,2.0,7.63,6,0,1,5.676,3,5,3,-0.406,5,1,7,1
7,3,2,3,0,4,6,5,7,5,2,1,0,1.019,6,2,3,0,0.813,4.372,0.0,5,2.959,0,0,3.967,0,1,3.711,3.92,7,-0.377,5,0.927,1.0,3.02,1,0,6,-1.287,3,0,2,-2.784,6,4,1,0
3,4,5,4,0,0,5,0,4,1,2,4,2,3.017,6,1,3,3,1.464,1.399,0.0,7,0.343,0,1,3.894,0,3,-1.124,2.06,0,-0.906,7,2.144,0.0,1.64,1,4,5,2.877,4,7,0,-0.646,6,1,4,0
1,3,6,2,1,2,5,1,1,0,5,4,4,3.061,0,4,3,7,3.568,4.727,0.0,0,3.281,0,2,3.382,6,3,2.965,3.38,6,-1.533,0,4.643,2.0,8.15,4,5,1,5.431,2,2,3,8.389,1,4,0,1
2,3,6,0,0,0,1,2,7,1,6,6,6,1.599,3,7,6,7,0.338,-0.0,0.0,0,-1.343,5,7,1.627,4,4,-0.606,3.75,4,0.237,0,-0.19,1.0,1.87,0,1,7,2.987,3,1,2,1.977,3,3,7,1
3,4,4,0,0,1,3,5,6,2,7,0,1,0.912,1,6,2,3,0.626,2.764,0.0,1,2.035,6,2,5.62,2,0,2.649,2.74,2,-1.133,7,2.343,0.0,4.57,7,6,1,-1.021,0,4,5,2.744,2,4,2,0
4,5,5,5,0,4,5,2,3,7,4,7,1,-1.147,6,3,0,4,1.063,2.802,0.0,1,0.124,7,6,-2.703,1,7,-0.209,2.61,6,0.09,7,0.822,0.0,4.34,7,6,0,1.288,1,3,2,-0.622,4,2,7,0
4,6,6,5,0,3,7,7,2,2,6,4,3,1.277,5,1,5,5,2.269,1.485,0.0,3,0.957,7,7,1.971,0,1,1.084,3.49,7,1.162,6,1.886,2.0,3.67,5,0,1,3.152,4,2,0,3.246,6,4,1,0
3,0,6,0,1,0,2,2,2,1,6,6,3,3.647,3,1,7,4,3.126,5.128,0.0,0,0.266,5,0,1.925,2,2,1.973,1.01,3,0.664,4,2.726,2.0,4.4,7,1,2,3.867,1,5,3,0.833,1,1,5,0
1,3,1,6,0,4,5,5,6,4,2,6,7,0.647,0,5,6,1,0.312,-3.58,0.0,2,1.484,0,7,-1.562,3,6,0.716,4.43,6,-1.53,5,0.629,1.0,4.09,4,1,2,1.303,7,4,3,-0.285,2,3,1,0
0,4,6,3,0,3,6,6,5,2,0,7,0,-0.776,0,7,3,2,0.286,1.063,0.0,7,-0.17,2,0,-2.982,7,6,1.116,5.26,0,1.378,6,1.334,-0.0,5.04,4,3,2,-1.478,0,6,7,2.346,0,7,4,0
1,2,4,4,1,5,6,4,5,1,4,2,6,3.815,4,3,7,4,3.239,6.74,0.0,2,5.087,4,0,4.772,1,1,6.795,2.8,1,0.864,7,4.147,2.0,5.87,4,3,0,5.812,2,1,2,2.427,6,6,4,0
2,3,4,0,0,0,6,5,0,7,3,3,0,-0.648,5,6,5,7,1.404,5.335,0.0,4,-1.919,4,6,1.615,6,7,1.715,3.75,1,1.628,4,0.365,1.0,5.59,6,4,0,3.782,5,6,2,0.816,4,5,3,0
5,7,7,6,0,3,4,0,1,2,2,6,2,-1.004,7,7,6,7,0.207,-0.93,0.0,3,0.325,3,3,2.284,5,0,0.935,2.31,6,0.686,7,0.962,-0.0,5.82,3,0,3,3.054,5,1,5,-0.903,6,4,6,0
2,4,6,2,0,5,0,1,7,4,7,3,5,1.446,3,1,2,7,2.558,2.861,0.0,3,2.618,4,2,3.33,6,2,3.235,1.82,4,0.353,3,1.951,1.0,5.8,0,1,6,8.09,0,7,7,3.758,2,1,1,0
1,7,5,0,1,0,7,1,5,6,6,5,4,2.333,2,3,3,4,4.326,6.311,0.0,4,2.693,6,4,4.348,5,4,2.599,3.92,5,1.54,1,4.09,2.0,9.32,6,2,0,5.957,2,6,2,2.433,1,3,7,1
5,3,1,6,1,5,2,5,1,6,2,3,4,2.763,4,3,4,3,2.223,4.536,0.0,6,2.908,4,4,0.723,5,3,3.32,3.69,5,0.541,3,2.638,2.0,6.89,4,7,3,2.942,5,3,0,4.389,5,4,6,0
0,3,2,2,0,2,0,0,7,5,3,2,2,-1.814,3,5,2,0,0.527,0.895,0.0,3,-1.662,3,3,-0.145,7,6,1.309,1.35,7,-2.232,1,0.33,0.0,5.39,1,4,4,-2.39,6,4,6,0.438,2,1,2,0
2,6,0,3,1,4,4,0,6,2,5,6,3,2.719,1,4,6,5,4.007,4.134,0.0,6,3.279,5,4,3.884,7,7,4.678,0.29,0,-0.089,1,3.754,3.0,5.72,4,0,4,3.118,3,7,6,3.939,3,2,4,1
5,0,3,4,0,1,4,2,2,2,2,7,4,0.478,5,0,3,7,2.535,4.121,0.0,0,3.011,0,6,6.231,5,4,5.822,1.8,4,0.265,2,2.708,1.0,2.86,7,3,6,-0.386,4,3,4,2.928,3,1,4,0
7,1,5,0,0,2,3,4,4,7,2,1,4,1.852,6,1,3,6,0.249,-2.182,0.0,4,2.1,1,4,-2.492,0,2,1.059,1.3,3,0.975,4,0.302,0.0,4.47,4,0,4,-0.916,5,3,6,3.31,4,4,4,0
4,1,7,7,0,2,2,3,6,7,6,2,3,-1.035,5,6,7,1,0.632,-1.68,0.0,1,0.143,5,0,0.563,1,2,2.203,0.25,4,-0.37,1,-0.195,1.0,3.01,3,0,4,0.289,2,3,7,2.552,2,0,2,0
6,3,3,1,0,5,2,0,2,4,3,6,1,0.774,3,6,1,6,1.784,0.077,0.0,3,2.524,5,4,0.036,4,5,0.774,4.82,4,-0.598,0,0.224,0.0,2.26,1,5,5,-0.679,0,1,3,3.417,5,5,4,0
4,5,5,4,0,0,3,6,0,2,1,6,6,3.05,1,2,6,0,0.564,2.416,0.0,3,-0.463,6,3,-1.555,6,7,-1.844,3.38,5,0.281,3,1.409,-0.0,3.23,4,5,5,-1.295,1,6,3,4.235,0,1,7,0
3,7,5,7,0,5,5,6,4,0,1,0,0,0.409,6,2,3,5,1.031,0.335,0.0,3,1.596,0,4,1.36,1,3,-0.193,2.47,3,1.136,3,1.242,1.0,3.85,2,4,1,-0.281,6,0,7,1.693,4,3,5,0
0,4,3,7,0,2,2,5,0,4,0,2,7,4.058,4,4,2,0,1.013,2.36,0.0,1,0.562,6,7,-1.803,7,7,-0.553,3.56,5,0.182,2,1.157,1.0,6.34,5,4,2,-0.304,3,5,4,2.171,7,0,1,0
6,6,6,4,0,3,0,1,6,5,5,4,3,2.386,0,5,0,6,-0.056,0.62,0.0,5,2.153,4,3,0.946,1,6,-1.124,2.26,1,1.115,4,0.53,1.0,4.93,2,6,6,0.561,3,6,6,0.062,5,1,3,0
7,1,3,0,0,0,2,4,2,3,1,7,4,1.875,7,0,4,7,2.201,0.542,0.0,1,3.602,7,0,2.504,5,5,-1.005,1.31,4,1.399,4,1.424,1.0,4.71,4,7,4,0.872,3,2,0,5.207,5,3,2,0
2,1,1,6,0,6,2,3,6,5,2,1,0,1.644,5,4,3,7,0.471,-0.504,0.0,0,-1.407,5,6,0.071,6,3,0.876,2.1,4,2.705,4,1.518,0.0,4.57,7,5,6,0.419,2,3,1,-0.282,6,1,7,0
1,6,0,7,1,5,6,4,1,1,5,4,4,2.747,0,2,4,7,2.713,6.457,0.0,4,1.691,7,3,5.108,5,3,3.504,4.95,7,-0.752,6,2.941,2.0,3.08,3,0,0,1.387,5,3,1,2.713,0,6,7,0
7,7,3,6,0,7,1,5,4,0,1,1,4,3.678,1,5,1,2,1.422,-1.335,0.0,1,0.473,2,1,-1.133,0,7,0.743,3.44,0,0.926,7,0.451,1.0,7.11,2,0,6,1.46,3,0,2,0.063,2,0,5,0
1,7,4,1,0,2,5,7,1,6,7,1,1,-3.823,0,4,4,3,3.073,3.095,0.0,6,1.558,0,5,-0.275,1,5,1.611,4.57,2,0.069,0,1.264,1.0,2.06,6,7,5,-2.336,4,3,7,4.734,0,5,5,0
6,1,3,3,0,6,4,1,5,1,7,1,0,2.816,3,1,1,7,0.911,-1.627,0.0,1,-2.535,7,3,7.04,7,6,0.316,2.33,1,-1.126,1,0.986,0.0,2.0,1,0,4,0.027,0,7,1,3.255,4,3,7,0
5,5,2,1,0,2,1,2,7,3,3,5,3,0.528,4,0,5,7,0.999,-1.22,0.0,1,1.941,5,0,0.796,0,1,-0.487,4.2,5,0.899,2,1.514,1.0,3.93,4,3,6,2.168,0,6,4,2.504,2,5,6,0
5,6,3,4,1,5,5,0,5,1,0,1,2,-1.207,4,3,7,4,2.307,0.067,0.0,7,0.676,3,5,-0.668,7,5,0.375,1.55,6,-1.336,4,1.813,1.0,2.28,6,1,4,1.126,7,1,1,1.21,6,5,2,0
5,4,1,2,0,5,6,0,2,1,7,7,2,-0.614,2,2,1,4,0.346,2.374,0.0,7,-1.103,7,6,0.117,4,3,-0.344,3.71,1,-0.539,5,0.076,0.0,4.72,6,0,7,-0.572,5,7,4,0.714,2,2,6,0
5,7,2,5,0,4,2,2,5,0,4,0,5,2.322,7,0,4,5,1.736,3.81,0.0,0,1.476,4,2,1.4,2,3,2.86,0.06,7,1.253,2,1.778,2.0,5.55,1,6,7,0.902,2,3,6,-0.598,4,1,0,0
3,6,3,6,0,5,6,5,1,5,6,1,1,-1.979,7,7,7,6,0.931,-1.392,0.0,6,-0.038,5,7,1.486,3,1,0.418,4.27,2,1.129,1,0.33,-0.0,7.66,6,4,3,0.671,4,0,2,4.144,0,3,1,1
0,7,4,4,0,0,3,3,6,1,5,3,2,1.697,2,7,0,1,1.658,3.193,0.0,5,1.334,3,0,1.55,0,4,0.949,2.79,3,-0.655,6,1.293,1.0,3.83,3,4,6,3.206,0,1,5,1.548,1,6,2,0
6,5,5,7,0,6,3,4,1,5,0,1,4,1.155,5,2,4,7,1.063,0.239,0.0,6,0.397,1,2,0.471,6,5,-1.729,0.32,6,0.42,6,0.248,-0.0,5.64,4,1,3,-1.288,1,5,3,-1.152,5,3,0,0
3,2,4,1,0,6,5,6,6,3,7,0,2,3.081,5,3,1,1,0.913,1.198,0.0,4,-0.275,1,1,4.541,6,7,0.545,3.77,7,-0.555,2,1.68,1.0,4.9,7,0,6,6.855,6,6,1,1.145,7,2,7,0
0,6,2,2,0,7,0,6,5,0,4,1,5,-0.01,6,4,2,4,0.239,2.167,0.0,0,1.158,1,4,0.377,4,6,1.689,1.25,0,0.332,5,0.35,-0.0,4.51,4,3,1,-0.02,3,5,2,-1.223,5,3,0,0
0,1,6,3,0,6,1,5,5,5,1,1,6,-0.099,2,7,2,5,0.217,-0.941,0.0,2,0.985,5,6,-2.064,0,6,-1.947,3.13,6,1.534,4,0.147,1.0,5.16,7,1,6,1.269,7,4,7,2.61,2,4,4,0
1,7,5,5,0,3,2,2,2,5,3,6,5,9.323,1,0,7,6,1.538,-1.253,0.0,1,1.555,3,1,2.141,3,6,1.28,5.11,0,-1.128,1,1.373,1.0,5.94,1,1,7,2.864,7,2,6,4.239,7,3,3,1
6,2,5,0,0,0,7,3,5,0,7,5,0,0.862,2,6,4,3,1.035,0.963,0.0,2,0.549,5,6,0.438,7,3,1.958,5.31,5,-0.18,0,1.874,1.0,4.47,2,4,7,5.103,0,4,2,-1.303,7,1,6,0
7,3,7,6,1,4,0,4,4,6,7,6,3,1.518,7,3,5,3,3.648,6.528,0.0,7,2.412,5,5,4.716,1,2,3.694,5.16,5,-0.966,4,4.285,2.0,7.63,3,3,0,5.036,3,6,4,8.7,5,3,1,1
5,4,5,0,0,1,7,4,3,7,7,5,5,1.888,0,7,3,3,1.094,1.818,0.0,6,2.801,3,3,1.056,6,2,-0.353,5.2,2,0.399,5,0.926,1.0,6.22,0,1,3,0.525,6,7,0,1.72,5,7,7,0
3,5,3,1,0,3,5,4,6,0,5,2,2,-0.7,6,1,6,7,3.086,-0.046,0.0,3,2.827,0,6,0.679,7,6,1.773,7.96,2,-1.055,3,2.773,1.0,8.42,6,5,0,1.66,0,4,0,3.064,2,5,0,1
0,5,5,6,0,6,0,7,6,2,4,6,3,2.679,7,2,4,2,1.554,3.101,0.0,3,1.913,0,0,2.038,6,1,3.225,3.21,7,3.128,3,2.032,2.0,2.54,1,0,3,2.749,6,6,4,1.798,3,2,5,0
2,3,2,2,0,7,2,7,0,4,4,7,4,2.656,3,5,6,4,2.029,0.849,0.0,0,2.02,2,0,1.568,7,0,1.933,3.98,2,0.46,4,1.861,1.0,2.83,7,5,0,2.162,4,0,1,3.073,0,3,6,0
3,0,3,6,0,0,3,0,1,3,1,5,7,2.39,0,5,4,7,1.929,-2.538,0.0,6,0.808,6,7,2.728,4,7,1.649,2.02,1,0.929,6,2.299,2.0,4.1,7,0,1,4.19,4,7,0,7.527,5,2,1,0
4,1,3,0,0,6,7,1,3,6,1,3,5,1.895,2,5,3,7,2.8,4.097,0.0,2,3.865,6,1,2.742,4,7,3.918,1.37,6,0.206,1,2.884,1.0,5.87,5,5,3,3.359,7,5,3,3.696,2,4,1,0
0,2,4,0,0,2,4,5,5,5,7,6,0,4.412,0,3,2,5,1.949,4.784,231.17,6,2.042,1,4,3.085,0,4,-0.319,3.19,1,-0.762,4,0.988,1.0,9.39,6,2,1,3.633,1,1,1,-2.911,0,3,0,1
1,0,3,0,0,4,3,2,1,6,6,1,2,-0.047,4,0,5,1,0.94,-1.837,0.0,0,0.211,4,2,1.086,6,0,-0.464,2.99,6,-0.772,4,1.123,1.0,6.89,2,3,2,1.538,1,6,1,3.183,2,2,4,0
4,5,3,6,0,7,3,5,0,7,2,7,6,1.524,1,3,5,7,0.95,-0.298,0.0,7,-0.143,5,1,-2.192,4,1,0.797,3.23,2,-3.034,7,0.646,1.0,3.24,3,1,2,1.657,7,7,7,-2.577,0,3,0,0
7,0,3,0,0,7,6,3,7,0,0,6,7,2.946,7,4,5,3,1.803,1.6,0.0,3,3.258,2,6,2.518,6,3,0.994,2.41,6,-0.422,5,1.73,2.0,5.48,4,5,4,0.413,2,1,3,1.54,2,1,1,0
2,6,5,3,1,1,5,5,1,1,3,0,3,3.028,0,4,2,0,2.024,-0.788,0.0,0,2.739,0,0,2.295,0,2,1.42,0.8,1,0.503,7,1.708,1.0,1.07,0,6,1,2.004,0,6,6,2.059,1,2,6,0
5,3,1,6,0,0,6,6,6,5,3,2,0,1.381,6,1,7,0,2.887,5.336,0.0,7,1.202,4,5,2.787,1,3,4.754,4.27,1,-0.198,4,2.807,1.0,2.13,5,5,7,1.689,5,3,0,2.797,6,0,6,0
1,3,7,0,0,3,3,7,6,7,3,6,7,0.243,5,4,0,1,1.192,0.387,0.0,2,3.18,7,6,0.547,5,0,-0.318,3.64,6,-0.224,2,1.193,0.0,6.19,3,2,2,3.229,2,0,5,-0.589,5,1,1,0
3,4,7,3,0,3,3,6,5,3,0,1,0,-0.427,2,6,7,2,0.929,3.063,0.0,0,0.604,3,2,2.187,2,2,2.636,1.15,6,0.564,4,0.796,1.0,6.0,5,0,5,3.809,3,1,5,-2.05,2,5,4,0
3,2,4,0,0,5,0,7,4,4,5,7,1,1.781,5,1,4,5,1.669,1.165,0.0,5,1.829,4,6,1.742,7,4,0.363,3.15,4,-1.887,4,1.457,-0.0,5.37,4,0,1,3.007,1,6,1,2.354,7,0,7,0
4,1,7,7,0,2,7,4,4,6,3,2,4,4.977,1,1,2,6,2.48,-1.736,0.0,4,0.653,7,6,-0.24,1,2,3.165,2.3,0,0.023,4,2.938,1.0,6.97,4,6,2,-2.045,5,6,5,2.378,1,4,1,0
3,2,0,2,0,1,5,0,0,4,6,7,5,0.417,3,7,3,1,1.431,1.652,0.0,7,1.983,7,0,-0.177,7,2,2.131,5.44,0,-1.029,4,1.199,1.0,8.49,7,7,2,3.175,3,4,4,5.574,1,7,0,1
7,5,6,4,1,5,1,6,6,5,4,5,6,5.42,2,4,4,3,4.227,3.095,689.68,2,3.169,6,6,5.409,4,1,2.157,3.54,2,-0.715,2,4.625,3.0,7.35,3,2,5,2.433,5,0,4,3.192,0,5,6,1
0,4,7,0,0,3,6,5,1,2,4,6,2,1.597,2,1,6,4,0.362,1.96,0.0,3,0.803,7,4,1.976,4,4,2.248,1.85,7,-0.98,5,1.583,-0.0,5.51,1,5,2,2.476,0,2,6,0.035,3,6,6,0
7,1,6,0,0,5,5,4,7,5,6,7,0,1.378,5,4,3,6,0.091,3.006,0.0,4,-1.28,0,5,-0.733,1,3,0.04,2.0,7,-1.067,6,0.451,-0.0,-0.09,7,6,4,2.362,6,1,2,0.711,0,0,4,0
2,0,5,2,0,6,7,3,2,6,7,3,1,5.393,4,7,1,6,0.689,3.267,0.0,7,1.492,0,5,-3.556,1,4,2.307,5.91,1,-1.322,0,0.701,0.0,4.43,1,0,7,4.817,3,6,2,2.887,0,6,7,0
5,2,1,6,0,4,7,0,0,4,0,5,7,-1.706,6,4,2,1,1.772,4.186,0.0,6,0.922,6,4,3.103,1,2,1.79,5.08,0,0.362,7,1.64,0.0,7.22,0,1,5,0.616,3,1,2,4.693,1,4,3,1
3,1,1,6,0,1,4,3,2,2,3,1,1,-1.783,1,7,2,6,-0.12,-1.972,0.0,6,0.908,2,2,-0.686,2,1,0.997,1.66,2,1.618,3,0.094,1.0,4.0,2,5,5,-0.355,1,7,7,-2.665,6,1,3,0
7,0,0,0,0,5,0,5,5,6,5,3,7,3.466,7,7,6,2,1.003,0.108,0.0,6,-0.339,3,6,-1.897,3,6,4.418,2.17,2,0.191,6,1.479,0.0,4.15,3,6,0,-1.537,0,3,5,-1.552,5,7,1,0
3,2,1,7,0,1,5,4,6,3,3,5,5,-1.156,0,6,1,5,-0.024,-2.411,0.0,5,-1.962,0,0,1.816,6,0,3.888,4.45,7,-0.124,2,0.392,1.0,5.72,2,4,4,1.327,5,0,0,-1.235,2,4,4,0
7,2,2,4,0,4,7,7,0,1,0,5,6,-1.604,3,2,1,4,0.694,0.249,0.0,5,-0.236,5,1,2.028,0,0,0.525,1.42,6,-0.155,7,0.527,0.0,5.12,2,5,7,1.543,0,0,3,2.356,1,6,5,0
5,3,0,1,0,6,4,5,3,3,0,5,7,2.386,3,4,4,1,0.862,-2.377,0.0,5,-0.967,7,7,-1.004,7,5,0.385,6.25,0,1.072,0,0.899,-0.0,1.56,7,6,1,-2.35,2,6,3,0.415,2,0,4,0
5,4,4,2,0,7,6,3,0,0,3,4,4,-1.621,5,7,1,2,0.284,4.288,0.0,7,0.646,1,6,-0.669,2,6,-1.1,1.43,0,-0.029,6,0.756,0.0,4.53,2,0,0,4.52,2,1,6,1.067,3,1,3,0
6,0,3,0,0,3,2,4,4,1,3,3,7,-4.062,0,3,5,1,0.102,2.233,0.0,1,1.277,5,2,1.067,5,3,-1.01,2.58,6,-0.752,6,-0.079,0.0,1.74,2,4,7,0.808,6,6,6,0.072,6,5,1,0
1,2,1,0,0,2,4,6,0,4,1,3,7,-0.611,2,2,1,1,1.804,2.58,0.0,7,3.963,6,0,0.531,5,2,0.416,3.03,2,0.152,4,1.757,1.0,5.22,5,3,0,0.928,3,1,2,0.776,6,2,7,0
7,6,3,6,0,1,5,3,2,4,1,0,1,5.377,2,1,7,2,2.141,3.264,0.0,1,2.45,6,4,3.57,7,4,-0.041,3.02,5,-0.293,2,2.628,2.0,5.35,0,3,5,2.631,3,2,4,5.232,6,7,5,0
7,1,5,3,0,3,4,5,7,3,1,7,5,0.628,7,1,0,5,0.272,0.291,0.0,5,0.445,1,1,-0.327,0,6,-0.433,5.33,0,-0.03,7,0.689,-0.0,6.42,2,1,0,-0.129,5,3,1,-0.986,2,5,0,0
4,5,5,4,0,5,5,5,6,1,6,0,0,3.23,5,6,6,1,1.939,1.574,0.0,6,1.309,0,6,1.698,1,6,1.117,4.18,1,0.092,6,1.971,1.0,4.5,5,1,6,1.067,6,1,6,0.487,5,2,3,0
6,3,1,1,0,1,6,5,4,0,7,2,6,-5.438,1,4,6,3,1.454,2.664,0.0,4,-1.242,3,4,2.414,1,4,-1.49,3.95,2,1.969,3,0.352,0.0,3.82,7,1,7,7.356,2,5,1,1.986,4,0,3,0
5,1,5,6,0,1,3,3,7,7,0,1,1,0.504,3,2,5,6,0.411,1.118,0.0,2,0.971,0,5,-0.75,0,7,0.332,4.58,7,1.583,6,0.549,0.0,3.57,1,4,2,0.146,2,2,4,5.203,4,6,2,0
4,5,0,5,0,1,7,6,0,4,1,7,3,2.095,1,3,4,4,1.001,-0.293,0.0,1,1.272,7,2,0.661,5,1,2.419,2.02,7,-1.085,4,0.673,0.0,3.43,7,7,3,3.787,0,7,6,1.902,0,5,5,0
3,1,0,6,1,1,0,6,2,2,7,0,6,6.865,4,1,6,3,3.151,1.191,0.0,1,3.255,0,5,0.692,6,6,2.011,2.25,4,0.624,6,1.52,2.0,6.02,6,1,6,6.377,5,0,1,1.199,0,5,0,0
1,0,4,3,0,0,2,2,6,0,0,1,7,-0.722,4,0,1,0,-0.004,1.329,0.0,6,-1.466,6,4,1.09,6,7,0.966,-0.28,3,1.488,4,-0.01,-0.0,5.98,4,3,3,1.882,2,6,6,0.549,4,6,4,0
5,0,5,0,1,0,3,7,1,5,4,0,3,6.764,2,3,7,5,6.236,3.154,0.0,3,6.933,3,3,5.787,1,0,6.386,4.54,7,0.829,6,5.643,3.0,8.62,1,1,5,7.777,2,4,4,2.819,3,6,3,1
6,2,6,3,0,2,1,5,1,0,1,4,7,3.035,3,5,6,2,0.798,-0.36,0.0,3,0.585,4,1,1.001,6,7,-0.1,4.67,0,-1.669,5,0.158,1.0,5.7,1,1,3,-6.85,3,2,5,1.09,2,5,5,0
0,3,4,0,0,1,6,3,4,1,5,1,0,-0.033,5,1,1,6,2.238,3.71,132.24,5,1.91,0,2,0.79,4,1,-1.087,5.38,1,-0.63,0,1.667,1.0,8.14,6,0,1,1.873,1,2,7,4.909,7,2,4,1
6,3,7,2,0,3,1,0,0,3,6,6,4,1.709,4,5,4,7,0.195,-0.082,0.0,6,2.865,5,0,-2.055,2,0,1.321,1.56,4,1.504,5,0.059,-0.0,4.55,7,2,7,-2.418,6,3,4,1.186,7,0,4,0
4,1,2,1,0,4,0,2,5,2,7,1,2,-3.019,3,7,4,3,0.308,-3.045,0.0,5,1.443,0,1,1.155,3,3,0.983,4.11,1,1.73,2,0.829,0.0,6.45,5,2,2,1.957,4,2,3,-0.45,2,1,6,0
1,6,1,5,0,6,5,0,3,0,7,7,3,1.533,1,0,7,6,1.736,-1.557,0.0,7,0.383,0,0,4.342,4,0,0.382,3.63,5,1.571,3,2.186,1.0,5.07,5,7,3,3.108,6,1,3,4.705,0,5,1,0
3,6,6,5,1,6,7,3,2,7,1,6,4,1.173,5,0,3,1,0.755,0.698,0.0,5,1.522,2,5,-1.665,3,7,0.985,3.52,1,-2.247,1,2.832,1.0,0.57,3,6,5,4.67,0,4,1,0.571,7,6,4,0
1,3,4,1,0,0,0,5,2,3,2,4,5,1.41,1,2,5,3,0.003,-0.072,0.0,7,0.77,5,4,-3.501,5,0,-0.575,2.61,5,0.07,6,0.517,-0.0,4.45,1,3,5,-1.968,5,0,5,-0.442,5,3,6,0
5,4,3,5,1,7,0,7,7,3,6,5,0,4.879,0,7,4,7,2.588,2.659,0.0,1,2.761,2,4,2.363,6,3,1.123,2.13,4,0.183,7,0.667,1.0,4.93,1,7,1,3.99,3,6,5,3.601,5,0,0,0
5,2,4,2,1,2,5,4,3,2,2,3,6,1.755,0,5,1,6,3.791,3.431,0.0,6,3.753,2,4,2.396,1,5,2.821,1.35,1,1.205,5,3.303,1.0,4.41,7,7,2,0.174,5,4,4,0.927,4,4,0,0
0,2,2,0,0,2,1,5,6,3,5,2,4,3.475,3,6,2,4,2.188,0.323,0.0,0,1.976,5,6,-0.314,2,5,2.834,4.83,7,-0.947,7,2.89,0.0,4.14,0,3,7,3.111,3,0,5,-0.036,1,5,1,0
2,7,3,5,0,6,4,6,3,3,5,7,5,-2.177,2,2,3,1,0.633,1.403,0.0,2,-1.244,5,1,0.876,1,7,0.92,1.06,6,-0.018,6,1.061,0.0,3.77,4,3,5,1.794,4,6,5,5.468,4,3,0,0
1,2,2,1,1,0,4,7,3,7,6,7,3,2.68,1,3,0,5,3.61,2.286,0.0,5,2.699,0,6,5.179,1,5,1.646,2.08,6,0.145,4,3.381,2.0,2.99,3,0,3,5.276,4,1,6,9.53,0,5,7,0
1,2,1,7,1,7,1,1,6,2,2,5,6,5.238,6,2,4,0,3.024,0.648,0.0,5,2.979,7,7,6.04,0,0,4.889,1.09,5,-0.092,6,3.499,2.0,6.47,0,0,6,2.106,2,4,1,2.566,1,6,6,0
7,2,1,4,0,7,7,3,2,0,6,3,6,-0.018,0,1,7,0,1.018,2.975,0.0,5,1.343,1,6,-0.086,4,2,1.956,3.1,5,0.721,2,0.861,1.0,5.17,5,2,1,-2.069,4,6,1,2.345,6,1,7,0
7,3,7,4,0,2,1,0,5,7,6,3,3,-0.257,3,6,6,2,3.354,3.799,0.0,0,3.33,0,6,2.228,4,2,1.102,2.79,7,1.021,0,3.204,2.0,7.57,6,4,5,7.985,5,1,6,3.468,4,3,6,0
4,2,3,0,0,6,5,4,0,6,6,1,6,0.629,5,0,2,5,0.785,3.512,0.0,1,1.703,7,3,-0.17,1,4,2.676,2.56,7,-0.86,0,-1.418,0.0,2.99,3,2,2,0.826,2,1,1,5.408,1,6,5,0
1,1,2,5,0,0,5,1,3,0,6,5,0,-0.797,1,3,0,5,0.989,3.636,0.0,6,-0.468,7,2,-3.991,5,1,-2.076,0.44,0,-0.588,7,1.162,1.0,3.55,1,1,6,1.896,1,0,5,1.842,5,5,6,0
6,5,3,4,1,2,0,4,0,7,5,0,4,3.566,7,4,3,7,3.518,2.969,0.0,2,3.84,7,7,2.68,6,6,3.774,2.85,1,0.287,2,3.595,2.0,4.27,2,2,2,2.137,5,0,1,0.192,0,0,4,0
6,6,0,7,0,7,0,1,3,3,3,7,7,3.988,3,0,3,5,1.85,1.578,0.0,5,0.88,2,5,-1.656,4,4,1.189,4.47,2,0.152,7,1.594,1.0,4.31,5,3,1,4.037,0,1,0,-0.791,3,5,5,0
7,4,4,3,0,1,2,5,3,0,1,4,3,1.698,4,2,1,1,1.518,0.146,0.0,3,-0.515,2,0,-1.854,2,3,1.08,3.79,7,-1.918,7,1.732,1.0,4.26,0,6,0,-0.28,3,0,2,1.95,4,7,1,0
3,2,5,5,0,4,0,0,3,1,7,6,0,2.573,1,0,1,5,2.591,0.646,0.0,4,1.758,3,4,1.732,1,1,-0.995,3.45,5,-0.759,0,2.791,1.0,6.77,1,3,4,4.21,7,7,4,-0.718,0,0,5,1
1,7,5,7,0,7,2,4,0,5,5,2,1,0.6,6,6,7,1,1.906,0.3,0.0,5,2.481,5,0,4.292,5,4,-0.324,4.38,7,-0.106,5,2.267,1.0,4.2,0,1,4,2.092,4,0,3,6.506,4,2,1,0
5,2,1,4,0,0,7,4,2,5,7,3,5,-0.199,3,4,4,6,0.609,0.363,0.0,5,1.313,3,6,-0.139,1,7,-0.576,1.72,5,-0.759,7,0.699,1.0,3.07,2,5,1,-4.363,1,3,6,3.032,7,4,4,0
2,4,4,1,0,3,4,5,7,5,2,0,7,-2.016,0,4,3,2,0.287,0.078,0.0,5,-0.904,1,5,2.186,7,5,-1.891,3.31,6,-0.619,0,0.302,-0.0,5.91,5,0,1,1.839,3,3,5,-1.583,3,3,4,0
6,3,4,6,0,2,2,7,7,1,7,1,1,0.713,4,5,3,0,0.967,-2.258,391.38,7,0.566,3,3,0.757,4,3,1.798,2.85,2,0.223,1,1.267,0.0,7.17,0,1,4,2.117,2,2,3,-0.796,3,0,5,1
3,6,6,4,1,0,1,5,3,3,2,4,7,6.333,1,0,2,2,3.104,5.054,677.2,0,2.491,2,1,-0.311,5,4,1.706,4.67,6,-0.301,6,3.094,2.0,6.75,5,2,7,1.724,1,4,0,3.989,2,4,6,1
4,7,5,5,1,5,0,1,7,7,1,1,3,4.432,3,7,6,1,3.769,2.28,0.0,1,2.641,4,5,2.725,2,7,1.439,2.25,0,0.084,2,4.331,2.0,3.5,5,4,6,5.843,2,3,1,4.947,7,4,6,0
6,7,3,6,0,7,0,2,5,1,4,7,7,-1.87,5,4,1,2,1.357,-2.308,0.0,6,0.541,5,2,0.678,6,2,1.81,2.58,4,0.427,4,0.797,0.0,4.08,1,6,5,0.36,0,2,5,1.435,1,4,5,0
7,7,7,3,0,7,3,2,1,2,1,2,7,1.735,5,4,2,4,1.649,1.173,0.0,2,2.501,5,4,1.218,2,3,2.802,2.41,6,0.998,3,0.682,-0.0,1.11,0,7,4,-0.055,7,1,3,-0.621,0,1,4,0
4,5,1,6,1,0,4,6,0,4,1,7,7,7.006,2,3,4,4,5.408,1.789,296.56,0,3.351,6,0,1.552,3,3,4.154,4.96,2,-0.271,3,4.698,3.0,8.62,3,5,6,5.934,2,1,1,4.351,5,0,2,1
6,0,6,5,1,4,5,6,7,5,4,5,2,0.861,0,1,6,0,3.52,3.178,405.16,0,4.043,4,1,4.005,6,2,1.927,3.95,1,-0.675,5,3.36,2.0,7.42,4,7,3,3.499,4,7,2,2.405,6,7,7,1
0,3,7,1,1,4,2,7,2,1,7,7,4,5.066,3,2,0,6,2.761,2.362,773.75,5,4.027,0,6,4.695,3,1,3.211,2.43,2,1.86,7,3.117,0.0,7.65,0,0,5,-1.665,0,6,4,5.04,2,1,2,1
1,1,0,2,0,0,6,7,0,7,3,5,1,-2.442,5,5,0,5,1.799,-3.338,0.0,2,0.83,0,4,1.067,0,1,3.265,3.7,0,-0.983,3,1.746,0.0,3.14,2,5,4,2.425,6,4,3,-0.698,6,2,1,0
0,3,0,3,0,3,6,6,3,5,1,0,4,2.445,3,3,1,5,1.961,1.053,0.0,4,4.348,5,6,-0.924,4,3,2.823,5.75,4,-1.037,3,1.878,1.0,5.04,3,5,4,2.293,0,0,2,0.433,0,5,3,0
5,2,6,7,0,0,2,3,3,2,4,5,0,0.863,4,6,6,7,0.561,-1.006,0.0,5,2.066,0,7,2.358,2,2,1.094,4.58,1,0.482,5,0.534,0.0,3.28,4,6,7,1.608,1,3,1,-5.376,0,1,1,0
3,1,5,5,0,2,2,3,5,7,4,7,2,2.761,0,4,3,3,0.688,-0.038,0.0,6,0.777,0,5,0.345,0,2,0.29,4.98,6,0.082,2,-0.088,-0.0,7.27,3,0,0,-3.445,5,7,3,-0.998,5,5,1,0
3,7,2,6,0,4,6,4,0,0,3,1,6,0.413,1,5,7,5,0.722,-0.835,0.0,2,-0.391,2,5,2.275,6,1,-1.614,2.16,7,-0.469,2,0.213,-0.0,3.51,7,0,2,-0.97,7,1,0,-1.95,0,7,5,0
4,0,7,4,0,5,4,4,2,4,3,6,6,3.108,1,1,2,7,0.339,2.056,0.0,2,1.299,2,2,1.541,2,1,-0.592,3.01,1,0.773,3,0.812,1.0,4.22,3,7,7,1.119,2,7,2,5.511,4,1,0,0
3,3,0,5,1,5,1,5,7,4,1,0,1,1.479,2,6,0,7,3.844,5.467,0.0,1,2.859,7,4,0.869,0,4,1.61,2.92,5,-0.023,6,3.744,2.0,7.72,1,2,0,3.381,0,6,4,3.053,4,2,5,0
1,0,2,2,1,5,6,5,1,1,3,5,3,2.148,7,6,5,1,5.312,6.139,76.19,7,5.453,0,2,6.153,3,7,6.559,4.48,1,0.806,0,4.906,3.0,7.86,5,4,7,5.189,3,5,1,1.677,1,0,6,1
5,3,3,6,1,2,7,3,4,2,5,1,3,4.442,6,2,0,5,2.719,3.708,0.0,5,4.658,6,7,2.493,4,5,2.854,3.74,1,0.102,7,3.074,2.0,4.71,4,3,1,2.485,7,0,6,4.501,5,3,4,0
3,2,1,1,0,2,6,3,0,3,5,4,1,1.598,5,1,3,2,-0.079,0.044,0.0,6,2.468,3,4,-0.541,7,7,1.322,3.56,7,0.174,6,1.355,0.0,2.67,2,6,7,-2.446,1,4,7,1.604,2,1,5,0
2,0,1,1,0,2,2,4,5,7,1,2,1,4.613,0,5,2,4,0.856,2.157,0.0,7,0.942,4,0,4.072,4,7,-0.453,3.66,0,0.379,0,1.009,1.0,4.82,4,3,7,3.323,5,0,6,0.062,6,5,1,0
3,6,7,3,0,1,3,1,5,3,5,2,5,-2.497,4,3,4,7,1.796,2.26,0.0,6,3.476,3,1,-1.094,0,5,2.702,4.26,2,2.035,2,3.226,1.0,3.5,4,4,7,4.113,7,2,6,-1.436,6,0,1,0
3,1,3,3,1,6,5,1,6,2,4,2,4,3.497,6,2,2,1,4.571,7.736,0.0,2,4.737,4,7,5.349,3,1,3.113,3.1,2,-2.343,4,4.414,2.0,4.71,3,0,5,4.778,4,5,7,4.983,2,1,4,0
0,1,5,0,0,5,1,0,0,6,0,7,4,1.403,3,1,2,7,1.763,2.821,0.0,3,2.712,4,0,3.544,5,7,2.019,3.77,5,1.243,1,0.892,1.0,2.76,6,4,6,0.278,1,0,7,2.79,6,7,2,0
2,3,7,7,0,5,1,2,6,7,1,2,1,2.539,6,0,4,5,2.25,3.848,0.0,2,3.491,2,0,3.146,6,2,0.962,5.28,4,-0.942,4,1.933,1.0,8.74,0,0,7,4.474,0,0,0,4.259,6,3,5,1
0,0,5,4,1,3,2,4,4,2,2,4,4,4.418,5,5,0,2,1.211,2.67,0.0,2,0.911,2,4,3.398,7,6,-0.581,2.52,5,-1.294,0,1.75,2.0,4.03,3,5,5,3.896,3,4,7,0.262,2,3,7,0
3,6,6,7,0,0,0,3,1,6,1,0,4,5.547,6,5,4,2,1.377,-0.009,0.0,2,0.694,3,7,1.76,5,2,0.911,1.26,0,0.902,2,0.987,0.0,3.71,4,6,1,2.931,6,7,6,4.363,0,6,7,0
0,1,4,0,0,2,7,6,1,2,7,7,4,1.267,6,2,1,1,1.921,1.111,0.0,4,2.893,7,4,3.738,1,2,2.105,-0.05,2,-0.341,4,2.207,2.0,6.22,3,0,1,4.407,5,4,0,2.251,4,3,6,0
0,3,1,1,1,7,0,0,3,4,7,2,2,4.674,5,4,7,1,5.196,5.407,644.94,2,5.142,3,5,2.173,1,3,5.637,4.56,7,-0.375,0,4.371,3.0,8.99,1,0,2,1.653,7,3,1,4.742,3,1,3,1
0,6,0,2,0,2,6,0,0,6,0,5,6,3.958,2,2,7,1,0.342,0.613,0.0,4,0.527,2,4,-1.884,2,6,-0.092,2.89,6,-0.493,6,-0.031,0.0,4.27,2,7,1,2.955,4,3,7,-1.592,0,7,7,0
4,7,4,2,0,4,6,1,3,4,6,0,1,0.806,6,2,4,2,0.839,-0.977,0.0,7,-0.049,7,5,-1.618,7,3,2.08,4.58,2,0.9,0,0.216,-0.0,7.94,1,2,1,-1.162,4,0,4,0.766,6,0,6,1
2,0,5,2,0,6,5,2,1,2,2,2,2,-0.51,3,4,2,3,0.663,0.269,0.0,7,1.402,7,5,1.43,0,7,0.643,4.97,1,0.482,5,0.663,1.0,3.07,4,4,3,1.117,4,2,7,1.963,1,5,2,0
7,7,4,6,0,7,6,3,3,5,4,3,2,1.588,2,1,3,7,0.921,1.344,0.0,2,-0.44,7,2,0.456,6,6,0.512,1.38,0,0.566,1,1.587,1.0,4.72,3,1,6,-0.347,6,2,2,0.22,0,7,7,0
4,0,6,1,0,3,3,0,2,6,2,5,4,4.598,6,3,2,4,3.133,2.145,0.0,1,3.408,0,7,1.524,4,5,3.632,5.33,3,2.376,5,2.135,2.0,4.75,5,0,7,0.042,4,5,4,1.167,2,1,6,0
3,6,3,6,0,0,6,3,1,2,5,1,1,0.157,5,4,2,1,0.143,1.931,0.0,3,-0.029,0,5,3.177,1,2,-0.571,4.69,4,1.259,0,1.456,1.0,6.34,2,1,4,1.675,7,7,6,-0.084,7,1,3,0
6,6,0,7,0,7,5,1,1,3,3,2,0,-2.263,2,4,0,1,0.673,-5.607,0.0,3,0.965,7,3,0.758,2,2,-1.994,4.76,7,1.552,5,1.014,0.0,4.42,2,3,1,3.242,0,1,3,2.18,7,6,1,0
7,5,7,7,0,3,3,1,1,3,6,0,3,-0.145,6,7,5,0,1.961,1.332,0.0,4,2.148,3,3,-0.273,4,6,1.638,2.33,2,0.722,6,0.847,1.0,3.29,4,2,6,2.522,3,0,1,4.924,0,2,6,0
2,6,7,5,0,2,3,2,2,6,1,0,1,1.716,3,0,4,7,0.844,-1.521,0.0,0,2.78,6,5,1.113,0,1,0.114,1.33,7,0.126,4,1.835,1.0,5.25,1,3,5,1.341,2,6,7,-0.829,0,4,7,0
1,4,5,1,0,6,7,1,0,5,2,4,7,-1.571,6,2,6,6,0.789,-1.469,0.0,2,-1.204,3,5,3.955,7,1,1.322,3.44,2,-0.144,1,0.665,-0.0,4.68,3,5,4,2.089,1,5,5,0.79,2,3,1,0
3,4,6,5,0,6,5,6,4,5,2,2,7,1.778,6,5,4,5,1.993,2.836,0.0,0,1.55,7,4,3.19,1,6,4.277,4.37,3,-0.364,3,3.741,1.0,3.46,6,6,7,-1.09,3,1,1,3.216,6,4,0,0
0,4,6,0,0,3,2,1,5,5,0,3,3,0.898,3,7,4,1,1.492,-0.034,0.0,1,0.088,6,5,4.118,5,4,1.269,4.18,0,0.917,5,1.501,1.0,3.31,0,4,6,-0.266,1,6,4,-1.521,4,2,4,0
5,3,7,2,1,0,4,7,6,6,3,7,1,1.278,0,2,5,0,2.323,2.167,0.0,6,0.84,4,5,0.726,3,3,-2.359,1.5,0,-0.188,6,2.478,0.0,3.13,1,5,7,-0.076,1,4,4,3.677,7,6,1,0
2,7,5,1,0,5,3,2,4,7,7,0,7,1.373,1,1,1,0,1.292,4.356,0.0,3,0.926,0,5,-0.398,6,7,1.879,4.09,6,-0.098,6,1.596,-0.0,5.93,2,6,3,3.649,4,6,0,2.54,6,2,5,0
5,4,6,2,1,0,1,3,3,3,4,0,1,2.152,3,2,5,2,3.095,2.937,246.01,3,2.396,0,2,1.737,5,5,3.214,3.46,5,-0.949,7,2.277,2.0,6.2,5,7,2,2.306,2,1,4,0.451,4,4,6,1
6,4,3,6,1,5,7,3,4,4,5,0,3,5.438,4,3,0,5,4.232,5.502,530.03,4,4.925,0,3,2.076,3,5,4.741,3.96,2,0.185,5,4.494,3.0,5.79,3,6,0,7.214,2,4,7,0.979,0,2,7,1
4,5,4,5,0,5,6,5,0,3,6,1,2,0.373,4,0,2,5,1.087,0.686,0.0,2,0.465,3,6,-0.341,2,2,1.298,6.01,0,0.52,5,0.675,1.0,4.15,2,6,7,1.227,4,6,1,-1.262,1,4,6,0
7,2,4,6,0,7,4,5,4,3,2,5,7,-0.894,0,2,4,2,1.334,0.429,0.0,7,1.031,7,6,2.331,3,2,1.351,3.39,6,-1.77,1,1.022,1.0,5.56,6,5,4,1.825,6,6,0,-0.749,6,2,7,0
3,0,2,7,0,7,2,5,6,0,4,1,1,3.569,5,0,3,4,0.459,0.997,0.0,5,-0.109,6,3,-0.985,3,4,1.684,6.08,7,-0.71,0,0.774,0.0,4.89,6,2,6,-0.99,6,7,6,-1.171,4,1,7,0
6,6,3,7,0,1,5,5,4,4,0,1,2,-2.036,0,1,0,5,1.609,0.364,0.0,7,1.48,1,0,0.102,2,5,0.069,1.65,2,-1.29,7,1.067,-0.0,3.43,3,3,4,-2.617,2,7,5,3.187,5,6,1,0
0,5,3,4,0,7,5,3,2,4,3,3,0,4.584,2,6,7,4,0.619,-0.564,0.0,5,1.626,5,4,3.493,1,6,-0.47,1.78,4,0.951,0,0.719,1.0,3.31,2,2,7,-3.467,6,4,0,0.317,4,3,3,0
1,3,7,2,1,7,1,0,3,7,0,3,2,10.152,6,0,2,7,6.437,6.287,562.7,6,5.384,1,3,6.9,5,0,7.11,5.43,6,0.106,7,6.456,3.0,9.67,4,3,5,5.367,3,2,4,8.017,7,6,3,1
1,3,6,1,0,0,6,6,1,6,1,3,1,0.516,7,1,5,1,1.098,-0.24,0.0,7,0.619,5,4,-1.727,5,3,-0.274,2.05,0,-1.585,0,1.099,1.0,4.42,0,6,4,0.078,7,5,7,0.718,1,1,3,0
4,3,0,5,0,1,4,6,0,5,0,5,2,1.126,1,4,1,5,-0.055,2.728,0.0,2,1.181,5,2,-0.695,7,5,0.358,1.36,5,-0.487,2,0.128,-0.0,4.15,4,7,3,5.31,4,4,3,-1.283,0,5,1,0
6,2,6,1,1,5,1,2,7,3,2,1,2,6.684,3,5,6,2,5.396,3.518,720.22,3,8.306,2,3,1.806,4,6,6.3,3.25,0,2.819,2,6.176,3.0,6.08,2,6,2,5.934,2,5,1,5.371,2,1,0,1
4,1,0,0,0,0,4,5,2,2,7,2,6,4.335,6,6,7,6,1.367,1.273,0.0,2,1.812,6,3,2.602,4,2,0.449,3.78,1,1.501,0,0.774,1.0,5.41,6,6,1,2.594,1,1,1,1.452,2,6,7,0
6,6,4,0,0,3,0,6,7,6,7,6,4,-2.051,6,6,6,1,0.819,0.697,0.0,1,2.624,6,5,1.451,1,1,0.823,3.55,1,-0.356,5,0.138,-0.0,3.11,0,6,1,-1.309,0,4,7,0.226,7,6,7,0
5,3,4,2,0,7,2,1,1,7,4,3,3,-0.462,6,3,6,2,2.008,-2.395,0.0,4,2.609,1,2,-1.912,0,1,1.521,2.11,1,-1.209,4,1.423,1.0,6.33,1,3,6,1.048,1,1,1,0.417,3,2,1,0
3,3,1,3,0,4,4,4,6,6,6,3,2,2.915,5,6,2,2,1.847,0.308,0.0,1,1.541,1,3,2.775,1,5,0.138,4.34,6,0.931,7,1.46,0.0,1.55,4,3,2,0.174,1,1,3,3.409,5,4,5,0
5,2,5,0,0,5,7,7,0,2,4,1,5,-1.856,7,4,1,1,-0.045,-0.306,0.0,6,0.49,4,2,5.051,0,0,1.556,4.08,6,0.722,0,0.547,2.0,3.34,7,6,2,3.54,4,1,2,0.257,2,2,5,0
5,4,1,2,0,3,3,6,2,0,1,5,2,-0.045,6,5,7,7,0.975,-0.259,0.0,0,0.32,3,5,0.79,1,0,0.345,6.35,3,-2.076,0,0.293,1.0,8.53,5,2,5,2.466,5,6,6,-0.608,6,0,5,0
1,1,6,2,1,3,1,5,4,4,6,4,7,1.552,5,6,1,3,3.296,3.328,0.0,5,5.248,1,2,1.253,7,3,4.724,2.81,3,0.761,4,3.571,2.0,3.22,1,6,3,2.878,4,1,7,6.421,5,2,1,0
6,4,5,5,1,7,6,2,5,4,1,5,2,4.744,5,4,0,6,3.828,4.387,0.0,3,0.34,5,1,2.203,7,6,2.311,3.33,4,-1.502,7,3.543,2.0,4.74,7,4,2,2.333,0,4,5,2.319,6,6,7,0
2,4,3,4,0,6,1,4,0,6,6,2,0,4.522,4,5,1,2,1.53,-1.358,0.0,5,1.633,5,4,-1.421,3,0,1.607,5.09,0,-0.724,4,0.994,1.0,4.13,0,6,5,-2.019,5,2,4,6.695,3,7,2,0
0,2,4,0,1,5,2,3,6,1,2,6,5,1.982,0,3,6,0,5.705,7.881,808.09,5,3.942,3,1,2.745,2,4,4.358,5.17,6,-1.18,1,4.881,2.0,11.01,5,5,3,3.213,5,7,4,5.502,6,2,5,1
0,2,1,7,1,7,6,3,6,0,7,6,0,5.006,3,0,0,1,2.717,3.637,0.0,6,2.57,1,1,5.573,5,4,1.596,3.22,4,0.975,2,2.573,1.0,5.17,4,6,2,6.517,1,2,5,5.06,4,4,0,0
6,6,1,5,1,3,2,7,3,6,3,4,2,-0.414,0,7,6,1,2.883,5.1,0.0,3,2.495,5,0,4.928,6,6,1.369,3.98,5,1.188,1,3.849,2.0,3.47,0,1,0,0.115,7,0,3,-1.406,7,7,1,0
1,1,3,7,0,4,7,6,0,1,5,7,7,1.71,0,5,1,6,2.749,0.26,0.0,0,1.409,1,3,-0.209,3,0,3.635,5.46,3,-0.595,5,2.126,1.0,2.24,0,0,5,4.163,2,0,3,6.743,4,0,6,0
1,7,1,6,0,4,7,2,6,5,6,7,0,0.914,0,1,4,4,1.09,0.154,0.0,7,0.314,5,7,5.665,1,7,1.337,1.63,6,-1.383,5,-0.066,0.0,3.95,1,6,1,2.975,4,4,3,1.71,0,1,2,0
0,6,7,7,0,5,3,4,5,1,3,5,4,-0.061,3,5,7,6,2.117,2.147,0.0,2,2.552,4,2,3.643,7,3,5.651,3.96,1,-0.424,1,2.441,1.0,1.93,0,5,5,2.432,2,3,5,0.008,0,4,2,0
7,0,5,3,1,0,7,6,5,1,4,7,4,2.621,1,4,1,2,2.013,3.463,0.0,1,3.042,2,3,1.64,5,2,2.507,4.92,3,-2.089,5,1.43,2.0,3.63,6,5,4,2.252,0,7,3,1.116,6,1,0,0
4,4,1,3,0,6,3,6,6,5,4,1,1,-2.368,4,2,2,6,-0.022,-2.201,0.0,4,0.504,7,5,0.728,2,1,1.273,2.96,2,-1.156,5,0.453,0.0,5.47,0,0,2,1.094,2,1,4,-0.608,6,4,6,0
4,7,3,2,0,5,5,3,7,1,6,0,5,-1.753,6,5,0,3,0.617,4.696,0.0,0,0.256,1,6,2.337,1,3,4.336,5.59,5,0.579,5,1.419,0.0,6.29,3,6,0,-0.802,4,1,5,0.217,2,0,4,0
0,1,1,1,0,0,2,1,7,2,3,1,6,0.27,7,6,1,5,0.707,0.433,0.0,1,-0.435,6,3,0.244,3,1,-1.638,3.2,0,0.22,2,0.739,1.0,5.45,5,7,3,0.356,1,7,7,0.278,6,5,7,0
0,2,2,5,1,6,3,1,4,4,3,4,3,4.001,1,1,2,3,2.839,0.099,262.99,3,1.794,7,5,4.533,4,0,4.874,5.01,1,1.134,7,2.832,2.0,8.15,1,2,6,4.132,5,1,6,2.028,0,7,4,1
5,3,5,5,1,4,3,2,2,5,6,5,7,7.335,4,7,6,1,6.311,2.466,0.0,0,7.916,5,7,6.783,4,3,6.854,3.57,6,-1.889,0,6.969,4.0,5.49,2,0,1,6.268,5,4,1,12.117,4,0,5,1
1,4,6,6,1,4,0,5,7,5,1,1,3,8.463,3,7,0,4,4.735,4.39,246.67,6,6.282,0,6,4.251,4,3,4.419,3.31,5,0.697,6,4.395,3.0,8.41,4,0,5,-1.244,4,2,3,4.865,5,2,1,1
3,7,2,5,1,0,7,3,5,1,0,0,4,3.874,0,4,1,2,3.164,8.9,0.0,3,4.324,1,2,5.857,6,7,4.658,2.24,1,-0.445,7,2.558,2.0,5.4,6,3,6,0.924,4,7,1,1.118,1,4,6,0
2,2,5,6,0,3,4,3,1,4,3,5,1,4.253,6,3,7,5,-0.284,0.393,0.0,5,2.476,4,7,-1.572,1,6,2.918,2.47,6,0.396,5,-0.609,0.0,2.95,1,0,5,2.461,4,2,6,1.355,0,6,2,0
6,2,7,6,1,7,3,5,6,0,5,0,6,3.586,3,4,4,3,3.372,8.009,0.0,4,2.692,1,6,2.375,0,6,4.237,4.69,4,2.107,1,3.933,2.0,2.97,1,0,4,2.709,7,4,2,5.155,5,5,7,0
5,3,3,4,0,6,1,7,6,6,3,5,1,4.216,5,2,4,6,1.192,1.485,0.0,5,0.029,6,4,2.45,7,2,1.025,0.94,7,-0.065,2,1.747,0.0,5.34,2,6,2,-0.823,7,3,0,5.136,6,2,7,0
3,7,5,1,1,1,7,1,6,0,4,0,1,0.745,1,1,4,5,3.533,-0.848,0.0,7,4.477,1,3,-0.483,2,0,3.666,0.83,2,0.481,6,3.154,2.0,3.57,0,3,3,6.328,3,7,3,4.878,6,3,3,0
1,0,1,4,0,4,5,2,3,7,1,2,6,0.383,4,7,0,0,0.704,-1.601,0.0,0,2.714,2,1,-1.789,2,7,-0.311,4.48,6,-0.947,0,0.806,-0.0,5.81,0,0,2,4.476,5,6,7,0.976,5,4,3,0
2,2,0,6,0,4,6,7,1,2,6,7,5,-2.78,5,5,5,7,1.059,0.521,0.0,2,0.807,1,1,1.327,5,7,2.262,3.79,3,-0.082,6,1.282,0.0,5.37,4,4,6,3.075,2,7,7,3.048,7,6,2,0
7,4,5,7,0,7,0,5,5,1,0,4,2,2.591,4,7,3,1,1.344,-2.219,0.0,7,0.479,5,2,1.402,3,7,-0.718,4.67,3,-0.143,6,0.315,1.0,2.44,7,3,3,2.303,0,6,6,3.502,3,7,5,0
6,3,2,3,0,4,2,3,6,4,7,5,2,2.114,7,7,0,3,2.563,3.542,0.0,6,2.498,6,1,3.686,7,5,3.99,3.3,2,-0.315,1,1.459,1.0,7.66,3,0,4,1.517,5,0,4,2.433,2,6,5,0
7,2,7,4,0,5,6,7,4,3,7,1,0,3.881,0,5,0,0,0.188,-0.677,0.0,6,0.762,0,1,0.222,5,2,-0.929,2.13,5,-0.643,2,1.489,1.0,7.23,4,7,6,0.969,0,5,3,-0.13,1,2,1,0
0,6,7,1,0,2,5,0,6,7,1,4,3,2.542,0,0,6,0,-0.227,1.513,0.0,1,2.466,6,6,-0.695,6,1,1.31,1.0,3,-0.247,4,0.404,0.0,4.65,6,7,6,-0.699,3,3,4,-1.382,0,4,4,0
2,3,0,2,0,7,7,6,1,7,6,0,7,2.707,4,7,7,5,1.051,0.924,0.0,3,-0.504,2,5,1.482,4,3,-0.502,4.05,5,0.402,3,1.121,1.0,3.51,2,4,2,3.483,3,0,0,1.515,5,2,5,0
2,4,6,7,0,1,0,0,6,6,4,6,3,0.337,7,4,2,7,1.708,-0.377,0.0,4,3.037,6,1,3.784,2,6,-0.232,3.47,6,1.282,3,1.636,1.0,5.49,1,5,7,2.643,5,5,5,-0.338,4,7,5,0
4,5,5,6,0,2,3,0,5,5,1,3,1,3.128,7,3,6,2,1.863,0.339,0.0,0,-0.03,5,4,-0.338,3,3,1.543,4.68,2,0.017,7,1.724,0.0,2.26,5,7,5,3.785,7,3,5,2.052,4,1,0,0
3,5,4,1,0,5,6,6,5,1,0,1,2,4.219,4,3,7,5,1.217,1.598,0.0,4,1.207,6,1,2.043,4,6,1.808,5.54,5,0.903,6,2.725,1.0,6.32,7,2,1,0.546,2,0,6,4.022,0,3,7,0
0,4,2,4,1,3,6,5,1,3,7,0,5,3.313,2,3,1,7,2.769,0.252,0.0,0,3.872,3,4,1.715,7,3,2.222,3.43,7,0.544,4,2.516,1.0,5.2,2,4,3,3.8,0,1,0,-0.764,7,3,0,0
4,5,1,3,0,2,5,7,0,0,5,4,5,5.888,3,5,6,5,2.615,5.123,820.71,2,4.46,1,7,-1.687,1,0,3.461,4.79,1,0.568,3,2.427,2.0,6.32,7,0,7,2.571,5,5,5,1.343,0,2,2,1
6,6,3,7,0,7,3,4,4,1,3,7,3,1.108,0,7,4,0,1.264,5.419,439.57,4,1.659,7,2,2.194,0,0,-1.945,4.34,7,-1.574,4,1.783,1.0,4.16,6,3,5,2.487,0,0,7,-0.592,2,6,5,1
1,5,5,7,0,5,1,0,5,2,0,3,3,-1.843,3,5,4,6,-0.107,0.868,0.0,6,-0.802,0,5,-1.842,7,7,1.467,3.08,7,0.623,7,-0.6,1.0,2.89,0,5,0,-0.765,5,2,7,-0.771,1,6,3,0
2,2,7,1,0,0,3,6,2,0,7,1,0,-0.683,4,1,1,5,0.707,2.454,0.0,7,-1.629,0,6,-1.5,7,6,1.208,4.31,4,1.174,2,0.673,1.0,5.3,6,7,7,0.951,1,2,7,1.024,3,2,2,0
3,7,1,4,1,6,6,7,6,2,3,7,1,0.769,1,2,1,5,2.244,3.784,0.0,0,0.048,6,4,0.805,5,7,0.75,4.71,2,-0.769,1,1.49,2.0,5.56,7,0,4,2.49,0,0,1,-0.506,4,6,0,0
2,5,2,3,1,0,7,2,0,2,6,7,4,2.232,3,6,5,1,2.89,3.803,0.0,4,2.338,6,3,3.401,5,2,1.797,1.18,2,0.331,3,2.453,2.0,2.44,3,6,3,4.562,3,0,5,1.536,1,3,5,0
1,2,4,0,0,1,3,3,0,5,3,3,5,-0.801,4,7,1,3,0.376,-0.34,0.0,2,0.725,6,6,-0.433,6,7,-3.324,3.77,6,-0.268,3,1.044,0.0,5.65,7,3,5,0.882,7,6,0,0.736,6,4,3,0
1,2,1,0,0,3,6,0,4,7,4,1,7,1.367,3,0,5,2,0.789,0.626,0.0,5,1.318,6,3,2.709,0,7,1.389,4.02,5,0.695,7,0.953,1.0,3.27,3,1,5,2.183,2,7,2,3.798,1,5,4,0
7,3,0,5,1,6,0,6,1,2,3,6,3,3.599,2,1,7,5,2.119,3.749,0.0,7,3.67,0,2,1.669,1,0,3.323,1.55,7,1.392,7,2.888,2.0,4.48,2,2,5,0.232,1,2,1,0.39,3,7,7,0
4,5,6,7,1,2,1,0,2,5,2,1,7,7.495,3,5,6,6,3.398,1.183,0.0,7,2.989,3,6,4.658,4,0,4.044,-0.01,1,-0.475,2,3.796,2.0,5.27,1,3,4,2.295,6,5,7,0.401,3,2,3,0
1,4,3,2,1,4,3,2,3,2,7,0,0,2.075,3,3,4,2,2.462,6.596,226.71,2,2.393,4,7,3.634,5,2,1.414,4.33,3,0.055,4,1.775,2.0,6.59,4,5,6,2.887,4,3,5,2.692,5,0,5,1
6,3,0,5,1,1,6,1,5,4,6,6,6,4.317,4,2,6,4,3.149,3.75,799.52,2,2.293,4,5,3.313,5,3,4.227,6.09,3,2.17,4,2.611,2.0,7.56,7,5,4,0.678,3,0,2,2.687,0,4,1,1
5,3,7,6,1,0,0,7,5,0,2,3,4,4.355,3,5,3,4,4.569,2.267,474.17,0,6.246,2,5,0.619,2,5,4.63,4.95,5,-0.151,7,4.692,2.0,8.74,6,2,5,0.529,3,5,4,8.051,7,7,1,1
7,7,3,2,0,7,6,4,0,2,0,6,2,0.001,7,6,7,0,0.67,-2.567,0.0,4,0.069,3,5,-0.544,7,6,1.639,5.2,7,-0.0,6,0.938,1.0,4.07,3,7,3,0.851,1,3,4,1.818,5,4,0,0
4,4,2,4,0,0,6,6,3,4,3,6,7,-1.395,0,5,6,4,0.503,-3.868,0.0,0,-0.56,2,2,0.293,0,4,-1.226,1.43,3,1.011,0,0.5,1.0,2.71,4,3,3,3.037,0,2,4,2.617,7,1,1,0
5,5,7,0,0,3,4,1,3,2,0,3,3,-0.421,4,0,3,4,1.927,4.037,0.0,5,1.713,1,2,2.489,4,6,2.917,1.16,1,-1.359,1,1.516,2.0,3.02,2,7,2,3.259,7,0,4,0.397,5,7,2,0
6,5,1,4,0,2,4,0,3,1,3,4,4,1.338,0,7,6,7,1.742,0.028,0.0,2,-1.405,3,4,5.94,7,7,3.739,4.08,6,1.977,5,1.629,1.0,3.72,1,3,2,2.618,7,0,4,4.154,3,4,6,0
6,2,7,1,0,7,6,1,2,4,1,7,0,0.03,1,3,7,2,3.463,2.714,0.0,5,1.462,2,7,0.504,0,0,3.552,3.0,0,-0.524,5,3.56,1.0,6.24,3,3,7,-1.056,4,7,3,2.444,4,0,7,1
1,3,6,7,0,2,7,6,1,6,0,4,6,6.531,0,1,3,5,1.198,4.513,0.0,2,0.864,1,6,-0.143,1,1,2.711,3.76,5,-0.331,4,1.704,1.0,1.81,0,6,5,1.045,4,7,5,4.406,1,6,3,0
7,6,2,6,0,6,3,5,3,1,6,4,6,-1.616,6,6,1,1,-0.123,-1.479,0.0,0,-0.432,7,3,-3.313,5,3,1.247,4.61,2,-1.088,0,-0.451,0.0,5.92,3,1,2,2.628,1,6,4,1.161,2,2,5,0
0,7,1,3,0,3,6,2,7,4,4,2,4,2.271,5,6,2,5,0.986,1.53,0.0,5,2.189,2,1,2.205,2,3,1.668,3.0,0,-0.695,5,1.316,1.0,6.69,6,0,7,2.328,0,3,4,-1.925,1,6,6,0
3,1,4,2,0,7,4,5,5,5,0,5,0,1.174,0,5,6,4,0.037,1.588,0.0,3,1.088,6,2,-2.649,7,1,-2.328,3.47,6,-0.893,0,0.189,0.0,1.18,1,2,1,0.135,2,7,2,-1.331,6,1,0,0
5,5,7,5,0,7,2,3,4,1,6,1,7,0.822,1,5,3,0,2.296,3.077,0.0,5,1.617,5,7,2.988,4,3,-0.099,2.41,4,1.175,6,2.341,1.0,4.23,1,6,7,2.453,4,5,3,3.624,6,6,7,0
2,2,2,1,1,2,3,5,5,0,7,1,1,3.432,2,4,6,7,2.296,3.045,0.0,7,2.858,4,1,2.076,7,2,2.578,1.79,7,-0.846,2,3.004,2.0,2.42,0,4,3,-1.115,6,7,1,3.742,6,5,1,0
0,4,5,3,0,7,7,4,4,4,5,0,5,-0.966,6,2,3,1,0.011,-2.047,0.0,2,1.092,2,3,0.522,1,4,2.618,4.05,3,0.672,7,0.856,-0.0,1.78,4,5,7,-2.038,6,3,3,-0.123,1,3,7,0
3,6,1,5,0,5,1,0,4,4,0,4,1,1.568,5,6,4,2,0.565,4.262,0.0,5,-0.037,0,0,-1.949,0,6,0.566,4.64,1,2.508,7,0.311,0.0,5.12,0,4,3,0.798,6,4,3,0.844,0,7,7,0
0,5,5,4,0,5,0,1,4,4,7,0,4,2.674,5,2,5,7,0.457,3.807,0.0,5,0.308,3,4,2.853,2,3,-0.424,2.76,5,0.124,1,0.328,0.0,3.06,0,6,2,0.616,4,0,4,1.763,5,5,0,0
1,5,5,7,0,1,4,2,0,3,3,2,3,-0.213,0,6,1,0,1.318,1.076,0.0,0,0.064,0,0,0.558,1,4,0.168,4.52,6,0.867,5,1.484,0.0,0.65,1,0,0,0.329,2,6,4,0.937,2,2,2,0
4,3,3,6,0,5,3,7,7,0,7,3,4,0.8,6,4,0,2,1.546,2.378,0.0,2,1.327,2,0,0.753,7,5,1.344,4.39,5,1.907,7,0.929,1.0,2.99,3,7,2,7.873,1,4,5,1.965,7,2,7,0
7,4,4,4,0,0,5,4,5,2,0,3,5,1.658,4,4,4,1,0.676,0.511,0.0,2,0.726,4,4,-2.15,6,3,1.85,4.88,0,-1.222,7,0.869,2.0,3.04,4,2,6,-3.796,1,7,0,1.518,1,1,3,0
3,2,3,2,0,6,5,4,0,0,6,5,6,-3.359,4,2,1,5,0.405,-0.923,0.0,4,2.408,1,1,-0.533,7,7,1.965,3.07,2,0.603,3,1.967,0.0,8.76,2,7,7,-0.371,2,4,5,0.232,5,1,7,1
5,6,1,3,0,7,4,5,4,3,6,4,6,2.13,1,1,0,5,0.392,-1.541,0.0,7,0.28,6,1,-1.291,7,1,3.105,5.19,4,0.253,5,-0.015,0.0,4.77,2,5,1,-0.858,1,0,6,-2.161,4,2,6,0
0,4,7,1,0,3,4,4,5,0,1,5,6,-0.779,0,2,5,1,-0.216,1.123,0.0,7,0.374,3,3,0.014,7,7,-3.023,2.92,7,1.387,0,-1.176,0.0,4.58,7,7,6,0.68,1,1,4,2.701,5,4,1,0
5,3,0,3,1,6,4,5,6,5,7,4,4,2.859,4,6,4,7,3.01,3.748,0.0,5,0.627,7,6,2.322,7,5,4.925,4.05,0,-0.044,4,3.292,2.0,5.1,7,4,4,3.988,4,7,3,2.214,7,4,7,0
5,3,3,3,1,2,7,0,3,0,4,6,2,-0.077,7,4,0,1,1.695,2.516,0.0,1,2.938,6,1,1.331,5,2,1.581,3.18,1,-1.503,2,1.532,1.0,3.1,7,5,3,6.678,0,2,4,-0.66,3,4,3,0
0,2,3,1,0,1,0,4,6,0,0,2,7,4.719,3,3,6,3,1.367,-1.41,0.0,3,0.184,0,4,1.945,7,6,-1.074,3.12,2,0.795,1,1.373,1.0,3.49,3,1,6,2.371,4,3,4,1.092,3,0,4,0
1,2,4,1,1,0,6,0,1,6,1,1,5,4.681,1,4,7,2,5.368,3.631,167.33,0,5.164,2,4,4.366,3,2,4.373,6.33,3,0.174,7,6.002,4.0,6.31,1,2,3,5.35,4,1,2,10.679,7,1,1,1
7,4,3,0,0,6,4,7,7,6,6,1,1,6.881,5,6,4,0,1.454,-1.049,0.0,1,2.872,5,3,-1.735,4,3,0.777,2.25,6,1.269,2,0.376,0.0,4.43,3,7,7,0.304,1,4,5,-1.497,1,2,7,0
6,2,0,7,0,1,4,0,6,0,0,6,7,-0.341,6,6,3,1,1.627,1.087,0.0,7,1.007,4,0,1.68,4,3,0.788,3.13,2,-1.591,3,1.887,1.0,3.64,7,0,0,0.981,3,5,4,1.355,6,7,2,0
0,0,7,2,0,5,6,3,5,6,6,1,2,1.872,1,3,5,2,3.008,-3.995,0.0,0,2.339,1,0,1.251,5,4,3.631,0.51,7,-1.419,0,2.554,2.0,5.07,2,2,6,7.523,6,6,5,0.896,1,2,1,0
4,0,3,0,0,5,5,7,4,2,6,5,6,0.73,1,7,5,7,0.333,0.712,0.0,6,-0.73,5,2,-0.998,4,4,2.237,1.32,7,-1.481,0,0.368,-0.0,5.05,4,3,1,1.122,2,1,0,1.135,4,4,7,0
0,3,1,0,0,5,4,2,1,6,3,5,0,1.021,1,7,5,2,0.753,0.405,0.0,2,0.084,4,2,3.821,4,4,-0.348,2.62,6,-0.588,1,0.941,1.0,4.27,1,1,1,-1.019,6,6,3,2.249,5,3,0,0
4,2,1,7,0,2,6,7,7,1,6,2,0,0.542,4,5,5,4,0.683,1.106,0.0,2,1.786,6,7,2.658,1,3,-0.296,2.96,6,-0.346,1,1.928,0.0,4.15,7,3,3,-0.069,1,7,5,1.945,4,4,2,0
6,4,3,5,0,3,7,6,5,4,3,1,0,1.656,4,6,2,2,0.918,1.214,0.0,4,1.058,7,5,2.249,3,5,2.127,0.65,3,-0.095,2,2.543,1.0,4.64,4,4,4,4.442,5,2,0,5.03,3,2,2,0
0,1,7,1,0,0,1,0,1,2,5,3,6,0.32,3,1,0,2,-0.052,-0.107,0.0,6,0.573,0,1,-0.393,0,1,-1.937,3.45,7,-0.11,5,0.864,0.0,2.09,4,1,0,-0.932,0,0,2,2.726,6,6,1,0
1,5,2,1,0,5,4,5,4,2,5,3,4,-1.372,7,2,7,1,0.669,2.607,0.0,0,1.155,5,3,2.317,0,5,-0.034,4.64,6,0.757,5,0.997,-0.0,2.49,5,1,6,-0.629,6,0,4,5.338,0,4,3,0
7,4,2,4,1,0,5,5,0,3,6,6,7,6.839,2,5,1,7,3.786,2.964,0.0,4,3.602,5,4,4.312,3,0,3.309,1.01,5,-0.59,5,3.411,2.0,4.49,6,7,0,7.14,5,0,7,1.238,2,4,2,0
2,3,5,7,1,2,6,4,7,2,7,4,1,3.475,6,7,6,5,2.718,1.067,0.0,6,0.448,5,0,3.876,4,2,1.043,3.23,5,-1.076,6,3.393,1.0,3.5,1,1,3,4.726,7,5,5,3.799,4,7,7,0
7,2,2,2,0,6,4,4,7,3,5,5,6,-0.978,5,6,4,7,2.39,0.689,0.0,3,2.04,4,7,-1.044,5,3,1.452,3.61,5,1.519,2,1.626,1.0,3.07,7,7,2,4.067,6,1,1,4.496,3,3,4,0
7,6,4,0,1,4,3,7,6,6,7,2,3,2.311,4,0,4,2,2.854,4.301,206.84,7,3.519,6,2,6.293,5,4,2.979,7.24,7,0.459,6,3.334,1.0,5.34,2,3,4,1.083,1,4,3,3.109,4,4,7,1
0,2,2,7,0,5,3,1,2,3,6,4,4,-4.317,2,1,7,5,0.688,-3.016,0.0,5,1.052,0,6,-0.314,5,0,-2.56,2.88,2,0.351,7,-0.449,1.0,5.84,1,7,7,-0.636,2,1,3,3.857,5,6,7,0
2,0,6,5,1,4,4,6,0,6,3,7,6,4.899,1,7,1,2,1.96,4.206,0.0,1,2.447,7,0,3.847,0,3,1.233,5.29,7,-1.448,6,1.28,1.0,5.26,3,6,6,-1.305,6,6,5,-0.263,6,0,6,0
7,7,6,7,0,6,2,3,5,6,6,0,6,1.094,3,0,3,2,1.397,-1.166,0.0,6,0.028,4,2,2.059,6,2,0.751,3.27,0,-0.495,0,0.803,2.0,2.22,4,6,2,1.192,7,5,0,2.985,5,0,1,0
3,2,7,7,0,0,5,5,4,2,2,7,7,0.787,6,0,0,4,1.412,3.769,0.0,4,2.158,5,4,6.356,5,4,1.848,1.11,7,1.479,3,0.881,1.0,4.13,1,3,3,1.104,1,1,0,1.364,6,4,4,0
1,4,4,4,0,4,4,7,5,2,2,5,7,1.587,1,4,6,3,1.884,0.391,0.0,4,0.97,3,6,2.632,1,3,3.239,4.56,3,0.58,5,1.193,1.0,2.75,1,2,6,2.362,0,4,2,5.761,3,5,7,0
0,5,3,2,1,4,3,4,6,1,0,2,2,3.734,1,3,0,1,4.541,5.963,828.73,2,5.032,4,5,2.652,1,1,3.984,5.23,4,-0.791,6,5.011,3.0,9.46,2,5,0,5.166,1,4,2,4.836,2,4,0,1
1,6,4,3,0,4,1,3,2,6,7,0,4,0.454,3,7,7,3,0.33,-2.516,0.0,6,1.472,3,6,1.591,6,3,1.65,2.53,7,0.092,2,1.297,1.0,2.62,4,7,3,1.341,2,3,7,1.719,3,4,7,0
1,3,7,1,0,4,4,1,3,7,6,3,4,0.199,2,2,3,1,1.117,2.038,0.0,2,2.126,3,7,-1.209,7,3,0.635,3.54,3,-0.627,4,0.29,2.0,4.03,3,5,0,-0.478,7,6,7,3.722,4,4,3,0
6,1,6,2,0,5,3,4,5,1,1,6,5,4.358,1,0,3,2,1.444,2.911,0.0,0,2.883,2,4,1.94,0,4,-0.094,4.38,1,0.61,4,1.846,0.0,0.25,5,4,5,-2.303,3,3,2,1.978,2,3,4,0
5,2,2,0,0,4,6,0,2,0,2,1,0,2.173,0,6,4,1,0.595,1.995,0.0,3,-0.409,3,0,0.385,6,4,-1.12,3.73,0,-0.18,2,0.981,1.0,5.31,2,6,3,2.262,3,1,1,1.339,5,3,4,0
1,7,0,7,0,4,6,6,4,7,4,6,5,-1.129,4,7,0,2,0.304,1.117,0.0,2,1.754,3,6,1.26,6,3,-2.021,2.18,2,-0.042,7,0.706,1.0,4.48,2,5,2,0.939,7,3,3,-1.105,0,5,7,0
1,4,4,6,1,2,2,7,4,4,6,7,1,1.31,1,5,7,3,0.576,1.106,0.0,7,2.356,3,0,-0.807,5,2,1.456,6.0,0,1.808,0,1.637,0.0,5.89,4,7,4,2.494,2,5,5,-0.459,3,5,6,0
1,0,2,2,0,1,7,2,5,3,2,1,4,-1.547,5,7,1,5,2.368,-1.947,0.0,5,3.205,5,1,4.074,6,5,2.133,5.73,3,0.06,0,2.598,1.0,2.91,5,6,6,0.019,6,2,5,5.24,7,5,4,0
5,1,7,0,0,6,7,4,3,1,0,3,2,-0.203,5,4,1,1,0.739,0.091,0.0,5,-2.095,6,1,3.617,6,4,-2.578,1.49,4,0.538,0,1.291,-0.0,3.06,7,6,7,-2.048,2,0,5,1.713,6,5,7,0
4,5,5,5,0,3,0,4,3,3,6,3,5,2.336,4,7,0,7,2.42,-2.682,0.0,0,3.734,5,4,5.536,3,5,-0.781,4.38,3,0.207,7,2.125,1.0,3.84,0,1,7,3.442,6,5,1,1.578,0,3,0,0
4,7,4,4,0,0,2,7,0,4,3,6,6,4.68,6,1,4,3,1.333,2.153,0.0,7,1.374,3,3,-0.351,4,1,1.439,0.35,3,1.108,6,1.545,2.0,7.31,0,7,6,-0.015,1,3,3,1.735,1,6,2,0
6,7,6,3,0,4,3,4,4,7,5,3,0,1.506,3,7,7,4,0.245,-0.158,0.0,6,1.509,1,5,5.035,7,4,0.814,4.73,2,-0.04,2,1.286,0.0,5.42,3,7,1,-0.77,4,2,2,-0.456,0,1,3,0
7,4,5,3,1,3,6,7,4,3,7,6,6,2.653,3,4,7,7,4.458,9.434,0.0,3,4.676,5,2,0.339,0,3,4.186,3.99,6,-0.793,5,4.652,2.0,3.74,4,6,7,5.984,1,5,4,3.246,7,4,5,0
1,0,1,3,1,3,5,4,5,7,5,4,4,1.404,7,3,5,7,2.585,2.23,0.0,0,2.356,0,0,3.834,1,5,-0.368,1.41,2,-2.146,7,2.724,2.0,3.35,1,0,6,6.277,0,1,3,5.986,7,7,7,0
4,2,7,0,0,4,1,7,4,5,0,7,4,-0.079,3,2,1,3,0.16,-1.049,0.0,5,0.645,3,6,-0.232,4,0,0.816,2.07,2,0.144,0,-0.011,0.0,5.03,5,7,4,0.08,7,5,5,-1.176,1,5,1,0
3,0,4,2,0,5,4,7,5,3,2,2,2,-2.538,4,2,3,5,-0.389,-1.047,0.0,7,0.009,5,6,-0.11,4,7,-0.29,0.06,0,-0.799,1,1.423,-0.0,5.14,1,3,0,-0.013,4,0,4,-1.78,3,7,6,0
7,2,4,3,1,2,0,3,2,6,5,6,3,3.39,5,5,5,7,4.226,7.423,633.83,6,5.55,6,1,3.634,5,7,5.261,2.63,3,1.239,7,3.194,2.0,7.62,3,6,5,4.477,0,2,6,0.888,4,5,0,1
7,1,7,5,0,4,2,1,0,2,0,6,7,2.734,7,4,5,0,0.379,3.834,0.0,3,1.655,7,1,5.073,2,2,3.358,3.65,7,0.5,2,1.068,2.0,3.62,5,6,2,0.651,7,0,6,2.363,5,4,3,0
4,6,3,4,0,0,2,1,3,5,5,4,7,0.396,1,2,4,7,1.376,1.089,771.47,2,1.997,7,4,5.022,2,7,1.751,6.1,4,0.076,2,0.014,1.0,5.26,3,0,3,1.23,1,7,5,1.183,6,4,5,1
5,3,1,0,0,1,3,3,6,6,3,6,5,3.666,3,3,6,5,0.799,1.39,0.0,6,-0.412,0,4,5.809,2,3,2.256,5.79,0,-1.724,7,0.888,1.0,6.57,2,2,3,2.502,1,2,0,2.603,3,2,4,0
6,2,7,5,0,3,2,7,2,1,3,7,0,0.507,1,4,1,0,1.206,3.831,0.0,2,1.386,5,5,0.521,4,4,-0.517,2.62,6,-0.556,7,0.471,0.0,4.14,2,3,0,1.007,7,4,3,-1.151,7,4,0,0
1,4,5,3,0,6,2,1,4,5,6,1,4,-0.158,4,3,5,1,0.812,1.983,0.0,1,-0.353,7,0,3.283,4,6,1.243,3.9,7,-2.612,5,1.989,1.0,6.37,2,2,7,4.162,5,0,0,4.855,0,6,2,0
5,5,6,2,1,0,0,0,3,7,0,3,3,4.127,3,2,1,3,4.222,-0.508,0.0,4,4.642,7,0,3.931,6,7,2.894,4.19,5,-1.505,4,5.094,2.0,7.76,7,4,6,4.59,4,3,0,6.51,4,2,3,1
1,0,1,5,0,3,7,7,1,2,6,7,6,-0.204,2,3,1,6,1.76,2.919,0.0,7,1.127,6,6,3.774,3,3,1.126,3.0,7,0.925,3,3.191,1.0,4.34,2,6,6,0.612,4,2,7,1.465,4,2,1,0
7,5,3,0,0,3,2,5,0,7,2,3,0,-0.245,6,0,6,7,-0.024,-1.386,0.0,3,0.436,0,4,-0.844,4,2,1.809,4.49,3,-0.006,7,-0.171,1.0,4.26,2,7,4,4.863,5,0,2,1.472,4,6,3,0
7,6,2,2,0,3,3,1,7,1,4,4,7,1.783,1,1,6,5,0.804,-4.299,0.0,1,0.964,3,0,0.095,4,7,-1.74,2.3,7,1.344,6,0.167,0.0,4.68,2,6,4,1.444,6,7,7,1.615,4,4,1,0
2,6,6,6,0,1,3,3,3,7,7,2,7,0.542,6,6,6,1,1.804,4.783,0.0,2,3.762,4,6,0.696,7,1,3.947,2.43,3,-0.656,6,2.022,1.0,-0.01,4,2,2,3.783,2,2,4,1.867,2,6,7,0
4,4,4,4,0,1,0,3,0,7,3,4,0,2.888,7,5,5,3,1.148,-1.918,0.0,6,0.503,2,2,2.641,1,7,-0.945,2.09,5,0.904,4,1.282,0.0,3.61,4,2,0,-3.171,4,1,0,-2.038,1,3,3,0
1,6,3,7,1,4,6,7,6,4,4,1,6,5.332,6,7,6,6,3.497,4.356,455.11,2,4.216,0,6,3.602,4,2,3.355,5.29,3,0.262,6,2.906,3.0,6.06,0,1,5,-3.184,4,0,3,4.402,7,5,2,1
5,1,6,5,1,7,0,6,1,2,2,6,2,-1.964,2,4,6,2,2.266,0.618,0.0,6,2.167,1,5,3.052,3,3,2.152,3.87,4,-1.039,1,2.325,2.0,-0.63,1,5,1,-0.12,5,7,4,3.924,1,6,6,0
0,3,4,6,1,3,7,2,7,4,5,4,2,7.969,4,1,3,6,7.058,6.472,0.0,1,6.663,6,4,12.484,3,4,5.848,4.83,6,1.727,7,6.759,2.0,0.6,1,4,3,8.883,3,4,3,8.945,4,5,0,0
7,5,6,4,0,0,2,1,3,7,5,2,5,-1.751,5,0,2,5,-0.303,-1.733,0.0,4,0.012,3,2,-0.779,2,7,2.161,2.8,7,0.678,6,0.9,0.0,4.42,5,7,1,3.016,2,7,5,1.433,5,1,3,0
1,3,1,5,0,0,4,6,2,2,2,2,3,2.594,2,3,2,2,2.536,0.563,0.0,3,2.976,4,0,1.649,2,5,0.962,3.5,3,-1.05,4,2.772,2.0,4.17,1,6,4,4.648,7,7,7,3.558,4,3,1,0
2,6,1,6,1,4,2,2,7,4,6,2,1,4.646,3,3,1,6,3.281,3.372,0.0,2,1.553,4,7,3.639,7,0,3.76,3.99,7,1.206,7,2.735,2.0,5.77,4,7,5,3.596,6,4,2,4.978,6,2,0,0
3,2,1,1,1,3,1,2,7,5,1,7,5,1.185,2,6,1,1,4.517,8.191,0.0,7,3.356,7,7,6.605,7,5,3.055,4.77,4,-0.31,1,3.882,3.0,6.47,4,5,1,2.31,4,1,5,1.532,2,4,2,1
5,6,4,3,0,4,7,1,3,5,7,6,2,0.566,7,6,4,0,0.277,2.637,0.0,4,0.767,0,5,-1.082,4,0,-0.519,2.44,7,0.438,4,-0.685,-0.0,4.34,7,1,4,-1.272,4,3,2,2.836,2,5,2,0
3,3,3,0,0,2,7,7,7,0,2,5,3,-2.731,1,1,2,1,0.548,1.526,0.0,2,-0.049,3,6,6.247,7,3,0.316,4.25,2,0.48,2,-0.341,1.0,5.61,0,7,5,0.232,1,1,4,1.688,6,5,2,0
7,1,0,1,0,2,2,3,5,3,2,0,4,-0.35,4,0,1,7,0.295,-2.719,0.0,6,1.738,1,1,3.594,3,1,2.49,2.79,5,-0.66,6,1.055,0.0,2.33,1,0,2,-1.104,4,3,2,-0.825,5,3,1,0
4,2,5,7,1,2,3,1,6,3,0,5,7,6.981,4,1,6,3,6.194,7.447,307.96,4,6.229,1,6,9.689,5,0,7.08,4.72,2,-2.694,0,7.079,3.0,9.58,0,1,4,4.5,5,3,2,6.732,1,2,1,1
0,0,4,0,1,2,7,5,0,6,0,6,4,6.715,6,1,6,2,2.237,-0.014,557.07,5,5.371,6,7,2.19,7,0,2.135,6.29,6,-0.521,5,1.69,1.0,5.44,7,0,3,4.282,6,5,5,4.449,5,0,6,1
1,3,1,4,1,3,3,7,5,7,5,7,3,1.198,5,6,1,7,1.872,5.047,0.0,1,2.964,7,7,6.475,4,0,2.618,3.33,5,-0.326,4,1.04,0.0,3.75,1,2,5,-0.08,0,0,5,7.404,3,4,6,0
1,7,0,5,0,6,3,3,6,2,1,6,3,2.939,3,1,7,5,0.913,-0.768,0.0,3,-0.919,4,6,4.009,4,4,3.45,4.85,7,-1.21,4,2.209,0.0,5.95,6,3,0,3.515,6,4,1,3.753,0,4,5,0
0,0,2,3,0,6,6,0,7,6,3,0,1,2.555,3,7,5,2,2.624,3.793,0.0,0,2.911,5,6,3.281,2,1,1.574,4.49,2,-0.804,4,3.468,2.0,7.59,6,5,6,4.342,4,3,6,4.413,3,6,0,1
7,0,5,7,0,7,4,6,3,3,2,7,2,-1.98,4,5,5,7,1.458,-0.992,0.0,4,0.335,2,5,0.136,6,7,1.019,4.23,0,-1.401,3,-0.01,-0.0,3.5,2,0,1,1.692,0,6,4,-0.337,2,7,6,0
0,7,1,5,0,6,0,0,4,6,1,4,3,-1.664,3,6,7,1,0.987,-0.136,0.0,1,-0.655,1,3,-3.025,4,3,3.561,2.79,0,-0.988,4,1.412,1.0,3.32,3,2,7,-1.381,4,5,6,1.734,7,7,3,0
7,7,0,2,0,7,2,0,0,3,3,6,4,2.79,3,4,5,0,0.668,2.321,548.91,4,0.79,4,2,5.017,2,4,1.096,3.62,1,1.225,3,1.197,1.0,5.52,7,4,5,2.624,4,7,4,3.304,2,6,4,1
6,5,0,0,0,5,2,5,1,1,3,3,1,1.496,7,4,7,4,0.967,2.296,0.0,2,1.14,4,2,2.711,6,1,-0.074,2.31,0,-0.916,3,1.518,0.0,6.19,2,4,0,1.736,2,4,1,-1.115,2,3,7,0
3,5,5,6,0,3,1,0,4,3,2,3,0,2.547,4,2,4,7,0.548,0.608,0.0,6,0.831,6,4,0.037,7,4,3.819,-0.4,7,-1.213,2,0.258,0.0,2.76,4,6,3,2.876,5,5,0,1.557,4,5,0,0
1,1,7,3,1,0,7,7,2,1,5,1,7,4.088,3,0,0,1,2.884,2.003,0.0,3,2.671,4,5,-2.55,1,1,2.049,1.9,5,-1.284,5,3.444,2.0,5.3,6,0,2,6.798,5,0,1,3.053,7,0,4,0
7,0,0,4,0,7,3,1,0,0,5,4,1,2.049,7,1,0,3,0.269,-0.218,0.0,3,0.763,2,7,1.218,6,3,-2.891,2.08,2,0.195,0,-0.108,0.0,2.64,6,6,1,-2.217,5,4,6,-0.284,0,2,5,0
1,6,5,4,0,2,4,2,7,4,3,5,6,2.223,2,0,7,2,1.587,4.371,0.0,7,2.519,4,7,-0.042,1,7,1.118,2.44,1,-0.323,6,3.96,0.0,3.22,2,5,7,3.134,1,1,1,-0.392,5,7,5,0
5,6,0,6,0,1,6,2,6,1,6,6,2,0.065,5,4,5,4,0.708,0.402,0.0,3,0.135,1,4,3.25,7,1,2.219,3.33,3,-0.383,3,1.168,0.0,6.27,7,5,1,0.741,0,5,3,-2.778,3,6,7,0
0,6,4,4,1,5,5,1,7,3,6,0,0,4.881,1,1,2,5,5.457,1.821,234.72,0,3.58,3,5,5.731,2,6,5.01,2.15,3,0.753,5,4.597,3.0,5.18,2,5,2,5.348,1,5,1,7.186,7,7,1,1
7,1,1,6,1,3,6,6,4,2,2,5,0,2.386,2,0,0,3,1.358,-3.414,0.0,3,1.35,3,1,-2.458,6,0,2.594,4.16,0,0.58,1,1.91,1.0,3.29,4,5,3,2.394,2,5,2,0.348,4,4,5,0
2,3,7,6,0,2,6,4,2,5,0,3,7,2.911,6,6,3,6,0.293,1.333,0.0,0,0.487,5,0,0.894,2,0,1.671,2.86,6,-3.24,6,0.904,1.0,4.03,1,6,5,4.008,1,0,0,-1.986,5,3,4,0
1,0,6,2,0,5,4,5,4,0,6,7,0,-2.71,5,1,2,0,-0.022,1.017,0.0,6,1.227,3,1,-1.538,5,3,1.714,2.98,5,-0.497,0,1.074,1.0,6.45,6,4,4,-0.171,0,2,7,3.604,2,7,4,0
7,3,4,4,0,5,4,0,0,3,7,5,4,2.513,0,3,5,4,1.572,0.068,0.0,3,1.456,4,6,1.622,2,0,0.461,3.85,6,-0.558,5,1.081,1.0,1.95,7,0,0,2.224,0,5,2,0.507,4,0,7,0
4,3,3,3,0,4,0,4,3,5,4,3,4,3.681,1,6,1,3,1.435,1.17,471.77,1,2.449,4,0,0.373,1,7,0.447,6.19,3,1.289,5,0.58,1.0,5.65,1,7,5,0.736,0,7,7,1.994,1,1,5,1
4,3,3,6,1,2,4,2,1,2,2,1,1,2.043,5,6,7,5,3.418,1.672,400.89,4,3.933,4,0,6.1,4,7,4.006,2.17,4,0.054,3,3.763,2.0,6.69,3,5,3,2.082,0,7,3,9.411,4,7,4,1
1,2,6,2,0,5,7,7,1,4,4,3,1,2.965,5,7,3,4,0.837,4.251,0.0,6,0.011,1,7,-1.456,3,2,1.862,2.35,7,0.389,3,0.444,1.0,2.27,7,0,6,1.704,4,6,3,-0.56,5,2,0,0
3,5,5,1,0,2,6,1,0,3,4,7,1,1.287,4,0,7,4,0.719,0.499,0.0,3,0.682,6,5,-0.703,2,0,-1.561,2.51,5,-1.715,7,1.662,0.0,3.25,6,3,4,0.65,7,0,4,1.818,6,1,4,0
3,4,5,1,1,0,7,2,5,5,7,6,1,-0.392,3,5,5,0,2.225,4.37,0.0,6,3.142,4,3,0.861,5,2,0.652,2.35,7,0.064,6,0.905,1.0,1.86,4,3,1,3.843,4,0,0,5.848,0,3,7,0
2,5,1,2,0,1,5,1,4,1,0,2,2,-1.816,4,7,7,1,0.882,1.714,0.0,1,1.051,6,0,-1.11,3,5,-0.491,1.11,4,-0.499,3,0.834,0.0,2.21,7,5,7,-1.152,0,6,5,-0.282,1,6,6,0
4,4,0,4,1,7,2,4,2,3,4,5,6,1.363,0,5,5,5,4.734,6.348,474.61,6,4.933,4,1,1.12,6,2,5.806,3.5,3,0.282,4,4.456,3.0,8.15,7,1,4,0.537,7,3,3,1.961,5,3,3,1
7,1,5,2,0,6,1,5,3,2,0,5,5,4.884,7,7,6,7,2.077,-3.537,0.0,6,3.104,5,2,2.984,7,7,1.541,3.32,4,-0.844,4,3.19,1.0,3.49,0,4,7,1.17,0,6,6,1.568,3,7,0,0
4,4,2,2,0,0,4,0,2,4,7,3,2,-0.984,3,6,2,2,0.777,2.67,0.0,5,2.097,3,0,2.18,2,7,2.136,3.36,6,0.825,6,-0.027,0.0,3.91,0,7,2,-0.413,3,6,0,-6.444,3,3,4,0
3,0,0,1,1,2,5,3,6,1,6,0,2,0.726,4,4,1,7,4.144,0.139,0.0,4,1.588,7,5,5.545,4,1,3.782,4.74,5,-0.214,5,3.831,3.0,7.28,5,0,2,3.218,1,4,7,3.677,6,6,6,1
1,5,1,1,0,7,5,3,6,3,7,0,4,-3.374,2,5,1,2,-0.394,-0.629,0.0,2,-0.413,3,2,2.723,2,7,-1.519,3.25,0,-1.098,1,0.888,2.0,3.63,6,0,2,0.74,3,1,3,2.589,1,4,3,0
7,7,4,6,0,2,6,0,3,6,3,3,0,-6.24,2,4,3,0,0.224,-2.62,0.0,3,-0.262,2,6,1.103,2,5,2.361,4.87,6,1.188,0,0.103,-0.0,4.06,3,5,4,-2.168,2,1,1,0.831,1,3,3,0
1,0,5,6,0,1,2,3,6,3,4,6,7,3.427,1,3,6,3,0.316,6.332,0.0,5,0.058,2,7,1.057,0,5,-3.799,2.42,6,-0.245,1,1.523,1.0,3.17,3,2,3,0.219,5,0,5,2.367,0,3,0,0
7,3,3,6,0,3,0,6,0,4,7,3,5,5.012,5,2,7,6,2.001,-2.878,0.0,3,2.802,4,7,3.929,5,6,3.726,3.03,5,-0.604,6,1.594,1.0,3.64,5,7,2,7.31,0,0,1,1.578,0,7,3,0
4,1,0,5,0,4,5,6,1,0,1,6,3,3.524,3,1,2,7,0.682,1.661,0.0,2,0.372,0,6,3.238,1,5,1.23,1.41,0,-0.943,6,0.531,1.0,2.4,5,2,2,2.339,4,7,3,-2.371,7,4,7,0
2,7,0,4,1,2,5,6,7,7,3,0,6,9.459,0,2,6,7,8.455,13.183,243.58,4,10.595,5,4,8.497,6,6,10.537,3.63,7,0.529,1,8.988,6.0,7.0,0,4,4,13.158,6,3,7,9.694,4,7,1,1
2,6,3,6,0,3,4,2,0,6,7,0,0,3.753,0,3,4,1,0.229,-2.98,0.0,5,1.404,6,4,1.337,2,6,-0.828,1.27,0,-0.689,4,-0.513,1.0,1.67,4,7,4,-0.242,5,5,6,2.659,7,5,6,0
6,6,2,4,0,2,1,5,0,0,3,1,7,1.53,1,7,0,0,0.744,0.85,0.0,0,1.628,1,7,3.197,1,4,-0.671,3.32,3,-1.727,1,0.72,1.0,6.06,7,3,2,2.652,4,0,7,0.829,6,0,6,0
4,1,2,6,1,5,0,5,7,1,7,5,3,4.636,2,4,2,7,1.956,0.249,0.0,6,0.568,4,5,2.041,0,3,3.611,5.0,6,-0.376,0,0.548,-0.0,2.94,1,4,7,0.409,4,6,1,-0.91,1,3,7,0
3,4,7,1,0,7,5,3,0,7,4,3,7,0.255,4,0,2,4,1.631,0.372,0.0,2,1.393,4,4,-0.73,5,0,1.027,2.22,1,-0.647,5,1.643,1.0,2.59,7,7,0,2.102,4,4,0,3.808,2,5,6,0
1,3,4,7,0,5,5,4,4,2,1,1,4,-0.744,1,0,0,4,0.29,-2.143,0.0,1,0.809,4,7,-0.632,6,1,0.781,2.03,6,0.92,6,-0.589,-0.0,6.26,0,3,1,-0.316,4,4,3,-0.655,2,4,2,0
2,2,3,3,1,5,4,4,6,6,1,6,0,0.924,7,5,7,7,2.446,3.64,0.0,0,3.259,7,5,1.278,1,5,3.719,-1.77,4,-0.229,1,1.855,1.0,4.73,5,4,3,0.296,6,1,7,0.495,5,4,2,0
2,5,3,0,1,7,1,4,3,3,2,2,5,-2.796,0,5,4,0,2.537,2.031,0.0,2,2.369,5,0,0.85,6,3,0.401,4.19,3,-0.37,7,0.494,2.0,2.33,1,3,2,3.318,6,1,5,0.633,5,3,0,0
5,2,5,3,0,1,6,3,1,0,6,6,3,0.776,4,3,6,7,-0.179,4.384,0.0,6,-0.332,0,0,0.096,0,4,0.44,4.73,3,-2.232,2,0.536,0.0,3.09,4,3,5,-2.433,1,2,7,0.028,5,2,3,0
1,7,0,3,0,7,5,5,0,2,3,2,2,2.053,4,6,4,5,0.893,0.127,0.0,3,0.585,6,5,-0.29,5,0,1.879,4.42,4,-0.451,7,0.785,1.0,3.72,7,5,2,-0.591,0,4,0,-1.83,4,7,2,0
1,5,4,1,0,6,5,0,0,3,3,1,3,-3.306,6,5,7,1,1.247,-0.565,0.0,0,0.811,1,6,-0.043,4,5,0.035,3.59,3,1.882,0,1.82,0.0,4.29,0,6,3,1.812,5,5,7,0.517,6,6,7,0
2,0,2,6,0,2,3,0,5,0,2,3,3,3.029,6,6,0,4,0.345,2.419,0.0,1,-0.6,6,5,-0.704,1,6,-0.474,2.51,2,-0.629,7,-0.129,0.0,3.41,2,5,4,0.174,1,2,4,-1.816,3,1,4,0
7,5,5,2,0,1,0,4,1,7,2,3,7,-2.661,7,6,1,7,0.713,0.775,0.0,2,1.137,5,3,1.301,0,2,2.778,6.43,1,-0.476,1,0.989,1.0,3.27,3,6,4,0.147,2,2,7,-1.648,4,0,5,0
2,6,4,5,0,1,7,3,5,2,7,3,0,2.384,1,1,1,5,0.54,-0.663,0.0,5,-0.537,3,6,1.661,7,3,1.124,2.87,5,0.164,0,1.83,-0.0,3.81,4,1,3,1.118,1,2,6,-0.8,6,5,6,0
0,6,1,2,0,6,6,3,7,2,5,3,1,-0.977,5,5,4,7,1.15,0.785,0.0,0,3.027,6,5,5.743,1,5,-2.336,3.74,4,1.619,3,1.581,-0.0,4.48,2,4,2,-1.937,1,0,6,0.579,2,2,2,0
5,4,7,5,0,6,5,3,1,7,5,5,1,2.445,3,0,7,4,-0.438,3.193,0.0,3,0.186,1,2,-3.696,5,3,2.049,4.26,3,2.13,0,1.615,1.0,4.83,7,1,4,-2.509,4,7,0,-2.412,3,3,7,0
5,7,5,0,0,2,0,2,6,6,1,3,3,3.682,4,0,0,0,0.986,-0.704,138.23,7,2.699,1,7,4.935,3,4,2.753,5.25,6,0.452,1,2.399,1.0,8.53,3,1,2,1.521,0,5,4,2.784,3,2,2,1
5,4,7,7,1,0,0,5,5,2,0,5,1,2.054,4,6,6,5,3.214,4.197,0.0,3,4.131,3,7,2.046,4,1,3.886,3.19,1,1.249,0,2.796,1.0,6.47,3,6,2,7.151,5,2,0,5.111,6,4,2,0
1,1,6,1,1,3,1,6,2,4,7,6,4,3.861,6,0,2,5,3.8,5.913,0.0,5,1.998,0,1,7.747,5,3,4.299,2.87,2,0.754,7,4.855,2.0,3.3,7,4,4,1.168,0,7,2,6.095,7,5,3,0
0,0,2,3,1,1,6,7,7,0,3,2,3,2.17,1,0,5,0,3.305,2.454,0.0,6,3.317,4,0,3.601,2,5,5.935,5.03,1,1.361,7,3.395,1.0,7.11,0,6,2,1.782,1,2,4,1.659,6,1,3,1
1,1,5,1,0,1,7,4,4,5,4,3,0,1.395,7,0,6,1,0.255,5.753,0.0,1,-0.084,3,5,-0.015,1,0,2.599,0.68,2,0.336,0,0.49,0.0,3.79,0,3,4,1.34,4,0,6,-2.446,0,4,2,0
7,4,6,3,0,3,1,3,2,2,6,2,1,5.514,1,1,7,6,2.172,1.981,0.0,4,1.719,7,1,1.178,4,5,4.932,3.42,0,-1.152,2,1.404,0.0,3.32,7,3,6,-0.396,6,4,7,3.921,0,5,1,0
2,7,0,6,0,5,1,3,6,7,1,0,6,1.261,5,3,5,6,1.107,2.092,0.0,5,0.15,4,2,4.958,4,5,0.702,2.4,6,-0.937,1,1.653,1.0,4.0,0,2,4,2.269,3,6,6,-3.282,7,7,6,0
7,7,0,5,0,3,2,4,2,5,1,6,6,4.151,7,3,1,2,1.826,0.345,0.0,7,2.008,6,6,0.494,2,7,3.235,3.93,5,0.13,7,1.899,1.0,3.33,5,5,4,2.37,3,7,1,4.565,4,7,7,0
7,0,6,5,0,5,4,7,3,7,5,2,4,5.953,7,6,0,0,-0.118,1.042,0.0,5,0.61,1,3,0.023,1,7,3.429,2.86,3,0.005,5,-0.077,1.0,5.93,3,0,1,6.412,7,2,1,1.237,4,1,1,0
1,5,2,6,0,1,7,1,0,0,1,2,0,5.802,2,7,3,5,2.365,5.262,0.0,7,1.301,5,7,3.794,7,0,0.044,2.2,2,1.455,1,2.378,1.0,6.01,0,1,2,6.297,6,7,3,-0.79,5,0,3,0
1,6,7,4,0,7,6,6,1,3,2,2,6,2.63,2,4,0,0,0.089,6.377,0.0,6,2.139,6,5,3.919,4,4,-0.601,0.2,7,0.086,2,2.097,1.0,4.05,7,4,7,-0.117,2,6,2,1.551,3,5,1,0
3,7,6,4,0,6,7,1,1,7,0,5,2,0.485,0,1,7,1,1.343,-0.407,0.0,5,1.627,4,3,0.629,0,3,2.247,1.1,0,-1.142,1,1.502,0.0,4.99,1,6,3,1.62,0,0,6,-1.469,7,5,2,0
1,7,4,5,1,3,0,3,7,2,6,5,6,2.643,2,1,2,0,6.372,10.307,395.35,1,8.338,1,0,7.835,1,4,5.321,4.8,3,0.438,0,7.342,4.0,5.89,4,2,1,5.145,1,4,7,5.27,4,1,0,1
1,0,3,7,0,0,3,2,6,5,0,5,0,3.892,0,4,6,7,1.144,-0.447,0.0,1,2.142,4,4,2.394,0,6,4.076,2.21,0,-1.84,0,1.33,0.0,4.79,5,6,2,2.255,0,3,4,0.503,2,5,7,0
1,6,5,0,1,4,7,1,0,5,0,7,1,2.978,5,4,7,7,2.3,1.157,0.0,5,0.534,6,2,2.682,5,4,0.383,3.61,5,-0.871,0,1.64,1.0,3.93,1,0,4,2.194,7,3,5,3.467,5,6,1,0
7,7,4,2,0,5,3,6,1,5,3,6,7,-0.369,7,5,3,5,0.355,-2.271,0.0,4,0.189,3,6,-1.882,7,1,0.774,2.1,5,1.013,6,1.128,0.0,5.9,4,4,1,1.816,1,0,6,-1.525,2,2,0,0
5,4,6,1,0,2,6,7,1,6,3,0,0,2.058,5,6,2,3,0.72,1.579,0.0,7,-1.343,2,3,1.893,6,2,1.086,0.79,3,-0.168,3,-0.051,1.0,4.59,2,0,6,0.736,0,3,3,-1.257,5,4,1,0
6,6,0,2,1,5,6,0,4,4,0,0,2,0.094,3,6,0,5,2.521,-0.182,0.0,7,1.766,6,0,3.892,4,7,4.902,2.79,5,-1.232,4,3.339,2.0,3.84,6,5,0,2.609,6,4,6,0.889,2,0,7,0
2,5,1,0,0,5,2,3,7,7,1,1,7,1.849,6,5,7,5,1.226,-1.622,0.0,7,1.732,5,0,4.474,2,4,-1.403,4.41,6,1.632,7,2.073,0.0,2.33,7,1,6,2.477,7,7,3,3.596,2,7,6,0
2,4,3,7,0,6,3,6,4,5,2,7,6,1.033,5,5,0,1,0.874,2.446,0.0,0,1.447,5,1,4.765,2,2,-1.492,2.5,2,-0.847,6,1.154,0.0,3.02,5,7,1,0.427,7,4,4,0.844,5,3,1,0
1,6,3,1,0,1,7,2,1,5,0,7,7,-0.451,3,4,2,4,1.001,-1.294,0.0,3,2.386,1,1,1.316,1,1,1.595,4.57,0,0.901,6,0.683,1.0,4.52,6,4,2,-1.903,7,0,4,-1.02,0,7,3,0
7,0,0,1,0,5,1,3,1,3,2,5,2,-1.598,6,1,0,4,0.664,8.747,0.0,0,-0.501,5,2,0.762,2,3,4.763,3.41,3,-1.034,1,1.335,1.0,2.88,4,5,4,0.327,2,3,1,6.94,6,4,3,0
2,3,0,2,0,4,4,7,5,7,0,0,1,2.388,7,1,1,7,1.08,3.675,0.0,0,0.622,5,5,4.262,5,1,-1.073,3.39,1,0.512,4,1.371,1.0,4.77,5,1,6,-0.933,0,4,0,4.364,4,0,2,0
3,3,1,5,0,4,7,3,4,1,5,5,0,0.475,1,5,7,2,0.96,1.652,0.0,7,1.11,3,2,1.34,6,5,2.7,2.13,2,0.69,0,0.35,1.0,4.73,7,4,3,3.736,5,4,7,4.504,3,6,3,0
2,7,7,5,0,4,2,2,7,6,5,1,6,2.339,1,7,7,4,1.129,1.702,0.0,0,1.457,1,1,3.894,0,5,0.871,1.67,5,0.066,1,0.385,2.0,5.01,2,2,3,4.203,0,1,1,1.56,6,1,6,0
2,1,5,5,0,0,5,5,2,5,1,3,0,0.405,1,5,3,0,1.426,1.159,0.0,2,2.05,5,7,-1.861,0,2,-1.039,2.78,2,-0.249,2,1.679,1.0,5.7,7,5,6,2.031,2,1,0,-0.463,6,7,6,0
4,6,4,1,0,4,1,2,3,5,1,1,7,-0.721,1,3,4,2,0.132,0.537,0.0,2,-0.653,0,2,-2.76,2,4,-1.585,2.22,2,-0.285,3,0.779,0.0,4.89,4,4,6,0.552,2,2,6,3.63,7,1,0,0
7,2,3,4,0,7,2,0,6,1,3,5,4,1.112,0,3,0,4,1.424,-0.095,0.0,2,0.801,3,0,1.389,6,6,0.985,3.39,5,-0.542,2,0.818,1.0,4.7,2,4,3,0.787,2,0,3,1.063,6,1,7,0
1,0,3,7,0,4,1,3,3,5,7,2,7,-3.19,3,4,5,7,-0.273,-2.757,0.0,0,-1.675,2,5,1.655,7,1,0.623,2.3,3,-0.72,0,-0.613,-0.0,3.23,6,3,3,2.679,5,5,6,2.038,0,1,5,0
5,7,5,7,0,3,3,1,1,1,0,1,1,2.399,6,6,7,3,1.939,-1.595,0.0,5,0.139,2,5,3.712,1,4,-0.309,4.57,0,-1.688,0,0.803,1.0,2.51,2,4,7,6.498,4,6,0,0.476,5,6,2,0
0,1,2,0,0,5,0,5,5,3,6,1,6,3.197,4,1,5,6,-0.193,-1.359,0.0,5,1.537,3,6,2.926,2,1,-0.847,4.3,6,1.282,3,0.374,-0.0,5.33,1,5,2,-4.08,2,5,5,1.388,7,3,2,0
1,4,6,1,0,7,6,6,6,3,4,4,5,-1.992,3,7,6,7,1.088,-0.29,0.0,0,0.186,6,3,1.944,4,7,-0.25,2.02,2,-0.907,1,1.628,1.0,6.28,5,6,5,3.501,1,3,4,-0.568,3,0,3,0
5,2,5,4,1,6,0,6,1,2,5,4,2,9.002,7,6,4,6,5.088,4.278,597.64,2,8.05,6,1,6.244,7,1,5.466,3.24,5,2.439,2,5.035,4.0,6.74,4,1,5,2.312,3,4,0,6.865,2,2,4,1
6,7,4,7,0,0,6,1,1,3,0,0,2,0.781,2,1,0,7,1.161,0.206,0.0,2,0.877,1,5,-0.489,3,5,1.963,3.65,3,0.356,3,0.473,1.0,1.84,2,4,3,1.152,7,5,0,0.371,2,3,1,0
0,7,0,5,0,6,2,4,6,7,6,7,5,3.261,5,1,6,1,1.311,4.262,0.0,2,2.458,3,6,1.337,6,0,2.332,1.93,5,-0.466,3,2.333,2.0,5.02,3,6,7,1.813,4,3,4,3.461,6,5,3,0
2,6,2,3,0,1,6,5,3,1,5,0,7,3.116,3,2,2,5,2.362,-1.658,0.0,3,2.657,2,6,1.806,1,0,3.882,2.36,5,0.59,5,2.403,1.0,3.57,3,2,0,6.739,6,1,4,0.835,6,1,3,0
6,3,4,4,1,6,4,7,7,3,7,3,0,6.528,6,6,3,2,5.392,4.765,426.55,0,3.292,2,4,5.339,7,2,6.427,5.62,4,-0.709,3,5.682,3.0,8.3,4,3,6,5.211,7,5,4,7.71,5,6,7,1
7,6,0,1,0,5,7,1,0,3,0,1,7,1.305,3,4,4,4,1.079,-0.236,0.0,5,0.469,0,0,0.537,4,6,-0.443,3.92,1,1.016,7,0.87,1.0,4.54,4,6,6,0.232,3,3,0,2.134,1,6,4,0
5,2,7,3,0,7,1,7,2,0,6,5,0,4.719,6,0,1,5,1.535,0.24,0.0,4,0.492,7,1,2.288,7,3,2.314,1.43,4,-0.359,5,1.074,1.0,4.23,6,6,5,3.901,7,0,6,2.231,1,2,6,0
3,5,2,5,0,0,1,2,6,4,3,6,2,-2.916,6,1,0,1,1.162,1.3,0.0,2,-0.308,1,0,0.43,1,2,1.981,1.9,7,0.131,6,1.975,0.0,3.86,5,2,6,-0.408,7,0,3,-2.123,4,7,5,0
6,5,7,6,0,5,5,1,3,2,4,3,5,3.936,7,6,6,2,0.728,3.503,0.0,6,0.627,5,6,-0.898,6,3,-0.759,0.68,7,-0.068,3,0.667,0.0,3.06,5,6,7,4.642,3,4,0,2.311,2,5,4,0
1,2,1,5,1,7,4,4,0,1,4,4,5,0.83,5,6,6,1,2.221,0.932,0.0,0,4.304,5,6,3.854,4,7,2.425,1.76,5,0.831,2,2.412,1.0,1.39,6,6,5,2.867,4,5,4,1.597,7,2,7,0
0,3,5,7,0,0,2,0,5,4,2,6,5,-1.116,6,7,3,3,-0.026,2.375,0.0,5,0.31,3,1,0.164,3,7,1.434,4.22,2,-1.187,1,-0.035,-0.0,3.56,3,7,7,0.417,2,3,6,-0.277,6,6,7,0
6,4,7,6,1,3,6,6,6,0,6,4,1,6.122,5,6,5,0,4.643,2.156,0.0,1,6.452,4,6,5.557,1,5,5.249,4.54,0,-0.706,7,4.367,3.0,5.7,3,3,0,5.094,0,4,6,5.339,6,5,5,1
0,3,3,2,0,3,0,2,3,0,3,3,4,5.149,1,5,3,5,1.765,-0.139,0.0,5,0.789,0,0,0.377,2,3,2.754,5.95,4,-2.805,1,1.154,1.0,5.47,0,1,7,1.892,4,2,3,6.651,3,5,1,0
6,4,0,3,1,4,7,1,4,5,7,2,0,3.498,6,0,5,0,4.212,1.293,0.0,5,4.092,3,3,6.729,0,0,3.31,3.2,5,0.245,4,3.528,2.0,3.67,5,6,5,4.401,0,7,1,5.435,4,5,5,0
4,1,4,5,1,2,2,7,2,4,7,2,3,-0.518,4,6,7,1,2.138,3.836,0.0,2,3.11,0,3,3.981,5,2,3.58,4.58,2,-1.987,5,2.235,1.0,4.82,2,0,3,2.368,7,6,5,2.536,1,0,1,1
3,0,0,0,1,6,7,4,5,0,2,2,5,3.106,4,6,4,4,1.843,5.408,0.0,2,1.978,2,4,3.742,1,0,1.001,4.91,1,-2.932,5,2.103,2.0,2.94,2,2,5,6.269,7,0,2,4.142,0,3,0,0
6,0,1,5,0,7,4,4,2,5,5,6,2,2.167,1,2,4,2,0.347,0.891,0.0,4,2.129,4,0,2.935,5,3,0.858,1.77,0,0.282,4,-0.118,1.0,2.78,1,0,0,0.107,0,5,2,-1.411,5,0,1,0
3,5,2,2,0,6,6,5,6,4,6,6,7,3.598,3,5,7,1,0.235,1.836,0.0,1,1.512,1,3,-0.679,0,6,1.082,4.41,3,-0.174,2,0.848,0.0,0.99,4,6,0,-1.872,5,5,7,3.256,1,5,4,0
1,1,2,5,0,5,7,7,6,7,7,4,6,2.544,0,3,3,6,1.431,-0.975,0.0,7,0.907,7,6,-0.099,6,2,1.535,5.69,0,-1.189,4,0.115,1.0,3.62,1,0,3,2.17,7,0,5,3.345,5,4,0,0
7,3,1,2,0,3,5,5,6,6,7,7,4,6.204,7,3,3,5,0.66,-1.141,0.0,0,0.767,3,1,-3.926,0,4,-1.225,5.5,4,-0.624,0,1.229,1.0,6.91,1,6,0,1.897,6,3,0,2.447,2,6,2,1
3,1,2,1,0,0,0,0,7,3,6,1,2,-0.757,1,6,2,0,1.213,5.11,0.0,0,-0.344,7,0,2.523,4,7,-1.598,3.38,7,-1.508,6,1.808,-0.0,5.29,5,7,4,-1.325,6,6,4,1.335,7,3,4,0
5,0,2,1,0,0,0,5,7,3,6,3,2,3.588,1,7,5,7,1.388,2.728,395.15,2,2.162,1,2,-0.072,5,3,-1.335,2.96,4,-0.15,5,1.24,1.0,6.56,5,5,4,3.385,0,7,7,2.51,5,6,0,1
7,1,2,6,1,2,1,3,1,1,3,6,1,5.074,2,0,2,3,4.589,8.734,0.0,3,5.986,4,0,6.649,3,4,3.433,3.28,5,-0.242,5,4.388,2.0,6.88,6,1,7,7.029,5,6,4,4.655,1,7,0,1
4,5,1,0,0,2,5,7,7,1,4,0,5,1.232,7,1,5,0,1.459,1.245,0.0,6,0.687,6,0,-3.201,5,1,-0.415,1.79,7,-0.477,6,1.298,1.0,2.79,1,7,3,-0.541,0,2,2,2.127,2,6,6,0
2,3,4,6,0,6,3,4,1,6,2,0,1,-1.447,0,0,1,1,0.567,3.44,0.0,4,1.368,2,3,-1.178,0,0,0.543,4.33,7,0.583,1,0.621,1.0,2.12,1,6,5,-2.045,3,7,1,0.515,3,2,5,0
3,2,1,4,0,0,5,4,1,7,2,6,3,-0.757,3,3,1,4,-0.014,-1.153,0.0,6,-0.09,1,3,-0.666,7,5,-1.437,1.53,5,-0.509,4,-0.205,0.0,5.86,7,6,5,0.487,4,0,1,0.621,2,6,0,0
1,0,2,1,0,1,4,5,2,2,5,2,7,7.136,1,7,7,0,1.87,-0.922,878.57,4,2.315,7,5,2.849,1,6,2.222,2.85,6,0.107,0,2.246,1.0,7.13,7,3,4,1.722,2,6,4,3.376,5,2,2,1
0,2,6,1,0,7,1,1,6,6,0,1,5,2.888,3,4,5,6,1.319,0.856,0.0,0,3.154,1,4,2.279,2,4,2.514,4.13,5,-0.528,1,1.189,1.0,3.85,1,4,7,3.401,2,3,5,-1.416,4,0,3,0
4,1,4,0,0,2,6,6,1,6,5,2,7,1.448,0,3,2,7,-0.139,-0.755,0.0,3,0.251,5,6,0.285,4,5,1.496,1.24,1,-0.339,5,-1.029,0.0,2.54,3,4,7,-0.554,1,7,5,-2.727,7,2,3,0
2,3,3,0,0,5,2,1,2,2,4,2,7,2.176,1,0,2,6,0.893,3.048,0.0,1,1.21,3,1,0.628,4,0,1.349,3.71,7,0.165,7,1.57,1.0,3.95,5,3,6,1.514,4,1,1,5.367,2,2,4,0
7,0,3,5,1,6,3,2,4,5,5,6,5,3.682,0,4,4,5,4.401,2.363,0.0,5,4.69,2,6,2.866,4,0,4.587,3.08,4,0.143,2,4.093,2.0,2.43,0,4,1,4.245,0,1,1,3.45,5,5,1,0
2,1,3,7,1,6,2,5,4,3,6,5,2,1.556,5,3,3,0,1.438,2.41,0.0,7,1.615,1,0,2.228,6,4,1.779,1.81,5,-0.632,6,1.918,0.0,3.65,6,1,4,2.641,2,7,0,-0.354,7,6,3,0
0,3,4,6,1,3,3,2,6,1,7,3,5,3.624,1,5,5,1,5.964,3.691,122.65,7,5.827,5,6,6.579,2,1,4.556,2.58,0,-0.562,5,5.573,3.0,8.25,7,1,4,4.547,3,7,4,6.218,6,2,6,1
1,5,7,2,0,6,1,2,4,4,2,0,5,5.266,1,0,0,1,1.522,-0.233,0.0,0,-0.586,0,4,1.422,6,3,1.615,0.95,0,-0.249,0,1.695,1.0,3.99,3,7,4,4.013,5,0,5,3.399,0,7,3,0
6,6,2,1,0,3,6,0,6,1,2,0,1,3.114,6,3,0,5,1.385,4.736,0.0,5,0.38,7,2,1.989,2,1,0.444,3.31,4,-0.096,1,0.551,1.0,4.45,3,1,6,5.401,1,6,0,3.493,5,2,6,0
6,5,0,3,0,6,6,7,7,5,3,1,3,4.821,3,4,2,3,0.154,0.721,0.0,3,-0.451,1,6,-1.76,6,6,-0.449,1.6,1,-0.74,1,1.079,-0.0,6.55,0,4,2,-0.349,4,0,2,4.195,5,7,4,0
2,3,2,2,0,0,0,0,4,3,5,4,4,2.3,0,5,0,6,2.051,0.226,0.0,5,1.997,3,6,2.53,6,0,2.898,1.91,4,-0.182,2,1.443,2.0,3.24,2,4,3,2.369,0,1,5,3.293,2,6,1,0
0,7,3,0,0,7,3,0,2,3,3,6,1,-1.568,2,2,6,3,1.244,-0.356,0.0,2,0.743,3,6,0.527,6,0,0.941,6.19,5,0.748,5,0.781,1.0,3.32,7,7,2,0.371,1,2,4,0.563,6,1,0,0
6,6,7,6,0,2,0,1,0,0,2,2,3,-1.879,7,4,4,3,1.464,4.49,0.0,1,0.032,7,6,1.87,4,7,3.545,5.68,5,-1.722,7,1.71,0.0,4.21,3,6,0,2.32,7,6,2,-3.98,4,7,0,0
1,1,5,3,0,5,7,0,4,0,0,7,5,-3.181,1,6,2,1,1.105,-0.386,0.0,3,0.087,7,1,3.562,1,1,1.349,2.05,4,-0.199,1,2.013,1.0,0.15,7,5,5,0.221,3,2,3,-0.726,6,1,6,0
4,4,4,7,0,1,7,4,5,3,2,4,6,0.997,4,1,3,2,2.886,4.491,0.0,0,2.698,7,1,0.8,3,3,1.901,4.75,2,-0.078,6,1.68,2.0,6.46,4,0,7,3.564,0,6,4,-3.717,5,6,6,0
4,0,2,2,0,5,2,6,2,5,3,3,5,0.038,6,4,0,3,0.963,-5.761,0.0,1,0.065,7,6,1.531,7,6,2.726,2.43,5,0.743,2,1.357,1.0,4.5,0,2,2,0.513,7,2,1,3.151,7,7,4,0
6,1,0,5,1,5,6,2,1,2,0,1,4,4.103,0,2,7,3,2.193,-0.447,754.46,5,4.491,0,6,5.629,1,7,2.302,2.55,3,0.065,7,2.509,1.0,6.96,1,4,1,2.925,5,6,4,2.499,5,1,6,1
5,4,5,1,0,7,7,3,7,4,4,4,6,-1.773,0,2,0,7,1.034,2.209,0.0,0,0.513,6,1,0.243,3,6,0.767,0.5,1,0.83,7,0.845,-0.0,5.42,3,5,3,3.618,6,2,5,2.295,6,0,3,0
3,2,7,5,0,0,6,7,2,7,4,1,3,-2.326,3,1,3,7,0.661,2.738,0.0,5,-0.104,1,2,-2.965,6,4,0.273,2.13,2,-0.699,1,0.297,1.0,0.73,1,4,4,2.881,5,4,6,-1.729,6,5,0,0
3,7,7,1,0,0,7,7,0,0,7,7,2,-0.391,3,6,1,4,0.446,4.289,0.0,3,0.59,7,0,-0.721,3,2,0.397,2.68,4,-0.885,2,-0.037,0.0,5.44,6,4,4,-2.276,3,5,6,-0.17,3,1,0,0
6,6,5,6,1,4,1,6,6,0,3,5,2,5.944,2,2,4,4,3.31,2.899,0.0,3,3.739,7,6,4.182,3,3,2.887,1.38,1,0.514,2,2.149,2.0,4.48,4,5,2,8.926,0,6,1,2.789,7,3,2,0
7,2,2,1,0,1,6,5,5,1,7,1,7,1.53,4,3,6,0,2.193,-1.391,0.0,6,1.427,2,0,3.004,2,4,4.466,1.91,1,0.004,1,0.904,1.0,5.61,1,0,0,3.177,6,4,2,1.84,3,1,7,0
2,4,0,0,0,7,7,6,5,1,0,5,5,1.21,4,2,2,4,2.157,2.526,0.0,6,0.609,3,7,-1.035,7,6,3.265,4.75,3,-0.515,0,3.845,1.0,4.44,7,4,1,7.109,6,1,2,4.05,0,0,5,0
3,1,3,3,0,6,5,6,2,7,6,0,3,-1.065,1,3,5,2,0.734,-1.946,0.0,2,1.316,0,4,-0.922,1,3,1.501,1.96,6,-1.688,0,0.322,1.0,5.19,0,0,0,-0.685,2,4,0,-2.262,0,1,1,0
7,7,5,7,0,7,6,7,5,3,1,5,4,-0.703,6,6,0,2,1.699,2.826,0.0,1,2.494,4,4,2.749,7,7,1.675,2.45,1,-0.954,3,2.071,1.0,6.56,5,0,1,-3.541,5,3,1,1.838,0,4,3,0
0,1,2,7,0,3,6,2,7,7,6,5,1,1.719,3,7,7,5,0.659,0.475,0.0,4,-1.53,0,3,-2.295,2,3,0.784,1.89,7,-0.626,4,1.333,0.0,7.19,5,2,1,-1.9,7,1,4,1.516,2,3,4,0
5,5,2,7,0,2,2,4,7,3,6,2,0,-0.307,3,0,4,2,0.674,-6.639,0.0,7,-0.343,7,5,1.165,2,5,-0.101,4.68,6,-1.478,6,0.292,0.0,2.1,2,0,4,-0.916,0,6,0,-1.048,7,1,2,0
2,4,4,4,0,5,2,7,6,3,4,5,4,4.786,3,3,2,4,0.709,2.633,0.0,0,0.756,2,3,2.261,1,4,0.441,2.35,6,0.018,1,1.649,1.0,5.99,2,5,5,-1.809,3,5,5,-0.97,0,5,1,0
7,5,1,6,0,2,0,6,1,2,5,1,1,0.333,2,2,6,2,1.429,0.941,0.0,0,1.534,3,7,2.761,4,1,1.18,5.22,1,-0.697,5,1.242,2.0,7.09,3,3,2,2.172,6,7,2,-1.094,2,6,0,0
1,3,0,6,0,6,3,0,3,1,3,0,6,1.37,4,7,2,6,0.923,-2.811,0.0,7,0.6,4,5,1.357,2,7,1.355,4.7,6,1.362,7,1.39,1.0,4.46,0,0,3,1.446,2,2,3,-3.0,0,0,7,0
6,0,1,3,0,7,7,2,5,7,3,0,1,-1.084,3,5,5,4,1.148,-1.338,0.0,0,-0.194,7,6,-1.029,7,2,-0.969,2.41,4,-2.05,7,-0.241,-0.0,3.02,5,2,0,-0.178,4,7,0,0.546,1,0,3,0
7,2,0,3,0,0,4,1,1,3,5,2,5,-1.763,6,3,1,6,1.072,4.407,0.0,7,-0.759,6,5,1.413,6,4,0.844,2.14,5,1.199,5,0.576,0.0,0.61,0,1,5,1.319,4,5,2,1.724,0,1,0,0
3,3,4,4,0,1,1,6,2,7,4,1,3,-1.474,0,4,1,5,2.672,-0.646,0.0,5,2.048,7,3,3.017,7,0,1.256,2.43,7,-0.502,0,1.609,1.0,1.92,0,2,4,4.302,4,3,5,4.282,1,6,3,0
0,6,6,7,0,3,7,0,0,2,5,2,4,0.974,7,5,3,7,1.714,0.977,0.0,1,1.762,0,0,-2.974,3,5,0.756,3.56,6,-0.686,7,2.492,1.0,2.49,1,6,2,6.235,3,1,3,-1.995,7,7,4,0
1,2,4,0,0,1,6,3,7,2,2,4,7,1.433,5,0,7,5,0.681,2.376,0.0,1,0.589,4,5,-1.517,0,7,-0.683,2.11,5,0.924,1,0.676,-0.0,2.51,0,4,0,2.364,3,7,7,0.795,0,2,7,0
4,3,7,1,0,4,3,0,5,6,2,5,3,1.885,2,0,6,1,1.675,-1.064,0.0,2,2.258,4,7,1.054,6,0,0.572,4.6,3,-0.269,3,0.047,0.0,6.15,4,7,2,-0.963,0,0,1,-1.197,1,6,5,0
2,6,4,5,1,4,7,6,6,1,2,7,6,8.369,6,2,2,3,7.766,8.967,243.87,4,8.985,1,5,8.221,1,3,9.082,5.12,0,0.171,0,8.122,5.0,4.78,5,7,0,10.338,6,7,2,10.584,0,3,0,1
4,3,0,0,0,3,5,2,4,1,3,6,2,2.689,0,0,2,2,1.516,1.491,0.0,6,2.667,1,6,4.48,5,7,2.743,3.93,1,0.663,7,2.936,1.0,3.49,2,0,2,1.139,4,0,5,4.768,7,3,7,0
0,4,4,6,1,4,2,0,1,2,2,2,7,3.745,5,5,0,5,3.005,2.964,0.0,5,1.969,6,1,1.924,0,7,0.449,2.34,4,0.403,1,3.049,1.0,2.06,3,0,3,6.13,3,0,5,-0.744,4,6,1,0
3,0,5,4,0,3,0,6,4,0,2,5,1,4.315,7,0,6,2,0.733,-2.686,0.0,0,-0.123,4,6,-1.045,0,3,4.858,3.58,0,-1.078,0,0.892,0.0,1.58,4,1,6,-0.83,7,3,2,-1.224,3,1,7,0
5,0,2,3,0,3,1,5,0,4,6,3,7,-1.584,3,2,4,4,0.533,-4.735,0.0,0,1.429,1,0,-1.829,3,1,-0.294,2.9,5,-0.215,1,0.88,-0.0,6.12,7,0,3,-4.103,6,7,2,-1.354,3,4,1,0
7,4,6,3,0,5,3,1,3,1,4,1,0,2.183,5,6,2,4,0.341,2.202,0.0,1,-0.007,6,1,-1.448,0,4,-1.406,2.96,4,-0.721,6,0.766,0.0,2.1,0,1,7,1.195,6,2,4,0.602,1,2,4,0
3,3,3,3,0,2,4,5,5,1,1,2,4,2.336,7,2,7,3,1.645,-0.359,0.0,1,-0.003,2,5,0.991,0,6,0.32,3.62,5,0.998,7,1.278,1.0,4.9,6,6,2,-0.087,7,2,0,-0.396,0,6,5,0
1,7,7,7,0,0,7,3,0,3,2,4,7,4.367,5,6,6,2,0.36,-1.25,0.0,6,1.099,3,3,1.429,3,0,0.3,2.92,3,0.522,7,0.926,0.0,2.11,4,2,7,0.815,5,4,1,-1.355,1,3,4,0
1,5,1,5,0,4,2,1,7,0,4,2,1,4.481,6,6,2,2,0.609,2.849,0.0,1,3.742,3,6,1.228,7,5,-2.223,0.73,6,0.602,1,0.575,1.0,5.71,5,7,2,-2.886,0,7,5,-1.894,7,6,2,0
0,2,6,4,0,2,6,1,5,6,3,5,5,4.081,0,1,6,2,0.967,0.146,0.0,7,1.029,6,4,2.441,4,2,2.232,3.89,5,1.997,2,1.099,0.0,7.32,6,0,6,2.98,2,2,2,4.894,2,6,6,0
0,1,4,6,0,6,0,3,5,1,2,2,6,3.781,5,2,5,7,0.148,7.333,0.0,5,-0.529,3,5,0.609,5,3,-1.14,3.01,6,-1.932,3,0.974,1.0,5.42,3,3,7,-0.051,5,1,3,-1.123,6,3,6,0
4,1,6,2,0,3,1,3,4,6,5,5,5,1.904,4,3,6,3,0.854,-3.069,0.0,6,0.76,1,1,1.646,4,3,0.96,5.11,0,0.59,1,0.31,-0.0,4.4,2,3,4,2.496,5,6,6,-0.408,5,3,0,0
3,4,0,4,0,7,1,6,0,7,1,4,0,1.576,3,0,3,2,2.337,3.08,0.0,6,1.662,3,7,4.391,4,0,0.967,5.39,5,0.968,5,3.113,2.0,2.48,6,0,5,5.037,0,1,5,-1.669,1,6,5,0
6,7,6,2,1,4,2,1,4,1,0,7,2,-0.53,4,5,7,2,4.447,5.781,0.0,7,6.215,5,1,1.46,5,2,5.265,3.01,3,-0.761,3,4.319,2.0,5.44,5,0,1,5.37,6,2,2,-0.504,2,2,4,0
6,3,0,5,0,3,1,1,4,1,5,3,2,4.38,5,5,3,7,1.575,-1.144,0.0,6,2.54,0,4,2.371,6,0,1.588,2.99,6,1.848,3,2.358,1.0,2.2,1,1,6,4.228,2,6,4,4.764,4,5,1,0
4,4,2,0,1,2,7,7,3,2,3,0,2,4.252,6,3,7,1,4.223,2.739,197.97,3,5.937,0,0,2.167,6,5,3.344,1.21,1,-0.444,6,4.581,2.0,7.69,3,3,3,3.291,4,2,7,3.609,3,0,7,1
1,2,0,1,0,7,4,4,3,4,3,6,2,0.512,1,1,3,0,0.482,-0.461,0.0,4,2.323,2,5,-0.831,7,1,-0.324,3.31,1,-0.402,4,0.207,-0.0,6.2,1,5,2,1.827,5,0,7,0.83,2,4,2,0
4,6,4,1,0,3,6,4,5,0,7,5,0,1.155,4,2,4,4,-0.187,-1.727,0.0,7,-0.655,2,4,1.365,6,3,-0.186,4.14,3,-0.229,0,0.423,1.0,5.22,3,3,7,-1.467,2,2,7,1.047,5,6,7,0
2,2,2,0,1,6,3,2,1,0,7,3,0,6.282,2,2,0,6,2.773,5.445,0.0,3,1.838,1,6,-1.671,2,0,0.991,1.56,7,0.512,7,2.089,2.0,3.82,0,5,0,3.824,3,3,4,2.104,1,7,4,0
7,4,2,0,1,2,7,0,5,5,0,6,1,3.197,0,2,1,5,3.2,5.416,0.0,5,4.385,6,7,-1.245,2,2,3.4,3.51,3,-0.139,2,3.654,2.0,5.65,7,3,7,4.192,2,2,5,6.474,5,5,7,0
6,0,7,3,1,5,2,6,2,2,6,5,3,2.902,2,2,6,3,5.07,2.034,120.33,6,5.041,3,7,3.855,0,2,6.414,1.57,4,1.917,6,5.512,3.0,8.28,3,4,6,6.342,0,7,2,6.441,5,0,6,1
4,0,3,1,0,1,3,4,5,1,4,4,0,0.322,2,0,7,3,1.482,2.645,0.0,4,-0.936,3,2,-1.851,2,0,1.157,5.82,2,-1.975,2,0.893,1.0,2.85,0,6,6,1.844,5,7,1,-1.292,5,5,7,0
0,6,5,3,0,5,4,4,6,2,7,2,5,0.161,0,7,5,7,2.043,-0.346,0.0,6,-2.657,6,2,-0.217,5,0,-0.188,3.37,3,-0.827,5,0.81,1.0,3.57,6,2,4,-0.459,6,2,7,0.499,0,4,1,0
2,4,7,7,0,3,6,7,1,2,0,1,5,0.598,2,6,4,4,1.199,0.068,0.0,3,1.608,5,3,1.351,3,6,4.049,3.1,3,0.589,4,0.708,1.0,4.7,6,4,7,5.139,0,4,2,2.074,6,7,6,0
6,1,1,3,0,0,7,4,3,5,6,3,6,-0.39,3,2,1,6,0.149,2.704,0.0,1,1.059,5,5,1.157,6,0,0.753,2.8,7,-1.372,2,1.022,1.0,3.78,4,5,1,1.902,6,0,4,-0.327,3,4,4,0
4,3,5,7,1,1,1,2,7,7,7,2,1,4.743,7,4,2,6,2.541,5.053,0.0,4,1.59,3,7,3.584,1,3,-0.112,4.84,3,0.638,3,4.004,2.0,5.1,0,2,3,0.015,5,6,0,1.256,4,6,3,0
2,2,0,7,1,0,0,4,7,6,7,3,2,3.871,1,4,1,7,3.119,0.226,294.35,2,1.809,3,3,1.726,3,1,5.493,3.01,3,1.397,2,3.361,3.0,8.32,7,0,1,4.942,3,4,7,2.672,2,0,5,1
3,5,0,7,0,0,0,4,2,1,2,4,6,-0.615,7,0,6,3,0.673,-1.283,0.0,3,1.563,4,1,0.452,6,2,1.15,3.36,4,1.179,1,1.165,0.0,-0.13,7,0,7,-0.873,4,3,3,0.602,0,5,4,0
0,3,2,4,1,5,6,1,7,6,5,0,1,6.832,6,7,4,6,4.816,4.988,0.0,2,4.462,2,6,5.876,7,0,6.722,1.94,3,-1.318,1,5.594,2.0,1.04,5,4,4,3.903,1,2,2,3.705,7,6,3,0
7,7,7,1,1,5,6,4,6,3,1,6,5,7.225,3,2,0,2,3.441,4.07,0.0,0,1.365,7,4,6.855,7,3,4.792,4.9,1,0.244,7,3.479,2.0,5.79,2,7,0,1.128,5,3,6,0.342,1,5,5,1
7,3,2,6,0,6,5,6,6,4,7,2,5,-3.261,1,6,5,6,0.857,-2.699,0.0,5,0.937,6,3,-2.684,4,6,1.377,3.59,2,0.128,2,-0.045,0.0,4.63,7,2,2,-3.101,4,7,2,2.06,2,2,4,0
4,0,6,0,0,3,5,7,3,3,5,0,3,-0.855,5,7,7,7,0.881,1.379,0.0,4,0.395,7,0,0.749,4,3,2.178,4.02,1,-1.065,6,0.171,-0.0,3.98,5,2,3,1.799,2,0,7,-0.391,6,2,5,0
5,7,6,6,1,0,5,4,7,7,1,1,2,-1.013,3,2,0,5,1.201,2.355,0.0,6,1.934,6,3,1.727,1,7,0.939,2.05,7,0.414,0,2.868,2.0,5.45,2,3,1,-2.939,5,0,3,-0.523,1,6,2,0
4,3,3,6,1,1,6,1,2,6,3,6,1,8.023,4,1,7,3,2.875,3.234,0.0,6,2.945,0,3,4.936,2,5,4.398,5.64,5,0.563,7,1.712,2.0,2.55,5,7,6,3.767,7,5,2,2.394,3,0,0,0
6,0,7,2,0,1,5,4,0,2,6,3,4,-3.033,1,1,3,3,0.559,-0.72,0.0,7,1.633,4,0,-1.703,0,0,1.219,3.28,5,0.542,1,0.436,1.0,5.99,6,2,1,-1.625,1,4,3,1.077,4,0,6,0
3,3,1,1,0,6,7,4,4,4,6,4,3,4.48,2,6,1,5,0.773,0.352,0.0,4,4.165,7,0,0.162,6,4,1.261,3.05,2,-0.444,5,1.259,1.0,6.27,0,3,7,0.422,4,4,1,1.97,6,3,0,0
6,7,5,7,0,7,6,2,5,7,5,1,5,2.049,4,7,0,3,1.519,-0.269,0.0,0,0.473,7,2,2.182,5,6,0.393,2.28,2,0.089,4,2.655,1.0,5.03,4,5,5,-1.077,7,1,3,2.508,6,1,5,0
3,2,3,5,0,3,7,5,3,1,1,4,7,3.641,7,0,5,2,0.203,1.049,0.0,6,1.152,3,6,0.883,7,3,0.555,2.44,3,0.743,7,0.906,1.0,4.87,1,4,6,2.579,1,6,0,-1.621,7,2,6,0
5,1,3,5,0,7,3,6,6,2,2,1,7,-0.953,0,2,1,7,0.924,2.899,0.0,4,2.202,2,4,0.942,6,2,2.679,2.85,2,0.25,5,1.217,1.0,5.92,5,2,1,-0.359,2,2,2,1.647,6,2,4,0
7,1,7,6,0,7,5,4,0,3,5,1,6,0.671,4,6,3,2,2.235,0.938,0.0,7,2.86,3,1,5.084,0,3,1.688,3.73,4,-0.259,0,2.452,1.0,2.27,4,5,2,4.404,7,6,2,1.999,2,3,7,0
3,7,7,6,0,6,6,2,2,6,7,3,6,0.477,1,7,2,0,1.188,5.961,0.0,4,0.821,2,2,-0.077,4,0,2.397,3.76,0,-1.741,6,1.036,-0.0,2.7,0,7,1,2.335,5,6,1,2.865,1,5,4,0
1,6,1,0,0,5,2,0,3,1,0,6,5,-0.495,7,6,1,4,2.218,1.492,0.0,7,0.28,4,1,1.687,1,5,3.162,1.99,5,0.722,1,2.786,2.0,5.37,0,7,1,4.088,1,4,6,1.418,3,1,2,0
6,7,7,1,1,3,7,1,2,6,3,5,1,3.76,4,6,3,2,2.43,3.299,0.0,0,3.226,1,6,1.351,5,5,3.681,-0.31,7,-0.313,3,1.459,1.0,3.31,4,5,2,3.619,0,2,0,0.24,0,7,4,0
2,3,3,2,0,6,7,5,7,5,6,6,0,1.125,2,6,0,2,0.424,1.37,0.0,6,-0.885,5,2,-0.798,6,6,1.412,2.72,2,1.492,6,-0.488,1.0,4.93,7,1,4,0.793,7,0,5,-1.695,5,0,2,0
5,1,2,0,0,2,5,0,0,7,7,4,1,3.654,0,7,6,7,2.602,2.463,0.0,1,3.029,0,4,3.492,5,5,1.192,3.26,4,1.012,3,1.043,1.0,5.12,5,7,0,4.787,2,5,2,5.012,6,5,7,0
0,3,2,4,1,7,1,6,3,7,5,6,5,2.254,0,1,7,2,4.222,4.12,429.55,7,4.385,1,3,4.075,5,7,4.514,4.29,5,0.098,4,3.869,2.0,5.32,1,7,0,4.113,1,3,2,4.648,3,3,2,1
1,7,7,0,1,7,6,7,1,4,1,3,1,4.388,4,6,1,7,3.291,1.195,503.77,2,4.028,5,1,3.891,4,7,0.641,5.06,3,-1.011,1,2.756,2.0,8.66,6,6,5,4.943,4,2,7,4.407,2,5,7,1
1,7,3,1,0,6,1,1,1,1,5,3,6,1.479,5,1,0,4,0.8,-1.312,0.0,1,0.916,6,7,-0.841,7,1,-0.731,1.28,0,2.143,2,0.729,-0.0,3.28,2,6,0,-0.39,2,3,4,0.999,5,6,1,0
7,1,5,3,1,5,2,0,7,6,5,1,5,7.451,6,0,4,5,5.432,3.878,0.0,5,4.439,3,1,4.52,0,3,6.239,3.98,0,0.328,3,4.171,2.0,6.49,1,7,2,4.835,3,1,4,6.652,0,1,7,1
3,6,3,0,0,4,4,2,1,0,5,1,3,0.749,0,3,2,1,0.306,-1.227,0.0,5,0.478,7,7,0.203,0,6,2.829,4.52,5,1.377,4,0.298,0.0,1.87,4,7,2,0.46,6,6,3,-3.426,5,4,4,0
5,4,2,3,0,2,0,1,2,1,1,0,6,0.554,6,4,7,7,1.148,-0.749,0.0,1,2.183,7,6,2.679,6,1,0.375,2.77,7,-1.24,7,1.24,1.0,3.36,3,5,6,2.13,1,7,7,2.237,6,1,7,0
4,0,4,3,0,2,7,7,1,7,2,4,2,2.136,2,7,7,3,0.618,2.106,0.0,1,1.786,2,0,1.57,2,6,-1.024,3.93,0,-0.148,2,1.634,0.0,3.83,6,2,6,1.349,6,7,0,1.128,0,6,0,0
1,2,1,3,0,0,5,2,7,7,7,7,3,-0.827,1,2,7,1,1.205,3.818,0.0,4,1.269,2,3,-0.8,6,7,1.136,1.59,1,-0.88,3,1.922,1.0,6.07,3,3,4,2.903,2,1,2,-1.898,6,2,4,0
3,2,7,4,0,5,0,6,3,4,1,6,4,2.935,7,1,3,7,1.337,2.788,0.0,4,3.214,2,1,-0.298,7,6,1.215,1.84,0,-0.129,6,0.577,1.0,4.4,5,7,4,5.3,7,1,1,4.739,7,3,2,0
3,6,1,3,0,6,3,7,7,6,6,3,4,-0.028,3,3,5,7,0.573,0.453,0.0,2,1.184,1,7,-1.029,6,5,-0.833,4.5,5,-0.604,2,1.563,0.0,1.2,5,4,4,3.28,7,2,4,3.865,4,4,6,0
3,0,1,1,0,3,7,6,4,6,0,3,7,0.864,2,1,5,0,0.561,1.312,0.0,4,2.186,6,7,0.867,2,6,2.555,3.87,3,1.122,3,1.063,-0.0,3.96,2,3,6,0.192,0,5,3,1.116,1,5,1,0
0,2,6,7,1,5,6,2,1,7,0,3,3,3.309,2,0,4,3,4.974,3.761,0.0,6,2.186,1,3,0.777,2,6,5.817,2.53,2,-0.548,2,4.591,2.0,4.82,3,3,1,2.141,6,0,7,5.028,2,4,3,0
2,6,3,1,1,4,4,5,3,2,0,5,3,3.843,6,2,3,5,5.21,6.103,512.56,2,5.658,7,7,4.882,0,0,6.569,6.33,4,-0.488,6,3.779,3.0,9.62,4,6,2,5.382,3,2,1,1.838,3,3,4,1
7,6,2,5,0,7,1,7,3,2,5,0,5,0.889,0,7,4,1,2.273,3.821,847.3,4,-1.443,5,6,-1.472,3,1,-0.556,6.37,1,0.413,5,1.582,1.0,8.18,0,7,3,2.841,2,3,3,7.575,5,6,0,1
3,1,4,2,0,0,4,0,0,1,4,7,6,1.316,7,7,6,5,1.105,2.676,0.0,5,0.679,5,2,-4.148,5,6,-1.744,3.37,7,-0.211,3,0.186,-0.0,5.76,0,1,7,1.85,3,3,7,1.496,2,0,7,0
1,1,1,2,0,1,1,4,6,4,1,5,1,-0.749,7,5,5,6,0.23,-1.132,0.0,2,1.215,2,3,-1.109,4,6,-0.749,2.96,3,-0.603,4,1.047,0.0,5.09,0,3,4,0.599,5,1,1,-0.728,5,6,5,0
3,1,0,1,0,2,2,6,6,7,6,2,0,1.955,3,4,1,7,1.207,3.437,0.0,6,0.778,7,4,-3.882,4,4,1.583,4.14,1,-1.372,6,1.206,1.0,0.91,7,4,5,0.588,0,7,0,-0.813,6,2,7,0
0,0,1,2,0,5,4,7,0,6,5,0,3,-0.913,0,1,5,3,0.762,-2.675,0.0,1,0.65,3,4,1.182,2,7,0.462,4.23,6,1.449,6,-0.087,-0.0,4.14,1,7,6,3.49,6,5,1,0.541,6,4,5,0
6,1,6,6,0,0,0,4,0,6,4,4,6,-0.051,2,1,4,3,1.336,1.455,0.0,6,1.168,2,1,4.817,3,4,0.077,3.97,0,0.135,7,0.641,0.0,2.72,1,1,2,3.133,7,6,6,-1.148,3,6,2,0
3,6,5,0,1,1,7,4,6,2,2,4,4,3.094,5,7,6,7,3.293,4.543,318.58,5,3.045,7,7,1.782,0,7,2.445,3.58,4,2.182,3,3.661,2.0,8.18,0,4,5,5.395,6,1,3,-1.484,0,5,0,1
4,0,1,1,0,6,4,2,6,3,5,4,1,-0.368,6,2,1,7,0.937,0.628,0.0,4,0.369,4,1,2.507,2,7,2.732,3.73,4,-0.619,3,2.003,1.0,1.6,2,2,2,-0.369,0,4,5,0.111,6,2,2,0
4,2,5,1,0,3,1,0,5,0,1,5,6,-1.78,4,0,6,1,0.715,3.325,0.0,6,-0.381,6,4,2.058,0,6,-1.84,1.47,2,0.717,7,1.661,1.0,3.51,3,0,4,0.568,5,7,0,2.963,6,7,5,0
3,4,7,7,0,7,0,7,7,0,4,2,5,-0.36,6,6,4,1,0.115,-2.851,0.0,3,0.704,4,6,0.439,3,3,0.103,4.67,7,0.302,3,0.112,-0.0,4.99,4,6,6,3.871,5,1,4,0.525,2,0,7,0
1,3,3,5,1,6,0,2,7,7,3,1,5,3.653,5,2,5,2,3.343,2.119,0.0,5,3.89,1,7,3.408,7,6,3.983,4.36,6,0.142,2,3.447,2.0,2.74,5,5,0,1.634,5,3,3,6.037,1,5,6,0
3,1,2,4,0,3,4,7,3,7,1,7,2,0.497,1,2,5,7,0.852,2.991,0.0,2,0.464,5,0,1.426,4,2,1.904,3.27,6,0.363,3,1.028,1.0,6.36,7,1,5,1.986,1,3,4,2.165,2,4,1,0
0,4,5,0,1,7,7,2,6,5,4,6,2,3.459,2,5,2,3,3.868,0.45,323.1,2,4.899,6,5,3.987,6,3,4.69,3.44,4,0.365,0,3.846,2.0,9.07,2,4,7,2.415,0,2,5,7.446,7,3,4,1
1,5,2,6,1,2,0,1,2,4,1,0,0,2.563,7,1,4,2,2.482,0.316,0.0,6,0.121,3,2,0.818,5,3,3.057,4.91,5,-0.608,0,2.028,2.0,4.92,4,0,1,0.22,0,4,3,6.229,2,5,4,0
2,6,3,5,0,6,1,4,7,0,2,6,2,1.442,1,6,7,5,1.927,0.423,0.0,3,2.036,1,4,2.717,5,3,0.307,2.4,5,0.222,4,1.829,1.0,7.11,7,0,7,-3.232,0,7,1,3.623,7,2,4,0
3,0,1,5,0,5,1,3,5,6,6,0,6,2.415,5,1,1,6,1.558,0.858,0.0,7,1.875,7,2,-0.538,3,2,0.806,3.11,4,-0.083,4,1.725,1.0,2.98,5,6,7,3.242,4,2,6,0.796,6,3,1,0
3,7,1,0,0,3,6,3,2,6,5,1,0,-2.673,6,4,7,6,-0.036,-0.954,0.0,2,1.163,0,0,2.57,2,3,-2.566,2.98,2,-0.106,5,1.669,-0.0,0.74,4,4,3,-2.757,5,6,2,4.537,3,2,7,0
2,4,3,4,0,4,7,6,1,5,2,0,6,2.056,2,5,2,1,0.977,1.748,0.0,7,-0.032,7,4,3.3,4,5,-0.178,1.43,2,0.468,2,2.039,0.0,5.96,3,2,5,6.085,6,3,6,4.094,2,7,4,0
0,6,2,7,0,4,0,5,4,4,4,6,2,2.674,3,5,1,4,1.092,3.324,0.0,3,0.908,7,1,2.83,6,6,0.638,2.94,7,-1.199,2,1.697,0.0,2.45,6,3,2,1.119,6,2,2,0.719,5,2,3,0
4,0,5,3,0,7,2,4,0,2,0,6,2,2.702,2,4,5,2,1.5,0.728,0.0,0,2.976,6,5,3.837,7,5,-1.402,3.76,0,0.899,4,2.308,0.0,6.05,6,2,4,3.473,4,7,3,-1.428,0,4,4,0
3,4,6,2,0,2,2,0,1,0,1,2,1,3.684,3,5,0,7,1.29,-1.321,0.0,4,1.832,5,0,0.893,2,4,-1.447,4.24,5,1.158,7,0.68,-0.0,5.49,2,3,0,0.082,3,3,2,0.324,7,5,0,0
4,7,3,4,0,6,7,2,7,7,1,1,1,1.439,1,7,7,6,0.88,-0.283,0.0,1,1.213,0,7,0.211,7,5,0.973,5.02,1,1.259,0,0.159,0.0,6.01,4,4,6,3.22,2,7,2,-0.629,3,2,4,0
7,2,6,1,0,5,1,0,7,3,5,0,6,3.551,3,5,6,5,1.763,2.637,0.0,0,2.669,1,4,3.195,0,0,2.062,1.89,5,1.072,2,1.457,2.0,3.9,7,3,3,2.86,7,0,0,6.982,2,7,5,0
7,0,2,2,1,6,3,2,2,2,3,0,1,5.554,1,5,6,0,3.331,1.479,416.8,5,0.896,1,7,4.452,6,1,4.495,2.17,2,0.262,3,3.063,1.0,4.66,3,0,2,5.916,0,7,5,1.819,2,4,0,1
6,5,7,2,0,6,0,0,2,7,1,7,7,2.613,7,1,4,0,0.731,0.354,0.0,2,1.299,7,3,2.673,0,0,1.041,1.09,6,-0.523,7,1.494,0.0,4.03,3,3,6,0.272,6,7,3,2.88,4,0,5,0
5,5,3,2,0,7,4,1,7,6,0,1,1,0.728,5,3,6,3,0.493,-1.261,0.0,4,0.935,6,3,0.771,3,0,2.518,1.04,3,0.711,1,0.833,-0.0,3.95,0,0,3,1.268,5,1,0,1.023,4,3,0,0
3,7,3,4,0,5,3,2,5,3,2,5,5,0.724,0,2,3,5,1.124,2.159,0.0,4,2.835,4,3,-1.796,3,0,1.08,3.0,2,1.587,1,0.707,1.0,2.67,0,7,3,3.252,7,7,2,3.208,6,3,4,0
1,2,1,0,0,3,1,3,2,3,6,4,0,0.822,1,4,1,6,0.699,0.956,0.0,4,1.447,0,3,1.543,5,1,2.917,2.68,4,-1.313,4,0.272,1.0,3.03,4,2,7,0.072,6,5,0,2.152,3,3,5,0
1,7,6,4,0,2,5,2,7,3,4,7,0,1.289,1,2,5,5,3.039,1.438,0.0,3,3.316,4,6,6.647,7,1,0.027,2.41,7,0.798,1,2.361,0.0,4.19,1,3,4,4.327,2,1,6,0.624,4,6,1,0
3,7,1,7,0,4,5,2,7,5,2,0,7,1.753,4,5,7,4,0.837,4.827,0.0,3,0.572,3,3,0.849,3,3,0.484,4.39,5,0.988,6,0.815,1.0,3.58,3,2,2,1.081,4,4,3,-0.497,3,7,2,0
7,0,3,5,0,2,3,4,1,0,3,4,0,-3.467,2,1,4,6,1.273,-0.453,0.0,0,2.082,7,0,1.548,7,5,1.401,2.65,3,-0.725,6,0.95,1.0,6.03,3,5,2,2.605,1,6,7,1.779,2,6,7,0
6,7,4,0,0,7,4,4,1,1,2,4,1,2.876,7,4,1,3,1.857,4.391,145.66,5,1.428,4,3,0.518,4,2,0.358,5.15,1,0.386,7,2.372,1.0,5.68,1,2,3,0.513,5,3,6,1.12,1,2,6,1
2,2,1,0,1,3,5,0,6,6,6,7,6,6.019,4,3,6,5,3.95,3.552,425.21,0,4.142,5,0,6.56,1,1,4.065,5.59,1,0.711,7,4.603,2.0,8.81,1,5,6,6.807,1,6,7,5.882,7,3,3,1
3,0,0,0,1,4,5,6,3,2,3,4,6,0.723,1,5,2,7,2.524,2.125,0.0,7,1.575,5,6,2.046,3,3,2.873,3.43,7,-0.026,2,2.357,1.0,4.42,6,0,2,2.8,5,1,3,-2.783,7,4,7,0
3,2,2,7,0,4,4,4,2,0,4,4,0,1.405,1,6,2,3,1.351,2.365,0.0,4,2.037,4,4,3.506,1,0,-0.293,2.23,7,0.031,0,0.172,0.0,2.2,1,6,1,-0.032,3,1,7,2.01,3,5,1,0
3,7,7,7,1,6,1,2,0,2,2,2,3,1.616,0,7,3,7,3.03,2.272,0.0,7,2.032,6,3,-0.415,5,2,3.676,-0.1,3,-0.029,5,1.936,2.0,2.13,6,2,6,2.728,1,3,0,4.675,1,2,2,0
3,1,6,4,0,6,1,7,3,7,0,0,0,1.531,3,1,4,1,0.839,0.331,0.0,2,1.602,7,4,1.826,2,2,-1.329,4.9,5,-0.725,3,0.516,1.0,4.55,2,3,3,-1.914,2,5,7,-0.664,3,1,3,0
0,5,6,2,0,2,5,6,7,5,0,3,1,0.562,6,6,5,6,0.694,1.077,0.0,3,-1.089,0,5,0.044,4,0,1.084,1.49,7,-0.16,3,1.732,1.0,5.05,7,5,4,-1.165,4,4,3,-1.466,1,4,3,0
6,4,4,5,1,5,2,0,2,7,2,5,3,5.119,0,2,6,4,4.097,4.681,441.26,0,3.697,6,1,4.669,0,5,7.437,2.55,4,0.717,6,3.997,2.0,6.65,3,6,6,4.228,1,6,6,9.499,4,4,5,1
1,3,0,1,1,1,6,7,0,0,3,1,6,-0.0,3,1,7,7,2.03,3.14,0.0,4,2.695,0,7,1.482,5,3,0.905,-2.39,1,1.134,7,1.548,0.0,1.08,0,2,3,2.86,3,1,1,-0.77,3,4,5,0
7,2,5,7,1,6,1,4,1,0,7,0,2,4.357,6,5,1,2,2.765,-0.384,0.0,6,5.284,6,1,1.288,3,2,2.642,2.17,7,-0.699,0,3.353,2.0,4.18,7,3,0,3.551,6,4,0,1.621,1,5,6,0
0,6,1,4,0,7,6,6,5,1,5,5,6,-5.194,6,6,5,5,-0.007,0.55,0.0,5,1.707,6,4,1.543,1,2,-2.396,5.62,2,-0.004,2,-0.021,1.0,4.6,6,0,4,1.021,5,6,0,0.047,4,4,5,0
4,5,7,0,0,5,1,0,4,3,3,5,6,1.57,4,3,2,5,0.485,-0.466,0.0,5,-0.766,3,5,-1.622,6,5,-1.345,2.11,7,-0.746,5,0.064,1.0,2.67,0,5,1,2.956,2,3,7,-0.266,3,7,1,0
6,3,3,0,0,5,0,4,0,3,5,5,1,0.897,6,5,5,3,0.579,-0.097,0.0,4,0.587,2,1,-2.164,6,7,1.656,2.38,7,0.088,6,1.161,-0.0,1.79,2,7,5,0.2,7,4,2,-3.608,4,5,0,0
2,1,7,5,0,5,0,0,2,2,3,0,3,0.095,7,1,3,4,0.23,1.62,0.0,6,0.626,0,3,0.48,1,0,2.117,3.89,6,0.71,1,-0.793,1.0,6.97,4,0,7,-1.251,1,3,7,-2.171,3,7,5,0
7,7,0,1,0,0,7,0,4,5,5,1,4,-2.091,0,2,1,7,1.65,1.602,0.0,2,0.695,5,6,-2.421,7,5,0.276,2.33,4,-0.852,2,1.161,1.0,3.23,0,1,3,0.816,0,2,0,-0.533,1,0,1,0
0,7,3,1,0,7,6,6,6,4,7,6,3,1.204,1,7,7,3,0.342,1.325,0.0,3,0.388,5,2,3.468,4,1,0.526,2.24,2,-1.313,7,0.244,0.0,1.29,0,5,6,4.299,5,6,3,2.804,0,6,0,0
4,1,3,0,1,2,5,4,5,7,0,1,3,1.291,5,4,2,5,1.348,2.986,0.0,4,2.663,0,4,0.303,6,1,2.995,2.71,6,0.486,2,3.736,2.0,4.47,0,3,2,0.695,0,6,2,2.56,3,4,7,0
5,2,0,7,1,2,6,1,2,5,5,6,0,7.501,0,5,6,2,2.92,2.149,0.0,0,1.666,7,2,3.67,2,4,2.649,2.49,6,0.944,6,3.675,1.0,4.53,2,0,4,7.37,3,1,4,5.533,1,3,3,0
6,6,0,4,0,5,7,2,1,2,3,1,7,4.801,0,3,0,2,1.693,5.463,0.0,3,4.686,6,5,1.012,4,1,1.565,4.42,7,1.052,2,1.233,1.0,3.63,6,0,7,5.184,0,3,3,4.207,0,7,1,0
6,6,4,1,0,1,5,4,1,1,0,4,4,-3.066,2,6,2,1,0.384,-0.75,0.0,7,0.107,2,2,4.131,3,7,0.347,2.19,3,1.133,1,0.822,0.0,3.2,3,0,4,-1.432,7,2,7,4.161,7,4,4,0
7,0,0,4,0,5,7,1,7,7,7,6,6,3.675,1,0,0,0,0.573,0.958,0.0,2,0.548,2,7,0.417,6,6,-0.491,2.05,5,-0.877,4,0.024,1.0,1.7,6,3,3,1.619,6,0,4,-1.663,3,7,0,0
4,5,4,2,0,3,4,7,3,6,1,0,6,3.025,5,0,6,1,1.823,2.464,0.0,6,1.296,6,1,-0.972,0,4,2.312,2.53,4,-0.649,6,2.039,1.0,5.48,6,7,5,-0.067,3,2,7,-1.98,5,3,3,0
0,3,7,4,1,2,5,6,5,2,2,3,3,0.086,7,5,1,2,2.797,3.788,567.67,4,2.756,2,0,4.498,1,5,3.554,2.06,6,0.35,3,2.553,1.0,7.79,5,5,5,5.689,3,7,4,4.086,4,3,6,1
1,3,0,4,0,0,0,1,7,5,5,2,5,0.642,6,0,3,3,0.595,1.133,0.0,6,-0.487,5,6,0.147,3,0,-0.727,4.75,3,-1.544,0,1.082,1.0,3.11,1,0,4,-0.746,2,1,3,1.859,0,5,5,0
3,1,1,3,0,3,5,6,1,7,1,3,7,-0.531,0,2,0,2,0.287,0.819,0.0,0,2.739,1,3,-4.161,5,7,0.363,2.45,1,-2.042,5,-0.81,-0.0,3.25,6,7,3,0.106,1,7,1,3.223,0,0,4,0
2,6,1,7,0,7,3,0,2,0,1,1,3,1.029,4,7,3,4,2.7,2.781,0.0,0,1.936,1,0,5.453,2,0,3.384,3.45,7,0.618,7,1.481,2.0,4.81,0,4,7,1.859,2,6,7,0.796,5,2,1,0
3,2,2,4,0,5,6,2,1,2,2,2,5,-0.123,5,6,3,7,0.831,-0.877,0.0,2,0.594,3,0,0.643,7,4,0.254,1.58,0,-1.102,2,0.855,0.0,2.51,7,2,3,-0.483,0,1,6,2.665,0,0,0,0
7,6,3,1,0,6,7,4,3,0,6,2,6,3.975,1,4,0,2,-0.077,-0.408,0.0,0,-1.739,1,2,0.122,6,2,3.175,2.91,1,0.019,7,0.762,0.0,3.05,6,2,2,0.23,7,5,0,-0.504,6,6,2,0
5,6,7,1,0,5,5,2,2,4,3,7,2,3.219,5,3,5,2,1.556,3.795,0.0,7,1.345,6,3,2.329,7,1,2.55,1.35,3,0.733,1,1.421,1.0,3.63,1,5,1,2.179,7,3,6,3.788,7,2,6,0
5,6,7,2,0,6,4,1,0,5,1,2,3,-1.195,3,5,6,6,0.202,1.027,0.0,3,0.515,5,7,-1.138,3,0,-0.282,3.01,7,0.203,7,0.966,0.0,4.99,3,1,7,-0.616,6,5,5,2.398,2,0,6,0
0,4,4,2,0,5,6,4,7,6,0,4,5,-0.292,6,7,5,7,2.107,-3.387,0.0,4,0.664,0,2,3.618,6,2,0.833,6.54,2,0.164,5,1.046,1.0,2.46,3,0,0,1.816,4,3,2,-1.512,5,6,5,0
0,1,3,2,0,5,4,5,4,2,3,1,3,-0.763,7,7,2,3,0.724,-0.103,0.0,6,0.887,4,3,1.378,0,6,0.12,4.99,2,1.039,6,1.574,0.0,4.37,3,4,4,1.079,2,6,2,1.419,3,4,5,0
0,7,4,5,1,1,0,6,3,1,1,3,3,3.051,6,0,5,5,4.361,2.299,221.64,1,3.158,4,6,0.85,4,6,6.378,3.39,6,2.211,0,4.188,2.0,6.66,4,3,0,4.14,3,5,0,4.512,3,6,0,1
4,6,7,3,0,5,6,5,4,1,6,7,6,-1.922,3,3,3,6,1.003,2.862,0.0,5,1.963,3,0,-1.718,4,2,-0.321,4.76,3,-0.57,6,0.474,0.0,7.17,3,2,3,0.848,4,3,3,0.347,5,6,6,1
4,4,7,0,0,1,0,7,1,5,0,5,4,4.619,5,5,3,3,1.669,0.087,0.0,5,2.646,4,7,0.376,0,1,1.654,5.06,2,0.232,5,1.634,1.0,6.12,5,0,4,1.894,1,3,2,-1.876,6,5,5,0
5,1,7,1,0,7,4,5,0,5,2,2,0,-1.759,7,3,6,3,0.036,-1.834,0.0,4,0.242,5,5,1.3,7,7,1.385,1.25,0,-0.902,6,1.726,0.0,2.63,2,4,2,0.19,2,0,5,-1.266,7,2,6,0
6,2,3,4,0,2,6,0,6,7,7,6,0,0.878,6,1,2,4,0.392,1.86,0.0,4,0.231,1,7,0.599,2,0,-0.726,1.93,3,-0.129,3,0.745,0.0,4.18,6,6,5,5.633,6,0,2,2.682,3,3,7,0
5,0,4,0,0,0,1,4,7,1,0,3,7,-3.706,6,3,2,7,0.11,-3.708,0.0,1,0.464,5,4,1.453,1,5,1.081,5.04,0,-0.296,2,0.061,-0.0,3.99,1,4,1,0.28,7,7,3,-0.053,2,6,6,0
4,3,2,1,0,2,0,5,5,6,4,6,3,2.256,4,3,4,0,-0.083,-3.243,0.0,0,-0.578,3,7,3.289,3,0,1.536,2.78,7,-0.256,1,0.965,0.0,5.0,2,1,5,-1.018,2,7,5,-0.848,0,6,6,0
1,4,3,5,0,7,6,2,5,6,4,0,4,-0.63,5,4,5,2,0.356,3.241,0.0,5,-0.317,3,4,2.044,7,6,-0.343,2.96,0,-0.709,3,1.05,0.0,6.48,6,5,5,-3.655,5,4,6,4.034,0,1,3,0
4,0,6,6,0,2,1,4,0,6,7,5,3,-0.671,1,1,1,1,1.468,5.689,0.0,4,1.639,7,5,1.97,1,6,1.35,3.02,6,0.691,1,0.071,-0.0,5.3,0,1,1,4.906,4,6,2,-0.687,1,3,6,0
2,7,6,4,1,5,0,2,2,1,2,7,2,0.93,3,1,5,6,4.271,4.059,307.29,6,1.989,7,7,4.41,4,0,4.375,3.11,7,-0.246,6,5.831,2.0,4.96,7,2,1,2.264,2,3,6,9.08,4,5,0,1
3,3,6,7,0,1,6,7,5,6,4,5,7,-0.542,1,2,0,7,0.482,1.042,0.0,5,-0.525,0,3,-4.171,6,1,1.492,0.49,4,0.755,2,1.755,0.0,4.28,3,4,0,-0.833,6,0,7,-0.204,4,0,0,0
2,5,2,0,0,3,7,7,3,6,0,6,0,5.3,0,4,7,3,2.269,-2.012,0.0,1,2.173,5,3,1.83,2,3,1.174,3.99,2,-0.291,7,2.558,1.0,7.03,4,5,6,3.905,0,2,0,0.532,4,1,4,0
3,0,1,4,1,2,1,6,7,1,1,3,2,-1.084,6,6,3,2,2.458,0.962,0.0,0,2.353,1,7,2.976,3,1,2.239,1.78,6,0.376,0,2.157,1.0,2.91,7,7,5,-0.161,2,0,3,1.34,7,4,0,0
5,6,7,3,0,3,1,0,6,4,6,5,2,-0.422,0,7,6,6,0.804,1.479,0.0,2,0.295,1,4,0.171,0,3,0.397,2.69,3,0.095,4,-0.161,-0.0,6.32,1,7,5,0.989,3,4,7,-0.573,6,3,5,0
1,3,2,7,0,1,2,4,4,4,0,2,4,4.254,6,0,5,5,0.983,0.838,0.0,0,1.987,5,2,2.9,0,3,1.96,3.25,4,0.326,2,1.411,0.0,5.44,1,6,2,0.822,1,7,0,4.152,1,6,6,0
7,6,0,3,0,6,1,7,0,4,1,0,4,1.229,5,0,4,2,1.102,-2.336,0.0,3,1.214,6,3,-0.637,2,5,3.292,1.93,4,-0.735,0,0.754,1.0,6.2,7,6,7,0.584,5,5,5,-3.3,0,2,7,0
4,3,0,5,0,0,1,0,1,2,2,3,4,1.408,6,6,1,3,1.428,6.148,0.0,2,1.546,2,1,-0.87,3,6,0.928,0.83,2,-0.45,6,1.576,1.0,3.86,3,4,2,-2.749,3,5,4,3.786,1,5,3,0
4,0,4,5,1,6,1,4,1,2,6,0,1,2.87,2,2,4,4,3.269,2.762,0.0,7,1.446,2,0,3.612,3,6,4.384,2.91,3,-0.43,0,3.092,2.0,1.29,1,3,5,6.322,5,7,2,0.705,7,6,4,0
0,7,5,4,0,5,4,7,1,6,2,4,5,1.917,2,2,4,7,1.749,3.259,0.0,0,-0.154,6,6,3.103,6,4,1.165,1.36,0,-0.298,3,1.548,1.0,6.09,4,4,7,-0.179,3,5,0,5.721,7,6,4,0
4,6,6,6,0,5,7,4,1,4,7,5,3,-2.59,3,1,0,0,0.752,-3.171,0.0,5,-1.407,4,1,-0.607,6,6,2.027,2.41,1,1.763,0,0.886,0.0,1.43,4,4,7,0.919,5,7,7,1.51,5,2,7,0
5,7,1,2,0,1,5,3,0,4,3,4,3,3.187,6,7,7,6,1.12,5.722,0.0,5,-0.487,6,5,0.638,5,3,3.295,3.23,2,-0.875,2,1.898,1.0,4.4,3,7,0,-0.959,0,1,2,0.747,5,7,7,0
5,0,6,4,0,6,7,6,2,4,6,1,0,2.052,4,7,2,0,1.49,-3.829,0.0,3,-2.03,2,4,-0.276,4,2,-0.273,4.58,3,-0.249,5,0.753,1.0,2.9,6,6,0,-1.466,2,1,7,2.285,3,3,2,0
6,2,6,1,0,5,6,5,5,7,1,1,5,1.899,7,7,4,7,0.227,-0.135,0.0,1,0.891,0,5,-2.379,0,5,0.19,4.37,2,-1.131,0,0.511,0.0,1.0,1,6,0,-0.72,4,3,1,-5.061,7,4,1,0
5,7,7,3,1,0,4,6,5,5,3,5,7,4.714,6,5,6,4,4.461,5.002,73.72,4,4.267,6,0,5.399,1,1,4.985,2.79,1,0.036,3,3.802,3.0,6.62,0,5,1,2.343,6,1,2,6.203,7,2,4,1
7,4,6,7,0,7,2,3,4,7,0,0,2,2.63,6,4,0,0,0.513,1.385,0.0,3,0.591,4,0,-2.703,5,2,1.802,1.68,7,-1.348,6,0.728,1.0,2.85,4,5,7,-2.208,7,2,5,-4.544,7,7,1,0
5,7,3,2,0,3,7,5,2,4,2,4,4,2.979,0,3,7,2,2.117,0.315,0.0,1,0.713,4,3,5.396,3,5,3.92,4.67,4,0.868,3,2.439,1.0,1.49,7,3,0,-0.393,2,2,1,1.85,4,3,7,0
1,7,3,5,0,2,0,5,4,3,1,2,0,0.392,2,4,6,7,0.34,0.582,0.0,1,1.395,3,3,6.821,0,0,1.54,3.58,2,-0.54,0,1.755,0.0,4.88,1,6,1,0.068,5,0,6,-1.95,2,4,0,0
3,6,0,3,0,2,6,1,6,6,1,2,2,-0.507,4,7,3,1,0.445,-1.749,0.0,4,2.474,1,4,0.574,0,2,0.357,4.07,2,0.18,1,0.314,0.0,2.29,7,5,2,0.218,6,4,4,-1.292,5,2,3,0
5,1,7,0,0,6,7,7,0,5,6,2,4,5.024,5,4,3,2,2.404,4.061,0.0,7,1.834,2,4,-2.469,0,0,1.206,4.68,5,0.035,4,1.28,1.0,2.09,0,7,1,0.918,2,5,5,-1.039,6,1,4,0
2,6,5,1,1,2,6,1,2,3,4,4,1,0.442,0,2,1,7,5.872,6.17,0.0,7,3.886,2,0,2.961,3,3,7.353,1.58,3,0.367,0,5.212,2.0,5.03,7,6,5,4.441,1,5,2,4.592,1,4,2,0
1,7,4,3,0,6,2,0,7,2,6,4,6,3.136,3,2,1,7,1.927,-0.89,0.0,0,2.613,1,3,6.2,6,2,2.089,3.34,3,-0.2,2,0.631,1.0,4.07,4,3,1,3.08,3,7,4,1.333,0,1,3,0
7,4,7,4,0,2,2,6,3,6,3,6,3,-0.63,1,0,3,7,1.907,1.899,0.0,7,4.024,1,4,0.79,1,4,2.889,2.92,2,-0.09,5,2.284,1.0,3.34,7,5,6,3.942,7,7,7,-0.032,0,1,4,0
5,4,4,0,1,3,7,3,6,1,1,5,7,0.196,7,1,0,4,1.686,-0.051,0.0,5,2.531,7,7,2.785,6,2,2.855,3.54,6,0.032,7,1.118,2.0,3.17,3,0,4,-0.949,4,2,1,4.348,5,1,6,0
5,7,6,0,1,4,3,5,7,1,3,7,2,6.656,6,3,6,2,5.525,8.397,698.29,3,4.776,1,5,2.802,6,2,4.867,3.87,4,-0.001,1,4.875,3.0,8.04,0,2,7,5.539,4,3,4,6.781,7,1,0,1
5,6,4,3,0,6,7,3,2,6,5,2,2,1.64,1,0,7,1,1.589,1.041,0.0,1,0.645,6,4,2.172,7,2,2.957,2.95,2,-0.229,7,1.104,1.0,1.31,3,6,3,0.631,6,2,1,4.176,6,2,1,0
3,1,3,7,1,1,3,6,6,0,6,5,0,3.549,0,1,7,0,2.627,0.808,50.12,1,3.385,3,3,5.807,5,3,3.87,3.55,1,0.626,0,1.903,1.0,9.17,1,6,1,0.4,2,2,3,4.015,3,0,2,1
0,2,0,7,0,3,3,0,2,2,5,0,6,-1.453,5,0,0,3,0.533,-2.133,0.0,6,-0.671,0,5,2.053,6,6,-0.677,3.08,1,-1.491,2,1.348,1.0,1.27,2,6,4,1.166,0,5,3,2.806,7,1,2,0
3,2,6,5,1,7,5,1,3,2,4,7,1,1.175,7,0,6,2,2.843,-0.509,0.0,7,3.364,7,1,1.563,6,7,2.18,2.62,3,1.915,4,3.442,2.0,4.71,5,6,5,4.52,5,5,6,3.098,3,6,2,0
2,7,2,1,1,0,3,1,4,0,2,4,6,2.183,2,3,5,4,2.86,4.36,0.0,1,3.845,3,4,1.251,4,1,5.184,4.07,1,1.51,5,3.526,1.0,5.14,4,4,3,5.331,5,0,5,2.16,7,7,3,1
1,3,6,7,0,3,4,6,7,7,1,7,6,4.006,7,3,6,0,0.818,0.249,0.0,2,0.152,1,2,0.904,7,3,1.206,4.06,7,0.184,3,0.353,-0.0,2.35,0,1,7,2.98,0,5,4,-0.999,0,4,2,0
4,7,2,0,0,5,6,6,1,4,0,2,6,-3.048,3,0,0,0,1.169,1.418,0.0,2,1.353,1,5,3.108,3,4,1.21,3.74,5,0.782,4,0.809,1.0,9.04,3,1,7,-2.778,3,2,3,-0.851,5,6,2,1
2,3,7,4,1,6,5,7,5,7,5,1,4,1.276,5,3,3,6,1.956,5.579,0.0,7,2.509,4,2,1.172,2,7,1.338,0.78,1,-0.041,1,3.687,2.0,3.58,3,7,0,3.159,1,7,4,3.201,2,3,6,0
2,0,1,2,0,7,6,0,0,5,3,0,5,5.474,1,4,2,2,2.197,2.628,0.0,1,2.083,4,2,1.767,1,3,-1.385,6.65,0,1.262,3,1.906,1.0,6.1,2,3,2,4.234,0,6,6,2.417,7,2,6,1
0,4,5,1,1,3,1,7,3,1,1,7,0,4.49,3,7,5,0,3.392,4.294,0.0,2,3.201,1,4,2.943,3,0,4.853,4.19,5,0.656,4,3.513,2.0,5.44,4,7,1,5.507,1,7,3,7.989,1,1,1,0
3,1,6,6,1,2,0,7,5,7,0,6,5,1.409,3,5,4,3,2.938,-0.848,0.0,3,3.302,6,7,0.271,5,7,3.447,6.87,0,-1.223,4,2.027,2.0,4.17,4,6,4,6.055,2,1,3,0.591,3,2,6,0
5,2,5,1,0,7,1,2,4,0,5,1,3,0.649,7,4,6,1,0.622,-1.973,0.0,5,0.893,1,3,0.471,7,0,-1.705,2.07,5,1.436,1,0.075,0.0,2.3,1,7,0,2.762,6,1,5,0.557,2,0,1,0
0,1,7,3,0,4,4,3,1,2,2,2,5,-2.733,4,0,7,1,0.465,-2.176,0.0,6,-2.296,0,4,1.502,0,1,0.407,4.25,4,-0.31,1,0.333,0.0,4.73,0,7,7,0.528,5,2,0,2.005,2,1,5,0
1,1,6,0,0,6,6,2,6,6,1,2,5,6.628,4,5,7,1,1.961,-2.411,0.0,2,2.844,2,7,-0.991,5,5,2.569,2.73,0,0.347,6,1.953,2.0,1.11,1,2,4,1.963,5,7,7,3.495,7,3,0,0
3,6,0,2,0,5,3,3,1,0,0,5,6,-1.31,6,0,4,6,-0.148,3.09,0.0,2,-0.551,1,1,2.227,3,4,-1.746,2.98,4,-0.781,0,-0.071,-0.0,3.56,5,1,5,2.766,4,1,5,-1.19,5,7,5,0
6,2,7,6,0,1,3,3,3,5,0,2,2,3.932,4,7,6,3,1.333,0.323,0.0,2,3.252,5,7,0.4,5,3,-0.925,4.17,2,-1.465,1,0.711,0.0,4.19,4,2,7,3.986,3,7,3,2.792,2,4,4,0
2,3,7,5,0,0,0,6,6,7,1,0,3,3.243,1,2,7,6,1.548,-3.593,0.0,0,2.412,6,7,1.964,2,6,-1.345,3.53,7,0.301,2,0.167,2.0,5.1,1,3,6,2.78,3,0,0,3.338,6,4,5,0
4,3,4,4,1,0,7,5,7,0,0,2,1,0.677,6,1,3,0,2.671,4.094,0.0,1,2.725,0,4,1.831,5,1,2.105,2.38,6,0.664,5,3.579,1.0,2.72,4,7,1,1.85,7,0,2,4.367,2,2,4,0
6,2,3,2,0,3,4,5,0,2,3,3,0,4.968,0,5,0,3,1.028,-3.798,0.0,4,1.266,1,1,0.757,4,5,3.892,2.05,6,-0.813,4,0.599,1.0,5.8,4,0,4,4.434,7,1,6,0.531,5,1,0,0
2,0,2,3,0,3,6,7,0,2,0,0,7,2.155,1,2,5,0,-0.015,-1.663,0.0,3,-1.005,3,4,0.946,6,2,-1.959,4.08,1,0.932,2,0.146,-0.0,3.16,4,1,1,-2.561,7,3,5,2.221,1,7,4,0
3,2,1,1,0,5,0,5,1,3,1,0,1,-1.802,0,5,3,7,0.584,-2.745,0.0,3,1.679,2,3,2.965,5,1,0.098,2.3,3,0.548,0,0.464,0.0,1.17,4,5,1,0.225,7,0,5,0.88,0,1,5,0
6,3,1,2,0,5,5,1,0,2,2,7,4,1.522,6,0,7,5,1.379,2.639,0.0,2,-0.207,7,7,-0.029,1,3,1.647,2.3,4,-0.546,7,0.986,1.0,3.82,0,0,4,-1.578,3,3,3,-5.135,1,0,5,0
6,1,7,2,1,3,1,2,5,3,0,6,7,2.909,7,5,7,0,3.892,1.507,0.0,7,3.254,0,7,3.249,7,3,1.721,0.59,7,-0.81,6,4.113,2.0,2.34,6,1,2,5.484,4,1,5,7.496,6,0,2,0
0,3,6,0,0,2,4,4,3,4,2,7,7,3.471,5,5,0,1,1.294,6.064,0.0,7,-0.082,3,0,2.533,4,1,1.803,3.32,7,0.061,4,0.391,1.0,5.28,6,6,0,-2.388,6,7,5,4.141,2,6,5,0
3,5,5,2,1,0,2,2,7,5,0,6,3,1.237,7,4,4,3,3.217,5.679,0.0,2,5.261,4,0,1.794,2,3,1.914,3.36,1,0.706,3,3.694,2.0,6.09,1,0,6,2.373,6,3,7,7.949,0,4,6,0
5,1,0,1,1,3,7,5,4,1,6,4,6,1.852,7,4,0,2,1.731,2.076,0.0,6,1.59,3,2,0.615,5,2,1.854,3.79,4,-1.988,2,1.738,1.0,5.46,1,6,1,-1.251,4,4,0,2.905,4,2,3,0
5,2,1,1,0,0,3,4,0,7,0,3,0,8.356,4,7,0,4,2.293,4.122,0.0,6,0.578,7,5,5.523,1,5,1.295,2.51,6,-1.005,5,1.486,1.0,3.7,3,3,6,2.178,5,7,1,3.294,1,4,4,0
4,7,2,2,0,6,3,7,0,6,6,2,6,3.163,1,2,0,0,1.586,6.171,0.0,4,2.077,0,3,3.935,5,1,3.233,2.77,6,-0.189,5,1.781,1.0,2.31,3,3,3,5.356,6,1,2,-2.961,0,1,0,0
7,2,3,6,0,7,5,4,2,2,6,5,0,-0.47,5,1,0,6,1.445,5.175,0.0,0,2.537,3,1,0.806,4,7,1.848,1.41,7,-2.377,0,1.345,2.0,5.51,2,6,6,-4.687,1,2,1,0.521,4,2,7,0
2,7,3,7,0,5,3,0,5,5,3,5,0,0.062,2,0,6,0,-0.013,0.405,0.0,4,-0.3,0,0,1.562,0,5,0.246,2.96,1,0.701,1,-0.161,-0.0,3.71,1,0,3,2.434,6,3,7,3.465,1,3,2,0
4,1,1,6,0,0,0,2,7,4,0,1,2,0.16,1,3,2,5,1.215,0.842,0.0,1,0.357,3,0,3.912,0,4,2.656,4.79,7,0.956,5,0.981,0.0,3.01,5,4,0,4.396,3,2,6,4.399,7,6,0,0
0,0,5,0,0,4,4,3,3,1,7,7,0,0.621,0,6,0,7,-0.395,-1.664,0.0,6,-0.204,3,7,-0.936,6,1,0.224,2.75,2,0.286,3,0.934,1.0,3.34,1,7,6,-1.16,5,0,4,-1.616,6,3,0,0
3,7,0,6,0,0,6,2,3,2,7,4,0,3.315,6,5,2,5,0.873,2.723,0.0,6,-0.143,7,4,0.239,0,5,3.772,4.09,0,0.321,7,1.164,0.0,4.32,1,5,4,-0.013,0,3,2,0.211,5,3,3,0
6,2,0,1,0,1,5,6,5,6,3,3,0,2.88,2,0,1,2,1.54,1.319,0.0,0,0.399,0,1,6.949,3,4,-0.42,1.41,4,-2.901,7,1.952,1.0,1.39,4,3,7,1.914,3,3,5,2.928,3,2,3,0
4,6,3,4,0,3,5,1,2,0,2,7,6,0.943,2,1,4,3,0.797,4.188,0.0,7,2.683,1,4,1.907,0,1,2.529,2.2,4,-1.459,1,0.596,0.0,2.76,1,2,5,0.848,6,6,2,2.337,1,2,2,0
7,4,6,5,0,7,5,3,6,5,7,5,6,1.959,6,3,7,0,1.086,-2.676,0.0,2,0.896,0,6,5.478,1,6,1.155,5.08,6,-1.46,0,1.007,1.0,4.56,6,5,7,-0.456,3,4,3,-0.209,4,2,2,0
0,5,7,2,0,2,1,7,3,1,0,5,3,-2.561,6,2,4,1,-0.311,2.352,0.0,7,0.738,0,5,3.286,7,6,-3.566,1.0,6,1.575,1,1.388,0.0,4.49,1,0,6,1.412,5,0,1,1.831,5,1,6,0
6,7,6,7,0,5,3,3,3,3,6,5,2,-0.762,2,2,6,2,0.637,-1.986,0.0,5,-0.526,0,2,2.467,0,3,-0.677,3.41,2,-2.604,6,0.367,0.0,3.03,3,0,4,0.995,1,4,4,-0.737,5,5,5,0
5,2,2,3,0,0,1,2,2,7,1,0,6,1.547,0,3,1,7,1.204,1.442,0.0,4,0.366,5,1,-0.417,3,7,-0.197,4.09,7,1.016,0,-0.313,0.0,6.04,3,1,3,1.461,1,0,2,1.383,4,0,5,0
7,5,7,4,0,6,1,6,4,0,7,7,6,2.306,1,7,3,6,0.357,-0.654,0.0,4,0.336,7,0,-0.807,2,0,4.068,3.46,5,0.359,1,1.562,1.0,4.19,0,0,3,3.164,3,6,4,-0.33,4,5,5,0
4,7,7,5,0,1,1,4,5,2,3,5,1,-0.892,1,0,4,1,1.42,1.306,0.0,7,1.959,1,1,0.174,1,4,0.696,4.35,6,-0.42,5,0.374,1.0,4.16,1,6,4,4.942,3,5,7,0.712,2,5,1,0
7,0,6,0,1,7,0,6,7,4,3,4,3,-1.19,1,7,0,5,1.936,2.905,680.19,4,0.635,1,7,3.353,1,2,2.89,4.25,1,-0.44,0,3.827,1.0,6.94,2,1,5,1.914,3,6,2,2.417,2,2,3,1
5,3,7,7,0,7,1,7,7,0,7,5,5,-0.046,6,0,5,7,1.74,7.659,0.0,5,2.276,2,1,1.38,1,6,2.482,3.12,3,1.035,0,2.785,1.0,4.92,2,4,6,0.568,4,4,2,-1.907,0,5,0,0
1,5,0,7,1,6,1,2,2,0,1,0,4,3.625,6,7,6,7,2.412,1.512,699.93,6,3.813,5,7,0.16,2,1,1.651,7.18,3,1.075,2,2.393,2.0,9.51,5,1,7,0.719,5,4,0,5.744,3,4,3,1
1,0,5,3,0,3,0,4,4,4,3,4,7,-1.228,1,0,4,6,0.688,-0.268,0.0,5,2.014,3,3,0.193,2,2,1.385,1.12,7,-0.525,7,-0.252,0.0,4.96,0,7,0,-0.14,0,2,6,-1.336,3,6,0,0
1,5,5,4,0,0,2,1,5,5,0,2,2,7.207,4,3,4,3,2.016,-1.216,0.0,5,1.479,1,0,0.374,2,5,0.844,1.44,2,1.463,6,1.3,1.0,4.52,1,7,4,2.1,3,5,4,1.248,3,7,0,0
4,2,6,0,0,7,7,2,4,7,1,7,4,-2.007,1,1,2,0,0.527,-0.061,0.0,4,-0.23,6,3,-0.18,3,1,-0.234,5.33,7,0.156,2,-0.042,1.0,2.8,6,7,1,4.699,4,3,2,0.584,4,4,7,0
5,1,4,6,0,5,2,2,0,3,7,0,6,-0.052,4,3,6,4,0.538,1.806,0.0,7,0.726,0,1,3.993,4,2,-0.456,3.32,0,-1.088,6,0.934,0.0,6.96,2,4,4,1.82,2,6,6,1.799,7,4,0,0
5,2,0,4,0,3,3,5,1,0,0,4,7,-3.046,4,6,2,4,0.807,2.957,0.0,0,0.9,7,1,-0.827,0,1,-0.767,3.82,4,-0.639,5,0.045,1.0,6.67,1,4,3,1.024,5,7,0,-1.084,4,1,4,0
3,6,7,3,0,2,7,2,2,7,4,3,7,2.811,1,1,5,4,-0.226,-0.902,0.0,4,1.207,5,3,-3.829,5,2,0.25,2.4,7,0.733,1,0.003,-0.0,2.91,2,4,3,-1.411,5,3,0,0.776,4,1,1,0
6,2,2,5,1,4,1,2,3,2,2,0,2,3.13,5,7,5,5,3.055,3.766,172.51,4,4.211,6,0,4.801,2,7,4.086,5.27,7,0.25,5,4.425,2.0,5.9,1,6,2,6.043,3,5,1,2.663,0,6,6,1
4,2,4,0,0,3,4,3,4,7,0,4,7,-3.184,4,3,6,5,0.525,-1.872,0.0,3,1.335,6,3,3.514,4,3,-0.711,2.08,3,1.378,4,0.124,-0.0,5.17,4,3,1,4.079,2,3,0,-0.009,1,6,6,0
3,7,4,7,1,3,3,0,2,3,4,2,2,6.935,1,3,1,2,4.186,2.566,0.0,7,1.893,6,1,3.268,2,5,3.16,3.98,2,2.022,0,5.064,2.0,5.39,7,5,6,4.367,4,4,2,5.866,5,4,5,0
0,4,3,0,0,3,7,6,7,1,0,2,1,4.56,0,0,1,3,1.175,-0.963,0.0,6,1.35,0,2,-0.598,1,1,1.628,0.05,4,-2.381,6,-0.077,1.0,2.56,1,0,5,1.83,6,5,6,-0.423,7,6,0,0
3,1,7,0,1,5,3,7,1,0,0,5,0,3.65,2,5,1,2,4.849,5.672,0.0,0,5.65,7,3,0.352,0,5,6.016,1.61,0,0.097,6,5.157,2.0,5.36,7,3,4,2.544,7,5,0,9.512,4,7,0,0
1,6,4,3,0,0,4,0,2,2,5,6,4,2.446,0,1,7,5,1.679,0.067,0.0,5,2.122,2,2,0.864,4,6,2.097,3.65,5,1.142,3,1.246,1.0,2.76,0,6,1,-4.713,7,4,3,0.665,7,4,2,0
6,1,1,2,1,7,1,1,1,7,6,4,2,5.687,5,5,3,4,4.404,5.301,0.0,1,4.273,4,5,4.026,7,5,3.505,1.24,3,-1.857,2,4.72,2.0,5.44,3,0,0,4.78,4,7,6,4.059,3,6,6,0
1,1,4,1,0,7,2,3,6,2,6,1,4,0.704,7,3,1,3,0.287,1.065,0.0,1,-0.386,2,0,0.926,1,0,-0.734,5.26,6,-0.64,7,0.594,1.0,3.55,4,2,7,-3.35,7,7,3,1.891,5,4,6,0
6,5,6,5,0,1,2,6,1,1,0,3,0,2.4,0,7,4,6,0.054,-1.006,0.0,0,2.93,5,4,2.294,7,5,-0.424,2.69,3,0.673,2,0.366,2.0,0.25,3,4,2,0.539,7,6,7,1.838,3,0,4,0
6,4,7,2,0,4,4,5,1,7,7,1,0,4.563,0,5,2,3,0.175,2.741,0.0,5,0.25,7,6,1.257,1,7,1.329,3.4,2,1.352,7,0.61,0.0,3.76,4,5,0,4.239,1,1,1,1.187,2,5,2,0
5,7,1,4,0,3,2,4,4,4,5,1,0,1.227,6,2,6,6,0.985,1.789,0.0,3,0.707,2,5,-0.335,0,6,-0.037,1.58,6,0.84,3,0.561,0.0,2.96,6,6,7,-2.502,2,3,6,4.844,1,6,7,0
6,7,4,1,0,1,3,6,6,1,3,5,4,0.838,5,6,2,5,0.123,-2.106,0.0,0,-2.187,6,7,-0.406,3,5,0.562,1.77,3,1.674,6,0.565,1.0,5.71,6,6,5,-1.532,2,7,2,-1.052,2,7,5,0
6,2,4,1,1,1,1,5,7,2,3,1,6,5.325,2,5,3,5,3.914,3.942,749.37,3,4.944,0,6,1.92,1,0,3.869,4.77,7,2.456,3,4.625,2.0,5.62,5,4,5,4.371,6,0,7,3.771,6,7,7,1
3,5,3,4,0,2,2,3,3,2,1,6,4,2.852,7,4,5,7,1.065,2.738,585.51,3,1.124,4,6,-0.254,0,2,0.875,6.09,1,-0.002,3,1.801,0.0,4.9,3,2,1,0.255,4,4,4,1.69,2,2,2,1
2,0,5,2,0,0,3,4,7,1,1,5,4,3.953,2,3,2,3,1.967,0.598,0.0,6,1.642,2,7,-0.991,4,4,1.313,5.02,1,-0.212,3,2.249,1.0,3.95,1,6,1,2.456,4,4,5,4.853,6,4,2,0
4,6,5,6,0,0,7,6,0,3,4,3,3,-2.421,6,0,7,5,0.85,-1.277,0.0,5,2.125,5,2,5.461,3,2,0.921,3.11,6,-0.0,0,1.046,1.0,5.21,0,4,0,2.58,4,2,6,1.784,4,3,7,0
6,2,7,2,0,2,6,6,0,2,6,1,7,2.36,3,2,0,7,1.78,0.669,0.0,6,2.736,0,0,1.736,3,2,0.401,4.07,2,1.974,3,0.919,0.0,3.44,7,7,4,1.643,2,4,3,6.497,5,0,2,0
2,7,2,0,0,2,4,2,3,5,5,0,2,2.446,2,1,6,1,1.347,1.306,0.0,3,3.177,7,5,5.267,4,4,-0.679,4.25,6,-0.542,5,0.996,1.0,2.69,6,1,4,-1.55,3,5,4,3.257,3,4,2,0
7,5,4,2,1,2,7,6,1,3,3,2,5,2.731,7,6,5,4,3.801,0.797,0.0,0,3.29,2,6,1.511,2,4,1.874,4.49,3,-0.43,7,3.258,2.0,0.49,3,1,0,1.685,7,7,4,7.524,1,4,0,0
3,4,0,4,0,7,3,6,3,4,4,2,0,2.35,1,2,1,2,1.422,-2.146,0.0,4,2.725,3,3,2.35,1,6,0.572,2.99,5,-0.577,4,1.645,1.0,4.87,3,3,4,2.788,2,7,1,1.466,3,7,4,0
0,4,1,4,0,6,2,3,5,0,5,0,4,-0.908,1,7,6,1,0.142,1.711,0.0,7,1.168,6,5,0.142,4,3,0.321,3.44,7,0.09,7,-0.211,0.0,3.19,6,2,3,2.932,3,5,4,-0.435,4,5,0,0
1,5,5,3,0,6,2,0,1,0,1,1,1,-2.972,6,7,3,4,0.116,2.343,0.0,3,0.712,6,6,-0.349,4,1,1.071,1.42,7,0.581,4,-0.099,0.0,3.56,1,7,2,3.042,3,6,0,-2.753,7,3,5,0
7,3,5,2,0,4,4,1,4,7,7,5,7,0.571,5,5,1,6,0.814,3.128,0.0,2,0.322,0,5,1.958,2,3,-1.024,3.43,3,-0.893,7,1.268,1.0,4.05,7,1,3,2.917,2,7,6,2.03,5,6,3,0
7,3,4,3,1,5,6,7,7,4,0,0,6,1.055,2,2,3,4,3.195,2.601,272.59,1,2.356,4,6,5.732,0,1,2.455,5.6,7,1.801,1,1.906,2.0,9.25,4,4,5,4.644,2,7,7,-0.953,4,7,5,1
3,4,6,2,0,4,6,2,4,6,3,5,6,3.071,2,1,5,4,2.063,-0.765,0.0,0,3.268,5,5,1.295,6,1,3.405,0.68,7,0.423,5,2.164,0.0,2.47,1,1,1,5.395,1,5,2,-0.053,3,4,0,0
1,5,4,4,0,3,1,0,7,3,6,4,0,-1.041,5,3,4,1,-0.038,1.228,0.0,7,1.001,2,5,-0.845,3,6,1.729,4.85,5,0.893,3,0.041,1.0,6.17,3,2,3,-4.255,5,1,2,1.38,1,6,3,0
7,5,5,1,0,6,7,6,2,2,2,5,3,-0.545,4,0,7,7,0.322,3.15,0.0,3,-0.234,3,7,-4.705,5,1,0.992,2.51,4,2.105,0,0.658,0.0,2.96,0,5,4,-0.994,3,1,7,-2.657,2,6,5,0
0,5,5,0,0,4,2,7,6,1,4,6,4,-1.085,4,5,7,5,1.65,1.325,0.0,2,0.898,0,3,2.814,3,4,-0.087,1.3,5,0.97,3,0.816,1.0,6.4,6,4,1,3.113,6,1,4,3.885,0,0,5,0
4,3,7,4,0,1,7,2,5,2,7,6,4,0.735,1,3,4,2,0.765,0.047,0.0,5,0.572,6,1,3.648,1,4,0.61,3.67,1,0.299,3,1.857,1.0,4.73,4,6,1,1.548,7,5,7,-1.425,7,0,7,0
3,4,6,2,0,3,7,3,1,0,0,5,2,0.632,2,3,0,4,2.206,5.256,0.0,6,2.922,6,6,3.349,4,6,1.204,1.94,0,0.271,3,1.131,1.0,2.09,5,3,4,1.42,2,7,0,5.795,2,5,4,0
5,7,6,6,0,3,3,0,5,0,5,6,5,3.098,3,5,4,6,1.459,5.54,0.0,7,2.516,3,6,0.744,0,0,2.08,3.59,5,1.973,1,2.103,1.0,3.05,0,3,0,2.935,0,3,1,1.382,4,0,5,0
7,3,6,4,0,0,2,2,7,1,5,2,7,-2.102,4,2,6,5,0.7,1.97,0.0,2,2.197,7,3,6.014,3,4,3.32,3.66,3,-0.829,0,1.071,1.0,5.16,6,0,0,0.867,3,4,7,0.891,2,0,0,0
7,5,2,2,0,5,4,4,3,2,0,5,7,2.042,2,6,4,4,0.227,0.339,0.0,3,-0.315,6,0,2.102,6,2,2.118,2.08,1,0.048,7,-0.419,0.0,5.67,5,2,0,0.261,5,0,6,0.724,6,4,3,0
5,5,3,7,1,0,5,4,1,6,6,4,6,5.947,1,3,5,2,4.156,5.801,722.06,5,5.223,3,0,3.234,7,4,6.116,4.37,6,0.072,4,5.069,3.0,5.15,2,7,7,4.951,2,7,2,9.571,5,6,4,1
1,5,7,3,0,7,4,6,2,5,6,5,3,4.294,3,5,7,7,0.516,0.946,0.0,3,1.317,0,0,4.087,0,1,1.738,2.99,4,0.996,0,0.526,1.0,4.11,4,1,1,3.197,2,0,2,3.002,2,5,5,0
2,4,0,3,0,4,0,3,6,6,1,4,3,6.186,1,3,2,5,1.179,1.432,0.0,1,0.788,4,4,-0.591,2,2,-0.263,2.86,7,0.027,1,0.15,0.0,2.98,6,5,0,-0.343,1,1,1,-0.74,2,5,5,0
5,6,1,0,0,0,5,7,1,7,5,3,3,1.395,2,3,1,7,1.893,1.678,0.0,3,1.296,2,7,2.634,3,3,1.729,5.53,7,1.198,5,1.974,1.0,4.67,2,2,2,-2.437,6,7,3,0.644,4,7,3,0
1,2,6,7,0,5,3,4,3,5,6,2,0,-0.601,3,6,2,6,0.029,2.751,0.0,1,0.861,7,6,3.442,6,2,5.525,4.93,1,-0.545,0,1.379,0.0,7.42,7,0,3,-0.992,3,6,2,-0.59,5,6,4,0
0,4,6,0,0,3,1,4,4,4,1,0,7,2.281,1,5,6,6,0.345,0.81,0.0,1,1.309,5,7,2.571,0,4,1.153,5.4,7,-0.329,3,1.127,0.0,4.03,0,0,1,1.195,5,1,3,1.756,0,4,4,0
7,7,6,1,0,5,7,0,6,6,3,2,3,0.317,2,5,0,3,1.962,5.574,0.0,4,0.482,2,7,-2.035,7,0,2.593,4.21,0,-0.938,5,2.459,1.0,4.73,7,1,3,0.675,5,4,0,4.397,7,4,4,0
7,4,5,2,0,0,0,3,5,4,4,0,5,3.295,7,4,2,3,1.918,-1.444,0.0,0,1.645,2,6,1.451,6,2,0.768,1.88,1,-0.003,2,1.991,1.0,7.24,1,5,4,1.697,1,6,6,0.21,1,5,0,0
0,7,4,5,0,1,1,0,5,1,0,5,2,1.747,0,3,0,4,1.193,0.733,0.0,1,1.305,3,0,3.349,6,5,2.65,2.3,2,0.38,4,0.434,1.0,0.92,7,1,4,2.038,3,6,4,3.686,4,0,2,0
1,1,7,6,0,2,3,7,3,7,6,5,3,4.691,2,6,7,3,-0.206,-1.089,0.0,3,0.733,1,2,1.594,6,3,-0.762,4.69,6,-1.817,5,1.693,1.0,2.64,3,1,1,4.49,1,5,3,2.178,2,0,3,0
7,1,4,4,0,0,2,2,5,1,7,4,1,2.469,0,7,6,2,1.421,5.286,0.0,7,2.512,7,1,0.974,4,5,2.017,2.65,2,0.016,2,0.614,0.0,6.17,6,4,5,0.743,7,4,7,2.421,7,6,6,0
1,4,3,2,0,2,6,5,6,6,0,2,7,1.772,2,0,1,0,0.268,2.032,0.0,7,1.796,0,0,1.937,7,4,-0.293,4.82,4,-0.44,3,0.052,1.0,2.98,1,3,6,-2.041,6,6,5,-1.793,2,3,7,0
5,6,2,6,0,7,1,6,3,2,1,7,1,3.999,7,4,6,5,1.591,-0.0,0.0,1,0.362,0,1,0.777,0,4,1.149,3.1,1,-0.668,4,0.185,0.0,3.55,4,1,7,2.762,1,7,3,-5.134,0,7,4,0
4,3,2,6,1,4,6,6,6,6,0,1,4,6.141,4,3,1,0,4.73,5.791,145.22,1,2.015,7,3,5.676,7,7,3.279,5.32,6,-1.852,1,4.044,2.0,4.68,3,6,2,2.395,7,2,2,6.93,7,7,2,1
4,2,7,0,0,6,1,0,1,5,1,4,1,-0.609,7,0,5,0,1.343,0.499,0.0,1,0.829,5,6,0.61,1,2,2.085,3.94,6,0.361,1,0.91,1.0,1.74,7,0,7,-1.024,1,7,6,2.101,0,2,2,0
5,5,7,5,0,3,4,1,3,5,2,4,4,-1.565,1,7,2,7,0.885,0.769,0.0,6,1.383,7,1,1.452,2,0,1.204,5.63,7,0.23,0,0.973,0.0,3.88,5,4,2,-1.453,7,4,7,2.055,6,0,3,0
0,3,7,0,0,5,6,5,1,6,5,3,3,4.457,1,7,3,6,1.284,0.118,0.0,0,1.616,2,3,2.657,1,2,1.741,3.43,7,0.543,1,1.277,0.0,4.22,5,1,3,1.297,1,3,1,2.699,2,2,4,0
3,4,7,3,0,5,5,6,2,5,2,5,6,-1.534,6,5,3,3,1.743,3.465,0.0,2,1.754,3,7,1.559,5,3,5.344,1.39,1,-1.246,0,2.565,1.0,4.38,5,2,4,2.076,1,6,3,-0.274,5,5,5,0
5,2,1,0,1,7,4,1,2,4,2,2,3,4.033,5,6,4,3,4.327,1.725,0.0,6,5.321,4,1,4.552,6,2,4.129,2.82,5,0.182,2,2.908,2.0,3.25,7,3,2,4.652,5,5,0,6.256,3,7,5,0
5,4,5,5,0,6,7,1,7,3,0,3,0,0.384,2,1,6,3,2.472,2.425,0.0,6,2.846,6,3,2.904,4,1,0.315,0.75,3,-0.296,6,1.856,1.0,4.9,1,7,7,4.829,6,4,4,3.951,2,6,5,0
3,2,3,6,0,6,0,1,2,5,3,1,4,1.165,5,3,4,7,1.309,2.716,0.0,4,2.496,6,4,1.984,5,2,0.043,5.79,1,0.122,7,0.307,0.0,4.1,0,0,2,-0.089,6,1,6,3.053,6,3,6,0
5,4,2,2,1,3,4,3,6,3,5,4,0,6.162,6,5,4,0,4.116,7.195,171.44,2,3.576,3,7,5.083,7,4,3.748,2.09,3,0.357,6,5.777,3.0,8.89,4,4,6,3.28,3,0,7,3.388,3,7,7,1
4,1,7,4,0,1,3,6,2,7,4,5,5,1.782,6,3,4,2,0.361,0.336,0.0,7,-0.949,2,4,2.098,6,4,-0.248,1.81,3,-0.41,4,1.039,1.0,3.87,0,7,2,0.623,6,7,4,1.155,1,3,2,0
4,2,2,0,0,0,6,3,7,2,5,7,2,0.751,7,5,5,7,1.158,-0.022,0.0,4,0.715,7,3,0.209,6,7,-0.81,2.36,4,0.367,4,0.209,-0.0,3.03,1,5,4,-0.84,5,0,2,0.897,7,3,2,0
7,6,7,0,0,7,4,3,2,6,4,3,2,0.081,2,6,3,3,2.291,-0.801,427.66,6,3.238,7,6,1.04,4,1,3.759,2.69,5,2.339,0,1.965,1.0,6.17,5,0,3,-1.911,6,3,5,-3.778,1,1,7,1
0,3,3,1,1,1,6,3,6,4,3,5,5,4.47,7,0,6,2,3.291,1.237,0.0,0,4.493,4,6,3.271,2,2,5.127,4.9,4,-0.97,6,3.405,2.0,1.05,2,5,7,3.095,7,3,1,7.238,2,6,1,0
4,2,4,6,1,6,7,7,2,5,7,1,4,1.236,5,4,0,2,6.532,3.029,0.0,4,3.744,2,3,7.176,7,5,5.798,4.4,7,-0.111,6,6.159,3.0,8.33,2,7,0,9.122,3,1,0,7.887,7,6,6,1
1,5,5,0,1,6,6,7,3,3,1,6,3,4.826,6,2,3,4,3.093,3.425,0.0,0,2.896,3,4,2.035,2,1,5.457,3.15,5,-0.474,4,2.361,1.0,1.59,3,1,6,2.292,6,1,4,5.1,6,2,7,0
0,2,3,1,0,1,2,5,4,3,6,4,4,1.725,2,7,3,6,0.011,0.94,0.0,2,-0.11,1,1,4.093,0,2,1.973,4.65,0,-0.067,7,0.199,1.0,4.82,3,3,7,-0.355,7,0,3,-3.918,5,1,1,0
5,4,4,4,1,0,0,6,6,3,2,6,2,5.434,4,6,6,2,2.412,1.493,0.0,7,3.422,6,1,2.783,2,0,1.838,4.24,4,0.731,6,2.219,2.0,2.56,1,7,3,2.953,4,4,4,3.529,0,1,5,0
6,4,3,5,1,1,0,4,1,5,5,5,1,5.963,5,6,1,0,3.622,-2.277,0.0,7,2.926,1,4,3.566,1,5,4.247,3.52,5,-0.855,0,3.674,2.0,2.73,7,7,0,6.639,7,7,1,7.059,3,0,7,0
0,0,1,4,0,6,3,4,1,5,6,1,1,-0.239,7,7,1,0,0.041,-1.823,0.0,2,0.346,2,3,0.15,7,4,0.459,2.42,7,0.449,3,-0.577,0.0,5.88,4,7,1,0.602,6,1,5,-1.251,4,7,4,0
3,2,0,2,1,3,3,7,4,2,5,2,6,1.436,2,5,1,5,6.016,5.52,307.01,7,4.438,5,1,4.044,1,2,4.834,3.45,2,-0.016,4,5.667,3.0,4.94,5,2,5,3.247,2,4,7,3.901,6,3,5,1
7,2,4,3,0,5,1,6,4,0,4,4,6,2.253,2,6,0,0,0.791,-1.021,0.0,6,2.584,0,0,2.264,5,1,-0.549,2.77,3,0.497,2,0.259,0.0,1.78,1,0,7,-0.18,4,5,3,2.487,3,6,0,0
2,6,0,7,0,7,7,2,2,6,2,2,7,2.342,1,0,1,6,2.387,1.596,0.0,7,2.855,7,3,0.673,5,6,3.271,4.9,1,-0.741,4,1.513,1.0,2.41,6,4,0,3.073,2,7,2,4.444,6,4,7,0
7,7,1,6,1,0,2,6,4,6,7,6,2,3.98,5,6,6,4,3.821,5.046,222.37,2,3.728,2,3,5.442,7,1,5.799,1.98,5,0.478,1,3.991,3.0,7.79,4,0,6,1.169,3,5,3,5.384,6,6,4,1
7,7,5,1,0,1,2,0,3,3,3,4,5,-0.074,0,4,6,2,0.529,-0.669,0.0,3,0.293,3,7,3.384,2,6,-0.093,2.88,0,-1.383,1,0.403,-0.0,5.33,1,7,2,0.072,2,1,1,-2.073,7,2,0,0
3,2,0,1,0,7,1,2,1,6,1,7,3,1.289,3,4,6,7,0.588,-2.666,0.0,6,0.102,7,2,0.467,3,3,0.639,2.52,4,1.225,1,0.015,0.0,2.94,6,2,0,-2.949,6,0,0,0.983,0,6,3,0
0,7,3,3,0,3,4,5,4,6,7,3,4,0.719,7,5,6,2,2.05,-1.736,0.0,5,3.086,3,2,1.032,7,3,4.234,5.18,0,-0.679,0,1.535,2.0,5.4,1,0,6,3.164,3,2,2,1.887,6,6,5,0
1,2,2,7,1,3,5,0,6,3,6,1,4,5.896,2,2,0,4,2.59,1.565,0.0,7,3.941,4,0,3.645,4,0,5.049,3.5,6,-0.891,4,2.974,2.0,3.22,0,5,0,5.466,4,7,7,3.679,6,0,2,0
7,7,6,2,0,6,6,5,1,4,1,4,5,-1.699,2,0,5,2,0.88,1.429,0.0,2,1.062,2,6,-0.573,3,4,-1.24,2.89,4,-0.892,4,0.263,0.0,4.38,7,0,6,-0.459,2,4,6,0.758,4,3,7,0
4,6,7,0,0,4,4,1,6,2,1,4,7,3.363,7,3,1,2,1.118,4.491,0.0,4,-1.117,7,2,-0.235,6,1,-0.118,5.55,4,-0.036,4,-0.255,-0.0,3.69,7,1,4,2.357,4,7,4,-1.81,1,3,1,0
7,1,1,7,0,0,1,1,2,6,5,5,3,-1.326,5,4,7,1,0.186,3.24,0.0,5,0.843,0,4,1.099,7,1,1.309,3.5,0,0.116,1,0.611,1.0,3.62,2,1,3,1.26,7,5,6,0.269,4,6,5,0
6,5,4,3,0,1,3,0,5,7,6,7,1,2.679,0,5,1,3,1.007,1.122,0.0,3,-0.302,5,7,-0.508,4,2,0.012,1.6,0,1.485,6,1.127,-0.0,3.64,3,1,4,-1.523,3,4,7,-1.634,5,5,0,0
5,2,4,6,0,6,4,6,6,0,6,2,3,1.65,0,2,6,5,1.364,0.961,0.0,7,1.574,2,2,0.744,5,1,1.019,2.63,0,-1.322,3,1.55,1.0,5.74,5,3,6,0.137,2,0,1,1.235,7,7,2,0
3,3,0,5,1,2,7,1,2,0,5,0,6,3.197,3,1,6,6,3.405,1.567,0.0,1,4.486,0,5,5.296,2,5,2.726,3.94,6,0.34,7,2.075,2.0,4.57,2,4,2,5.267,5,1,5,1.094,7,1,0,0
7,2,3,7,0,4,7,4,6,4,0,2,4,0.219,2,4,2,3,1.384,2.792,0.0,7,1.212,5,2,0.82,3,6,1.137,4.17,7,-0.705,7,1.375,0.0,3.49,7,0,5,4.14,2,0,1,-3.672,5,0,2,0
3,6,0,6,0,4,3,4,7,6,3,6,2,-0.701,2,4,6,0,0.654,2.303,0.0,2,0.618,6,0,2.091,4,7,1.557,2.83,4,-0.483,0,0.842,1.0,3.5,6,2,2,0.292,2,5,2,-3.039,6,6,7,0
4,2,6,0,1,4,4,5,0,1,7,3,5,-1.18,5,7,0,0,2.162,7.617,0.0,0,2.919,5,3,1.766,2,5,3.635,5.7,2,-0.363,7,3.097,2.0,3.37,4,2,6,4.685,3,6,4,2.962,1,1,0,0
2,2,2,3,0,1,0,1,7,0,1,6,5,0.067,1,5,1,7,0.879,-2.28,0.0,4,0.309,5,1,0.517,7,3,-0.973,1.98,2,0.507,3,1.183,1.0,0.73,3,2,2,6.674,1,5,4,-1.878,2,2,0,0
3,4,0,1,0,2,4,4,6,1,3,4,1,-0.098,1,3,0,3,0.418,-0.231,0.0,0,1.505,2,2,-0.906,2,6,0.205,2.72,4,0.457,0,-0.265,0.0,3.4,2,6,3,0.506,1,2,5,2.533,1,2,5,0
5,2,1,5,0,2,3,5,4,0,7,5,7,1.339,6,3,0,4,0.814,-0.485,0.0,4,-1.4,3,7,2.595,2,5,2.341,1.51,5,-0.229,3,0.829,1.0,0.99,5,7,4,-3.656,0,0,0,1.034,7,3,4,0
6,1,5,0,0,5,0,3,4,5,2,2,1,2.061,7,0,3,2,1.217,2.761,0.0,0,3.884,0,4,2.836,2,7,0.851,3.47,0,-0.162,3,0.033,0.0,1.81,1,1,0,-0.512,1,4,0,2.033,5,0,3,0
0,6,5,7,1,4,5,0,7,3,1,2,1,3.506,2,1,4,5,5.232,5.882,817.68,2,6.141,1,5,4.787,7,3,5.497,3.89,5,0.199,7,5.597,2.0,6.45,2,2,3,3.858,6,3,5,5.531,6,5,0,1
7,5,7,7,0,5,2,4,4,0,6,3,1,2.29,3,1,7,4,1.418,2.023,0.0,0,4.839,3,6,0.68,5,1,-0.423,5.5,5,0.96,3,0.335,-0.0,4.77,5,2,0,4.533,7,2,4,0.509,1,5,1,0
6,4,4,7,0,6,5,1,4,2,1,4,4,-0.16,0,1,1,7,0.923,2.076,0.0,6,2.218,2,7,0.436,2,1,1.317,3.5,2,1.714,6,0.946,1.0,6.22,1,5,2,0.994,2,2,7,2.689,6,6,7,0
6,1,7,6,1,4,5,7,1,2,6,1,6,2.123,6,7,1,5,3.401,5.798,0.0,5,0.947,7,6,6.579,5,1,2.204,2.47,4,1.405,0,4.013,2.0,6.22,2,5,4,5.162,2,0,3,1.021,2,3,1,1
3,7,0,0,0,3,1,0,1,0,0,5,3,1.106,1,5,7,0,1.121,0.25,0.0,7,0.006,4,6,-1.866,2,5,2.016,3.44,2,-0.407,7,1.048,-0.0,3.68,4,6,1,-0.736,1,4,5,-3.374,3,6,2,0
2,4,1,0,0,5,3,2,7,7,7,0,3,-2.008,6,5,6,1,1.386,-0.423,0.0,5,2.294,3,0,1.648,6,1,-0.532,2.96,0,-0.053,7,0.14,0.0,3.8,3,6,6,-0.843,2,2,0,-1.147,0,2,1,0
6,4,0,1,0,3,4,7,5,5,6,1,5,-2.473,3,6,6,0,0.051,0.998,0.0,7,-0.178,4,3,0.957,3,1,0.167,2.02,0,-1.295,7,1.35,-0.0,6.07,4,0,7,-1.68,5,0,5,0.915,4,1,5,0
4,2,5,4,0,1,1,3,6,0,3,4,4,2.479,4,7,3,7,0.904,-1.942,0.0,3,0.523,6,5,1.411,1,1,0.944,4.07,4,0.19,2,0.738,1.0,5.83,7,5,3,3.883,1,5,2,-3.34,2,7,3,0
2,1,3,3,1,6,4,4,0,2,0,5,4,2.625,6,2,7,1,3.215,4.333,198.74,4,4.74,0,3,3.056,0,1,2.811,3.31,5,-1.589,5,2.93,2.0,7.27,5,4,0,3.83,2,6,6,6.549,4,7,4,1
6,3,3,5,1,6,2,5,3,4,0,5,1,4.057,3,2,7,0,2.375,3.237,0.0,3,1.326,0,0,4.35,6,7,0.306,2.55,1,-0.178,6,3.342,1.0,5.13,7,5,0,2.545,2,3,0,4.108,4,5,6,0
0,6,5,0,0,1,2,2,1,1,2,6,0,-2.818,0,1,7,4,1.073,3.457,0.0,6,1.034,5,3,2.712,1,0,-2.078,-0.51,5,-0.412,4,1.342,1.0,4.09,6,7,6,5.23,7,2,5,0.43,1,3,5,0
1,6,0,0,1,6,2,3,2,7,4,3,6,-3.856,0,3,3,1,2.228,-0.701,0.0,7,3.32,5,3,2.24,2,0,4.142,-0.46,1,-0.132,1,2.645,1.0,1.8,5,5,6,6.821,1,2,0,2.18,7,5,2,0
1,3,0,5,0,0,1,6,1,0,5,2,4,2.275,7,7,1,6,1.853,2.543,0.0,1,2.789,6,2,-1.704,6,5,1.766,5.75,3,-0.703,0,1.516,1.0,3.37,1,4,6,1.838,0,6,0,1.153,0,4,3,0
2,0,4,5,0,1,6,7,2,1,5,0,0,0.739,6,1,5,6,0.471,0.424,0.0,5,4.121,2,2,4.353,0,3,1.528,5.57,2,-0.037,7,0.061,1.0,7.53,7,6,1,3.789,0,5,5,1.406,2,2,1,1
7,6,0,2,0,5,4,1,5,2,3,0,4,-2.657,2,2,1,3,0.308,0.738,0.0,6,0.711,5,5,1.478,2,4,-1.118,1.37,6,0.109,5,1.697,1.0,2.05,7,5,2,-0.824,3,6,3,-0.283,4,0,2,0
3,6,2,1,0,3,1,6,6,5,0,3,5,3.803,7,4,3,1,0.29,-2.813,0.0,5,2.186,4,5,2.756,2,4,-1.713,1.58,2,2.184,2,0.22,0.0,0.57,7,3,7,0.903,1,4,0,2.457,5,0,4,0
0,2,7,1,0,1,2,6,4,7,0,5,0,-1.077,2,7,5,1,0.426,4.896,0.0,0,1.825,0,6,-1.095,5,7,-1.074,3.93,4,-0.48,2,0.143,1.0,5.24,0,2,5,1.624,7,0,7,0.644,1,3,5,0
6,7,0,4,1,5,2,3,4,1,5,5,1,2.088,6,1,6,4,2.617,0.461,0.0,2,3.295,5,1,0.36,3,2,2.593,4.88,6,-0.308,2,3.455,2.0,8.32,4,5,3,-1.479,1,7,3,2.451,0,6,7,1
4,7,3,2,0,6,5,2,3,7,0,0,6,3.572,2,6,4,7,1.227,1.017,0.0,1,2.819,5,6,-1.746,7,1,-0.27,4.76,6,1.21,6,1.737,0.0,3.95,1,6,1,0.809,1,1,1,-1.546,3,2,0,0
4,2,0,1,0,6,2,6,4,2,4,7,3,3.102,5,0,3,6,1.806,8.15,0.0,3,0.894,4,6,-3.103,6,6,1.864,1.52,1,1.301,3,1.368,0.0,4.18,5,0,0,6.158,7,7,2,3.459,0,4,2,0
5,1,1,3,1,2,3,3,3,5,2,5,3,0.538,1,3,5,6,3.466,2.444,0.0,0,3.868,4,1,3.98,4,5,3.481,2.9,5,-0.685,5,3.311,2.0,5.09,1,0,2,3.917,2,2,4,4.104,2,7,3,0
0,4,4,4,0,3,5,7,1,0,0,4,5,-1.094,2,5,0,6,0.776,4.927,0.0,0,2.256,6,7,-0.796,4,6,1.48,2.77,0,-0.08,0,0.445,1.0,3.48,2,1,5,4.142,7,2,2,-1.46,3,4,6,0
4,1,5,3,0,4,6,7,5,0,3,3,4,3.304,1,5,6,1,1.347,0.328,0.0,6,0.27,3,3,-0.523,3,2,1.12,1.8,4,-1.853,1,1.617,1.0,4.41,3,2,0,-1.435,2,1,3,-3.418,2,4,6,0
5,7,0,1,0,2,4,0,3,7,3,7,5,-1.616,5,4,5,3,0.69,-1.903,0.0,5,1.532,1,5,-1.27,6,3,1.319,3.57,0,0.268,4,-0.328,2.0,-1.3,0,6,7,0.754,7,5,6,1.988,7,5,5,0
7,4,4,6,0,2,2,7,6,3,5,2,2,2.914,4,6,4,1,2.233,-2.473,0.0,0,3.65,7,3,5.658,3,7,-0.348,3.94,3,0.914,4,2.099,2.0,2.61,5,0,4,0.354,4,7,5,3.046,3,2,3,0
5,7,3,7,0,1,4,3,1,3,0,4,1,-1.058,7,4,7,5,0.056,0.018,0.0,5,2.365,0,7,5.377,1,2,1.45,5.26,4,0.7,4,1.477,1.0,5.71,0,4,4,1.041,4,6,4,4.632,3,7,2,0
3,2,6,5,0,0,0,0,3,2,3,4,3,3.31,5,7,1,4,1.319,4.795,0.0,0,3.251,5,2,-0.364,0,0,2.422,4.24,6,0.478,4,1.863,0.0,2.64,3,3,4,0.913,3,2,6,0.198,1,3,6,0
6,2,0,4,1,3,6,4,4,7,0,2,6,1.399,2,1,3,5,2.786,0.82,0.0,0,2.461,1,1,-0.726,3,6,2.269,1.09,4,-0.201,4,2.849,1.0,2.94,3,4,5,2.423,3,4,7,2.446,0,4,4,0
6,3,4,0,0,1,3,1,4,0,5,4,6,1.605,1,3,4,2,1.476,1.893,0.0,1,2.714,3,7,0.213,5,7,1.202,2.27,5,0.705,6,1.791,0.0,3.33,0,5,7,-1.895,2,2,7,-0.946,7,7,2,0
4,7,5,7,0,4,6,4,1,2,0,0,1,-2.232,4,7,2,2,0.915,4.666,0.0,6,-1.361,0,3,-1.758,7,1,0.721,3.85,1,-0.927,4,0.932,1.0,3.32,0,6,4,-2.588,7,7,6,4.623,0,4,0,0
2,4,2,5,0,1,4,4,7,7,7,4,7,-1.131,3,2,3,3,0.864,0.444,0.0,1,2.111,2,0,3.15,6,1,0.067,2.9,0,0.719,3,0.436,0.0,4.61,4,7,7,5.035,4,2,1,-0.489,5,4,5,0
4,4,2,5,0,1,5,7,0,7,0,1,6,-0.5,3,3,2,2,0.668,0.736,0.0,4,1.137,5,3,-0.022,2,4,0.007,4.82,5,0.436,6,0.672,1.0,8.1,1,1,6,-3.928,5,1,7,3.967,1,7,7,1
0,3,3,4,1,5,0,7,1,2,6,6,3,2.901,5,6,7,6,3.342,1.101,0.0,7,3.256,0,2,4.034,0,7,2.503,0.12,4,0.576,5,2.754,2.0,2.97,4,1,6,3.426,1,6,2,2.893,3,1,3,0
7,4,3,5,0,1,0,6,1,2,0,1,6,1.946,3,1,0,6,1.096,5.749,0.0,6,1.059,3,7,2.004,4,1,1.75,2.74,2,-2.162,0,1.56,1.0,3.47,0,7,7,-1.832,4,1,5,1.851,6,0,6,0
1,4,0,4,0,5,1,6,6,4,0,3,2,2.111,7,3,7,7,-0.22,-0.675,0.0,0,0.356,1,4,3.066,5,2,0.745,2.56,0,0.244,7,0.884,0.0,4.2,1,2,4,3.196,4,6,1,4.2,6,7,1,0
6,6,3,3,0,3,2,1,6,4,3,5,1,-0.887,2,5,5,3,0.918,0.924,0.0,0,-1.536,5,5,-1.785,2,3,1.828,4.49,6,1.585,4,-0.049,-0.0,5.91,3,2,3,-2.169,2,0,2,0.897,7,2,7,0
3,7,5,3,1,4,0,5,2,5,5,3,4,3.921,6,6,6,5,5.353,6.858,0.0,4,6.312,5,1,3.961,2,1,5.519,3.57,7,0.16,3,5.776,2.0,3.94,2,7,5,5.343,4,2,0,4.946,7,0,5,0
5,0,7,0,0,4,6,6,3,3,7,4,3,2.268,3,0,4,6,2.351,2.771,0.0,6,0.764,7,5,-0.371,0,2,2.352,0.66,0,0.505,4,2.835,1.0,5.66,7,7,0,1.687,4,4,6,-1.163,6,4,3,0
2,7,4,0,0,3,4,0,7,2,2,6,6,4.948,7,3,7,7,1.043,2.166,0.0,3,0.362,0,7,0.236,1,6,1.897,1.69,1,-1.131,7,1.101,1.0,7.17,1,1,0,3.561,0,3,1,2.301,0,2,3,0
6,0,3,2,0,4,6,6,4,5,0,0,0,-1.397,2,5,2,5,1.924,2.76,0.0,0,1.847,0,7,4.402,0,6,1.988,1.23,5,0.565,2,1.578,1.0,0.91,2,3,6,3.019,4,5,0,-1.771,4,0,0,0
6,4,7,2,1,0,7,0,4,6,1,4,7,5.229,2,7,3,7,2.479,6.505,0.0,3,2.208,2,2,1.231,2,4,1.316,2.98,2,1.392,1,3.203,2.0,3.37,1,0,1,-0.455,2,7,5,0.931,1,4,6,0
3,4,7,4,0,2,1,2,0,4,4,7,3,1.419,2,3,6,0,0.352,2.332,0.0,7,-1.278,1,4,4.493,2,2,2.126,4.34,7,1.259,4,0.035,2.0,2.17,7,6,0,0.763,7,6,5,-1.32,2,4,1,0
7,2,0,4,0,0,0,1,3,1,4,7,2,-0.777,2,5,6,6,0.593,0.058,0.0,2,-0.082,6,0,-1.416,1,1,0.907,2.94,7,0.18,1,0.929,1.0,3.72,0,0,6,1.749,1,3,4,4.153,3,5,3,0
6,4,2,0,0,4,6,3,0,6,5,5,4,3.072,2,4,5,2,2.042,1.056,0.0,3,1.934,2,5,2.5,4,7,1.835,4.61,6,-1.239,4,2.007,1.0,6.8,7,0,6,1.802,7,6,1,-2.326,6,1,6,1
6,1,7,0,1,3,1,5,6,2,1,7,6,7.932,6,5,0,1,2.043,0.804,0.0,3,2.912,0,5,4.507,5,5,2.846,1.57,5,1.167,1,2.219,1.0,4.88,6,1,3,2.281,7,4,4,-0.269,5,0,1,0
2,0,7,6,0,1,4,5,5,2,7,6,4,1.13,2,5,1,3,-0.197,0.068,0.0,4,1.485,1,2,-1.11,4,1,-0.233,6.76,4,1.637,3,0.998,0.0,4.71,1,6,3,1.07,5,4,0,0.112,0,5,0,0
3,7,0,2,1,0,7,4,5,1,1,1,0,4.052,2,4,4,5,3.506,3.732,0.0,1,2.834,0,5,6.409,2,2,3.18,4.2,6,-0.526,2,3.733,2.0,3.86,5,4,6,4.997,3,4,6,2.226,1,0,4,0
3,5,7,1,1,2,3,5,7,0,6,7,5,2.791,2,4,5,0,3.966,3.531,0.0,7,2.854,6,3,5.595,1,0,2.706,4.77,6,0.488,3,3.332,2.0,4.04,5,4,7,6.08,6,4,0,6.5,4,7,5,0
6,2,6,3,0,5,5,3,1,1,4,7,0,-5.066,5,2,4,0,0.06,-0.431,0.0,5,-0.842,6,0,2.756,5,5,0.608,1.18,5,-0.274,2,0.01,-0.0,5.99,2,5,0,-3.648,0,4,6,-0.31,6,0,7,1
3,2,1,2,1,6,7,2,1,6,1,4,4,2.044,3,3,7,3,2.849,5.943,0.0,5,3.694,6,6,1.244,4,4,-0.05,2.32,1,-2.576,3,3.467,1.0,3.21,0,3,2,-2.462,3,2,2,3.191,4,1,0,0
1,5,0,7,0,7,0,4,0,2,6,7,5,-2.269,3,3,7,3,0.835,-0.474,0.0,2,-0.428,4,7,1.19,2,2,1.785,1.28,3,-0.277,4,1.265,1.0,6.71,6,0,4,-1.06,1,7,1,-2.03,3,1,4,0
4,7,7,6,1,4,5,1,1,0,0,1,1,1.034,6,0,0,7,3.129,2.158,534.97,0,3.185,1,1,3.413,7,1,2.882,2.97,2,1.183,4,2.886,3.0,7.9,5,3,7,1.296,6,2,5,3.441,1,4,7,1
6,1,6,1,0,6,2,7,7,7,4,7,1,5.801,3,3,4,1,0.469,3.101,0.0,7,1.445,3,0,2.53,4,2,2.147,2.95,4,-0.747,1,1.177,0.0,3.24,6,2,1,-0.271,6,1,5,-0.346,6,4,6,0
4,4,2,1,0,3,1,1,0,1,5,5,5,-1.437,7,5,4,5,0.57,0.029,0.0,2,2.283,5,0,-0.32,3,7,0.896,2.86,3,1.829,4,1.212,-0.0,3.48,7,5,1,4.055,2,5,6,-2.346,4,7,5,0
1,5,1,3,1,7,5,4,3,4,6,6,3,2.998,1,5,7,7,3.006,1.453,0.0,2,2.911,5,7,1.195,2,7,3.666,2.13,7,-0.134,3,3.869,1.0,4.08,4,4,0,3.429,2,4,2,4.178,4,6,2,0
6,6,7,2,0,3,1,0,5,2,0,7,7,3.435,7,7,0,4,1.264,0.835,0.0,5,0.279,2,4,1.152,6,4,2.61,2.43,3,-0.09,1,1.639,0.0,3.7,6,4,7,2.136,5,2,6,-1.805,2,2,4,0
2,1,2,6,1,7,5,1,3,5,7,0,1,2.278,7,5,6,4,2.499,7.824,0.0,5,2.578,1,0,3.664,2,2,2.016,1.45,7,-0.305,0,3.288,2.0,5.11,0,5,0,4.939,4,6,0,1.532,7,6,6,0
2,2,1,4,0,2,1,2,7,7,7,4,3,3.337,3,7,4,0,0.743,-3.895,0.0,1,-0.182,7,7,-0.107,1,3,1.748,3.23,5,0.476,5,0.587,1.0,3.45,5,3,3,1.725,7,2,5,1.482,5,2,3,0
0,2,6,0,0,5,5,2,4,1,2,3,0,0.694,0,7,5,5,0.659,0.878,0.0,5,-0.497,2,7,3.479,0,3,2.193,2.61,5,-0.51,0,0.21,0.0,8.04,6,3,4,-2.426,4,7,1,3.369,3,1,7,0
3,7,4,3,0,1,4,4,6,2,3,0,0,-2.428,6,3,6,6,1.705,3.946,0.0,5,0.103,2,4,0.669,2,3,1.408,2.28,6,0.366,2,1.393,1.0,2.3,6,2,5,-1.344,4,5,3,-1.622,2,5,5,0
7,7,0,3,0,7,1,4,4,6,7,4,4,-0.667,7,7,1,4,1.22,1.815,0.0,2,1.481,2,7,-1.179,5,5,3.374,4.76,4,-0.087,6,1.493,1.0,4.28,0,5,2,1.459,1,3,5,0.891,7,2,4,0
2,1,0,5,0,1,1,0,0,5,5,0,3,4.27,4,6,2,3,1.36,0.406,0.0,0,2.837,3,5,6.929,0,1,1.528,3.03,4,1.09,0,1.877,1.0,4.15,4,3,0,1.483,6,2,4,-2.825,1,6,4,0
3,4,0,1,1,6,2,0,2,4,0,0,4,1.304,7,3,2,3,0.784,1.396,0.0,6,1.754,1,7,0.705,2,6,0.364,2.96,0,-0.253,2,0.714,0.0,3.37,7,1,6,-1.678,6,0,2,1.693,1,4,0,0
5,1,4,2,1,4,7,0,7,4,1,1,7,3.264,4,0,7,0,1.692,-2.876,0.0,5,1.827,5,4,4.84,3,3,2.446,4.64,4,-1.175,4,2.525,2.0,4.63,6,4,3,3.34,6,0,1,-0.178,5,4,6,0
1,3,4,6,0,6,3,0,6,1,6,4,7,3.253,3,5,1,0,3.079,-2.797,0.0,3,3.837,3,1,1.239,6,2,2.612,4.88,4,1.138,5,2.592,2.0,2.4,1,4,0,3.101,6,4,2,3.064,6,6,5,0
2,0,6,7,1,3,7,7,0,4,7,4,0,7.876,6,6,6,4,6.244,-0.708,435.93,3,5.129,7,0,9.08,4,5,5.123,3.74,1,0.21,5,6.527,4.0,7.49,1,3,0,3.979,2,7,1,6.455,7,6,3,1
7,0,4,1,1,2,0,5,2,3,3,1,6,4.146,1,1,2,3,3.747,3.127,0.0,4,4.621,6,6,4.41,2,1,3.384,3.59,5,0.323,6,4.116,2.0,4.95,2,5,5,6.386,4,2,4,4.796,2,2,7,0
7,4,4,0,0,5,2,4,3,5,7,2,5,2.051,7,7,0,7,1.478,2.629,0.0,3,0.786,7,5,1.123,1,5,0.401,4.07,1,0.419,3,2.198,0.0,3.95,5,2,2,0.472,0,5,1,1.383,0,7,0,0
5,5,2,7,1,1,6,6,5,3,0,0,6,1.272,0,6,3,3,2.458,7.717,0.0,4,2.357,4,4,1.254,5,2,1.014,2.4,5,1.421,3,3.177,1.0,3.4,6,3,6,4.646,3,2,6,2.751,3,3,6,0
0,4,3,3,1,4,4,7,3,7,2,1,7,1.658,7,6,1,7,3.821,0.831,0.0,6,4.411,4,4,5.681,5,7,4.371,4.17,3,0.796,5,4.225,2.0,3.28,0,0,6,3.36,4,7,0,5.436,4,3,6,0
4,5,3,0,0,3,7,1,4,7,2,1,3,3.341,2,7,5,1,2.171,1.651,0.0,6,2.933,1,6,2.904,6,1,1.459,3.13,1,0.697,0,1.77,1.0,1.94,0,2,5,3.93,1,7,3,3.287,0,1,7,0
4,6,2,2,0,2,7,3,7,6,0,4,3,-2.212,2,5,7,4,0.446,2.421,0.0,5,-0.941,2,1,-2.138,4,2,-0.853,3.5,1,1.916,2,-0.059,1.0,3.31,6,5,0,2.417,2,1,0,3.807,1,4,3,0
3,2,1,0,0,7,1,2,5,3,6,1,6,5.196,1,4,4,3,2.53,3.117,0.0,0,3.409,5,0,0.645,6,3,2.211,2.63,3,0.162,6,1.655,0.0,4.03,4,0,6,2.991,6,2,1,-0.756,0,0,3,0
4,3,4,4,0,1,3,5,2,5,4,0,2,0.596,5,7,0,7,0.429,1.307,0.0,3,1.807,5,4,1.882,4,1,1.378,4.94,6,-0.884,0,0.989,0.0,4.75,2,3,6,-0.572,4,7,6,2.04,3,7,6,0
0,3,2,2,0,4,3,1,4,3,7,3,0,0.48,1,1,2,4,1.173,5.828,0.0,3,0.085,7,6,2.049,0,3,2.463,3.49,4,-0.83,5,0.261,1.0,3.69,6,3,4,0.302,0,7,4,3.223,5,7,3,0
0,5,6,5,0,1,3,7,7,1,5,7,2,1.039,2,4,1,1,0.519,0.821,0.0,5,1.267,6,3,2.737,1,0,3.492,5.21,4,-0.337,3,0.087,1.0,3.65,2,3,1,0.48,3,6,6,2.553,1,2,5,0
0,3,7,1,0,6,7,0,0,1,6,5,0,1.514,6,4,2,4,1.914,3.443,186.43,7,2.067,4,2,2.154,5,4,0.952,4.42,7,-0.323,5,1.962,1.0,7.26,2,6,6,1.357,4,0,0,2.659,7,1,3,1
2,7,3,4,0,5,5,6,7,2,3,0,1,-4.457,0,4,6,7,1.685,1.903,0.0,3,1.187,1,2,3.038,5,0,2.581,2.67,6,0.538,2,1.735,1.0,5.14,2,4,6,-0.513,2,0,0,1.669,6,1,5,0
5,0,5,7,0,5,1,5,1,3,2,6,3,-4.392,5,3,4,0,1.05,1.549,0.0,0,1.308,3,7,-0.576,2,5,3.228,2.96,1,-0.578,5,1.189,1.0,2.64,2,1,3,1.558,3,7,2,0.497,2,6,4,0
3,0,2,3,1,3,7,7,5,6,1,3,6,0.053,6,0,4,0,2.338,3.347,0.0,6,4.005,5,0,5.044,2,1,1.256,2.82,6,0.204,2,1.565,1.0,6.12,5,5,7,2.1,6,3,0,3.207,4,2,7,0
2,5,7,4,1,3,0,3,3,3,7,7,7,1.692,2,5,7,5,5.15,3.186,0.0,1,3.891,4,3,2.576,4,7,5.51,5.31,6,1.494,3,4.493,2.0,8.69,7,2,6,9.779,3,1,0,5.047,7,1,1,1
6,5,5,4,0,4,1,4,1,1,2,6,2,0.465,7,7,7,4,0.803,0.495,0.0,3,1.835,2,1,2.198,6,4,1.053,2.69,2,-0.529,2,0.233,0.0,2.39,5,6,0,1.204,6,7,0,3.99,5,7,1,0
7,0,4,1,0,4,2,0,3,6,5,2,3,-2.078,3,4,2,2,0.938,0.829,0.0,6,2.44,4,4,-0.898,3,4,-1.793,3.22,0,0.806,1,1.23,-0.0,3.39,1,3,0,-1.905,1,2,7,-0.106,1,7,1,0
3,2,7,5,0,5,2,2,3,5,4,2,0,-1.152,1,0,2,3,1.456,1.203,839.3,4,2.606,5,0,1.091,3,2,3.76,3.8,3,0.523,7,1.505,0.0,7.11,6,6,5,-2.113,1,2,3,-0.63,7,0,4,1
7,3,5,3,0,4,4,7,6,0,0,7,4,-1.798,7,4,5,0,1.053,1.417,0.0,7,-0.169,5,0,2.615,2,0,0.06,4.79,4,1.621,0,0.746,0.0,5.51,1,1,6,1.844,6,2,2,-0.741,6,3,3,0
4,6,2,0,0,4,1,0,3,4,6,0,4,3.01,2,1,4,2,1.163,1.2,0.0,7,0.567,0,1,0.409,7,4,1.586,1.71,2,-1.985,0,1.298,1.0,2.65,5,0,1,0.372,2,0,2,5.385,5,3,4,0
1,6,1,3,0,3,1,1,1,1,5,6,1,1.712,6,0,7,3,0.824,-3.449,0.0,2,0.174,5,4,-1.541,2,2,1.901,1.54,6,-0.066,4,0.951,1.0,2.6,6,7,4,-1.101,4,0,4,1.515,2,6,0,0
0,7,5,2,0,2,2,6,2,3,0,3,5,2.699,7,6,1,2,0.997,2.019,0.0,1,-0.978,4,6,-0.446,2,2,0.636,3.03,5,-0.088,0,1.278,0.0,3.18,6,0,6,1.793,5,0,0,0.102,5,7,1,0
4,7,1,3,1,0,4,4,7,4,2,6,1,3.52,5,1,1,6,2.921,3.781,0.0,2,4.049,2,2,4.279,7,0,4.66,4.65,6,-0.169,1,3.024,1.0,5.29,4,5,7,1.085,7,2,6,1.096,0,2,6,0
5,7,6,4,1,0,5,7,6,4,7,4,4,7.442,6,2,1,2,5.478,5.871,0.0,1,4.638,6,1,3.087,7,1,4.308,3.7,5,1.854,6,5.744,2.0,4.01,0,1,5,6.054,1,2,2,6.914,7,2,2,0
2,5,6,5,0,4,6,2,4,6,6,2,5,2.436,0,7,1,7,0.83,-1.756,0.0,5,0.322,6,1,2.121,3,6,0.709,4.03,4,-0.077,2,1.044,1.0,2.9,3,4,6,-1.129,6,5,2,2.375,0,5,3,0
6,6,4,0,0,2,4,1,5,0,5,5,6,0.126,3,2,3,7,-0.215,-1.436,0.0,6,0.81,3,7,-2.055,5,0,0.11,4.12,3,-0.743,3,-0.981,0.0,4.98,4,5,0,1.435,7,6,0,-2.521,7,1,0,0
1,0,5,7,0,6,1,2,2,1,0,2,4,0.715,6,0,1,3,1.623,0.058,0.0,6,0.921,7,1,1.23,2,0,1.333,4.72,2,0.404,1,1.217,1.0,4.56,1,4,3,5.676,7,1,1,3.461,6,3,5,0
7,5,7,1,0,0,4,1,0,7,6,4,3,3.312,2,7,4,1,0.244,1.846,0.0,6,-0.756,1,2,-0.086,7,1,-0.368,2.59,5,0.339,6,-1.081,0.0,6.86,5,1,3,1.104,0,7,2,-3.31,2,0,1,1
1,1,1,3,0,1,0,1,7,7,3,4,0,1.598,3,4,4,0,1.677,-0.698,0.0,7,-0.625,3,7,2.869,0,1,3.691,3.1,3,-1.539,7,2.85,1.0,4.79,5,5,0,2.693,2,5,7,0.303,2,7,6,0
1,3,3,0,0,2,4,4,6,4,1,1,3,4.987,3,6,7,2,1.064,0.741,0.0,6,1.599,6,5,3.483,4,4,0.964,3.85,5,1.305,5,1.557,1.0,3.31,6,4,4,1.755,0,1,1,4.262,3,4,0,0
0,0,1,7,1,4,4,0,0,3,1,7,5,10.114,2,7,3,7,5.315,5.039,0.0,1,5.79,4,4,10.694,0,4,5.082,4.03,1,-0.543,6,4.712,2.0,2.44,6,2,4,3.326,2,3,5,6.832,6,4,0,0
1,5,1,4,0,7,1,0,0,4,7,3,0,-1.587,0,0,1,2,0.254,1.745,0.0,3,-0.436,7,4,-0.828,6,2,2.761,1.92,4,2.224,2,0.799,-0.0,2.97,6,0,2,0.922,6,7,5,-0.745,1,7,5,0
0,3,6,3,0,4,6,3,0,1,3,2,4,3.067,0,2,5,0,1.469,2.15,0.0,4,1.478,3,4,0.25,7,4,1.046,5.19,3,1.601,2,0.861,1.0,3.9,5,1,7,4.316,5,4,1,3.275,6,6,7,0
5,3,4,6,1,2,6,1,7,0,2,4,7,6.739,4,6,1,3,6.511,7.076,0.0,6,5.224,6,4,8.326,5,3,6.233,4.33,5,0.473,2,5.626,3.0,6.6,6,4,5,4.147,1,3,2,3.738,5,0,0,1
3,1,7,5,0,3,2,5,5,2,6,7,1,-3.16,4,5,3,4,0.97,1.469,0.0,0,-0.312,0,0,2.053,7,7,2.827,3.73,3,0.756,1,1.168,0.0,2.65,7,0,7,2.121,6,1,5,-1.327,3,5,2,0
3,0,4,7,1,3,3,5,6,0,4,4,7,4.736,5,7,5,0,4.934,4.29,0.0,7,4.868,0,4,4.385,4,1,4.588,4.76,2,0.416,7,4.761,4.0,5.77,2,1,4,3.61,4,3,2,3.969,4,5,1,1
7,7,5,4,1,5,3,4,7,5,1,0,4,2.721,5,0,2,1,2.368,2.356,0.0,6,4.099,3,5,4.077,0,5,2.024,2.54,2,-0.303,6,2.599,1.0,2.43,6,7,2,5.098,7,6,7,-2.672,0,1,3,0
3,3,2,5,0,7,7,4,5,3,2,1,6,-0.761,7,2,6,5,0.975,0.482,0.0,7,1.596,0,2,2.296,0,2,1.226,3.78,0,-0.876,6,1.837,2.0,3.66,1,5,3,0.03,1,3,3,0.918,3,4,2,0
3,7,7,5,0,4,6,0,0,6,5,3,6,4.36,0,4,6,6,0.716,5.903,0.0,6,0.084,6,6,2.486,6,5,-0.031,4.02,3,0.32,4,0.35,-0.0,3.17,3,4,7,-0.476,7,7,4,1.277,3,2,5,0
2,3,5,4,1,2,6,6,5,4,3,2,2,0.781,3,2,6,3,2.885,0.74,366.46,2,1.789,5,0,3.583,1,6,3.146,6.28,0,1.64,2,2.696,2.0,5.69,7,7,3,6.595,0,6,2,1.476,2,2,5,1
2,3,5,5,0,2,3,1,1,5,2,4,2,0.875,4,2,5,4,1.211,0.909,0.0,6,0.643,0,4,-0.979,0,6,0.129,1.65,0,-0.05,3,1.405,0.0,3.95,4,7,5,3.034,2,7,3,1.415,7,5,7,0
3,6,7,5,0,1,2,0,3,7,7,2,1,0.354,2,2,7,1,1.032,0.627,0.0,0,1.387,5,3,1.616,0,3,-2.779,5.76,0,-1.139,6,1.814,0.0,1.98,4,5,4,1.672,4,4,5,4.429,4,5,3,0
5,3,5,0,1,2,0,3,4,6,4,5,0,0.767,2,1,6,7,5.156,5.275,368.37,6,3.268,5,0,3.81,0,3,4.282,4.19,7,0.031,4,6.124,4.0,4.97,7,5,7,0.87,1,4,6,5.758,6,2,1,1
1,5,4,3,1,5,1,4,4,3,7,2,0,2.056,6,7,2,4,1.954,-3.629,0.0,2,2.402,1,4,-0.311,0,2,1.167,1.1,2,-0.519,1,1.83,1.0,2.73,7,7,1,-2.619,0,1,5,4.27,2,5,3,0
5,1,7,5,1,5,0,6,5,6,4,4,2,2.357,2,2,7,6,5.178,3.987,74.95,0,6.333,3,5,2.545,2,5,6.514,5.91,0,1.339,0,5.418,3.0,7.48,2,3,4,4.152,0,4,2,4.096,3,2,5,1
5,7,1,5,0,3,3,4,2,4,1,5,7,1.732,1,5,0,5,1.635,2.53,0.0,4,1.876,0,4,2.685,3,1,1.784,3.49,4,-0.559,1,0.876,1.0,8.21,2,0,2,0.335,6,5,1,-0.19,5,7,2,0
5,6,4,1,0,5,7,6,5,6,4,4,4,1.793,2,2,7,4,0.347,-0.317,0.0,2,-0.459,3,5,-0.107,3,4,0.673,4.03,1,-0.261,4,0.208,-0.0,4.08,2,2,7,-0.44,6,6,7,-0.183,5,4,6,0
7,4,6,5,1,2,7,0,4,3,3,5,7,7.966,7,1,3,2,4.331,5.012,437.53,6,4.885,1,2,2.472,2,6,4.713,5.08,6,0.074,2,5.465,3.0,5.13,0,4,3,4.353,4,4,4,3.333,0,6,1,1
3,5,2,4,0,2,5,2,3,7,1,7,2,-1.545,2,6,5,1,0.507,1.721,0.0,7,0.26,4,1,-2.31,1,6,-0.233,3.45,2,0.536,5,0.748,0.0,7.68,2,0,0,-0.67,0,5,7,-2.007,5,0,0,0
3,7,5,1,0,0,1,5,4,5,5,5,3,2.362,6,1,3,3,0.453,-0.035,0.0,6,1.289,0,3,4.154,1,0,0.086,5.4,3,1.02,6,0.448,-0.0,2.92,6,6,3,0.29,7,7,4,2.705,7,0,7,0
0,5,7,7,0,2,1,3,5,6,4,1,6,7.764,6,2,0,0,2.745,7.027,0.0,3,1.752,5,2,3.824,3,0,0.401,4.4,4,-0.41,5,1.826,2.0,1.1,0,3,7,2.239,0,1,1,1.681,2,7,7,0
4,7,4,3,0,6,4,2,6,0,4,1,1,2.286,7,0,5,3,1.563,7.103,0.0,4,1.727,6,1,-1.652,6,5,0.136,3.48,7,-2.39,5,0.327,1.0,5.34,7,4,3,-0.049,5,0,2,1.858,7,0,5,0
3,0,2,0,0,1,5,4,4,3,5,5,7,0.208,0,2,4,0,1.011,-1.249,0.0,3,1.598,4,2,1.614,4,5,2.251,2.99,3,0.495,3,1.084,1.0,4.21,4,1,2,-1.698,0,7,2,2.714,2,2,3,0
1,3,3,5,0,6,3,6,6,0,3,2,2,1.38,1,2,7,3,0.917,2.672,0.0,5,1.93,4,2,5.641,0,6,2.077,0.44,6,-0.136,5,1.008,0.0,-0.0,6,4,2,0.222,2,1,4,-2.381,5,7,5,0
3,4,3,7,1,7,5,6,1,6,2,4,3,3.74,2,6,4,0,3.282,6.349,0.0,4,3.623,5,3,0.655,4,5,4.138,4.38,6,-0.683,2,2.765,2.0,5.37,2,0,6,4.075,2,4,1,2.724,5,6,1,0
0,2,6,7,0,4,7,3,6,1,3,2,1,0.936,7,1,4,2,1.276,1.534,0.0,6,2.278,6,7,2.103,3,5,-0.566,3.73,1,-0.476,6,1.071,2.0,3.54,2,5,2,-1.636,4,1,3,3.501,4,1,1,0
7,4,7,5,0,2,1,6,3,3,4,4,7,-2.793,5,5,0,2,1.13,-2.868,0.0,0,1.657,1,4,1.742,5,5,-0.074,0.55,0,-0.939,7,1.583,1.0,5.88,5,0,5,-5.509,2,0,1,0.723,7,1,0,0
5,4,0,6,0,4,1,7,4,4,2,3,4,6.776,5,0,1,0,0.606,-5.001,0.0,0,1.596,7,6,1.955,1,4,0.934,4.3,6,0.681,6,0.747,0.0,5.52,1,3,5,-1.64,0,4,7,3.635,3,0,6,0
5,2,0,5,1,0,0,5,6,7,4,7,6,4.79,0,0,0,6,3.243,6.606,602.12,2,3.986,5,6,8.756,3,6,3.791,4.88,4,-0.048,0,3.08,3.0,6.12,3,5,0,1.312,4,1,0,4.11,0,6,1,1
6,1,5,0,0,2,3,4,4,2,4,0,5,5.973,5,1,5,2,1.066,1.68,0.0,3,2.043,6,2,2.236,6,0,2.219,1.94,1,-1.508,3,1.668,2.0,2.64,0,1,5,-0.347,0,5,7,2.965,5,2,1,0
2,6,0,0,0,2,2,5,5,7,0,4,3,4.449,2,1,2,4,1.512,3.998,0.0,7,2.212,0,0,-0.092,4,5,0.517,4.04,1,0.94,0,1.552,1.0,4.96,1,4,2,0.397,0,2,6,0.314,3,6,4,0
0,2,0,4,0,4,2,2,4,6,3,1,4,-1.333,6,2,2,4,0.504,-0.083,0.0,0,0.924,5,2,0.283,2,7,0.131,2.35,3,-1.175,0,0.091,-0.0,4.79,2,2,6,3.989,5,0,5,2.536,5,7,2,0
5,1,4,0,1,6,7,7,3,3,6,3,1,2.2,2,0,2,3,2.855,4.063,763.15,2,3.349,2,3,0.546,1,6,1.465,5.61,1,0.971,7,2.712,2.0,8.54,1,1,7,3.097,1,1,3,4.705,3,4,7,1
5,1,5,2,0,4,2,7,4,5,2,0,0,-1.582,3,2,4,5,0.166,0.063,0.0,2,-0.556,5,4,0.229,7,3,2.33,3.55,4,-0.524,2,0.055,0.0,4.17,2,3,5,1.364,3,3,2,-1.036,1,7,6,0
0,4,2,1,0,3,7,5,2,7,1,6,4,1.191,0,6,0,6,1.098,-0.863,0.0,1,2.51,5,5,-0.239,6,0,-0.242,3.56,2,0.762,4,1.928,1.0,5.15,3,4,1,0.335,3,7,2,3.564,2,0,7,0
0,4,5,0,0,7,5,0,1,4,0,3,3,0.808,3,6,0,1,1.456,2.705,0.0,1,1.309,5,4,1.683,3,6,1.902,1.84,6,-1.353,2,1.074,1.0,3.49,5,3,5,-1.628,2,2,4,3.691,2,4,2,0
7,4,0,2,0,5,7,0,5,2,6,1,1,-0.401,0,4,0,1,0.279,-1.583,0.0,6,-0.734,7,1,2.851,4,2,1.374,4.68,5,-0.362,6,0.067,-0.0,4.9,2,1,5,0.345,5,5,2,1.839,2,1,1,0
4,1,1,1,0,7,0,7,2,4,1,5,6,4.15,2,1,2,4,0.693,-0.533,0.0,5,-1.145,2,7,1.486,4,0,1.439,3.58,2,0.169,4,0.447,1.0,4.35,3,6,6,3.986,6,2,0,-0.014,2,3,2,0
7,7,0,6,1,3,5,4,3,0,2,6,4,1.62,5,3,3,1,1.856,-0.963,0.0,7,3.062,3,5,4.491,4,0,1.576,2.18,7,-1.481,6,1.378,1.0,4.25,3,3,5,2.902,3,2,5,3.898,2,0,7,0
0,2,7,5,0,6,3,7,1,5,5,3,7,1.102,5,1,7,7,1.015,2.168,0.0,5,1.386,1,0,-0.469,7,5,1.208,3.47,2,-0.392,5,0.623,1.0,1.99,2,0,3,2.391,3,1,1,-1.373,4,5,0,0
2,3,2,6,0,3,5,6,2,3,6,3,1,2.357,5,6,6,2,0.688,2.964,0.0,3,1.298,1,0,-1.484,4,1,3.085,4.25,0,-0.101,6,0.504,1.0,3.57,7,7,6,-0.465,3,5,3,1.732,2,4,6,0
7,2,7,5,0,3,6,7,3,7,4,1,2,-1.243,7,5,1,7,0.292,2.146,0.0,3,1.693,2,3,-1.076,6,7,1.772,1.31,3,0.484,6,0.058,1.0,2.63,3,1,0,-2.392,2,4,5,-0.995,4,2,7,0
0,7,6,5,1,0,4,3,6,5,3,1,1,5.115,5,3,4,3,3.398,3.277,569.0,3,3.118,5,5,6.396,6,3,3.519,4.79,5,-1.007,3,3.869,2.0,6.6,6,4,2,5.638,4,1,2,6.339,6,6,7,1
1,2,1,6,0,6,5,1,2,0,6,3,4,3.137,3,6,1,0,2.452,2.776,0.0,7,-0.839,5,5,1.908,6,5,1.691,4.71,6,-1.217,7,1.097,1.0,5.42,3,5,7,-0.476,5,5,0,-0.223,7,7,0,0
1,2,1,7,0,5,6,0,3,1,3,4,5,1.233,5,3,6,2,0.677,1.627,0.0,7,1.812,3,4,2.232,7,6,1.946,-0.92,2,-0.494,5,2.094,1.0,5.39,5,3,3,1.542,1,4,0,3.079,0,2,0,0
6,2,6,6,0,3,4,7,7,7,7,4,6,6.604,5,3,3,3,0.381,-1.536,617.75,2,2.283,5,5,-0.818,3,1,0.278,3.65,0,-0.284,7,0.002,0.0,6.94,4,4,5,0.349,2,1,6,0.87,4,7,6,1
0,7,2,4,1,6,4,1,5,6,5,4,2,2.433,1,0,2,7,1.942,2.726,0.0,2,1.299,4,7,1.099,3,5,3.682,4.31,4,-0.64,1,2.158,2.0,3.58,1,7,5,0.841,2,4,2,-1.856,5,4,4,0
6,4,3,7,0,1,3,3,4,3,7,2,3,1.795,3,7,0,3,1.821,0.395,0.0,0,1.933,2,6,3.03,6,6,-0.371,0.55,4,0.979,4,1.57,1.0,1.63,6,3,6,-0.248,0,4,0,0.006,5,4,6,0
7,5,2,2,1,6,1,2,4,4,2,5,2,4.521,4,0,5,1,2.654,2.027,0.0,1,2.045,4,0,2.302,4,5,2.397,3.49,0,-1.879,3,2.861,2.0,2.04,2,2,4,2.912,5,2,7,2.404,4,4,1,0
1,4,2,5,0,0,5,6,5,4,5,5,2,0.358,1,1,7,4,1.624,3.091,0.0,2,1.735,7,4,-1.046,4,3,-0.086,4.24,2,0.433,0,1.562,0.0,2.77,4,4,2,1.454,7,1,0,-0.335,7,1,7,0
4,5,0,3,0,6,5,2,3,4,1,7,1,0.073,5,7,7,0,0.041,-0.617,0.0,5,0.098,0,7,2.245,7,2,2.523,4.63,6,-1.698,0,0.497,-0.0,4.88,7,6,5,1.699,2,1,6,2.877,1,0,4,0
2,0,5,4,0,5,0,3,0,4,6,6,3,-0.353,6,6,6,7,1.083,-2.83,0.0,5,0.366,6,7,1.068,6,5,2.042,4.85,5,0.148,1,1.869,1.0,4.3,1,0,7,-0.697,2,0,7,3.425,6,7,4,0
3,4,4,5,0,2,1,1,0,2,6,4,5,0.211,2,1,0,4,1.416,2.91,0.0,6,2.667,2,0,-1.603,0,2,0.94,3.09,2,-1.341,0,2.294,1.0,4.17,7,7,2,1.138,4,4,3,1.246,0,4,2,0
3,3,7,0,0,2,5,6,6,3,0,1,1,-0.891,6,0,6,5,0.698,-2.143,0.0,1,4.368,0,5,-0.854,6,3,-0.076,3.76,7,-0.711,0,1.772,1.0,4.36,2,7,5,0.967,4,6,2,1.231,0,0,1,0
5,4,4,4,1,2,5,5,4,1,6,4,5,1.561,1,5,6,1,3.097,5.009,0.0,6,2.856,4,2,4.982,0,4,3.4,0.78,3,-0.235,7,3.647,2.0,5.33,7,1,1,1.213,5,7,6,3.881,6,4,7,0
2,4,3,7,0,1,2,0,7,6,4,7,6,0.406,6,7,7,2,1.769,-0.818,0.0,0,-0.317,1,2,-0.9,7,4,1.629,4.1,1,0.873,3,1.62,1.0,3.72,0,3,5,0.511,1,7,0,4.129,7,0,7,0
7,7,4,0,0,2,1,7,0,1,6,6,0,-1.473,1,0,7,7,0.36,-1.819,0.0,7,1.0,2,2,-0.616,7,2,0.516,4.89,2,0.015,4,0.46,1.0,4.48,6,4,1,-2.344,5,0,7,-5.492,3,4,6,0
1,2,2,7,1,5,1,7,7,7,3,4,2,3.343,1,5,5,6,3.226,3.039,0.0,0,4.116,5,1,0.869,0,4,3.447,3.63,1,1.121,1,3.911,2.0,4.67,6,7,0,5.807,3,6,7,2.389,4,1,7,0
4,7,5,2,0,4,2,0,6,7,7,4,0,4.318,2,5,5,1,2.38,3.587,0.0,7,1.356,6,0,2.812,6,5,2.83,3.46,1,-0.301,1,1.768,1.0,5.62,4,0,4,3.345,3,5,4,-0.007,2,3,2,0
6,1,5,5,0,2,3,1,1,3,2,1,6,2.482,0,3,0,3,0.614,2.512,0.0,0,2.059,7,5,-1.582,3,1,-0.173,0.74,4,1.076,4,-0.059,0.0,3.13,5,7,7,1.971,3,6,3,1.464,0,5,6,0
3,6,0,1,0,4,3,3,1,6,0,3,0,2.992,1,4,4,1,0.595,2.652,0.0,6,-2.072,3,5,1.036,5,2,-0.455,3.65,4,0.26,7,1.165,0.0,3.64,5,7,0,1.51,7,3,6,5.961,6,6,0,0
5,0,2,6,0,1,6,3,4,3,1,7,5,3.079,5,6,1,1,0.106,2.957,0.0,2,1.216,7,6,1.556,0,4,1.613,3.77,3,0.359,2,0.833,0.0,2.42,5,0,6,2.328,2,1,2,0.138,0,5,7,0
5,0,7,5,0,1,5,3,3,5,3,6,6,6.325,4,2,0,6,1.477,0.991,0.0,1,0.516,0,3,-0.683,1,1,1.537,3.38,2,0.248,5,0.434,2.0,3.71,7,4,6,3.807,5,4,7,1.661,0,0,3,0
1,0,5,3,1,2,4,5,4,3,6,3,4,5.541,5,6,2,7,4.863,1.169,434.06,7,4.909,2,4,4.5,1,5,8.262,1.81,2,1.131,1,5.755,4.0,9.55,7,2,1,3.842,7,5,5,1.047,0,5,4,1
1,2,5,4,0,5,0,0,7,1,0,2,4,-3.574,6,5,0,3,0.852,-0.639,0.0,3,0.007,3,0,-0.702,6,3,-1.186,2.78,4,0.834,2,-0.49,0.0,3.85,1,3,3,0.66,7,5,6,2.305,3,6,5,0
3,4,0,6,0,3,7,3,6,1,7,2,6,2.063,5,3,6,6,0.125,1.57,0.0,3,1.475,5,6,0.906,3,5,0.14,3.85,2,0.32,2,0.4,-0.0,0.96,5,2,2,-1.232,7,6,5,-0.419,2,5,2,0
4,3,1,6,0,2,2,2,3,0,0,2,2,3.247,5,6,7,3,1.391,-0.056,0.0,0,1.629,5,7,-3.517,3,5,1.5,4.21,1,-1.364,3,1.295,1.0,1.61,0,2,0,1.6,7,0,7,2.44,0,6,0,0
5,7,1,1,0,1,2,0,1,6,6,2,4,2.957,5,7,5,5,1.772,-0.136,0.0,2,3.182,7,2,0.52,3,5,2.566,5.12,1,-1.565,3,1.826,1.0,1.3,1,1,2,1.546,2,5,1,-0.806,6,7,2,0
7,1,3,0,0,6,6,2,7,1,6,1,2,1.482,4,1,2,3,0.807,0.052,0.0,0,-0.786,2,6,-0.578,4,1,0.339,3.7,0,0.555,7,1.161,0.0,4.07,7,3,4,-0.157,3,6,7,0.638,6,2,7,0
2,0,1,0,1,7,5,0,7,6,3,3,4,2.342,2,2,5,4,4.006,1.242,0.0,0,5.031,4,5,-0.771,3,2,4.7,5.63,4,1.319,1,2.759,2.0,1.75,1,2,5,3.2,3,4,1,4.474,0,5,6,0
4,2,4,2,0,6,3,0,0,3,3,6,2,4.165,3,7,0,5,2.088,0.048,0.0,6,1.791,4,3,0.248,2,0,1.613,1.75,6,-0.469,4,2.107,2.0,4.28,2,3,1,-0.373,4,6,2,4.377,7,7,0,0
7,4,2,0,1,6,5,6,7,3,5,0,6,4.384,0,2,0,7,5.208,6.7,718.04,5,5.67,1,1,7.056,5,3,6.558,3.27,1,-0.11,1,4.76,3.0,7.18,6,6,5,5.213,1,4,4,8.845,3,0,4,1
5,2,3,4,0,0,1,5,7,6,6,1,2,-0.064,5,6,7,6,1.013,-3.423,0.0,1,0.549,3,0,3.503,0,4,-1.645,3.55,7,0.652,5,0.416,0.0,4.7,2,3,4,-0.795,6,3,7,-0.411,7,2,2,0
4,3,0,4,1,0,3,5,7,6,1,3,1,3.398,5,1,0,4,3.044,4.314,742.05,1,4.237,7,0,4.787,1,3,1.431,0.67,0,-1.533,1,2.663,1.0,6.61,2,2,4,1.953,7,0,4,-0.278,3,5,1,1
5,0,7,6,0,6,6,5,1,5,7,7,0,5.306,0,1,5,3,1.381,0.215,0.0,1,1.676,3,3,2.128,2,3,1.573,3.04,6,-0.309,5,1.501,0.0,6.08,7,3,3,6.497,4,4,0,2.644,2,3,7,0
4,5,0,7,0,4,4,1,1,1,7,7,4,-1.278,5,7,4,6,0.831,1.543,0.0,6,-0.265,4,0,-1.229,1,4,2.321,1.97,2,-1.111,4,0.505,1.0,2.98,0,4,4,-2.068,3,4,0,1.965,2,0,1,0
6,7,7,6,0,4,7,3,6,5,1,7,7,-0.612,3,0,1,4,1.385,3.262,0.0,6,1.366,6,6,0.442,7,2,-0.011,3.07,1,0.616,0,1.062,1.0,1.65,4,6,7,-3.136,0,2,7,-1.23,4,0,7,0
7,4,0,6,1,5,1,3,0,0,2,5,7,3.059,0,5,6,7,1.75,5.275,0.0,3,0.652,0,5,0.523,7,6,-0.496,3.41,7,-0.774,3,1.466,0.0,0.96,1,2,1,5.238,7,0,5,3.248,7,5,2,0
0,4,1,0,0,0,1,5,2,0,0,6,2,4.851,6,1,4,2,1.397,5.48,0.0,1,1.008,1,7,1.175,1,7,2.912,2.24,5,0.614,7,0.847,1.0,3.01,2,0,1,2.811,7,2,4,4.579,6,6,0,0
4,2,1,4,0,2,3,5,6,1,7,1,6,2.128,7,4,1,0,1.693,2.332,0.0,5,2.48,7,1,3.048,6,7,3.245,3.4,7,-1.084,7,1.579,1.0,4.81,3,2,4,-2.688,3,2,7,-0.399,3,2,2,0
6,4,3,1,0,2,6,3,1,0,5,6,7,0.79,5,4,6,1,3.0,2.285,371.85,6,3.155,4,5,3.88,3,1,1.457,2.58,7,-0.934,6,2.651,2.0,6.96,3,6,2,3.023,5,3,6,4.348,7,5,7,1
3,0,0,7,0,2,5,5,2,5,0,3,1,5.816,3,3,5,6,0.587,2.43,0.0,0,-0.139,2,7,3.967,2,0,1.089,1.03,6,1.307,1,0.397,1.0,4.6,0,3,3,-4.613,5,5,1,1.216,3,3,4,0
0,1,0,1,0,3,1,4,3,6,1,2,3,0.891,7,3,3,4,0.188,0.598,0.0,7,1.747,2,0,-0.204,1,7,0.705,3.5,6,0.907,3,0.115,0.0,3.24,6,0,7,0.632,7,7,2,0.642,4,0,6,0
4,3,6,1,0,1,6,1,7,5,4,0,0,0.862,7,4,5,2,0.81,-0.072,0.0,7,-0.223,1,4,2.043,6,4,2.785,3.54,2,1.462,4,0.651,1.0,5.17,5,1,3,1.367,0,5,6,3.899,0,4,5,0
3,7,1,4,0,1,5,4,0,5,6,6,7,-3.822,3,6,2,2,0.191,2.846,0.0,5,1.374,6,2,0.574,1,1,-1.065,3.57,3,0.449,4,0.928,-0.0,1.68,4,1,6,-2.044,1,7,0,-2.307,2,5,3,0
0,6,4,3,0,5,7,5,7,4,7,0,0,0.127,5,5,0,7,1.303,-3.99,0.0,0,2.087,6,4,-1.1,1,7,0.628,4.44,3,0.451,7,1.814,0.0,3.38,4,3,4,-2.29,4,0,1,5.024,3,4,1,0
4,5,3,7,0,6,4,0,4,0,5,6,2,3.765,0,1,3,2,1.868,1.289,0.0,4,2.344,6,2,2.667,2,3,3.415,5.95,5,-0.696,3,1.352,2.0,3.08,4,4,3,8.997,4,4,4,2.014,0,7,1,0
4,1,6,2,0,0,3,3,1,1,6,0,7,1.096,3,0,3,5,1.159,0.87,0.0,2,0.792,1,4,3.562,5,1,0.445,3.58,2,-0.645,5,0.53,-0.0,5.63,0,1,0,-0.237,4,2,5,-3.528,5,1,7,0
1,6,3,6,0,2,0,2,2,4,2,4,1,0.785,6,0,4,7,0.879,-0.831,0.0,5,1.428,2,3,2.052,1,3,-1.328,4.67,3,-0.134,7,1.65,0.0,3.8,5,2,6,0.687,1,3,2,6.579,0,4,6,0
7,0,3,7,0,3,7,1,3,2,2,1,0,3.083,7,1,5,6,0.929,1.528,0.0,5,1.396,2,3,-0.124,4,5,1.792,5.68,1,-0.342,4,1.266,1.0,3.79,4,0,5,4.238,2,5,3,0.436,4,2,2,0
4,7,6,3,0,6,7,0,3,3,7,5,7,-2.956,6,1,1,1,0.551,1.247,0.0,2,0.464,0,7,-0.831,6,0,-0.019,4.93,6,-0.444,7,-1.356,0.0,4.25,7,7,4,0.656,1,6,1,-1.345,4,6,2,0
1,3,7,3,0,4,7,1,5,2,2,1,5,-0.094,6,3,0,2,0.296,2.164,0.0,4,0.581,6,2,-1.511,5,0,0.428,3.1,0,0.276,4,1.042,-0.0,3.4,5,1,2,0.518,0,7,1,-0.459,3,1,0,0
5,3,2,5,0,4,1,2,0,6,6,1,1,0.688,7,4,2,7,0.863,2.752,0.0,2,0.331,5,5,1.258,4,4,1.651,4.59,7,-1.67,4,0.789,1.0,5.41,1,3,1,0.777,1,2,7,-3.472,5,0,3,0
1,7,4,1,0,0,0,3,1,6,7,1,4,1.947,4,4,3,7,0.393,0.192,0.0,1,2.141,3,2,-0.884,6,1,2.94,3.14,2,-1.134,6,0.425,1.0,1.4,1,7,5,3.288,2,2,4,-0.655,5,6,0,0
7,6,3,6,0,7,6,6,5,0,1,7,1,-2.328,4,6,7,7,1.523,-1.704,0.0,2,0.949,7,7,0.878,6,6,0.521,3.11,3,0.3,5,0.389,1.0,2.83,7,4,1,-0.762,6,0,7,0.596,3,2,4,0
5,5,2,0,0,3,2,3,5,0,2,5,3,-3.435,6,1,6,7,0.424,-0.113,0.0,2,-1.615,6,7,-0.546,5,2,-1.778,4.74,3,-0.172,6,-0.011,-0.0,4.38,2,4,5,-1.457,7,7,6,-4.017,5,2,3,0
3,7,6,6,0,7,1,1,4,1,4,4,2,-0.573,1,6,1,4,2.7,2.265,615.72,0,2.577,2,3,4.318,2,4,1.766,5.19,7,0.205,2,2.49,1.0,8.01,5,1,3,-0.992,0,7,2,2.95,6,2,1,1
5,0,2,4,1,7,0,3,6,7,4,5,0,-0.977,5,6,0,5,3.105,1.748,0.0,6,1.22,5,6,3.396,7,6,5.572,3.61,2,-0.24,0,2.321,2.0,4.54,7,1,1,1.757,3,2,3,1.653,2,0,3,0
1,7,1,4,0,5,3,3,2,3,6,5,4,-0.693,4,0,5,1,0.11,3.924,0.0,2,2.224,7,7,-0.9,2,7,-0.147,2.66,0,0.318,4,0.092,0.0,6.16,5,4,6,-0.258,2,4,1,0.671,3,7,3,0
4,5,7,1,1,0,1,1,4,3,0,0,0,0.639,7,6,2,7,3.37,1.952,0.0,6,3.605,2,6,0.203,2,0,2.243,4.42,6,-0.188,5,3.081,3.0,6.7,1,1,6,3.319,0,7,5,2.374,4,1,0,1
6,0,3,3,1,0,1,2,7,3,3,5,3,-1.2,4,0,2,7,2.416,-0.917,0.0,4,1.245,1,4,-1.097,3,2,1.815,3.63,0,0.216,6,1.764,0.0,5.76,5,0,6,1.57,1,5,7,-0.398,7,7,7,0
1,0,6,2,0,6,4,0,6,0,2,7,4,0.333,2,1,6,2,0.99,3.78,0.0,2,1.07,1,2,2.965,1,2,2.058,2.39,2,0.525,3,-0.11,1.0,2.08,0,3,4,0.863,1,2,4,1.165,4,5,0,0
2,4,2,1,1,5,6,5,4,1,7,3,3,5.765,7,5,1,7,3.704,0.818,835.41,7,4.745,0,5,2.829,0,6,0.594,2.0,4,-0.035,4,3.74,1.0,4.97,5,1,2,6.017,5,3,7,4.78,4,3,4,1
3,5,3,6,1,4,6,2,3,3,0,4,6,3.773,7,7,0,7,2.761,1.654,0.0,1,1.194,0,1,4.899,4,4,3.804,1.42,5,0.141,1,2.486,1.0,4.55,5,7,1,1.308,3,0,5,6.394,4,5,1,0
2,7,1,1,1,5,1,2,7,2,7,6,2,3.475,2,2,6,2,4.086,5.172,0.0,1,4.307,3,6,2.284,7,7,2.401,2.91,6,-0.242,1,2.704,2.0,3.29,1,4,0,4.994,3,4,3,5.032,4,2,0,0
2,2,1,5,0,1,2,6,3,0,4,6,2,-1.045,5,7,7,3,1.692,0.938,494.53,2,1.889,4,0,2.357,4,0,0.363,6.32,0,0.725,2,0.553,1.0,5.12,5,6,1,0.455,7,1,6,-0.795,1,0,2,1
7,5,7,0,0,4,1,2,3,5,3,2,5,1.528,5,4,1,3,1.704,2.111,0.0,0,1.545,4,3,1.6,2,6,2.364,3.9,1,-0.613,6,1.044,0.0,4.47,6,5,5,4.028,6,3,0,-1.932,0,2,0,0
4,1,0,6,1,5,7,7,0,3,4,4,5,4.12,1,7,6,5,2.874,0.354,0.0,5,3.373,6,6,2.131,4,6,2.591,1.55,1,-0.398,3,1.634,2.0,4.95,5,2,4,2.843,0,0,0,-1.047,3,1,1,0
0,4,5,0,0,5,5,4,0,1,2,1,4,-0.181,0,3,4,4,1.461,-0.471,0.0,3,1.812,5,4,1.032,3,7,0.334,4.89,6,-0.411,6,1.112,1.0,1.65,2,0,4,0.766,5,3,7,1.648,4,6,3,0
3,0,2,3,0,3,6,1,4,5,5,2,6,0.863,1,4,4,7,0.735,0.618,0.0,0,3.306,6,2,1.971,6,0,-1.379,3.12,1,0.013,3,2.157,-0.0,3.79,1,6,5,-0.242,1,6,7,4.359,6,3,0,0
7,2,4,5,1,3,7,2,0,2,2,5,3,0.658,4,3,5,7,1.899,3.533,0.0,6,3.678,0,2,3.726,1,6,4.438,3.59,5,-0.514,5,2.494,1.0,4.14,0,0,6,3.057,1,3,7,0.981,4,7,6,0
4,3,0,2,1,5,2,1,0,0,4,7,2,0.309,2,0,7,4,1.343,5.511,0.0,3,2.009,1,0,-0.09,7,3,3.205,4.12,2,2.174,3,1.533,1.0,5.35,6,0,2,-0.094,5,3,2,-3.347,1,1,0,0
4,2,6,6,0,2,4,3,4,2,0,4,0,2.815,7,1,5,7,0.715,1.027,0.0,4,1.914,4,5,-2.164,4,5,2.395,1.34,5,-0.657,2,0.705,1.0,1.36,6,6,5,0.418,3,2,3,2.936,5,5,2,0
3,5,5,0,1,7,3,1,3,4,5,6,1,-1.317,6,1,2,1,1.714,3.101,0.0,1,1.469,5,1,3.261,4,4,0.967,3.13,0,-0.538,7,2.097,1.0,2.17,3,0,0,4.687,7,0,4,8.379,2,6,5,0
1,1,5,0,0,2,3,3,6,4,4,5,4,-3.557,5,0,0,4,0.34,-0.008,0.0,1,2.151,5,4,-1.523,1,2,-0.371,4.68,5,-0.672,2,-0.132,-0.0,5.12,4,3,5,1.099,0,2,1,-1.485,6,5,3,0
5,7,2,1,0,7,2,7,0,5,7,7,3,2.219,3,5,4,3,0.106,3.389,0.0,5,0.813,0,7,2.208,2,6,0.218,1.56,0,0.445,6,0.617,0.0,3.09,1,7,5,0.395,4,5,2,0.204,0,5,1,0
0,5,6,1,0,5,7,4,6,2,4,7,6,2.09,7,2,0,6,1.644,1.113,0.0,4,2.282,7,2,2.202,6,3,0.474,3.4,4,0.394,5,1.505,1.0,3.91,7,5,6,1.987,0,2,3,3.008,5,5,0,0
5,0,1,1,0,0,7,2,1,5,1,0,6,0.666,7,3,5,5,1.634,1.884,0.0,6,2.267,5,4,3.071,3,2,2.361,5.5,0,0.143,5,2.741,1.0,2.23,6,0,4,3.96,4,3,4,1.73,4,6,6,0
1,5,6,0,0,5,5,1,6,4,6,1,5,-3.195,6,5,0,6,-0.253,-0.325,0.0,4,-0.486,5,1,-1.253,6,5,-0.187,4.07,4,1.121,6,1.485,1.0,4.56,0,5,4,1.603,0,5,0,-3.276,7,7,6,0
1,5,6,4,0,5,5,1,0,4,5,3,4,-0.312,4,4,4,1,0.364,-0.833,0.0,2,-0.061,4,7,2.948,2,4,-2.988,0.27,6,0.691,1,0.819,0.0,1.74,5,6,3,-1.293,6,3,7,0.014,7,3,2,0
3,7,7,5,0,4,4,5,0,1,5,2,0,1.232,0,2,0,6,0.687,0.744,0.0,4,0.808,5,0,-1.947,6,4,0.397,4.87,7,0.382,0,1.185,0.0,1.55,2,7,4,-2.068,1,3,6,-3.045,2,3,6,0
7,1,3,7,0,3,0,0,1,3,3,1,2,0.703,4,4,5,6,2.726,4.221,0.0,0,1.569,4,7,7.725,2,3,0.88,4.58,2,1.013,2,2.82,2.0,5.26,3,5,6,0.204,7,3,0,3.639,4,4,7,0
2,1,0,1,1,3,5,0,1,2,7,0,6,3.676,0,6,2,2,1.845,-0.228,0.0,0,3.635,0,3,3.422,0,5,1.046,4.18,3,-1.401,6,3.472,1.0,2.94,6,0,6,3.852,2,6,4,-1.502,1,7,4,0
2,5,5,2,0,6,3,6,3,2,1,2,2,5.36,7,7,7,1,2.935,5.858,0.0,2,4.623,1,1,2.815,3,4,3.094,3.48,5,-1.86,0,2.363,2.0,2.77,2,0,1,3.914,0,6,2,7.382,7,1,3,0
5,4,1,2,0,7,7,3,0,3,4,7,7,0.481,4,6,2,5,1.239,5.352,0.0,1,-0.512,7,5,-0.713,4,1,-1.001,-0.33,5,0.085,7,1.28,1.0,3.41,7,4,4,-2.121,7,7,1,2.324,0,0,3,0
5,5,7,4,0,3,1,5,6,3,6,6,6,1.611,7,6,3,7,1.199,-1.874,0.0,2,0.254,5,5,2.527,5,6,2.383,2.35,6,2.002,3,0.765,1.0,4.66,4,2,2,2.686,3,0,0,1.081,0,2,6,0
6,5,3,4,0,1,6,0,3,2,7,5,3,5.47,4,6,5,5,2.437,3.217,0.0,7,3.141,2,1,2.576,6,4,4.266,2.42,2,-0.404,7,2.232,2.0,0.58,7,6,5,2.35,4,6,1,3.409,5,0,3,0
5,2,2,6,0,3,6,3,7,6,5,2,6,2.369,3,1,6,5,1.029,3.016,0.0,3,1.727,5,3,1.903,7,0,-2.371,2.1,5,1.325,2,1.492,1.0,5.41,4,5,0,0.726,6,5,3,0.749,2,4,7,0
7,5,1,6,0,0,6,6,7,1,3,1,2,-1.841,7,1,1,2,1.339,0.901,0.0,3,1.507,2,7,1.354,1,5,1.968,4.81,5,0.021,7,0.994,1.0,9.75,0,2,0,2.029,1,4,3,1.902,6,5,0,1
3,2,2,1,0,5,0,6,4,6,2,1,2,-1.776,2,7,0,5,0.56,-2.438,0.0,7,0.801,4,7,0.275,1,4,1.526,2.4,5,1.172,4,2.011,1.0,5.21,7,0,6,-0.013,4,7,5,-2.798,2,1,7,0
4,0,6,1,0,2,4,6,1,7,1,4,4,3.361,5,6,3,7,1.677,0.501,366.41,5,0.65,6,3,1.223,0,1,0.605,2.47,7,0.062,3,1.903,1.0,7.3,1,1,2,0.915,0,2,7,-2.061,5,1,2,1
6,1,6,6,0,0,2,4,1,4,5,1,1,-1.758,7,6,5,7,-0.176,-0.726,0.0,3,1.243,4,7,3.644,4,7,1.882,4.23,3,-0.132,2,0.258,-0.0,2.73,0,3,7,2.62,5,6,1,-0.26,6,2,4,0
7,6,2,0,0,3,7,3,2,0,3,3,6,-1.491,0,0,6,0,0.305,6.534,0.0,4,2.312,5,3,-0.209,0,6,0.851,2.78,1,-0.9,0,1.057,1.0,3.82,5,1,1,-1.738,6,5,3,2.832,2,5,0,0
4,1,0,2,0,4,0,0,2,4,3,4,1,3.745,0,4,0,1,0.968,0.686,0.0,1,0.263,0,6,-1.625,1,1,-0.009,2.45,6,1.655,4,0.536,1.0,3.03,1,4,2,-5.041,5,4,7,-1.955,5,2,3,0
4,3,7,4,0,2,7,5,0,6,3,5,3,0.764,4,5,4,3,0.402,-0.168,0.0,0,-2.181,3,4,0.764,7,3,0.761,3.73,0,-0.303,7,-0.136,-0.0,5.34,1,3,3,-1.594,3,6,5,-0.057,0,2,6,0
1,5,2,6,1,5,4,6,2,0,3,1,1,-0.903,2,1,1,2,2.291,4.805,0.0,5,1.664,4,2,2.563,5,0,2.062,4.42,6,-0.67,4,2.426,2.0,8.44,7,0,0,3.395,2,4,6,-0.143,0,4,5,1
2,5,4,7,0,6,4,2,6,4,5,1,5,0.657,4,4,0,0,0.93,-1.214,0.0,5,2.493,7,3,-1.508,4,2,0.299,7.07,7,0.731,1,0.898,-0.0,2.07,2,2,4,0.151,3,2,1,0.335,7,5,2,0
2,2,1,7,1,5,1,4,3,7,3,6,0,3.709,0,6,5,3,2.87,1.975,437.03,4,2.662,5,1,2.49,2,1,1.888,4.76,3,0.729,3,2.705,2.0,7.57,2,0,3,2.936,2,7,7,1.773,0,3,5,1
5,5,5,2,0,3,3,6,1,0,6,5,6,-2.759,0,7,1,0,0.047,7.212,0.0,6,0.782,3,6,0.01,0,7,-3.052,3.43,5,0.561,0,0.75,0.0,6.05,2,5,7,-0.048,7,5,1,-1.615,3,0,6,0
7,6,1,0,0,5,6,4,0,5,3,0,5,-0.976,7,6,1,7,0.414,2.109,0.0,4,-1.064,5,6,-2.554,4,2,1.053,2.91,7,-0.938,0,1.015,0.0,2.58,7,0,0,-0.745,7,4,2,-0.183,1,4,2,0
2,6,5,6,0,4,0,7,6,1,3,1,5,-1.868,3,4,2,6,0.171,-1.433,0.0,5,-0.266,5,6,-0.376,3,0,0.174,4.3,2,1.316,0,0.738,-0.0,6.25,3,3,4,-0.937,6,5,6,0.348,7,4,4,0
7,0,5,4,0,4,5,7,6,4,2,0,2,-2.254,3,0,2,2,1.725,5.351,0.0,1,2.456,6,6,0.755,2,3,1.691,3.87,3,-0.447,2,2.0,1.0,3.83,1,7,7,-1.582,1,1,6,-0.711,3,1,3,0
2,1,4,2,0,5,5,0,7,1,4,1,4,3.362,5,7,2,7,2.023,0.485,0.0,4,1.5,1,1,1.268,4,6,1.35,5.15,2,-0.112,0,0.577,-0.0,8.57,0,0,4,-0.078,0,2,5,2.091,5,2,6,1
2,2,2,7,0,3,6,4,5,3,6,6,5,-1.338,6,0,4,5,0.344,-3.973,0.0,7,-0.899,0,0,3.411,1,2,-1.56,1.82,5,0.031,7,0.684,0.0,3.3,1,7,1,2.793,6,2,3,2.419,4,1,6,0
0,5,6,7,0,7,2,5,1,3,5,7,0,2.953,2,1,2,5,1.851,1.754,0.0,3,1.527,4,0,0.24,3,2,-0.497,2.77,5,-0.34,4,1.865,1.0,5.43,4,4,7,2.741,4,1,0,5.252,1,6,2,0
6,2,4,1,0,1,4,7,5,1,1,0,0,0.136,5,3,7,0,0.169,-2.665,0.0,6,1.864,0,1,1.842,5,7,1.341,3.8,1,1.228,4,0.93,1.0,2.5,3,6,3,2.467,0,4,0,-0.018,6,7,6,0
1,6,5,4,0,5,2,5,2,0,7,1,5,1.263,1,5,6,1,0.709,3.102,0.0,3,2.844,3,0,1.326,5,7,-1.383,3.88,5,0.033,2,0.932,1.0,3.22,0,6,6,1.467,4,0,5,-0.594,7,6,2,0
0,4,1,0,0,2,6,0,6,5,2,3,0,-0.37,3,2,0,5,1.327,1.887,0.0,7,0.513,1,3,3.553,3,3,1.593,5.41,7,-2.535,5,0.826,1.0,5.48,3,0,4,-1.29,5,0,0,-3.726,7,3,4,0
3,0,6,6,1,0,6,3,3,0,0,4,0,5.988,7,2,3,6,4.49,4.679,865.33,5,4.73,2,3,4.146,4,3,4.071,3.31,6,0.924,7,4.334,3.0,10.19,2,6,0,7.555,3,3,6,5.308,5,7,4,1
5,0,0,6,0,4,2,3,0,1,5,7,5,3.353,2,7,2,2,0.599,-1.126,0.0,2,1.077,2,7,-0.78,5,6,2.264,-0.11,4,-0.159,5,0.93,2.0,4.03,1,0,1,2.682,1,1,7,0.253,0,6,5,0
3,4,3,6,0,6,4,2,3,1,4,5,7,1.239,7,1,7,1,1.034,-2.588,0.0,0,2.068,2,3,1.916,0,4,1.803,2.27,3,-0.556,3,2.043,2.0,4.34,0,7,2,0.575,3,0,7,1.385,5,2,1,0
2,5,7,5,1,7,5,0,7,3,0,5,3,3.272,1,7,0,0,4.742,3.69,826.03,3,3.857,2,7,2.723,6,7,6.038,3.89,6,-0.587,3,4.449,3.0,9.34,1,0,1,2.036,0,5,5,0.981,1,3,0,1
6,1,4,4,0,4,7,1,0,7,0,6,2,0.766,6,1,0,4,0.88,2.354,0.0,4,-0.233,1,3,4.104,4,0,3.366,2.92,0,-1.056,5,1.112,1.0,5.21,5,6,1,1.228,6,0,3,0.183,1,6,3,0
1,1,5,6,0,1,5,7,5,4,7,5,4,0.845,4,4,0,4,0.963,3.461,0.0,6,-1.687,5,7,-1.022,3,5,0.79,3.35,0,2.138,2,0.283,-0.0,6.16,4,0,0,0.181,3,6,5,2.59,0,2,4,0
7,3,3,2,1,2,5,1,0,0,0,5,2,0.875,3,3,3,3,2.087,4.21,0.0,5,1.736,4,3,0.386,0,5,1.336,3.85,1,0.406,6,1.265,-0.0,4.94,4,7,4,0.726,3,5,7,-0.159,3,4,7,0
2,0,4,3,0,3,1,2,2,4,6,0,6,1.152,1,1,6,4,2.999,-1.272,0.0,7,3.222,2,0,0.484,6,7,3.867,2.89,0,1.79,5,3.122,2.0,1.42,7,4,7,0.731,3,6,3,1.016,7,2,3,0
7,1,5,2,0,7,6,7,0,4,4,6,7,-0.135,2,2,6,4,1.018,-2.784,0.0,2,1.139,1,2,0.992,4,0,-1.269,2.33,6,-0.083,4,0.109,1.0,3.63,0,7,2,3.384,5,3,2,4.137,5,7,1,0
0,7,3,2,0,0,6,4,1,5,2,1,4,2.336,6,4,4,7,-0.115,-2.515,0.0,0,-0.807,4,2,0.522,2,4,2.683,4.32,5,-0.767,0,-0.987,0.0,0.29,4,1,4,-3.189,4,0,2,-3.011,7,1,5,0
7,3,0,0,0,5,1,4,0,7,6,4,2,-0.02,2,5,7,0,0.703,1.129,0.0,0,2.003,7,3,-1.688,7,6,1.355,2.01,2,1.62,1,0.98,0.0,1.75,4,4,4,-0.703,4,0,7,0.406,2,2,0,0
1,7,3,4,0,4,2,3,1,5,6,6,3,-2.21,2,6,7,0,0.426,0.074,0.0,3,0.125,4,3,-0.347,5,3,-0.272,5.77,7,0.741,0,0.288,1.0,4.78,0,1,0,0.613,2,6,4,2.321,0,1,2,0
6,2,7,3,0,0,0,5,1,6,6,5,7,1.11,2,6,5,5,0.673,1.406,0.0,7,-0.747,4,2,1.237,2,0,-1.29,5.69,6,-0.533,1,1.458,0.0,3.56,1,3,3,0.665,1,4,2,0.781,7,1,7,0
1,2,0,7,0,6,6,1,3,4,6,7,5,-2.225,5,0,3,0,1.992,1.662,0.0,5,2.415,3,0,1.102,6,3,-0.918,3.16,7,0.516,3,1.033,1.0,2.32,5,1,3,1.621,0,0,0,-0.182,7,7,7,0
5,4,3,4,0,5,3,1,1,6,0,3,0,3.595,6,3,7,6,2.219,3.417,0.0,2,2.18,3,2,2.851,2,1,1.457,4.87,5,0.346,6,2.373,1.0,4.78,5,4,5,2.823,7,7,2,-0.53,0,2,1,0
5,4,5,1,0,5,2,5,5,6,1,6,0,0.018,5,4,2,5,1.918,2.711,0.0,0,2.232,4,4,5.222,6,5,0.905,4.47,2,0.945,1,1.997,1.0,6.8,6,5,3,0.284,7,7,1,-2.269,3,1,4,0
5,1,7,4,0,6,4,2,7,5,6,1,5,3.079,0,7,5,4,1.798,-1.515,0.0,2,2.869,4,1,1.289,1,6,-0.471,2.74,6,-0.139,4,1.598,1.0,2.51,0,1,2,2.914,3,2,6,-0.153,2,0,3,0
3,3,6,4,0,6,3,2,4,6,1,0,0,4.697,0,4,1,4,0.372,1.722,0.0,5,1.309,0,1,1.941,7,6,-0.942,1.29,1,0.299,2,1.132,-0.0,2.97,0,2,7,0.254,7,0,4,4.023,7,4,3,0
5,2,1,6,0,1,6,1,5,6,2,0,0,2.708,3,0,4,4,3.024,5.615,0.0,1,0.511,3,5,2.909,4,0,3.317,2.3,2,1.05,2,2.751,1.0,4.94,4,1,6,3.576,4,0,7,2.749,6,3,7,0
3,1,6,3,1,3,2,7,1,1,5,1,6,1.679,3,6,3,6,2.867,1.823,630.35,3,2.34,7,6,4.065,3,0,3.616,4.42,7,-0.008,1,2.073,2.0,8.62,0,5,1,2.714,3,1,1,4.658,5,5,7,1
3,1,2,1,1,5,0,5,5,2,3,4,2,1.845,2,2,4,0,2.498,4.586,0.0,1,1.585,1,4,-0.218,1,3,0.309,0.81,1,2.121,5,1.77,1.0,3.65,4,0,0,3.023,4,3,3,3.689,0,4,7,0
2,2,1,6,0,7,3,5,4,3,0,5,1,0.043,4,7,5,6,0.641,1.524,0.0,0,4.349,3,4,1.756,5,5,-0.354,5.44,1,-1.007,3,1.146,1.0,2.54,3,1,2,1.872,3,3,5,2.954,1,1,6,0
6,5,2,3,0,7,5,3,7,2,2,4,4,3.115,4,1,1,6,1.471,0.68,0.0,7,3.453,6,2,4.51,2,0,2.021,1.19,1,-1.343,5,0.85,1.0,2.88,4,5,6,2.145,7,4,7,0.941,6,5,5,0
0,3,5,4,0,5,7,5,2,5,7,5,3,2.39,7,3,2,0,1.77,-3.887,0.0,2,0.893,2,4,4.752,1,2,1.871,6.06,3,-0.723,5,0.315,-0.0,4.51,5,4,1,0.233,6,0,6,3.566,2,2,4,0
3,0,4,0,0,4,1,1,4,1,2,2,7,4.608,0,5,6,5,2.393,2.016,0.0,4,4.893,0,0,1.195,3,2,3.0,4.27,3,0.221,2,2.352,1.0,2.84,2,7,2,1.919,3,3,2,1.648,1,2,7,0
2,0,6,7,0,5,3,4,3,6,2,0,1,-2.682,1,0,1,2,0.37,2.288,0.0,1,2.513,2,6,3.028,6,0,1.316,3.65,0,-1.151,6,0.853,1.0,2.6,5,7,3,0.139,5,5,1,-3.548,6,1,2,0
3,3,7,7,0,1,4,1,2,7,5,2,4,-0.454,1,3,5,0,0.744,-0.589,0.0,0,2.527,5,3,2.89,3,6,-0.903,3.05,6,0.775,5,-0.276,-0.0,2.28,6,7,0,3.484,2,3,5,2.659,6,1,2,0
0,1,5,3,1,7,2,2,3,3,1,5,5,3.028,4,5,5,2,3.627,3.134,0.0,5,3.066,1,0,4.942,6,6,4.006,2.36,5,-0.292,1,3.895,2.0,4.39,5,0,5,4.273,6,1,0,7.313,5,5,1,0
3,0,3,1,1,5,2,2,3,6,4,0,3,2.428,0,4,4,0,1.818,-0.976,0.0,2,2.816,5,0,2.037,6,7,2.993,1.45,6,-0.412,4,2.829,2.0,3.53,4,7,0,4.608,7,7,0,4.566,5,7,2,0
6,2,7,5,0,0,3,4,7,0,3,6,0,0.69,2,1,7,7,0.704,2.779,0.0,1,2.097,0,6,-0.192,1,3,2.33,3.67,4,0.971,4,1.136,-0.0,3.29,2,0,6,-1.834,6,5,0,-2.43,7,1,2,0
4,5,2,5,0,4,7,6,0,0,4,5,3,6.127,3,1,6,0,0.995,4.001,0.0,7,0.936,0,0,1.258,0,3,2.602,2.03,6,0.781,6,1.848,2.0,5.03,3,4,5,-3.035,2,3,5,2.701,5,5,6,0
7,7,1,2,0,5,5,0,5,5,3,2,5,-1.6,0,5,7,5,0.114,0.827,0.0,1,-0.565,1,0,0.054,1,2,0.01,3.22,2,0.449,4,0.311,0.0,4.32,1,6,1,3.754,3,2,6,-1.484,4,6,1,0
0,5,5,2,0,6,6,2,3,6,5,2,0,0.138,1,1,7,0,1.025,3.468,0.0,7,-0.63,3,3,3.363,1,3,1.868,3.03,3,0.292,4,1.707,1.0,4.09,2,0,6,-0.068,6,1,7,0.598,7,5,6,0
3,1,0,2,1,2,7,4,6,0,7,2,5,2.363,3,3,6,4,3.051,1.852,132.6,7,2.471,3,4,3.876,2,6,2.372,6.81,4,-0.324,7,2.503,2.0,6.62,4,4,5,-0.662,1,5,1,-2.005,0,6,7,1
6,7,7,5,0,5,7,3,6,2,2,6,2,-1.682,0,5,2,2,-0.195,-2.659,0.0,5,1.083,0,5,-0.111,7,5,1.057,2.03,7,-0.058,3,0.045,-0.0,4.57,1,6,5,-0.542,6,4,3,2.814,6,2,3,0
7,4,4,1,1,0,5,2,7,1,5,5,2,6.333,2,2,3,7,3.324,1.96,0.0,2,6.053,1,1,3.473,5,4,2.433,2.37,7,-0.8,1,3.885,2.0,4.5,7,3,1,3.329,6,3,3,4.43,1,7,4,0
1,1,6,4,0,3,4,6,7,3,7,3,6,2.687,1,4,6,2,1.156,4.013,899.66,3,0.47,2,4,2.675,6,3,2.284,6.36,0,1.033,4,1.411,-0.0,6.43,6,4,4,-1.975,4,7,6,1.164,1,4,0,1
2,4,4,6,0,1,6,6,5,0,2,5,5,-1.628,7,0,3,0,0.527,2.09,0.0,5,-0.415,5,7,-1.465,3,0,0.068,2.58,0,1.811,1,0.76,1.0,4.18,1,3,4,-1.238,2,7,3,-1.903,2,7,1,0
0,6,0,7,0,5,4,3,0,4,4,7,5,-1.434,3,3,3,0,0.031,-0.511,0.0,2,-0.94,5,4,0.118,7,7,2.025,1.76,0,-1.38,6,0.134,0.0,2.12,3,5,5,-0.892,5,2,4,-1.176,4,2,4,0
2,6,4,7,0,7,1,6,3,4,3,2,6,0.879,0,6,7,5,1.698,4.894,0.0,4,2.348,5,4,1.039,1,4,1.828,3.57,3,0.151,6,2.237,1.0,5.11,1,0,1,0.275,3,0,6,4.715,3,2,5,0
3,1,4,2,0,5,5,5,5,6,2,1,3,2.647,7,6,6,3,1.743,1.856,0.0,7,0.945,3,6,4.38,4,1,3.497,-0.19,4,0.455,7,2.139,2.0,3.85,7,3,1,3.692,3,1,4,1.29,4,5,5,0
1,3,5,5,0,0,5,3,0,4,3,5,2,1.412,2,1,2,0,1.183,-0.105,0.0,0,-0.243,1,6,-1.073,4,4,1.144,1.31,2,-0.807,0,1.784,1.0,3.85,5,7,0,2.435,3,1,4,1.817,7,3,0,0
6,3,4,0,0,3,4,2,1,2,4,1,7,3.887,5,4,5,4,1.738,1.499,0.0,2,3.685,5,2,2.801,4,2,0.828,-0.12,6,-1.053,0,2.496,1.0,2.89,1,1,4,2.495,4,4,6,3.072,2,0,5,0
4,3,2,2,0,3,3,5,0,4,4,0,2,0.809,4,1,4,6,2.273,0.636,0.0,2,0.945,6,4,4.151,3,2,3.585,7.25,1,0.58,0,1.59,1.0,6.86,2,7,1,1.897,3,2,3,-1.454,1,1,2,0
2,3,2,0,0,6,4,1,3,4,0,0,5,-4.575,2,3,7,3,0.069,-0.919,0.0,0,0.357,6,0,5.179,6,1,3.286,2.08,4,0.667,3,1.44,1.0,4.4,2,7,3,0.585,7,1,1,2.539,1,6,1,0
7,3,4,1,0,3,1,0,3,7,1,4,0,2.876,7,3,5,7,2.152,0.767,0.0,4,3.181,0,3,2.72,3,1,1.227,1.41,5,0.462,6,2.976,1.0,3.19,0,7,1,7.036,4,0,7,-0.643,1,2,7,0
0,0,3,3,1,1,5,5,2,0,2,6,4,3.328,6,2,0,5,1.625,0.071,0.0,2,1.363,1,4,-1.71,1,5,1.784,1.81,7,-0.417,2,2.304,2.0,3.94,3,5,2,-2.561,2,1,3,1.642,1,7,3,0
1,2,3,3,0,1,0,5,7,3,2,5,1,3.538,1,4,7,6,0.202,1.624,589.59,4,-1.327,4,0,0.962,3,1,-0.728,3.49,4,-0.577,4,-0.227,1.0,5.54,6,3,0,0.982,0,6,3,-0.806,1,7,1,1
1,5,1,4,0,6,4,5,7,7,6,7,3,1.504,7,1,7,2,0.998,0.976,0.0,7,-0.089,4,0,1.266,0,2,-0.194,3.83,7,0.516,4,2.206,1.0,4.88,5,7,1,3.826,4,2,1,2.981,0,7,6,0
7,1,1,0,1,3,4,6,3,6,2,4,6,4.467,2,1,4,1,3.213,4.085,656.23,4,2.044,4,5,4.044,0,5,1.419,5.49,6,-0.056,1,2.902,2.0,6.8,1,5,2,-1.922,0,6,6,3.285,2,1,4,1
3,4,1,1,0,6,4,2,3,0,6,5,5,1.09,3,2,6,0,1.056,0.013,0.0,3,2.028,4,3,-1.208,7,6,1.06,5.9,4,0.371,4,-0.005,1.0,3.07,4,1,6,-0.246,5,0,7,5.955,4,4,3,0
3,5,4,0,1,0,2,3,3,3,3,2,7,-0.381,7,0,3,0,2.448,1.636,0.0,5,3.462,7,5,3.304,3,6,2.561,3.6,4,1.449,5,2.789,1.0,4.02,6,6,1,1.021,0,4,2,3.788,3,2,6,0
4,2,5,4,0,0,0,4,0,6,3,6,6,3.391,6,6,5,2,1.782,2.025,0.0,0,0.618,2,2,1.894,3,0,-0.171,2.83,7,-0.544,7,1.79,2.0,1.66,4,1,6,4.463,1,4,1,0.6,5,1,0,0
4,5,3,0,0,4,0,7,1,3,1,1,2,0.191,4,2,2,4,0.936,-0.908,0.0,3,0.847,1,1,2.867,3,5,3.275,2.59,2,-1.969,2,-0.121,0.0,4.61,4,6,1,-1.415,1,3,1,0.751,5,3,1,0
1,2,4,3,0,4,6,7,3,5,2,2,2,1.627,0,1,5,7,0.391,1.611,0.0,7,0.466,5,0,2.377,4,3,0.841,3.95,1,-0.588,1,1.255,0.0,1.77,4,0,4,2.769,3,6,6,1.372,4,1,5,0
3,0,5,7,0,2,4,4,2,1,2,5,5,-3.606,4,3,7,4,0.255,-2.07,0.0,3,-0.591,6,2,1.818,1,6,0.061,1.96,1,2.099,1,1.05,0.0,3.35,3,2,4,5.014,0,4,5,-0.336,3,2,7,0
6,3,3,3,1,3,5,3,3,1,5,6,1,3.689,4,0,0,4,2.019,-1.267,883.5,3,3.075,1,7,3.1,5,7,2.229,5.66,2,1.375,1,2.807,2.0,6.09,0,1,6,5.309,2,5,7,3.402,4,7,5,1
5,7,6,7,0,0,3,2,4,7,7,1,7,-1.765,7,4,5,7,0.618,0.132,0.0,0,1.199,6,6,4.311,4,1,1.16,3.19,4,-0.421,5,0.615,1.0,2.92,5,1,4,1.302,6,1,4,-2.684,0,7,5,0
6,6,6,5,1,1,4,6,6,0,6,7,5,2.95,0,2,3,4,3.803,-2.28,0.0,2,4.59,6,3,0.866,7,4,1.907,2.58,3,1.259,1,3.53,2.0,2.35,6,3,0,5.638,4,2,5,6.129,6,2,3,0
5,2,1,7,0,6,0,1,1,1,1,1,3,3.354,4,6,1,4,0.625,0.952,0.0,6,-2.215,7,3,-1.038,4,5,-0.127,3.27,5,1.536,0,0.072,1.0,5.27,5,7,3,4.583,3,7,6,-1.56,5,0,2,0
4,4,7,1,0,6,2,5,6,0,5,4,2,-2.482,5,3,1,6,0.386,-2.385,0.0,5,0.276,3,2,1.312,2,6,2.736,4.14,4,0.213,2,-0.673,0.0,4.56,5,2,3,1.334,4,1,5,0.376,1,2,2,0
7,6,6,6,0,4,5,5,5,5,7,7,4,2.817,0,1,2,5,0.934,-1.844,0.0,1,-1.219,0,5,1.054,6,4,1.817,3.4,4,0.033,2,0.683,1.0,5.99,7,0,6,-0.168,7,7,7,-1.048,2,7,6,0
0,1,6,3,1,7,3,7,4,3,0,0,3,0.98,7,2,5,1,2.075,6.539,0.0,2,1.334,7,1,2.21,4,4,2.801,0.86,4,-0.321,4,1.637,1.0,2.2,4,2,7,5.414,5,1,1,1.463,6,0,7,0
1,4,6,6,0,6,7,0,6,7,6,3,1,-0.873,0,5,3,1,1.369,2.038,0.0,4,3.304,5,5,-0.358,3,6,1.713,1.88,6,-0.398,7,0.945,-0.0,3.17,7,0,6,-1.353,2,0,1,0.091,0,6,1,0
1,7,2,3,0,4,5,5,4,2,4,2,4,3.022,6,5,4,4,2.008,0.674,0.0,2,2.794,6,7,1.272,7,5,2.158,6.74,3,-0.276,3,3.139,2.0,0.82,3,4,4,2.924,7,4,2,3.276,0,5,0,0
2,4,4,4,0,2,3,4,0,4,4,2,0,-0.803,5,1,4,3,0.954,0.423,0.0,2,-1.565,5,1,-2.281,2,0,-0.168,3.02,1,-0.271,1,1.377,1.0,6.32,1,3,6,2.661,4,2,4,3.045,6,5,2,0
6,7,0,2,0,4,2,5,1,3,5,6,6,0.671,1,3,1,3,0.325,-0.686,0.0,2,-0.697,5,7,2.178,1,1,0.718,5.3,6,0.436,0,-0.22,0.0,3.94,0,1,2,0.402,7,3,3,-0.041,7,1,2,0
3,1,6,4,0,6,6,5,0,0,3,2,2,-0.994,3,4,1,4,2.52,-0.293,0.0,6,3.095,1,0,3.193,1,2,3.724,3.41,3,-0.102,4,2.67,2.0,2.31,6,0,5,3.428,1,4,0,1.328,4,2,5,0
2,1,2,1,0,7,7,6,1,7,0,5,2,5.216,5,7,3,5,1.685,4.384,0.0,6,2.125,3,0,1.843,3,2,1.288,3.46,7,1.176,6,1.802,1.0,5.25,3,1,3,1.867,1,2,0,-0.301,0,7,0,0
3,3,1,1,0,7,7,3,6,4,5,7,6,1.388,5,4,4,3,-0.072,1.994,0.0,4,1.839,1,1,0.296,2,5,0.527,1.74,1,0.393,2,0.778,0.0,3.98,6,6,4,-0.029,4,7,2,1.74,0,2,3,0
6,5,2,3,0,0,4,7,6,5,4,2,4,-2.168,1,3,2,0,0.103,0.258,0.0,5,-1.397,4,4,-1.591,7,7,1.285,4.68,6,-2.114,3,0.06,1.0,2.83,5,7,1,1.896,1,4,1,2.343,2,7,4,0
2,5,4,3,1,6,4,7,3,2,7,6,2,7.421,0,5,5,7,4.992,6.914,79.34,7,4.3,0,6,3.493,3,0,1.384,3.57,2,-1.748,7,4.735,2.0,9.55,6,0,0,4.802,5,6,3,2.45,1,0,0,1
6,4,7,7,1,0,7,4,0,5,7,1,5,0.912,3,2,1,3,2.796,4.36,0.0,0,4.003,7,1,4.348,3,2,3.467,2.51,5,-0.258,7,2.857,2.0,3.63,0,7,6,1.208,0,5,3,2.663,0,1,4,0
0,7,5,2,0,1,4,2,6,5,2,6,7,2.285,7,0,5,4,0.638,-2.089,0.0,1,-0.386,0,5,-0.313,3,5,1.072,1.8,5,-1.078,7,-0.17,0.0,3.84,7,0,7,-3.899,0,3,7,0.857,5,2,6,0
3,7,5,4,0,1,0,6,4,1,7,3,6,6.134,1,4,5,2,1.278,-0.487,0.0,6,2.155,7,3,-2.505,5,0,4.052,3.43,5,-1.133,2,0.158,1.0,1.43,5,5,3,0.916,7,1,2,1.696,6,2,5,0
0,1,4,1,0,1,0,5,3,3,2,3,0,1.847,4,0,2,3,3.34,6.113,0.0,2,4.536,6,0,0.174,7,2,2.892,4.11,7,0.193,2,1.651,1.0,4.98,5,4,7,5.946,1,1,5,4.969,4,7,2,0
6,0,5,3,0,3,0,4,2,0,6,3,3,0.53,2,4,2,5,1.168,-2.422,0.0,3,1.459,6,3,4.031,4,6,0.905,2.73,1,0.606,2,0.523,1.0,1.54,1,0,1,0.346,2,4,5,6.993,7,4,6,0
3,0,6,1,0,4,2,1,5,2,1,5,1,1.71,4,1,7,4,0.832,0.559,0.0,0,1.601,0,4,3.57,2,5,0.383,0.42,3,-1.39,3,2.201,1.0,5.25,3,6,2,-1.297,0,2,5,1.076,5,0,6,0
0,4,6,1,1,2,0,0,6,4,3,7,5,2.803,3,2,3,6,3.561,5.035,0.0,3,2.04,3,2,0.668,7,2,1.852,4.06,5,0.609,2,3.489,2.0,4.16,0,7,4,2.229,6,3,4,0.309,5,4,6,0
0,0,4,2,0,1,3,5,0,4,0,4,7,-0.656,1,0,7,3,1.014,3.396,0.0,1,0.987,4,2,0.684,2,2,2.544,0.62,1,-0.922,5,1.687,1.0,6.93,7,6,4,4.256,3,7,1,2.021,1,7,4,0
6,2,5,6,0,3,3,0,4,2,1,1,1,-2.736,5,7,0,4,1.578,-0.465,0.0,7,1.756,6,3,3.347,0,0,3.433,1.12,2,0.217,2,1.157,1.0,2.78,2,5,4,7.602,3,3,7,-0.498,6,4,6,0
6,6,3,6,0,6,3,0,4,4,0,1,4,0.772,4,3,6,0,2.671,3.148,0.0,4,1.338,3,1,0.165,4,0,3.138,1.44,3,1.161,5,1.779,1.0,6.45,2,1,6,2.939,0,1,3,2.68,5,2,7,1
2,6,2,4,0,1,5,4,7,4,2,4,6,-1.652,3,0,1,4,0.921,1.897,0.0,6,0.346,5,2,0.651,4,4,2.426,5.02,2,0.919,0,1.796,-0.0,1.61,4,4,7,-1.831,4,1,4,1.939,5,6,0,0
5,3,2,4,0,7,0,5,7,2,4,3,6,-0.501,1,6,4,5,0.746,0.067,0.0,1,2.988,4,6,0.406,3,7,1.974,2.02,0,1.137,3,1.313,1.0,5.69,3,6,4,1.226,0,0,4,1.57,0,6,1,0
3,7,1,2,0,5,0,2,4,1,4,3,7,0.642,1,7,7,5,2.989,-1.133,0.0,1,2.451,0,5,3.284,5,0,1.253,3.14,1,0.776,4,3.188,2.0,3.2,3,2,1,2.96,6,3,2,3.626,5,3,6,0
1,5,4,4,0,2,2,3,1,0,3,5,0,-3.194,6,0,3,2,0.583,-1.462,0.0,3,0.633,1,5,-2.512,7,3,2.87,5.11,0,0.49,6,0.563,1.0,3.91,4,2,0,2.379,0,5,5,2.212,3,0,2,0
4,3,6,1,0,7,4,0,0,3,7,2,3,2.645,0,1,0,5,0.38,3.962,0.0,1,-1.025,2,1,1.365,7,6,0.59,3.64,3,-0.135,3,0.537,0.0,5.26,7,4,1,1.406,6,0,6,-1.254,7,0,4,0
3,7,6,3,0,3,0,0,3,2,4,4,4,1.339,5,1,5,2,0.82,2.076,0.0,1,2.065,1,7,-1.41,0,0,0.481,2.87,7,0.991,3,0.613,0.0,4.49,0,3,6,-0.291,5,3,0,0.761,6,5,0,0
3,0,3,2,0,2,5,1,7,4,1,7,1,0.396,1,4,5,2,0.283,2.186,0.0,5,-1.496,7,7,3.194,5,0,1.163,2.32,3,-1.135,7,0.031,0.0,3.23,3,4,3,-3.992,7,1,7,3.661,0,4,0,0
1,0,6,7,1,6,1,1,7,6,4,1,6,5.082,7,5,7,4,4.468,2.916,0.0,6,4.402,1,7,1.484,1,5,2.754,6.36,4,-0.593,2,4.438,2.0,3.85,6,7,2,4.782,3,2,7,3.823,3,3,2,0
7,3,7,2,0,2,3,2,7,3,7,4,7,0.329,0,5,0,3,0.192,-1.342,0.0,1,0.724,2,1,2.383,4,1,0.079,2.99,1,-1.293,4,0.215,-0.0,1.44,2,1,5,1.4,6,3,5,-1.092,4,7,4,0
1,7,7,0,1,7,7,6,1,6,0,0,5,9.689,0,2,4,1,6.672,6.565,0.0,7,7.515,1,4,7.841,5,2,6.402,5.43,2,-0.836,4,6.815,4.0,7.06,0,1,0,6.885,2,5,1,5.052,6,4,3,1
3,2,0,2,0,1,1,3,5,2,4,6,1,3.922,2,4,4,0,1.093,0.911,0.0,6,1.234,0,3,-1.319,3,0,3.273,2.55,2,0.309,0,1.924,0.0,4.14,4,6,6,2.406,5,7,6,-1.139,1,4,5,0
2,3,4,5,1,1,3,2,4,1,6,2,7,2.024,5,4,3,7,2.604,3.53,0.0,1,2.588,4,2,4.815,5,3,3.324,2.05,6,-0.025,1,2.562,2.0,3.67,6,7,7,1.798,3,7,0,1.34,6,6,5,0
6,6,4,3,0,6,4,1,1,2,5,2,2,1.01,5,6,2,3,0.443,2.362,0.0,5,0.373,7,4,-0.077,5,7,-4.007,3.59,6,-0.316,1,0.747,0.0,2.71,4,2,7,4.581,4,1,1,1.348,6,5,0,0
6,2,4,3,0,2,7,5,3,4,4,2,6,3.177,5,2,7,5,0.933,0.223,0.0,1,0.704,5,3,3.161,6,7,0.765,3.08,0,-1.198,2,0.355,-0.0,3.51,2,5,6,-3.779,1,0,4,0.275,0,3,4,0
1,2,5,2,0,2,4,2,3,0,1,5,6,0.433,4,6,0,3,0.891,-1.254,0.0,1,-0.333,4,4,-0.1,1,1,3.71,3.71,7,0.451,3,1.165,-0.0,3.04,6,0,5,2.866,6,3,0,4.004,5,2,6,0
1,6,5,1,0,1,6,5,1,6,0,2,3,0.857,2,4,2,3,-0.175,2.816,0.0,4,0.135,0,4,2.467,3,1,-1.401,2.99,2,0.009,4,-0.14,-0.0,5.58,3,4,7,1.626,6,1,1,-1.485,3,5,6,0
5,5,6,5,0,6,2,1,5,6,2,3,6,0.124,3,1,0,1,0.81,3.192,0.0,7,1.199,6,7,0.462,3,4,1.122,5.2,0,-0.896,2,1.241,1.0,4.21,4,6,2,3.389,2,6,1,-0.597,1,0,4,0
4,4,7,1,1,5,7,0,6,6,2,7,2,5.149,5,2,1,0,5.518,5.135,0.0,2,4.04,5,1,5.151,0,0,6.445,2.43,0,0.735,0,4.959,2.0,4.2,5,4,2,1.424,6,4,3,4.619,3,5,5,0
0,3,0,1,0,7,4,2,6,0,1,1,3,3.58,6,7,3,0,1.848,1.107,0.0,5,2.778,2,0,-2.054,5,0,1.754,4.32,7,0.648,3,1.842,1.0,4.36,6,7,4,4.881,4,7,4,2.88,1,5,3,0
3,1,7,0,0,5,1,7,6,1,0,1,4,2.146,3,6,1,6,0.696,-1.04,0.0,0,0.013,0,4,3.42,0,1,2.59,6.0,7,-0.66,3,0.504,-0.0,5.67,2,6,2,-2.025,7,7,6,1.894,0,2,5,0
4,4,6,2,1,2,5,0,6,1,4,1,4,3.994,7,7,0,6,4.237,8.76,0.0,5,4.521,7,1,4.047,3,5,3.563,4.43,2,-0.93,7,4.899,2.0,2.27,1,7,5,4.538,4,4,0,2.605,2,4,0,0
1,4,3,1,0,0,1,2,5,5,3,0,5,4.848,2,1,7,7,1.075,-1.126,0.0,7,1.006,5,4,1.442,2,6,-0.359,4.9,2,0.222,1,1.326,0.0,3.59,4,5,1,0.67,0,3,4,-3.584,7,2,2,0
7,4,5,6,0,5,4,6,0,3,5,2,6,2.461,2,4,0,1,1.499,0.163,0.0,4,0.955,5,3,-0.008,5,4,1.645,5.37,6,1.626,4,0.824,2.0,2.97,5,4,7,-0.837,5,2,6,1.353,1,1,0,0
5,2,6,3,0,0,0,4,5,4,6,7,6,-2.932,7,2,6,4,1.539,0.824,0.0,2,0.833,0,5,-1.076,2,4,2.19,3.86,5,0.462,1,1.563,1.0,4.67,7,1,2,-1.503,5,3,2,3.774,5,3,4,0
2,3,1,0,0,3,1,5,0,5,3,3,5,1.491,6,7,1,5,0.736,-0.423,0.0,7,-0.178,2,0,-0.965,2,6,2.869,3.22,6,1.0,1,1.062,1.0,2.5,5,3,5,-1.354,5,4,3,-5.524,7,6,5,0
0,3,5,0,0,2,7,2,3,4,1,5,1,-0.565,6,0,1,7,2.006,3.079,762.54,1,4.008,5,0,-0.703,4,5,1.075,5.48,3,0.347,5,0.807,2.0,4.86,2,1,1,4.314,4,2,1,1.817,0,0,0,1
2,4,7,1,0,5,5,4,0,1,2,5,6,-2.566,6,7,2,1,-0.312,0.42,0.0,5,-1.444,0,4,0.545,5,3,-1.406,3.37,3,-1.547,4,0.044,0.0,3.18,4,0,6,0.466,0,4,4,0.133,1,7,1,0
4,6,2,7,0,4,6,6,2,3,7,1,0,2.713,5,2,2,0,1.984,-1.651,0.0,6,0.352,6,5,2.441,1,1,1.735,3.36,1,0.648,2,2.221,0.0,1.84,7,1,5,-0.711,5,5,4,2.344,3,4,1,0
3,3,3,7,0,2,7,3,5,5,6,2,3,3.139,2,0,7,4,0.896,0.88,0.0,2,-0.18,6,1,1.339,7,7,-0.654,2.82,1,0.512,5,1.075,0.0,1.3,2,1,7,3.206,3,7,6,1.514,6,2,7,0
1,3,4,4,0,3,1,6,0,5,0,5,1,0.01,7,1,2,2,0.952,-2.079,0.0,2,0.704,3,2,3.845,2,1,0.671,1.68,7,1.32,4,0.121,1.0,3.19,5,7,6,0.595,3,5,0,0.605,3,4,1,0
4,0,2,5,1,5,5,2,1,3,3,0,5,3.712,3,3,0,3,4.648,3.645,0.0,2,2.989,3,1,8.972,4,6,2.326,4.26,2,-1.469,4,4.707,2.0,5.34,7,5,4,8.543,5,0,4,6.325,4,1,0,0
4,3,1,7,0,3,1,5,2,1,4,4,4,2.135,4,6,5,1,0.574,0.004,0.0,0,0.299,2,3,2.954,7,7,-0.874,4.26,1,-0.028,0,0.744,0.0,6.31,6,0,7,-1.696,5,2,5,-2.026,5,3,1,0
2,4,1,4,1,0,5,5,0,7,7,6,3,4.001,5,5,1,3,5.204,5.23,303.78,5,5.923,3,2,6.176,4,4,3.578,2.35,1,-1.338,6,4.227,3.0,9.78,2,7,0,5.574,5,2,7,3.524,5,7,3,1
5,4,5,2,0,4,5,6,1,2,3,6,3,0.505,2,6,4,3,1.085,2.717,0.0,0,0.514,6,7,1.764,5,3,0.472,2.64,1,0.057,0,1.523,-0.0,3.73,0,0,4,-1.206,6,3,3,4.133,6,6,6,0
0,3,5,5,1,1,6,2,7,5,6,6,1,8.908,4,6,0,2,9.456,11.494,179.6,1,9.57,6,4,9.738,1,5,8.422,3.79,6,2.012,0,9.53,6.0,8.18,3,3,0,8.953,1,1,0,13.954,0,6,1,1
7,7,2,7,0,4,3,2,4,3,2,6,7,1.674,2,5,5,1,2.264,2.122,0.0,6,3.834,7,3,1.513,7,0,1.193,2.52,4,-0.722,1,1.828,1.0,2.23,3,2,7,3.726,1,6,0,3.896,7,4,6,0
1,6,1,3,0,1,1,2,7,5,7,0,5,3.782,1,1,0,0,1.057,-0.915,0.0,1,0.892,1,1,1.019,3,6,1.588,3.23,2,-0.692,4,1.23,1.0,5.4,7,4,2,0.749,1,7,1,-2.792,7,4,6,0
2,7,7,2,1,7,2,6,2,7,6,3,7,3.792,7,2,5,4,4.889,3.369,0.0,4,5.114,2,3,5.224,2,0,6.125,3.49,4,-0.884,6,4.357,3.0,7.07,5,4,3,2.632,7,5,5,1.468,1,6,5,1
7,3,4,2,0,6,4,0,7,5,1,1,1,2.829,3,5,6,1,0.043,4.941,0.0,1,0.55,6,6,1.468,3,2,-0.21,3.29,0,1.033,7,-0.156,-0.0,4.32,2,4,2,1.601,7,2,5,0.965,0,3,1,0
1,4,3,6,0,2,6,7,6,4,4,1,4,-0.918,4,7,1,0,2.78,2.118,0.0,2,1.64,7,7,0.871,0,2,1.592,3.26,3,0.45,4,2.024,1.0,2.95,6,4,3,0.231,1,3,0,-0.427,2,1,3,0
6,1,4,2,0,7,2,2,2,5,7,5,7,3.049,3,6,4,0,1.525,5.494,0.0,5,1.287,7,7,3.21,0,7,2.536,5.36,2,1.435,2,0.692,1.0,3.29,6,0,6,4.553,6,0,0,4.383,5,0,4,0
2,4,2,6,0,7,2,1,4,3,5,5,7,-1.458,3,6,3,7,0.524,0.846,0.0,7,-0.607,0,4,-0.172,5,6,-1.836,5.28,2,-0.32,5,-0.585,1.0,5.99,2,7,3,2.861,6,0,1,2.013,7,4,5,0
3,4,6,1,0,5,5,4,3,0,6,0,2,2.163,1,5,6,2,0.498,0.204,0.0,2,0.07,5,3,-0.829,1,3,1.751,4.78,1,-1.09,4,0.063,0.0,5.41,4,0,7,2.706,0,1,1,0.854,3,2,7,0
0,7,6,7,1,5,0,1,3,3,6,0,4,4.106,7,4,3,2,2.964,5.272,0.0,2,3.971,6,7,5.404,1,6,3.738,-0.21,4,0.246,3,2.796,1.0,6.09,5,5,2,3.995,3,5,7,6.192,1,5,5,0
3,7,6,5,1,4,0,3,7,2,5,3,1,1.306,0,1,5,1,3.778,7.453,0.0,0,4.326,0,1,6.555,0,0,0.857,4.0,2,0.289,3,3.458,2.0,6.19,7,5,4,3.206,2,1,5,2.824,5,5,1,0
0,2,5,6,0,4,1,5,5,7,2,2,3,-0.868,6,5,2,0,0.762,0.203,0.0,2,0.179,3,4,-0.062,5,6,2.195,1.68,3,0.196,4,0.214,1.0,4.84,2,0,3,-3.578,3,7,1,-0.473,7,2,5,0
1,0,2,4,1,1,6,6,7,1,7,4,3,2.952,2,5,3,5,3.128,0.813,0.0,7,3.635,5,5,1.727,3,7,3.649,0.76,0,-1.145,1,3.293,2.0,3.63,2,7,7,1.793,3,6,6,0.64,1,1,5,0
2,6,7,7,0,6,7,7,7,7,4,7,7,1.865,5,3,6,1,0.391,-0.921,0.0,3,1.377,1,7,2.03,1,3,0.458,2.26,7,1.66,3,-0.075,0.0,5.67,6,1,1,0.94,2,5,1,0.663,3,5,4,0
3,4,7,5,0,2,6,0,4,5,6,0,2,0.136,2,5,5,0,1.94,1.339,0.0,0,2.12,4,0,-0.857,5,4,2.784,4.37,0,0.062,7,1.134,1.0,2.43,1,1,2,-1.295,4,5,0,3.903,1,1,4,0
1,5,6,4,0,1,5,0,6,3,7,3,1,5.433,5,7,0,1,0.06,-1.533,0.0,3,-0.298,6,6,-1.416,1,5,0.971,2.19,6,0.835,7,0.294,0.0,3.63,6,2,4,-1.019,7,0,1,-0.237,5,7,0,0
3,2,7,3,0,4,2,6,7,4,3,5,5,4.712,2,4,1,4,1.404,2.491,0.0,6,2.457,2,2,2.223,2,3,-1.35,0.83,4,1.652,3,2.221,1.0,3.21,3,7,5,0.986,6,0,6,2.805,6,3,2,0
2,3,7,1,0,1,6,4,3,7,0,0,3,0.113,5,5,1,7,0.603,3.397,0.0,0,0.024,7,2,1.227,7,1,1.994,5.05,6,1.059,3,0.64,0.0,5.36,2,1,3,1.164,4,1,7,3.353,2,1,1,0
3,5,3,3,0,5,6,0,0,5,0,7,6,3.448,5,3,6,1,1.612,-1.144,0.0,0,1.147,0,4,0.882,4,0,2.112,3.16,4,0.799,4,0.323,1.0,4.22,0,6,2,1.441,3,7,3,2.064,2,1,5,0
0,3,3,3,1,3,2,4,1,7,4,0,6,3.862,0,3,7,7,2.031,0.058,0.0,1,1.827,7,3,4.066,3,3,3.347,4.34,1,0.221,5,1.344,2.0,4.6,5,0,2,5.991,5,5,2,2.944,5,6,1,0
2,4,5,2,1,6,2,6,3,1,1,1,0,1.661,2,1,7,4,3.887,2.426,0.0,7,1.858,7,2,-1.116,6,5,2.376,4.87,6,-0.895,5,3.551,2.0,6.29,6,4,4,3.229,1,4,4,3.791,4,0,7,0
7,4,6,7,0,1,6,2,1,1,4,7,5,3.822,1,1,4,2,-0.226,-2.813,0.0,6,-0.683,7,1,0.476,6,6,-1.758,-0.03,0,-0.191,3,1.219,0.0,3.38,2,1,0,0.936,6,0,5,1.149,2,5,6,0
6,7,0,4,1,6,5,7,7,6,1,4,1,3.243,3,5,7,3,2.652,3.686,261.11,2,3.413,7,7,2.593,3,7,3.471,2.65,1,-1.056,2,4.709,1.0,7.77,2,3,7,4.644,4,6,0,2.096,3,7,4,1
4,2,5,7,0,7,2,6,4,7,7,0,3,1.283,1,5,4,1,0.029,2.301,0.0,4,0.235,2,0,0.928,5,3,0.696,2.33,1,0.302,1,0.599,-0.0,3.12,2,3,3,-1.896,7,3,3,0.835,4,5,7,0
5,5,2,4,0,3,6,3,5,7,7,1,7,-3.297,7,0,1,2,1.178,2.771,0.0,3,2.663,7,5,3.742,5,2,0.576,2.72,3,-1.278,2,0.627,1.0,3.72,1,1,6,2.062,4,6,4,-0.285,3,7,4,0
7,3,0,7,0,0,1,7,5,3,1,3,1,0.57,1,7,3,5,1.69,-4.244,0.0,3,0.603,7,2,1.795,4,6,1.573,3.13,3,0.308,2,1.349,0.0,5.02,4,2,5,4.091,0,0,6,3.246,3,2,7,0
4,0,2,3,0,6,7,4,6,7,1,4,0,-0.629,5,3,3,7,1.724,3.699,0.0,0,1.564,4,7,2.888,5,4,1.234,5.85,1,-1.729,3,0.982,0.0,1.39,1,5,0,-0.319,0,5,3,0.652,4,6,2,0
4,6,7,7,1,4,0,2,6,3,4,0,0,3.221,3,0,5,0,4.184,5.12,295.36,0,3.797,2,1,2.568,0,1,3.721,2.83,2,0.004,2,4.375,2.0,7.73,6,0,0,2.567,5,5,6,3.409,5,0,1,1
2,1,5,6,0,6,0,3,1,2,4,5,4,1.485,6,7,4,3,2.184,2.572,0.0,5,0.875,5,1,2.417,5,6,2.696,4.09,6,-0.65,4,2.342,1.0,3.56,3,4,3,0.412,6,4,2,3.57,3,3,5,0
1,6,4,5,0,4,1,5,7,4,6,7,3,1.719,2,5,4,0,0.404,3.2,0.0,4,-0.498,1,0,-0.249,7,7,2.291,2.13,5,-0.158,0,0.464,-0.0,5.99,4,6,1,1.049,3,2,1,2.325,3,2,0,0
1,3,1,3,0,1,4,2,1,1,4,0,2,2.346,2,4,2,1,1.259,0.778,0.0,2,-0.298,2,5,-3.151,4,7,-2.455,4.17,7,-0.348,5,2.155,0.0,1.16,6,6,3,3.005,1,4,7,0.945,3,5,7,0
1,3,1,4,0,0,5,7,1,5,7,0,0,4.986,0,4,6,4,1.429,-0.878,0.0,0,1.132,0,6,-0.034,7,4,-0.954,5.47,2,1.042,6,1.112,0.0,6.62,4,1,6,3.983,0,7,6,3.016,7,3,2,0
2,7,1,2,0,3,0,3,6,2,6,3,6,5.34,4,0,4,6,1.833,3.128,0.0,0,3.687,5,5,-0.142,7,4,4.683,0.6,4,1.058,6,1.643,1.0,4.31,1,3,1,1.282,6,1,4,1.391,6,2,2,0
1,5,5,1,0,3,0,2,6,6,2,0,5,1.927,5,1,0,7,1.546,4.259,0.0,3,3.044,4,6,5.002,2,6,4.547,1.57,7,-1.108,2,1.746,0.0,4.86,5,6,7,3.397,7,3,1,3.925,1,6,7,0
3,3,0,6,0,5,2,7,1,1,4,5,4,-0.041,4,3,3,7,1.537,4.753,580.25,2,1.064,3,6,1.027,0,7,1.17,4.08,7,-1.122,7,1.062,1.0,6.83,1,6,5,4.702,4,7,4,-3.201,6,2,7,1
2,2,7,3,0,5,1,3,3,1,6,5,6,3.542,3,2,4,7,2.464,1.244,0.0,4,1.749,1,0,-0.342,3,0,2.894,3.32,1,0.639,4,1.315,2.0,7.92,2,3,6,-2.722,3,4,6,0.445,7,5,6,1
6,1,6,2,0,0,6,4,5,7,7,6,3,0.301,5,6,6,6,0.272,1.575,0.0,0,0.21,2,3,-1.741,5,0,3.865,1.64,3,1.469,3,0.18,-0.0,3.46,2,3,6,0.714,0,1,5,-0.664,7,2,0,0
1,4,3,6,0,4,5,7,7,3,3,4,0,4.593,0,0,2,7,2.087,1.794,0.0,3,1.966,0,3,-0.793,0,0,3.049,0.59,6,-0.657,2,0.662,2.0,5.51,2,1,3,1.804,5,2,3,-2.215,2,2,1,0
7,7,7,3,0,2,3,5,7,6,7,6,6,-1.121,2,2,7,4,0.29,2.601,0.0,1,-0.464,3,6,1.225,5,4,3.451,4.6,1,0.455,0,0.378,1.0,6.23,1,0,4,-1.184,6,4,0,2.465,3,3,6,0
4,5,0,6,0,3,7,4,5,1,0,3,5,0.075,5,7,7,5,0.617,-3.211,0.0,6,0.305,2,4,-0.041,1,5,0.38,4.14,2,-0.728,5,1.179,1.0,1.41,7,7,5,2.099,3,4,3,3.094,4,2,1,0
0,2,7,6,0,4,3,2,0,4,3,0,1,1.424,7,1,7,4,1.59,4.646,0.0,6,2.277,4,1,0.624,7,3,1.504,4.29,4,-0.332,6,1.609,0.0,4.72,2,7,5,-1.1,2,1,0,2.194,6,3,0,0
1,7,3,4,0,6,6,7,4,4,1,6,5,1.838,3,5,5,4,0.231,2.933,0.0,0,-0.2,7,1,-0.649,3,4,-0.719,2.53,0,-0.43,2,0.573,-0.0,3.53,5,7,5,-0.103,0,1,7,2.46,5,6,1,0
1,6,7,3,0,7,1,2,0,5,6,0,1,-0.417,7,2,4,0,1.196,3.431,0.0,2,1.709,5,7,1.075,1,5,1.422,-0.35,7,0.948,0,0.582,0.0,4.03,1,7,3,2.578,7,1,4,3.678,0,2,7,0
1,4,6,2,0,7,2,1,3,7,3,0,5,-0.801,2,2,5,0,0.339,-2.917,0.0,0,-1.388,4,3,-0.193,3,0,-0.544,4.99,1,1.236,0,-0.144,0.0,3.73,3,6,7,-2.475,4,3,3,-0.146,4,3,1,0
2,4,3,2,0,7,0,4,7,7,7,6,0,2.966,7,0,1,2,0.953,-0.278,0.0,2,1.249,2,6,5.008,0,7,-0.959,2.07,4,-0.239,3,0.037,0.0,3.19,4,1,0,-2.797,7,0,0,4.169,4,0,5,0
5,0,7,5,0,3,2,1,7,0,6,0,0,2.509,7,2,6,4,0.147,0.275,0.0,7,1.074,4,3,-0.435,2,0,-0.451,1.18,5,0.417,7,0.128,1.0,3.59,1,4,7,1.76,1,5,3,-1.017,5,5,0,0
4,6,3,5,0,1,0,1,6,1,3,2,2,4.494,0,1,7,6,2.043,5.768,0.0,5,2.552,3,1,2.437,1,2,1.048,2.64,3,0.789,2,1.685,1.0,2.95,6,2,2,2.545,4,5,0,4.353,0,3,0,0
7,0,0,5,0,6,3,6,4,5,0,7,6,-0.013,2,0,1,6,0.93,5.219,0.0,3,0.679,5,2,4.916,6,5,-0.346,3.05,5,0.455,4,0.52,0.0,3.52,2,7,4,-0.85,1,5,1,-1.968,7,3,6,0
5,2,1,1,1,3,2,4,0,5,1,5,0,4.872,7,4,5,6,1.949,0.752,0.0,4,2.733,6,5,-0.491,5,2,-0.713,2.66,5,-1.249,4,1.588,1.0,2.4,4,3,7,1.603,7,4,3,4.288,0,3,1,0
5,1,4,4,0,5,2,7,2,7,0,3,0,1.562,1,5,0,5,1.742,-1.283,0.0,4,3.203,5,5,1.38,1,7,2.474,0.11,0,-0.901,6,1.202,2.0,1.21,7,6,0,5.234,7,3,5,0.111,4,3,4,0
6,2,6,4,0,3,3,6,5,5,1,0,6,-1.105,4,4,2,3,0.191,-2.132,0.0,3,0.113,7,6,3.936,6,6,-1.594,3.15,6,0.632,7,0.108,-0.0,3.9,1,6,1,0.75,3,7,5,2.182,4,0,2,0
1,1,6,6,0,5,5,6,3,1,4,7,5,5.811,1,1,0,2,0.881,1.926,0.0,7,0.085,0,0,-2.493,3,5,2.455,5.04,7,0.137,6,1.507,1.0,2.96,1,1,3,2.779,3,5,1,2.344,2,6,0,0
1,5,4,5,0,0,5,6,4,3,5,6,3,2.626,7,3,5,5,1.814,1.37,0.0,7,0.495,7,5,6.73,4,5,1.76,2.47,7,0.051,6,1.954,1.0,3.57,6,1,2,2.515,4,6,5,-1.33,6,6,3,0
5,7,0,6,0,0,7,4,1,5,4,5,4,5.578,2,5,7,2,1.708,1.466,0.0,7,2.4,3,1,3.472,2,6,0.842,4.0,3,-0.578,7,0.754,0.0,4.64,6,7,3,-0.808,2,4,4,4.81,4,7,0,0
3,5,6,5,0,6,6,7,4,5,4,2,2,2.445,2,2,3,4,2.095,2.586,0.0,1,0.88,7,6,1.351,3,3,2.167,2.55,0,-0.07,0,2.3,0.0,4.36,6,3,4,3.839,4,3,3,-0.152,7,0,7,0
0,5,0,2,0,5,5,3,6,3,0,4,6,3.047,3,3,4,2,1.56,4.47,0.0,5,3.178,1,2,-0.225,3,4,0.575,2.58,5,0.067,6,1.805,0.0,6.84,4,3,6,4.214,7,5,7,1.866,5,7,0,0
0,7,3,2,0,0,2,2,2,1,5,4,2,-0.47,1,2,6,4,0.806,2.107,0.0,6,3.048,0,6,-2.743,7,6,0.233,5.83,4,-2.045,3,-0.779,0.0,4.07,2,4,6,0.65,3,6,4,2.169,7,5,2,0
4,0,3,0,1,2,7,3,3,4,0,6,0,2.725,5,5,1,2,3.661,2.112,0.0,2,0.771,0,5,5.763,1,4,5.643,3.41,6,-1.548,4,3.782,2.0,5.16,1,0,0,4.368,2,6,7,2.375,1,2,1,0
6,7,6,0,0,2,7,7,7,0,7,4,4,2.014,0,3,0,6,0.385,1.718,0.0,7,2.425,1,2,4.85,4,7,-2.307,2.18,7,0.705,2,1.747,0.0,5.54,4,5,6,1.635,1,2,1,3.042,3,6,7,0
1,2,5,5,0,0,6,0,0,2,0,1,6,-3.421,3,2,3,5,0.283,-0.993,0.0,5,0.844,0,1,-0.452,1,1,0.273,4.14,4,1.191,3,0.039,0.0,2.69,7,1,5,2.704,3,2,3,1.178,3,1,7,0
4,4,5,7,1,4,5,0,3,4,0,4,1,3.159,1,5,4,7,1.778,1.148,0.0,3,0.338,0,6,1.434,2,1,2.565,5.03,0,-0.18,6,1.235,1.0,2.73,6,4,2,3.068,6,6,3,3.444,4,3,2,0
5,6,4,3,0,1,0,6,4,3,4,6,5,-0.561,4,3,2,1,-0.256,-4.469,0.0,2,1.655,7,3,2.608,1,1,-2.787,2.36,3,-0.878,7,0.687,1.0,2.86,3,7,5,-4.455,4,5,7,0.103,5,7,6,0
0,4,4,4,0,4,5,7,2,7,7,4,1,-2.901,6,2,2,0,0.578,2.797,0.0,6,2.102,5,1,-0.631,0,1,-0.866,1.96,7,-0.017,3,1.665,1.0,5.64,5,1,6,-2.347,4,3,0,1.513,1,7,3,0
6,6,1,0,0,5,6,2,2,0,5,7,1,-0.293,6,2,6,7,1.335,4.723,0.0,2,2.062,3,7,-0.228,7,3,1.592,2.71,1,-0.049,5,1.822,2.0,5.34,0,4,2,1.192,1,6,7,1.989,0,0,2,0
0,1,7,0,0,7,3,6,1,0,6,6,1,5.458,0,6,3,6,1.982,2.336,0.0,1,2.175,6,5,1.123,3,5,4.513,4.76,1,0.192,3,1.587,1.0,1.36,5,6,4,3.301,5,4,1,1.813,7,1,6,0
0,3,5,2,0,5,6,2,6,3,0,7,1,-2.205,3,3,1,6,1.478,-2.22,0.0,7,1.632,6,5,5.653,4,7,0.096,1.43,3,-0.536,3,2.331,0.0,3.28,1,0,3,3.812,3,0,6,3.013,2,3,1,0
4,7,1,4,0,0,1,4,2,2,5,2,4,2.141,2,1,6,1,0.586,0.591,0.0,4,0.39,4,6,0.036,7,3,0.977,0.83,6,0.305,1,0.442,0.0,2.95,1,2,6,1.803,2,6,7,-0.408,0,1,3,0
5,1,1,7,1,6,0,3,2,1,2,6,6,1.02,2,2,3,5,2.793,1.35,0.0,5,2.079,5,3,4.27,1,5,1.979,4.34,5,1.206,4,1.908,2.0,5.57,3,1,3,3.538,5,6,4,-0.609,4,2,2,1
7,7,7,5,0,0,2,1,6,6,1,3,4,3.207,5,6,3,2,0.895,0.28,0.0,1,2.032,5,1,2.204,1,7,0.145,2.72,1,0.782,4,2.118,1.0,4.7,7,7,6,-2.343,1,6,7,1.309,5,2,4,0
4,2,2,7,1,3,7,4,1,1,1,5,4,8.415,7,6,3,3,5.315,7.389,266.18,7,7.06,2,3,1.55,1,5,5.322,2.5,1,0.98,0,5.416,3.0,4.78,2,4,7,5.077,5,3,2,6.271,1,7,4,1
1,6,7,4,0,0,3,7,3,5,3,4,4,2.166,3,7,5,0,2.495,-0.9,0.0,4,3.341,7,7,5.86,3,3,1.625,2.23,0,-0.421,0,3.481,1.0,3.5,6,4,2,2.38,2,4,4,3.615,5,1,1,0
7,4,5,0,0,4,1,2,2,3,2,2,6,-2.128,3,4,1,5,1.38,-0.738,0.0,0,1.257,0,2,2.658,4,7,1.27,3.62,7,0.295,7,0.409,1.0,4.61,6,3,1,2.252,1,4,5,-0.298,1,7,4,0
5,5,3,3,0,5,5,4,2,6,7,7,7,3.631,4,0,0,1,0.625,1.882,0.0,5,0.405,5,1,1.369,2,0,0.643,1.62,4,-0.858,1,0.669,1.0,5.84,4,6,4,0.808,0,1,7,-2.813,0,5,5,0
0,3,6,5,0,3,4,1,2,7,0,0,4,0.284,3,4,3,6,1.329,-3.739,0.0,0,0.062,2,1,4.686,6,1,1.827,1.86,4,1.454,3,0.52,0.0,6.14,7,1,7,-2.749,0,7,1,3.53,3,7,6,1
3,3,5,3,0,0,6,5,4,4,4,5,2,0.662,4,0,3,1,1.293,3.038,0.0,4,1.123,6,5,-0.212,5,5,1.855,4.19,5,-0.844,4,0.717,1.0,5.99,4,4,2,3.177,4,3,6,6.406,2,7,7,0
6,0,3,2,1,7,3,6,1,1,3,4,3,2.313,6,4,1,7,3.241,0.412,0.0,6,3.767,6,4,2.431,2,1,3.323,3.78,5,-0.382,3,3.774,3.0,5.85,1,2,4,0.014,0,2,7,4.226,0,3,7,1
4,3,6,4,0,3,6,4,0,7,5,5,2,0.551,1,1,1,3,0.73,3.547,0.0,3,0.344,7,6,4.861,3,5,2.141,2.5,5,0.216,5,0.683,-0.0,2.01,5,4,5,0.458,0,7,7,-0.496,7,5,1,0
0,4,4,3,0,6,7,6,0,4,5,3,1,1.516,5,1,7,4,1.017,0.791,0.0,1,1.684,6,1,2.789,6,0,1.647,4.69,5,-0.827,4,1.069,-0.0,3.68,6,2,3,1.233,6,4,5,3.476,0,2,6,0
1,0,2,1,0,4,0,5,4,5,5,5,3,2.236,2,6,3,1,3.181,5.252,0.0,7,1.114,6,6,5.226,2,5,4.182,2.95,0,-0.402,5,2.594,2.0,2.54,2,4,0,3.601,4,4,3,0.86,7,5,0,0
0,1,7,6,1,7,7,7,0,4,1,1,3,4.781,5,1,2,1,3.095,4.285,0.0,1,1.526,7,5,-0.511,6,6,6.345,2.01,5,-1.439,3,3.354,2.0,0.9,7,4,6,4.137,3,1,1,4.146,5,1,6,0
5,3,6,6,0,2,6,6,2,5,7,7,4,5.079,7,5,7,3,1.054,2.061,0.0,3,-1.074,3,4,2.392,0,5,2.29,1.66,4,-1.863,5,-0.517,0.0,3.93,2,2,5,-0.673,4,3,5,2.684,7,6,2,0
3,1,5,4,0,2,0,4,4,5,6,7,3,-1.299,0,4,5,7,1.48,-0.464,0.0,5,-0.376,7,3,1.867,3,3,-2.684,2.61,5,0.556,7,1.483,1.0,7.11,2,4,7,-0.979,3,4,0,1.907,2,4,7,0
5,3,4,1,0,6,4,6,7,1,4,3,3,0.402,5,1,2,5,0.886,-2.11,0.0,1,-1.079,3,5,-0.066,5,6,-0.502,2.2,2,-0.288,7,0.637,1.0,5.19,5,0,2,1.445,4,2,6,0.078,0,5,5,0
4,6,1,3,1,0,4,7,3,5,2,2,5,-1.276,2,0,2,3,2.435,0.87,0.0,2,1.57,4,2,0.088,7,3,1.791,2.45,2,1.576,4,2.915,1.0,6.53,6,7,7,-1.852,4,2,1,1.093,6,6,2,0
7,1,6,4,0,3,6,0,1,6,6,5,3,1.465,3,3,1,1,0.988,0.273,0.0,7,2.341,3,0,4.663,6,4,1.435,0.69,1,-0.3,7,0.107,2.0,3.94,1,0,4,-3.31,3,3,0,-0.505,1,3,0,0
1,6,4,7,0,3,2,3,1,5,1,2,2,-0.189,5,1,4,6,1.78,0.946,0.0,2,0.72,2,2,1.908,6,5,2.605,3.49,5,0.004,4,1.986,2.0,2.13,4,3,4,2.953,1,6,0,2.306,2,1,3,0
3,4,0,6,0,7,4,7,0,7,2,5,5,1.526,0,3,5,6,0.349,2.547,0.0,3,0.673,3,4,-1.227,5,7,-0.046,1.4,3,-0.444,3,0.049,0.0,5.65,5,3,3,-1.771,0,3,1,0.345,3,4,3,0
5,7,5,1,0,5,2,5,1,7,4,6,2,1.14,6,3,0,1,1.038,0.005,0.0,6,1.173,1,7,-0.127,1,0,3.456,3.35,0,-1.569,0,2.146,1.0,3.38,2,5,7,-0.611,2,0,6,-0.74,2,7,1,0
0,4,3,4,1,5,0,3,0,4,5,7,7,4.641,1,4,5,0,2.585,0.464,0.0,1,2.996,5,6,4.455,5,2,3.368,4.89,0,0.661,6,2.184,1.0,3.83,5,7,7,1.978,0,5,4,2.231,3,2,1,0
4,1,7,1,0,5,2,2,6,4,5,4,3,2.662,0,1,0,4,1.439,3.526,0.0,7,2.2,6,0,2.14,0,4,1.198,2.43,0,-0.047,4,2.325,0.0,4.63,4,7,4,1.664,5,7,2,3.805,0,4,1,0
0,6,7,2,0,6,0,2,5,1,1,1,4,2.598,5,7,7,5,2.388,4.818,0.0,7,2.232,7,2,2.075,4,5,-0.261,3.96,3,-1.788,2,2.023,2.0,3.47,1,2,6,2.115,3,7,2,1.645,3,4,4,0
5,6,5,6,0,5,7,7,5,2,6,2,1,-2.419,1,0,4,0,2.425,-0.672,0.0,3,1.111,6,0,0.293,6,5,1.608,2.79,6,-1.268,5,1.34,1.0,5.0,6,7,7,2.554,6,4,7,0.511,3,7,2,0
5,7,1,6,0,2,0,2,1,1,0,4,6,-3.248,7,6,2,3,1.24,0.736,0.0,1,0.349,3,3,1.826,3,7,0.675,2.98,6,0.529,7,1.437,0.0,3.89,1,2,2,2.964,7,7,0,-0.686,2,4,4,0
5,7,2,7,0,6,7,7,4,2,1,4,6,0.775,0,1,3,7,0.677,3.444,0.0,0,2.119,0,2,-2.395,3,7,-0.544,3.54,1,-0.772,6,1.146,0.0,4.6,2,0,4,2.781,7,0,4,-2.869,0,5,7,0
6,2,2,0,1,4,4,6,0,2,5,6,7,7.865,0,4,6,6,2.335,0.102,0.0,5,-0.067,1,0,-0.063,6,2,2.605,3.69,4,-0.902,3,2.638,1.0,8.36,7,0,2,-0.363,4,2,7,2.243,1,1,5,1
1,7,0,7,1,6,5,3,7,5,7,7,6,2.411,5,3,4,2,4.936,7.12,0.0,6,4.037,0,6,6.598,0,2,6.609,2.74,2,-0.992,6,5.734,2.0,5.94,5,6,3,6.419,4,7,6,4.192,0,5,7,0
3,0,0,5,0,1,1,5,3,1,5,4,3,-1.404,4,3,0,5,0.664,0.773,0.0,2,-0.325,5,7,1.272,3,7,0.58,2.62,2,-0.445,5,0.469,-0.0,5.58,2,7,0,0.198,5,1,4,-0.416,4,7,2,0
2,4,0,7,0,7,2,2,0,4,2,7,4,4.573,6,5,2,3,0.605,-2.529,0.0,7,0.167,1,5,-3.008,3,7,3.068,4.07,2,0.07,5,0.812,0.0,7.16,1,2,3,0.788,0,6,6,3.027,1,0,1,0
5,7,3,6,0,7,3,3,2,3,2,1,0,3.095,0,4,2,3,1.325,6.984,0.0,0,-0.589,2,7,4.626,7,6,3.185,2.67,7,-1.529,3,2.721,2.0,1.94,1,3,2,0.867,1,4,7,3.615,5,0,4,0
2,6,6,1,0,6,4,1,5,6,0,6,6,-0.769,2,0,2,4,0.472,-1.564,0.0,0,-0.683,3,6,-0.519,0,5,-0.365,3.68,0,-0.31,5,0.842,1.0,4.31,7,2,1,5.369,2,0,7,-1.799,0,5,1,0
0,3,0,7,0,1,3,4,1,1,7,3,2,0.64,2,4,5,3,1.396,1.976,0.0,3,0.347,4,7,1.271,0,4,1.395,3.79,4,-0.446,1,2.136,1.0,3.57,5,4,0,3.822,3,4,6,7.477,1,2,5,0
1,7,2,4,0,4,2,7,2,1,4,5,4,-0.33,1,1,6,5,1.825,3.042,0.0,1,2.15,4,1,4.495,5,6,2.271,1.39,1,0.456,2,0.739,1.0,8.19,5,4,6,-0.204,2,3,5,4.119,5,5,5,0
1,6,4,0,0,7,3,0,3,1,0,5,2,-0.409,0,5,6,3,2.267,4.252,0.0,4,2.171,0,2,3.681,6,5,1.336,1.7,7,-1.467,3,2.283,1.0,5.95,4,2,7,4.209,3,4,7,2.467,5,5,3,0
3,0,1,2,1,6,5,6,3,3,4,5,3,7.109,6,1,1,5,2.865,3.797,91.76,2,4.264,4,7,3.284,5,4,3.323,5.37,2,1.068,1,3.174,1.0,8.19,4,7,7,1.718,0,3,4,2.067,7,3,5,1
2,6,6,5,0,3,6,2,3,5,2,5,5,4.916,5,5,7,5,1.773,1.052,0.0,7,0.209,7,3,3.075,6,5,1.841,1.88,6,1.482,4,1.505,0.0,4.99,6,6,3,3.663,7,4,1,1.651,5,4,6,0
2,7,0,4,0,0,3,5,0,6,1,2,3,0.6,4,3,6,1,-0.018,-1.007,0.0,5,-0.396,0,7,3.08,7,2,-1.035,2.88,0,-1.969,2,-0.825,0.0,7.32,6,2,0,2.286,0,2,3,-3.632,6,1,0,0
0,3,2,4,1,4,7,2,6,6,0,4,4,9.328,4,3,7,1,5.092,4.286,134.1,2,4.858,7,4,5.746,1,7,4.131,5.88,5,-1.235,3,4.542,3.0,6.55,6,4,5,7.294,7,5,6,2.595,1,2,1,1
7,3,4,2,1,5,2,5,7,4,7,4,7,4.704,3,6,7,1,5.812,4.092,400.89,3,6.205,6,0,6.073,0,1,6.398,2.19,6,1.29,0,6.568,3.0,6.47,3,2,3,7.411,2,4,5,4.927,3,4,5,1
2,2,0,0,0,3,5,5,3,6,3,0,5,4.108,2,3,5,3,2.462,-3.184,0.0,2,1.863,7,6,5.597,5,1,1.192,3.59,5,0.82,7,0.891,1.0,5.54,2,6,1,0.151,7,6,6,3.945,2,7,4,0
0,2,5,1,0,6,1,4,5,3,5,4,4,-2.871,0,6,2,5,0.717,0.329,0.0,6,-1.048,5,4,-2.191,3,1,1.121,1.74,0,-0.006,2,-0.25,-0.0,4.33,3,6,1,4.786,4,1,3,3.153,1,7,0,0
5,0,0,1,1,5,1,0,0,6,5,6,1,2.645,2,3,2,7,3.255,3.989,0.0,6,4.327,0,0,2.369,4,6,3.448,4.19,0,-0.385,3,3.107,2.0,4.35,4,7,6,2.409,4,4,4,4.154,5,2,7,0
5,3,5,3,0,5,6,0,2,2,5,3,7,0.961,7,2,5,2,1.484,-0.859,0.0,5,1.998,1,5,0.397,1,0,0.412,5.04,0,0.364,7,0.783,0.0,3.13,3,6,6,3.302,4,3,0,3.826,2,5,2,0
7,3,7,4,0,3,7,1,3,5,7,2,4,-1.213,5,0,3,2,1.067,4.788,0.0,6,0.541,2,4,2.081,1,3,-0.854,1.89,6,0.022,6,1.88,2.0,4.73,5,5,0,-0.45,5,6,1,3.374,0,2,0,0
1,0,0,6,0,0,5,3,2,1,7,6,0,3.328,4,2,6,7,1.274,1.384,0.0,2,3.252,0,4,-1.162,3,5,2.697,2.16,5,-0.404,6,2.187,1.0,3.45,0,0,7,8.747,1,5,3,-1.311,3,5,4,0
1,2,7,6,0,1,3,3,2,1,7,4,4,4.766,0,2,1,6,2.274,8.154,0.0,4,2.759,2,6,4.133,6,0,-0.601,3.66,6,-2.457,1,2.175,1.0,3.58,4,5,3,0.014,5,2,3,5.376,1,5,0,0
1,0,5,4,0,7,5,1,6,6,5,2,2,2.537,6,1,1,4,0.483,-0.437,0.0,4,1.829,5,2,1.527,3,1,0.797,2.73,6,1.391,5,0.783,-0.0,4.93,4,2,4,-0.454,1,1,4,0.915,3,2,1,0
4,5,1,0,1,1,5,5,0,0,0,3,1,6.05,7,7,4,7,3.207,2.423,896.08,0,1.576,5,1,4.371,6,5,4.158,2.0,2,1.134,4,2.951,2.0,7.21,0,4,6,-0.284,4,2,4,2.773,7,1,0,1
3,7,1,2,1,4,7,4,4,7,6,6,2,3.497,6,0,1,0,1.725,2.805,0.0,6,2.444,1,5,-2.616,4,6,-0.13,1.76,7,-2.147,2,1.341,1.0,1.92,2,3,0,-0.487,7,6,1,2.69,7,3,1,0
1,7,5,1,1,4,1,2,6,7,2,0,3,3.859,2,2,1,1,2.267,1.73,0.0,1,2.414,7,1,5.981,6,6,3.467,3.17,4,-0.342,2,1.877,1.0,6.22,6,0,3,8.095,2,1,7,1.432,0,0,4,0
5,0,2,0,0,1,3,0,5,0,1,0,4,0.924,1,0,0,3,0.839,-0.062,0.0,5,-0.531,6,2,1.563,6,1,1.445,0.94,6,-0.856,0,0.341,1.0,2.77,0,7,2,0.691,0,2,1,-1.119,1,7,2,0
7,0,0,0,1,5,6,1,2,6,4,3,4,6.867,0,4,1,4,2.643,-0.192,0.0,0,3.622,3,6,0.333,4,7,1.468,1.52,3,0.989,5,2.59,1.0,4.83,2,2,0,-1.732,3,4,2,1.624,4,7,3,0
2,2,6,4,0,6,7,0,6,3,0,1,6,0.671,7,2,5,1,2.973,2.84,656.88,5,2.612,4,0,6.421,2,2,3.706,3.53,7,0.703,4,2.965,2.0,7.62,0,6,1,6.224,4,1,4,5.151,7,0,3,1
4,4,5,3,0,3,7,6,7,3,1,6,4,2.02,7,1,7,5,1.724,0.313,0.0,3,0.97,0,6,6.293,5,6,1.646,3.39,3,1.576,2,1.331,1.0,4.26,5,7,1,5.246,3,7,6,1.28,0,4,7,0
0,1,0,7,0,3,4,5,2,4,1,3,0,1.22,0,4,7,1,0.34,-2.008,0.0,4,-0.566,7,6,2.228,1,6,2.359,3.0,1,2.133,4,-0.223,0.0,3.6,1,4,2,2.424,6,4,2,2.172,7,2,6,0
0,3,3,1,0,4,2,6,4,5,6,4,5,3.456,3,6,0,3,2.133,3.518,0.0,3,1.918,6,2,0.864,5,3,3.285,3.88,0,1.155,7,1.362,1.0,5.68,7,2,5,4.313,3,1,6,1.165,3,4,0,0
6,0,6,6,0,0,5,0,0,4,1,6,0,4.72,2,0,3,0,2.968,3.059,0.0,1,3.247,3,1,2.79,0,1,3.815,3.56,0,-0.47,6,2.18,1.0,3.52,5,6,0,2.123,6,5,6,-0.713,1,7,5,0
3,2,2,6,0,4,4,7,2,4,7,1,0,2.741,5,1,2,7,0.303,-3.615,0.0,0,-0.464,6,7,2.108,6,0,0.658,4.91,3,0.625,6,0.071,0.0,2.4,2,4,7,1.919,2,1,2,-5.302,2,6,7,0
6,3,5,6,0,0,0,3,7,5,0,0,5,3.732,4,0,7,4,1.762,3.184,0.0,1,2.566,6,0,0.951,7,3,0.967,2.68,0,0.974,7,2.04,1.0,6.12,6,5,6,4.668,0,1,0,3.604,2,1,7,0
7,0,7,4,0,0,4,1,0,1,3,6,7,2.873,2,0,3,5,0.461,1.335,0.0,6,-0.064,4,5,0.395,2,0,1.783,1.4,1,-0.448,7,-0.769,1.0,5.0,5,4,2,2.018,2,6,3,2.809,5,7,0,0
2,3,5,6,0,0,5,3,6,2,2,5,5,5.297,6,2,5,7,0.98,0.23,0.0,6,0.08,0,2,-1.847,4,5,2.373,2.35,4,0.183,7,0.613,-0.0,2.88,1,5,6,0.949,4,6,1,3.303,5,4,3,0
5,1,6,3,0,2,0,0,5,6,3,2,6,2.479,5,0,4,0,1.66,3.395,0.0,7,1.773,1,4,2.831,4,1,1.14,0.74,0,-0.134,7,0.571,1.0,-0.16,5,5,0,4.033,3,0,7,0.58,2,7,1,0
6,5,6,6,1,6,6,7,0,3,6,4,0,2.744,6,6,0,1,4.224,4.151,0.0,5,4.357,2,6,4.746,2,3,4.227,4.79,4,0.717,0,4.547,3.0,6.02,0,1,0,5.502,1,1,3,3.469,7,4,6,1
0,1,3,2,0,4,6,1,4,7,2,4,0,-0.65,2,3,3,6,1.826,-0.235,0.0,7,3.204,7,5,7.252,6,4,2.582,0.83,3,0.429,1,1.139,2.0,4.67,4,2,5,-0.261,4,5,7,3.154,6,4,0,0
0,7,1,1,0,7,0,3,0,1,1,7,1,1.109,3,2,4,3,1.918,-0.825,0.0,1,1.777,1,3,3.031,7,7,3.019,0.24,5,1.164,3,2.836,1.0,5.44,4,3,7,0.424,3,4,3,0.609,7,2,1,0
7,1,1,5,0,3,7,5,6,3,1,2,0,0.373,3,6,2,2,2.262,0.169,0.0,6,3.208,6,7,1.466,7,6,2.396,3.83,6,0.487,0,1.693,1.0,7.65,3,5,7,3.725,2,6,0,3.293,7,3,6,0
3,6,0,2,0,1,4,3,2,1,7,7,3,1.391,6,3,2,4,0.222,0.869,0.0,3,-0.573,0,7,0.644,6,1,1.123,1.6,5,-1.155,3,1.604,1.0,3.57,1,7,1,-0.727,2,6,3,5.333,4,4,3,0
0,3,1,2,0,6,1,3,6,3,2,2,5,4.487,5,3,0,5,1.02,0.277,0.0,0,0.523,7,4,-1.819,4,6,-1.773,3.8,1,1.762,6,0.7,0.0,7.96,0,0,6,1.314,0,0,0,1.567,1,0,1,0
6,1,4,5,0,4,3,5,1,1,0,1,0,0.44,3,6,0,7,0.4,-0.917,0.0,7,0.076,5,1,4.587,7,5,1.721,2.83,7,-0.04,7,-0.775,0.0,3.64,5,5,7,2.382,1,6,7,1.761,2,2,5,0
4,6,7,6,0,2,7,4,2,7,2,7,2,0.226,1,2,3,2,2.346,1.859,0.0,3,0.8,5,6,2.482,0,6,-0.989,2.74,6,0.859,5,2.695,2.0,1.93,0,0,7,2.393,7,7,7,1.334,6,1,4,0
7,1,7,6,0,1,3,3,6,0,0,3,7,2.896,1,0,6,0,0.518,0.922,0.0,0,2.423,3,1,1.922,6,6,2.137,3.16,4,-0.068,0,1.703,1.0,3.32,1,3,2,2.683,5,1,1,2.49,1,3,7,0
5,2,3,5,0,6,2,5,1,4,1,1,7,2.85,0,2,1,6,0.907,-2.134,0.0,6,1.839,2,0,1.882,1,4,2.428,3.63,1,-0.906,4,0.685,0.0,4.94,6,5,2,3.988,1,7,4,-1.71,2,6,6,0
2,4,3,0,1,1,7,7,5,3,7,6,7,7.866,0,7,3,1,4.846,1.413,0.0,7,4.986,5,5,7.381,3,2,5.498,3.13,3,-0.568,2,4.663,2.0,4.85,4,1,3,7.718,5,1,2,0.759,0,4,2,0
2,7,4,1,0,6,2,5,6,6,4,5,1,2.361,0,2,3,1,0.188,0.236,0.0,7,-1.051,0,7,0.332,1,6,1.079,3.05,0,-0.893,2,-0.798,0.0,3.51,1,3,4,0.954,2,6,0,3.797,4,7,2,0
4,0,7,3,0,6,1,4,0,2,7,1,1,0.224,6,6,7,6,1.669,0.207,0.0,0,2.319,1,3,0.529,2,0,1.686,1.58,5,0.464,6,2.37,-0.0,2.99,3,0,7,2.228,1,0,0,0.854,0,2,4,0
1,7,6,1,0,4,7,2,6,1,5,2,3,2.943,3,5,2,2,0.943,-2.507,0.0,0,-1.694,5,6,0.775,4,0,2.478,2.33,0,0.994,2,1.453,0.0,5.11,3,5,5,2.622,4,0,2,0.96,5,2,2,0
5,5,4,6,0,4,1,3,2,6,0,6,7,1.218,7,1,7,5,1.781,1.867,81.28,7,3.272,2,7,-0.688,0,2,2.755,2.81,1,1.673,5,2.062,1.0,8.14,0,0,4,1.742,2,4,0,1.175,6,3,2,1
2,5,2,6,0,6,2,6,4,3,7,2,7,2.014,2,4,3,4,0.139,-0.674,0.0,7,-2.543,1,3,0.379,3,7,-0.076,1.82,0,-0.031,6,0.791,0.0,1.72,1,0,2,-4.462,3,4,6,-2.365,3,7,5,0
2,7,5,3,0,5,4,2,3,0,7,4,0,1.03,1,2,4,6,2.667,1.406,0.0,6,2.983,6,2,-0.673,7,3,4.422,3.09,6,-0.451,6,3.362,2.0,3.31,1,7,1,0.268,0,5,2,-1.656,6,6,4,0
1,5,2,4,0,3,5,1,4,4,1,0,4,5.353,7,6,7,2,0.148,1.68,0.0,5,0.033,4,2,-2.367,3,0,-0.031,0.2,3,1.938,3,0.227,0.0,5.49,7,7,4,2.755,3,4,0,0.207,5,0,5,0
2,4,2,2,0,4,2,7,7,4,1,5,7,0.949,1,3,6,0,1.546,0.682,0.0,5,0.765,6,2,2.521,5,3,-0.324,4.31,1,0.32,7,1.466,0.0,5.39,3,6,5,1.206,4,1,2,1.368,2,7,7,0
0,1,1,0,0,7,7,4,0,7,0,4,5,-3.119,7,4,6,7,-0.038,3.572,0.0,6,-0.014,1,6,-0.07,7,2,-0.29,2.41,1,0.231,5,-0.469,0.0,3.91,7,3,5,-1.424,4,0,1,-0.985,2,4,5,0
3,1,1,0,0,5,1,3,4,0,2,4,1,6.533,2,3,3,0,0.804,-1.1,0.0,0,2.059,5,5,1.865,5,0,4.077,2.18,6,0.78,7,0.304,0.0,3.62,2,7,2,-2.879,0,2,7,3.18,6,6,0,0
4,4,6,4,0,1,6,6,6,1,7,7,5,-0.184,4,4,2,5,0.861,1.252,0.0,4,1.193,1,2,-2.61,7,2,0.44,3.48,0,-1.244,3,1.349,1.0,3.71,0,2,5,3.47,4,6,4,2.552,0,6,4,0
2,4,3,1,1,3,7,0,4,5,3,1,0,3.735,3,7,6,2,1.896,5.477,0.0,4,1.594,0,1,2.62,2,4,3.274,2.19,3,1.429,4,0.895,1.0,2.31,5,6,3,2.075,5,4,1,3.72,3,6,6,0
6,1,0,6,0,1,3,2,4,5,3,0,2,-4.94,2,4,0,6,0.334,-1.806,0.0,6,-0.318,6,5,2.326,1,7,-0.176,3.52,6,0.727,4,-0.188,0.0,3.47,1,7,6,-1.059,0,2,7,-1.262,2,6,2,0
6,0,1,5,1,4,3,2,7,4,2,6,4,3.39,1,0,5,6,2.305,-1.357,0.0,4,1.849,3,0,-0.101,6,2,2.101,2.73,3,-1.399,3,3.651,2.0,5.85,6,5,7,4.524,3,3,2,3.891,4,2,6,0
7,0,5,3,0,0,3,7,4,4,4,1,3,-0.442,5,0,4,3,0.165,0.734,0.0,3,0.813,6,4,1.342,2,6,1.151,1.46,3,-1.042,1,-0.131,0.0,2.11,4,7,6,-0.255,7,7,0,-0.499,2,3,3,0
7,1,0,7,0,2,5,4,1,5,6,3,3,-1.064,4,5,7,6,1.156,-3.384,0.0,0,0.91,7,3,0.038,5,7,-0.562,3.87,2,0.339,1,-0.66,1.0,-0.07,2,6,2,0.724,5,4,4,-0.103,5,7,7,0
5,1,3,2,0,1,2,4,3,6,2,7,3,-0.102,7,6,0,3,1.044,0.99,0.0,5,1.982,2,7,3.672,6,2,2.956,0.52,4,-1.075,0,0.996,1.0,3.51,2,1,2,1.477,3,4,7,-0.844,7,3,4,0
2,1,2,7,0,3,1,4,4,3,0,2,0,-2.978,4,1,6,4,-0.266,1.35,0.0,7,0.342,5,0,-2.368,2,4,0.041,1.82,2,-1.312,0,1.02,0.0,2.28,0,5,7,-3.409,7,4,4,0.049,1,0,0,0
1,3,5,2,0,0,4,6,2,1,2,4,5,4.008,7,0,1,5,0.61,-1.739,0.0,0,0.949,7,1,2.318,0,6,0.638,2.22,2,-1.677,1,0.942,0.0,3.84,2,7,1,5.975,1,1,2,0.005,0,6,5,0
4,0,3,0,1,6,6,2,0,3,1,3,2,-0.613,6,1,1,7,2.771,-1.031,0.0,3,2.981,5,7,3.262,1,1,5.065,3.75,1,-0.327,2,3.282,2.0,6.24,0,2,0,3.235,6,1,0,2.83,4,1,1,0
1,6,3,5,1,0,3,5,2,2,0,4,7,2.682,1,0,2,7,3.755,2.058,0.0,0,2.203,3,2,4.137,7,3,5.731,3.36,3,-0.753,7,2.576,1.0,3.03,0,4,6,1.936,1,0,1,1.061,1,1,3,0
5,0,6,4,1,2,1,0,5,3,1,1,4,2.73,3,1,6,6,2.988,4.773,0.0,2,4.643,1,3,3.884,4,6,4.441,2.3,4,-0.048,6,3.119,2.0,3.53,0,7,6,5.668,5,4,6,6.65,5,2,5,0
0,3,0,0,0,4,5,2,3,6,2,0,1,2.784,2,1,3,6,0.92,-1.047,0.0,4,0.84,2,4,3.093,1,5,-2.036,1.6,2,-0.276,2,-0.13,0.0,4.46,4,7,2,-0.573,5,6,5,0.052,5,6,7,0
0,6,5,6,0,2,1,6,0,0,4,4,6,2.431,0,4,5,1,1.863,-0.38,759.84,3,1.9,6,6,5.598,6,3,2.539,3.18,4,-0.268,4,1.239,1.0,7.84,6,5,3,0.18,7,3,4,1.61,5,3,1,1
6,4,3,4,0,1,0,0,2,2,4,0,7,0.734,4,0,0,0,0.978,-0.986,0.0,3,0.827,1,4,1.037,7,5,-0.551,-0.15,7,-1.368,0,2.31,1.0,3.14,2,3,3,1.681,6,4,3,1.637,4,0,3,0
4,0,2,5,0,0,1,6,4,7,4,3,2,-0.543,5,3,3,3,0.362,-1.716,0.0,1,1.181,5,4,-1.455,4,1,-0.488,4.52,7,-0.279,6,0.058,1.0,1.33,1,7,0,0.483,5,1,7,1.188,5,7,2,0
7,7,4,6,0,4,1,3,4,6,4,5,4,-1.293,6,7,0,2,0.783,-0.52,0.0,3,3.622,3,3,-2.966,7,3,0.119,5.07,6,0.527,3,0.917,1.0,5.85,6,3,0,-1.516,5,0,4,1.865,6,4,3,0
2,7,1,1,0,1,7,2,1,3,6,5,6,-0.046,2,4,5,3,0.204,-1.257,0.0,6,0.524,5,6,-0.572,6,6,-0.25,3.72,1,0.067,1,-0.742,0.0,3.7,3,7,0,1.944,7,6,4,-0.207,7,2,2,0
5,1,5,0,0,7,2,4,7,5,1,6,4,2.119,3,6,2,5,1.778,-0.963,0.0,3,3.634,4,7,1.816,5,1,3.043,0.74,6,-0.242,4,0.572,1.0,3.08,5,3,7,3.192,4,5,7,2.484,2,0,2,0
1,2,7,4,1,3,3,3,1,1,6,2,3,3.285,3,0,5,7,2.026,-0.243,0.0,3,1.608,4,2,-0.682,2,1,-0.013,2.28,7,-0.746,3,2.0,1.0,5.99,2,6,6,2.504,7,3,5,5.955,6,2,7,0
0,3,6,4,0,4,2,4,2,2,5,3,3,1.245,6,3,3,0,1.328,0.196,0.0,4,0.914,6,1,0.411,1,3,3.191,2.91,4,0.888,6,0.506,0.0,2.47,1,3,5,5.237,7,3,7,2.044,2,6,4,0
5,0,6,5,0,3,2,7,7,7,6,3,0,3.773,0,0,1,7,-0.248,0.962,0.0,2,2.307,4,4,1.303,4,1,-0.7,4.14,3,-0.356,3,-0.367,1.0,4.58,6,5,7,3.416,5,5,4,1.851,5,1,1,0
4,5,0,6,1,6,7,4,0,0,2,4,2,5.957,3,3,4,6,2.114,1.562,0.0,4,2.424,6,4,1.68,5,7,1.708,1.88,2,1.375,5,2.792,1.0,6.41,5,3,0,2.57,6,1,5,4.888,2,6,3,1
1,7,1,6,0,6,5,3,7,5,6,5,7,-0.604,6,6,6,5,0.473,3.265,0.0,7,1.468,0,4,-1.439,7,4,-1.885,4.68,6,-0.388,0,-0.315,0.0,6.43,4,3,3,-0.931,0,0,6,4.495,2,1,6,0
7,2,5,7,1,7,6,3,2,4,7,0,7,4.37,0,2,2,4,4.466,4.229,0.0,2,3.275,6,3,1.675,0,2,2.017,1.73,7,0.115,3,3.453,2.0,2.78,3,7,2,6.72,5,0,7,1.146,7,5,1,0
6,0,6,3,0,6,2,1,7,5,7,7,7,0.58,6,7,6,2,1.076,1.019,0.0,5,0.803,2,7,1.567,1,6,-0.004,3.36,2,-2.452,7,1.265,1.0,-0.78,2,2,2,1.27,1,5,2,0.028,1,5,7,0
0,2,4,6,0,3,2,1,7,3,2,5,3,-0.987,7,3,7,7,0.441,-1.657,0.0,0,2.7,1,6,2.278,3,6,1.871,5.6,4,1.013,0,0.655,0.0,5.05,3,0,3,-1.52,1,5,6,3.168,4,6,7,0
4,2,0,1,0,1,7,7,5,3,5,5,7,-0.787,5,0,2,7,-0.176,-1.703,0.0,6,0.647,5,4,-3.184,5,3,1.178,4.17,0,0.026,2,0.848,1.0,5.09,1,4,3,1.128,2,4,5,-2.169,0,6,2,0
7,5,4,3,0,4,4,6,0,7,1,6,4,-2.278,2,1,2,0,0.155,-1.421,0.0,5,1.608,1,5,1.145,0,3,-0.538,1.32,2,-0.379,4,0.584,0.0,2.54,1,5,5,0.738,6,7,1,-0.732,4,4,7,0
3,2,3,2,0,7,4,6,2,4,4,1,5,-0.124,6,1,2,2,1.522,-0.651,0.0,3,2.836,7,3,4.077,6,4,0.68,0.65,6,0.145,7,1.649,1.0,2.39,4,7,3,3.457,5,3,2,-2.524,2,6,7,0
7,1,5,5,0,6,7,3,3,4,5,5,5,-0.567,0,3,4,7,0.913,1.337,0.0,5,1.465,4,1,0.191,2,4,1.853,2.69,2,-0.083,0,0.828,-0.0,2.74,7,7,7,3.517,6,5,4,1.576,5,6,1,0
5,0,3,4,0,5,5,1,1,3,1,7,1,-4.186,5,7,2,3,0.665,0.28,0.0,0,0.003,1,5,1.755,6,2,3.659,0.9,7,-0.713,2,1.279,0.0,3.48,4,1,1,3.854,5,1,7,2.096,2,5,6,0
7,3,2,1,0,7,0,2,3,4,0,2,3,1.169,1,1,6,0,0.431,0.821,0.0,4,2.294,4,1,3.875,5,6,-2.637,2.94,7,-0.073,5,0.721,1.0,7.88,2,0,2,-0.326,2,1,7,1.846,6,0,1,0
1,1,6,5,1,7,5,3,2,4,5,4,5,1.057,0,3,5,0,3.498,-1.711,767.38,1,3.346,0,1,-1.76,4,0,2.737,3.71,3,0.296,0,3.05,2.0,5.35,0,5,3,1.626,7,4,6,7.471,6,1,0,1
6,6,1,4,0,5,0,1,6,2,7,5,1,5.501,1,5,6,2,2.045,2.342,0.0,1,2.749,6,6,3.515,5,3,4.424,2.92,6,0.641,3,2.622,1.0,5.35,3,5,2,1.776,6,6,5,0.436,2,1,4,0
2,2,7,3,0,0,2,3,5,6,3,2,6,1.253,1,4,7,4,0.001,0.013,0.0,4,0.737,5,4,5.14,4,4,1.787,2.79,5,1.234,0,0.218,-0.0,5.22,1,7,6,1.79,2,5,6,0.259,6,2,5,0
1,4,5,6,0,4,6,2,7,4,2,6,6,-1.163,4,1,5,5,1.638,-0.366,0.0,2,1.319,0,1,2.823,5,5,3.018,2.37,1,-0.302,2,0.676,1.0,3.94,7,0,7,-2.464,6,7,0,-0.536,2,0,3,0
7,4,7,4,0,5,5,5,7,2,4,0,4,-1.017,0,5,5,6,1.934,1.928,0.0,6,1.152,0,4,-0.255,6,7,0.109,2.87,2,0.213,0,1.921,1.0,4.04,3,5,7,7.182,2,0,5,3.21,0,5,5,0
4,4,0,0,0,6,7,1,3,6,7,3,7,-0.992,7,2,4,2,1.159,-0.175,0.0,2,-1.419,2,2,-0.541,0,0,2.35,4.0,7,-0.348,6,0.164,-0.0,3.74,2,2,1,-2.171,0,0,2,1.924,0,7,6,0
6,3,3,3,0,1,1,0,1,3,1,3,0,-1.713,6,3,2,1,0.128,1.488,0.0,4,-0.085,6,0,2.78,3,4,1.419,3.06,1,-0.353,0,1.224,0.0,0.76,0,5,2,-0.314,2,1,3,0.266,6,5,5,0
5,2,0,1,0,6,4,1,0,3,4,2,3,-2.53,7,1,1,0,0.994,-0.436,0.0,5,2.748,3,5,0.748,7,0,0.603,2.63,6,-0.022,3,0.928,1.0,5.15,6,2,0,-0.283,6,3,1,2.502,7,6,5,0
3,1,2,4,0,0,0,7,7,2,3,3,2,2.588,5,5,2,0,1.515,3.863,0.0,3,3.683,3,2,1.964,7,6,3.331,2.94,3,0.064,1,0.835,1.0,2.7,1,1,3,4.48,1,7,0,0.483,5,6,2,0
2,3,0,4,1,5,0,1,6,7,5,5,7,8.381,3,0,5,0,3.605,5.09,384.7,0,5.646,6,6,4.873,1,5,3.423,3.86,5,0.248,4,4.284,2.0,4.34,4,2,7,7.598,6,0,2,4.643,7,1,6,1
1,5,6,3,0,3,3,5,1,5,2,3,6,0.175,0,0,2,7,-0.544,0.598,0.0,3,0.077,2,6,0.878,7,6,0.328,5.5,1,-0.503,6,0.858,1.0,3.78,5,2,6,-1.21,6,7,2,5.896,2,5,6,0
5,1,3,6,1,3,6,3,0,5,3,7,2,7.175,6,1,7,0,3.101,1.618,0.0,2,1.66,2,6,0.889,2,6,2.251,3.01,2,-0.132,0,3.307,2.0,5.17,1,2,3,3.184,4,0,1,0.093,3,5,5,0
1,7,7,1,0,0,6,0,0,6,2,1,6,-1.736,2,1,0,3,0.685,1.625,0.0,0,0.583,6,7,1.128,7,6,1.837,2.41,1,-0.177,6,1.577,0.0,4.54,4,5,6,3.198,3,7,4,4.408,6,7,5,0
1,7,0,7,0,2,7,4,2,3,2,2,3,0.091,4,1,7,5,0.642,5.102,0.0,2,1.486,6,1,-0.185,6,3,1.255,3.05,4,0.778,2,1.838,1.0,3.45,1,6,7,2.061,6,6,7,3.881,6,0,1,0
1,4,6,2,0,2,2,4,3,7,4,7,7,-1.211,3,3,2,3,1.062,-0.003,0.0,6,0.31,1,0,0.021,1,0,-0.288,2.81,2,-2.565,3,0.044,-0.0,2.82,0,0,7,-0.81,4,7,2,1.233,4,5,6,0
5,5,6,2,0,3,4,4,3,0,3,6,4,3.325,6,5,0,6,1.652,1.917,0.0,4,2.873,5,3,2.16,0,5,0.934,3.22,4,0.108,5,1.957,1.0,3.27,5,2,3,1.134,5,4,0,1.986,2,4,3,0
0,5,7,6,0,5,5,0,3,7,4,2,2,0.199,7,0,0,3,0.494,-0.057,0.0,6,1.768,6,7,1.081,6,4,1.686,2.54,1,0.711,1,0.736,0.0,6.31,3,4,0,1.786,7,0,7,-2.431,5,5,3,0
7,7,1,5,0,3,6,5,6,4,2,6,2,0.734,7,7,5,1,1.61,0.053,0.0,2,2.283,4,6,3.078,2,7,1.108,3.61,2,-0.683,7,1.029,1.0,6.57,1,0,5,0.548,2,0,7,6.743,6,3,5,0
1,7,4,3,0,6,1,3,5,2,6,5,2,-1.893,0,0,0,5,1.105,0.944,0.0,4,-0.31,2,7,2.092,0,4,2.177,3.74,3,0.621,5,1.502,0.0,6.05,2,7,7,1.885,4,0,6,3.136,7,5,4,0
2,5,1,4,0,3,7,6,0,1,7,2,1,3.211,7,7,0,5,1.415,6.971,0.0,4,0.072,2,3,1.667,6,5,1.386,3.77,6,-1.055,2,1.03,0.0,3.87,1,7,2,0.131,6,2,2,0.231,4,6,7,0
4,3,1,3,0,6,7,7,3,6,2,2,0,-1.201,3,3,1,4,0.952,3.49,0.0,2,1.453,2,3,-2.707,4,5,2.188,3.98,2,0.221,7,-0.399,0.0,6.24,0,3,1,2.219,3,2,1,1.449,5,5,5,0
1,5,3,0,1,5,0,0,1,2,6,0,6,1.774,0,3,7,3,2.823,-0.11,893.59,3,4.839,6,2,0.981,2,7,2.567,4.63,0,0.003,7,2.471,2.0,6.97,7,0,0,3.689,2,0,7,2.676,6,1,3,1
4,7,6,0,0,2,3,4,0,4,6,0,5,3.121,6,2,1,5,2.904,2.691,0.0,7,1.255,1,4,2.094,4,6,2.808,4.7,2,-0.352,3,1.903,0.0,2.39,1,4,3,5.351,6,4,7,5.237,4,5,7,0
3,1,4,7,0,4,1,0,1,2,5,0,0,-4.674,0,0,3,6,2.62,5.067,0.0,7,2.739,7,6,-0.42,2,1,-0.379,0.53,0,1.628,0,3.32,1.0,4.35,5,4,1,5.013,7,5,0,3.884,2,1,3,0
4,2,5,1,0,7,0,1,7,6,3,0,5,0.764,3,5,6,1,0.844,1.106,0.0,4,0.844,7,3,-1.457,4,1,1.727,3.66,0,1.874,0,1.01,-0.0,4.69,3,0,3,-1.75,1,1,0,1.368,0,6,0,0
0,2,1,7,0,5,7,0,2,5,0,5,4,3.995,5,0,7,3,1.485,0.187,0.0,1,4.187,3,0,2.17,1,1,4.539,5.71,0,0.271,5,2.392,1.0,6.48,6,5,2,4.118,6,1,0,-0.44,3,2,0,0
7,2,5,0,0,7,1,7,5,2,2,5,1,1.705,7,6,6,0,1.531,5.604,147.0,6,4.166,6,0,1.13,5,7,1.307,3.34,0,-0.622,5,0.792,2.0,6.83,4,6,4,-0.36,3,2,3,0.218,0,4,3,1
1,1,1,2,0,7,5,0,1,6,6,6,7,0.57,5,2,7,4,0.287,-2.947,0.0,3,0.056,3,5,0.05,5,2,1.077,4.55,2,1.018,6,0.72,0.0,2.86,5,2,7,-3.593,0,3,3,0.413,7,5,7,0
4,2,3,1,1,0,7,0,3,3,1,1,5,4.608,4,7,1,1,2.997,2.833,0.0,7,1.893,0,2,4.261,1,2,2.938,0.87,4,-2.173,5,2.884,1.0,2.81,2,2,3,2.003,7,6,0,5.791,6,3,5,0
5,1,7,0,0,7,4,1,6,7,7,3,2,0.085,6,1,1,3,0.81,0.753,0.0,1,0.222,1,0,2.695,3,7,-0.745,-0.38,0,-2.183,1,0.306,-0.0,2.44,5,2,4,3.358,2,1,2,4.256,0,1,3,0
5,1,7,1,0,4,2,1,7,2,5,3,7,1.869,5,3,1,1,0.961,0.055,0.0,7,1.205,5,2,1.316,6,7,-0.102,2.28,2,-1.545,6,1.006,0.0,2.05,7,5,4,0.09,5,4,4,2.827,7,2,2,0
0,4,0,2,1,1,1,0,7,4,3,4,2,1.294,4,4,4,2,4.193,2.243,0.0,2,2.5,1,0,4.762,2,2,4.636,2.25,4,0.259,1,4.245,2.0,7.68,0,4,2,2.084,3,1,5,3.688,0,5,1,1
0,4,0,2,0,7,5,5,4,2,7,6,6,-3.081,3,7,3,3,0.194,2.749,0.0,4,0.817,3,4,-2.337,0,5,-0.027,5.05,0,0.2,6,1.268,1.0,1.88,6,1,1,1.858,1,2,3,-0.501,5,0,1,0
2,0,2,4,0,4,0,0,2,4,6,6,3,-1.572,3,5,3,7,1.473,2.228,0.0,3,0.559,6,5,3.397,3,5,1.451,1.95,3,1.196,5,0.59,0.0,7.25,7,5,0,5.955,1,0,1,0.418,5,4,5,0
2,2,5,1,0,3,0,7,2,6,7,0,5,1.35,7,6,0,1,1.28,-1.775,0.0,3,2.407,0,4,2.292,1,2,1.311,2.88,3,0.486,0,1.313,1.0,1.88,2,4,1,-1.69,6,2,2,4.564,4,2,3,0
4,5,7,5,0,1,0,6,5,0,7,6,4,1.261,4,5,7,2,-0.052,-2.358,0.0,1,1.567,2,5,-0.181,2,4,0.991,1.82,0,-1.973,1,0.354,1.0,4.74,4,1,5,1.928,7,4,3,1.231,3,3,3,0
3,7,5,7,0,0,0,0,7,0,7,4,6,-0.047,5,3,7,1,0.384,-0.026,0.0,5,-1.703,6,0,-2.214,2,4,-1.433,3.26,7,-0.357,3,0.171,-0.0,4.16,3,6,3,0.597,5,4,3,-0.307,3,2,7,0
5,0,5,3,0,3,0,6,5,6,2,2,0,3.683,4,4,2,0,0.693,-1.104,0.0,2,2.111,0,0,-1.516,4,4,1.17,4.68,6,-1.323,1,1.062,0.0,4.28,2,3,3,4.02,7,7,3,0.69,2,1,1,0
1,4,4,1,1,7,0,4,4,0,2,0,7,2.506,0,3,7,4,2.986,0.848,275.79,7,4.101,5,3,3.026,4,7,0.776,6.35,2,0.787,2,2.957,1.0,7.18,4,6,0,3.077,0,6,2,-1.466,6,5,7,1
2,3,6,3,1,4,2,1,7,5,4,1,7,4.901,3,5,6,3,3.883,4.509,0.0,6,1.869,7,3,-0.502,5,7,2.502,4.16,5,0.646,6,3.196,2.0,2.7,3,0,7,3.325,6,4,3,4.125,2,2,4,0
2,0,0,5,0,5,3,5,2,7,3,1,0,5.371,2,6,6,2,1.923,4.516,0.0,4,0.848,2,1,3.693,4,0,0.035,2.45,7,0.316,7,2.281,1.0,3.54,7,1,1,-0.369,4,2,4,0.042,0,5,7,0
2,1,2,5,0,5,6,3,0,1,7,1,6,4.823,1,3,7,5,2.328,4.858,0.0,2,3.03,7,4,1.704,7,5,1.725,4.66,3,1.03,6,2.04,1.0,1.92,5,1,6,3.209,2,5,4,3.361,7,1,4,0
1,1,0,4,1,5,6,3,4,0,4,3,6,5.619,5,1,4,1,3.785,4.635,0.0,4,3.163,0,1,4.108,0,5,3.505,0.17,7,-0.995,5,4.158,2.0,3.2,1,2,5,4.519,6,6,2,2.788,1,0,0,0
1,4,7,5,0,7,7,2,1,5,2,6,3,-1.525,5,5,7,0,0.833,-1.545,0.0,2,0.56,5,6,0.74,7,0,1.943,3.6,0,-1.107,6,-0.101,-0.0,1.69,5,6,1,-0.61,5,4,5,-2.382,1,6,6,0
1,7,4,0,1,5,2,6,0,3,3,7,5,2.1,6,1,4,4,3.641,8.402,0.0,2,2.499,6,1,4.159,6,1,3.714,5.41,5,2.265,2,4.808,2.0,8.4,0,5,4,-2.377,0,3,5,6.757,0,4,2,1
2,2,4,1,0,2,6,3,6,3,0,4,7,0.476,5,4,4,2,0.513,-0.713,0.0,4,-0.115,6,3,-0.221,3,4,0.365,4.05,3,-0.094,5,-0.352,0.0,4.44,4,1,1,-0.566,3,7,1,2.222,1,2,2,0
1,6,1,5,1,3,6,2,7,4,6,1,3,3.412,4,4,1,1,5.057,5.601,458.58,5,6.039,3,7,6.617,0,6,4.463,4.13,5,0.638,6,4.898,4.0,8.43,5,4,3,1.023,2,1,7,-0.446,5,3,7,1
3,7,7,4,1,3,6,4,2,4,1,2,5,2.255,0,7,4,5,3.212,2.63,457.91,5,5.221,1,0,2.004,2,0,2.726,4.2,4,0.586,3,3.411,2.0,8.98,4,3,0,4.023,5,2,6,4.942,7,2,4,1
0,6,6,4,0,6,1,2,4,1,1,1,2,-1.261,7,4,5,0,0.298,1.967,0.0,2,1.729,5,5,2.623,7,0,1.048,3.72,6,-0.949,6,0.814,0.0,3.64,0,7,7,0.983,3,0,4,5.668,4,2,1,0
0,7,1,2,1,5,3,3,1,0,3,3,6,5.042,6,1,2,2,5.321,0.935,0.0,1,3.724,2,1,4.965,4,6,4.871,0.97,2,0.774,0,4.994,2.0,3.62,3,4,1,5.153,5,7,1,4.109,1,3,2,0
7,2,7,2,1,6,3,3,7,5,7,6,1,2.112,4,0,1,4,3.085,3.78,0.0,5,2.225,2,5,1.953,5,7,5.237,2.95,4,-0.573,2,2.891,2.0,1.67,1,3,0,8.238,0,6,2,7.169,3,5,1,0
1,0,5,5,0,5,3,3,5,5,2,6,2,-0.414,2,5,0,5,1.806,1.048,195.36,0,2.412,6,7,-0.005,2,2,0.776,5.49,5,0.055,1,2.408,1.0,10.33,5,7,4,1.871,5,6,4,2.262,7,3,6,1
2,6,7,2,0,0,4,6,7,3,0,0,0,1.367,3,0,2,1,0.252,-1.402,0.0,4,0.236,4,0,4.284,3,0,0.341,4.15,7,0.703,5,-0.142,-0.0,6.92,6,2,0,0.377,0,3,7,1.334,6,1,3,0
3,1,4,5,0,0,5,5,5,0,2,5,6,2.518,0,7,4,3,-0.075,-1.477,0.0,6,3.399,2,1,-1.625,5,6,-1.885,3.74,0,-0.996,4,0.442,0.0,3.72,7,6,3,2.311,4,1,4,1.083,4,2,6,0
2,6,3,0,0,0,0,3,5,4,7,5,5,2.04,2,0,4,0,0.976,-2.075,0.0,6,1.384,3,4,1.224,0,1,0.19,3.27,4,0.163,0,0.858,1.0,5.44,4,7,1,-1.557,7,0,2,1.068,0,7,1,0
7,1,5,6,0,6,5,1,5,1,1,0,6,1.21,2,0,7,4,0.392,-0.551,0.0,5,-0.674,5,1,2.36,3,0,1.671,2.11,7,-0.374,3,1.582,1.0,5.09,1,7,7,-0.333,0,0,1,-1.662,3,5,0,0
5,1,5,3,0,2,7,6,1,3,5,4,2,5.645,1,2,3,6,2.83,0.941,885.11,3,3.222,4,0,1.497,0,6,2.936,5.11,5,-1.099,0,2.241,2.0,6.55,6,5,4,3.943,1,7,0,2.455,6,3,1,1
6,1,6,3,0,7,2,4,5,0,6,1,6,-0.293,6,6,3,3,0.995,-0.817,0.0,1,-0.055,1,0,0.103,6,5,-0.494,2.99,4,-0.108,5,-1.29,1.0,1.83,6,5,4,-1.871,4,5,0,2.365,1,5,0,0
1,4,4,1,0,4,2,0,0,6,3,7,2,-0.447,5,4,2,4,1.043,0.544,0.0,3,1.416,6,3,2.665,1,5,0.684,4.0,0,-0.204,3,0.689,1.0,4.62,3,7,0,2.362,4,1,4,3.945,4,5,7,0
2,2,1,2,0,7,6,6,3,4,4,2,4,-4.058,5,2,0,5,0.831,-0.838,0.0,2,1.367,7,2,2.783,2,1,1.165,2.97,4,2.715,2,-0.045,0.0,4.64,7,3,2,-2.664,1,2,2,0.372,0,2,5,0
4,4,3,1,0,5,3,4,6,1,0,0,5,0.537,4,0,5,3,1.031,2.522,0.0,1,1.834,0,7,3.34,5,6,-0.164,1.52,0,0.197,5,1.346,1.0,3.52,6,0,0,-1.79,4,0,3,-0.717,3,5,6,0
6,0,5,7,1,3,7,5,7,0,5,3,4,2.042,5,4,6,4,5.131,3.245,106.94,7,6.153,2,0,8.028,1,1,3.636,4.39,6,0.659,0,5.961,3.0,6.09,4,3,7,8.13,2,2,4,4.508,2,4,0,1
7,7,3,3,0,7,3,4,1,2,6,7,0,-0.75,2,2,2,3,0.645,1.877,0.0,5,0.538,6,7,2.665,6,6,-1.722,2.23,2,1.058,3,1.187,0.0,6.09,0,5,4,-0.24,6,5,4,1.586,2,6,2,0
1,4,5,5,0,6,4,1,0,3,5,7,0,-0.938,5,2,7,3,0.13,-2.157,0.0,7,-1.204,6,1,3.993,3,4,3.041,3.85,0,-0.426,2,1.149,0.0,6.38,2,2,1,0.886,7,7,3,4.417,6,5,7,0
1,7,2,6,0,1,1,5,1,7,0,1,6,4.24,1,0,2,3,1.667,1.35,0.0,6,3.503,0,7,3.459,6,1,1.639,2.45,1,0.154,6,1.915,2.0,6.1,2,6,6,5.409,0,5,1,3.281,3,7,1,0
3,7,3,4,1,4,6,7,4,2,1,4,1,0.214,1,0,0,0,2.378,3.463,0.0,1,3.424,1,7,3.729,0,3,4.358,4.15,0,-1.024,3,3.93,2.0,5.59,7,4,5,2.954,7,3,7,4.892,3,4,6,1
7,7,0,2,1,7,2,0,0,6,6,0,6,0.48,1,1,1,7,0.954,0.931,0.0,5,1.176,7,7,0.774,5,4,1.025,3.9,1,0.229,6,1.922,1.0,1.59,6,6,4,1.864,3,5,1,0.557,6,0,3,0
3,5,0,1,0,4,7,6,6,0,5,0,2,-0.64,6,4,0,7,0.752,-0.543,0.0,3,1.46,4,5,0.996,4,5,0.561,2.13,7,-0.511,2,1.738,0.0,2.55,4,5,0,1.099,4,2,7,-1.371,6,6,5,0
1,7,0,3,1,7,6,1,7,1,3,4,5,3.521,2,6,6,6,5.744,3.99,0.0,0,7.708,4,5,5.172,4,7,5.44,3.96,7,0.445,4,5.101,2.0,3.46,6,2,3,5.15,0,5,3,2.243,7,7,6,0
4,6,2,2,0,5,0,6,1,7,4,7,3,-1.781,0,2,1,7,-0.062,0.938,0.0,4,0.311,1,1,-3.375,6,7,0.528,3.55,3,-0.298,4,1.081,0.0,2.16,1,4,6,-0.032,1,0,6,-2.786,1,3,5,0
2,1,3,7,0,1,7,1,3,6,5,2,6,1.805,0,0,2,1,0.485,0.28,0.0,1,0.129,1,6,-0.75,1,3,1.696,3.3,5,-0.147,5,0.776,1.0,2.54,5,6,2,4.632,6,2,0,-1.065,0,2,0,0
4,3,2,5,0,4,4,7,7,0,7,3,5,-0.159,2,4,3,0,1.019,2.175,0.0,3,1.901,2,6,-0.519,7,4,0.618,2.54,1,1.323,2,-0.142,-0.0,2.3,0,5,5,1.167,5,2,0,1.079,5,4,7,0
5,2,7,5,0,1,5,3,1,4,0,3,6,1.712,6,5,0,7,2.281,3.113,0.0,6,3.15,0,4,0.975,6,0,0.771,3.41,6,-0.117,2,1.957,1.0,5.82,4,3,5,2.948,7,6,7,-2.652,6,2,5,0
1,7,7,3,0,6,1,4,5,4,1,7,5,4.317,0,6,3,4,1.499,2.212,453.0,1,3.317,7,7,1.203,3,7,2.357,3.44,3,-0.324,0,1.292,1.0,7.86,0,3,6,2.57,7,0,6,1.898,0,4,0,1
7,7,3,5,0,6,3,7,1,0,0,5,4,-0.677,5,6,2,1,1.094,0.982,0.0,5,1.364,5,7,5.752,1,6,0.894,2.84,1,-0.305,5,0.728,0.0,3.14,2,3,3,-2.66,0,0,3,4.694,1,4,7,0
2,7,4,6,0,0,6,4,4,4,3,5,6,-0.592,7,3,0,3,1.081,2.016,0.0,4,1.701,3,6,0.0,0,0,-1.156,3.73,7,-0.819,7,0.608,1.0,7.13,7,1,6,5.665,2,6,5,-0.591,4,0,2,0
2,7,7,6,0,3,2,1,6,2,0,7,3,0.511,0,1,4,0,1.292,-1.14,0.0,0,0.537,2,4,0.398,1,5,-0.003,1.18,3,-0.216,5,0.326,1.0,3.77,2,4,5,0.081,6,0,5,2.992,7,6,2,0
7,5,3,7,1,2,3,7,6,5,6,2,5,8.003,7,6,3,5,4.172,1.622,0.0,7,2.897,0,6,4.702,3,1,3.634,4.69,5,0.072,4,4.939,2.0,6.58,4,0,6,5.882,0,3,7,8.222,2,6,2,0
2,3,4,7,0,3,1,0,1,3,7,2,4,1.863,4,2,7,4,0.022,0.01,0.0,0,0.19,2,2,1.214,3,3,-0.749,4.14,2,-0.696,5,0.109,-0.0,4.8,4,1,7,-0.096,2,1,4,-0.33,2,3,2,0
0,6,3,7,1,4,7,5,3,7,7,4,4,3.788,0,3,5,5,3.125,5.044,0.0,1,4.151,1,6,3.527,3,2,2.588,1.85,5,0.975,4,3.098,2.0,2.61,3,3,6,3.531,7,6,5,4.098,2,0,6,0
2,3,7,6,0,2,6,1,3,2,7,6,2,-2.459,0,1,7,0,0.197,-1.638,0.0,7,-0.972,3,6,2.802,6,5,0.541,2.56,5,-1.112,7,1.848,-0.0,2.78,1,3,1,0.23,4,4,2,-0.715,5,6,1,0
6,6,6,3,0,7,5,2,6,1,3,1,5,-1.901,6,3,1,6,1.153,2.121,0.0,3,-1.179,3,4,-1.617,0,0,2.605,2.01,4,0.805,5,0.625,1.0,6.28,7,0,7,1.516,1,6,5,-0.644,1,3,4,0
1,1,1,3,1,7,0,0,3,6,4,7,6,2.512,6,0,1,2,3.795,2.359,479.92,4,4.334,2,6,7.45,3,3,3.015,2.68,6,0.268,5,4.23,3.0,5.1,7,3,6,1.784,5,7,7,7.205,3,2,0,1
7,4,1,2,0,0,6,5,5,0,6,2,5,0.444,3,0,2,6,-0.028,1.602,0.0,1,2.919,3,1,1.211,4,2,1.569,1.61,3,-0.873,4,0.59,-0.0,2.1,7,7,4,2.345,4,3,3,-1.874,6,0,7,0
6,7,0,6,1,5,7,3,2,4,5,4,0,8.088,6,7,7,3,9.14,10.815,251.21,4,7.521,4,1,10.959,5,5,6.691,5.22,6,1.942,7,9.332,6.0,7.57,0,3,1,11.782,6,4,1,4.404,7,7,4,1
6,5,5,1,1,3,4,4,6,1,4,6,1,0.154,0,6,2,0,3.72,4.309,350.77,1,0.621,4,7,3.683,0,0,4.568,4.63,1,1.319,5,3.222,2.0,7.05,1,4,1,1.149,1,4,0,4.664,2,7,7,1
6,1,6,0,0,5,6,5,6,7,4,0,6,-2.208,4,2,3,1,0.179,-0.061,0.0,2,-2.0,3,0,2.704,2,7,-2.088,5.29,3,1.037,2,-0.719,-0.0,3.58,2,5,0,1.338,1,2,4,-1.388,4,1,2,0
4,0,5,5,1,1,2,7,7,5,4,7,6,6.221,1,3,7,2,4.578,8.519,0.0,4,4.392,0,7,0.495,3,3,5.445,6.42,2,0.805,2,3.675,2.0,2.45,0,7,7,6.071,0,1,3,4.146,5,2,3,0
6,5,7,3,0,2,7,5,2,4,5,7,1,3.095,2,2,5,0,0.778,0.379,0.0,1,-1.003,7,3,0.099,3,0,-1.979,4.59,4,-0.038,5,0.137,0.0,0.74,6,1,0,2.156,4,6,2,-1.344,0,6,0,0
7,1,4,5,1,4,4,1,6,2,7,2,5,3.671,6,7,5,4,2.413,1.964,0.0,0,1.912,6,6,2.894,0,7,0.052,3.81,4,0.192,6,2.844,1.0,4.48,5,7,4,1.905,1,1,7,2.624,6,1,5,0
2,6,7,7,0,5,4,5,1,5,1,5,5,2.786,1,6,5,4,2.61,2.538,0.0,0,3.468,6,3,3.716,1,7,4.593,1.66,3,0.122,2,3.0,2.0,3.54,0,0,2,6.576,4,0,6,7.541,2,7,0,0
2,7,5,5,1,1,5,3,0,2,6,0,0,4.129,0,4,2,0,3.469,5.775,0.0,1,3.836,1,1,3.645,0,4,6.156,3.69,6,0.714,0,3.507,2.0,4.5,4,1,1,5.602,4,1,5,3.141,6,1,2,0
6,1,5,6,0,7,0,0,4,0,4,2,4,-0.049,6,7,2,0,0.702,-1.612,0.0,4,0.852,4,1,1.097,4,0,0.884,0.78,0,1.274,4,0.449,1.0,5.07,0,1,3,-0.152,0,5,6,2.191,2,3,1,0
6,2,1,0,0,3,0,5,1,3,2,6,4,2.038,3,7,2,6,0.466,-0.358,631.23,7,0.636,2,7,-2.785,5,2,0.88,2.31,4,0.111,1,0.801,-0.0,5.76,4,7,7,2.333,2,2,0,-0.932,4,5,3,1
2,6,2,1,1,1,7,1,3,3,3,6,2,5.453,4,5,5,6,2.902,2.3,0.0,7,4.446,6,3,1.621,4,7,0.95,2.64,3,-0.825,4,3.149,2.0,1.51,1,2,2,7.021,6,5,7,3.086,0,2,2,0
1,5,0,1,0,7,1,6,3,1,0,2,2,-2.002,2,5,1,4,1.077,1.086,0.0,1,1.411,4,6,1.58,7,6,-0.273,1.8,1,-0.548,3,0.245,0.0,5.08,1,0,2,2.184,5,4,4,6.585,0,7,0,0
7,5,4,6,1,6,2,5,5,0,7,3,6,5.327,3,1,6,7,6.84,5.848,221.15,3,7.842,1,2,7.919,4,7,4.749,5.27,6,1.059,5,6.634,4.0,8.91,7,5,0,7.475,3,0,7,5.625,1,6,0,1
3,7,7,3,0,0,3,4,5,2,3,2,0,-0.005,3,3,3,3,1.768,2.508,0.0,6,1.916,0,3,4.379,3,7,-0.209,4.53,4,0.5,6,0.717,1.0,4.25,0,4,4,2.083,0,3,4,-0.475,7,4,6,0
5,6,5,7,0,6,1,2,7,7,0,7,0,0.37,5,6,7,6,2.14,2.166,0.0,7,1.646,0,0,0.675,4,1,1.118,2.34,3,-1.219,5,1.928,1.0,4.25,7,2,6,3.217,2,3,4,4.44,3,6,5,0
7,7,6,7,0,2,7,5,4,0,7,4,3,-5.198,2,5,1,7,0.739,0.317,0.0,7,0.043,5,0,-1.106,0,6,-0.606,-1.0,7,-1.406,7,0.29,0.0,4.0,2,1,2,3.956,4,2,2,-3.149,4,0,2,0
6,4,2,4,0,2,4,0,1,1,3,6,6,0.976,7,0,2,1,0.186,2.113,0.0,4,-0.034,6,0,0.972,7,2,0.415,-0.24,3,0.72,4,-0.387,1.0,3.69,1,7,6,0.882,2,2,6,4.952,7,2,5,0
4,7,5,5,0,2,7,6,5,7,1,5,0,5.816,1,1,5,6,1.175,8.713,0.0,5,1.44,1,4,2.846,6,5,-0.209,5.2,3,0.395,5,1.691,0.0,4.89,5,3,0,-0.223,2,5,1,4.283,1,4,4,0
5,6,7,3,0,0,1,4,7,5,1,1,5,0.924,4,7,1,1,1.43,-3.204,0.0,5,1.143,2,2,0.647,5,2,-0.365,0.64,6,0.013,6,0.515,2.0,3.74,3,6,1,-1.961,5,6,6,4.043,5,4,2,0
4,2,0,5,0,4,5,7,4,4,7,5,2,0.658,3,3,5,5,0.9,2.191,0.0,1,1.579,1,6,1.793,7,4,1.545,4.18,0,-1.876,3,1.794,1.0,3.35,0,3,3,0.226,1,7,5,-0.3,0,0,5,0
7,4,2,5,0,7,2,3,2,2,0,3,5,3.038,1,7,1,6,1.678,1.24,0.0,1,0.902,1,0,0.646,5,7,0.815,4.98,4,-0.387,1,3.01,1.0,3.87,1,4,2,1.737,7,4,6,0.098,3,0,2,0
6,0,2,5,0,6,2,0,1,2,1,3,2,0.353,4,1,3,3,1.351,3.678,0.0,2,0.786,0,4,-0.843,1,1,0.615,1.1,6,0.092,3,1.314,1.0,3.63,2,4,3,1.905,7,2,3,1.854,5,3,2,0
1,0,7,5,0,3,7,6,2,7,6,2,3,0.572,7,5,0,0,1.217,-0.027,0.0,3,3.199,2,2,1.101,4,4,0.552,2.03,4,-0.531,4,2.406,1.0,4.38,0,4,4,3.848,2,4,5,1.773,1,2,6,0
6,5,6,5,1,0,4,0,3,0,7,6,6,2.275,0,4,0,6,3.107,3.396,0.0,2,1.603,7,5,1.688,1,3,5.251,0.89,6,0.534,7,4.064,2.0,6.03,2,1,6,4.984,0,0,2,2.102,5,2,2,0
0,2,0,3,0,0,0,2,3,4,5,6,1,-1.696,0,5,2,7,0.517,-2.21,0.0,3,-0.193,2,1,2.307,3,4,-1.687,5.48,1,0.588,2,1.063,1.0,2.48,7,2,1,-2.789,5,7,6,-0.347,0,4,5,0
6,6,6,6,0,5,7,1,4,5,3,4,7,-1.819,5,6,1,0,1.593,0.277,0.0,2,2.411,6,0,2.658,2,1,2.212,3.59,5,-0.376,6,2.191,1.0,3.33,6,6,6,4.338,3,1,1,-0.127,5,4,5,0
2,4,6,6,1,3,7,4,3,6,1,3,2,6.017,5,6,1,0,3.133,4.916,564.36,2,0.126,6,6,5.205,7,5,2.503,4.28,2,-1.391,0,3.972,1.0,7.1,3,6,0,5.391,5,0,1,-1.34,1,4,3,1
7,2,0,3,0,3,6,2,7,5,2,1,1,3.393,6,3,0,6,2.197,2.309,0.0,4,2.11,4,7,1.098,5,2,3.555,3.17,4,-1.64,1,2.032,1.0,0.6,5,5,5,-1.09,3,3,4,2.265,6,1,2,0
0,7,5,7,0,4,7,4,2,7,6,6,5,-0.158,5,2,2,1,1.972,1.657,0.0,2,1.36,1,7,2.509,0,3,1.252,4.51,6,1.76,1,2.798,1.0,5.74,1,7,5,0.785,0,6,2,4.274,7,1,4,0
7,2,1,4,0,2,2,3,3,7,1,7,3,2.875,1,4,1,3,1.138,-0.435,0.0,6,1.127,3,5,-1.763,4,0,2.672,4.54,7,-0.627,1,0.975,1.0,1.05,4,4,2,0.571,3,1,7,0.866,0,4,1,0
5,5,5,5,0,6,5,5,4,3,5,0,5,-0.943,1,2,3,7,0.976,0.232,0.0,6,1.202,3,5,-3.322,2,4,0.208,2.16,6,-1.743,3,1.8,2.0,4.36,3,6,3,1.619,3,7,1,3.766,4,7,5,0
1,1,0,0,0,5,6,4,7,0,7,2,0,0.638,1,7,7,6,1.615,-0.106,0.0,4,-0.999,1,6,0.202,2,2,0.868,3.71,2,-1.304,6,0.436,-0.0,3.14,5,5,4,1.822,5,1,2,0.289,2,5,0,0
7,1,5,6,0,5,2,4,5,3,4,3,0,1.393,5,6,7,5,1.631,0.477,0.0,5,0.037,1,4,5.85,2,5,2.056,2.76,3,0.567,5,2.184,0.0,2.8,3,0,5,0.192,1,5,0,2.849,4,7,6,0
4,6,1,0,1,7,5,0,0,3,6,1,2,6.272,6,6,0,1,3.534,2.509,0.0,1,1.847,0,6,6.052,5,1,4.805,0.54,0,-0.115,1,4.069,2.0,2.64,1,0,5,7.714,6,7,6,3.623,6,0,0,0
6,4,2,6,0,0,0,2,3,3,2,3,4,-0.012,7,0,1,2,0.36,2.498,0.0,6,2.689,2,7,-0.736,1,7,1.131,2.32,3,0.344,5,1.789,1.0,6.97,2,1,3,-0.638,7,3,6,-1.234,7,4,5,0
5,2,4,5,0,5,0,2,4,7,0,1,6,-0.414,3,2,4,1,0.034,1.534,0.0,2,-0.969,0,7,4.274,5,6,-0.533,3.81,5,0.758,2,0.429,-0.0,6.4,3,0,4,6.148,7,6,0,2.017,2,2,6,0
0,3,7,4,0,0,5,7,4,5,2,2,0,3.898,5,7,0,2,2.485,1.734,0.0,3,1.728,4,2,1.246,3,6,3.547,1.94,5,0.56,4,2.718,1.0,2.09,7,5,4,0.026,1,2,5,-2.775,1,7,3,0
3,5,0,0,0,0,6,6,5,7,5,3,2,-2.536,2,1,1,3,1.058,2.681,0.0,3,0.956,2,0,-0.767,3,2,0.379,3.37,2,-0.713,5,0.98,1.0,0.92,5,6,6,-0.694,4,0,3,1.236,0,6,6,0
7,3,6,1,0,5,7,7,7,5,6,3,5,0.531,1,7,4,3,0.784,2.606,0.0,3,1.527,0,0,0.29,1,6,-0.792,4.09,6,1.899,0,1.178,0.0,2.86,6,2,7,0.758,2,2,3,-0.317,3,4,0,0
5,5,4,3,0,5,5,1,1,6,3,1,6,-1.252,7,1,0,3,1.196,5.024,0.0,6,0.295,7,0,0.32,3,5,0.08,1.71,5,-0.612,3,0.57,0.0,2.74,7,0,2,2.304,0,6,2,-2.087,6,5,0,0
0,0,3,3,0,3,6,5,0,0,7,2,6,-0.393,2,3,5,3,1.981,3.706,0.0,7,1.852,7,1,2.625,1,7,4.705,5.33,7,0.733,7,2.108,2.0,7.93,1,2,1,1.074,3,6,0,-0.071,7,7,7,0
2,5,7,1,1,1,3,5,7,6,3,6,1,6.577,1,0,1,4,3.23,0.209,0.0,0,2.776,5,1,1.729,4,0,3.811,1.42,5,-0.757,4,2.67,2.0,4.23,4,7,4,1.78,0,0,1,3.445,0,7,4,0
1,4,0,6,0,2,1,2,3,7,1,3,7,-1.373,1,7,7,0,2.514,1.4,0.0,6,0.064,0,4,5.283,1,6,3.832,4.31,0,-0.899,5,1.418,1.0,4.41,6,0,2,-0.28,3,7,4,-0.368,6,0,6,0
0,7,3,4,1,1,0,4,7,2,3,3,4,4.371,2,2,7,0,2.1,-1.025,0.0,6,2.731,1,0,0.962,4,5,1.108,5.19,7,0.927,3,1.899,1.0,3.74,0,5,4,-1.25,6,2,5,1.779,0,1,0,0
6,0,5,6,0,5,1,1,0,6,6,4,3,-1.349,0,1,4,0,1.096,1.039,0.0,2,0.6,1,1,0.552,2,4,1.603,2.21,4,-0.082,2,0.8,0.0,4.34,7,3,4,1.913,4,2,5,-2.369,0,0,6,0
2,3,4,0,0,6,5,0,4,2,1,7,3,-1.937,7,2,5,4,2.188,4.869,0.0,7,2.758,7,1,-2.087,6,4,1.569,3.43,4,-0.888,5,1.388,1.0,3.56,0,1,1,-1.571,4,7,4,-0.44,7,3,3,0
3,0,7,1,0,3,3,2,2,1,0,5,5,2.597,7,3,0,0,2.944,4.035,0.0,2,3.239,5,6,0.381,1,1,4.084,2.31,7,0.121,2,2.02,2.0,5.11,1,2,0,3.682,4,0,4,4.02,5,0,1,0
7,4,2,2,1,0,1,2,5,3,6,4,3,8.653,1,4,5,4,3.046,4.916,0.0,3,1.775,4,3,5.246,2,2,4.3,4.06,7,0.247,7,2.747,1.0,4.44,3,4,5,2.424,5,3,2,6.476,2,3,2,0
2,1,1,1,0,3,5,2,3,3,4,0,3,2.622,0,5,5,1,1.319,5.467,0.0,6,1.263,0,3,-1.58,5,7,2.54,4.38,5,-0.317,0,0.544,1.0,5.47,4,7,0,1.607,1,6,5,-1.437,5,7,2,0
5,6,7,2,0,5,2,0,7,7,2,7,6,-0.108,5,6,0,6,1.43,5.908,0.0,3,-0.364,3,6,3.407,0,6,2.239,3.19,3,1.168,7,1.561,1.0,5.67,1,0,5,-2.752,0,4,5,-0.539,6,3,0,0
5,0,6,4,1,3,1,7,7,5,0,0,5,0.817,6,1,4,2,3.306,4.425,0.0,2,1.541,3,6,-0.135,0,0,1.63,1.91,3,0.202,0,2.687,2.0,4.43,6,5,4,1.74,3,1,0,2.029,0,5,6,0
7,2,1,5,0,3,5,0,5,6,7,6,7,-2.784,6,1,3,2,2.287,1.633,0.0,6,2.689,5,1,0.231,3,4,0.001,6.15,1,-0.026,4,2.795,2.0,5.28,6,6,7,-0.044,7,1,5,1.71,4,7,5,0
2,0,5,5,0,4,5,4,1,3,0,0,1,-0.344,0,1,6,7,0.652,3.892,0.0,6,-0.517,5,5,3.435,5,2,2.296,1.74,7,0.465,5,-0.08,1.0,4.29,2,2,4,1.658,5,0,5,2.767,5,4,1,0
0,5,1,7,0,2,1,3,3,6,6,2,6,1.367,5,5,1,2,1.048,3.018,0.0,1,0.834,7,3,3.619,6,0,3.058,0.92,0,-0.095,7,0.647,0.0,-0.32,0,6,3,5.042,6,6,0,0.85,0,2,6,0
1,1,1,5,0,3,5,2,3,5,6,4,6,-0.582,0,6,6,0,1.158,2.814,0.0,1,0.176,2,4,-0.706,6,6,0.691,2.17,6,1.232,2,-0.773,-0.0,3.13,5,1,6,3.418,7,2,2,-0.033,3,2,2,0
6,3,2,6,0,4,7,3,5,5,2,5,5,3.435,1,5,4,4,0.356,-0.214,0.0,1,1.366,3,4,0.596,6,1,1.546,2.88,4,0.06,4,1.566,0.0,4.19,7,5,6,0.562,6,0,6,4.471,7,5,3,0
1,1,6,5,0,3,2,6,0,6,0,6,7,-2.709,2,7,7,1,2.051,4.976,0.0,6,2.525,2,4,3.778,1,6,1.092,5.81,3,-0.058,5,1.624,1.0,2.69,7,5,4,-2.311,3,3,7,-2.339,6,3,1,0
0,1,7,3,0,2,7,0,1,6,7,1,2,1.626,2,3,2,7,2.08,-0.546,717.38,1,2.342,0,6,4.371,3,2,1.402,4.52,4,1.476,2,2.115,2.0,8.06,5,0,3,1.062,1,5,6,5.73,3,3,7,1
6,1,3,0,0,2,1,3,7,3,0,1,0,0.611,5,1,6,5,0.034,-3.384,0.0,2,1.336,6,7,-0.821,6,4,2.202,1.77,4,-0.545,6,0.555,0.0,6.38,7,5,3,-1.978,1,4,4,0.217,5,4,7,0
4,1,2,3,1,4,7,0,3,0,5,0,5,-1.686,3,0,5,3,3.129,7.522,0.0,6,1.695,2,6,4.85,5,3,2.172,2.52,7,1.369,0,3.104,2.0,6.64,4,7,3,5.267,5,7,5,2.733,2,4,6,0
1,4,4,7,1,4,3,7,5,7,2,3,5,3.531,1,1,3,4,4.353,6.07,0.0,6,4.044,1,6,9.422,7,0,4.695,3.48,3,-0.054,2,4.667,3.0,7.46,3,0,7,4.24,2,6,7,5.083,7,5,3,1
6,1,6,3,1,2,0,0,4,3,0,1,2,4.515,0,6,6,6,2.427,-1.567,0.0,4,2.566,3,6,1.589,4,7,3.271,3.9,4,-0.691,7,1.448,1.0,3.36,4,4,0,5.76,3,7,7,5.808,7,7,6,0
1,5,3,3,0,5,7,2,7,4,5,5,3,0.782,6,3,0,1,1.175,-5.557,0.0,1,2.278,6,6,1.837,0,1,1.275,3.7,7,-0.277,0,0.874,1.0,4.06,2,5,5,3.722,2,2,6,-3.346,0,1,5,0
6,2,7,3,0,4,5,7,2,3,5,3,3,3.503,6,1,5,2,1.896,0.628,0.0,6,1.823,0,6,4.431,4,1,1.861,2.12,3,0.202,0,1.77,2.0,2.52,6,4,1,2.922,6,3,5,1.821,4,4,5,0
2,5,1,6,1,0,0,6,3,0,3,1,5,2.077,6,3,5,1,2.065,-0.763,315.17,2,3.741,3,1,4.412,1,3,1.655,4.0,5,-1.502,4,3.239,2.0,7.54,3,2,0,1.667,4,3,6,2.126,1,2,1,1
5,1,7,6,1,2,6,1,6,1,1,2,6,3.2,7,2,3,2,4.178,4.222,0.0,6,3.902,3,2,2.736,0,1,3.199,5.34,1,-1.957,0,3.652,2.0,3.85,5,1,2,1.74,6,6,4,5.184,1,5,4,0
0,7,0,5,0,0,4,2,6,1,6,3,1,2.234,2,7,4,0,0.604,2.848,0.0,1,1.807,1,0,1.687,5,7,3.373,1.02,3,0.177,1,-0.921,-0.0,5.12,0,3,1,2.464,6,4,3,2.771,6,7,3,0
1,0,1,5,0,2,0,0,4,7,7,3,7,2.902,0,4,5,6,0.29,0.752,0.0,7,2.818,0,7,-0.633,2,3,-0.059,3.31,5,1.699,3,1.502,2.0,6.53,4,7,5,0.663,5,3,6,4.047,5,7,3,0
0,4,6,5,0,1,7,1,2,4,0,7,2,-0.043,5,0,6,3,1.851,2.063,0.0,4,3.37,1,0,2.386,2,0,3.846,4.06,2,-0.916,0,1.824,0.0,1.75,4,5,5,3.11,2,2,7,-1.313,0,2,1,0
1,7,1,1,0,7,3,1,0,5,6,7,3,-0.462,4,5,0,7,0.383,4.868,0.0,0,1.69,4,2,-2.976,4,5,1.945,4.51,1,-0.67,1,0.812,0.0,4.98,6,4,1,-3.387,2,6,0,-2.228,5,4,7,0
0,3,4,1,0,2,3,5,7,3,5,0,4,3.624,1,0,7,2,0.572,-1.695,0.0,3,0.709,7,1,0.796,6,4,-0.289,2.48,3,-2.572,6,0.287,-0.0,4.87,4,2,3,3.804,2,3,5,2.017,7,4,4,0
0,5,2,0,0,1,2,5,1,3,4,6,0,-3.899,5,0,0,3,1.245,-1.187,0.0,6,1.497,6,4,2.329,2,2,1.591,2.43,5,-1.279,0,1.896,0.0,2.05,1,2,7,1.016,3,7,5,-0.372,5,4,3,0
6,0,3,7,0,3,1,5,7,7,4,4,2,0.392,7,4,5,0,-0.22,2.117,0.0,4,-0.916,0,7,0.844,5,5,-0.997,5.54,1,1.672,4,-0.798,0.0,1.11,3,2,7,-0.335,6,7,2,1.198,1,1,4,0
4,4,2,0,0,3,5,1,4,7,5,5,6,3.309,6,0,7,2,-0.019,1.832,0.0,2,2.367,5,3,1.754,5,1,-0.212,2.48,0,0.128,7,-1.161,0.0,4.77,0,4,1,3.942,7,7,5,-0.569,0,1,5,0
7,7,4,0,0,7,1,4,3,1,7,6,6,3.122,7,2,0,6,1.262,2.783,0.0,2,1.609,3,4,1.099,1,4,-0.644,3.78,1,1.696,6,0.974,0.0,3.33,6,3,6,-4.346,1,3,4,0.361,2,4,1,0
4,7,4,4,0,7,0,2,6,1,5,5,1,0.064,6,6,2,2,0.052,-0.03,0.0,4,0.805,2,1,2.66,7,2,0.959,3.47,4,-0.577,3,0.646,1.0,6.1,3,2,4,2.669,1,0,2,2.805,4,6,6,0
6,6,4,6,0,6,3,6,4,1,1,5,6,5.644,0,7,2,6,0.59,-1.974,0.0,2,-0.545,5,0,0.116,1,6,-0.169,2.07,6,-1.77,3,0.364,1.0,4.43,4,4,4,-4.362,0,7,4,1.82,6,5,7,0
7,7,4,0,0,1,5,4,6,5,3,3,3,0.381,6,5,3,3,1.741,-0.706,0.0,5,0.494,0,4,-0.284,4,7,1.352,3.51,1,-0.661,4,0.845,1.0,1.89,1,3,1,0.924,4,1,3,1.29,4,0,6,0
6,3,5,6,0,1,3,5,6,7,0,7,4,0.218,3,2,2,0,0.426,-1.863,0.0,2,-1.021,2,1,0.886,6,4,0.108,4.78,5,-1.242,1,-0.029,-0.0,6.16,7,7,3,-2.189,3,0,7,-0.522,3,5,6,0
5,4,0,2,1,6,4,7,2,0,3,1,0,3.244,4,0,4,1,2.603,3.244,0.0,0,1.313,7,6,5.348,6,2,1.606,3.67,0,0.125,3,3.965,2.0,5.73,1,3,4,1.101,4,5,4,-1.219,2,5,4,0
3,5,2,2,0,4,2,4,4,1,5,6,6,3.478,7,4,0,0,0.66,2.617,0.0,5,-0.807,5,4,1.694,7,7,-0.104,1.58,2,0.511,2,0.34,1.0,4.63,7,6,7,-2.179,3,1,3,3.902,7,7,2,0
0,7,1,7,0,6,3,5,3,5,4,1,5,2.778,6,7,4,6,1.164,3.749,0.0,5,-0.751,6,4,0.702,1,1,1.578,4.27,3,0.292,3,2.132,1.0,2.03,3,3,0,2.115,4,4,1,1.149,1,4,3,0
0,3,7,7,0,4,3,5,7,4,2,7,6,-0.366,5,2,0,4,0.653,-2.503,0.0,3,0.354,4,6,0.536,7,7,3.064,3.8,0,0.145,1,1.061,0.0,5.27,6,4,2,2.189,1,0,4,3.869,6,7,1,0
4,5,6,0,0,5,6,3,5,6,5,7,3,1.482,5,4,2,0,0.851,2.714,0.0,5,0.346,6,1,1.514,7,3,1.235,4.08,0,1.622,3,0.673,-0.0,1.92,7,0,3,-2.01,7,2,5,2.268,5,2,0,0
6,5,4,7,0,7,5,5,2,7,7,5,0,-1.578,0,2,7,2,0.28,1.15,0.0,7,0.262,4,7,0.048,4,1,1.887,4.15,6,-0.698,0,-0.023,0.0,2.79,4,3,7,-2.944,1,6,3,-1.074,4,2,4,0
4,0,2,5,0,5,1,5,6,1,4,3,6,1.872,0,7,3,3,2.079,-0.521,0.0,0,1.903,7,0,0.789,3,7,2.769,3.04,7,0.068,1,1.01,1.0,4.33,2,1,1,0.053,6,0,0,2.777,3,4,3,0
1,3,5,3,0,7,3,4,5,0,4,6,0,1.566,7,4,7,2,1.116,1.979,0.0,2,2.834,1,7,1.494,5,7,0.782,6.68,1,1.458,0,1.44,1.0,6.24,4,5,0,2.184,7,2,3,4.523,2,0,3,1
4,0,5,4,0,3,6,3,0,6,2,5,3,6.143,1,4,6,2,2.228,-1.074,0.0,3,2.217,0,5,2.084,6,1,1.745,2.86,5,-0.298,4,1.866,1.0,2.4,4,2,7,1.524,6,0,2,0.457,0,6,0,0
1,3,0,3,0,3,1,5,3,5,6,7,1,-2.746,7,0,1,2,-0.048,2.321,0.0,6,1.786,7,7,-4.377,4,3,3.215,4.98,7,0.316,3,-0.072,1.0,3.72,3,5,1,-1.825,6,6,5,-0.684,7,0,3,0
0,6,3,3,0,3,7,6,2,3,4,2,4,3.095,1,0,7,3,2.273,1.492,0.0,0,1.675,2,0,0.6,5,1,0.792,3.99,4,0.175,4,1.8,1.0,3.44,5,0,7,0.731,4,2,1,1.306,3,6,2,0
7,1,4,1,0,1,3,6,0,0,7,5,1,0.432,0,4,0,7,0.351,-0.391,0.0,4,1.462,3,2,0.784,0,6,2.631,1.05,0,1.517,4,1.506,1.0,4.37,1,5,1,0.076,3,5,3,-0.823,1,0,3,0
3,3,2,6,0,0,2,2,0,4,7,7,4,1.952,1,5,6,0,1.034,3.525,0.0,4,1.948,0,5,-0.104,7,0,2.812,5.02,0,-1.986,4,-0.155,0.0,5.07,1,0,3,0.222,6,6,5,-0.441,6,7,5,0
5,6,2,5,0,6,4,2,0,5,0,4,0,-4.025,7,4,4,0,-0.336,-1.545,0.0,1,-0.95,3,5,2.569,0,4,-0.281,1.68,1,-1.097,1,-0.531,-0.0,3.77,6,7,0,2.498,5,1,1,3.633,5,0,3,0
6,0,3,2,0,3,5,1,0,7,0,0,2,0.198,5,1,5,2,-0.149,-0.785,0.0,0,-2.281,2,1,5.267,2,3,-2.981,2.23,2,-0.471,0,0.761,1.0,3.46,1,3,0,-0.101,6,6,7,-4.662,1,0,7,0
3,4,0,2,1,3,6,5,0,3,0,0,3,3.426,2,6,3,7,2.544,1.54,363.76,7,3.052,0,6,1.376,7,3,3.02,6.42,6,-0.187,4,2.726,1.0,6.32,6,0,6,5.275,5,1,3,2.839,4,6,0,1
4,3,4,7,0,0,4,6,3,1,1,3,6,1.545,1,2,1,0,0.173,2.891,0.0,5,0.581,6,5,1.479,1,2,1.402,1.24,4,1.227,6,0.783,0.0,-0.69,0,6,3,3.597,3,1,6,0.436,3,6,0,0
3,0,0,6,0,1,1,0,3,0,2,2,1,1.012,3,7,4,4,1.376,0.64,0.0,4,-0.691,1,4,0.316,3,5,0.671,4.84,2,-0.114,2,-0.042,0.0,5.06,4,3,0,-0.86,2,1,2,1.661,3,6,7,0
0,3,6,4,0,6,4,2,2,4,6,3,5,4.918,1,5,2,5,2.016,3.141,0.0,7,1.837,5,1,0.356,7,1,4.136,3.14,4,-4.509,0,2.406,1.0,4.59,0,7,4,-0.992,0,7,2,4.141,7,5,1,0
7,3,6,3,1,7,4,1,4,4,1,7,1,2.795,5,1,5,5,3.934,5.384,0.0,1,5.568,5,7,1.189,6,3,2.035,1.05,3,-0.891,7,2.546,2.0,6.46,1,5,3,4.282,7,0,0,7.889,0,7,0,1
1,7,3,7,0,3,4,3,3,6,6,5,0,-5.292,7,1,4,4,-0.431,-1.288,0.0,3,-0.825,7,3,3.694,1,0,-0.587,3.81,0,-0.27,3,1.061,0.0,5.04,3,5,1,-1.264,2,1,3,1.556,6,3,5,0
2,4,2,1,0,5,0,1,0,4,3,5,0,-0.348,2,4,4,1,0.441,2.421,0.0,7,0.131,4,1,1.863,3,5,-0.42,1.45,5,1.259,7,1.054,-0.0,5.27,3,0,2,0.599,1,0,5,-3.662,6,6,4,0
5,6,1,6,0,3,0,6,5,7,7,1,4,1.745,3,5,4,4,1.824,2.553,0.0,2,1.835,2,5,2.503,1,2,0.415,5.07,1,-1.947,1,2.063,2.0,9.07,0,2,0,4.338,1,6,6,2.302,5,0,2,1
2,6,7,6,0,4,2,0,2,0,1,0,2,2.671,1,3,5,5,1.753,-1.229,898.56,6,0.847,2,2,-0.012,0,6,1.317,3.15,4,0.351,3,1.512,1.0,8.1,6,5,0,-2.798,2,6,6,1.327,4,2,5,1
7,0,3,7,0,1,7,2,7,1,4,6,1,-0.348,4,6,4,4,1.212,2.602,0.0,0,0.738,4,5,3.617,4,5,0.156,4.89,6,1.226,3,0.754,0.0,2.62,0,0,2,0.623,1,4,5,4.68,0,5,6,0
7,0,6,4,1,7,5,7,1,2,0,7,1,5.911,2,2,7,7,2.034,0.323,0.0,1,3.498,3,7,4.223,0,5,2.202,1.41,0,-0.495,3,2.969,1.0,5.05,0,4,4,4.809,7,1,6,3.98,3,2,4,0
6,2,7,2,1,6,2,0,0,3,6,1,5,10.907,6,0,3,4,8.089,10.256,0.0,6,8.101,6,4,12.15,7,5,8.034,5.44,7,0.419,6,8.967,5.0,4.89,5,5,3,10.639,0,1,7,12.671,4,3,6,1
4,2,2,4,0,4,6,1,0,2,6,3,5,4.933,7,6,2,5,0.88,3.18,0.0,0,0.376,5,7,5.892,5,4,2.164,3.13,0,-0.896,2,1.408,0.0,4.89,1,7,5,1.09,5,5,0,-0.82,3,0,5,0
5,3,0,3,0,5,2,6,5,3,4,0,5,1.495,2,6,2,6,0.942,-3.086,0.0,0,3.348,2,5,-0.736,6,7,0.576,0.52,2,1.378,5,1.525,1.0,3.44,2,4,6,6.075,7,0,5,-0.976,2,3,7,0
4,3,5,7,0,1,4,0,7,0,6,0,6,4.702,5,0,4,1,2.837,1.25,0.0,2,2.656,2,1,1.566,6,5,2.629,1.45,6,0.409,7,1.968,1.0,2.17,4,6,0,4.609,3,7,1,6.035,3,5,5,0
4,7,4,7,0,7,5,1,1,2,4,0,1,1.895,3,0,2,1,0.886,6.167,300.64,3,1.097,6,7,3.845,1,7,-0.285,6.79,1,1.446,1,0.688,2.0,7.35,4,7,4,-0.39,5,7,7,3.192,1,7,1,1
0,5,7,2,0,0,1,2,7,0,7,5,0,2.824,6,7,6,4,0.127,-5.125,0.0,3,0.384,2,7,-4.072,1,3,-0.565,3.95,5,-0.393,1,-0.825,1.0,4.17,0,0,6,1.743,7,4,1,-1.309,3,4,7,0
5,4,2,6,1,3,4,7,4,4,2,6,4,4.622,7,4,6,1,3.255,2.247,0.0,2,4.464,7,2,1.367,6,2,4.006,1.72,1,0.729,6,3.368,2.0,5.0,2,7,0,2.558,6,2,6,4.648,6,1,0,0
4,5,4,3,0,2,4,7,2,7,5,0,4,1.272,1,3,2,3,1.187,5.502,0.0,4,1.656,5,7,-4.157,5,1,2.272,3.53,1,1.029,0,0.723,1.0,4.44,4,7,4,2.316,2,5,1,1.724,6,6,2,0
5,4,6,1,0,4,3,3,2,1,3,7,2,2.255,5,1,2,6,1.991,1.512,0.0,1,1.994,6,1,0.387,1,1,2.084,3.22,3,-0.043,0,1.258,2.0,4.03,1,1,3,-0.478,5,0,4,-1.575,6,0,1,0
6,3,0,1,0,2,2,2,2,1,6,4,4,-0.7,6,3,4,1,1.188,2.03,601.12,7,-1.36,3,5,0.921,4,4,1.314,4.08,1,0.356,4,2.367,1.0,8.69,4,2,3,3.631,1,7,0,3.998,7,0,0,1
3,7,1,1,0,7,0,4,6,0,6,0,7,2.421,0,1,3,3,0.65,1.739,0.0,6,0.534,0,2,-1.967,2,2,-1.931,2.65,6,-0.066,2,0.798,0.0,4.58,0,0,3,1.772,6,2,5,1.27,6,3,3,0
6,1,1,5,1,6,6,4,5,2,3,4,1,-0.444,1,4,1,0,2.69,-0.402,628.9,3,2.49,0,4,3.049,1,0,2.145,3.69,1,-0.481,3,1.091,1.0,6.47,3,5,7,2.384,5,2,6,1.281,3,6,5,1
4,6,7,0,0,4,4,6,2,2,4,0,2,2.951,5,1,6,3,1.12,2.673,0.0,2,-0.143,3,6,1.451,0,1,-1.738,5.48,2,1.999,5,0.897,0.0,4.66,7,3,1,0.44,1,5,0,3.988,3,3,1,0
1,6,0,3,1,5,7,3,4,1,5,2,7,0.823,1,6,5,5,4.092,6.388,96.17,0,4.076,1,4,1.708,0,3,5.748,4.56,1,2.389,6,3.963,2.0,6.73,7,4,1,5.045,7,5,3,7.436,7,4,3,1
0,3,0,6,0,4,4,7,3,3,5,2,7,1.279,4,7,6,6,0.717,1.631,0.0,7,-0.724,1,5,-1.919,4,7,0.231,2.37,4,-0.38,2,0.595,2.0,4.66,1,4,3,-1.86,2,2,6,0.046,0,3,5,0
3,7,5,1,0,2,3,4,4,2,7,4,0,3.972,1,0,3,6,2.344,4.42,0.0,4,2.565,0,5,5.369,6,5,3.367,3.16,4,0.583,5,2.902,2.0,5.43,4,3,6,2.73,7,3,4,2.729,6,7,7,0
3,7,4,1,1,4,2,3,4,5,4,2,6,1.926,5,3,2,4,1.856,0.445,0.0,4,1.456,2,4,3.636,6,0,2.204,3.11,5,0.391,3,2.877,1.0,4.77,6,3,1,1.116,4,7,6,4.591,6,6,5,0
7,2,7,4,0,1,2,6,7,7,6,0,1,-5.615,3,1,3,2,0.6,1.136,0.0,6,2.031,6,5,-2.297,7,2,1.551,3.18,6,-0.843,7,-0.334,1.0,7.5,6,0,2,0.438,4,1,5,1.994,4,7,4,0
2,1,6,2,0,1,4,5,6,1,5,4,7,3.65,3,1,0,6,1.63,0.004,0.0,7,1.909,4,2,1.867,3,2,0.33,3.17,4,-1.864,2,2.669,1.0,4.69,5,1,0,3.021,6,2,1,5.807,6,2,4,0
0,4,1,6,0,1,2,4,1,7,5,7,7,0.607,2,2,5,5,2.335,-1.24,0.0,4,1.919,2,0,1.632,3,4,-1.633,2.93,0,-0.31,1,2.795,1.0,4.27,6,5,5,2.38,5,0,0,0.872,5,7,7,0
7,4,3,0,0,4,7,0,2,7,1,5,2,3.053,1,2,2,0,1.652,2.633,0.0,0,3.112,6,5,2.931,3,5,0.891,5.56,0,-1.382,4,1.632,1.0,3.37,1,0,0,3.392,1,0,2,0.464,4,3,3,0
6,6,0,0,1,0,7,6,3,6,2,7,7,1.826,7,7,3,4,2.881,1.552,0.0,5,3.251,2,5,5.409,2,5,4.868,2.09,7,0.159,0,1.914,1.0,4.31,7,7,1,-0.493,4,2,7,1.309,2,3,2,0
1,7,0,0,0,3,0,7,5,2,5,6,1,-4.623,3,4,4,0,0.68,-0.45,355.93,3,1.593,7,6,-0.791,2,2,1.934,3.54,6,0.943,3,-0.143,1.0,7.92,7,7,4,-0.574,2,2,3,1.436,4,1,2,1
6,3,0,4,0,7,2,6,7,0,0,0,3,0.928,1,6,5,7,2.534,4.508,0.0,4,2.681,0,7,3.22,2,0,3.259,2.33,5,1.129,2,1.098,1.0,5.75,0,4,4,1.642,7,0,5,2.246,1,1,5,0
7,7,0,4,0,6,1,1,5,6,7,3,7,-1.358,2,0,2,5,-0.118,2.271,0.0,0,2.1,1,6,1.79,4,1,1.755,3.78,1,-0.543,6,0.932,0.0,5.58,0,2,1,-2.101,4,6,5,4.124,4,2,5,0
2,7,5,5,1,1,0,5,3,7,1,5,1,4.04,6,5,7,3,3.604,2.688,820.34,4,1.944,3,7,2.179,3,0,2.949,5.41,5,2.207,1,3.402,3.0,5.96,2,0,2,2.851,7,4,0,3.284,1,6,3,1
1,6,5,0,1,4,5,1,5,0,5,2,1,5.002,3,1,3,4,4.609,5.116,349.96,5,4.534,7,3,2.159,1,0,3.406,7.95,1,0.723,0,4.077,2.0,6.52,3,3,7,6.749,0,5,2,6.094,7,6,0,1
0,5,7,5,0,6,2,2,7,3,1,5,1,0.246,7,0,1,6,0.085,0.835,0.0,7,0.788,2,7,-2.572,0,5,1.761,5.12,4,0.643,6,0.423,0.0,7.33,3,2,3,0.347,5,2,1,-2.038,0,0,1,0
2,6,3,2,0,3,1,5,0,3,2,0,5,0.612,2,6,7,0,0.932,0.168,0.0,4,2.608,0,1,1.045,2,1,0.617,2.84,3,-1.668,4,-0.053,1.0,1.8,4,2,0,3.829,3,4,3,-0.03,7,2,7,0
7,3,7,4,0,0,0,5,0,0,4,3,0,0.875,4,7,7,0,1.901,-0.13,0.0,1,3.178,6,4,3.617,4,5,1.97,2.75,1,0.098,1,2.528,1.0,3.01,6,2,6,4.387,5,7,0,1.315,2,7,4,0
5,1,3,5,0,7,3,4,2,0,2,3,0,-0.758,2,3,2,2,0.392,2.342,0.0,0,0.89,3,1,-1.873,1,5,-1.231,5.2,0,-2.668,6,1.055,0.0,4.76,3,3,5,1.322,0,3,6,4.487,2,2,4,0
0,7,7,7,0,4,3,5,2,0,1,7,2,1.709,0,4,1,4,0.512,6.654,0.0,1,0.215,7,0,-0.427,0,6,0.089,2.01,3,1.466,1,-0.457,-0.0,4.5,0,5,0,-3.966,1,5,6,-0.522,3,6,1,0
4,1,7,4,0,4,0,7,3,7,3,1,3,1.629,7,7,2,6,1.052,-0.752,0.0,6,0.91,6,7,1.591,2,7,1.528,4.81,6,0.722,3,1.026,0.0,2.08,6,1,6,-2.152,5,5,3,-1.122,5,5,1,0
1,4,3,1,0,1,1,3,2,1,3,6,1,1.567,3,2,7,6,0.233,3.419,0.0,4,0.898,0,2,-2.322,3,0,2.222,3.65,2,0.885,7,0.224,1.0,0.34,2,6,4,-0.313,0,5,4,1.425,2,0,4,0
7,7,4,5,0,3,2,1,0,1,2,5,4,-1.957,5,4,4,1,0.372,0.185,0.0,2,2.301,0,3,0.791,2,3,1.365,1.48,3,-1.37,5,1.18,1.0,3.12,3,2,1,-2.457,3,3,5,-0.04,0,3,6,0
7,2,2,2,1,3,3,3,3,6,2,0,0,2.693,6,0,5,0,2.607,0.259,0.0,0,1.504,6,7,3.623,1,1,2.778,4.26,1,1.15,7,2.452,1.0,3.4,0,7,4,1.873,4,3,1,1.884,4,0,3,0
4,7,1,4,0,4,1,6,5,3,4,4,3,0.936,4,7,7,7,0.808,1.291,0.0,5,2.569,6,0,-0.422,7,7,1.359,3.46,1,-1.476,3,0.809,0.0,4.04,1,4,7,-1.051,4,7,6,2.868,7,7,3,0
1,6,1,4,0,4,5,4,7,2,7,7,0,3.756,5,6,2,6,1.264,2.586,0.0,5,-0.161,5,0,0.206,1,5,-1.265,3.97,7,-1.709,1,0.865,1.0,5.71,3,6,6,-1.068,0,4,5,2.138,0,4,1,0
1,5,0,1,0,0,6,4,0,5,3,5,1,0.065,7,5,3,4,0.59,0.001,0.0,2,0.569,2,1,-0.267,1,2,-0.402,2.58,2,2.2,4,1.366,0.0,4.26,0,7,7,-0.831,5,3,4,-1.406,2,1,6,0
3,2,5,5,0,4,0,4,0,2,0,3,3,-0.689,3,5,1,7,0.636,1.523,0.0,4,-0.303,5,6,1.092,0,5,1.306,2.33,1,-1.862,2,-0.399,0.0,4.75,6,1,6,2.631,0,7,6,1.546,7,1,0,0
0,2,7,7,0,6,4,1,0,2,0,6,0,-0.843,7,6,7,3,0.113,-6.405,0.0,6,0.936,3,3,-1.099,7,0,0.246,-0.39,3,-1.4,7,-0.678,-0.0,4.91,2,4,3,1.701,1,5,6,-0.255,2,4,2,0
4,2,2,3,0,4,3,1,3,1,5,5,3,-0.932,3,3,3,6,0.616,2.097,0.0,5,0.898,2,6,1.682,4,6,-0.967,0.68,3,-0.417,0,0.356,0.0,5.0,2,0,3,-0.718,5,6,5,5.233,3,5,5,0
7,3,5,1,0,0,2,0,6,4,1,2,7,0.816,2,7,6,5,0.923,0.059,0.0,4,3.916,6,3,-2.218,0,6,-0.618,2.07,0,-0.09,1,1.01,0.0,6.93,7,0,7,1.932,5,3,3,2.221,6,0,5,0
6,5,1,0,0,0,3,7,6,1,1,5,6,1.465,1,4,0,2,0.556,-2.283,0.0,6,-1.123,4,7,-1.881,0,2,0.583,2.7,6,1.092,6,0.841,0.0,4.36,4,1,5,-2.822,6,1,2,0.637,7,1,1,0
6,3,2,0,0,0,1,1,7,6,5,2,5,2.456,4,0,7,5,0.59,0.348,0.0,7,0.036,4,5,3.098,7,6,-0.693,4.48,2,-0.238,1,0.983,0.0,4.19,6,6,2,2.069,2,3,6,0.42,1,7,4,0
5,2,6,7,0,3,0,6,1,5,7,6,0,0.619,0,6,0,7,-0.247,-1.323,0.0,7,0.151,6,1,4.232,4,1,2.129,4.1,2,1.35,5,0.139,-0.0,5.62,6,2,5,1.176,2,6,6,4.175,7,5,7,0
1,6,6,2,0,3,3,7,2,7,6,1,7,-0.521,6,7,6,4,2.118,0.999,0.0,0,1.877,3,1,-0.92,3,0,1.087,5.16,1,2.793,5,2.128,2.0,5.31,0,3,3,5.721,3,6,3,4.343,5,1,7,0
7,5,3,2,0,6,5,1,7,3,1,6,7,1.116,3,2,7,3,0.129,0.498,0.0,6,1.565,5,0,1.161,6,5,-0.38,1.52,3,-0.769,4,0.118,0.0,1.52,6,3,2,-0.954,7,2,7,0.305,7,0,6,0
5,6,1,6,0,0,7,1,5,3,1,2,0,0.829,7,3,7,7,1.085,0.063,0.0,3,1.611,1,7,-0.991,0,4,0.067,3.04,3,0.152,2,0.011,0.0,2.55,2,0,1,1.726,3,7,7,-0.329,7,1,6,0
0,0,2,4,1,4,5,3,0,0,5,4,1,3.691,4,3,0,7,2.45,3.952,0.0,4,3.733,5,0,3.606,5,1,2.541,2.42,2,1.125,5,2.153,1.0,4.49,4,0,7,0.656,4,1,4,2.465,5,2,7,0
4,7,6,6,0,0,7,0,6,4,5,5,1,6.033,2,7,1,4,0.796,0.504,0.0,2,0.247,2,7,0.08,4,6,-1.241,3.55,2,1.443,1,1.803,-0.0,5.0,4,3,6,3.237,1,5,2,-2.449,0,3,1,0
3,6,3,3,0,5,1,7,7,0,1,2,1,-2.772,3,5,5,6,0.669,1.469,0.0,7,-0.022,2,4,0.311,3,1,0.578,4.09,7,-0.958,1,0.203,0.0,3.18,1,2,7,1.483,2,6,0,0.488,6,1,4,0
4,4,6,4,0,6,1,5,6,7,5,0,3,1.148,4,4,0,3,0.958,-1.449,0.0,7,2.585,5,7,1.999,4,1,0.966,3.92,3,-0.505,5,0.968,2.0,0.09,6,7,6,2.873,6,3,6,4.489,3,6,6,0
3,0,5,0,0,3,4,0,7,7,4,0,1,5.066,2,3,6,4,0.786,-1.575,0.0,2,2.572,2,4,-0.537,0,4,0.042,2.25,5,0.332,4,1.284,1.0,4.23,7,1,5,0.85,6,6,7,-0.941,1,3,2,0
2,3,4,0,1,0,3,5,4,0,5,2,2,2.059,3,5,3,6,2.863,6.139,443.73,4,1.826,7,1,4.61,5,2,1.882,6.48,0,-0.318,5,2.974,2.0,6.7,2,1,1,0.123,5,5,3,-0.243,2,5,3,1
7,1,1,3,0,3,3,1,2,0,4,0,5,-1.182,6,2,2,1,1.179,2.918,0.0,2,1.249,3,1,0.44,1,3,0.24,4.38,5,0.35,4,1.457,0.0,6.14,3,4,5,0.732,4,6,4,3.379,7,5,5,0
6,1,1,3,0,0,0,0,0,5,6,3,1,-0.523,0,7,4,4,0.081,0.646,0.0,1,0.436,7,5,1.351,7,3,-1.057,4.21,5,0.175,4,0.353,-0.0,4.27,1,5,7,3.254,5,7,1,-5.52,0,6,3,0
5,3,4,3,0,7,4,2,5,0,5,6,6,3.138,2,6,6,1,0.683,0.032,0.0,7,0.487,0,6,0.991,7,0,1.477,0.24,3,0.222,4,1.054,0.0,7.38,3,0,0,-1.504,3,0,4,3.571,1,5,1,0
2,4,1,0,0,3,4,6,3,4,7,4,5,1.653,1,4,1,1,0.415,1.261,0.0,0,-0.568,4,1,-1.226,2,5,-0.479,2.95,3,2.433,1,1.119,0.0,2.49,0,2,1,1.844,3,1,5,2.054,6,6,2,0
3,7,6,1,0,5,0,6,6,3,3,0,4,-1.73,0,7,2,7,1.18,2.618,0.0,6,1.112,3,7,-0.325,1,3,1.63,4.82,3,0.344,2,0.863,0.0,2.42,3,7,3,-0.582,2,3,1,1.316,2,5,5,0
4,6,1,6,0,6,4,5,7,3,7,3,1,1.55,2,4,3,0,0.864,1.116,0.0,2,1.643,2,2,0.695,2,0,1.741,2.38,3,0.207,7,1.837,1.0,4.39,2,2,3,2.937,6,4,1,0.863,0,3,5,0
3,2,0,2,0,2,5,3,7,5,3,3,4,4.695,3,5,3,5,0.678,1.303,0.0,2,0.329,0,6,-0.489,3,1,4.651,3.85,7,-1.066,3,1.511,1.0,4.44,6,2,3,3.201,0,0,7,0.402,6,2,5,0
1,0,6,5,1,6,0,7,4,1,6,5,0,4.464,3,6,2,6,2.623,4.081,0.0,4,2.509,5,2,2.725,3,4,2.734,3.89,7,-1.107,6,2.388,2.0,3.34,4,1,7,-2.462,3,1,4,2.876,2,3,1,0
1,1,1,3,0,6,1,4,0,6,2,6,2,-2.855,0,6,1,0,1.899,3.855,0.0,4,1.657,6,7,4.388,7,0,2.986,3.68,2,-1.546,7,2.898,1.0,1.67,5,6,5,2.357,2,1,7,-2.462,3,6,7,0
0,6,1,3,0,4,6,4,2,1,6,2,4,1.282,3,3,2,6,2.31,0.791,0.0,6,4.543,6,4,4.68,6,5,2.469,1.49,2,0.249,4,1.774,1.0,4.2,0,4,5,1.856,1,5,4,1.958,1,5,5,0
2,7,2,1,0,6,3,2,1,0,7,7,5,0.336,5,7,1,5,1.228,2.91,0.0,2,0.61,3,7,-0.784,0,6,2.083,2.62,7,1.269,5,1.039,0.0,3.39,2,6,6,-0.872,6,2,0,1.066,2,5,7,0
1,7,2,0,1,1,2,2,2,0,6,2,2,1.097,5,4,3,5,2.286,2.697,0.0,6,1.905,5,7,0.526,6,1,2.457,1.98,0,0.548,6,2.965,1.0,3.71,5,3,0,6.577,6,4,0,0.867,0,5,0,0
0,2,7,5,0,0,4,0,0,6,6,5,7,-2.137,5,4,1,3,1.51,4.39,0.0,2,2.208,0,1,0.728,0,1,2.977,3.52,7,-0.927,2,1.216,2.0,-0.03,5,2,7,-2.284,2,5,5,2.178,3,7,1,0
0,3,0,4,0,6,3,4,5,7,1,2,7,0.253,4,1,6,1,1.034,0.613,0.0,0,1.258,4,0,1.857,6,1,4.901,5.84,1,-0.384,4,2.402,1.0,3.35,5,0,3,4.926,4,2,3,-2.8,4,6,0,0
5,1,0,2,0,4,2,5,6,7,7,4,6,-0.315,3,1,4,7,-0.018,3.341,0.0,3,0.667,6,1,-1.485,5,4,0.544,2.94,2,-0.368,7,0.201,1.0,2.17,2,3,0,-1.005,1,2,3,4.209,1,6,6,0
3,3,6,7,1,3,0,4,2,4,0,4,2,1.192,1,6,4,5,4.577,0.933,0.0,1,4.608,6,7,3.774,1,4,4.029,6.32,3,-0.551,6,4.07,2.0,6.04,7,2,1,5.218,4,4,5,0.85,4,2,1,1
1,4,6,2,0,5,2,6,4,1,0,0,7,2.968,5,0,5,3,1.247,3.431,0.0,6,-0.158,5,3,1.091,7,4,3.285,2.62,7,1.89,3,1.175,1.0,4.61,3,1,2,-2.197,5,5,3,3.55,4,5,6,0
0,1,3,7,0,7,3,5,7,2,3,0,1,-0.909,5,2,4,4,2.348,4.129,0.0,1,2.246,1,1,-3.179,3,7,0.482,3.78,1,0.329,1,1.823,1.0,4.88,4,3,7,3.809,2,7,3,2.284,6,5,2,0
2,5,4,5,0,3,4,1,7,3,3,6,2,-1.19,7,1,2,3,0.169,0.569,0.0,2,-2.412,2,7,2.925,3,1,-1.048,2.98,2,2.72,2,0.487,-0.0,5.7,6,6,5,1.601,2,3,7,4.79,0,6,5,1
7,0,2,7,0,7,1,5,1,0,3,2,3,0.546,7,7,6,2,1.961,0.482,0.0,0,3.067,3,1,-1.256,5,4,4.505,3.44,6,0.924,6,1.0,1.0,4.93,2,5,7,4.668,0,2,1,2.445,0,7,2,0
6,4,4,2,0,1,1,3,4,1,6,1,0,-4.6,6,7,6,5,1.314,-1.341,0.0,3,1.79,6,7,1.302,4,4,1.709,0.9,6,1.75,7,-0.19,0.0,2.41,2,7,6,0.091,2,5,4,2.297,7,2,2,0
3,1,1,6,1,7,3,4,7,1,7,1,0,-0.157,2,2,5,2,2.156,4.597,605.06,1,3.45,4,2,-2.174,4,6,2.963,4.88,0,0.786,5,2.568,3.0,7.54,7,4,3,6.131,5,7,0,1.844,1,1,2,1
3,5,3,7,0,4,0,3,4,2,3,6,4,2.319,0,7,2,4,-0.03,2.243,0.0,7,0.58,1,3,1.477,1,7,-1.175,1.62,2,-0.744,2,1.375,0.0,5.66,2,5,7,0.65,3,0,2,-0.426,7,4,7,0
7,2,7,7,0,4,2,7,1,1,4,7,1,-1.849,2,4,4,6,2.251,-0.623,98.11,7,1.491,2,0,4.038,3,2,2.863,5.91,2,-0.575,3,2.953,1.0,7.18,2,7,5,3.224,1,7,7,1.068,0,6,7,1
0,4,0,5,0,3,4,4,1,3,0,1,0,3.171,3,3,2,5,1.016,2.386,0.0,6,0.175,7,0,1.206,6,4,-1.388,1.57,3,0.086,5,1.388,0.0,3.44,4,6,0,2.88,0,3,4,2.082,3,1,1,0
1,4,6,6,0,1,1,2,5,1,0,5,0,-1.641,5,5,1,7,1.873,-1.353,0.0,2,1.164,4,7,1.486,3,6,-3.132,4.68,4,0.541,0,1.631,1.0,6.35,4,7,4,-0.439,7,4,1,1.389,3,1,7,0
2,5,3,1,0,7,0,0,6,1,1,5,1,3.52,6,1,2,6,1.233,1.37,0.0,1,0.463,4,4,-0.525,7,0,5.644,4.54,0,1.273,0,1.744,1.0,2.35,1,2,3,2.125,1,4,5,2.891,2,4,3,0
6,6,6,2,0,3,4,3,2,1,6,7,2,3.096,6,7,5,2,2.041,-0.151,0.0,3,4.722,5,4,1.558,1,3,0.341,3.91,7,0.26,2,1.785,1.0,7.83,5,5,1,0.571,6,5,4,0.683,2,3,0,1
5,4,6,2,0,5,2,6,1,3,5,0,3,0.094,4,7,2,4,0.956,1.636,0.0,2,0.662,4,3,-1.342,7,3,1.911,4.87,6,-0.738,4,0.984,1.0,5.88,7,4,3,3.256,4,6,6,0.839,6,0,4,0
1,6,2,3,0,0,0,5,5,3,6,2,7,0.2,5,1,7,3,0.846,1.714,0.0,0,1.846,6,6,-0.632,6,0,2.01,3.67,3,-0.645,0,1.879,1.0,5.62,1,6,5,0.343,0,6,2,-0.632,6,0,5,0
7,7,1,1,0,6,2,4,6,5,1,5,2,2.441,1,6,7,6,0.513,-1.646,0.0,6,-1.139,1,0,0.254,0,5,0.144,4.0,4,-0.55,0,0.371,0.0,5.14,1,2,1,-0.069,5,5,0,-5.109,1,7,3,0
0,2,5,3,0,2,7,0,4,4,7,5,2,-1.203,6,1,0,7,2.606,-2.281,0.0,6,3.132,3,7,1.664,1,4,1.946,0.46,2,-0.289,5,1.571,2.0,4.98,4,1,0,5.845,5,4,7,1.897,0,3,7,0
6,7,7,6,0,5,0,1,4,3,5,6,4,-2.389,1,4,0,7,1.358,-2.198,0.0,6,1.586,7,6,3.198,7,4,3.857,2.84,6,1.041,0,1.179,1.0,3.29,2,7,0,1.034,4,1,6,5.703,1,0,6,0
2,1,5,7,0,3,1,0,6,5,6,5,4,1.664,6,3,1,7,0.519,-1.723,0.0,6,0.291,5,1,1.129,0,6,0.729,5.17,3,-0.339,6,0.839,0.0,3.29,1,6,4,0.46,1,2,7,0.412,2,7,7,0
5,7,1,1,0,3,0,5,6,2,3,2,2,-1.946,0,6,4,4,-0.321,0.835,0.0,2,0.596,4,1,1.684,6,4,1.525,2.47,1,-0.241,7,1.19,0.0,2.6,2,4,2,-0.744,4,1,3,-0.946,6,5,5,0
2,3,4,4,0,4,4,4,0,1,2,6,3,-3.282,2,3,6,7,0.031,0.467,736.08,6,1.72,1,0,-0.297,1,0,1.16,4.17,2,2.145,3,0.656,1.0,7.01,1,0,2,-1.232,5,0,5,-1.71,0,5,6,1
5,5,5,0,1,3,4,1,4,0,4,5,1,3.745,2,5,3,1,3.985,3.887,0.0,4,3.755,6,2,4.716,5,5,1.586,7.2,5,-0.619,3,2.938,2.0,6.54,5,4,6,4.252,5,1,6,4.497,2,5,1,1
4,6,0,1,0,1,7,5,3,4,0,7,4,2.243,6,7,0,6,0.335,-0.459,0.0,1,0.947,7,5,3.635,7,4,0.121,1.46,1,1.303,2,0.559,1.0,2.38,0,6,7,1.574,6,7,2,-0.857,4,4,2,0
4,0,2,4,0,3,0,6,7,3,2,4,2,-0.94,4,3,3,6,0.299,-0.31,0.0,6,0.998,3,5,2.888,5,7,2.686,1.27,3,0.318,3,0.566,-0.0,2.39,3,3,0,-1.422,5,7,4,2.067,6,4,0,0
3,7,2,6,0,2,2,5,3,1,0,0,3,-1.841,3,2,2,0,0.376,-1.943,0.0,2,-0.503,3,6,-0.056,7,2,1.51,-0.46,4,-0.794,3,0.021,1.0,4.66,3,6,0,-0.304,7,4,5,2.226,3,2,4,0
3,1,4,5,1,6,5,2,7,2,7,5,5,-0.139,1,7,5,5,2.42,2.098,0.0,5,1.98,6,0,2.567,5,3,0.626,1.2,0,-0.145,5,2.813,1.0,6.14,1,4,1,0.086,3,1,4,0.469,6,2,1,0
6,6,2,7,0,3,6,7,1,2,3,2,7,1.383,5,6,0,3,0.222,-1.18,0.0,5,-1.093,5,0,-1.337,2,0,-0.397,2.21,5,-0.025,4,0.07,0.0,5.36,0,4,4,-3.013,5,5,6,-0.39,6,3,7,0
0,6,3,4,0,7,0,7,7,3,7,1,4,-0.8,6,1,1,1,0.043,0.938,0.0,3,1.616,7,3,1.761,2,7,0.392,5.62,5,-1.189,6,0.689,0.0,4.05,4,1,4,2.474,1,7,1,1.694,4,3,2,0
5,2,0,2,0,7,1,5,4,1,7,4,7,0.285,2,5,5,6,0.288,-1.96,0.0,4,-0.298,3,7,4.196,4,7,-2.246,5.61,4,-0.329,1,0.033,0.0,3.48,4,4,7,-2.56,6,4,3,0.154,1,4,1,0
6,5,1,3,0,0,1,7,5,1,2,0,4,2.002,0,0,7,6,0.977,3.527,0.0,1,2.321,7,7,-4.819,7,6,1.699,2.45,6,0.803,5,0.569,-0.0,2.71,2,3,0,2.287,4,2,3,3.271,4,3,6,0
0,5,0,4,0,3,7,3,4,7,6,1,0,1.222,5,1,5,1,1.137,1.995,0.0,1,0.897,2,2,-2.424,4,7,1.417,2.79,0,0.035,7,-0.685,0.0,3.41,0,0,6,-0.259,6,3,5,-0.288,7,1,1,0
7,6,0,0,0,6,2,7,0,6,5,2,4,7.089,1,5,3,1,0.861,1.235,0.0,6,0.68,7,0,2.423,3,0,3.406,1.95,1,0.182,1,2.372,1.0,5.68,4,4,0,0.245,7,6,4,0.189,2,7,0,0
3,1,6,4,0,1,5,5,4,2,0,5,7,-0.126,5,7,6,7,0.242,-4.322,0.0,6,0.303,1,4,-1.438,2,7,-0.981,1.36,6,0.738,1,-0.793,1.0,5.41,6,6,3,2.508,2,5,3,3.302,1,3,3,0
1,2,0,4,1,6,6,0,5,2,2,6,7,2.422,7,7,5,4,2.597,3.728,0.0,5,3.225,0,1,4.283,2,2,2.14,3.37,3,0.767,7,1.85,2.0,1.92,6,6,1,1.351,0,5,1,3.328,0,3,5,0
6,4,6,7,1,7,3,3,2,0,0,3,5,1.681,6,7,4,4,2.009,5.031,0.0,5,1.675,7,3,2.458,7,7,2.722,2.85,5,0.598,5,2.899,2.0,4.9,1,7,6,0.996,6,5,5,3.419,4,0,5,0
6,7,6,1,0,5,5,3,6,2,3,1,0,-0.343,7,0,5,7,0.714,1.468,0.0,2,-1.514,7,3,-1.316,5,0,4.729,3.85,0,-0.648,3,0.648,0.0,6.06,6,7,2,2.195,1,6,4,1.296,3,4,7,0
4,7,1,6,0,5,6,6,5,5,1,6,1,1.098,1,0,6,2,0.588,1.364,0.0,0,-0.367,5,5,2.242,6,6,0.346,2.74,3,-1.934,4,0.068,0.0,3.71,3,0,3,-1.11,5,0,4,-0.901,7,1,5,0
7,5,3,0,1,0,6,3,0,3,0,1,0,4.715,5,6,6,4,2.722,-1.851,0.0,1,4.499,5,5,0.235,5,5,3.727,2.69,7,0.866,7,4.171,2.0,6.01,0,1,2,4.083,7,7,3,1.981,0,4,2,0
5,6,3,3,0,4,5,1,0,2,0,1,4,3.331,1,0,0,6,2.846,2.104,0.0,3,3.289,4,7,4.088,1,2,1.68,2.72,6,0.875,7,2.461,1.0,4.49,3,7,6,-0.262,4,5,5,1.752,4,4,5,0
4,4,2,3,0,2,3,6,0,1,5,3,7,1.142,6,5,7,3,2.013,4.222,0.0,2,2.047,4,7,4.081,5,6,1.337,3.05,6,1.486,7,1.432,1.0,4.26,6,7,4,2.795,3,2,6,0.916,3,5,5,0
2,0,3,6,0,0,1,4,1,4,1,1,7,5.668,1,0,5,5,2.113,2.23,0.0,7,2.666,7,7,2.603,4,2,1.451,-0.71,6,-0.638,0,1.773,1.0,4.11,4,6,2,1.119,6,2,0,1.262,4,6,6,0
3,3,3,0,0,0,3,5,1,3,7,1,1,2.444,3,6,1,6,2.569,5.058,0.0,2,2.336,7,0,-2.403,7,2,2.771,2.97,5,0.57,3,1.924,1.0,4.94,1,2,2,4.228,5,1,1,2.599,7,7,7,0
1,2,5,4,0,2,2,5,1,7,0,7,2,2.6,6,0,1,5,2.651,3.471,0.0,2,0.002,6,0,-1.182,3,3,1.734,-0.7,6,1.388,6,3.335,2.0,3.94,1,3,4,3.776,1,2,5,-2.919,0,7,4,0
1,1,6,1,0,3,6,2,4,3,3,7,5,-1.198,7,6,4,7,1.204,-0.782,0.0,2,-0.086,6,4,3.041,6,3,-1.407,6.4,6,-2.119,2,0.335,-0.0,4.93,6,5,7,3.219,5,4,1,2.299,4,2,2,0
3,6,6,0,0,5,6,3,3,7,6,6,6,1.766,3,1,3,1,0.461,2.021,0.0,3,2.581,7,4,-0.217,3,7,-0.278,3.11,3,0.704,2,0.554,1.0,3.97,5,6,6,2.34,7,6,6,3.991,7,1,1,0
4,4,2,5,0,1,2,7,5,7,6,6,5,0.847,4,5,4,5,0.283,2.417,0.0,7,1.968,2,3,-1.861,5,3,1.476,3.64,5,0.643,4,0.817,0.0,3.24,5,1,6,1.932,4,6,6,3.181,6,5,0,0
0,0,2,6,0,5,1,2,5,5,7,7,6,0.284,4,4,2,7,0.948,3.218,0.0,7,1.645,3,4,3.39,5,7,-0.251,5.03,1,-1.156,7,-0.646,0.0,3.14,6,3,5,0.441,4,6,3,3.912,4,2,4,0
7,1,7,5,0,0,6,7,7,2,6,0,5,2.315,4,6,7,5,3.005,1.572,0.0,6,3.814,1,6,0.794,3,4,5.146,2.31,3,-0.262,7,1.453,1.0,2.69,1,4,1,-0.286,1,2,3,2.936,0,3,0,0
5,2,7,1,0,5,3,7,6,4,7,0,6,3.541,7,2,7,7,0.513,-1.352,0.0,7,0.429,0,4,-0.321,1,4,2.093,4.9,5,-1.015,5,-0.118,-0.0,4.94,3,0,4,1.578,5,2,1,0.14,2,2,1,0
0,4,6,3,0,5,1,2,2,7,3,2,5,-2.032,3,3,5,6,0.657,1.021,0.0,6,1.128,2,3,3.866,6,1,0.222,2.07,7,0.276,1,1.583,1.0,2.69,0,6,7,2.006,3,7,6,6.286,6,5,7,0
2,3,2,4,0,0,2,6,7,0,0,3,3,-0.577,2,3,5,0,0.7,-0.173,0.0,2,0.158,1,4,2.725,5,5,-1.49,2.1,3,0.038,4,0.54,0.0,2.98,1,2,2,-1.951,6,6,4,-0.766,1,6,0,0
1,0,1,6,0,5,4,0,5,1,0,0,2,3.856,6,0,5,0,0.472,0.05,0.0,3,-2.352,5,3,-2.196,3,6,-0.2,1.97,6,-0.38,5,0.69,1.0,4.51,4,6,7,0.554,1,5,6,-0.371,5,3,4,0
5,7,6,5,0,7,0,4,7,2,5,5,7,-0.08,7,7,1,2,-0.063,3.863,0.0,1,2.303,3,4,4.157,0,3,1.328,2.7,4,0.206,7,0.019,1.0,3.47,3,0,1,-0.092,4,5,4,2.583,1,0,7,0
1,4,1,7,0,7,0,3,2,4,2,3,0,0.914,5,3,1,4,1.29,3.115,0.0,3,0.583,4,7,0.793,6,0,1.851,4.31,3,-0.35,6,0.092,1.0,6.08,7,4,7,5.859,2,5,7,3.492,5,1,7,0
7,4,6,1,0,2,6,0,6,1,4,3,6,1.779,5,0,5,0,2.274,10.704,570.32,5,4.827,3,2,0.303,7,6,5.228,5.54,3,-1.281,5,1.939,2.0,7.84,1,7,2,2.53,2,5,1,4.092,7,2,2,1
3,1,2,0,0,0,0,0,7,5,3,7,6,-1.384,2,2,7,6,0.706,2.608,0.0,4,0.768,7,3,2.187,3,0,-0.019,2.93,3,0.802,4,-0.202,0.0,2.99,1,4,6,0.44,5,2,5,-2.718,7,7,1,0
3,3,6,6,0,3,4,7,6,5,5,6,7,4.587,0,7,7,3,0.457,2.204,0.0,6,-1.846,1,7,-2.336,4,7,0.616,1.21,2,1.683,5,1.082,1.0,3.53,4,2,2,-1.16,4,6,7,-3.009,3,4,7,0
0,5,4,7,0,5,5,6,5,6,3,7,1,2.861,5,7,3,2,1.391,-1.234,0.0,4,-0.029,6,4,0.538,0,2,0.555,1.96,5,-0.225,7,0.898,0.0,3.43,5,5,7,3.087,7,6,2,5.347,7,6,0,0
2,6,2,7,0,0,6,2,7,3,0,0,4,1.152,5,1,4,0,0.545,0.968,0.0,6,1.017,0,2,0.975,1,1,0.884,3.71,4,-0.01,6,0.886,0.0,6.32,3,1,7,1.963,0,0,2,-1.844,7,3,3,0
0,6,0,6,0,6,6,5,5,2,3,6,5,0.063,3,4,0,3,1.325,-0.419,0.0,2,1.963,2,7,-0.54,4,1,0.791,2.07,5,1.44,0,1.585,2.0,5.18,4,0,3,-1.343,3,4,7,-1.869,5,7,5,0
0,4,3,0,0,1,5,1,4,7,2,0,0,2.89,7,1,2,5,2.536,-1.33,0.0,0,2.726,6,2,3.63,2,1,-0.517,2.45,0,0.397,4,2.202,0.0,1.6,6,1,4,4.214,1,6,3,0.493,4,2,2,0
3,1,7,0,1,2,0,3,0,1,3,0,2,4.994,3,4,4,3,4.6,3.318,564.9,0,5.018,7,2,1.879,6,4,2.935,4.63,6,-0.986,0,4.371,3.0,5.74,2,7,6,6.146,0,3,2,10.192,4,1,1,1
1,2,0,3,0,6,3,4,3,0,4,6,5,4.931,2,5,0,5,2.656,0.787,0.0,4,2.256,6,6,1.558,6,0,2.739,3.47,0,0.851,3,2.484,2.0,4.79,4,4,5,0.874,4,7,2,3.827,0,3,4,0
6,4,3,4,0,6,3,5,0,6,7,1,2,4.066,0,3,4,1,1.229,-0.662,0.0,1,1.703,2,3,0.331,4,0,1.688,1.52,2,1.122,6,1.471,1.0,4.12,3,4,3,-2.706,1,1,3,3.642,1,1,7,0
5,6,3,0,0,3,5,1,7,3,5,6,6,-0.801,0,6,3,5,0.129,0.678,0.0,2,1.487,0,4,-0.997,3,0,-0.021,1.84,7,1.57,6,-0.504,0.0,6.57,2,3,0,0.429,3,0,2,2.278,4,2,2,0
3,6,4,1,0,3,4,5,6,1,6,1,3,-1.382,7,2,2,3,1.23,1.146,0.0,0,0.777,3,0,-0.724,7,5,0.045,2.07,6,-0.483,0,1.29,-0.0,6.68,1,0,5,-1.317,4,3,3,-0.323,3,0,0,0
1,5,7,2,0,0,3,6,0,1,1,3,6,1.738,2,5,5,6,1.68,2.282,0.0,2,1.825,0,3,3.228,3,4,0.618,4.68,7,-0.075,4,1.335,1.0,4.1,1,4,4,4.596,4,7,3,1.98,5,7,7,0
1,0,5,0,1,4,7,1,1,0,4,6,5,1.49,7,4,5,3,2.998,1.151,0.0,0,2.561,3,1,5.134,6,2,2.206,3.99,4,1.102,1,4.172,2.0,0.45,5,3,0,2.53,6,1,0,4.904,1,1,1,0
7,0,3,2,0,5,1,7,3,2,5,4,4,1.118,5,0,1,5,0.28,2.865,0.0,5,0.438,2,5,3.67,1,4,2.258,3.25,2,-0.52,3,1.593,1.0,2.9,0,4,1,1.73,7,6,2,-0.071,6,0,4,0
3,3,3,6,1,1,5,4,1,4,5,6,0,1.917,5,3,5,6,3.642,8.659,0.0,3,4.795,3,0,5.731,4,4,3.462,1.66,2,-0.614,7,3.765,1.0,9.92,7,6,0,-0.145,5,5,0,3.074,5,0,1,1
4,0,3,4,0,3,3,4,6,3,3,1,7,-2.953,3,4,5,1,1.081,3.679,0.0,2,0.649,1,7,-2.224,6,3,1.277,1.08,7,-1.849,3,0.899,0.0,4.07,3,5,4,0.776,1,2,1,1.544,5,2,3,0
6,0,4,3,0,4,1,6,1,1,0,3,5,-3.136,4,7,2,0,0.198,-0.088,0.0,2,1.258,1,2,-1.101,4,4,3.466,1.81,3,0.217,6,0.384,0.0,4.54,2,7,6,-1.302,4,6,3,-0.827,5,5,2,0
5,4,4,1,0,7,5,0,1,1,0,0,7,-1.731,3,0,2,2,0.81,-0.577,0.0,3,0.576,4,1,-1.71,2,0,-0.736,4.11,0,0.464,0,0.545,1.0,5.85,2,7,2,1.072,2,0,1,-1.095,2,3,4,0
6,6,5,3,0,6,1,5,7,6,2,6,5,3.648,0,7,2,0,2.811,-1.283,0.0,6,2.55,0,4,-0.505,3,3,3.081,6.45,6,-0.743,2,2.236,1.0,3.23,2,4,0,2.686,2,7,3,2.081,6,6,5,0
1,1,4,5,0,4,0,1,1,1,5,7,2,4.711,2,6,4,5,0.98,-0.059,0.0,0,1.117,1,6,-0.298,5,2,-0.435,2.77,3,0.391,1,0.547,1.0,5.36,3,5,1,-0.414,2,4,5,1.902,4,0,6,0
0,6,1,7,1,2,1,2,5,2,4,2,4,5.745,7,2,3,0,4.341,-0.064,0.0,7,3.67,2,0,2.59,4,7,4.685,3.29,4,1.233,4,3.502,3.0,8.62,4,0,4,4.126,3,0,6,1.396,7,0,1,1
0,5,6,1,1,0,6,6,6,6,1,6,7,1.463,1,0,2,1,3.733,5.878,346.2,1,4.032,3,6,4.335,1,7,6.502,2.17,5,-0.121,2,3.412,3.0,8.03,2,6,6,2.879,7,6,3,8.598,5,0,2,1
2,4,4,1,0,4,1,1,3,4,5,4,5,6.238,4,5,6,2,2.046,3.34,0.0,3,2.721,2,6,-0.678,0,7,0.729,2.98,0,-0.994,1,1.939,1.0,5.21,0,6,4,0.341,4,6,0,6.833,1,7,3,0
5,4,5,0,1,7,7,2,2,3,6,6,5,5.537,2,7,3,6,4.322,6.63,110.68,5,4.899,0,3,2.794,2,0,4.478,3.56,3,-0.585,1,5.124,4.0,9.72,4,6,0,-1.584,2,0,3,3.748,6,3,6,1
1,0,7,1,0,1,1,2,4,4,5,3,4,2.154,5,3,5,4,0.873,1.388,0.0,6,0.9,5,7,2.132,3,4,1.106,1.9,0,1.055,4,-0.478,2.0,4.16,7,0,0,2.51,2,4,6,0.357,3,3,7,0
0,4,6,7,1,5,6,6,5,5,5,5,0,2.905,3,6,6,4,2.913,1.731,711.3,2,3.5,7,7,1.223,7,7,1.313,4.28,1,1.412,7,3.084,1.0,8.69,6,0,7,8.691,0,6,2,5.717,5,4,3,1
5,2,5,6,0,0,2,2,1,4,5,1,0,-0.994,3,2,1,3,0.925,-0.515,0.0,1,0.841,5,7,0.444,5,0,1.616,2.29,3,-0.945,3,0.766,-0.0,4.96,1,0,7,2.94,0,1,7,-0.112,6,6,6,0
0,5,7,2,1,5,1,7,6,3,6,3,3,2.92,1,6,0,2,2.117,5.641,0.0,1,2.538,7,2,1.581,1,5,0.47,0.11,3,-0.304,7,1.156,0.0,5.81,2,4,6,4.331,6,2,0,3.501,1,2,5,0
5,7,7,3,1,6,6,0,0,4,2,5,5,-1.63,7,1,3,0,3.356,2.821,385.77,7,2.066,0,4,2.102,6,5,4.646,3.8,6,-0.969,6,3.23,2.0,2.54,1,1,1,3.367,0,7,3,5.715,0,7,4,1
1,5,2,7,1,4,7,0,0,1,1,0,5,3.879,5,5,4,6,3.039,5.686,0.0,5,4.058,3,2,6.286,4,6,2.513,3.34,1,1.255,2,3.482,2.0,4.47,0,4,0,-2.719,2,5,6,4.909,2,7,3,0
0,1,7,6,0,0,3,1,3,0,2,5,5,-1.253,0,7,5,6,3.008,4.369,0.0,2,2.632,3,1,5.369,7,7,-0.506,2.51,3,-1.804,2,2.463,1.0,4.72,3,0,0,1.876,2,2,6,4.286,0,7,2,0
7,1,1,2,0,7,3,6,1,3,4,6,1,2.686,2,2,4,1,1.889,0.912,0.0,1,1.515,5,2,-0.997,5,3,0.833,1.34,1,-1.464,7,2.85,0.0,3.93,0,6,6,1.392,7,2,3,1.963,6,6,3,0
2,5,3,5,1,5,4,1,3,0,3,7,6,8.44,5,5,7,4,8.696,4.617,0.0,7,8.499,6,2,7.966,2,7,7.489,1.36,5,0.623,0,7.908,2.0,3.14,7,1,7,9.908,7,4,2,7.235,7,5,1,0
5,7,6,2,1,7,5,4,3,6,7,3,7,4.992,7,6,3,7,3.006,3.362,404.15,0,5.362,7,0,1.287,0,3,5.197,5.97,3,1.535,6,3.036,3.0,8.52,2,4,2,7.336,2,5,3,1.304,7,0,6,1
5,7,1,0,0,2,5,4,3,7,3,4,1,1.389,4,1,1,0,1.037,0.725,0.0,5,0.547,7,6,2.438,3,4,1.064,4.26,3,-0.211,3,1.701,-0.0,4.27,1,5,3,-0.443,4,6,7,0.112,4,3,1,0
3,3,5,7,1,6,0,1,3,1,0,1,4,3.736,4,3,0,5,2.861,5.595,203.13,2,2.706,5,2,2.612,6,0,1.912,6.02,3,0.532,4,3.765,2.0,4.58,3,0,7,4.589,0,3,6,5.678,7,2,5,1
0,7,0,1,0,1,2,3,0,6,2,2,2,-1.313,0,6,7,1,2.168,-1.16,0.0,0,-0.069,7,2,4.124,7,3,5.242,4.89,5,1.425,2,0.95,1.0,6.69,7,4,4,3.321,3,2,5,1.11,4,4,3,0
0,5,3,2,0,3,2,5,5,0,5,0,4,3.861,1,4,0,3,1.384,2.795,0.0,0,1.111,6,3,1.711,2,5,3.169,1.98,2,-0.536,6,2.097,1.0,3.73,3,5,0,5.23,3,1,5,2.34,6,7,3,0
6,1,5,7,0,2,3,5,6,4,6,0,1,3.113,3,3,5,2,1.786,-2.65,0.0,4,1.719,5,6,2.111,0,4,4.317,4.86,7,0.807,1,2.253,2.0,4.48,4,5,2,4.338,1,3,4,2.314,5,3,5,0
2,2,0,5,0,5,4,2,1,6,6,4,0,0.959,2,6,6,6,0.263,4.481,0.0,0,0.54,4,5,-1.277,3,1,-1.492,0.78,7,0.081,6,0.915,1.0,5.64,7,4,4,-3.721,6,6,5,0.977,3,0,1,0
5,2,3,6,0,2,3,0,4,5,1,4,5,2.983,3,5,6,1,0.85,-1.722,0.0,5,0.775,3,2,2.486,5,6,2.479,4.13,1,-0.704,4,-0.246,-0.0,4.25,0,0,3,3.944,5,5,4,-1.965,5,7,1,0
6,6,3,6,1,4,5,1,2,5,6,0,4,1.671,4,2,3,7,1.881,0.275,0.0,1,3.343,0,0,3.007,3,3,1.851,4.48,1,0.89,2,2.012,1.0,4.0,3,3,4,4.893,0,6,1,5.306,3,6,6,0
2,1,1,1,0,2,6,0,4,3,5,5,7,-1.22,6,7,1,4,0.687,1.602,0.0,2,0.391,1,7,-4.098,6,4,0.477,2.8,5,-0.103,0,0.879,1.0,5.14,1,1,1,3.469,5,0,1,1.26,5,1,7,0
2,5,0,7,0,5,1,6,7,6,4,5,5,-0.833,6,2,0,4,0.627,-2.017,0.0,0,1.598,6,0,2.739,2,1,-0.284,3.52,7,0.171,5,0.711,-0.0,3.01,1,1,5,-0.748,3,1,3,5.219,5,0,2,0
6,3,4,5,0,6,0,2,7,0,3,4,5,0.965,4,4,6,1,0.116,-2.648,0.0,0,0.681,0,5,2.34,1,3,-0.725,4.82,0,-1.454,4,0.121,0.0,5.47,5,6,1,0.922,5,3,5,-5.329,2,3,7,0
3,5,6,2,0,1,6,0,6,7,6,6,3,0.62,0,2,5,1,1.057,1.358,485.5,7,3.174,6,6,0.085,0,2,0.738,5.4,3,0.268,4,0.479,0.0,6.66,4,1,1,5.127,1,0,0,-1.984,2,7,7,1
3,7,2,3,1,1,0,6,2,1,1,2,2,7.578,0,7,3,5,4.151,2.213,0.0,1,4.038,0,0,3.062,3,5,-0.036,1.09,1,1.023,0,3.132,2.0,4.32,0,0,2,2.609,0,6,4,2.319,3,3,5,0
4,5,6,7,0,7,5,1,0,4,3,2,2,1.17,3,4,7,7,1.708,-0.379,0.0,4,1.238,4,7,-0.029,2,0,1.64,1.69,6,-0.118,1,1.355,1.0,7.27,6,4,4,-6.6,2,3,7,3.89,4,7,2,0
0,1,7,5,0,2,4,4,2,4,3,1,7,8.762,4,4,7,6,1.209,-0.208,0.0,7,1.96,3,6,2.265,5,3,-0.194,3.51,5,-1.142,2,0.772,0.0,6.45,5,7,0,3.339,4,4,0,-1.72,0,4,4,0
4,4,2,4,0,3,5,4,2,4,3,2,0,2.735,1,3,0,7,0.977,-0.784,0.0,4,1.228,1,3,-1.898,6,6,2.616,1.44,5,0.791,0,0.034,1.0,1.15,0,7,4,1.937,2,4,3,1.08,7,0,7,0
2,3,6,2,1,1,7,6,2,3,7,7,5,1.315,7,5,5,5,1.782,0.228,0.0,4,3.446,3,4,-0.284,7,1,0.499,2.29,1,1.567,6,1.871,2.0,4.32,2,3,6,2.658,6,5,0,-2.322,4,0,6,0
1,0,0,3,1,1,1,0,5,0,1,6,5,6.18,1,4,0,3,4.669,3.553,896.2,6,4.315,7,5,2.156,7,6,5.675,2.95,1,0.666,5,4.721,3.0,6.14,4,2,1,3.508,2,7,6,5.723,4,0,2,1
1,7,5,3,0,3,4,3,4,4,1,2,4,2.588,7,5,7,0,0.164,-1.557,0.0,2,3.01,2,6,2.181,2,4,0.211,1.45,2,0.897,2,0.035,0.0,4.98,4,7,5,0.572,0,4,0,0.914,4,5,4,0
0,2,6,2,0,5,1,1,4,3,5,5,2,2.994,3,3,4,0,1.577,1.753,0.0,6,0.103,3,4,3.985,5,2,-0.046,3.37,2,-0.785,2,0.948,-0.0,3.88,0,1,1,-0.434,1,0,6,4.649,3,7,0,0
4,6,6,4,0,1,4,7,2,2,5,4,6,-1.799,1,0,5,2,0.788,1.651,0.0,3,1.224,7,6,1.333,7,0,1.14,2.0,0,0.255,0,1.398,-0.0,5.49,5,4,6,-0.233,5,7,5,1.843,3,6,7,0
5,1,2,3,0,4,3,1,5,7,0,4,2,2.098,7,2,2,5,0.436,-1.482,0.0,0,0.317,1,4,1.439,5,0,-0.811,1.96,5,0.235,2,1.003,0.0,7.06,3,3,1,2.037,1,6,6,4.682,6,2,0,0
6,2,1,4,1,3,0,4,1,1,7,2,1,4.713,4,7,7,6,4.874,3.202,440.45,4,7.379,3,0,5.26,5,2,6.857,6.38,3,1.2,3,5.133,3.0,7.87,3,3,2,3.929,7,5,7,6.551,1,0,0,1
2,7,2,4,1,3,4,6,3,1,4,3,3,4.87,6,2,3,2,3.963,3.082,618.96,1,3.609,4,5,1.357,3,0,4.423,4.15,0,-0.875,0,4.419,2.0,8.4,5,2,3,-0.916,7,1,3,5.01,0,0,7,1
6,5,4,4,0,1,7,0,4,2,2,0,3,1.569,3,0,7,7,1.344,1.507,322.19,7,1.986,6,1,0.607,6,7,3.877,1.6,7,0.351,5,0.146,1.0,11.02,1,4,6,4.771,4,5,1,4.375,4,4,7,1
4,4,6,5,0,6,2,4,5,6,4,3,4,-3.081,2,4,5,7,0.526,1.837,0.0,7,3.001,3,3,-0.778,4,4,2.839,2.1,5,-1.369,7,0.619,0.0,1.93,4,1,0,-0.527,6,7,3,-1.032,3,2,7,0
0,5,2,1,0,5,3,7,1,7,3,6,7,-1.374,5,6,4,4,1.476,0.594,0.0,0,2.311,3,7,0.833,4,0,1.108,1.69,7,0.297,2,0.806,1.0,1.31,0,5,2,0.51,5,3,2,2.516,1,1,5,0
6,0,2,4,0,6,4,4,1,0,3,6,0,-2.871,5,6,2,3,0.081,0.554,0.0,5,-1.191,3,0,2.553,3,2,0.446,4.43,0,0.376,7,0.875,2.0,2.05,5,1,4,-1.687,1,4,3,-0.813,7,1,7,0
0,5,2,4,1,7,6,3,6,5,1,1,4,2.588,1,4,2,5,1.668,2.815,0.0,2,2.032,2,1,1.486,4,3,2.754,0.99,0,0.184,4,2.622,1.0,3.6,2,5,2,1.476,7,2,1,4.369,7,2,3,0
3,3,1,1,0,1,2,7,1,6,1,7,6,4.306,7,1,7,2,1.514,2.957,0.0,1,2.296,3,6,2.559,2,0,1.396,3.31,1,0.263,6,2.137,1.0,4.3,4,3,6,4.016,2,3,5,2.049,1,1,4,0
0,5,2,1,0,1,0,4,3,4,2,2,4,4.784,6,5,2,0,1.278,2.199,0.0,4,-0.366,7,2,4.364,5,5,-0.817,5.01,5,0.507,6,2.049,2.0,2.72,0,7,6,-1.637,6,7,5,3.604,5,1,7,0
4,4,4,4,0,0,2,1,6,7,5,3,1,-2.941,7,0,2,5,1.243,0.668,0.0,5,1.389,3,7,0.2,3,6,3.994,2.15,5,0.811,6,0.472,1.0,3.85,0,2,5,1.397,3,5,3,-0.361,1,6,0,0
2,7,3,0,0,5,3,5,4,6,2,5,0,-0.77,2,1,7,3,0.579,2.513,0.0,2,-0.092,2,5,0.964,4,1,1.05,3.34,1,-0.234,2,0.807,0.0,2.27,3,5,1,-0.402,4,1,2,2.74,3,4,5,0
7,1,4,5,0,2,6,4,1,7,0,6,4,0.641,7,7,5,7,0.531,1.406,0.0,5,1.375,4,5,-2.128,3,3,1.13,5.0,1,-0.568,7,1.531,1.0,2.84,1,3,3,-2.395,4,0,6,3.56,2,0,4,0
7,4,1,2,0,7,2,4,0,1,4,2,6,-1.353,2,7,7,7,1.517,4.888,0.0,5,1.597,2,7,1.188,4,2,1.053,1.71,3,0.474,3,1.771,0.0,2.34,3,5,7,-0.874,4,6,0,0.562,4,7,2,0
5,6,4,7,0,7,6,1,0,7,3,3,4,2.373,4,5,5,4,0.164,-0.3,0.0,7,-0.378,6,0,4.103,4,2,1.737,4.92,0,0.18,5,1.027,0.0,4.15,6,0,4,1.945,6,6,3,4.868,4,0,5,0
3,6,1,1,0,4,1,0,2,4,1,5,3,5.0,6,3,6,1,1.486,-0.446,0.0,6,1.05,6,2,2.635,4,2,2.967,2.19,5,0.436,6,1.64,0.0,7.85,6,5,5,2.258,0,6,2,5.507,7,5,2,0
1,0,6,5,0,7,6,5,7,0,5,3,5,1.337,7,2,3,2,2.779,4.98,576.26,0,2.321,1,0,0.678,1,0,1.107,6.51,3,-0.298,7,2.133,1.0,7.14,2,7,2,-0.101,0,2,3,0.896,7,0,0,1
0,5,0,7,0,4,3,1,1,4,4,0,2,0.133,1,2,3,2,1.803,-1.056,0.0,4,1.792,2,7,2.486,3,5,2.202,1.91,6,-1.154,4,1.055,1.0,4.77,6,3,3,1.578,1,0,1,1.144,0,5,0,0
4,5,6,5,1,7,3,6,1,5,5,0,7,2.616,5,0,1,6,4.748,4.76,0.0,6,4.673,3,7,8.37,2,5,3.591,2.63,3,-0.215,0,3.969,2.0,3.87,3,7,2,4.386,4,0,4,5.795,2,5,0,0
3,6,5,7,0,5,4,3,5,7,2,1,6,1.416,4,0,0,5,1.73,-1.756,0.0,2,1.139,2,2,1.477,7,1,2.284,7.99,6,-0.287,2,1.685,1.0,5.63,4,0,6,0.277,3,6,4,4.221,6,3,7,0
3,7,3,4,0,6,7,1,6,7,6,2,7,2.916,2,4,5,1,2.476,-0.943,0.0,6,3.422,7,6,5.24,3,1,2.14,1.65,1,-0.527,0,2.793,1.0,4.87,3,0,3,-0.521,1,0,0,4.575,4,1,0,0
6,0,3,5,1,5,1,4,3,3,3,4,2,5.898,4,7,7,4,4.505,1.9,571.97,7,7.579,1,5,4.745,3,6,4.098,4.26,5,0.032,1,3.492,3.0,7.1,1,0,1,0.413,5,2,7,10.041,2,0,6,1
0,2,0,0,0,7,7,6,4,3,3,0,7,-3.622,5,2,2,3,0.634,-1.759,0.0,3,0.209,5,6,0.089,0,5,2.929,1.35,5,-0.645,2,0.743,0.0,6.49,4,2,7,2.054,0,5,2,3.286,4,5,6,0
0,5,0,7,0,5,3,3,0,2,0,5,7,-2.063,4,1,2,6,1.557,4.783,0.0,4,0.317,5,3,0.937,6,2,-0.713,4.25,0,1.233,3,1.12,1.0,3.51,3,0,2,0.873,2,7,4,4.546,2,7,0,0
4,5,2,3,0,6,1,3,1,7,0,4,4,7.463,2,3,5,7,3.035,0.486,0.0,3,1.624,2,6,0.621,3,3,1.853,1.7,0,0.947,6,2.362,2.0,7.9,1,2,5,1.535,7,4,4,3.179,6,0,7,0
4,7,1,1,1,0,6,3,2,3,3,7,2,-1.052,2,0,2,4,2.575,4.663,0.0,7,2.23,6,3,4.406,4,5,3.7,4.26,1,-1.031,1,2.65,2.0,5.86,7,7,5,4.486,4,6,2,0.839,5,6,3,0
5,2,4,0,0,1,3,3,3,6,6,5,7,-1.081,7,4,5,5,-0.148,-0.517,0.0,4,-0.177,6,0,2.05,6,4,0.694,3.34,3,0.673,3,-0.089,0.0,3.92,5,3,3,2.02,3,0,5,-1.142,6,5,5,0
6,4,5,1,0,6,1,2,5,0,6,1,1,-0.489,6,6,6,4,0.632,0.966,0.0,4,-1.662,3,2,-2.517,3,7,1.225,5.13,7,-1.204,1,1.64,0.0,5.38,7,0,2,2.117,6,1,2,1.426,3,5,2,0
4,0,6,5,0,4,0,3,6,1,1,0,3,-4.779,3,7,4,7,-0.195,3.677,0.0,3,-0.238,6,2,0.111,5,6,-0.6,2.88,4,-1.637,6,-0.839,2.0,1.95,7,0,3,-1.459,0,7,4,2.472,1,6,3,0
0,1,2,0,0,2,5,3,1,5,2,7,6,4.366,6,3,3,6,1.963,1.973,0.0,1,0.797,3,5,5.918,3,5,3.747,1.9,1,0.341,0,3.425,1.0,3.37,4,7,3,1.501,0,2,3,4.747,5,3,6,0
2,5,6,1,1,6,5,2,6,1,7,6,5,3.548,2,0,7,2,4.83,2.196,0.0,5,3.57,1,0,5.507,4,1,4.939,-0.73,5,-0.222,0,4.381,2.0,4.84,2,3,5,7.449,2,5,5,5.182,4,2,1,0
5,2,7,5,0,1,3,3,5,0,2,5,6,-1.623,7,1,5,2,0.536,-0.752,0.0,4,-1.421,7,0,-1.83,7,0,1.712,4.31,2,-0.896,3,0.515,-0.0,3.09,5,6,5,0.669,4,0,5,0.707,3,1,4,0
7,3,7,2,0,4,0,6,7,3,3,3,4,3.801,1,2,1,3,2.688,0.908,0.0,5,3.006,7,4,1.504,7,2,0.808,2.72,0,-2.375,2,2.778,1.0,3.85,5,1,3,1.109,7,5,3,2.465,7,2,7,0
6,2,7,0,1,2,1,4,2,4,0,6,3,2.298,2,6,1,5,2.95,0.886,171.75,0,3.169,4,5,2.99,0,5,2.475,0.72,3,-1.406,4,3.428,2.0,5.36,4,6,6,4.536,5,5,2,5.41,1,5,0,1
4,2,5,6,0,3,2,1,4,6,0,0,3,4.317,6,5,5,4,0.535,-0.026,0.0,3,0.41,6,6,-2.551,1,4,4.112,4.25,6,-0.463,0,1.519,0.0,4.46,5,0,1,1.472,6,7,5,1.385,6,6,3,0
0,1,0,6,0,4,5,6,5,3,1,2,5,-0.634,1,1,7,2,2.305,1.454,0.0,0,2.15,4,4,2.46,1,3,3.718,4.47,7,2.147,2,1.56,2.0,2.93,6,3,7,0.293,0,5,6,4.295,3,2,7,0
1,1,0,5,1,3,4,1,6,3,5,3,1,5.002,1,4,7,7,3.593,4.794,0.0,5,3.789,2,4,1.768,6,4,3.884,2.04,6,-1.07,6,4.162,2.0,3.48,4,4,2,-1.833,2,6,4,7.173,2,7,2,0
3,2,7,0,0,2,7,3,3,0,7,6,4,2.518,0,2,4,1,0.475,-0.881,0.0,4,0.322,5,2,2.128,7,3,2.064,6.12,0,0.486,2,-0.422,0.0,3.95,1,1,4,1.519,3,1,4,-3.626,5,1,2,0
4,5,2,3,0,6,7,1,3,4,6,2,1,2.116,5,3,5,6,0.63,2.381,0.0,6,-0.281,1,0,1.925,7,1,1.724,2.41,7,-1.049,4,0.465,0.0,1.44,4,4,0,2.682,5,1,1,-0.86,5,3,3,0
7,1,2,4,0,7,6,3,0,2,0,6,0,-0.892,1,7,1,6,1.95,1.223,0.0,4,1.469,3,5,6.083,4,1,2.016,1.05,7,-1.585,1,-0.077,0.0,2.54,1,7,3,0.038,6,3,1,-2.007,7,7,6,0
6,6,3,2,0,0,0,5,1,3,7,7,0,-2.187,3,0,4,1,2.237,3.148,0.0,2,1.746,1,6,2.314,2,6,2.36,1.68,6,0.412,2,2.724,2.0,5.08,2,1,6,1.242,2,7,3,-2.224,1,4,6,0
0,7,2,7,0,2,3,5,5,4,1,5,5,5.802,5,6,1,4,1.897,2.604,0.0,6,2.116,0,2,2.225,2,5,2.068,2.2,7,-0.496,0,2.199,1.0,3.61,2,3,0,1.935,2,4,4,2.922,7,3,6,0
0,5,0,1,0,0,0,1,0,5,0,6,5,5.408,5,0,4,7,1.038,-0.542,0.0,1,0.467,1,0,1.141,5,3,-0.111,2.51,5,1.453,2,0.947,0.0,4.56,3,6,6,1.777,2,2,4,2.697,6,3,7,0
4,3,6,2,0,4,5,1,1,1,5,2,6,1.704,2,0,4,0,2.034,1.085,0.0,3,2.314,5,2,0.919,1,4,2.692,2.32,2,0.682,2,2.303,1.0,5.06,2,3,4,3.582,1,1,5,7.109,6,7,1,0
5,3,1,7,0,0,4,5,2,2,5,2,3,-2.221,2,5,0,5,1.746,-1.606,0.0,5,3.118,6,1,1.224,1,2,-1.378,3.82,2,0.417,7,1.593,2.0,5.11,3,1,7,1.5,6,1,3,8.453,2,2,6,0
6,3,0,2,0,3,0,6,2,4,3,6,2,0.666,7,6,4,4,1.07,4.33,0.0,6,1.597,0,4,3.049,5,7,-0.426,5.67,3,1.747,4,2.036,1.0,7.9,7,7,7,0.551,1,3,1,3.128,7,7,2,0
4,3,1,5,0,7,7,3,4,6,4,6,0,-2.535,1,3,2,0,0.87,0.041,0.0,2,-1.014,7,1,0.862,7,2,-0.127,-0.01,2,-0.861,5,0.752,0.0,3.02,3,4,0,-0.911,3,0,3,1.574,5,5,7,0
0,0,3,4,0,6,6,1,6,4,4,4,6,-0.936,6,0,5,1,0.123,0.552,0.0,5,1.276,3,6,2.358,4,2,-1.375,3.64,5,0.966,3,0.504,0.0,3.9,7,5,6,-3.201,7,3,4,2.177,3,0,2,0
1,3,7,2,0,1,0,4,5,5,2,5,6,-1.134,1,1,0,7,0.413,-1.731,0.0,3,1.14,4,7,1.227,5,7,0.155,3.77,3,0.904,3,0.325,0.0,1.82,2,1,6,-0.067,5,7,7,0.84,7,4,2,0
2,0,1,0,0,0,1,6,1,7,2,1,7,1.357,2,4,1,5,2.084,-1.247,0.0,2,1.358,3,7,2.362,5,6,0.726,0.45,4,-1.013,7,2.597,2.0,6.14,3,3,4,2.269,3,1,4,2.111,2,1,0,0
0,7,1,6,0,4,5,0,6,5,1,4,6,1.457,4,6,7,1,1.722,0.616,0.0,3,2.047,3,3,1.774,3,7,0.866,4.35,5,-0.944,7,3.011,1.0,1.78,2,4,2,0.875,7,6,5,2.14,3,7,3,0
7,5,7,0,0,4,0,2,6,0,4,1,1,0.228,3,1,0,2,1.159,0.969,0.0,4,1.475,6,5,0.235,5,3,0.807,2.51,0,0.375,4,1.21,1.0,6.13,7,5,6,0.186,4,0,4,4.201,6,0,1,0
2,5,2,6,0,2,1,5,0,2,4,7,0,3.75,5,3,1,1,0.478,-1.556,0.0,3,1.058,3,5,3.074,6,7,0.488,0.61,1,-0.032,7,0.882,-0.0,5.6,3,3,1,1.426,3,7,1,-0.286,0,6,5,0
5,3,6,6,0,5,6,2,1,1,7,0,5,2.473,4,5,2,3,0.914,-0.445,0.0,3,1.613,3,7,-4.016,5,3,2.342,5.18,0,0.796,5,0.462,0.0,2.77,2,0,4,4.485,2,7,5,1.704,3,4,2,0
2,4,7,7,1,0,4,4,0,6,7,5,3,2.479,1,2,7,3,2.123,2.412,0.0,5,2.296,7,2,1.988,2,3,2.977,1.99,0,-1.431,3,3.044,1.0,5.13,0,1,5,5.743,1,3,6,2.318,5,7,4,0
0,3,6,7,0,6,4,4,5,0,5,5,0,4.171,2,6,3,2,-0.204,2.988,0.0,3,-1.028,4,6,-1.793,4,4,2.215,2.6,4,1.219,5,-0.62,-0.0,4.04,6,6,0,8.345,0,1,6,1.216,4,7,1,0
1,6,1,4,0,0,6,4,3,3,2,0,4,2.3,2,7,5,4,0.928,-1.116,0.0,7,1.901,6,7,2.165,4,4,2.469,4.37,3,1.136,4,0.139,0.0,4.25,6,6,6,-1.094,3,4,0,3.91,4,6,4,0
4,6,1,3,0,6,6,2,5,4,6,5,1,0.237,2,1,4,3,1.797,3.599,0.0,2,2.799,2,1,2.224,1,6,3.682,1.85,7,-0.293,6,2.044,1.0,2.28,4,1,5,0.207,6,0,1,0.707,0,6,0,0
7,2,6,6,0,5,2,4,4,5,1,4,1,1.222,1,7,3,0,1.734,-1.171,0.0,3,0.318,3,3,-0.044,2,7,2.614,1.62,2,-0.666,3,0.636,1.0,7.24,2,0,4,2.235,6,5,6,0.594,5,7,7,0
7,2,1,2,0,6,1,3,0,0,4,4,2,-2.715,4,0,4,3,-0.102,3.518,0.0,1,-1.466,2,4,-3.248,2,2,0.214,2.79,1,0.445,1,-0.884,1.0,2.37,3,0,3,-0.758,0,4,5,2.262,3,5,5,0
2,6,6,1,0,0,4,6,2,5,3,6,2,-2.701,0,3,1,2,0.419,-1.123,0.0,3,0.545,1,7,4.052,3,4,-0.071,5.04,6,0.648,0,0.105,0.0,3.06,3,4,4,2.199,7,5,5,4.645,6,4,0,0
1,5,6,2,0,6,4,4,1,0,2,7,6,3.335,0,1,5,7,1.651,1.434,878.6,5,0.111,2,1,-2.457,0,4,3.245,5.23,0,0.214,2,1.336,1.0,8.17,3,3,5,3.783,2,1,3,3.431,4,3,1,1
2,0,1,7,0,6,5,2,0,0,7,6,1,1.508,7,4,2,7,1.783,5.959,0.0,4,2.431,2,2,0.609,1,1,1.549,2.52,5,-0.554,0,1.269,1.0,4.59,5,7,3,0.833,6,6,5,3.006,4,7,6,0
0,1,0,7,0,2,6,0,2,1,2,4,0,1.609,1,0,2,3,0.547,0.333,0.0,3,0.975,0,6,-1.737,1,3,1.388,1.01,4,-0.155,1,0.926,0.0,5.45,2,7,7,0.361,6,4,4,-2.422,1,5,2,0
1,6,5,3,0,0,2,4,4,4,2,6,1,1.279,6,3,3,4,0.603,-0.039,0.0,2,1.402,6,0,-1.326,6,5,-0.494,3.82,3,-0.978,5,0.914,1.0,4.56,6,1,1,2.065,5,4,6,-1.108,3,1,1,0
4,1,4,6,0,3,6,4,3,4,1,1,6,-0.063,0,0,5,7,0.48,-1.777,0.0,0,0.16,5,4,-0.623,0,7,-0.663,3.94,7,0.247,1,0.434,-0.0,8.2,4,2,4,4.223,7,6,1,0.335,0,5,2,0
3,3,1,3,0,6,7,7,1,3,7,7,7,0.812,1,1,2,6,2.03,3.637,0.0,6,0.375,2,6,3.232,7,2,2.156,4.33,1,-0.197,4,1.772,2.0,4.09,0,5,5,6.314,6,6,2,0.309,7,2,0,0
7,6,7,1,0,6,2,3,6,2,2,1,1,-1.034,5,7,4,3,0.78,3.632,0.0,4,1.338,4,4,0.829,3,2,-0.309,3.9,6,-0.305,4,1.886,0.0,4.16,7,5,1,1.318,2,5,5,-2.37,7,5,6,0
1,4,7,6,0,2,7,4,2,0,0,0,4,-2.529,2,4,0,4,0.816,-0.555,0.0,7,2.511,5,6,-3.719,4,7,-0.088,3.35,2,-1.706,0,-0.04,-0.0,2.39,1,6,7,2.219,2,1,5,2.473,4,3,4,0
5,1,1,5,0,3,0,6,0,4,4,0,2,-0.247,3,0,0,1,0.115,1.659,0.0,2,-0.117,5,6,0.336,5,6,-0.793,2.69,7,0.647,1,-0.126,1.0,2.46,2,1,2,0.21,6,1,7,0.041,5,1,4,0
7,7,2,2,0,0,0,6,1,2,6,2,3,-0.93,2,1,2,2,0.729,2.895,0.0,7,0.873,5,4,1.892,6,2,1.363,1.14,0,0.404,0,0.746,1.0,4.29,6,7,7,1.528,1,5,2,0.652,2,7,3,0
6,6,5,4,0,6,4,0,0,4,0,3,2,-0.364,3,0,0,6,1.793,2.604,0.0,1,1.578,7,4,0.753,4,3,-0.032,1.52,3,0.453,3,1.008,1.0,6.27,3,7,3,-2.766,4,7,7,1.515,1,3,2,0
4,0,7,3,0,5,6,3,6,3,0,0,1,3.158,5,5,4,6,1.053,-0.126,0.0,1,1.254,3,0,1.906,3,0,0.134,2.35,0,-0.705,0,0.35,1.0,4.54,0,4,5,2.152,4,5,3,-0.502,1,2,6,0
4,1,1,6,0,0,5,4,4,5,4,3,6,-0.925,6,1,1,2,1.144,-1.288,0.0,1,0.981,6,0,5.626,6,5,-0.068,3.57,6,0.407,1,0.066,0.0,3.0,6,5,7,0.034,2,7,7,-0.827,2,6,4,0
7,7,7,5,0,2,1,7,2,7,1,6,4,3.97,3,2,4,0,1.345,-1.608,0.0,7,2.742,2,6,-2.061,1,1,-0.542,4.23,0,-0.774,3,0.787,-0.0,3.56,5,3,0,1.499,6,0,7,1.115,4,2,6,0
0,6,7,4,0,5,7,5,0,7,3,7,6,-3.684,6,7,5,5,0.302,2.969,0.0,5,2.665,7,3,1.118,4,7,2.597,1.85,6,0.381,1,0.568,1.0,4.29,1,5,0,-1.433,2,2,5,0.848,3,2,6,0
4,2,1,1,0,1,1,4,1,6,2,5,2,2.661,7,7,4,3,1.568,-1.547,0.0,4,1.731,6,4,3.219,0,6,2.665,2.48,0,-2.214,6,0.158,0.0,-0.86,7,3,0,3.2,0,0,1,0.862,2,4,2,0
5,0,0,5,0,4,4,4,4,3,4,2,7,5.825,7,1,2,6,2.587,4.205,0.0,5,3.071,2,7,1.311,2,6,4.088,4.46,5,1.264,6,3.342,2.0,3.79,0,3,2,0.824,1,1,2,4.946,3,0,4,0
2,4,6,5,0,2,2,0,6,4,1,3,6,1.088,2,1,6,0,0.339,2.397,0.0,4,1.133,0,1,3.32,6,5,0.494,5.51,6,0.691,0,-0.286,0.0,2.28,4,3,1,-1.983,1,7,6,0.638,4,3,3,0
7,2,6,0,0,5,0,4,3,4,0,7,0,2.533,5,1,2,7,2.221,0.937,0.0,5,3.114,4,7,2.317,1,4,1.093,1.34,1,1.023,1,2.927,2.0,2.33,1,4,5,0.483,1,0,0,4.111,3,7,2,0
5,1,6,1,0,6,4,3,7,7,0,3,4,4.312,4,5,3,5,1.846,-0.791,0.0,0,1.718,5,4,2.396,1,2,4.782,3.12,4,-1.393,4,2.388,2.0,5.9,4,7,3,1.691,1,5,2,0.912,3,3,6,0
1,1,5,6,0,7,4,7,5,6,0,5,6,2.611,3,3,2,2,1.576,0.937,0.0,5,2.029,4,4,-0.304,2,2,3.629,3.06,0,-2.223,7,1.071,0.0,4.23,3,7,4,-0.47,3,0,6,-0.26,5,1,7,0
2,4,0,2,0,6,4,7,3,0,7,7,3,-2.626,4,1,7,2,0.622,-1.546,0.0,0,1.999,4,2,0.6,0,2,1.787,3.65,4,-0.407,6,-0.677,0.0,4.59,2,0,0,1.402,0,7,4,2.069,6,5,0,0
7,0,0,2,0,7,3,7,2,0,3,3,2,0.716,3,2,4,1,0.896,0.098,433.07,5,1.978,7,5,0.449,1,0,-1.061,3.95,7,2.598,5,0.554,0.0,7.78,2,5,2,0.193,2,7,7,2.069,3,1,6,1
2,7,2,0,0,6,6,5,5,2,5,2,3,-0.118,7,1,7,0,1.827,3.247,0.0,7,1.657,1,3,0.825,5,2,1.819,5.56,7,0.558,3,2.152,1.0,8.4,5,0,6,1.329,7,4,0,1.241,2,4,4,1
3,3,7,3,0,4,5,7,5,5,1,0,2,-0.363,4,2,4,0,1.419,2.312,0.0,4,3.725,3,2,-1.611,1,1,-0.82,3.24,1,0.219,2,0.53,1.0,5.13,0,4,1,2.797,7,7,1,-1.311,0,5,2,0
0,2,5,7,0,3,2,7,3,1,6,3,3,0.041,6,7,1,2,0.731,-1.407,0.0,7,1.899,1,3,-0.045,4,5,1.377,1.71,4,0.762,6,1.937,1.0,4.8,2,4,2,0.573,4,2,6,1.382,3,7,4,0
1,1,2,2,1,5,0,5,6,2,7,7,1,7.525,0,6,1,7,7.093,5.302,200.23,5,8.666,3,5,6.178,2,1,6.147,4.29,4,0.177,5,6.766,5.0,7.98,5,1,2,6.279,2,1,2,7.376,0,2,5,1
4,3,4,6,0,3,1,6,0,5,1,6,7,4.134,2,1,2,0,2.164,6.509,0.0,0,0.971,4,6,1.83,0,3,1.48,1.57,5,-0.721,6,1.248,1.0,5.82,6,1,7,3.486,5,2,4,1.547,7,7,5,0
6,7,2,3,0,6,1,1,4,4,0,1,3,4.39,6,3,7,0,1.854,2.76,0.0,0,3.098,5,7,0.059,4,7,-0.515,1.75,7,0.056,1,1.888,1.0,0.29,6,5,2,7.37,5,4,4,1.161,3,0,6,0
1,6,3,0,0,4,3,2,3,1,6,7,1,-2.125,4,0,2,2,0.701,2.753,0.0,4,1.0,7,4,0.751,0,2,2.469,1.2,2,-0.874,6,0.944,0.0,3.96,6,6,2,0.654,7,7,5,-1.029,2,5,2,0
6,2,2,4,1,4,6,0,2,5,1,2,6,5.007,2,2,0,1,3.595,0.328,0.0,1,3.817,1,3,4.471,7,5,2.512,2.44,2,-0.136,5,2.78,2.0,2.73,6,6,3,4.051,6,3,2,5.192,5,4,5,0
5,0,3,4,0,5,0,6,0,4,2,7,5,1.972,3,5,0,5,0.547,-0.976,0.0,6,2.155,6,0,0.11,4,2,1.842,4.49,2,-0.228,3,1.536,1.0,4.56,4,5,5,2.242,5,6,1,-0.243,6,2,6,0
0,1,2,5,0,4,0,1,3,5,5,4,1,-4.332,2,1,0,2,0.504,-2.571,0.0,4,-0.885,1,3,-1.502,0,0,-1.152,3.72,3,0.853,4,1.122,0.0,3.7,2,6,1,-2.892,2,4,0,0.532,7,0,6,0
2,7,7,7,0,0,0,3,1,5,0,4,5,3.67,0,1,7,0,0.136,4.009,0.0,1,-1.335,0,3,0.733,6,0,0.308,1.3,5,0.207,5,1.037,1.0,2.41,3,2,1,1.33,3,5,4,3.274,2,7,1,0
5,3,3,3,0,1,1,4,7,7,2,5,4,-0.535,5,4,5,2,0.794,-3.223,0.0,0,2.135,3,4,1.005,5,0,-1.855,1.37,5,1.085,1,-0.273,0.0,1.87,4,1,3,3.693,3,0,2,-3.647,1,5,7,0
0,3,2,0,0,2,7,5,1,7,5,3,3,0.468,6,1,3,4,0.986,0.944,0.0,6,0.828,7,6,-1.013,4,0,1.326,1.79,3,-0.774,1,0.865,1.0,5.02,3,1,3,-0.958,1,7,7,3.411,6,5,7,0
6,7,2,7,1,0,5,7,5,2,0,7,3,7.493,3,3,0,1,6.253,4.138,142.98,6,6.078,3,6,4.302,7,4,4.98,4.55,5,1.416,3,6.875,4.0,4.32,4,5,3,7.389,6,6,1,7.456,2,2,3,1
5,3,1,3,0,5,0,3,6,1,4,7,3,2.68,7,6,4,0,0.938,3.184,0.0,2,-0.43,0,0,2.404,1,5,0.444,2.65,0,-0.137,7,0.238,0.0,1.87,1,1,7,2.501,3,4,4,-1.853,5,1,7,0
4,7,7,5,0,5,4,2,2,6,5,7,0,1.55,2,7,4,1,1.082,3.289,0.0,4,0.354,6,4,2.927,0,0,2.002,1.61,5,1.703,2,0.762,-0.0,4.56,3,4,7,4.446,5,7,3,1.343,0,3,0,0
0,2,0,1,0,2,5,7,1,6,6,6,7,2.579,6,4,1,3,1.159,-0.386,0.0,4,2.044,5,4,-1.169,1,2,-0.18,2.4,1,-1.622,3,0.786,1.0,3.6,5,4,1,2.424,3,2,2,-0.55,2,5,5,0
6,7,2,3,0,3,4,7,3,0,6,0,7,4.495,2,0,2,4,0.285,-0.842,0.0,5,2.22,3,7,0.154,2,0,0.316,0.99,6,1.334,5,1.152,-0.0,5.5,5,5,6,0.524,5,3,3,3.39,1,0,1,0
3,7,3,0,0,1,4,2,1,0,2,7,0,2.124,0,4,1,7,1.444,0.018,0.0,2,1.942,2,0,6.775,6,6,0.138,1.42,2,0.204,3,3.086,1.0,2.21,0,5,3,3.573,3,1,6,-0.387,6,3,4,0
1,7,7,2,0,2,2,2,3,7,1,3,0,-0.757,2,2,1,4,1.245,-1.422,0.0,4,1.763,3,2,-1.671,6,1,4.094,3.69,7,0.504,0,2.341,2.0,6.22,5,0,1,-1.654,5,6,0,1.378,3,3,6,0
1,5,1,6,0,3,7,0,3,7,1,4,5,4.85,2,3,2,3,2.369,1.017,0.0,5,6.017,4,5,0.458,4,3,4.74,3.65,4,0.941,2,3.425,1.0,4.64,0,5,0,-0.315,7,3,2,-0.478,7,4,3,0
3,6,3,5,0,5,4,5,4,6,0,0,3,2.23,0,7,3,3,2.007,-0.2,0.0,2,1.939,1,0,0.75,1,2,3.006,6.8,7,0.767,4,1.764,1.0,1.01,6,0,2,3.141,0,1,4,1.999,2,6,1,0
3,0,7,7,0,4,6,4,3,0,7,1,7,-2.006,3,4,1,5,1.597,-1.513,0.0,6,0.084,2,3,2.204,0,3,1.692,5.99,7,-0.342,5,1.507,0.0,4.56,2,2,5,-0.501,7,2,2,0.641,4,0,4,0
4,0,5,4,0,4,0,0,4,4,7,4,0,2.163,1,4,7,1,0.037,2.875,0.0,7,1.808,0,6,0.8,4,2,0.445,2.94,1,-2.794,7,0.145,0.0,3.44,6,4,5,-3.202,2,7,7,0.378,5,7,1,0
1,6,5,3,0,2,7,0,4,5,0,6,5,0.767,5,2,4,2,2.248,0.458,0.0,2,3.43,4,2,1.225,7,0,5.085,5.13,1,-0.96,3,1.116,2.0,4.29,5,6,6,3.506,6,4,7,-0.597,4,5,5,0
2,1,1,0,0,5,2,2,6,3,1,4,2,1.106,4,2,7,7,0.354,2.543,0.0,3,0.313,1,1,-0.81,1,1,2.269,0.14,0,-0.844,2,-0.018,0.0,4.12,2,0,6,-1.776,3,6,4,1.008,4,3,7,0
6,0,0,4,0,0,5,4,0,1,0,6,7,0.672,3,7,7,0,0.808,0.499,0.0,7,-0.899,2,1,0.7,3,5,1.238,2.75,1,1.25,0,0.624,1.0,5.86,5,7,5,3.477,2,7,1,0.538,2,7,2,0
3,1,5,0,1,4,3,1,6,5,4,7,4,3.749,6,4,7,2,2.541,5.544,0.0,1,2.517,6,6,2.899,7,0,2.147,2.61,3,-0.544,6,3.002,1.0,4.69,0,2,7,2.286,0,2,7,2.812,6,1,0,0
0,4,2,4,1,4,1,5,5,5,6,6,6,5.695,0,0,7,3,3.426,5.024,0.0,0,2.649,5,2,8.206,4,4,3.243,2.71,0,-0.963,4,2.349,2.0,5.23,2,7,7,6.229,0,6,1,1.827,1,6,4,0
1,0,4,3,0,7,1,0,0,6,6,1,0,0.039,0,2,3,2,0.141,-0.681,0.0,4,-1.255,3,1,0.788,6,0,2.351,2.23,5,0.051,0,-0.245,-0.0,5.55,6,2,3,-0.426,6,7,1,2.456,4,4,0,0
5,4,2,6,0,0,5,1,1,6,2,1,3,-3.89,3,2,1,0,0.818,-3.956,0.0,4,2.286,0,2,1.968,2,4,-0.268,3.29,2,0.799,3,0.679,0.0,3.16,1,6,1,-2.708,5,3,5,0.716,5,1,2,0
3,7,2,1,1,5,3,5,7,4,5,4,6,8.154,3,3,0,4,3.206,2.511,0.0,0,2.876,1,7,2.31,6,6,6.298,1.06,6,-0.528,3,4.432,1.0,2.45,7,3,3,7.686,3,3,2,2.621,2,5,5,0
0,2,0,4,0,5,7,2,2,2,7,1,6,1.266,1,5,1,7,0.205,0.308,0.0,7,0.812,3,5,-0.799,7,2,2.627,0.36,4,-1.907,1,0.395,1.0,4.03,6,5,0,6.368,2,6,6,-1.189,4,7,0,0
6,2,2,7,0,7,4,5,3,7,7,7,5,-0.97,6,5,0,6,0.599,0.437,0.0,0,0.25,3,5,-1.851,2,7,2.096,2.14,1,0.597,4,0.506,0.0,5.34,5,1,0,2.259,0,7,4,1.853,7,0,5,0
2,5,5,5,0,5,3,1,5,7,5,0,6,2.579,6,5,0,4,1.193,0.749,0.0,4,2.752,6,1,-0.592,7,6,1.374,0.74,0,1.028,5,1.838,1.0,2.6,2,3,6,2.042,1,5,6,1.448,2,4,6,0
0,3,3,4,0,7,6,6,7,5,7,2,2,0.61,7,1,2,0,1.293,-0.43,0.0,5,-0.135,5,3,-0.756,1,2,-0.736,4.15,1,-0.682,1,0.733,1.0,5.01,4,5,0,-0.367,5,1,1,2.232,1,5,1,0
1,4,3,7,0,1,1,7,3,6,2,1,4,0.503,7,6,1,4,-0.105,-2.587,0.0,3,0.225,3,4,1.714,6,6,-1.109,0.53,1,1.275,2,0.942,1.0,5.07,6,6,4,1.256,1,3,4,3.487,1,5,3,0
4,7,6,5,0,3,5,1,5,6,7,4,5,-1.08,6,1,5,2,0.661,-1.264,0.0,4,2.21,0,2,-1.599,2,3,1.303,2.66,2,1.048,1,2.039,1.0,4.65,6,5,5,1.554,7,1,7,-1.828,0,4,6,0
1,4,0,0,0,4,6,7,7,3,5,1,4,3.477,3,7,4,0,2.454,6.069,0.0,7,3.57,5,6,1.481,0,3,5.042,3.88,3,-1.076,3,2.228,1.0,4.47,5,5,2,-0.645,1,3,1,3.024,5,0,0,0
4,7,7,1,0,4,6,1,2,0,1,2,7,-0.277,0,2,3,5,0.514,1.694,0.0,4,-0.578,7,5,-4.21,5,4,-0.823,1.8,3,0.489,4,1.437,0.0,5.69,2,6,2,-2.384,4,0,4,0.703,3,0,3,0
7,5,1,4,1,0,3,4,0,6,4,0,3,5.018,0,3,3,4,3.528,1.341,0.0,4,2.041,4,4,2.0,4,0,3.137,3.68,6,-0.81,3,4.574,2.0,3.23,6,7,3,2.018,6,1,4,2.248,2,6,7,0
1,4,2,3,0,4,5,0,6,7,3,7,3,1.238,7,7,3,2,0.024,2.396,0.0,7,0.591,5,1,-2.593,2,4,-0.121,5.38,3,-0.313,2,0.099,0.0,3.46,3,4,3,-0.136,3,2,1,2.273,7,1,4,0
7,3,4,5,1,2,3,7,0,1,1,4,3,-0.93,3,3,3,4,3.269,-0.308,404.0,5,4.513,7,7,2.874,5,5,4.045,4.45,3,-0.364,4,4.115,2.0,5.65,0,0,6,-0.306,2,5,7,6.281,7,5,7,1
3,4,3,3,0,7,6,4,0,2,7,7,3,-4.058,4,2,5,3,-0.136,-1.103,0.0,5,-0.823,6,3,2.401,5,7,1.314,0.47,0,0.368,7,1.17,1.0,3.77,4,5,0,-0.584,2,0,2,-0.652,4,3,2,0
2,2,5,6,0,2,7,3,5,7,4,5,7,-4.554,2,1,7,5,1.164,1.076,0.0,0,1.635,5,0,1.484,6,0,-1.668,1.5,5,0.672,7,1.115,-0.0,3.16,6,7,7,1.196,6,6,6,5.242,3,5,4,0
0,2,2,5,0,0,6,5,7,2,1,3,3,-0.23,7,0,0,5,1.309,4.903,0.0,3,0.883,0,0,0.108,6,5,4.09,4.97,3,0.819,7,1.497,0.0,4.37,6,7,2,1.913,6,2,1,4.25,6,0,4,0
0,7,1,1,0,3,4,3,7,2,4,7,1,4.162,6,2,2,0,2.411,5.401,0.0,6,2.832,0,4,-1.129,4,4,1.693,3.33,4,-0.834,4,1.989,2.0,3.83,4,0,0,4.382,7,7,3,2.222,5,4,6,0
1,5,2,1,0,0,0,3,1,2,2,3,5,-0.819,5,6,7,6,1.507,5.206,0.0,1,2.703,1,3,0.093,2,2,1.645,3.67,7,0.263,1,2.11,1.0,3.23,4,3,4,0.06,2,5,6,2.708,5,4,0,0
7,5,4,1,0,6,6,7,0,3,0,4,3,0.036,4,6,5,2,0.507,-1.305,0.0,0,0.35,1,5,1.532,2,1,0.437,2.1,7,-0.47,6,-0.584,0.0,6.45,1,6,0,1.04,0,3,3,2.253,7,4,0,0
1,6,1,6,0,1,3,5,2,1,5,0,7,-1.747,4,0,4,4,0.445,1.524,0.0,4,0.974,1,5,-1.043,2,2,3.783,0.64,5,-1.846,4,1.19,0.0,2.9,7,1,7,2.281,3,0,6,2.469,5,3,6,0
2,3,3,4,0,0,1,6,4,6,5,7,0,-0.119,6,3,2,5,1.445,4.544,0.0,7,0.939,2,3,2.253,2,6,0.469,3.2,4,1.139,0,0.378,-0.0,3.72,2,6,6,3.724,4,6,2,0.971,1,4,7,0
6,5,2,5,0,2,1,1,7,7,2,4,7,1.012,2,1,2,4,0.245,-0.678,0.0,3,-1.127,4,4,1.606,7,0,0.565,1.78,4,1.234,4,0.459,-0.0,2.02,0,1,4,0.519,0,2,5,-0.995,1,2,5,0
7,5,5,6,0,4,7,5,5,6,1,3,5,0.744,6,5,2,6,0.268,-0.545,0.0,6,-0.102,4,7,0.598,7,2,0.304,1.92,3,0.523,5,2.307,-0.0,4.36,2,4,4,1.355,7,6,4,-0.931,6,0,0,0
4,5,7,1,0,2,3,1,2,6,1,3,5,-0.261,4,2,6,6,0.358,3.939,0.0,2,-1.321,3,1,1.825,7,2,2.56,4.81,7,-1.384,6,1.464,0.0,3.28,3,7,1,1.383,3,3,2,1.304,1,4,3,0
4,7,5,4,1,1,0,1,0,5,1,0,3,1.946,6,5,2,6,3.188,2.786,0.0,6,4.158,4,1,3.881,1,5,3.712,5.36,1,0.588,0,2.813,2.0,1.84,4,7,5,0.997,7,1,5,7.799,2,2,4,0
3,4,1,0,0,5,6,1,3,5,1,5,5,1.285,7,7,6,1,2.215,1.367,0.0,0,-0.468,0,4,0.926,5,3,0.352,2.93,0,-0.996,3,1.804,-0.0,4.43,2,6,7,2.636,0,0,5,-1.49,2,0,1,0
4,5,2,7,0,5,5,2,6,1,1,7,0,3.995,5,5,4,2,1.337,-0.312,0.0,4,1.76,4,7,0.933,0,0,-2.06,1.62,3,0.018,5,0.774,1.0,6.67,0,2,7,1.527,4,6,6,4.572,5,6,1,0
3,5,3,3,0,4,6,3,4,0,6,5,6,-2.174,7,2,3,1,0.961,5.664,0.0,3,2.002,7,7,-1.601,6,2,-1.029,1.29,1,0.465,7,-0.396,0.0,5.43,0,5,5,0.65,2,6,7,4.575,4,3,4,0
6,4,1,6,0,6,3,3,4,5,1,1,7,3.89,0,0,3,4,0.828,-0.61,0.0,4,-1.595,0,3,0.278,1,5,1.792,1.96,6,0.91,3,0.378,0.0,2.2,3,6,4,1.843,6,4,1,0.779,0,5,3,0
0,4,7,5,1,6,3,4,6,2,4,5,2,-0.151,0,0,1,3,2.551,1.075,0.0,7,2.892,5,6,0.954,2,2,3.355,2.98,7,2.032,2,2.597,2.0,4.49,3,2,0,5.471,4,6,0,2.548,2,2,3,0
1,5,1,6,0,5,3,0,6,5,4,6,5,3.361,5,2,4,0,1.526,1.222,80.55,4,2.067,4,3,1.117,1,6,1.558,3.6,3,1.264,4,1.801,1.0,6.88,1,4,0,3.295,1,3,3,-0.739,6,5,3,1
1,4,6,1,0,7,2,3,5,5,2,6,2,2.02,4,0,2,5,1.115,-0.995,0.0,2,1.958,1,1,3.011,5,3,2.051,3.02,3,-0.662,6,1.542,1.0,5.11,1,1,2,0.827,2,2,5,1.652,2,4,0,0
2,4,5,1,0,4,5,7,4,2,3,5,3,1.907,6,1,6,5,0.652,3.272,0.0,5,1.198,2,7,1.664,6,0,-0.146,2.41,1,0.081,3,0.407,1.0,3.05,6,6,3,0.895,3,7,5,0.842,6,3,7,0
5,7,6,6,0,7,6,7,2,0,1,6,4,-1.467,4,5,2,2,0.785,0.016,0.0,3,2.391,5,4,3.681,5,4,0.361,3.5,2,0.474,4,1.77,1.0,3.94,4,4,5,0.024,0,7,1,4.809,6,2,4,0
0,0,5,6,0,2,3,1,3,6,5,4,6,-1.367,6,5,3,0,1.105,2.338,0.0,0,1.786,2,4,0.114,6,3,-0.267,4.03,6,0.404,2,1.14,1.0,5.52,2,0,1,1.068,4,2,2,0.585,6,3,1,0
7,7,7,6,0,1,5,3,5,0,2,1,1,0.029,4,2,0,6,0.449,2.162,0.0,1,-1.959,3,7,1.468,1,0,-0.774,2.02,2,-0.871,1,-0.647,-0.0,4.29,7,2,7,1.203,7,2,5,1.979,7,6,4,0
0,7,0,5,0,6,5,2,3,1,2,7,1,1.045,5,3,1,0,2.303,1.374,0.0,2,2.385,6,3,5.561,3,6,0.275,2.93,1,0.61,2,0.378,1.0,5.58,7,5,6,2.431,0,3,3,-0.082,7,7,2,0
1,5,0,4,1,6,4,3,6,3,1,5,2,3.14,3,4,2,4,2.927,4.39,0.0,4,2.809,2,6,3.951,6,5,2.596,1.57,6,0.132,5,2.816,2.0,4.34,4,2,1,4.367,2,3,5,2.323,3,5,2,0
7,1,0,2,0,0,6,0,0,4,0,7,6,-2.207,4,1,6,5,0.16,-5.34,0.0,3,1.133,0,0,2.207,2,6,-0.272,3.13,5,-1.43,2,1.55,0.0,3.99,2,2,5,-2.235,0,3,2,0.515,2,1,0,0
3,3,6,5,0,3,2,6,0,1,3,7,3,1.846,4,0,1,4,0.459,5.933,0.0,4,0.768,4,3,1.058,6,4,-0.633,3.78,5,1.122,5,0.34,0.0,4.23,1,0,3,-3.959,6,0,4,1.266,3,0,3,0
7,6,4,2,0,4,1,6,1,4,5,2,3,-3.11,5,4,1,5,1.264,3.308,0.0,4,-0.268,1,5,-1.945,1,1,-1.656,2.31,5,0.456,1,1.307,1.0,4.0,4,7,7,2.821,7,2,7,-3.769,3,5,1,0
1,3,7,5,0,2,6,0,7,1,4,1,5,1.135,0,3,3,2,1.161,4.344,0.0,1,0.91,7,4,0.596,3,1,1.515,1.57,0,-0.607,6,0.885,0.0,3.31,2,6,1,2.346,1,6,7,0.258,5,0,4,0
3,3,5,6,0,1,7,0,7,2,6,3,5,3.319,6,0,2,6,0.46,-1.847,0.0,7,2.801,7,5,4.327,4,4,1.093,5.72,5,-0.047,3,1.782,1.0,4.1,3,0,7,3.023,0,1,1,1.103,0,1,7,0
7,1,1,4,0,1,3,4,4,0,1,6,7,0.282,7,2,7,3,0.688,5.355,0.0,0,0.066,2,0,-0.872,6,2,-0.153,2.28,2,-0.429,7,0.117,0.0,5.43,0,2,3,-1.14,2,0,7,0.724,3,5,5,0
3,3,2,6,0,1,7,5,6,6,7,0,4,3.81,6,6,4,7,0.925,0.077,0.0,1,-0.745,0,3,0.201,6,0,1.899,3.78,0,1.476,6,1.29,1.0,3.97,7,6,4,5.575,3,3,6,1.415,5,3,3,0
3,7,5,7,0,7,6,6,2,0,0,2,6,-1.73,6,4,3,0,0.253,-0.253,0.0,2,-1.299,1,5,-1.631,6,1,-1.75,3.36,3,-0.155,3,0.984,0.0,4.76,1,2,5,1.918,5,3,3,0.641,2,6,6,0
2,7,6,6,0,2,4,5,2,5,7,3,4,2.124,4,4,7,3,-0.045,0.454,0.0,2,-0.143,7,0,-1.298,4,1,1.659,3.45,5,2.722,5,-0.81,1.0,4.86,1,7,0,-1.231,1,0,1,0.191,6,3,0,0
7,6,5,6,0,5,5,6,6,5,5,4,2,1.963,6,2,1,2,0.768,2.604,0.0,6,2.903,3,7,-0.115,7,1,1.187,4.37,1,0.365,6,0.064,1.0,7.1,1,7,4,2.218,4,5,6,4.097,2,6,2,0
5,0,4,6,1,1,0,6,1,3,7,6,0,8.071,5,0,2,3,4.484,6.546,0.0,1,5.75,4,0,2.717,0,1,5.024,1.15,2,1.043,6,5.144,3.0,8.54,5,0,5,4.421,1,6,6,6.095,0,0,3,1
1,3,3,0,0,1,6,1,4,1,7,4,7,-2.727,3,1,3,1,1.513,2.688,0.0,4,3.159,2,4,2.28,2,4,0.491,2.16,0,-0.557,2,1.653,1.0,2.28,1,4,5,11.55,2,1,4,4.431,1,0,2,0
2,6,5,1,0,2,2,2,4,7,4,5,3,4.037,3,5,5,4,0.776,2.023,0.0,0,-0.314,6,5,1.725,7,1,0.631,3.74,4,-2.657,7,1.139,1.0,2.29,7,0,5,-1.445,5,4,1,3.785,2,7,6,0
7,6,3,6,1,5,6,3,5,0,3,6,3,0.308,3,5,2,4,2.176,4.306,0.0,0,2.759,4,6,1.604,2,4,-0.336,1.68,5,-0.644,1,2.403,1.0,3.91,1,6,2,1.721,3,1,7,6.134,4,5,3,0
5,5,4,2,0,7,2,7,2,7,5,7,1,2.554,4,0,4,4,1.837,2.679,0.0,5,0.931,6,4,-1.164,1,0,0.147,4.08,6,-0.189,0,1.571,1.0,5.24,5,2,1,1.704,1,4,7,0.283,0,0,6,0
0,1,0,3,0,5,3,0,6,5,5,1,5,2.614,5,4,1,6,1.678,2.632,0.0,5,0.621,7,5,1.331,6,6,1.659,0.56,5,-1.731,1,1.959,0.0,5.99,6,0,6,2.084,0,3,5,0.461,5,1,6,0
6,7,2,5,1,0,2,3,5,4,0,0,5,4.351,4,7,1,4,3.687,3.614,840.71,2,2.095,6,5,4.128,3,5,3.932,5.54,7,-0.643,7,4.601,2.0,7.12,1,3,4,4.469,3,7,3,4.865,6,7,2,1
4,7,0,2,0,5,4,6,4,2,4,6,1,6.006,3,5,5,6,1.093,2.669,0.0,0,1.982,6,5,1.465,1,4,3.266,2.46,2,-0.315,6,1.724,1.0,7.47,0,4,7,3.917,6,0,0,0.975,1,3,7,0
6,5,0,5,0,7,2,0,0,3,7,6,0,-2.825,1,1,7,1,0.757,2.5,0.0,2,1.055,1,6,0.15,2,7,-0.897,1.68,4,-1.689,5,1.327,0.0,2.46,1,0,6,0.851,7,2,1,-1.261,5,5,3,0
5,0,0,2,1,4,7,3,1,3,3,7,6,2.997,4,2,4,3,3.125,1.638,0.0,3,5.711,7,6,4.222,1,7,4.539,1.92,3,0.463,7,4.327,2.0,3.75,1,6,4,5.494,6,4,1,3.014,0,1,2,0
7,7,2,0,0,4,2,3,5,5,3,3,5,-1.506,1,6,4,7,-0.048,2.381,0.0,4,0.646,5,0,-1.334,1,0,-1.166,3.91,2,1.628,1,0.914,1.0,2.45,7,4,4,2.449,6,2,3,-2.372,7,5,2,0
1,7,7,5,0,4,1,2,0,6,1,5,2,1.227,6,7,3,4,1.27,-0.599,0.0,4,2.001,6,6,2.341,2,5,0.643,1.48,1,0.713,0,1.21,0.0,5.88,1,7,3,1.393,2,5,4,0.623,1,4,5,0
6,5,7,7,0,4,6,6,6,7,4,1,0,1.94,0,4,4,3,0.349,4.344,0.0,6,0.44,3,4,1.229,4,7,0.58,1.93,2,0.656,2,-1.577,-0.0,2.05,3,0,6,2.411,0,6,5,1.188,2,2,6,0
7,3,5,5,0,4,2,6,0,6,0,4,4,2.049,1,3,5,7,2.174,6.233,0.0,7,1.324,6,7,-0.934,5,6,3.734,4.31,0,0.535,0,2.077,1.0,4.15,1,2,6,3.467,4,6,1,2.329,5,4,2,0
5,0,1,4,0,1,4,2,1,1,7,6,5,1.495,7,7,5,0,2.337,0.329,0.0,1,1.968,6,3,2.298,4,3,0.872,0.1,4,0.164,1,1.458,2.0,5.25,6,1,7,0.756,0,6,5,-0.856,7,0,1,0
5,3,0,4,0,1,2,3,0,1,7,2,1,-1.176,2,6,1,3,-0.258,-0.123,0.0,0,2.596,7,2,3.222,4,6,-3.421,2.64,0,0.119,4,0.361,-0.0,7.35,4,7,3,3.689,7,2,0,-0.377,6,1,2,0
5,7,4,7,0,2,2,3,7,4,4,0,5,-3.809,2,1,7,4,1.807,2.429,0.0,4,0.479,0,5,2.465,6,6,1.269,5.3,1,-0.081,5,0.837,1.0,8.31,0,6,0,2.314,4,7,1,0.027,0,5,0,0
4,4,2,0,1,5,6,4,0,1,6,5,0,4.455,5,7,0,1,2.127,3.726,0.0,7,1.62,2,7,-0.539,5,5,2.2,2.34,4,0.182,0,2.898,1.0,3.5,5,5,7,3.18,2,5,6,-0.318,2,1,2,0
7,2,1,3,0,6,4,0,7,0,7,5,7,-0.504,7,1,6,1,1.444,-0.485,0.0,7,1.19,0,2,2.251,5,4,-0.845,3.21,4,-0.057,1,0.339,0.0,3.63,1,1,4,-0.721,0,7,5,-0.852,3,5,7,0
5,1,3,0,0,7,2,5,1,1,6,1,1,0.32,7,1,0,3,1.318,2.069,0.0,2,-0.345,0,3,4.248,4,6,0.592,2.52,1,2.22,7,1.474,-0.0,5.69,4,1,1,1.611,5,7,0,2.817,2,3,1,0
1,0,0,2,0,7,6,4,4,4,3,6,7,1.053,0,6,4,5,0.639,-0.738,0.0,1,0.256,2,3,-0.226,3,4,-1.181,1.58,0,-0.458,5,0.364,1.0,5.08,6,0,5,-0.312,4,2,7,0.963,2,1,1,0
1,2,0,6,0,6,7,0,5,1,3,1,5,0.38,3,2,6,5,0.304,-0.413,0.0,4,0.361,6,2,0.033,3,7,0.569,3.6,0,1.941,7,0.953,0.0,4.8,6,1,3,-1.532,5,3,7,6.166,0,0,0,0
4,2,2,5,0,2,6,4,6,0,6,5,6,2.152,6,3,6,7,1.197,0.644,0.0,4,0.359,2,7,4.726,5,3,1.473,1.41,6,-0.102,0,1.683,1.0,5.22,3,2,4,3.068,4,4,4,1.115,0,5,0,0
0,1,5,1,0,7,6,7,0,5,4,1,1,-2.147,1,1,6,7,1.712,3.038,0.0,2,1.556,3,5,1.682,2,6,1.081,3.08,1,0.305,2,0.677,1.0,3.22,1,7,0,5.53,2,0,2,0.355,3,6,0,0
1,6,2,1,0,6,2,6,7,1,4,6,7,-6.653,0,5,3,0,0.356,-1.484,0.0,7,-0.181,3,0,-1.414,6,1,0.225,3.87,4,-0.878,7,0.113,1.0,6.22,7,4,4,0.972,5,5,2,1.725,3,7,2,0
2,2,1,2,0,4,2,6,5,4,3,2,0,2.025,3,6,5,5,1.536,1.476,0.0,2,3.259,1,2,4.557,5,2,1.72,3.41,7,0.977,0,1.661,2.0,2.39,0,3,3,4.247,3,4,0,2.744,1,0,2,0
0,4,7,7,0,5,1,0,2,7,7,1,3,0.002,2,2,4,2,1.08,1.7,0.0,0,2.729,4,4,1.362,5,6,-0.129,1.27,4,-0.389,1,0.285,0.0,3.06,4,0,5,-1.691,0,3,2,1.812,6,7,6,0
6,2,5,6,0,3,7,4,0,2,2,3,7,1.035,5,5,5,6,0.682,-3.387,0.0,4,0.581,2,6,2.552,3,3,-0.109,3.68,6,-0.98,7,0.26,1.0,3.22,7,5,6,-1.239,1,4,6,2.823,0,5,4,0
3,7,4,1,0,0,7,3,6,3,3,6,0,-0.65,6,6,7,6,0.706,2.127,0.0,6,-0.225,3,4,0.714,3,6,2.463,3.41,3,-0.65,1,-0.762,0.0,0.87,1,3,6,-3.432,4,2,7,-0.834,4,2,4,0
7,0,3,0,0,3,2,2,0,3,5,4,6,1.263,5,6,6,6,1.053,4.462,0.0,5,-0.48,3,5,0.894,3,2,0.275,3.42,5,2.544,1,1.334,0.0,3.83,5,6,7,-0.141,7,1,1,4.184,1,5,3,0
6,6,6,7,1,6,1,0,6,7,1,5,1,3.957,2,1,0,6,4.364,3.931,0.0,6,4.462,0,3,4.911,0,5,3.554,2.93,4,-0.621,3,3.692,2.0,5.32,0,7,7,3.932,7,7,1,2.416,1,3,7,0
2,4,2,2,0,7,0,1,1,0,1,0,3,-1.452,7,6,1,3,1.692,1.882,0.0,4,1.157,2,0,-0.183,3,2,0.935,3.24,1,0.091,2,0.976,1.0,4.4,0,6,3,2.544,3,6,6,4.137,0,6,4,0
4,2,3,3,0,6,1,1,5,2,3,3,5,5.253,6,2,1,2,1.575,2.034,734.34,5,2.552,2,3,2.286,4,7,0.168,4.19,2,-1.827,3,2.14,1.0,10.08,1,5,7,-0.706,0,5,4,3.977,5,0,6,1
2,1,0,7,0,7,2,4,5,5,7,3,2,-1.32,2,0,0,2,1.859,6.707,0.0,4,-0.06,7,5,3.143,2,2,3.34,1.02,7,1.828,0,2.066,2.0,4.03,6,2,4,0.811,5,4,5,0.514,0,5,0,0
4,6,1,0,0,5,3,7,3,7,2,3,1,3.411,6,5,3,2,1.466,-0.378,0.0,7,1.544,6,2,0.569,2,5,2.095,3.05,3,-0.273,7,1.323,-0.0,3.72,3,3,3,0.64,4,6,4,-3.234,4,6,6,0
0,4,7,3,0,6,7,5,3,2,2,6,2,-0.783,6,0,4,3,0.619,0.944,0.0,0,-0.403,1,3,1.021,3,4,-0.626,2.11,4,-0.573,0,0.331,1.0,3.75,2,5,1,-1.246,1,3,2,1.958,0,2,6,0
1,1,5,4,0,2,4,7,5,4,4,2,6,-3.762,4,2,2,7,1.581,0.77,0.0,6,2.932,1,6,3.338,3,2,-0.016,2.25,5,0.07,6,1.212,1.0,6.07,6,2,2,1.201,6,2,4,-1.883,0,2,0,0
3,2,2,5,0,4,2,7,7,5,0,0,7,-0.641,6,2,3,2,1.508,1.115,0.0,5,0.471,2,3,-1.073,3,6,0.533,4.07,6,0.119,3,1.559,1.0,3.44,4,7,0,3.006,0,0,3,1.177,6,6,1,0
0,2,4,0,1,3,4,0,0,0,3,4,5,2.967,4,0,1,2,0.623,2.178,0.0,3,0.502,2,2,1.272,1,1,3.138,3.46,7,1.062,6,1.086,1.0,10.11,4,2,7,0.427,0,5,7,7.293,7,7,0,0
0,4,3,6,0,4,4,7,5,3,2,5,4,2.924,0,1,4,2,1.405,0.53,0.0,1,2.531,6,2,0.491,0,7,0.391,0.24,3,1.016,2,1.142,1.0,5.64,2,1,5,-2.208,6,0,6,-3.834,2,5,4,0
6,7,3,5,0,7,3,1,5,4,2,3,5,-3.081,5,5,4,7,0.248,2.233,0.0,4,0.456,3,4,0.738,1,6,-0.53,4.22,7,-0.703,7,0.081,0.0,2.65,3,3,3,1.285,5,4,4,3.024,0,2,6,0
3,2,4,5,1,4,3,7,7,5,2,3,3,4.492,3,6,0,2,5.178,8.276,594.0,4,6.453,0,2,6.27,3,0,5.992,3.54,0,1.572,4,6.006,3.0,6.14,4,1,6,8.98,3,5,0,6.991,1,3,7,1
5,5,1,5,0,2,0,2,5,7,7,6,4,-4.692,1,0,5,2,1.179,1.99,0.0,3,1.164,4,6,1.368,7,1,2.428,7.85,4,-0.008,0,1.893,2.0,2.78,7,3,3,1.191,6,4,7,-1.084,2,2,6,0
5,1,7,2,0,0,1,7,1,2,2,5,2,1.114,0,7,7,7,1.109,1.225,0.0,3,1.071,1,6,-1.036,3,4,-0.111,4.26,3,-1.062,6,0.381,0.0,3.06,7,6,0,-3.421,2,6,4,1.859,1,2,6,0
4,4,0,7,1,4,5,4,2,2,3,1,7,3.725,1,3,0,4,3.19,3.379,0.0,7,3.387,4,3,3.482,1,1,0.924,0.1,2,0.523,3,3.986,1.0,3.81,6,2,6,3.673,2,6,5,4.141,3,3,0,0
6,1,3,3,0,2,4,4,4,5,1,3,2,3.947,0,1,2,0,1.321,2.4,0.0,5,1.163,3,0,3.854,2,6,3.707,1.05,0,-0.558,7,1.436,0.0,3.15,7,1,5,3.741,7,4,4,0.437,0,7,3,0
1,0,6,2,0,1,4,3,6,0,4,1,3,0.324,5,5,1,6,0.807,0.5,0.0,6,0.527,0,7,1.689,1,2,0.429,3.17,1,-0.037,5,1.262,1.0,3.72,7,7,3,2.908,4,7,3,-0.164,2,6,1,0
0,4,5,4,0,6,0,2,4,3,4,0,4,3.127,5,4,2,1,2.078,1.959,0.0,7,1.291,1,5,1.682,4,1,-0.553,3.38,5,0.188,6,3.243,2.0,4.46,1,6,6,2.422,0,6,2,1.961,0,1,4,0
7,0,1,5,0,4,5,4,6,4,2,5,1,4.087,4,1,4,3,1.802,2.628,0.0,2,2.939,4,7,1.133,3,4,4.683,1.35,7,0.968,5,1.154,2.0,4.12,2,5,3,1.445,1,2,3,-0.11,3,6,5,0
1,3,4,0,0,2,7,1,6,4,6,3,6,1.939,1,2,3,5,0.589,-1.43,0.0,6,-1.054,6,3,-1.742,1,3,0.528,2.46,2,1.022,5,0.557,0.0,5.77,0,7,3,-1.164,7,4,1,1.263,1,7,2,0
1,7,0,4,1,7,2,7,1,3,7,4,5,-0.543,3,2,4,4,2.305,-0.342,846.29,6,1.902,3,2,2.453,6,0,3.555,4.01,4,1.249,5,2.606,1.0,5.39,1,4,6,3.279,1,0,7,1.998,3,5,0,1
0,6,4,0,1,5,4,4,7,0,3,2,1,5.048,5,0,5,4,4.157,5.336,0.0,6,5.139,4,5,0.695,7,3,4.499,5.41,7,-0.207,4,3.776,2.0,5.5,3,2,6,7.749,0,0,1,4.876,3,1,1,1
5,2,6,0,0,1,6,5,2,1,5,4,1,-3.134,2,0,7,4,0.889,3.056,0.0,2,0.108,5,4,1.902,3,2,1.91,5.05,2,1.082,6,0.596,-0.0,3.55,6,0,1,1.717,6,0,6,-0.444,5,7,7,0
7,3,0,0,1,1,7,6,6,3,5,5,4,3.96,6,4,3,1,3.579,1.593,0.0,0,3.106,3,1,3.995,6,3,3.331,1.09,4,1.485,3,3.946,2.0,2.51,2,7,1,3.992,7,2,7,3.036,2,6,4,0
2,5,3,2,0,3,6,5,6,5,2,0,6,3.366,6,1,4,7,2.334,4.825,586.92,4,3.119,5,3,-0.856,6,1,1.955,5.02,7,0.107,6,2.929,2.0,5.97,5,4,0,2.242,0,2,2,3.282,4,6,3,1
6,2,3,1,0,2,6,0,1,2,1,1,1,1.698,6,4,1,0,0.952,-2.019,0.0,3,3.031,0,7,-1.123,1,4,2.161,1.63,5,0.526,7,2.05,1.0,4.82,2,1,1,0.43,7,1,5,1.257,5,7,5,0
1,1,0,1,0,1,7,4,3,7,7,7,0,0.208,0,4,7,0,0.496,-2.017,0.0,7,-1.16,6,3,4.733,3,4,0.703,1.14,2,0.407,3,0.268,0.0,5.1,3,7,7,0.375,3,1,3,-0.592,7,4,3,0
6,7,0,5,1,6,1,5,1,7,1,0,2,-0.187,2,3,0,2,4.353,4.187,317.61,0,2.751,2,1,4.514,1,6,3.058,6.27,0,0.176,7,3.591,3.0,6.59,2,5,2,2.081,3,6,0,2.364,3,1,3,1
2,7,1,3,0,0,6,3,4,3,5,4,0,2.863,2,0,1,7,0.757,5.678,0.0,5,-0.584,2,6,-0.947,6,7,2.049,4.22,7,-0.125,5,1.42,1.0,0.93,0,5,2,-1.795,5,4,1,1.034,5,1,4,0
6,7,0,1,1,3,0,2,4,3,1,4,0,4.6,7,3,1,4,2.734,0.067,0.0,7,4.309,5,6,-0.409,3,2,2.96,3.34,4,-1.292,6,2.897,1.0,2.41,7,6,6,1.345,6,2,1,3.676,2,0,3,0
1,3,7,2,0,7,1,5,1,2,7,6,5,1.717,5,3,7,2,-0.329,-1.953,0.0,4,0.374,6,6,2.098,0,5,-0.826,1.84,4,-0.977,0,-0.899,0.0,2.31,4,7,4,3.098,1,6,1,-2.078,4,1,4,0
7,0,2,0,1,3,5,5,4,0,4,0,1,3.713,4,4,4,1,3.627,7.448,648.1,7,3.046,0,7,6.078,3,6,4.992,5.52,0,1.926,6,4.176,2.0,8.09,2,1,5,2.966,4,4,0,2.909,0,6,1,1
6,1,0,2,1,0,5,3,4,5,6,0,1,0.307,4,2,6,7,2.701,4.215,0.0,2,1.699,2,2,4.213,0,6,3.226,2.45,3,0.788,1,2.704,2.0,5.06,5,2,6,6.12,2,1,4,0.711,2,2,6,0
2,7,6,1,0,7,2,7,2,0,7,5,1,0.012,1,7,7,5,0.259,-0.748,0.0,6,-0.354,7,6,2.775,6,5,1.163,3.03,7,0.906,2,1.104,0.0,4.36,6,0,3,3.091,4,2,5,-1.717,5,7,3,0
3,1,2,3,0,7,6,6,4,3,5,6,3,-1.405,2,7,4,2,0.881,1.185,0.0,0,3.069,6,1,-0.13,0,0,1.148,4.08,1,1.645,4,0.427,0.0,3.59,0,1,5,1.049,7,6,1,-4.513,7,6,1,0
3,5,2,1,0,0,6,2,6,4,2,5,1,-0.244,1,7,6,5,-0.106,1.204,0.0,6,1.582,3,7,-0.829,2,4,0.727,2.87,0,-0.683,2,0.798,-0.0,5.0,5,4,5,-0.828,7,2,0,-5.249,3,1,3,0
7,4,3,3,0,5,3,7,1,2,7,6,0,8.017,1,4,7,1,1.69,4.025,0.0,0,0.03,6,2,-0.659,5,4,4.01,3.27,0,0.376,5,3.29,1.0,4.83,3,7,5,-0.312,0,5,5,-0.098,3,3,0,0
5,7,2,2,0,5,4,0,2,0,2,4,4,4.212,7,7,0,3,1.757,-0.788,0.0,1,2.72,3,1,1.57,3,0,1.398,3.43,4,-1.237,6,-0.257,1.0,4.38,2,0,3,0.431,4,0,6,-0.885,4,1,6,0
5,5,6,6,0,2,3,6,5,5,2,2,1,5.414,0,7,5,1,2.192,0.441,0.0,6,3.291,0,1,2.38,3,5,5.001,3.29,1,0.578,1,2.655,2.0,6.05,7,7,0,3.288,1,2,1,-0.569,0,4,4,0
7,4,0,7,1,7,4,3,3,2,5,4,0,4.224,2,7,0,2,4.963,7.407,0.0,3,3.381,7,5,4.611,3,2,2.51,3.27,3,0.001,1,4.249,3.0,7.27,5,5,6,6.629,7,1,7,5.229,4,3,7,1
5,7,3,0,1,0,1,2,0,7,3,6,0,0.208,2,7,3,3,4.592,4.807,636.21,4,5.889,5,4,2.31,1,2,5.419,6.13,0,0.579,1,4.695,3.0,5.56,6,6,0,3.792,7,2,4,1.934,3,2,1,1
1,6,4,4,0,5,7,4,7,2,6,1,5,3.266,6,2,7,1,1.695,2.244,0.0,7,1.741,0,4,5.664,0,0,-0.305,4.82,2,0.766,2,0.632,1.0,3.07,5,5,5,-1.676,2,7,1,0.11,7,2,7,0
1,6,1,3,0,3,2,2,1,4,1,4,4,0.112,0,1,4,1,1.525,0.28,0.0,5,-0.01,0,2,-0.664,2,7,0.597,3.3,1,-0.435,6,1.018,0.0,2.74,4,3,1,0.272,7,3,5,0.753,3,7,2,0
2,7,4,6,1,4,4,5,6,6,4,5,5,2.6,6,3,7,5,3.372,3.308,0.0,6,1.398,1,4,1.338,1,2,3.534,-0.14,5,-0.332,4,3.345,1.0,4.77,1,5,0,4.254,1,6,0,-0.043,2,4,5,0
6,2,2,2,0,2,7,0,2,1,4,4,1,2.555,0,5,7,2,0.95,3.548,0.0,1,2.24,3,0,1.577,3,1,1.488,3.16,1,1.973,3,1.532,0.0,7.15,6,4,6,7.086,1,4,7,2.656,0,4,6,0
1,7,5,2,0,4,5,7,0,4,3,7,6,4.31,3,2,5,5,3.365,1.972,821.72,0,2.265,4,5,1.427,1,2,1.168,2.48,7,1.014,5,3.646,2.0,6.86,6,5,2,4.725,5,3,6,2.415,5,7,1,1
6,7,2,5,0,6,3,4,7,7,5,2,1,1.985,5,4,3,0,1.366,0.896,0.0,1,-0.704,1,3,0.058,6,7,0.65,1.99,7,0.697,2,1.794,1.0,7.91,7,0,3,-2.117,2,5,6,3.771,3,1,6,1
1,2,0,0,0,4,7,6,6,4,0,4,2,3.771,4,4,3,1,0.789,-0.237,0.0,5,1.899,3,1,-1.56,3,6,-0.307,2.78,6,1.219,0,1.091,0.0,5.33,4,4,2,0.663,7,0,6,2.381,4,4,6,0
0,4,7,6,0,3,1,4,2,3,1,3,1,1.438,6,1,4,4,2.92,4.754,0.0,5,0.68,6,4,4.39,4,6,2.246,4.61,2,0.538,4,2.508,2.0,2.99,7,3,5,4.108,0,5,3,4.261,6,3,6,0
1,3,2,4,0,2,0,5,6,7,3,2,2,2.697,2,5,1,4,2.336,2.179,0.0,0,3.521,3,0,-0.743,4,7,1.318,4.09,2,-0.356,4,3.446,1.0,4.42,2,7,6,1.707,6,2,5,-0.821,5,0,7,0
2,7,7,5,1,5,0,5,0,1,3,6,2,5.625,1,4,1,0,4.415,6.931,0.0,1,6.316,4,2,5.443,5,4,4.198,2.53,4,0.293,3,4.717,2.0,3.63,6,0,0,3.214,2,0,3,0.973,7,3,0,0
3,1,1,2,1,2,7,0,5,5,5,7,3,-2.392,4,6,6,0,2.046,2.988,0.0,2,4.287,7,1,-0.154,4,2,1.218,3.02,1,0.649,7,2.463,2.0,3.1,3,1,2,3.35,2,2,7,2.029,5,3,1,0
3,4,4,5,0,4,3,7,2,0,4,3,2,1.477,6,7,1,0,0.062,-1.17,0.0,0,-1.436,0,5,-0.714,7,7,-2.131,1.62,0,-0.246,0,0.231,0.0,5.99,2,7,0,2.211,5,1,5,-0.224,6,4,3,0
6,6,0,4,1,5,4,1,4,5,3,2,6,2.115,7,0,2,0,2.709,5.13,0.0,2,2.268,4,4,1.658,4,4,1.902,3.4,1,0.406,4,2.621,2.0,2.74,5,7,7,2.266,3,5,5,-1.131,6,1,2,0
2,1,6,0,0,5,5,7,3,0,4,1,5,-1.2,6,6,4,1,2.514,3.081,0.0,3,1.192,6,2,0.996,3,3,1.739,1.47,1,0.805,0,1.695,2.0,1.47,5,3,3,1.212,2,2,1,3.745,1,4,1,0
3,3,1,0,0,3,3,0,2,7,6,6,4,-0.339,7,4,6,6,1.4,1.872,0.0,1,0.924,0,7,0.614,5,3,1.26,1.39,0,2.275,1,1.577,1.0,6.13,1,6,5,-0.187,3,1,3,3.483,0,6,7,0
0,2,2,0,0,6,7,5,1,0,4,5,1,1.716,4,2,1,5,-0.776,-0.223,0.0,0,-0.56,0,4,-2.206,5,4,-1.644,3.37,2,0.179,7,0.555,0.0,5.97,3,2,6,-2.091,0,7,6,3.736,2,3,4,0
3,3,0,0,0,6,4,2,5,1,0,0,3,5.903,1,1,2,7,2.499,2.91,0.0,0,0.899,3,4,3.319,2,5,0.677,4.9,2,-0.499,7,3.528,1.0,1.6,1,6,1,1.551,0,4,7,-1.627,0,3,1,0
2,3,4,7,0,3,7,5,4,1,4,5,5,2.559,4,2,4,6,0.777,0.326,0.0,6,2.124,0,0,3.467,6,6,2.15,3.72,2,0.213,0,0.546,1.0,4.71,4,4,3,2.798,0,1,1,2.198,1,4,1,0
7,3,3,0,0,5,4,2,3,3,5,7,6,-1.082,7,5,0,4,1.203,3.124,0.0,0,2.991,6,3,1.219,3,1,3.201,3.27,7,0.554,0,1.203,0.0,1.01,0,1,5,0.165,0,6,7,5.026,0,4,7,0
2,3,5,3,0,6,7,6,7,1,3,2,0,1.695,5,0,5,3,0.424,0.641,0.0,0,1.667,2,4,3.949,6,3,-0.883,2.43,7,2.262,1,0.151,0.0,2.57,6,2,6,-0.394,2,5,2,0.015,4,3,7,0
1,7,3,4,0,3,1,1,0,4,7,3,2,-0.268,1,4,7,2,1.687,-4.226,0.0,1,4.234,7,6,0.613,7,3,0.797,3.07,7,1.454,7,1.073,1.0,3.61,7,3,0,-1.557,6,4,5,-0.267,5,0,3,0
3,2,1,6,1,6,1,3,4,0,2,3,3,-1.23,5,3,6,0,2.91,5.856,0.0,4,3.313,2,1,0.705,0,3,4.986,2.18,6,1.445,5,3.429,2.0,6.21,2,0,7,2.994,2,6,2,-0.045,0,5,0,0
3,1,0,4,0,7,4,7,4,1,1,4,7,0.653,5,6,7,6,-0.187,-0.443,0.0,4,0.144,5,2,0.573,3,4,2.177,1.19,5,-0.175,5,0.222,0.0,5.19,1,3,2,2.067,7,6,7,1.564,0,2,0,0
7,2,5,3,0,2,6,0,7,2,6,7,2,0.486,3,6,7,4,0.884,2.064,80.43,2,-0.675,3,0,2.585,3,5,-1.878,1.98,2,1.221,0,0.15,1.0,6.09,0,2,5,3.689,0,0,1,3.038,0,0,4,1
0,3,7,7,0,3,6,7,4,1,7,7,3,1.199,2,3,6,3,1.219,2.99,0.0,6,2.057,0,2,-0.6,6,4,0.165,1.76,3,1.238,5,1.311,1.0,4.47,3,1,5,1.079,0,7,5,4.75,2,7,5,0
1,5,1,5,1,2,3,7,4,5,6,4,6,3.419,1,3,4,6,2.896,0.46,0.0,0,2.983,7,7,4.277,3,1,3.013,3.31,7,0.401,5,3.811,1.0,4.4,5,0,4,3.801,6,3,5,0.27,3,7,4,0
7,3,2,5,0,2,4,3,1,1,4,6,0,1.808,5,7,1,2,1.392,2.251,0.0,5,0.395,5,0,1.599,1,7,2.98,3.98,4,-1.688,7,2.605,2.0,4.19,0,2,4,5.295,0,6,7,1.613,4,2,1,0
1,6,7,6,0,4,1,3,7,2,6,3,1,3.092,1,2,1,3,1.079,-1.236,0.0,4,-0.014,4,0,2.74,2,7,-1.895,2.1,5,0.182,1,1.164,1.0,5.15,0,3,6,-1.504,6,1,4,-0.541,0,4,1,0
6,0,7,1,0,2,2,0,3,6,5,3,1,0.343,4,2,7,1,1.201,2.023,0.0,5,-0.15,5,7,0.33,3,7,-0.526,3.81,6,0.554,3,1.984,-0.0,3.98,4,3,1,-3.902,5,1,3,1.909,2,0,4,0
6,0,7,4,0,4,1,2,2,6,6,3,0,0.656,4,1,0,4,1.422,2.833,0.0,4,1.501,2,0,-0.34,3,4,-0.329,5.11,7,2.588,6,2.64,1.0,0.92,7,0,0,-1.035,1,7,5,2.682,4,4,2,0
2,0,3,0,0,3,7,3,6,3,3,7,0,4.461,0,5,3,2,3.117,3.883,137.87,6,2.933,2,6,2.755,3,3,5.342,5.43,6,-0.634,4,3.287,2.0,7.99,7,0,6,6.308,7,6,4,2.749,1,6,4,1
0,6,0,5,0,7,0,2,1,4,3,0,7,5.318,5,2,3,3,1.126,1.395,0.0,2,0.294,5,6,2.152,0,3,3.489,3.25,7,0.144,7,1.227,0.0,4.22,5,2,4,0.843,2,1,4,-1.122,0,1,5,0
0,4,1,1,0,7,3,7,6,7,4,1,0,-1.77,3,5,3,0,1.066,2.65,0.0,3,2.068,0,4,-1.884,7,7,-1.258,1.71,5,-1.639,7,-0.045,1.0,2.6,7,1,6,2.08,0,1,1,6.25,6,3,3,0
4,1,1,2,0,6,1,4,1,4,0,1,7,-0.622,3,7,6,5,1.304,2.022,0.0,2,0.578,5,2,-2.141,4,7,2.926,5.17,2,-0.099,4,1.671,1.0,2.46,1,7,6,-0.145,7,7,3,2.571,2,4,6,0
2,7,0,2,0,1,4,4,7,0,6,0,0,4.923,0,6,2,0,0.961,1.221,0.0,4,-0.28,3,4,2.848,1,4,3.102,4.44,0,0.365,6,1.588,1.0,3.17,6,6,1,-1.152,4,6,7,2.699,6,7,3,0
1,4,1,0,0,3,6,3,6,3,0,7,1,3.758,6,3,7,2,0.693,-1.096,0.0,4,-1.075,4,3,-1.544,1,7,0.756,3.98,4,-1.21,6,0.276,-0.0,2.76,2,6,5,-0.434,1,7,7,1.214,7,2,7,0
7,3,6,2,0,6,6,1,5,0,1,7,6,1.489,0,3,4,3,2.327,1.756,0.0,0,1.664,0,6,4.77,3,5,5.209,4.13,5,1.823,4,2.154,0.0,3.79,7,2,2,1.293,2,0,2,3.04,3,7,5,0
7,0,1,2,0,7,5,5,0,6,6,5,1,-0.519,0,5,4,5,0.093,-1.927,0.0,1,-0.637,1,6,-1.782,5,1,1.683,3.07,0,1.559,4,-0.124,0.0,5.72,1,0,6,0.037,3,2,1,-1.056,5,1,0,0
0,6,0,2,0,2,2,0,7,4,2,6,6,-0.485,6,6,6,2,1.232,4.218,0.0,4,-0.813,6,2,1.959,0,0,1.01,-1.03,5,0.088,3,1.559,2.0,7.33,6,6,4,1.602,5,1,5,-1.123,4,4,4,0
0,5,3,5,0,7,7,6,5,6,2,0,0,-0.857,6,3,4,0,1.104,1.917,0.0,4,2.479,0,2,-0.64,5,7,3.974,2.68,6,-0.491,6,1.891,1.0,5.05,6,1,4,2.427,2,5,3,0.796,0,4,4,0
4,0,6,0,0,3,5,1,7,4,6,6,6,3.318,2,0,6,5,1.837,-0.978,0.0,4,0.719,4,0,1.403,7,2,1.93,4.98,5,-0.896,1,0.926,1.0,4.27,0,6,7,1.989,1,3,2,-1.663,2,4,7,0
3,6,1,3,0,5,3,1,3,7,4,7,6,1.713,2,5,5,6,0.394,-1.408,0.0,3,1.098,3,5,1.258,5,0,-0.313,7.38,5,0.381,7,-0.79,1.0,1.01,7,4,1,-3.135,2,6,6,4.566,0,2,5,0
7,0,2,4,0,2,2,7,4,7,3,1,4,3.611,2,2,3,5,1.005,1.811,0.0,7,-0.057,0,2,-2.384,7,4,2.502,3.56,2,-0.5,6,0.647,-0.0,2.09,0,7,1,1.125,6,5,3,-1.438,4,1,2,0
2,6,5,6,0,1,7,0,1,2,5,0,3,1.58,0,3,6,4,1.076,4.696,0.0,2,2.915,5,3,0.277,7,1,1.592,2.28,3,-1.518,6,-0.291,1.0,3.08,3,6,1,1.323,4,0,1,4.251,5,7,0,0
6,0,7,1,1,2,4,5,6,1,3,7,5,3.288,0,5,3,6,3.337,6.159,0.0,3,2.249,0,6,3.602,6,7,3.974,3.2,4,-1.327,1,4.188,3.0,8.92,5,1,2,5.55,2,3,6,2.219,2,4,1,1
6,3,6,1,1,7,6,5,6,1,4,7,4,5.483,5,4,2,2,4.588,1.916,355.15,5,5.424,7,1,5.735,1,5,7.19,6.12,5,0.119,3,5.423,3.0,6.04,7,2,4,2.572,7,1,1,5.952,2,0,5,1
3,3,3,7,0,3,3,0,7,7,1,7,7,-2.119,2,0,4,2,1.08,-1.527,0.0,3,3.11,6,1,1.18,7,1,2.77,2.53,0,-0.471,0,2.298,1.0,5.43,6,4,7,3.85,4,5,2,2.381,5,6,4,0
4,0,6,2,1,4,2,0,6,2,4,5,7,0.131,0,5,4,4,3.55,4.192,0.0,5,1.562,1,2,3.061,6,2,2.455,2.34,5,1.366,2,2.332,1.0,3.18,0,6,0,2.392,0,1,3,6.595,5,6,3,0
5,6,1,1,0,2,6,5,0,5,0,6,0,8.564,3,3,1,0,1.506,1.407,0.0,6,1.144,0,6,4.506,4,5,2.9,1.72,4,-0.316,6,1.273,1.0,3.75,0,1,2,2.615,5,3,1,3.877,0,5,6,0
1,1,1,7,0,5,6,5,5,5,4,4,4,-2.267,3,2,0,7,-0.041,-2.642,0.0,3,1.304,1,6,0.717,4,2,-0.054,4.77,5,-1.231,3,0.448,0.0,5.16,5,1,3,2.27,4,4,7,1.178,1,7,0,0
0,7,2,3,0,7,3,6,6,0,6,4,4,-3.328,7,4,0,6,1.688,2.531,0.0,3,2.099,5,7,-1.496,3,3,3.829,4.45,3,-0.97,3,1.654,1.0,5.49,4,5,1,3.401,3,4,6,5.191,0,0,0,0
1,2,5,3,0,5,1,5,1,1,7,3,1,-2.295,4,1,3,3,0.601,0.383,0.0,5,-0.353,6,0,2.763,5,6,1.562,3.82,7,0.701,3,0.336,-0.0,4.89,2,1,6,-1.034,4,7,3,0.46,7,2,3,0
0,3,5,7,0,5,1,2,7,5,3,5,2,3.571,6,0,4,2,0.848,-0.726,0.0,0,1.555,6,7,2.268,1,6,0.773,4.63,7,-2.483,7,-0.12,1.0,3.74,0,7,4,3.59,7,0,1,0.583,3,2,1,0
2,0,7,0,0,0,3,7,2,1,7,3,0,0.095,6,1,4,6,0.969,-3.017,0.0,5,1.198,1,6,0.241,3,2,0.85,2.79,5,-0.062,0,0.556,1.0,1.16,1,2,2,-3.486,4,2,7,-0.267,0,2,7,0
1,7,2,5,0,2,5,2,0,2,4,7,2,6.629,1,6,2,5,1.37,-0.994,0.0,6,1.087,6,2,2.069,2,1,3.065,2.3,0,2.057,1,1.533,0.0,5.79,6,3,2,-3.197,5,5,5,4.008,7,2,4,0
6,7,3,1,0,2,2,5,3,4,6,3,7,4.156,6,5,5,7,1.276,3.047,0.0,5,2.647,5,5,3.395,7,0,1.41,6.62,4,1.182,5,-0.449,1.0,4.58,7,5,2,1.798,6,7,4,4.283,4,4,7,0
6,5,0,3,0,6,3,6,6,7,2,6,1,0.153,5,5,1,1,0.236,2.768,0.0,5,-0.569,5,5,-3.365,1,0,0.191,3.82,5,0.356,7,0.308,-0.0,4.73,5,3,1,4.805,5,6,4,0.544,4,1,2,0
2,0,4,2,0,1,4,2,5,7,6,6,2,2.593,0,3,1,1,0.747,1.671,0.0,5,1.395,3,6,0.099,2,0,1.734,2.81,4,-0.034,5,1.259,1.0,0.16,3,3,4,1.762,7,0,5,-1.024,6,2,4,0
1,1,7,6,0,0,4,6,6,6,2,0,0,0.076,4,3,7,5,2.311,4.249,0.0,7,2.878,6,0,1.973,0,2,1.904,2.36,5,-1.359,0,2.98,1.0,4.47,5,2,4,2.107,5,3,7,9.017,1,3,7,0
7,3,5,1,1,1,2,4,7,3,6,4,0,4.046,6,7,4,4,3.956,-2.126,0.0,7,4.823,1,1,2.861,0,5,1.415,1.2,3,-0.175,0,3.533,2.0,4.82,3,7,2,4.163,4,3,4,5.273,3,3,1,0
5,5,1,7,0,6,0,1,5,0,7,7,0,2.322,3,1,4,2,1.912,3.108,0.0,0,1.614,5,1,2.664,6,0,2.115,3.32,1,-0.417,5,1.952,2.0,2.38,6,5,1,3.057,3,2,4,3.332,2,4,2,0
2,6,3,6,0,4,1,4,5,3,6,3,6,-0.604,3,5,2,6,-0.009,-1.394,0.0,0,-0.771,0,5,2.635,7,3,0.262,2.76,7,-0.382,4,0.966,0.0,7.06,2,6,3,-2.205,1,0,4,1.146,4,1,4,0
3,5,0,6,0,1,5,3,4,2,5,0,2,3.414,0,2,4,2,1.114,0.912,0.0,3,0.695,6,0,-0.845,6,2,2.936,3.4,3,-0.019,6,1.291,1.0,2.43,7,2,3,-0.762,4,1,2,2.448,1,3,7,0
5,4,5,2,0,1,1,4,5,5,6,0,3,-1.81,7,2,4,6,0.584,0.74,0.0,4,-1.571,4,7,1.018,5,1,-2.582,4.52,5,-0.438,3,0.65,1.0,4.93,2,0,6,4.676,1,7,3,-0.737,4,6,6,0
6,2,1,7,0,4,0,6,5,3,5,4,5,2.238,0,6,6,2,1.02,0.16,0.0,1,-1.447,1,5,0.821,7,5,0.044,2.36,4,-0.277,6,1.957,0.0,6.33,3,4,6,1.035,5,3,2,1.918,7,2,0,0
6,1,6,4,0,0,5,1,3,0,3,0,5,1.555,3,0,0,0,1.991,1.732,0.0,2,2.837,0,0,0.656,2,4,-0.876,4.33,2,0.145,3,0.78,1.0,5.3,2,3,6,2.437,1,7,3,2.865,2,5,4,0
4,5,0,7,1,0,6,1,2,2,1,2,5,4.35,3,1,6,6,4.537,4.717,130.97,5,4.307,0,7,4.453,7,2,2.608,5.09,4,-0.788,0,3.507,3.0,7.16,2,6,6,1.12,1,5,4,1.286,7,1,6,1
3,1,2,3,1,1,7,7,1,5,0,4,6,4.721,0,5,2,1,3.897,0.151,181.57,3,4.958,6,5,1.372,0,6,5.104,4.43,6,-0.991,5,5.029,2.0,9.64,4,6,5,0.38,7,0,4,5.859,6,4,1,1
3,3,5,4,1,4,2,7,6,2,4,1,0,7.146,7,3,3,3,4.114,0.868,0.0,2,3.808,5,7,3.025,3,2,3.597,2.73,6,-0.409,1,3.593,2.0,3.84,3,6,6,3.068,1,1,4,4.072,6,1,2,0
7,3,5,6,1,5,7,7,7,3,7,7,4,7.421,0,0,1,6,2.966,5.122,721.45,1,2.731,1,2,2.933,6,7,4.998,4.64,6,1.75,3,2.336,3.0,8.14,3,7,3,4.605,6,7,1,5.102,1,5,4,1
4,6,3,0,0,7,7,4,5,5,6,3,5,1.898,7,1,2,2,1.443,0.683,0.0,3,0.27,3,4,0.052,2,2,0.47,1.66,6,-2.351,1,1.494,1.0,5.36,4,0,6,0.087,4,0,0,-0.116,1,2,4,0
6,1,0,2,0,1,7,4,7,3,4,5,4,1.008,6,0,0,7,1.816,0.487,0.0,1,0.949,4,7,1.225,4,5,2.32,2.98,6,1.479,7,1.735,1.0,1.1,3,5,6,-0.191,5,1,6,2.127,3,5,0,0
6,1,0,2,1,0,3,0,3,7,2,0,5,3.528,3,2,5,2,2.185,1.737,0.0,7,2.691,3,3,4.253,1,2,4.871,2.79,3,0.242,7,2.586,2.0,5.45,5,6,4,1.073,2,5,4,3.888,4,1,6,0
6,1,2,0,1,5,2,0,0,3,0,7,0,1.931,3,5,0,7,2.441,-0.743,0.0,0,1.918,3,4,0.309,6,3,0.363,4.17,4,1.757,1,2.371,1.0,2.99,5,2,4,3.713,7,7,7,1.388,7,7,7,0
3,6,1,2,1,1,1,5,0,0,5,1,4,2.292,4,4,3,4,2.054,1.712,0.0,7,2.187,1,1,1.004,6,3,1.209,2.8,1,-0.358,7,1.573,0.0,1.9,0,5,5,-2.014,5,3,3,2.193,0,7,1,0
1,5,3,5,0,1,2,5,0,1,6,6,1,1.674,6,3,2,7,0.325,3.416,0.0,7,0.774,7,7,-1.899,6,3,0.855,1.75,3,-1.06,6,0.808,1.0,2.37,1,0,6,-0.604,5,6,1,0.392,3,5,3,0
1,2,2,1,0,1,5,2,3,0,2,1,6,2.142,1,7,3,7,1.322,1.74,0.0,0,1.148,2,7,4.34,5,0,0.179,2.29,6,-0.094,5,1.503,1.0,3.34,6,4,1,3.652,4,0,2,1.583,4,7,0,0
2,2,1,1,1,0,1,5,2,2,4,4,7,-2.155,5,6,7,2,2.637,3.868,0.0,0,2.213,6,3,2.712,7,3,3.495,3.07,2,0.53,3,3.574,1.0,1.41,7,1,2,2.372,3,5,7,0.144,1,0,7,0
7,0,1,7,0,0,4,0,1,3,6,4,6,2.889,1,3,7,3,0.519,2.323,0.0,0,1.603,0,1,-0.397,4,5,-1.523,2.51,5,0.337,6,1.619,2.0,2.73,1,3,4,-0.904,4,2,6,1.902,4,5,6,0
1,0,1,7,0,2,5,4,3,5,3,3,1,-0.515,7,1,3,4,-0.143,0.865,0.0,2,-1.265,6,2,-0.107,6,1,-1.293,1.01,1,-0.791,6,0.211,-0.0,6.24,0,6,7,2.013,3,6,0,1.756,0,6,5,0
6,4,4,6,1,3,7,5,2,3,0,0,4,4.845,0,3,0,0,2.782,-1.382,0.0,0,1.199,6,3,2.709,5,4,4.053,3.83,2,-0.632,4,3.299,1.0,1.93,0,6,2,3.648,7,7,3,4.111,3,1,3,0
2,2,0,4,0,2,4,4,0,6,5,7,0,-0.991,1,7,1,2,0.155,-2.689,0.0,5,-0.566,7,5,-0.518,0,5,0.697,3.31,3,-0.3,1,0.128,-0.0,4.44,6,2,7,-0.833,4,7,3,2.495,5,6,0,0
0,7,1,0,0,6,0,2,6,0,2,3,6,3.011,7,0,0,2,0.784,-2.807,0.0,3,1.522,3,6,1.186,4,6,0.021,4.82,5,1.965,2,1.887,1.0,2.78,0,3,6,2.694,7,3,1,1.584,4,6,1,0
4,2,3,2,0,4,5,5,1,3,2,1,4,-0.117,1,5,1,0,0.698,0.438,0.0,2,2.576,6,4,4.557,5,1,2.593,2.45,0,0.654,2,-0.02,0.0,3.95,1,6,5,1.696,5,4,6,0.703,0,2,7,0
5,1,0,0,0,2,7,1,7,2,1,5,0,2.387,4,4,5,6,0.597,0.316,0.0,6,1.743,1,7,0.375,1,1,0.705,0.63,5,-0.074,6,-0.776,-0.0,7.18,2,6,7,2.173,2,7,1,1.011,3,1,7,0
3,5,6,5,0,3,4,7,1,2,4,0,6,-2.56,5,6,6,6,-0.484,0.008,0.0,5,-0.102,7,2,1.241,4,0,-0.874,0.83,1,-0.451,1,1.027,-0.0,2.77,4,6,7,-0.614,2,2,6,1.291,6,5,5,0
3,1,1,7,0,3,7,2,0,1,3,3,2,-0.011,7,4,5,2,0.936,-0.651,0.0,2,1.696,3,7,2.359,5,1,2.353,6.12,7,-0.363,7,0.397,2.0,3.66,0,5,0,-0.934,1,3,1,-2.553,7,1,3,0
5,3,2,2,1,1,6,4,1,1,2,3,4,7.269,1,7,0,1,5.166,3.231,844.88,6,6.388,6,1,2.442,5,7,3.521,3.18,3,0.672,6,5.318,4.0,6.78,5,6,0,6.748,0,5,2,7.188,1,2,7,1
4,0,0,5,0,0,2,1,2,1,7,5,7,-1.512,7,1,5,5,0.501,-2.596,0.0,4,0.869,1,5,2.711,4,1,2.121,3.88,7,-0.87,2,0.064,0.0,1.67,7,7,1,-0.839,4,5,3,0.011,2,3,0,0
3,4,4,7,0,2,1,4,4,5,1,1,6,5.575,0,6,2,0,1.64,4.291,0.0,7,2.063,5,1,4.149,0,7,-1.868,2.09,5,0.179,3,1.513,1.0,5.64,2,6,5,0.078,4,0,3,0.738,6,7,4,0
6,5,0,6,0,6,7,7,0,0,4,6,7,1.494,3,5,6,6,2.961,3.873,0.0,4,3.024,5,3,0.18,7,6,3.832,4.29,0,1.409,6,2.824,1.0,7.27,2,5,0,3.457,0,0,3,5.46,5,4,3,0
1,2,7,7,0,7,2,4,0,6,2,4,5,1.485,4,0,2,5,2.626,2.384,0.0,4,1.002,2,5,2.25,0,2,2.874,3.28,0,0.526,1,3.459,1.0,4.64,5,7,3,5.061,1,4,3,7.155,3,5,1,0
6,5,4,3,0,2,1,2,7,1,2,2,3,0.133,2,5,3,4,0.688,3.198,0.0,1,1.316,0,0,-2.367,3,6,0.916,3.22,1,0.751,3,-0.423,-0.0,2.77,2,5,0,5.221,2,2,4,-0.422,2,7,1,0
3,6,6,2,1,4,0,4,7,3,7,7,2,3.461,7,7,0,0,2.563,5.62,0.0,4,1.036,3,4,3.493,1,2,-0.842,2.95,1,2.131,2,3.774,2.0,4.49,4,7,7,4.435,7,0,1,1.911,3,0,1,0
3,7,5,7,0,6,4,2,7,1,4,3,5,4.977,0,2,5,2,0.668,4.137,0.0,2,1.698,7,4,5.419,1,2,0.313,1.13,3,0.045,2,1.503,0.0,4.05,4,0,3,4.127,6,6,4,-2.232,6,7,5,0
5,6,6,4,1,7,2,6,0,5,1,6,0,3.628,6,6,4,7,3.656,5.527,467.94,1,3.788,2,1,2.686,2,6,3.799,6.2,1,-1.417,2,3.207,1.0,7.92,5,6,1,6.684,7,7,7,1.487,0,4,1,1
7,1,7,2,0,3,0,7,0,3,3,5,1,0.085,6,0,1,5,1.256,7.816,0.0,1,0.363,1,2,2.058,5,1,2.223,3.29,6,1.767,6,1.361,1.0,3.04,5,5,7,0.933,2,7,2,-0.154,6,0,5,0
2,5,3,1,0,6,5,1,5,2,7,7,4,0.507,0,3,5,6,0.937,2.198,0.0,4,0.383,3,3,0.119,6,6,0.309,4.01,7,0.732,3,0.073,-0.0,2.98,3,7,7,2.333,3,5,3,1.183,1,5,1,0
4,7,1,3,0,1,2,2,2,6,0,2,4,-1.013,6,5,5,5,0.995,3.245,0.0,3,-0.015,2,6,2.149,0,6,1.144,3.43,7,1.105,6,-0.053,1.0,2.61,7,3,2,0.5,2,5,0,2.058,6,4,6,0
6,5,5,1,0,6,6,6,5,1,4,4,1,-0.642,4,4,0,3,0.67,2.492,0.0,5,3.609,3,6,5.228,7,5,1.389,3.6,6,0.573,0,1.317,0.0,1.56,2,1,7,0.705,4,3,2,3.725,4,1,5,0
0,0,1,5,0,5,2,1,7,4,2,6,3,3.08,2,7,1,4,1.176,1.172,0.0,2,1.587,4,3,3.82,5,3,2.373,0.88,5,0.745,1,1.211,1.0,3.18,3,0,7,1.973,1,5,6,-3.145,1,6,7,0
4,4,3,5,0,5,1,0,1,4,1,7,5,4.291,6,0,4,0,1.76,-4.925,0.0,6,0.867,5,2,3.92,7,7,1.101,4.37,7,0.909,7,2.118,1.0,4.98,7,0,5,3.471,7,7,1,1.595,1,6,2,0
6,0,4,2,0,2,0,0,7,2,2,4,4,0.909,6,5,6,7,0.583,-2.818,0.0,6,-0.574,4,5,-1.425,2,7,-1.311,3.36,5,0.488,7,0.013,0.0,4.11,0,2,5,1.672,6,0,7,1.405,7,2,3,0
6,1,4,6,0,3,7,3,2,7,5,2,7,2.769,5,6,7,0,-0.182,-0.732,0.0,0,0.827,0,7,3.512,2,0,-0.939,3.62,5,-1.803,5,0.396,0.0,3.67,2,1,2,0.385,2,5,3,-3.123,5,7,5,0
3,0,0,6,0,3,2,1,1,3,4,0,5,-0.911,3,6,7,4,0.916,-1.307,0.0,7,3.179,3,5,-0.7,3,2,2.033,2.76,3,-1.124,7,-0.21,1.0,5.91,4,4,7,1.369,5,1,1,0.858,6,0,7,0
4,3,2,6,0,5,1,6,0,2,7,3,4,-0.311,4,3,5,5,1.228,0.065,0.0,0,-0.597,5,4,1.813,0,0,-1.864,3.83,4,0.155,5,1.901,1.0,2.02,0,7,0,-0.586,2,6,4,0.001,7,2,0,0
2,3,6,6,0,7,0,5,6,2,5,5,6,-0.251,5,0,4,2,2.285,2.334,0.0,3,3.797,0,3,-0.423,6,2,4.561,1.87,5,-2.384,4,2.364,1.0,3.55,1,0,0,1.586,5,7,2,4.856,1,1,5,0
1,7,2,7,0,1,4,1,6,4,3,5,6,0.835,6,3,4,3,0.63,-3.985,0.0,2,0.008,4,4,1.577,7,0,-0.253,2.81,2,-0.701,0,0.854,0.0,5.89,7,6,4,0.356,3,3,4,-2.596,5,2,3,0
0,5,2,3,0,1,2,7,1,7,4,3,3,0.289,5,3,4,1,0.982,6.603,0.0,1,-0.544,7,1,3.186,1,7,1.713,2.3,3,0.787,6,2.434,1.0,3.0,0,4,7,2.671,5,5,0,6.614,4,4,3,0
2,7,3,1,1,2,1,5,2,0,5,5,7,8.569,6,4,4,5,2.121,0.004,0.0,1,0.705,6,2,3.102,7,1,2.626,4.18,3,0.065,6,2.112,1.0,3.37,5,0,7,-0.535,0,0,4,3.67,6,4,1,0
3,0,2,5,0,7,4,6,7,4,4,0,5,2.276,5,4,6,5,2.052,3.77,0.0,2,1.235,2,7,2.436,3,2,1.607,3.67,1,0.046,4,2.304,2.0,6.09,2,3,3,0.214,0,0,0,3.444,6,1,6,0
2,3,7,0,1,5,7,0,3,7,2,7,1,6.226,0,1,6,1,1.955,0.882,0.0,2,2.307,4,4,3.228,2,0,2.544,6.3,7,1.332,2,2.855,1.0,3.68,7,7,7,0.818,7,5,2,2.843,2,6,5,0
1,3,3,2,1,1,7,2,5,0,4,3,6,7.538,3,2,3,5,3.975,1.194,712.49,3,4.016,0,3,5.227,2,1,1.73,6.69,2,0.496,4,3.554,2.0,7.62,5,7,2,3.978,2,7,3,6.583,1,4,7,1
4,3,5,1,0,4,4,4,5,1,5,2,5,0.283,0,3,7,2,0.987,1.384,0.0,1,1.959,6,3,0.04,4,7,-0.44,3.48,5,-0.161,3,0.51,1.0,6.84,6,4,1,-2.641,1,6,5,2.061,5,4,2,0
5,3,7,2,0,6,3,5,3,3,5,2,0,0.271,4,5,0,3,0.957,1.608,0.0,1,-0.365,4,2,-1.753,2,1,0.265,2.27,7,-0.367,4,1.479,-0.0,3.24,0,2,2,-0.928,1,2,2,2.011,5,2,2,0
1,3,6,5,0,4,2,0,1,5,7,7,1,2.501,1,6,7,3,1.356,2.931,0.0,0,1.353,4,6,3.961,3,7,1.886,4.05,7,-1.183,1,0.858,0.0,6.93,6,2,6,2.955,2,5,1,4.166,2,6,1,0
6,5,7,7,0,3,3,4,3,3,3,0,1,5.134,2,2,7,1,0.558,-3.077,0.0,1,0.375,0,0,-0.895,2,2,0.061,1.91,0,-0.629,3,0.608,0.0,2.96,3,4,0,2.819,0,7,6,1.134,6,4,0,0
4,5,0,1,0,7,5,0,6,2,2,6,3,-0.593,6,5,6,5,2.213,0.372,0.0,3,2.875,4,1,2.349,1,2,3.192,5.7,3,1.505,3,1.839,1.0,4.05,0,0,0,3.315,6,4,6,0.585,0,2,2,0
3,1,6,2,1,3,6,4,3,4,7,4,4,2.406,6,1,1,6,2.491,6.319,0.0,5,0.943,1,5,6.677,6,1,0.911,8.4,2,-1.499,1,2.074,2.0,7.9,3,0,3,2.077,5,0,7,-0.995,1,6,3,1
7,1,7,5,0,7,7,0,1,2,0,7,3,4.046,6,3,3,4,1.186,-0.563,0.0,3,1.483,5,0,2.615,5,4,-1.051,4.71,0,-0.268,1,1.063,1.0,4.65,7,7,6,-2.069,4,4,0,2.553,5,1,6,0
5,5,5,2,0,7,7,2,5,5,1,3,7,2.987,5,6,7,4,0.407,2.791,0.0,0,1.197,3,0,2.514,0,1,1.474,3.96,2,0.07,5,0.543,-0.0,3.95,7,3,1,2.838,5,2,7,3.268,3,6,7,0
4,1,7,0,1,5,6,5,2,5,2,0,5,8.155,7,0,0,1,5.179,3.732,0.0,3,6.7,6,4,6.073,4,0,3.781,5.89,1,0.213,3,5.789,2.0,4.55,0,6,5,5.486,0,3,6,5.294,2,6,1,0
0,6,3,0,0,4,4,3,1,2,7,6,0,0.621,7,2,6,5,-0.021,2.889,0.0,6,0.715,7,4,0.547,2,5,2.687,5.64,1,-1.072,5,0.036,0.0,3.17,5,1,1,0.417,7,3,3,-0.412,4,2,1,0
0,4,2,7,0,4,3,4,4,0,2,4,1,-0.663,6,2,3,7,0.533,4.273,0.0,6,-0.135,3,1,-0.84,1,7,-1.97,2.22,5,-0.158,3,0.728,0.0,2.77,1,1,2,-0.347,3,0,4,-0.386,3,1,1,0
6,3,1,3,1,5,0,1,3,4,3,3,1,4.998,0,7,1,7,3.871,10.234,0.0,6,4.151,6,6,5.407,0,6,2.69,3.67,7,-1.058,5,4.329,2.0,4.48,0,3,6,4.775,6,4,5,5.547,0,0,6,0
6,6,3,2,0,6,7,7,6,2,7,2,0,4.57,2,1,0,0,2.692,1.39,0.0,2,0.949,0,3,3.307,1,4,1.14,2.12,3,0.191,7,2.563,2.0,3.88,1,0,7,4.867,0,0,0,2.246,3,5,1,0
0,1,7,6,0,2,3,2,5,3,3,1,0,-3.037,2,7,6,3,1.681,5.152,0.0,0,1.873,2,2,3.359,4,4,2.943,2.13,0,-0.298,6,2.086,1.0,5.8,1,5,7,3.187,0,4,0,3.498,1,6,7,0
7,1,4,6,0,5,0,2,3,0,1,1,0,3.899,3,7,7,1,0.344,2.991,0.0,6,-0.134,4,0,-1.038,4,6,-0.771,4.83,6,0.653,6,0.735,0.0,3.03,0,2,0,2.568,0,0,3,-1.242,4,1,0,0
7,6,0,2,0,4,4,7,1,7,5,0,3,-0.331,0,4,7,3,1.397,2.925,0.0,7,1.584,0,3,1.023,6,2,1.277,2.38,0,-1.52,7,2.124,1.0,5.09,2,4,7,0.123,5,3,4,-0.548,0,5,7,0
2,2,5,2,0,1,4,1,2,6,0,3,7,2.506,2,2,4,0,0.339,-0.24,0.0,6,1.558,3,3,-0.975,4,3,1.855,3.75,4,-1.789,1,1.119,1.0,2.04,5,2,6,4.15,3,1,1,3.53,7,1,4,0
2,5,5,2,0,2,7,7,5,5,3,5,0,0.852,2,2,0,1,1.446,-0.666,0.0,2,1.035,3,5,0.655,3,2,2.942,1.93,0,2.302,5,0.185,1.0,4.94,3,4,1,0.981,0,6,3,0.651,3,2,7,0
5,4,3,4,0,6,3,2,7,2,0,4,7,-1.078,0,7,7,6,1.038,-2.197,0.0,0,-0.165,3,3,3.252,1,1,1.429,1.47,1,-1.081,2,1.316,1.0,1.82,6,5,2,-4.255,5,5,4,-0.773,4,4,2,0
6,4,5,0,0,3,3,1,2,4,1,4,5,-0.696,3,5,5,5,0.219,-2.045,0.0,3,-0.778,1,6,-1.487,6,7,-1.103,-0.46,4,-0.395,0,0.437,-0.0,3.81,1,2,1,-1.252,1,2,0,-1.333,4,0,6,0
6,1,0,0,0,0,3,2,6,4,1,4,3,0.956,6,0,2,6,1.017,1.292,0.0,7,2.136,3,5,3.18,2,2,-0.956,2.5,0,2.507,5,1.234,1.0,5.94,6,5,1,2.103,1,1,2,1.136,1,5,6,0
0,2,2,0,1,6,0,5,6,0,6,5,6,3.534,1,0,5,3,4.007,1.993,0.0,2,5.634,0,3,7.195,4,3,3.244,4.57,3,1.055,3,4.083,4.0,6.02,6,7,0,1.703,3,5,0,4.535,1,0,0,1
1,7,4,4,0,6,4,4,0,7,5,0,6,-1.535,6,1,0,7,-0.041,1.978,0.0,2,0.205,4,2,3.74,7,3,1.006,3.77,6,-0.058,5,1.208,1.0,4.31,4,0,7,-2.355,1,6,7,0.719,0,1,1,0
5,2,6,3,0,2,0,7,5,2,4,2,0,2.95,6,5,4,7,-0.011,-0.832,0.0,3,0.859,1,3,5.592,3,4,-1.92,2.57,5,-1.712,0,0.917,0.0,4.31,3,7,5,3.499,0,3,3,0.166,4,4,0,0
1,6,1,6,0,1,5,7,7,0,5,7,1,1.54,0,3,1,4,2.077,-0.889,0.0,0,0.195,2,5,-0.319,0,4,-0.078,3.25,1,1.56,5,0.749,-0.0,3.98,5,5,6,-0.02,5,6,2,-0.708,7,6,2,0
3,0,4,0,0,1,1,6,6,0,4,5,1,2.12,7,6,5,0,2.137,0.945,0.0,5,2.561,0,5,0.265,1,3,2.139,3.51,2,-1.895,1,1.998,1.0,2.9,1,7,0,5.222,1,3,0,3.469,6,2,3,0
1,7,7,5,0,1,6,4,4,0,2,2,6,2.664,7,6,3,2,0.324,0.125,0.0,1,-1.494,5,2,-3.004,2,6,-0.617,3.28,4,0.399,7,1.007,1.0,3.01,5,0,4,-1.216,3,0,3,2.736,3,7,5,0
4,2,3,3,0,6,3,6,2,6,4,2,2,0.213,4,4,7,5,1.253,2.724,0.0,0,2.988,6,1,1.134,3,3,-0.977,3.53,4,-1.805,6,0.672,1.0,3.62,2,5,6,2.146,1,0,4,2.022,1,4,6,0
0,7,4,3,0,5,7,1,1,5,0,3,5,-1.006,4,1,7,3,1.889,2.914,0.0,3,-0.39,4,6,1.082,7,3,1.469,0.11,3,-0.005,3,1.68,1.0,5.17,6,1,4,5.508,5,1,6,0.373,7,5,1,0
5,5,2,2,0,0,6,3,3,7,0,5,6,-4.475,2,1,7,4,0.84,-2.22,0.0,2,1.705,3,2,0.171,0,7,-1.306,3.83,1,0.725,2,0.386,-0.0,3.13,7,3,3,5.144,5,3,4,-3.094,0,7,6,0
3,6,7,7,1,2,4,7,3,1,6,7,4,2.807,4,2,1,0,3.443,3.047,631.93,5,2.843,3,3,2.937,6,5,3.278,4.42,1,0.81,0,3.717,1.0,7.17,3,4,1,1.837,1,5,6,5.308,2,6,0,1
3,4,2,5,0,6,6,5,5,0,1,4,3,1.436,0,7,0,0,1.49,2.361,0.0,2,-0.546,0,0,2.254,0,3,0.045,4.23,5,-0.754,3,1.015,-0.0,2.25,2,3,2,2.052,2,5,2,1.563,4,2,2,0
3,5,4,6,0,3,2,3,0,4,0,5,3,4.574,0,3,7,4,1.691,2.643,291.82,2,3.122,0,3,2.761,6,6,3.086,5.68,6,-0.507,2,2.358,2.0,8.76,2,1,7,0.511,5,5,4,2.013,3,7,5,1
3,1,1,1,1,4,5,6,1,6,0,2,7,-0.704,2,1,5,2,3.59,3.674,640.44,1,2.144,5,1,2.56,4,3,2.714,4.85,5,1.539,0,3.014,2.0,7.55,1,1,7,4.301,1,4,1,4.697,1,7,6,1
6,2,3,0,1,1,5,7,7,6,1,7,0,1.113,1,3,5,7,3.1,-0.932,0.0,1,3.658,1,6,2.51,5,4,3.217,2.13,5,-0.607,2,3.166,1.0,1.6,2,5,5,1.757,6,7,3,3.683,1,1,6,0
2,7,0,5,0,1,6,1,7,7,7,0,3,2.338,4,7,5,6,1.828,-2.255,0.0,2,0.89,7,5,-1.392,6,7,1.919,-1.11,5,-0.728,7,2.57,1.0,2.37,3,2,6,-0.888,3,3,4,3.411,7,6,0,0
6,0,5,7,0,6,1,4,5,3,3,3,7,0.493,1,1,2,2,1.2,-0.572,0.0,3,-0.399,3,2,2.834,6,1,-1.624,1.99,3,1.014,3,0.511,1.0,7.08,0,0,3,0.862,4,7,5,1.28,6,3,1,0
1,5,5,1,0,0,6,2,0,6,3,4,4,3.454,4,0,4,4,0.546,3.933,0.0,2,1.213,2,4,0.005,5,7,1.424,3.37,4,-0.184,7,-1.032,-0.0,5.73,0,4,2,-2.116,5,3,1,-6.977,3,4,7,0
5,4,1,2,0,1,1,6,7,1,1,0,5,3.005,7,4,0,2,1.422,3.058,0.0,5,1.22,0,1,-0.813,6,0,1.036,2.17,0,-1.892,5,-0.247,1.0,3.47,0,3,4,2.754,0,5,4,1.412,5,5,2,0
6,1,6,2,1,3,5,0,5,3,5,1,1,4.441,5,4,1,3,4.933,7.857,0.0,6,5.666,1,3,7.988,7,3,6.514,-0.23,0,-0.2,4,5.598,2.0,4.88,7,3,7,8.011,4,1,4,5.603,0,0,6,0
4,3,7,5,0,7,1,2,6,1,2,2,3,3.968,3,1,6,3,1.811,-2.744,0.0,0,1.893,2,4,-0.302,2,7,2.898,3.99,7,0.242,2,1.644,2.0,4.81,7,1,6,7.143,1,7,4,2.533,6,2,3,0
3,4,6,3,0,5,2,1,4,0,7,5,6,2.058,2,4,4,3,1.381,2.869,0.0,2,0.672,0,3,4.185,6,7,0.552,2.99,4,-1.304,4,2.985,0.0,3.67,3,7,6,0.465,5,7,4,2.676,6,7,0,0
0,2,1,2,0,1,3,6,6,5,0,7,1,0.763,4,5,3,4,0.241,1.507,0.0,7,-1.706,3,6,-0.168,3,0,2.187,2.48,5,-0.011,1,0.8,0.0,4.75,0,1,2,-1.644,6,6,3,2.566,1,3,3,0
5,6,0,3,0,3,5,5,5,4,1,2,5,5.261,7,6,5,5,2.422,5.068,0.0,0,1.501,0,4,0.438,5,3,1.99,3.64,3,0.539,2,2.502,2.0,2.07,0,6,5,1.279,3,3,7,5.521,1,1,0,0
7,6,6,1,0,0,4,6,0,4,4,6,3,-0.87,3,3,5,7,1.605,2.743,0.0,0,2.619,5,1,1.299,0,0,0.141,3.62,7,0.256,1,1.047,1.0,4.1,4,6,4,0.156,2,1,6,0.604,3,7,4,0
1,2,1,4,1,7,2,3,5,5,5,2,3,2.426,7,2,5,7,3.46,1.301,0.0,5,2.691,2,1,3.341,0,0,3.142,2.53,6,0.263,3,3.592,2.0,3.41,1,1,3,7.142,7,3,4,1.166,0,6,6,0
2,6,6,4,0,3,7,1,5,6,6,0,6,-0.184,6,0,7,1,0.647,-2.421,0.0,2,-0.546,0,5,3.932,2,5,1.711,3.06,2,-0.01,3,0.476,0.0,4.0,2,3,1,-1.806,4,7,3,-0.47,4,3,4,0
5,1,1,0,0,4,2,5,5,4,7,3,4,0.988,7,0,3,0,0.253,2.85,0.0,2,0.857,7,0,-1.287,2,7,3.262,-0.47,7,-1.326,5,-0.749,1.0,2.67,6,1,2,-1.441,0,3,2,-1.958,0,2,0,0
1,1,4,1,0,0,7,2,0,1,6,4,4,-1.751,2,3,3,1,1.703,2.615,0.0,4,-0.316,0,5,2.0,4,6,0.956,2.73,6,1.205,3,0.457,1.0,4.81,1,3,1,-0.294,4,5,5,3.685,0,3,2,0
7,7,0,1,0,5,6,0,2,3,2,0,4,0.415,1,4,3,0,0.886,-1.284,0.0,4,0.266,5,7,2.109,2,1,1.771,0.82,0,-0.563,3,2.379,1.0,2.96,7,2,7,4.603,0,1,1,-2.024,4,1,6,0
7,3,1,0,0,3,3,1,7,0,7,7,3,0.274,7,0,5,6,0.671,4.92,0.0,3,-0.887,3,0,-1.926,4,3,2.822,1.96,4,2.059,2,0.553,0.0,4.08,1,6,4,-0.382,6,2,6,2.712,2,0,5,0
0,4,2,1,0,5,5,0,2,5,6,6,2,1.216,5,2,1,3,0.781,-2.42,0.0,0,1.151,7,6,0.017,3,6,2.668,5.09,3,2.499,7,2.336,0.0,4.64,2,3,2,-3.79,4,0,0,1.821,0,1,3,0
6,3,7,3,0,1,5,0,3,7,3,0,1,-3.46,2,3,6,3,0.469,1.465,0.0,6,0.909,4,5,-2.113,1,7,2.369,2.04,6,-1.014,6,0.04,-0.0,5.18,2,6,1,1.136,2,5,4,-3.051,5,6,5,0
1,1,4,3,0,3,3,2,3,5,5,0,1,3.558,1,4,3,4,0.77,-0.661,0.0,7,0.145,3,4,-0.349,0,7,0.766,2.9,7,-0.828,1,1.126,1.0,0.39,1,7,1,1.149,0,4,2,1.184,7,5,2,0
2,3,5,2,1,6,4,0,7,5,7,4,2,4.533,6,3,0,3,2.438,1.913,0.0,2,4.085,7,2,0.84,1,5,2.633,1.38,5,0.412,6,2.351,1.0,3.85,6,5,2,4.737,3,5,3,0.624,0,6,3,0
1,5,3,7,0,2,3,1,2,7,3,1,0,0.265,6,6,7,6,1.239,5.585,0.0,7,0.212,0,2,4.002,3,1,-1.09,1.72,3,1.218,0,0.562,1.0,6.0,6,4,7,0.659,6,6,7,0.938,0,1,7,0
6,2,0,4,0,1,5,7,4,3,3,7,1,3.5,3,2,4,4,0.76,-0.37,0.0,3,1.131,0,6,-0.85,1,4,-0.052,3.28,3,1.133,0,0.269,0.0,4.59,7,4,0,4.189,3,4,3,2.993,4,4,4,0
1,4,7,3,0,4,7,7,1,1,5,5,4,3.775,5,7,0,3,0.194,-0.318,0.0,5,0.193,3,7,3.362,5,4,1.598,2.14,1,1.077,4,0.642,1.0,3.1,0,2,7,2.207,0,1,2,3.118,5,0,2,0
0,0,2,0,1,3,4,5,0,4,7,6,7,-1.578,7,3,3,1,4.29,2.937,627.2,6,5.034,2,5,4.227,2,7,4.885,3.86,1,0.636,0,3.531,2.0,6.24,7,7,3,2.661,4,7,3,5.563,7,7,4,1
2,3,4,2,0,3,4,5,7,7,2,0,6,1.558,5,1,1,7,0.106,-1.455,0.0,5,-1.453,6,0,1.508,4,4,-0.122,2.1,4,-1.124,5,-0.045,-0.0,4.89,5,1,4,-1.355,5,3,1,4.208,2,2,4,0
7,3,3,5,1,5,1,6,3,2,3,3,7,4.014,7,4,4,0,5.087,5.258,0.0,6,5.561,2,3,5.395,0,4,2.776,2.73,2,-2.384,6,3.646,2.0,4.18,4,2,2,4.313,2,6,7,5.955,1,1,1,0
1,7,0,5,0,0,5,4,5,3,1,1,5,-0.43,1,3,5,3,0.321,5.177,0.0,6,-0.192,2,3,2.179,5,1,2.011,2.28,0,-1.61,4,-0.133,1.0,4.59,5,5,3,-2.743,4,5,2,3.515,7,7,5,0
5,1,6,1,1,6,1,5,4,2,1,7,3,4.031,3,4,2,3,3.847,1.899,0.0,5,4.224,2,5,3.396,1,7,1.358,2.25,3,-0.196,2,3.829,2.0,6.43,7,5,5,2.436,3,0,4,4.349,5,7,2,0
6,2,4,3,0,0,4,4,1,2,5,2,5,2.146,3,1,4,2,2.959,4.57,654.14,5,2.274,1,1,3.353,4,1,1.409,4.41,4,-1.356,1,2.521,2.0,8.07,0,6,5,1.183,5,2,4,3.764,2,7,7,1
5,3,5,6,0,0,4,0,3,6,1,1,1,2.865,6,7,0,6,2.295,2.315,0.0,1,2.285,7,7,1.254,2,4,3.152,1.63,1,0.696,6,1.776,2.0,5.65,4,2,6,-1.026,0,4,0,3.945,4,6,6,0
2,2,0,7,0,1,6,5,0,0,6,1,5,2.83,1,6,6,4,2.142,0.391,0.0,5,3.443,1,3,1.058,2,0,3.6,3.68,0,-0.652,4,3.293,2.0,4.69,5,3,2,-2.062,4,0,1,4.497,2,3,6,0
1,5,3,2,1,7,7,6,2,7,0,6,1,3.082,7,5,1,5,4.166,4.39,0.0,3,4.569,3,4,7.945,4,2,4.469,5.33,3,-0.439,7,3.44,2.0,3.34,0,4,5,5.242,7,4,3,4.856,7,2,5,0
0,1,4,5,1,3,6,1,5,7,1,5,6,5.521,3,1,7,6,2.05,3.885,729.91,2,2.969,6,2,0.622,0,4,2.747,4.08,7,-0.858,3,3.455,1.0,8.77,4,0,5,2.066,7,6,2,5.601,5,6,6,1
7,1,4,5,0,2,5,4,0,7,3,1,5,1.751,3,1,6,7,0.099,-4.712,0.0,0,3.558,2,7,-0.501,5,0,1.213,1.79,1,0.652,7,0.41,1.0,3.85,3,3,2,-1.067,5,4,6,-2.477,2,3,1,0
3,4,7,4,0,6,3,3,2,5,5,4,3,1.593,7,7,0,2,1.981,1.657,0.0,0,2.992,5,4,1.054,5,6,2.398,3.18,0,0.964,1,2.286,0.0,2.26,6,3,6,-0.021,3,2,1,-1.828,5,6,6,0
7,5,5,5,0,3,3,6,4,6,5,0,4,-2.241,4,4,7,5,0.995,0.085,0.0,0,1.166,3,3,1.105,6,4,2.156,3.49,1,-1.007,5,1.451,1.0,4.47,0,2,6,-2.349,4,5,7,1.959,7,5,5,0
4,2,4,3,0,5,3,3,0,5,0,0,5,6.908,0,0,1,5,1.176,3.955,0.0,0,1.011,3,2,-2.105,4,3,1.727,2.22,0,0.206,3,0.844,1.0,6.34,5,3,0,0.083,6,5,1,3.272,1,0,7,0
6,0,0,7,1,0,1,6,2,5,4,0,7,3.329,0,1,4,4,4.079,4.207,212.48,3,2.15,1,1,1.235,1,4,4.753,4.77,3,1.411,3,3.432,2.0,8.62,2,0,7,1.984,0,3,4,3.769,4,1,2,1
2,6,4,1,0,7,6,4,0,4,1,7,4,3.341,7,7,1,6,1.156,-1.697,0.0,7,0.633,1,0,-0.029,0,3,2.353,3.79,4,0.115,4,0.855,2.0,5.98,0,3,7,1.461,1,0,5,1.378,3,6,4,0
0,1,5,4,0,5,3,3,3,6,7,6,6,-2.54,7,4,2,5,0.565,-0.031,0.0,2,-0.776,1,6,5.547,3,6,1.278,3.59,3,-0.543,3,2.197,1.0,4.73,4,4,2,3.025,1,2,1,1.569,7,1,3,0
4,3,7,1,0,3,2,6,0,6,6,7,2,0.979,0,5,1,1,0.601,0.998,0.0,1,0.868,3,1,2.299,3,3,1.489,2.08,1,-0.835,6,1.614,1.0,4.25,2,7,6,-1.766,5,4,3,3.23,1,6,1,0
5,4,2,1,1,7,3,2,1,3,5,6,1,3.535,2,3,1,2,4.625,4.93,0.0,3,4.705,5,6,5.318,5,6,7.227,1.93,2,0.342,5,4.804,2.0,3.69,3,7,1,6.081,2,6,5,10.206,0,3,4,0
5,7,0,1,1,1,6,1,1,1,6,2,7,6.49,2,0,0,7,2.311,4.778,0.0,7,0.051,7,6,2.057,3,0,2.174,3.05,6,1.796,0,3.233,1.0,5.48,7,4,6,4.038,4,0,4,0.059,7,0,6,0
6,5,7,5,0,3,3,6,7,5,7,4,6,4.074,5,3,5,5,0.186,-1.071,0.0,2,-1.033,5,2,0.241,5,4,-0.322,1.58,3,0.656,7,1.298,1.0,4.51,2,3,4,-3.313,7,7,0,2.247,6,3,3,0
6,2,2,5,1,3,2,2,4,1,4,1,1,2.667,5,7,6,6,2.174,0.891,0.0,6,1.031,3,4,0.85,3,5,0.21,4.68,1,-0.611,6,1.53,2.0,3.49,2,1,3,-2.124,6,6,4,2.059,3,5,0,0
6,6,5,6,0,2,7,2,6,5,4,7,2,0.589,4,5,7,5,0.327,2.898,0.0,6,0.795,1,1,2.811,4,7,-2.31,3.67,5,0.459,5,0.571,0.0,2.37,3,4,3,-2.06,1,5,4,-0.623,3,2,2,0
3,1,1,7,0,2,5,2,2,6,2,3,0,0.512,4,3,4,5,0.61,-1.543,0.0,7,2.598,7,3,0.38,0,2,1.691,3.69,7,-0.574,5,0.143,-0.0,2.15,6,0,6,3.069,2,2,1,2.686,3,2,6,0
1,1,0,4,0,2,3,3,4,6,3,5,2,-5.192,3,7,1,5,0.409,1.412,0.0,1,0.421,2,5,0.923,4,2,0.776,3.46,6,0.211,6,0.428,1.0,6.45,3,0,7,3.485,7,3,5,0.928,7,2,5,0
7,7,7,5,0,2,1,3,0,4,4,7,4,1.429,3,5,3,4,0.862,-0.724,0.0,4,1.284,5,2,-1.032,4,2,0.991,4.77,6,-0.875,0,-0.207,1.0,2.0,7,4,6,-1.13,4,6,1,-1.296,5,7,6,0
6,0,5,5,0,4,4,4,5,0,7,6,6,5.266,3,2,5,6,1.721,4.251,0.0,3,2.047,5,6,2.341,2,7,2.555,3.23,3,-2.014,1,1.781,2.0,6.15,6,4,4,3.719,0,0,5,4.212,5,1,3,0
1,0,2,5,0,5,5,4,4,2,1,4,7,-2.061,7,6,1,7,0.8,0.67,0.0,5,1.085,5,4,0.587,5,6,2.306,1.41,2,-0.381,3,0.213,1.0,4.27,7,0,5,2.15,4,4,0,1.889,6,0,6,0
0,5,6,7,0,1,6,5,7,6,3,6,1,0.073,1,3,2,1,1.617,2.894,123.86,6,1.635,7,7,4.789,3,1,-2.312,3.35,2,0.078,5,2.145,1.0,7.88,3,1,6,1.661,3,7,0,1.379,5,6,5,1
4,1,6,2,0,5,6,1,2,1,4,6,6,0.548,6,7,1,6,0.144,0.472,0.0,0,0.923,5,2,-1.58,6,5,0.535,6.15,1,-1.079,6,0.09,0.0,2.55,4,2,1,3.469,4,5,1,-0.029,3,2,5,0
3,4,6,5,0,5,7,0,6,4,7,6,6,1.937,5,3,2,6,1.38,1.452,0.0,3,-1.555,5,0,-2.3,7,7,-0.3,4.36,1,-1.639,2,0.556,0.0,5.97,5,6,6,-7.164,7,1,0,-1.028,1,5,0,0
7,1,6,6,0,7,0,7,4,7,0,1,1,1.009,2,3,7,6,1.213,3.145,0.0,4,1.7,5,2,2.966,6,6,-0.99,-0.28,4,1.048,4,2.203,1.0,2.91,4,0,7,1.655,5,0,6,0.419,7,5,1,0
4,2,0,2,0,4,5,2,4,1,6,4,6,0.602,2,4,0,5,1.004,0.485,0.0,4,2.537,4,7,1.731,7,0,1.724,3.1,0,0.739,5,0.693,-0.0,6.84,5,6,0,1.076,3,7,0,1.858,2,5,7,0
4,0,5,2,0,3,3,4,1,7,2,0,5,1.038,3,3,6,2,-0.198,-2.566,0.0,2,-1.515,7,2,0.063,2,5,-2.242,1.94,3,1.103,6,0.352,1.0,5.2,1,0,4,1.665,5,2,5,3.062,1,7,3,0
5,4,0,4,1,1,2,5,4,7,6,1,0,7.739,0,0,4,0,3.824,6.974,314.36,5,3.674,1,2,4.806,7,0,3.946,3.25,1,0.216,2,3.531,2.0,7.44,0,4,2,3.59,5,7,5,0.227,5,3,7,1
3,3,0,1,0,1,2,0,1,6,5,3,6,4.637,3,6,5,7,2.145,-2.4,0.0,6,3.055,2,2,-0.75,6,1,0.804,0.72,1,-0.134,2,1.722,1.0,3.1,4,0,4,1.07,0,0,0,-0.873,3,2,3,0
2,3,2,1,0,2,1,7,4,3,1,0,0,-0.061,2,7,7,0,0.79,2.446,0.0,5,2.633,6,3,-2.502,4,3,-0.817,2.48,4,0.946,6,1.276,-0.0,3.89,0,0,3,1.455,5,0,3,-1.745,5,1,2,0
2,4,1,5,0,7,4,1,3,7,4,6,2,0.464,0,5,2,3,1.319,-1.475,0.0,1,3.155,6,6,-2.973,3,4,-1.454,1.64,5,1.007,6,1.218,2.0,3.19,6,6,3,0.876,1,6,4,4.667,2,0,0,0
7,4,0,6,0,5,6,4,0,1,6,0,1,3.042,7,3,1,4,1.881,2.533,0.0,5,0.371,0,3,3.137,2,7,4.048,1.43,5,-2.284,4,1.576,1.0,5.01,4,6,5,3.985,4,0,0,1.951,2,3,0,0
5,2,3,3,0,2,1,3,2,6,1,2,1,-3.887,3,6,2,0,0.762,-0.935,0.0,3,-0.052,5,7,2.631,6,7,-0.061,3.32,1,1.532,0,1.608,0.0,3.54,4,7,0,1.744,2,1,0,2.143,5,5,4,0
0,5,6,0,0,2,1,2,2,1,4,3,0,2.398,1,7,3,5,0.824,-0.858,0.0,6,-0.505,5,5,1.78,3,6,0.039,3.08,3,-0.052,0,1.235,1.0,3.42,6,6,0,-1.944,2,7,3,0.285,1,0,3,0
3,3,4,1,0,1,5,6,6,4,2,5,0,0.348,1,4,7,5,0.688,6.078,0.0,0,-0.651,6,6,-0.866,1,4,2.649,3.44,1,-0.003,2,-0.808,0.0,3.21,3,3,7,-2.75,1,2,6,0.749,0,6,3,0
7,6,0,5,0,7,0,7,1,5,1,2,7,-1.882,1,3,2,6,0.929,-2.021,0.0,4,1.251,3,0,-2.126,1,1,1.76,1.35,3,-0.091,0,0.681,1.0,3.14,5,7,0,-2.043,6,7,3,2.37,7,5,3,0
1,1,6,3,1,4,1,7,0,4,7,6,3,1.699,7,2,2,0,2.845,0.898,0.0,3,1.468,4,5,5.254,5,1,-0.001,3.44,4,-1.326,0,2.006,2.0,2.75,5,1,7,4.179,4,1,1,1.055,3,0,2,0
0,2,2,3,1,2,2,6,3,1,3,5,5,2.492,1,6,5,5,3.629,6.0,0.0,4,2.344,3,4,1.776,2,2,1.967,4.01,3,3.208,4,3.103,2.0,8.04,0,4,5,7.243,6,4,2,8.771,3,3,4,1
4,2,2,6,0,1,7,4,5,4,5,4,1,1.257,4,2,6,3,1.203,2.566,0.0,2,1.312,4,6,2.049,1,3,1.655,0.49,7,-1.145,5,1.23,1.0,-0.0,3,5,5,5.927,0,1,6,4.276,1,4,6,0
5,7,3,2,0,4,2,4,2,2,1,7,1,4.015,1,4,0,6,1.332,-0.992,0.0,6,2.257,7,4,6.481,3,2,1.931,3.01,6,1.25,7,0.668,0.0,4.83,3,2,1,0.705,2,1,6,-3.438,7,6,3,0
6,3,4,5,0,0,6,3,2,3,3,3,2,0.242,2,4,2,1,0.148,-0.974,0.0,1,-1.824,2,4,3.23,1,4,-1.538,2.46,4,0.274,7,0.379,-0.0,2.55,4,1,2,-2.68,6,3,4,2.551,5,4,6,0
7,0,4,6,0,2,6,4,3,4,7,4,2,0.917,4,4,5,6,0.466,1.334,0.0,1,0.572,5,6,-1.02,2,5,3.141,1.95,6,-0.225,0,-0.183,-0.0,1.61,1,4,6,4.663,4,4,2,0.908,2,1,2,0
2,4,5,6,0,1,5,3,7,4,0,0,2,5.016,5,6,5,7,1.076,-0.475,0.0,4,1.946,0,7,2.581,5,0,1.879,0.75,6,-2.504,0,1.273,0.0,2.18,2,6,5,1.438,7,5,1,1.754,1,3,6,0
0,1,0,5,0,7,4,5,6,4,3,6,6,0.395,6,4,0,3,1.974,3.281,0.0,7,2.399,1,4,0.237,4,6,3.149,2.73,3,-0.222,0,2.442,1.0,4.31,4,5,4,4.535,0,7,3,3.06,7,0,6,0
3,7,7,3,0,7,4,6,1,1,2,5,0,2.202,7,1,5,7,2.265,-1.993,0.0,2,1.915,5,6,1.036,1,6,3.45,3.37,3,-0.567,4,2.019,0.0,4.01,4,4,7,-0.304,3,5,3,1.937,5,0,7,0
6,3,1,3,0,7,4,6,0,3,2,1,6,3.088,6,6,6,1,0.19,2.0,0.0,7,0.983,7,4,1.631,3,4,0.882,2.0,4,0.835,6,0.811,-0.0,5.54,5,4,1,-0.179,7,4,7,1.631,1,3,5,0
5,1,6,3,0,7,6,5,5,7,0,6,0,-2.004,0,2,5,5,0.649,0.931,0.0,3,-0.356,5,7,3.155,2,1,0.042,4.35,7,0.022,0,0.918,1.0,5.13,7,1,1,-0.044,6,3,4,1.39,6,3,6,0
0,6,0,5,0,6,2,3,2,3,0,4,5,0.636,0,1,5,0,2.05,0.015,0.0,5,1.001,0,0,3.475,1,6,4.706,0.7,5,-0.695,1,1.364,1.0,5.63,2,7,6,4.31,3,1,5,4.174,3,0,7,0
0,2,5,7,0,2,6,6,0,2,5,6,4,-0.733,4,4,1,2,1.278,1.62,0.0,4,0.32,1,0,1.431,1,4,2.768,2.19,1,-1.429,3,1.599,1.0,1.66,5,0,3,2.072,5,3,2,-0.006,3,6,3,0
2,3,4,1,1,1,6,3,7,6,7,5,3,4.63,0,6,0,3,3.099,3.087,0.0,0,2.579,5,7,0.139,6,0,1.863,3.09,3,-1.38,6,2.528,1.0,3.71,3,2,2,0.749,5,7,7,3.267,6,6,4,0
3,3,4,2,0,2,1,1,1,7,1,4,7,1.129,7,3,6,7,0.957,2.697,0.0,0,-0.417,6,5,-0.859,2,2,2.268,3.13,3,-0.362,1,0.718,0.0,5.77,2,3,6,-1.991,5,4,1,0.663,0,1,2,0
0,3,7,4,0,1,4,6,7,4,5,5,2,-2.713,2,4,6,0,1.322,0.826,0.0,1,-0.567,5,2,1.497,1,3,-1.058,3.7,1,-0.84,6,0.747,0.0,2.72,6,7,2,-0.305,3,6,0,4.136,3,0,4,0
3,6,3,0,1,7,4,2,6,3,3,6,7,-0.077,2,7,2,2,2.75,3.452,0.0,4,1.713,2,1,4.226,1,4,0.63,5.56,0,-1.443,4,1.823,2.0,4.15,3,2,5,-0.438,3,4,1,0.329,0,4,2,0
1,7,5,5,0,6,7,4,5,0,2,0,1,2.084,3,7,7,3,2.815,4.482,0.0,4,1.936,7,1,2.697,0,1,1.793,3.13,3,0.034,7,3.302,1.0,2.0,2,7,0,2.167,2,4,0,5.59,7,1,1,0
4,7,4,1,0,5,0,0,0,5,6,5,1,0.014,7,5,4,7,1.345,2.273,0.0,0,1.661,3,1,-2.152,7,0,0.281,3.49,5,-0.024,3,1.146,0.0,2.49,3,5,1,0.744,5,7,5,3.437,2,0,5,0
2,7,2,2,0,3,5,2,0,3,4,3,2,0.999,6,2,5,2,0.875,1.41,0.0,7,0.809,7,2,1.73,6,2,1.922,3.7,0,0.41,6,1.309,0.0,3.21,5,1,6,0.36,4,2,1,1.046,0,2,7,0
5,5,0,6,0,4,2,4,1,3,1,3,5,-0.172,7,1,7,3,0.402,2.242,0.0,7,-0.965,3,5,-1.33,5,4,0.568,0.84,4,0.044,2,-0.583,0.0,7.24,4,2,4,-0.118,4,6,3,0.463,2,0,4,0
6,5,3,6,0,3,2,4,1,1,2,7,6,-0.629,4,2,2,5,1.257,2.056,0.0,1,-0.902,6,3,-0.261,6,2,0.865,3.11,5,-0.61,6,1.352,0.0,4.46,6,5,6,4.509,4,1,3,2.674,7,4,2,0
6,1,2,0,0,4,7,0,2,0,1,3,7,5.631,0,1,3,6,0.684,7.339,0.0,5,0.111,0,2,-1.488,3,6,1.658,3.47,5,0.781,0,1.007,1.0,7.16,7,5,2,1.509,2,3,5,2.757,1,4,7,0
2,6,6,4,0,2,4,5,5,4,0,4,6,2.519,4,1,3,5,1.878,-1.926,465.82,4,2.461,6,0,1.577,4,1,0.721,4.51,3,-0.763,6,1.143,2.0,9.18,3,0,6,1.276,0,3,1,-0.682,2,2,5,1
2,5,5,1,0,4,0,6,1,5,2,0,4,0.4,4,0,0,4,1.167,-2.876,0.0,5,0.623,0,5,4.656,7,7,-2.106,3.21,1,0.639,2,0.187,0.0,6.82,3,0,5,-0.122,1,2,7,0.545,7,5,0,0
4,2,5,4,0,3,1,4,7,4,3,6,6,-0.914,3,7,7,3,0.801,-1.598,0.0,5,1.458,4,4,2.23,4,0,2.212,4.31,6,0.379,5,1.088,1.0,3.39,1,5,1,4.446,3,1,6,3.745,6,5,0,0
6,2,3,3,1,4,1,3,4,7,0,7,7,4.628,5,3,0,6,3.052,6.747,0.0,7,4.393,6,0,3.667,1,1,1.925,5.81,0,-0.509,6,3.854,2.0,5.55,6,7,2,5.93,2,4,1,2.684,0,2,2,0
7,2,7,5,1,5,7,4,5,2,7,2,7,9.573,1,5,1,0,6.201,4.776,471.75,3,7.403,5,2,9.338,3,1,4.254,4.38,7,-0.778,3,5.907,4.0,4.7,4,3,5,9.664,6,5,2,8.392,3,3,1,1
6,6,7,3,0,6,3,4,1,5,4,3,7,1.585,6,3,7,7,0.333,-1.192,0.0,7,-0.356,0,4,0.25,3,3,-0.68,2.76,7,0.171,4,0.647,0.0,3.55,2,6,3,-4.839,6,6,4,-0.679,3,7,0,0
6,2,0,5,0,6,6,6,1,2,7,4,2,1.424,4,5,2,3,1.05,-1.384,0.0,1,-0.117,1,2,-0.637,0,7,0.279,1.25,6,0.921,6,2.421,1.0,1.95,6,0,4,-2.046,2,2,6,3.147,2,3,0,0
6,5,1,6,0,5,3,5,6,3,5,0,6,2.598,4,3,3,0,1.713,1.908,0.0,5,2.224,6,0,0.909,7,2,-0.474,3.69,2,0.901,7,1.989,-0.0,6.64,6,7,7,0.271,3,2,5,0.629,5,7,4,0
7,7,2,2,0,6,0,2,3,7,5,2,0,-0.076,1,5,7,0,0.927,1.835,0.0,7,-0.519,0,7,1.797,0,4,0.285,4.24,5,0.121,3,1.165,-0.0,4.15,5,6,0,1.404,7,3,6,-0.724,4,5,4,0
0,1,1,4,0,6,0,5,3,6,5,2,3,5.568,7,1,1,7,2.923,3.179,0.0,7,4.541,0,5,4.174,1,4,3.322,4.38,7,0.504,4,2.679,1.0,2.5,4,1,6,1.67,4,6,6,0.797,4,2,1,0
2,2,2,6,0,5,1,7,4,1,1,2,4,1.119,7,0,4,5,1.042,-2.687,0.0,0,-1.352,6,7,-1.414,5,2,0.491,3.21,4,-0.335,1,1.894,0.0,5.75,4,4,6,0.444,3,1,5,2.203,7,2,0,0
4,4,2,7,1,4,2,3,5,4,5,5,3,4.07,0,3,5,2,2.011,3.102,0.0,3,3.255,4,6,2.527,1,3,2.067,4.82,1,-0.751,5,2.492,1.0,3.29,5,0,6,1.06,4,6,2,2.178,4,3,2,0
7,2,3,0,0,7,6,6,0,1,3,1,4,3.391,3,4,3,4,1.326,-0.654,0.0,2,1.131,0,0,1.565,1,1,2.783,1.15,0,1.196,6,0.95,1.0,1.79,4,3,3,4.33,2,0,3,2.973,0,5,0,0
5,3,2,2,0,0,2,4,2,2,4,6,0,3.093,2,5,3,0,2.36,1.627,0.0,6,2.609,6,5,0.311,6,0,0.917,1.42,4,-0.906,6,1.125,2.0,1.22,6,7,5,-0.616,5,0,7,-0.598,5,3,5,0
6,4,2,3,0,3,4,3,2,1,7,5,4,-0.521,7,7,0,1,1.18,0.64,0.0,3,-0.193,0,1,2.488,0,3,2.593,1.7,1,-0.313,5,0.538,1.0,3.72,6,5,6,1.539,3,1,7,-0.486,2,7,5,0
3,5,2,7,0,0,1,2,2,6,1,2,4,-5.372,4,5,5,3,-0.198,-0.354,0.0,3,1.171,5,2,-4.852,1,5,-0.669,5.24,3,-0.295,4,0.299,0.0,2.11,2,6,5,-2.481,1,2,1,-1.329,0,7,6,0
0,5,3,1,0,1,0,0,2,5,7,0,2,-1.548,4,5,5,7,1.693,1.824,0.0,4,0.176,5,6,1.724,3,7,-0.545,3.47,6,-0.864,4,1.818,1.0,5.2,4,1,4,4.911,1,1,4,3.243,4,2,6,0
3,4,7,1,0,2,7,2,7,0,1,3,0,2.684,5,3,2,0,1.02,5.385,0.0,6,0.672,3,3,0.807,1,1,2.616,6.24,4,-0.972,0,-0.419,0.0,4.01,3,7,4,0.368,6,6,6,4.513,2,1,6,0
1,7,5,6,0,1,4,2,2,7,2,7,1,-1.238,2,1,1,2,0.247,-0.541,0.0,1,0.788,2,1,2.142,4,4,-1.32,1.34,2,-0.874,0,1.025,1.0,3.22,1,7,1,0.694,7,4,5,3.141,2,1,4,0
0,2,6,5,1,0,3,0,3,7,4,5,3,3.761,3,1,4,1,3.008,2.423,249.38,2,3.412,4,1,4.785,4,5,2.508,4.63,5,-0.786,7,3.092,2.0,6.71,0,4,2,3.523,5,6,4,4.798,7,4,5,1
6,1,7,1,0,3,2,2,7,2,2,2,1,3.326,0,4,4,3,1.642,0.332,0.0,0,0.613,0,6,-0.581,0,7,-1.931,4.65,2,0.115,1,1.434,2.0,4.79,4,5,7,0.227,4,7,6,-0.0,6,5,4,0
0,1,1,4,1,7,6,4,0,0,5,2,0,2.432,7,5,1,0,4.139,8.505,0.0,5,2.975,1,1,1.204,4,5,4.398,2.81,1,-0.375,6,4.646,2.0,5.17,5,0,4,5.461,1,2,3,3.031,6,4,5,0
0,6,3,7,1,3,2,6,7,5,7,1,2,7.009,5,1,5,3,4.851,5.042,0.0,1,4.889,4,6,6.433,7,2,3.426,5.18,0,0.644,6,4.48,2.0,7.91,0,7,7,3.593,2,6,6,3.223,2,4,6,1
3,2,6,0,0,3,0,1,2,6,4,6,0,-0.219,7,5,6,6,0.312,4.379,0.0,7,1.279,0,1,-1.499,5,1,0.338,1.41,1,0.318,3,0.566,0.0,5.65,6,1,4,-2.883,1,2,2,0.686,7,5,2,0
7,2,2,1,0,4,6,1,2,1,1,7,4,2.045,4,6,1,0,-0.002,-1.285,0.0,6,0.095,6,0,-3.427,4,3,1.116,3.63,2,0.039,1,-0.054,0.0,4.15,6,4,2,0.661,3,5,3,-1.328,6,5,6,0
5,7,1,2,1,4,5,7,3,2,6,6,3,3.418,4,4,6,6,3.397,2.608,0.0,1,4.045,6,7,-0.325,6,6,3.913,2.44,3,-0.325,5,3.486,2.0,5.15,0,7,0,2.008,2,7,3,2.21,6,0,1,0
3,7,4,6,0,4,4,0,3,5,3,7,2,-1.069,6,1,6,2,0.567,0.377,0.0,0,0.914,2,7,-0.431,0,6,3.017,1.34,6,-0.93,5,0.548,0.0,3.71,7,0,2,-0.371,0,4,3,3.273,2,4,4,0
7,4,6,7,0,2,1,6,3,4,1,3,0,2.386,4,0,6,5,1.901,2.187,0.0,2,1.515,4,3,-2.554,3,5,1.863,4.58,6,0.288,5,1.495,1.0,4.78,5,1,4,-0.017,5,3,6,4.13,1,7,3,0
2,6,2,6,0,4,6,6,5,4,4,2,6,-0.859,6,3,1,3,0.128,-3.505,0.0,0,1.468,2,3,-3.814,2,1,-0.869,4.36,1,-0.325,0,0.0,1.0,5.18,0,3,3,1.588,2,4,7,0.273,0,5,6,0
0,2,2,1,0,6,1,3,4,7,3,4,0,-3.56,0,2,2,4,0.032,2.294,0.0,2,-0.372,1,3,-1.452,5,6,1.291,5.36,5,1.894,5,-0.506,1.0,1.63,6,4,2,4.504,4,4,4,0.253,6,6,4,0
1,7,5,5,0,5,1,6,2,0,1,2,6,2.734,3,0,2,5,0.758,-0.449,0.0,0,0.768,6,2,2.179,3,0,-0.206,3.34,3,-0.468,4,0.74,0.0,3.37,0,7,4,0.084,3,5,7,3.7,3,6,5,0
0,1,0,2,0,7,5,1,6,7,4,7,5,0.944,2,0,6,5,1.432,-0.031,0.0,3,0.424,0,1,5.483,6,0,4.16,3.85,7,-0.056,0,1.597,2.0,6.37,1,6,4,1.532,2,6,6,-3.224,5,1,2,0
4,1,6,0,0,0,0,7,0,2,6,6,4,-0.034,2,1,4,0,0.423,1.121,0.0,0,1.641,2,4,3.013,7,2,-0.537,1.45,4,0.159,4,1.512,0.0,6.74,3,6,2,5.437,1,5,2,-1.725,6,5,7,0
5,5,7,6,0,1,4,7,1,2,6,6,4,2.67,0,1,6,5,2.501,3.251,0.0,5,0.539,1,4,3.227,0,3,3.778,4.02,3,-0.421,5,3.415,1.0,3.54,1,1,3,0.634,5,6,6,3.893,4,2,7,0
1,4,6,4,0,3,7,4,3,5,2,6,7,-1.793,4,4,3,3,1.407,-0.179,0.0,7,0.692,7,0,-2.255,4,3,3.184,3.65,2,-0.632,7,1.882,1.0,4.49,7,7,7,-1.713,2,2,1,-2.637,4,1,4,0
0,5,6,7,0,3,4,1,2,0,6,4,6,3.093,7,6,2,0,1.335,4.895,0.0,7,1.476,2,6,-0.984,0,5,3.31,6.0,7,-0.936,1,2.134,2.0,5.01,3,4,5,-0.073,3,4,2,-0.051,1,2,7,0
4,3,1,0,0,0,6,4,2,1,6,7,4,2.731,4,3,6,3,0.161,3.781,0.0,2,1.944,1,5,-0.011,0,5,-1.536,1.6,4,-0.494,5,1.592,-0.0,4.52,4,4,4,4.085,0,5,1,5.034,7,0,1,0
5,2,1,2,0,6,5,2,5,7,4,6,2,-1.732,5,6,0,2,0.454,1.666,0.0,6,1.473,1,1,-1.31,5,7,-1.046,4.59,7,0.271,4,0.837,-0.0,2.83,7,2,4,0.622,0,6,1,-1.764,5,6,4,0
7,2,3,1,0,1,2,1,5,6,7,6,2,3.84,0,7,6,0,0.977,0.059,0.0,4,-0.614,3,0,2.536,5,2,0.709,6.42,7,0.241,6,1.241,1.0,3.55,3,6,2,1.336,7,7,4,-0.72,6,4,2,0
2,1,6,2,0,2,5,1,2,0,2,3,7,-2.552,2,5,1,1,0.54,1.859,0.0,1,0.809,4,3,-3.624,6,3,0.019,2.58,7,0.96,6,1.033,1.0,1.17,0,5,2,-0.293,4,1,4,0.026,7,3,1,0
1,7,3,3,0,2,7,6,0,4,7,1,5,2.112,7,3,6,0,0.51,1.89,0.0,4,2.179,3,4,-1.096,0,6,0.546,3.23,5,1.093,4,1.691,1.0,3.36,7,6,5,0.257,2,6,5,3.04,7,4,0,0
3,1,3,7,0,7,6,2,6,0,6,1,0,-0.982,3,5,2,6,0.24,-3.429,0.0,4,0.116,6,1,-6.991,1,0,0.369,1.21,6,2.142,2,0.251,1.0,7.93,1,4,4,1.947,1,5,7,-1.153,2,3,4,0
2,0,0,2,1,3,7,1,0,5,7,5,0,2.56,1,6,5,4,1.638,1.431,0.0,1,2.222,7,0,3.366,2,5,3.132,3.32,5,-0.181,0,2.378,1.0,-0.41,2,4,3,2.596,2,6,0,-1.266,6,6,2,0
5,1,1,2,0,4,6,6,7,6,7,6,1,-0.794,3,1,4,4,1.829,-0.336,0.0,6,1.445,2,3,-0.049,7,4,1.871,-0.11,3,-1.351,7,1.121,1.0,3.64,2,6,5,-0.682,0,4,0,0.505,6,1,2,0
0,2,4,1,0,2,3,3,1,3,1,0,7,0.9,7,4,0,5,0.906,3.574,0.0,3,-0.732,6,1,1.572,3,6,1.538,5.1,7,-1.279,5,1.646,1.0,5.45,1,5,4,1.688,3,4,7,-1.849,6,6,7,0
1,6,1,0,1,1,4,6,1,4,5,0,1,2.39,2,7,4,2,2.99,-1.49,0.0,5,3.631,5,3,4.574,4,1,1.803,1.75,6,-0.032,7,2.787,2.0,4.03,0,7,2,6.472,7,6,3,0.688,0,3,6,0
0,6,1,0,0,2,1,7,4,2,4,7,3,0.33,4,3,1,3,0.392,-0.075,0.0,6,-1.033,5,5,-0.248,0,4,1.384,3.17,3,-0.441,5,1.074,0.0,6.48,1,1,5,-6.261,4,0,2,-1.716,3,6,4,0
1,7,3,7,0,3,7,0,1,2,0,5,6,-0.311,1,2,6,4,-0.507,0.169,0.0,5,-1.919,0,4,2.62,5,4,0.999,4.39,0,-1.136,3,0.951,-0.0,5.22,3,1,3,-3.057,6,0,2,-1.359,7,7,2,0
0,0,7,4,0,3,6,2,1,4,3,2,3,-2.46,1,0,4,1,-0.205,3.511,0.0,0,0.71,0,2,0.565,3,5,-0.432,3.12,3,0.728,4,0.739,1.0,2.89,3,4,6,-0.542,5,1,7,-0.955,5,6,7,0
0,2,1,7,0,4,5,4,0,3,5,1,2,1.152,6,3,4,6,0.687,0.195,0.0,2,0.407,2,1,3.459,3,3,1.552,2.95,5,0.007,5,2.053,-0.0,3.01,2,4,4,4.284,5,2,5,4.116,2,0,5,0
1,0,2,6,0,1,3,0,4,5,5,3,2,0.716,5,0,7,6,1.109,2.166,0.0,0,0.385,1,7,4.786,0,1,0.398,3.56,1,0.328,5,0.576,1.0,1.99,2,6,0,3.189,1,0,5,-2.9,2,3,0,0
6,0,4,2,1,6,4,5,5,7,5,3,1,7.094,5,4,1,7,2.324,2.057,611.22,6,4.232,3,1,1.258,0,2,4.881,2.51,1,0.611,4,2.089,1.0,7.72,4,5,0,3.019,7,3,0,-1.585,4,3,6,1
3,1,5,0,0,5,6,7,4,1,7,7,7,-2.559,6,2,7,1,1.804,1.567,0.0,7,-0.035,0,7,3.569,0,3,2.593,4.66,6,0.971,6,1.325,1.0,7.48,3,0,7,3.673,4,3,5,5.619,2,0,5,1
5,7,1,0,0,0,1,1,5,5,5,7,1,-1.232,7,4,4,3,1.471,4.343,0.0,4,2.446,6,3,3.991,6,4,3.02,2.67,5,1.57,1,2.008,0.0,2.55,4,6,7,5.459,5,3,4,-3.89,1,0,3,0
1,4,6,5,0,1,7,2,1,4,7,2,6,2.071,4,6,7,7,2.964,0.078,0.0,3,1.006,0,4,6.149,4,4,3.732,2.82,7,0.251,4,2.803,1.0,1.14,3,5,4,2.277,5,2,6,3.918,6,5,7,0
7,2,6,2,0,7,2,7,1,2,6,5,6,-0.168,6,6,5,3,1.222,2.995,0.0,1,-1.092,2,5,3.511,7,1,2.504,3.76,0,2.216,4,1.446,0.0,5.57,4,1,2,-1.197,4,3,4,-0.765,0,0,6,0
1,2,5,3,0,1,0,6,4,2,3,2,7,1.016,7,2,5,0,1.519,2.827,0.0,6,1.732,0,4,-1.888,6,0,2.849,4.49,4,-0.113,0,0.391,1.0,2.76,4,4,6,0.931,4,6,1,1.896,6,0,5,0
2,6,2,0,0,4,0,6,3,4,7,1,7,-0.438,0,7,4,3,1.046,2.605,0.0,5,3.507,5,0,2.264,4,7,1.251,3.05,2,-0.429,2,1.875,1.0,4.95,4,6,3,-1.12,1,1,5,2.833,4,5,1,0
2,2,7,4,0,7,4,5,2,7,5,5,3,1.042,3,1,2,2,2.954,0.379,0.0,6,2.392,0,2,0.454,7,6,-0.543,2.99,5,-0.274,0,2.713,2.0,3.91,2,2,7,0.256,2,1,5,2.797,3,3,2,0
2,6,3,5,0,2,3,3,1,7,7,1,4,2.474,2,6,6,7,0.974,-3.594,0.0,4,-0.685,7,7,1.864,3,7,2.136,3.68,2,0.086,7,0.974,0.0,2.45,6,5,3,0.601,5,2,7,-3.51,3,1,1,0
7,1,4,5,0,5,2,0,6,7,3,4,1,0.754,1,1,5,1,0.36,-2.642,0.0,5,-0.124,5,5,-2.28,5,2,1.202,2.58,1,0.573,7,1.142,-0.0,3.9,6,5,0,4.044,4,5,2,0.327,4,6,6,0
3,0,4,2,1,4,3,7,1,1,6,2,2,5.027,3,6,0,3,2.592,1.719,257.27,2,4.089,3,1,3.994,2,3,1.734,3.95,6,-0.894,2,3.484,1.0,9.4,7,2,4,1.305,3,7,2,1.416,2,2,2,1
1,2,1,6,0,4,1,2,5,2,5,3,6,-0.235,4,0,7,6,1.811,3.075,0.0,2,1.315,1,6,2.226,3,1,-0.215,5.84,2,0.476,5,1.691,1.0,6.04,1,0,0,4.85,1,2,5,4.755,6,5,1,0
0,3,5,0,1,5,6,4,2,4,4,1,0,5.787,0,0,5,0,4.369,3.458,746.87,7,5.641,0,7,2.18,4,0,6.632,3.48,4,0.428,7,5.047,2.0,6.04,2,6,5,4.152,3,1,7,4.809,7,4,1,1
1,6,5,1,0,1,4,4,1,3,6,1,1,4.338,2,1,0,4,1.982,5.544,0.0,5,2.206,0,3,2.817,4,2,0.622,3.06,6,1.437,3,1.763,1.0,2.56,0,6,6,2.985,3,2,0,-4.378,2,6,2,0
5,2,0,3,0,7,2,3,2,0,1,7,4,-1.33,7,2,4,2,0.411,0.151,0.0,7,-0.234,1,2,2.044,5,2,0.527,3.26,7,-0.121,3,1.105,0.0,5.4,7,4,3,1.749,3,2,0,1.11,6,2,2,0
4,2,5,7,0,0,0,6,2,0,1,1,2,2.594,6,0,2,3,0.898,5.129,0.0,6,1.42,7,2,-0.154,4,5,1.431,2.13,3,0.328,0,1.756,1.0,5.52,4,4,2,-0.137,1,7,4,2.302,2,5,6,0
5,1,0,3,0,2,3,2,1,6,6,7,2,1.557,5,7,2,0,1.056,-2.321,0.0,5,1.253,1,4,2.634,0,2,-0.466,1.51,5,0.612,2,2.186,1.0,2.67,4,0,1,0.954,3,3,7,-1.169,7,0,7,0
2,1,2,3,0,5,7,2,2,0,3,7,5,4.15,3,0,1,1,2.265,1.218,0.0,6,1.402,7,0,0.248,7,1,2.313,5.17,3,-0.952,1,1.99,2.0,3.76,2,4,0,1.311,3,4,0,-0.893,3,6,3,0
4,6,5,2,0,7,5,1,6,5,5,0,2,-2.776,4,7,7,0,1.015,-2.653,0.0,0,1.364,6,3,-0.996,0,4,0.934,3.29,2,0.933,5,1.151,1.0,3.28,3,2,6,2.155,7,5,5,1.828,1,4,5,0
5,2,5,3,0,0,4,0,6,7,3,4,3,0.173,4,6,6,1,1.446,4.064,0.0,6,3.383,3,5,0.845,5,0,0.218,1.38,5,-0.261,5,1.6,1.0,2.5,3,6,3,4.0,4,4,7,3.535,5,3,2,0
5,1,7,4,0,7,3,4,1,2,2,1,6,0.95,0,3,2,0,0.444,1.832,0.0,7,1.575,6,4,3.253,4,5,2.899,4.9,4,2.163,0,0.364,1.0,5.48,4,3,5,-0.073,2,3,3,0.725,2,5,6,0
6,5,4,3,0,7,4,4,0,7,5,1,2,0.918,3,0,0,7,-0.503,-0.746,0.0,1,0.127,7,6,3.049,6,2,1.94,1.58,4,-0.872,1,0.921,0.0,3.45,5,7,1,3.132,7,6,4,0.631,6,4,1,0
7,7,5,6,1,7,4,3,7,2,5,2,2,2.332,3,3,1,0,2.116,3.809,0.0,7,3.288,2,4,6.328,3,7,3.633,2.42,5,0.157,4,1.986,2.0,1.72,3,6,3,6.042,5,5,3,1.26,7,3,7,0
6,3,7,5,1,0,7,0,1,4,7,4,7,4.731,0,3,4,0,4.033,0.683,190.99,2,3.098,4,0,5.079,2,6,4.17,5.31,3,0.817,4,3.525,2.0,4.65,1,0,4,1.163,1,3,2,3.657,3,5,5,1
0,2,7,7,0,3,1,1,1,1,6,2,2,2.892,2,0,6,3,1.056,1.768,800.11,0,0.124,1,5,0.33,3,5,1.955,6.49,5,0.456,1,1.008,1.0,6.34,6,0,0,4.143,4,6,0,0.404,6,3,0,1
3,1,5,6,0,7,5,1,4,2,7,5,1,-0.564,6,6,7,1,0.715,0.372,0.0,2,0.347,4,3,2.088,3,6,1.765,3.6,5,-1.573,7,-0.776,2.0,4.97,1,4,7,1.531,6,4,7,-0.344,1,5,7,0
6,7,3,2,0,3,7,3,3,4,2,5,2,-2.603,1,4,3,5,0.442,0.22,0.0,3,1.44,2,4,1.011,1,1,1.569,4.49,1,-0.015,6,0.174,1.0,2.17,7,2,0,-2.64,3,6,1,-0.116,1,5,1,0
0,7,7,1,0,5,6,6,1,6,5,5,4,-4.117,1,4,0,6,-0.392,1.777,0.0,5,-0.432,2,0,-0.391,6,3,0.486,2.95,0,-0.668,7,0.986,-0.0,2.97,0,7,2,-3.426,0,6,6,-1.654,6,5,5,0
7,6,6,4,1,0,6,4,0,0,3,6,7,3.426,5,0,7,1,2.557,3.851,0.0,6,2.086,4,5,2.454,0,3,2.609,3.57,6,-1.627,7,3.04,2.0,3.4,7,6,3,2.273,2,6,0,5.577,1,0,5,0
1,3,6,5,1,3,7,2,1,4,0,6,5,3.866,3,2,7,3,3.4,2.005,0.0,1,3.044,3,0,3.115,4,3,2.614,2.55,3,-0.359,4,2.98,1.0,2.9,6,2,0,5.99,5,3,7,4.748,2,6,4,0
5,5,0,0,0,0,3,1,5,4,6,5,3,4.93,3,1,7,4,0.118,-1.306,0.0,6,0.735,5,0,2.479,3,5,0.015,3.34,3,-0.059,3,0.255,-0.0,5.19,6,5,6,-0.885,5,6,7,2.302,1,1,4,0
2,2,6,1,1,3,0,7,3,5,0,0,0,2.509,5,2,5,3,2.548,0.653,0.0,2,2.103,4,7,3.397,7,2,3.459,2.95,1,-0.223,3,2.256,2.0,3.99,6,1,6,4.366,0,1,2,0.513,5,3,0,0
7,3,1,3,1,2,7,7,6,0,7,6,5,9.603,7,2,7,5,6.053,5.491,226.94,2,6.052,3,3,2.297,0,3,5.585,1.77,6,-2.585,0,7.614,4.0,6.95,1,3,0,4.097,2,6,2,5.358,4,2,5,1
2,1,4,2,0,4,6,1,0,2,3,7,4,-1.256,1,5,4,0,1.832,-3.344,0.0,0,0.404,5,1,1.58,7,4,3.821,4.43,6,0.839,0,2.137,1.0,4.76,7,4,4,4.233,0,1,3,5.623,2,3,1,0
3,3,3,6,0,7,1,0,2,6,7,4,4,4.628,0,1,2,6,2.093,1.082,0.0,0,1.525,2,0,3.843,7,2,5.37,0.92,1,-0.754,5,1.571,0.0,5.96,1,5,6,2.162,4,7,5,-0.064,2,6,0,0
6,7,7,6,0,7,4,0,6,5,1,1,5,0.621,2,6,6,0,1.816,3.758,0.0,7,2.251,4,1,3.035,4,7,2.054,2.65,3,1.292,3,0.968,1.0,3.77,2,0,7,-3.179,6,4,2,0.676,4,6,5,0
3,7,7,6,0,6,0,5,0,2,1,5,6,-0.356,2,7,4,2,1.037,-0.901,0.0,4,1.997,4,7,0.565,7,6,2.998,3.91,1,1.197,7,0.941,2.0,0.81,6,0,7,1.126,6,6,1,1.408,7,0,5,0
6,2,5,7,0,6,5,5,4,0,7,1,3,2.024,7,5,1,3,2.327,5.677,0.0,3,1.651,1,2,-0.089,0,2,2.476,2.22,0,0.593,3,3.124,1.0,5.46,2,6,5,3.058,0,6,1,0.32,4,0,2,0
5,1,4,1,0,4,3,3,6,7,0,6,5,1.546,7,4,5,2,1.982,0.871,0.0,7,1.493,3,4,0.117,0,7,1.665,3.2,0,3.177,5,1.605,1.0,2.73,7,0,1,4.758,4,2,7,5.438,0,1,1,0
2,1,0,1,0,7,3,4,1,6,3,1,3,-2.271,1,1,0,5,0.52,-1.093,0.0,4,-0.639,2,0,2.953,3,7,1.731,2.22,5,0.355,4,1.743,1.0,2.12,3,0,4,3.14,4,7,1,0.22,7,4,5,0
7,4,1,1,0,3,5,0,5,1,5,4,0,4.926,3,0,1,6,2.765,-2.277,0.0,3,2.095,1,2,5.314,3,6,3.306,1.78,6,0.006,7,2.484,1.0,4.44,6,5,4,4.582,7,5,1,-0.984,5,0,7,0
4,0,3,0,0,1,6,7,4,6,1,7,7,5.425,5,0,6,1,0.602,-2.672,0.0,1,0.246,6,3,0.036,7,5,0.551,1.97,3,-0.108,1,0.154,0.0,1.82,7,3,4,0.8,2,2,3,3.855,0,7,6,0
6,7,2,1,1,1,7,6,6,0,4,4,6,4.087,5,0,4,2,4.805,4.963,283.52,4,5.201,5,7,4.175,1,1,4.448,5.17,6,-0.198,7,4.014,3.0,5.89,5,7,0,6.196,3,3,6,7.09,1,6,4,1
2,2,5,0,1,3,3,7,7,2,0,4,3,6.331,1,1,4,6,3.077,0.699,0.0,0,2.234,6,4,1.14,0,4,4.511,5.85,4,0.983,5,2.951,1.0,2.97,5,4,3,0.593,4,4,2,3.016,3,6,4,0
3,2,4,0,0,4,1,5,7,0,7,0,3,1.336,7,2,5,3,0.761,0.415,0.0,0,-0.626,7,4,-1.268,2,3,1.415,3.26,3,2.217,4,0.912,-0.0,5.7,6,2,7,-5.444,7,5,1,-0.934,5,0,2,0
1,2,1,2,1,6,4,0,6,6,5,3,3,-0.522,1,1,3,1,1.23,-0.03,0.0,5,1.01,2,7,-0.048,5,5,2.799,3.72,0,1.17,5,1.357,1.0,6.96,4,1,0,3.72,7,4,4,0.714,2,2,5,0
0,0,4,3,0,2,3,0,3,5,6,7,0,-1.233,1,2,3,3,0.912,0.222,0.0,6,-0.272,7,0,-0.644,6,0,5.104,0.83,2,-1.142,5,1.457,1.0,4.8,0,4,6,-1.857,1,2,2,-5.25,5,7,1,0
2,2,0,5,0,1,1,4,7,0,1,5,3,-0.739,4,5,2,6,0.076,0.649,0.0,0,2.861,0,6,1.423,4,7,-0.053,4.17,0,-1.078,1,-0.038,2.0,4.31,1,4,2,0.972,5,6,7,3.632,4,3,2,0
0,7,1,3,0,5,4,4,0,1,2,5,1,0.691,3,3,4,6,1.501,0.318,0.0,5,3.645,5,7,-0.757,7,3,0.536,5.14,3,-1.034,7,2.008,1.0,4.51,0,7,4,-1.179,6,3,0,3.013,2,0,4,0
7,6,1,4,0,2,4,5,3,4,0,1,3,0.145,5,3,7,6,0.779,1.565,0.0,0,1.021,1,1,1.977,1,5,-2.826,3.02,6,0.157,0,0.126,-0.0,-0.44,2,4,3,-0.045,6,4,5,-2.158,4,1,6,0
2,4,5,7,0,1,7,0,5,7,0,0,6,0.419,5,7,7,5,1.737,1.747,0.0,2,0.895,1,5,1.865,5,5,0.011,2.99,7,-2.494,4,2.169,1.0,6.68,2,6,0,0.099,6,3,2,3.324,1,7,1,0
6,0,4,5,0,2,3,1,7,1,5,2,3,-3.672,1,1,1,2,0.516,2.026,0.0,1,-0.446,6,0,-3.4,1,6,-2.86,3.86,7,-0.029,5,0.54,1.0,2.78,3,1,0,0.627,0,5,6,0.66,5,4,4,0
5,5,7,5,0,5,0,4,5,5,2,1,1,-0.166,7,6,5,4,1.244,-0.271,0.0,5,0.386,3,3,3.73,2,3,0.405,2.95,5,1.166,7,0.523,1.0,0.17,4,2,2,-2.206,6,5,1,2.108,1,2,6,0
3,3,1,1,1,3,2,6,3,0,4,0,5,2.46,5,6,4,4,2.774,1.548,0.0,6,4.857,2,6,7.617,5,4,2.945,3.79,0,1.296,4,3.527,2.0,4.41,4,4,0,4.113,7,2,7,1.129,3,7,5,0
2,7,3,4,0,3,3,3,6,5,5,4,3,-1.872,2,3,6,5,1.32,-0.518,0.0,5,2.085,1,4,2.413,6,7,-1.339,1.92,5,-0.368,7,0.313,2.0,2.99,1,2,0,-4.043,5,1,6,1.553,4,2,4,0
4,0,7,1,1,5,2,2,3,3,0,6,1,2.652,0,7,1,7,2.759,2.317,0.0,0,1.846,5,5,-0.107,0,0,2.443,4.65,0,1.135,0,2.777,2.0,8.62,7,6,4,4.502,2,0,7,-1.249,7,1,6,1
0,5,3,1,0,3,7,3,2,7,3,1,7,3.954,2,5,0,0,0.808,2.174,0.0,5,-0.246,3,1,-2.725,5,3,2.117,3.87,6,-0.951,6,0.912,0.0,4.33,0,7,1,-0.442,6,3,1,3.384,5,0,5,0
0,2,2,3,0,2,2,5,4,6,1,4,5,3.171,0,1,5,0,2.482,5.585,0.0,2,2.92,5,6,3.277,6,1,1.88,5.02,5,-0.158,2,2.998,1.0,2.54,4,5,3,3.44,4,1,5,1.555,7,0,4,0
3,4,0,1,0,4,6,3,2,0,2,0,4,0.014,7,4,6,1,0.227,1.93,0.0,4,-1.052,2,2,0.919,1,5,0.243,2.71,1,-0.247,3,1.46,1.0,3.11,0,4,2,2.895,4,4,3,2.656,0,7,0,0
0,5,6,4,0,0,0,5,0,3,7,6,0,-2.222,0,6,4,7,-0.269,3.555,0.0,6,1.598,1,6,-0.124,2,1,0.991,2.91,5,1.41,6,1.905,1.0,1.88,7,5,0,3.32,3,3,7,-0.132,4,6,4,0
7,5,5,3,0,4,3,1,3,5,3,5,4,-0.096,1,2,1,3,0.148,0.862,0.0,2,-1.171,5,0,0.979,4,5,-0.308,3.1,0,0.251,1,1.067,-0.0,6.61,1,4,6,-2.058,7,6,2,-0.407,0,2,6,0
3,5,6,3,1,1,0,1,4,5,0,2,3,4.547,4,2,5,2,3.25,1.296,0.0,1,2.644,0,6,4.498,1,2,4.446,1.57,7,-0.191,1,3.248,1.0,3.64,1,2,4,1.457,0,3,1,0.845,5,6,2,0
4,2,1,4,0,1,6,3,3,5,0,5,5,4.029,6,7,1,3,-0.067,2.474,0.0,4,0.135,2,7,1.802,3,5,-0.333,1.18,3,0.763,2,-0.483,-0.0,2.83,0,4,4,1.878,5,2,3,1.857,3,6,5,0
1,1,7,5,0,2,4,5,6,4,4,1,4,1.403,3,5,1,3,0.547,0.151,0.0,7,0.783,1,1,-1.839,0,1,-0.035,4.13,0,-0.272,7,-0.109,-0.0,4.22,0,3,5,-0.548,3,4,4,-1.537,1,3,3,0
4,4,6,1,0,0,7,4,2,4,0,3,1,3.995,3,2,5,7,0.952,2.122,0.0,7,1.46,1,2,-0.062,6,7,3.739,2.9,1,-0.118,7,2.828,0.0,4.62,5,4,2,3.158,6,1,7,2.982,4,0,3,0
1,5,3,7,1,2,5,1,7,0,3,3,0,3.885,1,7,0,6,3.322,3.812,0.0,3,3.684,7,4,5.641,5,6,5.713,5.21,3,0.387,7,2.973,2.0,7.8,6,4,5,5.345,7,4,4,2.709,0,4,3,1
7,7,5,0,0,0,6,2,4,2,7,0,1,4.723,1,0,5,7,1.112,3.327,0.0,1,1.573,0,4,-0.566,5,7,2.843,0.77,1,-0.943,1,1.411,0.0,0.78,1,3,5,3.154,2,5,0,-1.425,6,1,4,0
0,4,6,5,1,4,3,2,7,2,3,1,4,2.036,2,1,2,7,2.522,2.445,588.05,1,1.536,0,3,3.31,6,2,3.354,4.73,1,1.874,0,2.821,2.0,5.0,7,5,6,3.365,0,3,1,1.65,4,7,6,1
6,3,2,1,1,4,3,3,7,2,0,2,3,3.571,3,6,2,2,2.853,-1.28,0.0,3,4.153,3,4,2.341,5,1,3.836,2.06,3,1.675,6,2.153,1.0,6.06,5,3,2,3.609,2,7,5,1.502,0,3,1,0
2,3,6,3,0,3,2,3,0,2,0,2,7,1.934,4,7,7,5,1.617,3.06,0.0,6,3.093,2,0,5.492,1,0,2.112,4.36,2,0.043,2,0.44,1.0,1.87,4,0,0,3.096,1,2,6,0.895,3,7,0,0
0,2,1,4,1,6,0,7,5,0,1,0,1,3.538,5,4,5,6,1.632,1.589,0.0,0,2.798,0,0,-1.962,7,5,2.955,0.56,1,0.021,2,1.147,1.0,4.34,4,5,3,1.947,5,4,3,-1.264,0,3,7,0
7,1,4,1,0,4,5,5,1,5,4,4,1,0.769,7,6,1,5,1.016,-0.788,0.0,1,0.584,5,6,1.5,4,1,1.868,3.84,7,0.856,4,1.264,0.0,4.12,0,4,7,-3.435,3,0,4,-0.739,6,1,3,0
1,6,0,6,0,1,1,3,0,0,5,7,6,3.034,5,0,4,5,2.13,1.858,0.0,3,4.04,7,2,1.441,6,4,2.183,2.6,7,1.801,1,1.628,1.0,3.57,5,7,7,5.078,7,2,0,4.133,3,3,4,0
7,0,1,6,0,5,1,3,3,7,1,1,6,-2.346,4,5,6,1,0.973,1.13,0.0,5,2.806,0,1,-0.392,6,0,-0.558,1.5,7,0.188,4,2.614,1.0,3.03,4,1,4,-0.393,0,5,5,1.667,1,6,4,0
1,7,2,6,0,3,3,2,0,2,1,3,0,2.879,6,3,0,3,1.003,1.038,0.0,1,0.612,1,2,1.888,6,7,0.424,3.56,3,1.914,6,0.466,1.0,5.83,0,2,4,3.797,2,0,2,-1.912,6,4,2,0
0,7,2,1,0,0,2,5,2,1,3,2,7,3.137,0,4,3,7,0.872,4.423,0.0,5,2.071,6,5,-0.001,7,5,3.849,2.92,3,-0.251,1,0.261,1.0,5.4,3,6,0,1.113,7,3,4,1.806,6,3,1,0
1,6,6,0,0,2,1,4,2,0,2,4,0,1.328,7,2,3,2,0.819,1.871,0.0,5,3.305,4,6,4.453,0,0,-0.234,0.97,5,-1.794,7,-0.163,0.0,3.77,4,7,2,-0.873,7,2,1,1.574,2,1,2,0
2,6,0,3,1,3,4,4,5,1,7,2,5,1.397,4,2,2,2,3.036,2.914,0.0,0,2.709,6,3,6.461,7,1,2.091,1.97,6,-0.449,0,2.787,2.0,3.52,4,3,7,0.979,6,3,2,6.681,6,1,3,0
5,1,7,7,1,3,6,5,5,0,5,6,4,5.964,1,1,4,0,4.266,7.868,313.21,4,4.181,0,2,5.002,1,2,3.592,3.68,2,-1.178,6,4.477,3.0,4.94,2,6,4,4.148,2,4,4,4.294,0,3,6,1
1,2,6,3,0,0,5,6,2,3,0,5,6,1.096,1,2,5,7,1.548,0.907,0.0,4,0.996,2,3,-0.484,4,4,1.699,1.95,7,-0.266,4,2.2,0.0,3.06,6,0,2,2.686,6,0,5,2.391,7,5,5,0
0,3,1,0,0,0,4,1,1,6,5,3,2,2.738,5,7,1,7,0.797,3.852,0.0,5,0.544,4,2,3.219,0,7,-0.589,1.89,4,-0.407,3,1.324,1.0,4.47,1,0,3,5.233,3,2,4,-2.011,2,1,5,0
0,2,4,0,1,6,7,7,3,5,7,1,6,6.162,3,1,4,5,5.888,5.077,0.0,4,8.345,7,1,1.216,4,3,4.771,4.84,0,-0.621,5,5.317,4.0,8.02,7,5,6,4.19,2,1,3,7.489,3,3,5,1
7,3,6,7,0,5,6,1,5,7,3,1,4,0.855,3,4,6,3,2.061,1.072,287.64,0,4.139,2,7,-1.046,6,5,2.398,3.22,3,0.291,1,1.856,2.0,8.24,2,5,3,-3.23,1,2,0,4.362,6,0,7,1
3,2,5,7,0,6,4,6,3,1,1,2,6,-1.235,6,2,7,7,0.592,0.733,0.0,0,-0.064,3,4,3.012,5,0,1.979,5.28,4,-1.471,3,1.149,1.0,0.19,3,2,7,0.309,7,1,2,-0.587,5,3,1,0
5,6,7,3,0,2,7,2,5,4,4,5,1,-2.115,0,2,2,4,1.083,0.443,0.0,2,0.708,0,3,-3.115,4,7,1.303,2.87,5,-1.377,2,0.353,0.0,2.8,0,3,6,-1.85,1,5,7,2.531,6,4,7,0
3,5,5,2,0,2,7,6,7,6,1,0,5,2.047,7,1,2,4,2.4,1.182,0.0,2,2.233,7,4,-0.164,4,6,0.698,1.92,4,-0.833,0,2.085,1.0,5.9,1,6,7,-0.397,1,5,6,3.852,3,1,6,0
0,2,4,5,0,7,3,2,2,3,3,5,5,1.913,1,0,0,1,0.199,0.618,0.0,4,0.61,3,4,2.995,7,2,0.003,3.4,0,-0.153,2,-0.035,0.0,3.43,0,3,4,0.146,3,1,6,-1.951,6,6,1,0
2,6,6,1,0,5,4,2,1,6,5,0,7,3.51,6,2,5,5,2.384,2.911,0.0,3,4.112,0,6,0.996,3,4,0.441,4.67,1,-1.692,5,1.466,1.0,5.92,4,2,7,0.851,7,7,6,3.283,2,5,2,0
5,1,5,5,0,4,7,7,2,5,1,5,2,1.638,6,7,0,2,0.451,5.152,0.0,6,-1.333,4,6,-1.297,3,0,0.608,4.55,1,-0.593,7,1.622,0.0,5.07,1,1,1,3.359,6,1,2,0.896,3,4,1,0
4,0,6,6,0,4,4,1,2,7,6,0,7,-0.886,4,1,3,7,0.858,1.498,0.0,0,-0.443,7,7,-2.172,0,3,-0.885,3.07,4,1.432,6,-0.306,0.0,1.85,0,1,7,2.713,3,5,4,0.342,0,5,2,0
5,0,3,0,0,0,4,5,3,3,0,1,6,2.523,7,1,0,1,-0.717,3.368,0.0,0,0.664,3,7,3.063,6,3,2.432,3.09,7,0.836,5,-0.471,0.0,-0.29,2,2,2,1.495,1,1,0,0.892,6,1,0,0
4,0,7,0,0,6,0,1,5,5,4,0,3,1.246,3,2,5,7,1.613,1.996,0.0,2,3.448,7,7,3.641,4,0,4.202,4.7,1,0.764,5,2.28,1.0,5.39,3,6,0,6.056,1,3,3,-1.717,0,0,6,0
3,3,0,7,0,7,0,6,7,7,3,7,3,0.176,1,2,6,7,1.958,1.057,0.0,1,2.037,5,4,2.909,3,3,1.711,1.47,0,0.754,5,1.016,2.0,5.34,2,3,4,-0.385,6,1,0,-2.479,5,3,3,0
7,1,6,2,0,3,5,0,2,0,4,3,6,1.176,5,5,0,2,0.961,1.467,0.0,7,0.8,7,3,6.09,3,5,1.368,3.48,1,-0.746,1,0.646,1.0,2.31,0,5,7,-1.015,1,1,4,5.021,3,3,0,0
5,0,1,7,1,0,6,4,6,3,3,4,4,0.292,4,5,4,4,2.638,3.151,0.0,6,3.554,6,1,1.311,1,6,3.023,1.91,6,-0.936,0,2.785,2.0,4.79,6,1,1,2.216,5,7,2,2.081,0,6,0,0
4,0,3,2,0,7,3,4,7,2,5,7,3,3.788,6,2,1,4,0.352,-3.186,0.0,4,-0.057,1,4,1.481,2,1,-1.332,1.62,1,0.521,0,-0.422,0.0,5.99,7,1,4,2.28,3,3,2,1.155,7,5,0,0
5,3,3,5,0,0,5,3,5,5,3,1,4,4.434,7,2,1,5,0.218,4.17,0.0,6,0.667,5,4,-3.324,3,5,2.27,2.01,6,-1.116,3,-0.026,1.0,2.55,1,0,6,-1.103,2,1,5,0.558,7,6,1,0
2,0,7,7,0,4,2,2,0,3,4,0,0,0.455,1,7,3,2,0.136,0.776,0.0,1,1.258,1,6,-1.748,7,1,0.169,3.79,0,0.77,5,1.001,-0.0,3.96,3,4,7,4.503,6,2,5,-1.145,3,2,3,0
2,7,6,2,1,5,0,3,6,6,1,6,6,-0.046,4,2,5,3,5.023,-0.586,0.0,1,4.825,6,5,3.391,5,6,5.189,0.38,6,-1.023,3,5.231,2.0,3.58,7,3,7,6.1,5,4,5,2.207,7,4,0,0
6,6,5,2,0,3,1,1,2,7,6,4,6,2.903,3,1,0,7,0.836,2.978,0.0,1,-0.694,4,2,0.586,2,2,-0.779,0.94,6,-0.371,5,-0.116,0.0,4.39,2,1,1,3.032,6,6,6,-3.181,4,7,7,0
0,7,3,6,0,7,1,3,5,3,4,6,1,3.25,2,4,1,2,1.405,-0.086,0.0,4,2.574,0,0,0.298,1,7,-0.299,4.35,5,0.592,4,0.756,0.0,3.65,5,6,4,0.194,3,5,5,0.166,2,2,1,0
3,4,7,2,0,4,4,3,1,7,0,2,6,-1.791,1,3,4,5,2.01,0.391,0.0,6,1.694,0,7,0.576,2,5,1.546,2.7,1,-1.851,4,2.286,1.0,8.77,1,5,7,3.678,0,3,0,3.981,6,2,1,1
1,1,1,0,0,0,0,0,3,0,0,6,5,-0.153,1,4,1,7,1.295,6.591,0.0,4,0.727,5,2,2.518,4,1,1.36,4.8,7,0.056,3,0.212,0.0,3.27,0,7,6,2.157,3,3,2,1.957,2,3,2,0
1,2,6,1,0,1,0,6,2,2,6,2,7,0.479,7,2,4,5,0.468,3.297,0.0,4,0.999,4,7,5.11,3,1,3.335,1.68,6,0.653,2,0.792,-0.0,2.83,6,6,6,-0.989,6,2,3,1.07,2,2,0,0
1,5,1,1,1,7,5,0,6,1,1,4,0,1.407,2,1,6,7,3.098,2.581,851.82,0,3.28,2,0,7.176,2,3,2.004,3.33,5,0.681,0,4.032,2.0,4.61,4,5,6,2.991,3,4,6,7.541,4,2,2,1
4,7,1,2,1,7,6,4,5,1,2,1,5,1.72,2,3,7,7,2.511,0.995,0.0,4,3.685,5,2,2.824,3,6,-0.536,2.96,2,-0.898,4,1.918,2.0,3.32,5,3,1,0.539,2,4,4,2.281,6,1,3,0
1,3,1,7,0,2,7,7,4,5,5,5,2,0.804,6,4,4,1,0.622,1.068,0.0,4,1.352,1,1,0.42,6,7,4.288,4.8,0,-0.802,5,1.562,0.0,3.11,1,2,6,1.188,3,1,5,-0.688,7,1,2,0
1,0,2,6,1,4,6,0,4,3,7,1,3,5.414,2,2,3,5,2.534,1.828,0.0,2,1.841,4,5,4.708,2,5,1.953,3.59,1,0.952,6,3.544,2.0,4.11,4,3,3,5.874,1,2,6,0.387,6,0,0,0
7,0,3,6,0,6,6,6,7,6,6,2,0,0.385,6,2,0,2,0.676,3.023,0.0,3,-0.828,1,5,1.077,4,5,1.851,2.93,3,-0.66,7,1.012,0.0,1.99,7,1,5,4.606,3,7,3,-0.228,2,2,6,0
3,1,2,1,0,4,3,2,5,5,7,1,2,2.048,6,3,1,4,1.512,3.566,0.0,3,0.459,0,6,4.689,7,6,1.249,4.64,4,0.808,1,2.235,0.0,6.17,7,0,3,-0.051,5,7,5,0.452,5,3,3,0
0,0,4,1,0,6,1,5,2,0,1,3,2,1.272,0,3,1,2,2.045,1.704,0.0,4,0.388,7,6,2.484,5,2,2.365,3.04,4,0.034,6,1.949,1.0,2.82,2,4,4,2.566,3,7,5,1.638,0,1,7,0
1,6,5,1,0,2,2,4,2,3,1,2,2,0.666,0,0,7,4,1.989,1.338,485.05,4,2.161,4,1,6.387,1,0,5.789,3.3,2,0.383,1,2.497,1.0,6.61,0,5,2,-0.316,5,1,3,2.409,4,2,0,1
0,1,6,3,0,0,6,0,7,7,0,2,0,0.115,6,3,1,1,0.398,1.248,0.0,3,-1.092,3,7,2.147,2,2,-0.733,2.13,6,0.932,2,0.806,1.0,4.99,6,5,5,-3.181,0,7,0,-1.369,5,3,6,0
3,4,3,1,0,1,1,4,1,6,6,1,3,4.708,0,4,7,6,1.093,0.996,0.0,3,2.221,3,7,0.647,6,4,2.121,3.46,7,-0.799,6,1.255,1.0,5.03,7,1,6,1.709,4,0,1,1.383,7,4,3,0
6,5,2,1,0,6,5,5,1,1,1,0,6,-0.958,7,4,1,7,1.315,-4.069,0.0,1,1.965,1,0,3.749,0,1,3.669,3.86,0,0.71,1,0.81,1.0,3.69,2,0,7,4.866,0,7,1,3.515,1,6,2,0
6,6,7,4,0,5,3,3,5,7,1,1,0,-1.421,7,0,7,1,2.165,1.736,0.0,1,2.431,1,0,1.198,2,1,0.252,1.26,0,1.101,6,1.568,1.0,2.03,5,7,3,0.799,0,3,0,-1.126,2,2,4,0
6,5,2,0,0,7,1,3,1,0,1,7,4,-1.41,3,1,5,7,1.662,2.369,0.0,3,0.972,0,7,2.791,3,1,0.831,1.37,2,0.502,4,1.031,0.0,5.92,1,1,3,0.753,7,7,6,-2.251,1,3,3,0
3,0,4,7,1,5,5,6,5,4,2,0,6,5.118,2,2,5,3,3.769,4.303,848.43,5,4.304,1,6,6.045,1,5,3.169,2.4,4,-0.513,6,3.976,2.0,7.43,3,5,7,2.322,2,1,2,0.382,7,2,5,1
7,0,4,1,0,6,4,0,2,6,3,1,5,4.135,0,4,5,1,1.49,3.628,0.0,0,1.647,7,3,-2.39,4,7,0.006,2.65,2,0.09,2,0.993,0.0,5.33,7,4,1,5.104,4,1,0,5.586,6,2,4,0
4,2,5,6,0,4,4,3,0,5,3,5,5,0.365,2,5,4,7,-0.217,3.813,0.0,2,-0.596,4,1,2.781,1,3,1.317,0.1,5,0.067,5,0.376,0.0,5.11,6,4,4,-2.511,0,1,6,-0.718,2,2,0,0
6,1,1,2,0,5,6,2,0,7,6,6,6,0.387,0,6,2,2,-0.215,-1.35,0.0,0,0.011,7,1,-2.402,3,6,1.897,1.93,5,0.263,2,-1.027,-0.0,1.8,4,4,5,-1.087,6,3,3,-3.387,6,3,3,0
4,2,2,5,0,4,2,0,2,5,3,3,3,3.536,1,5,4,5,0.799,0.219,0.0,3,0.151,2,7,-1.389,0,1,1.957,1.81,6,0.175,5,0.786,1.0,3.02,6,0,5,1.048,5,1,6,0.191,2,3,5,0
7,7,5,5,0,3,1,0,3,4,6,3,4,-0.992,4,6,0,1,0.905,-0.682,0.0,0,-0.182,7,1,2.916,5,7,0.695,3.97,1,0.884,2,1.33,1.0,4.72,3,1,2,0.033,4,0,4,2.993,7,4,3,0
6,0,2,1,0,3,4,0,5,3,6,2,4,5.206,1,0,5,4,1.395,1.618,0.0,2,2.323,5,7,3.734,1,2,1.947,4.3,3,0.742,2,1.51,1.0,3.54,3,4,4,-2.886,5,7,4,-1.909,0,0,5,0
5,7,4,0,0,0,7,0,3,5,5,4,2,0.818,4,1,7,6,1.301,1.756,0.0,0,0.621,0,6,-0.979,6,3,2.771,2.12,6,-1.047,1,1.543,-0.0,2.03,0,5,2,3.302,0,5,4,1.153,3,5,4,0
5,1,6,1,0,4,5,3,3,4,7,4,5,-0.296,0,7,1,5,0.759,2.652,0.0,4,2.704,4,4,-0.955,7,3,2.25,5.9,4,-1.109,4,0.866,0.0,1.41,1,2,0,-3.939,4,6,7,3.028,5,6,3,0
1,1,1,1,0,0,5,6,4,6,6,4,0,-2.137,0,3,2,6,0.657,-0.893,0.0,7,-0.085,1,2,1.323,6,0,0.973,3.36,0,-0.741,2,1.076,1.0,0.55,2,6,7,1.211,2,2,5,4.865,3,2,3,0
0,2,1,0,1,6,5,3,2,4,5,7,4,6.74,2,6,4,5,4.295,2.685,0.0,7,4.514,5,4,7.081,4,4,7.749,6.05,4,1.295,2,4.537,3.0,7.01,3,1,2,1.027,0,5,6,3.19,4,5,3,1
1,6,0,5,1,5,0,2,0,5,2,7,1,4.794,4,7,2,2,3.503,8.688,0.0,6,4.128,7,0,2.622,7,0,3.149,1.19,6,-0.092,4,2.63,2.0,4.73,1,7,1,4.98,1,0,0,0.306,5,4,2,0
6,7,3,6,0,5,3,2,5,1,3,4,5,0.498,5,7,0,0,0.477,-0.771,0.0,2,1.351,4,6,2.867,6,1,0.327,3.06,0,0.01,5,0.281,-0.0,4.54,7,2,1,1.022,6,6,7,0.402,4,4,3,0
1,6,0,6,1,1,3,6,4,5,3,3,6,-0.619,6,5,5,0,1.857,0.097,0.0,1,1.671,6,7,1.387,6,0,2.854,3.02,0,-0.646,0,2.528,1.0,2.19,3,7,0,3.724,5,0,6,2.543,5,2,3,0
0,3,6,0,0,0,6,5,7,2,3,0,5,0.217,3,2,7,6,0.788,3.823,0.0,3,2.163,3,2,1.527,5,7,-0.574,0.84,1,1.639,3,1.257,1.0,4.84,7,3,6,-1.849,7,1,4,2.351,6,7,2,0
1,5,6,4,0,5,0,3,4,1,4,5,1,1.25,0,3,5,4,0.33,0.84,0.0,2,-0.068,3,1,1.789,0,1,0.029,3.75,4,-0.889,3,0.406,2.0,5.12,0,0,4,-1.33,5,6,3,-0.58,2,5,0,0
7,7,5,6,0,0,0,3,5,5,1,5,0,-1.704,1,2,5,4,0.447,2.006,0.0,4,1.918,6,1,2.244,0,6,0.555,2.77,1,0.614,6,0.676,0.0,1.88,4,0,0,-0.624,7,5,3,-0.085,5,3,2,0
7,0,1,1,0,6,6,6,7,1,4,7,0,5.804,0,2,3,2,0.301,-0.787,0.0,6,1.071,6,0,-1.678,1,2,1.163,1.89,2,-0.774,2,1.254,-0.0,1.88,0,2,2,0.173,1,6,0,3.22,4,2,4,0
1,6,1,3,0,2,6,0,4,4,1,0,5,0.555,4,2,1,0,1.127,0.046,0.0,1,0.428,1,4,-0.903,5,6,1.956,2.2,7,-0.227,0,0.609,0.0,3.91,0,4,6,0.682,3,5,3,1.648,7,7,6,0
6,3,2,3,0,3,7,2,2,1,5,2,6,1.794,4,0,6,5,2.111,0.143,0.0,6,-0.313,5,2,-0.624,7,7,2.556,3.43,0,0.153,3,2.225,1.0,2.97,2,6,4,2.346,5,1,5,5.291,0,5,5,0
6,4,1,1,0,1,7,4,3,1,2,6,1,0.216,1,6,0,5,1.191,-0.619,0.0,3,0.332,6,6,0.761,4,6,-0.978,1.99,7,-0.357,3,0.944,0.0,4.22,0,7,0,1.778,3,7,7,0.594,4,0,7,0
5,7,0,2,0,6,7,2,5,3,0,2,4,-0.468,7,5,1,5,1.894,4.413,0.0,7,1.976,5,1,-3.235,0,2,1.541,-1.54,2,-0.21,4,3.099,2.0,2.62,4,1,5,-0.174,5,6,5,4.399,4,4,3,0
2,6,0,6,0,7,5,6,1,4,6,5,0,-1.611,6,0,5,0,0.486,-1.298,0.0,2,-0.219,4,4,-3.376,3,3,0.274,3.46,5,-1.026,5,0.787,1.0,2.46,4,0,7,0.265,7,0,7,-0.136,3,2,3,0
3,1,2,3,0,1,2,5,5,3,5,6,2,1.316,3,7,7,6,1.222,-4.041,0.0,7,-0.034,0,4,-0.825,2,3,0.549,4.92,0,1.891,3,1.369,0.0,2.67,3,7,7,2.709,0,7,1,1.717,4,1,3,0
4,2,6,4,0,1,5,0,6,4,7,6,7,0.918,7,3,3,4,1.124,1.552,0.0,2,2.435,2,1,3.696,3,2,2.144,2.82,6,0.774,3,1.452,1.0,1.94,1,4,0,5.533,7,1,2,0.439,0,1,6,0
1,1,4,5,1,5,1,3,3,0,5,7,1,-0.447,2,6,7,4,3.445,2.153,708.23,0,2.834,0,5,5.816,0,5,2.286,3.26,5,-1.162,4,3.441,2.0,6.49,0,7,4,3.062,6,5,5,2.16,7,2,7,1
3,6,2,1,1,7,7,1,7,2,0,6,5,3.495,3,7,3,1,2.262,6.105,0.0,6,3.763,0,3,-0.543,4,2,2.738,2.11,2,1.432,0,3.411,2.0,3.09,5,6,1,-0.615,3,6,7,0.508,2,7,5,0
0,1,7,3,0,5,6,6,0,1,4,6,0,-0.643,6,2,2,1,3.416,5.054,559.71,5,4.426,2,0,5.721,6,7,2.236,0.39,6,2.547,6,2.213,3.0,8.66,4,4,2,3.712,6,7,4,3.268,1,3,7,1
2,4,2,0,0,4,6,5,7,1,6,0,3,0.427,3,4,7,5,0.719,-1.541,0.0,6,1.555,7,3,4.42,1,6,1.888,1.67,7,-1.045,7,0.612,-0.0,7.05,3,1,0,0.449,5,6,0,0.207,1,3,5,0
4,2,7,3,0,7,0,1,7,3,0,0,5,-3.072,2,3,5,4,1.628,-3.984,0.0,0,2.476,7,0,-1.353,1,4,1.403,1.0,5,1.866,3,2.929,1.0,5.15,5,3,5,-0.366,2,1,6,2.458,0,0,2,1
0,6,6,3,0,2,1,5,1,5,4,4,2,3.149,1,7,5,4,2.603,4.268,0.0,4,1.821,1,6,-1.1,3,4,2.466,2.91,0,-0.312,1,1.688,1.0,4.18,5,1,3,0.215,4,6,0,-2.228,6,7,0,0
4,4,1,1,0,2,6,7,0,3,6,1,1,-0.99,6,6,6,6,0.486,-1.211,0.0,1,1.022,4,0,-2.075,3,0,-1.272,1.15,6,1.186,5,0.325,1.0,4.28,4,3,2,1.223,7,6,4,3.339,0,2,1,0
5,2,6,5,0,1,6,4,1,3,5,6,6,1.163,2,4,3,7,0.513,0.71,0.0,3,-1.322,2,0,1.916,4,2,1.177,4.97,5,1.152,0,0.379,-0.0,6.53,2,2,3,-0.987,2,6,0,0.5,4,3,0,0
7,7,6,6,0,2,0,6,5,1,5,6,7,-2.135,1,3,1,5,-0.157,0.594,0.0,4,-0.206,0,5,0.77,6,7,2.211,3.35,7,1.282,1,2.032,0.0,5.9,0,7,7,-0.984,4,1,0,1.798,1,4,5,0
6,7,6,3,0,6,4,3,1,2,7,2,7,2.097,0,6,2,6,1.279,-0.251,153.3,2,0.349,6,5,4.727,7,1,1.884,4.69,5,1.404,6,1.802,1.0,7.63,2,4,4,1.622,2,5,7,-2.41,6,7,1,1
4,7,0,7,0,6,6,2,3,0,0,4,6,2.356,0,4,7,5,1.519,2.73,0.0,4,2.823,4,3,4.826,4,2,2.594,3.86,3,0.174,4,1.062,0.0,5.7,0,1,3,1.15,6,2,5,1.818,5,6,4,0
5,6,1,2,0,1,4,3,4,1,6,4,2,2.67,4,7,0,0,2.081,-0.854,205.27,3,0.83,0,1,2.828,0,6,0.181,3.96,4,0.285,5,2.33,2.0,10.7,6,2,2,-0.472,0,5,0,4.017,0,5,5,1
3,4,3,2,0,6,3,0,5,3,7,2,2,-2.395,0,6,5,0,1.296,0.312,0.0,0,1.277,7,1,0.363,4,6,-0.215,2.64,0,0.535,5,1.061,0.0,3.4,6,1,0,1.645,6,7,0,5.83,5,5,3,0
0,4,7,6,0,7,6,3,5,0,0,3,0,-1.079,0,2,5,5,0.32,0.44,0.0,4,-0.306,3,3,3.465,5,0,0.986,2.85,4,1.661,2,-0.105,0.0,2.7,3,7,5,1.746,1,4,2,-1.59,0,3,3,0
1,6,5,5,1,6,6,3,5,2,0,5,0,0.061,6,2,4,6,3.702,-0.428,0.0,6,3.66,5,1,0.883,0,0,4.728,4.68,1,-0.303,2,3.011,2.0,3.31,2,5,6,4.883,5,5,4,1.284,1,3,4,0
4,3,6,1,0,5,7,5,1,5,1,3,5,-1.448,4,3,2,3,1.71,1.024,0.0,2,1.226,5,7,1.52,7,5,0.708,4.95,0,0.903,0,1.876,1.0,2.73,4,3,5,2.182,6,4,3,0.127,3,7,6,0
0,7,3,5,0,0,2,5,5,5,2,4,4,0.469,2,6,6,6,0.819,2.963,0.0,6,2.186,1,5,2.319,7,3,-0.787,4.37,2,0.404,4,1.468,0.0,4.51,5,2,7,-0.793,0,4,5,-3.874,5,1,3,0
0,7,5,6,0,0,2,5,7,6,0,6,6,0.141,3,0,5,1,0.324,-3.501,0.0,1,2.365,1,4,0.146,5,4,-0.551,2.17,5,-0.043,1,0.2,-0.0,7.72,6,6,0,-0.02,4,6,6,3.607,0,3,4,0
7,5,2,7,0,6,3,2,1,7,2,2,2,1.195,4,7,4,1,1.157,-0.138,0.0,1,2.306,4,1,1.652,6,0,2.309,2.94,5,2.166,2,0.856,1.0,3.67,4,1,7,1.105,1,3,1,2.001,3,6,4,0
7,2,6,5,0,6,5,3,4,0,7,5,4,0.094,4,7,7,3,1.247,3.776,0.0,1,0.552,6,7,2.36,2,1,1.235,5.85,5,-0.074,3,1.352,0.0,4.56,2,0,4,1.323,5,3,3,-0.431,6,6,7,0
6,5,5,0,0,6,3,0,4,3,3,2,5,-1.023,6,2,4,6,1.241,-0.832,0.0,3,3.164,2,5,3.562,1,3,1.239,0.92,4,-0.187,7,1.89,2.0,3.81,2,5,5,1.72,3,6,5,2.797,1,5,7,0
3,0,5,6,0,2,5,7,6,7,3,0,3,0.841,1,5,1,3,1.219,0.112,0.0,3,1.529,3,3,0.471,1,1,-0.071,3.26,2,1.81,0,1.868,1.0,3.34,5,4,7,3.532,2,5,3,0.822,5,4,6,0
2,5,2,4,0,3,2,0,1,2,7,3,6,2.617,6,1,4,7,0.554,1.132,0.0,2,0.384,4,3,-0.743,7,2,0.13,3.14,5,1.342,5,0.227,-0.0,4.08,5,2,6,1.259,5,0,7,1.597,1,1,0,0
3,5,4,4,0,5,7,3,5,1,5,6,7,1.954,3,3,3,7,1.269,4.131,0.0,5,3.705,1,3,0.482,7,0,1.636,2.6,7,-0.697,0,2.145,2.0,2.61,4,6,3,3.382,3,2,7,2.235,0,0,5,0
1,0,4,0,0,7,3,3,7,5,0,7,1,-1.229,5,1,4,5,-0.115,0.226,0.0,7,-1.355,4,0,1.965,4,7,0.169,2.64,7,1.409,2,1.266,1.0,2.42,3,2,3,-1.514,2,4,3,1.427,5,6,1,0
4,6,7,1,1,1,7,3,5,5,7,0,4,2.254,3,2,3,6,2.07,1.066,0.0,4,0.875,7,4,4.232,6,7,2.53,1.25,4,1.28,1,2.289,2.0,3.51,4,6,4,3.357,0,3,1,2.864,2,0,6,0
4,0,2,5,1,6,2,4,7,1,2,7,5,3.164,2,6,7,4,2.556,0.423,0.0,3,2.842,1,6,5.942,6,4,2.529,2.83,4,2.916,7,1.652,1.0,2.98,1,0,0,-1.19,2,7,7,3.31,5,7,6,0
6,4,6,3,0,4,5,3,3,0,7,0,5,1.932,4,3,7,7,2.359,3.239,0.0,2,1.859,6,0,2.882,7,5,3.471,2.62,6,0.2,5,2.478,1.0,6.72,2,7,2,0.821,4,1,7,6.8,0,3,1,0
7,6,6,5,0,6,3,1,1,4,0,2,2,3.531,2,2,7,6,2.138,1.108,0.0,2,0.748,4,4,0.848,1,4,1.342,3.57,1,-1.36,5,3.088,1.0,2.49,7,3,5,1.847,6,0,7,1.233,5,6,5,0
2,1,0,4,1,6,5,3,7,4,7,7,7,13.553,4,0,1,1,8.947,8.907,713.93,3,9.39,5,5,10.748,6,2,9.202,5.27,6,-0.08,3,9.588,5.0,7.96,0,4,4,10.635,7,6,0,10.205,1,1,6,1
7,4,6,1,0,2,1,2,5,1,1,7,5,1.604,7,5,4,0,1.119,0.637,0.0,5,0.132,5,3,4.789,4,5,3.564,2.16,4,-0.9,7,1.442,0.0,5.37,1,7,7,3.166,3,6,1,2.813,5,5,5,0
3,4,3,2,0,3,4,4,1,4,3,0,2,3.436,4,2,0,2,0.444,1.153,0.0,4,-0.319,4,4,2.068,2,6,0.299,4.01,3,0.603,0,-0.562,-0.0,3.98,5,6,4,-0.644,2,0,2,-0.534,5,6,2,0
7,0,1,0,0,4,0,0,2,6,7,1,1,0.564,0,5,1,6,0.758,5.406,0.0,1,1.239,2,0,3.161,0,2,-0.108,2.99,6,0.319,7,0.515,1.0,7.22,2,4,7,-6.335,4,6,6,0.744,2,2,4,0
3,2,7,6,0,2,5,3,4,2,1,2,2,-1.913,1,3,3,6,0.958,0.801,0.0,7,1.381,1,7,2.367,6,2,0.707,3.17,3,-0.856,0,0.417,-0.0,4.09,6,1,5,-2.738,0,4,5,2.692,0,5,0,0
4,0,3,0,0,1,3,7,5,1,2,4,3,-0.394,1,4,4,7,0.924,0.11,0.0,5,0.258,7,6,-1.679,0,5,-0.143,3.89,3,-0.02,0,0.255,0.0,6.95,6,1,3,-1.493,7,2,0,1.255,1,3,3,0
6,4,7,3,0,4,7,4,4,0,2,3,1,1.008,5,4,0,0,0.849,0.027,0.0,4,0.555,6,5,-0.622,4,1,1.607,4.08,6,-0.032,1,0.476,1.0,0.83,6,4,6,2.703,6,5,3,-0.898,6,0,2,0
1,1,5,6,0,1,4,5,5,7,7,2,2,1.248,6,3,5,7,0.92,-1.751,0.0,7,2.144,0,5,3.271,5,2,-0.048,1.24,3,2.383,6,1.009,0.0,5.39,5,0,1,-0.449,1,1,4,2.83,1,3,5,0
1,6,2,2,1,6,0,7,0,7,7,0,3,0.381,6,4,7,6,2.745,-0.387,0.0,1,0.834,7,2,-0.544,0,6,2.89,4.12,1,0.25,1,2.9,2.0,4.64,4,0,1,2.361,1,0,6,3.506,1,4,3,0
1,2,3,4,0,3,7,2,1,7,4,3,2,-1.459,5,1,4,0,0.052,-1.607,0.0,1,0.914,1,6,2.313,3,7,1.607,3.43,0,-0.213,2,0.336,0.0,6.84,6,4,5,0.887,5,5,3,-1.935,4,3,7,0
7,1,4,7,1,0,4,6,4,0,6,2,1,1.071,4,3,1,5,4.187,-0.468,0.0,2,4.016,0,4,3.507,2,0,4.073,3.26,7,0.469,0,5.078,2.0,5.71,6,7,5,4.56,0,6,3,1.11,4,2,3,0
0,1,7,0,0,5,5,4,2,4,7,5,6,-1.62,5,4,4,5,-0.64,4.735,0.0,5,0.19,2,1,-0.518,0,6,1.155,2.42,0,0.258,0,-0.677,-0.0,2.34,5,3,3,-3.274,6,5,1,-0.259,1,7,4,0
0,1,5,6,0,0,4,6,3,4,4,1,3,0.678,4,2,2,4,1.177,0.393,0.0,6,3.37,5,5,2.202,7,2,0.742,5.8,4,-0.171,3,1.758,1.0,5.66,0,4,0,1.374,0,0,6,2.048,5,1,0,0
4,3,5,1,0,4,6,7,3,6,6,4,2,-1.136,7,7,1,1,-0.276,-0.187,0.0,6,2.56,5,0,2.152,6,2,1.628,3.05,7,2.321,4,-0.132,-0.0,4.4,3,7,3,1.113,7,0,1,-2.014,3,7,0,0
6,4,5,6,0,0,0,6,7,7,2,3,3,3.959,4,7,2,4,2.509,0.513,0.0,3,1.435,0,2,3.03,6,4,1.818,2.79,7,-0.123,5,2.521,2.0,6.99,4,6,4,1.156,1,0,2,4.089,0,3,4,0
5,0,2,2,0,5,6,7,2,2,6,6,2,-3.036,3,5,6,0,0.789,1.859,0.0,6,-1.998,1,3,1.228,2,7,0.164,2.51,5,0.085,4,0.824,-0.0,3.86,6,6,5,3.738,5,7,6,2.344,3,3,1,0
0,6,7,0,0,0,6,4,1,6,0,4,6,-0.538,2,5,2,5,0.516,-4.987,0.0,6,-1.196,1,3,-1.556,4,3,-1.271,3.01,0,-0.352,1,0.358,1.0,6.54,5,6,1,1.568,7,3,1,-0.869,4,4,0,0
6,6,0,5,0,3,4,6,7,1,6,0,6,2.081,0,7,0,7,0.819,-1.919,0.0,6,1.559,0,1,-0.48,1,1,3.156,2.78,5,-0.837,5,0.131,0.0,3.7,0,0,5,1.697,6,7,0,0.031,3,3,3,0
5,0,5,5,1,1,0,6,2,3,4,0,1,1.145,4,4,2,6,3.156,0.415,0.0,7,2.884,0,5,7.657,7,3,4.056,6.58,5,-0.554,5,3.694,2.0,4.85,2,7,3,0.809,1,5,5,6.005,6,6,0,1
4,7,2,4,1,0,6,3,1,4,5,7,4,3.114,0,0,1,1,2.556,1.311,0.0,5,3.229,6,0,-0.136,4,6,1.584,2.65,5,-1.984,0,2.712,2.0,3.99,1,0,2,1.844,5,7,0,5.517,4,0,5,0
3,7,3,6,0,1,3,2,3,0,3,1,5,5.024,5,1,5,3,2.678,5.047,0.0,6,3.105,1,1,6.849,2,5,4.118,4.34,3,-2.288,4,2.288,1.0,2.26,4,7,0,0.039,2,5,1,5.262,7,7,6,0
3,5,6,4,0,6,5,4,4,7,6,3,2,1.062,0,7,1,3,2.13,-0.668,0.0,2,1.344,7,5,3.596,1,6,0.089,4.67,3,0.878,2,2.113,2.0,3.1,3,5,7,1.537,0,7,5,2.23,0,3,6,0
0,6,2,4,0,1,5,1,4,3,1,2,4,3.332,3,5,4,4,1.642,1.838,0.0,3,1.953,3,1,3.855,1,1,2.966,3.61,3,1.084,5,2.612,1.0,2.15,4,0,1,4.081,7,0,1,2.89,6,4,3,0
2,6,0,3,0,5,1,0,2,0,2,5,3,2.87,1,4,6,0,0.802,5.115,0.0,2,0.201,4,7,3.673,5,1,0.487,4.08,6,0.298,1,0.79,0.0,5.66,1,3,4,1.529,7,4,5,-1.024,6,3,3,0
2,6,4,7,0,0,4,6,2,3,4,5,5,1.608,2,2,0,2,0.019,0.805,0.0,6,-0.19,5,0,3.04,0,5,0.624,4.67,0,-1.273,3,0.323,1.0,4.14,0,2,2,0.553,0,0,2,-0.754,5,5,4,0
4,3,2,5,0,2,0,1,5,0,5,2,7,0.861,5,2,2,2,1.364,-1.418,0.0,2,1.553,5,0,3.973,7,0,1.199,1.73,2,-0.418,1,1.249,0.0,3.62,2,5,0,2.545,4,3,3,0.917,6,7,1,0
4,2,2,3,0,4,0,5,4,1,1,3,5,-0.225,5,1,5,1,1.081,2.244,0.0,6,1.099,0,7,1.894,0,3,-2.311,1.65,5,0.005,6,1.884,1.0,0.97,2,4,7,0.485,4,4,0,4.418,7,5,4,0
0,0,3,5,0,2,3,5,3,1,5,2,5,-3.964,6,2,4,7,1.485,1.018,0.0,3,2.104,1,7,0.03,3,6,0.921,2.56,5,-1.034,2,1.415,2.0,3.77,4,7,7,3.248,1,7,7,0.348,5,4,2,0
0,3,5,5,1,1,0,1,4,1,3,5,4,2.726,2,4,4,0,3.566,2.855,0.0,2,3.916,1,5,4.215,6,3,4.166,3.42,1,-1.217,1,2.066,2.0,1.39,1,1,5,3.879,5,4,1,1.285,3,0,4,0
4,7,7,1,0,7,0,4,6,2,1,4,5,-1.629,0,3,2,3,1.355,2.239,0.0,4,-0.054,3,6,5.797,6,2,2.587,1.38,4,-0.269,0,0.937,1.0,5.62,5,7,0,6.108,0,2,6,2.192,7,0,1,0
2,0,0,0,0,0,2,6,2,3,6,1,4,2.706,2,6,4,7,1.508,3.322,0.0,1,1.133,1,1,6.281,1,5,0.29,0.89,4,-0.537,7,1.608,1.0,6.22,3,5,0,4.857,4,7,3,-1.388,2,4,0,0
4,0,5,2,0,7,0,1,7,0,6,3,5,1.67,7,3,2,7,2.604,0.387,0.0,5,2.976,0,7,3.131,2,2,2.827,0.96,0,-0.206,4,2.66,1.0,2.3,7,4,4,1.18,3,1,5,3.012,2,0,3,0
4,4,7,5,0,4,7,6,4,5,0,3,3,1.15,5,2,6,7,0.081,0.47,0.0,5,0.256,5,7,-2.002,0,3,-0.697,2.53,6,0.369,6,-0.043,0.0,3.9,7,4,7,0.527,1,0,1,2.727,1,3,4,0
1,0,4,4,0,3,0,6,5,0,1,5,3,2.427,0,6,7,4,1.645,4.388,0.0,4,4.126,0,4,3.644,3,0,0.838,4.96,1,-0.979,3,1.099,1.0,3.55,3,7,3,2.714,2,6,7,0.222,1,3,4,0
1,6,0,6,0,5,6,1,5,5,3,0,3,2.761,1,4,1,1,0.556,-0.9,0.0,2,0.972,5,1,0.594,5,0,0.316,3.81,4,-1.004,6,1.035,0.0,4.08,2,7,2,-2.284,1,7,6,4.533,0,6,6,0
0,7,2,1,0,4,2,5,7,6,1,1,5,0.307,3,4,3,2,-0.251,0.632,0.0,3,1.402,2,0,2.255,6,5,-1.344,2.35,2,-0.825,3,0.669,0.0,4.6,0,4,4,-0.238,5,0,2,-0.504,4,5,5,0
5,5,1,5,0,6,0,5,5,4,2,2,4,2.158,2,0,0,7,3.2,6.238,0.0,1,5.571,7,5,2.689,6,1,5.081,2.93,6,2.255,7,3.292,2.0,5.54,3,0,2,3.919,7,3,4,2.59,4,3,5,0
6,5,4,5,0,6,2,6,2,2,2,3,1,-0.651,5,5,3,5,-0.148,1.466,0.0,3,1.508,0,3,1.42,1,0,1.062,4.41,3,-0.346,1,1.405,0.0,2.82,0,6,7,2.159,0,0,6,-2.903,2,6,7,0
6,5,0,2,1,0,2,5,2,5,2,4,1,3.671,5,2,0,1,3.734,2.872,0.0,3,4.931,1,7,2.819,4,0,2.132,1.96,6,0.406,7,3.095,2.0,6.17,2,6,0,6.833,7,1,1,2.992,2,2,0,0
0,6,4,3,0,0,0,2,5,6,7,5,3,0.51,5,2,5,1,0.661,0.113,0.0,0,2.411,5,1,3.833,3,3,-1.052,4.06,5,1.835,1,0.079,1.0,3.69,2,2,7,3.949,1,6,0,-1.346,1,2,7,0
5,1,0,7,1,3,5,4,7,7,2,4,4,2.985,3,7,6,6,4.814,6.931,636.35,2,3.534,3,2,2.917,7,5,2.361,5.66,3,0.294,5,4.653,3.0,6.07,1,2,2,7.991,6,4,7,4.922,5,6,4,1
4,5,5,5,0,5,2,1,2,1,3,1,4,-0.16,2,5,0,1,1.518,0.916,0.0,4,-0.304,4,1,1.376,1,5,0.53,1.99,0,-0.444,3,0.999,0.0,3.59,7,1,5,2.636,3,3,0,-2.31,5,1,7,0
7,1,6,2,0,1,7,7,2,3,7,1,0,0.989,4,4,3,1,2.491,3.721,0.0,6,4.293,3,7,0.436,5,5,4.49,2.86,6,0.419,5,3.426,2.0,5.47,0,4,0,-0.813,2,4,2,4.105,7,1,7,0
3,1,7,6,0,4,4,3,3,4,3,3,3,0.612,7,5,7,3,0.416,1.301,0.0,0,0.779,5,0,3.093,7,3,1.417,0.97,5,-1.413,2,1.653,1.0,5.5,5,4,1,3.079,2,3,2,-3.493,2,3,6,0
5,0,3,0,1,7,6,2,0,5,1,3,6,0.563,6,5,6,6,2.629,1.934,771.1,4,1.277,4,4,0.208,1,6,2.399,5.65,0,1.535,5,2.013,0.0,7.57,4,6,3,4.588,0,1,7,0.327,1,2,7,1
1,4,5,7,0,3,0,7,0,4,2,1,2,2.519,2,1,7,4,1.4,0.335,0.0,0,2.211,6,2,3.157,1,1,1.626,2.23,3,1.56,5,2.393,1.0,4.27,3,4,5,1.022,6,0,3,4.157,0,6,1,0
1,7,7,3,0,1,7,2,2,4,5,7,2,-2.519,4,5,0,5,1.949,5.085,0.0,6,2.06,0,7,1.166,5,2,2.681,2.94,1,-1.1,6,1.043,1.0,3.38,5,4,0,3.637,1,4,1,1.185,1,2,2,0
2,1,2,7,1,3,5,7,6,3,1,5,2,2.379,6,0,7,4,4.814,7.402,0.0,1,4.466,0,6,7.096,0,7,5.08,6.23,1,0.328,6,3.959,2.0,4.06,3,7,6,3.692,6,0,7,6.543,5,1,2,0
0,5,7,6,0,5,0,7,6,1,0,4,7,-1.029,2,0,0,2,1.641,1.142,0.0,3,1.21,4,5,4.331,6,7,5.381,4.02,1,0.23,5,1.273,1.0,4.72,5,4,2,2.062,3,4,0,-0.891,2,6,1,0
0,5,5,4,0,1,4,5,6,5,0,2,4,3.227,1,7,6,2,1.424,3.01,0.0,6,1.759,4,3,-1.374,0,0,-1.284,4.58,4,-0.598,5,2.159,1.0,3.77,7,1,3,3.636,4,5,0,-0.1,3,3,7,0
6,4,1,1,0,4,4,5,1,3,1,2,4,1.946,0,7,6,5,0.968,0.428,0.0,5,2.137,5,2,3.916,4,1,3.163,5.41,6,1.073,0,0.008,1.0,2.15,3,1,5,-3.578,6,3,4,1.206,1,3,2,0
3,3,6,4,0,2,7,2,0,7,2,5,6,-3.49,0,6,5,7,0.543,0.523,0.0,5,0.385,3,5,-0.996,2,4,2.0,5.16,0,2.03,6,1.321,1.0,6.05,7,0,3,-3.005,4,2,4,-1.566,4,2,2,0
7,5,5,0,0,7,2,6,0,5,3,7,1,1.776,2,2,0,7,1.222,1.819,0.0,3,-0.099,6,7,2.773,0,7,-0.163,4.85,2,-1.409,7,-0.266,1.0,4.51,6,5,6,-1.766,6,4,2,-1.406,3,0,3,0
6,0,4,6,0,0,2,4,5,0,2,1,6,0.103,7,6,4,1,0.906,-2.211,0.0,5,-0.558,5,5,0.44,4,7,1.805,1.34,4,-0.372,1,-0.017,1.0,4.19,0,6,0,-0.655,1,1,5,2.93,6,7,5,0
7,7,0,3,1,1,5,2,2,6,1,6,7,0.832,4,0,5,5,3.377,-2.465,0.0,1,3.808,5,2,7.563,3,7,3.647,6.01,0,0.458,4,1.853,3.0,9.15,5,2,7,0.794,4,7,6,9.058,7,7,4,1
7,3,1,6,1,4,1,1,1,5,3,2,4,4.092,2,5,3,4,4.07,2.079,0.0,2,3.467,5,3,5.225,4,5,4.129,4.67,5,1.721,6,3.094,2.0,4.92,2,1,3,-4.133,1,3,0,4.503,3,6,4,0
2,0,6,6,0,6,2,1,4,6,3,1,6,1.281,2,7,4,0,1.333,1.574,0.0,2,0.376,3,0,0.545,5,0,1.63,2.75,1,-0.658,5,0.7,0.0,3.18,3,1,0,-1.936,1,7,2,1.532,0,0,0,0
7,1,0,6,0,0,1,4,6,7,2,6,1,1.778,7,1,1,1,1.184,-0.956,0.0,3,2.01,5,4,1.192,3,7,2.484,4.18,5,-0.497,0,1.36,1.0,3.02,2,3,6,6.658,4,3,0,3.743,2,1,0,0
0,7,0,4,1,5,6,0,5,3,2,7,6,5.914,3,6,1,4,4.958,7.241,865.08,6,5.633,1,3,8.057,7,7,5.682,4.03,2,0.096,6,5.208,4.0,6.52,2,1,1,4.802,0,2,1,5.611,5,2,3,1
7,7,1,0,1,7,3,4,0,5,3,3,3,3.495,3,4,0,7,3.671,3.346,0.0,4,2.806,2,4,4.899,5,0,3.284,4.21,6,2.21,1,3.05,2.0,-0.33,7,7,0,3.479,2,0,6,5.397,0,6,3,0
7,0,6,4,0,5,2,1,0,3,5,5,4,-0.033,0,4,3,5,-0.141,-0.42,0.0,1,0.157,3,4,4.73,1,0,-1.659,3.8,1,1.763,5,-0.228,1.0,6.25,0,4,3,0.638,5,5,4,0.776,6,4,2,0
1,2,7,0,1,6,4,4,3,6,5,1,3,5.24,0,2,5,4,2.939,0.405,74.54,2,3.893,1,6,3.132,6,5,2.153,4.95,4,2.905,3,3.335,2.0,8.59,1,2,0,0.486,6,5,7,5.646,2,6,5,1
4,6,2,6,0,6,7,1,7,3,2,3,7,6.041,2,4,2,3,2.5,0.198,0.0,2,3.045,6,2,0.805,5,7,1.305,-0.08,5,-0.918,7,1.538,1.0,3.33,4,4,5,-2.825,2,5,5,1.315,4,3,0,0
4,7,1,2,0,2,2,0,0,2,4,7,7,2.595,3,2,1,3,1.136,2.977,0.0,3,0.822,4,5,0.025,6,4,1.734,1.12,5,-1.094,2,1.158,1.0,4.94,4,5,4,-2.343,0,7,5,0.292,1,1,1,0
0,1,5,0,1,4,3,6,0,2,2,4,3,2.329,4,3,4,2,4.196,2.686,0.0,3,4.621,3,1,5.807,5,4,3.208,4.07,2,-0.251,2,4.854,2.0,1.0,7,7,3,6.12,4,5,2,4.206,7,6,0,0
7,6,0,7,0,0,3,1,1,1,2,6,0,-1.265,7,6,1,4,0.116,0.484,0.0,0,1.882,1,2,-3.726,7,4,0.113,1.86,3,0.446,5,0.216,0.0,4.9,5,5,2,-2.315,7,2,0,-0.143,0,1,6,0
0,3,4,0,0,3,6,3,5,4,2,3,6,4.78,3,5,7,5,2.246,1.649,0.0,2,1.595,2,6,4.368,0,7,1.933,3.17,7,0.534,3,2.781,1.0,5.1,6,4,4,0.704,4,2,1,3.287,5,4,4,0
2,7,0,0,0,6,5,4,1,3,7,1,1,0.221,4,4,4,1,2.682,5.84,0.0,3,3.13,5,0,4.15,4,7,2.649,3.52,6,-0.519,2,2.552,1.0,3.61,5,3,2,5.142,4,5,3,2.485,6,7,0,0
6,5,6,5,0,3,2,7,1,3,5,5,6,4.23,4,5,5,5,1.686,-1.254,0.0,6,2.209,1,4,2.042,2,1,2.917,4.73,2,1.298,2,2.446,1.0,5.97,7,5,7,3.845,2,0,3,2.664,0,4,6,0
5,7,3,2,0,2,1,6,6,5,4,5,5,0.218,6,7,4,5,2.387,4.273,0.0,1,1.135,2,2,2.086,1,5,0.024,4.05,7,-0.844,7,2.092,1.0,1.89,0,5,7,1.239,1,3,6,1.473,1,2,1,0
3,6,4,4,0,2,7,4,4,3,3,3,0,-2.592,2,1,4,5,0.4,2.864,0.0,6,-0.76,6,2,-1.605,6,3,2.278,1.03,4,0.578,2,0.412,-0.0,5.64,0,7,3,-3.258,5,4,2,1.205,1,3,7,0
6,3,3,0,1,4,3,4,4,7,5,5,0,1.399,4,2,3,0,3.837,4.708,0.0,6,2.873,2,1,4.173,4,2,4.176,1.11,0,-0.088,5,4.122,2.0,5.92,4,6,1,3.212,5,4,1,6.849,4,1,6,0
2,4,0,6,0,5,7,4,4,3,6,1,0,1.322,0,4,4,1,1.069,0.071,0.0,4,0.443,0,7,2.411,0,3,2.295,5.65,4,0.134,1,1.915,1.0,3.32,5,5,7,-4.392,3,0,6,4.821,4,7,0,0
1,4,3,2,0,3,0,0,2,3,0,7,7,-0.996,2,1,0,4,0.59,2.363,0.0,1,-0.361,6,2,-1.306,0,4,-0.667,2.33,0,-0.856,0,-0.112,0.0,5.2,3,7,3,-1.344,4,1,2,0.107,0,5,5,0
1,7,1,1,0,7,0,6,1,0,5,2,6,-1.064,0,4,0,0,0.127,4.161,0.0,5,1.575,4,2,-0.192,1,1,-1.707,3.69,2,0.326,2,0.259,1.0,2.34,2,5,4,-3.016,1,0,6,5.286,4,5,6,0
0,4,7,1,1,5,6,7,4,2,0,2,0,8.985,3,6,1,7,3.891,4.536,540.89,6,4.299,1,1,6.033,3,4,2.629,8.23,0,1.397,5,4.655,4.0,6.93,7,3,4,6.142,2,1,0,8.879,5,4,0,1
7,4,0,3,0,0,6,3,6,4,5,3,2,0.508,4,6,6,5,0.876,0.396,0.0,1,1.355,1,0,-0.411,5,3,-1.846,0.57,4,0.181,7,-0.364,1.0,3.46,0,1,3,1.635,2,1,2,4.292,2,5,5,0
4,1,7,3,0,7,6,1,7,2,6,4,0,2.526,4,2,6,7,1.614,0.616,0.0,1,1.036,2,7,-0.706,7,1,-0.871,3.66,0,-0.255,0,0.878,0.0,2.98,3,6,0,-1.848,7,7,7,0.572,3,0,4,0
4,7,4,0,0,2,4,5,1,5,1,7,1,-0.965,2,4,3,7,0.116,-2.551,207.45,4,0.158,5,3,0.423,0,7,1.237,6.62,3,1.263,5,1.275,0.0,6.17,4,3,2,2.443,6,1,3,-3.162,0,5,1,1
1,6,1,7,0,0,6,3,4,7,7,5,1,2.305,5,3,1,7,1.026,2.233,0.0,2,0.678,2,1,2.184,0,6,2.078,0.09,1,1.902,5,0.615,2.0,1.44,6,4,4,1.91,2,7,7,-2.905,3,3,1,0
1,7,5,6,0,5,2,7,4,4,7,7,5,-2.659,5,3,3,5,1.603,1.708,0.0,2,1.733,3,6,2.545,3,2,2.772,2.25,6,-0.533,3,1.531,1.0,4.52,5,4,1,1.057,7,3,0,1.926,3,2,7,0
1,0,5,1,0,7,2,0,4,7,5,0,5,3.685,1,3,3,7,1.185,4.325,0.0,5,-0.005,5,1,2.221,5,4,0.203,2.4,0,-0.157,6,2.598,1.0,4.83,1,4,7,-0.665,5,5,5,0.704,0,1,7,0
2,6,7,1,1,5,4,0,1,3,6,7,5,1.685,7,4,2,3,4.621,6.418,0.0,3,4.838,4,5,0.472,1,0,4.4,5.57,1,-0.174,4,3.822,2.0,10.17,6,5,4,3.536,7,0,4,-1.74,6,5,6,1
1,0,0,6,0,4,4,1,2,0,7,2,0,1.089,1,0,2,7,1.262,0.379,0.0,3,0.054,4,2,1.227,2,5,1.223,2.04,2,-1.176,1,0.933,1.0,2.14,3,4,3,0.554,6,4,1,5.653,5,7,6,0
3,2,3,1,0,6,6,0,7,4,1,7,2,2.673,6,3,7,3,1.605,2.203,0.0,6,2.574,4,6,0.797,2,6,3.681,3.17,7,0.202,3,2.075,0.0,9.57,5,7,3,1.476,3,1,2,3.865,3,2,1,1
3,4,7,5,1,2,1,4,6,0,1,3,0,2.749,4,0,5,5,2.731,4.774,0.0,7,1.917,7,6,1.393,0,0,0.592,4.85,2,-0.678,3,3.644,2.0,1.34,7,7,1,-0.552,3,2,0,0.103,0,1,2,0
0,2,5,3,0,0,6,1,4,7,4,3,0,-4.225,5,0,5,1,0.255,4.411,0.0,7,0.212,2,2,-0.323,1,3,1.123,3.05,3,-0.078,4,0.627,0.0,2.73,5,2,4,-0.46,0,6,4,-0.512,1,1,1,0
6,6,4,6,1,2,2,0,3,5,2,7,4,6.017,7,0,7,2,3.512,3.669,0.0,4,4.28,4,1,1.93,2,4,4.71,1.13,3,0.599,5,3.98,2.0,7.79,1,2,1,2.317,0,6,1,2.761,7,5,7,1
2,5,6,4,0,2,7,6,1,6,6,5,0,-0.469,6,2,6,1,0.856,-2.075,0.0,5,1.47,7,3,-0.455,2,4,2.662,5.39,4,-1.203,1,0.938,1.0,1.96,5,3,0,1.899,2,5,6,-4.484,1,0,1,0
1,1,3,4,0,3,1,0,1,6,3,4,2,-0.931,4,5,5,7,0.806,-2.626,0.0,4,1.008,3,2,1.682,0,5,1.077,3.72,6,-0.705,0,0.91,0.0,4.1,6,3,3,-0.968,6,5,7,-3.014,6,6,1,0
2,1,7,0,1,3,1,2,3,4,0,7,0,2.774,4,0,3,7,4.426,5.352,0.0,0,2.841,0,3,9.227,0,5,2.841,3.48,3,-0.153,1,3.841,2.0,2.96,3,7,6,4.876,7,7,0,5.388,7,1,3,0
7,3,0,1,0,0,6,4,5,2,5,1,7,-0.361,6,6,4,3,0.083,0.511,0.0,1,-1.035,5,3,-1.345,5,2,1.791,1.88,7,-1.938,0,-1.393,0.0,8.69,6,6,0,1.669,3,1,1,0.322,2,4,7,0
7,3,1,7,0,2,7,7,4,0,0,2,2,4.205,2,0,0,1,1.823,3.867,0.0,1,1.449,3,7,2.208,2,6,2.11,1.93,4,-0.475,3,2.616,2.0,6.57,5,7,3,2.643,0,0,0,-0.236,3,5,4,1
4,7,1,2,0,1,2,4,4,7,5,4,6,1.394,6,1,0,1,1.326,-1.813,0.0,1,0.275,1,6,5.203,1,5,2.861,4.03,3,0.369,5,2.268,1.0,2.42,3,4,0,0.934,0,1,7,2.194,0,2,5,0
5,4,1,2,0,6,2,3,2,5,5,0,5,1.0,2,2,6,3,2.372,4.449,0.0,5,3.828,0,0,4.086,5,0,0.93,2.22,0,-0.194,4,1.939,2.0,3.32,6,2,3,1.951,3,5,4,-0.468,6,1,7,0
4,0,1,1,1,2,1,7,7,0,4,7,6,3.945,1,1,1,3,3.253,2.898,0.0,1,2.294,0,2,2.896,1,6,3.041,4.97,5,-1.662,4,2.471,2.0,3.22,7,6,7,2.29,7,3,1,4.312,3,0,4,0
7,1,2,4,0,0,4,6,4,2,7,6,0,-2.909,6,3,2,4,0.34,1.132,0.0,6,1.246,1,5,-0.963,7,7,3.054,3.4,6,-0.197,3,0.69,0.0,4.27,7,7,6,5.793,1,7,5,1.997,6,6,0,0
2,0,4,2,0,0,7,4,6,4,6,7,7,0.821,6,3,2,2,1.548,1.004,0.0,1,1.564,7,7,1.681,1,6,2.967,2.25,4,0.612,0,1.976,1.0,4.98,1,2,0,0.671,2,1,4,-2.112,4,2,2,0
6,1,5,5,1,1,7,5,0,2,6,0,1,1.17,6,7,5,5,2.596,1.495,326.02,7,4.158,2,7,0.487,2,3,1.52,3.07,5,0.095,6,3.049,2.0,7.11,4,0,1,2.417,1,4,0,4.887,6,5,4,1
7,2,0,4,0,3,5,1,5,4,2,6,7,1.969,6,4,3,2,2.141,0.466,0.0,4,2.16,6,7,6.928,5,0,1.028,4.14,3,-0.074,4,1.458,2.0,3.17,7,5,7,1.664,5,1,0,2.469,4,6,2,0
6,3,1,4,0,5,5,0,3,4,3,3,3,3.288,4,7,5,5,0.522,5.379,0.0,5,-0.854,7,2,-0.463,6,2,0.851,1.73,7,-1.414,1,1.839,-0.0,2.63,6,7,1,1.139,6,0,7,-1.648,1,0,5,0
4,6,1,2,0,1,5,5,2,5,2,6,5,3.057,6,6,0,5,2.705,-0.388,0.0,3,0.116,7,7,0.319,7,1,1.376,3.41,6,0.158,2,1.852,1.0,3.32,6,6,5,4.498,5,2,6,0.528,5,5,7,0
2,2,5,4,0,0,5,6,7,1,0,0,3,0.122,6,2,2,7,0.062,-0.012,0.0,5,1.695,2,1,-4.541,0,7,0.698,2.21,0,1.235,7,1.276,1.0,4.53,1,1,3,0.323,6,2,2,4.557,6,1,0,0
7,2,0,5,1,7,6,4,7,0,7,0,6,1.214,5,0,0,6,2.163,4.758,329.07,1,1.201,0,1,4.289,7,6,1.594,4.28,3,1.977,3,1.968,2.0,8.51,0,1,7,4.389,6,4,3,2.218,1,3,2,1
4,5,1,7,0,5,3,6,1,1,7,6,7,-0.435,5,4,3,7,-0.37,2.974,0.0,0,-0.394,6,1,0.653,3,5,-0.214,0.46,7,0.342,5,-0.062,-0.0,6.31,5,6,1,0.327,4,5,2,2.882,7,0,3,0
4,2,5,6,0,7,7,5,2,2,6,0,0,6.682,5,7,4,5,1.943,1.679,0.0,2,2.873,5,7,2.495,3,7,1.892,1.6,2,-0.056,3,2.423,1.0,5.34,6,6,1,-5.109,0,2,1,-0.184,7,0,6,0
3,0,7,0,0,4,2,1,7,6,1,6,2,1.647,3,3,6,7,1.954,-0.221,0.0,1,2.056,2,2,-1.387,5,3,3.136,0.98,1,-0.232,5,1.612,1.0,4.42,4,4,4,1.053,5,0,7,1.207,6,6,4,0
7,3,7,0,0,4,3,4,0,0,4,7,6,2.325,5,4,5,7,1.771,1.611,0.0,0,1.601,0,0,-0.535,1,5,1.231,-0.52,1,-1.447,6,0.736,1.0,3.42,1,0,6,0.847,6,7,3,0.199,0,1,2,0
0,1,5,2,1,3,2,4,3,7,7,3,3,1.144,1,5,1,5,3.133,-0.131,0.0,0,3.508,4,0,-1.261,2,5,3.247,4.72,4,-1.201,1,2.044,1.0,5.5,6,7,5,2.035,3,0,5,2.648,7,1,0,0
2,5,6,4,0,3,3,1,2,4,5,6,1,-3.694,5,0,3,2,-0.303,-0.001,0.0,7,-3.457,2,5,-1.358,1,6,-0.532,2.91,1,-0.137,6,1.13,0.0,5.87,4,7,0,1.43,4,2,7,1.747,0,6,0,0
6,1,0,5,1,7,7,6,0,2,1,5,6,-0.407,5,4,5,6,4.407,2.911,852.08,3,5.465,6,7,3.119,4,2,1.828,5.45,1,0.905,2,4.607,2.0,7.9,7,3,1,4.291,7,5,6,3.943,1,6,1,1
5,4,3,4,1,5,7,3,5,3,4,0,4,3.075,5,7,0,2,2.023,4.055,0.0,2,1.33,7,0,1.093,3,4,2.19,1.54,0,1.574,4,2.784,2.0,0.79,0,2,2,3.968,6,5,3,-0.312,0,7,2,0
0,3,5,7,0,7,3,4,5,1,4,2,0,2.014,5,2,5,4,0.838,4.237,0.0,1,0.133,3,7,2.524,0,5,-0.53,2.31,3,-0.115,7,1.586,1.0,5.12,6,2,1,3.505,1,6,4,3.439,7,5,5,0
1,4,0,2,0,2,0,2,7,0,1,6,7,4.718,4,5,4,0,0.868,2.909,0.0,1,1.554,5,4,-0.698,7,3,0.366,5.5,3,-0.556,3,0.378,0.0,6.4,4,7,5,4.928,3,3,1,-1.196,0,7,4,0
0,0,7,5,0,7,5,6,3,0,2,1,1,-3.254,5,0,5,3,1.083,1.339,0.0,3,2.883,5,5,1.43,0,3,0.839,2.56,3,1.024,6,0.189,1.0,4.35,0,6,2,3.58,1,7,2,1.166,0,3,2,0
5,4,0,3,0,7,7,2,1,1,2,6,6,3.124,5,5,5,6,1.614,1.957,516.15,1,2.043,7,4,2.669,3,7,-0.076,3.45,2,1.277,3,0.398,1.0,7.88,2,4,4,1.346,7,6,1,3.481,2,7,3,1
7,7,6,7,0,7,0,6,5,2,4,4,7,2.943,5,4,4,5,0.881,0.638,0.0,0,-1.565,7,6,1.567,6,5,1.052,2.38,2,0.944,5,0.599,-0.0,4.33,6,5,2,-0.148,5,5,1,-0.25,1,0,0,0
5,0,1,2,0,5,1,5,5,7,3,1,4,-1.613,2,2,4,2,1.946,2.283,0.0,7,1.316,7,0,3.507,0,3,3.271,2.85,0,0.478,5,3.284,1.0,5.77,7,5,0,0.815,7,5,3,1.035,2,0,4,0
3,5,0,3,0,4,7,1,7,5,2,3,6,2.388,5,6,4,4,0.736,-2.986,0.0,6,0.305,3,4,-1.843,7,4,-1.564,3.0,0,-0.603,0,-0.549,0.0,4.49,4,2,6,-1.374,6,5,2,1.917,3,4,3,0
7,7,2,3,1,0,5,7,7,1,3,6,4,3.812,2,5,6,2,2.92,2.315,0.0,4,1.032,5,7,5.064,0,5,3.812,0.68,1,1.118,4,3.117,1.0,5.98,1,3,2,0.967,7,3,1,-0.83,4,3,7,0
1,3,3,3,0,5,4,3,0,2,5,2,1,2.012,7,2,3,3,0.664,-0.615,0.0,0,0.297,2,3,2.01,0,6,2.538,1.92,5,0.021,7,-0.153,-0.0,2.0,7,5,0,-2.971,3,6,3,0.222,0,2,4,0
6,7,3,4,0,5,5,5,2,0,1,2,2,-1.327,6,3,4,5,1.36,1.695,0.0,4,-0.433,5,0,-0.865,2,4,1.359,1.63,0,0.336,6,0.671,0.0,1.58,4,3,5,-1.994,1,5,2,-0.474,6,7,3,0
1,1,4,7,0,6,7,0,0,4,6,7,0,0.154,5,4,4,2,1.432,0.834,0.0,6,2.593,0,0,1.28,2,2,2.976,2.6,5,-0.041,6,3.247,2.0,4.76,1,1,6,4.106,0,4,7,1.665,5,0,6,0
3,0,0,6,0,1,7,7,7,0,6,7,5,-0.694,3,6,1,1,0.828,2.088,0.0,3,-1.08,3,7,2.816,0,2,0.212,2.7,4,-0.078,7,0.652,-0.0,3.26,3,5,5,1.381,4,2,0,5.566,4,3,6,0
3,7,3,4,0,7,5,1,1,7,5,6,0,0.346,6,4,0,7,2.961,1.024,890.17,1,3.467,5,2,8.712,6,5,4.56,2.44,7,0.656,2,2.812,3.0,6.31,4,5,6,0.77,1,3,1,-0.039,1,0,4,1
5,1,3,2,0,5,6,6,6,1,2,4,5,-3.623,7,2,1,1,1.182,2.026,0.0,1,1.395,6,7,1.523,6,6,3.141,3.17,6,1.221,2,1.512,1.0,4.05,4,4,5,3.51,1,6,2,5.169,4,0,4,0
1,4,4,3,0,4,2,1,0,5,0,4,6,1.746,7,7,6,1,0.015,-0.063,0.0,5,-0.07,6,5,0.093,1,3,-1.896,3.75,6,0.095,0,-0.262,-0.0,2.91,1,1,0,0.57,7,5,3,2.235,6,3,2,0
1,7,0,2,0,6,6,0,0,3,5,2,5,-0.954,6,4,0,1,0.854,-0.168,0.0,6,1.731,5,6,1.692,4,3,1.207,3.94,0,-1.301,2,2.135,0.0,2.14,1,6,6,2.933,7,2,6,3.414,2,6,5,0
3,5,1,5,0,7,6,1,4,5,4,4,5,-0.438,1,4,2,5,0.989,0.822,0.0,2,-1.29,6,4,2.862,2,1,2.922,2.76,4,0.009,2,0.579,1.0,2.51,5,4,7,1.048,3,7,7,2.459,4,5,2,0
1,4,4,2,0,2,4,2,0,6,1,3,4,-0.426,5,0,1,6,0.67,-1.337,0.0,3,1.108,1,0,1.541,2,7,2.682,0.46,3,0.023,7,0.274,1.0,2.23,2,3,0,0.498,7,7,4,-0.102,6,1,4,0
6,7,1,2,0,2,2,3,3,1,3,2,7,0.576,7,0,0,3,2.027,2.375,837.88,0,3.091,1,2,1.901,4,3,2.81,2.99,6,1.476,7,1.464,1.0,9.41,7,4,0,2.648,7,1,7,3.578,3,6,2,1
3,6,2,2,0,7,0,4,3,7,7,2,3,-0.957,4,1,1,7,1.138,0.642,0.0,0,2.907,1,7,-1.812,3,6,2.304,0.57,7,-0.577,4,2.136,1.0,5.65,7,7,1,1.692,7,6,1,0.173,3,5,6,0
7,1,3,0,1,6,6,6,2,2,2,1,2,4.975,1,3,6,3,1.681,4.105,0.0,3,-0.115,5,1,5.695,6,5,4.108,4.53,0,0.7,4,1.562,1.0,2.21,5,2,7,4.842,0,1,3,0.483,2,2,3,0
1,0,7,0,0,4,7,0,4,0,5,4,0,-1.693,2,4,4,6,1.117,0.552,0.0,4,-0.083,2,4,-0.199,5,4,1.854,3.94,2,0.281,4,0.183,0.0,6.18,0,5,0,0.325,4,1,7,5.596,6,4,2,0
1,4,6,3,0,6,2,5,7,5,3,5,3,-1.143,5,2,0,1,1.784,4.737,0.0,2,3.176,6,1,2.208,3,6,4.543,2.3,1,0.717,6,2.443,2.0,7.89,0,0,7,1.743,6,2,0,6.371,0,1,1,0
1,0,1,3,0,7,1,2,5,6,3,3,7,1.265,7,2,4,4,1.17,-0.821,0.0,7,0.654,2,0,0.876,3,5,0.836,3.41,2,0.279,6,-0.168,1.0,3.81,6,5,3,2.344,7,3,4,-0.053,5,3,3,0
4,4,4,3,1,1,5,6,6,3,4,6,6,7.629,3,7,7,3,4.096,3.527,814.51,3,3.747,0,2,3.107,1,7,5.514,3.53,2,1.325,2,3.489,2.0,8.8,4,7,4,3.733,1,6,7,4.32,4,1,0,1
6,5,7,5,0,1,7,4,1,3,2,5,0,-0.409,3,5,4,2,0.107,1.528,0.0,6,1.29,6,1,-0.241,7,2,-0.934,3.36,4,0.997,4,0.435,-0.0,0.66,0,5,0,2.75,7,1,6,-0.788,5,1,4,0
4,6,1,3,0,3,2,5,3,2,7,4,0,4.873,2,4,5,7,1.622,1.696,0.0,7,3.425,7,3,-1.049,6,4,1.033,3.79,3,0.067,2,1.275,1.0,2.98,7,3,0,0.883,0,3,5,2.271,4,6,5,0
2,3,3,6,0,3,4,3,3,4,1,7,3,1.295,3,3,0,2,1.572,3.934,0.0,5,-0.565,3,6,0.836,0,5,1.123,3.88,5,-2.051,5,1.881,2.0,2.38,4,5,7,6.437,7,5,2,4.132,6,1,3,0
7,1,5,1,0,1,7,6,4,0,1,1,0,-0.105,7,7,7,1,2.145,1.894,0.0,3,1.477,3,2,-0.58,3,4,-0.685,3.47,7,0.474,0,0.437,1.0,3.24,3,4,3,0.855,2,2,0,-4.518,2,6,4,0
7,3,2,5,0,1,1,6,1,3,7,4,1,-0.434,5,7,3,1,2.455,4.6,0.0,3,1.304,5,7,-0.879,4,0,0.277,4.65,1,-0.898,3,2.765,2.0,3.01,7,3,1,6.419,5,0,1,-0.495,0,0,5,0
0,4,6,4,0,7,5,1,5,6,0,1,0,2.174,6,5,4,2,2.048,0.958,244.23,6,2.787,4,0,2.118,6,7,1.317,3.81,4,0.042,2,2.184,1.0,7.8,5,0,7,-2.72,2,5,1,2.874,6,5,2,1
3,2,4,2,0,3,2,2,1,4,7,4,6,-0.816,5,7,3,1,1.479,4.444,0.0,5,1.345,7,7,-1.254,0,0,0.2,3.3,6,0.528,2,1.404,-0.0,1.31,0,6,4,1.447,6,1,0,5.08,1,3,2,0
3,0,3,3,0,0,0,5,6,4,6,3,6,1.869,6,3,2,6,1.539,8.277,0.0,3,3.621,3,3,1.924,2,3,0.255,2.4,2,0.313,4,0.384,2.0,2.95,3,5,5,5.759,1,4,5,0.209,0,3,0,0
2,2,3,2,0,7,2,6,3,0,0,6,6,4.071,6,7,3,7,0.56,0.727,0.0,1,0.134,0,5,2.282,3,3,2.755,3.91,3,1.027,0,1.134,1.0,3.55,5,5,7,-2.725,7,2,5,4.737,2,0,2,0
1,6,5,0,1,0,4,4,0,5,1,3,3,0.794,0,2,4,3,2.671,2.723,0.0,6,3.117,7,6,-0.13,1,2,4.814,1.41,2,-0.06,5,2.849,2.0,4.6,5,3,4,3.418,7,2,0,3.453,0,5,6,0
7,5,7,5,0,7,7,5,1,4,1,2,2,-2.496,3,7,3,1,0.084,0.583,0.0,6,-0.04,3,1,1.322,4,2,-0.727,3.71,3,0.258,6,0.797,-0.0,7.08,0,2,0,-0.347,6,4,1,-2.824,6,2,1,0
6,0,3,7,0,1,0,7,0,7,0,3,3,-3.945,7,6,4,1,-0.299,2.727,0.0,6,2.411,1,2,-1.327,5,2,-2.759,3.55,6,0.413,6,0.777,0.0,4.74,6,7,5,3.381,1,6,7,0.574,4,4,7,0
7,1,4,5,0,3,6,5,0,1,1,7,7,0.42,5,2,1,5,0.555,0.735,0.0,0,0.235,2,7,-0.886,4,7,2.725,3.01,1,0.762,7,2.027,1.0,3.49,4,1,7,-0.054,2,1,6,1.101,1,1,7,0
0,5,6,5,0,2,0,3,7,6,1,0,4,-1.522,0,7,4,6,0.714,-1.921,0.0,1,1.337,1,3,-0.324,2,7,-2.754,2.39,0,0.139,2,-0.488,1.0,0.4,5,5,7,0.501,0,4,3,1.589,7,7,7,0
0,2,7,3,1,5,0,3,0,2,3,6,5,3.248,6,5,6,0,4.053,6.017,649.03,3,2.494,1,0,5.578,7,7,2.775,3.29,4,-0.205,7,3.81,3.0,9.34,6,1,3,8.497,3,7,2,5.244,7,4,5,1
5,2,6,6,1,0,4,1,0,6,5,7,6,-2.921,2,5,0,3,1.436,2.033,0.0,7,2.925,3,7,3.039,7,6,3.16,2.91,5,0.528,0,2.441,1.0,2.58,0,3,6,6.52,5,4,0,-0.735,7,2,3,0
0,7,4,7,0,0,0,2,5,4,6,0,5,0.621,3,1,0,2,0.483,-1.208,0.0,5,0.773,4,6,0.223,1,3,2.768,7.09,3,1.462,2,-0.161,0.0,7.04,2,1,5,2.841,1,6,5,1.579,5,6,7,0
4,4,3,0,0,5,3,4,2,0,7,6,7,-3.155,5,2,0,1,0.991,-0.255,0.0,7,1.131,3,7,2.043,1,6,1.384,2.85,7,0.646,5,0.257,1.0,4.84,4,6,7,1.405,5,5,5,-0.76,0,4,5,0
0,0,0,6,0,0,7,1,2,0,1,7,4,-1.358,5,5,0,4,1.2,-2.706,0.0,1,-0.147,2,7,1.3,3,4,0.355,3.0,1,0.975,6,1.955,0.0,5.33,6,0,3,-0.922,1,4,7,1.568,4,2,2,0
2,4,4,2,0,0,0,1,7,0,4,1,2,1.446,1,3,6,4,1.424,1.558,0.0,3,1.56,2,0,-0.468,4,7,0.321,3.47,7,0.904,3,0.139,0.0,1.6,4,3,6,-2.504,2,1,2,2.25,1,5,0,0
3,5,2,1,0,4,1,6,3,6,2,5,0,0.746,0,5,3,2,1.945,1.652,0.0,3,2.221,6,6,1.742,6,7,1.218,2.3,0,-0.259,6,2.605,1.0,5.69,3,2,5,2.484,3,6,4,1.227,1,7,5,0
1,4,2,5,1,1,7,2,5,1,4,7,1,2.782,6,5,1,4,1.53,3.515,733.05,1,1.9,7,5,1.87,6,4,0.911,4.51,1,-0.3,4,1.806,2.0,8.83,5,6,1,6.281,5,6,5,2.925,3,3,6,1
7,1,6,6,0,6,0,3,4,4,4,7,1,3.277,1,2,1,4,-0.166,-1.43,0.0,5,-0.704,6,6,0.732,1,7,1.929,2.44,7,-1.145,2,0.141,0.0,2.8,7,7,0,0.939,3,6,5,-0.535,3,2,6,0
0,5,5,7,0,6,0,2,0,3,0,7,1,1.069,5,7,5,6,0.561,2.124,0.0,7,3.09,2,5,-0.743,0,5,-1.236,3.15,1,-0.637,7,1.914,0.0,4.72,3,1,0,0.739,0,3,0,-0.59,2,1,0,0
2,7,4,4,1,7,5,0,7,0,6,1,4,3.566,2,6,5,5,1.967,4.439,0.0,2,2.509,6,5,-0.147,7,3,0.297,3.26,3,-0.129,3,1.716,1.0,3.1,7,4,6,6.178,2,1,6,3.765,0,1,1,0
2,4,7,4,1,0,4,2,7,2,3,5,1,4.238,1,1,5,3,3.157,5.286,0.0,3,2.579,1,0,2.288,6,4,2.774,2.36,0,0.542,6,2.793,2.0,3.58,6,5,6,0.896,2,6,0,3.293,7,5,2,0
0,1,0,7,1,7,2,4,4,7,1,0,5,4.787,3,2,0,0,2.665,0.639,0.0,1,2.923,2,0,1.76,1,7,1.766,3.07,2,0.482,7,2.79,1.0,2.99,4,2,7,4.7,2,6,6,0.502,6,7,1,0
7,2,3,3,0,3,0,4,5,1,5,4,5,-0.998,3,0,3,7,0.079,-0.932,0.0,2,0.008,5,0,-1.067,4,3,0.285,2.68,0,1.355,5,0.429,0.0,4.27,3,7,4,4.162,1,2,7,1.611,2,2,5,0
3,4,6,7,0,5,2,0,0,0,3,0,6,-3.079,0,3,5,1,0.966,-1.947,0.0,4,1.938,5,6,3.443,1,3,0.493,0.69,7,0.117,6,2.179,1.0,7.13,6,2,5,0.494,2,4,6,-1.36,4,0,7,0
6,5,2,4,0,0,6,2,1,5,1,1,7,1.134,4,6,7,5,0.603,-3.298,0.0,4,0.314,5,5,-2.048,7,5,1.699,2.97,5,0.465,5,0.539,0.0,4.99,4,6,0,-1.638,1,1,7,-1.767,1,6,2,0
7,7,4,1,1,3,7,2,7,5,4,0,5,7.551,1,2,1,6,3.742,2.302,0.0,6,4.091,3,5,2.426,6,0,2.473,3.88,1,1.461,2,4.041,2.0,3.33,6,6,5,3.936,2,3,6,8.575,1,7,7,0
1,5,2,3,0,1,4,4,7,4,6,0,5,2.6,1,7,2,2,0.581,2.129,0.0,7,-0.942,7,6,2.297,3,0,-1.174,4.8,4,0.094,0,0.167,0.0,3.89,4,7,4,2.614,4,7,4,0.262,5,3,0,0
4,0,7,6,0,3,2,5,4,0,3,1,0,0.26,4,2,0,4,0.42,-1.633,0.0,3,-1.39,7,7,1.23,0,3,0.646,1.5,6,0.55,2,0.117,-0.0,5.32,6,1,3,-3.417,2,3,0,-3.184,7,7,6,0
1,3,0,3,0,4,7,1,2,6,5,0,0,7.564,1,5,7,7,1.325,3.353,0.0,5,0.394,1,0,1.21,5,5,1.003,4.22,7,-1.661,1,2.233,0.0,7.94,6,4,0,2.32,2,4,1,2.781,4,3,2,0
0,7,2,6,0,7,2,6,7,0,5,2,4,0.313,0,4,6,4,0.843,-2.772,0.0,4,-2.309,3,0,-3.047,0,7,-0.349,1.75,0,-0.882,7,0.603,-0.0,3.71,3,2,0,0.398,6,4,2,3.435,2,6,7,0
5,4,2,7,0,7,1,6,1,1,0,0,2,1.747,4,3,3,3,0.376,1.647,0.0,6,1.697,7,5,-4.615,3,0,0.915,5.25,1,-0.303,3,0.259,1.0,2.33,3,3,4,4.83,2,2,5,-2.682,3,5,6,0
5,4,2,7,0,2,4,5,4,1,2,5,3,-1.302,4,7,2,2,0.44,-0.362,0.0,4,0.159,7,1,1.021,2,2,0.606,5.6,4,0.582,0,0.024,-0.0,3.13,7,2,5,-0.068,0,6,1,3.031,5,7,1,0
0,3,2,0,0,6,1,3,4,1,2,6,7,6.788,5,3,2,0,1.235,1.916,0.0,6,-0.233,3,6,1.273,1,2,2.414,3.79,6,-0.226,6,1.466,1.0,2.52,6,3,3,2.772,3,0,2,0.629,6,7,1,0
1,5,3,0,1,4,4,0,4,7,5,0,4,0.21,1,7,5,3,4.334,-1.593,0.0,4,4.296,7,0,5.081,6,3,5.733,3.05,1,0.336,5,4.769,3.0,7.51,2,2,0,4.289,4,3,1,1.249,7,7,6,1
0,6,1,2,0,0,0,5,1,4,1,3,7,-0.281,6,2,1,0,1.536,0.897,0.0,4,0.97,3,3,1.344,3,6,1.147,1.36,4,0.164,1,1.153,1.0,5.94,3,4,7,3.603,7,5,3,0.929,6,5,7,0
2,3,3,6,0,3,4,5,4,5,6,2,7,-0.471,6,2,6,4,1.449,0.697,0.0,6,1.14,4,7,3.371,2,0,1.057,3.43,7,1.247,6,0.741,0.0,4.24,0,7,2,-0.187,5,6,0,2.307,0,1,5,0
3,1,5,3,1,5,7,6,5,1,6,5,2,0.314,1,5,5,2,2.985,3.341,0.0,5,3.516,0,5,5.325,6,3,3.712,3.8,0,-0.676,1,4.542,1.0,3.49,6,2,3,3.259,1,0,4,2.653,4,3,0,0
4,3,2,7,0,6,3,3,1,5,1,6,7,3.189,7,3,7,6,1.041,4.419,0.0,7,2.081,0,6,3.001,7,3,0.011,3.26,5,-1.486,7,0.324,-0.0,5.83,7,2,5,0.458,6,1,5,1.157,0,0,2,0
5,3,2,3,1,7,6,4,4,0,4,5,1,1.229,4,3,1,0,2.428,5.442,0.0,5,4.477,4,5,2.368,1,3,4.485,3.57,1,0.956,6,2.69,1.0,3.15,0,0,3,3.183,3,1,1,3.028,0,4,6,0
0,4,4,3,1,5,4,4,3,3,3,7,1,-2.291,3,4,0,3,2.801,3.164,768.53,1,2.881,3,4,-1.17,0,7,1.068,3.87,2,-0.566,2,2.048,2.0,8.78,2,5,0,4.323,4,3,3,2.334,2,2,5,1
0,0,1,4,0,6,0,0,5,6,7,7,2,3.509,6,4,3,1,0.656,3.341,0.0,0,-1.258,7,0,-0.49,1,1,-0.157,1.7,3,-0.121,1,-0.247,0.0,4.27,4,1,6,2.436,0,3,4,-2.848,3,0,5,0
4,7,3,3,0,7,1,2,6,4,0,7,6,-0.314,4,6,5,5,0.668,3.322,0.0,3,1.034,7,7,3.985,5,6,-0.22,0.25,5,-2.915,4,-0.22,1.0,5.6,4,0,4,-1.061,1,4,0,-1.541,3,6,3,0
2,2,4,0,0,1,0,4,1,2,1,2,3,0.38,6,5,1,3,0.75,1.761,0.0,7,1.42,5,2,3.09,2,3,1.011,2.29,6,0.306,5,1.047,1.0,2.91,7,2,6,2.465,7,4,3,-1.342,5,3,5,0
2,6,2,5,0,3,1,1,1,7,5,2,2,3.61,1,5,0,6,0.872,1.084,0.0,2,1.38,4,0,3.452,1,4,1.115,1.87,3,-0.898,6,0.746,0.0,1.27,0,5,3,-2.377,4,6,0,0.945,0,3,7,0
7,5,2,2,0,1,4,0,4,6,3,1,1,-0.475,2,2,2,7,2.138,2.664,0.0,1,-0.23,0,2,0.583,7,4,1.627,0.98,2,-0.376,5,1.52,1.0,5.79,5,3,3,2.351,2,1,6,0.157,0,4,2,0
5,0,5,5,0,4,6,3,3,1,7,5,1,3.016,2,7,5,5,1.623,3.202,0.0,7,1.773,3,2,-0.806,3,6,3.186,5.61,6,1.648,1,2.094,1.0,5.21,4,2,7,-0.036,0,0,1,2.145,3,0,2,0
3,1,2,4,0,5,7,2,2,6,7,3,5,-1.885,1,6,6,5,0.239,3.558,0.0,7,2.335,5,1,2.855,0,6,-0.366,0.8,1,-0.177,1,0.512,0.0,4.21,3,4,7,-1.322,3,4,2,1.073,4,1,4,0
7,1,5,6,0,5,5,5,2,4,3,0,2,1.313,5,5,2,0,0.949,3.815,0.0,6,1.37,4,3,0.562,5,6,1.732,4.17,6,0.784,1,0.66,0.0,2.78,5,5,3,1.625,0,7,2,-0.58,1,0,6,0
0,1,6,6,0,7,6,4,7,0,7,4,0,1.558,4,4,6,2,0.263,2.063,0.0,0,-0.898,1,4,2.602,1,7,-0.277,5.01,7,0.614,4,0.342,-0.0,3.72,5,6,0,-2.101,2,2,0,1.839,7,0,1,0
3,6,7,0,0,7,3,3,7,0,6,4,7,7.285,7,3,3,4,2.942,-0.228,305.4,7,4.477,6,1,1.407,2,6,4.546,6.3,1,-0.652,7,2.8,2.0,6.84,7,1,3,5.141,1,4,5,3.825,7,4,2,1
6,6,0,1,1,6,1,3,7,0,2,1,4,5.15,6,1,6,5,4.178,7.324,0.0,6,4.018,5,2,3.236,3,5,5.303,4.2,6,0.551,4,3.716,1.0,7.04,4,5,7,4.099,3,0,7,5.434,1,4,6,1
5,5,6,6,0,4,1,7,7,3,7,0,3,1.066,1,5,4,2,1.545,4.452,0.0,2,2.717,1,5,-3.289,6,4,1.341,4.19,3,0.005,0,1.123,2.0,7.84,7,4,7,-0.838,6,1,0,-3.097,4,7,2,1
6,0,3,2,0,7,2,0,1,5,5,5,5,-1.888,6,7,2,3,1.31,1.843,0.0,3,1.68,1,3,5.164,7,0,2.24,1.85,7,1.775,5,0.396,-0.0,3.73,2,1,0,-0.894,0,0,0,0.804,6,6,6,0
4,5,3,5,1,1,7,0,5,7,7,3,5,4.385,1,5,6,6,2.588,1.993,0.0,0,2.727,1,4,3.602,2,0,4.513,1.1,4,0.025,2,2.725,1.0,5.18,6,5,1,5.149,7,4,3,4.861,7,1,3,0
4,1,7,7,0,2,6,6,0,4,4,3,6,5.97,6,6,7,2,1.397,0.344,0.0,5,0.881,5,1,-0.29,7,2,-1.062,0.83,6,-0.015,1,1.386,1.0,5.42,1,0,1,1.184,6,1,6,2.827,7,1,5,0
3,5,1,5,0,0,5,2,0,4,0,2,2,-2.103,5,4,6,4,0.164,-1.618,0.0,0,0.449,1,6,-0.481,1,0,-1.668,3.98,7,-0.158,6,-0.332,0.0,4.67,1,0,4,2.196,6,3,0,-0.265,1,2,6,0
2,2,1,3,0,4,4,5,2,0,3,3,0,-1.534,2,2,0,2,0.645,0.84,0.0,7,0.088,5,6,0.738,6,3,3.207,4.85,5,-0.48,2,0.646,-0.0,1.64,7,1,6,2.827,0,2,6,2.297,6,6,1,0
1,2,3,7,0,3,3,1,5,7,6,3,2,2.479,4,5,0,3,1.185,2.082,0.0,1,-0.652,7,1,0.752,6,2,1.644,4.04,2,0.816,3,1.52,-0.0,5.07,7,0,3,1.348,3,0,1,4.254,7,1,6,0
3,3,7,4,0,5,0,2,3,6,3,3,4,0.214,7,1,0,4,0.586,1.354,0.0,1,0.283,2,3,-1.537,5,6,0.359,3.66,0,-1.471,0,0.289,-0.0,2.86,5,0,1,1.186,0,2,0,3.419,1,1,6,0
4,7,7,3,0,5,6,7,5,1,1,1,6,-1.926,6,6,4,3,1.442,3.244,0.0,2,1.314,4,7,5.345,0,6,1.834,1.36,2,0.535,1,2.628,1.0,5.73,3,5,6,2.054,4,5,5,0.348,7,3,1,0
5,2,1,1,0,5,0,7,6,2,1,5,7,2.878,0,5,3,7,1.517,-1.303,0.0,3,3.729,4,6,1.495,0,0,0.506,1.87,5,0.781,5,1.311,1.0,4.43,3,5,1,1.034,3,3,4,1.412,1,1,7,0
2,2,7,4,0,2,7,0,4,4,2,2,0,2.629,1,2,3,5,1.75,3.31,0.0,5,2.47,7,5,-0.317,7,2,3.785,1.15,4,-1.376,4,2.106,1.0,2.65,3,4,0,2.895,2,4,1,4.932,6,6,5,0
6,4,2,1,0,3,7,6,3,7,1,5,0,-0.182,0,2,4,5,0.469,0.677,0.0,2,1.867,3,6,0.721,0,4,2.459,2.72,5,-1.727,5,0.681,0.0,3.65,5,2,1,2.951,4,3,5,-3.552,1,3,4,0
0,4,6,2,0,6,4,3,5,2,7,1,2,1.25,4,3,7,1,0.499,4.449,0.0,1,0.812,4,4,0.18,5,7,1.002,2.07,4,-0.526,3,0.043,0.0,1.96,4,3,1,3.045,2,7,1,0.546,1,4,7,0
4,5,2,5,0,0,4,5,6,2,4,5,6,-1.197,5,3,5,0,0.473,2.876,0.0,2,3.692,6,2,5.586,4,5,1.754,4.88,4,-0.828,6,0.469,1.0,3.54,4,5,2,1.126,2,7,1,3.371,4,4,2,0
7,6,1,2,0,7,4,4,4,1,0,3,5,0.056,0,2,1,4,0.584,0.911,0.0,4,1.894,6,3,3.151,3,6,1.092,3.61,7,0.525,1,0.623,1.0,3.25,1,5,0,-0.408,0,7,4,2.129,1,2,1,0
2,0,4,7,0,4,0,0,0,2,2,2,4,-2.004,4,4,3,2,1.21,-0.083,0.0,2,-0.848,5,7,-2.58,6,0,0.899,2.81,7,1.097,1,-0.21,0.0,2.13,6,2,0,-2.927,1,3,2,4.497,0,4,0,0
3,1,6,0,0,2,5,0,3,6,1,0,3,2.823,6,2,1,0,2.504,0.397,0.0,7,2.898,1,6,4.747,3,7,0.667,2.4,0,1.233,1,1.918,-0.0,3.55,5,6,3,2.96,6,2,3,2.646,6,4,4,0
1,1,1,2,0,7,3,1,1,0,5,5,1,1.494,3,5,7,6,1.015,1.151,0.0,4,0.688,7,4,2.112,6,7,3.712,3.03,1,0.832,4,1.699,2.0,3.9,0,0,0,1.218,0,2,1,-0.438,7,4,1,0
2,6,3,2,1,1,6,3,3,4,2,0,6,3.347,4,2,7,7,2.3,2.032,0.0,7,1.296,3,7,6.729,3,2,3.754,4.41,7,-1.408,5,1.02,2.0,3.01,4,1,5,0.209,4,4,0,1.939,3,7,2,0
3,5,0,2,0,1,4,1,6,2,4,0,1,0.593,6,3,0,1,0.893,0.978,0.0,3,-1.025,1,6,1.615,3,2,2.207,2.28,0,0.267,1,0.553,-0.0,4.58,7,5,5,-1.021,7,2,0,1.412,2,6,2,0
2,2,2,7,0,6,0,4,4,5,3,0,1,-3.352,7,6,7,2,0.766,0.981,0.0,7,1.288,3,2,0.794,4,5,1.31,2.53,1,0.263,5,1.644,-0.0,1.88,4,0,6,3.439,7,7,4,4.972,0,0,3,0
2,0,1,7,0,7,4,2,7,5,3,7,5,0.663,7,5,7,6,1.525,1.804,0.0,1,1.219,1,6,4.973,6,5,4.981,4.73,5,0.401,0,2.019,1.0,4.31,1,5,7,4.581,4,4,0,0.873,2,6,1,0
0,5,7,7,1,3,0,7,7,5,0,4,0,5.082,6,7,0,5,4.371,3.209,0.0,0,4.192,1,2,5.578,6,6,3.112,4.74,7,1.018,1,4.488,3.0,6.34,0,1,4,3.554,0,5,3,1.844,5,1,0,1
2,2,4,6,0,0,4,1,6,5,4,0,5,-2.318,3,5,5,4,0.856,-0.842,0.0,5,1.99,5,3,0.488,7,3,-1.186,5.19,5,-0.712,4,0.244,1.0,2.24,5,2,3,5.154,5,1,0,5.598,3,6,4,0
2,5,7,0,0,5,4,7,3,0,2,5,7,3.45,3,3,1,3,2.292,2.56,0.0,0,3.016,4,0,3.184,6,7,0.975,4.09,6,0.786,6,2.398,2.0,5.64,2,5,4,3.791,0,4,7,3.537,5,2,4,0
1,5,2,3,0,4,4,2,2,3,6,5,1,0.941,5,1,4,2,0.066,-0.824,0.0,1,0.794,1,6,1.278,5,2,0.343,1.02,7,1.54,7,0.82,0.0,2.75,3,4,7,0.963,0,5,1,0.319,4,1,0,0
3,4,7,7,1,5,2,6,3,6,3,7,6,2.707,6,4,0,7,3.162,-0.735,0.0,4,1.54,5,2,1.034,4,0,3.19,1.96,5,1.104,4,2.534,1.0,1.54,4,1,2,1.963,2,5,4,-0.718,5,4,6,0
4,3,5,3,0,3,7,3,7,7,7,7,1,4.371,1,3,1,5,0.759,-3.317,0.0,0,2.167,6,7,2.09,5,2,1.517,2.49,0,-0.156,5,-0.239,1.0,3.28,3,4,4,-1.051,6,0,3,-1.376,1,1,2,0
2,7,0,1,0,4,6,7,7,5,5,6,1,1.23,5,1,6,6,1.551,-0.802,0.0,3,1.479,1,1,-1.388,4,4,-1.648,4.11,7,-0.436,2,1.543,2.0,7.9,7,2,2,4.235,3,4,2,-0.883,6,2,0,0
7,4,3,7,0,0,3,6,6,0,3,7,4,3.573,6,3,2,6,0.283,-3.646,0.0,1,0.655,7,5,-1.021,0,5,0.27,2.97,0,-0.243,7,0.744,-0.0,3.37,7,5,1,0.05,2,6,2,-1.33,5,0,2,0
4,0,7,6,0,1,1,3,1,0,4,1,0,0.296,5,1,4,2,-0.355,-0.166,0.0,1,0.538,3,7,-1.123,1,6,-0.367,6.5,0,-0.978,1,0.238,-0.0,4.42,1,5,7,1.39,2,4,4,0.34,1,4,6,0
1,2,5,1,0,1,6,6,5,6,6,0,4,-0.751,4,4,0,4,1.545,1.052,0.0,2,0.944,6,6,1.598,5,7,2.608,5.04,7,-1.714,6,0.897,1.0,6.33,2,4,1,0.246,2,0,1,1.203,3,2,7,1
4,0,0,0,0,3,1,2,2,5,5,5,2,2.918,6,6,4,4,1.113,1.976,0.0,5,-0.197,2,2,2.131,1,1,-0.324,0.94,7,1.181,5,1.558,0.0,4.97,2,0,7,1.55,3,4,0,1.591,6,7,0,0
4,2,0,3,1,3,7,6,6,2,1,7,7,2.751,1,0,5,6,3.617,2.226,0.0,3,4.455,2,4,4.983,6,1,6.578,3.1,1,-0.525,0,3.708,2.0,5.85,0,1,5,3.967,0,6,3,7.088,6,1,6,0
3,7,0,2,0,6,5,0,4,1,0,2,6,5.288,5,0,7,3,1.055,0.749,0.0,4,1.46,2,4,0.395,1,0,0.204,5.86,3,1.098,4,1.124,0.0,4.1,5,5,6,0.86,0,3,6,1.568,0,0,1,0
2,6,4,5,0,4,5,0,0,1,6,0,2,-1.021,6,5,0,7,0.401,0.099,0.0,7,1.593,0,1,5.678,3,1,2.364,3.59,4,0.327,5,0.212,1.0,3.11,2,4,6,-1.638,3,5,7,0.705,4,2,6,0
7,2,6,1,0,7,4,5,3,4,5,7,5,6.26,1,5,4,0,2.126,5.167,0.0,6,2.66,4,0,3.705,0,6,1.575,4.09,4,1.193,1,3.496,1.0,-1.26,1,3,7,2.594,5,5,2,0.181,2,7,3,0
0,7,5,6,0,6,4,0,5,7,2,2,2,3.651,0,3,2,3,0.762,1.063,0.0,3,0.458,3,2,-3.464,3,0,0.416,2.53,0,-2.318,4,0.552,-0.0,7.32,5,5,6,-0.718,4,6,0,-2.795,0,4,1,0
7,0,6,5,0,4,7,6,3,6,6,1,4,0.555,1,6,5,4,1.539,3.815,88.63,4,2.122,6,4,-2.989,6,0,1.56,5.31,7,-0.039,7,1.451,0.0,5.5,7,4,0,2.411,0,0,4,4.066,6,1,3,1
3,6,0,7,0,3,6,6,2,2,5,4,1,-0.439,0,6,4,6,2.385,-0.556,0.0,3,1.155,3,4,2.981,0,2,2.318,3.61,1,-0.791,3,1.472,1.0,3.25,7,0,3,3.069,6,2,0,0.277,3,0,6,0
0,4,4,1,1,3,5,4,4,6,6,5,0,0.747,4,3,5,7,2.055,3.959,0.0,3,1.832,3,6,4.655,1,7,1.977,7.06,5,-0.497,2,2.187,2.0,5.06,3,2,1,-0.269,4,7,5,-1.248,6,1,6,0
4,2,0,3,0,5,7,4,2,0,4,6,0,0.598,3,2,4,4,0.339,2.021,0.0,3,0.267,1,6,0.55,4,1,0.217,2.89,4,-2.03,4,0.001,-0.0,5.53,3,5,3,2.782,4,7,1,-1.99,4,3,0,0
0,6,4,2,0,3,0,6,1,1,7,7,2,0.073,3,2,5,1,0.493,1.131,0.0,2,0.044,0,2,0.173,3,5,3.756,6.06,6,1.197,1,1.408,2.0,5.99,7,2,2,2.983,5,5,4,-3.677,2,2,6,0
2,4,0,1,0,5,5,5,6,1,6,4,4,4.584,1,4,1,6,1.671,-2.068,0.0,6,0.928,4,7,1.179,7,7,2.746,5.5,6,-0.55,2,1.677,0.0,4.05,6,5,7,0.213,4,6,1,0.219,3,1,7,0
1,3,7,5,0,3,1,5,0,3,0,2,3,-2.806,2,2,6,0,-0.065,1.904,0.0,1,0.526,0,4,-2.073,0,3,1.378,0.73,5,2.038,5,0.243,0.0,7.07,1,7,1,2.463,2,1,0,-3.276,6,4,5,0
0,1,3,6,0,0,7,1,3,7,7,1,3,2.674,5,4,2,1,0.645,-0.688,0.0,6,2.049,0,1,-0.648,2,3,1.034,6.33,0,1.111,4,1.242,1.0,5.46,5,5,4,-2.433,5,1,7,-0.298,6,3,3,1
4,0,4,2,0,0,6,6,2,4,3,3,3,-0.419,4,6,1,7,1.376,-1.245,0.0,6,2.476,6,0,0.661,0,0,-0.368,3.64,4,-0.032,5,0.85,1.0,4.87,4,6,5,-1.965,7,1,5,4.548,4,1,6,0
5,6,1,0,0,2,6,0,6,1,7,6,5,3.626,7,7,0,6,2.337,2.07,0.0,4,1.55,7,3,4.532,2,3,2.616,0.74,3,0.347,0,2.245,1.0,2.27,2,7,1,-0.027,2,1,7,5.709,7,6,3,0
1,2,7,1,0,0,5,3,2,2,1,3,5,3.024,5,2,6,4,0.508,0.109,0.0,4,0.32,7,2,-1.583,1,6,0.215,5.35,2,0.91,5,0.309,1.0,1.21,0,3,6,1.088,7,6,6,-1.181,4,7,1,0
5,5,1,1,0,5,5,5,1,1,2,3,6,-0.063,3,0,4,3,2.394,-1.706,0.0,2,0.285,7,3,2.673,7,2,-0.471,1.68,6,1.894,4,1.801,1.0,5.19,6,5,4,-0.265,5,4,0,-0.959,5,3,7,0
3,6,4,5,0,1,7,4,1,1,2,4,2,0.372,5,6,7,3,1.993,2.649,0.0,1,3.698,2,1,-0.302,3,2,4.629,1.82,4,0.513,0,2.594,2.0,6.03,5,1,0,5.715,0,2,0,3.668,2,2,1,0
3,0,3,1,0,1,3,3,1,3,3,3,7,-1.755,2,3,7,1,1.1,-0.802,0.0,7,1.379,5,7,4.439,3,2,1.906,1.27,2,-0.045,2,0.643,0.0,2.27,7,7,3,3.258,6,1,0,0.188,0,2,2,0
1,0,2,6,0,7,0,4,2,3,4,4,4,-0.204,5,6,6,7,0.608,-0.286,0.0,4,0.192,6,2,4.243,5,6,0.514,3.89,6,-0.575,5,0.054,1.0,2.99,3,6,6,1.841,6,6,1,-0.058,0,0,1,0
6,7,6,6,0,6,4,1,7,5,7,7,5,0.354,3,7,7,7,0.186,-0.837,0.0,7,0.439,0,6,2.499,6,5,2.843,3.75,5,-0.717,1,1.431,0.0,2.08,5,2,3,4.326,1,7,5,-1.992,7,2,6,0
7,1,1,7,0,5,3,1,7,6,7,2,0,-1.004,6,1,4,4,2.404,5.999,167.34,2,0.566,4,0,4.902,2,6,1.641,4.77,2,0.66,1,2.281,2.0,6.63,7,1,2,3.473,6,6,2,-0.29,6,1,4,1
7,4,5,0,1,6,6,5,6,3,3,3,2,-2.047,4,4,0,7,3.167,1.696,0.0,5,1.848,1,6,0.522,5,5,2.512,2.56,3,-1.0,6,1.442,1.0,3.6,2,1,4,0.297,0,1,1,0.136,3,3,4,0
1,0,0,1,0,6,5,6,4,6,2,2,0,2.249,3,4,2,0,1.835,0.832,0.0,1,1.181,6,6,6.854,4,3,-0.486,7.4,7,0.545,2,2.64,2.0,2.24,3,2,3,2.042,0,6,7,3.912,6,4,5,0
3,0,7,4,0,4,6,1,1,0,7,6,1,-1.052,7,6,7,5,2.708,3.189,631.12,0,1.433,2,3,6.465,6,6,2.447,4.37,6,1.0,0,1.831,2.0,6.0,5,1,5,2.968,6,2,2,2.719,1,1,6,1
7,3,5,0,0,3,0,7,7,2,5,4,2,0.893,4,4,0,4,1.239,1.121,0.0,6,3.523,6,3,4.172,0,4,0.394,5.08,6,-0.006,4,1.512,1.0,5.0,0,4,3,-1.332,6,5,7,3.152,4,0,1,0
3,7,4,7,0,3,0,1,2,7,0,4,6,-1.026,2,7,0,1,0.54,5.244,0.0,7,0.888,1,4,0.694,4,2,1.144,0.93,2,1.004,1,1.242,0.0,2.4,1,0,5,-0.672,2,7,5,-1.463,3,0,5,0
4,0,2,4,0,6,6,1,4,6,5,6,7,-2.054,0,3,6,0,1.077,2.202,0.0,5,1.694,4,6,2.734,4,1,0.489,2.39,4,-1.576,1,0.471,1.0,2.45,1,4,0,1.145,7,0,2,2.358,5,3,1,0
5,0,7,6,0,4,6,2,0,3,3,6,0,3.038,5,3,1,1,2.066,6.104,0.0,0,0.923,5,2,1.077,2,0,-0.748,4.23,5,-0.86,1,1.563,1.0,4.31,2,0,5,2.406,4,2,4,3.359,7,5,4,0
5,2,1,6,1,1,2,4,4,6,1,1,0,4.923,3,0,2,0,2.318,1.778,0.0,7,2.204,5,1,-3.015,0,1,3.36,4.15,0,1.77,7,1.803,2.0,1.16,1,4,7,7.407,0,1,5,5.466,0,1,5,0
4,2,3,7,1,5,2,1,3,6,0,1,2,-1.173,4,2,2,1,1.68,3.798,0.0,4,1.421,2,4,0.321,2,3,2.261,4.63,1,-2.445,0,1.603,1.0,3.12,5,1,6,1.929,0,0,3,2.914,6,5,7,0
5,1,5,4,0,4,0,0,2,6,2,7,5,-1.689,4,1,4,5,2.343,-1.49,0.0,4,1.453,6,3,1.523,0,7,-2.656,3.4,3,-1.13,3,1.021,1.0,6.1,4,2,7,2.3,7,1,7,1.447,0,0,5,0
7,5,6,3,1,6,7,0,7,3,2,7,5,6.889,7,1,6,5,5.064,1.936,321.98,5,3.903,4,6,1.227,6,7,5.675,3.18,0,-0.592,0,5.106,3.0,4.8,6,0,7,4.578,1,5,1,7.512,3,0,0,1
1,7,6,6,0,4,2,4,6,1,6,4,1,3.655,7,5,7,4,1.951,1.469,0.0,0,0.814,1,6,-0.911,6,0,3.432,1.54,7,0.887,5,0.736,1.0,4.51,4,7,6,-1.106,4,2,4,2.238,1,0,6,0
4,3,3,1,0,7,2,7,2,5,6,4,7,3.999,5,0,2,5,1.211,2.178,0.0,3,1.221,4,4,2.163,6,3,0.568,3.3,3,1.863,7,2.131,1.0,3.52,0,4,5,1.381,6,1,2,3.388,6,1,4,0
6,3,0,7,0,6,5,2,0,1,4,4,3,-0.583,1,5,2,4,0.25,1.709,0.0,3,-0.858,5,0,-0.549,5,0,2.75,1.26,3,0.427,7,-0.789,1.0,5.45,5,0,4,-0.399,4,2,3,-1.776,4,0,0,0
3,7,6,3,0,6,6,0,4,2,2,3,5,3.498,4,3,0,1,1.711,2.529,0.0,4,3.041,6,7,0.949,3,7,2.119,3.21,3,0.859,2,1.687,1.0,6.06,3,2,3,2.68,5,4,6,0.763,6,3,7,0
7,4,5,6,1,2,7,3,4,3,3,5,5,6.025,7,6,5,6,6.516,7.226,339.6,2,6.248,1,2,8.625,2,0,7.586,1.42,2,0.761,2,7.09,4.0,6.84,6,6,5,3.397,5,0,2,8.103,3,0,1,1
3,6,5,3,0,5,1,3,7,7,1,5,3,3.567,1,6,7,2,2.381,3.213,0.0,0,2.91,2,5,2.967,5,1,-0.032,2.73,4,0.534,6,1.614,2.0,1.73,2,4,0,4.018,3,3,7,0.958,3,1,1,0
0,0,6,4,0,2,0,2,7,2,2,3,1,-0.925,7,5,4,0,0.275,1.714,0.0,4,2.133,4,5,-0.329,7,2,1.736,2.56,3,-0.032,3,0.127,1.0,4.63,2,4,5,2.982,4,3,7,1.11,5,7,1,0
5,4,3,5,0,5,4,3,7,3,1,3,7,0.362,3,2,5,3,0.207,-0.172,0.0,6,1.317,6,7,0.129,2,5,-1.452,2.42,0,0.916,4,0.403,-0.0,3.38,0,2,5,-2.841,0,5,3,0.016,7,4,6,0
4,3,2,4,0,2,7,7,7,5,1,2,5,0.216,3,1,5,7,0.261,-2.682,0.0,1,-1.119,4,2,-0.57,0,6,1.56,2.43,3,0.565,1,-0.433,0.0,2.08,3,6,1,0.626,4,6,6,-2.498,6,7,2,0
3,2,0,0,0,7,3,3,6,0,4,2,4,0.828,1,4,3,3,0.063,0.498,0.0,4,2.813,0,0,-1.387,3,5,2.26,4.61,7,0.026,4,1.107,0.0,1.16,6,0,1,4.654,1,1,3,-5.618,3,6,7,0
5,1,0,2,1,4,0,2,0,6,1,7,7,-1.469,4,1,5,4,3.249,1.854,0.0,3,0.762,3,4,4.444,2,2,1.743,0.98,2,0.726,7,2.46,1.0,4.72,6,5,1,4.646,2,0,7,4.084,3,2,3,0
4,1,4,2,0,1,7,5,3,4,5,6,7,2.512,1,4,3,2,0.482,4.703,0.0,7,0.907,1,0,-2.748,1,5,-0.219,1.44,0,0.007,1,0.709,1.0,5.74,0,4,7,0.627,6,4,6,0.616,7,2,7,0
2,5,7,3,1,1,3,4,2,0,2,0,3,5.255,6,3,0,5,4.318,5.401,373.9,1,3.222,0,2,2.849,7,2,5.473,3.47,5,-1.094,7,3.68,3.0,10.13,5,5,4,7.057,1,7,3,1.896,5,1,4,1
4,5,4,3,0,6,7,2,1,6,5,4,7,4.338,7,2,1,7,1.073,-0.241,0.0,0,0.05,1,0,1.337,1,5,2.005,1.41,2,-0.971,1,1.27,1.0,2.83,6,7,4,1.651,5,3,5,0.353,4,3,6,0
1,4,7,5,0,4,4,7,5,5,3,5,5,4.122,0,3,2,6,1.217,-0.122,0.0,0,1.432,4,1,0.068,7,2,0.456,0.59,2,1.809,0,0.569,0.0,4.95,3,0,3,-0.2,6,6,3,3.527,3,6,5,0
3,3,3,6,0,7,0,3,2,4,3,1,5,0.559,2,0,5,1,3.117,4.473,0.0,3,3.621,6,0,0.485,2,3,2.715,4.92,1,-1.811,2,3.1,2.0,3.42,1,0,3,4.379,2,7,7,2.732,0,0,5,0
2,5,0,6,0,0,4,4,4,2,4,6,0,-0.266,5,1,6,4,2.13,1.831,0.0,3,0.258,7,0,1.952,7,3,-0.799,2.35,7,-1.607,1,1.149,1.0,4.62,3,2,3,2.25,5,1,7,-1.647,5,0,7,0
3,3,6,2,0,5,0,3,2,0,0,3,4,2.442,4,3,3,0,1.032,0.567,0.0,2,0.125,1,5,1.788,4,4,0.734,2.1,7,0.293,7,0.393,0.0,3.43,0,3,1,2.121,2,7,3,3.491,7,4,2,0
6,6,4,6,0,4,3,7,5,5,4,4,6,3.874,6,0,4,0,2.52,2.261,0.0,0,3.318,5,6,0.042,4,4,1.666,3.71,1,0.64,4,2.152,1.0,3.37,7,6,0,0.416,0,4,7,-0.275,3,2,2,0
6,2,6,7,0,5,5,0,7,3,6,0,5,0.186,2,3,3,2,1.18,6.012,0.0,0,0.885,5,2,-0.094,5,1,0.941,2.96,1,-2.713,4,1.67,1.0,6.56,3,5,1,1.038,0,0,0,-0.528,4,1,0,0
2,3,0,0,1,4,3,7,2,3,3,6,2,2.844,6,4,2,2,3.192,1.085,0.0,3,3.73,2,7,4.24,6,5,2.62,1.44,7,-1.454,2,3.11,2.0,6.32,4,7,2,4.552,7,1,4,2.483,5,6,7,0
4,6,1,7,0,4,4,2,4,6,5,5,7,-2.031,7,2,6,2,0.46,0.651,0.0,7,1.696,4,1,0.807,2,0,0.301,2.02,0,-0.358,6,1.082,1.0,6.91,7,3,6,3.702,6,1,0,-0.692,4,4,3,0
4,4,1,0,0,7,2,5,3,7,1,0,7,0.572,5,3,5,5,0.618,1.475,0.0,4,1.05,6,5,3.999,6,6,0.059,3.07,5,-1.134,2,0.772,0.0,4.92,6,3,0,1.712,4,7,6,-0.129,2,6,5,0
4,4,5,2,0,7,1,6,6,0,7,4,2,2.564,6,4,0,7,1.516,2.666,0.0,6,2.908,1,6,-0.675,3,7,2.831,3.49,7,-0.844,4,1.609,0.0,10.04,6,0,2,2.78,2,1,5,-1.492,3,0,4,1
1,5,2,1,1,0,2,5,4,6,3,6,3,8.257,5,1,1,3,2.509,1.525,0.0,0,1.744,1,4,2.863,5,5,1.85,1.47,0,0.227,1,2.781,1.0,4.16,5,2,6,1.737,5,0,7,3.437,7,6,4,0
5,7,5,6,0,7,3,4,5,2,0,0,2,3.205,6,3,2,2,2.765,1.909,0.0,2,4.058,4,4,5.429,5,5,3.743,3.34,4,0.387,3,2.581,2.0,2.93,1,0,0,3.984,7,1,5,0.603,1,1,6,0
4,1,4,6,1,3,6,3,7,1,5,4,6,3.032,2,7,4,2,2.772,3.665,0.0,3,0.739,7,2,2.221,1,7,3.758,0.74,3,0.778,2,2.575,2.0,3.72,4,4,4,3.78,5,6,1,3.578,4,6,1,0
4,6,6,3,0,5,6,6,4,0,5,2,4,0.548,3,3,7,0,1.77,1.997,0.0,6,3.123,1,4,-1.397,3,7,0.205,3.53,7,-2.253,2,1.067,1.0,4.97,6,0,3,1.954,1,7,5,1.768,2,7,6,0
7,2,1,3,0,6,4,2,7,1,0,1,7,1.728,4,7,3,2,0.668,1.722,0.0,3,1.56,4,1,-1.973,0,3,1.759,3.15,7,-0.129,1,0.834,1.0,2.16,0,2,4,2.327,5,7,6,0.081,0,3,6,0
4,0,3,2,0,5,2,3,2,4,5,7,3,3.148,7,6,4,7,-0.102,-0.538,0.0,2,0.424,2,3,-0.499,2,5,0.115,3.74,1,0.494,1,-0.211,0.0,4.92,4,1,0,0.381,4,0,6,-1.148,7,3,2,0
2,5,4,6,0,7,4,3,0,2,0,0,3,1.327,3,6,7,1,0.845,1.504,0.0,6,0.535,0,4,-0.385,2,3,0.751,4.7,1,-0.669,3,0.232,1.0,3.72,3,1,6,-5.88,3,7,5,0.315,0,1,6,0
6,0,2,0,0,4,0,5,7,0,1,1,5,1.491,0,7,4,3,0.85,3.154,0.0,5,0.462,6,4,2.485,3,5,1.599,4.24,2,0.123,1,0.825,-0.0,4.48,5,4,6,3.165,5,3,6,0.791,0,7,7,0
0,3,1,0,1,5,1,2,1,2,6,5,5,5.16,6,6,4,7,3.296,5.591,0.0,1,2.127,6,0,2.441,0,1,1.006,1.77,0,1.434,6,3.044,1.0,7.56,5,7,0,4.21,1,4,5,2.049,4,1,3,1
7,0,2,2,0,0,6,4,1,3,4,4,0,3.615,0,1,2,7,0.036,1.033,0.0,1,0.235,5,7,-2.944,2,7,2.697,3.39,0,-0.178,7,0.458,0.0,4.54,2,7,7,-0.248,6,3,7,4.173,5,5,2,0
7,3,0,2,1,7,3,5,6,3,0,1,7,5.267,2,4,3,5,3.387,3.658,0.0,7,5.079,4,4,0.599,7,0,3.461,3.68,0,0.246,2,3.588,2.0,3.89,0,2,2,4.081,7,7,6,2.627,2,0,0,0
3,4,5,1,0,0,1,2,2,7,7,5,4,1.278,6,1,0,2,0.485,0.356,0.0,2,-2.35,1,2,2.609,3,0,0.749,0.94,0,0.2,3,0.214,0.0,6.04,6,3,4,0.06,1,6,7,-1.032,3,7,3,0
3,4,3,6,1,0,1,6,4,6,7,1,3,4.122,4,5,2,5,3.397,6.0,0.0,1,3.2,1,2,2.497,1,6,3.237,3.26,5,-0.068,1,2.11,2.0,6.67,2,5,5,5.721,0,7,3,5.037,7,4,6,0
0,4,7,4,0,3,3,1,3,3,6,1,4,3.958,0,0,2,7,1.238,1.661,0.0,0,2.586,2,7,1.323,6,0,0.172,6.24,0,0.773,7,1.158,1.0,2.3,3,5,1,2.669,5,2,5,0.215,4,1,5,0
1,5,3,1,0,1,2,2,5,1,5,7,6,-3.643,2,3,1,3,0.41,-1.765,0.0,4,-0.696,1,4,-1.474,4,4,1.145,1.53,0,-1.833,3,1.307,0.0,1.55,1,3,4,-2.376,3,4,3,-0.669,3,1,0,0
0,5,1,6,0,7,0,2,5,7,6,0,1,-2.133,4,2,0,2,0.852,-3.128,0.0,2,1.7,1,6,-3.241,5,4,-0.861,3.47,5,1.262,0,0.99,0.0,3.83,2,7,1,2.312,7,4,0,5.427,2,7,7,0
6,1,0,5,0,4,7,1,5,2,3,5,4,1.475,2,4,3,7,0.561,-2.224,0.0,3,0.791,5,5,2.384,0,2,2.799,2.75,0,0.415,0,0.552,1.0,1.72,0,2,5,-0.025,5,1,0,1.455,2,0,6,0
2,4,0,1,0,0,7,4,6,6,6,2,4,2.816,6,6,4,5,0.504,6.58,0.0,1,0.963,0,3,-1.81,4,5,2.076,2.35,1,-0.632,5,0.667,0.0,1.94,0,5,5,0.034,6,0,5,-2.095,0,7,1,0
4,6,3,3,0,1,1,0,1,4,1,2,7,-1.735,7,7,4,6,0.314,1.794,0.0,6,1.908,1,5,0.018,0,3,0.614,1.85,5,-0.095,1,0.701,0.0,2.49,3,6,1,-0.088,3,3,5,5.375,3,7,3,0
0,6,0,5,0,2,6,0,6,2,7,5,2,1.734,4,3,6,4,2.374,5.81,0.0,0,3.937,3,0,0.794,6,4,2.636,2.73,7,-0.785,6,1.075,1.0,2.35,6,7,4,2.46,5,2,1,0.702,2,2,1,0
5,2,4,3,1,5,7,5,1,6,3,7,2,1.04,3,6,6,7,3.6,3.411,0.0,6,4.078,5,3,1.313,4,1,1.685,2.62,5,-0.169,3,2.435,1.0,3.0,0,4,3,4.687,3,3,5,6.471,7,4,1,0
4,6,4,0,1,2,3,5,0,2,3,0,0,4.028,7,0,2,6,2.667,1.015,0.0,3,4.174,4,4,2.543,6,7,3.716,2.26,7,0.467,3,3.348,1.0,4.53,0,3,0,2.066,6,0,7,1.011,3,6,4,0
1,5,6,7,0,7,7,6,2,3,5,2,4,1.524,5,5,2,1,0.457,4.786,0.0,6,-1.747,1,6,2.826,0,1,0.234,4.19,5,-0.666,7,0.718,-0.0,0.51,5,3,1,-0.003,6,3,0,0.142,7,2,3,0
1,5,3,4,0,6,1,6,2,3,3,6,7,1.662,4,7,0,0,0.17,1.606,0.0,3,0.822,5,5,2.054,6,0,1.286,2.41,1,-0.362,6,0.778,-0.0,6.04,2,6,7,2.295,7,5,7,0.671,5,2,0,0
4,4,5,0,0,2,5,4,1,0,1,2,6,1.754,6,2,2,2,2.183,2.433,0.0,1,3.287,3,5,2.174,7,7,1.569,4.54,0,-1.104,0,1.392,1.0,3.45,5,7,0,2.225,4,1,0,0.305,1,6,7,0
5,7,4,7,0,3,4,5,3,1,2,0,0,-1.369,4,3,6,7,0.631,2.657,0.0,5,0.368,3,7,2.941,3,4,0.212,1.49,1,-1.024,2,1.058,1.0,6.16,0,7,4,1.185,2,2,2,1.149,6,0,7,0
2,4,3,4,1,1,5,6,2,4,5,7,3,6.182,2,0,5,1,3.278,8.465,0.0,6,4.012,0,2,5.036,1,2,5.203,2.17,7,-0.53,4,4.502,2.0,3.82,0,5,3,6.061,0,0,4,6.163,6,5,2,0
4,0,6,7,0,5,4,6,0,3,1,7,5,3.789,4,4,5,7,1.736,0.244,0.0,0,2.877,4,6,2.123,1,1,1.652,2.87,4,-0.521,1,2.604,1.0,2.2,2,5,4,5.201,5,3,7,1.558,7,2,2,0
7,5,1,1,0,1,7,3,2,4,1,6,6,0.171,3,0,2,1,2.22,-0.055,0.0,1,3.322,5,0,-0.687,2,4,0.447,3.15,0,-0.816,6,2.894,1.0,2.43,3,5,7,2.998,5,4,4,6.288,2,5,1,0
6,4,6,0,0,6,2,6,6,7,1,6,7,3.729,4,0,7,4,0.4,2.312,0.0,2,0.528,5,5,2.491,3,2,1.218,3.99,1,-1.345,4,0.174,1.0,4.96,7,5,0,1.559,2,3,7,2.141,2,5,4,0
4,1,1,1,0,5,1,4,7,3,2,0,5,3.131,0,0,4,3,1.882,-2.543,0.0,4,1.564,0,0,1.251,7,3,0.508,2.8,0,0.38,5,2.257,1.0,3.89,2,4,6,-5.592,3,5,4,-0.551,0,7,4,0
7,0,7,3,0,5,1,1,7,7,0,3,6,0.162,5,1,1,1,1.651,1.162,291.75,4,1.977,0,7,4.621,2,2,3.826,5.1,6,-0.731,0,1.613,2.0,7.73,7,2,6,1.715,4,4,5,1.653,4,6,2,1
5,4,0,1,1,0,1,3,4,1,4,0,2,2.845,1,3,3,2,3.621,3.041,455.27,4,3.559,3,6,4.896,2,7,6.102,5.88,7,0.56,1,4.162,2.0,8.1,5,1,3,4.908,3,3,3,3.119,4,0,5,1
6,7,5,4,1,4,7,1,0,5,0,0,7,4.93,4,0,7,0,3.301,0.35,559.69,0,4.667,2,4,6.528,2,2,4.877,3.69,0,1.014,6,4.439,2.0,8.65,3,5,1,4.921,7,1,7,0.583,4,2,6,1
7,7,7,2,1,4,4,2,4,4,4,5,5,5.49,3,2,5,2,6.277,7.953,0.0,4,5.641,0,5,4.53,6,6,4.615,2.69,0,-0.122,3,6.221,3.0,7.35,0,6,3,8.679,7,7,5,8.881,4,7,7,1
1,0,0,7,0,6,2,6,3,7,0,7,3,-1.347,4,3,2,2,1.991,6.089,774.66,3,-0.034,4,0,1.471,2,2,0.891,2.3,3,-0.432,3,2.559,1.0,7.15,2,3,3,2.066,3,1,1,0.738,0,0,5,1
7,0,7,4,0,7,0,7,7,0,7,6,4,-0.887,3,5,6,1,0.969,2.625,0.0,1,1.566,2,7,5.207,7,6,0.674,1.79,4,-1.845,1,1.884,1.0,3.72,6,7,4,4.141,0,4,0,-0.748,4,5,3,0
7,4,5,2,0,4,2,2,6,7,6,2,1,-3.091,5,4,3,6,0.617,0.926,0.0,7,1.147,4,1,1.26,7,3,-0.878,6.35,5,-0.994,4,0.49,-0.0,4.81,4,4,3,-2.292,7,0,7,1.873,2,3,2,0
4,1,0,1,0,2,3,3,1,6,4,7,7,-1.785,6,1,7,2,0.427,-0.359,0.0,6,0.211,5,2,0.492,3,4,0.66,2.15,2,0.54,7,0.948,0.0,3.16,1,2,3,-4.067,2,5,6,2.619,4,3,3,0
0,2,5,2,1,6,4,5,2,6,1,2,4,4.933,1,3,7,2,5.048,2.652,0.0,0,3.797,1,0,5.007,5,0,5.702,1.02,6,-1.618,0,5.072,2.0,4.66,5,2,5,2.144,4,7,6,6.289,0,1,3,0
6,6,4,5,0,4,1,7,4,6,4,6,7,1.682,4,5,7,7,2.253,1.997,0.0,1,4.413,5,7,3.494,4,2,1.286,3.02,4,-0.099,1,2.314,2.0,7.29,4,1,6,3.792,6,1,0,1.639,4,7,5,0
2,0,2,5,0,0,0,2,3,3,0,3,3,0.74,0,5,7,0,1.635,1.256,0.0,3,0.132,6,4,-2.285,2,6,1.017,4.44,2,-0.098,1,2.008,1.0,3.92,3,5,1,-3.838,2,3,7,1.438,3,1,4,0
0,1,0,4,0,6,5,6,4,4,3,2,2,2.339,5,6,4,1,1.784,3.881,0.0,1,2.365,0,5,0.278,7,5,0.904,2.44,0,1.377,3,1.675,1.0,3.97,0,6,5,2.495,4,7,1,1.487,7,3,3,0
0,2,5,3,0,5,3,3,7,3,4,2,4,0.093,2,4,2,1,0.348,1.656,0.0,7,-0.157,7,4,1.255,0,4,-1.647,1.53,6,-0.751,7,0.758,0.0,5.57,5,2,7,0.31,3,2,6,-3.273,3,3,6,0
3,7,3,3,1,5,1,5,1,2,1,0,3,5.297,4,1,3,6,3.73,4.24,0.0,3,3.062,2,3,4.393,4,3,3.924,4.39,0,1.065,6,3.591,2.0,6.68,2,5,2,6.803,1,3,5,1.332,6,5,3,0
0,6,7,4,0,7,5,3,0,5,4,1,0,2.446,4,0,6,7,0.687,2.551,0.0,5,-1.164,6,3,-0.56,3,5,0.142,1.28,5,-0.382,6,0.602,1.0,4.66,6,1,1,3.528,4,4,1,-2.369,0,0,1,0
2,6,2,3,0,0,4,1,0,3,4,2,0,-1.569,0,6,3,6,1.297,2.084,0.0,7,1.497,0,4,1.029,0,7,1.169,3.78,5,-0.428,2,0.31,1.0,0.49,6,2,4,6.492,3,1,5,1.919,0,5,2,0
3,2,4,1,0,5,4,7,3,5,0,7,6,1.709,2,1,6,4,1.743,2.406,0.0,5,-0.715,7,0,2.628,4,7,-0.564,3.9,1,-0.596,6,0.583,0.0,1.84,1,6,0,-0.954,0,2,2,0.863,5,4,4,0
2,0,2,6,0,2,2,6,7,4,3,0,4,-1.907,4,6,2,5,0.354,0.309,0.0,1,0.546,2,7,1.347,3,0,2.131,2.7,3,1.681,6,1.164,0.0,2.13,5,3,6,-3.741,4,0,1,1.638,1,1,0,0
1,3,6,7,1,1,6,1,3,1,0,6,6,2.337,3,6,6,4,4.033,7.369,0.0,0,4.93,5,7,1.735,1,5,5.362,2.58,5,0.329,6,3.833,2.0,1.84,2,5,0,1.756,6,1,5,1.213,5,1,2,0
0,2,0,6,1,2,1,3,7,3,7,6,1,1.536,1,6,5,5,3.566,2.02,341.49,5,2.965,6,4,7.256,4,0,5.098,2.37,6,1.409,1,3.895,3.0,6.19,3,7,1,3.054,5,1,0,3.035,5,6,5,1
0,5,2,5,0,1,7,7,2,5,1,4,5,-0.115,4,3,2,6,1.599,1.721,167.05,3,2.065,5,2,-0.21,2,1,-0.45,4.08,5,0.343,4,1.288,1.0,8.05,1,4,7,2.929,2,4,0,-1.63,2,2,0,1
7,2,0,7,0,4,5,5,5,4,6,0,1,0.491,2,3,1,4,1.626,-0.382,0.0,4,1.938,7,3,2.226,4,5,2.745,1.57,2,-0.161,0,1.212,1.0,4.25,0,7,4,1.706,6,2,2,1.364,2,0,5,0
3,7,2,0,0,2,4,5,2,5,5,5,2,-0.272,5,5,2,7,1.257,-1.213,0.0,4,2.181,5,1,0.972,0,3,2.603,3.32,2,-1.604,0,1.127,1.0,2.13,5,3,6,0.696,4,3,4,-2.093,5,6,7,0
0,4,0,7,0,4,5,4,4,5,2,2,6,-6.471,1,1,3,6,1.983,0.333,0.0,7,2.575,7,1,3.322,5,1,1.638,1.49,7,0.763,2,1.157,0.0,7.78,4,2,1,2.911,0,1,0,3.806,2,5,0,0
7,6,1,3,0,3,7,7,6,3,6,2,7,-1.978,4,0,7,6,-0.008,-1.329,0.0,6,-0.904,0,4,0.007,1,5,0.555,5.26,7,-0.517,6,-0.063,0.0,4.2,6,7,7,2.19,6,0,1,-0.044,6,2,3,0
0,5,7,6,0,2,6,0,4,6,2,6,7,1.699,2,2,3,3,1.095,2.575,0.0,7,1.13,6,1,2.976,4,4,1.912,2.89,7,-0.719,5,1.264,1.0,4.29,0,1,5,2.131,6,1,6,4.096,0,6,7,0
1,4,3,5,0,6,6,5,0,1,7,2,5,3.781,7,4,7,6,2.242,3.459,0.0,1,3.34,6,3,2.264,4,2,2.261,4.02,7,1.052,3,1.955,1.0,5.45,3,4,0,0.328,7,4,5,2.684,1,5,2,0
7,4,5,0,0,6,3,2,7,4,3,1,7,-3.111,5,0,1,2,0.934,2.398,0.0,4,0.339,2,4,2.708,7,2,0.83,1.61,6,-0.969,7,1.28,-0.0,5.43,6,6,6,1.38,6,6,4,5.004,0,6,0,0
1,0,1,4,0,0,3,5,4,5,5,3,2,-0.084,0,6,7,6,0.805,2.271,0.0,1,-2.239,4,7,0.97,1,1,1.212,4.21,6,-0.242,2,0.828,1.0,3.8,4,1,5,4.792,6,7,4,3.118,2,0,3,0
6,2,6,4,1,6,3,5,7,3,3,6,2,-0.28,1,3,6,4,3.034,2.888,0.0,4,1.59,6,7,4.638,5,0,4.695,3.38,1,-0.048,2,2.46,1.0,6.63,7,6,2,4.833,0,3,5,5.03,5,7,7,0
0,1,5,6,0,6,0,0,7,2,4,2,2,-1.436,7,0,0,2,1.364,0.343,0.0,7,0.746,5,7,0.662,4,4,2.493,0.96,2,-1.175,2,1.529,1.0,3.58,5,1,0,3.749,2,2,5,-1.055,0,6,5,0
3,5,2,3,0,3,0,3,4,4,2,6,1,-0.115,1,5,5,4,0.459,-0.01,0.0,1,-0.127,0,5,1.149,3,5,0.038,4.42,2,0.161,7,-0.196,1.0,6.55,0,0,5,0.292,4,6,1,0.399,5,6,4,0
1,1,1,0,0,1,5,3,0,1,2,7,4,0.734,4,0,5,6,0.499,3.194,0.0,4,0.853,3,7,0.122,0,3,-0.893,2.06,7,1.245,0,1.046,0.0,3.87,2,1,3,-0.499,2,0,4,2.85,4,6,4,0
6,3,7,3,1,2,2,2,5,5,1,3,0,3.678,7,3,1,5,2.409,5.113,686.95,1,3.338,1,7,0.393,3,3,1.491,2.11,4,1.49,1,2.153,1.0,7.92,0,5,5,1.547,4,7,5,5.636,4,0,2,1
0,3,3,2,1,7,1,3,2,5,5,5,5,4.081,7,1,0,5,3.296,4.626,343.69,5,3.202,4,7,5.073,2,7,1.453,6.86,4,1.231,5,2.809,2.0,7.13,4,4,3,-0.988,7,3,3,7.388,5,3,2,1
2,6,1,1,1,2,6,6,5,2,2,3,2,0.673,1,3,1,5,3.195,4.703,527.79,6,2.679,2,2,9.493,0,2,4.214,6.39,2,1.685,7,3.75,2.0,6.46,0,1,7,0.565,1,5,4,2.333,5,5,2,1
0,6,3,7,0,6,1,7,2,3,2,6,4,2.586,3,6,1,4,1.057,-2.984,0.0,7,2.286,2,4,1.965,1,5,2.292,3.09,5,-1.131,2,1.473,0.0,3.4,2,4,2,-0.217,2,3,4,6.144,0,5,5,0
2,6,2,0,1,0,0,5,3,6,2,2,6,1.137,5,3,2,2,2.732,1.715,0.0,1,1.763,0,3,2.891,4,7,1.495,5.96,0,1.016,2,2.777,1.0,3.86,6,1,2,-0.915,0,0,3,2.946,4,2,0,0
5,3,6,5,0,4,5,0,5,1,1,5,3,2.536,0,2,2,2,1.483,3.925,0.0,0,0.728,4,3,1.992,4,7,2.643,2.42,6,0.722,3,3.393,2.0,5.76,2,4,0,2.612,2,7,7,-1.667,6,0,2,0
3,4,0,2,1,2,1,6,1,3,5,4,6,-0.452,5,2,4,7,2.467,0.809,0.0,4,3.433,4,0,-1.003,3,7,1.069,4.9,4,1.093,2,2.302,2.0,6.34,1,3,6,3.346,1,1,6,0.258,7,3,0,1
2,3,5,0,0,4,0,4,0,6,2,0,6,1.886,4,6,0,3,2.762,2.309,0.0,5,3.237,6,6,3.94,2,7,1.287,2.23,3,-0.435,4,2.41,2.0,1.05,0,5,3,1.364,4,1,2,2.609,0,5,3,0
3,4,3,5,0,1,4,7,3,2,3,4,1,3.526,2,5,5,1,1.025,1.657,0.0,0,0.75,5,2,1.982,4,2,-0.061,2.82,2,-0.842,6,0.848,2.0,3.75,1,3,3,-0.233,6,2,5,1.958,3,7,1,0
7,7,2,3,0,5,0,5,1,7,2,2,0,2.894,6,1,4,4,1.635,3.658,406.08,6,2.421,1,3,1.042,3,6,1.938,3.85,7,-0.525,1,0.865,1.0,7.15,1,4,6,-0.673,0,4,0,3.834,6,3,0,1
0,2,2,6,0,1,1,2,6,5,3,6,0,4.195,3,2,0,3,1.792,0.4,0.0,6,1.111,7,2,2.856,7,7,0.082,4.92,2,-0.571,3,2.552,2.0,4.43,2,4,2,1.082,2,2,1,0.224,2,2,0,0
5,5,5,0,1,6,5,2,6,1,3,0,2,4.65,1,2,2,6,2.946,4.338,0.0,2,3.627,0,3,0.485,7,7,4.206,1.77,0,0.366,2,2.325,2.0,5.06,3,1,7,5.991,1,6,5,5.666,5,2,0,0
7,0,4,1,0,0,5,0,0,6,6,1,1,0.599,5,4,7,1,2.002,2.957,0.0,5,4.377,7,3,2.919,2,5,1.636,2.1,5,2.208,5,0.831,2.0,3.06,4,7,4,0.43,1,4,4,-0.358,7,2,1,0
2,4,1,2,1,0,5,7,7,1,7,7,3,1.459,0,3,4,3,2.463,3.545,0.0,3,4.424,4,3,3.134,2,7,0.873,0.43,4,1.523,6,3.294,2.0,6.68,7,0,3,1.669,2,6,2,1.18,5,0,1,1
4,6,5,4,0,3,0,1,0,1,1,6,3,0.42,1,3,6,7,0.43,-0.661,0.0,5,-1.911,7,1,3.625,3,2,1.084,3.53,5,0.878,3,0.982,1.0,2.69,1,6,1,5.337,1,1,4,-1.617,1,6,2,0
4,4,1,3,0,6,0,3,3,5,0,0,2,-0.719,5,3,4,7,0.328,0.071,0.0,7,0.394,6,2,2.124,7,4,-0.779,1.55,4,-0.753,4,-0.418,1.0,6.14,6,0,7,-1.422,5,0,3,0.09,2,2,0,0
3,4,7,0,1,5,0,5,2,3,5,0,7,-0.787,4,1,0,7,4.223,2.517,0.0,1,4.281,3,6,5.177,5,5,4.552,1.22,1,2.671,4,4.257,2.0,4.79,0,7,1,5.373,4,5,7,5.144,1,0,5,0
4,4,5,2,0,6,3,3,7,6,2,0,1,1.011,0,0,2,2,1.847,-0.021,0.0,3,0.83,0,3,3.941,2,3,2.744,1.56,6,-1.086,6,1.524,1.0,3.63,0,1,4,-0.024,5,3,7,-3.038,4,2,0,0
3,5,1,1,0,0,5,0,2,3,1,4,4,0.31,1,6,1,4,1.108,2.23,0.0,6,3.798,5,7,2.274,7,5,1.89,0.49,2,-1.542,2,1.503,1.0,2.28,2,4,2,0.802,0,2,0,1.228,3,7,1,0
6,2,1,5,1,6,4,1,1,7,1,4,4,7.457,7,2,0,7,2.052,4.569,450.6,0,5.015,4,4,-1.8,4,5,3.155,5.24,2,-1.304,5,2.418,2.0,6.78,4,7,1,0.69,5,4,0,2.815,2,1,2,1
5,7,2,1,0,0,2,0,7,7,6,5,0,0.792,4,3,1,4,1.474,3.63,0.0,0,-0.039,1,1,4.372,6,5,2.181,3.24,3,3.351,7,0.591,0.0,5.49,2,1,3,2.972,3,3,0,-1.305,6,7,4,0
7,5,7,1,1,4,4,5,4,3,0,1,5,0.751,2,7,0,0,3.148,4.202,0.0,7,1.519,7,1,4.575,1,7,5.087,1.57,7,1.048,3,2.752,2.0,2.61,7,2,4,5.352,1,1,5,3.976,2,4,6,0
4,1,4,2,0,5,5,5,2,2,3,0,7,1.827,7,7,6,3,0.152,-0.052,0.0,1,1.266,3,0,0.775,4,0,-1.076,4.33,2,-0.384,2,-0.184,1.0,4.85,6,4,5,1.792,0,0,3,2.824,6,3,2,0
2,4,6,6,1,2,2,5,7,0,5,2,3,0.071,1,0,7,3,1.965,-0.128,0.0,1,3.885,4,2,6.108,7,5,5.33,2.26,0,0.998,3,2.464,2.0,4.41,1,0,7,0.534,3,7,4,5.292,0,2,6,0
3,7,6,4,0,4,5,3,2,2,6,4,3,-1.894,2,3,0,4,2.086,3.019,0.0,6,1.65,7,7,1.793,5,2,-0.005,2.55,7,0.003,3,1.967,2.0,1.82,0,1,6,5.421,5,5,3,1.331,4,3,6,0
7,2,6,7,1,6,2,3,2,2,7,3,2,6.001,1,2,7,3,5.374,9.381,0.0,3,5.392,6,0,7.63,4,6,7.271,7.24,1,0.627,3,6.237,3.0,6.77,3,1,6,8.082,7,7,5,2.869,4,2,4,1
1,5,2,0,0,3,0,1,1,2,1,6,3,2.757,5,4,1,7,1.709,3.028,0.0,7,0.706,3,1,2.966,1,1,1.647,3.29,1,-0.282,6,3.007,1.0,4.86,6,2,0,-0.057,5,2,0,2.155,6,6,1,0
4,3,7,0,0,4,6,1,3,7,3,6,4,2.336,4,2,1,3,-0.118,-2.445,0.0,5,-0.709,3,6,0.417,3,5,1.023,3.21,5,0.604,3,-0.064,0.0,5.43,4,1,0,3.688,3,2,2,2.472,4,2,4,0
5,2,1,7,1,4,2,0,6,0,4,3,0,1.169,2,4,5,2,3.783,6.884,0.0,3,5.755,5,7,5.882,1,1,3.095,3.34,7,1.61,2,4.636,2.0,0.26,2,7,1,3.235,5,6,3,5.442,3,4,7,0
3,7,6,7,0,4,3,3,5,0,3,0,7,3.245,0,3,7,3,1.43,-0.811,0.0,1,1.622,2,6,1.746,5,0,0.544,2.81,4,0.226,1,1.626,-0.0,5.07,2,3,0,0.886,4,3,0,4.015,5,4,5,0
5,7,6,4,0,6,6,5,6,1,1,2,1,0.988,3,1,4,5,0.802,-1.383,0.0,2,0.706,0,1,1.813,4,5,-0.028,2.88,3,1.487,2,1.16,1.0,1.76,1,2,3,0.584,6,2,0,1.851,3,4,5,0
3,3,0,2,0,3,5,2,3,2,5,0,2,-3.561,6,6,5,5,-0.155,2.344,0.0,0,-0.049,4,6,2.638,6,0,1.01,1.92,7,0.968,5,0.043,0.0,3.96,7,2,5,2.64,6,0,7,1.365,5,2,3,0
3,0,2,5,0,3,0,5,1,5,1,2,3,-0.295,7,6,3,3,0.355,-4.78,0.0,0,1.958,3,1,2.579,5,6,2.408,3.43,0,0.533,1,1.376,0.0,5.2,1,1,6,-2.44,6,6,1,1.066,2,6,2,0
7,2,5,5,0,1,3,0,4,2,7,6,1,0.9,2,5,6,4,1.789,1.098,701.34,7,0.643,7,2,-0.164,4,7,2.555,7.24,5,0.422,3,0.34,0.0,8.57,1,7,3,2.051,4,2,2,-0.189,2,7,6,1
7,2,5,3,0,6,3,7,5,0,3,7,5,-0.016,1,1,6,2,1.047,1.367,0.0,5,1.751,4,6,0.391,3,7,2.362,2.42,0,0.704,4,0.574,0.0,3.43,4,5,4,2.677,4,7,5,2.512,2,7,2,0
6,4,5,7,0,4,6,4,4,1,4,6,7,-3.239,7,2,7,1,1.207,2.697,0.0,4,0.203,1,5,1.933,7,0,-1.18,3.78,7,2.06,4,0.977,2.0,4.79,6,5,1,0.908,6,5,3,-2.283,3,1,3,0
5,1,3,3,1,3,6,4,6,0,2,6,5,7.506,1,5,5,6,0.87,3.852,0.0,5,2.485,1,0,1.865,0,0,-1.056,4.46,7,1.494,1,1.155,1.0,2.83,6,1,7,-1.167,6,1,7,3.267,7,4,1,0
1,0,3,4,0,4,5,1,3,2,3,0,4,0.677,0,5,3,1,2.493,4.004,248.33,1,1.64,5,1,1.063,3,2,4.033,3.95,6,1.989,5,3.83,1.0,6.21,5,5,5,0.031,1,5,3,5.526,6,4,7,1
0,5,3,1,0,5,0,6,6,7,3,4,7,0.173,0,1,4,0,0.862,2.576,0.0,1,2.616,5,7,-3.034,7,4,2.744,2.21,0,-1.29,1,2.379,1.0,2.72,6,2,6,0.596,2,1,6,2.63,7,3,0,0
3,3,2,3,0,1,1,4,7,0,4,1,2,2.103,0,4,0,2,2.202,1.022,0.0,4,1.031,2,1,1.597,4,1,3.093,3.54,0,0.657,2,1.715,1.0,2.54,6,0,3,1.258,2,7,7,0.635,5,3,4,0
0,5,6,3,0,7,6,3,3,3,6,1,6,1.052,6,3,6,0,0.879,-0.382,0.0,7,0.302,5,0,1.306,1,4,0.785,6.51,4,0.481,0,0.376,0.0,6.16,7,2,2,3.121,4,6,4,0.731,0,4,5,0
3,4,4,2,1,0,0,6,3,2,6,4,2,5.628,4,4,2,4,5.153,5.157,0.0,7,6.095,1,3,1.708,2,7,6.541,-2.2,1,0.031,4,5.587,2.0,4.48,2,5,7,5.89,2,0,4,2.673,6,2,5,0
5,2,4,3,0,5,3,2,7,4,2,7,0,2.428,7,6,3,6,1.644,0.431,0.0,5,0.677,2,6,-0.757,2,4,0.086,2.7,1,-0.375,5,1.272,1.0,2.6,3,2,3,1.969,1,6,3,7.118,2,5,6,0
0,6,5,2,0,7,3,3,7,0,1,6,2,2.617,1,7,3,0,-0.161,1.834,0.0,5,0.107,1,3,0.113,3,7,-0.268,3.95,7,-0.871,5,1.244,-0.0,2.96,7,3,2,0.868,6,3,7,2.422,7,3,1,0
1,0,1,5,0,1,2,1,2,7,1,0,5,2.001,7,3,2,6,-0.039,5.326,0.0,5,-0.44,7,0,1.117,5,5,1.976,1.61,4,-1.072,4,1.156,0.0,4.55,5,6,2,0.658,1,0,2,1.353,4,5,6,0
1,6,1,2,1,0,2,3,4,6,2,1,7,5.534,2,2,2,5,3.443,6.565,0.0,3,0.963,1,6,6.15,1,2,4.618,4.57,6,-2.847,0,2.949,2.0,5.23,2,7,0,0.793,0,2,3,-2.063,3,7,0,0
1,5,5,7,0,5,4,0,5,7,2,7,5,-1.256,1,4,6,4,1.344,-0.059,407.34,3,1.959,1,6,3.313,1,1,2.434,2.91,7,-0.268,7,2.047,1.0,9.07,3,0,5,-0.206,1,6,1,1.12,2,4,5,1
2,3,3,5,0,4,7,4,0,7,5,5,3,2.327,0,0,2,3,1.281,0.201,0.0,3,2.687,4,4,2.92,2,1,2.487,3.22,3,-0.032,0,0.796,1.0,2.05,4,6,5,3.345,6,1,1,-0.964,0,1,1,0
4,5,2,1,0,4,5,5,3,5,5,6,1,1.791,6,6,7,4,-0.434,-1.742,0.0,0,-1.294,2,3,0.162,3,6,1.184,0.48,1,-1.311,1,0.226,-0.0,3.52,1,7,3,0.203,1,2,6,-1.242,3,0,6,0
4,1,4,5,0,5,2,3,3,3,1,0,2,1.72,1,3,3,3,0.511,1.128,0.0,3,-2.469,7,0,1.879,3,5,-1.289,4.53,0,0.569,4,0.413,-0.0,5.05,6,3,4,0.898,2,4,6,1.617,7,0,4,0
1,4,7,3,0,2,1,0,5,4,7,3,0,4.024,0,2,7,7,0.475,-1.303,0.0,1,0.594,1,0,3.604,0,1,0.786,3.81,7,-1.439,2,0.842,0.0,2.78,3,3,5,0.123,0,4,1,0.189,3,7,6,0
2,6,5,3,0,7,4,2,0,3,5,1,7,1.278,3,1,3,5,0.304,-5.698,0.0,2,0.869,1,3,-2.226,2,5,-0.508,4.42,7,-0.033,5,0.316,0.0,3.48,0,7,3,0.648,5,6,6,-2.897,2,3,3,0
4,0,1,6,1,1,0,1,1,7,3,2,7,0.617,4,0,6,2,5.172,3.515,0.0,7,5.95,7,5,4.162,4,6,4.249,4.44,7,0.042,4,3.901,3.0,2.31,0,7,7,4.063,1,3,1,5.601,4,6,3,1
6,0,7,4,0,2,3,6,3,7,3,4,3,0.292,0,6,2,3,1.825,1.827,0.0,2,2.234,3,5,-1.436,1,3,0.629,2.14,3,0.681,4,1.937,1.0,5.1,6,0,7,4.14,4,1,2,5.445,3,6,2,0
6,4,6,3,0,7,3,2,5,2,6,1,1,0.114,6,7,4,0,2.431,1.781,0.0,4,3.189,7,6,3.139,4,2,3.474,2.88,3,0.234,3,1.46,1.0,1.81,4,3,7,0.403,1,2,6,4.355,0,0,2,0
7,5,0,7,0,1,0,2,4,5,2,5,6,1.925,7,3,0,5,2.355,0.673,0.0,5,1.814,4,5,0.438,0,3,2.666,4.04,7,-0.105,7,2.428,2.0,6.12,5,7,0,1.026,3,0,3,-1.957,1,5,0,0
3,6,2,3,0,1,4,4,3,0,7,5,2,1.25,7,2,4,3,0.226,1.196,0.0,4,-0.179,0,7,-0.976,0,1,-1.192,2.23,6,0.027,3,-0.445,-0.0,3.72,7,5,1,3.3,1,1,2,-0.953,4,0,1,0
2,1,0,5,0,0,6,3,0,7,1,6,1,2.132,4,6,6,0,1.665,1.281,0.0,5,2.574,5,6,-0.405,6,4,1.753,4.97,5,-0.436,4,0.695,1.0,4.23,0,7,6,2.453,5,6,2,1.455,0,5,3,0
4,5,6,1,1,3,2,1,2,3,5,5,7,2.794,6,2,3,1,3.326,3.891,190.49,4,2.226,4,7,1.995,0,7,2.529,4.36,6,-0.808,2,2.85,2.0,7.25,3,3,7,3.846,0,5,2,4.239,0,5,6,1
5,4,5,2,0,7,1,1,4,7,1,0,2,2.51,6,5,5,7,1.316,1.75,0.0,1,1.772,2,4,2.854,2,7,1.174,4.25,6,0.399,0,1.149,1.0,4.13,3,6,4,5.762,7,3,2,3.734,1,0,4,0
3,4,6,2,1,7,1,0,7,5,3,1,7,0.652,7,2,0,4,3.923,3.056,803.15,2,2.193,2,4,-1.016,6,6,4.823,5.34,2,0.935,5,3.58,2.0,7.69,6,0,1,5.146,7,1,2,4.937,5,6,4,1
6,4,3,3,0,2,5,0,3,7,6,4,0,0.861,6,4,5,2,0.956,0.538,0.0,0,1.166,6,6,2.059,4,4,1.835,3.27,1,-1.265,4,0.561,-0.0,0.83,7,5,2,2.325,6,5,7,-0.479,6,5,4,0
3,2,6,0,1,2,5,0,7,1,1,1,3,4.639,4,4,1,3,4.532,5.224,494.39,4,3.849,6,0,4.093,7,7,5.723,2.71,0,1.782,0,5.265,2.0,6.76,2,0,1,2.874,5,2,4,9.017,4,5,2,1
5,6,7,4,0,3,2,6,6,2,6,5,7,0.146,6,5,1,4,1.797,0.014,0.0,3,2.086,5,1,-0.647,6,7,1.306,3.21,0,0.465,1,0.875,0.0,5.27,4,0,5,0.693,5,7,4,2.35,2,0,3,0
1,0,0,6,1,2,5,1,2,0,7,0,6,5.961,2,3,1,7,3.711,1.831,706.54,1,3.753,3,6,6.043,5,6,2.494,2.8,0,-0.108,1,3.408,2.0,8.45,1,0,5,3.868,5,7,4,3.581,5,3,5,1
4,2,7,5,0,1,0,6,1,3,3,5,0,-0.215,6,6,0,4,0.388,6.877,0.0,3,-1.221,3,3,0.682,4,3,0.489,3.22,3,-0.156,0,0.949,1.0,6.59,6,6,3,3.582,7,7,6,1.357,0,6,0,0
3,6,4,5,0,6,5,1,6,1,7,7,3,2.389,6,5,2,6,0.506,2.508,0.0,5,1.445,6,3,-0.142,5,2,0.435,2.88,4,-1.206,4,0.908,0.0,5.23,7,2,6,0.717,6,4,7,0.63,1,4,4,0
4,4,3,5,0,4,1,7,1,5,0,7,3,1.195,5,1,6,5,0.19,1.453,0.0,3,1.093,2,1,-0.241,7,6,-0.248,6.39,7,-2.786,2,0.929,-0.0,3.05,7,3,3,0.921,5,3,4,-2.496,3,3,1,0
1,5,7,1,0,1,3,0,3,5,1,7,4,-0.377,6,6,7,5,1.672,-0.902,0.0,4,0.485,0,4,1.738,6,3,-0.167,4.68,4,-0.992,4,1.228,1.0,8.62,1,4,6,0.586,0,7,0,0.711,0,5,0,0
2,2,3,0,0,6,1,4,4,7,6,3,6,-1.378,2,6,7,4,0.22,3.264,0.0,7,-0.227,5,2,1.664,7,5,1.384,2.2,2,2.511,2,0.515,0.0,5.59,5,1,2,2.137,2,1,5,-0.535,2,4,0,0
2,0,1,0,0,1,5,1,5,1,5,5,7,3.751,1,2,1,1,1.269,5.032,0.0,5,1.929,3,2,3.21,0,4,3.165,2.04,6,1.588,3,1.175,1.0,3.37,1,2,5,3.303,7,5,5,0.876,6,6,6,0
4,6,3,2,1,5,5,6,2,0,5,7,4,3.146,5,1,5,5,3.358,2.279,0.0,5,4.749,5,5,2.924,5,6,1.165,1.78,3,1.334,5,3.387,1.0,5.61,0,1,7,2.61,5,1,6,2.233,0,4,4,0
5,2,4,2,0,7,3,4,2,6,7,2,6,2.134,6,7,1,1,-0.079,-0.53,0.0,6,2.884,6,1,0.816,5,4,-0.1,1.17,1,0.324,1,0.973,-0.0,6.03,3,3,2,-2.041,4,3,1,1.564,4,2,1,0
6,5,5,1,0,7,4,5,4,2,0,7,0,1.135,3,2,5,4,1.926,1.44,0.0,5,1.68,0,2,4.007,6,7,1.805,6.01,3,-0.322,6,1.569,0.0,3.49,0,0,4,2.697,6,5,6,0.419,1,2,2,0
1,0,5,7,0,1,6,3,1,2,1,2,3,3.625,6,6,4,2,1.408,3.001,0.0,2,3.448,3,4,0.633,3,3,3.051,4.84,5,-0.367,5,1.343,2.0,4.71,5,1,2,6.439,0,7,4,0.394,4,2,6,0
2,5,1,0,1,7,7,5,2,6,0,6,2,2.211,4,0,3,4,3.904,0.25,0.0,0,4.095,7,0,5.041,2,5,5.18,3.15,1,-0.548,6,3.838,2.0,7.24,7,5,1,5.606,0,5,2,9.093,7,5,7,0
3,3,2,2,0,2,5,1,7,1,0,3,5,0.148,4,3,1,0,0.637,-5.021,0.0,5,3.668,4,0,-0.24,7,4,3.147,5.19,3,-0.418,1,0.757,0.0,3.57,5,3,4,1.443,1,1,1,0.846,0,0,4,0
2,4,1,4,0,7,5,7,2,4,6,0,0,-1.162,7,4,6,1,1.33,1.253,191.66,2,1.165,2,7,-0.912,5,1,1.114,3.32,3,0.553,2,0.468,-0.0,7.47,5,6,3,-0.469,4,3,5,1.701,4,1,7,1
4,0,6,4,0,7,4,3,0,5,0,2,6,5.071,0,0,0,1,0.593,2.623,0.0,0,1.505,4,2,0.608,3,1,1.586,1.27,0,-0.107,3,1.0,0.0,2.74,4,7,3,1.122,5,5,0,-1.404,0,4,4,0
3,5,4,3,0,0,7,1,5,2,7,0,1,-2.141,1,1,7,3,0.256,0.123,0.0,1,-0.883,7,3,-0.272,7,0,-2.067,2.96,2,0.315,7,0.248,-0.0,4.7,7,3,3,1.76,1,3,5,0.068,4,5,2,0
5,0,6,4,0,1,7,1,3,7,1,5,2,2.508,2,4,0,1,0.954,-0.489,0.0,3,-0.578,5,4,-2.267,3,1,-1.383,1.18,2,0.645,2,0.478,0.0,3.61,7,4,7,0.243,1,2,6,-1.261,2,3,4,0
2,4,5,4,0,6,0,5,2,3,0,5,2,-0.033,4,2,3,4,0.091,2.282,0.0,3,1.359,4,7,-0.659,5,4,-1.507,1.42,2,0.468,0,-0.056,1.0,6.65,3,4,2,-1.614,3,1,4,-1.004,7,5,1,0
2,0,7,7,0,7,0,2,7,1,0,7,6,6.401,4,1,3,5,1.698,3.391,0.0,5,1.089,7,3,5.939,0,4,3.183,3.37,6,0.66,4,1.46,1.0,2.12,2,2,2,0.432,1,6,7,-3.128,3,5,0,0
6,0,3,3,0,3,4,7,5,4,3,5,2,2.855,2,1,4,3,0.532,-1.851,0.0,6,1.85,3,0,1.66,0,0,0.462,3.53,5,1.937,2,0.938,1.0,5.31,0,0,4,-0.692,7,7,0,2.398,0,2,7,0
0,3,5,6,0,6,0,3,2,6,4,1,1,1.603,4,2,5,2,2.113,3.877,0.0,5,1.884,5,6,0.789,2,7,2.966,1.55,2,-0.394,6,-0.279,1.0,3.38,7,3,1,4.584,0,1,6,3.546,3,2,4,0
3,1,0,6,0,6,2,7,4,0,3,6,5,0.47,2,5,7,6,1.228,-0.24,0.0,7,2.229,4,0,-0.105,6,6,0.386,4.05,4,1.26,7,2.282,1.0,5.91,0,0,6,2.089,0,1,3,-4.851,4,0,0,0
7,3,2,2,0,0,7,5,6,1,1,0,4,2.061,5,7,2,2,0.747,-1.105,0.0,3,0.15,3,2,-0.712,3,4,-1.1,4.96,1,0.475,4,0.644,1.0,2.51,0,0,4,-0.351,6,2,1,3.433,1,2,0,0
4,1,6,3,0,3,1,2,7,5,7,1,5,-0.613,5,3,4,5,0.539,-1.416,0.0,0,1.753,2,1,-1.986,1,0,1.814,2.77,2,0.047,2,0.446,-0.0,6.04,5,3,5,3.465,0,0,1,-0.486,4,7,6,0
1,2,4,2,0,1,4,5,6,0,3,7,2,3.029,4,7,6,4,0.13,0.5,0.0,0,1.377,1,5,-0.399,5,5,2.169,1.45,7,1.433,4,1.799,1.0,2.33,5,4,0,4.359,4,5,3,-3.406,7,0,5,0
3,7,7,7,0,6,1,3,7,6,3,3,4,-3.244,6,6,1,5,0.985,0.244,0.0,0,0.495,3,6,-0.716,1,0,-0.955,2.87,3,1.387,2,0.045,0.0,6.94,3,4,2,-1.152,1,6,4,3.939,3,7,2,0
7,1,0,2,0,1,4,0,3,7,4,2,5,4.882,7,6,2,7,2.024,3.057,0.0,3,1.434,3,5,3.125,5,7,2.872,3.96,1,1.359,3,1.057,2.0,6.23,4,4,2,3.692,6,0,2,3.967,5,7,3,1
3,4,4,1,0,6,3,5,1,7,5,0,7,1.329,4,3,7,5,0.961,-1.438,0.0,4,-1.292,7,3,2.815,4,7,1.221,3.17,0,-0.483,7,0.94,1.0,4.42,7,2,6,-0.724,1,4,4,3.09,5,1,4,0
3,0,2,7,0,6,3,2,6,0,1,5,1,2.894,0,0,0,3,2.109,-1.812,0.0,4,-0.419,7,6,1.193,2,1,4.199,5.02,3,-0.958,1,1.775,1.0,2.97,2,2,3,5.152,3,1,0,0.043,4,0,4,0
0,7,6,1,0,4,5,7,1,3,1,4,5,-0.408,0,4,3,4,1.541,4.279,0.0,7,1.333,1,4,0.783,5,4,3.679,1.8,2,2.274,5,0.384,1.0,3.98,6,0,0,1.627,3,3,5,-0.162,0,4,7,0
4,3,4,6,0,4,0,5,2,5,2,2,1,1.03,7,7,2,0,0.884,-0.494,0.0,4,1.635,5,2,1.139,1,4,-0.002,2.65,0,-0.482,6,0.504,1.0,3.73,6,7,2,-1.3,1,6,3,-1.539,1,3,5,0
5,0,6,5,0,0,0,2,6,1,1,7,3,3.209,2,3,7,7,2.321,4.219,0.0,5,3.206,6,4,3.653,2,4,3.884,5.11,7,1.222,7,2.212,2.0,4.71,6,3,5,3.3,7,3,5,-1.772,4,1,3,0
4,0,4,0,1,1,3,1,4,2,1,5,2,7.484,0,4,7,2,3.225,0.584,660.14,4,3.86,3,3,-1.429,6,4,3.913,4.58,5,-0.485,6,4.119,2.0,6.39,4,0,2,-0.183,6,5,1,2.139,7,0,1,1
1,6,7,7,1,1,7,4,5,0,2,7,2,2.334,6,6,4,6,3.221,4.652,0.0,7,3.609,0,6,3.174,4,5,2.846,2.6,7,-0.472,0,4.171,2.0,3.52,1,0,7,6.718,6,2,2,6.487,1,7,7,0
2,3,4,7,0,6,5,3,2,1,3,3,0,4.972,3,1,0,7,0.661,2.65,0.0,0,1.467,2,6,1.347,0,2,3.101,3.48,3,0.374,5,1.383,1.0,2.91,6,5,0,-2.042,6,4,4,1.062,3,3,3,0
4,1,7,4,0,6,5,2,4,6,3,5,5,2.043,0,4,4,7,1.369,-1.511,0.0,0,0.515,0,0,-1.438,0,0,2.903,4.24,5,0.696,1,1.935,1.0,6.09,6,2,1,-1.771,7,5,2,0.876,7,3,7,0
6,1,0,3,0,2,1,0,3,0,4,2,7,-1.18,4,6,7,4,2.014,2.521,413.55,7,1.143,1,7,2.268,1,6,2.953,0.95,1,-0.07,5,1.947,2.0,7.35,5,5,3,2.429,3,7,3,0.808,4,2,2,1
1,4,5,4,0,4,5,6,1,4,2,2,0,0.406,3,1,3,2,0.643,3.181,0.0,1,0.008,0,4,-2.068,5,1,0.898,2.47,0,0.47,2,1.137,1.0,3.18,3,0,2,-1.132,4,4,4,-2.533,1,1,6,0
5,5,7,1,0,3,3,7,2,6,1,6,1,1.767,4,7,1,2,1.736,0.816,0.0,3,0.545,2,2,-2.752,1,6,2.034,2.08,7,-0.961,4,0.653,1.0,2.51,7,5,5,8.042,6,7,5,1.808,4,6,5,0
0,3,5,1,0,2,0,2,5,5,6,1,7,4.177,6,1,1,0,0.922,1.694,0.0,3,3.218,1,6,1.736,6,5,2.206,2.3,0,0.232,5,2.125,1.0,3.72,3,2,5,4.384,1,1,1,0.125,5,5,1,0
2,1,4,4,1,6,5,1,7,1,5,5,7,6.271,4,3,4,5,2.12,0.151,0.0,1,1.059,1,6,2.927,3,7,1.245,4.0,1,-0.357,1,2.141,1.0,3.17,1,4,7,1.542,3,7,1,0.413,1,4,2,0
7,0,0,3,1,5,3,7,2,0,6,1,3,2.768,6,2,0,5,3.727,5.532,0.0,4,3.141,7,5,4.49,2,5,5.868,5.81,0,1.764,0,2.977,2.0,8.26,1,1,1,4.389,5,4,3,7.686,7,7,0,1
1,1,0,7,0,7,7,6,0,5,2,6,0,1.184,7,7,5,2,1.239,-1.027,0.0,2,0.899,5,5,1.732,6,6,1.479,3.96,1,-0.843,4,1.555,1.0,1.4,6,6,3,0.066,3,1,3,4.308,6,3,5,0
4,5,5,6,0,0,3,7,7,6,6,2,1,1.611,6,2,7,3,0.974,-3.92,0.0,6,1.819,2,1,1.546,2,5,-0.445,0.38,7,-0.129,4,0.132,2.0,3.78,4,6,1,2.136,3,0,3,-2.566,0,7,4,0
5,7,1,6,0,5,4,7,2,1,6,5,6,-2.899,3,3,4,2,1.989,5.711,0.0,3,1.572,5,7,2.606,2,1,-0.09,2.15,4,0.367,5,2.047,2.0,4.89,7,2,1,-0.28,7,2,2,1.023,7,4,0,0
2,7,7,4,0,4,1,4,3,6,0,7,1,0.598,1,7,3,1,2.164,3.429,0.0,6,1.525,2,0,-0.243,7,0,4.003,3.19,0,0.753,3,2.735,2.0,3.61,7,5,0,2.055,3,0,2,3.127,4,2,6,0
6,0,4,0,0,2,7,7,1,5,6,4,3,2.239,0,5,4,7,1.819,4.035,0.0,1,2.956,5,4,-0.241,6,6,0.238,6.15,6,-2.249,0,0.877,1.0,6.89,1,0,3,1.907,7,3,1,2.779,7,6,5,0
3,2,3,4,0,0,1,5,5,6,2,0,3,4.301,4,6,0,0,0.779,-0.757,0.0,2,0.457,4,1,0.357,7,3,0.504,1.87,1,-0.121,2,0.676,1.0,3.99,7,0,2,3.904,2,0,3,2.294,3,6,0,0
2,5,7,6,1,2,4,1,7,5,3,6,2,4.517,1,4,4,2,2.043,4.295,0.0,3,1.05,7,2,3.826,4,1,0.012,2.18,0,1.29,7,2.154,1.0,4.25,4,0,5,2.17,7,5,5,4.065,2,0,7,0
0,2,2,7,0,4,0,6,2,1,5,7,2,-0.813,7,0,6,1,-0.081,-4.815,0.0,7,0.002,4,5,-0.381,4,6,-2.123,0.17,1,1.335,3,-0.368,-0.0,4.96,4,4,3,1.357,5,1,3,0.995,7,1,4,0
5,3,1,6,0,0,6,0,2,3,3,7,2,-1.549,0,2,5,3,1.191,-1.428,0.0,6,-0.335,4,5,-2.57,4,0,1.069,1.55,7,-0.419,5,1.75,-0.0,7.72,0,0,3,1.21,4,2,5,1.134,5,6,3,0
3,5,4,4,1,4,6,5,6,5,4,6,3,5.929,2,5,1,4,6.453,9.231,0.0,5,4.003,3,1,7.862,7,7,5.066,3.36,4,-1.459,5,6.177,4.0,7.89,6,2,7,8.594,3,3,1,5.698,5,5,6,1
4,7,2,7,0,7,4,6,0,7,1,3,3,3.253,2,6,5,0,0.257,0.949,0.0,2,1.905,5,4,1.489,0,6,2.26,3.17,3,0.786,7,0.507,0.0,2.7,5,4,3,0.454,1,2,7,-1.949,6,6,0,0
6,5,1,4,0,1,2,5,4,2,1,6,4,0.715,6,4,3,7,0.382,1.546,0.0,6,-0.138,1,7,0.447,2,2,2.183,1.91,4,-0.061,4,-0.94,0.0,4.26,2,3,3,1.366,3,4,2,2.058,1,0,7,0
6,5,5,1,0,1,2,0,5,1,4,0,0,1.042,2,0,2,2,1.204,1.37,0.0,7,1.772,1,0,-0.425,1,5,2.386,3.19,0,-0.594,0,0.709,0.0,4.81,2,5,3,1.454,5,5,1,-0.333,3,2,7,0
3,0,5,7,0,4,0,7,2,6,4,1,0,0.891,0,1,7,3,2.634,-0.658,0.0,5,2.84,2,0,4.997,4,2,3.749,2.48,4,1.825,6,3.138,2.0,5.72,6,7,6,2.195,6,4,7,1.883,2,6,0,0
5,3,1,0,0,2,1,0,4,1,2,4,4,1.12,6,5,7,6,0.456,-2.0,0.0,0,-0.108,2,0,0.057,3,0,2.103,1.62,3,-1.336,1,1.162,0.0,1.35,6,2,7,0.362,3,3,4,1.491,2,7,4,0
6,3,4,2,1,5,3,0,7,0,3,1,6,1.889,5,5,1,2,4.194,2.619,0.0,1,4.607,1,2,4.213,4,7,4.32,2.47,4,1.362,4,3.225,3.0,8.6,0,2,3,1.245,0,4,3,2.569,1,2,7,1
2,0,4,7,1,4,4,3,4,0,1,2,1,2.382,3,3,6,0,3.463,4.939,0.0,1,1.63,0,0,1.728,1,0,3.231,2.75,3,-1.345,0,2.164,2.0,1.62,6,1,7,3.769,4,1,0,0.296,4,2,0,0
4,4,1,5,1,0,4,2,3,1,6,1,1,3.66,6,1,6,2,3.462,7.414,0.0,1,2.65,3,2,5.344,0,4,5.842,2.87,1,-1.494,2,3.236,2.0,2.53,5,2,7,3.712,2,7,0,2.852,2,7,7,0
7,6,1,3,0,2,7,6,4,4,7,2,3,0.748,4,6,7,3,1.175,6.302,0.0,4,1.754,6,7,3.962,2,1,1.86,1.64,5,0.856,4,1.682,2.0,5.58,7,0,5,1.458,0,3,1,-0.964,0,5,6,0
0,4,1,6,0,6,0,0,7,4,2,6,3,2.338,6,6,7,7,0.567,-1.797,0.0,5,1.082,2,4,0.133,7,6,1.262,1.9,6,0.529,5,1.769,0.0,5.03,7,2,4,0.727,0,2,3,-0.389,6,0,0,0
6,3,2,1,0,5,4,3,4,5,2,6,1,-1.229,3,5,5,1,1.34,1.76,0.0,6,2.63,7,5,0.76,1,3,2.414,2.37,2,-0.895,0,2.49,1.0,4.4,1,2,3,1.37,2,1,0,1.757,7,0,5,0
3,2,1,6,1,0,4,0,0,3,1,4,5,0.645,0,4,1,4,1.998,3.519,0.0,0,2.76,6,6,-0.54,1,1,2.707,3.82,1,0.334,0,1.965,0.0,5.37,5,3,6,7.111,3,7,2,2.974,7,1,7,0
4,6,0,2,0,5,0,7,2,1,6,0,5,-1.374,5,3,5,7,0.136,-0.574,0.0,2,1.828,1,4,1.549,1,1,-1.634,0.96,6,-0.296,4,0.646,-0.0,1.88,1,4,7,0.811,0,0,0,3.75,6,1,2,0
2,0,1,3,0,7,0,2,5,0,4,0,5,5.312,2,1,7,1,0.4,-2.069,0.0,7,-0.111,3,7,1.114,7,3,-0.199,1.09,5,0.563,3,0.99,0.0,3.03,2,3,5,1.966,0,1,1,0.868,5,7,3,0
2,6,1,3,1,6,1,2,6,4,6,2,4,2.763,0,3,7,3,2.123,4.15,0.0,5,3.961,6,2,1.585,0,6,3.783,3.15,0,0.799,3,1.253,2.0,2.04,2,4,3,-2.767,7,5,7,4.252,2,6,4,0
7,5,0,3,0,5,4,1,5,5,6,1,4,1.362,6,0,3,1,0.409,-0.277,0.0,3,2.272,7,7,0.686,0,0,-0.487,3.13,2,-1.675,4,0.658,0.0,4.43,6,7,2,-4.425,1,4,4,-0.491,0,2,6,0
5,7,0,4,0,5,5,3,6,0,4,7,0,1.846,4,6,1,3,2.912,0.701,0.0,3,3.771,3,7,0.478,3,5,2.961,2.43,7,0.476,2,2.575,1.0,4.3,5,3,7,1.814,7,0,0,3.84,5,3,7,0
2,6,0,5,1,0,1,1,5,6,0,0,3,3.515,1,0,1,1,1.723,0.521,0.0,6,1.022,6,0,4.833,3,7,-1.001,1.76,6,0.061,4,2.181,1.0,3.4,4,7,0,5.491,3,3,5,1.51,1,0,1,0
5,7,3,4,0,2,6,1,7,2,1,4,4,1.439,2,7,0,6,1.103,5.88,0.0,2,0.205,7,3,1.648,4,0,-0.754,3.81,2,2.806,2,0.742,1.0,4.25,1,5,5,5.273,1,2,7,-2.05,7,2,3,0
7,7,1,7,0,6,5,1,4,1,0,4,3,1.72,0,4,2,2,0.532,2.922,0.0,4,0.997,2,6,0.774,3,2,-1.172,2.93,3,-0.735,2,1.071,0.0,5.09,7,2,4,4.149,2,5,4,-2.075,0,2,7,0
3,7,4,3,1,5,2,1,0,2,6,2,7,2.911,2,5,4,5,4.629,4.61,695.52,5,5.023,6,0,4.528,1,3,6.483,2.41,0,-1.47,0,3.923,3.0,6.79,3,6,7,4.978,0,1,5,6.443,0,1,3,1
0,7,1,6,0,0,6,2,2,2,4,7,7,-0.946,4,0,4,6,1.027,0.877,0.0,0,0.515,6,4,2.1,1,0,2.377,3.32,5,1.631,7,1.046,1.0,4.27,4,3,6,-0.921,5,4,0,2.963,0,6,7,0
0,0,7,3,1,3,2,0,1,7,2,4,3,6.302,2,1,0,0,3.465,5.297,0.0,2,3.606,0,2,2.514,4,3,1.929,1.94,0,-1.63,0,3.821,2.0,5.35,2,7,4,2.754,7,0,7,6.22,2,3,4,0
1,3,7,5,0,7,6,6,7,5,6,4,1,-1.385,3,6,0,3,0.532,-0.847,0.0,4,-2.043,5,2,0.704,2,4,1.158,4.11,2,-2.064,5,0.027,0.0,3.32,5,2,0,-1.211,2,1,5,-2.214,7,3,6,0
3,7,1,3,1,2,7,6,5,1,5,6,3,-0.318,2,6,0,4,2.986,3.867,0.0,0,1.727,5,2,4.424,0,1,4.545,3.96,0,-1.34,7,3.653,2.0,5.67,7,0,0,0.652,6,6,7,4.86,6,1,6,0
6,5,1,0,0,2,3,4,2,5,2,4,5,-0.194,2,6,1,2,1.358,0.216,0.0,4,4.845,2,7,-0.204,3,4,2.197,3.37,7,1.145,2,1.282,1.0,3.89,3,0,7,2.935,3,4,5,1.532,3,3,7,0
6,5,1,1,0,0,1,5,3,0,4,7,5,3.155,7,4,5,4,0.051,3.784,0.0,5,-0.279,7,2,-2.322,2,6,-1.962,5.63,1,0.554,5,0.504,0.0,2.53,3,0,7,2.644,6,7,0,-3.861,3,2,0,0
7,6,5,2,0,6,2,4,4,1,4,6,7,1.882,1,6,6,3,1.918,1.705,0.0,7,1.467,5,1,1.44,5,3,2.048,1.39,2,0.143,7,1.518,1.0,5.35,4,3,0,2.529,6,3,4,2.291,1,1,3,0
3,5,7,4,0,1,1,1,7,2,5,3,4,2.122,5,5,1,4,0.355,-0.046,210.46,4,0.818,4,1,1.872,1,0,3.008,2.46,6,-1.515,2,1.296,0.0,5.76,7,0,0,0.395,2,4,6,-0.075,4,7,1,1
2,4,2,4,0,6,2,2,2,0,7,3,1,4.066,6,1,3,5,-0.171,-0.396,0.0,2,-0.901,1,2,-1.623,5,1,0.56,2.48,7,1.225,0,0.717,-0.0,6.55,2,5,2,1.079,3,0,3,-0.441,5,4,0,0
3,4,2,6,1,3,2,4,7,6,4,2,6,-0.246,5,5,1,4,3.904,-0.265,879.85,7,2.878,5,5,7.06,6,3,3.092,3.92,3,0.471,4,3.312,1.0,6.96,5,0,4,3.576,1,2,4,3.209,0,2,1,1
1,3,7,1,0,7,3,4,7,3,7,1,5,1.371,0,3,4,5,1.035,-2.065,0.0,6,0.723,5,3,-2.854,1,2,0.333,3.25,3,-1.314,7,1.526,1.0,3.77,1,4,6,3.726,4,0,7,1.294,3,1,0,0
0,2,3,0,0,1,1,0,6,0,4,7,5,-1.956,6,3,7,1,1.704,0.082,0.0,5,1.118,0,2,1.675,3,7,2.546,5.05,4,0.627,3,2.838,1.0,5.53,6,5,5,0.482,4,6,2,2.978,7,0,2,0
7,2,1,0,0,0,5,7,7,7,3,6,4,6.2,6,1,6,7,2.836,3.1,0.0,6,2.904,1,6,0.085,0,4,1.23,2.74,3,-0.098,4,2.512,2.0,3.41,7,6,1,1.376,7,5,0,1.112,1,6,1,0
6,6,2,6,0,5,6,1,3,2,0,1,7,1.311,1,4,0,2,0.589,2.618,0.0,2,0.117,3,5,3.174,5,3,-1.473,0.47,7,0.358,7,0.768,0.0,3.44,4,2,6,0.926,5,3,6,2.27,4,7,7,0
5,0,7,7,0,2,3,6,5,7,7,0,6,0.318,5,3,2,0,0.285,1.411,0.0,4,2.063,7,3,0.805,1,0,-1.874,4.22,1,1.558,4,0.329,1.0,5.15,0,3,0,-0.112,1,4,1,1.497,7,4,0,0
7,3,0,2,0,2,4,6,2,3,4,4,7,0.738,1,4,7,0,0.91,2.178,0.0,3,0.491,2,7,3.327,1,2,4.565,3.32,3,-1.661,1,1.567,0.0,4.96,4,5,3,0.267,5,2,5,1.13,5,1,3,0
4,1,5,6,0,1,6,7,7,7,6,7,5,-0.116,3,1,1,6,1.05,3.42,0.0,7,0.423,6,3,0.754,1,6,1.332,1.88,6,0.21,3,0.598,0.0,3.44,6,4,2,1.321,2,4,7,1.222,7,6,7,0
2,1,3,3,0,1,4,0,5,3,6,4,3,-1.445,3,0,1,7,1.621,6.309,0.0,1,4.454,3,0,-0.023,4,6,3.278,3.33,1,-0.55,3,2.228,2.0,5.41,5,6,5,-3.517,6,4,6,1.689,5,4,3,0
7,0,5,2,0,5,0,6,5,7,6,6,3,0.579,7,4,0,5,0.54,3.841,0.0,4,1.309,0,0,-0.192,4,1,-0.32,1.61,4,-0.423,1,0.236,0.0,3.67,0,6,1,-0.369,2,4,4,4.794,5,1,7,0
7,0,5,4,1,1,1,6,2,0,2,7,0,2.271,4,2,1,0,2.411,3.284,0.0,5,2.895,1,3,7.48,2,4,-0.043,3.25,1,-0.258,4,2.426,2.0,5.27,1,3,3,0.621,7,7,3,0.637,3,1,2,0
7,4,5,1,0,0,2,0,1,4,4,0,2,-1.508,0,0,7,7,0.562,-0.185,0.0,1,-0.877,1,3,0.77,4,5,0.954,5.67,5,-0.012,1,1.227,2.0,2.16,3,3,1,-0.784,6,2,1,3.653,2,4,7,0
0,4,5,1,0,2,5,4,4,4,6,4,7,1.706,0,0,0,1,1.773,-2.938,0.0,6,1.501,7,2,-0.725,0,0,2.18,2.56,1,-0.862,2,-0.242,1.0,2.75,6,0,1,4.331,7,3,6,0.608,6,0,7,0
3,5,6,1,0,7,7,2,5,1,2,3,4,-0.826,3,3,7,1,0.476,0.741,0.0,4,0.668,5,5,2.882,1,2,0.368,-1.51,2,0.054,6,-0.315,0.0,2.49,0,6,5,0.876,5,2,3,2.944,3,3,0,0
5,5,7,1,0,0,4,7,5,0,1,1,5,1.493,5,6,6,7,1.471,3.152,0.0,6,0.419,6,3,2.824,6,6,1.635,3.55,1,-0.641,1,0.621,0.0,2.99,1,0,3,1.426,5,2,5,-0.646,7,1,2,0
5,2,0,2,0,1,1,2,3,6,3,1,7,3.225,7,2,1,4,1.789,1.276,0.0,1,3.623,7,5,0.96,7,3,4.962,6.17,2,1.563,3,3.228,2.0,4.07,2,7,3,4.495,3,4,2,0.559,0,1,7,0
4,2,2,3,1,0,3,1,5,2,6,5,1,4.851,7,5,7,1,5.879,8.008,0.0,2,6.883,6,1,8.576,6,1,6.096,3.15,5,-1.441,5,5.976,4.0,8.54,5,3,5,2.392,7,6,0,6.859,6,4,7,1
0,4,4,0,0,1,6,3,0,3,7,7,6,2.883,6,5,1,7,1.378,2.106,0.0,0,2.476,0,0,1.075,0,6,0.952,3.36,7,0.169,3,0.787,1.0,6.16,2,5,1,-0.364,1,0,1,1.115,0,4,0,0
0,5,4,1,0,6,3,6,6,6,6,5,4,-1.664,0,1,3,7,0.014,-0.168,0.0,2,-0.639,1,5,1.348,4,6,1.738,2.14,3,-0.932,0,1.1,0.0,3.85,3,6,3,-3.647,3,6,1,3.362,5,0,5,0
4,7,1,6,0,2,6,1,5,2,4,5,1,-0.07,0,6,3,1,0.253,2.068,0.0,4,1.36,5,0,0.909,6,7,0.561,5.54,6,0.705,2,0.83,0.0,3.97,0,0,0,0.952,3,2,0,0.253,5,4,3,0
1,4,1,5,0,0,2,2,2,7,5,1,6,1.107,1,7,4,3,-0.06,0.865,0.0,0,-1.587,6,6,3.2,5,0,0.076,2.98,6,0.1,2,0.091,0.0,4.91,6,1,5,3.606,6,7,0,-2.039,0,5,1,0
1,7,4,2,0,0,6,7,7,0,4,4,7,-2.492,0,2,3,0,0.366,3.151,0.0,2,-0.134,6,4,2.323,5,1,1.352,0.71,5,0.735,3,0.187,-0.0,5.25,7,0,6,0.059,1,6,7,-0.028,0,7,7,0
7,5,6,5,1,4,5,2,6,0,5,3,3,6.463,7,2,7,3,4.381,5.697,707.95,3,5.149,6,5,5.894,7,4,5.187,4.64,3,0.162,4,5.428,3.0,3.89,5,6,6,3.538,5,6,0,4.268,3,0,0,1
0,6,5,5,1,6,5,5,3,1,2,7,6,8.239,3,2,7,7,6.011,9.893,834.11,2,6.225,5,2,5.865,6,4,5.791,4.62,3,0.973,0,7.231,4.0,8.63,2,1,4,7.456,4,6,4,5.32,2,4,1,1
1,1,2,1,0,0,1,1,4,1,5,3,0,0.684,6,1,2,6,1.087,-0.893,0.0,7,2.645,6,6,3.863,5,2,0.982,4.24,4,-1.918,4,1.257,1.0,4.41,5,4,4,-1.244,5,6,5,1.791,2,5,0,0
4,0,1,6,0,4,3,4,6,3,7,0,1,1.658,1,2,2,4,-0.035,0.244,0.0,7,-0.85,6,6,2.631,5,6,1.854,1.81,4,1.736,3,-0.75,0.0,0.96,1,3,2,1.056,6,6,1,3.821,5,7,5,0
2,6,0,3,0,0,7,1,7,6,5,3,7,-0.421,2,7,6,3,0.571,0.563,0.0,2,0.721,0,2,-2.943,4,7,1.691,2.31,0,1.583,1,-0.525,1.0,3.23,2,5,4,0.729,6,0,0,-1.332,3,6,7,0
6,4,1,4,1,1,1,1,7,1,3,1,3,8.521,2,7,4,6,3.938,3.917,0.0,6,6.266,6,1,6.718,2,7,3.915,4.38,7,0.671,2,5.338,2.0,6.19,6,4,0,6.647,3,5,1,5.844,4,4,4,0
4,7,0,5,0,4,2,5,0,5,2,3,0,3.042,6,6,0,7,1.21,-0.365,0.0,6,2.372,0,6,-1.169,7,3,3.117,3.94,7,-0.657,7,2.802,1.0,1.36,2,4,7,-0.233,6,3,2,0.341,7,3,1,0
3,2,6,1,0,7,6,2,5,4,5,5,2,1.769,1,0,1,5,2.706,3.06,612.0,3,3.092,3,5,1.05,3,3,4.326,3.79,7,-0.348,2,3.029,1.0,7.29,6,0,4,0.04,0,7,4,4.065,5,5,0,1
4,3,3,7,0,0,4,6,0,6,4,6,2,2.578,7,7,6,4,0.948,3.949,0.0,2,1.804,4,6,3.904,2,7,0.152,1.38,4,-0.735,0,0.407,1.0,4.07,7,3,7,3.941,2,6,5,-1.169,0,5,0,0
5,3,0,4,0,5,0,5,6,4,1,2,7,5.554,7,3,3,2,1.567,-1.27,0.0,7,1.141,3,3,2.36,2,2,-1.136,4.17,5,-0.243,0,1.821,1.0,3.21,6,3,4,0.128,4,1,6,2.942,6,6,0,0
4,6,7,6,1,6,5,4,7,5,7,5,5,1.325,6,0,2,6,2.573,4.433,0.0,3,1.945,3,7,1.732,5,1,0.628,1.17,2,-0.976,7,2.363,2.0,4.29,2,5,0,3.413,0,2,4,2.341,0,7,4,0
4,2,3,7,1,2,7,3,6,5,7,1,7,5.978,2,2,5,2,3.654,1.842,0.0,2,5.764,3,3,3.158,2,4,4.386,0.83,3,-1.542,6,2.838,2.0,0.84,1,0,2,5.0,5,4,7,5.221,4,2,4,0
3,0,6,6,0,0,3,1,3,1,1,3,5,3.594,4,3,6,0,2.875,-3.035,0.0,6,3.343,6,3,-2.388,5,3,3.31,3.12,4,0.448,2,2.148,1.0,3.52,7,3,0,1.1,0,3,7,-3.069,4,6,4,0
0,1,5,5,0,1,1,7,0,0,1,6,4,-1.88,4,6,2,4,0.973,1.255,0.0,5,-0.178,2,1,2.018,1,3,-1.709,2.58,3,2.368,6,0.317,1.0,3.42,1,5,0,3.187,1,6,5,-3.101,0,6,1,0
4,1,3,6,0,7,1,3,7,2,6,1,7,4.609,6,5,0,1,1.701,-1.264,0.0,4,2.519,1,4,4.992,1,1,1.337,3.2,3,0.778,3,0.964,2.0,2.58,2,3,6,1.351,6,5,6,2.41,7,0,2,0
3,1,0,2,0,4,2,1,6,0,5,0,5,3.432,2,1,4,2,1.359,0.511,0.0,1,0.501,7,3,1.426,3,6,1.351,3.77,3,0.265,6,-0.168,0.0,3.39,7,7,0,-0.805,1,1,0,3.746,3,2,0,0
4,5,5,4,0,0,5,5,0,0,0,4,6,1.168,1,3,4,3,0.601,1.869,0.0,0,1.059,3,0,-0.962,6,0,0.823,3.69,4,0.249,1,1.162,1.0,5.52,1,1,2,-0.185,2,2,6,5.787,4,6,4,0
2,1,0,0,1,3,1,3,6,3,1,7,5,3.794,4,7,6,4,3.553,-1.105,0.0,6,3.397,3,5,3.318,5,2,3.46,2.98,1,1.606,3,1.924,2.0,3.01,7,0,4,0.193,4,7,0,1.488,1,3,7,0
3,2,7,5,0,6,1,3,0,7,7,3,5,-1.0,3,2,5,6,0.532,-0.703,0.0,3,0.285,4,4,0.04,3,1,-0.761,1.37,5,-0.285,1,0.314,1.0,5.32,3,0,0,-0.756,3,1,6,1.343,5,2,0,0
1,3,6,6,0,6,5,0,6,1,7,0,5,0.291,7,6,1,2,1.186,-1.378,0.0,1,2.081,3,7,-0.967,6,4,2.998,1.49,1,-0.454,1,0.479,1.0,4.4,1,7,4,-0.44,1,4,0,3.017,4,3,2,0
3,2,1,4,0,5,3,7,1,4,5,4,4,2.897,1,6,3,1,1.866,-1.041,0.0,3,0.373,0,4,0.66,2,3,1.25,2.74,3,0.228,0,1.944,1.0,3.3,6,4,7,1.079,6,5,2,4.37,4,5,3,0
2,0,6,2,0,7,7,6,2,4,1,2,3,1.191,1,4,5,5,1.646,1.159,390.29,0,1.893,6,7,1.862,7,7,0.149,3.87,7,0.576,1,1.964,1.0,9.13,1,5,6,-1.048,7,3,6,3.098,2,7,7,1
1,1,4,1,1,6,7,5,3,7,7,7,4,5.488,4,7,6,0,5.427,8.722,835.08,2,4.677,0,1,1.86,1,4,3.214,4.13,0,-0.315,6,5.165,3.0,8.12,7,3,3,6.271,2,0,3,4.573,7,3,5,1
1,4,4,0,0,7,6,4,1,4,1,5,2,1.706,0,4,5,3,0.796,-1.099,0.0,7,1.848,7,1,-2.109,2,3,0.193,3.8,3,-1.714,4,0.514,1.0,4.8,6,1,0,-0.005,0,0,6,-2.545,0,3,6,0
3,3,5,7,0,3,4,1,7,4,2,3,5,1.816,0,0,0,7,1.346,-1.709,0.0,6,-0.253,0,0,2.376,0,5,0.277,4.26,0,-1.132,0,0.925,-0.0,8.0,5,3,0,3.022,5,2,3,0.948,3,4,2,1
3,6,3,0,0,6,1,1,5,7,3,2,5,-1.102,0,7,1,4,-0.15,-3.924,0.0,3,-0.888,6,7,-0.053,0,0,-1.475,3.47,2,0.546,6,0.659,0.0,0.94,5,1,1,-1.372,1,6,0,-0.887,2,7,0,0
6,3,0,2,1,4,1,5,3,7,5,5,5,-0.491,5,7,3,1,2.089,-0.128,0.0,5,2.56,6,1,-0.077,3,6,0.885,3.27,0,-0.066,4,3.257,1.0,6.37,0,0,7,2.981,2,3,5,2.477,1,0,6,0
4,1,0,7,0,7,0,4,5,0,0,1,2,-1.305,7,1,0,6,0.238,4.143,0.0,3,-0.467,0,4,1.8,5,0,1.463,5.04,7,-0.249,6,0.123,0.0,5.85,7,6,7,-2.837,7,1,3,3.324,2,2,0,0
1,5,1,0,0,6,7,0,7,3,2,2,0,4.653,2,3,6,6,2.085,-2.312,0.0,0,4.127,2,3,2.54,6,4,2.865,3.11,6,0.829,5,2.344,2.0,4.34,5,5,4,3.033,4,3,4,1.99,0,4,0,0
1,3,7,2,0,5,7,7,5,2,1,1,4,3.424,1,6,7,2,0.783,1.175,0.0,1,-0.987,1,5,-3.436,6,7,0.605,2.1,6,0.864,3,1.333,-0.0,5.29,4,7,3,-0.13,5,5,6,2.456,2,6,7,0
0,2,1,5,1,1,0,1,2,4,0,3,7,3.805,0,7,4,5,4.406,-0.85,351.3,3,2.718,1,7,5.841,7,1,3.569,3.11,3,-1.069,7,5.027,3.0,5.92,3,0,2,1.165,3,0,4,5.169,1,1,4,1
7,1,6,3,0,2,3,3,7,1,4,2,2,3.415,0,7,6,5,-0.38,-3.271,0.0,2,-1.092,7,5,0.783,3,1,0.87,3.01,2,0.855,4,0.89,1.0,2.53,4,5,5,0.46,0,5,3,-1.119,0,3,5,0
1,0,7,6,1,7,2,6,0,0,3,0,1,4.875,4,1,6,5,3.349,5.273,0.0,0,2.471,6,7,4.085,0,2,-0.85,3.76,0,0.186,0,2.705,1.0,1.57,1,0,5,1.102,3,2,1,1.636,4,6,0,0
5,1,5,1,0,7,3,0,2,7,4,4,3,-1.138,0,3,7,0,1.803,-0.661,0.0,0,1.489,2,4,1.639,7,7,3.385,2.62,6,-1.039,4,1.994,1.0,2.37,0,2,2,-1.28,7,5,6,0.575,4,4,2,0
6,4,2,6,0,2,4,0,4,7,3,5,4,1.932,3,0,5,0,0.64,-2.881,0.0,5,-0.624,5,3,-3.849,1,0,0.737,2.55,1,-0.574,4,-0.428,1.0,3.22,0,4,7,1.419,5,7,0,-2.998,3,7,5,0
4,0,1,3,1,0,6,1,0,3,5,6,1,2.795,4,5,5,2,2.163,0.54,0.0,3,0.747,3,6,-3.027,1,4,0.059,0.44,7,0.512,2,2.157,1.0,3.59,0,4,6,-2.406,4,3,6,3.766,4,2,7,0
3,4,2,5,0,2,4,0,2,0,2,1,0,-0.912,2,3,0,0,0.4,-1.752,0.0,4,2.324,7,6,-2.084,0,2,1.158,5.77,0,-1.174,5,1.278,0.0,3.6,4,3,5,0.391,1,5,2,1.779,3,2,1,0
6,6,4,0,1,7,1,0,1,3,1,1,7,5.882,1,0,7,6,2.018,-3.256,0.0,7,-0.73,4,6,-0.268,6,7,3.494,1.32,3,-2.1,4,1.358,2.0,1.29,0,6,4,2.046,7,6,7,2.9,4,4,5,0
0,5,5,3,0,2,0,4,3,2,5,3,2,-0.445,7,3,1,3,-0.024,1.62,0.0,7,-0.043,3,2,2.121,2,3,-1.047,1.99,2,-0.034,3,0.324,1.0,4.57,0,2,7,-1.811,6,7,2,0.01,6,0,1,0
6,5,0,1,0,1,4,7,2,1,5,3,7,3.692,0,7,7,0,2.286,-2.342,0.0,4,1.553,3,7,4.759,7,7,1.476,4.34,5,-0.939,6,2.537,1.0,1.96,7,5,6,5.299,2,7,7,2.74,3,4,6,0
3,0,7,7,1,4,3,1,3,0,1,1,4,6.119,5,2,5,0,5.036,6.668,890.77,1,5.36,3,0,5.282,1,1,4.775,2.63,6,0.357,2,4.704,3.0,7.42,7,1,3,1.966,1,4,7,3.23,5,3,4,1
5,0,5,4,0,2,0,4,0,1,2,3,2,-2.706,1,6,4,0,-0.424,-1.108,0.0,1,-0.414,0,3,-3.078,7,3,1.493,4.12,3,1.365,4,0.285,0.0,6.52,2,4,7,-4.302,0,7,4,-2.046,3,3,1,0
4,1,4,4,0,4,6,1,0,5,3,3,1,-1.159,4,1,3,5,0.773,0.567,0.0,2,2.749,7,7,-0.447,7,7,0.575,2.63,4,0.434,1,1.035,1.0,2.74,5,3,6,-0.086,2,4,1,-2.741,4,3,2,0
4,0,4,3,0,7,6,2,4,4,3,0,0,1.33,2,4,1,6,0.619,-2.956,0.0,4,0.448,0,5,-0.501,7,4,-0.831,2.37,1,1.075,0,0.998,1.0,3.51,0,0,5,-0.348,5,1,2,0.183,2,0,3,0
2,1,2,6,0,3,2,4,6,1,2,0,0,1.998,6,4,6,7,0.526,2.06,0.0,4,0.073,1,3,1.213,6,6,-0.301,3.59,7,-0.577,4,-0.315,0.0,3.7,2,7,5,2.327,6,0,1,2.517,0,3,6,0
3,2,6,6,0,5,1,4,4,2,3,2,3,0.523,7,1,1,1,0.521,1.203,0.0,2,0.608,6,2,1.408,5,1,4.567,3.78,5,-0.432,6,0.773,0.0,3.92,3,4,6,0.498,4,6,7,-2.035,5,4,6,0
4,0,4,3,0,4,6,6,0,6,6,6,0,0.002,1,0,5,4,0.373,4.371,0.0,2,1.013,5,7,0.385,0,5,1.074,2.67,0,-0.492,4,1.267,1.0,4.98,3,3,0,0.912,1,6,7,-1.313,0,1,6,0
7,1,5,0,0,2,3,6,0,2,0,4,2,2.024,6,3,6,5,0.703,0.663,0.0,2,0.706,1,7,1.947,2,3,-0.134,3.61,1,0.087,2,0.796,-0.0,4.38,4,7,1,0.76,7,1,5,0.459,6,7,2,0
6,6,2,3,0,0,5,0,6,1,7,5,3,4.676,2,7,6,3,2.035,3.222,0.0,4,0.981,1,7,-2.628,1,0,2.352,3.13,1,1.661,5,1.221,1.0,3.01,3,4,6,-2.151,1,4,1,1.789,6,6,4,0
2,0,7,0,1,4,0,4,1,0,1,5,2,1.374,3,3,0,6,3.566,-0.332,416.9,2,3.086,5,1,4.44,2,7,2.354,4.07,4,-1.028,7,3.16,2.0,9.89,3,5,5,6.524,3,3,3,1.689,6,0,5,1
4,6,4,7,0,1,1,5,6,1,5,2,6,-1.406,0,0,3,5,-0.03,-1.172,0.0,1,-0.022,7,4,0.772,4,4,1.756,0.84,3,0.212,2,-0.925,1.0,4.14,0,0,7,-0.593,7,0,0,-2.1,4,5,7,0
2,5,4,2,0,6,2,6,5,4,6,6,3,-2.635,5,6,2,2,1.053,-1.831,0.0,7,2.691,1,5,-0.939,1,3,2.648,4.46,6,-1.189,2,1.993,1.0,1.58,4,4,5,3.03,2,1,3,1.786,5,6,7,0
3,5,0,2,0,6,1,3,0,4,7,6,2,0.402,1,4,2,3,0.827,1.535,0.0,0,1.014,2,5,-1.694,0,6,2.391,0.29,1,1.18,3,0.721,-0.0,0.53,4,5,7,-1.649,5,6,4,2.723,2,4,2,0
2,3,5,3,0,7,7,1,2,4,7,7,1,1.194,5,5,3,5,0.794,2.602,0.0,3,1.754,6,4,1.983,5,1,1.198,2.35,2,-1.242,7,1.687,1.0,4.15,3,7,7,0.929,6,0,7,0.979,6,6,1,0
4,3,6,2,0,1,1,6,6,6,5,0,4,-1.349,1,3,7,5,2.274,2.998,0.0,5,3.32,7,3,6.125,7,5,5.483,4.06,3,0.575,4,2.678,2.0,2.25,6,0,4,-0.062,4,3,3,5.137,2,4,1,0
2,4,4,5,1,0,5,5,6,3,1,7,6,4.767,5,3,2,0,2.345,0.201,0.0,7,3.006,1,1,4.882,5,7,3.855,5.21,2,0.122,3,2.31,2.0,5.71,7,6,4,-2.22,0,0,3,2.85,2,1,5,0
5,3,5,0,0,0,6,3,2,3,7,4,6,4.763,1,3,2,0,1.408,-1.431,0.0,3,1.47,7,0,2.605,0,2,0.728,6.05,6,1.879,0,0.742,-0.0,5.26,6,3,2,0.547,2,1,1,3.993,0,1,6,0
6,4,4,0,0,1,6,0,5,2,1,5,7,-0.473,7,3,0,2,0.737,1.937,0.0,1,1.75,6,0,3.59,5,7,0.128,0.47,1,2.221,3,1.607,0.0,5.62,3,2,0,-1.234,2,5,1,0.937,1,7,4,0
5,1,2,1,0,0,2,5,6,5,4,6,1,-0.665,4,5,2,6,1.478,-0.572,0.0,3,1.541,5,0,6.651,3,2,1.956,0.89,0,0.717,5,0.718,0.0,2.94,0,5,3,1.628,7,2,6,-1.479,1,1,7,0
6,2,1,0,0,6,5,4,0,0,5,7,7,2.285,2,2,0,5,1.528,-1.312,0.0,1,1.068,4,0,2.326,6,4,1.576,2.17,3,1.987,4,0.114,1.0,4.28,1,3,1,-1.987,5,3,0,-2.107,1,6,6,0
2,0,3,7,0,0,0,1,3,7,4,2,3,0.967,1,7,1,2,1.329,4.43,0.0,3,-0.372,4,7,0.788,6,0,1.746,0.28,4,0.172,6,1.355,1.0,4.09,0,5,6,4.262,0,0,4,-2.344,5,7,6,0
6,2,5,1,1,5,0,1,1,3,6,5,6,1.339,5,4,5,6,3.369,2.278,0.0,1,3.295,1,1,3.847,5,1,4.201,0.44,2,0.835,6,3.284,2.0,0.71,1,7,5,4.004,2,0,6,0.866,1,4,4,0
6,2,0,4,0,1,6,2,6,7,5,3,4,1.941,5,2,2,0,1.814,4.167,0.0,2,2.576,0,7,0.123,7,3,0.977,3.77,4,-2.085,2,0.43,1.0,5.36,7,6,1,1.991,0,3,6,-0.226,3,5,2,0
5,4,6,1,1,3,2,2,5,1,7,5,6,4.444,6,2,3,6,2.795,1.525,0.0,6,3.228,7,0,2.275,1,2,3.032,2.73,0,-0.062,2,2.555,1.0,4.38,5,5,4,0.937,2,3,4,-0.011,0,0,0,0
1,2,0,2,1,5,4,2,4,3,2,2,7,3.707,5,5,6,0,2.012,-0.238,0.0,2,1.516,4,0,2.624,1,3,4.638,3.6,6,0.177,2,2.239,1.0,6.09,1,7,4,2.588,3,1,6,3.044,5,4,7,0
6,7,2,6,1,1,1,1,5,6,1,5,5,7.976,4,2,5,7,2.933,3.078,0.0,2,4.112,3,0,6.456,3,7,3.11,3.85,6,0.444,4,3.17,1.0,4.0,5,3,2,3.445,4,1,4,5.463,3,7,4,0
1,7,2,3,0,2,4,3,1,6,2,2,1,-0.984,2,2,6,5,0.774,3.076,0.0,1,0.117,3,1,3.843,3,7,0.629,2.38,5,0.086,7,1.65,0.0,2.03,2,3,3,3.499,7,1,5,2.309,3,4,2,0
0,5,2,2,0,7,0,5,1,6,3,0,2,1.375,2,7,2,1,-0.348,1.065,0.0,3,-0.254,4,6,0.977,2,7,-0.981,2.15,3,1.111,7,-0.717,0.0,5.12,0,0,1,1.351,2,1,3,0.279,5,0,0,0
6,6,6,1,0,5,4,0,3,5,4,3,0,-1.492,4,2,0,0,1.581,3.495,0.0,4,1.197,0,0,-0.41,6,5,1.054,1.71,3,0.567,6,2.77,1.0,3.78,1,3,5,0.367,1,4,4,-3.629,4,4,7,0
1,7,0,4,0,1,0,3,1,2,7,5,7,4.956,1,1,4,4,0.642,2.761,0.0,1,0.725,7,6,0.243,0,7,-1.291,6.37,5,0.299,4,1.258,-0.0,3.23,3,6,1,-1.461,0,7,5,0.761,4,6,4,0
2,7,5,3,0,7,7,0,7,2,3,3,7,3.749,4,1,3,7,1.751,3.076,782.66,1,1.309,6,4,1.196,4,1,0.341,4.52,4,1.392,6,1.912,0.0,8.16,1,3,1,0.867,6,3,2,1.773,0,4,3,1
7,3,1,4,0,4,4,7,1,5,4,1,1,4.563,4,5,0,7,1.423,2.638,0.0,1,1.282,3,6,-0.99,1,5,2.763,3.15,7,1.495,0,1.156,1.0,4.74,6,5,2,-0.024,3,3,2,5.25,1,3,5,0
0,5,3,3,0,6,1,7,4,2,4,4,2,1.651,4,5,0,6,0.441,-2.149,0.0,4,1.139,1,0,1.302,6,0,0.496,3.38,5,-0.036,3,1.085,-0.0,2.91,0,0,3,-2.982,7,6,7,-1.129,0,3,7,0
1,6,0,4,0,3,6,0,6,4,5,6,5,1.777,1,2,0,0,0.932,2.402,0.0,0,1.187,7,2,-1.64,7,6,-1.398,1.49,2,0.215,3,1.283,0.0,3.82,0,6,6,-0.025,1,5,3,2.682,0,1,1,0
1,0,4,5,0,0,1,0,3,0,5,2,3,-0.211,7,7,4,6,0.4,0.079,0.0,7,0.481,4,5,1.38,3,2,-0.482,1.51,3,0.809,1,-0.098,1.0,5.99,2,4,1,-0.388,5,4,2,1.753,7,2,0,0
3,5,3,0,0,7,6,1,0,7,3,7,4,3.095,5,4,7,5,1.203,2.751,0.0,7,1.865,5,3,0.521,4,3,0.787,2.56,6,1.25,3,0.642,0.0,1.4,3,5,1,1.44,4,2,0,2.525,4,4,4,0
5,3,7,4,0,1,3,1,0,4,3,4,2,0.284,4,6,7,2,0.508,-1.43,0.0,4,-0.136,6,6,-1.951,4,1,2.861,2.58,4,-1.687,4,0.228,-0.0,4.81,0,4,0,0.146,5,1,7,-1.558,5,3,0,0
6,7,5,6,0,1,6,0,3,7,4,1,2,2.511,5,5,7,1,0.897,0.584,0.0,4,0.116,6,2,-0.39,2,1,-0.802,3.73,5,1.9,2,1.757,1.0,5.11,3,2,2,-1.124,3,3,2,0.37,4,2,5,0
6,6,0,0,0,1,2,0,1,1,2,2,1,0.947,1,0,4,2,1.228,0.285,0.0,0,2.621,2,4,2.375,1,5,-0.268,4.53,1,-1.541,2,1.703,1.0,4.87,3,0,3,2.193,2,4,4,-0.656,0,3,6,0
0,3,4,4,0,5,1,6,1,4,2,0,3,2.65,6,7,6,3,2.465,-1.493,0.0,5,1.383,4,5,-2.851,4,2,2.427,3.98,4,0.208,2,2.701,1.0,5.3,3,1,7,-1.163,0,7,4,5.982,6,5,2,0
3,1,0,1,0,0,7,6,3,6,5,3,4,7.226,2,7,5,1,1.594,-1.879,0.0,2,-0.311,6,4,2.35,0,4,2.444,6.17,3,-0.735,2,1.884,-0.0,4.29,0,2,3,4.968,1,6,2,0.398,6,4,2,0
1,3,3,5,0,4,3,1,6,4,7,4,2,1.843,1,0,7,5,0.886,1.475,0.0,4,0.811,1,3,0.941,3,3,-2.479,1.18,7,-1.142,6,0.905,1.0,4.34,2,3,3,1.198,3,5,1,2.745,3,3,0,0
1,2,2,4,1,6,3,4,5,0,6,5,4,1.341,4,4,0,5,3.252,1.646,0.0,2,3.632,7,0,-0.855,7,5,2.848,3.51,0,0.839,3,4.115,2.0,3.76,2,0,1,2.189,2,2,4,2.595,6,3,2,0
5,3,7,1,0,5,5,5,7,4,2,2,5,4.239,4,1,5,3,0.373,-0.091,0.0,1,-0.571,3,1,-2.056,4,2,1.0,5.23,2,-0.065,6,0.646,-0.0,4.07,7,4,0,-0.12,7,4,6,-4.248,0,7,0,0
0,7,6,5,0,3,6,4,4,3,1,3,5,-1.531,4,0,5,6,1.423,1.385,0.0,7,-0.145,0,1,4.531,4,2,2.054,1.41,2,1.023,0,-0.038,1.0,4.97,5,4,3,-0.127,3,5,1,2.991,1,4,7,0
4,2,7,0,0,5,7,4,3,2,7,3,1,0.034,6,7,1,6,2.074,-0.194,0.0,6,1.715,4,4,4.82,3,5,1.1,2.28,0,-0.103,3,1.464,1.0,4.74,2,6,0,0.43,1,7,3,1.625,7,5,5,0
1,0,5,6,0,3,4,1,5,3,3,4,4,2.152,2,2,1,7,0.604,0.646,0.0,7,-1.333,5,3,0.358,0,2,-0.043,1.83,3,0.092,0,0.447,0.0,3.61,2,3,1,1.407,6,2,1,-0.071,3,0,5,0
4,7,1,6,1,2,0,2,3,1,3,6,4,7.796,1,2,4,4,4.877,4.514,647.55,6,2.704,3,5,5.511,2,3,5.219,6.12,5,0.808,6,4.919,3.0,8.21,3,0,5,3.795,4,0,2,5.528,3,7,0,1
7,6,4,3,0,5,7,2,4,1,5,2,3,1.13,2,1,7,5,-0.584,1.525,0.0,1,-0.88,2,0,-3.94,5,2,1.478,5.0,0,-1.078,3,0.518,-0.0,2.63,3,7,5,-2.592,7,7,0,1.783,2,3,1,0
2,4,6,0,0,7,0,7,6,6,1,1,2,3.173,5,4,4,6,0.591,-0.356,0.0,6,1.785,3,7,-1.14,2,4,0.262,3.97,0,0.082,6,0.884,1.0,6.03,0,1,4,0.173,2,7,0,0.945,6,1,5,0
0,5,6,6,1,3,7,0,4,4,4,5,3,2.83,0,7,4,1,5.292,0.174,0.0,3,3.265,6,3,3.244,1,1,4.429,5.96,2,-1.25,6,4.533,3.0,8.36,7,3,3,4.693,3,1,4,7.07,1,1,1,1
7,1,2,3,1,4,7,1,7,0,5,7,2,2.614,3,5,1,5,3.441,5.769,0.0,6,3.49,2,3,3.688,5,1,3.406,4.32,0,0.05,5,2.996,1.0,3.54,0,3,3,3.253,7,0,7,6.262,5,5,6,0
1,7,5,3,0,5,5,7,0,7,5,0,1,0.299,1,1,7,0,-0.435,1.296,0.0,4,1.317,6,6,-1.559,4,6,0.991,3.71,3,0.599,7,-0.88,1.0,2.95,5,0,2,0.753,6,1,1,3.512,2,4,1,0
2,2,2,1,1,2,6,1,4,4,4,2,5,7.342,6,2,0,3,5.065,3.457,0.0,4,2.944,2,0,1.629,0,5,3.14,4.28,1,-0.077,5,4.83,2.0,3.97,3,6,5,5.032,3,4,7,0.262,4,7,6,0
7,1,4,7,0,5,7,4,0,3,2,2,1,3.545,6,4,4,0,0.641,3.552,0.0,1,0.626,4,0,1.053,7,3,2.014,4.44,0,-1.313,5,0.09,-0.0,2.49,6,3,6,-2.7,2,0,2,-1.692,6,1,7,0
4,5,4,4,0,6,1,4,4,7,0,1,3,2.414,6,0,6,0,1.045,3.068,0.0,3,0.753,0,3,-0.081,4,6,3.781,2.66,3,0.66,3,1.82,1.0,3.64,3,3,3,4.54,2,6,7,1.533,6,2,2,0
2,6,4,1,0,0,3,3,6,1,7,5,5,0.56,5,5,1,5,1.219,8.029,0.0,3,-0.012,0,4,3.395,7,7,1.956,1.89,5,-0.293,3,2.157,1.0,6.73,1,4,6,1.525,6,6,7,0.466,2,5,0,0
5,7,5,1,1,0,5,1,7,4,3,1,5,-0.723,7,2,2,5,2.652,-0.842,756.48,2,1.59,4,7,2.982,1,0,2.633,5.4,3,0.065,1,2.754,1.0,4.29,7,2,3,1.66,2,0,5,0.945,6,2,3,1
1,6,2,0,0,0,2,5,2,0,6,4,6,0.852,1,6,4,4,1.288,5.126,0.0,2,0.372,2,3,3.246,0,3,-0.06,2.73,7,-0.817,2,0.986,1.0,8.35,4,4,5,4.898,0,3,4,0.725,2,6,4,1
7,2,1,2,1,7,3,7,7,5,0,7,2,4.196,4,1,1,1,4.937,8.882,390.91,4,4.301,7,6,1.552,4,6,6.565,5.01,4,-0.805,5,4.536,3.0,6.63,7,6,7,4.129,2,4,6,6.489,4,4,3,1
6,4,1,4,0,7,0,6,4,3,2,2,6,-1.173,2,5,0,3,1.075,-5.524,0.0,2,1.11,5,3,-0.152,7,1,0.386,-1.94,1,0.986,5,1.015,1.0,6.72,7,1,4,0.928,7,5,2,1.182,5,0,3,0
0,1,7,0,0,6,4,5,1,4,0,2,5,-0.223,7,5,4,3,0.834,-1.762,0.0,1,-0.122,1,4,0.679,1,6,1.043,3.85,2,-0.583,6,-0.08,0.0,2.88,2,2,5,7.542,7,0,3,-1.575,6,3,3,0
7,7,7,6,0,5,7,3,5,7,6,3,6,1.35,3,6,0,7,2.93,6.711,0.0,7,2.175,1,6,2.26,7,2,1.952,1.73,5,0.204,0,2.568,0.0,5.77,5,4,2,-0.663,0,7,1,4.06,0,4,1,0
4,0,3,7,1,5,3,1,1,6,2,7,7,2.748,2,1,6,7,3.759,1.726,594.21,5,3.664,1,1,3.118,5,3,1.633,4.73,0,-0.352,6,3.556,2.0,9.1,4,1,4,3.432,6,4,7,2.195,1,1,6,1
7,5,6,3,1,2,1,7,7,6,0,3,0,2.8,6,1,7,4,2.484,3.051,0.0,3,2.6,5,6,6.224,4,6,1.85,1.55,4,-0.011,6,2.836,1.0,2.81,6,7,4,1.633,7,1,2,1.668,2,1,2,0
3,1,5,1,1,7,5,6,2,4,0,5,7,2.952,6,3,1,5,3.569,3.144,0.0,7,2.718,1,6,5.502,7,3,0.704,4.75,0,-0.341,6,2.771,2.0,4.51,7,6,6,5.074,6,3,7,4.685,0,2,4,0
0,5,7,0,0,3,1,7,7,4,5,5,6,3.4,3,0,1,1,0.456,-1.757,0.0,0,2.92,4,5,3.532,2,6,-1.498,1.61,6,-0.141,0,1.376,0.0,6.81,1,2,7,4.008,4,3,7,4.808,6,5,7,0
0,6,4,5,0,1,2,5,5,7,7,7,1,1.371,2,0,7,7,0.131,1.71,0.0,7,1.787,7,1,-1.93,2,6,2.112,1.43,2,0.01,5,0.994,-0.0,3.15,5,1,4,1.902,4,2,7,-0.694,5,4,2,0
2,7,7,2,0,0,1,0,5,4,4,2,6,1.659,3,1,7,4,1.035,0.466,0.0,6,1.732,7,0,-2.958,7,2,4.595,5.28,4,0.92,1,0.382,0.0,4.76,2,3,6,-3.497,7,6,7,1.293,6,3,7,0
4,7,6,7,1,1,1,0,6,0,5,0,4,6.895,5,4,4,2,3.541,3.851,676.12,7,4.84,4,1,3.267,4,6,3.677,3.57,7,-1.313,2,3.869,2.0,8.75,5,3,5,4.646,2,4,6,0.764,2,2,6,1
5,6,6,2,0,2,7,2,0,5,6,7,5,-4.228,2,1,5,6,-0.03,-2.67,0.0,5,0.476,0,0,-1.228,7,6,1.102,3.59,3,-0.828,0,0.834,-0.0,2.6,6,0,4,0.592,1,1,6,1.065,7,6,0,0
4,6,0,5,0,5,1,1,7,4,7,7,6,0.716,2,4,7,1,1.079,2.686,0.0,5,0.185,1,2,2.021,2,1,0.894,2.62,2,-0.415,3,0.274,-0.0,3.15,7,3,5,-2.227,0,4,1,0.696,1,5,4,0
0,2,2,6,0,0,4,2,5,3,7,6,6,-1.381,5,0,6,2,1.021,4.186,0.0,4,0.719,5,4,1.177,6,6,0.653,4.19,7,1.969,4,0.546,1.0,1.56,7,3,2,0.999,5,7,1,-2.84,4,1,4,0
3,2,1,3,0,6,7,2,2,6,0,0,0,2.561,3,0,0,1,2.856,0.459,0.0,3,2.12,3,6,3.416,3,7,3.8,4.66,5,0.785,7,1.869,1.0,3.76,6,6,1,2.384,0,4,4,5.179,1,6,5,0
4,4,4,6,0,5,0,0,6,6,0,5,0,0.483,7,7,5,4,0.869,-0.959,0.0,5,0.903,5,5,1.316,3,3,2.655,3.16,7,1.581,4,-0.291,1.0,1.32,4,0,3,-1.398,3,5,7,-0.907,2,2,5,0
3,6,7,4,0,6,5,2,1,4,6,5,3,-0.62,2,4,5,5,1.104,1.155,0.0,4,0.588,4,1,6.105,7,3,0.587,0.94,3,0.882,0,1.019,1.0,3.33,4,1,6,2.369,1,4,4,-0.025,6,4,7,0
6,4,7,6,0,0,7,3,4,6,6,5,6,-2.26,5,5,5,0,0.5,0.333,0.0,1,1.094,7,0,-0.349,5,4,2.63,3.46,6,-1.327,0,1.247,0.0,6.52,6,2,6,-2.832,2,5,4,0.722,5,3,5,0
0,1,5,3,1,5,3,0,5,2,2,1,2,3.801,0,5,0,6,3.647,-1.683,178.89,1,2.779,7,1,2.721,4,4,0.631,2.72,7,2.749,1,4.352,2.0,7.48,3,0,6,3.717,6,6,7,3.675,5,1,4,1
5,7,3,6,0,1,6,0,2,6,4,6,7,1.652,0,0,6,4,0.368,1.855,0.0,6,1.722,2,2,1.41,5,3,-0.332,4.61,5,-0.546,7,0.619,0.0,3.75,2,7,1,0.735,7,7,4,1.723,7,5,6,0
2,6,5,4,0,0,3,5,0,4,3,6,0,3.533,0,2,2,4,2.053,3.893,0.0,0,2.857,4,6,2.38,4,1,-0.778,0.29,2,-0.972,0,2.32,1.0,5.02,5,5,7,1.703,7,1,5,-1.659,7,7,5,0
4,4,3,7,0,6,3,0,6,6,3,4,5,2.161,2,3,1,5,0.916,0.827,0.0,7,0.698,0,3,4.15,6,5,1.297,5.53,0,-0.111,1,1.509,1.0,5.36,2,1,2,-0.154,2,4,1,0.084,1,1,6,0
5,2,5,1,0,3,5,2,4,2,0,7,3,4.374,6,7,2,1,1.036,1.07,0.0,3,-0.404,4,5,4.115,6,0,1.335,3.27,4,-0.2,2,1.532,1.0,3.79,4,4,4,-1.519,1,2,6,0.93,4,5,5,0
2,3,4,3,0,1,7,4,3,4,3,1,4,2.237,1,2,0,2,-0.093,-2.151,0.0,3,1.152,7,6,-0.038,0,0,-0.529,0.54,2,-2.485,5,0.251,0.0,4.52,3,0,7,-0.203,3,7,1,3.599,4,4,2,0
6,6,0,1,0,2,2,2,5,6,5,0,6,0.312,0,3,6,3,2.772,6.694,0.0,7,0.311,5,7,2.037,1,7,0.54,2.57,4,-0.252,3,2.4,1.0,5.54,6,0,0,0.268,6,5,6,2.455,0,1,1,0
1,4,5,4,0,7,0,3,4,3,6,2,7,-4.045,3,6,6,3,0.842,0.15,0.0,3,0.6,7,7,-0.715,2,5,1.985,3.32,6,-0.303,5,0.137,-0.0,2.64,7,5,4,4.283,1,0,2,0.459,0,0,5,0
5,3,1,0,0,7,3,5,0,2,6,1,5,1.732,0,0,0,2,0.016,-0.823,0.0,3,0.115,5,3,0.298,4,4,-1.64,2.67,6,-0.886,0,0.213,0.0,2.87,1,6,5,-0.76,1,7,6,1.211,5,5,6,0
5,6,7,7,0,2,3,6,3,3,5,4,6,-1.396,2,7,7,5,1.891,-0.35,0.0,4,1.597,3,4,2.461,4,4,3.035,5.01,6,0.147,6,1.154,0.0,4.19,3,4,0,0.616,2,6,6,-0.386,2,7,5,0
0,4,7,5,0,0,7,5,3,1,6,2,7,2.132,4,6,2,7,1.473,-0.679,0.0,4,-0.788,1,7,-2.721,5,4,0.937,1.28,7,0.785,4,1.313,0.0,3.27,1,6,7,0.963,4,1,4,1.015,0,6,5,0
7,1,7,6,0,0,7,4,2,7,2,0,2,-1.627,0,2,4,0,0.783,-0.678,0.0,5,0.465,5,0,-1.272,6,4,-0.457,4.53,3,1.164,2,0.778,1.0,3.44,2,3,2,-2.157,1,1,3,1.664,6,2,2,0
5,7,7,4,1,5,4,4,7,4,7,3,1,5.166,3,3,1,7,3.337,1.291,0.0,4,4.066,5,4,4.273,2,4,3.5,2.92,2,-0.086,5,2.63,2.0,7.64,7,2,6,4.763,0,7,4,-0.313,0,4,0,0
6,7,1,1,1,4,3,4,4,5,1,2,1,4.131,6,7,2,7,6.052,6.082,90.11,5,5.314,2,1,5.623,6,1,4.856,5.27,6,0.374,7,6.328,3.0,7.1,5,4,2,4.369,2,7,4,5.372,1,3,3,1
2,1,2,2,0,3,7,6,0,1,6,0,0,1.902,7,1,2,0,-0.161,-0.861,0.0,5,1.46,4,7,3.175,1,2,0.124,2.01,3,1.481,0,0.228,2.0,5.89,4,7,0,1.716,5,0,0,-1.059,2,0,6,0
1,1,1,6,0,5,0,2,3,7,1,2,7,-1.41,4,7,2,3,0.174,2.435,0.0,2,1.066,7,1,1.093,6,2,0.53,4.54,3,-1.05,0,1.091,1.0,4.77,5,3,5,1.796,0,7,6,-0.227,2,4,7,0
4,1,5,6,1,3,5,1,5,0,2,4,1,1.219,5,1,1,0,3.265,4.138,829.83,7,0.921,5,6,0.457,0,6,2.079,3.33,0,0.058,2,3.502,2.0,6.92,3,3,3,2.79,1,0,2,2.183,1,0,4,1
3,1,6,3,0,7,6,3,6,0,4,1,3,1.975,1,7,0,0,-0.119,-0.157,0.0,7,-0.893,6,7,4.146,6,4,1.759,1.79,5,-0.242,0,-0.123,1.0,4.66,1,7,6,1.063,5,7,3,-1.46,7,5,0,0
5,6,0,3,0,4,0,1,1,6,1,2,7,3.797,0,5,1,5,1.617,-4.907,0.0,0,3.132,7,5,-2.393,6,6,1.896,3.51,7,-0.092,5,1.542,1.0,4.92,1,2,2,4.234,5,5,5,-2.987,7,7,2,0
3,5,7,5,0,3,6,4,3,3,3,0,7,2.233,0,3,6,2,1.029,1.059,0.0,0,1.245,4,3,3.416,6,0,2.449,1.56,1,0.87,7,0.588,1.0,3.08,7,4,2,-0.478,2,3,5,0.473,1,6,1,0
0,5,4,2,0,4,3,2,4,2,6,7,7,2.835,5,7,7,0,0.558,3.094,0.0,3,0.604,3,2,-0.201,0,6,3.088,1.83,5,-1.446,6,0.832,0.0,2.16,7,3,7,0.55,3,2,2,1.896,5,4,3,0
6,7,0,5,0,4,4,6,7,1,6,6,3,4.66,3,5,0,2,0.733,0.708,0.0,4,1.431,6,6,-0.331,3,7,2.792,3.59,0,0.957,0,0.175,0.0,4.02,7,5,1,0.071,1,3,2,0.8,4,1,3,0
7,0,2,6,1,4,4,1,0,2,7,1,7,1.99,6,3,7,6,2.621,0.496,0.0,6,2.422,6,5,5.683,0,1,0.827,2.87,2,-1.022,5,3.199,2.0,4.64,4,5,5,6.135,1,4,0,1.208,2,4,1,0
5,0,3,1,0,3,3,4,0,0,5,7,7,1.977,1,6,3,4,1.151,3.722,0.0,3,0.996,7,5,1.324,2,0,2.323,5.69,4,0.718,0,0.869,-0.0,4.67,4,5,1,-1.957,5,1,4,0.026,6,3,3,0
6,5,6,6,1,3,2,6,0,6,1,7,7,2.219,0,2,6,3,3.366,1.919,0.0,2,2.398,3,0,3.256,6,5,4.533,3.13,5,-0.884,1,4.187,2.0,4.04,3,6,5,5.932,5,3,7,2.574,4,2,4,0
7,3,2,3,0,3,1,4,3,2,7,4,5,-0.782,4,6,7,7,1.554,1.464,0.0,4,2.023,3,0,1.425,6,2,-2.17,3.56,2,-1.505,4,1.27,0.0,3.48,0,7,3,-0.249,4,6,5,-0.654,6,0,7,0
0,5,1,2,0,7,4,4,3,5,7,2,3,0.259,6,3,2,6,1.551,1.964,0.0,5,0.503,6,6,-0.051,7,7,1.506,1.39,2,1.403,3,-0.438,0.0,2.96,6,7,0,-0.215,5,3,2,5.322,3,4,1,0
1,4,1,1,0,2,7,2,4,2,5,4,0,1.207,2,2,1,3,1.634,2.52,0.0,0,2.176,7,3,2.638,0,4,1.092,1.19,4,0.608,4,1.461,1.0,3.87,3,5,1,-0.483,7,3,5,3.676,6,0,0,0
5,2,4,0,0,6,4,3,7,5,3,5,2,0.859,7,3,7,2,1.054,0.346,0.0,5,-0.628,6,6,4.601,3,3,0.334,1.13,6,0.363,4,0.524,0.0,3.45,6,5,0,2.326,2,5,3,-0.461,5,6,1,0
4,7,4,2,0,2,3,0,7,7,5,3,6,-0.797,1,4,0,5,1.567,2.148,0.0,0,0.206,7,2,2.187,1,1,-0.309,3.79,3,-0.424,6,0.479,1.0,3.76,5,1,0,1.64,4,0,0,2.32,0,6,4,0
6,7,6,2,1,3,3,7,4,7,0,1,2,-0.517,4,1,3,7,1.813,0.721,0.0,1,5.498,6,4,5.131,2,2,2.635,2.81,5,-0.482,5,1.6,1.0,6.22,6,4,2,3.859,4,3,3,3.37,1,7,6,0
3,1,6,6,1,0,3,3,3,3,1,0,4,3.42,7,1,7,3,3.41,5.679,0.0,3,4.059,0,3,5.532,3,0,3.852,2.6,0,2.001,7,3.092,2.0,5.22,1,3,4,2.799,0,1,0,5.473,0,7,2,0
7,4,7,3,1,4,7,7,1,6,7,6,7,3.671,7,0,3,6,2.729,3.381,0.0,7,1.931,5,6,1.796,0,4,3.583,4.56,7,-1.042,4,2.004,2.0,2.71,2,3,5,-0.45,0,7,2,4.417,0,4,7,0
6,6,2,1,0,0,1,0,4,2,3,6,4,-0.138,6,7,1,4,1.31,1.83,0.0,1,0.164,4,4,2.055,5,2,-2.129,2.36,6,-0.439,6,-0.072,1.0,0.04,4,4,2,-2.441,3,2,3,2.914,1,5,7,0
3,2,3,4,0,4,6,4,0,0,1,1,7,0.054,6,0,6,0,2.253,0.092,0.0,0,2.458,1,7,0.706,6,1,0.532,5.65,7,0.096,2,1.16,0.0,3.49,0,7,3,0.939,5,5,5,2.446,1,2,2,0
4,2,3,3,1,2,5,5,4,3,0,6,1,2.835,3,3,6,7,4.065,2.131,0.0,4,3.54,2,4,2.143,7,0,3.618,3.22,2,-0.529,0,2.963,2.0,5.79,6,0,3,6.643,0,1,5,2.185,2,2,5,0
2,5,3,0,0,7,6,0,7,6,6,5,4,2.113,1,3,3,3,0.697,1.588,0.0,5,-0.329,2,5,2.072,0,1,2.622,0.97,0,-1.845,0,1.226,0.0,3.12,7,6,2,2.384,2,3,2,1.767,1,6,5,0
1,0,6,2,1,1,6,3,3,6,1,0,2,3.815,5,6,5,3,2.938,1.759,0.0,6,2.246,0,6,2.413,6,7,4.81,6.54,6,-1.442,3,3.252,2.0,6.02,0,2,2,7.057,3,4,1,3.633,0,2,4,0
4,6,5,0,0,5,0,3,0,3,7,3,7,-1.641,0,5,2,2,0.886,1.961,0.0,1,0.699,3,1,-1.36,0,7,-0.409,5.41,0,1.342,3,0.021,-0.0,7.53,6,7,5,2.072,4,4,3,1.344,5,4,0,1
6,0,6,5,0,4,7,3,4,5,0,0,3,0.435,7,3,3,3,0.618,-4.291,0.0,4,1.042,6,6,1.162,0,0,1.646,3.66,5,2.105,2,0.978,1.0,5.21,0,7,1,-0.919,0,6,2,0.596,1,1,6,0
0,4,7,0,1,4,6,1,4,3,2,0,2,5.153,4,2,5,1,3.39,-0.973,489.73,2,2.966,5,6,1.355,5,5,6.434,2.82,5,-0.931,5,3.609,2.0,6.05,0,7,5,5.174,2,4,0,3.681,5,6,0,1
1,4,1,0,0,0,1,3,5,4,7,0,5,0.007,6,3,3,6,1.233,-0.478,0.0,5,1.9,4,7,0.373,7,0,3.003,4.38,6,0.852,7,1.301,0.0,-0.4,5,5,4,-0.65,6,6,5,2.066,7,2,5,0
2,1,2,5,0,4,1,2,6,5,2,3,5,2.088,6,0,7,2,0.023,-0.895,0.0,6,0.443,4,2,-0.193,3,6,2.051,3.61,1,0.562,3,0.18,1.0,4.29,1,6,1,-0.139,3,6,0,-0.572,4,0,3,0
4,3,3,0,1,5,1,1,2,7,5,0,4,-3.12,4,6,0,3,2.009,6.519,0.0,6,1.582,6,2,-0.098,7,7,-0.08,3.6,1,-0.882,6,2.118,1.0,2.48,5,3,0,3.042,4,6,1,3.626,1,7,5,0
6,3,5,1,1,4,3,0,4,4,5,5,1,6.99,0,5,1,6,8.344,6.764,800.88,7,8.306,6,0,9.431,6,1,9.063,4.66,1,0.752,5,8.335,5.0,5.86,0,2,0,4.555,5,0,1,5.284,1,6,2,1
1,4,2,0,0,0,0,7,1,2,6,7,3,-1.419,5,3,6,7,0.194,-1.46,0.0,7,2.157,4,1,-3.203,6,3,0.729,3.33,5,0.443,1,-0.722,-0.0,5.52,0,7,6,-1.964,2,6,3,0.591,0,1,3,0
1,1,7,3,0,4,0,5,3,4,0,7,0,3.088,7,3,1,4,1.468,0.461,0.0,4,0.493,7,2,-1.911,5,1,3.309,4.42,1,-0.342,2,1.689,1.0,3.46,7,1,1,2.375,0,5,1,1.419,4,6,0,0
7,6,1,3,0,3,0,5,3,6,5,6,7,3.848,4,7,0,2,1.387,0.457,0.0,1,3.103,5,1,2.638,3,6,3.425,4.73,6,0.778,2,1.987,1.0,1.71,4,4,7,-1.094,5,5,3,-0.979,7,2,4,0
7,1,7,4,1,0,6,3,3,2,1,5,1,3.786,5,7,2,1,3.182,4.225,733.68,5,2.598,6,0,3.228,1,4,3.212,3.33,4,0.662,5,2.588,1.0,8.69,7,7,5,6.05,5,6,7,5.943,1,4,2,1
4,6,2,7,0,4,0,2,3,1,3,1,1,4.243,7,6,2,5,0.557,1.297,0.0,0,-0.367,1,5,-0.107,0,3,0.195,3.47,2,2.163,2,0.869,1.0,4.08,5,4,3,-2.06,7,4,6,1.534,0,7,1,0
4,1,1,2,0,2,5,0,2,7,6,2,4,0.066,5,7,0,3,2.617,1.555,0.0,0,1.915,1,0,5.548,6,5,4.356,2.9,2,-0.237,7,2.802,2.0,6.96,4,4,6,5.639,1,7,4,4.336,3,4,7,0
5,2,6,2,0,1,0,3,7,7,0,0,2,3.326,4,1,2,2,1.531,-1.494,0.0,2,3.037,3,0,1.097,0,3,1.741,2.52,7,1.285,2,1.459,0.0,4.19,4,0,7,0.323,3,3,2,0.766,3,6,3,0
1,6,7,6,0,2,5,2,2,6,1,0,2,0.053,3,5,5,6,1.134,-1.778,0.0,1,1.713,1,4,4.476,2,5,-0.029,4.18,6,-0.053,7,2.215,1.0,3.23,1,0,5,2.241,6,4,5,4.234,0,3,1,0
6,4,2,0,0,2,1,2,0,4,6,6,3,1.28,3,2,5,5,1.7,1.298,0.0,2,2.204,1,3,4.871,0,5,1.088,4.16,5,-0.427,0,1.033,1.0,4.74,4,4,2,-1.855,4,0,6,4.496,4,1,7,0
0,6,2,7,1,1,1,6,0,5,7,7,7,1.084,3,0,5,7,2.683,0.983,0.0,7,1.711,0,0,2.342,7,3,2.375,2.17,3,-0.615,5,3.233,1.0,3.71,1,2,1,6.03,4,7,3,1.947,1,3,7,0
3,7,4,3,0,6,3,5,7,0,0,6,3,0.238,2,7,5,3,0.504,-2.352,0.0,1,1.945,1,4,1.247,2,3,1.341,3.97,4,-0.135,0,0.095,0.0,4.55,5,3,0,2.705,7,7,3,4.421,5,7,5,0
4,0,2,5,0,1,6,7,5,6,5,7,1,0.356,6,4,2,0,1.042,0.928,0.0,4,-1.77,3,6,0.244,6,2,3.595,3.87,7,-1.665,0,1.628,1.0,4.11,1,3,1,0.334,3,4,4,1.01,5,4,1,0
7,7,5,3,1,6,3,3,5,0,3,5,2,0.29,7,3,2,2,4.975,2.564,60.21,5,5.515,4,0,4.696,7,2,4.061,4.62,0,1.514,3,5.989,2.0,9.08,5,2,6,6.238,1,7,1,2.505,0,5,4,1
0,4,4,5,1,7,2,6,5,0,6,0,2,-1.62,6,6,2,0,2.24,-1.789,0.0,2,2.186,1,1,-0.618,7,1,2.642,3.0,0,-0.49,1,3.41,1.0,5.4,6,3,6,1.535,1,7,4,4.339,4,2,4,0
5,2,3,4,0,0,6,6,0,6,0,2,5,-3.249,1,7,7,5,0.375,-3.547,0.0,4,1.941,5,0,0.584,3,6,-0.987,2.54,6,-0.742,1,-0.293,-0.0,4.75,6,5,5,-1.687,2,4,2,4.033,4,6,5,0
5,4,4,7,0,2,6,4,5,7,2,4,1,-1.895,5,7,2,6,0.564,4.012,0.0,5,2.107,2,3,1.939,6,1,-0.477,1.28,3,0.085,1,1.578,2.0,2.62,4,5,5,-0.652,5,3,7,1.755,5,2,2,0
4,6,3,6,0,3,7,7,0,7,5,3,1,-0.602,5,6,6,4,0.07,-1.452,0.0,4,1.105,4,2,1.501,7,5,0.424,2.22,4,-0.44,1,-0.2,0.0,3.9,4,3,4,0.86,4,6,2,-1.133,0,3,4,0
0,2,3,7,0,1,6,1,0,1,0,2,7,4.069,7,4,0,5,1.352,5.32,0.0,6,0.683,5,1,-0.03,0,4,0.444,2.57,1,-0.784,7,0.271,-0.0,5.07,5,1,2,-3.799,6,2,6,3.195,4,5,5,0
5,1,3,5,0,3,5,0,3,2,0,4,0,1.764,0,4,2,1,1.343,2.173,0.0,2,3.718,6,4,2.407,4,4,0.281,5.52,6,0.751,1,1.485,1.0,1.03,0,7,3,-0.596,3,4,5,1.34,0,0,0,0
4,0,0,2,0,4,2,4,6,6,4,7,2,3.825,0,0,5,3,1.353,2.393,0.0,5,0.348,0,6,0.839,5,0,2.301,4.65,2,-0.319,0,1.088,1.0,5.01,6,1,0,4.033,6,1,2,2.161,5,6,5,0
5,2,5,1,0,0,1,7,5,1,1,0,5,-1.09,3,3,7,0,1.79,1.312,0.0,7,1.472,6,3,1.415,4,2,1.484,-0.39,2,-0.052,5,1.908,1.0,4.47,2,4,2,1.141,2,2,4,2.385,1,6,7,0
2,6,0,5,1,3,5,3,3,6,3,7,3,5.713,1,7,3,4,4.375,2.22,0.0,1,3.125,5,6,5.946,5,4,6.089,2.93,5,-0.636,1,3.926,3.0,6.33,6,7,1,4.772,4,1,0,3.639,4,2,3,1
6,0,0,7,0,7,3,2,5,3,7,6,5,2.574,0,5,0,7,1.06,0.608,0.0,4,-0.052,2,5,3.122,6,0,2.811,-0.88,7,-0.653,5,0.896,-0.0,3.17,2,4,0,5.278,2,1,5,-0.717,7,6,5,0
7,2,1,7,0,7,6,2,4,1,2,2,2,0.843,3,6,6,2,0.166,-0.641,0.0,1,0.487,1,1,4.065,5,7,-1.503,4.74,5,-0.46,4,-0.123,1.0,4.23,7,6,5,1.289,7,0,3,-0.12,5,5,5,0
4,6,0,5,0,2,3,0,2,1,4,2,6,-1.233,6,5,7,5,1.687,4.145,0.0,0,2.075,2,4,0.603,0,1,1.321,2.55,1,0.229,5,0.902,2.0,3.49,7,5,6,1.71,5,4,2,-2.465,0,4,3,0
4,0,6,1,1,1,5,2,5,5,7,1,3,3.446,0,0,0,2,3.194,0.418,0.0,1,3.699,3,2,2.382,6,4,4.418,2.99,3,-1.22,0,3.313,2.0,0.53,2,5,0,0.491,6,5,3,2.082,1,2,1,0
7,6,2,1,1,1,6,0,5,5,7,5,5,4.435,1,7,5,7,1.575,-0.439,0.0,1,2.922,6,6,2.478,3,4,3.009,3.53,2,0.01,5,1.47,1.0,3.43,6,0,7,2.684,6,4,6,4.342,3,5,5,0
7,7,0,4,0,6,7,7,6,4,4,2,6,-4.862,0,6,0,2,-0.118,0.148,0.0,6,-0.392,1,1,-3.336,1,0,2.69,3.36,3,-0.291,7,0.423,-0.0,5.7,0,7,6,-0.868,6,6,0,-0.573,6,3,7,0
5,5,2,4,0,2,6,6,6,0,5,7,5,-2.662,5,0,4,6,1.351,-1.277,0.0,1,2.953,0,6,-0.669,5,0,-0.829,3.22,7,0.614,3,1.749,0.0,1.35,4,2,6,-1.395,5,6,4,3.5,5,6,1,0
4,1,4,0,0,4,4,4,7,1,4,3,6,-1.312,4,1,7,3,1.508,2.315,0.0,5,2.333,4,0,2.16,3,0,1.636,4.71,0,-0.431,7,3.512,2.0,3.68,3,2,6,4.205,7,2,5,2.189,5,6,7,0
0,4,5,4,1,4,4,5,0,1,5,0,7,6.48,3,3,3,3,1.839,-0.8,0.0,6,2.74,0,6,3.566,1,5,1.737,2.31,0,-0.062,1,2.387,1.0,5.16,3,4,4,2.092,7,1,4,-1.317,2,7,7,0
2,0,7,1,0,0,6,1,1,1,5,5,6,6.764,3,1,4,0,0.346,1.075,0.0,6,0.722,6,6,0.708,4,1,-0.335,4.36,1,-0.12,4,0.505,1.0,2.5,5,4,3,2.868,3,4,4,-1.185,2,2,6,0
0,1,5,0,0,4,6,2,3,7,1,1,7,2.367,2,0,2,7,1.046,-0.103,0.0,3,0.83,2,7,-2.402,6,4,1.453,1.79,4,1.276,5,0.094,0.0,4.71,3,3,5,1.237,0,2,7,2.099,0,3,3,0
0,3,5,0,0,7,0,6,7,6,5,3,0,2.769,2,5,7,0,0.501,-4.57,0.0,0,0.437,2,4,-4.932,3,4,2.53,3.2,4,0.131,3,0.583,1.0,2.39,6,2,7,0.235,3,3,4,1.069,3,6,3,0
7,2,5,2,0,3,7,1,4,4,3,2,4,1.875,3,2,0,3,0.19,-1.809,0.0,4,1.929,5,7,-1.57,1,7,-0.347,1.82,0,-0.343,3,-0.05,0.0,5.15,4,7,4,0.007,0,0,0,-0.136,1,6,3,0
4,6,1,0,0,3,4,0,3,3,6,3,5,0.723,7,1,2,2,-0.078,1.932,0.0,0,1.56,7,4,-1.715,1,3,0.583,3.1,0,-0.559,6,0.365,0.0,5.28,3,5,3,0.688,2,3,5,4.229,1,7,7,0
5,2,7,5,0,2,2,7,3,2,2,5,6,4.206,4,5,2,2,2.287,-0.212,0.0,4,-0.349,5,7,3.947,7,5,3.844,1.65,1,-1.712,2,2.213,1.0,1.56,3,0,0,1.334,5,0,4,4.246,5,4,6,0
3,2,5,4,1,7,2,4,5,6,1,2,2,3.177,4,2,7,1,4.403,6.404,0.0,7,4.326,6,1,3.95,1,3,5.929,3.92,2,0.495,7,5.287,2.0,5.93,3,5,4,5.451,3,1,4,1.815,4,7,4,0
5,5,2,3,0,2,6,0,1,2,4,5,5,-0.742,7,4,0,4,0.694,-1.001,0.0,3,1.101,0,4,0.283,2,5,-0.722,2.98,6,-0.681,6,-0.733,0.0,4.83,0,0,4,-1.488,5,6,2,-1.936,7,7,3,0
3,5,3,7,0,5,2,7,7,3,0,7,4,-2.367,2,1,0,7,1.168,2.032,0.0,6,-1.184,6,7,2.099,3,1,2.044,3.43,6,0.285,4,1.392,0.0,6.2,0,5,1,0.265,2,7,2,-0.361,2,3,3,0
4,0,5,1,0,2,1,2,4,0,3,0,1,-0.946,1,3,6,1,0.093,-1.859,0.0,1,-1.155,3,5,1.125,2,1,0.741,2.02,4,-0.097,6,1.066,0.0,4.0,2,7,5,-0.702,0,6,3,2.247,3,3,7,0
5,1,7,1,0,6,0,0,4,6,2,5,2,0.556,2,5,4,6,0.747,2.107,0.0,2,1.447,7,6,2.21,7,1,-1.087,3.69,3,1.015,5,2.068,-0.0,2.85,0,1,2,3.194,3,2,1,3.892,2,3,4,0
2,3,0,2,1,0,7,7,3,0,6,1,3,-2.616,3,3,3,6,2.653,2.513,0.0,0,3.654,1,4,5.27,3,5,1.483,1.07,6,1.723,6,2.438,2.0,7.35,0,2,7,6.271,4,5,6,1.023,1,3,2,1
7,6,3,6,0,7,0,1,0,4,0,3,4,-0.59,6,1,3,6,1.916,5.498,0.0,0,1.845,7,4,-0.227,6,6,3.102,3.38,6,-0.995,0,1.419,0.0,3.59,6,3,2,1.718,2,1,7,0.639,2,7,3,0
3,0,5,0,0,4,2,1,0,4,1,1,2,3.631,5,6,7,2,2.226,0.018,0.0,7,2.712,0,1,0.698,0,1,1.183,4.42,7,0.668,0,1.622,2.0,5.3,5,5,7,-1.654,3,2,4,1.478,7,2,6,0
0,1,5,5,0,7,3,3,7,0,7,6,6,1.184,0,0,1,6,0.886,3.587,0.0,6,-1.131,1,0,0.864,7,3,0.5,3.42,4,-0.808,4,1.288,1.0,3.37,0,7,5,1.368,2,0,7,1.218,5,7,4,0
3,4,5,2,0,4,6,6,2,0,6,3,6,0.284,7,1,0,3,0.16,1.927,0.0,6,0.816,6,0,-0.058,3,3,1.926,4.56,2,-0.605,7,0.509,0.0,3.21,7,2,0,-0.042,0,0,1,0.805,4,5,1,0
1,0,3,3,0,5,5,2,2,0,3,1,6,-1.365,0,5,5,2,0.549,-0.681,0.0,7,1.344,0,3,-1.253,5,3,1.36,3.95,5,-0.263,2,1.004,0.0,6.32,3,5,0,2.185,2,5,3,-0.334,0,4,1,0
0,3,0,3,0,1,5,2,4,0,2,3,7,-0.522,2,2,6,7,1.696,2.057,0.0,4,1.003,5,7,-2.588,4,2,-0.955,3.81,0,0.626,4,0.954,-0.0,3.38,4,5,7,2.915,6,2,0,2.201,5,2,7,0
6,6,5,4,1,6,3,0,5,3,3,0,3,4.638,5,6,0,6,2.403,2.741,0.0,7,2.921,4,2,1.626,6,5,2.595,2.83,7,0.015,5,2.791,1.0,4.23,4,1,6,1.316,4,5,1,-0.064,0,1,7,0
7,1,0,7,0,7,2,5,3,3,3,0,1,0.902,5,6,1,6,-0.076,2.365,0.0,7,-1.383,1,7,-2.26,0,2,2.798,1.84,1,-0.561,5,0.628,1.0,4.83,0,1,3,3.872,4,5,7,-0.265,2,0,4,0
5,6,2,1,0,0,4,3,1,1,2,0,4,-1.853,3,7,5,4,0.937,3.163,0.0,5,1.221,5,2,3.497,0,5,1.957,1.42,5,0.904,6,1.475,1.0,1.98,1,7,5,-0.336,7,4,1,1.024,3,0,3,0
6,5,7,3,0,2,6,7,6,7,5,0,2,2.023,4,1,4,3,1.567,6.641,0.0,2,1.141,7,2,1.455,4,2,2.79,2.32,4,-0.855,3,2.366,0.0,6.4,1,2,4,-2.63,6,3,7,1.403,1,1,5,0
5,1,2,0,1,0,5,1,3,0,6,2,0,-0.647,5,1,1,2,2.671,0.116,508.74,0,3.194,1,6,3.989,3,5,1.965,4.59,0,1.517,6,1.916,1.0,6.18,3,4,1,-1.704,4,7,1,2.809,7,1,3,1
5,6,1,2,1,4,1,4,3,2,2,4,7,5.058,3,2,5,2,2.476,-0.724,0.0,5,1.46,6,4,5.778,1,0,4.951,3.44,0,1.077,0,2.258,1.0,5.3,4,2,0,2.898,4,1,0,2.008,0,2,6,0
4,7,6,6,1,2,3,4,1,3,0,3,3,5.053,2,1,7,1,5.225,3.156,125.23,7,6.198,6,1,2.406,0,1,4.397,3.04,6,1.495,4,4.651,3.0,6.72,5,5,7,5.153,7,4,5,1.059,7,5,1,1
5,5,0,3,0,4,5,5,3,4,7,0,2,2.512,0,7,6,5,2.902,-0.76,0.0,5,1.87,0,0,-1.24,6,4,0.55,3.57,7,-1.45,1,2.757,2.0,6.23,6,6,6,3.543,4,3,1,0.891,1,6,0,0
0,6,6,1,1,1,7,1,3,7,1,0,1,2.185,1,6,5,1,2.509,3.227,466.78,6,2.26,0,4,4.325,0,5,1.284,4.62,0,-1.013,6,2.538,1.0,7.7,7,0,5,4.12,2,3,7,6.147,3,1,4,1
0,0,4,6,0,3,6,3,0,3,2,2,4,-2.989,6,2,3,4,-0.229,-2.89,0.0,0,-0.277,2,7,1.181,7,0,-3.039,3.47,6,-0.268,7,0.965,0.0,5.01,0,4,6,3.562,5,6,7,0.613,6,2,3,0
0,5,0,1,0,4,4,5,3,1,1,2,2,-0.076,5,3,6,5,0.785,-0.013,0.0,1,1.8,0,6,3.401,2,3,-1.255,2.73,0,-0.488,0,0.167,1.0,5.93,4,5,6,2.172,5,5,6,-1.647,0,4,0,0
1,5,0,2,0,5,4,2,2,2,7,6,5,0.181,4,2,6,0,2.874,0.036,0.0,7,3.1,5,3,1.623,1,6,3.772,5.67,0,0.634,4,1.901,2.0,4.36,5,2,3,0.73,0,7,3,2.966,3,4,4,0
2,5,0,5,0,7,4,0,6,0,0,0,2,5.926,0,5,7,5,2.507,7.18,0.0,7,0.839,6,1,4.368,0,5,2.405,2.89,1,0.513,3,2.276,1.0,6.51,3,1,7,1.64,6,5,6,3.317,0,1,5,0
6,6,5,2,0,7,7,3,1,6,4,1,3,-1.014,6,1,6,1,0.473,-1.223,0.0,3,1.423,1,5,0.212,7,1,0.431,3.46,0,-0.002,6,0.997,0.0,4.16,1,2,3,0.858,7,6,5,-1.571,6,5,6,0
4,0,2,0,1,5,3,0,3,5,5,3,5,3.107,1,0,1,1,2.981,3.287,0.0,6,3.028,6,7,4.457,0,1,0.793,2.96,0,0.177,2,2.432,1.0,1.69,3,6,1,2.489,0,1,7,2.053,5,2,2,0
7,2,1,5,0,5,1,5,0,6,4,0,3,-0.363,6,4,1,3,1.459,2.75,0.0,5,0.794,5,1,3.017,3,4,2.486,0.18,2,0.938,0,1.138,1.0,3.1,5,3,5,-1.6,1,7,5,2.463,4,7,5,0
5,7,5,2,0,6,4,7,3,6,5,6,3,2.407,1,6,4,3,2.07,3.184,0.0,3,3.098,7,7,0.66,5,2,4.555,2.37,2,0.814,3,3.145,2.0,-0.53,1,2,2,2.477,5,0,7,-1.945,0,1,5,0
0,2,2,7,0,7,7,5,3,7,3,2,0,3.833,1,5,1,0,0.799,1.209,0.0,2,0.743,4,7,3.312,7,3,0.826,3.23,6,1.375,6,1.538,-0.0,3.15,5,2,5,-0.806,3,2,4,3.201,1,6,3,0
1,1,4,4,0,2,7,0,6,0,2,4,6,2.138,1,2,4,2,1.43,1.229,0.0,2,1.776,0,3,-4.827,5,7,1.796,3.6,7,0.314,7,1.823,1.0,4.09,2,1,5,-2.384,4,7,0,-0.113,2,3,7,0
3,2,4,2,0,0,3,4,6,7,1,4,3,3.221,5,4,3,3,1.446,-1.303,0.0,5,0.748,3,4,0.437,2,0,1.311,1.4,4,0.846,0,1.709,1.0,6.68,5,0,5,2.509,0,1,4,0.637,0,3,4,0
7,0,0,0,0,7,1,6,4,6,6,1,1,-3.742,6,3,5,1,2.089,2.79,0.0,5,0.922,6,6,3.15,2,0,3.525,2.79,2,-1.732,5,1.848,0.0,4.63,5,4,0,3.934,7,5,0,6.263,1,4,5,0
4,6,4,4,0,2,3,4,4,5,1,3,5,-0.563,6,4,4,1,0.721,-0.297,0.0,6,1.482,2,0,5.35,5,6,1.22,3.46,7,-0.461,5,0.631,1.0,5.96,2,3,1,-2.541,6,0,5,-2.186,7,4,0,0
6,3,7,0,0,5,4,6,6,0,3,4,3,2.066,1,7,3,4,2.324,3.056,0.0,5,0.852,3,5,2.924,1,7,3.093,3.1,3,-0.632,4,2.343,2.0,-0.92,2,1,2,-0.161,4,5,5,-0.389,0,6,5,0
6,5,4,6,0,1,5,1,1,7,7,6,4,0.747,0,2,1,6,1.401,1.14,0.0,1,-0.422,1,1,2.425,7,4,-2.775,1.94,3,2.044,6,0.029,0.0,2.68,4,6,2,2.718,6,1,0,2.677,4,0,5,0
0,3,3,0,1,6,4,4,3,0,5,0,0,4.623,6,6,4,7,3.218,5.186,0.0,6,3.446,3,1,3.552,5,0,1.523,1.52,3,0.052,1,3.85,2.0,3.75,1,3,1,3.145,4,5,5,2.076,7,4,5,0
0,7,7,0,0,6,4,0,0,4,0,1,4,3.417,3,3,4,4,1.559,2.785,0.0,1,2.626,1,5,2.445,6,7,2.761,1.63,3,0.302,3,1.929,2.0,4.61,1,6,1,3.833,0,6,1,5.063,6,3,3,0
4,4,5,7,0,0,6,1,6,6,2,3,0,1.523,1,1,1,7,2.398,1.196,0.0,6,1.732,5,4,4.236,1,3,0.716,2.64,0,0.203,4,1.54,2.0,1.82,7,6,6,-1.022,0,5,1,1.137,3,2,0,0
6,3,2,0,1,4,2,0,7,4,3,3,5,3.141,2,0,4,0,2.907,3.497,0.0,1,2.562,2,4,2.856,2,0,5.199,3.66,0,-0.518,7,3.128,1.0,4.72,1,4,7,0.592,5,3,3,2.217,2,3,4,0
4,4,3,4,0,5,3,1,1,3,6,5,3,2.678,7,6,1,2,1.797,2.365,0.0,3,0.527,5,1,4.709,5,4,0.913,3.25,7,-1.589,0,1.939,2.0,5.43,3,4,7,1.587,0,4,2,2.736,5,1,1,0
1,0,3,7,1,0,4,7,6,7,5,4,1,5.274,6,2,6,5,5.556,4.974,0.0,4,6.529,1,2,5.012,5,4,4.195,5.26,7,0.769,6,5.458,3.0,8.73,1,0,6,6.318,1,0,6,6.969,6,7,4,1
5,2,2,5,1,2,7,1,3,1,2,7,3,0.515,3,2,1,7,2.589,4.103,0.0,4,2.047,0,5,3.864,7,3,2.349,5.43,7,0.388,2,2.948,1.0,1.37,2,3,1,1.113,3,5,3,0.825,5,4,1,0
4,1,1,1,0,7,3,2,7,4,4,4,4,2.915,0,5,6,0,1.707,-0.331,0.0,5,0.529,1,3,-0.312,6,1,1.012,1.01,4,-0.74,6,1.554,0.0,2.98,0,6,0,3.264,7,4,2,1.975,3,7,3,0
2,1,1,0,0,4,2,0,0,0,0,2,2,3.998,4,3,0,5,1.432,-0.965,0.0,4,2.177,1,5,0.57,0,1,0.01,1.74,2,-1.348,5,1.165,1.0,5.54,5,1,5,3.345,5,7,5,-2.16,5,5,7,0
0,1,4,6,1,7,0,2,7,5,1,1,6,3.896,2,4,6,0,3.427,-0.738,86.86,7,4.984,6,5,2.116,1,2,3.69,2.46,1,-0.525,7,3.978,2.0,7.66,4,2,1,2.114,1,4,2,2.023,4,5,2,1
7,2,1,3,0,4,5,4,4,0,7,5,2,4.74,6,0,5,6,0.919,-0.917,0.0,6,1.821,4,7,0.578,0,0,1.182,2.88,7,0.246,2,0.598,0.0,2.49,5,4,1,-1.911,6,2,3,5.268,2,0,6,0
3,7,6,7,0,6,6,4,5,0,7,7,5,1.958,7,0,7,6,0.228,-1.306,0.0,2,1.122,5,4,1.78,0,0,0.044,2.37,6,0.971,4,0.674,0.0,3.49,1,2,0,2.583,6,5,7,0.307,1,2,3,0
4,5,7,4,1,1,4,0,3,5,5,5,7,4.067,0,6,3,5,2.434,0.343,0.0,5,2.511,5,4,4.923,7,5,2.832,1.36,6,-0.585,7,1.365,1.0,6.5,0,5,7,3.437,5,0,3,8.335,4,3,7,0
6,5,1,1,0,3,2,7,0,7,4,0,7,0.783,1,2,6,1,0.8,-1.698,0.0,4,1.264,1,2,1.144,7,0,-0.543,0.34,7,-1.021,6,-0.373,-0.0,1.95,5,3,2,-0.565,0,2,5,-1.632,5,4,1,0
0,3,6,6,0,5,5,3,2,2,0,0,1,-2.006,7,1,3,1,1.275,-0.276,0.0,6,-1.521,7,2,0.231,5,1,-1.828,2.01,7,-0.571,2,-0.358,1.0,6.24,1,2,7,-0.367,2,5,2,3.515,6,4,2,0
4,2,2,5,0,5,6,1,0,4,4,3,5,-1.418,1,6,3,5,0.196,2.191,0.0,3,2.382,3,6,2.971,2,0,-1.902,1.68,3,-0.068,3,1.414,0.0,1.26,1,0,0,0.348,4,2,0,0.807,6,4,3,0
6,7,1,2,0,1,5,4,4,7,4,2,6,3.429,6,4,3,0,0.466,0.665,0.0,4,2.543,6,4,1.368,7,4,-1.365,2.42,3,0.418,7,0.196,-0.0,3.37,0,3,4,0.035,7,6,1,1.44,6,0,5,0
1,4,4,1,0,6,5,6,5,2,0,6,7,2.986,1,0,5,0,2.388,-1.623,0.0,6,3.879,4,2,5.611,1,2,0.908,1.44,7,0.123,5,2.416,1.0,1.92,4,7,6,5.604,0,2,2,1.228,6,1,1,0
4,7,2,2,0,4,1,5,6,6,6,4,6,-1.766,2,4,2,2,0.677,-2.344,0.0,6,-0.448,6,4,-1.679,5,2,1.297,1.83,2,-1.091,1,0.14,1.0,4.16,0,0,3,0.853,6,6,0,0.746,2,0,6,0
5,4,7,3,0,6,7,0,5,3,2,5,1,2.408,6,1,1,1,0.765,-1.207,0.0,0,1.4,3,5,2.718,7,2,-0.605,2.09,4,0.221,0,-0.229,0.0,4.28,4,3,6,5.449,6,3,4,0.905,5,3,5,0
5,7,7,5,0,3,5,6,4,4,1,2,4,-2.27,3,5,5,4,1.485,0.589,0.0,7,0.019,3,6,2.293,2,7,2.465,1.17,2,-0.679,1,1.594,0.0,2.78,6,2,0,1.36,3,5,5,2.273,7,4,6,0
7,2,0,4,1,6,1,3,6,4,5,6,4,5.765,5,7,3,7,3.611,4.187,405.46,7,2.383,1,7,4.983,5,4,4.401,4.93,0,0.678,7,4.269,1.0,8.17,3,3,0,3.374,4,5,3,1.102,4,2,7,1
6,6,7,6,0,5,0,4,0,2,3,6,7,3.232,7,5,7,7,2.18,5.743,534.86,4,3.576,6,1,1.337,1,5,4.54,3.42,4,-1.62,4,1.574,1.0,7.64,1,7,0,1.253,0,6,1,2.346,6,3,2,1
6,2,7,2,0,7,1,4,5,7,5,2,4,3.181,3,0,7,1,1.864,1.755,0.0,5,2.084,3,4,2.988,1,6,1.233,1.56,0,0.898,0,1.667,1.0,4.4,0,0,0,4.453,7,0,1,3.748,7,2,0,0
1,5,6,2,0,6,4,5,6,0,7,2,6,0.706,2,2,1,7,1.179,4.233,0.0,6,1.174,7,1,-0.39,1,1,1.094,2.43,4,-0.26,7,0.23,1.0,4.4,6,0,2,2.003,6,0,3,0.828,5,3,4,0
5,0,5,4,0,5,5,3,1,7,5,5,1,-4.425,2,6,3,6,1.18,2.868,0.0,5,-0.245,7,4,1.431,6,6,1.5,3.37,4,-1.218,3,-0.198,0.0,1.48,6,1,2,0.651,4,1,6,-0.002,0,2,6,0
5,0,3,0,0,5,5,0,6,0,4,3,3,3.073,1,3,1,6,0.538,1.967,0.0,1,-0.308,2,6,-1.719,0,3,-1.049,3.45,2,0.726,5,0.898,-0.0,2.19,4,4,7,0.881,3,4,5,-0.756,0,4,5,0
6,3,4,4,0,2,5,7,6,7,5,2,3,-0.012,3,0,3,0,1.252,-2.802,0.0,5,1.873,3,7,4.298,1,3,3.56,0.46,7,0.376,1,1.449,-0.0,4.26,5,0,1,3.186,0,2,2,2.755,5,2,1,0
5,5,4,3,1,5,4,5,2,4,1,6,1,1.203,1,0,2,7,3.553,1.244,0.0,7,2.975,2,5,6.262,3,2,3.853,6.84,3,-0.529,2,3.091,2.0,7.73,6,5,5,2.533,5,1,7,3.646,6,3,4,0
3,7,3,1,1,0,3,5,4,6,0,4,5,1.644,3,0,3,3,3.131,-2.133,0.0,2,0.994,6,7,2.938,1,5,2.021,2.77,2,1.364,2,3.214,2.0,4.94,3,7,5,-0.103,2,3,0,4.134,5,3,7,0
6,3,2,7,0,3,1,4,1,3,5,1,1,1.847,7,6,4,6,1.553,1.451,0.0,1,1.003,3,1,2.057,7,2,3.273,2.03,3,-0.232,6,1.057,1.0,5.49,2,4,3,1.866,5,2,4,1.033,3,1,7,0
5,2,7,0,0,2,5,2,4,2,7,3,5,-1.615,1,3,3,0,1.398,0.667,0.0,2,0.404,0,3,-2.811,6,4,1.373,2.59,2,0.535,4,0.996,1.0,4.18,6,7,2,3.052,3,4,6,-2.219,0,2,2,0
6,1,4,2,0,3,1,3,4,3,5,2,5,3.241,6,0,2,0,1.084,-0.507,0.0,2,1.297,2,6,0.533,6,2,2.169,1.2,0,-0.404,6,3.079,2.0,2.46,7,5,5,1.203,1,4,3,0.856,5,1,0,0
4,0,3,2,0,0,5,2,6,3,7,2,7,3.683,7,2,4,6,1.733,0.487,0.0,6,2.862,5,2,0.651,6,4,1.697,4.33,6,0.181,4,1.552,1.0,-0.65,6,5,7,-3.478,7,2,4,4.123,7,3,3,0
1,4,5,0,0,3,7,5,4,7,2,7,3,2.666,2,5,4,5,0.448,1.187,0.0,5,-0.781,5,4,0.355,0,5,-1.049,1.9,1,1.16,4,1.118,-0.0,5.42,3,3,2,-3.296,1,0,2,-1.877,2,2,0,0
5,4,2,6,0,3,1,2,7,4,3,2,6,2.321,3,5,5,0,0.569,-0.626,0.0,2,0.474,5,4,0.621,5,6,-1.41,4.55,0,-0.847,5,-0.278,1.0,5.7,5,2,0,-2.429,2,2,4,0.193,6,4,6,0
2,7,4,0,0,6,3,4,2,6,2,2,2,3.397,6,1,4,1,0.661,-4.141,0.0,1,1.108,0,6,-1.715,2,7,-0.246,0.33,4,1.124,1,0.909,1.0,4.22,5,5,2,2.224,3,6,6,0.37,5,2,0,0
0,4,3,5,1,4,2,2,6,6,6,0,2,1.734,2,5,0,1,2.974,5.95,59.52,7,2.889,5,0,2.24,7,3,2.864,4.4,4,-0.595,5,3.183,2.0,6.52,2,5,7,1.609,0,7,3,2.559,7,0,0,1
7,4,0,6,0,6,6,1,7,2,2,5,4,-0.505,5,4,5,6,1.515,1.395,0.0,7,0.335,0,2,2.714,7,3,3.736,6.29,6,0.552,1,2.16,1.0,7.87,4,7,4,0.698,4,3,1,6.826,2,3,2,1
7,0,4,6,0,1,6,5,7,2,6,4,3,1.064,0,2,6,2,1.823,1.85,0.0,4,1.513,4,6,0.591,2,5,1.215,3.76,1,-0.666,1,1.821,1.0,5.18,6,2,0,4.976,5,7,5,3.276,0,7,5,0
5,4,3,3,0,4,6,5,6,4,2,3,2,3.534,3,6,0,4,1.172,2.463,0.0,0,0.139,4,5,4.972,1,0,0.075,3.99,4,-2.006,5,1.499,1.0,3.1,7,7,1,1.028,6,2,4,1.022,0,5,1,0
3,0,3,6,1,6,1,4,6,2,6,3,5,5.92,0,5,0,7,2.829,4.604,661.65,7,0.898,0,3,2.265,5,3,3.265,3.15,2,0.61,4,1.83,1.0,10.05,4,0,5,-1.654,1,6,1,2.752,2,7,1,1
0,7,4,1,0,5,5,5,4,5,5,3,7,-0.28,1,4,0,4,0.903,-2.451,0.0,4,2.293,4,5,-1.794,6,3,0.899,1.89,4,0.399,0,1.471,0.0,3.37,0,7,7,3.462,1,3,4,5.874,1,6,3,0
4,3,2,6,0,7,6,1,7,7,7,1,3,4.925,0,7,3,3,1.465,-0.611,0.0,3,1.49,0,5,1.52,0,6,2.582,2.47,4,-0.573,7,1.434,-0.0,2.91,0,4,6,3.177,0,3,7,-0.332,6,4,4,0
2,5,2,2,1,4,3,3,1,3,2,6,3,0.911,1,3,0,2,1.805,0.403,0.0,4,2.196,3,4,1.365,3,4,2.567,2.77,0,0.308,6,1.867,1.0,6.25,0,7,3,2.301,0,3,6,1.527,7,7,3,0
4,7,7,4,1,1,4,0,7,4,2,0,6,2.932,2,4,2,7,3.126,2.388,0.0,1,2.649,7,1,2.298,0,1,5.094,3.74,2,1.43,7,2.831,2.0,3.46,4,5,3,3.565,4,4,6,0.153,4,6,4,0
1,1,4,6,0,1,0,5,3,7,3,7,0,0.262,2,5,2,2,2.014,2.609,0.0,4,1.927,1,1,3.083,3,1,1.437,1.69,0,-1.552,4,0.793,1.0,4.5,5,4,1,4.617,5,7,1,1.722,1,3,3,0
1,0,6,0,0,0,6,6,5,5,3,0,7,3.397,1,3,2,4,1.051,3.611,0.0,5,1.034,3,6,-2.828,6,0,2.57,0.83,4,-0.139,7,1.371,1.0,4.55,6,5,7,2.28,3,6,0,3.348,1,0,1,0
3,6,3,3,0,4,4,5,5,4,5,5,0,1.93,6,2,7,5,2.164,1.815,0.0,6,1.582,0,3,-1.123,6,0,1.44,4.05,0,-1.495,6,2.076,2.0,2.84,3,1,1,3.027,2,5,7,1.27,7,4,7,0
7,4,3,2,0,5,2,6,6,4,4,7,0,-0.41,0,1,2,2,1.077,0.232,0.0,4,-0.036,1,5,-0.127,4,0,0.6,3.98,1,-0.899,0,0.726,1.0,5.78,5,3,4,4.691,0,5,4,0.905,0,6,2,0
3,4,3,6,0,7,6,6,1,5,6,1,2,4.577,4,1,7,0,0.008,2.781,0.0,3,1.248,7,3,2.487,4,7,-0.115,2.6,7,-0.324,7,0.292,0.0,6.32,5,5,7,4.853,2,5,4,-1.923,0,2,0,0
3,7,2,2,0,2,3,5,5,6,6,4,1,2.893,5,1,2,0,2.029,-0.916,0.0,2,1.344,6,6,1.586,3,4,0.377,-0.03,6,-0.646,3,2.651,1.0,5.79,0,3,4,2.197,3,3,2,1.251,5,5,3,0
6,7,3,7,0,4,2,3,6,3,1,2,3,4.169,7,4,3,2,0.596,1.371,0.0,0,-2.077,4,4,-0.944,4,2,-0.219,4.19,1,-0.141,5,0.938,1.0,6.61,7,1,3,0.789,4,4,4,-2.071,1,6,2,0
2,7,7,0,0,5,4,1,0,3,3,6,6,0.133,3,6,0,3,-0.257,-3.888,0.0,2,0.577,7,7,0.068,6,0,0.148,3.73,4,0.072,1,0.308,-0.0,2.47,4,1,5,1.207,6,0,2,-1.524,2,3,7,0
1,6,5,0,0,3,4,4,7,0,0,7,2,2.111,7,5,7,0,1.852,1.63,0.0,0,2.31,3,6,4.383,6,6,-0.095,4.6,5,-1.148,7,2.566,1.0,3.63,4,0,0,4.812,4,7,5,2.117,0,1,6,0
1,2,5,5,0,1,2,7,5,2,1,5,3,2.58,1,4,5,6,0.646,1.934,0.0,0,0.803,7,7,3.65,6,6,3.055,2.96,1,0.168,4,0.369,1.0,4.12,6,1,0,0.481,3,6,3,6.338,0,1,3,0
4,0,1,0,1,5,5,6,4,0,6,7,1,3.553,5,1,5,3,2.674,3.94,0.0,5,4.638,2,3,1.359,4,5,1.476,3.29,2,0.246,2,3.002,2.0,2.52,7,1,0,3.09,5,5,7,1.001,6,1,4,0
3,5,2,2,0,2,1,0,1,2,6,7,7,3.036,7,4,2,2,1.563,1.508,0.0,2,1.779,4,5,1.056,2,6,-1.516,4.22,1,-0.051,7,0.991,1.0,3.08,1,3,7,-0.342,3,3,4,-2.335,2,7,1,0
0,1,1,4,0,7,1,6,3,0,2,3,5,-0.831,2,2,0,3,0.672,0.184,0.0,2,1.273,7,3,0.519,3,0,1.597,1.4,2,-1.072,6,2.223,2.0,4.3,5,4,3,5.389,4,1,2,-1.554,0,7,3,0
5,1,7,7,1,6,2,2,5,3,7,4,6,4.3,7,5,6,4,4.21,4.441,0.0,6,4.495,2,5,3.606,1,4,2.888,2.83,3,0.796,0,4.189,2.0,4.11,2,7,3,0.959,3,5,7,5.966,5,3,0,0
1,4,1,3,0,7,1,6,5,6,7,1,2,5.542,4,5,6,2,2.625,2.065,0.0,6,1.499,4,3,2.02,0,3,2.141,0.13,6,0.882,1,1.133,2.0,2.35,7,5,5,0.418,0,1,3,-1.209,2,3,4,0
2,4,4,2,0,1,5,1,7,3,2,5,2,-0.413,4,3,0,5,0.893,3.011,0.0,5,1.496,4,2,1.313,3,0,0.829,4.25,6,2.239,6,1.643,1.0,3.04,3,1,3,-0.708,0,1,7,0.178,7,7,6,0
7,1,4,6,0,0,0,1,2,1,7,4,5,0.259,5,2,0,5,1.206,5.016,0.0,3,0.209,7,4,0.999,6,3,1.646,4.08,0,0.968,2,0.839,1.0,4.35,4,1,2,1.43,3,4,7,1.579,6,3,1,0
7,7,3,4,0,7,4,5,4,0,3,0,7,1.595,4,3,7,6,0.864,5.123,0.0,4,-1.21,2,3,-2.106,1,6,0.437,4.63,0,-1.07,1,0.836,0.0,4.14,3,1,3,-0.673,1,1,3,2.549,2,4,6,0
0,5,3,3,0,1,1,3,3,2,1,3,6,2.974,5,4,5,1,1.83,-0.077,0.0,1,3.303,6,0,2.202,4,1,4.307,1.92,3,-0.707,6,2.082,2.0,3.07,4,0,1,4.06,6,4,1,2.125,3,1,1,0
5,0,3,2,1,2,1,2,1,4,0,0,1,4.157,0,2,7,3,3.626,7.379,563.98,6,4.947,6,0,3.271,4,2,3.818,3.14,5,0.271,0,4.661,3.0,7.03,6,0,4,1.401,0,1,4,1.85,0,4,2,1
0,1,5,3,0,3,4,1,5,5,7,4,1,1.241,3,7,1,0,0.686,-1.78,0.0,1,-0.498,5,4,3.065,7,5,2.368,1.79,1,-0.499,0,0.373,0.0,4.55,3,6,5,1.444,5,4,0,8.423,1,2,5,0
6,0,3,5,0,2,0,7,0,1,2,4,0,-1.969,0,4,7,2,1.259,0.658,0.0,4,2.243,6,2,0.375,7,0,0.408,4.44,3,0.316,1,2.338,1.0,3.68,0,2,4,0.103,5,5,5,3.829,6,2,2,0
7,4,7,2,0,1,1,5,5,2,1,5,4,0.717,1,1,7,3,1.499,0.047,0.0,6,2.105,6,6,-0.442,1,5,0.21,1.39,2,1.867,1,2.328,1.0,4.99,4,1,5,1.306,0,3,1,1.515,7,1,1,0
2,2,6,1,0,2,5,0,5,2,6,2,5,2.751,2,5,7,6,0.585,-3.331,0.0,7,0.268,1,1,-1.713,2,6,2.315,2.33,5,0.399,3,1.827,1.0,4.8,6,2,7,0.261,6,1,1,6.04,4,3,4,0
5,2,2,5,0,5,3,3,1,5,2,1,2,0.515,4,0,5,0,0.849,3.639,0.0,5,-1.544,3,7,1.019,2,3,-1.66,5.26,0,0.262,7,0.284,1.0,5.45,1,2,6,1.201,2,3,7,1.928,1,2,3,0
3,3,4,3,0,2,4,1,6,0,2,2,7,-1.669,2,5,6,1,1.069,0.442,0.0,5,1.672,0,1,4.191,3,6,0.09,0.33,3,0.559,4,1.596,1.0,4.28,5,5,7,-1.627,0,0,1,2.341,5,1,5,0
6,5,1,7,1,1,6,4,5,4,2,4,5,6.907,5,7,1,5,3.371,2.634,0.0,4,3.379,2,1,3.311,5,3,6.272,3.88,2,1.067,0,3.384,2.0,3.79,3,4,7,3.765,0,2,1,2.147,4,0,5,0
5,0,3,5,0,7,4,5,0,0,1,2,7,1.83,2,6,2,3,0.527,-0.465,0.0,1,-0.715,6,4,0.348,3,4,1.714,2.11,6,-0.786,1,0.566,0.0,5.34,5,7,3,0.201,5,6,7,0.401,5,0,6,0
5,2,3,1,0,3,5,5,1,6,5,5,0,-1.099,5,4,7,2,0.795,-1.018,0.0,1,1.193,1,2,1.953,0,7,1.553,2.7,6,-0.297,2,1.746,0.0,3.33,6,4,2,2.18,1,7,4,-2.939,3,6,4,0
2,5,3,7,0,1,4,4,7,4,3,4,2,-2.729,6,2,4,2,1.186,1.653,0.0,1,0.596,1,1,-1.163,5,7,0.978,5.46,0,0.147,4,1.168,0.0,4.39,4,2,7,3.14,4,5,7,1.174,2,7,3,0
7,0,5,0,1,4,0,3,0,7,5,1,2,1.222,6,3,0,3,2.686,5.757,0.0,2,3.159,1,2,2.648,6,0,3.405,1.0,1,-0.197,2,2.824,1.0,2.29,5,5,4,7.077,4,3,5,3.817,3,0,0,0
3,7,2,2,0,3,2,5,3,2,7,3,0,-1.122,1,4,5,3,0.855,2.492,0.0,4,-0.497,4,2,1.967,4,6,1.178,2.37,4,-1.174,7,0.324,1.0,3.8,7,0,6,0.076,0,0,5,-1.056,0,3,6,0
1,2,4,3,0,6,0,5,2,3,6,6,5,4.331,5,3,2,5,1.518,-2.253,0.0,6,1.892,3,0,-0.693,4,7,1.151,2.3,0,-2.271,6,1.314,1.0,1.9,6,0,4,0.378,3,2,0,-4.773,4,4,6,0
3,5,3,0,0,2,7,6,6,4,3,5,6,2.061,4,7,3,5,0.675,-1.849,0.0,2,-0.46,2,1,0.006,6,7,1.838,5.22,3,-0.416,6,0.688,0.0,2.47,7,0,3,0.205,4,4,7,-0.85,2,6,2,0
5,4,3,7,1,3,0,7,4,2,3,4,7,1.198,5,1,3,2,2.534,-1.89,550.34,5,1.368,1,6,2.078,5,7,1.567,3.47,3,0.729,0,1.244,2.0,7.98,2,0,7,0.167,3,7,2,5.39,2,4,6,1
0,4,7,3,1,2,4,2,1,3,4,4,4,2.753,7,2,7,1,1.699,4.922,0.0,1,1.262,4,3,0.999,7,4,3.695,4.65,1,0.768,6,2.212,1.0,2.27,4,1,0,0.799,5,5,1,4.099,6,1,1,0
0,6,1,7,0,6,6,6,1,6,0,0,5,5.044,2,6,5,4,1.281,-1.566,0.0,0,1.043,2,5,-0.815,1,4,0.924,3.28,5,-0.063,3,0.294,0.0,5.76,2,4,6,-1.646,0,2,0,3.948,5,4,3,0
2,4,6,7,0,4,6,0,0,1,6,1,3,-0.213,2,3,2,3,0.385,1.127,0.0,7,1.537,4,0,2.262,6,4,1.496,3.91,7,0.534,4,1.901,1.0,3.71,4,7,6,-0.116,5,7,6,6.662,5,4,2,0
7,3,3,5,1,5,0,6,2,5,7,4,7,5.82,6,1,2,6,3.521,5.104,539.38,7,4.621,7,2,2.592,3,3,3.37,2.37,3,-0.988,7,3.953,3.0,6.79,0,4,6,6.853,1,0,2,7.057,3,6,4,1
1,2,4,2,0,2,7,5,4,4,5,5,4,2.087,1,3,3,0,1.268,1.172,0.0,7,-0.347,7,0,3.837,3,3,-0.093,2.5,3,2.021,5,1.749,1.0,3.82,6,6,4,1.498,2,2,6,1.572,1,0,0,0
0,4,5,0,0,6,5,7,7,6,6,3,4,-1.269,0,4,1,4,1.469,-2.571,0.0,4,3.251,7,3,0.652,0,0,0.188,0.57,7,0.541,3,1.906,0.0,5.01,2,6,1,0.915,7,2,3,0.88,2,5,1,0
2,6,6,5,0,3,6,4,5,6,3,2,7,-1.15,7,7,0,5,1.214,-1.468,0.0,2,-1.161,3,7,-5.417,2,5,1.84,2.34,6,1.804,6,-0.172,-0.0,6.57,2,5,5,1.487,1,2,3,2.938,4,3,0,0
2,7,6,1,0,4,6,7,6,1,3,6,3,0.551,5,6,3,0,1.856,2.729,0.0,4,0.849,0,5,-0.801,3,1,0.383,3.96,2,-1.455,1,1.684,1.0,3.84,5,1,6,3.348,4,6,0,0.854,4,2,0,0
0,7,4,5,0,2,1,3,0,0,4,0,4,0.221,2,2,6,5,3.078,1.951,0.0,4,3.712,7,3,6.651,4,3,2.624,0.58,4,-1.458,2,3.125,2.0,3.52,6,1,6,2.387,0,3,1,4.638,2,4,2,0
2,6,5,2,1,6,4,5,7,1,5,2,0,2.193,5,6,6,5,3.472,6.456,115.78,0,4.005,4,4,6.913,6,2,4.223,2.9,7,0.693,6,4.334,2.0,5.08,7,7,0,-0.288,1,6,3,-0.129,0,6,4,1
7,1,6,3,0,0,3,4,7,7,5,2,1,1.714,6,5,0,2,0.004,-2.284,0.0,0,-0.502,6,5,-0.772,5,7,-0.978,3.13,3,1.469,7,-0.067,0.0,1.6,5,0,6,0.268,1,6,1,-0.064,1,0,7,0
5,3,0,3,0,4,4,3,6,3,3,2,4,-2.1,1,3,2,3,0.349,2.38,0.0,2,0.196,7,5,-1.182,7,0,2.375,2.86,4,-0.143,2,0.116,0.0,-0.35,4,5,3,-2.085,0,7,6,-2.298,1,4,6,0
5,7,4,4,0,2,6,6,0,3,5,1,7,2.913,0,7,7,5,0.879,4.414,0.0,2,-0.01,6,4,0.151,0,3,3.117,4.55,4,0.762,7,1.608,1.0,5.11,1,4,2,0.54,1,0,2,-1.228,2,7,7,0
6,4,4,2,0,3,1,3,3,7,3,2,6,1.459,7,4,1,6,0.449,1.886,0.0,1,-0.301,3,2,3.022,6,4,0.482,1.06,1,0.712,5,-1.161,0.0,3.98,0,7,0,-2.367,3,2,1,-0.546,5,0,3,0
7,7,0,6,1,6,2,6,2,4,4,3,0,3.762,5,6,4,0,2.158,2.03,0.0,4,3.441,1,5,2.68,0,5,2.119,4.99,7,1.226,5,2.964,2.0,4.22,5,5,0,3.359,2,3,3,1.11,1,3,7,0
0,7,0,7,0,3,0,7,0,5,3,3,3,-1.883,2,3,0,4,-0.036,2.21,0.0,0,0.17,1,5,1.002,4,0,1.708,3.8,0,-0.293,2,0.196,1.0,4.62,7,3,7,0.345,5,7,3,1.398,5,2,2,0
3,1,7,5,0,2,6,4,3,3,7,6,3,1.287,7,4,1,6,2.122,-0.974,0.0,7,0.765,2,5,-2.238,5,1,0.498,5.05,0,-1.975,1,2.192,0.0,3.01,5,1,0,2.276,6,1,2,1.017,5,5,2,0
2,5,5,7,0,7,5,3,6,2,6,1,0,5.024,2,3,7,3,3.405,2.209,679.09,3,0.478,3,0,2.142,1,1,2.64,5.44,0,-0.484,1,4.104,2.0,9.05,2,5,4,4.363,5,4,1,3.49,0,7,1,1
1,0,2,7,0,0,6,2,3,1,0,0,2,2.467,4,2,2,2,0.277,5.76,0.0,4,-0.047,6,5,0.148,7,2,-0.906,3.07,1,0.012,3,-0.353,0.0,2.98,3,3,6,6.877,0,3,4,-0.701,2,3,0,0
0,4,1,5,0,6,2,1,6,7,7,5,0,2.22,6,3,5,1,1.683,7.868,0.0,3,0.421,3,5,-4.59,5,7,-0.259,1.68,6,0.027,0,1.442,1.0,5.43,5,4,4,-1.657,1,4,6,-0.207,2,7,6,0
2,6,4,1,0,3,6,3,0,3,1,3,0,-1.698,1,3,6,3,1.445,4.371,0.0,5,1.265,4,6,3.707,2,1,-1.125,2.69,3,-0.222,6,0.988,1.0,4.16,0,5,2,2.959,5,2,6,0.908,2,4,4,0
1,1,4,0,0,4,5,7,6,4,2,1,2,3.401,4,4,4,0,-0.245,0.558,0.0,6,-0.89,1,5,2.14,0,3,2.284,0.64,4,0.384,1,0.411,1.0,-0.52,6,1,0,1.275,1,6,0,-1.567,4,2,2,0
7,2,4,5,0,4,0,5,0,1,3,7,4,4.258,3,7,5,2,1.861,2.409,0.0,7,1.846,4,5,0.579,1,1,0.386,2.77,0,1.208,6,-0.03,1.0,3.66,5,2,7,2.111,3,5,3,0.496,5,2,6,0
1,3,1,0,0,6,1,4,3,2,2,2,1,5.126,0,6,5,7,1.426,-1.085,0.0,3,0.414,3,5,4.883,3,2,0.571,2.42,0,-2.266,1,0.926,0.0,3.29,5,5,4,-0.105,5,6,2,0.314,0,7,1,0
4,4,7,2,0,2,4,1,5,6,6,7,2,1.621,2,5,1,7,1.856,3.583,0.0,0,3.178,1,3,2.52,0,3,0.246,0.37,5,0.705,1,2.731,2.0,4.04,2,2,1,1.293,4,2,4,2.186,4,4,7,0
7,2,0,1,0,1,1,4,0,0,4,0,1,-1.624,1,6,3,0,0.696,-1.83,0.0,7,0.856,2,0,1.608,2,4,-0.15,3.39,6,1.998,2,1.074,1.0,3.43,4,2,7,0.483,4,7,0,1.364,4,4,6,0
5,4,2,7,0,1,7,6,0,0,7,4,0,7.837,6,2,1,6,1.498,2.11,0.0,1,1.471,4,1,2.374,3,3,1.466,3.51,6,1.429,6,1.018,0.0,4.09,1,3,0,-3.061,7,2,7,2.974,3,1,7,0
2,1,0,6,0,0,7,0,3,0,5,1,4,-1.97,1,4,0,7,2.121,3.018,0.0,3,2.681,1,4,-1.894,2,5,3.111,2.64,1,0.499,5,2.116,2.0,4.08,2,1,5,0.314,1,5,2,0.156,4,1,0,0
0,0,5,4,0,0,4,5,2,4,3,2,4,4.294,6,4,4,2,0.679,1.58,0.0,5,-0.132,5,5,-0.863,4,0,1.48,5.68,2,-0.134,1,0.742,1.0,4.88,4,2,1,2.083,4,3,3,5.012,3,2,3,0
7,6,0,2,0,3,3,1,2,5,7,4,3,0.312,0,3,0,7,1.556,0.09,0.0,7,1.746,0,5,5.259,5,2,0.896,5.53,1,-0.46,1,1.679,0.0,1.96,7,4,1,0.256,7,6,4,4.497,5,3,6,0
5,4,7,0,0,6,1,7,3,0,5,5,3,-0.143,3,3,4,6,1.28,1.714,0.0,7,0.763,4,3,1.801,4,1,1.981,2.0,4,0.645,6,0.687,2.0,4.85,0,7,6,0.271,1,1,7,1.712,6,3,4,0
1,7,1,3,0,6,2,4,3,5,6,1,7,-2.135,6,5,4,3,0.667,-0.448,0.0,7,1.042,0,6,1.985,7,7,-0.431,1.21,5,-0.352,4,0.031,1.0,5.26,5,4,2,2.465,6,4,0,3.536,3,6,3,0
6,0,7,2,0,3,5,6,3,2,1,1,2,-0.732,3,2,2,0,0.595,-2.02,0.0,1,0.058,2,7,1.833,7,3,2.035,3.42,5,-1.19,4,0.598,1.0,3.26,6,3,0,-2.403,2,4,6,-2.287,7,2,0,0
5,4,5,1,0,6,0,6,4,7,6,2,1,-0.835,3,4,6,4,0.992,-3.481,0.0,6,-0.958,3,5,-0.013,7,1,0.052,0.99,3,-0.069,3,0.561,0.0,3.58,6,2,0,1.545,3,1,4,2.32,1,3,6,0
6,5,6,0,0,4,6,1,3,1,6,5,2,2.462,4,0,4,1,0.463,2.21,0.0,0,0.179,3,2,-0.448,6,7,0.28,2.87,6,-0.765,1,0.409,1.0,5.99,3,6,3,6.426,3,2,5,-2.561,6,3,6,0
5,0,3,4,1,2,6,4,0,3,1,0,6,3.798,0,2,7,0,3.706,4.601,0.0,3,4.009,3,3,4.989,4,7,2.202,3.85,1,-0.701,1,4.317,2.0,7.15,6,2,2,0.819,2,3,0,3.114,4,6,5,1
3,0,4,1,0,3,6,7,3,0,2,0,1,-0.248,1,2,2,5,0.769,0.66,0.0,7,3.044,6,6,1.619,0,6,0.674,3.01,6,2.577,6,1.228,1.0,5.45,7,6,6,-1.953,3,1,4,0.223,2,5,5,0
4,3,6,7,0,7,6,1,6,0,7,2,3,-1.079,1,2,0,3,0.036,-3.633,0.0,5,1.317,5,2,-2.119,7,4,-1.432,3.88,5,0.594,2,0.573,1.0,3.01,4,0,7,-1.6,4,4,7,5.128,5,5,4,0
2,7,0,1,1,7,1,2,6,2,4,4,7,4.291,3,6,0,3,2.932,4.06,0.0,7,3.754,3,2,4.403,3,7,3.666,1.8,1,0.59,4,2.457,2.0,4.13,1,5,2,3.096,6,2,2,3.853,1,5,4,0
0,7,2,6,0,5,4,2,7,4,7,6,6,0.121,6,6,0,6,1.59,-0.95,0.0,1,1.256,5,7,0.467,2,3,1.885,5.07,5,-0.048,7,1.357,1.0,2.35,1,6,4,-2.89,5,3,6,4.074,5,3,1,0
2,3,1,0,1,7,2,0,3,4,3,0,4,-0.268,5,2,1,3,3.143,2.256,0.0,2,1.903,3,2,-0.333,6,3,3.849,3.9,6,0.073,2,3.554,1.0,0.75,7,6,0,6.056,3,0,3,1.081,5,4,7,0
3,6,1,3,0,4,4,4,0,5,0,0,5,5.588,5,4,6,7,0.724,1.113,0.0,2,-0.798,3,1,-1.763,3,1,2.821,4.56,5,0.865,1,0.655,1.0,5.88,2,2,3,1.323,5,2,7,0.135,4,5,6,1
3,1,5,2,0,4,7,0,5,1,5,6,7,0.365,6,6,2,2,1.3,3.253,0.0,7,0.616,0,4,2.138,5,2,0.78,6.35,2,-2.516,5,2.404,1.0,5.79,1,4,4,-1.182,6,3,1,2.263,6,4,3,0
2,1,0,6,0,3,4,4,7,3,5,4,7,4.118,4,6,2,2,-0.325,-1.797,0.0,4,0.823,7,7,-0.038,3,7,2.415,4.39,6,-0.455,7,0.27,0.0,2.27,7,0,2,2.938,0,2,2,1.112,2,7,3,0
1,5,1,0,0,2,2,3,0,6,5,5,1,-0.252,5,5,2,2,-0.12,1.082,778.34,6,2.021,4,4,1.606,3,6,1.143,5.91,1,-1.121,4,0.407,0.0,6.81,3,0,4,1.278,4,6,7,-1.422,2,2,1,1
7,6,1,1,0,1,6,2,4,7,6,5,5,1.951,6,0,5,7,0.874,0.165,0.0,7,0.147,4,3,-0.168,4,0,3.609,5.35,5,0.721,4,-0.099,-0.0,3.44,2,5,5,3.572,7,3,0,-2.047,6,2,2,0
0,6,3,7,0,1,5,5,6,7,2,2,6,-2.468,4,6,2,4,0.312,1.88,0.0,1,0.512,3,7,-1.057,5,7,0.722,4.34,4,0.693,3,0.115,-0.0,6.28,2,3,1,-0.866,5,6,7,6.344,2,1,2,0
6,2,6,1,0,7,3,4,7,6,4,3,1,-4.422,2,7,3,7,1.318,0.787,0.0,2,0.593,5,7,1.737,7,2,1.802,1.74,0,1.509,5,0.687,1.0,2.82,0,1,2,-0.175,3,1,5,1.336,7,4,5,0
6,0,6,2,0,1,6,5,3,3,5,0,2,1.703,2,0,1,5,1.295,0.911,0.0,3,0.584,0,0,0.529,2,2,1.421,0.95,7,0.731,7,1.251,0.0,3.65,3,4,3,3.514,1,5,6,4.547,0,3,3,0
2,1,3,2,0,5,1,2,1,5,7,6,7,-1.103,1,2,0,2,1.037,0.532,0.0,4,1.564,7,3,-1.272,2,2,1.339,1.89,4,1.977,5,2.425,1.0,5.03,2,4,4,-1.139,5,5,1,1.33,2,0,5,0
3,1,6,7,0,4,5,3,0,3,6,1,0,2.379,7,3,1,4,1.86,1.871,0.0,7,-0.6,7,7,2.527,1,7,4.196,2.19,5,0.121,4,1.727,2.0,6.39,7,5,6,0.545,0,6,5,3.431,6,0,3,0
3,0,4,2,1,6,4,7,3,1,2,1,4,6.24,0,4,2,7,3.665,6.068,0.0,7,2.407,5,0,2.153,4,4,0.278,2.95,1,1.263,2,2.401,1.0,2.6,2,7,3,-0.003,0,5,2,-0.05,5,6,5,0
0,3,0,6,0,3,4,1,4,7,3,7,5,-0.82,7,5,6,6,-0.026,-1.942,0.0,3,-1.1,4,0,-3.531,2,0,-2.38,2.15,3,-0.128,5,1.082,0.0,2.58,6,5,0,1.112,5,6,3,-0.671,0,2,1,0
3,4,6,7,0,2,0,1,6,1,4,2,2,-0.172,4,7,1,2,2.382,4.021,0.0,3,2.608,4,3,1.08,4,4,0.264,4.73,1,-0.055,5,2.066,1.0,3.48,4,2,1,1.578,4,7,3,2.999,7,5,3,0
1,7,2,0,1,5,7,6,5,2,5,5,0,4.702,0,7,6,1,1.991,0.556,743.13,2,1.693,1,5,1.244,7,0,2.589,2.16,6,0.386,1,1.58,2.0,5.64,2,4,2,2.587,4,0,7,1.999,3,6,0,1
1,7,0,1,0,7,5,0,1,7,1,6,1,-0.102,3,1,2,6,0.954,1.123,0.0,7,1.019,6,0,-0.048,4,1,0.544,2.87,2,-1.832,6,1.342,2.0,4.73,7,0,7,2.113,5,6,5,0.021,7,6,5,0
5,4,3,7,0,3,7,5,6,1,0,4,6,2.846,0,6,1,2,0.918,-0.448,0.0,2,1.027,7,6,3.547,2,7,2.188,1.88,5,-0.073,3,1.365,0.0,3.69,2,0,1,3.264,6,6,6,0.84,2,0,4,0
7,5,1,5,0,0,0,2,2,6,1,4,6,0.253,5,2,2,3,2.222,4.156,752.23,6,2.483,3,2,1.094,3,2,3.939,3.56,5,0.176,3,1.26,1.0,7.44,1,7,0,-1.969,0,7,5,-2.954,5,1,7,1
7,6,0,2,0,7,6,0,2,5,6,4,3,-0.088,2,0,2,3,1.129,5.49,0.0,5,2.644,4,7,1.943,4,1,2.415,4.38,5,-0.04,6,1.232,1.0,5.25,4,7,7,3.003,1,4,0,0.222,1,3,7,0
1,6,3,0,0,6,5,7,0,5,6,1,2,0.726,4,4,4,5,0.684,-0.428,0.0,3,-1.186,2,3,1.161,1,3,0.634,4.08,3,0.497,6,0.688,0.0,4.1,2,1,5,0.433,5,5,2,1.77,2,2,4,0
1,0,5,0,0,6,1,0,4,7,2,1,2,0.02,0,7,5,0,1.203,1.784,0.0,2,1.897,7,3,-1.52,4,1,2.177,3.27,4,-0.509,4,0.1,2.0,4.86,3,4,4,0.424,2,0,1,0.678,0,3,6,0
6,6,0,0,0,2,5,3,2,0,5,0,2,4.728,7,7,4,5,1.765,3.971,0.0,7,1.936,7,3,3.003,6,3,2.177,1.48,4,-1.605,4,0.65,1.0,3.8,7,3,7,4.533,6,6,6,3.368,6,6,5,0
1,1,6,1,0,1,2,5,3,0,6,7,5,-0.107,7,7,1,5,-0.01,1.936,0.0,5,0.355,5,0,-0.604,4,2,-0.361,1.83,6,0.685,2,0.88,1.0,5.53,4,6,6,1.196,2,6,3,3.668,3,7,3,0
0,5,5,3,0,4,0,2,1,5,3,6,5,3.863,5,5,7,5,2.531,1.682,0.0,1,2.473,1,4,2.371,0,3,0.685,2.97,7,0.996,6,1.312,2.0,3.68,5,5,4,4.68,0,4,4,0.428,0,4,4,0
0,0,3,4,1,0,4,3,5,5,4,6,7,6.851,3,4,3,4,3.185,2.834,0.0,2,2.144,5,7,1.937,7,3,4.397,5.32,0,1.022,7,2.342,2.0,3.43,3,7,3,1.626,5,5,6,6.605,3,4,7,0
0,5,3,7,1,0,0,7,2,2,7,2,0,0.981,7,7,3,1,3.299,-1.913,0.0,7,2.591,0,4,5.242,4,2,3.446,3.38,7,1.999,6,4.115,2.0,-0.01,7,5,4,2.231,6,0,3,2.859,2,3,6,0
5,3,4,2,0,4,4,1,1,2,5,7,3,5.62,0,6,2,2,0.663,1.401,0.0,5,2.32,7,6,-2.743,5,6,-0.916,2.82,7,0.333,0,-0.467,1.0,0.74,0,1,5,2.866,1,5,3,-2.32,3,0,7,0
5,5,7,4,0,1,6,5,6,3,0,5,4,2.031,4,6,5,5,3.77,1.767,0.0,6,2.773,3,3,6.573,2,7,0.144,4.81,2,1.033,0,3.568,1.0,6.05,5,4,1,2.517,5,0,5,4.962,0,2,5,1
0,4,3,1,0,6,0,7,5,0,1,0,4,0.243,3,0,4,6,0.867,3.372,0.0,4,1.358,5,3,0.115,4,2,0.216,3.06,3,-0.923,1,-0.019,0.0,3.32,2,0,0,-0.367,5,4,5,0.736,4,0,0,0
3,2,1,7,0,5,0,3,1,0,2,4,1,-2.212,6,1,1,1,1.17,-2.968,0.0,2,-0.418,0,4,1.092,5,5,1.564,4.33,1,-0.568,1,0.881,1.0,1.25,0,6,4,2.136,1,1,2,4.498,1,3,5,0
1,0,4,5,0,5,5,5,7,3,1,2,1,0.736,5,6,1,0,1.316,0.473,0.0,5,3.079,3,0,2.84,4,0,1.416,1.54,2,0.686,1,1.204,1.0,2.48,5,0,3,1.721,7,5,6,2.409,3,5,1,0
7,6,7,5,0,0,7,3,2,7,4,7,2,1.693,6,4,4,0,1.2,2.709,0.0,7,1.563,7,7,1.537,1,2,-0.217,2.18,4,0.153,6,2.428,0.0,2.23,3,0,0,-1.185,5,6,2,2.016,0,7,2,0
6,3,5,6,1,1,0,5,6,1,3,0,3,6.662,5,5,4,7,2.356,3.619,0.0,1,3.006,0,7,5.217,1,5,3.428,4.15,7,0.456,7,3.252,1.0,3.78,0,7,4,2.847,6,7,0,0.046,2,1,4,0
0,6,4,2,1,0,1,7,0,1,3,3,5,0.103,1,6,0,7,2.976,7.009,0.0,2,3.626,5,0,3.089,0,7,2.62,3.48,2,-1.043,5,3.775,2.0,6.22,1,0,6,5.083,0,6,1,2.046,7,4,1,0
4,6,6,4,0,3,0,4,4,2,7,2,5,1.33,3,7,1,6,0.558,-2.099,0.0,7,0.054,1,7,-1.952,5,6,-0.895,2.51,1,0.633,2,-0.37,1.0,3.25,5,7,4,-0.628,7,1,2,2.105,6,6,1,0
3,5,4,3,1,3,5,0,7,0,4,3,5,4.4,6,3,6,6,3.687,0.572,0.0,7,5.392,3,6,5.155,0,3,6.047,5.34,2,0.133,7,3.975,2.0,2.2,1,2,7,2.724,4,5,4,6.365,2,7,2,0
3,5,4,5,1,1,3,7,3,4,7,1,1,3.804,4,1,3,5,4.039,8.897,624.99,5,5.645,6,5,3.129,0,5,4.578,3.34,7,0.69,3,4.135,2.0,8.54,3,2,2,2.784,5,5,0,8.282,1,4,6,1
2,6,2,1,0,4,3,3,7,5,4,4,6,-4.289,5,1,0,2,0.636,-1.753,0.0,0,1.159,3,2,2.28,0,5,0.619,3.41,1,-0.721,5,0.48,-0.0,1.95,6,7,2,0.131,7,7,3,2.194,6,5,2,0
6,1,7,3,0,2,2,3,6,3,2,7,1,0.706,6,0,5,5,0.836,-2.219,0.0,0,1.662,1,3,0.809,5,1,4.814,3.93,5,0.083,5,0.305,1.0,4.8,0,2,2,-0.491,4,2,6,-0.713,5,3,1,0
4,7,3,5,0,5,2,4,0,3,2,3,3,1.404,1,5,3,2,1.776,1.211,0.0,6,2.881,6,2,3.14,7,5,3.453,3.39,2,1.037,3,1.672,0.0,1.96,5,2,7,0.89,0,0,6,-0.126,4,5,7,0
5,1,5,3,0,3,3,4,6,5,5,7,1,-1.624,3,6,1,0,0.752,0.934,0.0,4,2.237,3,5,1.097,3,0,-0.633,4.66,4,-0.837,7,0.526,0.0,2.87,0,7,6,1.794,6,3,3,3.699,5,0,0,0
1,1,1,7,0,6,3,3,6,7,6,2,3,2.507,7,0,7,5,2.016,0.979,0.0,0,0.649,0,1,0.468,5,7,0.968,2.5,7,0.719,3,1.654,1.0,2.66,4,3,7,1.189,0,4,2,-0.1,6,7,6,0
1,1,4,0,0,4,7,7,6,6,3,4,4,2.728,7,3,2,3,0.885,2.767,0.0,3,0.072,3,6,-2.028,2,7,-1.603,3.62,1,0.481,2,0.09,1.0,1.09,7,2,1,1.646,5,1,0,-1.911,3,1,2,0
5,5,2,5,0,5,7,7,7,6,2,4,1,0.846,3,1,5,2,0.614,0.395,0.0,0,-1.006,4,3,-2.742,4,2,-1.073,4.13,4,0.339,3,1.061,-0.0,3.54,3,4,4,1.498,1,2,2,0.056,0,2,5,0
6,3,6,1,0,1,7,3,3,7,7,1,4,2.697,5,6,6,5,2.05,3.227,0.0,3,0.988,3,0,1.529,3,4,4.18,2.12,5,1.13,2,2.071,1.0,5.64,0,3,0,0.98,1,4,4,2.777,7,2,1,0
0,6,6,1,1,0,3,0,1,1,4,6,2,-0.959,3,5,6,1,1.925,-2.251,0.0,4,2.561,3,1,4.532,6,4,2.115,3.83,5,-1.764,0,0.273,0.0,1.54,6,4,0,3.733,7,7,3,-0.295,1,6,3,0
0,1,0,7,0,3,0,7,0,7,6,4,2,0.828,4,4,1,4,0.382,-1.039,0.0,2,0.201,3,5,1.352,6,7,-1.984,2.89,3,-1.761,3,1.365,0.0,2.94,1,2,6,0.22,7,3,4,-1.094,7,1,3,0
3,7,2,2,1,4,1,6,7,2,4,1,6,5.381,3,5,7,2,2.69,4.918,0.0,3,4.203,2,5,2.358,1,6,2.027,3.93,1,-0.83,3,1.633,1.0,3.94,5,1,6,6.251,0,7,0,7.574,5,4,5,0
4,5,4,3,0,3,5,3,1,2,6,3,1,1.646,3,5,0,5,1.491,-0.413,0.0,3,1.702,5,3,-1.539,2,1,0.897,3.71,6,0.559,7,1.312,1.0,2.73,7,0,1,-0.987,1,7,2,0.828,7,6,4,0
2,4,3,7,1,2,1,5,5,7,7,2,4,2.36,6,4,6,1,1.574,3.778,0.0,4,2.861,4,4,1.861,2,0,1.89,3.24,1,0.594,4,0.747,1.0,2.9,0,0,4,5.394,6,0,7,-1.52,5,2,2,0
4,1,5,6,0,0,4,0,1,0,3,1,1,-0.038,0,3,0,1,0.834,-1.965,0.0,7,-1.145,5,1,2.452,2,6,-0.942,2.68,1,1.076,6,-0.169,1.0,2.02,5,7,6,0.299,3,3,3,-1.313,7,4,4,0
0,2,1,6,0,0,4,6,1,4,2,7,7,3.797,0,5,6,1,0.345,3.581,0.0,7,0.749,3,1,3.876,3,6,2.815,2.85,1,0.885,6,0.674,1.0,5.52,4,6,0,-1.087,0,5,7,1.55,2,6,2,0
5,3,5,5,1,3,4,5,2,6,3,5,5,4.095,4,3,4,7,3.804,3.378,0.0,3,3.991,2,3,3.015,0,5,7.03,3.45,7,0.86,2,4.618,2.0,6.45,4,1,2,1.617,0,4,7,8.134,7,6,0,0
2,0,5,6,1,3,7,4,4,7,6,6,3,8.184,3,2,0,1,5.653,5.9,567.24,6,4.723,7,1,9.032,3,5,3.292,3.85,0,1.098,5,6.276,3.0,8.82,7,5,4,5.551,0,2,4,7.586,7,2,2,1
3,1,4,1,0,1,3,2,1,5,2,3,7,0.726,1,0,4,0,1.235,0.765,0.0,0,1.205,2,6,1.757,7,0,-0.935,3.45,4,0.105,2,0.613,1.0,1.92,7,2,3,-3.214,4,1,0,3.296,0,7,5,0
1,7,2,1,0,2,4,3,6,1,6,3,0,0.085,1,7,1,0,1.132,2.737,0.0,6,-0.777,4,1,1.073,6,1,0.652,2.16,1,0.143,7,-0.544,1.0,3.6,0,0,2,-0.368,7,5,2,-1.4,2,2,5,0
4,2,6,2,1,2,3,5,1,3,4,0,4,2.845,2,5,6,6,2.598,4.687,0.0,3,0.907,6,0,4.715,6,6,1.398,2.12,7,-2.265,7,3.17,2.0,0.92,7,6,5,1.862,3,0,1,4.892,3,0,5,0
6,6,2,6,1,6,0,4,4,1,5,0,0,2.03,2,4,3,7,1.466,1.025,0.0,3,1.11,4,1,-1.663,4,1,0.998,5.09,4,-0.864,4,2.463,1.0,5.66,7,2,7,3.142,1,5,1,0.617,5,7,0,0
6,7,7,4,1,7,7,7,3,6,7,5,4,5.343,6,1,1,2,3.198,3.735,0.0,0,5.406,7,7,0.972,6,2,4.046,0.95,0,-0.392,6,4.552,2.0,3.18,3,6,2,2.467,5,6,7,7.187,4,1,0,0
5,6,3,2,0,3,0,6,1,6,1,6,2,-0.431,1,5,5,4,1.456,1.482,0.0,7,-0.525,4,2,2.196,7,3,0.905,3.03,2,0.243,3,0.723,0.0,5.46,2,4,6,2.248,1,3,2,0.554,1,2,4,0
2,6,3,1,0,3,5,5,7,6,5,4,5,1.178,2,3,7,4,1.035,1.056,0.0,7,0.704,6,0,2.46,5,3,-0.622,3.56,2,-0.466,7,1.044,2.0,5.49,2,5,3,-0.97,0,2,5,-0.584,7,3,3,0
3,0,7,1,0,4,4,5,0,6,4,6,3,2.299,7,0,6,6,0.605,1.842,0.0,4,2.069,0,5,0.337,3,3,1.039,1.58,1,0.831,4,1.231,0.0,2.12,3,4,1,-3.33,3,1,7,1.095,1,4,6,0
4,7,4,4,0,5,5,2,0,4,0,7,4,-0.627,6,3,4,0,0.239,1.667,0.0,4,1.733,6,1,1.126,3,0,1.617,3.33,0,-0.926,1,-0.668,0.0,3.57,6,7,6,1.035,2,3,7,2.914,5,5,5,0
0,0,1,2,0,6,0,5,3,3,1,6,5,0.604,6,3,7,5,1.684,-3.235,0.0,7,0.18,4,4,0.684,4,3,-0.459,2.03,2,-0.734,5,2.068,1.0,7.67,4,7,7,2.335,2,2,6,-0.974,7,3,0,0
6,6,3,5,0,7,3,4,1,2,6,6,1,-3.532,5,3,4,5,-0.188,1.366,0.0,1,-0.447,7,4,0.408,7,0,2.144,4.47,3,0.484,2,-0.019,0.0,3.17,7,3,0,1.375,2,2,5,0.348,3,1,7,0
6,2,5,0,0,1,1,7,1,2,7,2,6,-3.661,0,7,6,3,1.212,-1.33,0.0,3,-0.986,7,0,-0.744,7,2,-0.49,1.54,2,0.867,4,0.676,2.0,5.75,5,0,4,-0.26,7,7,5,2.915,0,5,5,0
6,1,0,1,0,7,5,4,5,3,4,5,4,3.648,1,7,1,6,0.643,-1.571,0.0,1,-0.682,6,5,0.768,2,2,0.742,3.77,3,-0.814,7,0.715,-0.0,3.38,3,1,3,0.801,6,3,5,-1.133,2,6,3,0
6,0,1,2,0,4,0,4,2,6,1,6,6,1.245,7,6,0,2,0.83,-1.484,754.55,7,1.618,1,4,-3.652,7,0,1.941,1.8,7,0.365,5,1.1,1.0,6.9,2,4,5,1.229,0,0,5,0.143,3,6,2,1
7,5,5,3,0,1,3,2,7,2,2,4,5,-1.368,6,2,0,2,-0.218,-3.007,0.0,3,-0.981,5,0,1.703,7,0,1.141,2.15,2,3.279,5,0.788,0.0,5.25,7,0,7,2.82,5,1,1,1.748,1,2,4,0
7,7,5,3,0,2,5,0,3,0,3,3,3,-0.853,3,7,7,6,1.92,6.223,0.0,0,0.832,5,3,1.124,4,6,1.364,1.85,0,1.032,7,0.781,0.0,5.9,4,7,6,1.473,5,5,2,2.179,7,5,6,0
7,6,2,0,1,2,5,6,1,2,4,0,3,7.787,7,6,0,3,4.845,3.215,795.28,6,5.586,7,7,9.138,2,2,6.755,6.1,3,-0.074,1,5.906,3.0,8.34,0,3,4,4.857,4,1,2,6.711,0,4,1,1
0,7,3,5,0,2,3,6,2,1,3,0,2,-1.681,6,7,6,3,0.558,3.0,0.0,1,-0.347,0,2,-0.139,5,1,0.774,5.31,2,0.961,0,-1.033,1.0,5.44,2,3,1,-0.809,4,2,6,-2.269,5,0,6,0
4,3,6,7,0,0,1,0,0,6,6,1,5,1.213,7,7,0,6,1.628,-0.833,0.0,6,-0.886,4,4,3.51,7,3,-0.736,3.41,3,-0.418,6,2.287,1.0,4.69,6,4,1,-0.327,7,5,6,1.465,5,7,4,0
0,0,5,2,1,5,7,2,1,2,6,0,4,0.64,4,6,1,7,2.485,-0.684,0.0,1,1.703,3,5,2.177,3,4,2.491,4.22,2,1.139,5,3.855,2.0,2.28,5,5,7,0.862,2,3,7,0.94,3,1,1,0
6,3,2,4,0,7,4,1,0,2,4,2,7,4.343,6,2,5,3,1.167,-2.64,0.0,5,0.156,6,3,3.179,1,7,0.975,2.53,2,-0.376,4,0.289,0.0,3.61,1,4,2,0.581,0,4,6,0.363,1,1,2,0
7,5,0,6,0,3,7,7,3,1,2,5,5,2.844,0,1,2,0,0.408,2.883,0.0,7,1.532,2,2,-0.632,6,3,1.576,2.15,7,0.233,5,0.67,0.0,4.5,5,5,4,-0.533,2,4,6,-0.455,4,5,7,0
6,6,1,4,1,2,7,5,0,1,1,6,3,1.387,7,5,2,2,3.352,1.435,0.0,0,4.468,3,5,3.188,6,4,3.032,3.34,0,-1.332,2,4.476,3.0,5.61,5,4,3,6.396,3,6,7,1.428,2,7,3,1
7,5,5,2,0,4,0,1,4,7,6,2,4,1.004,2,6,0,4,0.304,3.454,0.0,4,0.266,1,1,-2.912,1,3,0.491,1.33,2,0.292,3,1.083,0.0,2.42,1,6,1,2.588,6,4,7,0.484,5,7,5,0
5,6,3,1,1,3,7,6,3,7,2,0,4,1.987,2,3,4,5,1.331,-0.722,309.72,0,1.685,0,1,4.587,7,2,0.493,5.74,7,1.259,0,1.984,0.0,7.07,6,6,6,4.373,0,4,2,3.613,7,1,5,1
1,3,6,4,1,5,3,5,0,1,7,5,3,2.697,0,7,1,1,1.198,2.364,0.0,2,1.348,5,4,3.687,4,0,0.433,0.73,1,0.574,5,1.386,2.0,4.19,1,3,2,1.889,4,7,0,5.105,2,5,0,0
2,5,3,1,1,6,2,3,3,0,3,1,4,1.004,7,0,6,3,1.876,3.115,0.0,3,3.564,0,5,6.575,6,3,3.869,4.69,6,-1.011,2,1.959,2.0,3.03,1,7,6,2.181,2,5,4,3.239,4,7,0,0
3,7,5,4,0,0,7,5,0,2,1,4,2,1.539,3,3,0,7,1.161,1.584,0.0,2,1.483,7,3,2.934,5,7,2.008,4.13,1,0.198,1,1.489,1.0,2.43,3,0,0,1.708,7,4,3,0.045,5,7,2,0
4,7,1,2,1,0,3,0,6,7,3,4,1,0.579,5,1,3,6,1.53,6.046,0.0,5,2.001,0,2,5.01,5,3,0.6,0.74,6,-0.622,1,1.26,1.0,6.11,6,4,1,4.957,1,2,6,-0.418,2,7,2,0
3,3,4,4,0,6,6,5,1,1,6,7,6,0.366,2,5,3,5,-0.289,1.51,0.0,0,-2.585,3,3,-2.662,3,7,1.655,3.6,7,0.35,4,-0.357,0.0,4.43,5,5,5,3.346,5,0,2,4.982,7,4,1,0
6,0,4,7,1,7,4,7,0,3,5,6,5,0.9,7,4,3,0,3.511,3.453,0.0,7,2.195,4,6,4.211,7,6,2.972,4.09,3,1.207,0,4.888,1.0,9.26,1,1,7,3.462,7,4,7,4.554,1,4,5,1
4,1,0,7,0,2,3,2,3,4,5,2,7,-0.639,3,3,6,6,1.987,1.173,0.0,3,0.492,7,5,-0.444,1,6,1.67,5.71,1,-0.399,5,1.322,1.0,9.35,2,7,7,0.999,1,6,3,4.016,4,0,2,0
6,7,0,7,1,7,0,1,6,1,7,0,4,0.268,6,5,0,7,1.768,0.23,0.0,2,0.754,6,7,2.796,4,7,1.52,2.13,5,0.998,4,0.49,1.0,3.44,4,3,6,4.382,7,3,3,3.396,5,0,5,0
4,5,2,7,0,2,4,3,3,6,0,1,2,2.309,6,5,0,0,1.573,1.622,0.0,0,1.704,2,0,-0.135,2,6,1.855,2.34,5,0.575,6,0.586,-0.0,6.15,5,1,3,-2.755,7,2,5,-1.393,0,5,6,0
2,2,2,3,0,2,6,3,5,2,2,6,2,-1.104,6,5,6,7,1.327,2.899,0.0,7,-0.151,4,0,2.245,3,6,1.799,1.56,3,-2.249,0,2.023,-0.0,3.46,1,3,7,0.05,6,4,4,-2.438,1,1,5,0
5,2,4,5,0,2,6,6,2,1,5,4,6,-1.079,0,3,0,0,0.476,-0.5,0.0,3,-2.431,5,0,-2.373,6,6,1.695,2.29,4,-0.307,7,0.873,1.0,2.83,3,6,4,0.607,2,4,7,1.071,6,5,5,0
2,7,4,3,0,3,3,7,1,2,1,7,2,2.593,4,0,6,7,1.774,2.999,0.0,0,0.887,2,6,4.47,0,5,1.379,5.62,3,-0.288,2,1.142,1.0,3.54,6,2,3,1.825,4,4,7,1.92,0,7,2,0
3,3,4,2,0,7,5,5,2,6,1,7,3,2.511,0,2,1,7,-0.314,-1.596,0.0,3,-0.781,6,7,0.385,3,3,0.838,5.47,0,-1.221,6,0.536,0.0,4.88,7,6,7,4.595,2,0,0,-0.472,3,4,4,0
0,2,2,2,0,1,6,5,3,7,5,7,6,0.312,1,2,0,3,0.861,-1.27,0.0,4,0.293,5,0,2.278,2,3,0.149,3.54,2,-1.73,1,0.184,1.0,4.55,4,0,6,3.611,7,3,5,0.957,3,5,3,0
2,2,5,6,0,2,3,1,1,4,2,1,6,4.186,7,7,6,6,1.893,1.168,0.0,4,1.824,4,3,2.072,2,1,-0.484,1.18,5,1.434,3,1.419,2.0,5.16,0,6,2,5.946,7,6,4,4.058,4,7,2,0
1,5,7,5,0,1,7,1,7,3,5,1,4,-0.062,0,2,3,0,-0.003,-1.067,0.0,6,1.042,0,1,-1.637,4,7,1.245,1.71,5,0.389,1,1.475,-0.0,3.55,4,7,5,0.25,5,0,0,-0.098,0,6,6,0
4,4,5,4,1,0,2,0,3,2,0,6,0,7.357,7,0,0,0,4.349,3.961,112.07,1,3.238,7,5,0.026,0,5,5.655,3.26,2,0.634,1,4.059,3.0,5.62,2,2,1,3.834,6,2,3,4.189,0,3,4,1
2,3,5,0,1,1,1,6,4,5,7,3,4,1.034,0,4,0,0,3.899,5.439,0.0,6,3.848,5,1,1.231,7,4,5.212,2.51,5,0.55,0,4.059,2.0,8.82,6,7,0,3.592,3,3,0,2.589,0,5,7,1
5,0,6,3,1,7,0,5,6,3,1,1,5,6.109,7,1,1,1,1.93,1.856,0.0,6,1.523,1,0,6.548,2,5,3.957,0.11,4,-0.58,4,1.471,1.0,6.15,1,1,3,0.548,6,5,3,1.185,1,3,4,0
1,5,7,3,0,3,4,6,2,1,0,1,6,2.461,6,0,2,2,1.726,0.166,0.0,1,1.96,3,5,6.556,0,0,2.458,3.88,6,-1.557,6,1.181,1.0,4.6,7,4,7,3.395,0,5,0,0.305,1,5,6,0
0,5,3,7,0,1,7,2,6,1,4,6,7,1.336,3,0,0,2,1.85,2.373,0.0,5,2.264,2,7,1.088,6,1,2.76,3.97,3,0.35,4,1.308,2.0,2.27,4,5,2,0.436,5,6,1,2.354,5,0,5,0
7,6,7,3,0,0,4,3,1,5,7,7,7,2.482,5,2,1,5,2.549,6.805,0.0,2,3.818,7,1,-0.648,3,7,4.102,2.83,7,-0.323,6,2.973,2.0,4.09,0,1,6,-0.719,1,2,6,0.885,0,6,3,0
6,4,6,5,0,7,1,4,6,2,0,7,5,-0.008,1,0,1,0,1.698,1.37,0.0,2,1.02,3,7,2.936,5,4,0.699,2.1,5,-0.267,3,1.372,1.0,4.86,5,0,7,4.03,1,7,5,-0.116,4,0,1,0
4,0,4,7,0,0,3,0,2,3,4,7,6,2.888,0,4,0,3,2.33,4.636,0.0,1,2.992,2,0,1.475,0,0,2.34,1.89,0,1.583,7,2.444,1.0,5.24,0,5,1,2.858,2,5,0,3.355,1,7,5,0
1,2,7,5,0,2,6,1,5,3,4,7,7,0.539,3,2,4,6,1.284,0.056,0.0,5,-0.193,2,7,-0.929,1,0,0.065,3.1,1,0.072,4,1.956,0.0,4.38,4,2,3,1.379,6,2,3,-2.562,7,4,6,0
4,0,1,0,0,5,2,0,4,5,7,2,5,1.643,2,3,4,0,0.476,-1.107,0.0,3,0.683,7,3,0.467,0,2,-0.739,2.02,4,2.199,2,0.566,0.0,4.5,0,7,5,1.165,3,2,7,4.385,1,7,3,0
3,4,3,5,0,6,2,7,6,7,2,6,2,0.572,7,4,6,0,1.039,-0.595,0.0,0,-0.191,4,2,1.346,0,2,1.627,2.31,7,1.848,1,0.815,1.0,2.34,2,2,4,3.15,0,5,4,1.072,0,6,5,0
7,7,5,0,1,5,5,2,0,1,3,5,2,3.855,0,1,2,2,3.005,0.067,0.0,0,3.358,4,6,2.43,3,3,3.554,2.31,6,0.241,0,3.943,2.0,4.94,5,2,0,4.618,0,3,6,1.62,2,7,1,0
0,2,7,5,1,7,1,4,5,0,3,2,0,2.638,4,7,5,6,2.692,0.355,0.0,3,0.681,7,3,1.406,7,4,4.388,5.15,0,0.112,2,2.038,2.0,5.28,1,1,7,3.51,0,3,0,5.654,3,7,0,0
7,1,0,0,0,6,2,5,0,2,7,7,0,1.374,2,0,3,1,1.308,-0.27,0.0,6,1.944,2,6,-0.357,3,0,3.136,2.67,5,0.818,1,0.947,1.0,3.4,4,1,0,5.431,1,2,7,0.591,3,1,3,0
4,7,7,4,0,7,0,1,1,1,2,7,0,1.074,2,2,7,5,3.908,3.224,0.0,0,3.319,0,6,0.413,4,0,1.585,1.58,3,0.668,6,2.003,1.0,4.58,4,3,3,1.711,1,3,4,4.609,6,6,3,0
4,1,7,5,0,1,2,6,2,7,4,4,1,-0.199,7,1,6,0,0.826,-1.006,0.0,3,-0.015,0,4,-1.661,5,7,1.967,3.33,7,-0.638,2,0.485,0.0,3.59,5,5,1,-4.998,3,1,6,0.594,1,4,6,0
2,0,5,6,0,7,4,3,6,3,4,1,0,1.459,1,2,6,0,0.672,0.844,0.0,0,-1.686,3,3,-2.107,3,2,-0.917,3.81,4,0.704,2,0.852,-0.0,8.17,5,5,5,-0.623,0,2,7,-0.796,2,0,7,0
4,7,5,1,1,1,7,5,4,5,2,7,7,1.753,1,4,7,4,6.508,5.677,193.07,1,5.819,0,5,5.457,5,2,5.506,4.1,3,-0.763,3,6.351,3.0,3.73,3,0,4,7.248,3,7,1,7.837,0,1,2,1
3,3,0,3,0,5,3,5,2,2,4,3,0,1.999,7,0,1,5,0.546,-1.163,0.0,6,-0.481,2,6,0.072,2,2,1.131,1.24,2,0.343,1,0.356,0.0,3.21,6,1,5,-0.835,3,0,0,2.814,2,3,2,0
7,5,6,0,0,4,5,7,0,3,6,4,2,2.316,5,2,7,5,0.478,1.356,0.0,4,1.408,6,3,-0.055,0,2,1.459,5.17,6,0.224,1,0.821,1.0,5.36,1,1,6,5.116,7,6,7,1.677,5,7,3,0
7,0,2,5,0,3,3,0,7,0,2,1,2,-1.772,0,1,1,1,0.872,1.875,0.0,0,1.084,6,7,-1.476,6,0,-1.497,0.05,6,-0.251,3,0.978,1.0,3.79,0,4,0,0.353,5,3,6,-1.878,2,1,3,0
5,0,6,4,0,7,6,7,1,5,2,6,2,0.825,4,5,2,6,1.878,0.952,0.0,6,-0.126,0,2,5.132,2,3,1.926,0.8,2,-0.315,4,1.977,1.0,5.23,3,7,6,2.655,2,1,5,3.34,0,7,5,0
2,0,0,6,0,0,6,5,4,5,2,1,0,0.451,0,2,2,5,0.832,0.612,0.0,1,0.161,6,3,2.028,1,5,-2.05,2.67,5,-0.533,3,-0.327,0.0,1.5,5,4,5,3.034,1,3,3,1.856,6,0,3,0
1,4,7,3,1,4,4,4,1,2,5,4,7,5.928,1,7,6,4,1.631,3.32,0.0,4,1.835,0,5,1.86,4,7,0.412,1.17,3,0.017,2,2.839,2.0,1.69,4,4,5,2.229,2,1,0,1.306,1,5,4,0
1,2,3,2,0,3,0,5,0,6,5,7,6,1.327,2,3,0,5,1.896,1.642,0.0,2,0.45,0,3,-1.574,6,5,1.299,3.8,0,0.742,6,1.824,1.0,5.69,7,3,5,-0.266,7,3,7,0.241,3,0,0,0
1,2,3,3,0,2,6,6,3,5,0,2,5,1.867,4,1,7,2,1.097,1.695,0.0,4,-0.406,7,5,0.875,7,7,0.043,1.36,3,-1.059,2,2.445,1.0,5.11,2,4,6,1.88,6,0,3,1.833,3,6,1,0
3,4,5,7,0,0,0,7,2,2,3,0,2,1.74,5,4,2,2,1.988,0.146,0.0,2,0.876,5,2,1.901,1,6,-0.447,1.99,1,1.108,2,3.391,1.0,7.2,6,3,2,1.541,1,6,0,-0.263,0,3,7,0
2,0,2,4,1,4,4,6,2,0,0,4,3,-1.506,1,0,0,6,1.97,2.779,0.0,3,1.337,7,7,2.206,1,3,3.7,1.58,5,2.294,5,3.103,2.0,6.29,0,2,3,6.171,0,6,7,3.112,4,5,7,0
6,1,3,7,0,0,5,3,1,6,2,5,3,0.904,2,5,4,4,1.596,2.345,0.0,7,2.347,4,1,3.975,4,2,1.221,5.7,5,0.017,5,0.967,1.0,1.92,3,4,1,-0.117,6,2,0,1.955,5,0,2,0
1,1,5,6,0,6,4,7,0,3,2,6,3,-1.537,0,3,4,5,0.886,-3.482,0.0,6,0.321,2,3,2.563,7,5,-0.669,3.86,3,-0.312,6,-0.69,1.0,3.13,2,3,7,-0.266,5,5,5,1.759,0,3,1,0
3,4,2,3,0,1,5,2,1,2,3,5,3,-0.728,5,4,3,0,0.834,3.632,0.0,5,1.471,5,6,2.648,3,6,-1.315,2.55,1,-0.562,0,1.506,0.0,2.95,0,5,4,3.188,5,6,2,1.642,5,4,3,0
2,1,2,3,0,4,5,0,2,4,7,3,3,1.063,1,5,2,4,1.975,-0.507,0.0,6,3.028,2,6,4.202,4,7,2.976,2.03,1,-0.067,0,1.631,1.0,3.49,4,3,7,1.417,7,5,6,5.16,5,5,3,0
1,7,7,6,0,1,5,4,6,4,5,2,4,3.121,4,0,5,0,1.04,4.43,0.0,3,1.999,4,3,2.628,1,2,2.416,4.02,3,1.046,2,1.404,0.0,1.99,4,1,3,1.312,7,6,5,1.604,2,4,5,0
5,3,5,1,0,2,6,2,6,1,6,3,3,2.271,3,6,4,5,2.791,4.117,0.0,0,2.152,6,6,3.304,5,7,4.586,2.69,2,1.567,3,2.294,1.0,2.77,7,5,1,3.749,7,3,5,4.016,7,3,6,0
1,0,7,4,0,0,1,0,0,5,1,0,4,0.388,6,1,7,5,1.657,3.254,0.0,1,1.795,7,2,3.756,4,2,-0.061,2.2,3,-0.14,1,1.432,1.0,4.81,2,6,7,2.962,0,6,0,7.182,4,4,1,0
4,5,6,3,0,2,5,1,4,6,4,0,5,2.114,3,1,3,4,0.58,0.524,0.0,1,2.462,5,3,0.212,5,1,0.324,1.95,7,-1.028,1,0.125,1.0,5.51,3,2,2,0.859,5,5,7,2.64,4,6,0,0
7,6,1,2,0,2,3,5,3,6,0,5,1,0.704,2,3,3,1,2.318,2.689,0.0,5,2.269,2,3,-1.018,4,5,3.133,2.87,5,-0.729,6,1.803,2.0,4.31,1,3,7,2.978,3,0,3,1.731,0,0,5,0
4,3,3,7,1,0,6,7,6,5,7,2,5,3.657,2,5,5,1,2.137,2.986,79.59,1,1.839,4,1,1.658,3,7,3.636,5.45,3,-0.078,5,1.77,0.0,7.43,1,2,3,3.533,6,3,4,0.982,6,1,1,1
4,7,6,2,0,7,4,3,4,5,2,3,3,-0.977,4,4,2,6,0.959,-1.508,0.0,3,1.536,6,5,2.808,4,1,1.616,3.51,2,0.18,1,1.032,2.0,7.77,0,0,3,4.424,2,2,7,0.463,5,4,7,0
0,5,6,0,0,1,3,5,6,6,2,3,5,0.843,2,6,3,7,1.216,2.36,0.0,2,3.119,6,5,0.314,4,6,0.362,5.17,4,-0.747,0,0.243,-0.0,3.67,2,2,5,0.814,5,4,3,3.049,4,6,6,0
5,7,7,5,0,7,0,5,0,6,6,0,1,2.593,4,5,7,6,2.583,3.279,0.0,2,4.857,3,4,2.546,6,5,1.848,4.01,4,-1.551,5,2.825,2.0,3.84,3,2,6,-3.006,5,0,0,3.094,3,2,0,0
4,2,6,1,0,1,4,7,5,7,6,6,6,2.12,7,0,3,6,0.023,-0.059,0.0,0,0.621,2,1,2.014,6,4,-0.924,2.78,1,1.606,3,-0.635,0.0,4.3,4,2,1,3.13,0,7,3,0.994,7,0,2,0
4,5,4,6,0,6,2,4,1,2,1,0,4,-0.501,4,2,1,4,0.082,0.425,0.0,4,2.322,3,0,0.944,7,5,3.151,4.05,1,0.777,1,1.087,0.0,3.79,7,1,6,1.001,4,5,0,-2.51,0,3,4,0
2,2,4,6,0,0,2,2,6,3,3,0,0,3.389,4,2,3,0,0.144,1.993,0.0,3,1.498,0,3,0.69,0,0,2.218,2.98,3,0.211,3,1.595,0.0,5.45,1,5,7,-0.502,1,0,7,1.791,5,2,3,0
0,0,5,2,0,5,4,5,4,3,4,7,3,1.465,6,3,7,5,2.011,1.643,0.0,1,2.001,1,2,1.746,3,4,2.839,5.57,4,0.479,1,2.434,1.0,3.2,4,4,7,4.459,5,2,1,6.06,3,2,6,0
7,1,1,4,0,7,6,1,1,6,4,6,1,2.047,7,5,4,6,0.651,-1.779,0.0,2,2.12,6,5,1.42,0,4,0.418,1.49,0,1.006,0,-0.142,1.0,3.52,3,0,4,-2.035,4,6,1,-1.808,7,3,3,0
7,3,4,0,0,0,6,1,6,5,5,2,0,1.344,4,7,6,5,-0.086,-0.126,0.0,5,0.243,2,7,-0.62,0,7,-0.295,4.02,2,0.653,5,0.299,0.0,2.21,2,6,1,1.03,3,7,2,0.531,7,5,7,0
5,3,4,5,0,3,6,6,6,6,3,5,4,-2.75,0,3,0,0,1.131,4.869,0.0,2,0.821,4,6,0.493,5,6,-0.745,5.16,7,0.399,2,2.458,1.0,4.75,3,2,7,0.622,4,6,5,-0.667,3,3,4,0
2,4,7,0,0,6,0,3,1,0,1,5,3,1.244,3,5,6,6,1.064,1.174,0.0,6,0.348,2,2,-0.774,5,5,1.114,4.18,7,-0.416,5,1.015,1.0,2.56,1,2,4,-2.609,4,6,0,1.443,2,7,7,0
2,3,4,0,1,6,3,6,4,1,6,4,6,4.66,3,5,1,4,1.938,1.374,0.0,5,0.611,7,4,4.655,5,2,0.466,6.46,4,2.191,1,3.194,1.0,6.88,4,5,5,-0.379,6,0,0,5.053,1,6,4,1
5,5,7,2,0,2,3,4,6,3,7,3,0,2.933,1,1,3,2,1.039,0.759,0.0,0,1.327,6,0,-1.663,2,6,1.347,4.03,2,0.148,1,-0.675,1.0,6.3,7,3,4,-0.042,6,4,3,-3.236,5,5,6,0
7,4,5,3,0,7,6,1,7,1,2,0,7,2.899,2,1,6,3,-0.216,-0.168,0.0,0,1.052,1,1,-0.301,7,5,-0.09,4.14,2,-0.531,6,0.542,0.0,4.27,3,0,2,1.453,3,1,7,2.676,2,2,0,0
5,0,6,6,0,5,2,1,0,3,4,2,0,-0.014,3,7,7,2,1.34,2.003,0.0,7,2.692,1,5,0.813,6,5,1.87,2.86,2,0.684,2,1.671,1.0,1.32,6,4,5,2.393,7,1,6,-0.989,7,4,5,0
4,2,3,0,0,7,2,1,5,3,3,5,4,3.822,1,2,4,5,2.049,0.697,0.0,0,2.684,7,5,1.341,2,6,3.01,6.02,3,0.936,0,1.875,1.0,3.67,4,7,0,-0.593,6,5,0,3.405,0,4,0,0
4,4,1,1,0,7,3,7,2,3,4,3,1,2.813,3,3,6,3,2.2,0.744,0.0,2,3.491,6,2,5.729,6,6,2.7,0.96,4,-0.295,7,2.261,2.0,1.3,6,3,6,0.792,7,2,5,2.197,2,4,4,0
5,6,6,3,0,7,6,5,5,1,0,5,2,2.413,2,0,2,3,-0.011,-3.346,0.0,1,2.12,3,7,-1.09,5,1,-2.584,0.77,2,-0.805,3,-0.077,0.0,6.9,3,3,6,-3.227,1,5,2,-2.591,2,1,7,0
7,4,1,2,0,3,3,0,2,0,1,1,2,-0.469,5,3,2,0,1.37,-0.12,0.0,0,0.794,6,4,0.489,3,5,-1.414,3.57,7,0.159,7,3.747,1.0,5.18,1,5,4,0.506,1,3,3,1.007,1,4,5,0
2,5,4,4,0,6,0,4,5,1,5,6,6,1.14,1,7,6,7,0.748,0.409,0.0,6,0.696,6,7,-0.401,0,7,2.214,4.25,5,0.02,5,0.843,-0.0,2.94,5,7,4,3.294,7,4,7,1.847,2,7,4,0
2,4,6,4,0,4,0,5,6,6,3,2,7,1.69,2,5,4,2,0.118,1.524,0.0,3,1.465,2,1,-1.716,1,1,0.179,4.17,1,-0.82,2,0.574,1.0,4.43,7,5,4,0.043,1,0,3,2.946,4,7,6,0
2,3,7,6,0,5,7,2,5,6,3,4,0,-3.234,6,6,4,1,0.374,1.561,0.0,3,0.192,7,4,-1.131,0,3,0.538,0.13,1,-0.572,7,0.45,0.0,4.14,0,3,5,1.663,4,4,7,0.457,4,7,0,0
7,3,7,4,0,3,0,2,1,0,7,4,5,1.419,1,7,4,2,1.54,4.164,0.0,7,1.425,3,1,0.588,6,1,0.876,1.98,1,-0.084,4,1.88,1.0,4.68,0,4,1,3.996,3,6,2,1.281,1,1,1,0
0,0,6,5,1,5,2,1,3,4,4,6,6,4.35,6,0,3,4,4.439,7.791,0.0,1,3.244,2,7,4.702,7,3,5.454,1.61,3,-0.611,3,5.539,2.0,3.23,4,6,2,6.019,7,3,1,6.252,2,0,5,0
0,5,2,5,1,3,5,4,6,6,4,6,4,7.491,0,2,4,7,5.282,8.965,0.0,0,6.272,0,3,5.386,7,5,4.673,2.3,1,1.342,5,6.238,3.0,7.16,5,3,5,2.78,7,1,3,4.98,5,7,7,1
6,5,6,2,0,2,1,0,0,7,7,4,7,-0.69,6,3,7,7,2.371,0.266,0.0,6,0.972,2,3,7.347,3,1,3.294,2.87,0,0.769,3,2.28,1.0,3.94,3,7,5,5.405,1,1,5,4.953,2,2,7,0
1,7,1,5,0,7,4,7,7,6,5,1,6,-2.396,4,4,7,1,3.364,0.528,0.0,6,3.94,5,7,0.17,4,4,2.456,1.21,5,-1.178,1,2.942,2.0,1.73,4,5,1,1.246,5,2,6,5.954,6,3,0,0
4,4,1,4,0,4,1,0,1,7,6,0,0,-1.074,5,1,3,3,0.163,0.543,0.0,0,0.747,3,6,2.626,7,0,0.282,2.62,0,-0.241,7,1.573,-0.0,-0.44,3,2,1,-0.998,2,4,6,-3.659,3,1,2,0
5,4,6,7,0,6,6,4,0,7,5,5,3,-3.913,3,4,6,5,1.315,-1.451,0.0,1,1.711,4,3,-2.563,2,5,-0.049,0.63,0,0.082,1,0.836,1.0,1.32,5,2,7,2.129,3,6,0,1.281,0,2,1,0
2,5,3,0,0,1,2,6,2,1,5,6,2,-0.056,7,5,6,2,1.184,3.208,0.0,0,-0.573,4,6,2.438,6,4,0.676,3.44,0,-0.221,6,2.718,-0.0,2.27,2,2,1,1.24,3,0,5,-0.003,4,4,2,0
3,4,3,0,0,4,6,7,1,4,4,5,7,3.613,3,4,5,6,1.819,2.707,0.0,4,2.851,6,5,3.293,7,4,1.636,3.53,3,0.343,6,1.871,0.0,4.24,4,2,0,1.025,6,5,0,-0.081,7,5,4,0
1,0,6,7,1,5,3,7,3,1,4,3,4,3.653,1,3,2,6,3.798,1.885,304.29,1,4.454,1,5,4.216,4,7,1.371,3.38,7,0.443,7,3.601,3.0,3.59,4,0,2,-2.647,1,0,0,5.928,7,6,2,1
2,2,7,5,1,7,3,1,6,2,0,6,5,2.954,7,0,3,4,2.885,2.256,0.0,2,0.643,7,2,-1.102,4,4,6.667,2.94,4,0.466,3,3.088,2.0,5.89,2,6,7,2.103,4,6,6,-0.154,5,6,5,0
6,5,7,5,0,1,7,5,3,2,7,2,4,0.143,2,7,2,7,1.321,-0.647,0.0,5,1.411,4,2,3.485,3,6,-0.756,3.64,0,-1.08,6,1.243,1.0,5.41,1,1,4,0.828,0,1,0,-0.999,2,0,5,0
0,2,4,4,0,7,6,3,2,5,2,3,1,-0.517,7,3,0,6,2.344,-0.909,0.0,7,2.246,1,7,1.411,1,4,1.503,3.31,5,0.574,7,2.559,1.0,4.68,7,5,7,6.676,0,1,7,3.332,0,2,5,0
6,0,7,6,0,5,6,2,3,1,1,7,7,2.139,2,2,6,1,1.614,-0.41,0.0,7,1.953,7,3,2.701,7,7,-0.38,4.14,6,-0.753,2,1.449,1.0,1.79,4,6,2,-0.651,7,7,5,4.999,1,2,7,0
1,5,2,6,0,3,7,0,6,3,5,1,4,1.364,1,2,6,6,0.689,3.267,0.0,2,0.797,5,7,2.726,3,5,1.979,3.55,1,1.372,6,0.369,-0.0,4.14,5,1,0,3.046,2,3,5,-1.468,4,5,7,0
7,5,1,0,1,2,0,3,0,7,4,0,5,5.267,6,5,1,1,5.137,5.49,0.0,2,5.872,5,7,6.253,0,4,4.642,3.31,2,-1.578,6,5.248,3.0,2.85,7,4,7,1.559,2,4,7,0.278,2,1,3,1
3,5,4,6,1,5,3,7,7,1,2,4,0,3.739,3,6,3,6,3.412,6.334,698.39,7,4.16,2,4,3.394,0,6,3.671,3.01,0,1.236,3,3.334,2.0,6.63,4,3,3,7.061,0,2,0,2.193,5,7,0,1
4,1,7,0,1,0,1,7,6,2,7,0,6,2.569,1,4,0,6,3.194,4.163,0.0,4,4.158,6,6,0.847,6,4,4.828,1.56,5,0.266,2,3.297,2.0,3.8,0,2,1,3.429,3,6,2,4.321,7,1,7,0
0,6,0,6,0,2,3,4,7,3,1,7,0,0.64,2,3,7,5,0.467,-2.566,0.0,4,2.208,4,0,1.665,3,2,1.173,3.14,1,1.195,0,0.557,0.0,4.04,6,4,3,0.556,2,3,1,1.668,4,1,1,0
4,2,3,3,1,5,3,5,1,5,2,2,5,2.382,6,3,5,0,1.892,5.482,0.0,0,0.967,2,2,6.185,1,1,0.384,2.53,1,0.417,3,0.968,2.0,5.43,4,0,0,0.314,5,0,0,2.805,1,7,2,0
6,1,2,4,1,7,1,7,1,0,6,1,3,0.654,1,3,6,2,2.822,1.509,0.0,1,1.519,5,1,1.907,0,6,3.668,2.44,3,1.137,2,3.705,1.0,3.56,3,3,6,2.749,6,1,7,-0.46,4,2,7,0
5,2,3,1,0,2,2,5,2,6,3,1,2,-1.67,1,6,2,5,1.398,6.394,0.0,2,0.75,0,3,2.182,7,5,0.149,4.92,3,0.799,6,1.694,1.0,3.04,6,7,1,4.509,6,3,5,1.213,7,4,2,0
4,3,2,1,0,5,4,5,3,1,0,6,6,3.3,2,0,1,3,2.039,-2.887,620.3,7,1.259,0,1,4.406,6,3,0.027,3.86,2,1.188,5,2.629,1.0,8.46,0,1,3,1.685,6,3,6,2.115,5,7,5,1
7,3,3,2,0,2,0,4,4,4,2,2,6,2.004,5,6,0,2,0.321,0.874,0.0,7,3.542,6,4,0.356,5,0,0.313,3.14,7,-0.282,6,0.523,-0.0,5.98,0,1,2,0.924,4,3,4,0.554,3,4,2,0
3,7,5,1,0,1,5,7,4,0,4,7,3,2.429,7,3,5,7,1.052,1.516,0.0,1,0.139,6,7,1.154,4,4,-0.122,1.87,2,0.185,0,1.211,1.0,5.76,0,5,4,5.318,2,6,0,1.447,1,7,2,0
2,7,2,1,0,6,0,4,6,7,3,7,6,-0.36,4,6,1,7,0.649,-2.555,0.0,5,-0.105,3,2,1.491,1,4,3.704,1.78,0,1.112,6,0.845,0.0,7.16,0,7,1,-0.669,0,7,1,-0.912,3,1,7,0
0,4,0,7,0,4,5,5,5,2,4,2,3,-2.895,3,4,3,1,0.51,-0.675,0.0,6,-0.324,2,1,-2.024,4,1,0.733,3.72,0,2.137,4,-0.085,1.0,3.05,2,5,6,-1.201,2,3,4,-0.778,7,0,4,0
5,4,0,3,0,2,0,2,0,1,5,4,0,0.879,4,7,2,1,0.301,3.493,0.0,5,1.23,3,7,2.73,5,6,0.654,2.87,1,-0.416,0,0.205,0.0,1.88,0,0,5,1.976,1,6,7,-2.535,4,5,4,0
0,4,5,0,0,3,6,3,3,6,1,6,0,-0.379,3,0,0,4,0.595,-0.828,0.0,7,2.707,6,3,-1.242,0,6,0.316,0.46,2,0.448,6,0.986,1.0,3.27,6,2,7,-2.113,5,0,4,1.732,0,7,6,0
7,6,7,5,0,2,3,7,1,2,2,0,4,1.311,7,5,6,0,-0.055,2.431,0.0,2,0.177,4,5,-2.506,1,7,1.501,2.97,1,0.375,7,1.504,-0.0,4.75,1,4,5,-1.838,2,4,2,1.984,6,7,2,0
2,7,5,6,0,7,6,0,1,6,0,5,2,-2.935,5,1,4,4,0.949,-0.457,0.0,4,0.972,4,2,-0.19,6,6,0.826,3.07,1,0.276,5,0.455,0.0,3.88,3,1,6,0.946,2,7,2,0.635,5,0,6,0
6,0,6,0,1,7,1,7,2,1,2,1,4,1.689,4,5,6,6,1.963,2.248,0.0,0,2.122,1,6,2.145,0,7,1.912,2.95,5,-0.401,7,1.292,2.0,3.68,7,5,1,5.677,0,4,2,0.737,1,1,5,0
1,7,3,4,0,7,6,0,6,5,5,5,1,3.288,1,0,3,3,0.045,3.585,0.0,4,-0.147,6,0,-0.135,3,0,0.376,2.15,0,-1.098,1,0.207,1.0,4.22,7,5,3,2.226,2,1,0,-3.791,1,6,7,0
3,4,5,3,0,7,4,7,1,5,5,4,2,-0.683,2,1,2,2,0.888,0.588,0.0,6,0.977,2,5,2.396,7,4,0.06,3.02,6,-0.082,2,1.264,-0.0,1.94,7,0,2,1.559,4,0,5,2.881,7,2,0,0
1,1,7,0,0,5,5,2,0,3,1,3,4,-1.688,6,5,0,6,0.985,1.405,0.0,3,1.646,7,5,1.696,7,5,3.909,1.98,7,-0.599,5,2.207,0.0,3.51,4,1,6,2.683,5,4,6,2.516,3,4,4,0
0,0,1,0,0,3,5,0,4,0,7,6,5,0.695,3,3,5,0,1.105,1.521,0.0,6,3.501,0,7,0.279,3,3,1.465,2.02,0,1.554,5,0.892,0.0,4.2,6,4,6,-1.462,6,4,2,0.562,5,6,1,0
1,6,1,6,0,6,4,7,3,6,3,3,2,-1.744,3,0,7,5,0.346,3.838,0.0,7,-0.659,6,4,-0.344,1,2,-0.888,4.52,6,0.726,1,0.783,0.0,2.08,7,4,6,-2.009,7,1,0,-0.964,3,3,7,0
4,1,5,1,1,4,5,7,2,3,7,0,1,0.159,4,0,6,2,2.801,5.522,0.0,1,2.124,6,4,2.956,2,4,1.881,4.33,0,1.648,5,3.316,3.0,6.66,3,5,0,0.39,1,0,4,-0.583,7,7,5,1
3,7,1,2,0,5,1,7,2,0,4,5,0,4.085,0,1,2,1,0.95,2.359,0.0,6,0.152,1,2,2.336,6,2,-1.428,2.43,0,1.818,2,0.913,2.0,4.87,3,1,1,2.263,3,6,0,2.805,5,6,6,0
0,6,0,4,0,6,2,0,1,1,5,7,1,-0.216,5,0,5,3,0.417,2.408,429.11,2,-2.036,1,2,-1.956,7,7,-0.668,4.33,0,0.992,3,1.618,1.0,9.04,0,0,0,-0.438,4,4,5,0.718,1,2,0,1
2,6,1,1,0,1,1,5,0,3,5,1,0,0.844,3,4,5,7,1.737,3.668,0.0,0,2.194,3,0,-0.401,4,1,0.856,1.33,4,1.395,0,1.742,1.0,5.25,5,3,2,3.436,5,2,6,1.368,1,0,6,0
5,6,6,7,1,6,6,5,4,7,6,5,4,-0.137,3,1,0,0,2.354,0.807,0.0,5,3.008,6,2,3.778,0,4,5.852,4.35,3,1.871,7,0.773,2.0,6.41,2,3,1,0.408,4,5,7,2.603,2,4,1,1
2,0,0,0,0,1,2,7,6,2,5,2,5,1.106,0,4,6,4,0.704,-2.556,0.0,4,2.015,2,6,3.93,7,5,-0.701,3.68,5,1.664,6,1.164,0.0,4.87,6,6,2,4.419,3,5,5,-0.172,2,1,6,0
1,1,3,7,1,4,7,3,0,5,1,4,3,4.802,2,0,1,7,4.121,6.891,189.94,5,7.285,6,7,2.34,0,2,5.972,4.72,0,0.75,7,4.149,2.0,9.5,1,6,2,10.127,4,2,5,6.29,0,7,2,1
4,7,0,5,0,7,7,4,4,4,4,7,7,-0.877,5,3,0,1,0.644,-3.047,0.0,5,1.175,5,0,4.163,7,7,0.636,2.33,3,0.283,6,0.987,0.0,4.18,6,1,0,3.06,3,3,2,-1.61,4,2,0,0
7,6,5,5,0,3,7,4,7,4,7,6,0,-0.408,2,1,0,1,0.5,0.888,0.0,5,1.646,3,7,-0.418,0,5,-0.987,0.3,5,-1.136,1,-0.206,1.0,5.39,5,7,5,-3.759,3,2,6,2.269,6,1,7,0
1,2,5,0,0,7,2,1,5,4,0,0,4,0.697,4,1,5,2,0.532,-0.518,0.0,7,1.785,3,4,-0.109,2,5,-0.204,0.49,5,1.948,3,1.221,-0.0,5.57,2,4,0,6.209,1,7,7,-0.402,4,7,5,0
5,2,5,7,0,2,0,3,3,5,0,1,2,4.018,4,1,6,7,1.468,0.581,0.0,0,1.055,0,3,3.671,5,2,3.256,3.93,1,-1.015,7,1.642,0.0,2.36,6,5,0,2.06,2,6,0,1.412,2,1,6,0
6,0,7,4,0,5,1,7,2,3,7,4,1,0.752,1,2,7,4,2.923,4.002,347.6,3,2.371,7,5,3.437,6,1,4.082,2.52,1,-0.982,2,2.625,2.0,4.83,5,7,6,1.1,1,0,3,1.362,3,4,3,1
4,5,0,1,0,4,3,2,6,4,7,7,3,3.97,6,3,7,6,2.896,4.283,858.07,0,2.928,2,5,1.121,2,6,3.523,4.98,3,1.611,7,2.559,3.0,7.93,6,2,1,0.63,5,7,0,0.833,2,6,4,1
4,7,5,1,0,4,7,2,3,5,3,7,0,1.299,3,3,0,1,1.539,4.053,0.0,0,1.956,2,3,3.811,6,5,2.361,3.47,3,0.688,6,1.343,0.0,1.19,3,7,5,1.997,1,2,3,3.183,0,7,5,0
5,5,1,2,1,6,7,1,7,5,0,0,3,5.087,3,3,2,3,3.742,4.71,400.9,5,2.439,7,4,3.119,1,0,6.507,5.44,6,-0.436,7,3.476,2.0,8.84,2,4,0,6.577,2,6,3,-1.519,4,6,7,1
3,6,2,7,1,3,3,3,7,5,6,0,7,0.551,1,6,2,5,2.179,2.101,338.39,5,0.019,6,2,1.107,6,5,2.292,5.53,7,-1.423,6,1.943,1.0,6.47,6,4,1,10.518,2,4,7,2.911,7,7,1,1
1,6,3,7,0,7,4,0,4,5,4,2,3,6.617,2,6,6,4,1.616,1.796,0.0,5,0.78,2,6,0.418,3,7,0.261,4.05,6,-0.049,7,2.288,1.0,4.39,4,7,7,2.928,7,1,4,4.377,7,7,1,0
0,2,2,5,0,4,1,1,0,0,7,6,0,4.678,3,4,7,5,2.88,6.002,0.0,5,2.687,1,5,3.717,0,7,1.418,2.93,3,-0.206,0,2.369,2.0,4.35,3,7,0,2.225,7,6,4,3.837,1,0,6,0
7,2,4,4,0,3,6,2,4,6,1,5,0,3.254,0,2,0,1,0.411,-0.805,0.0,4,0.554,4,7,-0.982,4,0,-4.038,2.74,3,0.787,0,0.307,0.0,3.89,2,3,0,-2.348,6,4,7,3.364,2,6,1,0
2,5,7,1,0,7,7,2,5,1,0,5,2,-0.558,5,6,2,7,1.271,1.358,0.0,5,1.146,5,2,-0.791,5,6,0.228,2.5,1,-0.557,5,0.591,1.0,4.42,7,0,2,-0.58,4,4,0,0.908,3,5,5,0
3,3,0,7,1,5,6,2,3,5,1,3,7,2.763,1,0,2,7,2.901,5.516,0.0,2,0.875,2,6,1.995,1,3,3.75,4.3,3,-0.107,6,3.418,2.0,3.53,2,2,2,5.014,6,0,1,2.7,7,6,0,0
7,3,6,3,1,5,7,6,1,4,0,1,5,-4.781,6,0,7,3,2.402,-1.629,0.0,0,2.927,7,6,5.162,1,7,2.306,5.25,4,-0.655,6,0.707,1.0,7.2,4,0,7,3.491,0,3,0,-3.064,3,4,2,0
2,6,0,1,0,1,6,0,4,4,3,3,6,-1.559,1,5,2,0,1.899,1.302,0.0,0,0.498,3,1,4.892,3,2,-0.856,4.07,3,0.904,4,-0.089,0.0,3.7,0,2,7,-3.78,3,6,6,0.258,3,5,2,0
4,6,7,7,0,3,6,7,1,6,4,1,0,-0.216,0,7,6,7,0.723,-2.675,0.0,5,1.767,2,0,1.498,5,4,-0.508,1.82,5,-1.516,1,0.408,0.0,5.54,7,6,0,0.393,5,4,7,5.524,6,1,5,0
6,5,5,1,1,7,7,3,2,4,7,3,0,5.738,3,0,6,0,4.53,4.621,0.0,1,5.524,1,3,1.831,3,1,1.866,3.13,4,-0.309,0,4.267,2.0,4.86,4,0,3,0.828,1,3,6,5.104,3,6,5,0
6,4,6,0,1,0,0,4,5,2,3,6,3,2.633,0,4,2,4,4.301,3.184,0.0,6,2.17,2,4,4.553,4,3,5.506,4.0,1,0.69,2,4.098,2.0,1.12,7,5,3,3.663,3,7,5,1.799,5,7,3,0
4,3,5,2,0,4,0,1,6,2,7,2,7,1.869,5,4,0,4,0.614,-0.751,225.77,5,1.386,6,1,1.016,0,5,3.553,4.65,6,-1.964,2,1.975,0.0,8.37,3,3,7,-1.124,2,0,6,1.766,2,4,3,1
7,6,4,5,1,7,6,6,4,0,1,3,0,2.474,3,5,3,1,2.503,4.827,676.26,5,0.613,0,6,2.128,6,5,2.312,0.68,4,0.407,0,1.684,1.0,7.22,5,1,7,4.59,3,2,3,4.259,6,5,3,1
3,3,3,7,0,2,6,0,2,5,5,5,3,2.787,6,5,0,0,0.078,-2.083,0.0,2,-0.498,7,7,-4.007,6,1,-2.602,4.59,1,-0.24,4,0.6,-0.0,2.04,7,6,5,-2.926,2,2,0,-0.185,1,3,6,0
0,1,4,5,0,0,5,0,4,7,0,6,0,4.341,5,0,5,5,0.671,-1.567,0.0,1,2.092,7,2,-0.552,6,6,0.781,2.98,1,0.011,7,-0.041,1.0,3.96,2,5,4,-0.636,6,5,2,-1.788,4,1,4,0
5,1,2,5,0,3,0,2,0,5,6,3,3,-2.873,5,4,1,7,0.993,4.546,383.82,6,0.545,0,4,-0.412,4,6,0.336,3.72,2,0.62,5,1.138,0.0,6.9,4,4,1,-1.14,1,3,7,2.752,5,6,5,1
7,2,3,2,0,6,0,5,0,6,5,2,3,4.269,6,0,5,7,-0.016,4.364,0.0,1,1.099,3,4,0.756,6,5,0.237,3.59,1,0.008,1,1.218,0.0,3.85,0,0,0,-1.083,1,7,1,3.498,6,6,5,0
7,1,1,4,0,6,6,4,2,1,6,6,7,1.562,6,5,1,6,1.133,-1.862,0.0,7,0.596,4,3,3.415,5,2,1.162,5.07,0,-1.369,2,0.849,0.0,5.0,5,1,4,4.675,2,3,5,4.773,6,3,0,0
0,2,4,4,0,5,6,1,7,1,5,0,1,3.488,0,3,1,5,-0.376,4.566,0.0,3,-0.223,0,3,1.731,1,1,0.226,4.59,4,-0.888,5,0.265,0.0,6.0,5,4,5,-0.343,7,7,3,2.308,0,3,0,0
2,1,1,5,0,2,3,1,0,7,1,6,7,-0.032,4,4,3,4,1.956,2.62,0.0,2,1.219,2,7,-2.629,7,7,-1.183,3.5,5,-0.83,1,0.625,2.0,5.7,4,0,7,-2.853,1,3,2,-0.981,6,5,6,0
5,1,7,3,1,2,3,5,3,5,3,7,3,3.851,3,7,5,3,2.682,1.065,0.0,4,2.369,3,0,2.676,5,6,0.95,4.07,0,0.4,5,3.454,2.0,2.92,3,6,3,7.632,4,2,3,3.081,4,5,0,0
5,3,4,7,0,6,7,5,4,4,1,0,3,-1.523,2,1,1,3,0.789,-0.694,0.0,7,1.697,6,7,-0.947,2,3,0.021,3.14,5,0.812,7,1.319,1.0,4.21,2,2,1,0.823,6,4,3,-0.101,6,4,1,0
1,5,0,6,0,5,7,3,7,0,1,4,4,2.122,6,7,0,7,0.81,0.425,0.0,2,1.277,7,7,-3.054,2,4,-0.6,4.18,1,1.011,0,0.024,-0.0,6.29,7,4,5,0.739,5,5,3,-1.598,7,1,6,0
1,2,7,2,0,7,5,5,5,2,6,7,7,2.933,3,6,1,2,1.447,0.568,0.0,5,0.049,4,7,0.058,1,4,-0.595,1.77,1,0.673,1,1.231,1.0,7.49,4,4,2,0.764,2,6,0,1.016,7,4,1,0
6,1,4,5,1,4,5,2,2,3,3,7,7,2.081,3,6,7,0,3.194,5.956,0.0,1,2.209,5,3,3.385,4,1,3.453,2.59,7,1.09,7,2.806,2.0,2.46,3,6,1,1.379,4,7,5,1.868,7,0,1,0
0,0,4,4,0,3,3,6,6,7,5,1,3,6.428,0,7,7,6,1.463,1.465,0.0,0,3.223,6,2,3.65,7,4,0.85,1.43,2,-0.305,7,2.392,1.0,7.93,0,6,1,5.526,4,3,4,2.448,3,0,5,0
4,6,0,0,0,2,7,5,1,4,4,3,4,1.07,6,1,1,5,1.635,-2.761,0.0,7,2.458,6,0,0.108,3,5,1.383,2.69,6,-0.198,5,2.093,1.0,-0.96,6,6,5,-0.251,2,1,0,0.08,2,6,1,0
0,4,3,0,0,3,2,5,5,6,4,4,3,1.756,3,3,3,7,2.644,1.145,426.52,6,-0.329,0,1,6.795,3,5,2.616,3.96,4,0.557,1,3.614,2.0,7.38,6,0,0,4.257,5,6,4,2.851,0,3,6,1
2,7,3,2,1,6,1,7,2,4,7,6,0,2.322,5,0,6,1,2.504,2.732,0.0,1,2.609,3,1,4.637,3,4,2.274,4.4,6,0.499,5,1.992,2.0,3.03,1,4,7,4.003,7,3,0,3.332,1,4,7,0
7,3,3,1,0,1,5,2,4,5,3,3,4,-0.931,1,0,0,6,0.859,4.372,0.0,1,0.772,0,0,3.83,4,7,2.605,4.87,6,-0.013,1,0.506,2.0,4.27,0,0,7,-0.659,0,6,4,2.364,4,3,5,0
1,2,2,2,0,5,6,3,0,4,0,6,6,0.014,1,5,2,6,1.954,-2.316,0.0,0,2.678,7,5,5.656,0,5,0.832,2.96,0,0.04,5,1.043,1.0,4.43,2,2,2,1.719,5,6,7,0.959,0,7,0,0
0,4,4,0,1,0,6,1,3,6,7,3,7,5.42,7,4,2,6,5.949,6.924,79.28,2,4.511,3,7,11.122,5,7,8.518,5.68,2,0.827,0,5.741,3.0,6.16,0,7,6,5.476,4,2,6,6.126,5,1,6,1
4,2,1,0,0,7,0,4,0,1,1,6,3,3.04,3,0,2,5,0.579,-0.252,0.0,6,2.247,2,2,-3.071,4,1,4.797,2.86,5,-1.027,7,0.065,1.0,0.85,1,1,7,1.914,0,4,5,-3.554,3,7,4,0
1,0,7,2,0,1,4,7,6,2,3,5,0,1.835,7,0,2,5,0.137,-0.765,0.0,6,0.216,3,1,-1.025,3,7,0.004,2.17,3,1.583,5,1.232,1.0,3.46,6,3,7,0.375,3,5,7,-2.632,0,2,3,0
4,0,6,2,1,6,6,6,5,3,5,7,6,2.714,5,2,4,2,3.248,0.594,480.45,3,3.375,4,2,1.84,6,5,6.152,5.11,3,0.243,3,2.855,2.0,5.57,3,0,0,2.3,3,4,3,4.096,1,3,1,1
3,4,7,3,0,0,0,5,7,2,0,6,0,2.475,5,4,5,1,0.87,-0.705,0.0,2,3.932,7,7,1.213,2,2,2.066,3.09,0,0.557,1,0.61,1.0,5.11,7,2,4,1.862,5,3,4,-0.096,3,4,6,0
7,2,2,5,0,6,4,4,0,0,2,3,1,3.023,1,6,6,6,2.409,3.242,0.0,7,2.366,5,1,1.907,0,4,2.013,1.79,3,0.187,7,2.932,2.0,6.6,3,6,3,2.793,4,1,1,1.731,2,3,0,0
3,0,3,1,1,3,3,6,6,7,1,4,3,5.354,4,3,6,0,4.423,2.549,272.97,2,3.005,3,5,5.8,4,1,5.055,2.48,2,-1.079,2,3.85,3.0,5.09,3,3,5,4.141,4,7,4,5.022,7,2,4,1
1,0,0,1,0,5,3,3,1,7,4,7,6,0.143,2,7,7,0,0.481,2.934,0.0,2,1.109,0,1,-0.947,7,5,0.723,2.56,2,1.517,0,0.846,-0.0,3.3,0,5,7,1.338,1,1,6,-2.62,2,2,4,0
0,2,5,2,0,6,0,4,1,0,1,5,6,3.285,4,6,4,6,2.277,0.216,0.0,1,3.769,5,6,2.998,4,5,1.606,3.61,0,0.876,5,2.893,1.0,2.59,1,2,3,3.348,0,2,4,0.36,5,7,0,0
5,1,3,2,1,3,7,3,3,3,5,4,6,2.324,4,6,5,2,4.039,4.726,0.0,5,4.943,6,3,4.468,3,7,1.821,3.26,1,-1.487,5,3.41,2.0,4.17,7,5,5,5.818,0,7,2,2.713,6,5,1,0
7,7,0,0,0,4,3,2,2,6,6,4,6,4.377,5,6,0,2,0.568,-1.199,0.0,2,0.176,7,2,-2.558,1,3,2.024,4.97,3,-2.089,2,1.746,1.0,3.42,2,7,4,0.389,4,1,6,2.839,0,7,6,0
2,1,6,0,0,2,3,6,3,3,4,3,4,0.141,0,1,5,4,-0.234,-0.421,0.0,2,-1.467,4,1,-1.989,6,6,-1.18,3.69,7,-1.419,0,-0.325,0.0,3.91,7,1,1,2.895,3,2,1,4.054,2,1,3,0
5,7,3,5,0,7,6,1,4,6,3,4,4,0.498,4,2,2,4,1.182,-0.973,0.0,7,0.984,4,3,-2.579,2,7,2.128,1.12,3,0.905,2,0.52,0.0,4.96,0,3,6,0.744,6,1,2,3.288,6,3,5,0
4,5,5,0,0,6,7,3,5,5,6,0,2,3.723,0,0,7,3,0.527,0.463,0.0,3,2.389,5,0,1.847,7,7,1.109,3.36,2,-0.696,6,-0.106,0.0,2.29,0,4,2,0.579,4,2,6,-0.437,5,5,3,0
7,4,5,3,0,7,0,2,4,6,3,1,3,0.526,7,3,2,7,1.376,2.321,0.0,1,0.925,6,6,0.813,7,1,2.139,3.68,5,-0.423,1,1.76,1.0,4.8,5,7,7,-1.108,6,2,0,3.702,7,4,2,0
2,4,1,4,0,7,5,3,7,4,3,1,6,-0.433,5,0,0,5,2.149,4.06,0.0,2,1.335,6,1,0.972,2,0,1.216,2.02,7,-0.26,0,2.072,1.0,3.38,2,0,1,2.53,4,5,0,-0.11,0,5,1,0
0,2,2,2,0,5,6,4,4,2,2,7,1,-2.805,1,1,4,1,0.53,0.041,0.0,2,0.491,1,0,1.363,5,0,3.794,4.7,7,-0.558,3,1.819,0.0,1.73,7,3,3,2.789,5,2,1,-0.798,2,4,2,0
3,6,2,2,0,2,7,7,4,3,6,4,2,-3.278,3,2,4,7,0.531,1.65,0.0,6,-1.224,1,2,-0.418,1,6,-1.656,3.4,4,-3.068,2,0.305,0.0,4.97,4,4,1,3.092,2,7,3,-1.786,2,5,1,0
0,5,5,5,1,0,7,4,3,3,2,4,1,4.022,0,0,0,7,3.63,4.053,0.0,1,4.493,1,7,4.012,1,0,5.357,2.25,1,2.081,4,4.324,2.0,5.27,3,0,4,4.962,5,5,7,9.249,7,0,1,1
0,4,7,1,1,1,1,4,1,2,3,2,4,3.805,6,6,2,2,2.843,4.633,668.57,7,2.521,6,2,2.918,1,3,4.172,3.95,6,3.056,3,2.298,2.0,9.18,7,5,5,1.398,3,6,0,0.291,1,7,0,1
0,3,4,6,0,0,3,3,5,6,3,7,0,-0.966,3,3,0,1,0.344,0.473,0.0,1,-0.951,0,0,-0.202,5,6,-0.388,3.91,2,0.926,1,0.164,-0.0,4.92,0,6,1,-2.46,2,2,7,-1.376,5,1,4,0
4,6,7,3,0,5,2,0,0,2,2,6,3,2.913,0,5,3,5,0.571,-3.513,0.0,4,-0.928,2,5,2.184,5,0,2.221,1.8,4,0.274,1,0.901,0.0,3.73,3,2,5,-0.478,4,5,1,1.876,2,4,4,0
2,0,4,0,0,3,1,7,7,6,5,4,2,-2.253,1,1,3,7,1.653,2.196,0.0,5,3.096,1,5,-0.789,4,4,3.837,2.42,1,0.685,5,2.292,1.0,2.53,7,7,4,2.067,3,3,1,-1.014,4,7,4,0
1,7,2,0,0,0,5,6,6,4,0,7,6,-0.756,4,4,2,7,1.092,4.842,0.0,7,-0.298,6,2,-0.973,5,1,1.273,2.91,4,-0.752,6,1.376,1.0,2.85,6,0,4,1.785,4,4,1,-2.048,3,5,0,0
0,7,6,6,1,4,7,3,3,2,0,3,5,1.621,7,7,3,6,4.426,5.379,0.0,5,4.475,1,2,3.412,0,2,4.351,2.47,0,-0.362,5,3.261,2.0,2.61,0,2,6,3.458,5,4,7,6.945,5,5,3,0
6,7,1,3,0,7,6,1,7,6,1,1,3,2.071,4,4,6,6,0.441,6.708,0.0,6,0.212,5,7,0.958,1,1,0.03,4.9,1,1.414,1,1.709,1.0,7.22,7,1,1,4.391,0,2,4,2.245,3,7,6,0
3,4,5,6,0,0,5,4,1,2,2,6,6,2.358,5,5,6,5,0.577,0.461,0.0,0,0.908,6,2,1.166,5,7,1.294,3.88,2,-0.838,5,0.86,1.0,5.5,5,6,1,-3.087,1,3,3,2.803,0,3,0,0
2,1,0,0,0,0,6,4,3,1,2,2,7,-1.972,0,1,6,3,0.824,-1.523,0.0,5,-0.392,5,2,0.937,6,7,0.93,2.41,2,-0.987,6,-0.313,1.0,1.86,0,4,4,-1.077,3,4,0,3.807,6,6,7,0
2,5,4,5,0,5,2,7,5,7,1,5,3,1.602,3,7,6,7,2.55,4.101,0.0,4,3.023,0,2,3.122,3,1,1.679,2.84,6,-0.48,4,2.689,2.0,5.69,7,5,6,4.833,0,1,3,1.605,0,1,0,0
7,6,7,1,0,0,3,3,7,1,2,4,2,-0.294,3,2,3,6,1.462,5.761,0.0,6,1.105,5,2,2.356,6,5,0.158,5.06,6,0.704,1,1.541,1.0,4.64,6,0,1,0.091,3,7,5,3.669,4,1,2,0
2,1,3,7,0,1,6,1,3,1,1,1,1,-0.908,1,3,6,0,1.017,1.874,0.0,3,-1.088,3,5,-1.088,0,0,0.085,3.06,1,0.528,6,0.603,1.0,2.93,2,7,1,-1.04,4,7,2,1.828,0,6,5,0
0,1,4,4,0,2,3,0,6,5,3,5,0,1.957,6,5,6,7,0.514,-1.843,0.0,1,1.932,2,0,0.797,6,1,3.342,6.34,0,1.065,1,1.05,1.0,5.97,1,0,4,1.875,2,0,5,1.61,6,4,3,0
5,3,4,6,0,5,0,3,2,2,0,2,4,-0.352,5,7,3,3,0.431,-3.666,0.0,0,2.074,1,3,0.307,6,2,0.783,2.14,7,-0.35,1,0.417,0.0,6.45,1,7,1,1.797,7,1,4,-2.231,7,0,6,0
0,6,7,1,1,5,2,6,6,2,7,4,0,7.543,6,2,4,1,3.219,5.532,0.0,0,2.642,4,1,3.019,1,5,3.926,3.97,2,-0.791,1,2.772,2.0,3.95,4,3,0,4.386,4,6,2,2.133,1,5,5,0
5,5,6,6,0,2,2,2,7,7,1,2,0,0.856,4,2,5,3,1.423,1.407,0.0,2,-0.166,2,5,4.934,0,1,0.484,3.37,0,-1.885,5,1.67,1.0,5.11,6,6,0,2.532,6,0,0,3.514,2,0,4,0
6,0,5,2,0,1,3,1,7,0,0,2,4,0.664,5,0,2,3,1.059,0.828,0.0,6,-0.286,0,0,-1.027,3,1,1.548,3.68,0,0.281,6,0.569,0.0,1.1,7,5,4,-0.556,2,4,4,-1.84,4,0,3,0
2,4,2,5,0,3,4,1,2,2,2,6,5,2.52,6,2,2,5,1.095,-0.659,0.0,4,-0.059,6,5,4.502,3,3,1.862,3.33,5,-0.866,1,0.606,0.0,5.08,5,7,5,-1.105,2,3,2,0.204,0,3,2,0
1,4,0,5,0,5,6,1,7,6,3,1,6,4.424,1,7,7,0,2.099,-0.488,103.47,3,1.53,6,1,5.102,2,0,0.87,3.85,6,0.339,3,1.034,1.0,9.23,1,0,3,0.381,0,5,4,2.136,0,4,6,1
6,0,5,1,1,1,1,2,7,1,5,6,1,6.589,6,6,7,0,2.4,-1.164,0.0,0,2.427,1,5,0.982,2,4,1.89,4.03,7,-0.402,4,4.025,1.0,3.68,7,3,6,3.734,1,2,5,3.83,6,1,7,0
6,4,4,7,1,1,3,2,0,7,6,3,1,4.874,1,2,5,5,4.327,2.424,410.44,2,3.181,1,4,6.62,5,5,3.032,2.62,1,-0.622,6,4.686,3.0,6.21,1,1,6,4.98,1,1,1,0.534,2,1,1,1
3,5,1,2,0,1,6,4,1,1,2,0,0,3.365,0,6,7,3,0.144,-1.677,0.0,4,-0.762,7,3,1.83,3,1,-0.772,1.82,0,-0.806,7,0.353,0.0,4.23,7,6,3,2.023,6,3,0,1.471,0,7,1,0
3,2,2,4,0,2,4,3,1,2,3,3,6,0.775,1,7,5,2,1.358,-3.126,0.0,7,0.554,7,0,-1.941,5,4,3.13,3.59,3,1.571,1,1.482,2.0,3.42,7,3,1,-0.068,4,7,0,3.245,4,0,0,0
4,0,0,1,0,7,4,3,3,5,7,7,5,0.98,4,7,3,4,0.84,1.989,0.0,5,0.627,5,2,2.17,0,6,-0.567,3.69,0,0.606,6,1.244,0.0,3.82,6,5,1,-0.499,3,0,2,-3.572,5,3,7,0
7,7,0,7,1,7,6,4,7,1,0,1,5,9.313,2,0,3,3,5.224,8.423,132.66,7,4.329,0,0,11.419,2,3,6.766,4.89,5,1.356,5,5.269,4.0,7.77,7,0,0,6.615,0,3,4,2.905,1,1,7,1
5,4,5,0,0,4,1,3,5,2,0,6,4,0.738,7,0,4,7,1.446,2.611,0.0,5,2.095,7,4,1.644,7,2,0.299,1.8,1,-0.289,6,2.582,0.0,3.99,6,2,4,-1.518,6,0,6,0.554,6,1,6,0
2,0,7,0,0,2,1,2,4,0,7,6,4,3.557,2,6,0,4,2.354,4.31,0.0,4,2.1,1,5,-0.316,6,6,1.707,2.64,3,1.21,5,1.049,1.0,3.68,6,0,4,-2.241,6,6,5,-0.212,7,0,4,0
2,5,5,0,0,2,0,2,3,1,4,6,1,2.286,4,1,2,1,-0.031,0.578,0.0,3,1.696,3,4,0.778,7,6,2.691,2.02,6,0.453,0,0.795,0.0,3.23,0,6,2,-0.745,0,4,3,4.28,4,4,7,0
3,1,4,7,1,4,7,5,3,7,3,1,4,10.268,6,0,3,5,9.69,9.893,837.44,4,9.712,3,1,8.75,3,5,8.535,2.11,6,1.518,7,8.26,5.0,8.43,5,4,1,6.056,0,7,3,10.072,1,1,5,1
7,7,2,4,0,4,3,1,5,7,4,6,3,-0.017,4,6,0,6,0.034,2.798,0.0,5,0.945,1,0,3.996,7,3,0.153,5.5,3,-0.973,1,0.799,0.0,0.01,5,7,5,2.046,5,2,1,1.414,0,2,5,0
4,2,3,7,0,2,7,5,6,2,3,0,3,5.058,7,0,3,4,1.17,1.76,0.0,5,0.531,6,4,2.832,2,2,0.052,4.69,6,0.176,4,1.875,-0.0,4.31,3,7,4,2.503,7,5,2,2.116,7,4,5,0
3,0,5,2,0,0,0,5,4,4,1,4,0,1.297,6,2,1,3,0.657,1.893,0.0,3,5.384,2,5,-1.613,0,0,-0.253,3.81,2,-0.762,0,0.666,1.0,5.26,2,3,7,-0.544,0,1,3,3.221,1,6,2,0
7,5,1,6,1,1,5,1,5,7,0,4,2,3.656,6,1,2,4,2.738,2.926,63.56,1,1.414,3,6,5.125,0,6,1.174,4.49,4,-1.319,0,2.75,2.0,6.82,1,7,4,3.646,1,4,0,1.839,2,1,5,1
6,3,2,7,0,3,5,7,1,7,0,2,7,0.58,6,4,7,4,0.256,-0.95,0.0,1,0.269,6,3,1.274,2,7,-0.371,1.74,7,-0.434,4,-0.003,0.0,2.68,3,7,1,0.216,1,4,7,2.136,1,6,0,0
1,1,7,0,1,4,6,0,7,3,0,3,5,6.486,0,5,4,1,4.224,3.759,0.0,4,3.464,7,1,8.979,6,5,2.293,2.03,0,1.349,0,2.878,2.0,2.95,1,7,2,6.426,5,4,3,3.379,6,4,4,0
0,2,6,4,0,7,2,5,0,1,7,7,4,-1.829,6,6,4,7,0.712,2.052,0.0,5,0.726,3,2,1.342,5,0,0.368,2.73,1,3.047,5,0.595,-0.0,4.18,4,1,1,-0.064,2,5,7,1.604,4,1,1,0
5,4,4,3,0,6,7,5,4,2,4,1,2,1.384,1,4,5,6,2.134,2.88,0.0,2,1.251,3,7,-0.408,4,1,1.857,1.91,2,-0.505,7,1.82,0.0,1.62,3,1,6,0.469,6,7,6,1.687,0,4,7,0
4,1,4,1,0,7,3,7,1,4,5,0,5,2.178,6,0,0,3,0.378,3.283,0.0,1,-0.017,6,7,1.426,2,6,3.073,3.83,7,-0.529,3,1.558,0.0,7.28,3,6,1,-0.141,7,0,6,0.414,5,6,0,0
6,2,2,4,0,5,2,6,1,7,0,5,1,1.94,7,7,4,7,0.238,-1.265,0.0,2,1.221,5,4,0.998,7,5,1.803,2.09,1,1.237,0,-0.046,0.0,4.66,6,1,4,-0.474,1,6,2,-0.047,2,7,4,0
5,6,4,6,1,5,4,7,3,7,5,3,6,4.122,1,2,0,1,4.547,2.448,0.0,1,3.509,1,5,3.296,5,7,3.996,3.81,5,0.738,1,4.819,3.0,5.88,3,5,1,6.478,0,2,7,3.252,5,3,0,1
0,5,4,3,0,3,3,6,4,1,6,5,7,3.387,0,6,0,2,1.669,0.916,80.69,7,1.744,3,1,2.645,7,1,0.235,6.0,4,-0.108,3,0.699,1.0,6.61,5,2,7,4.271,3,1,1,4.382,5,2,6,1
1,0,1,7,0,0,2,3,4,4,5,0,0,-3.554,2,4,1,7,-0.23,1.476,0.0,1,-0.631,5,3,-2.272,4,6,0.131,2.25,5,0.759,3,0.326,0.0,7.01,3,3,3,-2.283,3,5,4,3.212,2,6,6,0
6,4,1,6,0,1,4,6,1,7,1,0,1,-1.62,4,1,1,4,0.434,-0.427,0.0,2,-0.568,1,6,1.808,1,2,3.056,3.36,0,1.0,2,1.286,-0.0,6.09,5,0,7,-0.745,0,7,6,0.984,1,7,4,0
2,3,6,2,0,4,4,2,7,2,0,7,4,5.103,2,7,0,7,2.645,3.766,302.62,5,4.042,3,4,1.824,1,4,0.523,6.58,6,-0.763,7,2.53,1.0,8.19,3,2,0,0.612,0,0,7,4.875,3,2,0,1
5,4,1,0,0,2,7,2,2,4,7,1,4,2.292,6,0,2,5,1.09,0.876,0.0,5,-0.487,3,7,-0.482,3,2,1.005,3.72,1,-0.622,7,1.547,0.0,3.73,0,1,1,1.538,5,7,1,5.712,2,7,0,0
6,5,5,4,0,5,2,7,2,4,3,6,3,2.515,1,6,4,3,0.301,0.734,0.0,5,0.251,5,7,0.592,5,3,1.182,4.31,0,-0.135,4,-0.053,1.0,4.4,4,7,3,0.952,6,2,0,1.18,0,3,4,0
0,4,1,6,1,1,4,7,1,5,7,1,2,7.838,6,2,4,3,3.347,1.238,0.0,4,2.758,7,4,2.683,5,7,4.912,2.33,5,-1.04,5,2.97,2.0,6.9,6,5,3,5.7,3,0,5,0.53,4,6,7,0
2,6,6,2,0,7,2,1,0,3,7,4,6,1.761,6,7,7,4,1.803,3.555,0.0,3,0.65,7,1,1.866,1,2,1.45,0.67,1,0.208,3,1.715,1.0,4.93,0,7,2,1.234,7,0,6,-0.153,5,4,5,0
7,0,5,7,0,6,6,2,7,5,0,1,7,5.422,4,3,0,7,0.693,-0.939,0.0,6,-0.406,0,7,3.224,1,1,-0.579,2.34,3,-0.203,6,1.487,-0.0,-0.11,1,1,1,-0.885,2,7,5,3.58,4,1,3,0
1,5,0,7,0,1,0,7,4,0,0,0,2,-0.406,4,7,7,7,-0.105,-0.381,0.0,5,-1.502,4,5,0.425,6,2,-0.018,4.51,6,-0.626,2,-0.298,-0.0,0.87,2,1,5,-0.147,5,1,2,1.539,2,0,1,0
0,1,3,5,0,7,5,0,0,4,5,5,2,-5.246,2,7,4,4,0.121,0.481,0.0,0,0.611,4,0,1.094,2,3,1.124,2.1,3,1.287,3,1.199,1.0,5.09,0,7,2,-1.236,3,2,7,-3.049,4,6,7,0
4,1,5,6,1,2,1,1,0,2,0,6,4,1.457,6,0,4,5,1.926,3.722,0.0,5,2.007,4,0,0.051,0,3,1.719,4.64,5,-0.586,7,1.882,1.0,3.33,3,3,7,2.387,3,5,1,3.393,5,3,1,0
0,6,6,3,1,0,5,1,2,1,1,2,2,7.245,3,3,1,3,7.746,7.356,0.0,1,7.475,7,0,6.15,3,5,6.451,4.06,4,-0.98,4,6.957,4.0,7.15,5,3,3,6.204,5,1,5,11.564,5,6,5,1
4,1,3,1,0,3,3,3,4,6,3,0,1,1.035,5,0,2,2,1.572,5.206,0.0,0,2.541,0,1,0.381,2,7,0.625,3.54,2,0.225,4,1.187,1.0,5.92,2,4,6,-3.853,4,7,6,0.217,2,4,7,0
2,1,4,5,1,7,3,1,0,5,1,2,4,5.451,4,4,3,3,3.353,7.591,369.12,7,3.717,5,7,-0.069,4,6,6.031,2.21,5,0.513,1,3.888,3.0,5.05,3,6,2,4.644,2,5,1,4.54,7,1,0,1
5,7,1,3,0,4,3,7,2,4,0,4,3,1.47,6,6,0,6,1.196,1.751,0.0,5,-0.112,7,1,0.984,7,1,1.329,1.75,6,-0.475,1,2.004,1.0,4.42,5,2,7,-1.665,5,3,2,-1.969,5,6,0,0
3,6,6,1,1,1,4,3,0,6,4,5,7,6.118,5,0,6,6,3.468,3.838,888.48,0,3.155,0,0,5.768,2,3,3.908,4.76,1,0.021,1,4.386,2.0,7.34,7,3,5,2.006,2,6,5,4.961,4,5,4,1
6,3,5,7,0,2,3,1,7,0,7,6,7,1.375,4,4,5,3,0.622,2.743,0.0,5,0.969,6,3,1.379,5,5,-0.307,4.98,5,-1.575,7,0.696,0.0,6.53,0,7,4,-1.701,5,5,7,3.748,0,7,0,0
5,5,7,0,0,2,7,4,0,0,4,4,3,1.186,2,0,0,5,1.615,1.566,0.0,0,0.964,1,3,1.126,5,2,2.31,2.18,4,1.446,0,1.32,-0.0,1.82,7,4,7,3.834,0,5,4,-4.419,6,3,1,0
0,4,6,5,0,1,0,4,1,1,7,0,7,3.469,1,3,7,2,-0.125,1.445,0.0,5,-0.494,7,3,-1.044,3,6,1.031,3.57,5,-0.721,4,1.292,-0.0,1.56,1,1,3,-2.071,7,4,0,-0.875,1,3,6,0
5,2,2,3,0,0,6,2,3,6,7,4,7,1.731,7,3,4,7,1.109,-0.592,0.0,2,1.26,4,1,-2.014,1,3,-0.813,3.01,7,0.534,4,1.552,1.0,1.32,3,4,5,2.773,1,6,4,2.086,0,6,6,0
3,7,5,2,0,7,6,6,6,4,4,2,4,-1.142,5,2,2,2,2.062,-0.202,0.0,4,-0.26,2,3,0.47,3,6,2.179,4.07,5,-0.524,5,1.574,1.0,4.24,5,1,7,1.339,1,7,6,6.294,4,2,5,0
0,1,2,4,0,3,4,6,5,7,6,3,1,2.468,0,6,3,2,0.903,-1.004,0.0,6,0.558,0,3,1.526,1,7,3.106,3.09,1,0.421,1,0.173,1.0,2.95,4,6,0,-3.236,7,3,4,-0.17,4,0,0,0
1,1,0,4,0,0,1,1,6,7,1,2,0,0.665,6,0,6,4,0.765,1.011,0.0,0,0.836,3,4,-1.356,7,7,0.845,3.85,3,0.131,0,1.634,0.0,2.47,1,1,5,-0.871,6,4,3,1.695,7,4,4,0
1,3,3,1,0,6,2,3,7,0,6,2,6,2.166,7,5,6,7,0.336,-0.522,0.0,6,-0.059,2,3,1.156,6,0,0.018,3.83,2,0.483,1,1.015,1.0,4.9,5,7,5,4.843,5,6,2,1.248,4,1,5,0
2,0,3,6,0,3,0,6,1,7,6,5,7,7.39,3,5,2,7,2.313,4.5,0.0,1,2.332,7,5,-0.575,2,0,1.871,1.95,3,-1.584,2,2.092,2.0,5.5,4,4,6,3.184,2,1,5,5.296,2,5,6,0
0,0,4,5,0,5,2,7,1,1,0,5,5,2.952,5,5,3,7,1.154,2.354,0.0,4,1.872,6,2,1.411,2,2,0.885,1.34,2,0.204,7,0.114,1.0,2.49,3,6,3,1.557,5,4,2,1.677,1,0,1,0
0,1,0,7,0,3,4,0,3,1,4,7,5,0.706,2,2,1,4,2.205,1.203,0.0,1,2.49,0,0,1.139,7,5,1.067,2.38,0,-0.762,0,1.552,1.0,4.81,5,6,1,1.604,3,0,4,2.209,0,7,5,0
0,7,7,4,1,6,1,0,0,2,0,0,2,1.064,1,3,0,2,2.661,1.306,894.73,2,2.457,1,5,5.445,3,7,3.338,5.25,1,-0.132,2,3.872,2.0,6.71,4,1,1,4.182,5,2,6,-2.093,2,6,1,1
2,0,0,4,0,4,3,4,3,7,7,6,2,-0.483,7,3,3,4,0.636,-0.897,0.0,6,-0.194,4,3,2.829,3,0,1.12,2.64,3,-1.842,2,-0.039,0.0,1.7,6,1,1,-2.076,6,6,3,1.257,6,6,1,0
7,5,5,1,1,3,1,4,1,7,7,3,6,4.933,1,3,5,4,2.797,5.173,0.0,5,4.65,6,0,5.267,4,6,4.167,6.75,4,1.486,0,3.137,1.0,2.87,3,5,1,-0.79,3,2,3,1.575,2,1,4,0
4,1,3,6,0,7,1,3,3,2,2,5,3,-0.339,0,0,4,1,2.043,1.639,0.0,3,0.514,0,6,2.254,0,3,1.461,3.09,1,0.091,7,1.805,1.0,4.62,1,4,3,1.464,5,6,7,3.268,1,7,4,0
5,4,6,4,0,1,5,2,4,7,2,4,3,3.998,3,5,0,4,1.296,2.563,0.0,0,0.077,2,2,-0.143,0,7,1.694,0.89,5,0.703,5,2.093,1.0,5.36,4,3,6,-0.935,1,2,6,2.36,2,2,2,0
1,0,5,4,0,1,7,4,7,5,4,2,4,1.483,0,0,4,0,1.579,-0.404,815.97,3,-0.151,2,3,-1.484,4,2,3.632,4.31,4,1.007,6,1.964,1.0,9.14,1,4,1,2.005,3,5,4,2.362,5,0,7,1
5,0,3,2,0,1,4,4,5,2,7,6,2,-0.207,3,6,4,4,2.343,3.483,0.0,2,0.795,6,1,1.942,1,7,1.425,2.44,6,-1.683,6,3.015,1.0,2.93,0,4,3,4.127,1,3,0,3.816,7,4,6,0
2,3,7,3,0,0,5,5,4,6,0,0,3,3.266,6,3,2,6,2.121,-0.463,0.0,1,1.601,3,4,0.718,0,7,1.698,0.82,2,-0.513,5,1.529,0.0,4.58,5,5,1,0.767,2,3,2,1.849,7,3,2,0
1,1,2,0,0,5,5,3,6,1,7,4,5,6.268,5,6,2,3,2.177,4.293,0.0,0,2.014,0,6,3.688,1,1,0.725,3.11,0,-0.714,3,2.138,2.0,3.8,4,5,2,4.677,0,0,5,0.895,6,2,1,0
1,6,4,5,0,7,2,6,3,1,4,4,5,1.247,0,6,2,3,-0.045,0.305,0.0,4,1.165,7,3,-0.702,6,2,-1.493,7.94,1,-0.032,4,-0.156,0.0,5.89,6,0,2,0.496,3,1,4,2.386,2,2,6,0
7,6,3,3,0,7,4,1,3,5,4,4,7,3.774,1,6,6,0,0.926,0.529,0.0,0,0.273,7,5,-0.976,3,5,2.58,2.03,7,-0.438,5,0.555,-0.0,4.85,4,2,2,0.085,7,5,1,-0.179,3,4,6,0
6,0,1,5,0,2,5,3,5,3,0,2,6,3.158,4,0,2,5,1.681,3.297,0.0,2,1.625,3,4,-0.26,4,3,2.105,4.63,2,-2.025,0,1.668,0.0,3.02,6,1,5,4.665,2,2,2,0.952,0,7,2,0
0,1,3,4,0,4,5,5,3,2,0,2,5,1.28,1,3,0,3,1.798,4.535,0.0,3,1.997,6,2,4.174,6,1,2.752,0.95,4,-1.095,7,2.814,1.0,3.39,4,3,4,-1.616,3,2,4,3.21,5,4,5,0
6,4,6,2,0,5,5,2,3,7,5,2,4,6.521,7,2,6,3,-0.465,3.197,0.0,7,-0.876,4,2,0.979,4,5,3.188,3.09,1,0.154,5,0.242,0.0,6.6,1,5,7,-2.376,0,7,0,1.84,5,2,3,0
2,5,5,2,0,3,0,0,4,4,4,5,0,2.201,5,1,3,1,2.778,6.699,0.0,6,2.679,7,5,1.347,2,7,3.277,4.29,3,2.57,0,2.092,1.0,3.0,0,3,7,2.204,1,5,5,5.455,4,4,5,0
0,6,4,5,0,5,0,4,7,3,4,7,1,7.619,5,4,7,1,2.207,3.579,0.0,5,2.764,5,7,2.781,5,7,4.162,1.27,5,-0.055,6,2.281,1.0,8.64,3,2,7,5.282,2,4,2,3.695,3,1,7,0
1,3,4,0,1,3,0,7,1,0,1,1,1,5.218,5,2,2,2,3.964,2.188,200.73,6,2.965,2,3,5.048,3,5,0.595,4.34,3,-1.593,7,3.094,2.0,6.92,3,5,7,2.937,3,3,4,5.064,3,2,6,1
2,7,3,1,1,0,0,3,6,7,3,0,3,4.514,1,6,3,5,3.377,3.963,734.9,4,3.909,6,0,2.424,6,4,6.475,5.7,3,1.353,6,4.448,2.0,7.49,6,0,3,1.142,3,7,0,6.857,3,0,2,1
0,7,5,1,0,3,2,2,4,7,2,7,6,1.864,6,1,7,3,1.612,2.527,0.0,0,1.037,7,6,-0.909,3,4,1.769,4.75,4,0.669,6,2.878,1.0,2.76,6,1,2,0.277,0,7,2,7.026,4,1,1,0
7,7,4,7,0,0,7,5,2,4,1,7,7,2.857,0,1,1,5,2.088,-0.784,0.0,3,-0.184,7,7,1.991,7,3,3.406,3.44,7,-0.498,5,1.991,2.0,6.98,5,0,5,-0.24,0,7,3,-0.291,7,4,0,1
4,1,0,4,0,5,3,0,4,5,5,6,6,0.72,0,1,6,1,0.614,-0.052,0.0,7,0.179,6,7,0.646,7,7,-0.661,1.38,0,0.201,3,-0.233,-0.0,6.12,3,0,2,2.359,6,2,6,-1.276,5,6,2,0
6,0,3,5,0,7,3,7,7,6,3,1,1,5.114,0,0,5,5,0.283,0.854,0.0,5,1.657,6,2,2.049,6,2,1.645,5.24,0,2.332,6,0.813,0.0,0.39,6,4,3,1.788,0,5,6,4.919,7,5,7,0
6,2,1,4,0,7,0,5,7,3,6,6,6,-1.528,3,1,6,7,1.217,3.167,0.0,2,0.239,7,7,-1.358,5,2,1.314,1.33,6,-1.506,5,1.329,0.0,6.27,0,4,4,2.143,3,3,3,-1.092,6,0,5,0
3,2,2,2,1,0,2,5,2,4,1,2,5,3.238,7,5,4,1,1.967,3.835,0.0,5,2.722,2,2,4.557,4,0,1.472,3.41,4,0.4,3,3.57,2.0,4.93,2,1,1,3.447,0,6,7,4.366,3,7,3,0
7,6,1,3,0,6,6,3,3,6,2,3,1,-1.486,0,1,1,6,0.539,1.441,0.0,4,-0.667,0,6,0.327,0,0,-1.308,2.46,7,-0.342,1,0.466,-0.0,4.11,6,2,3,0.444,7,5,7,-1.34,6,0,0,0
4,3,1,1,0,5,4,1,7,5,5,1,3,-2.159,2,2,4,7,1.758,0.46,0.0,2,1.541,2,2,2.4,0,1,3.087,0.95,6,0.41,7,2.076,1.0,5.29,7,2,5,4.202,7,0,7,-1.56,3,0,0,0
1,2,4,6,1,7,3,0,5,2,6,0,3,2.145,3,4,7,3,2.087,4.07,0.0,0,3.345,1,0,2.901,5,7,3.826,4.94,4,-0.54,7,2.959,2.0,2.65,2,6,5,1.008,7,2,3,4.079,7,4,0,0
2,7,5,5,0,6,3,3,5,6,4,2,0,1.656,7,4,1,2,0.698,-2.392,0.0,2,3.57,2,1,-0.181,5,7,0.867,4.69,4,0.827,3,0.231,1.0,5.15,0,0,1,-0.285,1,2,0,-0.242,5,5,7,0
7,3,1,5,0,2,1,5,2,7,6,3,3,-1.961,7,7,7,2,0.829,-0.438,420.62,3,2.648,6,3,-1.905,2,2,2.745,3.1,2,-0.304,5,0.625,1.0,7.6,0,6,5,3.181,1,1,4,-0.852,5,6,3,1
1,4,2,0,0,6,0,7,0,4,7,2,5,-1.256,2,6,5,0,0.702,1.374,0.0,3,0.288,7,7,-1.082,2,7,-1.836,3.8,5,-1.95,6,0.944,1.0,5.88,3,7,3,0.622,6,7,4,-0.292,3,1,3,0
1,1,5,2,1,6,3,5,0,0,1,3,4,5.187,5,6,4,6,4.299,5.627,0.0,6,5.316,3,4,5.585,0,4,6.878,2.97,7,0.467,2,5.458,2.0,3.41,3,7,0,0.967,7,0,4,0.776,3,4,5,0
1,3,5,1,0,7,2,4,3,6,0,1,5,-2.824,1,3,3,7,1.177,0.717,0.0,7,0.927,2,1,-0.197,3,6,-0.276,2.34,7,-0.364,3,1.167,0.0,4.28,7,0,4,1.769,2,6,4,2.766,4,1,2,0
7,1,3,0,0,5,0,2,3,4,4,3,6,2.102,0,5,2,0,0.962,-1.065,0.0,5,0.969,0,5,1.122,3,4,-0.907,3.29,2,-1.456,7,1.93,1.0,6.68,1,5,7,-0.034,1,4,0,1.019,7,7,5,0
4,1,6,0,1,2,4,1,6,2,4,7,0,2.457,0,1,1,1,3.266,4.207,0.0,6,4.386,3,5,2.598,3,5,4.416,2.61,1,-0.594,7,2.418,1.0,5.61,4,5,2,5.858,2,3,4,3.238,3,1,6,1
7,0,6,5,0,7,6,4,5,6,5,4,2,-0.366,6,0,2,4,1.59,5.746,0.0,5,2.475,3,4,1.414,0,5,0.525,1.67,5,0.214,6,1.226,1.0,2.7,2,7,2,3.054,1,5,6,4.283,3,1,4,0
2,5,2,4,0,2,6,4,2,2,3,2,3,1.516,2,3,4,6,1.83,0.549,0.0,6,0.149,0,1,2.624,2,1,0.646,2.65,0,-1.347,1,2.119,1.0,4.4,6,6,5,0.019,6,5,1,-2.179,7,5,6,0
1,1,3,3,0,1,3,0,2,1,1,6,1,3.169,2,4,2,6,0.555,0.443,0.0,3,0.611,1,1,0.648,1,1,0.786,1.92,0,0.342,3,0.2,0.0,4.84,3,0,5,2.903,0,0,4,0.051,2,5,3,0
0,5,3,7,0,6,4,5,0,0,1,2,6,-3.278,3,2,3,3,1.12,2.081,0.0,6,3.836,2,2,3.878,7,1,0.521,0.1,6,0.599,0,0.649,1.0,1.94,2,4,1,2.721,4,3,7,0.302,0,5,6,0
6,3,3,0,1,6,1,7,0,0,7,1,6,3.081,4,2,0,5,2.939,-0.618,0.0,4,2.379,7,0,3.336,7,5,3.426,4.73,5,-0.078,0,2.303,2.0,1.46,2,5,0,5.776,4,2,1,3.132,6,6,2,0
1,3,6,7,0,5,6,7,1,3,7,0,3,2.36,6,6,5,1,0.198,-0.118,0.0,1,0.815,5,6,2.85,2,4,2.679,3.92,3,0.267,5,2.33,0.0,2.12,0,3,4,0.942,4,0,7,2.487,3,2,7,0
3,0,4,1,1,0,2,3,5,1,0,5,0,1.904,6,1,1,7,3.439,1.383,0.0,7,3.277,2,2,3.327,6,7,5.731,4.24,2,0.686,4,3.341,2.0,6.44,1,5,5,2.221,7,5,5,0.575,0,6,7,1
7,1,4,0,1,6,6,1,2,0,2,2,7,5.152,0,1,3,1,4.937,7.715,0.0,6,7.406,6,1,2.692,6,1,5.691,3.97,0,0.54,5,4.377,3.0,4.11,7,7,6,5.887,2,7,1,2.842,0,2,4,1
2,3,5,7,0,1,7,0,6,4,6,3,1,1.392,5,5,0,4,1.045,0.107,0.0,2,2.9,4,3,4.762,7,3,2.456,4.24,0,0.737,1,1.831,2.0,6.28,3,4,0,2.262,0,3,1,-1.95,6,0,6,0
6,0,0,3,0,3,5,6,5,6,1,2,4,-2.436,6,7,6,4,0.918,1.76,0.0,4,1.967,5,6,-0.296,6,3,0.957,2.36,4,0.463,0,1.315,0.0,3.72,5,4,2,0.644,2,7,1,-2.663,5,2,4,0
4,4,3,4,0,7,4,1,1,1,2,3,2,4.032,3,0,0,7,2.021,3.808,0.0,4,1.222,7,0,2.273,2,6,2.778,4.17,5,0.735,0,1.817,1.0,3.18,2,3,2,0.236,3,2,7,0.564,7,2,7,0
1,5,7,7,1,4,7,3,0,6,2,7,1,3.281,4,6,7,6,2.32,0.465,0.0,1,-0.221,6,2,-0.472,0,4,2.501,3.51,2,-0.233,6,2.216,1.0,4.14,5,5,2,2.3,2,3,0,3.087,7,6,5,0
4,2,7,3,0,5,2,7,3,7,4,6,1,2.428,3,7,3,4,0.041,-3.528,0.0,4,1.802,0,7,0.429,2,2,0.918,0.93,0,0.034,4,-0.368,-0.0,7.35,4,1,7,-0.089,1,1,0,1.236,5,4,4,0
3,2,4,6,0,7,1,4,7,7,2,7,0,2.947,5,4,1,0,1.472,0.902,0.0,4,3.169,1,6,3.223,6,0,2.661,1.47,5,-2.207,5,0.898,1.0,5.47,4,3,6,-2.663,5,6,2,1.336,7,0,1,0
7,4,6,7,0,0,7,3,0,1,5,2,4,-0.888,1,7,5,1,0.549,1.125,0.0,6,-0.391,3,1,-2.204,2,3,0.122,3.14,6,-0.956,5,0.027,0.0,5.88,2,6,2,-0.13,4,6,1,1.062,7,0,2,0
0,2,5,0,0,4,2,6,0,3,3,3,1,-2.938,7,7,7,2,0.868,-1.465,0.0,0,1.693,0,2,-3.409,5,3,4.146,2.65,3,-0.882,2,0.779,0.0,3.98,2,0,0,2.051,7,2,2,-1.392,6,7,5,0
7,4,7,3,0,7,5,2,5,3,0,6,6,3.907,0,3,2,5,0.391,0.994,0.0,6,0.458,7,1,1.139,3,0,0.626,1.03,6,-0.506,4,0.619,0.0,1.59,3,6,2,-1.905,6,3,5,1.284,4,4,4,0
5,6,0,6,0,6,3,0,6,5,2,0,5,2.431,7,5,7,6,-0.019,-1.424,0.0,7,0.335,5,7,-0.884,0,5,-2.937,0.89,7,0.38,5,1.049,0.0,7.26,2,2,2,5.521,7,6,7,-1.786,5,1,0,0
6,2,7,0,0,2,7,7,5,6,0,0,4,1.922,3,2,6,7,1.52,-0.966,0.0,4,0.832,0,4,3.246,7,3,0.312,2.94,1,0.263,6,1.789,1.0,5.93,1,1,0,2.626,6,1,3,0.597,4,1,2,0
2,0,6,2,1,3,3,0,0,2,1,3,1,1.764,4,7,3,4,1.111,0.168,0.0,0,0.284,6,4,3.036,2,4,3.927,3.86,4,0.432,7,0.971,1.0,4.6,3,5,6,-0.678,2,2,2,2.04,2,7,4,0
7,7,2,0,0,2,4,6,3,1,2,7,0,0.365,7,5,1,3,1.749,2.523,0.0,2,-0.446,7,3,2.156,0,2,3.126,1.15,1,0.453,3,0.442,2.0,5.42,0,0,1,-0.349,3,4,5,3.298,4,0,3,0
0,1,2,7,0,4,5,2,5,1,3,2,4,0.517,1,2,3,1,0.413,-4.376,0.0,5,-0.057,7,7,2.196,5,2,4.038,2.64,0,-0.318,6,1.308,1.0,5.2,1,4,1,0.714,4,7,0,-0.454,0,7,7,0
0,3,5,3,0,0,4,6,2,2,2,3,5,-0.817,3,1,7,7,-0.111,1.341,0.0,2,-0.957,0,0,0.323,3,6,-4.188,2.05,0,0.504,1,-0.114,0.0,5.39,6,7,3,2.591,7,0,2,1.481,6,4,6,0
5,0,7,3,0,6,2,6,2,1,2,7,0,-0.32,3,2,2,5,0.79,3.635,0.0,4,0.598,5,7,1.474,2,0,0.212,2.15,3,-0.378,7,0.706,-0.0,7.43,0,6,7,-2.471,3,7,4,-4.102,6,3,5,0
0,0,4,7,0,3,7,5,2,4,4,2,7,-1.86,3,1,2,2,1.755,2.383,0.0,2,1.89,2,7,-1.268,1,1,4.868,7.21,1,0.343,5,1.591,1.0,2.48,2,0,3,-1.418,7,3,3,-4.59,4,2,0,0
0,1,1,2,0,3,4,0,4,3,1,3,1,2.582,7,3,7,7,0.276,0.404,0.0,5,-0.521,4,6,1.967,0,6,-1.509,3.97,4,-1.95,4,0.528,0.0,2.62,6,1,3,3.63,7,4,4,-0.903,3,5,3,0
6,5,7,6,1,3,6,0,5,3,5,2,7,8.522,3,7,4,4,5.25,6.897,201.16,5,5.6,1,2,2.244,3,1,4.027,2.48,5,0.863,4,6.821,3.0,6.95,0,2,4,4.751,6,5,4,4.084,7,0,5,1
7,0,3,7,0,6,6,7,6,1,2,1,3,-0.3,1,2,7,6,-0.164,2.444,0.0,1,-0.798,6,3,3.405,7,6,0.988,3.89,0,-0.168,7,0.772,0.0,3.48,4,4,1,-3.012,6,0,7,0.933,4,1,1,0
1,3,3,7,0,7,6,6,2,4,4,1,2,-0.907,0,5,4,0,0.928,3.103,0.0,6,-0.381,5,1,1.91,2,2,0.874,3.77,6,1.254,4,0.837,0.0,2.99,1,5,1,1.633,0,5,5,-1.008,0,3,7,0
6,2,2,5,1,0,6,5,1,7,4,0,6,-0.323,6,4,5,3,1.995,7.136,0.0,3,1.259,2,6,6.357,7,1,1.919,4.57,2,-1.106,7,2.045,1.0,6.65,3,2,3,1.035,3,0,6,2.324,3,6,0,1
6,4,5,1,0,0,0,6,0,4,7,7,0,1.001,2,1,5,5,0.946,1.476,0.0,5,2.742,7,6,2.62,2,7,1.053,4.5,1,-0.008,7,0.359,1.0,2.96,5,2,5,-0.381,0,4,1,-2.146,0,2,1,0
1,7,2,2,0,4,4,5,0,5,0,2,4,-2.281,0,2,1,3,0.813,2.018,0.0,3,1.082,7,2,4.036,2,2,0.841,1.1,5,-0.04,0,0.375,0.0,6.45,2,0,7,1.616,2,6,2,0.706,4,6,5,0
6,3,1,7,1,3,2,1,3,6,0,3,5,-3.585,2,3,7,5,1.916,3.546,0.0,4,4.039,1,5,3.213,0,0,1.466,2.47,0,-1.879,3,2.598,2.0,3.27,1,1,5,0.577,1,7,2,0.92,1,4,4,0
7,0,7,4,1,1,0,1,0,2,7,4,2,6.285,5,6,6,5,2.708,1.78,0.0,5,0.817,2,2,2.371,7,1,3.163,4.16,4,0.366,6,1.939,2.0,5.97,1,6,7,1.366,1,5,0,0.951,2,1,0,1
7,1,5,2,0,2,7,0,5,4,2,0,7,-3.472,5,0,0,3,0.504,0.621,0.0,6,1.763,4,6,5.485,7,6,0.443,1.6,6,0.453,3,0.246,0.0,4.59,3,4,7,1.936,4,4,2,-1.045,4,1,6,0
1,4,0,6,1,7,6,0,4,1,3,3,5,5.928,7,7,1,3,4.245,4.707,0.0,4,3.145,2,1,4.941,6,7,3.458,4.02,1,1.842,2,2.891,2.0,8.83,5,5,2,3.685,7,5,1,3.567,6,7,0,1
1,1,0,4,0,3,0,2,0,0,2,7,0,-4.347,2,5,6,1,-0.657,4.067,0.0,5,-1.783,5,5,0.154,2,4,-0.283,2.08,5,0.121,2,0.526,0.0,4.67,5,4,1,-4.851,1,4,5,-1.297,7,4,4,0
7,7,6,1,0,1,3,3,6,1,7,3,4,5.193,3,3,3,6,1.416,0.618,0.0,4,1.735,0,5,3.331,5,3,1.619,2.36,1,0.845,5,1.269,1.0,5.03,7,2,1,4.033,3,7,4,-2.968,6,3,5,0
3,1,3,1,0,6,3,1,0,0,5,6,3,1.726,6,1,4,7,2.424,3.143,0.0,6,1.805,1,2,8.261,7,7,-0.328,3.92,4,-0.744,7,1.561,2.0,2.92,0,0,6,4.272,4,1,4,-0.127,1,6,3,0
2,6,5,5,0,0,4,7,2,6,4,1,5,1.981,6,0,0,7,0.322,-3.072,0.0,1,0.434,7,0,-2.523,7,2,2.257,3.54,2,1.423,6,0.242,0.0,2.52,2,5,2,-0.493,4,2,7,3.024,3,6,0,0
5,1,3,7,1,2,2,7,4,6,1,6,1,-0.87,6,6,2,6,2.246,2.815,0.0,3,2.102,4,4,4.322,1,4,2.204,3.9,5,0.984,7,1.898,1.0,3.97,4,5,1,-0.035,4,2,6,3.04,5,2,2,0
7,2,5,4,0,1,5,1,0,5,3,7,6,2.9,5,2,0,4,2.083,-2.085,0.0,7,1.051,5,5,2.031,0,5,1.767,0.93,1,-0.523,1,1.963,1.0,5.11,4,2,6,0.229,0,4,3,2.543,7,0,4,0
0,4,0,0,0,0,7,2,6,5,2,5,1,-1.04,4,6,6,1,2.068,0.162,600.77,1,1.496,2,1,3.274,6,2,1.614,3.64,7,-0.957,6,1.426,1.0,5.38,5,4,5,0.258,2,7,7,2.171,1,6,0,1
1,1,4,4,0,7,2,1,3,7,3,1,0,4.178,7,7,2,3,1.451,4.506,0.0,6,3.687,3,7,6.129,4,0,0.099,5.39,3,0.554,0,1.983,1.0,2.78,4,6,6,0.788,0,2,4,2.961,4,4,1,0
7,2,4,3,0,0,3,2,2,1,5,5,5,1.31,6,2,0,2,0.822,0.634,0.0,2,0.055,6,7,-1.569,6,7,0.692,2.05,1,0.502,4,-0.222,-0.0,2.47,4,6,1,-0.031,1,5,7,0.12,4,5,3,0
2,3,7,5,0,5,0,7,3,5,5,2,2,-0.722,0,1,4,2,0.702,0.758,0.0,6,0.301,0,1,-3.322,4,3,3.83,3.94,7,-0.394,7,0.901,1.0,4.85,0,4,2,0.161,5,1,3,-2.793,1,4,6,0
7,3,6,6,0,4,4,3,6,0,7,4,3,1.83,5,2,7,7,1.109,-0.544,0.0,3,-1.444,4,2,0.153,6,4,0.549,4.23,5,-0.308,1,0.827,1.0,4.63,6,1,6,0.272,3,0,4,4.776,4,5,7,0
0,0,4,0,1,1,0,3,7,7,4,5,6,4.394,5,6,6,3,0.971,5.237,0.0,2,2.236,3,4,-0.047,5,2,-0.334,1.77,5,-0.371,0,1.766,1.0,0.91,4,1,7,-1.021,5,6,0,2.111,1,5,7,0
4,7,6,3,0,0,2,3,5,0,4,0,7,-0.525,1,4,0,5,1.262,-1.156,0.0,6,0.382,4,6,-0.342,2,7,-0.859,3.72,6,0.572,7,1.803,1.0,3.25,4,2,6,-0.486,7,5,3,0.838,3,4,3,0
6,5,0,3,1,3,2,2,6,5,4,6,5,3.384,1,2,7,4,2.043,2.705,0.0,7,2.851,2,6,3.451,6,3,1.792,3.48,3,-0.104,5,2.219,1.0,2.71,6,3,3,3.714,7,4,5,-0.265,3,0,0,0
4,0,2,2,0,6,4,4,4,2,4,6,2,2.198,2,0,3,1,0.497,2.747,0.0,2,-0.163,2,5,3.201,1,5,2.302,2.87,7,1.44,4,0.15,0.0,3.03,6,1,1,2.043,1,2,6,3.31,0,6,6,0
4,5,2,3,0,0,5,1,2,3,3,1,6,3.452,3,1,1,3,1.543,-0.73,0.0,1,2.736,0,4,4.065,1,1,3.609,1.51,3,-1.314,5,0.908,0.0,4.72,3,2,3,1.27,6,6,3,-0.399,5,3,0,0
4,0,1,4,0,4,1,4,4,1,2,0,7,2.587,1,4,3,4,1.787,2.828,0.0,6,2.643,3,2,4.307,7,7,4.285,2.97,0,0.666,7,2.167,1.0,3.88,0,4,6,3.28,7,2,7,0.854,1,3,7,0
0,6,7,2,0,3,1,5,3,7,1,3,4,1.816,7,2,3,5,2.242,1.281,846.94,0,1.513,4,1,1.238,6,5,2.505,6.95,3,-0.011,0,3.154,1.0,9.92,2,1,5,-0.636,4,4,0,2.352,5,0,1,1
7,7,2,5,1,6,0,6,1,1,6,7,6,6.098,6,2,7,6,4.45,3.186,861.11,3,5.238,4,6,1.654,4,4,1.632,1.9,5,1.037,6,4.816,4.0,9.82,1,6,4,4.4,4,4,5,7.664,3,0,7,1
0,4,4,7,0,7,7,4,6,0,0,2,4,3.306,3,1,7,5,1.849,1.214,0.0,0,2.318,1,5,2.42,6,0,-1.095,4.26,0,-2.434,3,0.566,0.0,4.29,4,4,5,-0.838,2,2,7,-4.491,0,3,7,0
5,6,1,4,1,5,3,7,5,5,7,6,0,0.303,4,5,1,1,2.081,1.242,51.39,3,5.079,2,1,4.775,1,3,2.203,5.37,5,0.785,5,2.64,1.0,8.47,7,7,5,-1.033,5,0,0,4.026,6,6,3,1
2,4,7,3,0,4,6,0,4,1,2,4,7,-0.504,0,1,6,6,0.97,-0.511,0.0,2,2.571,4,4,1.006,7,7,3.59,0.41,4,0.391,5,0.549,0.0,3.05,6,4,0,-0.6,2,1,7,2.99,5,3,6,0
2,4,1,5,0,7,3,5,4,5,7,0,1,-0.795,6,5,4,3,0.209,1.793,0.0,6,-1.072,0,1,2.239,1,3,0.688,4.26,2,0.779,5,0.889,0.0,1.5,3,3,5,-2.087,0,0,2,1.126,4,4,1,0
6,5,4,6,0,0,0,4,6,3,1,3,2,5.459,5,5,0,1,0.615,2.83,0.0,1,1.402,0,1,0.274,0,5,2.105,2.88,4,-0.305,4,0.956,0.0,4.86,5,7,3,-0.693,2,7,4,4.237,7,6,4,0
0,7,3,5,0,0,2,4,5,0,6,5,0,2.381,1,7,6,2,1.014,2.631,0.0,2,0.471,5,7,3.024,6,0,1.154,7.45,0,-0.121,4,1.548,1.0,4.01,5,1,2,-1.632,5,3,4,1.879,1,1,1,0
2,7,4,4,0,0,4,1,5,3,2,7,7,2.04,1,3,2,2,2.446,1.807,0.0,3,2.724,0,2,7.076,4,1,-1.254,-0.55,2,0.717,7,2.238,2.0,6.58,3,1,7,0.756,7,1,3,1.286,1,3,0,0
7,7,3,5,0,1,4,6,6,7,6,0,5,3.498,6,4,3,7,1.851,2.402,0.0,4,2.826,0,0,3.028,3,3,0.744,1.69,0,0.283,4,1.777,1.0,0.93,6,2,0,0.142,6,5,1,1.56,4,0,6,0
2,5,5,3,1,0,5,5,1,0,0,1,1,3.473,3,0,4,7,1.988,1.949,0.0,7,2.055,7,1,-1.353,5,2,4.046,2.1,6,-0.733,6,2.31,1.0,2.44,4,6,6,1.794,5,0,5,3.595,2,2,5,0
2,7,5,1,0,0,1,3,7,7,4,4,5,1.914,6,1,0,1,0.244,-3.968,0.0,4,0.735,2,1,1.857,0,7,0.379,4.99,7,0.289,5,0.769,-0.0,1.8,6,7,7,0.289,6,3,7,-1.802,6,1,7,0
1,7,2,6,1,7,7,4,7,7,4,4,2,0.244,0,4,2,2,3.629,3.249,534.56,0,2.808,6,4,2.264,6,2,3.769,2.16,0,0.2,2,3.919,2.0,5.25,7,0,3,2.459,2,4,3,4.917,6,2,3,1
0,5,7,1,0,5,2,7,2,4,2,3,3,-0.828,3,4,7,1,2.01,5.146,0.0,2,2.95,6,6,5.016,3,1,2.381,2.21,2,0.602,1,1.832,1.0,5.96,1,0,0,4.447,5,4,7,-2.646,6,7,6,0
3,2,4,0,0,4,4,4,0,2,6,7,0,3.624,0,6,0,3,2.299,5.545,0.0,4,2.796,7,0,0.262,0,2,3.272,1.82,6,-0.129,2,2.984,2.0,6.61,7,3,4,0.516,3,6,6,1.175,0,5,1,0
4,4,3,0,1,2,1,4,5,0,6,6,2,2.463,1,6,0,7,2.732,-2.384,0.0,3,3.763,4,0,5.401,0,2,1.017,2.58,2,-1.026,5,1.717,1.0,3.05,2,6,1,-0.283,7,1,0,0.543,0,2,1,0
6,5,6,0,0,6,3,4,7,4,2,6,1,-0.148,7,5,0,0,1.488,3.963,0.0,6,0.491,7,1,-0.067,6,0,-0.787,2.66,4,0.359,4,-0.046,1.0,1.9,7,1,1,0.89,7,3,4,-2.016,6,5,3,0
5,3,3,0,0,2,1,6,6,2,7,1,2,3.953,1,1,3,7,1.625,3.475,0.0,6,2.878,6,6,2.771,5,4,0.818,4.09,5,-0.299,2,2.02,1.0,6.01,1,6,1,-0.133,1,2,4,0.416,3,4,0,0
5,2,0,1,1,4,3,1,7,4,2,0,0,4.35,0,3,6,7,3.547,4.636,0.0,1,2.927,6,3,-1.025,1,5,3.867,5.35,1,1.825,3,2.801,1.0,6.44,2,6,3,-0.681,7,7,2,5.642,0,2,1,0
0,1,7,6,0,6,1,0,7,5,5,3,4,1.285,6,3,6,3,1.777,-0.679,0.0,3,1.904,3,3,-2.222,7,5,0.771,3.51,3,-0.247,6,1.536,1.0,3.5,2,5,3,-0.979,0,4,7,3.447,3,2,3,0
5,5,2,5,0,3,4,3,2,5,7,7,6,-1.472,3,7,5,5,0.519,-0.797,0.0,1,0.883,0,5,-0.161,4,7,-2.623,2.87,7,-1.323,1,0.017,0.0,5.13,4,7,4,-0.094,4,1,7,-2.512,5,1,5,0
2,6,3,7,1,2,1,5,2,3,0,4,6,9.668,1,7,2,1,6.886,5.626,0.0,5,7.8,0,6,5.157,5,4,5.73,4.14,5,-0.376,5,7.747,4.0,9.07,7,6,4,9.891,7,3,2,5.446,3,3,1,1
3,7,4,6,0,0,3,3,0,6,6,2,4,-3.813,6,6,4,0,-0.077,2.653,0.0,1,-1.188,4,4,-0.339,7,1,-0.913,1.53,1,-0.629,4,0.662,1.0,1.02,6,0,4,-1.92,7,5,7,3.834,4,3,2,0
4,2,2,4,0,4,4,3,4,7,4,7,6,3.387,3,2,6,6,1.616,2.718,0.0,7,0.638,2,4,1.52,3,6,2.515,4.26,0,-0.304,2,-0.149,1.0,1.89,7,6,0,2.288,3,4,6,2.763,4,5,0,0
3,5,5,4,0,1,0,3,6,6,3,4,3,4.557,6,0,1,2,1.766,-2.527,0.0,6,2.601,0,1,3.141,1,3,2.284,1.79,1,0.301,1,0.674,1.0,2.48,6,0,6,1.391,4,3,5,0.961,2,7,6,0
1,6,2,2,0,2,6,3,1,3,1,3,0,0.07,5,3,0,7,0.416,-1.263,0.0,1,-1.091,5,6,-0.882,0,2,-1.085,3.41,2,0.721,7,-0.69,0.0,5.69,5,6,0,2.094,3,6,4,3.708,2,2,5,0
3,6,7,3,1,1,5,1,6,3,3,2,7,4.135,1,4,3,4,4.241,5.287,0.0,6,2.157,0,7,2.183,7,3,3.732,3.43,7,0.916,7,4.643,2.0,1.18,2,3,4,7.036,1,3,6,0.309,1,4,4,0
7,0,5,3,0,7,4,0,3,2,1,1,0,-0.866,6,4,5,7,1.175,4.702,93.13,6,2.133,0,7,1.101,2,2,3.121,3.54,2,0.189,3,1.353,1.0,7.81,0,4,3,1.552,4,3,3,3.122,7,2,7,1
1,2,5,6,0,1,6,6,2,3,7,3,2,0.913,2,3,3,2,1.849,-0.295,0.0,7,-0.762,0,4,0.466,5,1,-0.527,4.5,0,0.567,6,1.162,-0.0,4.76,4,6,0,1.481,4,3,2,-0.557,6,7,1,0
7,2,2,7,0,7,6,3,3,7,7,6,7,-1.762,3,1,6,6,1.978,2.935,0.0,7,2.295,0,6,6.697,7,3,3.127,4.8,3,-0.447,4,2.638,0.0,3.91,4,1,2,2.562,2,0,2,1.866,2,5,2,0
2,4,5,2,1,6,7,5,4,4,6,3,4,4.87,1,7,3,7,3.093,8.699,0.0,4,3.467,1,2,1.71,6,5,3.574,3.49,6,1.353,4,2.215,1.0,4.3,2,1,4,4.357,7,7,7,-0.13,6,3,1,0
3,6,4,7,0,4,6,6,1,7,5,6,6,-0.615,4,1,7,6,1.508,4.762,0.0,3,-0.394,6,1,3.559,7,0,2.748,3.24,5,0.27,5,2.579,1.0,5.76,2,4,0,2.949,6,3,6,2.119,6,2,5,0
1,1,6,6,0,0,5,3,3,2,5,0,2,0.246,2,5,0,2,0.708,1.8,0.0,0,2.064,6,6,2.917,1,2,1.157,0.71,1,-2.142,6,1.959,1.0,3.93,2,0,0,3.77,4,7,5,2.405,4,3,3,0
3,0,3,1,0,6,2,1,4,7,4,1,0,4.557,0,7,1,2,1.074,2.21,0.0,0,-0.642,2,5,-0.774,6,3,-0.047,1.62,5,-0.465,2,-0.357,1.0,3.73,2,4,7,3.228,2,6,4,-2.808,7,3,0,0
6,5,3,3,1,1,0,4,4,3,6,3,5,3.312,5,7,5,6,4.742,10.231,748.82,0,4.95,3,1,3.936,2,7,8.457,3.33,4,0.892,1,6.29,3.0,4.26,2,1,5,3.762,6,4,1,4.112,4,6,2,1
0,7,0,0,0,4,2,1,4,5,4,4,7,-0.02,3,5,2,4,0.106,1.953,0.0,5,-1.523,0,5,-0.001,4,4,0.132,5.32,5,0.187,2,1.625,0.0,3.6,2,6,2,2.835,7,4,4,-1.5,6,0,0,0
4,4,4,4,1,3,5,5,0,7,1,4,2,4.302,5,5,5,3,2.546,4.33,134.74,6,1.507,1,2,3.884,4,4,3.836,2.45,3,1.711,1,3.111,2.0,7.75,5,0,5,3.472,0,6,5,0.96,3,4,2,1
4,3,7,5,0,2,2,7,3,4,0,3,5,2.113,4,5,0,7,1.549,1.811,0.0,6,2.139,6,1,0.796,6,2,1.52,2.83,2,0.743,5,2.488,2.0,2.1,5,5,3,2.223,4,1,2,2.414,1,7,5,0
0,3,2,1,0,4,3,1,0,2,4,4,1,4.777,5,5,0,4,1.953,2.645,0.0,5,2.679,3,7,0.728,3,1,1.055,1.93,0,-0.558,7,2.212,1.0,3.18,1,5,0,2.731,7,6,7,2.444,3,2,3,0
6,5,7,3,1,6,6,3,1,2,5,6,6,-2.441,3,0,4,5,3.197,2.649,0.0,0,1.405,4,5,5.642,5,6,3.223,2.93,7,0.738,6,1.812,1.0,4.44,6,4,0,2.006,7,0,5,3.138,1,4,5,0
2,5,7,5,0,7,0,0,3,2,4,4,3,1.6,5,7,7,6,0.627,0.474,0.0,6,-0.735,4,6,1.695,5,3,-1.35,0.66,5,0.522,7,1.917,0.0,2.87,3,6,5,-0.388,4,7,4,2.13,4,1,2,0
2,5,5,5,0,4,3,4,1,0,7,0,6,2.963,5,7,1,1,2.779,0.849,0.0,1,3.34,2,1,-1.323,4,3,4.128,3.21,5,-0.096,0,2.643,2.0,4.91,4,1,2,-0.121,1,7,1,3.044,4,1,5,0
4,6,5,4,0,7,7,6,0,3,3,0,4,2.603,2,1,6,4,1.145,-3.336,0.0,5,1.906,1,1,2.11,7,5,-1.061,4.25,3,-0.251,6,0.769,1.0,4.42,4,0,0,-1.28,2,5,2,4.56,0,6,1,0
5,0,2,1,0,1,6,4,7,7,7,2,0,-0.797,2,5,0,5,0.824,3.647,0.0,2,0.91,0,0,-1.544,7,0,-0.646,2.36,2,0.884,3,0.888,-0.0,3.05,1,5,0,1.854,6,0,2,0.602,2,2,2,0
1,7,2,1,0,0,6,5,7,0,0,4,6,1.771,7,2,2,6,1.081,4.492,0.0,0,0.387,6,3,0.369,6,0,2.841,0.89,4,-0.119,4,2.029,0.0,3.86,1,1,6,-0.353,7,0,3,3.192,2,3,0,0
3,2,3,1,0,3,1,4,3,0,6,5,7,-0.657,6,5,4,2,2.841,-4.322,0.0,2,1.113,6,4,1.987,7,1,1.355,5.81,0,1.451,2,2.148,1.0,5.68,6,3,2,1.409,1,0,1,2.455,5,2,7,0
2,3,7,6,0,5,3,4,7,1,1,3,4,1.307,6,3,2,7,0.774,-0.512,0.0,0,2.287,3,6,-0.867,6,2,1.529,5.42,5,0.102,0,0.227,0.0,7.09,3,3,7,0.355,1,3,4,1.065,7,7,2,0
2,1,7,5,0,5,3,6,0,3,7,4,0,3.644,2,5,4,3,0.531,-1.361,0.0,7,0.391,2,1,-3.151,5,1,1.557,2.84,6,0.469,4,0.365,1.0,4.62,2,0,3,1.664,3,6,1,1.787,6,6,4,0
7,0,5,1,0,2,1,4,1,7,6,7,7,4.873,4,4,5,3,1.753,1.668,0.0,0,1.554,2,2,1.939,3,6,-0.686,1.61,5,-0.42,2,3.874,1.0,3.4,3,2,3,1.537,2,3,3,-0.924,1,7,6,0
4,0,7,7,0,1,5,6,5,5,4,6,1,-2.515,5,5,2,0,0.891,2.122,0.0,1,1.549,6,5,2.341,1,2,1.518,4.29,1,-1.868,0,0.971,1.0,3.4,4,6,5,3.877,7,7,6,3.442,6,4,2,0
0,0,7,1,0,7,7,1,0,7,1,4,5,1.945,5,5,7,3,0.621,2.972,0.0,4,-1.502,0,5,2.931,5,6,-1.203,1.73,1,0.134,6,0.291,0.0,5.39,7,7,5,-3.343,1,0,2,-1.285,6,0,3,0
0,7,0,4,0,6,1,2,5,4,6,7,1,-1.233,1,0,0,0,0.113,0.68,0.0,0,0.938,6,2,0.56,5,6,0.552,4.11,0,-0.793,2,0.651,1.0,6.54,1,6,0,2.02,2,1,6,-2.077,3,0,0,0
7,0,1,6,0,0,2,5,5,2,4,0,5,-0.833,2,4,2,1,0.442,-0.969,0.0,5,1.106,2,6,2.359,0,0,-1.987,2.27,7,0.091,5,0.996,1.0,5.22,7,5,6,-2.144,2,7,5,5.446,7,6,3,0
5,7,0,5,0,6,3,0,0,4,0,2,3,0.223,1,7,4,7,1.045,1.769,0.0,1,1.368,0,6,0.99,4,2,1.868,5.4,3,0.559,1,1.272,1.0,5.07,6,3,2,0.332,3,6,7,3.206,0,5,7,1
5,0,6,3,0,0,7,5,0,2,7,1,7,0.112,4,5,0,2,1.053,-1.882,0.0,6,1.98,1,0,2.306,6,5,3.242,7.01,2,0.243,1,1.294,1.0,1.47,4,2,4,5.458,5,5,0,-2.781,2,0,6,0
3,4,7,2,0,0,1,4,6,6,5,3,7,-1.377,4,6,3,6,0.313,3.442,0.0,0,0.883,6,7,1.185,7,2,-1.336,1.26,5,0.32,4,0.904,0.0,4.43,5,5,1,-2.046,0,5,5,-0.198,6,3,6,0
6,1,4,4,0,1,1,4,1,2,6,6,0,0.218,2,0,3,2,-0.162,-3.821,0.0,5,0.167,1,6,-0.853,2,2,-0.114,6.18,3,0.328,4,0.629,0.0,3.84,6,1,4,2.182,0,2,6,-1.464,1,4,1,0
0,0,7,5,0,4,4,1,7,3,0,3,7,0.005,0,0,3,5,0.435,3.796,0.0,1,2.455,1,3,3.068,3,4,1.899,1.58,0,1.075,2,0.832,0.0,6.07,6,0,4,2.161,1,1,0,2.409,2,5,0,0
0,4,5,0,0,4,7,4,4,2,4,3,2,0.755,6,2,1,4,0.483,2.779,0.0,2,0.094,0,1,-1.553,3,1,1.59,5.36,5,-0.613,3,0.309,0.0,6.96,0,6,2,-1.964,1,4,0,6.824,3,6,2,0
7,4,7,5,0,5,3,3,3,0,7,5,4,1.932,6,2,5,7,0.313,3.887,0.0,1,-0.635,3,7,2.004,6,4,2.698,-0.0,6,0.31,5,1.323,1.0,4.53,6,5,7,-1.337,5,1,1,0.4,2,5,7,0
4,6,2,7,0,3,7,3,1,4,2,7,0,-1.707,1,2,1,2,0.313,0.297,0.0,0,0.167,7,0,2.018,4,4,0.958,5.19,2,-0.433,4,2.113,0.0,3.89,2,4,3,0.32,2,1,7,0.184,1,3,2,0
5,5,4,6,0,0,6,5,7,2,0,2,0,-4.804,4,1,3,3,0.629,3.64,0.0,6,-1.134,6,4,-1.755,3,4,-0.912,1.61,7,0.95,1,-0.739,0.0,2.17,7,6,4,0.81,5,5,0,0.915,4,0,2,0
2,4,0,6,0,7,3,0,6,4,1,2,4,1.719,7,3,2,2,1.639,4.373,0.0,2,1.788,7,4,-0.471,5,6,1.222,2.83,2,0.174,5,1.426,0.0,5.88,0,5,3,2.048,3,0,3,2.388,5,0,2,0
2,1,2,0,1,5,1,5,5,3,2,5,2,2.812,7,7,4,7,3.978,3.525,256.43,3,5.511,3,2,6.154,7,6,5.728,1.99,5,0.91,7,3.383,3.0,6.47,4,1,5,3.539,4,3,4,2.917,2,2,3,1
7,3,4,0,1,1,2,4,2,7,6,6,1,2.875,3,7,3,2,4.071,1.092,0.0,4,1.889,2,3,2.217,4,2,3.765,3.97,4,0.956,7,3.139,2.0,4.59,4,6,5,2.785,7,6,2,7.308,0,7,6,0
1,2,5,2,0,1,7,0,0,1,4,1,5,1.62,3,0,1,7,2.043,0.962,0.0,7,1.847,1,1,1.519,7,2,0.952,-0.03,1,-0.276,4,2.169,1.0,1.61,2,0,4,4.813,3,0,4,1.428,2,7,4,0
7,4,1,5,0,5,1,6,7,7,2,0,0,-0.706,5,7,0,5,0.655,1.283,0.0,4,-0.434,3,6,0.234,6,1,1.526,2.71,5,0.44,3,0.963,1.0,3.2,1,0,0,-0.579,4,7,1,1.024,2,5,5,0
7,7,5,5,0,0,0,0,4,6,0,1,4,-0.683,4,0,2,1,0.505,2.42,0.0,6,1.746,4,3,-0.747,3,7,-0.88,1.92,1,-0.019,2,1.338,1.0,3.02,0,2,1,0.595,6,1,0,0.245,1,3,3,0
6,2,2,7,1,7,7,3,6,1,7,0,5,5.278,6,7,7,7,6.327,6.879,373.24,2,7.764,1,1,7.634,3,3,7.897,2.3,4,-0.519,2,7.629,4.0,7.76,1,0,0,3.159,4,7,4,11.78,6,4,7,1
1,1,4,0,0,2,7,4,5,5,7,2,1,-1.863,7,1,4,7,1.877,0.821,0.0,6,2.282,7,7,-1.058,4,2,-1.491,-0.19,6,-0.593,6,2.25,1.0,3.26,6,1,3,1.238,4,3,5,-0.425,7,5,0,0
2,4,1,2,1,7,2,7,1,6,4,1,5,1.524,6,3,3,3,2.328,0.005,0.0,0,3.444,2,4,-1.926,3,7,3.047,1.94,7,-0.046,1,1.967,0.0,5.15,6,6,5,1.812,0,0,3,-3.362,3,0,2,0
6,7,0,2,0,1,5,2,5,6,1,6,5,3.115,1,3,1,3,0.899,2.837,0.0,2,-0.511,5,1,-0.171,3,1,1.332,2.27,0,0.702,3,1.089,1.0,5.62,5,7,4,1.617,0,0,7,1.318,5,2,4,0
0,3,3,7,0,3,1,2,5,6,3,1,2,-2.979,2,5,5,3,3.33,0.456,0.0,7,1.32,6,4,2.149,1,1,4.37,6.41,2,-1.043,4,2.688,1.0,0.99,6,1,3,5.021,5,7,4,1.417,4,3,6,0
0,5,2,6,1,6,5,1,5,3,0,4,6,1.315,4,5,1,1,3.076,3.853,0.0,3,4.335,6,6,5.673,6,6,2.86,3.55,6,0.582,2,2.672,3.0,7.64,2,2,1,1.618,7,2,7,4.874,1,0,3,1
7,3,5,7,0,6,5,5,7,1,6,2,0,-6.604,0,7,3,1,0.88,3.992,0.0,7,-0.686,2,1,2.961,2,7,0.734,5.12,0,-0.395,6,-0.15,-0.0,3.35,7,1,7,3.643,2,2,3,0.529,5,7,4,0
3,1,1,4,0,1,5,5,3,5,1,7,7,1.033,2,6,4,6,0.273,-2.04,0.0,1,-0.398,2,0,-0.992,1,4,0.516,4.29,5,-0.305,1,0.184,0.0,3.75,7,5,5,1.896,3,3,5,1.974,6,1,2,0
3,1,4,7,0,0,4,1,5,1,0,2,1,1.063,3,7,4,7,0.738,-0.312,0.0,2,0.988,0,7,4.661,5,7,1.602,0.93,3,-0.876,7,0.486,1.0,6.28,6,5,6,0.547,4,2,6,0.055,2,0,6,0
0,1,7,2,0,4,0,2,0,0,1,0,3,-3.065,2,4,6,2,1.017,1.828,0.0,3,1.866,5,7,-1.157,6,3,1.107,5.08,7,-0.035,5,1.493,-0.0,4.47,2,4,1,-1.895,2,7,7,3.175,5,6,1,0
3,1,5,5,0,1,4,0,2,1,6,2,6,-3.788,1,6,7,3,0.187,-1.741,0.0,6,0.882,4,4,0.074,3,5,2.26,2.6,7,1.325,1,0.474,0.0,5.17,3,2,2,-2.973,6,6,0,-1.468,2,5,3,0
6,6,1,6,0,4,5,3,4,1,2,2,6,-1.503,2,4,0,4,2.264,0.799,0.0,3,3.662,2,3,2.974,2,6,2.716,3.0,4,-0.168,2,2.422,1.0,5.43,4,4,1,5.642,7,3,4,4.379,2,2,6,0
5,7,1,6,1,7,4,7,2,3,0,1,0,2.327,3,7,5,5,2.409,3.833,0.0,0,2.358,7,4,2.636,4,7,4.285,0.37,1,1.062,5,1.715,1.0,5.77,2,2,5,1.095,7,7,7,-0.297,3,2,1,0
0,7,0,0,0,7,7,6,1,3,2,0,1,-0.631,3,5,3,7,1.638,-1.569,0.0,1,0.162,0,1,-0.15,4,4,3.471,2.38,7,1.918,1,1.433,1.0,2.01,2,5,0,2.012,1,1,3,2.911,6,0,0,0
7,0,2,0,0,6,7,1,6,0,3,4,3,2.071,0,0,7,3,0.752,6.174,0.0,3,1.359,3,1,0.245,1,0,3.304,0.69,4,2.154,5,0.496,0.0,1.96,3,6,4,0.785,0,6,7,0.197,5,3,1,0
2,5,5,0,0,5,7,7,7,7,3,3,2,3.277,7,2,6,7,1.175,1.529,0.0,4,2.001,6,7,1.805,4,6,1.182,2.52,4,-0.42,0,1.458,1.0,1.99,7,3,7,0.06,5,1,0,5.061,3,0,5,0
6,0,1,5,0,1,6,6,2,6,1,5,2,-4.855,6,3,2,1,-0.451,-0.214,0.0,7,1.623,5,7,0.561,0,6,1.806,4.53,5,0.679,3,1.043,0.0,3.24,3,5,1,-1.397,3,7,2,-1.32,2,3,0,0
6,0,0,0,0,2,0,2,6,6,6,5,5,0.297,4,3,6,5,0.069,6.36,0.0,3,0.04,6,6,-1.328,0,3,2.381,1.22,7,0.333,2,0.683,1.0,2.55,2,3,3,1.918,5,1,3,-1.7,4,5,3,0
3,2,6,4,0,2,6,6,3,5,0,4,3,4.585,0,0,6,6,1.835,-0.378,0.0,0,2.254,2,4,3.328,3,0,2.069,2.73,5,-0.73,3,1.188,1.0,3.41,7,1,1,4.828,7,2,7,2.677,2,0,4,0
5,6,1,7,1,1,0,0,3,3,1,5,0,7.27,2,7,7,2,5.763,6.425,0.0,7,4.812,2,4,1.448,2,5,6.498,4.5,7,-0.56,1,6.185,4.0,6.96,5,5,7,8.577,4,4,5,10.915,2,3,7,1
3,7,7,1,1,5,7,0,5,1,6,5,7,3.417,1,5,2,5,2.392,0.76,0.0,0,2.724,3,6,1.943,4,3,2.919,2.39,3,-0.824,0,2.606,2.0,3.28,0,7,4,4.421,2,1,0,5.558,6,6,4,0
4,7,7,2,0,2,3,0,6,5,3,7,3,2.36,0,0,7,7,0.911,-0.05,0.0,7,1.274,7,6,-1.399,7,2,0.195,3.72,1,-0.714,5,1.511,0.0,4.87,0,0,5,0.91,7,6,7,2.807,1,0,7,0
6,2,2,1,0,5,7,4,3,0,7,6,1,3.025,0,6,3,7,0.754,0.053,0.0,1,0.663,5,2,0.823,4,0,-0.319,2.87,3,1.555,5,0.565,1.0,3.69,3,7,0,-2.47,3,6,7,1.589,1,0,3,0
6,0,2,4,0,2,6,3,7,3,4,7,5,-1.705,4,0,0,3,1.137,5.686,0.0,1,3.119,2,7,1.725,0,2,2.504,2.48,4,0.458,2,1.1,0.0,3.07,1,7,5,-0.107,1,7,3,3.636,3,2,4,0
3,6,5,6,0,6,4,0,5,5,4,1,5,3.249,6,1,4,4,0.502,0.755,0.0,1,0.564,2,1,-0.514,2,4,0.511,3.25,5,0.065,4,-0.056,0.0,5.73,6,6,3,-1.059,2,6,4,0.357,6,5,6,0
6,3,6,5,0,5,3,6,1,0,5,4,2,-0.764,0,5,6,6,0.894,-1.21,0.0,4,0.456,1,5,0.292,1,6,2.214,2.73,5,1.035,0,0.925,0.0,3.25,4,7,7,-0.039,4,2,0,-0.041,7,6,2,0
5,1,7,4,0,0,2,5,1,7,1,7,0,1.842,6,7,7,2,1.249,4.629,0.0,6,2.248,0,1,1.419,5,7,0.561,1.5,6,-0.542,1,1.182,1.0,2.5,5,3,6,4.639,1,1,4,0.772,0,1,3,0
1,2,3,2,1,7,2,6,6,6,1,4,0,5.868,2,1,3,4,3.194,9.042,0.0,2,3.706,2,4,1.112,0,0,3.393,3.68,5,-0.26,3,3.898,1.0,4.29,3,5,7,2.464,7,5,0,1.79,6,6,3,0
3,3,4,2,0,3,7,3,3,0,0,2,1,0.746,2,0,2,1,1.901,2.383,0.0,2,0.682,3,7,2.103,7,4,1.088,3.48,0,0.391,2,1.043,1.0,3.83,4,5,5,3.958,4,3,4,0.696,0,3,6,0
3,3,7,2,0,0,7,5,1,5,3,0,0,-0.374,6,1,0,1,0.633,-1.668,0.0,3,1.018,7,5,-0.254,7,3,-1.335,4.67,7,0.784,7,-0.078,0.0,4.77,0,5,0,-0.626,2,4,5,0.667,0,7,2,0
6,2,2,6,0,0,0,5,1,7,1,1,4,-2.749,7,2,0,5,0.583,0.37,0.0,1,-0.013,4,6,-0.064,5,7,0.412,3.88,7,-0.325,3,0.405,0.0,4.65,0,7,2,2.525,2,6,5,1.886,6,4,5,0
5,6,5,4,0,0,6,6,0,2,5,5,5,1.665,4,7,5,3,0.604,1.795,0.0,5,1.422,0,7,0.326,7,3,1.074,3.78,2,0.724,0,1.15,1.0,3.75,4,5,6,3.236,7,1,3,-2.324,1,5,1,0
1,6,5,0,0,4,6,7,0,3,7,3,3,-0.383,4,0,3,5,1.844,3.373,755.28,3,-0.011,1,6,3.21,2,4,1.368,3.48,1,0.707,5,2.201,1.0,6.83,7,3,7,2.137,0,3,0,2.098,7,6,3,1
3,5,1,0,0,7,3,2,3,3,1,2,6,1.439,2,3,4,7,0.35,0.91,0.0,4,2.418,4,2,2.077,2,7,-0.971,2.32,1,-0.521,4,1.008,-0.0,5.85,0,4,6,0.193,2,7,5,-1.319,5,7,5,0
0,5,2,3,1,5,5,1,2,6,2,7,2,3.047,1,5,4,5,2.413,3.415,0.0,7,2.477,5,1,2.997,5,7,0.894,0.91,0,-0.625,4,2.944,2.0,6.1,4,7,7,1.423,4,0,6,3.741,3,1,5,0
0,2,1,4,0,1,6,3,3,5,7,2,5,-0.934,5,7,1,7,0.897,1.15,0.0,7,0.501,7,1,2.884,6,6,1.926,3.38,5,1.369,3,0.724,1.0,4.34,1,0,0,0.741,0,6,0,5.791,3,2,4,0
7,0,3,4,0,6,3,2,0,6,6,1,4,2.121,1,1,5,6,2.238,2.451,0.0,7,2.26,0,0,2.514,3,3,2.562,3.03,6,-2.489,1,2.702,2.0,3.83,6,4,4,-0.797,3,3,0,5.803,2,1,4,0
0,4,1,1,0,2,5,1,2,2,0,7,5,1.281,4,6,7,0,1.287,-1.902,0.0,7,1.712,7,7,0.292,6,2,0.708,5.05,4,1.757,0,1.582,1.0,4.14,7,0,6,1.973,0,6,5,-0.737,5,5,6,0
0,1,5,7,0,2,4,0,0,4,5,0,6,0.421,3,0,3,2,-0.088,2.727,0.0,3,2.221,7,4,1.274,0,3,1.804,0.75,0,-0.903,6,-0.917,0.0,3.26,4,5,2,4.05,4,1,5,-0.923,1,3,6,0
5,3,7,7,0,4,3,2,3,2,2,7,0,-3.602,4,2,7,0,0.443,-1.544,0.0,3,-0.475,1,6,-0.535,7,6,1.595,3.35,1,-0.881,2,0.987,1.0,5.1,3,6,5,1.655,4,1,2,2.929,7,1,5,0
6,0,4,6,0,5,7,1,6,2,5,2,7,3.775,1,5,1,0,1.221,4.159,0.0,6,1.167,5,2,3.608,5,3,3.293,2.3,4,0.025,6,1.114,1.0,3.49,5,0,6,4.172,3,3,6,-2.708,4,1,3,0
3,2,6,3,0,4,4,6,1,2,0,7,3,-0.648,3,2,4,6,0.564,0.257,0.0,4,-0.614,4,3,3.439,6,0,3.912,3.56,2,0.828,1,1.439,1.0,7.79,1,1,5,-1.889,2,6,4,-2.446,0,3,0,0
1,2,6,1,0,5,3,6,1,5,7,5,7,-1.936,6,0,4,6,0.182,1.051,0.0,7,0.101,2,6,2.761,4,3,-0.135,2.55,3,-1.916,2,0.27,0.0,4.11,6,4,6,6.428,4,5,2,3.62,0,2,3,0
2,0,5,7,0,2,2,0,0,6,2,6,4,-1.832,2,5,0,3,0.682,2.313,0.0,6,0.193,1,2,3.574,4,2,-1.377,0.65,1,1.462,7,0.095,0.0,7.3,1,0,5,2.398,5,1,7,-0.842,3,3,0,0
3,3,1,3,0,7,2,2,0,5,6,3,7,4.209,3,2,6,6,0.294,0.883,0.0,1,0.781,4,2,-0.907,2,3,2.234,3.86,2,1.745,1,0.355,0.0,3.72,7,7,0,0.377,1,2,1,-1.092,6,3,5,0
2,6,7,1,0,3,0,0,5,5,2,5,4,-1.213,7,7,5,7,1.204,0.715,0.0,7,0.796,3,6,0.634,6,1,1.54,1.92,6,2.192,6,0.335,0.0,2.84,7,7,6,3.033,1,2,0,5.975,5,7,1,0
6,7,5,6,0,3,6,5,7,2,2,5,6,-1.815,6,6,1,4,0.877,3.965,0.0,5,-0.1,6,4,-2.778,6,3,-0.851,3.68,7,0.68,6,-0.273,-0.0,0.91,3,1,3,-1.081,3,3,7,0.138,6,6,5,0
2,6,5,5,0,0,2,0,0,1,5,0,1,2.543,5,7,3,2,1.934,1.774,0.0,1,2.086,5,5,1.16,3,6,-0.956,3.13,6,-0.028,0,1.386,1.0,3.95,3,0,4,1.901,6,0,6,1.33,2,4,0,0
2,0,3,1,0,4,3,0,7,3,6,6,0,5.806,5,5,1,3,2.145,-0.262,0.0,0,4.454,1,5,4.808,7,3,4.294,5.19,3,2.436,4,1.447,1.0,5.06,6,2,1,3.01,7,0,7,0.148,7,4,2,0
2,4,0,1,0,6,7,7,5,7,6,0,0,1.415,0,1,7,7,1.129,1.401,0.0,0,-1.202,0,0,-0.901,1,0,2.797,3.07,5,-0.741,1,0.042,1.0,2.63,7,3,2,1.468,0,6,1,-1.112,5,2,4,0
4,2,1,5,0,6,4,2,6,5,6,6,6,1.954,0,4,2,4,1.583,-2.887,0.0,5,1.212,4,2,0.776,7,6,4.011,3.27,0,1.147,4,0.916,1.0,3.95,4,7,1,6.611,3,0,7,0.269,5,0,5,0
1,0,4,1,0,3,1,5,1,0,7,4,3,2.529,7,6,2,7,1.2,3.322,0.0,4,0.315,1,3,1.904,6,6,0.841,3.4,1,0.357,4,1.923,1.0,2.83,0,1,2,4.737,1,5,5,-0.658,5,0,6,0
5,1,6,5,0,2,1,7,0,7,3,1,0,-0.424,2,2,5,0,1.068,2.346,0.0,1,3.567,4,2,5.953,1,1,0.015,6.25,5,0.124,4,0.988,0.0,4.43,0,1,7,1.555,7,0,1,-1.05,5,6,1,0
4,4,7,1,0,5,6,7,4,1,3,5,1,2.915,3,4,0,3,1.159,0.213,0.0,4,-0.241,0,3,0.674,4,3,0.655,-0.08,1,0.476,2,0.83,1.0,2.86,4,2,2,-0.773,5,5,2,-2.211,1,7,2,0
7,7,2,6,1,5,2,1,3,6,4,0,1,3.593,2,0,2,4,3.647,1.52,0.0,7,4.592,1,5,2.958,1,3,5.011,0.52,0,-1.717,1,4.722,2.0,5.5,5,2,1,2.831,7,6,2,3.162,4,7,1,0
6,2,5,7,1,6,7,4,3,4,6,1,5,1.081,6,1,6,2,4.03,6.263,512.23,1,4.627,2,3,0.181,4,5,6.406,3.11,3,0.784,7,4.601,3.0,6.9,5,1,7,5.466,6,3,1,5.138,2,3,7,1
0,2,5,3,0,3,6,5,7,4,3,5,6,1.02,0,7,2,4,1.276,3.135,0.0,2,2.032,4,7,0.424,3,0,1.514,4.8,3,0.693,0,0.735,1.0,3.34,6,7,4,4.665,1,6,1,0.38,3,1,0,0
0,2,2,6,1,0,7,4,5,3,2,4,4,4.775,4,1,4,7,1.48,-0.896,0.0,7,2.226,0,3,-0.682,5,5,2.826,4.56,6,-0.416,0,2.94,1.0,3.7,0,1,5,7.609,4,1,0,3.676,7,4,0,0
0,0,5,1,0,6,1,6,3,6,1,6,0,0.504,5,3,0,0,0.225,0.277,0.0,0,1.152,0,3,-3.036,7,6,1.596,3.46,2,-0.104,5,0.454,1.0,6.11,4,5,0,1.949,3,6,0,4.278,3,7,5,0
4,5,5,4,0,1,3,2,1,3,2,1,0,-1.772,0,1,7,7,0.18,3.39,0.0,5,0.615,0,0,-0.388,5,3,0.555,2.23,1,-1.337,1,0.934,0.0,1.49,1,1,3,-0.836,3,7,2,3.052,1,1,6,0
6,3,2,6,0,2,7,7,1,5,2,7,1,-1.059,3,0,1,5,2.58,1.217,0.0,2,0.476,4,1,0.735,4,6,1.297,3.72,7,0.332,4,1.239,1.0,5.68,3,3,0,1.694,5,7,7,-0.808,0,6,6,0
2,4,7,1,0,7,5,3,5,3,4,6,7,5.523,1,6,7,4,0.812,2.379,0.0,6,1.187,4,0,2.23,3,4,0.376,2.32,6,0.324,5,1.302,0.0,2.98,0,6,3,1.057,5,2,3,1.079,2,3,1,0
1,5,3,5,0,3,6,7,6,2,2,6,1,4.333,3,5,7,4,2.029,1.989,0.0,4,2.846,2,3,4.707,2,2,3.374,0.93,0,0.988,4,2.222,2.0,5.79,7,2,0,3.622,2,1,7,3.291,6,6,0,0
1,3,1,2,1,4,1,1,3,6,3,1,4,3.177,3,3,0,0,2.613,3.867,0.0,3,3.341,7,3,2.105,4,4,1.566,3.1,6,-1.128,7,3.063,1.0,4.04,6,3,5,0.902,1,4,7,-0.008,6,6,4,0
5,7,3,4,0,6,6,1,5,6,0,1,5,5.074,1,4,0,1,1.775,2.913,0.0,0,2.032,6,5,2.903,3,2,4.672,3.53,2,-0.443,2,2.002,1.0,6.61,6,0,0,1.519,2,1,6,3.662,1,5,5,0
1,5,2,5,0,6,5,1,7,4,0,6,7,2.616,1,7,1,6,1.711,6.308,0.0,6,1.518,1,1,1.11,0,1,0.05,2.08,5,0.378,3,1.293,0.0,2.08,6,1,3,2.943,2,4,3,3.571,5,7,3,0
1,3,3,7,1,5,0,6,0,6,3,6,3,4.736,5,1,5,3,1.584,4.281,0.0,6,0.871,5,5,4.386,1,6,1.608,2.28,6,0.109,3,1.7,2.0,4.13,2,5,2,4.012,0,0,2,0.037,0,3,0,0
6,3,6,0,0,0,4,4,7,3,0,7,2,0.365,4,6,6,7,0.202,-0.467,0.0,5,-0.279,2,2,2.919,6,5,1.948,2.43,6,-0.354,3,0.95,1.0,4.4,0,6,4,0.065,1,5,2,1.232,0,5,5,0
7,7,4,2,0,5,0,7,6,1,6,6,2,4.844,1,0,7,7,2.132,2.606,0.0,3,1.39,7,6,3.109,2,2,4.176,2.03,5,-0.106,3,1.683,1.0,5.82,0,5,3,0.481,5,4,3,4.989,5,2,6,0
6,4,4,1,0,0,0,3,7,2,7,0,2,3.839,3,6,6,5,1.007,0.416,0.0,5,1.068,3,6,-0.03,3,2,1.395,3.47,2,1.564,0,1.763,1.0,2.35,4,0,2,4.89,3,7,1,1.175,3,7,7,0
7,5,0,4,0,3,0,5,4,5,4,3,0,0.278,7,0,6,1,1.104,-3.821,0.0,0,-0.28,1,7,0.74,7,3,2.607,3.08,7,2.337,2,1.121,0.0,2.63,7,0,0,-0.597,5,6,1,-2.264,5,7,0,0
0,0,7,3,1,5,5,5,4,5,4,5,3,2.954,3,3,2,0,2.039,0.099,0.0,6,0.641,7,4,-2.548,7,4,3.185,3.19,5,-1.636,2,2.558,1.0,6.56,2,5,7,1.263,3,0,7,1.073,7,7,3,1
7,0,7,0,0,4,6,1,6,4,0,2,4,0.581,6,4,0,0,1.63,4.852,0.0,1,3.244,5,4,3.216,0,0,0.453,4.41,1,2.058,0,2.086,0.0,3.37,2,6,7,7.503,4,7,1,2.489,1,5,4,0
6,4,3,7,0,2,4,5,3,2,4,6,3,-4.577,1,7,1,7,0.426,-0.669,0.0,2,-0.034,0,6,-1.387,6,6,0.516,4.25,5,0.284,0,0.854,-0.0,4.59,5,4,2,-0.956,6,4,5,1.905,2,3,1,0
0,0,5,7,1,2,4,2,7,3,2,5,7,0.516,4,2,4,4,2.869,4.928,0.0,3,2.685,3,0,0.376,0,5,2.751,3.33,2,1.153,1,2.584,1.0,3.96,3,7,7,2.707,2,2,4,2.161,4,2,2,0
1,3,4,1,0,1,3,1,6,5,1,7,4,-2.659,0,4,1,5,0.84,0.591,0.0,1,0.797,0,1,1.003,5,1,1.612,4.73,3,1.438,5,1.189,1.0,6.25,3,3,5,-0.555,7,2,7,-1.331,0,7,0,0
1,1,0,7,0,6,4,1,2,3,3,7,3,0.491,6,2,0,3,-0.243,1.227,0.0,1,-1.109,1,7,0.876,4,5,-0.225,3.44,3,1.2,6,-0.109,0.0,3.94,0,5,7,-3.123,6,5,5,0.089,2,0,2,0
0,5,6,0,0,1,6,6,4,6,4,6,5,-0.759,0,2,6,4,1.451,-0.506,0.0,6,2.206,2,6,-0.778,0,4,0.39,4.42,7,1.204,0,0.445,1.0,3.55,7,5,4,2.775,4,2,3,1.798,5,6,5,0
6,6,1,7,0,5,1,4,0,7,0,7,7,3.352,2,4,5,1,2.151,4.25,0.0,3,1.536,1,7,2.388,7,2,1.137,2.3,0,-0.654,5,2.08,1.0,3.78,4,0,6,3.615,1,0,5,-0.571,0,3,6,0
2,1,3,7,1,5,5,7,1,7,3,5,3,4.704,2,5,7,7,5.057,6.009,405.78,3,4.588,7,1,7.506,6,4,5.523,5.36,0,-1.291,3,4.923,2.0,7.28,0,1,3,11.779,0,0,5,6.286,0,2,4,1
3,3,0,5,0,2,6,3,5,5,2,1,0,-1.901,5,0,5,3,-0.073,-2.262,0.0,7,0.499,5,5,-1.423,7,2,1.753,3.3,7,0.915,4,0.475,1.0,5.57,4,6,0,0.133,2,4,2,-0.911,7,0,3,0
0,2,4,1,0,4,4,2,4,7,5,0,0,-0.507,6,1,4,1,1.26,1.258,0.0,6,2.772,6,0,4.552,4,3,0.263,4.57,4,-1.567,1,1.561,1.0,6.57,7,2,5,0.709,6,2,7,3.926,0,4,0,0
5,0,7,1,1,5,1,6,7,7,1,4,6,4.638,0,2,2,4,2.99,2.329,0.0,1,2.997,7,6,-0.688,4,1,3.66,1.67,2,2.393,0,2.239,1.0,8.48,4,7,3,3.696,6,1,1,-0.223,2,3,5,1
4,4,7,4,0,6,2,2,4,3,1,6,0,2.922,5,5,2,0,1.63,1.726,423.09,2,0.14,0,3,1.163,3,3,-0.698,2.9,0,2.619,7,1.484,1.0,2.93,7,5,3,1.533,2,2,7,1.761,2,6,3,1
3,6,5,0,0,1,1,3,6,0,1,5,0,1.562,2,2,6,0,1.403,4.216,0.0,2,1.499,0,1,2.027,5,1,0.31,2.84,1,-0.315,3,0.28,1.0,1.61,4,6,1,0.273,5,2,6,3.214,4,4,6,0
4,5,5,3,0,3,4,4,3,6,7,7,4,2.778,5,5,6,3,1.066,0.101,0.0,1,3.507,0,5,3.407,0,0,0.689,-0.16,1,2.105,1,2.086,-0.0,2.25,2,5,4,0.815,1,4,3,-0.572,1,3,1,0
2,3,7,3,0,4,1,6,2,7,6,7,5,0.523,2,0,4,4,1.512,5.486,0.0,1,0.736,7,2,1.683,3,1,0.464,3.08,5,1.115,7,1.0,1.0,5.35,6,0,4,2.683,6,2,0,3.807,4,7,3,0
7,5,4,7,0,2,4,5,0,0,0,4,7,0.5,2,5,3,7,0.754,0.15,0.0,7,1.333,2,1,-0.056,4,2,2.934,2.12,3,-0.222,4,0.108,1.0,4.97,0,0,4,1.706,1,2,1,-1.761,7,4,1,0
6,2,7,7,0,4,6,7,0,7,6,3,3,-1.375,5,4,3,1,1.836,-0.402,0.0,2,1.27,4,5,1.776,0,3,0.119,4.11,2,0.364,1,0.367,0.0,3.47,1,1,4,-0.36,4,6,1,-0.006,1,0,1,0
0,1,7,4,0,5,4,2,4,6,4,6,1,0.492,5,1,0,7,1.742,0.723,0.0,7,2.059,1,2,4.497,7,3,2.467,4.44,5,0.181,2,1.112,1.0,3.11,4,0,6,5.406,3,1,4,1.458,0,1,6,0
7,5,6,6,0,3,3,1,3,6,3,4,5,0.114,4,2,2,1,0.905,1.325,0.0,0,-0.854,0,1,0.534,0,7,0.77,1.33,6,-0.443,7,0.842,1.0,1.59,6,7,6,4.542,7,4,0,-0.745,0,5,0,0
4,5,1,3,1,5,7,0,4,7,5,7,6,-2.969,1,7,1,1,2.88,1.908,0.0,1,3.177,4,5,3.789,6,0,5.797,2.61,5,1.595,7,3.858,2.0,4.58,5,3,5,3.821,7,0,3,4.902,3,4,7,0
6,4,6,2,0,0,0,4,6,3,5,7,5,4.956,6,2,6,5,1.305,2.666,0.0,3,2.405,6,3,0.161,4,6,1.135,6.38,1,0.348,3,1.129,1.0,1.33,0,7,6,-0.318,1,1,7,0.643,5,4,7,0
6,3,1,1,0,4,7,2,3,2,4,0,7,2.19,6,6,7,3,0.963,5.88,0.0,5,1.856,5,5,3.102,2,4,1.832,4.93,1,0.926,1,1.688,-0.0,3.81,5,0,5,3.931,7,4,1,2.401,7,3,1,0
7,5,6,3,1,1,4,2,0,3,6,4,0,-1.077,5,0,7,3,2.405,7.498,0.0,3,2.355,4,3,-1.037,6,3,2.349,4.37,0,-1.37,3,2.644,1.0,4.05,3,1,0,3.962,2,6,1,2.336,0,3,7,0
5,7,3,3,0,5,0,0,2,5,7,7,6,2.484,6,6,1,5,2.06,2.248,0.0,0,3.4,5,3,2.818,1,0,-1.897,2.98,5,0.776,6,2.087,1.0,5.88,2,0,3,1.578,2,6,3,4.223,6,0,2,0
5,5,1,3,0,6,4,5,3,4,6,4,4,-1.034,7,6,3,3,0.164,-1.0,0.0,0,0.464,7,1,1.497,7,2,3.35,2.06,0,0.7,3,1.263,1.0,3.89,7,0,6,-0.361,5,3,4,-0.93,7,1,0,0
4,0,0,4,1,6,0,4,7,0,3,7,4,3.856,4,1,2,1,1.728,1.509,0.0,4,1.088,5,0,-0.913,5,2,2.069,4.99,0,0.695,5,1.874,2.0,5.41,4,6,0,2.242,1,3,4,5.032,5,5,5,0
6,7,3,2,0,2,1,0,3,3,1,0,0,-0.354,4,1,3,1,0.126,1.142,0.0,0,-0.556,5,2,4.986,1,6,0.583,3.1,6,-0.527,1,0.146,1.0,4.66,6,0,5,-0.468,4,0,6,0.397,1,6,4,0
1,1,2,0,0,0,6,3,5,1,3,7,5,5.373,3,7,0,1,1.804,6.378,0.0,1,0.157,7,2,-1.322,7,0,3.549,1.91,7,-0.198,2,1.748,1.0,2.79,2,5,4,0.28,4,1,5,1.619,5,4,4,0
4,4,1,2,0,6,2,7,1,2,0,5,1,-1.011,2,4,4,0,0.482,-0.15,0.0,6,2.176,4,6,0.78,0,0,0.241,3.83,5,-0.405,1,-1.104,-0.0,2.53,0,4,2,-3.202,3,3,7,-0.238,0,3,0,0
2,2,0,2,0,3,0,2,0,3,3,2,7,2.271,3,0,4,3,1.848,-1.522,0.0,3,5.216,7,4,-1.371,0,7,0.281,2.29,2,-0.816,0,1.044,1.0,3.23,6,4,5,-0.928,7,0,4,-0.884,4,2,3,0
5,3,4,5,0,2,4,2,6,7,5,1,7,0.101,3,2,0,5,1.597,2.211,0.0,0,0.122,4,4,0.876,4,6,2.113,1.92,0,1.31,3,0.912,-0.0,3.61,2,7,5,-2.868,5,0,0,-2.078,2,7,2,0
3,1,3,5,0,0,3,0,1,4,2,4,3,0.496,0,5,3,5,0.519,2.336,0.0,7,0.255,6,1,-1.11,3,5,0.692,1.55,7,-0.579,0,1.666,0.0,7.1,6,6,6,-1.009,4,6,6,0.357,1,7,1,0
4,0,2,4,0,4,0,2,2,4,5,0,1,4.97,6,2,5,7,0.399,-1.578,0.0,4,1.989,0,3,1.616,3,6,0.392,2.1,3,0.489,5,0.026,0.0,1.68,2,4,7,4.144,5,5,6,0.08,4,1,6,0
4,4,3,1,0,3,6,6,4,3,7,2,1,-0.477,1,1,4,6,0.433,1.845,0.0,7,0.463,5,4,1.467,7,2,-0.381,1.47,6,1.532,2,0.005,0.0,5.12,0,2,0,6.084,4,2,2,3.318,5,3,7,0
5,4,0,5,0,5,1,2,5,0,4,0,5,0.516,4,0,2,2,-0.012,-0.542,0.0,5,0.873,3,1,-1.719,7,5,0.893,3.61,6,-0.753,2,0.145,0.0,3.9,4,7,1,-2.518,1,7,4,1.036,4,0,0,0
2,2,3,1,0,7,0,2,6,3,2,1,3,-2.046,4,4,3,2,-0.039,3.748,0.0,7,0.73,0,1,-1.858,5,5,-0.355,5.36,2,0.598,5,-0.053,-0.0,4.85,6,3,6,3.353,5,3,6,-3.74,4,6,0,0
4,1,6,2,0,6,4,4,4,1,2,1,7,3.9,6,5,1,7,0.971,2.956,0.0,5,3.138,7,4,3.065,2,5,-1.027,1.65,3,0.007,1,1.173,1.0,1.7,4,5,3,-0.856,7,5,1,3.342,7,5,4,0
6,6,7,7,0,1,5,2,6,6,0,7,6,2.174,7,1,2,2,0.267,0.908,0.0,4,2.59,4,7,-2.2,5,6,-1.175,3.85,6,-0.421,4,0.327,0.0,4.28,3,0,1,1.152,2,6,5,4.604,3,0,5,0
6,6,2,1,0,3,2,7,7,7,6,4,3,0.697,6,0,4,1,0.564,1.603,0.0,2,-0.326,7,0,-1.018,7,3,0.159,3.87,0,0.715,0,2.618,0.0,2.75,1,4,5,2.907,2,7,5,-3.318,6,0,7,0
3,0,2,0,1,6,1,4,5,1,3,0,3,6.212,6,3,3,6,2.096,3.946,0.0,7,-0.948,7,5,1.331,3,2,-0.626,2.72,7,0.241,6,1.276,1.0,5.72,5,3,3,-0.549,6,6,1,-0.836,3,5,4,0
6,7,7,2,1,1,3,0,1,3,4,4,2,3.711,6,0,6,5,2.133,4.017,0.0,7,0.824,4,6,-0.579,4,6,2.858,3.83,5,0.367,4,2.135,1.0,3.46,5,4,1,1.38,2,2,0,1.471,0,0,0,0
4,2,7,3,0,1,0,4,5,3,6,4,6,6.072,2,4,7,7,2.32,4.786,0.0,2,1.828,6,6,6.238,2,4,2.265,2.09,7,1.106,0,2.725,1.0,2.2,2,2,4,2.05,2,1,5,1.175,3,5,1,0
2,6,1,7,0,0,6,7,1,6,5,7,1,3.602,5,6,3,4,1.304,0.661,0.0,0,1.637,6,6,3.108,0,6,-0.542,4.38,0,0.97,3,2.669,1.0,3.15,2,5,5,0.323,0,7,0,1.792,6,4,6,0
6,0,0,7,1,0,0,5,4,3,5,5,2,0.49,2,0,2,1,2.835,1.538,0.0,1,3.649,2,2,2.524,3,1,2.245,3.82,5,0.399,7,1.776,2.0,2.19,7,2,3,6.939,0,5,5,1.785,2,0,7,0
0,6,1,7,0,1,4,5,1,6,2,0,6,-0.129,5,3,5,1,0.245,-2.228,0.0,3,0.664,4,3,0.532,7,1,1.16,2.83,0,0.27,6,-0.39,0.0,4.08,1,6,5,-1.246,0,0,1,2.76,0,4,4,0
2,1,4,1,0,1,1,4,5,2,7,0,7,3.087,1,5,0,2,0.014,6.205,0.0,7,-1.228,0,3,4.337,1,6,-0.479,3.55,1,0.15,4,1.458,0.0,4.33,0,7,2,1.396,0,5,6,0.018,6,6,3,0
4,2,0,3,0,1,1,0,7,5,0,3,0,0.861,5,1,5,3,0.768,1.907,0.0,1,3.096,0,0,1.856,6,4,0.907,4.15,2,1.526,6,1.375,1.0,8.53,5,6,2,3.427,4,4,4,2.367,2,5,0,1
3,5,5,1,1,3,3,1,1,5,7,4,3,9.075,2,1,6,3,10.833,11.975,0.0,7,11.486,4,0,8.587,2,5,10.151,3.49,2,-0.251,1,10.048,6.0,7.58,2,5,3,10.416,1,4,0,11.214,2,2,1,1
5,2,0,0,0,2,4,5,7,7,0,0,2,-0.041,6,0,0,2,0.741,0.305,0.0,2,0.567,7,0,3.626,6,0,2.19,3.56,4,2.001,5,1.113,0.0,3.52,4,2,7,1.274,0,2,0,1.246,5,4,4,0
4,5,3,2,0,2,2,6,2,3,0,2,6,0.165,6,6,5,7,0.538,-1.407,0.0,0,1.752,6,5,0.592,0,3,-1.593,2.92,3,-0.956,6,0.826,0.0,2.79,6,4,6,-2.428,3,5,5,1.642,0,5,4,0
5,4,2,3,0,2,5,3,0,1,5,1,5,-0.363,2,5,5,3,1.628,-1.962,0.0,7,1.409,1,7,2.59,3,5,0.817,1.11,4,0.532,0,1.171,1.0,4.09,4,3,5,-1.087,6,1,4,0.487,5,4,5,0
5,4,1,3,0,0,6,3,0,0,4,0,1,4.059,3,6,4,5,0.76,-0.003,0.0,6,0.304,5,1,2.534,6,3,3.057,4.96,5,-0.05,6,1.723,1.0,3.84,2,1,7,1.641,3,4,7,0.463,2,0,1,0
6,0,7,2,0,5,1,6,1,0,1,0,6,-0.994,1,0,3,5,1.161,0.222,0.0,0,0.209,5,4,1.224,1,7,-1.784,3.06,7,-2.564,7,0.348,1.0,1.78,3,3,4,1.793,4,4,4,5.968,0,0,1,0
0,0,6,6,0,5,4,0,5,5,4,2,3,4.157,2,7,5,7,1.337,-1.012,0.0,7,1.927,6,5,0.948,3,2,3.439,4.28,7,0.042,6,2.095,1.0,1.16,6,0,1,2.14,0,1,6,4.287,5,6,2,0
0,3,0,6,0,2,5,7,0,7,3,7,0,2.217,7,7,4,3,1.786,0.965,0.0,6,1.723,3,0,0.033,1,7,3.598,2.92,1,-0.217,4,2.104,0.0,2.14,5,5,4,2.491,7,1,6,-1.941,6,2,5,0
7,1,1,2,0,1,5,0,7,2,3,2,2,-2.423,3,1,3,2,0.664,-0.553,0.0,3,-0.118,3,6,4.433,2,6,2.909,3.26,6,0.403,3,-0.146,1.0,8.76,6,0,1,1.633,1,2,4,-0.835,3,1,3,1
6,0,5,3,0,7,2,3,6,5,0,4,1,-1.128,5,6,3,3,-0.533,1.977,0.0,5,-0.822,7,4,2.511,4,2,0.345,5.52,6,0.143,1,-0.584,0.0,5.85,7,7,2,-1.83,6,5,2,-2.253,6,0,2,0
2,2,6,7,0,2,6,5,0,6,5,1,6,2.125,5,4,3,3,1.15,1.065,0.0,0,0.5,2,2,0.582,7,0,2.69,2.27,0,0.447,5,0.64,1.0,4.45,6,6,7,3.352,1,7,2,2.977,0,1,2,0
4,3,3,0,1,2,7,2,7,2,4,7,0,3.623,4,3,2,1,4.057,4.815,0.0,5,5.143,5,7,3.413,3,6,3.205,2.6,5,0.92,3,4.094,2.0,5.58,1,7,6,3.858,6,2,3,6.045,7,7,3,0
5,6,2,2,0,5,7,1,2,2,1,4,3,-0.036,1,7,0,2,0.302,2.424,0.0,6,-0.61,7,3,1.761,2,3,2.051,3.59,4,-0.435,2,0.617,1.0,5.21,0,4,7,-0.508,4,7,6,0.762,2,0,7,0
4,0,4,7,0,3,7,6,3,7,0,2,6,-0.441,1,0,6,4,0.052,-1.892,0.0,4,0.501,6,1,1.356,5,5,-0.391,4.29,3,-0.665,5,1.693,0.0,2.58,0,6,1,0.91,6,6,3,5.3,4,1,4,0
6,2,5,2,0,1,4,0,6,0,2,4,4,0.507,4,6,0,5,2.268,3.85,0.0,4,0.932,5,7,5.871,4,5,4.485,2.13,6,0.335,4,2.438,1.0,2.84,5,2,5,2.598,4,7,1,2.619,0,4,3,0
6,1,0,4,0,2,0,5,1,4,7,5,4,4.99,2,2,2,4,2.847,2.951,0.0,6,2.259,3,2,1.295,7,2,1.92,0.94,1,0.603,0,1.984,1.0,5.24,2,4,3,2.161,7,4,7,3.151,7,0,5,0
3,1,2,2,0,5,6,7,3,0,4,5,4,3.936,0,6,3,1,0.706,-1.172,0.0,0,-0.265,2,4,1.487,5,4,3.227,0.26,4,0.65,2,0.384,1.0,3.8,1,2,0,5.857,5,6,1,4.899,0,2,5,0
0,2,5,3,1,2,4,7,1,2,1,3,0,4.388,3,3,2,0,3.193,0.232,0.0,1,2.602,2,4,5.507,3,6,0.951,2.93,4,-0.692,3,2.244,2.0,4.36,5,1,3,3.384,3,6,4,1.106,5,3,0,0
7,6,7,0,0,2,5,3,6,3,7,0,5,1.638,0,5,3,5,1.393,0.57,0.0,1,2.326,0,3,0.728,2,7,2.543,1.6,2,0.614,0,1.789,1.0,0.48,7,0,2,3.624,5,0,3,3.303,4,7,2,0
0,5,2,3,0,3,0,6,0,4,5,0,7,3.867,7,2,1,2,0.395,0.72,0.0,7,1.789,4,6,3.237,2,2,0.089,2.81,0,0.883,4,0.218,0.0,4.03,0,0,0,-0.426,5,1,4,0.297,4,2,4,0
7,5,0,4,1,3,2,4,2,1,7,3,6,5.171,3,0,2,7,3.034,-0.313,0.0,0,1.977,5,0,2.58,4,4,1.829,4.42,5,1.129,0,3.392,1.0,2.92,2,2,1,3.71,1,1,1,1.014,5,5,6,0
6,4,4,4,1,6,6,5,6,3,3,0,5,0.893,3,5,3,6,2.548,6.097,0.0,4,4.339,3,2,6.364,4,5,4.165,3.62,3,0.727,2,4.082,2.0,5.54,7,3,5,1.724,3,4,0,-1.207,5,5,7,0
1,4,0,2,0,5,4,7,6,7,7,1,5,-0.574,7,2,3,2,0.194,0.603,0.0,1,-0.422,2,2,2.447,3,7,0.231,0.72,4,0.086,5,-0.358,0.0,5.51,0,5,0,1.899,0,6,7,1.419,5,3,5,0
2,2,6,2,0,7,6,0,1,3,1,7,7,1.454,4,0,6,4,0.429,1.366,0.0,6,0.838,4,0,-0.912,1,6,-2.102,0.05,3,0.068,4,0.419,0.0,6.34,4,3,5,1.533,3,6,2,3.143,7,0,1,0
1,4,3,2,0,6,7,2,1,2,7,3,7,0.51,2,5,1,4,0.155,0.56,0.0,3,0.237,5,1,0.002,2,4,-0.106,4.96,7,1.914,3,-0.945,0.0,6.33,4,2,6,1.914,0,2,0,-2.395,3,3,0,0
7,0,7,5,1,0,7,0,5,0,7,2,4,4.543,0,2,4,2,3.082,3.248,0.0,7,3.592,4,1,0.239,5,6,1.844,3.26,5,0.528,2,4.234,2.0,4.47,4,3,7,-0.14,1,6,5,2.382,7,0,1,0
2,3,4,2,1,3,6,6,7,3,7,3,1,7.24,6,0,4,3,4.157,2.692,638.68,4,2.994,5,0,4.129,3,2,3.997,2.79,3,-1.013,7,2.853,3.0,9.16,5,7,2,5.571,4,0,5,3.504,7,5,6,1
1,0,0,4,0,3,2,7,1,3,4,4,4,2.364,1,1,5,0,1.585,-1.935,62.77,7,1.003,4,1,2.257,4,0,1.284,3.48,7,0.792,3,1.521,1.0,6.88,0,1,3,0.898,1,0,5,0.486,1,1,2,1
3,6,4,4,0,1,2,6,2,4,0,4,7,3.549,2,3,2,1,0.077,2.068,0.0,3,1.538,0,5,-1.264,0,2,1.727,4.35,5,1.807,5,1.028,-0.0,6.41,2,0,2,1.027,5,6,6,0.116,2,4,7,0
7,2,7,2,0,5,7,4,4,5,1,4,0,-0.021,6,5,7,0,1.573,3.044,0.0,2,0.831,7,0,-2.361,4,4,1.873,4.83,6,-1.212,3,1.767,0.0,5.18,6,6,6,-0.028,7,0,5,-4.408,1,2,5,0
2,3,2,7,0,2,7,6,1,3,1,5,7,2.117,3,4,1,7,0.683,-0.196,0.0,3,-0.519,4,3,3.436,4,7,0.288,4.06,0,0.231,1,0.565,1.0,3.12,0,4,7,2.319,5,6,2,-0.768,4,0,2,0
7,4,2,1,0,4,2,7,7,3,4,0,1,-0.158,0,2,2,5,1.651,2.776,0.0,1,1.464,7,2,6.529,4,6,4.343,0.09,5,-0.465,2,1.792,2.0,5.44,4,2,7,0.883,5,0,4,0.183,3,4,0,0
0,3,5,2,0,7,3,6,2,4,2,3,2,0.203,2,4,4,0,1.195,2.231,0.0,0,1.016,7,6,1.667,7,0,1.513,1.73,6,1.36,7,2.078,1.0,3.4,5,2,5,3.48,1,6,6,3.117,0,3,3,0
5,4,7,0,0,7,6,6,1,4,5,0,5,0.078,5,4,6,1,1.436,4.842,0.0,0,1.863,4,0,-2.097,7,5,-0.193,0.9,3,0.457,7,1.597,0.0,4.5,3,2,0,3.161,3,3,7,1.984,5,2,0,0
6,6,4,1,0,0,3,2,3,2,6,0,2,-3.037,6,3,7,6,1.408,-0.655,0.0,3,2.162,1,0,3.606,4,6,1.942,-0.65,1,0.354,0,1.715,0.0,5.94,1,3,6,8.178,6,3,0,-1.342,0,5,2,0
5,2,1,6,1,1,2,7,5,5,4,4,1,6.657,5,3,6,7,7.103,9.233,409.49,1,7.577,7,2,10.902,2,5,5.073,2.68,6,1.909,3,6.289,4.0,9.41,2,6,1,7.607,3,4,2,9.234,5,0,1,1
0,7,0,5,1,0,5,2,5,1,7,2,0,4.359,0,6,3,7,1.856,3.022,551.85,6,1.035,5,7,2.509,0,2,2.897,1.94,0,0.973,5,2.132,2.0,8.49,0,6,3,5.95,5,7,0,-0.79,5,6,1,1
7,3,1,5,0,7,2,2,6,3,2,6,5,1.473,6,0,5,5,2.682,3.479,0.0,2,2.624,6,1,4.897,2,0,1.426,1.7,5,-0.797,3,2.103,1.0,1.52,7,1,6,4.826,7,3,5,5.292,1,5,3,0
2,7,5,0,1,2,0,4,3,2,1,2,1,3.154,7,5,1,7,2.72,-2.153,0.0,6,2.643,1,0,5.509,3,6,2.836,1.22,2,-0.255,2,2.774,2.0,3.84,5,4,0,5.835,5,6,4,2.818,3,7,3,0
2,7,0,4,0,1,3,4,4,4,3,0,0,3.4,0,1,0,6,1.929,2.615,0.0,3,0.416,0,5,-1.147,4,0,-1.964,3.91,3,0.385,4,3.066,2.0,2.62,5,6,5,2.275,6,5,3,1.916,5,3,3,0
7,5,6,4,0,4,0,3,5,6,4,6,0,-1.778,5,7,0,7,0.064,2.952,0.0,0,-2.079,4,5,-2.994,7,7,1.972,2.13,3,1.385,5,0.393,0.0,2.68,4,7,1,2.91,0,1,6,-3.45,1,3,0,0
5,6,5,4,0,4,3,4,3,3,3,4,5,-0.919,2,1,0,6,0.131,-1.215,0.0,1,-1.144,7,1,-3.622,1,3,-0.976,3.07,4,-0.481,4,0.271,0.0,4.13,2,7,5,5.058,6,0,7,1.578,3,7,2,0
2,6,7,1,0,6,6,0,2,4,4,4,6,0.109,1,7,1,5,0.094,1.046,0.0,1,-0.232,2,5,4.122,7,6,-2.575,2.05,5,0.784,1,-0.066,-0.0,4.96,4,1,0,-2.343,3,1,4,0.051,4,3,7,0
4,4,2,1,1,0,7,1,0,2,7,5,3,0.069,1,4,4,3,1.841,5.573,0.0,6,2.42,4,6,-2.722,0,4,3.6,1.43,3,-1.406,7,2.027,1.0,3.71,4,0,7,1.051,2,2,7,-0.5,1,7,1,0
3,6,1,5,1,1,3,1,2,4,4,1,7,9.018,1,5,5,0,6.045,6.511,185.55,3,4.547,1,6,7.792,2,3,5.076,3.85,2,-1.872,0,6.036,3.0,7.66,5,2,1,3.799,3,2,3,7.164,3,1,4,1
6,6,1,2,1,2,5,4,7,0,7,1,1,0.787,1,2,5,5,4.972,5.714,412.98,1,3.571,2,4,2.961,0,0,5.07,3.8,5,-0.051,0,3.428,3.0,4.61,0,2,1,3.353,2,2,7,2.036,4,7,1,1
6,3,0,1,1,4,6,7,2,3,6,7,7,2.804,6,6,2,7,2.585,5.156,0.0,6,3.136,6,0,1.587,5,2,2.036,3.6,5,-1.601,5,3.397,2.0,4.29,6,5,7,-0.026,3,5,2,3.761,5,7,5,0
0,6,7,6,0,5,7,5,6,5,2,5,6,0.457,0,1,7,0,0.614,-3.451,0.0,7,1.234,6,6,1.803,2,5,-1.103,4.33,1,-1.132,5,0.624,0.0,2.42,3,3,5,1.55,4,2,5,2.468,0,7,0,0
3,0,6,0,0,3,4,3,3,3,6,4,2,3.054,0,5,1,6,1.738,1.597,0.0,5,3.582,4,1,2.428,0,0,4.066,2.84,3,0.17,3,1.334,1.0,3.24,4,0,0,0.979,0,3,3,3.375,4,2,0,0
4,5,0,5,0,1,4,7,2,2,7,1,0,-1.306,3,2,3,0,0.57,4.164,0.0,5,-0.642,1,4,-2.254,7,7,2.494,3.86,2,-1.437,2,-0.011,1.0,3.72,4,5,1,0.537,0,5,1,1.09,2,4,4,0
4,1,4,1,0,5,5,0,7,7,6,0,0,-0.034,6,3,4,2,0.782,2.57,0.0,2,1.287,1,5,3.552,1,5,0.693,1.96,5,-1.467,3,0.66,0.0,3.83,7,4,2,5.237,3,0,6,0.966,0,2,0,0
2,4,2,1,0,6,0,3,3,5,3,3,5,-0.783,5,1,7,4,0.684,1.368,0.0,0,-1.001,5,4,-0.207,2,6,0.732,2.48,7,-0.923,5,1.084,0.0,2.49,1,7,2,5.397,2,2,3,1.96,2,4,1,0
5,3,0,7,0,6,7,4,3,7,5,3,5,3.616,3,5,4,1,0.262,0.058,0.0,7,0.372,2,3,3.436,7,1,-1.322,1.48,5,0.467,5,-0.236,1.0,4.1,1,7,2,-0.37,1,5,3,0.715,1,5,5,0
1,2,0,1,0,3,7,4,6,4,3,4,4,0.228,6,2,0,4,0.134,0.32,0.0,4,0.071,1,5,-2.72,1,1,-1.575,3.63,5,0.094,7,0.151,-0.0,4.92,5,1,2,-2.885,3,5,0,5.011,2,7,5,0
3,3,4,5,0,5,7,2,0,6,6,7,0,-1.697,4,0,6,2,1.281,-0.633,0.0,6,1.209,2,0,3.118,2,7,-0.272,4.03,1,1.163,7,0.54,0.0,5.06,1,0,3,0.73,0,2,5,1.888,1,7,3,0
3,3,2,1,0,3,3,0,4,1,6,6,0,3.252,1,6,2,4,0.838,-1.961,0.0,6,2.904,6,5,4.033,6,0,-0.932,3.76,4,-0.647,2,1.392,1.0,3.43,5,1,0,5.29,1,0,7,-1.299,5,4,6,0
3,2,2,2,0,6,5,2,1,1,3,0,0,4.43,2,5,6,3,1.576,0.915,0.0,3,3.261,7,3,1.149,5,4,-2.082,2.67,3,0.484,1,0.097,1.0,2.71,6,1,3,4.061,6,2,0,3.628,2,1,2,0
6,4,2,2,0,7,1,1,2,1,0,0,4,-3.803,5,4,3,3,0.572,-1.273,0.0,7,1.235,5,5,-4.029,0,5,0.599,0.78,4,-0.315,4,0.143,1.0,3.53,4,5,5,-1.775,7,1,5,0.558,2,7,4,0
5,5,5,5,0,0,4,4,3,3,2,0,0,0.097,2,7,4,3,-0.019,2.473,0.0,6,0.651,2,0,-0.433,5,5,0.379,5.04,5,-0.508,0,0.92,-0.0,2.95,6,1,3,3.378,4,4,5,4.033,1,2,0,0
1,4,7,3,0,3,6,2,2,3,2,3,3,1.656,6,2,0,6,1.005,3.139,0.0,2,1.544,2,2,3.312,6,6,2.197,1.53,1,2.119,2,0.844,1.0,0.64,3,4,3,3.248,2,2,0,1.957,2,6,7,0
4,4,2,7,0,6,6,3,4,2,3,5,7,3.479,7,2,4,2,1.994,3.518,0.0,1,1.969,5,7,1.396,0,2,0.808,2.82,7,0.504,5,3.57,2.0,4.0,3,2,1,2.502,6,6,6,3.285,0,2,1,0
6,6,4,1,0,1,2,4,6,5,0,6,0,-1.151,3,3,1,6,0.514,1.889,0.0,5,-1.089,2,1,3.117,0,6,1.494,1.65,0,1.008,2,1.302,1.0,3.65,5,5,5,-1.431,0,4,5,-0.23,3,0,7,0
3,0,4,0,0,7,7,5,0,4,6,3,1,-0.667,6,1,3,6,0.398,-2.217,0.0,6,0.018,0,4,4.099,6,0,-0.835,2.57,3,0.651,4,1.178,1.0,1.27,1,7,3,0.863,7,3,0,1.992,1,3,2,0
3,1,1,3,0,0,7,4,4,5,0,1,1,1.533,1,6,4,7,1.8,3.403,0.0,6,-0.044,6,5,1.611,6,6,2.74,3.22,1,-1.098,0,1.503,1.0,1.47,7,3,1,0.858,1,3,5,1.434,6,0,7,0
4,7,7,2,0,2,7,1,7,2,3,2,4,2.677,1,2,1,4,0.259,3.847,0.0,0,1.227,7,5,-3.486,2,0,1.313,4.53,5,-0.666,6,-0.056,0.0,1.94,1,3,7,-0.844,1,2,6,2.215,5,2,0,0
0,4,6,4,0,6,4,4,4,0,4,7,6,0.146,4,0,0,2,1.584,0.607,0.0,3,0.389,6,0,0.514,6,4,0.4,5.14,6,-0.049,7,1.397,2.0,4.54,6,1,5,1.394,0,6,3,5.096,4,5,3,0
3,1,1,2,0,0,2,6,5,0,2,4,7,3.943,2,6,6,1,1.366,2.096,0.0,0,0.325,4,0,-3.215,6,1,1.007,3.49,0,-1.031,4,1.209,1.0,2.81,0,1,6,4.626,3,2,0,2.414,7,7,5,0
4,5,3,0,0,6,4,7,5,0,4,3,0,0.266,6,1,1,6,2.069,1.795,0.0,5,0.125,4,2,2.795,4,2,-0.517,4.12,5,0.179,0,0.746,1.0,5.38,7,2,2,2.429,6,2,5,-0.91,5,4,5,0
2,7,7,2,1,2,2,4,0,7,1,5,6,5.305,3,6,3,7,4.548,3.299,0.0,3,2.376,4,2,2.421,0,5,3.649,3.72,3,0.181,1,3.869,2.0,5.45,4,2,5,3.932,2,0,5,3.744,5,5,4,0
7,4,1,2,1,5,5,1,0,5,3,2,0,4.416,3,3,7,1,4.673,6.321,0.0,6,5.047,1,1,2.218,6,6,6.033,1.41,4,-0.23,4,4.057,2.0,1.86,4,0,2,4.163,6,6,6,2.8,7,6,2,0
7,3,2,0,0,0,6,5,7,7,3,7,0,1.588,5,7,3,2,0.88,1.82,0.0,4,-1.985,0,2,-2.139,5,1,1.555,5.04,3,-2.081,2,0.821,0.0,4.46,0,5,5,0.919,6,0,1,-1.085,5,3,5,0
3,4,7,0,0,7,4,1,6,3,0,3,6,0.241,5,4,2,7,1.822,3.115,0.0,6,2.132,4,3,-1.07,0,1,2.325,1.46,6,0.39,1,2.261,1.0,3.97,2,1,1,1.364,1,7,1,4.155,7,0,6,0
0,0,6,2,0,2,6,1,6,3,7,1,1,1.997,0,3,3,0,0.498,-2.694,0.0,6,-0.659,5,1,0.764,2,5,0.414,2.8,2,-0.585,3,0.492,1.0,2.6,7,4,4,1.573,5,7,7,1.586,1,4,1,0
0,5,1,3,0,6,5,0,6,2,0,2,4,3.423,7,0,3,1,1.453,3.382,0.0,7,2.338,6,7,2.568,6,6,-0.354,2.1,5,-0.15,2,0.704,0.0,3.52,2,3,1,2.65,7,7,3,-1.376,3,7,5,0
7,0,4,3,0,3,6,3,2,0,3,6,4,1.949,1,7,3,4,-0.003,2.77,0.0,0,1.968,6,3,-3.525,6,1,3.328,2.19,4,0.188,2,0.436,0.0,5.12,5,5,3,2.178,1,7,2,-1.98,0,0,4,0
5,2,6,0,0,2,7,2,1,2,0,0,3,0.846,3,6,1,5,1.031,0.204,0.0,6,0.882,2,0,1.55,5,7,-0.633,3.7,4,1.936,7,1.339,0.0,1.41,1,6,5,3.118,2,4,0,1.356,3,6,0,0
0,5,5,3,0,4,5,4,7,0,0,1,0,4.591,1,0,3,1,1.326,6.919,0.0,7,0.884,5,5,4.287,5,2,2.788,4.06,1,-1.065,5,0.964,1.0,5.76,0,7,3,-0.622,5,4,1,5.989,2,4,2,0
3,6,4,5,0,0,6,1,1,2,2,0,5,-2.405,7,3,1,4,0.404,0.593,0.0,5,0.206,3,6,-1.261,3,2,0.721,3.88,1,-1.059,5,1.249,0.0,2.24,5,3,4,0.756,3,2,3,0.57,1,3,1,0
6,7,1,6,0,0,0,7,1,0,5,6,1,3.607,7,7,1,7,1.472,1.791,0.0,3,2.458,5,3,3.878,4,1,-0.371,3.5,1,-0.654,7,0.811,0.0,3.97,4,5,0,-3.282,7,1,4,1.605,6,5,0,0
6,5,7,1,0,2,1,0,3,5,6,6,5,1.481,2,5,2,0,0.528,4.379,0.0,0,2.21,1,6,-1.599,1,1,2.705,4.05,2,1.25,5,-0.058,-0.0,6.87,0,3,7,1.807,6,6,0,-0.144,2,0,4,0
0,4,2,3,0,1,7,2,7,2,3,1,1,-0.007,1,5,7,4,0.189,1.766,0.0,5,1.589,7,7,1.499,5,1,0.521,1.94,7,1.226,7,0.743,1.0,3.05,6,0,2,-0.072,7,6,1,-0.87,1,4,6,0
3,2,7,0,0,2,1,2,1,3,1,2,4,1.651,0,3,2,3,1.949,2.491,0.0,3,1.725,4,1,0.205,3,2,-0.068,4.06,2,0.647,0,2.366,0.0,4.78,0,6,7,-1.288,6,2,5,3.046,5,0,0,0
0,3,2,7,0,7,6,0,3,0,2,4,2,-1.707,5,7,1,6,0.604,2.363,0.0,5,-1.391,2,4,3.99,0,0,1.619,4.96,6,1.493,5,-0.695,0.0,5.37,3,3,0,1.867,6,0,6,-0.272,0,5,1,0
5,3,2,5,0,5,6,4,6,4,5,1,0,-0.137,1,5,4,6,1.168,1.533,0.0,5,1.829,5,2,2.227,4,7,1.945,3.22,6,-0.866,0,2.363,1.0,2.34,7,1,5,0.811,5,3,6,-1.52,5,3,3,0
5,7,0,7,0,5,0,7,6,0,4,6,0,-1.552,6,2,6,1,0.327,1.919,0.0,2,0.483,0,1,-4.496,4,3,0.087,2.82,6,-0.263,1,-0.553,1.0,7.35,0,6,0,2.157,3,4,1,1.147,3,1,7,0
0,5,7,6,0,6,5,7,4,1,3,3,2,2.855,0,3,7,1,0.962,0.618,0.0,6,0.343,4,4,-0.934,7,1,1.128,2.63,7,-0.326,2,0.454,0.0,2.92,0,2,7,-0.696,2,2,3,-0.205,3,7,3,0
7,3,0,5,0,7,1,4,7,7,6,0,4,-2.208,2,6,7,1,0.229,3.761,0.0,0,0.233,1,7,1.862,7,4,-0.638,4.75,2,1.155,3,-0.091,-0.0,7.26,3,6,6,-3.427,2,1,2,1.1,7,4,4,0
7,4,2,5,0,6,3,5,3,3,7,2,4,4.988,2,0,7,4,0.622,3.317,0.0,7,1.068,1,5,2.114,0,0,2.649,1.82,6,-0.342,4,0.645,1.0,2.93,1,3,0,0.325,5,0,4,0.089,6,3,2,0
6,5,1,5,0,5,3,4,1,4,5,6,7,1.798,5,6,2,7,0.689,-2.003,0.0,6,0.135,1,4,1.405,3,4,-0.178,1.4,3,0.503,2,-0.481,-0.0,1.54,1,0,4,-1.367,2,0,5,1.194,4,1,6,0
2,5,4,6,0,0,5,7,4,0,7,0,6,1.506,2,3,2,3,0.61,-1.407,737.02,5,-0.254,3,6,1.857,6,3,2.889,3.21,5,0.203,6,0.722,0.0,6.45,3,3,0,5.298,4,7,3,4.799,0,0,3,1
0,6,7,3,1,5,5,7,0,4,4,1,5,0.527,5,2,7,3,1.572,3.204,0.0,3,0.789,0,6,0.043,5,7,3.021,2.87,5,0.266,2,2.462,1.0,0.95,1,0,1,0.202,2,6,0,-0.109,3,6,4,0
3,4,1,7,1,3,7,0,4,3,5,7,6,5.25,2,6,7,5,1.997,0.117,0.0,4,3.932,5,7,7.38,5,6,0.83,5.21,7,-0.062,1,2.926,1.0,2.89,4,0,0,5.906,4,4,7,-2.796,4,5,3,0
2,4,7,3,0,2,0,3,6,1,4,1,0,0.316,1,1,3,6,0.67,3.598,0.0,3,1.805,0,5,-0.495,4,3,0.778,3.63,7,1.001,4,1.341,-0.0,4.32,1,7,6,-2.762,6,4,2,2.29,1,7,5,0
5,2,6,3,0,2,5,3,4,5,1,6,3,0.379,7,0,0,2,0.742,5.896,0.0,3,-0.113,5,7,2.748,7,3,-0.602,4.0,1,0.323,3,0.381,1.0,6.85,0,4,3,3.071,5,0,7,-2.028,5,1,2,0
4,2,6,1,0,5,1,4,4,4,3,7,4,2.439,3,7,4,6,1.099,2.536,0.0,7,1.396,0,3,2.153,7,7,2.675,3.07,4,-0.459,2,1.239,1.0,4.57,3,5,4,2.432,7,3,5,2.436,4,5,4,0
5,7,1,2,0,7,4,2,7,2,5,7,5,1.224,7,1,5,1,0.58,4.834,0.0,1,-0.768,6,2,1.472,3,0,0.973,3.78,7,1.089,0,0.809,1.0,1.87,7,6,4,-1.201,6,2,0,0.974,6,2,0,0
3,6,2,6,0,1,5,6,3,4,7,7,6,7.087,3,0,6,2,1.623,2.281,0.0,5,1.466,0,6,4.123,4,3,1.312,4.4,3,1.106,6,3.075,0.0,4.46,2,0,6,1.436,5,3,3,4.13,7,1,4,0
2,1,0,6,0,6,1,2,2,1,1,6,3,2.63,4,7,7,7,0.852,2.152,0.0,7,0.082,6,4,3.149,0,5,2.058,4.73,6,1.313,0,0.14,1.0,3.8,0,1,6,2.648,1,1,4,3.272,7,7,2,0
0,1,7,7,0,0,2,5,4,7,3,1,2,4.653,4,2,1,5,1.791,-0.042,0.0,0,-0.022,6,5,1.099,0,0,1.778,4.38,0,-0.445,2,1.115,1.0,2.33,5,2,0,1.562,3,7,3,7.37,3,0,5,0
6,6,2,5,0,4,1,7,0,0,2,5,3,0.692,4,0,0,4,1.146,2.845,0.0,5,3.013,6,7,0.512,5,3,2.06,2.41,2,0.005,7,0.911,2.0,6.04,0,0,7,-2.316,1,0,1,2.297,2,7,7,0
0,7,6,3,0,6,2,1,7,6,2,3,2,1.362,7,2,3,7,1.108,0.047,0.0,1,1.579,1,0,-0.156,7,0,1.677,0.38,4,0.648,1,1.471,1.0,5.72,1,4,6,1.457,4,7,5,2.701,5,4,5,0
7,4,7,5,0,5,4,3,0,3,0,5,3,1.402,5,7,0,4,0.544,-1.049,0.0,1,0.057,0,3,-1.343,5,3,1.781,3.36,5,-0.157,2,1.103,1.0,2.55,4,2,7,3.018,5,1,3,3.991,3,4,3,0
0,2,3,6,1,6,5,4,5,7,7,4,3,2.375,4,1,7,0,2.37,5.061,0.0,6,2.326,1,3,2.245,6,3,3.276,1.56,6,-2.088,4,1.791,1.0,4.7,5,0,6,2.63,4,6,4,3.438,3,3,3,0
5,2,3,5,0,2,1,1,7,4,3,7,1,1.511,4,6,3,0,1.632,1.654,0.0,0,0.499,5,7,1.274,1,7,2.486,3.43,2,0.852,5,2.191,0.0,3.71,3,3,4,-0.988,7,7,1,-2.488,0,7,0,0
6,5,3,2,0,6,3,6,3,1,2,6,1,-1.189,1,1,3,4,1.749,3.551,0.0,0,2.085,5,4,-3.016,3,2,1.96,4.68,6,1.743,1,2.086,2.0,6.05,1,1,3,2.17,1,3,3,1.753,5,1,4,0
6,5,3,0,0,7,0,7,1,3,2,3,1,0.775,1,6,0,3,1.266,4.504,0.0,7,-0.206,2,4,2.31,3,6,1.201,2.45,5,-0.139,2,1.029,2.0,5.3,1,1,4,2.694,7,1,5,-2.166,3,2,7,0
7,3,2,2,0,7,3,4,3,6,6,0,4,1.364,5,4,2,4,0.588,-0.429,0.0,5,2.368,2,0,-3.014,2,3,-0.701,2.67,7,-0.789,4,0.734,0.0,4.06,6,3,5,-3.809,6,7,0,-0.567,6,0,3,0
5,4,2,1,0,1,5,5,2,1,2,0,0,4.765,2,5,4,0,-0.202,-1.067,0.0,6,1.339,0,3,-2.444,3,2,-0.95,2.96,2,-0.285,5,0.076,0.0,3.96,6,4,2,2.265,7,6,0,2.626,6,4,4,0
5,4,3,0,0,4,1,0,6,4,5,4,6,0.467,3,2,1,5,1.389,3.125,0.0,1,1.626,7,4,3.417,1,4,1.89,3.3,7,-1.387,7,2.291,2.0,5.61,2,7,1,-3.22,5,0,7,5.255,5,0,2,0
4,1,4,4,1,4,5,2,1,4,5,2,0,5.824,5,2,6,0,5.223,3.395,0.0,6,6.973,3,4,7.385,4,5,4.825,5.58,7,0.951,3,5.103,3.0,9.01,1,5,5,6.993,3,7,0,4.848,5,0,5,1
1,3,4,0,1,4,3,0,3,2,6,0,1,7.506,5,3,2,3,10.183,5.589,0.0,3,9.994,5,3,5.464,4,1,11.216,5.91,7,0.886,1,10.266,6.0,7.46,6,0,1,12.145,6,3,3,8.384,5,1,5,1
6,1,7,3,0,2,4,3,2,3,2,5,6,0.765,0,4,4,5,1.174,5.688,0.0,4,1.565,0,6,0.876,7,0,2.755,3.95,6,-0.225,3,1.561,1.0,3.98,6,6,0,1.904,6,5,5,1.086,2,4,2,0
6,4,1,4,0,0,4,6,6,5,1,7,2,-0.058,1,0,1,3,0.918,1.519,0.0,2,1.934,1,1,0.358,1,6,1.694,3.73,1,0.308,7,0.272,0.0,4.68,5,4,6,2.02,3,5,3,3.916,0,7,7,0
4,5,6,7,0,5,2,2,4,6,2,5,4,-0.236,5,7,1,1,0.633,3.74,0.0,4,1.772,3,5,-0.028,0,2,0.724,2.06,1,-0.341,6,1.187,1.0,4.63,5,3,0,2.094,6,0,0,-0.439,6,4,0,0
