flood_class,tilt_band,fuse_rating,met_station,warranty_credit_usd,security_class,racking_type,string_age_months,om_contractor,grid_operator,site_code,truck_roll_cost_usd,inverter_clip_hours,orientation_class,module_replacement_count,insurer,inverter_model,cell_tech,el_image_crack_grade_fail,snow_zone,irradiance_mean,land_lease_type,vegetation_plan,monitoring_vendor,iv_curve_fill_factor_fail,commission_quarter,string_length,post_repair_yield_ratio,ppa_class,module_temp_mean,shading_zone,cable_spec,epc_contractor,soil_type,module_vendor,tracker_flag,wind_zone,combiner_box,soiling_ratio_index,wash_contract,string_warranty_claim
3,4,6,5,0.0,5,0,0.762,1,7,3,0.0,3.903,4,0.0,3,5,5,0,5,-0.904,3,3,4,0,2,0,1.096,5,-0.297,5,7,6,5,7,0,1,4,0.802,4,0
4,6,4,6,1378.02,1,5,1.768,5,4,1,0.0,2.866,3,0.0,0,1,1,1,3,1.113,6,1,2,0,2,5,1.273,0,0.784,5,7,4,7,5,3,1,2,0.153,0,1
5,2,6,4,0.0,3,6,0.697,3,7,3,0.0,2.191,3,0.0,5,1,2,0,5,-2.944,4,3,1,0,6,1,0.83,7,0.37,7,6,0,3,5,3,0,0,0.157,0,0
6,2,1,2,0.0,5,2,-1.138,1,2,7,0.0,1.548,3,0.0,6,7,0,0,1,0.645,3,7,1,0,2,5,0.958,7,0.184,4,1,7,5,3,0,7,4,-1.086,5,0
1,6,0,7,0.0,0,2,0.734,3,1,7,0.0,-0.222,6,0.0,7,6,6,0,2,-0.416,4,4,3,0,3,7,1.319,3,1.187,0,0,7,1,2,7,0,3,0.976,2,0
7,0,0,2,691.71,6,5,1.138,4,3,4,0.0,2.535,5,0.0,4,0,3,0,0,3.197,7,1,2,1,6,3,1.217,3,-0.035,3,6,7,3,3,6,0,2,1.38,7,1
4,4,6,0,0.0,5,6,1.266,0,1,2,0.0,-0.663,6,0.0,7,3,1,0,4,1.353,4,7,3,0,5,0,1.07,1,1.094,3,2,5,5,7,6,3,1,1.046,0,0
6,1,0,1,0.0,5,2,-0.602,4,7,5,0.0,4.008,2,0.0,7,0,0,0,5,1.092,2,7,1,0,1,1,0.889,5,2.413,1,7,1,6,2,3,6,4,0.075,7,0
4,6,3,0,0.0,3,3,-2.022,5,1,1,0.0,-0.782,0,0.0,5,0,3,0,2,-1.547,4,4,0,0,0,4,0.889,4,-1.052,6,7,1,3,2,1,1,7,-1.89,4,0
5,2,4,6,0.0,0,3,-1.953,6,0,6,0.0,-1.075,7,0.0,7,4,2,0,7,-1.374,2,3,7,0,7,4,1.084,3,0.047,4,1,6,2,7,5,5,0,-1.327,3,0
5,5,3,4,1040.01,6,1,1.945,2,4,4,0.0,5.089,0,0.0,5,7,0,1,6,2.67,1,5,0,1,7,0,1.16,1,0.648,2,1,3,5,0,4,5,7,1.326,0,1
0,7,5,2,0.0,2,5,1.215,2,7,7,0.0,6.411,4,0.0,7,2,6,0,6,2.736,5,0,2,0,1,0,0.986,0,0.546,0,2,7,4,7,7,4,2,1.812,3,0
3,6,6,5,0.0,4,0,-0.543,1,4,5,0.0,-5.783,4,0.0,1,7,6,0,1,-0.824,0,4,3,0,5,0,0.822,7,-2.411,0,7,4,3,1,7,3,4,-2.048,4,0
7,4,3,1,0.0,1,0,-0.569,7,4,4,0.0,2.799,0,0.0,3,3,3,0,1,-0.474,0,7,2,0,3,0,1.277,1,2.335,6,6,1,7,3,6,4,2,0.249,1,0
7,2,4,2,0.0,5,2,-0.312,1,6,6,0.0,4.353,3,0.0,3,0,1,0,0,-0.365,5,5,4,0,0,5,1.334,4,1.073,1,6,5,6,2,3,3,6,-0.433,2,0
1,2,5,2,0.0,3,7,-1.341,0,6,4,0.0,3.763,2,0.0,1,7,5,0,6,-2.294,0,2,2,0,3,7,0.887,3,2.523,4,1,3,0,2,7,1,6,-1.177,7,0
5,1,6,2,0.0,1,5,-0.399,4,1,7,0.0,2.87,3,0.0,1,5,6,0,4,-0.523,7,5,6,0,0,5,1.142,3,1.017,4,3,3,5,4,7,4,3,-0.943,6,0
1,0,1,4,0.0,3,3,0.639,4,7,5,0.0,-0.326,3,0.0,3,2,0,0,6,-0.703,4,0,2,0,6,1,1.164,7,0.137,7,2,5,3,7,6,0,1,0.156,3,0
7,4,0,4,0.0,2,3,-1.16,5,4,3,0.0,-2.123,3,0.0,0,4,0,0,4,-1.209,7,0,1,0,5,5,1.271,4,-2.778,0,4,5,0,3,0,2,2,-1.19,5,0
6,4,6,1,0.0,1,7,-0.285,5,0,2,0.0,-5.051,0,0.0,7,2,5,0,2,-3.37,6,5,6,0,1,2,1.012,5,-1.273,3,0,5,1,0,1,4,2,-1.337,7,0
3,2,5,1,0.0,3,4,0.832,4,5,6,0.0,3.595,5,0.0,5,5,7,0,5,1.606,6,1,1,0,4,6,1.229,4,-0.51,5,5,2,0,6,5,1,4,0.261,1,0
5,1,7,6,0.0,4,1,-0.164,0,0,4,0.0,0.322,5,0.0,7,3,7,0,3,-1.311,2,2,2,0,2,1,1.059,2,0.403,4,5,1,4,3,4,2,1,0.093,1,0
1,3,4,1,0.0,5,1,-0.234,0,0,3,0.0,-2.524,7,0.0,2,2,7,0,7,-1.504,1,7,1,0,4,3,0.761,3,-2.036,6,4,6,7,3,0,2,6,-0.707,3,0
3,5,6,0,0.0,3,3,-1.823,3,7,7,0.0,-4.402,3,0.0,3,7,2,0,4,-1.035,0,6,6,0,6,4,1.024,2,-0.989,4,4,0,2,3,0,2,1,-2.07,4,0
0,2,2,3,0.0,4,1,-2.121,2,1,4,0.0,-1.416,5,0.0,3,4,5,0,1,-3.261,7,2,1,0,3,2,0.929,6,-2.518,6,7,6,3,2,7,1,7,-1.626,6,0
2,5,0,3,0.0,7,1,1.339,3,0,6,0.0,2.443,2,0.0,2,3,7,0,5,0.347,7,5,2,0,3,1,0.92,7,2.687,5,4,5,6,4,3,7,3,1.405,5,0
3,3,1,0,0.0,6,7,-0.098,4,5,5,0.0,-2.741,6,0.0,2,7,7,0,3,-1.198,5,0,7,0,1,0,0.945,7,2.441,3,6,5,3,2,1,1,1,0.103,2,0
7,7,7,0,0.0,7,7,1.066,3,2,5,0.0,1.587,1,0.0,5,2,7,0,4,1.747,3,2,7,0,0,0,0.546,6,-2.702,4,7,4,7,5,7,4,2,-0.634,7,0
1,4,2,1,0.0,6,6,0.185,0,3,1,0.0,3.152,6,0.0,7,6,6,0,5,0.96,6,0,6,0,0,5,1.01,3,-2.08,2,3,7,1,6,2,4,4,-0.431,7,0
2,7,6,7,1934.79,7,4,0.947,6,1,1,0.0,-1.113,3,0.0,6,1,5,1,5,-0.161,1,0,4,1,1,3,1.522,4,4.423,7,6,6,6,3,4,6,2,1.065,3,1
7,1,3,0,0.0,3,3,0.231,3,6,6,0.0,-2.23,0,0.0,1,2,0,0,6,-0.814,6,1,2,0,2,3,0.689,5,-1.474,4,2,7,3,3,1,6,4,-0.691,2,0
0,3,5,4,0.0,7,2,-0.414,1,1,2,0.0,-2.23,2,0.0,4,1,4,0,1,1.182,6,1,3,0,6,3,0.66,2,-0.822,3,1,5,0,5,4,1,3,-0.082,7,0
4,6,7,4,1561.09,4,4,0.661,6,4,5,0.0,5.812,3,0.0,2,0,5,1,0,3.348,6,0,1,1,6,1,1.588,4,1.992,1,3,7,3,0,6,6,2,0.879,5,1
6,2,5,4,0.0,2,1,-0.193,7,2,0,0.0,-1.769,6,0.0,0,4,7,0,4,-1.481,5,5,4,0,0,6,1.031,7,-1.037,7,7,0,7,6,1,0,5,-0.562,2,0
7,4,6,2,0.0,2,2,-1.243,4,0,7,0.0,-1.067,6,0.0,0,4,4,0,5,-1.992,7,4,5,0,6,4,1.007,2,0.663,0,0,4,0,0,3,6,2,-0.687,4,0
7,3,2,3,0.0,5,5,-1.695,0,6,6,0.0,0.911,4,0.0,1,4,2,0,0,-1.335,5,7,6,0,2,5,0.938,0,0.843,0,6,5,3,1,4,1,0,-1.551,7,0
0,6,2,0,0.0,2,2,-1.18,5,4,1,0.0,-2.532,5,0.0,4,2,2,0,6,-2.361,0,5,0,0,6,4,1.261,5,-5.219,7,4,0,4,6,4,0,5,-0.665,7,0
4,2,5,6,0.0,1,2,0.608,4,6,6,0.0,3.069,5,0.0,3,1,7,0,4,2.333,0,3,0,0,1,3,1.398,1,2.434,7,1,3,3,1,4,7,6,0.856,2,0
5,2,3,5,0.0,3,4,1.171,2,5,1,0.0,2.715,4,0.0,2,3,7,0,3,1.8,6,7,7,1,1,3,1.6,4,3.336,4,7,4,6,0,7,6,0,0.473,3,1
2,5,1,1,0.0,0,1,-0.708,1,5,6,0.0,-1.758,5,0.0,0,1,1,0,5,0.011,3,7,4,0,4,5,0.895,0,0.374,5,5,3,1,5,1,2,6,-0.112,7,0
7,2,5,6,0.0,7,4,-0.104,0,1,5,0.0,1.286,0,0.0,1,7,4,0,7,3.385,3,1,6,0,1,1,0.919,0,-0.206,3,4,7,2,7,5,0,6,-0.195,4,0
7,2,3,4,0.0,1,6,-1.12,2,6,7,0.0,-5.284,3,0.0,3,2,0,0,2,0.418,2,3,3,0,6,7,0.839,0,-1.465,0,5,4,7,5,5,1,4,-0.227,6,0
4,4,5,2,0.0,0,5,-0.358,6,4,1,0.0,0.456,6,0.0,5,7,6,0,6,-0.527,1,0,7,0,4,5,0.846,4,-1.635,4,3,4,1,6,3,5,1,-0.873,4,0
1,5,1,6,0.0,3,1,-0.182,3,5,5,0.0,-0.066,4,0.0,3,4,0,0,4,-1.325,7,5,6,0,4,4,0.863,3,0.245,6,5,2,6,7,3,1,2,-0.86,4,0
5,3,6,3,171.32,2,0,2.263,4,2,7,0.0,2.637,6,0.0,5,4,0,1,7,1.257,4,2,5,1,7,6,1.098,5,-1.259,6,4,3,0,3,5,7,6,1.119,6,1
4,7,7,2,0.0,0,2,1.474,7,4,0,0.0,-1.505,3,0.0,0,2,0,1,6,2.334,0,2,7,1,7,7,1.215,2,3.037,2,1,2,2,0,1,1,4,1.599,7,1
7,7,5,4,0.0,3,6,0.483,7,2,0,0.0,1.747,2,0.0,2,2,0,0,1,-0.606,4,3,6,0,7,1,0.826,1,1.507,2,3,2,6,0,2,0,7,0.02,1,0
7,0,2,0,0.0,2,6,-0.022,4,7,5,0.0,1.215,0,0.0,2,2,3,0,6,-0.413,0,2,2,0,0,3,0.845,4,1.138,4,1,6,7,5,3,7,6,0.355,0,0
2,6,1,6,0.0,0,2,-0.008,6,6,5,0.0,1.147,2,0.0,6,5,4,0,4,-0.465,4,5,6,0,3,2,0.868,6,1.623,7,6,1,1,2,1,0,4,0.285,7,0
7,7,1,2,0.0,2,0,0.011,1,3,7,0.0,0.635,6,0.0,7,0,0,0,1,0.353,1,1,5,0,4,2,1.18,6,0.613,5,7,0,0,2,6,5,6,-0.371,5,0
2,1,4,1,0.0,6,1,-1.039,3,0,7,0.0,3.846,0,0.0,1,1,4,0,4,-0.733,1,0,4,0,4,3,1.2,7,-0.178,5,1,5,0,3,6,4,5,0.056,3,0
1,4,6,6,0.0,6,2,1.57,3,6,1,0.0,1.19,4,0.0,1,4,7,1,4,1.699,2,1,5,1,0,7,1.209,7,2.917,5,2,3,6,2,1,5,7,2.26,2,1
1,2,1,4,0.0,2,2,1.683,1,3,7,0.0,-3.083,0,0.0,2,3,1,0,1,0.823,5,5,7,1,0,5,1.21,6,-0.612,3,6,7,2,6,1,0,7,1.322,2,1
5,7,7,6,0.0,0,0,-1.435,6,1,6,0.0,-1.457,1,0.0,3,6,1,0,5,-0.728,6,4,1,0,3,4,1.162,3,-2.096,6,1,0,3,6,2,7,4,-0.637,1,0
1,3,5,4,0.0,3,0,-0.439,0,5,5,0.0,-1.745,3,0.0,0,3,6,0,0,0.612,5,0,6,0,4,0,1.061,4,-0.671,7,2,6,0,1,6,7,2,-0.27,7,0
0,6,3,6,1638.84,7,5,1.066,0,5,4,0.0,4.118,4,0.0,2,3,7,1,2,1.482,2,4,6,0,1,0,1.195,3,0.394,6,0,5,4,2,3,1,5,1.472,7,1
1,2,4,7,0.0,6,0,-1.296,2,2,0,0.0,-3.19,1,0.0,0,7,1,0,2,1.807,4,4,1,0,2,6,1.197,2,-1.985,5,0,0,0,2,3,4,5,-0.73,5,0
5,4,2,5,0.0,7,0,-0.305,7,7,4,0.0,-1.348,5,0.0,2,0,7,0,7,0.894,1,4,0,0,4,6,0.507,4,-1.646,0,3,0,1,6,7,2,7,-0.46,0,0
5,7,2,4,0.0,5,1,0.262,3,5,7,0.0,0.373,2,0.0,2,4,5,1,6,-0.236,5,5,6,1,7,0,0.971,6,4.031,7,2,6,2,5,4,7,0,0.695,2,1
4,3,4,6,0.0,7,1,2.166,7,5,5,0.0,-2.66,7,0.0,1,0,1,1,1,2.566,1,6,0,1,7,5,1.348,4,3.088,3,7,7,1,4,6,5,7,1.743,2,1
0,6,0,4,1538.71,6,1,1.98,3,4,5,0.0,1.254,7,15.74,0,5,3,1,1,0.686,5,6,5,1,5,5,1.214,1,0.587,1,7,7,1,1,1,4,7,1.472,0,1
0,3,4,2,0.0,5,6,-0.243,4,4,2,0.0,1.991,5,0.0,0,1,1,0,0,-0.592,3,2,4,0,4,7,1.241,3,0.384,6,0,6,0,2,2,4,1,-0.775,5,0
3,4,0,2,1980.07,1,4,1.546,1,3,5,0.0,3.322,4,0.0,6,0,6,0,3,1.322,7,6,2,1,1,7,1.147,0,1.378,6,6,3,0,3,5,6,7,1.46,7,1
3,1,4,4,1274.04,1,5,0.87,0,2,0,0.0,0.018,0,0.0,4,3,2,1,3,1.36,7,7,2,1,0,7,1.175,1,-0.032,5,3,3,5,4,7,5,0,0.805,5,1
6,2,4,6,0.0,6,0,-0.003,3,6,5,0.0,-2.827,3,0.0,2,0,4,0,1,-0.212,5,3,4,0,2,0,1.061,2,2.247,3,3,1,3,6,4,1,3,0.363,0,0
3,4,5,6,1192.82,0,3,2.499,5,3,4,0.0,3.223,3,0.0,3,3,0,1,2,2.75,6,6,5,1,1,1,1.156,1,0.896,1,1,4,5,4,7,0,2,1.671,4,1
5,5,2,3,0.0,1,4,-1.488,6,6,6,0.0,-1.542,7,0.0,4,7,3,0,6,-2.425,6,6,5,0,6,4,1.024,0,-0.456,5,0,5,3,6,0,3,1,-0.918,4,0
7,5,1,4,0.0,2,1,-1.164,6,6,2,0.0,-1.438,6,0.0,5,0,0,0,4,-0.765,0,6,5,0,1,3,0.972,1,-2.824,4,1,1,2,6,7,7,5,-0.987,7,0
5,3,1,4,0.0,2,1,0.928,6,4,0,0.0,0.345,3,0.0,2,5,7,0,0,0.171,4,2,5,0,2,7,0.953,1,0.665,7,4,1,7,6,2,4,5,0.533,3,0
6,4,2,4,0.0,7,7,-0.406,5,7,6,0.0,-1.301,4,0.0,5,5,4,0,3,-2.567,1,3,6,0,1,2,1.304,4,0.326,6,3,7,4,2,1,3,7,-0.883,0,0
6,5,5,0,0.0,1,0,-0.376,0,1,4,0.0,2.241,3,0.0,3,5,7,0,2,-1.442,2,2,3,0,1,6,1.164,4,0.374,2,3,5,0,0,5,2,4,-0.738,6,0
3,4,1,2,0.0,5,3,-1.434,3,4,7,0.0,-3.133,0,0.0,1,6,4,0,2,-1.579,5,3,0,0,6,1,1.138,3,-0.37,2,0,1,6,1,1,6,5,-1.361,7,0
6,4,4,4,0.0,2,5,-1.049,5,6,6,0.0,0.107,7,0.0,5,2,5,0,3,-1.466,2,6,6,0,2,2,1.013,4,0.49,2,4,5,0,2,4,5,7,-0.958,1,0
1,3,5,0,0.0,5,2,-2.149,3,1,5,0.0,-1.743,7,0.0,0,3,6,0,6,-0.609,2,7,1,0,5,2,1.162,3,-3.209,7,7,2,2,4,0,6,6,-1.926,1,0
4,3,0,0,0.0,2,5,0.798,4,1,4,0.0,-2.478,2,0.0,0,2,7,0,1,1.035,6,0,0,0,5,3,0.852,3,-3.105,6,5,2,4,5,5,4,0,0.142,6,0
6,7,0,2,0.0,7,7,1.44,5,1,1,0.0,-0.209,1,3.84,3,1,7,0,2,-0.582,7,2,2,1,0,1,1.242,7,1.053,3,4,3,2,5,0,7,4,1.355,0,1
3,7,1,5,214.52,0,4,2.646,2,5,7,0.0,3.317,7,0.0,7,3,7,1,4,1.512,3,7,5,1,3,7,1.22,6,1.252,7,5,1,5,2,0,5,2,2.008,0,1
4,4,4,4,0.0,2,2,0.613,5,0,2,0.0,1.316,3,0.0,0,7,0,0,6,1.033,4,1,6,0,6,5,1.001,3,-1.452,5,3,7,2,0,0,4,5,0.601,6,0
1,3,7,2,0.0,4,5,0.006,5,0,2,0.0,0.282,4,0.0,4,1,3,0,6,0.088,6,0,2,0,4,3,1.091,7,3.205,0,7,4,1,7,4,1,2,-0.27,4,0
5,0,1,0,0.0,5,0,-2.234,7,1,0,0.0,-2.301,4,0.0,6,7,4,0,1,-2.876,4,7,2,0,1,6,1.372,0,-0.475,2,7,2,2,6,1,3,1,-1.95,6,0
5,0,4,2,0.0,6,0,0.54,5,6,2,0.0,1.501,3,0.0,1,0,1,0,2,-0.128,4,4,7,0,4,5,0.95,2,1.68,0,5,2,5,6,0,5,0,0.507,3,0
4,2,7,7,0.0,7,6,-0.611,2,1,1,0.0,0.614,3,0.0,1,7,7,0,3,1.591,6,0,3,0,1,4,1.1,1,-0.73,1,6,2,1,0,4,0,6,-0.843,3,0
3,7,2,4,0.0,6,4,0.041,4,1,2,0.0,0.793,2,0.0,6,7,7,0,1,0.275,1,7,4,0,4,7,0.636,2,-0.574,7,6,7,5,1,6,2,6,-0.273,3,0
6,0,6,0,0.0,4,1,0.29,7,2,3,0.0,-2.547,5,0.0,6,7,1,0,0,-1.598,0,2,2,0,5,5,1.167,3,1.832,2,0,4,2,4,5,2,1,0.361,7,0
2,0,1,2,0.0,2,4,0.274,6,6,4,0.0,0.382,0,0.0,4,6,0,0,7,0.665,3,1,1,0,7,6,0.9,6,-3.094,6,5,7,0,4,4,1,0,0.742,5,0
1,0,2,0,0.0,3,4,-0.755,0,3,5,0.0,-1.896,3,0.0,7,4,4,0,5,-0.64,2,7,0,0,6,4,1.125,4,-1.575,3,2,1,4,3,0,4,6,-0.272,3,0
1,6,5,6,0.0,3,0,-1.147,2,5,1,0.0,1.596,5,0.0,4,0,6,0,2,0.089,2,6,6,0,3,7,0.979,0,-1.315,5,3,2,4,4,1,1,4,-0.205,6,0
4,1,7,2,0.0,4,7,0.594,6,7,1,0.0,2.22,6,0.0,2,1,7,1,4,0.17,1,5,3,0,2,2,1.222,0,3.839,7,5,3,0,4,7,5,2,0.489,4,1
6,2,0,7,0.0,1,3,1.924,0,7,3,0.0,3.746,5,0.0,5,4,4,0,5,-0.465,7,0,2,0,3,7,0.922,1,-1.177,3,3,4,7,2,1,0,0,1.012,3,0
5,0,4,5,0.0,6,0,0.17,2,3,7,0.0,0.073,7,0.0,4,3,7,0,1,-0.992,2,2,3,0,0,4,0.703,3,-1.603,1,7,0,0,2,2,6,0,0.059,3,0
1,2,7,5,0.0,5,1,-0.201,1,6,0,0.0,0.286,2,0.0,0,4,2,0,7,0.96,5,2,4,0,7,7,0.908,7,-0.125,1,5,0,0,7,1,3,4,-0.019,4,0
6,3,2,7,0.0,0,3,0.038,5,4,5,0.0,0.028,0,0.0,3,1,3,0,4,0.627,6,4,0,0,7,6,1.204,5,1.253,7,0,3,1,0,1,6,6,0.252,1,0
3,6,0,7,0.0,5,4,-0.573,0,0,5,0.0,1.588,6,0.0,3,0,4,0,7,-1.458,6,1,1,0,4,7,0.853,6,2.514,2,1,4,7,7,4,1,6,-0.699,2,0
7,0,2,5,0.0,6,6,-1.388,5,0,0,0.0,-0.957,2,0.0,7,0,2,0,3,-2.766,1,4,6,0,1,2,1.033,3,2.223,1,3,3,7,7,1,3,6,-1.529,6,0
6,3,0,7,300.35,6,5,1.305,0,1,1,0.0,0.936,7,0.0,0,4,1,1,2,2.822,0,3,7,1,7,7,1.43,0,0.777,7,5,3,0,1,2,5,2,1.4,3,1
1,5,0,3,0.0,6,7,-1.394,2,7,7,0.0,2.83,5,0.0,2,4,0,0,7,1.189,4,0,0,0,0,5,1.168,5,-0.167,4,3,0,2,3,5,5,3,-1.313,1,0
0,0,0,5,0.0,1,2,-0.997,4,5,5,0.0,-0.837,3,0.0,7,0,1,0,7,2.065,5,5,7,0,2,0,0.933,2,2.192,2,0,1,2,0,2,6,5,-0.483,4,0
5,5,4,4,0.0,3,4,1.721,6,5,3,0.0,1.106,0,0.0,5,3,1,0,6,0.61,1,6,5,0,0,5,0.721,5,1.854,7,4,1,7,2,6,4,6,0.808,1,0
7,0,2,4,475.99,2,3,1.953,6,0,4,0.0,0.775,5,23.31,0,7,3,1,6,0.896,2,6,1,0,7,2,1.386,5,1.529,5,6,6,4,1,3,7,6,1.233,1,1
5,1,7,4,0.0,7,1,-0.941,0,3,5,0.0,-3.53,4,0.0,5,6,3,0,1,0.03,7,6,5,0,0,1,0.771,0,0.321,0,1,5,2,1,4,5,3,-0.985,5,0
4,6,1,1,0.0,0,7,0.87,4,6,7,0.0,5.164,2,0.0,1,7,0,0,4,1.311,0,3,3,1,2,5,1.378,3,1.6,3,3,0,5,2,1,7,5,0.264,3,1
0,4,2,0,0.0,2,5,-0.536,6,5,5,0.0,1.697,7,0.0,2,1,7,0,3,0.095,7,2,2,0,6,7,0.772,3,-0.326,4,1,5,2,5,3,4,1,0.53,6,0
7,6,1,7,0.0,1,5,-0.742,0,0,2,0.0,1.187,2,0.0,5,2,3,0,0,-0.621,5,7,7,0,6,4,1.176,3,-2.842,6,7,4,4,3,7,4,0,-0.304,5,0
2,7,6,6,0.0,6,1,-0.469,2,1,1,0.0,-1.662,7,0.0,7,4,2,0,2,-1.296,1,5,0,0,1,6,0.908,2,1.853,5,2,5,4,2,3,0,0,-0.746,7,0
0,6,0,5,0.0,7,1,-0.519,5,5,5,0.0,-0.56,0,15.99,4,5,6,1,4,1.523,6,6,1,0,6,1,1.42,3,-0.167,4,6,1,1,1,7,3,0,0.276,7,1
2,3,6,5,0.0,7,4,-0.938,6,7,0,0.0,1.619,5,0.0,2,0,5,0,6,-0.677,4,5,4,0,7,5,0.65,0,1.742,3,2,7,5,1,6,3,5,-0.674,4,0
2,1,2,6,0.0,4,5,0.94,3,6,6,0.0,0.048,1,0.0,2,7,0,0,2,0.979,7,4,1,0,5,4,0.879,2,0.117,5,3,1,7,1,3,1,5,0.316,0,0
5,0,6,5,0.0,0,0,-0.804,7,3,0,0.0,-4.063,1,0.0,0,1,0,0,3,-0.383,6,1,2,0,6,0,1.142,7,0.117,3,1,7,1,4,0,6,5,-1.207,1,0
1,4,0,7,0.0,2,1,-0.603,2,6,1,0.0,-2.839,4,0.0,7,3,1,0,1,-1.382,2,0,2,0,4,3,1.04,7,-2.136,3,1,4,0,7,3,7,3,-0.49,6,0
5,1,0,4,0.0,0,4,-2.367,3,4,0,0.0,-1.662,0,0.0,1,6,2,0,6,-3.347,2,4,0,0,5,6,0.82,7,-0.752,7,7,4,4,6,6,1,7,-2.478,6,0
7,6,2,3,0.0,6,4,-1.503,6,7,0,0.0,-1.393,4,0.0,2,3,0,0,7,0.249,0,2,0,0,3,7,0.72,2,-1.267,7,7,3,0,2,4,5,0,-1.6,1,0
0,6,2,6,0.0,7,3,0.617,6,4,3,0.0,3.397,3,0.0,7,0,3,0,4,0.906,6,2,2,0,7,0,1.104,6,0.325,2,0,3,6,5,5,1,3,0.027,6,0
7,2,0,1,0.0,1,1,-0.771,4,0,7,0.0,-0.207,3,0.0,4,3,5,0,3,1.413,4,4,5,0,2,2,0.775,7,-0.206,7,2,7,0,0,1,2,0,-0.683,0,0
2,0,5,2,0.0,6,5,-0.901,5,0,0,0.0,-2.667,5,0.0,6,5,1,0,5,-1.951,6,1,1,0,1,7,0.964,4,-0.851,5,3,4,6,1,3,4,4,0.083,5,0
2,4,0,1,0.0,0,0,-1.684,5,2,4,0.0,-4.311,1,0.0,7,3,1,0,3,-1.091,6,1,2,0,6,0,1.151,7,-1.229,2,7,0,7,2,3,6,2,-1.671,2,0
1,3,1,3,0.0,0,0,-0.505,1,5,5,0.0,2.057,7,0.0,5,1,6,0,7,0.018,3,2,1,0,5,5,1.191,7,-0.51,1,6,6,3,7,4,4,7,0.586,0,0
6,3,3,6,0.0,1,7,0.547,4,2,7,0.0,-0.54,2,0.0,0,2,1,0,6,0.478,6,2,4,0,5,0,1.327,1,1.875,5,0,3,6,5,0,7,4,0.418,1,0
3,4,6,5,0.0,7,2,-0.876,1,1,2,0.0,1.575,1,0.0,3,1,5,0,5,-1.117,1,0,6,0,1,4,1.214,3,1.206,0,0,4,7,3,1,5,5,-0.561,2,0
7,7,1,0,1166.91,3,0,0.33,5,3,6,0.0,-3.642,1,0.0,5,6,5,1,0,2.366,4,2,7,0,6,1,0.92,5,2.217,0,0,1,5,6,6,1,3,1.222,4,1
1,3,5,4,0.0,1,2,0.817,3,5,7,0.0,-2.678,1,0.0,4,0,1,0,6,0.078,4,7,0,0,2,3,0.865,0,1.212,7,6,5,2,7,7,2,3,0.147,5,0
4,7,1,7,0.0,7,1,-2.079,7,1,1,0.0,-3.846,4,0.0,2,4,0,0,0,-0.63,6,2,6,0,6,2,0.931,3,-2.045,0,2,7,3,0,2,5,7,-2.657,3,0
2,3,3,1,772.25,2,5,1.811,1,4,7,0.0,2.942,2,0.0,0,1,6,0,5,2.718,4,6,5,1,3,3,1.378,7,-0.106,4,3,7,2,6,3,1,1,1.761,1,1
1,6,0,6,0.0,0,3,-0.459,0,2,2,0.0,1.102,6,0.0,6,2,5,0,4,-0.899,7,5,3,0,1,4,1.041,2,0.918,2,7,0,5,0,3,6,4,-0.676,1,0
3,3,0,7,0.0,2,3,0.516,1,6,4,0.0,-2.935,6,0.0,7,7,6,0,1,0.329,4,0,3,0,6,0,1.177,5,-2.998,2,5,5,6,7,7,6,0,0.632,5,0
1,1,3,3,0.0,6,0,1.23,7,4,2,0.0,0.29,7,0.0,7,4,2,0,3,1.633,7,7,1,0,5,6,1.076,0,4.897,7,2,7,1,6,3,0,1,1.213,5,0
2,7,2,3,0.0,4,1,1.892,4,0,3,0.0,3.428,1,0.0,6,3,6,0,1,0.381,3,3,4,1,5,4,1.222,7,0.127,4,7,4,7,0,3,3,3,1.213,3,1
7,1,7,4,0.0,2,2,-0.295,1,5,2,0.0,2.26,6,0.0,6,1,0,0,5,0.22,4,3,6,0,6,1,1.21,5,-1.285,5,3,1,5,1,5,1,0,-0.454,2,0
0,4,6,3,0.0,4,4,0.264,7,3,6,0.0,2.724,4,0.0,6,1,0,0,4,-0.036,2,2,6,0,1,6,0.892,4,1.255,4,4,1,2,6,5,7,5,0.676,7,0
5,3,6,2,957.95,1,7,0.296,4,1,5,0.0,0.012,0,0.0,4,3,1,0,2,0.326,3,2,4,1,4,1,1.394,4,1.993,6,3,3,3,1,7,1,4,0.908,6,1
1,7,6,0,0.0,5,5,1.634,2,4,7,0.0,-1.398,1,0.0,5,6,4,0,1,-0.133,5,3,7,0,4,6,1.262,3,-1.672,6,6,1,7,5,2,5,6,0.943,4,0
6,6,0,1,0.0,1,4,-0.889,7,0,7,0.0,-0.438,7,0.0,3,6,6,0,1,-0.252,2,0,7,0,6,1,0.852,3,-0.946,2,5,0,5,2,1,1,2,-0.688,6,0
6,6,4,6,1612.63,0,5,1.129,4,2,5,0.0,-1.21,3,0.0,1,4,0,1,1,1.078,6,0,5,1,7,4,1.293,2,1.526,2,7,3,6,5,6,6,0,0.693,1,1
1,0,3,4,0.0,5,4,-0.876,7,5,3,0.0,0.158,5,0.0,5,5,0,0,5,1.519,2,2,0,0,4,6,0.814,4,-1.05,0,2,1,5,6,7,6,5,0.449,2,0
7,7,2,1,0.0,6,5,0.22,3,5,5,0.0,0.484,5,0.0,0,7,4,0,2,0.443,7,0,2,0,0,5,0.926,1,-0.237,0,4,1,2,0,2,7,7,-0.19,4,0
2,1,7,1,0.0,7,6,0.262,4,7,6,0.0,0.358,4,0.0,7,4,0,0,1,-0.05,0,6,1,0,7,0,0.983,7,1.962,5,1,4,3,6,2,4,5,0.809,4,0
4,0,1,2,0.0,7,0,-0.738,2,0,3,0.0,3.8,6,0.0,0,2,6,0,5,-1.001,2,0,1,0,1,4,0.968,6,0.166,3,6,7,2,2,0,5,1,-0.192,6,0
7,7,0,6,1976.47,2,6,0.843,0,6,3,0.0,6.869,6,0.0,5,2,6,1,7,2.471,6,4,2,1,2,0,1.107,7,-0.535,0,0,3,3,3,7,7,2,1.531,7,1
3,5,3,3,736.68,3,6,0.271,6,4,4,0.0,-1.973,4,3.36,0,1,4,1,3,1.688,4,5,5,0,2,6,1.213,5,0.055,4,3,2,1,5,6,4,4,0.096,0,1
5,4,6,7,0.0,3,1,-1.087,2,2,0,0.0,-1.718,5,0.0,3,7,4,0,0,-2.723,6,1,2,0,3,4,1.296,0,-1.766,5,6,7,5,7,4,4,2,-1.205,1,0
3,7,4,3,0.0,1,0,0.347,2,5,7,0.0,-0.686,7,0.0,2,6,0,0,5,-0.217,7,2,7,0,1,0,0.994,2,2.197,7,4,3,0,5,1,7,0,0.672,1,0
1,2,0,4,0.0,4,1,-1.675,2,4,0,0.0,-5.982,7,0.0,2,0,4,0,3,-1.114,4,7,4,0,3,7,0.753,2,1.016,6,6,4,1,3,4,6,6,-1.37,4,0
2,7,3,5,0.0,1,2,-1.152,7,6,6,0.0,-2.919,4,0.0,1,4,1,0,6,-3.769,6,7,4,0,3,4,1.109,1,-2.13,5,0,4,1,6,1,7,0,-1.795,6,0
0,0,1,7,0.0,2,4,-1.605,1,4,6,0.0,-1.228,0,0.0,0,1,0,0,2,-3.287,2,4,4,0,3,1,1.05,0,-1.252,6,2,6,7,6,7,6,4,-1.3,3,0
6,4,1,7,441.41,3,1,1.768,5,2,0,0.0,-0.54,4,0.0,3,0,6,1,0,2.667,5,1,2,1,2,6,1.377,3,-1.539,5,3,6,3,5,4,1,7,1.599,2,1
7,3,7,6,0.0,0,7,-1.324,0,0,1,0.0,2.175,0,0.0,5,5,3,0,7,-0.555,4,0,2,0,3,3,1.026,3,2.424,6,5,4,0,4,4,6,5,-1.016,7,0
1,0,2,5,0.0,6,5,0.434,1,5,3,0.0,3.462,3,0.0,6,4,0,0,2,-0.177,2,4,6,0,1,0,1.204,4,3.522,1,7,7,0,4,2,2,7,0.993,5,0
5,7,4,3,1636.77,0,5,0.814,3,0,4,0.0,0.405,5,5.53,7,2,5,1,6,0.813,0,6,6,0,1,1,1.095,1,0.402,1,1,1,6,1,2,5,5,1.194,7,1
4,3,4,3,0.0,3,3,-0.105,3,5,0,0.0,1.628,6,0.0,6,5,1,0,7,1.33,4,2,0,0,3,7,1.317,0,2.439,7,6,6,7,2,3,7,0,0.477,6,0
6,4,6,2,961.27,4,2,1.867,4,7,3,0.0,-2.026,1,0.0,3,4,0,1,6,2.525,1,7,1,1,1,1,1.315,4,4.168,7,0,3,1,4,4,4,5,1.774,4,1
2,0,3,6,0.0,5,3,-1.532,0,2,5,0.0,-4.713,1,0.0,3,5,4,0,1,-1.198,5,4,2,0,3,4,0.66,5,-1.453,3,2,7,1,7,0,7,6,-1.593,5,0
5,2,1,0,1091.9,1,2,1.39,2,0,0,0.0,2.326,0,0.0,5,6,5,0,3,1.887,4,3,5,1,4,3,0.935,0,2.431,2,4,5,6,0,4,7,2,1.133,3,1
3,6,5,3,0.0,5,1,-0.694,0,0,2,0.0,-1.339,5,0.0,3,7,7,0,4,-0.387,3,2,0,0,1,5,1.06,0,1.234,6,3,6,0,3,6,0,2,0.157,1,0
6,0,4,1,0.0,6,4,0.636,0,5,1,0.0,-0.44,2,0.0,6,5,3,0,2,-1.027,5,5,4,0,6,2,0.985,0,1.804,4,0,0,0,1,7,4,2,0.065,7,0
2,0,5,3,0.0,4,5,-0.223,0,2,6,0.0,4.555,4,0.0,0,0,5,0,3,-1.484,4,1,6,0,2,0,1.173,2,-1.733,3,6,3,4,0,4,5,6,-0.13,0,0
1,0,3,7,0.0,6,7,-0.051,2,3,5,0.0,4.695,0,0.0,4,5,2,0,0,1.834,5,7,3,0,1,7,1.095,4,1.229,5,7,2,5,5,2,4,2,0.049,0,0
7,3,3,1,0.0,0,7,-1.335,0,1,2,0.0,-0.527,3,0.0,5,4,3,0,7,-1.596,3,4,4,0,3,3,0.815,7,-3.39,2,0,2,5,6,7,0,2,-1.321,6,0
7,2,3,6,416.71,4,4,1.773,5,4,4,0.0,0.946,6,0.0,3,1,2,1,0,3.644,0,0,7,0,5,1,0.837,3,-0.531,0,7,1,3,3,6,4,7,1.158,0,1
7,5,5,3,0.0,5,3,0.138,5,0,7,0.0,-1.928,3,0.0,0,3,6,0,3,0.403,7,7,4,0,4,0,1.003,7,1.045,7,4,1,5,2,3,5,6,0.375,4,0
3,3,1,2,0.0,7,2,0.215,7,1,0,0.0,-0.12,4,0.0,7,6,7,0,4,0.002,0,1,7,0,2,5,1.186,1,0.295,1,4,0,2,6,4,3,4,-0.046,7,0
7,3,5,3,0.0,6,3,0.064,5,3,7,0.0,0.922,3,0.0,6,6,3,0,2,0.809,3,7,4,0,6,6,0.837,3,0.323,7,2,0,2,7,4,1,5,0.509,3,0
0,2,5,3,0.0,1,6,0.4,2,5,0,0.0,0.888,5,0.0,0,2,6,0,5,0.978,1,7,0,0,7,7,0.749,4,1.327,7,6,1,2,2,5,6,4,0.37,1,0
7,7,6,1,0.0,3,3,-0.73,3,6,6,0.0,-1.777,2,0.0,2,5,6,0,7,-0.567,5,1,2,0,2,7,1.122,7,1.09,0,2,1,3,1,3,0,2,-0.896,1,0
5,2,7,3,0.0,6,6,0.013,7,3,7,0.0,1.285,7,0.0,4,4,6,0,6,1.537,1,3,3,0,0,2,0.711,3,-0.487,5,6,5,2,2,7,0,1,0.315,4,0
0,0,5,2,0.0,4,3,1.989,5,2,5,0.0,3.899,0,0.0,3,3,0,1,2,1.203,3,3,5,0,1,2,1.039,6,1.636,6,4,6,7,1,1,1,6,0.792,3,1
0,0,4,2,0.0,7,3,-1.243,2,0,7,0.0,1.171,2,0.0,0,7,1,0,0,-0.873,7,0,2,0,0,6,1.059,4,2.786,2,6,2,4,7,5,7,6,-0.511,5,0
3,4,0,3,0.0,2,6,0.008,2,4,2,0.0,-0.276,6,0.0,1,3,2,0,2,-0.36,4,6,5,0,3,2,1.016,0,1.282,0,2,6,0,3,4,7,4,0.224,1,0
4,2,4,3,0.0,7,3,0.234,6,0,1,0.0,-0.365,0,0.0,4,5,3,0,4,0.298,6,7,7,0,4,7,1.178,1,-0.999,3,5,0,3,0,4,2,1,0.042,3,0
6,6,7,4,0.0,6,6,0.364,2,4,7,0.0,-0.269,3,0.0,3,7,7,0,4,0.042,3,4,7,0,3,2,0.994,2,-2.552,0,4,3,3,0,3,2,2,0.026,2,0
5,2,7,7,0.0,3,2,0.468,4,2,6,0.0,2.944,3,0.0,0,4,0,0,2,2.325,3,0,3,0,4,5,0.714,5,-0.314,1,7,5,0,5,2,7,6,1.063,0,0
0,7,3,1,0.0,6,5,-1.177,5,0,7,0.0,-2.175,1,0.0,0,2,0,0,4,-3.04,3,1,0,0,6,0,0.741,1,-3.24,7,4,4,4,5,7,7,1,-0.874,0,0
3,5,7,5,1958.9,4,4,1.871,3,1,3,0.0,4.579,6,0.0,5,7,6,1,7,0.106,2,6,0,1,0,2,1.335,1,1.937,7,6,7,4,2,0,2,6,1.355,1,1
2,7,5,3,371.98,5,0,2.024,5,2,5,0.0,0.64,1,6.31,4,4,0,0,3,0.57,3,1,2,1,2,3,1.162,0,0.908,6,1,5,3,5,6,7,4,1.304,3,1
3,7,3,5,107.68,5,7,2.143,2,3,2,0.0,0.007,7,0.0,3,0,0,0,2,1.119,6,1,4,1,4,2,1.188,0,-2.626,1,4,4,1,5,7,1,2,1.377,3,1
0,3,4,7,0.0,6,4,-0.129,5,3,5,0.0,1.594,1,0.0,7,0,0,0,4,-0.194,2,3,1,0,7,7,1.093,3,2.013,7,7,1,7,1,3,7,3,-0.315,4,0
6,0,2,2,0.0,7,2,1.154,0,1,4,0.0,1.842,1,0.0,2,6,1,0,2,1.981,5,7,5,0,2,7,0.857,6,0.054,0,1,0,2,5,5,4,2,-0.15,5,0
0,6,3,6,0.0,2,4,0.875,4,5,6,0.0,2.187,2,0.0,6,4,3,1,1,0.072,4,7,4,0,5,6,1.154,4,1.763,0,6,0,1,5,0,1,5,0.833,7,1
2,3,5,3,0.0,3,7,1.54,5,3,2,0.0,1.401,5,0.0,0,3,4,0,7,2.179,1,2,0,0,1,1,1.182,4,-0.372,1,0,1,4,1,6,7,1,0.891,7,0
1,2,5,4,528.12,2,0,1.11,0,5,5,0.0,-0.115,2,0.0,0,2,6,0,3,2.318,1,5,7,1,5,0,1.012,3,0.568,6,7,5,6,2,4,7,4,1.078,5,1
5,7,2,0,0.0,2,3,0.516,5,7,2,0.0,0.038,5,0.0,5,2,5,0,2,3.11,7,6,3,0,0,3,1.11,0,0.984,6,2,4,6,1,0,1,6,0.861,5,0
5,2,0,7,0.0,6,2,-1.069,7,7,2,0.0,-1.628,3,0.0,6,2,4,0,7,0.792,4,3,0,0,7,6,1.092,5,-0.616,3,4,7,7,2,1,2,4,0.047,4,0
0,2,2,6,0.0,4,1,1.483,4,5,3,0.0,-0.542,5,0.0,1,2,3,1,7,2.778,7,5,0,1,7,5,1.315,5,-1.136,7,6,1,6,7,1,6,5,2.277,4,1
6,7,3,5,0.0,7,4,-0.021,3,6,5,0.0,1.638,4,0.0,5,2,5,0,5,-0.336,4,6,1,0,3,3,1.087,4,-3.264,5,4,7,7,6,5,1,1,-0.468,2,0
1,5,1,0,0.0,4,1,-0.67,3,0,0,0.0,-0.511,4,0.0,2,0,0,0,1,-0.144,1,1,6,0,5,7,1.101,0,-0.199,1,4,5,1,0,6,6,7,-1.442,6,0
1,1,3,2,0.0,7,7,-1.275,4,7,2,0.0,0.293,7,0.0,3,3,7,0,7,1.044,0,1,5,0,2,5,0.881,4,-0.583,2,7,7,2,5,0,3,3,-0.291,5,0
2,6,0,4,0.0,7,5,1.159,5,3,6,0.0,0.334,5,0.0,4,5,3,0,7,-0.398,0,1,6,0,2,3,0.752,0,-0.233,6,7,0,7,4,6,1,3,0.394,3,0
4,3,5,2,0.0,1,1,0.271,1,3,5,0.0,-1.342,3,0.0,2,4,7,0,5,-2.089,7,7,6,0,6,3,1.016,2,-2.178,5,2,5,0,0,6,3,1,-0.283,0,0
6,4,7,2,0.0,3,2,-0.351,3,3,0,0.0,-0.113,2,0.0,4,3,1,0,3,0.751,1,4,0,0,4,2,0.754,1,-1.359,1,0,0,7,7,5,2,1,-0.663,2,0
5,7,3,3,0.0,4,4,-1.054,1,1,7,0.0,-2.627,3,0.0,5,1,4,0,6,-0.113,4,1,3,0,4,5,0.946,1,0.383,5,6,4,0,0,4,2,0,-0.601,7,0
4,2,0,4,0.0,0,6,0.36,1,6,6,0.0,1.175,2,0.0,6,1,3,0,6,-1.125,4,3,7,0,0,4,0.981,1,0.105,6,0,6,7,3,4,7,2,-0.31,4,0
1,3,5,5,0.0,5,2,0.86,3,1,7,0.0,-0.849,3,0.0,1,0,3,0,6,2.194,0,6,5,0,7,0,1.367,5,2.294,1,6,3,7,5,5,2,0,0.301,4,0
7,3,3,0,0.0,2,1,0.533,3,5,3,0.0,-1.564,0,0.0,4,7,3,0,2,-2.095,6,1,2,0,3,2,1.105,0,-0.323,3,6,6,0,4,0,1,6,-0.708,7,0
7,3,6,3,0.0,5,5,-0.458,0,6,2,0.0,0.037,4,0.0,2,5,4,0,2,-1.993,0,7,5,0,3,4,0.741,5,-2.044,3,4,7,2,2,5,0,0,-1.676,0,0
7,1,0,6,0.0,7,1,-0.713,4,0,7,0.0,-2.367,1,0.0,2,3,0,0,6,-0.203,3,0,4,0,5,7,0.855,7,-1.402,2,2,6,0,1,5,0,3,-0.277,1,0
6,2,1,6,1257.51,5,1,1.141,3,3,4,0.0,4.061,4,0.0,7,1,7,0,1,1.365,2,7,5,1,3,7,1.373,0,3.741,7,0,6,0,0,4,0,3,1.085,1,1
5,3,1,5,0.0,3,3,-1.516,6,7,4,0.0,-1.094,6,0.0,6,4,0,0,3,-3.184,2,1,0,0,6,2,1.071,1,-0.09,7,4,0,6,2,1,4,3,-2.177,0,0
7,6,3,5,745.7,6,0,2.543,7,7,7,0.0,1.848,6,0.0,4,5,4,0,1,-1.219,5,7,3,1,6,3,1.16,1,3.266,5,1,6,7,1,5,3,7,1.808,2,1
4,5,3,3,2028.62,6,2,1.321,5,2,4,0.0,4.026,6,0.0,6,3,2,1,7,0.894,5,7,3,1,2,6,1.456,3,2.708,4,7,3,6,2,0,5,5,0.748,1,1
2,3,2,5,0.0,1,4,-1.227,7,4,1,0.0,1.466,3,0.0,2,6,1,0,0,-1.356,6,3,5,0,0,7,1.2,5,0.945,5,3,1,5,5,3,5,6,-1.108,5,0
3,0,3,0,0.0,7,1,0.837,6,4,3,0.0,2.464,4,0.0,3,2,2,0,2,0.395,0,4,4,0,7,7,0.869,6,0.491,4,0,4,7,3,2,1,7,0.714,1,0
6,7,1,2,0.0,2,2,-0.795,6,6,0,0.0,-1.431,4,0.0,1,1,6,0,4,0.895,7,4,3,0,4,3,0.768,7,-1.904,2,0,3,5,0,2,6,0,-0.519,5,0
5,1,1,4,0.0,2,2,1.05,4,3,2,0.0,2.622,1,0.0,3,4,3,0,6,1.317,4,2,4,0,4,4,0.885,3,4.147,3,6,5,6,1,4,3,6,0.429,4,0
3,3,3,6,1237.0,3,2,2.039,5,0,5,0.0,-2.295,6,0.0,6,5,5,0,4,0.239,7,5,0,1,1,0,1.51,5,2.587,1,0,4,2,0,7,6,4,1.341,1,1
2,6,4,0,0.0,5,5,-0.553,0,6,0,0.0,3.143,5,0.0,6,2,2,0,0,-0.52,7,4,0,0,2,3,0.967,3,-2.199,0,2,5,7,4,7,6,4,-1.311,3,0
0,1,7,7,0.0,2,6,-0.14,0,5,6,0.0,-0.394,4,0.0,0,7,5,1,0,0.252,4,0,0,0,6,5,0.896,4,1.021,7,2,6,0,0,1,6,7,0.83,7,1
6,7,4,7,0.0,3,3,-0.062,1,3,3,0.0,-1.23,0,0.0,0,2,4,0,5,0.766,5,4,3,0,5,2,1.004,4,1.293,5,1,2,7,3,0,3,2,0.53,5,0
5,4,7,3,761.09,2,1,1.059,1,1,3,0.0,0.962,4,0.0,0,2,7,0,0,2.35,3,7,0,1,0,4,1.496,2,2.669,0,4,1,1,6,5,1,2,0.94,1,1
1,3,2,3,0.0,1,7,-1.654,7,7,0,0.0,-0.42,1,0.0,7,6,2,0,3,-2.02,4,6,1,0,5,0,0.677,4,-1.361,0,6,6,1,7,6,7,7,-1.835,4,0
0,3,1,5,748.81,0,1,1.528,5,7,2,0.0,0.904,5,0.0,2,1,2,1,2,1.194,4,0,6,0,2,0,1.331,1,1.319,0,7,7,4,6,4,7,6,0.593,5,1
3,2,7,4,0.0,6,3,-0.151,2,3,5,0.0,0.7,4,0.0,2,1,2,0,0,0.014,3,3,0,0,6,0,1.067,3,-0.443,7,2,5,7,7,0,7,3,0.419,6,0
4,4,4,4,1387.46,7,7,2.079,6,6,0,0.0,4.552,3,0.0,0,1,3,0,1,1.406,3,3,2,1,5,1,1.44,2,2.032,0,5,3,4,1,5,3,1,1.086,3,1
6,0,2,1,0.0,3,7,-0.755,2,3,0,0.0,0.845,3,0.0,7,3,3,0,1,-0.952,2,3,1,0,1,3,1.059,2,0.907,1,1,2,3,4,2,1,7,-0.09,0,0
1,2,4,4,0.0,2,5,1.483,1,2,4,0.0,-1.743,6,0.0,5,0,7,0,4,0.572,2,7,4,0,2,2,0.847,4,-0.058,1,5,5,0,5,7,5,4,0.764,2,0
4,7,0,4,0.0,4,7,0.166,1,1,0,0.0,-0.509,0,0.0,7,4,0,0,3,1.555,3,4,1,0,4,5,1.032,0,1.161,2,5,5,4,4,5,6,2,0.607,5,0
6,6,5,3,0.0,3,5,0.457,6,5,6,0.0,2.23,6,0.0,6,0,3,1,6,1.656,4,6,7,1,0,7,1.501,6,0.094,1,3,1,3,6,7,5,6,1.53,5,1
7,7,0,1,2046.47,4,6,0.762,1,7,2,0.0,2.088,5,19.69,6,1,2,1,4,1.592,5,7,2,1,4,4,1.41,7,1.515,2,7,2,2,7,7,5,1,1.451,4,1
5,2,1,0,0.0,7,0,-1.471,0,0,5,0.0,-1.576,6,0.0,3,6,6,0,4,-4.085,5,6,4,0,6,4,1.179,5,-2.146,1,4,7,2,6,6,3,6,-1.857,4,0
7,1,4,3,0.0,2,1,-0.33,6,2,1,0.0,0.464,5,0.0,4,4,0,0,6,-1.342,3,6,6,0,1,5,1.153,5,-1.823,2,7,5,0,2,6,2,4,0.035,1,0
0,6,3,0,74.28,0,6,1.877,3,2,7,0.0,0.585,7,0.0,1,2,1,1,2,2.606,7,2,1,1,6,5,1.347,6,0.647,6,5,7,0,0,5,0,5,1.358,7,1
3,4,7,5,0.0,6,2,-1.034,0,7,0,0.0,-0.693,6,0.0,3,7,6,0,0,-0.459,5,2,4,0,0,1,0.905,1,-0.503,3,7,3,5,0,1,0,4,-0.901,1,0
4,4,1,7,0.0,5,0,-0.773,2,7,0,0.0,3.368,3,0.0,4,5,6,0,5,-0.13,7,2,2,0,0,4,1.042,4,-0.303,0,4,0,2,4,7,0,0,-0.681,5,0
4,0,2,1,1985.53,3,0,2.026,1,2,7,0.0,4.124,2,0.0,0,0,7,0,6,2.043,4,1,0,1,7,6,1.172,0,0.304,1,4,5,3,1,5,4,7,1.656,3,1
6,1,2,5,0.0,5,2,-0.766,4,5,7,0.0,-2.958,4,0.0,2,6,6,0,4,0.381,6,4,2,0,0,2,0.744,5,0.627,4,3,6,3,7,5,7,2,-0.424,0,0
4,2,1,6,0.0,2,6,-1.131,6,1,0,0.0,-2.887,3,0.0,1,7,1,0,3,-2.302,2,7,5,0,6,3,1.222,0,-0.718,0,4,4,0,7,4,7,4,-0.699,7,0
6,2,2,7,0.0,5,0,-0.707,7,7,3,0.0,-0.234,1,0.0,1,4,1,0,6,1.567,2,6,4,0,1,7,1.355,6,-0.64,2,7,5,4,2,3,0,1,-0.966,2,0
7,0,2,6,1938.5,5,3,1.81,3,0,1,0.0,2.479,7,12.36,7,1,4,1,3,2.136,6,2,4,1,7,3,1.239,4,1.951,7,6,0,6,3,4,3,5,1.512,0,1
3,6,2,5,0.0,2,0,0.425,5,5,0,0.0,-0.912,7,0.0,7,1,2,0,1,-0.938,7,2,2,0,2,5,0.811,6,0.04,3,4,5,6,2,0,4,2,0.138,4,0
2,4,4,3,0.0,0,7,0.846,0,2,6,0.0,1.612,0,0.0,7,2,2,0,7,-0.322,4,3,1,0,6,4,0.736,6,0.256,7,1,4,3,7,5,3,3,1.038,5,0
1,1,0,3,0.0,1,0,-0.326,6,1,7,0.0,1.297,0,0.0,1,5,1,0,0,-0.731,6,6,2,0,1,4,0.734,4,-0.15,1,6,2,7,6,4,7,4,-0.335,3,0
3,4,7,1,0.0,5,7,-0.876,5,4,7,0.0,4.114,5,0.0,4,7,4,0,2,0.175,7,4,2,0,0,5,1.275,6,-0.728,4,7,0,3,5,2,7,0,-0.637,5,0
2,7,5,2,0.0,5,5,-0.253,5,1,4,0.0,3.289,6,0.0,4,1,4,0,0,0.073,5,3,6,0,6,4,1.174,3,0.592,3,2,4,3,3,2,2,6,-0.566,6,0
0,6,4,3,0.0,7,6,1.045,2,6,7,0.0,4.435,2,0.0,2,2,3,0,4,2.496,5,4,5,0,6,4,0.683,4,-1.064,3,4,3,5,6,5,2,0,1.053,7,0
7,1,0,7,0.0,1,7,-1.1,0,1,3,0.0,-1.776,7,0.0,2,0,7,0,7,-1.532,1,1,0,0,3,3,0.851,2,-0.963,5,3,0,3,5,6,0,5,-0.464,3,0
7,2,4,0,0.0,4,7,-1.959,2,0,5,0.0,-0.427,4,0.0,4,6,4,0,2,-4.042,4,4,6,0,7,0,1.173,7,-2.083,2,6,1,1,6,1,2,5,-2.389,2,0
3,3,2,4,0.0,2,2,-1.241,6,3,2,0.0,-2.025,5,0.0,2,4,7,0,7,-1.814,5,6,5,0,3,5,1.03,5,1.938,3,0,5,1,7,4,4,1,-0.651,6,0
3,2,0,6,0.0,0,0,-1.495,1,3,2,0.0,1.249,2,0.0,7,1,5,0,7,-0.65,2,7,6,0,1,4,0.77,0,-0.543,6,0,2,4,1,3,3,4,-0.476,2,0
2,1,3,3,0.0,1,6,-1.011,3,0,6,0.0,-2.415,7,0.0,2,6,6,0,6,0.125,2,7,0,0,6,6,0.812,7,-1.121,2,7,6,0,0,5,4,3,-0.931,7,0
1,2,7,3,1604.03,2,3,1.091,7,5,6,0.0,3.244,2,0.0,1,6,2,0,0,2.583,2,7,0,1,2,2,1.252,7,3.81,2,1,0,5,0,7,2,2,1.03,4,1
2,1,3,7,0.0,0,6,-1.709,0,7,1,0.0,-0.462,7,0.0,1,1,5,0,5,-0.574,0,1,2,0,0,5,1.092,5,-0.291,0,5,4,3,1,6,4,0,-0.797,2,0
7,2,7,5,434.11,5,4,0.006,5,6,0,0.0,1.409,0,3.45,6,2,0,1,4,0.884,4,6,3,0,6,1,1.186,4,-1.05,3,6,1,7,6,4,4,0,0.295,5,1
0,4,1,0,0.0,5,4,-0.33,3,3,3,0.0,-3.628,3,0.0,1,1,5,0,1,0.001,1,4,7,0,4,3,0.94,5,-0.369,5,4,6,4,2,2,2,0,-0.28,1,0
0,7,6,5,0.0,5,6,-0.85,1,4,0,0.0,-0.635,6,0.0,7,1,2,0,3,0.143,5,1,2,0,3,2,1.148,7,-0.968,7,6,2,2,5,4,5,1,-0.726,5,0
4,5,1,2,0.0,0,1,-0.859,1,7,6,0.0,-1.286,0,0.0,7,5,1,0,4,0.904,7,0,5,0,1,7,1.366,3,-1.119,4,6,4,4,1,3,1,1,-0.5,0,0
5,6,6,0,0.0,7,3,-0.155,6,7,7,0.0,3.188,3,0.0,6,2,7,0,1,-1.002,1,1,1,0,7,6,0.904,1,-1.067,6,5,7,6,4,7,0,7,0.162,4,0
2,1,0,2,0.0,1,3,-0.635,3,1,4,0.0,1.006,1,0.0,6,1,0,0,6,-1.201,1,6,2,0,6,3,1.367,2,-0.876,6,5,3,6,3,4,7,2,-0.206,7,0
0,1,4,3,0.0,4,3,-0.784,7,7,7,0.0,0.712,1,0.0,1,4,0,0,5,-0.228,2,7,2,0,7,3,1.226,2,-2.247,0,0,3,0,3,7,0,6,-0.977,0,0
6,0,3,7,0.0,1,1,0.333,0,4,1,0.0,-3.087,2,0.0,6,4,2,0,1,0.511,1,1,0,0,7,5,1.162,6,2.398,0,6,6,7,1,1,6,7,0.346,3,0
3,7,3,2,0.0,1,1,-0.141,1,7,3,0.0,0.03,6,0.0,1,1,7,0,4,-0.019,5,4,6,0,0,6,1.015,3,2.575,7,4,3,2,5,1,1,7,0.432,2,0
7,6,7,3,0.0,6,3,-0.026,7,0,4,0.0,-3.022,0,0.0,4,5,1,0,6,0.416,3,0,0,0,4,4,0.991,2,-0.607,5,1,7,4,1,3,1,7,0.021,2,0
5,0,5,2,0.0,6,1,-1.173,5,4,7,0.0,1.796,2,0.0,2,1,7,0,1,0.443,7,0,7,0,6,1,1.021,2,2.844,2,7,2,7,2,7,7,1,-1.126,2,0
1,3,0,0,0.0,3,7,0.015,0,6,4,0.0,-1.558,6,0.0,7,2,6,0,7,0.62,4,1,1,0,4,3,1.161,3,-0.003,0,1,4,4,3,4,4,0,0.11,7,0
2,7,5,2,0.0,3,3,-1.39,6,3,2,0.0,-3.204,2,0.0,6,2,1,0,0,-1.84,3,1,5,0,7,6,1.008,5,-2.521,3,7,7,5,6,7,1,2,-1.602,7,0
6,4,0,1,0.0,4,5,1.164,5,5,7,0.0,1.792,7,0.0,6,0,2,0,5,0.785,5,1,7,0,0,4,1.252,1,0.022,7,5,3,6,1,7,1,4,1.677,0,0
7,5,4,6,0.0,3,3,0.405,3,0,4,0.0,-1.24,0,0.0,6,6,0,0,4,-0.288,0,3,7,0,7,6,1.054,2,-1.118,6,5,7,2,6,0,1,3,-0.366,1,0
0,2,7,7,0.0,6,6,-2.846,4,4,1,0.0,0.927,7,0.0,1,7,0,0,2,-2.792,5,0,6,0,4,2,1.241,1,-1.827,0,2,5,5,6,5,3,1,-2.405,3,0
5,6,1,5,0.0,4,7,-0.78,7,0,5,0.0,0.28,4,0.0,2,1,7,0,1,-1.019,2,7,7,0,6,4,0.941,3,-0.642,5,0,5,2,3,6,5,1,-0.793,6,0
7,0,7,4,1831.6,0,3,0.656,7,0,6,0.0,2.396,7,9.61,3,1,0,1,0,-0.095,4,3,5,1,0,0,0.993,7,-2.073,6,1,7,6,2,3,4,6,1.205,7,1
2,1,6,4,0.0,6,5,0.406,2,4,6,0.0,2.725,4,0.0,3,7,3,0,4,0.261,5,6,7,0,7,5,0.989,1,-0.645,5,2,4,1,7,5,4,7,0.205,5,0
4,4,4,3,0.0,5,7,0.912,0,1,1,0.0,-1.751,6,0.0,3,5,3,1,7,0.944,2,6,1,0,2,4,1.299,1,0.006,0,5,5,0,2,6,3,5,0.924,7,1
0,5,3,5,0.0,0,7,-0.963,7,1,7,0.0,-1.229,2,0.0,3,7,4,0,3,-1.65,7,6,3,0,6,0,1.235,0,-1.731,3,5,7,1,4,1,3,0,-1.152,7,0
6,3,0,6,0.0,2,7,-0.495,3,7,2,0.0,-3.445,3,0.0,0,2,4,0,5,0.283,0,6,7,0,1,7,0.927,1,0.361,2,1,3,6,1,0,0,6,-0.409,6,0
1,5,6,0,69.26,6,1,1.809,5,3,6,0.0,0.992,3,0.0,2,3,4,0,5,1.578,7,2,3,1,6,6,1.178,5,2.591,2,2,3,7,4,6,6,7,1.406,7,1
7,1,2,0,0.0,5,5,-0.687,5,2,4,0.0,-2.543,1,0.0,1,6,7,0,0,-0.664,2,0,1,0,1,5,0.567,2,-1.095,0,3,3,5,1,7,6,5,-1.694,2,0
1,7,0,3,0.0,5,5,-0.39,3,7,4,0.0,-1.512,1,0.0,2,6,3,0,0,0.339,7,2,0,0,0,5,1.145,3,0.701,4,7,1,1,2,2,5,1,-0.303,0,0
6,1,0,4,0.0,0,2,0.921,1,4,0,0.0,-0.087,2,0.0,6,1,4,0,1,0.394,7,2,4,0,6,0,0.794,6,2.61,5,0,4,1,0,3,7,5,0.431,4,0
2,3,0,7,0.0,7,7,-0.923,5,4,5,0.0,-1.611,7,0.0,4,3,3,0,5,0.572,7,2,7,0,6,5,1.002,7,-0.016,5,6,4,5,0,6,3,1,-0.671,1,0
1,7,0,1,1495.12,7,7,0.717,7,0,1,0.0,-2.147,0,9.44,0,0,2,0,1,1.465,5,4,5,1,7,4,1.209,6,2.379,4,6,0,5,4,3,4,5,0.841,2,1
2,0,1,7,1449.24,2,6,1.107,1,4,5,0.0,6.754,6,17.65,7,0,3,1,5,-0.123,2,5,5,0,6,1,0.929,3,0.549,5,2,7,2,5,5,6,6,0.999,0,1
4,2,7,7,334.45,1,1,0.668,4,5,4,796.45,1.307,4,0.0,7,5,5,1,4,0.94,7,2,6,0,6,5,1.261,2,4.321,1,4,0,7,2,3,5,3,1.152,4,1
2,2,5,3,0.0,0,3,0.298,6,5,0,0.0,0.538,1,0.0,5,3,1,0,7,-0.8,5,7,2,0,7,5,0.936,0,-1.072,2,0,4,3,7,0,5,6,-0.067,7,0
5,7,6,2,0.0,2,4,-0.48,4,6,0,0.0,0.941,3,0.0,4,6,5,0,1,0.23,1,4,2,0,7,2,1.439,6,0.662,4,3,0,2,4,7,3,6,-0.37,6,0
2,6,4,2,0.0,4,6,0.115,1,0,6,0.0,-0.568,3,0.0,5,1,5,0,1,1.706,3,5,2,0,3,6,1.11,0,-0.13,3,6,2,0,5,4,7,0,0.533,1,0
5,6,7,1,0.0,7,6,0.555,1,5,1,0.0,1.772,5,0.0,1,1,2,0,2,-0.404,7,0,2,1,2,1,1.095,7,1.81,7,5,4,1,3,3,2,1,0.79,2,1
3,1,4,6,0.0,6,2,-0.394,1,4,1,0.0,-1.041,7,0.0,2,6,4,0,4,-1.764,6,6,4,0,2,3,0.879,3,1.839,0,7,2,1,6,7,2,2,-0.496,2,0
0,4,5,4,528.94,0,5,1.053,0,1,6,0.0,4.04,4,0.0,0,0,2,1,6,0.539,2,6,1,1,7,6,0.908,4,2.966,4,6,5,2,0,4,5,4,1.482,7,1
1,5,5,4,0.0,6,2,0.136,4,0,3,0.0,-0.206,5,0.0,6,1,7,0,2,0.179,4,2,6,0,7,5,0.906,7,-1.99,6,0,5,7,5,6,0,3,0.697,7,0
4,3,6,5,0.0,7,3,-0.996,5,3,4,0.0,-2.366,7,0.0,6,4,5,0,4,-2.561,1,6,6,0,2,7,1.293,0,0.12,3,0,7,5,5,7,2,0,-1.211,6,0
7,0,5,0,0.0,7,4,0.264,4,5,0,0.0,4.546,3,0.0,4,5,0,0,0,-1.056,1,2,3,0,5,6,0.775,5,0.296,0,2,0,1,0,0,6,0,0.055,0,0
7,0,0,6,1869.55,5,5,-0.331,0,6,2,0.0,-0.799,0,0.0,3,2,1,0,3,0.508,6,0,7,1,2,6,1.262,5,3.654,5,7,1,3,2,1,5,6,0.622,6,1
6,2,1,6,0.0,7,0,-0.86,0,2,0,0.0,0.88,1,0.0,6,1,0,0,3,-1.598,3,4,0,0,6,3,0.992,1,-7.07,2,3,1,5,2,7,3,7,-1.613,1,0
1,7,5,1,0.0,1,1,1.393,7,1,2,0.0,1.092,2,0.0,1,4,1,1,3,-0.657,0,2,0,0,1,5,1.376,6,1.183,1,3,7,6,1,4,2,3,0.477,2,1
2,0,2,0,0.0,5,6,1.053,6,5,1,0.0,-0.992,1,0.0,1,2,6,0,1,1.188,1,4,3,0,1,0,1.102,3,1.055,2,7,7,5,7,6,6,6,0.697,3,0
1,0,5,0,0.0,0,0,-4.001,1,3,6,0.0,-1.98,4,0.0,1,0,4,0,3,-5.257,7,1,5,0,4,2,0.969,1,-6.151,4,2,4,0,5,7,3,7,-3.975,2,0
2,2,1,3,1043.09,1,5,2.087,4,0,3,0.0,6.163,0,0.0,7,3,4,1,5,3.537,2,7,4,1,4,5,1.07,5,6.104,7,6,7,0,7,1,5,2,2.185,5,1
2,3,6,5,0.0,6,7,0.341,0,2,4,0.0,5.448,1,0.0,5,3,4,0,4,-1.821,6,3,0,0,5,4,1.117,3,0.118,4,1,6,4,0,0,4,0,0.582,2,0
4,0,5,1,0.0,2,6,0.604,1,0,7,0.0,-0.403,4,0.0,3,3,7,0,4,0.808,5,7,0,0,4,1,1.107,4,0.043,7,3,3,1,2,0,2,5,0.541,5,0
4,6,7,5,0.0,7,2,-0.679,2,1,0,0.0,1.286,2,0.0,1,0,5,0,0,-2.209,0,7,3,0,3,7,0.937,4,-1.553,7,6,3,3,6,4,1,1,-1.673,2,0
1,1,4,2,0.0,2,3,-1.952,6,6,2,0.0,-0.12,6,0.0,3,3,1,0,4,-2.831,1,6,2,0,3,1,1.184,3,-5.791,6,5,1,2,2,3,2,0,-1.722,7,0
3,3,2,6,0.0,5,3,-0.245,1,5,0,0.0,2.918,1,0.0,1,6,7,0,7,-1.69,4,3,0,0,0,5,1.098,4,1.609,5,7,4,1,4,3,7,7,-0.924,5,0
3,5,2,4,0.0,6,4,0.452,0,4,1,0.0,-1.159,6,0.0,6,5,0,0,0,0.256,6,6,1,0,2,5,1.257,4,-2.232,6,6,7,4,1,0,6,0,-0.213,7,0
0,2,5,6,0.0,3,6,-0.785,3,0,0,0.0,1.725,2,0.0,0,1,5,0,7,-2.105,5,0,7,0,0,3,1.021,4,-3.97,0,5,0,0,1,3,0,1,-1.702,0,0
7,5,4,1,0.0,0,5,-1.299,2,6,5,0.0,-2.362,3,0.0,5,2,2,0,1,-1.792,2,2,1,0,1,0,0.938,0,-1.877,2,1,1,0,4,5,4,6,-0.596,6,0
5,1,0,3,0.0,3,3,-2.221,7,3,7,0.0,-2.189,7,0.0,5,0,5,0,2,-2.311,7,3,6,0,1,4,0.874,5,-2.197,7,6,0,0,6,2,2,0,-2.395,2,0
6,5,0,2,1134.2,3,2,1.069,2,2,6,0.0,0.176,1,0.0,0,2,3,1,7,0.858,7,1,2,1,6,1,0.455,1,0.453,6,7,0,0,7,1,5,5,1.984,2,1
4,6,0,2,0.0,2,3,-0.092,2,1,1,0.0,2.243,4,0.0,3,1,0,0,3,-0.147,4,0,1,0,3,3,0.859,3,-1.435,1,1,1,6,2,4,3,4,-0.139,1,0
3,7,2,1,0.0,6,5,-0.242,1,2,4,0.0,-0.509,6,0.0,2,2,0,0,6,-0.855,0,0,5,0,6,1,1.029,3,-1.461,3,6,7,3,1,4,0,3,-0.531,7,0
0,4,3,6,0.0,4,4,-0.489,4,0,0,0.0,-1.563,0,0.0,1,0,7,0,3,-2.217,6,6,4,0,2,6,0.974,1,-3.392,4,6,3,4,0,4,4,1,-0.625,3,0
3,6,6,7,0.0,7,2,2.407,0,7,4,0.0,0.966,4,0.0,1,6,7,1,2,2.06,2,0,7,1,1,2,1.076,3,1.662,2,3,2,7,7,7,1,2,1.769,3,1
6,7,0,1,0.0,2,1,-1.845,0,0,6,0.0,3.479,5,0.0,0,5,5,0,7,0.332,1,7,2,0,5,2,0.972,5,-3.149,3,7,1,3,3,6,3,1,-0.765,0,0
3,6,7,5,0.0,0,1,1.077,4,2,2,0.0,-1.13,6,0.0,4,5,1,1,1,-0.882,2,1,2,0,0,7,1.312,2,2.089,3,1,5,4,0,7,3,3,0.756,0,1
5,3,5,6,0.0,3,2,-0.691,6,2,6,0.0,1.795,2,0.0,2,3,4,0,0,0.0,4,4,0,0,6,1,1.268,5,-3.741,2,3,4,7,3,2,6,3,0.05,1,0
7,2,7,1,0.0,7,3,-0.5,3,0,4,0.0,2.649,2,0.0,5,7,7,0,1,-0.027,5,6,3,0,4,5,1.043,6,1.818,5,4,0,7,6,4,2,1,-0.014,6,0
2,5,4,5,0.0,2,1,-0.099,7,1,1,0.0,-2.546,7,0.0,2,6,7,0,7,0.549,7,5,2,0,7,2,1.118,1,-0.019,2,5,7,7,0,1,2,1,0.112,2,0
3,1,3,5,0.0,5,7,0.409,0,2,3,0.0,-0.549,6,0.0,0,0,7,0,5,0.232,4,3,6,0,5,0,1.141,4,-0.553,3,3,2,7,4,4,7,1,0.278,1,0
3,5,7,5,2050.04,3,1,1.008,3,5,5,0.0,1.571,5,0.0,7,1,1,0,5,2.364,4,5,1,1,3,3,1.171,1,0.6,4,1,5,3,2,0,7,5,0.892,0,1
1,4,1,1,0.0,4,7,0.502,7,2,1,0.0,0.122,4,0.0,0,7,7,0,0,-0.648,5,3,0,0,5,7,1.113,6,-2.01,2,4,3,4,1,3,2,7,-0.118,3,0
1,2,5,7,0.0,6,5,-1.08,0,6,3,0.0,-3.118,5,0.0,4,6,3,0,6,-0.167,5,4,0,0,4,4,1.277,1,-0.569,6,3,1,4,2,0,4,6,-0.371,4,0
7,0,1,4,0.0,6,7,-0.45,3,3,0,0.0,-3.116,1,0.0,5,4,6,0,0,-0.009,3,4,5,0,4,5,1.266,4,-1.287,0,5,3,6,1,3,4,4,-0.388,4,0
1,4,1,6,860.14,0,3,2.478,2,1,5,0.0,4.917,5,13.78,6,2,5,1,3,1.551,4,7,6,1,7,1,1.229,0,6.327,7,1,6,1,5,7,4,6,2.286,4,1
7,5,0,0,1557.58,6,3,1.687,3,3,7,0.0,0.635,1,0.0,3,2,6,1,7,1.596,7,7,1,0,5,2,1.444,2,1.038,1,0,5,2,6,4,1,6,1.679,5,1
2,0,6,0,0.0,4,2,0.173,0,1,5,0.0,0.851,1,0.0,4,6,5,1,3,0.541,0,2,0,0,0,0,1.244,4,1.094,0,1,0,7,5,0,2,5,0.578,6,1
4,1,4,7,0.0,5,2,0.378,4,1,3,0.0,3.43,0,0.0,2,1,6,0,1,0.013,5,4,5,0,2,6,1.191,7,0.665,7,3,4,4,4,5,3,2,-0.362,4,0
6,0,2,2,0.0,7,7,-0.23,6,3,4,0.0,0.529,1,0.0,6,7,6,0,5,-0.462,2,0,0,0,2,3,0.872,7,-0.512,0,6,0,7,0,0,2,4,-0.375,0,0
0,3,2,4,0.0,4,7,1.088,2,3,3,0.0,-0.966,5,0.0,3,5,3,1,2,1.289,7,1,2,1,1,5,0.891,1,0.82,6,5,0,6,2,4,1,6,1.151,6,1
1,3,0,0,0.0,2,3,-0.329,7,4,1,0.0,-1.362,7,0.0,4,1,3,0,3,1.228,7,5,1,0,6,0,1.293,0,0.747,4,0,0,7,5,7,0,1,-0.137,5,0
4,3,4,5,0.0,4,3,-1.59,4,4,3,0.0,-0.245,3,0.0,0,1,0,0,6,-2.575,7,6,0,0,5,7,1.011,3,-1.955,2,4,3,3,2,1,4,6,-1.445,6,0
0,1,0,2,0.0,7,2,0.837,0,4,5,0.0,-1.222,5,0.0,3,7,5,0,6,0.37,6,3,5,0,5,3,1.203,2,-1.726,5,6,2,4,6,7,6,5,-0.131,2,0
5,7,0,5,0.0,4,3,2.102,2,7,5,0.0,-0.654,2,16.05,5,6,3,0,4,-0.403,3,7,2,1,7,1,0.655,2,0.529,3,4,0,1,0,5,5,1,1.759,2,1
3,4,4,3,1365.13,6,0,0.401,0,2,2,0.0,1.771,4,0.0,3,2,6,0,7,2.347,2,1,3,1,7,1,1.24,6,-0.151,5,1,5,3,0,3,1,1,0.218,2,1
7,3,0,6,0.0,4,0,-1.988,4,7,0,0.0,-0.507,5,0.0,4,2,7,0,0,-2.443,3,6,6,0,5,1,0.952,3,-3.275,1,3,0,5,5,7,4,2,-1.729,7,0
0,3,2,1,0.0,2,0,0.595,1,0,6,0.0,-2.64,0,0.0,4,5,4,0,3,3.921,5,6,0,0,6,6,0.921,7,-0.626,6,5,0,2,6,5,1,6,0.285,5,0
4,5,4,2,0.0,1,0,2.281,0,3,0,0.0,1.178,6,0.0,5,3,1,0,0,1.567,3,6,2,0,6,4,1.039,0,1.674,7,7,7,7,2,6,0,7,1.539,3,0
3,0,6,3,0.0,3,5,-0.369,4,4,2,0.0,3.52,7,0.0,0,2,0,0,4,-0.948,6,4,5,0,6,3,1.178,7,-1.588,5,6,6,5,5,6,3,2,-0.052,3,0
1,2,7,0,0.0,1,2,-0.174,3,2,5,0.0,-3.266,3,0.0,6,6,2,0,2,1.062,1,6,0,1,6,6,0.939,2,1.29,2,7,3,6,7,5,0,4,0.088,7,1
3,2,3,4,0.0,5,0,-1.67,0,1,2,0.0,-0.057,0,0.0,3,5,5,0,0,-3.522,5,0,2,0,0,1,1.286,6,-3.356,6,7,7,1,7,2,3,7,-1.507,0,0
5,6,2,5,0.0,4,0,1.632,1,1,1,0.0,3.136,5,0.0,5,7,6,1,5,-1.608,7,7,4,1,4,7,0.988,6,3.403,1,1,0,6,1,6,4,3,0.644,7,1
3,3,1,7,0.0,6,4,-0.511,5,6,3,0.0,-0.077,7,0.0,4,0,4,0,3,0.31,1,6,0,0,2,3,0.954,5,-2.945,7,2,6,2,3,4,3,3,-0.233,5,0
6,3,1,2,0.0,6,4,0.402,4,5,5,0.0,-2.747,7,0.0,0,6,3,0,2,1.76,3,2,5,0,5,7,0.664,3,1.799,0,3,7,0,2,7,5,7,0.254,2,0
5,2,7,6,0.0,7,7,0.941,2,5,7,0.0,0.956,6,0.0,6,0,5,0,2,1.735,3,1,1,0,2,1,0.998,6,0.619,2,2,3,0,0,1,1,3,0.714,3,0
3,2,4,3,0.0,7,2,-0.735,6,6,4,0.0,0.318,3,0.0,6,0,0,0,0,-3.705,3,4,5,0,6,4,0.517,6,-1.88,4,3,3,6,7,1,7,5,0.41,7,0
7,5,1,1,0.0,7,0,0.295,0,3,7,0.0,1.635,7,0.0,7,0,7,0,3,-0.769,5,1,5,0,6,4,0.938,4,-4.452,6,5,1,3,4,6,1,6,-0.019,1,0
7,5,4,5,523.0,2,2,1.761,2,1,3,0.0,-0.192,0,0.0,7,2,0,1,4,2.914,4,7,6,1,6,3,1.159,6,3.251,3,3,1,2,2,7,1,4,1.881,6,1
0,4,1,3,0.0,1,2,-2.116,2,2,7,0.0,-0.574,4,0.0,6,3,2,0,3,-1.46,4,1,3,0,4,7,1.016,5,-0.528,3,3,1,0,6,0,6,3,-2.003,1,0
4,6,7,2,0.0,1,1,-1.228,4,6,1,0.0,0.57,1,0.0,0,4,1,0,0,-1.786,7,7,6,0,5,3,0.826,7,-0.413,7,1,3,2,3,3,5,1,-0.952,3,0
4,4,3,7,0.0,2,7,-1.482,5,1,0,0.0,3.362,4,0.0,1,3,1,0,2,0.075,3,1,3,0,7,3,0.798,7,-3.373,6,5,4,2,2,4,2,1,-0.63,4,0
3,0,5,6,0.0,0,4,-1.143,6,5,1,0.0,-0.589,3,0.0,3,7,2,0,4,-0.1,4,0,6,0,4,3,0.961,7,-3.055,5,6,6,7,7,5,3,6,-0.553,3,0
2,3,7,0,0.0,1,3,-0.659,0,3,4,0.0,-1.72,0,0.0,3,4,7,0,2,0.217,3,6,2,0,7,5,0.809,3,1.311,3,2,6,5,5,3,7,0,-0.002,6,0
1,2,6,5,0.0,2,5,-1.421,3,4,6,0.0,-3.743,2,0.0,5,4,6,0,7,-0.487,7,2,4,0,0,2,0.883,3,-1.023,7,4,0,3,1,0,7,0,-0.419,3,0
5,6,0,5,0.0,5,4,0.416,4,3,2,0.0,-0.178,7,0.0,4,6,2,0,6,0.58,6,1,7,0,4,1,1.026,1,0.829,0,4,1,1,7,5,4,3,0.158,6,0
0,1,0,1,0.0,2,4,0.176,7,6,3,0.0,-2.131,2,0.0,4,0,6,0,6,1.632,4,5,2,0,2,0,1.342,2,0.129,0,2,1,6,1,4,1,6,0.176,2,0
7,1,0,1,0.0,7,5,0.25,5,4,4,0.0,2.394,5,0.0,4,4,1,0,0,-0.262,2,3,7,0,2,3,0.909,4,-1.687,6,6,0,0,3,3,1,7,-0.356,6,0
3,0,2,1,2064.88,6,0,1.346,2,5,6,0.0,1.445,3,0.0,2,1,1,1,5,0.808,1,5,7,1,0,2,1.038,7,4.959,1,1,5,1,2,7,5,3,2.092,2,1
3,0,5,2,0.0,7,3,-1.142,5,0,2,0.0,-4.565,3,0.0,3,2,2,0,3,-2.148,6,0,4,0,4,3,1.162,1,0.626,4,6,7,3,7,4,0,1,-0.157,6,0
3,2,5,1,0.0,2,5,-0.304,1,3,5,0.0,-1.935,4,0.0,2,6,3,0,0,-1.529,4,5,4,0,7,5,1.113,7,-1.247,1,2,3,5,5,2,0,3,-0.46,1,0
5,5,1,0,0.0,4,0,0.231,4,4,7,0.0,-0.88,2,0.0,3,1,6,0,7,0.827,2,3,6,0,5,7,0.859,5,0.509,1,1,6,2,7,5,0,1,-0.426,2,0
5,4,2,5,0.0,4,4,-0.474,3,3,4,0.0,-0.559,7,0.0,3,3,0,0,4,-2.31,1,6,0,0,6,3,0.903,2,2.98,0,3,7,2,5,3,0,0,-0.417,0,0
6,2,2,2,2021.08,0,4,1.357,0,2,2,0.0,4.519,1,22.94,4,7,5,1,7,2.746,3,3,4,1,5,2,1.389,0,3.578,0,1,5,3,0,2,1,0,1.316,3,1
7,5,2,3,0.0,3,2,-0.007,5,5,1,0.0,-2.839,3,0.0,4,2,2,0,2,-1.13,2,0,1,0,3,3,0.987,0,0.934,1,0,4,0,0,5,7,5,-0.26,5,0
4,3,0,1,0.0,1,0,0.977,3,7,2,0.0,0.791,5,0.0,1,3,0,0,4,0.291,5,2,3,0,2,0,0.843,7,1.114,0,7,5,7,6,0,4,0,0.202,5,0
1,2,0,2,2014.22,5,3,1.021,7,6,7,0.0,-0.251,4,0.0,2,1,6,1,6,1.29,6,6,6,0,5,6,1.167,2,-0.991,3,6,6,4,4,4,7,7,0.026,5,1
4,4,3,6,0.0,2,0,-0.175,4,1,7,0.0,-1.291,1,0.0,4,6,3,0,1,0.777,6,4,1,0,5,2,1.161,6,-1.502,0,6,4,2,3,5,6,2,-0.236,1,0
0,1,7,3,0.0,3,7,-1.367,2,0,1,0.0,0.239,7,0.0,2,6,1,0,2,0.91,1,4,1,0,6,5,1.132,4,0.812,1,4,2,1,3,4,4,1,0.17,2,0
7,5,6,2,0.0,0,4,-0.76,5,3,4,0.0,1.888,2,0.0,5,5,1,0,2,-1.629,6,0,5,0,2,3,0.922,6,-1.469,5,0,3,3,2,2,7,7,-1.346,1,0
6,6,5,3,0.0,2,7,-1.336,1,4,2,0.0,0.919,7,0.0,2,2,4,0,5,-2.086,6,4,2,0,7,4,0.925,2,-1.507,3,7,0,6,4,0,7,6,-2.263,4,0
3,2,7,4,0.0,3,0,0.933,5,3,3,0.0,0.389,2,0.0,6,2,4,0,1,0.686,1,5,7,0,5,1,1.046,1,0.975,0,3,5,2,1,7,0,6,0.1,5,0
0,2,2,1,0.0,2,7,-1.181,1,0,0,0.0,-5.949,5,0.0,6,7,3,0,1,-1.873,4,2,7,0,7,3,1.193,5,1.662,7,6,1,1,7,6,0,4,-0.556,6,0
4,0,7,2,0.0,3,0,1.0,2,4,2,0.0,3.225,3,0.0,1,2,0,0,6,0.2,0,3,1,0,5,7,1.13,5,-1.236,6,7,2,1,7,2,1,6,0.874,6,0
4,3,5,1,0.0,5,4,-0.747,5,2,0,0.0,3.604,6,0.0,5,2,4,0,0,0.772,2,0,2,0,7,1,1.101,3,0.675,5,3,7,4,1,3,0,3,-0.09,4,0
1,4,6,5,0.0,6,7,0.08,3,4,4,0.0,1.161,5,0.0,7,5,6,0,0,0.426,2,4,7,0,3,3,0.832,2,1.907,4,0,1,0,1,3,2,3,-0.533,2,0
3,4,2,7,0.0,1,2,-0.651,4,7,6,0.0,-1.662,2,0.0,1,3,0,0,7,-0.293,0,0,2,0,7,0,0.766,4,-2.296,0,4,4,3,0,1,0,1,-0.88,7,0
7,3,2,6,0.0,0,6,-0.588,2,2,3,0.0,4.949,0,0.0,3,3,2,0,0,0.712,0,4,3,0,4,3,0.952,6,0.967,1,7,5,2,0,2,1,3,-0.267,7,0
6,7,5,3,0.0,0,3,-1.017,5,3,7,0.0,-1.511,5,0.0,0,5,5,0,0,-2.106,7,0,4,0,2,3,0.924,5,-0.202,5,6,4,1,5,6,2,1,-0.707,1,0
3,4,0,7,0.0,4,3,0.234,4,6,0,0.0,-0.282,1,0.0,7,5,1,0,4,-0.424,1,2,4,0,3,7,1.404,1,-1.479,4,2,5,2,3,6,2,2,-0.015,1,0
0,3,7,4,0.0,2,3,-2.586,5,2,0,0.0,-0.387,0,0.0,1,4,4,0,6,-3.189,0,0,5,0,5,5,1.45,6,-1.277,4,1,5,6,1,4,6,1,-1.617,4,0
1,4,0,1,0.0,6,3,0.625,2,2,2,0.0,-1.791,7,0.0,2,2,5,0,3,0.829,2,5,6,0,1,3,1.113,7,5.245,3,3,3,3,1,0,1,6,0.977,2,0
7,2,5,0,0.0,3,2,-1.406,4,1,2,0.0,0.012,6,0.0,0,3,0,0,6,-2.524,3,3,4,0,7,4,0.942,7,0.012,1,1,7,5,6,0,6,7,-1.239,1,0
4,2,5,7,0.0,0,2,-0.049,5,0,7,0.0,-1.937,2,0.0,0,5,6,0,5,-0.622,1,4,4,0,5,1,1.009,0,4.807,4,4,1,5,4,0,5,0,0.132,6,0
3,3,7,1,0.0,1,4,-0.089,0,7,4,0.0,3.21,1,0.0,6,2,1,0,1,0.093,0,0,2,0,4,1,0.972,4,-0.826,0,2,1,1,6,2,4,3,-0.524,0,0
1,6,2,3,0.0,3,4,-0.393,2,5,6,0.0,1.011,7,0.0,1,2,7,0,3,0.859,4,4,0,0,4,6,1.296,2,-1.972,6,1,6,4,1,1,6,2,-0.672,6,0
1,3,2,2,0.0,6,0,0.673,4,4,3,0.0,0.639,2,0.0,7,2,6,0,7,1.326,1,2,7,0,1,7,0.897,3,0.297,6,0,6,4,1,4,6,3,-0.205,2,0
7,7,6,0,0.0,7,3,-0.571,6,0,3,0.0,1.18,0,0.0,7,7,0,0,3,-1.419,2,6,7,0,5,0,1.218,2,-1.589,1,2,2,7,2,5,5,0,-0.276,2,0
5,2,5,5,0.0,0,2,1.357,1,6,5,0.0,2.296,2,0.0,2,0,6,0,5,-0.807,1,6,2,1,6,2,1.081,3,2.306,3,0,4,4,6,0,5,4,1.12,3,1
4,7,7,7,0.0,7,1,-2.425,0,6,6,0.0,-2.51,5,0.0,4,2,0,0,0,-3.271,4,3,4,0,4,6,1.447,7,-1.266,0,4,6,3,7,4,3,2,-1.997,3,0
6,5,6,2,720.76,4,6,0.63,3,1,5,0.0,1.994,1,2.83,6,6,6,1,7,0.475,2,0,5,0,7,4,1.277,0,-0.008,2,2,1,4,0,3,2,6,0.987,1,1
5,0,0,7,0.0,5,3,0.908,5,6,4,0.0,1.381,4,0.0,0,1,2,1,4,1.28,6,0,2,1,0,3,1.395,7,1.596,7,0,2,0,6,4,7,2,1.478,2,1
1,3,5,1,0.0,7,4,-0.267,2,6,2,0.0,0.386,6,0.0,1,3,5,0,3,0.924,0,3,0,0,1,3,0.844,4,-0.249,5,1,4,6,5,6,4,2,-0.437,2,0
1,4,1,0,0.0,7,6,0.418,4,5,7,0.0,2.247,4,0.0,5,0,5,0,6,1.207,2,5,3,0,5,3,0.874,3,-0.657,0,6,5,0,7,1,4,5,0.171,0,0
2,2,2,6,0.0,1,6,-0.031,0,6,6,0.0,4.015,5,0.0,0,1,3,0,2,1.057,0,7,1,0,7,5,1.026,2,0.67,6,7,2,5,1,0,6,5,0.397,5,0
1,6,7,1,844.58,4,3,2.285,5,4,3,0.0,-0.179,5,0.0,4,2,4,1,4,2.955,2,6,3,1,4,7,1.444,4,1.029,6,7,7,3,7,0,3,0,1.865,4,1
4,3,5,0,0.0,1,1,1.061,2,0,5,0.0,-1.144,0,0.0,4,1,4,0,5,0.196,7,1,7,0,7,5,0.841,1,1.663,4,1,7,1,3,3,5,1,0.357,6,0
1,1,5,6,0.0,6,1,-0.238,4,7,7,0.0,0.967,4,0.0,6,5,1,0,6,1.042,1,1,3,0,2,4,1.017,2,-1.239,5,4,1,5,2,7,1,3,-0.052,7,0
7,7,4,1,0.0,5,7,0.771,0,7,6,0.0,-2.373,7,0.0,6,4,0,0,4,0.546,0,4,0,0,3,6,1.22,3,2.505,6,7,4,1,5,4,6,5,0.663,5,0
6,5,7,7,0.0,3,6,-0.282,0,1,1,0.0,0.348,6,0.0,1,6,0,0,4,0.565,4,1,2,0,6,5,1.027,1,0.374,3,1,7,2,4,1,7,5,0.392,1,0
5,3,1,4,1414.84,2,4,1.097,7,7,6,0.0,-2.144,3,0.0,5,5,1,1,0,2.694,4,3,6,0,2,2,1.018,2,1.771,5,7,7,7,4,1,1,2,0.935,5,1
6,2,3,4,0.0,3,7,0.389,7,0,3,0.0,2.225,3,0.0,2,6,4,0,7,0.937,2,3,0,0,1,2,1.025,0,0.821,2,5,2,0,2,1,5,3,0.303,2,0
6,6,7,4,0.0,0,1,1.117,1,1,3,0.0,0.008,2,0.0,3,1,5,0,2,-0.985,1,5,4,0,6,3,1.146,3,2.396,2,1,1,7,1,2,2,0,-0.321,2,0
6,4,3,6,0.0,0,6,0.942,7,1,6,0.0,0.698,3,0.0,0,5,4,0,2,-0.659,3,0,7,0,0,4,0.95,1,-0.545,3,2,2,4,1,1,3,5,0.081,3,0
0,7,5,5,0.0,0,3,0.652,5,2,7,0.0,-3.64,3,0.0,6,1,5,0,0,2.115,3,0,2,0,7,7,0.654,6,0.358,6,7,1,4,6,6,6,5,0.289,6,0
2,6,0,3,2000.91,0,0,1.362,1,4,1,0.0,-1.04,4,0.0,0,1,5,1,3,-0.848,3,3,2,0,1,1,1.583,0,0.056,2,4,1,6,1,3,1,0,1.939,6,1
5,0,7,7,0.0,6,0,-1.146,6,4,7,0.0,-0.084,0,0.0,1,3,7,0,6,-1.715,5,4,3,0,7,6,0.941,4,-3.468,5,1,2,2,7,7,6,3,-1.209,4,0
7,5,3,2,0.0,2,3,-0.059,1,3,0,0.0,2.046,4,0.0,2,4,6,0,1,-1.363,5,3,4,0,4,5,1.273,3,-1.333,6,0,1,7,7,3,6,1,-0.881,3,0
7,3,2,1,0.0,5,0,-1.194,3,5,1,0.0,-0.738,5,0.0,5,2,6,0,3,-0.969,2,5,5,0,3,3,1.082,7,2.312,5,7,7,4,3,0,3,4,-1.062,0,0
7,4,5,0,0.0,4,1,-2.393,1,2,5,0.0,-4.05,7,0.0,0,6,7,0,7,0.084,0,5,7,0,2,5,1.18,2,-1.88,4,1,1,5,6,2,7,0,-2.46,4,0
0,5,3,2,0.0,4,6,0.194,2,7,7,0.0,-3.855,0,0.0,0,5,1,0,5,-1.302,6,5,0,0,4,3,0.842,1,3.66,4,0,4,0,7,4,7,6,-0.689,3,0
1,3,3,3,171.92,7,2,1.055,5,5,3,0.0,3.519,2,0.0,7,7,0,1,5,1.898,5,4,2,1,4,5,1.541,4,2.314,6,2,2,6,3,5,3,4,1.72,1,1
3,5,5,3,0.0,6,4,0.122,3,6,2,0.0,-1.003,5,0.0,0,7,2,0,3,-1.042,7,7,6,0,2,1,0.442,3,3.453,7,1,3,6,7,3,5,6,0.829,5,0
4,5,7,6,0.0,7,5,0.041,3,1,5,0.0,1.013,4,0.0,2,6,3,0,6,0.827,1,1,3,0,1,4,1.004,6,-0.074,5,1,4,1,1,7,5,5,0.689,7,0
6,5,2,2,0.0,2,2,-0.275,5,7,3,0.0,-0.582,6,0.0,7,5,1,0,5,1.809,0,0,1,0,1,4,1.254,5,1.73,2,2,5,5,4,2,3,5,0.744,0,0
3,1,5,3,875.76,7,5,1.297,7,7,2,0.0,6.815,2,16.95,5,3,4,1,2,3.485,3,2,2,0,5,2,1.44,2,-0.364,7,7,3,7,1,6,4,3,0.421,6,1
2,3,0,3,0.0,4,0,-0.95,0,3,4,0.0,-3.867,3,0.0,2,6,0,0,3,0.696,1,4,5,0,7,7,1.413,1,-0.683,4,0,7,1,5,7,6,4,-0.768,5,0
2,2,4,7,0.0,3,7,1.318,7,3,3,0.0,2.059,6,0.0,5,0,1,0,2,-0.827,1,0,5,0,0,2,0.795,1,1.492,4,6,0,6,2,7,7,0,0.391,2,0
0,6,5,7,0.0,0,2,-1.089,6,5,2,0.0,-0.67,3,0.0,5,5,3,0,0,0.115,0,2,1,0,4,7,1.21,4,2.419,2,3,1,5,6,6,6,2,-0.729,3,0
2,0,4,6,0.0,0,4,-0.283,4,4,2,0.0,-0.45,4,0.0,1,1,7,0,2,0.336,2,1,4,0,5,0,1.035,0,1.231,7,7,0,1,4,0,7,7,0.159,7,0
2,4,0,7,0.0,6,2,-0.912,2,5,1,0.0,2.673,3,0.0,7,2,4,0,3,0.022,7,5,4,0,4,0,0.725,5,0.246,2,1,4,5,4,4,4,0,-1.161,2,0
7,2,1,5,0.0,3,1,-0.441,5,6,5,0.0,-0.248,4,0.0,2,7,4,0,4,-0.155,4,1,1,0,6,5,0.846,5,-0.122,7,1,0,6,6,4,3,5,-1.579,4,0
5,6,3,1,0.0,3,6,0.38,0,7,3,0.0,-2.112,6,0.0,6,3,0,0,3,-0.958,5,2,3,0,3,2,1.086,6,-1.855,1,2,1,2,7,3,1,3,-0.161,6,0
3,0,7,6,0.0,1,7,-0.048,5,4,2,0.0,1.34,6,0.0,0,5,0,0,3,-2.855,3,4,1,0,2,4,0.777,6,-0.706,4,3,7,2,3,3,2,6,0.19,2,0
6,6,1,1,0.0,3,4,0.153,7,7,7,0.0,2.204,2,0.0,6,6,7,0,4,0.522,1,6,2,0,3,1,1.026,7,0.707,0,6,6,7,0,4,5,0,0.188,2,0
3,3,3,6,0.0,1,0,0.893,1,1,1,0.0,-1.338,7,0.0,2,6,5,0,1,0.986,6,5,2,0,5,0,1.128,1,0.014,0,5,1,6,0,1,2,6,0.552,7,0
7,2,6,1,0.0,4,0,1.368,0,6,6,0.0,1.929,2,0.0,2,3,6,0,1,1.281,7,4,6,0,7,2,1.12,2,0.343,1,3,1,1,3,7,3,7,0.704,4,0
5,6,2,1,0.0,7,5,-0.702,5,5,5,0.0,-0.037,0,0.0,7,7,2,0,1,-0.209,4,3,1,0,5,3,0.99,5,0.193,3,2,1,6,4,5,6,1,-1.151,6,0
0,4,5,7,0.0,6,6,-0.94,7,4,2,0.0,-0.699,3,0.0,4,5,3,0,5,-0.419,5,1,6,0,5,2,1.155,3,1.826,3,4,3,7,2,7,1,4,-0.512,2,0
0,0,2,6,0.0,3,3,-1.309,0,5,4,0.0,3.224,6,0.0,4,7,2,0,0,-0.22,1,7,3,0,1,4,1.059,7,-3.78,2,1,6,4,3,3,6,3,-0.924,2,0
2,0,1,2,0.0,2,2,-1.081,2,1,4,0.0,2.846,5,0.0,0,1,7,0,5,-0.905,2,0,6,0,5,4,0.815,5,-0.409,5,7,1,0,5,0,7,3,-0.344,2,0
2,0,5,4,0.0,7,3,0.22,4,2,3,0.0,0.876,3,0.0,6,0,1,0,2,-0.853,6,2,4,0,0,7,1.073,7,0.479,3,7,0,2,4,0,0,0,0.623,7,0
2,0,3,2,0.0,7,7,-1.874,0,1,2,0.0,-2.852,0,0.0,2,1,3,0,4,-3.737,6,1,4,0,4,4,0.712,3,-3.788,4,5,4,6,2,5,1,7,-1.883,1,0
4,7,1,1,0.0,7,5,-0.035,4,5,5,0.0,-2.779,4,0.0,2,3,7,0,5,-1.048,4,7,6,0,6,0,0.852,1,3.474,5,5,0,0,4,4,5,3,0.104,7,0
5,4,5,4,0.0,0,3,-0.043,4,2,2,0.0,-1.872,3,0.0,7,4,0,0,6,-0.299,4,1,7,0,1,7,0.597,5,0.031,6,2,5,6,4,5,5,2,-0.757,4,0
7,7,5,7,0.0,3,2,-0.89,3,2,6,0.0,0.764,6,0.0,1,6,7,0,6,-0.718,4,0,2,0,6,3,1.093,7,-0.342,2,2,3,1,5,4,5,7,-0.351,7,0
6,6,3,1,0.0,0,5,-0.769,1,5,3,0.0,0.509,4,0.0,3,4,5,0,6,0.019,4,7,2,0,3,5,1.121,5,0.473,6,5,7,7,2,4,4,3,0.514,7,0
5,3,7,2,0.0,2,0,-1.441,6,5,6,0.0,-7.197,2,0.0,7,1,1,0,5,-2.101,5,0,0,0,7,0,0.894,2,-0.457,0,1,2,4,2,6,5,6,-1.552,1,0
2,4,0,2,0.0,4,3,-1.33,7,4,2,0.0,-2.283,1,0.0,1,6,0,0,3,1.038,7,6,3,0,2,7,1.159,6,-3.165,4,7,5,2,7,5,0,6,-0.456,6,0
0,4,0,2,0.0,7,6,1.348,4,7,7,0.0,1.277,4,0.0,3,6,2,0,1,0.676,7,5,6,0,5,2,0.856,7,1.926,7,1,3,0,0,1,0,6,1.191,6,0
1,1,2,7,1511.29,5,1,0.856,5,7,5,0.0,-1.552,1,0.0,1,0,1,0,2,1.173,2,7,3,1,7,2,1.375,4,-1.96,4,4,4,6,6,5,0,2,0.653,6,1
5,0,1,5,0.0,6,4,0.886,6,2,2,0.0,-0.803,7,0.0,2,0,6,0,6,1.259,6,0,7,0,6,7,1.063,5,0.414,0,2,1,3,3,0,5,3,0.523,2,0
1,7,0,4,0.0,4,3,-1.718,2,2,1,0.0,-1.606,5,0.0,0,6,7,0,6,-1.344,3,7,5,0,7,2,1.234,3,-1.406,4,2,6,0,3,2,1,2,-1.213,1,0
4,6,3,2,0.0,5,7,0.67,7,5,4,0.0,-0.47,4,0.0,5,0,2,0,1,-1.755,2,4,0,0,1,2,0.754,4,-1.718,3,4,3,6,7,3,7,3,-0.591,6,0
1,4,4,3,0.0,7,1,-0.326,6,0,3,0.0,-4.189,6,0.0,5,1,2,0,3,1.474,4,2,0,0,5,5,0.98,2,1.569,2,3,0,0,1,4,0,2,-0.018,5,0
1,1,4,4,0.0,7,5,1.217,2,5,7,0.0,2.091,1,0.0,4,7,7,1,0,2.208,3,0,7,0,0,3,1.227,3,3.971,5,4,7,7,1,3,3,0,0.707,4,1
6,2,7,1,0.0,2,4,-0.159,5,1,5,0.0,-3.147,5,0.0,4,3,6,0,2,0.336,2,2,6,0,4,3,0.909,0,-0.089,4,2,2,0,5,2,6,5,-0.218,6,0
6,6,2,6,0.0,0,0,0.568,1,7,3,0.0,2.313,3,0.0,6,0,6,0,2,0.926,7,0,3,0,5,3,1.133,6,-0.349,7,3,5,6,0,1,0,7,0.068,4,0
2,6,1,4,0.0,4,1,-2.579,0,6,1,0.0,-3.996,5,0.0,7,6,3,0,4,-1.931,5,5,4,0,6,1,0.798,1,-4.319,1,6,0,2,7,2,3,6,-2.721,1,0
6,6,7,2,0.0,0,7,-1.187,6,0,3,0.0,-2.042,4,0.0,1,1,1,0,5,-2.374,4,0,1,0,5,0,1.257,5,-2.314,1,1,4,2,5,3,3,0,-1.028,6,0
0,6,2,6,0.0,0,7,-1.058,0,0,5,0.0,0.059,7,0.0,7,7,0,0,5,-1.961,4,5,4,0,6,5,0.959,1,-3.316,1,1,2,5,0,4,7,5,-0.524,3,0
3,6,6,7,0.0,6,2,0.839,4,2,3,0.0,5.9,3,6.82,0,4,4,1,1,1.835,3,1,1,1,4,6,1.185,5,5.784,6,5,2,0,1,1,2,6,1.707,7,1
1,7,7,4,0.0,7,0,-0.14,0,4,4,0.0,-2.903,3,0.0,0,5,4,0,5,-1.29,5,7,5,0,3,4,0.953,3,0.865,0,1,6,4,6,6,5,2,0.15,2,0
5,3,0,7,0.0,5,7,0.834,0,4,7,0.0,5.835,3,0.0,1,3,4,0,0,-0.085,5,2,7,0,7,2,0.837,4,0.278,2,4,5,0,7,6,6,7,0.215,1,0
4,3,3,1,0.0,3,1,-0.604,4,2,2,0.0,0.876,1,0.0,5,7,5,0,3,0.437,4,5,5,0,1,4,0.906,6,-3.107,3,2,2,6,2,3,7,1,-1.073,2,0
6,7,5,0,0.0,1,0,-0.391,5,7,3,0.0,-1.74,3,0.0,0,4,2,0,3,-0.24,2,1,5,0,1,4,0.922,2,1.713,6,1,6,7,6,4,1,3,0.073,4,0
4,4,5,3,0.0,6,3,0.694,7,1,5,0.0,3.69,2,0.0,2,1,0,0,7,1.477,4,7,3,0,7,6,1.144,7,2.004,6,1,6,5,6,2,4,7,0.014,4,0
6,7,1,6,0.0,2,1,0.033,7,2,0,0.0,1.136,7,0.0,6,7,1,0,2,-0.657,7,2,7,0,3,4,0.873,5,0.988,5,2,2,7,3,1,0,1,-0.122,5,0
6,1,5,0,471.03,2,0,1.264,7,6,7,0.0,1.416,0,0.0,3,1,5,0,4,-0.763,2,7,4,1,5,6,1.301,6,-1.255,6,5,0,5,5,5,7,4,0.611,3,1
7,7,3,1,0.0,0,1,-1.328,5,4,6,0.0,-0.022,1,0.0,1,0,6,0,2,-1.351,0,1,7,0,5,6,0.464,5,0.156,6,1,6,5,6,1,3,1,-1.293,7,0
0,1,2,2,0.0,1,2,0.281,5,3,3,0.0,2.62,2,0.0,1,1,2,0,1,1.527,6,1,7,0,0,7,0.907,7,2.316,3,0,4,3,6,4,3,1,0.757,5,0
6,3,5,7,0.0,2,6,1.534,1,7,3,0.0,1.24,5,0.0,3,3,3,0,3,0.603,2,2,1,0,2,6,1.107,6,-1.322,5,0,0,2,6,6,0,1,0.776,1,0
6,7,0,5,0.0,7,6,0.349,6,7,5,0.0,1.981,1,0.0,1,7,0,0,1,0.977,0,6,4,0,6,3,0.837,2,3.321,0,4,5,4,5,2,5,2,0.212,4,0
2,5,4,1,0.0,1,6,-1.801,0,5,3,0.0,-1.952,3,0.0,0,0,7,0,0,-3.142,7,7,0,0,2,0,1.084,3,-0.78,6,2,4,4,3,0,7,2,-1.875,6,0
2,3,7,5,0.0,7,3,-1.753,6,6,2,0.0,-1.824,1,0.0,3,1,4,0,2,-2.738,7,3,7,0,0,0,1.021,6,-2.696,3,1,2,7,4,7,3,7,-1.571,2,0
7,6,7,5,0.0,2,1,-1.777,2,1,7,0.0,-1.503,0,0.0,2,2,6,0,0,-2.196,7,2,7,0,4,7,1.019,7,-1.05,1,5,2,1,6,7,6,4,-1.508,4,0
3,2,6,5,0.0,1,4,1.007,7,6,2,0.0,-2.18,4,0.0,2,5,5,0,3,-1.446,7,4,7,0,4,4,0.851,6,0.836,6,4,3,5,3,6,7,6,0.498,2,0
6,3,0,4,0.0,3,6,-1.006,6,2,0,0.0,-0.183,2,0.0,0,5,0,0,0,-0.972,4,6,0,0,2,7,1.227,7,-0.46,7,6,6,5,2,3,0,1,-0.979,3,0
2,2,0,1,0.0,5,0,0.176,3,6,3,0.0,-1.435,3,0.0,2,4,6,0,0,1.289,3,0,5,0,7,5,1.327,3,1.098,6,2,3,3,3,4,5,4,0.652,1,0
7,1,2,0,0.0,4,2,-0.095,7,3,0,0.0,0.439,0,0.0,0,6,4,0,3,0.744,0,3,4,0,0,0,0.857,5,0.365,6,2,1,4,0,5,7,5,0.165,7,0
1,6,4,5,0.0,5,1,0.049,1,3,3,0.0,0.886,5,0.0,3,3,2,0,1,0.512,1,6,7,0,7,5,0.771,1,-0.689,1,6,5,2,7,2,5,7,0.568,7,0
4,1,7,3,0.0,2,0,-1.79,3,7,5,0.0,-1.642,3,0.0,3,7,2,0,3,-2.066,1,3,5,0,6,1,1.0,7,-1.168,5,4,1,5,6,2,6,6,-1.584,6,0
4,6,6,4,0.0,0,5,-1.047,7,4,1,0.0,0.167,7,0.0,7,7,5,0,4,-1.85,6,5,2,0,6,6,0.492,2,-1.163,6,7,3,0,0,7,0,7,-1.531,4,0
5,0,1,4,0.0,2,4,-1.218,7,7,5,0.0,4.877,2,0.0,2,7,2,0,5,-1.975,2,1,7,0,1,5,0.975,0,-0.308,0,3,7,1,4,4,6,3,-0.323,6,0
1,2,4,0,0.0,6,3,-0.315,0,2,3,0.0,3.855,5,0.0,3,3,5,0,0,-1.012,4,5,5,0,6,2,0.946,5,-3.798,5,3,4,5,2,2,2,3,-0.448,6,0
3,6,7,0,0.0,4,3,0.04,4,6,3,0.0,1.591,4,0.0,2,6,0,0,3,-0.688,0,5,5,0,6,7,1.115,0,1.552,2,5,5,4,3,6,4,4,-0.122,1,0
3,4,6,3,0.0,7,3,0.243,2,6,2,0.0,2.996,6,0.0,2,1,0,0,0,-1.28,6,4,4,0,1,1,0.644,4,-0.893,0,7,0,0,4,5,5,5,0.228,5,0
2,1,0,5,0.0,6,3,0.955,6,6,6,0.0,-1.407,6,0.0,4,7,2,0,2,0.165,1,1,5,0,7,7,1.095,2,0.666,7,6,6,7,7,0,2,3,0.746,1,0
2,3,0,4,0.0,6,5,0.535,3,2,7,0.0,-0.482,0,0.0,0,3,5,0,0,0.997,4,1,6,0,6,2,1.166,6,-0.13,5,4,1,1,2,5,0,1,0.428,2,0
0,0,5,6,1685.84,4,5,1.603,4,1,5,0.0,4.023,0,12.23,4,7,4,1,4,2.023,5,6,5,1,3,0,1.306,5,2.298,1,7,7,7,4,5,2,0,1.931,3,1
4,3,5,6,0.0,6,1,-1.148,4,6,4,0.0,-4.046,0,0.0,3,6,4,0,0,-0.918,2,0,7,0,0,7,0.938,6,-0.895,5,4,7,5,5,4,3,4,-1.156,0,0
5,4,6,7,0.0,4,6,-0.982,3,5,1,0.0,-4.485,0,0.0,7,0,4,0,6,-0.271,1,5,4,0,3,0,0.951,3,-2.132,6,3,3,3,2,0,4,1,-1.279,0,0
4,4,2,5,0.0,5,3,-0.691,6,0,1,0.0,-0.782,5,0.0,6,7,7,0,0,-0.109,6,6,4,0,0,2,1.01,0,-0.979,6,0,1,7,2,2,4,2,-0.309,5,0
7,6,0,4,0.0,5,0,-0.474,7,6,0,0.0,-0.673,2,0.0,4,6,0,0,4,-0.812,2,4,5,0,2,2,1.371,6,-2.533,4,3,7,4,0,5,6,6,-1.149,6,0
1,6,2,1,0.0,5,0,-1.691,4,3,3,0.0,0.558,1,0.0,1,5,1,0,2,-0.26,7,4,7,0,3,1,0.98,7,-1.597,7,2,0,5,4,1,7,4,-0.833,2,0
5,0,1,3,2006.59,7,5,1.477,4,4,5,0.0,4.422,4,0.0,6,2,2,0,2,1.076,3,1,6,1,3,4,0.976,7,0.185,7,5,0,0,1,1,4,2,1.252,3,1
7,6,0,4,0.0,0,4,0.215,7,7,0,0.0,-1.619,2,0.0,5,4,3,0,6,-0.27,2,3,5,0,7,3,1.164,6,-0.458,4,3,3,0,2,0,6,7,0.05,0,0
4,7,1,7,0.0,6,2,-0.669,0,5,5,0.0,0.358,1,0.0,0,0,2,0,1,-1.641,0,6,0,0,3,7,0.847,4,2.461,4,2,4,7,5,1,3,7,-1.111,7,0
6,3,3,7,0.0,5,1,-0.661,1,2,0,0.0,-2.625,6,0.0,7,2,3,0,1,1.256,0,6,6,0,7,7,0.912,0,0.999,3,0,5,2,5,2,1,7,-0.363,0,0
3,5,7,0,898.17,1,1,2.577,1,5,6,0.0,0.426,4,0.0,7,3,3,0,0,1.71,7,7,3,1,7,0,1.201,0,2.313,6,3,5,0,2,0,7,0,1.433,1,1
6,5,1,6,0.0,0,7,0.025,1,2,5,0.0,0.483,5,0.0,2,7,0,0,7,2.566,4,2,6,0,4,6,0.578,2,0.741,4,5,4,7,3,7,6,1,0.355,3,0
1,2,5,6,1486.1,4,4,0.027,5,5,2,0.0,2.342,1,0.0,3,2,6,1,4,1.137,4,4,3,0,6,6,1.308,6,0.771,4,7,7,3,3,7,2,5,0.429,6,1
2,7,6,2,0.0,2,2,0.081,3,1,6,0.0,-0.487,1,0.0,4,3,1,0,1,0.317,6,5,0,0,3,2,1.243,1,0.376,5,1,6,7,2,0,7,3,0.612,7,0
4,0,3,2,0.0,6,7,0.982,4,2,7,0.0,-0.035,1,0.0,0,1,1,0,4,0.999,1,7,4,0,5,3,0.843,6,1.832,5,4,6,7,6,4,0,3,-0.106,1,0
3,6,1,3,0.0,6,2,-0.074,6,0,4,0.0,5.234,1,0.0,4,6,0,0,2,1.351,0,5,6,0,3,0,1.263,3,2.257,0,1,0,6,1,6,1,1,0.77,7,0
2,4,1,7,0.0,6,7,0.109,1,4,4,0.0,2.179,5,0.0,6,5,4,0,7,0.5,7,4,6,0,4,3,1.114,0,-3.426,4,1,6,1,6,1,7,1,-0.351,7,0
3,1,1,3,0.0,0,2,0.759,7,4,3,0.0,2.996,0,0.0,3,2,5,0,0,0.445,5,1,2,0,6,0,0.684,1,1.622,5,0,4,6,3,1,1,0,0.35,4,0
0,5,7,3,1404.41,6,4,2.342,5,0,3,0.0,3.088,2,0.0,0,3,0,1,4,1.603,3,7,2,1,2,5,1.031,2,2.562,3,7,1,2,4,3,4,3,2.482,4,1
1,3,1,6,0.0,4,0,0.815,4,7,7,0.0,-5.93,2,0.0,2,5,4,0,0,-2.623,1,4,3,0,5,3,1.412,3,-0.113,0,7,5,7,0,1,7,2,-0.937,1,0
7,1,3,2,0.0,0,3,-0.602,6,6,1,0.0,-5.075,0,0.0,1,4,1,0,1,-0.89,6,1,0,0,0,7,1.274,1,1.116,5,6,3,3,4,0,0,5,-0.668,1,0
2,0,0,6,0.0,2,3,1.358,4,2,4,0.0,1.723,1,0.0,3,1,7,0,4,2.467,2,0,3,0,0,1,0.943,2,0.56,1,3,5,0,5,6,1,7,0.613,2,0
1,5,4,2,0.0,3,4,-1.336,7,4,7,0.0,1.37,3,0.0,7,5,3,0,0,0.154,0,7,5,0,2,1,0.996,7,-0.696,0,6,2,6,4,7,6,4,-0.733,5,0
2,6,1,5,148.63,1,6,1.857,5,3,7,0.0,-2.185,5,14.87,6,4,5,0,2,1.113,1,2,1,1,1,7,1.246,4,0.684,0,0,1,1,7,0,7,0,0.897,4,1
5,6,3,6,0.0,5,6,0.039,5,5,4,0.0,0.024,5,0.0,0,7,2,0,5,1.651,4,7,2,0,7,6,0.993,6,0.354,0,6,5,3,7,5,7,3,0.133,5,0
0,0,6,1,0.0,2,5,-1.001,6,3,1,0.0,3.828,0,0.0,5,7,0,0,3,-0.885,5,6,2,0,7,5,1.026,0,-1.497,4,6,5,7,7,3,4,2,-0.642,1,0
1,5,2,3,0.0,4,0,0.603,5,5,2,0.0,1.068,0,0.0,5,1,6,0,0,1.151,6,3,1,0,3,6,1.186,2,2.335,0,7,1,0,3,2,5,5,1.016,0,0
7,2,5,4,1045.18,1,2,0.575,4,7,6,0.0,0.077,3,12.88,7,6,5,0,6,0.989,4,7,3,1,3,5,1.451,0,1.634,2,2,0,6,4,3,3,3,1.139,4,1
3,1,7,4,0.0,6,7,1.656,5,3,2,0.0,2.731,5,0.0,4,3,0,0,1,0.496,1,3,7,0,7,3,1.362,7,-1.855,4,1,7,3,5,6,1,2,0.335,0,0
2,4,6,6,0.0,7,3,-0.857,4,4,6,0.0,-4.337,0,0.0,3,1,5,0,1,0.502,7,2,1,0,4,4,0.951,5,-1.708,1,4,4,4,1,0,5,6,-0.692,1,0
4,1,2,7,0.0,3,4,0.577,2,4,1,0.0,3.607,7,0.0,1,2,3,0,6,0.367,1,0,2,0,2,2,1.2,0,1.983,0,7,7,1,7,7,0,3,0.485,5,0
1,6,4,3,0.0,6,2,0.939,0,3,0,0.0,-3.089,0,0.0,2,6,4,0,2,0.549,2,2,0,0,6,1,1.143,7,-0.349,4,2,7,1,3,2,2,2,0.583,7,0
5,5,3,3,1460.91,6,6,2.363,3,6,1,120.3,3.023,7,22.91,2,5,6,1,1,2.926,5,1,7,1,3,6,1.099,3,1.639,6,7,1,6,0,3,4,6,2.248,0,1
4,1,2,5,1457.82,3,3,0.821,1,7,5,0.0,-2.766,4,0.0,6,6,7,1,7,1.592,1,3,5,1,0,1,1.191,2,1.16,6,1,6,4,0,5,4,7,1.337,4,1
3,7,4,5,0.0,6,4,-0.37,3,6,3,0.0,1.152,7,0.0,3,3,6,0,4,0.471,2,6,4,0,4,0,1.29,6,-2.542,0,1,2,2,6,2,0,2,-1.524,1,0
3,4,5,2,0.0,4,5,-0.623,4,2,6,0.0,1.112,4,0.0,1,2,6,0,2,0.969,2,0,0,0,0,0,0.532,4,0.633,4,1,4,7,4,1,5,3,-0.484,1,0
3,1,3,0,0.0,5,6,0.402,7,5,1,0.0,-0.324,2,0.0,2,7,0,0,4,-0.113,0,3,1,0,1,0,0.941,2,-1.23,7,2,2,0,6,3,6,7,-0.233,3,0
5,6,1,5,1327.13,6,4,-0.074,3,6,6,0.0,2.223,1,0.0,0,6,1,0,3,0.408,1,1,5,1,3,6,1.023,3,-0.211,2,2,3,5,4,0,2,1,0.493,4,1
2,0,3,2,0.0,4,3,-1.749,2,1,3,0.0,-2.79,4,0.0,7,0,7,0,0,-0.438,5,3,5,0,3,1,0.88,7,-0.718,6,1,6,7,4,5,4,2,-2.131,5,0
7,2,6,4,0.0,7,4,-1.174,5,0,3,0.0,-3.829,6,0.0,6,2,4,0,3,-2.439,4,4,7,0,2,4,0.948,7,0.203,7,2,5,7,4,6,3,4,-0.778,3,0
2,0,5,4,0.0,3,4,-2.224,3,7,4,0.0,-0.846,2,0.0,4,7,5,0,0,-1.34,5,5,6,0,5,2,1.121,1,0.462,7,1,5,2,3,7,4,5,-0.74,4,0
0,3,7,2,0.0,6,2,-0.851,6,4,3,0.0,-0.648,1,0.0,7,3,2,0,3,0.951,7,3,4,0,3,4,0.629,7,-1.259,4,2,3,3,6,5,5,6,-0.793,1,0
3,4,5,7,1072.99,2,0,1.948,0,0,5,0.0,1.625,2,11.18,6,3,2,1,5,0.465,6,7,1,1,7,4,1.053,3,-0.475,0,5,2,1,6,1,5,1,1.347,3,1
0,5,2,3,0.0,4,2,-1.676,7,1,0,0.0,0.835,1,0.0,2,1,7,0,6,-0.586,1,1,1,0,4,3,1.177,3,-2.516,7,5,6,5,4,0,0,1,-1.455,1,0
3,2,3,1,0.0,0,1,0.36,2,4,7,0.0,0.804,4,0.0,0,7,2,0,4,-1.334,0,7,7,0,2,7,0.948,1,0.39,0,2,6,2,6,3,2,6,0.103,6,0
4,4,2,7,0.0,6,5,1.857,2,4,2,0.0,4.086,2,0.0,5,3,7,1,2,0.794,4,0,2,1,7,0,0.879,0,-0.075,7,6,0,0,4,7,3,5,1.436,5,1
3,6,4,6,0.0,6,5,-1.063,5,7,7,0.0,-0.617,3,0.0,7,7,1,0,7,0.572,4,0,0,0,2,5,1.049,5,0.19,2,2,2,6,2,1,5,6,-0.162,1,0
1,6,1,7,0.0,0,1,-0.604,1,2,5,0.0,0.968,1,0.0,0,3,2,0,3,-1.501,6,4,0,0,6,4,1.062,2,-0.295,7,0,4,1,2,1,5,2,-0.789,3,0
0,6,6,0,0.0,0,6,-1.446,4,0,3,0.0,-1.682,7,0.0,7,2,7,0,4,-0.126,6,7,6,0,1,1,1.247,5,-3.979,7,5,2,2,1,5,6,1,-1.557,7,0
0,0,2,3,0.0,1,1,0.506,4,2,0,0.0,-0.885,7,0.0,6,1,5,0,1,0.789,1,7,3,0,2,5,1.068,3,-2.104,4,3,0,1,0,5,7,1,0.311,1,0
6,0,2,4,0.0,4,7,0.444,5,1,3,0.0,3.17,6,0.0,7,6,5,0,5,0.442,7,2,4,0,7,6,1.009,4,2.436,1,0,1,2,4,7,7,4,0.101,5,0
2,3,5,7,0.0,6,4,-0.349,5,2,4,0.0,-1.902,5,0.0,1,6,6,0,1,-1.976,0,0,2,0,3,5,1.028,3,-0.771,7,0,4,5,4,7,3,2,-0.554,1,0
3,5,3,0,1260.79,1,3,1.4,7,7,4,0.0,2.854,7,0.0,0,0,5,1,3,2.133,0,7,2,0,4,5,1.538,7,-0.553,7,7,4,0,4,4,6,2,0.699,2,1
6,5,6,5,0.0,6,3,-0.998,1,6,4,0.0,-1.2,3,0.0,7,2,5,0,3,0.18,7,0,0,0,1,0,1.125,6,-1.603,1,5,7,7,3,4,1,6,-0.089,1,0
3,2,1,7,0.0,6,0,-0.3,3,4,4,0.0,2.018,2,0.0,5,4,3,0,7,1.022,1,7,5,0,2,3,1.023,6,3.077,7,7,5,0,6,0,5,4,0.472,5,0
0,6,6,2,1032.97,2,6,1.492,3,3,6,0.0,0.965,0,0.0,3,4,6,1,5,0.901,6,0,2,1,2,3,1.456,6,4.318,7,7,5,4,3,2,3,5,1.216,1,1
0,1,6,3,0.0,1,7,0.879,3,1,5,0.0,0.524,2,0.0,3,4,3,0,6,0.215,3,1,4,0,0,6,0.927,3,-0.207,0,2,5,5,2,4,1,5,0.698,7,0
2,3,2,1,0.0,7,4,0.765,7,2,4,0.0,4.587,4,0.0,0,6,5,0,0,0.983,7,3,3,0,5,4,1.071,7,0.3,1,6,2,4,7,7,0,5,1.279,2,0
6,3,4,3,0.0,2,0,-0.233,2,0,3,0.0,3.993,0,0.0,3,3,5,0,2,0.289,0,7,3,0,6,4,1.218,3,-1.551,0,7,6,3,1,6,3,1,-0.217,7,0
2,1,5,6,0.0,0,4,-1.479,7,6,0,0.0,-0.328,4,0.0,3,2,3,0,2,0.441,6,1,7,0,5,1,1.149,1,-3.089,2,6,4,4,2,7,7,6,-1.756,1,0
6,4,6,7,0.0,7,7,1.127,5,2,1,0.0,1.278,0,0.0,7,2,6,1,4,-1.25,0,1,3,1,2,2,1.373,2,0.402,5,1,7,2,0,2,0,7,0.736,3,1
5,4,4,1,0.0,6,7,-0.35,5,2,7,0.0,-0.284,2,0.0,4,1,7,0,1,0.361,2,6,1,0,4,1,1.197,0,-0.439,6,6,2,4,3,6,2,1,-0.393,5,0
1,5,7,7,0.0,7,0,0.728,7,3,0,0.0,-0.562,7,0.0,4,5,5,0,1,0.58,0,6,4,0,0,5,1.129,7,2.207,6,7,1,0,4,2,1,5,0.424,6,0
5,5,5,3,1621.03,0,4,0.705,1,0,6,0.0,-0.842,5,0.0,1,3,4,0,2,1.333,3,7,7,1,5,3,1.04,6,2.075,4,5,6,4,1,5,7,7,0.085,4,1
3,6,3,1,0.0,4,0,0.625,2,2,5,0.0,-0.512,2,0.0,2,1,2,0,5,-0.629,3,3,2,0,0,2,1.176,4,-1.313,0,7,4,5,3,1,6,5,0.171,7,0
2,0,2,6,0.0,5,6,-0.225,0,0,2,0.0,3.657,4,0.0,5,0,2,0,4,2.586,1,6,6,0,6,0,1.218,4,-0.978,7,3,1,4,6,6,7,0,-0.107,4,0
3,7,0,1,0.0,4,3,1.113,0,3,4,0.0,0.938,7,0.0,6,5,0,0,6,1.856,1,7,1,0,7,0,1.155,1,-0.238,5,0,7,1,2,6,2,7,0.573,0,0
4,5,7,6,0.0,2,7,2.611,1,7,3,0.0,4.407,5,0.0,2,1,6,1,5,2.1,4,4,1,1,5,5,1.103,7,1.301,3,1,1,5,5,6,3,2,1.383,1,1
4,0,0,4,0.0,3,4,-1.425,2,0,7,0.0,-4.199,0,0.0,4,4,5,0,7,-3.449,5,4,1,0,0,2,1.083,4,0.136,5,1,7,3,5,5,5,3,-1.987,0,0
1,2,5,7,0.0,2,0,0.935,7,5,1,0.0,-1.013,7,0.0,6,2,7,0,2,-1.801,4,0,5,0,4,7,1.107,0,2.238,5,3,3,0,1,1,3,5,-0.605,4,0
4,1,1,0,235.26,6,0,1.012,6,3,4,0.0,2.235,7,0.0,5,5,3,1,5,1.689,1,1,1,0,0,4,1.45,7,0.487,1,3,2,0,4,6,0,0,0.996,3,1
2,0,0,6,0.0,4,6,-0.134,4,0,6,0.0,-4.353,4,0.0,6,6,5,0,1,-0.63,0,1,1,0,3,0,0.385,1,1.207,1,0,1,4,0,7,6,0,0.214,5,0
5,1,4,4,0.0,5,6,-0.899,1,3,4,0.0,3.675,0,0.0,4,0,3,0,5,-1.784,0,4,7,0,7,1,0.826,0,-2.585,2,6,5,6,7,5,6,6,-0.63,2,0
6,1,0,5,0.0,7,4,0.784,7,0,3,0.0,-1.847,7,0.0,3,4,0,0,2,2.241,2,2,6,0,0,5,1.132,7,1.8,6,6,3,4,3,2,3,0,0.453,1,0
4,6,2,4,0.0,0,1,-0.642,7,0,0,0.0,0.168,3,0.0,6,1,0,0,2,-1.042,3,6,7,0,4,0,1.163,4,-1.986,1,5,6,4,2,5,7,7,-1.191,6,0
1,2,7,7,0.0,3,4,0.752,4,2,5,0.0,0.792,2,0.0,2,1,3,0,0,-1.018,4,2,0,0,7,4,1.348,5,2.796,7,6,0,7,4,7,7,4,0.393,7,0
2,1,5,1,0.0,4,2,0.995,4,2,3,0.0,3.648,2,0.0,6,5,1,0,3,0.852,4,6,6,0,0,1,0.957,7,1.733,1,5,4,2,3,0,7,1,0.729,1,0
2,4,5,0,0.0,5,6,-0.765,3,7,4,0.0,-2.833,2,0.0,4,0,4,0,0,1.241,6,2,4,0,3,0,0.807,7,0.315,4,2,2,0,6,6,0,5,-1.05,5,0
0,5,5,3,0.0,5,6,-0.75,4,7,4,0.0,2.692,0,0.0,6,6,6,0,1,-0.008,7,1,1,0,6,5,1.19,2,2.42,0,1,7,2,6,1,1,7,-0.56,5,0
1,5,4,3,1185.81,4,4,1.943,7,2,3,0.0,6.024,2,0.0,7,2,6,1,1,0.84,4,1,3,1,3,6,1.117,1,-1.935,0,2,1,4,6,7,4,6,2.053,5,1
3,7,2,2,0.0,7,5,1.259,3,4,1,0.0,-0.199,7,0.0,5,7,1,0,4,1.053,6,3,2,0,0,5,0.719,6,1.981,5,0,3,3,3,6,3,7,1.037,3,0
2,5,6,2,1992.87,0,2,0.343,7,4,6,0.0,1.447,0,0.0,6,5,1,0,6,1.89,6,3,7,1,6,3,1.439,1,2.163,6,6,0,0,1,5,4,0,1.171,7,1
3,7,2,2,0.0,4,7,-1.965,7,0,0,0.0,3.619,1,0.0,2,1,4,0,7,-0.332,7,1,3,0,3,0,1.159,2,-2.259,6,4,7,7,6,7,1,5,-1.119,6,0
5,0,3,2,0.0,5,2,1.137,7,5,6,0.0,2.493,5,11.56,4,1,5,0,1,0.313,7,7,3,1,5,5,1.201,5,1.843,5,4,7,3,1,4,3,6,1.902,6,1
6,4,5,5,1831.59,3,5,0.415,5,0,5,0.0,-3.063,5,22.05,1,2,5,1,7,-1.294,5,4,6,0,3,0,0.858,0,1.33,5,7,2,6,0,7,4,0,0.935,4,1
2,1,6,3,0.0,5,5,1.215,5,0,5,0.0,-0.431,1,0.0,2,2,2,0,3,1.371,7,5,4,0,5,2,1.265,1,-1.484,7,2,0,2,5,0,6,2,0.763,0,0
2,7,0,3,0.0,2,7,-0.267,3,3,2,0.0,0.574,7,0.0,6,1,2,0,1,-1.331,7,1,5,0,6,5,1.036,3,-1.029,3,7,6,6,3,7,4,1,0.01,5,0
4,5,4,7,0.0,0,3,-2.573,7,1,2,0.0,1.106,6,0.0,5,2,2,0,7,-1.51,7,1,5,0,3,3,1.156,5,-1.08,4,6,5,3,7,7,5,6,-2.607,3,0
2,7,7,5,0.0,0,2,-0.408,5,1,2,0.0,-1.832,6,0.0,1,2,2,0,5,0.986,6,4,5,0,4,7,1.199,6,-0.119,6,1,0,4,4,6,7,2,0.619,7,0
7,7,7,7,0.0,6,6,-1.449,6,4,4,0.0,-2.355,1,0.0,7,7,2,0,7,0.074,0,2,1,0,6,2,1.031,0,1.682,6,6,6,3,3,0,5,1,-0.75,0,0
5,2,0,2,0.0,3,4,-0.155,3,1,6,0.0,-3.989,5,0.0,2,7,5,0,4,-2.236,4,0,5,0,6,5,1.088,5,-3.043,0,0,2,0,3,6,3,2,-0.568,6,0
3,5,0,0,0.0,6,1,0.032,1,5,6,0.0,-1.703,0,0.0,5,7,7,0,2,0.002,7,1,7,0,5,2,1.03,7,-0.623,0,7,4,7,5,0,4,3,-0.299,6,0
6,7,1,6,0.0,7,7,-0.927,5,6,2,0.0,0.53,3,0.0,3,5,2,0,7,-0.483,1,3,4,0,0,4,1.001,5,-1.161,5,4,6,4,7,4,2,2,-0.54,2,0
0,4,0,3,0.0,0,1,0.073,3,1,6,0.0,1.236,0,0.0,4,0,4,0,7,-0.314,6,5,0,0,5,2,1.019,4,0.107,2,4,2,5,3,6,1,3,-0.33,4,0
6,7,2,3,0.0,2,0,0.212,4,5,2,0.0,0.031,0,0.0,0,4,3,0,2,-0.37,0,6,6,0,0,4,0.939,5,2.823,4,6,6,4,0,1,7,6,0.081,4,0
4,5,6,3,0.0,0,7,0.822,2,3,7,0.0,-2.156,4,0.0,1,5,1,0,5,0.64,5,2,3,0,2,5,1.229,5,1.019,0,1,4,4,3,6,0,1,0.215,7,0
2,3,0,7,0.0,0,0,-0.649,4,2,5,0.0,-3.353,2,0.0,7,6,2,0,4,-0.479,4,3,1,0,1,0,1.192,6,0.282,7,1,4,0,3,3,7,7,-0.652,7,0
2,4,2,3,0.0,7,5,0.094,6,6,1,0.0,0.1,7,0.0,6,3,0,0,3,-1.218,5,1,2,0,7,4,1.031,1,-0.651,1,4,5,2,6,7,7,0,-0.385,6,0
1,3,5,5,0.0,5,2,0.245,0,7,4,0.0,-3.804,6,0.0,5,0,0,0,4,0.087,5,1,0,0,7,6,0.933,3,1.679,5,4,1,5,6,0,0,3,-0.44,6,0
5,5,7,3,0.0,6,3,-0.442,5,1,5,0.0,0.647,2,0.0,4,3,3,0,7,-1.596,4,1,3,1,2,2,1.389,6,0.303,5,6,5,7,6,5,2,7,0.502,7,1
0,7,5,4,1989.39,6,2,-0.222,7,7,0,0.0,-3.732,2,0.0,1,0,2,0,6,2.558,2,6,0,1,2,7,1.578,1,2.571,2,5,7,2,4,3,2,5,0.557,4,1
1,7,2,0,0.0,4,0,0.997,7,6,6,0.0,6.276,5,0.0,5,7,1,0,3,-0.604,0,0,5,0,2,6,0.771,7,-0.804,3,0,1,2,6,0,2,0,1.412,1,0
3,5,3,6,0.0,6,6,-1.221,2,3,1,0.0,-0.277,1,0.0,0,5,6,0,4,-0.652,7,2,2,0,4,2,0.447,2,0.68,1,5,4,0,7,3,2,7,-1.091,3,0
6,3,6,0,0.0,4,5,-0.644,5,6,5,0.0,-1.989,4,0.0,2,1,4,0,7,0.158,6,4,2,0,6,0,1.099,7,1.189,1,1,5,3,5,3,6,7,-0.985,1,0
2,7,4,4,0.0,0,0,-1.723,1,6,3,0.0,2.283,0,0.0,4,3,6,0,5,-0.365,4,5,7,0,6,0,0.91,0,-1.909,1,7,1,5,3,4,6,2,-1.98,3,0
4,1,5,0,0.0,0,6,-0.184,2,5,2,0.0,-0.239,0,0.0,3,4,3,0,7,1.014,1,6,6,0,2,7,1.009,2,-2.474,4,3,0,5,1,7,6,0,-0.012,7,0
7,6,0,5,0.0,3,5,-1.068,0,7,3,0.0,0.951,4,0.0,1,1,7,0,1,0.157,6,5,4,0,1,3,0.82,3,-1.64,5,1,5,5,1,3,5,3,-0.287,1,0
5,7,5,3,0.0,6,7,0.943,1,0,0,0.0,0.387,7,0.0,2,1,2,0,4,-1.821,5,0,0,0,6,3,1.074,1,0.423,3,1,7,2,4,2,1,0,-0.19,2,0
3,2,3,4,0.0,1,6,-0.072,7,1,1,0.0,-1.862,3,0.0,0,2,6,0,1,-0.763,3,2,4,0,7,1,0.895,0,-2.549,7,6,4,6,7,5,5,4,-0.551,4,0
6,4,6,5,0.0,2,5,-0.692,5,5,2,0.0,-0.975,0,0.0,6,4,0,0,4,-1.33,4,4,3,0,7,6,0.634,6,-1.191,0,2,7,1,6,1,6,3,-0.496,6,0
3,7,5,1,0.0,0,5,-0.077,1,0,1,0.0,1.641,2,0.0,5,6,7,0,2,1.65,3,7,1,0,6,4,0.993,7,0.859,4,6,7,5,2,5,2,0,0.364,4,0
5,5,6,1,0.0,0,1,-0.359,1,1,5,0.0,-1.163,1,0.0,6,4,5,0,5,-0.75,4,4,4,0,3,7,0.923,3,4.444,4,6,5,3,6,7,0,2,-0.272,6,0
0,4,5,4,0.0,6,6,-0.352,4,1,2,0.0,0.238,7,0.0,0,0,1,0,1,-1.488,4,1,0,0,5,6,0.902,4,0.952,7,3,1,3,6,4,5,5,-0.225,5,0
1,6,1,2,0.0,2,5,-0.778,6,7,6,0.0,-0.526,1,0.0,3,4,2,0,2,-2.238,0,0,2,0,3,7,1.216,3,1.053,4,1,1,7,4,5,4,3,-0.655,3,0
1,4,4,4,0.0,1,6,-0.776,7,7,1,0.0,0.969,4,0.0,2,6,2,0,5,0.44,4,0,0,0,6,1,1.334,1,1.542,0,1,7,4,0,3,4,7,-0.449,0,0
3,2,0,3,0.0,0,2,0.431,5,5,5,0.0,-2.171,4,0.0,2,5,5,0,1,0.92,5,2,6,0,5,0,1.123,2,3.097,6,3,5,6,2,7,7,1,0.347,6,0
4,5,2,0,0.0,2,7,-0.079,7,6,3,0.0,0.554,0,0.0,5,5,2,0,0,-1.926,6,2,3,0,5,7,0.762,1,-2.065,1,2,1,0,7,0,4,1,-0.545,5,0
6,5,7,7,0.0,5,1,1.276,5,3,6,0.0,4.69,7,0.0,6,0,7,1,5,0.732,4,6,6,1,3,3,1.307,3,-0.049,4,6,7,5,3,4,1,3,2.013,7,1
7,7,5,2,0.0,2,3,0.405,1,4,2,0.0,1.373,5,0.0,4,4,2,1,7,0.887,7,0,1,0,5,1,1.564,2,0.21,6,4,1,6,4,1,5,7,0.708,5,1
1,3,0,7,0.0,5,2,1.395,0,7,3,0.0,2.251,6,0.0,2,6,5,1,1,0.895,3,1,4,1,0,7,1.283,6,0.352,3,4,4,6,0,3,3,7,1.357,4,1
1,7,4,7,0.0,6,4,-1.611,4,4,7,0.0,-3.952,0,0.0,1,7,6,0,4,-1.892,0,4,0,0,3,5,0.838,0,-4.26,0,6,3,2,7,4,0,6,-1.524,3,0
1,0,7,4,0.0,7,0,0.482,0,6,1,0.0,-0.989,1,0.0,6,0,0,1,6,0.817,1,2,5,0,4,7,1.258,7,0.834,4,0,7,7,3,6,7,4,0.94,6,1
2,3,6,6,0.0,0,4,0.173,2,3,3,0.0,-3.841,5,0.0,6,5,4,0,3,-1.147,1,6,2,0,3,5,1.468,1,2.358,3,1,7,1,3,0,1,1,0.508,3,0
5,5,2,7,0.0,2,6,0.961,0,6,4,0.0,-4.241,5,0.0,0,0,3,0,5,-2.182,7,3,0,0,5,6,0.928,7,-1.068,2,1,1,2,2,1,7,3,0.666,1,0
0,7,1,2,0.0,2,4,-1.68,1,2,2,0.0,-0.051,1,0.0,3,7,1,0,5,-2.275,6,7,7,0,3,2,1.002,5,-1.809,3,2,3,7,0,6,0,6,-1.633,7,0
6,0,0,2,0.0,7,7,1.062,6,2,3,0.0,2.048,6,0.0,4,0,4,0,4,0.346,0,0,6,1,1,0,0.988,1,-0.636,5,1,0,5,7,1,1,2,1.218,6,1
2,3,3,0,0.0,0,6,-1.692,3,2,7,0.0,-0.934,5,0.0,3,6,5,0,1,-1.369,6,1,3,0,3,6,1.242,0,-3.294,1,6,1,6,1,0,1,2,-1.701,6,0
5,6,2,7,0.0,2,2,-0.157,0,5,7,0.0,0.38,6,0.0,4,1,0,0,0,-0.053,2,2,5,0,2,2,1.021,0,0.741,2,1,1,2,4,4,7,4,-0.776,0,0
0,1,2,5,0.0,1,3,-1.139,1,0,3,0.0,-1.086,3,0.0,5,7,7,0,0,-0.598,0,1,2,0,5,3,0.827,0,-0.057,6,4,5,0,3,3,3,3,-1.644,2,0
4,6,6,5,0.0,0,5,1.28,5,2,5,0.0,0.272,3,0.0,6,3,2,0,6,1.38,7,3,0,0,0,1,1.226,3,0.025,4,1,3,3,1,5,0,7,0.784,6,0
5,5,5,1,0.0,1,1,-2.052,1,7,6,0.0,2.127,3,0.0,3,5,2,0,3,0.286,6,1,7,0,5,1,1.049,5,-4.125,6,1,0,5,5,0,4,5,-1.64,3,0
4,1,5,3,0.0,5,1,-0.179,0,1,7,0.0,-3.304,4,0.0,5,4,6,0,4,0.548,5,0,6,0,7,3,1.006,2,-1.066,2,4,0,5,2,2,5,3,-0.595,1,0
3,6,0,1,0.0,6,7,-0.014,4,6,3,0.0,-0.174,4,0.0,7,1,7,0,2,0.051,4,1,6,0,3,2,0.866,2,-1.676,6,6,2,6,4,1,3,5,-0.381,1,0
6,7,6,5,0.0,2,6,1.059,3,4,4,0.0,1.106,0,15.6,5,2,3,0,4,0.118,4,4,3,1,4,2,1.414,5,-2.589,3,5,2,5,7,6,2,4,1.577,6,1
2,7,6,4,0.0,2,3,-0.04,7,1,2,0.0,-1.297,5,0.0,2,7,6,0,1,-0.458,3,5,7,0,6,7,0.953,5,0.113,1,7,0,7,0,1,3,0,-0.161,3,0
4,7,2,6,1384.53,7,5,1.709,4,6,6,0.0,3.399,5,11.29,3,3,4,1,0,1.464,2,4,3,1,1,2,0.967,1,-2.682,7,1,0,3,3,4,6,2,1.072,4,1
2,2,4,4,930.51,0,3,1.166,2,6,3,0.0,1.533,7,0.0,2,3,4,0,4,0.174,4,1,5,1,4,4,1.273,7,1.098,4,5,2,5,4,5,4,2,1.193,5,1
0,1,6,5,0.0,6,7,-0.841,1,1,2,0.0,-1.738,2,0.0,1,1,6,0,3,-0.633,6,1,4,0,7,2,1.181,4,0.459,2,1,0,3,2,3,0,3,-0.311,2,0
5,7,7,1,0.0,3,3,0.456,4,4,1,0.0,0.607,4,0.0,7,7,5,0,1,0.634,6,3,7,0,6,0,1.085,3,1.957,3,0,5,7,6,0,2,4,-0.004,7,0
2,4,5,1,0.0,3,4,-0.111,5,3,0,0.0,-1.991,6,0.0,4,5,5,0,4,-0.548,0,5,7,0,0,0,1.019,5,-2.32,6,2,1,5,2,5,2,1,-0.885,6,0
3,3,1,1,0.0,2,5,-1.6,2,0,0,0.0,-1.659,1,0.0,2,6,3,0,0,-1.664,5,2,0,0,7,2,0.693,5,-3.902,2,7,0,5,6,0,0,0,-1.56,1,0
1,2,0,3,563.5,7,6,0.609,7,2,3,0.0,0.975,5,21.38,2,7,4,0,4,0.842,0,2,0,1,2,5,0.829,4,1.095,7,4,2,3,3,6,6,6,0.864,3,1
1,0,0,5,0.0,3,0,2.08,4,1,2,0.0,1.429,7,0.0,7,3,6,0,2,-0.408,4,4,2,0,4,2,1.068,4,1.105,7,5,1,7,0,6,7,5,0.854,6,0
4,0,7,3,0.0,7,4,0.127,6,3,6,0.0,2.972,6,0.0,0,0,7,0,4,1.175,6,3,7,0,3,7,0.917,3,2.076,6,1,1,3,3,2,3,5,-0.076,6,0
7,1,0,5,0.0,4,1,1.026,7,0,1,0.0,3.297,3,0.0,5,1,2,0,3,0.281,5,7,7,0,7,4,0.671,4,0.044,1,1,0,4,1,3,2,2,0.217,7,0
4,6,5,0,0.0,1,0,0.726,2,2,3,0.0,2.104,6,0.0,1,4,3,0,1,1.499,0,6,4,0,4,1,1.528,2,1.606,2,3,6,7,5,5,4,2,0.469,2,0
0,2,4,2,0.0,3,3,-0.976,1,7,5,0.0,-0.904,6,0.0,2,6,1,0,5,-2.059,4,1,5,0,1,3,1.002,1,0.273,2,4,6,1,6,6,1,5,-0.384,7,0
5,0,3,7,0.0,0,2,-0.718,3,3,4,0.0,-0.744,2,0.0,5,7,2,0,6,-0.184,1,7,6,0,7,1,1.092,6,0.201,7,1,5,5,4,3,5,3,-1.099,1,0
2,7,7,6,0.0,0,1,-1.144,3,6,0,0.0,1.001,1,0.0,2,7,7,0,2,-0.093,6,0,0,0,7,0,0.862,2,-1.134,2,2,4,5,0,7,3,0,-0.642,1,0
7,4,7,0,0.0,7,2,-1.122,3,6,6,0.0,-1.159,6,0.0,4,4,7,0,5,-0.574,4,6,6,0,2,0,1.25,5,-3.814,3,4,2,3,4,3,0,6,-1.357,2,0
1,5,5,1,0.0,3,3,-0.538,4,6,1,0.0,-0.994,1,0.0,0,4,2,0,2,-0.425,2,0,5,0,0,5,0.885,6,-0.122,3,2,5,0,6,0,3,7,-0.139,7,0
7,2,0,5,0.0,0,4,-0.153,6,1,7,0.0,2.3,0,0.0,2,7,2,0,5,0.007,2,6,2,0,6,6,0.886,6,1.812,0,7,7,7,5,0,3,4,-0.141,4,0
6,5,6,6,0.0,6,7,-0.766,7,6,0,0.0,-0.85,3,0.0,1,5,5,0,0,-0.568,0,7,4,0,1,3,1.364,0,-0.848,7,4,2,7,0,6,5,2,0.149,5,0
3,5,6,6,0.0,4,1,0.327,2,1,6,0.0,-1.557,2,0.0,0,0,1,1,0,0.575,3,1,6,0,5,0,1.359,0,0.754,6,6,6,7,1,2,7,7,0.734,2,1
2,7,4,4,0.0,4,4,-0.598,0,6,1,0.0,0.587,6,0.0,0,1,3,0,4,-2.746,7,2,2,0,7,5,1.358,0,1.284,1,6,2,7,3,4,2,0,0.21,1,0
6,2,3,4,0.0,3,7,-0.807,6,7,0,0.0,-3.838,4,0.0,2,1,2,0,3,-0.422,5,4,7,0,3,0,1.282,4,-2.032,4,0,5,2,0,1,3,6,-1.39,1,0
3,4,7,5,0.0,1,7,0.388,4,1,3,0.0,-0.701,5,0.0,2,1,4,0,3,1.085,0,7,2,0,4,7,0.94,5,0.129,5,3,4,5,2,7,0,4,-0.179,5,0
6,1,6,3,0.0,4,7,0.506,7,2,3,0.0,-3.343,3,0.0,2,7,6,0,7,-1.695,2,5,4,0,0,2,1.01,2,0.843,4,1,1,1,7,4,1,4,-0.433,2,0
1,1,0,2,0.0,3,0,0.146,7,2,4,0.0,-2.284,6,0.0,4,4,0,0,6,1.825,1,3,7,0,5,4,1.163,2,-2.092,0,5,2,4,6,7,0,3,0.755,4,0
6,7,7,7,0.0,0,1,-0.105,3,4,0,0.0,-2.555,1,0.0,6,2,0,0,0,-1.363,3,5,3,0,2,2,1.152,7,-3.256,3,6,1,0,0,3,5,4,-1.354,5,0
2,7,4,5,0.0,0,2,-0.43,1,1,7,0.0,-1.596,5,0.0,0,6,5,0,6,0.272,0,3,5,0,7,3,0.553,2,1.447,3,2,6,4,5,6,5,7,-0.306,1,0
1,6,5,6,0.0,5,0,0.728,0,5,5,0.0,-2.274,1,0.0,0,2,0,0,3,0.363,2,0,5,0,2,4,0.834,5,-0.755,4,7,4,2,5,6,6,2,0.317,7,0
7,5,0,3,0.0,4,2,-0.343,6,2,6,0.0,3.695,1,0.0,2,3,0,0,2,-1.251,2,5,7,0,3,0,1.112,3,-0.741,3,6,1,1,3,5,6,6,-0.936,3,0
7,3,2,4,0.0,1,1,0.295,1,0,0,0.0,-1.402,5,0.0,0,2,4,0,6,0.042,1,0,1,0,5,6,1.07,2,2.284,6,6,6,4,4,6,3,7,0.567,1,0
1,3,5,7,0.0,4,5,-0.131,3,0,0,0.0,1.929,5,0.0,1,6,2,0,6,-0.809,0,0,1,0,3,6,0.719,3,-0.458,6,2,4,7,3,7,4,0,0.481,3,0
3,3,2,4,1714.1,7,4,1.727,6,0,2,0.0,-0.427,2,20.85,3,1,3,0,6,0.245,0,5,7,1,7,4,1.3,1,0.141,0,0,2,6,7,2,4,2,1.007,1,1
0,5,4,5,0.0,7,3,0.551,6,4,3,0.0,2.298,3,0.0,7,1,0,0,0,0.773,3,3,1,0,4,7,0.721,3,3.849,6,2,1,3,5,6,7,7,0.557,0,0
0,5,2,7,0.0,5,0,-0.06,1,5,2,0.0,-2.359,3,0.0,4,5,5,0,4,-0.418,7,2,4,0,0,2,1.277,2,0.188,7,2,0,2,1,3,3,1,-0.267,5,0
0,3,5,4,1765.34,0,6,0.871,5,6,7,0.0,-1.986,5,0.0,0,5,5,1,3,3.44,2,3,5,0,6,2,1.123,7,1.109,1,6,5,0,2,7,2,2,1.24,5,1
2,3,7,1,0.0,3,4,-0.627,6,4,7,0.0,1.729,1,0.0,3,3,1,0,5,-0.77,1,2,7,0,3,2,0.834,4,0.409,5,3,0,7,6,3,0,6,-0.656,6,0
5,0,7,1,0.0,0,7,-0.709,6,4,6,0.0,-1.011,1,0.0,5,7,2,0,6,1.093,3,3,0,0,2,2,1.077,0,0.408,7,3,6,4,7,3,3,0,-0.228,6,0
2,5,0,0,0.0,0,5,-0.942,6,5,1,0.0,2.412,0,0.0,6,3,0,0,6,-2.391,4,5,6,0,1,1,1.242,6,1.864,1,1,5,4,7,3,2,1,-0.445,0,0
1,6,1,1,1792.7,2,0,0.771,6,7,1,0.0,0.521,3,0.0,2,7,1,0,1,0.877,7,6,4,1,0,1,1.598,0,3.378,6,7,3,7,7,7,1,5,0.304,4,1
6,0,4,1,880.98,7,0,0.94,7,2,2,0.0,0.201,7,0.0,1,0,3,0,6,0.108,3,0,4,1,3,4,1.187,7,2.021,5,5,4,2,6,6,6,7,0.913,0,1
5,3,2,3,0.0,3,4,-0.27,7,2,3,0.0,-1.777,6,0.0,7,5,6,0,1,-1.273,7,7,0,0,3,0,1.184,6,0.093,5,5,4,1,1,2,3,0,0.175,7,0
5,7,4,3,0.0,4,5,-0.614,3,1,3,0.0,-0.982,3,0.0,5,6,7,0,1,-0.713,6,5,0,0,5,0,0.987,4,-0.759,0,0,2,4,5,4,0,3,-0.703,4,0
7,3,6,2,0.0,1,2,-1.24,6,7,6,0.0,-4.778,7,0.0,1,3,3,0,4,-1.168,4,7,7,0,0,3,1.143,6,-2.245,2,3,6,1,0,1,3,3,-0.935,7,0
0,4,1,6,0.0,5,3,0.332,3,2,5,0.0,0.77,7,0.0,0,0,3,0,3,0.99,6,2,7,0,0,7,1.126,1,2.797,5,5,1,2,6,5,3,7,1.084,2,0
0,5,5,7,0.0,5,3,-0.868,5,7,1,0.0,-1.575,7,0.0,3,3,3,0,6,0.516,1,3,6,0,7,7,1.2,5,0.651,6,7,1,3,3,5,3,6,-0.205,7,0
0,5,2,4,0.0,3,0,-1.355,1,4,7,0.0,-2.57,4,0.0,2,2,5,0,2,-0.013,5,6,4,0,3,2,1.089,5,1.128,3,4,5,3,1,6,3,3,-0.483,5,0
3,2,0,4,0.0,3,0,1.153,5,3,6,0.0,3.583,4,0.0,2,2,7,0,7,-0.549,3,2,0,0,6,5,0.966,5,0.786,0,6,3,1,5,7,7,7,0.387,3,0
5,6,3,3,0.0,5,6,-0.748,6,3,4,0.0,0.16,1,0.0,4,4,1,0,5,0.967,7,1,4,0,4,4,0.932,5,0.812,2,3,1,7,6,0,2,6,-0.995,3,0
2,1,0,1,0.0,2,7,-0.667,2,3,3,0.0,-4.179,7,0.0,3,3,6,0,2,-0.538,1,2,3,0,0,7,0.575,0,-1.925,6,3,6,7,4,6,1,5,-0.936,4,0
5,0,4,2,0.0,3,5,-0.452,0,5,4,0.0,2.862,1,0.0,1,6,2,0,4,0.57,0,4,6,0,3,5,0.886,4,-1.62,4,1,0,4,0,3,6,4,0.076,3,0
4,3,1,1,0.0,6,5,0.699,7,4,5,0.0,2.537,4,0.0,0,1,4,0,0,1.248,6,3,2,0,3,0,1.067,1,0.039,3,4,3,2,1,2,4,4,0.634,4,0
4,2,7,5,0.0,3,2,-0.288,6,6,6,0.0,0.391,5,0.0,0,2,4,0,2,0.486,5,7,5,0,5,3,0.986,4,1.903,4,6,6,0,4,5,7,2,-0.981,4,0
7,0,0,1,0.0,2,5,-0.179,5,3,3,0.0,-1.167,0,0.0,5,3,0,0,0,0.286,0,2,1,0,4,4,1.349,3,0.361,6,6,7,5,1,7,7,3,1.04,6,0
3,0,2,6,0.0,0,5,-0.543,2,2,4,0.0,-3.965,3,0.0,1,5,3,0,0,-0.129,0,3,7,0,3,1,0.759,1,1.984,7,6,6,6,1,1,4,5,-0.109,0,0
1,7,7,6,0.0,0,5,-2.022,1,1,0,0.0,-3.49,0,0.0,6,5,3,0,0,-2.294,0,2,1,0,2,2,1.285,7,-0.654,4,0,0,4,7,1,7,1,-0.905,1,0
5,0,1,1,0.0,3,3,-1.161,6,1,4,0.0,-0.166,0,0.0,6,4,5,0,6,0.013,5,3,3,0,5,0,1.034,7,0.127,5,2,1,7,0,7,0,7,-0.653,7,0
0,5,0,1,2062.7,1,5,0.804,5,5,1,0.0,-0.606,7,0.0,6,5,3,1,6,1.163,1,1,1,0,3,0,1.088,3,4.313,0,2,4,5,1,3,1,4,1.267,1,1
5,2,0,5,0.0,2,2,1.289,5,4,2,0.0,-0.729,5,0.0,6,3,2,0,6,0.603,4,6,2,0,4,7,1.025,6,0.278,6,2,0,1,7,0,0,5,1.34,2,0
1,4,6,2,0.0,3,2,-1.41,7,0,0,0.0,-2.318,6,0.0,4,3,0,0,2,-3.021,3,5,0,0,0,4,1.265,1,0.41,2,5,3,7,2,7,3,3,-1.92,1,0
4,2,3,0,0.0,2,7,-1.452,2,4,2,0.0,-4.741,3,0.0,2,7,1,0,1,-1.611,7,7,6,0,5,5,0.829,0,-1.691,4,6,7,1,5,1,6,6,-0.937,4,0
6,3,2,1,0.0,2,5,-0.069,0,1,5,0.0,-2.71,5,0.0,2,6,3,0,2,0.787,2,4,5,0,5,1,1.218,4,-0.529,2,5,4,1,2,3,7,2,-0.262,4,0
5,6,7,0,0.0,0,5,-1.212,3,6,1,0.0,0.252,0,0.0,5,2,4,0,0,0.164,3,3,3,0,7,1,1.176,1,1.346,2,6,1,2,2,0,6,7,-0.58,5,0
4,1,1,7,0.0,4,2,1.24,6,7,3,0.0,-1.527,4,0.0,7,3,7,0,3,0.602,5,2,7,0,0,0,1.122,1,-0.034,2,3,0,6,7,5,3,3,1.08,3,0
4,4,5,1,0.0,2,0,1.244,5,0,5,0.0,0.876,4,0.0,0,2,2,1,2,2.244,2,0,0,0,0,1,0.702,7,2.946,2,6,2,7,5,1,6,0,1.702,1,1
0,7,2,6,0.0,1,7,-1.601,7,0,2,0.0,-2.218,2,0.0,6,2,4,0,6,-2.186,7,6,5,0,1,6,0.903,2,-1.919,2,5,4,5,0,1,7,7,-0.991,7,0
7,0,4,1,0.0,6,3,0.215,1,2,3,0.0,1.109,0,0.0,3,0,4,0,0,0.787,7,4,2,0,1,6,1.203,4,3.189,0,7,2,6,3,7,1,0,0.9,1,0
5,0,7,4,0.0,7,2,-0.661,7,7,7,0.0,5.081,1,0.0,3,5,1,0,2,0.269,0,6,2,0,7,3,1.099,7,-3.32,2,4,3,0,6,3,4,7,-0.77,3,0
7,2,7,1,0.0,3,2,-0.1,1,0,4,0.0,-1.257,4,0.0,4,7,6,0,5,-0.363,5,5,5,0,5,4,1.08,7,-2.105,7,4,0,1,6,5,4,2,0.477,3,0
1,4,1,7,0.0,4,0,1.37,3,5,5,0.0,-0.67,3,0.0,5,2,5,0,3,0.307,2,0,6,0,0,1,1.334,5,1.153,4,0,5,5,7,2,1,6,0.282,4,0
4,3,2,0,0.0,7,7,-0.192,2,6,2,0.0,-2.763,0,0.0,3,6,6,0,5,-1.301,2,1,1,0,4,4,0.512,3,-0.289,0,6,7,3,6,3,1,4,-0.65,0,0
0,7,1,3,1811.67,2,2,1.981,0,6,4,0.0,4.04,1,0.0,2,5,5,1,0,0.975,5,0,0,0,2,7,0.823,4,2.824,0,3,2,4,4,4,6,3,1.346,4,1
3,5,4,1,1531.74,5,7,-0.107,3,6,4,0.0,5.165,2,0.0,5,5,2,0,5,-0.142,7,1,7,1,5,7,0.924,2,0.04,2,5,3,7,7,7,4,4,1.21,4,1
6,5,4,2,0.0,6,4,-1.859,3,1,4,0.0,-2.415,0,0.0,0,4,3,0,3,-3.332,6,6,7,0,5,1,1.159,0,-1.97,1,2,1,2,3,0,2,4,-0.701,3,0
4,1,5,5,0.0,5,1,-0.352,0,1,2,0.0,-2.884,1,0.0,6,1,5,0,5,-1.096,3,5,6,0,0,7,0.964,1,-1.585,3,3,4,2,1,4,2,5,-0.389,4,0
5,6,2,0,0.0,1,6,-0.315,1,7,2,0.0,1.336,7,0.0,3,6,1,0,1,-0.904,1,3,1,0,4,7,0.76,2,-0.518,7,4,0,3,6,1,4,3,-0.958,7,0
3,2,0,6,0.0,5,1,-0.583,5,6,2,0.0,2.162,4,0.0,2,7,5,0,6,-1.433,4,7,3,0,4,0,1.154,5,-0.845,4,7,1,0,5,6,2,2,-0.595,5,0
6,7,6,5,0.0,3,2,-0.836,2,3,3,0.0,0.967,7,0.0,0,3,4,0,4,1.204,0,1,0,0,3,2,1.253,2,-1.751,4,1,3,7,6,2,6,7,-0.408,0,0
7,6,2,0,0.0,7,1,0.267,0,4,7,0.0,0.594,4,0.0,0,1,6,0,3,-0.116,5,4,2,0,7,2,1.015,5,-1.059,2,3,6,0,7,7,3,4,-0.258,0,0
1,4,3,3,0.0,7,2,-3.218,2,5,3,0.0,-0.117,7,0.0,4,7,1,0,1,-2.716,3,4,1,0,4,1,0.782,5,-3.012,7,4,3,4,3,2,0,0,-1.927,5,0
2,7,3,2,0.0,6,0,-0.874,6,1,7,0.0,0.855,2,0.0,5,3,3,0,3,0.055,7,2,6,0,1,0,1.037,0,1.199,7,2,6,3,0,1,2,7,-1.234,6,0
0,5,5,1,0.0,6,3,0.571,3,0,7,0.0,-1.445,5,0.0,5,5,1,0,4,-0.62,3,3,1,0,1,5,1.304,0,0.535,5,5,1,7,2,5,4,5,0.352,2,0
1,4,4,0,0.0,6,1,1.228,3,1,1,0.0,-0.8,0,0.0,4,0,4,0,3,1.748,2,1,5,0,3,1,1.048,5,-1.868,2,2,4,0,5,0,1,4,0.69,4,0
2,6,7,1,0.0,0,1,-0.533,6,4,1,0.0,-2.531,4,0.0,4,2,3,0,1,-2.031,3,2,4,0,1,2,1.402,2,0.728,4,6,5,6,0,0,7,1,-0.759,2,0
5,5,4,7,0.0,7,3,-0.278,3,3,2,0.0,0.829,1,0.0,2,1,6,0,1,-1.004,5,5,0,0,1,3,0.972,7,-0.048,1,1,0,0,7,6,6,7,-0.107,5,0
4,2,0,4,0.0,6,2,-1.451,0,2,0,0.0,0.773,2,0.0,1,0,5,0,7,-0.16,5,7,5,0,7,3,1.1,2,-1.581,0,6,4,6,7,6,3,4,-1.351,5,0
2,4,6,3,0.0,5,7,-1.733,7,4,1,0.0,2.064,3,0.0,5,4,4,0,2,-2.25,2,2,2,0,2,3,1.297,7,-0.566,4,3,2,4,1,7,3,7,-0.421,1,0
2,3,1,4,0.0,0,5,-2.479,4,1,3,0.0,-5.401,5,0.0,2,6,5,0,1,-2.509,7,2,3,0,2,2,1.011,5,-3.337,1,1,2,0,0,0,7,1,-1.247,0,0
0,5,6,1,0.0,0,5,-0.163,7,1,6,0.0,-3.251,2,0.0,4,4,4,0,2,3.642,7,7,6,0,7,4,0.998,6,-1.244,4,5,4,4,6,0,5,6,0.354,5,0
7,0,0,6,0.0,7,7,-1.014,3,3,2,0.0,-0.284,0,0.0,3,4,5,0,3,-2.409,1,3,1,0,1,3,0.897,7,-2.889,4,2,6,1,4,7,4,3,-0.817,7,0
7,2,1,0,0.0,1,1,0.926,2,1,0,0.0,-0.184,1,0.0,3,7,5,0,4,1.479,6,4,6,0,3,3,0.833,4,-0.505,6,4,0,2,2,7,5,4,0.863,7,0
3,7,4,7,0.0,5,2,-0.442,0,4,6,0.0,-3.602,3,0.0,2,3,7,0,6,-0.447,6,0,5,0,0,5,1.083,3,-0.633,2,6,2,4,4,6,7,7,0.419,2,0
5,6,3,3,0.0,6,7,-0.462,6,3,1,0.0,0.922,3,0.0,5,4,2,0,3,0.031,2,4,6,0,4,2,1.144,5,1.392,0,0,5,5,1,6,6,0,-0.236,5,0
6,2,2,4,0.0,0,5,-0.817,7,7,1,0.0,-2.327,6,0.0,4,6,0,0,6,0.704,0,4,1,0,5,6,0.738,6,-0.502,7,2,4,7,2,3,3,3,0.24,7,0
6,3,7,6,0.0,5,6,-1.148,3,2,2,0.0,0.16,6,0.0,5,0,7,0,0,0.211,3,1,4,0,1,6,1.149,5,2.148,5,6,5,5,5,0,4,7,-0.177,3,0
3,0,0,7,0.0,0,5,1.005,6,7,1,0.0,-0.802,7,0.0,5,6,6,0,3,1.697,3,6,3,0,7,1,1.207,0,-1.375,5,5,1,4,2,7,1,2,0.802,0,0
3,1,7,2,0.0,2,0,-2.07,1,2,1,0.0,-3.6,0,0.0,3,4,6,0,0,-2.373,3,5,1,0,6,5,0.883,5,0.491,2,5,0,3,6,1,4,3,-2.105,7,0
0,7,3,6,1369.25,1,4,2.274,3,3,0,0.0,3.227,0,0.0,7,6,6,1,5,2.152,1,0,7,1,3,2,1.098,1,-1.121,4,4,4,5,5,5,6,0,1.517,0,1
6,7,2,5,326.19,2,6,1.649,2,2,3,453.16,-3.786,2,0.0,4,4,3,1,3,3.51,4,2,0,1,7,7,0.922,4,5.207,1,0,5,7,5,5,3,3,1.974,2,1
1,4,3,7,0.0,1,3,1.128,0,7,6,0.0,-2.502,5,0.0,3,5,1,0,2,1.011,1,1,0,0,1,1,0.57,5,2.053,0,2,6,5,6,4,4,7,0.8,7,0
0,2,2,6,988.69,4,0,0.555,0,6,1,0.0,1.617,1,0.0,0,1,2,0,5,2.068,7,5,7,1,7,7,0.806,7,0.365,7,0,4,1,7,4,0,6,0.71,3,1
4,5,5,1,0.0,7,3,0.204,6,6,5,0.0,-1.428,2,0.0,4,7,0,0,0,1.056,3,7,6,0,0,2,0.924,5,-1.032,2,4,0,7,4,7,2,7,0.502,1,0
3,0,2,5,0.0,0,3,0.322,3,7,1,0.0,1.384,2,0.0,6,6,3,0,5,-0.764,4,6,1,0,2,2,1.192,4,0.374,3,2,6,4,6,3,6,6,-0.134,7,0
6,5,1,5,0.0,7,0,1.549,6,7,0,0.0,4.109,3,0.0,4,4,5,1,0,1.667,2,1,7,0,5,5,1.328,7,3.255,7,4,5,3,7,6,0,3,1.358,7,1
5,5,4,0,0.0,2,7,-1.365,7,3,2,0.0,-0.691,3,0.0,0,4,4,0,3,-0.671,3,5,7,0,3,7,1.018,0,0.882,4,2,4,6,6,5,6,6,-1.102,5,0
6,0,0,0,0.0,5,5,-0.545,5,3,4,0.0,-0.988,6,0.0,4,0,1,0,2,-0.836,6,0,5,0,6,2,1.347,6,-2.656,3,2,1,0,4,7,0,5,-0.631,5,0
5,0,3,6,0.0,5,4,-1.334,2,6,0,0.0,-2.949,1,0.0,3,5,6,0,0,-1.96,0,7,2,0,3,7,1.095,7,0.069,1,4,1,6,2,3,4,6,-0.756,3,0
5,0,0,1,757.47,2,7,1.601,3,4,5,0.0,2.568,0,22.25,3,6,2,1,3,2.326,2,7,5,1,7,4,1.311,6,2.916,7,6,1,4,1,1,3,3,1.528,7,1
7,7,2,0,0.0,2,4,-0.203,3,3,3,0.0,-1.234,3,0.0,1,3,5,0,2,-2.612,5,6,1,0,0,7,1.243,4,0.444,3,3,7,3,0,1,1,7,-0.193,4,0
4,6,4,6,0.0,4,5,-0.136,2,5,2,0.0,-0.875,3,0.0,1,6,4,0,3,-1.046,2,6,2,0,5,5,1.148,7,-1.996,6,1,0,2,3,5,0,3,-1.424,2,0
6,6,3,0,0.0,4,4,0.678,2,0,7,0.0,-0.14,5,0.0,1,6,3,0,5,3.006,7,7,4,0,6,7,0.505,4,0.935,6,5,2,1,4,2,6,7,1.529,0,0
1,7,0,4,0.0,1,4,-1.001,1,7,0,0.0,2.434,1,0.0,4,0,1,0,2,-0.23,6,6,0,0,0,7,1.164,5,-4.32,2,1,6,7,6,2,4,6,-0.286,3,0
1,5,7,6,0.0,7,0,-0.49,1,0,0,0.0,-1.844,5,0.0,7,7,4,0,0,2.453,7,1,6,0,4,7,1.128,3,1.827,5,3,1,5,0,7,6,3,-0.287,2,0
0,6,6,2,0.0,0,3,-0.737,7,2,7,0.0,-0.19,6,0.0,5,6,3,0,7,-0.127,4,1,7,0,7,0,0.956,3,2.247,4,1,7,5,3,1,2,6,-0.302,0,0
3,4,1,0,0.0,1,1,-1.527,3,3,0,0.0,2.727,7,0.0,2,1,7,0,4,-0.817,2,3,7,0,2,7,0.926,0,0.19,5,0,0,6,4,4,1,3,-0.585,6,0
4,6,3,2,0.0,4,0,-0.022,5,1,2,0.0,1.284,6,0.0,5,0,5,0,7,0.266,2,6,6,0,1,2,0.907,0,2.925,5,5,5,5,0,4,6,1,0.401,5,0
4,4,7,6,0.0,0,1,-0.756,0,7,4,0.0,-3.458,0,0.0,5,6,3,0,2,-0.971,2,1,4,0,4,4,1.111,6,1.032,1,3,2,5,3,6,1,1,0.099,3,0
2,1,3,2,0.0,7,7,0.52,7,5,7,0.0,1.419,4,0.0,3,6,7,0,1,-0.368,1,5,2,0,3,2,0.835,6,-0.594,7,4,7,4,2,2,5,3,0.034,6,0
3,5,0,2,0.0,6,1,-2.08,5,0,0,0.0,-1.261,1,0.0,4,5,3,0,3,-2.513,0,4,0,0,6,7,0.915,4,-0.785,2,7,1,5,1,6,0,6,-1.851,2,0
0,4,6,2,0.0,0,0,0.286,0,4,7,0.0,-1.435,4,0.0,4,1,0,0,1,-0.984,6,0,1,0,2,3,0.749,5,1.984,1,5,5,4,7,6,1,2,0.471,3,0
5,4,1,2,0.0,5,4,0.924,7,5,2,0.0,-2.098,5,0.0,2,0,7,0,4,0.38,0,7,0,1,4,7,1.065,5,-0.091,5,4,0,7,2,6,7,6,1.343,4,1
3,3,2,6,0.0,1,3,0.848,7,6,6,0.0,-2.929,6,0.0,1,4,5,0,7,0.405,1,4,1,0,4,7,1.107,0,0.383,6,1,3,5,5,5,1,2,-0.118,7,0
2,3,0,2,1135.14,2,6,1.463,1,0,0,0.0,0.436,3,0.0,0,6,3,0,1,0.059,3,7,2,1,0,1,1.071,2,0.502,5,7,0,6,6,5,3,3,0.599,1,1
4,2,5,4,0.0,0,2,-0.903,6,0,3,0.0,-0.494,6,0.0,1,6,3,0,6,-0.501,1,7,0,0,3,2,1.192,3,-2.67,0,2,6,7,0,1,4,3,-1.109,2,0
3,6,0,1,1930.23,3,3,2.278,4,2,3,0.0,4.909,7,0.0,2,3,2,1,4,2.189,5,5,3,1,2,1,1.246,2,3.515,3,5,0,4,3,4,1,7,2.514,0,1
4,4,1,6,817.63,5,7,1.965,3,4,5,0.0,1.424,3,0.0,5,2,3,1,2,1.068,0,6,2,1,4,0,0.864,7,-2.021,3,4,0,2,1,4,5,5,1.331,4,1
2,3,1,7,0.0,3,3,-0.348,7,4,4,0.0,0.055,4,0.0,2,6,4,0,1,-0.942,5,6,1,0,1,0,1.057,4,-1.178,2,4,7,0,5,5,0,0,0.185,6,0
6,1,3,6,1961.2,2,4,0.609,7,2,5,0.0,3.257,3,0.0,4,4,1,0,1,0.571,6,7,0,1,5,2,1.473,6,2.315,0,5,4,7,1,3,1,1,1.013,4,1
7,1,4,2,1275.34,4,6,0.632,0,6,6,0.0,2.182,5,0.0,0,7,0,1,6,-0.686,1,0,6,0,6,4,1.651,4,1.837,7,7,6,4,7,6,0,0,1.265,1,1
7,2,1,0,0.0,4,3,0.257,6,0,7,0.0,-4.48,1,0.0,5,1,0,0,7,-0.072,1,2,3,0,7,2,1.11,4,-0.367,3,0,4,1,2,2,3,5,0.806,3,0
6,3,2,4,0.0,0,1,0.155,5,5,7,0.0,-1.126,3,0.0,6,3,5,0,6,0.91,4,1,0,0,2,0,1.141,7,1.256,6,4,2,2,7,5,3,5,-0.43,1,0
2,6,3,5,0.0,2,7,0.423,4,7,7,0.0,1.656,0,0.0,0,6,1,0,4,-1.811,4,2,3,0,4,5,0.842,1,3.248,3,1,3,3,2,6,7,7,0.298,2,0
4,7,6,4,0.0,5,5,-1.299,4,7,4,0.0,-2.158,2,0.0,7,6,0,0,0,-1.587,0,0,5,0,5,5,0.85,4,-0.553,6,2,6,4,1,0,2,0,-2.093,4,0
1,2,7,4,1446.3,5,7,1.839,5,0,3,0.0,3.842,0,0.0,2,6,7,1,7,1.963,2,1,5,1,0,7,1.39,2,3.572,4,1,2,0,1,7,1,2,1.323,3,1
6,1,0,6,0.0,3,3,0.479,6,5,4,0.0,3.309,7,0.0,1,1,5,0,0,1.7,6,5,1,0,2,6,1.145,1,1.059,6,5,4,0,2,3,1,1,0.872,6,0
0,3,6,7,0.0,4,1,0.188,6,5,1,0.0,1.573,3,0.0,3,5,4,0,2,-2.015,5,2,4,0,4,6,0.942,3,-0.495,5,2,6,0,3,7,6,1,-0.655,2,0
5,2,4,2,0.0,4,5,-0.287,3,3,5,0.0,-0.733,2,0.0,2,3,5,0,1,0.39,1,7,0,0,4,4,1.306,0,-2.569,5,4,3,7,2,2,0,5,-1.351,4,0
2,7,3,0,0.0,2,1,-0.382,0,2,6,0.0,-2.75,6,0.0,1,1,6,0,4,0.818,2,6,0,0,0,0,1.266,4,-1.211,1,3,3,4,7,0,4,0,-0.363,7,0
4,4,5,6,0.0,3,3,0.317,0,7,0,0.0,-3.823,3,0.0,2,6,5,0,1,1.044,6,4,3,0,6,6,0.977,3,-1.795,7,6,2,4,1,1,4,0,-0.276,2,0
6,7,5,5,0.0,0,5,0.609,5,0,3,0.0,2.015,1,0.0,3,4,5,0,1,-0.197,6,2,6,0,2,2,1.179,4,-0.75,4,0,6,0,2,1,3,7,0.401,6,0
3,2,4,7,0.0,0,1,-0.475,0,6,7,0.0,-0.348,7,0.0,6,2,1,0,0,-1.101,7,3,4,0,4,0,1.113,3,-0.947,6,3,5,0,3,3,7,2,-0.588,0,0
5,4,4,6,1781.02,3,1,1.753,4,7,3,0.0,0.434,5,0.0,5,0,1,1,2,1.903,0,6,3,1,5,7,1.271,0,2.647,3,0,6,4,0,0,5,3,1.601,4,1
1,3,6,2,0.0,6,2,-1.089,7,5,1,0.0,-2.167,1,0.0,7,5,4,0,4,-0.577,4,0,3,0,0,0,0.908,0,-2.851,6,4,3,1,0,3,5,2,-0.8,3,0
4,0,3,3,0.0,3,3,-0.684,3,6,5,0.0,-1.177,4,0.0,6,4,4,0,0,-1.185,3,2,4,0,4,3,0.993,1,2.333,4,0,5,1,4,4,7,6,-1.187,7,0
5,7,1,4,0.0,0,6,0.945,7,1,1,0.0,-3.0,0,0.0,2,1,4,0,5,-0.108,5,4,7,0,3,0,0.988,0,-0.666,4,5,7,3,3,4,2,2,0.429,7,0
1,4,2,0,0.0,0,1,0.127,3,4,7,0.0,-0.614,3,0.0,3,4,5,0,0,0.491,1,7,0,0,4,7,1.466,2,1.702,0,1,2,1,5,0,4,4,0.298,4,0
4,1,3,5,0.0,7,2,0.589,7,5,1,0.0,-3.322,6,0.0,6,7,0,0,5,0.081,0,4,6,0,3,6,0.748,3,-0.539,0,5,6,1,6,0,6,6,0.641,5,0
7,4,5,3,0.0,3,3,-1.138,1,7,5,0.0,1.34,6,0.0,7,3,7,0,6,-2.181,7,6,2,0,5,4,0.894,3,2.501,6,0,7,5,0,3,6,1,-0.765,6,0
7,5,7,1,0.0,7,4,-0.938,6,0,3,0.0,1.179,6,0.0,2,3,4,1,6,1.112,4,0,5,0,3,6,1.762,0,-1.204,1,5,6,1,6,0,2,1,0.26,4,1
0,6,3,1,0.0,7,4,0.296,2,7,6,0.0,2.572,0,0.0,4,3,2,0,6,3.595,3,0,0,0,4,2,0.757,1,4.119,3,5,4,0,1,5,6,6,1.225,2,0
3,1,4,3,0.0,3,0,-1.091,3,3,2,0.0,-3.685,4,0.0,7,1,5,0,4,1.447,3,5,5,0,5,0,1.05,4,-0.808,2,2,2,5,5,4,6,7,-0.602,6,0
4,6,0,3,0.0,3,0,0.383,0,6,1,0.0,0.361,1,0.0,1,0,4,0,6,1.102,1,5,6,0,5,2,0.836,7,-0.137,1,3,1,4,6,6,3,3,0.195,7,0
3,6,5,4,0.0,7,1,0.298,3,2,0,0.0,1.637,1,0.0,1,2,5,0,3,-0.48,2,6,4,0,5,5,1.048,2,1.272,2,0,6,2,0,3,1,2,0.469,5,0
6,6,6,7,0.0,5,4,-1.228,3,4,6,0.0,1.11,3,0.0,0,3,4,0,4,-1.268,0,3,3,0,1,3,1.172,4,-1.219,0,6,2,6,7,1,4,5,-0.685,5,0
4,0,0,7,1345.58,3,6,-0.076,3,5,7,0.0,-1.473,3,0.0,7,1,5,0,7,1.282,3,5,6,1,3,3,1.295,2,-2.882,0,2,0,5,7,2,2,0,0.451,1,1
6,2,7,1,0.0,0,5,-2.587,7,2,3,0.0,-3.727,4,0.0,1,7,3,0,3,-4.324,7,4,3,0,6,0,1.213,3,-3.582,3,6,1,2,3,2,5,7,-2.306,1,0
7,0,3,5,0.0,6,1,0.334,1,7,6,0.0,-3.582,6,0.0,3,7,0,0,6,1.313,4,2,5,0,4,0,1.165,0,1.92,4,7,6,3,2,4,0,0,0.324,6,0
4,0,2,2,0.0,2,4,-0.143,0,5,5,0.0,-0.108,4,0.0,4,4,3,0,7,-1.049,7,7,7,0,6,6,0.835,5,1.786,5,4,5,2,5,3,4,1,0.076,2,0
2,7,1,2,0.0,0,0,0.126,3,4,0,0.0,1.649,3,0.0,5,3,5,0,5,1.205,7,1,7,1,5,3,1.209,2,1.35,6,1,2,6,5,1,6,5,0.089,6,1
0,3,4,3,0.0,5,1,-0.728,1,1,2,0.0,1.089,7,0.0,7,1,5,0,0,0.475,1,4,0,0,4,4,1.331,2,-2.703,1,6,5,6,0,0,0,7,-0.612,6,0
2,7,3,4,339.82,3,0,1.343,4,3,4,0.0,2.973,1,0.0,0,1,2,1,7,2.358,2,4,0,1,0,6,1.203,1,0.735,6,7,1,1,3,0,6,1,2.529,6,1
4,0,3,7,0.0,7,1,-0.042,6,4,6,0.0,3.474,1,0.0,7,7,7,0,6,-1.39,0,1,7,0,5,2,1.22,6,2.697,0,4,3,3,0,7,0,6,0.443,6,0
5,0,3,4,0.0,3,5,0.215,1,3,5,0.0,2.332,7,0.0,5,5,4,0,2,-0.092,0,1,5,0,0,4,0.812,2,-0.874,7,3,7,1,5,1,0,1,-0.243,1,0
6,5,0,5,0.0,2,2,-0.248,0,7,0,0.0,-3.039,6,0.0,7,4,5,0,0,-0.93,0,4,6,0,2,0,0.9,7,1.063,1,4,2,3,0,3,4,1,-0.906,2,0
2,1,7,5,0.0,3,7,-1.186,6,0,2,0.0,1.793,0,0.0,1,5,7,0,7,1.126,2,6,7,0,7,7,0.849,3,-0.301,7,1,5,4,1,2,6,0,-0.052,6,0
6,0,4,0,0.0,3,4,-0.371,3,0,1,0.0,-7.142,1,0.0,3,2,7,0,7,0.204,2,4,1,0,7,2,1.128,6,0.604,3,5,4,7,6,6,7,7,0.127,0,0
2,3,2,6,0.0,7,0,-2.555,4,3,5,0.0,-1.716,1,0.0,4,5,1,0,4,-0.792,7,3,2,0,2,1,1.172,4,-1.486,5,4,1,3,5,0,4,1,-2.048,6,0
4,7,1,5,0.0,0,0,-0.809,5,0,6,0.0,-1.898,5,0.0,0,2,1,0,6,-1.802,0,7,3,0,5,1,0.902,2,-0.651,3,4,6,5,4,1,0,7,-0.736,0,0
5,2,3,5,0.0,0,1,0.279,0,3,5,0.0,0.766,6,0.0,1,3,7,0,3,-0.317,2,2,5,0,6,4,0.982,1,-0.135,2,3,2,5,1,0,2,5,-0.605,1,0
1,4,0,5,0.0,3,0,-0.55,2,6,2,0.0,-0.163,1,0.0,1,5,1,0,0,1.412,6,3,6,0,2,2,0.582,4,-2.596,2,6,3,6,2,0,4,2,-0.417,0,0
1,7,5,0,0.0,1,2,-0.286,2,0,7,0.0,-1.185,7,0.0,1,0,7,0,3,-0.667,7,6,3,0,7,1,0.979,7,1.118,1,0,5,2,3,2,5,5,-0.668,3,0
2,3,2,1,0.0,3,1,0.24,7,6,3,0.0,0.608,3,0.0,7,0,0,0,6,-0.661,4,1,1,0,6,5,1.179,2,3.513,0,1,1,3,4,2,0,7,0.225,0,0
3,7,1,7,0.0,1,2,-0.745,7,0,0,0.0,-0.247,1,0.0,3,7,0,0,6,-1.165,6,7,5,0,0,4,0.977,7,0.643,3,0,5,1,4,2,0,6,-0.833,7,0
2,6,2,7,148.37,6,5,2.435,7,6,4,0.0,3.154,4,13.27,4,1,2,1,2,4.752,0,3,3,1,5,2,1.103,4,4.252,5,7,1,7,7,3,1,0,2.558,0,1
2,5,6,3,0.0,0,2,-0.838,3,5,5,0.0,-4.548,0,0.0,6,2,4,0,0,-0.935,6,5,2,0,4,0,0.541,6,-2.528,0,6,2,0,2,7,0,3,-1.343,4,0
6,6,2,6,1985.74,3,3,1.836,2,3,0,0.0,1.758,7,0.0,3,4,7,1,4,3.499,7,5,4,1,6,5,1.228,3,-1.001,5,4,2,0,5,0,4,1,1.895,1,1
2,6,2,4,0.0,3,6,0.007,5,6,0,0.0,-2.358,3,0.0,5,3,1,0,3,0.722,7,4,2,0,0,5,1.18,3,-1.313,3,5,5,3,2,5,0,1,-0.212,5,0
1,5,0,5,1797.9,4,3,2.036,0,6,2,0.0,-0.774,1,0.0,2,4,1,1,6,1.224,0,7,5,0,2,3,1.332,2,0.164,1,1,3,2,3,5,6,0,1.62,6,1
1,3,2,4,0.0,6,5,1.519,6,0,0,0.0,1.114,0,0.0,2,2,4,0,4,1.37,1,7,1,0,0,2,0.871,5,1.414,0,7,6,4,2,1,5,4,1.233,2,0
5,0,1,7,0.0,3,2,-0.209,6,7,3,0.0,-3.507,1,0.0,7,3,5,0,3,1.816,4,0,4,0,1,3,0.77,1,-2.656,5,0,3,1,0,7,3,0,-0.983,6,0
2,3,1,7,0.0,4,3,0.201,5,0,2,0.0,3.182,4,0.0,4,4,2,0,7,-0.743,1,4,1,0,0,6,1.155,4,-2.668,0,7,0,0,4,4,7,4,-0.445,6,0
5,0,2,0,0.0,1,3,-0.025,3,1,6,0.0,-4.144,3,0.0,5,2,3,0,5,0.062,1,4,4,0,2,0,0.79,4,-0.601,4,1,0,0,1,2,4,3,-0.772,2,0
2,7,1,2,0.0,2,3,0.417,6,2,3,0.0,-0.239,1,0.0,6,0,1,0,7,1.096,6,6,5,0,0,5,0.874,0,-1.247,5,3,6,2,7,6,5,6,-0.186,4,0
4,0,7,1,0.0,0,7,-0.993,6,5,4,0.0,-1.73,0,0.0,5,5,0,0,6,-0.325,2,0,3,0,5,5,0.857,5,-1.881,1,3,0,6,0,7,4,4,-1.112,4,0
6,3,6,1,0.0,0,7,-0.221,2,6,5,0.0,-2.383,3,0.0,2,2,1,0,6,-0.929,0,4,1,0,1,3,0.941,3,-4.193,6,3,0,2,6,2,5,7,-0.709,1,0
4,4,4,4,0.0,0,1,-1.543,5,6,1,0.0,-3.289,0,0.0,0,1,3,0,1,-2.225,0,3,4,0,0,2,0.716,5,-1.303,3,1,3,6,2,6,0,7,-1.676,5,0
7,4,5,0,0.0,3,4,0.566,0,5,5,0.0,3.454,7,15.05,0,4,3,1,6,2.821,0,2,3,1,0,5,1.266,1,0.759,2,5,2,2,5,2,6,6,1.652,7,1
7,1,2,7,0.0,5,1,0.547,0,2,0,0.0,-1.199,4,0.0,6,1,7,0,5,1.356,0,2,7,0,5,2,0.955,2,-0.106,1,1,5,7,1,0,3,7,-0.181,1,0
4,2,5,3,0.0,7,6,0.373,6,4,4,0.0,-0.246,1,0.0,2,0,5,0,5,-1.805,6,4,2,0,7,1,1.2,4,1.886,4,6,0,0,6,6,3,6,-0.813,4,0
6,1,7,1,0.0,5,3,-0.471,7,5,3,0.0,-1.9,6,0.0,4,6,4,0,3,-1.387,7,0,6,0,2,7,0.829,5,-0.045,4,2,0,4,3,2,5,5,-0.985,5,0
4,3,6,2,0.0,3,0,0.513,6,0,6,0.0,-1.475,4,0.0,6,7,2,0,4,0.896,1,3,6,0,4,5,1.193,1,-0.288,6,1,4,3,1,0,4,1,-0.36,2,0
0,3,3,3,0.0,3,2,1.195,5,1,3,0.0,-3.164,6,0.0,5,5,5,0,0,-0.327,5,4,6,0,1,0,0.974,2,-0.357,4,1,1,2,1,4,6,7,0.054,1,0
5,2,2,3,0.0,3,0,-0.692,0,3,4,0.0,0.911,5,0.0,7,7,4,0,2,1.533,7,6,7,0,7,6,0.76,6,2.012,6,4,5,6,5,4,6,0,0.221,3,0
0,2,1,0,0.0,0,2,-1.491,6,7,5,0.0,2.596,7,0.0,4,3,4,0,3,-0.727,7,2,4,0,2,6,0.724,0,-2.455,0,7,1,4,5,6,2,4,-0.315,6,0
7,5,1,6,0.0,6,7,-1.625,6,0,4,0.0,0.903,7,0.0,7,7,7,0,2,-1.147,3,4,3,0,2,5,0.689,3,-1.759,4,1,3,0,3,7,2,5,-1.692,0,0
5,2,5,7,0.0,2,6,-0.126,3,7,1,0.0,1.097,2,0.0,7,0,2,0,0,-0.094,3,4,5,0,7,4,1.156,1,-2.279,1,7,6,4,2,7,7,3,-1.066,5,0
0,6,4,2,0.0,1,1,-0.265,1,1,2,0.0,0.815,4,0.0,5,2,5,0,1,0.482,4,1,6,0,3,0,1.169,2,1.688,4,4,3,5,1,6,3,3,0.236,7,0
1,3,7,5,0.0,0,3,-0.528,4,3,3,0.0,0.125,4,0.0,5,2,7,0,3,-0.605,3,2,5,0,3,6,1.154,2,1.993,3,4,3,6,2,3,0,4,0.013,5,0
2,5,5,0,0.0,4,7,-0.616,5,1,0,0.0,-1.994,3,0.0,3,7,1,0,4,1.313,3,5,7,0,1,3,1.078,6,-1.928,5,1,0,7,6,7,0,1,-0.341,0,0
6,3,0,4,1486.31,6,3,0.456,6,7,0,0.0,-1.807,3,0.0,2,0,6,1,3,2.429,2,6,2,0,4,4,1.268,1,1.095,6,6,6,2,7,2,0,4,0.721,6,1
1,4,2,0,0.0,5,6,1.521,6,5,1,0.0,3.469,1,0.0,3,1,2,0,1,0.115,7,6,5,0,1,5,1.117,3,4.549,3,2,1,0,1,0,6,4,1.309,6,0
0,0,4,3,0.0,5,4,-3.355,6,3,0,0.0,-2.2,3,0.0,6,4,2,0,0,-2.778,1,2,0,0,5,1,0.717,0,0.292,5,3,5,5,4,7,2,2,-3.118,2,0
0,1,3,3,0.0,2,4,-0.786,5,3,5,0.0,-1.616,0,0.0,7,5,5,0,5,-1.51,4,6,3,0,0,3,1.108,7,-3.123,1,3,7,3,1,0,7,7,-0.647,1,0
1,5,5,2,0.0,3,7,0.92,3,5,3,0.0,3.121,0,0.0,3,3,6,0,4,1.276,0,6,2,1,4,0,1.173,4,-0.682,4,4,6,5,6,3,5,7,1.249,4,1
7,2,0,5,0.0,0,3,0.58,3,7,5,0.0,-4.725,6,0.0,5,4,5,0,1,-0.205,6,3,7,0,4,3,0.655,0,-0.977,0,6,7,1,7,0,2,5,0.603,0,0
6,0,4,4,0.0,7,0,-1.155,2,4,6,0.0,-2.133,2,0.0,4,4,0,0,0,-0.342,4,2,4,0,3,6,0.829,1,-0.659,2,7,7,1,1,0,3,3,-1.709,2,0
6,1,1,7,0.0,6,3,1.199,3,4,1,0.0,-2.225,3,0.0,6,3,7,0,5,0.123,6,4,6,0,2,6,0.654,2,1.592,5,0,7,5,0,7,2,7,0.683,7,0
2,5,4,6,0.0,2,5,-0.303,2,2,5,0.0,0.324,7,0.0,6,3,5,0,3,-0.793,3,0,0,0,2,1,0.908,4,0.154,0,4,0,6,0,5,0,1,0.062,6,0
1,5,5,3,0.0,7,6,1.961,0,2,4,0.0,1.704,5,0.0,5,0,2,0,5,1.23,2,0,6,1,6,1,1.362,2,2.299,5,6,7,0,3,1,4,5,0.777,0,1
0,1,6,0,0.0,1,0,0.14,1,1,7,0.0,4.484,5,0.0,5,0,3,0,7,0.903,2,4,5,0,3,7,1.481,1,1.297,7,3,1,0,4,1,7,5,0.793,6,0
2,0,0,0,1099.8,2,7,1.996,1,2,7,0.0,2.234,0,4.71,2,6,1,1,2,2.85,1,4,5,1,5,5,0.99,0,2.228,4,3,5,5,7,4,5,5,1.946,7,1
5,3,0,0,0.0,7,3,-0.25,3,1,7,0.0,-2.558,1,0.0,3,3,7,0,1,0.294,2,1,2,0,3,1,0.867,4,0.405,2,2,3,2,3,0,6,0,0.789,3,0
6,2,2,1,0.0,6,0,1.507,3,6,7,0.0,1.282,1,0.0,6,4,7,0,4,-1.495,5,1,1,0,2,6,1.11,2,0.702,1,0,2,3,0,6,4,2,0.821,5,0
3,2,0,0,0.0,7,1,-1.747,7,4,6,0.0,1.613,2,0.0,6,7,4,0,6,-0.312,6,6,2,0,3,2,0.683,0,-0.135,0,7,7,0,4,2,4,5,-1.028,7,0
2,1,5,0,0.0,1,2,0.469,3,0,0,0.0,-0.144,4,0.0,1,2,0,0,0,0.865,4,4,7,0,4,3,1.159,1,0.311,3,5,5,5,0,5,1,3,0.561,5,0
7,6,1,7,0.0,2,2,-0.0,7,0,1,0.0,1.498,0,0.0,5,0,3,0,6,1.05,4,6,1,0,1,0,1.128,1,-0.065,7,3,2,2,7,7,7,5,0.324,7,0
6,2,2,2,0.0,3,0,-1.567,4,7,3,0.0,0.175,7,0.0,0,4,6,0,2,-1.111,7,3,1,0,5,7,0.867,4,-0.508,1,4,4,3,4,2,3,5,-1.061,2,0
2,4,2,6,0.0,1,3,-0.684,3,7,0,0.0,-0.43,7,0.0,1,6,5,0,3,-0.935,7,7,6,0,6,2,0.909,7,1.635,1,7,5,1,3,0,3,1,-0.211,6,0
0,0,3,1,0.0,5,1,-1.714,5,5,0,0.0,-2.94,7,0.0,3,5,7,0,7,-0.75,5,2,4,0,7,7,1.349,7,-4.695,3,3,5,3,5,0,6,3,-2.499,2,0
0,1,3,4,0.0,3,5,0.822,1,0,6,0.0,-2.432,2,0.0,4,4,7,0,1,1.815,2,2,4,0,0,5,0.777,6,1.689,3,7,7,1,3,3,5,5,0.688,3,0
7,7,3,4,0.0,7,6,-1.136,6,5,3,0.0,-2.253,7,0.0,2,3,7,0,5,0.113,4,4,6,0,5,4,0.863,2,1.451,4,1,5,7,2,1,4,1,-0.785,0,0
4,3,5,0,0.0,0,4,-0.219,2,6,2,0.0,0.033,1,0.0,1,4,7,0,1,-1.583,2,6,1,0,6,4,0.893,4,-0.038,3,6,5,2,5,3,3,0,0.497,4,0
3,4,7,4,2084.23,5,1,1.351,3,7,4,0.0,1.972,6,0.0,6,4,1,1,4,1.39,1,7,7,1,6,7,1.052,1,0.449,1,6,0,5,4,1,7,6,1.747,1,1
6,3,5,0,0.0,1,0,0.004,7,5,7,0.0,0.518,0,0.0,0,3,3,0,1,0.723,3,3,5,0,6,2,1.114,3,0.662,6,6,4,6,5,4,2,5,0.496,2,0
6,5,5,5,1429.95,7,4,2.09,6,5,2,0.0,3.897,0,0.0,1,3,1,1,7,0.645,1,1,3,0,0,7,1.199,4,1.284,2,4,3,4,7,0,0,5,1.63,0,1
3,1,6,5,0.0,4,1,-1.741,5,1,6,0.0,0.703,2,0.0,2,7,1,0,4,-0.674,0,6,3,0,1,0,0.928,4,-2.113,5,1,7,3,7,2,6,0,-1.61,4,0
2,2,5,2,0.0,7,0,0.593,3,0,7,0.0,-1.481,1,0.0,4,4,6,0,4,-0.376,0,7,0,0,3,7,0.928,7,0.388,2,6,6,2,2,6,1,6,0.284,4,0
0,1,4,5,1193.11,1,4,2.153,1,0,5,0.0,2.842,1,0.0,7,6,1,1,2,1.759,7,4,1,1,0,1,1.232,2,1.384,2,1,4,4,2,0,0,5,2.083,2,1
6,2,6,2,0.0,3,7,0.372,7,2,5,0.0,-2.207,5,0.0,4,5,6,0,2,-0.716,5,0,5,0,6,4,1.254,7,-0.159,1,7,7,6,1,5,5,0,-0.572,4,0
6,6,3,4,824.71,4,7,0.882,6,5,4,0.0,2.575,3,0.0,7,5,0,1,5,0.377,7,7,2,0,3,2,1.267,5,1.221,6,5,1,4,0,4,4,7,1.024,1,1
0,5,3,0,0.0,4,1,0.01,3,2,4,0.0,5.125,7,0.0,5,2,4,0,5,0.517,6,4,6,0,4,2,1.176,1,2.452,4,7,3,0,7,2,3,4,-0.527,5,0
6,5,7,6,0.0,2,0,1.324,4,4,0,0.0,-1.116,7,0.0,2,7,0,0,7,0.49,0,4,3,0,7,5,1.045,4,0.42,6,5,0,0,3,3,0,5,0.499,5,0
1,3,0,5,0.0,6,0,1.474,3,4,5,0.0,5.528,6,0.0,1,0,3,0,5,0.746,4,6,6,1,5,2,1.378,1,0.547,4,1,3,1,5,0,7,7,0.472,2,1
2,2,5,4,379.03,3,2,2.803,3,1,4,0.0,3.269,0,0.0,5,0,5,1,7,4.01,4,1,3,1,4,4,1.184,6,1.287,6,7,7,7,2,7,2,4,3.21,6,1
7,3,5,7,0.0,7,5,0.909,5,5,7,0.0,2.611,3,5.88,4,2,2,0,1,0.218,0,4,1,1,6,2,1.209,6,0.512,3,0,5,5,5,0,4,0,0.837,7,1
6,5,7,1,1394.52,5,5,-0.601,4,6,5,0.0,-0.074,5,0.0,7,2,0,0,1,0.417,2,7,0,1,6,7,0.972,7,-2.209,3,4,3,5,7,3,3,6,0.425,5,1
7,6,6,0,0.0,6,2,-1.343,7,0,0,0.0,0.462,0,0.0,0,1,2,0,1,-0.218,4,5,6,0,1,2,0.731,0,-2.862,4,0,0,5,6,7,3,5,-1.471,7,0
5,5,2,4,0.0,4,5,-2.316,5,7,3,0.0,-0.657,4,0.0,1,4,5,0,0,-2.444,1,5,0,0,4,5,1.072,1,-3.654,5,1,4,1,1,6,0,0,-1.316,0,0
7,5,6,7,0.0,2,5,-0.449,4,0,4,0.0,-1.342,7,0.0,0,5,1,0,1,-0.69,1,0,4,0,1,1,0.781,6,-0.319,7,0,4,1,7,1,5,0,-0.802,6,0
3,0,0,7,0.0,0,3,-0.162,6,3,4,0.0,0.673,0,0.0,2,1,3,0,0,-1.867,3,0,2,0,5,5,0.925,7,-0.126,6,5,6,2,2,1,2,2,-0.17,6,0
0,4,0,3,639.1,5,2,-1.187,4,0,4,0.0,-1.523,5,0.0,6,0,6,0,1,1.074,0,1,1,1,2,5,1.465,2,1.102,4,3,0,6,5,7,6,6,0.194,4,1
5,7,0,6,45.92,0,4,1.665,3,3,5,0.0,2.865,7,0.0,4,3,1,0,3,0.109,1,7,4,1,5,0,1.257,3,1.011,0,7,4,2,7,1,3,7,1.51,5,1
0,5,1,1,0.0,7,3,-0.637,3,1,7,0.0,0.98,0,0.0,3,7,0,0,4,-2.958,5,5,3,0,7,3,1.019,5,-1.148,4,5,7,6,4,1,2,0,-0.694,3,0
7,0,5,0,0.0,7,4,-0.721,4,3,1,0.0,-1.606,5,0.0,7,4,7,0,4,-0.703,5,2,3,0,2,6,0.904,5,-0.661,3,1,4,0,5,3,5,6,-0.893,1,0
5,7,0,0,0.0,6,5,-1.528,3,7,5,0.0,-2.623,1,0.0,1,0,0,0,2,-1.565,3,2,6,0,1,3,1.073,5,-0.183,7,0,5,4,0,6,0,5,-1.356,5,0
0,1,6,1,0.0,6,5,0.63,5,1,3,0.0,-2.909,0,0.0,7,1,0,0,7,0.924,5,6,1,0,4,3,0.647,5,3.341,1,7,7,5,1,5,1,4,0.557,1,0
0,5,7,0,0.0,4,3,0.6,0,2,7,0.0,-1.675,5,0.0,3,2,5,0,4,1.292,2,0,5,0,2,1,0.673,5,0.945,4,0,3,2,7,5,6,7,0.153,5,0
2,3,2,2,1415.77,7,7,0.228,0,4,0,0.0,0.245,2,0.0,1,1,0,1,2,-1.033,5,2,0,0,6,6,1.29,4,3.484,2,2,7,6,0,3,7,3,0.404,6,1
3,0,7,2,0.0,4,5,0.638,5,4,5,0.0,-0.462,5,0.0,0,1,6,0,4,1.161,4,1,3,0,3,4,1.007,0,-0.534,1,0,0,6,0,0,5,4,0.871,4,0
4,1,2,4,0.0,5,5,0.071,5,6,2,0.0,4.692,7,0.0,2,5,3,0,2,1.353,5,2,0,0,4,1,0.943,0,-0.139,5,5,2,1,2,5,3,1,0.088,1,0
4,0,1,5,0.0,4,7,-1.452,4,3,2,0.0,-2.344,2,0.0,1,2,3,0,1,-3.178,5,3,1,0,0,2,0.968,1,-0.011,2,0,0,2,5,2,3,3,-1.049,7,0
3,5,2,7,0.0,1,5,-0.017,1,1,2,0.0,2.22,0,0.0,2,5,3,0,4,-0.128,3,3,1,0,1,5,0.887,7,3.862,1,3,1,2,4,6,4,0,0.186,2,0
5,4,1,2,0.0,7,5,-0.992,4,2,4,0.0,-4.591,6,0.0,5,6,5,0,1,-1.986,1,0,6,0,7,5,1.052,1,0.981,3,2,0,5,0,2,4,5,-0.183,1,0
7,7,0,0,0.0,3,6,2.34,6,5,2,0.0,0.336,3,0.0,7,3,5,0,0,2.942,4,5,3,1,3,7,1.388,3,-0.858,1,5,0,3,3,3,2,7,1.075,2,1
3,1,2,4,0.0,3,0,-0.919,4,2,3,0.0,-0.936,7,0.0,3,0,4,0,7,-0.821,1,2,6,0,0,5,1.259,5,1.29,4,3,5,5,4,7,2,3,-1.109,2,0
4,1,3,7,0.0,6,3,-0.29,1,7,2,0.0,-1.938,6,0.0,2,7,7,0,3,2.239,0,7,2,0,4,5,1.067,3,1.553,6,2,1,6,4,4,1,7,0.126,4,0
0,3,0,4,0.0,2,1,0.354,3,6,1,0.0,1.03,4,0.0,7,3,2,0,0,2.685,1,7,6,0,1,7,1.162,7,-1.152,1,5,2,1,4,2,6,4,0.685,7,0
7,0,5,1,1664.44,6,7,1.305,3,2,6,0.0,1.445,2,0.0,2,6,3,1,2,1.307,3,2,4,1,7,1,0.863,1,1.686,0,0,0,4,7,4,4,1,1.408,2,1
0,0,7,1,0.0,6,7,-0.305,7,6,0,0.0,-1.613,0,0.0,4,5,1,0,6,1.495,4,1,4,0,3,5,1.063,5,-0.19,7,5,7,3,2,7,3,1,0.077,7,0
7,3,3,7,0.0,3,2,-0.853,1,5,2,0.0,3.96,0,0.0,5,0,7,0,0,0.31,2,6,1,0,7,1,1.079,7,-0.135,2,5,0,7,2,6,7,5,0.18,4,0
1,0,3,2,0.0,1,5,1.15,3,5,5,0.0,-1.511,6,0.0,5,3,0,0,0,0.436,5,4,4,0,6,3,1.23,4,-1.348,0,0,4,5,0,0,6,6,1.176,4,0
3,4,2,5,0.0,0,4,1.349,4,6,5,0.0,3.299,1,0.0,7,0,6,0,1,0.702,3,6,1,0,3,0,1.268,1,0.206,3,1,2,7,5,6,3,1,1.389,4,0
7,6,1,7,308.0,4,7,2.364,1,4,1,0.0,0.724,0,0.0,7,7,6,1,4,2.625,4,1,3,1,2,0,1.091,6,2.648,7,2,3,5,3,1,6,7,1.752,3,1
4,3,5,2,1430.22,7,0,0.01,4,6,7,0.0,2.798,7,0.0,4,7,2,1,0,2.405,6,3,7,1,6,0,1.104,4,-1.607,6,5,6,2,2,4,1,5,1.492,0,1
6,6,0,0,0.0,0,2,-1.917,2,5,2,0.0,0.426,3,0.0,0,2,1,0,2,-2.106,6,1,6,0,6,1,1.415,0,-3.073,5,7,2,3,4,6,5,2,-2.123,0,0
5,6,4,1,0.0,4,3,-0.641,6,0,0,0.0,-4.287,6,0.0,3,3,5,0,6,-2.363,5,5,4,0,3,0,1.018,6,-0.828,4,1,3,0,7,7,5,6,-1.001,5,0
1,2,4,2,0.0,5,1,-2.492,2,6,2,0.0,-1.138,7,0.0,3,1,5,0,6,-0.443,1,3,3,0,6,5,0.607,7,-0.557,4,4,0,0,3,7,5,7,-0.617,5,0
1,7,2,5,0.0,5,2,1.01,0,7,1,0.0,3.108,1,0.0,2,5,0,0,1,1.347,7,7,1,0,4,3,0.85,7,-3.251,4,6,4,0,3,4,7,5,0.521,4,0
7,3,1,2,0.0,5,0,-0.864,1,0,2,0.0,0.898,2,0.0,2,6,6,0,5,-1.884,1,1,4,0,6,3,1.074,2,0.028,5,2,1,3,4,4,4,5,-0.927,0,0
2,7,2,2,0.0,3,2,-0.984,5,5,0,0.0,-0.897,1,0.0,3,7,6,0,4,-1.265,2,0,7,0,5,2,1.277,0,1.155,7,5,1,5,4,0,4,5,-0.371,1,0
4,5,3,4,0.0,4,3,0.669,1,5,4,0.0,0.499,5,0.0,3,1,3,0,0,1.091,1,2,6,0,2,0,0.99,5,-0.059,0,2,0,6,4,7,1,6,0.38,3,0
3,7,1,5,0.0,4,3,1.411,3,6,2,0.0,-2.596,5,0.0,4,6,2,0,5,1.428,4,1,1,1,4,3,1.193,7,2.591,4,4,2,5,0,6,7,6,0.411,3,1
2,1,7,4,0.0,2,1,-0.252,6,1,4,0.0,0.189,2,0.0,2,5,1,0,0,0.213,1,2,3,0,4,1,1.352,4,1.012,1,3,2,7,5,6,1,3,0.247,1,0
0,0,5,0,410.11,4,4,0.988,2,5,2,0.0,4.362,5,20.02,7,3,2,0,4,1.694,6,4,0,1,1,4,1.17,6,-0.991,3,0,1,0,1,3,7,2,1.545,2,1
4,4,0,7,1651.67,7,2,1.15,3,7,7,0.0,-0.435,2,0.0,1,1,4,1,6,-0.006,7,7,0,1,6,4,1.44,1,1.434,4,6,2,6,0,6,2,2,1.705,4,1
6,0,5,1,0.0,6,1,0.043,1,3,6,0.0,2.238,4,0.0,4,4,3,0,2,0.178,4,5,3,0,0,4,0.943,2,-1.596,4,7,3,3,7,6,5,6,-0.417,0,0
2,2,1,7,0.0,2,2,-0.617,1,4,4,0.0,-0.823,2,0.0,6,5,1,0,2,-2.378,1,1,6,0,2,6,1.425,7,-3.584,4,3,0,0,2,7,6,6,-0.939,0,0
0,6,1,7,0.0,3,6,-0.855,3,6,7,0.0,2.052,1,0.0,2,0,5,0,5,-0.738,6,3,4,0,3,7,1.05,3,-0.113,3,3,7,0,3,5,4,3,-0.638,4,0
7,5,2,7,1748.07,5,7,2.272,1,1,7,0.0,5.03,0,0.0,1,1,6,1,6,2.83,0,4,7,1,1,6,1.208,7,3.926,4,4,2,4,3,0,3,2,2.097,1,1
4,5,4,2,1883.29,2,0,-0.116,4,1,7,0.0,0.524,1,0.0,2,7,4,0,3,-0.189,1,2,5,1,2,4,1.065,4,-0.105,2,6,6,4,7,2,1,4,0.305,0,1
0,4,1,1,0.0,1,7,-0.127,7,5,0,0.0,0.458,7,0.0,3,5,1,0,0,-0.807,6,6,2,0,3,7,0.936,7,-2.415,6,7,3,0,4,1,2,4,-0.053,4,0
7,1,1,5,0.0,2,7,-0.437,4,3,1,0.0,4.175,6,0.0,5,3,5,0,1,0.435,6,4,3,0,0,5,0.925,7,-1.086,0,1,3,1,7,2,4,3,0.131,3,0
2,5,4,4,0.0,2,2,-0.534,5,4,2,0.0,2.46,2,0.0,4,4,1,0,5,-0.125,6,0,6,0,3,3,1.073,2,-0.18,4,4,6,6,3,4,6,5,0.256,2,0
4,3,5,5,0.0,1,3,-1.596,4,6,5,0.0,-3.108,5,0.0,4,4,2,0,4,-2.157,0,4,2,0,7,1,1.274,0,-1.77,5,0,4,7,0,0,7,1,-1.535,0,0
0,2,0,2,274.66,4,2,0.83,0,3,1,0.0,-1.079,6,0.0,2,6,6,0,3,0.387,4,2,6,1,7,3,0.999,6,0.743,0,5,1,6,3,7,5,5,0.862,6,1
1,7,2,2,0.0,0,3,0.37,0,4,4,0.0,2.942,2,0.0,7,1,1,0,3,1.763,5,6,5,0,6,0,0.978,4,1.519,2,5,5,0,2,5,2,1,1.296,5,0
6,3,1,1,0.0,0,2,-0.463,5,4,3,0.0,-1.114,0,0.0,7,3,6,0,0,1.059,4,4,3,0,4,2,1.179,6,-0.037,6,4,2,4,6,5,0,5,0.005,5,0
0,1,1,4,0.0,4,6,0.506,5,5,6,0.0,-1.62,2,0.0,7,6,5,0,2,-1.046,6,2,3,0,6,5,1.195,3,-1.071,3,4,6,5,1,4,3,7,0.398,5,0
4,2,4,2,0.0,1,6,0.275,1,3,3,0.0,-0.77,3,0.0,2,6,4,0,7,1.388,0,4,5,0,4,3,0.95,5,-0.109,2,2,0,4,0,1,5,4,0.372,1,0
7,6,4,1,0.0,4,4,-1.111,7,6,7,0.0,-0.372,5,0.0,2,2,1,0,1,0.125,4,2,7,0,7,0,1.089,6,-3.876,7,0,5,1,7,1,1,6,-1.343,4,0
6,1,1,2,0.0,6,4,0.689,0,1,2,0.0,0.487,6,0.0,6,0,0,0,1,1.515,1,2,6,0,1,3,1.038,6,-0.954,5,1,7,4,1,5,6,1,0.567,3,0
7,5,4,0,0.0,2,5,-1.691,0,1,6,0.0,0.769,0,0.0,7,1,3,0,5,-2.597,6,2,1,0,6,4,1.018,2,-0.502,4,2,3,6,1,3,4,3,-2.174,5,0
5,7,2,3,0.0,1,1,0.86,1,2,0,0.0,5.558,6,10.26,2,7,0,1,6,2.735,6,2,1,0,4,5,1.215,7,-0.232,4,5,3,0,6,5,6,0,1.898,0,1
3,4,4,2,0.0,3,2,0.234,7,6,1,0.0,-3.057,2,0.0,6,4,7,0,6,-1.257,4,3,3,0,1,5,0.798,4,-2.261,2,5,6,4,7,7,0,4,0.056,6,0
4,6,4,2,0.0,4,0,-0.867,0,6,7,0.0,-0.041,2,0.0,0,5,5,0,1,-1.32,6,6,4,0,4,4,0.945,4,-2.783,1,4,4,3,1,2,6,6,-0.706,3,0
4,3,1,5,0.0,1,5,0.51,2,5,7,0.0,3.042,6,0.0,0,0,2,0,0,2.396,2,2,5,0,6,2,0.769,1,-0.116,5,2,0,7,2,6,0,7,1.23,3,0
2,7,2,2,722.45,1,5,0.548,0,2,7,0.0,2.653,5,0.0,7,1,7,1,4,2.425,4,3,0,1,2,2,1.153,6,-0.306,1,7,6,1,7,7,0,7,1.272,6,1
6,5,3,7,0.0,0,5,1.746,0,3,6,0.0,1.948,2,0.0,3,2,2,1,7,2.433,2,7,1,1,6,0,1.191,4,0.964,0,2,1,7,4,0,4,6,1.875,2,1
2,4,4,3,0.0,0,0,-2.06,6,5,6,0.0,-5.408,0,0.0,4,2,4,0,6,-3.116,5,6,7,0,2,3,1.257,6,-2.355,1,7,4,0,1,5,1,0,-1.843,4,0
3,0,3,7,0.0,3,1,-1.252,0,0,3,0.0,-0.096,1,0.0,4,7,1,0,0,-2.077,6,5,3,0,2,4,1.041,7,-1.677,2,6,4,0,1,2,7,0,-0.758,1,0
5,1,5,1,0.0,2,0,0.332,3,1,4,0.0,3.316,7,0.0,1,1,3,0,1,-1.218,1,2,0,0,0,1,1.103,1,-2.788,7,0,5,3,3,6,5,1,-0.499,2,0
5,0,1,3,517.01,6,0,1.157,7,0,1,0.0,0.246,7,0.0,0,6,3,0,4,-0.002,0,4,5,1,6,1,1.53,2,-0.138,5,5,1,0,5,4,1,7,0.92,5,1
7,7,5,0,237.4,0,1,1.856,2,6,4,0.0,0.789,7,0.0,3,1,7,0,6,1.066,0,5,3,1,4,6,1.322,3,1.157,4,3,3,2,5,6,2,0,0.81,3,1
7,3,4,6,0.0,7,1,1.01,4,5,3,0.0,-0.952,6,13.12,1,5,3,1,2,0.689,3,3,5,0,1,6,1.117,3,1.907,0,5,7,6,4,1,6,0,0.715,2,1
1,0,2,5,0.0,3,7,-0.045,0,0,6,0.0,-0.943,4,0.0,0,6,7,0,5,-0.553,3,1,1,0,3,3,0.978,1,2.543,6,1,3,4,0,0,6,3,-0.094,6,0
3,0,2,4,0.0,1,6,0.929,5,5,4,0.0,-2.292,4,0.0,4,0,3,0,6,1.485,6,4,2,0,7,1,0.726,7,-2.485,0,7,6,3,6,4,1,1,0.59,7,0
1,6,0,1,0.0,4,0,-0.108,4,4,5,0.0,1.427,4,0.0,5,0,4,0,1,-0.616,2,6,2,0,1,0,0.918,4,-1.655,0,4,4,4,0,5,5,5,-0.687,0,0
3,3,1,2,0.0,2,4,-2.482,2,7,7,0.0,-2.5,0,0.0,7,4,6,0,2,-0.909,3,7,6,0,4,4,0.99,1,-2.816,1,6,1,5,5,2,5,4,-1.879,3,0
6,6,0,3,0.0,3,1,0.332,3,7,3,0.0,4.261,2,0.0,2,4,0,0,6,1.452,5,7,0,0,1,6,0.734,4,-0.906,0,2,0,0,6,1,7,6,0.338,3,0
1,3,6,1,1414.49,0,1,2.387,4,1,7,0.0,1.919,0,0.0,5,1,7,1,7,2.741,5,7,0,1,2,2,1.258,6,-0.283,1,3,4,1,5,7,5,7,2.03,2,1
4,6,1,0,0.0,1,4,0.046,4,5,5,0.0,-0.546,7,0.0,4,6,3,0,4,0.605,6,1,6,0,5,5,0.822,7,0.227,1,5,4,7,0,2,4,3,-0.256,7,0
3,4,0,2,0.0,6,5,-0.992,0,2,7,0.0,-3.53,0,0.0,7,6,6,0,6,-0.514,7,5,7,0,6,6,1.028,5,-2.208,0,6,0,2,4,1,4,5,-0.919,3,0
2,7,6,4,1174.94,7,3,2.326,4,5,4,0.0,3.05,3,0.0,4,4,6,1,7,2.303,1,5,2,1,3,3,1.015,1,-0.807,7,6,2,5,1,7,2,7,1.423,1,1
1,1,7,3,0.0,5,4,1.676,5,2,4,0.0,0.659,3,0.0,0,4,2,0,2,2.754,3,5,4,0,6,7,0.942,1,-1.488,0,2,1,6,3,0,4,4,0.468,2,0
5,6,7,0,0.0,4,5,0.098,6,1,6,0.0,-2.48,6,0.0,3,1,1,0,5,-2.144,7,1,2,0,0,4,0.894,2,1.348,2,5,3,2,7,5,0,7,-0.029,3,0
0,6,0,4,0.0,3,4,0.516,4,6,4,0.0,1.362,7,0.0,5,3,0,0,6,1.105,5,1,4,0,5,3,1.411,7,2.084,1,3,6,7,5,4,2,1,0.635,0,0
5,3,5,4,0.0,5,5,-0.383,7,0,6,0.0,-1.824,2,0.0,4,4,3,0,4,-1.348,2,5,7,0,1,3,0.517,1,0.232,4,1,7,5,5,2,4,5,-0.64,0,0
7,6,3,3,0.0,7,6,-0.25,0,6,3,0.0,-5.956,0,0.0,0,5,3,0,6,-0.565,0,6,3,0,2,7,1.391,3,-2.52,2,6,6,2,2,3,0,7,-0.026,1,0
1,5,6,0,0.0,3,0,1.423,1,5,2,0.0,0.806,1,0.0,4,3,7,0,7,3.656,5,2,6,0,5,0,1.035,4,-2.037,0,2,1,1,0,5,2,1,1.027,7,0
5,1,5,1,0.0,2,4,-0.889,4,4,7,0.0,1.849,4,0.0,5,5,7,0,0,-0.872,6,2,1,0,0,3,1.051,0,0.452,0,5,6,7,5,7,2,2,-0.854,5,0
5,6,4,5,0.0,7,6,0.169,0,6,4,0.0,2.298,4,0.0,4,7,3,0,4,-2.483,6,6,0,0,0,4,1.178,5,-3.672,4,3,5,6,6,3,6,0,-0.946,6,0
6,1,1,5,0.0,2,5,0.694,2,0,1,0.0,3.787,7,0.0,0,2,4,0,4,2.502,0,1,0,0,5,3,1.172,2,-1.03,0,6,2,6,3,3,3,3,-0.049,6,0
0,3,2,5,0.0,7,2,-1.556,6,6,1,0.0,2.017,2,0.0,0,2,5,0,3,-1.059,0,6,7,0,4,7,0.912,6,0.704,0,0,5,3,0,7,4,1,-1.385,1,0
7,6,3,0,1947.36,0,5,1.211,3,7,0,0.0,3.662,1,11.99,6,3,6,0,7,1.296,7,1,3,1,1,6,1.311,7,1.847,7,7,6,4,5,1,0,3,0.904,5,1
1,4,5,5,0.0,6,7,-1.735,0,4,4,0.0,1.544,4,0.0,6,0,0,0,5,-0.294,1,3,3,0,6,2,1.197,5,-1.417,5,4,0,4,1,1,5,6,-2.112,7,0
3,5,4,7,0.0,3,0,-0.789,2,1,6,0.0,3.918,3,0.0,7,4,3,0,1,-3.112,0,3,4,0,3,5,1.087,3,-2.079,4,4,4,2,2,3,2,1,-1.351,6,0
4,2,5,7,0.0,2,2,0.442,5,0,4,0.0,1.982,0,0.0,7,6,3,0,5,2.523,0,4,1,0,6,3,0.609,2,3.986,1,1,5,2,0,4,3,5,0.823,0,0
1,4,1,7,0.0,3,1,-0.433,2,7,2,0.0,-3.374,3,0.0,4,7,2,0,2,-1.048,1,4,5,0,1,0,1.211,3,0.856,3,6,4,6,5,1,0,6,-0.834,6,0
1,3,1,1,0.0,1,3,1.31,4,7,2,0.0,2.967,6,0.0,0,3,4,0,5,2.294,3,7,5,0,1,4,0.705,6,-1.13,6,1,6,6,5,2,7,1,0.687,0,0
0,2,5,1,0.0,4,5,1.457,1,6,4,0.0,0.123,3,0.0,3,4,2,0,2,-0.127,4,1,3,0,7,1,1.162,0,3.08,7,6,6,2,5,2,6,3,0.854,0,0
7,7,3,3,0.0,5,0,1.806,7,7,2,0.0,0.759,6,0.0,1,0,5,0,5,0.575,0,1,1,0,6,4,1.369,6,-0.889,3,3,7,2,6,6,4,1,1.009,6,0
4,5,3,1,0.0,7,6,0.615,4,7,5,0.0,2.406,5,0.0,4,5,1,0,1,-1.345,4,1,5,0,5,1,0.969,2,1.685,4,6,5,7,0,7,7,7,-0.007,7,0
6,6,3,6,0.0,3,1,-0.192,7,7,4,0.0,-0.036,7,0.0,0,7,0,0,6,-0.976,1,2,4,0,6,4,0.997,2,0.234,7,1,6,2,0,5,7,3,-0.477,3,0
0,7,5,7,0.0,6,7,-0.944,3,7,3,0.0,-3.903,7,0.0,0,0,1,0,7,0.629,4,2,6,0,7,1,0.628,4,-0.671,7,5,1,3,4,7,2,6,-0.576,7,0
4,4,2,3,0.0,3,6,-1.146,6,7,7,0.0,1.999,2,0.0,1,4,6,0,5,-2.058,7,3,6,0,3,2,1.181,6,-4.596,1,7,2,0,2,4,5,2,-1.547,7,0
5,1,5,0,1607.11,2,2,1.271,7,1,4,0.0,1.661,5,0.0,2,1,3,0,1,0.606,4,4,1,1,6,6,1.405,0,0.955,4,7,6,3,6,6,0,7,1.672,5,1
2,3,3,6,0.0,6,7,0.503,1,6,2,0.0,2.951,6,0.0,6,5,4,0,3,2.256,1,3,2,0,4,4,0.933,3,0.196,3,4,0,0,5,6,5,5,0.537,6,0
2,2,2,5,0.0,4,5,0.712,5,2,3,0.0,-1.606,6,11.88,3,5,0,0,2,0.902,3,6,5,1,0,1,1.491,2,-0.188,0,4,7,1,7,1,5,3,-0.013,3,1
0,7,3,4,0.0,5,7,0.273,0,5,6,0.0,0.684,6,0.0,7,5,5,0,6,-0.653,6,3,5,0,1,2,1.043,7,-0.295,5,5,4,2,1,5,2,6,-0.673,4,0
6,3,2,1,816.74,3,7,1.519,1,6,2,0.0,0.693,4,0.0,7,1,7,1,3,1.201,2,2,6,0,7,2,1.404,4,4.237,5,3,6,6,4,2,4,1,0.822,7,1
3,3,6,3,0.0,6,0,0.359,0,4,7,0.0,-3.884,7,0.0,2,7,3,0,5,1.699,6,7,1,0,5,6,0.978,4,3.027,5,2,4,3,7,5,7,6,0.272,4,0
4,1,2,7,0.0,6,4,-2.164,2,6,3,0.0,-0.852,1,0.0,4,7,2,0,4,-2.759,0,0,3,0,5,0,1.12,7,-1.129,6,4,4,5,4,3,0,2,-1.809,6,0
5,3,5,0,0.0,0,3,-0.19,3,3,3,0.0,1.325,1,0.0,7,1,2,0,7,1.198,5,2,7,0,4,5,1.027,1,0.054,0,4,0,7,1,0,4,3,0.441,0,0
7,7,0,5,1417.04,3,5,0.468,5,6,6,0.0,-3.631,0,0.0,6,5,4,1,2,1.245,5,0,0,0,4,0,1.331,6,0.412,2,5,1,6,7,1,3,0,0.804,2,1
4,2,6,4,0.0,0,2,-0.439,7,2,2,0.0,-1.139,2,0.0,1,7,3,0,1,-1.574,2,3,4,0,3,5,1.325,6,0.135,2,1,6,7,2,6,5,7,-1.53,0,0
7,2,2,2,0.0,6,7,-0.073,6,0,6,0.0,3.156,0,0.0,3,4,3,0,7,0.837,7,5,7,1,2,1,1.368,2,4.207,6,4,7,1,0,3,2,5,0.923,5,1
5,6,3,2,0.0,1,6,0.248,4,0,5,0.0,-0.985,2,0.0,0,4,6,0,4,1.994,4,6,3,0,1,4,0.981,4,2.265,1,5,5,1,5,3,4,2,-0.288,4,0
1,4,2,3,1314.58,6,5,3.258,4,5,3,0.0,4.12,0,17.75,1,5,6,1,0,2.685,6,0,1,1,6,0,1.395,3,4.224,0,5,5,6,3,3,2,4,3.257,4,1
7,7,2,1,0.0,4,1,0.739,0,4,4,0.0,5.04,6,0.0,2,7,6,0,5,0.245,0,0,3,0,5,6,0.903,2,0.622,0,7,3,2,6,7,0,4,0.399,5,0
0,2,2,4,0.0,1,0,2.577,1,3,6,0.0,3.752,7,0.0,1,3,5,1,1,2.026,2,5,6,1,2,7,1.304,2,2.492,6,7,2,3,0,2,5,2,2.801,0,1
4,3,4,5,0.0,0,3,-0.907,2,2,4,0.0,0.313,3,0.0,5,7,3,0,4,-0.865,7,7,4,0,2,5,1.083,7,0.585,4,1,1,0,1,3,1,0,0.347,6,0
4,3,5,2,0.0,0,7,0.763,0,4,3,0.0,0.937,3,0.0,3,4,1,0,6,1.974,1,2,2,0,5,6,1.311,6,0.663,5,5,5,1,2,4,2,7,1.055,5,0
0,5,6,3,0.0,5,4,0.265,3,5,1,0.0,5.291,1,0.0,6,1,6,0,5,-0.997,4,7,6,0,2,7,0.956,2,1.183,2,3,3,0,2,5,3,4,0.674,6,0
4,1,3,2,0.0,5,7,-1.026,1,6,0,0.0,-3.472,6,0.0,2,1,0,0,5,-1.669,5,6,1,0,6,6,1.193,7,-0.889,2,0,3,5,4,7,7,0,-1.704,0,0
4,0,1,1,0.0,6,7,-1.163,3,3,0,0.0,-3.791,1,0.0,1,2,5,0,7,1.024,5,5,1,0,2,2,1.142,1,0.92,0,2,6,6,6,5,4,1,-1.102,4,0
1,7,3,2,0.0,5,2,0.008,4,5,2,0.0,-2.495,7,0.0,1,0,6,0,3,1.854,3,1,0,0,0,4,1.152,0,3.203,7,6,5,6,2,6,6,4,0.27,4,0
1,1,6,4,0.0,1,0,-0.964,1,6,7,0.0,-2.325,6,0.0,0,6,2,0,4,-1.431,2,5,0,0,4,5,0.793,4,-0.658,6,0,5,6,6,0,1,5,-1.266,2,0
0,2,5,1,1151.09,4,0,1.317,3,2,5,0.0,2.9,0,21.89,4,7,1,0,7,0.97,6,1,2,1,6,1,1.366,3,1.449,7,6,4,3,4,5,4,3,0.569,2,1
1,4,3,3,0.0,0,7,-0.093,0,4,4,0.0,-1.128,0,0.0,0,5,1,0,1,-1.785,6,2,2,0,1,6,0.891,1,-0.697,0,6,4,4,0,5,6,0,-0.009,4,0
7,5,1,1,0.0,6,6,-1.043,0,4,6,0.0,-5.29,2,0.0,4,7,0,0,1,-0.394,2,5,2,0,6,0,0.612,5,-0.268,5,1,7,3,7,2,1,7,-1.66,0,0
4,2,3,6,0.0,1,2,1.205,3,6,2,0.0,1.948,2,0.0,0,0,4,1,7,-0.545,7,7,3,1,7,5,1.227,3,0.394,4,2,1,6,7,0,1,7,0.604,4,1
4,0,2,2,0.0,4,5,-0.065,5,3,0,0.0,0.633,1,0.0,3,0,0,0,0,-0.671,4,6,4,0,6,1,0.994,3,0.571,1,1,1,4,0,3,5,5,0.576,0,0
0,1,7,6,0.0,1,5,-0.876,2,2,2,0.0,0.444,3,0.0,0,6,6,0,7,0.373,6,3,7,0,3,1,0.901,6,-2.585,0,7,4,1,0,4,2,7,-1.076,6,0
6,2,3,1,0.0,5,6,0.727,3,0,5,0.0,1.168,4,0.0,6,2,2,0,0,2.546,6,4,3,0,6,6,0.506,0,0.652,4,7,5,6,1,6,2,1,1.388,3,0
7,3,3,7,0.0,7,5,-0.516,4,1,4,0.0,-1.46,7,0.0,6,5,7,0,6,-1.0,1,4,0,0,4,6,1.11,5,-0.157,5,1,5,3,7,5,2,3,-0.391,7,0
0,1,1,0,1129.96,2,5,1.65,5,0,3,0.0,2.094,0,0.0,6,1,3,1,6,1.155,0,5,2,0,3,6,0.961,5,0.474,4,0,3,0,7,3,4,1,1.283,4,1
4,3,6,1,0.0,2,0,0.326,5,5,6,0.0,-1.621,0,0.0,3,0,5,0,4,1.138,3,3,7,0,4,2,1.122,0,-0.636,2,6,5,4,2,1,5,2,-0.079,4,0
2,5,1,3,0.0,6,3,-1.439,4,5,0,0.0,-2.033,7,0.0,1,6,3,0,5,-4.276,7,0,5,0,1,0,0.948,7,-1.765,7,3,3,2,4,7,4,4,-1.214,6,0
1,1,7,2,615.02,0,5,0.845,7,2,1,0.0,-0.304,4,0.0,1,3,2,1,4,2.98,5,7,1,1,1,2,0.981,3,-0.331,6,0,3,4,0,7,4,7,1.92,2,1
4,4,6,0,0.0,2,7,-1.567,2,4,3,0.0,-3.315,7,0.0,4,3,2,0,2,-0.893,2,6,1,0,7,2,0.719,2,-1.164,6,6,6,7,3,7,3,1,-1.177,6,0
0,3,4,6,1986.33,2,2,1.398,3,6,1,0.0,1.298,4,0.0,3,5,5,0,2,1.205,1,6,0,1,7,3,1.373,6,1.712,5,6,3,7,5,7,3,0,0.938,7,1
4,1,2,4,696.98,5,1,1.985,7,5,7,0.0,3.761,2,3.65,4,7,3,0,6,-0.55,0,7,3,1,2,2,1.175,3,-1.469,0,1,7,4,2,6,4,3,1.005,5,1
4,2,5,7,550.47,6,3,0.979,4,7,1,0.0,7.116,3,0.0,7,7,5,1,2,1.999,1,5,0,1,5,7,1.691,5,0.869,0,0,7,7,4,4,5,2,1.736,0,1
5,3,1,7,868.52,0,7,1.986,3,1,1,0.0,3.477,4,0.0,1,2,2,1,0,3.635,6,0,3,1,5,6,1.374,2,-1.692,4,2,0,4,2,7,3,1,1.723,5,1
4,3,4,4,0.0,2,0,-0.488,5,6,3,0.0,1.373,0,0.0,0,7,7,0,6,-0.107,0,5,7,0,4,0,0.718,5,-1.172,7,5,2,5,1,1,7,5,-0.821,1,0
5,5,0,5,0.0,3,7,-1.814,1,5,0,0.0,-1.453,5,0.0,0,7,5,0,3,-1.857,6,7,6,0,2,0,1.077,3,-2.878,7,2,4,4,5,5,2,4,-2.028,5,0
0,0,2,5,927.68,5,6,0.933,7,7,4,0.0,-1.502,2,0.0,5,4,6,1,7,0.6,7,0,4,0,6,0,1.246,5,0.37,7,1,7,0,5,1,5,7,1.055,3,1
4,0,1,3,1510.22,2,3,2.672,3,6,1,0.0,-3.73,6,0.0,7,6,5,1,4,2.753,5,0,4,1,7,5,1.286,2,4.245,6,1,6,7,7,6,4,0,2.742,7,1
4,3,0,2,0.0,0,2,0.469,1,3,7,0.0,-2.398,3,0.0,4,1,4,0,0,-0.081,0,4,2,0,1,5,0.882,6,0.768,4,6,4,5,3,7,0,7,0.669,2,0
2,7,2,3,0.0,3,7,0.948,3,7,2,0.0,-1.512,2,0.0,1,2,2,0,6,-0.269,0,2,0,0,3,5,1.047,0,-0.118,4,4,1,0,6,4,7,0,0.511,7,0
6,7,3,4,0.0,3,0,0.667,7,6,0,0.0,-0.376,4,0.0,7,1,3,0,7,1.558,5,4,2,0,0,5,1.004,4,-0.685,5,0,6,3,2,0,3,2,0.187,7,0
1,7,0,5,564.47,0,2,1.077,5,3,1,0.0,-1.447,2,0.0,5,5,0,1,0,1.401,5,1,5,1,1,5,1.17,2,-0.075,4,3,5,5,0,1,3,1,1.94,2,1
1,2,1,4,0.0,5,1,-0.454,0,0,6,0.0,-2.101,1,0.0,5,7,6,0,5,-0.343,2,3,2,0,4,3,1.056,5,0.232,1,6,5,6,4,0,3,1,-0.638,7,0
7,1,3,1,0.0,0,4,-0.375,4,5,3,0.0,-5.168,0,0.0,2,3,3,0,0,-1.069,7,0,2,0,6,5,1.073,7,-4.202,7,4,6,1,5,4,2,6,-0.438,0,0
3,2,6,4,0.0,7,3,-1.837,3,4,3,0.0,-0.43,1,0.0,3,1,7,0,4,-1.101,0,2,2,0,6,7,0.96,1,1.02,0,6,1,2,4,5,1,0,-1.122,1,0
4,1,2,4,1646.5,4,1,0.539,0,7,4,0.0,0.464,3,0.0,5,7,2,1,2,-1.543,1,5,4,0,2,5,0.707,5,-3.385,0,6,2,0,3,4,1,1,0.225,4,1
1,5,6,5,0.0,5,5,-0.275,7,4,4,0.0,-1.201,7,0.0,6,1,6,0,2,0.257,7,3,4,0,0,1,0.95,5,1.178,4,6,2,3,2,7,5,5,0.231,2,0
5,3,3,1,536.52,7,7,0.84,2,0,5,0.0,1.621,4,0.0,5,7,2,1,5,0.549,4,7,4,1,2,3,1.319,4,-0.266,7,6,4,3,2,6,3,2,1.03,6,1
1,4,3,0,0.0,0,6,0.416,5,4,2,0.0,-5.089,7,0.0,7,1,7,0,7,-2.532,1,4,2,0,4,7,1.038,2,-0.222,3,0,1,1,6,2,7,0,0.148,3,0
7,5,7,3,0.0,3,6,-0.528,4,0,7,0.0,-4.117,2,0.0,6,5,2,0,6,-0.361,7,0,0,0,2,0,0.977,1,0.896,2,7,1,0,2,2,7,5,-0.48,1,0
1,7,2,4,0.0,6,1,-0.767,6,6,3,0.0,3.874,2,0.0,4,7,7,0,2,-0.935,3,7,5,0,2,4,1.145,6,-0.186,7,7,0,7,0,2,3,6,-0.87,2,0
0,3,7,4,0.0,3,3,-0.279,6,5,3,0.0,0.977,7,0.0,1,7,3,0,7,-0.4,4,7,1,0,0,6,1.0,1,1.347,7,6,6,6,7,4,7,4,-0.508,3,0
1,4,4,2,0.0,6,2,0.166,6,1,7,0.0,0.123,0,0.0,3,4,2,0,6,0.466,3,4,3,1,0,2,0.934,4,-2.575,3,1,5,7,0,6,2,2,0.4,3,1
3,1,4,6,0.0,4,5,0.039,7,1,7,0.0,1.234,7,0.0,6,1,5,0,5,-0.673,5,0,3,0,4,0,1.057,0,4.145,4,4,3,5,2,0,5,0,0.467,3,0
4,0,3,1,0.0,6,3,0.338,3,4,0,0.0,1.997,6,0.0,1,1,0,0,0,-1.228,5,5,2,0,0,3,0.872,5,-1.987,5,4,7,2,7,1,4,5,-0.215,6,0
0,0,4,3,2084.7,2,7,1.454,1,7,6,0.0,-0.166,6,7.79,4,4,1,1,3,1.884,3,6,2,1,7,3,1.231,2,1.588,4,0,3,1,2,0,7,6,1.347,4,1
1,6,5,0,1579.24,7,5,0.443,1,3,0,0.0,-1.32,3,0.0,2,2,4,1,6,0.873,2,6,0,0,6,7,1.235,1,2.668,1,6,1,0,1,1,5,3,0.982,7,1
1,0,3,6,0.0,3,4,-0.346,5,4,7,0.0,-2.147,2,0.0,0,3,1,0,4,-0.75,3,4,5,0,0,3,1.064,3,-2.049,0,3,1,6,1,4,2,2,-1.101,3,0
0,1,0,0,0.0,1,5,-1.615,7,7,7,0.0,-2.858,6,0.0,7,0,5,0,5,-1.689,2,0,1,0,6,5,0.942,3,-3.689,0,3,7,6,4,4,4,4,-0.709,5,0
5,5,5,5,456.95,1,2,2.942,4,1,5,0.0,-2.666,2,0.0,3,4,6,1,3,2.053,1,7,2,1,1,7,0.689,5,0.041,0,0,2,5,5,2,2,0,1.171,6,1
2,3,1,2,0.0,2,5,0.263,5,4,1,0.0,3.263,5,0.0,6,7,7,0,6,0.362,0,3,7,0,5,4,0.795,0,1.764,7,4,2,3,5,5,2,3,0.641,5,0
5,1,7,1,1876.31,7,7,1.027,6,6,0,0.0,0.7,0,0.0,4,4,0,0,4,1.515,6,7,3,1,4,1,0.901,4,1.513,7,1,3,2,2,2,7,2,1.816,3,1
6,1,6,5,117.6,2,0,1.707,4,3,5,0.0,0.58,2,0.0,5,0,7,1,4,1.034,3,0,4,1,3,2,0.995,5,2.971,6,5,7,7,0,4,0,1,1.469,3,1
2,0,2,1,0.0,1,1,-1.797,4,2,4,0.0,-5.053,6,0.0,3,1,0,0,5,0.264,0,6,1,0,2,0,0.842,7,-4.442,1,3,4,4,4,0,0,4,-0.704,7,0
2,4,0,3,0.0,4,2,-0.277,0,3,0,0.0,1.256,5,0.0,1,0,5,0,4,-0.35,3,7,2,0,4,1,0.897,5,1.158,6,3,6,3,7,7,1,4,0.324,7,0
1,0,3,7,0.0,1,4,-0.675,4,3,0,0.0,-2.55,2,0.0,5,6,4,0,2,-1.226,6,0,4,0,2,3,0.906,4,0.615,5,0,1,1,0,0,6,0,0.016,2,0
5,3,6,4,0.0,0,0,0.756,2,6,5,0.0,0.75,2,0.0,0,1,7,0,6,-0.465,5,2,7,0,7,6,1.186,2,1.43,3,7,5,6,2,5,6,2,-0.318,6,0
5,4,6,6,0.0,1,3,-0.142,1,6,2,0.0,1.779,4,0.0,4,4,0,0,0,0.058,7,6,7,0,4,5,1.279,6,0.269,5,0,6,7,5,0,0,1,-0.621,3,0
7,0,5,2,0.0,5,6,-1.174,4,4,4,0.0,0.034,0,0.0,2,4,0,0,3,-0.576,1,3,3,0,7,2,1.153,0,-1.573,1,0,3,5,0,6,1,1,-0.838,5,0
5,2,7,0,0.0,0,3,1.022,3,2,1,0.0,5.618,6,0.0,7,5,1,0,6,-0.708,7,1,6,0,2,3,0.992,5,0.846,7,0,2,3,6,3,5,5,0.848,7,0
3,7,4,6,0.0,6,0,0.637,2,5,1,0.0,0.792,2,0.0,5,1,4,0,7,-1.285,6,4,1,0,6,0,0.911,7,1.644,4,6,4,1,5,1,1,2,0.466,0,0
3,1,4,5,0.0,5,4,0.444,3,0,3,0.0,0.029,7,0.0,7,0,6,0,1,-0.389,4,0,1,0,6,2,1.01,3,-1.702,5,7,7,3,2,2,1,7,-0.775,6,0
1,2,1,3,0.0,5,3,1.1,1,2,4,0.0,-2.068,2,0.0,7,1,4,0,5,0.565,7,6,2,0,5,7,1.204,0,-2.56,0,0,5,4,7,2,2,6,0.055,2,0
5,2,3,5,0.0,2,1,-0.801,2,7,4,0.0,3.517,5,0.0,3,1,3,0,5,-0.361,4,5,6,0,6,4,1.034,6,2.722,6,2,2,1,4,5,3,5,-0.978,7,0
1,4,2,5,0.0,7,3,-0.301,2,5,1,0.0,3.149,7,0.0,6,3,3,0,5,0.708,7,1,1,0,7,0,1.057,7,0.063,4,0,5,0,7,5,2,2,0.097,7,0
1,4,4,7,0.0,1,1,-0.17,5,1,3,0.0,-1.046,3,0.0,3,2,6,0,0,-0.152,6,4,7,0,7,7,0.629,6,0.551,4,7,4,5,3,7,0,3,-0.348,4,0
6,4,2,3,875.39,6,2,0.567,5,2,1,0.0,1.67,5,0.0,6,5,3,0,6,0.234,7,1,6,1,0,0,1.274,1,3.2,5,6,7,6,5,0,4,1,1.039,4,1
3,5,4,5,0.0,4,5,1.405,5,1,3,0.0,2.65,6,0.0,5,6,2,0,7,3.761,0,5,0,0,0,6,0.764,5,0.756,1,1,4,1,0,6,4,7,1.92,1,0
1,6,2,1,0.0,4,7,-1.258,5,0,5,0.0,-5.674,1,0.0,1,0,4,0,6,-0.985,5,0,4,0,5,6,1.076,7,-1.132,4,6,6,7,2,1,5,2,-1.338,3,0
2,1,0,7,83.18,0,0,1.771,2,4,0,0.0,1.685,1,0.0,1,1,0,1,6,1.828,7,2,5,0,3,7,0.972,2,0.153,6,5,4,6,6,0,3,2,0.884,3,1
3,5,6,7,0.0,6,3,0.331,4,1,4,0.0,0.776,6,0.0,6,7,0,0,7,-0.178,6,2,2,0,7,5,1.134,7,1.466,6,5,6,1,4,6,4,6,0.877,6,0
3,6,0,0,0.0,4,0,-0.085,0,2,7,0.0,-1.994,4,0.0,4,2,0,0,6,-0.961,1,1,0,0,0,0,0.568,5,-2.47,0,5,3,6,6,5,1,3,-0.281,5,0
5,5,3,4,1845.44,0,0,1.143,2,1,6,0.0,4.156,7,0.0,1,7,4,0,1,0.292,1,4,1,1,4,5,1.535,4,-0.193,2,7,3,2,4,5,7,7,0.759,1,1
6,1,7,5,0.0,0,7,-0.651,5,3,2,0.0,0.135,6,0.0,7,5,1,0,6,-0.069,0,5,6,0,2,7,0.907,3,0.154,5,6,2,4,2,6,1,1,0.275,4,0
4,6,4,3,0.0,0,7,-0.438,5,1,6,0.0,-2.388,5,0.0,0,0,1,0,5,0.379,1,6,2,0,2,0,1.037,7,0.717,6,1,6,0,7,4,2,5,-0.569,5,0
5,0,4,3,0.0,6,6,0.076,5,5,2,0.0,1.588,4,0.0,6,0,3,0,2,-0.571,6,0,4,0,5,6,1.014,6,-2.198,1,4,0,2,2,5,2,3,-0.288,0,0
2,3,2,2,0.0,5,1,-0.478,7,0,2,0.0,1.458,5,0.0,5,0,4,0,1,-1.788,7,6,1,0,4,6,1.343,4,1.594,5,0,6,7,7,2,3,5,-0.062,6,0
1,5,0,4,0.0,5,7,-2.056,0,6,1,0.0,-5.008,0,0.0,3,1,1,0,6,0.046,6,7,2,0,5,5,0.851,4,-1.437,1,4,2,2,5,2,5,2,-1.148,2,0
0,5,3,1,0.0,6,7,-0.091,0,3,7,0.0,2.094,3,0.0,3,6,1,0,4,-0.092,0,3,7,0,7,4,1.015,4,-2.741,6,3,6,2,6,6,7,7,0.414,6,0
7,0,6,4,0.0,5,5,-0.713,4,2,1,0.0,-1.919,1,0.0,6,3,2,0,2,-0.578,6,5,0,0,3,1,1.119,0,-0.398,2,0,7,5,5,1,7,4,-1.158,1,0
3,7,6,5,821.0,7,5,1.097,0,3,2,0.0,-1.84,1,0.0,6,2,3,0,1,0.604,5,3,5,1,6,5,1.262,2,-0.336,7,3,4,1,5,2,7,3,0.994,4,1
3,4,1,1,0.0,7,3,-0.647,1,0,3,0.0,0.263,1,0.0,4,6,0,0,7,-2.73,2,5,6,0,7,0,1.03,2,-1.694,1,6,4,1,7,5,0,7,-1.215,7,0
0,4,4,5,0.0,4,5,0.969,1,3,6,0.0,4.063,4,0.0,7,0,3,0,0,-0.262,6,7,1,0,5,4,0.883,1,-2.628,5,4,4,3,1,0,1,3,1.416,4,0
5,3,2,1,0.0,4,3,2.932,5,3,4,0.0,1.434,7,0.0,1,0,5,1,4,3.749,1,1,1,1,2,7,0.948,5,0.459,0,3,0,0,2,7,3,7,2.679,4,1
3,4,2,7,0.0,7,4,-0.319,4,2,5,0.0,-0.464,2,0.0,7,2,1,0,2,0.317,1,0,3,0,6,4,0.818,1,1.985,7,3,2,6,4,0,4,6,0.049,7,0
6,4,5,6,0.0,6,4,0.731,6,4,2,0.0,1.251,4,0.0,6,7,3,0,1,-1.909,4,3,3,0,1,0,0.915,5,-0.602,2,0,0,1,7,6,3,4,0.341,6,0
3,0,0,2,0.0,3,3,0.34,7,4,2,0.0,-1.944,0,0.0,6,6,2,0,7,1.245,1,7,0,0,1,6,1.095,0,-0.649,1,4,5,3,3,7,6,6,0.363,4,0
4,3,5,1,1053.02,2,4,1.746,2,3,1,0.0,3.77,2,0.0,6,0,4,0,7,2.407,5,6,6,1,0,0,0.993,7,4.251,2,4,3,6,5,6,5,1,1.377,0,1
2,0,6,3,0.0,2,6,-0.055,1,0,7,0.0,0.783,4,0.0,6,0,6,0,3,-0.312,3,1,5,0,4,2,0.856,3,0.04,4,0,5,6,4,4,2,3,0.76,5,0
5,4,2,1,0.0,1,0,1.172,7,2,6,0.0,3.093,4,0.0,2,2,3,0,6,0.903,5,5,3,0,7,6,0.843,0,-1.079,2,3,0,3,6,4,1,7,0.593,6,0
2,4,6,0,0.0,0,1,-0.859,4,3,3,0.0,-0.261,6,0.0,3,5,4,0,6,-2.502,7,1,2,0,5,2,0.636,0,-1.646,7,6,5,0,1,0,3,6,-0.566,1,0
5,3,0,0,238.77,4,3,2.455,7,2,0,0.0,5.205,2,0.0,3,7,7,1,5,0.223,1,0,2,0,6,2,1.197,0,0.953,1,7,2,4,2,3,0,4,1.515,3,1
2,3,3,3,0.0,2,5,0.728,2,6,3,0.0,-5.186,2,0.0,3,0,4,0,5,-0.345,6,1,6,0,3,3,1.264,5,1.368,0,2,6,4,7,0,6,4,0.229,2,0
3,7,4,4,0.0,0,3,-0.264,7,6,6,0.0,0.592,5,0.0,6,0,6,0,2,0.104,6,2,7,0,7,6,0.944,6,2.147,6,1,0,4,2,5,6,2,-1.301,5,0
3,0,0,5,0.0,0,1,0.075,2,1,3,0.0,-1.401,5,0.0,6,0,3,0,0,-0.226,6,6,3,0,5,7,1.132,4,-0.357,7,6,4,5,5,3,3,1,-0.049,7,0
2,4,2,4,2099.79,4,2,0.745,6,1,4,0.0,-3.214,2,0.0,7,0,6,1,7,0.431,5,2,7,0,2,0,1.159,3,0.42,7,5,3,5,2,0,1,1,0.862,2,1
4,6,3,1,0.0,1,0,0.386,3,1,1,0.0,0.848,0,0.0,2,3,6,0,1,-0.247,0,3,2,0,2,3,0.65,1,-0.156,5,3,3,4,4,4,7,0,0.205,7,0
2,2,0,3,0.0,0,7,0.429,6,7,0,0.0,1.396,2,0.0,1,1,5,0,1,0.778,4,3,0,0,5,4,1.097,2,-1.043,5,4,1,2,5,1,6,0,-0.523,6,0
0,2,1,0,0.0,3,0,-0.765,0,7,7,0.0,-0.026,4,0.0,2,6,5,0,5,0.508,4,4,6,0,5,6,0.977,0,-1.199,1,1,2,2,6,2,4,7,-0.404,6,0
5,0,7,7,61.53,1,3,0.385,7,4,0,0.0,-0.886,1,0.0,0,2,4,0,0,1.872,7,7,5,1,0,0,1.066,4,-2.926,0,0,0,3,6,2,6,2,0.124,0,1
2,4,6,7,1027.57,4,7,0.756,1,2,6,0.0,-1.352,5,0.0,2,5,5,0,6,0.474,4,5,0,1,6,6,1.069,7,-1.812,2,2,4,1,6,1,6,2,0.958,5,1
5,2,4,7,0.0,1,4,1.273,5,4,7,0.0,0.806,7,2.78,0,0,5,0,3,-1.013,2,6,3,1,0,2,1.188,6,0.216,7,1,1,6,4,3,0,3,1.401,4,1
2,2,7,5,0.0,3,1,0.571,7,2,2,0.0,-0.26,5,0.0,7,3,3,0,5,0.265,6,4,5,0,4,6,0.933,1,1.8,4,2,6,0,0,6,0,2,1.157,4,0
7,1,6,5,0.0,4,7,-0.556,6,7,0,0.0,-0.102,0,0.0,0,3,7,0,2,1.008,3,4,6,0,7,7,0.908,0,0.148,3,6,3,5,2,5,6,7,-0.274,6,0
3,2,2,6,0.0,7,2,-0.811,5,7,6,0.0,0.897,3,0.0,2,5,4,0,6,-1.303,1,1,1,0,1,7,1.06,7,-2.662,7,5,4,1,2,2,2,3,-1.184,1,0
4,3,0,7,2000.41,4,4,3.267,5,4,4,0.0,2.93,0,0.0,7,4,7,1,5,2.94,0,1,0,1,7,2,1.282,1,3.144,0,3,5,5,5,4,2,6,3.013,2,1
0,4,1,5,0.0,7,0,0.742,6,5,4,0.0,0.919,7,0.0,4,2,6,0,3,0.942,6,7,5,0,1,1,1.465,2,-2.435,4,2,2,2,0,5,3,0,0.125,5,0
3,4,7,4,0.0,2,1,-0.133,3,5,6,0.0,5.069,3,0.0,3,2,2,0,7,-1.99,7,3,1,0,5,5,0.666,6,1.155,0,5,1,7,1,5,5,1,-0.729,2,0
7,6,1,4,807.7,4,4,1.632,4,0,0,0.0,3.97,2,0.0,0,3,4,1,1,2.602,4,7,2,1,1,0,1.134,2,1.438,7,4,0,7,5,4,4,4,2.04,7,1
2,4,0,5,0.0,4,1,0.78,5,5,3,0.0,3.097,7,0.0,2,4,3,0,5,0.245,6,2,1,0,7,1,0.985,5,-2.14,3,3,2,2,2,3,3,6,0.346,4,0
4,2,2,3,0.0,3,0,0.169,6,1,4,0.0,0.056,5,0.0,0,5,1,0,5,-2.244,3,0,7,0,0,4,1.087,1,2.602,6,7,3,3,3,3,7,2,0.131,7,0
6,5,5,7,1970.56,5,3,1.626,2,5,7,0.0,3.906,0,0.0,6,2,1,1,5,0.865,0,3,3,0,5,6,1.368,7,2.908,4,5,5,3,4,0,4,2,1.237,6,1
7,4,7,1,0.0,3,6,-0.479,3,4,5,0.0,-3.812,5,0.0,7,2,6,0,2,-0.076,1,4,4,0,7,0,0.897,5,-0.991,1,6,2,5,2,0,0,2,-0.696,3,0
7,2,6,7,0.0,0,1,0.112,1,5,5,0.0,0.677,1,0.0,2,2,3,0,2,-1.826,2,3,0,0,7,5,0.886,5,-1.351,0,1,3,0,3,5,4,7,-0.8,4,0
2,1,6,6,501.7,7,7,1.51,4,5,7,0.0,0.205,0,0.0,6,6,1,0,5,2.557,5,5,3,1,1,4,1.574,2,1.456,3,2,0,5,4,3,5,2,2.416,2,1
4,3,3,1,1938.55,7,5,2.333,7,7,1,0.0,1.993,1,0.0,5,3,4,1,6,2.501,3,1,7,1,4,0,1.376,3,3.807,3,2,0,2,3,5,0,7,1.121,4,1
0,1,1,3,0.0,5,1,-0.883,4,5,4,0.0,-1.513,0,0.0,1,7,3,0,6,-2.736,2,6,0,0,3,6,0.897,2,-2.84,4,7,5,2,5,6,1,2,-1.66,1,0
5,7,2,3,0.0,5,2,-0.113,6,4,5,0.0,-3.59,5,0.0,2,3,5,0,5,-1.405,0,7,2,0,2,5,1.026,4,1.461,7,5,4,1,4,1,4,4,0.013,2,0
3,6,1,3,0.0,4,7,1.396,6,7,3,0.0,4.512,0,0.0,0,0,6,0,0,0.526,2,0,1,1,2,7,1.467,6,-1.793,5,0,0,4,7,7,5,1,1.246,3,1
1,4,5,6,0.0,6,3,0.233,0,4,1,0.0,1.394,2,0.0,5,0,0,0,3,-0.988,0,7,5,0,5,5,1.06,2,1.227,5,5,4,4,6,4,1,1,0.303,5,0
2,7,7,0,0.0,1,7,-0.709,2,2,7,0.0,-2.302,2,0.0,2,6,5,0,1,-1.198,6,4,3,0,3,4,0.958,0,-2.377,0,7,6,4,5,2,1,2,-1.078,6,0
1,2,1,0,0.0,2,2,-1.054,0,5,0,0.0,0.58,4,0.0,3,7,4,0,5,1.181,1,6,4,0,0,4,1.085,2,-3.484,3,6,0,7,5,6,6,7,-0.878,3,0
1,7,0,5,0.0,2,4,-1.674,2,1,7,0.0,1.314,5,0.0,4,2,5,0,3,-2.255,1,7,2,0,7,5,1.084,1,-0.623,7,1,7,1,4,7,7,3,-1.388,5,0
3,5,1,7,0.0,0,7,-1.219,0,0,3,0.0,-5.465,0,0.0,5,0,6,0,1,0.616,6,0,7,0,5,3,1.219,0,0.968,6,5,2,1,4,6,2,1,-1.309,7,0
2,5,5,7,0.0,3,7,2.119,3,1,0,0.0,-0.089,0,0.0,1,1,1,1,1,2.027,4,1,1,1,7,1,1.209,6,4.594,4,5,6,4,5,2,0,0,2.791,4,1
4,2,3,1,569.13,0,6,1.813,2,5,6,0.0,4.403,6,0.0,6,5,7,0,2,0.418,6,1,2,1,7,2,1.385,1,0.272,7,2,0,1,3,6,6,0,1.31,6,1
2,3,1,6,0.0,5,1,-0.563,3,0,7,0.0,-1.927,7,0.0,5,4,0,0,1,-1.943,0,2,4,0,1,7,0.959,7,0.902,3,4,1,3,5,1,2,3,-0.271,3,0
2,7,6,0,0.0,3,6,-2.395,6,6,3,0.0,-2.019,4,0.0,6,3,6,0,3,-1.641,1,1,2,0,6,1,1.215,0,0.485,7,6,7,0,2,5,1,7,-1.875,1,0
7,4,4,4,0.0,2,5,-1.044,4,4,0,0.0,1.278,6,0.0,6,3,5,0,6,-0.282,3,3,4,0,4,6,0.952,7,-1.307,4,0,5,2,0,7,0,4,-0.216,2,0
0,7,6,0,0.0,2,6,-0.963,0,5,1,0.0,1.029,0,0.0,1,0,7,0,7,-1.389,1,6,3,0,3,4,0.905,1,-0.115,0,0,0,1,0,1,5,7,-0.547,1,0
2,5,0,6,0.0,1,2,-0.422,1,6,2,0.0,-3.572,6,0.0,3,0,0,0,0,-1.672,0,5,4,0,6,4,0.812,7,-2.108,7,6,3,3,5,4,1,6,-0.69,4,0
2,3,3,7,0.0,4,5,1.343,0,2,6,0.0,0.174,0,0.0,1,1,4,0,4,0.927,2,7,2,0,7,0,0.854,3,0.909,6,2,4,5,1,6,7,1,0.761,6,0
4,5,4,5,0.0,2,2,-0.119,7,0,1,0.0,-1.074,5,0.0,5,2,4,0,5,0.119,6,5,2,0,7,4,0.766,2,-0.775,0,1,1,3,1,3,3,0,-0.412,7,0
7,4,7,6,0.0,2,6,0.354,2,7,7,0.0,-0.72,2,0.0,4,6,5,0,2,0.195,7,6,6,0,5,3,0.745,0,0.617,4,2,6,3,7,1,1,7,0.144,5,0
3,0,3,3,0.0,5,3,0.091,4,1,0,0.0,-0.266,6,0.0,3,1,3,0,0,-0.747,0,5,5,0,1,0,1.273,5,-0.497,3,5,5,0,4,4,6,2,0.234,3,0
2,7,2,6,0.0,5,0,-0.59,1,3,1,0.0,0.308,1,0.0,1,1,7,0,5,0.169,0,0,3,0,5,6,0.864,5,2.534,5,0,0,0,2,5,1,7,-0.256,3,0
0,0,5,6,0.0,5,7,0.513,3,7,6,0.0,5.445,5,0.0,2,1,0,0,1,1.052,2,1,2,0,1,0,1.14,7,-0.543,5,4,2,7,6,4,7,5,0.799,0,0
1,3,1,4,0.0,0,6,0.324,3,5,3,0.0,0.8,6,0.0,3,0,1,0,6,-0.629,0,0,6,0,7,3,1.391,0,-1.669,3,1,6,7,7,7,5,4,0.188,3,0
0,2,5,6,0.0,4,0,-1.081,6,5,1,0.0,-1.193,4,0.0,5,2,2,0,1,-3.188,7,4,3,0,1,3,1.157,7,-0.972,2,7,1,6,1,6,2,0,-1.206,6,0
7,2,1,0,0.0,2,7,0.529,0,5,4,0.0,-2.067,3,0.0,7,4,3,0,0,-1.587,1,3,6,0,6,3,1.064,1,-0.807,0,7,7,5,3,5,3,3,-0.699,2,0
2,5,3,3,0.0,0,0,-0.079,5,0,6,0.0,-0.896,4,0.0,6,5,3,0,6,2.241,1,5,5,0,4,4,0.712,6,-2.142,3,2,7,5,7,4,2,7,-0.735,0,0
2,0,6,1,0.0,0,2,3.471,4,7,7,0.0,3.017,6,5.67,3,1,1,1,4,2.704,1,3,6,1,6,1,1.364,0,3.522,7,4,5,7,0,2,7,7,2.834,1,1
6,7,6,0,0.0,0,2,0.959,4,3,2,0.0,-0.2,5,0.0,3,3,1,1,3,0.486,1,6,0,0,5,1,1.355,6,-0.144,4,3,4,3,3,6,7,3,1.018,5,1
6,0,0,0,0.0,2,6,0.672,2,3,7,0.0,0.98,0,0.0,6,3,3,0,1,0.112,1,1,2,0,2,6,1.228,4,1.528,1,2,2,6,2,5,6,5,0.434,2,0
2,6,2,3,0.0,2,4,-2.139,1,3,2,0.0,-3.569,4,0.0,6,6,3,0,5,-2.892,1,4,7,0,4,0,1.058,3,-0.325,3,5,6,2,5,2,7,6,-0.61,1,0
0,7,6,3,0.0,4,5,0.786,6,2,0,0.0,1.809,7,0.0,0,5,3,0,7,0.114,3,3,0,0,0,0,0.787,6,-0.496,6,0,2,7,5,2,4,4,-0.017,4,0
5,4,2,3,0.0,2,1,-1.783,5,0,7,0.0,-1.57,6,0.0,5,3,1,0,3,-4.542,2,0,7,0,6,1,0.638,2,-1.771,7,6,2,2,7,3,0,0,-1.993,1,0
1,7,4,7,0.0,4,0,-1.067,7,1,6,0.0,-1.157,7,0.0,3,5,3,0,4,1.426,4,6,2,0,6,4,1.011,7,2.15,6,3,7,1,7,1,0,7,-0.951,2,0
1,6,4,7,473.57,4,0,1.493,6,7,0,0.0,-0.346,0,20.99,5,1,6,1,7,1.813,2,6,5,1,3,0,1.301,0,2.649,3,0,7,6,1,5,6,0,1.545,5,1
4,3,4,4,0.0,5,7,0.271,0,5,7,0.0,0.383,5,0.0,1,2,6,0,6,-0.294,2,4,6,0,0,6,1.072,3,-0.312,4,7,4,4,3,2,0,7,0.12,1,0
7,3,1,1,0.0,3,0,-0.127,7,2,3,0.0,-1.58,4,0.0,7,4,3,0,4,-1.295,1,5,5,0,6,7,0.941,6,2.091,7,1,2,6,0,4,3,4,-0.102,1,0
0,0,5,5,0.0,6,5,-1.188,3,6,3,0.0,2.415,6,0.0,1,6,6,0,4,-1.165,1,3,4,0,6,1,0.813,3,0.353,1,6,0,2,0,5,2,7,-1.536,0,0
0,6,6,5,0.0,6,3,-0.915,3,1,4,0.0,-1.105,4,0.0,6,4,1,0,4,0.538,6,5,0,0,6,1,0.885,2,0.959,1,0,5,4,0,0,3,2,-0.173,1,0
2,7,0,3,0.0,6,2,-0.702,6,5,6,0.0,-0.884,2,0.0,7,6,5,0,4,-1.129,7,0,2,0,3,2,0.694,4,1.738,3,3,6,2,7,1,4,5,-1.447,0,0
4,7,6,5,0.0,6,6,0.502,4,0,7,0.0,0.849,3,0.0,3,6,1,0,3,0.495,1,4,7,0,5,5,1.039,0,-1.755,1,0,6,3,3,4,3,5,-0.677,1,0
0,7,7,5,0.0,2,1,0.64,0,0,0,0.0,-0.743,2,0.0,4,2,3,0,0,2.537,3,3,5,0,0,0,1.031,1,1.747,0,6,2,2,3,1,0,1,-0.427,6,0
7,0,3,7,698.79,4,4,0.339,5,6,6,0.0,-3.832,0,0.0,2,2,2,0,5,0.385,7,4,4,1,3,1,1.256,0,2.705,2,4,7,6,2,4,4,2,1.398,6,1
4,4,3,3,623.08,0,1,0.584,7,0,5,0.0,-0.847,4,0.0,2,6,0,0,7,0.117,6,7,7,1,1,3,1.304,4,-0.23,1,6,6,4,2,3,2,6,0.662,3,1
3,0,2,4,0.0,7,5,-1.017,4,1,3,0.0,-1.069,2,0.0,0,6,5,0,7,-0.848,1,4,5,0,4,4,0.966,4,-0.058,0,4,7,1,2,4,5,6,-0.943,1,0
3,2,5,7,0.0,3,1,0.759,7,7,0,0.0,-0.71,2,0.0,7,4,2,0,2,-1.43,5,2,5,0,7,2,0.586,7,-0.774,5,3,0,1,6,4,0,4,0.631,4,0
1,6,4,2,0.0,1,2,0.741,3,7,6,0.0,-1.295,5,0.0,7,7,7,0,2,2.188,4,6,7,0,4,0,1.108,4,2.217,2,5,6,1,0,5,0,6,0.89,1,0
6,2,1,2,0.0,6,1,0.757,4,4,5,0.0,-3.325,6,0.0,7,3,5,0,6,0.839,2,5,1,0,5,6,0.878,1,-2.042,0,3,6,6,1,7,6,5,-0.25,5,0
3,4,6,7,0.0,4,3,-0.46,5,5,2,0.0,-3.54,5,0.0,3,0,3,0,6,-0.326,5,3,3,0,5,1,1.083,0,-0.887,1,1,2,1,7,1,4,0,-0.927,7,0
6,7,6,3,0.0,0,5,-1.811,0,1,6,0.0,0.045,7,0.0,5,5,7,0,0,-2.178,0,5,6,0,7,3,1.258,1,-4.27,6,2,5,4,4,6,7,6,-1.774,2,0
0,7,2,7,0.0,6,5,-0.023,0,6,7,0.0,-0.804,2,0.0,5,3,4,0,6,1.457,4,5,4,0,1,4,0.985,2,0.029,5,7,3,0,6,4,6,5,0.265,0,0
7,2,6,6,0.0,2,2,-0.687,0,6,0,0.0,-3.178,6,0.0,6,2,0,0,3,0.286,0,0,6,0,1,2,0.838,5,0.301,5,1,3,4,1,3,3,7,0.354,4,0
1,4,4,0,0.0,0,0,0.147,2,0,7,0.0,-1.391,0,0.0,3,0,3,0,5,-0.951,2,1,3,0,5,1,0.879,3,-2.444,2,5,1,2,5,7,5,7,-0.276,7,0
7,7,3,3,0.0,7,6,1.842,3,3,0,0.0,-0.465,7,0.0,3,5,4,0,1,2.33,4,2,7,1,4,2,1.08,1,0.068,0,6,5,7,7,0,3,2,1.172,0,1
2,5,1,1,0.0,0,5,-1.063,0,0,3,0.0,-1.727,1,0.0,5,7,7,0,3,-1.569,5,1,7,0,0,1,0.863,1,-2.409,3,2,3,3,2,6,7,1,-0.784,4,0
4,5,4,1,0.0,5,2,-1.185,7,7,3,0.0,-0.587,5,0.0,7,6,5,0,1,-1.221,3,3,4,0,7,0,0.748,5,0.578,1,3,4,5,5,3,5,6,-0.445,4,0
6,2,0,1,0.0,5,3,-0.268,4,1,7,0.0,1.454,0,0.0,0,1,5,0,5,1.842,2,7,5,0,6,6,0.817,4,-3.905,3,7,2,6,1,5,5,1,0.752,6,0
1,1,3,5,1838.66,2,0,0.462,7,7,2,0.0,-2.178,5,0.0,5,0,7,0,0,2.873,3,5,1,1,4,7,1.357,0,3.209,2,0,1,0,4,2,3,0,1.576,0,1
4,6,0,4,0.0,7,5,0.89,3,6,7,0.0,2.765,2,0.0,2,4,3,0,7,1.222,5,0,6,0,6,6,1.384,1,-1.61,4,6,6,2,6,4,3,6,0.526,2,0
6,0,4,7,0.0,3,4,-0.468,1,2,7,0.0,-3.974,1,0.0,6,1,6,0,2,1.535,0,1,2,0,2,1,0.998,5,0.582,5,0,0,2,5,6,4,7,0.341,3,0
3,3,3,2,0.0,3,7,0.471,4,0,7,0.0,-1.688,7,0.0,3,3,3,0,5,0.951,2,0,6,0,4,7,0.913,3,3.177,1,6,0,3,0,4,4,2,0.091,1,0
4,1,2,5,0.0,7,4,1.387,6,5,0,0.0,-0.155,6,0.0,0,3,7,0,2,1.339,1,0,4,0,7,4,1.015,3,3.37,3,5,5,5,1,7,2,3,1.29,6,0
7,4,3,4,0.0,4,0,-0.183,0,4,7,0.0,0.489,7,0.0,3,0,1,0,1,0.694,2,1,2,0,6,1,0.766,6,-1.166,3,5,2,3,1,3,5,7,-0.45,0,0
2,2,6,2,0.0,3,2,-0.087,0,6,6,0.0,0.801,7,0.0,4,5,4,0,1,-1.391,5,1,4,0,0,6,1.287,6,2.48,6,2,6,1,4,1,6,0,-0.736,1,0
5,7,1,3,0.0,6,3,1.045,2,4,7,0.0,1.27,3,0.0,3,7,0,0,1,-0.714,1,3,7,0,0,2,1.441,3,2.534,5,6,4,5,3,6,3,7,1.606,5,0
3,2,0,3,0.0,0,6,-0.69,1,2,7,0.0,0.233,6,0.0,0,0,7,0,4,-0.339,7,2,7,0,4,6,1.033,6,-1.278,3,2,5,0,6,0,7,4,-0.529,4,0
3,1,3,6,0.0,4,1,-1.427,3,6,5,0.0,2.763,1,0.0,5,1,4,0,0,0.573,2,6,4,0,3,0,0.831,3,0.391,5,5,2,1,1,2,7,2,-0.743,2,0
5,1,4,1,0.0,1,1,-2.319,5,0,0,0.0,-2.482,1,0.0,0,0,5,0,0,-2.11,4,6,6,0,2,4,1.372,7,-2.278,7,5,1,5,7,3,0,1,-2.042,7,0
6,0,4,3,714.46,7,3,2.03,4,2,5,0.0,5.345,4,9.6,1,0,7,1,6,3.069,0,3,4,1,6,0,1.119,4,-1.151,4,1,2,1,0,2,5,4,1.612,4,1
1,0,0,6,1963.09,2,0,2.646,0,5,7,0.0,0.204,4,19.06,3,1,2,1,0,2.065,2,0,1,0,2,6,1.194,7,2.336,3,1,1,0,4,7,3,1,2.026,1,1
0,1,3,7,1331.98,7,0,0.422,2,1,5,0.0,1.69,6,0.0,4,5,5,0,5,1.048,1,2,4,1,6,0,1.338,0,2.281,6,1,5,1,4,0,0,6,0.608,0,1
7,0,6,1,0.0,3,7,0.332,1,3,1,0.0,1.687,5,0.0,7,7,6,0,1,-2.28,1,3,7,0,5,7,1.054,1,0.504,2,3,2,4,6,3,3,0,-0.123,0,0
6,3,6,0,1659.94,2,0,2.76,7,5,3,0.0,-0.308,0,0.0,3,5,2,1,0,2.047,5,7,6,1,1,3,0.889,3,1.165,2,6,7,4,4,1,5,5,3.401,2,1
1,7,4,3,0.0,0,6,1.093,2,0,7,0.0,3.929,4,0.0,5,4,6,0,3,0.015,4,4,3,0,1,2,1.001,5,3.119,7,1,1,2,0,4,1,1,0.49,5,0
6,5,4,2,0.0,5,3,1.286,5,3,7,0.0,2.23,3,0.0,2,1,1,0,6,2.435,5,3,5,0,0,0,0.95,5,1.528,1,2,6,7,4,1,1,2,0.877,1,0
5,0,0,0,1299.36,0,3,-0.156,7,6,3,703.9,3.167,2,0.0,1,5,1,0,0,0.023,4,5,2,1,6,4,1.107,2,1.582,2,3,1,7,6,7,1,1,-0.038,2,1
1,5,7,2,1637.19,7,5,1.088,7,2,5,0.0,1.341,7,0.0,6,3,1,1,0,1.898,2,2,6,1,6,6,1.15,6,1.918,5,4,1,3,5,6,2,4,1.749,4,1
0,3,6,3,0.0,7,1,1.862,4,5,6,0.0,2.685,4,0.0,1,7,5,0,5,-1.164,4,3,0,0,6,7,0.983,3,1.599,5,3,1,7,5,3,3,6,0.328,6,0
4,6,7,5,0.0,2,0,1.223,4,6,4,0.0,0.276,3,0.0,4,5,1,0,4,-0.1,0,4,0,0,7,6,0.853,3,0.839,4,3,5,1,6,2,0,2,0.463,7,0
7,4,4,2,1990.63,6,6,0.543,0,4,7,0.0,-1.988,2,0.0,5,0,0,1,4,0.265,0,1,4,0,5,0,1.102,0,-0.789,4,6,3,1,5,5,2,0,1.118,6,1
2,4,1,6,0.0,7,0,-0.108,5,4,5,0.0,-1.645,5,0.0,0,1,2,0,4,1.667,1,7,1,0,7,5,0.944,2,-2.244,6,3,3,3,7,0,3,5,0.005,5,0
1,5,7,7,0.0,0,5,0.374,2,3,6,0.0,6.135,7,0.0,5,2,2,0,3,-1.189,6,5,3,0,5,3,0.945,4,2.792,7,7,3,5,3,0,4,0,0.406,6,0
7,0,3,7,0.0,1,4,1.382,0,0,2,0.0,3.844,7,0.0,3,2,0,0,6,1.405,3,1,5,0,6,1,0.982,7,-0.377,6,0,0,2,3,3,5,7,0.93,6,0
0,4,7,7,0.0,3,7,0.862,2,7,2,0.0,-4.368,6,0.0,6,4,6,0,4,1.197,7,6,6,0,3,3,1.02,7,-0.026,0,7,7,4,1,5,6,1,0.919,4,0
5,0,4,2,0.0,6,4,0.175,7,0,0,0.0,1.17,2,0.0,1,3,0,0,6,3.256,7,5,5,0,6,3,1.075,4,1.733,1,2,3,1,0,4,2,3,1.361,0,0
4,7,6,5,0.0,1,7,-0.139,6,4,0,0.0,-2.788,1,0.0,2,6,2,0,7,2.355,1,6,2,0,6,5,1.2,1,-0.125,4,3,6,3,1,1,7,3,0.51,1,0
7,5,3,2,1560.04,6,2,2.015,6,2,0,0.0,1.338,5,0.0,1,6,5,1,6,2.719,3,5,1,1,5,5,1.046,1,2.256,6,7,1,0,2,5,3,0,1.923,3,1
4,1,6,3,0.0,1,1,-1.704,4,4,3,0.0,1.78,4,0.0,5,5,0,0,4,0.662,6,7,0,0,0,2,1.06,3,1.393,4,3,6,7,7,1,7,3,-0.731,7,0
4,5,4,6,1137.88,2,0,1.618,6,0,5,0.0,2.495,1,0.0,2,0,4,1,5,1.597,6,0,6,0,4,5,1.106,4,2.265,7,2,1,4,1,0,5,0,1.794,1,1
6,0,7,0,0.0,3,3,-1.988,3,0,5,0.0,0.588,7,0.0,0,6,6,0,7,-2.057,3,0,2,0,1,7,1.141,5,-3.043,5,2,7,0,7,2,5,6,-1.207,0,0
0,2,0,1,0.0,3,0,-0.896,3,2,2,0.0,0.073,0,0.0,6,7,6,0,3,-2.167,0,5,4,0,0,0,0.912,7,-3.351,3,2,3,3,4,2,6,3,-0.655,0,0
7,1,4,3,0.0,1,0,0.292,3,6,3,0.0,3.678,3,0.0,4,0,0,0,2,-1.505,5,1,0,0,1,4,0.836,6,1.418,7,2,2,3,2,1,0,7,0.375,2,0
0,7,2,0,0.0,5,6,-0.008,1,1,0,0.0,-1.598,4,0.0,3,5,4,0,5,0.194,4,7,4,0,7,5,1.28,1,-2.233,5,6,0,5,2,3,7,7,0.285,6,0
3,0,4,1,0.0,2,7,-0.675,3,1,2,0.0,1.186,4,0.0,2,7,2,0,6,1.809,5,6,2,0,3,7,0.96,6,-2.582,6,4,6,5,3,2,0,5,-0.313,1,0
1,3,4,7,0.0,6,2,2.44,2,7,1,0.0,2.971,7,0.0,3,7,2,1,0,2.936,4,0,6,1,3,7,1.398,4,1.298,1,7,3,2,1,2,3,3,2.254,6,1
5,7,5,4,0.0,2,5,-0.362,6,4,1,0.0,-1.537,1,0.0,3,7,1,0,3,0.13,2,7,3,0,2,0,0.45,4,-0.466,0,3,6,1,4,1,0,7,0.152,0,0
3,7,1,5,0.0,1,0,-0.544,7,0,3,0.0,-0.202,6,0.0,4,3,0,0,4,-0.242,2,4,7,0,7,3,0.844,7,0.321,2,5,5,4,0,3,6,5,-0.016,2,0
3,2,5,5,0.0,6,3,-0.426,2,0,7,0.0,3.812,6,0.0,1,0,2,0,6,-1.561,7,2,3,0,0,2,0.821,4,2.156,7,0,2,5,7,1,7,5,-0.422,3,0
1,3,3,0,534.64,5,7,0.539,5,6,5,0.0,4.893,0,0.0,4,4,4,0,5,0.459,4,0,0,1,7,2,1.068,1,-1.597,3,0,2,1,5,4,5,2,1.323,3,1
0,4,1,6,0.0,5,7,-0.364,3,5,0,0.0,3.474,1,0.0,3,2,6,0,2,-0.323,4,3,2,0,6,7,0.903,3,2.438,6,3,7,4,1,3,1,0,-0.535,1,0
5,7,3,1,0.0,1,5,-1.381,7,3,3,0.0,0.382,2,0.0,0,2,7,0,7,-2.698,3,2,2,0,7,6,0.922,4,0.483,2,6,6,7,3,6,6,2,-2.301,6,0
4,2,5,5,0.0,5,4,1.266,2,7,7,0.0,0.311,6,0.0,6,6,6,0,7,0.338,4,5,4,0,4,7,0.998,4,2.801,6,4,3,5,2,5,6,6,1.312,4,0
5,6,0,7,1807.23,4,0,1.645,1,1,1,0.0,1.444,6,18.89,3,1,2,1,0,1.68,6,5,4,1,1,1,1.194,7,1.112,6,4,1,2,5,4,4,0,1.78,1,1
6,6,4,1,61.91,0,4,1.401,0,6,0,0.0,3.277,1,0.0,3,7,7,1,6,3.028,7,0,2,1,0,4,1.179,0,1.6,2,4,5,2,1,4,1,6,1.137,0,1
1,1,0,0,0.0,3,6,-0.472,7,0,0,0.0,3.092,3,0.0,4,7,7,0,4,-0.695,4,3,1,0,0,5,1.142,0,0.128,4,4,7,3,1,7,2,6,-1.024,7,0
0,5,4,7,0.0,4,4,1.853,3,7,1,0.0,4.193,6,0.0,7,1,7,1,1,2.732,5,7,4,1,1,5,1.317,7,-1.188,3,4,1,2,7,2,4,4,1.798,2,1
2,2,5,4,0.0,4,0,-0.548,5,4,0,0.0,-1.188,3,0.0,4,1,7,0,5,-1.415,0,3,7,0,0,5,1.001,2,0.953,1,0,0,3,5,2,6,3,-0.209,3,0
5,2,2,0,0.0,1,7,1.21,7,2,3,0.0,1.922,4,0.0,1,6,5,1,5,1.666,2,3,0,1,2,2,1.214,4,0.3,1,3,0,4,4,0,1,4,1.093,7,1
1,5,6,4,0.0,5,1,-0.097,4,0,2,0.0,-2.491,2,0.0,3,7,0,0,1,-2.277,0,0,3,0,0,4,0.916,5,0.627,1,5,7,0,1,2,4,4,-0.695,0,0
3,5,7,7,0.0,2,7,0.036,0,3,2,0.0,-5.662,7,0.0,5,3,1,0,2,-0.668,1,0,7,0,4,3,0.846,7,1.96,2,4,7,5,6,3,2,5,-0.621,7,0
2,7,0,4,0.0,2,2,0.409,0,5,2,0.0,1.247,6,0.0,5,2,4,0,6,0.388,6,1,3,0,3,7,0.799,6,-1.001,5,6,1,4,4,2,1,2,0.788,2,0
5,0,3,4,0.0,6,1,-0.88,6,5,3,0.0,-4.891,6,0.0,4,7,5,0,5,-0.091,0,2,6,0,5,3,1.274,6,-1.376,1,4,5,6,7,4,6,2,-0.328,1,0
6,1,0,5,0.0,1,4,0.688,0,4,2,0.0,3.194,2,0.0,5,1,4,0,1,-0.867,5,7,2,0,1,4,1.156,0,1.065,5,6,6,5,3,5,6,0,0.488,7,0
3,5,0,5,0.0,6,6,-2.148,4,1,5,0.0,0.293,5,0.0,3,1,4,0,6,-2.567,2,2,0,0,6,5,0.841,4,-2.55,3,6,4,4,0,1,3,3,-2.515,2,0
7,5,7,4,0.0,0,5,-0.618,1,1,7,0.0,2.335,3,0.0,0,0,4,0,2,0.253,2,3,7,0,0,6,0.669,2,-2.311,6,7,7,5,5,6,7,0,0.028,5,0
0,0,4,4,0.0,7,4,0.067,2,6,5,0.0,-1.502,6,0.0,1,6,3,0,1,1.167,2,1,5,0,4,3,0.943,7,-0.934,6,0,2,2,3,7,6,6,0.064,2,0
2,6,1,3,1866.98,7,7,1.365,6,6,3,0.0,4.007,5,0.0,6,0,0,0,0,1.318,5,2,7,1,2,4,1.413,1,1.704,2,6,1,0,4,0,5,7,1.225,2,1
1,5,5,1,755.1,1,4,1.477,0,6,5,0.0,-3.278,5,0.0,7,5,3,0,1,-0.178,0,0,5,1,6,5,1.166,0,-2.149,3,6,4,7,5,1,1,1,0.703,6,1
4,0,6,6,0.0,4,5,1.518,4,5,2,0.0,5.902,7,0.0,0,0,3,0,1,1.459,6,1,0,0,4,3,1.036,3,1.915,0,7,5,4,4,7,6,1,1.316,0,0
7,3,1,3,0.0,5,3,-1.567,4,1,5,0.0,-4.846,0,0.0,6,1,0,0,0,-1.944,5,2,4,0,4,3,0.914,3,-4.547,2,0,3,7,7,1,0,3,-1.426,3,0
6,4,2,5,1827.62,6,7,1.372,1,3,2,0.0,4.235,5,0.0,6,0,4,1,0,1.426,7,2,4,1,2,4,1.16,6,2.864,2,6,6,7,1,3,5,3,1.723,6,1
4,4,7,4,0.0,4,4,-0.071,2,2,4,0.0,4.216,2,0.0,2,4,2,0,2,1.078,2,5,0,0,2,1,0.667,3,1.108,4,5,4,1,6,6,1,6,0.163,3,0
7,0,4,0,291.07,2,6,0.942,7,6,6,0.0,-3.243,1,0.0,7,6,3,1,2,-1.536,1,3,1,0,2,0,1.133,6,-1.415,5,6,3,7,3,6,6,5,0.304,1,1
0,6,6,3,0.0,7,5,-2.714,6,6,6,0.0,-1.633,5,0.0,3,4,7,0,4,-1.308,7,3,3,0,0,7,0.69,4,-3.987,4,4,1,7,2,3,3,3,-2.056,4,0
7,0,2,4,0.0,1,6,-0.714,5,6,0,0.0,-4.89,4,0.0,0,4,2,0,6,1.272,5,3,4,0,0,5,1.362,1,0.871,4,5,6,2,5,0,5,5,-0.733,6,0
7,6,6,4,0.0,0,0,0.541,7,6,4,0.0,-1.186,4,0.0,1,7,2,0,5,0.702,3,1,0,0,2,1,1.022,1,0.983,6,2,7,4,1,1,5,6,0.151,2,0
0,0,4,1,0.0,2,4,-1.036,4,2,4,0.0,-1.022,0,0.0,6,7,1,0,3,1.317,0,1,2,0,6,7,0.914,5,-4.824,4,3,2,6,4,2,4,4,-1.073,0,0
4,3,1,3,0.0,7,7,0.152,7,5,2,0.0,1.668,2,0.0,5,6,4,0,7,0.419,6,0,6,0,1,0,0.964,7,1.132,3,6,5,6,1,4,0,2,-0.098,7,0
1,1,3,5,0.0,1,0,-0.615,6,2,3,0.0,-2.934,0,0.0,0,1,5,0,6,-1.516,0,1,5,0,1,1,1.032,7,-0.646,6,3,3,1,4,0,5,5,-0.863,4,0
3,5,6,3,0.0,1,2,0.102,0,7,2,0.0,-3.052,2,0.0,7,0,2,0,2,-1.338,1,0,2,0,6,3,0.867,5,2.153,5,2,5,2,5,0,5,0,0.138,6,0
4,0,1,2,0.0,0,7,-0.147,1,2,5,0.0,-6.707,1,0.0,7,2,0,0,6,-0.754,5,6,6,0,3,4,0.901,4,0.334,5,1,5,6,3,5,3,4,-0.134,0,0
7,5,0,5,1687.49,0,3,1.428,7,1,1,0.0,3.648,7,0.0,4,5,5,1,0,-0.516,4,6,3,1,1,1,1.492,6,4.114,6,1,2,2,5,1,5,4,2.218,7,1
0,7,2,7,0.0,7,4,0.105,6,0,7,0.0,0.554,2,0.0,7,4,0,0,0,-0.248,0,6,1,0,5,4,1.086,1,0.868,2,0,4,0,0,4,5,1,0.399,4,0
5,0,5,2,0.0,4,5,-0.262,4,2,0,0.0,-2.476,2,0.0,7,0,3,0,2,-1.212,1,5,2,0,1,2,0.965,2,-0.09,6,6,2,7,1,5,0,5,-0.741,2,0
4,7,0,0,0.0,4,7,-0.106,6,3,2,0.0,-3.846,7,0.0,4,6,3,0,1,0.7,5,0,6,0,7,6,0.959,3,-0.22,5,1,1,5,7,0,5,6,-0.141,5,0
4,3,0,5,0.0,4,5,0.073,2,1,4,0.0,-2.03,6,0.0,6,7,7,0,1,-0.19,3,6,6,0,5,5,0.553,2,0.378,6,2,3,0,6,5,6,6,-0.753,3,0
1,1,5,7,1005.98,2,4,0.855,6,1,2,0.0,3.565,6,0.0,5,5,2,1,1,1.022,0,0,7,1,0,3,1.452,6,4.842,2,6,2,0,1,2,1,4,1.387,6,1
7,2,2,2,0.0,2,7,0.782,4,4,7,0.0,-1.781,4,0.0,0,5,7,0,1,2.486,3,0,6,0,6,4,0.897,4,1.691,2,7,5,3,6,5,3,1,0.764,0,0
1,7,4,1,0.0,3,2,-1.45,4,4,4,0.0,0.477,6,0.0,2,1,5,0,1,-1.059,5,3,2,0,1,2,1.176,7,1.771,1,1,3,0,2,4,1,4,-1.173,0,0
1,7,5,2,0.0,4,5,-0.607,4,2,7,0.0,1.37,1,0.0,1,4,3,0,4,-1.653,2,2,1,0,7,5,1.052,6,-1.069,2,2,6,5,6,1,4,4,-1.795,1,0
3,5,0,4,1287.14,5,0,0.74,2,0,0,0.0,-0.42,1,16.71,0,7,6,0,6,2.12,3,4,5,1,7,7,1.388,7,3.441,7,0,5,4,1,7,1,0,1.008,5,1
4,0,1,2,0.0,3,3,1.234,7,4,7,0.0,2.915,2,0.0,3,2,6,1,5,3.423,2,2,4,1,2,0,1.251,0,1.325,0,2,2,7,0,6,2,1,1.388,0,1
7,5,1,3,0.0,5,1,-0.33,7,0,3,0.0,0.185,7,0.0,7,6,2,0,1,-0.592,4,5,5,0,6,5,0.633,2,-1.831,6,1,7,0,4,5,7,3,-0.321,4,0
4,2,3,3,0.0,2,4,0.009,1,4,6,0.0,-4.029,6,0.0,0,5,6,0,6,1.936,7,4,0,0,5,1,1.464,7,0.955,4,6,4,2,6,6,3,0,0.483,3,0
5,2,0,3,0.0,5,6,-0.57,1,6,2,0.0,-5.689,3,0.0,2,6,4,0,5,-1.089,1,2,7,0,6,6,1.05,3,1.906,4,4,1,6,1,1,1,7,-0.294,3,0
5,3,4,7,0.0,7,5,0.117,5,0,7,0.0,1.044,2,0.0,3,3,5,0,2,-1.041,3,2,7,0,4,2,0.907,1,0.97,7,3,7,6,2,5,7,4,-0.168,1,0
3,1,4,4,0.0,1,1,0.47,6,4,7,0.0,0.712,1,0.0,7,2,6,0,6,-0.177,6,1,7,0,1,3,0.739,2,1.471,3,1,7,5,5,2,4,2,0.073,6,0
5,4,4,6,0.0,5,7,0.292,3,7,5,0.0,-2.558,7,0.0,0,1,1,0,3,0.474,4,0,7,0,4,0,1.223,7,-0.677,2,7,2,6,6,1,5,0,0.269,1,0
0,2,7,6,406.95,4,3,2.117,2,0,6,0.0,3.297,2,0.0,0,3,3,1,0,2.993,4,0,0,1,0,3,0.872,0,2.821,4,6,2,3,1,1,2,5,2.124,6,1
6,6,5,4,1612.3,2,2,0.768,6,2,0,0.0,2.337,5,0.0,5,3,0,1,0,0.888,4,2,3,0,6,6,1.416,0,4.06,5,1,0,2,0,3,4,4,0.713,6,1
6,3,7,0,714.41,3,2,1.355,3,1,0,0.0,-1.964,0,0.0,3,6,3,1,0,-0.309,1,7,3,1,4,0,0.716,1,3.793,7,7,3,4,3,6,7,0,1.493,4,1
1,3,2,3,0.0,6,4,0.818,3,1,0,0.0,2.26,6,0.0,3,5,0,0,3,0.946,7,6,7,0,3,3,1.069,4,-0.697,5,6,0,2,6,0,5,0,0.206,5,0
1,5,6,1,0.0,3,7,-0.951,3,5,4,0.0,-1.768,6,0.0,3,6,2,0,5,0.126,6,6,1,0,1,1,0.925,6,0.602,7,2,4,6,2,6,6,0,-1.044,3,0
5,7,4,4,0.0,1,3,-2.442,3,5,6,0.0,1.322,6,0.0,5,4,6,0,3,-2.757,1,7,4,0,7,2,1.095,5,-3.068,5,6,7,4,1,2,7,2,-1.116,4,0
5,7,4,0,1944.8,1,5,1.983,6,6,6,619.22,2.316,2,0.0,6,0,2,1,4,1.585,2,6,7,0,7,6,1.377,6,1.496,0,3,6,6,6,6,6,7,1.89,6,1
0,7,1,0,0.0,7,7,-0.266,5,5,1,0.0,0.263,1,0.0,1,5,1,0,6,-0.799,4,2,5,0,7,4,0.729,2,-3.09,3,3,2,3,4,5,6,7,0.127,0,0
1,4,4,4,0.0,7,0,-0.744,5,5,4,0.0,0.393,5,0.0,0,0,6,0,7,-0.054,6,4,3,0,3,7,0.982,7,1.28,2,1,2,0,4,0,3,1,0.478,0,0
2,1,0,7,0.0,4,2,-1.647,6,5,5,0.0,-3.214,3,0.0,6,2,5,0,2,-0.85,3,6,7,0,0,0,0.603,1,-1.103,6,0,1,3,0,7,1,4,-1.864,3,0
2,6,2,3,0.0,0,0,0.748,4,3,3,0.0,0.102,7,0.0,7,4,3,0,2,-1.153,3,4,7,0,5,4,1.297,0,-1.93,2,7,3,5,2,5,2,5,-0.013,6,0
4,6,0,4,0.0,2,1,0.357,6,0,4,0.0,1.895,5,0.0,5,5,7,0,7,-0.41,4,0,0,0,5,3,1.061,3,3.133,3,2,4,0,4,6,2,6,-0.113,3,0
0,6,5,5,0.0,2,6,0.719,2,4,3,0.0,2.859,6,0.0,3,6,7,0,7,1.51,3,0,6,0,2,0,1.541,4,0.852,4,0,7,2,5,7,0,4,0.035,5,0
2,4,5,4,0.0,1,1,-0.653,5,4,1,0.0,1.27,7,0.0,2,0,7,0,6,-0.087,3,2,3,0,3,0,1.148,1,0.493,6,4,1,6,2,7,7,2,-0.75,7,0
1,2,7,1,0.0,7,4,0.096,1,4,4,0.0,0.831,0,0.0,4,0,4,0,3,-1.236,0,7,5,0,0,7,0.796,5,1.09,1,2,6,2,2,0,6,7,-0.579,2,0
4,7,4,4,0.0,1,7,-1.037,1,3,1,0.0,-1.917,5,0.0,1,3,2,0,4,-1.41,0,4,5,0,0,7,1.13,3,0.593,5,1,0,4,5,5,1,0,-1.487,2,0
6,7,4,7,1953.57,1,0,1.156,2,5,6,0.0,1.451,6,0.0,4,1,5,1,1,1.133,1,4,0,1,1,3,1.388,1,0.432,5,1,5,1,5,2,7,7,1.704,6,1
0,0,2,6,0.0,6,0,-1.211,3,4,6,0.0,2.715,2,0.0,0,1,6,0,4,-0.82,6,4,5,0,3,5,1.04,3,-0.968,0,2,1,4,0,4,7,3,-1.317,7,0
1,2,7,6,0.0,5,5,0.4,4,6,4,0.0,-0.446,1,0.0,4,4,1,0,2,-0.189,3,1,1,0,3,3,1.14,7,2.261,4,4,3,2,1,3,7,7,0.696,3,0
0,1,7,5,0.0,4,4,-0.262,7,6,7,0.0,0.695,3,0.0,1,4,3,0,2,1.491,7,7,3,0,5,1,0.554,0,1.895,2,5,5,2,0,4,5,6,-0.555,4,0
5,1,5,0,1854.43,0,2,1.884,7,7,4,0.0,1.165,3,0.0,4,1,2,1,0,0.352,0,0,4,1,5,1,1.387,4,2.123,1,6,7,2,3,6,6,7,1.962,0,1
6,4,5,2,0.0,7,1,1.701,4,1,4,0.0,-5.285,4,0.0,7,4,3,0,5,-1.27,2,0,2,0,6,4,1.464,3,1.317,0,5,1,2,7,7,1,6,1.395,5,0
5,1,5,5,1879.08,5,7,1.359,6,7,0,0.0,4.437,6,0.0,4,7,5,1,6,0.941,2,0,7,1,5,3,1.018,0,2.104,0,2,3,7,0,4,0,7,1.66,2,1
4,2,5,7,0.0,6,5,-0.58,6,3,1,0.0,0.162,2,0.0,1,5,3,0,2,-2.771,7,4,7,0,4,7,1.199,0,-2.127,7,2,2,1,1,1,0,1,-0.375,2,0
4,2,5,3,0.0,1,1,-0.818,7,0,3,0.0,0.072,6,0.0,6,1,2,0,4,-0.471,4,1,0,0,6,3,1.207,0,-0.084,4,5,0,3,1,6,1,1,-0.38,0,0
6,3,5,1,0.0,0,2,-0.047,2,0,6,0.0,0.881,6,0.0,6,5,3,0,5,-2.026,7,0,6,0,4,1,1.342,6,-0.897,1,4,6,0,6,0,2,2,-0.309,0,0
7,5,6,3,0.0,3,5,0.386,6,0,3,0.0,1.525,7,0.0,5,7,6,0,7,2.278,5,0,1,0,5,3,0.976,7,2.694,3,2,7,6,0,5,5,3,0.58,5,0
2,6,4,4,1202.16,7,1,1.53,1,5,4,0.0,1.372,7,0.0,2,7,6,1,3,2.378,7,4,5,1,4,0,0.624,2,3.204,4,6,3,1,0,1,1,4,1.673,4,1
6,4,3,1,0.0,4,1,0.859,4,3,7,0.0,5.529,7,0.0,1,2,5,0,2,0.34,6,2,0,0,5,4,1.035,3,0.078,6,0,4,0,6,4,6,7,-0.034,3,0
7,4,7,0,0.0,5,6,0.196,7,3,4,0.0,3.998,7,0.0,1,1,1,0,3,2.051,7,7,3,0,3,1,0.928,6,1.896,6,2,4,7,0,6,7,5,-0.178,3,0
7,5,0,3,0.0,6,1,0.25,3,0,3,0.0,1.393,6,0.0,3,0,6,0,7,-0.063,1,0,4,0,7,2,1.137,1,-1.736,4,1,4,6,5,4,3,5,-0.393,3,0
5,7,4,3,656.24,1,4,0.831,5,0,6,0.0,-1.562,3,0.0,4,4,2,1,4,-0.019,1,2,3,0,7,7,1.433,6,3.839,3,0,0,6,6,5,3,4,0.479,6,1
5,5,5,4,0.0,2,4,-0.215,4,0,3,0.0,-2.372,7,0.0,4,4,5,0,7,0.098,2,2,7,0,4,2,1.061,1,-1.001,7,3,4,5,6,0,1,7,-0.042,7,0
3,3,0,0,0.0,6,7,-0.242,7,7,7,0.0,-0.864,3,0.0,3,1,1,0,3,-0.786,0,7,4,0,7,3,0.924,4,-0.621,6,2,2,2,7,0,5,6,0.216,2,0
5,6,1,3,0.0,6,5,2.027,7,2,6,0.0,1.395,5,0.0,2,7,5,0,1,0.762,1,1,6,0,5,5,0.974,7,1.308,5,7,1,0,5,7,5,7,1.27,3,0
0,4,2,7,0.0,5,3,0.668,7,5,2,0.0,-0.607,4,0.0,7,7,1,0,5,1.8,7,4,5,0,5,1,1.068,0,2.321,2,7,0,6,2,7,2,3,0.882,2,0
2,1,6,0,0.0,5,7,0.29,2,3,1,0.0,-1.549,2,0.0,7,6,7,0,1,0.408,6,3,5,0,3,1,1.162,0,0.504,6,4,4,3,6,6,5,5,0.5,6,0
1,7,5,5,0.0,2,6,0.34,1,7,5,0.0,-1.23,6,0.0,2,1,3,0,0,-0.583,7,0,7,0,1,3,1.004,5,0.417,5,4,3,5,2,0,5,6,-1.636,1,0
1,7,0,2,0.0,5,2,-1.191,5,4,5,0.0,0.498,2,0.0,7,2,5,0,5,1.745,5,0,0,0,2,1,0.939,7,-1.976,7,7,6,0,4,5,2,2,-0.07,1,0
6,2,5,1,0.0,0,3,0.148,0,4,0,0.0,1.23,6,0.0,5,1,2,0,1,1.081,5,7,3,0,7,2,1.138,3,0.266,1,5,4,3,3,3,0,5,0.35,4,0
0,5,2,0,0.0,4,0,-0.606,6,6,2,0.0,1.188,7,0.0,4,6,0,0,0,0.546,3,7,1,0,3,0,0.884,2,0.405,4,2,2,5,2,7,5,4,-0.914,0,0
5,0,4,5,0.0,5,1,0.723,2,5,1,0.0,-0.216,7,0.0,4,0,1,0,1,1.321,0,2,0,0,5,0,0.941,2,1.208,1,1,1,0,4,5,6,0,0.558,1,0
0,1,5,5,0.0,2,6,-0.757,2,7,7,0.0,-1.227,7,0.0,0,7,6,0,5,0.435,5,7,6,0,3,6,0.725,0,-1.456,3,5,0,5,7,0,0,5,-0.436,2,0
1,6,3,0,0.0,7,0,-0.679,3,0,0,0.0,-0.555,1,0.0,1,6,2,0,3,-0.019,0,1,3,0,4,3,0.865,1,-1.341,6,5,5,2,2,3,1,2,0.019,1,0
5,2,1,2,0.0,5,5,-0.279,3,1,4,0.0,1.161,3,0.0,6,6,3,0,4,-0.053,5,1,4,0,2,4,0.852,5,-0.744,2,3,2,6,5,1,5,3,-0.107,0,0
3,7,6,6,0.0,1,5,0.333,0,1,4,0.0,-0.573,3,0.0,2,1,3,0,2,0.596,6,3,1,0,7,7,0.693,6,0.404,3,2,6,1,6,3,6,7,0.002,7,0
2,7,6,7,1051.65,1,2,0.586,0,4,0,0.0,-0.907,1,0.0,7,7,3,1,0,1.809,3,7,4,0,7,4,1.113,4,5.135,4,2,6,2,5,0,2,7,1.338,6,1
6,0,7,6,0.0,5,0,-0.258,3,4,1,0.0,0.529,5,0.0,3,2,0,0,1,-1.573,1,1,2,0,5,6,1.089,5,-1.179,4,0,2,7,7,4,3,0,-1.292,2,0
0,1,4,5,0.0,3,3,0.192,3,3,4,0.0,2.916,3,0.0,7,4,2,0,0,1.098,1,0,4,0,6,2,1.065,2,2.06,5,7,6,6,2,7,0,5,0.665,5,0
4,6,7,0,1912.11,4,7,1.343,2,5,7,0.0,2.794,3,0.0,3,5,4,1,2,0.113,2,1,4,0,0,0,1.55,7,2.035,4,0,6,7,2,0,1,2,1.331,7,1
7,5,0,2,0.0,6,5,0.063,4,4,4,0.0,2.184,6,0.0,4,2,5,0,0,-0.453,4,4,5,0,1,2,1.012,3,-1.403,2,0,6,3,1,4,7,7,-0.072,3,0
1,7,4,6,0.0,4,2,-2.79,1,3,0,0.0,-1.141,7,0.0,6,5,5,0,1,-1.414,0,0,2,0,6,7,0.798,7,-6.327,0,7,0,1,7,1,5,0,-2.457,0,0
7,1,4,6,0.0,4,0,1.213,3,3,7,0.0,1.16,4,0.0,1,3,2,0,5,-0.379,7,5,5,0,6,7,0.955,1,-1.224,3,3,4,6,2,0,5,4,0.951,4,0
3,7,2,5,642.14,4,2,1.391,0,4,6,0.0,-1.791,6,0.0,2,2,7,0,3,0.691,2,4,3,1,6,6,0.993,6,3.338,3,1,1,0,5,7,7,2,1.656,2,1
1,5,3,1,0.0,5,2,-1.636,4,3,3,0.0,-1.649,4,0.0,2,3,3,0,1,-1.098,6,1,7,0,7,6,0.974,4,-1.789,4,4,0,3,1,5,1,0,-1.13,3,0
6,0,7,3,0.0,4,2,-0.917,6,0,4,0.0,-1.912,3,0.0,6,2,1,0,6,-0.314,2,6,6,0,7,5,0.618,7,-0.484,4,4,0,3,3,1,5,7,-0.936,3,0
5,0,6,5,0.0,6,1,-0.277,4,2,1,0.0,0.076,1,0.0,4,5,2,0,0,-1.015,3,7,6,0,5,0,1.027,7,0.511,0,1,4,1,1,6,7,5,-0.614,7,0
3,6,0,7,0.0,6,7,-0.811,2,4,3,0.0,0.508,5,0.0,4,5,7,0,2,-2.421,5,6,1,0,4,5,1.029,3,-0.906,7,6,5,6,0,3,0,6,-1.109,0,0
4,4,4,1,0.0,1,5,-0.6,6,3,4,0.0,-1.461,7,0.0,6,4,3,0,1,-1.307,3,2,7,0,4,3,0.585,1,0.299,2,3,5,2,4,0,4,7,-0.955,5,0
5,2,7,0,0.0,1,5,-1.293,3,3,4,0.0,-0.288,4,0.0,4,6,7,0,0,-1.115,7,6,3,0,2,1,1.025,2,0.549,0,6,7,1,4,3,6,5,-0.782,2,0
4,5,3,0,0.0,6,6,-1.182,0,7,4,0.0,-3.153,6,0.0,1,2,2,0,4,0.539,3,3,6,0,1,2,0.802,6,-2.151,6,0,2,3,2,4,6,3,-0.6,4,0
0,2,7,7,829.37,3,3,1.322,1,3,5,768.77,0.905,1,0.0,7,1,5,1,5,-0.027,0,4,3,1,7,6,0.768,6,-0.71,1,1,0,3,6,2,0,1,1.316,2,1
0,4,1,5,0.0,2,5,-0.58,3,7,5,0.0,-3.604,4,0.0,4,5,7,0,6,-0.627,3,2,6,0,6,2,1.259,0,-1.143,3,4,6,6,2,1,1,1,-1.236,4,0
2,6,4,7,0.0,1,4,-1.521,4,7,4,0.0,1.931,1,0.0,3,6,3,0,5,-2.335,3,3,3,0,4,6,0.759,6,-3.925,5,6,4,6,6,0,6,2,-1.949,6,0
1,2,3,6,0.0,4,2,0.727,3,4,1,0.0,2.261,5,0.0,4,0,0,0,7,1.54,4,2,3,0,4,1,0.891,4,-0.533,4,0,4,6,0,6,5,7,0.202,2,0
6,5,5,7,0.0,0,4,-0.858,2,1,7,0.0,-0.835,6,0.0,0,3,3,0,3,-1.625,5,1,2,0,3,2,1.058,2,-4.224,0,0,5,5,6,7,0,4,-1.159,6,0
2,3,1,0,0.0,0,6,-0.25,6,3,6,0.0,-5.653,6,0.0,7,0,7,0,6,1.99,1,3,3,0,3,7,1.053,7,0.758,0,5,5,6,1,7,6,3,-0.239,2,0
1,0,1,5,0.0,6,2,-1.683,0,4,5,0.0,-0.369,7,0.0,2,0,0,0,5,-0.347,1,7,3,0,1,6,0.863,5,0.264,7,7,3,7,7,5,4,0,-0.684,0,0
2,6,6,7,0.0,1,2,-0.555,1,1,6,0.0,-0.449,1,0.0,0,4,4,0,2,-0.143,7,1,6,0,0,5,0.491,0,-2.339,3,1,1,3,0,5,0,5,-0.644,3,0
5,1,5,4,439.38,1,1,1.215,2,7,6,0.0,3.063,4,0.0,7,2,7,1,1,1.188,1,4,2,1,1,5,1.155,2,-0.863,5,2,1,3,6,0,7,2,1.26,0,1
3,3,0,0,0.0,1,4,-0.134,2,7,4,0.0,0.772,7,0.0,5,7,7,0,7,0.683,3,0,4,0,6,6,1.125,5,-0.787,4,0,5,7,4,7,3,3,-0.228,4,0
1,3,3,4,0.0,0,2,-0.975,1,7,5,0.0,-1.107,3,0.0,7,1,3,0,0,0.508,0,1,0,0,3,7,1.067,2,-0.396,1,6,0,7,6,1,5,4,-0.56,6,0
7,0,6,1,0.0,5,4,0.667,7,3,6,0.0,-2.967,0,0.0,3,7,7,1,7,1.695,2,6,4,1,4,3,1.029,4,-1.585,0,6,0,6,6,3,4,1,0.694,5,1
3,4,5,7,0.0,7,1,-1.344,0,2,4,0.0,-2.298,2,0.0,7,5,2,0,4,-2.2,0,2,2,0,5,1,0.982,3,-1.296,7,1,1,4,6,6,2,3,-1.798,0,0
0,0,1,1,0.0,4,3,0.243,4,4,2,0.0,-0.514,5,0.0,4,1,6,0,5,0.991,7,7,0,0,4,7,0.565,6,1.632,3,3,4,0,2,7,1,7,0.675,2,0
7,1,2,3,0.0,5,2,-0.408,2,4,2,0.0,-3.36,7,0.0,1,6,4,0,2,-0.316,2,2,4,0,4,1,0.827,4,-1.684,5,4,5,1,1,0,5,5,-0.337,5,0
2,0,3,7,0.0,4,3,-1.122,1,5,2,0.0,4.895,3,0.0,7,2,0,0,1,0.24,0,7,7,0,6,1,1.238,4,0.995,0,4,7,0,5,6,1,3,-0.978,6,0
2,1,4,2,0.0,4,5,-1.251,1,6,7,0.0,-2.387,6,0.0,7,1,3,0,5,-4.234,4,4,4,0,5,4,0.961,0,-2.055,6,1,4,6,0,7,1,0,-2.717,7,0
4,5,6,7,1079.79,4,4,2.982,6,3,0,0.0,-0.467,1,0.0,5,6,7,1,5,0.669,7,0,7,1,5,6,1.474,7,1.626,4,6,3,7,5,2,3,7,2.674,3,1
3,2,6,2,0.0,6,1,-0.57,2,6,0,0.0,-0.017,0,0.0,2,4,3,0,3,-1.842,5,4,7,0,2,0,0.996,5,-0.137,7,4,2,7,4,5,1,2,-0.601,4,0
1,4,4,5,1873.7,0,3,-0.404,6,4,4,0.0,-0.919,3,0.0,6,6,6,1,4,-0.615,6,2,3,0,5,7,1.431,7,0.202,1,2,0,7,3,6,3,7,0.506,1,1
6,4,0,7,0.0,1,6,0.331,6,7,1,0.0,-0.332,1,0.0,3,7,7,0,7,0.491,3,7,1,0,5,0,0.974,2,0.207,4,3,0,6,6,3,2,0,-0.109,6,0
2,6,1,3,0.0,1,2,0.353,5,1,4,0.0,-0.768,5,0.0,2,6,3,0,2,1.661,7,6,0,0,2,7,1.01,5,-1.299,6,3,6,1,3,4,5,7,-0.04,0,0
3,0,6,4,358.26,7,7,0.75,2,7,3,0.0,3.541,7,0.0,7,1,0,0,3,0.234,0,4,1,1,0,0,1.287,3,1.428,4,3,0,4,2,6,0,7,0.968,5,1
7,2,2,6,0.0,4,5,-1.433,3,5,5,0.0,-1.422,1,0.0,0,7,6,0,4,-1.419,3,0,3,0,3,2,0.605,0,-0.559,4,0,6,4,1,1,2,3,-1.32,7,0
6,1,3,2,0.0,4,4,-0.329,0,3,0,0.0,1.745,4,0.0,5,4,1,0,6,-0.067,5,1,6,0,6,0,1.167,0,-2.509,6,2,5,6,3,0,5,0,-0.161,7,0
7,7,2,4,1608.43,2,7,1.795,0,5,1,515.55,1.622,5,0.0,6,5,1,0,6,-0.042,0,2,2,1,4,2,0.971,4,1.771,6,3,3,7,1,2,0,4,1.654,1,1
5,5,2,7,1764.96,1,1,0.97,4,7,4,0.0,-1.489,0,0.0,6,2,3,0,0,0.97,3,0,0,1,4,2,1.401,1,2.103,0,4,0,1,1,2,3,5,0.825,2,1
7,3,2,0,0.0,7,1,-1.468,5,1,6,0.0,2.835,6,0.0,6,1,5,0,3,-1.583,7,4,1,0,1,4,0.955,0,-2.71,3,0,2,1,5,4,3,2,-1.527,3,0
7,3,2,6,0.0,2,7,-0.775,4,2,2,0.0,-1.113,5,0.0,5,0,4,0,7,0.217,6,1,3,0,1,2,1.257,3,0.284,0,2,5,3,3,2,1,7,-0.579,5,0
5,0,3,4,0.0,7,3,-0.667,5,0,2,0.0,2.159,4,0.0,6,6,7,0,6,-0.721,6,4,0,0,3,1,0.972,0,-0.148,6,5,4,1,7,1,7,4,-0.264,5,0
0,3,3,6,0.0,0,3,-0.745,1,7,1,0.0,-0.719,3,0.0,7,3,7,0,7,-1.814,4,7,4,0,6,7,0.971,6,1.014,5,5,5,3,3,0,2,7,-0.444,6,0
0,7,6,0,0.0,0,5,-1.52,0,1,4,0.0,-0.836,5,0.0,6,7,6,0,7,-1.969,1,4,0,0,6,4,0.842,0,-1.881,0,2,5,5,4,2,5,2,-1.531,1,0
3,0,2,0,0.0,3,4,-0.587,6,6,5,0.0,0.695,7,0.0,0,0,0,0,5,-0.599,3,2,4,0,6,2,1.328,1,-0.132,2,5,0,5,7,4,4,7,-0.167,6,0
2,2,5,2,0.0,7,4,-3.335,7,3,6,0.0,-0.39,1,0.0,3,2,7,0,0,-2.873,5,6,7,0,2,2,1.135,7,-3.712,3,6,3,4,1,2,1,3,-2.971,7,0
0,4,1,4,0.0,5,2,-0.373,6,2,3,0.0,-5.259,7,0.0,7,3,3,0,7,-0.418,5,7,5,0,2,0,1.112,5,-1.303,4,5,0,4,2,2,0,3,-0.98,6,0
3,1,4,4,0.0,2,3,1.253,0,5,0,0.0,0.109,2,0.0,5,3,4,0,2,1.722,6,2,1,0,5,1,0.781,3,-0.083,1,4,7,7,4,7,1,4,0.86,0,0
7,0,4,6,1439.68,4,5,1.669,6,7,4,0.0,-3.087,7,0.0,2,6,3,0,5,-0.822,3,4,2,1,1,0,1.465,3,-1.512,7,7,2,0,7,4,3,3,0.835,4,1
6,7,4,4,664.24,0,0,-0.591,7,0,1,0.0,-0.674,4,0.0,1,1,7,0,6,-3.24,4,6,0,1,5,5,1.1,3,-0.274,4,5,0,1,7,3,4,5,-0.299,7,1
0,2,6,3,0.0,6,0,-1.855,1,5,4,0.0,-1.584,3,0.0,6,7,0,0,3,-3.011,1,3,2,0,5,1,1.057,0,-0.086,2,2,7,0,6,6,0,1,-1.517,7,0
2,5,2,0,0.0,1,6,1.129,4,0,1,0.0,-0.858,0,0.0,0,4,4,0,5,-0.935,1,5,4,0,0,5,0.761,5,1.794,4,1,2,2,6,4,4,0,-0.33,3,0
1,0,5,1,0.0,3,4,-1.608,7,5,2,0.0,-2.638,2,0.0,5,5,2,0,1,1.435,7,3,0,0,5,0,1.242,7,-0.172,2,6,0,5,0,4,0,6,-1.384,1,0
1,4,3,0,908.99,1,0,1.382,7,7,3,0.0,1.318,3,0.0,1,4,2,1,4,0.17,1,0,1,0,2,4,1.171,7,2.648,4,4,3,2,0,7,6,4,1.424,7,1
6,6,6,5,0.0,7,4,-1.274,2,2,5,0.0,-0.669,2,0.0,3,4,4,0,0,-2.024,4,1,3,0,5,3,0.934,6,-2.002,4,1,6,2,3,4,2,2,-1.614,7,0
6,4,6,7,0.0,3,6,1.039,2,6,6,0.0,2.775,4,0.0,2,7,5,0,4,0.041,2,0,4,0,6,1,1.243,5,1.956,4,5,6,2,4,0,2,5,0.945,5,0
7,4,5,2,0.0,2,6,-0.783,1,0,3,0.0,-1.175,2,0.0,0,6,5,0,0,-1.591,4,2,0,0,1,7,0.94,7,1.651,2,4,2,2,7,6,0,4,-0.59,7,0
6,6,0,3,0.0,4,0,-0.594,3,3,1,0.0,-2.065,2,0.0,3,5,4,0,4,1.999,5,0,6,0,5,7,1.429,1,-1.191,3,0,3,7,0,5,5,7,-0.588,0,0
3,5,2,0,1718.0,4,7,0.304,4,1,1,0.0,4.132,7,0.0,7,3,3,0,1,2.32,1,0,2,1,4,5,1.501,5,0.421,5,5,6,2,1,1,1,0,1.081,2,1
0,6,4,6,0.0,1,1,0.143,1,7,0,0.0,1.222,0,0.0,0,4,4,0,1,0.48,4,4,3,0,4,5,1.053,0,-0.31,1,1,2,1,6,0,7,7,-0.054,0,0
4,4,3,6,0.0,3,2,0.06,3,7,4,0.0,6.442,0,0.0,1,4,5,0,3,0.809,1,6,2,0,4,5,0.897,0,-1.165,1,1,5,2,4,4,7,4,0.09,0,0
6,6,0,7,2011.25,2,3,0.389,0,4,3,0.0,0.077,5,23.75,6,6,6,0,7,-0.057,4,7,4,1,2,7,0.845,2,1.121,6,3,1,2,2,0,0,6,0.212,7,1
4,7,6,0,0.0,0,2,-0.28,3,6,3,0.0,1.043,7,0.0,2,1,2,0,1,0.359,2,6,3,0,7,6,1.065,2,1.563,0,6,7,5,7,5,3,7,0.082,3,0
1,5,0,1,0.0,5,2,-0.947,2,5,2,0.0,1.06,0,0.0,5,6,5,0,6,0.954,7,6,7,0,7,1,1.042,3,-1.715,1,1,0,0,2,5,7,3,-0.754,1,0
3,7,0,3,0.0,1,3,0.667,0,0,6,0.0,2.942,0,0.0,4,5,3,0,6,1.429,7,2,3,0,1,1,1.014,1,-2.257,4,5,6,3,3,5,7,1,0.203,5,0
7,2,4,0,0.0,4,7,-1.971,5,6,4,0.0,-1.722,2,0.0,3,3,1,0,1,-1.616,4,7,0,0,1,7,1.129,6,1.381,5,5,1,4,5,4,5,0,-1.53,5,0
0,7,6,1,0.0,5,2,-3.418,0,2,2,0.0,-6.59,7,0.0,6,1,0,0,4,-3.198,3,1,6,0,4,0,0.879,2,-3.507,6,7,7,1,5,5,0,3,-2.659,7,0
5,7,2,5,0.0,2,2,0.723,3,7,5,0.0,3.005,3,0.0,0,7,5,0,5,0.26,5,5,0,0,6,5,0.978,5,0.769,3,0,7,0,7,0,2,3,0.252,4,0
7,4,3,5,0.0,7,5,0.562,4,0,6,0.0,0.924,4,0.0,0,3,0,0,7,0.948,1,0,3,0,5,6,0.811,3,1.297,0,5,6,0,6,7,2,2,0.277,3,0
4,2,6,1,1556.49,0,4,0.043,1,0,3,0.0,0.248,0,0.0,1,5,6,0,3,2.873,0,2,6,1,1,5,1.322,2,1.817,0,2,5,2,2,0,0,2,0.518,5,1
3,5,0,6,0.0,3,5,0.802,5,5,4,0.0,0.467,7,0.0,6,7,1,0,6,-0.016,0,2,0,0,4,3,0.708,4,-0.79,5,0,2,5,7,2,3,7,0.358,0,0
6,3,0,7,0.0,5,6,-0.792,5,1,2,0.0,-1.369,0,0.0,2,0,0,0,0,-0.014,7,0,0,0,5,4,1.089,1,-0.902,3,1,6,5,3,0,6,6,0.452,4,0
5,2,2,4,0.0,7,2,-0.861,4,7,6,0.0,-2.018,7,0.0,0,3,5,0,3,0.986,6,0,1,0,4,1,1.225,4,0.578,1,3,6,4,4,6,6,2,-0.378,5,0
5,3,7,3,0.0,7,4,-0.744,3,4,3,0.0,0.072,2,0.0,5,7,7,0,7,0.058,4,7,0,0,1,3,1.06,6,1.733,3,2,6,5,7,5,3,2,-0.51,5,0
6,5,7,2,0.0,1,5,0.232,6,2,7,0.0,-2.66,4,0.0,6,7,4,0,5,0.871,2,1,2,0,0,1,1.052,6,0.192,4,0,3,1,1,2,5,3,0.518,2,0
2,2,7,0,0.0,7,2,0.536,5,4,4,0.0,1.396,4,0.0,2,1,7,0,1,1.231,6,2,1,0,3,5,0.761,7,0.016,0,6,0,1,4,3,7,5,0.938,2,0
5,5,4,0,0.0,4,6,0.605,0,5,7,0.0,2.092,5,0.0,2,6,6,0,3,-0.316,3,3,2,0,5,3,0.694,6,2.932,1,7,6,5,4,7,4,3,-0.034,5,0
4,7,5,4,0.0,3,3,-1.074,5,6,0,0.0,3.589,4,0.0,2,0,0,0,0,-2.979,3,7,5,0,1,0,1.125,1,-2.827,2,5,5,2,6,3,7,0,-0.522,7,0
6,6,6,7,0.0,5,5,0.64,3,6,2,619.99,-1.929,2,7.48,4,7,0,0,3,2.593,0,3,2,1,2,4,1.013,1,1.181,4,3,1,2,6,2,3,0,1.198,1,1
4,3,3,3,0.0,6,1,0.881,0,4,5,0.0,-1.066,3,0.0,1,6,5,0,6,-0.147,3,4,0,0,7,1,0.704,1,1.635,6,2,4,4,2,7,4,0,0.754,5,0
1,5,2,7,0.0,2,3,0.552,7,2,6,0.0,-1.722,2,0.0,3,1,4,0,2,-0.825,6,7,4,0,2,0,0.704,1,1.415,3,4,7,4,4,1,7,1,0.066,7,0
1,3,6,1,0.0,7,5,0.961,3,7,0,0.0,4.111,6,0.0,0,7,1,0,1,0.578,2,4,5,0,1,1,1.074,6,4.439,5,6,5,2,0,4,6,7,0.945,2,0
7,3,1,7,0.0,6,3,0.959,7,2,1,0.0,0.28,0,0.0,0,4,6,0,7,-0.926,2,0,1,1,2,0,1.123,1,-0.153,6,2,7,0,3,6,3,1,0.653,4,1
3,4,6,4,0.0,2,4,-1.154,0,2,7,0.0,3.183,1,0.0,1,4,4,0,7,-0.438,7,1,6,0,2,6,0.896,0,2.198,6,6,1,2,2,4,5,4,-0.619,4,0
0,1,3,2,0.0,1,4,1.354,5,6,7,0.0,0.356,3,0.0,7,0,7,0,2,-1.333,1,7,3,0,2,6,1.458,4,0.947,2,1,1,2,6,7,0,7,0.191,2,0
7,3,2,1,0.0,0,4,-2.411,5,7,2,0.0,-1.656,3,0.0,2,4,2,0,3,-1.801,4,7,5,0,2,4,1.357,5,-4.131,7,3,6,0,7,6,2,6,-1.248,6,0
0,6,1,7,0.0,2,2,-0.039,0,4,6,0.0,-1.271,2,0.0,3,5,0,0,4,-0.557,6,6,6,0,5,1,1.016,7,1.341,2,2,7,1,6,5,0,2,-0.276,3,0
1,5,4,2,0.0,0,6,-0.438,4,7,2,0.0,-1.229,3,0.0,3,6,4,0,4,-0.467,2,5,7,0,6,3,1.043,1,-1.425,4,3,5,2,4,1,1,6,-0.547,3,0
5,6,7,0,0.0,4,4,0.339,6,5,5,0.0,4.007,4,0.0,4,7,6,0,0,0.34,4,1,7,0,7,1,0.978,7,1.129,5,2,1,3,7,5,0,2,-0.077,2,0
1,4,1,4,0.0,0,4,-0.242,1,6,2,0.0,-1.602,4,0.0,2,4,6,0,6,-0.901,0,6,3,0,5,7,0.927,0,-1.038,3,2,7,7,1,0,2,2,-0.631,4,0
3,6,7,7,0.0,6,5,-1.236,2,4,3,0.0,-3.858,3,0.0,6,2,4,0,7,-1.771,7,3,1,0,4,3,0.842,5,-0.929,6,5,6,0,7,6,2,3,-0.034,1,0
7,3,5,7,105.96,0,0,0.649,3,6,2,0.0,-5.099,1,0.0,6,6,2,0,1,0.992,5,5,5,1,0,3,1.411,0,-0.177,2,7,0,5,0,3,2,2,1.144,2,1
7,5,4,1,0.0,7,6,-0.693,0,3,5,0.0,1.774,4,0.0,6,7,1,0,1,-1.402,5,6,2,0,7,0,1.386,5,-2.506,1,1,4,7,4,2,6,5,-0.608,1,0
6,7,0,5,0.0,0,6,-0.626,7,2,5,0.0,-1.703,5,0.0,4,4,6,0,7,0.864,5,3,7,0,1,3,1.237,2,-1.625,6,1,4,5,7,5,6,2,-0.356,2,0
1,5,7,0,0.0,5,2,0.177,5,3,2,0.0,-2.657,7,0.0,5,0,6,0,6,-1.518,2,6,7,0,5,7,1.07,6,-1.541,7,3,0,6,4,3,0,5,-0.114,1,0
5,4,1,5,0.0,2,5,-1.403,1,2,2,0.0,-0.163,6,0.0,0,6,3,0,4,-2.16,5,1,5,0,4,3,0.901,0,-1.079,6,3,1,2,5,1,0,3,-1.526,2,0
5,3,6,1,0.0,1,4,0.285,2,6,0,0.0,-1.765,7,0.0,6,6,7,0,0,0.609,2,7,5,0,2,1,1.052,6,0.934,0,7,4,1,6,6,4,3,-0.114,6,0
3,4,4,2,0.0,0,1,0.425,6,4,5,0.0,7.251,5,0.0,4,3,1,0,6,2.088,5,2,4,0,3,5,0.648,6,-0.692,7,6,7,0,4,2,0,6,0.388,4,0
5,5,3,2,0.0,7,0,0.36,1,0,1,0.0,2.088,1,0.0,7,7,2,0,4,0.039,3,3,0,0,3,6,0.986,0,-1.037,4,6,0,5,4,3,1,4,0.391,3,0
0,7,6,4,0.0,4,2,-0.392,4,6,0,0.0,2.049,1,0.0,0,7,6,0,2,-0.008,6,2,6,0,1,2,1.13,1,-0.724,2,2,5,1,1,3,1,4,0.86,1,0
2,1,6,1,1797.67,7,2,0.456,3,5,3,0.0,-1.011,1,19.53,6,0,1,0,6,1.176,3,7,0,1,0,2,0.907,4,1.575,1,0,0,1,5,5,0,5,0.657,0,1
2,7,6,6,0.0,7,2,-0.96,3,1,6,0.0,-3.108,1,0.0,6,6,5,0,2,-0.632,4,0,4,0,1,0,1.004,1,-0.736,7,7,5,6,7,7,0,0,-1.347,3,0
0,3,7,7,0.0,4,3,0.238,1,7,5,0.0,0.865,5,0.0,7,5,1,0,0,-0.181,3,1,5,0,4,5,0.907,5,-1.032,1,3,6,6,2,3,5,2,0.756,5,0
0,1,2,6,0.0,4,7,0.944,6,1,5,0.0,-0.35,2,0.0,4,4,0,0,0,1.932,2,7,7,0,3,4,1.112,6,3.096,1,5,7,2,3,0,4,3,0.708,6,0
5,0,5,6,0.0,3,7,0.217,0,7,4,0.0,3.611,0,0.0,5,5,5,0,1,0.484,2,7,7,0,2,0,0.931,5,0.949,3,4,0,2,7,5,0,2,0.42,6,0
7,0,2,3,83.96,3,0,0.297,0,7,0,0.0,-0.347,2,16.21,5,5,4,0,1,-0.272,0,1,0,1,0,7,1.176,3,-1.186,0,7,0,2,0,0,4,7,0.802,4,1
3,4,3,1,0.0,4,6,-1.203,5,0,6,0.0,-4.999,6,0.0,5,2,6,0,6,-1.361,1,5,7,0,5,0,1.109,2,1.396,1,5,5,1,2,0,3,6,-0.928,4,0
1,1,4,6,0.0,4,2,0.002,3,1,3,0.0,-2.642,2,0.0,1,6,6,0,3,-0.569,6,2,7,0,3,4,1.237,1,-2.444,3,5,0,4,2,6,0,7,-1.156,6,0
7,7,7,3,0.0,3,2,-1.436,1,3,3,0.0,-5.644,6,0.0,5,4,7,0,4,-2.513,4,6,3,0,5,1,1.173,4,-1.222,1,3,3,2,1,7,1,4,-2.252,1,0
4,2,0,2,0.0,4,6,-1.437,4,5,3,0.0,-6.264,0,0.0,0,4,1,0,3,-1.755,6,2,1,0,6,4,0.784,0,-0.98,3,2,0,4,2,4,3,5,-1.638,4,0
7,0,1,4,682.97,4,3,0.007,4,5,3,0.0,4.014,1,0.0,3,5,5,0,3,-0.268,7,3,0,1,7,6,1.4,5,1.631,2,0,2,2,5,4,2,4,0.696,3,1
6,1,4,0,0.0,0,6,0.027,5,7,5,0.0,-1.877,0,0.0,1,7,6,0,1,-2.596,1,1,4,0,3,2,0.94,7,-0.672,1,5,2,6,5,1,7,6,-0.319,0,0
7,2,7,2,0.0,6,7,0.286,5,0,5,0.0,1.536,1,0.0,0,3,2,0,5,-2.018,2,2,6,0,7,7,1.23,5,0.717,6,2,6,3,5,4,4,3,0.038,6,0
2,2,0,3,0.0,0,5,0.215,4,4,7,0.0,-0.225,7,0.0,0,7,0,0,4,-0.982,1,1,0,0,5,0,0.901,6,2.039,0,5,6,2,2,4,1,2,0.333,6,0
4,0,0,1,0.0,5,4,0.942,7,3,5,0.0,0.356,0,0.0,0,0,3,0,4,-0.808,3,4,3,0,6,2,1.266,2,-1.615,3,1,1,6,7,5,5,1,0.115,4,0
5,5,3,5,0.0,2,1,0.619,3,6,3,0.0,1.794,1,0.0,3,2,2,0,0,0.44,0,5,1,0,4,5,0.969,1,-0.873,5,1,5,5,7,0,1,3,0.038,7,0
7,0,1,5,0.0,4,0,-0.14,3,6,5,0.0,2.866,4,0.0,7,5,3,0,7,0.242,1,2,3,0,4,7,0.899,4,0.946,3,2,4,2,2,5,0,6,-0.38,5,0
4,0,6,2,0.0,5,1,0.624,2,1,3,0.0,-2.746,7,0.0,6,0,0,0,0,-0.846,6,0,6,0,1,0,1.378,1,2.443,4,5,7,2,1,6,5,6,-0.116,7,0
6,1,2,0,0.0,3,7,0.65,7,2,5,0.0,-1.055,3,0.0,3,4,4,0,4,-1.723,3,4,4,0,3,1,0.893,3,-1.642,4,7,4,7,5,6,0,1,-0.603,4,0
6,2,5,2,0.0,4,3,-0.135,5,3,4,0.0,-4.735,2,0.0,3,7,7,0,1,-0.025,6,4,6,0,7,2,1.008,7,1.832,1,7,6,6,7,1,6,1,0.563,4,0
2,2,3,7,0.0,3,7,1.291,7,0,2,0.0,2.514,7,0.0,2,5,6,0,7,0.663,5,1,0,0,4,5,0.868,1,1.413,3,3,0,6,4,1,5,7,0.482,0,0
6,5,1,1,1501.21,7,6,2.15,4,0,2,0.0,0.875,1,0.0,5,5,5,1,3,1.332,2,7,6,1,5,4,1.25,5,1.456,0,3,0,0,0,6,5,2,1.666,7,1
0,6,0,1,0.0,2,6,-0.691,0,0,2,0.0,0.828,2,0.0,3,1,4,0,0,0.591,4,7,0,0,2,1,0.844,5,-1.565,5,0,3,5,3,5,6,3,0.11,6,0
6,1,1,6,0.0,2,4,1.361,7,0,3,0.0,-2.154,5,0.0,7,2,1,0,2,-2.045,2,7,1,0,3,2,1.279,4,-1.474,0,4,5,2,5,1,2,5,-0.165,0,0
4,6,4,5,0.0,5,0,-0.759,0,1,5,0.0,-6.744,3,0.0,4,7,5,0,5,-0.479,7,1,4,0,3,3,0.79,6,-2.993,7,0,4,1,6,6,0,6,-0.785,3,0
4,5,0,6,0.0,0,4,-1.19,7,7,2,0.0,-2.284,1,0.0,1,3,3,0,3,-3.364,0,1,5,0,3,1,0.817,2,-1.033,1,1,7,2,3,6,1,5,-1.531,1,0
3,7,6,5,0.0,0,2,1.371,3,3,1,0.0,6.003,0,0.0,1,4,7,0,2,0.466,6,6,7,0,4,4,0.981,3,1.169,6,0,7,1,0,6,7,7,0.166,0,0
6,7,4,5,1594.23,4,7,1.346,1,2,2,0.0,2.988,1,0.0,0,2,4,1,0,2.885,1,3,3,1,6,7,1.232,0,0.179,3,3,6,4,4,6,6,0,1.126,2,1
7,4,6,7,0.0,7,0,0.36,4,4,2,0.0,1.664,5,0.0,3,5,3,0,1,0.116,6,0,6,0,3,1,0.838,1,-0.1,7,6,7,5,4,4,3,4,-0.182,2,0
7,6,6,6,0.0,1,0,-0.783,0,7,2,0.0,-3.581,7,0.0,2,2,7,0,6,-2.802,4,4,0,0,5,5,1.518,7,-2.181,2,0,5,0,6,6,0,5,-2.131,5,0
5,6,1,6,0.0,2,5,-0.715,3,2,3,0.0,-2.812,7,0.0,0,1,2,0,6,-1.371,5,6,7,0,4,4,1.092,6,1.823,2,6,6,4,4,6,1,0,-0.651,0,0
3,7,2,4,438.24,6,3,0.787,1,4,1,0.0,0.927,2,0.0,5,5,6,1,5,1.076,5,4,7,0,3,5,1.071,2,3.742,5,3,4,2,0,5,2,0,-0.085,6,1
4,0,6,3,332.26,2,3,0.407,6,4,1,0.0,3.215,1,0.0,3,1,0,1,4,2.414,7,2,3,1,4,5,1.035,0,2.856,2,0,7,0,0,7,1,1,0.559,4,1
7,7,3,1,0.0,2,6,-0.817,2,5,3,0.0,-3.283,5,0.0,4,3,0,0,3,-0.821,4,3,3,0,1,6,0.642,5,1.259,6,3,6,4,3,7,1,1,-1.251,0,0
2,2,0,5,0.0,3,4,0.388,6,2,1,0.0,2.669,7,0.0,4,0,6,0,3,0.295,4,4,1,0,1,6,1.214,4,-0.926,4,6,5,0,3,6,6,2,0.112,5,0
6,4,5,0,0.0,7,7,-0.499,2,4,4,0.0,3.168,3,0.0,1,0,3,0,1,-1.161,5,1,2,0,4,2,1.252,2,-1.221,2,1,4,4,3,2,4,3,-0.22,3,0
5,0,1,6,0.0,7,5,-0.843,0,6,1,0.0,-2.242,1,0.0,1,2,7,0,1,-0.427,4,5,5,0,0,6,1.227,0,-1.1,0,7,6,3,2,2,0,6,-0.721,1,0
7,2,2,4,0.0,3,3,0.284,3,2,0,0.0,-3.836,1,0.0,5,1,2,0,2,-1.221,1,2,5,0,4,5,1.026,6,-0.325,0,1,7,5,4,5,2,5,0.1,4,0
6,3,6,0,0.0,5,2,1.774,5,0,5,0.0,1.116,4,0.0,2,7,0,1,6,-0.149,5,4,7,0,6,4,1.454,4,0.82,1,6,0,1,7,0,5,2,0.953,0,1
3,6,4,6,210.42,4,6,0.831,0,3,5,0.0,1.562,5,0.0,6,6,1,1,5,1.225,0,3,3,0,0,1,1.18,3,1.411,3,4,5,1,2,2,7,7,1.489,5,1
5,0,7,3,0.0,1,7,-0.669,2,0,7,0.0,-2.215,1,0.0,6,7,0,0,7,1.64,1,3,5,0,0,1,0.992,5,1.906,4,0,5,7,3,6,2,5,0.157,5,0
5,1,0,7,0.0,4,2,-0.584,3,6,4,0.0,-1.869,7,0.0,5,4,7,0,3,0.259,5,2,5,0,4,1,0.964,5,-2.133,4,7,3,3,7,7,3,7,-0.138,6,0
3,5,6,4,0.0,4,3,-0.11,4,0,4,0.0,-1.108,3,0.0,0,6,0,0,5,-0.267,7,3,5,0,3,1,1.19,7,0.849,6,2,3,7,3,2,4,5,-0.646,5,0
4,7,7,5,0.0,7,1,-0.224,6,4,0,0.0,-0.075,4,0.0,0,1,4,0,2,1.581,0,7,7,0,0,5,0.78,6,-0.445,5,7,6,1,2,0,5,7,0.282,0,0
4,2,0,6,0.0,3,5,-0.239,5,3,5,0.0,-1.674,6,0.0,4,4,0,0,4,-1.804,1,2,6,0,4,5,1.173,6,-0.718,6,0,4,6,0,4,0,6,-0.273,1,0
0,0,1,2,1408.23,7,7,1.732,3,7,6,0.0,0.326,3,0.0,2,1,2,1,5,0.777,7,3,7,1,2,7,1.122,0,1.755,4,3,6,6,5,5,5,7,1.161,6,1
2,4,1,6,0.0,6,5,-0.307,5,2,0,0.0,-5.462,3,0.0,0,5,1,0,6,-1.047,6,4,1,0,1,1,0.988,3,1.037,4,3,3,5,1,7,3,0,0.63,2,0
2,1,7,7,1945.4,0,3,0.414,7,3,1,0.0,2.298,2,0.0,3,4,3,1,7,0.833,5,0,2,0,1,3,1.653,6,1.263,2,1,7,3,0,3,7,2,0.772,5,1
3,7,4,2,0.0,5,7,-2.242,2,3,2,0.0,-0.33,2,0.0,2,4,1,0,0,-1.775,1,2,5,0,0,3,1.089,6,-3.065,6,4,5,7,3,2,4,1,-1.857,2,0
6,1,1,6,0.0,1,2,-1.017,0,6,7,0.0,1.918,5,0.0,7,7,7,0,7,-0.891,2,4,6,0,1,7,1.281,0,1.789,2,0,4,6,5,4,2,3,0.021,3,0
6,7,7,6,0.0,3,1,-1.204,4,5,5,0.0,-4.944,3,0.0,2,4,3,0,4,0.072,7,4,0,0,3,6,1.146,0,-1.25,6,6,2,2,5,7,0,1,-0.637,5,0
0,7,0,2,0.0,2,2,-1.054,7,0,7,0.0,1.991,2,0.0,3,3,5,0,7,-0.896,1,5,2,0,0,7,0.955,6,-1.429,5,0,1,0,4,5,5,0,-1.232,0,0
1,6,1,0,817.9,3,4,2.681,3,6,4,0.0,1.482,0,9.93,2,2,3,1,5,3.017,0,3,0,1,4,6,1.378,1,1.376,0,5,3,1,5,4,6,7,2.694,5,1
4,5,7,5,0.0,7,3,-0.509,3,4,4,0.0,-2.783,5,0.0,4,5,1,0,3,-1.801,5,1,6,0,6,2,0.982,7,0.062,0,6,4,2,7,0,4,6,-0.971,2,0
3,4,2,3,0.0,4,2,-0.451,2,3,0,0.0,0.015,0,0.0,6,2,0,0,6,2.199,4,1,5,0,6,2,1.129,6,0.758,6,1,4,4,6,7,7,4,-0.172,4,0
2,4,2,2,0.0,0,3,-1.487,1,3,2,0.0,-1.771,2,0.0,4,1,1,0,7,-0.579,4,6,4,0,3,2,1.05,4,-0.686,0,3,3,6,3,2,6,2,-0.839,3,0
0,5,6,7,0.0,5,0,-0.196,3,1,1,0.0,-5.908,4,0.0,5,3,1,0,4,-1.518,2,2,0,0,1,7,0.797,5,-3.189,2,4,5,2,2,2,4,2,-0.214,6,0
1,1,7,2,0.0,5,2,0.14,3,6,1,0.0,1.573,3,0.0,3,5,3,0,6,1.479,0,7,4,0,1,7,0.852,2,-0.556,0,3,4,4,5,0,3,5,-0.307,5,0
1,1,6,7,0.0,6,5,-0.933,1,6,2,0.0,0.059,2,0.0,1,1,2,0,6,0.694,5,5,7,0,0,7,0.852,2,0.118,0,2,0,7,5,7,4,1,-1.153,1,0
5,7,7,3,0.0,3,3,0.597,2,3,4,0.0,-0.952,0,0.0,4,5,1,0,7,-0.067,7,3,6,0,5,3,0.505,1,-2.215,2,6,1,4,2,6,4,5,-0.3,5,0
2,5,3,2,1180.12,3,6,0.818,0,7,2,0.0,-0.799,4,12.5,0,3,5,0,4,-0.031,3,6,7,1,2,4,1.606,0,-0.609,1,2,2,3,6,6,1,1,0.531,4,1
3,7,7,2,0.0,5,7,-0.501,3,6,0,0.0,-3.652,6,0.0,5,4,3,0,5,0.228,5,0,4,0,5,4,0.95,4,-2.522,0,6,0,1,1,5,2,5,-0.929,3,0
4,0,1,5,0.0,1,4,-1.114,2,5,1,0.0,-5.33,7,0.0,4,6,5,0,6,-0.447,1,3,4,0,6,1,0.916,5,-0.104,1,3,3,5,3,3,1,3,-0.69,6,0
5,3,3,7,0.0,6,4,0.49,3,7,5,0.0,-0.765,3,0.0,7,1,0,0,3,-0.734,0,0,7,0,6,3,0.856,3,1.056,3,7,5,7,3,7,3,4,0.589,5,0
7,4,2,2,0.0,4,1,-0.713,1,6,1,0.0,3.679,3,0.0,2,2,6,0,5,-2.076,7,6,5,0,3,6,1.123,3,-0.295,3,7,6,4,1,2,3,6,-0.882,6,0
3,4,2,2,0.0,0,6,-0.989,3,1,3,0.0,-0.082,4,0.0,2,7,5,0,7,-2.044,2,1,0,0,0,6,1.207,2,-1.475,2,7,0,3,2,0,4,2,-1.313,6,0
5,5,1,4,364.39,0,3,1.494,1,4,7,0.0,-4.185,1,20.36,4,5,1,0,3,3.23,2,3,6,1,5,6,1.105,7,2.013,1,3,5,6,4,3,5,5,1.118,7,1
5,3,0,0,0.0,7,1,-0.783,0,5,0,0.0,1.161,3,0.0,2,6,3,0,3,-2.025,2,1,7,0,6,1,0.938,4,-6.076,3,4,3,4,0,5,7,2,-1.688,5,0
5,4,6,6,0.0,0,5,-1.201,6,1,5,0.0,-1.531,2,0.0,6,2,0,0,5,-1.954,0,4,6,0,7,7,0.992,2,-3.13,6,1,3,5,0,7,4,5,-1.655,7,0
1,0,7,2,0.0,2,3,-0.534,1,2,7,0.0,0.433,1,0.0,4,2,1,0,7,-1.225,2,7,1,0,4,3,1.336,4,1.538,4,4,1,2,1,0,7,3,-0.102,2,0
7,1,1,7,0.0,7,0,1.199,5,1,5,0.0,-1.016,5,0.0,4,6,1,0,3,1.993,5,6,1,0,2,5,1.312,3,-1.929,0,7,4,3,0,7,0,4,0.432,7,0
7,4,3,6,0.0,0,0,-0.639,3,2,3,0.0,0.475,5,0.0,0,5,4,0,1,0.205,6,2,1,0,4,6,0.994,3,-1.688,2,1,4,1,7,0,2,4,-1.746,3,0
6,3,7,5,0.0,3,2,-1.368,2,0,2,0.0,-3.214,0,0.0,6,7,6,0,6,-0.498,6,1,4,0,5,5,0.984,5,-3.051,2,2,7,5,0,2,7,0,-0.568,3,0
0,5,3,3,1991.98,2,4,-0.483,7,4,6,0.0,2.876,5,0.0,6,1,2,0,0,-0.333,6,6,2,1,0,7,1.197,2,2.078,7,5,7,7,5,3,2,0,0.657,1,1
0,0,5,4,0.0,3,3,1.23,1,5,3,0.0,-1.494,5,0.0,2,6,6,0,6,2.84,3,7,6,0,7,6,1.164,0,1.981,4,2,0,5,3,7,6,6,0.95,7,0
0,1,3,0,1409.29,2,6,0.543,2,2,2,0.0,4.067,7,5.5,5,7,2,0,5,-1.028,3,6,1,1,7,7,1.169,2,4.776,4,5,5,3,4,3,5,6,1.06,3,1
6,1,3,5,368.94,4,3,0.392,4,2,4,0.0,1.119,1,0.0,0,4,1,0,6,0.42,4,4,6,1,0,5,1.794,7,0.157,0,2,3,1,6,1,0,0,0.731,7,1
5,6,6,5,0.0,6,0,1.47,6,1,2,267.83,0.56,1,5.43,5,5,1,0,6,2.697,7,2,6,1,0,4,1.251,7,2.578,5,6,0,3,0,6,3,7,1.3,2,1
7,7,4,2,0.0,4,7,0.156,5,2,2,0.0,-9.339,3,0.0,4,2,5,0,6,-1.949,7,1,6,0,0,2,0.87,5,-3.29,4,1,4,5,4,6,1,2,-0.712,6,0
1,1,6,1,0.0,3,5,-1.253,6,4,0,0.0,-3.391,3,0.0,6,2,3,0,6,-0.112,7,4,1,0,3,4,0.518,3,1.154,0,5,6,2,1,5,6,4,-0.512,7,0
4,0,0,7,0.0,4,3,0.17,5,3,6,0.0,-1.973,3,0.0,3,5,4,0,7,-1.043,4,3,5,0,4,1,0.876,6,-1.41,3,1,2,1,1,2,1,0,0.068,2,0
5,4,4,2,1859.23,3,0,0.935,3,6,5,0.0,1.54,7,10.68,3,4,4,0,7,-0.89,0,1,2,1,3,5,1.143,2,1.202,2,5,7,3,0,6,5,0,0.316,4,1
5,7,3,3,0.0,6,2,-0.347,3,2,6,0.0,1.9,0,0.0,6,3,6,0,5,0.646,1,0,4,0,2,3,0.806,3,-2.619,7,5,2,7,3,7,0,5,-0.281,1,0
6,4,5,3,102.45,3,4,1.771,6,3,5,0.0,4.92,1,0.0,0,2,0,1,4,3.544,5,6,7,0,5,4,0.954,1,1.214,3,1,3,0,3,2,4,6,1.726,2,1
0,2,3,6,0.0,2,4,-1.172,7,7,0,0.0,0.828,2,0.0,1,3,0,0,6,-0.258,6,3,6,0,6,1,0.602,5,2.12,6,2,6,3,6,1,2,6,-0.389,0,0
3,2,1,1,0.0,0,2,0.206,6,4,4,0.0,1.511,2,0.0,4,2,0,0,6,-1.359,0,3,3,0,3,3,1.119,4,0.618,3,5,5,0,3,7,3,4,0.321,1,0
1,4,3,6,0.0,0,0,-0.988,6,5,3,0.0,-0.266,3,0.0,2,4,5,0,4,-3.251,6,1,1,0,5,7,1.093,6,0.551,4,5,0,3,5,1,5,5,-1.414,7,0
6,5,0,5,526.7,0,7,1.377,5,2,6,0.0,4.216,6,0.0,2,0,4,0,0,-0.844,3,2,6,1,2,7,1.405,0,4.456,5,1,7,4,5,3,3,2,0.77,5,1
6,3,6,1,0.0,3,0,0.006,2,2,2,0.0,-0.922,1,0.0,4,6,5,0,7,0.016,7,4,3,0,0,2,0.891,3,-1.004,7,3,0,1,7,7,2,6,-0.02,2,0
4,5,4,4,0.0,3,1,-1.284,1,7,1,0.0,0.033,1,0.0,4,2,6,0,4,-1.639,0,1,5,0,0,5,1.236,1,0.324,1,2,5,4,4,0,7,5,-0.673,0,0
4,4,4,2,0.0,1,0,-1.026,4,7,4,0.0,-1.427,7,0.0,5,0,1,0,5,-0.604,6,3,7,0,0,0,1.083,7,-0.621,4,0,5,3,1,7,4,3,-0.901,4,0
7,6,1,6,0.0,5,5,0.707,5,2,5,0.0,0.3,0,0.0,1,5,6,0,1,-1.551,2,4,0,0,0,0,0.827,3,0.527,1,1,4,5,3,0,3,6,-0.291,5,0
3,2,4,3,0.0,3,3,-1.357,7,7,0,0.0,-0.32,1,0.0,5,3,4,0,0,-0.336,2,7,7,0,2,6,1.202,4,0.179,4,1,6,6,1,4,3,5,-0.685,4,0
1,2,1,5,0.0,3,6,-0.597,4,0,3,0.0,-2.79,1,0.0,0,0,3,0,4,-0.287,1,7,4,0,5,4,1.568,1,1.14,5,5,1,3,4,7,5,7,-0.362,3,0
4,2,0,0,0.0,1,1,-2.305,4,0,1,0.0,-2.648,2,0.0,4,5,4,0,3,-1.379,3,7,5,0,3,3,1.109,1,-1.946,6,5,0,1,4,1,7,0,-1.462,2,0
3,4,0,0,0.0,2,1,0.925,6,2,1,0.0,1.437,2,0.0,6,5,0,0,0,0.45,7,7,3,0,2,7,1.096,2,0.431,7,2,1,5,5,2,7,0,0.506,3,0
5,6,4,6,0.0,3,7,0.147,4,3,3,0.0,0.208,6,0.0,3,7,4,0,5,2.014,3,1,4,0,3,0,1.202,4,-1.989,1,6,3,2,2,1,4,7,-0.495,2,0
5,5,5,6,0.0,1,0,2.425,2,3,4,0.0,2.4,6,0.0,1,0,1,1,3,1.604,3,0,1,1,5,1,1.252,5,2.933,3,7,2,0,7,5,4,6,1.829,6,1
6,4,1,7,0.0,6,7,-1.741,5,3,4,0.0,-1.053,3,0.0,6,6,6,0,3,-2.149,4,7,2,0,0,4,1.036,7,-2.18,5,6,3,6,4,4,5,5,-1.792,6,0
4,6,2,3,0.0,2,3,-0.549,4,6,1,0.0,-3.506,2,0.0,0,7,5,0,7,0.656,7,3,0,0,2,6,1.284,2,-0.159,1,6,3,5,4,4,2,4,-0.478,1,0
2,5,2,1,0.0,3,3,-0.752,2,4,0,0.0,-2.977,7,0.0,3,2,7,0,4,-0.165,3,5,4,0,0,5,1.034,7,-0.945,4,1,1,0,2,5,1,1,-0.799,4,0
7,1,4,3,0.0,3,6,-0.958,4,2,2,0.0,-0.056,3,0.0,7,1,1,0,4,-1.462,4,6,7,0,7,1,0.877,1,-1.101,3,3,2,7,0,2,7,4,-1.097,5,0
1,3,0,4,0.0,5,7,-0.111,4,1,5,0.0,-1.768,5,0.0,0,5,3,0,1,-0.963,2,3,0,0,2,0,1.032,4,-1.508,4,4,4,6,3,6,1,2,-0.254,5,0
0,2,0,0,0.0,5,7,-0.174,0,4,1,0.0,-1.504,7,0.0,5,6,5,0,5,0.216,4,7,1,0,6,3,0.97,2,-0.821,4,6,4,1,6,6,0,2,-0.561,6,0
7,3,7,1,0.0,1,2,-0.873,5,2,5,0.0,2.355,6,0.0,3,2,7,0,5,-1.648,7,6,6,0,3,4,1.05,0,0.686,0,1,7,7,2,6,4,6,0.711,6,0
7,3,6,0,0.0,7,5,-0.428,7,1,2,0.0,4.626,7,0.0,2,1,4,0,7,-0.07,0,2,4,0,5,6,0.861,1,1.731,7,6,5,4,7,7,0,0,-0.543,1,0
5,6,5,5,0.0,2,7,0.477,2,5,6,0.0,-1.098,6,0.0,7,6,0,0,0,-2.671,5,7,3,0,1,3,1.273,3,0.084,5,3,0,2,0,2,7,4,0.175,3,0
0,1,5,6,0.0,4,6,-0.141,2,6,6,0.0,2.255,5,0.0,6,7,1,0,0,1.426,5,4,3,0,2,0,0.85,5,0.459,3,0,5,5,2,3,7,0,0.054,7,0
0,7,2,2,0.0,2,3,-1.153,6,3,6,0.0,-1.582,1,0.0,3,2,4,0,0,-1.818,3,7,7,0,2,3,1.053,1,0.706,5,2,1,5,5,3,2,6,-0.77,6,0
7,5,6,5,0.0,1,2,-0.109,0,4,7,0.0,0.851,6,0.0,7,3,1,0,4,-1.275,6,1,3,0,0,1,0.343,1,0.253,1,2,3,7,5,4,3,2,0.4,1,0
4,0,3,1,0.0,7,5,-0.047,4,0,1,0.0,-0.33,4,0.0,0,6,4,0,0,0.909,4,6,7,0,3,0,1.009,7,-0.155,6,5,4,0,4,4,0,2,-0.453,6,0
4,0,6,2,0.0,2,6,0.283,7,1,0,0.0,3.352,1,0.0,3,3,0,0,2,-0.251,7,7,7,0,3,1,1.053,5,-2.141,2,2,1,5,4,4,7,4,0.034,0,0
7,2,6,1,0.0,3,5,-0.035,4,1,5,0.0,3.493,7,0.0,5,0,2,0,3,0.707,0,4,1,0,3,6,0.674,2,0.961,3,6,6,3,0,4,5,4,0.063,3,0
7,5,3,0,0.0,0,3,-0.366,0,7,1,0.0,0.268,2,0.0,1,4,1,0,0,1.087,5,4,1,0,4,1,0.79,1,2.596,6,2,2,3,2,6,2,5,-0.688,4,0
0,7,1,4,438.01,7,6,0.411,4,2,1,0.0,-0.489,4,0.0,3,6,6,0,5,2.461,4,2,0,1,0,5,0.948,1,1.402,2,0,1,5,5,7,3,7,1.008,0,1
7,6,7,2,0.0,2,3,-0.161,1,4,7,0.0,0.646,1,0.0,1,5,0,0,2,-0.452,2,7,2,0,2,0,0.989,0,2.805,7,2,3,5,6,1,6,2,0.608,6,0
1,1,4,4,0.0,5,3,-1.148,1,2,3,0.0,-1.878,2,0.0,2,0,2,0,3,-1.76,6,0,6,0,3,7,1.051,5,-2.312,0,2,7,1,2,5,5,5,-0.096,7,0
7,4,1,3,0.0,5,6,0.491,4,7,3,0.0,-0.608,1,0.0,3,5,7,0,7,0.062,2,5,2,0,6,1,1.033,2,-0.521,7,6,4,1,2,1,3,2,0.824,0,0
1,5,0,7,0.0,0,5,1.402,5,3,7,0.0,3.858,7,0.0,1,3,2,0,7,-0.228,7,2,3,0,7,7,0.754,5,1.667,4,6,2,1,6,3,3,5,1.113,5,0
4,6,0,1,0.0,4,6,-0.759,3,3,7,0.0,-3.056,2,0.0,3,0,1,0,1,0.512,3,6,4,0,2,3,0.944,6,0.32,4,0,1,2,3,5,5,1,-0.444,7,0
1,0,5,3,0.0,6,7,-0.007,0,0,1,0.0,2.192,3,15.64,6,0,1,1,1,1.413,0,0,0,0,2,2,1.296,4,4.377,0,7,3,3,1,0,6,2,1.185,4,1
4,2,3,5,0.0,3,1,-0.244,3,3,4,0.0,-0.779,5,0.0,2,7,6,0,2,0.16,5,5,3,0,3,5,1.241,3,0.327,6,2,4,3,0,7,3,1,0.155,5,0
0,7,4,6,0.0,6,1,0.823,4,7,6,0.0,-0.073,4,0.0,7,6,5,0,5,0.748,7,2,6,0,2,0,0.949,1,0.423,2,5,0,6,1,5,2,6,1.242,3,0
3,7,2,3,0.0,4,6,1.743,3,6,2,0.0,3.1,1,0.0,1,2,7,1,3,3.405,5,2,2,1,5,2,1.077,2,0.834,6,3,7,0,6,5,3,1,1.621,6,1
3,7,2,2,0.0,1,7,1.118,4,5,0,0.0,-0.765,7,0.0,4,5,1,0,0,0.145,5,4,3,0,0,5,1.243,1,3.021,7,5,4,0,3,6,2,3,0.589,1,0
6,0,2,5,0.0,2,4,-1.203,4,1,3,0.0,2.737,4,0.0,1,2,3,0,6,-0.484,1,4,7,0,1,0,0.962,0,-2.163,6,3,0,2,3,3,3,4,-0.638,4,0
3,2,2,6,0.0,3,0,0.251,2,1,3,0.0,0.761,7,0.0,6,1,3,0,4,-0.28,5,6,4,0,3,5,1.119,0,0.535,6,6,3,3,3,5,5,0,-0.199,6,0
7,4,3,3,0.0,1,6,0.871,0,5,3,0.0,2.986,3,0.0,4,4,1,0,2,0.26,4,0,1,0,4,4,0.79,3,1.776,2,5,5,4,2,5,1,5,0.57,4,0
6,5,7,7,0.0,6,0,-1.289,4,2,5,0.0,-3.066,2,0.0,1,1,2,0,5,-0.759,2,1,0,0,4,0,0.939,2,0.315,2,6,1,3,2,5,5,0,-1.225,4,0
0,5,6,0,1804.79,5,7,1.612,7,2,6,0.0,0.129,5,0.0,0,0,1,1,1,2.293,5,7,6,1,2,5,1.265,4,-3.61,2,1,5,3,0,4,7,1,1.2,4,1
5,6,1,7,1572.53,2,6,1.713,6,4,2,0.0,-2.342,1,0.0,6,1,2,1,2,2.079,7,6,7,1,7,7,1.322,5,-1.993,0,6,2,7,6,2,6,6,1.748,3,1
2,4,7,6,0.0,0,0,-1.076,6,6,6,0.0,-1.007,1,0.0,7,4,5,0,7,-2.515,7,2,1,0,7,6,0.915,4,-0.034,3,3,1,5,3,6,6,0,-0.685,3,0
0,2,1,3,650.87,2,2,1.524,1,6,5,0.0,-1.403,3,0.0,3,3,3,1,4,1.114,4,6,7,1,1,2,1.165,1,3.444,2,4,3,6,1,5,1,5,2.079,6,1
6,4,7,7,0.0,2,0,0.342,1,4,1,0.0,-1.584,7,0.0,6,5,7,0,6,-1.176,1,2,5,0,2,1,1.121,1,-2.24,6,0,2,7,6,6,0,1,-0.938,3,0
5,1,6,7,0.0,2,3,-0.91,7,1,6,0.0,-0.637,5,0.0,1,1,0,0,7,-4.513,7,1,5,0,6,3,1.297,4,-3.41,3,3,2,4,3,3,1,1,-2.128,3,0
2,0,0,0,0.0,6,1,0.064,1,3,5,0.0,-0.634,3,0.0,2,0,7,0,4,1.487,2,0,5,0,2,0,1.069,5,-0.421,2,5,3,6,2,3,0,3,-0.161,5,0
0,4,7,0,1681.61,7,6,2.069,0,7,0,0.0,-1.421,3,12.97,7,7,5,1,7,0.103,1,7,1,1,4,7,0.901,0,0.341,4,0,0,6,2,6,5,0,1.831,1,1
4,6,6,3,0.0,0,1,0.15,2,0,2,0.0,1.168,1,0.0,6,0,0,0,5,-1.293,5,7,6,0,2,2,0.97,3,-2.027,1,0,5,1,0,3,4,2,-0.086,1,0
5,6,2,5,102.02,3,7,1.123,1,3,4,0.0,2.111,3,0.0,3,1,3,1,0,3.302,4,5,7,1,5,4,1.351,0,1.35,3,6,6,0,4,6,6,1,2.237,3,1
5,7,6,1,0.0,3,2,1.209,2,2,7,0.0,0.933,4,0.0,1,1,0,0,0,0.561,7,4,3,0,1,3,1.203,6,3.487,4,7,7,6,2,3,3,4,1.049,5,0
0,2,1,2,1218.06,5,3,2.99,4,4,7,0.0,-0.885,6,0.0,7,5,5,1,2,4.328,2,5,6,1,4,6,1.286,7,2.628,0,2,5,3,2,2,3,4,2.699,1,1
5,4,7,0,0.0,1,5,-1.435,6,7,6,0.0,-2.983,2,0.0,0,2,7,0,2,-2.117,0,4,3,0,6,4,1.045,1,-3.645,4,3,5,2,0,3,4,1,-1.141,2,0
4,0,4,3,0.0,3,0,1.229,7,2,0,0.0,-5.112,6,0.0,0,7,5,0,0,1.238,5,4,5,0,5,5,0.651,1,3.074,6,5,5,7,7,6,5,6,0.461,6,0
4,5,4,4,0.0,4,7,-1.861,0,7,4,0.0,-3.136,3,0.0,0,5,3,0,1,-0.845,0,5,4,0,0,6,1.008,5,-0.386,1,0,5,4,6,7,7,7,-1.321,4,0
7,1,0,3,0.0,0,3,0.429,3,6,6,0.0,3.609,3,0.0,4,3,6,0,2,0.985,4,4,5,0,0,5,0.929,4,1.693,6,3,7,4,7,4,1,0,0.46,5,0
1,0,3,0,0.0,0,0,1.488,1,0,3,0.0,2.625,5,0.0,0,4,2,0,4,0.731,1,2,4,0,4,5,1.241,3,-1.77,3,1,2,0,7,6,3,1,0.995,0,0
2,7,5,1,0.0,7,6,-0.636,1,0,0,0.0,1.112,5,0.0,5,2,5,0,2,1.091,0,6,6,0,4,1,0.949,4,1.404,4,7,2,3,6,4,4,3,-0.467,7,0
3,0,6,0,0.0,6,1,-0.314,0,6,3,0.0,-1.468,5,0.0,1,1,5,0,4,-0.654,0,1,1,0,6,3,1.005,1,-1.501,2,7,4,3,0,2,6,1,0.401,2,0
4,6,6,5,0.0,2,3,-0.936,0,2,2,0.0,0.275,0,0.0,7,2,0,0,4,0.654,5,5,5,0,3,2,0.78,2,-0.98,1,1,1,6,0,0,2,1,-0.522,2,0
7,7,1,7,0.0,6,1,1.431,3,1,3,0.0,-0.787,7,0.0,2,5,7,0,3,0.444,0,6,4,1,2,1,1.294,2,1.764,5,4,1,6,5,6,7,3,1.073,6,1
5,6,3,2,1102.73,2,3,0.636,1,0,0,0.0,0.206,1,0.0,0,2,7,1,0,-0.085,5,1,1,0,6,0,1.28,6,0.125,3,6,4,0,2,0,4,7,0.618,1,1
6,2,5,3,0.0,7,0,0.333,2,1,7,0.0,1.916,6,0.0,5,4,1,0,3,-0.278,3,6,5,0,6,5,0.892,1,1.683,3,6,1,5,5,3,0,0,-0.078,1,0
2,0,3,0,0.0,2,1,0.319,0,7,0,0.0,-4.838,4,0.0,1,5,4,0,1,-0.554,7,4,4,0,0,5,1.133,1,0.031,5,5,5,7,5,6,5,2,-0.218,3,0
4,1,3,7,0.0,6,4,0.781,4,2,5,0.0,-0.592,5,0.0,7,3,2,0,1,0.211,0,7,5,0,2,5,1.169,1,-2.046,2,1,1,4,5,3,1,4,0.286,3,0
5,2,7,3,0.0,2,0,0.625,3,1,5,0.0,-2.467,6,0.0,7,5,1,0,5,2.228,1,6,7,0,3,1,1.464,2,-0.883,0,3,0,3,0,3,3,7,0.885,7,0
5,5,2,0,0.0,5,4,0.347,7,5,3,0.0,4.005,3,0.0,3,7,2,0,1,-0.146,6,7,1,0,0,4,0.746,3,3.172,1,5,2,7,2,0,2,1,0.006,4,0
4,6,1,0,1060.15,4,7,1.263,6,7,7,0.0,2.512,3,0.0,0,6,3,0,3,1.382,4,3,6,1,3,3,1.077,5,0.437,7,3,2,4,5,2,7,6,1.314,6,1
5,2,7,3,0.0,6,7,-0.537,7,6,7,0.0,-1.172,7,0.0,3,0,0,0,2,-0.641,1,6,5,0,2,3,1.735,7,-2.214,4,4,5,2,6,5,3,7,-0.338,5,0
7,1,3,5,0.0,7,4,1.509,4,0,5,0.0,-3.089,3,0.0,7,1,6,0,5,0.734,1,6,4,0,5,5,1.288,1,1.495,1,6,6,1,7,2,7,4,0.723,4,0
1,4,3,7,0.0,4,1,-1.42,7,4,5,0.0,0.383,2,0.0,0,1,7,0,2,-0.78,0,1,0,0,2,5,0.656,2,-1.072,0,6,3,0,6,1,6,6,-1.542,6,0
1,3,0,3,1192.26,4,5,1.713,1,5,0,0.0,1.398,0,0.0,6,3,3,0,5,1.459,7,2,7,1,7,6,1.198,7,0.073,6,6,3,3,1,5,0,1,1.525,5,1
5,4,5,4,563.95,3,6,0.78,0,3,2,0.0,1.047,7,20.15,5,4,2,0,6,-0.071,0,6,4,1,5,6,1.185,2,0.696,5,6,2,0,0,7,4,0,0.129,7,1
3,0,3,7,0.0,5,4,-0.207,3,0,1,0.0,-1.05,0,0.0,5,2,1,0,0,-0.06,1,4,3,0,2,1,0.848,2,-1.827,6,5,6,0,3,2,1,1,-1.238,2,0
6,4,0,1,0.0,6,5,-0.376,4,5,6,0.0,-0.359,1,0.0,4,7,5,0,0,-1.207,3,6,0,0,5,3,0.65,2,-2.222,4,4,3,1,0,7,0,0,-0.487,0,0
1,3,0,7,0.0,5,7,-1.728,6,2,4,0.0,-1.007,0,0.0,6,3,0,0,0,-1.2,2,0,7,0,4,3,0.883,4,-1.277,4,1,0,0,4,4,3,4,-1.349,7,0
7,0,0,5,0.0,1,3,-0.056,6,0,4,0.0,2.363,4,0.0,2,2,5,0,2,-0.64,3,3,5,0,7,1,0.817,3,0.807,5,5,2,3,1,0,7,5,-0.313,1,0
7,5,6,0,0.0,1,0,0.391,7,3,0,0.0,-0.125,1,0.0,7,5,0,0,5,-0.548,7,3,6,0,2,3,1.604,4,0.808,1,1,5,5,6,2,7,3,0.74,6,0
6,5,3,6,0.0,5,6,-1.607,6,7,2,0.0,-1.319,1,0.0,7,7,4,0,0,-1.046,1,6,4,0,1,7,0.947,1,-2.012,1,2,5,2,0,0,0,5,-0.985,7,0
6,2,5,4,0.0,2,3,-0.133,3,4,7,0.0,3.196,0,0.0,0,6,2,0,6,-1.716,3,7,6,0,6,2,0.904,7,-2.359,3,0,3,5,3,6,7,6,-0.047,7,0
3,7,6,6,0.0,3,0,0.15,6,1,3,0.0,-1.764,3,0.0,0,0,0,0,5,2.155,2,4,2,0,5,3,0.816,4,-0.054,7,2,6,7,3,1,5,7,0.7,4,0
5,4,3,0,0.0,3,4,1.128,4,0,6,0.0,-0.352,2,0.0,6,4,3,0,4,0.803,4,6,7,0,0,5,0.787,5,0.8,2,5,5,5,3,6,0,2,0.987,4,0
3,2,4,5,0.0,0,4,-1.698,2,7,4,0.0,1.527,7,0.0,4,3,0,0,1,-1.784,3,7,0,0,1,2,1.154,5,-0.564,2,3,4,3,7,7,4,5,-0.383,5,0
4,1,2,7,0.0,7,3,0.313,1,5,3,0.0,2.275,7,0.0,6,1,6,0,6,-0.158,6,7,3,0,2,0,1.328,3,-1.037,2,4,2,6,5,6,2,1,-0.494,2,0
5,4,1,7,0.0,5,1,-1.57,7,0,6,0.0,-3.719,4,0.0,6,3,2,0,3,0.347,6,2,2,0,3,2,0.975,4,-0.338,2,5,2,2,7,0,7,6,-1.418,2,0
6,0,7,6,281.76,7,1,0.393,6,1,5,0.0,1.872,7,0.0,1,2,1,0,1,0.047,4,3,3,1,0,0,0.816,2,-0.951,0,7,2,0,4,2,2,4,1.168,4,1
2,7,7,6,0.0,5,2,-0.391,7,7,2,0.0,-4.791,3,0.0,0,6,7,0,7,0.266,6,3,1,0,1,0,1.001,4,1.072,4,0,7,0,1,6,5,3,0.304,6,0
4,5,4,4,0.0,6,5,0.666,2,4,4,0.0,-5.624,0,0.0,0,6,5,0,6,-0.816,7,1,0,0,1,3,1.155,5,-1.405,6,7,1,3,1,5,7,6,-0.203,5,0
1,1,6,4,0.0,5,0,0.1,1,2,1,0.0,-2.888,5,0.0,1,3,5,0,2,0.884,4,5,7,0,7,7,1.396,0,0.423,6,4,6,3,4,5,4,6,0.023,2,0
0,0,2,0,0.0,6,5,0.697,5,1,2,0.0,-0.261,3,0.0,4,7,0,0,1,0.439,4,7,6,0,0,1,1.234,6,-0.114,3,2,6,2,5,1,3,7,0.797,7,0
5,1,0,1,0.0,5,3,0.024,3,5,4,0.0,1.455,0,0.0,0,6,6,0,0,-0.1,7,3,5,0,7,4,1.06,4,-1.647,3,2,6,5,2,6,7,2,0.33,4,0
1,4,7,2,0.0,7,5,-0.425,4,3,0,0.0,1.562,6,0.0,0,5,7,0,3,0.562,0,1,1,0,3,1,0.89,3,0.449,1,0,6,2,4,6,6,2,-0.145,6,0
3,1,1,0,525.46,1,6,1.407,4,7,6,0.0,-0.339,3,1.84,6,6,0,1,0,4.092,6,1,3,1,3,3,1.15,3,0.419,2,2,3,3,1,4,2,0,1.4,6,1
7,3,5,7,0.0,4,7,-0.38,2,7,1,0.0,-0.845,7,0.0,1,7,4,0,7,-2.725,0,3,1,0,3,4,1.161,0,-3.505,1,7,4,0,6,2,5,7,-0.71,0,0
7,7,1,1,0.0,4,1,-1.694,3,0,6,0.0,-3.52,3,0.0,6,1,4,0,1,-1.299,2,0,6,0,0,0,1.189,1,-3.282,7,1,3,4,5,3,0,0,-1.893,5,0
1,0,3,6,0.0,4,4,-0.461,7,2,5,0.0,1.479,2,0.0,2,0,6,0,2,2.119,5,2,4,0,7,6,1.258,2,-2.708,3,0,0,3,2,7,6,3,0.504,3,0
1,4,4,4,0.0,4,7,-0.04,0,6,4,0.0,1.764,4,0.0,7,2,5,0,1,0.382,5,3,4,0,4,6,1.137,6,2.002,3,6,7,4,3,3,6,3,0.37,4,0
7,0,5,0,0.0,4,1,-0.304,5,4,4,0.0,2.736,2,0.0,3,0,5,0,0,-0.47,6,0,2,0,2,7,1.132,4,-1.52,3,3,7,3,4,3,0,5,-0.675,7,0
6,6,7,7,0.0,7,3,-0.017,0,4,3,0.0,4.08,0,0.0,4,6,7,0,5,-0.254,1,0,2,0,1,1,1.291,4,0.094,4,4,7,5,3,4,2,3,0.112,3,0
7,2,1,4,0.0,2,4,-0.163,5,5,3,0.0,1.181,6,0.0,5,0,2,0,0,-0.097,1,6,1,0,5,1,1.007,0,1.785,7,3,3,4,4,5,1,7,0.313,4,0
1,2,4,4,0.0,2,1,-0.039,5,3,4,0.0,2.252,3,0.0,0,2,5,0,4,-1.012,2,2,3,0,0,4,0.774,1,0.241,6,3,5,0,0,2,1,5,0.104,4,0
6,5,1,6,0.0,4,1,-0.968,3,0,5,0.0,-5.469,3,0.0,4,4,7,0,5,1.955,0,3,1,0,6,2,0.849,0,-0.697,3,7,6,7,1,3,3,3,-0.196,5,0
5,4,7,4,0.0,0,7,0.648,0,4,2,0.0,-1.737,4,0.0,3,6,4,0,4,-1.405,7,5,7,0,6,3,1.208,1,1.015,7,0,2,5,2,2,3,2,1.192,7,0
0,2,0,7,1832.54,0,7,0.74,4,0,6,0.0,3.202,3,7.65,2,7,6,0,6,-0.23,6,6,1,1,6,4,1.034,6,2.758,4,3,6,1,3,2,3,7,0.356,6,1
4,6,6,2,0.0,4,1,0.491,0,0,0,0.0,-1.386,4,0.0,4,3,7,0,6,2.187,1,6,6,0,5,4,0.756,4,-1.199,2,2,2,3,4,5,4,2,0.685,7,0
0,1,1,0,0.0,4,1,1.662,0,7,5,0.0,-1.525,0,0.0,1,7,7,0,0,0.635,6,5,5,0,1,0,1.114,6,-0.92,4,3,5,4,4,2,6,3,0.506,5,0
6,2,7,2,307.42,1,2,1.278,5,3,7,0.0,4.811,4,0.0,1,5,6,0,2,-1.806,0,4,5,1,3,6,1.185,6,0.798,7,0,6,3,5,2,3,7,1.208,0,1
4,5,4,7,0.0,2,1,-0.196,7,4,7,0.0,-1.051,7,0.0,1,5,6,0,1,-2.98,4,2,1,0,2,5,0.884,1,-0.133,7,2,3,6,7,7,4,6,0.586,5,0
5,6,6,0,0.0,2,5,-2.402,5,6,4,0.0,-4.027,3,0.0,7,4,5,0,5,-1.662,5,7,1,0,7,4,1.017,6,-2.2,7,2,3,1,3,2,5,7,-1.902,1,0
6,1,5,2,773.06,6,4,1.639,5,1,0,0.0,6.694,5,6.65,5,5,7,1,3,-0.724,6,2,0,1,3,5,1.277,4,1.222,7,7,3,5,4,7,0,7,2.23,4,1
5,6,2,0,0.0,5,5,-1.023,1,3,0,0.0,-2.705,6,0.0,7,3,1,0,7,-1.682,7,3,7,0,4,7,0.494,0,-3.69,7,4,5,3,7,6,6,3,-0.702,5,0
0,4,3,0,0.0,7,7,0.878,3,3,2,0.0,1.795,3,0.0,5,7,1,0,5,0.54,4,4,7,0,0,6,1.19,0,-0.779,5,1,5,1,0,3,4,5,0.579,1,0
6,6,5,3,0.0,6,4,-0.932,4,4,7,0.0,0.579,6,0.0,7,3,5,0,4,1.247,0,0,0,0,2,7,0.916,3,-0.079,3,4,6,2,7,7,7,6,-0.234,1,0
7,2,6,0,0.0,0,6,-0.97,3,6,0,0.0,2.273,1,0.0,5,0,0,0,4,-2.074,6,5,0,0,2,4,1.051,4,-2.477,3,4,6,3,1,5,6,4,-1.325,3,0
2,6,7,7,0.0,2,6,-1.63,6,0,2,0.0,-4.915,4,0.0,2,1,1,0,2,0.152,7,1,6,0,7,7,1.101,4,-1.721,6,7,0,3,5,7,0,1,-1.228,5,0
5,5,1,3,0.0,5,5,-0.294,3,6,4,0.0,3.598,7,0.0,6,6,1,0,1,-0.982,6,6,3,0,5,6,0.731,3,-0.99,0,7,6,4,2,4,7,3,-0.592,5,0
3,7,4,2,0.0,2,6,-1.576,5,4,2,0.0,0.76,0,0.0,7,0,0,0,2,-2.7,5,7,5,0,2,5,0.708,3,0.838,4,0,0,0,1,7,6,5,-1.033,5,0
7,2,4,2,0.0,0,6,-0.548,5,1,2,0.0,1.266,0,0.0,5,3,1,0,7,-1.803,0,4,0,0,3,0,0.948,5,-1.034,6,0,2,3,4,6,7,5,-1.054,0,0
2,7,4,1,0.0,7,1,0.59,0,5,6,0.0,0.864,4,0.0,0,7,1,0,0,0.61,3,1,6,0,1,7,0.957,4,5.094,1,3,6,3,0,3,1,1,1.222,3,0
1,0,4,2,0.0,7,4,0.069,1,7,7,0.0,1.695,1,0.0,6,5,0,0,1,0.001,6,5,6,0,7,5,1.368,0,-0.818,1,6,7,4,3,7,6,5,-0.239,7,0
2,3,1,7,1756.94,4,7,2.032,3,4,6,0.0,2.586,4,0.0,3,3,6,1,4,3.896,0,4,6,1,3,3,1.014,6,1.945,2,2,4,6,1,2,0,3,1.651,0,1
0,5,0,0,848.75,2,5,1.059,0,6,3,0.0,2.586,3,0.0,4,3,3,1,5,2.651,0,2,4,1,1,0,1.484,2,3.178,0,1,0,4,1,6,4,3,1.778,0,1
4,5,7,1,0.0,2,4,1.132,5,7,0,0.0,0.641,7,0.0,5,2,5,0,5,0.778,6,0,0,0,4,0,0.664,7,-0.704,4,0,7,4,0,4,4,2,0.556,4,0
7,0,4,4,0.0,5,5,0.536,5,2,6,0.0,-2.279,7,0.0,6,4,6,0,2,1.208,4,3,5,0,1,5,1.188,2,1.959,6,1,0,0,0,6,6,1,0.014,5,0
6,5,0,5,0.0,6,5,-0.255,3,2,6,0.0,0.263,3,0.0,4,3,6,0,7,-0.244,7,4,7,0,3,6,1.079,1,0.743,0,0,5,2,2,3,2,2,0.346,2,0
2,2,1,1,772.1,5,1,3.058,0,1,0,0.0,2.991,0,0.0,4,1,1,1,7,3.424,2,3,4,1,5,3,1.254,3,3.639,2,7,1,5,2,5,0,6,2.699,1,1
4,0,6,0,0.0,6,2,-0.066,0,0,0,0.0,2.157,6,0.0,4,0,1,0,1,1.387,0,0,3,0,3,3,1.087,7,-1.661,3,3,3,0,6,5,6,7,0.182,1,0
1,7,6,1,0.0,7,3,1.126,7,7,7,0.0,-6.799,7,0.0,3,0,6,0,2,0.318,7,3,1,0,5,1,1.046,7,0.136,2,2,1,0,3,1,0,2,-0.177,1,0
6,3,0,3,0.0,1,4,-0.543,3,7,6,0.0,0.66,6,0.0,4,2,5,0,7,0.805,2,0,5,0,4,7,0.964,1,-0.59,6,5,0,4,0,5,0,4,-0.439,6,0
6,4,5,1,0.0,0,0,0.981,4,5,5,0.0,1.822,4,0.0,7,1,5,0,4,0.791,7,5,6,0,3,1,0.736,0,-1.289,6,3,6,6,4,5,7,3,1.199,6,0
2,0,5,2,0.0,3,7,0.531,1,5,4,0.0,-1.522,2,0.0,0,4,2,0,3,0.765,4,7,2,0,6,4,0.83,7,-4.312,4,6,1,5,7,1,3,3,0.352,5,0
1,5,7,2,0.0,1,1,-1.481,0,3,6,0.0,-2.99,2,0.0,4,3,4,0,5,-2.249,2,4,1,0,4,5,1.048,0,-2.261,1,0,3,6,6,1,3,4,-1.538,2,0
1,7,7,6,1331.23,5,1,0.361,4,5,4,0.0,-1.287,2,0.0,5,0,3,1,7,0.865,6,2,2,0,2,7,0.846,6,0.051,7,2,5,3,2,3,3,6,1.455,6,1
1,7,7,7,0.0,0,3,-1.195,5,2,0,0.0,0.615,4,0.0,0,2,6,0,3,1.233,6,0,3,0,2,1,1.011,7,-0.597,2,1,0,0,1,7,7,1,-0.373,0,0
6,6,0,5,0.0,6,1,0.187,2,0,2,0.0,3.069,6,0.0,5,3,7,0,1,-0.1,2,5,3,0,2,4,1.098,7,1.45,4,7,6,6,3,5,5,1,0.292,5,0
2,3,3,5,0.0,7,4,1.241,4,4,4,0.0,4.968,7,0.0,1,1,3,0,3,-0.315,1,0,4,0,6,2,1.035,1,4.184,3,0,7,2,7,6,4,0,0.034,3,0
5,2,0,4,0.0,0,4,-1.571,0,0,3,0.0,-2.87,4,0.0,2,0,3,0,1,-2.198,3,3,7,0,4,5,1.404,4,0.328,4,2,3,4,2,1,7,5,-1.356,1,0
6,1,0,3,0.0,3,5,0.215,3,1,6,0.0,-0.631,3,0.0,5,4,3,0,5,-0.391,1,6,1,0,4,5,1.034,1,-1.825,4,7,7,0,1,2,7,7,0.08,3,0
3,2,4,5,0.0,0,1,-1.055,6,5,5,0.0,-1.608,0,0.0,6,1,5,0,1,-3.317,0,6,7,0,6,2,1.125,2,-4.67,0,6,6,2,1,2,7,3,-1.37,6,0
1,5,4,6,0.0,4,2,0.528,2,4,4,0.0,-1.314,3,0.0,3,1,7,0,4,-0.653,6,4,6,0,3,6,1.439,4,0.181,5,1,4,3,0,1,6,6,0.192,7,0
3,5,6,2,1662.37,1,0,0.811,1,2,1,0.0,0.221,6,13.89,0,4,4,1,2,1.214,3,0,6,1,6,7,0.934,4,2.351,0,7,3,4,7,1,0,0,0.829,6,1
7,7,3,3,0.0,6,2,-0.643,1,4,1,0.0,2.0,0,0.0,6,5,0,0,6,-0.749,1,4,0,0,6,0,1.263,6,3.268,3,6,7,3,2,4,4,7,-0.53,5,0
0,4,5,4,108.65,4,4,0.037,1,0,0,0.0,-0.928,2,0.0,2,0,4,1,3,2.41,7,7,1,0,4,3,0.924,4,0.185,4,4,3,0,1,0,2,4,0.601,4,1
3,1,7,0,0.0,0,1,0.32,7,6,0,0.0,0.511,4,0.0,6,1,7,0,2,0.935,3,7,7,0,2,6,0.528,4,-0.448,0,7,1,7,7,6,7,1,1.096,7,0
4,2,1,4,0.0,7,1,0.479,1,1,3,0.0,-1.6,3,0.0,0,3,0,0,2,0.269,0,3,7,0,3,4,1.219,2,-1.923,2,6,6,1,3,0,2,1,0.395,2,0
4,0,7,6,0.0,4,6,1.643,2,7,1,0.0,-1.61,4,0.0,3,2,3,0,0,-0.291,2,7,4,0,1,5,1.21,7,1.396,3,4,4,2,3,1,2,1,0.97,6,0
6,2,5,0,1557.97,1,2,0.93,0,0,0,0.0,4.133,0,0.0,5,0,3,0,5,0.704,3,7,7,1,1,6,1.161,6,1.481,6,4,2,2,2,0,0,2,2.01,4,1
3,2,2,7,0.0,5,4,-0.664,1,7,1,0.0,-1.654,6,0.0,5,5,1,0,6,-0.408,4,2,6,0,0,0,0.87,0,-2.219,0,1,7,2,3,1,4,3,-1.116,6,0
3,4,2,5,0.0,4,6,0.733,2,1,7,0.0,0.786,1,0.0,0,1,2,0,0,-0.621,5,2,5,0,3,3,0.934,2,2.275,0,6,2,6,5,0,1,1,0.087,5,0
2,5,1,0,785.25,2,3,0.525,4,1,3,0.0,4.031,3,0.0,7,5,6,1,3,1.171,3,5,5,0,7,2,1.094,5,4.323,2,1,1,6,6,3,6,3,1.041,1,1
2,6,6,7,0.0,4,3,-0.032,7,0,0,0.0,-0.68,3,0.0,3,0,0,0,0,0.707,2,7,3,0,0,2,1.323,4,0.453,3,5,0,6,7,5,4,2,-0.458,1,0
1,6,2,7,0.0,4,7,-0.03,6,5,6,0.0,-3.496,6,0.0,0,0,0,0,2,0.587,2,0,1,0,4,6,1.03,6,0.763,7,4,2,0,2,3,3,4,-0.298,2,0
4,1,7,5,0.0,1,5,-0.199,0,5,0,0.0,0.75,6,0.0,4,1,7,0,3,1.612,5,6,3,0,2,2,0.69,2,1.044,1,3,7,4,1,5,7,0,0.497,7,0
2,2,2,1,0.0,5,6,-1.18,5,4,4,0.0,-3.038,2,0.0,6,3,0,0,4,-1.786,4,0,6,0,7,3,0.899,4,-2.597,4,3,4,6,4,2,7,2,-1.05,1,0
7,5,6,1,1902.43,6,5,-0.347,0,7,3,0.0,2.645,0,0.0,7,6,7,1,5,0.35,7,7,4,0,6,2,1.061,0,0.514,3,3,6,5,3,3,3,4,1.171,4,1
2,4,5,0,0.0,2,7,-1.56,5,4,6,0.0,-0.826,3,0.0,4,3,0,0,6,-1.372,3,1,3,0,7,4,1.066,1,2.907,6,0,2,0,0,6,1,6,-0.454,3,0
6,6,2,6,0.0,4,0,-3.466,2,0,7,0.0,-3.96,4,0.0,0,6,0,0,7,-4.164,6,0,6,0,4,1,1.426,3,0.393,3,2,5,7,2,3,7,0,-2.872,6,0
5,7,7,5,0.0,6,2,0.055,5,7,1,0.0,0.846,0,0.0,6,4,7,0,0,1.229,0,0,0,0,2,7,1.486,5,1.096,3,7,1,7,1,0,1,3,0.413,1,0
4,5,4,6,0.0,1,4,0.6,2,4,2,0.0,0.47,4,0.0,6,6,1,0,2,0.08,7,7,5,0,2,1,0.788,2,0.939,5,2,1,6,2,2,6,6,-0.101,0,0
3,6,7,6,0.0,3,0,-0.133,4,3,3,0.0,2.101,2,0.0,1,0,0,0,7,-2.249,1,5,3,0,6,7,0.731,5,1.152,4,6,7,6,4,3,2,7,0.255,7,0
7,5,1,2,0.0,0,7,-0.931,2,5,5,0.0,-4.537,4,0.0,2,6,0,0,3,-1.307,1,3,6,0,2,6,0.743,5,0.363,6,5,6,2,2,2,0,1,-1.532,2,0
5,7,2,4,0.0,0,5,-1.557,4,7,3,0.0,0.387,6,0.0,5,3,3,0,6,-3.117,1,5,0,0,2,0,0.905,3,-2.749,2,5,7,5,3,0,4,5,-1.567,1,0
2,1,7,0,0.0,7,4,-0.743,4,7,7,0.0,1.817,7,0.0,7,2,0,0,0,-1.337,0,4,4,0,4,0,1.285,7,-0.77,0,2,4,2,2,4,5,7,-1.537,5,0
4,5,1,6,0.0,5,0,0.863,4,0,0,0.0,0.11,4,0.0,0,1,3,0,6,0.587,7,3,5,0,1,7,1.286,5,2.518,6,6,5,6,5,6,5,5,1.067,0,0
0,2,5,2,572.93,1,1,2.496,2,6,5,0.0,3.471,6,0.0,7,6,5,1,0,2.506,3,2,4,1,5,1,1.181,2,1.075,1,6,3,4,3,7,6,6,2.339,2,1
2,0,1,3,0.0,0,4,-0.704,0,1,3,0.0,-2.767,3,0.0,1,7,1,0,1,-0.894,5,0,4,0,5,6,0.909,4,-1.561,5,1,5,1,1,3,7,2,-1.185,2,0
6,3,7,2,0.0,7,0,0.487,4,4,7,0.0,-0.822,6,0.0,0,0,7,0,2,0.593,7,4,0,1,7,0,0.714,6,1.273,1,6,5,6,2,7,5,7,0.708,0,1
7,0,1,3,0.0,7,3,-0.677,7,4,4,0.0,-0.459,1,0.0,6,4,5,0,5,-1.93,5,0,1,0,1,1,1.143,1,-0.13,2,2,3,3,6,1,4,6,-0.208,1,0
7,0,4,0,0.0,2,3,-0.648,6,0,3,0.0,-4.456,5,0.0,2,4,5,0,0,-0.661,7,2,6,0,3,1,0.969,0,-4.0,3,4,3,0,7,6,5,4,-1.192,3,0
3,7,0,0,0.0,4,3,-0.672,4,5,3,0.0,-1.509,4,0.0,0,5,2,0,3,0.805,2,5,7,0,3,5,0.659,6,2.196,6,2,5,1,0,3,7,3,-0.378,5,0
1,4,1,6,0.0,3,0,1.13,0,7,4,0.0,-1.801,4,0.0,6,7,3,0,6,1.823,1,4,6,0,5,4,0.741,7,-1.222,5,1,0,1,4,3,3,3,-0.388,0,0
0,2,5,6,0.0,3,0,-0.752,5,0,3,0.0,-1.295,2,0.0,2,5,1,0,0,-0.342,4,5,2,0,5,3,1.067,1,-2.345,0,1,7,5,7,5,4,7,-0.078,1,0
1,3,5,1,0.0,4,4,-1.919,1,6,3,0.0,-3.069,2,0.0,6,2,1,0,4,-0.922,6,4,6,0,2,1,1.007,0,-0.413,2,3,7,7,6,3,0,7,-1.415,5,0
3,7,3,0,1711.73,0,7,1.543,3,1,3,0.0,2.939,1,0.0,3,7,5,1,7,1.559,6,2,0,1,0,0,0.912,5,2.953,7,3,4,1,7,3,2,5,1.136,7,1
7,7,1,0,0.0,3,4,0.294,0,5,4,0.0,-3.395,1,0.0,1,5,5,0,4,-0.613,1,2,3,0,3,4,1.26,3,-0.235,0,3,1,3,6,1,3,4,-0.887,1,0
5,7,2,2,0.0,2,4,-0.711,3,5,0,0.0,-0.139,4,0.0,4,1,7,0,4,-0.834,6,2,1,0,7,5,1.096,7,0.753,2,5,3,4,6,6,5,2,-1.68,5,0
0,7,4,7,0.0,6,5,0.243,0,6,2,0.0,2.606,1,0.0,1,0,2,0,5,0.486,0,4,1,0,6,0,1.263,2,1.351,7,6,5,7,5,4,5,0,0.094,4,0
3,6,2,7,1143.85,1,6,1.197,7,7,5,0.0,3.869,1,11.74,7,0,5,0,3,1.631,2,2,6,1,7,6,0.977,3,0.183,7,3,4,4,2,4,4,0,0.807,4,1
1,1,4,0,0.0,6,3,-2.227,5,4,2,0.0,-2.423,3,0.0,1,4,5,0,1,-2.5,7,1,2,0,5,6,0.883,0,-0.966,2,1,4,5,5,0,6,0,-2.153,7,0
0,1,4,4,1114.82,1,4,0.817,1,1,7,0.0,0.683,4,0.0,6,5,0,0,0,0.358,3,6,6,1,6,2,1.067,5,4.199,4,4,5,7,4,7,0,3,0.921,4,1
3,6,4,5,0.0,5,1,1.7,5,4,2,0.0,4.289,1,4.18,5,5,2,1,1,2.591,0,5,5,1,1,2,1.331,2,4.287,0,7,3,7,3,1,4,5,2.042,6,1
0,5,6,1,0.0,3,5,0.374,1,2,6,0.0,0.64,6,0.0,4,3,5,0,6,-0.446,6,7,5,0,7,1,1.152,6,2.459,0,1,2,1,7,0,0,1,0.069,2,0
7,0,0,3,0.0,6,7,0.448,3,3,2,0.0,1.128,2,0.0,4,1,1,0,5,0.29,1,6,5,0,0,7,1.137,3,-1.93,0,1,0,5,4,7,4,1,0.574,5,0
3,2,3,4,0.0,4,1,-0.089,6,2,7,0.0,0.872,6,0.0,2,4,5,0,3,-0.048,5,4,1,0,1,2,1.019,6,1.974,3,1,2,3,5,4,5,7,0.284,3,0
5,4,4,3,0.0,1,1,1.401,4,7,3,0.0,4.019,4,0.0,0,5,4,0,3,0.446,7,0,0,0,1,7,1.047,2,1.303,7,3,0,6,1,4,4,6,1.576,3,0
4,5,7,3,0.0,4,2,1.285,4,7,3,0.0,-1.387,7,0.0,2,3,4,0,2,0.838,4,2,5,0,6,5,1.237,4,1.882,3,5,5,6,1,6,0,7,0.761,1,0
0,0,1,5,0.0,0,1,-1.593,0,6,2,0.0,1.021,7,0.0,6,0,1,0,6,-0.87,5,4,2,0,7,7,0.958,3,-3.566,3,2,6,4,3,5,2,4,-1.529,1,0
4,5,2,0,0.0,6,1,-0.156,7,1,2,0.0,-1.777,1,0.0,7,7,0,0,7,-1.054,6,5,3,0,5,3,0.789,5,2.068,3,0,2,1,4,1,1,0,-0.364,1,0
6,2,0,2,0.0,4,6,-0.378,6,2,7,0.0,-3.314,2,0.0,3,2,1,0,2,-0.796,2,0,7,0,7,6,1.171,0,-0.232,3,7,7,2,7,4,3,4,-1.095,0,0
4,6,6,1,0.0,1,4,-1.784,4,2,4,0.0,0.585,0,0.0,5,3,3,0,4,-1.19,2,1,5,0,0,5,0.875,7,-3.744,7,3,0,1,1,7,6,2,-1.752,2,0
7,1,3,5,0.0,2,5,-0.264,0,6,2,0.0,2.374,5,0.0,6,3,4,0,1,-0.054,5,3,4,0,1,6,0.9,7,0.667,3,0,6,4,6,0,4,7,0.808,5,0
3,2,0,6,0.0,7,0,-1.984,7,3,4,0.0,-1.622,1,0.0,4,4,5,0,0,0.909,7,5,1,0,2,7,0.949,0,-2.927,0,5,5,6,4,3,6,6,-1.78,4,0
4,2,5,5,0.0,3,2,3.206,5,6,7,0.0,7.173,4,0.0,6,2,7,1,3,4.426,7,7,0,1,2,1,0.952,3,0.904,6,7,5,5,0,1,2,3,2.364,7,1
4,3,0,6,0.0,1,3,0.007,2,4,7,0.0,1.421,2,0.0,7,3,4,0,6,1.085,3,1,4,0,3,1,1.23,2,1.666,4,1,6,6,2,4,4,0,0.16,2,0
5,5,5,3,1187.85,0,4,1.176,6,1,2,0.0,4.391,5,0.0,1,6,3,1,5,3.429,0,0,7,1,7,5,1.285,0,0.861,1,2,1,6,5,0,2,1,1.959,3,1
7,1,2,2,1194.3,7,0,2.021,6,5,7,0.0,7.766,0,0.0,7,2,4,1,6,1.657,2,7,7,1,7,6,1.167,5,0.198,5,2,5,5,0,1,4,3,2.523,0,1
3,0,4,3,0.0,5,0,1.8,1,3,5,0.0,2.713,6,0.0,7,1,1,0,6,1.753,7,1,7,0,5,4,0.907,3,1.517,1,2,6,6,0,7,7,7,0.917,7,0
6,4,6,0,0.0,2,5,0.951,1,4,1,0.0,-1.628,5,0.0,2,6,7,0,0,0.192,7,1,1,0,0,7,0.842,7,2.599,1,0,1,5,7,4,6,4,0.88,7,0
4,6,5,7,0.0,2,3,0.168,0,6,1,0.0,2.671,7,0.0,7,7,2,0,3,-2.358,5,5,2,0,2,5,1.225,1,-1.128,1,2,5,3,1,1,4,6,-0.137,5,0
3,4,2,7,0.0,4,1,-0.11,4,2,0,0.0,-1.407,3,0.0,3,1,3,0,1,2.55,7,2,4,0,3,1,0.912,3,0.826,1,3,1,0,0,5,0,5,-0.179,6,0
0,0,7,6,0.0,2,4,-0.418,5,1,2,0.0,3.6,7,0.0,0,0,2,0,7,0.173,0,3,2,0,1,0,1.226,2,0.48,7,3,2,2,2,0,7,0,-0.3,2,0
6,6,3,0,0.0,7,0,-2.688,1,6,3,0.0,-3.51,3,0.0,2,0,7,0,6,-0.674,7,3,6,0,6,1,0.901,1,-2.658,5,1,7,5,3,7,2,3,-1.652,1,0
2,5,6,3,0.0,6,2,-0.876,0,1,4,0.0,-2.202,1,0.0,2,6,7,0,1,-0.031,2,4,7,0,7,5,1.222,0,-0.881,7,6,3,0,4,5,4,5,-0.454,0,0
0,3,5,7,1010.35,6,6,0.943,6,2,5,0.0,3.937,2,10.46,7,3,5,1,2,4.578,3,2,7,1,2,4,1.18,2,1.621,1,4,1,0,3,2,1,5,1.663,3,1
3,3,6,6,1433.14,0,3,1.259,0,7,7,0.0,-0.793,4,0.0,2,0,3,0,2,0.21,4,3,7,1,6,5,1.325,2,-0.233,7,5,5,6,1,2,5,3,1.012,4,1
4,2,3,0,0.0,1,2,-1.585,6,1,1,0.0,-4.25,5,0.0,7,4,7,0,1,-1.773,1,1,7,0,0,1,0.94,3,0.692,7,5,0,5,1,1,0,7,-1.705,2,0
6,1,3,4,0.0,4,1,0.067,7,1,5,0.0,2.99,0,0.0,1,2,5,0,0,0.574,5,4,7,0,1,1,0.757,6,1.069,7,1,4,1,1,6,7,6,-0.491,2,0
6,2,5,5,0.0,0,0,0.563,1,6,2,0.0,3.684,1,0.0,7,0,5,0,5,-0.29,4,5,5,0,6,1,0.951,1,1.998,7,5,0,7,7,6,7,6,0.29,7,0
4,7,2,6,42.43,3,6,0.832,5,5,1,0.0,3.02,5,0.0,3,2,4,1,1,0.516,4,4,6,1,2,0,1.274,6,-2.227,2,7,2,3,1,4,7,1,0.784,0,1
6,7,7,6,849.29,5,1,0.309,0,5,2,0.0,1.624,0,0.0,6,7,5,1,0,1.694,4,2,2,0,3,0,1.483,5,2.806,5,5,4,0,1,2,7,2,0.365,5,1
5,4,3,2,0.0,2,0,-0.368,2,3,0,0.0,-0.919,2,0.0,7,7,0,0,6,-1.745,6,6,3,0,3,6,0.909,6,1.221,7,7,2,6,2,7,0,7,-0.138,5,0
7,1,6,4,0.0,0,3,-1.898,1,4,4,0.0,-1.515,3,0.0,5,6,4,0,6,-2.938,2,5,4,0,5,0,1.252,2,-3.358,4,6,6,4,1,3,6,5,-1.676,5,0
0,0,2,3,0.0,1,0,0.145,0,5,4,0.0,3.248,3,0.0,1,0,2,0,5,0.402,1,2,5,0,4,7,0.954,2,0.62,6,6,2,2,2,4,7,5,0.061,6,0
6,2,7,0,0.0,6,1,-0.657,5,4,1,0.0,-1.05,7,0.0,1,4,5,0,5,0.516,6,1,5,0,7,4,1.045,1,0.895,3,2,5,0,6,5,6,3,-0.369,4,0
1,4,1,5,0.0,2,0,0.914,4,4,4,0.0,1.094,1,0.0,3,1,4,0,2,2.726,0,4,1,0,2,0,0.82,4,1.124,4,5,4,2,6,7,7,6,0.412,2,0
0,0,5,1,0.0,1,2,-0.456,5,1,6,0.0,-0.568,1,0.0,5,2,3,0,4,-1.27,3,7,7,0,7,0,1.056,6,-0.899,5,6,7,4,7,0,2,2,-0.144,3,0
3,1,2,7,0.0,2,7,0.632,5,7,4,0.0,2.845,3,0.0,3,5,3,0,3,1.847,0,3,1,0,5,1,1.426,3,1.959,3,4,3,1,4,5,2,5,1.007,1,0
5,4,1,0,0.0,7,4,0.451,0,5,1,0.0,-3.918,2,0.0,7,3,0,0,2,0.59,3,2,2,0,3,7,0.925,7,-1.07,5,2,3,6,1,5,5,3,0.504,6,0
6,4,6,0,0.0,2,4,-1.347,1,0,7,0.0,-4.19,0,0.0,1,7,6,0,4,-1.954,7,3,7,0,5,5,0.944,0,-1.227,5,0,3,5,6,1,0,3,-0.77,5,0
1,6,0,2,0.0,6,7,0.576,3,3,1,0.0,-0.17,5,0.0,2,5,5,0,7,-0.143,5,5,4,0,0,5,0.901,2,-1.599,2,7,7,3,1,6,4,1,0.388,3,0
4,3,1,6,0.0,3,7,2.45,3,4,1,161.61,-0.509,3,0.0,2,6,5,1,1,3.021,7,0,5,1,2,7,0.863,5,3.766,6,1,5,3,0,6,5,2,2.787,4,1
7,3,2,2,0.0,3,4,-0.371,3,4,2,0.0,-0.794,6,0.0,5,2,7,0,4,-2.581,0,0,7,0,2,1,1.218,1,-0.159,4,5,6,6,4,2,2,5,-1.414,1,0
6,1,1,0,0.0,7,3,-0.208,4,7,6,0.0,1.726,0,0.0,6,4,7,0,7,0.07,2,5,7,0,2,5,1.166,4,2.936,0,4,2,2,6,0,4,5,0.313,7,0
3,3,5,6,0.0,3,6,-0.599,0,4,0,0.0,-0.434,3,0.0,2,6,5,0,4,-1.406,4,5,7,0,4,4,0.929,5,0.511,3,3,2,7,0,1,6,6,-1.0,6,0
0,6,0,4,0.0,2,2,-1.414,2,3,4,0.0,0.726,0,0.0,5,7,2,0,7,-0.233,4,6,1,0,4,2,0.945,6,-0.027,3,6,1,3,4,2,2,5,-1.115,6,0
3,1,7,3,1380.04,4,5,1.531,1,3,1,0.0,1.626,7,0.0,3,1,0,1,3,2.126,2,5,7,1,2,1,1.464,6,1.984,7,4,5,7,2,7,3,7,1.943,3,1
0,0,0,7,1848.08,0,4,1.292,1,0,7,640.16,-0.792,2,0.0,0,2,3,0,2,0.575,2,7,0,1,2,2,1.692,5,1.921,2,3,2,6,4,5,7,7,1.624,0,1
5,4,2,1,1032.77,5,3,1.526,1,6,7,0.0,-0.732,2,0.0,7,5,5,1,3,1.953,0,3,4,1,3,3,0.873,7,4.149,3,4,4,3,7,1,5,3,2.541,6,1
4,1,7,5,0.0,1,7,1.14,5,2,5,0.0,1.463,5,0.0,4,3,0,0,2,-0.073,0,6,6,0,1,5,0.668,3,-1.922,3,4,7,4,7,0,5,6,1.036,3,0
2,7,3,2,0.0,0,4,-1.448,7,3,5,0.0,-3.933,7,0.0,4,7,1,0,7,-1.547,1,6,0,0,5,5,1.095,6,-1.995,4,0,4,2,1,2,5,0,-1.5,7,0
5,5,5,4,0.0,3,6,-1.561,6,4,1,0.0,-3.236,0,0.0,7,5,4,0,0,-1.6,6,3,7,0,2,2,0.997,1,-2.18,2,7,3,5,3,7,3,1,-1.118,1,0
1,0,3,5,0.0,0,3,-0.05,1,2,2,0.0,-1.644,1,0.0,2,5,0,0,7,-1.544,0,5,3,0,1,3,0.993,5,-1.076,6,4,4,2,5,6,2,4,0.263,4,0
6,3,1,0,0.0,6,0,0.627,0,2,4,0.0,3.979,1,0.0,7,0,2,0,2,-0.988,5,2,0,0,6,5,0.704,7,2.324,4,2,5,0,4,3,7,2,0.712,1,0
3,3,1,7,1766.16,1,0,2.353,1,2,4,0.0,-1.36,1,22.58,0,3,4,1,2,1.958,0,0,2,1,3,1,1.171,0,3.105,5,3,7,0,4,3,1,1,1.657,5,1
1,3,5,0,0.0,4,7,0.115,1,7,3,0.0,-2.878,4,0.0,5,4,0,0,5,-0.71,7,0,5,0,2,4,1.094,7,-3.352,0,6,1,2,3,3,4,0,-0.526,4,0
5,6,0,1,1345.11,4,6,2.384,7,6,7,335.69,0.844,2,0.0,6,1,0,1,4,0.57,2,5,5,1,2,5,1.635,0,-0.025,2,6,5,4,6,3,0,3,2.291,5,1
3,7,4,2,0.0,4,2,-0.827,7,1,5,0.0,-3.415,6,0.0,4,0,0,0,3,-0.039,6,1,5,0,3,3,1.096,7,-2.142,1,6,7,0,4,1,3,7,-1.545,5,0
1,1,2,0,0.0,2,2,0.732,5,1,0,0.0,-3.296,4,0.0,1,1,7,0,5,-0.177,1,1,3,0,7,2,1.121,5,-0.906,1,3,3,3,1,1,2,7,0.781,3,0
3,0,3,0,95.35,1,5,2.225,3,1,4,0.0,2.314,1,0.0,6,1,6,1,7,0.43,2,3,5,1,1,7,1.299,7,2.662,1,5,2,2,2,6,2,6,2.303,1,1
3,0,3,6,0.0,5,0,-0.942,0,1,0,0.0,-0.55,3,0.0,3,1,4,0,3,-0.736,4,0,0,0,1,2,1.131,1,-1.183,3,4,1,3,0,4,1,2,-0.028,6,0
0,7,0,4,0.0,0,6,0.485,4,7,2,0.0,-1.737,5,0.0,7,4,3,0,4,0.288,5,7,4,0,6,2,1.021,7,0.42,1,4,3,3,2,0,5,2,0.392,7,0
5,6,1,1,0.0,5,4,0.456,6,2,3,0.0,0.096,6,0.0,6,1,7,0,5,-0.227,0,4,0,0,5,4,1.234,6,0.371,5,0,3,7,0,7,7,1,0.64,1,0
6,3,7,7,0.0,0,6,1.058,5,1,4,0.0,-1.555,3,0.0,7,3,1,0,7,0.386,1,6,1,0,6,3,1.121,4,-1.56,1,7,0,5,7,6,2,4,0.28,3,0
1,6,4,1,0.0,6,2,-0.585,7,3,7,0.0,2.851,3,0.0,2,4,4,0,3,-0.719,0,2,0,0,0,0,0.704,7,-1.609,5,3,5,7,3,0,7,0,-0.756,4,0
7,1,2,0,0.0,1,7,0.753,3,7,2,0.0,-2.013,5,0.0,3,6,7,0,5,-1.02,0,3,1,0,0,2,1.146,7,2.825,4,1,3,5,3,6,6,2,0.522,0,0
0,1,3,2,0.0,1,2,-0.475,3,0,5,0.0,-3.473,4,0.0,0,0,0,0,0,-1.846,6,3,1,0,3,3,0.966,2,1.665,0,6,2,7,2,4,1,0,-0.454,0,0
2,2,3,2,0.0,0,7,0.924,4,7,3,0.0,-1.081,4,0.0,5,7,6,0,7,1.774,7,1,2,0,4,5,0.964,3,5.367,0,2,0,6,5,3,3,6,1.476,3,0
5,3,2,6,0.0,3,5,-0.43,4,7,5,0.0,-4.664,6,0.0,0,0,6,0,5,0.675,7,3,2,0,5,3,1.259,7,-0.625,0,5,3,6,6,6,1,0,-0.229,1,0
0,1,5,6,1310.22,0,5,0.7,0,0,0,0.0,2.594,0,0.0,2,5,3,0,5,-1.426,6,5,5,1,3,0,1.303,2,-0.519,4,0,3,4,7,0,6,6,0.4,2,1
0,7,4,1,0.0,1,1,0.741,5,5,4,0.0,5.109,7,0.0,5,3,2,0,4,1.938,5,6,0,0,2,3,1.106,5,2.196,6,6,6,1,2,4,3,0,0.424,1,0
1,1,5,0,0.0,6,7,-2.072,4,7,4,0.0,-0.326,2,0.0,5,5,3,0,6,-2.95,3,5,6,0,6,5,0.963,4,-1.817,6,3,3,1,6,0,5,6,-2.244,3,0
2,6,4,0,0.0,6,4,-1.86,4,5,3,0.0,-2.302,7,0.0,2,3,1,0,2,-2.063,6,7,1,0,4,1,0.934,6,-0.231,3,6,5,6,7,4,1,1,-0.919,7,0
0,7,0,4,0.0,4,4,-0.572,2,1,2,0.0,1.138,7,0.0,4,1,4,0,4,-0.122,6,0,4,0,6,3,1.231,2,-0.067,0,3,2,5,2,5,4,3,0.237,7,0
0,3,7,1,0.0,7,2,-0.81,0,7,2,0.0,3.382,3,0.0,3,3,5,0,7,-2.706,2,1,3,0,5,2,0.958,2,-2.29,3,1,4,5,7,6,5,7,-1.815,3,0
3,2,3,0,0.0,2,4,0.558,2,3,7,0.0,-0.26,6,0.0,5,0,5,0,2,-1.187,1,5,6,0,5,1,1.318,0,-0.379,6,3,7,2,2,5,0,2,0.814,6,0
7,5,0,5,0.0,2,0,-2.257,5,7,4,0.0,-4.078,6,0.0,6,6,5,0,3,-2.524,7,6,6,0,7,5,0.865,3,-3.361,0,1,6,0,6,3,6,6,-1.87,2,0
1,4,1,6,0.0,5,4,-0.35,5,5,4,0.0,0.926,3,0.0,4,1,5,0,6,0.16,7,1,7,0,4,7,0.802,2,0.355,3,4,4,4,6,6,6,4,-0.034,1,0
7,3,4,5,0.0,1,3,-0.373,4,0,7,0.0,-2.758,0,0.0,6,2,7,0,1,0.699,5,6,0,0,1,7,1.276,1,2.535,7,5,4,5,3,7,0,5,-0.584,6,0
1,2,6,1,1313.58,3,5,1.584,3,7,3,0.0,3.467,5,0.0,1,7,3,1,3,-1.704,6,7,5,0,6,0,1.601,0,0.64,5,0,3,1,2,1,2,6,0.637,0,1
0,0,5,1,0.0,3,1,-0.953,6,5,4,0.0,-0.155,2,0.0,1,5,7,0,6,-0.456,7,4,3,0,3,4,0.858,3,-1.902,6,1,4,0,5,0,2,3,-1.219,0,0
1,6,2,6,0.0,1,3,-1.132,3,6,5,0.0,-2.578,4,0.0,2,1,4,0,4,-0.743,0,3,7,0,6,7,0.867,5,-0.765,5,7,2,2,6,0,4,0,-1.529,7,0
0,2,5,2,0.0,7,6,-1.391,2,0,1,0.0,-0.962,1,0.0,2,2,3,0,1,-2.093,2,4,5,0,7,3,0.717,0,-0.973,2,6,2,2,5,5,7,5,-1.666,2,0
4,4,7,5,0.0,7,0,1.107,0,6,7,0.0,1.838,4,0.0,5,5,4,0,3,2.2,4,2,3,1,7,3,1.144,7,2.172,2,2,2,4,5,2,1,4,1.932,1,1
6,0,6,6,1153.46,5,0,1.792,5,2,7,0.0,4.583,1,0.0,7,6,7,1,2,1.279,6,2,2,1,5,1,1.455,7,1.556,7,3,1,6,7,5,0,0,1.72,4,1
1,7,7,1,1493.85,2,7,1.385,2,2,6,0.0,-0.635,3,0.0,2,2,7,1,3,1.053,6,3,1,1,5,7,1.612,1,-0.03,3,3,0,1,4,7,3,2,2.18,2,1
4,1,2,3,1923.61,7,7,1.12,4,1,3,0.0,2.764,3,0.0,3,7,1,0,1,1.354,7,6,6,1,1,2,0.839,6,0.559,5,2,0,0,3,4,6,7,0.943,7,1
3,6,4,1,2082.46,1,6,1.536,2,4,5,371.0,2.053,2,0.0,1,5,4,1,1,1.582,5,7,1,1,3,7,1.246,0,0.808,4,2,1,0,0,2,0,5,1.414,4,1
6,7,6,7,0.0,0,1,-1.751,4,4,4,0.0,-3.076,7,0.0,2,7,5,0,1,-1.028,4,2,2,0,3,1,1.303,7,-2.639,4,0,2,2,7,0,1,1,-1.517,6,0
1,2,6,6,92.63,1,3,0.952,4,3,1,0.0,3.636,4,0.0,5,2,6,0,2,1.872,6,7,6,1,4,7,0.972,4,4.118,2,2,5,6,2,6,7,2,0.284,1,1
3,5,7,0,0.0,1,0,0.148,2,3,4,0.0,1.389,0,0.0,0,3,3,0,5,-1.171,2,0,1,0,0,6,1.144,3,-2.566,7,0,4,6,4,2,6,1,-0.156,1,0
0,4,1,6,187.44,3,4,0.929,0,3,2,0.0,-2.036,5,0.0,1,6,2,1,4,0.005,0,2,3,1,0,6,1.191,6,4.484,4,7,6,5,1,1,1,6,1.619,5,1
1,0,1,1,0.0,6,4,-0.099,4,6,7,0.0,1.054,0,0.0,4,7,4,0,2,1.655,2,1,7,0,7,3,1.149,0,-3.482,2,1,1,4,5,0,6,6,-0.032,1,0
6,6,0,7,0.0,0,1,0.514,6,4,7,0.0,-1.865,0,0.0,7,7,5,0,4,-0.993,3,1,5,0,0,1,0.865,6,-1.847,5,5,6,0,6,6,0,4,-0.29,2,0
6,6,6,2,0.0,1,5,0.587,2,4,7,0.0,-2.02,2,0.0,3,5,0,0,7,-1.826,7,0,2,0,7,7,0.782,3,-0.672,5,6,2,3,2,4,4,7,-0.225,0,0
5,5,6,3,0.0,7,5,1.104,3,6,4,0.0,-0.084,6,0.0,3,6,7,0,7,-0.488,7,2,4,0,6,4,0.587,7,4.261,3,3,0,2,4,1,2,1,0.807,2,0
4,6,7,7,0.0,4,3,-1.327,1,0,3,0.0,-1.462,5,0.0,5,0,3,0,1,-2.202,6,0,5,0,1,1,1.096,5,-1.763,5,1,7,3,4,7,2,7,-1.43,3,0
1,0,1,1,0.0,7,5,-0.775,1,0,6,0.0,0.68,4,0.0,1,7,2,0,2,0.187,0,0,7,0,6,2,0.9,4,-4.887,0,0,5,5,3,1,1,4,-0.703,5,0
4,7,7,4,1535.08,6,5,0.629,4,6,5,0.0,2.006,6,8.22,6,7,5,0,3,1.549,7,3,6,1,1,6,1.497,5,-3.849,4,2,5,2,6,6,2,2,0.023,1,1
6,7,5,0,0.0,0,5,-0.342,7,6,7,0.0,1.971,2,0.0,0,2,5,0,4,-2.233,2,5,6,0,2,2,1.079,6,-0.856,5,0,6,3,6,4,1,0,-0.83,1,0
4,6,5,0,0.0,5,5,-1.976,0,7,6,0.0,-0.74,4,0.0,6,4,1,0,0,-1.396,0,0,1,0,1,7,1.014,0,-1.875,3,1,7,2,7,2,3,0,-0.492,0,0
0,2,7,1,0.0,4,2,-0.126,6,0,6,0.0,-4.897,0,0.0,2,5,3,0,1,-0.624,6,5,2,0,6,2,1.097,7,0.984,3,7,5,6,2,0,0,6,-0.786,4,0
2,4,0,6,0.0,2,6,1.187,5,7,2,0.0,0.362,3,0.0,0,5,7,0,7,0.368,7,4,5,0,2,5,0.919,7,-0.53,1,0,7,7,4,7,5,3,0.571,7,0
0,3,6,6,0.0,6,3,0.682,6,7,0,0.0,0.627,5,0.0,3,6,5,0,6,1.201,5,5,3,0,1,3,1.106,5,1.384,4,3,2,6,5,1,6,5,0.747,2,0
4,4,6,0,0.0,0,7,0.651,4,3,6,0.0,-0.253,2,0.0,0,5,3,0,4,-0.138,4,4,3,0,6,4,0.684,2,-0.75,5,5,3,2,5,2,7,4,-0.413,0,0
6,4,2,3,0.0,0,6,1.132,7,5,5,0.0,-0.047,2,0.0,6,2,5,0,6,1.937,7,4,4,0,5,7,0.974,1,2.902,4,4,7,2,1,7,3,2,0.962,0,0
0,1,5,4,0.0,3,5,0.734,3,5,3,0.0,1.651,3,0.0,0,4,5,0,7,0.988,7,7,2,0,6,6,1.204,0,3.551,3,1,0,1,0,3,3,2,1.133,5,0
7,4,2,5,0.0,6,7,-0.565,3,4,4,0.0,1.705,0,0.0,5,1,6,0,4,0.089,7,6,2,0,2,6,1.182,1,0.741,6,4,7,5,3,5,4,7,-0.638,7,0
1,7,6,0,0.0,4,6,-1.103,3,5,2,0.0,-4.745,5,0.0,2,7,4,0,7,0.115,4,3,1,0,6,1,1.162,7,-2.476,7,1,0,1,0,6,3,6,-1.192,1,0
2,3,4,0,0.0,6,0,-0.445,5,1,1,0.0,-2.777,0,0.0,5,5,6,0,2,-1.412,4,4,2,0,6,1,0.681,5,-3.282,6,3,4,0,3,7,6,1,-2.024,6,0
1,3,4,4,0.0,7,3,-1.262,2,6,2,0.0,-2.539,4,0.0,7,5,2,0,2,-1.026,7,4,5,0,6,0,1.023,5,1.655,3,6,6,7,6,3,3,5,-0.92,4,0
0,3,2,1,0.0,5,0,-0.362,4,7,1,0.0,2.908,7,0.0,7,1,7,0,3,0.773,5,4,7,0,5,1,1.196,3,0.397,0,3,1,1,4,2,3,0,0.359,6,0
5,2,2,6,0.0,2,1,-0.252,4,7,1,0.0,0.832,2,0.0,7,5,4,0,2,-1.774,1,1,2,0,3,7,0.744,2,-0.295,3,3,6,7,6,0,3,0,-0.403,0,0
3,6,5,5,241.99,4,6,1.038,0,0,0,0.0,-3.066,1,0.0,0,4,1,1,0,0.616,1,3,4,1,3,6,1.274,1,0.017,0,5,4,6,1,0,2,0,1.633,2,1
2,0,4,0,0.0,2,7,0.814,5,1,5,0.0,3.982,2,0.0,7,1,2,0,1,-0.594,1,2,6,0,2,3,1.073,4,-1.276,0,7,2,4,0,2,0,0,-0.274,7,0
1,0,0,4,0.0,0,5,0.445,3,7,1,0.0,0.271,3,0.0,1,1,3,0,4,-1.042,7,2,6,0,7,6,0.722,2,0.134,3,1,0,6,6,6,1,2,0.498,1,0
5,4,3,3,0.0,5,1,0.639,5,0,1,0.0,-0.063,0,0.0,4,6,2,0,6,0.345,6,7,2,0,0,6,1.232,1,1.892,0,7,4,1,3,2,5,5,0.915,0,0
2,3,4,2,0.0,2,0,-1.487,3,0,2,0.0,-2.75,4,0.0,5,7,4,0,4,-1.824,5,4,3,0,6,0,1.385,0,-1.331,2,7,6,3,5,1,2,3,-2.177,3,0
2,0,4,0,0.0,3,4,-0.489,6,2,5,0.0,-1.531,6,0.0,1,6,3,0,1,-1.892,6,2,2,0,5,5,1.15,0,-0.48,6,1,2,4,1,2,0,2,-1.459,7,0
2,2,7,0,0.0,5,3,0.661,2,0,5,0.0,-3.247,5,0.0,5,7,1,0,6,-0.486,1,0,2,0,4,7,1.083,0,2.645,3,6,0,6,0,7,0,5,0.731,2,0
3,4,5,1,0.0,5,0,-0.023,2,3,6,0.0,0.32,0,0.0,4,5,7,0,1,-1.954,4,6,3,0,1,5,1.096,5,-2.705,5,7,5,5,2,3,6,7,-0.096,2,0
1,5,0,3,0.0,2,0,-0.65,6,1,5,0.0,-4.012,5,0.0,4,7,7,0,1,-0.326,0,7,6,0,4,2,0.938,3,-2.073,1,0,5,7,0,2,0,5,-1.112,2,0
4,2,1,1,0.0,4,4,0.261,6,7,2,0.0,-0.211,0,0.0,0,3,7,0,1,0.073,1,7,0,0,5,6,0.92,7,0.462,1,0,7,0,3,4,4,2,-0.183,1,0
0,3,7,6,0.0,5,0,-0.626,0,1,5,0.0,-0.502,0,0.0,7,7,4,0,3,-0.271,0,5,7,0,1,4,1.156,4,-1.811,5,0,6,3,6,0,5,0,0.361,0,0
6,3,3,6,0.0,2,7,0.456,4,5,1,0.0,1.546,4,0.0,6,6,5,0,1,1.471,0,2,2,0,2,5,1.055,2,2.327,4,1,7,7,6,1,2,3,0.89,1,0
0,2,0,0,0.0,2,6,0.035,1,6,1,0.0,1.994,3,0.0,2,6,0,0,7,0.142,5,4,2,0,5,3,1.323,0,1.231,4,0,7,3,0,5,4,2,-0.028,1,0
4,2,6,0,0.0,2,0,-1.591,3,3,5,0.0,-0.458,4,0.0,6,2,0,0,6,-3.914,7,2,0,0,7,7,0.742,7,-2.658,7,2,2,3,0,5,6,6,-1.891,2,0
0,7,7,4,0.0,2,2,0.245,7,4,5,0.0,0.42,1,0.0,3,3,6,0,7,-1.238,1,4,4,0,5,5,1.124,5,0.672,2,3,1,6,0,5,1,6,-0.275,5,0
5,2,0,3,1712.6,1,7,1.224,7,3,7,219.11,0.811,6,7.46,6,6,4,0,4,1.92,2,6,4,1,7,0,1.218,2,0.846,1,7,6,6,6,4,5,6,0.757,5,1
6,1,3,2,0.0,4,7,0.925,7,0,7,0.0,-1.234,4,0.0,4,0,1,0,0,0.368,3,1,7,0,0,1,0.885,0,1.232,5,1,0,2,2,1,0,1,1.329,2,0
1,2,5,4,0.0,5,1,-0.766,3,2,3,0.0,-1.115,3,0.0,7,1,4,0,2,0.552,5,4,4,0,4,3,0.709,7,-2.66,2,1,1,3,1,5,6,0,-0.12,5,0
5,6,4,0,0.0,1,2,-1.598,1,4,0,0.0,-0.893,5,0.0,4,0,0,0,1,-1.916,1,7,3,0,6,0,0.967,7,-1.225,2,7,1,7,6,1,6,2,-1.593,2,0
1,2,7,7,0.0,2,6,-2.285,2,3,0,0.0,0.489,6,0.0,1,4,4,0,5,-1.605,2,4,5,0,3,5,0.889,2,-1.13,3,4,0,7,6,4,5,2,-1.785,6,0
1,0,2,7,0.0,4,2,-0.465,7,4,6,0.0,0.598,2,0.0,7,2,0,0,1,-1.419,2,1,7,0,3,1,0.591,7,1.738,1,7,5,7,7,5,6,6,-0.199,2,0
4,0,0,0,156.12,5,3,-0.113,1,1,4,0.0,2.324,0,16.54,0,7,1,0,5,1.36,7,6,6,1,6,2,1.239,4,1.135,1,0,2,6,3,4,2,6,1.311,7,1
3,7,0,0,837.62,0,6,0.914,4,2,3,0.0,1.012,6,0.0,6,5,5,0,0,-1.228,4,6,0,1,0,7,1.403,4,0.015,5,5,4,3,3,6,1,3,-0.074,1,1
6,0,3,1,0.0,7,4,-0.424,4,5,3,0.0,0.731,5,0.0,0,5,6,0,2,-1.397,0,3,5,0,6,0,0.974,5,-1.777,3,5,6,2,2,3,7,2,-0.992,0,0
4,0,6,7,0.0,4,6,0.494,3,3,5,0.0,-0.409,6,0.0,5,3,1,0,1,-0.489,4,4,0,0,4,4,1.175,3,-1.245,7,4,6,7,5,6,4,5,0.147,6,0
0,7,3,5,1482.83,3,2,0.427,3,6,6,0.0,-0.473,1,0.0,2,0,0,0,2,0.59,4,2,7,1,4,4,1.005,0,2.23,3,5,5,6,0,7,6,7,0.722,3,1
7,2,3,6,0.0,3,0,-0.845,2,2,2,0.0,-0.043,5,0.0,1,3,6,0,1,0.594,7,6,5,0,3,3,1.062,0,0.66,3,2,7,0,7,2,2,6,-0.73,1,0
4,4,7,1,0.0,1,2,0.469,2,1,4,0.0,-0.838,1,0.0,0,2,5,0,1,-2.925,3,7,5,0,5,0,0.903,2,-1.005,1,6,7,6,0,5,4,6,-0.647,1,0
4,6,6,1,0.0,4,0,1.392,0,3,6,0.0,3.011,6,0.0,1,3,2,1,6,0.344,4,1,4,1,3,7,1.44,7,1.978,3,4,7,3,3,4,3,7,1.642,2,1
3,4,2,5,0.0,3,5,-1.054,6,7,7,0.0,1.196,3,0.0,5,3,4,0,0,-0.403,1,7,3,0,7,3,1.01,3,-1.306,2,2,0,7,1,7,5,2,-0.561,7,0
7,1,7,7,0.0,4,3,0.87,1,0,5,0.0,-1.992,6,0.0,2,2,1,0,5,2.978,4,5,2,0,3,1,0.806,6,1.196,5,2,5,4,1,5,4,0,1.077,0,0
2,0,1,3,1110.04,3,1,0.128,5,6,1,0.0,-1.1,5,0.0,3,1,1,1,2,1.932,5,1,7,0,5,6,1.182,2,-1.591,4,7,6,3,1,2,4,4,0.666,1,1
1,3,7,7,0.0,6,0,-1.489,4,1,1,0.0,-3.74,6,0.0,5,2,6,0,4,-0.507,4,7,3,0,1,3,0.968,6,-3.653,2,2,0,3,0,1,0,0,-1.177,1,0
0,2,7,0,91.09,4,7,2.152,0,6,2,0.0,2.336,1,19.39,0,0,2,0,1,2.289,3,6,4,1,5,6,0.925,1,2.662,1,6,3,0,2,0,1,4,1.317,4,1
0,2,1,1,331.19,7,3,1.416,0,7,0,0.0,0.156,1,0.0,4,6,2,1,2,-0.072,2,6,6,0,3,2,1.229,6,2.102,0,6,6,7,5,4,4,3,0.871,4,1
6,7,6,2,0.0,7,6,-0.731,3,4,0,0.0,0.7,7,0.0,5,4,1,0,0,-0.412,1,5,3,0,1,5,0.982,3,0.271,2,6,4,6,4,0,3,2,-0.736,6,0
3,6,2,4,0.0,5,0,0.031,4,6,5,0.0,0.038,3,0.0,6,1,6,0,7,-0.134,5,4,7,0,0,0,1.216,0,0.598,2,0,2,1,1,2,1,4,-0.023,1,0
0,5,3,0,0.0,4,7,-0.373,5,2,7,0.0,-3.401,2,0.0,7,0,2,0,2,2.795,3,7,5,0,1,3,0.677,3,-2.232,6,5,2,5,2,1,6,0,-0.358,5,0
1,6,6,5,0.0,1,4,-2.604,0,7,5,0.0,-2.729,2,0.0,1,3,3,0,2,-1.206,5,1,6,0,1,3,0.963,7,-5.462,3,4,0,1,6,0,6,0,-1.467,0,0
1,2,6,4,0.0,5,7,-0.947,4,2,0,0.0,-1.279,7,0.0,3,0,1,0,4,-0.353,2,3,5,0,0,1,0.767,4,0.616,2,2,1,0,2,5,6,0,-0.485,7,0
7,2,3,1,0.0,2,6,-0.136,1,5,5,0.0,0.392,2,0.0,6,6,1,0,3,0.539,3,6,0,0,3,1,1.032,5,-3.64,7,2,5,2,7,2,1,5,-0.242,6,0
6,1,2,1,0.0,1,4,-0.591,0,1,5,0.0,0.205,7,0.0,0,1,0,0,5,0.876,7,4,6,0,3,0,1.278,1,2.868,7,1,5,7,7,5,7,4,0.426,1,0
1,7,0,2,205.67,3,7,1.291,3,7,0,0.0,0.542,6,0.0,1,3,5,1,5,3.282,3,7,6,1,1,3,1.591,1,-0.11,5,7,2,1,0,1,1,4,1.913,6,1
5,2,2,6,0.0,2,4,0.31,4,5,1,0.0,-3.377,5,0.0,1,7,1,0,1,1.428,7,3,7,0,1,2,1.304,7,1.765,6,6,6,5,5,6,4,3,0.383,4,0
7,1,5,7,436.32,6,3,1.326,7,5,4,0.0,1.235,5,0.0,7,4,5,0,2,-0.031,2,0,1,1,3,3,1.222,0,-0.5,7,6,5,1,4,2,5,4,0.888,2,1
0,3,2,0,0.0,4,4,-0.006,7,5,5,0.0,-3.577,6,0.0,1,1,4,0,6,1.135,7,2,2,0,4,0,0.819,7,0.992,6,6,5,7,3,4,0,7,-0.673,1,0
5,0,6,7,0.0,0,6,-1.414,5,6,7,0.0,-2.237,5,0.0,3,1,2,0,6,-1.809,7,3,2,0,5,3,0.562,1,-1.555,5,4,1,1,5,6,6,4,-1.31,6,0
4,4,0,7,0.0,5,1,-0.2,7,6,4,0.0,-0.357,4,0.0,7,4,3,0,2,-1.803,3,1,2,0,1,5,1.201,2,0.73,0,7,0,0,6,4,3,1,-0.702,1,0
0,1,4,4,0.0,3,5,-0.278,7,3,7,0.0,-4.103,5,0.0,6,1,0,0,7,-0.396,4,5,7,0,0,0,1.089,4,-2.526,1,3,2,0,3,3,6,1,-0.382,3,0
4,2,0,4,0.0,6,2,-1.682,4,1,4,0.0,1.536,4,0.0,5,5,0,0,0,-1.138,5,7,7,0,1,3,0.928,0,-4.806,3,4,6,2,0,0,5,0,-0.793,2,0
6,4,4,0,0.0,1,1,-0.323,2,0,7,0.0,-2.528,2,0.0,3,6,6,0,4,0.309,1,7,6,0,2,6,0.936,2,-1.965,4,5,2,7,6,3,0,5,-0.352,7,0
4,0,4,5,425.03,6,5,0.252,7,2,1,0.0,1.375,1,23.85,2,0,0,1,6,0.632,0,2,6,1,6,4,1.127,5,1.791,1,7,5,1,3,2,0,2,1.833,4,1
1,5,7,7,552.29,6,5,0.598,1,1,4,0.0,1.156,6,6.92,6,5,0,0,5,0.526,6,4,1,1,3,4,1.213,1,3.605,4,6,0,6,3,2,1,1,0.957,1,1
7,2,6,1,0.0,2,5,1.149,7,7,7,0.0,-2.922,4,0.0,7,2,4,0,1,0.123,4,6,7,0,4,2,0.878,4,1.934,0,4,5,7,1,7,2,3,0.299,6,0
2,0,3,6,0.0,4,6,-0.019,1,1,4,0.0,0.837,4,0.0,1,6,5,0,6,-1.405,1,6,3,0,4,0,0.841,1,0.697,2,2,3,2,3,4,4,0,0.03,3,0
0,3,0,6,0.0,1,6,0.495,0,4,0,0.0,2.954,4,0.0,3,7,2,0,3,-0.971,7,2,4,0,7,5,1.191,2,0.48,4,1,5,6,6,6,3,0,0.62,4,0
1,3,4,5,0.0,7,0,-0.049,2,6,1,0.0,-1.762,7,0.0,4,0,0,0,1,1.009,3,5,2,0,2,1,0.913,1,1.738,2,1,2,2,2,1,5,6,-0.024,5,0
7,2,7,6,0.0,0,4,-2.686,2,1,3,0.0,-3.358,3,0.0,5,5,1,0,5,-1.144,2,2,4,0,5,3,1.314,4,-3.035,0,1,6,6,6,5,3,1,-1.694,7,0
4,4,2,6,0.0,1,0,-0.273,7,4,1,0.0,3.551,5,0.0,0,5,4,0,0,0.419,7,7,2,0,2,7,0.817,7,3.705,3,0,6,4,2,2,3,5,0.259,6,0
0,5,7,3,0.0,0,7,-0.374,2,3,4,0.0,1.415,1,0.0,2,7,3,0,0,-1.157,1,3,3,0,4,4,0.922,6,-0.572,1,5,6,0,6,3,6,1,0.015,5,0
0,3,7,0,0.0,1,5,0.384,7,3,2,0.0,-0.136,4,10.78,5,1,6,0,4,0.631,0,1,1,1,6,7,1.36,7,3.382,0,2,4,1,3,0,3,1,1.004,2,1
1,2,6,7,556.45,2,5,2.371,1,3,3,418.54,-1.304,3,23.38,7,7,4,1,2,2.136,5,5,3,1,0,6,1.38,3,3.065,7,3,5,1,3,4,7,0,1.424,6,1
5,7,5,0,0.0,1,3,0.197,3,7,2,0.0,-4.15,6,0.0,5,0,0,0,2,0.637,6,7,0,0,5,6,0.716,5,1.3,2,3,6,5,5,1,5,7,-0.475,7,0
5,7,3,4,0.0,1,1,1.336,0,7,4,0.0,1.904,5,0.0,4,5,7,1,6,1.604,4,0,7,1,5,6,1.011,4,-1.31,7,5,4,4,5,4,1,4,1.167,7,1
5,5,0,0,0.0,4,0,-0.574,4,5,5,0.0,-0.137,7,0.0,6,6,2,0,1,0.708,6,6,4,0,2,4,1.178,5,-4.025,2,6,4,2,5,6,1,0,-0.064,6,0
4,6,6,5,0.0,2,6,0.847,3,5,0,0.0,-1.242,1,0.0,4,2,0,0,4,1.34,2,4,5,1,7,0,1.239,5,1.602,7,5,0,5,2,6,2,0,0.801,2,1
3,0,4,7,0.0,1,7,-0.058,5,6,0,0.0,3.151,2,0.0,5,1,0,0,1,-1.362,5,6,2,0,4,3,1.213,0,1.396,5,4,1,0,2,7,0,7,0.225,1,0
6,3,1,6,0.0,4,4,-0.983,1,7,1,0.0,3.864,7,0.0,5,3,6,0,7,-1.714,0,4,5,0,0,3,1.29,5,1.892,4,3,3,4,4,5,4,3,-0.049,2,0
5,4,2,5,0.0,4,6,0.181,3,1,5,0.0,1.402,0,0.0,5,0,0,0,4,-0.31,6,6,5,1,4,7,1.006,6,-2.179,7,3,4,0,5,2,5,0,-0.205,5,1
0,0,5,5,0.0,1,1,-0.328,7,6,4,0.0,2.438,0,0.0,1,0,2,0,7,-1.525,3,6,0,0,5,2,0.784,5,-0.652,6,3,2,0,1,4,3,0,-0.525,4,0
2,7,4,3,0.0,5,1,0.337,1,6,5,0.0,-3.244,5,0.0,7,3,2,0,5,-1.542,3,2,4,0,7,1,1.211,4,1.384,0,4,2,0,4,1,6,1,-0.048,3,0
1,3,1,2,401.85,4,5,1.863,2,3,3,0.0,1.777,6,7.22,4,7,2,0,7,2.567,0,4,2,1,3,7,1.162,1,1.911,5,7,2,4,7,5,5,0,1.129,0,1
5,7,4,7,0.0,4,7,-0.276,1,2,3,0.0,2.507,3,0.0,7,2,5,0,3,-1.119,5,0,7,0,1,5,0.871,6,-2.539,5,0,2,3,6,1,6,3,-0.15,6,0
3,0,0,2,418.07,4,5,0.456,6,2,5,0.0,-7.092,1,0.0,6,4,1,0,2,1.166,0,6,4,1,5,5,1.128,7,1.884,0,5,4,1,1,5,7,5,0.809,2,1
3,2,6,1,0.0,3,0,0.697,7,4,4,0.0,0.095,4,0.0,2,5,6,0,0,0.594,0,2,2,0,5,2,1.064,1,2.388,0,2,0,2,2,5,0,3,0.364,2,0
7,4,7,4,0.0,3,6,-0.66,0,7,0,0.0,0.675,6,0.0,1,6,1,0,4,-1.278,1,5,2,0,0,3,1.325,0,-1.665,2,1,2,4,2,3,2,7,-0.444,3,0
5,0,7,3,0.0,2,3,-3.698,2,1,3,0.0,0.067,2,0.0,7,4,1,0,4,-4.033,6,0,4,0,5,4,1.272,5,-2.557,6,3,7,0,4,1,1,2,-3.122,0,0
6,2,1,4,418.8,3,6,0.604,1,6,0,0.0,0.232,3,0.0,7,3,3,0,0,0.255,0,5,7,1,3,5,1.065,5,4.008,7,4,4,2,7,2,1,3,0.693,0,1
4,1,2,0,0.0,2,3,-0.469,6,4,2,0.0,0.268,0,0.0,6,2,0,0,4,-0.316,5,4,4,0,4,6,1.402,1,-0.122,7,7,4,7,5,5,5,7,-0.218,4,0
3,0,5,4,1436.19,2,5,1.631,1,6,7,0.0,-0.57,3,0.0,3,4,6,0,7,1.645,0,2,4,1,7,4,1.107,2,3.368,2,2,6,2,7,7,5,1,1.334,0,1
2,6,1,1,0.0,4,4,-0.919,7,2,7,0.0,-3.06,4,0.0,7,5,7,0,1,-0.779,4,4,7,0,3,4,0.738,5,-1.989,3,2,7,4,4,1,3,5,-1.307,5,0
3,0,1,3,0.0,4,3,0.865,1,6,4,0.0,3.494,0,0.0,1,3,1,1,4,-1.138,0,2,6,0,4,1,1.06,4,1.584,0,0,3,2,6,4,3,3,1.158,6,1
4,0,3,4,0.0,5,4,-1.562,0,0,3,0.0,0.241,4,0.0,7,7,5,0,3,0.425,3,6,0,0,1,1,0.633,3,-2.094,6,6,6,1,5,6,2,4,-1.263,0,0
2,6,5,0,0.0,0,7,0.134,0,6,1,0.0,-0.948,5,0.0,0,4,7,0,4,-2.101,1,7,5,0,1,4,1.073,2,-0.227,0,3,7,6,1,0,1,3,-0.405,5,0
3,1,6,4,0.0,4,3,0.458,2,4,4,0.0,1.421,2,0.0,5,0,2,0,4,1.525,7,2,3,0,7,1,1.047,2,1.932,1,5,0,0,4,4,4,3,1.34,2,0
1,1,6,0,0.0,5,7,-0.774,0,5,7,0.0,-0.262,6,0.0,0,1,6,0,2,1.049,5,2,6,0,6,5,1.647,3,-2.528,4,7,5,1,4,4,0,6,-0.219,5,0
2,3,6,2,0.0,4,2,-1.116,2,6,1,0.0,-3.096,2,0.0,4,6,2,0,6,-0.952,3,5,0,0,3,4,0.857,0,1.217,0,0,1,7,3,1,1,6,-1.821,7,0
2,6,4,2,0.0,7,7,-0.269,7,1,3,0.0,-2.542,7,0.0,5,6,4,0,0,-0.414,1,3,4,0,7,3,0.91,2,0.671,1,7,7,1,1,3,1,1,-0.217,5,0
1,3,0,3,0.0,2,0,0.038,7,1,6,0.0,0.902,4,0.0,2,5,4,0,7,-2.072,0,0,3,0,7,1,0.85,0,-2.305,4,7,4,0,2,3,2,1,-0.713,7,0
3,4,2,1,0.0,3,4,1.154,5,7,6,0.0,-0.789,2,0.0,7,7,6,0,1,0.538,7,5,1,0,5,6,0.971,3,1.918,3,2,7,2,1,5,5,2,0.683,5,0
5,0,4,2,0.0,5,7,-1.67,7,7,5,0.0,-0.182,5,0.0,6,5,2,0,2,-2.372,4,1,0,0,1,6,0.78,5,0.417,7,2,1,1,1,5,1,5,-2.007,1,0
7,7,3,5,61.85,4,4,1.266,0,5,0,263.97,-1.495,5,0.0,6,0,2,0,3,1.632,0,3,7,1,3,5,0.881,2,1.874,7,5,0,1,3,5,5,7,1.215,0,1
3,1,6,1,0.0,2,7,0.882,1,0,5,0.0,-2.111,4,0.0,0,7,3,0,5,0.21,3,5,4,0,0,6,1.022,6,-0.899,6,2,5,5,1,3,5,0,0.616,1,0
0,2,1,6,0.0,4,2,-0.431,7,5,6,0.0,1.394,5,0.0,3,7,3,0,1,-0.825,2,0,4,0,4,4,1.09,2,-0.239,1,2,4,6,3,4,4,4,-0.409,4,0
1,5,2,3,0.0,5,6,0.016,5,1,4,0.0,1.514,7,0.0,3,3,4,0,3,-0.976,3,6,1,0,6,5,1.06,6,0.552,3,3,2,6,5,3,7,7,0.251,1,0
1,0,5,1,0.0,5,0,0.068,2,0,0,0.0,0.178,5,0.0,2,1,0,0,2,2.899,4,6,7,0,3,2,0.921,1,-0.222,3,4,2,5,6,1,6,4,0.285,5,0
4,2,0,7,0.0,2,2,0.98,6,7,4,0.0,4.242,5,0.0,2,7,0,0,6,-0.349,2,6,2,0,1,2,1.159,0,0.142,1,3,5,1,3,2,5,7,0.279,7,0
6,2,3,3,357.14,6,1,1.195,7,1,1,0.0,-3.091,4,0.0,1,5,0,1,7,1.491,7,5,2,1,1,2,1.361,0,2.751,5,5,3,1,2,5,1,7,0.833,6,1
6,3,6,6,0.0,2,0,0.731,4,3,5,0.0,5.272,3,0.0,0,0,7,0,1,0.773,2,3,6,0,0,7,1.134,2,-1.277,6,7,6,3,2,2,4,4,1.369,0,0
6,6,3,6,0.0,4,2,0.884,2,5,1,0.0,4.252,2,0.0,6,2,6,0,1,2.395,3,3,6,0,0,5,1.06,1,2.186,7,2,1,0,6,0,7,2,1.064,4,0
0,5,0,6,0.0,5,0,0.745,0,0,5,0.0,-0.531,1,0.0,2,4,7,0,3,-1.312,3,5,7,0,0,2,1.283,4,-3.526,7,1,1,0,3,6,5,4,-1.118,0,0
6,3,7,6,130.32,6,0,1.545,3,2,3,0.0,3.919,0,0.0,1,2,1,1,1,0.16,6,0,1,1,1,5,1.155,1,1.907,0,3,6,3,3,6,7,5,1.87,7,1
0,6,5,4,0.0,2,3,-0.648,4,4,3,0.0,-3.969,5,0.0,2,3,7,0,2,1.891,5,5,7,0,6,4,1.0,0,2.884,2,5,2,4,6,5,3,5,0.031,5,0
4,0,5,1,0.0,3,4,0.65,5,1,2,0.0,2.233,5,0.0,2,0,7,0,6,1.208,2,1,3,0,2,7,1.388,3,-0.517,4,2,5,4,0,5,2,0,0.617,2,0
6,0,0,1,0.0,0,2,-0.134,4,5,2,0.0,4.006,5,0.0,4,1,5,0,3,-1.141,2,4,3,0,7,6,0.754,2,-0.2,1,4,2,0,0,2,1,0,-0.49,1,0
0,1,3,2,0.0,1,7,-1.005,6,0,3,0.0,-1.206,4,0.0,0,3,1,0,3,-1.209,0,5,7,0,2,4,1.046,7,-2.033,6,5,7,2,0,4,6,6,-1.101,7,0
1,2,0,7,0.0,1,0,-0.003,5,0,7,0.0,-3.516,3,0.0,5,3,2,0,7,-1.241,3,6,4,0,7,2,0.774,0,-1.898,4,7,2,6,5,3,3,7,-1.17,2,0
6,3,5,0,0.0,7,7,0.002,6,1,3,0.0,-0.381,3,0.0,6,1,3,0,5,0.802,4,7,7,0,5,5,0.685,6,1.45,3,6,4,3,4,7,0,5,0.432,5,0
4,5,6,3,470.76,3,4,0.826,4,2,2,0.0,1.668,7,0.0,5,0,3,1,4,1.901,2,6,1,1,6,7,0.622,4,-0.499,7,0,3,1,3,6,3,5,1.101,2,1
5,2,0,1,0.0,1,7,-1.104,2,3,7,0.0,-6.559,6,0.0,0,3,0,0,1,-3.017,2,5,7,0,1,0,1.043,5,-1.572,5,6,2,1,5,1,6,5,-1.231,7,0
2,7,2,4,0.0,2,4,-0.618,5,3,3,0.0,-0.41,6,0.0,1,3,2,0,5,-1.36,4,0,7,0,5,6,0.853,0,-1.596,0,5,1,4,6,2,4,3,0.276,7,0
1,4,7,2,0.0,6,0,-0.039,5,2,4,0.0,-3.052,1,0.0,3,0,2,0,3,-0.769,1,5,0,0,3,3,0.824,1,-1.195,1,2,5,4,3,0,3,5,-0.413,7,0
2,6,1,1,881.63,0,2,0.607,4,3,2,0.0,-0.663,4,0.0,0,3,5,1,2,2.375,7,1,3,0,3,2,1.186,2,-3.258,1,2,0,7,5,1,5,2,0.695,6,1
0,4,5,7,0.0,4,6,-1.482,4,5,4,0.0,1.469,4,0.0,7,2,5,0,4,0.662,0,5,1,0,2,6,0.895,5,-1.859,5,0,6,1,4,3,6,0,-1.273,3,0
1,2,3,4,1969.36,4,1,1.628,2,4,0,0.0,7.39,0,0.0,1,0,5,1,1,0.31,4,5,6,1,3,4,1.189,6,1.215,2,1,2,6,3,4,5,3,1.392,0,1
6,0,4,7,0.0,7,1,-2.105,4,6,0,0.0,-3.025,2,0.0,0,0,5,0,5,-2.312,4,3,7,0,4,1,1.272,3,0.829,4,1,5,2,1,6,1,3,-2.378,0,0
4,1,4,0,0.0,7,6,-1.136,0,4,7,0.0,-5.766,6,0.0,0,7,1,0,0,-3.077,7,3,0,0,3,4,0.844,3,-2.854,7,1,7,7,4,2,6,4,-1.303,3,0
1,4,0,0,0.0,4,3,0.281,5,6,6,0.0,0.634,5,0.0,7,3,6,0,1,0.812,5,0,6,0,6,1,0.802,1,2.814,1,1,2,0,1,6,6,5,-0.111,6,0
6,7,4,6,0.0,2,5,0.837,6,0,7,0.0,-2.912,2,0.0,4,4,1,0,2,0.711,5,1,2,0,2,6,0.725,1,1.401,2,7,1,1,2,4,5,1,0.298,5,0
6,6,3,2,0.0,0,4,0.527,2,1,7,0.0,-1.046,7,0.0,4,2,1,0,2,-0.076,4,6,1,0,0,0,1.166,5,-0.528,3,6,1,7,2,7,1,7,-0.081,3,0
3,4,5,3,0.0,6,4,-0.139,3,4,7,0.0,0.455,7,0.0,3,7,7,0,1,-0.439,6,2,6,0,4,5,1.415,7,-1.386,2,1,1,6,1,1,4,2,-0.558,3,0
1,1,7,4,0.0,7,1,0.407,4,7,5,0.0,1.073,2,0.0,7,2,3,0,1,-0.749,7,4,5,0,1,2,1.127,6,1.116,4,1,5,2,5,4,2,3,-0.139,2,0
4,2,0,3,0.0,0,6,-0.87,1,3,1,0.0,-2.473,5,0.0,2,4,2,0,0,-0.714,1,5,4,0,7,4,0.684,0,0.145,3,7,6,5,3,4,1,6,-0.997,0,0
1,7,7,1,0.0,5,1,0.822,0,0,6,0.0,1.763,1,0.0,3,5,4,0,4,1.594,7,7,1,0,3,7,0.842,3,1.488,3,7,1,5,5,1,0,2,0.516,3,0
1,6,4,5,0.0,1,3,-1.401,4,2,4,0.0,-3.509,4,0.0,4,3,4,0,4,-2.359,6,3,7,0,7,2,1.259,0,-0.146,2,5,2,2,0,4,2,5,-1.363,1,0
4,5,3,5,0.0,6,7,-1.517,0,7,3,0.0,-6.282,2,0.0,6,4,0,0,4,-1.998,6,4,1,0,1,3,0.925,0,-0.956,0,1,7,4,3,2,0,5,-1.246,2,0
0,6,3,6,0.0,5,0,0.713,7,7,0,0.0,2.265,2,0.0,0,3,2,0,3,0.64,4,0,0,0,2,3,1.194,4,0.913,6,7,3,3,0,5,5,6,0.152,3,0
1,4,5,1,0.0,7,3,1.273,0,1,1,0.0,2.346,5,0.0,1,6,0,0,1,1.208,5,0,7,0,4,3,1.255,6,1.374,5,7,2,7,0,3,5,1,1.06,3,0
6,5,1,4,1203.71,1,7,2.901,0,0,4,0.0,3.734,7,0.0,2,1,5,1,6,3.526,1,3,5,1,7,7,1.006,4,2.755,3,3,6,2,1,2,4,2,2.413,4,1
6,5,3,2,0.0,6,6,0.7,0,2,5,0.0,0.483,0,0.0,5,3,2,0,6,-0.136,1,1,6,0,6,0,0.614,2,0.18,3,4,2,0,0,5,3,7,0.555,6,0
7,0,5,7,0.0,3,5,-1.285,4,1,7,0.0,-3.707,1,0.0,7,6,4,0,6,-1.914,2,2,6,0,7,0,0.699,6,-4.72,5,4,4,7,6,6,3,0,-1.429,0,0
0,7,6,4,0.0,4,7,1.133,1,7,1,0.0,3.289,7,0.0,3,5,2,0,7,-0.811,5,4,4,0,6,0,0.842,6,0.934,6,5,2,7,5,6,7,7,1.178,6,0
1,7,5,4,0.0,1,7,-0.549,4,3,4,0.0,0.515,6,0.0,7,1,7,0,0,-0.495,1,4,6,0,0,0,1.263,0,0.265,4,1,3,6,7,4,6,2,-0.351,1,0
2,3,4,4,0.0,4,0,-1.857,1,3,5,0.0,-3.993,7,0.0,3,1,2,0,1,-0.087,7,0,2,0,0,0,0.962,3,-2.228,3,1,2,7,3,1,1,7,-0.701,3,0
7,7,5,4,0.0,3,0,-0.258,4,6,5,0.0,-2.956,2,0.0,2,3,0,0,0,0.813,3,4,6,0,4,0,0.691,1,-2.614,2,4,1,5,1,0,1,4,-0.393,7,0
6,5,1,1,0.0,7,2,0.625,3,4,5,0.0,-2.589,0,0.0,0,0,1,0,3,1.013,3,1,4,0,2,2,1.051,5,1.349,2,7,3,7,6,1,7,4,0.749,0,0
2,4,7,5,1600.15,3,5,3.146,1,3,3,0.0,5.419,7,20.19,7,4,1,1,6,1.909,0,1,4,1,3,6,1.07,4,3.654,4,6,7,6,4,3,7,0,3.421,6,1
5,4,3,5,0.0,3,4,0.604,3,2,4,0.0,1.092,1,0.0,5,6,4,0,2,0.799,4,3,7,0,1,1,1.0,3,-1.042,5,5,2,1,6,5,4,4,-0.122,0,0
0,5,6,5,0.0,1,6,-0.314,6,4,2,0.0,-1.593,1,0.0,6,5,7,0,5,-1.29,5,4,2,0,0,4,0.693,1,-0.764,7,1,6,6,6,0,6,7,-0.479,0,0
2,7,1,2,0.0,4,3,1.32,1,6,3,0.0,3.547,3,0.0,1,2,2,0,4,1.028,1,6,6,1,2,4,1.24,1,0.121,5,1,7,2,6,0,6,1,1.775,3,1
0,0,3,3,0.0,4,2,-0.599,2,5,4,0.0,4.32,4,0.0,3,3,5,0,6,-1.585,1,5,7,0,2,4,0.974,6,0.996,0,6,5,2,3,5,0,7,-0.582,3,0
6,5,0,7,0.0,3,6,-0.629,0,4,6,0.0,-3.348,5,0.0,7,7,7,0,1,-0.077,0,1,0,0,4,4,1.082,0,0.238,2,7,3,3,7,1,3,1,-0.372,0,0
4,4,0,3,0.0,0,1,-0.188,7,6,5,0.0,-3.45,4,0.0,7,1,2,0,3,0.513,3,7,5,0,1,3,1.086,3,-3.942,6,7,5,1,7,7,4,4,-0.372,7,0
5,4,3,4,0.0,2,2,-1.843,4,5,0,0.0,1.962,5,0.0,5,4,5,0,6,-3.065,5,7,7,0,7,5,0.843,1,-3.447,5,2,6,0,0,6,0,0,-1.85,3,0
2,4,4,0,856.0,7,6,1.096,6,2,4,0.0,2.276,1,0.0,5,4,0,0,2,1.23,5,3,7,1,6,5,0.878,6,2.8,4,4,0,3,5,1,6,7,1.083,0,1
2,2,1,4,0.0,6,7,0.528,4,3,5,0.0,-1.251,1,0.0,7,6,3,0,0,-0.429,0,0,2,0,2,4,0.71,3,-2.838,1,3,4,1,1,5,0,5,0.112,1,0
2,7,5,7,0.0,5,3,0.109,6,6,6,0.0,-0.903,7,0.0,2,6,7,0,7,2.461,4,6,7,0,1,2,1.111,4,-2.573,1,0,0,2,3,3,1,7,0.472,2,0
4,0,1,5,0.0,5,3,-0.334,3,7,3,0.0,2.1,0,0.0,7,1,7,0,3,2.352,7,3,0,0,4,6,0.875,6,4.288,0,4,3,0,1,3,5,2,0.472,3,0
3,3,2,6,0.0,6,7,0.763,2,0,4,0.0,1.526,1,0.0,3,5,7,0,4,1.247,7,3,2,0,7,1,1.003,3,-1.165,3,2,7,3,0,2,6,2,0.005,1,0
6,0,0,1,0.0,4,0,-0.119,3,5,0,0.0,-2.479,6,0.0,3,3,2,0,5,0.649,1,0,7,0,5,2,0.932,1,-3.107,1,0,7,2,3,0,0,6,-0.763,4,0
1,4,2,5,0.0,1,5,0.496,1,7,7,0.0,-2.367,0,0.0,5,3,6,0,0,-0.739,4,1,7,0,2,2,0.745,0,0.754,4,7,3,1,4,3,4,6,0.041,7,0
2,2,0,1,1535.3,6,2,1.242,6,5,7,0.0,0.811,2,0.0,6,4,0,0,0,0.89,4,3,5,1,5,3,1.058,6,2.877,6,2,0,2,1,0,5,4,0.93,3,1
5,1,3,4,0.0,0,3,-1.782,1,6,7,0.0,-2.215,2,0.0,3,6,2,0,1,0.387,4,3,5,0,1,2,0.909,3,-4.574,3,2,6,7,1,0,4,3,-1.596,1,0
0,2,4,5,1689.07,7,0,0.542,6,1,6,0.0,3.886,5,13.17,3,1,0,0,0,1.719,5,3,5,1,4,2,1.197,2,0.088,3,1,2,6,6,5,5,3,1.081,6,1
3,7,3,2,0.0,4,0,1.156,4,6,7,0.0,3.017,1,0.0,2,3,7,0,4,0.083,5,1,7,0,1,7,0.865,0,-0.647,1,2,3,6,0,0,1,3,1.039,1,0
2,5,2,0,0.0,2,3,-0.026,2,6,3,0.0,0.368,1,0.0,6,5,3,0,5,2.595,7,4,4,0,5,0,1.195,1,-2.057,1,1,4,0,6,6,4,5,-0.24,7,0
1,5,4,3,0.0,2,5,0.521,7,2,5,0.0,-1.133,6,0.0,1,1,7,0,7,-0.15,0,7,1,0,0,0,1.275,2,0.384,7,6,5,6,1,1,3,3,0.132,7,0
3,5,2,5,1612.06,3,0,2.551,1,5,3,0.0,-4.036,6,0.0,6,5,0,1,0,2.18,2,3,4,1,7,5,1.305,1,1.358,0,2,1,0,6,3,2,2,2.028,4,1
6,7,3,3,0.0,7,0,2.463,4,1,3,0.0,4.43,2,0.0,6,7,7,1,7,5.255,1,0,6,1,0,2,1.391,7,4.717,0,2,1,6,2,6,0,1,3.575,3,1
3,6,2,5,0.0,4,6,1.36,1,0,6,0.0,2.587,2,0.0,2,6,3,0,1,1.501,4,1,6,0,5,7,1.239,1,1.578,1,6,5,5,3,3,2,7,0.519,0,0
3,6,4,4,0.0,3,6,-0.694,4,7,1,0.0,-0.78,4,0.0,2,6,1,0,1,-0.633,5,1,1,0,1,2,0.705,5,-1.496,4,4,6,7,2,7,1,0,-0.919,1,0
4,4,6,5,0.0,6,3,-2.025,3,4,2,0.0,1.092,5,0.0,4,4,6,0,5,-1.581,6,7,6,0,5,5,1.14,7,-1.185,7,4,2,4,6,7,6,0,-2.265,3,0
7,1,1,1,123.08,3,1,-0.171,3,0,0,0.0,-0.26,6,0.0,0,7,7,0,7,0.787,0,6,1,1,7,2,1.215,6,-0.46,4,2,7,1,5,6,5,3,0.012,7,1
4,6,7,3,0.0,6,2,1.065,2,2,1,0.0,-2.056,0,0.0,3,3,2,0,0,2.053,4,5,0,0,5,1,0.951,4,1.264,6,0,3,5,3,7,3,6,-0.19,1,0
3,2,7,0,0.0,7,6,-1.61,6,3,5,0.0,-2.163,2,0.0,0,3,3,0,6,-0.998,6,7,7,0,6,5,1.177,4,-2.871,4,0,1,1,3,0,7,1,-1.604,1,0
1,0,4,5,0.0,1,7,-0.513,3,5,6,0.0,1.43,3,0.0,1,0,6,0,3,-1.338,1,3,2,0,1,2,1.11,2,1.554,7,7,3,6,1,5,5,5,-0.227,7,0
2,2,6,3,0.0,7,6,-0.381,5,4,4,0.0,-4.323,7,0.0,1,1,0,0,1,0.267,7,5,5,0,4,6,1.004,7,0.887,6,1,2,2,0,1,0,4,-0.17,0,0
0,0,5,4,0.0,0,7,-2.369,1,1,4,0.0,-1.493,1,0.0,5,0,3,0,6,-2.593,2,3,3,0,0,3,0.908,0,-1.272,1,3,1,4,6,5,5,2,-1.619,3,0
7,3,3,2,0.0,3,5,-1.156,1,0,6,0.0,-3.473,6,0.0,6,4,5,0,3,-0.563,6,5,1,0,3,5,1.007,1,-2.82,7,7,6,7,7,6,3,1,-1.247,1,0
1,7,6,1,1114.31,1,1,0.493,6,6,1,0.0,2.648,2,0.0,6,2,2,0,1,1.203,7,5,4,1,1,2,0.896,0,0.932,6,5,1,4,4,1,5,3,0.406,0,1
0,2,7,1,0.0,7,0,-0.211,5,6,3,0.0,-2.236,6,0.0,0,7,1,0,2,1.516,5,3,7,0,5,2,0.702,7,-0.711,3,3,4,5,6,1,7,1,0.426,3,0
7,5,4,7,0.0,5,5,-1.191,0,0,4,0.0,0.063,5,0.0,3,6,0,0,4,-1.771,1,4,2,0,6,0,0.857,1,0.63,4,0,6,1,0,5,4,2,-1.131,2,0
7,6,5,6,0.0,5,0,1.774,2,0,7,0.0,1.338,3,0.0,1,5,6,0,3,0.285,1,4,3,1,7,0,1.061,2,1.545,2,0,0,1,2,5,6,7,1.844,0,1
5,3,6,4,103.3,6,0,2.674,0,0,2,0.0,0.586,7,12.93,6,6,2,1,6,1.319,3,4,2,1,6,4,1.418,0,1.787,5,1,4,4,1,5,7,6,2.727,6,1
3,0,3,6,319.9,2,4,0.177,3,1,1,0.0,6.658,4,0.0,1,7,1,0,1,1.89,2,6,2,1,0,0,1.33,3,-0.223,1,1,7,6,6,5,6,1,0.389,2,1
7,3,1,1,0.0,0,5,1.012,0,1,2,0.0,-0.101,0,0.0,6,1,1,0,4,1.576,0,1,7,0,5,6,1.263,1,0.097,2,4,3,3,6,5,7,0,0.512,3,0
4,3,7,6,0.0,1,6,-0.124,1,6,3,0.0,-0.129,7,0.0,5,3,3,0,3,0.421,0,6,0,0,0,7,0.907,2,3.102,1,4,4,2,7,2,7,0,0.09,3,0
3,4,4,2,475.77,0,4,0.58,3,3,7,0.0,0.362,1,0.0,3,5,4,1,6,1.714,7,0,3,1,2,0,1.291,0,2.585,1,4,6,0,5,4,7,1,0.603,3,1
7,7,5,4,0.0,5,0,-0.037,4,5,4,0.0,-2.746,2,0.0,1,6,2,0,5,0.773,2,1,6,0,5,0,1.088,2,-0.117,3,2,3,5,5,7,6,3,-0.46,4,0
3,7,1,5,0.0,2,6,0.085,5,6,5,0.0,0.602,6,0.0,3,3,5,0,7,-0.5,6,5,2,0,6,4,0.763,7,-2.899,4,5,4,4,6,3,4,4,-0.226,2,0
4,5,3,6,0.0,5,0,-0.036,6,6,5,0.0,-0.043,7,0.0,7,0,3,0,7,-1.423,1,3,6,0,1,7,1.293,7,-0.324,5,6,7,5,4,7,3,1,-0.697,2,0
0,3,6,1,0.0,4,1,1.454,2,4,6,0.0,1.163,4,0.0,1,4,2,0,0,1.178,5,7,0,0,5,6,0.757,5,3.891,3,6,7,2,1,0,3,5,0.874,5,0
6,5,4,1,0.0,2,5,0.218,6,0,7,0.0,-4.989,4,0.0,5,6,4,0,7,0.528,6,6,0,0,6,4,1.108,2,-0.542,4,2,1,2,1,0,1,6,-1.187,2,0
6,0,6,0,561.59,7,1,1.531,3,4,7,0.0,-0.349,5,0.0,7,3,2,1,6,0.529,0,5,7,1,1,3,0.944,3,2.882,2,7,6,1,4,5,1,4,1.406,0,1
5,7,6,1,378.83,4,3,0.473,1,1,1,0.0,0.409,1,7.56,0,1,1,0,6,0.918,7,3,1,1,2,0,0.99,5,1.523,0,4,5,1,5,0,3,7,0.845,2,1
6,7,2,4,0.0,4,7,-0.895,1,4,5,0.0,-3.415,2,0.0,5,2,6,0,1,-2.436,5,3,6,0,1,2,0.937,3,-0.725,0,7,6,0,4,3,7,0,-0.566,2,0
1,5,3,2,0.0,2,6,0.472,7,5,3,0.0,-3.801,1,0.0,2,3,1,0,5,-2.33,5,6,3,0,4,2,1.036,1,-1.527,3,4,6,6,5,5,7,1,-0.987,0,0
5,7,7,0,0.0,2,2,-0.625,4,2,3,0.0,-5.551,3,0.0,3,6,7,0,6,-0.399,7,1,2,0,7,4,1.102,7,0.99,0,7,1,0,1,3,3,5,-1.207,1,0
6,6,1,4,0.0,1,3,-3.237,2,0,1,0.0,0.591,7,0.0,4,5,2,0,0,-3.449,6,1,2,0,2,1,1.155,3,-2.039,2,1,3,4,6,6,5,3,-2.586,2,0
2,3,4,0,543.24,7,2,0.936,2,4,0,0.0,5.408,1,0.0,4,4,0,0,6,3.434,5,0,7,1,4,4,1.022,4,-0.714,6,0,3,1,0,2,5,2,0.7,4,1
4,1,2,7,0.0,3,0,-1.884,1,1,0,0.0,-0.755,0,0.0,5,3,6,0,5,-1.403,5,0,2,0,3,3,0.842,4,-1.352,7,7,5,6,5,6,2,5,-2.307,1,0
6,5,1,2,0.0,1,3,-0.922,0,1,0,0.0,-0.563,7,0.0,6,0,4,0,2,0.408,3,6,5,0,7,2,1.356,7,-1.645,7,5,1,0,5,6,2,6,-0.546,1,0
4,4,7,3,0.0,5,3,-0.146,6,6,6,0.0,-2.021,6,0.0,1,2,5,0,6,-0.655,5,5,2,0,2,0,0.966,2,-2.227,4,0,0,4,2,7,6,4,-0.103,3,0
1,1,1,1,0.0,4,6,0.142,3,0,6,0.0,-1.751,0,0.0,0,1,0,0,0,0.377,4,3,3,0,2,1,0.962,0,-2.851,2,6,6,1,1,5,4,5,0.554,3,0
4,6,2,7,0.0,3,5,0.377,5,4,3,0.0,4.483,3,0.0,4,4,4,1,6,0.48,2,1,0,0,5,3,1.097,5,3.413,3,3,4,6,0,4,0,1,0.967,4,1
0,1,0,4,2009.41,7,3,0.819,7,6,6,0.0,6.061,4,0.0,0,1,6,0,0,1.014,1,2,7,1,1,2,1.224,3,0.589,0,5,2,3,7,5,6,5,0.792,3,1
4,6,2,5,0.0,3,3,1.522,5,2,0,0.0,3.632,1,0.0,4,3,7,0,7,1.221,7,5,4,0,6,1,0.983,3,-1.33,2,5,2,3,6,6,0,1,1.08,7,0
3,1,3,3,0.0,3,2,0.235,5,3,3,0.0,-0.816,2,0.0,2,3,4,0,5,-0.097,1,5,7,0,7,6,0.945,7,1.262,4,5,0,4,3,4,2,2,-0.333,4,0
2,3,0,2,0.0,0,7,1.321,0,5,3,0.0,1.653,2,0.0,1,0,4,0,0,0.654,7,6,4,0,5,5,0.828,4,-0.421,3,0,7,7,0,0,6,5,1.229,5,0
2,5,3,6,0.0,1,1,-1.0,3,2,6,0.0,-1.2,0,0.0,3,4,7,0,4,-0.227,1,5,0,0,5,2,1.035,6,-2.269,0,2,0,5,6,3,2,5,-0.697,1,0
3,0,2,3,453.82,2,0,2.13,1,3,1,0.0,2.412,6,0.0,6,6,2,0,7,3.883,7,4,7,1,7,7,1.385,1,0.364,3,1,7,6,0,6,2,4,1.461,3,1
4,6,5,5,0.0,1,7,0.313,6,6,0,0.0,2.114,4,0.0,1,2,4,0,5,-0.493,7,0,7,0,6,1,1.093,6,0.352,5,5,6,6,7,5,1,5,0.334,2,0
0,6,2,2,0.0,0,2,-1.544,1,6,1,0.0,0.3,0,0.0,2,7,5,0,1,-0.365,4,3,7,0,2,4,1.155,6,-1.928,5,3,5,3,6,4,7,1,-0.566,2,0
4,0,3,5,0.0,7,2,-0.853,3,2,7,0.0,-0.981,4,0.0,2,2,2,0,5,-0.468,1,2,4,0,1,1,1.128,7,0.91,6,1,5,2,1,5,6,3,-0.318,0,0
4,3,7,5,1047.83,5,3,1.148,0,6,4,0.0,0.334,5,0.0,6,3,4,0,7,0.433,6,1,1,1,1,1,1.459,0,-0.452,4,6,5,7,4,3,3,6,1.089,5,1
1,4,5,2,0.0,2,0,-1.117,4,5,4,0.0,0.91,5,0.0,1,0,3,0,5,0.203,5,3,0,0,1,1,1.244,3,-2.57,0,3,3,1,6,7,3,1,-0.457,7,0
7,0,4,4,0.0,1,0,0.672,6,7,5,0.0,1.391,6,0.0,2,6,4,0,4,1.487,1,5,6,0,0,6,1.044,0,2.009,7,1,3,6,7,7,6,0,0.282,5,0
7,6,3,0,1353.86,1,7,1.41,0,5,0,0.0,0.229,2,6.44,2,3,4,0,7,0.842,3,3,0,1,1,6,1.28,5,2.655,3,6,4,3,5,5,4,3,0.577,2,1
7,5,6,0,0.0,5,5,0.486,0,0,7,0.0,1.982,4,0.0,1,0,7,0,2,0.206,1,2,5,0,3,6,0.691,7,-0.782,3,0,7,5,2,6,1,5,0.555,4,0
2,3,6,4,0.0,2,1,0.926,6,5,1,0.0,-1.954,2,0.0,2,5,3,0,4,-0.025,2,4,7,0,3,2,0.97,3,-1.734,3,5,4,4,3,7,4,6,0.546,0,0
6,3,6,1,0.0,5,0,-0.144,3,3,0,0.0,-1.423,2,0.0,7,2,5,0,3,0.268,2,1,6,0,6,3,0.482,6,0.135,3,6,4,6,4,2,0,6,0.637,7,0
6,6,1,3,901.02,0,6,1.67,1,3,0,0.0,0.248,1,0.0,6,1,2,1,1,1.092,4,2,3,1,2,5,1.012,7,0.561,6,2,6,7,5,5,6,5,1.465,5,1
3,3,5,5,0.0,7,6,-1.44,1,5,1,0.0,-2.131,7,0.0,0,3,1,0,1,-2.118,7,0,7,0,0,4,1.171,5,-1.41,3,6,6,1,1,6,5,0,-1.0,6,0
7,5,0,5,0.0,5,6,2.23,2,6,3,0.0,3.036,0,0.0,3,6,7,1,3,3.455,1,0,5,1,5,6,1.031,5,2.193,3,5,5,7,1,6,0,4,2.663,1,1
4,5,2,6,0.0,6,1,0.636,1,4,2,0.0,-0.525,6,0.0,0,2,7,0,7,-0.358,2,4,7,0,4,2,0.714,2,0.124,7,1,5,1,6,1,2,6,-0.136,6,0
7,1,3,4,0.0,3,1,-0.293,6,5,1,0.0,2.822,7,0.0,3,1,2,0,2,0.316,3,5,5,0,2,3,1.133,7,-1.066,1,4,0,7,3,2,3,3,0.066,6,0
2,2,6,1,0.0,4,7,-0.392,2,5,0,0.0,-3.509,5,0.0,6,6,6,0,0,-2.162,2,2,6,0,7,5,0.914,0,2.688,3,1,1,1,4,6,3,1,-0.573,4,0
7,4,5,6,0.0,2,2,0.718,5,3,5,0.0,-0.421,2,0.0,2,0,4,0,3,-1.946,4,6,1,0,4,0,1.323,6,-0.848,4,2,7,7,2,7,0,4,-0.813,0,0
2,5,2,6,0.0,4,7,-0.736,1,2,0,0.0,0.121,1,0.0,4,1,4,0,5,-0.353,5,7,1,0,1,3,0.984,6,-5.366,1,6,1,6,6,5,5,1,-0.086,2,0
7,6,0,1,0.0,7,1,0.218,5,0,4,0.0,1.638,5,0.0,2,0,5,0,1,1.043,3,1,1,0,3,4,1.004,7,1.518,5,6,7,1,5,3,2,0,0.449,1,0
1,1,3,5,0.0,3,5,1.004,5,0,0,0.0,-1.269,0,0.0,1,2,5,1,7,0.874,3,1,4,1,3,1,1.138,0,-0.885,5,5,5,6,0,2,1,2,1.04,0,1
2,4,4,0,1539.3,1,2,1.399,1,0,1,0.0,1.025,4,21.93,7,7,7,0,0,1.546,4,6,1,1,2,5,0.814,4,3.834,3,5,1,1,0,4,4,6,0.861,7,1
5,3,2,2,0.0,6,0,0.925,1,2,2,0.0,1.242,0,0.0,3,7,3,1,4,-0.637,6,7,4,1,5,2,0.69,4,0.426,2,1,0,5,7,2,1,1,1.18,4,1
7,3,1,1,0.0,0,2,-0.438,5,6,3,0.0,-1.158,0,0.0,3,0,3,0,4,-0.768,7,1,5,0,4,7,0.819,1,1.55,2,0,1,7,1,2,4,3,-0.716,1,0
7,1,1,3,0.0,7,6,-1.651,7,6,2,0.0,0.492,4,0.0,6,0,4,0,5,-0.269,1,1,5,0,3,4,0.942,5,-1.281,2,4,4,5,3,1,2,0,-0.538,1,0
7,7,1,7,1359.95,1,6,2.354,6,3,3,0.0,-4.176,0,0.0,0,3,1,1,2,3.555,1,0,7,1,1,0,0.989,4,2.242,3,7,2,2,4,1,6,1,1.992,5,1
0,4,2,1,0.0,7,5,-0.188,4,0,0,0.0,-2.21,4,0.0,4,1,5,0,0,-0.512,2,0,7,0,7,6,0.632,5,-3.835,6,6,2,4,4,1,2,5,-0.51,3,0
4,1,4,3,0.0,6,1,-0.513,5,0,1,0.0,0.412,6,0.0,3,0,1,0,1,1.579,7,4,2,0,0,3,0.906,1,0.072,4,0,6,2,2,0,7,3,0.16,3,0
2,6,1,3,0.0,3,0,0.736,5,6,3,0.0,-0.638,5,0.0,6,7,3,0,6,0.431,6,4,0,0,5,7,0.619,2,0.953,7,2,2,4,1,4,7,7,0.008,0,0
7,6,4,1,0.0,2,2,-0.117,7,7,5,0.0,-0.335,3,0.0,3,5,3,0,7,-0.003,5,7,0,0,3,2,1.116,3,-0.741,7,7,1,3,5,5,7,5,0.154,4,0
7,6,3,0,1968.08,0,5,0.384,7,2,0,0.0,2.019,6,0.0,5,5,6,0,2,2.25,6,6,4,1,0,3,1.487,5,3.261,5,4,5,2,2,0,0,1,1.005,5,1
1,6,2,6,0.0,2,7,-1.141,0,1,2,0.0,-0.986,2,0.0,3,1,4,0,5,-2.224,0,5,6,0,2,7,1.258,2,-3.0,1,6,1,2,2,4,7,4,0.021,1,0
1,4,1,6,0.0,6,7,-1.921,7,7,2,0.0,-3.866,0,0.0,1,1,7,0,3,-3.411,4,5,3,0,3,1,0.847,7,-1.287,1,1,5,0,2,0,2,1,-2.064,0,0
0,0,4,6,1653.5,0,3,1.359,3,4,0,0.0,-0.019,0,0.0,0,0,4,0,1,-1.731,7,1,5,1,2,1,1.253,1,1.567,1,1,1,4,0,5,1,3,1.283,6,1
2,0,2,0,0.0,3,0,1.224,4,6,7,0.0,4.886,6,8.79,7,1,6,1,6,-0.047,3,0,4,0,5,1,1.409,5,3.738,3,2,7,4,1,2,2,6,0.725,5,1
6,6,6,6,0.0,0,6,0.259,6,5,4,0.0,2.135,7,0.0,7,0,5,0,5,-1.223,1,7,1,0,2,1,1.095,2,1.657,3,4,3,3,6,0,0,2,0.433,3,0
1,1,4,4,0.0,0,2,-0.801,6,5,0,0.0,1.342,1,0.0,3,5,6,0,7,0.648,6,1,4,0,6,5,0.735,1,-4.28,2,7,3,6,4,7,3,1,-0.817,7,0
2,2,1,5,0.0,3,5,0.992,7,7,2,0.0,-0.635,2,0.0,4,4,0,0,7,0.781,4,2,3,0,4,0,1.07,2,-0.888,1,1,2,5,5,7,6,5,0.465,0,0
5,3,7,7,0.0,6,6,1.204,1,6,3,0.0,0.738,0,0.0,3,3,3,0,4,-0.759,2,6,1,0,5,6,1.027,2,1.175,0,5,5,3,5,7,6,4,0.508,6,0
4,7,6,0,1107.45,1,1,1.863,6,1,3,0.0,1.248,2,0.0,2,5,1,1,4,0.568,3,5,0,1,1,6,1.425,5,3.75,2,1,2,2,4,2,2,5,1.839,3,1
4,1,2,0,0.0,6,5,0.014,5,0,3,0.0,1.786,0,0.0,2,6,6,0,6,-0.538,3,6,1,0,1,6,0.984,0,0.618,3,2,5,5,4,6,2,4,-0.198,5,0
2,2,6,2,0.0,2,1,1.56,3,5,4,0.0,2.817,5,0.0,7,1,6,0,1,1.891,6,4,5,1,2,6,1.395,3,2.197,3,5,6,5,2,2,0,5,1.622,3,1
2,0,4,2,0.0,0,1,-0.077,2,4,7,0.0,-2.791,6,0.0,4,3,1,0,6,0.031,6,3,2,0,0,3,0.986,6,-0.921,4,1,4,7,6,7,0,5,-0.283,3,0
2,0,0,2,0.0,6,6,-0.742,5,7,0,0.0,-7.072,5,0.0,6,5,0,0,2,-0.981,5,2,3,0,0,3,1.226,4,-0.767,6,1,6,4,1,0,2,7,-0.472,3,0
5,2,7,0,0.0,6,3,0.306,3,6,3,0.0,1.558,2,0.0,4,2,2,0,0,-0.933,0,7,4,0,3,2,0.936,0,-0.021,5,1,5,0,7,2,4,1,0.442,2,0
2,2,0,2,0.0,7,5,-0.578,2,4,3,0.0,3.584,7,0.0,1,7,1,0,0,-0.175,2,2,5,0,5,0,0.979,7,-0.859,3,4,3,3,6,1,1,6,-0.573,4,0
2,7,7,2,0.0,6,6,0.024,7,2,7,0.0,0.135,6,0.0,0,2,7,0,5,0.279,7,3,6,0,1,5,0.693,0,-0.51,1,2,5,4,3,1,5,4,0.882,0,0
7,5,0,6,0.0,1,5,0.679,5,7,2,0.0,-0.305,5,0.0,4,3,4,0,0,0.354,0,2,0,0,7,6,1.167,3,-1.814,7,1,4,7,2,3,2,7,-0.719,4,0
3,7,4,1,0.0,7,0,-1.639,2,5,4,0.0,2.385,3,0.0,6,1,2,0,5,-0.823,1,4,7,0,3,5,1.047,0,-0.676,2,6,6,0,0,1,5,4,-1.785,0,0
4,0,2,2,0.0,0,0,-0.496,7,5,1,0.0,-1.389,1,0.0,3,2,0,0,3,0.47,2,3,4,0,3,2,0.862,3,0.669,2,3,1,3,5,2,6,1,-0.756,7,0
6,6,3,1,0.0,1,1,-0.266,7,0,1,0.0,1.542,0,0.0,7,2,2,0,6,-0.429,4,4,7,0,1,2,1.481,6,2.347,6,0,1,3,4,7,0,0,0.316,1,0
0,1,6,5,0.0,4,3,0.431,7,7,5,0.0,-1.493,5,0.0,1,5,2,0,7,0.52,0,2,6,0,0,4,0.98,0,1.583,4,3,7,4,3,0,3,3,0.556,2,0
6,1,6,4,0.0,4,2,1.329,4,3,6,0.0,-3.316,5,0.0,0,2,1,0,7,-0.188,2,3,7,0,1,2,0.805,0,1.9,7,3,3,0,1,3,2,0,0.859,6,0
1,5,3,2,0.0,4,6,-1.336,3,1,4,0.0,-4.513,5,0.0,3,5,1,0,7,-2.122,3,6,7,0,3,0,0.51,3,-4.147,4,1,1,4,6,7,3,1,-1.214,0,0
7,1,2,4,325.32,2,1,0.685,3,5,6,0.0,0.569,0,0.0,6,7,4,1,4,1.305,2,0,0,0,6,0,0.977,2,1.727,3,7,4,4,5,5,6,0,1.891,7,1
6,3,1,0,0.0,5,6,-0.273,2,2,2,0.0,0.612,2,0.0,1,7,6,0,6,0.152,1,5,7,0,4,6,1.533,1,-1.688,5,2,2,6,4,2,0,4,-0.216,7,0
5,2,3,4,709.76,2,7,2.018,5,7,4,0.0,1.657,5,0.0,6,2,7,1,6,2.253,3,5,7,1,0,5,1.124,3,2.091,3,1,2,6,5,2,1,5,2.602,6,1
3,2,5,3,0.0,2,2,-0.443,7,2,4,0.0,-2.014,4,0.0,1,2,3,0,2,-0.517,4,1,7,0,2,1,1.184,7,-0.651,0,7,1,1,5,5,6,4,0.33,2,0
0,4,6,5,489.29,6,2,0.433,6,6,3,0.0,-3.142,6,0.0,7,3,6,0,4,-2.074,0,5,7,1,5,7,1.633,1,-1.826,5,4,4,7,5,6,2,3,-0.619,4,1
7,0,1,2,0.0,5,6,-2.944,7,1,6,0.0,0.925,0,0.0,1,2,5,0,0,-1.437,2,1,2,0,3,1,0.95,2,2.868,2,0,6,4,1,6,0,4,-1.736,1,0
2,0,3,1,543.48,7,6,1.63,4,6,3,0.0,-1.813,2,0.0,0,0,0,0,6,-0.213,7,5,1,1,7,7,1.246,1,-0.954,3,7,7,0,3,7,4,4,0.606,2,1
0,0,1,3,0.0,2,1,0.36,7,4,1,0.0,-0.172,6,0.0,6,3,0,0,5,-0.006,0,5,7,0,2,4,0.783,3,-0.659,4,0,6,5,2,3,2,1,0.195,3,0
7,4,7,4,0.0,6,4,1.874,7,0,5,0.0,1.173,7,0.0,4,7,1,0,4,1.02,6,4,2,0,0,2,0.961,0,0.814,1,7,2,0,6,3,2,5,0.726,7,0
5,3,0,6,0.0,7,5,0.334,4,3,3,0.0,-2.369,4,0.0,0,1,4,0,0,0.903,1,3,3,0,0,3,1.089,3,-0.76,6,1,4,1,5,4,3,2,-0.583,6,0
6,2,0,4,0.0,3,0,-0.433,0,2,6,0.0,1.015,0,0.0,3,2,3,0,5,-1.222,0,7,3,0,0,3,1.217,1,-1.515,4,2,3,6,0,2,6,1,0.07,3,0
3,7,7,2,0.0,4,4,-2.52,4,2,3,0.0,-2.379,2,0.0,5,4,4,0,2,-1.728,6,0,4,0,2,0,0.96,5,-1.473,1,0,1,7,5,5,4,6,-1.496,4,0
7,7,2,6,0.0,7,0,0.98,2,6,3,0.0,3.62,1,0.0,7,1,2,0,1,-1.312,5,0,6,0,3,7,1.186,7,1.09,5,7,1,1,1,1,7,0,0.433,6,0
5,4,1,3,0.0,3,4,0.816,5,0,2,0.0,-0.621,6,0.0,3,5,6,0,6,1.578,4,2,1,0,3,7,0.975,7,-2.478,4,5,5,4,0,0,7,3,0.463,6,0
6,5,6,3,764.49,6,5,2.648,6,5,4,0.0,2.696,5,0.0,0,6,4,1,6,2.522,6,1,0,1,2,7,1.025,1,4.65,2,0,2,4,2,6,5,1,2.946,5,1
7,7,3,3,0.0,1,0,-0.588,0,2,1,0.0,-3.893,7,0.0,5,2,7,0,3,-0.33,0,6,0,0,7,5,1.225,7,0.886,5,6,5,4,2,2,6,0,-0.328,2,0
0,7,7,1,0.0,7,4,1.468,5,6,4,0.0,-0.762,2,0.0,5,2,4,0,5,3.25,7,4,0,1,6,6,1.33,3,0.591,2,0,1,0,1,5,5,2,1.474,5,1
7,0,4,5,0.0,7,3,0.807,4,7,4,0.0,3.506,3,0.0,3,0,0,0,1,0.453,1,3,5,0,7,0,0.848,3,1.066,5,6,7,1,4,1,1,2,0.509,1,0
0,5,1,2,0.0,1,1,-0.134,7,6,2,0.0,3.258,6,0.0,7,6,6,0,4,-0.056,5,3,2,0,0,5,1.016,4,-0.353,4,1,1,6,0,5,0,7,-0.176,5,0
4,4,7,6,629.63,6,0,1.612,2,0,4,0.0,2.429,4,0.0,6,5,3,1,6,2.995,5,1,4,1,2,2,1.072,2,1.423,7,1,5,5,1,4,4,2,1.944,0,1
7,5,2,6,0.0,3,6,-0.819,6,6,2,0.0,-6.044,3,0.0,6,0,7,0,5,-0.131,2,0,4,0,5,2,1.28,7,-2.948,3,7,3,1,3,2,4,0,-1.388,2,0
0,7,4,7,0.0,6,4,-0.626,2,2,1,0.0,0.256,6,0.0,4,0,4,0,2,-0.308,7,2,1,0,5,3,1.266,0,-0.999,3,1,4,0,0,2,2,7,-0.383,6,0
0,2,0,0,0.0,4,0,0.244,3,6,2,0.0,-2.206,7,0.0,6,6,5,0,1,-0.941,0,2,2,0,1,0,0.961,4,-0.255,1,5,1,4,3,4,3,0,-0.207,0,0
3,0,2,6,0.0,7,1,0.358,7,6,4,0.0,3.499,1,0.0,4,2,0,0,6,-1.289,6,1,5,0,3,4,1.056,4,1.323,7,1,1,0,0,1,1,0,0.168,4,0
5,1,5,6,0.0,7,4,0.337,0,3,7,0.0,1.47,4,0.0,4,3,4,0,6,0.013,7,0,3,0,0,5,0.73,6,-0.391,7,5,4,6,7,5,6,5,0.316,5,0
7,5,2,5,0.0,3,1,-1.978,3,0,4,0.0,-2.596,0,0.0,0,0,6,0,1,-1.819,2,7,1,0,0,2,0.977,7,-3.887,5,6,3,7,2,7,0,0,-2.56,3,0
3,3,1,5,0.0,3,0,-0.87,3,6,2,0.0,-0.555,4,0.0,3,3,2,0,4,0.557,2,2,0,0,1,2,1.269,0,-2.376,3,0,1,2,1,0,5,5,-0.427,6,0
6,0,6,3,0.0,0,3,2.403,1,1,5,0.0,3.219,6,0.0,4,0,7,1,4,1.928,1,0,7,1,0,3,1.0,0,2.708,0,5,6,1,4,0,4,7,1.929,4,1
6,3,7,3,0.0,6,7,-0.59,6,7,6,0.0,1.555,7,0.0,2,7,4,0,5,1.144,3,6,1,0,3,0,1.151,1,-0.366,2,3,4,6,4,3,7,4,-0.46,7,0
6,0,6,3,0.0,0,5,0.631,2,3,6,0.0,1.41,0,0.0,4,2,6,0,4,-1.611,2,6,3,0,1,7,1.051,2,2.554,6,3,3,4,6,3,1,3,0.545,0,0
3,6,6,5,0.0,7,5,-0.545,4,2,3,0.0,-2.438,7,0.0,4,6,6,0,1,-0.526,4,1,7,0,0,3,0.952,0,2.016,7,5,5,7,7,1,4,4,-0.087,1,0
0,3,6,0,0.0,7,3,-0.371,3,0,1,0.0,0.633,2,0.0,2,1,3,0,4,0.342,6,1,4,0,0,4,0.896,2,-0.938,2,3,1,3,3,2,0,3,-0.8,1,0
3,5,0,1,0.0,3,6,0.01,0,2,1,0.0,-1.156,3,0.0,4,7,4,0,4,2.132,1,5,0,0,5,0,0.857,2,0.094,6,0,3,5,4,0,0,7,0.413,3,0
2,2,0,0,443.12,7,1,1.987,5,7,2,0.0,-0.224,6,11.3,4,7,1,0,6,0.691,4,1,6,1,3,1,1.107,7,-1.773,6,7,1,6,7,3,7,1,0.555,4,1
4,5,2,7,0.0,7,0,0.905,6,3,6,0.0,4.178,1,0.0,1,3,2,0,6,0.815,7,5,0,0,0,0,0.625,6,-0.084,6,5,0,6,4,3,1,3,0.374,4,0
1,7,7,4,0.0,5,6,-0.323,7,2,6,0.0,-0.634,2,0.0,1,4,2,0,2,1.151,2,1,7,0,1,6,1.185,0,-2.036,0,7,5,7,2,7,0,1,0.012,3,0
7,5,4,1,0.0,1,3,0.073,4,1,0,0.0,0.341,7,0.0,7,0,6,0,3,2.355,2,6,2,0,6,7,1.315,3,-0.605,4,0,7,1,0,5,5,1,0.375,1,0
0,4,6,1,0.0,3,6,-1.963,3,4,6,0.0,0.325,0,0.0,5,1,5,0,3,-2.232,4,7,5,0,6,0,1.175,7,1.267,4,7,5,0,4,1,5,6,-0.953,7,0
0,0,1,1,0.0,3,0,0.855,0,3,0,0.0,0.906,5,0.0,2,1,0,0,3,-1.839,3,5,5,0,5,1,1.228,6,-1.829,0,1,6,0,5,1,3,6,-0.059,3,0
0,6,5,3,0.0,1,3,-0.309,6,3,6,0.0,0.103,5,0.0,0,0,1,0,1,1.273,2,6,6,0,7,7,1.069,7,-0.888,4,2,3,4,2,2,1,1,-0.51,2,0
7,2,2,0,1159.27,0,5,0.597,1,1,2,0.0,-0.26,7,0.0,5,6,3,0,2,1.503,7,6,3,1,1,1,1.373,4,3.482,1,7,7,5,1,3,2,3,0.809,4,1
4,5,3,4,0.0,3,2,-1.69,4,3,1,0.0,-0.149,4,0.0,0,0,4,0,4,-0.194,3,2,1,0,2,0,1.02,6,-1.482,1,5,1,4,2,4,3,6,-1.332,5,0
7,4,0,2,1399.27,6,7,0.773,1,3,7,0.0,0.625,0,0.0,1,6,7,1,2,4.0,0,0,5,1,1,0,1.557,7,3.445,2,6,1,1,5,5,0,0,1.513,7,1
0,6,1,3,0.0,6,3,-0.266,7,6,7,0.0,-2.572,1,0.0,7,3,1,0,2,-0.143,7,3,6,0,1,7,1.081,0,1.894,3,5,3,2,3,6,1,3,0.142,1,0
5,0,2,0,0.0,0,6,0.06,4,1,7,0.0,-0.375,2,0.0,4,5,6,0,4,-1.173,5,3,7,0,4,7,0.708,3,1.508,1,5,7,5,1,3,3,1,0.345,4,0
7,6,7,6,0.0,7,7,-1.022,2,6,4,0.0,-4.226,5,0.0,0,4,2,0,4,-0.45,3,6,1,0,6,0,1.004,1,2.168,4,0,2,1,2,6,0,4,-1.68,7,0
1,0,2,0,598.49,6,5,2.064,2,5,1,0.0,5.692,5,0.0,3,1,6,1,2,3.327,0,3,7,1,1,3,1.279,5,0.72,6,0,3,5,0,5,2,0,1.574,7,1
2,5,3,2,0.0,1,0,0.243,3,3,7,0.0,2.395,1,0.0,1,7,3,0,3,0.125,6,3,6,0,4,5,1.035,7,1.063,6,7,7,2,2,1,2,3,0.24,0,0
2,0,6,2,0.0,7,5,-0.936,4,2,0,0.0,1.025,6,0.0,2,6,3,0,5,-2.3,1,1,2,0,0,1,1.2,0,-0.479,7,3,0,5,7,1,3,3,-1.279,4,0
4,0,0,2,0.0,1,3,-0.943,1,2,6,0.0,-1.435,5,0.0,7,2,3,0,1,-2.318,7,0,2,0,4,4,1.124,1,-2.404,2,2,5,3,2,7,2,7,-0.816,0,0
0,5,0,0,0.0,0,2,-0.978,1,2,4,0.0,3.886,3,0.0,6,6,1,0,5,-1.505,2,2,7,0,3,7,0.999,6,-0.524,1,6,6,0,3,0,6,6,-1.105,3,0
7,3,0,7,1168.18,4,0,1.216,0,3,1,0.0,-0.913,2,0.0,2,1,6,1,1,-0.578,4,6,5,0,4,7,1.084,6,-1.182,5,2,0,7,4,1,2,6,1.163,6,1
0,0,2,7,1409.92,2,0,0.817,3,7,3,0.0,-4.241,6,1.8,4,3,4,1,0,-0.986,3,2,0,0,2,0,1.223,1,0.855,2,2,0,7,7,4,5,2,0.866,6,1
5,7,1,2,0.0,7,1,0.391,3,7,1,0.0,-0.222,1,0.0,1,5,6,0,5,-0.719,1,6,1,0,6,2,0.679,2,2.942,0,6,7,0,4,4,0,5,0.335,7,0
0,0,2,5,0.0,1,3,0.414,1,5,3,0.0,2.658,0,0.0,3,5,7,0,4,0.332,0,4,5,0,1,7,1.174,3,1.423,6,5,6,1,0,6,6,2,0.057,6,0
1,3,6,2,0.0,1,3,-0.041,5,2,6,0.0,-0.808,1,0.0,6,0,3,0,7,-2.736,5,6,5,0,6,1,1.158,2,1.88,7,4,3,1,5,4,6,5,-0.663,4,0
7,3,6,6,0.0,6,1,-0.051,7,0,7,0.0,-0.994,4,0.0,1,3,4,0,7,-0.059,7,2,5,0,7,4,1.389,3,-2.064,4,5,0,5,7,5,6,5,-0.021,6,0
4,0,7,4,0.0,4,1,0.246,3,4,5,0.0,-2.917,4,0.0,7,6,5,0,1,-1.653,1,1,3,0,5,6,1.305,6,3.044,4,1,4,4,7,5,5,3,0.022,5,0
3,4,3,1,0.0,3,2,-1.198,7,2,3,0.0,-2.228,0,0.0,3,3,4,0,4,-2.732,1,0,1,0,3,4,1.021,4,0.692,1,3,7,3,6,7,7,2,-1.17,5,0
7,1,5,7,458.35,3,5,2.813,7,7,0,0.0,2.028,0,0.0,2,5,4,1,7,2.519,0,6,4,1,2,1,1.183,1,0.626,7,1,1,6,3,0,7,5,2.254,5,1
2,5,1,0,0.0,4,7,-0.791,2,5,6,0.0,-0.26,5,0.0,3,1,3,0,6,-1.657,0,1,1,0,5,5,1.202,0,-1.706,5,4,5,5,2,0,3,1,-0.245,3,0
3,6,7,6,0.0,3,2,0.346,7,0,7,0.0,2.545,2,0.0,6,5,0,1,3,2.319,7,1,6,1,7,7,1.528,5,1.187,5,4,7,4,6,3,7,4,1.206,3,1
6,2,2,1,0.0,7,0,0.137,0,1,4,0.0,-2.9,3,0.0,6,6,1,0,3,-1.962,1,3,5,0,0,6,0.788,0,1.154,4,7,5,7,2,6,1,7,-0.356,4,0
6,4,1,5,0.0,0,3,-0.01,3,0,7,0.0,-1.994,6,0.0,0,6,2,0,6,1.628,7,7,5,0,3,3,1.094,2,3.115,5,7,3,1,7,4,6,5,0.228,0,0
6,1,4,1,1981.5,4,0,1.586,0,5,5,0.0,3.869,3,0.0,3,4,2,0,5,2.315,7,2,2,1,5,3,1.369,3,2.57,3,2,1,7,4,0,3,6,1.631,3,1
0,3,1,3,0.0,5,0,-0.182,6,1,0,0.0,0.181,3,0.0,4,7,1,0,3,-0.48,2,2,1,0,3,0,0.64,6,0.566,6,4,0,5,1,2,1,5,-0.512,1,0
3,3,6,0,0.0,3,3,-1.009,3,3,2,0.0,3.759,2,0.0,1,0,0,0,3,-0.662,6,3,5,0,6,1,0.653,1,0.585,6,3,0,7,1,3,6,1,-0.428,0,0
5,1,5,2,1411.21,2,6,1.559,7,3,6,0.0,-0.552,0,0.0,4,5,5,0,5,0.427,2,4,3,1,2,1,1.35,5,1.589,4,3,7,6,0,6,5,4,0.876,4,1
0,0,7,5,0.0,1,2,0.433,2,5,7,0.0,1.005,4,0.0,6,0,2,0,7,0.887,4,6,3,0,7,2,0.851,0,-2.501,2,7,0,6,3,2,5,2,0.212,5,0
4,6,3,6,0.0,4,5,-0.62,6,4,6,0.0,-1.611,7,0.0,3,5,3,0,1,-1.538,1,4,0,0,4,2,1.467,7,-2.487,5,4,7,0,1,0,1,5,-0.269,6,0
4,5,2,7,0.0,6,5,-1.077,1,3,3,0.0,1.421,0,0.0,3,5,2,0,0,1.31,0,4,2,0,3,7,0.762,2,-1.642,4,0,7,1,7,2,4,5,-0.56,5,0
3,3,3,3,0.0,1,5,0.208,4,3,0,0.0,-2.504,4,0.0,3,5,5,0,5,-0.85,0,5,2,0,4,4,0.775,1,-0.755,4,7,0,4,7,1,5,6,-0.352,7,0
4,2,5,0,0.0,7,5,0.087,3,7,5,0.0,-0.263,1,0.0,1,1,3,0,0,-0.611,5,1,7,0,0,3,0.968,6,1.758,2,3,1,2,3,6,3,0,-0.036,2,0
5,3,3,3,1922.51,0,0,1.653,1,3,2,0.0,0.026,6,0.0,1,3,1,1,4,1.87,1,5,6,1,3,6,1.45,1,1.895,3,7,0,2,4,1,5,5,2.089,5,1
3,1,6,1,1163.69,2,0,1.98,7,2,3,0.0,2.913,3,0.0,3,0,3,0,2,2.104,0,4,7,1,1,1,1.089,2,-0.241,7,7,3,3,1,2,6,7,2.191,7,1
2,1,4,2,0.0,1,0,-0.52,6,2,7,0.0,0.478,3,0.0,3,2,1,0,2,-0.95,3,3,7,0,7,7,0.986,3,-2.348,4,7,4,4,5,2,7,2,0.088,1,0
3,0,5,4,0.0,6,3,1.264,5,5,4,0.0,-2.693,7,0.0,1,1,3,0,4,1.293,2,0,6,0,4,1,1.201,5,0.077,4,6,6,7,4,2,3,0,1.183,2,0
5,6,1,2,668.35,3,2,-0.32,6,1,3,0.0,2.526,5,0.0,7,7,2,1,0,0.953,0,1,1,0,0,6,1.249,0,-0.268,1,6,4,5,7,5,3,5,0.101,7,1
5,2,3,1,0.0,6,1,-1.524,5,3,0,0.0,0.205,1,0.0,1,4,2,0,4,-0.085,0,6,7,0,7,7,0.828,6,-0.82,5,1,0,1,4,4,5,3,-1.172,7,0
5,2,0,5,0.0,5,2,-0.678,5,1,1,0.0,1.359,2,0.0,2,2,5,0,0,-1.928,5,0,0,0,0,2,1.025,4,-0.418,1,0,7,5,7,6,5,5,-0.764,1,0
5,6,0,4,0.0,6,3,-1.106,0,1,5,0.0,0.567,4,0.0,2,3,7,0,6,-0.837,4,5,6,0,7,6,1.091,0,-0.034,6,6,0,6,4,4,0,0,-0.674,3,0
5,5,5,7,0.0,4,2,1.436,0,0,5,0.0,2.529,5,0.0,2,5,2,0,3,-0.351,7,4,2,0,3,7,0.988,3,2.942,1,0,7,1,0,6,2,2,0.256,1,0
7,4,2,5,53.38,2,5,1.958,1,7,0,0.0,1.099,6,0.0,7,3,4,1,7,0.449,0,6,0,1,4,6,1.555,3,0.428,2,3,7,1,1,4,5,4,1.642,0,1
3,4,0,0,0.0,1,6,-0.392,5,5,3,0.0,0.28,1,0.0,7,7,5,0,2,-2.623,5,0,5,0,0,5,0.701,3,-1.674,3,6,3,0,4,5,3,3,-0.921,4,0
6,4,5,1,0.0,3,5,0.054,3,5,4,0.0,0.541,7,0.0,3,6,2,0,5,0.167,6,3,1,0,1,4,0.973,4,0.748,6,5,6,7,2,7,3,1,-0.125,6,0
2,2,4,2,0.0,1,1,-0.054,6,1,5,0.0,-0.642,6,0.0,1,1,3,0,1,0.425,2,0,4,0,4,2,1.032,4,0.741,7,6,5,0,0,2,2,1,-0.056,1,0
2,1,7,1,0.0,5,0,0.877,7,2,7,0.0,2.575,1,0.0,1,3,3,0,6,0.835,5,7,7,0,6,6,0.74,7,1.281,5,4,0,6,4,2,1,7,1.442,2,0
1,3,2,2,0.0,6,3,-2.079,4,0,5,0.0,-0.62,6,0.0,4,1,7,0,2,-1.044,3,1,4,0,0,2,1.042,2,0.095,7,1,2,7,1,6,3,6,-1.994,4,0
3,4,1,5,0.0,6,4,0.391,0,5,6,0.0,-2.145,7,0.0,1,6,1,0,7,0.368,1,5,5,0,6,0,1.026,5,0.367,7,7,7,4,4,6,3,1,-0.011,7,0
0,5,6,5,0.0,7,6,-1.011,2,1,5,0.0,2.018,1,0.0,0,1,5,0,1,0.44,0,4,4,0,5,3,0.845,2,-1.769,5,5,3,1,5,2,6,1,-0.57,2,0
4,0,2,1,0.0,4,5,-1.202,7,6,0,0.0,0.59,7,0.0,4,7,0,0,5,-2.353,6,5,1,0,2,0,1.142,4,-0.223,2,1,1,7,0,1,4,3,-0.436,1,0
5,2,1,2,0.0,1,4,-0.198,4,5,4,0.0,0.484,0,0.0,5,7,6,0,7,0.701,3,7,2,0,3,7,0.796,5,-0.87,0,3,1,4,5,0,0,2,-0.175,7,0
4,6,7,0,0.0,3,2,0.907,4,3,4,0.0,-1.485,2,0.0,5,5,3,0,7,2.089,3,5,3,0,1,1,1.181,4,-0.222,4,7,0,7,6,1,7,4,0.397,6,0
2,0,1,4,0.0,5,5,1.723,7,3,3,0.0,-0.966,3,0.0,4,6,3,0,4,1.028,1,0,0,0,7,5,0.738,2,0.87,6,6,6,6,1,2,5,5,1.066,2,0
0,6,3,7,0.0,0,1,0.002,6,7,5,0.0,1.967,6,0.0,2,7,3,0,2,-1.558,2,2,2,0,6,7,0.638,5,1.951,5,3,1,0,2,6,3,0,0.236,1,0
1,1,3,2,929.41,0,1,2.764,4,6,6,0.0,4.065,5,0.0,0,4,7,0,7,1.388,3,4,3,1,4,6,1.092,0,-0.476,3,0,7,7,7,5,6,7,1.703,4,1
7,4,6,2,0.0,1,0,-1.001,0,4,1,0.0,3.111,6,0.0,6,7,5,0,7,-0.021,6,2,0,0,5,4,0.928,3,1.86,7,3,1,3,2,7,4,7,-0.361,2,0
4,2,5,7,0.0,7,2,-2.081,6,4,7,0.0,0.77,3,0.0,5,4,0,0,1,-1.404,3,0,5,0,3,6,1.419,0,-3.351,0,0,0,5,4,0,0,0,-1.842,2,0
0,7,0,6,0.0,3,6,-0.137,6,5,5,0.0,0.017,0,0.0,7,3,1,0,1,-1.851,4,1,3,0,4,3,1.354,5,2.659,3,7,1,1,4,6,0,0,-0.345,6,0
1,5,5,2,1340.73,7,0,1.329,3,6,3,0.0,3.673,1,0.0,6,1,1,0,3,1.893,4,3,3,1,1,5,1.211,2,-0.917,3,2,7,4,2,2,1,6,1.272,4,1
3,2,6,3,0.0,4,2,0.155,3,7,7,0.0,2.184,3,0.0,5,5,0,0,0,1.833,4,0,6,0,5,6,1.046,3,1.296,3,1,1,6,3,4,3,7,0.534,4,0
5,0,4,1,0.0,1,4,-2.213,5,4,7,0.0,-3.848,1,0.0,6,4,5,0,7,-2.355,7,1,1,0,2,7,0.857,4,-4.156,5,4,2,1,3,6,3,0,-2.337,3,0
1,1,5,6,0.0,5,7,-0.343,2,1,7,0.0,-0.529,0,0.0,1,3,3,0,3,-0.482,0,0,3,0,1,5,0.902,0,1.486,0,3,2,6,1,5,5,3,-0.086,6,0
2,0,6,7,0.0,1,1,-0.515,4,5,2,0.0,0.449,1,0.0,0,5,1,0,4,-0.131,6,6,6,0,7,0,1.023,4,1.242,7,4,7,2,3,2,5,2,0.028,4,0
0,3,4,5,0.0,7,7,0.081,3,0,7,0.0,1.938,4,0.0,2,3,0,0,0,1.544,2,2,6,0,3,0,1.308,7,0.594,1,5,2,0,5,6,0,3,0.381,7,0
4,6,4,7,68.49,3,3,0.869,6,2,4,0.0,0.356,5,0.0,7,3,1,0,0,-0.726,1,4,7,1,6,5,0.791,1,1.496,7,0,6,2,5,0,3,2,0.982,7,1
3,2,4,3,0.0,2,6,-0.368,6,5,0,0.0,-2.168,5,0.0,0,1,4,0,1,-0.978,5,5,4,0,1,5,0.719,0,-3.465,4,6,6,5,7,6,4,5,-0.262,2,0
4,0,4,3,0.0,7,6,0.723,3,2,1,0.0,2.841,5,0.0,2,2,1,0,6,0.583,0,3,4,0,2,3,1.074,3,0.356,6,5,3,1,1,5,3,3,-0.003,2,0
4,1,2,6,0.0,3,2,0.987,6,1,3,0.0,-1.732,3,0.0,0,2,7,1,4,-0.057,3,4,7,1,6,7,1.519,2,0.023,1,4,3,6,7,1,4,1,0.821,2,1
1,4,6,5,0.0,1,4,-0.676,6,0,6,0.0,-0.553,4,0.0,0,1,5,0,0,1.622,3,0,4,0,2,5,0.957,3,1.659,3,1,2,6,0,2,5,2,0.057,4,0
6,5,5,4,2040.41,1,3,1.368,0,6,7,0.0,-2.118,6,0.0,0,4,5,0,7,0.466,1,2,1,1,4,3,1.079,0,0.78,2,6,1,2,0,7,1,2,0.689,5,1
6,7,1,3,0.0,1,1,-0.529,4,1,4,0.0,2.062,6,0.0,2,7,3,0,3,1.183,4,4,6,0,6,6,0.906,5,-0.821,7,2,6,4,4,4,7,3,-0.106,5,0
6,0,1,0,0.0,3,7,-0.099,0,4,4,0.0,-0.331,6,0.0,1,2,1,0,5,0.85,2,0,2,0,0,1,0.932,7,2.181,7,4,6,3,2,7,4,3,0.017,5,0
0,5,0,3,0.0,0,6,-0.154,2,7,0,0.0,0.681,6,0.0,4,4,7,0,7,-0.265,3,2,5,0,2,0,0.913,3,0.475,6,7,0,3,1,1,0,5,-0.369,6,0
1,7,3,0,0.0,2,5,0.409,3,5,0,0.0,-3.31,7,0.0,3,3,5,0,6,-0.903,6,5,7,0,1,6,1.01,4,-0.226,2,4,1,1,2,4,6,1,-0.339,7,0
4,5,2,5,0.0,7,4,-0.723,6,5,0,0.0,-2.008,4,0.0,5,3,5,0,2,0.318,3,3,5,0,1,3,1.129,7,3.296,5,5,2,1,4,2,3,0,-0.427,2,0
3,5,4,4,0.0,6,6,-0.631,7,2,1,0.0,-4.305,0,0.0,2,5,2,0,4,-0.089,0,3,2,0,5,1,1.058,0,1.645,5,0,1,2,6,4,6,5,-0.467,7,0
4,4,1,0,0.0,1,5,0.218,0,2,7,0.0,3.824,4,0.0,7,6,5,0,3,0.972,7,7,6,0,4,4,1.482,7,0.319,4,6,3,6,2,2,2,3,-0.051,6,0
2,3,6,1,481.55,3,5,0.123,7,5,0,0.0,0.089,4,0.0,7,3,5,0,1,-1.239,6,6,4,1,0,3,1.472,6,-0.146,1,2,1,7,1,5,2,6,0.592,6,1
6,6,1,4,736.11,6,6,-0.215,0,3,7,0.0,0.897,7,0.0,0,3,0,1,2,-0.085,0,2,1,0,7,3,1.169,3,0.098,6,3,3,1,5,1,5,6,0.94,1,1
5,6,4,1,2075.51,3,2,1.417,7,0,1,0.0,-0.29,5,0.0,1,1,2,1,2,1.981,4,5,3,0,7,0,1.279,4,1.024,4,4,7,4,5,2,0,6,0.958,5,1
3,0,2,0,0.0,2,4,-0.542,0,3,2,0.0,-0.949,7,0.0,6,1,7,0,0,-1.463,6,3,3,0,7,7,0.638,4,-0.428,7,7,7,6,2,5,7,7,-0.438,5,0
5,1,6,2,0.0,7,5,0.955,7,1,6,0.0,1.591,1,0.0,5,2,0,0,1,1.305,0,2,3,0,3,5,0.775,0,-0.962,2,6,6,1,6,6,5,6,0.376,5,0
6,6,5,0,0.0,4,6,0.704,5,0,5,0.0,0.775,0,0.0,7,3,2,0,3,0.288,2,5,3,0,2,2,0.93,5,0.019,3,5,0,0,2,7,0,3,1.03,7,0
6,1,1,5,0.0,6,7,-0.939,0,6,1,0.0,-0.518,1,0.0,4,7,4,0,3,-0.049,3,5,1,0,7,7,0.799,2,-0.843,6,2,5,7,6,7,3,2,-0.571,6,0
4,6,4,3,1718.03,7,7,1.175,4,4,3,0.0,2.911,1,22.18,7,5,5,1,3,0.834,7,1,7,1,7,1,1.174,2,-0.878,3,0,3,1,6,1,2,2,1.113,7,1
2,2,2,3,0.0,0,6,-1.019,6,7,1,0.0,-1.984,2,0.0,1,1,6,0,3,0.593,7,3,3,0,6,7,1.465,0,2.445,2,5,4,6,5,5,2,5,-0.14,2,0
1,7,6,7,1669.65,2,4,1.152,3,3,3,0.0,3.074,1,0.0,7,6,1,0,7,-0.797,5,0,5,1,3,0,1.203,6,0.982,5,3,3,5,6,2,1,1,0.847,5,1
7,0,7,5,0.0,3,5,0.245,1,2,3,0.0,0.094,6,0.0,7,5,0,0,1,-0.652,3,4,5,0,3,6,0.952,5,0.585,6,2,6,0,0,5,4,2,-0.056,1,0
1,1,3,7,0.0,4,0,-0.767,0,2,4,0.0,3.784,7,0.0,3,1,3,0,6,-1.017,0,7,2,0,3,6,1.246,2,-1.252,5,3,5,5,2,5,2,5,-1.205,4,0
4,3,1,1,0.0,4,0,-0.344,1,0,6,0.0,1.914,7,0.0,4,3,5,0,2,-1.261,3,3,5,0,7,5,0.878,7,3.719,7,1,4,7,0,0,3,1,-0.001,2,0
3,0,7,2,1852.42,5,1,0.938,5,4,2,0.0,0.872,4,0.0,7,4,3,1,2,-0.326,5,2,3,0,3,3,0.965,0,0.583,2,2,4,2,2,1,7,7,1.327,6,1
2,5,2,5,0.0,4,3,-0.904,5,2,2,0.0,-4.324,1,0.0,0,7,0,0,3,-2.331,1,4,6,0,5,2,1.092,4,-0.778,4,4,7,1,1,4,1,4,-0.495,1,0
0,2,7,6,0.0,6,5,-0.682,7,3,0,0.0,0.295,4,0.0,2,5,2,0,1,1.406,5,0,5,0,2,0,0.978,0,4.051,2,5,3,4,7,7,4,4,0.648,4,0
0,3,6,6,0.0,1,1,-1.892,5,5,7,0.0,-2.275,2,0.0,1,1,4,0,4,-0.787,2,4,1,0,5,4,1.323,7,-1.429,0,3,1,2,7,5,0,7,-0.731,6,0
5,0,6,7,0.0,4,1,2.341,1,6,4,0.0,4.66,6,0.0,4,7,5,1,7,3.137,2,2,3,1,3,7,1.219,3,1.869,6,7,6,0,1,5,0,7,2.703,5,1
0,4,1,6,0.0,1,0,-1.047,4,4,6,0.0,0.648,6,0.0,7,7,4,0,4,-2.807,6,6,7,0,4,6,1.025,7,-1.987,7,0,3,3,2,1,3,5,-1.399,3,0
5,3,0,4,508.11,6,6,1.583,2,4,4,0.0,3.646,6,18.78,7,4,1,1,4,1.838,3,0,6,1,7,4,0.943,7,1.263,7,5,7,4,2,5,5,3,1.536,6,1
6,4,3,4,0.0,4,5,-0.557,5,0,5,0.0,-3.971,3,0.0,7,0,1,0,7,-0.788,3,0,4,0,0,1,0.661,4,-0.043,6,4,3,0,5,3,3,7,-1.326,7,0
5,0,3,5,0.0,2,0,0.771,2,1,2,0.0,2.561,5,0.0,7,7,1,1,4,1.911,5,7,6,0,1,6,1.146,2,-0.426,2,3,6,3,7,0,5,7,0.844,6,1
3,0,3,5,0.0,4,5,0.286,0,2,4,0.0,-1.994,1,0.0,6,1,6,0,3,1.576,3,4,4,0,2,5,0.806,0,0.928,0,0,6,2,4,4,5,4,0.086,4,0
1,3,2,4,0.0,2,0,0.405,4,7,5,0.0,3.775,1,0.0,1,4,3,0,4,0.775,6,1,4,0,5,0,1.223,1,1.614,6,6,3,7,5,3,3,6,0.93,6,0
0,7,5,2,0.0,5,7,0.347,6,2,4,0.0,3.111,7,0.0,3,7,5,0,3,0.228,6,3,7,0,0,0,0.9,3,-0.646,6,2,7,5,5,5,0,7,-0.283,2,0
3,5,3,0,0.0,7,4,0.029,4,1,4,0.0,-0.239,5,0.0,4,1,2,0,6,-0.11,7,7,5,0,0,0,0.836,5,-0.647,0,7,6,1,1,5,0,6,-0.227,7,0
6,7,6,3,0.0,2,6,0.012,6,6,2,0.0,0.337,4,0.0,3,3,1,0,6,0.363,2,0,4,0,2,4,1.18,4,-1.278,2,5,1,0,0,0,7,1,-0.004,3,0
0,5,0,2,1514.19,2,6,0.546,7,1,2,0.0,0.474,4,17.3,4,6,2,0,5,0.991,1,4,0,1,3,0,1.088,5,-1.639,1,4,4,1,2,5,5,4,0.397,0,1
2,0,7,7,0.0,7,3,-1.069,5,6,4,0.0,1.219,1,0.0,6,2,1,0,1,-0.714,3,0,1,0,2,3,0.894,3,-0.107,0,3,2,1,1,5,5,4,-1.36,1,0
2,0,3,1,1183.12,4,2,0.114,6,0,0,0.0,-0.915,1,0.0,6,1,1,1,5,-0.318,7,2,0,0,3,0,1.342,5,-2.167,7,1,3,5,5,5,0,2,0.769,4,1
7,5,1,3,1533.83,5,6,0.525,5,1,5,0.0,3.611,2,2.11,1,2,7,0,4,-1.483,1,6,4,1,2,6,1.431,0,1.191,7,6,2,2,2,2,4,5,1.024,6,1
4,7,5,3,0.0,6,4,0.301,3,5,0,0.0,1.445,3,0.0,6,7,3,0,6,2.41,6,3,7,0,5,4,0.797,7,1.236,1,3,2,2,2,3,3,3,1.047,7,0
7,3,2,1,0.0,4,7,-0.322,4,7,7,0.0,0.558,1,0.0,3,7,4,0,0,0.184,0,3,5,0,2,3,0.707,2,-1.412,3,0,0,1,6,6,2,0,-0.178,4,0
1,5,5,4,0.0,3,2,2.073,5,5,7,0.0,-0.019,4,0.0,4,0,6,1,4,3.241,1,4,7,1,2,1,1.28,6,4.59,2,5,2,5,6,5,0,7,2.302,0,1
3,0,6,1,0.0,1,6,-0.822,3,3,5,0.0,-0.955,6,0.0,3,2,5,0,1,-0.627,2,7,0,0,2,6,1.332,4,0.31,5,3,3,3,5,2,2,6,0.279,6,0
4,6,5,4,0.0,4,7,-0.239,5,1,1,0.0,2.554,2,0.0,5,5,7,0,6,-1.623,7,3,3,0,2,0,0.893,0,-2.321,1,5,0,6,2,3,1,7,-0.333,4,0
3,1,1,7,0.0,7,7,0.607,4,1,4,0.0,1.441,2,0.0,1,4,7,1,2,0.823,0,4,0,0,5,0,1.046,5,1.639,7,4,6,2,2,2,6,1,0.41,6,1
5,6,0,5,0.0,3,0,0.837,5,5,4,0.0,-1.087,3,0.0,0,1,0,0,2,2.099,2,1,4,0,1,4,0.893,7,2.057,7,1,7,6,3,5,2,5,0.89,7,0
2,3,3,3,0.0,7,4,-0.699,6,1,3,0.0,-1.45,3,0.0,2,4,4,0,3,-0.927,2,0,3,0,0,3,0.999,0,-1.261,4,6,1,2,1,6,7,2,-1.013,5,0
3,5,5,4,0.0,7,6,0.46,4,7,6,0.0,-0.828,4,0.0,0,2,3,0,3,0.386,0,7,3,0,2,7,1.329,7,-1.467,5,1,2,1,1,0,1,1,0.183,6,0
1,3,1,5,1963.58,7,7,0.763,5,1,3,0.0,-0.081,4,0.0,6,2,6,1,1,1.146,5,6,0,0,3,3,0.895,5,-1.636,7,7,7,4,4,0,2,7,0.765,0,1
5,7,1,0,0.0,0,6,-0.607,5,7,0,0.0,0.535,3,0.0,7,1,2,0,7,-0.644,0,0,1,0,4,5,1.209,0,-1.0,6,4,0,5,0,3,0,6,-0.276,1,0
7,5,6,6,0.0,6,2,0.643,0,2,2,0.0,-2.363,2,0.0,3,2,7,0,2,-0.525,3,5,6,0,4,5,0.988,3,-0.168,7,7,0,2,7,5,3,1,0.704,2,0
3,4,7,2,0.0,2,1,0.961,1,1,5,0.0,2.196,5,0.0,6,1,7,0,5,1.756,0,6,7,0,6,7,0.741,4,1.568,3,2,1,0,3,4,7,1,0.638,0,0
1,1,6,3,0.0,0,1,-0.141,1,5,7,0.0,-0.906,0,0.0,2,6,5,0,5,1.568,4,0,7,0,1,6,1.144,6,-0.095,2,4,0,7,2,4,5,4,0.016,7,0
0,3,3,7,0.0,4,1,-1.248,3,2,3,0.0,2.011,5,0.0,3,6,0,0,1,-0.862,0,1,0,0,2,3,0.838,7,-0.147,1,0,2,6,5,4,3,4,-0.842,0,0
1,1,4,2,1056.72,6,2,1.571,6,6,3,0.0,0.932,4,0.0,2,4,3,1,3,1.171,2,6,7,1,5,6,1.023,1,1.756,1,5,6,7,3,3,6,7,1.866,5,1
0,7,2,7,0.0,7,0,-1.13,7,6,4,0.0,-1.562,5,0.0,2,0,7,0,5,0.51,4,1,4,0,4,0,1.074,7,1.974,0,0,0,1,4,5,7,0,-0.132,0,0
5,4,5,6,0.0,3,2,0.009,7,1,1,0.0,0.712,6,0.0,6,0,2,0,4,-0.351,4,0,5,0,6,3,1.185,0,-0.059,5,4,2,5,7,2,5,3,0.459,3,0
4,1,4,0,0.0,7,2,-1.001,2,1,7,0.0,2.71,6,0.0,2,5,4,0,6,-2.399,1,0,4,0,1,1,0.947,4,0.024,1,0,3,3,6,0,0,2,-1.13,2,0
4,6,3,3,0.0,4,5,-1.263,6,2,5,0.0,0.301,6,0.0,3,6,4,0,0,-0.592,5,6,7,0,7,2,1.016,5,-0.065,2,7,3,7,5,0,2,5,-0.618,7,0
6,2,5,1,0.0,5,7,-1.34,3,6,2,0.0,0.204,3,0.0,2,3,1,0,0,-1.948,1,0,3,0,5,0,0.84,2,1.319,1,1,3,0,1,6,6,0,-1.037,4,0
3,0,2,0,0.0,6,7,-0.727,3,4,2,0.0,1.525,0,0.0,1,5,7,0,7,0.643,2,6,1,0,4,3,0.971,6,0.252,6,4,2,0,2,2,2,6,0.194,3,0
4,5,7,5,210.65,2,7,0.76,7,7,0,0.0,0.339,3,0.0,6,4,1,1,2,0.518,3,6,5,1,5,1,1.511,7,1.022,2,4,7,0,0,2,6,0,1.021,1,1
7,0,4,3,0.0,4,6,-0.549,3,7,5,0.0,-2.285,2,0.0,3,6,6,0,6,2.398,7,0,2,0,6,0,1.19,7,2.991,4,5,6,7,5,0,7,2,-0.145,7,0
4,1,6,1,2083.46,1,0,-0.036,3,0,2,0.0,-2.196,3,0.0,0,2,4,0,4,-0.27,3,0,1,1,2,0,1.262,6,-1.032,4,3,6,5,7,5,3,7,0.453,7,1
0,3,1,2,0.0,7,7,-3.079,7,6,6,0.0,-4.44,1,0.0,5,4,7,0,2,-2.742,1,5,2,0,1,4,1.061,1,-1.009,4,5,0,1,3,2,5,4,-3.18,7,0
0,0,3,5,0.0,6,7,-0.078,2,4,6,0.0,-0.907,1,0.0,0,6,0,0,3,-1.543,4,3,1,0,1,2,0.916,0,-2.841,7,0,3,1,6,2,3,7,-0.807,2,0
2,2,6,2,0.0,2,3,0.394,7,6,4,0.0,3.771,5,0.0,4,4,3,0,4,0.006,1,0,5,0,5,0,0.861,1,2.564,1,7,3,3,0,6,4,4,-0.251,4,0
0,1,6,3,0.0,3,2,0.588,5,4,6,0.0,-1.739,0,0.0,2,6,6,0,6,-0.407,4,1,2,0,5,4,0.922,2,2.852,1,5,5,1,1,4,0,6,0.962,2,0
6,5,6,2,2021.21,6,6,2.541,1,6,6,0.0,2.059,6,0.0,6,3,0,1,7,3.946,1,4,5,1,6,2,1.291,0,4.445,3,5,1,7,0,1,6,2,2.574,2,1
0,3,5,7,0.0,0,5,1.376,5,3,4,0.0,7.136,5,0.0,5,6,2,1,4,1.147,7,2,6,1,1,5,1.064,0,-1.894,7,6,0,3,0,3,1,5,1.809,5,1
7,6,2,7,0.0,5,0,-1.966,3,1,6,0.0,-0.467,6,0.0,5,0,2,0,7,-2.205,6,6,4,0,4,3,0.656,1,-2.987,0,4,5,5,7,4,4,0,-1.407,3,0
1,7,6,7,0.0,4,2,0.158,4,5,7,0.0,-1.304,7,0.0,4,1,5,0,4,-1.526,2,2,1,0,6,2,0.95,2,-1.672,5,4,7,7,3,2,4,1,0.385,7,0
6,5,5,7,0.0,4,0,-0.469,5,6,4,0.0,-1.776,7,0.0,5,5,0,0,4,-1.64,5,3,3,0,1,5,0.97,2,-2.441,6,2,5,5,5,5,6,2,-0.164,6,0
7,0,1,4,0.0,4,4,-1.189,3,3,2,0.0,1.209,6,0.0,4,4,2,0,5,-1.262,0,3,0,0,3,3,1.172,2,0.755,6,5,2,5,5,5,6,7,-1.116,6,0
1,1,2,5,0.0,7,5,0.401,2,3,4,0.0,-0.093,7,0.0,6,5,4,0,6,1.021,7,1,7,0,1,4,0.846,2,0.07,5,7,2,6,0,7,1,2,0.145,1,0
2,6,3,7,0.0,3,2,0.197,7,5,2,0.0,-4.033,7,0.0,0,7,2,0,2,0.484,7,1,5,0,3,7,0.918,0,-0.84,7,6,1,5,2,6,1,0,-0.235,5,0
6,2,6,2,0.0,2,2,-0.45,3,3,6,0.0,1.835,0,0.0,6,3,4,0,1,0.176,1,0,7,0,6,0,0.847,0,-1.22,3,6,4,1,7,1,7,3,-0.781,0,0
3,7,0,2,0.0,5,0,0.423,0,6,5,0.0,-3.303,3,0.0,5,0,3,0,4,1.049,0,4,1,0,2,5,0.998,1,1.212,1,1,0,0,3,4,4,2,0.654,7,0
7,1,4,1,0.0,2,7,-2.391,4,1,7,0.0,-2.48,3,0.0,0,3,5,0,2,-2.805,1,4,2,0,1,0,0.979,2,-1.151,3,4,4,6,1,4,6,2,-1.336,0,0
7,4,3,4,151.44,3,0,1.554,4,0,1,0.0,4.004,6,0.0,4,4,3,1,3,0.834,1,1,5,1,1,3,1.198,2,0.982,0,3,3,3,4,4,0,3,1.218,1,1
3,0,2,2,0.0,1,5,-0.855,4,5,4,0.0,0.63,0,0.0,7,2,1,0,0,-1.128,0,1,6,0,3,5,0.935,6,1.409,4,3,1,3,7,6,2,7,-0.693,0,0
4,3,6,5,0.0,0,4,1.072,1,3,5,0.0,-0.464,2,0.0,1,2,0,0,0,-0.284,1,0,1,0,5,1,0.71,3,-2.233,7,7,5,2,5,5,6,6,-0.108,5,0
7,6,2,0,0.0,2,3,-0.402,3,6,4,0.0,0.472,5,0.0,3,0,2,0,7,0.975,4,2,4,0,7,0,0.861,0,0.665,5,6,5,2,3,4,5,4,0.117,2,0
4,0,5,3,0.0,1,0,4.122,7,6,7,0.0,1.055,6,0.0,3,7,3,1,6,3.286,2,4,5,1,1,7,0.819,4,3.406,1,0,2,2,4,6,4,1,3.16,3,1
2,7,5,3,0.0,1,5,-1.069,1,0,1,0.0,-1.818,1,0.0,3,1,6,0,5,-1.218,7,6,7,0,6,0,1.04,3,-0.909,4,0,5,2,3,0,1,7,-1.117,5,0
6,5,7,4,0.0,1,1,-0.256,2,3,2,0.0,2.836,4,0.0,6,6,2,0,3,-0.747,7,3,3,0,0,0,1.275,2,-0.805,7,3,7,0,3,4,1,3,0.233,3,0
3,4,1,3,0.0,5,2,-0.26,5,5,5,0.0,1.374,2,0.0,0,3,1,0,0,0.147,1,0,7,0,1,0,0.92,7,1.65,6,5,3,0,6,2,4,1,0.229,3,0
1,5,1,5,0.0,2,5,0.755,5,5,5,0.0,2.945,4,0.0,0,2,1,0,2,2.257,5,4,3,0,0,7,1.102,1,0.446,4,7,3,0,1,0,6,5,1.32,1,0
2,4,0,6,0.0,2,0,-0.589,1,0,3,0.0,0.38,1,0.0,5,3,3,0,3,-1.05,3,2,1,0,4,3,1.128,6,-0.287,1,1,2,4,1,1,1,0,-0.779,3,0
7,2,6,3,190.44,4,7,1.12,4,1,3,0.0,-1.621,0,0.0,5,5,6,0,1,2.175,5,1,7,1,5,4,1.048,6,0.427,7,6,0,2,6,0,6,0,1.627,6,1
5,6,3,3,0.0,0,4,-0.507,2,2,6,0.0,0.431,5,0.0,1,4,7,0,2,-0.074,3,3,5,0,6,0,0.926,4,-1.607,0,6,1,0,1,3,7,4,0.018,4,0
1,0,7,2,609.15,3,1,1.715,7,5,3,0.0,1.136,6,0.0,7,7,2,1,0,2.296,6,7,6,1,3,2,1.251,2,1.095,7,6,6,2,6,4,0,7,1.45,2,1
2,0,4,6,0.0,3,0,0.055,5,3,2,0.0,-0.31,6,0.0,7,7,4,0,3,0.003,6,3,0,0,7,5,0.951,4,1.319,7,1,1,5,7,2,3,7,-0.052,5,0
7,1,6,4,0.0,6,7,0.131,4,5,0,0.0,2.411,3,0.0,1,7,3,0,3,0.686,3,6,0,0,0,6,0.886,7,-2.023,1,3,5,5,5,4,5,2,-0.891,5,0
6,6,3,7,0.0,2,7,-0.103,6,2,5,0.0,0.88,3,6.04,1,4,3,1,2,0.65,6,2,6,1,7,2,0.963,3,-1.078,7,2,0,4,4,7,3,5,0.613,6,1
4,3,1,3,0.0,6,5,-0.119,4,5,5,0.0,0.584,7,0.0,3,7,5,0,7,-0.127,5,3,2,0,0,5,0.658,0,-1.131,6,3,3,2,7,0,1,2,-0.128,4,0
5,1,3,6,1780.14,7,7,1.881,1,5,2,0.0,2.36,5,0.0,6,2,5,0,1,0.997,3,4,3,1,2,3,1.485,6,0.403,6,7,1,4,0,7,7,7,1.193,7,1
3,7,2,2,0.0,7,6,0.939,2,0,5,0.0,2.685,1,0.0,6,4,3,0,7,0.885,4,5,2,0,4,2,1.106,0,0.892,0,6,1,0,3,3,1,7,0.204,1,0
0,0,7,1,2051.1,7,2,1.956,6,6,0,0.0,0.171,2,0.0,0,1,4,0,1,1.487,0,5,5,1,1,1,1.31,4,3.309,1,0,1,0,0,5,2,7,1.542,7,1
7,1,3,1,0.0,5,3,-0.495,0,7,5,0.0,-5.224,0,0.0,6,2,6,0,2,0.806,4,6,7,0,0,2,0.728,3,0.318,0,4,1,7,5,4,5,5,-0.724,0,0
2,4,5,6,0.0,4,6,0.361,4,2,6,0.0,-1.851,4,0.0,6,6,2,0,2,0.488,0,2,3,0,7,4,0.842,5,-5.018,7,7,5,1,1,2,1,0,-0.852,6,0
6,2,0,5,0.0,2,3,0.756,2,3,7,0.0,-0.422,5,0.0,6,7,4,0,3,-0.295,6,6,3,0,4,2,0.853,4,-1.569,2,6,0,0,6,0,5,4,-0.076,4,0
1,4,3,3,0.0,3,5,-0.165,0,2,4,0.0,-0.175,7,0.0,7,6,3,0,7,0.205,2,7,1,0,0,3,1.103,0,1.015,3,1,7,4,4,5,1,5,-0.299,0,0
4,5,3,5,0.0,0,0,-0.405,4,7,7,0.0,0.619,4,0.0,2,4,6,0,4,-0.333,4,7,1,0,1,2,1.046,6,0.399,3,4,7,2,6,6,0,2,-0.681,3,0
1,3,6,5,0.0,7,6,0.973,5,4,0,0.0,-0.382,0,0.0,7,1,3,0,5,-1.734,5,3,4,0,0,2,0.495,2,0.929,0,4,1,3,0,6,2,3,0.418,1,0
2,6,5,0,0.0,0,3,0.641,3,2,4,0.0,0.633,3,0.0,5,6,7,0,4,-0.046,3,7,4,0,7,4,0.848,4,2.441,3,1,2,5,7,6,5,5,0.794,2,0
1,4,2,4,0.0,6,1,-1.031,5,3,3,0.0,2.378,7,0.0,1,7,0,0,2,-0.097,5,6,2,0,3,3,1.449,6,0.467,5,3,7,4,2,7,0,5,-1.808,0,0
5,7,6,5,0.0,1,3,0.988,4,1,5,0.0,0.747,3,0.0,5,5,4,0,2,2.698,3,3,0,1,7,4,1.112,3,-0.949,4,2,5,5,6,3,1,7,0.849,6,1
3,5,3,3,0.0,5,1,-0.261,5,3,3,0.0,-0.56,5,0.0,7,7,5,0,1,-2.697,0,2,2,0,7,3,0.399,5,0.67,7,3,0,7,1,7,7,1,-1.216,2,0
2,2,0,5,663.98,3,3,0.914,3,5,1,0.0,-0.938,6,23.11,5,1,5,1,2,2.691,6,2,6,1,4,2,0.985,6,3.749,6,3,4,4,3,3,4,1,1.047,2,1
0,0,2,5,0.0,4,2,-0.789,0,0,5,0.0,2.245,3,0.0,0,1,0,0,0,-1.24,0,2,2,0,6,4,0.958,5,-2.162,4,5,0,2,7,3,5,6,-1.076,5,0
1,3,2,7,0.0,7,0,0.27,4,4,4,0.0,-0.296,1,0.0,4,4,7,0,0,-2.119,1,2,5,0,5,5,0.873,5,1.494,0,3,3,5,0,3,2,3,0.083,7,0
7,4,5,4,0.0,4,7,0.381,2,7,2,0.0,-1.091,5,0.0,6,7,1,0,4,-3.219,6,7,6,0,2,4,0.869,3,-2.082,6,6,6,7,6,7,7,3,-0.194,4,0
2,4,7,7,0.0,5,0,-1.107,5,2,4,0.0,-5.748,6,0.0,6,0,0,0,3,-1.354,6,7,6,0,4,5,1.136,6,0.317,7,4,2,5,7,6,3,6,-1.191,3,0
7,0,1,1,0.0,5,6,0.015,7,0,3,0.0,-1.782,1,0.0,2,4,7,0,0,-3.017,7,3,6,0,7,7,1.035,6,-1.397,0,5,7,1,3,6,5,5,-0.586,2,0
2,4,4,1,0.0,0,6,-0.786,5,3,5,0.0,-2.003,0,0.0,5,1,7,0,0,-2.168,5,0,4,0,7,6,1.115,5,-0.395,1,3,1,3,7,7,1,1,-0.995,5,0
1,3,4,5,0.0,0,3,1.805,2,3,2,0.0,5.143,0,8.76,6,4,2,0,1,2.846,3,6,4,1,7,5,1.268,6,1.868,1,2,5,4,6,4,4,6,1.852,3,1
3,5,2,3,0.0,4,2,-0.67,3,6,5,0.0,-2.314,0,0.0,0,1,3,0,3,-0.14,7,1,1,0,7,2,0.584,0,1.686,1,3,0,5,1,5,6,5,0.123,0,0
1,3,2,2,0.0,6,5,0.207,2,5,6,0.0,-2.088,1,0.0,1,1,0,0,5,-0.6,4,0,1,0,7,1,0.833,0,-2.322,0,2,7,6,4,1,1,7,-0.321,6,0
2,7,4,0,0.0,0,2,-2.157,1,6,2,0.0,-3.901,3,0.0,6,0,7,0,2,-3.995,6,1,3,0,4,2,1.124,7,-3.419,1,2,1,7,7,0,5,2,-1.658,5,0
6,1,7,7,0.0,2,6,-0.986,4,1,4,0.0,0.587,1,0.0,0,2,5,0,2,-1.928,2,7,7,0,4,5,0.71,3,-2.288,2,2,3,3,6,2,4,1,-1.118,2,0
7,1,6,4,0.0,4,5,-2.235,7,1,0,0.0,0.709,1,0.0,2,2,4,0,6,-3.62,4,5,3,0,0,7,0.886,4,-2.099,7,0,5,3,7,4,5,7,-1.518,5,0
6,7,2,2,0.0,4,6,-1.139,0,0,0,0.0,-0.1,6,0.0,7,5,0,0,5,-1.644,2,0,5,0,0,1,0.761,3,-0.957,7,1,5,0,2,5,7,3,-0.854,5,0
2,1,7,2,0.0,5,5,-0.825,5,4,5,0.0,0.292,0,0.0,1,4,5,0,2,-0.364,1,0,4,0,2,1,0.979,1,-0.913,5,6,1,5,6,2,4,5,-1.129,0,0
0,4,0,5,0.0,1,6,-0.15,4,6,2,0.0,-1.694,6,0.0,3,7,1,0,2,-0.318,5,1,1,0,1,5,1.178,5,0.466,1,3,2,1,2,7,2,4,0.164,4,0
6,1,2,0,2022.34,0,6,1.006,5,1,4,0.0,0.433,4,0.0,2,4,6,1,4,1.842,6,3,1,0,5,0,0.97,4,2.392,2,1,6,6,2,3,4,1,1.677,0,1
6,7,5,0,0.0,2,5,0.202,0,3,1,0.0,0.153,2,0.0,0,3,5,0,6,-0.781,1,6,5,0,7,0,1.136,5,1.551,0,6,5,1,4,3,6,4,1.171,6,0
2,1,5,6,0.0,4,3,0.069,3,4,7,0.0,-0.797,5,0.0,3,6,5,0,6,1.787,5,6,5,0,2,0,1.129,4,-1.678,0,2,6,5,1,1,3,6,-0.416,0,0
3,4,7,3,1384.13,7,2,1.023,2,6,3,0.0,3.408,6,0.0,4,2,1,1,5,2.186,1,3,5,0,1,2,1.151,5,1.026,7,1,1,3,0,4,6,5,1.698,2,1
1,5,5,2,0.0,5,1,-0.593,6,5,2,0.0,-0.976,1,0.0,6,7,3,0,0,0.053,3,7,2,0,0,7,1.112,3,-0.32,0,5,0,4,0,6,4,5,-0.26,1,0
3,4,0,0,0.0,1,2,0.399,3,1,6,0.0,1.521,5,0.0,2,2,5,0,1,0.064,7,7,6,0,1,2,1.274,4,0.994,5,4,6,1,7,3,1,3,0.02,7,0
7,5,6,5,0.0,3,7,-0.378,4,6,0,0.0,-0.164,2,0.0,1,0,1,0,6,-1.028,7,1,5,0,5,5,0.891,1,-0.418,5,0,1,7,4,1,7,1,-0.231,1,0
0,4,1,6,0.0,0,5,-0.799,5,2,6,0.0,-3.323,7,0.0,4,2,0,0,1,-0.583,3,7,7,0,0,1,1.055,1,-0.266,2,2,2,5,6,3,7,4,-0.108,7,0
3,6,5,0,247.81,4,5,0.424,7,2,5,0.0,3.006,4,0.0,6,6,4,0,6,3.229,5,3,4,1,7,5,1.141,7,2.083,0,7,3,4,3,0,1,7,1.284,4,1
1,3,2,3,0.0,2,5,1.044,3,0,4,0.0,0.662,3,0.0,0,1,6,0,1,0.351,2,5,1,0,5,7,0.848,6,-1.342,1,6,6,7,5,5,3,6,1.071,5,0
4,3,2,4,0.0,1,4,-0.221,3,2,4,0.0,0.34,4,0.0,3,4,6,0,1,-2.538,4,6,4,0,4,1,1.03,0,-3.257,5,7,7,3,2,7,1,7,-1.402,4,0
6,5,3,6,0.0,2,7,-0.747,7,2,1,0.0,-0.544,0,0.0,3,4,6,0,1,1.51,3,6,3,0,5,4,0.917,3,-1.189,5,0,4,7,4,3,0,1,-1.242,5,0
5,6,1,4,0.0,3,5,-0.945,0,0,6,0.0,-0.535,0,0.0,4,6,7,0,3,-0.658,7,1,3,0,3,3,0.694,3,-1.682,3,6,1,5,3,6,4,6,-1.007,0,0
2,2,6,2,0.0,6,0,-1.457,0,6,0,0.0,-0.28,2,0.0,0,0,5,0,3,0.14,2,3,3,0,2,1,1.439,0,-3.043,4,4,5,0,5,4,3,5,-1.311,2,0
5,1,3,6,1709.27,1,3,2.734,2,6,7,0.0,3.491,2,16.08,3,2,1,1,4,2.204,1,5,7,1,6,7,0.835,3,2.611,5,0,6,0,4,0,0,2,2.988,1,1
1,7,3,3,0.0,6,1,-0.564,2,6,7,0.0,-2.537,1,0.0,1,5,3,0,4,-1.077,5,2,7,0,4,6,0.894,3,-0.594,4,2,4,7,2,0,0,1,-0.584,4,0
6,2,4,7,0.0,1,2,2.328,0,7,6,0.0,4.087,0,0.0,0,2,1,1,1,1.896,5,2,2,1,3,3,1.615,6,3.477,7,6,3,6,6,5,5,6,1.977,5,1
4,5,1,3,1254.84,4,2,1.212,5,1,4,0.0,-0.042,3,0.0,0,2,2,1,6,2.209,2,5,0,1,7,2,1.251,6,2.698,2,6,6,5,7,0,0,5,1.169,3,1
1,6,2,0,0.0,3,3,-0.484,4,2,5,0.0,1.61,4,0.0,0,6,7,0,6,-1.226,7,7,1,0,2,3,0.969,6,-1.047,4,7,3,5,3,7,6,3,-0.521,5,0
2,1,7,1,0.0,6,3,-1.836,1,3,3,0.0,-0.257,2,0.0,1,4,0,0,7,-2.369,5,6,5,0,2,1,0.831,1,-0.935,3,7,5,2,1,0,5,3,-1.471,5,0
7,6,3,0,0.0,7,6,-2.657,3,0,5,0.0,-0.49,1,0.0,3,3,1,0,2,-1.893,5,4,1,0,3,0,1.1,4,-2.003,4,6,0,4,1,1,5,7,-2.153,3,0
4,2,3,2,0.0,5,4,0.294,5,5,0,0.0,1.302,0,0.0,1,5,6,0,4,2.598,3,1,1,0,4,0,1.228,0,0.347,6,4,2,4,0,0,6,1,0.424,7,0
4,1,5,5,0.0,0,5,-0.278,1,0,2,0.0,0.933,7,0.0,3,2,3,0,6,0.062,2,0,4,0,2,1,0.914,0,1.696,4,2,4,0,6,0,1,3,-0.219,2,0
7,4,0,3,0.0,5,6,-1.389,5,3,1,0.0,2.683,3,0.0,4,7,7,0,3,-1.857,7,3,4,0,2,0,1.065,6,-2.465,0,6,5,5,5,6,2,1,-1.083,1,0
7,5,4,3,2081.06,6,3,1.487,6,2,0,0.0,-2.277,7,0.0,2,6,3,0,1,0.177,1,3,6,1,6,7,1.623,5,2.841,2,1,3,5,7,6,2,6,1.768,6,1
3,1,3,3,0.0,7,1,-0.737,3,5,6,0.0,-0.353,5,0.0,7,1,4,0,4,-1.565,2,2,1,0,5,6,1.044,1,-0.684,6,6,4,2,2,3,2,0,-0.919,6,0
4,6,2,5,0.0,1,2,-0.252,5,5,2,0.0,-1.58,7,0.0,2,4,6,0,1,0.293,7,4,2,0,2,6,1.002,0,2.829,7,0,6,3,1,3,7,2,0.627,2,0
7,7,2,2,145.23,6,6,1.115,6,3,3,227.79,4.646,1,0.0,2,2,2,1,4,2.195,4,7,5,0,1,4,1.21,6,-0.459,0,1,2,3,0,3,7,1,0.919,1,1
7,7,7,6,256.89,5,0,0.021,5,2,7,0.0,-0.48,7,0.0,6,4,3,1,7,3.081,1,7,4,1,3,3,1.059,4,0.846,2,3,2,5,3,1,6,2,1.462,3,1
4,3,0,3,0.0,0,4,0.293,2,2,7,0.0,0.093,0,0.0,7,0,0,0,4,0.819,3,1,3,0,7,2,0.978,4,-1.267,7,4,0,6,3,0,0,6,-0.378,5,0
0,7,1,6,0.0,2,0,0.109,0,5,0,0.0,0.936,6,0.0,1,5,7,0,3,-2.603,5,5,2,0,3,2,0.743,6,-0.478,5,7,3,4,7,4,7,3,-0.485,1,0
1,1,1,5,0.0,0,5,0.109,7,5,2,0.0,2.035,0,0.0,1,5,5,0,6,1.064,2,4,7,0,7,4,0.86,6,0.241,5,7,2,3,5,1,4,0,0.967,0,0
4,3,1,2,772.23,4,4,0.347,7,6,3,0.0,-3.814,5,0.0,7,7,4,0,0,1.663,6,7,1,1,2,5,1.405,0,-1.153,0,6,0,5,3,6,1,0,0.876,3,1
3,4,6,2,0.0,7,3,-0.415,3,2,6,0.0,-2.841,0,0.0,1,2,4,0,0,0.477,4,1,2,0,0,3,1.022,6,-2.686,7,7,3,4,2,5,6,1,0.71,1,0
5,2,5,4,0.0,5,1,-1.516,1,5,7,0.0,-4.537,0,0.0,3,7,0,0,4,-1.867,2,1,2,0,6,5,1.02,5,-2.214,4,1,2,0,4,4,3,7,-1.247,1,0
1,0,5,7,451.52,5,7,0.499,7,4,3,0.0,-5.616,6,0.0,0,7,0,0,1,1.812,7,5,0,1,5,7,1.405,6,0.356,4,1,1,0,6,5,3,7,1.088,4,1
2,1,0,1,0.0,0,5,-0.176,1,2,1,0.0,-2.215,3,0.0,2,5,0,0,7,-0.117,5,6,5,0,0,0,1.225,7,1.715,4,4,5,0,2,2,1,6,0.153,0,0
5,6,7,0,955.75,6,6,1.354,3,2,4,0.0,5.607,3,0.0,6,4,2,1,5,2.206,2,6,2,1,1,3,1.075,1,2.335,0,4,4,5,4,1,4,7,2.072,0,1
1,3,0,7,0.0,5,0,-0.624,5,5,0,0.0,-2.823,5,0.0,4,4,7,0,7,-1.854,5,0,2,0,5,2,1.1,1,-1.704,7,5,4,4,3,1,1,5,-0.439,4,0
2,3,6,1,0.0,5,0,0.516,3,6,7,0.0,-2.968,3,0.0,6,2,0,0,2,0.047,7,6,2,0,6,3,1.138,4,1.767,7,4,4,1,2,5,0,0,0.642,1,0
6,0,1,1,0.0,5,0,-1.312,3,4,5,0.0,-5.81,4,0.0,5,6,0,0,5,-1.244,2,7,2,0,1,5,0.849,1,-0.445,1,1,7,4,2,1,5,2,-1.485,1,0
3,4,7,1,0.0,0,3,-2.324,6,5,5,0.0,-6.628,7,0.0,6,1,6,0,5,-1.543,6,4,3,0,3,5,0.925,1,-3.226,3,0,5,7,6,5,7,5,-1.309,7,0
6,1,6,2,1364.91,4,6,0.475,5,0,7,0.0,-0.248,2,0.0,2,4,5,0,4,2.423,1,5,0,1,2,3,1.022,6,0.354,0,4,6,2,3,4,2,4,0.424,3,1
0,0,5,6,0.0,3,3,-1.867,7,2,6,0.0,-4.519,4,0.0,0,4,3,0,4,-1.223,0,7,3,0,7,1,0.996,7,1.186,0,3,4,2,3,1,7,5,-1.343,4,0
5,5,0,7,0.0,6,5,-0.571,4,4,5,0.0,-2.714,0,0.0,5,1,1,0,7,0.223,3,0,7,0,4,3,1.13,2,0.192,3,2,0,2,7,1,1,6,-1.156,2,0
1,0,2,2,0.0,4,3,-0.529,7,6,1,0.0,-4.613,3,0.0,6,5,1,0,1,-0.593,2,7,1,0,6,7,0.88,7,-1.416,1,0,5,7,5,6,3,7,-1.614,4,0
3,4,6,6,2000.63,6,1,1.025,1,3,2,0.0,-0.266,6,0.0,0,1,0,0,0,0.702,4,1,1,1,5,7,1.601,1,0.068,5,4,2,0,6,7,6,3,0.222,1,1
6,1,3,6,0.0,5,6,-1.329,5,6,2,0.0,1.726,5,0.0,3,1,6,0,4,0.977,6,3,1,0,3,4,1.449,7,-0.264,6,0,5,1,4,0,5,6,0.285,3,0
7,2,4,6,0.0,3,1,1.19,0,5,2,0.0,3.822,5,0.0,0,3,4,0,2,2.209,3,2,1,0,2,7,0.787,3,0.903,3,7,4,7,0,4,5,6,1.557,6,0
4,4,4,2,0.0,6,4,0.585,2,0,2,0.0,2.813,7,0.0,1,5,4,0,5,-0.727,4,3,6,0,6,6,0.845,0,0.249,3,1,5,1,4,7,5,1,0.343,7,0
2,7,0,6,0.0,7,5,0.715,4,7,6,0.0,1.216,1,0.0,2,2,2,0,6,0.034,1,0,4,0,1,4,0.889,4,2.868,4,7,7,0,2,3,0,3,0.05,1,0
1,1,3,5,500.27,2,5,1.08,1,1,5,0.0,-2.284,4,0.0,3,2,4,0,7,1.494,5,2,3,1,5,4,1.362,2,1.331,1,4,2,0,5,4,6,6,0.405,7,1
2,1,6,1,0.0,4,6,-0.501,2,4,3,0.0,-5.229,2,0.0,6,3,7,0,4,-1.911,7,3,2,0,3,4,1.014,0,-0.149,1,6,4,7,4,1,2,4,-1.858,5,0
7,2,4,7,147.37,5,3,1.934,4,0,1,0.0,3.097,1,0.0,7,6,4,0,6,-0.258,5,6,4,1,6,4,1.011,3,0.795,2,7,7,7,1,5,6,7,1.719,2,1
3,5,0,2,0.0,7,3,0.443,5,7,7,0.0,-1.39,7,0.0,3,2,2,0,2,0.158,6,6,1,0,4,4,1.039,7,0.026,4,1,6,6,4,5,3,3,-0.225,0,0
2,5,2,3,0.0,0,3,0.676,1,5,6,0.0,-1.398,0,0.0,4,7,3,0,7,2.634,1,6,2,0,1,6,0.863,0,-1.317,3,3,4,2,1,2,2,2,-0.267,7,0
0,1,4,0,0.0,4,6,-0.586,3,7,0,0.0,1.609,4,0.0,4,2,6,0,6,-1.671,0,3,0,0,4,1,0.897,3,-4.551,2,0,6,5,3,3,2,5,-1.601,7,0
4,3,4,1,1513.4,2,6,2.442,7,0,7,0.0,5.541,1,0.0,6,3,3,1,3,3.977,7,4,6,1,5,5,1.008,1,3.125,1,4,1,5,1,0,5,0,2.031,3,1
6,2,4,5,0.0,3,7,-0.381,0,6,4,0.0,-1.637,0,0.0,4,7,0,0,5,-1.235,0,1,4,0,0,3,1.084,7,-1.356,0,4,7,1,3,1,4,6,-0.696,1,0
6,4,1,2,0.0,5,5,0.147,0,5,6,0.0,-2.37,6,0.0,4,7,0,0,1,-0.745,5,2,3,0,5,6,0.724,6,0.074,2,0,3,7,7,3,3,2,-0.205,3,0
0,0,3,5,1979.12,4,0,-0.549,1,0,3,0.0,-1.654,1,0.0,6,1,0,0,6,0.506,4,4,4,1,1,6,1.059,7,-2.187,0,3,6,3,4,7,1,2,-0.405,6,1
0,0,2,1,0.0,7,4,-0.536,6,4,6,0.0,1.81,5,0.0,6,1,4,0,4,-1.353,1,3,2,0,7,7,0.844,4,-0.664,2,0,0,2,0,1,6,7,-0.367,3,0
6,0,2,0,0.0,0,5,-0.183,3,7,3,0.0,4.035,0,0.0,3,3,7,0,2,-1.122,5,0,5,0,5,3,1.291,6,0.596,6,2,2,4,2,3,7,3,0.205,0,0
0,3,0,0,0.0,3,0,0.433,4,1,1,0.0,-0.149,3,0.0,7,0,7,0,0,-1.092,4,0,6,0,0,7,0.963,4,-3.223,0,4,4,0,4,0,6,0,-0.044,5,0
0,1,3,1,0.0,2,7,0.2,6,1,7,0.0,-0.929,5,0.0,4,5,0,0,7,0.469,2,7,6,0,0,5,1.154,0,2.681,4,5,2,0,7,0,4,1,0.905,1,0
0,5,0,5,1184.74,3,2,1.858,0,5,3,0.0,2.615,6,0.0,0,7,4,1,5,-0.259,7,3,4,1,5,4,1.193,5,4.557,4,2,1,5,3,3,7,0,1.165,7,1
5,7,6,1,0.0,2,5,0.372,5,6,0,0.0,1.979,7,0.0,1,5,6,0,1,2.867,4,1,4,0,7,4,0.582,4,-1.738,6,6,5,2,3,6,1,4,0.17,1,0
4,4,2,3,1906.18,1,1,1.212,5,7,2,0.0,0.148,1,0.0,0,4,3,1,4,-0.201,6,1,0,1,6,6,1.152,7,2.149,3,5,3,3,5,5,5,4,0.38,6,1
4,6,2,1,0.0,4,4,-0.652,0,5,5,0.0,-1.83,3,0.0,7,7,2,0,4,-1.943,2,3,1,0,3,5,1.144,1,0.146,5,3,1,3,6,6,3,0,-0.283,3,0
1,2,1,0,0.0,7,6,-0.875,1,6,3,0.0,-0.844,7,0.0,7,6,3,0,0,-0.833,7,2,2,0,6,2,0.935,4,-1.184,5,1,1,5,2,7,5,6,-0.294,4,0
7,6,4,3,0.0,0,3,-0.056,6,5,2,0.0,-2.482,7,0.0,3,5,6,0,7,0.026,4,1,5,0,5,0,0.929,3,0.892,6,4,0,1,1,7,3,5,0.1,2,0
0,0,3,0,0.0,5,1,-1.245,2,6,2,0.0,-4.938,6,0.0,5,1,5,0,5,-0.572,3,1,7,0,3,3,0.757,3,-1.45,2,0,5,6,5,0,3,7,-0.559,2,0
3,4,7,0,0.0,1,1,-1.107,7,2,1,0.0,0.073,6,0.0,3,6,3,0,6,-0.957,6,6,4,0,1,4,1.458,5,-3.447,4,3,4,6,6,0,1,0,-2.029,1,0
4,5,7,3,563.45,2,5,1.416,3,7,7,0.0,0.048,6,0.0,7,3,6,0,6,2.303,0,2,2,1,4,1,1.096,5,3.333,1,0,0,3,5,4,5,4,1.48,2,1
6,6,1,1,0.0,4,5,-0.725,2,1,0,0.0,-3.521,3,0.0,3,7,5,0,7,-1.335,6,3,3,0,1,6,0.941,7,-2.265,5,3,1,0,3,2,5,7,-0.809,7,0
4,1,2,5,0.0,2,6,-0.503,6,1,7,0.0,0.886,3,0.0,3,2,2,0,0,0.203,0,3,2,0,4,0,0.996,0,-0.863,0,7,7,0,7,3,2,4,-1.044,0,0
1,6,5,6,0.0,4,0,1.045,6,6,7,0.0,-0.331,1,0.0,7,4,3,0,2,0.964,0,0,5,0,3,4,0.996,2,1.691,3,2,3,5,4,6,5,6,0.384,4,0
6,1,7,6,0.0,1,0,0.974,3,3,1,0.0,-0.043,0,0.0,6,7,7,0,4,-1.213,7,0,3,0,2,3,1.017,6,2.657,1,6,4,1,7,6,0,5,0.317,6,0
2,4,7,1,0.0,7,4,0.399,4,2,6,0.0,0.732,0,0.0,1,3,2,0,4,0.575,5,7,6,0,3,7,1.046,2,1.571,7,3,2,1,7,0,7,7,0.474,6,0
4,0,0,1,0.0,0,3,-0.936,0,6,2,0.0,-1.343,5,0.0,0,3,0,0,4,0.797,0,3,4,0,2,5,1.006,4,-3.265,1,6,3,0,5,6,2,1,-1.575,5,0
0,6,7,0,0.0,2,7,-2.561,0,2,7,0.0,2.24,2,0.0,5,2,4,0,2,-0.993,5,4,3,0,1,1,0.476,2,-5.057,6,3,1,2,0,2,5,2,-1.534,1,0
0,1,1,6,666.91,3,0,0.726,1,0,5,0.0,1.796,0,16.93,2,3,7,0,2,1.41,0,4,0,1,1,7,0.885,3,1.059,2,2,7,0,0,7,3,4,1.052,1,1
6,7,5,3,0.0,5,3,-0.585,7,4,6,0.0,0.229,5,0.0,7,7,4,0,4,1.238,5,6,4,0,6,6,1.29,5,-1.624,3,2,4,3,5,6,7,4,-0.448,6,0
2,1,3,2,0.0,2,7,0.294,2,0,6,0.0,1.417,3,0.0,5,7,0,0,1,1.587,7,3,6,0,3,7,1.484,7,-3.115,3,0,4,7,7,2,0,6,0.505,3,0
5,5,1,3,0.0,0,4,0.06,3,4,0,0.0,-1.286,7,0.0,3,1,4,0,6,-0.125,0,5,6,0,0,6,1.016,3,0.021,6,2,0,6,5,0,6,6,0.684,2,0
7,3,6,5,1274.57,5,5,1.387,4,0,3,0.0,5.316,3,15.83,3,4,5,0,7,1.616,3,0,0,1,5,6,1.275,4,1.388,7,7,4,7,7,3,3,6,1.277,5,1
0,6,6,0,0.0,0,7,3.489,6,6,5,0.0,1.137,5,0.0,0,2,1,1,1,5.97,2,6,5,1,1,4,1.25,0,2.059,3,1,7,6,2,3,7,5,3.307,4,1
4,0,4,7,0.0,6,7,-1.607,5,2,7,0.0,0.182,7,0.0,6,1,6,0,3,0.234,2,7,0,0,2,3,0.863,2,0.964,1,0,1,1,1,6,6,6,-0.964,2,0
7,5,3,7,0.0,5,1,-0.967,5,4,6,0.0,-2.253,2,0.0,4,4,6,0,5,-2.135,4,7,0,0,6,2,1.151,5,-3.339,5,1,0,7,5,5,2,4,-0.424,5,0
2,6,4,6,0.0,2,5,-0.362,2,2,6,0.0,1.624,5,0.0,5,1,2,0,1,0.601,6,6,3,0,4,0,1.379,4,1.267,0,1,2,0,5,4,6,5,-0.516,7,0
6,6,5,2,0.0,3,1,0.362,4,3,5,0.0,-0.828,1,0.0,5,7,6,0,3,-0.504,2,4,6,0,5,5,1.485,3,0.388,0,0,1,0,0,1,6,4,-0.641,5,0
2,2,2,4,713.28,4,7,0.47,1,4,0,0.0,0.264,3,4.07,6,7,5,1,2,1.264,3,2,2,1,3,4,1.257,4,3.077,6,2,7,7,3,6,7,1,0.84,2,1
7,2,3,5,0.0,7,7,-1.135,7,3,4,0.0,-4.367,0,0.0,4,2,6,0,0,-3.343,3,6,6,0,6,5,0.973,4,-1.45,5,2,0,2,1,6,2,4,-2.128,6,0
0,5,1,6,1522.55,2,4,0.856,7,0,4,0.0,2.185,7,0.0,7,6,3,0,6,-0.281,0,0,1,1,3,1,1.119,7,-0.574,4,6,6,3,3,6,4,3,0.962,6,1
3,4,7,4,0.0,1,6,0.47,1,1,0,0.0,-0.732,4,0.0,0,2,0,0,7,-0.084,4,2,0,0,6,3,1.069,4,0.316,0,2,3,3,6,1,0,6,0.358,6,0
2,7,1,0,0.0,0,3,0.162,7,0,3,0.0,-2.131,3,0.0,5,2,6,0,5,0.166,0,2,6,0,5,5,1.035,6,1.541,6,6,4,4,1,0,4,2,0.076,4,0
0,4,4,2,0.0,6,7,0.102,6,2,1,0.0,-0.48,7,0.0,0,5,4,0,1,-0.542,6,6,3,0,3,7,1.024,4,-0.345,4,7,7,0,1,7,0,1,0.009,7,0
5,5,1,2,0.0,3,3,-0.287,4,4,2,0.0,-4.492,6,0.0,3,1,1,0,1,2.002,1,4,3,0,5,5,1.003,4,0.245,3,1,6,0,7,1,6,3,0.075,1,0
3,1,5,1,0.0,4,0,-1.581,1,1,7,0.0,-1.406,3,0.0,5,2,7,0,7,-0.393,3,7,4,0,6,7,0.978,4,-2.471,7,1,1,3,5,6,5,2,-1.211,6,0
4,7,2,6,0.0,4,1,-0.517,3,2,1,0.0,-0.928,2,0.0,3,3,5,0,4,-0.419,0,6,4,0,2,7,1.186,7,-1.529,4,3,0,4,5,4,6,1,0.083,2,0
4,1,7,3,0.0,4,6,-0.576,6,7,3,0.0,-0.923,4,0.0,7,2,3,0,1,-0.19,1,2,3,0,7,6,0.799,1,1.605,7,0,6,1,7,3,2,7,0.024,3,0
4,3,2,2,0.0,4,3,0.593,3,0,6,0.0,0.538,3,0.0,3,2,3,0,7,2.273,5,2,7,0,3,2,1.448,2,-0.672,7,0,6,5,0,1,5,1,0.481,0,0
5,2,4,7,0.0,0,2,1.239,7,2,4,0.0,0.636,2,0.0,3,2,7,0,7,0.845,3,7,2,0,2,4,1.389,3,3.125,0,7,6,7,0,0,1,7,0.996,5,0
5,0,3,2,0.0,1,3,0.389,5,2,4,0.0,-0.327,6,0.0,1,1,5,0,2,-0.181,6,2,6,0,0,4,0.828,3,-0.739,0,2,1,1,7,5,4,4,0.966,7,0
6,5,6,4,1618.13,6,0,0.286,0,3,7,776.0,-0.091,7,0.0,7,6,7,0,1,1.017,4,2,4,1,5,6,1.218,3,-4.269,0,5,5,6,5,1,2,1,0.948,7,1
7,3,6,0,0.0,5,1,0.165,3,1,0,0.0,-6.379,2,0.0,3,1,3,0,5,2.307,4,1,2,0,0,4,0.861,3,0.528,0,5,4,0,4,2,4,1,-0.385,7,0
0,4,7,1,0.0,4,1,0.227,6,7,1,0.0,-2.337,3,0.0,1,4,1,0,6,0.514,1,0,2,0,7,6,0.837,2,-2.443,2,3,3,2,4,0,4,6,0.049,2,0
0,0,5,0,1476.94,1,0,-0.138,0,0,4,0.0,2.659,7,6.79,2,4,3,0,1,0.821,7,6,4,1,1,2,1.564,7,0.734,3,5,5,5,1,6,1,3,0.797,5,1
5,7,2,1,260.21,4,2,1.066,4,1,1,0.0,-0.59,0,0.0,2,0,4,0,0,2.614,2,1,7,1,5,6,0.989,5,-3.639,2,3,1,7,7,2,1,6,0.903,0,1
6,5,6,2,0.0,0,7,-1.993,5,7,5,0.0,1.608,5,0.0,2,6,0,0,7,-0.507,2,1,3,0,0,0,0.931,3,-1.405,5,2,5,0,7,1,3,7,-0.445,7,0
4,3,6,6,0.0,1,1,-0.043,3,3,2,0.0,1.784,1,0.0,7,2,3,0,6,1.447,1,2,6,0,0,1,0.629,0,2.271,2,6,0,7,1,0,5,0,0.605,5,0
6,6,1,4,0.0,0,2,0.015,2,3,7,0.0,3.106,0,0.0,3,1,3,0,5,-1.848,3,4,5,0,0,7,0.835,3,0.388,3,0,6,5,1,3,4,3,-1.258,7,0
0,7,0,3,0.0,7,1,-1.525,0,2,7,0.0,1.834,4,0.0,5,5,2,0,5,-1.015,7,1,7,0,0,0,0.984,6,-1.614,5,0,1,2,6,2,7,3,-1.12,4,0
1,3,5,5,1636.18,6,1,1.292,6,6,6,0.0,-0.247,1,0.0,6,0,4,1,1,2.262,5,4,6,1,7,4,0.916,0,3.639,7,1,0,4,4,6,0,5,1.791,3,1
1,3,4,0,1053.89,7,3,1.257,3,4,0,0.0,2.08,7,0.0,5,7,7,0,6,0.609,3,7,5,1,1,3,1.405,3,1.195,1,7,2,7,3,4,2,0,1.289,1,1
4,3,6,0,0.0,3,4,1.704,5,3,5,0.0,0.705,5,0.0,5,2,3,0,1,-1.706,6,1,2,0,7,6,1.153,3,-0.348,2,5,4,4,1,5,1,1,0.634,3,0
2,5,2,0,0.0,4,0,-1.597,4,1,7,0.0,0.294,3,0.0,3,3,6,0,7,-2.785,3,0,1,0,0,5,0.993,2,0.304,1,2,3,2,7,5,2,6,-1.639,1,0
7,3,3,5,2032.67,3,2,2.738,0,1,0,0.0,-0.264,4,0.0,1,7,2,1,7,0.675,1,1,7,1,0,7,1.349,3,0.985,7,5,0,0,3,4,1,4,2.435,3,1
3,6,3,0,0.0,2,4,0.818,6,1,5,0.0,2.83,7,0.0,4,5,5,1,1,2.054,2,5,1,1,5,1,1.292,4,3.503,6,6,3,4,5,3,4,7,1.292,5,1
4,5,3,2,0.0,7,1,0.672,3,7,0,0.0,-0.826,2,0.0,3,6,1,0,6,1.471,2,5,3,0,7,6,0.771,5,3.781,0,1,5,1,5,6,0,7,0.067,5,0
5,5,5,3,0.0,5,5,-1.55,2,1,0,0.0,2.024,2,0.0,6,5,1,0,0,-1.487,5,3,0,0,4,7,0.754,1,0.235,4,3,6,5,0,7,6,2,-0.641,2,0
6,7,7,0,0.0,5,6,2.047,1,0,5,0.0,-0.395,3,0.0,1,6,7,1,6,2.579,6,5,3,1,3,5,1.052,0,3.775,1,3,6,5,6,7,6,7,1.833,3,1
2,6,6,5,0.0,6,7,0.453,3,3,2,0.0,0.45,4,0.0,0,4,7,0,1,0.059,1,3,3,0,3,3,0.797,5,0.159,1,3,7,3,1,1,0,6,0.134,7,0
0,3,7,4,0.0,0,5,0.872,1,5,7,0.0,6.034,0,0.0,0,1,7,0,2,0.309,0,2,0,0,7,2,0.756,2,3.89,2,1,1,0,5,1,3,0,1.134,5,0
2,3,0,3,0.0,0,5,0.13,7,0,6,0.0,-1.667,6,0.0,6,6,7,0,4,0.095,2,6,2,0,3,6,0.95,3,-0.744,7,5,7,0,2,2,0,5,-0.763,3,0
4,0,0,0,0.0,2,1,-1.588,6,6,4,0.0,-3.049,0,0.0,0,5,3,0,2,-1.461,3,7,5,0,0,3,0.974,1,-2.21,6,1,3,3,7,2,3,7,-1.318,4,0
2,6,3,5,0.0,3,6,0.232,0,1,7,0.0,-0.135,5,0.0,5,2,1,0,1,-0.958,3,2,7,0,7,7,1.129,0,-0.336,4,0,5,3,6,6,1,4,-1.173,0,0
3,5,0,6,0.0,0,2,0.306,6,2,4,0.0,-0.309,6,0.0,4,4,5,0,6,0.69,2,7,7,0,1,3,1.176,6,-0.404,7,0,2,4,4,4,7,2,-0.413,5,0
3,6,1,1,375.89,0,6,1.981,3,5,0,0.0,4.385,1,0.0,4,6,1,1,7,-0.052,1,2,5,1,7,1,1.351,5,3.029,6,2,6,1,2,0,4,5,1.456,5,1
4,2,2,1,0.0,3,4,0.869,5,7,4,0.0,-0.354,6,0.0,3,2,0,1,7,2.329,2,2,3,1,7,7,1.329,5,0.247,6,6,7,0,0,1,3,1,1.536,3,1
5,4,3,0,0.0,3,3,0.441,7,6,2,0.0,3.642,2,0.0,7,6,0,0,0,0.685,3,7,6,0,1,5,1.176,3,0.768,2,0,0,5,6,5,5,6,0.046,5,0
2,2,0,4,0.0,4,7,-0.548,2,3,4,0.0,0.314,2,0.0,7,0,5,0,3,-0.236,1,4,0,0,4,5,0.938,1,-3.555,1,4,7,2,3,4,3,4,-0.985,7,0
6,2,3,1,0.0,0,1,-2.197,1,1,3,0.0,-4.683,1,0.0,3,6,4,0,5,-2.827,4,3,2,0,1,5,0.993,0,0.029,7,4,4,4,0,7,1,6,-1.315,7,0
4,3,0,0,0.0,0,2,0.152,6,5,0,0.0,0.723,1,0.0,2,7,3,0,5,1.294,7,5,7,0,5,0,0.979,1,-1.172,2,2,2,2,0,3,3,3,-0.372,5,0
6,1,5,4,0.0,3,6,-1.062,2,5,2,0.0,-0.763,4,0.0,6,7,6,0,6,-1.509,7,4,6,0,3,5,0.728,7,-2.237,6,2,6,4,5,1,6,4,0.066,2,0
4,0,1,2,0.0,4,0,-0.808,1,3,0,0.0,0.126,1,0.0,3,7,5,0,2,0.619,7,6,1,0,5,7,1.056,6,0.767,3,4,2,4,6,6,4,2,-0.348,6,0
6,5,2,5,0.0,0,5,-2.508,2,7,4,0.0,0.99,4,0.0,2,4,0,0,5,-1.0,0,4,5,0,1,6,1.015,1,1.717,4,0,4,3,0,6,3,6,-1.663,5,0
7,4,5,2,0.0,7,0,0.474,0,0,7,0.0,0.334,0,0.0,1,7,0,0,2,-0.726,1,1,3,0,3,6,0.802,4,0.812,3,6,0,0,6,2,4,5,0.744,6,0
5,2,2,7,0.0,0,1,-1.055,6,6,2,0.0,1.265,4,0.0,5,4,1,0,0,1.288,6,2,0,0,7,3,1.033,5,-1.689,0,4,6,5,6,0,3,4,-0.468,4,0
0,4,3,3,0.0,1,7,-1.091,0,5,0,0.0,-5.872,5,0.0,5,2,1,0,3,-1.549,1,0,1,0,4,3,0.768,0,-1.768,6,3,1,0,2,0,4,0,-1.365,6,0
7,1,4,6,0.0,7,3,0.005,4,0,4,0.0,-1.886,7,0.0,0,6,5,0,5,0.825,1,2,5,0,4,0,0.997,2,-1.632,6,1,5,5,6,5,1,0,-0.232,1,0
1,4,6,1,0.0,7,5,-2.489,1,7,7,0.0,-3.225,6,0.0,0,4,4,0,2,-0.634,5,7,0,0,3,3,1.309,1,-1.016,0,7,0,6,1,4,5,5,-2.093,5,0
6,0,5,7,0.0,0,2,-0.841,4,6,3,0.0,0.67,6,0.0,5,3,4,0,0,-2.728,4,1,2,0,7,7,1.161,6,-0.525,3,0,5,3,2,0,7,2,-0.639,2,0
6,7,7,6,0.0,0,5,0.093,2,4,2,0.0,5.38,4,0.0,2,4,2,0,0,-0.082,4,5,1,0,0,1,0.952,1,-0.822,7,3,3,5,1,5,6,4,-0.057,4,0
6,5,1,4,0.0,7,5,0.119,0,4,1,0.0,-2.087,3,0.0,2,2,2,0,1,-2.015,7,4,1,0,5,6,0.968,4,0.219,2,1,6,0,0,5,3,0,0.098,3,0
4,5,6,2,0.0,2,7,-1.598,0,4,3,0.0,-1.905,4,0.0,7,0,0,0,1,-1.278,4,5,4,0,5,6,1.078,2,1.95,7,2,1,1,3,4,0,4,-0.886,6,0
5,3,5,3,0.0,4,3,0.4,3,4,2,0.0,2.012,7,0.0,4,7,2,0,2,0.288,1,6,2,0,6,5,0.931,7,1.922,7,1,1,2,6,0,7,4,0.391,6,0
4,1,5,4,0.0,1,1,1.291,0,7,0,0.0,2.497,3,0.0,2,2,3,0,2,-0.109,0,3,6,0,2,3,1.199,0,-0.617,4,1,6,4,2,6,5,6,1.006,2,0
2,6,2,6,0.0,2,0,-0.662,0,2,0,0.0,-0.605,4,0.0,2,6,7,0,1,-1.737,6,7,2,0,7,1,1.096,6,-2.029,4,3,7,4,4,5,3,7,-0.313,3,0
2,2,3,0,0.0,2,6,-0.648,1,3,0,0.0,-1.087,1,0.0,0,3,0,0,1,-0.298,7,3,4,0,1,6,1.055,0,-0.719,2,2,5,3,2,7,2,4,-0.34,6,0
1,0,2,3,1389.46,5,0,2.423,7,6,0,0.0,2.421,0,0.0,6,6,2,1,0,1.671,7,0,3,1,4,3,1.323,6,1.053,2,5,0,7,4,2,4,4,2.483,7,1
1,1,6,1,0.0,0,3,-0.214,4,0,7,0.0,-6.328,7,0.0,2,6,0,0,3,0.29,1,0,0,0,5,1,0.769,5,0.238,4,6,3,4,1,3,6,7,-0.66,6,0
4,1,0,2,0.0,5,6,-1.134,6,4,0,0.0,-3.875,3,0.0,1,6,6,0,7,-0.918,6,3,2,0,4,5,1.13,2,-1.15,7,4,1,6,7,6,3,0,-0.538,3,0
0,2,3,0,0.0,2,1,0.195,6,1,6,0.0,-2.023,6,0.0,2,1,5,0,6,-0.856,5,4,4,0,5,1,0.724,5,0.658,1,1,1,6,3,0,5,3,0.119,0,0
5,1,5,2,0.0,7,7,-1.737,7,2,5,0.0,-1.801,2,0.0,7,3,6,0,1,-2.031,0,0,6,0,4,4,0.757,7,1.568,7,4,1,5,1,3,5,3,-1.716,0,0
2,4,0,4,0.0,3,1,-1.075,5,4,0,0.0,-0.748,6,0.0,2,5,0,0,4,1.151,1,1,4,0,6,0,1.043,1,-1.978,0,3,2,1,6,4,4,6,-1.192,2,0
6,5,1,4,0.0,5,0,1.621,3,4,4,0.0,1.229,1,0.0,4,1,6,0,1,1.98,5,3,4,0,5,7,1.038,5,-0.091,6,1,3,7,3,3,1,1,1.244,2,0
6,0,4,6,0.0,7,7,-0.539,7,5,7,0.0,-0.712,1,0.0,0,7,3,0,7,-1.101,4,4,2,0,6,5,0.677,0,1.205,2,5,1,5,5,1,6,7,-0.511,3,0
7,3,0,3,0.0,2,4,-0.196,6,5,6,0.0,-0.219,2,0.0,6,4,0,0,4,-1.215,0,3,6,0,4,5,1.031,0,0.436,2,4,6,3,3,2,2,2,-0.74,3,0
7,7,3,5,0.0,1,0,0.467,2,3,2,0.0,3.131,0,0.0,6,6,7,0,4,1.495,5,0,4,0,6,7,0.991,4,2.137,3,7,0,1,3,6,4,7,0.312,6,0
0,6,2,1,0.0,0,0,0.496,5,3,7,0.0,0.992,7,0.0,7,7,7,0,4,0.232,1,3,4,0,6,3,0.259,5,-0.088,3,7,4,0,2,4,0,5,0.191,6,0
7,3,3,0,0.0,5,5,-0.362,5,1,1,0.0,2.066,4,0.0,6,5,5,0,7,-1.237,5,0,6,0,6,5,0.703,7,1.466,2,1,2,3,5,3,2,0,-0.604,5,0
3,6,7,3,0.0,2,6,-1.134,3,1,7,0.0,-0.612,1,0.0,4,6,1,0,5,1.401,4,1,0,0,7,5,0.694,3,-1.807,2,7,6,4,7,3,4,3,-1.679,7,0
6,5,3,0,315.48,0,1,1.595,7,6,5,0.0,-0.757,1,0.0,7,1,1,1,3,1.569,2,2,6,0,1,1,1.264,1,3.586,0,6,4,2,5,6,7,4,1.216,6,1
0,6,7,7,98.3,2,4,1.211,1,7,1,0.0,-0.674,4,0.0,4,1,2,0,6,1.844,3,0,1,1,7,6,1.373,7,0.819,1,1,7,0,2,7,3,3,1.222,2,1
0,3,0,0,1118.23,0,6,2.08,5,6,4,0.0,1.331,5,10.41,4,5,5,0,7,2.187,4,1,6,1,3,1,1.051,7,2.907,0,0,6,1,5,0,7,1,1.706,2,1
7,2,6,1,0.0,5,1,2.281,7,2,1,0.0,2.091,6,0.0,0,6,5,1,3,1.745,3,3,5,1,1,2,1.02,6,2.448,2,2,7,5,4,7,7,2,1.467,3,1
5,6,3,0,1853.14,4,1,0.828,7,3,5,498.85,4.033,2,0.0,6,0,6,0,3,1.201,1,3,1,1,5,2,0.841,2,2.053,1,0,0,0,5,3,5,0,0.874,7,1
5,5,7,7,0.0,4,1,-0.678,1,0,1,0.0,-0.224,3,0.0,3,3,5,0,2,-0.102,5,0,6,0,1,3,1.123,6,1.579,1,3,2,4,1,6,5,4,-0.273,4,0
5,2,6,4,747.8,5,6,2.959,0,2,0,0.0,6.011,3,0.0,3,2,7,1,7,2.994,5,3,4,1,0,1,1.071,0,2.61,5,4,2,4,5,6,6,3,3.114,2,1
7,6,6,7,0.0,0,5,-1.959,1,7,3,0.0,-6.441,2,0.0,4,6,3,0,2,-0.404,3,4,0,0,7,7,1.078,3,-1.254,1,1,6,0,6,7,5,5,-2.197,3,0
4,4,7,5,309.21,5,3,1.588,3,2,0,0.0,-2.149,0,0.0,5,3,3,0,5,1.702,5,5,5,1,6,6,1.281,0,0.647,0,4,2,1,4,5,0,0,1.485,5,1
7,1,4,0,0.0,4,6,-0.012,5,4,5,0.0,-0.357,3,0.0,0,7,0,0,0,-2.086,2,5,0,0,4,6,1.11,3,1.594,2,3,6,6,5,3,4,4,0.334,1,0
0,6,2,1,0.0,4,2,0.342,4,1,3,0.0,-5.561,6,0.0,6,3,5,0,7,0.054,0,4,2,0,5,6,0.951,7,1.747,0,5,5,7,7,4,7,4,0.942,1,0
0,7,7,2,0.0,2,2,2.059,3,3,3,0.0,1.728,7,0.0,2,0,1,0,0,1.898,7,7,0,1,7,2,1.379,1,0.269,7,0,5,3,0,5,1,2,1.728,6,1
6,1,6,4,0.0,4,0,1.423,7,0,5,0.0,0.14,0,0.0,2,0,6,0,3,0.608,7,1,1,0,7,6,0.679,0,2.751,5,4,3,4,0,2,6,0,0.981,1,0
5,6,0,7,439.38,1,6,1.066,2,2,7,0.0,3.036,5,0.0,6,2,5,0,0,0.09,3,4,1,1,5,1,1.61,6,-0.023,2,6,5,7,2,1,3,7,0.425,4,1
2,3,4,5,0.0,0,7,0.491,3,2,4,0.0,3.118,3,0.0,4,0,4,1,3,0.468,7,0,1,1,4,5,1.204,7,1.844,0,7,6,2,4,0,6,7,1.25,3,1
2,3,4,0,473.83,6,4,2.26,6,7,3,0.0,2.921,5,21.5,5,0,0,0,4,1.48,7,2,3,1,3,6,1.115,4,1.563,0,4,1,0,6,1,0,6,1.188,5,1
1,2,4,1,0.0,0,7,0.063,5,2,6,0.0,4.043,2,0.0,2,0,4,0,2,1.572,4,6,5,0,5,6,0.952,3,-1.283,1,3,0,3,2,3,0,4,0.287,2,0
5,6,1,0,0.0,7,2,-0.847,4,5,6,0.0,-1.902,3,0.0,6,4,6,0,6,-2.903,2,4,3,0,6,7,0.996,0,1.236,2,2,6,2,2,4,0,3,-0.181,5,0
3,1,1,5,1849.45,0,1,1.563,5,5,0,0.0,5.605,1,19.2,7,3,0,0,7,1.967,2,1,3,1,7,1,1.2,7,1.664,2,7,0,6,1,3,3,2,1.562,5,1
7,6,3,1,0.0,5,0,-1.262,0,7,6,0.0,0.712,1,0.0,1,4,6,0,5,0.243,6,2,3,0,4,7,1.183,0,-1.511,4,5,4,1,7,2,5,7,-0.716,0,0
5,1,1,0,0.0,1,2,0.237,2,0,5,0.0,-0.495,6,0.0,2,0,6,0,2,-0.25,2,4,5,0,6,7,0.67,0,-0.921,3,4,6,6,4,7,2,3,-0.621,0,0
2,1,1,5,1047.64,4,5,1.404,6,4,5,0.0,-1.567,1,0.0,3,4,3,0,2,3.067,2,1,0,1,7,2,1.36,0,1.341,3,2,5,3,0,2,5,3,1.366,0,1
5,2,6,4,0.0,7,0,-1.4,2,0,6,0.0,-0.673,1,0.0,5,7,7,0,0,-2.173,3,7,1,0,7,6,1.076,0,-2.552,2,1,3,0,5,2,7,7,-0.79,7,0
6,3,1,6,0.0,5,3,-1.171,0,6,5,0.0,-1.016,7,0.0,7,0,4,0,4,0.466,3,7,4,0,1,1,1.027,5,-3.472,6,0,6,1,7,0,0,3,-1.248,1,0
7,1,5,3,0.0,7,3,-1.156,3,0,1,0.0,-3.247,5,0.0,1,1,2,0,1,-0.453,7,3,2,0,7,5,1.068,6,-1.544,5,3,3,2,6,5,0,5,-0.165,2,0
0,3,2,4,0.0,5,1,1.012,2,7,1,0.0,-3.424,6,0.0,4,5,0,0,6,0.055,5,4,2,0,4,7,1.087,6,-0.964,6,3,3,6,6,0,7,3,0.328,0,0
7,6,7,7,0.0,5,5,0.736,7,3,5,0.0,-2.417,4,0.0,0,7,4,0,2,0.257,6,3,6,0,7,7,0.899,1,3.045,7,4,1,1,6,0,3,7,0.313,1,0
2,6,2,6,0.0,4,3,-0.176,1,7,2,0.0,1.029,0,0.0,3,7,2,0,5,0.539,7,6,6,0,5,6,1.26,7,-0.279,3,2,3,0,7,1,5,4,0.278,5,0
1,4,1,5,0.0,5,0,-2.082,3,6,4,0.0,-0.195,4,0.0,0,4,5,0,4,-3.091,4,4,7,0,7,0,1.085,7,-1.491,2,1,3,3,3,2,6,0,-1.822,4,0
2,6,4,3,0.0,3,5,-1.658,0,5,3,0.0,-4.437,4,0.0,2,3,5,0,7,-2.394,6,2,4,0,2,4,1.076,1,-2.727,0,6,1,5,2,3,1,1,-1.821,7,0
7,7,2,1,0.0,4,2,0.588,5,0,6,0.0,2.493,7,0.0,2,1,4,0,4,-0.803,6,2,1,0,3,7,1.069,5,-2.219,4,7,7,1,1,7,3,5,0.328,4,0
0,5,2,2,0.0,2,1,0.226,1,2,5,0.0,0.541,7,0.0,6,6,3,0,5,1.091,6,6,7,0,7,0,1.181,5,-3.109,7,0,5,1,4,5,2,7,-0.047,2,0
1,3,2,3,0.0,1,2,-1.38,1,1,5,0.0,2.827,0,0.0,1,7,1,0,0,-0.497,1,7,0,0,6,2,0.982,7,-1.261,3,3,6,3,7,7,5,4,-1.349,5,0
0,2,0,2,0.0,7,2,0.322,3,0,1,0.0,1.638,1,0.0,7,2,0,0,0,0.814,4,2,6,0,2,0,1.173,1,0.917,7,3,5,0,0,0,3,1,-0.19,1,0
2,3,6,0,0.0,4,6,-1.536,6,1,6,0.0,-1.725,1,0.0,7,4,6,0,5,-0.982,3,2,0,0,7,3,1.383,3,0.28,5,4,2,4,2,6,2,1,-1.903,1,0
4,1,1,1,0.0,5,5,-0.888,2,6,0,0.0,-0.108,0,0.0,2,1,0,0,6,0.224,0,3,0,0,0,3,0.744,2,0.836,7,4,2,5,7,4,0,0,-0.705,5,0
4,6,2,2,0.0,2,5,-1.565,6,4,6,0.0,-0.565,2,0.0,4,2,0,0,3,-1.769,2,5,4,0,5,1,1.153,4,-1.696,4,2,4,4,3,6,3,0,-1.616,7,0
4,3,4,2,0.0,3,5,0.687,7,6,0,0.0,-1.329,3,0.0,7,5,5,0,5,3.162,4,0,6,0,2,6,0.983,0,0.14,7,5,1,7,5,0,0,4,1.076,6,0
5,6,1,4,259.69,7,0,0.582,1,7,1,0.0,2.711,5,0.0,4,1,0,1,5,0.753,6,2,0,1,2,6,1.27,5,-1.446,4,0,7,0,2,3,4,3,0.4,1,1
1,5,1,3,0.0,6,2,-0.413,7,0,2,0.0,0.309,0,0.0,5,1,1,0,1,0.418,3,3,3,0,5,2,1.077,3,0.76,7,0,3,7,4,3,2,1,-0.166,5,0
2,2,6,7,341.96,1,2,1.617,7,3,0,0.0,-0.926,1,0.0,5,5,4,1,7,1.171,2,2,2,1,3,0,1.122,3,0.423,3,6,1,6,2,4,2,6,2.177,6,1
5,0,4,2,0.0,3,6,0.913,4,0,3,0.0,-1.166,6,0.0,1,0,0,0,6,-0.356,1,7,2,0,2,5,1.0,7,0.636,2,2,0,3,1,2,4,1,0.246,4,0
3,5,1,6,0.0,4,0,0.152,6,0,0,0.0,-5.588,7,0.0,1,5,6,0,1,-0.458,7,0,6,0,0,4,1.323,7,-0.813,0,5,6,4,6,3,6,4,0.147,4,0
7,0,2,1,0.0,1,6,-0.467,5,4,1,0.0,1.093,1,0.0,2,1,6,0,2,-1.206,6,1,7,0,6,2,0.672,4,-3.822,6,7,4,1,5,4,7,0,-0.782,4,0
6,5,3,1,816.95,5,2,1.385,1,7,3,0.0,-0.988,2,0.0,7,1,2,1,5,0.315,1,1,7,1,6,7,1.359,6,3.197,7,3,4,3,3,6,5,7,2.039,1,1
5,3,6,5,0.0,6,2,1.314,7,5,2,0.0,0.889,5,0.0,4,3,5,0,1,1.325,2,3,1,0,6,0,1.052,6,0.054,5,3,1,6,2,4,4,7,0.818,7,0
5,2,2,0,0.0,1,7,0.299,1,3,1,0.0,-2.403,1,0.0,0,7,4,0,0,-2.853,4,6,2,0,0,6,0.984,1,-1.608,3,5,1,0,7,3,3,7,-0.192,1,0
7,6,2,3,0.0,1,6,-1.326,1,5,6,0.0,-0.537,6,0.0,3,0,2,0,7,0.236,2,0,5,0,6,6,0.844,5,1.281,1,0,4,1,1,0,1,6,-1.171,5,0
3,1,0,2,0.0,1,6,0.969,5,0,0,0.0,0.527,2,0.0,0,7,2,0,4,0.39,6,3,7,0,7,2,1.308,1,0.494,0,6,3,0,5,1,2,5,0.066,7,0
6,7,1,3,439.97,7,4,0.339,2,3,6,0.0,4.557,0,11.22,7,4,7,0,1,-0.433,6,2,4,1,7,1,1.308,7,0.06,1,0,4,4,0,5,4,6,0.306,5,1
6,0,0,3,0.0,6,5,0.776,3,7,0,0.0,3.147,5,0.0,2,1,5,0,0,0.685,4,4,0,0,1,6,1.169,1,0.678,3,5,3,0,0,6,7,3,1.136,4,0
7,0,0,2,0.0,6,3,-1.646,7,4,6,0.0,-0.65,7,0.0,6,2,2,0,6,0.027,6,2,6,0,3,4,1.001,0,0.244,6,7,3,4,6,1,5,6,-0.627,1,0
3,0,3,7,0.0,6,7,1.47,0,4,1,0.0,0.387,4,0.0,5,6,7,0,4,0.441,7,6,6,0,1,1,1.062,7,3.063,6,7,1,3,6,3,2,5,1.029,7,0
4,5,6,0,0.0,4,3,1.536,3,2,4,0.0,-1.164,3,0.0,5,4,3,0,6,-0.565,2,6,1,0,4,5,0.915,5,2.37,4,6,4,7,3,3,1,7,0.342,0,0
7,3,3,3,0.0,6,0,-2.133,6,2,1,0.0,-0.893,6,0.0,3,2,0,0,5,-0.51,0,2,3,0,6,2,1.129,6,-2.39,6,7,7,7,4,5,5,6,-0.74,0,0
7,5,2,7,0.0,3,1,0.575,2,4,0,0.0,1.708,7,0.0,0,5,5,0,4,-2.363,6,1,4,0,2,4,0.977,2,2.697,1,2,7,4,7,0,2,0,1.099,4,0
7,3,4,0,0.0,3,7,1.649,7,3,7,0.0,0.637,3,0.0,2,7,1,0,4,-0.335,6,1,2,0,4,0,0.561,5,3.332,2,1,2,2,0,7,6,6,1.322,5,0
5,2,3,0,603.8,0,6,0.925,2,5,7,0.0,2.683,2,0.0,2,6,2,0,0,1.094,3,3,6,1,7,7,1.595,7,-0.712,7,5,4,7,3,6,2,6,0.417,3,1
2,6,3,1,0.0,3,5,-0.038,1,3,6,0.0,-1.483,1,0.0,5,2,4,0,5,-1.283,1,5,3,0,5,0,1.085,6,0.404,3,2,0,5,3,7,7,2,-0.633,0,0
6,6,0,3,0.0,4,2,-0.522,7,3,2,0.0,2.128,4,0.0,1,5,0,0,7,-0.94,7,6,7,0,6,4,1.061,6,-1.719,3,5,0,3,3,1,6,5,0.224,1,0
5,7,0,1,0.0,6,7,-1.348,2,7,0,0.0,-1.175,2,0.0,2,3,2,0,3,-0.436,5,7,4,0,6,0,0.599,1,-3.252,2,2,3,2,5,5,4,2,-1.13,7,0
0,7,4,2,0.0,7,5,-1.143,0,1,6,0.0,-0.373,2,0.0,2,7,1,0,1,-1.465,4,7,7,0,4,5,1.021,1,-1.785,2,7,2,6,6,3,5,3,-0.744,6,0
3,5,0,0,0.0,7,6,-0.831,7,5,0,0.0,1.294,1,0.0,7,0,1,0,2,0.357,3,3,3,0,2,3,1.078,1,-1.587,0,7,4,4,5,0,1,4,-0.753,0,0
1,3,5,6,0.0,0,2,1.067,2,5,3,0.0,3.36,7,0.0,4,7,5,0,3,1.126,0,2,1,0,2,6,0.931,0,2.273,7,0,2,6,6,0,0,2,1.193,3,0
4,0,2,5,0.0,6,3,0.553,7,4,2,0.0,0.299,2,0.0,3,5,5,0,6,1.0,1,4,4,0,7,0,0.993,0,-0.53,7,3,1,3,4,7,6,5,0.15,0,0
3,3,3,0,0.0,7,7,-0.12,7,4,1,0.0,5.097,5,0.0,4,1,6,0,1,-0.909,4,5,4,0,0,1,1.087,5,-2.715,0,3,4,5,0,4,2,1,-0.99,6,0
7,0,2,2,0.0,6,2,-0.276,2,5,7,0.0,-4.123,4,0.0,5,4,1,0,0,-1.097,6,2,2,0,6,1,0.904,1,0.775,3,7,1,0,4,2,6,3,-0.549,3,0
1,0,4,4,1125.99,4,6,0.436,4,6,3,0.0,1.113,1,0.0,3,1,3,1,5,1.502,7,0,7,1,5,4,1.127,7,-0.852,5,0,1,7,3,7,1,7,0.88,7,1
7,2,5,7,0.0,5,1,-0.584,2,6,6,0.0,0.111,5,0.0,0,4,4,0,1,0.484,6,5,6,0,1,6,0.918,7,1.593,5,1,1,7,4,1,7,1,-0.343,5,0
1,2,1,3,0.0,7,6,-1.167,3,3,5,0.0,-5.201,4,0.0,7,4,2,0,3,-2.217,1,5,2,0,6,2,0.799,5,-1.196,3,3,3,4,7,7,6,7,-1.888,4,0
6,5,3,4,0.0,0,0,-2.442,0,2,1,0.0,-1.711,6,0.0,7,1,0,0,2,-1.172,6,7,3,0,6,4,0.993,1,-3.504,6,1,6,0,1,1,0,1,-1.772,6,0
2,6,0,5,0.0,2,3,-0.786,1,1,3,0.0,-0.288,4,0.0,3,4,3,0,3,-0.338,4,2,4,0,5,4,1.262,7,-3.753,1,4,3,3,7,2,3,1,-1.188,5,0
4,4,7,7,0.0,3,6,-0.531,7,3,0,0.0,-0.593,5,0.0,2,4,6,0,7,0.515,0,5,0,0,7,0,0.887,6,0.296,0,6,1,4,7,1,7,7,-0.985,1,0
3,3,6,5,0.0,6,1,0.402,1,5,7,0.0,0.117,5,0.0,6,2,7,0,0,2.001,5,2,1,0,6,5,1.065,4,0.983,3,4,2,7,6,7,5,6,0.798,0,0
3,6,3,0,0.0,2,0,-1.414,7,2,0,0.0,1.854,5,0.0,2,0,2,0,4,-1.449,1,6,3,0,0,4,0.772,3,-1.223,1,3,6,3,0,5,4,0,-1.734,1,0
0,0,4,0,0.0,5,6,0.199,1,4,6,0.0,1.135,0,0.0,4,3,2,0,2,0.555,7,2,1,0,3,1,0.717,1,2.117,7,0,2,1,5,3,7,2,0.937,1,0
4,0,3,3,0.0,3,5,0.582,4,6,3,0.0,5.843,6,0.0,0,2,5,0,3,1.843,3,7,2,0,0,4,1.121,6,-1.13,0,6,4,5,7,7,0,1,1.143,5,0
5,6,5,2,0.0,4,5,-0.495,1,6,0,0.0,-1.553,0,0.0,7,5,3,0,6,-0.743,5,4,6,0,2,6,0.955,5,-1.984,7,4,2,5,6,6,5,0,-1.383,4,0
7,4,1,3,0.0,3,3,-0.045,3,4,2,0.0,1.956,7,0.0,3,3,3,0,3,-0.51,5,5,1,0,0,7,1.043,7,-1.122,4,5,5,4,1,7,7,6,0.175,2,0
3,3,3,6,0.0,3,5,1.061,1,4,2,0.0,1.758,7,0.0,7,7,6,0,7,1.004,3,5,5,0,5,0,0.834,5,-1.068,2,6,7,3,3,4,4,4,0.487,4,0
6,1,7,4,0.0,0,3,-0.506,2,3,6,0.0,0.359,6,0.0,1,6,6,0,6,-0.444,7,5,6,0,7,2,1.186,7,-3.823,3,6,6,2,7,3,4,0,-0.575,3,0
1,5,7,2,0.0,0,4,0.455,6,3,2,221.9,4.664,4,0.0,5,2,0,1,7,1.167,0,7,5,1,3,1,1.176,1,-0.545,7,6,1,6,3,2,7,4,1.936,1,1
7,1,5,6,0.0,2,6,-2.472,5,7,5,0.0,-5.401,1,0.0,7,4,2,0,5,-2.663,0,5,1,0,0,6,1.163,6,-0.657,6,7,6,7,5,0,0,5,-2.219,7,0
1,2,5,4,0.0,6,5,-0.195,1,0,4,0.0,-1.107,5,0.0,1,0,2,0,2,-0.098,7,4,3,0,6,7,0.566,0,0.412,3,0,1,6,1,7,0,3,0.072,3,0
1,6,1,5,0.0,4,1,-1.613,5,6,5,0.0,-2.481,1,0.0,6,7,7,0,1,-1.889,2,2,3,0,7,3,0.957,4,-1.75,5,6,1,0,3,0,7,7,-1.711,1,0
6,6,1,6,0.0,7,4,0.038,7,4,4,0.0,-0.608,0,0.0,4,6,2,0,1,1.495,1,0,7,0,6,1,0.997,7,-0.14,6,7,3,7,7,5,3,4,0.68,2,0
6,6,3,2,0.0,2,3,-1.421,7,2,4,0.0,0.833,2,0.0,1,4,4,0,2,-2.572,4,7,5,0,4,7,1.25,6,2.238,5,5,4,5,2,4,1,1,-1.753,0,0
3,6,0,4,0.0,3,6,-0.96,5,1,3,0.0,3.367,4,0.0,2,0,6,0,5,2.208,6,6,2,0,5,5,1.034,2,-2.272,6,4,3,2,4,5,6,2,-1.317,0,0
7,7,4,4,0.0,1,7,1.427,0,7,7,0.0,1.577,4,2.93,0,1,7,1,4,1.086,1,2,7,1,5,3,1.415,0,2.001,7,0,6,6,1,5,3,4,1.407,0,1
5,3,1,2,0.0,4,2,-0.908,3,0,7,0.0,3.036,7,0.0,5,1,2,0,4,-0.042,4,4,0,0,2,3,0.866,6,-1.437,7,0,5,2,7,0,0,1,0.552,6,0
2,7,4,5,0.0,1,7,1.131,7,5,0,0.0,-1.478,7,0.0,7,1,7,0,5,0.588,1,6,7,0,3,4,0.931,4,3.289,1,1,6,4,0,4,3,1,0.738,7,0
7,6,1,1,0.0,2,4,0.003,0,6,5,0.0,1.654,5,0.0,3,3,5,0,1,0.121,5,5,0,0,4,0,1.017,7,-1.133,3,3,1,0,7,0,5,5,-0.312,0,0
0,1,4,0,171.44,6,3,2.19,5,3,2,0.0,0.491,5,0.0,2,1,2,1,4,2.683,4,1,3,1,2,7,1.457,0,1.9,2,1,1,7,5,2,3,5,1.249,3,1
2,7,7,6,0.0,0,1,-0.387,1,7,4,120.11,1.324,3,0.0,0,1,2,0,2,0.424,1,7,2,1,1,0,1.346,5,2.821,7,0,1,5,4,7,0,6,0.561,2,1
6,3,4,7,0.0,6,3,-1.26,6,3,1,0.0,-0.585,2,0.0,1,0,6,0,3,-1.708,2,4,5,0,3,5,0.868,1,-1.668,1,3,4,2,2,3,5,5,-1.14,6,0
3,6,0,6,0.0,3,6,-1.087,2,4,2,0.0,0.576,6,0.0,5,7,6,0,0,-1.29,7,7,3,0,4,1,0.899,1,-3.028,3,1,5,0,7,0,0,4,-1.856,3,0
7,6,6,6,0.0,0,4,-0.198,4,5,0,0.0,2.907,6,0.0,5,0,5,0,7,0.819,1,5,4,0,2,4,0.646,6,-4.816,3,5,6,3,6,0,2,6,-0.174,5,0
0,1,6,3,0.0,7,6,3.417,7,2,6,173.96,1.067,0,2.16,2,3,2,1,6,2.958,2,7,7,1,5,4,1.256,3,1.597,5,1,0,6,2,2,4,5,2.362,1,1
2,0,3,3,0.0,7,3,1.322,7,4,7,0.0,2.534,1,0.0,1,0,6,0,0,-0.648,1,7,3,0,3,4,0.623,4,2.32,5,2,5,2,4,7,3,0,0.919,3,0
7,5,1,1,0.0,1,4,-0.683,4,1,6,0.0,-3.071,2,0.0,6,6,2,0,4,-1.409,0,2,1,0,2,5,0.947,3,-0.127,0,0,1,6,1,3,0,2,-0.427,2,0
4,2,2,1,0.0,6,1,-3.067,3,5,3,0.0,-2.738,4,0.0,0,0,1,0,2,-2.03,3,6,1,0,2,4,0.994,1,0.466,4,2,0,2,2,0,5,5,-2.056,0,0
0,3,6,6,0.0,1,3,-0.554,3,3,7,0.0,-1.431,6,0.0,2,7,6,0,1,-0.247,4,0,7,0,6,6,0.75,7,-1.912,2,6,7,2,7,4,4,7,-0.999,0,0
6,0,0,3,0.0,4,4,-1.433,3,3,5,0.0,-0.607,6,0.0,1,1,3,0,7,-1.354,3,6,2,0,3,7,0.96,2,-0.483,0,1,6,4,3,4,0,1,-1.564,0,0
3,2,7,7,950.11,0,5,0.255,3,4,3,0.0,0.29,3,0.0,4,2,3,0,6,1.012,2,2,0,1,4,2,0.955,5,1.473,7,2,3,6,2,0,0,7,1.231,3,1
7,0,4,5,0.0,0,3,-0.065,6,0,6,0.0,-2.526,6,0.0,6,6,7,0,4,-0.702,3,4,0,0,6,1,0.671,7,-0.003,0,3,7,1,6,2,4,4,0.508,1,0
2,1,4,3,0.0,4,6,-2.677,4,2,1,0.0,-2.547,1,0.0,1,3,7,0,7,-2.98,5,7,5,0,4,2,0.98,4,-2.459,2,5,0,7,7,6,1,5,-2.417,7,0
1,4,4,7,0.0,5,0,-0.413,0,0,6,0.0,1.323,1,0.0,0,2,5,0,6,0.335,7,3,7,0,1,5,1.001,7,-0.389,5,2,1,1,7,5,4,6,0.21,7,0
2,3,6,1,312.95,2,4,1.219,2,2,6,0.0,-0.432,6,0.0,3,5,2,0,7,0.439,3,5,7,1,4,7,0.892,3,-0.883,5,4,5,1,3,7,1,7,1.305,3,1
2,1,5,0,0.0,0,6,-0.222,3,5,0,0.0,-0.024,1,0.0,5,0,1,0,7,-0.082,5,6,1,0,3,3,0.951,5,-0.39,0,2,5,3,5,5,2,7,-0.107,4,0
5,0,4,5,0.0,5,1,1.153,5,7,7,0.0,3.114,1,0.0,7,6,6,0,6,1.35,7,0,3,0,4,7,0.925,2,3.575,4,0,3,3,2,5,0,1,0.659,3,0
5,2,6,1,0.0,2,1,0.417,5,3,0,0.0,-1.682,3,0.0,4,5,6,0,4,-1.116,4,1,3,0,3,5,0.556,6,-1.705,1,7,3,4,0,4,6,3,-0.26,2,0
4,6,6,6,0.0,1,0,1.45,3,4,1,0.0,4.918,0,0.0,1,1,7,0,3,1.249,5,1,7,0,0,4,1.243,3,1.365,6,1,4,0,6,1,1,1,0.851,0,0
0,6,2,2,1191.66,3,5,0.094,1,0,3,0.0,3.873,0,0.0,1,3,3,0,0,1.52,0,5,0,1,3,2,1.293,5,5.882,1,2,0,6,3,7,3,5,1.262,6,1
3,6,4,1,1240.62,3,4,0.645,5,0,5,0.0,5.595,6,10.09,3,4,5,0,2,2.757,7,7,1,1,6,0,1.103,2,0.673,1,7,1,5,4,5,0,4,0.422,6,1
0,2,4,4,0.0,7,6,0.065,7,3,4,0.0,-1.106,2,0.0,2,5,5,0,6,-1.614,3,0,3,0,2,1,0.933,0,-0.735,6,6,0,0,0,4,2,4,-0.186,3,0
1,7,4,7,1202.05,0,0,0.881,2,3,7,0.0,6.036,3,0.0,2,2,0,0,2,0.737,5,7,6,1,2,5,1.525,5,3.012,0,4,4,4,1,2,3,6,0.946,5,1
6,1,0,0,0.0,1,5,0.498,4,5,5,0.0,-0.896,2,0.0,6,1,5,0,0,-0.865,0,1,5,0,5,2,1.05,7,0.648,3,4,6,2,5,3,5,2,0.682,7,0
0,1,5,0,1118.1,3,4,1.358,7,5,7,0.0,0.89,5,0.0,7,4,2,1,7,2.579,2,2,6,1,0,4,1.098,1,0.315,7,7,6,7,5,0,2,2,1.758,5,1
7,3,4,5,632.24,4,2,0.983,6,7,3,0.0,1.274,5,0.0,1,3,1,1,6,0.63,2,4,6,0,3,6,1.084,6,-0.34,5,5,4,3,0,4,6,0,0.992,5,1
5,1,7,1,0.0,0,0,-0.797,7,1,2,0.0,2.438,2,0.0,5,5,4,0,2,0.935,3,6,4,0,5,0,1.016,5,-1.621,7,3,7,5,1,3,0,2,-0.244,3,0
0,0,0,4,450.61,5,1,1.418,5,6,7,0.0,1.915,5,0.0,7,3,7,1,6,2.305,3,4,5,1,4,3,0.872,3,0.779,5,6,6,0,3,6,6,3,1.499,0,1
3,1,2,0,0.0,2,3,-0.132,7,6,0,0.0,-0.44,3,0.0,2,2,1,0,6,0.553,2,3,4,0,5,4,0.852,1,-2.331,2,5,0,6,2,3,1,5,-0.721,0,0
3,2,3,4,0.0,7,3,0.449,2,7,2,0.0,0.269,0,0.0,1,3,6,0,2,1.487,7,0,5,0,3,0,1.582,0,1.39,3,2,2,2,2,4,5,5,0.17,4,0
2,7,5,1,0.0,2,4,-0.289,3,6,2,0.0,2.626,1,0.0,0,4,5,0,3,-0.443,1,6,6,0,0,5,0.988,6,2.295,7,0,7,2,4,3,4,1,-0.562,4,0
5,0,6,7,0.0,7,5,-1.279,1,3,6,0.0,-2.419,2,0.0,1,1,3,0,5,0.58,1,7,5,0,6,2,1.196,6,-3.251,6,7,6,1,1,1,0,7,-1.286,3,0
4,0,1,3,0.0,5,6,0.533,6,0,0,0.0,-0.997,5,0.0,7,4,5,0,1,1.608,6,4,2,0,3,6,1.066,4,2.118,6,4,2,4,7,5,5,2,1.037,7,0
3,5,3,2,0.0,0,1,-0.128,7,1,7,0.0,3.76,0,0.0,1,5,4,0,7,-1.329,3,7,7,0,2,2,0.436,3,-0.763,0,7,7,1,3,0,6,3,0.449,6,0
3,7,0,2,0.0,7,4,-0.543,4,2,6,0.0,-1.449,0,0.0,1,7,2,0,2,-0.605,5,7,1,0,3,7,0.969,4,-2.227,3,2,0,4,2,6,3,4,-0.727,7,0
7,4,1,2,0.0,0,1,-0.196,1,4,3,0.0,0.05,6,0.0,4,3,4,0,6,1.076,4,0,7,0,4,2,1.083,3,0.146,5,2,1,2,7,2,7,0,-0.046,2,0
2,3,0,6,0.0,5,4,0.884,3,3,6,0.0,-0.219,5,0.0,6,1,6,0,0,1.489,5,2,5,0,4,2,0.802,6,0.612,5,3,4,6,4,0,7,1,0.496,7,0
3,0,5,7,0.0,5,0,0.589,7,2,5,0.0,3.725,1,0.0,2,7,7,0,6,-0.987,7,3,1,0,6,5,0.934,4,-0.753,5,2,4,5,3,3,0,2,0.485,0,0
6,0,5,2,799.05,5,1,2.287,1,6,7,0.0,1.412,6,0.0,3,0,7,1,0,1.229,5,6,2,1,6,4,1.24,6,2.276,3,3,6,2,5,2,6,2,2.187,6,1
2,0,0,0,0.0,1,6,0.329,0,4,3,0.0,-0.671,4,0.0,3,3,4,0,3,1.529,1,0,2,0,0,1,1.089,2,-1.757,4,7,7,4,4,0,6,5,-0.27,5,0
0,1,3,3,0.0,7,5,-0.969,7,5,2,0.0,4.052,3,0.0,0,6,1,0,6,1.664,2,6,3,0,4,1,1.109,3,-0.089,0,0,2,7,5,2,7,3,0.02,7,0
3,2,7,7,0.0,5,6,-2.15,0,6,7,0.0,-0.574,4,0.0,5,4,3,0,1,-3.191,5,1,3,0,3,1,1.087,2,-0.153,0,6,3,6,2,4,5,6,-1.806,0,0
1,5,6,2,1102.76,2,7,1.104,7,6,6,0.0,1.017,2,0.0,1,1,1,0,4,1.259,2,2,6,1,4,4,1.189,7,1.874,5,4,4,0,3,2,0,2,0.633,0,1
3,7,1,4,0.0,0,1,0.088,7,1,7,0.0,-0.139,5,0.0,2,7,3,0,0,0.163,2,4,0,0,6,3,1.399,0,-2.394,6,4,2,6,6,0,3,0,-0.0,4,0
4,0,1,0,1572.93,6,3,1.845,3,4,2,0.0,-0.103,5,0.0,7,4,4,1,2,2.801,4,3,3,1,3,3,1.077,6,2.289,5,6,5,3,4,4,2,0,1.125,5,1
0,7,5,6,0.0,2,3,0.241,7,4,5,0.0,2.413,0,0.0,6,3,6,0,4,0.58,3,0,2,0,7,2,1.239,3,-0.109,5,0,4,4,7,6,1,0,0.76,0,0
3,5,6,0,0.0,4,1,-1.349,3,1,5,0.0,0.741,4,0.0,5,0,4,0,5,-1.249,0,2,7,0,5,5,1.005,0,1.152,1,3,2,3,5,4,7,7,-0.597,6,0
5,7,0,1,0.0,1,2,-2.859,3,2,7,0.0,-1.262,2,0.0,3,2,0,0,4,-3.47,2,5,0,0,1,7,0.636,0,-1.044,4,5,1,6,4,0,7,5,-2.319,2,0
7,1,6,6,0.0,1,6,-0.227,6,1,1,0.0,-4.062,7,0.0,0,4,7,0,6,-0.73,6,0,5,0,2,3,1.366,3,-1.208,4,4,0,2,5,5,5,0,-0.341,6,0
1,6,5,1,0.0,6,1,-1.354,2,2,7,0.0,-3.19,2,0.0,1,6,7,0,1,0.753,1,2,5,0,4,4,0.92,4,-1.13,6,4,6,1,4,7,3,2,-1.48,7,0
6,5,0,0,0.0,6,2,-1.416,3,7,5,0.0,0.496,2,0.0,2,1,7,0,3,-1.061,5,3,6,0,4,0,1.067,1,-0.217,5,3,5,4,4,7,5,5,-0.61,4,0
6,7,0,0,0.0,7,0,-0.949,7,4,4,0.0,-3.539,6,0.0,4,1,2,0,5,-2.617,1,1,0,0,1,3,1.31,6,-3.858,6,0,2,6,4,0,1,2,-0.598,6,0
1,2,4,2,0.0,0,7,-0.254,6,6,6,0.0,-2.164,1,0.0,7,2,5,0,3,-1.212,2,1,4,0,5,5,1.049,3,-0.226,6,0,4,3,2,4,7,0,0.434,0,0
5,0,7,2,0.0,7,7,-1.005,6,6,4,0.0,-2.251,5,0.0,7,4,4,0,5,-0.17,1,2,6,0,5,5,0.753,0,-0.961,3,6,2,6,5,6,4,1,-0.806,0,0
1,3,7,3,0.0,5,2,0.92,0,0,6,0.0,3.144,6,0.0,1,1,6,0,7,0.933,1,6,5,0,3,1,1.162,0,-1.731,3,7,3,0,6,0,6,4,0.406,4,0
4,0,1,0,0.0,6,0,-0.88,7,0,7,0.0,-2.587,1,0.0,3,6,7,0,5,-1.381,7,4,0,0,4,3,1.049,5,-2.343,2,2,0,1,0,3,0,5,-0.313,1,0
2,1,1,2,0.0,6,3,0.143,1,2,2,0.0,-0.955,7,0.0,0,2,5,0,5,2.421,2,0,7,0,7,3,0.811,3,-0.738,6,5,2,3,2,2,7,3,-0.285,7,0
3,3,1,0,0.0,5,1,0.184,0,0,0,0.0,3.416,1,0.0,1,3,4,0,0,-0.777,1,3,5,0,6,0,0.97,4,-0.722,7,7,3,6,3,2,0,2,-0.09,7,0
0,4,3,7,0.0,0,5,0.229,0,5,3,0.0,-0.375,2,0.0,2,2,3,0,3,0.196,7,6,2,0,4,4,0.814,2,0.45,5,2,2,1,5,3,0,5,0.368,6,0
0,6,7,3,0.0,1,2,-0.029,0,7,3,0.0,-5.177,5,0.0,2,3,2,0,2,-0.371,7,1,6,0,7,5,0.819,5,-1.859,2,5,0,3,1,5,7,5,-0.756,3,0
1,1,5,0,0.0,3,1,-1.335,5,2,3,0.0,3.254,0,0.0,0,5,2,0,2,-1.156,2,1,5,0,4,4,1.162,4,-2.768,5,0,6,7,6,7,1,2,-0.691,2,0
6,5,0,3,0.0,2,5,-0.081,7,3,2,0.0,0.519,2,0.0,5,0,3,0,2,1.86,0,6,1,0,4,0,1.23,3,-2.444,7,1,5,4,1,4,3,6,0.207,2,0
6,3,4,7,0.0,2,7,-1.269,4,1,2,0.0,-2.126,3,0.0,1,0,1,0,1,-1.741,7,3,1,0,6,5,0.759,6,-3.158,7,4,2,2,1,0,4,5,-1.537,7,0
2,1,4,5,0.0,0,4,-0.712,5,0,0,0.0,-2.501,3,0.0,2,3,2,0,5,1.499,6,6,2,0,2,7,1.011,3,-0.104,7,6,7,0,3,7,0,2,0.509,2,0
0,3,0,2,0.0,6,0,-0.262,3,4,4,0.0,-0.563,6,0.0,7,4,7,0,2,0.612,1,4,7,0,1,5,0.876,1,0.136,5,0,6,0,0,2,2,2,-0.037,7,0
0,7,3,2,0.0,7,4,-2.042,2,3,1,0.0,-3.983,2,0.0,3,1,0,0,7,-1.045,0,3,3,0,0,6,0.701,4,-1.016,5,1,4,6,6,5,4,2,-1.547,3,0
3,1,5,2,0.0,3,7,-0.215,2,6,3,0.0,2.213,1,0.0,0,0,6,0,4,-0.854,2,0,1,0,5,6,1.165,1,1.566,4,1,5,1,2,0,4,1,-0.694,7,0
3,1,5,5,0.0,4,4,0.648,3,2,2,0.0,-1.885,1,0.0,1,5,2,0,4,-0.3,1,6,2,0,3,0,1.142,7,-1.778,1,7,5,1,3,4,6,1,-0.277,3,0
1,6,7,4,0.0,2,3,-0.497,3,0,2,0.0,-0.34,0,0.0,6,0,7,0,5,-0.91,5,2,4,0,0,2,1.151,4,3.659,6,7,6,7,2,1,1,5,-0.227,1,0
1,1,2,1,0.0,7,7,-0.105,7,3,7,0.0,0.401,7,0.0,5,7,4,0,7,-1.32,0,1,0,0,1,2,1.075,0,1.106,2,5,0,5,0,0,0,3,-0.678,7,0
5,7,3,4,0.0,4,7,0.599,2,3,3,0.0,-3.226,4,0.0,1,4,5,0,4,0.486,2,7,5,0,3,7,1.187,7,-0.186,2,4,1,0,3,2,2,4,-0.616,5,0
4,0,7,6,0.0,0,5,-0.539,5,7,4,0.0,-2.502,7,0.0,6,7,2,0,4,-0.943,1,0,7,0,6,2,1.257,6,-1.608,4,7,2,2,2,5,0,4,-0.709,6,0
3,4,3,3,0.0,5,1,0.547,7,0,2,0.0,1.428,5,0.0,0,0,5,0,5,-0.792,1,2,4,0,3,5,1.127,1,-1.226,1,0,0,1,5,0,3,2,0.028,5,0
0,3,0,6,0.0,1,7,0.396,7,6,2,0.0,2.547,4,0.0,4,5,1,0,1,0.707,0,3,0,0,1,4,0.647,3,1.533,7,1,3,3,2,7,2,7,1.43,4,0
3,4,3,7,1404.44,3,6,1.379,4,5,4,0.0,1.635,7,0.0,1,1,5,1,0,0.525,4,4,6,0,7,0,1.292,2,2.742,0,7,1,3,1,0,5,0,0.275,2,1
4,5,2,7,0.0,6,1,-1.839,4,2,6,0.0,-1.252,4,0.0,1,5,6,0,0,-3.516,5,2,5,0,2,7,0.994,7,-1.482,2,3,2,3,5,2,4,3,-2.195,4,0
0,3,5,1,0.0,2,2,-2.108,2,6,4,0.0,-5.785,3,0.0,1,1,7,0,1,-0.86,0,4,6,0,3,4,0.864,5,-6.015,5,4,1,1,3,2,5,0,-2.293,0,0
4,6,2,0,0.0,6,5,-2.452,1,1,0,0.0,-1.091,6,0.0,6,4,4,0,0,-1.741,1,5,6,0,4,4,0.906,0,-2.061,7,1,1,6,6,3,3,5,-1.998,0,0
2,3,1,0,1995.87,0,4,1.174,6,1,0,0.0,5.253,3,3.88,1,6,5,1,5,0.145,5,6,5,1,3,4,1.254,3,1.862,0,1,4,5,6,7,3,6,1.572,0,1
1,3,7,4,82.33,5,4,2.886,5,6,3,0.0,-0.681,7,19.8,1,5,1,1,7,3.002,0,5,1,1,1,1,0.927,3,3.952,1,1,3,6,7,2,6,5,2.231,7,1
1,1,4,5,0.0,3,6,1.509,4,2,7,0.0,0.266,6,0.0,6,2,1,0,0,0.973,1,2,0,0,5,3,0.928,3,1.753,5,5,1,6,5,4,6,0,1.052,0,0
4,7,3,4,0.0,2,0,-0.142,1,7,4,0.0,0.672,2,0.0,4,1,0,0,1,0.527,0,7,5,0,6,0,1.139,2,1.331,1,2,0,5,5,5,6,5,-0.87,4,0
0,2,2,6,0.0,4,4,0.014,1,1,1,0.0,-2.023,6,0.0,5,2,2,0,0,-0.154,6,2,4,0,0,7,0.602,2,0.625,0,7,7,5,2,0,5,3,0.039,5,0
4,0,5,6,0.0,2,5,-1.51,7,5,6,0.0,2.247,1,0.0,6,0,7,0,4,-1.584,4,1,0,0,7,6,1.008,1,-1.058,7,0,1,0,4,3,5,4,-0.476,0,0
3,1,1,7,0.0,0,2,0.099,1,4,1,0.0,-0.273,5,0.0,7,1,7,0,7,0.133,0,6,2,0,0,2,1.037,5,-0.376,4,7,2,3,1,4,2,0,-0.675,3,0
3,5,3,7,0.0,3,0,-1.853,5,1,6,0.0,2.806,4,0.0,0,1,0,0,0,-0.563,6,7,7,0,3,5,1.028,4,-0.294,5,2,7,1,2,4,3,6,-0.695,2,0
3,0,2,4,0.0,6,5,1.295,4,3,2,0.0,2.987,5,0.0,0,3,7,0,6,1.232,3,1,3,0,1,7,0.851,2,0.699,1,4,6,0,3,2,2,0,1.099,5,0
7,4,2,5,958.08,2,3,0.843,4,6,4,0.0,3.57,0,0.0,6,0,1,1,7,2.004,0,7,2,1,0,1,1.132,4,0.651,0,2,4,6,5,4,7,0,0.89,0,1
7,4,4,3,0.0,7,0,0.63,0,3,3,0.0,0.472,1,0.0,1,7,1,0,1,1.436,5,3,5,0,4,6,1.174,1,1.417,0,6,3,3,3,4,5,0,1.555,6,0
1,1,7,1,0.0,0,4,-0.242,7,6,0,0.0,2.2,5,0.0,1,3,2,0,3,2.569,0,5,2,0,7,0,1.133,0,1.765,4,7,4,6,1,4,7,1,-0.319,3,0
7,7,6,6,0.0,6,3,1.02,0,2,7,236.51,-0.751,3,0.0,0,2,0,0,3,-2.362,4,7,3,1,3,3,1.23,1,2.896,4,2,3,5,4,3,4,2,0.896,2,1
1,0,0,5,0.0,0,7,-0.402,1,2,1,0.0,-0.87,0,0.0,3,4,0,0,1,-0.484,2,7,3,0,0,6,0.761,3,0.914,0,3,6,0,4,2,6,7,-0.121,4,0
6,1,6,0,2002.26,6,3,1.813,0,0,1,0.0,2.678,3,0.0,6,1,6,0,0,2.727,5,7,3,1,4,6,1.007,3,1.003,1,2,1,2,6,2,0,6,1.518,7,1
7,7,6,7,113.26,2,7,1.437,6,5,4,0.0,-2.225,3,0.0,5,4,7,0,6,0.491,0,0,3,1,2,4,1.02,2,3.888,1,1,0,4,3,0,6,0,1.36,3,1
2,6,7,6,0.0,6,2,-0.294,1,4,5,0.0,-5.094,6,0.0,4,2,3,0,7,0.82,3,3,0,0,7,1,0.904,1,-1.878,2,7,2,4,1,2,6,4,0.087,5,0
5,3,7,0,0.0,1,3,0.468,1,7,3,0.0,-0.956,4,0.0,0,0,4,0,3,-0.363,4,3,2,0,3,7,0.766,4,0.15,7,5,7,4,2,2,0,7,0.581,3,0
3,1,0,4,0.0,0,1,-0.616,6,4,4,0.0,1.954,3,0.0,2,1,5,0,7,-0.144,6,4,2,0,2,7,0.697,4,-1.018,3,5,0,0,6,7,2,1,-0.403,0,0
5,3,1,2,0.0,0,1,-0.935,5,6,3,0.0,-5.483,4,0.0,6,0,0,0,6,-1.285,7,0,0,0,4,5,0.863,5,-0.791,0,0,7,2,3,4,6,5,-1.694,4,0
2,7,2,4,1047.06,4,7,-0.036,4,0,7,0.0,1.655,3,0.0,0,3,3,0,0,-0.387,3,0,3,1,1,7,1.233,4,0.798,3,1,1,5,5,1,7,7,-0.002,7,1
2,5,6,7,0.0,6,6,-0.468,6,2,6,0.0,-1.927,4,0.0,4,4,1,0,6,-0.443,3,5,3,0,2,3,0.63,1,-0.94,0,0,2,3,0,5,3,2,-0.391,7,0
2,6,6,7,0.0,7,3,-1.076,0,0,2,0.0,2.144,0,0.0,3,7,4,0,1,-2.452,2,7,1,0,2,2,0.684,5,0.148,7,7,5,1,2,7,3,0,0.222,5,0
7,5,5,6,933.44,3,2,1.844,2,2,2,0.0,1.897,3,0.0,5,2,3,1,4,0.879,1,0,6,1,0,4,1.09,6,-0.15,0,0,0,0,3,2,5,1,1.84,3,1
6,1,2,1,0.0,7,3,0.319,1,1,5,0.0,0.938,1,0.0,4,5,1,0,3,1.965,3,6,5,0,3,5,1.361,4,-2.545,5,7,6,3,0,1,6,3,-0.647,4,0
7,0,6,1,0.0,2,4,0.28,1,4,6,0.0,-2.697,0,0.0,7,1,4,0,6,1.434,6,7,5,0,7,5,0.732,4,1.957,4,6,0,5,6,4,3,0,0.865,6,0
4,0,4,4,0.0,5,1,0.697,0,1,4,0.0,2.011,7,0.0,2,2,6,0,6,0.347,7,2,4,0,4,2,1.191,0,4.263,0,3,7,1,4,7,4,1,0.237,6,0
2,3,7,1,0.0,4,1,-1.356,5,6,6,0.0,-1.604,1,0.0,1,1,3,0,3,0.001,6,5,1,0,2,7,0.501,4,-0.995,2,6,2,4,3,6,3,6,-0.819,5,0
4,0,1,6,2074.86,5,0,2.196,7,7,1,0.0,2.821,6,0.0,3,7,1,1,7,0.658,7,3,2,1,5,7,1.283,7,2.317,2,1,2,3,1,0,7,5,2.326,2,1
6,3,2,0,0.0,0,2,-0.044,7,5,2,0.0,-0.659,2,0.0,1,4,6,0,0,0.258,0,3,2,0,5,3,0.738,2,-0.379,1,6,7,4,0,7,7,5,-0.343,2,0
5,0,4,6,0.0,6,6,-1.753,2,4,3,0.0,-4.828,5,0.0,1,4,7,0,6,-2.173,2,1,3,0,2,1,0.695,0,-3.932,0,2,1,5,4,5,3,3,-1.262,1,0
6,1,3,6,0.0,4,1,-0.105,0,3,7,0.0,-5.833,4,0.0,6,1,6,0,4,0.015,5,6,3,0,3,1,0.743,6,0.769,3,5,3,2,7,5,5,4,-0.215,3,0
3,1,5,4,0.0,7,2,-0.884,3,0,6,0.0,-0.452,6,0.0,2,0,4,0,3,0.995,5,1,1,0,5,1,0.858,1,-1.929,1,6,0,4,3,3,3,6,-1.146,4,0
0,3,0,3,0.0,6,0,-1.902,5,5,3,0.0,-1.718,1,0.0,0,3,5,0,0,-0.364,0,4,5,0,3,7,1.274,4,-3.003,7,5,0,4,2,5,4,5,-1.57,3,0
6,0,7,4,0.0,7,7,-0.091,1,0,3,0.0,-3.589,1,0.0,4,1,4,0,1,0.421,7,7,4,0,1,3,1.056,7,-0.425,6,3,0,5,3,6,3,5,-0.238,6,0
5,6,3,0,0.0,1,3,0.961,0,1,3,0.0,1.192,6,0.0,4,5,6,0,2,0.757,7,0,5,0,4,5,1.044,0,1.471,4,1,0,5,7,1,1,0,0.982,0,0
5,2,2,6,0.0,1,7,0.448,4,6,7,0.0,2.816,6,0.0,7,6,2,0,3,-1.2,2,6,0,0,3,6,1.059,7,-0.405,0,3,3,4,6,3,2,5,0.222,7,0
1,5,5,1,0.0,1,4,-1.098,5,4,1,0.0,-0.081,0,0.0,5,4,0,0,4,-0.75,7,1,5,0,5,3,1.082,6,-3.698,7,0,3,7,4,6,0,6,-0.742,2,0
4,5,6,6,0.0,5,7,-0.015,6,5,0,0.0,1.414,5,0.0,1,3,3,0,1,-0.811,1,6,6,0,4,6,1.211,3,-2.47,4,2,5,6,0,0,5,2,0.083,0,0
3,0,6,7,0.0,4,4,0.23,1,0,7,0.0,-0.541,3,0.0,6,5,6,0,2,-0.982,4,0,0,0,4,7,0.844,5,3.875,2,0,2,7,4,2,6,3,0.558,4,0
5,0,6,1,0.0,3,6,0.449,1,3,1,0.0,-1.241,0,0.0,1,6,6,0,1,-0.18,6,4,5,0,0,5,0.675,4,0.358,5,5,1,7,6,3,5,1,-0.394,1,0
3,0,7,7,0.0,6,3,0.075,5,0,7,0.0,-0.888,6,0.0,5,4,4,0,0,1.283,0,5,1,0,3,6,1.168,5,-1.392,2,5,4,3,1,2,5,5,0.742,4,0
4,0,2,1,0.0,1,5,0.573,0,6,2,0.0,-2.573,6,0.0,2,4,7,0,5,0.299,1,7,5,0,3,1,1.475,6,2.011,5,5,7,2,5,5,5,5,-0.299,6,0
4,1,1,3,0.0,1,5,-0.489,2,6,1,0.0,-7.263,5,0.0,3,0,6,0,0,-0.232,2,7,2,0,5,5,1.014,2,-0.068,7,1,4,5,5,0,2,5,-1.054,0,0
4,7,0,5,1952.47,1,1,0.941,7,5,6,0.0,-0.512,3,0.0,5,2,4,0,5,0.222,6,1,0,1,5,5,1.066,2,1.459,2,3,5,3,4,2,6,1,0.953,7,1
4,3,7,4,104.58,5,5,1.057,4,3,6,0.0,2.969,0,5.19,1,2,6,0,6,0.507,3,7,0,1,0,0,1.832,3,4.186,6,2,1,6,5,0,5,0,1.434,7,1
7,3,5,0,0.0,1,4,0.798,3,6,4,0.0,-0.865,6,0.0,5,0,0,0,0,-0.142,5,1,5,0,1,2,0.696,4,-0.048,0,7,6,6,7,3,7,0,0.456,7,0
2,4,4,4,0.0,4,6,2.636,1,7,0,0.0,-1.04,5,0.0,0,0,2,1,3,2.454,7,4,7,1,0,3,1.147,1,2.128,6,5,1,0,7,1,4,6,2.29,2,1
5,4,5,6,0.0,4,0,0.806,3,0,0,0.0,4.756,2,0.0,1,2,5,0,0,0.87,7,5,7,0,0,0,0.927,2,0.843,4,6,0,2,7,4,3,3,0.183,7,0
6,6,3,2,0.0,0,4,-1.096,2,5,7,0.0,0.616,2,0.0,0,1,7,0,7,-0.718,3,2,3,0,7,2,0.938,6,-0.738,7,7,5,2,7,0,2,3,-0.702,1,0
7,0,6,3,1249.72,3,4,1.874,6,3,5,0.0,-4.083,7,0.0,3,4,5,1,0,0.744,6,7,6,0,4,2,1.135,4,1.679,7,2,6,6,6,3,3,1,1.244,5,1
6,7,5,2,0.0,2,5,0.277,5,6,3,0.0,-0.376,3,0.0,5,2,5,0,1,1.814,0,7,2,0,6,2,1.064,3,1.123,3,3,4,2,1,2,0,1,-0.022,5,0
4,5,3,1,0.0,2,5,-2.082,3,4,1,0.0,-2.254,5,0.0,7,4,1,0,7,-0.543,1,1,4,0,5,0,0.98,5,-4.304,0,5,2,0,4,7,0,3,-2.578,2,0
2,7,2,1,0.0,2,0,2.06,7,6,6,0.0,5.183,3,3.72,3,1,1,1,3,0.768,1,5,1,1,0,5,0.948,7,7.247,6,6,6,4,1,0,5,4,1.72,1,1
4,7,0,1,0.0,4,2,0.521,6,6,4,0.0,2.791,4,0.0,6,3,5,0,6,0.525,4,7,6,0,6,1,1.461,5,-0.163,7,4,2,7,6,7,5,6,0.445,7,0
6,6,4,3,0.0,7,7,-0.691,6,2,4,0.0,-5.398,6,0.0,5,6,3,0,7,0.334,7,5,2,0,1,7,0.995,6,-2.15,2,7,6,3,1,1,4,0,-0.106,7,0
6,5,1,2,0.0,0,2,-0.876,5,5,1,0.0,3.034,0,0.0,5,7,2,0,7,-2.378,5,6,4,0,2,1,0.815,2,2.491,3,1,0,3,3,3,6,7,-1.333,3,0
2,2,0,0,0.0,4,4,0.15,1,2,2,0.0,-1.767,0,0.0,1,6,7,0,4,0.65,6,0,6,0,3,4,0.892,3,-0.892,1,2,7,7,1,6,2,2,0.315,4,0
3,7,3,1,0.0,3,1,-0.628,3,6,7,0.0,-1.447,3,0.0,4,0,7,0,7,0.241,1,2,7,0,0,2,1.306,6,-0.142,3,4,0,3,7,4,5,6,-0.284,4,0
1,5,3,2,0.0,1,5,-3.199,4,6,2,0.0,-3.689,5,0.0,7,2,5,0,5,-2.718,0,5,2,0,1,7,1.372,1,-3.429,2,5,1,5,0,2,6,2,-2.815,2,0
4,5,1,0,0.0,6,5,1.536,2,0,2,0.0,0.47,0,0.0,7,5,3,0,0,0.658,5,5,3,0,3,6,0.903,5,1.762,6,3,7,7,5,4,6,3,0.773,7,0
7,2,0,1,0.0,3,2,0.426,7,3,0,0.0,-0.086,1,0.0,0,5,3,0,2,-1.224,3,3,7,0,1,0,0.864,3,-1.295,2,6,7,6,1,0,2,2,0.513,1,0
3,7,3,0,0.0,3,3,0.252,2,5,5,0.0,1.543,0,0.0,6,6,6,0,2,0.201,2,4,1,0,0,4,1.181,1,-0.056,0,1,0,6,0,4,2,1,0.208,2,0
2,0,4,7,0.0,5,4,-0.173,0,0,3,0.0,2.968,7,0.0,5,4,6,0,7,-1.188,2,4,0,0,2,2,0.914,3,0.108,5,0,5,4,0,1,6,5,-0.543,7,0
4,4,5,4,0.0,4,4,-2.029,0,1,4,0.0,-6.936,1,0.0,4,2,3,0,7,-0.443,1,4,0,0,1,4,1.217,0,-0.064,5,1,2,2,0,7,0,1,-0.951,6,0
0,0,0,7,0.0,1,5,-0.143,3,1,2,0.0,-2.259,7,0.0,2,7,7,0,0,1.109,3,5,3,0,7,1,1.146,1,0.635,1,6,6,0,5,6,3,4,0.004,1,0
2,6,5,3,0.0,6,1,0.354,3,2,1,0.0,-2.148,2,0.0,0,4,3,0,5,0.551,7,7,5,0,3,4,0.929,1,1.109,2,6,3,3,6,5,0,7,0.594,6,0
0,6,5,5,0.0,0,5,-0.539,4,5,5,0.0,2.361,7,0.0,0,3,6,0,0,-1.031,4,6,4,0,2,4,1.1,3,-0.437,2,4,5,5,5,2,0,4,-1.162,5,0
0,7,0,1,675.6,6,0,1.972,6,5,6,0.0,-0.397,3,19.27,5,7,2,1,4,0.982,4,6,3,0,1,7,1.045,3,2.964,5,0,1,6,0,1,1,0,1.288,1,1
4,7,1,3,1495.41,6,0,1.895,1,2,4,0.0,2.193,1,0.0,1,4,5,0,3,2.67,7,6,4,1,1,4,0.961,4,-0.985,7,2,4,1,3,7,3,5,1.204,1,1
6,5,0,1,1829.62,5,3,0.375,4,1,2,0.0,0.537,0,8.97,7,2,6,1,5,1.769,5,0,6,0,1,0,1.421,6,-0.535,3,3,6,3,4,5,7,6,0.812,6,1
0,2,7,4,1520.0,7,1,1.803,4,2,2,0.0,-1.314,3,0.0,2,6,2,1,0,0.744,5,3,7,1,4,1,1.255,3,2.624,0,4,2,0,0,1,3,1,1.41,7,1
1,7,6,3,0.0,4,3,-0.099,6,2,4,0.0,-1.614,2,0.0,0,2,2,0,4,-0.265,1,0,4,0,5,7,1.148,5,0.287,3,5,2,0,7,5,0,5,0.104,3,0
3,7,3,5,1187.01,5,1,2.162,7,6,0,0.0,3.962,5,0.0,7,0,6,1,7,0.366,3,6,4,1,1,6,1.58,4,2.153,0,4,1,0,0,1,5,3,1.636,1,1
5,0,5,3,1960.76,4,4,1.018,5,5,0,0.0,2.216,5,0.0,0,4,6,0,6,0.493,0,6,7,1,4,7,1.03,2,2.916,0,7,2,6,6,6,3,6,0.371,1,1
7,5,0,1,0.0,4,3,0.297,5,7,6,0.0,1.105,4,0.0,4,4,4,0,3,1.576,4,7,0,0,4,2,0.988,1,2.09,0,5,3,5,7,2,1,6,0.562,3,0
1,2,5,5,0.0,1,5,-0.227,7,3,5,0.0,-3.482,1,0.0,5,5,0,0,0,-0.375,6,4,1,0,1,1,1.02,3,-1.379,7,6,2,2,4,7,0,5,0.134,7,0
3,7,3,7,0.0,7,1,-0.673,5,0,6,0.0,2.291,3,0.0,0,7,3,0,2,-1.597,5,4,5,0,1,4,0.861,7,0.473,0,4,6,4,1,2,5,2,-1.124,2,0
4,2,0,2,665.0,3,6,1.552,1,5,1,0.0,-1.018,2,0.0,2,0,4,1,4,2.503,7,0,1,1,7,2,1.101,7,2.4,0,5,2,7,5,2,7,6,1.275,7,1
0,6,6,5,0.0,0,0,-1.407,4,6,4,0.0,-3.166,3,0.0,4,4,6,0,3,-0.529,5,1,4,0,3,4,1.096,6,0.029,0,0,4,7,2,6,5,1,-1.494,7,0
1,5,5,6,0.0,2,7,0.909,6,5,6,0.0,3.886,4,0.0,1,4,3,0,0,-0.655,6,3,5,0,7,0,1.086,6,-1.534,3,1,5,3,6,0,2,1,0.894,0,0
1,7,4,6,0.0,4,5,0.343,6,4,1,0.0,0.692,6,0.0,4,1,2,0,5,1.068,2,4,0,0,1,5,0.888,4,0.24,2,2,0,4,7,0,5,7,0.382,3,0
7,1,3,7,0.0,6,6,1.366,7,7,3,0.0,-0.528,7,0.0,1,0,6,0,5,-1.117,5,2,4,0,5,4,1.003,3,-0.007,2,2,3,5,5,7,2,4,0.558,2,0
4,1,6,5,659.09,3,6,2.263,1,3,6,0.0,2.051,3,0.0,5,4,1,1,3,1.721,0,1,0,1,1,6,1.179,2,0.93,6,0,1,6,6,5,5,4,2.9,2,1
5,1,6,7,0.0,0,2,-0.181,7,0,5,0.0,1.485,6,0.0,2,2,0,0,2,-0.598,7,6,7,0,1,1,0.403,3,-1.206,6,1,6,4,0,6,4,6,-0.963,1,0
4,7,1,3,0.0,0,7,0.525,6,2,6,0.0,0.582,5,0.0,0,0,6,0,5,-0.114,3,0,7,0,0,2,1.155,0,3.367,0,4,1,3,5,4,6,1,0.159,4,0
7,1,4,3,0.0,4,1,-0.086,4,2,0,0.0,-1.244,7,0.0,3,3,7,0,5,1.511,4,2,2,0,4,0,0.899,2,0.664,1,6,1,0,4,2,3,1,0.408,3,0
4,3,7,7,0.0,1,3,0.671,2,5,3,0.0,-0.049,2,0.0,5,2,7,0,0,1.073,6,1,4,0,1,2,1.073,5,-1.637,4,0,3,4,0,2,6,2,-0.339,2,0
3,7,3,5,0.0,4,3,1.068,4,1,4,0.0,-0.799,7,0.0,7,7,0,0,3,-0.125,1,7,2,0,6,5,1.077,1,-1.137,2,6,7,4,2,3,6,2,0.171,5,0
4,3,0,7,0.0,7,6,-1.77,1,7,0,0.0,0.393,1,0.0,6,3,2,0,3,-1.015,6,6,1,0,2,6,1.122,1,-3.057,7,3,2,3,6,5,3,6,-1.461,4,0
2,2,6,7,0.0,0,3,0.087,4,2,4,0.0,-3.437,5,0.0,6,7,5,0,6,1.236,0,6,5,0,7,1,0.696,3,-1.81,2,7,7,2,5,1,1,5,0.27,2,0
5,3,0,7,0.0,4,7,-0.309,7,3,2,0.0,2.616,0,0.0,4,3,7,0,4,-0.984,3,6,2,0,1,5,0.919,2,-1.395,0,1,7,0,6,3,0,2,-0.767,4,0
2,3,7,5,0.0,3,2,-0.381,1,4,5,0.0,-3.077,4,0.0,6,5,1,0,3,-0.539,6,7,1,0,5,5,0.643,7,-2.234,4,2,0,0,5,5,4,3,-0.964,0,0
1,3,0,4,1057.08,5,4,2.136,4,0,2,343.21,3.608,5,0.0,5,4,6,1,1,-2.001,7,6,4,1,0,6,1.355,1,2.905,3,2,2,4,5,2,7,4,0.922,6,1
2,1,1,3,1647.86,2,0,2.392,4,1,2,0.0,1.599,2,0.0,7,7,3,1,0,0.965,3,5,5,1,7,4,1.654,7,4.896,0,5,2,1,4,6,6,1,2.353,7,1
4,4,2,1,0.0,7,4,-0.824,1,1,5,0.0,-2.365,6,0.0,4,6,6,0,3,-3.135,5,2,3,0,4,5,0.826,4,1.725,4,0,6,3,5,7,6,1,-0.405,7,0
6,7,1,7,1269.56,4,4,0.571,1,6,0,0.0,5.233,5,0.0,5,5,7,1,0,1.842,3,1,0,1,0,3,1.304,1,3.691,6,4,7,1,3,2,1,1,1.903,7,1
3,7,0,5,0.0,7,6,-1.635,5,4,7,0.0,2.935,3,0.0,6,7,4,0,3,0.586,6,6,6,0,0,2,1.033,2,-2.836,5,4,2,5,7,2,0,1,-0.259,5,0
5,7,7,6,134.49,5,3,0.709,1,7,3,775.96,1.302,0,8.83,3,7,2,0,7,-0.623,2,1,0,1,3,3,1.266,3,1.282,4,0,4,2,5,5,6,0,0.432,6,1
6,5,6,2,0.0,7,7,-0.211,3,0,3,0.0,-1.699,4,0.0,3,3,0,0,3,0.535,7,1,5,0,5,2,1.122,5,-0.371,6,4,2,0,6,4,3,5,0.089,2,0
5,5,7,5,0.0,3,6,-2.684,2,5,0,0.0,-5.408,2,0.0,5,6,0,0,2,-1.722,7,7,3,0,3,5,0.956,2,-3.852,4,6,6,7,5,0,7,3,-2.529,3,0
2,2,7,7,0.0,5,6,0.817,6,5,3,0.0,-1.584,0,0.0,6,3,3,1,7,1.39,5,1,0,0,2,6,0.888,4,0.682,1,7,0,6,5,7,4,0,1.327,3,1
6,2,6,0,0.0,1,1,0.256,3,5,5,0.0,1.435,6,0.0,6,4,2,0,4,2.995,4,1,1,0,7,0,1.12,1,-0.474,1,0,5,0,2,1,3,6,0.696,2,0
0,7,2,4,818.38,4,3,1.819,1,0,4,0.0,4.41,1,20.89,4,4,3,0,6,2.657,2,6,6,1,6,2,1.133,0,0.595,6,4,5,7,5,3,7,2,2.101,6,1
1,6,3,3,0.0,4,3,-0.216,1,3,2,0.0,-0.589,6,0.0,0,4,1,0,3,1.467,0,1,4,0,3,3,1.281,6,-0.84,4,5,0,2,1,5,4,2,0.113,2,0
5,4,2,7,0.0,6,2,-0.201,5,6,4,0.0,0.824,3,0.0,4,2,0,0,0,1.468,7,7,3,0,7,1,0.997,3,0.323,5,2,6,0,7,1,7,7,0.059,7,0
1,0,6,7,1041.31,5,4,0.625,7,2,7,0.0,-2.918,3,4.08,4,7,2,0,2,2.126,4,1,3,1,7,2,1.295,0,1.2,5,2,5,5,7,6,4,7,0.86,0,1
4,5,7,3,0.0,0,4,-1.787,7,0,0,0.0,-3.242,2,0.0,6,3,2,0,2,-5.729,3,3,3,0,0,3,1.556,5,0.004,0,3,7,0,5,1,3,7,-1.095,0,0
3,7,6,7,0.0,3,4,-2.01,2,5,3,0.0,1.614,7,0.0,6,5,0,0,2,-0.053,7,2,7,0,6,3,1.468,7,-2.236,7,7,7,0,4,1,7,2,-1.439,7,0
3,1,3,5,0.0,2,3,-0.152,3,6,7,0.0,-2.946,7,0.0,6,5,6,0,6,0.171,2,3,1,0,1,3,1.138,3,2.964,3,6,0,7,1,0,4,6,0.289,1,0
4,6,5,7,0.0,5,4,0.977,2,2,6,0.0,2.276,4,0.0,4,0,0,0,0,0.485,1,0,4,0,6,7,0.823,5,4.109,6,7,5,5,0,7,1,3,1.22,1,0
3,4,7,5,0.0,0,1,-0.481,4,0,2,0.0,-0.02,6,0.0,0,3,5,0,6,0.094,5,3,6,0,2,1,1.243,4,-1.905,5,0,5,2,3,6,0,1,-0.8,3,0
1,4,5,3,0.0,3,6,-0.235,5,5,7,0.0,1.521,4,0.0,6,6,1,0,5,0.555,4,3,6,0,0,7,0.961,0,-0.524,3,7,1,7,1,2,6,6,0.131,1,0
2,2,6,7,0.0,7,6,-1.473,1,7,1,0.0,-0.627,4,0.0,2,1,7,0,0,-1.248,3,4,2,0,2,0,0.662,0,-0.266,1,5,6,6,4,7,7,0,-0.52,5,0
5,5,7,4,0.0,1,4,0.568,4,1,3,0.0,2.633,4,0.0,2,5,6,0,5,1.553,0,3,3,1,3,3,1.18,4,2.03,0,6,3,4,0,6,2,3,0.958,0,1
1,3,1,6,0.0,2,3,-1.068,0,0,0,0.0,-2.549,2,0.0,6,4,5,0,5,0.118,7,5,2,0,1,7,0.911,2,-2.085,7,5,7,2,5,7,3,6,-1.17,1,0
4,1,2,2,0.0,2,5,-0.817,4,2,7,0.0,1.598,5,0.0,2,4,6,0,2,-1.003,2,6,5,0,1,3,1.236,7,-1.685,3,3,7,2,7,7,0,3,-0.005,0,0
2,1,3,2,0.0,0,1,-0.7,0,2,3,0.0,-1.102,6,0.0,7,5,3,0,1,-2.762,3,7,3,0,0,0,1.176,5,-3.95,2,1,5,7,1,6,1,0,-1.184,6,0
2,0,3,1,0.0,6,1,-1.596,1,1,1,0.0,-1.854,1,0.0,6,5,5,0,4,0.355,1,0,0,0,5,4,0.862,4,-3.034,4,5,4,4,7,0,2,3,-1.41,2,0
3,0,0,0,0.0,5,0,-2.108,6,0,2,0.0,-3.159,5,0.0,5,3,5,0,1,-2.098,1,1,0,0,5,3,0.986,6,-1.535,0,5,2,3,2,6,4,6,-2.056,2,0
2,7,1,4,0.0,1,4,-0.165,1,5,1,0.0,0.049,7,0.0,3,4,7,0,7,-2.975,2,4,0,0,0,1,1.102,2,1.504,3,7,6,0,5,2,5,5,-0.003,5,0
1,1,3,1,746.32,7,2,0.5,2,2,2,784.33,1.113,0,0.0,0,4,0,0,5,0.029,7,3,5,1,3,4,1.264,0,0.718,5,4,3,7,2,0,4,6,0.225,3,1
2,0,0,5,0.0,2,3,-0.995,4,5,2,0.0,0.021,5,0.0,7,5,5,0,7,-3.915,0,6,7,0,1,5,0.895,7,-2.536,5,0,0,6,1,7,3,7,-1.215,2,0
5,6,7,2,0.0,0,4,2.295,5,4,1,0.0,3.879,5,0.0,4,1,7,1,1,3.558,2,5,0,1,7,0,1.186,7,3.25,1,5,4,1,7,2,7,2,2.147,7,1
2,4,1,6,0.0,5,0,-1.632,2,1,4,0.0,-1.783,0,0.0,3,7,6,0,3,-2.77,3,6,5,0,1,5,0.749,7,-2.646,1,3,5,6,2,4,2,4,-2.021,5,0
4,2,6,4,0.0,7,5,-0.475,1,2,2,0.0,-1.97,2,0.0,4,5,7,0,0,0.698,6,4,2,0,7,1,1.061,1,-1.448,3,7,2,3,0,4,2,6,-0.309,1,0
7,7,2,1,0.0,3,1,-0.7,1,6,7,0.0,-0.635,7,0.0,7,5,5,0,1,1.338,4,6,5,0,7,4,0.642,1,-3.191,0,3,2,2,6,4,7,3,-1.331,5,0
5,1,7,6,0.0,6,2,-0.554,2,0,0,0.0,0.479,3,0.0,2,1,5,0,4,-1.098,3,1,7,0,3,0,1.285,0,1.014,2,0,4,7,3,5,7,0,-0.345,1,0
3,5,4,3,0.0,1,3,0.516,6,3,2,0.0,0.765,2,0.0,7,7,7,0,5,-0.366,2,2,5,0,1,6,0.526,5,1.841,6,4,7,6,3,6,7,5,-0.438,2,0
7,4,5,7,0.0,2,7,0.934,5,6,5,0.0,0.67,3,0.0,7,7,5,0,6,0.914,4,4,3,0,2,6,0.973,6,-0.177,4,5,7,5,7,0,2,0,0.53,0,0
2,5,7,7,0.0,1,7,-1.032,7,4,0,0.0,-1.978,7,0.0,6,2,3,0,2,-0.256,5,1,3,0,0,6,0.801,7,0.569,1,7,1,2,7,6,1,2,-0.906,6,0
0,7,5,2,0.0,3,2,-0.088,1,6,5,0.0,-0.755,3,0.0,6,3,0,0,5,1.028,3,1,0,0,6,5,0.918,2,0.642,3,7,6,0,7,5,1,0,0.445,0,0
4,2,3,5,0.0,7,4,0.429,6,7,0,0.0,2.913,5,0.0,7,4,2,0,4,1.203,3,2,6,0,4,0,0.716,5,0.967,0,1,5,3,1,5,7,1,0.366,6,0
6,7,4,6,0.0,1,7,-0.686,5,2,6,0.0,-4.297,2,0.0,0,6,3,0,7,-0.754,0,1,0,0,2,4,1.074,1,-1.263,0,5,7,6,6,0,3,0,-0.88,3,0
0,4,0,6,0.0,5,1,-0.428,3,1,3,0.0,0.496,2,0.0,7,6,0,0,4,1.163,4,7,0,0,6,6,1.113,5,1.823,1,6,1,5,1,6,4,0,0.586,0,0
4,4,1,2,0.0,7,2,-0.799,0,5,3,0.0,-1.587,5,0.0,0,7,4,0,3,0.241,6,4,6,0,5,3,1.151,3,-0.447,1,2,5,1,7,3,4,1,-0.811,5,0
7,2,4,6,0.0,3,5,0.311,4,5,4,0.0,3.19,0,0.0,1,7,0,0,4,2.018,0,4,4,0,7,5,0.863,2,3.173,1,3,5,3,6,7,0,7,0.149,3,0
1,0,6,2,0.0,4,4,-1.397,5,4,3,0.0,1.102,1,0.0,6,3,0,0,0,-0.967,6,5,2,0,3,4,1.088,1,0.012,6,0,5,1,4,2,3,5,-1.225,2,0
4,6,4,1,0.0,1,4,-0.607,0,6,4,0.0,2.692,7,0.0,4,2,5,0,1,2.27,2,6,1,0,7,4,0.978,0,0.039,7,5,1,7,2,0,3,4,0.532,1,0
1,7,4,4,0.0,6,6,-0.55,1,7,3,0.0,1.318,4,0.0,1,2,2,0,2,0.89,1,7,4,0,3,5,1.257,2,0.178,1,1,2,3,4,0,1,3,-0.059,2,0
1,7,4,6,0.0,5,5,0.814,5,3,0,0.0,3.598,5,0.0,7,1,7,0,1,0.231,2,7,2,0,2,7,0.849,0,1.598,2,1,3,1,3,2,5,5,0.843,1,0
7,0,0,1,0.0,2,3,-1.459,2,5,4,0.0,0.366,3,0.0,6,2,5,0,0,-0.41,4,7,6,0,1,6,1.267,7,-0.157,3,0,2,7,7,5,4,3,-1.255,4,0
6,0,7,7,0.0,5,5,0.031,2,5,1,0.0,3.224,7,0.0,7,6,3,0,3,1.981,5,6,0,0,5,7,0.828,5,2.086,6,0,0,2,4,4,6,7,0.222,3,0
6,3,7,4,0.0,6,2,1.343,3,4,3,0.0,1.367,2,0.0,4,5,5,0,4,0.734,5,2,2,0,2,7,0.971,6,0.133,1,5,0,0,6,1,7,0,0.581,5,0
6,1,2,3,0.0,2,2,-1.147,1,1,4,0.0,-2.746,3,0.0,5,4,4,0,2,0.924,4,6,0,0,5,1,1.267,4,0.337,1,7,1,5,6,6,7,5,-0.645,2,0
3,5,5,7,0.0,6,3,-0.727,2,7,1,0.0,1.696,3,0.0,6,5,2,0,1,-0.276,7,3,7,0,4,3,0.815,6,0.053,6,7,6,7,4,4,4,5,-1.095,1,0
1,2,6,7,0.0,1,5,-1.476,5,0,1,0.0,1.196,4,0.0,4,1,0,0,5,-2.361,2,7,3,0,4,0,0.873,1,-1.239,0,2,2,7,2,5,4,0,-1.269,4,0
7,5,1,2,0.0,0,7,-0.64,2,6,0,0.0,-2.654,0,0.0,3,7,2,0,3,-0.662,4,3,6,0,7,0,1.11,6,1.684,4,1,0,6,2,4,2,0,-0.655,3,0
6,0,3,0,1587.04,0,1,0.942,2,5,6,0.0,0.646,0,6.88,1,0,1,0,6,0.856,6,7,7,1,2,6,1.52,1,1.578,1,1,3,0,2,2,5,2,1.068,5,1
1,2,0,6,0.0,6,4,0.22,5,4,2,0.0,3.087,2,0.0,7,0,2,0,1,-0.259,4,3,5,0,4,6,1.099,2,0.166,2,1,5,6,4,6,0,2,0.603,3,0
1,6,1,4,0.0,0,1,-0.051,3,5,6,0.0,-1.563,7,0.0,3,6,3,0,3,-1.432,3,5,5,0,4,2,1.051,4,1.361,6,6,3,1,7,2,2,6,0.194,5,0
6,7,7,4,0.0,1,6,0.567,4,2,5,0.0,1.429,7,0.0,1,6,5,0,0,0.645,3,1,6,0,4,2,0.715,3,-0.245,0,0,2,0,6,5,6,5,0.302,2,0
4,4,7,5,1798.55,3,6,1.464,7,7,0,0.0,0.677,4,0.0,7,2,6,1,5,-0.155,1,7,5,1,4,7,1.574,0,1.756,3,0,5,3,0,4,5,6,1.661,1,1
1,4,2,6,0.0,5,0,0.182,5,4,6,0.0,2.027,3,0.0,0,6,1,0,6,-1.669,6,1,4,0,0,1,1.093,1,2.281,5,6,0,0,1,1,6,4,0.186,1,0
3,7,5,6,0.0,2,4,-0.156,5,1,0,0.0,-0.45,0,0.0,3,5,5,0,4,-0.571,0,2,6,0,2,6,1.214,5,1.588,0,2,1,3,3,3,2,6,-0.293,5,0
6,3,2,5,1525.86,3,4,1.917,7,2,7,0.0,2.596,7,18.74,5,3,2,0,1,1.26,2,0,1,1,3,5,1.603,5,-0.875,6,2,4,2,6,0,4,3,1.754,3,1
3,4,0,5,0.0,7,3,-0.244,4,2,4,0.0,-0.779,6,0.0,7,0,2,0,0,0.951,4,0,1,0,5,0,0.899,4,-0.451,5,4,6,6,5,5,1,1,-0.337,2,0
6,1,6,6,0.0,1,0,-0.841,5,0,7,0.0,1.335,6,0.0,3,7,0,0,5,0.948,1,1,3,0,1,5,0.929,3,-0.731,2,7,6,0,5,7,7,1,-0.299,5,0
2,7,6,3,0.0,2,2,-2.24,2,6,6,0.0,-4.063,6,0.0,4,5,2,0,4,-2.759,0,7,7,0,1,4,1.252,1,-2.569,5,4,6,3,2,7,2,5,-2.864,6,0
2,4,3,1,1883.56,0,3,0.577,4,5,5,0.0,0.708,3,0.0,3,0,3,0,4,0.601,2,6,2,1,4,1,1.047,1,3.064,2,4,4,1,2,3,1,0,0.307,1,1
3,5,7,0,0.0,4,3,-0.67,3,7,3,0.0,-5.737,4,0.0,1,2,6,0,5,-1.476,4,7,3,0,6,6,1.03,2,-1.825,6,5,1,7,0,3,6,1,-0.601,0,0
5,5,7,6,0.0,4,0,0.215,3,1,5,0.0,3.295,5,0.0,4,1,1,0,2,0.206,7,0,0,0,0,7,1.162,1,-0.144,3,6,6,5,6,6,4,2,0.096,3,0
4,6,3,1,1780.16,2,0,0.337,6,6,5,0.0,-3.173,6,0.0,7,4,3,0,4,-0.698,6,3,7,1,2,5,1.067,0,-2.848,4,2,6,0,1,7,6,6,0.956,6,1
7,1,7,7,0.0,2,5,-0.931,1,5,3,0.0,-2.676,3,0.0,4,1,6,0,6,2.366,2,7,3,0,6,3,0.721,7,-1.095,1,1,6,2,5,3,5,0,-0.288,1,0
1,3,7,0,868.65,7,7,1.439,3,2,6,0.0,5.115,1,13.12,7,4,4,0,2,1.093,4,1,1,1,7,6,1.158,4,0.691,4,7,6,3,6,0,5,5,1.676,5,1
3,2,4,1,0.0,7,0,-1.449,7,6,0,0.0,-5.319,1,0.0,7,0,2,0,0,-0.201,7,2,3,0,2,5,1.085,0,-0.133,2,3,3,2,0,4,1,7,-0.446,7,0
3,3,2,3,0.0,0,5,-2.916,2,2,1,0.0,-3.132,6,0.0,3,4,2,0,0,-3.471,2,7,5,0,6,1,0.986,1,-3.643,3,3,4,6,3,4,7,2,-3.016,2,0
3,2,7,5,0.0,2,3,-1.707,7,7,0,0.0,1.002,2,0.0,4,6,1,0,3,-1.574,6,2,0,0,2,2,0.552,4,0.463,2,2,4,5,5,1,0,7,-0.888,6,0
4,4,3,7,0.0,0,0,0.111,7,4,6,0.0,-0.553,4,0.0,2,0,0,0,2,0.18,1,7,5,0,1,3,1.054,1,1.221,2,6,5,0,2,3,0,1,-0.908,4,0
4,6,5,7,0.0,2,7,0.931,3,5,7,0.0,1.818,5,0.0,2,4,7,0,4,-0.635,6,1,1,0,6,2,1.063,4,2.304,6,5,6,1,4,6,5,3,-0.142,0,0
6,1,3,3,0.0,0,3,0.141,3,4,6,0.0,0.948,6,0.0,2,1,2,0,6,0.386,0,4,2,0,0,5,1.026,3,0.611,1,4,1,0,3,0,5,2,-0.021,6,0
1,1,4,2,889.5,5,1,1.45,0,5,0,0.0,0.39,2,0.0,7,5,4,0,5,0.046,0,6,4,1,2,1,1.248,6,2.703,3,6,4,5,7,6,5,6,0.802,4,1
4,3,7,4,0.0,5,7,-0.43,4,3,0,0.0,1.628,5,0.0,4,1,5,0,1,-3.196,3,0,3,0,1,5,1.278,3,-0.353,5,3,7,6,6,6,6,2,-0.688,4,0
0,4,7,7,1565.46,6,3,1.301,7,4,2,0.0,1.553,2,2.0,0,4,2,0,4,0.171,5,6,4,1,1,3,1.36,7,4.414,7,0,1,2,4,2,0,5,0.873,4,1
0,4,4,5,0.0,2,1,0.849,6,7,6,0.0,1.992,6,0.0,5,4,6,0,6,-1.17,4,3,2,0,6,4,1.434,6,1.132,0,2,6,6,1,1,1,4,0.119,5,0
1,6,0,0,0.0,0,3,-0.168,5,7,5,0.0,2.289,4,0.0,5,6,2,0,0,1.762,5,2,3,0,7,7,0.8,6,-0.281,5,0,7,3,4,4,3,2,0.906,2,0
4,3,7,3,0.0,0,0,-1.531,3,5,2,0.0,-3.158,2,0.0,1,2,2,0,3,-0.827,3,0,4,0,1,0,0.734,3,0.541,5,1,4,6,4,2,7,6,-1.519,2,0
2,5,1,3,0.0,6,3,0.109,7,1,6,0.0,-0.043,1,0.0,4,4,2,0,5,-0.371,7,5,7,0,4,0,0.797,4,-0.464,2,3,2,2,2,0,6,6,0.087,2,0
3,0,4,6,0.0,3,5,-0.25,4,5,4,0.0,1.091,5,0.0,3,0,0,0,1,-1.032,0,0,6,0,5,1,1.137,4,0.31,3,0,6,7,6,6,5,5,-0.164,3,0
0,4,5,4,0.0,0,0,0.086,4,1,6,0.0,1.426,5,0.0,6,2,3,0,4,-1.078,6,7,6,0,2,0,0.909,3,-0.294,6,3,6,3,3,6,0,4,-0.379,3,0
2,3,5,0,0.0,7,1,-0.169,0,6,5,0.0,0.152,3,0.0,4,2,6,0,4,-0.617,4,6,2,0,1,6,1.212,6,-0.238,4,2,4,4,4,5,7,0,-0.199,7,0
4,5,6,2,0.0,3,4,1.047,7,1,6,0.0,-1.288,5,0.0,7,1,2,0,4,0.746,3,2,1,0,7,4,1.13,4,0.637,1,5,2,6,7,2,3,6,0.974,7,0
6,6,3,2,0.0,2,5,1.328,3,3,5,0.0,3.457,6,0.0,7,4,2,0,2,0.674,6,1,3,0,1,5,0.992,0,1.736,4,3,6,0,0,5,2,1,-0.062,3,0
6,3,3,4,0.0,5,5,-0.021,0,7,1,0.0,-1.408,0,0.0,4,4,1,0,4,0.97,0,7,3,0,0,7,1.13,4,-1.959,1,5,3,1,6,0,1,7,0.154,5,0
3,4,1,7,0.0,1,7,-0.393,4,2,4,0.0,-3.67,4,0.0,6,3,5,0,0,-0.683,3,0,4,0,3,2,1.014,7,0.177,3,6,3,2,0,6,5,3,-0.973,3,0
4,3,1,6,0.0,5,7,1.384,1,0,5,0.0,-1.018,2,0.0,4,4,0,0,5,0.714,2,3,0,0,5,1,0.886,3,1.227,2,3,1,6,2,4,5,5,0.43,0,0
6,4,6,1,0.0,1,2,-1.544,4,3,4,0.0,-6.187,4,0.0,3,1,6,0,7,-0.865,6,5,2,0,2,0,1.257,7,-0.749,2,2,3,4,3,1,2,7,-1.535,4,0
0,5,2,5,0.0,0,7,-0.146,5,7,4,0.0,1.668,0,0.0,0,1,2,0,3,0.919,2,4,6,0,4,5,0.993,6,-1.777,7,0,6,2,6,0,6,0,-0.265,4,0
1,2,5,5,0.0,6,1,-0.55,3,3,2,0.0,-2.896,5,0.0,0,0,1,1,5,0.285,6,7,2,1,1,2,1.117,5,1.849,0,5,3,1,7,2,5,0,1.032,6,1
5,0,6,1,1983.18,5,4,0.09,4,5,2,0.0,-0.963,0,0.0,0,0,0,0,6,-0.426,1,7,0,1,2,2,1.046,6,1.829,1,0,6,6,2,3,0,5,0.782,5,1
5,0,0,5,0.0,0,0,-0.948,1,2,6,0.0,-2.251,1,0.0,3,2,3,0,4,-0.105,3,4,5,0,2,1,1.512,3,-3.159,2,4,3,3,5,7,6,2,-1.536,4,0
4,5,0,6,606.92,5,6,0.868,7,3,7,0.0,1.099,5,0.0,2,7,3,1,0,1.11,3,6,1,1,0,7,1.1,3,-0.052,2,5,5,1,0,7,6,3,1.328,1,1
1,0,6,1,0.0,6,6,0.408,5,0,5,0.0,-0.384,7,0.0,0,0,4,1,3,-0.035,6,6,2,0,7,4,1.121,2,3.02,3,4,1,0,5,1,4,0,0.054,0,1
4,4,0,3,962.37,1,3,0.4,2,5,1,0.0,0.454,3,0.0,2,0,1,1,2,3.416,6,3,0,1,5,2,1.064,3,1.041,2,3,5,5,4,5,1,2,0.288,3,1
0,7,7,2,0.0,5,7,-0.455,2,5,0,0.0,-0.894,2,0.0,7,1,6,0,7,-1.373,2,4,6,0,6,1,0.877,2,-1.672,7,5,4,5,6,2,7,5,-0.736,4,0
1,0,2,1,0.0,0,2,-0.756,0,1,4,0.0,-1.091,5,0.0,0,4,3,0,4,-0.6,0,1,0,0,0,1,0.979,2,1.887,2,6,2,3,1,1,1,4,0.21,2,0
6,2,4,5,0.0,2,6,-0.871,6,3,4,0.0,0.893,1,0.0,3,2,1,0,4,-0.318,3,1,7,0,0,5,0.865,2,2.06,1,2,3,2,0,6,7,0,-0.646,4,0
1,5,2,4,0.0,6,4,-0.21,2,1,4,0.0,-0.776,0,0.0,0,5,0,0,3,-1.819,0,4,1,0,3,3,1.008,0,1.113,4,3,3,7,6,0,4,2,-1.032,7,0
5,5,0,2,0.0,7,1,-1.082,6,2,4,0.0,-4.278,0,0.0,0,2,3,0,7,-1.437,4,7,7,0,0,6,1.112,3,1.052,6,0,5,5,3,3,1,0,-1.182,4,0
4,7,5,6,0.0,3,2,1.333,3,7,3,0.0,0.91,5,0.0,3,6,2,1,1,1.124,6,6,0,0,2,3,0.825,2,0.877,3,3,5,7,2,4,3,1,0.363,4,1
0,7,6,2,721.7,6,3,1.705,2,2,6,0.0,1.642,3,0.0,6,3,2,0,5,3.09,0,7,2,1,4,6,1.243,3,1.682,0,6,1,2,4,3,1,0,0.721,1,1
0,1,7,7,1226.8,1,3,2.681,3,5,5,0.0,5.308,3,0.0,6,2,3,1,6,2.262,3,1,0,1,7,0,1.118,4,0.93,0,3,7,1,2,5,1,3,2.53,7,1
2,1,6,5,0.0,5,3,0.651,1,5,4,0.0,-0.09,2,0.0,6,1,2,0,1,-0.182,5,7,7,0,0,4,1.311,1,-3.026,1,0,5,5,6,1,7,6,-0.466,1,0
2,6,4,3,0.0,6,4,-0.856,3,6,4,0.0,3.678,5,0.0,6,0,7,0,3,0.056,1,3,6,0,4,2,1.134,7,0.311,2,5,1,6,1,4,1,6,0.854,0,0
4,5,0,5,0.0,3,6,-0.093,6,1,3,0.0,2.271,7,0.0,1,1,6,0,4,2.092,0,3,6,0,6,3,1.134,2,0.28,1,1,4,3,7,7,2,1,-0.508,1,0
3,3,1,0,0.0,6,7,-1.167,3,5,0,0.0,-2.442,2,0.0,2,0,1,0,6,-2.229,0,5,1,0,2,3,1.052,4,-0.879,4,2,1,6,5,5,7,3,-0.549,4,0
4,5,1,7,0.0,5,4,-0.5,0,3,3,0.0,-0.418,2,0.0,3,2,5,0,6,-1.302,6,2,0,0,1,7,0.823,5,0.303,4,4,0,7,6,2,7,2,-0.114,0,0
1,5,2,1,0.0,1,0,2.631,0,3,1,0.0,1.621,2,0.0,5,1,1,1,2,2.788,5,2,3,1,6,6,1.278,0,0.899,4,6,0,1,2,6,3,7,2.546,5,1
5,6,6,7,1636.75,4,4,0.487,0,0,7,0.0,1.343,7,0.0,0,0,5,0,7,0.183,4,6,0,1,2,6,0.857,3,1.118,1,2,3,3,4,1,7,7,1.409,2,1
0,0,6,0,0.0,4,1,0.598,3,0,4,0.0,6.895,7,0.0,3,2,5,0,4,-0.233,0,5,4,0,7,0,0.865,0,-0.549,0,3,4,2,3,1,1,6,0.091,3,0
3,3,0,2,0.0,5,4,-0.337,2,7,3,0.0,1.543,0,0.0,4,5,1,0,2,-2.662,6,1,1,0,7,0,1.087,0,0.991,2,2,4,3,4,1,6,6,-0.215,5,0
1,3,3,7,0.0,3,2,0.805,6,5,0,0.0,0.994,0,0.0,6,6,6,0,1,-1.374,2,2,3,0,6,0,0.857,5,-1.059,3,3,3,1,4,7,6,6,0.21,7,0
7,5,0,6,0.0,0,7,-0.837,5,7,6,0.0,-0.896,4,0.0,2,1,3,0,3,-2.124,5,1,5,0,0,0,1.088,4,0.298,1,4,4,5,6,5,0,6,-1.388,4,0
1,7,6,2,0.0,6,6,0.223,3,4,7,0.0,1.496,0,0.0,0,0,6,0,0,-1.553,5,5,2,0,2,5,1.011,4,-0.362,6,6,5,1,2,1,4,1,0.108,0,0
6,4,5,1,72.26,7,2,1.903,7,6,0,0.0,1.569,5,0.0,1,6,3,0,2,1.04,5,5,3,1,4,7,1.414,1,-0.359,3,2,5,3,0,5,5,0,1.85,0,1
0,7,0,4,0.0,2,7,0.748,1,5,1,0.0,-2.347,5,0.0,2,7,0,0,7,-2.188,6,6,3,0,7,2,0.859,3,2.058,6,1,6,6,7,7,3,4,-0.081,6,0
0,4,6,6,1301.4,4,4,1.354,3,0,7,0.0,-0.974,3,0.0,0,7,7,1,4,1.724,2,2,3,1,6,6,1.399,6,2.981,2,2,4,0,5,2,0,4,1.757,4,1
1,2,0,3,0.0,5,5,0.388,4,7,2,0.0,-0.982,6,0.0,5,4,6,0,3,-0.722,3,6,5,0,3,2,1.32,3,-0.04,7,5,2,2,2,2,2,6,-0.259,3,0
2,6,5,4,665.26,2,0,2.291,4,3,5,0.0,1.815,3,0.0,6,5,3,0,5,0.358,0,2,1,1,2,7,1.105,2,0.694,1,2,3,1,6,0,7,1,1.039,2,1
2,0,0,4,0.0,7,2,0.165,3,6,3,0.0,-1.246,2,0.0,2,5,4,0,4,-0.889,0,1,0,0,7,0,0.962,0,1.48,0,2,4,5,1,7,5,3,-0.173,7,0
3,7,7,5,0.0,3,0,1.323,0,3,0,0.0,0.788,4,0.0,5,6,7,0,6,0.681,5,2,3,0,5,5,1.215,1,2.856,5,3,7,2,5,4,5,1,1.144,3,0
5,4,4,6,0.0,1,5,-0.279,6,2,7,0.0,-1.852,0,0.0,3,6,0,0,7,1.427,6,6,2,0,4,1,1.143,0,1.42,7,1,6,4,4,4,2,3,-0.47,1,0
3,1,2,4,0.0,5,7,0.46,4,2,4,0.0,-0.475,5,0.0,6,5,7,0,3,-0.831,5,4,5,0,2,6,0.973,2,0.483,0,6,2,6,4,7,3,3,0.567,1,0
4,5,0,5,0.0,3,2,1.245,1,6,1,0.0,2.979,6,0.0,3,3,5,0,6,0.37,7,4,3,0,3,7,1.15,1,2.462,3,6,5,3,1,5,1,3,0.451,6,0
0,4,6,3,0.0,5,0,-0.211,3,2,0,0.0,-3.071,5,0.0,3,7,4,0,6,-1.767,3,6,7,0,5,2,1.31,3,-1.594,1,6,5,5,1,4,3,7,-1.026,3,0
7,7,3,2,0.0,2,4,0.989,1,2,4,0.0,1.837,4,0.0,0,1,0,0,4,0.8,6,0,0,0,7,6,0.942,3,-1.013,3,4,3,0,7,6,3,3,-0.17,4,0
0,1,5,6,0.0,0,4,-2.977,2,4,0,0.0,1.013,3,0.0,3,5,5,0,3,-1.317,4,0,2,0,3,0,0.796,5,-2.425,3,2,6,1,1,5,7,6,-2.607,5,0
0,6,7,0,0.0,6,5,-0.525,3,0,4,0.0,-2.001,4,0.0,2,1,2,0,0,-0.812,7,1,7,0,4,3,0.874,0,1.956,7,2,2,6,1,0,1,4,-0.266,0,0
4,5,2,3,0.0,7,2,-0.569,0,4,5,0.0,-0.969,4,0.0,2,6,7,0,6,0.302,1,7,2,0,4,1,1.152,1,0.323,5,4,2,5,7,4,4,3,-1.269,3,0
1,1,6,7,408.47,3,3,0.282,2,6,0,0.0,-3.862,0,0.0,5,1,4,0,6,-0.664,5,1,6,1,1,3,0.82,3,1.714,1,1,6,0,0,0,5,6,0.826,2,1
1,2,1,2,0.0,4,4,-1.773,7,7,4,0.0,0.024,1,0.0,7,4,6,0,0,1.231,3,1,4,0,5,1,1.187,2,-2.756,6,4,3,5,6,4,7,5,-0.658,0,0
5,5,4,3,0.0,2,1,-0.573,3,4,2,0.0,0.162,0,0.0,3,6,5,0,5,-0.242,1,0,2,0,2,3,1.113,3,1.431,4,2,0,2,0,2,1,3,0.106,0,0
5,3,0,3,0.0,0,7,0.863,0,1,2,0.0,3.55,4,0.0,4,7,6,0,3,-0.268,3,1,1,0,6,5,0.793,5,-0.502,2,1,5,1,5,7,1,0,0.058,5,0
2,3,1,4,0.0,1,4,0.524,0,5,6,0.0,1.665,3,0.0,5,5,7,0,7,0.344,4,0,4,0,6,7,1.397,3,2.539,1,7,5,2,0,0,5,0,0.138,2,0
7,0,3,1,0.0,0,2,-2.146,6,3,3,0.0,-0.942,0,0.0,3,1,1,0,7,-1.89,1,6,4,0,0,3,0.649,3,-2.091,4,5,0,0,0,3,0,2,-1.899,7,0
6,4,1,3,1575.69,0,5,1.155,5,0,7,0.0,1.942,0,7.5,2,3,4,1,7,0.77,0,7,2,1,6,5,1.016,7,0.995,6,7,1,3,6,4,5,3,0.867,1,1
7,2,4,1,0.0,1,4,-0.696,0,2,6,0.0,1.451,7,0.0,1,5,6,0,0,0.112,0,3,1,0,4,3,1.149,2,-0.644,6,7,6,5,2,1,1,5,0.294,2,0
4,2,3,2,0.0,2,5,0.869,5,3,2,0.0,-1.164,7,0.0,4,0,2,0,2,-0.08,4,7,3,0,1,6,1.059,2,1.036,4,7,3,5,5,1,3,4,0.616,6,0
6,0,3,0,0.0,2,2,-1.203,0,7,3,0.0,-0.073,5,0.0,5,6,2,0,7,-1.335,4,7,2,0,3,2,1.072,0,0.781,7,1,2,5,0,2,5,5,-0.832,7,0
5,1,6,1,837.65,2,7,1.368,6,3,1,0.0,6.98,7,22.23,5,3,0,0,1,0.197,7,0,5,1,0,6,1.698,1,1.369,7,6,3,4,3,5,2,5,1.176,6,1
6,0,6,0,0.0,1,7,1.572,4,7,0,0.0,5.419,7,0.0,2,5,4,0,1,0.107,4,6,4,1,2,6,1.398,6,0.601,5,2,0,6,4,2,1,7,1.857,0,1
7,4,7,5,0.0,5,0,-1.009,4,1,4,0.0,0.145,7,0.0,6,5,1,0,3,-0.24,6,5,4,0,4,7,0.557,1,2.0,6,1,6,0,7,5,6,2,-0.173,5,0
1,4,5,5,0.0,6,2,0.299,4,1,1,0.0,-0.467,4,0.0,1,6,0,0,1,0.088,7,4,5,0,0,0,1.129,3,-3.498,1,2,3,4,1,0,2,0,-0.015,0,0
3,4,0,2,0.0,6,4,1.222,5,3,2,0.0,1.019,0,0.0,2,2,4,0,5,-0.467,6,5,0,0,1,6,1.106,4,-1.781,4,7,1,3,3,7,0,6,0.694,6,0
0,3,2,4,0.0,1,1,0.403,5,5,3,0.0,2.53,5,0.0,0,2,6,0,1,-1.427,6,0,1,0,0,6,0.567,2,-1.826,0,6,4,2,6,3,0,2,-0.128,0,0
0,5,5,6,0.0,5,2,-3.367,5,5,6,0.0,-8.099,1,0.0,1,6,2,0,6,-1.679,7,6,1,0,1,5,1.245,5,-3.713,6,1,4,2,3,1,0,5,-2.735,6,0
3,0,5,5,0.0,5,3,1.506,3,4,7,0.0,-1.51,7,0.0,3,4,3,1,1,1.448,1,2,5,0,3,3,1.198,0,0.537,3,3,1,5,4,6,5,3,0.719,0,1
7,4,6,2,0.0,6,1,0.087,1,2,4,0.0,-0.087,6,0.0,0,7,2,0,3,-0.016,7,1,2,0,7,4,1.196,7,4.301,6,0,6,0,6,2,0,1,-0.685,1,0
6,5,7,2,1984.16,5,2,0.937,7,6,1,0.0,5.026,6,0.0,3,7,0,0,2,1.959,0,6,0,1,7,5,1.39,6,-0.155,1,6,2,5,3,0,0,7,1.053,3,1
5,4,0,2,885.01,1,4,-0.003,4,0,6,0.0,0.287,3,0.0,1,2,4,0,1,0.762,2,2,5,1,1,6,1.138,0,-0.666,5,0,5,6,6,6,5,7,0.825,7,1
2,7,1,5,0.0,5,4,-1.473,5,6,5,0.0,-2.219,7,0.0,5,4,5,0,0,-1.074,0,7,6,0,2,1,0.865,5,2.335,4,4,6,3,5,6,1,7,-0.2,6,0
1,3,4,2,0.0,2,5,0.088,4,7,4,0.0,-2.629,6,0.0,6,2,3,0,4,-1.948,6,4,2,0,3,3,0.794,6,-3.719,0,1,5,6,1,5,0,1,-0.872,4,0
4,4,0,1,0.0,2,2,1.178,7,2,5,0.0,-0.071,2,0.0,3,0,5,0,6,0.428,7,0,5,0,5,6,0.701,3,0.414,6,6,2,3,3,2,7,2,0.28,6,0
0,3,3,5,0.0,0,7,0.465,1,2,0,0.0,2.133,1,0.0,3,1,5,0,1,0.781,7,5,7,0,5,5,0.977,1,-0.603,2,1,6,2,2,6,4,5,0.215,4,0
5,5,3,5,0.0,6,6,-1.551,3,6,1,0.0,-1.263,1,0.0,7,5,6,0,4,-1.128,7,4,5,0,0,3,0.766,2,0.697,7,0,5,4,6,2,2,5,-1.689,5,0
4,4,0,0,0.0,2,4,-2.107,7,4,3,0.0,-0.549,2,0.0,0,3,7,0,7,-4.204,0,7,1,0,0,3,0.793,0,-2.531,3,0,2,1,7,5,5,4,-2.094,1,0
4,7,6,1,0.0,7,1,-0.986,2,5,7,0.0,2.033,6,0.0,5,2,7,0,4,0.69,2,6,3,0,0,5,0.903,1,-1.724,1,1,3,1,2,1,2,7,-1.027,5,0
3,7,3,3,0.0,6,0,0.233,4,7,1,0.0,-1.389,5,0.0,2,7,0,0,7,-0.637,2,3,3,0,3,2,1.352,4,0.223,2,0,5,7,0,6,2,6,0.652,4,0
2,0,4,5,498.0,7,5,1.014,2,1,7,0.0,2.927,7,0.0,6,1,7,1,7,1.96,1,0,1,1,5,5,1.221,1,-0.041,2,6,5,7,1,2,6,4,1.074,4,1
3,3,3,2,0.0,1,6,-0.071,6,7,0,0.0,1.31,0,0.0,5,2,1,0,5,-0.873,4,4,3,0,6,4,0.99,4,0.552,0,0,0,4,4,3,3,1,-0.551,4,0
0,2,7,3,0.0,6,7,-0.455,2,7,0,0.0,-0.689,4,0.0,3,6,5,0,5,-0.531,2,5,0,0,5,1,1.04,2,-1.809,7,7,3,5,7,2,4,1,-0.227,3,0
1,5,6,1,1756.21,0,1,1.969,3,5,0,0.0,2.844,7,6.84,5,7,5,1,6,1.828,7,2,7,0,0,4,1.181,0,0.424,2,2,7,1,5,7,3,2,2.166,4,1
3,5,0,2,0.0,6,1,-1.788,0,4,7,0.0,-2.133,3,0.0,0,3,5,0,7,-0.465,5,4,4,0,3,6,1.123,0,-1.072,3,5,7,3,7,6,3,1,-0.985,3,0
4,5,5,2,0.0,3,3,-0.277,5,4,4,0.0,-0.44,0,0.0,0,6,5,0,7,-1.405,1,7,4,0,6,6,0.852,1,1.351,0,4,1,4,5,7,5,7,-0.145,7,0
7,0,5,1,692.53,1,4,1.127,7,7,7,0.0,-2.167,7,0.0,4,0,1,0,3,-0.008,5,5,2,1,5,1,0.898,7,1.219,6,0,4,6,6,6,6,1,0.691,6,1
3,2,4,4,0.0,7,1,-0.255,2,4,3,0.0,-4.966,1,0.0,5,1,6,0,4,-1.842,6,2,4,0,6,0,0.846,4,-3.699,6,6,3,6,5,4,3,1,-0.327,6,0
5,4,2,2,0.0,1,1,0.881,6,3,3,0.0,3.926,7,0.0,3,6,3,0,3,1.878,6,4,5,0,6,3,0.706,2,0.539,5,4,2,0,0,7,6,5,0.876,7,0
0,1,1,6,0.0,7,3,-0.027,1,0,2,0.0,1.481,6,0.0,1,4,5,0,5,-0.104,6,7,3,0,7,2,0.845,0,-1.113,4,1,4,3,5,3,6,1,-0.367,0,0
7,6,4,3,209.21,4,1,1.624,3,6,3,0.0,0.555,6,0.0,2,0,4,0,6,0.221,7,1,2,1,4,0,1.403,0,1.714,1,2,6,0,0,1,1,5,0.563,1,1
3,5,6,6,0.0,3,7,0.13,2,4,3,0.0,-1.874,5,0.0,2,7,6,0,6,0.031,7,4,2,0,6,4,0.87,0,1.287,6,3,5,2,0,6,6,0,-0.194,3,0
7,5,3,0,0.0,7,6,-1.334,4,4,6,0.0,0.64,1,0.0,5,7,7,0,1,-0.619,0,1,6,0,3,3,1.282,1,-1.311,1,6,6,5,1,5,7,7,-1.438,6,0
2,4,0,3,0.0,3,4,-0.185,4,7,2,0.0,-2.206,5,0.0,4,2,1,0,0,0.363,6,1,4,0,2,7,0.809,6,-3.72,7,7,4,4,7,2,1,2,-0.282,3,0
1,3,5,3,0.0,4,0,-0.483,6,3,2,0.0,1.537,5,0.0,2,0,1,0,3,-0.477,7,6,7,0,0,7,0.825,2,-1.996,6,7,5,3,4,0,5,5,-0.828,7,0
1,7,4,2,0.0,4,2,-0.277,6,6,1,0.0,0.856,6,0.0,3,5,6,0,0,-0.881,2,2,2,0,2,0,0.932,6,-0.671,6,3,3,2,2,2,7,1,0.238,7,0
0,5,7,3,0.0,3,5,-0.116,3,1,2,0.0,3.581,6,0.0,3,6,2,0,6,-2.449,2,2,3,0,3,4,0.749,5,-0.516,4,7,4,3,5,7,0,6,-0.36,1,0
1,7,4,0,0.0,6,5,1.937,1,2,6,0.0,-1.977,5,0.0,0,1,2,0,7,-1.105,5,2,2,0,6,6,0.462,4,1.959,7,6,5,2,5,2,6,3,0.483,1,0
4,5,1,7,0.0,4,6,-0.537,6,2,0,0.0,0.581,3,0.0,4,4,1,0,0,-1.937,6,7,2,0,4,0,0.889,3,-2.885,5,5,5,6,5,5,5,6,-1.165,2,0
4,2,6,5,0.0,2,3,-0.827,3,2,5,0.0,-0.965,1,0.0,0,2,0,0,6,1.866,0,2,5,0,3,6,1.304,7,-3.537,3,1,5,4,0,1,3,6,-0.178,2,0
6,3,3,0,0.0,1,6,-0.411,0,4,6,0.0,1.157,3,0.0,2,7,1,0,4,1.081,2,5,6,0,6,0,1.186,1,-0.18,0,2,7,7,1,3,5,7,-0.419,0,0
0,1,3,4,0.0,5,4,0.513,1,2,6,0.0,-3.819,6,0.0,3,4,0,0,1,0.112,0,3,7,0,7,5,0.696,7,-2.328,6,1,0,7,1,0,0,5,0.519,7,0
2,3,1,6,0.0,5,5,-1.609,6,5,6,0.0,-1.856,3,0.0,0,1,1,0,1,-2.67,1,5,6,0,1,7,0.908,7,-0.312,6,6,5,5,4,0,7,7,-2.082,5,0
5,2,5,5,0.0,6,5,-0.301,4,2,4,0.0,2.648,7,0.0,4,4,3,0,3,-1.935,0,6,1,0,5,7,1.475,3,-3.746,3,7,4,0,4,0,5,2,-0.612,7,0
6,5,1,1,0.0,7,7,-1.18,7,2,3,0.0,-2.692,2,0.0,2,3,5,0,5,-2.243,4,1,6,0,2,6,0.675,2,-0.585,0,2,1,1,0,7,0,6,-1.522,3,0
7,1,5,3,0.0,5,5,-3.035,1,7,2,0.0,-5.028,3,0.0,2,2,6,0,4,-4.178,2,6,7,0,7,2,0.813,7,1.293,5,0,7,1,1,7,2,6,-2.56,0,0
6,7,2,0,0.0,0,3,-0.778,3,3,5,0.0,-0.526,1,0.0,1,7,3,0,7,-0.838,4,4,3,0,7,6,1.109,2,-0.904,7,3,3,3,4,7,6,0,-1.399,3,0
7,2,0,5,0.0,7,7,0.793,5,7,6,0.0,-1.601,7,0.0,4,1,6,0,5,0.715,4,1,3,0,3,3,0.821,2,-0.409,2,3,2,3,3,7,2,6,-0.107,1,0
7,7,0,5,0.0,5,5,0.131,0,4,4,0.0,-4.962,3,0.0,4,7,4,0,4,-1.81,3,2,1,0,3,0,0.736,2,0.424,7,4,5,2,2,4,0,2,-0.238,2,0
0,4,3,7,565.66,4,2,0.779,7,1,6,0.0,-0.952,0,5.23,1,6,6,0,3,1.225,2,3,1,1,0,6,1.438,6,-1.759,0,0,0,2,7,4,7,7,1.367,1,1
4,7,5,1,0.0,1,6,1.159,5,0,0,0.0,1.295,4,0.0,0,0,3,0,5,2.215,1,6,3,0,6,4,0.964,4,1.912,2,2,5,5,0,2,4,0,0.55,7,0
4,0,6,3,0.0,4,4,-0.845,7,6,3,0.0,-0.288,5,0.0,5,7,1,0,4,-0.774,7,2,2,0,1,2,1.017,7,3.941,2,4,1,0,0,2,1,7,-1.619,4,0
6,2,0,0,0.0,0,1,-0.054,4,6,0,0.0,3.349,1,0.0,7,6,1,0,5,0.714,3,3,0,0,5,7,0.736,6,-1.783,7,2,1,5,1,5,4,3,-0.222,4,0
4,7,5,5,0.0,3,6,-1.445,0,6,0,0.0,0.133,0,0.0,1,6,2,0,6,-1.75,5,3,3,0,3,2,1.309,6,-2.213,1,7,3,5,5,1,3,6,-1.174,2,0
6,3,4,5,0.0,1,1,1.193,6,1,5,0.0,-2.468,0,0.0,1,7,1,0,2,-1.503,7,2,3,0,4,3,1.004,7,-0.061,6,0,1,5,4,4,4,7,0.483,4,0
0,2,3,4,1717.47,6,5,1.604,4,3,4,542.37,0.058,1,0.0,0,4,6,0,0,0.539,7,6,3,1,5,2,1.213,2,-1.242,4,4,1,5,0,2,5,0,1.35,1,1
2,5,7,7,0.0,6,4,0.54,6,3,6,0.0,3.884,3,0.0,7,3,7,0,6,0.346,0,2,7,0,7,0,1.139,2,-2.26,6,5,5,0,2,3,1,6,0.453,5,0
4,5,2,3,0.0,5,3,-1.789,1,0,2,0.0,-4.646,3,0.0,5,5,5,0,2,0.055,7,4,5,0,0,6,1.167,6,-1.216,3,2,2,4,6,6,5,6,-1.161,7,0
7,2,1,4,865.81,6,3,1.596,2,7,3,0.0,0.521,1,0.0,4,7,0,1,6,-0.447,0,7,3,1,2,3,1.009,4,1.272,2,7,3,7,0,2,0,3,1.099,7,1
3,3,7,5,0.0,7,7,-1.239,7,6,4,0.0,-2.789,1,0.0,1,1,6,0,3,-1.437,6,1,4,0,4,5,0.876,0,-0.566,1,3,0,3,1,7,4,0,-1.813,1,0
7,4,4,6,0.0,1,0,-0.269,0,3,7,0.0,-1.717,6,0.0,3,0,7,0,2,1.409,2,4,2,0,5,5,0.78,6,0.669,1,4,5,0,5,1,4,3,-0.678,4,0
0,0,4,1,0.0,0,4,0.686,1,2,0,0.0,-0.805,2,0.0,1,1,1,0,5,2.072,0,3,0,0,1,4,1.054,4,-0.085,2,7,4,7,2,3,1,1,-0.215,0,0
4,6,5,7,0.0,6,0,-0.418,2,3,2,0.0,0.068,7,0.0,3,0,3,0,0,-0.8,6,7,5,0,0,6,1.159,5,-1.031,6,5,4,0,2,6,3,2,-0.28,4,0
7,1,5,1,0.0,7,4,0.023,5,4,7,0.0,-0.929,1,0.0,2,4,7,0,4,0.574,4,7,6,0,7,0,0.819,4,-0.853,1,3,0,7,4,7,2,6,0.058,1,0
3,7,1,7,0.0,5,0,-3.292,7,5,5,0.0,-2.838,2,0.0,1,4,1,0,2,-2.627,0,7,1,0,0,2,0.968,2,-0.664,5,3,6,6,5,6,0,1,-2.61,3,0
7,0,2,1,2040.35,4,7,-0.082,4,0,4,0.0,-0.087,1,0.0,6,1,4,1,2,0.816,3,2,4,1,7,6,0.897,6,-0.988,3,4,5,2,1,3,3,4,1.017,3,1
2,3,5,7,0.0,1,1,1.74,2,7,7,0.0,4.781,5,0.0,7,2,0,0,4,1.026,4,2,1,0,7,0,0.886,1,1.377,2,6,0,0,4,2,0,3,0.233,0,0
4,3,5,0,0.0,4,5,0.847,6,5,0,0.0,-0.206,4,0.0,7,2,3,0,0,-0.005,5,3,0,0,6,4,1.015,2,1.033,7,4,2,1,5,0,1,4,1.225,3,0
3,4,1,2,0.0,3,5,-0.868,5,7,7,0.0,-4.386,0,0.0,4,5,3,0,0,-2.92,3,1,0,0,6,7,0.953,1,-3.972,3,6,3,7,3,5,2,3,-1.851,2,0
3,0,7,2,0.0,7,1,-0.323,5,1,6,0.0,4.093,3,0.0,2,5,3,0,2,3.625,6,7,4,0,3,4,1.264,4,2.697,1,2,5,5,6,6,4,1,1.155,7,0
2,0,0,1,0.0,6,5,-0.909,6,1,3,0.0,-0.651,7,0.0,6,6,4,0,0,-1.221,0,7,0,0,7,2,1.153,0,-0.45,4,0,3,4,0,5,0,2,-0.773,6,0
5,4,0,4,0.0,2,0,-0.185,3,2,5,0.0,-0.58,4,0.0,6,1,3,0,7,1.167,3,3,3,0,6,0,1.186,3,0.234,1,5,3,4,1,5,1,7,-0.085,2,0
4,4,2,2,0.0,2,1,-0.538,5,7,0,0.0,-0.448,3,0.0,2,5,6,0,7,-0.719,4,2,3,0,2,5,1.133,1,-0.006,4,3,1,7,4,5,5,4,-0.363,0,0
3,0,6,6,2056.15,6,3,1.675,0,0,6,0.0,3.347,3,0.0,7,6,6,1,4,2.128,7,7,2,0,4,1,1.561,6,0.882,0,0,4,6,4,1,2,1,2.44,7,1
7,6,6,2,0.0,4,6,0.483,7,3,5,0.0,-3.927,2,0.0,4,3,7,0,0,0.412,6,6,2,0,3,2,0.926,3,1.416,1,6,7,6,6,7,7,1,0.486,4,0
6,3,2,4,0.0,3,2,-0.801,4,6,2,0.0,0.83,0,0.0,4,0,1,0,7,-0.446,7,5,2,0,6,3,0.808,5,-2.077,7,5,4,6,6,6,0,5,-0.418,3,0
1,7,2,6,0.0,4,3,0.439,0,2,4,0.0,-2.254,1,0.0,5,6,2,0,7,1.131,5,6,1,0,2,6,0.751,2,0.783,5,3,3,6,5,3,3,0,0.482,0,0
4,2,2,0,0.0,2,5,-0.19,4,0,2,0.0,-2.758,7,0.0,2,1,3,0,6,-0.616,7,0,2,0,7,5,1.285,0,-2.14,7,3,1,7,7,2,1,4,-0.191,6,0
1,6,5,7,0.0,6,2,0.206,0,1,6,0.0,-0.332,4,0.0,7,2,1,0,0,-0.161,4,1,6,0,3,7,1.037,1,0.774,4,6,4,6,5,1,2,4,0.651,6,0
6,7,1,1,0.0,7,2,0.03,7,4,2,0.0,1.139,0,0.0,4,1,3,0,0,-0.168,1,1,1,0,5,2,0.902,7,-0.726,7,7,7,4,6,0,7,4,0.425,5,0
3,6,0,5,0.0,5,4,0.686,0,7,2,0.0,-1.016,2,0.0,4,3,7,0,3,0.56,3,7,7,0,5,5,0.215,3,-0.596,0,6,0,0,4,4,3,3,0.505,6,0
5,1,2,5,0.0,4,2,-1.581,7,4,3,0.0,-2.136,3,0.0,1,6,6,0,7,-0.199,6,1,6,0,4,0,0.989,6,-2.064,1,0,0,7,3,6,7,0,-1.449,1,0
4,6,5,5,0.0,0,4,-0.675,2,5,5,0.0,-1.782,1,0.0,4,0,7,0,2,-1.586,6,6,7,0,6,7,0.734,4,-2.255,2,4,6,6,1,3,6,6,-0.4,5,0
4,3,2,3,0.0,0,1,-1.077,6,3,0,0.0,-0.873,0,0.0,0,2,5,0,3,-0.455,6,2,1,0,1,7,1.055,5,-0.909,2,7,4,5,4,3,5,1,-0.716,6,0
4,6,6,7,0.0,1,3,-0.8,3,5,6,0.0,0.056,4,0.0,6,4,4,0,4,0.446,5,1,7,0,5,2,1.14,7,-0.915,7,1,1,6,0,1,6,4,-0.034,3,0
7,5,5,2,0.0,2,6,-0.741,0,0,5,0.0,-1.286,2,0.0,6,5,7,0,5,-3.345,3,3,2,0,7,7,0.857,3,-0.211,7,6,7,1,1,0,6,2,-0.423,4,0
4,6,6,0,0.0,7,3,-0.315,5,2,0,0.0,-0.433,0,0.0,7,7,2,0,2,0.953,1,5,3,0,3,0,1.2,6,-1.977,0,6,5,6,5,6,0,1,-0.734,1,0
1,5,3,3,0.0,0,2,-1.999,3,4,2,0.0,-1.871,1,0.0,2,7,2,0,3,-2.036,0,3,0,0,5,2,0.547,1,-4.156,6,4,2,0,4,2,2,7,-2.115,5,0
0,6,0,7,1815.5,6,2,1.435,3,4,7,430.79,0.855,5,15.51,6,5,5,0,6,1.33,5,7,6,1,4,2,1.363,3,0.527,1,4,3,4,3,0,2,1,1.261,6,1
1,2,1,2,0.0,1,5,-0.604,6,6,3,0.0,0.317,6,0.0,3,5,4,0,4,-1.429,3,3,4,0,2,1,1.127,7,1.944,0,2,2,5,2,6,4,2,-0.845,6,0
3,2,6,6,0.0,0,7,0.773,0,6,1,0.0,-1.679,1,0.0,3,5,2,0,3,2.012,1,0,2,0,5,7,1.047,7,0.305,4,0,5,3,6,4,1,2,0.71,3,0
1,2,4,6,0.0,3,7,-1.477,6,0,7,0.0,-2.131,5,0.0,6,3,7,0,1,-2.003,1,4,3,0,5,0,0.818,7,-5.275,2,5,2,1,3,5,4,2,-1.604,7,0
0,1,1,0,0.0,2,0,0.519,5,2,5,0.0,-0.593,4,0.0,6,0,6,0,0,2.064,1,7,0,0,5,5,1.329,7,-0.007,0,3,4,3,7,4,0,1,0.791,2,0
6,5,7,2,0.0,1,1,-0.802,3,0,2,0.0,-2.066,5,0.0,0,6,5,0,4,-0.153,7,3,1,0,7,2,1.186,3,-1.339,3,3,6,1,4,2,2,4,-0.583,2,0
2,7,0,6,0.0,6,2,-1.466,6,2,5,0.0,-4.171,7,0.0,6,5,2,0,5,-0.923,3,0,1,0,2,5,0.754,4,-4.111,3,1,2,6,6,6,5,7,-1.86,4,0
1,1,5,6,0.0,1,6,-0.181,0,0,4,0.0,0.971,7,0.0,7,0,5,0,0,0.815,0,6,4,0,1,5,1.017,5,-1.664,3,1,3,7,6,3,2,4,-0.25,5,0
4,7,2,1,0.0,1,0,1.695,1,3,5,0.0,-0.045,6,0.0,6,5,3,0,3,1.635,0,6,3,0,2,3,0.91,5,0.093,2,0,3,0,7,7,5,3,0.543,4,0
4,7,5,1,706.05,7,6,-0.296,3,1,1,0.0,-0.996,6,0.0,2,1,2,0,4,2.605,3,0,0,1,2,3,1.27,7,3.169,0,0,6,1,3,0,7,4,0.849,5,1
6,5,2,3,0.0,6,4,-0.666,1,2,1,0.0,-2.9,6,0.0,1,2,0,0,6,-0.351,2,5,6,0,0,3,0.774,2,-2.731,4,7,5,6,3,4,4,0,-0.744,1,0
6,4,4,0,0.0,4,7,-3.001,1,4,7,0.0,-4.495,1,0.0,5,4,6,0,5,-2.619,2,2,4,0,6,2,0.727,6,-4.194,0,2,6,0,1,6,5,0,-2.077,6,0
2,5,4,4,1726.73,4,2,0.664,5,2,0,0.0,-0.073,6,17.29,4,2,4,0,7,0.405,4,3,4,1,3,6,1.145,5,1.272,2,1,5,6,3,2,0,4,0.599,4,1
2,5,2,4,0.0,3,1,0.52,3,1,3,0.0,0.181,0,0.0,5,4,2,0,2,-0.053,3,0,6,0,1,2,0.715,2,1.204,6,0,1,3,3,3,3,5,-0.068,5,0
0,7,0,4,0.0,6,4,-0.989,0,5,3,0.0,0.135,3,0.0,1,7,4,0,3,-0.437,1,2,6,0,2,5,0.976,5,-0.751,7,7,4,7,6,1,5,1,-0.675,3,0
3,6,5,2,0.0,7,4,0.143,7,2,6,0.0,1.143,6,0.0,7,4,2,0,0,-0.713,2,2,1,0,2,3,0.835,6,2.63,6,1,4,4,3,1,2,2,0.403,1,0
4,7,4,5,0.0,5,3,0.397,0,7,5,0.0,-0.307,0,0.0,3,4,2,0,1,-0.35,1,6,6,0,1,6,1.163,6,-3.179,2,2,6,4,6,4,5,0,-0.098,6,0
1,1,2,2,0.0,4,7,-0.988,7,3,3,0.0,-1.648,5,0.0,0,7,5,0,0,-0.064,7,5,7,0,6,4,0.654,0,-0.656,7,7,6,5,1,5,4,3,-1.049,2,0
3,7,7,4,0.0,2,3,-0.576,3,5,2,0.0,1.934,5,0.0,5,1,5,0,0,0.524,4,7,4,0,5,7,0.855,4,0.704,6,5,7,2,4,1,2,0,0.846,4,0
7,6,5,4,0.0,4,4,0.284,7,6,1,0.0,-0.727,7,0.0,3,0,0,0,6,-3.11,1,0,4,0,1,6,1.066,3,-0.991,1,4,3,5,7,6,5,1,0.162,1,0
2,6,0,2,0.0,3,3,0.456,1,7,0,0.0,2.126,4,0.0,3,5,2,0,0,0.555,2,0,4,0,6,1,0.956,2,-0.328,4,5,5,3,6,2,5,4,-0.732,7,0
6,7,6,0,0.0,6,2,-1.027,1,1,2,0.0,1.916,6,0.0,1,3,4,0,4,-0.273,0,6,3,0,5,1,1.466,4,2.272,4,7,6,3,3,1,1,0,-0.458,2,0
1,1,6,4,0.0,0,7,-0.689,4,2,2,0.0,-1.929,5,0.0,0,1,3,0,5,-0.92,0,6,6,0,1,1,0.681,4,-0.349,4,6,3,3,7,3,7,2,-1.117,4,0
4,1,2,2,1185.67,5,7,1.082,2,6,6,0.0,5.046,5,0.0,4,5,6,1,7,1.291,5,2,5,1,0,6,1.048,0,0.884,2,5,5,1,2,7,1,4,1.465,5,1
1,1,2,2,970.94,7,2,1.401,0,6,3,0.0,1.816,1,0.0,6,2,6,1,0,-0.006,4,5,1,0,6,3,1.419,1,2.275,6,2,4,5,3,0,0,5,1.497,4,1
6,2,5,6,0.0,2,1,0.195,3,1,6,0.0,0.11,3,0.0,4,1,0,0,7,0.645,5,0,0,0,1,2,0.719,0,-0.617,4,2,2,0,1,1,3,7,-0.111,6,0
1,6,3,6,0.0,3,1,1.144,5,6,0,0.0,-0.973,1,0.0,5,7,6,0,7,-0.777,3,7,2,0,2,3,0.658,0,0.92,0,6,2,4,2,2,7,2,0.774,3,0
4,2,3,1,0.0,7,4,-2.273,6,7,6,0.0,-7.078,4,0.0,5,0,3,0,0,-2.494,1,0,0,0,3,1,0.86,4,-3.772,7,7,3,4,4,1,1,4,-1.6,6,0
1,0,6,4,0.0,1,1,-1.521,0,0,7,0.0,-4.135,1,0.0,3,7,1,0,0,-2.288,2,6,2,0,7,2,0.934,3,-1.732,1,4,7,1,4,4,0,1,-1.799,0,0
2,7,2,4,1338.68,0,4,0.212,7,4,5,0.0,3.181,7,0.0,2,5,4,1,5,1.289,0,3,6,0,2,1,1.117,4,-2.964,4,1,2,4,7,5,5,0,0.524,1,1
5,4,4,5,0.0,4,4,-0.312,3,4,5,0.0,-0.623,1,0.0,4,3,4,0,2,-0.365,1,2,2,0,0,5,0.827,1,-1.643,7,1,3,1,7,0,7,1,-1.113,4,0
5,1,7,3,0.0,3,5,-1.246,1,1,2,0.0,-0.617,4,0.0,1,4,7,0,2,-2.922,3,3,1,0,2,1,1.4,7,-1.388,2,5,2,2,4,7,0,0,-1.595,1,0
6,7,5,0,0.0,2,6,-1.63,4,5,6,0.0,-4.744,4,0.0,5,7,6,0,3,1.057,6,7,3,0,6,3,1.038,6,0.126,0,0,2,6,7,5,3,0,-1.006,1,0
1,3,7,3,0.0,2,3,0.36,2,0,1,0.0,-1.849,5,0.0,1,3,0,0,5,0.676,3,5,3,0,0,0,1.015,7,-1.629,5,4,4,1,6,5,3,0,-0.203,2,0
1,6,2,3,1826.52,7,0,1.23,5,7,6,659.97,1.553,5,16.49,1,4,1,0,0,0.029,6,0,6,1,5,2,0.939,7,-1.618,7,5,4,3,3,3,5,0,0.748,1,1
5,7,6,2,0.0,3,1,0.025,4,3,7,0.0,0.467,5,0.0,7,4,3,0,1,-2.099,7,0,4,0,4,0,1.012,6,-0.437,3,2,6,4,3,5,4,1,0.208,7,0
5,7,1,3,0.0,3,2,0.656,2,7,7,0.0,-0.111,2,0.0,5,0,7,0,4,0.573,6,2,5,0,3,4,1.079,2,-0.38,2,3,4,7,4,3,6,5,0.182,6,0
3,4,4,7,0.0,5,1,-0.735,0,5,4,0.0,-1.714,3,0.0,1,2,5,0,5,-0.061,5,1,6,0,5,0,1.072,4,-1.645,7,7,5,4,2,0,1,1,-0.387,6,0
7,5,0,4,0.0,4,1,1.768,4,6,7,0.0,1.247,0,21.3,0,7,2,1,0,1.484,3,1,4,1,4,3,1.283,7,-0.001,2,5,6,6,4,7,1,3,1.621,0,1
7,6,0,2,463.28,7,0,1.579,1,4,6,0.0,0.97,7,0.0,4,7,4,1,7,0.972,7,3,4,0,4,0,1.24,0,2.615,7,6,2,7,1,3,6,2,0.881,5,1
6,4,7,1,0.0,2,1,-1.2,3,1,5,0.0,-0.216,5,0.0,1,3,4,0,3,0.782,0,1,3,0,6,2,0.729,0,-1.202,5,7,1,1,3,6,4,5,-1.068,3,0
7,6,4,1,0.0,3,2,0.07,5,6,2,0.0,-2.926,4,0.0,6,1,5,0,7,-1.82,6,6,1,0,6,1,1.003,7,-2.056,6,1,0,7,2,6,2,3,-0.609,6,0
5,4,4,7,1664.36,0,3,1.779,3,2,0,0.0,-2.032,2,10.94,6,2,6,1,6,0.893,7,7,0,1,5,1,1.445,1,4.613,2,0,6,7,4,5,7,0,1.941,0,1
4,0,6,2,0.0,0,3,0.263,7,0,3,0.0,-1.705,6,0.0,2,3,3,0,0,-1.034,3,2,2,0,4,2,1.23,4,-0.826,6,1,4,0,2,3,2,1,-0.475,1,0
1,5,6,1,0.0,5,1,0.764,0,3,0,0.0,-1.243,4,0.0,4,1,3,0,3,-1.214,7,0,5,0,7,0,0.915,5,2.28,6,6,2,3,0,0,5,1,-0.014,6,0
4,3,4,6,0.0,7,2,0.999,7,2,6,0.0,2.388,5,0.0,4,1,2,0,2,0.384,3,3,6,0,6,5,1.504,0,1.273,1,0,2,6,7,1,2,3,0.876,0,0
2,4,4,5,0.0,1,0,1.646,2,2,5,0.0,3.216,0,0.0,4,0,1,0,2,-0.167,5,6,6,0,2,4,1.352,6,-0.972,4,2,7,1,1,7,2,7,0.937,0,0
5,5,5,3,0.0,0,1,-0.271,4,2,4,0.0,-1.914,4,0.0,4,0,3,0,5,-1.857,2,6,0,0,5,1,1.08,3,0.228,1,3,3,2,7,0,3,0,0.211,3,0
1,1,2,1,0.0,5,1,0.567,1,3,4,0.0,2.37,5,0.0,4,1,5,0,6,-0.684,2,2,5,0,3,0,1.487,5,0.091,2,1,0,1,2,3,2,2,-0.205,5,0
2,5,3,2,0.0,5,6,-1.155,6,1,4,0.0,-1.108,5,0.0,4,5,3,0,3,1.298,7,0,3,0,1,4,0.643,0,1.32,2,2,7,6,4,7,6,3,-1.284,1,0
1,0,4,4,0.0,4,5,-0.749,7,6,4,0.0,-2.941,0,0.0,7,0,4,0,7,0.195,6,2,1,0,3,1,0.94,6,0.063,6,6,0,3,4,5,0,1,-0.182,2,0
0,3,7,7,89.39,2,2,1.09,3,0,6,0.0,2.04,3,0.0,2,1,6,1,6,1.163,4,3,5,0,5,4,1.276,1,1.616,4,6,2,0,6,2,1,5,0.705,6,1
4,0,5,3,0.0,6,7,-1.049,1,3,6,0.0,-0.438,7,0.0,1,6,5,0,1,-0.618,3,1,1,0,7,0,1.318,4,-3.297,7,7,1,4,1,2,1,6,-0.465,6,0
6,0,0,2,0.0,4,0,0.207,4,0,4,0.0,1.473,7,0.0,6,4,0,0,0,1.244,4,1,5,0,3,6,0.987,4,1.13,7,7,0,0,5,7,2,1,0.293,2,0
3,1,5,1,0.0,7,0,-0.702,4,2,0,0.0,-2.184,6,0.0,5,1,6,0,4,-0.787,0,7,4,0,5,1,1.305,1,-2.658,5,4,1,4,1,5,4,2,-2.175,3,0
3,4,0,7,0.0,1,5,1.196,2,4,4,0.0,2.742,5,0.0,3,5,6,0,3,-0.412,6,2,7,0,4,1,1.175,3,0.742,7,1,2,4,5,7,0,6,0.458,3,0
4,7,3,1,0.0,1,6,-0.999,4,2,4,0.0,-0.686,4,0.0,4,2,5,0,7,-1.14,7,7,7,0,7,4,1.341,3,0.346,2,1,6,4,5,6,3,6,-0.416,1,0
4,4,3,4,0.0,0,4,-0.532,3,0,3,0.0,1.007,6,0.0,0,0,6,0,2,0.018,6,3,5,0,5,2,0.833,3,-2.061,7,3,1,7,3,7,4,1,0.012,2,0
7,2,6,6,0.0,0,1,-0.317,0,3,3,0.0,-0.589,0,0.0,3,7,3,0,5,-0.889,7,0,7,0,3,3,0.858,2,-2.884,7,3,4,0,1,7,1,0,-0.385,2,0
2,2,1,4,322.74,4,0,0.697,6,6,3,0.0,0.197,6,0.0,4,0,1,0,7,0.674,2,1,0,1,4,2,0.953,7,0.007,1,4,1,2,4,0,0,3,1.167,0,1
0,1,7,1,929.76,7,3,1.846,0,1,5,0.0,-1.14,4,0.0,1,4,0,1,2,3.435,3,2,1,1,7,1,1.166,6,-1.172,4,1,3,1,2,6,1,5,1.297,0,1
0,0,7,2,0.0,2,7,0.163,7,0,0,0.0,-0.03,4,0.0,2,2,5,0,3,-1.846,3,2,4,0,7,2,1.213,7,0.772,0,5,0,7,6,5,2,0,0.253,0,0
0,1,0,7,0.0,5,5,-1.89,6,2,4,0.0,-4.084,3,0.0,7,5,2,0,7,-2.259,1,1,6,0,3,5,0.995,0,-0.211,7,7,0,6,5,5,3,0,-1.984,5,0
2,1,0,2,0.0,6,5,0.333,7,6,7,0.0,-0.509,1,0.0,7,5,1,0,3,-0.882,5,6,2,0,1,2,0.967,2,-0.364,3,7,2,6,7,3,3,7,-0.294,6,0
4,6,3,7,0.0,7,1,0.591,0,2,0,0.0,0.384,2,0.0,3,4,7,0,3,1.374,7,5,6,0,2,0,1.378,3,1.984,3,0,4,6,2,0,2,1,1.303,0,0
0,6,2,3,0.0,3,6,-2.173,2,0,3,0.0,-2.558,6,0.0,0,7,7,0,5,-1.105,6,7,0,0,6,5,0.657,2,-0.306,4,2,2,7,6,1,6,5,-1.613,4,0
1,5,2,1,0.0,0,6,-1.764,3,3,6,0.0,-2.387,2,0.0,6,4,0,0,7,0.208,2,1,4,0,1,5,1.42,5,-2.831,2,1,5,1,1,0,3,3,-2.024,5,0
6,0,7,0,0.0,0,2,-1.434,6,0,3,0.0,1.14,0,0.0,6,1,3,0,5,1.219,5,1,1,0,6,2,0.544,6,-1.789,6,6,5,1,0,4,6,1,-0.391,2,0
7,2,6,2,0.0,3,0,1.235,2,1,6,0.0,-1.224,4,0.0,7,0,3,0,3,0.231,7,5,5,0,3,3,0.967,7,-0.247,5,5,4,3,1,2,6,1,0.965,4,0
6,6,2,4,0.0,7,4,0.156,7,7,0,0.0,3.826,5,0.0,3,6,5,0,7,1.204,5,3,0,0,2,2,1.056,7,1.566,6,0,1,6,3,2,6,6,0.325,2,0
2,0,0,4,0.0,0,7,-0.544,2,3,3,0.0,3.674,5,0.0,7,6,5,0,3,0.305,6,7,3,0,1,3,1.04,6,2.339,7,3,7,7,3,3,1,1,0.569,2,0
2,5,7,4,0.0,5,2,-0.033,6,4,5,0.0,-4.216,5,0.0,2,0,4,0,6,1.633,3,5,2,0,6,7,1.318,0,2.063,2,7,7,6,3,4,7,2,0.046,2,0
2,2,5,2,0.0,7,2,0.275,2,3,3,0.0,-0.969,7,0.0,5,4,5,0,3,0.571,7,6,4,0,5,3,1.071,4,2.53,2,1,1,3,2,5,3,4,-0.138,7,0
3,5,5,4,0.0,0,2,-0.285,7,1,1,0.0,-1.69,4,0.0,6,1,0,0,5,-2.562,4,7,2,0,3,0,0.984,6,3.237,0,4,6,3,3,2,3,5,-0.362,0,0
5,7,0,1,698.93,6,5,0.755,0,4,2,0.0,3.939,7,11.79,3,0,1,0,7,2.404,3,1,7,1,0,3,0.918,2,0.923,1,4,4,2,4,2,3,1,1.008,1,1
4,4,4,2,0.0,2,0,0.032,4,5,5,0.0,0.988,6,0.0,3,1,0,0,3,0.815,1,1,5,0,5,3,0.948,3,-1.143,1,4,7,7,7,2,1,7,-0.099,5,0
3,1,5,2,0.0,4,0,1.215,5,5,2,0.0,3.351,3,0.0,6,7,0,0,6,1.557,0,7,7,0,0,2,0.647,7,1.761,4,6,4,4,7,5,7,7,0.802,1,0
5,3,6,5,1721.99,4,0,0.606,4,2,1,0.0,1.917,2,0.0,4,1,6,0,7,-0.654,4,6,6,1,2,6,1.183,5,-0.337,4,6,6,0,4,1,2,2,0.376,6,1
4,5,7,6,0.0,0,4,-0.032,3,6,6,0.0,2.978,1,0.0,2,3,3,0,1,-0.432,1,5,6,0,2,6,1.07,2,0.322,4,6,1,6,6,3,6,1,0.028,1,0
2,3,0,4,0.0,3,1,-0.133,0,3,7,0.0,2.322,1,0.0,2,4,3,0,4,-0.857,4,3,7,0,2,2,0.92,3,-1.432,2,5,3,0,4,0,7,1,-0.512,1,0
6,5,7,4,0.0,2,4,-0.155,1,6,5,0.0,-1.119,3,0.0,3,7,3,0,2,-1.506,7,7,2,0,0,2,1.257,5,-2.129,4,3,5,5,3,7,7,6,-0.775,0,0
3,0,7,0,1947.62,5,0,0.968,6,2,3,0.0,2.471,5,0.0,7,3,6,0,1,2.953,2,5,7,1,0,4,1.263,7,3.381,6,1,6,7,5,6,4,0,1.488,6,1
0,5,6,1,0.0,2,5,-2.337,6,0,6,0.0,-4.33,1,0.0,1,7,4,0,4,-1.156,5,4,6,0,6,1,0.699,0,-2.028,4,7,3,1,4,4,7,5,-1.35,5,0
5,0,7,0,58.32,0,5,0.101,4,1,4,0.0,-0.05,6,6.84,5,0,6,1,3,1.357,1,4,6,0,3,2,1.094,6,-0.089,7,7,6,3,7,5,0,6,0.312,0,1
1,4,1,1,0.0,3,1,0.257,7,3,5,0.0,-0.516,2,0.0,7,1,2,0,3,1.274,1,3,7,0,4,7,1.35,0,5.23,2,1,0,1,2,0,1,2,0.322,1,0
5,0,6,1,0.0,3,7,-0.694,6,4,1,0.0,1.552,7,0.0,2,1,6,0,1,-0.459,1,2,6,0,6,0,1.086,1,-0.215,2,6,1,0,6,7,4,1,-0.32,7,0
2,1,4,7,0.0,0,0,1.094,7,4,3,0.0,-0.443,2,0.0,6,1,6,0,0,0.612,6,5,3,0,7,7,0.863,7,5.05,0,7,7,1,6,2,1,2,1.061,5,0
0,0,7,1,0.0,6,4,-0.145,1,3,6,0.0,-0.04,3,0.0,5,4,6,0,4,0.55,6,4,0,0,7,0,1.161,6,0.434,5,3,7,1,3,3,6,0,-0.088,3,0
2,7,3,2,0.0,1,3,1.59,6,3,0,0.0,1.021,6,0.0,6,1,0,0,3,0.323,5,0,4,0,1,2,0.808,6,-1.489,1,0,4,0,7,5,2,7,0.738,4,0
3,3,2,2,0.0,6,5,-1.095,6,5,2,0.0,0.35,1,0.0,6,2,5,0,6,-1.467,1,7,6,0,3,0,1.013,7,-0.041,3,6,0,4,3,0,6,3,-1.633,3,0
2,1,2,4,0.0,1,1,-0.653,1,6,5,0.0,-1.797,7,0.0,0,4,5,0,1,-1.237,0,0,5,0,3,7,0.916,3,0.409,3,3,0,6,3,7,2,4,-0.086,5,0
4,7,3,1,0.0,3,7,-0.546,6,3,4,0.0,1.992,4,0.0,6,3,4,0,0,0.916,5,0,7,0,3,1,1.004,7,-0.706,0,2,4,6,4,5,1,5,-0.997,0,0
4,4,3,0,0.0,1,3,-0.736,0,2,3,0.0,-4.074,0,0.0,6,5,0,0,5,0.415,6,4,7,0,3,1,0.671,6,2.22,2,7,1,3,3,1,3,1,-0.407,0,0
1,0,2,1,992.13,7,1,1.37,0,4,4,0.0,0.766,3,0.0,7,5,0,1,4,2.824,4,0,6,1,2,0,1.503,3,2.661,2,0,2,5,3,2,1,6,1.787,7,1
4,6,4,1,728.72,6,7,0.929,5,0,6,0.0,-0.557,7,13.72,5,6,2,1,7,2.163,7,6,4,1,7,3,0.699,3,-0.514,0,5,7,2,5,0,2,7,0.866,3,1
6,2,7,7,0.0,5,4,-3.019,1,3,5,0.0,-7.631,5,0.0,4,4,3,0,5,-3.085,3,6,4,0,7,7,1.26,0,2.013,2,2,1,2,6,4,5,0,-2.499,7,0
2,3,3,5,0.0,3,7,0.156,3,4,5,0.0,-2.147,5,0.0,6,6,4,0,7,-0.801,3,5,4,0,6,7,0.994,3,1.5,1,2,6,0,3,0,4,6,-0.051,1,0
0,3,2,7,0.0,2,4,0.257,3,7,2,0.0,0.201,2,0.0,1,5,7,0,2,1.375,6,4,4,0,4,2,0.697,3,0.39,0,0,0,6,1,4,4,7,0.578,6,0
7,3,2,4,0.0,4,2,-0.313,0,0,7,0.0,-1.484,1,0.0,2,2,6,0,5,0.496,1,0,0,0,4,4,0.926,7,1.065,7,2,1,0,1,0,0,2,0.243,6,0
5,5,3,6,0.0,3,3,-0.303,2,6,1,0.0,-1.019,3,0.0,6,3,3,0,0,-0.085,1,7,2,0,7,5,0.943,2,-0.267,2,7,0,7,5,7,1,3,-0.015,6,0
6,3,1,2,644.77,5,2,1.029,3,3,0,345.55,3.031,6,0.0,6,0,2,0,4,0.234,0,6,6,1,3,1,1.657,1,3.038,2,4,2,3,0,0,1,0,0.922,4,1
4,1,2,7,0.0,5,3,-1.273,3,4,1,0.0,0.962,1,0.0,4,2,2,0,4,-1.853,1,1,5,0,4,1,0.798,2,0.506,3,6,3,6,1,3,3,2,-0.875,6,0
4,4,1,2,0.0,1,6,0.855,4,1,7,0.0,1.282,1,0.0,4,5,4,0,0,1.249,7,5,6,0,4,6,0.875,5,1.424,1,0,4,7,3,5,2,3,1.283,0,0
1,6,1,1,0.0,1,4,1.034,7,2,0,0.0,0.802,7,0.0,7,2,5,0,2,0.936,4,4,0,0,0,7,0.592,0,2.808,3,3,6,1,6,0,3,2,0.132,5,0
4,0,7,3,0.0,4,3,0.636,6,5,2,0.0,-0.767,3,0.0,6,0,0,0,3,1.101,3,1,7,0,2,2,0.833,7,0.514,1,5,2,1,4,7,4,1,1.176,0,0
5,7,6,6,0.0,5,0,-0.368,4,0,6,0.0,-0.676,1,0.0,3,3,1,0,0,-0.306,7,0,7,0,4,2,1.203,3,1.529,5,1,1,0,4,0,6,4,-0.276,1,0
1,3,5,3,1328.83,4,6,0.809,2,5,7,0.0,-0.537,5,0.0,1,4,7,1,2,-0.377,3,2,2,0,0,3,1.318,4,-0.601,4,7,2,5,0,0,5,4,0.923,0,1
0,5,1,0,875.02,3,5,1.799,4,0,3,0.0,1.87,1,0.0,0,5,3,1,5,0.716,2,0,7,1,4,1,1.253,6,0.046,7,2,6,0,7,1,0,7,1.511,7,1
5,4,0,4,0.0,5,2,0.266,7,6,1,0.0,-1.943,3,0.0,4,7,6,0,0,1.228,5,5,2,0,1,4,0.839,3,2.419,0,0,1,3,7,5,2,0,0.288,2,0
7,2,2,1,0.0,2,5,0.469,0,4,5,0.0,1.023,3,0.0,7,4,4,0,1,0.527,1,1,4,0,6,4,1.095,3,-3.334,7,1,3,5,2,0,4,1,0.037,4,0
5,7,3,7,126.36,0,1,1.358,7,2,4,0.0,2.683,2,11.03,2,2,5,1,0,0.374,0,1,7,1,0,0,1.438,1,0.97,7,3,2,7,4,3,5,1,0.94,3,1
5,2,7,0,0.0,1,4,0.488,0,3,2,0.0,-0.686,0,0.0,3,1,6,0,1,0.198,7,7,0,0,4,6,1.173,0,0.256,7,5,5,7,2,5,2,0,0.418,5,0
4,1,2,7,0.0,2,1,0.15,1,6,2,0.0,0.546,2,0.0,7,6,5,0,1,0.033,4,2,2,0,3,4,0.843,0,-0.226,4,6,4,3,4,5,0,5,0.431,1,0
6,0,0,4,0.0,4,2,-1.121,0,3,3,0.0,1.216,2,0.0,5,5,6,0,2,-0.287,6,4,7,0,5,3,0.663,3,0.839,6,2,0,5,6,1,1,7,0.061,3,0
6,4,3,6,0.0,1,3,0.359,5,6,6,0.0,1.026,1,0.0,0,7,4,0,3,-0.555,6,7,4,0,0,1,1.182,6,-1.147,5,6,3,3,2,0,7,4,-0.365,2,0
5,7,0,2,0.0,7,2,-0.163,6,6,3,0.0,0.389,5,0.0,7,6,1,0,1,0.87,6,7,2,0,1,3,0.797,4,0.436,0,7,4,6,3,4,0,5,0.707,7,0
5,0,6,2,0.0,7,0,0.091,2,5,7,0.0,-1.117,5,0.0,3,5,2,0,2,0.405,7,7,3,0,7,2,1.304,4,-0.485,4,6,7,0,5,0,4,5,-0.176,3,0
4,7,6,1,0.0,4,4,0.628,6,2,5,0.0,-1.6,0,0.0,7,6,0,0,5,-1.847,3,7,5,0,6,4,0.907,6,1.481,6,6,7,6,0,5,0,3,0.222,4,0
1,7,7,2,0.0,5,2,0.361,1,4,5,0.0,-0.131,3,0.0,1,1,4,0,4,-0.362,0,3,5,0,5,3,0.854,3,-1.169,2,5,0,3,5,6,1,5,-0.083,4,0
2,7,2,6,1214.3,1,3,0.708,7,4,5,583.23,0.023,3,19.51,5,2,1,1,7,1.305,1,0,4,1,1,0,0.988,4,3.433,3,0,4,1,2,6,1,0,1.288,2,1
4,3,5,0,0.0,2,5,1.159,5,2,2,0.0,1.412,1,0.0,2,6,0,0,1,1.499,4,3,1,0,2,2,0.877,4,2.57,3,3,3,1,2,0,1,3,0.676,0,0
4,5,5,6,0.0,3,1,0.628,0,7,7,0.0,-1.209,6,0.0,3,5,5,0,7,-1.236,2,3,4,0,0,7,0.871,1,1.161,3,3,3,3,6,3,0,2,0.966,3,0
6,2,1,5,0.0,5,0,0.113,3,6,4,0.0,0.516,7,0.0,5,7,6,0,6,-0.994,2,5,7,0,1,0,1.007,5,-0.781,7,2,0,4,3,3,5,3,-0.115,0,0
7,2,2,1,0.0,4,2,1.129,5,4,2,0.0,1.416,1,0.0,6,1,4,0,7,-1.306,7,3,7,0,5,4,1.137,0,-1.465,2,4,2,3,3,0,7,4,0.77,4,0
6,0,5,1,0.0,7,1,-0.205,6,3,3,0.0,-0.922,2,0.0,3,1,1,0,0,0.564,0,3,6,0,2,7,1.088,2,2.317,4,5,5,4,3,7,4,3,0.683,1,0
1,1,0,7,0.0,5,2,-0.591,6,2,0,0.0,0.513,0,0.0,0,4,0,0,4,1.112,0,1,6,0,7,4,1.181,2,-1.253,4,3,5,4,3,5,5,7,-0.272,4,0
6,6,4,6,1666.86,3,3,-0.279,2,7,1,0.0,2.788,0,0.0,1,2,0,1,6,1.012,7,2,1,1,0,4,1.154,7,0.18,7,4,7,5,1,4,1,3,1.422,1,1
1,5,5,3,0.0,0,2,-0.812,1,3,0,0.0,2.331,1,0.0,7,1,6,0,2,0.14,6,6,1,0,4,2,1.173,2,1.954,7,0,1,4,2,6,5,5,-0.819,0,0
5,0,5,1,2031.78,6,3,3.077,4,6,1,0.0,4.854,1,0.0,2,3,4,1,3,3.338,4,5,6,1,1,0,1.18,1,3.794,6,7,2,0,5,7,3,4,3.321,0,1
2,1,0,2,0.0,5,7,0.355,2,4,0,0.0,0.559,7,0.0,5,5,1,0,4,1.546,7,6,0,0,1,3,1.17,7,-0.904,5,5,5,1,7,0,4,7,0.3,1,0
6,7,7,6,0.0,2,0,-1.392,2,2,7,0.0,-0.626,7,0.0,2,6,7,0,2,-0.123,3,1,4,0,4,3,0.779,5,-2.258,5,7,3,1,5,1,6,4,-1.741,4,0
7,2,4,0,0.0,1,0,0.943,4,6,6,0.0,-4.699,6,0.0,0,3,7,0,0,3.039,3,4,4,0,0,4,1.018,6,-0.557,5,1,0,4,5,1,6,2,0.272,5,0
1,3,1,6,1703.01,7,7,0.977,7,6,7,0.0,1.187,7,0.0,5,6,0,0,5,0.792,4,7,7,1,6,1,1.139,1,1.184,2,7,2,4,5,4,1,5,0.88,2,1
5,7,2,3,0.0,7,5,-0.977,7,5,4,0.0,-1.014,4,0.0,7,7,7,0,6,-0.122,3,5,0,0,1,6,1.027,7,-2.67,2,2,6,3,1,5,6,1,-0.933,1,0
4,4,6,4,0.0,6,1,0.206,2,0,5,0.0,-0.459,5,0.0,5,7,4,0,5,2.362,4,6,5,0,5,5,1.159,1,0.362,4,6,5,3,1,6,4,6,0.059,4,0
0,1,4,7,0.0,5,0,-0.559,6,0,5,0.0,-0.122,6,0.0,6,2,5,0,7,-1.463,3,7,2,0,5,1,1.115,0,0.422,0,1,2,3,6,2,2,0,0.077,0,0
5,5,1,7,0.0,2,4,0.367,2,5,4,0.0,1.046,4,0.0,0,4,6,0,6,1.287,4,6,0,1,4,3,1.328,1,0.608,1,7,1,4,7,4,2,1,1.111,3,1
3,3,3,5,0.0,4,7,0.483,3,2,4,0.0,-0.939,7,0.0,7,3,2,0,6,-1.964,3,1,7,0,6,0,1.122,2,1.763,6,2,7,7,0,7,7,7,-0.413,1,0
0,2,2,1,1058.48,0,0,0.881,6,2,6,0.0,0.371,5,16.25,5,2,0,0,7,2.286,6,2,0,1,2,6,1.481,1,1.165,0,7,4,5,4,7,1,6,0.976,0,1
5,4,7,0,0.0,6,4,-0.886,7,6,7,0.0,-2.73,0,0.0,2,3,0,0,5,-0.121,2,3,4,0,0,2,1.152,3,2.008,4,2,0,5,4,1,2,5,-0.925,3,0
4,3,5,6,1483.41,0,3,2.403,0,0,1,0.0,1.412,3,0.0,3,6,2,1,4,1.77,1,6,3,0,2,4,1.312,2,2.62,0,1,0,3,1,6,0,2,0.741,5,1
4,3,3,2,0.0,7,7,-1.735,1,1,6,0.0,3.781,0,0.0,0,1,0,0,3,-1.204,6,2,2,0,2,1,1.038,2,-3.375,7,6,6,5,3,7,1,1,-0.553,5,0
1,3,7,3,0.0,0,3,0.045,4,6,6,0.0,1.971,4,0.0,3,1,6,0,7,0.656,4,3,7,0,7,0,0.792,4,1.297,6,2,5,7,6,3,7,0,0.26,6,0
1,0,1,7,0.0,6,1,-1.355,0,4,3,0.0,-3.668,6,0.0,3,6,5,0,5,-0.306,2,7,4,0,4,3,1.353,3,0.079,7,4,5,1,7,2,2,5,-1.341,0,0
7,1,0,5,0.0,1,1,-1.053,5,6,1,0.0,2.448,1,0.0,1,4,0,0,6,1.38,1,1,7,0,7,6,1.15,3,-3.958,7,5,3,7,4,4,0,6,-0.345,3,0
1,5,6,4,84.91,0,6,0.711,7,0,3,0.0,1.438,3,22.26,6,4,7,1,3,1.191,1,1,0,1,4,4,0.965,5,0.35,5,0,6,4,4,2,3,6,0.539,7,1
3,4,5,6,0.0,5,0,-1.449,7,1,4,0.0,2.059,3,0.0,0,3,2,0,3,-0.911,3,2,5,0,4,2,1.119,6,0.792,0,7,7,3,2,1,4,6,-1.341,5,0
2,0,6,0,0.0,4,0,1.567,5,4,1,0.0,-1.692,3,0.0,1,4,5,0,4,2.63,4,1,3,0,5,4,0.98,7,1.492,5,4,5,7,6,3,7,7,1.281,0,0
5,5,7,5,0.0,6,7,-1.362,6,3,4,0.0,1.232,7,0.0,4,5,0,0,4,-2.095,0,3,2,0,1,0,0.852,3,-1.6,3,6,5,0,2,0,3,5,-0.825,7,0
6,3,7,1,0.0,7,5,0.481,7,5,3,0.0,1.312,3,23.58,6,5,4,1,0,-0.311,0,2,4,1,0,6,1.203,1,0.536,1,0,2,7,1,5,0,0,1.14,1,1
6,4,5,5,0.0,5,6,-0.72,2,0,1,0.0,-2.326,5,0.0,6,1,3,0,5,-1.567,6,0,0,0,5,4,1.134,7,-0.948,3,7,3,7,1,7,4,5,-1.314,5,0
3,4,6,6,0.0,5,1,-2.347,3,1,7,0.0,-0.66,3,0.0,0,6,3,0,3,-1.501,6,1,6,0,5,6,0.894,4,-1.58,4,1,0,5,1,3,0,0,-2.271,6,0
3,5,2,1,0.0,0,3,-0.895,0,0,2,0.0,-1.305,7,0.0,7,0,3,0,0,-1.271,7,1,6,0,4,6,0.896,5,-2.355,6,2,2,5,5,4,6,3,-0.817,0,0
6,6,4,6,0.0,7,1,0.065,1,6,6,0.0,1.536,0,0.0,3,6,0,0,3,-1.121,6,3,1,0,7,1,1.383,7,-2.056,5,3,7,1,7,6,7,2,-0.134,6,0
6,7,4,0,0.0,1,7,-0.404,5,5,5,0.0,-1.213,1,0.0,7,5,2,0,1,-1.052,0,7,7,0,5,3,1.102,3,2.409,4,5,2,6,3,3,3,2,0.0,1,0
0,7,3,2,0.0,6,4,-0.236,4,0,0,0.0,0.719,1,0.0,2,6,7,0,2,-0.378,6,2,7,0,1,2,0.816,2,-0.075,0,7,0,5,2,6,6,0,0.143,4,0
2,0,7,3,0.0,1,0,-0.123,0,1,6,0.0,0.243,4,0.0,6,0,2,0,7,2.834,0,2,5,0,3,1,0.973,4,-1.104,3,4,0,2,1,6,3,1,0.182,3,0
1,0,7,2,0.0,6,0,-0.018,0,2,7,0.0,-2.723,1,0.0,7,0,0,0,1,0.996,5,3,1,0,3,6,1.014,3,-0.457,4,3,1,4,0,2,7,3,0.733,5,0
7,4,6,0,0.0,0,1,-2.177,2,1,3,0.0,-1.37,0,0.0,2,3,7,0,0,-1.137,4,0,3,0,1,5,1.058,2,0.166,6,2,7,0,0,4,3,7,-1.016,2,0
6,6,0,3,0.0,3,1,-1.412,3,3,0,0.0,-3.792,4,0.0,5,1,2,0,6,-3.458,0,3,1,0,2,4,0.618,7,-3.021,5,7,7,3,5,1,7,7,-2.203,7,0
2,3,6,5,0.0,6,3,1.846,5,5,2,0.0,2.682,3,0.0,3,1,2,0,3,0.563,0,5,1,0,2,0,0.984,0,-1.673,0,6,5,1,7,6,2,1,1.45,1,0
3,7,7,0,0.0,7,5,-0.235,0,0,6,0.0,0.356,7,0.0,4,2,0,0,1,-2.148,2,1,3,0,2,7,1.316,6,-1.582,4,7,1,3,3,7,3,7,-0.029,3,0
7,3,5,7,1699.11,4,1,-0.219,6,3,1,0.0,1.083,1,0.0,0,3,6,0,5,1.844,5,4,6,1,4,7,1.086,1,0.977,6,4,0,2,7,6,2,6,0.001,1,1
3,2,3,0,0.0,6,0,-0.177,0,7,2,0.0,-2.838,0,0.0,2,1,1,0,3,-1.878,6,3,5,0,4,4,1.015,7,0.064,3,3,0,3,0,4,0,4,-0.446,5,0
2,6,3,4,923.23,4,2,1.289,6,0,0,0.0,2.891,2,0.0,2,5,4,0,3,0.494,0,7,0,1,2,7,1.195,0,3.085,1,1,5,7,1,2,2,2,1.46,6,1
3,7,6,2,0.0,6,1,0.934,5,1,6,0.0,2.157,5,0.0,5,1,4,1,3,3.979,7,4,2,1,6,1,1.46,6,1.001,2,5,5,4,0,7,5,6,1.457,7,1
3,2,5,7,0.0,2,6,0.124,2,0,6,0.0,-0.122,3,0.0,0,7,4,0,7,0.261,1,5,0,0,3,5,0.845,3,0.975,6,5,0,5,4,3,3,5,-0.052,0,0
7,6,0,6,0.0,5,5,0.071,3,4,6,0.0,-2.813,7,0.0,5,6,7,0,6,0.193,2,5,1,0,6,6,0.773,0,2.16,6,0,4,7,0,0,7,1,0.287,5,0
7,6,5,7,0.0,0,2,1.357,4,3,2,0.0,2.235,7,0.0,5,1,4,0,6,0.242,3,5,4,0,2,4,1.582,0,0.338,7,6,6,2,4,5,3,2,-0.144,3,0
2,7,2,2,0.0,7,0,-2.32,3,1,5,0.0,-6.624,6,0.0,2,2,1,0,1,-1.878,0,6,1,0,4,2,0.807,5,1.745,4,4,2,0,0,4,6,0,-1.705,2,0
5,1,2,4,0.0,0,6,0.748,7,1,5,0.0,1.313,1,0.0,5,7,5,0,1,1.247,1,1,5,0,4,7,0.763,6,1.081,1,3,5,5,3,6,3,3,0.478,2,0
2,7,4,7,902.6,7,7,1.607,7,4,5,0.0,3.291,5,0.0,0,7,7,0,6,0.92,3,4,3,1,5,2,1.302,0,2.124,4,3,7,2,6,0,1,4,1.592,1,1
7,4,5,0,1085.69,2,5,0.715,1,4,5,0.0,3.903,1,0.0,3,6,2,0,0,0.359,2,3,1,1,4,5,0.804,1,0.95,5,5,2,1,4,7,1,2,0.336,2,1
1,5,5,1,0.0,1,1,-2.33,6,1,1,0.0,-4.23,7,0.0,0,0,6,0,0,-1.685,7,5,2,0,4,5,1.381,3,-1.295,2,3,6,6,0,2,3,2,-1.699,4,0
0,0,6,5,0.0,2,2,-0.425,3,1,5,0.0,2.722,6,0.0,3,4,4,0,3,-0.979,1,6,4,0,3,6,0.906,5,-2.452,3,3,6,0,3,4,5,3,-0.087,0,0
7,2,5,7,0.0,7,0,-0.651,3,5,6,0.0,-1.551,4,0.0,1,1,6,0,4,0.393,4,0,3,0,5,2,1.069,6,0.632,3,6,2,1,7,2,6,0,-0.797,1,0
4,4,4,6,0.0,6,7,-0.744,6,3,0,0.0,-1.584,7,0.0,2,7,4,0,6,-1.988,2,2,2,0,3,0,0.926,0,-4.685,1,2,0,1,6,3,1,4,-1.648,6,0
6,5,5,5,293.38,0,4,1.025,4,1,4,0.0,0.573,1,11.69,4,0,3,0,4,2.529,7,5,4,1,1,6,1.239,0,0.207,4,5,7,5,1,5,7,0,0.855,0,1
6,4,7,6,0.0,2,0,1.088,4,0,1,0.0,2.116,3,0.0,6,2,2,0,7,0.466,4,0,7,0,4,0,0.93,6,2.058,5,4,3,4,0,1,3,0,0.576,4,0
4,3,7,4,0.0,7,3,0.056,1,7,0,0.0,-0.618,6,11.27,7,4,6,0,7,1.093,7,3,1,1,4,3,1.391,6,3.989,1,5,1,7,1,3,6,2,0.474,6,1
2,2,0,3,2031.3,5,0,0.507,7,1,1,0.0,-1.024,4,0.0,5,6,5,0,7,1.248,5,2,0,1,1,6,1.11,2,0.409,6,2,0,4,6,4,2,6,0.699,6,1
4,6,1,7,0.0,5,7,0.606,2,3,7,0.0,-2.275,1,0.0,1,3,2,0,3,-0.359,7,5,0,0,1,1,0.593,1,-1.804,4,7,4,1,7,3,4,6,0.207,4,0
7,5,2,3,0.0,0,5,-0.79,7,3,3,0.0,-1.008,0,0.0,6,2,0,0,3,0.45,4,0,4,0,2,2,0.795,5,-0.125,5,6,2,7,4,7,5,0,0.158,4,0
0,7,6,3,0.0,5,7,0.347,7,7,6,0.0,-1.433,0,0.0,0,2,7,0,3,-1.0,3,4,2,0,4,7,1.007,7,-2.001,6,0,2,2,0,6,5,5,-0.634,0,0
4,2,7,6,871.56,6,1,1.376,4,1,1,0.0,-1.799,7,4.33,3,5,6,0,2,0.272,0,0,7,1,2,2,1.551,7,-0.837,4,1,4,3,0,5,5,5,1.607,3,1
4,1,5,5,0.0,3,4,-1.363,0,5,1,0.0,-1.574,4,0.0,7,3,1,0,5,-0.744,1,0,6,0,6,0,0.86,6,-1.816,4,4,0,0,6,5,6,4,-0.806,1,0
6,5,3,1,0.0,3,6,-3.11,1,7,4,0.0,-3.622,6,0.0,3,3,6,0,6,-3.948,1,4,0,0,5,5,1.026,5,-1.496,4,3,7,0,7,6,1,1,-2.554,4,0
6,5,1,3,0.0,5,5,0.951,6,1,0,0.0,2.703,1,0.0,6,6,2,0,7,0.668,2,4,1,0,1,0,0.85,5,2.834,3,7,5,7,2,4,7,4,0.367,1,0
1,1,4,5,0.0,7,6,0.044,4,3,7,0.0,0.778,7,0.0,7,3,7,0,3,1.601,0,1,6,1,6,4,1.239,3,0.472,6,7,0,6,0,1,7,3,1.864,4,1
1,2,6,6,942.78,5,1,0.554,4,7,5,0.0,2.146,1,0.0,7,0,4,0,2,1.847,7,5,6,1,4,4,1.203,3,-0.239,0,5,6,2,2,4,4,1,0.571,6,1
0,6,4,6,0.0,4,5,-1.402,5,5,7,0.0,4.516,4,0.0,4,1,2,0,3,-0.333,5,6,7,0,2,6,1.027,6,-2.122,5,5,2,3,7,0,5,2,-0.826,1,0
6,4,5,4,0.0,0,7,0.67,4,6,7,0.0,2.009,2,0.0,4,5,0,0,4,0.378,6,0,7,0,2,6,1.05,6,-0.296,3,2,7,1,2,7,5,7,0.352,6,0
0,6,6,0,0.0,3,0,-1.383,5,2,6,0.0,-2.46,4,0.0,0,0,2,0,0,0.293,4,1,4,0,7,0,0.964,1,-2.675,3,6,3,0,3,2,1,1,-1.055,7,0
4,7,5,6,0.0,2,5,-2.53,2,7,3,0.0,-2.527,6,0.0,7,2,4,0,4,-1.138,0,0,1,0,1,5,1.255,0,-2.424,5,4,4,3,5,1,0,2,-2.207,0,0
4,4,0,5,0.0,0,1,0.127,0,6,5,0.0,-1.772,2,0.0,5,6,0,0,1,-0.519,2,5,7,0,4,3,1.019,0,-0.676,3,3,6,3,2,3,0,5,0.063,5,0
4,3,6,1,0.0,7,0,-0.967,4,2,0,0.0,1.973,7,0.0,4,4,7,0,4,0.482,2,1,7,0,2,2,1.008,5,0.884,2,1,2,2,5,6,0,2,-0.732,7,0
6,4,5,2,0.0,4,7,0.608,4,7,3,0.0,-3.009,5,0.0,0,1,5,0,5,0.978,2,6,2,1,4,7,1.546,2,2.938,0,2,1,6,0,6,4,6,0.657,0,1
3,1,6,1,0.0,2,6,-0.479,6,3,7,0.0,-2.654,6,0.0,2,0,2,0,3,-1.502,2,1,6,1,4,7,0.961,3,0.994,7,6,3,5,5,3,6,2,0.664,1,1
7,1,5,7,0.0,4,3,-0.943,5,4,0,0.0,0.646,1,0.0,0,2,3,0,2,-0.218,5,3,6,0,2,4,1.25,1,0.665,3,2,5,4,5,5,1,7,-0.784,4,0
5,2,1,3,0.0,1,3,0.523,1,0,7,0.0,-1.064,5,0.0,4,2,6,0,6,-0.736,1,7,5,0,4,4,0.846,3,1.647,4,5,3,2,3,4,2,1,0.873,0,0
5,0,2,2,0.0,0,1,-0.73,6,4,0,0.0,-6.641,7,0.0,7,4,7,0,4,-0.042,3,6,5,0,2,1,0.687,5,-1.774,4,4,7,4,6,7,3,6,-1.128,3,0
1,4,4,6,0.0,0,6,0.061,0,2,3,0.0,-0.344,7,0.0,7,2,2,0,7,-1.422,1,4,3,0,5,5,1.104,6,-0.915,6,5,6,6,2,1,5,3,-0.256,2,0
5,1,1,3,0.0,1,6,-0.251,2,3,2,0.0,-0.199,6,0.0,3,0,2,0,5,-2.587,5,4,6,0,6,7,0.796,4,2.191,3,3,5,4,0,5,7,6,0.068,7,0
4,4,3,5,0.0,7,4,1.105,7,6,2,0.0,-1.721,3,0.0,1,7,0,0,4,-0.874,0,1,2,0,4,5,1.22,7,0.502,2,5,7,0,2,2,7,5,0.258,7,0
6,7,3,7,0.0,6,2,0.032,1,7,0,0.0,1.001,4,0.0,4,0,5,0,4,-1.894,0,0,7,0,5,7,0.709,5,0.0,0,2,3,1,5,3,2,0,-0.6,5,0
0,2,5,1,0.0,6,1,-0.815,7,7,4,0.0,-0.349,4,0.0,5,4,0,0,3,0.337,3,5,7,0,6,2,0.642,4,-3.773,2,3,4,5,5,0,7,2,0.161,5,0
2,7,0,2,0.0,1,5,1.665,7,2,1,0.0,0.577,4,0.0,0,0,1,0,3,0.571,5,2,2,0,4,3,1.344,6,2.619,4,5,7,1,5,0,5,4,1.06,2,0
4,1,4,2,1969.22,2,7,0.407,1,5,3,198.07,1.745,7,0.0,5,3,3,0,4,2.418,2,3,5,1,2,0,1.172,6,0.17,3,4,1,3,3,4,3,3,1.646,3,1
1,5,1,2,302.19,6,1,0.364,2,1,7,721.5,-0.27,7,0.0,3,5,4,1,4,0.694,4,6,6,0,7,7,1.125,7,1.504,6,5,1,3,1,1,6,0,1.137,2,1
4,4,1,6,0.0,0,2,-1.487,7,3,6,0.0,-1.223,6,0.0,3,3,2,0,6,1.188,4,7,1,0,3,3,1.038,1,-1.373,5,2,7,6,6,4,5,6,-1.741,4,0
0,1,7,3,0.0,5,4,1.223,1,2,3,0.0,-0.055,6,6.15,4,7,7,1,1,-0.639,3,1,5,1,7,4,1.448,4,3.191,0,0,0,5,2,3,4,3,1.59,0,1
7,3,6,6,0.0,3,0,-1.413,1,2,4,0.0,-2.762,1,0.0,3,5,0,0,1,-0.191,1,5,7,0,6,4,0.802,5,2.564,2,6,5,6,6,0,4,0,-1.15,4,0
2,0,6,3,285.99,1,2,1.697,6,4,1,0.0,1.382,3,0.0,1,7,3,1,3,2.488,1,7,2,1,5,5,1.544,5,1.534,0,0,7,7,4,7,4,5,2.797,3,1
2,0,2,2,0.0,3,0,-3.077,3,7,1,0.0,-1.724,2,0.0,3,2,4,0,6,-3.303,4,6,3,0,4,2,1.081,4,-2.604,6,2,2,7,1,6,7,1,-2.842,3,0
3,4,4,1,1545.11,6,4,1.98,1,6,6,0.0,0.261,3,0.0,2,0,4,0,1,0.397,7,1,3,1,1,4,0.834,4,1.04,7,2,7,0,1,3,7,2,1.109,7,1
1,5,0,4,0.0,6,3,-2.141,1,0,3,0.0,-4.935,0,0.0,6,2,4,0,1,-2.407,4,4,3,0,0,4,0.829,5,-3.832,3,2,3,4,2,2,4,4,-1.704,2,0
5,0,7,7,0.0,2,6,-0.509,4,4,2,0.0,-0.602,4,0.0,3,3,1,0,7,-1.526,2,6,5,0,2,2,1.159,2,-1.184,5,3,1,2,7,1,5,4,-0.19,7,0
2,6,7,3,271.13,6,4,1.37,4,6,1,0.0,1.659,5,0.0,1,6,0,1,0,1.711,0,6,7,1,7,7,0.917,5,1.862,0,0,1,3,6,4,7,6,2.045,1,1
0,5,1,7,123.56,2,7,0.4,7,1,4,0.0,-2.103,0,0.0,7,5,1,1,0,0.259,4,7,3,0,7,3,0.878,1,0.359,3,1,2,7,2,6,4,3,0.342,6,1
4,0,6,2,0.0,2,2,-0.485,4,4,6,0.0,-0.551,7,0.0,6,2,7,0,1,0.001,1,3,4,0,0,0,1.073,4,1.803,7,6,3,4,0,4,4,5,-1.033,1,0
6,5,3,7,0.0,4,5,1.02,7,0,6,0.0,-0.404,6,0.0,2,6,3,0,3,1.383,0,2,7,1,5,3,1.329,2,2.611,6,4,3,0,1,0,1,3,0.568,5,1
2,7,2,3,0.0,6,5,0.392,6,1,7,0.0,-2.106,1,0.0,7,0,5,0,2,0.207,0,0,3,0,2,5,0.615,6,-1.032,2,3,0,0,1,7,2,4,0.049,4,0
3,5,2,3,0.0,5,6,-0.62,5,7,3,0.0,1.145,1,0.0,0,4,2,0,0,1.017,7,3,5,0,7,3,1.144,0,0.967,6,3,5,7,1,7,0,5,-0.413,2,0
6,5,4,7,2088.79,0,2,0.65,7,1,7,0.0,1.793,5,0.0,7,1,6,0,0,-0.861,1,6,7,1,3,5,1.417,3,2.487,2,4,7,0,3,5,6,2,1.573,2,1
5,1,5,5,1882.99,6,2,0.648,5,5,4,0.0,1.035,5,0.0,5,7,7,1,5,-0.573,3,0,5,0,1,1,1.059,4,1.569,6,6,4,1,3,1,4,4,1.377,3,1
3,5,7,0,72.59,6,3,1.078,4,0,4,0.0,6.879,3,0.0,7,4,2,0,3,1.385,3,6,1,1,5,3,1.224,5,1.646,2,3,2,3,7,0,1,1,1.493,6,1
3,1,0,4,1657.3,3,7,1.291,6,4,5,0.0,-1.094,6,0.0,1,4,3,0,7,-0.712,4,2,0,1,6,0,1.551,3,-0.935,0,4,4,3,0,2,4,7,1.209,3,1
0,1,7,0,0.0,1,4,-0.153,1,3,6,0.0,-2.415,7,0.0,2,6,3,0,2,-1.454,4,6,1,0,1,6,1.05,7,-0.598,5,3,2,1,0,6,1,6,-0.786,4,0
6,6,1,0,0.0,7,5,-0.708,4,4,4,0.0,-1.081,1,0.0,7,3,3,0,7,-0.946,0,1,7,0,3,4,0.98,6,-2.857,2,1,0,2,6,4,1,4,-0.619,7,0
4,4,2,5,0.0,5,7,-0.621,5,4,0,0.0,2.371,2,0.0,3,0,6,0,3,-0.898,7,7,6,0,0,6,1.116,5,0.15,2,5,3,0,0,6,7,3,-0.586,6,0
7,7,5,2,1814.38,2,5,1.135,0,5,0,0.0,6.174,0,0.0,5,3,7,0,6,3.349,3,7,3,1,7,4,0.818,5,1.555,2,2,6,5,2,7,7,5,1.471,2,1
2,6,7,0,0.0,6,2,0.497,4,3,6,0.0,1.869,0,0.0,7,5,4,0,2,0.516,1,7,0,0,5,1,0.914,0,-1.364,6,6,2,0,4,5,0,7,-0.284,1,0
1,2,5,4,0.0,2,6,0.425,0,2,6,0.0,2.956,6,0.0,0,6,2,0,1,1.323,2,3,1,0,0,2,0.975,4,1.033,4,1,3,7,3,0,0,7,1.195,1,0
2,7,1,7,0.0,5,0,-1.426,4,5,1,0.0,-2.232,6,0.0,2,4,3,0,0,0.145,5,1,6,0,2,4,1.074,7,-1.434,4,0,6,2,7,6,1,1,-1.041,2,0
5,6,2,1,0.0,6,4,-0.062,2,5,3,0.0,3.532,3,0.0,1,5,4,0,4,-0.847,7,7,5,0,6,4,1.086,5,-0.615,6,0,6,4,4,7,2,5,0.07,5,0
5,7,2,7,0.0,1,0,0.828,1,7,0,0.0,-0.134,1,0.0,7,7,3,0,0,-0.727,1,4,5,0,4,7,1.06,3,1.745,4,2,6,7,3,5,7,4,0.86,0,0
0,4,3,3,0.0,6,1,-1.746,1,4,0,0.0,1.348,1,0.0,7,0,3,0,0,-4.239,3,3,3,0,6,3,0.831,2,-2.903,3,1,5,0,3,5,7,7,-1.641,7,0
6,7,5,7,0.0,1,5,-1.445,0,3,6,0.0,-3.262,0,0.0,3,6,0,0,0,-3.429,1,2,3,0,7,5,0.757,1,-1.922,3,5,5,5,1,3,0,6,-1.585,2,0
7,2,0,4,0.0,0,5,0.531,1,0,0,0.0,-3.625,5,0.0,5,6,5,0,5,-0.526,0,7,3,0,6,3,1.254,0,1.393,4,2,2,0,3,1,2,2,0.334,3,0
3,0,6,2,78.16,4,5,0.306,3,7,5,0.0,-0.94,4,0.0,7,2,7,1,3,0.325,4,3,5,0,5,1,1.615,7,0.712,6,0,1,5,2,0,0,3,0.974,3,1
4,5,4,7,0.0,4,3,-0.358,4,3,1,0.0,1.824,7,0.0,6,5,7,0,4,1.161,0,7,4,0,0,4,0.743,3,0.793,3,7,7,1,3,6,7,6,0.154,3,0
0,1,4,0,0.0,4,2,-0.011,7,5,4,0.0,-0.471,2,0.0,3,1,2,0,1,-2.248,7,2,0,0,2,1,1.117,5,-1.694,5,2,3,0,3,2,2,4,-0.137,4,0
6,7,2,7,0.0,1,5,0.039,0,7,4,0.0,0.072,5,0.0,4,1,1,0,2,-1.351,1,5,2,0,2,4,0.961,3,-0.39,0,1,1,6,0,1,2,1,-0.796,2,0
1,7,2,1,0.0,6,4,0.069,1,0,1,0.0,0.376,4,0.0,4,2,6,0,3,-1.368,5,5,0,0,4,5,0.69,5,1.597,6,0,7,0,2,0,3,0,0.309,2,0
7,3,1,7,0.0,1,2,-0.49,6,6,2,0.0,-1.176,4,0.0,4,1,5,0,7,0.595,0,2,0,0,4,0,0.567,1,-0.402,3,5,0,1,1,1,3,1,0.0,6,0
2,0,5,7,173.09,7,4,1.225,5,4,7,0.0,2.253,2,0.0,2,3,7,0,2,2.335,6,3,6,1,6,6,1.514,5,2.303,2,0,0,3,0,3,3,3,1.984,7,1
4,5,6,4,1765.88,2,7,0.883,0,3,1,0.0,1.113,5,16.07,3,6,2,0,0,0.867,5,3,3,1,2,7,1.29,4,2.676,4,6,6,3,0,3,4,3,1.447,7,1
5,1,6,7,1658.53,5,4,1.297,0,5,3,0.0,-3.531,4,3.09,3,3,5,0,5,1.44,2,0,3,1,3,3,1.361,6,1.144,0,7,7,2,2,7,5,6,0.478,3,1
2,6,6,3,0.0,1,7,0.812,2,5,4,0.0,-0.302,3,0.0,6,4,3,0,3,2.375,5,5,6,0,4,0,0.979,2,1.267,6,0,7,5,4,2,6,2,0.62,2,0
0,5,5,4,0.0,0,2,0.39,5,1,7,0.0,0.016,3,0.0,4,5,5,0,5,-0.028,2,5,2,1,6,5,1.188,4,-1.82,5,0,7,3,2,3,7,6,1.638,2,1
2,5,1,5,0.0,2,2,0.366,6,5,4,0.0,-1.71,2,0.0,2,7,6,0,1,2.468,5,1,1,0,6,7,1.015,4,-0.614,5,5,5,2,1,3,1,4,0.736,6,0
5,7,0,0,0.0,3,1,-2.537,2,0,4,0.0,-2.317,2,0.0,7,5,4,0,6,-2.778,5,4,3,0,0,3,0.998,4,-1.757,3,2,2,5,1,6,7,4,-2.525,7,0
5,2,1,3,804.69,4,7,0.703,2,2,0,0.0,0.295,0,0.0,3,2,3,1,1,-0.985,0,2,3,0,3,5,1.229,1,0.517,5,4,7,6,3,3,2,2,0.764,0,1
7,5,0,3,0.0,4,6,0.213,0,3,6,0.0,-0.193,5,0.0,5,1,4,0,2,-0.682,2,1,3,0,1,3,1.308,1,-2.332,3,6,0,5,0,6,7,1,-0.305,7,0
7,3,5,3,0.0,2,4,-1.666,0,4,6,0.0,2.67,4,0.0,5,0,6,0,1,-0.704,7,5,7,0,3,5,1.213,7,-1.003,5,4,6,0,7,0,5,4,-1.353,4,0
4,2,6,4,0.0,4,2,0.031,1,2,3,0.0,2.684,0,0.0,1,0,4,0,3,-0.461,2,2,4,0,1,4,0.928,7,2.656,5,0,1,5,2,1,6,0,-0.353,0,0
4,1,7,6,0.0,5,3,-1.558,0,5,2,0.0,0.213,5,0.0,0,0,1,0,5,-2.339,5,0,6,0,2,0,0.805,5,-1.304,5,1,5,1,3,7,0,4,-0.939,5,0
5,7,7,5,0.0,7,3,-0.503,6,3,0,0.0,-1.785,2,0.0,3,1,6,0,4,1.005,4,5,7,0,1,7,1.171,3,2.388,7,4,7,1,3,0,3,7,0.583,6,0
6,5,4,4,0.0,0,7,-0.521,0,3,7,0.0,-4.114,3,0.0,3,5,5,0,7,-0.289,1,0,3,0,5,0,0.987,3,0.118,2,1,3,5,0,0,4,0,-1.301,7,0
5,5,5,2,0.0,1,2,-0.86,4,1,0,0.0,2.705,0,0.0,7,7,0,0,0,-0.802,2,3,0,0,6,4,0.573,0,-1.611,7,7,4,5,3,6,3,0,-1.3,4,0
6,3,5,3,0.0,7,2,0.112,2,7,0,0.0,-1.289,5,0.0,0,3,1,0,4,-0.535,1,5,4,0,4,5,1.179,4,1.733,3,4,2,5,5,5,4,5,0.017,7,0
2,6,4,3,0.0,5,0,-2.522,2,5,7,0.0,0.49,7,0.0,2,4,7,0,7,-1.839,4,3,0,0,7,2,1.004,0,2.548,0,5,1,2,2,5,0,4,-1.989,2,0
2,4,2,5,0.0,1,0,0.281,7,3,0,0.0,2.374,2,0.0,5,2,1,0,3,0.859,5,0,0,0,0,2,0.936,6,-0.232,5,4,4,3,4,5,0,7,0.906,7,0
0,5,0,2,0.0,7,2,-0.341,4,3,6,0.0,1.927,2,0.0,1,3,3,0,2,0.993,0,1,3,0,2,0,0.944,2,-1.105,0,1,2,4,1,0,1,5,0.545,7,0
7,6,2,3,0.0,0,1,-1.05,7,7,1,0.0,3.175,1,0.0,3,0,0,0,0,-1.12,1,5,5,0,2,2,0.874,3,-1.329,0,5,3,3,0,0,6,2,-0.738,0,0
5,5,5,3,0.0,5,0,-0.961,0,6,3,0.0,-3.699,5,0.0,6,3,6,0,7,-2.014,0,5,5,0,7,1,0.985,7,-3.905,6,5,7,6,7,5,3,1,-1.12,7,0
2,0,2,4,0.0,0,6,-2.042,6,0,3,0.0,-2.911,5,0.0,2,3,4,0,4,-0.824,7,7,3,0,4,7,1.041,4,-3.184,6,7,4,3,1,0,5,7,-1.385,7,0
2,2,5,1,0.0,0,6,1.023,6,4,5,0.0,1.016,5,0.0,1,4,1,0,1,0.254,5,3,1,0,0,2,1.529,7,1.51,7,0,3,3,1,7,0,5,0.628,0,0
7,5,6,7,0.0,5,2,-0.145,6,4,1,0.0,0.206,5,0.0,5,0,7,0,1,-2.088,4,4,5,0,6,3,0.836,2,-1.605,7,7,7,5,6,6,5,1,0.306,6,0
5,2,3,2,0.0,1,2,-0.853,7,4,7,0.0,1.122,7,0.0,1,2,0,0,0,-1.769,3,2,1,0,5,0,1.084,3,-1.328,1,0,0,0,0,1,7,6,-0.872,7,0
7,6,0,3,0.0,0,6,-1.072,4,5,0,0.0,-1.765,4,0.0,1,2,4,0,0,-2.871,4,1,7,0,5,4,1.175,4,-3.078,0,5,4,6,0,0,5,6,-0.262,2,0
0,0,7,1,0.0,7,6,0.539,4,7,2,0.0,-0.955,2,0.0,4,6,6,0,7,-0.529,6,5,6,0,7,4,1.063,1,-0.602,7,1,6,5,7,4,7,3,-0.169,1,0
5,1,3,1,0.0,1,3,-2.605,7,1,4,0.0,-1.503,2,0.0,3,5,6,0,3,-3.712,6,3,2,0,6,6,0.873,0,-3.34,6,4,1,3,6,6,0,7,-2.868,7,0
7,1,6,3,0.0,3,5,-1.624,5,5,3,0.0,2.036,2,0.0,7,4,0,0,0,0.353,2,1,5,0,3,2,0.996,5,-2.632,0,3,6,3,6,4,2,2,-1.353,1,0
7,0,6,6,0.0,3,7,-0.054,3,5,6,0.0,2.177,5,0.0,0,0,1,0,7,-1.133,4,1,6,0,0,6,0.745,6,-0.205,5,1,1,6,0,4,6,6,-0.641,3,0
6,2,6,1,0.0,7,2,-1.401,3,7,1,0.0,-2.501,0,0.0,6,5,5,0,5,-2.342,4,2,7,0,0,0,1.004,7,-2.495,1,6,1,4,3,0,3,0,-1.243,4,0
4,1,5,1,0.0,3,7,-0.842,7,1,2,0.0,0.691,4,0.0,4,5,2,0,7,-0.295,1,7,2,0,4,2,1.349,6,-3.005,1,0,0,7,1,1,4,5,-0.564,1,0
1,5,2,2,0.0,5,6,0.236,2,6,4,0.0,-2.659,6,0.0,1,4,0,0,1,-0.352,7,2,3,0,5,3,1.136,4,-1.198,3,4,0,4,1,2,1,1,0.022,2,0
5,7,5,3,620.92,6,1,1.216,1,5,1,796.48,-0.05,1,0.0,4,0,3,1,3,-0.461,2,3,3,0,1,3,1.275,6,1.475,7,6,2,3,0,2,2,0,1.374,0,1
0,2,4,5,0.0,6,4,-0.704,1,7,6,0.0,-1.074,1,0.0,2,2,5,0,2,1.962,6,6,6,0,1,5,1.142,6,-0.881,2,2,7,0,7,2,7,2,0.7,6,0
2,6,4,1,0.0,7,2,-0.324,2,2,4,0.0,0.214,6,0.0,3,3,0,0,0,1.212,3,4,0,0,7,5,0.804,5,-3.153,7,1,1,7,4,4,6,0,-0.388,6,0
4,5,3,0,0.0,5,6,-0.458,6,6,4,0.0,-2.521,4,0.0,0,3,7,0,0,-0.253,3,5,3,0,7,0,1.087,4,-2.774,5,1,6,5,1,0,0,4,-0.499,4,0
3,4,5,6,0.0,3,7,-1.042,1,1,0,0.0,4.734,6,0.0,5,2,5,0,4,-1.355,4,3,3,0,3,1,1.164,0,3.606,4,3,3,0,3,2,0,5,0.456,3,0
5,7,4,7,0.0,3,1,-0.801,0,3,6,0.0,1.122,1,0.0,0,3,4,0,5,-0.648,1,4,6,0,3,2,1.018,1,1.031,5,1,6,1,6,0,2,2,-0.504,1,0
5,3,1,1,0.0,5,5,-0.808,2,4,0,0.0,-1.707,0,0.0,7,5,6,0,6,-1.1,6,0,4,0,7,7,0.857,3,0.424,1,2,5,2,0,7,1,4,-1.7,7,0
2,4,4,2,92.76,6,7,0.892,3,6,1,0.0,1.649,0,0.0,2,4,5,1,6,0.429,2,2,3,1,3,6,1.145,6,-0.31,1,1,1,1,6,7,6,1,1.266,6,1
4,0,7,7,0.0,4,3,-1.617,7,6,6,0.0,-4.595,0,0.0,3,6,5,0,7,-0.315,0,4,4,0,5,1,0.801,2,-1.259,7,6,3,3,0,4,3,5,-1.176,1,0
3,2,6,1,0.0,0,4,0.499,6,0,7,0.0,3.058,7,0.0,3,3,5,0,3,0.866,2,4,6,0,4,1,0.817,4,-2.032,7,7,7,0,6,4,1,3,0.476,3,0
4,1,5,4,0.0,6,2,-0.797,6,1,1,0.0,1.345,7,0.0,4,2,5,0,4,0.34,2,2,2,0,3,0,0.823,1,-1.33,7,1,1,6,7,6,0,2,-1.146,1,0
6,7,5,2,0.0,4,4,-0.575,7,2,4,0.0,-0.945,2,0.0,4,5,6,0,0,-1.139,3,0,1,0,0,5,1.031,7,0.424,5,4,4,3,1,6,2,4,0.588,3,0
3,1,0,7,0.0,0,6,-1.384,6,6,5,0.0,-0.332,2,0.0,2,2,3,0,2,-0.911,3,0,7,0,7,5,1.117,3,-0.185,6,3,4,5,6,7,2,7,-0.633,5,0
4,4,1,2,0.0,6,3,-2.779,6,5,3,0.0,2.0,7,0.0,1,4,1,0,6,-2.161,2,5,2,0,5,7,0.845,5,-5.784,4,1,2,4,4,3,7,4,-2.058,7,0
6,1,1,3,0.0,0,5,-1.365,6,3,6,0.0,1.502,7,0.0,1,7,5,0,0,-0.808,6,3,5,0,0,5,1.141,1,-3.869,6,3,7,0,4,5,6,2,-1.896,7,0
1,2,2,4,0.0,1,6,-0.455,6,5,4,0.0,0.855,2,0.0,3,6,2,0,5,-0.188,4,7,6,0,5,3,1.078,5,1.797,3,0,6,1,0,2,7,4,-0.845,5,0
0,6,5,6,0.0,7,4,-0.579,0,0,1,0.0,-2.891,0,0.0,6,5,4,0,3,-1.168,5,6,0,0,2,3,1.205,3,-0.012,0,5,5,4,7,7,4,0,0.142,2,0
6,7,6,0,0.0,2,5,-0.127,3,3,4,0.0,4.25,2,0.0,4,0,7,0,4,-0.176,4,0,2,0,4,3,0.929,5,0.655,6,4,7,7,2,1,1,5,0.329,2,0
6,6,3,0,0.0,0,7,-1.625,2,4,4,0.0,-4.575,0,0.0,7,3,0,0,4,-0.724,5,2,5,0,7,6,0.928,6,-3.384,5,1,7,6,6,6,0,6,-1.15,1,0
6,4,7,4,0.0,0,0,-0.076,3,5,1,0.0,-1.187,1,0.0,7,4,4,0,2,0.213,0,0,6,0,6,7,0.593,1,-0.716,2,7,1,7,2,1,1,1,-0.296,2,0
7,6,7,4,0.0,4,2,0.202,4,7,4,0.0,4.786,4,0.0,2,3,3,0,2,-0.695,7,1,4,0,3,3,0.54,1,1.885,6,3,1,3,5,2,7,2,0.026,7,0
5,1,2,5,0.0,0,5,0.393,4,7,4,0.0,-1.689,4,0.0,4,6,2,0,2,-0.808,2,3,2,0,5,1,1.052,4,0.434,5,0,3,0,3,7,0,6,-0.482,1,0
2,0,2,6,0.0,0,7,-1.108,1,1,3,0.0,-1.755,7,0.0,7,1,3,0,1,-0.626,7,5,6,0,0,0,0.768,3,-2.008,7,3,5,3,2,5,7,6,-0.761,5,0
2,3,5,6,0.0,2,0,0.119,0,2,3,0.0,-0.563,4,0.0,0,2,7,0,5,3.301,1,0,7,0,3,4,0.861,2,2.31,0,0,1,2,7,2,1,1,0.86,3,0
1,2,4,7,0.0,5,1,-1.502,5,1,6,0.0,0.852,5,0.0,6,7,7,0,3,-1.395,7,4,3,0,7,2,1.114,3,-2.407,5,7,3,5,1,1,0,0,-0.753,1,0
6,5,5,3,0.0,0,7,-0.383,2,1,1,0.0,-1.469,3,0.0,0,5,3,0,2,-0.303,2,2,2,0,4,6,0.982,6,3.13,4,4,7,4,3,5,7,5,0.821,3,0
2,5,2,0,0.0,6,4,-0.181,1,6,0,0.0,0.924,3,0.0,7,3,2,0,5,1.923,1,2,4,0,6,6,0.724,6,0.309,7,3,1,7,3,3,5,3,0.498,4,0
5,5,2,1,0.0,0,5,0.832,5,0,3,0.0,2.877,6,0.0,6,1,3,0,1,1.132,6,3,5,0,7,0,1.285,3,-0.204,4,0,7,4,5,7,4,2,0.554,1,0
1,6,7,5,0.0,1,0,-2.342,3,1,2,0.0,-2.72,7,0.0,3,5,5,0,6,-1.831,6,5,5,0,2,6,0.703,5,-4.751,4,6,3,3,1,0,1,4,-1.708,7,0
7,1,1,6,0.0,2,4,0.818,2,4,6,0.0,-4.275,4,0.0,7,5,1,0,0,-0.103,5,7,6,0,2,4,1.017,5,3.217,3,0,0,3,6,1,5,1,1.285,1,0
6,6,7,1,0.0,6,0,-1.716,2,1,0,0.0,-4.382,5,0.0,5,1,7,0,5,0.165,5,3,6,0,4,5,1.005,5,-0.975,5,2,3,3,1,1,3,2,-0.77,6,0
0,5,0,5,0.0,7,7,0.311,6,3,0,0.0,3.839,0,0.0,1,5,4,0,7,-0.555,7,3,2,0,6,7,1.206,2,-0.925,6,4,3,2,2,5,2,5,0.057,2,0
2,5,4,0,0.0,2,2,-0.566,5,3,2,0.0,0.245,0,0.0,6,5,2,0,1,1.439,1,0,6,0,4,6,1.075,3,-0.064,7,5,5,2,0,3,7,4,-0.118,3,0
4,0,4,3,0.0,7,3,-0.831,3,4,2,0.0,2.718,5,0.0,1,1,7,0,6,0.475,5,0,0,0,2,3,0.715,6,-2.943,6,4,7,7,4,5,3,0,-0.052,6,0
5,1,2,1,0.0,5,5,0.234,4,5,0,0.0,4.748,4,0.0,3,0,7,0,4,2.965,5,1,7,0,0,3,0.787,4,0.177,7,7,1,6,0,5,7,1,0.645,6,0
2,5,3,0,0.0,0,7,-2.089,6,6,2,0.0,-3.6,6,0.0,1,7,3,0,4,0.833,7,2,0,0,4,7,0.809,6,-2.417,2,4,5,1,2,2,3,1,-1.1,0,0
5,7,1,0,0.0,2,1,-1.881,3,5,3,0.0,1.855,4,0.0,7,6,4,0,7,-0.735,5,3,3,0,4,2,1.386,7,-1.756,2,0,5,5,5,7,4,2,-0.801,4,0
3,7,0,5,0.0,2,6,-2.468,4,3,1,0.0,-6.851,3,0.0,0,3,3,0,4,-1.215,3,6,6,0,5,7,0.941,7,-2.655,6,0,5,5,3,0,0,2,-2.683,5,0
1,0,6,4,0.0,1,0,-0.079,5,0,1,0.0,-1.6,1,0.0,6,4,1,0,7,1.627,1,5,7,0,5,7,0.988,3,-1.094,0,5,6,5,2,3,5,7,0.625,5,0
1,1,3,2,0.0,2,2,0.644,7,3,0,0.0,1.699,7,0.0,0,4,6,0,5,-1.091,7,1,6,0,4,0,0.509,1,-1.574,5,2,3,4,7,7,6,4,1.041,1,0
2,5,4,7,0.0,7,2,-0.371,4,0,3,0.0,1.348,4,0.0,4,4,2,0,3,-0.765,0,7,2,0,6,4,0.788,2,0.376,1,6,7,4,0,2,6,1,-0.887,1,0
5,6,2,5,0.0,0,3,-0.18,4,4,4,0.0,-3.353,5,0.0,5,0,2,0,5,-1.22,1,1,6,0,5,1,0.849,1,2.296,0,7,1,3,0,7,7,5,-0.161,5,0
2,6,6,6,0.0,3,3,0.15,3,1,3,0.0,0.005,7,0.0,4,6,7,0,7,-0.09,0,4,4,0,3,2,1.164,5,0.599,3,6,0,6,5,1,0,0,-0.568,7,0
1,4,3,0,0.0,2,4,-0.278,7,4,2,0.0,3.486,1,0.0,0,0,2,0,5,0.808,4,2,4,0,0,3,1.016,7,-1.405,2,1,2,5,3,0,3,3,-0.176,6,0
0,5,4,0,0.0,3,6,0.403,4,1,6,0.0,-2.084,5,0.0,2,6,1,0,2,0.362,3,6,0,0,7,1,0.846,7,0.473,6,6,5,1,4,2,1,3,-0.1,1,0
0,3,1,7,0.0,7,5,1.71,2,6,3,0.0,-0.994,6,0.0,5,0,1,0,4,-0.171,2,0,0,1,2,0,0.969,5,1.163,6,0,4,4,2,3,3,6,1.737,5,1
3,4,6,3,0.0,5,4,-0.16,5,0,0,0.0,-5.197,4,0.0,6,4,7,0,7,-0.291,5,7,6,0,7,4,1.017,4,-2.471,7,3,2,2,2,2,5,5,-0.374,4,0
4,7,1,5,0.0,0,2,-1.518,5,4,5,0.0,3.092,3,0.0,5,5,1,0,0,-1.037,2,0,5,0,1,6,1.008,0,-0.732,3,3,4,1,3,1,3,3,-1.723,7,0
4,7,4,1,0.0,5,2,-1.801,1,4,3,0.0,-0.361,5,0.0,5,5,4,0,3,-2.438,1,7,5,0,3,3,1.184,1,-3.417,1,0,3,0,6,5,3,5,-1.798,5,0
4,6,5,3,1745.61,4,7,0.904,7,4,1,0.0,1.631,5,0.0,5,1,6,1,2,1.717,0,0,3,1,2,0,1.152,2,1.582,1,1,3,5,7,4,3,7,1.673,0,1
1,5,2,5,0.0,3,0,0.716,1,6,6,0.0,-0.64,7,0.0,6,7,3,0,4,-0.959,3,4,4,0,5,5,1.072,2,4.61,5,5,2,4,0,6,2,5,0.352,1,0
7,1,3,5,0.0,2,4,-0.01,2,3,7,0.0,-1.521,3,0.0,4,1,2,0,2,0.515,1,6,2,0,2,2,0.764,2,-0.878,5,5,7,0,1,4,6,4,-0.116,7,0
2,4,5,7,0.0,3,4,-0.54,3,7,0,0.0,1.953,3,0.0,5,3,4,0,4,-1.03,7,0,4,0,6,6,1.052,1,-1.443,3,0,1,0,2,7,4,7,-0.173,6,0
4,1,1,2,0.0,5,4,0.174,7,2,1,0.0,-3.023,1,0.0,2,7,0,0,0,1.189,6,2,7,0,4,4,0.637,2,-0.212,5,5,4,7,6,4,6,5,0.402,0,0
5,3,7,1,0.0,2,0,-0.004,4,5,0,0.0,-0.266,1,0.0,0,1,5,0,3,-0.339,1,6,4,0,2,1,0.819,5,-0.053,3,7,4,2,5,1,7,2,0.073,4,0
4,2,3,2,0.0,7,2,-0.272,4,7,6,0.0,-0.2,2,0.0,4,3,4,0,0,-1.498,0,1,1,0,3,0,0.973,7,-1.147,4,5,1,4,3,3,2,2,-0.711,2,0
4,7,5,1,0.0,7,1,-0.629,0,5,2,0.0,-2.574,7,0.0,1,0,7,0,3,-0.479,6,2,0,0,6,6,1.133,6,-2.867,5,3,1,7,7,3,7,6,-0.206,1,0
3,1,0,2,0.0,5,2,1.224,2,2,3,0.0,1.236,0,0.0,6,1,0,0,0,-0.061,5,2,3,0,0,3,1.117,4,-0.902,3,6,1,7,1,1,7,0,0.608,7,0
5,6,6,6,0.0,3,3,-0.18,3,7,7,0.0,-0.736,2,0.0,3,2,5,0,7,-0.791,2,5,5,0,7,6,0.926,7,0.284,1,5,0,4,1,2,5,6,0.107,5,0
6,0,6,3,0.0,4,7,0.127,0,7,6,0.0,1.81,3,0.0,7,4,6,0,1,-1.966,1,2,1,0,5,5,0.766,2,0.094,0,3,2,5,7,3,7,0,-0.433,4,0
7,7,2,7,0.0,2,0,0.667,5,5,4,0.0,-1.669,4,0.0,1,0,4,0,6,1.986,5,5,6,0,4,0,1.371,2,1.647,6,6,7,2,5,6,7,0,0.386,3,0
7,0,1,3,0.0,2,3,0.253,3,4,6,0.0,1.981,5,0.0,0,1,4,0,3,1.391,7,2,0,0,4,3,1.127,4,0.048,3,7,5,0,0,3,5,4,0.782,0,0
6,1,7,1,0.0,1,1,-0.267,2,7,1,0.0,2.778,6,0.0,6,6,5,0,7,-0.214,7,3,1,0,0,2,0.912,7,-3.413,0,1,1,7,3,4,5,6,-0.274,0,0
7,3,7,0,0.0,0,7,-1.379,0,3,0,0.0,-2.869,6,0.0,5,0,6,0,0,-3.046,1,4,5,0,1,0,0.92,4,-2.192,4,0,1,5,0,1,1,1,-1.57,0,0
6,0,2,3,0.0,1,3,-2.91,2,2,1,0.0,-3.83,6,0.0,5,1,2,0,5,-3.57,5,7,1,0,6,2,0.792,0,-0.913,7,7,2,0,4,7,2,4,-2.367,2,0
7,5,0,5,0.0,3,6,-0.758,1,7,0,0.0,-2.34,1,0.0,0,3,7,0,0,-0.723,1,4,6,0,4,7,0.754,3,-0.045,6,7,5,6,7,3,3,6,0.044,5,0
2,5,6,0,0.0,6,4,0.257,1,2,7,0.0,2.325,6,0.0,3,1,0,0,2,0.491,0,3,6,0,0,6,1.07,3,0.753,3,0,1,5,1,5,0,6,0.229,2,0
6,1,0,7,1325.78,0,1,0.258,6,5,2,0.0,3.09,7,0.0,5,2,1,0,1,-0.662,6,3,2,1,5,4,1.23,1,2.832,6,7,5,1,0,7,3,0,0.531,1,1
1,4,4,2,0.0,2,1,0.851,2,0,1,0.0,1.795,5,0.0,6,0,6,1,7,0.725,5,7,7,0,2,7,1.101,0,1.28,5,5,6,4,7,5,1,6,1.816,5,1
0,0,6,1,0.0,1,3,-0.435,2,4,1,0.0,-1.183,0,0.0,3,1,0,0,0,-1.958,0,7,6,0,4,5,1.174,1,-2.345,5,3,6,3,4,2,7,7,-0.582,5,0
7,7,7,0,0.0,0,4,-0.855,1,0,0,0.0,-0.022,0,0.0,2,1,3,0,3,-4.042,3,5,2,0,4,1,0.616,5,-1.725,6,0,6,5,1,6,1,1,-0.491,0,0
5,1,3,1,0.0,4,2,0.139,1,7,2,0.0,0.901,4,0.0,0,5,0,0,7,0.83,1,0,5,0,3,7,0.94,1,1.313,7,5,3,4,7,5,1,1,0.327,0,0
1,4,3,1,0.0,0,6,-0.201,5,5,1,0.0,1.04,3,0.0,5,4,2,0,1,0.264,0,3,3,0,6,2,1.176,5,-0.314,2,6,1,0,7,5,2,6,0.672,6,0
2,7,7,7,0.0,3,5,0.785,3,3,7,0.0,5.131,4,0.0,7,4,1,0,1,-0.837,6,4,1,0,0,3,1.367,2,1.637,0,0,4,0,3,6,1,0,0.511,1,0
2,5,6,7,0.0,3,7,-1.232,2,3,6,0.0,-4.661,2,0.0,7,6,1,0,6,-1.033,1,2,0,0,1,3,1.003,4,-2.878,5,5,5,1,0,1,0,5,-0.976,5,0
3,2,6,3,1591.63,2,4,0.841,2,7,6,310.96,0.297,5,0.0,4,6,5,0,6,1.996,3,3,3,1,1,2,1.418,0,-0.3,6,4,7,1,5,4,6,6,0.264,7,1
4,7,5,5,0.0,5,7,0.532,5,3,3,0.0,1.994,7,0.0,2,0,0,0,2,0.734,0,4,2,0,5,1,0.703,2,-0.903,3,0,0,2,7,6,0,5,0.223,5,0
2,5,3,5,0.0,2,3,1.359,4,3,0,154.54,1.247,4,17.96,4,6,5,1,1,2.455,0,6,5,1,0,3,1.114,7,1.839,5,2,5,1,3,3,7,0,1.123,3,1
7,0,6,4,0.0,5,7,0.256,1,4,5,0.0,0.928,0,0.0,0,6,0,0,5,-0.568,7,2,2,0,2,1,1.212,3,0.712,6,2,2,3,4,7,3,3,0.206,2,0
0,2,6,5,0.0,1,1,-0.642,6,2,5,0.0,-2.488,5,0.0,7,6,1,0,3,-0.338,4,7,6,0,5,5,1.157,3,-0.059,3,2,7,4,6,0,2,5,-0.072,1,0
3,5,0,4,0.0,5,6,0.183,4,2,0,0.0,-0.033,1,0.0,0,0,4,0,0,-0.287,6,3,5,0,6,2,1.381,6,0.733,3,4,7,7,6,4,5,1,-0.218,7,0
3,2,2,7,672.44,1,5,2.885,1,4,2,0.0,4.456,3,0.0,6,3,6,1,6,1.588,0,4,1,1,2,7,1.215,4,0.097,4,3,1,3,1,7,4,7,2.327,3,1
3,3,2,0,0.0,6,3,0.047,1,7,3,0.0,-2.906,4,0.0,4,1,4,0,6,-0.324,7,1,2,0,6,1,1.012,2,2.846,1,0,2,5,1,6,4,4,0.371,7,0
7,0,3,3,0.0,3,7,-0.104,7,3,2,0.0,-1.325,0,0.0,3,3,4,0,2,-1.977,6,1,4,0,1,5,1.098,4,-1.277,4,7,4,7,4,1,4,2,-0.197,3,0
1,7,3,1,0.0,1,5,0.586,3,2,5,0.0,-0.07,1,0.0,1,6,7,0,6,0.272,0,1,5,0,4,5,0.841,4,1.415,0,5,4,2,1,1,6,2,1.2,7,0
3,5,0,4,0.0,6,6,-0.87,1,6,0,0.0,-1.711,0,0.0,2,1,4,0,6,-0.271,3,0,0,0,3,6,0.829,1,1.818,3,1,5,2,4,2,2,3,-0.646,7,0
0,2,4,3,1568.56,0,3,1.338,0,6,1,0.0,0.612,3,0.0,1,7,0,0,1,2.666,6,1,0,1,1,7,1.009,7,1.135,5,2,0,3,3,4,3,6,1.786,7,1
0,7,2,5,0.0,5,7,-0.972,5,6,3,0.0,1.112,0,0.0,6,6,3,0,3,-2.769,7,7,0,0,4,5,0.887,2,-0.965,2,6,0,5,4,3,5,2,-0.626,6,0
3,5,3,5,1686.58,0,0,0.849,0,7,0,0.0,1.306,0,0.0,2,6,3,0,4,0.78,3,2,6,1,1,6,1.386,4,-0.471,2,2,7,6,0,6,5,1,0.311,7,1
5,3,2,6,373.31,5,2,0.766,5,2,7,0.0,2.479,6,22.87,2,5,0,1,6,1.467,1,4,2,0,2,6,1.088,0,2.455,6,2,1,0,4,7,7,2,0.64,2,1
7,0,5,6,0.0,4,7,-0.036,4,3,3,0.0,1.371,3,0.0,0,2,1,0,2,-0.092,7,0,5,0,3,2,0.748,7,2.556,0,3,5,2,1,0,6,3,-0.706,1,0
2,1,7,5,0.0,5,7,-0.266,6,3,0,0.0,-1.071,3,0.0,4,5,5,0,6,1.355,4,7,1,0,6,7,1.151,4,0.698,7,3,6,0,4,2,5,7,0.899,2,0
5,2,0,7,319.92,2,5,0.358,2,4,6,0.0,-0.701,3,0.0,6,6,2,0,2,0.493,1,4,4,1,4,4,1.241,4,1.613,6,2,7,7,1,7,6,5,0.737,2,1
6,2,0,2,0.0,2,2,-0.916,5,1,7,0.0,-1.574,0,0.0,1,1,6,0,4,-1.061,3,5,1,0,3,0,0.644,1,-0.362,5,0,2,4,7,5,5,3,0.279,4,0
7,4,0,4,0.0,2,6,-0.378,1,1,1,0.0,-0.583,2,0.0,0,6,1,0,7,-1.591,7,2,3,0,3,1,1.116,4,-2.714,6,4,3,7,6,3,5,5,-0.953,2,0
1,5,4,0,0.0,1,1,0.576,6,5,5,0.0,-0.069,6,0.0,6,6,6,0,0,2.776,5,0,5,0,2,3,0.946,6,2.273,3,2,5,3,3,7,0,4,0.587,4,0
5,7,6,0,0.0,4,3,0.824,4,5,1,0.0,-0.985,1,0.0,7,1,2,0,0,-1.148,6,2,7,0,6,2,0.696,0,2.397,2,5,2,0,2,1,2,6,1.487,7,0
4,2,1,6,0.0,6,0,0.802,2,3,5,0.0,-1.27,5,0.0,7,1,1,0,6,0.971,7,5,6,0,5,4,0.745,1,-1.366,3,6,2,0,1,1,5,3,0.63,5,0
5,3,5,0,1442.83,1,1,0.647,3,1,5,0.0,-1.568,3,0.0,5,1,5,0,5,1.059,6,6,3,1,1,4,1.163,2,-0.709,7,4,7,4,4,2,0,3,0.61,0,1
1,2,1,5,0.0,1,5,0.013,6,6,2,0.0,1.334,0,0.0,1,1,3,0,6,0.743,3,2,4,0,2,7,0.964,4,-1.279,2,5,7,6,3,6,7,4,0.386,7,0
3,4,4,6,0.0,7,6,-0.775,2,7,1,0.0,3.592,1,0.0,6,3,7,0,7,-2.676,5,4,1,0,2,3,1.035,1,-0.918,4,6,5,6,5,3,6,4,-1.374,6,0
0,7,6,6,0.0,0,1,-1.176,5,3,1,0.0,0.551,7,0.0,5,6,3,0,2,0.299,7,5,4,0,0,7,1.202,0,2.656,3,5,1,7,1,2,5,3,-0.802,7,0
6,2,2,2,0.0,5,5,-0.265,1,0,3,0.0,-3.023,2,0.0,0,2,0,0,1,1.422,4,7,7,0,2,7,0.479,3,-3.1,3,1,3,0,2,4,4,5,-0.419,5,0
6,1,1,3,0.0,1,0,1.512,0,5,0,0.0,4.264,5,0.0,3,0,4,0,0,0.381,6,2,6,0,4,6,1.319,4,0.906,5,7,5,2,0,1,6,3,0.642,1,0
2,2,5,6,0.0,7,2,0.499,3,5,2,0.0,-1.319,3,0.0,7,4,4,0,6,-1.058,2,4,0,0,4,1,0.985,5,1.164,0,4,1,4,0,2,0,1,1.367,5,0
1,0,2,7,0.0,6,5,-0.829,5,6,6,0.0,0.645,0,0.0,3,0,7,0,0,-0.752,0,6,6,0,5,6,1.157,1,-3.077,1,3,2,4,2,2,3,0,-0.998,6,0
5,7,0,7,0.0,1,7,-1.266,5,3,4,0.0,-2.035,2,0.0,3,4,1,0,4,-1.492,1,7,4,0,3,3,1.283,6,0.953,5,0,1,6,3,2,0,1,-1.617,7,0
3,3,5,5,1144.72,7,0,1.448,5,5,7,0.0,5.697,7,0.0,5,0,7,1,6,1.641,7,1,5,1,3,4,0.921,1,2.133,0,5,7,7,5,3,6,3,1.864,0,1
5,7,2,5,0.0,1,4,-2.003,3,7,3,0.0,-4.215,1,0.0,4,1,6,0,3,-2.621,3,1,3,0,4,5,1.027,1,-0.381,0,2,2,2,1,5,1,4,-2.028,4,0
5,3,4,2,1655.3,3,5,2.196,0,6,3,0.0,3.088,1,15.8,2,1,0,1,1,3.052,6,0,4,1,4,2,0.759,1,1.423,1,7,1,2,4,4,0,0,2.331,0,1
5,2,2,5,701.04,7,4,2.805,0,4,4,0.0,1.808,1,0.0,2,0,4,1,3,1.908,7,2,2,1,6,5,0.987,7,2.325,5,1,7,6,7,7,2,0,2.809,4,1
3,0,2,5,0.0,0,4,-0.444,2,4,5,0.0,0.33,7,0.0,7,2,4,0,1,0.152,4,7,1,0,3,4,0.673,1,1.395,2,3,4,2,7,0,2,2,-0.607,7,0
3,3,5,2,0.0,4,3,-0.166,6,2,7,0.0,0.38,2,0.0,7,1,6,0,0,-0.194,7,1,4,0,7,3,0.718,2,-0.939,6,2,1,6,7,5,7,7,0.246,2,0
6,6,7,3,0.0,4,2,-0.129,4,5,4,0.0,2.032,6,0.0,0,6,7,0,1,-1.731,4,5,7,0,0,4,1.273,0,0.279,5,7,1,7,1,5,6,2,-0.283,2,0
7,7,4,6,0.0,5,4,0.576,2,0,0,0.0,2.411,1,0.0,0,7,7,0,0,-1.316,7,7,1,0,2,1,1.091,1,2.291,0,4,5,7,2,1,0,3,0.935,4,0
0,4,3,6,0.0,2,2,0.735,4,1,6,0.0,-4.948,2,0.0,3,5,5,0,1,1.25,3,4,1,0,6,4,0.991,7,-0.871,2,4,2,5,7,0,2,7,-0.228,7,0
2,1,1,1,0.0,6,7,-0.376,2,1,6,0.0,0.359,6,0.0,0,3,7,0,3,2.667,5,3,6,0,2,5,0.731,6,0.277,2,5,7,6,2,2,0,0,0.163,5,0
3,0,0,2,0.0,0,0,-2.151,7,6,5,0.0,-3.978,1,0.0,0,4,2,0,4,-1.786,1,2,7,0,2,3,1.106,5,-2.537,2,4,2,1,7,4,2,7,-1.456,0,0
2,5,6,7,0.0,5,6,-1.567,4,3,7,0.0,0.55,6,0.0,0,0,5,0,2,-1.423,1,3,1,0,6,6,0.757,2,-0.294,0,4,5,0,7,7,1,1,-0.672,4,0
7,3,6,3,0.0,0,0,-1.232,7,1,3,0.0,-3.649,0,0.0,3,2,7,0,7,-2.121,4,4,0,0,5,3,0.881,2,-1.343,4,1,5,3,2,4,1,5,-1.462,1,0
2,2,2,3,0.0,4,0,-0.543,3,7,3,0.0,0.248,2,0.0,4,1,4,0,6,1.613,3,7,0,0,4,5,1.032,6,-0.117,4,4,4,4,5,0,1,5,0.399,5,0
7,5,0,3,0.0,7,7,-0.335,3,4,4,0.0,2.398,0,0.0,4,1,5,0,4,-1.916,6,1,1,0,2,5,0.977,0,-2.543,4,6,0,3,1,2,6,5,-1.146,4,0
4,4,4,4,0.0,1,4,-2.356,1,0,6,0.0,-6.593,4,0.0,2,1,3,0,4,-1.688,5,4,5,0,3,6,0.95,7,-0.406,2,4,2,3,0,0,0,5,-1.63,0,0
3,5,3,3,0.0,6,7,-1.125,3,0,0,0.0,2.386,3,0.0,3,3,4,0,2,-0.922,3,7,3,0,3,0,1.002,4,-1.302,6,1,2,1,6,5,1,4,-0.881,2,0
3,4,1,2,0.0,1,2,-0.632,5,5,7,0.0,-2.797,6,0.0,5,1,1,0,7,-2.164,7,7,1,0,6,5,0.913,4,0.501,3,0,7,5,1,6,4,5,-0.859,6,0
0,5,1,0,0.0,0,2,1.449,0,7,4,0.0,1.218,7,0.0,1,0,4,0,6,1.664,2,3,6,0,6,5,1.111,2,-0.969,1,7,5,1,5,6,7,5,0.554,4,0
5,0,1,1,0.0,5,7,-1.134,0,5,7,0.0,1.419,5,0.0,5,0,2,0,1,-2.351,6,4,6,0,6,1,1.08,2,-3.723,4,0,2,1,2,3,2,7,-1.611,4,0
2,7,5,5,0.0,7,7,0.0,1,1,2,0.0,-0.549,5,0.0,2,5,4,0,1,-2.078,3,0,2,0,4,0,0.881,1,-0.741,5,3,2,3,2,2,2,2,-0.428,4,0
1,1,2,5,0.0,3,4,-1.275,2,3,3,0.0,0.859,3,0.0,5,1,3,0,5,-0.832,2,7,0,0,0,1,1.319,7,0.102,1,6,3,2,7,4,4,5,-0.288,1,0
7,1,3,2,0.0,4,7,-0.263,4,2,6,0.0,-1.574,1,0.0,6,5,2,0,0,-2.008,3,1,6,0,0,0,0.997,6,0.21,0,1,3,0,2,5,4,1,0.495,1,0
3,5,6,3,0.0,0,5,-1.23,6,7,4,0.0,0.72,1,0.0,2,1,1,0,1,-1.801,1,1,2,0,0,1,0.878,4,0.314,2,6,3,6,5,6,2,2,0.009,5,0
4,0,0,4,1940.2,6,4,2.092,3,4,1,0.0,0.767,6,0.0,1,7,3,1,6,0.917,5,6,1,1,2,2,1.467,1,2.461,1,0,2,0,3,3,2,0,2.05,3,1
7,6,5,5,0.0,2,2,-0.161,6,6,1,0.0,-1.214,1,0.0,2,6,2,0,1,-0.51,3,2,6,0,7,7,1.514,5,-0.389,0,4,0,5,3,4,1,1,-0.656,0,0
5,6,4,5,0.0,4,3,-1.566,3,3,5,0.0,-4.921,4,0.0,0,0,7,0,4,-0.436,4,0,5,0,2,4,0.906,5,-0.74,0,0,6,4,7,1,3,5,-1.64,0,0
4,1,4,6,0.0,5,3,-0.236,0,7,1,0.0,3.826,2,0.0,7,5,0,0,3,1.928,7,5,2,0,5,1,1.028,0,-1.958,3,3,1,0,0,6,1,0,0.494,7,0
0,1,4,3,0.0,7,1,1.1,0,0,0,0.0,-0.826,5,23.8,6,0,4,1,4,-0.322,3,7,1,0,6,0,1.131,3,-0.063,4,7,0,6,2,7,7,2,0.737,7,1
5,5,5,2,0.0,2,1,0.136,1,1,3,0.0,3.417,4,0.0,1,5,3,0,7,0.579,7,5,4,0,4,7,0.898,2,1.979,1,3,1,5,6,4,0,2,0.857,1,0
0,3,7,6,0.0,0,7,0.872,0,3,6,0.0,1.162,6,0.0,4,4,5,0,6,0.522,7,1,3,0,6,3,1.018,4,0.322,4,4,4,6,5,3,5,3,0.747,3,0
1,1,3,4,0.0,7,3,0.432,4,7,7,0.0,0.694,4,0.0,0,1,4,0,0,0.612,3,0,2,0,2,1,0.904,5,0.158,1,1,5,7,2,1,1,7,0.018,6,0
3,7,7,1,1067.68,7,5,1.082,6,6,3,0.0,2.479,7,0.0,6,3,3,1,7,0.864,7,1,3,0,2,1,1.204,6,0.569,4,7,5,0,1,6,4,3,1.278,5,1
2,4,3,6,0.0,3,6,0.001,5,6,6,0.0,-0.735,7,0.0,7,3,4,0,3,-0.153,6,0,1,0,7,6,1.391,1,-1.032,6,6,1,0,6,7,7,5,0.332,7,0
6,4,0,4,0.0,2,5,0.12,6,3,5,0.0,2.188,2,0.0,1,0,4,0,7,0.061,3,0,5,0,3,2,0.942,2,-1.963,3,1,0,2,6,1,4,4,-0.499,6,0
2,1,5,2,0.0,1,1,1.734,0,4,4,654.66,-0.525,6,0.0,3,7,0,1,3,1.296,0,0,3,1,7,0,1.208,6,1.717,7,0,1,4,3,1,3,7,2.011,4,1
3,6,6,2,452.59,0,5,0.744,1,3,6,0.0,2.69,6,16.95,6,5,4,0,4,0.4,4,6,0,1,1,4,1.35,1,0.845,1,1,1,7,3,1,3,1,1.296,1,1
3,7,2,5,0.0,6,2,-0.117,7,2,5,0.0,-2.598,5,0.0,1,2,0,0,2,-0.474,5,3,5,0,5,2,0.833,6,-2.52,1,3,2,5,4,3,2,1,0.319,6,0
3,0,7,5,1778.42,6,7,0.043,3,4,4,0.0,3.226,4,0.0,7,0,3,0,1,-1.245,1,3,4,1,0,5,1.322,4,1.811,6,4,3,2,3,6,1,7,0.285,3,1
5,3,7,1,0.0,1,2,-0.72,4,7,6,0.0,-5.175,7,0.0,0,7,2,0,0,-2.178,4,5,3,0,6,5,1.015,1,-3.467,5,7,2,6,2,0,7,2,-0.598,6,0
0,6,2,1,1218.31,5,7,2.353,5,2,0,0.0,0.214,0,2.2,3,6,2,0,4,1.233,1,2,6,1,4,3,1.112,7,1.356,4,3,2,2,1,2,6,4,1.623,5,1
2,1,5,0,266.7,4,2,0.506,2,4,5,0.0,2.298,6,0.0,7,1,6,1,3,-0.851,2,2,3,0,3,6,1.384,5,2.141,5,6,0,6,3,4,7,2,0.403,5,1
0,3,1,2,0.0,6,6,-0.001,6,1,2,0.0,-2.998,6,0.0,2,6,6,0,7,-1.156,3,4,4,0,5,0,0.863,4,3.653,7,0,7,5,5,0,3,0,-0.434,7,0
3,3,1,4,0.0,2,4,-1.618,6,5,7,0.0,-0.348,3,0.0,1,2,3,0,1,-2.108,7,7,0,0,0,3,0.997,7,-1.028,1,2,5,7,3,0,3,2,-2.081,5,0
3,0,6,6,0.0,7,4,-1.511,0,1,0,0.0,-1.572,7,0.0,3,0,2,0,5,-0.16,0,6,5,0,0,1,0.678,1,-0.841,6,4,3,3,0,2,7,0,-0.837,5,0
7,6,7,5,0.0,0,0,1.815,1,2,4,147.4,-0.909,2,0.0,4,1,5,1,7,1.1,5,7,0,0,3,7,0.957,3,0.671,1,6,7,0,5,6,0,3,1.61,3,1
5,3,5,2,0.0,1,7,-1.103,6,3,3,0.0,-3.682,2,0.0,0,2,1,0,2,-1.991,5,3,2,0,1,2,0.83,2,-1.247,6,1,6,7,0,1,0,4,-1.142,1,0
1,3,4,3,0.0,5,4,1.589,6,4,0,0.0,3.416,5,0.0,0,6,4,0,5,1.036,6,5,6,0,0,3,0.92,3,1.512,5,4,5,6,7,4,3,5,0.532,4,0
7,5,7,2,1411.48,4,4,1.218,5,1,6,0.0,-0.034,5,0.0,2,3,4,0,4,1.811,5,0,1,1,5,7,0.983,6,0.137,3,4,5,2,6,5,2,2,1.292,4,1
0,2,4,0,0.0,5,5,1.189,6,5,1,0.0,0.816,4,0.0,1,0,1,0,4,0.347,7,2,7,0,4,7,0.979,3,1.366,5,0,3,4,0,7,6,5,1.512,7,0
5,3,7,4,0.0,4,1,-1.169,2,3,3,0.0,-1.034,4,0.0,6,6,2,0,6,-0.863,4,7,7,0,4,2,0.988,2,2.408,2,6,3,7,4,3,5,1,-0.45,0,0
3,5,7,2,0.0,4,1,0.826,3,5,5,0.0,-0.283,7,0.0,0,6,7,0,7,0.303,1,5,3,0,0,1,0.739,1,3.188,5,7,3,2,0,6,3,4,0.496,4,0
7,3,2,6,0.0,6,1,-0.604,2,4,7,0.0,2.381,6,0.0,1,0,7,0,1,2.154,3,2,2,0,3,3,1.246,2,0.947,5,0,1,7,6,7,0,3,0.047,5,0
3,5,7,0,0.0,5,3,-0.788,6,6,0,0.0,-0.77,3,0.0,7,2,7,0,7,-2.018,4,1,1,0,0,7,0.949,4,0.254,0,0,6,7,6,5,6,4,-0.809,1,0
6,2,1,2,0.0,1,0,-0.964,6,5,4,0.0,-4.792,4,0.0,2,0,4,0,6,-3.011,5,4,7,0,0,0,1.284,1,0.529,7,3,1,3,1,2,6,7,-1.792,2,0
1,2,3,7,0.0,2,4,-1.09,5,1,1,0.0,2.369,1,0.0,3,6,7,0,4,-0.873,6,0,6,0,7,2,0.91,3,1.729,4,3,4,0,2,1,6,4,-0.269,1,0
2,7,6,0,0.0,2,7,-0.537,6,6,0,0.0,0.768,2,0.0,3,5,2,0,4,0.398,1,2,1,0,6,3,0.919,3,0.234,3,5,2,6,3,5,3,2,-1.066,7,0
7,5,6,1,0.0,1,7,-1.276,7,6,1,0.0,-4.844,5,0.0,7,7,5,0,5,-1.627,6,5,4,0,0,4,0.87,3,-1.88,0,5,1,6,2,0,6,6,-1.086,7,0
6,4,6,6,0.0,2,3,0.455,7,1,1,0.0,-1.078,2,0.0,5,3,5,0,6,-1.996,0,1,0,0,0,6,1.054,4,-2.001,3,3,0,1,6,5,3,0,-0.044,6,0
2,0,6,3,0.0,6,2,-0.074,2,5,0,0.0,3.924,4,0.0,4,1,3,0,2,0.29,7,7,1,0,3,3,0.836,0,-1.923,2,1,1,4,1,3,4,1,0.064,6,0
0,2,6,4,222.51,2,2,2.595,5,0,7,0.0,0.853,5,0.0,2,3,5,1,1,-0.773,5,5,5,1,1,6,1.039,4,1.805,3,6,2,0,7,6,0,2,1.487,0,1
1,0,1,4,1687.1,7,3,1.793,1,0,5,564.99,2.083,1,0.0,6,6,2,0,3,0.834,1,6,4,1,3,0,0.997,4,2.816,6,1,0,1,3,4,5,7,1.752,6,1
3,7,1,1,0.0,7,0,0.208,7,3,3,0.0,-1.721,2,0.0,4,1,7,0,4,-0.992,1,0,5,0,6,4,1.115,6,-0.603,4,1,3,5,0,7,5,6,0.454,3,0
7,5,4,2,0.0,5,6,-0.272,3,0,1,0.0,0.782,0,0.0,7,7,6,0,6,0.454,5,2,3,0,5,3,0.739,3,1.311,2,7,4,0,4,3,5,3,0.031,3,0
0,7,1,0,0.0,1,5,0.64,7,2,5,0.0,-2.879,1,0.0,5,0,1,0,7,0.811,1,1,2,0,4,3,0.929,2,0.463,3,5,0,1,3,3,5,5,-0.822,7,0
4,0,6,4,0.0,0,7,-0.327,3,4,5,0.0,-1.095,6,0.0,1,2,5,0,1,-1.173,5,6,3,0,4,2,0.94,3,-4.858,1,3,3,7,3,7,3,3,-0.769,6,0
0,5,7,2,0.0,1,0,-2.323,4,1,1,0.0,-1.532,1,0.0,1,1,4,0,6,-4.004,3,4,4,0,4,4,0.836,5,-1.13,6,1,6,4,3,7,2,1,-1.226,3,0
2,6,4,6,0.0,3,3,-2.141,7,2,7,0.0,2.955,4,0.0,3,7,5,0,0,0.565,5,5,1,0,3,4,0.726,7,0.851,3,1,1,2,1,2,0,1,-1.494,7,0
0,0,2,3,0.0,1,6,-1.296,2,4,1,0.0,0.368,6,0.0,6,4,0,0,2,-0.514,7,5,4,0,7,6,0.949,4,-2.865,3,5,6,5,5,1,0,1,-1.172,4,0
3,2,2,4,0.0,2,5,0.253,3,7,6,0.0,0.437,3,0.0,5,2,0,0,0,-0.769,2,7,4,0,0,7,0.882,0,-2.322,5,3,1,7,1,7,4,3,0.069,5,0
5,2,5,0,2020.28,3,5,0.752,7,4,0,0.0,0.589,5,0.0,4,0,6,1,0,2.72,2,2,5,1,6,3,1.14,2,-0.174,0,1,2,6,7,2,1,0,0.804,2,1
2,3,6,4,1834.89,1,4,0.895,0,5,1,0.0,-1.849,0,0.0,7,6,5,1,0,2.341,2,5,0,1,4,6,0.863,6,1.608,2,3,5,3,4,4,5,5,1.021,5,1
6,4,3,5,0.0,4,4,0.169,5,6,1,0.0,0.938,6,0.0,4,0,2,0,1,1.682,0,2,7,0,6,3,0.949,6,-0.689,6,2,1,6,0,2,0,5,0.52,6,0
1,6,0,6,0.0,2,5,-0.398,5,6,6,0.0,-2.347,1,0.0,3,2,2,0,4,1.6,5,5,3,0,0,7,1.047,2,0.174,4,3,0,4,6,5,4,2,-0.427,7,0
5,0,5,2,0.0,1,4,-0.449,5,1,6,0.0,1.879,0,0.0,1,4,0,0,1,-0.96,5,6,0,0,4,6,0.957,7,1.568,4,6,5,5,1,0,6,1,-0.924,4,0
0,3,0,1,644.81,2,5,0.17,3,2,6,0.0,-1.219,5,0.0,6,1,1,0,1,0.65,2,0,5,1,5,3,1.546,1,-0.285,1,3,2,5,7,5,4,6,0.688,6,1
5,6,1,6,0.0,3,4,-0.056,1,5,4,0.0,0.843,0,0.0,4,3,5,0,0,-2.383,1,2,7,0,6,0,0.911,1,-2.134,5,4,1,7,5,3,3,3,-1.177,6,0
0,4,0,5,0.0,2,0,-0.501,0,1,1,0.0,-1.608,6,0.0,5,1,2,0,7,0.985,0,5,0,0,6,1,0.791,7,3.303,2,1,6,2,2,1,4,0,-0.024,5,0
1,5,6,1,0.0,4,7,-0.237,2,5,7,0.0,-3.471,5,0.0,4,4,6,0,4,-1.288,4,4,3,0,2,3,0.838,4,0.316,4,3,5,6,5,3,0,2,-0.971,5,0
4,1,7,2,0.0,2,6,-0.518,1,6,3,0.0,2.146,1,0.0,2,0,2,0,5,-0.002,3,6,5,0,7,6,0.881,4,1.67,5,2,6,2,1,2,1,3,-0.613,5,0
6,3,1,5,0.0,4,0,1.239,5,4,7,0.0,0.185,7,0.0,0,2,6,0,6,0.703,4,5,6,0,3,1,0.834,2,1.878,5,6,2,6,0,6,4,7,0.525,0,0
5,0,4,0,0.0,0,1,0.295,6,4,6,0.0,-0.346,1,0.0,6,6,3,0,0,-0.483,1,6,5,0,7,7,1.06,4,-0.541,1,7,5,0,6,2,5,4,0.461,4,0
0,4,6,0,0.0,0,4,-1.036,6,1,6,0.0,-2.413,2,0.0,4,7,0,0,7,0.339,3,2,3,0,1,5,0.622,3,-1.772,3,1,7,1,0,7,7,6,-1.059,5,0
7,0,2,7,0.0,1,6,-0.42,3,1,3,0.0,-2.492,7,0.0,0,7,0,0,3,-1.427,5,7,0,0,0,6,0.985,0,-0.902,6,6,6,3,5,3,3,1,-0.577,7,0
0,5,3,3,422.41,0,4,3.959,4,0,1,0.0,3.24,4,0.0,3,3,0,1,6,3.976,6,2,7,1,6,3,1.315,5,2.807,0,5,1,7,0,6,7,7,3.642,2,1
7,7,6,6,0.0,3,0,0.401,1,4,5,0.0,-0.213,1,0.0,4,5,6,0,0,1.767,1,0,6,0,3,6,0.881,2,1.093,4,0,1,2,7,4,1,1,0.87,7,0
2,2,7,7,0.0,6,4,-1.899,0,2,1,0.0,0.615,3,0.0,3,6,3,0,5,-1.272,6,2,6,0,2,5,0.903,4,1.413,0,4,2,6,0,2,6,4,-0.617,2,0
0,0,7,0,0.0,4,4,-0.367,4,1,4,0.0,-0.277,2,0.0,0,3,1,0,2,-1.175,4,4,0,0,0,5,0.76,7,4.131,5,5,4,0,6,5,7,6,-0.217,7,0
7,6,7,5,0.0,4,7,1.553,6,6,7,0.0,4.302,1,0.0,5,2,0,0,1,1.99,7,0,4,0,0,6,1.42,6,-0.855,5,1,1,3,6,0,3,3,1.081,2,0
4,2,7,4,0.0,1,4,-0.283,6,5,0,0.0,0.495,7,0.0,7,2,0,0,2,2.264,5,3,0,0,0,6,0.662,4,1.801,4,3,7,5,2,4,0,4,-0.273,0,0
0,3,7,0,1612.15,6,6,1.369,7,1,1,292.36,0.606,6,0.0,4,0,7,1,0,-0.887,2,2,4,0,5,2,1.141,7,1.513,5,2,4,3,2,0,7,2,1.561,4,1
1,6,5,4,310.25,0,6,0.666,4,2,4,0.0,0.841,4,0.0,6,2,7,1,3,1.565,1,5,3,1,1,0,0.876,6,1.294,4,3,3,2,3,4,5,3,1.57,7,1
4,6,4,2,0.0,7,7,3.036,1,7,7,0.0,1.492,2,22.33,3,5,4,1,2,2.457,1,5,2,1,7,7,1.562,6,4.718,2,4,3,3,4,3,0,6,3.264,5,1
7,5,0,6,0.0,6,6,1.612,7,4,4,0.0,1.072,6,0.0,4,5,1,0,1,0.585,4,6,5,0,1,7,0.919,0,0.377,1,5,3,5,4,3,1,5,0.647,7,0
3,0,5,7,871.7,1,4,1.749,6,5,3,0.0,5.364,5,0.0,2,4,4,1,1,2.086,6,4,5,1,3,7,1.211,3,2.836,5,5,2,2,3,7,7,4,1.795,7,1
3,0,1,6,1233.79,5,0,0.503,6,4,7,0.0,4.354,5,0.0,7,5,4,0,3,1.031,7,3,3,1,2,7,1.204,4,-1.103,4,3,3,0,6,2,6,0,0.333,7,1
4,2,0,0,0.0,2,2,-0.75,2,3,4,0.0,1.332,7,0.0,7,4,6,0,7,-0.534,5,0,3,0,2,3,1.081,1,1.92,5,2,2,2,4,6,3,3,0.317,0,0
5,5,4,6,0.0,3,5,-0.668,6,1,7,0.0,-2.476,2,0.0,7,5,7,0,6,-0.8,4,5,7,0,0,6,1.196,2,-1.793,7,3,1,5,2,7,5,1,-1.288,5,0
3,3,7,5,217.16,6,2,0.616,1,7,4,0.0,0.839,0,0.0,4,4,0,0,1,-0.626,1,0,0,1,4,7,1.188,4,0.319,0,1,7,7,4,0,5,5,0.986,2,1
1,5,3,6,1814.11,7,2,0.8,1,3,4,0.0,2.402,6,0.0,4,4,0,1,7,2.712,4,0,1,0,4,7,1.063,0,-0.323,5,4,4,2,1,7,6,0,0.591,7,1
2,6,1,1,0.0,2,1,-0.994,6,4,5,0.0,3.456,7,0.0,3,1,6,0,2,-1.854,2,1,7,0,0,1,0.912,6,-1.589,7,2,4,5,2,7,1,1,-0.753,5,0
6,1,6,4,0.0,1,5,-0.881,6,6,2,0.0,-2.765,1,0.0,6,3,1,0,2,0.34,0,4,2,0,5,5,1.013,3,-1.154,4,3,5,1,2,5,7,2,-0.894,3,0
7,3,4,6,0.0,5,4,0.199,1,6,0,0.0,0.8,2,0.0,0,2,2,0,7,0.602,2,1,7,0,7,0,0.688,4,-3.47,1,4,0,1,3,2,6,7,0.655,7,0
7,2,3,4,1741.71,4,5,2.125,4,5,0,0.0,0.302,7,0.0,3,6,0,1,7,1.393,2,3,1,1,6,1,1.039,6,5.288,6,6,3,4,5,4,5,0,1.566,2,1
4,1,2,6,0.0,4,3,1.304,7,3,2,0.0,0.682,0,0.0,4,3,6,1,1,0.983,2,1,6,1,2,1,1.588,3,-0.577,4,5,3,7,0,7,3,4,1.067,0,1
3,6,4,0,0.0,0,4,0.334,1,5,4,0.0,1.682,1,0.0,7,6,7,0,3,0.422,2,1,4,0,7,0,1.013,2,-0.005,4,6,7,6,1,6,7,4,0.944,3,0
2,3,7,5,0.0,2,5,-0.358,6,4,4,0.0,1.521,4,0.0,7,1,4,0,3,-0.054,1,6,3,0,0,5,1.151,0,1.457,5,2,2,1,0,6,3,0,-0.323,0,0
0,5,5,3,700.13,3,0,-0.163,4,7,3,0.0,-0.975,4,0.0,7,3,2,1,1,2.015,6,6,1,1,7,4,1.054,7,1.313,6,5,6,3,0,3,4,6,0.37,1,1
0,5,6,2,1610.6,7,5,2.326,4,5,2,0.0,0.054,7,0.0,4,2,2,1,5,3.149,2,1,6,1,1,4,1.664,2,0.554,7,4,5,0,3,5,2,4,1.839,4,1
5,4,1,1,0.0,7,4,0.093,1,4,7,0.0,-0.388,2,0.0,0,5,2,0,0,0.93,1,7,4,0,5,3,1.122,5,1.116,6,1,6,4,6,3,6,1,0.439,0,0
4,5,3,0,0.0,1,1,0.704,7,0,3,0.0,0.873,6,0.0,6,4,4,0,3,1.25,0,4,6,0,5,5,1.106,5,0.086,1,3,2,4,6,7,6,5,0.499,5,0
3,1,5,0,0.0,0,4,-0.63,6,2,4,0.0,0.719,1,0.0,0,5,4,0,7,-0.729,2,0,6,0,1,1,1.258,7,-1.502,5,5,6,2,4,7,3,7,-0.441,6,0
4,2,5,6,0.0,7,5,-0.808,1,5,7,0.0,-0.383,6,0.0,4,4,4,0,4,1.762,4,0,6,0,2,3,1.416,4,1.533,4,6,7,6,4,7,3,4,-0.698,7,0
6,1,4,6,0.0,5,5,-1.824,0,7,2,0.0,0.613,0,0.0,2,7,5,0,4,-2.019,2,0,3,0,0,5,1.299,7,-2.999,5,4,7,1,5,6,3,4,-2.191,7,0
4,0,0,6,0.0,3,3,-1.027,7,2,4,0.0,-2.208,1,0.0,5,0,7,0,4,-0.523,4,5,5,0,6,6,0.796,0,0.328,7,6,6,7,5,7,4,6,-0.189,1,0
0,0,1,0,0.0,1,7,-0.34,2,2,7,0.0,-4.122,7,0.0,6,4,2,0,5,0.1,5,6,2,0,3,6,0.847,5,-0.717,0,4,1,4,5,4,1,3,-0.624,1,0
3,6,6,2,0.0,3,6,-1.397,2,5,6,0.0,0.623,5,0.0,6,7,2,0,0,-2.26,2,0,6,0,1,4,1.139,4,-0.616,3,6,5,5,7,4,7,5,-1.786,6,0
6,2,6,7,196.05,4,2,0.693,5,3,5,0.0,2.619,3,20.86,5,6,1,1,6,0.269,3,3,4,0,4,4,0.892,1,2.03,7,5,0,6,1,0,1,0,1.066,5,1
4,2,2,7,581.59,5,7,2.669,2,6,6,0.0,4.962,5,0.0,4,1,0,0,6,-0.983,2,1,3,1,2,0,1.156,7,2.758,0,2,3,5,5,3,6,1,1.651,1,1
0,5,2,2,0.0,0,5,-0.515,0,6,0,0.0,1.092,7,0.0,3,3,5,0,7,-1.417,4,1,1,0,5,5,1.116,3,-1.073,0,6,5,5,3,3,4,0,-0.668,3,0
1,0,2,7,0.0,6,5,-0.77,0,5,6,0.0,1.496,6,0.0,0,6,2,0,5,0.093,5,4,4,0,7,5,1.248,1,0.171,2,4,4,4,2,3,5,7,-0.316,5,0
7,0,4,0,0.0,5,1,-0.208,0,3,5,0.0,1.986,3,0.0,0,6,4,0,1,-0.358,0,1,1,0,1,5,1.099,4,2.414,6,5,4,7,3,0,0,5,-0.339,6,0
6,3,2,2,0.0,1,2,-1.659,2,6,1,0.0,-0.202,5,0.0,0,5,1,0,2,-0.601,2,7,7,0,7,5,0.927,5,-2.944,4,0,0,0,1,7,6,0,-1.748,7,0
3,6,1,3,0.0,6,1,1.061,3,3,1,0.0,0.902,6,0.0,4,6,2,0,0,-0.734,3,4,2,0,5,6,0.759,1,3.445,1,2,1,2,2,4,5,1,0.613,6,0
5,5,5,6,0.0,6,0,0.767,3,0,1,0.0,-1.405,3,0.0,3,6,6,0,3,0.318,0,1,0,0,7,1,1.392,3,0.706,5,1,0,5,5,4,0,0,0.01,0,0
7,7,5,7,0.0,1,7,-0.668,7,1,0,0.0,1.657,1,0.0,1,0,1,0,3,-0.058,4,3,7,0,7,5,1.062,2,0.445,2,3,0,4,6,4,3,2,0.352,3,0
1,2,5,4,0.0,5,2,0.246,5,1,6,0.0,0.642,0,0.0,4,2,5,0,0,-0.669,5,4,3,0,6,6,1.059,5,-1.85,6,1,6,5,6,6,5,4,-0.847,5,0
3,1,3,7,416.36,1,4,1.889,0,5,5,0.0,4.316,0,0.0,3,2,2,1,2,0.232,4,2,0,1,0,5,1.288,0,2.514,1,1,0,6,3,1,3,1,1.431,1,1
7,2,2,4,0.0,3,1,0.194,2,2,3,0.0,0.475,2,0.0,1,5,4,0,1,1.642,5,2,7,0,6,3,1.156,7,-0.673,0,6,5,1,6,7,5,6,0.237,2,0
0,5,3,5,1490.63,0,7,1.191,1,1,5,0.0,0.87,2,0.0,1,1,1,1,5,1.407,7,1,3,0,2,7,1.121,6,0.881,0,2,2,0,4,3,6,3,1.569,4,1
4,3,2,4,439.25,0,5,1.06,5,4,7,0.0,-1.324,1,0.0,0,0,4,0,2,2.017,1,1,1,1,1,6,1.145,7,-0.597,1,5,4,4,3,1,7,4,0.823,1,1
5,6,5,5,0.0,2,2,0.417,1,2,0,0.0,3.795,3,0.0,7,7,3,0,3,1.263,0,3,5,0,3,2,0.958,0,-0.608,0,0,2,7,0,7,7,1,0.233,7,0
0,6,4,4,0.0,0,2,-1.159,5,1,4,0.0,2.169,7,0.0,6,1,1,0,6,-1.355,3,1,3,0,6,3,0.937,5,-0.809,4,7,7,3,3,0,3,2,-1.441,1,0
6,3,6,3,0.0,0,5,0.389,7,6,7,0.0,0.048,0,0.0,3,1,5,0,7,-0.428,3,7,4,0,1,5,0.568,7,0.036,6,1,0,7,5,0,3,2,0.755,5,0
6,7,1,4,0.0,3,7,-0.567,7,7,6,0.0,-1.788,3,0.0,6,1,6,0,3,-1.975,3,4,3,0,4,1,0.816,3,1.229,7,2,3,1,0,0,3,4,-0.636,4,0
0,7,0,2,0.0,6,6,0.461,4,7,5,0.0,-1.394,3,0.0,5,7,3,0,0,0.795,0,5,1,0,0,7,1.013,7,2.551,2,7,0,2,4,0,2,0,-0.283,6,0
5,1,2,3,0.0,0,6,-0.976,6,1,1,0.0,-1.762,4,0.0,5,7,2,0,6,0.215,0,7,1,0,3,6,1.13,5,-0.99,4,4,3,1,3,0,0,5,-1.288,4,0
1,1,6,4,0.0,0,1,0.899,3,6,1,0.0,3.597,2,0.0,0,4,1,0,5,1.262,0,1,7,0,2,5,1.231,7,-0.325,1,2,5,3,0,7,2,0,0.736,1,0
5,1,1,6,0.0,1,2,-1.477,0,3,1,0.0,-0.694,0,0.0,3,3,4,0,1,-1.171,6,3,3,0,0,4,1.055,5,-0.23,6,2,0,7,6,5,5,7,-1.783,1,0
5,0,4,4,0.0,7,6,-0.395,2,6,6,0.0,1.97,2,0.0,1,2,7,0,7,-0.039,4,6,3,0,2,2,1.004,0,1.747,4,2,4,0,4,7,2,3,-0.776,0,0
2,3,0,6,0.0,6,0,-0.471,0,3,3,0.0,-1.098,3,0.0,3,4,4,0,5,-1.984,3,3,7,0,2,2,1.03,2,-0.221,6,3,1,1,0,2,4,7,-1.317,4,0
7,7,0,6,0.0,6,3,0.098,0,3,5,0.0,0.629,6,0.0,1,4,7,0,6,-2.063,3,5,4,0,3,2,1.01,4,-1.185,5,7,1,5,2,4,6,1,-0.23,0,0
2,0,7,5,0.0,1,6,1.463,7,2,2,0.0,0.62,3,0.0,7,2,5,0,0,2.58,6,1,7,0,2,3,1.123,2,2.458,7,3,3,3,5,0,5,2,0.452,3,0
0,5,2,4,0.0,1,6,-2.283,1,6,1,0.0,-4.69,7,0.0,0,4,6,0,2,-1.209,3,6,4,0,2,3,1.053,1,-0.615,7,4,0,6,2,7,5,2,-1.032,1,0
4,0,6,1,0.0,6,7,0.089,0,3,1,0.0,-1.57,0,0.0,2,0,5,0,1,-0.317,4,3,6,0,3,7,1.382,6,1.682,4,5,4,3,4,1,0,3,0.053,1,0
3,7,3,2,0.0,4,6,-1.543,4,4,7,0.0,-0.252,6,0.0,4,4,7,0,5,-1.671,0,3,2,0,4,4,1.121,2,-1.203,0,4,0,4,0,4,5,4,-1.289,0,0
3,0,2,5,0.0,6,3,-0.331,0,2,7,0.0,-0.553,3,0.0,6,2,1,0,1,-0.745,2,2,3,0,5,3,1.321,0,0.672,1,1,7,2,7,1,5,7,-0.231,5,0
4,1,6,2,513.66,3,3,1.894,2,6,3,0.0,1.413,1,0.0,1,2,1,1,3,2.209,6,0,3,0,4,5,1.149,1,0.752,6,2,2,1,7,0,6,0,0.834,6,1
4,5,5,6,0.0,5,6,-0.91,2,5,3,0.0,1.618,5,0.0,0,0,1,0,4,-0.774,4,2,7,0,7,2,1.041,4,-1.201,6,7,6,4,2,4,2,7,-0.82,6,0
4,3,2,4,1703.95,4,4,0.736,0,7,2,0.0,2.578,2,0.0,5,7,4,0,3,0.321,5,7,4,1,2,7,1.078,5,0.613,7,6,2,3,0,6,1,3,0.696,4,1
4,6,4,4,1344.57,6,1,0.637,1,0,7,0.0,-1.202,3,0.0,3,2,6,1,7,0.894,3,3,4,0,1,1,1.237,4,1.065,1,6,2,4,2,4,7,5,0.683,2,1
4,1,4,3,1626.69,2,3,1.715,0,7,3,0.0,-1.004,7,0.0,7,4,3,1,2,0.461,2,4,1,1,6,4,1.048,0,1.836,0,2,5,6,2,2,0,3,1.65,5,1
5,7,4,5,0.0,5,2,1.335,1,0,2,0.0,2.43,3,0.0,4,7,6,0,0,1.163,0,5,3,0,1,0,0.906,5,-1.67,0,7,1,4,5,6,3,1,0.25,3,0
5,4,7,0,1971.93,1,1,1.257,4,4,1,344.82,1.151,7,0.0,1,2,2,1,6,0.628,0,1,3,0,5,6,0.886,0,2.234,1,7,6,5,5,1,1,4,1.523,3,1
5,2,0,5,625.91,6,0,-0.476,7,2,6,0.0,0.384,2,0.0,0,0,4,0,5,-1.61,2,6,2,1,4,2,1.213,1,-1.728,1,3,4,2,1,1,1,3,0.227,1,1
0,0,4,3,0.0,7,4,0.993,0,7,0,0.0,2.182,2,0.0,5,2,6,0,6,1.107,5,4,6,0,2,6,0.956,7,0.656,4,4,6,3,4,1,5,5,0.661,2,0
2,1,0,4,0.0,1,4,1.236,2,1,3,0.0,1.295,7,0.0,5,3,5,0,7,1.2,3,2,7,0,0,6,1.394,2,5.224,3,7,3,2,0,0,4,0,0.756,0,0
4,4,6,0,0.0,0,1,-0.576,5,7,1,0.0,-0.813,0,0.0,1,1,0,0,7,0.039,4,3,0,0,6,3,0.75,3,0.977,3,1,5,4,7,3,4,5,-0.889,5,0
1,5,1,0,0.0,4,4,0.005,3,2,0,0.0,-3.104,7,0.0,5,1,2,0,4,-1.841,6,7,6,0,1,6,0.854,0,0.314,5,4,4,4,7,3,5,2,-0.208,7,0
0,1,2,5,0.0,4,7,-0.689,0,7,4,0.0,0.576,2,0.0,3,2,7,0,3,-0.16,3,6,6,0,7,3,1.012,2,-1.166,5,0,6,0,6,7,0,1,0.295,5,0
6,7,1,6,0.0,0,0,-2.046,6,7,7,0.0,-1.02,4,0.0,5,0,3,0,7,-0.177,7,5,3,0,3,4,1.306,2,-3.194,2,6,5,2,3,6,0,6,-1.269,0,0
2,3,2,1,0.0,7,3,-0.062,2,6,0,0.0,-0.035,6,0.0,0,3,6,0,5,-0.723,0,7,0,0,6,3,0.79,0,-3.592,6,1,3,3,0,1,0,0,-0.639,1,0
0,5,1,3,1137.59,7,6,0.862,2,1,4,0.0,1.461,1,0.0,7,4,1,1,3,1.093,5,2,5,0,2,5,1.527,5,3.44,3,1,7,2,7,6,7,5,1.091,1,1
5,4,2,6,0.0,0,3,-0.494,1,1,0,0.0,2.642,4,0.0,5,0,3,0,0,0.12,0,1,1,0,0,7,1.006,3,0.925,6,6,5,4,0,5,3,7,0.197,0,0
0,7,2,6,0.0,3,0,-0.12,4,6,0,0.0,-0.548,3,0.0,0,2,4,0,3,0.527,0,3,1,0,7,6,1.265,0,-0.39,2,5,7,4,6,7,3,4,-0.786,4,0
6,4,0,2,0.0,6,2,-0.265,1,6,0,0.0,4.006,1,0.0,3,6,2,0,7,-2.471,1,7,4,0,2,7,1.052,0,0.652,4,5,6,1,4,5,6,6,-0.297,7,0
1,3,0,2,0.0,4,1,0.863,6,1,5,0.0,2.199,2,0.0,0,2,3,0,5,2.496,1,2,1,0,1,5,0.884,7,-0.318,4,2,4,5,7,0,5,5,0.399,2,0
2,1,6,1,1998.19,5,6,-0.079,2,5,3,0.0,4.967,2,2.42,1,7,6,0,0,1.837,7,7,3,1,6,3,1.461,5,4.428,7,1,7,6,3,3,6,6,1.058,1,1
7,4,2,3,0.0,3,1,-1.565,5,2,1,0.0,-0.412,0,0.0,2,3,4,0,6,-2.001,2,2,3,0,0,0,0.975,2,-2.105,6,5,5,3,7,6,2,6,-1.203,7,0
3,1,5,4,0.0,0,2,0.636,1,5,5,0.0,4.448,6,0.0,2,0,0,0,5,-1.541,2,6,2,0,7,2,0.832,0,-1.615,7,2,4,0,0,4,6,7,0.817,6,0
7,2,3,2,2057.65,1,3,1.254,6,5,0,0.0,4.59,1,0.0,6,6,3,1,6,1.548,1,0,7,1,0,5,0.936,6,0.238,0,6,2,4,1,2,2,6,1.778,2,1
6,7,0,4,754.18,3,1,1.19,7,3,5,0.0,-1.345,2,0.0,3,2,0,0,0,1.559,2,3,1,1,6,1,1.051,6,-0.546,0,0,2,0,6,0,6,1,1.06,0,1
3,2,3,2,0.0,1,6,-0.332,4,5,0,0.0,-1.592,0,0.0,5,0,7,0,2,-2.557,0,1,1,0,1,2,1.137,0,1.523,0,4,4,5,0,2,0,5,-0.044,0,0
6,7,5,3,0.0,6,2,0.774,5,2,2,0.0,0.567,6,0.0,2,2,4,0,2,1.819,2,0,2,0,6,1,0.862,1,-0.372,3,2,4,3,4,2,3,4,1.063,2,0
0,3,1,2,0.0,7,2,1.371,6,4,6,0.0,-1.746,0,0.0,0,0,2,0,1,-1.431,7,6,4,0,6,2,1.001,6,-1.117,6,1,5,3,6,7,1,6,0.398,0,0
4,0,3,1,0.0,3,5,0.099,3,7,5,0.0,0.451,7,0.0,4,3,1,0,2,-0.754,2,5,4,0,5,3,1.271,3,-1.402,5,6,5,0,1,0,1,0,-1.072,1,0
2,1,4,2,0.0,5,7,-0.208,4,2,3,0.0,-1.445,1,0.0,5,6,1,0,4,0.608,0,2,0,0,2,1,1.189,4,2.168,6,6,6,7,7,6,2,4,-0.402,7,0
7,7,4,6,0.0,5,5,0.241,1,1,3,0.0,1.468,5,0.0,2,1,6,0,6,1.137,2,3,2,0,2,4,0.816,4,1.316,5,5,6,1,4,6,1,6,0.746,5,0
3,5,5,7,0.0,1,3,0.525,6,0,3,0.0,-4.505,6,0.0,4,0,0,0,3,1.091,2,0,1,0,2,5,1.174,1,-2.657,4,4,1,5,3,7,2,6,0.211,5,0
0,7,7,2,0.0,5,4,0.576,6,4,7,0.0,-4.185,5,0.0,0,1,5,0,2,-1.466,3,4,7,0,4,2,0.905,1,0.846,5,4,7,2,3,5,2,6,-0.685,3,0
5,0,6,7,0.0,3,1,-0.179,7,4,4,0.0,-1.888,5,0.0,3,0,0,0,5,1.2,6,5,7,0,1,1,1.159,2,-0.476,5,1,6,3,7,3,4,0,-0.525,2,0
5,7,5,2,0.0,5,7,-0.824,2,2,6,0.0,0.568,6,0.0,7,4,6,0,6,-0.496,5,4,5,0,7,5,1.356,4,0.083,0,0,4,6,3,1,0,3,-0.476,7,0
4,5,1,2,0.0,2,6,-0.745,0,1,4,0.0,-1.433,3,0.0,5,1,5,0,2,-2.031,2,3,3,0,6,5,0.96,6,2.167,7,7,3,6,7,4,4,5,-0.602,7,0
4,2,1,0,0.0,4,7,0.071,3,0,3,0.0,2.806,5,0.0,6,7,7,0,6,1.84,6,2,3,0,4,6,1.287,2,0.479,4,0,0,2,1,6,1,4,-0.04,3,0
3,3,1,3,0.0,1,5,0.583,2,6,3,0.0,1.178,2,0.0,5,0,3,0,4,-0.162,6,7,0,0,1,4,1.22,7,-4.148,1,1,4,1,5,2,0,3,0.312,2,0
1,3,5,2,0.0,0,6,-1.515,7,6,5,0.0,-1.905,6,0.0,5,2,2,0,6,-1.684,7,2,1,0,3,2,0.965,3,-1.236,5,0,5,5,6,4,5,7,-1.337,7,0
0,4,6,2,0.0,2,1,0.723,0,6,7,0.0,1.574,3,0.0,3,4,5,0,6,1.954,6,5,4,0,1,4,0.854,7,-0.366,4,1,5,3,3,1,2,0,0.5,7,0
2,3,4,7,2053.99,3,2,1.451,1,4,2,0.0,3.377,1,12.13,5,1,7,1,2,1.465,2,3,1,1,6,0,1.66,6,0.543,1,2,1,7,3,1,6,6,1.725,4,1
5,5,6,6,1561.94,0,5,1.965,4,1,2,0.0,1.071,3,0.0,0,3,7,0,6,1.605,7,6,7,1,1,1,1.504,3,0.19,0,2,6,1,3,5,3,0,1.041,2,1
4,7,6,1,0.0,2,6,-2.888,0,3,5,0.0,-3.552,0,0.0,4,3,4,0,4,-4.643,3,4,0,0,7,4,1.058,4,-4.163,6,3,5,0,2,4,5,3,-2.645,0,0
7,1,7,3,0.0,2,2,-0.559,7,6,6,0.0,2.094,4,0.0,0,7,4,0,3,-0.012,2,4,4,0,7,4,0.97,6,0.078,2,1,3,6,7,5,6,7,-0.595,5,0
6,4,7,7,0.0,4,1,-0.203,3,0,7,0.0,1.064,4,0.0,4,5,0,0,1,-0.081,1,3,3,0,4,2,0.735,4,-0.716,5,1,7,2,1,0,6,1,0.145,5,0
5,1,4,7,0.0,6,3,-1.175,1,1,7,0.0,-0.74,6,0.0,0,6,2,0,7,-1.28,6,7,2,0,7,7,0.772,0,2.154,1,5,5,2,7,3,6,0,-1.211,1,0
0,4,6,6,0.0,4,5,1.537,4,5,0,0.0,1.095,0,0.0,4,3,4,0,5,-0.059,5,3,2,0,4,5,0.776,1,-1.803,7,6,0,2,4,6,5,7,0.561,4,0
5,2,3,3,0.0,6,6,-1.653,2,5,6,0.0,-2.624,5,0.0,4,2,3,0,3,-0.624,1,0,7,0,6,5,1.082,2,0.906,7,3,5,3,0,4,2,1,-0.21,4,0
3,3,3,4,0.0,5,0,0.585,7,6,5,0.0,-1.18,6,0.0,6,5,2,0,1,-0.923,5,1,5,0,1,2,1.102,7,3.355,5,2,7,5,2,4,5,6,0.064,0,0
2,6,7,5,0.0,3,3,0.369,5,1,3,0.0,-0.954,7,0.0,1,4,3,0,0,-0.043,0,5,0,0,7,4,1.097,7,1.581,3,1,4,6,4,4,1,3,0.384,7,0
5,0,5,4,0.0,0,5,-0.513,5,7,2,0.0,-2.562,7,0.0,4,3,5,0,4,-1.168,7,1,1,0,2,3,1.201,2,-1.134,5,6,7,4,4,2,4,4,-1.498,6,0
3,0,0,3,0.0,7,7,-0.021,3,6,6,0.0,2.725,0,0.0,4,1,2,0,0,-3.116,1,5,5,0,3,3,1.024,2,-3.218,7,0,3,2,1,1,1,1,-0.208,4,0
1,1,2,7,0.0,3,0,1.126,4,5,6,0.0,-1.889,1,0.0,3,3,7,0,2,-1.016,0,6,7,0,3,4,0.956,1,1.995,6,5,4,0,2,1,7,6,-0.027,3,0
6,0,7,2,202.85,0,6,1.234,6,4,7,0.0,2.45,3,0.0,1,0,0,1,1,1.753,4,4,3,0,1,3,0.91,0,2.309,4,6,4,0,5,7,0,2,1.257,1,1
4,1,3,3,0.0,3,5,-1.207,0,6,0,0.0,0.497,2,0.0,6,6,7,0,4,-1.924,0,4,0,0,3,7,1.39,3,-4.28,3,4,3,0,3,2,6,5,-1.714,5,0
7,3,4,5,0.0,6,1,0.163,1,2,3,0.0,1.752,7,0.0,1,7,7,0,3,-0.854,2,6,2,0,2,2,0.946,2,0.832,1,5,7,4,1,5,2,4,-0.046,2,0
3,3,6,6,0.0,5,6,1.266,4,1,5,0.0,1.907,1,0.0,2,5,7,1,5,1.238,2,0,6,0,0,7,1.194,5,-0.042,0,0,3,5,2,7,4,1,1.186,6,1
3,2,1,3,0.0,2,5,0.087,3,7,0,0.0,3.03,4,0.0,2,6,2,0,5,-0.807,0,4,3,0,5,3,0.958,4,-1.352,7,5,3,0,7,4,7,5,-0.023,6,0
4,1,1,2,0.0,3,7,1.288,5,2,3,0.0,-1.018,7,0.0,4,5,7,1,0,-0.157,6,0,7,1,4,6,1.302,6,-0.204,5,6,4,3,2,1,4,4,1.107,4,1
5,3,6,3,0.0,5,7,-2.402,7,2,4,0.0,-2.574,7,0.0,7,3,2,0,1,-1.153,2,7,7,0,2,0,0.84,1,-4.243,7,3,0,6,7,3,2,4,-1.921,0,0
2,6,7,2,0.0,1,5,0.169,5,6,5,0.0,-1.148,1,0.0,2,7,0,0,4,0.309,2,6,5,1,6,3,1.118,5,3.008,1,3,0,4,6,0,3,3,0.796,1,1
6,7,3,6,0.0,5,1,-1.805,0,5,4,0.0,-2.895,4,0.0,6,2,5,0,7,-1.536,2,5,1,0,5,7,1.104,2,-1.497,2,4,7,1,6,0,4,3,-1.341,4,0
2,0,0,1,0.0,0,3,-0.375,0,0,6,0.0,3.596,3,0.0,2,6,1,0,2,-0.583,1,1,4,0,0,3,1.34,3,1.027,6,7,5,6,7,1,1,2,0.296,3,0
5,3,1,7,575.13,1,7,2.215,5,4,1,0.0,0.382,6,0.0,4,2,5,1,3,0.395,2,1,2,1,0,2,1.336,4,1.021,5,6,7,1,5,7,3,0,1.57,6,1
4,0,4,5,0.0,3,6,-1.98,4,1,7,0.0,3.879,0,0.0,3,3,2,0,1,-1.178,1,3,2,0,7,0,1.077,6,-0.917,1,5,6,5,2,7,4,7,-1.098,6,0
0,0,5,6,62.22,4,2,1.394,7,1,0,204.93,3.096,7,0.0,2,4,1,1,4,0.428,7,5,6,1,6,2,1.418,6,2.281,1,5,7,2,1,2,6,7,1.289,1,1
4,4,2,5,947.42,1,5,1.303,4,6,3,0.0,3.121,0,0.0,1,5,0,1,3,1.783,2,7,5,0,7,0,0.92,2,4.015,0,5,4,6,3,7,0,7,0.939,1,1
4,4,7,7,0.0,1,2,0.099,5,4,7,0.0,0.704,7,0.0,7,1,6,0,6,1.128,6,6,2,0,2,1,0.978,6,0.857,1,5,7,0,7,1,0,1,0.429,5,0
0,3,5,1,0.0,7,4,1.004,7,7,2,0.0,-0.734,0,0.0,1,0,3,0,3,0.733,7,6,6,0,6,4,0.974,7,2.633,2,5,6,4,1,3,7,7,0.067,6,0
0,1,2,5,0.0,6,6,-1.113,1,6,2,0.0,-3.085,3,0.0,3,7,5,0,6,-0.196,0,4,5,0,3,0,0.418,7,-0.015,7,0,1,4,5,6,5,3,-1.167,2,0
6,4,2,4,0.0,5,6,-0.324,3,3,7,0.0,-1.143,6,0.0,1,5,7,0,6,-0.386,6,5,5,0,6,0,1.219,2,-1.106,1,1,1,6,1,6,2,5,-0.472,1,0
5,6,6,4,0.0,0,2,-0.768,2,5,6,0.0,0.497,2,0.0,0,3,6,0,2,0.605,0,4,6,0,4,3,1.182,2,-1.511,4,4,4,0,0,4,6,3,0.097,0,0
7,4,3,2,647.11,3,7,-0.054,7,2,0,0.0,3.154,3,0.0,0,6,5,0,3,-0.618,5,7,5,1,7,3,1.214,6,0.963,0,7,0,0,6,0,6,4,0.57,3,1
2,3,2,5,0.0,2,7,-0.023,7,6,4,0.0,3.929,2,0.0,4,3,4,0,4,-0.379,2,6,7,0,1,5,0.901,1,-0.335,6,1,4,0,6,0,1,6,-0.232,4,0
3,2,2,6,0.0,4,7,-2.117,2,6,0,0.0,-2.621,7,0.0,0,2,2,0,1,-0.639,6,1,2,0,3,0,0.612,2,-1.39,1,4,7,5,1,6,2,2,-1.829,5,0
5,0,5,1,0.0,4,1,-1.427,6,0,6,0.0,-2.701,7,0.0,7,4,4,0,1,0.303,5,5,1,0,7,1,1.043,4,-0.093,4,3,6,4,0,3,2,4,-0.834,5,0
7,5,3,2,799.82,4,3,0.839,7,2,0,0.0,1.386,7,14.07,3,3,2,1,6,-0.897,7,4,5,0,1,7,1.307,0,2.079,4,4,6,4,6,5,0,1,0.211,4,1
3,2,5,5,0.0,6,1,-1.369,1,0,2,0.0,-1.082,0,0.0,2,4,2,0,6,0.286,5,2,6,0,3,0,1.045,3,-1.965,2,7,6,3,5,5,4,6,-0.878,3,0
2,1,7,2,0.0,7,3,0.172,0,1,0,0.0,2.004,0,0.0,1,5,1,0,4,-0.358,3,2,7,0,5,0,1.145,2,0.669,0,6,0,1,7,3,3,4,0.276,3,0
6,5,7,5,0.0,2,0,-0.038,3,5,2,0.0,-1.229,0,0.0,1,0,0,0,5,0.109,4,2,7,0,2,7,1.005,4,-0.534,5,0,7,4,0,1,1,3,0.506,0,0
2,5,1,1,0.0,5,7,-1.261,4,3,2,0.0,-1.003,3,0.0,2,5,4,0,0,0.338,3,0,2,0,3,7,0.685,1,-1.768,2,0,5,3,6,3,4,7,-0.877,2,0
4,1,0,4,0.0,1,3,0.697,7,4,3,0.0,4.51,2,0.0,5,5,2,0,4,1.555,0,5,5,0,2,1,0.901,6,1.145,3,7,4,2,5,5,7,1,0.502,0,0
0,0,1,6,0.0,5,1,-0.048,5,2,4,0.0,-2.342,1,0.0,3,0,2,0,6,0.804,0,1,2,0,7,3,0.695,5,0.729,6,1,7,6,6,0,5,2,0.26,4,0
5,1,4,6,0.0,5,3,-1.117,6,4,1,0.0,0.361,5,0.0,7,3,4,0,6,-2.295,0,2,3,0,0,6,1.016,7,-1.949,1,6,4,2,0,1,5,2,-1.75,6,0
3,5,6,3,649.31,4,4,0.923,1,7,7,0.0,-2.211,4,0.0,2,7,2,0,7,-0.403,0,1,3,1,0,3,1.278,4,1.887,2,5,3,6,3,6,6,6,0.695,2,1
0,5,6,4,0.0,7,4,0.571,3,5,6,0.0,2.963,1,0.0,1,7,7,0,3,-0.615,2,4,6,0,4,4,1.281,3,2.337,3,4,4,1,0,0,5,4,0.735,6,0
6,7,5,0,820.87,5,5,1.064,1,1,0,0.0,-3.312,3,0.0,4,2,0,0,2,0.361,0,2,0,1,4,5,1.099,2,0.488,2,6,0,4,4,6,4,3,0.565,5,1
1,5,0,0,0.0,7,7,1.571,4,6,3,0.0,-1.905,2,0.0,3,4,4,0,4,0.598,6,4,4,0,3,2,0.9,4,0.073,4,3,1,2,7,7,5,5,1.07,0,0
7,4,5,5,1768.6,5,1,0.269,3,1,6,0.0,3.177,3,0.0,0,1,1,0,3,1.245,2,6,5,1,5,2,1.014,7,0.829,2,0,7,6,5,3,7,1,0.449,0,1
0,3,2,1,0.0,1,0,-0.694,4,1,0,0.0,-1.341,5,0.0,5,5,6,0,2,-0.633,4,2,4,0,0,7,0.978,4,-2.93,6,2,4,0,4,7,7,0,-0.597,0,0
2,7,7,4,0.0,2,7,-0.577,3,2,5,0.0,-3.913,6,0.0,5,3,2,0,5,-2.206,6,2,7,0,5,1,0.953,2,-0.514,1,4,6,2,0,4,0,0,-0.119,1,0
6,2,2,7,1863.04,4,5,0.437,1,7,3,0.0,-0.92,6,0.0,3,6,1,0,1,0.133,2,1,1,1,4,5,1.066,5,1.439,0,4,6,2,4,3,5,0,0.498,0,1
7,1,5,7,421.79,4,7,1.79,0,5,2,0.0,0.884,6,0.0,2,7,1,1,3,1.853,6,4,1,1,7,3,1.379,7,0.93,7,0,5,7,7,3,7,5,2.053,1,1
0,1,3,6,0.0,6,5,-2.384,2,0,3,0.0,1.835,4,0.0,7,0,7,0,2,-4.242,5,0,6,0,3,0,1.035,7,-3.382,3,5,5,3,4,6,4,5,-2.598,1,0
7,3,4,2,0.0,0,3,0.42,6,4,4,0.0,4.205,3,0.0,4,3,3,0,7,-0.867,6,4,0,0,1,0,1.071,4,0.555,3,3,5,4,5,1,1,5,-0.129,4,0
5,0,2,5,0.0,2,4,0.568,7,7,4,0.0,2.248,2,0.0,5,1,6,0,0,-0.766,5,4,5,0,6,1,0.801,0,-2.739,4,2,1,3,6,5,2,7,-0.72,6,0
3,5,1,7,0.0,6,5,-1.51,6,6,4,0.0,-4.256,2,0.0,1,4,0,0,0,-0.078,2,3,2,0,1,3,0.892,2,1.186,1,0,1,1,3,2,3,1,-0.871,3,0
1,5,5,6,1670.75,1,4,1.998,5,0,5,0.0,2.741,6,0.0,5,5,2,0,6,1.891,7,6,1,1,6,0,1.313,3,2.272,2,7,7,3,3,3,0,6,1.447,3,1
0,5,4,0,0.0,7,1,-1.309,5,4,0,0.0,0.916,3,0.0,4,7,6,0,7,-0.455,1,5,3,0,0,4,1.009,6,-0.78,0,1,2,1,2,3,4,3,0.018,5,0
4,7,3,5,0.0,0,5,-1.849,1,1,3,0.0,-0.539,4,0.0,5,4,3,0,2,-0.582,1,4,4,0,4,4,1.161,4,-3.599,1,4,2,4,0,4,7,0,-1.555,6,0
3,4,2,6,0.0,2,1,-1.656,7,4,0,0.0,-1.476,5,0.0,7,6,3,0,5,-0.28,1,3,5,0,0,6,1.119,7,-1.609,3,4,6,4,2,1,6,6,-0.313,3,0
3,1,0,0,0.0,6,5,0.374,1,5,3,0.0,1.81,6,0.0,6,0,2,0,6,-0.314,6,2,5,0,1,2,1.272,2,-0.511,6,4,1,1,7,7,2,5,0.459,5,0
1,1,2,2,0.0,1,2,-0.569,6,0,3,0.0,-3.178,4,0.0,0,5,7,0,3,-1.734,1,3,7,0,1,1,1.239,5,-1.098,7,3,7,3,2,0,6,3,-1.531,0,0
1,2,3,3,0.0,6,3,-1.024,6,7,1,0.0,-0.274,3,0.0,5,5,3,0,7,-1.287,4,3,2,0,7,3,0.948,3,-1.724,3,6,1,5,2,5,0,6,-1.119,7,0
1,5,4,7,0.0,2,4,-0.66,6,5,4,0.0,5.542,2,0.0,0,6,1,0,0,-0.091,3,6,4,0,4,7,1.278,7,-1.795,3,3,7,2,6,4,3,4,0.006,7,0
2,2,4,7,0.0,6,4,-0.285,2,1,6,0.0,-3.741,2,0.0,4,1,5,0,2,0.661,6,2,5,0,4,4,0.621,0,1.729,7,1,1,2,3,1,5,0,0.196,6,0
2,7,3,4,0.0,5,0,-1.893,3,4,0,0.0,-4.166,2,0.0,7,1,3,0,7,-3.25,5,6,0,0,6,7,0.828,6,-1.657,5,3,0,6,1,0,5,2,-1.779,5,0
0,2,5,2,0.0,1,2,0.662,7,2,6,0.0,-1.252,0,0.0,2,4,3,0,3,-0.414,0,3,3,0,1,3,1.188,1,-3.321,6,1,3,0,3,3,2,3,1.047,3,0
1,2,3,4,671.3,5,0,1.315,2,6,7,0.0,5.15,1,0.0,6,3,4,0,3,0.251,3,2,3,1,2,4,1.238,3,1.071,5,1,6,3,3,3,1,3,0.921,3,1
0,7,3,5,0.0,6,5,-0.081,1,7,6,0.0,1.08,4,0.0,3,5,1,0,1,-0.298,6,2,4,0,7,6,1.057,4,3.169,2,7,2,1,4,1,5,3,0.054,0,0
6,0,6,2,0.0,7,1,0.834,7,4,0,0.0,-2.272,4,0.0,2,0,6,0,3,-1.521,1,6,4,0,3,4,1.025,3,0.197,1,0,0,5,1,6,4,4,0.766,0,0
4,1,6,7,0.0,5,0,-0.798,1,7,0,0.0,-0.353,6,0.0,5,7,1,0,0,-0.178,0,0,4,0,2,2,1.12,4,-0.752,0,5,5,5,5,1,3,0,-1.035,4,0
0,6,3,3,1187.05,7,1,1.898,7,5,0,0.0,-0.113,6,0.0,3,4,6,0,2,0.066,6,0,6,1,4,5,1.186,3,2.935,5,2,2,7,0,4,0,0,1.551,4,1
3,1,5,6,1167.89,4,6,0.612,0,5,3,0.0,-0.958,2,0.0,3,3,5,1,4,2.603,7,3,1,0,5,5,1.227,0,-2.536,3,0,3,3,7,1,6,7,0.695,2,1
3,7,6,4,0.0,6,7,0.798,6,5,4,0.0,-0.123,1,0.0,6,7,3,0,3,-0.031,1,0,6,0,3,5,1.34,4,-2.113,7,3,7,7,7,4,6,0,0.7,7,0
1,0,4,2,0.0,1,0,-0.399,4,0,0,0.0,-3.062,5,0.0,0,4,2,0,5,-0.9,6,2,2,0,4,2,1.182,1,-0.735,4,0,6,3,5,7,4,0,-1.062,7,0
4,0,5,2,0.0,6,4,-0.456,7,1,5,0.0,1.995,7,0.0,0,1,7,0,2,0.498,3,0,1,0,6,1,0.955,6,-1.982,5,4,4,1,2,0,4,2,-0.3,0,0
6,4,2,1,0.0,0,3,1.319,3,2,5,0.0,4.421,6,0.0,6,4,2,0,4,1.713,6,5,5,0,3,2,0.989,5,1.526,0,6,6,7,1,1,6,3,1.006,6,0
5,2,3,7,0.0,2,3,-0.11,2,0,0,0.0,1.179,1,0.0,0,0,0,0,6,0.339,6,0,7,0,4,4,1.09,4,-1.147,3,1,7,3,0,0,6,4,-0.398,2,0
1,5,7,4,0.0,2,5,-1.88,4,3,5,0.0,-1.695,7,0.0,2,0,1,0,3,-1.313,3,1,1,0,6,0,0.55,7,1.051,7,6,3,1,1,5,5,6,-1.738,0,0
1,1,2,0,0.0,1,2,-0.475,4,1,6,0.0,-0.771,6,0.0,4,0,3,0,7,0.459,6,7,2,0,6,4,0.959,5,-0.327,4,0,6,0,1,1,7,6,0.442,4,0
4,5,6,7,0.0,7,5,-0.562,2,3,1,0.0,-2.421,2,0.0,2,6,0,0,6,0.368,4,4,4,0,3,5,0.84,5,1.062,7,2,7,6,4,1,7,4,-0.118,7,0
2,4,7,3,503.35,2,1,2.838,7,1,1,0.0,0.787,0,0.0,3,1,1,1,2,3.735,3,4,6,1,0,6,1.163,7,1.634,5,1,2,3,2,6,1,0,2.307,2,1
3,1,5,6,0.0,5,1,0.97,6,6,3,0.0,-3.876,6,0.0,0,5,4,0,4,-0.23,7,2,6,0,6,5,1.303,5,-2.177,2,3,0,7,7,1,7,7,1.331,0,0
5,3,2,7,0.0,0,5,0.103,0,6,0,0.0,-2.112,5,0.0,2,1,7,0,7,-0.948,1,6,7,0,7,3,0.785,7,-0.614,2,4,4,3,1,5,2,0,0.413,3,0
1,7,2,5,0.0,0,0,0.208,4,1,1,0.0,-1.619,0,0.0,6,1,2,0,6,-0.256,6,0,2,0,2,1,1.104,2,-0.144,6,7,7,0,6,6,3,0,0.119,1,0
7,7,7,5,0.0,3,2,-0.922,6,7,4,0.0,0.118,6,0.0,1,0,0,0,6,-0.53,6,7,7,0,0,3,0.932,3,-1.65,6,3,3,6,2,7,7,2,-0.72,2,0
1,1,7,6,0.0,3,6,-0.631,4,7,3,0.0,-2.132,7,0.0,7,7,5,0,3,-1.364,2,4,1,0,6,4,1.066,4,0.112,6,7,4,5,3,3,5,0,-0.918,0,0
0,0,0,2,0.0,7,5,-0.207,3,3,5,0.0,3.228,4,0.0,1,0,5,0,4,-0.28,1,0,3,0,6,0,0.892,4,1.629,1,4,4,6,4,3,0,3,-0.591,6,0
3,3,2,2,0.0,5,5,0.342,6,5,1,0.0,0.234,7,0.0,6,1,3,0,2,-1.026,3,1,6,0,3,2,1.375,5,-1.08,5,2,5,0,5,4,6,6,-0.159,1,0
3,0,1,0,0.0,5,5,-0.543,5,2,0,0.0,2.12,1,0.0,1,1,0,0,2,-0.718,1,5,1,0,1,0,0.984,0,0.743,6,2,1,2,1,6,4,5,-1.033,0,0
3,1,3,7,0.0,3,4,1.369,4,2,0,0.0,-0.046,7,0.0,1,3,2,0,6,1.972,3,7,3,0,1,7,1.323,2,-0.621,6,5,3,1,6,2,6,5,0.819,2,0
0,6,4,1,0.0,1,1,-1.702,6,5,3,0.0,-2.514,4,0.0,0,1,2,0,3,-0.214,5,2,3,0,0,0,1.012,0,-1.002,6,7,2,4,2,6,7,1,-0.367,3,0
7,5,4,6,0.0,4,6,-2.002,1,6,2,0.0,-2.078,7,0.0,0,6,3,0,0,-1.623,2,6,5,0,2,6,1.174,5,-2.933,4,1,3,5,5,6,3,2,-1.921,7,0
7,3,6,5,0.0,6,0,-0.956,6,1,3,0.0,-3.07,7,0.0,7,1,0,0,5,-0.507,4,2,3,0,7,1,1.218,5,0.323,4,2,0,2,7,5,0,3,-0.566,6,0
4,2,6,7,0.0,3,1,-0.372,7,1,6,0.0,0.704,3,0.0,1,6,6,0,4,1.301,7,3,4,0,6,6,1.132,6,0.959,3,4,3,0,6,3,3,6,0.439,1,0
1,1,2,5,0.0,6,4,0.297,3,2,3,0.0,1.892,2,1.82,7,1,7,1,0,-1.214,4,2,3,0,7,2,1.044,4,0.793,4,6,5,7,3,5,2,5,-0.604,5,1
3,3,1,6,0.0,4,3,-1.615,0,4,0,0.0,1.168,4,0.0,4,0,7,0,1,-2.357,4,7,6,0,4,0,0.965,2,-0.353,1,2,6,2,1,6,2,2,-1.628,4,0
0,1,6,2,0.0,1,7,-0.164,6,1,5,0.0,1.741,0,0.0,7,0,0,0,1,0.403,5,0,0,0,7,0,0.922,2,-3.058,3,4,5,1,0,6,4,3,-0.13,4,0
0,0,6,2,0.0,4,6,0.03,1,3,0,0.0,-2.749,6,0.0,0,0,3,0,0,0.869,0,4,0,0,4,3,0.909,5,1.92,6,6,1,5,6,2,2,6,-0.211,5,0
0,1,3,7,0.0,4,4,0.13,5,0,0,0.0,-4.573,1,0.0,1,3,2,0,3,-0.556,6,5,7,0,7,2,0.833,2,-4.027,1,2,1,4,1,5,5,2,-1.213,1,0
0,1,5,3,0.0,7,4,-0.454,3,7,4,0.0,-0.625,5,0.0,4,7,2,0,1,0.331,5,3,6,0,1,3,0.882,0,0.654,5,3,3,2,1,2,7,6,-0.325,7,0
0,7,1,0,0.0,5,5,-1.831,2,6,1,0.0,0.374,5,0.0,3,3,5,0,0,-0.882,7,5,3,0,5,1,1.037,0,-3.827,2,6,0,6,7,5,7,5,-1.447,3,0
5,7,0,6,0.0,6,0,-0.074,1,0,0,0.0,1.901,4,0.0,3,7,7,0,6,-1.74,6,4,0,0,3,4,0.575,6,1.657,1,2,1,7,2,5,1,6,-0.748,5,0
3,3,2,3,782.11,1,0,1.68,3,4,5,0.0,5.587,2,0.0,6,6,7,1,3,4.099,0,7,1,0,0,7,1.301,6,0.655,7,7,1,2,4,6,6,6,1.23,6,1
6,6,3,1,0.0,2,0,0.394,4,7,4,0.0,-1.994,3,0.0,6,0,7,0,7,0.783,6,3,1,0,5,0,0.942,0,-3.27,5,4,1,1,2,6,6,0,0.409,4,0
6,2,0,6,0.0,6,3,-0.34,4,2,3,0.0,-0.48,3,0.0,6,2,4,0,4,-2.644,7,1,3,0,6,7,1.001,1,-0.989,3,4,2,6,4,6,0,1,-0.3,3,0
6,4,3,2,0.0,7,4,0.015,4,2,3,0.0,-3.746,2,0.0,1,7,0,0,7,2.298,1,5,1,0,5,2,1.022,0,0.913,1,3,2,5,4,2,2,2,0.419,6,0
1,5,3,0,0.0,2,3,-1.072,3,7,0,0.0,-2.478,6,0.0,2,7,3,0,4,-2.639,1,2,2,0,6,3,0.728,0,-4.444,3,6,4,4,6,0,7,2,-0.565,5,0
0,5,5,3,0.0,2,5,-0.368,0,6,2,0.0,-3.344,7,0.0,7,4,6,0,2,0.186,7,6,4,0,1,4,0.927,3,-2.117,4,4,6,0,6,6,4,7,-0.302,1,0
2,5,3,5,0.0,2,7,0.491,2,0,5,0.0,5.771,2,0.0,0,2,7,0,7,1.294,5,7,6,0,4,4,1.081,4,1.134,2,7,5,7,4,1,0,3,0.58,7,0
3,7,0,3,0.0,3,1,-0.583,7,5,3,0.0,0.261,7,0.0,3,6,0,0,6,-0.848,7,3,7,0,5,1,1.048,1,2.225,3,5,7,1,2,4,0,1,-0.572,2,0
0,5,2,7,575.11,3,4,3.211,0,5,0,0.0,-2.972,3,0.0,2,0,4,1,2,1.412,1,2,4,1,4,4,1.182,6,1.991,0,7,6,6,1,3,6,4,2.199,7,1
6,5,7,4,0.0,3,3,0.391,6,4,7,0.0,-1.549,5,0.0,1,6,5,0,7,1.423,6,4,2,0,2,3,1.264,5,1.728,6,3,4,1,2,7,7,0,0.871,4,0
1,6,7,5,0.0,3,5,-0.494,7,7,5,0.0,-0.799,7,0.0,5,6,2,0,4,-1.38,7,7,5,0,5,1,0.827,1,-2.316,5,7,2,0,7,2,2,2,-0.588,0,0
1,1,2,7,873.65,0,7,1.581,0,3,7,0.0,0.431,3,0.0,1,0,7,0,7,0.932,1,4,1,1,5,4,1.379,7,-0.118,2,5,2,7,2,7,7,1,0.976,2,1
7,2,5,4,0.0,5,3,0.015,5,2,1,0.0,0.694,4,0.0,3,2,1,0,3,-0.011,1,6,7,0,7,7,0.882,7,4.801,1,6,2,0,5,4,7,0,0.139,6,0
7,2,7,2,0.0,1,0,-0.982,1,6,3,0.0,-2.628,5,0.0,4,6,7,0,4,0.372,4,0,0,0,7,6,0.979,4,-0.281,6,3,4,5,5,2,7,0,-0.135,5,0
4,1,2,5,0.0,4,3,-1.815,2,2,5,0.0,-2.775,4,0.0,0,3,2,0,1,-1.173,0,2,4,0,6,6,1.016,5,-2.261,3,6,2,3,7,3,7,1,-1.165,5,0
7,2,1,3,0.0,0,0,0.553,5,1,5,0.0,-2.89,5,0.0,0,3,0,0,0,0.431,1,0,3,0,3,5,1.24,5,-0.893,0,1,7,1,4,5,5,2,0.169,6,0
4,1,0,0,0.0,5,5,-2.194,4,0,3,0.0,2.122,0,0.0,7,6,5,0,7,0.031,7,3,4,0,7,2,0.829,7,-1.198,2,1,1,7,7,1,5,5,-1.676,0,0
2,0,2,7,0.0,3,0,0.4,0,2,2,0.0,1.769,0,0.0,4,3,1,0,5,1.12,4,2,6,0,1,6,0.934,3,0.812,2,5,2,0,3,4,4,2,0.354,3,0
3,5,5,7,0.0,7,3,-0.744,4,6,0,0.0,-0.012,4,0.0,6,6,2,0,1,1.235,6,0,2,0,0,1,0.985,3,-2.353,2,7,5,4,5,7,5,7,0.151,6,0
4,6,4,2,1784.15,5,5,1.923,6,6,6,0.0,2.198,6,0.0,3,2,6,0,6,0.876,3,1,2,1,5,3,1.253,6,0.435,1,5,1,7,3,7,6,2,0.918,4,1
3,1,4,5,0.0,0,0,-3.578,3,4,7,0.0,-3.175,4,0.0,4,2,0,0,1,-3.473,0,2,0,0,6,5,0.823,5,-2.502,1,1,4,1,2,5,4,3,-3.505,7,0
2,0,2,6,0.0,6,0,-0.817,4,0,2,0.0,-0.795,3,0.0,7,4,7,0,7,0.987,0,4,2,0,4,6,1.07,5,2.38,6,5,0,5,0,2,7,1,-0.208,1,0
7,4,4,2,0.0,2,7,1.29,3,6,4,0.0,1.535,7,0.0,5,0,7,0,4,1.363,5,6,4,0,2,2,0.748,3,5.174,3,2,1,6,4,7,0,0,1.446,7,0
0,5,2,0,0.0,1,1,-1.133,1,6,4,0.0,-1.31,4,0.0,6,0,3,0,4,-0.438,7,3,7,0,1,3,0.827,0,-0.137,4,7,5,7,7,1,6,1,-0.244,0,0
0,0,3,2,0.0,1,0,-0.491,6,4,0,0.0,-1.116,0,0.0,4,1,7,0,4,0.901,0,0,3,0,4,2,1.411,0,-0.753,1,6,7,2,1,1,2,0,-0.368,2,0
7,2,5,1,0.0,7,1,-2.221,4,0,5,0.0,-1.362,2,0.0,6,7,1,0,6,-1.782,6,1,7,0,4,3,1.441,0,0.782,4,5,5,1,2,1,0,3,-2.011,1,0
5,5,2,2,0.0,6,6,2.556,3,2,2,0.0,2.071,0,0.0,6,5,6,1,4,1.423,6,0,0,1,0,7,1.273,0,2.833,3,7,4,6,1,5,5,1,2.113,0,1
1,1,6,0,0.0,0,4,-0.332,2,4,2,0.0,1.337,4,0.0,4,1,1,0,5,-0.665,2,0,2,0,2,5,0.912,0,-3.081,3,3,7,1,4,3,5,6,-0.905,0,0
7,4,0,2,0.0,7,7,-2.1,2,5,1,0.0,-0.93,4,0.0,0,2,1,0,1,-4.146,0,7,3,0,3,3,0.541,4,-1.196,2,0,1,6,7,1,7,2,-1.198,2,0
1,1,0,5,221.45,7,4,0.875,0,0,6,0.0,3.227,7,0.0,3,1,2,1,4,1.652,3,5,0,1,5,6,1.559,3,2.645,3,0,0,6,2,7,7,0,1.633,2,1
1,1,4,7,0.0,1,0,-1.182,1,7,2,0.0,-2.058,1,0.0,2,1,4,0,7,-0.568,3,6,5,0,3,0,1.118,6,-1.434,1,7,6,1,4,1,4,2,-0.52,4,0
1,5,5,7,0.0,3,1,0.555,4,4,6,0.0,-5.093,7,0.0,4,4,3,0,0,-0.445,0,5,0,0,4,1,1.116,5,0.706,3,2,7,3,2,0,0,1,0.063,1,0
1,0,0,2,0.0,3,2,-1.382,5,7,4,0.0,0.511,0,0.0,0,4,6,0,3,-3.006,3,0,5,0,0,0,1.302,4,0.633,7,5,3,5,4,1,4,4,-1.684,3,0
2,2,0,1,0.0,0,7,-0.538,2,1,3,0.0,-0.884,2,0.0,0,0,2,0,3,-0.923,2,0,0,0,4,4,1.084,6,-1.775,5,0,5,2,4,7,7,3,-0.451,3,0
4,5,3,1,47.79,5,0,1.873,0,2,2,160.14,1.332,3,1.78,6,0,5,1,4,2.457,3,4,3,1,3,5,1.482,0,1.376,5,2,5,5,3,1,2,4,1.543,3,1
1,5,0,7,0.0,0,2,-0.712,1,6,3,0.0,0.794,7,0.0,0,6,4,0,1,-0.687,5,7,2,0,2,0,0.916,1,-3.668,2,1,2,3,5,2,2,7,-0.602,2,0
3,1,4,6,0.0,6,7,-0.587,4,4,2,0.0,-2.225,0,0.0,3,5,3,0,5,-0.654,3,1,5,0,2,5,1.044,7,-1.371,5,6,7,7,5,0,3,7,0.112,0,0
6,5,4,7,0.0,0,1,-0.337,5,7,2,0.0,3.878,7,0.0,2,7,2,0,0,1.434,6,4,6,0,2,0,1.002,4,0.915,4,7,1,6,2,3,0,2,-0.106,5,0
3,3,1,1,1864.92,6,5,1.276,4,4,3,0.0,3.75,2,0.0,7,1,2,0,4,-1.072,4,0,6,1,1,6,1.12,7,1.375,0,2,3,6,4,5,6,0,0.976,5,1
7,1,2,2,0.0,7,2,-0.033,5,1,6,0.0,2.214,4,0.0,7,7,3,0,0,0.138,0,1,6,0,6,5,1.299,0,-0.411,4,0,7,4,0,5,0,6,-0.217,7,0
2,1,5,6,0.0,6,0,0.682,2,0,1,0.0,0.961,5,0.0,0,1,0,0,2,0.675,3,0,5,0,5,7,0.895,3,-1.846,3,3,7,4,2,1,1,1,0.962,1,0
6,1,1,6,0.0,7,5,-1.591,2,6,5,0.0,-5.719,1,0.0,3,0,5,0,4,-0.528,7,1,3,0,3,1,0.906,1,-2.744,7,7,5,6,2,4,5,1,-1.568,1,0
6,5,1,0,0.0,1,7,-1.718,1,1,4,0.0,-0.492,3,0.0,5,5,4,0,3,-1.772,1,1,3,0,5,2,1.109,4,-2.305,4,1,2,5,4,5,6,2,-1.353,4,0
7,7,0,5,0.0,3,6,0.154,3,3,0,0.0,0.315,7,0.0,0,7,6,0,2,1.177,4,5,1,0,1,7,0.934,4,-1.199,4,7,0,5,5,1,2,4,0.123,4,0
7,6,3,5,0.0,1,2,-0.686,4,0,3,0.0,-1.934,2,0.0,2,0,5,0,5,0.088,4,5,5,0,5,0,1.094,7,1.047,1,2,3,2,5,6,2,0,-0.427,0,0
1,5,2,5,0.0,3,1,-0.695,2,0,7,0.0,0.459,1,0.0,2,1,1,0,0,-1.195,2,1,3,0,2,3,1.228,5,-0.913,4,3,6,2,6,3,0,6,-0.487,1,0
2,0,4,7,0.0,3,2,-0.618,7,2,0,0.0,-2.534,1,0.0,4,7,5,0,0,0.213,3,2,1,0,2,4,1.185,4,-2.96,2,2,4,4,0,7,1,1,-1.238,6,0
1,7,1,5,0.0,1,5,-0.262,1,5,2,0.0,0.498,0,0.0,3,5,4,0,6,-2.653,5,5,5,0,0,4,0.972,6,-1.267,1,2,1,0,0,4,7,2,-0.713,5,0
6,7,5,5,0.0,1,5,-0.237,7,5,7,0.0,-0.005,1,0.0,4,1,5,0,0,0.626,6,2,2,0,6,3,0.876,0,2.104,1,7,1,2,1,6,6,5,-0.268,1,0
7,7,5,5,0.0,6,0,-0.224,0,6,7,0.0,4.935,1,0.0,1,7,4,0,0,1.954,5,4,6,1,1,0,1.315,7,2.099,7,4,2,4,2,2,7,3,0.775,1,1
5,4,5,3,469.53,0,7,1.008,2,4,4,0.0,3.068,4,0.0,7,4,7,1,2,1.771,7,4,6,1,2,3,1.269,7,-0.589,4,4,1,6,2,2,7,6,1.366,5,1
1,2,6,2,0.0,1,3,-0.843,4,2,0,0.0,0.389,1,0.0,5,3,0,0,3,0.257,7,4,7,0,6,0,0.858,1,0.396,1,4,1,1,2,0,1,6,-0.695,0,0
1,1,2,4,0.0,2,1,-1.588,6,1,6,0.0,-1.568,4,0.0,1,6,0,0,6,0.799,0,5,7,0,0,3,1.067,3,-0.199,2,5,1,6,3,0,5,3,-0.968,0,0
5,6,1,5,1603.22,5,5,0.324,6,7,5,0.0,-2.519,2,0.0,1,5,7,0,3,-0.261,6,4,7,1,0,1,1.262,6,2.789,1,4,1,6,0,0,3,5,1.108,1,1
5,2,7,6,1505.44,3,2,2.196,2,2,7,0.0,-0.409,3,0.0,0,5,4,1,6,0.616,7,3,3,1,2,4,1.307,2,1.573,5,6,5,0,5,4,3,3,2.334,4,1
0,6,3,1,0.0,1,7,-1.449,6,1,4,0.0,-1.773,6,0.0,7,6,4,0,7,-2.003,2,4,1,0,0,0,0.824,0,1.283,6,6,6,1,2,0,4,5,-1.266,4,0
2,7,4,5,0.0,0,6,0.755,6,6,0,0.0,1.738,2,0.0,4,2,3,0,2,1.204,1,0,1,0,4,0,1.076,4,0.072,1,5,7,7,0,2,2,0,0.583,7,0
1,0,3,3,0.0,7,5,-0.891,1,2,7,0.0,-0.481,4,0.0,0,2,1,0,5,-1.076,1,4,1,0,3,5,0.984,0,-0.346,7,5,1,2,6,4,1,7,-0.853,1,0
3,3,3,0,0.0,3,0,0.612,5,1,4,0.0,3.77,0,0.0,4,2,1,0,0,-1.307,0,7,4,0,0,6,1.022,3,1.004,1,2,1,0,0,0,4,2,0.958,0,0
0,0,7,6,0.0,4,1,1.165,7,4,5,0.0,2.088,5,0.0,6,6,2,0,7,1.658,1,4,7,0,6,1,1.288,0,0.186,1,5,3,1,1,2,5,4,0.97,1,0
2,3,7,4,0.0,7,3,0.35,0,5,7,0.0,1.96,7,0.0,3,0,6,0,0,-1.838,6,6,2,0,0,7,0.965,4,0.875,4,4,5,7,2,6,1,0,0.289,5,0
6,7,7,4,0.0,7,5,0.05,1,2,7,0.0,-0.344,5,0.0,3,5,5,0,1,2.497,3,7,0,0,6,6,1.079,3,1.834,0,5,0,0,0,1,6,4,0.266,6,0
4,6,1,1,1393.12,5,3,1.156,4,1,2,0.0,-0.714,5,0.0,1,2,5,1,2,3.76,3,1,7,0,3,1,1.148,1,0.208,7,5,1,4,2,5,3,0,0.662,7,1
2,4,7,3,0.0,5,4,-0.904,1,2,6,0.0,2.885,0,0.0,6,6,3,0,6,-0.29,5,5,0,0,0,4,1.395,5,1.277,3,7,0,1,4,4,2,5,-0.062,0,0
4,6,0,6,0.0,3,1,1.026,5,0,6,0.0,-0.024,2,0.0,3,4,2,0,5,3.011,1,2,5,1,3,4,0.98,6,1.346,7,6,3,1,6,2,6,6,1.698,6,1
1,2,2,7,0.0,7,2,0.288,7,6,4,0.0,-3.092,7,0.0,5,7,5,0,7,-1.493,6,0,3,0,5,6,0.918,1,0.483,1,2,3,6,2,6,3,1,0.061,1,0
0,5,3,1,0.0,2,0,-1.412,3,2,4,0.0,-4.726,2,0.0,2,1,7,0,1,-0.805,5,6,0,0,2,2,0.853,4,0.491,4,0,3,2,5,1,6,4,-1.535,0,0
2,0,4,5,1112.25,7,6,3.23,0,3,7,0.0,0.128,5,7.28,1,3,0,1,4,1.217,5,7,5,1,4,5,1.02,3,0.009,3,3,6,4,1,7,3,0,2.294,1,1
2,3,6,0,0.0,5,2,-0.309,0,6,0,0.0,-1.677,5,0.0,1,5,2,0,5,0.395,5,1,1,0,6,1,1.372,7,-2.54,2,2,1,6,6,6,4,1,-0.479,3,0
2,0,4,3,0.0,3,7,0.539,3,7,3,0.0,-0.272,7,0.0,4,6,0,0,3,-0.428,2,3,2,0,3,5,0.935,2,-0.26,6,6,0,4,0,7,6,1,0.415,4,0
7,6,3,4,0.0,1,5,-0.048,2,0,1,0.0,1.026,5,0.0,0,0,2,0,7,-0.393,4,3,4,0,2,3,1.215,2,0.854,7,0,6,2,0,3,7,1,0.001,3,0
6,2,7,1,0.0,5,5,-0.435,5,1,1,0.0,-5.911,2,0.0,6,0,3,0,6,-0.396,6,3,6,0,4,2,1.134,7,-3.742,6,6,1,7,1,6,3,0,-0.896,2,0
7,7,0,1,299.37,3,7,1.047,2,5,5,0.0,0.21,3,0.0,7,4,1,1,1,2.639,7,0,3,0,5,7,1.17,4,4.155,7,5,2,0,0,5,0,7,1.343,6,1
2,5,2,5,843.27,0,4,1.736,2,7,7,0.0,0.577,0,0.0,3,4,2,0,7,-0.76,7,3,3,1,2,0,1.245,1,0.429,4,4,0,0,3,3,2,0,1.665,0,1
2,1,1,2,0.0,5,5,-0.868,5,2,6,0.0,-0.718,1,0.0,4,1,1,0,3,0.295,6,7,4,0,1,1,0.89,3,-1.689,4,4,3,4,3,6,6,6,-1.282,6,0
3,6,5,5,1747.48,3,4,-0.515,5,2,7,0.0,-1.13,7,0.0,6,0,3,0,3,0.626,5,2,1,1,2,3,1.447,5,1.307,5,2,5,4,5,0,3,4,-0.133,4,1
3,0,2,2,0.0,5,4,-0.109,7,1,4,0.0,-1.26,0,0.0,3,1,3,0,2,0.556,6,1,3,0,1,7,0.894,5,0.159,0,7,0,3,6,2,5,5,-0.435,3,0
4,7,2,0,0.0,2,4,-0.296,7,1,4,0.0,-1.477,0,0.0,1,5,0,0,2,0.472,5,4,3,0,3,6,0.657,2,0.02,1,3,7,6,3,0,1,1,-0.243,1,0
1,4,0,4,1891.03,2,7,-0.067,1,2,2,0.0,1.522,1,14.46,5,6,5,0,3,1.847,7,6,7,1,0,1,1.128,2,-3.032,0,7,3,1,5,2,4,2,0.441,5,1
7,4,2,7,0.0,6,6,0.293,4,1,3,0.0,-1.499,4,0.0,1,7,6,0,2,0.782,2,1,4,0,0,0,1.149,2,1.167,7,0,3,7,7,6,7,7,0.636,3,0
5,5,5,5,1470.42,2,6,0.344,7,1,7,0.0,-2.922,6,0.0,4,0,2,1,1,-3.065,0,0,1,0,7,1,1.312,2,2.159,2,7,6,7,4,4,2,3,0.795,5,1
1,4,6,0,0.0,3,2,0.76,6,7,3,0.0,5.471,1,0.0,3,7,0,1,5,0.226,6,2,5,1,2,3,0.873,5,0.578,5,2,2,5,3,4,2,6,1.347,6,1
4,1,4,6,0.0,1,2,0.936,2,7,4,0.0,-0.645,0,0.0,0,7,3,0,5,-0.247,1,0,5,0,1,5,1.356,1,-0.035,6,0,5,4,7,5,3,2,0.163,2,0
5,4,3,0,1350.27,3,5,1.293,7,2,3,0.0,-0.423,7,0.0,1,6,1,0,6,1.276,0,5,2,1,7,0,0.984,1,1.282,3,3,3,1,1,4,3,7,1.003,6,1
0,0,5,5,0.0,4,3,-2.588,5,4,2,0.0,-2.037,1,0.0,0,7,2,0,2,-3.453,3,1,0,0,4,3,1.109,0,-4.293,4,0,1,1,1,3,4,4,-2.197,1,0
3,1,5,6,0.0,2,6,-0.533,5,7,0,0.0,0.894,7,0.0,6,5,2,0,1,-1.45,4,0,6,0,6,0,1.055,1,-0.214,5,2,5,6,7,5,3,5,-0.4,4,0
1,7,5,6,0.0,2,2,0.247,1,2,0,0.0,0.839,7,0.0,7,3,3,0,6,-0.296,3,5,2,0,0,6,1.218,4,0.422,5,6,2,2,7,2,2,1,-0.094,1,0
2,0,6,6,0.0,5,6,0.126,5,1,4,0.0,-0.288,6,0.0,7,2,3,0,3,-1.248,7,7,4,0,1,3,0.879,3,-1.025,4,4,3,6,6,6,5,0,-0.681,5,0
4,4,4,1,1223.64,6,2,2.118,0,0,5,0.0,0.152,7,20.04,1,2,2,1,0,2.176,0,7,5,1,7,6,1.415,5,4.175,5,7,6,2,3,4,2,0,2.461,4,1
5,4,2,1,0.0,5,4,-1.446,2,6,1,0.0,-4.295,1,0.0,4,6,6,0,6,0.95,6,7,5,0,3,2,1.199,3,-3.126,2,3,2,4,7,6,3,1,-1.39,3,0
6,1,4,1,0.0,2,1,1.002,4,2,7,0.0,-2.881,0,0.0,0,6,0,0,7,0.714,5,2,7,0,5,0,0.787,7,-1.112,6,0,0,7,0,1,3,6,0.449,1,0
6,0,6,1,526.66,0,6,1.433,5,5,3,0.0,1.557,4,0.0,0,7,3,1,4,2.894,7,5,4,0,1,6,1.266,2,2.885,5,7,5,1,5,2,3,1,1.442,3,1
5,4,1,4,0.0,2,4,0.228,1,5,2,0.0,1.524,6,0.0,1,7,3,0,3,1.779,0,3,7,0,7,5,1.146,2,1.045,3,0,3,2,1,5,1,2,1.163,5,0
1,1,6,0,0.0,1,3,-1.243,6,4,7,0.0,3.518,1,0.0,3,2,0,0,5,-0.973,0,1,3,0,0,0,0.839,2,-0.985,1,5,6,0,1,5,4,6,-0.846,3,0
2,7,0,2,0.0,2,2,-0.485,3,2,3,0.0,1.989,1,0.0,0,3,4,0,4,0.943,0,6,4,0,7,7,1.408,1,2.94,1,5,6,3,4,4,3,5,0.321,0,0
3,3,2,0,0.0,1,2,0.084,1,0,2,0.0,-4.076,7,0.0,1,7,3,0,4,0.813,0,4,6,0,6,4,0.916,5,1.63,1,7,5,1,7,4,0,1,0.027,6,0
6,5,3,3,0.0,7,4,-0.956,5,1,4,0.0,-2.796,0,0.0,7,2,2,0,5,-1.358,4,3,3,0,3,3,1.319,1,-3.964,5,7,1,1,7,6,0,2,-0.942,7,0
7,4,2,2,0.0,0,7,0.15,4,5,7,0.0,-4.726,1,0.0,4,6,0,0,6,-0.219,2,6,4,0,0,3,0.643,4,-0.872,6,7,1,4,3,0,3,5,0.385,2,0
5,2,7,4,0.0,3,2,0.477,0,3,0,0.0,2.389,2,0.0,3,4,3,0,7,1.285,5,3,2,0,0,1,0.92,7,-1.132,5,3,5,6,7,0,2,1,0.4,3,0
7,4,7,6,0.0,0,0,-0.173,4,6,1,0.0,-3.309,4,0.0,3,2,0,0,6,-1.208,4,7,6,0,5,7,0.969,4,0.751,5,5,4,1,6,6,4,5,0.235,2,0
4,4,2,3,0.0,4,3,-0.828,4,6,2,0.0,0.609,0,0.0,0,5,6,0,1,0.467,6,6,7,0,1,4,0.961,3,-0.549,2,4,6,7,3,4,2,6,-1.08,6,0
3,7,7,7,0.0,1,2,-0.906,5,3,1,0.0,1.367,2,0.0,1,1,6,0,1,-0.6,0,0,7,0,3,3,1.21,0,-1.952,4,5,4,6,3,7,5,5,-0.433,1,0
6,5,3,0,0.0,6,5,-0.703,1,1,5,0.0,2.151,7,0.0,1,0,2,0,1,-0.357,6,2,3,0,3,5,0.867,2,-1.429,5,1,3,6,0,6,1,3,-0.922,0,0
2,6,4,3,0.0,5,2,-1.505,1,2,4,0.0,-5.496,3,0.0,3,4,0,0,3,-0.54,0,5,3,0,0,1,0.993,0,-3.245,2,1,2,5,4,1,4,0,-1.773,4,0
1,4,2,1,0.0,3,2,-0.992,3,4,1,0.0,-3.179,2,0.0,0,5,6,0,1,0.011,6,0,1,0,0,1,1.001,6,1.503,0,0,5,4,1,2,5,5,-1.034,7,0
5,3,3,5,0.0,5,4,0.138,1,5,2,0.0,-0.891,7,0.0,6,3,5,0,1,-0.909,2,2,1,0,3,6,1.113,2,-2.584,5,7,6,4,4,1,6,6,-0.663,5,0
0,5,4,0,0.0,7,2,-1.736,2,1,7,0.0,1.787,0,0.0,7,7,1,0,6,-0.148,3,5,2,0,6,3,1.04,3,-2.68,4,3,5,0,6,4,3,3,-1.728,4,0
0,0,7,1,0.0,1,3,-1.33,3,1,4,0.0,-2.681,4,0.0,0,4,6,0,1,-3.267,4,1,2,0,7,3,0.729,3,-1.989,3,6,7,3,4,5,5,4,-1.794,1,0
5,2,2,3,0.0,4,6,-1.727,6,5,0,0.0,-3.826,3,0.0,1,3,5,0,5,-1.94,4,0,4,0,7,7,0.899,1,2.028,5,3,4,4,2,4,4,2,-1.048,3,0
3,1,0,0,0.0,0,4,-2.253,4,0,3,0.0,-1.992,2,0.0,6,4,1,0,1,-2.925,7,7,4,0,3,7,0.922,5,-1.303,1,6,7,6,0,7,5,7,-1.644,0,0
6,0,4,7,0.0,3,4,-0.772,3,7,0,0.0,-5.518,3,0.0,1,1,7,0,6,-0.749,2,7,2,0,4,4,0.797,5,-3.18,7,5,5,7,5,5,5,7,-1.301,5,0
3,2,6,4,0.0,7,3,1.48,7,0,5,0.0,-1.655,2,0.0,0,3,0,0,6,0.266,2,3,0,0,5,7,0.732,4,-1.596,0,1,7,5,7,6,1,2,0.048,6,0
5,4,7,5,0.0,5,1,-0.953,6,6,3,0.0,2.269,7,0.0,6,3,1,0,3,-1.179,3,4,4,0,7,5,1.014,4,-1.96,5,3,5,5,6,1,4,2,-0.903,5,0
4,1,7,0,1769.22,7,6,1.409,7,7,4,0.0,5.496,5,0.0,4,3,7,1,2,-0.672,5,3,4,1,1,5,0.808,2,3.003,5,5,5,2,6,5,4,4,1.502,7,1
0,6,2,1,0.0,1,6,0.035,7,7,0,0.0,-2.205,7,0.0,6,0,2,0,5,0.088,7,0,1,0,5,0,1.368,3,-0.022,3,6,1,3,1,5,7,0,0.085,2,0
6,5,7,6,0.0,7,6,-0.299,3,0,0,0.0,-2.969,1,0.0,7,1,0,0,6,2.594,6,3,3,0,3,0,0.884,7,2.143,7,1,2,2,1,4,3,3,-0.436,0,0
3,1,3,7,0.0,6,5,-0.028,3,1,5,0.0,-5.232,5,0.0,0,4,7,0,1,-0.357,5,2,7,0,2,0,1.054,6,-4.664,7,2,6,3,4,1,0,0,-0.718,2,0
0,7,3,6,976.78,6,4,0.832,5,6,7,0.0,-1.649,3,0.0,6,0,5,0,6,0.611,7,3,0,1,4,4,1.173,0,1.199,0,6,4,4,1,2,1,2,1.013,4,1
1,5,3,3,0.0,0,1,2.704,2,1,6,0.0,0.015,3,0.0,4,0,3,1,7,1.181,5,6,5,1,4,5,1.306,4,0.106,3,4,5,2,5,6,5,7,2.419,0,1
0,2,0,1,0.0,2,4,0.676,3,3,3,0.0,-2.103,3,0.0,0,6,2,0,6,-1.152,7,4,0,0,0,0,0.977,4,5.512,7,2,5,2,7,3,6,0,1.361,1,0
1,3,6,7,0.0,6,4,1.673,5,0,0,0.0,-0.388,4,0.0,1,0,7,0,4,0.955,0,4,7,0,1,3,0.843,2,2.98,0,7,4,0,0,2,7,4,1.61,0,0
3,2,2,1,89.92,3,3,0.907,6,2,2,0.0,0.045,5,10.05,1,7,6,0,0,-1.192,3,5,0,1,5,3,1.059,6,-0.448,4,3,7,5,6,7,3,0,0.929,6,1
1,7,5,0,0.0,4,4,-1.357,6,0,4,0.0,-0.65,2,0.0,3,1,5,0,1,-0.856,6,7,0,0,7,0,1.124,5,1.198,3,3,7,7,6,5,6,2,-1.156,2,0
7,2,4,4,0.0,6,4,-0.223,7,6,5,0.0,-2.068,6,0.0,4,0,7,0,2,-1.767,6,6,3,0,1,5,1.189,6,-1.099,2,3,5,6,5,1,3,6,0.038,0,0
1,0,4,1,0.0,0,5,-0.232,2,0,3,0.0,-3.212,4,0.0,6,5,5,0,1,-1.884,2,2,0,0,2,6,1.23,5,-2.161,3,3,7,2,3,2,1,1,-0.575,4,0
7,2,5,0,149.7,5,1,1.623,4,0,2,0.0,0.678,5,0.0,7,4,7,1,7,0.624,2,0,2,0,0,0,1.35,3,2.653,5,3,1,7,7,5,5,3,0.746,0,1
3,7,0,5,0.0,2,6,-0.645,4,6,7,0.0,-1.942,2,0.0,1,3,3,0,2,-2.055,6,4,6,0,1,7,1.094,3,-1.345,5,6,1,1,1,2,0,7,-0.853,4,0
7,1,3,6,0.0,0,3,0.12,2,5,2,0.0,2.658,2,0.0,1,4,7,0,6,-0.413,2,3,7,0,4,4,1.464,5,1.671,4,0,0,4,7,6,3,2,0.142,0,0
2,0,4,3,0.0,6,6,-0.815,5,1,6,0.0,0.169,7,0.0,5,0,7,0,1,0.25,5,0,2,0,4,5,0.998,1,-1.392,6,7,5,4,2,5,1,7,-0.314,4,0
7,4,3,3,0.0,0,0,0.12,7,6,3,0.0,-0.392,4,0.0,3,1,2,0,5,1.892,2,6,6,0,7,6,1.001,7,-1.043,7,7,5,7,2,0,6,0,0.161,3,0
1,1,5,3,0.0,1,1,-0.11,1,4,0,0.0,-1.738,5,0.0,5,6,5,0,3,-1.155,1,1,7,0,7,1,0.237,2,-2.028,2,2,5,7,4,1,6,3,0.189,7,0
0,2,0,7,0.0,3,1,-1.702,3,5,1,0.0,-3.97,0,0.0,7,2,5,0,1,-2.233,5,5,1,0,1,5,0.761,2,-2.599,2,7,2,0,7,2,6,5,-2.223,7,0
3,5,1,7,0.0,6,3,-0.951,4,1,3,0.0,-1.213,7,0.0,3,1,4,0,6,-1.229,7,0,2,0,2,4,0.841,2,-3.195,5,3,1,5,7,0,6,1,-0.841,1,0
2,2,1,5,0.0,5,5,-1.596,0,7,6,0.0,0.27,0,0.0,6,0,2,0,6,0.651,3,0,3,0,5,4,0.885,5,-0.936,1,3,1,6,6,7,4,5,-0.917,1,0
1,1,1,3,0.0,4,2,0.346,5,4,3,0.0,-5.016,0,0.0,5,1,2,0,0,-2.576,1,7,0,0,4,6,1.116,7,-0.628,7,2,3,7,4,6,5,3,0.243,2,0
0,6,1,2,0.0,2,6,1.373,0,0,1,0.0,4.361,1,0.0,3,2,0,1,7,0.886,1,5,1,1,6,4,1.144,3,-0.852,6,4,6,6,2,4,0,5,1.589,6,1
2,4,0,2,0.0,2,6,-1.247,6,3,6,0.0,1.842,0,0.0,2,3,1,0,1,-0.302,1,3,6,0,0,6,0.899,0,-0.264,1,1,5,2,7,7,5,3,-0.589,0,0
2,6,7,5,0.0,5,3,-0.775,7,2,7,0.0,-3.34,5,0.0,6,5,1,0,5,-0.142,0,5,1,0,2,1,1.241,2,-1.364,7,2,0,7,5,6,3,3,-1.143,2,0
5,3,6,5,0.0,7,2,-1.612,6,6,7,0.0,-0.653,5,0.0,7,0,4,0,6,-0.131,3,0,1,0,5,0,0.783,7,-0.803,5,4,0,3,2,6,0,3,-1.174,7,0
7,5,6,4,710.49,7,4,1.02,4,2,3,0.0,-2.526,1,0.0,7,6,5,0,4,0.221,4,7,6,1,0,4,1.217,5,-0.024,6,6,6,7,3,4,7,6,1.14,6,1
3,5,0,6,1250.03,2,0,1.152,7,0,0,399.94,2.205,0,0.0,3,6,3,1,0,0.883,4,2,6,1,2,4,1.441,0,2.751,5,3,6,4,1,2,6,6,1.441,4,1
3,6,7,2,0.0,5,3,1.534,4,0,3,0.0,2.382,4,0.0,6,7,1,1,3,1.075,5,3,7,1,5,7,1.26,4,2.303,0,4,2,1,4,2,7,3,1.695,0,1
2,5,7,3,1177.64,2,0,2.171,3,5,7,0.0,3.444,7,0.0,6,7,7,1,1,1.234,5,4,1,1,7,7,1.01,3,-1.687,5,4,3,2,3,3,7,1,1.478,5,1
2,0,5,6,0.0,6,2,-1.452,2,3,3,0.0,-1.196,7,0.0,3,3,6,0,0,-3.039,5,1,1,0,0,1,0.88,1,0.296,1,7,3,2,2,4,3,2,-0.468,1,0
0,6,5,5,0.0,2,1,-0.215,4,6,5,0.0,3.183,2,0.0,3,1,0,0,4,-1.913,2,1,2,0,2,6,1.486,5,0.174,2,2,3,7,0,4,0,7,-0.551,2,0
0,4,3,7,0.0,2,6,-1.357,1,3,6,0.0,2.15,6,0.0,5,3,7,0,2,0.347,2,1,6,0,4,6,0.768,7,-1.633,0,0,2,7,1,0,6,1,-1.123,2,0
0,4,3,1,0.0,1,1,-0.771,6,1,5,0.0,2.273,1,0.0,1,6,2,0,7,-1.559,7,6,4,0,7,7,1.288,7,0.385,7,0,7,1,5,3,5,2,-1.487,4,0
3,1,2,5,0.0,2,4,-2.204,1,7,4,0.0,-0.52,5,0.0,5,7,5,0,4,-0.597,7,4,4,0,3,6,0.407,5,-1.661,7,4,5,2,6,4,2,4,-1.406,6,0
5,0,0,6,209.51,5,0,0.277,3,3,2,0.0,0.17,3,0.0,5,5,2,1,5,2.165,1,1,7,1,5,6,1.193,4,0.804,4,3,2,2,7,2,0,7,1.282,6,1
7,1,0,0,0.0,6,0,-0.064,5,0,1,0.0,0.711,5,0.0,1,3,5,0,2,0.68,0,4,1,0,2,7,0.781,7,-0.227,5,6,6,5,5,6,4,0,0.107,7,0
3,0,7,5,1260.22,1,7,1.119,1,4,0,0.0,2.272,7,23.18,1,5,5,1,0,-0.971,7,0,6,1,5,2,0.723,3,1.769,1,7,2,6,5,7,3,4,1.738,5,1
0,5,0,7,979.86,1,7,1.837,3,6,6,0.0,-2.056,2,0.0,6,5,0,1,7,4.259,4,7,2,1,2,5,1.483,7,1.357,6,2,6,5,7,6,3,6,2.403,7,1
3,1,6,4,847.12,2,0,2.487,1,0,7,0.0,3.482,6,0.0,0,4,0,1,6,1.574,2,3,1,1,2,3,1.068,0,2.333,0,0,5,7,5,6,4,2,1.883,3,1
3,7,7,4,0.0,1,5,0.202,0,1,2,0.0,4.435,7,0.0,5,6,0,0,4,1.001,3,1,3,0,0,4,0.956,6,1.837,1,0,1,7,2,7,1,1,0.942,5,0
5,0,3,6,0.0,5,7,-1.294,5,0,6,0.0,-2.147,7,0.0,2,7,7,0,7,-0.033,3,3,3,0,3,7,0.727,7,3.514,6,5,2,6,1,5,5,2,-0.448,2,0
1,5,2,2,0.0,7,3,0.288,3,2,6,0.0,1.335,5,0.0,5,6,0,0,5,-0.715,7,1,3,0,6,4,0.919,6,1.925,2,6,3,3,1,5,1,0,-0.294,3,0
3,3,3,1,2083.54,2,7,0.039,0,1,5,0.0,0.687,1,0.0,7,5,3,1,0,1.147,1,6,2,0,6,3,1.33,2,0.18,5,7,3,6,2,0,6,1,1.14,6,1
1,4,4,7,266.28,4,5,1.042,0,1,3,0.0,2.558,1,8.59,5,6,1,0,1,-0.261,0,7,6,1,2,2,1.244,6,0.219,6,3,2,4,5,7,3,7,1.193,0,1
4,3,4,0,0.0,2,4,0.362,5,6,5,0.0,1.711,7,0.0,2,7,4,0,3,1.606,0,6,7,0,7,6,1.045,4,1.614,1,7,0,2,7,7,5,2,0.173,1,0
0,3,2,2,0.0,6,6,0.671,5,4,5,0.0,1.263,5,0.0,5,1,3,0,0,-0.255,6,6,2,0,2,7,1.122,7,-0.954,4,7,3,2,1,5,3,7,0.489,3,0
3,2,5,4,0.0,5,2,0.613,5,6,4,0.0,-2.238,4,0.0,2,4,4,0,2,0.137,0,0,3,0,7,1,0.906,4,0.62,7,4,1,4,0,7,5,7,-0.616,0,0
0,1,6,1,1627.15,5,1,1.661,3,7,3,0.0,1.417,2,0.0,0,1,3,1,2,2.685,6,0,6,1,0,6,1.489,4,-0.12,2,6,4,7,7,6,2,5,1.651,7,1
0,0,2,0,0.0,6,1,-1.678,0,1,3,0.0,-5.397,2,0.0,0,5,2,0,4,-2.243,0,0,3,0,5,5,1.183,2,-2.817,4,4,1,0,1,4,2,2,-1.219,6,0
1,5,2,1,1844.11,5,0,1.895,1,4,5,0.0,6.372,7,0.0,2,4,1,1,5,-0.949,4,6,0,1,5,6,1.003,3,3.292,1,6,0,2,4,2,4,4,1.505,1,1
6,3,5,3,0.0,2,4,0.196,1,7,7,0.0,-0.353,3,0.0,6,2,0,0,3,-1.773,4,6,7,0,3,1,0.742,4,-0.498,1,1,6,4,0,5,5,1,-0.506,5,0
5,0,0,3,0.0,6,3,0.646,5,1,6,0.0,3.842,2,0.0,3,2,7,0,1,1.535,0,1,0,0,5,1,0.949,0,1.099,5,5,6,7,7,4,7,0,0.343,7,0
5,3,1,1,0.0,5,4,1.011,6,4,3,0.0,0.561,1,0.0,0,7,4,0,1,-0.827,4,7,2,0,1,5,0.784,3,1.616,3,7,2,0,5,4,2,3,0.335,3,0
6,0,4,0,0.0,6,4,0.412,2,6,6,0.0,0.113,1,0.0,3,7,4,0,2,1.553,1,1,4,0,7,4,0.992,6,0.388,0,7,1,7,2,1,3,6,-0.173,1,0
4,6,6,4,0.0,7,0,-1.282,3,0,4,0.0,1.075,6,0.0,5,3,1,0,6,-0.748,0,1,0,0,5,2,0.714,4,-3.082,3,1,1,3,1,4,6,1,-1.054,4,0
0,4,1,7,593.38,2,4,1.152,6,6,2,0.0,-1.18,5,0.0,7,0,5,1,2,1.082,5,4,5,0,0,1,1.383,3,0.221,4,6,4,6,7,4,7,3,0.239,1,1
6,0,4,5,0.0,3,0,0.392,3,4,0,0.0,1.925,6,0.0,2,4,5,0,1,0.549,0,3,1,0,2,4,1.05,3,1.583,3,3,3,5,0,3,1,7,0.748,0,0
0,0,6,3,134.62,4,4,0.952,3,0,3,0.0,4.704,3,0.0,7,6,3,0,2,1.165,1,6,3,1,6,4,1.364,7,-1.717,1,3,0,0,6,6,2,3,1.619,5,1
6,1,6,2,307.31,7,0,2.445,1,0,7,0.0,2.431,3,0.0,2,5,2,1,1,3.704,1,5,0,1,3,3,1.281,6,1.918,1,7,2,1,7,3,0,3,2.483,6,1
5,0,1,3,0.0,1,6,0.05,0,2,4,0.0,-2.725,0,0.0,1,4,1,0,2,-2.504,4,0,2,0,6,0,1.076,7,0.658,2,1,2,7,6,7,7,0,-1.213,5,0
0,3,2,6,0.0,6,1,-1.77,4,2,5,0.0,2.384,6,0.0,0,2,3,0,1,-1.929,4,3,1,0,3,1,1.385,4,-1.832,1,1,5,5,2,5,0,1,-1.078,6,0
7,1,3,5,708.38,7,7,1.136,5,2,3,0.0,1.501,4,9.45,7,0,4,1,5,3.882,5,2,7,0,0,1,1.111,3,0.071,4,5,5,4,0,6,6,0,1.447,3,1
1,1,7,6,0.0,6,4,-0.093,4,2,6,0.0,-4.393,2,0.0,5,1,3,0,4,-1.28,3,2,3,0,7,6,0.832,0,0.067,7,5,1,5,1,6,5,5,-0.535,2,0
7,0,2,5,0.0,0,3,0.421,0,2,7,0.0,-0.001,3,0.0,2,4,4,0,1,-2.312,6,4,1,0,5,2,1.199,4,1.59,5,7,5,6,0,1,2,6,0.251,2,0
7,1,0,2,0.0,7,6,-0.132,3,7,6,0.0,0.562,5,0.0,3,0,1,0,2,0.679,7,7,1,0,2,1,0.849,3,-1.371,3,4,0,4,0,6,2,1,-0.186,0,0
0,7,2,1,0.0,0,5,-2.933,2,4,4,0.0,-1.032,2,0.0,6,5,2,0,2,-4.649,7,1,2,0,6,4,1.269,4,-4.145,5,2,1,7,4,6,3,7,-2.834,3,0
7,2,7,0,0.0,1,4,-1.303,3,3,7,0.0,-1.285,4,0.0,4,3,4,0,1,-1.012,6,0,5,0,1,6,0.884,1,-1.197,5,1,4,4,7,3,3,6,-0.764,3,0
7,2,1,2,462.97,1,7,1.698,1,2,6,0.0,-0.407,2,0.0,3,1,3,1,5,1.109,0,7,4,1,7,5,1.306,3,-0.071,0,1,1,2,2,6,1,2,1.681,6,1
4,6,1,1,535.99,5,2,0.354,6,5,0,0.0,3.897,7,0.0,4,7,0,0,7,0.903,7,3,7,1,7,4,0.971,4,1.156,0,5,4,4,6,4,3,4,1.465,2,1
5,0,5,5,0.0,6,3,-0.627,7,5,7,0.0,-2.059,7,0.0,0,4,4,0,7,-0.395,6,3,0,0,5,6,0.955,6,0.147,5,4,3,4,4,2,1,0,-0.335,7,0
2,4,1,6,0.0,0,1,1.208,7,4,2,0.0,0.367,1,0.0,5,1,3,0,4,2.609,3,6,1,0,0,2,1.016,2,-0.395,1,0,4,2,5,6,2,1,0.763,2,0
1,6,5,4,0.0,4,0,-1.212,0,4,1,0.0,-0.628,2,0.0,2,0,5,0,0,-2.981,0,0,3,0,2,5,0.906,4,-1.764,4,0,4,5,3,7,6,1,-0.974,2,0
0,1,3,5,0.0,3,3,0.788,5,5,5,0.0,0.681,3,0.0,3,3,1,0,4,-0.028,0,4,6,0,5,7,0.877,3,1.674,6,2,3,5,0,5,5,7,0.701,0,0
2,3,4,4,0.0,5,5,-0.442,1,6,0,0.0,-2.725,1,0.0,3,4,5,0,6,-0.118,7,6,3,0,6,4,1.032,3,-2.178,3,7,3,2,2,5,2,5,-0.588,7,0
7,1,6,7,2031.6,6,3,1.934,2,3,0,0.0,1.767,2,0.0,7,6,0,1,5,2.816,6,0,5,1,4,0,1.278,1,2.155,3,2,3,6,4,1,6,1,1.763,3,1
0,2,5,1,0.0,6,7,-0.106,7,0,0,0.0,0.258,6,0.0,1,6,0,0,7,-0.976,5,4,6,0,3,4,0.985,4,-1.272,7,7,7,5,2,5,5,7,-0.734,6,0
5,2,1,4,0.0,0,2,-0.395,4,2,7,0.0,-0.015,2,0.0,6,4,5,0,3,1.641,4,1,4,0,2,2,1.24,6,-1.217,5,4,0,7,1,1,5,2,0.563,3,0
7,3,1,3,0.0,3,0,-0.402,6,2,1,0.0,-1.278,7,0.0,3,6,3,0,6,1.774,0,0,0,0,6,3,1.177,7,0.018,4,5,6,0,7,1,0,2,-0.648,2,0
2,3,2,2,0.0,7,1,-0.009,5,0,5,0.0,0.733,5,0.0,1,0,1,0,4,3.398,4,4,4,0,5,5,1.049,6,-1.878,3,6,2,0,4,2,0,1,-0.135,6,0
7,5,5,1,1626.86,2,1,1.123,5,7,1,0.0,-2.002,2,0.0,3,4,1,1,6,0.343,0,4,5,0,3,1,1.19,3,1.282,3,1,6,0,5,5,1,5,1.092,7,1
5,7,2,6,602.55,3,2,1.182,7,0,3,0.0,1.643,0,0.0,1,1,7,0,0,0.723,4,6,7,1,6,5,1.445,2,-0.994,0,6,6,0,4,4,3,5,1.361,5,1
0,6,3,2,0.0,6,7,1.195,2,5,4,0.0,1.417,7,0.0,4,4,4,0,7,-1.139,5,7,1,0,5,6,1.051,6,1.629,7,0,3,7,5,5,0,0,0.64,0,0
7,3,6,3,0.0,4,1,1.045,3,1,5,0.0,2.604,1,0.0,0,7,0,0,1,1.261,2,2,2,0,4,2,0.531,3,4.604,0,1,1,3,2,3,4,3,0.786,3,0
0,2,3,3,0.0,5,0,-0.686,6,4,1,0.0,1.053,4,0.0,0,5,7,0,7,-0.338,0,3,1,0,3,4,1.126,6,0.28,3,4,1,1,1,3,0,2,-0.541,2,0
1,3,5,5,829.16,7,1,1.245,4,3,7,0.0,-1.743,3,0.0,4,7,0,1,2,-0.931,5,1,2,0,3,7,1.158,3,2.299,5,4,3,5,2,2,3,5,0.72,6,1
7,3,7,5,0.0,7,1,0.143,6,3,4,0.0,0.59,4,0.0,4,0,4,0,0,1.059,4,5,4,0,1,7,0.788,7,0.731,1,6,5,4,7,6,3,2,0.447,2,0
0,2,7,0,0.0,4,1,-0.476,4,7,3,0.0,2.495,2,0.0,7,3,4,0,5,1.116,0,0,2,0,0,2,0.776,2,1.338,6,3,5,3,4,0,7,0,-0.091,2,0
5,6,4,6,0.0,1,5,-1.505,5,7,5,0.0,-4.561,3,0.0,7,5,5,0,3,-2.374,7,1,7,0,4,1,1.139,0,-1.948,1,7,0,5,3,1,5,1,-1.271,6,0
6,5,4,3,0.0,4,0,1.103,2,1,1,0.0,1.048,1,0.0,1,5,3,0,1,0.076,3,3,1,0,2,6,1.044,3,0.441,3,4,1,3,6,2,7,0,0.226,2,0
0,1,1,6,0.0,2,1,0.124,3,4,4,0.0,1.735,5,0.0,0,2,5,0,6,-0.674,1,3,2,0,4,5,0.966,7,0.007,1,4,0,7,6,3,4,5,-0.23,1,0
7,0,7,4,0.0,2,6,-1.414,2,3,3,0.0,-3.104,5,0.0,0,3,0,0,4,-2.865,3,6,0,0,1,0,0.932,4,-4.875,6,5,7,3,5,0,5,7,-1.585,6,0
7,4,1,0,0.0,3,3,-1.457,6,0,4,0.0,-3.394,2,0.0,3,5,7,0,4,-3.053,1,6,3,0,2,2,0.617,5,-2.676,1,3,2,5,1,1,3,7,-1.11,0,0
3,7,6,7,0.0,4,6,-0.638,1,5,6,0.0,-2.027,2,0.0,0,3,3,0,0,0.147,0,7,4,0,4,3,0.913,1,0.931,7,5,1,4,4,4,5,2,-0.143,3,0
3,5,4,0,0.0,3,5,0.437,5,6,0,0.0,0.699,5,0.0,5,7,7,0,5,-3.475,1,6,2,0,4,3,0.868,4,2.002,4,0,7,7,2,5,2,3,-0.082,4,0
2,7,7,6,0.0,7,5,0.33,5,4,0,0.0,-1.997,4,0.0,5,2,3,0,6,1.663,0,4,0,0,3,4,1.052,2,0.928,3,7,3,1,1,7,0,7,-0.094,4,0
7,0,6,7,0.0,3,3,-0.124,5,0,6,0.0,-2.126,6,0.0,1,0,0,0,3,-0.328,2,6,7,0,3,2,0.843,4,1.163,7,3,4,5,4,5,6,7,0.008,3,0
1,6,7,5,0.0,2,3,0.26,2,6,1,0.0,-1.523,7,0.0,4,5,5,0,4,1.166,2,4,3,0,6,6,0.602,7,0.699,3,6,1,6,7,1,4,6,0.585,2,0
7,5,6,2,0.0,2,7,0.164,3,6,7,0.0,1.622,1,0.0,7,2,1,0,6,-1.003,3,0,0,0,5,5,0.879,3,1.873,7,1,1,5,0,3,6,2,0.45,3,0
7,2,6,2,0.0,3,3,0.876,5,2,1,0.0,1.659,5,0.0,6,5,0,0,4,0.271,3,5,7,0,3,5,0.902,6,-0.577,6,2,5,1,5,5,3,7,0.566,3,0
2,6,2,2,0.0,0,7,-1.082,4,6,6,0.0,0.458,2,0.0,5,0,4,0,3,-0.461,1,6,0,0,7,0,0.82,2,1.854,3,3,7,4,0,6,0,3,0.198,1,0
6,5,3,3,0.0,2,7,-1.083,5,3,2,0.0,-4.88,0,0.0,3,0,4,0,7,-1.031,0,0,4,0,3,1,1.23,1,-3.657,7,2,2,2,5,0,5,5,-1.021,0,0
4,7,0,4,0.0,5,0,1.643,1,3,2,0.0,-2.95,1,0.0,6,0,0,1,4,4.406,6,4,4,1,5,5,1.154,5,1.037,3,5,0,5,5,3,2,2,1.124,1,1
5,2,0,5,0.0,2,7,-0.476,1,1,1,0.0,0.839,4,0.0,2,2,1,0,6,0.918,2,2,6,0,2,6,0.842,4,-0.513,7,1,7,1,7,1,1,6,-0.214,6,0
4,0,0,6,0.0,0,3,0.268,1,4,5,0.0,1.716,0,0.0,4,6,0,0,5,2.829,3,1,1,0,1,2,1.254,4,0.502,6,7,7,2,7,6,2,4,0.267,3,0
4,6,0,4,0.0,5,0,1.259,3,1,4,0.0,2.168,4,0.0,6,3,1,0,1,-0.014,6,1,5,0,3,3,0.856,6,-0.045,3,5,0,5,4,4,5,1,0.889,3,0
5,6,1,5,0.0,7,1,-1.764,1,1,2,0.0,0.325,0,0.0,7,2,7,0,2,-0.835,4,6,7,0,3,6,1.025,7,-2.355,6,6,3,1,5,3,7,2,-1.407,5,0
6,6,4,6,0.0,2,4,-0.081,2,6,4,0.0,1.121,5,0.0,6,3,4,0,1,0.745,6,4,6,0,7,1,0.907,5,0.593,3,4,3,6,7,7,7,0,1.279,2,0
1,5,4,1,0.0,3,7,-1.817,3,6,0,0.0,-0.181,0,0.0,2,0,6,0,2,-1.167,3,1,1,0,7,6,0.652,6,-1.91,2,3,1,3,6,0,5,2,-1.75,2,0
1,2,2,0,0.0,0,6,-0.844,0,0,5,0.0,0.314,5,0.0,4,5,5,0,2,-2.924,6,3,3,0,4,5,1.035,6,1.945,7,4,0,1,6,3,1,5,-0.205,7,0
0,5,3,6,1696.49,4,7,2.849,3,2,0,0.0,1.106,6,0.0,1,5,5,1,0,2.699,0,4,6,1,2,4,1.094,4,1.386,5,5,5,1,4,7,0,4,2.109,3,1
5,4,0,1,0.0,5,2,0.764,1,7,2,0.0,-0.774,6,0.0,1,3,5,0,4,-0.195,2,2,4,0,2,3,1.185,4,0.656,1,3,5,2,6,3,4,4,1.097,5,0
2,0,5,0,0.0,6,4,-1.294,0,3,4,0.0,-3.135,5,0.0,0,2,0,0,0,-1.209,3,5,1,0,6,2,1.041,5,-1.741,0,6,7,1,3,3,5,6,-0.961,7,0
3,3,1,0,0.0,6,4,1.654,6,6,1,0.0,-1.633,6,0.0,7,4,5,0,4,1.978,6,5,2,0,2,5,0.92,3,1.812,1,1,2,4,3,6,6,7,1.231,1,0
0,3,5,6,0.0,2,3,-0.687,6,7,3,0.0,-1.103,1,0.0,2,5,0,0,4,-0.611,5,2,1,0,0,6,1.096,2,0.876,6,3,4,2,4,6,2,4,-0.679,5,0
4,0,2,0,960.42,7,6,1.839,3,2,7,0.0,5.516,6,10.96,3,2,3,1,2,1.498,0,0,2,1,5,1,1.227,6,3.362,1,5,1,4,1,5,6,6,2.189,5,1
5,3,2,4,0.0,5,2,-0.543,2,0,3,0.0,-2.337,3,0.0,4,5,1,0,2,-0.996,4,6,7,0,7,4,1.04,2,1.284,2,4,6,6,7,3,2,5,-0.724,7,0
1,2,4,4,0.0,7,7,1.267,0,0,1,0.0,-3.772,5,0.0,4,3,3,0,4,1.116,5,3,6,1,2,3,1.23,3,-0.356,7,4,0,6,2,1,6,6,1.284,0,1
6,5,0,3,0.0,7,6,-0.656,3,3,3,0.0,-0.836,5,0.0,3,3,2,0,7,-1.402,7,7,7,0,6,5,0.701,1,-2.624,2,7,0,7,0,0,2,4,-1.112,2,0
0,6,5,7,0.0,7,0,-0.026,1,0,5,0.0,-0.016,5,0.0,5,3,1,0,7,0.636,2,4,7,0,5,3,1.034,6,-2.593,1,5,0,6,5,3,7,2,-0.338,3,0
7,2,0,4,0.0,3,5,-0.697,0,6,4,0.0,-1.5,3,0.0,4,0,3,0,7,-1.153,4,3,1,0,3,1,1.083,7,-1.171,5,4,4,6,3,0,6,5,-0.034,6,0
0,3,5,0,1828.57,0,2,0.88,2,5,5,0.0,3.16,4,0.0,2,5,2,1,7,1.378,7,0,2,1,0,1,1.13,4,3.789,7,3,4,5,4,1,3,1,1.847,4,1
2,3,7,6,0.0,1,5,0.499,6,5,0,0.0,1.547,4,0.0,1,1,2,0,0,0.18,5,6,4,0,7,7,0.999,2,1.61,6,5,6,7,7,6,6,6,0.442,2,0
2,6,7,5,0.0,0,0,0.305,2,0,0,0.0,-2.839,6,0.0,4,3,1,0,7,-2.302,6,4,5,0,5,0,1.121,0,2.049,0,3,3,3,1,3,3,0,-0.428,4,0
3,3,4,2,0.0,5,2,1.168,6,0,3,0.0,3.002,1,0.0,6,1,2,0,3,0.306,1,0,4,0,6,3,1.028,5,-4.512,6,0,3,6,5,3,6,5,-0.197,7,0
7,7,7,4,0.0,0,0,-1.74,3,7,0,0.0,-2.495,3,0.0,2,3,0,0,1,-2.408,2,5,0,0,5,4,0.855,1,-0.155,7,1,4,1,3,4,6,6,-1.484,0,0
1,0,4,1,0.0,2,7,-0.193,6,4,5,0.0,-0.537,2,0.0,1,7,2,0,0,0.9,6,3,6,0,4,6,1.123,0,3.108,5,7,0,2,6,4,3,1,0.315,6,0
1,7,5,7,1526.62,5,7,0.252,2,3,2,0.0,4.09,5,0.0,6,2,3,0,6,0.013,6,2,5,1,0,1,1.451,7,-2.26,4,3,4,4,5,3,7,3,0.942,2,1
6,1,7,2,0.0,6,0,0.119,1,6,2,0.0,-1.444,0,0.0,4,3,3,0,1,-0.953,0,2,3,0,1,3,0.849,3,-1.624,5,3,5,7,3,5,1,0,-0.906,0,0
2,6,7,1,423.02,5,0,2.156,0,5,4,0.0,4.553,6,1.88,0,4,2,1,3,2.545,7,5,1,0,5,3,1.39,0,-1.843,2,5,4,3,0,3,6,1,1.102,1,1
5,5,0,5,1571.29,7,6,1.907,2,6,4,0.0,-2.646,0,23.88,4,5,4,1,1,0.948,6,1,4,0,5,2,1.308,0,1.464,4,2,5,7,0,6,4,5,0.957,2,1
6,1,4,7,0.0,7,1,-0.318,0,6,6,0.0,-0.679,3,0.0,2,3,5,0,0,-2.713,6,1,6,0,7,6,1.063,4,-1.651,0,1,4,5,5,4,7,4,-0.206,1,0
0,6,5,0,1196.05,3,2,1.209,3,0,4,0.0,0.49,5,0.0,3,3,0,1,5,-0.07,7,3,4,1,6,1,1.464,1,1.855,0,4,2,0,5,2,3,4,1.673,1,1
4,2,3,4,0.0,7,2,-0.809,2,6,2,0.0,0.336,7,0.0,2,7,2,0,3,-0.898,5,6,2,0,3,7,0.948,2,0.48,4,1,3,4,1,3,5,2,0.289,7,0
1,4,3,0,0.0,7,5,0.538,3,6,5,0.0,-1.962,6,0.0,3,3,1,0,4,0.54,6,3,1,0,4,3,1.072,6,3.204,5,3,2,0,0,3,5,7,0.182,6,0
7,0,4,1,0.0,5,1,0.252,3,7,4,0.0,5.844,5,0.0,1,1,1,0,3,-1.352,4,5,5,0,1,6,1.05,5,1.127,3,3,6,2,7,6,4,4,0.169,0,0
3,2,2,4,863.72,6,2,0.494,3,3,1,0.0,-0.942,7,0.0,2,6,6,1,4,0.595,5,1,5,0,1,0,1.462,0,3.527,5,0,7,6,1,5,2,2,0.838,6,1
1,7,7,0,0.0,5,6,-0.034,5,0,4,0.0,0.068,1,0.0,0,3,5,0,3,-2.945,3,2,0,0,4,7,1.155,6,1.309,1,0,2,2,2,4,1,5,-0.566,6,0
4,7,3,1,0.0,1,4,-0.768,7,2,3,0.0,2.78,4,0.0,7,5,2,0,4,-0.021,2,3,3,0,2,3,1.431,4,1.375,2,4,4,5,2,3,3,4,0.472,5,0
6,5,7,3,0.0,5,7,-0.673,7,5,3,0.0,-0.686,0,0.0,7,3,4,0,0,0.27,0,3,2,0,3,6,1.29,4,-2.374,6,2,0,0,0,1,1,0,-0.976,2,0
6,5,0,3,0.0,4,2,-0.33,7,5,5,0.0,0.393,5,0.0,6,4,4,0,6,-0.734,6,0,3,0,2,1,0.767,2,1.036,6,4,7,4,4,7,7,1,0.496,4,0
3,2,1,6,0.0,4,7,0.978,5,2,3,0.0,1.867,3,0.0,5,1,7,0,2,-1.067,6,5,5,0,6,6,0.973,4,1.312,5,6,1,0,5,7,5,4,0.108,7,0
3,3,7,5,0.0,6,7,-0.015,6,1,3,0.0,0.028,0,0.0,5,1,7,0,0,0.358,5,7,1,0,4,6,0.98,1,3.946,1,0,7,5,0,4,3,5,0.715,4,0
2,5,1,7,0.0,4,0,0.221,6,5,0,0.0,-1.077,5,0.0,7,6,6,0,3,1.004,6,2,1,0,6,3,0.64,5,-2.32,7,4,2,0,3,2,0,0,0.439,2,0
5,1,3,5,0.0,3,6,-0.596,1,0,1,0.0,1.531,3,0.0,2,4,4,0,6,-1.694,5,6,6,0,2,7,1.234,4,-0.969,4,3,3,7,7,3,2,0,-0.623,6,0
6,0,2,2,0.0,7,7,0.97,4,0,0,0.0,-1.55,5,0.0,1,7,4,0,2,1.897,2,4,4,0,4,6,1.061,0,-0.393,0,0,2,3,2,3,0,0,1.345,7,0
4,2,1,0,0.0,6,7,-0.98,6,6,6,0.0,-1.383,3,0.0,5,2,7,0,1,-0.879,6,0,6,0,1,2,1.162,1,-1.005,5,4,4,6,5,4,1,4,-1.407,6,0
1,2,4,7,0.0,3,7,-0.39,4,4,0,0.0,0.407,6,0.0,1,0,0,0,7,-1.033,7,1,5,0,7,5,1.326,7,1.418,2,5,3,7,6,5,6,2,0.082,4,0
7,3,5,6,0.0,0,3,-0.575,5,2,5,0.0,2.517,7,0.0,7,1,1,0,2,-1.634,3,6,6,0,6,7,1.313,3,-3.078,2,5,3,0,1,0,0,7,-1.427,0,0
1,0,3,3,0.0,4,5,0.48,5,2,2,0.0,-2.617,5,0.0,3,1,3,0,0,0.791,1,0,2,0,3,4,1.005,4,-0.214,3,6,0,2,7,5,1,3,-0.2,6,0
0,5,3,3,0.0,5,6,0.748,4,6,3,0.0,-0.847,3,0.0,3,7,3,0,7,1.139,2,3,4,0,0,7,0.898,5,2.757,3,3,4,0,0,5,1,6,0.597,3,0
2,2,4,3,0.0,2,6,0.324,3,3,3,0.0,0.199,7,0.0,2,7,4,1,5,2.181,5,3,6,0,2,1,1.269,5,0.467,0,0,2,5,1,7,3,3,0.719,3,1
7,0,5,3,0.0,3,2,-2.966,0,3,5,0.0,-0.632,3,0.0,7,5,2,0,5,-1.03,6,0,0,0,7,0,1.293,1,-1.363,0,5,0,7,2,1,2,3,-1.899,6,0
2,2,1,3,778.46,7,5,1.485,4,1,3,0.0,0.575,7,0.0,2,2,7,0,1,1.304,5,2,6,1,7,7,1.153,2,1.001,7,7,0,5,7,4,0,6,1.463,3,1
5,2,6,0,0.0,5,7,1.175,3,2,1,0.0,-1.114,7,0.0,1,2,7,0,5,-0.016,7,2,2,0,7,4,1.147,5,-0.604,1,5,6,0,7,1,2,0,0.961,6,0
3,2,7,0,0.0,3,1,-0.418,3,1,3,0.0,-2.585,2,0.0,6,3,2,0,0,-1.297,5,1,4,0,3,0,0.905,1,-0.816,7,3,6,0,2,2,6,0,-0.513,2,0
0,1,5,3,0.0,0,3,-1.142,3,1,3,0.0,2.119,7,0.0,0,0,5,0,3,0.822,1,3,3,0,2,4,0.705,6,1.157,4,2,3,3,7,2,6,7,0.013,1,0
0,6,3,6,0.0,2,5,-0.858,6,0,6,0.0,3.187,0,0.0,7,0,2,0,4,0.129,0,2,4,0,1,6,1.165,3,0.699,1,6,1,2,0,3,7,5,-0.62,3,0
2,6,2,3,0.0,0,3,0.265,0,5,4,0.0,-2.207,0,0.0,1,5,0,0,6,-0.176,2,3,1,0,6,3,0.973,0,-0.777,2,3,0,1,1,2,3,4,-0.2,5,0
4,5,0,4,0.0,6,2,-0.309,0,1,7,0.0,1.262,5,0.0,0,5,2,0,6,0.12,0,3,3,0,0,4,0.768,0,2.474,4,2,2,7,0,4,4,2,0.681,4,0
1,3,3,5,0.0,2,1,1.125,2,1,2,0.0,1.364,4,0.0,2,2,1,0,4,2.629,4,3,1,1,6,1,1.27,3,0.392,4,2,1,1,0,3,2,1,0.175,0,1
2,0,5,6,0.0,2,6,1.667,0,6,7,0.0,2.878,3,2.01,4,7,1,1,3,-1.257,4,2,6,1,1,2,1.013,2,-0.399,7,7,0,4,3,6,2,6,0.795,6,1
1,5,4,3,0.0,3,6,-0.801,0,2,7,0.0,-0.313,0,0.0,2,6,4,0,5,-2.432,3,1,5,0,6,1,1.125,3,-0.26,3,6,0,0,4,4,5,5,-1.735,3,0
3,0,6,6,0.0,3,0,0.231,0,0,6,0.0,-4.601,3,0.0,3,0,4,0,3,1.146,6,7,6,0,0,4,0.564,4,1.216,7,3,1,2,5,3,5,2,-0.452,5,0
2,1,1,6,0.0,4,3,-1.293,3,7,7,0.0,-5.893,2,0.0,6,6,7,0,5,-1.682,1,1,7,0,7,7,1.126,1,-3.158,0,7,3,4,6,5,4,6,-1.032,4,0
4,5,5,4,0.0,0,2,-1.709,4,4,4,0.0,1.311,7,0.0,0,2,4,0,0,-1.656,0,1,4,0,5,5,1.054,5,-1.079,6,7,1,4,7,0,6,2,-1.025,2,0
6,2,1,7,46.39,6,4,1.795,6,7,1,0.0,2.227,7,0.0,3,4,0,1,2,1.838,2,1,3,1,7,0,1.477,2,1.596,2,6,7,1,0,6,0,1,1.535,7,1
7,5,1,3,0.0,7,3,-0.791,4,0,5,0.0,0.53,2,0.0,6,7,2,0,0,1.063,7,1,7,0,7,2,1.122,7,2.113,4,2,0,7,5,6,3,3,-0.402,1,0
7,5,0,4,0.0,0,0,-2.163,3,1,4,0.0,-1.793,7,0.0,3,6,4,0,1,-2.487,7,1,2,0,6,4,1.044,5,-2.575,1,7,0,4,5,1,4,0,-2.27,3,0
7,4,4,7,0.0,1,7,-1.046,3,3,5,0.0,3.423,5,0.0,5,5,5,0,0,-0.978,6,7,0,0,6,4,0.812,2,-0.647,5,0,5,2,1,7,3,5,0.098,2,0
3,6,3,4,0.0,7,3,-0.797,2,3,0,0.0,0.85,5,0.0,6,7,3,0,7,-0.05,4,2,1,0,5,6,1.098,1,-2.454,6,0,5,2,7,0,5,7,-0.68,5,0
0,1,6,1,0.0,2,7,-1.076,0,5,0,0.0,2.761,3,0.0,1,2,5,0,1,-0.625,3,4,4,0,0,6,1.022,7,-0.757,6,6,5,7,4,4,4,0,-0.022,4,0
5,5,6,5,0.0,4,1,-0.446,0,4,5,0.0,-0.178,2,0.0,3,3,0,0,4,-1.919,2,5,3,0,0,5,1.015,2,-3.816,4,1,5,6,4,2,1,4,-0.855,4,0
6,4,7,3,657.55,6,5,1.336,1,7,7,0.0,0.328,7,0.0,3,1,2,0,0,0.741,6,5,2,1,7,2,1.228,3,-0.755,7,7,0,4,5,4,2,3,1.754,2,1
6,0,7,7,0.0,6,0,-1.633,4,6,6,0.0,-5.557,1,0.0,1,5,1,0,3,-0.485,6,6,0,0,7,6,0.753,5,-2.229,6,7,3,3,1,1,5,5,-1.451,4,0
6,2,3,0,0.0,0,6,0.593,2,6,1,0.0,0.025,1,0.0,5,5,3,1,0,2.681,7,2,0,1,3,5,0.9,2,2.115,1,0,3,5,3,4,0,7,1.708,2,1
3,5,5,5,0.0,3,1,0.563,6,5,5,0.0,0.195,0,0.0,0,6,3,0,3,0.609,4,7,6,0,6,7,0.883,6,-0.334,4,5,6,0,4,0,2,4,0.099,1,0
4,0,7,2,0.0,2,5,-1.232,4,0,6,0.0,0.258,0,0.0,1,7,6,0,0,0.298,5,0,2,0,7,2,1.486,7,-2.358,7,0,4,5,1,3,0,1,-1.033,6,0
3,7,5,7,131.33,1,4,2.224,3,3,1,0.0,1.278,6,0.0,5,2,5,1,1,1.284,2,5,2,1,5,4,0.977,1,2.571,1,1,2,3,6,3,1,5,1.854,4,1
3,7,6,4,1860.19,7,6,0.695,4,0,3,0.0,1.346,3,0.0,2,5,5,0,3,-0.154,4,5,7,1,0,7,1.258,1,1.759,0,6,7,0,0,4,5,0,0.385,5,1
4,0,5,3,0.0,0,6,-0.927,4,4,6,0.0,1.52,3,0.0,6,4,0,0,5,-0.454,4,2,4,0,5,0,1.119,6,-2.653,1,6,1,1,0,3,5,4,-1.822,2,0
5,4,3,6,0.0,1,7,0.106,4,0,0,0.0,-3.552,0,0.0,4,0,6,0,1,1.476,0,3,4,0,0,3,0.907,6,0.118,7,1,6,7,5,2,2,5,-0.29,7,0
6,6,6,2,0.0,1,3,-1.518,6,0,5,0.0,-5.544,6,0.0,0,2,4,0,5,-1.358,5,5,7,0,3,6,0.819,4,-5.507,6,2,0,1,1,2,4,7,-1.723,5,0
6,1,5,3,0.0,2,0,0.759,3,1,6,0.0,3.556,6,0.0,2,0,2,0,2,0.088,3,6,7,0,0,1,1.05,2,-2.728,6,2,0,3,3,2,7,6,0.896,3,0
7,4,1,3,532.05,4,0,0.392,4,2,7,0.0,1.518,3,0.0,7,6,0,1,3,1.787,2,1,3,0,0,6,1.102,0,-0.429,1,5,3,4,7,5,3,7,0.795,7,1
5,1,6,5,0.0,7,5,0.373,0,6,6,0.0,-1.66,3,0.0,1,2,6,0,3,0.494,2,5,1,0,0,1,1.348,2,-1.021,6,7,2,1,1,3,2,1,-0.007,0,0
0,6,5,1,0.0,3,5,-0.566,2,2,2,0.0,1.583,7,0.0,7,4,6,0,6,-0.57,0,4,7,0,5,2,1.078,1,-0.97,0,6,3,0,6,5,5,4,-0.515,4,0
5,7,0,3,0.0,1,7,-0.985,0,2,7,0.0,-1.116,5,0.0,7,1,3,0,4,-1.066,6,0,6,0,5,1,0.823,5,-3.235,1,4,0,0,0,1,4,3,-0.128,6,0
2,2,4,5,0.0,1,6,-0.636,2,6,4,0.0,-0.893,5,0.0,4,5,2,0,2,0.525,1,3,3,0,6,5,0.792,3,-0.879,0,6,4,7,3,5,7,0,-0.347,5,0
2,4,3,5,0.0,4,1,1.081,3,5,2,0.0,-1.075,2,0.0,7,1,6,0,0,-0.774,7,1,0,0,7,5,1.067,2,-0.155,0,5,4,0,4,3,7,7,0.807,1,0
4,3,5,5,0.0,6,2,-1.147,3,6,5,0.0,-0.705,6,0.0,6,1,3,0,1,-4.976,5,5,4,0,5,3,1.171,0,-4.778,0,5,7,6,2,6,5,3,-0.786,1,0
5,5,3,3,0.0,0,5,0.482,2,2,1,0.0,-2.455,6,0.0,0,3,3,0,7,1.071,7,4,0,0,5,1,1.306,0,-0.461,5,6,6,4,0,5,4,4,0.241,2,0
3,5,6,2,0.0,1,2,-1.856,2,2,0,0.0,0.375,0,0.0,7,7,4,0,4,-1.942,4,4,2,0,1,6,1.108,5,0.616,7,5,4,2,3,1,5,7,-1.464,2,0
1,6,0,6,0.0,7,4,0.084,4,5,2,0.0,-0.623,5,0.0,0,5,1,0,7,0.463,1,3,3,0,7,7,0.836,7,-1.283,5,6,3,3,4,1,5,7,0.615,4,0
4,3,5,7,0.0,4,3,0.694,5,3,1,0.0,-1.627,6,0.0,7,5,5,0,6,0.922,7,2,0,0,4,7,1.277,7,-1.417,1,2,1,2,4,3,3,0,1.07,1,0
3,1,2,7,0.0,0,6,-0.877,5,4,0,0.0,-1.352,4,0.0,2,4,2,0,0,0.991,1,6,1,0,4,6,0.862,6,0.595,6,4,5,6,6,0,3,6,-0.195,4,0
6,3,1,5,0.0,6,6,-1.028,1,3,3,0.0,-2.006,1,0.0,1,4,4,0,6,-1.942,3,6,7,0,2,2,0.831,5,-0.535,2,4,6,2,4,1,3,1,-1.69,2,0
3,6,4,3,0.0,1,6,1.362,1,0,3,0.0,4.717,7,8.52,0,5,7,1,3,1.21,5,4,1,1,1,1,0.851,6,-0.551,6,5,0,4,4,2,5,3,1.935,6,1
7,2,6,1,0.0,5,1,-0.503,5,7,2,0.0,0.78,3,0.0,4,0,1,0,7,-0.77,0,4,5,0,5,4,0.934,5,-1.091,2,3,2,1,4,2,0,6,-1.134,7,0
1,3,5,4,0.0,5,2,0.377,2,2,3,0.0,3.283,4,0.0,4,1,6,0,6,1.655,7,3,7,0,6,4,0.832,0,1.566,2,5,3,2,1,2,5,7,0.248,1,0
1,4,0,4,1528.27,5,2,3.6,4,3,0,0.0,2.495,0,0.0,6,0,0,1,3,1.148,2,3,3,1,2,1,1.064,1,1.733,5,6,5,1,1,0,0,7,3.286,1,1
2,5,6,6,921.51,0,4,0.516,5,0,0,0.0,0.581,4,7.37,0,3,0,1,4,-0.098,6,1,7,0,0,0,1.203,6,1.583,1,3,3,4,7,7,7,0,0.775,4,1
5,1,7,4,0.0,7,6,-0.538,2,0,6,0.0,0.637,2,0.0,0,6,3,0,7,-2.675,7,3,6,0,2,7,0.877,4,0.417,5,4,3,2,5,6,7,1,-0.427,4,0
7,2,6,2,0.0,6,3,-0.324,0,0,3,0.0,1.011,0,0.0,0,2,5,0,3,0.655,0,4,4,0,2,2,0.888,4,0.819,0,2,6,2,5,7,6,7,-0.346,0,0
7,6,1,1,0.0,3,7,-0.449,7,2,5,0.0,-1.59,1,0.0,5,0,2,0,1,-0.764,4,7,3,0,2,7,1.129,0,-0.214,2,4,3,3,0,5,1,1,-0.753,0,0
0,0,0,1,1003.95,5,4,1.999,2,4,0,0.0,1.458,6,5.13,1,6,1,0,6,3.797,6,5,6,1,2,6,1.314,6,0.684,3,0,7,0,7,4,6,3,1.436,3,1
1,4,4,0,0.0,6,4,-0.263,5,6,2,0.0,-1.448,6,0.0,2,5,6,0,6,-1.142,3,6,7,0,7,7,0.886,7,-1.787,1,2,5,6,1,3,4,5,-0.497,6,0
7,7,6,0,0.0,4,6,-0.041,0,5,3,0.0,-1.333,7,0.0,7,0,2,0,3,-1.055,6,5,4,0,5,0,0.79,4,-0.505,4,6,6,4,6,7,0,4,-1.177,5,0
0,0,4,2,0.0,6,7,0.592,1,3,4,424.45,5.241,0,10.21,5,3,4,1,1,1.067,0,7,1,1,1,6,1.085,3,1.106,5,1,5,1,3,3,5,3,1.003,7,1
6,6,7,7,0.0,3,1,-1.795,1,0,0,0.0,-0.279,3,0.0,5,3,7,0,0,-1.875,1,6,0,0,7,1,0.845,6,-0.772,7,4,2,7,0,7,3,6,-1.941,4,0
5,5,6,1,0.0,2,4,3.752,5,6,5,0.0,0.412,5,0.0,1,4,4,1,5,0.571,1,2,3,1,0,0,1.007,1,4.693,2,0,0,0,3,0,7,3,3.448,6,1
2,1,6,7,0.0,5,4,-0.497,0,5,3,0.0,1.536,5,0.0,1,1,5,0,5,0.756,2,7,2,0,2,3,1.1,6,3.324,6,1,1,4,1,2,7,7,-0.143,1,0
3,2,2,4,0.0,7,0,-0.083,7,4,1,0.0,-2.297,4,0.0,0,7,3,0,2,-1.001,1,7,6,0,2,1,1.034,7,0.595,3,0,7,6,1,4,1,1,-0.152,1,0
5,3,0,7,0.0,5,3,-0.947,6,2,5,0.0,2.294,0,0.0,5,3,2,0,3,-0.754,6,2,1,0,3,0,1.014,4,0.699,0,2,3,5,5,5,7,4,-0.607,2,0
1,6,4,0,0.0,2,6,0.613,5,0,7,0.0,-0.693,5,0.0,7,5,0,0,1,0.177,1,0,5,0,6,0,0.927,6,0.72,4,4,2,4,5,3,6,1,-0.248,3,0
1,2,1,7,0.0,2,5,0.842,3,0,0,0.0,1.614,4,0.0,2,5,4,0,0,1.005,3,3,6,0,7,5,1.213,1,0.794,4,6,5,2,5,2,0,5,0.814,1,0
2,4,4,4,0.0,1,0,-1.205,3,4,0,0.0,-0.322,4,0.0,7,7,5,0,0,-1.459,2,1,2,0,3,6,1.203,7,-0.102,1,1,3,0,2,2,6,4,-0.621,0,0
2,3,4,5,0.0,5,6,-0.024,2,1,3,0.0,-0.527,4,0.0,6,7,0,0,1,-0.447,6,6,2,0,2,3,1.06,0,-1.457,1,0,7,2,5,6,0,1,-0.313,5,0
3,5,0,0,0.0,5,4,0.064,1,6,0,0.0,-2.106,4,0.0,1,2,6,0,1,2.141,6,1,6,0,4,1,1.512,2,3.651,1,7,3,2,7,5,3,3,1.005,3,0
0,2,2,2,0.0,6,3,-0.491,1,5,4,0.0,1.017,0,0.0,3,2,0,0,5,1.652,2,6,3,0,7,2,0.565,0,1.857,1,5,2,1,0,4,0,5,0.024,2,0
5,6,0,2,0.0,6,4,0.02,1,2,1,0.0,-0.404,4,0.0,5,1,4,0,3,2.761,3,1,6,0,7,3,0.903,5,-0.34,5,4,7,1,7,0,4,2,0.343,1,0
0,2,2,4,0.0,2,0,0.518,1,0,5,0.0,-5.215,6,0.0,5,6,2,0,6,-0.066,3,1,3,0,1,0,1.318,7,-4.351,2,4,0,3,6,1,5,7,0.198,4,0
3,5,7,4,1320.92,4,1,0.376,0,2,0,0.0,2.667,7,0.0,2,2,0,1,7,-0.976,5,6,4,1,7,7,1.19,7,-0.252,4,1,6,1,6,1,5,0,1.479,0,1
3,6,7,0,0.0,2,7,1.476,4,1,1,0.0,2.994,5,0.0,1,2,4,0,7,2.582,0,3,7,0,4,1,1.079,0,0.691,4,1,5,7,1,1,3,5,1.256,0,0
6,7,1,7,0.0,2,1,-1.082,1,4,2,0.0,-0.917,0,0.0,7,3,6,0,5,-0.798,2,5,2,0,1,4,1.118,7,-1.761,7,4,5,5,3,3,4,6,-1.025,3,0
0,3,2,4,802.72,2,5,1.977,4,3,2,0.0,-0.232,5,9.67,1,6,1,1,3,0.005,3,7,0,1,3,2,1.454,6,4.104,0,5,5,5,5,3,3,4,1.688,3,1
1,5,3,0,0.0,7,7,0.27,3,7,0,0.0,-1.845,0,0.0,1,4,5,0,4,1.545,5,0,2,0,0,3,0.739,7,1.11,5,0,1,3,4,3,0,1,-0.103,1,0
1,4,7,1,0.0,3,3,0.785,6,1,4,0.0,-0.293,7,0.0,6,4,1,0,3,-0.006,4,4,6,0,3,0,0.685,6,-0.882,7,3,3,1,2,7,5,2,0.532,6,0
4,5,4,2,0.0,4,4,0.003,3,2,0,0.0,2.5,5,0.0,5,7,3,0,4,-0.783,7,3,3,0,3,6,0.899,0,-0.911,0,3,3,4,4,7,0,5,-0.131,5,0
6,7,4,7,0.0,5,1,-1.15,2,0,6,0.0,4.319,5,0.0,5,7,4,0,5,-0.432,0,3,1,0,6,3,1.009,3,3.564,5,4,4,5,6,7,3,1,-1.277,1,0
3,1,6,7,0.0,4,7,-0.591,3,7,4,0.0,-1.893,5,0.0,3,6,7,0,7,0.325,1,3,5,0,5,2,0.631,7,0.965,1,2,1,5,4,6,3,1,-0.561,0,0
5,7,6,3,1262.76,1,6,1.995,7,0,5,0.0,0.481,2,11.33,6,2,7,1,2,1.762,2,1,6,1,0,2,0.88,0,2.477,4,7,5,3,7,0,0,5,1.696,6,1
4,1,4,5,0.0,0,3,-1.334,7,1,1,0.0,-2.677,3,0.0,1,6,6,0,6,-1.225,6,5,4,0,1,1,1.004,2,0.387,2,4,3,7,7,7,7,6,-0.42,0,0
5,6,2,6,0.0,7,2,-0.85,1,7,2,0.0,2.279,3,0.0,6,1,4,0,0,0.868,1,5,4,0,7,0,0.707,2,1.476,5,3,0,2,0,3,3,4,-0.371,6,0
7,4,5,4,0.0,2,3,-0.357,7,7,0,0.0,-0.5,2,0.0,7,1,1,0,4,-0.769,4,0,4,0,4,4,0.662,6,0.076,1,2,0,2,3,4,3,4,0.296,2,0
1,3,0,3,0.0,1,4,0.94,3,5,0,0.0,-4.542,1,0.0,7,1,7,0,1,-0.178,3,4,4,0,5,7,1.137,2,0.598,2,2,2,7,2,1,2,4,0.386,7,0
0,6,5,6,0.0,5,2,-0.168,1,4,5,0.0,0.458,3,0.0,2,6,0,0,1,0.114,7,6,7,0,4,1,1.034,1,2.187,4,1,4,0,7,4,0,7,-0.067,7,0
0,6,2,7,0.0,0,3,-2.114,1,7,4,0.0,-2.844,4,0.0,4,1,2,0,3,-1.072,4,1,7,0,7,2,0.925,3,-1.141,6,3,4,5,6,6,4,1,-0.62,2,0
1,6,1,4,0.0,3,2,-0.143,6,2,6,0.0,1.248,5,0.0,0,1,7,0,7,-0.664,2,2,6,0,1,6,1.224,7,-0.678,7,4,6,7,7,6,7,2,-0.819,3,0
1,6,0,2,0.0,2,2,-0.191,5,7,6,0.0,4.223,1,0.0,5,1,4,0,3,1.371,1,0,7,0,2,3,0.809,1,-3.64,6,4,7,2,0,7,1,3,-0.02,0,0
4,1,4,3,0.0,3,3,-1.919,2,5,7,0.0,-4.121,6,0.0,0,0,3,0,3,-2.471,7,4,6,0,3,1,1.381,0,-2.209,5,5,1,1,7,1,0,6,-1.786,0,0
2,5,4,2,0.0,5,7,-0.933,2,5,7,0.0,-1.7,6,0.0,6,6,0,0,4,-0.91,3,2,0,0,4,1,0.717,6,-2.283,1,5,6,4,6,7,2,2,-0.457,4,0
2,4,5,1,0.0,7,2,-0.943,1,4,2,0.0,-5.194,6,0.0,4,3,4,0,5,-0.053,3,7,2,0,4,7,1.388,4,-2.314,6,4,0,1,4,2,1,0,-1.728,3,0
4,3,1,3,0.0,4,3,1.406,7,5,6,0.0,0.254,6,0.0,0,6,4,0,0,1.219,1,1,2,0,3,0,1.23,7,2.329,3,5,3,6,0,3,6,6,0.672,2,0
3,4,6,2,0.0,1,4,0.199,2,1,1,0.0,-0.008,1,0.0,3,1,1,0,3,-0.691,5,5,3,0,6,3,1.088,3,-2.709,0,4,7,4,7,4,6,0,-0.595,5,0
5,6,6,6,0.0,1,7,-0.518,7,3,6,0.0,-1.966,0,0.0,0,5,4,0,5,-0.372,4,6,3,0,6,6,0.842,2,1.046,5,1,5,4,1,2,2,5,-1.01,1,0
1,4,1,1,0.0,4,2,-0.267,1,6,3,0.0,-4.265,6,0.0,4,6,7,0,7,-1.711,6,3,2,0,7,5,1.304,7,-0.294,5,5,2,2,7,5,3,6,-0.483,5,0
3,5,7,1,0.0,3,3,0.708,2,7,2,0.0,2.971,2,0.0,2,1,7,0,0,0.635,5,2,3,0,0,0,1.382,1,0.554,1,7,4,5,0,0,1,5,0.621,1,0
2,1,7,0,0.0,4,1,-0.361,6,6,6,0.0,1.137,0,0.0,5,6,0,0,7,-0.636,4,5,0,0,6,6,1.292,7,-0.207,4,7,4,6,7,7,5,7,0.366,1,0
0,0,0,0,0.0,6,2,-0.327,6,3,1,0.0,-1.264,6,0.0,2,2,6,0,3,1.787,5,1,3,0,3,6,0.805,1,-1.975,0,4,6,7,3,6,4,6,0.336,3,0
3,0,3,7,0.0,3,7,-0.135,4,0,1,0.0,-0.523,5,0.0,0,6,3,0,1,0.043,0,7,1,0,7,7,1.121,7,1.32,7,7,5,0,1,1,4,5,0.039,1,0
4,2,1,3,0.0,0,0,-0.419,6,0,1,0.0,-0.616,1,0.0,4,6,7,0,3,-1.135,2,0,6,0,2,4,1.044,6,-0.992,1,4,6,4,5,0,0,2,-0.066,5,0
6,1,5,1,0.0,1,6,0.49,6,0,1,0.0,0.806,1,0.0,3,5,6,0,3,-1.216,7,6,2,0,5,2,0.866,0,2.818,2,4,3,0,3,3,1,3,-0.035,4,0
3,4,7,0,0.0,2,3,0.815,7,5,3,0.0,0.802,3,0.0,0,3,1,0,2,1.613,5,0,0,0,7,2,1.255,6,4.271,6,6,4,3,0,5,5,1,0.943,6,0
3,6,3,7,0.0,3,2,-0.732,2,5,6,0.0,-3.235,5,0.0,1,2,1,0,5,0.275,5,2,0,0,5,7,1.288,2,-1.683,6,5,4,4,7,7,2,1,-0.536,4,0
0,7,3,4,0.0,5,2,0.231,7,7,5,0.0,-2.332,0,0.0,1,4,5,0,7,-0.881,4,1,1,0,3,4,0.954,0,3.36,3,2,4,1,6,1,2,6,0.16,7,0
4,2,2,2,0.0,0,5,0.682,6,6,7,0.0,0.469,2,0.0,7,1,6,0,7,0.507,3,2,0,0,4,1,0.923,0,0.069,4,0,1,4,0,5,3,7,0.122,0,0
6,2,5,4,1428.96,1,7,1.163,5,1,7,0.0,0.409,4,0.0,6,1,2,1,1,0.939,1,1,0,0,5,5,1.24,0,1.259,0,5,3,6,3,6,4,5,-0.231,6,1
4,1,6,0,0.0,6,5,1.213,3,1,6,0.0,-0.697,4,0.0,7,2,4,0,4,0.476,0,5,2,0,4,0,0.954,3,1.638,2,5,3,1,3,3,5,3,0.554,1,0
1,6,0,5,357.56,3,4,1.107,0,1,0,0.0,-0.475,6,0.0,7,6,2,0,7,0.474,7,2,7,1,1,5,1.188,1,0.5,0,1,6,6,5,6,5,7,1.133,4,1
0,1,2,1,1522.76,3,3,0.98,7,3,2,0.0,1.739,5,0.0,0,5,0,1,2,1.174,3,2,6,1,2,1,1.173,1,3.039,2,5,2,2,1,5,5,7,1.89,4,1
4,6,2,6,0.0,0,4,-2.144,0,7,4,0.0,-1.635,7,0.0,6,5,4,0,6,-2.58,3,6,5,0,7,7,0.9,0,-3.82,3,3,7,7,7,4,6,6,-0.551,0,0
4,1,6,0,0.0,4,5,-0.658,2,0,3,0.0,3.043,4,0.0,7,3,2,0,5,-0.704,6,1,1,0,7,2,1.351,2,1.287,3,1,4,2,0,0,5,3,0.008,3,0
6,3,5,1,0.0,5,7,0.147,6,0,3,0.0,1.03,2,0.0,3,2,3,0,4,-0.183,6,5,4,1,5,2,1.202,1,-0.078,7,1,7,7,5,2,4,6,0.311,1,1
7,7,5,3,1198.37,5,1,1.68,2,5,7,0.0,-0.191,5,0.0,5,3,0,0,7,2.03,1,5,1,1,3,4,1.268,2,-0.358,3,2,0,4,2,4,3,7,0.414,0,1
7,0,7,0,0.0,3,3,0.359,0,0,1,0.0,-0.816,0,0.0,4,3,6,0,7,-1.254,0,5,3,0,3,0,1.208,5,-0.497,1,3,7,5,0,1,3,7,-0.059,4,0
7,3,4,4,0.0,3,1,0.765,3,4,1,0.0,0.803,3,0.0,7,6,4,0,0,0.201,5,3,3,0,7,4,0.833,2,1.173,2,0,2,2,4,3,3,4,0.903,0,0
0,7,3,5,0.0,0,2,-0.611,0,4,2,0.0,3.222,4,0.0,1,6,2,0,4,0.748,0,2,3,0,4,3,0.785,6,-1.72,1,5,0,7,0,3,4,5,-0.883,2,0
4,4,5,4,0.0,4,4,-1.427,3,1,7,0.0,0.28,4,0.0,1,5,1,0,6,-0.676,7,4,2,0,0,7,1.076,3,-0.23,1,6,5,3,1,0,1,4,-1.413,6,0
0,1,2,1,0.0,5,0,-0.413,3,7,2,0.0,-2.301,3,0.0,1,0,1,0,4,-0.968,3,7,6,0,7,1,1.239,3,1.528,5,3,1,6,7,2,2,2,-0.679,3,0
6,0,2,6,967.28,3,2,2.102,5,3,1,0.0,-0.602,5,0.0,2,3,4,1,6,0.942,3,0,2,1,3,7,1.461,4,-0.299,1,0,7,4,7,2,7,1,1.754,7,1
3,7,6,3,0.0,2,1,0.174,6,2,4,0.0,1.621,1,0.0,6,7,5,0,1,0.897,2,7,7,0,2,3,1.069,1,3.346,4,0,6,1,3,1,3,2,0.108,7,0
0,2,6,5,0.0,7,1,0.633,2,1,4,0.0,1.178,0,0.0,6,6,4,0,2,-1.094,3,4,3,0,5,0,1.56,5,1.684,7,1,3,1,2,0,2,5,0.214,1,0
6,5,5,0,0.0,7,4,-0.102,5,2,3,0.0,-5.705,0,0.0,2,2,1,0,1,-1.117,0,6,1,0,7,4,1.375,0,0.078,5,5,1,6,1,7,1,5,-0.827,3,0
7,5,5,4,0.0,2,0,-0.174,1,1,0,0.0,-3.48,3,0.0,4,2,1,0,2,-1.044,4,5,2,0,3,4,1.249,3,0.6,1,2,4,5,5,0,2,5,-0.382,2,0
0,2,3,3,83.55,7,6,2.297,5,3,2,0.0,3.94,4,1.13,2,2,3,1,6,0.992,3,5,6,1,6,7,1.319,7,0.166,6,3,2,6,4,4,7,5,1.94,3,1
2,2,0,4,0.0,5,6,-2.008,4,6,2,0.0,1.138,7,0.0,6,0,2,0,4,-2.41,6,7,4,0,3,6,0.869,6,0.015,1,1,7,6,5,7,0,0,-0.368,4,0
6,3,3,2,0.0,2,2,-0.238,2,0,5,0.0,1.723,4,0.0,4,7,6,0,4,-1.938,4,2,5,0,1,0,0.953,4,-0.256,5,3,2,2,7,1,3,5,-0.259,3,0
0,6,5,7,0.0,0,7,-0.002,2,7,4,0.0,2.995,6,0.0,2,1,5,0,7,-0.133,0,7,7,0,7,2,0.933,2,-0.968,5,6,1,6,7,6,3,0,-0.398,0,0
4,6,4,2,0.0,0,2,-0.089,3,3,7,0.0,-0.641,4,0.0,6,1,0,0,1,1.492,2,0,3,0,6,6,1.237,1,-3.573,0,2,0,5,7,0,6,6,-0.412,1,0
3,6,2,3,1453.73,1,3,1.437,7,0,0,0.0,-0.888,4,0.0,1,4,6,1,5,0.644,3,2,7,1,5,5,1.216,5,0.634,5,4,6,5,4,1,3,0,0.784,1,1
6,0,0,1,1951.58,2,6,0.441,7,2,3,0.0,4.033,1,0.0,4,6,7,0,6,0.521,5,5,1,1,4,1,1.286,1,-2.015,6,0,1,5,2,2,2,7,0.902,5,1
2,3,4,4,0.0,2,5,-1.339,7,5,0,0.0,-2.651,0,0.0,5,3,0,0,5,-1.331,1,1,2,0,0,5,1.173,0,-3.769,0,4,1,7,1,4,5,6,-1.001,1,0
1,7,2,4,0.0,2,1,-1.443,6,3,0,0.0,2.243,7,0.0,5,7,6,0,2,-1.318,1,7,4,0,6,1,0.497,6,-2.194,3,3,2,5,1,4,2,0,-1.514,1,0
4,0,6,1,0.0,1,7,1.005,1,6,4,0.0,-2.199,6,0.0,3,1,6,0,5,0.526,0,7,0,0,5,5,0.966,3,0.645,2,6,7,3,7,2,0,3,0.083,0,0
2,5,1,4,0.0,3,6,-0.345,7,7,3,0.0,-0.168,7,0.0,3,0,2,0,4,0.132,4,5,1,0,4,7,1.141,2,-1.419,2,5,5,3,3,2,4,4,0.307,1,0
6,2,2,5,455.0,7,5,1.418,7,4,2,682.16,2.648,4,0.0,7,1,0,0,0,1.502,7,7,1,1,6,2,1.049,7,2.647,3,3,3,6,7,4,4,1,0.385,5,1
0,0,5,5,1722.16,3,0,0.415,4,4,4,0.0,-1.519,5,0.0,2,1,5,1,4,3.726,1,7,1,0,7,0,1.107,4,0.909,5,4,4,2,6,4,7,4,1.31,4,1
5,6,5,0,0.0,5,6,-0.319,6,6,6,0.0,-0.332,6,0.0,1,0,3,0,4,-0.659,5,6,5,0,6,7,0.739,7,-1.718,0,7,2,5,7,1,3,2,-0.238,5,0
7,2,2,5,0.0,4,2,2.278,6,6,6,0.0,0.396,6,0.0,2,0,4,1,5,2.31,0,6,1,1,7,3,1.091,6,3.184,1,4,0,5,3,1,2,0,1.365,6,1
6,5,6,5,0.0,2,7,-0.717,7,5,3,0.0,0.223,2,0.0,4,4,2,0,0,1.289,7,2,6,0,3,7,1.317,7,-0.777,7,1,3,7,7,6,5,1,-0.121,5,0
3,2,7,7,0.0,0,7,0.533,6,0,0,0.0,-0.636,3,0.0,4,5,3,0,2,1.222,5,0,4,0,0,1,1.38,7,1.356,5,4,0,3,3,6,4,5,-0.005,3,0
7,4,5,3,0.0,7,5,-1.034,0,1,4,0.0,-0.282,6,0.0,1,3,5,0,7,-1.075,0,1,0,0,5,4,0.916,6,0.124,1,5,0,7,7,7,2,3,-1.729,2,0
0,4,3,1,0.0,2,4,0.245,0,4,5,0.0,2.103,4,0.0,6,1,6,0,2,1.444,4,1,1,0,5,6,0.976,4,1.358,4,5,7,0,4,0,3,3,-0.353,7,0
1,3,4,1,0.0,3,4,-1.76,1,1,4,0.0,-1.454,0,0.0,0,2,6,0,1,-2.873,6,4,2,0,5,1,0.896,3,-0.286,0,1,4,1,7,3,0,4,-1.51,1,0
0,7,4,3,0.0,0,2,0.55,3,6,3,0.0,-0.8,6,0.0,6,7,2,0,6,0.209,3,6,6,0,2,3,0.887,0,-3.118,5,6,4,0,0,3,3,6,-0.321,2,0
0,3,6,3,0.0,5,7,-1.738,1,1,0,0.0,-0.44,1,0.0,0,3,0,0,6,-1.202,1,3,5,0,6,7,1.063,1,-3.527,2,2,2,3,7,6,2,7,-0.993,7,0
0,0,0,3,0.0,1,2,0.801,0,5,5,0.0,1.388,7,0.0,4,2,4,0,5,2.073,7,6,5,0,3,2,1.081,4,1.899,4,2,1,1,1,2,3,2,0.375,2,0
4,0,6,0,0.0,3,3,0.809,6,1,3,506.06,1.83,6,0.0,1,6,6,0,7,-0.136,0,6,7,1,0,7,1.017,1,0.75,3,5,3,2,3,4,4,3,0.581,6,1
0,1,1,7,0.0,4,1,0.625,3,0,2,0.0,-1.842,0,0.0,6,5,7,0,5,0.642,5,3,3,0,2,4,0.87,3,-0.133,7,3,3,2,3,7,0,0,0.653,1,0
7,1,4,4,807.55,2,4,1.399,5,1,7,0.0,-0.174,2,0.0,5,5,1,1,0,-0.464,7,5,6,1,0,5,1.459,5,4.081,0,7,4,4,3,3,5,5,1.199,7,1
4,2,0,6,0.0,2,4,-0.325,7,6,3,0.0,0.568,7,0.0,6,0,5,0,1,2.264,3,2,0,0,2,5,1.234,5,-0.502,3,2,7,4,5,5,6,7,0.293,6,0
0,2,4,3,1690.57,0,1,1.329,1,7,1,0.0,2.561,4,0.0,4,5,4,1,4,3.464,4,4,3,1,3,5,1.513,7,1.778,4,4,4,4,2,0,1,1,0.986,2,1
6,0,1,2,0.0,4,5,0.315,7,3,5,0.0,-1.052,0,0.0,7,2,2,0,2,0.084,2,3,3,0,0,5,0.84,6,-0.244,2,3,1,6,4,1,4,6,-0.116,7,0
2,0,1,7,0.0,1,1,-0.337,2,6,6,0.0,-0.205,0,0.0,0,6,7,0,7,-0.349,6,1,0,0,1,1,1.055,2,0.351,4,5,1,5,7,7,4,2,-0.758,6,0
0,5,1,6,0.0,2,7,-0.037,1,7,2,0.0,1.191,5,0.0,4,6,7,0,5,-2.333,6,7,3,0,7,0,1.183,6,0.803,1,0,4,3,0,7,2,6,0.636,6,0
1,5,1,6,0.0,5,4,0.598,7,0,7,0.0,-4.181,7,0.0,0,7,3,0,5,-0.565,2,3,5,0,2,1,0.915,2,-0.09,5,6,4,2,7,7,4,1,-0.113,3,0
5,5,2,5,0.0,1,3,0.753,3,6,7,0.0,-6.052,4,0.0,6,0,6,0,1,-0.369,3,0,0,0,2,3,0.76,0,-1.781,4,2,6,4,7,0,7,0,0.807,1,0
6,5,4,5,0.0,4,7,0.216,5,4,7,0.0,0.511,4,0.0,1,4,5,0,4,-0.509,4,3,6,0,5,0,0.887,5,1.439,4,5,7,5,4,0,4,7,0.372,3,0
0,2,7,0,0.0,1,4,0.647,6,5,3,0.0,2.056,7,0.0,5,0,2,0,4,2.333,7,2,1,0,0,1,0.889,4,-0.908,4,1,2,2,3,3,2,5,0.566,7,0
4,0,5,3,1294.03,5,1,2.429,2,2,4,0.0,-1.861,5,0.0,0,0,1,1,1,0.947,6,6,2,1,2,1,0.881,5,1.411,2,6,1,0,4,3,1,4,2.474,5,1
7,7,5,0,0.0,6,3,-1.452,5,6,4,0.0,-4.516,3,0.0,1,7,3,0,4,-1.422,1,4,3,0,7,3,0.894,6,-1.095,6,1,1,7,7,0,4,2,-1.786,0,0
4,1,4,7,0.0,7,6,0.838,5,1,5,0.0,3.201,0,0.0,4,5,7,0,4,-0.734,6,6,2,0,6,5,0.758,0,2.965,2,0,7,3,0,5,1,1,0.195,6,0
6,1,0,4,0.0,6,4,0.435,2,3,3,0.0,1.051,2,0.0,2,1,6,0,2,-0.427,0,3,0,0,6,6,0.68,3,0.898,7,0,0,6,1,3,3,0,0.572,7,0
0,7,0,7,0.0,6,5,0.093,0,2,0,0.0,1.888,4,0.0,4,6,3,0,4,-0.826,6,6,3,0,3,2,0.948,1,0.342,5,7,0,2,0,7,5,6,0.344,5,0
4,5,2,0,1565.58,6,7,1.47,0,7,0,0.0,1.571,3,0.0,0,7,7,1,7,0.808,5,4,5,1,3,1,1.219,4,-1.868,0,1,3,6,0,4,6,1,1.065,6,1
3,3,1,0,0.0,7,1,-1.593,5,3,7,0.0,1.31,3,0.0,0,1,1,0,5,-1.842,1,0,4,0,2,7,1.189,0,-1.411,4,3,6,2,5,1,7,3,-1.347,5,0
7,6,3,6,0.0,7,5,-1.291,1,7,2,0.0,-3.636,2,0.0,2,2,7,0,1,-0.872,0,0,4,0,0,3,1.155,1,-0.083,0,6,4,1,3,7,1,2,-1.384,2,0
1,0,2,7,0.0,5,3,-0.946,3,3,3,0.0,1.705,0,0.0,1,6,3,0,0,1.328,4,5,3,0,3,1,0.872,6,-2.022,2,7,1,3,6,0,2,6,-0.448,4,0
0,5,1,7,0.0,2,6,-0.618,0,6,6,0.0,-0.037,6,0.0,7,5,1,0,4,0.881,6,7,7,1,0,4,1.334,7,2.244,7,6,1,7,4,6,2,5,0.58,3,1
4,0,5,7,0.0,6,2,0.228,0,3,5,0.0,-1.176,0,0.0,7,0,6,0,1,0.142,7,6,1,0,5,1,0.97,1,0.328,3,2,4,3,4,5,2,1,0.009,4,0
0,2,2,5,0.0,3,6,-0.012,0,3,0,0.0,-0.724,4,0.0,4,7,4,0,5,1.387,1,2,7,0,3,3,1.03,7,-0.173,2,0,6,4,0,1,5,7,-0.359,3,0
1,4,6,1,0.0,7,0,0.803,5,7,2,0.0,1.861,4,0.0,6,0,7,0,4,0.568,3,7,3,0,6,7,0.822,2,1.046,1,0,2,5,0,0,0,2,1.511,7,0
1,5,3,2,1281.13,4,3,1.656,4,2,6,0.0,0.195,5,0.0,6,5,5,1,2,3.112,6,1,4,1,5,7,1.031,0,0.31,3,5,2,0,3,6,0,4,1.114,6,1
2,3,6,0,0.0,2,1,0.919,2,4,2,0.0,-0.111,4,0.0,0,2,0,0,3,1.049,7,3,6,0,7,3,1.154,3,-1.822,5,5,1,5,7,3,0,1,0.544,4,0
7,5,5,7,0.0,5,1,-0.244,5,4,5,0.0,1.902,3,0.0,7,6,0,0,7,1.409,6,1,1,0,5,3,1.04,5,2.139,1,3,2,6,6,7,6,4,-0.218,0,0
7,7,1,7,1297.35,5,2,1.286,3,3,7,0.0,-1.284,0,0.0,4,2,0,0,3,-0.023,0,0,1,1,5,3,1.055,1,1.431,6,0,6,5,7,6,6,1,1.138,5,1
4,6,0,5,0.0,3,1,-0.196,5,4,5,0.0,0.921,6,0.0,2,0,6,0,6,1.78,1,3,1,0,6,1,1.113,2,-0.058,7,6,3,2,3,1,4,1,0.732,2,0
3,7,6,6,0.0,7,3,-0.619,6,7,2,0.0,2.431,6,0.0,0,7,1,0,6,-1.715,1,4,3,0,7,6,1.139,5,-0.004,6,2,7,2,7,1,3,2,-0.438,4,0
7,3,5,0,0.0,5,5,-0.167,5,3,0,0.0,-1.849,4,0.0,7,5,3,0,3,-0.766,7,2,2,0,0,1,1.048,1,1.499,5,6,1,0,7,2,1,4,0.082,2,0
4,0,1,2,0.0,0,4,-0.525,6,4,4,0.0,-1.016,7,0.0,3,0,3,0,2,-0.994,5,5,5,0,3,5,0.882,4,-2.668,2,4,1,2,3,6,7,2,-1.17,3,0
7,4,3,0,0.0,4,7,-0.127,0,4,5,0.0,0.05,7,0.0,1,7,5,0,1,0.689,7,7,5,0,4,5,1.306,2,-1.661,0,2,4,0,7,7,5,3,-0.469,2,0
2,4,4,4,0.0,6,4,-2.304,2,3,6,0.0,-3.507,5,0.0,6,3,3,0,5,1.966,6,7,0,0,7,5,1.01,4,1.006,4,4,2,7,0,2,4,3,-1.951,0,0
5,6,6,4,0.0,6,2,0.479,5,6,5,0.0,0.59,5,0.0,6,2,7,0,1,0.909,7,0,0,0,1,2,1.294,1,-0.15,1,0,7,3,7,3,0,2,0.543,5,0
3,4,1,1,0.0,0,5,-0.775,1,1,5,0.0,-3.99,0,0.0,7,1,1,0,3,-1.226,1,3,6,0,1,6,0.974,2,2.212,6,5,3,6,0,3,2,5,-1.536,2,0
5,3,6,3,0.0,2,4,0.076,3,2,7,0.0,2.774,7,0.0,2,1,0,0,6,-0.601,7,6,5,0,1,2,1.146,2,1.443,3,4,2,3,2,0,3,3,-0.884,1,0
5,5,4,7,265.83,1,0,0.473,4,3,2,0.0,-1.296,4,0.0,4,4,1,0,2,-1.808,0,0,7,1,3,5,1.487,2,-5.171,3,1,1,3,6,7,0,0,0.34,5,1
3,3,6,6,0.0,1,1,0.493,3,0,5,0.0,-1.348,0,0.0,5,1,3,0,7,1.913,4,4,0,0,5,5,0.965,7,1.228,3,1,5,5,3,0,7,2,0.546,0,0
6,3,0,3,0.0,1,6,0.666,1,2,4,0.0,-2.393,6,0.0,2,2,0,0,4,0.099,3,0,0,0,5,4,0.911,5,-0.296,4,7,4,7,5,3,0,5,-0.058,3,0
7,3,2,1,0.0,6,1,0.899,5,1,1,0.0,-2.145,0,0.0,1,2,3,0,1,0.43,6,4,5,0,1,5,1.189,5,2.792,3,5,6,7,7,5,4,0,0.69,5,0
2,1,7,2,0.0,0,3,0.092,0,4,4,0.0,0.665,1,0.0,7,6,7,0,1,-0.029,4,4,3,0,0,0,0.75,5,2.791,5,1,6,0,7,5,3,5,0.505,5,0
3,3,6,6,755.23,6,4,0.347,4,4,5,0.0,3.076,5,0.0,1,0,6,1,5,2.399,4,2,0,0,4,0,1.418,0,1.108,1,3,5,2,6,5,5,0,1.359,0,1
4,3,2,4,0.0,7,4,-1.267,7,1,0,0.0,-2.382,0,0.0,6,5,5,0,4,-0.47,1,3,7,0,0,5,1.153,6,1.542,0,5,1,7,5,7,6,1,-1.366,5,0
7,0,1,6,0.0,2,6,0.375,1,7,3,0.0,1.735,0,0.0,0,2,2,1,7,2.757,2,3,3,0,3,1,1.37,5,1.797,6,5,5,7,3,1,6,3,0.7,4,1
3,1,6,3,0.0,7,5,0.309,1,1,6,0.0,2.884,6,0.0,3,7,5,0,3,1.125,4,4,6,0,0,1,1.258,6,1.123,2,4,2,2,3,2,7,7,0.526,3,0
0,0,2,5,0.0,2,3,-0.197,6,0,5,0.0,0.299,0,0.0,1,1,5,0,4,-1.471,3,0,4,0,1,6,0.975,4,1.055,2,3,2,5,3,3,7,0,0.347,3,0
5,4,2,1,0.0,4,6,-1.863,4,1,1,0.0,-1.328,0,0.0,1,0,4,0,7,-2.957,5,6,6,0,2,6,0.831,3,-1.86,3,5,5,2,3,6,6,2,-1.678,3,0
7,7,2,1,0.0,3,0,0.318,1,7,5,0.0,-0.274,4,0.0,0,4,3,0,0,0.078,6,5,1,0,3,6,0.858,3,-0.626,7,6,4,7,1,3,1,3,-0.339,2,0
4,0,2,6,1070.99,6,4,1.649,1,4,5,0.0,-0.662,1,0.0,2,7,4,0,0,2.12,5,1,4,1,6,6,1.388,1,3.452,4,5,2,1,1,2,7,1,1.837,7,1
6,7,6,7,0.0,0,6,-0.297,6,7,4,0.0,1.269,7,0.0,6,5,5,0,6,0.623,6,6,6,0,5,0,1.064,4,1.291,1,5,4,4,6,2,3,6,-1.146,1,0
1,6,7,2,0.0,0,2,0.837,2,4,4,0.0,-0.127,4,0.0,0,2,2,0,7,0.644,4,6,2,0,3,7,0.949,6,2.163,2,7,0,6,7,1,0,0,0.98,2,0
6,4,5,0,0.0,5,1,-0.706,5,5,1,0.0,0.677,7,0.0,7,6,3,0,5,-1.987,3,6,7,0,6,7,0.76,1,-0.601,1,5,3,3,7,4,6,3,-0.612,2,0
4,4,1,0,0.0,7,6,0.72,4,5,7,0.0,0.054,6,0.0,1,3,6,0,4,-1.111,4,3,3,0,7,6,0.815,3,1.776,4,4,0,4,6,1,0,7,0.606,3,0
5,3,1,5,0.0,4,7,-0.223,0,3,0,0.0,0.233,6,0.0,3,6,0,0,1,1.972,3,2,1,0,7,7,0.742,3,2.064,2,4,0,6,0,3,2,4,0.208,0,0
1,6,6,7,666.72,5,4,0.316,1,1,4,0.0,-4.241,1,0.0,0,6,1,0,5,1.767,2,7,4,1,5,0,0.882,4,-0.022,0,3,7,6,3,5,0,1,0.694,2,1
2,6,6,5,0.0,6,4,-0.72,6,0,3,0.0,-1.668,0,0.0,4,5,1,0,4,-1.594,0,3,7,0,4,6,1.022,6,1.419,5,4,4,6,6,2,0,0,-0.712,7,0
4,6,2,7,0.0,0,5,0.05,3,6,5,0.0,0.051,2,0.0,1,7,0,0,0,1.315,7,5,4,0,0,1,1.245,4,0.789,1,1,5,0,1,3,0,1,0.992,3,0
3,1,6,5,1781.28,5,0,1.513,0,3,3,0.0,-2.342,7,21.72,4,5,1,0,2,2.53,0,1,0,1,3,3,1.23,3,1.311,6,7,1,0,2,1,4,2,0.897,1,1
4,0,6,5,0.0,5,4,-0.109,5,5,5,0.0,0.268,4,0.0,5,7,0,0,1,-0.48,0,3,6,0,4,0,1.048,3,1.833,2,1,5,1,3,2,3,3,0.104,1,0
4,3,1,3,0.0,1,1,0.964,6,3,3,0.0,-0.05,0,0.0,6,7,2,0,0,-0.174,6,1,2,0,0,5,1.442,7,2.227,7,0,7,5,1,5,0,6,0.732,7,0
4,0,2,2,0.0,1,2,-0.728,0,1,4,0.0,-3.191,0,0.0,1,6,4,0,5,-2.204,6,2,4,0,0,7,0.91,2,-1.533,1,6,2,6,5,3,3,6,-0.393,1,0
1,4,3,3,1489.89,1,3,1.329,3,5,1,0.0,1.441,7,0.0,1,3,0,1,4,2.818,1,2,5,1,5,3,1.228,7,3.468,2,7,0,0,2,2,7,0,1.973,5,1
2,6,4,6,0.0,3,4,-1.315,6,0,3,0.0,-3.66,2,0.0,0,3,5,0,5,-1.257,0,3,1,0,4,0,0.841,5,0.051,0,0,6,3,4,3,7,1,-0.867,7,0
6,4,6,4,0.0,2,3,-0.17,4,6,3,0.0,-3.527,2,0.0,2,3,2,0,0,-0.514,6,3,0,0,3,1,0.771,5,1.063,7,4,1,5,3,5,4,2,-0.977,1,0
5,0,6,2,0.0,7,2,0.651,7,3,4,0.0,-1.674,4,0.0,3,4,0,0,1,-1.147,6,3,5,0,5,0,1.116,3,-2.112,0,1,1,1,7,0,4,6,-0.423,3,0
2,7,4,3,0.0,6,4,0.321,4,1,2,0.0,1.789,3,0.0,7,6,5,0,7,-0.079,4,4,6,0,3,1,0.836,4,0.049,4,0,2,4,7,1,6,5,1.02,7,0
5,5,7,4,0.0,1,1,-0.565,0,5,5,0.0,-3.355,6,0.0,7,2,6,0,1,-2.11,4,7,2,0,7,1,0.559,5,-0.924,5,1,7,1,2,0,6,3,-0.531,2,0
0,4,6,0,0.0,7,6,0.591,2,4,5,0.0,2.711,4,0.0,2,0,1,0,7,0.941,6,2,7,0,7,5,1.347,5,2.173,2,1,4,6,1,4,3,2,0.826,4,0
7,2,0,0,0.0,7,6,0.457,4,7,5,0.0,2.026,1,0.0,0,3,3,0,5,0.631,7,5,6,0,6,7,0.799,4,4.301,3,2,7,1,4,5,5,2,0.727,7,0
3,4,1,4,0.0,4,6,0.603,6,4,2,0.0,-2.452,5,0.0,3,1,3,0,3,0.638,7,3,2,0,3,1,1.367,3,-1.323,6,6,0,0,5,6,7,5,-0.138,6,0
3,4,0,2,0.0,2,6,1.293,4,7,5,0.0,0.919,7,0.0,5,5,5,0,1,0.886,3,7,1,0,0,1,0.644,5,1.911,5,4,4,3,1,3,6,0,0.706,5,0
0,5,1,5,0.0,0,0,1.058,0,4,0,0.0,5.039,2,0.0,5,3,2,0,2,2.009,5,3,7,0,3,7,0.987,6,2.023,3,7,5,0,5,6,4,7,0.848,4,0
3,3,5,7,963.14,3,6,0.78,2,0,2,0.0,2.489,5,0.0,0,7,0,1,5,-0.254,2,7,6,1,0,2,1.289,4,0.486,5,7,6,4,1,6,6,6,0.214,6,1
7,3,5,1,0.0,1,7,1.382,3,1,1,0.0,-0.407,6,0.0,3,5,2,0,6,-0.601,1,6,1,0,7,5,0.83,5,-1.069,7,6,0,4,4,1,3,3,1.032,7,0
5,6,2,7,0.0,7,3,-1.312,5,2,1,0.0,-3.61,6,0.0,1,7,0,0,1,-0.515,6,1,6,0,6,4,0.619,6,1.653,1,4,0,7,2,7,4,2,-0.668,4,0
2,5,5,6,0.0,1,5,-0.066,0,0,2,0.0,2.462,1,0.0,4,5,2,0,6,0.635,4,4,2,0,3,5,1.31,5,3.137,7,3,0,5,1,1,6,6,-0.213,2,0
2,3,4,2,0.0,3,7,-0.613,6,2,4,0.0,-0.735,4,0.0,4,0,7,0,0,-0.107,2,1,5,0,3,5,0.529,6,-3.176,4,0,7,1,5,5,6,0,-0.491,2,0
1,5,5,6,0.0,4,2,0.798,1,0,3,0.0,-0.862,3,15.32,6,4,0,1,7,-0.161,2,1,3,0,6,2,1.266,5,0.275,1,4,2,7,6,5,0,1,0.429,3,1
3,6,2,3,57.99,1,4,0.69,5,4,3,0.0,5.211,0,0.0,1,6,5,0,5,-0.077,3,4,4,1,0,0,1.228,2,0.345,2,4,6,1,3,4,2,3,0.741,5,1
7,2,0,6,0.0,0,0,-0.209,4,7,1,0.0,0.144,1,0.0,4,5,4,0,6,0.958,4,4,5,0,5,7,0.868,5,0.812,6,1,6,5,6,7,7,7,-0.259,6,0
0,0,4,4,248.67,7,2,1.819,5,6,4,0.0,1.884,1,0.0,1,4,5,0,7,2.03,1,1,7,1,2,6,1.438,3,1.464,7,4,7,1,2,0,7,1,1.56,0,1
0,1,0,1,0.0,6,7,-0.645,6,3,2,0.0,-3.93,7,0.0,1,3,6,0,3,-2.655,1,0,0,0,2,5,0.844,3,1.372,5,7,0,0,2,5,0,5,-0.408,3,0
3,2,6,5,0.0,7,0,1.062,7,6,3,0.0,4.629,0,0.0,1,5,1,0,1,0.122,7,0,7,0,1,7,0.916,3,-0.908,5,5,3,3,2,5,5,1,0.415,5,0
5,1,2,2,0.0,0,2,-0.937,5,7,1,0.0,-1.396,6,0.0,1,2,3,0,1,-0.105,4,7,2,0,5,1,1.111,0,0.892,3,3,7,6,0,6,7,7,-1.445,4,0
5,4,3,4,523.36,1,3,0.693,0,5,5,0.0,1.02,2,0.0,5,7,0,1,0,-1.02,0,5,4,1,2,4,1.766,6,0.279,0,5,3,3,4,4,3,2,1.228,3,1
4,1,3,0,0.0,3,0,-0.362,4,0,2,0.0,1.684,0,0.0,5,0,4,0,2,-0.203,0,0,7,0,0,4,1.048,6,2.752,7,2,5,4,7,3,3,3,-0.626,7,0
0,5,3,2,0.0,3,6,-0.62,6,6,2,0.0,-0.789,5,0.0,7,0,6,0,6,-0.484,5,3,4,0,0,5,1.315,3,-0.488,0,5,1,4,2,3,4,3,-0.789,0,0
4,1,4,2,567.59,7,2,0.858,4,0,3,0.0,1.52,6,0.0,3,2,5,1,3,0.358,2,5,6,0,0,0,1.269,6,1.817,5,2,1,0,6,4,2,4,0.626,4,1
7,7,7,7,0.0,0,0,-0.943,0,3,5,0.0,-2.89,2,0.0,4,1,5,0,3,-1.183,7,4,0,0,4,4,0.675,2,0.658,7,1,6,0,4,4,2,2,-0.836,1,0
0,3,4,5,0.0,7,7,0.162,1,3,5,0.0,-1.24,5,0.0,5,4,7,0,7,-0.264,1,0,2,0,7,5,0.791,1,0.347,5,3,3,4,0,6,6,5,0.103,3,0
6,7,1,3,0.0,6,1,-0.589,0,4,6,0.0,-2.571,1,0.0,7,3,3,0,6,-1.184,5,1,6,0,6,5,1.14,6,-1.774,3,7,3,3,3,2,1,4,-0.299,2,0
5,7,5,0,0.0,1,4,-0.292,6,5,6,0.0,1.936,0,0.0,3,2,3,0,5,1.134,5,6,2,0,2,0,0.995,5,-2.398,1,7,7,0,5,0,7,3,0.051,4,0
0,3,0,6,0.0,6,4,-0.065,7,3,5,0.0,1.226,4,0.0,4,4,0,0,1,-0.307,5,2,0,0,4,1,1.231,0,-0.622,6,5,5,1,3,4,6,6,-0.375,3,0
5,7,4,0,0.0,1,4,1.359,3,7,4,0.0,-0.486,4,0.0,4,6,7,0,5,1.944,6,0,4,0,1,4,0.995,0,-0.287,2,4,1,2,7,0,3,3,1.299,6,0
6,2,2,5,0.0,0,4,0.701,3,6,7,0.0,8.329,4,0.0,4,1,1,1,5,1.054,3,2,5,1,3,5,1.442,6,2.177,0,7,4,0,1,4,7,1,0.636,1,1
3,1,4,1,359.99,6,4,1.83,1,5,6,0.0,5.665,0,0.0,6,7,0,1,1,1.696,2,2,4,0,6,0,1.318,2,0.836,3,2,7,7,2,2,2,2,0.547,5,1
1,5,3,5,0.0,5,5,1.435,7,6,1,0.0,2.869,5,5.63,3,3,1,1,6,1.665,7,6,0,0,7,4,1.622,0,1.606,4,6,4,2,2,5,6,7,0.97,3,1
1,4,3,0,0.0,1,3,-1.234,5,4,7,0.0,-0.562,7,0.0,2,6,0,0,6,-1.987,6,7,0,0,2,2,1.079,2,-0.72,0,4,7,7,7,5,6,6,-1.065,2,0
0,7,0,3,1164.3,1,6,1.705,5,2,4,0.0,0.199,3,17.92,7,7,7,0,0,1.598,1,5,2,1,6,5,1.46,1,-0.343,1,6,4,2,1,1,3,6,1.083,1,1
6,2,7,3,1190.67,1,1,2.301,0,2,1,0.0,-2.888,6,0.0,4,5,3,0,2,1.118,5,0,7,1,6,5,1.106,1,1.962,4,5,5,3,6,5,0,6,1.31,7,1
0,2,2,4,813.63,0,3,0.867,0,4,5,0.0,-3.472,3,0.0,6,7,6,0,6,2.157,5,6,7,1,3,4,1.394,4,3.728,4,7,4,0,6,4,0,0,0.656,1,1
3,5,1,3,0.0,3,6,-2.759,4,4,1,0.0,-0.3,1,0.0,0,3,5,0,1,-2.236,2,2,4,0,5,1,0.821,4,-1.917,6,2,7,7,3,6,0,4,-2.244,5,0
0,3,0,5,0.0,0,2,-0.33,6,2,0,0.0,-1.02,5,0.0,5,5,5,0,1,1.19,5,5,7,0,1,6,1.11,2,-1.78,7,6,5,3,3,1,2,2,-0.262,2,0
1,5,0,3,0.0,5,1,-0.641,0,1,1,0.0,0.757,7,0.0,0,7,0,0,0,-2.845,2,6,6,0,0,5,1.175,5,-0.187,6,0,2,6,3,5,5,1,-0.952,1,0
2,2,0,0,0.0,6,6,-0.186,7,2,5,0.0,-0.966,0,0.0,2,3,4,0,6,0.887,0,3,6,0,6,4,1.3,4,-2.139,6,5,1,6,5,1,7,2,-0.101,5,0
0,2,2,6,731.27,5,7,0.967,5,2,0,0.0,0.58,0,20.11,1,1,3,1,1,1.132,6,7,4,1,2,7,0.881,0,0.866,2,5,6,4,0,0,2,2,1.083,0,1
7,7,4,0,0.0,4,3,-1.511,4,1,7,0.0,-4.383,0,0.0,7,0,4,0,2,-2.69,1,7,6,0,1,1,1.23,4,0.547,7,7,4,1,1,2,5,3,-1.315,3,0
5,7,4,1,655.94,2,6,0.695,6,5,6,0.0,0.658,2,0.0,6,0,0,0,5,1.365,3,4,3,1,5,6,1.275,3,1.934,2,5,2,5,7,0,4,6,0.395,6,1
3,1,3,5,0.0,1,3,-0.531,1,2,0,0.0,0.547,2,0.0,4,7,3,0,3,-0.659,2,7,2,0,6,1,0.658,3,-1.121,7,1,0,2,3,3,1,4,-0.984,2,0
3,3,2,4,0.0,1,2,-0.438,5,5,6,0.0,-3.404,4,0.0,4,1,3,0,2,-3.075,1,6,4,0,1,7,1.335,0,-1.988,5,4,7,1,2,1,2,6,-0.324,3,0
2,4,1,0,0.0,6,3,-0.567,4,1,3,0.0,0.487,7,0.0,5,2,1,0,0,-0.627,0,6,1,0,7,2,1.015,1,-0.186,4,7,1,5,4,6,3,4,-0.437,6,0
0,3,1,5,0.0,0,4,-1.425,6,1,3,0.0,-0.558,0,0.0,4,0,2,0,0,-1.387,7,5,7,0,7,2,0.917,1,-0.855,0,3,7,0,3,3,5,4,-1.019,2,0
5,2,6,4,0.0,6,7,-0.586,7,1,1,0.0,-0.883,3,0.0,4,7,5,0,2,2.982,5,0,6,0,4,4,1.264,2,-2.931,0,1,6,1,4,3,7,1,-0.347,0,0
0,6,2,0,116.52,2,2,4.559,0,5,2,0.0,4.412,3,0.0,7,3,6,1,7,2.504,0,4,2,1,7,7,1.168,6,3.973,3,1,3,6,3,0,6,6,3.574,2,1
0,2,6,7,0.0,7,3,-0.904,4,5,7,0.0,-1.047,5,0.0,2,7,1,0,2,-1.229,3,0,2,0,0,2,1.05,6,-5.451,3,2,0,1,0,3,0,5,-1.651,6,0
5,6,6,7,0.0,3,6,-1.806,5,6,1,0.0,-3.848,6,0.0,5,0,2,0,1,-3.541,0,7,3,0,5,2,0.624,2,-3.208,7,1,1,4,5,2,1,4,-1.643,0,0
4,4,5,7,0.0,2,4,0.74,2,6,2,0.0,-0.82,5,0.0,6,3,3,0,1,0.186,3,2,0,0,3,1,0.983,3,-0.464,2,7,4,7,0,5,7,7,-0.306,2,0
4,4,4,6,0.0,3,4,0.415,3,5,0,0.0,4.004,1,0.0,0,2,1,0,2,-1.016,1,5,6,0,2,7,1.03,1,-0.111,0,3,3,0,4,3,4,6,-0.203,7,0
1,2,6,3,0.0,7,2,0.158,3,6,0,0.0,1.875,5,0.0,1,2,4,0,0,-0.545,1,1,1,0,4,7,0.729,6,-3.532,1,4,0,3,3,2,1,0,-0.053,5,0
2,2,3,2,0.0,3,6,3.309,7,0,6,0.0,5.518,3,0.0,1,0,1,1,3,3.931,3,5,6,1,0,1,1.182,2,4.744,5,6,4,4,3,7,2,0,3.402,3,1
0,4,1,5,0.0,1,3,-1.479,3,2,5,0.0,-1.362,4,0.0,4,7,3,0,1,-2.277,6,6,0,0,3,0,1.155,2,-1.47,1,2,3,2,4,6,5,5,-1.484,7,0
2,4,4,2,0.0,2,0,-0.241,7,0,6,0.0,-0.476,0,0.0,0,1,7,0,1,-0.44,5,2,6,0,1,4,1.051,3,1.781,5,2,6,3,5,7,5,0,0.909,5,0
7,5,0,6,1108.13,1,7,0.963,2,7,0,0.0,-1.186,2,5.45,2,0,0,0,7,0.04,6,1,6,1,5,6,0.8,5,0.734,4,7,5,3,6,4,7,3,0.851,1,1
5,2,7,2,0.0,0,6,-1.415,7,2,5,0.0,-1.409,4,0.0,5,4,0,0,0,0.022,5,5,7,0,3,5,1.043,7,-0.626,5,7,1,7,4,3,5,6,-0.556,4,0
7,4,7,5,0.0,5,7,-1.396,3,1,2,0.0,1.621,2,0.0,5,3,5,0,7,-0.866,3,4,7,0,0,0,1.081,2,-2.381,6,0,4,3,7,1,0,7,-0.98,2,0
2,0,6,4,0.0,0,1,0.771,1,5,6,0.0,0.087,2,0.0,6,2,3,0,6,0.888,2,3,1,0,2,6,1.181,2,-1.405,6,3,6,1,4,5,0,1,-0.137,6,0
3,1,0,0,0.0,4,2,-1.137,1,0,5,0.0,-1.49,3,0.0,3,2,4,0,3,-0.717,5,7,6,0,3,3,1.232,7,-0.542,3,0,0,2,2,7,0,0,-0.785,1,0
4,0,0,5,0.0,6,5,0.035,3,4,6,0.0,3.413,7,0.0,4,7,7,0,1,-0.423,7,1,5,0,3,7,1.087,1,1.996,7,1,0,1,4,2,3,2,0.373,3,0
2,0,2,0,0.0,3,5,0.932,6,2,6,0.0,0.237,0,0.0,2,2,2,0,5,0.561,0,7,4,0,6,0,1.147,7,3.513,3,7,3,6,7,5,0,6,1.043,6,0
3,5,3,2,0.0,6,6,0.037,7,5,6,0.0,1.818,4,0.0,2,5,4,0,7,0.73,2,5,2,0,0,0,1.314,1,0.039,6,3,2,3,4,4,7,4,-0.363,3,0
6,3,6,1,0.0,1,3,-0.502,6,6,6,0.0,-1.007,3,0.0,0,3,0,0,6,-0.577,1,0,6,0,6,4,0.889,3,-0.122,1,4,7,6,7,3,7,6,-0.575,1,0
3,1,4,1,0.0,7,4,1.233,1,0,5,0.0,2.872,3,0.0,7,1,1,0,0,1.195,4,5,6,0,2,7,1.32,3,-2.443,7,3,4,2,1,1,5,5,0.523,1,0
3,1,4,2,0.0,2,6,0.22,1,1,6,0.0,0.573,0,0.0,4,0,1,0,4,0.493,0,1,2,0,7,1,1.097,2,-0.919,4,1,7,0,4,5,1,5,-0.277,4,0
6,7,2,5,1470.29,2,1,2.623,3,4,1,0.0,3.287,3,9.02,2,4,1,1,3,2.784,5,5,4,1,2,0,1.187,6,2.582,4,4,5,6,0,0,2,4,2.387,5,1
6,2,3,5,534.12,6,4,1.981,7,1,4,0.0,-0.59,6,0.0,5,5,6,1,6,3.389,5,1,0,0,3,5,1.182,3,1.98,4,7,5,5,7,6,1,1,1.144,3,1
4,5,3,0,1015.16,0,6,-0.006,0,0,4,0.0,-2.12,2,0.0,3,3,3,0,1,2.165,1,6,5,1,7,6,1.389,0,-2.795,1,3,1,0,5,3,6,7,0.205,3,1
1,3,0,7,0.0,2,6,0.101,3,6,1,0.0,-1.227,7,0.0,6,4,1,0,7,-0.267,5,0,5,0,2,1,0.767,4,-0.584,3,3,2,2,1,2,2,1,-0.814,6,0
0,7,5,6,0.0,7,3,-2.45,6,4,6,0.0,-1.501,0,0.0,1,0,4,0,3,-2.431,4,6,5,0,7,4,0.959,3,-1.26,7,6,3,4,2,5,4,0,-1.785,1,0
4,0,3,5,0.0,2,6,0.565,2,7,2,0.0,3.88,7,0.0,4,3,4,0,4,1.342,3,2,0,0,0,6,0.854,1,1.839,4,6,2,0,1,3,2,0,0.197,7,0
1,2,6,6,0.0,1,0,-0.409,2,1,1,0.0,-0.197,0,0.0,0,5,1,0,6,0.456,7,3,2,0,7,6,0.968,5,-1.495,1,0,5,2,3,5,4,6,-0.528,1,0
4,5,2,3,236.56,5,6,1.934,0,5,5,0.0,0.947,5,0.0,2,3,6,1,6,2.525,7,6,7,1,2,6,1.334,2,2.444,7,3,3,1,7,5,6,7,1.598,1,1
1,4,3,3,0.0,5,1,-0.909,5,0,2,0.0,-0.228,0,0.0,7,0,6,0,2,-1.962,7,7,3,0,1,7,1.097,4,1.155,1,4,0,7,3,6,0,0,-0.953,7,0
5,1,2,7,1740.44,6,0,2.999,0,5,7,0.0,0.811,5,0.0,3,1,6,1,1,2.869,3,7,1,1,5,2,1.369,5,0.964,5,6,5,7,2,5,6,6,2.469,5,1
1,5,1,1,0.0,6,3,1.084,2,4,5,0.0,-2.309,4,0.0,0,5,1,0,0,0.694,1,0,5,0,6,0,1.08,2,-2.205,5,6,3,1,2,4,5,6,-0.664,0,0
5,1,5,1,0.0,0,5,0.023,5,7,5,0.0,2.793,3,0.0,2,1,2,0,4,-1.025,6,5,4,0,3,2,0.75,0,0.572,6,3,6,3,5,7,2,4,0.076,7,0
4,6,6,3,0.0,7,7,0.385,6,6,4,0.0,3.303,5,0.0,5,1,7,0,4,-1.104,7,3,5,0,1,7,0.964,7,-0.635,6,2,0,6,4,2,2,4,0.531,0,0
7,2,0,3,0.0,7,0,1.144,4,6,1,0.0,2.691,7,0.0,1,7,6,1,5,-0.037,0,0,3,0,1,6,1.374,6,0.692,3,3,3,6,2,5,3,3,1.46,3,1
3,4,5,6,0.0,7,5,-1.437,2,4,4,0.0,0.981,5,0.0,0,2,6,0,3,0.327,6,1,4,0,7,3,0.591,5,1.063,0,6,7,0,2,3,6,6,-0.679,7,0
6,0,2,2,1191.14,4,1,1.324,6,0,5,787.72,-2.081,4,0.0,1,2,6,1,2,1.099,5,3,3,1,2,5,1.091,6,-0.572,6,4,4,7,4,3,6,7,0.571,2,1
3,5,7,7,0.0,5,1,-1.471,7,5,6,0.0,-5.989,3,0.0,4,0,0,0,2,-1.344,2,5,6,0,7,2,1.301,7,-1.659,0,1,1,0,7,4,4,6,-1.184,6,0
3,6,1,2,0.0,4,4,-2.033,3,7,0,0.0,-0.375,5,0.0,0,6,1,0,3,-1.882,5,7,5,0,0,0,0.738,4,-0.467,5,0,4,4,7,5,0,5,-2.366,6,0
7,0,0,7,0.0,7,7,-0.819,6,6,4,0.0,-1.537,2,0.0,5,0,2,0,6,-1.927,4,3,7,0,6,2,0.72,1,-0.867,5,1,2,4,6,7,2,1,-0.585,0,0
6,1,4,1,0.0,6,3,1.031,4,0,1,0.0,0.473,6,0.0,4,7,1,0,5,1.909,2,2,7,0,6,5,1.202,1,-1.613,2,3,0,3,3,3,4,2,0.574,0,0
2,1,2,5,0.0,0,4,0.457,2,6,4,0.0,1.26,1,0.0,7,7,3,0,1,0.456,1,7,3,0,6,4,0.098,7,-3.156,5,7,7,6,5,4,5,2,-0.493,4,0
2,7,2,3,0.0,7,2,-1.129,0,0,6,0.0,-1.105,7,0.0,1,4,0,0,5,-1.236,2,2,7,0,5,0,0.799,1,-2.332,5,5,1,0,4,3,3,2,-1.652,5,0
0,0,3,5,1512.76,4,6,0.511,0,3,0,0.0,-2.611,1,0.0,3,1,1,0,3,1.908,3,3,4,1,0,4,1.332,1,0.879,5,6,3,2,6,7,6,2,0.321,2,1
0,3,2,3,0.0,1,2,0.074,0,1,2,0.0,0.017,1,0.0,1,7,2,0,6,3.267,2,0,5,0,7,1,0.985,7,1.203,0,7,4,6,7,0,7,7,0.302,1,0
3,0,2,6,0.0,6,1,1.85,3,4,1,0.0,0.512,7,23.42,6,7,3,1,0,1.613,6,5,4,1,4,4,1.424,0,4.47,6,4,5,2,1,1,1,0,2.062,3,1
6,6,4,4,0.0,6,6,-0.241,5,3,0,0.0,-3.536,5,0.0,2,6,1,0,3,0.994,5,1,5,0,5,3,1.014,3,2.352,4,4,3,7,0,1,3,4,0.552,4,0
6,2,3,6,0.0,1,3,-0.709,7,1,4,0.0,3.593,5,0.0,4,4,7,0,1,0.633,7,4,0,0,6,6,0.627,0,-1.48,3,3,0,4,1,7,4,5,-1.496,0,0
6,6,7,4,0.0,1,0,-0.26,1,0,3,0.0,-0.833,4,0.0,0,5,7,0,5,-0.475,4,5,6,0,6,1,1.421,2,-0.745,4,1,3,6,7,7,1,3,-0.714,0,0
2,2,4,3,0.0,1,4,1.189,2,2,0,0.0,0.765,6,0.0,7,4,7,0,4,0.358,2,0,7,0,0,7,1.07,1,2.027,7,2,0,3,4,1,1,6,0.246,6,0
2,1,7,6,295.28,7,2,1.757,3,0,7,0.0,-2.117,6,6.0,7,5,1,0,5,0.35,5,7,7,1,5,1,1.198,2,1.081,2,5,3,0,1,4,4,4,1.238,4,1
6,0,5,6,0.0,5,6,0.275,3,4,7,0.0,-3.382,0,0.0,2,1,4,0,3,0.686,1,1,1,0,3,2,0.951,0,1.335,3,1,3,6,5,1,0,4,-0.54,5,0
6,7,5,3,0.0,1,3,0.439,2,1,4,0.0,4.92,0,0.0,7,5,3,0,5,-0.19,6,7,3,0,3,0,1.028,4,3.109,5,4,0,6,5,6,5,6,0.995,4,0
4,6,5,4,0.0,4,7,-2.279,0,0,0,0.0,-6.2,0,0.0,6,2,7,0,4,-1.034,4,6,6,0,2,2,0.978,4,-2.629,0,4,5,5,4,1,6,5,-1.872,5,0
5,5,2,1,204.15,7,4,1.81,7,4,2,0.0,2.203,0,23.68,4,3,7,0,1,-0.056,2,7,5,1,7,1,1.438,1,-0.032,2,7,4,5,2,4,3,1,1.246,3,1
3,1,3,6,0.0,6,0,-0.262,1,4,7,0.0,1.006,4,0.0,2,5,3,0,5,-0.78,6,2,5,0,4,7,1.114,4,-2.095,4,1,6,5,0,5,0,7,-0.089,0,0
6,7,0,0,0.0,6,0,-0.556,3,5,7,0.0,-1.989,2,0.0,0,5,2,0,5,-1.569,3,6,4,0,1,0,1.131,6,-2.223,6,0,2,7,1,3,4,7,-0.989,2,0
5,0,2,2,0.0,1,6,0.473,1,3,1,0.0,-3.677,1,0.0,3,4,3,0,1,0.986,2,4,2,0,5,7,0.902,0,-0.395,5,1,4,1,0,4,3,4,0.279,3,0
0,7,5,6,0.0,4,6,-1.456,3,2,0,0.0,-0.759,6,0.0,3,4,1,0,7,-3.515,1,4,4,0,5,4,1.127,7,-1.866,4,0,0,0,1,2,3,7,-0.806,2,0
7,2,7,6,0.0,1,0,-2.026,5,2,7,0.0,-1.453,5,0.0,1,5,2,0,2,-0.846,7,6,2,0,7,0,1.319,3,-1.174,0,0,5,4,1,2,0,4,-0.861,2,0
5,0,7,4,0.0,7,7,1.527,3,4,0,0.0,3.59,2,0.0,7,7,5,0,3,1.477,7,5,2,0,2,1,1.033,2,2.295,3,0,7,1,7,3,7,2,1.236,4,0
6,7,0,7,1414.08,5,2,2.845,6,1,0,0.0,2.792,7,0.0,2,2,3,1,7,3.385,0,2,6,1,6,0,1.586,0,3.509,7,0,1,0,0,1,2,7,2.41,4,1
5,1,0,3,0.0,5,6,-0.989,0,4,3,0.0,-1.971,5,0.0,6,5,2,0,4,-1.3,2,2,7,0,7,5,0.68,1,0.583,4,0,4,4,4,2,6,6,-0.992,3,0
6,2,6,5,0.0,4,2,-0.393,3,6,3,0.0,-0.563,6,0.0,3,5,0,0,2,-0.715,4,2,6,0,0,5,0.988,7,-0.126,5,5,3,4,3,1,2,2,-0.418,3,0
0,4,0,0,0.0,3,4,-0.262,6,0,2,0.0,-0.313,7,0.0,5,0,3,0,6,-0.803,1,3,1,1,6,7,1.472,6,-1.921,3,1,0,0,6,2,5,7,0.019,1,1
3,2,4,2,0.0,1,5,0.179,4,2,2,0.0,1.05,6,0.0,2,6,4,0,4,-1.229,4,1,3,0,3,6,1.138,1,0.545,1,1,4,6,4,5,3,4,0.329,1,0
6,5,4,0,0.0,3,2,1.258,5,3,4,0.0,0.111,3,0.0,1,3,5,0,4,0.125,3,0,4,0,7,7,0.7,7,1.877,7,2,5,3,7,5,5,1,1.004,4,0
4,0,7,1,0.0,5,7,-0.43,2,1,7,0.0,-0.545,2,0.0,4,7,0,0,6,1.1,4,1,6,1,7,4,1.338,6,1.2,2,4,5,7,5,2,3,6,0.475,0,1
7,2,0,4,787.57,1,7,1.657,1,3,1,0.0,-0.825,7,0.0,2,7,1,1,6,1.269,0,4,4,1,1,7,1.238,3,-0.432,4,6,1,6,0,3,1,1,1.534,7,1
0,2,3,2,0.0,6,0,-0.911,7,6,0,0.0,-3.158,3,0.0,0,7,6,0,6,0.864,1,7,7,0,1,6,1.048,6,-1.968,3,4,3,4,3,5,6,6,-0.66,6,0
1,7,3,0,0.0,0,4,-0.441,5,4,3,0.0,-2.348,4,0.0,6,1,4,0,0,-0.095,7,0,4,0,4,2,1.173,4,0.099,0,1,4,0,6,7,4,1,-0.954,6,0
0,3,3,0,0.0,6,7,-0.916,4,3,5,0.0,1.431,6,0.0,2,3,5,0,0,-2.293,5,6,2,0,7,3,1.389,0,2.969,6,1,2,5,6,2,0,3,-0.062,3,0
7,3,1,5,0.0,5,6,-0.324,5,0,1,0.0,-2.472,1,0.0,3,5,4,0,5,-1.708,6,7,4,0,3,5,1.184,1,-2.274,3,4,4,4,2,3,2,3,-0.008,7,0
7,3,3,0,0.0,6,6,-1.319,2,2,6,0.0,-2.487,4,0.0,5,2,7,0,0,-1.074,0,3,0,0,7,6,0.931,6,-1.378,2,6,6,6,4,5,2,6,-0.895,4,0
0,3,6,5,0.0,0,1,-1.433,4,7,7,0.0,-2.623,3,0.0,6,6,1,0,7,-3.105,2,3,4,0,6,4,0.881,6,-4.414,6,0,4,4,5,1,6,4,-1.428,2,0
7,6,2,7,0.0,6,4,0.365,3,7,0,0.0,1.598,3,0.0,5,1,6,0,4,0.425,6,2,4,0,2,7,0.939,2,0.295,1,0,5,4,1,6,2,0,0.787,5,0
2,5,4,3,0.0,0,7,-1.604,1,7,1,0.0,-0.809,3,0.0,3,0,7,0,0,-1.463,1,1,0,0,0,4,1.05,0,-0.431,3,6,0,4,0,7,4,6,-1.871,7,0
0,0,4,7,0.0,3,5,-1.326,1,5,5,0.0,-1.416,7,0.0,1,1,3,0,6,-0.95,3,6,0,0,1,0,0.915,6,-3.125,4,5,0,4,0,3,2,6,-1.433,6,0
4,5,3,3,1102.54,7,6,2.915,1,0,0,0.0,1.868,1,0.0,1,3,3,1,2,1.748,4,7,6,1,3,6,1.375,5,3.016,6,0,4,7,4,7,1,3,1.934,5,1
7,3,5,3,0.0,2,5,-0.639,1,0,0,0.0,-1.912,4,0.0,6,3,4,0,0,-1.308,7,6,1,0,2,3,0.602,3,-1.145,6,5,1,0,5,0,0,1,-0.348,0,0
3,3,4,7,813.08,6,5,0.935,1,6,5,0.0,4.602,2,1.2,7,6,1,0,5,0.756,7,7,7,1,5,4,1.047,5,1.813,4,4,7,4,0,1,3,7,0.604,2,1
7,2,5,4,0.0,1,1,0.249,3,5,2,0.0,-0.984,0,0.0,4,3,0,0,0,0.061,6,5,2,0,1,0,1.251,4,-0.967,5,2,5,0,5,5,4,5,0.571,4,0
2,5,7,4,0.0,4,4,-0.508,5,2,3,0.0,1.85,7,0.0,4,4,5,0,4,-1.606,7,5,4,0,2,7,0.907,5,0.835,4,5,5,4,1,5,5,0,-0.924,4,0
3,3,0,6,0.0,0,4,0.514,2,2,5,0.0,-2.123,5,0.0,7,6,1,0,7,-2.652,1,2,4,0,0,2,1.014,5,-0.72,0,3,7,6,6,1,4,6,-0.491,1,0
7,7,4,1,1049.92,0,5,-0.22,5,3,5,0.0,0.759,5,0.0,3,2,0,1,3,-0.289,2,1,4,0,1,7,1.41,4,2.047,1,2,2,3,3,1,2,5,0.442,7,1
1,2,3,3,0.0,4,4,0.467,7,4,2,0.0,0.534,0,0.0,0,4,1,0,6,0.87,4,6,4,0,5,6,0.656,3,2.021,0,3,1,7,5,5,5,0,-0.384,4,0
4,5,4,6,880.21,0,3,1.22,2,1,5,0.0,-2.584,1,15.1,3,7,6,0,0,0.311,7,7,0,1,3,7,0.764,5,1.179,5,4,1,3,4,0,6,2,1.415,7,1
1,0,5,7,0.0,7,1,1.352,3,2,1,0.0,2.667,2,0.0,4,6,2,0,0,0.262,2,0,1,0,0,1,1.032,5,0.959,0,4,3,7,5,2,2,4,0.347,0,0
6,1,7,1,1766.82,1,3,0.838,6,6,0,0.0,6.592,6,0.0,4,0,0,1,1,1.116,4,7,2,0,1,5,1.287,6,0.97,7,6,4,7,5,3,4,6,1.024,6,1
6,6,6,7,0.0,7,7,-0.594,2,6,3,0.0,4.064,7,0.0,4,6,4,0,0,-1.167,7,2,7,0,1,4,0.624,0,-0.107,7,3,7,2,4,1,6,1,0.159,5,0
1,2,5,0,162.25,5,1,0.658,0,2,3,0.0,0.898,7,0.0,4,7,1,0,0,0.905,6,7,4,1,7,5,1.289,5,1.655,3,2,3,2,1,5,0,2,1.087,0,1
6,4,3,7,0.0,7,5,-1.091,2,2,7,0.0,-3.405,2,0.0,0,3,1,0,5,-2.734,5,4,7,0,1,6,0.897,0,1.007,6,3,4,5,3,1,3,5,-0.771,3,0
7,5,6,7,0.0,3,4,0.074,2,1,0,0.0,3.062,7,0.0,1,5,1,0,5,0.326,4,3,3,0,5,1,0.706,3,-3.125,0,1,4,2,1,2,7,5,-0.253,3,0
3,5,1,3,0.0,0,5,0.978,7,0,6,0.0,0.595,1,0.0,3,3,3,0,5,-0.073,2,5,1,0,6,5,0.808,4,1.847,7,7,3,7,6,1,0,1,0.187,0,0
1,6,7,5,0.0,1,1,0.053,1,5,0,0.0,2.815,3,0.0,4,4,7,0,4,-1.725,3,1,0,0,0,4,1.272,4,3.532,2,6,4,7,2,4,3,1,0.261,5,0
5,1,1,0,0.0,0,5,-0.3,1,2,1,0.0,-2.134,7,0.0,6,7,2,0,0,-1.519,6,2,6,0,2,7,1.229,3,3.105,5,7,0,4,3,3,4,0,-0.061,2,0
0,6,5,7,0.0,2,7,-1.496,0,7,1,0.0,-3.309,2,0.0,5,5,5,0,5,-0.431,2,4,5,0,1,6,1.087,2,-2.18,7,7,5,0,7,5,0,6,-0.648,5,0
5,5,5,3,0.0,2,2,1.272,3,2,5,0.0,0.814,2,0.0,5,0,4,0,1,-0.662,2,6,4,0,3,0,0.904,2,0.493,4,4,5,1,1,7,2,1,0.432,4,0
7,6,1,4,0.0,5,4,-0.888,0,6,5,0.0,-0.681,7,0.0,2,5,3,0,3,-2.677,1,3,2,0,5,1,0.864,5,0.514,5,0,3,3,6,3,2,2,-1.458,5,0
2,7,6,2,0.0,2,5,-0.167,6,6,0,0.0,-1.448,6,0.0,1,7,4,0,1,0.45,2,3,1,0,3,4,1.44,6,0.037,3,1,4,5,6,6,0,1,0.419,7,0
5,3,4,1,0.0,1,1,-0.248,1,3,2,0.0,-1.242,7,0.0,0,0,1,0,1,0.577,7,1,4,0,5,4,1.087,7,0.169,5,6,3,6,1,5,0,1,0.442,1,0
1,5,4,1,0.0,2,2,-0.521,6,2,4,0.0,-0.961,0,0.0,5,5,7,0,3,-0.769,6,0,3,0,7,4,1.003,2,-0.56,5,7,2,0,2,6,7,5,-0.71,2,0
5,6,2,7,0.0,5,7,0.092,5,1,0,0.0,-0.509,6,0.0,7,0,2,0,1,0.302,6,0,3,0,1,4,0.741,6,-0.099,5,1,1,4,6,6,4,6,-0.531,4,0
3,0,5,3,0.0,6,1,-0.464,5,2,1,0.0,0.959,4,0.0,1,4,1,0,2,1.556,5,3,3,0,1,4,0.993,3,-1.225,5,3,1,7,5,1,5,1,-0.155,6,0
2,1,2,3,0.0,6,4,1.077,4,4,6,0.0,2.679,0,0.0,7,0,6,0,6,2.287,5,7,5,0,1,7,1.056,1,1.048,6,7,7,5,0,3,5,0,1.422,7,0
1,3,0,2,1458.86,6,0,0.948,3,5,7,0.0,-1.609,7,12.21,0,4,2,1,0,-0.409,4,7,0,0,4,7,0.893,4,2.109,0,2,6,4,7,4,5,1,0.698,5,1
1,5,3,0,0.0,1,0,-1.795,3,0,3,0.0,-5.352,1,0.0,2,1,7,0,3,-2.764,3,6,2,0,4,1,0.939,0,-2.614,7,3,3,4,1,7,6,2,-1.468,3,0
2,6,3,1,0.0,0,2,-2.25,3,3,5,0.0,-4.058,7,0.0,1,4,6,0,1,-0.9,7,5,7,0,4,1,1.067,5,-3.19,6,1,6,4,1,7,7,7,-1.728,2,0
3,7,3,0,0.0,7,3,-0.655,6,6,1,0.0,-0.493,1,0.0,7,0,6,0,2,-0.867,7,0,2,0,4,4,0.812,6,-1.6,4,6,7,5,6,3,6,0,-0.692,1,0
0,7,6,1,0.0,7,7,0.683,5,2,2,0.0,0.795,3,0.0,1,3,4,0,0,-0.915,5,6,5,0,7,6,0.948,6,2.121,7,6,1,5,5,6,2,4,0.955,4,0
6,7,7,4,0.0,5,1,-0.385,1,3,3,0.0,-1.554,7,0.0,2,5,7,0,5,0.618,0,4,2,0,0,3,0.535,0,-0.241,0,1,3,7,2,0,2,5,-0.386,4,0
6,5,1,2,0.0,7,4,0.048,2,7,3,0.0,-1.031,3,0.0,0,7,7,0,2,-1.288,6,1,1,0,6,6,0.868,0,-1.104,2,4,2,6,4,1,2,6,0.082,6,0
6,4,2,7,1884.32,3,6,1.391,6,1,3,0.0,1.741,2,0.0,4,0,7,0,4,0.464,6,6,1,1,3,1,1.374,6,-1.524,0,5,2,7,3,2,7,1,0.824,4,1
4,1,0,5,1528.48,1,1,1.309,6,1,6,0.0,1.52,1,0.0,6,6,0,1,3,0.15,0,2,3,1,2,3,0.953,7,-0.025,2,7,6,7,1,6,1,1,1.054,2,1
6,4,0,1,0.0,2,4,-0.936,7,4,1,0.0,-4.762,6,0.0,3,2,3,0,3,2.97,6,7,5,0,4,2,0.957,1,1.776,1,0,0,3,4,1,4,7,-0.72,3,0
2,4,3,1,0.0,4,7,-0.618,0,1,1,0.0,1.028,1,0.0,7,1,1,0,2,-0.657,3,0,7,0,2,0,0.583,5,0.526,2,6,0,4,2,7,7,5,0.276,2,0
6,0,4,0,0.0,7,7,0.728,1,6,3,0.0,0.033,7,0.0,2,2,7,0,7,0.423,3,4,4,0,2,4,0.96,6,1.703,4,7,0,6,6,0,0,6,0.542,3,0
0,7,6,6,0.0,5,4,0.763,1,4,1,0.0,5.017,5,0.0,0,3,6,0,2,3.431,1,6,5,0,5,6,0.79,4,-0.213,6,5,6,5,5,2,2,0,0.777,2,0
6,0,4,1,0.0,3,5,-0.586,5,2,2,0.0,1.239,0,0.0,3,7,3,0,5,1.075,5,5,5,0,7,1,0.985,4,-0.843,1,3,6,4,4,0,4,5,-0.061,7,0
3,0,3,0,0.0,2,3,-3.098,2,4,1,0.0,-1.5,6,0.0,0,3,2,0,4,-1.664,1,7,2,0,3,3,1.168,2,-1.979,1,3,7,4,3,3,7,5,-1.826,7,0
3,7,3,3,0.0,1,0,-0.205,7,6,4,0.0,-2.706,7,0.0,7,6,4,0,3,0.069,5,5,5,0,5,1,1.248,4,1.18,0,4,3,3,0,0,3,5,-0.207,0,0
5,2,1,5,0.0,2,3,-0.312,3,3,2,0.0,1.705,5,0.0,2,3,4,0,4,-1.044,4,7,0,0,1,1,1.17,5,0.941,3,5,7,4,5,4,0,7,0.584,4,0
3,2,3,5,0.0,5,7,1.044,4,6,7,0.0,-3.062,3,0.0,3,2,7,0,6,-0.955,6,0,5,0,3,0,1.08,1,1.943,4,1,3,3,6,6,3,6,0.319,3,0
0,7,7,1,0.0,7,7,1.262,5,5,6,0.0,3.075,3,0.0,6,5,4,0,2,0.417,4,2,3,1,4,2,0.97,2,1.431,7,1,2,2,0,6,5,4,1.844,4,1
2,1,0,6,0.0,3,4,-0.935,1,5,5,0.0,-2.297,2,0.0,7,7,0,0,4,-0.147,4,6,7,0,7,4,1.11,7,-3.344,0,6,4,0,0,6,5,4,-1.094,3,0
2,4,1,5,0.0,3,3,0.138,0,7,0,0.0,-0.935,5,0.0,5,4,3,0,5,0.515,5,1,2,0,7,7,0.992,7,-1.044,0,3,7,7,7,0,1,6,0.24,7,0
0,1,4,2,0.0,7,5,-1.561,6,6,0,0.0,-1.879,7,0.0,1,2,4,0,4,-2.053,4,5,0,0,2,1,1.276,7,-3.917,5,3,3,4,5,6,5,4,-1.059,5,0
0,7,4,5,0.0,7,6,0.851,3,7,3,0.0,-0.09,2,0.0,7,0,1,0,3,-0.075,3,2,2,0,6,5,0.866,6,1.239,7,5,6,6,7,7,6,0,1.404,7,0
4,6,5,6,0.0,7,2,0.773,1,2,5,0.0,0.823,6,0.0,7,4,6,0,2,-0.453,0,2,4,0,5,6,1.03,4,-1.561,7,2,0,3,7,3,5,1,-0.018,2,0
1,4,5,1,0.0,0,6,-1.027,7,5,5,0.0,-4.648,3,0.0,7,3,0,0,1,-1.446,6,0,3,0,0,4,0.869,6,-1.516,0,6,6,6,2,6,1,6,-0.575,5,0
3,3,1,2,0.0,4,4,2.93,4,3,7,0.0,3.687,0,0.0,4,3,2,1,1,2.177,0,4,5,1,6,0,1.201,0,1.259,5,6,4,2,2,7,0,4,2.39,4,1
4,6,0,6,0.0,5,6,0.613,1,6,7,0.0,3.493,6,0.0,6,2,1,0,7,-1.503,3,0,6,0,2,4,0.978,6,-1.414,5,0,7,7,5,4,5,0,0.918,1,0
3,1,6,1,0.0,6,3,-1.007,3,7,5,0.0,-3.278,5,0.0,1,6,3,0,5,-1.299,7,7,7,0,1,5,1.042,5,0.186,4,4,3,6,7,6,2,3,-1.032,3,0
7,2,6,0,0.0,0,5,0.003,7,5,2,0.0,2.307,7,0.0,7,6,1,0,7,-0.453,5,2,5,0,4,4,0.866,5,-1.395,6,2,5,3,7,5,3,3,0.188,7,0
0,6,0,0,0.0,4,0,0.074,1,0,6,0.0,0.002,7,0.0,7,4,4,0,7,-0.186,6,3,2,0,3,6,0.607,5,-0.137,5,2,2,4,5,3,6,1,-0.355,5,0
5,3,4,7,0.0,0,0,-0.21,1,5,6,0.0,1.334,3,0.0,2,2,0,0,3,2.111,5,3,0,0,0,5,0.799,3,2.442,7,7,6,1,3,2,3,5,0.229,3,0
1,4,1,7,0.0,5,3,-0.126,2,2,2,0.0,1.507,6,0.0,2,5,2,0,6,-1.597,5,6,0,0,3,0,0.94,7,-0.332,4,2,3,4,7,1,3,1,-0.435,5,0
6,0,4,1,0.0,0,1,-0.638,7,7,7,0.0,-2.4,1,0.0,7,2,7,0,2,-2.474,2,6,4,0,7,4,0.881,0,1.355,3,2,6,4,6,7,2,3,-1.271,1,0
5,2,6,6,0.0,6,1,-2.078,3,3,0,0.0,-2.227,4,0.0,4,0,6,0,1,-3.147,0,3,3,0,2,3,1.046,7,-4.789,5,0,4,0,6,6,1,5,-2.301,4,0
5,7,5,0,2038.25,1,0,1.03,2,6,7,0.0,1.155,7,0.0,3,2,2,1,6,0.616,6,3,5,0,3,3,1.09,4,0.183,6,6,5,5,7,4,0,5,1.08,6,1
2,3,3,6,0.0,0,0,0.547,4,4,4,0.0,-0.14,5,0.0,7,2,7,0,7,1.326,4,3,1,0,2,7,1.38,3,-1.822,6,4,7,5,5,0,0,4,0.127,2,0
5,6,4,3,0.0,6,5,0.277,7,2,6,0.0,0.064,6,0.0,4,7,6,0,2,-0.806,7,4,4,0,3,5,0.779,6,-0.988,7,5,6,6,1,3,2,5,-0.198,0,0
4,2,7,4,686.46,4,6,0.598,5,5,3,0.0,0.686,5,0.0,6,2,6,0,4,0.789,0,3,5,1,3,1,1.041,7,3.61,7,7,0,6,0,1,3,0,0.605,5,1
0,6,1,3,0.0,5,7,-1.537,3,4,6,0.0,-3.502,5,0.0,0,0,0,0,7,0.847,1,2,7,0,0,7,1.228,2,2.082,7,2,2,1,1,4,7,7,0.312,4,0
0,3,1,0,0.0,3,5,-0.04,4,3,2,0.0,-3.25,4,0.0,0,5,3,0,7,-0.871,5,7,3,0,2,1,0.947,4,0.908,5,2,1,7,1,0,1,4,-0.14,7,0
5,3,7,2,0.0,0,4,0.4,4,6,4,0.0,-1.169,2,0.0,6,7,4,0,2,-0.288,6,0,7,0,6,3,0.958,5,0.237,6,5,5,3,5,5,0,0,0.807,5,0
4,7,2,4,1979.84,6,5,0.524,3,0,1,0.0,7.154,2,18.96,5,3,3,1,6,-0.771,6,7,3,0,7,2,1.542,2,1.279,3,1,0,2,5,5,5,6,0.919,3,1
4,0,7,2,0.0,1,5,-0.686,5,2,4,0.0,0.286,6,0.0,1,2,6,0,6,0.278,6,0,1,0,1,5,1.085,0,-1.186,1,2,7,2,4,3,5,5,-0.203,0,0
3,7,2,4,0.0,1,0,-1.439,0,3,7,0.0,0.743,6,0.0,6,2,1,0,1,-0.874,4,5,3,0,6,4,1.287,6,-2.467,2,0,2,4,0,7,7,2,-1.579,2,0
4,6,3,4,0.0,1,2,0.226,2,4,1,0.0,3.511,5,0.0,2,2,5,0,3,-0.667,6,3,6,0,3,6,0.789,0,1.715,1,0,2,0,6,2,5,0,0.002,4,0
6,5,6,5,1832.79,0,6,1.822,4,0,1,606.46,2.023,6,5.21,2,5,7,1,0,2.878,0,2,3,1,7,5,1.527,1,4.607,2,1,3,5,1,3,0,5,1.348,5,1
4,0,3,4,0.0,3,4,-0.949,5,4,5,0.0,0.481,0,0.0,1,0,5,0,2,-2.861,6,6,1,0,7,5,0.879,3,-1.965,0,1,3,0,0,6,2,3,-0.704,2,0
0,0,0,7,0.0,6,2,-0.12,0,4,1,0.0,-3.023,4,0.0,6,0,3,0,2,-1.179,0,2,4,0,1,6,1.049,7,-2.032,2,3,4,6,2,7,3,4,-0.311,5,0
1,1,6,3,0.0,6,0,0.756,3,5,1,0.0,4.609,1,0.0,5,7,5,0,5,0.744,3,0,1,0,5,3,1.052,3,1.714,6,7,1,7,3,3,1,7,0.522,7,0
2,2,2,1,748.98,6,3,0.551,7,0,2,0.0,2.237,6,0.0,1,6,7,1,6,2.302,1,1,5,0,7,0,1.239,7,1.604,6,7,3,3,0,1,5,0,1.278,7,1
6,6,2,3,0.0,0,1,-0.496,6,6,5,0.0,1.623,6,0.0,5,1,0,0,7,1.396,6,7,7,0,3,6,1.186,7,-1.159,0,3,3,6,0,3,7,2,-0.354,1,0
4,6,2,6,0.0,7,3,0.202,4,2,1,0.0,-0.669,6,0.0,2,4,0,0,3,-1.336,2,6,4,0,6,1,0.862,4,-1.46,0,1,7,0,5,7,2,5,-0.137,4,0
2,2,1,1,0.0,4,2,-0.054,5,5,7,0.0,5.166,3,0.0,4,7,5,0,0,1.728,1,4,4,0,0,7,1.0,7,-0.442,1,7,2,5,5,2,1,3,0.146,1,0
4,5,5,3,0.0,1,0,-0.585,1,7,6,0.0,2.279,2,0.0,6,4,5,0,1,-0.186,6,1,4,0,5,6,1.041,2,1.192,3,6,6,5,4,6,3,6,-0.477,2,0
4,0,0,4,0.0,3,6,-0.286,6,6,4,0.0,0.048,5,0.0,4,1,4,0,4,-1.368,7,0,1,0,3,7,0.612,3,0.054,1,6,1,1,7,0,1,5,0.184,7,0
4,2,3,0,0.0,2,6,0.287,0,5,1,0.0,1.196,5,0.0,7,2,4,0,0,0.258,7,7,1,0,1,1,1.036,1,0.324,0,1,1,4,6,3,2,4,-0.049,7,0
4,3,2,2,0.0,2,2,-1.231,0,3,1,0.0,-0.868,6,0.0,7,3,0,0,6,-1.043,2,7,5,0,3,3,1.021,6,0.374,0,5,5,4,5,7,3,4,-1.198,2,0
2,5,5,2,0.0,0,4,-0.717,5,7,3,0.0,0.53,7,0.0,2,6,4,0,4,-1.195,3,2,3,0,0,5,0.849,4,1.714,6,3,5,3,0,2,1,3,-0.498,5,0
2,0,2,3,0.0,6,4,-1.324,6,0,0,0.0,-0.52,5,0.0,2,6,3,0,2,-0.428,2,3,2,0,4,2,1.067,3,-0.213,6,0,2,0,7,4,2,2,-0.517,4,0
7,2,1,2,0.0,1,1,-0.454,1,5,0,0.0,0.532,5,0.0,0,2,1,0,4,-1.68,1,5,2,0,4,5,1.103,2,0.032,4,4,4,1,6,3,5,4,0.076,5,0
0,1,1,2,717.76,2,3,1.077,1,0,0,0.0,3.551,5,0.0,1,7,4,0,0,-0.188,7,4,6,1,5,2,1.311,3,2.156,1,6,3,0,5,1,0,1,1.866,0,1
4,7,5,5,0.0,0,2,-0.147,6,1,6,0.0,0.392,0,0.0,1,4,3,0,1,-1.034,5,6,4,0,6,7,0.833,5,2.219,2,4,7,1,6,0,1,6,0.497,1,0
2,6,3,1,0.0,0,5,-0.468,4,1,0,0.0,2.018,7,0.0,0,5,1,0,6,-2.543,3,0,5,0,6,1,1.067,3,1.929,3,2,1,4,1,5,7,2,-0.792,3,0
4,7,6,5,0.0,6,5,-0.963,7,6,1,0.0,4.502,2,0.0,2,3,0,0,3,-2.24,3,4,3,0,3,3,1.013,0,-0.54,7,6,3,0,5,0,0,6,-1.343,6,0
7,7,4,2,458.52,1,7,1.68,2,6,2,0.0,2.205,0,23.93,2,7,3,1,4,2.201,7,7,3,1,0,6,0.985,3,3.242,1,5,4,0,6,3,7,6,2.01,7,1
6,7,7,4,0.0,2,0,-0.878,3,3,3,0.0,-0.551,2,0.0,1,1,6,0,1,-1.367,3,1,4,0,3,3,1.233,5,-2.246,4,5,6,2,7,3,4,7,-1.059,6,0
0,7,4,6,1092.81,1,5,0.978,7,6,2,211.89,0.865,6,0.0,6,1,1,0,3,0.258,0,7,3,1,5,0,1.267,5,0.102,3,0,2,6,3,0,5,5,1.676,6,1
7,0,7,4,1297.21,3,0,0.355,3,3,7,0.0,-2.67,0,0.0,0,4,6,1,4,1.125,3,0,4,0,7,1,1.402,0,3.306,2,0,3,0,5,2,2,5,1.233,7,1
2,0,3,7,0.0,5,6,-0.175,0,7,6,0.0,-2.202,4,0.0,4,7,1,0,2,-0.193,1,4,0,0,3,2,0.995,7,0.898,6,2,0,6,2,1,7,3,0.648,5,0
2,0,3,7,0.0,2,3,-0.721,3,4,4,0.0,-2.801,3,0.0,5,5,2,0,2,-1.372,3,7,5,0,4,5,0.937,0,0.217,7,1,2,4,4,3,6,3,-0.921,5,0
5,7,7,4,0.0,4,1,0.443,6,4,6,0.0,4.49,0,0.0,6,6,6,0,6,0.554,4,3,0,0,2,7,1.059,6,-0.196,1,3,1,3,0,0,5,5,0.74,0,0
2,0,1,1,0.0,3,0,-0.917,0,1,4,0.0,2.639,3,0.0,0,2,1,0,3,-2.089,3,6,4,0,2,6,0.98,1,2.34,4,6,4,7,5,6,3,4,-0.362,0,0
3,2,7,7,0.0,5,4,0.928,5,7,5,0.0,0.67,7,0.0,4,2,0,0,5,0.21,4,7,4,0,6,4,0.938,6,0.744,4,4,7,7,2,1,3,6,0.168,1,0
2,0,6,4,0.0,0,6,-0.176,4,6,3,0.0,4.492,4,0.0,2,4,0,0,3,0.212,2,6,1,0,3,1,0.877,6,-2.118,6,5,1,1,3,6,4,2,-0.156,4,0
4,4,2,6,0.0,4,4,2.346,2,5,0,0.0,1.257,3,0.0,2,7,7,1,1,3.375,3,0,2,1,4,4,1.117,7,1.393,2,5,7,2,5,4,7,5,2.861,0,1
4,6,3,3,0.0,6,0,-0.901,1,4,0,0.0,2.887,6,0.0,4,6,0,0,3,0.12,2,3,4,0,3,4,1.003,7,2.765,1,4,2,3,4,1,3,1,-0.352,7,0
4,1,0,2,0.0,2,6,-0.087,3,0,6,0.0,1.959,7,0.0,2,3,1,0,3,1.105,3,2,7,0,3,0,1.026,2,-0.281,2,4,0,7,2,1,7,6,0.393,4,0
4,6,2,2,0.0,0,6,1.542,4,0,1,0.0,2.467,2,0.0,1,3,1,0,6,-0.779,1,0,0,0,1,7,1.136,0,4.196,3,5,6,1,6,2,0,3,1.177,6,0
5,4,1,4,0.0,5,7,-0.679,3,6,2,0.0,1.487,1,0.0,3,5,3,0,2,-0.323,4,5,4,0,5,4,1.05,5,-0.812,1,3,3,5,1,5,2,0,0.389,3,0
2,2,1,2,0.0,2,0,0.9,0,1,6,0.0,2.605,2,0.0,3,6,4,0,2,-0.043,5,3,2,0,3,2,0.911,3,-1.504,6,5,2,2,2,4,4,4,0.418,4,0
6,1,4,4,291.46,0,3,2.087,6,2,6,0.0,2.173,2,0.0,1,2,2,1,1,0.027,7,5,0,1,2,5,1.507,6,1.125,3,7,5,1,1,2,0,5,1.414,1,1
6,1,3,0,0.0,6,3,-2.295,4,2,3,0.0,-6.319,7,0.0,3,1,2,0,3,-3.332,0,5,3,0,0,3,0.914,3,-2.372,1,6,5,7,1,0,0,2,-1.815,0,0
5,2,2,3,0.0,7,5,-0.338,4,2,5,0.0,0.999,3,0.0,3,4,7,0,7,0.098,4,7,7,0,7,7,0.948,5,2.417,5,3,0,1,6,0,7,1,0.459,2,0
7,0,2,0,0.0,6,1,-0.026,7,4,3,0.0,-3.797,4,0.0,7,2,4,0,3,-1.775,4,3,5,0,7,7,1.55,4,0.949,5,2,6,3,7,3,7,3,0.046,5,0
5,0,7,3,0.0,0,1,1.112,1,2,1,0.0,2.568,4,0.0,4,0,0,0,3,0.704,4,3,7,0,3,1,0.965,4,-0.387,4,5,5,6,4,6,5,2,0.418,1,0
3,1,5,0,0.0,6,0,0.177,5,7,4,0.0,-2.307,7,0.0,0,6,0,0,1,0.207,7,2,5,0,7,6,1.233,4,-1.452,3,7,6,1,2,2,3,3,-0.566,5,0
5,3,7,2,0.0,1,4,0.097,1,2,1,0.0,-1.272,7,0.0,5,7,2,0,5,-1.464,1,5,4,0,7,1,1.114,3,-1.73,5,5,5,3,0,7,2,2,-0.605,7,0
3,1,7,2,0.0,7,4,-1.54,7,1,0,0.0,-1.526,1,0.0,0,6,7,0,6,2.851,6,4,7,0,1,4,0.843,7,-1.611,7,0,5,4,2,5,6,0,-0.115,1,0
4,3,1,2,0.0,6,2,-0.175,1,0,2,0.0,2.16,7,0.0,1,4,6,0,0,-1.634,6,6,2,0,3,3,0.796,5,-1.56,0,1,7,7,7,6,2,1,-0.029,0,0
2,1,6,5,0.0,0,4,2.562,0,1,7,0.0,0.884,6,2.28,4,6,0,0,1,1.974,5,0,6,1,2,6,1.228,2,2.196,6,3,4,3,3,1,7,0,1.744,5,1
4,2,6,2,0.0,1,7,-1.238,2,2,2,0.0,-0.676,5,0.0,5,4,2,0,2,-1.631,7,1,6,0,3,3,0.982,0,1.98,7,4,0,7,4,1,7,3,-0.792,2,0
4,1,4,4,0.0,2,5,-0.443,3,7,6,0.0,-2.946,7,0.0,7,6,6,0,1,-1.313,4,2,1,0,1,1,0.86,0,-2.525,7,2,6,7,4,7,3,1,-1.226,6,0
7,6,7,7,0.0,1,2,-0.312,6,7,1,0.0,0.947,1,0.0,2,2,1,0,0,-1.503,5,0,4,0,4,3,0.789,1,-0.14,0,4,0,1,2,6,4,2,-0.199,1,0
7,4,4,5,0.0,7,4,0.6,6,2,3,0.0,3.76,4,0.0,2,4,4,0,0,-0.754,7,6,0,0,1,4,1.278,2,-1.749,4,0,3,3,2,5,7,5,0.113,7,0
0,0,1,3,1576.22,4,2,1.683,5,4,7,0.0,-1.396,4,22.21,3,4,0,0,3,0.624,4,6,1,1,7,3,1.423,6,0.71,1,7,0,1,7,5,6,2,1.014,5,1
5,6,3,5,0.0,0,2,-2.39,2,2,6,0.0,-2.911,5,0.0,1,6,2,0,7,-2.069,3,7,5,0,3,4,0.82,1,-1.123,6,2,1,2,5,5,5,6,-3.074,1,0
1,1,3,2,0.0,3,2,-0.166,5,6,3,0.0,0.739,4,0.0,4,7,4,0,6,-3.783,1,5,4,0,7,1,1.379,5,0.018,0,1,5,3,3,4,5,5,-0.058,4,0
2,6,4,0,0.0,3,7,1.542,0,2,0,0.0,0.07,3,0.0,6,6,2,0,2,0.446,4,2,7,0,6,2,0.931,1,-1.058,6,5,0,1,0,3,3,5,0.854,7,0
0,6,4,0,0.0,2,7,-1.064,6,6,0,0.0,-1.177,5,0.0,6,5,5,0,2,-0.58,2,5,5,0,4,0,1.206,6,-1.789,3,5,2,5,2,1,6,7,-0.981,5,0
3,1,0,7,0.0,2,1,-1.54,6,5,3,0.0,-3.045,1,0.0,4,4,4,0,3,-1.392,7,7,0,0,2,0,1.065,4,-1.252,3,1,5,7,1,4,2,6,-0.969,0,0
7,4,0,1,0.0,0,5,-0.082,1,3,4,0.0,-3.577,4,0.0,5,2,2,0,4,0.364,4,0,2,0,6,2,0.627,6,-1.242,0,3,0,1,3,2,3,2,-0.585,7,0
6,4,2,5,0.0,7,1,-1.2,6,0,2,0.0,1.608,3,0.0,2,2,4,0,4,-1.092,6,6,2,0,2,5,0.827,5,0.068,5,3,5,0,0,7,7,4,-1.744,4,0
3,2,6,3,0.0,3,6,-0.276,1,4,1,0.0,-2.956,5,0.0,1,0,7,0,6,-0.139,7,7,2,0,1,6,1.155,4,-0.848,3,1,7,6,3,2,1,0,-0.492,3,0
3,4,5,0,0.0,5,0,0.08,1,1,7,0.0,0.72,5,0.0,4,1,5,0,1,1.991,1,5,4,0,5,1,0.975,3,0.733,1,7,3,0,4,3,7,6,0.585,2,0
2,0,0,2,0.0,7,4,-0.336,3,1,2,0.0,-0.709,0,0.0,0,1,6,0,0,-1.425,1,2,6,0,5,6,1.097,2,-0.418,5,1,3,6,2,1,2,4,-0.993,5,0
5,6,2,5,1197.48,6,0,0.891,5,0,7,0.0,0.238,6,4.78,5,6,0,0,6,0.105,5,4,0,1,1,2,1.325,6,1.204,5,2,5,2,4,7,4,4,0.609,5,1
2,3,4,2,0.0,2,7,1.489,1,2,6,0.0,2.053,3,0.0,0,7,2,0,2,2.445,0,0,2,0,4,5,1.077,7,-0.883,1,6,7,1,0,3,1,1,0.881,5,0
7,3,5,3,0.0,3,3,-0.185,6,6,4,0.0,0.058,4,0.0,7,4,7,0,7,0.645,2,5,5,0,7,0,0.759,4,-2.732,4,4,3,3,2,3,3,6,-0.406,5,0
7,2,7,1,0.0,4,7,-2.257,0,3,1,0.0,-2.44,6,0.0,3,1,6,0,6,-3.054,7,7,1,0,1,5,0.914,3,-0.405,5,6,7,5,0,2,4,0,-1.004,6,0
0,7,6,4,0.0,7,5,-0.719,6,4,4,0.0,1.967,2,0.0,2,0,2,0,0,1.424,3,2,1,0,6,1,0.793,2,2.337,4,4,2,3,3,5,7,3,-0.482,0,0
0,7,7,0,0.0,5,1,-0.82,0,0,3,0.0,-3.058,0,0.0,0,1,4,0,7,-1.464,6,7,4,0,4,3,1.229,1,-1.738,3,3,5,0,1,7,0,0,-1.196,3,0
5,6,3,7,0.0,2,5,0.597,2,0,0,0.0,2.136,2,0.0,5,3,3,0,3,0.256,7,2,5,0,0,6,0.854,0,1.199,2,6,2,2,7,3,6,4,0.559,3,0
0,7,1,3,0.0,2,0,1.098,5,5,7,0.0,-0.907,2,0.0,2,6,2,0,5,0.897,2,0,2,0,3,3,1.283,0,-0.917,0,3,2,7,1,2,1,7,0.814,4,0
5,0,5,4,0.0,5,6,0.816,6,0,1,0.0,-0.962,1,0.0,2,4,3,0,4,-2.021,1,5,0,0,2,7,1.144,1,0.124,1,0,3,2,3,1,2,1,0.582,0,0
0,4,6,6,627.09,4,7,2.175,1,3,0,0.0,1.462,7,0.0,3,0,6,1,2,1.728,2,6,6,1,6,3,1.295,3,2.739,3,1,1,6,6,2,6,0,2.308,7,1
5,5,0,2,0.0,6,7,0.309,3,4,0,0.0,-0.104,0,14.84,3,0,6,0,3,2.77,6,7,1,1,1,6,0.97,3,-1.081,2,0,0,0,2,3,0,1,1.582,0,1
7,3,4,5,0.0,4,6,0.565,6,5,2,0.0,3.38,3,0.0,0,0,0,1,4,-0.491,0,4,2,1,5,2,1.204,3,-0.63,6,1,4,6,1,2,2,3,1.198,3,1
0,1,4,2,0.0,7,7,0.073,4,7,0,0.0,1.594,4,0.0,0,7,4,0,1,0.568,7,3,0,0,4,0,1.049,1,-0.87,1,0,5,6,1,1,7,1,-0.05,3,0
3,6,5,6,0.0,5,1,-0.609,5,7,2,0.0,-4.816,4,0.0,1,7,1,0,4,1.389,7,5,2,0,0,4,1.402,2,-0.396,0,1,2,7,7,3,5,1,-0.741,3,0
1,7,2,2,0.0,6,0,-0.283,2,6,3,0.0,2.703,0,0.0,7,3,5,0,1,0.764,0,1,6,0,3,2,1.005,2,-0.785,2,1,3,2,3,7,6,5,0.556,6,0
6,7,0,5,0.0,1,7,-0.81,5,0,0,0.0,0.435,7,0.0,5,3,4,0,7,1.133,0,5,3,0,4,1,0.721,7,-1.148,4,5,7,7,7,1,5,7,-0.927,6,0
0,2,4,3,0.0,3,3,-0.803,0,5,1,0.0,-0.338,6,0.0,6,4,1,0,1,-1.079,4,6,0,0,4,2,0.945,0,-1.147,2,6,1,3,3,1,1,1,-0.916,1,0
0,7,2,3,0.0,4,1,-0.937,5,6,3,0.0,0.958,5,0.0,3,3,5,0,4,-2.0,5,2,3,0,4,1,0.781,5,0.881,7,5,0,5,3,7,7,7,-0.15,2,0
1,6,2,3,0.0,1,6,-2.205,5,1,0,0.0,-4.214,1,0.0,3,0,2,0,2,-1.111,0,1,0,0,4,1,0.76,0,-0.851,3,3,6,3,1,2,6,7,-1.729,6,0
2,3,2,6,0.0,7,3,-0.922,0,0,1,0.0,-3.476,0,0.0,4,6,0,0,2,0.038,5,1,5,0,3,3,1.068,7,-1.507,0,6,2,0,4,7,4,0,-0.085,7,0
6,2,7,0,0.0,6,6,-0.376,2,5,5,0.0,-3.996,1,0.0,5,5,1,0,7,-0.63,0,0,5,0,5,2,1.094,2,-4.675,0,6,2,7,3,1,5,4,0.392,0,0
6,5,5,0,0.0,0,1,-1.586,7,0,3,0.0,-1.967,3,0.0,4,2,0,0,1,-0.517,5,5,2,0,4,7,1.088,1,0.13,2,4,2,0,5,7,5,6,-1.58,6,0
6,2,6,1,0.0,0,6,0.213,2,4,3,0.0,-0.283,5,0.0,2,7,0,0,0,-0.624,0,6,5,0,4,4,1.132,5,-0.858,6,2,7,2,7,1,6,0,-0.268,4,0
2,3,0,0,0.0,3,4,-0.596,1,7,4,0.0,-3.296,6,0.0,5,0,2,0,7,1.065,2,2,2,0,5,4,0.777,0,0.129,0,7,7,5,5,5,1,1,-0.273,1,0
6,0,6,5,0.0,2,3,0.162,2,0,0,0.0,-0.034,7,0.0,7,6,3,0,7,-1.559,2,2,0,0,5,5,0.877,4,0.383,5,6,3,4,7,5,5,4,-0.598,1,0
3,5,0,0,0.0,7,1,-1.526,0,1,7,0.0,4.656,3,0.0,5,4,7,0,7,0.178,4,6,2,0,3,5,1.342,3,0.582,0,2,3,5,3,5,6,2,-0.411,7,0
5,5,2,7,0.0,0,6,-2.023,1,0,1,0.0,-8.01,2,0.0,0,1,0,0,3,-3.314,6,2,1,0,3,3,0.91,1,-0.954,2,1,5,3,0,3,7,7,-1.651,4,0
4,7,1,2,0.0,5,5,-0.724,0,5,4,0.0,-1.443,2,0.0,6,5,3,0,0,-2.162,2,4,7,0,0,3,1.458,2,-1.971,5,3,1,3,5,0,0,7,-1.024,4,0
5,0,3,3,0.0,7,7,-0.638,4,5,7,0.0,-3.173,1,0.0,2,2,6,0,3,-2.668,3,4,4,0,6,4,1.201,4,-4.1,5,5,0,7,3,4,4,7,-1.518,0,0
1,0,1,3,0.0,7,2,-0.863,0,0,5,0.0,-0.483,7,0.0,4,1,4,0,0,-0.381,0,1,0,0,3,7,1.189,5,3.022,5,4,3,2,6,5,5,1,-0.314,2,0
5,0,6,5,1088.58,5,7,1.924,1,2,3,0.0,5.067,1,0.0,2,4,4,0,5,1.724,2,0,7,1,6,4,1.067,4,4.287,0,7,0,4,7,0,2,6,1.346,0,1
4,2,2,7,0.0,7,5,1.07,0,5,3,0.0,0.587,1,0.0,7,7,6,0,0,1.294,2,6,0,0,4,5,0.906,4,-2.937,4,0,0,6,2,1,0,5,0.835,0,0
0,6,2,5,0.0,7,7,1.388,4,1,5,0.0,5.912,2,0.0,2,5,6,1,1,1.192,4,1,6,1,4,3,1.315,5,8.595,7,3,6,2,3,4,7,5,1.383,4,1
7,3,4,2,0.0,0,2,1.174,1,5,1,0.0,2.33,1,15.05,7,7,3,1,3,1.424,6,2,7,1,6,0,0.985,5,-0.365,3,4,4,4,3,5,4,3,2.062,7,1
4,0,5,0,0.0,2,6,-1.237,1,0,5,0.0,-1.234,0,0.0,4,7,2,0,4,-2.004,3,7,1,0,5,1,0.627,1,0.161,6,2,2,2,0,0,5,0,-0.791,5,0
5,6,7,7,1389.08,2,6,1.176,6,0,3,673.7,0.475,2,0.0,7,4,5,1,6,0.292,0,7,4,0,7,2,1.133,1,-1.983,4,1,6,3,5,5,7,5,0.66,3,1
0,6,4,1,0.0,6,1,-0.217,4,2,1,0.0,0.655,4,0.0,7,6,3,0,3,-0.334,5,0,1,0,3,4,0.953,1,1.651,4,4,1,3,7,6,7,1,0.176,1,0
5,6,1,5,0.0,2,7,-0.339,3,7,0,0.0,-1.142,0,0.0,6,3,1,0,2,-2.641,5,0,7,0,7,2,0.625,1,-0.038,0,3,5,0,2,2,4,5,-0.001,0,0
1,4,6,6,0.0,4,2,0.303,4,6,3,0.0,0.001,6,0.0,3,6,4,0,5,-1.815,7,5,7,0,6,6,0.707,6,-0.682,7,6,2,7,0,5,0,1,-0.015,6,0
7,2,7,1,0.0,7,0,0.222,2,5,7,0.0,1.622,0,0.0,4,2,0,0,3,1.666,2,3,0,0,5,0,0.955,2,0.461,3,5,6,2,2,0,4,6,0.257,0,0
3,4,7,3,0.0,0,0,1.46,7,6,0,0.0,3.811,7,0.0,3,5,5,0,4,1.401,6,1,2,0,0,0,1.166,3,2.106,6,2,5,3,1,4,7,1,1.383,1,0
1,3,3,4,1575.42,4,2,1.429,1,3,7,0.0,-1.867,0,0.0,2,3,1,1,4,3.183,2,1,3,1,5,1,1.32,6,0.242,6,0,3,2,1,6,4,4,1.109,3,1
3,0,5,5,0.0,7,4,-1.57,0,7,2,0.0,2.694,4,0.0,4,0,4,0,1,0.248,1,6,7,0,3,4,0.705,7,0.247,0,7,7,3,6,0,3,0,-2.023,7,0
7,7,5,3,0.0,4,7,-2.625,4,3,2,0.0,-3.119,3,0.0,7,1,0,0,5,-0.598,7,3,6,0,6,7,0.677,2,-1.68,2,2,4,1,1,6,6,0,-2.009,7,0
3,1,4,7,0.0,3,6,-0.881,2,7,4,0.0,-0.077,7,0.0,1,2,1,0,3,-0.897,3,0,4,0,5,5,1.049,1,-2.603,3,3,0,5,0,1,2,3,-0.705,7,0
7,3,2,2,0.0,0,7,-1.666,0,3,4,0.0,0.253,7,0.0,1,0,4,0,7,-3.528,2,1,4,0,4,1,1.188,5,-2.871,2,2,5,4,2,5,7,4,-2.188,0,0
3,3,7,0,1547.58,7,3,0.75,0,6,0,0.0,2.027,4,14.98,1,5,7,1,4,0.864,7,5,3,1,3,6,0.975,6,-0.587,3,6,5,0,2,1,3,4,1.519,6,1
6,1,1,0,0.0,4,0,0.592,2,7,1,0.0,-1.654,6,0.0,7,4,4,0,5,1.422,7,1,0,0,6,5,0.885,5,-0.19,6,4,2,0,1,4,1,5,0.423,1,0
7,7,2,2,0.0,5,5,-1.948,3,2,0,0.0,-3.048,2,0.0,6,7,3,0,6,-2.251,7,2,3,0,6,1,0.829,7,-5.197,4,6,5,6,0,1,2,1,-1.283,5,0
4,0,2,0,2074.61,4,1,2.713,4,2,5,0.0,4.237,6,0.0,7,3,4,1,7,2.968,3,0,4,1,4,5,1.262,3,1.781,3,5,1,3,1,6,0,1,2.207,6,1
4,7,7,2,0.0,5,1,-0.317,3,7,0,0.0,-2.538,5,0.0,3,1,1,0,7,-1.889,3,5,5,0,6,5,1.225,5,1.116,2,5,5,4,5,5,7,2,0.173,2,0
4,1,1,3,612.53,0,1,1.067,0,7,1,0.0,-1.162,5,0.0,4,3,1,1,1,0.056,0,1,2,0,5,4,0.935,0,-1.387,5,6,7,5,1,3,7,3,-0.142,3,1
2,2,5,5,0.0,1,4,0.915,3,1,5,0.0,-1.534,5,0.0,1,3,0,1,4,2.189,2,2,3,1,5,4,0.913,1,2.151,0,2,0,2,7,0,6,1,1.278,2,1
6,5,6,4,0.0,5,2,-0.53,0,2,6,0.0,-2.764,0,0.0,7,7,5,0,2,-0.974,4,4,3,0,6,3,1.319,1,-2.044,3,5,2,1,6,4,6,6,0.181,5,0
3,1,6,7,0.0,1,5,-0.282,5,0,6,0.0,-1.959,3,0.0,0,4,1,0,4,-2.87,6,4,6,0,7,5,0.785,0,-0.83,5,4,2,4,4,0,0,0,-1.273,7,0
0,0,1,5,1228.01,1,5,1.519,2,1,7,0.0,-1.618,0,0.0,0,7,0,1,7,0.932,5,7,4,1,2,2,1.234,4,2.123,2,5,4,0,5,4,0,1,2.186,4,1
0,0,7,1,0.0,4,2,0.334,7,7,1,0.0,0.088,6,0.0,7,2,4,0,6,-0.409,1,2,0,0,7,1,0.965,1,-0.171,4,0,3,0,3,2,3,2,0.219,6,0
1,4,2,1,0.0,0,4,-0.388,5,5,0,0.0,-4.538,2,0.0,1,4,1,0,0,0.453,4,7,1,0,2,6,0.51,0,-1.448,6,7,5,4,6,4,6,0,0.168,3,0
6,0,5,6,0.0,0,1,0.597,7,4,3,0.0,-1.069,2,0.0,5,3,2,0,3,1.598,4,5,7,0,0,7,0.758,3,2.365,6,5,0,1,2,1,7,2,0.686,7,0
0,2,3,0,1455.59,6,3,0.801,1,0,7,0.0,5.072,5,6.28,3,7,5,1,5,1.092,2,1,3,0,0,6,1.294,7,2.229,5,1,4,1,4,4,7,0,1.437,5,1
4,5,6,0,927.4,0,3,2.178,7,1,4,0.0,3.987,7,0.0,7,3,3,1,7,3.56,2,6,0,1,4,7,0.994,7,3.449,4,1,3,2,0,5,4,1,1.861,4,1
2,5,3,0,0.0,4,2,-0.416,4,7,7,0.0,1.553,1,0.0,3,7,7,0,7,0.33,4,6,0,0,5,3,1.274,2,0.963,6,3,5,7,3,0,2,5,-0.232,0,0
1,6,3,4,0.0,6,2,0.319,5,1,1,0.0,3.579,4,0.0,1,5,6,0,5,-0.416,0,2,2,0,3,3,1.353,2,-0.317,6,7,4,1,5,0,0,4,0.935,5,0
0,3,1,0,0.0,1,1,1.257,0,3,5,0.0,1.729,1,0.0,2,3,4,0,1,0.507,1,2,0,1,1,4,1.489,7,0.23,6,6,7,2,0,3,1,0,0.96,3,1
7,3,6,2,0.0,0,3,-0.53,1,4,1,0.0,-2.778,4,0.0,7,0,7,0,5,-0.483,7,4,6,0,5,3,1.134,2,-0.216,5,5,1,7,0,4,6,4,-1.006,7,0
4,7,2,5,1289.52,3,2,-0.011,4,5,7,0.0,-2.61,7,0.0,0,5,0,0,3,0.453,0,7,2,1,6,3,1.192,0,2.252,4,6,6,1,2,1,6,6,0.723,0,1
2,7,3,7,0.0,4,5,-0.414,5,6,6,0.0,-4.962,5,0.0,7,5,6,0,1,-1.228,6,2,4,0,6,5,0.821,0,-0.824,5,7,7,3,0,0,7,0,-0.858,6,0
5,7,0,2,0.0,0,4,-0.751,0,1,6,0.0,-0.536,5,0.0,5,7,4,0,6,-2.666,1,4,1,0,1,7,0.845,5,-1.103,5,3,1,3,3,0,4,2,-0.666,7,0
1,2,7,6,0.0,5,7,0.465,5,3,0,0.0,3.602,1,0.0,2,2,7,0,1,1.728,4,0,3,0,2,4,0.857,6,2.537,2,7,1,1,6,6,0,0,0.909,0,0
6,6,3,7,0.0,1,4,-1.008,6,1,6,0.0,5.571,5,0.0,3,5,1,0,3,0.462,4,7,2,0,0,4,1.506,1,1.123,6,3,5,5,2,3,4,2,0.112,5,0
0,6,1,2,0.0,0,3,0.259,3,6,5,0.0,-1.153,1,0.0,5,5,7,0,3,1.103,6,0,3,0,6,5,0.929,1,0.497,2,4,7,2,1,7,7,7,0.129,0,0
0,2,5,0,0.0,7,1,-1.53,0,7,3,0.0,-0.532,1,0.0,3,4,0,0,2,-0.69,7,2,6,0,3,2,0.796,4,-3.508,1,3,7,5,6,0,3,4,-0.959,1,0
3,6,2,5,0.0,4,6,-0.788,7,3,0,0.0,-0.472,6,0.0,5,0,6,0,6,-1.176,5,6,5,0,2,1,0.815,4,-1.329,0,2,6,5,4,3,2,6,-0.724,1,0
4,7,2,7,0.0,2,7,-0.443,4,0,7,0.0,-2.605,6,0.0,1,5,5,0,6,-0.18,0,3,5,0,1,6,1.229,1,-1.456,0,3,5,7,2,5,4,4,-0.514,7,0
5,3,0,2,0.0,0,3,-1.376,5,4,3,0.0,-0.8,3,0.0,3,2,4,0,6,-3.104,5,5,5,0,5,2,0.723,4,2.02,4,1,0,3,2,2,1,5,-1.504,2,0
7,4,3,2,0.0,0,6,0.573,0,2,1,0.0,0.992,6,0.0,0,0,2,0,4,-0.558,4,1,0,0,2,1,0.842,1,0.606,6,2,2,7,0,1,5,5,1.007,0,0
5,4,4,7,0.0,2,6,-0.885,6,6,5,0.0,-0.985,4,0.0,2,2,4,0,5,0.484,2,4,4,0,5,5,1.306,2,0.933,6,1,6,0,6,0,6,3,-0.1,5,0
5,4,5,5,0.0,0,4,-1.589,6,2,1,0.0,2.311,0,0.0,1,3,3,0,7,-2.266,6,0,4,0,2,7,0.68,1,0.878,7,1,0,2,3,7,2,6,-1.677,2,0
1,2,5,3,0.0,6,1,-0.323,6,6,0,0.0,2.224,3,0.0,3,0,2,0,0,-1.359,6,3,2,0,6,6,1.029,1,-0.347,0,2,2,7,7,2,7,2,-0.743,0,0
5,1,2,7,0.0,0,6,0.005,7,3,4,0.0,2.555,0,0.0,2,7,5,0,7,-0.345,4,6,3,0,0,6,1.087,1,-0.247,7,4,3,1,2,4,6,0,0.359,5,0
7,1,6,4,0.0,5,1,0.342,5,7,3,0.0,-4.107,3,0.0,7,0,3,0,0,0.376,4,7,5,0,1,7,1.264,1,-3.055,4,7,7,0,6,5,7,2,-0.771,6,0
0,4,3,4,0.0,0,1,-1.011,3,0,5,0.0,-3.283,5,0.0,2,6,4,0,0,-0.821,0,7,4,0,4,2,1.006,4,0.297,7,3,5,1,4,5,2,5,-0.916,3,0
6,5,3,1,1161.65,0,0,2.122,6,7,5,0.0,3.753,1,0.0,4,0,0,1,3,2.128,7,3,0,1,5,3,1.351,2,-0.51,1,0,5,0,0,2,6,5,1.631,6,1
5,6,3,7,0.0,3,3,-1.787,4,5,3,0.0,-2.719,2,0.0,0,2,3,0,7,-1.695,3,2,5,0,4,4,0.967,7,-1.912,7,0,4,5,0,3,6,2,-1.17,3,0
4,1,5,1,0.0,5,2,-0.744,7,2,2,0.0,-3.413,3,0.0,3,7,3,0,1,0.4,3,5,0,0,7,6,0.818,0,0.12,7,5,6,7,6,0,6,7,-0.826,6,0
4,2,0,2,0.0,1,7,-1.497,1,3,4,0.0,-3.762,2,0.0,1,7,1,0,6,-0.607,3,0,7,0,1,2,1.151,3,-2.319,7,2,5,2,6,5,4,3,-1.93,2,0
0,1,6,2,71.4,2,3,1.436,0,0,6,0.0,3.743,5,7.26,5,6,1,1,4,2.878,4,6,6,1,2,1,1.264,4,4.838,7,0,0,2,0,2,4,3,1.932,0,1
0,5,6,5,0.0,0,0,0.059,5,3,6,0.0,-3.211,4,0.0,6,2,1,0,3,1.043,4,6,4,0,1,3,0.876,3,1.61,3,5,5,1,0,0,3,5,0.409,0,0
7,0,7,2,0.0,3,1,-0.142,2,7,2,0.0,-1.397,4,0.0,6,1,4,0,1,-0.569,5,7,3,0,2,0,0.884,5,-2.787,5,1,5,6,6,3,0,4,-0.555,1,0
4,0,1,4,0.0,4,4,-2.022,5,1,5,0.0,-5.285,6,0.0,3,0,7,0,3,-1.641,1,4,6,0,4,4,1.064,6,-1.311,7,5,4,6,7,5,1,4,-1.889,5,0
0,5,6,3,0.0,4,0,-0.045,5,5,2,0.0,-1.764,2,0.0,2,0,3,0,0,0.106,0,7,5,0,0,5,0.776,1,-3.211,6,7,2,4,0,3,5,5,-0.271,2,0
2,7,7,0,0.0,6,6,0.303,0,5,1,0.0,0.225,3,0.0,3,0,1,0,4,2.402,0,1,6,0,5,6,0.836,1,-3.689,0,1,7,6,6,6,2,1,0.014,6,0
3,5,5,0,0.0,6,7,-2.238,0,1,4,0.0,1.468,1,0.0,6,1,4,0,2,-1.498,5,3,3,0,0,6,1.011,3,-3.338,3,5,3,4,7,6,1,1,-1.495,5,0
1,6,4,6,0.0,0,5,-2.619,2,1,6,0.0,-3.304,0,0.0,1,2,0,0,1,-2.436,5,6,5,0,5,4,1.113,3,-0.685,0,7,0,7,2,7,5,4,-1.571,0,0
2,3,2,3,0.0,1,2,-1.37,6,7,6,0.0,-3.696,6,0.0,0,3,0,0,0,-1.481,7,5,4,0,4,4,1.024,4,1.512,7,3,7,0,6,6,6,7,-0.926,4,0
6,3,3,6,0.0,3,4,0.449,6,3,0,0.0,2.816,0,0.0,3,7,0,0,3,0.198,3,6,2,0,6,7,0.748,6,1.393,1,6,0,4,5,4,2,3,0.353,0,0
6,0,6,4,0.0,4,5,-0.21,0,6,2,0.0,-2.449,1,0.0,3,4,6,0,1,-0.786,7,1,5,0,1,0,1.07,2,-0.632,0,6,3,4,0,2,7,6,-0.405,2,0
3,5,5,0,0.0,5,1,1.738,7,3,0,0.0,1.332,0,0.0,1,5,1,1,6,3.448,7,1,6,1,6,0,1.499,6,1.621,6,7,2,3,7,3,1,4,1.385,2,1
0,7,7,7,0.0,2,2,-0.293,1,5,2,0.0,0.685,0,0.0,0,1,2,0,6,-1.056,7,7,3,1,4,6,1.457,5,1.706,2,4,0,4,4,7,6,5,0.914,0,1
3,4,0,4,0.0,7,7,-0.331,7,7,3,0.0,2.386,6,0.0,5,3,2,0,2,-1.746,4,1,0,0,6,0,1.135,7,-0.993,1,3,2,7,0,7,6,7,-0.097,7,0
7,6,7,7,0.0,3,1,-2.024,1,5,0,0.0,-5.538,3,0.0,3,0,4,0,7,-0.412,1,5,0,0,6,4,1.186,1,-1.646,1,2,2,7,4,6,0,6,-1.954,4,0
4,3,1,5,0.0,0,0,0.085,6,5,4,0.0,1.772,7,0.0,6,6,6,0,6,0.567,0,4,6,0,5,1,1.397,3,-1.287,3,1,5,2,5,2,7,7,0.261,1,0
2,3,5,4,0.0,0,7,0.617,1,6,4,0.0,5.2,6,0.0,1,3,7,0,1,-0.563,7,2,4,0,7,6,1.234,3,0.326,0,5,2,2,2,7,6,5,0.141,5,0
5,1,3,6,0.0,1,2,0.375,1,7,7,0.0,0.129,2,0.0,7,0,2,0,0,-0.894,5,1,2,0,2,0,0.803,0,-0.582,1,6,5,1,0,2,4,6,1.544,6,0
1,4,0,2,0.0,1,3,-0.33,1,0,6,0.0,1.24,6,0.0,1,4,1,0,1,-1.673,5,0,6,0,2,5,0.89,7,-0.811,5,5,7,1,2,5,4,4,-0.115,4,0
0,5,7,0,0.0,2,6,0.429,2,1,2,0.0,1.797,1,0.0,1,0,4,0,7,1.11,2,2,4,0,1,0,0.761,2,1.817,2,1,4,0,5,0,7,5,-0.268,0,0
3,0,1,2,0.0,4,5,0.038,6,1,7,0.0,0.559,0,0.0,0,5,7,0,5,-0.666,2,1,1,0,2,5,0.533,6,-1.715,2,7,7,5,6,0,1,0,0.305,4,0
0,0,3,7,0.0,2,2,0.343,1,2,7,0.0,-0.088,6,0.0,7,2,4,0,4,0.406,1,0,5,0,5,7,1.455,2,-0.977,1,4,6,1,5,0,3,5,0.079,7,0
0,6,0,0,0.0,6,0,0.069,7,7,0,0.0,-3.879,1,0.0,3,5,7,0,1,3.991,3,6,5,0,4,3,1.184,0,1.988,3,1,0,5,7,1,1,7,0.298,6,0
2,4,6,4,0.0,1,2,-0.182,6,3,3,0.0,0.185,4,0.0,0,1,6,0,4,-0.173,7,4,3,0,2,4,1.132,6,-0.846,4,3,5,1,6,5,2,7,0.118,5,0
3,4,2,5,0.0,3,2,-1.996,4,3,7,0.0,-0.83,4,0.0,0,7,6,0,5,-1.082,3,5,1,0,5,3,0.485,1,-1.05,2,2,3,1,6,0,4,1,-1.814,2,0
3,4,2,5,0.0,6,7,0.283,3,6,4,0.0,2.16,6,0.0,0,3,7,0,7,2.238,1,5,0,0,1,7,1.022,4,-1.368,0,3,7,7,0,1,2,3,0.633,5,0
4,1,4,0,0.0,0,7,-0.261,6,1,0,0.0,-0.826,5,0.0,2,1,5,0,2,0.084,0,5,0,0,4,3,0.757,7,3.377,6,1,3,2,3,0,2,5,-0.397,6,0
6,3,2,0,0.0,7,3,1.019,5,1,4,0.0,-2.305,4,0.0,6,3,7,0,7,-0.173,2,7,6,0,1,5,1.045,0,0.564,5,7,2,0,4,1,4,6,0.631,3,0
3,1,6,5,141.21,7,0,1.181,7,5,0,0.0,0.283,7,0.0,6,6,6,0,2,0.543,2,1,0,1,1,7,1.457,4,-2.13,3,2,3,3,1,7,5,4,1.257,4,1
1,0,7,7,0.0,4,7,0.463,6,2,7,0.0,3.005,5,0.0,5,2,1,0,7,0.733,7,7,7,0,1,3,0.943,0,-0.275,6,2,4,5,4,2,4,0,1.432,4,0
3,1,0,3,0.0,0,2,1.278,6,2,4,0.0,-2.124,6,0.0,2,3,3,0,3,1.122,7,2,3,0,4,2,0.887,5,2.56,0,2,5,1,6,1,1,5,0.8,7,0
2,6,6,7,0.0,2,6,1.157,3,6,3,0.0,1.084,3,0.0,1,5,4,1,1,3.079,5,7,5,1,0,3,1.189,4,4.147,4,7,7,0,7,5,1,7,1.741,1,1
7,0,5,4,0.0,4,0,-0.655,3,1,4,0.0,-3.639,1,0.0,3,7,5,0,5,1.668,1,5,1,0,3,1,0.989,4,1.32,2,2,1,4,5,6,6,3,0.726,2,0
5,7,6,4,0.0,4,5,-1.929,5,0,4,0.0,-3.021,1,0.0,5,4,7,0,6,-1.178,2,7,1,0,2,2,0.984,2,2.286,6,4,5,1,3,0,5,7,-0.747,0,0
1,3,6,4,0.0,1,0,0.324,5,5,0,0.0,-2.907,5,0.0,3,4,3,0,0,0.161,5,3,3,0,5,2,0.644,3,1.862,1,0,5,7,5,3,4,1,0.416,2,0
2,7,3,2,0.0,5,4,0.475,7,6,3,0.0,-0.726,7,0.0,6,1,3,0,4,-0.812,5,0,5,0,5,5,0.993,5,-0.317,0,0,1,4,6,4,4,1,0.319,6,0
0,1,7,6,0.0,1,0,-1.722,2,0,7,0.0,-3.279,6,0.0,3,6,2,0,7,-0.937,5,1,6,0,2,5,1.177,2,1.676,7,1,4,2,0,0,1,4,-1.372,1,0
6,5,0,3,1973.82,3,6,1.213,3,6,1,0.0,-1.831,0,0.0,4,7,4,0,1,0.411,0,4,4,1,3,5,1.193,4,-0.542,1,5,0,4,1,7,5,7,0.639,4,1
0,0,1,3,0.0,0,7,-1.539,7,2,0,0.0,0.521,1,0.0,1,6,0,0,4,0.133,6,2,5,0,3,7,0.957,2,-1.38,2,4,0,4,1,6,1,5,-1.764,7,0
6,4,6,3,0.0,3,2,0.697,3,2,2,0.0,-0.649,3,0.0,4,2,0,0,0,1.568,0,6,1,0,0,5,1.012,0,1.23,1,5,6,7,1,4,0,0,0.419,7,0
5,4,6,2,0.0,5,3,-3.196,2,3,4,0.0,-5.197,0,0.0,3,5,6,0,5,-2.731,5,6,3,0,0,5,1.012,2,-4.943,7,2,3,2,7,3,2,2,-2.458,3,0
3,5,7,3,0.0,4,4,1.965,4,2,1,0.0,1.758,1,0.0,2,2,0,1,4,2.134,7,0,3,0,2,2,1.253,6,3.096,5,4,1,1,0,5,0,2,1.675,2,1
6,5,5,5,0.0,3,1,1.577,3,3,0,0.0,-1.02,6,0.0,6,2,7,1,1,1.675,7,3,2,1,2,1,1.285,5,0.859,6,3,2,6,7,0,6,3,0.881,0,1
4,2,3,7,0.0,5,3,-0.669,5,1,0,0.0,-3.853,7,0.0,4,1,5,0,2,-0.702,7,1,5,0,7,3,0.957,7,0.68,1,5,4,6,5,1,2,0,-0.83,3,0
4,2,5,7,0.0,2,7,-0.994,5,4,3,0.0,-2.441,4,0.0,7,7,1,0,1,0.069,5,5,7,0,5,7,0.954,0,-2.925,7,4,0,1,3,1,3,0,-0.747,5,0
5,0,0,7,0.0,1,2,-2.188,7,7,0,0.0,0.348,1,0.0,7,4,0,0,5,-0.513,3,5,6,0,7,5,0.877,1,-0.962,0,1,1,2,5,0,4,0,-1.198,5,0
1,7,3,6,0.0,4,4,0.567,1,1,4,0.0,-3.164,5,3.59,7,0,7,1,3,1.846,2,3,6,0,1,2,1.209,0,0.46,5,0,2,0,6,0,5,7,1.269,3,1
7,0,2,5,186.32,7,6,1.536,5,2,5,0.0,3.819,4,0.0,4,6,0,0,7,-0.03,5,4,4,1,7,2,1.084,4,2.849,0,2,7,6,6,3,7,5,0.739,3,1
2,4,7,4,0.0,4,2,-0.686,1,7,3,0.0,-3.082,7,0.0,0,5,0,0,5,-1.806,3,5,3,0,7,3,1.145,7,0.067,3,7,1,2,2,0,3,2,-0.9,7,0
1,4,6,6,0.0,7,6,-0.273,1,1,0,0.0,1.262,7,0.0,6,6,2,0,3,-0.295,2,6,4,0,3,7,1.368,2,-0.989,6,3,6,6,6,7,5,2,0.269,7,0
1,6,6,4,0.0,6,5,-1.454,6,6,4,0.0,-6.105,4,0.0,4,1,6,0,4,-1.926,0,1,4,0,0,2,1.052,0,-0.497,2,4,2,2,7,7,3,1,-1.143,1,0
5,2,3,3,0.0,6,2,0.053,3,1,6,0.0,-0.262,3,0.0,0,1,7,0,1,1.333,3,5,3,0,4,1,0.812,7,0.036,4,7,5,1,4,7,1,2,-0.005,2,0
6,4,7,4,0.0,1,2,-1.059,5,2,3,0.0,-0.988,4,0.0,3,2,6,0,7,-0.43,1,2,6,0,5,0,1.063,2,-0.61,5,3,2,3,3,0,6,7,-0.916,1,0
7,7,0,6,0.0,5,1,-1.192,5,0,3,0.0,-0.132,1,0.0,3,5,7,0,0,-0.532,6,3,6,0,5,1,0.828,2,-3.406,6,6,4,4,6,3,6,6,-1.467,1,0
3,5,7,1,0.0,7,0,-0.71,5,7,2,0.0,1.214,0,0.0,6,0,6,0,2,1.044,7,0,1,0,7,1,0.928,6,1.208,7,2,2,6,5,2,2,7,0.116,7,0
2,4,6,7,0.0,4,6,-1.04,5,6,3,0.0,1.463,7,0.0,7,6,6,0,0,-1.766,4,1,1,0,1,7,1.162,6,0.094,7,4,7,1,6,5,6,5,-0.175,1,0
2,6,3,1,0.0,0,4,-1.17,6,4,5,0.0,0.896,0,0.0,5,3,1,0,6,-0.021,2,5,6,0,7,6,1.074,3,-1.862,2,7,2,7,3,5,1,6,-0.354,4,0
0,2,4,0,0.0,5,4,-1.078,5,6,2,0.0,-0.882,2,0.0,1,3,4,0,2,-2.258,0,1,1,0,3,5,1.13,5,-1.928,7,0,5,0,5,0,2,1,-1.018,0,0
4,6,0,3,0.0,0,0,1.402,4,1,4,0.0,-0.375,4,0.0,0,0,2,0,4,2.253,2,3,6,0,3,2,1.017,4,-1.301,4,6,2,5,5,4,0,0,0.247,7,0
2,1,7,5,1417.5,7,3,1.521,2,7,1,0.0,1.236,6,0.0,5,6,7,1,6,1.93,0,7,7,0,3,6,1.039,2,2.222,3,5,7,4,7,3,1,2,1.464,6,1
3,0,2,0,0.0,2,1,0.04,2,2,4,0.0,-3.58,0,0.0,3,1,1,0,3,-1.501,1,6,2,0,0,0,1.065,5,-0.428,7,0,7,3,3,4,4,0,-0.501,5,0
3,4,0,4,0.0,7,5,-1.331,4,3,2,0.0,-0.387,4,0.0,0,3,2,0,3,-1.132,1,3,5,0,5,5,0.969,6,-4.21,5,6,7,2,7,1,0,3,-1.794,7,0
6,0,1,7,1278.1,2,6,0.375,7,0,0,0.0,3.064,2,0.0,0,1,6,0,4,1.497,4,1,0,1,2,0,0.99,3,-0.157,0,6,4,3,6,5,6,0,1.033,3,1
0,5,5,5,1613.9,2,5,1.098,0,6,2,0.0,1.877,5,10.37,2,7,5,1,4,3.391,0,5,0,1,0,0,1.34,7,2.859,5,1,1,3,5,2,2,6,2.192,1,1
1,4,6,1,0.0,1,4,-0.481,1,7,5,0.0,2.461,5,0.0,5,7,3,0,6,-0.885,6,6,4,0,6,0,1.242,0,-2.192,5,7,0,3,3,6,3,4,-0.305,7,0
2,1,3,7,0.0,4,7,0.394,0,1,6,0.0,-2.033,4,0.0,2,3,0,0,3,-0.762,3,3,3,0,2,3,0.877,3,-1.326,1,3,3,3,2,1,0,3,-0.807,1,0
2,1,3,0,1085.7,0,1,-0.351,7,0,1,0.0,2.905,2,0.0,3,7,5,0,4,-2.83,2,5,7,1,1,6,1.578,3,1.328,0,7,7,0,2,6,2,5,0.183,3,1
5,3,4,3,0.0,1,0,-1.258,7,5,4,0.0,-6.075,4,0.0,2,7,0,0,3,-0.415,3,2,1,0,0,0,1.099,4,-3.14,0,3,1,2,6,1,4,7,-1.404,4,0
5,6,6,7,0.0,2,0,-0.915,2,5,1,0.0,1.978,6,0.0,7,7,2,0,2,-0.071,6,0,2,0,6,2,0.971,0,2.223,6,5,6,6,1,2,2,2,-0.001,3,0
4,2,3,1,0.0,4,6,1.975,6,7,1,0.0,2.046,4,0.0,6,7,3,1,2,1.163,6,5,0,1,0,6,0.963,7,0.49,1,2,0,5,5,6,5,2,2.312,5,1
6,7,2,2,0.0,0,3,-0.772,3,2,1,0.0,-0.635,5,0.0,2,6,0,0,4,-2.38,1,1,3,0,0,7,1.008,2,2.326,2,6,1,6,7,6,7,6,-0.513,3,0
5,4,0,1,0.0,5,3,0.809,2,3,0,0.0,2.894,4,0.0,0,1,0,0,3,1.652,7,2,6,0,6,6,1.028,2,0.853,1,3,0,2,3,4,7,5,0.461,4,0
4,0,0,3,0.0,4,7,-0.604,4,4,0,0.0,-0.716,7,0.0,0,6,5,0,7,-0.175,4,1,4,0,5,5,1.192,0,0.465,6,5,0,1,5,0,4,2,-0.74,3,0
5,2,4,5,0.0,2,3,-0.584,2,3,4,0.0,-0.806,1,0.0,0,5,2,0,4,-1.033,2,2,5,0,7,2,0.825,6,0.758,5,7,3,1,2,6,0,3,-1.108,6,0
6,7,6,5,0.0,3,5,0.098,0,4,3,0.0,0.175,6,0.0,4,7,7,0,2,0.694,4,1,3,0,2,3,0.95,6,-1.595,3,7,5,4,6,1,7,2,0.661,4,0
6,2,0,1,0.0,6,0,0.897,2,7,1,0.0,-3.34,6,0.0,7,7,5,0,3,-1.562,7,7,3,0,5,1,0.609,6,-0.584,6,2,5,6,4,1,6,1,-0.166,7,0
1,3,6,2,0.0,3,1,0.098,7,4,6,0.0,-0.28,1,0.0,6,4,0,0,3,-1.514,3,5,7,0,6,5,1.102,6,-0.946,6,2,5,1,4,7,1,6,-0.52,1,0
2,7,0,4,1959.77,7,2,2.426,2,7,0,0.0,2.703,7,0.0,0,0,3,1,1,2.104,5,3,6,1,0,5,0.96,7,0.473,0,4,2,3,5,6,4,6,1.263,7,1
1,4,4,0,0.0,5,1,-0.692,0,7,5,0.0,0.358,4,0.0,4,6,2,0,0,-1.455,0,5,2,0,0,1,0.871,6,-0.907,3,0,5,4,6,3,1,4,-1.005,6,0
0,7,6,7,0.0,1,1,-3.937,3,3,0,0.0,-0.489,2,0.0,6,6,7,0,7,-3.634,1,4,5,0,6,5,0.998,6,-4.145,0,6,2,7,7,6,2,7,-3.627,3,0
6,7,4,4,0.0,5,6,-0.064,7,0,2,0.0,1.65,2,0.0,6,3,6,0,2,1.648,3,7,5,0,5,1,1.207,0,3.968,0,0,0,0,7,3,0,4,0.454,7,0
4,2,4,0,0.0,0,4,0.407,2,2,6,0.0,1.947,3,0.0,7,4,6,0,0,1.194,6,0,1,0,1,0,0.966,0,0.721,1,4,5,1,4,1,1,0,-0.326,6,0
3,7,2,5,0.0,7,4,-0.654,1,7,0,0.0,-0.193,2,0.0,5,2,3,0,7,1.315,0,2,5,0,2,2,1.065,1,-0.918,5,3,7,3,5,7,4,3,0.601,5,0
1,5,6,3,0.0,5,7,-0.183,4,5,6,0.0,-2.45,1,0.0,2,3,5,0,3,-1.603,0,5,0,0,5,5,1.257,0,-0.058,7,2,6,4,1,3,6,3,-0.524,4,0
5,7,2,5,0.0,3,5,0.23,2,5,2,0.0,-0.918,3,0.0,0,2,7,0,7,-0.661,5,1,1,0,0,5,1.168,4,0.571,2,4,6,4,0,6,4,2,-0.706,3,0
5,6,3,4,0.0,3,5,0.444,1,0,2,0.0,2.124,3,0.0,4,4,5,0,6,-0.486,2,4,4,0,7,3,1.301,0,0.361,1,3,6,1,5,4,5,1,0.444,2,0
3,7,2,7,0.0,6,4,0.297,6,2,0,0.0,3.222,1,0.0,1,1,5,0,7,-1.908,2,3,3,0,5,5,1.046,6,1.251,6,4,3,1,0,5,7,7,0.229,0,0
3,7,1,3,1969.3,2,2,0.899,5,1,4,0.0,-2.519,4,0.0,6,3,2,1,3,0.525,4,4,6,0,6,0,1.045,1,2.027,0,0,1,5,1,2,7,6,0.376,0,1
1,3,7,0,0.0,4,2,-1.157,7,3,3,0.0,2.44,7,0.0,7,3,7,0,5,-1.343,5,3,6,0,7,6,0.96,1,-1.111,4,7,6,0,6,6,6,7,-1.306,6,0
7,6,5,7,0.0,5,1,-0.087,0,7,6,0.0,-4.094,2,0.0,3,7,3,0,4,-1.848,7,0,2,0,4,7,1.329,0,-0.247,2,1,1,1,2,4,5,2,-0.251,0,0
4,1,1,6,0.0,5,1,-0.749,2,0,0,0.0,-0.082,2,0.0,6,4,6,0,2,-1.354,7,3,6,0,6,6,1.209,7,-2.008,3,5,6,5,6,1,1,7,-1.444,4,0
2,5,1,4,0.0,5,6,-3.122,1,1,7,0.0,-1.818,3,0.0,4,5,2,0,4,-4.283,7,4,3,0,2,3,1.086,0,-0.013,5,3,5,5,1,4,5,5,-2.564,1,0
1,2,4,0,0.0,6,2,-1.429,3,7,6,0.0,4.078,2,0.0,0,4,3,0,1,-0.963,7,0,1,0,5,6,1.018,0,-0.578,1,7,4,2,4,0,2,2,-1.236,4,0
4,6,6,1,0.0,0,2,1.431,2,3,2,0.0,-0.286,1,0.0,1,5,0,0,7,1.932,0,6,3,0,3,2,0.629,4,1.696,6,3,1,1,4,1,3,5,1.141,4,0
3,3,5,4,1028.17,3,7,0.112,5,6,5,0.0,-2.968,6,0.0,1,0,1,1,5,1.963,1,5,1,0,2,4,1.011,3,-0.25,7,2,2,4,7,4,6,6,1.058,5,1
2,2,7,7,378.78,6,2,-0.015,5,5,1,0.0,3.394,5,0.0,2,0,5,0,7,1.123,4,4,7,1,1,3,1.557,1,-0.363,1,3,1,0,6,1,0,7,1.051,1,1
2,4,7,2,0.0,6,1,-0.207,5,4,1,0.0,-2.796,1,0.0,3,1,5,0,2,0.784,0,4,3,0,5,2,1.054,3,0.951,5,4,7,6,5,4,0,3,-0.66,4,0
3,6,7,3,0.0,6,5,-0.17,2,5,7,0.0,0.978,7,0.0,5,3,3,0,5,-1.633,7,2,1,0,0,4,1.043,4,1.897,2,5,1,0,0,7,7,4,-0.531,7,0
3,7,6,1,598.54,1,3,1.359,3,5,5,0.0,4.993,3,22.9,7,6,2,0,2,2.668,7,7,5,1,3,5,1.1,4,3.56,3,0,4,0,1,7,0,0,1.275,7,1
7,4,2,2,0.0,1,6,-1.727,1,7,3,0.0,1.381,4,0.0,0,5,2,0,0,-2.409,5,0,4,0,6,4,1.1,5,-2.162,3,2,6,2,3,0,2,2,-1.959,7,0
5,0,7,5,0.0,6,3,-0.967,1,0,4,0.0,3.649,2,0.0,5,7,6,0,0,-2.781,2,1,6,0,0,6,1.074,7,-2.809,6,1,6,7,4,4,3,1,-1.094,0,0
0,2,6,0,0.0,2,6,-0.864,2,5,2,0.0,0.495,0,0.0,5,1,5,0,1,1.057,7,2,4,0,0,7,0.935,1,-1.343,3,0,1,2,5,3,7,6,0.319,1,0
4,5,5,7,0.0,2,5,-1.784,5,7,5,0.0,-3.267,2,0.0,6,7,6,0,6,-0.089,2,0,3,0,6,5,0.654,6,1.277,2,3,2,4,1,5,1,2,-1.973,3,0
3,5,5,5,120.81,6,6,2.384,4,2,3,0.0,1.913,7,0.0,6,6,7,0,5,-0.848,7,1,6,1,7,4,1.244,5,1.235,7,4,1,6,1,2,5,1,1.778,4,1
7,6,5,5,0.0,3,2,0.174,6,3,4,0.0,2.048,7,0.0,7,1,4,0,5,-0.17,1,3,4,0,7,5,1.023,2,-0.134,7,1,5,6,2,0,0,5,-0.21,2,0
5,3,6,6,0.0,3,1,-0.14,1,6,1,0.0,-2.964,0,0.0,0,7,6,0,4,0.933,1,4,3,0,6,3,1.235,6,-0.355,1,7,2,1,2,3,6,2,-0.487,2,0
5,5,3,2,0.0,1,6,-1.909,0,7,2,0.0,-4.144,0,0.0,0,0,2,0,7,-0.957,3,2,4,0,2,1,0.68,7,-0.02,0,2,1,4,7,0,3,0,-0.332,5,0
0,6,7,6,0.0,3,3,-1.741,0,5,2,0.0,-4.394,4,0.0,5,1,5,0,5,-1.548,1,5,6,0,5,2,1.328,1,0.123,4,6,7,6,6,1,2,2,-1.185,1,0
3,3,6,7,0.0,4,0,0.718,6,2,0,0.0,-1.17,5,0.0,4,1,3,0,3,1.045,2,4,0,1,3,0,1.438,7,-0.525,1,3,0,0,6,5,2,1,0.429,4,1
0,7,4,3,0.0,0,7,-1.802,4,3,4,0.0,-0.497,7,0.0,2,1,6,0,7,-0.341,2,5,7,0,6,6,0.778,5,0.467,5,7,5,7,5,4,0,4,-0.536,0,0
5,7,7,6,0.0,5,2,-0.778,6,7,7,0.0,0.782,7,0.0,1,3,6,0,2,-1.156,7,1,6,0,2,2,1.352,6,1.85,3,3,0,7,1,6,2,3,-1.187,3,0
4,6,6,0,141.34,4,2,0.067,0,7,1,0.0,4.065,1,0.0,0,3,2,1,0,-2.306,5,4,4,0,0,5,1.139,0,-1.182,7,7,1,4,0,0,6,2,0.578,0,1
1,2,6,4,0.0,1,5,-0.467,2,4,6,0.0,-1.051,6,0.0,5,6,7,0,0,0.057,2,5,4,0,1,4,0.878,2,-2.621,2,4,7,2,0,4,3,4,-1.033,2,0
4,1,2,7,0.0,3,6,-0.305,5,5,7,0.0,1.027,4,0.0,2,2,5,0,3,-1.438,3,1,4,0,7,1,0.621,4,-1.615,0,3,0,3,4,0,6,6,-0.54,7,0
4,1,5,4,0.0,2,7,-1.139,1,5,7,0.0,-0.13,2,0.0,0,6,6,0,0,-2.078,6,4,2,0,3,7,0.974,6,-3.648,7,4,1,5,0,3,4,1,-1.513,6,0
6,1,2,6,1193.15,2,5,1.876,7,1,4,0.0,2.868,6,0.0,5,0,6,1,6,1.664,1,1,0,1,6,6,1.203,3,2.485,2,2,1,5,5,7,1,0,1.318,0,1
0,2,3,0,0.0,3,4,-2.253,7,7,1,0.0,-0.557,3,0.0,4,2,2,0,3,-3.352,4,3,1,0,5,6,0.749,1,0.298,0,1,1,2,2,2,7,7,-1.817,2,0
2,7,7,6,0.0,2,2,-0.244,4,2,1,0.0,-0.432,6,0.0,5,1,0,0,2,-0.826,3,1,2,0,1,2,1.12,7,1.588,7,1,6,1,6,5,0,2,-0.741,3,0
5,6,6,6,0.0,0,6,-1.708,4,0,6,0.0,1.279,0,0.0,7,0,6,0,4,-0.057,5,1,5,0,1,5,1.116,7,-2.058,7,2,1,0,1,5,0,1,-0.895,0,0
7,4,4,3,0.0,4,5,-2.067,3,5,3,0.0,-2.404,1,0.0,1,1,6,0,1,-0.947,2,4,4,0,6,3,0.667,7,0.965,5,6,1,1,7,3,0,7,-1.268,6,0
2,5,4,4,1186.94,3,1,1.753,7,4,2,0.0,-0.612,3,0.0,7,5,1,1,2,0.078,1,1,0,1,5,0,1.171,3,0.21,6,6,7,5,6,1,0,6,1.348,7,1
5,1,2,0,0.0,2,7,-0.612,3,4,1,0.0,0.396,1,0.0,1,2,2,0,3,-1.346,5,0,2,0,5,0,0.998,5,-3.151,6,0,6,5,2,6,4,0,-0.485,4,0
6,4,3,0,0.0,5,5,-1.459,0,1,4,0.0,1.417,3,0.0,0,3,1,0,0,-2.279,2,4,2,0,7,4,0.683,6,1.773,2,4,4,7,3,5,2,5,-0.64,1,0
1,1,5,7,0.0,1,3,-0.43,6,3,7,0.0,-1.642,2,0.0,0,5,6,0,7,-1.507,2,6,5,0,0,1,1.142,1,-2.457,7,2,6,0,3,0,0,3,-0.26,2,0
0,2,2,7,0.0,0,3,-0.821,2,7,0,0.0,-2.074,3,0.0,6,5,4,0,6,-0.917,0,7,0,0,2,0,0.904,5,0.666,4,0,0,3,3,5,3,4,-1.185,1,0
1,3,6,2,0.0,6,3,1.457,0,7,2,0.0,-1.245,0,0.0,7,4,5,0,2,1.824,5,7,6,1,3,2,1.211,3,-1.295,6,2,7,2,0,7,4,1,0.91,7,1
0,1,2,3,0.0,5,3,-0.004,7,6,3,0.0,-3.285,1,0.0,5,2,1,0,0,-1.913,5,7,3,0,1,4,1.317,5,-1.9,5,2,1,7,5,1,1,7,-0.225,1,0
2,2,4,3,0.0,0,0,0.839,0,0,2,0.0,-1.972,6,0.0,7,4,0,0,1,-0.621,1,6,0,0,4,5,0.927,1,0.549,7,5,3,5,2,1,2,1,-0.439,6,0
3,7,6,7,1940.11,5,7,1.646,1,1,7,0.0,3.185,5,16.54,1,3,7,0,0,2.598,4,3,7,1,3,2,1.13,5,3.953,0,4,6,2,1,3,7,5,0.961,0,1
3,1,2,0,0.0,3,0,-1.443,2,7,7,0.0,-0.114,6,0.0,4,3,2,0,0,-1.538,7,5,5,0,4,4,0.765,7,0.465,2,5,7,0,2,2,1,3,-0.855,6,0
3,7,5,5,944.43,5,7,0.169,1,0,2,0.0,4.11,4,0.0,6,6,7,1,3,1.522,2,7,2,1,1,5,1.206,6,-2.536,3,3,4,3,1,1,7,7,1.66,6,1
6,0,0,3,0.0,6,2,0.014,4,2,2,0.0,-1.506,3,19.27,7,0,2,0,7,1.34,0,1,0,1,0,4,1.41,5,0.38,4,7,7,5,6,1,1,4,1.311,1,1
0,0,4,7,0.0,4,3,-1.018,6,3,7,0.0,-2.185,3,0.0,6,3,6,0,3,0.61,2,3,3,0,1,0,0.659,0,-0.003,0,1,5,6,0,0,3,1,-0.563,0,0
1,0,5,6,0.0,0,2,0.348,0,0,3,0.0,-3.356,2,0.0,7,5,5,0,3,0.115,7,5,3,0,7,0,1.057,6,-2.017,6,0,5,0,7,6,1,7,0.035,3,0
5,1,6,2,0.0,4,3,-0.326,2,6,6,0.0,1.89,1,0.0,2,6,5,0,4,-1.261,7,6,6,0,6,0,1.44,3,-1.576,7,1,6,1,3,2,2,0,-0.531,0,0
1,0,2,5,0.0,7,0,-2.024,7,7,0,0.0,-3.819,0,0.0,5,4,6,0,0,-1.475,3,1,2,0,0,2,1.143,6,1.302,0,2,4,2,5,2,2,6,-1.866,2,0
5,0,0,3,0.0,2,6,0.229,2,0,7,0.0,2.336,5,0.0,5,5,0,0,3,1.578,7,4,7,0,3,7,0.655,7,-1.958,5,0,6,2,5,2,6,5,0.669,3,0
5,0,7,2,0.0,2,7,1.348,6,0,6,0.0,-1.349,6,0.0,7,4,1,0,1,2.033,7,3,2,0,2,5,1.152,3,2.097,3,2,7,1,4,1,2,3,1.332,5,0
1,6,1,0,0.0,3,4,-0.323,7,4,7,0.0,0.057,4,0.0,1,7,7,0,4,-1.845,0,0,0,0,6,4,1.016,1,-0.82,0,6,2,4,4,6,0,0,-0.779,3,0
2,2,3,3,0.0,1,3,-0.273,1,0,1,0.0,1.361,0,0.0,1,3,3,0,4,-0.146,3,3,5,0,0,4,1.364,7,2.272,1,3,2,0,2,2,1,6,0.171,1,0
0,6,0,2,0.0,3,2,-0.605,0,1,5,0.0,1.299,4,0.0,2,6,6,0,5,0.603,5,7,6,0,2,5,0.789,6,-0.617,5,2,5,3,7,2,2,2,-0.008,6,0
0,4,6,5,0.0,6,0,0.941,5,7,1,0.0,2.07,4,0.0,5,1,5,0,4,0.481,1,2,4,1,6,0,1.245,6,2.099,7,7,4,0,1,7,4,0,0.947,1,1
6,4,1,7,0.0,5,4,-0.659,5,1,5,0.0,-2.921,4,0.0,4,3,2,0,3,0.467,4,4,4,0,0,2,1.236,0,2.181,6,5,7,1,5,1,0,1,0.219,2,0
7,7,3,2,333.15,3,1,1.295,7,3,0,0.0,4.592,7,0.0,5,4,6,0,2,0.398,7,6,4,1,7,2,1.089,6,-1.387,3,4,6,3,7,4,4,4,0.818,5,1
4,7,2,5,1470.37,5,0,1.642,7,0,6,0.0,-0.997,5,0.0,3,7,3,1,1,1.757,2,3,1,1,1,2,1.115,5,0.988,5,2,3,1,3,2,6,0,0.921,3,1
1,6,4,0,0.0,2,4,0.732,6,5,6,0.0,0.427,7,0.0,2,3,2,0,1,-0.528,5,7,1,0,6,6,0.807,6,0.923,2,3,1,5,1,1,5,0,0.453,0,0
1,3,2,4,0.0,5,2,0.535,6,5,5,0.0,-0.766,6,0.0,3,5,4,0,1,0.116,6,2,2,0,7,3,1.219,2,2.057,1,3,2,3,3,7,7,4,-0.08,4,0
2,0,6,6,0.0,2,2,-0.683,5,5,4,0.0,2.849,7,0.0,5,1,0,0,2,-1.053,1,6,5,0,0,2,1.212,1,-3.34,0,3,6,5,6,0,4,6,-1.39,5,0
0,0,1,1,0.0,2,0,0.053,2,2,2,0.0,-2.145,6,0.0,5,6,0,0,1,0.386,2,0,0,0,1,3,1.056,3,2.201,2,7,1,5,5,0,7,4,-0.597,1,0
5,0,6,3,0.0,3,4,-0.692,2,0,7,0.0,0.81,1,0.0,5,2,1,0,6,-0.82,3,6,6,0,4,0,0.724,5,-2.558,7,2,1,4,4,2,5,4,-0.909,7,0
6,0,4,4,0.0,7,7,-0.698,6,1,0,0.0,-1.529,6,0.0,3,3,4,0,7,-0.07,3,5,1,0,4,6,1.255,5,-2.634,1,0,6,4,7,6,5,1,-0.716,5,0
1,2,0,7,0.0,3,5,-0.149,2,4,4,0.0,0.345,3,0.0,0,5,4,0,4,-2.39,5,2,4,0,7,7,0.679,0,-0.825,4,2,0,7,3,4,4,3,-0.262,1,0
2,3,4,5,0.0,2,6,-1.127,1,6,0,0.0,0.329,6,0.0,5,6,0,0,6,-1.078,7,0,6,0,0,6,1.154,5,-0.251,1,5,0,6,1,1,0,0,-0.774,1,0
1,2,2,0,0.0,5,4,-2.595,6,3,5,0.0,-1.534,7,0.0,6,2,5,0,6,-1.089,0,3,6,0,2,2,0.757,3,-4.987,7,3,5,4,0,2,4,4,-1.692,7,0
1,1,7,7,0.0,4,7,1.78,7,1,4,0.0,1.894,3,0.0,2,5,0,0,5,3.155,1,1,7,0,3,7,1.381,3,-0.482,3,7,0,2,0,0,2,6,1.045,3,0
4,1,6,7,0.0,1,5,-2.184,6,4,1,0.0,-3.957,6,0.0,2,1,2,0,3,-0.924,0,0,4,0,3,4,1.077,5,1.129,2,1,2,6,2,1,0,1,-0.978,3,0
0,6,0,1,0.0,3,4,0.502,1,1,4,0.0,1.022,4,0.0,7,3,0,0,3,2.272,0,0,1,0,3,6,1.174,1,0.656,7,6,0,2,0,6,4,7,0.408,1,0
7,2,7,2,0.0,7,5,0.349,7,6,2,0.0,2.197,4,0.0,1,3,2,0,3,-2.591,2,5,0,0,0,4,1.065,6,2.32,0,0,6,2,3,5,4,7,-0.213,4,0
2,6,3,6,0.0,0,5,1.916,0,6,4,0.0,1.388,1,0.0,2,4,6,0,1,2.317,7,3,3,0,4,0,1.124,4,-0.388,4,4,6,5,2,3,2,2,1.687,5,0
1,6,3,7,0.0,2,0,0.4,3,1,4,0.0,1.108,1,0.0,7,1,2,0,4,0.29,2,3,3,0,6,2,0.706,5,-1.645,7,7,6,1,4,4,7,5,0.103,0,0
1,7,6,4,0.0,0,2,-1.24,7,2,3,0.0,-2.756,5,0.0,2,4,4,0,2,-2.476,4,1,6,0,6,7,0.892,7,-2.057,7,6,0,1,7,2,3,0,-1.857,1,0
0,5,2,0,0.0,0,6,-0.469,0,0,7,0.0,0.318,0,0.0,1,4,3,0,4,0.605,0,0,3,0,5,0,0.817,6,-1.306,4,7,0,3,7,7,0,3,-0.471,7,0
1,4,7,1,0.0,3,0,0.615,7,6,1,0.0,0.972,7,0.0,1,4,6,0,0,1.228,4,0,3,0,1,1,0.646,5,-0.18,2,4,1,4,4,2,4,4,0.659,7,0
1,6,6,5,0.0,3,3,-0.572,6,6,5,0.0,-3.095,1,0.0,1,1,7,0,1,0.473,2,4,6,0,4,4,1.324,7,-1.025,0,2,1,6,1,1,7,4,-0.601,0,0
1,6,5,4,0.0,6,6,0.045,0,4,4,0.0,-0.115,4,0.0,0,6,1,0,6,-1.557,6,1,1,0,2,5,1.303,1,2.698,2,2,1,5,2,5,1,4,-0.256,4,0
0,1,1,1,0.0,4,4,-0.809,0,6,6,0.0,-0.139,6,0.0,0,1,7,0,5,-1.06,1,2,6,0,5,2,1.175,0,-2.447,3,1,6,3,3,5,0,0,-0.491,4,0
5,5,1,6,0.0,6,4,1.807,4,5,6,0.0,0.757,7,0.0,4,6,7,1,3,1.083,4,1,2,1,3,3,0.879,2,2.322,6,0,7,1,0,7,7,5,1.509,6,1
0,4,3,3,0.0,7,3,-1.054,5,2,4,0.0,-1.888,0,0.0,4,5,1,0,4,-1.118,2,1,5,0,4,5,1.221,3,0.108,6,1,6,1,1,6,7,0,-1.874,7,0
7,0,5,6,0.0,4,6,0.522,1,4,4,0.0,-2.959,3,0.0,6,4,3,0,5,0.61,0,2,2,0,6,5,1.007,2,0.848,2,0,7,0,4,7,3,1,1.294,3,0
7,4,1,1,0.0,2,4,0.532,1,5,0,0.0,2.598,3,0.0,2,0,5,0,3,0.06,2,0,7,0,6,2,0.845,0,3.02,1,2,6,5,5,5,5,2,0.708,7,0
1,3,2,7,1576.34,6,5,1.181,1,2,7,0.0,1.752,7,0.0,5,3,5,0,6,-0.603,4,4,7,1,5,2,1.368,5,0.039,1,2,3,3,0,4,0,2,0.577,6,1
4,1,6,3,0.0,2,0,0.477,0,6,1,0.0,-3.529,0,0.0,3,4,5,0,7,-2.403,2,2,5,0,6,3,0.771,1,-4.314,2,5,1,2,6,0,5,3,-0.273,4,0
2,6,6,2,0.0,5,5,0.399,4,5,4,0.0,-0.833,2,0.0,6,6,2,0,5,1.002,7,2,6,0,2,4,0.994,5,-0.549,0,0,7,4,7,1,7,0,0.797,7,0
6,6,2,6,0.0,4,6,-0.061,1,6,3,0.0,-0.184,1,0.0,4,1,7,0,5,0.006,3,2,3,0,6,4,1.089,3,0.289,2,0,1,6,6,7,1,2,0.197,7,0
3,3,4,1,0.0,5,5,-0.908,5,4,2,0.0,-1.416,7,0.0,1,0,6,0,1,-1.573,5,0,1,0,5,7,1.618,0,-0.581,7,7,7,1,7,5,4,7,-0.461,1,0
1,4,2,4,1376.88,2,2,2.487,2,3,4,0.0,1.612,5,0.0,5,5,5,1,6,2.644,0,6,2,1,7,4,1.049,5,0.441,7,6,6,2,1,3,3,5,1.905,6,1
0,4,3,5,0.0,2,7,-2.165,0,0,4,0.0,-0.359,6,0.0,5,7,2,0,1,-0.135,6,3,0,0,2,2,1.167,6,-0.558,5,3,6,5,1,4,7,5,-1.381,7,0
5,7,3,2,0.0,6,6,-0.595,5,0,7,0.0,-2.437,3,0.0,5,6,7,0,6,-1.69,0,5,4,0,4,7,0.669,0,-0.199,4,1,3,4,7,3,5,3,-0.487,7,0
2,2,4,3,0.0,1,4,0.118,0,2,5,0.0,3.089,6,0.0,6,4,2,0,1,0.564,1,6,6,0,3,1,0.888,0,-2.941,3,1,7,6,3,0,2,6,-0.663,4,0
0,1,6,4,0.0,3,0,-1.331,5,1,7,0.0,-0.617,7,0.0,5,3,6,0,6,-2.305,4,6,0,0,0,0,0.811,5,-1.367,2,1,2,5,5,5,6,7,-0.604,4,0
7,7,5,2,0.0,5,2,-0.593,5,7,1,0.0,-4.085,5,0.0,5,0,3,0,2,-0.521,7,2,6,0,5,5,1.054,1,-1.08,4,3,5,4,1,3,2,2,-0.635,5,0
1,2,6,6,907.66,3,5,1.342,0,5,3,0.0,2.342,1,0.0,7,2,7,1,2,0.334,7,2,6,1,4,6,1.322,7,0.164,3,3,3,4,6,4,0,0,0.964,3,1
6,6,2,2,932.63,1,5,2.53,5,1,6,0.0,0.353,2,0.0,5,2,0,0,3,1.942,5,4,5,1,3,4,1.076,3,1.827,2,3,7,7,3,3,6,3,2.37,7,1
6,4,3,5,0.0,2,4,-2.002,2,0,4,0.0,-4.15,2,0.0,6,5,7,0,2,-2.687,6,0,5,0,4,2,0.843,4,-0.375,2,0,6,6,7,4,7,3,-1.964,0,0
2,2,6,3,0.0,6,3,-0.107,2,0,7,0.0,-4.05,7,0.0,7,4,1,0,4,-1.163,4,2,1,0,7,7,0.984,5,0.163,6,4,3,7,7,5,3,3,0.012,3,0
7,4,0,4,0.0,2,7,0.949,0,2,7,0.0,2.74,6,0.0,0,5,7,0,3,-0.326,2,1,5,0,6,2,1.01,4,-0.154,4,5,7,5,2,7,3,1,-0.186,3,0
1,7,5,2,0.0,5,2,1.861,7,1,6,0.0,1.74,7,0.0,5,1,3,0,7,2.202,0,3,5,1,7,7,1.084,2,3.921,2,4,1,3,2,0,2,4,1.088,2,1
0,3,3,2,0.0,5,2,0.935,6,7,6,0.0,-2.383,4,0.0,2,5,1,0,3,1.217,5,1,1,0,5,0,0.765,7,-0.988,4,6,3,4,5,3,5,7,0.739,3,0
3,6,5,6,1985.95,2,2,0.747,0,7,7,0.0,-1.297,3,0.0,3,2,0,0,7,1.808,1,7,4,1,6,0,1.218,0,-1.774,4,6,2,2,7,3,3,1,0.282,4,1
7,1,0,6,1902.81,4,2,1.234,2,7,3,0.0,2.988,1,0.0,4,3,1,1,2,1.2,2,3,3,1,3,3,1.091,4,2.013,4,7,7,2,5,1,7,5,1.518,6,1
1,7,5,4,1299.53,5,2,1.233,4,5,1,0.0,2.029,2,0.0,5,2,6,1,6,1.987,5,5,2,1,3,2,1.437,2,2.223,6,3,2,1,4,7,2,2,1.609,2,1
0,6,6,6,0.0,0,2,0.134,2,1,7,0.0,-2.653,5,0.0,3,0,5,0,0,-0.41,2,0,5,0,5,6,1.102,2,-1.766,4,6,4,1,3,7,1,4,0.131,7,0
4,3,6,6,0.0,1,1,-0.427,5,7,5,0.0,-0.696,6,0.0,5,2,5,0,4,-1.38,1,2,1,0,3,3,1.264,2,-1.722,5,7,7,0,7,2,1,6,-0.806,3,0
0,5,5,6,0.0,5,5,0.064,1,0,3,0.0,-4.598,2,0.0,3,6,5,0,4,-1.583,4,1,5,0,7,3,0.875,4,-1.172,5,7,2,6,4,6,0,1,-0.875,1,0
1,1,2,5,0.0,3,1,-1.173,4,0,1,0.0,-0.343,3,0.0,6,6,3,0,4,0.392,6,3,0,0,5,1,0.833,0,-0.418,7,1,2,1,6,5,5,1,-1.2,3,0
7,0,0,5,0.0,3,5,-0.176,2,2,0,0.0,-1.038,1,0.0,3,4,3,0,4,-1.342,1,7,0,0,1,1,1.143,4,-0.816,7,7,5,3,6,1,0,4,-0.592,0,0
5,1,3,6,0.0,4,3,-1.34,6,6,6,0.0,3.627,4,0.0,3,4,7,0,2,-1.302,2,1,1,0,3,1,1.202,6,-3.083,4,6,3,0,1,1,6,2,-0.749,7,0
6,6,4,3,0.0,5,0,-0.235,7,2,7,0.0,0.753,6,0.0,0,3,6,0,1,0.286,4,0,7,0,7,2,1.128,1,-0.977,2,0,2,1,6,4,3,6,0.372,3,0
7,0,1,7,0.0,4,0,-1.451,7,1,1,0.0,-1.494,3,0.0,7,7,3,0,3,-1.482,7,1,4,0,0,0,1.17,4,-1.69,3,5,2,3,4,0,6,2,-1.465,0,0
7,3,4,4,0.0,3,7,0.499,5,7,6,0.0,-1.221,1,0.0,0,3,5,0,7,-0.477,2,4,3,0,7,1,1.026,0,-2.327,4,0,5,5,1,7,2,6,0.622,3,0
5,6,5,4,0.0,3,1,0.398,0,6,4,0.0,1.507,3,0.0,6,1,2,0,4,1.406,2,2,0,0,1,0,0.722,1,2.238,7,1,7,2,4,1,7,7,0.797,4,0
1,2,1,2,0.0,3,3,-0.332,3,1,4,0.0,-3.265,1,0.0,7,3,6,0,4,0.651,5,2,4,0,2,4,1.202,5,-0.007,5,1,5,7,1,3,0,0,0.007,5,0
7,3,7,7,0.0,5,5,-0.834,2,5,3,0.0,-3.904,1,0.0,0,4,3,0,1,0.567,4,1,2,0,0,0,0.946,2,-1.411,3,5,3,4,7,3,2,4,-0.943,7,0
2,4,5,0,0.0,7,1,0.656,4,3,5,0.0,2.309,3,0.0,3,3,5,0,4,-0.416,7,7,1,1,7,4,1.07,0,1.929,0,3,1,1,0,2,1,0,0.163,7,1
1,3,5,6,1538.62,4,7,1.663,2,7,2,0.0,0.903,6,17.09,7,1,2,0,6,3.066,4,6,7,1,6,5,0.826,3,0.363,6,0,1,4,5,0,2,6,1.318,2,1
4,6,6,5,0.0,0,5,-0.287,4,3,1,0.0,2.172,3,0.0,6,6,0,0,4,-1.298,0,5,7,0,2,4,1.182,6,-2.901,1,0,3,6,1,4,3,2,-1.735,2,0
3,7,4,1,1676.7,6,6,3.403,0,2,7,0.0,5.953,0,0.0,5,3,5,1,7,1.207,2,4,6,1,0,4,1.26,0,0.35,2,6,2,4,6,1,5,6,2.686,2,1
0,0,4,1,1566.36,0,4,1.299,0,0,6,0.0,2.673,3,16.96,1,4,1,1,0,3.841,4,3,7,1,1,5,1.471,5,3.74,6,2,0,1,6,7,2,1,2.079,1,1
7,7,2,4,604.84,0,6,-0.15,0,0,7,607.68,-0.286,6,0.0,0,1,4,1,4,1.262,7,7,7,0,5,5,1.208,1,1.467,5,5,1,6,6,1,4,1,0.505,2,1
4,4,3,5,0.0,6,7,-1.923,3,6,7,0.0,-0.07,3,0.0,4,0,1,0,7,-1.903,1,6,1,0,0,2,1.232,0,0.487,3,0,1,1,3,5,7,7,-0.843,1,0
3,0,1,5,0.0,3,7,-2.256,1,6,0,0.0,-1.356,5,0.0,6,1,2,0,3,0.18,5,6,5,0,3,6,1.048,3,-1.572,7,4,2,3,7,2,2,4,-0.711,1,0
0,7,6,7,0.0,7,1,1.245,5,1,3,0.0,0.885,3,0.0,1,3,3,0,4,1.395,4,1,5,0,6,1,1.083,2,2.209,6,6,7,7,1,2,1,5,0.622,5,0
7,7,0,2,917.98,6,1,2.235,3,5,2,123.53,2.772,4,2.49,2,4,1,0,0,0.406,1,3,5,1,3,7,0.94,7,1.246,2,0,6,5,7,0,6,4,1.221,0,1
4,4,3,4,0.0,2,5,-0.765,2,5,5,0.0,-3.783,7,0.0,5,3,7,0,6,0.475,6,7,0,0,5,7,1.292,5,-1.069,1,3,5,3,2,4,1,3,-0.306,3,0
6,1,5,3,0.0,3,4,-0.462,2,0,1,0.0,0.035,4,0.0,5,0,0,0,4,0.589,0,7,6,0,7,2,1.114,1,0.263,2,1,3,1,0,5,5,1,0.406,6,0
7,1,4,2,0.0,2,2,-0.583,2,0,4,0.0,-1.54,4,0.0,0,7,6,0,0,-2.933,2,0,4,0,3,0,0.827,7,-1.485,6,7,0,4,4,4,4,1,-0.643,4,0
2,2,0,2,0.0,7,5,-0.816,5,6,2,0.0,-1.128,7,0.0,2,2,2,0,7,0.259,1,1,4,0,4,7,0.792,7,-6.293,3,3,2,1,0,2,2,0,-1.575,5,0
5,5,7,0,630.12,2,6,-0.579,2,2,2,0.0,6.401,2,7.31,6,1,0,1,5,0.182,4,1,1,0,6,4,1.009,3,0.273,7,2,0,6,1,7,4,3,0.233,3,1
0,1,4,5,0.0,6,0,-0.638,1,1,4,0.0,-2.438,6,0.0,5,7,1,0,3,-1.402,6,2,6,0,5,3,0.827,2,1.64,1,7,5,2,5,1,5,6,-0.693,5,0
3,0,0,7,0.0,0,3,0.549,1,1,5,0.0,-0.385,7,0.0,1,5,0,0,0,1.296,7,6,3,0,7,1,0.761,7,1.963,3,0,1,1,5,0,7,3,0.789,4,0
1,2,7,4,0.0,2,6,-1.99,4,1,3,0.0,-3.29,4,0.0,3,6,1,0,2,-2.019,1,5,7,0,4,3,1.297,7,0.461,1,2,0,1,5,5,6,5,-1.483,7,0
5,6,0,2,1071.51,6,4,1.91,2,5,1,0.0,4.8,5,5.68,0,7,5,1,6,2.241,0,0,6,1,7,2,1.018,0,1.31,6,7,2,5,3,7,4,7,2.018,3,1
4,7,3,7,0.0,3,7,-0.707,1,7,0,0.0,0.861,6,0.0,3,7,7,0,2,0.024,6,3,4,0,0,2,0.694,7,-0.968,5,1,7,6,3,7,3,6,-1.142,0,0
5,3,2,7,0.0,2,2,-1.99,3,3,3,0.0,-1.64,0,0.0,3,4,1,0,4,-3.47,4,5,7,0,1,0,1.011,4,-1.296,2,5,6,1,4,5,1,4,-2.064,6,0
1,7,6,7,0.0,3,1,-0.414,4,2,0,0.0,-1.63,5,0.0,2,7,3,0,7,0.45,7,4,3,0,2,7,1.241,1,2.276,3,5,1,0,1,3,1,6,0.378,5,0
0,5,4,6,0.0,3,3,0.582,0,0,4,0.0,4.264,1,0.0,2,6,2,0,6,0.104,1,0,3,0,7,0,0.925,5,0.989,6,7,0,7,1,0,3,1,0.353,4,0
6,2,2,1,0.0,5,3,-0.037,6,0,0,0.0,-1.05,3,0.0,5,6,1,0,1,-0.938,2,7,2,0,4,5,0.99,5,-1.825,6,6,7,2,7,3,5,2,-0.902,6,0
3,5,4,3,1286.93,0,7,1.376,7,2,2,0.0,2.902,5,0.0,4,3,3,1,7,2.433,3,7,5,1,4,6,1.4,2,1.701,2,2,5,7,0,3,0,7,1.206,4,1
5,7,1,0,0.0,3,1,0.907,3,5,5,0.0,3.48,0,0.0,0,6,3,0,1,1.693,7,4,6,0,0,5,0.926,7,3.387,3,3,1,1,0,1,2,3,0.661,6,0
7,5,6,2,1814.88,1,3,2.362,0,7,1,0.0,3.056,5,0.0,0,5,5,1,0,1.42,6,6,6,1,3,0,0.985,5,1.753,7,5,3,7,3,5,4,3,1.768,6,1
1,4,4,0,0.0,7,6,0.429,2,1,3,0.0,4.638,1,0.0,4,0,4,0,1,-0.053,5,2,5,0,7,4,0.925,5,-1.193,2,3,3,6,6,4,7,7,-0.311,4,0
6,7,3,1,0.0,2,7,-0.826,4,0,2,0.0,-4.41,5,0.0,7,5,3,0,6,-1.816,1,6,1,0,1,7,1.187,7,-3.103,4,7,1,4,3,7,0,2,-1.721,2,0
3,5,7,2,0.0,0,4,0.965,1,0,3,0.0,2.64,5,0.0,5,2,4,1,4,1.18,6,3,6,1,6,5,0.971,5,0.145,5,6,5,6,0,4,7,5,1.31,2,1
5,0,5,3,1657.13,7,2,0.903,4,0,4,0.0,-3.636,4,3.68,1,6,4,0,0,2.57,5,6,7,1,6,0,1.426,2,-0.725,5,3,4,3,0,5,7,6,0.546,3,1
3,3,4,1,0.0,1,6,-0.377,5,5,5,0.0,-0.646,0,0.0,1,1,7,0,6,-0.032,3,2,0,0,7,7,0.749,0,-1.861,6,0,6,3,3,7,4,3,0.785,7,0
5,1,3,3,0.0,1,5,-0.874,3,2,1,0.0,3.393,6,0.0,2,1,1,0,1,-1.415,1,0,2,0,7,4,0.784,3,-1.283,7,4,6,6,1,3,3,5,-0.588,4,0
3,5,3,2,0.0,1,1,-0.957,4,2,6,0.0,-4.157,3,0.0,6,4,3,0,1,-1.99,2,4,3,0,6,1,0.588,0,-1.846,3,2,0,2,3,4,7,0,-1.469,1,0
1,5,2,7,0.0,5,6,-1.71,3,4,3,0.0,-6.291,1,0.0,3,4,5,0,4,-2.612,1,7,5,0,6,0,1.007,2,-3.253,1,1,1,4,6,2,2,2,-2.555,2,0
7,4,5,7,0.0,6,2,-0.163,3,3,4,0.0,3.041,6,0.0,4,5,2,0,3,1.241,3,7,6,0,1,1,0.859,3,0.184,1,2,3,3,3,6,4,5,-0.385,5,0
4,6,2,0,0.0,2,7,-0.169,6,7,4,0.0,0.778,0,0.0,4,7,1,0,1,-0.689,5,1,7,0,5,7,1.306,7,0.903,6,5,3,5,7,4,3,1,-0.213,5,0
5,0,7,3,0.0,6,3,-0.622,6,2,0,0.0,-4.102,1,0.0,0,3,6,0,7,-0.081,4,4,6,0,7,5,1.024,4,-1.973,0,5,7,2,6,7,4,1,-0.969,3,0
7,4,0,3,0.0,4,3,-0.462,2,3,7,0.0,-2.854,0,0.0,7,0,5,0,5,-0.979,3,2,5,0,4,6,0.668,0,2.011,5,4,0,7,5,4,2,1,-1.33,0,0
0,3,4,1,0.0,2,1,0.267,6,7,3,0.0,0.43,4,0.0,0,0,7,0,2,-0.727,5,2,2,0,6,0,0.823,7,1.979,3,0,0,6,6,0,4,6,0.206,6,0
4,4,5,5,0.0,1,7,-0.896,5,4,2,0.0,0.33,2,0.0,3,7,6,0,6,-0.245,6,3,6,0,4,3,0.972,7,-1.046,7,2,5,0,2,1,5,7,-0.289,7,0
3,2,6,7,957.17,3,0,2.597,7,2,4,0.0,1.321,4,0.0,2,3,2,0,4,3.219,7,2,7,1,0,7,1.35,7,0.647,5,4,4,3,7,4,1,0,1.54,1,1
0,2,3,4,0.0,0,0,-0.093,5,1,5,0.0,2.269,1,0.0,7,7,1,0,3,-3.128,1,1,6,0,5,4,1.551,5,-2.576,7,7,3,7,1,5,6,0,-0.736,6,0
3,4,0,6,0.0,4,4,-0.096,5,3,7,0.0,-4.671,7,0.0,3,0,6,0,1,1.045,0,1,6,0,1,2,0.92,0,2.114,7,2,2,1,7,3,2,2,0.205,2,0
6,7,6,7,0.0,0,6,-0.52,0,7,5,0.0,-1.76,4,0.0,0,1,2,0,7,1.757,7,5,5,0,3,5,1.144,3,2.432,4,1,5,7,6,7,7,4,0.254,3,0
3,3,3,0,0.0,1,3,-1.002,1,3,2,0.0,-1.008,5,0.0,3,6,1,0,5,-1.046,7,0,0,0,6,1,0.907,0,-0.792,3,3,2,2,7,3,6,1,-0.556,6,0
5,3,7,0,0.0,1,3,0.89,4,2,3,0.0,1.598,2,0.0,3,1,0,0,0,0.44,7,0,5,0,0,6,1.349,0,-0.746,6,1,7,7,7,7,0,2,-0.156,7,0
1,7,2,1,0.0,7,3,-1.307,1,5,1,0.0,-0.85,3,0.0,5,1,7,0,6,-2.021,6,2,4,0,6,2,0.964,2,-2.107,0,3,0,7,3,0,1,1,-0.894,6,0
0,3,2,6,0.0,6,7,-0.755,0,0,2,0.0,-2.922,7,0.0,6,2,6,0,1,0.911,1,1,2,0,2,0,0.643,7,-1.051,7,7,1,2,6,1,6,3,-0.64,7,0
7,6,0,0,1108.65,6,1,2.046,1,2,5,0.0,-0.342,1,0.0,7,5,0,1,2,2.465,6,7,5,1,5,1,1.172,7,2.719,1,1,4,6,4,6,6,3,2.176,5,1
5,5,3,3,0.0,7,5,-0.5,2,2,4,0.0,-0.493,2,0.0,0,2,1,0,0,-0.0,2,3,7,0,3,0,1.497,0,-1.014,6,7,0,5,1,6,1,3,0.632,2,0
5,4,1,3,0.0,1,7,-1.522,6,5,5,0.0,-0.626,5,0.0,7,7,6,0,0,-1.282,7,2,0,0,2,3,0.859,2,1.424,4,3,6,6,6,2,7,1,-1.341,2,0
2,3,3,4,1537.38,2,0,1.742,7,3,5,0.0,2.393,5,8.87,7,2,0,0,4,1.943,0,2,0,1,4,1,0.868,5,4.044,2,0,4,5,6,3,5,7,1.098,5,1
4,0,0,5,0.0,5,7,-1.798,6,6,5,0.0,-0.696,3,0.0,0,2,7,0,3,-2.882,3,5,6,0,2,3,1.055,3,-5.145,4,1,6,0,7,2,6,2,-1.884,4,0
5,7,3,6,0.0,2,4,-2.327,5,3,3,0.0,0.367,6,0.0,3,0,7,0,1,-3.915,3,4,1,0,1,4,1.406,3,-0.908,7,6,3,1,5,3,4,5,-1.415,3,0
6,0,3,3,0.0,3,2,0.093,6,2,4,0.0,0.158,4,0.0,3,4,2,0,6,-0.355,0,2,4,0,4,7,1.17,5,-1.25,4,4,4,4,1,5,4,3,-1.033,7,0
0,6,7,1,568.5,6,7,0.881,2,6,2,0.0,0.081,1,0.0,2,5,0,0,7,0.525,4,1,1,1,4,1,1.481,0,2.171,3,0,4,6,6,3,0,6,1.473,5,1
5,2,2,4,0.0,6,7,0.368,4,6,7,0.0,-1.306,2,0.0,2,5,7,0,7,0.48,7,4,5,1,3,2,1.485,5,-0.173,2,7,2,4,4,7,5,1,0.4,6,1
6,4,6,1,0.0,3,3,-0.473,0,6,1,0.0,0.203,4,0.0,4,5,5,0,7,0.98,3,6,2,0,5,7,1.008,7,1.802,4,0,5,4,4,5,0,7,0.508,7,0
2,3,5,3,0.0,2,1,0.508,1,5,1,0.0,-2.288,2,0.0,6,4,4,0,7,2.359,6,6,7,0,0,4,1.05,6,1.484,1,1,7,4,6,1,2,2,-0.014,1,0
7,4,7,0,2068.75,3,1,0.597,2,0,2,0.0,-2.451,6,18.07,4,6,7,0,1,-0.86,2,2,7,1,7,6,1.214,3,0.003,3,0,7,2,3,0,6,2,0.571,6,1
5,5,0,6,0.0,3,6,-0.838,1,6,4,0.0,-2.712,0,0.0,4,5,5,0,2,-1.493,1,1,1,0,4,6,1.47,6,-0.239,4,1,4,2,1,2,3,6,-0.799,1,0
0,0,5,6,0.0,6,7,-1.065,7,6,4,0.0,-3.596,4,0.0,4,6,7,0,2,-1.619,4,0,0,0,7,0,0.851,1,-0.225,5,5,6,0,0,4,2,6,-1.074,6,0
1,4,1,0,0.0,5,7,-1.08,5,0,0,0.0,0.689,2,0.0,1,3,5,0,4,-0.148,2,6,2,0,6,3,1.106,7,-0.059,7,5,0,2,3,6,2,2,-1.13,5,0
3,0,3,2,0.0,0,2,0.056,6,0,6,0.0,-3.433,2,0.0,3,4,3,0,3,-2.215,3,0,2,0,1,7,0.904,4,-2.576,3,1,5,6,4,2,1,3,-0.126,5,0
2,2,3,1,446.8,4,1,0.941,5,6,2,0.0,1.151,4,13.15,7,4,0,0,5,1.576,5,7,1,1,7,7,1.088,7,1.954,4,1,3,0,7,4,6,2,1.251,4,1
4,5,0,6,0.0,4,7,1.418,0,6,3,0.0,0.828,4,0.0,0,4,7,0,2,0.622,5,5,0,0,2,4,1.029,7,1.156,7,3,2,4,5,0,7,1,1.727,6,0
6,1,5,3,455.19,2,4,1.301,6,1,4,0.0,0.069,7,0.0,0,0,5,1,3,-0.348,2,0,0,0,0,7,1.123,6,1.273,5,0,3,1,4,7,7,0,1.43,2,1
4,4,3,0,0.0,0,5,0.247,3,7,4,0.0,1.26,3,0.0,0,3,3,0,4,-1.669,1,3,2,0,2,4,0.873,0,0.314,5,3,5,4,0,4,7,6,0.318,5,0
6,0,6,7,0.0,6,0,0.487,6,0,0,0.0,2.252,5,0.0,4,3,3,0,7,0.874,7,0,6,0,4,5,0.982,7,1.555,1,3,1,5,4,3,7,5,0.642,7,0
3,2,0,2,0.0,5,7,-1.584,3,4,7,0.0,-0.374,2,0.0,3,6,6,0,5,-0.87,5,2,5,0,4,6,1.044,7,-4.098,3,1,7,6,6,7,5,5,-1.738,6,0
1,2,7,5,0.0,6,2,-1.202,5,4,7,0.0,-1.537,6,0.0,2,6,3,0,2,-1.788,7,5,4,0,1,0,1.006,4,-1.256,1,0,4,1,6,2,4,4,-1.122,0,0
1,0,0,4,0.0,6,4,-0.618,1,1,7,0.0,-3.631,6,0.0,4,7,0,0,7,0.694,4,0,5,0,0,3,0.781,2,-0.062,5,5,6,1,0,5,6,4,0.598,0,0
0,2,3,7,2040.44,4,0,-0.082,7,5,2,0.0,-2.402,5,0.0,0,2,0,1,3,-0.384,0,1,1,0,5,4,1.075,6,1.6,6,0,7,1,4,6,7,7,0.964,2,1
1,1,1,0,830.51,3,1,0.925,2,4,1,0.0,0.526,6,0.0,6,7,2,1,2,2.383,1,1,4,1,5,0,1.176,7,4.919,6,7,5,7,6,0,4,2,1.373,4,1
3,7,1,7,0.0,4,2,-0.093,4,7,5,0.0,-3.398,3,0.0,4,4,0,0,3,-2.289,6,1,7,0,7,3,1.201,1,-0.407,6,0,5,0,1,6,7,4,0.034,5,0
3,4,1,7,0.0,3,4,-0.377,4,5,1,0.0,1.503,1,0.0,7,3,1,0,5,-1.96,5,2,5,0,4,7,1.035,7,-0.636,3,1,7,5,3,0,4,0,-0.786,6,0
2,1,0,4,0.0,3,5,-1.648,6,0,7,0.0,-2.288,3,0.0,1,4,3,0,7,0.422,4,3,6,0,6,5,0.893,3,-2.567,2,3,5,3,4,6,4,1,-0.436,5,0
7,4,0,5,0.0,1,5,0.852,2,6,5,0.0,0.429,3,0.0,1,5,1,0,3,-1.205,0,2,6,0,5,2,1.067,0,2.57,4,6,5,1,4,3,0,3,0.541,7,0
0,0,4,6,0.0,6,4,0.773,1,7,2,0.0,-1.276,4,0.0,2,0,5,0,7,0.752,0,1,6,0,3,5,0.997,2,-1.315,5,5,0,1,3,1,1,0,0.397,1,0
1,4,0,2,0.0,5,2,-0.5,0,6,4,0.0,-0.507,3,0.0,3,0,7,0,3,2.041,4,7,0,0,0,3,1.027,5,-1.47,1,3,5,3,7,0,2,0,-0.09,3,0
7,2,5,5,0.0,4,0,-2.249,1,0,2,0.0,-0.259,7,0.0,3,4,4,0,5,-3.164,4,0,2,0,4,7,0.733,4,-0.487,3,5,2,7,1,0,4,2,-1.913,6,0
2,2,0,3,0.0,0,5,0.293,5,2,4,0.0,-2.418,0,0.0,5,0,3,0,0,0.892,1,1,7,0,2,3,0.986,2,-0.187,7,4,7,1,4,7,2,2,-0.351,2,0
5,5,3,0,0.0,3,3,-0.961,2,2,1,0.0,-2.695,5,0.0,6,0,4,0,4,-3.392,5,6,2,0,6,5,0.921,1,0.892,3,2,2,6,6,7,4,7,-1.32,0,0
5,0,3,7,0.0,6,4,0.914,1,3,7,0.0,0.51,5,0.0,0,4,4,0,3,-0.435,1,4,0,0,2,1,0.706,3,0.153,1,2,4,5,1,1,6,6,0.491,1,0
0,1,4,3,0.0,5,6,-0.258,5,7,1,0.0,4.932,0,0.0,2,6,7,0,7,0.952,7,5,7,0,5,7,1.334,3,-0.111,4,1,4,1,7,0,3,1,-0.172,1,0
5,1,4,5,0.0,3,1,-1.133,5,0,3,0.0,1.44,4,0.0,1,6,2,0,7,-1.538,7,3,7,0,2,2,0.87,4,-2.65,2,2,5,5,0,2,1,6,-1.138,5,0
5,2,0,5,0.0,7,5,-0.166,7,7,6,0.0,-2.154,5,0.0,4,1,4,0,4,1.592,4,2,3,0,6,5,1.165,4,1.652,3,4,1,5,6,3,1,3,0.096,5,0
4,5,0,5,0.0,6,1,-1.223,7,5,1,0.0,-0.417,0,0.0,1,1,2,0,2,-0.331,0,3,2,0,3,3,1.221,7,-1.769,1,1,4,4,4,7,7,2,-0.861,2,0
1,2,5,5,2085.9,2,3,0.227,0,7,4,0.0,2.161,5,0.0,0,7,5,0,3,1.147,1,3,3,1,5,1,0.888,2,2.928,4,3,0,2,0,4,1,7,0.473,2,1
1,3,2,4,0.0,3,1,-0.245,4,1,1,0.0,-4.218,3,0.0,6,3,6,0,1,-0.942,5,2,5,0,6,3,0.972,1,0.046,3,0,1,4,7,2,7,4,0.12,0,0
5,0,4,3,0.0,0,1,0.406,4,3,0,0.0,2.406,1,0.0,1,7,3,0,7,-0.313,0,5,3,0,7,4,0.822,1,-1.491,1,5,5,6,2,0,4,3,0.154,1,0
1,7,4,2,0.0,7,1,-0.889,4,3,3,0.0,3.17,6,0.0,4,5,3,0,1,-0.531,1,2,4,0,4,1,0.914,7,-0.101,4,7,6,4,0,0,1,1,-0.487,5,0
7,6,7,5,0.0,3,5,-0.593,3,3,1,0.0,-1.586,6,0.0,0,1,6,0,0,-0.058,3,5,6,0,1,1,0.868,4,0.709,0,6,2,0,3,2,2,3,-0.621,2,0
5,2,4,2,0.0,5,7,-0.999,4,3,1,0.0,1.721,1,0.0,6,5,5,0,6,1.126,4,5,2,0,2,3,1.085,4,-2.904,5,6,0,5,3,7,7,6,-0.831,4,0
1,2,2,1,0.0,0,3,0.007,4,3,2,0.0,1.599,4,0.0,2,3,1,0,1,-0.064,1,7,1,0,4,0,0.679,6,-1.399,4,2,2,6,3,7,5,0,0.294,4,0
0,6,4,4,0.0,2,5,1.313,4,4,7,0.0,-0.197,4,0.0,1,6,7,0,0,1.484,2,1,1,0,4,6,0.898,1,3.532,5,4,7,7,7,4,2,5,0.847,6,0
5,4,3,6,0.0,2,0,0.198,5,3,2,0.0,1.956,3,0.0,6,6,0,0,6,-0.909,5,2,3,0,5,7,1.241,2,-0.641,4,3,4,6,5,2,6,5,0.244,3,0
6,5,3,6,879.02,6,7,0.709,3,0,6,0.0,0.282,4,16.96,2,3,3,1,6,-0.94,7,2,0,1,5,0,0.975,2,2.363,0,2,7,1,2,5,0,7,0.659,4,1
2,1,2,6,0.0,0,7,0.334,4,4,5,0.0,0.317,1,0.0,0,2,5,0,2,-0.112,4,6,2,0,1,7,1.183,3,-1.092,2,6,6,5,2,6,3,3,-0.927,4,0
5,4,7,4,0.0,3,2,-2.005,4,7,2,0.0,1.153,6,0.0,4,4,7,0,2,-2.588,0,3,6,0,4,4,1.05,1,1.148,3,2,5,2,4,0,4,6,-1.411,2,0
1,0,1,4,2034.86,4,1,2.108,6,7,2,633.42,-2.105,1,0.0,1,4,5,1,1,2.074,1,6,7,1,5,2,1.282,5,0.147,5,1,6,2,5,1,1,6,1.823,0,1
5,2,2,5,0.0,4,5,-1.457,5,7,0,0.0,-1.699,2,0.0,3,0,7,0,3,-2.918,4,5,5,0,1,3,1.056,4,-2.1,3,7,7,2,6,1,0,2,-1.899,0,0
0,2,2,1,0.0,3,1,0.496,7,5,5,0.0,-2.128,0,0.0,0,7,1,0,5,2.351,2,6,1,0,1,3,1.076,6,2.18,6,0,1,4,3,4,1,6,0.055,4,0
0,2,7,0,0.0,6,0,0.203,4,2,3,0.0,-2.178,3,0.0,1,4,5,0,2,0.484,7,2,4,0,5,1,0.919,1,2.061,2,6,2,2,1,3,0,0,-0.103,0,0
7,5,4,2,0.0,5,5,-0.212,1,3,7,0.0,0.426,3,0.0,6,5,1,0,0,-0.907,0,4,4,0,0,6,0.926,5,-2.399,0,4,0,4,1,1,1,0,-0.542,4,0
7,5,1,6,0.0,0,0,-0.794,4,7,2,0.0,-1.547,2,0.0,4,2,6,0,0,-3.659,0,3,6,0,3,1,0.547,5,-0.312,7,3,1,3,5,4,0,1,-1.566,5,0
6,6,2,7,1856.24,6,1,0.864,7,5,7,0.0,2.055,3,0.0,0,5,1,1,3,3.222,1,7,2,1,0,5,1.241,2,0.968,2,7,6,6,6,2,6,0,1.471,3,1
6,2,5,0,0.0,3,0,-0.563,7,0,6,0.0,-3.456,5,0.0,7,4,2,0,4,0.15,7,0,0,0,7,5,0.597,3,0.084,5,3,3,5,1,6,6,2,-0.671,2,0
3,0,4,4,0.0,3,5,-1.911,2,3,4,0.0,0.274,4,0.0,2,7,0,0,2,-1.83,4,7,5,0,6,3,1.046,3,-3.251,4,0,5,0,7,3,5,2,-2.236,5,0
6,2,3,2,0.0,6,1,-1.437,7,1,1,0.0,4.151,3,0.0,3,5,5,0,5,0.009,6,6,5,0,4,1,1.069,3,-2.007,3,4,0,3,4,0,3,2,-1.741,0,0
2,4,7,6,0.0,3,5,-0.889,3,3,2,0.0,-1.664,3,0.0,5,4,0,0,6,-0.753,4,3,2,0,6,7,0.94,7,-1.595,5,0,6,5,6,1,5,3,-0.769,6,0
0,6,1,5,0.0,7,0,-1.584,2,2,2,0.0,-3.628,5,0.0,3,1,6,0,1,-0.69,2,2,1,0,6,4,0.794,4,0.61,3,6,1,7,3,6,4,3,-0.951,6,0
2,7,1,2,1662.74,3,5,1.585,5,7,0,0.0,0.711,5,0.0,0,2,3,1,5,1.01,2,2,3,1,4,4,1.716,3,1.767,7,4,6,4,7,3,0,2,1.669,0,1
0,5,2,0,0.0,4,2,-1.296,4,0,3,0.0,-0.895,3,0.0,1,3,0,0,3,-0.902,2,3,6,0,7,7,1.165,1,-1.667,1,4,5,7,2,5,2,0,-0.301,4,0
4,2,0,6,0.0,6,4,1.43,2,5,7,0.0,5.368,0,0.0,0,0,0,0,2,-0.015,3,4,0,1,4,6,1.174,0,1.713,4,3,7,5,0,5,3,6,1.327,2,1
7,5,0,5,0.0,7,1,-1.013,7,6,0,0.0,2.114,2,0.0,7,6,6,0,5,-2.342,3,7,3,0,7,7,0.953,6,-2.296,4,0,5,2,6,1,0,7,-0.87,5,0
7,5,0,1,0.0,5,4,0.122,6,5,0,0.0,-3.366,3,0.0,2,4,0,0,0,0.453,2,1,7,0,7,3,1.075,0,-0.152,3,1,7,4,0,0,1,4,-0.53,1,0
3,3,6,2,0.0,4,2,-1.123,1,4,0,0.0,-3.742,0,0.0,5,1,4,0,3,-0.476,5,7,2,0,5,7,1.285,7,1.022,1,2,3,6,4,4,0,4,-0.957,2,0
4,2,3,3,0.0,5,4,-1.91,2,5,0,0.0,0.336,4,0.0,0,3,5,0,0,-2.272,7,0,0,0,5,2,0.983,2,-3.368,4,4,0,1,2,6,0,1,-1.81,6,0
5,7,6,4,0.0,0,6,0.474,6,0,7,0.0,-1.335,5,0.0,0,3,1,0,2,0.691,3,0,5,0,5,3,1.257,7,-0.165,7,6,1,2,0,1,0,6,0.449,0,0
7,0,0,0,0.0,7,3,-1.605,3,0,5,0.0,-1.05,1,0.0,3,7,4,0,7,-2.458,7,7,2,0,6,0,0.694,3,-0.663,7,4,3,3,7,4,4,4,-0.725,1,0
3,0,3,1,0.0,4,1,-1.477,3,5,4,0.0,-3.609,4,0.0,0,7,1,0,6,-2.826,1,6,3,0,3,7,1.171,7,1.156,3,6,1,7,4,4,2,7,-1.812,6,0
0,4,1,4,0.0,1,5,-1.951,1,2,1,0.0,-5.669,4,0.0,6,0,3,0,6,-0.546,3,6,4,0,2,2,1.142,7,1.021,1,4,4,4,6,0,3,4,-1.349,3,0
3,5,1,4,0.0,6,7,0.074,5,7,2,0.0,0.68,6,0.0,1,4,4,0,3,-1.247,5,4,7,0,7,6,1.448,2,1.534,7,5,1,6,5,6,0,7,0.285,7,0
2,4,6,3,2090.78,1,2,-0.35,6,3,2,0.0,0.769,7,0.0,1,4,2,0,0,0.249,1,2,4,1,2,6,1.264,1,-0.02,0,0,4,1,0,2,5,2,0.077,2,1
3,2,1,3,764.36,5,6,0.874,5,1,6,0.0,-2.039,3,0.0,1,3,2,0,4,2.479,0,6,4,1,7,3,0.985,0,1.081,4,6,2,2,2,1,1,6,1.111,6,1
1,2,4,7,73.92,2,4,1.642,4,1,7,0.0,5.283,6,0.0,7,4,4,1,2,0.84,5,3,1,0,5,2,0.924,2,1.69,1,1,4,6,1,1,3,1,1.42,2,1
4,4,6,3,0.0,6,1,-0.247,6,6,4,0.0,-0.009,1,0.0,2,6,2,0,0,0.283,5,5,2,0,6,1,0.755,1,1.577,7,2,3,4,6,3,5,0,-0.069,1,0
4,6,6,2,0.0,0,5,-0.404,6,6,0,0.0,1.619,2,0.0,1,0,6,0,3,-0.247,0,0,0,0,3,2,1.14,1,1.584,1,5,3,3,2,3,6,5,0.307,6,0
2,0,6,1,0.0,2,6,0.112,1,0,1,0.0,-6.208,3,0.0,4,0,6,0,4,-0.448,6,4,5,0,1,3,0.81,4,1.838,0,6,4,7,6,7,6,3,-1.357,2,0
2,4,7,0,0.0,7,0,-1.949,4,7,6,0.0,-2.832,2,0.0,6,2,0,0,1,-2.099,2,4,6,0,1,5,1.018,6,-1.153,5,0,7,2,4,4,3,0,-1.242,5,0
6,3,1,3,0.0,3,6,1.637,2,0,3,0.0,5.019,0,0.0,2,2,4,0,6,0.581,7,4,6,0,5,6,0.998,3,1.527,0,1,1,4,3,4,7,6,0.972,5,0
2,7,1,1,0.0,0,5,0.163,1,5,1,0.0,-4.091,6,0.0,0,6,0,0,7,0.005,6,1,0,0,3,0,0.662,6,-0.128,4,6,7,5,7,3,3,2,0.478,6,0
1,5,6,7,0.0,2,7,-0.161,7,1,2,0.0,3.618,1,0.0,2,4,3,0,4,0.966,1,1,2,0,0,5,1.106,5,1.223,1,5,7,6,5,0,3,5,0.245,4,0
4,2,5,3,0.0,4,5,-0.14,1,2,3,0.0,0.291,5,0.0,0,5,3,0,1,0.199,0,0,5,0,2,1,1.353,2,3.158,5,0,0,1,6,3,6,7,0.021,0,0
5,3,6,3,1614.61,6,5,2.236,5,1,4,0.0,3.33,2,0.0,4,7,2,1,6,0.904,3,3,0,0,1,3,0.945,0,2.048,6,7,7,0,6,6,5,2,1.339,4,1
1,3,4,2,0.0,1,3,-0.995,3,5,2,0.0,-1.226,3,0.0,1,3,0,0,7,-0.331,1,1,0,0,1,4,0.917,1,-0.167,5,6,1,4,2,0,6,6,-0.897,6,0
5,2,3,2,0.0,7,4,-0.693,7,3,5,0.0,-2.354,1,0.0,2,7,5,0,2,-1.201,0,2,1,0,7,2,1.059,2,2.985,4,1,1,1,0,3,0,5,0.49,4,0
1,0,1,0,0.0,1,0,0.049,0,1,2,0.0,-0.725,4,0.0,5,2,5,0,3,0.147,6,2,1,0,6,0,1.315,1,0.299,6,6,6,3,7,0,3,5,-0.276,4,0
1,1,1,2,0.0,3,5,-0.535,3,0,2,0.0,0.537,2,0.0,4,7,4,0,5,-1.851,6,1,3,0,2,1,1.121,7,-3.351,0,2,6,5,2,4,6,2,-0.811,2,0
0,3,4,7,466.98,4,2,1.508,4,0,2,0.0,2.404,2,0.0,2,7,7,0,0,1.749,4,2,7,1,4,6,1.53,7,0.145,7,7,4,4,5,6,1,2,1.477,6,1
5,7,3,6,0.0,2,1,-0.678,7,0,1,0.0,-1.827,7,0.0,3,2,0,0,2,0.589,4,2,0,0,5,3,0.73,2,0.938,3,6,0,3,0,7,3,7,-0.462,1,0
2,5,3,1,1962.85,4,7,2.447,7,0,6,0.0,1.818,4,0.0,7,4,3,1,4,0.587,2,5,1,0,5,0,1.302,3,1.457,2,1,3,6,1,2,1,4,1.736,0,1
3,5,1,6,0.0,5,1,0.5,0,2,1,0.0,4.026,4,0.0,4,7,5,0,6,2.046,5,3,7,0,4,1,0.855,5,0.463,3,7,5,2,3,0,4,6,-0.243,7,0
4,5,0,7,0.0,0,0,0.466,4,5,7,0.0,1.772,0,0.0,4,1,4,0,0,0.263,0,1,0,0,1,2,1.381,7,1.462,4,5,1,0,1,7,2,6,1.111,7,0
7,2,3,2,0.0,2,5,-1.245,7,7,7,0.0,-4.622,6,0.0,5,1,3,0,1,-0.252,2,2,7,0,4,7,0.852,5,-4.117,1,7,0,2,2,5,1,7,-0.554,4,0
5,0,4,7,0.0,2,2,1.213,2,0,6,0.0,2.038,2,0.0,7,0,4,0,5,1.188,3,7,6,0,2,7,1.023,2,-0.23,5,7,2,2,6,6,3,2,1.016,1,0
4,7,7,1,1193.07,1,5,0.703,7,0,1,0.0,-0.715,5,0.0,1,2,4,0,6,2.279,6,2,7,1,5,6,1.204,0,1.513,2,1,7,0,7,0,6,5,0.414,1,1
3,4,6,0,0.0,2,7,-0.547,0,6,7,0.0,1.122,4,0.0,1,0,2,0,2,-1.577,2,3,1,0,4,7,1.005,5,1.962,0,3,0,3,0,0,4,3,0.038,0,0
3,7,4,7,0.0,5,1,-0.265,3,7,2,0.0,-1.555,3,0.0,0,2,3,0,7,-1.76,1,2,3,0,2,2,0.831,0,-1.581,2,1,6,5,7,7,7,2,-0.024,3,0
4,0,7,3,0.0,0,1,-1.533,4,2,4,0.0,-0.249,6,0.0,5,4,4,0,0,-0.31,7,4,7,0,7,5,0.905,2,-4.582,0,4,4,1,1,4,7,3,-1.525,1,0
3,0,1,4,0.0,6,6,-0.257,3,1,0,0.0,0.029,4,0.0,7,5,7,0,2,-0.643,3,2,6,0,1,5,0.945,6,3.128,5,7,6,7,1,5,1,3,0.215,1,0
2,2,3,6,0.0,1,7,0.204,7,1,2,0.0,-2.601,0,0.0,7,0,0,0,3,1.65,3,0,3,0,3,1,0.9,4,-0.594,6,4,2,6,5,4,3,6,-0.352,4,0
6,2,6,4,0.0,5,0,0.95,2,0,7,0.0,1.498,6,0.0,3,6,0,0,5,-1.435,2,1,1,0,1,0,1.116,1,-2.311,7,6,3,3,7,7,0,3,0.385,1,0
2,0,5,2,0.0,3,0,0.866,2,3,5,0.0,2.761,5,0.0,4,3,5,0,5,-0.949,0,3,5,0,1,6,0.854,4,-0.82,7,2,7,1,1,5,3,3,-0.077,5,0
1,0,7,4,0.0,0,4,-0.734,0,1,3,0.0,-1.539,2,0.0,5,4,2,0,6,-2.213,3,1,4,0,6,4,1.269,3,-2.251,7,1,3,6,3,1,4,5,-0.215,0,0
3,4,0,1,0.0,1,6,-0.717,4,6,6,0.0,-1.319,4,0.0,3,0,2,0,5,-1.005,0,2,2,0,7,4,0.955,6,-0.086,6,0,1,4,6,1,2,7,-0.705,7,0
3,7,4,6,0.0,3,4,-0.269,1,2,0,0.0,-0.57,5,0.0,4,5,1,0,0,0.599,2,3,0,0,6,4,0.749,0,-1.469,6,4,3,7,3,6,1,4,-0.072,5,0
2,5,4,4,0.0,5,0,-0.866,7,6,3,0.0,1.48,1,0.0,7,2,2,0,1,1.32,7,0,6,0,4,2,0.869,3,-3.216,2,6,6,1,5,1,6,5,-0.227,0,0
1,2,4,1,960.87,4,1,1.137,3,3,0,0.0,3.29,2,0.0,6,7,3,1,7,1.52,3,1,3,1,4,0,1.098,6,1.372,7,7,3,7,2,7,4,7,1.43,0,1
0,4,6,0,0.0,2,2,2.51,0,5,2,0.0,5.428,6,0.0,0,2,7,1,7,2.117,6,6,5,1,4,3,1.103,4,2.731,1,3,7,3,6,4,0,1,2.934,2,1
7,1,2,1,0.0,0,1,-0.326,0,2,6,0.0,-0.087,1,0.0,0,5,3,0,6,-1.387,2,0,2,0,1,2,1.226,6,1.429,7,0,1,3,7,4,5,2,0.029,3,0
3,7,6,7,0.0,5,5,-0.746,4,4,5,0.0,-3.884,6,0.0,0,4,7,0,4,-1.609,3,2,5,0,3,0,1.264,3,-0.049,1,6,0,4,4,7,2,1,-0.276,1,0
5,5,2,3,0.0,2,0,-1.101,2,7,0,0.0,-3.271,6,0.0,7,3,7,0,1,-1.01,7,5,0,0,1,3,0.915,5,-2.379,4,7,7,3,3,0,3,7,-1.652,1,0
0,1,7,1,0.0,1,1,1.187,5,4,7,0.0,1.543,6,0.0,5,2,2,0,7,1.565,7,3,0,0,2,2,1.204,0,3.522,4,6,7,4,4,6,7,4,0.066,6,0
4,0,6,2,0.0,3,6,-0.249,6,5,6,0.0,2.097,7,0.0,7,4,4,0,0,-1.51,4,4,7,0,3,0,0.943,7,3.569,4,5,6,7,4,3,5,6,0.046,0,0
1,7,0,3,0.0,4,2,-1.009,0,5,2,0.0,-2.007,6,0.0,2,1,1,0,0,1.224,7,6,1,0,2,2,0.69,0,-2.054,7,2,6,6,0,6,1,0,0.235,1,0
6,1,4,3,0.0,2,7,0.259,3,5,2,0.0,0.264,2,0.0,3,2,6,0,2,0.794,2,2,4,0,5,0,0.974,7,1.162,7,4,3,2,2,1,5,6,0.694,7,0
5,7,5,3,0.0,0,1,-1.155,6,2,0,0.0,2.209,2,0.0,5,3,6,0,0,-0.767,0,3,1,0,4,2,1.007,3,1.187,2,2,7,6,6,1,0,0,-0.731,2,0
4,1,6,3,0.0,6,4,-0.116,0,3,7,0.0,0.652,5,0.0,2,1,6,0,6,-0.293,3,3,5,0,3,7,0.957,2,1.119,6,7,3,2,6,7,5,5,0.283,3,0
6,5,6,7,0.0,4,0,0.214,5,1,5,0.0,2.319,5,0.0,5,7,1,0,3,-0.91,3,0,4,0,6,0,0.929,7,1.449,5,5,7,0,6,6,0,3,0.308,4,0
4,5,7,7,0.0,6,4,0.142,2,6,0,0.0,2.975,0,0.0,6,7,1,0,7,0.431,3,0,4,0,4,7,1.215,5,-0.755,2,7,1,3,4,5,0,4,0.599,2,0
3,3,4,1,1878.05,5,6,0.917,5,4,7,0.0,3.062,7,0.0,0,2,1,1,3,-0.097,5,7,2,0,7,4,1.234,7,2.946,2,2,1,1,5,4,7,4,1.573,7,1
3,6,3,7,0.0,7,3,0.621,4,1,2,0.0,1.52,2,0.0,4,6,7,0,7,1.751,5,0,3,0,3,5,0.654,2,2.793,5,5,6,2,6,6,5,6,0.692,4,0
6,7,4,6,0.0,4,5,-0.834,3,6,2,0.0,-3.809,5,0.0,6,1,6,0,6,-1.912,5,7,6,0,0,6,0.974,0,-0.748,6,5,1,6,1,0,7,2,-0.901,4,0
6,7,1,6,0.0,1,7,-0.344,5,2,5,0.0,-1.261,6,0.0,3,7,6,0,3,-0.031,5,7,3,0,5,4,1.051,7,0.164,2,2,4,2,6,5,3,1,-0.664,5,0
6,0,7,5,0.0,1,1,-1.145,1,0,6,0.0,1.2,1,0.0,3,6,1,0,6,0.368,6,3,7,0,0,1,0.788,3,1.059,7,0,4,2,5,4,5,7,-1.235,7,0
4,1,7,3,0.0,7,6,-0.827,7,7,2,0.0,-2.757,1,0.0,1,4,6,0,7,-2.992,5,2,0,0,3,6,0.761,2,-0.283,0,6,1,2,5,6,3,7,-1.25,6,0
2,3,7,6,0.0,2,3,0.697,0,1,0,0.0,2.242,5,0.0,0,5,0,0,7,0.145,0,2,7,0,6,3,1.353,6,-2.306,4,7,4,3,6,5,2,0,0.526,2,0
3,0,3,6,0.0,1,3,-1.129,7,3,1,0.0,-5.21,3,0.0,1,1,1,0,3,-1.139,5,0,5,0,7,3,1.052,1,-4.62,5,4,7,0,5,0,4,5,-1.791,3,0
6,0,1,3,791.29,2,4,0.805,0,7,1,0.0,2.426,7,0.0,4,6,1,0,3,-0.901,0,2,5,1,3,2,1.405,0,0.897,2,4,3,1,1,5,6,0,0.458,6,1
2,5,2,5,0.0,4,5,0.259,4,1,1,0.0,-1.871,7,0.0,0,6,0,0,0,0.576,1,2,4,0,6,3,0.973,7,1.718,6,6,2,7,6,7,6,3,0.472,2,0
4,2,6,2,0.0,5,0,-0.905,2,3,2,0.0,-0.844,1,0.0,5,6,5,0,2,-0.947,3,4,1,0,3,2,1.242,3,1.543,3,1,7,6,7,6,7,7,-0.017,6,0
2,3,6,3,0.0,2,3,0.044,3,2,3,0.0,-1.415,2,0.0,2,3,7,0,3,-0.027,6,2,0,0,5,2,0.951,6,-1.037,4,0,6,0,7,5,6,7,0.275,0,0
1,5,5,2,0.0,2,4,0.054,5,1,6,0.0,-2.943,2,0.0,6,0,7,0,6,0.087,0,7,7,0,7,1,0.762,5,-1.425,7,4,1,4,5,6,1,0,0.27,0,0
6,3,2,7,0.0,4,4,0.306,6,7,4,0.0,-4.42,7,0.0,4,1,7,1,5,1.048,3,6,6,0,7,1,1.279,5,0.473,6,1,0,4,4,0,5,1,0.504,1,1
6,4,0,2,0.0,6,0,-0.401,3,0,5,0.0,-2.024,7,0.0,7,5,5,0,3,-0.794,6,5,1,0,4,7,0.986,2,1.871,6,4,1,5,1,3,6,6,-0.182,5,0
4,1,5,2,305.59,5,0,0.453,7,1,4,0.0,0.322,0,13.64,5,3,1,1,1,1.425,1,4,3,0,4,7,1.485,2,2.261,4,7,1,1,1,4,7,6,0.902,4,1
7,7,4,5,0.0,7,6,-0.749,7,2,6,0.0,-0.243,0,0.0,4,7,3,0,1,1.297,2,3,4,0,6,0,1.163,3,-0.831,1,1,3,3,6,5,3,0,0.336,6,0
1,4,6,3,0.0,0,2,-0.225,2,4,4,0.0,2.866,5,0.0,2,5,7,0,4,-0.331,4,4,1,0,6,2,0.885,2,0.247,5,5,7,7,6,0,7,0,-0.061,0,0
7,4,2,0,0.0,0,0,-0.938,6,0,2,0.0,-0.28,3,0.0,6,3,5,0,5,-0.777,0,1,5,0,6,7,0.652,0,0.907,2,2,1,7,5,4,0,1,-0.53,0,0
0,2,6,5,0.0,0,6,-1.564,0,0,7,0.0,-2.154,1,0.0,2,0,2,0,0,-0.955,5,1,1,0,6,3,1.082,5,-1.447,5,0,7,7,0,3,3,0,-1.933,0,0
0,3,0,0,0.0,4,5,-0.056,5,5,0,0.0,2.998,1,0.0,4,2,4,0,1,-1.127,1,4,5,0,4,0,1.221,3,0.803,3,1,6,1,1,1,7,3,0.157,0,0
0,7,5,1,0.0,1,4,-0.39,3,2,0,0.0,-1.019,0,0.0,6,4,2,0,2,-0.172,2,6,7,0,5,1,1.004,3,-4.004,7,4,1,7,0,4,7,6,-0.807,0,0
7,5,5,2,0.0,7,0,0.052,6,4,5,0.0,0.243,1,0.0,7,7,3,0,4,-0.423,4,5,7,0,3,5,1.066,6,-2.149,2,3,1,0,6,4,2,2,-0.767,4,0
0,2,3,4,0.0,0,3,-0.031,5,2,0,0.0,-0.612,4,0.0,7,1,4,0,0,0.775,0,3,3,0,2,3,1.082,5,0.266,2,5,3,3,7,6,4,2,-0.092,0,0
3,0,7,0,0.0,3,3,1.401,3,1,6,0.0,2.154,2,0.0,0,2,6,0,4,1.675,7,4,6,0,1,4,0.751,6,2.199,0,6,4,6,5,3,7,3,0.902,2,0
3,6,2,4,941.75,5,2,1.83,6,4,4,0.0,2.887,3,0.0,6,7,4,1,3,0.225,2,2,7,1,2,0,1.66,6,1.918,3,2,2,6,2,4,5,4,1.623,1,1
0,0,2,7,0.0,5,5,-2.919,7,7,2,0.0,-3.545,6,0.0,6,5,2,0,7,-1.089,6,3,1,0,1,3,1.229,6,-2.681,4,5,5,3,6,1,3,3,-1.631,2,0
6,2,5,1,879.59,2,1,0.918,0,3,1,0.0,1.514,0,0.0,3,7,1,0,5,1.319,3,4,5,1,0,4,1.372,7,0.864,5,6,6,7,2,7,3,6,0.57,1,1
2,6,1,4,0.0,4,0,0.729,7,6,7,0.0,-1.659,1,0.0,7,7,6,0,7,1.669,3,5,5,0,4,4,1.204,1,0.245,3,0,7,0,1,7,0,4,0.864,3,0
6,3,7,3,0.0,0,1,-2.009,1,4,4,0.0,-2.13,0,0.0,0,5,7,0,3,-3.629,7,6,1,0,1,5,0.752,2,-0.617,5,7,1,1,0,6,1,2,-2.203,3,0
1,3,0,7,0.0,7,2,0.059,2,2,5,0.0,1.201,0,0.0,6,2,3,0,2,-1.151,5,0,5,0,1,7,0.796,6,2.031,5,3,0,0,3,0,7,3,0.224,1,0
0,6,7,0,0.0,5,4,0.183,2,7,6,0.0,0.528,7,12.21,1,2,5,0,4,-0.376,1,0,0,1,7,7,1.148,6,1.103,6,0,6,4,0,3,6,0,-0.001,6,1
3,1,6,3,0.0,6,7,1.194,0,0,0,0.0,-1.548,5,0.0,7,4,6,0,0,-2.158,7,5,4,0,0,5,0.982,1,1.346,6,7,4,7,2,2,7,2,-0.026,6,0
1,5,7,1,0.0,7,4,0.083,3,7,4,0.0,-0.196,5,0.0,1,3,2,0,1,0.504,2,5,2,0,4,2,0.986,3,1.504,7,3,6,7,7,3,6,5,0.021,4,0
4,6,5,2,0.0,4,2,-2.093,0,2,6,0.0,-0.282,6,0.0,3,2,2,0,6,-1.143,3,4,4,0,1,3,1.371,7,0.273,4,7,4,6,2,1,2,3,-1.624,6,0
6,2,5,5,0.0,1,6,-1.041,5,1,4,0.0,-1.928,4,0.0,7,2,1,0,2,-1.142,2,0,3,0,0,0,1.247,5,-3.077,4,1,7,2,1,6,1,0,-0.956,5,0
2,5,3,6,529.06,0,4,0.543,0,7,3,0.0,-2.818,4,7.41,5,5,4,0,4,1.925,4,0,1,1,7,2,1.116,3,-0.243,3,0,2,0,4,1,7,4,1.332,2,1
1,3,1,7,0.0,7,5,0.141,2,7,3,0.0,0.673,1,0.0,6,0,7,0,3,-0.138,4,1,3,0,6,5,1.097,5,1.569,0,1,3,5,4,4,1,2,-0.247,4,0
2,6,4,5,0.0,5,2,-1.32,7,2,2,0.0,-1.793,6,0.0,3,5,4,0,3,0.078,6,2,5,0,2,2,1.198,1,-1.538,1,7,7,6,2,6,6,3,-1.445,6,0
7,4,3,4,1105.43,1,1,-0.246,7,7,1,0.0,-4.361,6,0.0,1,0,2,0,5,1.152,4,6,6,1,4,6,1.162,4,0.569,6,5,4,1,4,5,3,3,0.541,3,1
7,2,6,3,1348.84,0,5,0.93,1,3,3,0.0,1.928,2,0.0,0,3,6,0,6,1.236,5,4,3,1,6,2,1.361,5,1.743,0,1,6,5,4,4,4,4,0.775,1,1
0,3,6,3,0.0,0,3,0.216,3,7,0,0.0,0.569,3,0.0,5,4,3,0,0,0.687,5,4,1,0,5,6,1.146,1,-1.122,5,4,4,5,0,3,0,0,0.607,1,0
2,0,2,0,0.0,6,0,-0.347,2,4,3,0.0,-7.166,4,0.0,6,2,3,0,2,-0.353,5,2,4,0,4,5,0.877,1,-2.12,5,0,6,4,7,7,1,0,-1.068,1,0
6,5,4,3,311.29,2,3,1.225,1,6,5,0.0,4.702,6,0.0,6,2,5,1,1,0.797,2,0,4,1,4,6,1.359,4,1.21,4,3,3,1,2,1,4,0,1.402,3,1
7,3,0,5,0.0,2,5,-1.214,2,0,6,0.0,2.064,0,0.0,2,2,7,0,3,-3.473,4,7,5,0,2,3,0.865,1,-1.257,7,2,1,5,2,1,5,0,-1.53,6,0
1,2,1,5,0.0,1,1,-0.041,3,0,3,0.0,0.617,6,0.0,6,0,5,0,6,-0.571,4,6,2,0,5,6,1.339,5,0.104,6,0,5,3,6,0,0,0,0.674,1,0
1,1,3,0,0.0,0,0,0.575,5,2,7,0.0,1.797,3,0.0,5,1,2,0,7,0.024,7,5,7,0,6,0,1.0,4,0.946,7,1,4,3,4,3,4,0,0.251,3,0
7,1,2,7,0.0,2,6,0.599,5,3,5,0.0,-6.061,3,0.0,1,1,7,0,6,-0.637,4,7,0,0,7,0,0.93,1,1.027,5,2,5,6,7,7,4,7,-0.478,7,0
1,6,4,0,1173.54,6,2,1.713,0,2,6,0.0,1.692,1,5.93,0,1,0,1,2,3.523,5,3,5,1,2,0,1.367,1,-1.471,6,7,1,2,0,6,3,0,1.827,4,1
3,5,2,3,424.64,1,7,0.642,5,2,2,0.0,1.935,3,0.0,7,3,5,0,3,0.844,5,4,2,1,3,3,1.4,4,4.145,5,5,2,7,1,5,0,0,1.343,4,1
1,7,2,7,0.0,6,7,-0.257,6,7,2,0.0,-0.866,3,0.0,5,3,4,0,4,-1.478,4,5,3,0,6,4,0.843,5,1.654,0,6,0,6,2,2,4,6,-0.254,1,0
6,6,0,1,0.0,5,7,0.026,5,1,3,0.0,3.67,1,0.0,4,2,2,0,5,1.477,4,7,2,0,3,6,0.672,6,1.194,6,5,1,0,6,7,4,4,0.428,5,0
7,3,3,1,0.0,3,0,-0.884,6,7,6,0.0,-0.528,3,0.0,5,4,6,0,7,0.074,1,7,3,0,5,4,1.075,1,-1.331,1,4,4,7,5,1,6,4,-0.226,6,0
4,0,6,3,0.0,1,5,1.632,0,3,4,0.0,0.852,4,0.0,6,0,2,0,0,0.646,2,1,5,0,4,7,0.706,5,3.498,2,1,6,2,6,7,0,4,1.327,6,0
7,1,4,5,0.0,5,2,-0.57,1,5,2,0.0,0.402,7,0.0,3,4,2,0,6,-1.283,2,6,0,0,0,3,1.085,7,2.004,4,7,3,3,3,6,4,1,-0.441,3,0
0,6,6,6,0.0,4,5,-0.295,7,6,5,0.0,2.907,5,0.0,1,0,1,0,1,-0.335,2,4,6,0,5,4,1.223,1,-4.384,1,6,0,7,0,6,3,5,0.418,3,0
1,0,2,0,0.0,4,2,-1.649,6,1,4,0.0,-2.977,5,0.0,1,1,4,0,4,-1.648,3,6,4,0,7,2,0.999,2,-1.377,6,4,7,1,7,6,7,5,-1.469,0,0
6,5,7,1,1069.26,0,6,1.306,1,1,5,0.0,-0.732,0,0.0,6,0,1,1,5,2.89,1,4,1,1,5,2,1.463,4,3.289,3,4,7,0,4,4,4,3,2.116,7,1
5,3,7,2,627.47,2,5,1.937,5,4,6,0.0,2.597,4,0.0,4,0,1,1,2,0.494,5,3,2,1,2,5,1.331,2,1.504,2,0,6,2,1,1,4,4,1.667,6,1
1,0,2,6,924.94,6,1,0.82,1,4,3,0.0,-4.261,5,22.92,7,6,0,0,6,0.664,3,2,5,1,6,4,1.073,3,-1.793,2,5,7,7,7,7,7,5,1.062,6,1
3,1,6,3,0.0,5,3,-0.719,4,7,1,0.0,-4.218,2,0.0,4,4,0,0,7,-1.735,3,1,2,0,2,0,0.992,6,1.534,3,2,7,5,5,5,2,1,-0.842,4,0
3,6,7,1,0.0,1,6,-0.73,6,3,3,0.0,1.736,5,0.0,0,0,4,0,4,-1.406,7,1,1,0,1,1,0.801,3,-2.578,6,7,5,3,6,3,4,2,-0.95,2,0
6,7,2,7,0.0,3,5,-1.907,2,6,0,0.0,-0.089,6,0.0,7,4,1,0,1,-0.446,3,0,4,0,2,2,1.207,7,-2.775,7,0,3,1,4,3,6,6,-1.068,0,0
0,5,4,0,0.0,6,1,0.731,7,2,4,0.0,0.684,2,0.0,4,6,3,0,1,0.717,6,4,4,0,2,4,1.032,7,2.358,1,5,3,6,3,4,4,3,0.092,6,0
6,0,7,0,0.0,2,7,-2.314,5,6,0,0.0,-4.081,4,0.0,2,5,4,0,0,-3.899,0,2,3,0,1,6,0.753,6,-2.089,6,3,7,3,5,2,3,5,-2.635,5,0
0,3,1,0,0.0,1,1,-0.523,2,2,4,0.0,0.659,6,0.0,0,4,3,0,2,-0.652,6,5,7,0,4,0,1.06,0,-3.405,7,1,5,7,7,5,5,7,-0.496,6,0
7,3,5,1,0.0,5,3,-1.569,0,7,7,0.0,-0.69,6,0.0,6,1,6,0,5,-0.778,3,2,3,0,5,0,1.362,4,-1.325,7,5,2,6,2,7,6,5,-0.439,5,0
6,6,6,1,0.0,3,5,-0.038,0,2,3,0.0,3.455,7,0.0,2,1,7,0,5,-1.891,5,7,2,0,3,4,1.601,0,-1.501,3,5,2,1,1,1,0,2,-0.199,5,0
1,7,1,3,0.0,6,4,-0.64,2,7,0,0.0,0.184,6,0.0,0,4,7,0,2,1.826,3,0,6,0,4,3,1.221,0,0.856,4,5,4,4,4,5,6,7,0.017,0,0
6,2,1,5,956.09,3,7,2.556,5,1,5,0.0,-0.105,3,0.0,3,3,5,1,6,2.502,7,5,5,1,0,3,1.355,1,5.529,1,1,4,7,0,6,1,1,1.853,7,1
1,0,1,0,0.0,4,5,-0.402,5,4,4,0.0,-1.208,0,0.0,6,4,1,0,3,-1.788,6,1,6,0,5,5,1.127,7,-1.33,5,7,4,7,7,7,4,6,-0.767,5,0
3,1,5,7,255.65,4,4,2.37,5,0,3,0.0,1.204,6,0.0,2,1,4,1,2,2.991,2,3,4,1,0,5,1.34,4,3.687,2,4,7,7,6,4,1,0,2.531,4,1
3,3,4,1,0.0,5,5,1.009,6,2,4,0.0,-2.852,5,0.0,2,2,6,0,0,0.52,2,2,4,0,1,0,0.94,0,0.54,4,4,5,2,5,6,5,7,0.603,1,0
5,7,4,2,0.0,3,2,0.589,7,3,1,0.0,-0.613,4,0.0,5,7,5,0,7,-0.471,6,0,6,0,2,6,1.095,7,1.813,3,7,7,1,6,1,7,5,0.267,7,0
0,7,1,3,0.0,7,1,-1.467,2,1,0,0.0,-0.096,6,0.0,4,1,5,0,0,-2.493,7,4,2,0,1,1,1.041,6,-2.51,2,4,7,5,0,3,7,7,-1.464,6,0
6,4,2,5,0.0,7,1,0.025,1,2,4,0.0,4.496,4,0.0,6,4,2,0,3,0.324,2,6,4,0,2,3,0.928,1,0.077,6,4,7,4,5,3,7,1,0.494,0,0
1,5,4,5,0.0,3,7,-0.232,4,2,2,0.0,-3.751,0,0.0,4,7,6,0,6,0.331,0,0,6,0,6,6,1.009,1,2.469,2,0,7,7,1,0,6,5,0.24,3,0
4,1,4,6,0.0,7,7,-0.838,2,7,7,0.0,-0.105,3,0.0,5,3,2,0,0,-0.03,2,7,0,0,5,2,1.316,3,-2.622,4,3,2,2,3,5,0,3,-0.752,5,0
4,3,3,2,0.0,6,0,-0.653,1,2,7,0.0,-1.978,7,0.0,4,1,7,0,2,-1.023,1,5,1,0,4,6,0.787,3,-1.092,1,5,5,3,7,7,0,3,-0.595,0,0
5,1,3,5,0.0,0,3,0.113,5,4,1,0.0,0.173,3,0.0,7,7,5,0,0,-1.558,6,1,0,0,6,7,0.518,3,0.406,6,6,1,0,6,6,4,3,0.061,3,0
0,0,1,2,0.0,3,3,0.222,5,1,7,0.0,-0.463,6,0.0,2,7,4,0,3,1.553,5,6,7,0,7,6,0.762,6,-1.731,1,7,1,3,1,7,3,3,0.261,2,0
3,3,2,5,0.0,2,7,-1.606,7,7,6,0.0,-2.119,5,0.0,7,3,2,0,1,-2.486,2,6,7,0,3,6,1.242,4,-1.061,5,5,3,5,0,1,2,7,-0.794,2,0
3,0,2,5,0.0,1,3,-1.749,7,2,0,0.0,-3.968,6,0.0,0,3,0,0,6,-1.645,3,3,4,0,0,6,0.991,6,-1.506,5,3,0,3,4,1,7,0,-1.772,4,0
1,1,3,0,0.0,7,7,-1.001,4,4,6,0.0,-3.906,1,0.0,7,7,5,0,1,-2.229,6,5,5,0,5,7,0.912,4,0.335,6,3,3,6,3,1,7,4,-1.632,6,0
7,4,5,4,926.71,5,0,0.36,6,1,3,0.0,-1.576,2,0.0,1,1,0,0,6,-0.999,6,3,3,1,4,4,0.829,6,1.115,4,5,1,2,5,1,3,7,0.997,4,1
4,0,0,5,0.0,0,1,-0.504,3,0,5,0.0,-0.743,7,0.0,3,5,2,0,0,-1.239,7,2,3,0,5,7,1.104,2,1.763,5,6,1,0,4,7,2,3,-1.379,4,0
4,3,3,7,0.0,7,5,0.016,3,7,4,0.0,4.033,4,0.0,7,5,0,0,2,0.781,6,6,6,0,6,2,1.05,7,-0.359,0,5,7,0,3,3,2,7,0.993,2,0
6,3,6,1,796.17,2,6,0.885,4,1,5,0.0,-0.238,6,0.0,0,0,4,1,5,1.271,7,1,6,0,1,7,1.654,2,1.143,2,2,7,2,5,2,5,1,0.625,2,1
0,7,0,6,0.0,1,4,-0.845,0,3,5,0.0,-0.257,0,0.0,2,1,6,0,0,-0.628,7,6,5,0,0,2,0.787,1,0.834,4,4,5,0,4,3,6,5,-1.021,4,0
0,4,7,7,0.0,1,4,-0.403,1,6,6,0.0,1.94,2,0.0,5,6,1,0,5,-1.09,2,7,7,0,4,5,0.766,5,-1.639,1,7,5,3,2,2,1,7,-1.256,0,0
0,7,6,7,0.0,2,7,-0.424,3,0,7,0.0,3.126,3,0.0,0,7,0,0,3,1.7,5,5,7,0,1,3,0.861,0,1.736,7,1,7,0,5,0,6,4,0.135,6,0
0,6,3,7,0.0,5,7,0.311,6,6,6,0.0,-1.124,2,0.0,2,3,5,0,4,-1.53,0,0,0,0,4,7,1.303,2,1.999,5,7,6,3,4,4,4,7,1.104,4,0
7,1,6,3,1630.29,6,1,0.512,4,1,4,0.0,3.06,2,20.2,1,7,2,0,3,0.221,2,0,6,1,4,6,1.278,5,0.421,6,5,3,0,7,3,0,7,0.735,6,1
7,0,2,3,0.0,6,4,-1.113,5,0,0,0.0,1.27,7,0.0,2,2,0,0,3,1.752,2,6,0,0,1,5,1.238,0,-0.267,5,2,0,4,7,6,1,3,0.35,1,0
2,5,4,5,0.0,5,7,-0.854,6,0,5,0.0,-0.543,7,0.0,5,3,2,0,0,-1.804,4,4,4,0,4,2,1.203,0,-1.366,6,6,1,1,1,1,5,7,-0.457,1,0
5,4,5,3,0.0,3,2,-0.118,4,4,6,0.0,3.686,2,0.0,3,1,4,0,6,0.123,4,7,3,0,0,7,1.211,6,-2.396,3,7,7,2,3,7,4,3,-0.177,2,0
5,5,1,7,0.0,3,3,-0.366,7,2,6,0.0,0.581,5,0.0,4,7,2,0,0,0.334,1,4,2,0,7,3,0.946,0,-2.081,6,4,3,4,0,6,4,3,-0.31,6,0
5,2,4,4,0.0,1,2,-0.763,2,6,5,0.0,-1.297,1,0.0,7,7,6,0,6,0.869,6,4,3,0,3,2,1.031,6,-3.09,1,0,2,7,6,4,1,5,-0.992,2,0
3,6,3,7,0.0,3,6,-2.058,0,5,1,0.0,-4.314,6,0.0,4,2,5,0,6,-2.846,2,1,6,0,2,1,1.214,7,-4.014,1,6,2,4,2,2,5,3,-1.997,3,0
2,0,2,1,0.0,6,0,0.064,6,3,1,0.0,-0.244,6,0.0,7,2,0,0,1,-1.199,3,0,4,0,1,3,0.94,2,-0.132,6,2,5,3,4,4,1,7,-0.167,3,0
3,0,2,3,242.05,5,6,0.844,7,6,3,0.0,2.92,6,5.59,1,5,0,1,6,1.57,7,2,1,0,3,2,1.12,6,2.037,3,2,1,6,3,1,1,5,1.742,1,1
6,5,4,1,1951.09,2,6,2.514,5,4,4,0.0,3.992,3,0.0,1,0,3,1,4,3.312,2,6,1,1,4,5,1.295,3,1.058,5,1,0,5,5,5,0,4,2.579,3,1
1,6,7,4,0.0,3,3,-1.713,4,6,5,0.0,-1.546,6,0.0,7,5,4,0,6,-3.141,7,2,1,0,7,2,1.074,2,-0.965,4,7,5,5,1,7,5,7,-2.421,6,0
3,3,1,0,0.0,0,6,-0.381,5,0,6,0.0,-1.184,0,0.0,6,2,0,0,2,-0.593,4,2,4,0,3,5,0.917,1,-1.345,0,0,5,6,2,4,5,4,-0.226,7,0
6,3,0,0,0.0,0,0,-2.612,5,2,3,0.0,-2.691,6,0.0,2,0,0,0,3,-1.561,5,6,0,0,4,0,1.219,1,-0.108,2,5,3,7,5,5,4,2,-1.659,6,0
5,6,4,6,0.0,0,0,-1.062,4,4,3,0.0,-4.278,2,0.0,1,7,3,0,6,-1.537,2,0,5,0,3,3,1.098,1,0.674,1,6,7,5,0,6,0,2,-1.071,5,0
0,3,7,2,0.0,3,2,-0.184,6,5,0,0.0,0.048,1,0.0,2,2,2,0,1,0.403,2,4,2,0,5,4,0.743,7,-1.607,2,1,4,6,0,3,6,1,-0.583,0,0
0,1,2,7,1126.38,5,3,1.488,3,2,1,0.0,3.205,4,0.0,2,6,6,1,2,0.564,2,2,3,1,1,5,1.678,7,2.605,4,3,3,3,1,3,1,7,1.588,4,1
7,1,7,4,0.0,5,1,-1.816,2,1,4,0.0,-1.512,6,0.0,6,2,5,0,2,-4.518,0,5,7,0,5,2,1.044,2,-3.022,2,0,4,2,2,1,4,3,-2.908,3,0
3,5,4,0,0.0,7,6,-0.546,5,4,4,0.0,1.088,0,0.0,3,0,2,0,5,-0.861,2,4,3,0,6,5,0.985,0,0.128,0,7,1,7,3,7,3,2,-0.365,3,0
6,1,1,2,0.0,6,2,0.816,4,4,2,0.0,1.588,0,0.0,0,4,2,0,0,0.937,4,2,2,0,2,7,1.049,3,2.02,1,6,5,7,0,3,3,3,0.491,2,0
4,0,4,3,0.0,2,3,-0.278,0,4,1,0.0,-3.428,2,0.0,4,3,1,0,5,-1.391,3,7,6,0,1,7,0.828,4,-4.166,6,4,1,6,5,2,6,2,-0.539,0,0
3,3,0,2,0.0,4,7,-0.76,5,7,7,0.0,-1.216,7,0.0,6,5,6,0,5,-0.21,3,6,5,0,1,5,0.946,1,-0.41,5,4,5,1,2,5,1,6,-0.646,4,0
4,5,5,3,0.0,2,7,-0.114,2,3,7,0.0,-2.415,3,0.0,0,6,5,0,7,1.29,7,4,1,0,7,4,0.55,5,-1.189,7,7,1,0,6,0,6,7,0.117,7,0
5,4,1,3,0.0,1,0,-1.524,7,2,4,0.0,-2.44,4,0.0,7,7,3,0,7,1.701,2,7,1,0,2,5,0.919,3,-1.98,3,1,0,2,4,7,3,6,-0.621,5,0
2,6,2,1,0.0,6,7,0.595,4,3,6,0.0,1.955,1,0.0,0,0,7,0,5,-0.593,3,3,6,0,3,1,0.811,1,1.122,4,2,2,5,1,1,3,6,0.284,2,0
5,3,1,2,0.0,6,3,2.079,6,2,6,0.0,3.648,5,0.0,1,7,0,1,7,1.583,2,4,5,1,5,0,1.241,7,3.214,7,4,6,3,1,2,5,4,2.036,5,1
1,4,4,6,0.0,5,7,-0.3,3,3,1,0.0,5.909,0,0.0,4,2,5,0,6,-0.728,6,4,0,0,5,7,1.152,3,-2.222,5,6,6,7,6,0,6,4,0.457,0,0
5,5,2,6,0.0,4,7,-0.454,7,6,3,0.0,1.728,3,0.0,5,7,3,0,4,0.298,2,6,2,0,0,2,1.038,2,0.045,5,7,7,4,0,5,2,4,-0.206,7,0
1,6,1,6,0.0,4,2,-1.318,6,7,5,0.0,0.111,2,0.0,7,6,7,0,1,-2.023,3,1,3,0,3,7,1.229,0,0.163,3,4,3,4,0,7,6,5,-1.621,6,0
6,0,1,5,773.32,0,2,0.644,1,7,6,489.38,0.111,1,0.0,5,0,0,0,3,-0.9,4,6,4,1,2,6,1.371,6,-0.941,1,3,0,7,4,1,2,2,0.524,6,1
5,3,7,0,0.0,7,0,1.377,0,6,4,0.0,-0.327,2,0.0,3,0,3,0,6,-0.9,2,3,0,0,1,3,1.024,2,-0.599,0,7,7,2,0,4,3,2,-0.02,0,0
7,7,2,2,78.89,6,5,0.734,2,1,3,0.0,2.721,0,0.0,3,4,1,1,1,-1.415,6,7,4,0,4,3,1.173,2,1.446,5,2,3,4,6,2,1,7,0.222,1,1
7,1,4,3,2040.94,3,6,0.693,2,3,7,496.99,0.768,7,13.15,3,3,0,0,0,1.441,0,6,2,1,6,3,1.291,7,-3.635,1,6,7,7,3,3,5,1,0.279,5,1
3,2,5,1,0.0,1,1,2.714,3,4,0,748.5,3.968,0,2.63,3,2,7,1,1,2.719,3,1,0,1,1,7,1.159,4,1.725,4,7,7,1,3,0,7,5,2.854,7,1
1,3,3,3,0.0,1,1,-0.344,5,7,5,0.0,-1.83,1,0.0,6,2,6,0,6,0.08,7,6,6,0,6,4,0.92,0,-1.463,0,0,2,0,2,1,2,7,-0.21,3,0
0,5,2,0,0.0,0,5,1.313,7,5,2,0.0,3.359,3,0.0,7,4,5,0,1,1.245,4,6,3,0,3,0,1.187,2,1.421,6,5,4,4,2,3,2,3,0.64,2,0
7,1,2,5,0.0,0,1,2.451,6,6,7,0.0,1.071,4,0.0,0,0,6,1,0,0.527,3,1,5,1,3,0,0.888,1,2.896,4,2,3,3,7,7,7,6,1.609,6,1
0,2,4,3,0.0,6,5,1.356,1,2,3,0.0,2.697,5,0.0,2,5,5,0,0,1.319,7,2,6,0,1,4,1.198,1,-0.738,2,4,5,7,5,0,5,6,0.651,1,0
2,1,7,3,0.0,7,6,0.902,1,4,1,0.0,1.637,5,0.0,1,0,0,0,7,1.896,0,5,5,0,2,4,1.185,1,0.022,2,0,5,2,2,7,3,3,0.801,5,0
5,2,0,4,0.0,7,3,-0.091,7,4,5,0.0,-1.671,7,0.0,2,2,2,0,5,0.629,1,5,7,0,5,1,1.415,0,-1.106,6,5,5,2,5,6,2,2,0.292,3,0
5,1,6,0,1085.13,0,1,1.485,4,0,0,0.0,1.463,4,0.0,0,6,6,1,7,1.233,5,2,4,1,7,7,1.129,7,1.248,5,4,1,6,6,2,6,3,1.945,4,1
2,7,6,0,1955.11,7,1,1.322,4,0,3,0.0,-0.939,2,0.0,6,5,5,0,5,3.526,1,2,4,1,2,0,0.843,1,3.069,4,5,2,2,3,0,2,3,1.511,1,1
3,4,4,0,1683.81,4,3,0.823,3,0,3,0.0,0.988,0,0.0,5,2,7,0,7,-0.572,7,4,7,1,0,4,1.466,6,1.965,6,2,1,7,6,3,3,3,0.293,4,1
2,5,3,2,0.0,2,3,-0.957,2,6,7,0.0,-3.816,2,0.0,6,3,7,0,0,0.118,6,2,7,0,4,3,1.087,5,-1.314,1,4,6,5,4,0,6,5,-0.412,4,0
0,4,3,5,0.0,1,4,0.845,5,4,6,0.0,-0.537,4,0.0,4,4,7,0,3,1.07,0,6,5,0,4,3,1.042,6,-3.167,7,0,5,0,1,4,2,5,0.396,7,0
5,7,5,4,0.0,2,5,-1.145,6,2,4,0.0,-0.849,3,0.0,1,0,0,0,3,-1.114,7,3,0,0,6,5,0.793,5,-0.052,1,4,7,2,1,4,2,7,-1.191,4,0
2,4,3,1,0.0,2,7,0.495,2,4,2,0.0,4.872,4,0.0,7,6,2,0,6,0.899,7,1,5,0,2,7,0.906,4,2.011,1,5,1,4,0,3,5,6,1.021,1,0
3,4,5,0,1014.66,3,7,0.932,6,4,7,0.0,1.072,5,0.0,3,1,7,1,4,1.429,7,1,7,1,6,7,0.842,0,0.271,7,6,2,7,3,0,1,3,1.383,5,1
2,0,7,3,0.0,2,7,-0.039,6,5,4,0.0,-1.899,1,0.0,5,6,4,0,5,0.12,7,1,3,0,2,5,1.214,4,-2.287,2,7,6,2,4,7,2,4,-1.059,6,0
7,4,0,0,0.0,2,7,0.088,0,7,5,0.0,-1.293,4,0.0,7,4,6,0,4,-3.276,5,5,2,0,1,3,1.076,3,-0.212,2,6,1,6,6,6,0,3,-0.04,1,0
0,2,6,3,0.0,6,5,-2.624,6,4,3,0.0,-0.378,2,0.0,2,4,3,0,4,-1.773,5,4,5,0,5,3,1.151,7,-0.295,2,2,4,2,4,5,5,4,-1.712,4,0
4,0,5,3,0.0,4,6,-1.275,5,0,6,0.0,-6.399,1,0.0,5,3,3,0,7,-3.461,5,0,4,0,6,2,1.134,4,-5.719,1,2,4,1,6,1,0,5,-2.212,0,0
0,4,3,6,0.0,0,4,-1.394,7,2,7,0.0,0.1,1,0.0,4,0,3,0,0,-1.909,5,2,4,0,4,1,0.872,6,1.617,1,0,1,2,6,7,7,0,-1.36,4,0
1,4,6,5,1982.05,3,3,0.802,0,7,3,0.0,3.763,4,0.0,7,7,2,0,0,0.801,0,3,6,1,7,7,1.649,4,-0.586,5,5,2,7,3,6,1,2,0.517,7,1
3,7,3,7,0.0,7,5,0.52,2,0,6,0.0,2.341,5,0.0,6,5,7,0,3,-1.592,5,6,3,0,4,3,1.051,3,0.387,5,2,7,3,4,5,6,1,0.195,4,0
2,1,2,5,0.0,6,2,0.863,1,0,6,0.0,1.929,4,6.62,6,1,0,0,1,0.839,2,3,7,1,2,0,1.159,4,0.417,1,6,4,5,6,6,7,7,1.358,7,1
4,7,3,6,0.0,3,5,0.177,1,7,1,0.0,3.054,3,0.0,4,5,5,0,3,-0.925,4,4,4,0,6,4,0.781,2,4.338,6,2,3,0,1,0,6,3,0.081,3,0
1,0,1,4,0.0,6,4,0.463,2,7,0,0.0,-2.482,3,0.0,6,3,3,0,5,-1.305,7,6,3,0,5,7,0.765,6,-1.942,5,2,2,0,4,0,4,5,0.289,7,0
6,5,4,5,44.62,3,5,1.416,6,1,1,0.0,3.125,7,0.0,7,6,3,1,7,1.422,6,4,3,1,0,3,1.018,5,3.887,0,3,3,5,3,4,0,0,1.454,4,1
3,3,0,1,0.0,7,0,-0.049,5,1,5,0.0,-5.294,5,0.0,7,4,1,0,6,0.585,1,0,3,0,7,6,1.474,4,-2.348,5,7,7,5,5,2,2,1,-0.389,6,0
0,3,0,7,0.0,7,1,-0.557,0,5,5,0.0,-0.087,3,0.0,5,0,7,0,6,1.519,3,6,5,0,2,0,0.992,2,2.185,3,1,3,4,4,3,1,4,0.015,2,0
4,4,6,7,1016.84,6,5,1.359,4,1,1,0.0,0.072,1,11.27,0,0,0,1,4,0.718,1,4,6,1,2,0,1.213,7,-0.443,4,0,2,6,0,2,0,0,1.102,0,1
0,4,0,6,0.0,0,7,-2.156,3,4,4,0.0,-2.824,7,0.0,1,7,1,0,1,-3.895,3,6,0,0,1,1,0.901,5,-1.66,5,2,5,4,4,1,6,0,-1.93,1,0
0,5,3,2,0.0,0,6,1.351,7,0,5,0.0,1.578,3,4.24,7,4,0,0,4,1.482,2,2,3,1,0,2,1.268,6,3.336,7,4,5,0,4,6,4,6,1.212,0,1
7,7,7,0,0.0,4,3,0.539,1,4,7,0.0,-2.249,1,0.0,2,3,0,0,2,-1.927,4,3,2,0,7,5,0.619,5,0.36,5,4,0,4,1,5,0,1,-0.438,7,0
4,2,0,2,0.0,6,3,1.404,2,6,6,0.0,-4.627,1,0.0,6,5,6,0,7,0.147,6,7,6,0,6,0,1.204,2,-1.153,2,0,5,1,7,2,3,3,0.654,2,0
3,6,1,1,0.0,1,1,-0.083,6,1,6,0.0,0.611,0,0.0,5,3,4,0,7,-1.021,5,6,5,0,7,7,1.044,1,-2.137,0,4,5,7,2,4,1,1,0.135,2,0
6,0,3,4,0.0,1,0,-0.565,4,0,3,0.0,-1.998,0,0.0,2,7,6,0,2,-1.386,3,7,0,0,1,2,1.018,0,-1.742,4,2,2,2,3,5,0,5,-0.486,0,0
4,3,0,1,212.87,6,4,1.088,3,3,5,0.0,0.656,1,0.0,1,2,4,1,5,2.202,4,0,5,1,5,3,1.504,1,-1.38,0,6,6,6,7,6,0,1,2.047,1,1
5,2,0,5,0.0,4,1,0.295,0,0,2,0.0,1.589,2,0.0,0,3,1,0,2,0.523,2,6,2,0,7,5,1.053,7,-0.343,3,3,1,1,7,3,7,2,-0.004,2,0
0,2,0,7,0.0,5,0,-0.887,4,2,2,0.0,-0.57,7,0.0,4,7,3,0,7,2.51,6,2,7,0,5,5,1.069,0,-0.653,1,6,4,6,2,0,1,2,-0.288,7,0
4,1,6,1,0.0,1,0,-0.564,1,2,7,0.0,-5.896,1,0.0,0,3,5,0,1,-1.769,3,2,5,0,7,1,1.18,0,-0.459,6,2,4,3,3,5,5,0,-1.157,5,0
4,7,2,0,0.0,6,5,0.524,1,4,7,0.0,1.56,0,0.0,1,2,3,0,1,0.853,1,6,6,0,0,4,0.591,3,1.701,0,3,6,6,6,5,5,1,0.646,4,0
5,6,1,3,0.0,3,4,0.105,0,2,3,0.0,0.985,0,0.0,4,3,1,0,4,1.139,2,2,5,0,3,6,1.228,4,-3.526,1,1,3,7,7,6,3,4,0.474,4,0
2,1,5,6,0.0,4,4,0.077,1,6,7,0.0,-1.422,0,0.0,1,2,7,0,7,-1.217,1,6,7,0,3,6,0.878,7,-1.083,1,4,3,7,0,1,3,6,-0.365,1,0
3,2,5,7,0.0,3,5,-0.786,0,6,3,0.0,0.441,6,0.0,0,3,2,0,7,-2.667,0,7,2,0,7,2,0.815,1,-0.37,6,0,4,6,5,2,6,1,0.012,3,0
3,3,1,6,0.0,4,7,0.436,1,7,6,0.0,-0.627,5,0.0,7,4,6,0,3,0.857,6,4,2,0,6,0,1.113,3,2.607,3,0,2,7,7,6,3,1,0.011,4,0
4,7,7,4,0.0,4,3,-0.608,5,2,3,0.0,4.886,1,0.0,7,1,0,0,1,2.7,1,7,3,0,6,1,1.01,6,1.888,3,1,2,1,7,3,7,4,0.475,4,0
0,0,0,5,0.0,7,3,-1.275,1,7,5,0.0,2.53,1,0.0,4,4,5,0,1,0.031,4,3,2,0,6,7,1.13,1,-2.95,2,0,2,4,3,7,6,4,-0.022,5,0
3,6,2,2,0.0,3,7,-0.284,1,2,5,0.0,0.71,7,0.0,2,1,0,0,6,0.157,4,7,1,0,3,0,0.943,2,-2.551,7,6,7,2,6,7,1,4,0.464,0,0
2,0,7,3,0.0,1,7,-1.792,7,1,3,0.0,0.616,0,0.0,1,6,5,0,4,-3.477,1,0,4,0,6,7,1.208,2,-1.284,4,5,7,4,2,6,2,7,-0.905,0,0
2,1,3,6,0.0,4,6,-0.035,0,0,1,0.0,-2.906,3,0.0,1,7,1,0,3,-0.733,7,4,1,0,1,3,1.022,0,-0.537,0,2,7,0,6,5,7,4,-0.255,5,0
0,2,3,1,0.0,3,1,0.069,0,5,4,0.0,1.472,5,0.0,1,4,5,0,7,1.706,6,4,1,0,0,4,1.112,1,-2.013,0,1,2,6,4,7,6,6,0.543,4,0
1,0,0,5,0.0,7,4,-0.975,5,7,3,0.0,-2.721,5,0.0,2,7,2,0,6,0.502,6,6,5,0,0,2,1.055,6,0.951,0,7,1,1,5,2,1,6,-0.758,0,0
0,6,0,5,0.0,5,6,0.416,7,6,1,0.0,-2.509,5,0.0,0,5,7,0,4,1.237,2,3,0,0,5,2,0.725,3,3.472,1,5,7,1,3,0,3,3,0.659,3,0
6,7,0,7,2088.32,6,5,0.95,2,5,4,0.0,4.442,0,0.0,0,6,7,1,1,1.49,6,7,5,1,4,4,0.999,1,5.172,5,7,0,2,1,5,0,2,1.83,6,1
7,1,2,4,0.0,6,5,0.741,0,7,3,0.0,-4.299,7,0.0,5,6,2,0,2,-1.258,4,5,7,0,0,5,0.613,7,-0.549,5,7,5,2,5,7,5,6,-0.148,2,0
3,1,5,5,0.0,6,3,-0.645,4,3,3,0.0,-5.145,1,0.0,4,5,7,0,4,-0.238,2,5,7,0,3,7,1.023,1,-1.416,5,1,2,2,1,5,6,7,-0.845,0,0
1,5,7,3,0.0,2,5,-0.167,5,3,1,0.0,1.651,5,0.0,4,5,1,0,6,0.978,2,1,4,0,3,7,0.943,6,-3.309,6,7,3,7,1,3,5,6,0.241,6,0
3,3,6,3,0.0,5,5,-1.528,3,4,0,0.0,-1.139,2,0.0,7,6,1,0,0,-0.74,4,6,4,0,0,5,1.14,3,0.468,5,6,7,7,1,5,0,4,-0.859,0,0
5,0,0,4,0.0,2,6,-0.105,5,1,1,0.0,-0.526,7,0.0,0,3,0,0,5,-1.35,0,0,0,0,1,4,1.2,5,0.672,3,4,7,5,4,1,2,5,-0.326,7,0
1,0,7,2,0.0,0,4,-1.314,1,7,7,0.0,-2.982,2,0.0,1,1,1,0,2,-1.256,0,0,3,0,1,7,1.088,1,-1.297,4,4,1,5,0,1,1,6,-1.135,1,0
5,7,6,0,0.0,4,0,-2.152,1,3,1,0.0,-4.2,4,0.0,6,6,4,0,6,-1.387,4,2,5,0,5,0,0.956,1,-0.624,5,5,2,6,4,6,0,5,-2.12,3,0
6,1,1,2,0.0,1,0,-3.067,0,0,0,0.0,-6.223,7,0.0,1,0,6,0,2,-2.002,3,2,6,0,7,2,0.793,6,-3.785,6,0,6,6,6,1,3,0,-3.149,1,0
4,3,7,1,0.0,2,2,-2.442,1,3,2,0.0,-0.742,6,0.0,5,4,2,0,6,-1.572,5,3,5,0,6,5,0.825,1,-1.63,6,2,5,4,5,2,2,0,-1.822,1,0
1,0,5,1,0.0,7,5,-0.311,4,1,3,0.0,-2.345,1,0.0,7,0,0,0,4,-0.091,2,6,3,0,7,5,1.268,5,1.784,5,6,1,6,0,6,6,2,0.542,4,0
0,5,7,6,1345.17,4,2,2.813,7,4,7,0.0,3.396,7,0.0,2,6,3,1,7,2.142,7,7,4,1,1,3,1.143,1,1.742,4,7,6,2,4,6,2,2,2.372,4,1
5,1,1,1,0.0,5,3,-1.419,3,1,0,0.0,-0.06,0,0.0,1,7,0,0,0,0.186,2,5,0,0,4,5,0.881,4,0.293,5,2,2,4,0,0,5,4,-1.633,7,0
7,3,2,1,0.0,6,4,0.17,5,0,0,0.0,-0.732,0,0.0,2,7,6,0,6,0.075,5,4,1,0,5,6,1.101,5,0.125,4,7,4,4,4,4,3,4,0.22,4,0
6,0,0,3,0.0,5,6,-0.539,6,4,0,0.0,0.03,5,0.0,7,6,0,0,6,-0.475,4,7,0,0,2,4,1.391,3,-4.893,3,3,5,0,3,6,0,0,-0.866,5,0
3,0,7,7,0.0,0,7,0.891,2,6,6,0.0,4.481,2,0.0,1,4,6,0,7,1.062,4,6,3,0,5,1,1.147,0,1.047,7,7,1,1,7,5,5,4,0.891,7,0
3,0,5,0,0.0,6,3,-0.007,3,1,0,0.0,3.929,0,0.0,2,2,7,0,5,-0.122,1,2,1,0,3,1,1.038,7,0.41,1,6,4,2,2,5,0,7,-0.344,0,0
6,3,6,7,0.0,3,2,0.099,5,7,5,0.0,1.27,0,0.0,3,6,3,0,4,-2.824,2,5,7,0,5,4,1.049,0,-1.142,1,6,1,0,7,7,0,3,-0.756,7,0
0,7,7,7,0.0,1,5,0.896,6,4,7,0.0,-1.282,6,0.0,0,1,2,0,2,-0.562,0,5,0,0,4,2,1.055,4,1.037,2,3,1,2,4,3,3,5,0.181,0,0
3,1,2,7,0.0,1,4,-0.574,0,4,6,0.0,3.614,1,0.0,4,3,7,0,7,-0.694,0,2,4,0,3,1,1.156,6,-1.498,2,7,4,0,6,0,7,5,-0.168,1,0
0,2,7,0,0.0,5,0,-0.177,3,4,4,0.0,3.306,0,0.0,1,1,2,0,1,-0.55,3,4,2,0,6,0,0.659,1,-1.986,6,4,2,2,6,0,5,2,0.254,7,0
6,4,3,6,0.0,6,5,-0.17,4,6,2,0.0,-0.795,6,0.0,4,2,2,0,7,0.377,4,7,1,0,7,7,0.715,5,0.164,5,5,6,3,7,3,6,2,-0.253,2,0
2,4,0,2,0.0,2,4,-0.573,2,0,2,0.0,-2.166,1,0.0,5,4,5,0,6,0.593,0,5,7,0,1,3,0.745,2,-2.811,5,0,2,7,7,6,6,4,0.556,1,0
2,5,3,4,1568.55,6,5,0.336,5,6,6,0.0,-0.654,0,13.35,2,1,1,1,5,1.701,4,3,0,0,4,3,1.313,5,1.287,2,0,7,5,1,1,6,1,0.258,3,1
2,2,5,7,1514.19,5,5,1.969,0,4,3,0.0,-0.671,5,0.0,2,6,1,1,0,1.623,4,7,2,1,7,1,1.432,7,2.4,0,1,1,4,1,3,7,6,1.707,2,1
0,0,6,7,0.0,5,4,1.655,4,7,0,0.0,1.976,3,0.0,6,1,3,0,1,2.689,2,5,6,1,4,3,1.336,6,0.179,5,2,0,1,3,6,0,4,1.488,3,1
7,5,4,1,0.0,6,3,-0.399,1,0,3,0.0,0.255,6,0.0,2,6,5,0,3,-1.793,2,2,4,0,3,6,1.334,1,-0.975,2,4,6,4,5,0,4,5,0.255,1,0
1,3,1,5,0.0,0,7,0.302,5,6,6,0.0,-2.67,0,0.0,5,1,4,0,5,0.205,3,7,0,0,6,3,1.192,1,1.788,3,7,2,0,6,1,5,0,-0.157,5,0
5,7,6,5,0.0,5,7,-0.519,4,6,5,0.0,-0.453,7,0.0,7,2,6,0,2,-0.411,5,0,5,0,7,0,0.868,6,0.805,5,3,5,1,3,5,5,7,-0.762,7,0
3,2,4,2,0.0,3,5,0.505,5,2,1,0.0,0.456,0,0.0,3,3,2,0,4,0.384,2,6,1,0,2,1,0.827,7,2.631,2,0,3,3,0,1,5,7,0.467,1,0
1,4,1,7,0.0,4,6,-0.678,0,6,6,0.0,-0.538,6,0.0,1,4,4,0,7,-1.385,7,4,0,0,3,6,1.127,0,-0.929,1,6,2,1,3,5,0,4,-0.209,0,0
2,5,7,3,0.0,7,2,-1.887,7,3,5,0.0,-0.933,7,0.0,0,3,5,0,0,-1.801,3,2,1,0,5,0,0.914,5,-0.904,4,0,7,0,0,6,3,3,-0.886,3,0
1,1,4,4,0.0,6,3,0.546,7,0,7,0.0,-0.417,3,0.0,0,6,3,0,0,0.598,3,2,3,0,7,0,1.004,5,-0.043,5,0,1,1,0,1,0,1,0.218,5,0
2,2,2,2,0.0,5,1,-0.438,4,6,3,0.0,2.793,4,0.0,5,1,7,0,6,-0.052,5,7,5,0,3,3,0.88,7,-0.832,0,1,3,7,2,5,7,4,-1.018,3,0
3,2,6,0,1061.79,1,3,1.809,7,3,6,0.0,-2.973,4,0.0,4,2,0,1,6,-0.765,5,2,7,0,5,0,1.14,1,-0.977,0,3,2,1,0,4,0,0,0.811,4,1
4,4,6,7,0.0,6,0,0.459,5,1,0,0.0,2.004,0,0.0,1,3,7,0,6,-0.055,0,2,0,0,2,1,1.227,0,-1.49,5,3,1,4,5,2,4,7,0.43,7,0
7,6,0,3,625.18,4,5,0.087,3,2,4,0.0,1.23,5,11.79,6,7,4,0,7,0.382,5,0,2,1,2,6,0.767,1,1.494,2,5,2,7,3,1,5,0,0.523,7,1
6,3,7,6,0.0,4,1,-1.558,3,7,4,0.0,2.689,1,0.0,0,7,3,0,1,-0.174,2,7,5,0,1,7,1.333,1,-1.209,3,6,7,5,2,3,1,0,-0.004,2,0
6,3,5,4,0.0,2,3,0.049,3,4,6,0.0,-1.428,3,0.0,7,3,6,0,4,-1.608,7,4,7,0,4,4,1.007,3,1.152,1,2,0,6,6,0,3,7,0.357,0,0
0,3,0,6,0.0,3,7,-1.348,5,4,2,0.0,0.088,7,0.0,3,6,0,0,1,-2.543,0,6,0,0,1,0,0.982,1,-1.091,0,5,4,4,7,1,7,1,-0.959,3,0
5,5,4,3,0.0,2,0,-0.192,0,3,4,0.0,-1.743,6,0.0,3,7,2,0,6,0.064,7,3,1,0,0,6,0.529,3,0.698,5,7,5,0,6,5,1,7,0.176,6,0
5,0,7,5,0.0,0,4,-0.166,4,6,5,0.0,2.019,2,0.0,3,2,7,0,1,-1.529,2,6,6,0,6,0,0.941,2,-0.05,3,2,3,6,3,0,2,5,-0.443,5,0
7,2,0,2,0.0,5,5,-0.36,5,7,5,0.0,3.962,5,0.0,6,7,1,0,0,-0.008,3,0,0,0,5,3,1.425,3,1.143,5,1,1,3,0,2,6,4,-0.052,1,0
4,5,7,5,0.0,7,1,-1.144,5,0,5,0.0,-0.478,3,0.0,0,7,5,0,2,-1.951,5,7,4,0,1,1,0.783,1,-0.35,0,5,6,4,5,3,1,2,-1.127,5,0
1,7,7,1,0.0,1,6,0.207,7,6,5,0.0,-1.399,3,0.0,5,4,7,0,6,-0.058,0,3,4,0,6,5,0.85,0,-1.518,0,4,3,2,1,5,3,7,-0.375,6,0
5,4,6,3,0.0,4,7,0.052,0,4,5,0.0,1.845,2,0.0,1,4,3,0,3,-1.576,4,0,7,0,6,2,0.84,1,1.258,5,6,6,6,3,2,6,2,-0.562,2,0
2,1,4,2,0.0,6,4,0.675,4,7,7,0.0,-1.804,3,0.0,2,5,0,0,1,1.95,5,5,6,0,0,5,0.945,3,-2.003,0,0,0,5,0,5,2,4,0.132,5,0
0,4,0,0,0.0,6,1,1.472,6,4,3,0.0,-1.083,5,0.0,7,5,2,0,6,2.143,3,0,1,0,2,7,0.986,1,0.787,6,7,0,4,7,2,6,5,0.905,4,0
7,0,0,2,0.0,0,5,-0.005,6,0,1,0.0,1.432,6,0.0,5,6,6,0,1,0.224,6,3,6,0,2,1,0.967,3,0.145,5,3,7,4,3,1,5,6,-0.608,0,0
1,2,4,7,1749.94,7,3,2.152,0,0,5,0.0,-1.482,7,0.0,2,2,3,1,3,2.9,6,7,0,1,4,1,1.33,7,1.05,1,7,6,5,4,3,5,7,2.246,0,1
0,4,4,3,0.0,2,5,-1.252,3,0,1,0.0,-0.128,4,0.0,6,6,3,0,3,-0.885,5,6,4,0,7,6,1.195,7,1.538,0,1,4,3,3,4,3,4,-0.445,2,0
1,2,4,7,0.0,6,6,1.2,0,2,4,0.0,-1.195,1,0.0,1,1,6,0,1,-0.528,4,0,6,0,1,0,0.981,2,-0.103,6,5,5,6,2,2,6,7,0.264,4,0
0,6,6,5,0.0,3,3,0.144,1,3,7,0.0,-1.411,1,0.0,0,6,0,0,1,0.017,0,5,1,0,1,7,1.251,5,0.469,0,6,0,6,5,0,0,5,-0.317,5,0
2,6,4,7,0.0,1,6,0.378,2,1,5,0.0,-1.007,7,0.0,0,7,2,0,1,0.442,3,6,2,0,3,0,1.07,6,-0.218,1,4,2,6,3,1,7,1,-0.368,3,0
4,0,1,6,0.0,7,6,-0.484,5,0,2,0.0,1.655,7,0.0,3,7,7,0,0,-0.086,7,5,5,0,0,6,1.365,3,-0.655,7,7,5,1,7,7,2,1,-0.037,3,0
1,1,0,3,0.0,4,3,-0.502,3,4,4,0.0,1.694,5,0.0,3,2,2,0,5,1.315,1,4,2,0,0,3,1.018,2,2.109,7,3,5,2,3,1,0,2,0.432,0,0
5,6,1,4,0.0,2,5,-0.206,4,5,5,0.0,4.745,5,0.0,7,2,1,0,0,1.51,1,4,0,0,6,1,0.881,4,-0.676,7,0,7,1,3,2,6,7,-0.268,3,0
0,0,7,7,0.0,6,6,0.181,5,0,1,0.0,0.895,3,0.0,6,4,5,0,1,0.38,1,7,2,0,0,1,1.103,6,1.447,4,6,1,5,6,2,3,0,0.526,5,0
5,7,0,3,0.0,0,0,-0.303,5,7,4,0.0,1.288,5,0.0,1,0,2,0,6,-0.407,7,6,6,0,1,7,1.113,4,-0.847,0,1,4,1,1,5,2,3,-0.477,1,0
4,7,4,2,0.0,2,7,1.938,3,5,1,0.0,3.935,1,0.0,5,6,5,0,5,1.184,6,0,0,0,5,5,1.007,5,-2.425,3,4,2,1,3,1,3,6,1.428,1,0
3,0,2,7,1579.28,5,6,2.028,5,7,3,0.0,2.612,2,4.59,2,1,0,1,4,3.297,6,5,2,1,1,0,1.633,3,3.426,5,1,4,5,5,3,7,6,1.965,4,1
7,5,5,6,0.0,2,6,0.146,1,0,1,0.0,-0.333,6,19.38,2,7,5,1,1,1.303,1,4,7,0,3,1,0.819,7,-1.858,4,4,4,6,7,6,5,6,0.046,3,1
0,2,7,2,0.0,5,1,0.271,2,6,0,0.0,-4.019,6,0.0,2,7,3,0,7,-0.228,3,2,2,0,6,6,0.666,5,0.071,1,6,3,6,4,0,0,4,0.12,2,0
5,6,7,7,0.0,2,4,1.219,5,1,1,0.0,1.115,4,0.0,2,2,4,0,6,0.749,1,1,5,0,7,0,1.085,2,1.27,3,1,0,4,4,6,4,1,0.436,5,0
1,6,1,5,0.0,2,0,-0.081,4,5,3,0.0,1.618,2,0.0,4,4,2,0,2,1.546,1,2,5,0,7,3,0.92,7,1.372,2,4,6,4,7,4,6,0,-0.144,0,0
7,1,7,4,0.0,4,7,0.438,3,2,4,0.0,1.685,7,0.0,4,2,3,0,1,0.712,1,5,7,0,3,4,1.108,4,1.096,4,0,5,5,7,3,1,5,0.21,4,0
7,6,7,0,0.0,1,5,-0.782,2,3,3,0.0,1.037,0,0.0,4,2,3,0,7,-0.888,5,5,0,0,7,3,1.131,2,-4.433,4,6,0,6,7,1,5,4,-0.311,2,0
6,4,2,4,0.0,1,6,0.7,0,5,4,0.0,2.08,5,0.0,1,5,7,0,3,1.577,7,5,5,0,6,2,0.842,7,2.766,7,4,7,6,1,2,5,2,0.001,5,0
5,7,2,1,0.0,2,7,0.277,4,6,4,0.0,-0.275,7,0.0,0,7,6,0,2,-1.288,5,7,6,0,2,4,1.214,1,3.115,3,4,1,7,6,5,0,5,0.361,0,0
6,1,4,2,0.0,6,3,-0.299,2,7,0,0.0,-2.386,5,0.0,7,7,0,0,7,-3.164,3,7,2,0,7,2,1.189,2,-2.604,2,2,3,3,7,4,4,5,-0.784,6,0
1,6,5,4,0.0,0,3,1.054,7,4,5,0.0,-2.001,2,18.18,6,7,2,1,3,1.768,0,1,0,1,6,1,1.466,0,1.659,3,0,0,3,7,5,3,1,1.492,7,1
4,3,3,1,2045.09,5,3,2.433,6,5,0,0.0,0.935,3,0.0,2,2,1,1,4,1.442,2,2,6,1,5,7,1.46,6,3.819,7,5,3,2,1,0,0,1,2.309,7,1
2,7,6,2,0.0,7,2,-0.535,4,3,2,0.0,0.268,5,0.0,1,5,2,0,4,0.308,1,1,2,0,5,0,1.15,7,2.387,4,7,0,2,6,5,1,1,-0.002,6,0
1,3,4,3,0.0,4,5,-0.204,5,6,2,0.0,-3.059,0,0.0,0,3,0,0,1,-1.045,6,7,3,0,7,7,0.611,5,1.593,3,4,1,5,7,3,2,1,0.079,7,0
2,7,6,7,0.0,6,5,0.791,7,6,1,0.0,-4.179,3,0.0,3,2,6,0,1,-0.849,7,7,7,0,5,7,1.09,5,2.727,2,0,0,2,6,7,5,3,0.233,6,0
5,5,3,0,0.0,3,4,-0.389,6,7,2,0.0,0.033,7,0.0,1,5,1,0,3,-2.926,6,1,4,0,2,1,1.38,4,-3.364,6,6,7,4,3,2,1,1,-0.897,0,0
2,1,2,7,0.0,1,7,-0.455,4,6,7,0.0,1.669,2,0.0,3,0,2,0,1,0.16,1,6,6,0,3,3,0.915,5,-0.02,0,3,7,3,1,5,1,5,0.061,5,0
7,3,5,6,0.0,6,4,0.047,5,5,1,0.0,1.431,2,0.0,4,7,5,0,6,1.223,3,1,6,0,7,6,1.029,1,-0.4,3,7,1,6,5,4,5,2,-0.009,6,0
6,2,0,7,0.0,0,7,-1.012,5,4,0,0.0,-3.106,0,0.0,7,4,1,0,4,0.468,5,4,6,0,7,3,0.91,0,-1.248,6,0,2,6,7,4,7,7,-0.935,6,0
4,3,0,4,0.0,3,4,-1.463,1,0,0,0.0,-2.649,6,0.0,7,3,4,0,2,-2.218,6,6,4,0,6,5,1.359,5,-2.918,2,1,4,4,6,1,4,4,-1.16,4,0
5,1,4,6,0.0,3,1,0.28,6,1,4,0.0,0.682,6,0.0,6,6,2,0,4,2.61,0,5,4,0,1,4,1.174,3,-2.093,3,6,5,1,5,7,2,1,-0.192,2,0
7,7,7,5,0.0,6,6,-1.062,3,6,6,0.0,3.155,3,0.0,2,2,0,0,2,-3.397,6,1,3,0,0,1,0.752,2,-0.026,0,4,7,6,7,0,3,6,-1.011,7,0
4,2,5,4,0.0,6,3,0.194,0,4,6,0.0,-2.851,0,0.0,1,0,3,0,3,-0.778,5,0,7,0,2,5,1.006,2,0.985,6,5,4,5,6,3,6,7,0.241,5,0
0,0,1,4,0.0,3,7,-0.507,5,3,6,0.0,-2.481,2,0.0,6,2,6,0,5,-0.498,7,4,1,0,6,5,1.112,4,1.947,3,4,7,3,1,1,5,4,-0.273,7,0
7,4,1,1,0.0,1,0,-1.016,0,6,7,0.0,1.798,2,0.0,6,3,6,0,1,-0.209,0,4,5,0,0,5,1.329,5,-1.182,4,0,3,5,3,0,1,4,-1.006,4,0
0,4,4,4,0.0,7,1,0.374,1,1,6,0.0,-0.283,5,0.0,5,1,1,0,0,-0.302,3,0,5,0,1,2,0.937,7,-1.81,4,4,1,6,6,7,7,3,0.161,3,0
7,1,6,5,0.0,7,4,-0.987,0,7,7,0.0,-0.676,7,0.0,5,4,6,0,2,-1.022,3,7,2,0,1,7,0.961,4,-2.037,1,2,2,0,6,3,3,7,-0.741,6,0
1,0,4,4,0.0,0,1,-0.514,0,3,3,0.0,-4.027,1,0.0,2,6,7,0,2,0.396,6,0,4,0,1,1,1.205,2,-1.878,2,0,7,7,0,1,3,7,-0.703,4,0
1,1,5,1,1218.84,7,3,0.959,1,4,6,0.0,1.668,6,12.16,4,2,2,1,7,-0.079,0,7,7,1,6,5,1.37,0,2.109,6,6,7,1,7,4,3,7,1.259,3,1
4,4,4,1,0.0,6,3,0.591,4,6,3,0.0,0.47,0,0.0,3,4,1,0,2,-0.94,1,2,7,0,0,4,1.206,6,0.371,6,0,0,0,5,6,0,1,0.271,1,0
6,2,0,7,0.0,7,4,0.076,6,7,7,0.0,0.811,7,0.0,3,5,0,0,5,0.954,0,5,2,0,7,7,0.655,4,-0.282,6,0,7,1,5,4,5,5,0.489,4,0
7,5,7,3,0.0,3,1,0.479,4,0,0,0.0,0.374,0,3.35,4,3,7,0,1,2.295,3,7,6,1,5,4,1.561,4,5.797,6,2,1,1,3,0,5,5,0.836,4,1
6,3,3,7,0.0,2,5,0.433,5,7,7,0.0,4.935,4,0.0,2,5,1,0,2,1.145,5,1,0,0,2,2,0.911,5,0.189,3,4,3,0,2,7,3,7,0.502,6,0
4,3,3,6,0.0,2,5,-0.923,1,4,4,0.0,-1.764,3,0.0,4,7,3,0,6,-0.697,5,5,6,0,2,5,0.916,0,-2.353,2,1,5,1,6,4,6,5,-0.172,3,0
5,4,4,6,1437.26,1,4,2.054,1,4,7,0.0,3.192,3,0.0,3,0,1,1,7,3.104,7,4,6,1,1,1,1.209,0,1.382,1,0,6,2,2,3,3,0,1.941,5,1
3,3,6,7,1839.98,7,5,2.071,4,6,0,0.0,1.832,0,0.0,1,2,2,1,2,2.588,1,7,4,1,3,1,1.226,7,2.137,0,2,5,0,3,7,5,6,1.419,7,1
7,0,0,0,0.0,6,1,0.075,6,2,6,0.0,0.585,7,0.0,5,6,2,0,1,-0.585,1,6,5,0,5,0,0.824,1,-1.434,3,7,1,5,1,3,6,0,-0.863,3,0
0,5,1,0,584.29,1,4,0.309,6,6,6,0.0,2.82,0,0.0,0,4,2,0,3,1.198,5,2,4,1,5,6,0.742,3,2.843,3,5,7,2,4,3,5,6,0.631,4,1
1,4,3,4,0.0,7,4,-0.986,3,5,5,0.0,0.638,4,0.0,4,5,4,0,0,-1.956,4,4,2,0,7,5,1.053,5,-0.691,1,4,6,3,2,3,1,5,-1.351,1,0
6,3,3,7,0.0,4,6,-0.681,5,4,7,0.0,-3.518,1,0.0,4,3,2,0,5,-0.269,0,1,2,0,0,1,1.316,6,1.777,2,4,0,5,4,3,1,1,-0.327,4,0
0,5,1,4,0.0,3,4,0.679,4,6,6,0.0,0.16,6,0.0,3,5,5,0,4,-1.51,7,2,5,0,4,7,1.404,4,-0.119,4,0,4,1,6,1,1,7,0.136,5,0
4,0,5,3,0.0,7,2,0.385,2,2,4,0.0,1.491,2,0.0,6,2,6,0,7,0.389,4,2,6,0,0,6,0.809,5,-1.77,5,0,2,3,0,3,2,2,-0.117,3,0
1,4,0,6,0.0,1,0,0.757,3,2,5,0.0,-3.771,7,0.0,2,4,7,0,5,-0.296,0,3,2,0,3,1,1.301,2,4.368,5,2,7,2,5,1,3,3,0.582,6,0
5,7,0,0,0.0,7,7,1.239,7,7,0,0.0,1.436,0,0.0,2,6,5,0,4,-0.026,1,1,0,0,2,5,0.934,7,-0.06,4,7,2,3,7,0,7,0,0.576,3,0
2,3,7,3,0.0,2,0,-0.859,5,3,7,0.0,-3.204,4,0.0,3,0,1,0,6,0.725,5,1,6,0,3,0,1.326,4,1.243,6,2,2,7,0,0,0,2,-0.52,2,0
6,7,2,7,0.0,4,6,0.339,5,3,2,0.0,1.09,6,0.0,2,6,3,0,2,-0.818,0,6,2,0,7,5,0.868,6,2.449,0,2,6,1,4,6,1,7,0.106,6,0
4,1,4,1,1559.08,7,4,1.012,7,1,1,0.0,0.935,0,0.0,2,5,5,1,4,0.555,3,6,3,1,6,5,1.1,1,-0.248,2,7,4,6,1,7,6,0,1.298,4,1
4,7,7,1,0.0,5,0,-1.713,7,4,6,0.0,-1.572,3,0.0,4,7,0,0,4,-1.136,0,0,1,0,2,6,1.318,7,-2.225,0,5,1,2,0,7,3,7,-1.551,3,0
2,7,4,3,0.0,7,7,0.9,0,6,4,0.0,-1.376,2,0.0,2,2,1,0,4,0.65,1,0,1,0,3,7,1.089,0,3.685,3,5,0,5,5,5,7,4,-0.326,0,0
4,1,3,4,0.0,7,3,-0.045,3,2,1,0.0,3.565,4,0.0,2,3,3,0,7,-0.76,1,6,6,0,4,3,1.014,1,1.306,7,4,0,3,2,0,4,3,-0.292,3,0
7,2,1,5,0.0,6,6,-0.88,0,2,4,0.0,-3.613,6,0.0,4,1,7,0,3,-0.396,4,3,5,0,2,2,0.786,6,-0.541,1,1,0,3,7,6,6,0,-1.584,7,0
4,6,2,4,0.0,4,1,-0.655,3,2,5,0.0,-2.365,0,0.0,5,1,2,0,4,-2.698,4,4,3,0,3,2,0.941,6,-1.156,6,4,4,4,6,4,0,6,-1.214,3,0
2,0,3,5,764.19,3,3,2.582,4,4,7,0.0,1.744,6,0.0,4,4,1,1,5,2.416,4,6,3,1,4,5,1.441,0,4.507,1,6,3,3,2,3,4,5,2.269,1,1
6,2,2,7,0.0,3,7,-1.961,3,0,2,0.0,-1.173,0,0.0,6,6,4,0,4,-1.632,0,2,5,0,0,6,0.536,1,-0.406,0,2,6,2,4,3,0,5,-2.133,1,0
6,1,6,1,1240.13,6,0,2.247,5,0,1,0.0,-0.498,6,18.76,0,6,5,1,5,0.465,5,4,2,1,5,0,1.434,5,3.598,5,4,3,3,7,5,7,0,1.479,5,1
3,0,4,2,0.0,5,0,-0.287,2,4,1,0.0,-0.189,6,0.0,7,5,4,0,7,0.033,1,7,2,0,3,4,0.684,6,-0.302,5,1,4,0,7,4,2,4,-0.265,7,0
3,5,3,2,0.0,7,5,-1.145,3,5,7,0.0,-5.304,7,0.0,7,6,0,0,5,-0.817,4,4,7,0,1,2,0.702,2,-1.886,0,5,6,0,4,1,6,6,-0.862,5,0
2,0,4,7,0.0,2,7,-0.465,7,1,0,0.0,0.241,2,0.0,4,2,0,0,0,-1.848,6,6,5,0,5,0,0.951,7,-1.261,3,6,1,4,3,2,5,0,-0.565,0,0
4,2,3,7,728.29,2,2,0.781,7,3,7,0.0,-0.652,2,0.0,0,6,7,0,7,2.169,0,5,7,1,0,4,1.028,0,0.794,6,6,2,4,2,7,0,5,1.278,4,1
4,2,3,4,69.51,1,0,2.757,7,2,1,0.0,5.587,6,0.0,6,3,6,1,3,2.604,2,6,0,1,0,3,1.622,2,2.258,3,0,1,0,3,4,4,1,3.073,6,1
1,1,4,7,0.0,0,2,-1.331,5,1,3,0.0,-2.085,1,0.0,5,3,4,0,3,-1.01,0,2,3,0,6,7,0.986,0,-0.792,0,5,1,0,3,1,4,4,-0.42,0,0
4,0,1,2,0.0,2,5,-0.796,7,4,7,0.0,-1.86,4,0.0,5,4,0,0,7,0.53,3,4,1,0,3,4,0.984,7,-2.845,3,2,3,1,7,6,1,4,-1.023,1,0
7,1,5,4,0.0,3,4,0.243,4,1,5,0.0,-3.977,0,0.0,1,0,5,0,5,0.745,1,0,6,0,2,2,0.961,5,-2.154,5,7,7,5,4,7,2,0,0.783,7,0
1,2,1,7,1211.72,6,4,1.077,2,5,7,0.0,1.49,4,17.6,0,3,1,0,5,1.423,3,2,4,1,1,1,1.241,5,1.33,4,2,6,7,1,7,1,2,0.954,2,1
1,0,4,6,0.0,0,4,1.113,3,7,0,0.0,4.883,2,0.0,2,0,3,0,6,0.904,3,3,2,0,7,4,0.768,1,-2.035,4,1,4,5,5,0,6,6,0.563,7,0
2,5,5,1,0.0,0,7,-0.468,4,4,0,0.0,-0.616,6,0.0,4,5,0,0,1,-0.158,6,1,4,0,7,2,0.905,4,-1.136,2,1,6,7,7,5,5,1,-0.595,4,0
7,0,0,3,0.0,0,6,-1.782,6,7,2,0.0,-1.349,1,0.0,2,6,1,0,3,-1.343,6,1,3,0,1,6,0.805,5,-0.614,0,5,7,1,5,5,6,4,-1.328,0,0
3,2,5,2,0.0,4,5,-1.687,4,0,6,0.0,0.504,3,0.0,7,5,2,0,5,-2.0,4,1,3,0,0,3,1.087,1,-1.903,0,7,2,0,1,2,7,6,-1.165,2,0
6,7,2,2,0.0,7,4,0.586,4,5,6,0.0,-0.667,7,0.0,7,4,0,0,6,-1.338,1,4,5,0,2,3,0.886,2,-1.732,1,4,0,7,3,4,6,3,-0.346,4,0
7,4,1,4,0.0,1,5,-0.339,5,5,6,0.0,-1.677,2,0.0,5,7,6,0,6,0.063,1,6,0,0,6,4,0.942,0,-0.949,4,3,6,5,5,0,2,7,-0.127,3,0
5,4,1,7,0.0,2,4,1.012,0,3,6,0.0,0.746,3,0.0,3,3,3,0,6,1.819,3,4,5,0,1,4,1.291,6,0.596,6,2,2,4,3,7,1,0,0.415,4,0
5,4,5,6,0.0,5,5,1.493,2,3,6,0.0,-0.143,3,0.0,7,5,0,0,1,-1.037,3,2,5,0,0,7,1.046,1,-1.485,5,6,1,6,5,1,4,0,0.88,6,0
0,1,3,2,0.0,0,0,0.486,6,1,6,0.0,3.366,6,0.0,1,5,7,0,6,-2.002,3,7,5,0,3,7,0.647,1,0.991,4,7,7,4,4,6,0,4,-0.009,3,0
0,7,3,1,0.0,0,2,0.173,7,6,3,0.0,-1.824,4,0.0,5,3,7,0,5,-1.123,3,1,6,0,1,3,1.038,0,0.13,2,3,7,5,7,7,1,1,-0.195,2,0
5,5,5,4,0.0,3,2,-1.27,4,2,0,0.0,-0.066,5,0.0,4,2,7,0,5,-0.66,6,7,4,0,2,4,1.268,5,-0.312,1,7,7,0,5,5,0,5,-0.854,4,0
5,4,7,1,0.0,6,0,-1.723,5,7,6,0.0,-2.23,6,0.0,4,4,7,0,6,-1.419,1,0,3,0,6,0,1.12,5,2.315,0,0,5,3,3,6,0,7,-0.503,5,0
1,1,2,0,213.43,5,4,1.581,1,0,0,0.0,3.879,2,0.0,3,3,0,1,6,0.531,5,1,5,1,4,6,1.123,4,2.47,1,3,4,0,7,2,7,3,1.76,5,1
3,3,3,7,829.17,4,1,0.074,7,6,2,0.0,1.59,1,0.0,6,5,1,1,3,1.172,7,1,7,1,4,2,0.934,7,-0.49,4,0,3,3,1,5,2,6,1.034,6,1
2,4,0,0,0.0,2,3,0.697,6,7,4,0.0,0.366,4,0.0,0,5,6,0,1,0.95,3,5,3,0,0,1,1.061,6,-0.268,2,0,5,1,0,2,0,5,0.601,2,0
6,2,2,0,1912.57,2,2,1.222,4,6,4,0.0,-1.464,2,0.0,0,2,4,1,2,2.919,7,0,4,1,4,7,1.374,0,2.82,4,7,5,1,0,2,0,6,1.339,3,1
6,7,1,2,0.0,1,7,-1.271,1,5,5,0.0,-0.529,0,0.0,3,5,4,0,0,0.159,3,1,6,0,0,4,0.944,6,-0.828,3,0,0,7,1,3,6,7,-0.558,2,0
6,0,6,0,1506.53,7,6,0.212,2,3,5,0.0,2.349,7,0.0,0,0,4,0,7,1.379,7,0,1,1,0,4,1.165,7,0.256,4,7,7,5,7,5,4,3,0.777,3,1
6,1,5,4,724.11,6,2,1.988,2,7,1,0.0,-1.566,2,0.0,6,0,0,1,7,2.099,6,3,2,1,3,3,1.437,5,2.447,3,7,1,2,2,2,3,7,1.494,1,1
4,2,7,0,423.85,6,7,1.246,4,4,5,0.0,-0.836,0,0.0,7,4,5,0,6,1.632,6,4,7,1,2,0,1.026,7,3.123,7,5,5,0,4,7,3,4,0.972,7,1
5,6,5,1,1313.53,1,3,2.199,6,4,7,0.0,4.25,1,1.82,1,1,2,1,3,5.681,2,5,6,1,6,3,1.06,2,2.251,0,6,4,5,5,4,5,6,1.818,2,1
3,5,4,2,0.0,6,3,-0.967,0,5,7,0.0,-1.117,0,0.0,6,3,3,0,3,0.467,5,2,7,0,6,5,1.026,4,-1.626,2,0,4,7,4,6,6,1,-0.532,6,0
7,2,2,2,0.0,4,5,-1.6,5,3,6,0.0,-2.467,5,0.0,4,2,2,0,5,-2.212,2,6,1,0,2,5,0.894,6,-1.708,5,1,0,2,4,7,7,5,-0.785,4,0
0,4,2,7,0.0,5,3,-0.083,3,2,1,0.0,-1.263,7,0.0,6,3,3,0,2,1.232,3,6,3,0,4,6,0.888,6,0.681,4,2,7,7,5,1,7,2,0.312,4,0
2,5,7,6,0.0,0,3,1.875,2,3,1,0.0,0.386,5,0.0,3,5,3,0,0,2.846,0,0,3,0,4,5,1.138,4,1.382,6,4,3,0,2,4,7,5,1.532,3,0
4,4,4,6,0.0,7,3,-1.228,6,1,7,0.0,-3.562,1,0.0,1,3,2,0,5,-1.296,5,7,5,0,1,1,0.635,3,1.467,6,4,4,3,5,2,3,6,-1.618,2,0
1,3,0,6,0.0,4,1,0.276,2,3,1,0.0,2.043,6,0.0,7,1,2,0,5,2.198,1,4,5,0,6,7,1.015,1,2.121,1,7,1,7,4,4,0,1,0.46,4,0
2,5,3,1,0.0,2,1,-0.691,1,3,5,0.0,-0.477,2,0.0,1,7,0,0,0,-2.449,6,5,1,0,4,6,0.848,7,-1.029,6,2,5,7,6,0,3,7,-1.55,1,0
7,1,4,1,0.0,2,5,0.156,1,2,2,0.0,-0.81,0,0.0,2,2,4,0,3,0.787,4,4,4,0,2,1,0.948,4,3.222,4,0,2,1,5,6,4,0,0.029,4,0
1,6,4,4,0.0,2,5,1.596,6,6,5,0.0,2.379,6,23.68,0,5,6,0,7,1.366,6,7,5,1,3,7,0.945,6,0.722,0,2,6,1,0,5,0,2,0.604,3,1
1,3,4,5,0.0,6,7,-1.371,6,7,7,0.0,1.969,6,0.0,5,2,7,0,6,0.009,2,6,3,0,1,2,1.172,2,-1.466,1,1,5,1,6,5,5,3,-1.293,1,0
4,0,4,4,0.0,1,0,1.146,3,4,7,0.0,3.798,3,0.0,5,6,1,0,1,1.614,4,4,6,0,6,1,0.987,0,-1.239,4,4,3,2,7,7,4,5,0.232,2,0
7,5,0,0,0.0,3,6,-0.748,1,7,6,0.0,-1.455,3,0.0,2,7,4,0,2,0.534,5,2,5,0,5,2,1.36,4,-1.387,0,4,5,3,3,0,0,6,-1.087,0,0
6,2,7,2,0.0,7,5,1.028,6,2,7,0.0,-0.85,6,0.0,4,1,2,0,7,1.586,2,6,1,1,0,6,1.521,7,0.612,4,2,1,0,2,0,1,4,1.113,0,1
5,1,2,6,406.46,2,7,1.233,1,3,3,0.0,-1.072,6,0.0,2,5,7,0,5,1.68,6,0,5,1,3,1,1.574,0,1.469,4,6,3,6,2,5,4,4,0.394,7,1
1,4,2,1,0.0,1,3,-0.552,4,2,1,0.0,0.609,6,0.0,2,5,2,0,6,-0.767,3,2,1,0,1,1,1.2,2,-1.713,2,5,4,2,4,7,6,4,-0.619,0,0
1,0,3,6,0.0,3,5,-1.581,2,5,4,0.0,-1.842,0,0.0,4,3,5,0,3,-0.402,5,5,5,0,5,2,0.879,2,-0.624,0,5,3,2,7,6,5,0,-1.538,6,0
7,0,5,3,0.0,1,4,-1.103,4,5,0,0.0,-2.619,7,0.0,2,7,4,0,3,-2.693,7,2,0,0,3,5,0.979,4,1.882,2,2,1,4,2,7,5,1,-1.98,6,0
7,6,0,2,0.0,0,7,0.523,7,1,2,0.0,0.31,4,0.0,1,0,5,0,6,1.376,3,2,7,0,6,4,1.056,4,0.212,0,6,5,6,2,4,1,3,-0.286,1,0
5,1,0,0,0.0,6,5,0.219,1,3,1,0.0,-0.7,0,0.0,0,3,3,0,6,-0.507,3,3,5,0,2,6,0.926,5,1.976,1,7,7,7,2,0,3,2,0.288,3,0
6,7,1,3,695.49,5,2,2.543,6,4,7,0.0,6.268,0,0.0,7,3,6,1,7,1.994,1,0,4,1,7,3,1.127,1,2.369,4,3,4,6,3,5,3,4,2.36,4,1
5,7,5,3,0.0,2,4,-0.45,6,6,6,0.0,-0.011,3,0.0,6,2,2,0,1,0.687,0,2,7,0,0,5,0.522,2,0.89,4,0,1,7,0,5,2,6,0.373,2,0
0,3,0,3,0.0,4,3,0.524,5,7,1,0.0,0.601,3,0.0,0,5,2,0,3,0.234,2,7,4,0,0,2,0.947,2,0.401,7,4,6,1,7,5,6,3,0.441,3,0
5,4,3,5,1017.2,4,3,1.411,6,0,1,0.0,1.696,5,0.0,1,0,5,1,6,2.622,2,1,6,0,7,5,1.27,1,1.855,7,4,0,7,2,4,3,4,1.288,4,1
4,2,0,2,0.0,2,1,-0.35,4,6,5,0.0,-1.288,5,0.0,3,0,2,0,5,-0.62,6,0,7,0,1,6,0.723,2,-1.46,3,3,6,5,2,7,4,2,-0.443,0,0
3,0,5,5,521.47,2,5,0.182,6,2,0,0.0,2.031,1,0.0,7,6,0,0,0,-0.604,4,3,0,1,1,5,1.347,4,0.516,3,5,3,7,4,0,3,3,0.825,4,1
0,2,1,1,0.0,5,5,0.839,0,4,6,0.0,1.553,2,20.17,3,3,5,0,2,0.311,4,0,5,1,3,2,1.299,2,2.224,7,6,4,6,0,7,2,1,0.963,0,1
2,1,6,3,0.0,0,0,0.96,7,3,6,0.0,0.865,1,0.0,5,3,4,0,1,-1.331,6,7,3,0,5,2,1.406,1,3.038,3,6,6,2,5,6,7,1,0.816,7,0
2,7,2,1,0.0,5,4,-0.067,3,5,3,0.0,-0.277,3,0.0,2,0,1,0,1,-0.394,6,4,2,0,5,1,0.809,7,-1.224,2,5,5,5,3,0,7,4,-0.277,7,0
2,0,1,6,0.0,4,1,0.796,3,1,1,0.0,3.531,7,3.87,7,7,2,0,5,0.487,2,4,1,1,4,3,1.159,3,0.919,2,5,4,1,0,4,0,2,0.689,4,1
5,2,2,3,405.02,2,0,0.999,7,4,3,0.0,2.064,6,0.0,4,7,3,1,7,0.52,3,0,4,1,3,7,1.492,3,-0.267,6,2,6,3,0,4,7,5,1.169,4,1
2,7,2,6,0.0,6,0,0.905,3,0,2,0.0,-0.99,1,0.0,3,5,1,0,6,0.155,5,4,3,0,1,4,0.835,2,2.236,1,6,4,3,5,0,1,3,0.756,0,0
7,0,1,2,0.0,6,0,-1.04,7,0,2,0.0,-2.425,1,0.0,0,3,1,0,0,-0.073,3,4,2,0,0,0,1.052,3,1.059,4,3,4,6,2,1,2,5,-0.128,0,0
5,5,2,7,0.0,1,3,-1.113,3,4,3,0.0,-1.853,6,0.0,3,7,3,0,1,0.434,3,3,5,0,4,7,1.106,1,-0.978,2,6,4,3,4,2,5,0,-0.436,2,0
3,7,7,4,607.78,3,7,2.276,3,4,6,0.0,0.02,0,0.0,1,4,5,1,7,0.387,2,4,5,1,7,5,0.883,0,2.953,5,1,2,5,0,6,2,1,1.827,3,1
4,4,5,7,0.0,6,4,-0.32,1,2,6,0.0,-2.628,6,0.0,5,0,2,0,6,-2.183,6,0,0,0,1,7,0.857,3,-2.011,4,4,1,4,5,2,7,1,-0.269,1,0
0,7,7,7,0.0,6,0,-1.05,1,0,2,0.0,-3.058,0,0.0,7,1,1,0,0,0.911,3,3,2,0,0,1,1.291,4,-0.626,3,0,4,3,6,0,0,0,-1.509,1,0
7,7,7,7,0.0,4,7,0.51,6,1,7,0.0,3.403,1,0.0,0,5,4,0,3,-1.284,4,7,0,0,7,0,0.813,7,-0.939,6,4,5,3,2,0,7,6,0.041,2,0
4,7,0,3,0.0,1,6,0.142,7,0,7,0.0,-1.626,2,0.0,4,2,6,0,5,-1.531,3,1,1,0,7,0,1.042,1,-3.697,1,6,7,5,2,5,6,3,-0.401,0,0
3,6,1,1,0.0,3,2,0.531,0,7,4,0.0,2.456,5,0.0,5,5,3,0,7,1.799,6,2,0,0,3,1,1.145,6,3.043,4,0,7,2,2,1,2,7,0.623,6,0
2,0,1,4,0.0,0,3,1.361,4,1,5,0.0,0.694,1,0.0,0,4,2,0,7,0.379,0,6,3,1,3,1,0.972,6,-0.324,3,0,6,7,5,1,3,4,1.49,6,1
1,1,4,0,1607.04,6,6,1.286,4,5,6,0.0,-1.341,2,0.0,6,0,2,1,1,0.162,3,3,1,1,1,0,1.21,2,3.88,1,1,7,7,0,7,1,1,1.668,2,1
4,2,2,6,0.0,7,7,-1.678,6,6,4,0.0,-1.062,7,0.0,1,4,0,0,1,-1.25,3,7,2,0,3,5,1.025,6,-2.107,1,5,2,2,6,2,3,1,-0.603,1,0
3,7,0,3,0.0,6,3,0.378,2,0,5,0.0,1.463,4,0.0,3,7,7,0,6,-0.244,6,4,3,0,7,4,0.946,3,-1.285,5,2,7,7,0,6,5,5,-0.022,2,0
7,6,4,2,0.0,7,2,0.22,7,3,4,0.0,0.771,5,0.0,4,7,3,0,1,-0.178,6,0,1,0,3,3,1.018,4,4.23,5,0,3,0,2,6,0,2,0.274,7,0
4,3,2,0,0.0,3,7,-0.815,1,3,1,0.0,0.039,5,0.0,3,6,1,0,1,-0.742,1,0,1,0,6,0,1.142,5,-0.643,5,0,0,0,7,3,0,6,-1.224,0,0
7,5,4,3,0.0,6,5,1.011,0,4,4,0.0,-1.426,6,0.0,4,1,1,0,7,-0.587,5,6,3,0,6,0,0.921,0,-0.94,4,6,0,7,5,7,2,3,0.037,1,0
0,7,7,0,0.0,6,2,1.066,4,5,4,0.0,3.336,5,0.0,5,1,0,0,7,-1.488,7,0,2,0,7,0,0.777,2,0.189,5,0,5,5,1,1,1,2,0.596,7,0
1,0,1,7,0.0,2,3,-0.64,2,5,1,0.0,0.222,1,0.0,0,3,7,0,6,-1.506,4,5,7,0,3,2,0.745,1,-1.335,5,1,7,6,7,6,5,3,-0.435,5,0
1,0,1,2,0.0,2,1,0.279,3,2,2,0.0,-3.691,3,0.0,5,6,2,0,6,-0.388,1,2,2,0,7,2,0.671,0,-0.697,5,4,4,4,3,5,2,2,0.368,1,0
3,4,0,3,0.0,2,2,-1.581,5,5,5,0.0,-3.193,2,0.0,5,4,6,0,2,-3.379,1,6,6,0,7,7,0.926,3,-3.59,6,1,5,6,1,0,2,7,-1.574,5,0
6,0,5,3,0.0,6,2,0.152,1,7,0,0.0,0.513,0,0.0,7,2,7,0,7,1.764,2,0,5,0,0,5,0.975,4,1.216,6,4,5,7,6,0,4,3,0.145,4,0
5,3,1,6,1210.24,5,1,1.709,0,7,0,0.0,-3.62,2,0.0,0,4,4,0,2,-1.109,1,6,3,1,1,6,1.031,0,1.199,5,7,4,2,0,0,3,2,1.285,5,1
2,1,2,0,0.0,5,0,-2.542,5,6,6,0.0,-3.27,7,0.0,1,0,1,0,4,-0.606,0,5,0,0,4,4,0.921,5,-2.287,2,1,7,2,4,1,3,0,-2.291,4,0
4,5,2,6,0.0,2,7,-0.466,3,5,3,0.0,-0.377,6,0.0,3,4,4,0,7,0.397,2,5,2,0,6,1,1.027,2,-0.543,0,2,5,4,6,4,6,3,0.425,0,0
1,3,7,0,338.95,3,1,0.872,5,6,7,0.0,3.358,3,0.0,4,0,7,1,7,1.478,6,2,2,1,2,2,1.116,7,0.458,6,0,3,1,2,5,4,2,1.477,7,1
6,3,6,1,0.0,2,7,0.163,5,5,6,0.0,-1.323,0,0.0,5,3,7,0,6,-0.64,2,1,6,0,1,6,1.455,4,0.482,1,1,1,4,0,5,7,6,0.33,1,0
7,5,5,7,0.0,0,1,-0.302,3,2,3,0.0,-0.425,1,0.0,0,3,3,0,3,-2.09,5,4,5,0,6,2,0.692,6,0.091,0,1,5,0,4,7,6,7,-0.969,4,0
1,3,2,3,0.0,7,1,-0.918,6,7,7,0.0,1.085,5,0.0,3,2,7,0,1,-1.359,2,5,2,0,3,5,0.904,6,-0.668,0,0,1,4,4,4,3,5,-0.729,5,0
3,2,4,6,1649.98,2,2,2.794,3,2,3,0.0,0.817,1,12.04,4,2,6,1,1,1.572,7,4,2,1,1,1,1.492,6,4.386,4,1,6,1,1,4,5,3,2.119,4,1
3,0,7,5,0.0,2,5,-0.635,3,0,2,0.0,2.892,5,0.0,1,0,1,0,2,1.1,1,2,4,0,1,4,0.727,3,-0.122,6,3,7,5,1,5,3,2,-0.103,5,0
1,0,0,3,0.0,3,4,-0.862,6,3,3,0.0,0.08,4,0.0,1,0,6,0,4,-0.784,4,6,1,0,4,5,1.136,5,0.375,6,6,4,6,0,0,0,0,-0.864,3,0
5,5,6,1,0.0,5,7,-0.96,2,4,7,0.0,0.283,1,0.0,2,6,2,0,0,-1.744,6,5,4,0,4,2,1.15,2,1.348,4,5,6,3,7,4,1,6,-0.741,3,0
2,5,4,3,0.0,1,1,-0.042,6,6,7,0.0,-0.982,7,0.0,2,6,4,0,1,0.778,0,1,0,0,3,6,1.337,1,-0.185,7,3,1,0,5,6,3,4,0.486,7,0
4,0,3,0,0.0,6,1,-0.229,2,7,2,0.0,0.065,3,0.0,6,3,3,0,6,-0.038,5,0,4,0,5,6,1.243,6,1.293,7,3,2,1,1,5,0,2,0.262,3,0
3,0,3,2,0.0,3,7,0.436,3,7,7,0.0,1.309,4,0.0,4,6,5,0,1,1.951,3,4,0,1,1,6,1.517,4,-1.264,7,6,5,7,7,5,4,2,0.822,5,1
4,2,3,0,0.0,4,0,-0.04,5,3,4,0.0,-0.287,4,0.0,4,3,4,0,2,-0.804,6,0,1,0,3,1,1.095,1,-1.93,5,2,0,1,1,6,6,1,0.862,1,0
7,2,0,3,0.0,7,2,-0.758,5,4,3,0.0,-1.02,7,0.0,0,3,5,0,4,-1.01,7,2,2,0,1,0,0.848,5,-1.615,7,2,3,3,4,5,5,3,-0.622,5,0
1,4,0,2,0.0,1,6,-0.761,2,4,4,0.0,-0.768,1,0.0,7,6,7,0,3,0.323,4,7,6,0,3,7,0.95,0,-0.799,6,3,0,5,0,3,5,5,-1.416,5,0
4,4,6,1,0.0,6,2,-1.217,5,7,6,0.0,-4.869,1,0.0,2,6,3,0,5,-1.391,2,1,4,0,5,2,0.919,5,-1.406,6,3,2,3,7,5,7,5,-1.713,2,0
4,4,1,1,0.0,6,2,0.027,6,1,4,0.0,1.206,1,0.0,6,3,7,0,2,1.28,5,5,5,0,1,6,1.275,6,-1.703,6,1,1,1,2,4,3,0,0.954,2,0
7,5,2,1,0.0,7,6,-0.199,7,2,4,0.0,-2.194,6,0.0,0,6,2,0,3,2.76,1,5,0,0,1,0,0.782,5,0.582,4,5,2,5,6,6,1,6,0.349,5,0
6,6,6,1,0.0,3,7,1.084,5,0,6,0.0,2.273,5,0.0,5,5,4,0,4,1.898,0,3,5,0,6,6,1.273,7,-0.601,4,4,1,3,3,5,5,0,0.784,0,0
3,4,4,7,0.0,6,6,-1.413,1,0,1,0.0,1.962,5,0.0,1,5,7,0,2,-1.618,7,7,3,0,2,5,1.091,6,-0.826,1,6,2,1,1,0,5,2,-1.656,2,0
3,5,5,2,0.0,2,7,0.871,3,5,6,0.0,-1.563,2,0.0,5,5,3,0,4,1.718,5,4,4,0,7,5,1.067,1,-0.481,5,6,3,3,2,1,2,7,0.447,5,0
5,7,3,6,0.0,0,7,-1.933,4,3,5,0.0,-4.023,6,0.0,0,6,3,0,4,-3.395,3,2,6,0,7,2,0.364,2,-1.694,5,3,3,0,4,6,7,5,-1.587,7,0
2,1,1,2,0.0,5,6,0.437,0,7,0,0.0,1.133,7,0.0,6,2,4,0,2,0.958,6,3,5,0,4,4,1.262,2,0.604,6,2,2,4,5,6,4,1,0.695,4,0
2,4,1,2,0.0,6,6,-0.499,3,1,5,0.0,2.807,5,0.0,2,0,0,0,0,0.917,1,3,2,0,4,2,0.945,7,-0.278,1,1,5,5,3,3,4,1,0.647,5,0
3,6,3,2,0.0,3,4,0.534,2,7,5,0.0,2.063,0,0.0,7,1,2,0,4,0.551,3,5,2,0,5,5,1.15,6,3.503,3,5,2,3,4,7,2,2,-0.173,3,0
5,6,3,3,0.0,5,1,-3.074,0,2,0,0.0,-5.486,2,0.0,5,3,4,0,5,-2.815,6,4,2,0,6,1,1.218,6,-0.749,5,6,6,4,1,0,3,1,-2.126,2,0
2,4,3,7,0.0,1,1,-1.298,6,1,2,0.0,-3.213,1,0.0,5,6,5,0,7,-1.938,5,3,0,0,4,4,1.176,6,-1.238,4,1,4,7,0,2,6,1,-1.188,6,0
6,5,1,5,0.0,6,2,-2.243,5,1,1,0.0,-2.43,2,0.0,7,2,3,0,7,-3.872,1,5,3,0,5,4,0.83,5,-1.656,7,4,7,6,7,5,5,3,-2.436,1,0
5,7,6,5,0.0,5,3,-1.263,7,1,5,0.0,-1.652,2,0.0,3,1,7,0,7,1.289,7,1,2,0,0,6,1.31,3,-2.196,6,6,5,4,7,5,7,7,-0.896,0,0
4,1,5,2,0.0,2,0,-0.946,7,5,4,0.0,-0.02,0,0.0,3,5,0,0,3,-0.582,7,2,2,0,0,6,1.092,1,-1.176,1,0,6,5,1,7,0,2,-1.227,6,0
7,4,2,3,1613.78,7,7,0.932,4,4,6,420.4,1.131,2,11.77,7,6,1,1,3,2.733,1,0,2,1,0,4,1.161,4,-0.218,5,6,5,6,1,2,7,4,0.819,0,1
7,4,1,1,0.0,2,3,0.094,1,4,7,0.0,-0.389,4,0.0,7,4,6,0,3,-1.48,5,0,1,0,1,3,1.038,4,0.272,5,6,7,0,7,1,2,7,-0.208,5,0
1,2,4,6,0.0,0,4,0.046,6,1,7,0.0,0.36,2,0.0,4,6,4,0,6,-2.156,7,4,0,0,5,5,0.694,5,-3.132,7,3,4,5,3,6,7,1,0.122,3,0
0,1,3,4,0.0,2,7,0.629,7,2,3,0.0,-3.625,5,0.0,3,3,1,0,7,0.145,2,4,2,0,4,2,1.031,5,-0.214,5,7,6,6,3,5,0,2,0.575,3,0
7,1,4,3,0.0,7,6,-0.663,0,0,1,0.0,-0.329,5,0.0,7,7,7,0,6,-0.674,6,0,3,0,1,4,0.968,5,-4.371,3,4,4,1,7,7,0,7,-0.864,1,0
5,4,1,3,628.43,0,2,1.924,5,3,0,0.0,2.482,4,0.0,6,0,7,1,1,-0.694,1,5,3,1,4,2,0.985,1,4.359,3,0,4,3,7,1,1,1,2.038,0,1
2,2,0,4,0.0,0,1,-1.164,6,3,6,0.0,-2.082,7,0.0,0,0,7,0,0,0.093,2,3,6,0,7,0,1.079,4,2.112,4,1,6,6,7,1,1,6,-0.597,7,0
7,4,6,1,0.0,0,1,0.198,7,4,7,0.0,-2.861,6,0.0,2,3,0,0,0,0.467,3,3,4,0,2,5,0.805,6,0.152,5,5,3,0,3,1,4,7,-0.135,3,0
6,7,5,2,0.0,5,4,0.707,1,3,2,0.0,0.961,4,0.0,4,0,2,0,4,0.257,6,2,4,0,4,1,1.132,5,-1.217,2,4,1,4,1,5,3,7,-0.107,4,0
6,7,4,7,0.0,4,4,-0.442,1,6,7,0.0,-1.354,4,0.0,4,6,2,0,7,1.007,4,5,0,0,2,4,1.173,2,0.592,4,5,1,7,1,4,0,6,-0.136,1,0
1,5,2,3,0.0,2,4,-1.816,1,4,6,0.0,0.309,5,0.0,7,0,2,0,3,-0.787,0,3,4,0,2,3,0.794,2,-0.401,4,7,1,4,6,0,2,4,-2.551,2,0
4,5,7,5,0.0,0,0,-0.559,1,4,0,0.0,1.211,3,0.0,1,5,4,0,5,-0.515,1,3,2,0,2,0,1.116,0,0.067,2,6,6,4,6,5,6,1,-0.174,0,0
0,7,5,1,0.0,4,7,-1.112,2,2,3,0.0,-0.404,1,0.0,3,6,3,0,4,-0.254,3,7,7,0,0,3,0.81,0,-1.005,3,1,4,2,4,1,1,3,-0.704,6,0
5,6,4,1,0.0,3,5,0.495,2,1,2,0.0,2.525,6,0.0,6,6,1,0,2,-0.209,7,2,3,0,6,2,1.226,5,2.521,5,4,7,2,7,6,0,4,0.192,3,0
3,2,3,3,1082.54,2,1,0.801,4,3,2,0.0,2.549,2,3.51,4,5,5,0,4,0.493,2,2,4,1,6,0,1.029,4,0.988,5,6,4,3,4,2,3,1,0.754,0,1
4,2,4,0,0.0,2,0,1.121,7,3,3,0.0,2.166,0,0.0,1,1,4,0,2,1.22,1,2,2,0,3,5,0.659,3,0.624,5,7,0,7,6,3,3,0,0.547,3,0
0,7,6,0,73.49,1,1,0.842,2,5,0,0.0,-0.812,7,0.0,6,2,2,0,4,-0.053,2,3,3,1,2,3,1.121,7,1.263,0,6,3,6,1,2,7,4,0.913,0,1
1,5,5,1,0.0,1,2,0.211,1,2,1,0.0,-0.178,3,0.0,6,6,0,0,1,-1.747,1,7,0,0,1,3,1.299,3,0.174,4,7,5,1,3,1,2,6,0.316,2,0
5,7,3,4,407.07,3,5,2.191,0,5,0,0.0,-1.502,1,0.0,1,0,1,1,4,4.642,1,0,7,0,6,7,1.128,7,2.349,0,1,1,1,0,3,7,4,1.181,7,1
3,6,0,2,0.0,2,0,-0.346,7,2,7,0.0,-1.241,1,0.0,0,1,6,0,3,-1.913,0,5,5,0,7,6,0.923,5,0.208,1,5,2,2,1,7,0,2,-0.773,7,0
5,0,1,4,0.0,5,1,-1.759,2,0,5,0.0,0.84,7,0.0,1,3,1,0,3,-0.546,2,3,1,0,3,4,0.797,6,-2.376,7,2,3,3,0,2,0,1,-0.88,2,0
6,5,5,0,0.0,6,3,-1.644,5,4,3,0.0,-1.057,1,0.0,0,2,0,0,5,-0.75,6,6,7,0,2,3,0.783,6,0.001,6,3,0,1,0,0,0,2,-0.753,3,0
5,5,1,0,595.78,3,5,1.491,7,0,6,0.0,2.773,6,0.0,0,0,5,1,6,2.863,3,5,1,1,7,1,1.361,7,2.888,3,6,2,6,6,4,1,1,1.433,3,1
7,3,0,3,0.0,0,5,0.992,0,1,1,0.0,3.176,3,0.0,2,1,0,0,2,1.312,4,4,5,0,6,3,1.159,2,1.383,6,7,2,6,7,1,0,7,0.813,2,0
6,6,0,6,0.0,5,0,2.816,6,2,1,0.0,5.306,7,0.0,0,1,3,1,5,1.739,0,5,0,1,1,2,1.37,2,3.376,5,4,3,6,7,6,6,5,2.18,5,1
7,4,0,6,0.0,5,6,-0.413,7,6,5,0.0,-4.001,1,0.0,3,1,6,0,0,-1.949,3,1,6,0,5,7,0.882,0,-2.507,3,4,6,5,3,5,7,1,-0.92,4,0
5,3,0,1,0.0,5,0,-0.081,5,1,0,0.0,-1.627,3,0.0,5,4,7,0,1,-0.146,1,7,7,0,5,3,1.28,6,-1.192,7,3,2,5,5,2,2,7,0.242,6,0
5,6,0,2,427.52,2,0,0.253,5,6,6,0.0,-1.039,4,0.0,5,2,1,1,4,1.612,0,7,7,0,1,5,0.809,5,0.72,3,4,3,5,0,5,0,2,1.307,2,1
3,3,4,5,0.0,0,1,-0.106,5,6,5,0.0,0.953,2,0.0,0,7,6,0,0,-1.043,1,6,7,0,1,0,0.715,0,2.18,4,2,3,3,6,4,6,6,-0.204,0,0
3,5,4,2,0.0,1,2,0.665,7,4,1,0.0,2.128,6,0.0,5,5,7,0,3,1.871,7,7,4,0,3,2,1.267,6,-0.703,3,2,6,1,3,2,3,7,0.153,5,0
1,3,3,2,0.0,1,2,0.425,3,0,3,0.0,1.523,3,0.0,1,2,0,0,0,-0.653,4,6,7,0,2,3,0.85,3,0.717,1,1,5,6,5,0,5,6,-0.17,7,0
5,6,7,5,0.0,0,7,0.221,2,3,7,0.0,-3.663,6,0.0,7,3,3,0,0,0.66,7,0,2,0,2,6,1.152,0,-1.506,0,2,5,7,4,3,4,4,0.144,6,0
3,7,7,1,0.0,1,4,-0.093,7,6,5,0.0,-2.874,2,0.0,6,2,1,0,3,0.491,4,0,7,0,5,7,0.912,2,-0.136,4,1,5,2,3,3,5,7,-0.545,5,0
3,7,6,6,141.51,1,0,1.513,1,5,5,0.0,3.216,7,0.0,1,6,5,1,4,1.984,1,2,5,1,5,6,1.431,1,-0.539,3,3,0,3,1,4,0,5,1.565,1,1
4,0,4,0,0.0,7,0,0.59,0,2,7,0.0,1.345,2,0.0,1,1,4,0,2,0.761,4,7,7,0,1,3,0.578,3,-0.711,1,4,2,2,4,0,5,2,0.487,4,0
7,0,7,2,0.0,1,5,0.133,2,1,2,0.0,4.2,5,0.0,0,0,7,0,7,0.421,4,5,1,0,0,2,0.827,7,-3.067,6,5,3,5,6,7,5,0,0.181,3,0
5,1,4,1,0.0,5,6,0.472,6,7,5,0.0,-0.165,3,0.0,7,5,0,0,5,1.774,7,3,0,0,3,4,0.893,5,1.258,6,5,6,1,4,1,5,3,1.021,4,0
7,1,1,7,651.39,5,3,1.817,2,5,0,0.0,0.889,0,8.52,2,4,3,1,3,2.741,4,4,4,1,7,4,1.478,6,1.551,0,1,5,6,6,0,6,0,1.049,7,1
3,3,6,6,0.0,1,1,-2.717,4,1,2,0.0,-3.19,6,0.0,3,5,1,0,3,-4.356,0,1,4,0,0,1,0.971,1,-3.899,2,5,0,0,7,0,7,3,-2.231,2,0
2,7,7,7,0.0,6,2,-0.061,0,5,6,0.0,-0.766,5,0.0,2,5,3,0,5,-0.628,3,7,5,0,1,7,0.901,5,3.623,3,3,6,7,6,7,7,1,0.064,1,0
6,4,4,0,0.0,1,5,0.003,3,0,5,0.0,-4.011,6,0.0,5,5,3,0,4,0.122,6,6,2,0,4,1,1.145,4,-0.146,0,3,1,2,2,3,7,0,0.254,7,0
3,1,1,3,0.0,4,6,0.082,5,5,3,0.0,1.396,3,0.0,0,7,3,0,2,2.161,7,6,2,0,7,6,0.88,6,-0.721,0,1,1,5,4,3,0,7,0.699,0,0
0,0,4,1,888.41,5,7,1.213,0,7,5,0.0,-0.714,2,10.57,2,3,7,1,6,1.221,3,7,3,0,4,6,0.881,2,-2.16,0,4,6,2,1,3,6,3,0.111,0,1
1,7,7,0,0.0,1,1,-0.031,0,7,7,0.0,-0.326,6,0.0,3,7,5,0,7,-2.1,1,4,0,0,3,0,0.645,4,-0.882,6,4,7,2,4,1,5,1,-1.56,5,0
5,7,7,2,0.0,4,0,-1.228,0,7,3,0.0,-0.855,2,0.0,6,1,4,0,6,-0.625,6,6,5,0,4,1,1.091,0,0.31,7,2,6,6,1,3,5,0,-0.129,1,0
0,1,6,7,0.0,6,3,-0.087,0,4,5,0.0,-1.342,4,0.0,4,6,7,0,5,2.147,6,0,7,0,3,7,1.348,0,-1.544,0,3,0,3,0,4,7,6,0.05,7,0
1,4,5,3,0.0,7,3,0.207,4,2,5,0.0,-3.919,6,0.0,2,6,6,0,6,-0.624,3,6,1,0,6,5,1.269,6,0.334,3,1,5,4,1,4,4,5,0.464,2,0
6,3,1,6,0.0,6,4,-0.471,6,6,7,0.0,0.169,2,0.0,4,2,6,0,3,-0.198,1,3,4,0,1,3,1.126,5,-1.846,7,3,1,5,6,0,6,5,0.246,6,0
6,7,7,5,0.0,1,4,2.433,3,1,2,0.0,3.553,1,0.0,5,1,4,0,3,1.507,0,4,7,0,3,5,0.955,4,0.545,6,7,2,0,5,7,1,2,0.753,1,0
0,4,5,0,0.0,1,0,-1.031,1,3,7,0.0,-1.205,4,0.0,5,7,1,0,1,-3.099,7,2,2,0,5,0,0.913,2,-2.62,5,3,0,1,4,0,6,6,-1.283,2,0
0,5,4,5,0.0,1,7,-0.316,3,5,5,0.0,2.967,5,0.0,6,3,3,0,7,-0.477,0,6,4,0,7,7,0.707,2,-2.793,5,4,5,2,3,7,7,1,-0.282,4,0
2,2,7,5,0.0,6,3,-1.635,1,0,2,0.0,1.484,5,0.0,3,4,0,0,6,-0.37,5,4,6,0,0,6,0.978,2,-2.64,2,2,2,0,4,7,1,2,-1.599,0,0
0,3,0,5,0.0,7,2,0.205,0,5,3,0.0,-3.805,2,0.0,2,7,4,0,0,1.044,7,6,7,0,6,5,0.425,3,4.305,0,1,2,4,4,7,1,5,0.167,3,0
0,4,5,3,1811.98,3,7,1.57,5,1,7,0.0,3.087,1,0.0,3,6,6,1,2,1.502,4,6,4,1,5,5,1.185,6,0.055,6,5,6,6,5,4,5,6,1.471,1,1
3,0,5,4,0.0,1,2,1.843,1,1,2,165.84,4.935,3,0.0,5,2,4,1,5,1.762,6,5,2,1,6,2,1.204,3,2.507,6,0,2,4,3,3,3,6,2.99,0,1
4,6,7,7,0.0,3,2,-1.345,2,3,5,0.0,-5.008,0,0.0,4,4,1,0,3,0.715,0,3,1,0,0,6,1.035,7,-1.752,0,7,0,5,1,6,7,4,-1.053,3,0
5,5,1,3,632.77,0,0,1.793,3,0,7,0.0,-1.37,7,0.0,7,4,1,1,3,2.521,1,0,5,1,4,7,1.412,0,2.398,5,7,0,3,3,5,2,5,1.367,2,1
2,2,7,5,0.0,5,1,0.364,2,1,2,0.0,1.915,4,0.0,6,7,2,0,0,-1.533,3,7,1,0,6,0,0.803,1,0.473,4,0,7,1,1,4,2,6,-0.853,6,0
4,6,6,2,0.0,4,6,1.81,3,7,7,0.0,-0.156,2,0.0,5,5,1,1,1,1.441,7,4,6,1,7,3,1.272,1,-0.18,2,7,6,4,2,5,1,0,1.171,0,1
0,4,5,7,0.0,2,1,0.381,2,3,3,0.0,0.806,6,0.0,2,3,0,0,4,1.695,0,5,4,0,1,4,0.766,7,0.289,6,7,2,0,6,7,3,2,-0.098,2,0
0,4,1,7,0.0,2,0,-0.396,6,1,2,0.0,1.545,4,0.0,0,0,0,0,6,0.452,5,5,7,0,6,0,0.949,2,-1.467,7,7,1,0,7,0,2,7,-0.898,4,0
3,4,4,2,0.0,0,3,0.678,4,4,2,0.0,-2.111,2,0.0,2,5,0,0,5,1.769,6,5,7,0,0,7,0.605,5,-2.31,2,5,4,7,0,2,3,5,0.416,7,0
5,5,4,5,0.0,5,6,0.774,5,5,4,0.0,3.48,2,10.51,5,0,6,1,6,1.705,6,6,1,1,7,0,1.243,1,1.121,4,5,4,5,3,7,6,0,1.248,1,1
1,1,6,2,0.0,1,1,-0.948,1,7,2,0.0,-2.18,2,0.0,7,4,1,0,6,1.476,3,6,0,0,4,0,1.048,1,-0.23,5,3,0,3,3,1,3,2,-0.6,6,0
3,0,6,0,0.0,1,3,-1.38,2,7,1,0.0,1.76,7,0.0,0,1,5,0,3,-0.35,0,5,6,0,3,7,1.046,6,-3.492,4,1,1,0,1,0,3,0,-1.025,2,0
4,4,5,5,0.0,0,3,0.361,7,7,7,0.0,3.403,1,0.0,7,1,4,0,1,-1.309,4,5,2,0,0,6,0.953,0,-0.782,5,4,0,0,2,1,3,2,0.916,6,0
0,3,0,0,0.0,0,4,-0.191,1,3,2,0.0,0.677,4,0.0,0,2,6,0,0,-0.543,3,1,4,0,0,2,0.981,0,0.133,0,4,4,2,3,5,1,3,-0.42,2,0
1,2,5,7,0.0,5,5,-1.389,0,6,4,0.0,-0.934,0,0.0,7,7,0,0,5,-1.032,2,4,6,0,7,4,1.193,4,-1.582,3,3,7,1,0,2,4,4,-0.941,4,0
1,5,5,4,0.0,1,6,0.561,4,6,2,0.0,-2.427,5,0.0,0,1,6,0,5,1.599,5,7,4,1,3,6,1.238,0,1.152,1,5,3,2,4,5,5,3,0.407,3,1
7,4,6,6,0.0,1,7,0.311,1,2,3,0.0,1.339,5,0.0,5,3,1,1,7,2.199,6,0,5,0,7,3,1.094,3,-1.721,3,0,7,3,1,2,7,6,0.977,3,1
3,1,2,4,1313.94,6,6,2.286,4,6,3,0.0,5.372,3,4.75,5,4,6,1,3,2.753,5,2,4,0,3,4,1.293,2,2.147,1,6,1,3,6,0,5,1,2.317,7,1
5,4,7,2,0.0,7,4,-1.01,2,1,1,0.0,-0.193,4,0.0,7,6,1,0,6,1.355,4,2,4,0,1,4,0.881,4,1.027,0,7,2,2,1,0,1,2,-1.033,3,0
7,1,7,5,0.0,4,1,-0.917,5,5,6,0.0,-3.322,7,0.0,2,2,6,0,6,1.315,4,0,1,0,4,1,1.011,2,-0.546,2,5,5,2,1,0,3,5,-1.099,4,0
1,6,4,4,0.0,2,1,0.134,7,7,3,0.0,-3.248,0,0.0,5,0,1,0,5,-0.966,1,6,6,0,3,0,1.129,4,0.073,5,2,6,0,3,1,7,6,-0.677,6,0
7,2,7,7,0.0,5,1,-0.276,0,7,1,0.0,1.051,7,0.0,5,1,7,0,2,-0.191,0,7,7,0,5,5,0.975,4,0.658,0,4,4,0,5,1,2,6,0.184,1,0
2,0,1,0,0.0,7,3,-0.309,2,5,0,0.0,-0.65,4,0.0,1,3,1,0,6,0.625,6,5,5,0,0,0,0.696,2,1.455,2,5,6,4,4,3,7,5,0.015,7,0
1,4,0,6,0.0,1,5,-0.853,5,3,0,0.0,-1.98,0,0.0,2,2,4,0,5,1.693,1,4,4,0,5,2,1.083,5,-1.482,5,7,4,0,4,4,5,6,-0.94,1,0
3,4,1,6,0.0,6,1,-0.561,4,0,3,0.0,0.408,1,0.0,0,3,6,0,4,-2.544,6,3,0,0,7,5,0.782,0,-0.746,4,4,2,5,0,4,1,0,-1.061,1,0
4,7,6,3,0.0,1,0,1.311,1,5,4,0.0,0.607,5,0.0,0,1,2,0,0,0.306,4,5,4,0,2,5,0.826,6,1.491,2,2,5,5,2,5,0,2,0.984,3,0
6,0,0,2,0.0,7,2,-0.538,6,3,3,0.0,1.483,0,0.0,3,2,5,0,0,-1.452,4,0,1,0,4,3,0.699,3,2.245,6,1,4,6,5,5,5,7,0.395,0,0
7,5,2,1,0.0,0,1,-0.927,5,2,2,0.0,0.724,0,0.0,4,1,7,0,5,-1.285,4,5,3,0,4,1,0.925,4,1.812,0,0,1,3,2,6,5,5,-1.09,3,0
5,7,2,6,0.0,5,4,0.168,5,1,2,0.0,-0.13,0,0.0,5,2,7,0,7,0.892,0,5,1,0,4,6,0.92,1,0.194,4,7,4,3,6,4,5,3,-0.502,4,0
0,3,5,3,0.0,4,7,0.931,5,1,7,0.0,1.096,0,0.0,0,3,7,0,7,1.352,1,6,1,0,1,0,1.243,0,1.038,4,0,3,7,1,0,5,3,0.64,3,0
0,2,2,0,451.07,4,1,1.27,0,1,6,0.0,4.694,4,0.0,3,5,2,1,3,2.18,0,7,4,0,0,7,0.861,2,-0.306,4,5,4,2,1,3,7,7,1.089,1,1
5,2,0,5,0.0,1,3,-0.169,1,6,1,0.0,4.291,5,0.0,2,7,6,0,7,1.136,7,1,7,0,1,0,0.816,2,0.178,4,2,4,6,0,0,2,6,0.054,6,0
1,0,7,4,842.26,6,1,1.018,2,2,1,0.0,-2.075,4,0.0,1,0,7,1,4,2.008,7,1,2,1,3,4,1.327,1,1.712,3,7,4,3,4,4,4,7,1.38,5,1
5,1,3,2,0.0,1,7,0.234,4,3,6,0.0,3.083,4,0.0,7,7,7,0,7,-1.789,5,7,1,0,0,1,1.036,6,0.642,5,4,5,7,5,4,7,7,0.52,3,0
1,4,7,0,0.0,5,1,0.067,7,1,1,0.0,0.136,3,0.0,6,6,4,0,0,-0.156,5,7,3,0,4,5,1.359,5,-1.304,6,1,6,0,5,0,2,3,0.686,1,0
3,3,3,1,0.0,7,6,-4.305,5,7,7,0.0,2.121,0,0.0,4,5,5,0,6,-2.892,2,6,5,0,2,5,1.181,6,-2.649,5,5,5,3,4,6,6,1,-3.086,2,0
1,6,1,5,0.0,7,7,0.769,6,3,3,0.0,3.459,1,0.0,1,0,1,0,6,0.453,4,5,3,0,4,6,0.908,5,-0.416,3,4,4,1,3,0,6,1,0.449,6,0
0,0,4,3,0.0,7,4,-2.26,2,0,2,0.0,-0.501,1,0.0,4,5,0,0,3,-1.926,5,3,7,0,7,0,0.621,6,-1.887,1,1,4,2,0,7,4,3,-1.506,4,0
5,1,7,4,0.0,6,7,-0.398,5,4,1,0.0,1.862,5,0.0,6,4,2,0,7,1.185,3,3,4,0,0,0,0.712,1,-2.521,6,2,1,3,0,4,1,3,-0.181,2,0
0,3,2,7,0.0,0,6,-0.361,0,0,1,0.0,-4.67,1,0.0,1,2,6,0,6,-3.099,2,3,3,0,0,3,1.132,5,2.644,2,3,3,3,6,7,0,2,0.365,7,0
0,6,4,2,700.87,1,2,0.47,3,0,5,0.0,4.74,4,0.0,7,4,5,1,3,-0.294,2,6,5,0,5,1,1.13,3,0.49,7,2,2,7,3,6,3,3,0.438,3,1
1,4,0,1,0.0,3,0,0.182,0,1,6,0.0,3.063,7,0.0,0,3,7,0,5,2.61,7,4,3,0,4,5,0.953,1,0.412,6,3,5,2,5,4,5,3,0.801,5,0
5,2,7,6,0.0,4,5,1.416,5,0,3,0.0,-0.644,7,0.0,7,7,4,1,4,-0.137,7,4,1,1,6,6,1.523,3,1.886,7,3,2,3,4,2,7,2,1.635,7,1
7,7,7,6,0.0,0,7,-0.837,3,1,7,0.0,-0.615,0,0.0,7,5,7,0,4,-0.945,4,4,5,0,3,2,0.899,5,1.401,1,7,6,0,1,7,3,3,-0.686,6,0
2,1,1,2,0.0,6,7,1.248,3,2,0,0.0,2.401,4,0.0,3,7,0,0,5,0.46,5,6,5,0,5,3,1.044,2,3.122,7,7,7,2,7,1,1,4,0.866,4,0
1,5,5,3,0.0,1,4,-0.968,2,0,0,0.0,-4.028,2,0.0,4,0,6,0,5,-0.164,4,7,4,0,7,2,1.132,7,-3.019,6,0,6,6,1,4,4,1,-0.255,2,0
4,5,0,7,0.0,2,6,0.581,0,6,3,0.0,2.743,2,0.0,3,3,1,0,7,0.152,4,0,7,0,7,5,0.977,6,1.864,3,0,6,0,2,7,4,4,0.239,1,0
7,5,2,5,0.0,4,2,-1.399,6,1,2,0.0,1.351,6,0.0,2,4,2,0,3,0.0,4,2,5,0,4,6,1.153,3,-2.611,2,5,4,6,0,2,6,3,-1.088,3,0
4,7,1,0,0.0,7,2,-2.181,0,7,3,0.0,0.895,3,0.0,7,2,7,0,0,-1.675,1,7,2,0,7,6,0.829,4,-4.312,1,5,2,2,4,7,4,5,-1.904,7,0
4,5,7,6,0.0,7,5,-0.211,1,2,7,0.0,0.545,3,0.0,0,4,7,0,4,-1.475,3,2,5,0,1,4,1.172,2,-1.021,0,7,3,4,2,6,2,0,-0.685,7,0
4,3,0,3,0.0,5,2,-1.87,4,6,3,0.0,-2.58,2,0.0,0,7,6,0,5,-2.036,7,3,2,0,2,5,0.954,5,0.711,7,4,1,3,0,7,7,5,-0.862,5,0
6,3,0,7,0.0,7,3,-0.441,6,4,3,0.0,0.629,6,0.0,0,0,1,0,3,-0.416,5,7,0,0,1,1,1.035,3,0.951,5,3,4,6,4,1,0,7,-0.291,2,0
4,5,5,7,368.41,6,3,1.261,7,5,3,0.0,1.394,2,0.0,7,6,2,1,6,0.597,6,0,0,1,6,3,1.102,1,0.792,0,2,5,2,2,7,0,1,0.947,6,1
3,7,6,6,0.0,3,0,0.946,2,4,6,0.0,-0.077,5,0.0,0,3,1,0,1,-0.432,3,6,7,0,6,7,1.183,6,0.219,4,6,2,2,1,7,5,6,-0.151,2,0
4,1,4,5,0.0,1,3,1.822,6,4,1,0.0,0.757,2,0.0,5,3,4,1,6,2.004,7,1,5,1,6,1,1.162,3,2.105,5,5,3,0,2,1,4,5,2.565,5,1
3,4,7,1,0.0,6,7,0.713,4,7,3,0.0,0.264,2,0.0,0,0,1,0,3,-1.085,5,2,3,0,7,6,1.239,4,-1.943,5,3,0,7,1,3,2,0,0.126,6,0
4,2,4,7,0.0,2,3,0.434,6,0,4,0.0,-2.315,2,0.0,6,3,1,0,2,0.736,2,5,1,0,2,5,0.938,2,0.177,5,1,3,2,7,6,6,4,0.226,6,0
6,5,4,0,0.0,6,6,-0.031,7,4,1,0.0,2.529,7,0.0,6,7,6,0,6,-0.76,0,3,7,0,2,2,0.753,1,-2.493,3,1,4,2,3,0,1,1,-0.386,3,0
3,3,1,4,1007.8,0,6,0.852,2,7,3,0.0,1.926,7,0.0,1,1,6,1,2,0.304,0,1,0,0,4,2,1.234,1,0.597,3,7,3,3,0,0,1,3,0.534,4,1
7,7,0,6,0.0,5,3,0.165,5,1,6,0.0,-3.753,2,0.0,5,4,4,0,4,0.299,3,0,3,0,3,6,1.26,7,-0.359,2,1,1,1,5,4,7,4,0.785,5,0
1,5,5,6,0.0,4,1,-0.782,4,5,7,0.0,-2.083,1,0.0,6,4,2,0,0,-1.334,3,0,0,0,0,2,0.831,3,-0.824,5,1,7,3,6,1,7,0,-0.401,4,0
2,2,0,7,0.0,4,1,-1.832,3,6,3,0.0,-0.402,3,0.0,4,0,2,0,4,-1.574,4,1,3,0,7,7,1.109,2,-5.462,2,4,4,0,5,6,3,7,-0.942,4,0
2,4,7,7,0.0,1,4,0.337,5,2,1,0.0,0.723,0,0.0,1,2,3,0,1,-0.155,2,4,7,0,0,7,0.858,3,1.929,0,7,5,7,3,7,6,2,0.752,0,0
0,5,1,1,45.11,6,6,1.385,6,7,2,358.7,0.317,1,0.0,2,0,7,1,6,0.996,2,5,0,1,0,4,0.997,2,0.045,4,1,6,3,6,2,5,2,1.204,1,1
1,1,2,1,0.0,7,0,0.047,3,4,5,0.0,1.036,0,0.0,2,5,0,0,5,1.484,4,5,5,1,6,0,1.037,7,0.042,5,7,2,3,7,3,0,0,0.955,4,1
1,1,5,6,0.0,6,3,-1.021,3,4,3,0.0,-1.254,7,0.0,7,4,4,0,1,-2.613,2,2,6,0,2,0,0.816,1,1.913,7,2,2,3,7,1,7,5,-0.527,2,0
0,4,0,0,0.0,1,3,-0.835,6,1,4,0.0,0.422,0,0.0,1,3,6,0,1,-2.086,0,2,3,0,5,4,1.096,4,-1.863,7,1,2,1,5,5,2,0,-0.871,1,0
3,1,3,1,0.0,7,0,-0.459,6,7,5,0.0,1.305,4,0.0,0,1,4,0,3,-2.518,2,7,0,0,4,2,0.803,3,0.849,2,5,7,4,5,4,4,0,-1.016,4,0
0,0,1,7,0.0,2,7,0.088,5,2,6,0.0,2.3,6,0.0,5,1,5,0,4,1.076,3,3,7,0,3,6,0.938,0,-1.493,1,2,3,2,3,4,0,6,0.197,4,0
4,5,0,3,0.0,6,1,-0.672,2,5,4,0.0,1.654,1,0.0,0,5,4,0,7,-2.825,4,5,5,0,4,6,0.412,6,2.151,3,6,3,4,3,0,3,6,-0.274,4,0
2,0,6,1,0.0,7,6,-0.837,5,1,6,0.0,1.081,6,0.0,3,6,5,0,3,-1.757,4,4,6,0,0,4,0.936,3,1.053,1,6,1,2,5,0,3,7,-0.962,4,0
0,2,0,4,362.05,7,6,1.586,5,3,4,0.0,4.123,0,0.0,2,7,3,1,4,1.8,6,1,2,1,7,5,1.234,4,-0.412,6,6,1,0,7,3,5,6,1.585,4,1
7,3,3,4,0.0,1,1,-0.212,1,2,2,0.0,-0.064,4,0.0,0,3,1,0,2,-1.292,1,6,0,0,4,5,0.826,1,-1.748,5,1,3,6,1,4,2,7,-0.422,2,0
1,4,0,0,0.0,1,1,-0.31,7,7,4,0.0,-5.359,5,0.0,3,4,1,0,6,-1.293,4,0,5,0,1,0,0.888,0,-1.505,3,5,2,4,3,5,7,4,-0.803,0,0
6,7,2,4,0.0,1,6,1.19,5,3,7,0.0,3.471,5,0.0,7,4,4,0,3,0.998,0,5,6,1,0,3,1.582,2,2.238,4,3,5,4,0,7,7,3,0.732,7,1
0,1,4,3,0.0,1,3,-2.723,4,4,4,0.0,-0.116,4,0.0,7,3,3,0,1,-1.21,4,4,1,0,0,7,0.901,3,-2.931,7,4,0,2,6,1,5,3,-1.671,5,0
2,2,5,4,0.0,7,4,1.494,4,3,1,0.0,0.086,0,0.0,1,6,6,0,6,2.249,6,7,0,0,3,7,0.962,4,0.25,5,1,7,6,6,0,4,1,0.474,1,0
1,2,5,7,0.0,0,5,-1.012,6,1,3,0.0,-1.675,0,0.0,3,2,6,0,0,-2.92,7,6,6,0,6,4,0.845,3,-0.013,5,4,1,6,1,2,2,6,-1.23,5,0
2,0,6,6,0.0,3,6,-0.143,4,5,2,0.0,2.079,6,0.0,7,3,4,0,1,-1.541,3,3,0,0,6,4,0.792,4,2.506,4,2,3,4,1,4,3,6,-1.046,0,0
3,1,0,3,145.13,7,1,0.656,0,3,6,0.0,2.236,0,0.0,6,3,1,1,5,0.423,6,7,6,1,2,3,1.029,3,0.529,4,7,0,2,3,5,4,4,0.93,7,1
2,2,5,5,0.0,1,5,0.451,5,0,2,0.0,2.274,1,0.0,6,4,7,0,5,0.166,0,7,1,0,7,3,1.055,6,0.083,1,6,2,2,6,5,7,1,0.369,0,0
2,6,7,5,0.0,7,5,-0.748,6,3,6,0.0,-1.761,1,0.0,0,4,0,0,0,-1.157,7,4,5,0,7,2,1.119,6,-3.604,7,4,3,6,5,1,6,0,-1.074,6,0
6,5,3,5,0.0,0,2,0.993,0,6,6,0.0,2.314,2,0.0,4,2,5,0,0,0.351,6,7,5,0,6,3,1.256,0,0.033,0,2,7,3,3,0,1,7,0.555,5,0
6,0,0,3,0.0,0,0,0.083,6,0,0,0.0,-0.268,3,0.0,0,6,5,0,2,1.632,1,1,1,0,2,0,1.224,0,-0.004,1,0,1,7,2,0,1,1,0.665,2,0
4,1,0,5,0.0,0,0,1.653,2,4,0,0.0,-1.661,4,0.0,3,7,6,0,5,1.561,5,1,5,0,1,1,0.992,4,5.156,6,2,1,2,7,1,1,1,0.778,0,0
6,4,0,0,0.0,6,3,-2.368,1,7,1,0.0,-2.3,2,0.0,3,4,5,0,2,-0.634,1,4,4,0,4,2,1.157,6,-3.361,2,5,3,5,6,3,5,5,-2.105,6,0
1,1,4,0,0.0,7,4,-0.561,7,5,0,0.0,0.516,7,0.0,0,1,6,0,1,0.202,1,2,1,0,5,5,1.011,6,0.927,5,1,2,7,6,5,1,4,0.003,4,0
1,7,6,1,0.0,1,6,-1.338,2,3,7,0.0,-0.332,3,0.0,0,6,7,0,7,-1.493,3,3,7,0,3,2,0.865,5,-1.569,4,7,1,4,0,2,5,1,-0.855,7,0
4,0,4,2,0.0,6,6,0.662,2,0,6,0.0,3.678,2,0.0,3,0,4,1,6,2.425,2,2,4,0,7,3,1.043,0,-1.434,2,5,3,1,7,4,1,4,1.25,5,1
6,1,7,6,506.32,5,4,0.804,2,1,7,0.0,2.201,4,0.0,3,4,4,0,0,1.603,5,6,3,1,1,0,1.128,3,-0.158,6,7,4,6,7,0,2,2,0.347,6,1
4,0,2,5,0.0,1,2,-0.523,2,7,4,0.0,0.343,4,0.0,0,5,6,0,0,0.14,1,6,3,0,7,3,0.917,2,-0.08,3,1,7,0,0,5,4,5,-1.027,3,0
5,4,2,0,1426.87,4,3,0.721,5,7,3,0.0,1.538,6,0.0,4,7,6,0,0,1.383,1,6,0,1,5,1,1.201,6,0.681,7,4,2,0,1,7,5,0,-0.13,5,1
4,6,0,4,0.0,2,3,-0.154,3,1,3,0.0,-0.872,2,0.0,1,7,7,0,6,-0.442,0,0,3,0,2,7,1.046,2,-0.326,6,4,3,3,1,5,6,5,-0.841,5,0
6,4,5,6,0.0,2,5,-0.284,6,1,2,0.0,-2.044,4,0.0,0,0,4,0,1,-1.393,7,3,4,0,4,1,0.977,2,2.069,3,0,5,5,6,1,1,4,-0.362,7,0
4,6,3,0,0.0,1,6,-0.112,3,6,4,0.0,0.81,2,0.0,4,3,3,0,4,-1.168,7,0,2,0,4,1,0.953,6,-1.945,6,2,1,4,0,1,0,5,-0.972,3,0
1,6,0,6,0.0,5,5,-1.866,2,5,4,0.0,-0.522,5,0.0,1,0,7,0,5,-1.346,2,3,5,0,3,4,1.316,4,-0.355,1,4,3,5,3,6,6,6,-1.055,7,0
3,3,4,0,1859.26,3,1,2.288,0,6,4,0.0,2.864,3,0.0,6,6,7,1,3,0.976,0,7,4,1,2,2,1.81,3,1.889,2,0,7,7,7,3,7,5,1.792,0,1
4,6,0,3,0.0,6,4,-0.552,7,1,1,0.0,-1.418,4,0.0,3,5,7,0,4,-0.093,3,6,3,0,2,1,0.834,4,-1.778,4,5,7,2,2,5,4,5,-1.13,0,0
1,1,6,1,0.0,5,1,-2.025,3,0,7,0.0,-1.553,6,0.0,3,7,1,0,6,-1.449,6,7,0,0,1,2,1.284,1,-2.135,0,5,5,7,7,3,1,4,-1.662,3,0
3,3,1,6,1428.37,0,6,2.19,6,2,3,0.0,-1.036,4,16.18,2,4,6,1,5,2.926,5,5,1,1,6,5,1.222,1,2.143,7,6,7,4,3,1,1,6,2.49,1,1
6,7,1,0,0.0,7,6,-2.141,3,1,3,0.0,-0.824,4,0.0,5,4,2,0,3,-4.114,2,1,3,0,2,2,0.713,3,-3.664,7,2,1,3,3,5,1,0,-2.497,4,0
1,6,1,7,0.0,2,2,0.055,4,0,5,0.0,-0.952,3,0.0,1,0,2,0,5,0.278,7,3,5,0,4,2,0.833,1,-1.341,4,0,4,7,5,0,3,3,0.65,5,0
7,4,0,2,0.0,7,2,0.114,0,2,7,0.0,3.038,2,0.0,1,7,4,0,6,-0.651,5,6,5,0,7,6,1.16,7,2.028,7,0,6,1,6,7,7,2,0.38,1,0
7,5,5,6,0.0,3,6,-1.39,2,6,1,0.0,-3.54,5,0.0,4,4,2,0,2,-2.924,3,7,4,0,0,2,1.356,6,-1.704,7,1,0,3,5,6,7,2,-1.192,7,0
2,1,7,6,0.0,7,6,-2.185,3,1,4,0.0,-4.495,6,0.0,6,3,0,0,3,-1.434,0,4,7,0,1,1,1.131,7,-1.239,3,5,6,6,2,3,1,0,-1.939,0,0
6,0,5,5,0.0,0,1,0.815,7,6,6,0.0,2.571,2,0.0,0,7,3,0,4,1.185,4,0,6,0,2,0,1.099,4,0.871,6,7,2,1,1,0,6,1,1.043,1,0
0,7,4,3,0.0,6,6,-0.606,5,3,5,0.0,0.34,7,0.0,3,0,7,0,2,-0.352,1,2,5,0,5,7,1.003,2,2.596,4,0,7,0,6,6,3,4,-0.433,0,0
5,3,4,6,0.0,0,3,-2.159,6,1,2,0.0,-0.128,0,0.0,5,3,4,0,0,-2.361,5,1,4,0,2,7,0.892,2,-1.533,2,1,7,4,7,3,3,2,-1.502,0,0
0,7,6,0,1170.92,0,7,1.312,2,0,5,0.0,2.501,2,0.0,1,6,6,0,4,0.852,1,5,6,1,7,7,1.227,1,3.224,6,3,2,7,7,7,3,2,1.074,4,1
1,3,4,4,0.0,1,7,0.153,5,5,5,0.0,1.723,6,0.0,2,4,3,0,4,1.929,5,5,7,0,4,2,1.31,1,1.232,3,4,4,7,4,0,1,4,-0.597,7,0
7,1,2,0,0.0,7,6,0.605,3,7,2,0.0,-2.62,5,0.0,2,4,2,0,7,0.062,1,3,1,0,3,6,0.962,1,0.986,7,5,1,4,5,5,7,7,0.053,2,0
6,0,1,1,0.0,2,5,0.651,6,0,6,0.0,-0.217,1,0.0,4,0,6,0,4,0.83,3,2,1,0,7,5,1.386,1,0.92,5,0,6,7,1,5,5,5,-0.357,3,0
6,2,0,3,0.0,0,4,0.415,5,5,3,0.0,2.028,3,0.0,6,0,1,0,7,0.683,5,7,3,0,7,0,0.597,3,-2.208,1,3,6,1,3,6,2,1,0.563,7,0
4,4,3,4,0.0,5,5,-1.961,2,6,3,0.0,-2.082,5,0.0,6,6,7,0,1,0.15,5,4,4,0,7,0,0.9,6,-0.457,1,5,4,1,4,4,0,5,-1.274,4,0
5,3,3,3,0.0,6,7,0.483,6,4,7,0.0,1.215,0,0.0,1,1,6,0,5,1.166,0,7,1,0,6,1,1.131,5,-0.53,0,1,2,4,5,2,7,2,0.435,2,0
4,5,2,7,0.0,4,1,-0.624,7,2,3,0.0,-3.012,0,0.0,3,0,4,0,4,-0.639,5,4,2,0,6,4,1.141,2,-3.707,0,6,2,3,0,2,2,1,-0.259,5,0
2,2,2,5,312.32,7,5,1.378,1,3,6,0.0,0.25,0,0.0,7,7,4,1,7,0.529,3,1,4,1,0,0,1.149,0,3.96,6,3,2,1,6,5,1,4,1.451,6,1
0,7,5,5,0.0,0,1,0.563,4,4,1,0.0,4.892,1,0.0,0,6,0,0,7,0.483,3,5,5,0,3,4,1.029,0,0.669,2,3,2,2,3,1,3,3,1.062,0,0
4,2,1,4,300.76,6,1,1.415,0,7,0,0.0,3.743,3,0.0,7,3,4,1,1,2.232,4,0,3,1,7,7,1.33,2,4.978,3,3,3,4,7,2,3,2,1.003,7,1
7,0,1,4,0.0,6,4,-0.1,7,7,0,0.0,-1.448,6,0.0,5,5,4,0,4,0.205,5,3,1,0,4,1,0.995,3,0.479,4,7,3,4,7,2,7,5,-0.134,1,0
0,1,6,7,476.47,7,2,1.71,0,1,0,0.0,5.728,3,0.0,2,2,3,0,4,0.074,6,3,6,1,4,1,1.095,4,4.628,6,5,7,5,0,3,0,1,1.882,2,1
6,2,3,7,0.0,5,4,-0.422,6,3,1,0.0,-1.064,3,0.0,2,1,3,0,5,0.477,2,1,5,0,5,6,1.011,6,-1.421,2,3,4,2,0,6,1,7,-0.355,7,0
5,6,7,5,0.0,6,5,-0.007,2,3,6,0.0,0.123,7,0.0,1,7,5,0,5,-0.434,5,0,5,0,0,6,0.992,6,-1.358,4,6,0,4,4,5,2,5,-0.231,6,0
7,6,5,2,0.0,4,5,-0.011,2,5,7,0.0,-1.722,0,0.0,1,5,4,0,5,-1.59,1,0,2,0,0,5,0.822,0,-2.35,6,1,4,6,3,2,3,6,-1.012,1,0
6,5,1,7,0.0,3,4,-1.035,2,2,5,0.0,-4.943,7,0.0,2,2,7,0,2,-3.058,7,4,1,0,7,4,1.039,5,-1.986,5,5,3,2,2,4,3,1,-1.566,4,0
3,4,3,1,0.0,2,3,-0.326,6,1,3,0.0,-4.25,2,0.0,6,3,1,0,3,-0.163,4,6,7,0,2,6,1.089,3,-2.194,4,5,3,2,4,3,5,1,-0.437,6,0
3,6,5,5,0.0,3,1,0.123,0,7,2,0.0,1.743,7,0.0,2,0,2,0,5,0.051,1,0,4,0,1,1,1.012,0,0.711,4,6,1,6,3,6,5,4,0.555,0,0
0,7,5,6,263.34,6,6,0.906,1,7,7,0.0,0.418,2,11.98,6,5,3,0,2,1.13,2,1,6,1,3,2,1.212,6,0.882,0,1,5,4,0,1,6,3,0.773,1,1
3,3,4,1,0.0,4,7,-0.238,3,4,3,0.0,-1.757,0,0.0,4,0,6,0,5,0.879,7,1,2,0,2,5,0.871,1,0.336,1,3,5,3,5,7,2,5,-0.948,6,0
0,1,2,3,0.0,7,2,-1.565,4,7,6,0.0,0.704,5,0.0,6,0,5,0,1,-1.752,1,1,7,0,5,1,0.833,4,-2.964,2,1,7,4,2,4,2,0,-0.683,1,0
6,6,4,2,0.0,0,7,0.613,3,4,6,0.0,-0.988,7,0.0,2,4,1,0,1,0.62,2,0,4,0,5,5,0.934,1,-0.264,5,1,5,4,0,4,4,1,1.328,4,0
0,3,6,2,0.0,6,6,-1.999,4,4,3,0.0,-2.15,7,0.0,4,2,3,0,4,0.287,2,4,7,0,7,6,1.25,5,-1.599,3,7,1,3,0,6,0,3,-2.294,5,0
5,7,5,6,0.0,5,6,0.044,6,3,6,0.0,-0.687,6,0.0,6,7,0,0,0,-0.514,7,4,6,0,7,2,0.903,3,3.008,2,6,2,0,1,7,1,3,0.167,5,0
7,5,4,0,0.0,4,7,-0.197,1,0,6,0.0,-1.601,2,0.0,1,0,6,0,1,2.602,1,3,2,0,4,6,0.963,7,1.33,1,1,5,5,5,5,0,5,0.845,3,0
6,1,6,3,0.0,1,6,0.158,6,3,0,0.0,-0.693,7,0.0,7,4,5,0,6,0.522,0,2,1,0,7,0,1.13,7,0.638,2,0,2,5,6,4,0,2,-0.591,7,0
3,6,6,3,0.0,6,1,-0.853,3,5,0,0.0,-2.373,1,0.0,0,2,0,0,1,-0.773,0,2,2,0,1,7,1.045,3,-2.922,1,7,3,6,1,3,2,0,-1.873,4,0
5,3,4,0,68.52,0,4,-0.178,5,4,5,0.0,-0.615,6,0.0,6,1,7,0,2,2.144,4,0,3,1,6,6,1.268,0,3.353,7,5,5,2,2,0,5,2,1.148,2,1
6,2,1,5,0.0,6,1,-0.079,7,3,7,0.0,0.648,0,0.0,1,2,5,0,3,-0.966,5,6,7,0,2,7,1.024,5,-0.452,6,6,2,3,6,6,5,0,-0.083,3,0
6,3,1,7,0.0,0,4,-0.181,7,0,2,0.0,-0.38,4,0.0,1,4,3,0,4,-0.718,7,0,2,0,6,2,1.002,4,0.008,7,1,6,6,7,5,0,1,-0.575,4,0
5,2,1,2,0.0,3,6,0.958,7,4,7,0.0,0.768,2,0.0,6,2,0,0,5,0.767,0,5,5,0,6,6,1.013,7,1.09,6,0,7,1,5,4,5,7,0.289,7,0
0,6,6,5,0.0,0,7,-0.625,1,4,4,0.0,0.753,5,0.0,1,2,5,0,5,1.254,3,3,1,0,2,7,1.143,5,1.901,0,0,2,5,1,3,2,4,0.091,6,0
1,6,3,2,0.0,2,0,-0.285,5,6,7,0.0,-3.555,7,0.0,2,1,1,0,0,-1.761,2,5,5,0,5,2,1.1,3,-0.924,4,2,0,5,4,6,7,3,-0.556,2,0
4,7,4,6,0.0,3,5,0.896,6,1,2,0.0,2.411,4,0.0,1,4,2,0,7,-1.377,6,7,4,0,4,3,1.047,3,1.584,5,0,1,2,5,4,3,6,0.49,0,0
4,2,5,3,0.0,0,0,0.202,4,3,5,0.0,-3.73,0,0.0,3,5,3,0,3,0.454,1,2,6,0,1,1,0.914,1,-1.175,5,1,4,2,4,1,5,2,-1.087,2,0
0,5,3,0,0.0,4,3,-0.291,0,5,2,0.0,-2.569,3,0.0,6,2,0,0,4,-0.635,2,3,1,0,2,2,1.085,2,-0.529,2,2,7,6,3,0,2,3,-0.071,0,0
3,1,6,4,0.0,6,6,-0.245,2,7,6,0.0,-1.855,6,0.0,6,3,4,0,7,0.259,7,1,1,0,3,2,0.842,2,0.405,3,6,3,2,5,1,1,6,0.338,2,0
3,3,7,3,0.0,6,1,-2.174,0,7,2,0.0,-1.458,0,0.0,2,7,5,0,7,-1.991,6,2,2,0,3,3,0.838,7,-1.259,2,7,2,2,6,4,2,3,-2.035,4,0
4,0,5,2,0.0,3,1,-0.136,5,2,3,0.0,-0.218,6,0.0,2,4,0,0,4,-0.818,1,4,7,0,2,2,1.015,6,-1.443,6,3,4,7,3,4,7,4,-0.805,5,0
5,3,0,7,0.0,6,2,0.711,4,3,3,0.0,-0.379,2,0.0,3,0,5,0,1,0.863,0,2,2,0,3,7,0.944,6,-1.356,3,4,0,4,7,2,6,0,-0.446,6,0
0,7,0,2,0.0,2,5,1.048,3,4,5,0.0,-2.907,3,0.0,3,1,6,0,0,-1.294,5,4,1,0,4,3,0.888,5,0.893,1,7,4,2,6,2,3,1,0.58,0,0
2,0,0,5,0.0,0,5,-0.666,2,6,7,0.0,-2.045,1,0.0,3,5,4,0,7,-0.077,2,5,3,0,6,5,0.88,2,-1.215,5,5,6,4,0,6,2,0,-0.7,0,0
1,3,7,0,0.0,6,5,-0.048,7,2,5,0.0,0.958,1,0.0,7,7,1,0,3,0.933,6,5,6,0,6,4,0.918,2,0.153,4,2,3,6,7,2,3,5,-0.359,2,0
1,7,4,2,0.0,3,4,-1.079,6,0,2,0.0,1.365,0,0.0,5,5,4,0,5,-0.247,2,4,2,0,6,7,0.992,4,-1.184,7,4,3,0,6,4,1,7,-1.989,2,0
7,0,3,6,0.0,1,6,0.545,0,2,5,0.0,0.966,0,0.0,7,2,1,0,0,4.463,2,2,3,0,7,5,1.137,1,-2.163,7,2,6,5,3,5,4,2,0.191,1,0
2,6,3,6,0.0,5,7,0.043,0,1,2,0.0,-0.613,1,0.0,4,4,4,0,0,1.472,5,4,7,0,4,2,0.93,6,1.665,4,1,2,0,7,4,7,2,0.397,7,0
7,5,7,3,1801.81,6,4,0.564,6,1,4,0.0,-0.42,0,0.0,7,6,2,0,0,1.316,6,0,6,1,7,3,1.591,1,1.027,5,3,3,6,1,5,3,3,1.012,3,1
3,0,6,2,0.0,3,4,-0.109,0,4,1,0.0,0.165,7,0.0,0,1,7,0,1,1.042,2,3,3,0,0,7,0.895,1,-0.114,7,5,3,3,1,3,7,5,0.131,4,0
3,6,2,1,0.0,2,6,-0.133,0,7,6,0.0,1.963,2,0.0,2,5,2,0,0,-1.178,2,6,6,0,5,0,0.88,7,-0.4,2,7,4,0,3,4,2,4,-0.119,4,0
5,6,7,4,612.02,4,7,2.422,0,0,0,0.0,5.311,7,0.0,4,6,2,1,0,2.289,5,1,2,1,7,4,1.483,1,3.317,4,6,6,6,0,3,2,4,1.523,1,1
6,3,1,2,1411.48,4,5,1.297,7,1,5,0.0,-0.884,5,0.0,0,2,0,1,5,3.056,0,3,3,1,5,2,0.944,4,-1.108,1,5,7,2,6,1,0,7,1.226,4,1
5,1,5,6,0.0,4,6,1.13,6,7,4,0.0,2.673,3,0.0,5,0,4,0,4,1.001,3,1,0,0,6,6,0.912,3,-0.228,1,1,4,1,1,5,7,7,0.791,5,0
5,4,1,5,1528.77,3,6,0.362,0,3,4,0.0,6.466,6,0.0,0,0,2,1,4,1.685,4,7,1,1,2,1,1.271,3,0.446,0,1,1,3,2,5,1,4,0.719,6,1
5,4,0,0,0.0,1,5,-0.812,3,3,2,0.0,1.021,5,0.0,6,5,2,0,6,-0.846,3,2,1,0,2,3,1.46,4,-0.171,0,2,6,1,0,3,7,6,0.382,5,0
2,6,3,3,0.0,2,1,-2.078,3,6,0,0.0,-0.051,3,0.0,5,5,4,0,3,-2.852,4,1,6,0,6,4,1.133,3,-1.997,2,7,1,3,4,3,3,2,-2.398,6,0
7,5,0,3,0.0,3,4,0.652,1,4,4,0.0,0.308,6,0.0,4,0,0,0,5,-0.338,6,2,2,0,2,3,1.07,3,-1.142,3,3,5,4,5,2,7,5,0.464,4,0
5,6,2,3,0.0,3,4,0.914,2,1,1,0.0,0.281,5,0.0,2,3,4,0,2,-0.057,6,1,6,0,0,2,0.507,1,0.899,3,6,2,5,0,6,4,4,0.378,7,0
3,1,6,6,313.15,0,2,0.728,2,6,5,0.0,2.893,2,1.79,1,4,1,1,6,0.284,4,2,6,0,2,2,1.08,7,0.557,0,0,0,4,6,3,0,2,1.406,3,1
4,5,5,5,0.0,2,5,-0.508,4,2,6,0.0,-1.129,2,0.0,7,6,3,0,1,-0.796,3,3,4,0,0,0,1.112,7,0.92,2,5,2,3,5,5,1,6,0.331,7,0
7,4,6,6,0.0,3,2,-0.495,5,7,5,0.0,-2.383,1,0.0,5,7,1,0,1,-0.675,1,4,1,0,1,3,1.259,2,2.999,6,3,4,1,1,1,6,1,-0.359,3,0
5,1,0,4,182.17,2,0,2.037,6,5,7,0.0,0.754,2,0.0,5,0,7,1,4,3.169,1,5,3,1,5,7,1.158,3,1.755,7,1,2,7,6,6,2,2,2.777,0,1
6,2,6,5,0.0,5,2,-1.098,5,1,5,0.0,2.22,5,0.0,5,7,1,0,7,-1.791,1,5,3,0,5,1,0.878,5,-0.113,2,5,2,7,4,5,6,1,-0.623,0,0
7,3,2,0,0.0,0,4,-1.091,1,6,4,0.0,1.945,6,0.0,5,4,4,0,2,1.488,1,5,2,0,5,2,1.3,7,-0.659,7,5,1,6,6,7,2,2,-0.722,6,0
2,6,7,3,0.0,7,1,0.107,4,7,3,0.0,-0.083,6,0.0,4,6,2,0,7,-0.543,6,4,3,0,3,0,0.977,1,1.217,0,6,6,7,3,6,2,5,-0.251,7,0
3,5,7,4,1101.79,1,6,1.61,4,7,6,0.0,3.29,6,0.0,6,2,0,1,7,2.681,5,0,2,1,1,5,1.275,6,2.393,6,5,4,2,7,4,0,1,2.069,7,1
1,5,6,3,0.0,1,1,-0.29,7,7,7,0.0,0.189,6,0.0,2,4,1,0,2,0.329,2,3,3,0,7,6,1.336,0,-0.786,4,0,2,6,1,2,6,4,-0.767,3,0
3,6,6,2,0.0,4,7,-1.828,4,0,0,0.0,0.328,5,0.0,4,7,6,0,6,-1.227,6,2,5,0,3,1,1.076,5,-2.775,6,2,5,5,1,6,4,7,-0.82,7,0
5,2,6,4,0.0,7,7,-0.782,3,4,2,0.0,2.938,1,0.0,0,7,6,0,3,-0.593,7,0,5,0,6,6,0.54,3,-1.829,6,7,2,6,3,6,1,6,-0.191,4,0
3,4,6,3,1173.86,6,3,0.56,4,0,1,0.0,0.189,2,0.0,2,4,5,1,3,1.584,5,0,4,0,0,7,0.958,6,-0.704,1,3,6,4,3,2,6,6,1.143,1,1
7,1,6,5,1500.66,2,6,1.462,0,7,5,0.0,4.893,4,0.0,1,2,5,1,1,1.876,1,1,2,1,4,4,1.175,6,-0.423,4,5,7,7,4,2,7,2,1.962,6,1
0,1,5,5,0.0,7,0,-1.75,0,3,0,0.0,-3.773,2,0.0,0,6,1,0,4,-0.772,3,3,4,0,7,5,0.929,4,-1.028,7,0,5,4,4,5,2,4,-0.484,4,0
3,6,4,4,792.6,7,3,-0.559,1,2,3,0.0,0.884,3,0.0,3,4,4,0,7,-0.591,5,1,0,1,2,0,1.331,2,-0.194,1,1,5,0,5,7,4,2,0.296,4,1
7,1,6,0,0.0,3,7,-0.633,3,5,3,0.0,-2.442,0,0.0,2,2,4,0,3,0.946,4,0,2,0,6,3,1.013,0,-0.89,4,5,5,4,3,1,6,3,-0.525,5,0
5,7,4,0,0.0,6,6,1.142,4,0,6,0.0,-0.4,3,0.0,4,0,3,0,6,-0.278,3,3,6,0,7,5,1.169,6,0.338,1,6,6,3,5,3,4,2,0.466,2,0
4,5,2,0,0.0,0,1,-0.365,2,4,6,0.0,-1.354,2,0.0,2,0,7,0,6,-0.671,1,5,5,0,2,2,0.789,4,-1.118,7,7,0,0,5,7,6,4,0.764,4,0
1,6,2,7,0.0,3,5,0.554,5,5,1,0.0,-4.597,5,0.0,3,2,6,0,5,-1.201,4,4,5,0,1,3,0.556,7,-0.432,5,6,2,4,2,1,5,7,0.734,1,0
2,0,7,1,0.0,4,2,0.183,7,1,1,0.0,2.162,6,0.0,7,5,5,0,4,-0.405,4,5,5,0,3,4,1.054,4,0.997,6,7,0,2,3,7,2,1,0.399,0,0
1,6,2,0,643.09,3,3,1.746,7,1,6,185.93,0.636,5,0.0,2,1,3,0,7,1.283,4,7,2,1,4,3,1.203,0,2.897,2,3,3,0,0,2,3,6,1.465,1,1
4,6,0,1,0.0,7,3,0.013,4,1,1,0.0,-0.415,0,0.0,7,4,0,0,5,-0.509,0,5,4,0,7,3,0.837,3,1.51,3,4,4,4,7,6,1,7,-0.404,0,0
3,6,2,0,0.0,1,3,-0.836,4,1,1,0.0,-1.544,5,0.0,6,5,7,0,7,0.857,1,1,0,0,1,7,0.894,3,0.692,6,3,1,3,1,2,3,6,-0.344,0,0
7,5,0,3,0.0,5,7,-1.162,0,4,4,0.0,2.678,0,0.0,7,3,0,0,4,-0.084,5,5,2,0,2,5,1.363,5,-2.817,5,2,6,7,5,5,5,3,-1.132,1,0
4,4,5,3,0.0,6,7,1.756,2,7,1,0.0,0.688,2,0.0,2,6,4,1,2,1.181,2,3,4,1,7,6,0.687,2,2.982,6,2,6,4,1,0,3,6,1.371,1,1
6,0,5,7,0.0,7,7,-1.845,4,1,7,0.0,-3.729,6,0.0,1,5,1,0,0,-1.508,3,4,3,0,3,7,0.942,4,-3.753,1,6,0,1,0,2,5,5,-2.36,1,0
7,1,0,3,1543.52,6,7,0.927,7,2,5,0.0,1.88,5,3.17,7,2,1,0,5,0.543,5,1,4,1,7,3,1.161,5,-0.547,4,7,0,6,4,6,7,6,1.414,6,1
2,2,2,5,0.0,5,7,-0.353,0,7,1,0.0,-2.829,5,0.0,7,4,5,0,3,0.192,7,5,4,0,7,6,0.945,6,-1.212,6,3,3,6,6,2,5,5,-0.467,2,0
1,3,4,7,0.0,5,1,0.324,1,3,3,0.0,1.717,7,0.0,0,3,5,0,1,0.06,6,2,5,0,0,2,1.079,3,1.765,1,1,3,7,6,1,5,0,0.216,2,0
7,4,2,0,0.0,7,3,-1.464,3,0,4,0.0,2.465,3,0.0,4,0,2,0,1,-1.53,7,6,2,0,5,0,0.758,4,-1.07,4,0,3,7,2,2,1,4,-0.953,6,0
4,1,4,2,0.0,6,0,2.479,0,2,3,0.0,1.385,0,0.0,6,1,0,1,0,2.052,6,4,4,1,0,7,1.086,6,1.269,1,1,0,6,0,2,4,4,2.423,6,1
7,0,2,4,0.0,1,5,-1.295,7,2,5,0.0,-4.806,3,0.0,7,6,1,0,1,0.159,6,4,5,0,1,5,0.764,2,-3.108,1,0,5,3,3,6,2,6,-1.165,2,0
4,7,1,7,0.0,0,3,0.503,0,0,7,0.0,0.76,1,0.0,4,7,3,0,7,-1.232,7,1,3,0,3,6,1.267,1,3.11,3,2,3,5,5,5,6,6,0.737,2,0
6,1,4,4,663.96,6,5,2.113,5,1,6,0.0,2.363,5,0.0,7,2,6,0,6,0.399,6,6,0,1,3,7,1.23,3,3.888,7,7,0,4,5,5,4,2,1.373,3,1
4,0,0,0,0.0,2,3,1.796,1,4,2,0.0,0.554,4,0.0,0,0,2,0,7,3.163,0,6,7,1,6,7,1.219,4,0.618,1,5,6,1,5,1,5,4,1.935,0,1
4,3,3,2,0.0,4,5,0.678,5,6,2,0.0,1.559,1,0.0,3,5,0,0,4,-0.179,1,2,6,0,3,4,0.758,7,0.979,3,6,1,5,0,6,5,5,0.667,4,0
2,5,3,6,0.0,5,0,-0.981,3,2,0,0.0,-5.747,1,0.0,3,4,0,0,6,-1.476,7,0,3,0,0,0,0.874,4,0.887,3,4,7,5,2,6,1,1,-0.489,6,0
5,4,4,4,0.0,7,7,-1.894,5,1,7,0.0,-3.609,2,0.0,0,1,0,0,0,-1.173,2,4,4,0,2,7,0.793,5,1.925,1,5,6,1,5,5,4,7,-0.67,2,0
0,5,6,2,0.0,2,3,-0.922,4,5,1,0.0,2.591,6,0.0,4,5,2,0,5,-0.87,7,3,3,0,1,7,0.937,3,5.155,1,2,5,0,1,6,2,1,0.125,3,0
5,2,6,5,0.0,1,2,1.256,6,2,2,0.0,4.299,7,0.0,1,7,7,0,1,2.348,3,1,7,0,6,1,0.766,6,-0.904,3,7,5,0,4,3,1,2,0.858,2,0
6,5,7,3,134.51,2,1,1.383,5,7,3,0.0,1.266,0,0.0,7,2,3,1,5,1.945,7,3,3,0,6,6,1.374,0,1.696,7,5,3,7,1,6,3,6,1.491,0,1
0,6,5,7,0.0,2,6,0.561,1,4,0,0.0,3.761,3,0.0,0,0,5,0,1,-2.125,4,4,3,0,3,0,0.827,0,-0.377,6,3,7,0,1,2,1,5,0.184,6,0
1,3,3,5,0.0,7,5,-1.044,4,6,7,0.0,-1.79,1,0.0,7,6,1,0,0,-1.002,3,1,1,0,7,1,0.877,7,-0.376,5,4,6,0,2,5,1,5,-0.668,3,0
2,3,0,2,0.0,3,7,1.085,5,6,0,0.0,-0.14,3,0.0,1,1,3,0,4,-0.552,1,5,0,0,7,5,0.699,0,2.8,7,0,4,7,2,1,3,1,0.169,3,0
1,1,6,7,0.0,3,4,-0.493,2,6,1,0.0,4.279,0,0.0,1,1,2,0,5,0.462,7,0,4,0,3,3,0.835,7,0.404,7,3,1,5,3,4,0,6,0.049,7,0
5,2,0,7,0.0,3,4,1.363,1,3,3,0.0,-3.581,2,0.0,3,0,5,0,5,1.095,3,4,3,0,2,4,0.889,4,0.8,4,6,2,4,2,1,5,3,0.66,2,0
0,0,4,3,0.0,5,4,0.108,3,5,5,0.0,-4.322,1,0.0,6,5,0,0,1,-1.281,2,7,6,0,7,2,0.94,1,-1.598,0,5,5,1,0,3,5,5,-0.44,5,0
6,6,4,4,0.0,4,1,1.339,2,1,0,0.0,-1.663,7,0.0,1,1,1,0,2,0.727,4,1,5,0,4,1,0.968,4,3.465,0,2,3,7,0,3,7,3,1.031,6,0
3,4,7,6,617.88,6,4,1.409,7,5,1,0.0,2.519,4,0.0,4,0,1,1,3,2.015,3,1,2,1,5,4,1.314,1,0.641,6,5,5,1,7,6,3,2,1.573,1,1
4,1,1,1,0.0,4,3,0.133,2,3,4,0.0,3.707,4,0.0,5,6,4,0,3,-1.366,3,0,7,0,2,4,0.734,5,1.816,7,2,3,2,6,6,2,2,0.835,3,0
2,4,5,5,0.0,3,3,0.276,1,6,2,0.0,2.152,4,0.0,3,7,3,0,2,1.185,1,5,5,0,2,5,1.043,7,0.933,0,5,5,6,3,3,5,0,0.193,4,0
0,5,3,0,0.0,3,6,0.261,0,1,4,0.0,5.017,7,0.0,2,7,1,0,7,-0.468,4,6,7,0,2,5,1.15,0,2.939,6,4,6,4,3,7,6,6,0.027,1,0
0,1,2,3,425.74,0,4,0.788,3,6,6,0.0,1.803,3,0.0,0,1,4,0,4,0.041,2,3,3,1,7,7,1.319,2,0.912,7,1,3,3,3,1,5,1,0.91,1,1
6,3,4,7,1982.78,4,7,1.556,7,2,5,0.0,3.165,6,0.0,2,4,2,1,6,2.487,5,1,4,1,2,6,1.003,5,0.391,6,7,0,5,5,5,4,4,1.773,5,1
5,4,3,4,0.0,6,7,1.426,4,7,7,0.0,-1.638,5,0.0,6,7,7,0,6,-0.101,4,5,4,0,3,0,1.049,7,0.796,1,2,1,6,1,7,2,4,1.214,4,0
1,3,2,4,0.0,3,1,-1.094,0,7,4,0.0,0.955,5,0.0,6,4,1,0,4,-0.007,4,5,2,0,5,4,0.669,7,-2.014,4,3,6,6,1,3,4,1,-0.138,3,0
6,1,6,2,2049.84,6,6,0.931,7,7,2,0.0,2.103,3,0.0,7,6,5,1,0,0.248,4,2,0,0,0,1,0.944,6,0.857,7,7,5,2,1,7,3,2,0.797,6,1
6,2,1,6,0.0,5,5,0.542,2,0,0,0.0,-1.822,7,0.0,4,0,1,0,7,2.027,2,3,2,0,3,0,1.128,0,1.055,7,4,6,1,7,0,6,4,0.526,2,0
1,3,4,1,0.0,3,1,-1.456,0,0,3,0.0,-1.054,4,0.0,4,0,7,0,0,-2.557,1,7,3,0,2,6,1.177,7,-2.454,7,0,0,5,2,4,5,1,-2.296,4,0
1,2,6,2,0.0,0,2,-2.304,1,7,4,0.0,-4.09,0,0.0,0,3,3,0,7,-2.304,2,6,7,0,1,1,0.271,1,-1.523,5,4,6,0,1,0,2,2,-1.344,0,0
3,2,2,5,0.0,3,5,-0.376,1,4,3,0.0,1.385,1,0.0,2,4,0,0,6,-1.308,5,5,5,0,4,2,0.664,1,0.841,4,6,1,5,6,3,4,5,-0.227,4,0
1,6,3,1,0.0,6,3,-0.197,3,3,6,0.0,-0.625,2,0.0,0,3,1,0,4,1.919,4,4,5,0,1,2,0.935,5,1.256,3,2,7,0,4,7,5,2,0.361,6,0
0,0,0,3,0.0,2,0,0.224,4,4,5,0.0,-4.003,4,0.0,6,6,5,0,6,-1.167,6,2,2,0,7,2,0.72,4,0.782,1,1,7,2,2,0,2,2,-0.087,5,0
2,0,7,5,0.0,4,5,0.351,5,2,7,0.0,1.504,6,0.0,1,2,5,0,1,0.704,4,7,5,0,7,0,1.097,7,1.143,5,4,2,2,0,1,7,0,0.423,4,0
4,3,5,6,0.0,7,4,-0.207,4,6,0,0.0,0.134,7,0.0,5,7,2,0,2,0.883,6,1,2,0,1,2,0.896,0,0.504,6,6,2,4,3,5,3,5,-0.876,3,0
6,2,6,1,0.0,2,6,0.572,7,3,3,0.0,1.114,2,0.0,7,1,0,0,0,0.121,6,7,3,0,3,6,1.314,0,-0.997,4,4,4,7,4,2,1,6,-0.042,2,0
2,0,4,1,1238.89,0,4,1.911,4,6,5,0.0,1.668,4,0.0,7,0,4,1,7,1.267,0,2,2,0,2,2,1.462,7,1.387,7,0,6,3,3,0,7,0,1.153,1,1
2,0,3,2,0.0,5,1,-0.102,1,2,2,0.0,-4.94,3,0.0,0,7,2,0,2,-1.34,5,2,5,0,2,3,1.018,0,-2.28,3,4,4,7,5,3,4,6,0.13,6,0
2,6,6,5,0.0,7,7,0.584,7,4,3,0.0,1.155,1,0.0,0,4,2,0,3,-0.778,4,0,7,0,6,2,1.261,4,-0.122,1,3,3,1,4,4,6,3,-0.12,3,0
0,7,0,2,0.0,5,6,0.54,7,3,6,0.0,2.262,1,5.69,5,1,4,0,3,1.928,0,5,1,1,7,1,1.212,1,2.618,1,5,1,6,7,5,3,5,1.003,3,1
3,0,4,2,0.0,2,3,-0.729,0,3,2,0.0,3.815,5,0.0,0,2,6,0,2,-1.758,4,0,6,0,0,6,1.13,0,0.531,6,5,0,7,4,0,1,4,0.367,4,0
3,4,3,5,0.0,1,0,-0.436,6,0,7,0.0,2.781,6,0.0,4,4,7,0,4,0.559,4,5,2,0,3,3,0.877,2,1.587,7,0,6,3,7,0,5,1,0.216,1,0
2,1,7,5,0.0,7,0,0.316,7,7,3,0.0,0.638,3,0.0,0,5,1,0,4,-0.023,7,5,5,0,3,0,1.227,7,1.168,6,1,4,0,2,2,6,0,-0.957,0,0
2,0,1,3,0.0,3,3,-0.092,2,1,7,0.0,-1.907,5,0.0,5,5,4,0,6,-0.668,0,0,6,0,5,2,0.931,0,0.899,2,0,0,2,3,0,0,6,-0.072,0,0
0,3,4,7,0.0,0,2,0.575,2,0,0,0.0,3.351,7,0.0,4,4,5,0,5,-0.805,1,1,4,0,7,6,1.014,1,1.651,2,4,4,0,4,6,4,0,0.471,3,0
2,1,4,4,0.0,1,0,0.027,3,4,2,0.0,2.704,2,0.0,5,7,7,0,4,0.215,1,1,0,0,4,3,1.084,0,0.87,1,1,0,2,3,6,5,7,0.181,0,0
3,0,4,1,0.0,1,4,-1.475,5,4,0,0.0,1.779,1,0.0,5,1,6,0,6,-1.443,5,1,7,0,2,0,1.018,3,0.105,2,1,1,6,6,3,1,2,-1.464,0,0
6,2,4,0,1021.76,2,4,0.599,7,0,6,0.0,4.122,2,13.19,4,3,4,0,1,1.175,1,6,1,1,6,7,1.048,2,1.265,2,1,1,0,7,0,4,6,1.177,4,1
6,0,0,2,0.0,3,3,0.239,4,1,0,0.0,-2.927,1,0.0,1,6,2,0,5,2.549,0,2,0,0,6,4,1.131,0,0.567,1,7,5,7,0,1,0,1,0.265,1,0
2,3,1,1,0.0,2,1,0.666,1,4,0,0.0,-0.671,6,0.0,2,3,7,0,1,1.255,2,0,1,0,5,3,0.899,5,0.96,3,6,2,4,7,1,2,3,0.168,2,0
7,1,2,5,0.0,3,0,1.848,0,2,1,0.0,0.82,5,0.0,1,6,2,0,1,1.305,3,2,4,0,3,1,0.863,2,-0.291,5,4,6,7,6,1,5,2,0.264,1,0
5,2,6,3,0.0,0,4,-0.421,4,7,4,0.0,1.392,7,0.0,1,1,0,0,0,2.019,3,1,2,0,0,7,1.095,1,-1.5,0,6,7,1,7,5,2,5,0.044,1,0
2,3,3,5,0.0,2,7,-1.671,5,4,6,0.0,-1.453,6,0.0,0,4,3,0,6,-2.294,2,2,6,0,7,2,0.913,1,0.447,0,5,7,7,2,4,6,0,-1.472,6,0
1,3,6,0,0.0,3,7,0.564,0,5,7,0.0,-2.055,2,0.0,6,5,2,0,0,0.774,5,1,6,0,3,7,1.107,0,-0.707,0,7,5,0,4,5,0,3,0.503,5,0
0,3,2,0,0.0,0,4,0.434,1,4,0,0.0,1.273,7,0.0,4,0,3,0,5,-1.705,3,0,5,0,1,0,1.067,7,-1.567,3,4,6,7,1,3,0,3,-0.529,2,0
2,5,2,4,0.0,7,2,-1.934,4,5,5,0.0,-2.035,6,0.0,4,4,0,0,1,-2.433,7,0,3,0,5,2,1.042,1,-3.866,6,1,4,3,2,6,6,6,-1.746,0,0
5,6,3,0,1076.01,3,5,1.106,5,6,0,0.0,0.865,4,0.0,4,3,6,1,0,-0.227,6,0,4,1,5,4,1.221,1,2.559,3,3,4,5,5,4,6,1,1.076,3,1
3,5,6,2,0.0,6,6,-1.131,4,6,3,0.0,-1.228,3,0.0,3,1,5,0,6,-2.608,7,4,2,0,5,4,1.273,3,-1.711,4,2,1,1,1,2,5,1,-1.466,2,0
4,5,3,4,0.0,3,2,0.072,3,5,1,0.0,-0.854,1,0.0,4,5,1,0,6,-0.006,0,1,4,0,4,4,0.957,6,0.669,2,1,5,4,6,1,2,1,-0.308,0,0
4,0,4,1,0.0,7,1,-0.839,7,1,1,0.0,-2.127,7,0.0,0,7,6,0,5,-1.737,0,3,3,0,1,2,1.012,1,-0.809,2,5,6,3,0,0,0,3,-1.529,7,0
0,5,5,6,0.0,4,4,-1.061,7,3,0,0.0,-1.521,3,0.0,5,7,3,0,0,-0.405,1,0,0,0,2,1,0.931,0,-2.565,3,2,3,3,4,3,2,6,-1.275,6,0
7,0,0,5,0.0,5,7,0.423,3,7,6,0.0,-0.177,3,0.0,1,6,7,0,6,0.435,0,6,3,0,1,7,0.923,4,0.526,3,2,5,1,1,4,2,2,0.627,6,0
5,0,4,4,0.0,5,0,-0.592,1,1,1,0.0,0.703,3,0.0,1,4,1,0,0,-1.444,1,1,5,0,1,3,0.978,3,-2.582,4,6,4,4,0,2,0,2,-0.53,2,0
6,7,7,4,0.0,0,1,-0.696,0,3,5,0.0,2.049,6,0.0,6,2,7,0,4,2.712,5,2,1,0,6,1,1.27,2,-0.113,1,6,6,5,5,1,1,7,-1.075,6,0
0,2,2,7,0.0,1,2,-1.062,4,2,6,0.0,-0.018,7,0.0,6,6,6,0,0,1.253,2,7,0,0,5,5,0.977,5,-1.174,4,2,5,0,0,4,4,4,-0.074,0,0
2,7,7,0,0.0,3,5,0.061,7,7,2,0.0,-3.733,5,0.0,3,5,3,0,7,0.587,4,0,6,0,2,7,1.024,5,-3.363,3,1,1,4,1,1,7,6,0.218,5,0
2,3,5,2,0.0,7,4,-0.694,7,7,2,0.0,-0.755,7,0.0,3,2,1,0,4,1.145,5,7,7,0,2,0,1.303,0,-0.282,1,0,5,4,2,0,4,2,-0.494,2,0
2,1,1,0,0.0,0,7,-0.032,3,7,7,0.0,2.105,4,0.0,5,4,1,0,6,1.986,4,4,3,0,7,0,1.016,5,0.729,6,5,6,6,7,0,2,7,-0.093,6,0
1,4,7,3,0.0,2,1,-0.398,7,1,7,0.0,-2.779,2,0.0,5,4,2,0,0,-0.481,2,4,5,0,5,1,1.145,4,1.057,3,3,0,6,0,3,6,4,0.105,6,0
2,3,6,3,0.0,3,2,1.265,5,7,5,0.0,2.619,3,0.0,7,2,1,0,5,0.005,4,3,5,0,4,4,1.076,7,-0.62,7,5,5,0,1,2,5,7,0.558,0,0
0,2,0,4,0.0,0,2,-0.467,7,5,5,0.0,1.256,2,0.0,5,1,2,0,6,1.633,3,7,0,0,1,3,0.853,7,-0.373,1,4,7,3,5,2,5,3,-0.28,0,0
2,3,5,6,0.0,2,0,0.163,1,5,3,0.0,1.854,5,0.0,0,7,2,0,0,-0.098,3,3,4,0,7,4,1.079,6,2.235,4,3,4,4,2,7,0,5,1.149,4,0
6,6,1,3,0.0,7,7,-0.605,0,6,1,0.0,-2.248,1,0.0,0,5,4,0,1,-0.086,7,0,7,0,4,1,0.922,5,-2.376,3,3,0,5,2,1,0,4,-0.167,4,0
5,5,6,1,0.0,0,4,0.064,5,6,3,0.0,4.871,0,0.0,7,4,6,0,2,-0.235,3,1,4,0,5,6,1.077,6,3.52,3,4,0,1,1,2,7,5,0.563,2,0
2,7,5,1,0.0,3,0,0.05,0,2,3,0.0,1.422,2,0.0,5,5,6,0,4,-0.967,3,2,6,0,7,5,1.116,5,1.712,0,2,1,6,7,5,3,4,-0.135,3,0
7,1,2,7,0.0,2,7,-1.857,0,6,7,0.0,1.285,1,0.0,7,7,1,0,6,-1.155,1,1,2,0,2,2,1.143,7,-1.814,1,2,6,0,3,3,1,4,-1.381,3,0
6,1,6,4,0.0,2,4,0.031,3,4,5,0.0,0.408,2,0.0,4,7,1,0,7,-1.114,1,3,2,0,5,7,0.987,5,-1.196,2,3,7,5,5,4,7,6,0.877,4,0
3,5,1,3,1912.17,7,5,1.074,1,4,3,0.0,3.226,3,0.0,3,5,5,0,2,0.949,0,7,1,1,4,4,1.299,2,1.909,1,3,0,3,0,1,5,2,1.136,7,1
0,2,3,3,0.0,0,1,-0.566,3,6,4,0.0,-2.213,0,0.0,4,5,5,0,0,-0.324,0,4,7,0,6,6,1.167,4,-0.482,5,1,6,3,1,2,4,0,-0.726,7,0
5,1,4,3,0.0,4,6,-1.814,4,3,0,0.0,1.241,6,0.0,3,4,2,0,6,-1.036,5,4,5,0,1,2,0.925,7,-0.647,1,7,0,5,0,1,7,0,-1.603,0,0
2,2,2,6,0.0,6,6,0.022,5,6,6,0.0,-0.455,1,0.0,1,2,6,0,6,2.407,5,1,7,0,7,3,1.341,7,1.261,2,2,1,2,2,0,3,4,0.391,4,0
2,7,2,2,0.0,4,5,1.94,0,0,1,0.0,4.384,4,0.0,5,3,5,0,0,2.544,6,7,6,0,5,3,0.89,6,1.41,3,7,6,4,6,3,0,7,1.549,2,0
4,1,0,1,0.0,0,6,0.488,6,0,6,0.0,3.968,1,0.0,5,3,5,0,0,-0.098,6,5,3,0,3,1,1.229,0,2.295,2,1,1,5,0,2,2,4,0.152,0,0
1,0,5,5,0.0,2,0,0.661,3,6,7,0.0,-0.55,6,0.0,2,4,0,0,0,0.502,1,3,7,0,4,4,1.293,4,1.248,3,7,5,1,1,6,7,4,0.494,6,0
0,1,0,0,0.0,2,2,0.115,2,6,2,0.0,-3.164,2,0.0,0,1,2,0,2,0.84,2,4,0,0,4,0,1.217,2,1.224,2,5,7,2,0,7,0,6,0.346,7,0
2,0,4,5,0.0,6,4,0.502,5,2,1,0.0,2.81,6,0.0,0,7,4,0,5,0.386,0,4,6,0,7,0,1.218,6,1.747,4,5,3,0,0,7,2,1,0.666,5,0
3,0,4,2,0.0,4,2,-0.189,7,3,1,0.0,0.03,0,0.0,2,3,2,0,1,-0.862,4,6,1,0,2,5,1.203,7,-1.745,7,6,0,3,7,5,3,7,0.006,1,0
1,7,3,2,0.0,6,1,-0.795,0,1,2,0.0,-2.052,1,0.0,0,4,2,0,3,-0.032,6,4,5,0,3,2,1.362,2,-1.153,5,4,5,1,1,0,3,5,-1.392,0,0
4,2,4,1,0.0,3,3,2.434,2,3,5,0.0,1.884,4,0.0,4,3,3,1,0,3.574,3,2,2,0,5,7,1.298,1,2.791,1,5,6,0,1,7,0,3,1.984,5,1
7,2,6,4,0.0,6,6,0.394,2,7,3,0.0,1.933,5,0.0,4,3,2,0,7,2.141,5,5,3,0,6,1,0.521,2,1.844,7,3,7,4,4,7,7,5,0.625,6,0
4,5,6,1,0.0,7,0,-0.502,3,6,4,0.0,-0.13,5,0.0,3,3,1,0,5,0.516,4,6,1,0,2,3,0.891,4,-0.437,5,4,0,0,5,5,6,1,-0.591,0,0
7,1,7,3,0.0,4,4,-0.376,7,4,6,0.0,4.946,3,0.0,1,2,3,0,4,0.446,6,4,5,0,0,4,0.822,3,-0.489,2,3,1,6,4,0,0,1,-0.964,5,0
4,7,3,7,0.0,2,7,-1.225,4,0,6,0.0,-2.777,5,0.0,2,4,1,0,0,-0.258,3,0,3,0,1,4,0.878,7,0.276,4,2,2,0,5,3,2,5,-1.111,4,0
4,0,3,3,0.0,1,7,-0.748,4,3,6,0.0,1.819,1,0.0,1,3,3,0,3,0.206,1,4,3,0,2,1,0.945,7,-1.741,4,2,5,4,2,2,6,6,-0.47,4,0
6,4,1,4,0.0,6,4,-0.704,2,3,5,0.0,-0.586,4,0.0,5,1,7,0,1,1.332,5,2,4,0,3,5,0.503,7,-2.462,6,1,5,6,3,6,0,1,-0.745,3,0
2,6,3,0,0.0,3,3,0.03,2,2,3,0.0,-1.009,3,0.0,7,1,7,0,1,-0.342,6,6,0,0,1,2,0.537,2,1.949,7,1,1,1,4,7,2,4,0.069,0,0
0,5,1,3,0.0,4,1,-1.344,1,2,4,0.0,-4.257,6,0.0,0,4,1,0,3,-0.982,3,0,2,0,0,0,1.007,0,-2.774,1,6,2,1,7,0,4,3,-0.817,0,0
4,0,2,0,0.0,1,3,-1.107,5,6,2,0.0,-3.17,2,0.0,4,0,1,0,4,-2.995,2,4,2,0,3,4,1.147,2,-0.334,5,2,4,5,6,3,6,2,-1.569,3,0
4,6,6,6,0.0,1,6,0.143,1,7,3,0.0,2.269,3,0.0,6,6,7,0,5,1.448,0,3,6,0,0,0,1.11,4,0.898,3,3,6,6,6,6,6,6,0.624,4,0
3,5,1,6,0.0,6,1,-1.047,3,1,7,0.0,1.904,3,0.0,4,1,2,0,7,-2.533,2,7,5,0,0,4,1.088,7,-1.735,6,1,0,1,6,4,0,7,-0.171,0,0
4,5,0,6,0.0,3,1,0.371,6,3,2,0.0,-0.857,5,0.0,1,1,0,0,6,0.176,3,0,6,0,6,3,0.781,1,-3.215,4,7,0,7,1,1,5,0,-0.38,1,0
6,7,0,3,0.0,4,7,0.008,4,2,6,0.0,-1.17,4,0.0,6,7,7,0,4,-0.104,3,1,7,0,4,1,0.984,1,0.302,5,7,0,1,0,5,1,5,0.684,3,0
1,3,2,7,0.0,1,5,-0.986,7,5,4,0.0,-0.554,3,0.0,0,3,4,0,5,-0.733,7,6,2,0,4,6,0.966,3,-0.772,5,3,1,4,2,0,7,5,-1.376,1,0
2,0,7,4,0.0,4,5,-2.196,7,5,1,0.0,-1.824,0,0.0,2,5,1,0,4,-3.808,3,5,5,0,4,4,1.017,5,-1.97,5,7,0,3,1,7,0,3,-1.681,3,0
3,2,7,4,1850.76,3,3,0.234,2,5,5,0.0,1.514,4,0.0,5,7,3,0,6,-0.091,5,7,3,1,1,3,1.245,2,-1.045,4,4,6,3,5,4,6,7,0.45,0,1
0,2,7,4,0.0,0,2,0.439,0,6,2,0.0,-0.483,5,0.0,5,7,3,0,0,-0.405,5,2,2,0,7,2,0.881,5,-0.888,3,3,4,0,5,6,0,2,0.031,6,0
5,5,0,2,0.0,3,3,-2.1,0,1,1,0.0,-1.338,6,0.0,7,4,5,0,2,-2.192,6,4,0,0,0,7,0.976,0,-2.677,2,5,7,3,6,5,2,5,-1.464,7,0
4,2,7,0,0.0,0,2,-0.529,6,2,5,0.0,-1.425,2,0.0,3,0,5,0,0,0.08,5,1,7,0,5,2,1.353,1,0.475,7,7,5,3,6,4,0,3,-0.232,3,0
1,1,5,5,0.0,5,5,-0.412,3,3,3,0.0,-1.682,1,0.0,3,3,7,0,5,0.015,6,4,3,0,0,1,1.483,1,0.125,2,7,1,6,1,5,4,5,1.122,6,0
1,4,5,5,0.0,2,3,0.123,1,2,0,0.0,5.089,4,0.0,1,5,6,0,3,-0.709,0,3,5,0,4,7,0.819,7,0.785,7,6,1,4,6,5,5,3,0.388,0,0
5,0,5,0,0.0,7,7,-0.453,2,0,5,0.0,0.892,2,0.0,2,5,7,0,7,0.59,4,2,0,0,2,0,0.984,0,1.211,4,1,1,6,4,2,4,2,-0.851,4,0
1,2,5,3,0.0,6,2,-2.203,3,4,3,0.0,-4.856,5,0.0,2,7,4,0,7,-3.005,7,5,5,0,2,5,0.823,6,-3.18,5,2,0,3,1,3,3,4,-1.841,7,0
4,6,5,2,0.0,0,1,-0.682,0,2,5,0.0,-0.167,1,0.0,6,4,3,0,7,0.3,6,1,1,0,6,6,0.93,5,0.206,0,1,0,5,6,6,2,2,-0.015,3,0
7,3,5,3,0.0,6,3,1.191,7,2,4,0.0,2.049,6,0.0,7,6,1,0,4,0.998,3,3,1,0,5,0,0.636,0,-0.633,1,2,7,6,4,5,4,0,0.441,3,0
1,5,3,2,0.0,4,4,-0.139,2,1,5,0.0,3.057,5,0.0,3,0,7,0,7,-0.032,3,7,3,0,6,2,1.379,5,1.725,1,7,6,4,1,5,5,5,0.79,7,0
2,5,5,4,0.0,2,4,-0.39,1,6,4,0.0,-1.815,2,0.0,0,7,0,0,5,0.738,0,1,2,0,0,5,1.083,6,-1.052,0,5,3,5,1,5,1,2,-0.263,7,0
5,4,6,1,0.0,2,6,-0.193,3,1,4,0.0,3.686,5,0.0,3,3,1,0,0,1.15,2,2,1,0,5,1,1.14,5,0.772,5,5,4,1,3,5,1,4,-0.331,0,0
2,6,2,5,0.0,6,7,0.151,2,3,6,0.0,-0.395,2,0.0,7,2,0,0,6,-2.339,1,0,5,0,6,2,1.316,4,-0.897,3,3,6,1,2,0,7,3,-0.797,1,0
0,6,2,1,0.0,0,3,-0.956,6,5,3,0.0,-1.168,1,0.0,2,3,3,0,1,-0.645,5,3,6,0,1,1,0.875,7,-0.022,4,6,5,6,7,6,5,6,-0.968,6,0
2,6,1,3,0.0,3,5,0.716,2,3,0,0.0,4.391,7,0.0,6,5,5,0,6,-0.87,6,6,4,0,0,5,1.103,2,1.116,2,5,4,0,5,1,6,5,0.576,4,0
4,2,3,0,1981.92,0,2,1.387,6,2,5,0.0,1.192,3,0.0,0,5,2,1,6,-1.41,3,5,4,0,7,0,1.317,3,1.591,4,7,6,3,6,5,1,2,0.295,2,1
7,5,3,7,564.2,2,6,2.053,4,1,1,0.0,0.255,2,0.0,6,3,6,0,7,1.649,5,0,7,1,1,5,1.253,7,2.303,1,1,0,4,0,3,7,3,1.937,5,1
6,5,3,6,0.0,6,6,0.02,3,3,7,0.0,1.45,3,0.0,6,3,4,0,1,2.018,2,2,4,0,7,1,0.972,4,0.96,4,5,7,7,2,3,0,4,0.324,5,0
3,1,4,4,0.0,0,7,0.95,3,0,6,0.0,-5.147,6,0.0,0,5,5,0,2,-1.416,1,5,6,0,4,0,0.834,1,-1.312,1,5,3,3,4,1,1,7,0.368,3,0
5,4,4,6,0.0,2,3,-0.402,6,6,2,0.0,-0.338,4,0.0,0,0,0,0,2,-1.499,6,4,0,0,1,2,1.509,0,-1.166,0,3,0,0,7,5,3,4,-0.308,2,0
4,7,7,6,0.0,6,7,0.46,2,4,0,0.0,-2.677,6,0.0,3,0,6,0,4,-0.271,6,2,7,0,4,4,1.25,6,-0.642,5,6,6,7,6,1,1,3,1.362,7,0
3,3,3,4,2016.65,6,6,1.599,0,6,5,0.0,4.289,7,0.0,0,6,4,1,6,2.663,6,7,1,1,7,1,1.158,1,1.645,1,4,3,2,6,6,3,5,1.57,0,1
7,4,6,5,0.0,3,1,0.835,7,3,4,0.0,-3.498,2,0.0,0,2,7,1,7,0.356,1,0,4,0,7,4,1.198,5,-1.339,4,0,7,0,5,4,3,6,0.699,5,1
2,7,6,6,0.0,4,5,-0.844,5,1,3,0.0,0.877,3,0.0,1,5,7,0,2,-0.218,4,1,0,0,5,7,0.82,6,-2.834,4,1,4,7,4,4,0,2,-0.385,5,0
6,3,4,5,997.06,6,1,1.056,6,6,2,0.0,-0.357,1,0.0,2,7,3,0,4,2.397,7,7,0,1,6,6,1.356,2,1.754,3,0,6,5,2,5,0,0,0.886,5,1
5,6,6,7,0.0,7,1,0.121,2,1,5,0.0,-0.864,2,0.0,1,4,7,0,0,0.654,4,5,5,0,0,6,0.789,1,-1.546,6,3,4,0,6,5,5,0,0.482,5,0
1,3,0,7,0.0,6,3,-0.82,5,4,2,0.0,-0.768,3,0.0,7,7,6,0,6,-0.904,3,7,0,0,5,3,0.995,7,-2.007,3,1,2,0,6,4,0,2,-1.286,1,0
3,3,1,4,276.76,2,7,0.909,6,3,5,0.0,-1.094,0,0.0,7,7,4,1,5,0.126,5,0,4,1,4,5,1.442,3,0.665,0,5,0,2,0,2,0,5,1.126,3,1
3,5,5,6,0.0,7,0,-0.882,6,6,0,0.0,3.702,6,0.0,7,7,1,0,2,1.268,1,1,0,0,1,2,1.132,3,-0.477,7,0,1,3,4,5,2,3,0.271,1,0
2,3,4,2,0.0,3,7,-0.375,4,6,7,0.0,-1.485,0,0.0,3,5,6,0,0,0.04,4,3,3,0,5,2,1.006,2,-2.52,2,2,6,2,3,3,6,5,-1.095,6,0
7,4,0,3,1492.96,2,4,1.877,4,5,7,0.0,2.16,4,0.0,7,4,0,1,6,2.714,7,1,2,1,6,1,1.176,4,4.961,7,1,6,4,3,1,7,2,1.528,1,1
5,5,5,4,0.0,5,1,0.582,3,2,5,0.0,-0.964,5,0.0,2,0,5,0,6,-0.775,5,2,6,0,4,3,1.132,5,-0.672,6,7,0,3,5,4,1,7,0.099,5,0
4,1,5,0,0.0,5,0,0.53,6,6,3,0.0,1.185,2,0.0,3,5,6,0,6,-0.165,4,6,4,0,4,0,1.038,1,-1.15,4,2,3,1,7,4,6,3,-0.609,0,0
1,3,3,1,0.0,6,5,-0.716,2,1,6,0.0,-0.019,6,0.0,4,2,1,0,3,-1.387,1,2,6,0,7,1,1.392,0,-2.474,4,5,5,6,2,6,0,5,-0.253,7,0
2,0,3,0,465.47,1,6,0.385,0,5,2,0.0,-1.371,3,0.0,7,5,5,0,7,1.112,1,6,1,1,6,7,1.373,2,2.395,7,4,4,1,7,0,6,1,0.355,2,1
2,5,6,2,0.0,2,1,-0.61,2,3,5,0.0,2.383,2,0.0,5,1,5,0,6,-0.14,7,5,1,0,2,1,1.262,6,-2.586,4,2,0,3,2,1,2,0,-1.262,7,0
0,5,7,6,0.0,6,1,0.871,2,1,6,0.0,-2.545,6,0.0,5,2,3,0,0,-0.227,0,3,2,0,3,2,1.148,6,2.158,1,0,3,2,0,1,2,5,-0.462,5,0
1,2,5,5,0.0,5,5,0.359,0,7,0,0.0,0.996,2,0.0,6,5,5,0,5,-0.906,2,1,6,0,5,1,1.137,7,0.355,5,7,2,1,6,4,1,7,0.379,1,0
5,1,4,4,0.0,1,5,0.221,2,5,3,0.0,2.327,1,0.0,7,4,5,0,0,-0.834,0,0,7,0,5,3,1.139,7,0.78,7,4,5,3,6,4,6,4,0.063,5,0
5,3,5,2,0.0,2,5,-1.398,1,7,6,0.0,-1.316,7,0.0,3,1,3,0,3,-1.41,3,7,7,0,1,4,0.699,5,-2.06,1,5,1,6,5,0,3,7,-0.431,2,0
3,2,6,1,0.0,1,7,1.899,6,6,2,0.0,1.321,1,0.0,1,4,0,0,0,1.756,2,7,7,1,0,0,1.161,5,2.789,4,6,3,2,0,3,6,0,1.893,1,1
7,4,2,3,1653.51,5,0,1.463,7,6,3,0.0,2.735,3,0.0,4,0,7,0,7,0.318,7,7,4,1,1,6,1.307,5,4.603,5,4,2,5,7,2,4,1,0.683,4,1
0,3,5,2,0.0,1,2,-0.134,2,4,7,0.0,0.709,6,0.0,2,0,3,0,1,-2.285,6,0,3,0,2,5,1.262,6,1.003,0,0,7,5,1,5,4,5,-0.81,0,0
6,6,1,6,0.0,0,3,0.691,4,2,2,0.0,-0.179,2,0.0,5,0,6,0,1,3.175,7,3,3,0,2,3,0.839,1,3.037,4,7,6,6,7,2,4,6,0.877,6,0
7,7,0,6,0.0,3,6,-0.687,1,0,7,0.0,-4.639,1,0.0,1,4,4,0,1,-0.154,4,6,2,0,7,0,1.183,1,0.023,6,4,4,5,3,1,4,0,-1.709,6,0
5,7,0,7,0.0,6,6,-0.972,7,4,7,0.0,-2.51,7,0.0,2,2,6,0,5,-1.302,7,5,5,0,7,0,1.181,4,-2.193,2,5,4,1,3,2,7,3,-1.44,7,0
6,0,0,2,0.0,3,2,-1.992,7,3,3,0.0,-3.99,7,0.0,6,7,6,0,7,-1.911,7,5,7,0,7,3,1.114,6,-1.559,1,4,1,7,5,1,5,6,-1.445,3,0
1,7,1,4,0.0,7,4,-0.583,5,0,2,0.0,1.689,5,0.0,0,5,5,0,1,2.143,3,2,7,0,6,2,1.145,5,1.839,6,1,6,4,3,2,6,4,-0.506,6,0
6,0,1,0,0.0,5,2,-0.446,6,7,2,0.0,0.044,7,0.0,1,1,6,0,1,0.314,7,5,3,0,6,7,1.241,2,0.054,1,7,3,3,7,6,6,7,-1.041,2,0
6,6,5,3,0.0,4,1,0.751,0,4,5,0.0,-2.205,3,0.0,7,7,5,0,1,0.811,3,6,5,0,5,2,0.787,0,3.213,0,6,4,0,1,4,4,1,0.695,3,0
1,4,0,6,0.0,7,1,1.947,6,6,4,0.0,1.094,6,0.0,5,4,2,0,1,1.034,6,5,3,1,0,7,1.063,6,1.635,1,7,3,6,4,3,2,0,1.18,1,1
1,1,7,6,0.0,6,7,-1.555,1,4,3,0.0,0.971,4,0.0,2,3,6,0,6,-1.116,6,0,6,0,2,6,1.152,7,-0.337,5,7,5,0,4,6,7,6,-1.288,4,0
4,6,5,0,0.0,3,7,-1.029,7,3,4,0.0,-0.483,5,0.0,5,5,0,0,5,-0.816,7,1,5,0,7,6,0.709,1,-1.524,2,7,4,0,1,6,5,7,-1.101,6,0
6,6,5,3,0.0,2,2,0.594,3,6,2,0.0,-3.035,7,0.0,6,5,6,0,4,-0.211,1,5,5,0,2,5,0.487,7,0.706,0,5,2,6,2,7,7,1,-0.107,1,0
7,2,4,2,0.0,0,5,-1.255,7,1,4,0.0,-0.618,6,0.0,0,7,2,0,2,-0.816,0,1,2,0,1,4,1.154,2,2.014,7,3,6,2,3,6,3,0,-0.62,7,0
6,4,0,7,0.0,1,5,-0.907,5,6,3,0.0,-0.228,6,0.0,5,7,6,0,4,1.181,3,1,2,0,7,4,1.127,1,-2.345,3,2,7,3,4,1,7,7,-0.355,4,0
3,5,3,3,0.0,3,1,0.055,5,5,1,0.0,-1.604,3,0.0,2,5,1,0,3,-0.139,1,1,1,0,3,2,0.892,6,-0.981,7,0,5,6,6,4,5,4,-0.599,4,0
2,2,2,7,0.0,0,6,0.832,0,3,6,0.0,2.398,2,0.0,3,1,0,0,5,-0.012,3,5,3,0,0,6,1.187,2,2.735,3,1,4,4,2,2,4,7,0.587,3,0
2,6,3,7,0.0,2,6,-1.929,3,5,2,0.0,-2.835,7,0.0,1,5,2,0,6,-2.304,1,7,3,0,0,2,0.713,2,0.468,0,4,7,5,1,0,5,7,-1.225,6,0
6,0,4,0,1524.66,1,0,1.08,6,3,4,0.0,-3.567,7,0.0,2,2,2,0,1,0.412,7,2,7,1,3,7,1.502,1,0.037,0,1,2,7,2,6,5,2,1.146,3,1
0,2,4,1,2043.65,7,2,0.483,0,6,1,0.0,0.087,6,0.0,7,7,1,0,6,2.292,3,4,6,1,4,0,1.409,4,2.303,6,5,3,7,5,7,4,0,0.997,0,1
5,1,0,4,0.0,7,2,1.463,1,3,6,0.0,-0.086,2,0.0,0,5,6,0,3,0.558,5,3,4,0,7,2,1.08,2,-0.494,3,2,2,6,4,6,0,7,0.658,6,0
4,1,6,2,0.0,0,7,-0.468,4,3,5,0.0,-2.763,5,0.0,4,4,1,0,5,-0.205,1,5,3,0,2,3,0.861,6,0.107,5,1,4,6,1,3,3,3,-0.778,2,0
2,6,2,5,0.0,4,4,1.493,3,1,2,0.0,2.08,2,0.0,4,1,3,1,5,-1.422,6,2,0,1,7,3,1.224,6,2.158,2,5,6,3,6,7,6,5,2.12,4,1
0,0,3,0,0.0,0,5,-0.291,7,0,4,0.0,2.206,2,0.0,0,4,2,0,1,-1.847,4,3,2,0,4,7,1.034,5,-2.397,0,4,2,0,6,1,5,0,-0.1,6,0
2,5,3,3,0.0,7,1,0.957,5,5,4,0.0,2.414,3,0.0,7,6,3,0,1,3.817,1,5,0,0,6,3,0.918,2,3.116,0,7,6,2,6,6,7,7,1.303,4,0
6,0,7,0,0.0,2,2,-2.008,6,3,1,0.0,-1.981,6,0.0,4,0,5,0,7,-1.838,6,4,7,0,0,1,1.169,0,-3.07,4,7,3,1,3,4,6,0,-1.81,1,0
5,3,2,6,0.0,1,7,0.316,5,2,6,0.0,5.138,4,0.0,3,2,6,0,6,1.031,1,2,4,0,1,4,1.052,1,-2.427,1,2,5,5,7,0,5,1,0.303,1,0
7,1,4,6,0.0,3,2,0.625,0,3,0,0.0,-0.846,2,0.0,1,2,2,0,2,2.218,1,5,2,0,7,1,0.972,7,-4.662,2,7,0,4,1,4,3,7,0.8,0,0
7,7,2,7,0.0,6,6,-0.617,7,4,4,0.0,0.829,1,0.0,6,3,1,0,2,-0.063,1,6,4,0,4,7,1.017,4,-0.812,4,0,5,7,7,3,2,7,-0.276,5,0
2,0,6,7,0.0,5,0,0.843,5,4,5,0.0,4.707,5,0.0,2,6,6,0,0,0.67,1,3,2,0,2,5,0.904,0,-0.72,4,2,3,1,5,4,0,0,1.307,4,0
5,5,5,5,0.0,4,2,0.166,4,1,7,0.0,2.125,0,0.0,0,6,5,0,1,1.138,3,6,2,0,5,2,1.044,6,0.84,7,2,3,7,4,6,6,5,0.214,5,0
5,4,4,7,0.0,2,2,-0.802,5,2,3,0.0,0.616,6,0.0,7,5,4,0,3,0.399,6,1,2,0,6,0,1.018,3,1.927,5,0,3,7,2,2,2,5,-0.459,2,0
6,4,2,3,0.0,5,2,0.477,2,7,6,0.0,0.03,6,0.0,1,7,2,0,6,1.66,3,2,5,0,3,1,0.883,1,2.372,6,3,2,7,4,1,6,6,0.669,4,0
2,5,3,1,0.0,4,4,-1.202,0,7,7,0.0,2.194,1,0.0,7,1,1,0,2,-0.727,3,0,4,0,5,6,0.993,3,-0.79,0,0,6,6,0,3,2,4,-0.531,0,0
1,0,6,3,0.0,4,0,-0.581,4,7,5,0.0,2.869,3,0.0,3,7,0,0,5,0.144,6,4,1,0,1,4,1.169,0,0.268,1,2,4,0,6,5,2,4,0.661,1,0
3,4,3,0,0.0,2,5,0.227,4,1,7,0.0,-1.229,4,0.0,0,4,3,0,0,-0.242,1,3,5,0,0,2,1.073,3,-1.351,5,0,0,4,1,4,7,4,0.613,6,0
4,7,7,6,1491.32,3,1,4.244,2,5,0,0.0,7.009,5,20.68,4,3,1,1,0,3.768,4,4,0,1,1,5,1.388,7,2.832,6,4,2,5,3,5,4,0,2.936,5,1
0,2,2,2,0.0,2,7,-1.402,5,5,6,0.0,-3.435,3,0.0,1,3,4,0,5,-3.182,2,1,7,0,7,2,1.314,7,1.512,2,4,5,3,2,7,6,5,-1.741,4,0
5,6,5,6,0.0,6,6,0.285,0,1,4,0.0,0.673,7,0.0,7,1,5,0,3,1.567,0,1,1,0,0,4,0.868,1,-0.285,5,3,5,3,7,2,3,1,0.345,3,0
1,2,7,2,0.0,6,3,-0.472,7,7,5,0.0,3.726,7,0.0,5,0,3,0,5,0.612,4,7,0,0,4,3,1.356,2,-1.427,7,0,3,6,5,4,3,3,-1.097,1,0
4,1,0,0,0.0,6,3,1.127,2,1,2,0.0,5.144,4,0.0,7,3,3,1,0,1.118,4,2,3,1,2,7,1.041,3,-0.058,3,0,0,5,7,1,0,2,1.893,0,1
0,7,3,0,0.0,3,2,0.031,2,6,7,0.0,-1.38,5,0.0,0,7,5,0,1,0.19,4,0,5,0,1,4,0.902,0,0.067,4,3,6,0,1,6,3,2,0.142,5,0
3,7,5,1,0.0,5,7,-0.023,2,4,1,0.0,4.191,3,0.0,5,4,7,0,5,0.201,2,6,2,0,3,3,1.019,7,2.089,7,7,5,3,5,4,3,1,-0.366,0,0
3,0,4,0,0.0,5,6,0.392,5,3,6,0.0,2.651,0,0.0,7,0,3,0,4,0.207,3,1,5,0,0,4,1.085,5,1.351,0,6,4,3,5,1,0,2,0.643,1,0
3,6,5,5,0.0,4,2,-0.859,2,6,1,0.0,2.471,1,0.0,0,2,6,0,0,-0.918,0,2,1,0,0,1,0.788,1,0.442,2,1,0,3,4,4,4,1,-0.796,0,0
5,7,5,5,0.0,5,6,1.564,7,6,5,0.0,1.361,6,0.0,0,3,6,1,7,1.673,5,2,2,0,0,3,1.538,0,0.51,6,6,6,2,7,3,1,0,2.049,5,1
6,7,2,7,0.0,2,7,-0.467,0,7,2,0.0,-4.855,7,0.0,1,6,2,0,0,-1.057,7,0,6,0,0,6,0.941,4,-1.66,0,1,3,5,0,6,4,5,-0.05,5,0
6,0,4,0,0.0,1,5,1.63,4,1,1,0.0,1.373,4,0.0,2,4,5,0,1,3.175,5,4,0,0,4,5,1.129,2,-0.019,4,7,6,3,1,7,3,5,0.457,1,0
4,3,4,6,0.0,4,1,-0.968,2,7,7,0.0,0.734,3,0.0,1,1,1,0,3,1.426,3,7,5,0,3,0,0.924,2,-0.559,3,7,4,3,5,2,5,0,-0.555,2,0
4,3,4,1,0.0,5,1,0.516,3,3,7,0.0,4.164,4,0.0,1,5,0,0,0,-0.629,5,3,7,0,0,5,1.189,2,1.692,1,3,4,3,7,7,0,2,0.609,4,0
5,0,4,5,0.0,3,2,0.064,6,5,3,0.0,1.032,1,0.0,4,0,0,0,4,-0.569,3,0,7,0,5,1,1.205,7,-1.108,6,7,1,6,0,7,7,3,0.105,1,0
7,3,2,1,1760.55,5,3,2.574,2,2,5,0.0,5.744,6,0.0,6,6,7,1,6,1.872,0,0,7,1,1,0,1.362,4,3.044,0,1,6,7,7,5,6,5,2.244,7,1
1,6,0,7,0.0,4,3,-0.185,4,5,0,0.0,-4.613,0,0.0,7,0,3,0,5,-2.076,0,5,1,0,3,1,0.954,7,-2.889,2,4,1,3,7,4,6,0,-0.053,7,0
4,2,0,7,0.0,7,6,1.947,2,2,4,0.0,0.52,4,0.0,2,4,2,1,5,3.017,0,2,2,1,2,1,1.12,3,-1.502,2,2,4,1,3,3,3,6,2.407,6,1
4,3,6,2,2033.3,7,0,0.631,7,4,2,0.0,-1.644,6,0.0,7,6,0,0,6,0.626,0,2,0,1,2,2,1.04,6,-1.805,1,0,2,3,7,2,5,5,0.278,4,1
6,5,1,4,0.0,5,1,-0.942,5,2,4,0.0,-3.871,3,0.0,5,3,5,0,4,-1.858,7,3,4,0,1,1,0.469,4,-2.071,2,4,6,5,1,6,4,0,-0.832,6,0
3,6,0,0,0.0,3,3,-1.979,3,5,2,0.0,-3.526,5,0.0,2,1,2,0,7,-1.634,3,7,3,0,6,7,0.967,7,-0.766,0,3,4,1,6,5,7,5,-0.645,5,0
7,0,3,6,0.0,2,7,-1.337,7,3,0,0.0,-3.276,6,0.0,7,0,2,0,5,-1.062,0,4,0,0,3,7,0.709,2,-0.211,6,0,1,1,0,3,0,2,-0.86,3,0
6,0,0,5,0.0,3,0,0.86,3,6,2,0.0,-1.73,7,0.0,3,0,5,0,2,1.616,7,0,0,0,3,0,1.099,3,-1.089,6,2,4,6,1,0,3,3,-0.49,0,0
6,6,7,4,0.0,2,2,-2.01,3,5,4,0.0,-0.825,6,0.0,5,4,2,0,5,-1.701,1,6,1,0,1,6,0.701,2,-1.427,4,1,5,0,7,7,5,0,-1.283,7,0
7,2,5,6,0.0,0,4,0.66,2,7,3,0.0,-0.659,1,0.0,7,7,6,0,5,0.425,7,3,0,0,2,4,0.579,0,-0.287,5,1,0,7,4,6,4,0,-0.067,7,0
3,1,3,5,890.63,7,7,0.529,2,6,1,0.0,-4.778,6,7.52,2,4,1,1,3,1.078,1,5,7,0,7,7,1.46,2,-0.066,6,5,1,0,0,4,3,3,0.179,1,1
5,3,5,1,0.0,3,4,-0.578,0,5,2,0.0,1.403,4,0.0,4,3,5,0,0,-1.006,6,7,1,0,6,0,1.104,5,-3.319,7,7,6,0,1,1,7,3,-0.881,0,0
1,5,6,7,0.0,5,4,-1.534,4,4,5,0.0,-0.721,5,0.0,4,6,4,0,4,-1.12,1,7,7,0,7,3,0.909,0,-5.734,7,7,6,4,1,2,7,1,-0.784,2,0
6,7,1,4,0.0,1,4,-0.124,5,0,7,0.0,-4.15,5,0.0,0,2,4,0,5,0.475,1,1,0,0,5,0,0.79,6,-1.779,4,3,7,5,0,0,5,1,-0.97,2,0
0,4,4,7,0.0,4,6,-1.358,5,6,4,0.0,0.862,1,0.0,5,0,7,0,6,-0.971,0,7,7,0,5,7,0.956,4,-3.468,3,5,1,4,2,4,3,3,-0.65,6,0
0,0,5,6,0.0,2,4,-2.061,5,1,0,0.0,0.16,7,0.0,1,0,0,0,7,-0.009,5,3,1,0,1,6,0.896,3,-4.487,1,6,1,4,3,1,5,5,-0.857,6,0
7,0,1,4,1590.38,0,3,1.491,0,5,5,0.0,-1.345,3,0.0,2,6,2,1,3,2.047,4,2,0,1,6,2,0.896,0,3.817,1,6,6,5,1,5,7,0,1.984,3,1
5,7,3,4,0.0,0,0,0.095,3,3,2,0.0,-1.114,0,0.0,3,1,2,0,3,0.426,6,6,3,0,3,7,1.113,0,-0.887,3,1,0,3,5,7,0,6,-0.24,4,0
4,1,3,2,0.0,1,4,-0.011,7,6,3,0.0,-1.869,1,0.0,1,6,7,0,7,-0.407,5,7,7,0,7,7,1.244,2,-1.32,0,6,3,5,4,5,5,0,-0.043,1,0
2,7,4,0,0.0,3,3,-0.129,7,6,2,0.0,-0.783,5,0.0,5,7,1,0,3,-2.919,7,7,6,0,4,6,1.209,1,-1.039,0,4,5,7,3,6,6,6,-0.51,4,0
0,1,4,1,0.0,2,7,-0.083,2,1,2,0.0,1.751,6,0.0,2,0,5,0,6,0.494,3,7,7,0,5,7,0.909,0,-1.387,1,1,7,6,2,4,5,7,0.138,4,0
0,4,3,6,0.0,3,1,0.819,5,6,0,0.0,1.38,6,0.0,0,3,2,0,4,-0.437,2,4,5,0,7,1,1.251,6,0.228,6,6,0,0,7,5,1,0,0.77,1,0
6,2,4,4,0.0,2,7,-1.251,0,5,6,0.0,0.055,3,0.0,4,6,1,0,5,-3.438,3,1,6,0,6,3,0.969,2,0.084,0,7,7,7,6,5,4,0,-1.032,2,0
2,1,4,5,0.0,0,1,-0.567,0,0,6,0.0,-2.159,3,0.0,2,1,3,0,1,1.005,0,1,5,0,7,2,0.746,7,0.889,7,5,4,5,1,3,5,1,-0.128,4,0
5,7,4,0,0.0,2,2,1.011,0,2,7,0.0,-1.733,7,0.0,1,3,3,0,7,0.823,7,2,2,0,1,0,1.134,7,1.447,7,3,3,7,2,2,2,3,0.238,0,0
7,0,0,3,0.0,5,6,-0.136,4,6,4,0.0,0.7,1,0.0,7,5,4,0,7,-0.323,2,3,5,0,6,0,0.606,5,-0.123,5,2,7,4,7,5,6,5,-0.123,1,0
0,4,4,7,0.0,1,7,-0.136,6,4,1,0.0,1.011,7,0.0,7,2,4,0,7,1.594,5,7,2,0,2,0,1.033,1,1.078,4,2,5,3,7,3,2,2,0.912,2,0
3,4,3,5,0.0,2,3,0.355,7,6,2,0.0,0.866,5,0.0,3,5,5,0,4,0.815,4,5,0,0,6,3,0.894,6,2.818,5,0,7,3,5,4,1,2,0.633,5,0
4,7,7,4,0.0,3,7,-0.443,3,0,4,0.0,-0.727,2,0.0,4,4,5,0,5,-0.399,3,4,4,0,0,7,0.754,6,0.478,0,7,3,7,0,7,2,2,-0.768,4,0
6,3,3,7,0.0,5,4,0.997,7,3,2,0.0,3.009,1,0.0,2,4,3,1,5,-0.144,6,3,2,0,4,5,0.96,5,4.569,2,1,0,0,7,2,7,5,1.474,3,1
5,2,7,7,627.42,6,3,1.61,4,3,5,0.0,1.854,4,0.0,0,0,5,1,3,2.912,5,4,6,1,4,0,0.642,3,1.294,6,5,1,3,4,0,0,5,1.334,5,1
2,1,5,6,0.0,5,1,-0.583,5,7,0,0.0,-2.378,4,0.0,3,4,1,0,6,0.327,2,6,1,0,2,6,1.084,0,0.585,4,1,7,6,1,1,0,7,-0.488,5,0
2,6,2,6,0.0,3,7,-0.631,4,1,1,0.0,-7.106,3,0.0,6,5,2,0,6,-0.386,4,5,7,0,0,0,1.203,3,-0.42,5,3,3,4,1,5,5,3,-0.444,2,0
6,2,3,6,359.17,7,6,1.687,6,0,7,0.0,-0.371,5,0.0,0,1,1,0,0,1.0,4,2,4,1,4,6,1.43,5,2.909,6,6,1,0,6,5,5,1,1.58,4,1
4,2,5,2,0.0,0,4,0.386,0,7,2,0.0,1.611,4,0.0,4,3,1,0,7,-0.292,5,0,5,0,2,7,1.08,5,2.191,3,5,4,4,1,6,0,7,0.043,6,0
1,4,0,6,0.0,7,2,-0.014,7,4,4,0.0,-2.396,6,0.0,3,6,1,0,1,-2.436,2,1,7,0,6,1,0.883,2,0.357,6,5,7,0,5,3,6,1,0.1,6,0
7,5,1,0,0.0,0,7,-0.6,7,2,0,0.0,-1.209,5,0.0,7,7,6,0,4,0.188,5,4,0,0,7,3,0.791,2,0.012,2,3,3,0,0,7,0,2,-0.962,6,0
0,2,6,4,0.0,5,1,-0.368,0,7,6,0.0,2.511,7,0.0,2,6,1,0,4,0.919,3,4,6,0,7,2,0.957,6,-0.128,1,0,5,4,7,1,3,2,-0.183,4,0
7,0,4,2,0.0,7,1,0.291,1,7,7,0.0,0.075,7,0.0,4,1,4,0,1,0.583,3,2,6,0,1,0,0.748,4,-2.858,4,1,7,0,3,7,4,5,-0.453,5,0
0,0,7,1,316.24,0,5,-0.093,7,5,7,0.0,-0.154,3,23.42,6,4,7,1,0,0.263,1,5,5,0,2,4,1.208,3,1.636,3,0,5,3,5,6,6,7,-0.254,4,1
7,2,4,7,0.0,7,1,-1.259,0,4,2,0.0,-3.424,1,0.0,1,3,5,0,0,-1.801,5,6,7,0,7,7,1.23,1,-0.219,0,7,2,6,4,0,4,3,-0.645,3,0
4,0,6,3,0.0,4,3,0.574,5,4,2,0.0,-0.18,4,0.0,6,7,4,0,0,-0.043,1,5,5,0,3,1,1.055,1,-0.075,3,3,6,2,6,2,7,4,0.67,6,0
6,1,1,1,0.0,5,4,-1.902,7,4,1,0.0,-0.629,6,0.0,2,6,6,0,7,0.726,4,4,5,0,7,0,0.88,1,-2.031,2,3,1,2,4,4,6,1,0.04,4,0
7,4,1,4,0.0,2,4,1.472,6,2,6,0.0,0.809,6,0.0,3,1,6,0,6,-0.474,5,2,2,0,6,7,0.76,5,1.566,4,0,1,2,1,5,7,7,0.831,0,0
2,1,2,3,0.0,1,1,-0.099,6,3,2,0.0,1.786,6,0.0,0,3,6,0,6,-0.296,4,4,7,0,1,6,1.002,2,-1.576,7,6,2,0,1,0,5,2,0.832,0,0
2,5,1,7,0.0,3,3,-0.579,2,1,7,0.0,-0.597,3,0.0,5,4,7,0,7,-1.947,3,5,7,0,6,4,1.324,7,-2.047,4,4,0,3,1,3,1,6,-0.817,4,0
6,0,7,4,0.0,1,3,-0.343,7,3,5,0.0,0.21,2,0.0,3,2,5,0,6,1.987,1,7,7,0,5,6,1.041,5,0.319,7,7,4,2,2,4,0,1,0.449,6,0
4,3,6,5,0.0,7,5,0.664,2,6,2,0.0,-0.672,4,0.0,5,3,2,0,2,-0.331,6,1,7,1,0,0,0.899,5,0.985,0,7,3,7,0,1,0,5,0.908,6,1
6,4,6,0,0.0,4,2,-2.652,7,1,6,0.0,-1.59,7,0.0,5,3,6,0,7,-3.61,0,6,2,0,7,6,0.988,6,-2.445,1,1,7,0,5,0,2,4,-1.996,3,0
0,2,1,0,0.0,3,7,0.089,7,3,6,0.0,0.955,6,0.0,3,0,7,0,4,0.425,3,2,4,0,4,4,1.118,1,-1.023,2,7,2,0,0,3,6,1,-0.454,7,0
6,5,2,5,0.0,4,5,-0.796,0,0,1,0.0,-1.567,1,0.0,7,4,7,0,7,-1.001,5,4,1,0,5,0,0.952,7,0.764,2,7,3,7,4,7,6,7,-1.266,4,0
5,1,2,3,0.0,7,4,1.078,6,1,2,0.0,-0.273,1,0.0,5,4,7,0,0,1.003,2,3,4,0,3,2,1.196,3,1.633,6,3,1,5,4,5,4,2,0.36,1,0
1,1,5,0,222.06,0,0,2.149,5,2,7,0.0,4.362,2,0.0,0,1,6,1,4,1.231,0,0,7,1,7,2,1.465,4,3.814,7,1,1,5,2,0,4,1,2.105,6,1
5,4,1,0,1521.34,3,1,1.135,0,3,5,0.0,3.071,0,0.0,5,2,5,1,4,-0.218,6,2,6,0,4,1,1.292,3,0.46,7,3,3,1,1,0,4,1,0.695,0,1
4,7,3,6,0.0,7,0,-0.967,1,3,0,0.0,1.012,4,0.0,5,6,4,0,2,0.334,6,0,5,0,3,2,0.965,1,-0.987,6,3,4,4,2,3,2,7,-0.21,1,0
4,3,6,6,1643.08,5,6,0.981,0,0,1,0.0,3.837,3,0.0,3,2,5,0,2,0.803,3,5,3,1,0,5,1.166,7,-1.269,4,1,3,3,7,6,4,1,1.893,3,1
7,1,6,5,0.0,2,7,-1.567,0,0,7,0.0,-0.602,2,0.0,6,3,2,0,5,-3.205,0,5,3,0,3,4,0.809,5,-2.058,0,5,0,2,2,3,5,5,-2.146,0,0
7,5,6,6,0.0,3,5,-1.54,5,1,0,0.0,-5.678,5,0.0,1,6,0,0,3,-0.706,4,3,3,0,6,0,0.94,3,1.594,3,5,0,3,3,3,5,0,-1.65,3,0
2,3,3,5,0.0,1,1,0.857,4,6,1,0.0,3.271,5,21.05,0,4,3,1,7,0.317,3,1,0,0,6,7,1.434,1,-0.419,7,3,3,6,7,3,1,2,1.137,1,1
0,0,0,5,0.0,4,7,0.186,2,2,6,0.0,-0.402,2,0.0,3,0,1,0,1,0.28,5,7,2,0,2,7,0.884,1,2.643,4,4,2,7,6,6,5,3,-0.121,4,0
1,0,7,7,0.0,3,2,0.279,0,3,0,0.0,0.427,2,0.0,7,2,2,0,5,-0.702,3,3,1,0,5,4,1.121,4,0.1,6,6,3,5,5,1,2,2,-0.261,3,0
2,7,3,3,0.0,7,5,-0.528,0,0,6,0.0,-0.657,0,0.0,7,0,3,0,7,0.304,2,1,7,0,5,6,1.452,3,-3.262,4,5,6,3,0,7,7,6,-0.766,7,0
5,0,5,6,0.0,6,3,-2.821,4,4,7,0.0,-1.153,1,0.0,3,6,4,0,2,-2.869,3,6,3,0,0,1,1.019,2,-3.05,5,3,7,4,6,3,5,0,-2.037,3,0
2,7,4,5,0.0,4,6,-1.088,3,3,4,0.0,-3.743,6,0.0,0,5,2,0,0,-4.449,0,2,4,0,4,2,1.382,1,2.142,5,5,7,4,6,7,5,6,-1.326,0,0
6,6,1,6,0.0,4,4,-0.353,6,2,4,0.0,1.907,3,0.0,5,3,4,0,6,-0.835,4,5,6,0,1,6,1.248,4,-0.17,3,2,2,6,0,2,4,7,0.089,3,0
1,7,4,0,0.0,4,1,-0.942,5,5,3,0.0,0.209,4,0.0,6,1,6,0,1,-1.425,2,2,0,0,7,3,0.863,4,-1.377,3,0,6,6,6,1,6,2,-1.066,7,0
5,4,3,4,2096.98,7,5,1.566,3,4,5,0.0,1.959,2,0.0,7,2,2,0,7,1.806,1,7,7,1,6,3,1.08,6,0.709,3,7,1,4,3,6,4,4,1.371,1,1
6,1,6,4,0.0,5,1,-0.693,0,6,4,0.0,-2.773,1,0.0,1,1,6,0,0,-1.142,5,1,0,0,3,0,1.022,7,-0.077,0,0,3,2,0,7,3,5,-0.928,4,0
2,6,3,3,0.0,2,4,-0.69,6,5,3,0.0,-2.557,7,0.0,5,7,5,0,5,-2.317,3,4,3,0,5,4,0.821,6,-1.794,0,2,0,4,2,4,3,7,-0.355,7,0
3,2,7,0,0.0,0,4,-0.961,6,4,1,0.0,-4.153,0,0.0,7,3,2,0,6,0.804,3,0,6,0,6,0,1.011,1,-1.09,6,7,7,5,0,6,0,6,-1.159,3,0
1,0,1,6,0.0,7,7,0.002,2,5,7,0.0,0.927,3,0.0,1,4,7,0,2,-0.802,1,7,2,0,4,1,0.836,1,-1.371,1,3,2,3,1,7,6,4,-0.69,2,0
6,7,0,1,0.0,0,6,1.019,0,5,1,0.0,0.691,0,0.0,2,5,6,0,4,0.457,6,7,0,1,5,3,1.121,2,1.359,6,0,1,3,6,1,5,7,1.271,4,1
6,5,1,7,410.87,6,6,-0.064,2,5,4,0.0,0.484,7,0.0,1,7,5,1,5,0.532,2,4,6,1,2,1,1.318,2,0.903,0,0,3,7,5,7,1,6,0.597,2,1
4,3,5,3,0.0,0,6,-0.042,7,5,3,0.0,-0.348,6,0.0,3,3,2,0,4,0.595,0,7,6,0,1,1,1.087,7,-0.11,7,5,4,7,1,6,2,5,-0.033,3,0
6,3,7,5,0.0,7,7,0.094,4,1,3,0.0,0.398,4,0.0,0,0,0,0,7,-0.643,6,4,3,0,1,7,1.068,6,0.477,5,5,0,2,4,6,4,7,0.428,2,0
5,7,6,5,1853.12,4,7,-0.435,5,1,4,0.0,-0.21,4,9.0,7,0,1,0,0,-1.807,2,5,7,1,0,3,1.252,0,1.437,2,5,6,4,0,3,0,5,-0.65,6,1
5,4,2,7,1771.8,6,7,0.58,1,5,5,0.0,-0.071,7,0.0,1,0,3,0,7,0.935,1,0,4,1,3,4,1.626,1,3.944,2,2,7,0,3,7,0,5,1.296,7,1
6,3,3,1,0.0,5,2,-0.319,5,1,4,0.0,-0.334,4,0.0,0,6,4,0,1,-1.258,1,6,7,0,2,7,0.982,5,-0.968,3,7,2,4,6,5,0,7,0.049,5,0
5,3,4,2,0.0,4,0,-0.765,4,7,1,0.0,-5.112,5,0.0,2,6,6,0,2,-1.068,6,2,1,0,6,5,1.163,3,-3.215,7,6,1,2,2,6,6,6,-0.303,6,0
6,3,2,7,0.0,4,0,-1.058,6,7,4,0.0,0.658,4,0.0,1,3,1,0,7,-0.44,2,5,1,0,2,5,1.036,7,-1.792,3,2,1,0,7,2,0,2,-1.157,3,0
1,2,2,5,976.11,2,0,-0.18,0,2,0,0.0,0.147,2,0.0,3,1,6,1,6,-1.195,1,4,7,0,2,1,1.322,5,0.512,6,0,5,4,2,1,6,5,-0.15,3,1
2,1,6,3,0.0,3,0,-1.524,5,7,3,0.0,-4.087,2,0.0,6,7,6,0,3,-1.674,0,5,2,0,4,1,1.058,1,-0.483,7,2,0,2,7,3,1,4,-1.041,5,0
5,4,0,7,0.0,7,7,-0.701,6,3,3,0.0,-3.545,5,0.0,0,4,5,0,6,-1.06,3,0,1,0,7,2,1.042,1,-1.898,6,4,3,2,5,4,7,3,-1.143,6,0
2,2,4,6,0.0,5,4,-0.769,3,7,7,0.0,2.006,4,0.0,0,1,5,0,3,-2.608,0,3,7,0,3,6,0.995,7,-2.027,0,7,4,5,1,7,6,1,-0.984,5,0
5,5,0,0,418.0,5,6,1.228,1,3,7,0.0,-2.397,7,0.0,3,5,2,1,4,1.236,4,5,3,0,7,1,1.191,5,0.749,3,0,7,3,6,5,3,4,1.79,4,1
1,4,2,3,0.0,5,3,0.943,6,7,4,0.0,-0.559,6,0.0,4,3,7,0,5,1.95,7,4,2,0,6,2,0.999,6,0.063,4,1,2,1,1,5,4,4,1.056,7,0
4,7,5,6,0.0,5,3,-1.292,2,7,1,0.0,-3.575,1,0.0,7,7,7,0,5,-2.446,3,4,1,0,7,7,1.193,1,-1.125,4,3,7,2,2,6,4,4,-0.837,2,0
3,1,0,4,0.0,0,0,0.013,1,3,6,0.0,0.875,6,0.0,3,2,0,0,6,1.042,7,7,1,0,4,1,1.126,5,-1.542,6,6,1,1,0,6,1,0,-0.197,7,0
1,7,0,3,0.0,2,0,-0.203,3,1,7,0.0,2.242,2,0.0,7,2,4,0,1,-1.004,0,1,1,0,5,2,1.255,0,-0.172,6,1,2,3,3,0,3,1,0.461,1,0
3,4,6,7,0.0,5,3,-0.574,3,7,1,0.0,0.299,1,0.0,5,3,7,0,6,-0.213,0,5,3,0,4,2,1.42,1,-1.383,0,7,1,3,5,4,5,2,-0.575,7,0
0,1,5,5,0.0,1,6,-1.415,0,7,2,0.0,-2.109,3,0.0,3,2,1,0,5,-3.574,2,2,4,0,1,4,1.05,1,-2.407,5,5,0,6,6,2,0,4,-2.04,6,0
1,1,1,2,0.0,0,6,-0.724,6,7,2,0.0,-1.264,2,0.0,4,5,1,0,5,-1.383,0,3,6,0,4,3,1.276,3,0.872,2,7,5,6,6,3,6,3,0.442,7,0
3,4,3,1,0.0,1,3,0.643,2,2,5,0.0,-2.329,2,0.0,0,7,4,0,5,0.477,4,4,0,0,4,1,1.125,2,0.364,7,0,7,6,3,3,1,0,0.837,4,0
1,4,6,1,0.0,5,1,0.222,2,6,1,0.0,-1.04,1,0.0,3,0,4,0,1,0.096,5,7,0,0,4,5,1.201,5,-1.092,0,2,7,3,2,2,1,2,-0.215,1,0
1,6,7,3,0.0,5,6,0.25,3,5,5,0.0,-0.109,5,0.0,0,2,1,0,6,0.135,1,7,5,0,0,5,1.177,6,-0.623,2,6,4,0,3,6,1,5,-0.322,5,0
2,5,0,2,0.0,2,6,-0.111,0,0,0,0.0,-0.277,4,0.0,0,5,0,0,4,1.362,1,6,6,1,6,7,1.045,5,-0.711,2,7,7,1,4,5,4,3,0.844,2,1
2,6,3,1,0.0,1,0,-0.852,2,2,0,0.0,-1.909,6,0.0,3,4,1,0,1,-0.758,3,7,3,0,7,0,1.041,1,-3.385,1,1,0,2,3,1,4,3,-0.865,3,0
4,4,2,7,0.0,6,3,-0.664,6,2,7,0.0,-0.469,4,0.0,0,2,1,0,5,-0.572,6,0,3,0,0,0,1.173,1,-1.018,5,4,6,2,0,4,2,1,-0.718,2,0
3,3,0,5,395.78,7,4,1.528,2,0,4,0.0,-0.029,3,8.38,4,5,2,1,0,1.819,1,6,6,0,7,2,1.113,5,1.239,0,3,7,2,2,5,4,5,0.896,4,1
2,5,5,4,0.0,5,1,-0.808,6,4,7,0.0,-1.153,3,0.0,5,4,7,0,6,-0.472,4,7,1,0,2,2,0.593,1,1.351,5,0,3,4,1,5,0,0,-0.959,5,0
0,4,6,0,0.0,4,5,-1.111,0,4,3,0.0,2.323,6,0.0,4,2,5,0,6,1.127,1,6,5,0,5,3,0.908,1,-0.314,7,3,4,1,1,6,4,1,-0.344,4,0
0,4,4,5,0.0,1,1,-0.089,6,7,2,0.0,0.308,2,0.0,4,1,1,0,4,-0.503,0,5,1,0,5,1,1.18,4,-1.866,4,6,2,6,4,4,7,7,-0.095,5,0
7,6,1,5,1132.58,0,6,0.666,3,7,2,0.0,-1.649,1,0.0,5,5,1,1,7,2.012,3,6,0,1,3,5,1.233,2,1.532,3,7,5,5,5,2,6,3,1.591,0,1
4,5,5,1,0.0,1,7,0.346,3,5,0,0.0,-1.697,4,0.0,4,7,7,0,0,-1.549,3,7,0,0,3,1,1.066,3,1.515,5,3,1,7,5,7,3,7,-0.299,5,0
2,5,6,2,0.0,5,4,-0.183,2,2,5,0.0,-2.215,0,0.0,1,1,3,0,2,1.27,5,4,2,0,6,6,0.874,4,0.296,4,3,3,5,6,4,3,1,-0.098,1,0
4,5,2,4,0.0,2,6,-0.961,2,5,7,0.0,0.804,1,0.0,3,2,6,0,0,-0.607,5,1,2,0,0,6,1.111,7,0.836,5,2,3,4,4,5,6,5,-0.0,6,0
1,7,6,4,0.0,3,2,-0.259,6,5,7,0.0,-1.332,7,0.0,1,1,4,0,5,-1.229,5,5,1,0,0,3,0.905,7,-2.538,7,1,5,0,0,1,1,3,-0.883,2,0
3,1,4,7,0.0,6,1,0.702,7,4,1,0.0,3.202,7,0.0,1,1,4,0,4,-1.278,3,5,3,0,3,2,0.996,4,-1.421,3,5,0,5,3,5,3,3,0.065,5,0
7,2,1,2,0.0,7,5,-0.576,2,6,0,0.0,-5.026,4,0.0,3,0,0,0,1,0.533,0,7,7,0,7,4,1.002,2,-0.699,0,6,6,4,7,4,1,4,-0.334,7,0
0,4,4,2,0.0,1,1,0.359,4,2,1,0.0,0.589,6,0.0,2,5,4,0,0,0.472,6,6,1,0,5,0,1.103,3,0.203,4,1,4,2,4,1,2,6,-0.057,6,0
5,5,1,7,0.0,1,7,-1.224,5,4,3,0.0,1.715,3,0.0,4,4,2,0,1,-1.776,3,2,3,0,4,0,0.702,3,-3.589,3,7,6,6,1,1,3,3,-1.393,7,0
2,5,0,0,0.0,1,0,-0.566,2,6,2,0.0,0.516,3,0.0,6,5,7,0,0,-1.457,6,3,6,0,2,0,1.005,5,-1.611,5,3,7,2,1,2,7,6,-1.047,1,0
0,5,3,3,0.0,1,6,-0.562,3,4,1,0.0,-0.026,6,0.0,1,3,3,0,4,-0.45,5,5,2,0,0,6,1.014,2,-1.444,4,5,6,2,7,7,4,2,-0.885,1,0
3,4,1,4,0.0,6,7,1.039,7,2,1,0.0,-0.21,2,0.0,1,3,1,1,4,0.907,3,4,0,1,7,7,1.016,2,2.074,7,6,4,3,6,6,5,0,1.586,4,1
2,5,0,5,0.0,6,7,-1.168,5,2,1,0.0,-3.174,5,0.0,4,3,4,0,3,0.738,5,0,4,0,1,4,0.667,3,-1.038,5,5,5,3,4,4,0,1,0.398,1,0
4,0,6,0,0.0,4,6,-2.02,7,6,5,0.0,-2.69,6,0.0,2,2,5,0,5,-1.748,2,6,2,0,0,0,0.853,1,-1.771,0,1,4,5,6,6,0,6,-1.582,4,0
7,3,6,4,0.0,4,2,-1.224,3,5,5,0.0,-4.28,4,0.0,7,7,1,0,4,-5.15,7,7,7,0,1,7,0.888,7,-2.54,5,7,0,6,1,4,5,6,-2.46,4,0
3,6,3,5,0.0,5,7,-0.07,6,5,2,0.0,-0.427,5,0.0,7,7,0,0,3,0.69,4,0,5,0,3,0,0.812,0,-1.059,3,4,1,2,0,0,3,5,0.449,6,0
4,5,0,5,0.0,7,7,-0.657,1,2,6,0.0,-5.115,0,0.0,4,6,1,0,2,-1.687,7,0,4,0,7,7,0.8,2,0.318,6,3,4,4,6,6,0,5,-0.311,1,0
2,3,5,6,0.0,6,3,-0.31,7,2,0,0.0,-2.48,4,0.0,0,7,6,0,3,0.274,5,3,2,0,2,3,1.007,2,-1.528,0,1,7,5,3,1,2,3,-0.448,6,0
2,7,1,6,0.0,2,4,0.379,0,3,3,0.0,1.091,1,0.0,1,4,3,0,1,-0.932,7,7,2,0,7,2,1.18,5,2.109,3,1,5,0,0,2,5,6,0.339,0,0
4,5,1,2,0.0,2,6,0.42,1,6,1,0.0,-0.398,3,0.0,7,1,0,0,2,-1.36,0,6,4,0,0,2,0.88,4,-0.852,0,2,7,4,3,7,5,4,-0.961,7,0
7,5,3,5,0.0,2,3,1.271,7,0,5,0.0,0.211,5,0.0,6,1,3,0,4,-0.844,5,3,3,0,7,6,0.968,1,1.742,6,4,5,3,5,4,0,3,-0.305,7,0
2,6,6,0,0.0,1,0,0.428,0,5,6,0.0,2.115,2,10.12,2,1,3,0,5,-0.47,6,5,2,1,1,4,0.839,3,-0.144,2,4,6,6,5,6,3,1,0.692,7,1
5,3,6,3,0.0,1,3,-0.261,0,3,7,0.0,-0.719,1,0.0,7,6,1,0,5,-3.008,0,5,6,0,3,0,0.759,3,-3.947,2,4,3,1,6,4,5,6,-0.457,6,0
5,3,6,7,0.0,4,4,-0.219,0,3,4,0.0,-1.702,3,0.0,3,7,5,0,1,1.427,2,4,1,0,4,6,1.189,5,1.947,5,0,4,1,3,0,4,7,0.092,5,0
7,5,0,5,0.0,0,0,0.364,2,0,5,0.0,2.454,4,0.0,2,0,6,0,5,1.631,2,6,3,0,1,3,0.966,0,1.546,6,7,1,4,6,3,4,5,0.435,6,0
7,6,2,0,0.0,3,0,-0.325,4,7,0,0.0,-2.291,0,0.0,7,2,4,0,1,-2.991,1,0,2,0,0,5,0.988,6,-0.356,5,0,4,0,0,0,6,4,0.113,2,0
2,1,4,2,284.87,1,0,1.796,4,4,2,0.0,-0.535,4,0.0,4,3,7,1,4,-0.743,3,5,2,1,3,0,0.751,1,0.522,2,0,2,5,3,3,7,5,1.596,5,1
5,6,1,3,0.0,6,1,-1.415,2,6,0,0.0,0.838,4,0.0,5,6,1,0,0,-1.255,0,4,2,0,4,7,0.987,6,-1.433,7,5,2,4,3,3,4,3,-1.613,4,0
4,1,3,3,0.0,4,1,-0.618,5,1,1,0.0,2.43,5,0.0,5,0,3,0,2,-1.74,7,0,4,0,4,7,1.161,2,-2.782,6,5,6,7,2,3,5,3,-0.303,7,0
3,4,7,4,0.0,2,6,0.086,5,5,2,0.0,-3.919,0,0.0,2,0,6,0,6,0.053,4,6,3,0,6,1,1.109,2,-2.415,0,3,3,6,3,0,7,7,-0.796,4,0
2,7,4,4,0.0,6,3,0.238,1,5,1,0.0,0.761,2,0.0,4,1,2,0,2,-0.623,3,5,3,0,0,3,0.739,3,1.072,2,4,1,0,3,4,0,3,-0.511,6,0
5,7,1,4,0.0,4,5,0.66,7,6,1,0.0,-2.038,5,0.0,1,7,0,0,3,2.102,5,2,0,0,5,4,0.904,6,2.013,7,6,7,6,5,7,2,6,0.271,1,0
6,0,6,3,0.0,2,0,-0.906,0,4,1,0.0,-1.716,7,0.0,5,4,4,0,5,0.214,4,0,2,0,2,7,0.779,2,0.817,0,5,2,2,3,1,3,0,-0.515,1,0
6,0,3,2,0.0,0,0,0.349,7,2,2,0.0,-2.341,0,0.0,6,3,1,0,3,1.253,1,1,7,0,7,0,0.991,2,0.376,6,0,6,2,1,6,1,4,0.9,5,0
0,3,6,0,0.0,2,1,0.286,1,3,7,0.0,-2.338,7,0.0,6,1,6,0,1,-0.258,2,1,0,0,2,6,1.298,4,-2.739,6,0,5,4,6,7,1,2,0.531,2,0
4,3,5,7,0.0,2,3,-0.013,4,4,3,0.0,0.519,6,0.0,6,5,3,0,3,-1.07,5,5,4,0,0,4,0.836,6,0.696,7,0,6,1,6,5,6,1,-0.121,4,0
0,1,4,7,0.0,0,2,1.084,2,3,6,0.0,-0.451,6,0.0,7,2,5,1,7,2.139,3,4,0,0,5,4,1.211,6,5.881,5,1,0,6,1,1,3,2,1.472,1,1
5,5,2,6,0.0,1,6,-0.663,5,5,1,0.0,-1.176,3,0.0,3,2,2,0,1,-0.375,3,0,4,0,7,2,1.105,1,-1.348,5,7,2,4,2,2,4,7,-0.038,1,0
3,0,0,1,0.0,2,3,1.51,3,1,4,0.0,-0.438,2,0.0,1,7,1,1,3,2.914,7,3,0,1,7,6,1.099,5,0.567,0,2,0,7,5,3,6,0,1.752,1,1
0,1,0,1,1838.31,4,1,0.973,1,4,2,0.0,3.576,1,0.0,0,2,2,1,2,1.847,7,3,2,1,3,1,1.621,6,-0.738,1,6,2,0,3,4,4,5,1.862,7,1
3,4,3,0,0.0,5,7,-0.346,5,0,1,0.0,-0.855,3,0.0,0,0,0,0,5,1.255,0,2,0,0,3,2,0.937,3,0.223,1,3,1,0,0,7,6,2,-0.492,5,0
3,1,1,4,0.0,3,6,0.769,7,4,5,0.0,2.578,5,0.0,1,0,1,0,5,2.713,3,6,7,0,4,7,0.772,4,2.83,7,4,0,5,7,5,4,7,0.793,2,0
7,3,1,0,0.0,6,2,0.484,2,4,1,0.0,4.029,1,0.0,7,6,3,0,4,2.381,6,1,6,0,6,3,0.858,7,-0.862,1,2,2,0,7,3,3,6,0.678,3,0
5,1,1,0,0.0,6,5,0.602,0,2,4,0.0,0.148,6,0.0,7,5,1,0,1,1.076,3,3,3,0,1,4,0.672,2,0.949,5,2,7,4,5,6,2,1,-0.567,7,0
6,1,2,4,0.0,2,2,-1.676,1,7,1,0.0,-1.139,4,0.0,7,1,6,0,5,0.636,7,6,2,0,0,2,0.735,6,-1.225,2,6,0,4,4,7,0,6,-0.583,3,0
3,0,5,6,135.95,6,4,1.12,4,2,5,0.0,0.714,4,6.88,4,6,2,1,5,1.536,5,6,0,1,4,2,1.188,6,2.151,0,5,0,7,7,3,2,0,1.296,1,1
1,1,2,6,0.0,4,6,0.092,5,1,0,0.0,-1.456,3,0.0,0,3,2,0,4,0.319,4,0,3,0,7,0,0.863,4,-0.856,1,1,1,6,5,3,1,4,-0.293,0,0
3,5,2,2,0.0,0,1,1.413,1,6,2,0.0,-0.753,5,0.0,0,7,7,0,2,0.701,2,4,1,0,6,6,0.944,4,2.879,5,5,1,7,1,0,5,0,1.377,5,0
4,1,1,6,0.0,4,7,0.179,1,1,0,0.0,-1.911,0,0.0,4,5,7,0,5,0.231,5,1,5,0,6,0,0.998,7,-0.85,6,0,7,3,5,4,0,7,0.052,2,0
4,7,0,7,0.0,5,2,-0.3,0,2,7,0.0,-1.254,1,0.0,1,5,5,0,3,0.455,4,4,5,0,1,7,0.661,1,0.681,0,2,5,6,0,1,1,0,-0.303,4,0
7,5,2,1,0.0,7,3,1.142,1,1,1,0.0,2.444,2,0.0,5,3,7,0,2,0.603,0,2,7,0,5,2,1.107,6,0.14,4,6,4,7,4,0,6,4,0.343,6,0
1,6,7,6,0.0,6,3,0.511,4,3,0,0.0,2.276,1,0.0,0,2,5,0,2,-2.038,6,4,3,0,4,7,1.162,4,-1.502,0,4,1,3,4,4,6,3,0.086,5,0
0,1,2,1,0.0,7,2,0.397,4,6,0,0.0,1.26,7,0.0,3,2,3,0,1,-0.002,6,7,7,0,7,5,0.848,3,-1.025,6,0,1,3,0,0,0,7,0.414,0,0
1,1,0,4,0.0,6,1,2.325,7,3,0,0.0,2.194,4,0.0,6,4,1,1,7,2.298,7,5,4,1,2,6,1.411,3,2.262,3,4,1,1,3,6,2,6,1.906,3,1
5,7,3,7,695.11,4,5,2.096,4,3,2,0.0,-0.781,6,0.0,7,3,0,1,0,2.884,5,2,4,1,4,2,0.725,6,1.111,6,7,4,0,1,6,4,3,1.302,5,1
7,1,6,6,0.0,0,6,-0.1,4,7,5,0.0,-4.523,6,0.0,7,2,3,0,7,1.65,0,1,7,0,4,6,1.303,6,0.748,4,0,3,2,4,3,2,4,0.661,6,0
0,2,4,2,1076.66,5,2,1.942,2,5,0,0.0,0.155,6,0.0,7,5,2,0,2,1.708,3,2,6,1,0,6,1.088,2,2.719,1,3,5,5,0,3,4,1,1.423,5,1
7,4,2,5,1722.29,4,2,1.75,4,7,7,0.0,2.442,5,0.0,6,1,3,1,2,1.291,1,6,5,1,5,7,1.599,5,2.514,2,1,2,1,1,6,7,0,2.258,3,1
1,7,5,0,0.0,6,5,-0.047,5,6,1,0.0,-2.087,5,0.0,4,4,4,0,4,-1.915,6,6,6,0,7,0,1.252,5,-0.468,6,7,5,2,1,5,3,2,-1.033,6,0
5,3,7,1,0.0,2,6,-1.293,1,4,7,0.0,0.696,2,0.0,7,1,3,0,7,0.18,7,2,1,0,5,1,0.667,2,-1.392,5,3,1,0,0,3,4,5,-1.64,5,0
1,3,4,1,0.0,5,2,0.745,1,4,7,0.0,-1.561,3,0.0,6,1,4,0,6,-0.448,0,6,4,0,2,1,0.463,5,-0.896,1,4,1,2,0,2,7,0,-0.511,4,0
5,3,7,0,0.0,6,2,-1.348,2,0,2,0.0,-4.62,7,0.0,6,7,6,0,0,-2.012,4,0,6,0,0,1,1.285,6,-0.304,6,7,2,7,7,4,5,3,-1.923,0,0
0,5,3,6,465.78,0,1,3.455,6,0,4,0.0,4.08,3,0.0,4,3,3,1,4,4.544,7,6,3,1,5,2,1.079,1,2.245,6,1,7,4,3,3,4,7,2.554,1,1
3,4,4,2,0.0,3,0,0.774,5,5,1,0.0,3.572,5,0.0,5,3,6,0,7,0.445,7,4,1,0,4,3,0.853,2,1.274,3,5,6,2,3,0,7,1,0.439,3,0
1,5,6,7,0.0,6,4,1.268,1,4,2,0.0,3.521,7,0.0,7,4,5,0,7,1.305,4,3,1,0,3,4,0.834,0,-0.787,7,4,0,5,7,0,7,3,0.809,1,0
2,5,3,1,0.0,0,5,0.025,7,4,7,0.0,2.621,6,0.0,0,3,5,0,5,0.089,3,0,5,0,5,6,0.691,7,1.937,1,4,3,0,5,5,2,6,0.609,2,0
1,6,0,6,0.0,0,2,-0.393,1,1,1,0.0,2.731,0,0.0,1,5,2,0,6,2.341,4,4,0,0,5,7,0.918,7,4.424,2,3,6,6,2,4,2,0,-0.046,5,0
5,1,2,4,0.0,5,3,-0.095,1,0,1,0.0,-4.501,1,0.0,3,1,0,0,5,1.137,5,2,5,0,0,3,1.056,3,1.818,2,1,4,0,1,3,3,1,-1.048,1,0
2,0,7,5,640.83,6,2,1.126,7,6,5,0.0,4.224,3,0.0,6,1,7,0,1,2.191,4,3,3,1,3,3,0.975,7,1.505,5,1,2,1,0,1,5,7,1.114,7,1
2,3,0,7,0.0,5,1,-0.929,0,5,4,0.0,-2.836,0,0.0,3,5,3,0,1,-1.869,6,7,1,0,6,3,0.948,0,-0.858,6,6,0,7,0,3,4,7,-0.857,6,0
0,1,3,7,326.04,4,1,0.696,6,0,2,0.0,-1.64,2,2.05,2,5,6,1,4,-0.249,3,3,4,1,0,6,1.233,2,3.167,4,5,6,0,6,1,6,6,0.889,3,1
1,7,4,5,1126.32,6,4,1.83,3,1,1,0.0,-1.253,2,10.37,5,2,0,1,0,2.083,7,2,6,1,5,4,1.27,4,3.091,3,3,5,7,3,1,5,4,1.909,0,1
6,1,0,7,0.0,4,7,0.398,6,0,2,0.0,2.24,7,0.0,5,0,6,0,7,0.88,2,2,5,0,1,3,0.728,0,1.315,7,7,1,2,0,2,1,0,0.548,4,0
0,1,6,0,0.0,6,1,-0.918,6,1,6,0.0,-1.465,0,0.0,2,6,7,0,5,-4.47,4,5,2,0,7,6,1.125,0,0.965,6,2,3,0,3,5,2,5,-0.911,6,0
6,7,3,4,0.0,5,5,-0.23,7,7,3,0.0,-0.15,2,0.0,0,2,3,0,1,-0.53,3,0,4,0,7,0,1.093,5,-2.783,6,6,5,6,2,5,3,2,-0.535,5,0
3,2,3,6,0.0,5,4,0.92,7,0,6,0.0,1.381,4,0.0,3,1,4,0,0,2.763,5,5,5,0,7,7,0.749,5,-0.325,6,1,7,0,2,4,2,1,0.725,2,0
2,3,3,0,0.0,2,2,0.92,7,0,4,0.0,3.929,5,16.0,6,1,5,0,5,1.409,1,3,7,1,5,2,0.9,6,3.21,3,2,3,7,7,4,3,5,2.103,2,1
4,3,0,6,0.0,3,7,-1.184,5,6,7,0.0,3.403,6,0.0,0,7,3,0,1,-0.653,0,4,3,0,1,0,0.846,2,-3.607,0,1,7,4,1,1,7,0,-0.469,6,0
2,4,6,1,0.0,2,7,-1.573,7,7,3,0.0,-0.695,6,0.0,5,1,7,0,6,-2.475,6,3,7,0,6,2,0.747,5,0.021,0,4,7,2,6,3,7,2,-0.778,1,0
2,2,3,2,0.0,7,0,-1.205,2,7,3,0.0,-0.336,1,0.0,6,5,1,0,3,-2.344,6,0,4,0,4,0,0.566,5,-0.686,7,3,6,5,6,0,7,3,-1.075,1,0
4,3,4,3,1830.25,5,4,0.478,0,6,5,0.0,0.542,4,0.0,4,5,7,0,7,-0.315,2,0,7,1,3,4,1.202,4,1.134,4,7,6,7,7,4,1,7,0.521,7,1
1,1,3,1,0.0,1,6,-3.095,0,5,3,0.0,-8.562,3,0.0,1,3,3,0,5,-1.595,1,1,7,0,5,4,1.0,5,-2.782,3,7,5,2,5,4,5,5,-2.544,7,0
7,6,3,7,0.0,5,1,0.532,5,4,2,0.0,-2.068,4,0.0,5,0,0,0,7,-1.246,6,5,3,0,1,6,0.915,2,0.168,6,3,0,4,5,2,6,6,0.277,6,0
2,1,7,0,0.0,5,5,-1.623,3,7,3,0.0,-2.416,6,0.0,7,2,6,0,6,-1.067,0,2,2,0,5,2,0.767,5,-1.982,5,3,1,1,4,6,6,0,-1.321,1,0
2,5,1,0,893.07,4,5,1.931,5,5,4,0.0,-2.396,6,3.35,4,6,0,1,5,1.068,0,7,7,1,4,4,1.179,5,4.584,0,1,5,2,7,7,4,6,2.348,6,1
0,0,5,7,0.0,0,1,-1.608,2,2,4,0.0,1.725,3,0.0,0,3,3,0,3,-0.823,6,3,2,0,4,2,0.966,7,-2.469,4,5,5,0,6,0,1,5,-1.417,3,0
4,4,5,4,0.0,2,5,-1.744,3,2,5,0.0,1.863,6,0.0,2,2,1,0,1,-2.456,6,0,2,0,7,4,0.565,7,-2.235,3,5,0,5,1,4,0,5,-0.908,4,0
2,1,0,3,358.52,5,7,0.616,3,1,4,0.0,1.265,6,0.0,2,4,5,0,6,1.224,7,5,7,1,3,2,1.075,0,0.64,0,6,3,2,2,5,5,6,1.357,0,1
6,4,2,5,1426.96,1,3,0.249,6,7,2,0.0,1.833,0,0.0,5,3,4,0,4,0.034,2,4,0,1,3,5,1.154,6,0.526,5,6,1,2,7,0,0,5,1.434,6,1
2,6,5,1,0.0,5,3,-0.301,5,6,4,0.0,2.857,1,0.0,0,7,4,0,3,-2.222,1,2,7,0,1,2,1.161,1,-1.205,6,1,0,2,3,2,3,2,0.252,5,0
7,1,7,5,0.0,5,1,-0.998,3,1,1,0.0,-0.961,0,0.0,4,2,0,0,5,0.425,1,5,0,0,2,3,0.575,7,-1.433,0,6,0,2,6,6,3,4,-1.091,0,0
6,1,4,4,0.0,0,2,0.502,6,1,4,0.0,0.103,2,0.0,1,5,7,0,2,-1.8,4,2,7,0,2,4,0.909,1,-0.089,3,6,4,5,5,3,2,2,0.097,1,0
7,4,4,0,0.0,6,6,-1.458,0,4,0,0.0,-0.946,7,0.0,2,3,5,0,3,-0.68,1,7,1,0,6,5,0.863,3,-2.67,7,7,3,3,6,7,0,3,-1.341,1,0
2,3,1,7,0.0,1,1,-0.381,0,4,7,0.0,-2.813,1,0.0,4,3,6,0,2,-0.313,6,1,0,0,5,4,1.213,1,0.948,5,6,2,7,1,6,4,7,0.776,0,0
4,0,3,3,0.0,1,3,-0.711,5,4,6,0.0,-4.08,1,0.0,3,3,3,0,3,-2.584,0,6,1,0,1,4,0.878,7,-3.168,7,2,1,4,7,3,0,2,-1.408,1,0
1,1,3,7,0.0,1,0,0.304,2,7,3,0.0,-0.065,0,0.0,2,0,1,0,0,0.176,1,4,6,0,6,7,1.534,0,-0.369,6,0,7,6,4,4,0,6,-0.797,6,0
4,1,4,3,0.0,2,6,0.62,1,4,3,0.0,6.099,5,0.0,4,4,4,0,4,0.929,0,3,7,0,3,0,0.899,1,-1.135,4,0,6,4,2,4,0,6,0.943,2,0
5,3,7,6,0.0,3,1,0.645,3,1,3,0.0,2.6,5,0.0,0,7,5,0,3,-0.76,2,3,1,0,6,4,0.943,1,-0.07,2,6,5,4,6,6,5,1,0.225,4,0
0,3,3,6,0.0,5,5,-1.855,6,0,7,0.0,-1.589,6,0.0,1,0,4,0,6,-1.865,7,1,1,0,1,5,0.802,6,-1.078,3,6,1,0,2,7,5,6,-1.332,6,0
0,2,5,4,0.0,0,3,-0.651,6,0,5,0.0,0.314,3,0.0,2,6,6,0,5,-0.24,5,6,1,0,4,0,0.819,0,1.089,4,6,6,0,4,1,2,5,0.229,4,0
4,7,1,7,1808.52,0,5,1.747,4,0,4,0.0,2.626,2,0.0,0,5,1,1,1,1.689,6,3,2,1,6,4,1.297,2,4.965,0,7,2,0,6,3,1,2,1.35,1,1
0,7,4,4,0.0,2,5,-0.221,0,5,4,0.0,-1.149,2,0.0,6,6,5,0,2,-0.789,7,0,3,0,1,4,1.2,5,3.019,4,7,0,7,4,0,2,0,0.599,3,0
6,6,1,5,0.0,6,7,-0.211,4,1,1,0.0,2.048,7,0.0,4,1,3,0,7,0.354,0,5,3,0,6,7,1.418,1,2.584,6,3,2,7,3,6,5,2,-1.184,7,0
7,4,5,5,0.0,2,1,-1.298,3,5,5,0.0,0.315,2,0.0,5,6,6,0,6,0.285,1,0,6,0,4,3,1.041,2,-1.214,6,7,2,7,5,1,2,2,-1.748,4,0
6,6,4,3,0.0,1,6,0.831,6,2,7,0.0,0.215,4,0.0,4,3,6,0,5,1.635,0,7,7,0,1,3,0.939,1,1.857,4,2,1,6,3,5,1,5,1.437,7,0
0,7,7,0,0.0,4,3,-0.412,0,5,0,0.0,-1.51,5,0.0,4,0,2,0,6,-1.048,5,2,4,0,0,4,0.914,0,-1.122,7,4,7,5,7,0,0,2,-0.897,4,0
2,4,3,3,72.85,6,3,1.896,0,1,4,0.0,-1.186,5,0.0,7,0,1,1,2,3.436,6,6,2,1,6,6,1.423,3,1.933,1,2,5,5,6,5,5,3,2.438,2,1
0,3,6,1,0.0,5,1,0.399,4,7,4,0.0,2.916,1,0.0,5,6,6,0,4,-2.388,3,4,5,0,6,0,1.168,0,1.875,6,6,1,0,5,2,2,4,0.104,3,0
3,1,4,2,0.0,7,1,-0.7,7,2,2,0.0,-1.803,4,0.0,7,2,5,0,1,0.456,3,1,4,0,3,3,1.129,3,-1.366,2,0,6,3,1,1,1,1,-0.3,3,0
1,1,4,4,0.0,1,4,-1.21,0,2,2,0.0,-0.103,3,0.0,4,5,6,0,1,-1.865,0,2,0,0,2,4,0.908,3,-0.808,0,1,7,5,3,0,2,5,-0.885,1,0
3,2,5,0,0.0,4,5,0.21,5,1,5,0.0,-1.104,6,0.0,2,7,5,0,0,-2.075,5,5,6,0,1,3,0.986,0,0.263,0,4,5,0,7,4,6,5,-0.377,4,0
5,6,1,5,0.0,1,3,-0.971,2,1,3,0.0,3.787,2,0.0,0,7,7,0,2,0.262,1,3,0,0,7,2,0.825,3,0.781,0,6,0,6,2,7,6,7,-1.077,1,0
4,3,0,5,0.0,0,2,-0.983,4,2,1,0.0,-0.39,2,0.0,2,5,3,0,6,1.019,1,7,4,0,5,3,1.154,4,-1.18,7,4,5,1,5,1,4,3,-1.21,2,0
1,2,2,4,0.0,2,2,-0.726,5,6,3,0.0,0.511,3,0.0,0,4,6,0,7,1.945,5,6,2,0,0,7,0.998,0,-3.095,7,0,0,2,4,3,4,7,0.637,0,0
3,3,1,5,1749.95,3,4,1.97,1,1,4,459.37,1.26,2,0.0,7,3,5,1,3,-0.376,2,3,6,1,3,2,0.943,1,1.532,0,4,7,1,2,3,0,5,1.416,2,1
5,6,6,4,0.0,0,3,-1.173,5,7,2,0.0,-1.349,5,0.0,4,3,1,0,6,-1.739,0,2,4,0,2,0,1.333,0,-0.351,6,1,1,4,2,7,7,2,-2.04,2,0
5,3,4,4,0.0,0,5,-1.429,7,7,6,0.0,2.45,3,0.0,3,5,2,0,3,-2.926,2,5,3,0,6,6,0.489,0,0.022,6,6,2,7,7,0,7,7,-1.342,6,0
1,3,0,5,0.0,2,0,-0.675,4,7,0,0.0,2.048,3,0.0,4,0,2,0,5,-0.779,3,7,6,0,6,1,0.953,5,-1.919,4,3,5,1,1,4,4,4,-0.756,6,0
3,3,2,4,0.0,3,6,-0.965,5,3,6,0.0,1.139,0,0.0,3,5,1,0,1,-1.508,3,6,5,0,0,0,0.551,2,-0.734,6,6,0,1,0,0,5,3,-0.115,2,0
0,4,4,7,0.0,3,7,-2.214,7,6,0,0.0,-1.441,4,0.0,4,3,4,0,2,-3.727,4,0,1,0,2,1,1.04,7,-1.29,7,7,6,5,0,7,0,7,-2.301,3,0
0,5,1,3,0.0,6,2,0.435,2,4,7,0.0,0.52,2,0.0,3,7,5,0,5,0.117,4,1,2,0,3,0,1.288,6,-0.188,6,6,7,2,6,0,4,5,0.035,2,0
5,0,3,5,0.0,3,6,0.463,5,6,6,0.0,-1.439,0,0.0,1,7,5,0,6,-0.913,2,1,7,0,7,5,0.616,3,-1.21,7,1,0,4,0,7,1,5,0.151,7,0
5,2,3,5,0.0,5,3,0.505,0,7,2,0.0,-0.375,5,0.0,2,3,1,0,7,1.546,3,3,0,1,2,0,1.02,2,0.867,5,0,2,1,6,1,5,1,0.404,6,1
0,6,2,3,0.0,4,7,-1.618,6,3,3,0.0,-1.043,2,0.0,3,5,1,0,0,-3.116,2,7,6,0,4,2,1.165,3,-2.085,7,5,1,0,6,7,1,0,-1.431,0,0
3,7,0,2,0.0,2,6,0.077,3,7,5,0.0,2.184,0,0.0,1,6,2,0,1,-2.125,7,5,4,0,6,2,0.795,2,-3.358,4,1,1,0,7,3,6,3,-0.124,0,0
2,3,2,2,0.0,7,0,1.076,1,1,6,0.0,1.574,4,0.0,1,0,5,0,5,0.908,2,4,5,0,5,3,0.96,4,0.546,1,3,3,2,2,1,0,1,0.589,5,0
7,3,4,5,0.0,1,4,-0.466,2,1,1,0.0,-0.288,1,0.0,0,2,4,0,6,-0.571,7,0,4,0,0,7,0.862,3,0.214,3,7,3,5,2,0,6,1,-0.169,2,0
7,4,4,5,0.0,7,0,-1.141,1,1,7,0.0,0.563,5,0.0,0,0,5,0,7,-2.006,6,1,1,0,1,6,1.176,6,-1.073,4,4,7,5,7,5,0,0,-0.965,7,0
7,2,1,4,0.0,3,2,0.75,4,1,5,0.0,-2.263,3,0.0,5,4,7,0,2,2.704,7,3,6,0,2,4,1.14,7,1.655,7,4,7,7,2,4,5,6,0.094,0,0
0,2,4,5,0.0,6,4,-1.882,4,3,3,0.0,-1.178,6,0.0,5,2,6,0,0,-1.462,4,2,6,0,5,4,0.971,0,-0.829,6,6,5,6,6,4,4,1,-1.911,5,0
2,1,5,4,0.0,4,5,-1.6,7,5,6,0.0,-3.967,0,0.0,5,1,3,0,4,-0.437,1,2,5,0,7,5,1.141,2,-1.681,5,6,1,1,1,4,7,7,-1.784,0,0
7,7,6,3,0.0,4,7,-0.312,2,5,7,0.0,0.602,0,0.0,5,4,1,0,1,-1.486,7,4,0,0,0,2,1.343,2,-1.853,1,3,2,1,3,0,3,2,-1.059,7,0
3,1,7,3,0.0,7,4,-2.265,3,1,7,0.0,-2.411,7,0.0,0,7,3,0,0,-0.641,1,3,4,0,7,3,0.953,3,-0.033,5,6,5,4,7,5,4,6,-1.951,0,0
7,6,6,1,1083.63,2,2,0.377,7,7,1,0.0,-0.445,0,0.0,1,1,2,1,0,1.419,4,2,4,0,0,0,1.197,5,1.281,5,4,7,0,1,1,0,5,1.481,3,1
6,0,0,5,0.0,7,4,-0.538,2,0,4,0.0,-0.698,1,0.0,4,3,3,0,0,-1.441,5,2,6,0,2,6,1.425,2,-1.12,2,2,3,6,4,4,3,7,-1.282,6,0
0,5,0,6,0.0,6,1,0.975,1,2,3,0.0,0.261,1,0.0,6,7,7,0,0,-0.185,1,1,7,0,3,0,1.473,7,3.989,1,3,3,3,1,2,1,7,0.293,3,0
7,0,2,6,0.0,6,4,0.474,3,0,0,0.0,-1.981,5,0.0,0,5,4,0,3,0.878,6,6,3,0,2,3,1.348,2,-0.991,4,4,0,3,4,7,2,0,-0.152,0,0
7,7,6,0,0.0,0,1,2.777,3,5,1,0.0,-1.162,2,0.0,0,5,3,1,4,2.844,0,1,2,1,4,5,1.727,5,0.549,7,3,2,6,3,3,2,6,1.989,5,1
7,0,6,5,0.0,7,2,-0.124,7,0,6,0.0,-0.264,5,0.0,3,5,4,0,3,2.376,0,7,1,0,6,2,0.789,4,-0.083,5,1,4,0,4,5,6,2,0.159,5,0
2,6,2,1,0.0,3,6,0.131,0,0,7,0.0,-0.521,1,0.0,3,4,4,0,5,-1.655,2,3,7,0,0,1,1.382,3,2.0,1,0,6,2,1,3,0,1,0.361,2,0
2,7,6,7,1809.64,2,7,1.585,7,2,5,0.0,0.698,5,0.0,7,2,3,1,6,1.376,4,5,0,1,7,3,1.184,5,0.589,5,1,4,2,1,6,1,5,0.833,1,1
6,7,3,7,0.0,6,4,-1.463,1,6,0,0.0,-2.888,7,0.0,4,2,7,0,4,-1.948,5,5,7,0,7,6,0.772,7,-1.425,0,1,5,6,2,7,7,2,-1.264,6,0
2,1,7,2,0.0,2,6,0.589,6,5,5,0.0,5.775,2,0.0,3,0,6,0,5,3.177,7,3,0,1,5,1,1.295,0,2.939,3,6,0,2,5,2,2,2,0.74,0,1
6,4,4,4,0.0,4,7,-0.572,4,5,4,0.0,-3.08,7,0.0,7,2,2,0,5,0.058,3,5,7,0,2,4,1.018,2,1.437,2,7,7,5,0,3,2,2,-0.005,6,0
6,2,4,3,0.0,4,1,0.288,2,7,6,0.0,5.07,1,0.0,7,3,1,0,6,-0.555,3,5,2,0,7,0,1.287,5,0.504,6,4,4,7,7,7,5,4,-0.288,5,0
2,5,5,2,0.0,6,7,-1.553,4,3,5,0.0,-6.826,3,0.0,1,7,5,0,5,-3.856,4,4,5,0,6,6,0.907,2,-2.207,1,5,3,5,1,3,1,5,-0.929,6,0
7,3,0,0,1631.08,4,6,1.317,4,3,6,0.0,-0.827,1,0.0,3,7,3,0,6,1.735,4,2,7,1,4,2,1.688,7,1.514,7,1,6,2,6,7,3,2,1.051,7,1
7,3,3,2,1355.55,4,4,0.683,5,3,4,0.0,2.259,0,0.0,7,7,5,0,0,0.59,6,2,4,1,7,1,1.305,3,2.062,1,0,3,6,7,1,4,4,1.378,7,1
6,2,1,4,0.0,5,0,0.518,1,1,3,0.0,1.949,2,0.0,1,7,2,0,5,0.93,3,2,3,0,7,6,0.745,0,-1.927,3,3,1,6,5,5,7,6,-0.021,7,0
6,0,5,5,0.0,7,7,-2.218,5,0,5,0.0,-3.091,4,0.0,6,1,5,0,2,-2.019,3,6,4,0,3,0,0.96,3,0.361,6,6,1,3,0,5,6,3,-1.578,7,0
3,2,5,3,0.0,5,3,-0.763,4,7,4,0.0,-0.652,0,0.0,4,6,0,0,6,0.095,5,3,5,0,5,6,0.856,2,0.256,0,0,4,7,5,3,7,7,-1.463,3,0
3,7,4,2,0.0,0,6,-1.154,5,5,0,0.0,-1.708,6,0.0,5,2,4,0,6,-0.366,3,7,3,0,2,0,1.192,0,0.041,5,2,2,2,5,7,5,6,-1.013,0,0
1,2,5,4,0.0,3,3,2.658,1,5,0,0.0,2.095,6,0.0,7,7,1,1,6,2.13,7,2,1,1,0,0,1.312,2,3.629,0,3,2,5,4,0,2,7,3.058,3,1
6,2,4,1,0.0,0,2,1.425,3,3,2,0.0,6.685,1,0.0,5,0,1,0,6,-1.451,6,3,0,0,1,1,0.924,0,-0.177,2,2,5,3,6,2,1,3,0.594,4,0
1,6,1,4,0.0,5,3,-0.954,3,7,3,0.0,-0.678,6,0.0,1,4,1,0,5,0.468,1,6,1,0,7,3,0.981,1,-0.897,7,0,6,6,6,6,7,5,1.091,1,0
5,4,6,7,0.0,5,3,-1.133,5,3,6,0.0,-3.99,2,0.0,3,4,6,0,4,-2.905,0,4,4,0,5,1,0.951,2,-3.268,0,4,5,4,0,3,6,6,-1.44,3,0
6,6,2,3,0.0,0,4,1.305,2,5,3,0.0,1.32,6,0.0,7,7,4,0,0,0.819,6,5,4,0,1,7,1.205,7,-0.084,0,7,4,4,0,6,2,7,0.97,5,0
3,5,5,4,0.0,7,7,-0.274,1,0,3,0.0,-0.321,6,0.0,6,1,4,0,6,-1.336,5,1,5,0,3,0,1.056,7,0.617,3,2,4,6,6,0,1,2,0.178,7,0
6,5,4,1,0.0,7,1,0.867,7,0,3,0.0,1.68,2,0.0,7,0,0,0,4,1.676,7,0,2,0,1,3,0.86,4,-0.435,4,5,6,3,6,6,7,6,0.564,3,0
1,1,0,3,0.0,7,2,-2.685,1,0,5,0.0,-4.267,0,0.0,4,2,1,0,3,-3.599,1,4,4,0,6,7,1.266,0,-1.648,4,4,3,2,6,0,7,0,-1.836,7,0
5,1,4,2,0.0,6,6,-0.001,6,2,1,0.0,-2.502,0,0.0,6,6,1,0,1,-0.335,4,5,1,0,6,1,0.638,0,-1.93,2,7,4,7,2,4,4,5,0.243,7,0
4,0,2,2,0.0,1,4,0.639,4,0,0,0.0,-0.048,6,0.0,4,2,2,0,6,1.307,1,5,2,0,5,6,0.707,4,-0.175,4,5,6,0,7,5,0,4,0.684,4,0
2,1,4,2,0.0,0,2,-0.865,5,3,7,0.0,0.348,3,0.0,4,5,7,0,5,-1.192,2,3,1,0,2,2,0.587,0,-1.357,5,6,0,2,3,0,5,3,-0.073,2,0
1,2,7,7,0.0,2,7,-0.25,1,4,7,0.0,-1.714,6,0.0,5,1,7,0,0,-1.405,6,5,0,0,7,0,0.946,6,-1.009,5,3,2,1,0,6,3,0,-0.424,6,0
6,5,2,1,0.0,6,6,1.154,5,5,3,0.0,-1.855,1,0.0,3,2,3,0,5,1.727,3,1,5,0,0,4,0.755,6,4.704,1,1,1,1,1,5,1,4,0.889,2,0
5,2,2,3,0.0,2,0,-0.829,4,7,1,0.0,-1.957,2,0.0,4,0,6,0,3,-2.865,6,0,4,0,3,5,0.91,0,-4.713,0,1,5,1,7,3,7,1,-0.57,4,0
2,1,7,2,1708.72,3,7,2.495,2,5,5,0.0,1.647,7,0.0,7,0,1,0,6,1.28,7,3,7,1,6,2,1.204,5,0.901,7,5,6,1,3,4,4,5,2.035,3,1
4,7,6,2,0.0,0,5,1.327,0,1,2,0.0,4.711,5,0.0,3,0,7,0,5,1.988,0,3,4,0,6,1,1.021,7,1.895,4,2,1,7,1,6,5,6,0.542,5,0
6,0,3,2,0.0,5,2,0.657,7,5,6,0.0,1.994,0,0.0,2,0,5,0,0,-2.515,5,1,0,0,7,0,1.12,4,-1.639,4,0,6,1,2,1,2,5,-0.843,7,0
3,6,3,2,0.0,2,1,-0.809,1,1,5,0.0,-0.17,6,0.0,3,0,2,0,7,-1.369,4,2,6,0,1,5,1.283,0,0.44,7,6,5,4,2,2,7,2,-1.215,4,0
2,7,6,2,0.0,5,5,-0.13,3,2,1,0.0,3.155,7,0.0,0,0,7,0,7,0.068,3,5,2,0,2,2,1.088,0,-2.628,2,7,2,6,3,1,5,3,0.124,7,0
1,1,3,7,0.0,7,5,-0.775,2,1,7,0.0,-3.122,5,0.0,4,4,5,0,2,1.024,5,6,1,0,4,3,1.124,7,-2.9,6,1,1,4,3,6,6,2,-0.047,3,0
3,0,6,5,355.94,2,2,0.757,2,1,3,0.0,1.938,3,0.0,4,5,3,1,3,1.69,0,0,1,1,4,0,1.26,3,0.821,2,4,4,6,6,4,2,2,1.782,6,1
5,4,4,1,0.0,2,7,0.681,6,2,6,0.0,-0.841,7,0.0,6,2,0,0,2,0.646,0,0,3,0,4,2,0.651,5,0.434,2,6,1,4,3,6,2,2,0.747,2,0
2,4,2,0,0.0,1,6,-0.362,3,3,5,0.0,3.574,3,0.0,2,5,3,0,6,1.8,2,7,3,0,0,0,1.01,3,-0.827,2,6,3,0,5,4,0,4,0.088,5,0
2,6,2,3,1747.1,4,4,2.292,6,7,3,0.0,2.775,2,0.0,1,7,4,1,1,1.558,1,4,6,1,7,6,1.101,5,4.007,5,0,2,4,6,7,6,6,1.781,3,1
7,1,0,4,0.0,1,6,0.659,4,5,3,0.0,0.924,5,0.0,6,1,1,0,4,-0.448,2,4,3,0,6,6,0.931,0,2.123,2,3,0,6,0,3,3,0,-0.178,6,0
4,5,5,3,1287.04,6,1,1.53,2,2,4,0.0,6.612,2,0.0,0,4,1,1,3,2.653,6,2,6,1,7,0,1.166,0,2.511,4,0,1,3,6,1,2,2,1.586,0,1
2,5,3,2,0.0,1,1,-0.187,0,6,3,0.0,-0.279,7,0.0,2,7,7,0,3,-0.641,0,4,3,0,2,6,1.154,4,-1.249,1,6,5,4,0,4,0,5,0.415,0,0
4,2,2,6,0.0,0,6,0.685,6,5,6,0.0,3.313,1,0.0,6,7,0,0,7,2.399,3,6,5,0,6,7,1.205,7,1.661,6,6,2,5,5,7,0,3,1.024,1,0
0,2,1,1,0.0,2,5,1.721,4,6,4,0.0,2.228,7,0.0,7,5,3,0,2,0.899,1,2,1,0,5,6,0.887,4,2.87,2,1,1,7,1,5,5,5,0.471,5,0
4,1,3,6,0.0,0,5,0.452,4,5,3,0.0,-2.593,4,0.0,4,5,0,0,5,3.221,1,2,5,0,0,1,1.317,7,0.409,3,5,5,6,2,2,4,5,0.858,3,0
4,0,1,5,1360.15,7,6,0.197,1,2,6,0.0,2.277,1,0.0,4,0,0,1,3,0.884,7,4,2,0,4,2,1.509,5,-0.784,5,6,4,7,6,0,6,4,0.861,4,1
0,6,6,0,1144.01,0,7,1.46,5,7,0,0.0,-0.187,3,17.44,0,4,0,1,6,3.123,0,4,1,1,1,7,1.269,4,-2.075,6,2,2,1,2,5,0,2,2.038,4,1
5,3,5,1,0.0,6,6,-0.836,1,3,2,0.0,-0.616,1,0.0,7,1,6,0,4,-0.416,5,5,0,0,1,0,0.834,6,-0.561,5,7,5,3,1,1,6,4,-0.498,6,0
5,4,5,3,340.49,4,6,2.008,2,6,6,0.0,3.247,3,0.0,7,5,1,1,7,1.189,2,2,4,0,4,2,1.271,7,-1.101,7,1,3,1,2,2,3,6,1.522,0,1
0,1,2,3,0.0,6,6,0.204,2,0,1,0.0,-0.751,1,0.0,6,2,4,0,4,0.379,3,4,0,0,2,3,1.056,0,-2.347,5,2,5,5,2,1,0,1,-1.043,4,0
0,2,0,0,0.0,0,3,-1.517,1,6,4,0.0,1.384,6,0.0,6,1,5,0,2,0.102,6,5,4,0,1,1,0.641,4,-1.527,3,4,3,7,2,5,6,7,-1.05,4,0
3,3,3,7,750.33,6,4,0.912,2,4,6,0.0,-0.017,2,0.0,2,4,5,0,6,1.981,7,2,7,1,0,6,1.264,0,1.115,2,7,3,6,1,5,0,3,1.399,3,1
2,0,0,0,0.0,3,2,-0.015,6,3,1,0.0,-7.367,1,0.0,4,2,6,0,1,1.192,5,5,2,0,6,5,1.006,2,-1.929,6,0,2,7,4,2,2,2,-0.029,0,0
1,2,1,5,0.0,5,5,-0.63,3,5,7,0.0,-0.764,1,0.0,7,0,5,0,3,-2.026,4,5,6,0,3,6,1.235,1,0.325,3,3,4,7,7,2,5,6,-1.215,4,0
2,1,0,2,0.0,5,2,-1.898,3,5,2,0.0,-0.58,7,0.0,2,6,6,0,5,-1.246,3,2,5,0,2,3,1.558,3,-0.866,0,6,0,0,5,2,3,5,-2.587,3,0
1,0,0,2,2083.03,7,2,2.307,0,2,1,0.0,4.543,1,0.0,7,7,4,1,5,2.29,0,6,2,1,1,3,0.79,5,-0.552,5,2,1,5,2,3,0,4,2.388,3,1
5,4,7,6,1243.47,2,3,1.323,2,7,5,0.0,0.983,6,0.0,5,1,2,1,0,2.64,5,2,0,0,6,4,1.134,0,0.09,1,6,2,5,0,5,7,4,1.024,1,1
6,7,7,1,0.0,5,1,-0.069,0,6,7,0.0,3.765,0,0.0,4,3,1,0,6,0.23,1,0,7,0,3,4,1.122,6,-0.45,1,4,4,0,2,3,3,5,0.66,5,0
0,0,2,3,0.0,5,7,-0.772,7,3,6,0.0,-2.276,2,0.0,1,5,0,0,3,0.296,6,6,4,0,7,6,0.653,3,-2.306,6,7,3,6,6,5,2,6,-0.096,5,0
2,1,0,2,0.0,3,7,-0.693,5,1,5,0.0,-0.636,6,0.0,7,1,7,0,2,-2.423,3,2,6,0,5,7,0.694,0,-0.861,7,3,3,3,5,1,5,7,-0.932,2,0
6,2,4,7,0.0,6,1,0.046,6,4,2,0.0,1.711,1,0.0,5,7,2,0,7,0.13,1,5,0,0,1,5,1.206,5,-2.526,2,3,0,0,6,3,3,4,0.109,2,0
0,6,5,6,0.0,4,2,1.103,6,1,5,0.0,1.629,7,0.0,1,5,5,1,7,3.843,2,7,0,1,1,2,1.161,2,0.68,3,4,2,1,0,4,7,2,1.371,0,1
2,5,0,3,0.0,6,0,1.363,3,7,3,0.0,2.964,7,0.0,0,4,6,1,7,3.679,2,3,7,1,4,7,0.875,1,2.807,6,2,5,7,5,0,6,6,2.365,5,1
4,7,6,4,0.0,0,3,-0.099,2,1,4,0.0,1.324,3,0.0,6,7,4,0,0,1.553,1,5,5,0,0,5,0.846,3,-1.919,2,0,0,1,1,5,0,7,-0.058,1,0
2,7,0,4,0.0,1,1,-0.996,2,6,3,0.0,0.361,6,0.0,4,6,6,0,0,0.43,2,3,7,0,1,7,1.095,6,-0.303,7,2,6,5,7,4,1,3,0.098,2,0
1,2,2,5,0.0,5,1,-0.574,4,3,4,0.0,-5.07,0,0.0,5,0,5,0,1,1.609,5,6,1,0,1,5,0.929,5,0.111,4,6,5,3,1,3,7,3,-0.571,7,0
7,0,3,7,0.0,7,6,-0.326,4,2,4,0.0,-0.694,6,0.0,0,7,7,0,1,-0.206,0,7,7,0,0,4,1.416,3,1.09,6,6,2,1,2,3,6,2,-0.227,3,0
3,0,7,2,0.0,5,2,-1.064,5,5,6,0.0,-1.865,7,0.0,7,0,7,0,7,-1.089,4,1,4,0,2,6,1.274,7,-0.963,5,7,7,6,6,0,2,2,-0.57,5,0
3,2,2,0,0.0,1,2,-2.321,1,0,0,0.0,0.082,1,0.0,3,0,5,0,2,-1.135,1,4,1,0,4,4,1.103,4,-2.532,6,7,4,4,6,3,3,7,-1.984,4,0
3,3,1,2,1859.09,0,1,2.198,0,1,4,0.0,2.975,5,0.0,6,7,4,1,3,1.344,4,3,6,1,3,3,1.283,6,2.314,3,1,5,2,2,6,6,0,1.098,5,1
4,4,4,0,377.94,7,3,2.823,6,6,0,0.0,0.583,3,0.0,0,6,2,1,3,3.02,4,2,1,1,2,2,1.328,0,2.898,0,0,3,5,7,3,1,3,2.441,1,1
1,1,7,6,0.0,1,7,-0.243,1,7,5,0.0,-1.619,7,0.0,0,3,1,0,6,-0.335,0,5,5,0,6,3,0.78,1,-0.4,7,0,3,4,0,3,5,0,-0.419,0,0
4,4,6,7,0.0,2,7,-2.148,4,2,0,0.0,0.16,2,0.0,0,7,1,0,2,-2.753,6,7,6,0,3,2,1.294,4,-5.544,6,0,2,5,6,0,6,1,-2.383,0,0
7,2,1,1,0.0,1,2,1.366,0,4,4,0.0,-1.015,7,0.0,1,6,6,0,0,0.366,2,5,0,0,1,2,1.428,1,0.242,6,3,2,3,4,2,7,5,0.915,1,0
5,0,5,0,0.0,3,3,-0.053,0,2,1,0.0,-0.209,0,0.0,0,5,0,0,5,-1.192,1,5,0,0,4,5,0.887,2,-1.884,5,5,2,1,1,1,3,2,-1.172,3,0
5,3,2,6,0.0,0,2,0.611,7,4,7,0.0,-0.43,7,0.0,4,4,5,0,4,-0.976,3,1,4,0,1,2,1.255,2,3.136,3,2,6,1,0,6,7,5,0.646,5,0
3,0,7,7,0.0,5,7,0.118,4,5,4,0.0,3.623,3,0.0,7,2,4,0,6,0.4,3,7,0,0,4,2,1.037,1,0.414,4,1,4,4,5,0,3,1,0.048,7,0
2,0,7,0,0.0,2,5,-0.636,3,7,6,0.0,-2.133,2,0.0,1,6,6,0,0,-0.43,1,3,5,0,0,5,0.968,0,-3.402,0,0,7,2,5,6,3,5,-0.11,5,0
7,4,5,5,0.0,6,5,0.337,0,3,5,0.0,-1.185,7,0.0,7,7,1,0,5,-3.286,4,2,7,0,2,7,0.798,1,0.429,0,2,6,3,3,3,6,3,-0.344,7,0
0,6,3,2,0.0,0,7,0.028,7,3,2,0.0,2.264,5,0.0,7,7,5,0,5,1.382,4,0,7,0,2,2,1.017,7,-0.774,0,7,2,0,5,0,3,7,0.369,3,0
4,7,7,6,0.0,6,7,1.533,0,0,7,0.0,-0.652,5,0.0,5,1,0,0,0,-1.191,7,2,6,0,7,5,0.999,2,-0.349,4,0,2,1,7,4,0,1,0.602,6,0
3,7,6,1,1228.86,7,4,2.069,1,0,2,0.0,-1.304,1,0.0,2,6,0,1,5,2.945,4,1,2,1,3,6,1.356,7,2.779,2,4,6,6,0,0,4,2,2.356,4,1
1,3,7,1,0.0,4,4,0.406,1,1,4,0.0,-1.131,1,0.0,7,6,1,0,5,0.004,1,6,7,0,3,7,1.155,2,-0.161,4,7,5,5,2,1,0,1,-0.173,6,0
5,6,6,2,0.0,5,0,-0.6,4,1,4,0.0,2.669,5,0.0,3,0,7,0,1,1.368,1,4,1,0,3,2,1.318,3,-0.719,6,1,7,4,5,4,5,6,1.178,2,0
7,6,2,2,0.0,0,1,0.252,4,4,1,0.0,1.716,2,0.0,4,6,5,0,0,0.553,1,2,0,0,5,2,1.168,7,-1.615,3,4,2,0,3,3,4,1,-0.012,3,0
1,6,4,7,0.0,7,2,0.126,5,6,0,0.0,3.422,5,0.0,3,6,1,0,0,0.468,5,6,7,0,3,1,1.189,3,0.245,0,3,2,7,3,0,6,2,-0.157,1,0
6,4,5,1,0.0,1,0,-1.037,3,5,6,0.0,-0.722,3,0.0,6,6,2,0,5,-0.462,7,0,2,0,6,2,0.967,1,-2.554,1,4,2,7,3,7,4,2,-0.432,7,0
0,7,3,3,0.0,0,6,-0.667,5,1,0,0.0,1.39,2,0.0,1,0,6,0,5,-0.714,2,1,2,0,4,1,0.819,6,-2.679,4,1,0,3,0,1,1,5,-0.022,3,0
5,0,7,2,0.0,7,5,-0.735,6,7,2,0.0,-1.704,2,0.0,3,1,3,0,0,0.42,6,2,4,0,1,6,0.97,4,3.158,6,7,0,3,0,1,1,1,-0.815,5,0
3,6,7,5,0.0,4,0,0.895,3,1,7,0.0,4.761,4,0.0,5,3,0,0,1,-0.116,4,2,0,0,1,3,1.554,7,0.739,5,5,4,1,7,4,1,7,0.967,5,0
0,3,5,7,0.0,2,3,0.002,6,5,4,0.0,-1.874,2,0.0,5,0,7,0,3,-0.045,3,0,5,0,1,2,0.819,4,-3.846,0,4,5,5,3,7,5,3,-0.809,4,0
5,1,7,3,0.0,1,4,-2.261,3,3,5,0.0,-3.836,7,0.0,7,6,4,0,2,-2.605,0,0,6,0,3,3,1.217,5,1.945,2,7,2,4,5,7,1,7,-1.261,7,0
5,2,7,7,0.0,0,2,-0.685,3,4,4,0.0,-1.028,7,0.0,5,5,3,0,5,-0.429,3,7,7,0,4,5,1.175,6,1.522,2,1,0,0,5,7,5,7,-0.479,1,0
0,7,3,6,0.0,1,3,-0.96,5,7,5,0.0,-0.219,5,0.0,4,2,2,0,0,0.36,2,3,0,0,2,6,1.012,2,-1.247,5,4,7,5,0,3,2,1,-1.041,4,0
7,0,4,0,0.0,2,7,-0.204,2,4,2,0.0,0.974,6,0.0,6,0,7,0,0,-1.562,2,3,3,0,5,6,1.134,0,-2.191,6,7,4,1,4,5,7,6,-0.488,5,0
3,0,1,3,0.0,4,7,0.375,6,3,6,0.0,1.032,5,0.0,7,5,6,0,1,-1.045,1,4,7,0,5,2,0.877,1,1.588,0,5,2,6,6,0,5,3,-0.191,3,0
5,0,5,1,0.0,4,3,-1.502,4,1,6,0.0,-2.286,0,0.0,3,7,2,0,7,-0.866,3,2,0,0,4,6,0.587,0,-0.506,2,0,1,0,1,0,0,3,-1.601,5,0
3,0,4,3,0.0,6,4,-0.117,2,2,7,0.0,2.453,2,0.0,5,7,5,0,2,-0.337,6,6,2,0,0,2,0.79,7,2.327,0,7,1,0,1,4,6,6,-0.038,3,0
7,7,6,6,0.0,5,7,-1.206,2,4,7,0.0,-6.11,2,0.0,1,5,6,0,2,0.777,1,4,0,0,4,2,0.811,4,-2.433,5,7,3,1,4,1,0,0,-0.673,6,0
4,5,5,7,1370.6,6,5,1.861,2,2,0,0.0,-0.557,4,0.0,0,2,2,1,1,-0.161,4,7,0,1,6,4,0.836,4,3.364,6,2,6,6,7,2,4,5,1.681,5,1
5,2,1,4,0.0,5,7,0.922,6,0,7,0.0,1.129,4,0.0,0,1,6,0,4,-1.895,1,5,1,0,3,2,1.296,2,3.727,1,6,6,5,2,7,7,1,0.781,7,0
7,1,7,4,0.0,6,2,1.188,6,3,6,0.0,0.952,1,0.0,7,5,7,0,6,-1.073,0,5,1,0,3,1,1.047,2,-0.008,3,4,0,5,4,1,7,6,-0.157,7,0
4,5,1,5,0.0,1,5,-0.124,0,0,1,0.0,-4.393,4,0.0,3,4,3,0,3,0.937,4,3,3,0,5,0,1.15,5,1.549,1,4,7,5,6,5,6,1,0.081,7,0
2,0,1,5,0.0,5,7,-0.145,2,2,0,0.0,-2.325,2,0.0,3,4,7,0,1,2.218,5,5,5,0,7,2,0.924,6,-0.815,6,1,5,0,4,7,2,5,-0.76,1,0
4,0,7,1,0.0,3,7,-0.159,1,2,4,0.0,0.238,0,0.0,0,5,4,0,1,1.461,6,7,7,0,3,3,0.824,6,-1.045,1,5,5,3,5,4,3,0,0.037,1,0
4,6,1,2,0.0,4,1,0.923,1,4,3,0.0,-3.616,6,0.0,1,7,1,0,0,0.116,0,0,1,0,2,1,1.192,1,4.831,3,0,7,1,7,3,2,3,1.243,7,0
6,2,0,1,0.0,6,7,-1.116,5,6,3,0.0,-4.523,4,0.0,6,7,6,0,1,0.009,4,2,7,0,7,1,1.595,3,-2.508,5,5,5,3,2,2,5,0,-0.951,3,0
3,0,2,0,0.0,3,2,-1.381,4,7,0,0.0,-2.653,7,0.0,3,2,2,0,1,-0.712,1,5,2,0,1,4,1.035,1,-2.323,7,3,5,7,6,7,0,2,-1.056,5,0
2,5,1,2,1176.96,7,4,1.61,1,2,1,0.0,4.044,7,0.0,4,1,6,1,1,1.412,1,5,3,1,6,6,1.485,2,0.281,2,0,1,7,6,3,7,6,1.536,3,1
0,2,6,1,211.43,4,3,1.563,0,4,2,298.34,-0.053,0,0.0,4,7,1,0,0,2.474,0,5,6,1,7,5,0.832,0,1.298,1,5,3,7,0,2,3,3,0.009,1,1
6,2,5,4,0.0,5,0,-0.886,6,4,0,0.0,0.394,6,0.0,7,5,5,0,4,0.302,5,0,3,0,3,4,0.726,0,-1.88,5,1,3,2,7,2,6,6,-2.047,6,0
5,1,5,2,0.0,5,4,1.118,1,0,6,0.0,-2.767,1,0.0,4,3,3,0,0,1.455,0,3,3,0,3,0,0.967,1,-1.27,6,7,4,1,6,7,5,7,1.019,1,0
2,7,0,0,0.0,0,0,-2.174,2,2,7,0.0,-0.661,4,0.0,6,6,2,0,0,0.491,3,6,0,0,6,7,0.897,2,0.451,2,4,5,5,5,3,3,4,-0.67,0,0
6,7,0,3,0.0,2,1,-0.556,2,1,4,0.0,-0.809,1,0.0,5,1,0,0,3,0.667,3,6,2,0,7,3,0.889,5,-0.041,2,6,3,5,2,3,1,7,-0.559,3,0
4,0,0,7,0.0,0,6,-0.206,1,3,4,0.0,-1.264,5,0.0,4,3,6,0,7,1.521,3,3,0,0,0,2,0.803,6,-1.145,5,0,5,1,0,6,5,4,0.713,1,0
1,6,1,6,0.0,4,4,-0.884,2,7,3,0.0,-1.469,0,0.0,4,1,6,0,4,0.074,7,3,2,0,3,7,1.172,6,-0.893,7,3,4,3,2,5,4,5,-0.035,2,0
4,2,3,6,0.0,2,4,1.801,4,4,4,0.0,5.023,2,0.0,5,5,6,1,1,-0.885,2,0,0,1,2,7,1.088,2,2.356,0,5,6,7,6,3,0,1,1.662,6,1
1,1,1,2,0.0,0,4,0.013,3,0,0,0.0,2.694,4,0.0,3,7,3,0,2,-1.72,3,4,7,0,1,7,1.016,0,0.023,4,6,6,6,1,1,7,5,-0.5,7,0
1,0,1,7,0.0,6,3,0.35,4,7,1,0.0,-2.376,3,0.0,0,1,4,0,4,-0.516,6,2,4,0,7,0,1.336,6,-1.127,5,3,7,0,5,6,0,4,-0.476,2,0
6,2,2,2,0.0,1,3,0.502,4,2,3,0.0,-1.707,5,0.0,3,4,0,0,6,-0.29,0,3,6,0,0,6,0.809,2,0.561,3,5,6,3,3,5,7,5,0.438,2,0
4,6,1,1,0.0,7,3,-0.812,6,5,6,0.0,-2.538,4,0.0,6,6,0,0,3,-0.217,0,1,2,0,4,7,0.923,5,-0.928,3,5,6,5,3,2,3,2,-1.714,0,0
1,7,4,0,659.83,6,1,0.648,3,0,1,0.0,-1.328,6,0.0,5,4,4,1,4,1.218,0,5,4,1,3,6,0.704,5,-2.902,0,6,2,7,0,3,4,7,1.431,3,1
7,4,7,4,0.0,0,3,-0.206,4,5,3,0.0,1.217,2,0.0,7,6,6,0,5,-1.982,6,2,6,0,2,7,1.126,3,-0.437,1,7,7,0,6,5,4,4,-0.285,4,0
7,0,1,4,0.0,7,1,0.045,5,3,2,0.0,-2.063,3,0.0,4,2,7,0,3,1.376,6,4,3,0,6,7,1.271,7,-0.855,0,7,6,1,5,3,3,1,-0.086,7,0
4,4,7,5,0.0,7,2,0.246,7,1,1,0.0,1.25,6,0.0,3,4,6,0,4,0.928,2,6,7,0,6,4,1.123,0,-1.289,1,3,1,3,1,3,7,3,0.2,7,0
6,7,5,5,0.0,5,5,1.121,2,6,7,0.0,-0.191,1,0.0,2,5,3,0,2,1.285,3,0,6,0,5,2,0.883,5,3.018,5,5,7,1,2,5,6,4,1.201,7,0
0,2,2,5,0.0,7,6,0.825,0,1,1,0.0,3.465,2,0.0,4,6,1,0,2,0.974,0,1,5,0,4,7,0.93,0,1.659,6,5,1,2,4,1,5,0,0.609,4,0
5,0,4,6,0.0,5,4,-0.006,1,6,4,0.0,0.089,5,0.0,2,1,3,0,5,1.201,0,6,1,0,7,7,1.035,7,-0.422,3,2,3,7,7,7,1,2,0.292,5,0
6,7,7,1,0.0,2,0,0.422,7,2,2,0.0,1.317,0,0.0,3,7,3,0,6,3.126,2,4,0,0,3,5,1.129,3,-2.049,0,4,6,7,4,7,5,2,0.958,5,0
5,6,5,4,0.0,3,6,-1.206,3,7,0,0.0,-1.814,5,0.0,6,2,7,0,0,0.474,7,0,0,0,5,7,0.827,7,-2.347,1,4,1,0,5,6,0,6,-1.839,4,0
6,1,3,7,775.95,6,0,0.83,1,3,3,0.0,2.282,1,0.0,5,5,7,0,1,5.444,4,7,3,1,3,0,1.387,1,2.356,0,1,3,3,0,3,4,0,1.616,7,1
4,2,2,5,0.0,1,3,0.106,5,1,6,0.0,-2.03,4,0.0,4,0,5,0,7,1.499,3,2,3,0,7,6,0.925,4,-0.619,4,2,5,1,2,3,5,5,-0.117,1,0
4,6,1,7,0.0,5,7,-0.276,1,5,7,0.0,0.075,6,0.0,6,7,6,0,6,0.92,7,3,6,0,4,6,0.835,3,0.631,3,1,4,5,2,0,7,4,-0.19,5,0
7,4,5,3,0.0,5,4,-0.103,2,7,0,0.0,-2.503,1,0.0,3,5,7,0,7,0.57,0,6,0,0,3,4,0.677,0,-2.342,4,5,3,5,7,0,1,6,0.05,3,0
6,0,3,4,0.0,3,4,0.249,3,4,3,0.0,-0.611,6,0.0,3,2,0,0,0,1.506,4,7,5,0,0,2,1.029,2,-1.007,7,4,4,5,4,5,6,2,0.353,3,0
2,5,7,4,153.5,5,0,1.043,7,4,0,0.0,-1.271,4,0.0,3,7,6,0,2,2.666,1,5,7,1,3,2,1.079,1,1.239,7,7,3,3,1,4,1,0,1.127,6,1
1,6,4,7,0.0,4,1,0.243,2,4,3,0.0,-1.202,1,0.0,0,5,3,0,3,1.272,2,6,3,0,2,5,0.859,1,1.343,3,4,0,2,7,6,4,1,-0.034,2,0
1,4,7,4,0.0,5,1,-0.213,4,2,0,0.0,-2.847,2,0.0,4,2,4,0,3,0.249,6,0,5,0,1,4,0.974,7,-0.167,0,4,4,7,0,6,1,6,-0.737,1,0
7,2,7,5,512.37,4,1,1.132,1,6,3,0.0,0.447,2,19.23,4,0,1,1,6,2.261,6,6,0,0,0,5,1.138,5,1.873,6,4,2,4,1,5,2,5,1.338,7,1
0,4,2,6,590.0,4,4,2.506,1,0,3,0.0,0.93,1,23.98,3,7,4,1,1,3.582,4,0,0,1,2,1,0.798,0,-0.301,6,1,3,3,5,4,7,5,1.9,3,1
0,4,6,7,0.0,6,3,0.498,7,0,3,0.0,-0.228,7,0.0,0,7,5,0,7,-2.282,4,7,4,0,7,3,0.936,5,0.85,4,3,6,7,6,1,1,5,-0.038,3,0
0,6,1,6,0.0,1,5,-0.859,2,5,5,0.0,1.339,7,0.0,0,1,2,0,2,0.118,7,3,6,0,3,2,0.93,7,-1.221,2,6,2,2,5,5,5,0,-0.184,1,0
1,2,5,6,0.0,6,5,-0.433,2,3,7,0.0,1.976,3,0.0,1,2,7,0,3,-0.14,7,4,7,0,4,3,0.589,5,-1.642,3,2,5,6,0,0,0,5,0.056,7,0
7,7,0,5,0.0,3,7,-1.521,4,7,4,0.0,-5.206,7,0.0,4,6,1,0,3,-1.389,5,0,7,0,1,1,0.855,3,-0.879,1,7,5,4,7,0,0,6,-1.182,4,0
6,5,5,0,1076.9,2,1,2.026,1,7,3,539.73,2.093,4,0.0,6,5,4,1,1,0.69,5,6,3,1,0,7,0.906,6,0.578,6,6,6,1,7,5,2,4,1.184,7,1
7,6,1,0,0.0,6,1,-0.143,2,5,5,0.0,1.724,3,0.0,6,0,0,0,7,-1.375,6,7,4,0,4,3,1.071,0,-1.836,2,2,4,6,5,6,4,2,-0.321,7,0
2,3,6,0,0.0,0,3,-0.919,3,6,5,0.0,0.964,2,0.0,5,3,7,0,0,0.087,6,6,1,0,4,5,1.158,7,-2.206,6,2,5,4,4,3,6,4,-1.29,5,0
7,7,1,0,0.0,2,4,-0.526,1,7,1,0.0,-3.08,6,0.0,3,7,2,0,6,0.43,2,6,7,0,5,6,0.591,6,2.487,7,3,5,7,4,0,1,4,-0.974,3,0
6,0,2,4,0.0,4,2,1.347,3,3,5,0.0,-1.225,4,0.0,3,2,7,0,7,-0.989,0,5,0,0,2,0,0.853,1,1.873,6,2,4,0,3,2,4,4,0.712,4,0
3,4,1,6,1232.29,6,3,0.593,3,3,1,0.0,-3.967,3,0.0,3,2,5,0,1,0.9,3,7,1,1,1,6,1.401,1,-0.277,1,4,0,3,3,2,7,4,0.783,7,1
7,2,1,5,0.0,5,3,0.092,1,5,3,0.0,-4.299,5,0.0,1,5,5,0,1,1.951,3,5,5,0,3,6,0.744,1,-1.577,7,0,1,3,6,5,7,2,0.032,4,0
4,7,3,7,0.0,4,4,0.688,4,3,4,0.0,-2.015,2,0.0,3,1,1,0,2,0.8,3,3,0,0,2,2,0.76,3,0.02,1,6,5,4,5,2,5,0,-0.37,3,0
6,4,6,4,0.0,3,7,-1.108,3,2,3,0.0,-1.171,3,0.0,2,7,5,0,5,0.785,4,5,0,0,1,1,1.018,3,-0.926,2,3,2,1,4,2,5,0,-0.728,4,0
0,6,5,3,0.0,2,7,-0.345,6,2,5,0.0,-0.244,5,0.0,1,3,3,0,4,-0.596,1,5,5,0,1,2,0.899,3,-0.511,1,6,7,6,4,3,3,3,-0.956,7,0
2,3,5,7,0.0,1,0,-1.045,6,5,2,0.0,0.8,3,0.0,7,1,0,0,1,-0.947,1,0,0,0,0,4,1.157,4,-0.215,1,6,5,0,3,2,7,0,-0.455,6,0
4,3,6,0,1901.29,7,5,3.331,2,5,3,0.0,2.414,5,0.0,6,6,6,1,7,4.132,0,1,5,1,1,3,0.742,2,0.554,3,2,1,5,7,3,7,7,2.927,0,1
3,3,4,4,0.0,3,6,0.342,3,4,5,0.0,-2.688,2,0.0,3,4,4,0,6,-1.116,5,7,6,0,6,3,0.989,5,1.175,0,5,4,6,5,0,3,7,-0.054,0,0
1,5,3,2,0.0,0,1,-0.55,6,4,2,0.0,0.031,1,0.0,4,4,3,0,7,1.248,2,3,5,0,0,0,1.485,5,-3.759,4,6,7,5,3,0,1,3,-0.589,5,0
2,4,0,1,0.0,0,7,-1.879,0,0,2,0.0,-5.894,7,0.0,4,7,0,0,7,-1.191,1,7,1,0,1,2,1.025,0,-2.994,1,7,4,0,1,3,5,3,-1.96,7,0
6,6,1,1,0.0,5,3,0.721,6,1,7,0.0,2.787,2,0.0,6,1,2,0,6,1.815,0,7,0,0,6,3,0.53,7,-0.477,4,0,4,7,6,7,4,0,1.459,0,0
3,2,2,5,0.0,4,2,0.412,4,1,6,0.0,1.292,6,0.0,7,7,7,0,3,-0.95,5,1,5,0,5,2,0.939,7,0.704,7,6,0,3,5,6,6,2,0.644,4,0
7,0,3,4,0.0,4,7,-0.237,6,2,0,0.0,-0.906,7,0.0,2,4,7,0,1,0.397,6,2,1,0,2,5,1.034,6,-1.316,5,1,0,4,0,5,5,5,0.628,2,0
2,7,4,7,0.0,2,0,-0.585,4,2,4,0.0,0.091,5,0.0,3,5,1,0,6,-2.169,3,5,5,0,0,4,1.011,6,1.242,7,5,6,1,5,0,5,0,-1.225,1,0
0,1,3,6,0.0,7,7,-0.027,1,5,5,0.0,0.266,4,0.0,2,7,2,0,4,-0.404,3,4,1,0,2,2,1.145,7,0.828,0,4,7,4,0,1,7,1,0.976,7,0
4,2,6,7,0.0,0,6,0.148,5,1,3,0.0,-0.034,6,0.0,5,6,2,0,7,1.234,7,5,3,0,1,0,1.462,7,-0.756,3,1,7,3,1,1,5,5,0.125,7,0
6,7,0,1,0.0,4,6,0.422,5,6,6,0.0,-2.555,1,0.0,3,3,4,0,0,-0.025,5,1,0,0,1,0,0.962,5,0.262,2,0,1,7,5,6,4,6,-0.093,5,0
5,2,6,2,0.0,7,0,-0.648,3,0,1,0.0,0.185,6,0.0,7,6,6,0,3,0.873,5,2,7,0,3,5,0.803,2,1.896,1,7,6,2,1,5,4,4,0.133,6,0
1,3,1,7,0.0,6,6,0.509,6,1,2,0.0,-0.328,0,0.0,3,7,0,0,3,1.55,5,0,0,0,3,2,0.939,1,-1.449,4,0,4,2,2,2,5,3,0.371,3,0
6,7,6,7,0.0,1,4,0.545,3,0,1,0.0,-5.008,2,0.0,7,3,6,0,5,-0.999,1,7,6,0,3,0,0.979,3,-0.516,4,5,6,1,0,2,0,5,0.273,5,0
7,7,7,6,0.0,4,2,-0.541,5,2,6,0.0,-2.167,7,0.0,0,0,7,0,0,-0.82,4,4,7,0,6,0,1.142,3,-0.132,3,2,4,5,7,5,4,0,-0.956,4,0
2,1,5,5,0.0,4,7,-0.363,0,4,1,0.0,-0.148,2,0.0,2,3,5,0,7,1.425,1,2,6,0,1,1,0.932,0,0.858,0,6,7,3,0,0,0,0,0.611,1,0
1,0,0,6,0.0,5,2,-0.313,5,7,7,0.0,0.252,2,0.0,0,5,7,0,5,-1.496,5,2,3,0,7,5,0.988,2,-3.373,4,6,1,1,4,6,4,5,-1.327,0,0
3,5,3,2,0.0,5,7,-0.811,1,0,0,0.0,-1.703,1,0.0,1,2,3,0,3,-0.245,1,4,2,0,6,5,1.041,6,1.297,5,4,7,2,3,0,6,1,-0.203,1,0
2,2,6,7,0.0,6,1,-0.746,7,6,6,0.0,-0.372,1,0.0,4,5,2,0,3,0.264,1,7,3,0,0,1,0.781,4,-1.382,4,6,7,2,0,0,4,1,-0.535,3,0
7,6,3,1,0.0,4,7,-0.381,5,0,4,0.0,2.133,1,0.0,7,0,2,0,4,0.891,5,6,1,0,0,3,1.455,5,2.037,4,4,1,6,6,3,7,1,0.06,6,0
1,5,3,4,0.0,0,6,-0.29,5,6,2,0.0,0.458,5,0.0,3,0,1,0,1,-0.507,2,7,0,0,3,4,1.203,0,-1.935,0,1,6,0,5,1,4,1,-0.027,2,0
0,0,5,2,0.0,1,2,1.354,7,0,7,0.0,1.573,4,0.0,0,5,2,0,5,1.106,0,7,0,0,0,4,1.065,3,0.82,0,6,7,3,0,6,7,6,0.458,3,0
0,2,7,5,0.0,1,3,-0.076,4,2,5,0.0,-0.035,6,0.0,0,5,3,0,6,1.396,1,2,3,0,1,6,1.363,5,3.312,3,3,3,4,6,7,4,0,-0.184,3,0
7,7,7,3,0.0,1,1,-0.626,1,5,1,0.0,8.572,7,0.0,4,0,4,0,3,0.528,7,6,7,0,6,4,0.756,0,0.356,0,2,1,7,3,1,3,0,0.075,3,0
2,3,4,6,1643.35,0,7,2.65,1,3,0,0.0,2.591,1,0.0,3,5,7,1,2,2.617,6,3,4,1,4,0,1.01,4,-1.421,3,5,5,6,0,2,7,1,1.556,6,1
2,7,3,6,0.0,1,1,0.306,7,2,1,0.0,-1.875,7,0.0,7,4,6,0,6,-0.244,7,1,1,0,1,7,0.703,2,0.254,4,1,5,3,3,2,7,7,0.02,3,0
4,2,0,5,0.0,4,5,-0.37,2,3,0,0.0,1.633,1,0.0,3,1,7,0,1,-1.41,4,5,5,0,2,6,1.18,3,-3.967,6,7,6,6,6,1,4,0,-0.948,7,0
6,3,6,4,0.0,5,7,-0.617,3,3,7,0.0,0.707,5,0.0,2,1,6,0,0,0.241,3,6,7,0,6,0,1.124,5,-0.234,5,1,2,2,2,7,6,0,-0.489,2,0
1,6,1,7,0.0,4,4,-0.515,1,7,5,0.0,5.006,5,0.0,4,7,1,0,1,0.174,3,4,2,0,4,1,0.983,7,0.997,4,1,6,5,7,3,6,1,-0.527,7,0
6,1,2,3,0.0,1,5,-0.541,7,0,5,0.0,0.031,7,0.0,3,0,7,0,5,-1.681,1,4,5,0,0,0,1.292,2,-1.247,1,6,7,0,6,0,7,2,0.073,3,0
6,2,6,1,0.0,0,3,1.121,0,6,3,0.0,1.681,0,0.0,2,4,6,0,7,1.519,3,2,0,0,3,6,1.176,7,-3.992,2,6,3,3,1,5,6,2,-0.232,2,0
6,0,7,5,0.0,3,7,-0.8,3,1,4,0.0,0.635,4,0.0,0,7,1,0,7,0.745,5,7,6,0,1,7,1.168,7,-2.861,7,4,1,1,1,3,4,5,-0.927,3,0
5,5,1,5,0.0,4,6,1.199,5,7,0,0.0,3.476,5,16.43,6,3,4,0,6,2.631,4,0,1,1,6,4,1.154,7,2.056,6,0,1,6,7,2,5,0,1.572,3,1
2,7,3,7,0.0,1,0,-1.227,1,4,4,0.0,-1.562,2,0.0,7,5,4,0,6,0.17,7,5,4,0,6,3,0.878,3,-1.836,1,1,0,2,2,6,2,2,-1.095,5,0
7,3,2,7,0.0,6,3,0.749,5,2,0,0.0,-0.961,4,0.0,5,4,3,0,6,-1.501,4,6,5,0,7,7,0.874,2,1.106,2,7,6,2,2,3,2,7,0.377,6,0
2,4,5,7,1852.17,4,4,1.567,1,6,2,0.0,1.441,0,0.0,3,0,3,0,3,1.124,0,5,4,1,0,1,0.954,4,0.911,4,4,3,5,2,4,6,0,1.978,0,1
4,5,5,7,0.0,5,2,1.006,6,4,4,0.0,1.91,4,12.33,4,4,1,0,5,-0.162,2,4,0,1,6,0,1.02,0,0.005,7,4,4,0,3,0,7,3,1.365,5,1
2,5,0,2,0.0,4,0,-2.24,5,4,1,0.0,-1.678,4,0.0,3,6,2,0,6,-3.024,4,7,5,0,3,3,0.797,7,-4.21,0,6,1,5,5,1,2,7,-1.806,0,0
1,2,5,0,0.0,1,6,-0.339,7,7,2,0.0,0.859,0,0.0,3,7,6,0,2,-1.117,5,6,5,0,7,4,1.106,7,-1.27,4,3,6,2,5,4,6,0,-0.563,7,0
2,3,4,7,0.0,0,4,-0.42,1,1,0,0.0,0.228,5,0.0,7,1,0,0,6,0.043,6,0,1,0,3,2,0.922,7,-0.46,6,0,5,7,0,1,4,2,-0.612,6,0
1,3,7,1,0.0,4,7,-0.289,3,0,2,0.0,-1.411,1,0.0,0,0,1,0,7,-1.039,6,5,4,0,5,7,1.008,5,0.123,7,5,4,6,4,2,4,4,-0.303,2,0
2,6,1,7,0.0,4,4,-0.07,5,0,6,0.0,2.553,0,0.0,5,0,0,0,3,1.93,0,1,3,0,4,0,1.077,5,0.762,5,7,7,6,0,3,4,2,0.426,1,0
1,2,5,3,0.0,0,6,-0.033,5,2,7,0.0,-2.482,3,0.0,7,7,5,0,4,-1.885,0,2,0,0,6,4,0.777,1,0.143,5,6,6,7,0,7,1,1,0.01,4,0
3,1,6,6,0.0,7,7,0.314,3,3,4,0.0,0.311,7,0.0,7,1,7,0,7,-1.06,2,5,4,0,7,2,0.726,6,-2.345,0,1,1,7,4,0,0,0,0.113,3,0
2,5,3,0,0.0,2,4,-1.096,2,7,0,0.0,1.477,5,0.0,1,6,3,0,7,-0.396,0,7,7,0,1,5,1.08,3,-2.594,5,5,0,0,2,6,5,6,-0.255,6,0
0,5,1,0,0.0,4,0,0.719,3,6,7,0.0,2.018,7,0.0,0,0,0,0,1,2.209,1,7,3,0,5,4,0.781,5,2.43,1,2,5,6,0,2,0,4,0.978,7,0
0,5,4,1,0.0,0,4,-0.214,4,7,5,0.0,2.226,1,0.0,6,3,3,0,4,1.31,7,7,7,0,4,2,1.15,2,-1.467,0,7,3,0,4,4,6,2,0.726,7,0
4,5,4,0,0.0,4,5,-0.299,3,2,7,0.0,2.492,4,0.0,6,5,0,0,6,1.899,5,7,0,0,0,4,1.113,3,-1.094,2,3,4,0,7,7,4,0,0.05,0,0
1,7,0,4,0.0,7,0,-0.548,1,0,1,0.0,-0.046,6,0.0,2,5,6,0,6,-1.189,2,2,7,0,0,6,0.829,1,1.487,3,1,2,3,5,1,7,4,-0.482,2,0
3,1,2,5,0.0,5,4,-0.617,4,1,5,0.0,1.007,5,0.0,5,0,5,0,2,-0.893,0,1,4,0,6,3,1.019,2,2.283,3,7,5,1,2,6,2,6,0.038,3,0
4,0,2,5,0.0,6,1,0.229,0,5,6,0.0,4.89,2,0.0,2,1,2,0,3,-2.507,1,7,5,0,4,4,0.952,5,-0.14,4,5,1,3,4,0,6,7,0.435,4,0
4,7,5,4,0.0,0,3,-0.884,6,5,3,0.0,-2.757,7,0.0,1,3,4,0,1,-1.486,6,2,7,0,1,1,1.11,2,1.035,4,7,5,7,2,5,0,4,-0.841,2,0
7,3,5,1,0.0,7,3,-1.884,7,7,0,0.0,-2.366,7,0.0,4,3,2,0,5,-2.186,1,3,6,0,7,5,0.816,1,-4.129,1,5,3,2,6,6,7,3,-1.213,1,0
2,0,5,4,0.0,3,3,0.266,0,6,1,0.0,2.323,0,0.0,1,7,5,0,6,2.283,6,5,1,0,6,6,0.739,3,0.433,1,4,5,7,1,0,7,6,0.905,2,0
3,6,2,3,0.0,7,1,-0.601,2,1,3,0.0,-6.929,2,0.0,5,3,2,0,3,0.332,3,5,7,0,6,2,1.011,2,-0.825,2,1,4,5,3,1,5,2,-0.593,1,0
7,1,5,4,0.0,3,3,-0.22,7,4,6,0.0,3.91,5,0.0,0,4,6,0,4,-1.393,5,3,2,0,7,7,0.953,7,-2.261,1,3,0,4,7,6,5,5,0.039,5,0
6,1,0,0,0.0,1,1,0.935,0,2,4,0.0,0.969,4,0.0,3,2,5,0,0,0.892,3,5,2,0,0,5,0.883,6,2.457,6,5,0,4,6,2,4,6,0.736,7,0
7,1,0,2,0.0,7,5,-1.239,0,1,0,0.0,-0.955,3,0.0,6,7,2,0,6,-0.916,5,2,5,0,1,3,1.0,2,-0.615,3,6,3,7,2,3,0,4,-0.828,2,0
7,7,7,2,796.35,0,5,-0.484,4,7,4,0.0,0.613,2,18.25,4,6,2,0,2,1.379,0,5,3,1,6,5,1.072,0,-1.882,0,4,4,2,0,4,5,0,-0.034,5,1
7,6,0,5,0.0,0,4,0.574,3,6,3,0.0,-1.109,4,16.18,1,6,5,0,5,0.827,1,5,4,1,1,1,1.315,7,3.348,5,0,2,1,7,1,1,6,0.148,0,1
0,7,2,5,1275.16,0,7,0.491,4,1,3,0.0,-1.366,3,0.0,5,4,1,1,2,0.943,2,5,3,0,3,7,1.695,6,0.053,3,1,3,2,1,4,1,7,0.938,1,1
4,6,3,2,325.63,3,4,1.305,5,0,7,0.0,-2.8,4,0.0,2,2,6,0,2,2.417,2,3,1,1,5,3,1.491,3,4.023,0,2,5,0,7,1,7,7,2.008,1,1
2,6,6,4,0.0,5,4,-0.572,4,6,0,0.0,3.705,3,0.0,2,3,0,0,2,1.655,0,5,0,0,0,0,0.934,4,1.085,1,1,7,0,2,0,7,4,0.919,0,0
1,5,3,2,0.0,0,2,-0.439,1,7,0,0.0,0.437,2,0.0,6,1,1,0,0,-0.939,5,5,5,0,0,7,0.946,7,3.575,3,3,4,5,1,1,2,7,0.609,2,0
6,0,2,3,0.0,0,0,-1.073,6,7,2,0.0,-0.113,4,0.0,3,2,3,0,7,-0.337,5,5,5,0,7,1,0.785,1,0.397,6,6,2,3,7,1,4,4,-0.199,5,0
5,7,5,2,1154.9,4,3,1.388,1,7,0,0.0,-0.114,6,0.0,6,5,0,0,2,1.557,4,3,5,1,5,5,1.437,5,1.879,3,0,1,7,3,6,0,6,0.884,3,1
3,1,5,0,0.0,2,6,0.405,0,0,4,0.0,1.49,2,0.0,0,5,4,0,2,1.623,2,1,5,0,0,0,0.77,7,2.604,7,1,5,0,6,2,0,5,0.344,6,0
1,2,4,2,0.0,6,2,-0.563,1,0,5,0.0,3.697,2,0.0,3,7,1,0,7,-0.872,7,0,5,0,7,7,1.351,7,-0.482,4,5,3,2,7,3,7,5,-0.351,3,0
7,5,5,4,0.0,5,7,-1.844,2,3,0,0.0,-4.266,7,0.0,0,7,1,0,2,-1.809,3,6,1,0,6,1,1.119,2,-1.406,2,0,4,7,1,0,3,6,-1.756,2,0
2,6,4,5,0.0,7,4,-1.419,0,6,2,0.0,1.124,1,0.0,2,5,4,0,4,-0.432,3,1,4,0,4,2,0.978,2,0.652,5,4,2,2,1,4,7,0,-1.417,7,0
6,4,4,7,0.0,4,0,-0.111,1,7,4,0.0,-1.195,2,0.0,7,5,4,0,7,-0.604,3,5,1,0,4,1,1.311,7,-1.792,0,3,3,3,4,1,6,2,-0.413,7,0
6,4,1,7,227.41,5,7,1.261,6,2,6,0.0,1.653,5,0.0,1,5,6,1,5,1.164,1,3,7,1,0,5,1.291,7,1.839,5,0,6,6,5,7,3,7,1.818,7,1
3,1,7,6,0.0,2,7,0.419,7,5,4,0.0,-1.342,6,0.0,2,6,4,0,5,-2.124,3,4,6,0,6,4,1.035,4,0.371,5,7,1,3,4,4,6,3,-0.191,3,0
5,5,7,7,0.0,2,5,-2.274,7,1,2,0.0,-2.767,6,0.0,3,5,6,0,3,-0.814,4,4,7,0,6,4,1.043,0,1.445,1,1,2,1,6,3,0,7,-2.01,0,0
6,3,6,0,0.0,0,3,-0.876,6,2,0,0.0,0.613,4,0.0,3,1,2,0,6,-2.329,7,1,3,0,1,1,1.181,6,-0.213,7,3,3,0,7,6,0,0,-1.287,2,0
7,5,6,4,0.0,2,6,-0.977,0,5,1,0.0,-0.414,7,0.0,2,2,4,0,7,-2.178,6,6,2,0,3,1,1.332,6,-4.196,2,7,6,0,6,3,0,0,-1.249,1,0
2,0,5,5,0.0,7,3,-0.762,6,0,7,0.0,-0.411,7,0.0,4,4,7,0,7,0.013,1,6,2,0,0,3,1.001,0,-5.194,1,7,2,4,7,1,2,3,-0.94,6,0
7,1,7,6,0.0,4,2,-0.216,2,3,7,0.0,0.181,5,0.0,5,2,3,0,6,-0.624,4,4,1,0,7,1,1.098,4,-0.611,3,2,2,3,3,3,3,0,0.314,2,0
2,4,5,7,0.0,0,5,-2.324,5,4,4,0.0,-1.0,1,0.0,7,1,5,0,7,0.064,1,2,0,0,7,0,1.134,7,1.194,6,3,0,7,7,7,0,2,-0.999,6,0
7,5,4,4,0.0,6,1,-0.338,4,2,7,0.0,0.933,0,0.0,2,1,6,0,4,-1.858,0,5,7,0,6,3,0.693,3,-0.311,3,2,1,5,4,7,5,2,-0.758,7,0
7,6,3,4,0.0,6,6,0.747,0,1,0,0.0,-1.767,6,0.0,7,1,2,0,2,-0.495,3,6,5,0,6,0,0.988,6,-3.274,3,7,5,7,2,3,6,2,0.206,6,0
2,7,5,4,0.0,0,4,0.025,2,7,3,0.0,-0.055,5,0.0,5,0,1,0,2,1.219,5,2,4,0,0,0,1.225,2,-0.013,2,6,2,5,2,2,7,4,0.206,2,0
6,0,7,2,0.0,4,2,-0.127,6,2,6,0.0,-2.273,5,0.0,6,7,1,0,2,-0.926,0,6,6,0,1,5,0.602,2,-1.257,2,6,4,5,6,6,4,6,-0.364,3,0
4,3,6,7,0.0,5,6,0.053,3,3,6,0.0,1.578,5,0.0,7,4,7,0,1,0.404,6,4,5,0,4,0,0.64,7,-0.049,5,5,1,2,3,1,1,2,-0.404,4,0
5,7,0,4,1158.28,2,5,0.916,0,1,5,0.0,1.913,7,0.0,6,3,6,0,4,1.376,5,0,0,1,6,5,1.134,4,1.865,4,7,7,2,6,7,2,6,1.056,6,1
0,5,4,5,0.0,2,5,-1.064,5,1,0,0.0,-0.225,3,0.0,4,0,6,0,4,-0.933,7,5,3,0,0,6,1.017,3,-0.351,7,0,6,6,1,6,4,7,-0.484,7,0
6,4,2,3,0.0,4,3,0.052,1,2,5,0.0,-2.934,0,0.0,1,6,7,0,1,0.744,7,3,1,0,0,2,1.118,4,0.152,6,0,2,1,0,4,6,3,0.087,6,0
7,2,5,0,0.0,3,0,-0.096,7,7,5,0.0,1.756,1,0.0,1,0,7,0,2,0.126,5,3,0,0,5,7,1.021,0,1.637,2,6,7,1,4,2,1,2,-0.709,6,0
2,5,6,4,1301.86,0,6,1.538,1,1,2,0.0,0.437,6,0.0,7,6,7,0,5,2.464,2,0,6,1,4,0,0.801,0,-0.257,1,3,5,4,3,1,0,7,1.368,6,1
5,6,4,2,0.0,6,6,1.475,1,1,5,0.0,3.182,3,0.0,3,2,2,0,7,-0.642,7,4,6,0,6,0,0.905,7,2.435,3,5,3,4,7,7,7,2,1.334,6,0
6,3,1,4,0.0,6,7,-0.838,4,0,6,0.0,0.184,4,0.0,1,7,3,0,3,-0.539,1,2,1,0,3,6,0.994,2,0.33,3,6,3,7,4,0,7,7,-1.575,3,0
7,2,5,7,0.0,3,0,-0.542,0,3,2,0.0,2.45,7,0.0,6,1,4,0,2,-0.127,5,5,4,0,2,1,1.177,6,0.287,3,5,6,3,4,0,5,6,0.598,1,0
7,7,7,5,0.0,3,4,0.316,1,6,4,0.0,-0.132,0,0.0,1,5,6,0,3,2.458,2,3,0,0,7,1,0.923,4,2.531,5,4,4,7,0,7,1,0,0.23,2,0
1,4,2,1,0.0,3,7,-4.427,0,0,3,0.0,-1.324,0,0.0,1,4,3,0,0,-4.457,6,6,7,0,5,3,1.026,1,-0.365,1,5,4,6,6,6,6,0,-3.844,4,0
5,1,3,0,0.0,5,2,-0.001,1,1,3,0.0,-0.592,7,0.0,0,7,2,0,0,-1.248,6,1,6,0,3,4,0.747,6,-1.323,5,6,3,6,7,0,3,4,0.014,7,0
4,2,5,1,0.0,1,2,0.293,1,3,5,0.0,-3.47,1,0.0,1,3,1,0,2,-0.389,1,0,5,0,6,1,0.744,4,1.354,7,4,7,0,7,7,6,1,0.399,3,0
4,0,7,6,0.0,4,4,-0.184,3,1,6,0.0,-1.414,2,0.0,5,2,6,0,3,0.713,6,4,2,0,1,4,1.168,1,-3.129,1,5,0,7,5,2,7,1,0.324,1,0
5,2,7,3,0.0,2,6,1.425,2,2,3,0.0,3.321,4,0.0,4,0,5,0,4,0.456,2,0,7,0,1,7,1.267,0,-0.724,1,1,5,6,5,0,0,4,0.709,6,0
4,6,2,5,0.0,2,4,-0.524,2,2,7,0.0,3.921,7,0.0,3,4,2,0,0,-1.032,2,4,6,0,2,1,1.089,6,3.161,5,7,0,7,7,3,7,2,0.253,7,0
1,1,0,2,0.0,4,2,-0.802,1,5,1,0.0,-2.812,2,0.0,2,1,3,0,6,-1.173,7,0,0,0,0,4,1.162,7,-0.88,4,3,1,6,7,6,6,5,-1.476,1,0
5,7,3,6,0.0,3,6,1.605,1,4,4,0.0,0.557,2,0.0,1,0,7,1,3,1.246,6,4,7,0,5,7,0.974,1,1.01,7,2,7,0,3,1,1,4,1.407,5,1
6,1,6,7,1361.1,2,0,1.11,2,5,5,0.0,6.151,2,0.0,1,6,6,0,4,1.32,3,7,5,1,6,7,1.031,0,2.071,0,7,5,6,3,0,3,1,1.982,6,1
4,1,3,1,0.0,0,2,-0.302,2,0,2,0.0,-3.199,7,0.0,0,4,6,0,0,1.075,2,3,7,0,1,5,0.894,4,1.265,0,4,6,7,6,6,3,7,0.375,6,0
2,4,1,0,0.0,3,5,-0.896,1,7,6,0.0,2.461,4,0.0,6,5,1,0,0,-2.358,7,5,0,0,1,1,1.084,3,-2.8,6,2,4,7,5,2,7,7,-0.763,5,0
5,5,3,0,0.0,6,5,-2.301,2,6,5,0.0,-6.266,6,0.0,5,1,2,0,7,-1.414,1,2,6,0,3,7,0.991,2,-0.315,7,4,3,5,3,1,3,1,-0.825,5,0
2,7,6,1,0.0,3,0,-0.528,7,7,3,0.0,2.547,7,0.0,3,1,5,0,6,0.458,4,5,5,0,2,7,0.732,4,-0.641,3,3,6,1,1,7,3,5,-0.462,1,0
3,7,2,1,1038.6,3,7,1.157,2,0,7,0.0,-2.805,3,0.0,0,0,1,1,2,-1.606,6,7,2,0,0,1,1.066,1,-0.161,5,0,2,5,4,6,4,2,1.207,4,1
1,2,0,0,0.0,3,0,0.562,7,7,3,0.0,-2.398,0,0.0,0,0,5,0,3,-1.763,3,5,6,0,5,4,1.191,5,1.004,3,5,0,0,6,3,3,4,-0.149,5,0
0,3,4,2,582.91,4,0,2.433,1,7,5,0.0,3.927,7,3.1,4,7,6,1,0,1.972,0,7,6,1,7,5,1.069,4,-1.507,7,0,1,5,2,4,1,3,2.497,6,1
1,2,5,4,0.0,3,3,0.818,6,2,4,0.0,4.942,0,0.0,5,2,4,0,3,-0.51,1,4,1,0,2,5,1.04,7,0.459,6,6,3,4,2,0,0,1,0.762,3,0
3,2,2,3,0.0,5,2,-0.164,1,1,4,0.0,-2.756,3,0.0,4,6,2,0,7,0.899,5,7,3,0,3,5,1.049,7,-0.067,4,2,5,6,0,6,4,2,0.096,2,0
4,3,3,1,0.0,3,3,-0.089,4,1,4,0.0,0.708,6,0.0,6,3,1,0,2,-0.793,5,4,1,0,6,4,1.088,0,-1.345,2,0,5,5,5,0,3,3,-0.077,5,0
4,0,6,7,0.0,1,0,0.028,5,3,7,0.0,0.73,6,0.0,4,0,1,0,4,-1.22,7,0,3,0,7,0,0.976,5,-0.768,0,7,5,2,3,4,4,0,-0.074,7,0
2,1,5,1,0.0,2,0,-0.858,6,3,3,0.0,1.423,4,0.0,5,5,4,0,6,-0.419,1,0,0,0,2,3,0.874,3,0.431,7,5,4,3,6,2,1,2,-0.894,4,0
3,1,0,3,0.0,4,5,1.373,6,2,5,0.0,0.039,7,0.0,0,7,7,0,1,1.952,6,0,7,0,6,3,1.205,6,1.925,4,1,7,7,4,2,3,6,0.276,2,0
2,6,5,6,0.0,6,3,-0.584,4,6,3,0.0,-0.518,4,0.0,2,4,1,0,0,0.724,4,4,2,0,5,1,1.123,3,1.385,0,0,0,6,6,1,5,6,-0.531,3,0
4,5,6,6,0.0,6,5,2.432,2,1,5,0.0,4.113,0,2.51,1,2,3,1,2,0.66,7,4,3,1,5,0,1.104,2,-0.41,1,0,4,3,0,5,4,7,1.569,5,1
0,3,3,4,0.0,2,1,-0.126,1,4,7,0.0,-0.767,2,0.0,7,2,0,0,7,-1.008,6,7,3,0,1,2,0.769,4,2.504,7,3,0,2,0,2,3,3,-0.501,6,0
5,3,2,0,0.0,1,2,0.566,7,5,3,0.0,-0.866,4,0.0,7,0,0,0,0,0.113,0,1,7,0,7,1,1.091,5,-0.575,7,3,4,2,0,6,3,5,0.453,5,0
2,1,7,2,0.0,5,0,-1.29,1,2,4,0.0,2.413,2,0.0,1,4,3,0,4,-1.275,3,4,5,0,6,1,0.846,5,-1.952,5,0,0,4,3,6,1,3,-0.954,0,0
4,4,2,7,0.0,3,4,-1.649,4,0,2,0.0,-1.674,2,0.0,4,4,0,0,2,-0.736,2,7,4,0,5,4,0.759,5,-0.099,3,1,3,4,1,2,0,0,-1.662,6,0
6,2,4,6,0.0,1,5,-0.86,5,0,0,0.0,0.682,4,0.0,5,0,7,0,2,0.122,7,2,5,0,5,0,1.252,5,1.202,2,6,2,1,3,3,1,5,-0.52,2,0
0,6,1,7,0.0,3,1,0.703,4,7,1,0.0,1.478,3,0.0,1,7,2,0,0,0.478,4,5,4,0,1,4,0.904,5,1.23,0,1,3,7,2,5,3,4,0.515,7,0
2,1,5,0,0.0,7,5,-0.16,2,3,6,0.0,-2.736,1,0.0,2,3,1,0,5,0.934,5,3,5,0,1,5,1.012,4,0.598,6,5,0,7,4,4,6,6,-1.05,7,0
5,2,5,6,1108.17,0,4,1.663,5,3,0,0.0,6.629,6,0.0,7,6,6,1,3,-1.19,3,0,6,1,3,5,1.511,5,1.489,4,4,2,0,7,6,4,1,1.488,6,1
5,7,0,7,0.0,4,5,-1.053,2,0,6,0.0,0.684,0,0.0,4,3,5,0,5,-0.467,2,4,7,0,7,0,0.973,7,1.75,6,5,1,0,7,2,1,5,-1.442,4,0
6,3,5,6,0.0,5,5,0.312,1,5,6,0.0,3.538,3,0.0,6,3,1,0,5,2.156,1,4,4,0,3,0,1.003,2,2.385,2,6,5,6,7,7,1,7,0.205,3,0
4,0,4,0,0.0,5,1,-0.937,4,2,4,0.0,-0.105,1,0.0,0,3,3,0,7,0.498,5,1,1,0,0,6,0.896,1,-0.926,6,1,4,0,2,2,1,3,-0.801,1,0
5,5,2,6,0.0,4,5,-1.186,6,5,3,0.0,-2.567,6,0.0,2,5,1,0,5,-0.551,7,3,2,0,7,2,1.052,1,-2.924,5,1,1,1,7,6,2,0,-1.179,6,0
0,3,4,0,0.0,3,1,1.208,1,4,5,0.0,-0.001,1,0.0,0,0,1,0,1,-0.478,7,7,6,0,0,6,0.968,1,1.697,7,7,5,2,7,7,2,2,0.937,6,0
2,1,2,3,0.0,0,1,-0.266,3,5,0,0.0,0.683,3,0.0,0,0,0,0,0,-0.004,7,4,2,0,7,2,0.93,3,-0.985,3,0,7,2,5,7,0,4,-0.317,4,0
1,5,0,2,0.0,4,6,-2.5,1,0,1,0.0,1.116,0,0.0,5,0,5,0,7,-1.243,2,7,1,0,3,2,1.136,7,1.341,1,1,0,7,0,5,7,2,-2.136,1,0
0,5,4,1,0.0,5,5,-1.893,0,3,4,0.0,-0.138,5,0.0,3,0,5,0,6,-3.826,6,2,1,0,5,5,1.126,7,-1.716,7,1,7,3,7,5,6,1,-1.992,3,0
1,6,2,2,0.0,5,7,0.093,0,2,5,0.0,0.525,1,0.0,6,4,0,0,2,0.917,2,3,3,0,3,1,1.095,7,-1.286,7,4,6,5,4,1,1,1,0.161,3,0
5,7,2,2,165.45,6,0,0.057,0,1,1,0.0,-1.631,4,0.0,7,1,5,1,1,0.3,4,7,1,1,7,1,1.357,0,1.914,6,1,6,0,6,3,2,0,0.974,0,1
6,1,1,7,0.0,1,7,-0.346,3,2,6,0.0,-1.981,0,0.0,5,5,1,0,4,-1.79,0,7,3,0,7,2,0.769,3,-3.938,3,4,4,0,7,0,0,0,-0.749,7,0
6,4,7,4,0.0,3,2,-0.337,1,6,4,0.0,3.209,2,0.0,7,6,5,0,4,1.62,6,2,2,0,1,4,1.193,0,0.963,0,7,1,7,6,5,7,0,-0.746,0,0
4,5,5,4,0.0,1,7,-0.744,2,4,2,0.0,2.0,1,0.0,1,3,7,0,7,-1.332,6,2,7,0,4,1,1.348,0,-2.159,0,5,7,7,0,5,4,4,-0.511,2,0
6,3,5,2,0.0,1,2,0.889,4,7,7,0.0,4.148,3,0.0,2,3,6,0,5,0.588,3,5,2,0,3,3,1.032,1,0.688,1,2,5,7,4,2,2,4,0.284,1,0
6,1,5,5,1994.97,4,7,2.556,0,4,2,0.0,0.943,6,0.0,4,4,3,1,1,2.092,5,3,1,1,5,2,1.441,2,1.523,3,4,0,4,0,4,0,4,1.947,3,1
5,2,5,6,0.0,1,5,0.27,4,5,3,0.0,4.513,0,0.0,5,6,0,0,5,1.837,1,3,6,0,7,5,0.924,3,2.507,0,1,0,1,7,0,4,6,0.653,0,0
3,7,2,3,0.0,2,4,-0.215,2,3,7,0.0,-2.844,1,0.0,5,1,7,0,4,-0.691,2,6,0,0,4,5,0.875,5,2.581,3,6,7,7,2,3,0,3,-0.07,0,0
0,5,5,4,0.0,6,2,-0.138,6,3,2,0.0,0.554,6,0.0,5,4,7,0,1,-1.117,5,7,7,0,0,7,0.765,7,-0.963,6,0,2,3,6,0,4,3,-0.284,4,0
5,7,6,2,0.0,1,2,-0.694,6,7,7,0.0,5.119,5,0.0,2,5,7,0,0,1.002,6,1,6,0,7,3,1.192,2,-2.18,3,1,5,2,2,6,0,5,-0.46,4,0
5,7,3,7,0.0,5,3,0.296,1,3,1,0.0,-1.638,0,0.0,4,2,7,0,3,0.756,5,0,3,0,7,5,1.171,2,-1.403,6,4,1,6,7,7,0,0,-0.154,2,0
2,2,2,0,0.0,1,5,-0.323,1,4,1,0.0,4.624,7,0.0,0,3,5,0,3,-1.383,4,1,3,0,7,3,0.806,0,-0.637,0,0,1,1,0,7,2,7,0.291,5,0
6,3,3,5,0.0,5,6,-0.573,3,2,1,0.0,-4.267,5,0.0,3,7,5,0,5,-0.706,4,1,7,0,6,3,1.05,1,-2.408,3,5,0,3,5,4,7,6,-1.221,6,0
1,2,5,0,0.0,6,2,0.555,7,2,3,0.0,-3.393,6,0.0,0,5,7,0,5,1.84,4,3,5,0,3,4,0.802,2,-0.128,4,0,3,4,1,7,1,1,-0.212,2,0
3,3,3,4,0.0,7,4,-1.039,1,2,1,0.0,-0.392,5,0.0,0,6,3,0,0,-1.144,3,1,6,0,4,3,1.299,3,-2.359,5,2,4,4,5,2,3,0,-1.164,2,0
1,3,5,2,0.0,1,2,1.034,2,0,7,0.0,-2.654,0,0.0,4,0,0,0,2,-0.207,6,4,2,0,0,0,1.152,5,-0.281,7,3,6,3,4,2,4,6,-0.015,6,0
4,1,6,0,1359.76,1,2,1.798,0,6,7,0.0,-1.766,7,0.0,5,5,7,1,4,3.68,7,6,7,1,4,4,1.391,7,2.294,7,0,1,4,0,6,7,0,2.636,6,1
2,4,3,0,0.0,5,7,0.565,3,0,1,0.0,2.831,7,0.0,5,6,2,0,6,0.996,4,4,0,0,2,4,1.098,4,-1.044,7,5,6,1,2,0,5,5,0.308,1,0
0,1,5,0,0.0,4,2,0.159,4,5,5,0.0,-2.018,0,0.0,4,1,4,0,3,-1.168,4,1,6,0,0,6,0.815,6,-0.386,3,2,4,2,0,5,0,3,0.045,0,0
4,7,7,1,0.0,2,1,1.523,1,5,3,0.0,1.62,7,0.0,6,0,0,0,3,2.632,6,6,7,1,0,4,1.381,0,-0.79,7,7,3,0,6,4,2,2,1.791,6,1
5,5,4,2,0.0,7,5,0.446,1,1,3,0.0,-1.502,5,0.0,3,6,0,0,0,-1.025,5,1,0,0,7,7,1.339,2,-4.617,0,0,7,3,3,0,4,5,-0.169,6,0
3,5,1,7,0.0,3,2,-1.401,5,3,0,0.0,-2.319,3,0.0,2,0,2,0,7,-2.357,3,1,6,0,2,2,1.344,4,-2.696,5,1,2,2,2,5,6,6,-1.588,0,0
0,5,0,1,0.0,7,7,-1.017,0,5,6,0.0,-1.388,2,0.0,2,5,0,0,3,0.499,0,2,5,0,5,0,0.95,3,-1.097,0,4,3,7,6,4,4,7,-0.799,5,0
3,1,5,7,0.0,4,4,-1.406,4,6,1,0.0,4.21,1,0.0,5,2,5,0,3,-1.303,0,0,1,0,4,7,1.299,4,0.378,4,0,1,2,6,1,4,2,-0.76,6,0
5,1,5,7,677.07,4,4,0.58,1,6,3,0.0,-1.107,5,21.4,3,5,3,1,7,1.708,1,5,6,0,0,5,0.997,2,1.603,1,5,7,6,4,2,4,3,0.273,7,1
1,3,4,0,0.0,1,0,0.563,1,6,2,0.0,-4.321,7,0.0,5,2,6,0,5,0.003,5,4,2,0,2,0,1.087,4,-1.0,2,6,0,2,0,1,0,5,0.075,5,0
2,0,6,3,0.0,4,7,1.404,0,3,4,0.0,-0.891,0,0.0,7,5,2,0,0,1.972,1,3,0,0,0,3,1.181,4,4.217,1,1,3,3,6,0,2,7,0.585,5,0
3,1,4,7,1440.35,0,0,1.539,5,2,7,0.0,0.741,5,0.0,6,5,6,1,3,0.957,7,3,7,1,3,5,1.379,2,2.952,2,4,4,6,6,7,7,5,1.503,0,1
5,4,3,3,0.0,0,7,-0.848,7,0,0,0.0,-1.254,4,0.0,2,3,5,0,2,0.4,6,5,1,0,6,3,1.011,6,1.363,2,2,7,4,3,0,4,0,-0.874,7,0
7,1,6,7,0.0,6,1,0.909,1,0,1,0.0,0.345,1,0.0,3,6,0,0,0,-0.312,1,1,3,1,0,5,1.459,7,3.072,0,7,5,0,0,3,6,4,0.682,2,1
6,7,2,5,0.0,7,5,0.123,7,7,5,0.0,1.096,0,0.0,0,1,6,0,2,-0.322,2,2,2,0,1,3,1.126,1,-1.676,5,0,3,5,2,1,0,2,-0.335,1,0
4,6,6,3,0.0,6,1,-0.257,6,1,2,0.0,2.437,1,0.0,4,2,6,0,5,3.497,1,0,2,0,0,7,0.667,1,0.445,0,7,0,5,7,6,3,2,0.233,0,0
3,1,6,4,708.26,3,4,2.634,4,7,4,0.0,1.795,6,0.0,4,1,3,1,0,1.183,4,7,5,1,5,5,1.254,0,1.2,4,0,3,7,4,2,5,2,1.102,3,1
0,0,2,6,0.0,2,4,-0.171,5,6,4,0.0,5.086,1,0.0,6,5,4,0,4,1.37,4,3,0,0,5,1,0.887,2,0.474,1,6,0,4,0,5,5,4,-0.252,3,0
5,5,1,4,0.0,6,5,1.285,1,4,5,0.0,0.841,3,0.0,6,5,4,0,1,1.705,5,6,2,0,5,3,0.553,6,-1.793,6,4,2,3,0,2,4,3,0.715,2,0
2,4,7,5,0.0,3,7,-1.281,6,7,7,0.0,-2.922,0,0.0,3,5,0,0,6,-1.021,3,1,7,0,2,5,1.292,4,-0.501,4,5,4,7,6,3,1,6,-1.53,3,0
0,1,6,0,0.0,0,1,0.278,4,2,0,0.0,1.677,3,0.0,4,5,1,0,0,1.338,7,7,7,0,6,1,1.231,6,-0.46,6,1,2,5,3,1,6,2,0.601,3,0
3,7,3,2,0.0,6,7,0.656,2,2,7,0.0,-2.185,7,0.0,2,1,6,0,4,-1.571,3,4,7,0,7,4,0.832,2,1.015,0,0,7,5,6,0,1,4,0.813,0,0
0,3,4,6,0.0,6,7,-1.98,3,2,7,0.0,-0.091,7,0.0,2,4,0,0,4,-1.865,6,4,6,0,3,3,0.594,2,1.367,5,2,3,4,3,0,5,0,-1.786,7,0
7,2,3,0,0.0,4,6,0.637,2,3,1,0.0,-0.197,6,0.0,0,1,3,0,7,-0.281,7,6,0,0,2,1,1.076,5,0.653,5,1,7,4,4,2,6,5,-0.028,3,0
6,6,4,7,0.0,7,4,-0.865,6,1,5,0.0,2.018,2,0.0,0,6,5,0,6,0.547,2,3,7,0,7,5,0.823,0,-1.914,3,3,3,1,5,1,0,4,-0.486,7,0
5,4,0,2,382.0,2,0,0.726,5,6,1,0.0,2.236,6,21.3,0,3,0,1,7,3.493,1,3,0,0,2,5,0.703,5,0.675,2,7,0,1,4,6,3,7,0.565,6,1
7,2,2,1,0.0,6,2,-2.994,2,0,3,0.0,-7.135,0,0.0,0,2,2,0,4,-2.222,0,5,4,0,6,4,0.85,0,0.145,2,1,1,5,5,2,0,7,-1.779,6,0
6,6,0,2,0.0,2,6,-0.198,0,7,0,0.0,0.06,0,0.0,6,3,5,0,1,0.875,6,1,4,0,4,4,1.229,1,-0.683,4,5,2,4,4,5,0,2,-0.685,0,0
3,4,5,1,0.0,6,0,0.339,1,4,4,0.0,-2.188,7,0.0,4,1,1,1,6,-1.453,5,0,2,1,5,7,0.833,5,0.199,1,6,3,1,5,1,6,1,0.564,2,1
4,7,0,1,0.0,7,0,-2.546,7,5,2,0.0,-3.266,6,0.0,6,6,5,0,3,-3.293,1,1,2,0,6,1,0.915,5,-1.926,0,4,6,4,5,5,0,7,-2.691,1,0
1,0,4,0,0.0,7,0,-0.779,4,3,0,0.0,-1.674,4,0.0,1,3,5,0,0,0.099,5,5,5,0,4,0,1.059,7,-0.154,5,1,0,7,6,0,2,0,-1.12,5,0
7,4,1,4,0.0,7,4,0.925,0,7,2,0.0,-2.574,5,0.0,4,7,5,0,1,1.315,4,1,3,0,6,1,1.176,0,-2.025,7,3,4,5,0,1,4,2,-0.185,1,0
4,2,0,5,0.0,7,3,1.835,1,7,5,0.0,3.219,3,0.0,0,3,4,0,2,-0.421,1,0,6,0,7,4,1.23,5,1.249,6,3,6,7,1,5,7,5,0.658,3,0
5,5,5,7,0.0,1,4,0.159,5,3,0,0.0,1.062,3,0.0,6,4,7,0,7,-0.52,6,1,2,0,5,2,1.429,4,1.156,5,5,4,5,0,1,3,0,0.492,4,0
1,3,6,3,0.0,6,1,-0.659,6,5,1,0.0,1.465,5,0.0,3,6,1,0,3,0.673,7,1,3,0,7,0,0.904,4,2.672,2,1,6,4,2,0,2,7,-0.636,5,0
2,7,6,4,0.0,3,1,0.078,7,6,6,0.0,2.147,1,0.0,1,6,6,0,2,0.682,6,1,3,0,1,2,0.641,7,0.944,2,4,7,7,7,2,7,6,-0.551,2,0
4,0,4,3,0.0,5,1,0.213,5,2,3,0.0,-7.555,3,0.0,5,6,7,0,1,0.641,2,3,7,0,0,6,1.25,0,-1.229,3,6,1,2,6,7,5,3,-0.801,7,0
2,5,6,6,0.0,4,7,0.656,3,0,2,0.0,0.994,6,0.0,3,7,1,0,2,0.177,2,4,3,0,4,0,0.827,5,-1.275,1,1,0,1,6,1,0,2,0.903,7,0
5,1,4,2,0.0,1,3,1.185,0,4,0,0.0,2.044,1,0.0,3,6,2,0,5,-1.752,2,3,7,0,2,2,0.976,5,-1.934,6,2,6,6,5,4,2,2,0.572,6,0
4,4,2,6,0.0,2,0,-1.068,4,5,0,0.0,-2.087,2,0.0,4,2,2,0,7,-0.141,5,1,2,0,7,6,1.045,0,-1.307,7,0,2,4,0,5,0,1,-1.685,3,0
4,6,6,7,0.0,5,7,1.115,1,2,6,0.0,2.755,0,0.0,6,7,4,0,3,3.642,5,4,7,0,2,4,0.909,1,1.387,5,6,4,5,1,3,0,5,1.539,3,0
2,1,6,4,0.0,2,6,-1.624,4,1,3,0.0,-2.405,1,0.0,4,0,1,0,0,-2.153,1,3,6,0,7,5,0.949,4,-0.725,7,6,5,7,7,2,1,1,-1.463,1,0
2,5,7,7,0.0,0,4,0.558,4,1,5,0.0,-0.554,3,0.0,7,3,2,0,2,1.127,2,0,3,0,7,0,1.164,2,-0.457,1,3,3,0,0,2,0,3,0.647,2,0
4,2,5,3,0.0,2,6,-0.287,3,3,6,0.0,0.383,2,0.0,6,1,1,0,0,1.09,2,7,2,0,1,1,0.897,3,1.411,6,2,4,6,4,1,1,1,-0.471,2,0
4,3,3,2,0.0,0,3,-0.897,1,3,1,0.0,0.015,7,0.0,4,2,0,0,6,-1.024,5,1,5,0,3,1,1.005,0,-1.587,4,2,5,3,4,1,3,4,-1.147,0,0
2,1,1,7,0.0,0,0,0.856,0,3,3,0.0,2.615,6,0.0,2,2,7,0,2,-1.649,0,6,0,0,6,7,0.569,0,0.851,0,2,0,0,0,4,6,4,1.131,1,0
1,4,0,3,0.0,1,1,-0.139,3,7,1,0.0,2.214,6,0.0,0,5,7,0,3,2.313,2,2,1,0,7,7,0.673,0,0.472,6,3,0,6,3,6,0,2,0.522,6,0
0,7,4,0,0.0,2,0,0.149,4,0,2,0.0,-0.496,4,0.0,3,5,2,0,7,-2.166,5,1,2,0,1,1,1.135,0,0.219,4,0,7,2,4,2,3,1,0.464,6,0
0,2,3,4,0.0,3,2,1.535,1,4,7,0.0,-1.03,0,0.0,4,6,0,0,3,0.773,6,6,3,0,5,7,0.819,5,1.141,1,2,2,5,0,5,7,1,1.352,1,0
5,2,4,6,0.0,7,7,0.602,0,3,1,0.0,-0.651,2,0.0,5,5,6,0,6,-1.527,7,0,4,0,5,2,1.312,7,0.068,1,2,2,5,6,4,0,7,0.893,4,0
3,1,2,0,0.0,7,0,-0.977,3,5,1,0.0,-2.381,4,0.0,4,7,3,0,0,-1.627,6,7,3,0,6,0,0.914,7,-1.247,2,1,5,6,5,7,5,7,-0.689,5,0
5,4,2,0,187.69,7,2,2.429,0,1,5,0.0,0.736,4,0.0,3,5,5,1,0,1.361,2,4,3,0,3,5,1.392,0,2.708,7,7,6,3,6,5,5,4,1.38,6,1
1,5,4,5,0.0,6,3,-1.371,5,1,6,0.0,-0.66,2,0.0,7,1,3,0,6,-1.022,3,0,4,0,4,3,1.091,6,-2.169,2,1,6,5,7,4,2,5,-1.677,5,0
6,2,5,5,0.0,7,7,-1.525,0,2,3,0.0,1.001,1,0.0,0,3,2,0,1,-0.597,3,5,5,0,3,2,1.023,0,-0.99,1,2,0,6,5,0,5,2,-1.138,5,0
5,2,4,6,0.0,5,0,1.138,4,6,4,0.0,2.768,0,0.0,0,2,6,0,3,2.076,3,5,4,0,1,5,0.767,6,1.952,2,6,4,2,2,3,4,6,0.389,3,0
1,4,2,1,0.0,4,5,-0.673,0,6,5,0.0,-0.355,3,0.0,2,0,2,0,1,-1.263,1,2,3,0,7,7,0.94,1,0.429,0,1,5,0,3,7,4,5,-1.044,5,0
3,5,4,6,0.0,1,6,-0.404,7,5,0,0.0,1.972,1,0.0,0,1,6,0,7,-0.099,0,6,0,0,0,5,1.288,5,-1.113,6,2,3,4,4,7,1,6,-0.751,3,0
7,0,2,5,0.0,1,7,-0.862,2,1,1,0.0,-1.251,5,0.0,2,5,2,0,1,-0.21,6,0,7,0,2,2,1.034,2,-1.212,3,1,0,5,3,7,4,6,-0.453,5,0
5,6,1,0,0.0,7,5,-0.466,1,4,0,0.0,-2.353,7,0.0,7,1,0,0,0,0.398,4,7,1,0,5,0,1.172,6,0.319,2,6,3,6,7,1,3,5,-0.922,5,0
5,6,2,7,0.0,4,2,0.459,2,1,0,0.0,-2.459,7,0.0,4,4,2,0,4,0.467,4,2,4,0,7,0,0.903,2,-1.332,7,1,0,4,3,7,4,4,-0.053,7,0
4,7,6,0,1466.69,6,4,2.288,2,2,4,0.0,2.547,4,0.0,3,2,1,1,4,1.042,5,7,3,0,3,0,1.309,0,1.724,5,7,3,3,7,6,4,7,0.699,1,1
4,0,7,0,0.0,2,2,-1.057,4,6,6,0.0,1.93,6,0.0,4,0,3,0,7,-0.036,7,6,0,0,4,3,0.952,3,-2.092,2,7,2,7,2,3,2,0,-0.556,1,0
6,3,7,4,0.0,2,0,-2.204,5,3,5,0.0,-3.322,1,0.0,2,7,4,0,0,-0.571,7,3,5,0,2,1,0.895,5,-0.608,3,0,1,0,1,6,3,0,-1.795,3,0
1,7,7,0,0.0,4,5,-0.571,6,5,2,0.0,-0.352,1,0.0,3,5,7,0,6,-0.471,7,7,0,0,2,0,1.092,7,-1.571,2,1,1,6,2,4,4,6,0.09,6,0
0,1,6,4,0.0,3,0,0.068,2,4,1,0.0,2.103,5,0.0,6,5,1,0,7,1.392,7,3,5,0,7,0,0.884,1,1.242,3,4,2,0,6,6,5,2,-0.417,2,0
2,7,4,5,0.0,4,2,-1.025,6,0,5,0.0,-3.838,3,0.0,7,2,3,0,0,0.368,4,7,5,0,3,0,1.161,2,-2.474,4,2,4,5,0,0,5,1,-0.896,6,0
3,3,0,3,0.0,2,0,-0.501,2,4,7,0.0,-2.874,1,0.0,4,6,4,0,2,-0.195,5,1,4,0,5,5,1.213,6,-2.996,1,4,5,7,0,0,4,5,-0.48,3,0
4,2,7,2,0.0,7,6,0.685,6,1,0,0.0,0.257,5,0.0,0,2,5,0,7,1.694,3,6,5,0,3,4,1.051,5,-0.632,7,2,1,5,1,6,6,1,0.329,5,0
4,5,7,2,0.0,2,0,-0.259,5,1,1,0.0,-0.571,0,0.0,5,2,5,0,3,-0.518,0,6,1,0,2,5,0.845,1,-1.55,2,4,5,0,2,2,3,7,-0.815,0,0
2,2,3,7,0.0,3,1,-0.01,2,4,1,0.0,-1.686,2,0.0,7,3,0,0,3,-2.449,4,6,5,0,5,0,0.807,6,-1.496,7,7,5,4,2,6,6,5,-0.671,4,0
1,5,3,2,0.0,0,5,-1.159,1,7,1,0.0,-5.234,3,0.0,7,0,7,0,4,0.36,3,3,1,0,7,6,1.019,3,-2.957,6,6,0,6,0,3,4,1,-0.839,0,0
7,4,7,1,0.0,1,6,0.036,7,4,3,0.0,5.406,4,0.0,1,4,6,0,6,2.131,7,7,2,0,1,2,0.986,6,1.03,7,6,3,7,6,5,2,0,0.637,1,0
5,5,6,7,0.0,6,6,0.524,3,6,7,0.0,0.784,5,0.0,0,7,2,0,3,1.248,1,7,3,0,6,6,1.435,6,-1.905,3,2,5,5,1,2,7,0,0.889,6,0
2,2,4,1,0.0,3,4,1.664,3,1,1,0.0,2.121,1,0.0,3,5,3,1,5,2.825,6,3,3,1,6,0,1.435,2,2.322,1,2,3,2,3,1,5,7,2.164,5,1
4,5,4,3,575.41,3,6,3.011,2,3,2,0.0,4.528,1,0.0,3,5,6,1,2,-0.196,6,7,6,0,0,0,1.142,3,3.151,4,2,5,5,7,0,3,6,2.018,4,1
7,7,4,2,0.0,6,2,0.61,0,4,7,0.0,3.241,2,0.0,4,4,6,0,0,0.485,6,4,4,0,2,4,0.818,2,2.638,7,4,1,2,7,0,0,0,0.493,5,0
3,0,7,3,0.0,0,7,0.938,4,0,2,0.0,-2.008,0,0.0,5,5,1,0,1,1.207,7,1,7,0,6,4,1.343,2,0.519,7,2,6,0,6,7,0,7,0.395,7,0
1,4,1,7,0.0,5,3,-1.339,1,3,4,0.0,2.08,6,0.0,1,2,2,0,3,-1.454,2,0,2,0,5,2,1.028,5,-0.556,7,3,6,6,2,5,1,1,-0.849,1,0
2,2,0,5,0.0,5,2,-0.648,2,4,4,0.0,-4.992,6,0.0,6,3,1,0,0,-0.023,1,6,5,0,2,1,1.117,6,-2.267,7,4,7,5,2,0,1,7,-0.815,0,0
3,0,6,3,0.0,2,6,-1.336,4,7,4,0.0,-1.631,6,0.0,0,3,3,0,5,-1.846,1,4,7,0,6,7,1.464,1,-0.977,7,4,0,7,1,6,6,7,-1.076,5,0
0,2,5,4,0.0,3,3,0.553,6,1,4,0.0,-0.915,2,0.0,5,1,7,0,0,-0.985,5,0,3,0,3,4,0.876,0,-1.063,1,0,3,2,6,0,3,1,0.46,7,0
6,0,6,4,0.0,0,4,-0.945,1,4,5,0.0,-2.099,5,0.0,3,7,1,0,6,-1.194,2,5,6,0,2,2,1.118,1,1.764,0,1,1,7,0,6,6,5,-1.166,5,0
3,0,0,5,0.0,3,4,0.972,2,6,6,0.0,1.943,1,0.0,0,3,5,0,5,-0.461,4,2,0,0,7,6,0.855,1,1.169,5,3,2,3,3,3,3,6,0.223,2,0
6,1,6,7,0.0,3,4,-3.622,3,5,1,0.0,-2.12,2,0.0,7,3,1,0,6,-2.234,0,2,6,0,4,2,1.1,6,-0.745,5,0,2,7,5,2,4,5,-2.585,3,0
0,1,5,2,0.0,5,0,-1.431,0,1,0,0.0,-1.708,7,0.0,2,4,0,0,2,0.633,2,1,5,0,3,7,1.251,6,-1.942,4,2,1,2,2,0,7,1,-0.159,4,0
2,1,3,6,0.0,4,4,-1.229,4,1,2,0.0,-2.606,6,0.0,2,0,1,0,1,-1.458,0,4,5,0,7,6,1.227,7,-1.293,1,7,0,1,6,6,5,2,-1.688,0,0
0,2,6,5,0.0,4,2,-2.015,4,0,6,0.0,2.565,2,0.0,3,7,1,0,3,-0.341,7,4,2,0,5,0,0.687,0,0.414,4,0,4,0,4,5,5,6,-0.88,1,0
7,2,1,5,0.0,2,3,0.749,7,2,5,0.0,-1.196,0,0.0,2,5,1,0,4,-2.247,6,5,7,0,1,2,1.001,0,-0.005,4,4,0,6,6,7,5,1,-0.323,5,0
0,5,2,3,0.0,7,4,1.264,7,7,5,0.0,4.133,4,0.0,5,7,5,0,7,2.509,0,1,3,0,0,4,0.999,6,4.804,2,1,4,0,0,5,2,6,1.047,2,0
5,5,2,0,0.0,7,5,0.588,3,4,3,0.0,0.762,2,0.0,4,2,7,0,6,0.202,0,7,2,1,0,3,1.329,3,-0.943,0,1,2,2,0,4,1,6,0.811,3,1
2,1,1,5,0.0,7,1,0.254,2,3,5,0.0,-1.804,4,0.0,4,3,1,0,5,1.254,3,3,7,0,4,2,0.743,4,-1.853,4,2,7,2,1,1,0,7,0.273,7,0
0,4,6,3,0.0,3,5,-0.679,4,6,4,0.0,-3.948,2,0.0,0,1,6,0,5,0.944,4,5,5,0,3,6,0.987,6,-2.517,0,2,1,0,3,4,4,2,-0.905,3,0
0,1,0,6,0.0,0,6,-1.411,4,1,4,0.0,2.409,4,0.0,4,4,7,0,4,-2.748,1,5,1,0,6,4,0.942,5,-1.915,2,6,3,4,3,1,7,5,-0.81,3,0
2,1,1,1,0.0,5,2,-1.771,1,2,1,0.0,-2.742,4,0.0,3,2,5,0,7,-0.918,3,2,6,0,0,7,0.913,2,0.07,3,1,1,7,1,0,0,4,-1.006,2,0
1,6,6,0,0.0,6,2,-0.89,5,0,6,0.0,-3.481,7,0.0,5,6,0,0,7,-0.614,2,3,3,0,7,7,1.077,2,-3.139,3,1,0,2,6,4,3,1,-0.604,3,0
3,4,1,4,0.0,0,6,-1.363,6,6,6,0.0,-5.371,1,0.0,3,0,3,0,7,0.547,7,6,3,0,3,1,0.794,5,0.506,6,5,6,7,6,6,6,7,-0.493,7,0
4,0,5,6,0.0,0,0,-1.217,7,3,1,0.0,3.045,0,0.0,5,2,5,0,7,-0.266,6,0,6,0,0,0,0.916,5,-2.022,6,0,7,7,0,0,3,3,-1.055,6,0
3,4,0,4,1274.72,7,5,0.712,5,0,1,0.0,2.479,2,0.0,7,0,1,1,5,0.428,2,0,0,0,2,5,1.179,4,2.589,4,6,4,7,7,7,1,6,0.997,7,1
5,5,5,1,175.23,6,6,1.712,2,1,4,0.0,2.986,2,1.96,6,3,2,1,5,-0.045,4,2,2,1,3,2,1.401,0,0.593,3,4,3,0,1,5,0,2,0.81,6,1
3,4,7,1,0.0,1,2,0.025,3,7,0,0.0,3.665,3,0.0,5,3,5,0,2,-0.957,7,1,2,0,1,0,0.958,7,0.314,7,6,2,1,1,5,3,5,0.448,2,0
3,7,1,5,0.0,1,3,-0.208,2,6,6,0.0,0.315,4,0.0,7,0,0,0,6,-1.119,2,1,4,0,1,7,1.215,7,-0.235,4,5,2,4,1,6,0,5,-0.602,3,0
2,7,6,5,0.0,6,0,1.539,1,3,1,0.0,-1.858,0,0.0,3,7,7,1,7,0.245,4,6,5,1,7,6,0.959,0,1.497,0,6,0,3,7,4,6,2,1.16,2,1
6,5,5,6,0.0,0,7,0.917,6,5,0,0.0,-1.181,0,0.0,7,6,5,0,5,1.565,7,0,2,0,3,2,0.901,3,2.918,0,7,4,0,1,7,1,5,0.659,0,0
7,5,3,2,0.0,7,5,-0.015,7,2,0,0.0,0.507,6,0.0,7,6,7,0,4,2.794,1,2,6,0,1,4,1.568,5,0.908,0,1,0,5,5,0,1,5,0.277,6,0
4,6,3,7,0.0,7,1,0.124,4,1,7,0.0,-2.461,0,0.0,7,3,2,0,0,-1.217,0,4,4,0,1,2,0.772,1,-0.984,7,1,7,1,2,6,4,7,-0.781,3,0
6,7,6,7,0.0,3,3,-0.811,7,7,0,0.0,5.614,2,0.0,1,3,1,0,0,0.462,2,6,3,0,3,6,0.847,0,-1.889,3,1,4,1,0,2,7,7,0.269,3,0
3,0,2,1,0.0,6,7,-1.381,5,3,2,0.0,0.147,1,0.0,0,4,5,0,2,-0.013,1,2,3,0,6,0,0.846,3,-0.089,0,7,6,4,4,4,7,1,-1.042,2,0
1,3,0,5,162.92,2,4,1.599,5,4,7,0.0,-0.18,7,0.0,1,0,2,0,7,1.332,0,2,5,1,5,6,1.374,7,0.38,7,3,5,5,5,1,2,6,1.332,7,1
7,7,6,4,1465.65,5,5,1.135,3,5,6,0.0,-0.807,4,0.0,4,4,7,1,2,0.284,1,5,1,1,3,2,1.316,7,0.349,3,5,3,5,4,2,0,3,1.536,6,1
3,3,3,5,539.4,2,4,1.439,3,0,1,0.0,1.12,0,20.03,6,1,5,0,1,0.409,4,7,0,1,1,0,1.251,1,2.259,7,1,5,4,4,1,6,7,1.882,6,1
2,0,6,1,1159.92,4,3,1.544,0,7,4,0.0,1.384,3,0.0,6,2,5,0,0,3.196,7,2,6,1,7,7,1.09,7,1.143,2,5,7,3,5,7,2,7,0.764,2,1
3,3,3,0,635.18,4,3,1.47,5,0,2,0.0,-1.25,7,0.0,2,3,6,0,0,0.502,2,5,7,1,6,6,1.088,3,-0.276,2,4,3,4,5,6,0,6,1.542,6,1
0,0,7,4,0.0,3,1,-2.246,6,1,1,0.0,-3.112,6,0.0,7,0,2,0,6,-1.526,0,5,4,0,0,3,0.977,1,-1.429,0,2,6,4,0,4,2,5,-2.208,1,0
6,1,1,0,0.0,3,7,-2.05,2,4,5,0.0,-2.105,7,0.0,2,2,1,0,3,-2.577,7,0,1,0,1,4,0.566,0,-2.08,7,4,7,6,3,2,6,2,-0.897,2,0
4,2,7,3,1097.38,1,3,1.273,3,2,3,0.0,2.335,0,0.0,7,6,0,0,5,1.275,4,5,4,1,2,1,1.321,3,-2.355,1,3,4,5,7,3,3,2,1.02,5,1
2,1,1,3,0.0,4,1,1.14,7,3,6,0.0,-0.896,0,16.14,2,0,4,0,7,-0.089,6,1,4,1,7,5,0.921,5,5.009,5,1,1,6,0,2,0,1,1.063,7,1
4,0,3,6,0.0,7,3,0.023,0,5,1,0.0,0.872,2,0.0,5,1,7,0,4,-0.968,3,4,1,0,3,7,1.493,7,-0.905,7,1,7,5,4,2,2,7,-0.205,6,0
5,5,1,2,0.0,2,2,-1.84,1,3,3,0.0,-2.962,7,0.0,4,2,2,0,3,-0.781,5,3,0,0,3,0,0.869,4,-5.062,7,6,3,5,4,2,0,7,-2.297,2,0
1,2,0,7,0.0,0,7,-0.758,1,1,0,0.0,0.609,7,0.0,4,7,0,0,7,0.623,5,2,4,0,2,4,1.195,3,-1.195,7,6,5,0,3,4,7,4,-0.558,1,0
0,1,4,7,0.0,4,6,-2.139,3,0,3,0.0,-4.251,5,0.0,6,2,7,0,0,-1.554,0,3,4,0,6,7,0.975,2,-4.148,3,6,0,0,6,1,0,5,-2.124,5,0
0,7,5,1,2028.58,6,3,2.801,1,6,5,0.0,-1.356,2,0.0,5,3,4,1,1,3.192,0,5,7,1,4,3,1.173,0,3.012,7,2,6,3,2,7,0,1,2.17,5,1
4,0,4,6,0.0,6,3,-1.296,5,3,2,0.0,-2.86,5,0.0,1,3,5,0,4,-0.911,7,4,3,0,5,3,0.783,1,-4.466,5,5,5,7,5,0,1,2,-1.054,2,0
3,2,6,6,0.0,5,5,-2.355,3,4,2,0.0,-2.291,6,0.0,7,2,1,0,6,-1.031,1,3,0,0,1,4,0.872,5,-0.584,7,6,2,2,0,2,0,5,-1.328,0,0
5,5,0,5,0.0,0,5,0.246,2,2,2,0.0,5.024,1,0.0,7,4,1,0,2,1.874,5,3,1,0,6,4,1.006,0,-1.681,6,3,5,7,0,1,2,6,0.121,5,0
7,2,7,7,0.0,7,3,-0.663,6,3,4,0.0,0.481,4,0.0,1,6,3,0,4,0.233,1,3,5,0,1,0,1.175,1,0.652,6,5,0,0,6,6,7,7,-0.894,3,0
4,4,5,4,0.0,4,4,-1.703,3,4,6,0.0,-2.604,2,0.0,2,2,0,0,4,-1.755,7,5,1,0,0,0,0.916,3,-2.703,3,6,5,7,6,3,7,6,-1.794,6,0
3,5,3,7,0.0,3,1,0.773,6,1,1,0.0,2.531,0,0.0,5,7,2,0,6,0.294,4,6,4,0,6,5,1.156,2,2.227,1,5,6,1,7,7,6,3,0.836,6,0
3,0,7,2,0.0,6,6,-1.654,1,4,0,0.0,-0.501,4,0.0,5,0,2,0,4,-1.01,5,3,0,0,7,1,0.933,5,-2.607,1,5,7,6,3,6,6,7,-1.547,6,0
7,1,4,1,0.0,5,7,1.017,7,2,2,0.0,-0.319,2,0.0,3,7,4,0,3,-2.343,6,5,0,0,3,3,0.97,0,-0.305,5,0,6,3,7,2,5,0,0.013,7,0
6,6,3,6,0.0,1,3,0.149,6,2,3,0.0,-1.282,0,0.0,7,2,6,0,0,0.46,7,3,1,0,3,0,1.002,0,-1.352,4,2,5,2,2,5,7,2,-0.758,6,0
5,2,1,4,0.0,0,3,-0.575,3,1,1,0.0,2.884,5,0.0,6,7,0,0,0,-0.342,6,0,7,0,7,1,0.993,7,-4.002,6,1,3,1,5,1,1,2,-1.204,1,0
1,1,2,3,0.0,4,1,0.62,5,1,7,0.0,-2.67,6,0.0,0,4,5,0,0,0.298,4,4,4,0,6,6,1.215,2,-0.421,4,4,3,5,1,7,6,6,-0.053,2,0
3,5,2,3,0.0,7,1,1.438,1,0,7,0.0,0.539,5,0.0,5,1,4,1,5,1.056,2,1,7,0,0,2,1.493,1,2.603,4,6,2,4,6,3,1,0,1.523,5,1
6,7,5,5,0.0,0,2,-0.345,4,1,2,0.0,-3.782,4,0.0,4,3,7,0,4,-0.601,4,1,1,0,1,7,1.205,5,1.978,5,6,5,2,2,4,5,0,0.124,3,0
2,3,7,6,0.0,7,0,-0.286,0,4,1,0.0,1.49,4,0.0,2,0,1,0,5,0.244,2,7,4,0,7,5,1.092,3,1.403,3,3,2,4,1,0,3,5,0.309,5,0
3,3,4,4,0.0,2,0,0.589,4,7,6,0.0,1.588,5,0.0,5,4,5,0,4,0.018,6,5,0,0,7,4,1.037,3,-0.586,1,2,7,1,1,1,4,3,0.925,0,0
5,1,5,7,0.0,7,1,0.354,0,4,0,0.0,1.903,6,0.0,3,5,1,0,6,1.234,5,2,2,0,1,1,0.529,6,-0.309,6,0,7,7,1,3,0,1,-0.673,7,0
3,5,5,6,0.0,4,2,-2.075,5,4,6,0.0,3.655,2,0.0,5,2,7,0,1,-0.818,2,4,0,0,6,7,1.122,5,-2.977,5,3,2,4,2,0,2,0,-1.045,6,0
2,7,2,2,0.0,3,4,0.529,5,7,3,0.0,1.647,1,13.77,7,0,5,1,0,0.05,6,3,4,0,2,6,1.51,4,-0.771,3,7,3,2,0,3,1,7,0.698,6,1
2,3,4,4,0.0,5,4,-1.203,3,3,7,0.0,-1.24,0,0.0,5,5,0,0,4,-0.838,7,2,0,0,2,1,0.65,1,0.129,1,5,6,6,2,7,5,4,-0.755,6,0
7,0,5,2,0.0,6,5,0.129,0,2,7,0.0,1.478,5,0.0,4,3,1,0,5,-2.594,1,1,6,0,3,3,1.019,4,-0.172,0,7,1,6,0,6,7,6,-0.18,0,0
6,5,2,7,0.0,7,7,-1.379,4,1,7,0.0,0.043,3,0.0,1,2,1,0,3,-0.319,1,0,1,0,5,7,1.213,1,0.512,3,4,5,3,4,0,5,1,-1.199,7,0
1,4,1,1,0.0,3,1,1.671,3,5,5,0.0,1.307,1,0.0,4,5,2,0,0,1.019,5,0,3,0,5,5,1.04,2,0.769,0,2,5,0,6,4,5,4,0.56,4,0
1,6,5,7,0.0,1,4,-0.32,7,6,4,0.0,1.909,2,0.0,6,4,4,0,5,-1.159,7,7,2,0,6,7,0.819,6,-0.676,3,6,5,6,4,3,6,6,-0.255,2,0
0,1,4,3,1166.4,4,3,2.078,2,5,7,0.0,-3.773,0,0.0,4,5,1,1,5,2.062,3,4,7,0,6,2,0.668,4,0.167,5,4,4,6,7,4,2,6,0.255,4,1
7,0,3,5,0.0,6,2,-0.076,7,7,0,0.0,0.652,4,0.0,2,7,7,0,7,0.22,0,4,4,0,6,5,0.923,1,1.828,6,4,7,2,3,5,1,6,-0.159,2,0
0,7,5,6,0.0,5,6,-1.144,0,2,0,0.0,-2.22,5,0.0,2,1,5,0,2,-1.123,0,6,1,0,7,2,1.389,1,1.093,0,0,3,7,1,6,0,2,-0.968,2,0
1,0,7,5,0.0,2,1,-1.375,1,2,4,0.0,-5.907,6,0.0,3,2,0,0,4,-0.44,6,3,1,0,0,1,1.116,1,-0.773,7,5,6,6,1,6,2,1,-1.071,1,0
5,5,2,4,0.0,3,0,-1.037,5,3,6,0.0,1.388,2,0.0,5,2,5,0,4,-3.616,3,7,0,0,2,3,0.866,1,0.664,5,5,3,2,0,3,4,6,-1.113,6,0
5,2,2,5,0.0,6,4,-0.879,5,2,1,0.0,-2.706,7,0.0,5,2,3,0,5,0.194,7,3,4,0,4,3,1.154,4,-0.677,0,0,6,1,6,6,6,4,-1.02,3,0
7,2,2,6,2062.11,5,7,1.611,7,5,7,654.16,-1.211,3,0.0,5,5,2,0,5,0.506,7,5,4,1,2,6,1.185,4,1.401,1,5,4,2,1,3,5,6,1.387,7,1
3,4,3,6,0.0,0,5,0.824,2,0,4,0.0,2.324,3,0.0,2,7,0,0,2,0.706,1,5,3,0,2,0,1.002,2,0.124,4,6,6,7,5,4,3,1,0.274,1,0
7,1,1,0,1901.48,1,4,1.799,5,0,7,0.0,3.066,0,0.0,0,0,1,0,5,1.603,5,5,2,1,0,5,0.739,0,-0.354,1,7,0,1,7,5,7,2,1.177,6,1
5,7,6,0,1558.69,2,5,0.358,5,4,5,0.0,-4.629,6,0.0,4,6,2,1,5,1.224,0,5,0,1,5,5,1.061,0,1.255,5,2,1,0,1,0,6,0,0.992,4,1
0,2,1,1,0.0,2,1,-0.007,3,6,7,0.0,-1.593,3,0.0,3,2,4,0,2,-1.722,5,5,3,0,5,7,1.11,5,0.637,0,5,4,2,5,6,7,3,0.481,0,0
3,1,5,4,0.0,0,5,-0.866,1,2,6,0.0,-3.154,1,0.0,1,0,6,1,2,0.995,3,0,2,0,6,6,1.507,4,-1.592,6,3,1,7,7,0,3,2,0.292,6,1
5,3,2,1,68.74,7,1,1.329,6,2,4,0.0,1.438,2,0.0,3,5,6,1,1,1.981,4,0,2,0,3,2,1.111,0,5.774,5,6,4,6,4,6,1,5,1.203,3,1
7,3,7,2,0.0,3,5,0.388,7,0,5,0.0,2.205,1,0.0,5,0,3,0,6,0.617,3,0,3,0,6,6,0.933,0,-1.545,7,6,7,6,4,0,2,3,0.35,6,0
2,6,0,2,0.0,2,1,-0.074,1,1,5,0.0,-0.5,1,0.0,3,2,5,0,6,0.072,2,4,6,0,1,0,1.219,5,-1.914,2,3,4,5,4,1,4,2,0.283,3,0
5,2,0,1,180.47,5,4,1.991,6,0,6,0.0,1.81,7,0.0,7,2,4,1,6,4.08,7,7,0,1,4,3,1.323,5,1.109,1,7,4,4,3,4,6,3,2.431,0,1
4,2,0,5,0.0,2,0,-0.947,0,1,2,0.0,4.97,5,0.0,1,2,4,0,4,-1.104,5,4,5,0,5,7,1.149,0,-1.298,1,2,7,5,3,2,7,7,-0.6,5,0
6,2,0,0,2092.97,2,5,0.873,4,7,4,0.0,0.052,5,0.0,4,3,5,1,1,0.929,4,4,1,1,2,5,1.322,4,-2.015,5,5,6,2,4,2,7,4,1.442,4,1
3,0,2,5,0.0,2,5,-0.297,3,2,3,0.0,2.783,4,0.0,6,0,5,0,7,2.152,2,4,3,0,2,3,1.321,6,-0.552,1,4,7,1,2,6,2,1,0.522,3,0
6,6,7,2,0.0,3,5,0.727,4,2,2,0.0,-1.539,4,0.0,6,2,3,1,6,-0.108,3,0,2,0,5,1,1.012,6,1.677,2,0,7,7,3,6,7,4,1.377,0,1
7,3,5,5,0.0,2,0,-0.975,6,5,7,0.0,-0.543,2,0.0,5,4,5,0,0,1.223,3,6,2,0,6,1,1.336,6,-0.438,0,4,0,1,1,3,0,2,-1.298,3,0
1,4,7,1,0.0,7,7,-1.465,5,2,7,0.0,0.969,0,0.0,6,5,6,0,2,-1.535,4,3,2,0,1,6,0.52,1,-1.19,6,7,5,4,2,7,3,2,-0.807,3,0
1,0,6,0,0.0,7,2,0.412,1,1,5,0.0,5.481,2,0.0,1,1,5,0,0,0.268,5,2,3,0,3,0,1.312,3,0.879,7,4,2,7,0,1,6,2,0.549,5,0
5,0,7,1,0.0,7,4,0.924,0,1,4,0.0,-1.348,0,0.0,2,5,2,0,3,1.079,7,4,0,0,5,1,1.103,0,4.32,6,6,7,2,2,1,4,5,-0.336,6,0
1,1,6,1,0.0,7,1,-0.969,1,6,1,0.0,-0.505,0,0.0,2,1,5,0,6,-0.029,3,1,7,0,7,2,1.272,7,-1.613,3,2,6,1,7,4,4,3,-0.773,0,0
0,2,2,7,0.0,6,2,0.626,6,2,1,0.0,4.297,5,0.0,2,6,7,0,2,1.162,3,1,3,0,7,4,0.9,3,0.772,6,3,1,2,0,7,0,5,1.13,3,0
7,0,7,1,0.0,3,6,0.501,1,7,1,0.0,3.254,1,0.0,1,2,4,0,1,0.691,0,5,4,0,1,0,1.31,0,-0.192,3,2,4,3,2,6,3,5,0.4,6,0
3,5,5,2,0.0,3,4,-0.46,4,4,5,0.0,-1.116,3,0.0,2,4,1,0,4,1.061,7,0,1,0,4,3,1.051,7,-2.718,3,5,3,3,1,7,0,1,-0.562,2,0
1,2,7,6,0.0,3,6,1.216,7,1,3,0.0,5.502,7,0.0,1,4,5,0,3,0.857,0,0,5,1,4,1,1.239,1,-1.196,1,4,1,1,5,7,4,2,0.701,3,1
3,2,2,3,0.0,6,6,-0.975,1,3,3,0.0,0.489,1,0.0,7,4,1,0,4,0.444,2,6,0,0,0,7,0.941,1,0.516,2,0,7,5,7,3,2,6,-0.475,3,0
3,1,7,7,0.0,2,1,-1.206,0,4,1,0.0,-2.263,1,0.0,3,1,4,0,1,-3.654,1,0,7,0,6,7,0.88,2,0.125,2,2,0,5,0,6,5,4,-1.144,1,0
5,2,1,7,0.0,3,5,-2.957,1,0,0,0.0,-6.054,6,0.0,0,0,2,0,2,-3.726,7,5,4,0,3,1,0.839,3,-4.085,5,5,2,4,1,1,0,2,-2.989,3,0
2,5,3,0,479.06,0,0,1.072,5,6,6,0.0,-2.691,5,10.48,5,3,4,0,4,1.733,4,5,5,1,6,1,1.017,7,1.089,6,3,6,6,4,7,7,4,1.163,3,1
7,1,3,2,0.0,2,7,0.671,2,1,4,0.0,3.66,4,0.0,7,6,2,0,4,-0.378,3,4,0,0,2,5,0.736,6,-0.229,7,5,1,5,3,2,0,0,0.579,4,0
7,4,2,3,0.0,4,4,-0.121,6,2,3,0.0,-2.401,5,0.0,6,0,4,0,1,0.026,7,5,4,0,0,1,1.38,6,1.843,0,0,6,1,7,3,3,7,-0.45,7,0
4,6,0,2,0.0,2,7,-1.137,2,0,3,0.0,-1.458,5,0.0,6,1,1,0,1,-1.493,7,0,7,0,6,0,0.989,3,2.535,6,0,5,3,2,2,1,7,0.195,7,0
7,5,0,3,0.0,2,4,1.063,3,2,1,0.0,3.765,5,0.0,2,3,4,0,4,2.678,5,3,6,0,0,0,0.788,7,-0.452,1,1,5,7,4,6,3,1,1.125,1,0
5,7,1,3,0.0,1,6,0.971,4,7,2,0.0,-3.058,3,0.0,0,5,5,0,6,-1.463,0,4,6,0,6,0,1.045,2,1.114,2,6,5,6,3,2,5,4,0.328,0,0
0,1,0,7,0.0,2,2,0.714,5,2,7,0.0,4.914,6,0.0,5,6,4,0,6,1.708,3,2,6,0,4,4,0.814,2,-0.344,7,7,5,1,4,5,5,6,1.204,6,0
0,1,6,0,0.0,6,1,0.019,4,4,6,0.0,2.299,7,0.0,2,0,0,0,6,0.288,2,5,1,0,1,1,1.1,5,-0.081,2,2,7,7,4,4,7,7,-0.736,1,0
6,5,7,5,0.0,3,3,0.956,4,4,7,0.0,-0.82,2,0.0,4,1,3,0,3,-0.117,3,1,7,0,7,2,1.361,1,0.458,7,1,2,7,7,0,0,2,0.339,5,0
7,5,4,1,0.0,3,2,0.309,0,6,1,0.0,-5.154,2,0.0,1,1,5,0,1,-0.331,1,2,7,0,5,7,1.024,6,-0.82,4,2,7,3,5,6,2,0,-0.378,5,0
1,7,7,6,0.0,0,0,0.385,6,3,5,0.0,-3.059,2,0.0,4,1,7,0,0,0.572,7,4,7,0,7,1,1.129,0,-0.65,7,2,6,6,5,4,0,3,0.971,6,0
7,7,3,0,0.0,5,2,0.147,7,2,3,0.0,-1.585,1,0.0,3,7,5,0,2,-1.447,6,3,4,0,1,4,1.158,6,-3.491,4,0,6,6,1,7,6,3,0.041,3,0
0,1,5,0,0.0,0,4,-1.363,7,5,6,0.0,0.064,0,0.0,3,7,0,0,7,-0.26,0,0,4,0,5,0,0.88,5,-3.985,5,3,7,7,4,3,1,0,-1.35,4,0
2,5,2,5,243.76,2,3,1.185,2,6,1,0.0,1.786,6,0.0,5,1,2,0,5,0.263,2,6,0,1,4,0,1.357,6,0.538,4,0,6,5,3,5,2,0,1.282,0,1
7,0,4,6,0.0,6,7,2.418,4,2,1,0.0,0.294,5,0.0,4,3,7,0,1,0.009,0,6,2,0,2,0,0.756,3,0.999,1,5,0,5,7,0,0,5,1.647,2,0
4,3,3,2,0.0,4,7,-0.369,6,2,5,0.0,-4.0,2,0.0,6,7,5,0,4,-1.328,7,0,4,0,4,5,1.139,2,-0.375,4,5,2,3,7,2,4,1,-0.869,3,0
5,5,3,5,0.0,3,3,1.307,1,3,3,0.0,-1.594,0,0.0,1,5,3,0,6,-1.429,7,2,0,0,7,5,0.826,5,0.243,1,5,7,2,6,1,1,3,0.893,6,0
1,2,3,1,0.0,2,0,1.561,3,0,4,0.0,1.179,6,0.0,6,7,2,0,1,2.296,7,5,7,0,1,0,1.004,1,-1.941,3,4,1,1,4,3,0,6,0.726,1,0
5,1,5,1,0.0,7,0,-2.344,3,1,0,0.0,-6.122,1,0.0,2,2,5,0,7,-2.188,2,4,4,0,4,4,0.933,6,-1.22,2,3,0,3,2,4,6,7,-2.594,2,0
7,5,7,7,0.0,0,5,0.404,4,3,4,0.0,-3.978,2,0.0,2,3,0,0,4,-1.365,5,1,7,0,6,1,1.062,6,1.4,2,2,3,4,4,7,0,6,0.058,1,0
2,1,0,5,0.0,6,1,-0.021,2,4,7,0.0,-1.68,0,0.0,7,5,7,0,7,-1.878,1,2,3,0,7,4,0.498,4,-0.312,7,5,5,2,0,0,0,5,-1.343,2,0
3,4,5,5,0.0,5,6,-1.127,3,6,1,0.0,0.248,7,0.0,0,7,0,0,1,-1.688,7,6,0,0,6,4,0.804,2,-3.066,3,0,3,1,6,2,2,7,-1.081,5,0
0,0,7,5,0.0,5,6,-1.28,0,6,3,0.0,-0.717,6,0.0,1,4,0,0,5,0.865,3,6,0,0,4,6,0.965,1,-1.185,7,0,7,7,6,4,2,6,-0.612,5,0
0,5,2,1,0.0,3,6,-0.554,0,6,3,0.0,2.49,7,0.0,4,4,2,0,0,-1.275,7,6,7,0,7,6,1.303,2,-1.113,4,3,3,4,1,6,0,7,-0.833,4,0
5,4,2,3,0.0,5,5,-0.586,7,5,6,0.0,1.139,4,0.0,6,1,7,0,4,-0.015,0,1,7,0,1,7,0.996,7,-2.49,6,7,6,7,3,1,5,1,-1.115,6,0
0,5,2,4,0.0,1,6,0.311,0,1,7,0.0,-0.241,7,0.0,4,5,5,0,4,0.987,5,4,2,0,3,5,1.058,0,2.223,4,7,0,1,2,4,6,5,0.579,2,0
4,0,7,6,0.0,6,5,0.185,3,3,3,0.0,1.69,2,0.0,7,7,2,0,6,-0.426,7,4,4,0,6,4,1.114,5,-2.128,5,3,6,2,0,4,1,0,-0.616,5,0
0,3,1,4,0.0,2,1,1.182,3,1,7,0.0,-1.02,2,0.0,0,6,0,0,6,2.198,4,4,7,0,1,3,0.739,6,6.1,5,7,6,3,4,3,1,5,0.283,3,0
1,0,5,5,0.0,4,4,0.545,1,0,5,0.0,0.09,4,0.0,0,6,4,0,1,0.898,6,4,3,0,1,1,0.918,4,-0.912,7,6,2,6,1,6,2,7,0.518,4,0
3,4,7,5,0.0,4,3,1.034,0,6,0,0.0,1.522,2,0.0,0,6,7,0,7,1.929,0,4,7,0,0,0,0.706,6,-0.412,2,4,5,3,1,4,5,2,1.645,2,0
2,3,6,4,0.0,2,2,0.236,3,6,6,0.0,-1.311,7,0.0,2,0,4,0,1,0.668,5,7,0,0,2,3,1.054,7,1.31,7,1,1,3,7,3,2,5,0.315,3,0
4,6,1,6,0.0,3,3,0.511,5,6,0,0.0,4.483,3,0.0,2,1,4,0,3,0.15,6,7,6,0,6,6,0.746,6,0.495,7,7,6,6,6,2,1,6,0.413,6,0
3,5,5,5,0.0,0,3,1.209,1,6,6,0.0,1.411,0,0.0,2,0,0,1,0,-0.995,1,3,6,0,3,5,1.358,1,3.542,5,7,7,5,7,6,0,5,0.803,0,1
1,5,6,6,0.0,1,5,0.647,1,2,2,0.0,-0.459,6,0.0,2,5,2,0,3,1.113,0,7,3,0,7,3,0.758,7,2.138,2,1,5,4,3,1,0,2,0.616,6,0
7,0,1,7,0.0,2,4,0.952,5,2,0,0.0,-0.612,3,0.0,6,1,2,0,7,-0.131,0,4,7,0,4,3,0.804,5,-0.097,0,3,0,4,6,0,0,7,0.698,1,0
0,7,1,2,0.0,5,1,1.454,7,3,6,0.0,-1.155,5,0.0,0,7,4,0,3,0.691,2,3,6,0,0,2,1.193,1,-0.199,2,2,4,3,5,6,4,0,1.104,1,0
6,1,3,2,0.0,6,6,0.181,3,0,5,0.0,-0.612,1,0.0,4,5,0,0,7,-1.607,3,0,4,0,5,0,0.985,7,2.39,2,4,1,7,1,7,6,3,-0.332,0,0
6,6,6,3,118.22,7,3,0.945,0,6,4,0.0,0.41,3,0.0,4,6,3,0,1,2.143,3,4,0,1,1,0,1.24,7,3.606,3,1,1,7,7,2,1,5,1.112,7,1
1,6,7,4,0.0,6,7,0.268,1,2,7,0.0,0.792,5,0.0,3,1,3,0,1,-0.249,0,1,0,0,3,7,0.714,3,-2.917,3,7,3,1,7,6,1,4,0.977,5,0
3,1,7,2,1262.41,7,0,2.826,2,0,6,0.0,1.676,7,0.0,7,5,5,0,4,2.849,5,0,0,1,5,5,1.106,1,2.058,6,3,3,5,5,3,1,7,1.986,1,1
4,1,1,7,0.0,4,7,-0.417,0,3,0,0.0,1.068,3,0.0,4,7,2,0,3,0.318,6,7,2,0,2,4,1.06,7,-0.433,2,0,3,2,2,1,2,1,-0.372,4,0
4,3,1,5,0.0,5,3,-1.673,3,6,2,0.0,-4.297,3,0.0,4,3,1,0,3,-0.732,2,1,6,0,5,6,0.958,4,-2.391,3,7,3,0,5,5,3,4,-1.331,2,0
2,6,7,0,0.0,2,0,0.179,4,5,0,0.0,-0.769,5,0.0,4,6,1,0,2,0.281,4,5,5,0,1,2,0.828,3,0.066,2,4,1,5,1,2,2,6,-0.29,7,0
5,6,5,4,0.0,5,1,-0.346,4,4,3,0.0,2.93,4,0.0,3,4,5,0,7,-0.342,2,5,2,0,1,4,1.076,5,1.908,6,2,1,5,5,6,4,4,-0.549,3,0
5,2,6,3,0.0,1,4,-1.304,1,1,5,0.0,0.687,6,0.0,4,3,0,0,7,-0.554,4,2,7,0,6,5,0.973,3,-2.763,6,3,3,6,5,3,1,4,-0.721,3,0
7,4,0,0,0.0,5,6,-0.735,1,5,6,0.0,-2.201,7,0.0,3,4,5,0,4,-1.713,5,7,5,0,2,7,1.024,2,-1.424,4,1,0,3,6,2,7,2,-0.714,7,0
5,1,4,7,63.87,2,6,2.196,7,3,0,0.0,1.812,6,0.0,2,4,0,0,1,-0.278,6,7,0,1,4,5,1.128,6,1.67,4,4,2,4,7,0,4,7,1.484,6,1
1,3,3,5,0.0,6,4,1.164,5,2,3,0.0,-0.588,6,0.0,5,7,2,0,4,0.904,6,4,4,0,2,3,0.97,3,1.988,7,0,6,1,0,0,5,1,0.245,3,0
3,5,3,2,0.0,6,5,-1.676,0,1,2,0.0,-6.904,0,0.0,3,4,0,0,0,0.659,6,6,3,0,7,0,0.581,3,-1.835,3,5,6,0,6,0,5,2,-1.097,6,0
3,1,2,6,1826.48,5,1,1.684,1,4,4,0.0,-0.654,5,0.0,3,5,0,1,6,1.266,6,3,0,0,6,0,1.304,5,-2.338,2,1,7,5,0,1,6,3,1.27,6,1
7,2,0,5,0.0,4,2,-0.255,7,4,1,0.0,-0.001,7,0.0,1,4,5,0,2,-2.382,2,6,6,0,7,5,1.257,7,-2.833,7,2,0,1,5,2,2,2,-0.392,3,0
1,7,6,2,0.0,3,5,0.336,4,2,3,0.0,0.642,4,0.0,4,0,1,0,6,1.936,2,2,1,0,1,1,0.907,3,-0.383,1,4,4,2,2,0,4,5,0.557,3,0
4,6,4,7,0.0,0,4,1.032,3,4,2,0.0,-0.716,6,0.0,5,7,6,0,3,0.544,1,0,6,0,7,5,1.486,0,4.18,7,1,7,7,4,2,6,0,0.45,2,0
7,1,3,4,0.0,6,6,-0.665,7,7,6,0.0,1.321,3,0.0,0,1,2,0,7,0.19,6,0,3,0,6,2,0.932,6,0.007,6,1,0,3,3,5,2,4,0.255,6,0
1,0,7,4,0.0,2,6,-0.978,7,5,0,0.0,3.293,5,0.0,7,7,0,0,4,0.099,7,6,4,0,5,2,1.203,4,0.881,4,0,5,3,1,2,0,4,-0.365,7,0
0,1,1,6,0.0,7,0,-0.927,0,0,5,0.0,-1.165,2,0.0,4,6,5,0,1,1.993,3,3,2,0,6,0,0.931,3,2.069,2,6,7,4,0,6,5,2,0.397,4,0
6,2,0,0,0.0,7,6,0.59,4,5,4,0.0,-0.35,2,0.0,2,0,4,0,4,2.445,4,5,3,0,5,0,0.903,5,-0.858,2,6,3,0,2,1,1,7,0.105,6,0
0,5,4,4,0.0,4,5,0.256,5,7,0,0.0,1.637,3,0.0,1,7,0,0,7,0.631,4,6,1,0,2,7,1.289,3,-0.734,6,0,7,4,0,6,4,7,0.603,3,0
1,3,4,4,0.0,6,7,-1.525,3,6,3,0.0,0.547,2,0.0,0,7,0,0,5,-0.265,2,6,0,0,7,7,0.829,2,-1.257,0,4,1,0,4,1,7,3,-0.818,5,0
7,3,6,5,313.19,4,2,1.651,0,5,2,0.0,1.254,1,21.18,5,7,3,1,0,1.197,3,6,1,1,4,6,0.993,5,1.738,4,5,0,2,4,0,6,4,1.07,7,1
6,6,6,7,1783.89,6,0,1.4,4,0,4,0.0,2.545,4,0.0,5,6,4,0,4,-0.106,0,4,5,1,1,1,1.088,5,-0.029,0,7,3,2,6,3,2,4,0.405,3,1
2,1,0,0,792.78,0,3,2.286,5,4,4,785.31,3.977,7,0.0,0,6,0,1,3,2.799,4,1,7,1,0,2,1.016,1,2.721,1,3,4,1,0,0,2,1,2.522,0,1
7,5,4,2,0.0,0,0,0.308,4,1,7,0.0,2.594,0,0.0,5,5,2,0,0,0.029,1,0,6,0,3,4,1.147,5,-2.031,4,0,0,6,1,2,0,3,-0.132,6,0
6,6,0,0,0.0,2,0,-0.39,5,7,5,0.0,-2.159,4,0.0,0,3,2,0,2,0.667,5,4,1,0,2,1,1.271,4,-1.385,7,4,5,0,3,2,7,1,-0.146,3,0
5,7,1,7,0.0,0,5,-1.244,6,5,1,0.0,-1.352,1,0.0,7,7,1,0,2,-0.908,0,2,7,0,4,4,1.303,0,-3.175,6,2,7,1,5,6,4,2,-0.489,6,0
4,3,4,5,0.0,3,4,-0.03,1,2,1,0.0,-0.894,4,0.0,6,5,3,0,6,1.527,5,4,0,0,1,5,0.933,2,0.065,2,7,7,1,4,7,0,2,0.163,1,0
7,5,2,1,0.0,1,6,0.656,6,1,2,0.0,-0.37,5,0.0,3,2,3,0,4,2.389,5,2,1,0,6,7,0.891,1,0.145,2,0,4,5,5,1,4,0,1.081,7,0
2,5,1,7,0.0,7,4,-1.371,4,4,0,0.0,-0.806,5,0.0,0,1,4,0,5,-1.671,6,7,7,0,3,1,0.581,6,3.467,4,4,6,5,1,2,3,2,-0.575,6,0
2,0,0,4,969.75,2,1,2.141,2,7,1,0.0,1.369,1,12.72,1,1,7,1,3,0.34,7,5,2,1,4,5,1.147,3,1.658,1,2,6,6,2,4,5,2,1.513,1,1
4,7,4,2,0.0,6,1,0.737,3,2,4,0.0,-2.62,0,0.0,3,6,7,0,2,0.883,7,0,2,0,3,1,0.997,5,3.704,1,4,5,7,0,0,7,6,1.141,4,0
1,3,2,2,0.0,3,2,-0.05,4,4,6,0.0,1.938,2,0.0,3,1,2,0,1,-0.552,6,0,5,0,2,1,1.28,3,1.897,0,6,1,0,7,2,2,6,-0.385,5,0
5,7,3,3,0.0,1,6,-0.327,0,4,3,0.0,2.039,5,0.0,2,7,1,0,6,-0.325,1,6,1,0,0,7,1.246,0,-1.415,5,1,3,0,7,7,2,3,-0.593,5,0
4,1,6,6,0.0,5,1,0.996,4,6,7,0.0,2.578,6,0.0,5,5,4,0,4,0.497,4,4,6,0,2,7,1.118,4,3.099,4,6,5,6,4,7,4,4,-0.777,0,0
2,2,4,0,0.0,5,1,0.265,4,0,3,0.0,-3.935,1,0.0,2,1,4,0,3,0.661,7,2,2,0,6,7,1.098,7,-0.258,6,3,0,4,1,0,7,1,0.217,2,0
7,4,7,5,0.0,2,3,0.22,6,6,4,0.0,-4.742,4,0.0,0,7,0,0,3,1.349,2,5,5,0,2,6,1.064,7,-0.729,6,6,2,3,1,2,3,6,-0.723,3,0
2,1,3,0,0.0,6,3,-0.056,1,4,6,0.0,1.273,6,0.0,3,1,4,0,2,-1.625,3,6,4,0,5,3,0.505,0,-2.324,2,3,2,3,1,3,6,3,-0.612,1,0
6,1,4,6,0.0,0,2,0.433,1,7,6,0.0,-3.969,0,0.0,0,6,4,0,5,0.43,0,2,5,0,1,3,0.822,2,-1.512,2,1,5,4,5,1,3,6,-0.287,0,0
6,4,0,5,0.0,7,1,-0.876,0,1,4,0.0,0.819,0,0.0,2,0,0,0,6,1.785,7,7,0,0,3,6,0.852,0,1.145,7,3,3,2,5,0,4,0,-0.434,7,0
7,5,6,7,0.0,3,0,0.389,0,3,2,0.0,-0.955,7,0.0,0,6,3,0,0,0.096,2,4,6,0,0,2,0.954,4,0.353,2,6,0,3,6,5,6,2,0.852,5,0
5,5,0,0,0.0,3,0,0.885,7,3,1,0.0,0.306,4,0.0,1,4,2,1,4,1.061,3,4,7,0,3,0,0.935,7,0.327,7,6,1,0,0,3,0,6,1.81,3,1
7,5,4,4,1457.91,3,3,1.492,3,4,2,0.0,0.505,1,0.0,7,2,1,1,6,3.161,0,7,4,1,7,3,1.189,0,0.886,3,5,0,0,5,3,6,1,1.316,2,1
4,3,2,1,1970.99,6,7,1.528,2,1,4,0.0,1.53,6,0.0,6,1,1,1,5,0.358,5,1,7,1,1,5,1.092,6,-0.588,0,3,3,3,5,6,3,5,0.812,3,1
7,5,6,6,0.0,6,6,0.481,1,4,2,0.0,0.967,6,0.0,7,6,4,0,6,-1.98,4,4,6,0,1,7,0.902,3,1.857,7,4,1,4,4,7,3,0,0.538,1,0
0,0,1,2,1929.79,1,0,0.875,7,5,0,0.0,3.705,2,0.0,4,0,0,1,6,0.799,4,7,6,0,2,4,0.952,3,0.682,7,0,4,5,5,4,4,1,1.191,5,1
6,1,6,6,0.0,5,0,1.098,0,4,5,0.0,-1.083,2,0.0,6,1,1,0,3,0.122,4,4,1,0,3,3,1.085,5,-0.197,4,7,7,0,7,1,0,4,0.149,4,0
3,3,1,0,1609.29,5,0,0.438,5,3,1,0.0,0.467,6,0.0,6,4,4,1,3,0.024,1,5,3,0,4,4,1.069,3,1.273,5,6,6,7,2,2,7,3,0.808,5,1
6,3,1,5,0.0,3,4,-1.421,4,5,1,0.0,-0.332,3,0.0,2,2,1,0,5,-0.719,1,2,3,0,5,6,1.123,2,0.365,1,2,3,5,2,5,3,5,-1.314,7,0
2,1,0,6,0.0,5,7,-0.374,2,6,4,0.0,0.35,5,0.0,3,3,4,0,0,-1.102,0,4,7,0,3,4,0.423,2,0.634,3,6,0,0,6,5,3,7,-1.044,0,0
6,7,5,1,0.0,0,0,0.897,3,4,0,0.0,0.229,2,0.0,1,7,3,1,0,1.523,6,3,4,1,2,4,1.199,1,2.217,2,3,3,4,6,4,3,5,1.159,7,1
7,3,7,4,0.0,6,0,-1.342,7,3,5,0.0,-3.008,5,0.0,2,1,7,0,7,0.905,5,2,1,0,7,0,1.038,6,-0.152,7,1,0,1,6,7,2,6,-1.2,0,0
6,0,6,4,0.0,4,4,-0.163,3,6,3,0.0,2.583,1,0.0,0,4,6,0,7,-2.279,4,3,5,0,5,7,1.037,0,-1.365,5,0,6,3,7,6,4,4,-0.374,2,0
1,3,7,3,0.0,4,7,-1.931,5,7,0,0.0,-7.225,1,0.0,4,5,4,0,7,-1.919,4,1,5,0,7,5,1.052,1,0.59,6,2,3,5,5,1,1,1,-1.341,3,0
6,2,1,0,0.0,0,2,-1.406,7,7,3,0.0,-1.074,4,0.0,7,3,7,0,5,-1.864,6,5,2,0,3,2,0.917,4,1.204,3,7,4,2,6,7,3,2,-1.374,2,0
2,1,0,6,0.0,1,6,1.014,5,0,4,0.0,1.609,6,0.0,6,5,1,1,0,0.043,3,1,5,0,7,0,1.449,2,0.809,2,0,5,2,5,2,2,7,0.643,1,1
5,7,5,0,1983.51,4,0,1.796,5,1,0,0.0,1.413,5,0.0,4,1,7,1,2,1.95,4,7,1,1,6,2,0.899,5,1.434,0,3,1,5,5,5,3,5,1.937,6,1
3,6,2,4,0.0,0,7,0.274,7,1,2,0.0,1.25,5,0.0,6,0,2,0,1,1.06,5,7,3,0,0,6,1.079,4,0.007,2,3,1,4,5,3,5,1,-0.016,7,0
0,4,0,4,0.0,5,4,-1.424,5,0,1,0.0,0.989,5,0.0,4,2,0,0,6,-1.249,3,7,6,0,6,4,0.766,5,-0.529,6,3,0,4,3,0,3,6,-0.678,6,0
0,6,4,3,0.0,6,5,0.166,3,1,4,0.0,-0.284,6,0.0,4,0,3,0,0,-0.344,6,0,3,0,2,1,0.801,5,-0.011,3,3,1,6,6,5,2,0,-0.444,2,0
3,4,3,2,0.0,0,4,0.04,2,3,3,0.0,0.34,2,0.0,5,6,0,0,2,1.318,0,4,0,0,5,0,1.201,1,-0.673,7,5,5,1,7,6,0,3,-1.067,4,0
1,6,6,4,0.0,3,3,0.946,4,0,7,0.0,-1.837,1,17.88,7,4,0,1,1,-1.104,3,0,4,0,1,2,1.367,1,1.973,6,0,6,0,7,4,2,5,0.929,1,1
2,5,5,4,0.0,4,0,0.195,2,1,2,0.0,-1.097,0,0.0,7,3,3,0,4,-0.195,7,5,4,0,3,4,0.911,4,-0.761,4,3,5,5,5,5,4,2,-0.685,6,0
2,0,0,4,0.0,6,2,-0.081,0,4,5,0.0,1.322,2,0.0,0,0,6,0,1,2.008,2,2,7,0,3,3,1.069,5,1.878,4,3,4,5,3,6,7,0,0.267,6,0
0,7,2,6,259.28,2,6,0.131,1,0,2,0.0,-1.239,5,0.0,3,6,7,1,7,0.883,6,3,0,1,3,0,1.375,5,0.524,2,6,1,7,4,0,0,5,1.05,4,1
0,6,1,7,0.0,2,4,-0.177,3,4,1,0.0,4.658,2,0.0,2,7,2,0,3,-0.575,1,0,2,0,1,3,0.844,5,-0.678,0,0,1,7,2,5,1,3,0.73,3,0
5,5,6,7,0.0,7,5,-0.795,4,7,3,0.0,0.865,5,0.0,7,2,1,0,7,-0.451,7,6,0,0,2,2,0.861,1,-0.018,0,0,2,0,6,5,7,3,-0.367,0,0
0,7,4,7,0.0,6,4,-1.461,5,1,3,0.0,0.264,7,0.0,4,3,3,0,6,1.045,6,0,2,0,1,6,0.91,3,-2.924,2,2,7,2,1,0,7,6,-0.647,5,0
0,5,5,7,0.0,1,0,-0.533,1,0,2,0.0,1.763,1,0.0,3,3,5,0,5,0.188,2,3,2,0,0,7,1.085,0,-2.511,2,7,6,2,5,1,0,1,-0.043,6,0
0,2,7,3,0.0,6,2,-0.156,4,0,2,0.0,-1.966,5,0.0,3,0,5,0,6,-0.287,3,0,5,0,5,7,0.902,0,-1.416,2,0,3,3,2,3,6,0,-0.497,0,0
6,6,4,5,0.0,0,1,0.554,1,2,5,0.0,0.859,2,0.0,6,4,1,0,7,1.701,1,3,3,0,2,0,1.253,6,0.715,6,1,1,7,5,7,2,3,-0.271,4,0
0,0,3,7,1571.54,0,7,1.081,5,5,6,0.0,-4.124,3,0.0,4,3,5,0,7,-1.138,4,0,4,1,0,0,1.344,0,0.35,5,4,3,7,6,7,1,2,0.972,0,1
6,6,0,1,0.0,6,3,-0.947,0,6,7,0.0,-2.037,7,0.0,1,1,4,0,5,-2.184,3,4,2,0,0,5,0.877,4,-1.905,7,4,5,7,0,7,2,0,-1.11,7,0
3,0,1,2,0.0,0,6,-2.433,3,3,4,0.0,-1.828,5,0.0,0,3,3,0,3,-3.59,4,7,0,0,5,6,1.162,3,0.72,4,6,1,2,2,5,2,4,-2.069,6,0
1,1,3,6,0.0,6,4,0.885,7,6,4,0.0,-0.237,6,0.0,0,5,2,0,4,1.131,3,5,4,0,7,5,1.146,7,-0.6,3,6,6,2,2,5,6,6,0.766,1,0
0,5,3,0,0.0,2,1,-1.288,6,3,2,0.0,-6.796,7,0.0,1,1,5,0,6,-2.319,6,0,5,0,4,0,1.251,2,-0.806,2,1,0,3,7,7,2,5,-0.808,6,0
0,4,4,6,0.0,0,6,-1.424,5,1,1,0.0,2.09,0,0.0,4,1,5,0,4,-0.198,7,4,5,0,0,1,0.951,0,0.774,3,4,4,2,2,2,0,5,-0.09,4,0
0,1,0,3,879.11,4,0,1.583,1,6,1,0.0,2.277,3,0.0,7,0,0,0,4,-0.186,2,6,3,1,0,5,1.077,0,1.387,6,4,5,0,1,5,5,2,0.372,3,1
6,6,4,5,0.0,5,3,-0.231,5,3,5,0.0,-0.992,3,0.0,6,0,7,0,6,-1.328,1,1,4,0,1,7,0.924,3,2.192,2,1,3,7,3,3,5,1,-0.534,2,0
2,3,7,6,0.0,5,5,-2.294,1,4,0,0.0,-1.422,2,0.0,5,6,0,0,3,-2.917,5,1,5,0,0,1,1.092,4,-5.611,1,7,6,3,3,0,3,6,-2.522,4,0
6,0,6,3,0.0,6,1,-1.176,4,3,5,0.0,-2.909,7,0.0,2,1,7,0,5,-2.914,0,0,4,0,1,0,0.49,6,-0.969,7,7,6,6,7,0,4,1,-0.659,4,0
7,3,3,6,107.75,5,2,1.104,4,6,1,0.0,6.805,7,0.0,7,4,6,1,1,0.413,3,6,7,1,4,3,1.113,4,0.967,7,0,2,6,5,7,5,1,1.2,1,1
6,4,3,0,0.0,0,0,-1.314,3,6,1,0.0,-1.515,2,0.0,7,6,1,0,6,1.712,5,1,5,0,5,5,0.764,2,-2.267,1,2,2,2,6,7,6,7,-0.759,4,0
6,6,7,3,0.0,5,7,-1.81,4,5,6,0.0,-3.842,6,0.0,3,7,6,0,7,-2.17,4,0,7,0,4,1,1.106,4,-0.593,6,7,1,5,6,4,0,4,-1.887,3,0
6,7,4,3,729.06,1,7,1.122,3,5,2,0.0,-2.387,1,0.0,4,4,1,0,3,-0.112,1,5,6,1,2,2,1.483,1,-1.82,2,3,5,1,2,6,3,0,0.898,4,1
5,2,3,0,0.0,2,6,0.824,3,7,0,0.0,1.688,3,0.0,3,2,1,0,3,0.397,3,5,6,0,6,1,1.069,2,4.098,0,2,6,4,7,7,1,1,-0.272,0,0
6,2,7,6,0.0,2,6,-0.692,0,7,7,0.0,-0.309,6,0.0,5,7,3,0,5,-1.789,1,2,4,0,5,5,0.965,2,-1.103,2,4,1,7,4,0,4,2,-0.573,1,0
0,7,4,0,1371.38,7,7,-0.374,7,6,5,0.0,0.984,7,0.0,1,3,3,1,1,1.635,7,3,5,0,6,0,1.161,0,-1.204,1,5,1,0,0,0,5,2,0.416,7,1
6,4,6,4,0.0,0,2,0.893,0,4,5,0.0,1.431,1,0.0,7,0,0,0,2,-0.647,7,7,5,0,2,4,0.888,4,0.929,4,5,5,4,5,1,7,0,0.204,4,0
0,2,4,3,0.0,0,2,1.256,5,1,5,0.0,-0.312,3,0.0,4,2,3,1,2,0.252,4,2,7,0,6,5,1.082,5,-1.3,6,6,2,2,4,1,6,1,0.654,1,1
3,6,5,4,0.0,7,2,0.427,1,6,2,0.0,-2.135,0,0.0,3,5,1,0,5,-0.911,3,4,5,0,5,6,0.835,2,3.244,6,6,4,6,7,1,6,0,0.08,4,0
4,5,4,4,0.0,1,0,0.143,6,6,3,0.0,-0.433,0,0.0,0,4,1,0,1,0.703,0,6,5,0,4,5,1.126,5,-0.649,4,7,5,1,0,3,2,4,-0.333,1,0
1,2,1,7,0.0,2,4,1.044,2,5,4,0.0,0.616,6,18.96,3,7,5,0,5,1.826,0,6,7,1,4,3,1.31,6,0.099,1,5,5,3,7,0,1,7,1.199,4,1
7,0,3,0,0.0,7,0,-0.384,4,4,0,0.0,-1.194,5,0.0,5,4,1,0,5,-0.159,4,2,2,0,2,0,0.786,1,0.383,2,0,5,0,0,4,7,7,-0.723,1,0
6,5,2,2,0.0,4,2,0.255,2,1,0,0.0,-1.732,1,0.0,0,6,3,0,7,-0.092,4,6,4,0,1,7,1.069,5,-0.023,7,4,1,2,3,0,3,1,-0.071,0,0
7,0,1,7,0.0,1,2,0.716,2,3,3,0.0,0.071,2,0.0,6,2,2,0,5,-0.978,3,2,1,0,6,7,1.109,7,-0.555,4,0,3,1,5,1,7,3,0.173,7,0
3,5,2,4,0.0,7,2,0.456,4,5,4,0.0,2.621,4,0.0,2,7,7,0,0,0.758,1,0,4,0,4,4,0.785,4,2.48,5,3,0,2,5,5,2,3,0.19,1,0
6,6,1,1,0.0,7,3,-0.952,1,2,7,0.0,0.914,5,0.0,7,4,2,0,3,-0.859,0,1,2,0,3,0,1.034,7,-3.075,2,0,7,2,2,7,0,1,-1.734,5,0
3,1,4,1,1836.06,5,2,1.683,6,4,7,234.88,0.562,0,0.0,5,1,2,1,7,0.769,1,0,0,1,0,4,1.331,6,3.907,0,7,0,1,1,6,2,7,1.662,3,1
4,5,4,4,1494.13,5,6,1.056,5,1,3,0.0,0.481,1,2.42,1,5,6,1,1,0.624,5,7,5,0,2,2,1.001,6,2.323,1,7,2,5,1,7,6,2,0.645,5,1
4,5,7,7,2037.62,0,2,1.244,5,2,4,487.99,-0.184,2,0.0,7,6,2,1,2,2.315,1,7,0,0,5,4,1.391,0,1.94,0,5,1,7,0,5,2,1,1.059,0,1
1,1,1,5,0.0,2,3,-0.715,6,4,1,0.0,-4.167,6,0.0,1,4,6,0,3,-3.851,4,6,5,0,5,1,1.045,6,-2.218,4,3,7,2,3,3,1,3,-1.849,7,0
7,1,1,1,0.0,5,3,-0.122,1,2,3,0.0,1.38,4,0.0,2,5,1,0,3,-2.782,5,5,7,0,2,5,1.089,7,-0.029,4,4,2,4,4,7,2,7,-0.283,7,0
4,1,3,6,0.0,7,7,-1.604,6,7,6,0.0,1.095,0,0.0,7,0,6,0,7,-2.285,1,7,2,0,0,6,0.906,0,-0.456,3,5,1,6,4,6,3,0,-1.937,1,0
6,2,3,6,0.0,2,7,1.023,0,3,2,0.0,1.657,2,23.23,6,5,0,0,0,1.118,7,5,2,1,6,7,1.208,5,3.015,4,1,6,1,1,2,0,1,1.349,3,1
7,2,7,1,0.0,3,5,-0.925,6,6,5,0.0,4.144,3,0.0,5,0,3,0,3,-1.737,5,5,4,0,2,2,0.748,6,0.825,6,0,1,2,4,4,5,5,-1.327,2,0
2,0,4,5,0.0,3,6,-0.947,3,2,0,0.0,2.279,1,0.0,0,3,4,0,3,-0.709,2,7,7,0,6,4,0.849,2,-0.781,7,1,3,7,1,1,6,0,-1.268,5,0
7,4,7,1,0.0,4,1,0.459,3,1,5,0.0,-0.114,4,0.0,5,6,7,0,3,-2.694,7,0,4,0,2,2,0.987,5,3.351,2,3,2,5,5,5,7,3,0.517,6,0
3,2,6,4,0.0,1,2,-0.785,0,7,2,0.0,-2.777,4,0.0,2,5,6,0,4,-0.551,2,3,0,0,1,6,1.009,2,-0.586,5,1,4,6,4,3,3,7,-0.353,2,0
2,3,7,1,0.0,1,4,-0.089,3,3,3,0.0,-4.152,4,23.41,4,4,2,0,7,0.336,1,3,0,1,3,2,1.231,1,-1.743,6,0,3,5,4,4,2,6,0.863,7,1
3,7,5,2,96.55,5,1,-0.232,4,1,0,0.0,1.958,5,0.0,0,2,7,0,1,-0.246,3,6,3,1,4,3,1.213,1,0.953,1,3,4,6,2,4,5,2,0.325,6,1
5,0,5,4,0.0,5,7,-0.886,3,1,6,0.0,-0.738,7,0.0,3,5,2,0,2,-0.526,6,5,2,0,0,2,1.09,5,-1.995,1,7,6,6,5,6,6,3,-1.894,2,0
3,1,1,5,0.0,4,0,-0.102,6,1,4,0.0,0.655,1,0.0,3,6,7,0,0,-1.302,7,5,2,0,1,5,0.975,1,1.04,0,7,2,7,7,4,5,3,0.537,1,0
2,6,0,3,0.0,6,5,0.705,3,3,2,0.0,-1.239,0,0.0,4,3,0,0,1,-0.34,2,4,7,0,5,3,1.432,0,0.339,0,6,4,6,3,2,6,2,-0.16,6,0
5,4,1,6,0.0,4,1,-0.906,2,5,7,0.0,-1.685,6,0.0,1,6,3,0,1,-0.404,5,7,4,0,3,5,0.83,0,0.887,0,0,2,6,1,5,4,4,-0.307,2,0
1,0,3,7,0.0,1,3,-2.323,3,5,3,0.0,-3.279,2,0.0,4,2,5,0,0,-0.658,5,7,2,0,2,4,0.806,5,-4.613,4,3,4,1,3,0,3,5,-1.973,0,0
7,0,5,1,0.0,4,5,-0.198,5,1,4,0.0,-1.191,7,0.0,2,5,3,0,7,-0.045,3,3,4,0,2,0,1.017,4,-0.252,1,5,5,2,1,5,5,0,-0.567,3,0
2,5,0,3,0.0,7,7,0.124,5,6,7,0.0,-1.414,2,0.0,5,1,0,0,2,2.396,0,1,0,0,2,7,0.916,6,-0.382,7,7,1,3,2,7,2,3,0.206,0,0
1,1,4,0,0.0,7,6,-0.32,7,5,7,0.0,1.233,0,0.0,5,5,3,0,2,2.432,4,4,0,0,6,4,1.023,5,0.955,5,5,1,2,2,5,1,7,0.398,5,0
4,4,3,3,761.16,6,2,0.558,4,7,5,0.0,-0.413,2,9.96,5,6,3,0,4,0.137,1,0,6,1,2,5,1.626,4,-0.215,5,4,0,2,2,6,0,6,0.423,6,1
7,4,7,1,0.0,1,3,-1.047,6,7,6,0.0,4.781,6,0.0,2,6,5,0,6,-2.58,5,4,5,0,1,1,0.948,4,-1.262,7,2,6,2,2,4,3,0,-0.969,1,0
6,2,2,5,0.0,5,6,0.747,5,1,3,0.0,2.213,4,0.0,4,6,6,0,4,1.787,2,3,0,0,2,3,0.67,7,1.039,6,5,6,3,0,5,5,7,0.579,2,0
1,5,3,2,0.0,4,3,-0.37,3,7,0,0.0,-3.968,5,0.0,0,1,1,0,0,-0.317,1,6,1,0,6,0,1.064,4,1.032,0,0,5,7,4,3,4,0,0.112,5,0
0,6,6,4,1832.03,2,6,1.808,5,6,2,0.0,-1.78,4,0.0,1,4,7,0,2,1.933,2,2,5,1,6,6,0.995,5,-1.517,4,1,2,4,7,7,1,5,1.389,3,1
1,4,3,1,0.0,4,5,0.257,0,2,3,0.0,-0.31,0,0.0,2,7,2,0,4,1.011,2,7,4,0,6,7,1.243,2,3.229,0,7,0,1,1,5,0,6,-0.738,1,0
3,5,5,5,0.0,2,7,-0.331,2,3,0,0.0,1.493,3,0.0,5,1,2,0,6,-0.864,4,5,2,0,4,6,1.189,0,1.381,1,2,5,0,4,2,4,7,0.188,3,0
2,6,7,5,0.0,0,0,1.077,3,2,7,0.0,4.576,7,0.0,1,5,5,1,1,-0.474,2,2,2,1,0,5,1.075,4,1.25,5,2,0,3,4,2,7,0,1.947,3,1
2,6,3,4,0.0,7,3,0.159,4,2,0,0.0,-3.237,6,0.0,4,0,2,0,7,-0.175,3,7,0,0,3,3,1.157,0,-2.141,0,1,7,5,2,2,7,3,0.299,6,0
2,1,7,3,0.0,2,0,-0.358,4,0,7,0.0,1.666,2,0.0,1,5,0,0,0,-1.481,2,0,3,0,1,1,0.968,2,-1.342,6,2,5,3,3,3,0,4,-0.539,1,0
2,7,1,5,0.0,1,7,-0.125,3,2,0,0.0,-1.012,5,0.0,6,4,1,0,3,0.295,1,7,6,0,3,7,1.36,4,2.563,0,2,2,6,2,2,6,1,-0.494,5,0
0,2,1,1,0.0,2,7,-0.443,4,5,7,0.0,1.036,2,0.0,0,2,1,0,2,-1.65,1,0,7,0,2,7,0.882,2,-2.684,1,3,7,6,6,7,7,7,-0.581,1,0
7,1,1,7,1493.59,1,2,-0.576,0,2,1,0.0,6.268,4,0.0,7,2,4,0,2,-0.229,2,6,2,1,1,4,1.371,7,2.363,7,6,3,4,5,3,4,1,0.425,7,1
5,5,1,5,0.0,1,1,-0.529,6,2,0,0.0,-0.734,1,0.0,0,3,1,0,5,-0.247,2,7,3,0,2,4,1.023,1,0.793,5,6,0,3,2,2,0,1,-0.098,0,0
0,3,5,5,0.0,1,7,0.791,3,0,6,0.0,-1.572,3,0.0,7,1,6,0,4,1.36,2,5,5,1,1,3,1.178,0,1.386,4,7,0,7,0,0,7,2,1.117,7,1
0,6,6,6,0.0,2,1,0.26,2,6,6,0.0,-0.952,6,0.0,3,2,0,0,2,1.871,0,1,5,0,6,3,1.359,4,-3.806,5,3,4,2,6,6,4,7,0.502,6,0
3,7,2,7,0.0,6,1,-1.341,2,4,3,0.0,-2.236,2,0.0,7,0,4,0,0,-1.751,0,2,3,0,5,1,1.047,2,-1.345,2,4,0,3,1,4,4,7,-1.191,2,0
7,4,4,0,0.0,1,5,1.147,7,2,3,0.0,-0.409,3,0.0,6,2,4,0,0,0.611,4,2,5,0,5,6,1.498,2,0.674,3,5,1,3,6,7,0,4,-0.07,2,0
6,4,0,1,0.0,0,3,0.124,4,6,3,0.0,-2.681,1,0.0,2,0,3,0,4,0.59,7,0,6,0,6,6,1.002,6,-1.105,5,2,5,5,0,7,7,4,-0.337,4,0
0,0,6,6,0.0,5,5,-1.547,6,1,6,0.0,1.552,6,0.0,7,7,4,0,6,-2.405,7,6,6,0,7,7,1.234,5,-0.286,0,0,0,1,4,0,7,1,-1.095,2,0
4,3,0,1,353.15,3,0,1.789,1,5,2,0.0,2.702,0,0.0,3,4,7,1,4,1.184,7,7,5,1,0,0,1.026,0,-2.002,7,6,6,6,3,1,2,3,1.057,6,1
0,1,0,0,0.0,7,4,-0.39,7,4,4,0.0,4.38,7,0.0,4,0,3,0,7,0.015,4,3,2,0,6,6,0.912,1,-0.758,0,5,7,0,1,7,6,5,0.098,0,0
3,3,7,7,0.0,6,3,-0.324,2,3,7,0.0,-2.158,3,0.0,3,2,4,0,6,-1.356,7,5,6,0,3,0,0.851,5,-1.854,5,5,0,7,5,6,7,6,-0.359,5,0
5,4,4,7,0.0,1,1,0.417,7,3,5,0.0,2.868,1,0.0,4,5,3,0,2,0.233,5,1,6,0,3,3,0.868,7,-0.302,0,0,1,2,0,7,3,4,-0.24,2,0
0,3,6,1,0.0,3,5,0.335,6,5,0,0.0,0.379,5,0.0,1,3,2,0,1,0.618,1,2,3,0,4,4,1.074,6,2.873,4,6,4,2,7,6,7,0,1.336,5,0
3,7,0,6,0.0,2,7,-2.349,5,4,1,0.0,-4.244,6,0.0,1,1,0,0,2,0.218,0,5,5,0,7,1,1.149,2,-1.306,3,6,2,0,0,5,7,3,-2.472,0,0
7,4,7,1,1151.61,2,0,0.488,2,6,6,0.0,1.973,7,0.0,4,7,4,1,2,-0.134,2,0,2,0,1,6,1.538,2,3.428,2,3,6,7,6,5,3,7,1.47,5,1
4,1,6,2,1465.12,0,7,0.702,3,4,4,0.0,-2.234,2,0.0,3,1,7,1,6,0.51,4,3,0,0,5,4,1.084,4,0.859,1,4,3,4,1,5,7,0,1.029,3,1
7,0,2,5,74.94,0,4,1.796,4,0,4,0.0,3.195,7,0.0,2,4,4,1,1,3.08,5,4,0,1,2,5,1.023,5,2.464,1,2,1,3,3,6,0,0,1.451,4,1
1,1,7,0,0.0,7,2,0.141,3,6,6,0.0,0.504,0,0.0,4,2,7,0,6,0.709,3,4,2,0,1,2,1.291,7,-1.903,3,6,6,7,7,5,0,6,0.134,2,0
0,2,2,0,0.0,0,7,-1.89,2,0,0,0.0,-1.803,7,0.0,4,3,5,0,6,-0.765,2,4,1,0,4,6,1.083,3,0.281,2,5,5,6,7,1,0,2,-1.218,0,0
1,4,0,1,0.0,6,4,-0.503,6,5,0,0.0,-0.261,4,0.0,4,6,6,0,1,0.11,7,7,5,0,6,3,0.554,7,-1.792,7,6,5,6,4,0,5,5,-0.748,4,0
0,2,7,4,0.0,5,6,0.23,4,4,6,0.0,1.688,2,0.0,3,4,6,0,0,-0.39,0,3,1,0,2,5,1.071,7,2.534,7,0,1,7,4,0,4,3,-0.065,4,0
2,5,7,0,0.0,1,5,-0.313,0,7,5,0.0,-0.019,3,0.0,1,4,2,0,4,-0.196,1,3,1,0,4,7,1.225,1,2.874,4,5,0,6,7,1,4,6,-0.481,3,0
0,1,3,0,0.0,1,6,-1.049,5,1,0,0.0,0.901,4,0.0,0,3,5,0,2,-0.741,6,0,6,0,5,5,1.104,7,1.094,0,4,3,3,1,3,0,7,0.037,0,0
1,1,3,5,0.0,2,6,-2.131,3,2,6,0.0,-1.948,7,0.0,1,1,4,0,3,-2.622,7,6,5,0,5,4,0.969,0,-2.188,5,5,4,7,3,6,2,4,-1.711,1,0
5,5,7,3,0.0,7,6,-0.485,3,2,6,0.0,0.412,3,0.0,6,7,0,0,3,-0.472,4,1,2,0,5,5,0.691,6,1.402,5,6,5,5,5,4,0,0,-0.336,5,0
6,4,7,6,0.0,4,2,-1.5,5,5,4,0.0,-2.271,0,0.0,2,5,5,0,4,-1.435,2,5,1,0,6,3,0.73,4,0.367,2,2,5,2,3,0,6,7,-1.712,4,0
4,2,5,0,0.0,6,5,0.34,2,6,7,0.0,-3.213,3,0.0,3,1,1,0,6,1.651,0,4,1,0,6,1,1.32,0,-0.896,5,4,3,2,0,2,0,5,0.187,7,0
6,2,0,7,0.0,2,3,-1.767,6,5,6,0.0,-1.304,4,0.0,5,4,4,0,6,-2.198,2,3,3,0,6,5,0.758,2,-1.593,5,1,7,7,6,5,6,7,-1.869,0,0
0,2,6,3,0.0,1,4,0.532,6,6,0,0.0,-0.115,7,0.0,3,7,5,0,4,0.874,0,5,1,0,0,6,1.024,3,3.874,7,1,3,6,6,7,0,4,0.544,3,0
7,0,2,7,0.0,7,2,-0.992,7,7,0,0.0,0.52,3,0.0,0,3,2,0,7,0.076,4,5,0,0,6,0,0.969,5,-0.587,2,3,2,6,7,0,0,7,-0.999,3,0
4,7,4,0,0.0,2,3,-0.021,0,3,1,0.0,-3.519,7,0.0,1,4,5,0,6,0.403,1,3,7,0,0,5,1.123,4,-1.9,2,2,3,2,4,7,1,7,-1.107,7,0
5,2,0,1,0.0,2,5,-0.165,7,4,6,0.0,-2.363,7,0.0,6,3,7,0,6,2.461,7,3,6,0,6,4,0.883,1,0.102,4,4,3,7,4,5,3,2,-0.537,0,0
6,0,6,6,0.0,3,5,0.282,0,0,5,0.0,-1.08,1,0.0,5,5,6,0,6,2.352,2,1,1,0,2,2,1.161,6,1.122,6,2,7,2,1,2,0,2,0.353,3,0
6,7,5,1,0.0,0,2,-1.291,3,1,6,0.0,-0.91,0,0.0,6,4,1,0,7,-2.297,4,2,0,0,0,1,1.046,4,1.042,4,0,1,4,6,3,6,5,-1.424,3,0
2,2,5,3,0.0,3,1,-1.218,1,3,4,0.0,-0.42,2,0.0,6,1,3,0,2,-0.702,1,2,4,0,7,3,0.891,1,-0.37,0,1,0,4,2,0,3,1,-1.523,6,0
7,3,6,2,0.0,7,5,-1.359,4,0,1,0.0,-6.103,5,0.0,4,1,0,0,0,0.001,5,4,6,0,4,5,1.043,7,-1.228,6,1,3,5,4,5,1,6,-1.146,0,0
7,5,0,4,0.0,0,6,0.552,7,3,1,0.0,-2.169,0,0.0,5,5,6,0,2,1.749,0,3,5,1,0,5,1.259,7,0.564,2,6,7,5,3,7,0,1,0.336,5,1
4,3,1,0,0.0,4,0,0.575,0,5,2,0.0,2.518,5,0.0,6,1,4,0,6,-1.433,3,4,6,0,6,4,0.721,1,0.68,0,6,4,2,4,4,5,6,-0.052,2,0
1,0,0,7,1239.43,0,5,1.7,5,5,2,0.0,3.42,6,0.0,5,7,7,0,1,0.766,2,7,3,1,2,7,1.07,0,2.721,7,2,7,7,7,7,3,1,0.985,0,1
5,3,7,1,0.0,5,7,0.114,7,5,1,0.0,-2.304,0,0.0,0,2,3,0,2,-0.576,6,4,1,0,6,4,1.076,1,0.407,4,4,3,0,1,5,6,2,-0.232,1,0
3,0,3,0,0.0,5,1,0.228,1,7,6,0.0,5.256,1,0.0,5,6,4,0,2,1.295,5,4,1,0,5,2,0.927,3,-1.135,1,3,3,7,7,4,3,6,0.553,6,0
5,3,6,5,248.29,2,2,0.962,0,3,5,0.0,3.458,7,0.0,3,0,2,0,1,2.797,0,6,4,1,4,5,0.885,3,-1.126,1,0,2,5,2,6,2,1,1.481,1,1
4,7,1,3,0.0,7,0,-1.272,5,6,6,0.0,-1.154,5,0.0,7,1,0,0,5,-0.247,7,6,0,0,0,6,1.008,1,-2.109,2,7,6,3,1,1,5,2,-1.182,3,0
7,3,5,4,0.0,5,3,0.26,4,0,4,0.0,2.232,6,0.0,1,3,7,0,2,0.228,0,5,2,0,6,2,0.763,5,2.767,4,5,3,4,6,3,1,0,-0.37,6,0
1,6,2,7,0.0,5,7,-0.376,4,7,3,0.0,-2.712,1,0.0,3,2,3,0,7,-0.389,2,4,7,0,2,5,1.175,7,-1.064,6,3,6,3,7,4,3,5,-0.166,4,0
5,1,0,1,0.0,4,0,-0.94,2,2,7,0.0,1.658,5,0.0,3,6,3,0,1,-2.177,4,4,4,0,6,2,0.781,1,1.804,1,1,5,6,5,7,7,1,-0.287,7,0
4,1,3,7,0.0,6,6,-2.968,4,3,3,0.0,-2.915,1,0.0,4,2,2,0,2,-2.295,6,7,5,0,5,7,0.875,0,-1.435,5,0,7,7,2,1,3,0,-2.035,1,0
0,4,7,3,0.0,4,4,0.084,7,4,1,0.0,-2.237,1,0.0,7,0,0,0,3,-2.88,4,6,4,0,7,0,0.933,6,0.751,0,1,1,3,3,2,7,0,-0.287,3,0
4,5,1,0,1689.24,5,0,1.424,1,3,4,0.0,-1.015,3,10.03,2,0,7,0,2,2.033,1,6,5,1,5,7,1.311,7,2.693,7,2,7,1,6,0,6,5,1.269,5,1
6,3,6,3,0.0,5,2,1.048,5,0,1,0.0,1.103,4,0.0,7,0,1,0,1,1.125,4,5,4,0,6,3,1.18,0,0.912,0,7,7,2,1,6,5,1,1.017,3,0
1,0,4,5,0.0,7,6,1.351,4,0,7,0.0,-0.07,4,0.0,6,4,0,1,7,1.035,5,4,0,1,4,2,0.911,5,-0.439,0,1,3,2,7,0,6,5,2.072,7,1
1,2,6,6,0.0,6,5,-1.019,5,1,7,0.0,-1.996,4,0.0,5,5,7,0,2,-0.506,3,7,3,0,5,2,1.081,0,-1.651,2,4,3,4,7,0,6,2,-1.129,4,0
7,5,2,1,0.0,4,3,0.54,5,0,4,0.0,1.765,3,0.0,7,6,6,0,3,-0.148,1,5,1,0,5,6,0.908,2,1.735,0,0,5,7,6,5,2,0,1.429,0,0
0,3,2,3,0.0,5,3,1.494,5,2,6,0.0,0.492,6,0.0,0,2,4,0,0,1.725,5,4,0,0,2,3,1.149,5,0.017,4,2,3,5,5,1,7,3,0.8,2,0
5,4,6,6,0.0,4,2,-0.269,5,7,7,0.0,0.132,4,0.0,4,3,3,0,7,1.65,1,4,7,0,4,7,1.041,4,-0.041,5,5,2,6,3,5,5,3,0.449,3,0
5,0,7,2,0.0,1,4,-0.44,7,0,7,0.0,-1.061,4,0.0,4,4,6,0,3,1.656,0,6,2,0,7,5,1.171,6,-1.434,4,1,2,7,0,7,3,2,-0.941,3,0
0,3,2,4,1810.34,6,3,2.93,6,5,2,0.0,-1.404,2,0.0,1,6,6,1,0,3.009,2,4,1,1,2,7,1.017,3,1.11,4,0,3,1,4,6,7,5,1.765,0,1
6,2,4,0,0.0,5,6,0.64,0,7,6,0.0,-2.498,3,0.0,5,3,6,0,0,2.042,5,5,0,0,0,6,0.652,4,-0.043,3,0,0,5,2,5,0,4,0.684,5,0
7,7,5,3,0.0,1,7,0.319,2,2,1,0.0,2.929,4,0.0,6,2,6,0,2,0.251,6,1,6,0,3,1,1.146,2,0.06,7,1,5,5,7,5,2,5,0.926,6,0
5,3,5,3,0.0,3,5,0.215,7,6,4,0.0,3.915,3,0.0,4,2,6,0,0,-0.302,5,7,3,0,7,1,0.858,4,1.436,3,3,0,1,1,0,1,0,0.095,0,0
6,4,1,0,1581.61,5,5,2.848,2,0,3,0.0,2.267,3,18.09,1,0,0,1,5,2.086,3,0,0,1,5,1,1.478,1,3.584,5,3,0,2,7,4,7,1,2.403,2,1
7,5,2,2,0.0,1,3,-1.59,2,0,5,0.0,0.576,5,0.0,1,4,5,0,2,-0.441,5,1,0,0,4,5,0.871,5,-1.859,3,1,4,5,7,0,2,4,-1.38,4,0
3,7,6,2,0.0,5,2,-0.355,1,7,6,0.0,-0.352,1,0.0,6,4,3,0,2,-0.968,6,1,6,0,2,4,1.116,4,-2.04,1,4,7,0,5,0,6,2,0.22,7,0
4,2,5,1,0.0,2,6,-0.881,3,6,2,0.0,-1.248,6,0.0,2,1,3,0,0,-0.777,3,4,6,0,4,5,1.182,7,2.14,2,5,1,7,7,2,3,3,-0.484,0,0
2,3,5,1,0.0,4,3,1.116,6,2,0,0.0,5.382,1,0.0,2,0,4,0,2,-1.12,1,0,6,0,0,1,0.496,4,1.85,1,3,4,1,2,7,7,1,0.025,2,0
3,1,0,4,0.0,2,1,-0.519,4,6,2,0.0,-2.438,6,0.0,3,4,2,0,0,-0.457,3,2,2,0,5,7,0.95,3,2.485,2,6,0,6,7,0,2,3,-0.089,4,0
2,4,3,5,949.4,1,7,1.034,7,4,1,0.0,-2.228,0,9.14,3,4,2,1,1,2.703,3,5,0,1,5,0,1.23,2,2.784,4,7,0,4,3,0,7,7,1.561,3,1
7,0,7,5,1040.77,3,4,1.702,4,2,7,0.0,6.315,4,4.95,7,4,4,1,5,1.349,2,1,5,0,2,7,1.845,2,0.808,3,3,2,2,6,0,6,0,1.398,0,1
3,3,3,7,0.0,3,3,0.416,0,4,3,0.0,3.142,0,0.0,7,2,4,0,3,1.251,4,3,2,1,1,4,1.325,0,0.624,0,0,0,5,3,5,1,5,0.679,5,1
6,6,4,4,0.0,1,5,-0.459,1,4,5,0.0,1.122,1,0.0,7,5,0,0,4,0.149,1,1,6,0,3,1,1.282,6,0.374,5,4,2,7,6,5,7,0,0.126,2,0
5,1,0,6,0.0,5,1,0.514,6,0,6,571.09,0.235,1,0.0,5,6,7,1,4,1.967,0,1,2,0,3,6,1.162,1,2.19,3,7,2,6,4,0,2,3,0.81,6,1
6,5,4,1,1138.84,0,7,0.548,5,1,5,0.0,2.18,5,0.0,4,3,7,1,4,-1.558,3,2,0,0,7,0,1.082,6,-0.651,0,0,1,5,0,3,6,2,0.697,4,1
7,6,5,3,0.0,3,1,-0.691,6,7,2,0.0,1.191,3,0.0,7,7,2,0,7,-0.426,6,0,3,0,2,0,0.965,2,-1.875,1,2,2,7,6,7,3,7,-0.027,3,0
3,6,4,2,0.0,1,3,-2.105,2,5,0,0.0,0.562,0,0.0,6,6,5,0,2,-2.632,7,7,5,0,3,3,1.342,7,-2.358,4,5,2,3,4,7,6,7,-2.184,6,0
5,3,3,4,0.0,3,2,-0.726,2,4,0,0.0,-0.042,3,0.0,4,5,5,0,7,0.091,3,0,0,0,5,7,0.82,3,-2.756,0,1,0,3,4,5,5,0,-0.578,1,0
3,1,4,2,0.0,5,5,0.189,3,3,2,0.0,0.145,6,0.0,6,4,0,0,5,-2.029,3,4,5,0,7,1,1.008,5,0.025,1,2,0,5,4,3,6,4,0.534,7,0
3,7,6,0,0.0,7,5,0.995,3,1,1,0.0,2.194,0,0.0,7,5,3,0,4,1.394,1,1,5,0,4,7,0.967,6,3.922,4,0,2,3,3,0,7,2,0.936,4,0
1,6,4,7,0.0,2,6,-0.647,7,4,5,0.0,-3.782,6,0.0,7,5,5,0,4,-0.301,2,2,2,0,5,2,0.974,7,-1.325,0,5,2,3,6,2,6,1,-0.912,2,0
1,0,5,0,0.0,0,2,0.176,6,3,5,0.0,1.353,7,0.0,3,7,3,0,6,0.286,3,0,6,0,3,7,1.022,3,0.392,4,3,2,6,7,0,0,1,-0.206,0,0
1,5,5,3,0.0,6,3,-0.478,2,7,6,0.0,0.036,4,0.0,2,7,7,0,2,1.709,6,7,7,0,5,3,0.618,2,-1.78,0,2,2,5,5,6,7,6,-0.009,1,0
1,3,0,7,0.0,3,6,0.302,7,0,7,0.0,-1.434,7,0.0,0,0,4,0,3,-1.734,3,2,4,0,1,5,1.203,2,0.462,6,6,6,6,7,6,2,0,-0.24,1,0
4,1,1,6,0.0,0,4,1.59,5,2,4,0.0,0.22,5,0.0,7,3,7,0,3,0.762,4,4,4,1,5,5,1.163,1,0.252,2,3,7,5,3,1,4,0,0.938,7,1
5,3,3,1,413.32,3,4,-0.036,4,2,4,0.0,2.83,0,11.33,1,1,4,0,0,-0.138,1,5,7,1,4,7,1.375,6,1.303,5,1,7,6,5,1,5,6,0.285,4,1
0,7,0,2,0.0,2,3,0.157,2,7,2,0.0,2.049,2,0.0,1,0,4,0,0,-1.363,6,4,6,0,6,6,1.096,2,-0.528,3,5,3,1,5,0,3,3,0.101,4,0
3,2,7,3,1515.13,7,0,0.518,7,4,2,0.0,2.464,5,0.0,3,6,1,0,5,1.17,6,6,0,1,6,2,1.27,7,-3.053,6,0,5,1,1,0,6,2,0.54,4,1
7,4,0,6,0.0,3,3,-0.94,3,0,2,0.0,-0.588,2,0.0,0,4,7,0,7,2.046,5,2,1,0,3,3,1.05,3,0.984,7,5,4,2,4,7,0,0,0.43,0,0
7,7,0,2,0.0,0,3,-1.398,1,7,5,0.0,0.649,4,0.0,3,7,7,0,4,0.922,1,2,5,0,6,5,1.157,4,-2.152,4,7,4,2,5,4,6,4,-1.25,1,0
6,7,3,1,0.0,3,0,-1.23,4,7,3,0.0,-3.784,1,0.0,5,4,2,0,6,-1.025,3,5,4,0,3,4,1.0,5,0.682,0,0,7,4,1,1,1,0,-1.361,0,0
6,6,1,7,0.0,6,3,0.209,4,1,5,0.0,-1.192,5,0.0,1,7,6,0,5,-2.137,6,7,7,0,7,3,0.961,0,-1.521,1,7,1,0,4,6,6,5,-0.059,0,0
7,6,1,1,0.0,2,3,-1.566,6,6,4,0.0,-1.376,4,0.0,3,4,2,0,7,0.285,4,1,0,0,6,1,0.929,2,2.032,2,4,4,5,1,5,1,6,-0.577,1,0
3,2,0,6,184.57,2,6,1.8,1,0,5,0.0,3.457,7,0.0,7,1,5,0,2,1.529,0,7,2,1,4,2,1.275,2,5.328,0,5,0,2,3,0,4,2,1.403,1,1
3,1,7,7,604.27,5,5,-0.045,1,5,1,0.0,0.045,5,0.0,4,2,6,1,5,-0.769,6,3,1,0,0,0,1.126,2,-2.189,7,2,4,6,1,5,7,5,-0.046,6,1
4,4,7,0,0.0,4,0,-0.379,2,0,7,0.0,2.11,6,0.0,3,4,0,0,2,0.344,2,7,5,0,2,6,0.899,4,-0.632,6,6,2,2,7,6,6,7,-0.013,2,0
4,5,1,5,0.0,4,3,2.246,4,6,6,713.31,5.057,5,4.83,0,7,6,1,4,2.022,4,4,0,1,1,5,1.642,2,5.839,2,0,4,6,4,7,0,7,2.675,4,1
7,2,7,3,0.0,3,7,-0.665,2,2,3,0.0,1.171,2,0.0,2,4,6,0,0,0.767,5,7,5,0,7,1,1.022,7,-1.761,2,3,0,7,5,4,3,2,-0.614,0,0
7,1,0,3,0.0,6,5,-2.027,6,3,0,0.0,0.159,4,0.0,3,0,6,0,4,-3.033,7,6,6,0,7,6,1.116,7,-2.468,3,5,4,0,3,4,1,1,-1.381,5,0
2,1,3,0,0.0,6,3,0.421,0,3,3,0.0,-0.559,4,0.0,6,5,6,0,4,1.909,0,4,6,0,5,0,1.269,3,0.876,0,5,1,4,4,1,0,1,0.903,7,0
3,4,4,5,0.0,5,7,-0.449,7,1,7,0.0,-0.39,2,0.0,0,4,5,0,7,-0.271,3,5,2,0,3,6,0.928,6,-2.341,2,1,6,6,6,1,5,3,0.178,2,0
1,7,0,1,0.0,2,7,0.172,7,1,1,0.0,1.394,4,0.0,2,1,1,0,1,-0.976,5,1,1,0,0,6,1.2,2,0.24,5,2,2,5,4,0,2,0,-0.597,1,0
3,3,3,1,0.0,1,2,-1.409,5,3,1,0.0,-2.172,3,0.0,4,1,2,0,4,-0.899,0,5,4,0,1,7,0.983,1,-1.731,6,6,5,1,0,1,0,1,-1.768,5,0
6,2,5,1,0.0,4,7,-0.05,3,5,5,0.0,3.25,0,0.0,2,2,5,0,1,-0.293,5,5,5,0,4,3,0.781,7,-1.853,1,5,3,5,7,4,2,6,0.372,4,0
4,6,3,7,0.0,7,1,-0.585,0,3,5,0.0,2.607,1,0.0,2,0,0,0,0,-1.584,2,0,7,0,7,6,0.938,7,-2.155,1,3,3,7,6,1,6,0,-0.857,3,0
7,5,4,5,0.0,3,2,0.099,3,6,2,0.0,-2.14,7,0.0,0,1,2,0,4,1.035,4,6,7,0,4,7,1.286,6,-0.153,0,4,0,0,1,0,1,2,-0.108,6,0
6,0,6,6,0.0,3,0,-1.126,7,1,0,0.0,-5.493,6,0.0,3,3,0,0,0,0.763,0,2,3,0,5,6,0.91,4,-0.492,3,4,4,3,0,4,3,5,-0.784,7,0
7,4,7,2,0.0,6,4,-1.248,2,2,0,0.0,0.64,6,0.0,0,5,2,0,6,-0.225,2,0,5,0,1,6,0.812,2,1.604,4,4,6,7,3,3,0,7,-1.723,1,0
6,0,2,6,0.0,0,3,0.027,7,5,1,0.0,2.792,2,0.0,2,6,5,0,5,-2.685,1,1,6,0,3,4,1.003,4,0.605,7,3,0,3,3,3,0,0,-0.092,1,0
3,6,6,2,0.0,3,5,-0.022,1,5,6,0.0,2.317,0,0.0,2,3,4,0,1,2.614,0,2,0,0,4,1,0.662,3,0.225,2,4,1,4,1,0,4,5,0.439,6,0
3,0,7,4,0.0,0,5,0.727,6,3,1,0.0,-3.43,7,0.0,2,1,5,0,7,-1.228,3,1,6,0,6,4,1.231,2,-1.266,7,5,4,0,5,7,2,7,-0.04,5,0
4,5,2,7,0.0,6,6,-0.007,0,3,7,0.0,2.387,2,0.0,5,7,4,0,4,-0.037,3,5,1,0,5,2,1.234,0,-0.072,0,3,0,5,1,7,2,4,-0.133,5,0
2,3,0,4,1742.31,1,7,0.535,3,5,5,0.0,4.113,1,0.0,5,4,7,0,3,0.215,3,3,6,1,3,2,1.291,4,1.521,1,0,7,1,6,2,3,1,0.585,5,1
7,1,5,5,0.0,6,1,0.418,1,7,0,0.0,1.616,3,0.0,0,2,2,0,4,1.307,3,1,4,0,2,6,0.732,5,2.683,2,2,2,7,4,6,7,0,-0.154,3,0
3,3,2,0,0.0,5,2,-1.223,4,3,4,0.0,-0.33,1,0.0,4,3,0,0,1,0.129,7,3,5,0,6,2,0.878,3,-3.161,6,6,4,1,6,7,7,6,-0.682,4,0
5,3,2,5,0.0,6,1,-2.001,0,5,0,0.0,0.711,5,0.0,2,1,4,0,2,-0.167,0,6,7,0,7,0,0.993,7,-0.322,6,6,0,0,5,2,4,0,-1.154,7,0
7,0,4,1,0.0,6,4,-1.508,1,2,7,0.0,-3.422,4,0.0,3,6,5,0,4,-0.866,3,6,1,0,0,7,0.891,4,0.073,1,1,7,7,0,3,3,3,-0.71,7,0
3,7,7,4,0.0,6,3,-3.177,0,2,6,0.0,-5.662,7,0.0,7,4,4,0,1,-1.342,1,6,1,0,2,3,1.085,0,-3.012,5,0,3,4,7,3,5,1,-2.854,3,0
0,7,4,2,0.0,1,4,0.368,5,4,3,0.0,-0.071,0,0.0,2,7,5,0,3,0.145,5,7,3,0,0,1,0.966,3,0.905,7,3,2,7,0,2,0,0,-0.781,6,0
6,6,7,1,0.0,4,5,0.898,3,1,5,0.0,-1.856,4,0.0,5,7,4,0,6,-0.508,6,3,2,0,5,5,1.096,5,-0.159,3,2,2,4,3,1,4,2,1.026,1,0
4,5,0,4,677.16,6,2,0.848,5,5,4,0.0,-0.54,1,10.59,2,1,5,1,4,1.144,2,1,7,1,6,1,1.12,7,-1.032,5,7,7,0,5,4,0,0,1.086,4,1
5,0,5,4,0.0,1,2,0.423,0,6,5,0.0,0.424,2,0.0,6,3,4,0,1,1.272,4,6,5,0,3,1,0.985,0,0.64,1,4,6,3,7,7,7,7,0.704,3,0
4,2,3,6,0.0,2,5,-1.868,4,7,1,0.0,-3.012,1,0.0,4,3,4,0,1,-1.545,7,6,1,0,6,5,1.127,0,-0.992,5,3,5,6,5,1,3,6,-1.02,4,0
2,1,6,6,0.0,1,5,0.461,4,6,3,0.0,0.658,6,0.0,4,7,2,0,1,1.259,1,3,4,0,6,1,1.175,4,-1.866,1,6,6,0,6,1,0,2,-0.601,4,0
5,6,5,5,0.0,7,6,0.835,0,1,3,0.0,-1.732,7,0.0,0,6,0,0,3,0.527,2,1,1,0,2,6,0.861,0,3.278,3,1,5,1,0,1,6,2,0.09,0,0
6,5,6,4,0.0,4,3,0.347,3,3,2,0.0,0.137,1,0.0,3,0,6,0,1,-2.446,6,6,4,0,1,5,0.846,3,-1.625,4,4,6,1,3,2,3,6,-0.369,1,0
3,4,1,0,0.0,1,0,-1.671,3,5,2,0.0,-2.594,3,0.0,6,3,3,0,2,0.874,6,5,1,0,2,4,0.786,3,-3.762,4,7,3,1,6,7,4,6,-0.815,5,0
6,4,0,4,0.0,0,5,1.039,7,2,6,0.0,-1.763,5,0.0,3,2,1,0,7,-0.031,5,3,1,0,5,0,1.353,6,1.285,1,2,5,1,2,4,6,0,0.529,5,0
2,6,1,5,1620.37,2,2,1.664,0,0,5,0.0,0.312,4,0.0,3,7,1,0,3,0.024,4,0,5,1,0,0,1.149,6,1.302,0,0,1,2,5,7,4,7,1.333,6,1
1,1,7,2,0.0,6,3,0.672,4,6,1,0.0,0.757,3,0.0,2,4,3,0,1,0.328,2,4,0,0,1,0,0.769,6,1.738,1,5,5,4,6,4,5,0,0.482,6,0
5,4,4,2,0.0,5,1,0.305,7,4,0,0.0,-4.035,0,0.0,3,4,4,0,3,1.11,1,7,5,0,3,3,0.973,6,0.986,7,0,7,0,6,5,0,2,0.652,4,0
3,0,7,5,0.0,5,5,0.086,2,5,6,0.0,2.338,5,0.0,5,6,3,0,3,-0.317,0,0,6,0,0,6,0.974,4,0.561,6,6,6,7,6,1,2,5,-0.036,4,0
6,7,6,3,1225.03,2,7,2.833,0,1,2,0.0,2.736,6,0.0,4,6,1,1,0,2.571,7,7,4,1,1,6,1.062,3,3.844,2,7,0,0,4,3,1,1,2.788,0,1
5,4,2,5,0.0,5,6,-1.396,1,5,0,0.0,-1.373,1,0.0,6,1,0,0,2,-0.526,2,5,2,0,0,1,1.016,7,0.599,4,5,5,3,6,5,1,0,-0.727,7,0
5,7,2,3,0.0,3,0,-0.393,4,7,5,0.0,-1.12,3,0.0,7,7,3,0,0,-0.677,6,7,4,0,7,7,1.023,5,0.594,0,6,6,2,2,7,6,2,-0.41,0,0
3,4,2,3,0.0,7,6,-0.98,5,6,2,0.0,-2.221,2,0.0,4,2,3,0,1,1.144,1,2,7,0,4,5,0.97,1,-2.63,2,2,1,6,7,6,5,6,-0.366,4,0
0,3,7,2,0.0,6,4,-0.059,0,4,1,0.0,0.466,5,0.0,2,6,5,0,5,-0.685,0,6,7,0,0,3,1.02,4,5.118,1,7,3,0,3,1,3,7,0.331,6,0
3,7,6,1,0.0,3,4,-0.055,5,0,4,0.0,0.634,0,0.0,1,4,4,0,4,-0.587,6,4,2,0,7,2,0.822,1,3.348,0,4,3,7,3,2,0,7,0.144,0,0
4,0,4,7,0.0,3,7,-1.014,2,1,2,0.0,1.433,3,0.0,3,2,7,0,2,-0.878,7,2,6,0,2,4,0.859,7,0.436,6,0,3,1,5,5,0,4,-0.784,5,0
7,2,5,3,0.0,3,0,-0.224,2,7,1,0.0,0.242,3,0.0,4,6,6,0,2,-0.71,1,0,5,0,6,4,0.802,1,1.418,3,4,0,3,3,6,5,4,-0.488,4,0
6,7,5,1,0.0,0,7,-0.26,0,3,4,0.0,-0.408,2,0.0,7,6,7,0,2,0.615,6,3,5,0,6,1,1.228,1,1.757,1,2,3,4,1,7,2,6,0.547,4,0
4,0,1,0,0.0,6,5,1.605,7,2,0,0.0,2.484,5,0.0,2,5,3,0,3,2.326,1,2,3,0,7,5,0.987,3,-3.074,6,7,1,3,3,4,6,7,0.943,1,0
0,2,2,7,0.0,2,7,-1.466,5,6,1,0.0,0.533,3,0.0,6,4,3,0,2,-0.877,6,3,5,0,0,2,1.136,3,-0.756,1,3,0,1,0,2,4,4,-1.67,0,0
6,5,1,2,0.0,3,3,-0.238,5,7,4,0.0,-1.085,0,0.0,5,0,1,0,5,0.377,6,7,0,0,3,0,1.044,7,0.348,1,4,3,7,7,1,5,4,-0.841,4,0
4,7,2,2,0.0,3,6,0.111,4,4,6,0.0,0.171,2,0.0,7,4,4,0,6,1.872,1,3,0,0,7,1,1.006,6,0.228,4,1,2,1,3,3,1,2,0.624,6,0
5,3,1,6,0.0,7,4,-0.825,0,0,0,0.0,1.246,1,0.0,5,2,2,0,4,-0.75,2,7,3,0,4,4,1.221,5,-0.576,4,4,3,3,1,5,5,1,-0.618,4,0
3,2,0,5,0.0,6,5,0.346,2,6,4,0.0,0.855,5,0.0,0,3,5,0,3,1.358,4,4,2,1,0,0,0.749,4,-3.204,6,4,4,7,2,0,4,7,0.2,3,1
6,6,5,7,0.0,3,3,-0.366,2,1,4,0.0,2.319,7,0.0,1,6,2,0,6,-1.111,1,6,3,0,2,6,1.309,6,0.795,6,5,0,3,6,4,7,2,0.24,0,0
1,5,2,0,1481.58,4,1,1.945,3,4,4,0.0,3.531,6,0.0,3,3,4,1,5,1.669,5,6,0,1,4,3,1.258,2,1.751,5,0,7,4,0,5,5,0,2.083,1,1
4,0,4,7,0.0,3,0,-0.454,7,3,3,0.0,-0.078,4,0.0,3,7,3,0,7,2.273,6,1,3,0,7,3,0.775,5,2.435,6,3,2,7,5,7,0,2,-0.571,1,0
7,7,2,6,0.0,5,4,2.379,3,2,6,0.0,-2.028,7,0.0,7,5,7,1,3,1.66,0,5,5,1,0,1,1.196,3,4.224,1,2,3,3,0,7,0,2,1.767,3,1
4,5,4,6,0.0,0,1,-0.419,7,0,0,0.0,1.945,0,0.0,2,2,3,0,6,-0.252,0,3,0,0,6,7,1.097,6,-2.236,2,0,1,4,1,7,6,1,-0.982,4,0
1,4,2,2,0.0,0,0,-0.941,0,3,7,0.0,-0.704,2,0.0,6,6,6,0,5,-2.031,1,3,4,0,2,1,1.367,5,-1.603,3,1,3,3,7,3,6,2,-1.178,2,0
7,1,7,3,0.0,6,2,1.145,2,1,5,0.0,-0.214,0,0.0,6,3,1,0,7,0.596,7,2,5,0,5,1,0.67,0,-0.145,4,1,2,1,7,6,7,4,0.93,3,0
6,6,5,1,0.0,1,1,-0.398,5,7,4,0.0,-1.327,4,0.0,2,7,3,0,7,-1.141,5,1,5,0,7,4,0.668,2,-0.06,0,3,7,6,3,7,5,0,-0.649,2,0
3,7,3,6,0.0,1,0,-0.418,4,6,0,0.0,-1.959,1,0.0,2,6,4,0,2,-0.672,1,5,5,0,5,2,1.041,4,1.773,3,5,2,1,3,0,7,2,-0.751,4,0
0,5,5,3,0.0,5,7,0.434,1,4,7,0.0,-0.656,2,0.0,4,1,7,0,2,0.501,4,0,1,0,0,2,0.966,1,-1.141,2,0,7,7,2,7,5,6,0.795,1,0
7,4,3,6,874.79,1,7,1.092,3,4,3,0.0,2.398,1,0.0,1,1,4,0,1,1.718,6,1,4,1,7,0,1.492,2,-1.564,3,6,0,6,1,0,3,7,0.65,1,1
4,5,4,5,0.0,4,4,-1.251,7,3,2,0.0,1.225,6,0.0,5,2,7,0,0,-1.046,3,3,4,0,3,4,1.126,5,-1.407,2,2,5,4,1,0,4,4,-0.837,1,0
3,3,1,4,0.0,2,7,-0.045,7,0,7,0.0,0.397,6,0.0,4,7,5,0,4,-1.209,4,6,5,0,5,2,1.212,0,-0.18,5,3,6,1,6,0,7,4,-0.264,3,0
6,6,7,5,0.0,3,5,-0.867,6,2,5,0.0,-4.598,0,0.0,2,7,2,0,6,-2.049,5,2,4,0,4,7,1.118,0,-0.466,6,5,3,1,4,3,2,4,-1.036,2,0
2,4,1,2,0.0,5,5,-0.164,6,1,6,0.0,-1.176,6,0.0,7,4,5,0,5,1.296,5,4,2,0,5,6,1.114,4,0.672,0,0,1,3,4,2,3,6,-1.119,1,0
6,7,1,3,0.0,1,1,-0.25,0,0,2,0.0,-5.539,5,0.0,0,6,2,0,5,-2.305,2,7,1,0,2,3,1.042,4,-2.51,2,7,4,7,0,3,6,2,-1.215,5,0
5,4,6,2,0.0,0,6,1.309,7,5,0,0.0,4.624,1,0.0,4,7,5,1,3,-0.081,1,4,6,1,0,2,1.034,1,0.461,2,2,4,1,2,5,7,6,0.685,6,1
0,1,0,3,0.0,7,1,0.088,0,1,2,0.0,2.548,6,0.0,7,4,5,0,6,1.155,0,4,4,0,2,6,1.011,1,-0.508,1,5,6,6,2,2,6,7,0.17,3,0
4,5,6,7,0.0,4,1,0.253,3,4,2,0.0,0.905,2,0.0,5,1,6,0,2,0.899,0,4,3,0,1,5,0.953,5,-0.55,1,7,1,1,2,0,5,4,0.572,1,0
7,2,1,4,0.0,1,7,0.736,4,3,4,0.0,2.304,4,0.0,5,7,0,0,5,0.06,5,6,1,0,4,3,0.941,5,0.963,4,2,0,3,7,4,2,2,-1.166,5,0
0,3,2,5,0.0,1,7,-1.215,2,1,3,0.0,0.017,0,0.0,3,1,3,0,4,-1.112,3,1,2,0,2,7,1.333,1,-1.672,1,6,5,7,6,3,2,7,-0.536,0,0
4,7,7,3,0.0,2,1,-0.383,3,4,7,0.0,-2.016,5,0.0,4,7,0,0,6,-0.075,1,7,0,0,3,4,0.81,7,-0.391,4,0,4,4,4,6,6,2,0.677,4,0
7,7,2,5,0.0,7,3,-0.205,6,1,6,0.0,-1.688,7,0.0,0,3,4,0,3,-0.476,1,1,3,0,7,5,1.254,7,1.572,2,5,1,4,3,4,4,3,-0.586,1,0
6,6,0,5,1740.62,5,6,0.686,2,5,1,0.0,4.048,1,1.13,6,1,3,0,5,1.447,6,0,4,1,0,6,1.145,6,4.151,5,3,0,6,4,3,3,1,0.804,3,1
5,7,7,3,0.0,2,6,1.127,2,7,0,0.0,0.132,5,0.0,0,3,6,0,7,0.115,1,7,5,0,6,1,1.217,1,-1.42,7,6,6,3,3,0,3,0,0.771,2,0
7,3,5,2,0.0,6,7,-0.785,3,5,2,0.0,-1.648,3,0.0,3,1,3,0,1,0.985,0,2,0,0,3,6,0.909,5,1.011,5,2,1,0,3,2,1,3,0.451,2,0
5,0,7,6,1495.94,0,4,0.926,3,4,1,0.0,3.305,2,13.26,4,6,1,0,2,1.317,5,3,0,1,2,2,1.092,3,1.552,2,1,6,3,7,2,1,2,1.321,1,1
5,6,2,3,0.0,5,0,-2.044,6,0,0,0.0,-2.161,5,0.0,4,4,1,0,7,-1.782,7,2,0,0,7,4,1.003,6,-2.749,0,0,2,1,4,2,4,7,-2.406,4,0
2,0,4,0,0.0,0,2,0.143,2,2,0,0.0,2.6,0,0.0,7,3,4,0,0,-1.72,3,5,2,0,6,5,0.84,1,1.873,4,0,3,0,3,1,0,2,-0.102,3,0
5,0,0,4,0.0,1,5,-1.725,1,4,3,0.0,-0.83,4,0.0,3,3,7,0,0,-2.125,5,7,7,0,6,0,0.923,1,-4.527,4,2,1,7,1,7,6,6,-1.672,3,0
0,0,3,5,0.0,5,7,1.564,3,7,2,0.0,1.078,0,0.0,5,5,1,0,3,-2.057,0,2,6,0,2,4,0.973,2,-0.021,0,3,7,0,2,7,1,3,0.324,0,0
6,0,3,5,0.0,2,2,-0.54,3,1,4,0.0,-2.717,1,0.0,7,7,0,0,3,-0.474,7,0,2,0,2,2,1.248,7,-1.926,3,3,6,5,0,2,2,0,-0.455,5,0
7,5,5,5,0.0,5,0,-0.229,3,6,7,0.0,-5.871,5,0.0,5,1,0,0,7,-1.239,1,6,7,0,2,6,1.275,5,-0.2,6,5,0,5,2,6,5,0,-0.438,6,0
1,4,3,6,0.0,4,5,-1.108,3,4,4,0.0,1.853,0,0.0,0,4,1,0,6,-0.858,7,4,5,0,3,2,1.16,2,-2.008,3,5,7,2,7,7,5,4,-0.842,5,0
0,4,6,0,0.0,2,2,0.578,3,2,5,0.0,1.553,7,0.0,6,0,7,0,7,-1.054,1,1,5,0,7,7,0.687,6,0.179,2,1,4,1,5,3,6,0,0.557,6,0
7,2,7,7,0.0,6,2,0.631,5,5,4,0.0,0.481,2,0.0,0,7,2,0,6,1.629,1,7,7,0,7,4,1.002,7,-1.998,0,3,7,0,0,3,7,6,0.478,6,0
1,4,0,4,1080.38,6,7,1.918,3,5,0,0.0,0.152,6,0.0,7,5,7,1,6,1.489,5,6,0,1,4,5,1.422,3,0.319,2,2,2,3,4,1,3,3,1.54,3,1
0,3,3,2,0.0,7,4,-2.0,4,0,7,0.0,-3.048,3,0.0,2,4,0,0,4,-2.395,4,0,0,0,1,0,1.091,5,-3.221,7,1,4,4,0,7,4,1,-2.133,7,0
7,3,5,2,0.0,6,4,0.97,1,6,2,0.0,-0.957,7,0.0,1,6,3,0,7,-0.032,7,7,5,0,6,4,1.287,4,0.564,3,5,7,2,1,6,3,0,0.15,0,0
0,5,6,0,0.0,3,2,-1.075,7,6,3,0.0,2.204,3,0.0,6,5,0,0,2,0.249,2,6,0,0,2,6,0.968,1,-1.339,0,6,0,6,1,4,2,3,-1.001,5,0
7,0,0,0,0.0,7,7,-0.39,3,1,5,0.0,1.693,7,0.0,0,3,5,0,7,1.142,1,4,2,0,7,6,1.104,3,-0.954,3,5,1,0,5,7,7,1,-0.402,0,0
6,1,3,2,0.0,5,2,0.51,4,1,1,0.0,1.956,5,0.0,2,6,5,0,3,-0.853,3,3,5,0,7,1,0.863,5,-1.136,0,0,1,5,6,0,1,1,1.049,6,0
3,5,3,4,0.0,0,2,0.956,6,7,0,0.0,3.842,1,0.0,2,6,4,0,0,0.06,7,0,3,0,7,1,1.032,4,0.406,7,1,0,1,2,3,2,4,0.62,2,0
7,2,3,7,0.0,3,6,-0.056,4,4,5,0.0,-0.238,4,0.0,7,5,2,0,0,-1.229,5,7,4,0,5,1,0.886,3,1.967,7,7,6,6,6,6,5,2,-0.509,2,0
7,0,0,3,0.0,7,2,0.104,7,5,3,0.0,1.698,7,0.0,1,6,5,0,4,1.102,2,6,0,0,4,2,1.026,4,-0.922,0,6,3,7,3,5,5,4,-0.097,5,0
3,5,7,2,0.0,7,7,0.271,6,2,6,0.0,0.573,2,0.0,6,5,5,0,2,-1.255,1,2,4,0,2,6,0.895,7,-1.497,1,1,2,3,1,4,7,3,0.455,4,0
1,4,6,7,0.0,4,3,-0.666,1,1,2,0.0,1.467,0,0.0,4,3,1,0,3,-2.426,3,5,6,0,5,4,0.846,6,0.369,4,7,7,7,0,1,0,0,-0.782,5,0
7,3,4,3,0.0,4,4,0.428,3,1,1,0.0,0.078,3,0.0,5,2,1,0,0,0.835,6,6,6,0,3,0,0.785,0,-0.646,7,6,4,7,3,5,2,0,0.128,5,0
5,0,1,3,0.0,2,2,0.11,2,1,0,0.0,-0.707,0,0.0,5,5,7,0,0,0.934,4,0,1,1,1,6,1.252,1,0.564,0,7,1,0,3,7,1,3,0.582,6,1
5,0,7,4,543.48,7,3,0.315,1,0,3,0.0,-4.167,1,0.0,2,5,0,1,2,0.773,0,7,6,0,6,4,1.556,7,-1.591,7,3,5,2,6,0,0,3,0.83,4,1
2,3,7,3,0.0,7,2,1.508,5,4,7,0.0,3.747,6,0.0,7,6,0,0,1,0.567,6,2,6,0,5,2,1.264,6,1.471,6,7,5,6,3,6,4,7,0.992,3,0
1,4,3,6,0.0,3,3,-1.366,5,4,0,0.0,-2.508,7,0.0,6,5,6,0,2,-0.549,4,1,5,0,1,0,0.715,2,-2.536,7,3,5,2,7,0,1,6,-0.627,0,0
3,6,4,4,0.0,4,6,2.056,0,7,7,0.0,-2.999,1,0.0,1,6,0,1,1,2.338,3,2,7,1,5,0,1.115,2,-0.495,6,7,6,6,3,7,0,2,1.607,1,1
4,5,6,4,0.0,4,2,-0.438,2,4,1,0.0,-3.621,3,0.0,5,6,0,0,7,0.022,4,7,7,0,3,2,1.163,1,2.119,3,7,0,4,2,1,3,1,-0.416,4,0
3,2,5,0,1736.88,4,4,0.251,2,5,6,0.0,-0.035,2,0.0,7,3,0,1,7,-1.409,2,3,3,0,6,3,1.241,3,1.139,5,2,2,2,0,3,1,0,0.894,1,1
0,2,1,1,0.0,4,1,-0.372,7,3,6,0.0,-0.147,6,0.0,1,2,1,0,5,-0.09,1,7,1,0,2,0,1.592,5,2.759,6,6,4,5,1,4,5,3,-0.036,4,0
3,2,2,7,1711.72,3,6,0.798,5,6,7,232.76,-0.577,5,21.48,7,6,5,1,7,1.345,4,3,3,1,2,3,1.393,1,3.795,1,1,1,0,1,2,1,6,1.937,5,1
3,6,2,6,0.0,4,5,0.602,7,1,1,0.0,1.7,4,0.0,0,0,6,0,0,-0.032,5,6,6,0,1,0,1.002,7,-0.391,6,6,1,3,5,0,3,2,0.429,3,0
4,7,3,5,0.0,3,2,-1.32,6,5,7,0.0,6.299,1,0.0,4,7,7,0,3,-0.448,2,5,3,0,7,1,0.954,3,-1.197,5,2,2,1,7,7,5,1,-0.835,4,0
1,1,3,3,0.0,4,5,2.152,5,4,6,0.0,1.576,3,8.52,2,6,3,1,3,0.151,6,3,6,1,1,1,1.28,7,0.083,4,6,1,6,1,7,5,6,2.193,4,1
3,6,5,4,0.0,5,1,-0.942,3,4,5,0.0,1.984,3,0.0,3,4,2,0,3,-1.707,6,7,1,0,5,6,0.734,7,-2.545,0,3,5,2,0,1,7,7,-0.847,7,0
2,7,5,7,0.0,6,3,0.984,2,5,1,0.0,5.289,0,0.0,1,7,4,1,0,1.951,1,1,5,1,1,7,1.231,4,2.681,4,2,4,1,4,4,3,6,1.534,0,1
0,4,4,5,0.0,2,4,0.069,4,3,7,0.0,-1.932,3,0.0,3,3,7,0,5,0.098,7,7,0,0,6,6,0.983,1,0.437,3,2,4,4,1,4,4,0,-0.033,3,0
4,6,7,2,1120.45,0,4,0.913,5,2,0,0.0,2.59,6,3.12,2,6,4,1,6,0.566,2,3,4,1,6,4,1.272,2,0.809,0,2,2,7,6,0,0,2,1.791,5,1
1,1,4,1,892.39,6,2,0.868,4,4,5,0.0,1.417,2,0.0,1,3,5,1,6,1.481,3,7,4,1,7,5,1.336,3,4.564,7,4,7,6,2,3,0,3,1.277,2,1
0,3,5,5,0.0,2,3,-2.401,7,2,1,0.0,-8.216,1,0.0,2,4,4,0,2,-1.697,7,6,3,0,4,7,1.084,7,-3.766,1,6,3,2,2,5,2,7,-2.049,2,0
2,0,6,2,0.0,3,1,-1.328,2,5,2,0.0,-3.279,1,0.0,1,1,3,0,1,-0.468,2,1,1,0,7,0,0.906,5,-4.897,5,4,3,0,4,3,5,3,-1.191,5,0
3,2,5,7,374.72,0,1,1.468,4,2,2,0.0,-0.924,5,0.0,3,6,2,1,6,1.835,2,1,2,1,0,1,1.237,1,2.354,4,6,4,3,6,5,3,3,1.329,4,1
1,2,0,2,0.0,2,0,0.04,7,5,1,0.0,-0.654,7,0.0,0,2,7,0,7,-2.155,3,7,6,0,4,3,0.932,6,-2.065,0,3,1,0,5,6,5,4,0.162,7,0
3,4,7,5,0.0,1,5,-1.204,3,3,3,0.0,1.107,0,0.0,6,4,4,0,6,-0.058,4,4,5,0,0,7,0.794,4,-1.411,6,0,2,7,5,7,6,1,-0.354,2,0
7,2,5,5,992.67,4,4,0.575,3,7,5,0.0,-1.259,4,0.0,2,3,3,0,1,3.523,5,7,1,1,3,1,1.03,1,3.399,0,4,1,4,2,7,0,5,0.826,6,1
0,6,2,5,0.0,1,0,-1.411,0,0,0,0.0,-4.9,4,0.0,3,0,0,0,6,-1.413,3,3,3,0,2,0,1.239,4,-0.292,7,1,1,2,1,6,4,7,-0.648,2,0
3,3,4,3,44.5,6,4,2.398,7,1,4,0.0,2.05,7,6.18,6,6,0,1,0,3.463,4,2,4,1,7,0,1.307,4,2.546,4,6,6,7,7,1,4,7,2.224,1,1
2,5,3,3,0.0,1,0,-0.799,7,7,0,0.0,-1.378,6,0.0,1,3,6,0,0,0.1,1,6,4,0,1,2,1.026,6,1.504,2,2,2,7,4,2,0,5,-1.59,4,0
4,1,6,1,1208.7,5,4,0.174,0,0,7,0.0,-1.312,4,0.0,4,1,7,0,0,-0.913,7,4,7,1,2,7,1.221,6,3.288,1,3,7,1,4,0,5,7,0.557,0,1
2,0,2,4,0.0,0,4,-1.868,6,6,2,0.0,2.793,7,0.0,2,4,4,0,6,-0.454,7,0,7,0,7,2,0.833,5,-1.473,2,5,4,4,2,0,5,4,-0.913,2,0
7,1,2,0,0.0,2,5,-0.423,5,0,3,0.0,3.424,3,0.0,2,5,1,0,7,-3.456,2,1,2,0,4,1,0.694,5,0.437,6,0,2,0,2,5,6,4,-0.375,2,0
3,5,6,4,0.0,4,0,-0.548,0,3,5,0.0,-2.836,0,0.0,7,0,7,0,4,1.573,2,5,7,0,5,7,1.007,7,0.9,0,5,1,0,1,2,2,4,-0.652,2,0
0,4,6,3,2022.26,1,2,1.339,5,6,1,0.0,5.642,7,0.0,3,1,1,0,2,0.161,2,6,0,1,7,4,1.606,3,1.22,4,5,6,3,7,6,7,4,1.432,5,1
6,0,5,7,0.0,5,1,-0.933,6,7,1,0.0,0.113,3,0.0,1,3,4,0,7,-1.519,0,6,6,0,6,1,1.139,4,0.426,4,0,2,7,7,1,7,5,-0.684,4,0
5,5,6,0,0.0,7,0,0.266,3,5,1,0.0,1.354,5,0.0,1,4,6,0,3,-0.209,2,5,3,0,3,2,1.043,3,-1.657,5,4,1,6,1,0,1,4,0.306,1,0
3,3,4,0,0.0,2,1,-1.876,3,5,0,0.0,-0.5,5,0.0,7,0,7,0,1,-1.369,3,2,2,0,1,1,1.132,5,-0.931,5,2,5,3,7,3,6,4,-1.249,4,0
4,1,4,3,1610.05,4,0,0.872,7,5,5,0.0,-2.738,7,16.41,6,0,4,0,5,2.448,1,5,3,1,0,1,1.452,4,2.039,4,4,2,7,0,7,4,7,0.317,6,1
1,6,1,3,0.0,6,5,-0.72,1,2,1,0.0,-5.036,4,0.0,3,4,7,0,5,-0.969,6,6,4,0,3,2,0.8,3,0.586,4,1,3,0,1,1,0,5,-0.106,5,0
2,5,7,0,0.0,1,5,1.145,7,6,3,0.0,1.54,5,0.0,4,5,2,0,2,-0.075,6,7,4,0,5,1,0.681,5,-1.048,1,0,6,0,1,5,6,2,0.29,1,0
0,0,7,0,0.0,5,4,-0.216,1,7,2,0.0,-0.784,0,0.0,6,7,0,0,2,-0.632,0,2,6,0,0,4,0.892,7,-1.641,6,4,6,7,0,6,1,1,-0.567,4,0
3,1,5,3,0.0,3,7,-0.211,6,3,3,0.0,1.3,0,0.0,6,7,3,0,7,1.027,1,0,3,0,5,5,0.818,3,-1.869,3,5,7,4,0,0,0,2,-0.68,2,0
2,7,6,1,0.0,6,4,0.11,2,5,2,0.0,1.456,2,0.0,3,0,6,0,3,-0.143,3,4,0,0,7,0,1.301,7,-0.509,7,0,5,0,5,0,1,1,-0.802,6,0
5,0,7,5,0.0,6,6,-0.427,4,0,4,0.0,1.112,5,0.0,5,1,0,0,6,-2.666,0,5,6,0,5,4,0.62,1,-3.035,3,1,5,2,1,6,3,6,-1.199,5,0
3,0,7,4,0.0,4,5,-0.822,6,5,0,0.0,2.141,4,0.0,1,4,4,0,5,0.119,5,2,6,0,5,2,0.983,1,0.318,3,7,1,7,6,6,7,6,-0.428,2,0
6,4,4,1,0.0,2,2,0.341,0,4,3,0.0,-3.281,6,0.0,4,0,5,0,2,-0.352,5,0,4,0,5,2,1.168,3,-1.075,5,6,0,2,7,4,5,6,-0.285,4,0
4,6,3,3,0.0,3,6,-1.438,6,5,4,0.0,0.331,4,0.0,3,4,5,0,5,-0.991,7,2,3,0,7,1,1.227,6,-2.698,1,0,3,2,4,3,0,7,-1.97,5,0
4,4,4,6,0.0,2,3,-1.24,5,0,0,0.0,-1.243,1,0.0,1,7,5,0,3,-0.895,5,3,5,0,0,3,1.198,0,-2.025,7,2,6,0,6,6,7,1,-1.08,2,0
3,4,3,2,0.0,0,4,-0.692,3,5,0,0.0,-5.676,0,0.0,3,5,3,0,4,-0.679,1,3,6,0,5,6,1.027,1,-0.096,7,6,3,6,7,7,3,0,-0.962,2,0
1,1,4,0,0.0,1,3,0.437,7,3,2,0.0,1.731,1,0.0,5,4,1,0,1,1.063,2,5,5,0,5,5,0.543,6,-2.07,0,1,7,7,4,7,4,1,0.664,2,0
6,6,0,7,0.0,3,2,0.825,5,0,6,0.0,0.386,6,0.0,1,3,1,0,5,1.564,1,0,2,0,6,1,1.048,3,1.241,5,6,2,4,0,7,0,1,1.127,5,0
2,5,7,2,0.0,4,0,-0.539,0,2,6,0.0,2.081,0,0.0,5,0,4,0,6,0.113,0,6,4,0,2,7,0.98,5,0.683,4,6,5,7,2,3,5,2,-0.989,3,0
6,7,7,4,0.0,5,1,1.148,6,5,5,685.46,-0.348,3,0.0,4,6,3,1,5,2.153,5,2,6,1,3,6,1.489,2,0.491,2,0,1,0,4,2,2,0,1.373,5,1
1,4,3,6,0.0,3,6,-0.254,0,3,2,0.0,-3.041,2,0.0,7,3,4,0,6,0.072,0,4,1,0,2,3,1.069,0,-0.733,0,3,5,5,5,6,4,5,-0.655,3,0
5,2,5,4,0.0,0,5,-1.317,7,5,4,0.0,-4.11,5,0.0,0,3,0,0,3,-1.345,4,7,4,0,1,4,1.188,2,-1.718,0,5,4,2,1,2,0,5,-1.525,0,0
2,0,6,7,0.0,3,3,-1.868,3,2,7,0.0,0.981,0,0.0,3,0,5,0,4,-0.007,3,5,5,0,6,5,1.123,0,-3.799,0,3,0,3,3,3,3,7,-1.348,0,0
3,5,4,5,0.0,2,3,-1.805,4,1,1,0.0,-1.235,6,0.0,3,3,2,0,6,-2.325,7,6,5,0,7,4,0.861,2,-2.289,3,5,1,7,4,5,1,4,-1.471,5,0
3,1,0,3,0.0,3,3,0.257,5,7,0,0.0,4.823,3,0.0,6,1,2,0,5,-1.006,7,3,4,0,3,0,0.809,5,-3.568,3,7,1,1,2,4,3,6,0.352,6,0
4,6,2,6,0.0,2,7,0.38,1,1,3,0.0,1.592,5,0.0,7,4,3,0,6,1.577,1,7,6,0,7,6,1.084,5,-1.673,1,6,2,5,3,7,3,0,0.617,4,0
2,7,7,2,0.0,3,5,0.413,3,2,1,0.0,-4.305,2,0.0,6,4,0,0,2,-0.786,1,2,5,0,1,4,0.951,1,1.213,4,0,0,4,2,6,1,7,-0.463,0,0
6,5,6,5,1771.33,4,2,1.033,4,6,7,0.0,-3.728,0,0.0,2,6,2,1,4,-0.657,0,1,3,1,6,2,1.166,7,-0.298,5,0,5,6,4,3,7,0,0.845,7,1
7,7,1,5,1403.04,4,5,0.61,2,3,5,0.0,4.201,6,0.0,5,1,0,0,3,-0.931,6,3,7,1,3,4,1.11,4,-0.142,6,5,6,6,7,6,1,7,0.614,7,1
7,3,7,0,0.0,6,4,-0.893,7,3,2,0.0,-1.798,0,0.0,5,1,3,0,7,2.019,4,6,3,0,1,0,1.014,7,-1.633,6,7,2,2,3,3,2,4,0.18,5,0
5,0,6,1,0.0,0,3,0.061,4,7,7,0.0,1.701,0,0.0,7,5,6,0,5,-0.468,6,4,0,0,0,5,0.495,4,2.7,6,5,4,1,3,6,5,5,-0.81,0,0
6,2,4,2,0.0,0,5,-0.789,2,7,1,0.0,-3.015,4,0.0,3,3,0,0,3,-2.374,2,7,4,0,5,5,0.644,1,0.24,4,0,5,6,6,5,3,7,-1.087,7,0
1,2,7,2,0.0,7,7,-2.231,3,1,3,0.0,0.522,6,0.0,3,1,5,0,3,0.607,5,7,1,0,3,1,0.99,0,-1.31,0,7,7,6,6,2,6,0,-0.513,2,0
3,1,7,2,0.0,7,2,-2.834,7,4,0,0.0,-1.039,3,0.0,6,5,6,0,3,-2.131,6,4,3,0,0,5,0.998,4,-1.879,2,6,1,2,4,6,6,3,-1.453,3,0
6,5,7,0,0.0,2,0,0.881,0,5,1,0.0,-2.007,7,0.0,6,4,5,1,3,0.095,3,5,6,0,5,1,1.001,3,2.189,4,1,6,5,0,3,5,4,0.78,3,1
6,5,6,4,0.0,0,4,-0.664,0,4,4,0.0,-4.07,5,0.0,2,1,1,0,7,-1.428,6,2,2,0,0,2,1.094,3,1.576,6,6,7,0,5,6,2,2,-0.288,7,0
3,3,4,4,0.0,7,5,0.977,1,2,0,0.0,-2.412,1,0.0,7,5,3,0,7,0.471,5,3,1,0,4,0,1.329,1,1.565,5,1,0,0,3,4,1,4,0.106,2,0
2,6,5,5,0.0,7,0,0.679,7,1,7,0.0,-4.023,5,0.0,1,1,3,0,5,1.408,0,4,4,0,5,2,0.715,3,-1.409,1,4,3,4,5,0,2,0,0.764,2,0
2,7,6,2,0.0,7,2,1.602,5,6,4,0.0,-1.563,7,8.95,2,4,1,0,7,1.698,6,7,1,1,7,7,1.244,2,1.499,4,6,2,2,4,7,1,7,0.539,5,1
3,6,7,6,95.49,0,6,0.165,5,4,4,0.0,-0.337,6,0.0,5,7,7,0,1,0.097,1,3,1,1,3,2,0.906,1,2.049,4,5,7,2,4,1,1,5,0.513,6,1
4,6,0,1,0.0,4,5,-0.092,7,0,5,0.0,-0.318,4,0.0,5,1,1,0,7,0.378,1,5,3,0,6,0,0.615,7,-1.289,5,6,6,7,3,4,7,1,-0.158,1,0
7,3,4,4,0.0,6,7,0.275,0,6,1,0.0,-0.616,6,0.0,7,2,5,0,7,-1.663,1,7,7,0,1,0,1.041,6,-1.989,4,2,7,7,2,1,4,4,0.527,7,0
2,3,3,0,0.0,7,5,0.067,7,2,1,0.0,2.291,4,0.0,1,0,3,0,5,0.207,6,1,1,0,7,6,0.922,1,-0.631,2,3,6,2,2,2,2,1,0.137,1,0
3,0,2,1,0.0,3,1,-1.741,5,4,7,0.0,-3.267,6,0.0,7,2,2,0,2,-2.547,7,3,5,0,6,4,0.768,0,-2.04,4,4,0,2,5,5,0,5,-2.513,6,0
6,2,6,6,0.0,1,7,-0.915,7,4,1,0.0,-1.793,1,0.0,0,2,3,0,3,-0.414,5,0,4,0,7,4,0.945,7,-0.403,1,2,3,0,5,2,5,0,-1.347,1,0
0,1,1,5,0.0,3,4,-0.972,2,1,4,0.0,-1.736,6,0.0,3,4,1,0,0,-2.547,1,0,6,0,4,6,1.012,2,2.298,5,4,4,7,5,3,2,7,-0.814,5,0
5,4,3,1,0.0,6,5,-0.485,3,4,3,0.0,-4.595,1,0.0,7,1,7,0,3,1.034,5,1,7,0,3,4,1.054,3,0.184,1,1,4,1,7,7,0,6,0.214,1,0
2,5,0,3,0.0,5,1,1.6,6,3,3,0.0,0.504,0,0.0,4,5,6,1,4,0.291,3,5,6,1,7,2,1.386,7,0.738,0,6,5,0,2,4,1,1,1.191,2,1
3,6,7,0,0.0,2,5,-0.255,1,7,0,0.0,-4.985,0,0.0,6,1,5,0,7,-1.187,0,0,2,0,2,3,1.142,5,-0.907,0,7,0,1,3,4,2,4,-0.701,0,0
4,7,0,6,0.0,0,5,-0.222,2,7,1,0.0,-1.605,1,0.0,2,3,5,0,7,0.14,7,0,1,0,1,0,1.102,6,1.048,6,7,0,2,4,4,5,6,0.749,3,0
1,4,2,1,0.0,6,7,-0.532,5,1,1,0.0,4.334,4,0.0,2,7,2,0,7,-1.553,3,5,7,0,6,5,1.124,0,1.23,6,1,0,7,1,5,1,3,-0.345,3,0
5,3,7,7,0.0,1,6,0.353,2,3,1,0.0,1.619,1,0.0,1,1,5,0,0,0.301,6,3,2,0,4,3,0.841,7,-1.024,0,6,0,7,0,5,7,6,0.721,4,0
2,1,4,3,0.0,4,0,0.397,0,3,5,0.0,2.54,6,0.0,1,1,4,0,3,-1.271,5,2,4,0,5,6,0.979,3,1.525,1,5,1,4,6,1,1,5,-0.799,0,0
2,4,6,0,0.0,3,1,0.103,1,6,4,0.0,-3.14,4,0.0,2,1,2,0,1,-0.072,6,6,0,0,1,5,0.843,4,0.966,2,2,3,1,3,1,4,0,0.291,4,0
5,2,5,5,0.0,7,5,0.218,1,2,0,0.0,0.218,5,0.0,5,3,1,0,2,0.582,6,6,3,0,1,5,0.824,7,-0.266,5,6,7,6,0,1,7,3,0.64,2,0
6,6,0,7,0.0,3,5,-0.013,2,6,4,0.0,-0.713,3,0.0,1,7,6,0,1,0.411,2,5,3,0,0,1,0.714,4,0.61,1,5,7,3,0,3,4,5,0.398,7,0
5,2,7,5,0.0,4,1,0.22,6,1,1,0.0,2.541,5,0.0,0,5,5,0,6,-1.028,2,1,3,0,1,6,1.235,0,1.28,0,4,4,0,4,2,3,2,-1.097,5,0
1,5,0,0,269.4,0,3,2.355,1,0,6,0.0,1.757,1,0.0,1,4,3,1,1,1.922,7,7,4,1,3,6,1.048,1,0.931,5,0,0,3,0,2,5,7,1.973,2,1
5,0,1,4,0.0,0,0,-1.117,1,3,3,0.0,0.262,1,0.0,7,6,5,0,1,-1.005,4,4,5,0,7,6,1.21,7,0.529,4,0,7,3,4,4,7,6,-1.115,2,0
0,2,2,7,0.0,4,3,-1.428,3,0,0,0.0,-1.021,4,0.0,7,1,2,0,3,-0.746,5,2,0,0,1,7,0.856,4,-1.359,7,1,7,7,6,6,2,0,-1.494,6,0
5,3,0,0,0.0,4,3,-1.352,1,2,7,0.0,4.03,1,0.0,4,2,1,0,0,0.13,6,2,7,0,1,0,1.093,6,-2.905,6,4,0,1,5,0,1,5,-0.472,3,0
3,6,2,6,0.0,1,3,-0.244,1,5,6,0.0,0.65,5,0.0,4,7,4,0,6,-1.845,6,4,2,0,4,7,1.064,6,-0.928,2,3,3,0,3,2,4,0,-0.436,7,0
6,1,2,2,217.14,4,3,1.213,2,7,4,0.0,2.936,4,0.0,7,7,6,1,2,2.188,6,5,1,0,4,1,1.405,4,1.406,4,0,3,7,0,5,3,7,0.937,3,1
5,4,0,7,0.0,1,5,-1.778,6,5,7,0.0,-0.028,3,0.0,3,1,4,0,7,-2.654,1,7,2,0,0,0,0.934,3,-1.93,6,4,7,3,4,6,2,7,-2.33,0,0
0,7,6,0,0.0,4,1,0.88,7,6,4,0.0,4.991,5,0.0,1,5,1,0,0,-0.162,6,5,3,0,4,1,1.2,6,1.928,4,4,7,7,3,7,7,5,0.877,0,0
0,7,5,2,0.0,5,6,0.468,1,3,4,0.0,2.295,4,0.0,5,1,1,0,1,-1.238,0,2,7,0,6,1,0.871,7,-0.697,4,4,5,3,0,0,3,2,0.276,4,0
7,1,5,5,0.0,6,3,0.423,3,4,2,0.0,2.705,7,0.0,1,6,7,0,0,-0.231,5,2,4,0,7,2,0.876,6,0.618,6,4,7,7,7,2,7,7,-0.394,5,0
7,0,0,6,0.0,7,0,0.243,4,4,0,0.0,2.257,4,0.0,0,3,5,0,3,0.588,0,6,1,0,5,0,1.145,7,0.753,3,3,3,0,4,7,3,2,0.641,7,0
4,4,3,4,0.0,2,4,0.47,7,5,5,0.0,-2.464,2,0.0,2,3,6,0,3,1.271,2,4,1,0,2,7,1.357,7,-0.496,0,0,2,0,1,5,3,7,-0.218,0,0
4,2,6,4,0.0,0,0,-0.379,3,7,7,0.0,-3.469,3,0.0,0,1,0,0,3,0.777,2,0,3,0,0,0,1.345,0,1.164,1,0,7,4,3,6,3,5,-0.19,4,0
7,1,7,3,0.0,3,5,-0.75,6,3,2,0.0,-0.548,6,0.0,6,3,4,0,2,-0.797,5,2,4,0,6,4,1.184,2,-0.592,1,7,5,5,0,1,4,6,-0.243,5,0
4,2,2,3,1644.69,4,3,1.872,5,3,4,0.0,-0.6,7,0.0,5,7,6,1,4,2.319,6,2,6,1,7,1,1.079,1,-0.913,4,4,5,4,0,2,7,1,2.181,2,1
4,0,2,7,0.0,7,3,0.49,2,3,1,0.0,-2.656,0,0.0,5,5,0,0,3,-0.435,4,7,5,0,5,5,1.254,0,3.254,5,0,6,1,0,4,6,2,0.132,6,0
4,5,7,4,0.0,0,1,-0.513,1,2,3,0.0,0.446,7,0.0,1,0,6,0,4,-0.114,5,0,6,0,6,4,0.613,1,1.525,1,0,5,2,1,1,1,1,-0.335,0,0
5,4,6,4,0.0,7,0,-0.491,6,7,0,0.0,0.735,4,0.0,2,0,5,0,1,-0.818,2,6,4,0,2,0,1.071,0,2.639,7,3,2,0,7,3,0,1,-1.329,3,0
7,2,6,3,0.0,0,1,0.12,3,2,0,0.0,-0.857,4,0.0,0,2,6,0,3,1.429,5,5,4,0,6,1,0.862,3,-0.024,1,1,4,4,2,0,0,0,-0.018,0,0
3,0,2,4,0.0,6,3,1.208,5,1,7,0.0,-1.214,7,0.0,0,4,4,0,4,0.609,2,6,7,0,3,1,1.124,7,2.745,7,6,2,3,1,3,0,4,0.779,6,0
6,7,1,4,0.0,4,2,0.112,6,7,4,0.0,3.044,5,0.0,5,1,1,0,6,0.951,4,4,2,0,1,7,1.149,6,0.755,7,0,7,7,7,5,0,6,0.401,1,0
5,1,0,6,1585.65,0,4,3.171,1,1,1,0.0,2.14,7,0.0,3,5,4,1,1,0.565,5,4,6,1,0,4,1.25,4,0.538,3,4,2,2,2,5,5,7,1.947,2,1
7,2,5,2,1687.75,7,6,0.52,4,2,2,0.0,-1.628,6,0.0,1,3,5,0,0,-0.033,4,2,2,1,7,1,0.956,0,-0.182,0,3,7,5,7,5,7,1,0.552,7,1
4,3,0,2,0.0,2,5,-1.513,3,2,1,0.0,-0.666,3,0.0,6,6,7,0,1,-0.64,1,6,7,0,7,0,0.848,3,-0.804,1,3,6,5,7,6,1,5,-1.03,4,0
0,0,2,6,0.0,0,1,1.079,5,3,0,0.0,0.689,1,0.0,2,4,6,0,7,0.258,1,5,6,0,0,4,1.054,6,0.341,1,0,2,5,0,3,2,0,0.822,7,0
6,6,1,3,0.0,7,5,1.162,4,0,3,0.0,-1.693,2,0.0,3,6,3,0,7,-0.327,5,1,4,0,0,7,0.946,6,-0.268,6,1,7,4,3,7,4,3,0.558,3,0
0,0,6,5,0.0,4,1,0.47,7,3,7,0.0,0.537,4,0.0,4,5,5,0,6,-0.498,7,7,2,0,4,2,0.993,5,0.628,2,4,5,6,6,6,1,4,-0.142,3,0
2,7,2,5,0.0,7,5,-0.416,3,3,1,0.0,-2.719,7,0.0,5,5,7,0,0,1.643,0,1,2,0,5,2,0.717,3,-0.652,6,2,4,1,1,6,2,1,-0.99,7,0
3,4,5,0,1457.65,1,1,1.434,1,6,2,0.0,2.726,7,0.0,6,0,2,1,7,2.258,2,2,0,1,3,1,1.36,4,1.346,1,7,3,0,5,0,3,3,1.584,5,1
3,1,2,4,0.0,4,3,-0.62,2,5,0,0.0,1.322,1,0.0,7,5,0,0,7,-0.18,1,5,7,0,3,2,1.442,1,-3.265,1,0,1,3,1,4,2,5,-0.35,6,0
3,0,1,5,0.0,1,1,0.57,1,0,1,0.0,0.17,7,0.0,2,5,5,0,6,-0.763,0,5,5,0,7,6,1.132,2,4.431,2,5,7,6,4,5,7,6,1.33,1,0
1,7,5,7,0.0,6,6,-1.402,1,1,5,0.0,0.628,5,0.0,5,2,6,0,7,-2.105,7,2,6,0,3,0,1.13,3,-0.682,5,0,7,5,1,0,3,2,-1.586,7,0
3,5,4,2,0.0,1,0,0.333,2,3,2,0.0,-3.176,6,0.0,5,0,1,0,2,1.653,4,4,6,0,7,4,1.127,7,0.57,3,0,2,1,0,2,7,2,0.243,7,0
0,1,4,1,0.0,3,7,0.204,7,0,0,0.0,-0.361,6,0.0,5,6,7,0,1,-0.978,0,1,3,0,4,2,1.178,0,-2.014,3,3,1,2,4,1,1,5,-0.706,1,0
6,5,7,6,0.0,0,2,-0.528,0,7,4,0.0,0.17,0,0.0,3,4,3,0,1,-0.298,5,7,3,0,3,0,1.404,0,-0.52,5,1,6,7,3,1,4,3,-0.068,5,0
4,2,4,2,0.0,6,2,-0.357,2,5,4,0.0,0.109,4,0.0,4,0,7,0,7,0.767,4,0,2,0,2,2,0.811,7,0.416,5,0,4,2,0,0,3,6,-0.513,6,0
5,1,5,7,0.0,2,0,1.272,5,1,1,0.0,4.527,3,0.0,5,3,3,1,2,2.313,4,4,3,1,4,5,1.131,1,3.633,1,0,5,5,6,2,0,7,1.627,1,1
0,5,6,7,0.0,7,3,0.168,5,7,3,0.0,0.69,5,0.0,1,2,2,0,2,1.64,5,1,4,0,7,2,0.943,2,1.042,0,1,0,4,2,7,4,2,0.257,6,0
5,6,2,1,0.0,7,2,-0.906,1,1,6,0.0,-3.042,1,0.0,5,2,5,0,1,-1.43,3,6,3,0,4,6,1.168,1,-0.7,1,0,5,5,5,1,3,4,-1.249,1,0
6,5,0,3,1852.97,6,4,1.06,4,3,6,0.0,-1.884,4,5.05,2,6,4,1,4,1.384,0,7,7,1,4,7,1.166,7,1.282,2,4,4,2,1,2,6,2,1.558,5,1
4,7,4,1,0.0,7,4,-1.482,5,4,5,0.0,0.916,2,0.0,6,0,7,0,4,-0.61,4,6,5,0,7,2,0.921,7,-2.103,2,0,3,2,6,7,3,2,-0.926,1,0
4,4,3,6,0.0,2,5,-1.74,4,4,7,0.0,4.509,7,0.0,7,1,6,0,6,-1.447,4,2,5,0,5,0,0.968,2,0.902,6,2,3,0,0,7,0,6,-0.589,1,0
5,3,2,7,1893.29,3,7,0.75,2,3,6,0.0,1.32,6,0.0,3,4,4,1,5,3.225,7,3,0,1,6,1,1.405,3,-0.644,2,7,6,2,7,5,1,7,1.377,2,1
4,1,1,6,154.34,7,1,0.369,2,0,7,770.79,2.368,3,0.0,3,0,2,0,2,-0.791,6,2,3,1,1,7,1.236,6,1.258,1,2,3,4,6,3,1,2,0.68,4,1
0,7,3,5,146.55,4,5,0.271,3,1,0,0.0,-0.851,6,0.0,0,6,1,0,7,1.225,4,1,0,1,0,7,1.091,7,1.589,5,2,5,4,1,0,4,1,0.926,1,1
1,1,1,7,0.0,3,1,-1.051,0,3,2,0.0,-3.159,3,0.0,0,5,7,0,2,-2.108,2,3,1,0,0,0,1.103,2,-1.19,3,1,3,6,1,5,7,7,-1.538,6,0
1,5,1,1,0.0,5,5,0.254,1,0,5,0.0,2.129,1,0.0,1,3,0,0,0,2.246,2,3,7,0,2,0,0.971,6,-0.524,5,5,7,0,0,2,4,0,0.113,2,0
4,5,6,3,61.23,3,3,0.686,7,4,1,0.0,0.439,2,0.0,2,6,2,0,1,-0.413,6,1,2,1,0,7,1.512,1,2.393,7,6,0,5,1,7,0,6,0.483,3,1
5,7,4,4,0.0,6,4,-0.806,7,4,5,0.0,0.915,7,0.0,1,2,5,0,0,-0.076,4,4,3,0,0,6,0.825,6,-1.253,6,5,5,3,4,3,5,2,-1.28,2,0
3,4,0,0,0.0,5,6,-3.092,4,3,1,0.0,-3.953,6,0.0,1,4,6,0,2,-3.777,6,7,0,0,0,3,0.678,3,-3.311,3,0,3,4,4,1,7,0,-3.203,6,0
3,0,3,6,0.0,5,4,-2.71,1,2,6,0.0,-2.621,5,0.0,0,4,4,0,6,-1.97,3,3,7,0,2,0,1.138,0,-3.393,7,6,7,4,1,6,0,0,-1.741,2,0
0,7,4,0,0.0,1,5,0.984,6,2,6,0.0,2.051,0,0.0,1,4,0,0,1,1.394,2,3,2,0,5,6,1.127,0,0.789,3,2,2,5,4,0,7,5,1.128,1,0
1,0,4,3,0.0,4,0,-1.041,4,4,5,0.0,-0.44,5,0.0,2,4,4,0,7,0.576,0,2,2,0,6,0,1.01,1,-0.583,0,2,4,3,5,1,1,3,-0.827,4,0
5,5,3,2,1029.45,4,1,1.979,4,4,2,0.0,-1.129,4,0.0,5,1,0,1,6,2.716,6,1,0,1,1,1,1.293,6,0.306,2,3,5,3,0,0,2,0,1.154,4,1
5,5,2,1,0.0,5,5,-0.462,3,0,0,0.0,-3.196,4,0.0,6,2,6,0,3,-1.309,2,6,3,0,5,1,0.926,6,-2.21,6,1,0,7,4,0,5,0,-1.104,4,0
0,5,4,5,0.0,3,5,0.526,3,1,2,0.0,-2.57,2,0.0,3,5,5,0,4,0.211,1,5,2,0,3,3,1.219,4,0.162,6,7,3,2,7,1,4,7,0.301,4,0
0,6,3,3,0.0,6,4,0.045,2,3,2,0.0,0.395,0,0.0,3,3,3,0,0,1.3,1,1,3,0,4,2,1.12,3,-0.618,5,1,7,2,2,5,7,5,0.404,0,0
7,4,5,6,0.0,5,0,-0.08,6,0,3,0.0,-6.407,5,0.0,0,4,2,0,4,-1.25,6,2,2,0,5,5,0.3,5,-2.24,5,2,2,5,5,6,3,5,-0.939,7,0
0,3,4,3,0.0,5,0,0.376,3,7,7,0.0,2.314,0,0.0,0,1,3,0,2,-1.653,5,6,5,0,0,0,0.815,6,0.706,2,7,3,3,2,5,3,6,0.191,1,0
0,6,6,6,0.0,1,4,-0.354,4,4,4,0.0,-1.712,0,0.0,2,7,5,0,6,-0.171,1,1,6,0,1,6,1.284,2,-3.358,1,5,1,0,4,6,6,2,0.233,1,0
3,2,1,0,1897.98,2,6,1.107,1,5,4,0.0,4.022,1,0.0,7,2,0,0,0,0.979,3,5,3,1,1,1,1.376,5,0.854,5,6,0,3,1,4,1,6,1.11,5,1
5,2,1,5,1150.91,1,2,1.387,2,4,6,0.0,0.675,4,0.0,0,0,3,0,1,2.531,6,1,1,1,6,5,1.113,3,2.068,6,2,5,6,1,0,5,5,1.428,2,1
4,1,4,5,0.0,7,7,-0.172,5,1,1,0.0,1.142,3,0.0,0,7,7,0,4,-1.183,5,3,7,0,3,6,1.054,4,-2.514,1,2,2,0,4,1,4,6,-0.386,0,0
7,7,5,4,0.0,0,1,-1.691,2,0,3,0.0,-1.815,4,0.0,2,2,5,0,0,-0.101,2,3,3,0,5,6,1.016,6,-2.811,6,6,7,1,7,5,3,3,-0.091,1,0
1,5,3,7,0.0,6,1,0.788,4,7,7,0.0,1.677,4,0.0,2,4,7,0,5,0.624,4,4,3,0,7,4,0.975,0,1.261,4,3,4,7,4,6,7,4,0.471,3,0
7,5,4,6,0.0,5,3,-0.569,3,4,5,0.0,-2.194,5,0.0,4,4,3,0,4,-0.954,1,6,5,0,3,5,0.904,2,-3.904,5,4,7,4,2,4,6,3,-0.845,3,0
1,3,0,0,0.0,4,7,0.829,2,1,5,0.0,-0.742,3,0.0,7,2,1,0,0,-0.932,3,2,6,0,6,4,0.817,5,-0.958,6,3,4,4,3,5,3,3,0.169,0,0
1,5,2,0,0.0,2,6,1.254,3,0,1,0.0,-0.368,7,0.0,7,0,4,1,7,2.837,4,7,7,1,1,6,1.393,6,4.068,1,3,5,2,0,1,0,1,1.13,7,1
7,0,1,3,0.0,2,3,-0.547,6,0,1,0.0,-1.07,0,0.0,7,5,2,0,7,-0.013,5,2,7,0,5,7,1.095,6,-2.067,0,6,3,5,1,0,1,6,0.537,0,0
5,6,2,4,0.0,1,4,0.951,6,7,4,0.0,-1.461,5,0.0,2,4,1,0,2,0.793,3,6,7,0,6,3,1.052,6,2.386,3,6,1,3,3,4,6,7,0.536,5,0
5,3,1,4,1154.03,7,7,1.001,2,3,0,0.0,3.018,2,0.0,6,7,1,0,5,-1.012,6,3,1,1,7,7,0.93,6,0.49,0,3,5,7,4,0,3,6,0.915,5,1
3,6,3,0,0.0,1,1,0.125,5,0,2,0.0,-0.255,5,0.0,0,4,6,0,7,-1.711,4,2,1,0,7,3,1.146,0,0.117,5,7,4,3,7,0,1,5,-0.478,1,0
6,2,2,7,1589.94,0,1,0.841,5,1,7,0.0,0.677,2,0.0,5,0,4,0,5,1.173,7,2,6,1,5,1,1.252,1,1.257,0,1,7,1,4,1,2,4,0.906,5,1
7,1,0,0,0.0,4,5,-1.921,0,2,2,0.0,-0.689,1,0.0,5,2,3,0,5,-0.558,1,7,2,0,3,2,1.069,2,-1.349,5,7,0,5,7,1,4,2,-1.05,2,0
5,5,4,5,0.0,3,0,1.59,5,5,3,0.0,0.432,4,0.0,4,2,5,0,3,-0.756,7,6,6,0,5,3,1.01,6,-1.19,1,4,4,4,0,4,0,2,1.518,0,0
1,7,4,1,0.0,0,7,-0.94,7,5,2,0.0,-2.69,7,0.0,6,4,4,0,1,-1.88,6,2,5,0,4,4,1.351,4,-1.605,7,0,1,0,6,3,2,3,-0.888,0,0
7,3,5,3,0.0,7,1,-0.446,2,3,0,0.0,2.502,3,0.0,6,7,3,0,1,0.246,5,4,2,0,7,5,0.837,2,2.042,4,6,4,7,1,7,0,7,-0.056,2,0
3,3,3,3,0.0,1,1,-1.002,7,7,7,0.0,-3.431,0,0.0,4,5,4,0,5,-1.328,3,6,1,0,7,7,0.737,1,0.167,6,1,3,3,0,0,1,4,-1.149,2,0
2,0,3,4,0.0,7,3,0.582,6,1,3,0.0,0.915,5,0.0,1,5,5,0,2,0.906,4,7,0,0,7,5,1.053,4,0.706,0,0,3,1,4,3,0,2,-0.383,7,0
6,5,0,5,0.0,5,6,-0.927,5,3,2,0.0,0.603,3,0.0,0,7,2,0,0,1.393,3,1,7,0,2,6,0.936,5,0.598,7,2,6,2,5,1,0,6,-0.896,1,0
7,2,6,6,0.0,5,7,0.463,5,6,2,0.0,-0.984,4,0.0,5,5,4,0,6,-0.971,5,0,5,0,1,4,0.895,0,0.61,7,4,2,3,2,7,3,7,-0.3,1,0
1,4,0,2,0.0,2,7,-0.9,0,7,5,0.0,2.408,1,0.0,2,5,5,0,2,-0.56,6,2,0,0,5,4,0.868,4,-1.561,3,7,7,1,0,5,7,3,-0.311,5,0
1,1,0,6,0.0,2,6,-1.378,2,1,6,0.0,0.165,2,0.0,6,2,7,0,6,0.145,2,5,1,0,6,6,0.818,0,0.604,2,7,1,4,7,6,0,4,-0.189,2,0
7,3,6,6,0.0,2,4,0.903,2,7,2,0.0,0.151,5,0.0,4,5,5,0,0,1.721,0,0,3,0,5,1,0.993,3,0.079,0,4,7,7,1,7,3,1,-0.4,7,0
0,5,2,1,0.0,1,4,-2.497,5,1,2,0.0,-1.079,7,0.0,6,6,2,0,6,-2.037,3,6,4,0,1,1,1.082,1,-1.126,0,6,1,4,2,2,1,3,-2.8,1,0
3,5,6,4,0.0,1,5,-0.364,1,7,4,0.0,-3.095,5,0.0,3,5,1,0,2,-2.651,7,7,3,0,3,3,0.902,4,-1.611,0,6,5,4,2,0,5,1,-0.866,7,0
2,0,2,1,0.0,7,0,-2.272,2,0,7,0.0,2.502,3,0.0,6,0,1,0,7,-4.321,5,6,6,0,7,7,0.672,7,-2.623,5,5,1,6,2,6,5,0,-1.813,6,0
6,6,2,1,0.0,7,3,1.884,7,4,0,0.0,0.102,4,0.0,4,4,3,1,5,0.363,1,7,3,1,7,7,1.021,2,1.108,7,7,4,5,2,2,7,2,1.884,2,1
2,4,4,0,0.0,4,6,-0.809,6,3,1,0.0,-0.897,0,0.0,4,7,2,0,3,1.858,1,3,5,0,4,3,1.135,0,1.182,1,5,7,7,7,7,6,7,0.275,7,0
3,2,6,7,0.0,0,5,-1.651,7,0,6,0.0,-7.496,0,0.0,2,7,2,0,6,-1.27,3,7,4,0,6,5,0.934,0,-1.705,1,0,4,4,1,1,3,7,-1.582,6,0
3,3,7,3,0.0,1,5,-0.086,6,6,4,0.0,-1.77,2,0.0,2,7,5,0,0,0.383,1,0,3,0,3,7,0.942,5,0.053,1,4,6,2,7,4,3,2,0.004,2,0
5,7,2,1,683.33,5,1,1.912,3,5,5,0.0,0.893,2,23.01,3,7,7,1,7,1.6,2,1,3,1,6,2,1.268,5,2.369,1,5,2,0,7,0,7,1,2.011,4,1
0,2,5,0,1826.2,5,2,0.35,7,5,1,0.0,0.305,1,0.0,7,5,0,0,5,0.134,7,4,1,1,1,5,1.477,0,1.188,6,7,4,6,3,6,3,3,1.163,0,1
5,7,0,6,0.0,3,3,1.685,6,1,0,0.0,1.14,6,0.0,5,6,7,1,1,1.813,3,4,1,1,0,0,1.086,1,3.782,4,4,1,5,0,1,7,2,2.031,5,1
3,0,5,3,0.0,3,0,-1.144,5,6,1,0.0,1.219,6,0.0,0,0,5,0,0,-1.219,5,1,4,0,5,0,1.153,5,0.509,6,0,3,3,1,2,7,3,-1.357,7,0
7,2,0,0,1525.44,7,6,0.388,5,1,1,0.0,1.464,0,0.0,0,0,7,0,3,-0.146,4,6,7,1,1,5,1.238,4,0.394,3,4,3,7,7,3,5,5,0.899,3,1
4,6,1,5,0.0,2,3,-1.126,7,0,1,0.0,-2.997,0,0.0,7,2,0,0,4,0.078,6,0,1,0,1,7,0.982,3,2.224,5,6,3,5,0,1,6,3,-1.334,0,0
0,1,1,7,1822.74,4,4,0.918,1,3,7,0.0,-2.041,4,0.0,6,3,3,1,4,3.115,1,2,4,1,0,5,1.543,2,1.39,4,5,7,7,0,3,2,2,0.818,7,1
7,2,1,4,0.0,0,4,-0.199,7,3,0,0.0,-3.725,3,0.0,5,3,2,0,7,-1.385,5,1,4,0,0,2,1.01,3,-0.3,4,4,3,7,0,5,3,0,0.058,5,0
2,3,4,1,0.0,3,2,1.209,0,2,0,0.0,0.567,0,0.0,3,0,5,0,1,1.115,3,7,7,0,4,2,1.445,0,1.546,6,2,4,7,4,7,6,2,0.709,6,0
7,3,0,3,0.0,6,7,-0.639,5,0,7,0.0,1.683,1,0.0,4,1,1,0,3,1.072,4,4,7,0,0,0,0.891,7,-3.055,6,5,4,4,7,2,4,7,-0.152,5,0
5,5,5,6,0.0,6,4,-0.893,5,6,4,0.0,-2.299,2,0.0,2,1,2,0,3,-1.724,0,4,2,0,2,3,1.04,1,-1.401,3,0,7,0,4,0,5,7,-1.318,5,0
4,7,1,0,0.0,6,6,0.895,1,5,7,0.0,-1.631,3,0.0,5,6,5,0,3,0.82,0,0,4,0,4,7,1.035,3,3.929,4,3,2,0,0,5,2,6,0.423,7,0
4,4,2,2,0.0,0,3,-0.014,1,6,2,0.0,-2.07,2,0.0,7,4,0,0,7,1.672,7,7,5,0,3,4,0.915,1,0.589,3,1,7,2,5,1,0,6,0.161,2,0
4,6,1,5,0.0,6,2,-1.555,0,3,3,0.0,-5.828,2,0.0,7,4,3,0,1,0.507,2,5,3,0,1,1,0.805,5,0.377,5,1,2,1,6,2,5,2,-1.002,1,0
6,2,0,1,0.0,4,2,0.032,1,3,2,0.0,1.633,0,0.0,6,3,3,0,2,2.325,6,3,5,0,3,4,0.646,6,-0.963,4,2,4,5,4,6,2,2,-0.502,3,0
5,7,0,4,0.0,2,4,0.928,5,3,0,0.0,-2.812,0,0.0,5,0,3,0,1,0.51,3,4,4,0,1,0,0.789,3,1.027,7,1,7,4,1,0,1,7,1.128,0,0
1,5,7,2,0.0,3,1,-0.767,6,2,1,0.0,-4.239,5,0.0,1,5,6,0,0,-1.341,0,1,4,0,3,1,1.106,5,-1.904,2,2,4,6,5,3,2,6,-0.894,4,0
0,6,6,5,1959.8,6,0,3.425,0,7,4,0.0,4.99,4,0.0,4,1,6,1,5,3.166,0,1,0,1,5,1,1.294,5,0.056,5,2,5,6,0,1,2,7,2.037,3,1
1,2,4,5,0.0,3,2,1.229,0,3,2,0.0,-0.572,3,0.0,1,1,4,0,3,0.291,3,1,2,0,4,0,1.203,6,1.691,0,6,1,5,7,7,7,5,0.938,4,0
5,1,6,6,0.0,0,1,-0.516,0,2,5,0.0,-0.241,4,0.0,2,5,2,0,3,-0.726,4,0,4,0,2,1,1.046,3,-0.362,2,5,2,2,7,0,0,1,-0.448,6,0
4,5,7,4,0.0,4,1,-0.756,1,0,0,0.0,0.359,4,0.0,2,3,6,0,5,-0.735,0,5,2,0,6,2,0.69,6,-3.051,6,1,2,4,3,1,4,3,-0.972,0,0
1,0,4,6,221.61,1,4,1.264,4,5,5,0.0,1.12,5,0.0,6,6,0,1,7,-0.616,1,7,7,0,2,3,1.346,6,1.46,5,2,7,5,5,6,0,2,1.143,1,1
3,1,5,1,0.0,3,1,-1.061,4,0,7,0.0,-1.249,2,0.0,7,6,6,0,2,-0.236,0,2,2,0,0,5,1.294,4,1.512,7,5,0,5,2,2,6,0,0.059,3,0
2,1,4,2,0.0,0,4,0.919,0,1,4,0.0,2.49,4,0.0,1,1,1,1,1,2.724,1,4,0,1,7,0,1.499,0,2.05,4,4,4,3,5,6,4,3,1.845,1,1
0,1,0,0,0.0,5,3,0.776,7,0,2,0.0,-3.687,2,0.0,7,6,3,0,7,0.322,0,2,0,0,7,1,1.133,6,-0.275,0,6,3,6,0,4,7,1,0.913,2,0
2,0,7,5,0.0,7,6,1.042,5,7,3,0.0,-0.936,0,0.0,3,6,4,0,0,0.932,2,4,7,0,2,1,1.274,1,2.511,2,5,5,5,2,0,0,5,-0.492,6,0
3,3,7,4,0.0,5,4,-1.106,7,5,4,0.0,-4.676,6,0.0,7,5,2,0,1,-1.137,0,2,4,0,2,3,1.499,3,-5.507,3,1,7,1,6,2,0,1,-1.565,2,0
1,0,4,3,0.0,3,0,-0.229,4,2,5,0.0,0.158,1,0.0,5,6,2,0,4,-2.04,2,2,1,0,3,0,0.766,1,-0.744,1,4,6,7,7,7,7,6,-0.598,0,0
5,5,4,2,0.0,4,0,0.22,6,3,2,0.0,2.497,6,0.0,0,6,0,0,0,0.116,4,2,6,0,0,6,1.094,7,-1.72,7,3,7,4,4,0,5,0,-0.731,5,0
1,1,4,6,0.0,7,3,-1.415,2,5,4,0.0,-0.634,4,0.0,7,4,1,0,4,-2.571,7,1,3,0,1,2,0.798,2,0.742,6,3,7,2,1,6,0,6,-0.583,2,0
0,3,0,6,0.0,0,0,-0.813,2,4,3,0.0,-2.194,2,0.0,4,0,4,0,2,0.997,7,5,3,0,7,4,1.204,1,1.562,5,3,0,1,1,2,6,4,-0.442,4,0
4,4,0,0,0.0,4,3,-0.962,0,0,7,0.0,-1.857,0,0.0,3,3,3,0,0,-0.619,1,0,5,0,7,1,1.007,7,-2.797,0,7,6,3,4,4,7,0,-0.662,1,0
6,6,0,0,0.0,0,0,0.551,3,3,0,0.0,1.562,6,0.0,3,0,4,0,7,0.466,7,5,3,0,5,2,1.058,4,0.691,7,7,5,3,6,0,4,4,0.768,3,0
4,5,2,5,0.0,4,2,-1.48,4,3,1,0.0,-3.687,7,0.0,1,7,6,0,4,-0.831,5,5,3,0,7,6,0.943,4,-1.956,1,7,2,0,0,4,7,4,-1.245,5,0
0,5,5,5,0.0,6,7,1.16,7,2,1,0.0,2.695,3,15.9,4,2,7,1,5,1.554,5,1,6,0,2,3,1.277,6,3.091,7,3,2,4,7,4,0,7,1.007,2,1
2,4,0,0,0.0,1,3,-2.36,0,0,5,0.0,-1.874,2,0.0,2,0,2,0,4,-1.347,4,4,5,0,6,7,1.085,3,-2.894,0,5,2,1,3,3,2,7,-2.106,0,0
4,0,2,0,0.0,4,0,-0.719,2,3,3,0.0,1.486,5,0.0,2,6,6,0,6,-0.877,1,4,7,0,2,1,0.668,1,0.269,5,3,3,1,0,3,2,0,-0.078,4,0
4,5,0,0,0.0,4,1,-1.691,6,7,3,0.0,-1.066,0,0.0,4,5,0,0,7,-2.956,0,1,6,0,1,3,1.059,7,-2.234,1,3,7,2,5,0,3,1,-1.704,7,0
3,7,4,5,0.0,0,2,0.579,3,4,1,0.0,2.025,0,0.0,0,5,5,0,7,-0.732,6,1,1,0,5,4,1.136,0,3.474,4,7,0,5,1,0,2,2,1.153,3,0
3,0,7,5,0.0,6,1,0.445,7,3,0,0.0,4.633,6,0.0,1,0,0,0,5,-1.677,1,4,2,0,3,0,0.809,7,1.893,1,3,2,6,3,1,6,2,-0.051,5,0
1,3,3,6,1407.75,0,6,1.993,0,1,6,0.0,0.153,5,0.0,0,7,5,1,0,0.075,0,4,7,1,2,6,1.106,6,1.375,2,3,1,0,1,6,6,5,1.587,7,1
3,7,5,6,0.0,5,6,-1.76,6,2,0,0.0,2.776,3,0.0,3,3,4,0,2,-4.073,6,4,5,0,5,5,1.16,7,-5.501,5,1,5,0,0,0,2,6,-2.29,7,0
7,1,5,3,0.0,7,6,-0.318,3,4,4,0.0,-1.98,5,0.0,1,2,7,0,6,-0.513,3,5,4,0,1,2,1.078,7,0.183,1,0,7,5,3,3,0,7,-1.071,6,0
1,5,6,4,0.0,0,6,1.269,4,4,0,0.0,-0.692,0,0.0,0,4,6,0,7,-0.575,7,2,3,0,4,4,1.307,3,-0.109,2,4,4,6,5,4,7,7,0.024,2,0
4,5,5,7,1171.61,1,6,0.102,0,2,4,0.0,3.891,0,0.0,5,3,1,0,0,-1.304,5,2,7,1,0,5,1.13,4,0.617,1,5,7,7,7,3,0,3,0.728,4,1
0,6,4,6,0.0,3,7,-2.052,7,6,7,0.0,-0.793,2,0.0,2,6,0,0,0,-4.005,3,7,1,0,4,2,0.917,6,-3.713,7,1,4,7,0,7,7,4,-3.03,4,0
3,5,2,5,0.0,7,1,0.354,4,6,0,0.0,2.246,7,0.0,1,7,4,0,0,0.651,0,5,1,0,6,0,1.065,4,-1.589,4,0,5,4,7,2,2,0,0.213,5,0
7,7,2,7,0.0,5,5,0.363,7,3,3,0.0,0.088,7,0.0,1,6,0,0,0,2.033,4,2,6,0,7,3,1.063,5,-2.115,3,4,4,4,0,6,5,5,-0.293,5,0
5,3,7,3,0.0,3,5,0.056,7,6,1,0.0,2.948,2,0.0,2,4,3,0,6,-2.273,5,5,4,0,0,0,1.075,3,1.198,4,7,0,4,7,5,7,5,-0.08,5,0
6,2,3,5,1692.77,2,1,-0.247,2,2,1,0.0,1.071,4,0.0,2,4,2,0,6,3.248,6,3,0,1,4,2,0.979,7,1.12,7,6,2,6,5,1,1,5,0.765,5,1
6,7,2,0,0.0,2,6,-0.918,6,3,6,0.0,1.316,2,0.0,2,1,1,0,1,0.681,4,5,5,0,7,0,1.058,6,-1.377,1,4,0,1,7,3,0,6,-0.317,2,0
2,7,4,4,0.0,6,3,-0.189,6,1,2,0.0,2.202,6,0.0,0,0,7,0,0,-0.659,6,4,4,0,0,3,0.833,0,-0.099,6,7,6,6,0,5,7,2,-0.239,7,0
3,0,0,1,0.0,4,0,-0.531,2,4,1,0.0,-3.724,4,0.0,6,7,6,0,3,-0.973,0,1,2,0,5,2,1.058,2,0.393,4,7,4,3,6,0,4,7,-0.907,2,0
5,6,3,5,0.0,5,7,-0.473,0,6,2,0.0,-0.359,7,0.0,6,3,2,0,5,-0.187,0,5,3,0,2,3,0.934,3,-0.643,6,5,7,6,7,4,2,7,-0.665,5,0
1,3,1,5,0.0,4,6,1.231,2,4,2,0.0,2.004,2,0.0,5,3,5,0,7,-1.279,4,3,0,0,2,0,1.025,0,0.504,5,6,1,7,1,3,0,3,0.933,2,0
5,0,3,5,0.0,6,3,-0.702,0,4,3,0.0,-3.123,3,0.0,6,7,4,0,1,-0.471,0,5,7,0,4,3,1.016,1,-0.851,2,1,4,4,2,5,3,3,-0.618,6,0
3,4,1,5,0.0,7,4,-1.278,6,3,7,0.0,-1.292,2,0.0,7,3,5,0,5,-0.648,4,0,1,0,7,0,0.849,3,-1.394,7,5,5,3,6,6,0,2,-0.995,3,0
4,6,5,5,0.0,5,3,-0.126,2,1,1,0.0,1.307,2,0.0,1,4,3,0,2,1.576,3,3,3,0,5,6,0.721,4,-2.553,5,7,5,2,7,3,1,3,-0.828,2,0
6,2,0,6,1261.7,1,6,1.926,3,1,0,0.0,2.282,4,0.0,0,7,0,1,4,2.05,1,6,4,1,5,7,1.411,0,-2.215,1,7,5,2,0,2,6,2,1.422,6,1
0,7,0,1,0.0,5,1,-2.285,2,0,6,0.0,-6.036,7,0.0,1,6,4,0,2,-2.029,7,4,1,0,1,4,1.249,4,-2.466,7,4,2,6,3,2,5,7,-1.889,2,0
0,1,5,7,2059.83,3,4,0.963,2,1,5,671.57,-4.593,1,0.0,1,6,1,1,6,1.424,2,7,1,1,7,1,1.349,1,0.913,3,5,6,2,3,0,4,7,0.63,3,1
3,7,3,7,0.0,7,4,-0.619,7,3,7,0.0,-3.318,5,0.0,2,6,7,0,1,-1.644,0,4,2,0,1,4,0.83,5,-1.09,4,5,7,2,2,3,4,7,-1.444,7,0
1,0,2,5,609.25,3,4,1.427,6,4,4,0.0,-1.103,1,0.0,2,5,4,1,3,0.72,5,4,7,1,0,4,1.257,6,1.18,1,0,1,1,5,0,6,7,1.092,2,1
6,2,5,3,0.0,0,4,0.509,7,3,0,0.0,-1.455,5,0.0,3,2,4,0,6,1.263,0,4,1,0,4,7,1.036,1,-2.817,6,6,6,7,7,7,1,4,-0.277,3,0
1,4,1,1,0.0,7,0,0.472,5,7,5,0.0,0.528,3,0.0,2,2,5,0,0,1.72,0,0,6,0,7,0,0.878,4,2.35,5,2,6,1,1,6,2,3,0.162,0,0
4,7,3,4,0.0,5,7,-0.916,0,3,1,0.0,-0.477,1,0.0,3,4,1,0,5,1.198,5,2,6,0,1,3,0.827,0,-3.752,0,1,3,1,2,4,2,2,-0.835,3,0
5,7,6,1,0.0,4,3,0.564,2,6,6,0.0,-1.899,4,0.0,4,4,0,0,7,-0.755,0,4,3,0,3,2,1.23,4,-0.236,4,7,3,5,4,7,3,3,0.275,4,0
6,5,7,7,0.0,0,4,-0.327,4,3,4,0.0,0.722,4,0.0,7,0,1,0,5,1.066,2,6,0,0,5,2,1.283,5,-1.04,1,4,1,7,6,6,4,6,-0.401,0,0
6,0,2,3,0.0,4,1,-2.186,2,3,3,0.0,-1.483,2,0.0,1,3,2,0,3,-1.912,6,6,7,0,2,3,1.354,6,-2.38,1,7,5,6,1,0,5,4,-2.186,4,0
4,2,1,2,0.0,2,5,1.184,6,0,5,0.0,1.826,3,0.0,3,3,4,0,7,1.524,4,1,2,0,4,2,0.858,6,1.068,1,7,0,0,1,2,6,0,0.97,0,0
0,3,5,0,0.0,5,1,-1.617,1,2,5,0.0,0.582,6,0.0,0,7,3,0,4,-3.309,3,6,6,0,1,6,1.118,4,-2.134,7,4,1,7,0,1,5,3,-0.794,0,0
4,1,5,6,0.0,0,0,-2.048,5,0,1,0.0,-2.299,2,0.0,7,3,0,0,0,-2.31,4,2,7,0,5,4,0.823,0,-0.62,4,5,6,7,5,7,2,7,-2.22,2,0
3,2,0,6,0.0,0,0,-1.165,4,6,1,0.0,-1.357,1,0.0,5,0,3,0,3,-0.086,2,5,2,0,5,5,0.995,1,1.911,2,0,4,2,4,5,6,4,-0.6,7,0
2,2,5,6,0.0,1,3,-0.138,4,7,3,0.0,-1.759,7,0.0,5,1,7,0,3,-0.207,7,6,6,0,5,7,1.134,7,0.836,2,1,0,7,6,2,0,2,-0.046,4,0
1,7,0,6,602.33,1,5,1.949,1,7,4,0.0,4.439,7,0.0,7,7,7,1,2,2.524,1,6,3,1,4,6,1.095,7,0.53,4,0,2,1,5,2,0,1,2.115,1,1
6,3,1,3,0.0,2,3,-2.02,7,7,1,0.0,-5.244,3,0.0,7,4,6,0,4,-1.626,1,7,6,0,6,7,0.91,0,-2.772,6,1,3,6,5,1,1,2,-1.83,3,0
7,6,7,4,0.0,6,0,0.27,7,5,4,0.0,-6.134,1,0.0,1,7,5,0,4,-0.317,6,3,0,0,5,1,1.333,0,-0.361,1,7,1,1,1,0,2,3,0.607,0,0
3,1,2,1,0.0,1,2,-1.294,3,1,5,0.0,-1.051,1,0.0,7,2,4,0,6,-0.585,4,5,2,0,6,4,0.742,0,-0.601,1,3,0,7,4,2,4,6,-1.701,6,0
7,1,6,5,0.0,6,7,-0.517,1,0,3,0.0,-2.283,1,0.0,5,1,4,0,4,1.553,7,5,1,0,4,0,0.813,2,0.958,0,6,7,1,3,4,2,1,0.534,3,0
5,6,0,6,126.31,0,2,1.291,2,2,3,0.0,4.121,1,21.91,5,3,7,1,5,2.596,7,5,7,1,4,4,1.426,6,-0.878,5,2,3,3,0,1,6,1,1.292,2,1
5,0,5,0,0.0,7,7,1.111,4,7,0,0.0,3.148,2,0.0,7,4,3,0,7,1.772,3,1,6,0,3,0,0.979,0,0.932,1,7,1,4,5,2,4,6,0.656,6,0
3,7,6,5,0.0,2,0,-0.784,7,6,7,0.0,2.294,6,0.0,4,2,0,0,7,-0.356,0,1,6,0,5,2,1.355,3,0.197,3,4,2,6,3,5,1,6,-0.393,5,0
6,5,6,3,0.0,2,7,-0.379,5,2,0,0.0,-1.61,1,0.0,5,7,3,0,2,-0.49,1,3,5,0,2,7,0.586,4,-0.303,2,3,1,6,3,6,4,6,-0.3,6,0
1,5,4,5,0.0,2,1,-1.007,7,4,2,0.0,-1.672,6,0.0,5,3,4,0,3,-0.569,5,4,3,0,1,1,1.132,1,1.438,3,3,1,0,7,6,2,4,-0.326,1,0
0,0,7,3,0.0,0,1,1.024,2,6,7,0.0,5.784,2,0.0,1,5,1,0,5,-1.342,1,2,5,0,7,0,0.945,1,-0.967,2,1,5,6,7,7,4,4,0.643,1,0
7,2,2,5,0.0,5,3,-0.283,1,2,4,0.0,0.075,5,0.0,0,2,4,0,5,-0.297,1,3,2,0,3,0,1.256,6,-0.281,2,1,5,7,4,4,5,4,-0.293,1,0
1,4,0,3,0.0,5,3,-1.706,4,2,6,0.0,0.59,0,0.0,2,7,4,0,5,-2.341,5,0,3,0,7,4,0.976,3,-0.059,2,4,4,3,3,4,1,6,-0.995,2,0
3,5,1,5,625.06,0,2,0.934,2,3,7,0.0,2.534,2,2.33,6,0,4,1,0,1.24,3,6,6,0,0,0,1.309,2,-0.842,5,5,5,6,6,3,0,5,1.977,7,1
0,0,2,4,0.0,3,0,-1.073,5,0,6,0.0,-2.415,1,0.0,4,0,6,0,4,0.313,7,5,0,0,5,0,0.628,5,-1.973,6,4,1,7,7,3,7,4,-1.375,3,0
1,0,1,3,0.0,2,7,0.538,7,0,1,0.0,2.665,2,0.0,1,2,4,0,0,0.716,1,1,5,0,5,3,1.088,4,-0.315,3,1,2,4,5,0,1,0,1.034,1,0
2,0,1,4,1511.43,2,1,1.463,5,5,3,0.0,2.005,6,0.0,4,7,4,1,7,1.353,4,3,7,1,6,0,0.965,0,2.282,0,4,1,0,1,1,5,0,1.497,6,1
0,6,1,7,0.0,4,1,-0.531,2,4,4,0.0,2.301,3,0.0,7,6,3,0,5,-0.166,6,2,1,0,2,5,0.89,5,-1.934,4,0,6,5,1,7,3,0,-0.084,1,0
6,4,0,7,1856.36,1,5,0.507,0,7,1,0.0,-1.851,0,0.0,3,1,0,0,2,2.038,5,3,7,1,4,3,0.952,6,-0.002,1,0,6,2,5,3,2,2,0.696,6,1
1,6,6,3,0.0,5,2,-0.088,5,5,3,0.0,1.591,4,0.0,6,5,3,0,7,0.513,6,1,7,0,1,2,1.394,7,-0.614,6,5,4,7,3,7,3,3,0.479,3,0
7,0,7,3,0.0,5,0,0.913,7,5,7,0.0,0.417,6,0.0,5,0,5,0,0,-0.332,4,1,4,0,6,4,1.224,4,-1.692,4,7,3,4,3,3,0,6,0.909,3,0
1,5,2,2,687.36,4,0,0.926,4,3,3,0.0,-1.559,1,0.0,4,4,4,1,6,-0.295,0,5,7,0,2,4,1.148,2,0.838,5,6,4,2,2,0,4,0,-0.192,0,1
6,4,5,3,859.45,7,5,1.52,3,4,3,0.0,2.082,4,0.0,2,3,6,1,1,1.449,7,1,4,1,1,3,1.206,7,1.724,2,6,3,6,0,0,2,3,2.024,3,1
5,4,2,4,0.0,0,4,-0.578,7,1,2,0.0,0.387,6,0.0,6,6,4,0,1,0.039,5,6,0,0,5,5,0.919,7,0.279,2,2,0,0,4,4,1,2,-0.12,0,0
7,6,4,7,0.0,4,1,-0.228,3,2,0,0.0,2.437,0,0.0,0,6,7,0,0,0.975,4,2,1,0,1,3,1.106,1,-1.501,2,1,3,2,1,0,0,1,-0.692,1,0
4,1,7,4,0.0,1,3,-0.567,6,1,6,0.0,2.751,5,0.0,0,4,4,0,4,-1.663,1,7,4,0,2,1,0.543,7,-0.782,0,4,5,4,5,3,2,0,-0.697,5,0
6,6,7,4,0.0,5,7,-1.577,1,2,4,0.0,-1.503,7,0.0,2,7,2,0,2,-1.452,5,5,2,0,0,0,1.06,4,1.765,5,5,1,5,0,5,1,6,-1.707,0,0
4,0,7,5,0.0,0,1,-0.583,6,5,6,0.0,-2.387,3,0.0,4,3,7,0,2,1.618,5,5,0,0,2,0,1.137,7,1.148,3,3,6,1,1,5,2,2,-0.317,1,0
4,5,3,1,0.0,4,5,0.991,4,6,0,0.0,-2.28,1,0.0,1,1,6,0,5,-0.441,5,7,3,0,1,3,1.086,7,0.595,3,0,1,1,1,2,1,0,0.021,6,0
6,0,0,6,0.0,6,4,0.714,3,7,4,0.0,0.223,1,0.0,5,2,1,0,4,2.251,5,6,5,0,7,0,0.879,7,2.54,3,4,0,1,6,7,3,1,1.219,7,0
7,2,1,1,2086.82,2,0,0.435,4,0,3,0.0,-1.586,3,0.0,5,1,3,0,6,-0.457,1,0,4,1,1,6,1.068,6,-0.059,7,3,6,0,3,4,3,7,0.435,3,1
0,0,3,4,330.2,6,4,1.42,3,5,4,0.0,-1.445,0,0.0,3,7,0,0,5,2.866,0,6,7,1,0,3,0.797,3,2.014,7,2,1,3,7,3,1,0,1.124,3,1
2,1,0,2,0.0,5,2,1.384,2,1,6,0.0,-0.469,3,0.0,0,2,2,0,4,1.325,5,7,3,0,0,1,0.541,0,0.381,0,4,6,1,1,0,5,0,0.757,5,0
7,0,0,4,0.0,7,7,-0.393,5,1,3,0.0,-4.322,7,0.0,4,3,5,0,1,2.402,5,2,3,0,5,6,0.823,5,-1.042,4,4,5,3,5,3,7,0,-0.432,2,0
7,5,0,3,0.0,5,5,-0.408,1,4,2,0.0,-0.655,6,0.0,4,3,2,0,4,-0.971,6,7,5,0,0,2,0.88,1,-3.52,1,7,4,3,1,3,4,4,0.187,2,0
6,0,7,6,0.0,1,7,-0.778,0,6,2,0.0,-0.009,6,0.0,4,5,1,0,7,-2.332,7,1,6,0,6,7,1.37,1,0.984,1,1,6,2,5,2,4,2,-0.605,7,0
1,5,7,6,0.0,6,3,0.255,5,0,4,0.0,1.265,5,0.0,5,5,2,0,0,-1.59,6,3,7,0,6,7,0.982,5,-1.585,1,2,2,0,5,4,0,1,0.201,6,0
0,4,4,5,0.0,7,7,2.565,1,6,6,0.0,4.552,7,8.1,3,3,1,1,6,2.124,7,2,3,1,7,3,1.498,4,0.405,7,4,5,7,4,3,2,7,2.135,3,1
4,5,1,6,0.0,1,1,-0.243,3,7,5,0.0,-0.649,2,0.0,2,4,4,0,4,-3.038,6,5,4,0,2,7,0.85,2,0.812,1,3,0,5,5,5,6,2,-0.489,4,0
0,4,3,0,0.0,0,3,0.431,3,4,0,0.0,-0.165,3,0.0,0,0,2,0,3,0.022,3,5,4,0,4,4,1.331,2,1.044,5,1,4,3,1,2,7,7,0.734,7,0
0,0,6,1,0.0,3,2,-0.413,1,3,2,0.0,2.839,5,0.0,1,7,6,0,5,-0.666,7,2,1,0,7,7,1.148,7,-0.311,7,2,3,7,7,7,4,2,-0.071,6,0
2,2,0,4,0.0,3,5,0.225,0,2,3,0.0,1.635,0,0.0,0,4,2,0,5,0.16,7,1,5,0,3,2,1.197,3,1.944,6,4,5,2,5,2,4,6,1.161,7,0
7,4,5,7,0.0,4,7,0.734,5,3,4,0.0,-3.856,3,0.0,4,6,5,0,2,-0.433,1,5,5,0,7,0,1.359,2,1.756,2,1,1,3,5,1,1,4,0.655,3,0
1,6,3,6,0.0,4,7,-0.471,7,3,3,0.0,0.817,5,0.0,5,5,1,0,1,-0.607,6,3,6,0,7,2,1.015,1,-3.277,5,3,0,2,2,6,7,2,-1.2,6,0
4,4,7,7,482.72,5,4,2.701,6,5,6,0.0,3.946,0,0.0,7,0,4,1,7,2.55,5,7,2,1,2,7,1.008,7,1.082,6,7,1,3,4,3,1,3,2.479,5,1
7,4,3,7,0.0,7,2,-2.698,1,3,3,0.0,1.372,4,0.0,4,6,4,0,4,-1.048,1,4,7,0,4,7,1.135,2,-2.046,7,1,1,7,2,6,2,1,-1.697,4,0
2,5,4,4,0.0,0,2,-0.412,7,6,6,0.0,-0.633,4,0.0,7,5,6,0,3,0.535,2,6,5,0,1,6,1.115,1,-2.611,7,1,6,5,3,7,6,7,-0.432,0,0
2,3,1,7,0.0,6,7,-0.488,7,5,6,0.0,0.488,2,0.0,0,7,0,0,1,-0.552,0,6,3,0,0,3,1.282,1,-0.392,1,4,5,2,4,1,0,0,-0.491,5,0
4,7,5,1,0.0,1,5,-0.334,3,1,0,0.0,-0.154,0,0.0,0,3,0,0,3,1.446,7,0,1,0,6,3,1.352,6,-3.915,7,3,3,2,0,5,2,5,0.143,1,0
3,1,1,7,1687.09,6,3,0.749,3,5,7,0.0,-0.269,2,0.0,4,1,3,1,6,0.973,4,5,2,0,4,2,1.196,0,-0.669,1,7,1,1,6,6,6,1,0.325,2,1
0,1,5,7,0.0,6,5,-1.393,7,5,3,0.0,-1.573,3,0.0,5,2,3,0,1,-0.9,1,0,7,0,7,1,1.098,0,-1.236,2,2,4,4,0,4,5,4,-0.75,0,0
5,7,7,1,0.0,1,5,-0.28,0,2,6,0.0,-2.744,0,0.0,5,2,4,0,7,-1.0,3,5,0,0,0,1,0.729,5,-1.198,3,0,5,0,2,3,7,3,-0.353,5,0
4,0,4,7,0.0,4,4,-0.492,7,0,1,0.0,1.369,0,0.0,1,6,4,0,0,-0.213,3,3,4,0,3,4,1.04,7,-0.439,5,1,7,2,2,1,4,7,0.572,6,0
0,4,1,1,0.0,6,3,-1.261,1,3,7,0.0,-3.846,3,0.0,6,4,2,0,3,-0.921,0,4,1,0,6,6,0.952,1,-2.324,4,6,3,6,6,4,6,3,-0.293,7,0
3,7,3,3,0.0,2,0,-1.291,2,0,4,0.0,2.037,4,0.0,1,1,5,0,4,-1.511,5,0,1,0,6,0,0.998,0,-0.448,4,7,6,2,2,1,2,1,-1.363,3,0
4,1,2,2,0.0,3,2,0.131,4,4,5,0.0,0.451,4,0.0,3,4,3,0,2,2.18,7,0,5,0,4,0,0.872,3,0.67,1,5,7,7,5,1,3,4,0.547,6,0
2,6,6,7,0.0,0,5,-0.358,5,5,7,0.0,-0.084,1,0.0,3,6,6,0,0,1.898,7,7,4,0,1,3,0.989,6,-2.32,2,2,3,4,3,2,7,4,0.772,2,0
0,7,2,6,0.0,5,1,0.208,2,5,2,0.0,-1.083,3,0.0,4,3,3,0,7,-0.237,0,1,0,0,4,7,0.588,4,0.877,5,1,5,2,0,4,5,3,0.649,1,0
5,4,2,0,0.0,3,5,-1.204,0,6,7,0.0,-2.283,3,0.0,4,0,0,0,3,-0.493,3,4,6,0,2,3,0.997,5,1.541,7,5,6,2,3,4,6,0,-0.677,5,0
7,4,5,6,0.0,1,2,-0.076,6,3,4,0.0,1.656,6,0.0,0,5,2,0,1,-1.517,2,0,0,0,6,2,0.852,6,-0.785,1,6,3,0,7,4,3,4,0.198,1,0
6,5,4,6,0.0,5,1,0.164,7,7,7,0.0,0.176,1,0.0,2,2,0,0,1,-2.862,3,0,1,0,3,5,1.054,0,-0.948,2,4,3,4,1,3,7,6,0.178,7,0
6,3,0,0,0.0,2,3,0.069,2,4,7,0.0,-2.294,5,0.0,2,7,2,0,5,0.588,2,0,2,0,3,2,1.137,5,1.207,7,2,7,3,2,6,2,4,0.012,2,0
0,1,7,1,0.0,7,3,0.568,4,4,7,0.0,-4.178,2,0.0,7,7,7,0,7,1.359,7,5,6,0,3,0,1.201,3,4.057,7,3,4,4,0,4,5,3,0.33,1,0
5,1,6,5,0.0,6,3,-0.45,7,3,5,0.0,3.224,2,0.0,1,7,6,0,7,0.776,0,5,6,0,7,5,0.962,3,-2.059,0,1,3,2,2,0,7,5,0.195,4,0
6,2,7,5,0.0,4,6,-2.339,7,3,3,0.0,-3.746,2,0.0,6,4,5,0,2,-2.785,1,2,1,0,7,5,0.979,5,-3.317,4,1,0,1,5,5,6,0,-2.895,1,0
3,4,3,4,0.0,4,4,-0.355,2,6,6,0.0,3.754,7,0.0,4,4,4,0,4,-1.708,7,4,6,0,6,6,0.684,1,0.585,6,3,5,5,1,4,4,7,-0.493,4,0
4,2,7,7,0.0,0,4,-0.246,1,3,3,0.0,0.133,1,0.0,3,5,5,0,4,-1.077,0,0,4,0,0,4,1.301,3,0.5,3,5,7,7,4,6,2,2,-0.089,6,0
7,6,1,1,0.0,6,5,-1.474,1,7,1,0.0,-3.275,4,0.0,3,6,1,0,1,-2.235,5,3,1,0,5,7,0.878,6,1.005,3,1,2,2,5,4,0,5,-1.211,5,0
4,5,7,5,0.0,2,1,-2.797,2,2,7,0.0,-0.768,2,0.0,5,0,3,0,5,-3.421,2,1,6,0,6,1,1.153,5,-5.503,1,4,2,7,7,4,5,2,-2.544,7,0
1,4,1,1,0.0,4,6,-0.198,5,3,0,0.0,1.166,5,0.0,3,4,1,0,2,1.114,6,3,4,0,1,6,1.182,6,2.265,6,6,1,7,0,6,5,4,0.372,7,0
4,3,6,6,0.0,6,4,0.318,7,1,7,0.0,6.395,1,0.0,2,1,3,0,5,1.548,7,1,5,0,1,3,1.289,3,2.069,1,7,4,4,5,4,7,2,0.973,6,0
1,2,6,2,0.0,6,5,0.227,6,0,0,0.0,0.441,4,0.0,7,5,5,0,7,-1.954,1,4,2,0,0,7,1.129,5,1.367,7,5,7,6,4,3,4,1,0.134,3,0
2,4,5,0,0.0,2,5,-0.758,3,3,6,0.0,-0.693,4,0.0,3,7,5,0,7,-0.248,1,2,5,0,4,6,1.33,5,3.456,3,0,4,6,0,1,3,4,-1.195,2,0
6,5,2,4,0.0,2,2,0.404,2,7,4,0.0,2.185,3,0.0,4,2,7,0,3,0.483,2,5,4,0,7,6,0.954,1,-0.123,1,4,2,6,4,1,3,6,0.194,6,0
7,7,2,0,0.0,0,3,1.071,7,2,5,0.0,2.193,3,0.0,1,6,3,0,0,1.895,6,6,2,0,6,2,1.112,6,-1.944,7,5,4,0,5,7,4,0,0.068,7,0
5,4,5,4,0.0,2,5,-1.165,5,5,3,0.0,0.027,6,0.0,2,4,4,0,7,-1.319,6,6,2,0,7,6,0.53,6,-2.217,3,1,5,1,0,4,1,7,-2.125,5,0
3,1,5,0,0.0,5,7,-0.728,1,3,7,0.0,0.213,4,0.0,2,6,3,0,5,-0.896,5,5,7,0,7,4,1.04,6,0.234,4,0,4,3,0,4,3,2,-1.313,6,0
6,3,2,1,0.0,6,2,-0.728,7,6,2,0.0,-0.325,4,0.0,7,0,3,0,5,0.263,3,3,2,0,6,7,0.838,4,-0.378,1,6,0,6,5,5,0,0,-0.277,6,0
7,0,5,2,0.0,1,5,0.662,0,7,1,0.0,-2.054,0,0.0,3,2,7,0,7,1.331,3,0,0,0,4,7,0.967,7,0.196,2,5,1,7,2,4,2,7,-0.018,7,0
6,2,5,0,1885.45,0,7,1.442,2,2,1,607.09,-0.473,4,0.0,2,4,6,0,0,3.842,5,0,3,1,3,2,1.238,0,1.174,2,4,0,4,7,3,4,1,1.146,7,1
2,3,6,2,0.0,6,7,-1.497,4,5,1,0.0,-0.614,5,0.0,1,1,6,0,4,0.54,0,0,0,0,4,5,1.141,0,-0.254,6,2,4,2,3,4,4,1,-1.04,4,0
0,4,7,7,0.0,1,6,-0.855,0,2,0,0.0,-3.037,6,0.0,7,3,5,0,3,-2.008,4,2,5,0,6,7,1.289,7,-0.261,6,1,6,4,5,3,5,0,-1.245,1,0
0,3,5,2,0.0,5,5,0.877,4,3,4,0.0,0.007,1,0.0,4,1,6,0,2,0.771,0,3,1,0,2,6,0.745,7,3.555,4,5,3,4,3,3,0,3,0.154,5,0
6,0,2,0,0.0,3,3,-0.152,5,7,4,0.0,-3.296,1,0.0,0,5,4,0,3,-2.326,0,7,3,0,4,5,1.241,4,-1.346,5,5,3,7,2,1,3,5,-0.963,0,0
5,2,4,5,0.0,4,7,-1.435,3,4,4,0.0,-4.212,3,0.0,2,5,2,0,6,-0.513,6,6,1,0,1,3,0.986,1,2.488,2,0,6,2,4,7,3,5,-0.958,2,0
7,0,3,2,0.0,0,3,-2.566,6,2,7,0.0,-3.656,2,0.0,4,7,7,0,1,-2.514,1,2,4,0,0,1,0.779,3,-0.885,6,2,2,4,1,1,5,0,-1.335,7,0
1,7,2,4,993.75,3,7,2.35,4,1,5,0.0,-1.111,1,3.29,4,2,5,0,3,1.055,3,1,4,1,2,4,1.168,1,3.326,5,7,5,2,5,6,1,5,2.231,3,1
6,7,0,4,0.0,5,3,0.061,6,4,5,0.0,-4.069,5,0.0,0,2,6,0,6,1.408,2,0,4,0,1,3,1.304,2,1.677,6,0,7,2,6,7,7,5,0.19,2,0
3,0,1,3,0.0,3,2,1.468,3,5,3,0.0,6.461,4,0.0,4,2,4,0,4,0.448,3,4,6,0,3,0,0.974,4,0.104,6,4,2,4,2,4,4,1,0.579,1,0
6,5,0,1,0.0,7,7,-1.131,1,3,6,0.0,-2.378,0,0.0,0,7,7,0,4,-0.664,2,4,2,0,7,2,1.104,2,0.537,4,4,7,6,4,2,7,2,-1.044,3,0
2,3,5,0,0.0,2,2,-0.071,5,4,7,0.0,2.973,1,0.0,7,3,5,0,1,2.055,2,2,3,0,7,3,0.879,7,-0.408,2,4,7,6,3,0,5,5,0.348,1,0
4,6,3,6,0.0,1,2,-1.244,4,6,2,0.0,1.745,1,0.0,7,3,7,0,6,-0.858,2,0,3,0,5,5,0.679,0,-0.673,2,0,0,6,6,5,2,1,-1.008,6,0
2,4,3,7,0.0,1,5,0.47,2,5,2,0.0,4.787,2,0.0,1,7,7,0,4,0.926,0,1,0,0,2,5,1.102,5,1.515,0,1,3,3,1,7,4,2,0.417,7,0
7,1,4,5,0.0,2,0,2.093,2,5,4,0.0,0.933,3,0.0,4,5,7,0,4,2.106,7,7,2,1,5,4,1.249,5,1.583,1,6,3,7,0,7,3,2,1.692,1,1
2,6,7,4,0.0,2,0,-0.097,5,6,7,0.0,2.099,3,0.0,3,3,4,0,4,0.23,7,0,6,0,2,1,0.777,7,-1.514,7,2,7,3,0,0,0,0,-0.587,6,0
5,1,1,7,0.0,0,6,-0.822,0,6,6,0.0,-2.217,4,0.0,6,7,0,0,6,-2.136,0,4,0,0,0,4,1.204,3,-0.698,2,0,5,6,1,5,4,1,-0.516,6,0
7,0,0,1,0.0,6,2,-0.28,2,5,1,0.0,-2.702,2,0.0,4,1,4,0,6,1.455,1,1,4,0,1,6,1.38,5,-1.993,4,6,4,0,7,6,4,0,-0.36,3,0
0,5,4,1,0.0,0,0,0.563,4,5,4,0.0,1.224,6,0.0,4,1,3,0,1,-1.133,2,1,7,0,2,5,0.757,4,-1.626,7,3,6,6,4,4,1,5,-0.169,6,0
5,1,4,0,0.0,1,4,1.418,2,7,7,0.0,3.517,0,22.97,4,1,0,1,4,2.524,7,1,6,1,0,3,1.56,5,3.53,0,2,5,4,2,2,0,1,1.657,1,1
0,4,2,0,0.0,0,4,-1.329,2,5,0,0.0,-1.84,6,0.0,5,2,4,0,7,0.162,2,0,6,0,4,5,1.203,6,-0.991,0,1,2,5,5,5,7,7,-0.846,2,0
7,0,2,3,0.0,6,0,0.876,5,4,4,0.0,-0.099,4,0.0,7,3,4,0,2,2.761,6,4,5,0,6,1,0.891,4,1.02,7,2,2,6,3,2,2,1,0.876,6,0
5,6,3,7,0.0,3,7,-1.089,1,7,7,0.0,4.312,0,0.0,1,1,5,0,3,-1.522,7,2,4,0,4,5,0.998,4,-4.071,7,5,7,0,3,2,0,2,0.113,6,0
0,7,6,5,1169.23,1,7,1.958,3,7,5,0.0,2.389,2,0.0,7,1,3,1,4,0.459,2,4,4,1,6,6,1.324,1,2.936,3,4,1,7,3,2,5,5,1.85,5,1
7,2,1,7,0.0,6,1,0.094,5,5,7,0.0,-0.312,7,0.0,5,7,2,0,6,-0.675,0,7,0,0,6,1,0.596,0,0.205,4,3,1,3,4,2,3,5,-0.574,6,0
2,0,4,1,0.0,4,2,-0.149,7,1,7,0.0,-1.956,2,0.0,0,7,6,0,7,0.38,1,6,6,0,1,4,1.276,5,0.868,0,7,0,2,7,3,0,4,-0.044,3,0
0,1,0,7,0.0,1,6,0.401,4,3,1,0.0,0.882,0,0.0,2,6,5,0,6,0.914,1,7,1,0,4,7,0.789,0,0.692,4,4,4,4,5,4,6,4,0.483,2,0
0,3,2,0,0.0,6,7,0.411,4,2,5,0.0,4.425,5,0.0,1,5,4,0,0,-2.02,7,6,4,0,2,7,0.863,2,1.065,4,5,1,2,1,1,0,0,0.022,0,0
4,4,0,2,0.0,5,1,-0.004,6,5,7,0.0,-2.352,1,0.0,5,6,0,0,4,-1.589,4,3,6,0,0,2,1.004,2,0.693,3,1,3,6,0,5,3,2,-0.677,5,0
1,7,2,4,0.0,7,6,1.022,6,1,6,0.0,0.815,1,0.0,2,5,0,0,4,0.571,0,6,7,0,7,0,1.26,1,-2.2,2,5,4,0,5,3,7,2,-0.256,7,0
5,5,0,0,0.0,2,4,0.803,7,5,4,663.32,3.526,0,0.0,0,3,3,0,5,-0.796,7,2,6,1,6,1,1.572,4,2.916,3,6,1,7,1,5,5,5,1.289,7,1
1,1,0,5,0.0,0,4,0.894,7,0,5,0.0,0.295,6,0.0,0,0,5,0,6,-0.787,2,5,2,0,4,3,0.895,7,-1.896,2,6,6,1,7,4,0,6,0.119,0,0
2,2,6,3,0.0,3,3,1.479,3,0,6,0.0,2.213,2,0.0,2,2,3,0,4,-1.321,2,4,5,0,4,2,0.824,5,1.417,1,7,1,3,2,1,6,7,0.429,4,0
2,2,0,3,0.0,0,3,-1.355,7,3,6,0.0,-0.408,6,0.0,2,2,2,0,0,-1.086,6,6,7,0,5,0,0.761,1,1.471,7,0,3,7,6,5,2,6,-1.135,1,0
1,3,5,0,0.0,5,2,-0.396,4,7,3,0.0,1.146,3,0.0,6,5,5,0,5,1.794,7,3,7,0,1,4,0.936,4,1.603,7,6,3,0,0,5,3,2,0.028,0,0
2,2,2,0,0.0,7,6,-0.903,1,2,4,0.0,-4.062,1,0.0,7,1,3,0,7,-2.755,1,3,4,0,2,4,0.9,5,-3.244,4,6,2,3,4,4,4,2,-1.8,2,0
2,4,1,2,0.0,2,2,0.673,1,2,2,0.0,2.813,0,0.0,6,5,2,0,4,3.481,5,3,7,0,7,7,0.833,7,-3.531,0,0,5,7,4,7,5,4,0.251,0,0
6,2,6,4,0.0,6,5,0.051,4,5,1,0.0,-1.686,0,0.0,0,7,6,0,5,0.155,1,5,0,0,2,7,0.919,2,-2.217,2,4,2,0,4,2,7,1,0.384,4,0
6,4,2,0,0.0,1,0,-0.484,7,3,7,0.0,3.358,2,0.0,3,6,4,0,5,-0.15,0,7,0,0,3,7,0.698,2,-2.357,1,7,2,1,3,4,3,4,-1.13,7,0
4,3,6,1,0.0,6,4,1.557,6,2,2,0.0,2.125,6,0.0,4,4,7,0,0,0.517,3,1,2,1,6,6,1.459,0,1.652,7,3,3,6,4,2,7,2,1.095,1,1
1,7,1,6,0.0,3,7,1.247,1,7,5,0.0,-0.284,5,0.0,6,5,4,0,5,-0.834,4,3,4,0,3,6,1.221,2,1.159,1,5,1,6,3,0,3,4,0.54,3,0
1,6,4,0,0.0,1,5,-0.208,5,3,4,0.0,3.984,3,0.0,2,7,4,0,7,-1.201,1,6,0,0,2,5,0.898,3,-2.249,3,6,4,6,7,0,3,2,-0.543,1,0
1,7,7,3,0.0,3,5,0.917,4,2,2,0.0,3.369,0,0.0,0,3,6,0,5,-0.554,5,1,3,0,7,2,1.098,5,-3.074,1,1,2,0,2,3,7,4,0.496,1,0
0,3,3,6,0.0,5,1,-2.016,5,2,6,0.0,-5.793,3,0.0,6,1,0,0,7,-2.595,0,6,1,0,5,2,0.895,1,-2.456,1,6,6,6,4,7,3,5,-1.964,6,0
5,7,0,6,0.0,4,0,1.929,2,3,5,0.0,6.594,5,3.82,0,1,0,1,3,2.636,1,5,5,1,5,7,1.343,6,1.945,2,3,1,1,2,1,5,2,2.37,7,1
6,4,5,4,0.0,2,4,0.168,4,5,1,0.0,-1.147,2,0.0,4,4,6,0,7,-0.659,3,3,4,0,2,5,1.131,7,-0.597,5,5,0,3,7,3,0,2,0.483,1,0
1,5,6,7,0.0,4,1,-0.602,6,7,1,0.0,-2.559,3,0.0,1,6,0,0,1,1.325,6,4,4,0,1,5,1.16,2,-2.005,5,0,6,6,3,4,6,5,0.132,2,0
0,1,1,5,0.0,1,7,0.744,5,4,6,0.0,-0.36,4,0.0,7,3,2,0,5,-0.914,5,1,6,0,0,7,0.847,5,-2.898,2,0,6,5,0,5,2,6,-0.348,7,0
5,4,5,6,0.0,0,7,-1.859,5,2,3,0.0,-1.937,5,0.0,2,6,2,0,3,-1.355,2,5,6,0,6,1,1.38,5,-1.184,5,3,4,6,1,0,2,3,-1.736,3,0
6,5,3,7,1899.0,0,0,-0.29,2,4,3,0.0,2.046,2,0.0,0,5,6,0,1,0.044,2,2,5,1,5,0,0.898,4,-0.031,2,3,7,7,3,4,1,0,0.517,5,1
5,7,5,3,0.0,5,0,0.505,1,6,4,0.0,-2.477,0,0.0,5,1,1,0,5,1.727,7,0,2,1,5,3,1.178,1,1.761,5,4,2,1,5,0,6,0,0.319,2,1
6,2,2,5,0.0,5,6,-0.01,4,3,6,0.0,-2.921,4,0.0,7,6,7,0,7,0.12,5,4,5,0,1,1,1.148,4,-1.274,2,2,2,1,4,6,0,2,-0.167,4,0
7,0,1,1,1680.74,7,6,1.943,5,0,6,0.0,4.886,2,0.0,3,0,0,1,0,1.065,0,0,4,1,1,3,1.258,2,3.978,1,0,2,5,6,7,7,7,2.432,1,1
7,2,2,5,1296.28,2,7,0.262,5,6,7,0.0,2.691,7,0.0,7,7,7,1,6,-1.343,5,4,0,0,5,4,1.439,1,0.717,1,1,6,2,2,2,6,1,0.88,3,1
6,4,6,2,0.0,7,6,1.236,1,7,4,0.0,4.126,5,0.0,6,0,2,0,5,1.155,5,3,6,0,1,2,0.67,6,-0.166,6,4,7,1,1,5,4,2,0.777,4,0
1,7,1,3,0.0,4,0,1.602,3,4,1,0.0,2.255,3,0.0,4,0,5,1,7,3.832,5,3,6,1,3,2,1.123,6,-0.097,2,5,4,7,2,6,0,0,1.878,1,1
1,5,3,1,0.0,5,1,-2.74,5,0,3,0.0,-6.066,3,0.0,5,2,6,0,6,-0.933,4,6,1,0,3,2,0.804,2,-1.447,2,2,5,7,1,2,3,0,-1.658,1,0
5,3,7,1,0.0,6,0,0.05,2,6,4,0.0,-2.726,3,0.0,2,0,6,0,3,0.271,7,7,0,0,1,3,0.868,1,-2.296,6,2,7,0,2,2,2,3,-0.073,1,0
4,6,0,2,0.0,3,3,0.349,0,4,2,0.0,0.774,3,0.0,6,0,7,0,4,-0.521,2,2,3,0,5,6,0.954,2,-0.202,7,1,4,2,3,0,4,4,0.422,0,0
5,2,2,1,0.0,2,4,-1.21,1,3,7,0.0,-2.956,5,0.0,3,4,1,0,4,-1.463,7,7,5,0,0,2,1.128,0,-2.574,0,5,4,6,1,3,6,6,-0.766,6,0
0,1,7,4,0.0,7,4,1.03,7,3,1,0.0,1.845,7,0.0,1,2,1,0,3,1.936,6,5,0,0,3,4,1.215,4,3.403,2,5,3,5,5,6,6,5,0.875,4,0
4,6,0,7,1837.68,3,6,1.774,7,6,5,0.0,4.9,1,0.0,7,6,3,1,5,-0.1,6,1,6,0,6,2,1.215,4,0.274,4,3,0,2,3,6,3,6,1.344,2,1
5,5,2,5,0.0,4,1,0.199,2,0,6,0.0,-2.956,4,0.0,4,7,5,0,6,0.429,1,7,5,0,3,4,0.864,4,0.065,4,6,4,6,7,5,1,7,-0.082,1,0
0,5,6,6,0.0,6,6,0.416,3,5,4,0.0,-0.92,2,0.0,6,2,4,0,3,-0.332,5,5,5,0,1,0,0.994,7,-1.667,5,3,5,5,1,6,5,5,0.095,0,0
2,3,1,6,651.73,7,6,0.61,3,1,7,0.0,3.846,4,0.0,4,5,6,1,6,2.521,2,6,6,1,5,1,1.218,3,-1.155,4,7,1,6,4,6,7,5,1.177,6,1
1,2,5,5,0.0,5,1,0.283,7,3,1,0.0,3.092,5,0.0,2,2,3,0,6,-0.587,6,5,6,0,7,7,0.609,0,0.43,3,2,7,3,0,4,0,3,0.003,6,0
3,1,7,0,0.0,5,7,-1.367,7,3,0,0.0,-1.086,1,0.0,0,6,4,0,1,0.344,5,2,2,0,3,1,1.101,6,-3.019,1,7,1,7,0,2,5,2,-0.988,4,0
1,7,2,0,0.0,1,3,0.013,1,2,7,0.0,0.082,4,0.0,1,7,1,0,2,-0.516,1,1,0,0,3,2,1.03,2,1.191,1,4,0,6,2,4,2,7,0.259,7,0
1,7,5,7,0.0,1,4,0.405,7,4,5,0.0,-1.036,7,0.0,2,3,0,0,6,1.0,7,6,5,0,4,7,0.604,6,-1.026,4,6,6,3,3,3,1,5,0.124,4,0
7,3,5,7,0.0,3,7,-1.934,1,5,5,0.0,0.882,0,0.0,4,0,3,0,1,-1.142,7,4,5,0,2,3,1.109,6,-3.277,3,7,0,4,5,0,7,1,-1.164,0,0
7,0,6,0,1279.66,0,5,0.663,7,2,6,0.0,0.009,4,22.46,4,2,5,1,2,1.868,2,4,2,0,2,5,1.15,4,1.147,5,3,4,6,5,5,6,5,1.385,2,1
2,7,2,1,0.0,1,6,1.047,4,5,2,0.0,-0.913,0,0.0,1,4,4,0,6,-0.378,7,4,2,0,4,5,1.165,5,1.3,1,6,4,4,4,0,4,3,0.986,7,0
1,7,7,2,0.0,5,2,0.858,2,7,5,0.0,4.003,4,0.0,5,6,6,0,5,2.499,4,5,0,0,5,4,1.168,6,4.984,3,5,7,5,4,5,6,2,1.603,5,0
4,4,4,4,0.0,1,2,0.626,1,7,0,0.0,1.352,3,0.0,5,4,0,0,7,-0.903,7,4,7,0,1,3,0.929,6,-0.678,2,3,2,6,5,5,5,0,0.576,3,0
4,0,3,6,0.0,4,4,-0.752,6,4,1,0.0,-0.208,3,0.0,0,4,3,0,2,-0.899,3,3,5,0,1,0,0.799,5,-2.553,5,0,7,0,1,2,6,5,-0.165,2,0
2,7,5,6,0.0,1,3,-0.716,4,3,1,0.0,-0.536,7,0.0,3,7,5,0,4,-0.921,0,1,7,0,5,1,0.79,0,-1.37,7,3,2,6,3,3,0,7,-0.848,4,0
7,6,2,4,0.0,2,1,0.65,1,6,1,0.0,2.071,5,0.0,4,6,1,0,5,1.956,7,5,4,0,0,1,1.143,0,0.486,7,2,3,6,0,3,6,2,0.532,3,0
1,5,4,0,0.0,5,5,-0.981,4,7,4,0.0,0.774,5,0.0,1,6,1,0,1,1.891,5,0,1,0,0,5,0.941,4,0.278,3,2,7,7,5,7,0,7,-0.427,4,0
0,3,1,1,0.0,7,3,0.532,4,3,7,0.0,5.005,0,0.0,1,7,0,0,3,1.388,6,6,7,0,6,4,0.713,5,3.667,6,3,5,3,3,1,3,3,1.258,0,0
7,7,4,6,0.0,2,3,0.326,6,3,4,0.0,-4.494,4,0.0,1,5,3,0,6,-0.097,5,3,7,0,2,1,0.586,2,-1.169,5,1,1,2,3,5,2,3,0.271,5,0
5,7,0,1,0.0,3,0,0.183,1,4,4,0.0,-0.251,5,0.0,5,1,1,0,6,-2.004,7,7,7,0,6,5,1.188,0,-1.68,2,0,4,0,3,6,6,5,0.053,1,0
4,7,4,4,0.0,3,6,1.487,3,1,0,0.0,1.569,5,0.0,2,5,5,0,0,1.997,6,7,6,0,7,4,0.604,3,2.063,1,4,7,4,0,1,0,0,0.724,5,0
4,4,3,1,0.0,2,3,-0.93,7,7,2,0.0,2.651,3,0.0,5,5,1,0,7,-3.278,2,0,6,0,6,3,0.948,0,-0.917,5,2,3,0,3,5,4,1,-1.783,0,0
6,5,4,7,0.0,1,5,0.295,7,6,3,0.0,0.828,4,0.0,0,4,6,0,1,-0.056,7,6,0,0,4,6,1.117,1,0.016,4,6,4,3,7,5,5,0,-0.445,2,0
5,2,7,5,0.0,5,2,-0.758,7,0,5,0.0,-0.915,7,0.0,2,6,4,0,0,-0.392,5,5,2,0,6,5,1.237,1,-0.112,6,5,0,6,4,5,7,5,-0.984,1,0
2,7,5,6,0.0,1,0,0.15,4,5,7,0.0,-0.642,7,0.0,1,4,0,0,2,-1.75,4,0,1,0,7,4,0.952,7,3.864,6,7,4,7,4,7,5,7,-0.273,4,0
1,2,1,0,0.0,5,0,-1.383,6,2,6,0.0,0.098,7,0.0,7,1,4,0,2,0.217,2,7,1,0,7,4,0.918,1,-0.531,3,4,7,1,2,3,4,4,0.339,7,0
6,4,3,7,0.0,1,1,-0.223,6,1,4,0.0,0.103,7,0.0,0,3,7,0,6,-1.801,3,1,4,0,1,1,0.959,7,0.89,5,4,1,6,7,6,6,7,-0.082,5,0
2,3,7,1,0.0,0,6,-0.578,3,6,5,0.0,-1.228,0,0.0,5,1,3,0,4,-1.353,5,0,3,0,4,4,0.591,4,0.48,7,7,4,6,1,2,6,4,-0.13,0,0
0,3,5,7,0.0,3,6,0.297,0,6,6,0.0,-4.128,5,0.0,2,5,1,0,2,1.166,3,6,7,0,1,5,1.015,6,0.311,0,6,3,3,2,5,2,3,0.338,7,0
2,6,6,7,0.0,4,0,-0.026,4,0,2,0.0,-3.301,4,0.0,6,0,2,0,2,-0.764,3,7,0,0,1,4,1.121,6,-0.125,0,3,5,5,6,6,3,7,-0.208,7,0
3,4,3,1,0.0,0,3,-0.586,0,1,3,0.0,-1.391,2,0.0,3,3,6,0,0,-2.233,7,7,4,0,6,1,1.131,0,-1.518,1,5,4,5,2,1,3,0,-0.923,4,0
7,3,0,1,1002.63,4,7,0.799,1,6,7,0.0,2.111,2,0.0,1,4,6,0,5,2.6,5,0,1,1,3,4,0.911,5,2.722,3,2,3,4,1,4,5,1,1.364,3,1
0,6,5,4,0.0,0,5,0.254,7,0,4,0.0,1.517,4,0.0,0,7,0,0,3,-1.515,1,7,4,0,7,2,1.109,3,-0.302,5,2,1,4,2,7,2,6,-0.084,6,0
2,7,3,3,0.0,5,6,0.511,4,7,7,0.0,4.047,2,0.0,6,7,6,0,5,0.778,1,7,4,0,1,1,1.104,6,-1.34,3,1,2,7,3,5,2,5,0.583,0,0
5,6,5,5,0.0,6,5,-1.246,3,3,2,0.0,0.308,6,0.0,5,2,4,0,6,-1.468,3,5,5,0,3,5,1.23,5,-0.847,7,0,5,2,3,3,2,2,-0.554,1,0
6,0,2,2,0.0,7,7,0.758,0,6,2,0.0,-2.342,2,0.0,3,6,1,0,3,-2.036,3,2,4,0,6,2,1.226,0,-1.605,5,2,0,0,4,7,2,5,-0.359,1,0
3,0,1,4,0.0,1,4,0.947,3,3,6,0.0,-0.189,0,0.0,6,5,7,0,2,0.628,2,6,7,0,4,7,1.375,3,-0.145,5,1,5,7,1,0,4,4,0.504,5,0
6,2,4,6,0.0,2,3,-0.897,4,4,7,0.0,0.12,1,0.0,1,0,7,0,7,-0.101,6,7,4,0,0,5,1.209,3,-3.112,1,1,7,1,5,0,5,3,-0.777,7,0
1,6,5,5,710.3,0,2,1.955,5,3,1,0.0,5.496,3,0.0,0,4,0,1,1,1.55,4,5,4,1,3,2,1.104,0,1.888,3,7,6,7,7,7,7,6,1.788,1,1
7,6,0,6,0.0,6,1,0.741,3,3,1,0.0,2.525,3,0.0,1,6,3,0,6,0.042,4,2,6,0,0,6,1.05,5,-0.342,1,0,3,1,3,0,3,0,0.474,4,0
4,6,5,0,569.93,4,3,1.658,4,5,5,0.0,-0.602,3,0.0,2,5,7,1,3,2.144,6,1,4,0,7,4,1.303,4,2.083,7,4,7,5,7,5,6,4,1.12,3,1
6,1,4,2,0.0,2,3,-0.932,7,4,4,0.0,5.269,4,0.0,2,7,4,0,1,1.922,0,5,6,0,3,6,1.16,3,-0.2,6,6,3,4,3,7,2,2,0.007,6,0
7,1,2,6,0.0,6,3,-1.672,4,0,0,0.0,-1.362,6,0.0,3,0,2,0,7,1.11,0,2,2,0,3,5,1.104,2,-3.188,1,0,6,3,4,1,0,7,-1.382,2,0
7,6,2,1,0.0,3,2,-0.14,1,5,5,0.0,-2.968,2,0.0,4,2,5,0,3,-0.389,6,2,1,0,7,2,0.939,0,-2.715,7,0,0,6,2,1,6,3,-0.508,7,0
6,3,0,6,0.0,5,7,-0.152,2,7,7,0.0,0.339,4,0.0,3,3,2,0,7,0.818,2,4,6,0,2,3,1.095,7,-0.194,2,4,3,5,4,0,7,7,-0.773,6,0
7,7,4,4,0.0,2,7,-0.165,2,0,3,0.0,1.284,3,0.0,5,3,3,0,1,-1.623,0,0,5,0,2,6,1.076,1,0.806,6,3,1,3,1,5,4,2,0.99,0,0
5,4,3,6,387.0,3,1,1.855,1,2,1,0.0,-0.492,5,0.0,5,5,0,1,5,0.207,0,7,5,1,2,5,1.203,7,2.265,4,6,5,0,7,7,4,5,1.49,3,1
6,3,7,7,0.0,0,6,-0.634,5,7,6,0.0,-1.365,5,0.0,1,3,5,0,4,-0.224,5,0,5,0,6,3,1.085,7,-1.67,2,0,5,7,1,0,4,0,-0.364,2,0
3,3,4,0,0.0,6,5,-0.5,5,2,7,0.0,-2.199,1,0.0,3,6,3,0,2,0.126,4,3,5,0,3,3,0.841,2,-1.993,7,3,7,7,3,1,2,1,0.119,7,0
3,5,7,5,0.0,1,3,-0.479,0,5,5,0.0,-0.9,1,0.0,6,7,5,0,3,-1.766,7,1,5,0,3,7,1.322,1,-1.675,2,2,7,4,0,6,5,7,-1.325,3,0
0,3,7,5,0.0,1,6,-0.74,0,0,2,0.0,0.577,4,0.0,4,3,6,0,7,-0.87,2,2,1,0,3,0,0.795,2,-0.871,3,4,4,5,7,6,6,2,-1.829,6,0
5,2,5,4,0.0,7,0,0.92,0,5,6,0.0,0.465,7,0.0,4,2,3,0,0,0.195,2,1,2,0,7,5,1.039,3,0.501,2,3,1,5,3,3,5,1,0.92,2,0
5,1,1,3,1333.21,6,5,0.279,4,1,7,0.0,1.012,1,0.0,3,5,5,0,5,1.155,2,2,2,1,4,1,1.347,6,-0.19,0,3,4,3,2,2,7,3,0.023,0,1
3,3,4,2,0.0,7,2,0.924,4,3,2,0.0,-2.714,7,0.0,2,2,6,0,5,0.704,1,7,7,0,1,2,0.886,6,-1.973,2,5,5,1,4,3,0,0,0.094,2,0
3,5,2,2,0.0,6,0,-0.612,2,3,2,0.0,-1.702,5,0.0,2,3,1,0,5,0.324,7,2,5,0,3,3,0.927,0,1.26,5,6,2,2,0,0,4,6,-0.686,0,0
6,6,0,3,0.0,2,3,-0.982,5,2,6,0.0,1.876,0,0.0,4,1,7,0,0,-0.907,0,6,0,0,2,0,1.086,2,0.697,3,1,7,0,2,7,5,1,-0.574,0,0
4,5,1,6,1431.31,1,3,1.391,1,6,5,0.0,2.075,1,0.0,0,2,2,1,0,1.762,1,4,0,1,2,0,1.083,4,5.077,1,6,0,4,7,5,1,6,1.379,4,1
1,3,0,5,0.0,2,1,-1.699,1,1,2,0.0,-2.519,0,0.0,3,7,4,0,2,0.279,2,2,1,0,6,0,0.741,4,-2.466,7,3,5,4,5,5,1,3,-0.938,4,0
5,6,3,0,0.0,6,6,-1.085,2,5,5,0.0,0.983,6,0.0,5,3,6,0,7,-0.782,1,2,2,0,1,4,1.165,7,-1.729,0,6,2,5,1,1,1,6,0.307,1,0
1,6,4,6,0.0,1,6,-3.461,2,3,5,0.0,-1.808,7,0.0,7,1,3,0,6,-2.738,3,4,4,0,3,2,0.936,2,-2.891,6,7,3,2,0,1,3,1,-1.879,2,0
7,6,5,1,0.0,7,5,-0.681,1,3,7,0.0,-1.754,2,0.0,0,1,7,0,2,-0.92,0,3,6,0,6,6,0.807,3,-3.098,1,7,6,4,0,2,4,7,-0.261,1,0
1,2,3,7,239.97,0,2,0.983,3,5,3,0.0,-0.595,4,0.0,7,3,3,0,2,-0.285,2,6,4,1,2,4,1.347,0,1.766,7,6,3,6,3,6,5,5,1.376,7,1
6,4,6,2,0.0,1,2,-0.606,4,3,1,0.0,-1.017,7,0.0,6,0,1,0,0,-0.766,7,5,4,0,2,4,1.02,1,-2.33,7,2,0,5,5,6,3,2,-0.403,2,0
3,2,2,5,0.0,1,4,-2.221,3,0,0,0.0,-4.078,6,0.0,7,0,6,0,6,-1.209,6,3,4,0,1,0,0.801,3,-1.017,5,6,5,4,5,3,6,6,-1.042,0,0
5,3,6,3,0.0,6,3,0.178,4,5,1,0.0,0.688,3,0.0,5,4,6,0,5,-0.436,1,0,7,0,5,1,1.032,5,-1.212,1,0,1,7,5,6,3,1,-0.657,5,0
0,0,2,4,390.01,7,3,2.362,2,1,6,0.0,2.812,6,0.0,2,6,6,1,6,1.763,7,0,2,1,2,3,0.981,5,1.215,6,1,3,5,7,4,2,3,2.01,7,1
5,4,5,7,0.0,0,0,1.131,3,0,2,0.0,-2.697,5,0.0,6,0,3,0,7,-0.686,7,2,4,0,1,6,1.162,5,-2.531,1,6,1,6,1,6,1,0,0.227,4,0
7,7,2,4,0.0,7,2,-1.092,7,2,6,0.0,2.236,4,0.0,2,7,6,0,2,-0.62,5,6,5,0,4,4,0.963,3,-1.297,0,3,3,0,4,6,6,5,-0.851,1,0
2,4,2,5,0.0,7,1,-1.331,5,0,0,0.0,-0.65,4,0.0,7,6,4,0,2,-0.855,0,4,6,0,6,7,1.018,6,-2.021,2,7,0,7,2,6,2,3,-1.156,4,0
6,2,3,7,2003.05,6,3,1.02,3,2,5,0.0,-2.362,6,0.0,6,7,4,0,0,0.587,5,1,3,1,6,2,1.118,5,2.504,5,2,2,6,0,1,2,3,0.642,6,1
6,0,5,4,171.45,4,3,2.137,4,4,7,0.0,-0.953,6,0.0,4,1,0,0,7,0.941,5,6,2,1,0,2,1.366,5,1.576,4,7,2,1,1,1,0,6,2.055,4,1
7,2,5,7,0.0,6,6,-0.862,1,2,0,0.0,-2.308,2,0.0,1,1,4,0,3,0.358,4,4,4,0,5,6,0.927,4,-0.073,4,6,4,0,0,5,0,7,-0.804,0,0
3,4,6,4,0.0,0,6,-1.344,1,5,4,0.0,-1.918,1,0.0,1,7,7,0,3,-2.02,5,0,2,0,4,7,0.843,7,-4.355,4,6,5,2,5,0,1,5,-2.627,7,0
7,6,0,6,0.0,0,2,0.845,3,4,3,0.0,-0.447,0,0.0,4,7,2,0,5,0.666,2,6,5,0,3,4,1.038,3,-1.09,1,3,7,0,0,0,2,6,1.246,0,0
0,4,1,4,0.0,2,1,-1.292,3,3,0,0.0,-0.545,2,0.0,4,2,0,0,2,-1.193,4,2,1,0,0,6,1.352,6,1.267,6,2,3,4,4,5,2,4,-1.222,1,0
3,7,5,7,0.0,0,3,0.5,0,2,5,0.0,2.052,5,0.0,6,6,7,0,4,0.563,7,4,3,0,7,1,0.911,1,2.75,2,7,1,5,7,5,0,6,0.093,3,0
1,4,2,2,0.0,3,3,-0.05,0,1,5,0.0,-1.973,2,0.0,1,3,2,0,1,1.254,1,1,7,0,3,1,1.051,7,0.464,2,0,4,2,6,5,0,2,-0.294,3,0
7,5,0,4,0.0,4,2,-2.12,1,0,7,0.0,1.039,4,0.0,4,6,0,0,4,-2.095,4,1,0,0,1,7,0.778,7,-2.325,1,2,1,3,2,6,4,6,-1.594,5,0
7,4,1,7,0.0,2,0,-0.125,6,0,3,0.0,2.405,0,0.0,6,1,7,0,4,0.675,4,0,4,0,4,6,0.797,1,-1.586,5,3,2,5,1,7,2,3,0.463,5,0
1,0,4,6,0.0,3,3,-0.999,7,7,3,0.0,-1.239,5,0.0,0,3,1,0,6,-2.132,6,2,0,0,6,2,1.118,5,0.379,3,2,3,3,6,1,7,0,-1.739,6,0
1,1,4,3,0.0,5,5,-0.535,0,6,1,0.0,-3.835,0,0.0,3,7,4,0,6,0.41,4,6,4,0,6,6,1.082,4,-1.485,5,5,5,2,3,5,1,6,-1.611,7,0
5,4,7,0,0.0,3,7,-0.521,4,3,2,0.0,-1.029,3,0.0,1,1,3,0,3,1.423,7,1,7,0,1,3,1.276,5,2.614,5,0,6,4,2,7,3,5,-0.105,2,0
2,6,6,5,0.0,2,5,0.745,0,3,2,0.0,3.04,0,0.0,4,5,5,0,5,-0.401,6,4,0,0,4,6,0.832,1,-0.091,2,1,5,5,4,0,5,2,0.814,7,0
2,0,3,0,0.0,3,2,-0.358,0,1,5,0.0,0.861,1,0.0,1,7,0,0,6,0.274,7,3,6,0,7,4,0.964,6,0.786,5,1,6,4,4,1,0,5,-0.075,1,0
0,2,1,7,0.0,4,2,-1.045,5,5,3,0.0,-1.953,2,0.0,1,5,5,0,0,-1.122,5,3,4,0,5,4,0.797,5,-1.534,7,3,4,6,0,6,2,2,-1.221,4,0
1,5,6,6,1840.8,3,3,1.444,7,1,4,0.0,1.672,1,0.0,6,1,5,0,6,2.354,7,6,0,1,7,6,1.041,2,0.997,4,2,4,3,7,0,1,2,1.578,7,1
2,3,0,4,0.0,7,4,-2.2,6,4,7,0.0,-1.866,5,0.0,1,3,0,0,6,-0.015,2,3,0,0,5,5,1.06,6,0.239,2,2,7,2,7,3,1,3,-1.39,3,0
5,5,2,1,0.0,2,4,0.003,2,1,6,0.0,2.345,3,0.0,5,7,4,0,6,-0.461,4,7,0,0,1,6,1.032,2,-1.018,0,4,0,3,1,7,7,3,-0.673,4,0
6,1,4,4,0.0,4,5,-2.439,4,0,7,0.0,-5.633,1,0.0,6,1,0,0,0,-3.171,2,6,5,0,3,5,0.874,5,-4.417,3,4,6,7,2,3,0,0,-2.522,7,0
4,2,1,2,0.0,5,0,-0.226,3,7,5,0.0,1.144,7,0.0,4,6,3,0,2,0.536,5,5,3,0,2,6,0.87,5,0.688,1,0,1,3,5,1,1,1,-0.026,3,0
2,3,4,4,0.0,2,3,-0.958,4,3,4,0.0,-2.668,3,0.0,1,0,0,0,4,-0.511,5,3,6,0,4,3,1.129,2,0.533,4,5,3,3,1,2,4,5,-0.576,4,0
5,7,4,6,0.0,0,7,-0.065,1,1,5,0.0,-0.398,4,0.0,1,7,7,0,0,-0.906,0,4,6,0,1,6,1.491,3,2.638,7,4,4,2,4,2,5,4,-0.521,5,0
4,7,3,6,0.0,1,7,1.419,1,7,0,0.0,-1.002,5,0.0,0,2,5,0,0,1.543,0,0,4,0,7,0,0.817,5,0.363,2,6,3,2,5,7,2,2,0.92,5,0
7,0,3,6,0.0,1,7,-0.053,5,3,2,0.0,1.865,4,0.0,6,0,6,0,1,-0.085,3,2,5,0,6,2,0.934,1,-1.249,2,6,6,6,6,7,2,7,-0.594,7,0
7,2,7,2,0.0,4,0,-1.001,1,6,5,0.0,1.03,7,0.0,0,2,3,0,1,-1.744,5,2,0,0,2,6,1.285,2,0.796,6,5,7,0,5,7,6,4,-1.122,7,0
1,2,0,7,0.0,5,5,0.467,3,7,2,0.0,-1.33,3,0.0,6,6,0,0,4,-1.225,4,7,0,1,6,7,1.079,5,1.007,7,7,5,4,2,5,3,5,0.223,0,1
1,1,4,3,0.0,7,5,-1.415,0,3,3,0.0,0.681,3,0.0,5,3,3,0,3,0.396,3,6,3,0,0,4,1.018,7,-2.279,7,3,2,3,7,7,1,1,-1.07,3,0
4,2,1,5,0.0,5,1,0.782,4,3,6,0.0,-0.281,2,0.0,6,3,7,1,2,1.598,1,3,1,0,0,4,0.895,3,1.505,7,0,6,5,5,1,3,6,1.2,3,1
0,0,3,0,549.62,6,1,0.286,7,6,1,0.0,1.418,7,0.0,4,6,5,0,6,-0.457,3,7,7,1,1,3,1.077,3,0.564,6,1,5,5,0,3,4,6,1.059,4,1
1,1,3,3,0.0,0,4,0.193,1,3,7,0.0,0.168,0,0.0,2,3,2,0,3,2.548,0,6,7,0,3,1,0.97,6,0.758,1,0,0,0,1,7,5,6,0.837,4,0
6,0,3,3,0.0,0,3,1.373,3,0,6,0.0,1.74,6,0.0,2,0,4,0,6,1.427,6,7,6,0,5,1,0.769,5,1.25,6,4,0,6,4,4,3,1,0.691,7,0
7,7,3,6,0.0,2,2,0.987,0,1,6,0.0,-0.967,1,0.0,5,7,1,0,4,1.952,3,2,0,0,0,0,0.937,6,2.821,2,2,2,7,3,5,6,6,0.995,3,0
7,3,3,3,0.0,7,0,-0.135,2,7,3,0.0,2.051,6,0.0,1,2,5,0,6,-0.238,6,0,1,0,7,1,0.285,2,-2.963,2,5,6,7,4,7,3,6,-0.166,7,0
6,7,4,1,0.0,0,3,-1.47,6,0,7,0.0,5.202,4,0.0,1,7,4,0,6,-2.031,1,6,5,0,6,4,0.862,1,-1.702,1,5,5,4,6,1,0,7,-0.361,7,0
4,4,5,3,0.0,1,1,-0.621,7,3,3,0.0,-2.684,0,0.0,2,6,2,0,3,-0.264,0,3,5,0,2,3,1.069,4,-2.352,4,3,4,2,2,1,3,7,0.203,4,0
7,7,5,1,0.0,3,2,-0.347,1,5,2,0.0,-3.346,4,0.0,5,3,0,0,3,-3.306,7,2,5,0,1,5,1.079,2,1.146,3,0,2,2,3,7,5,4,-0.952,2,0
0,3,0,2,494.26,5,3,1.517,3,0,1,0.0,0.057,3,0.0,7,7,2,1,3,3.481,0,5,1,1,7,7,1.084,0,1.225,5,5,0,2,7,2,0,1,1.036,6,1
4,6,2,0,0.0,5,7,-1.905,6,4,6,0.0,-6.209,7,0.0,7,4,2,0,5,-0.947,2,2,1,0,7,7,1.007,5,0.522,7,2,3,4,4,0,4,1,-1.327,7,0
0,7,4,3,0.0,0,4,0.601,1,1,2,0.0,1.511,5,0.0,5,7,0,0,7,0.917,4,6,7,0,1,2,0.936,4,2.142,1,0,5,0,2,5,2,6,0.482,1,0
5,7,3,0,0.0,2,6,0.243,6,6,1,0.0,-1.852,2,0.0,4,1,7,0,4,-0.232,2,2,5,0,6,1,1.084,0,2.455,4,2,6,0,3,5,5,5,-0.134,0,0
1,0,2,7,0.0,5,3,-1.223,0,1,6,0.0,0.018,3,0.0,1,0,0,0,0,-2.655,0,1,7,0,0,5,0.973,1,-2.52,6,6,2,2,3,3,2,5,-0.879,0,0
2,0,3,2,0.0,1,4,0.484,4,1,0,0.0,0.449,5,0.0,2,0,5,0,5,0.355,4,0,1,0,7,0,0.799,2,-0.144,0,6,5,5,5,2,5,0,0.457,7,0
7,6,0,6,224.84,4,6,1.117,6,0,3,218.31,2.425,3,0.0,4,2,3,0,3,1.91,6,5,5,1,5,0,0.953,5,2.73,0,2,2,4,7,7,2,0,0.879,3,1
2,7,7,3,0.0,3,5,1.264,2,5,7,0.0,2.709,3,0.0,3,4,0,0,6,-0.746,2,5,3,0,4,1,0.943,5,-2.381,4,5,2,0,7,1,1,7,0.569,5,0
0,6,2,3,0.0,5,2,-1.193,7,5,7,0.0,-3.777,0,0.0,6,4,0,0,0,-1.727,1,4,3,0,6,0,1.163,1,-1.004,0,0,0,1,2,6,7,1,-1.785,5,0
4,3,0,4,1729.99,0,6,1.418,5,6,3,0.0,-0.527,0,0.0,0,1,3,0,3,1.778,6,7,0,1,3,4,1.328,5,3.14,5,2,6,5,5,4,4,5,1.428,6,1
6,5,0,1,0.0,2,7,-0.254,3,2,1,0.0,-1.687,7,0.0,4,6,1,0,4,1.682,7,2,3,0,0,5,0.705,4,-2.141,2,4,7,4,6,2,4,4,-0.572,7,0
6,5,4,1,0.0,4,4,-1.863,1,0,6,0.0,3.532,0,0.0,5,4,6,0,0,-0.575,5,2,5,0,1,6,1.255,4,-0.026,5,3,4,2,5,2,0,1,-1.23,2,0
5,2,5,4,1097.37,5,6,1.877,6,7,4,0.0,0.527,3,23.11,4,1,0,0,2,1.955,5,1,0,1,7,0,1.574,3,4.851,0,4,4,2,4,7,2,6,1.84,2,1
4,6,4,3,1486.28,4,7,0.481,7,5,4,0.0,-1.88,2,0.0,0,3,5,1,6,0.057,2,6,4,1,5,2,1.199,7,1.2,2,4,1,4,2,2,6,0,0.416,7,1
2,3,7,2,0.0,5,5,-0.543,6,2,0,0.0,2.246,5,0.0,4,6,2,0,7,-0.463,2,6,0,0,3,4,1.131,7,-0.478,1,0,1,6,0,6,3,4,-0.457,4,0
6,4,5,5,0.0,3,3,0.096,2,0,1,0.0,3.825,6,0.0,6,1,4,0,3,1.532,0,4,7,0,5,1,0.991,0,-1.297,3,7,7,5,7,7,4,5,0.7,0,0
4,5,5,1,0.0,3,1,-0.939,3,1,2,0.0,0.103,4,0.0,7,0,5,0,0,1.598,6,3,6,0,3,7,1.469,1,-0.983,3,3,1,4,3,6,0,1,-0.405,4,0
3,0,7,5,1623.34,7,5,0.413,3,4,0,0.0,3.011,5,0.0,1,4,3,0,4,2.574,2,0,4,1,6,1,1.161,0,-0.668,3,0,7,0,2,3,4,2,0.466,7,1
1,1,0,4,0.0,1,7,-1.164,6,0,5,0.0,6.997,2,0.0,4,3,6,0,7,-0.716,3,1,3,0,5,4,0.454,6,-0.007,2,7,5,7,6,1,2,4,-0.725,6,0
1,2,7,2,0.0,7,6,-0.093,6,7,5,0.0,-3.246,7,0.0,5,2,0,0,0,0.349,1,3,4,0,1,3,0.891,7,-0.14,5,4,1,1,4,7,4,3,-0.295,7,0
5,1,0,0,1324.79,1,2,0.769,0,2,3,0.0,-1.443,6,0.0,0,5,6,0,1,0.488,6,2,0,1,4,4,1.329,6,-1.599,1,1,0,2,0,2,7,2,0.729,0,1
7,6,2,3,0.0,1,1,-0.455,3,2,4,0.0,0.455,6,0.0,2,2,2,0,3,-0.836,7,1,5,0,4,7,1.205,7,1.196,0,3,2,3,4,0,0,7,0.015,4,0
7,7,0,7,0.0,6,6,-1.621,0,1,6,0.0,2.236,5,0.0,3,5,4,0,6,-2.182,4,4,7,0,3,3,1.063,3,-1.086,0,3,2,6,2,1,5,1,-1.576,1,0
1,4,0,0,0.0,6,2,-0.478,4,4,5,0.0,-1.347,6,0.0,7,7,1,0,1,-3.112,1,5,3,0,2,4,0.79,6,-1.288,7,3,0,3,0,1,6,1,-1.583,0,0
7,7,6,0,0.0,7,5,-1.501,6,4,2,0.0,-0.74,5,0.0,4,7,4,0,1,-0.847,6,3,3,0,5,0,1.161,2,1.881,6,1,7,0,3,2,4,1,-1.444,1,0
1,0,0,0,0.0,2,3,0.455,5,4,1,0.0,3.91,3,0.0,5,5,7,0,5,-0.444,2,0,5,0,2,7,0.751,3,0.502,5,1,0,4,6,4,0,6,0.389,4,0
5,6,1,4,0.0,6,3,-1.91,6,6,3,0.0,-2.35,1,0.0,1,1,1,0,0,0.005,2,3,6,0,1,0,0.901,2,-0.569,5,6,0,0,4,2,6,0,-1.482,5,0
3,5,1,2,0.0,5,2,-1.927,3,5,4,0.0,-2.128,3,0.0,1,7,6,0,5,-0.162,4,4,5,0,5,4,1.012,4,-3.317,1,7,1,1,7,4,1,7,-2.227,1,0
7,4,5,1,0.0,6,4,0.459,0,7,3,0.0,-0.786,7,0.0,2,5,5,1,1,0.83,2,3,5,0,7,0,0.956,2,0.894,1,2,4,5,3,6,2,3,0.626,1,1
6,5,5,7,0.0,0,7,-0.788,0,6,7,0.0,-5.642,2,0.0,5,0,0,0,4,-2.286,1,7,6,0,2,0,1.35,1,-1.981,1,7,7,5,6,4,3,7,-0.686,0,0
0,4,3,7,0.0,7,4,-0.855,7,0,4,0.0,1.308,3,0.0,7,2,1,0,4,-1.339,1,6,4,0,6,4,0.599,5,-2.493,1,4,3,2,4,1,5,4,-1.938,1,0
4,5,7,4,0.0,2,3,-1.604,4,2,6,0.0,-2.314,7,0.0,6,4,3,0,5,-1.534,5,2,1,0,4,3,1.13,0,-2.62,2,0,1,0,6,3,3,3,-1.157,6,0
0,3,2,6,0.0,0,2,0.051,1,5,1,0.0,2.665,0,0.0,0,2,0,0,6,-1.466,0,5,4,0,3,4,0.842,4,-1.215,3,3,2,6,1,5,7,3,-0.931,0,0
3,7,1,7,1612.67,0,1,-0.17,2,1,6,0.0,-0.34,1,12.17,6,1,7,0,4,0.733,2,2,5,1,7,4,1.313,1,1.357,3,3,7,3,5,4,5,5,0.103,4,1
4,4,5,0,0.0,2,1,-1.158,0,5,2,0.0,-0.075,7,0.0,6,6,6,0,4,-2.749,0,3,6,0,6,3,0.947,1,-1.765,7,0,7,6,7,7,6,6,-0.862,0,0
2,4,3,6,0.0,3,7,0.812,3,2,1,0.0,5.751,7,0.0,0,0,6,0,6,0.375,7,1,7,0,5,0,0.868,3,0.069,7,7,4,7,3,5,6,2,0.2,6,0
6,4,0,1,0.0,5,4,-0.737,7,7,1,0.0,-0.792,1,0.0,7,2,3,0,5,-1.127,2,7,6,0,0,7,1.242,1,-1.956,7,6,5,6,0,6,4,3,-0.956,5,0
3,2,0,1,0.0,0,1,0.94,2,5,4,0.0,-0.302,4,0.0,4,6,4,0,6,0.46,2,2,0,0,3,2,1.027,2,0.728,1,1,3,0,5,1,5,3,0.462,6,0
3,6,7,0,0.0,7,7,-1.916,5,1,1,0.0,0.201,5,0.0,6,6,4,0,4,0.05,6,3,4,0,6,1,0.686,0,-1.674,1,4,7,4,4,4,2,3,-2.03,0,0
0,1,2,3,1732.96,3,0,1.023,2,7,6,0.0,0.163,3,0.0,2,4,4,1,2,0.521,7,4,6,0,1,7,1.542,1,-0.309,7,1,3,5,3,0,5,5,0.866,0,1
0,5,7,7,0.0,4,5,-0.559,4,4,2,0.0,-0.439,4,0.0,5,2,4,0,7,0.977,5,3,3,0,3,1,0.685,7,1.795,7,6,6,6,2,6,7,3,0.621,4,0
0,4,1,5,543.57,3,1,2.501,3,3,3,0.0,-0.025,6,0.0,2,7,7,1,3,3.622,3,7,2,1,1,5,0.929,1,0.87,6,7,3,7,5,4,4,6,2.213,0,1
2,7,4,2,0.0,0,1,0.456,6,3,1,0.0,1.657,3,0.0,7,0,7,0,2,0.625,3,2,6,0,2,6,0.943,7,0.46,3,1,7,5,3,6,0,5,0.485,2,0
0,2,0,3,0.0,6,5,-0.041,0,7,5,0.0,-0.291,5,0.0,6,0,6,0,1,0.144,6,5,2,0,4,0,0.937,2,1.069,6,3,7,2,1,1,0,2,0.091,6,0
2,5,1,0,1040.8,0,7,0.379,6,3,4,0.0,1.309,2,0.0,0,7,3,1,0,0.276,7,1,4,1,3,3,1.272,5,2.427,3,7,7,3,1,1,5,1,0.786,5,1
5,0,3,0,987.09,2,3,-0.135,3,0,3,0.0,2.144,7,0.0,5,7,3,0,4,0.304,5,5,4,1,1,7,1.215,7,-0.661,0,4,0,7,0,5,5,2,1.097,7,1
1,2,3,0,1055.89,4,0,3.101,3,7,5,0.0,6.194,4,0.0,4,5,1,1,6,3.765,0,5,6,1,5,5,1.386,2,-0.311,0,3,1,7,0,1,1,7,2.419,4,1
7,0,7,6,0.0,3,4,-1.15,4,6,1,0.0,0.931,2,0.0,5,6,2,0,3,-0.501,7,4,1,0,7,3,0.866,4,-1.682,4,4,0,0,5,5,7,4,-1.526,0,0
5,5,2,1,0.0,3,7,0.112,0,5,0,0.0,-7.164,2,0.0,2,2,4,0,2,-0.385,5,3,2,0,3,3,1.146,6,-0.184,3,6,3,5,3,6,4,2,-0.152,7,0
5,5,0,5,0.0,2,4,0.474,6,1,0,0.0,2.371,3,0.0,6,0,5,0,5,0.178,0,5,0,0,5,3,0.673,2,3.521,6,7,6,5,4,3,1,1,0.54,5,0
7,2,1,0,0.0,0,0,-0.513,5,7,3,0.0,0.167,6,0.0,7,5,1,0,7,-1.955,1,4,0,0,4,3,0.749,7,-0.301,4,2,3,7,2,0,6,7,-0.458,0,0
3,2,4,1,0.0,2,0,-1.16,1,3,3,0.0,-4.981,0,0.0,3,0,2,0,0,0.653,2,1,4,0,7,4,1.093,2,1.754,5,7,4,4,1,2,5,5,-1.388,4,0
3,1,5,6,0.0,5,5,-0.176,3,1,0,0.0,-4.552,7,0.0,2,1,4,0,0,0.027,0,0,1,0,7,6,1.169,7,-1.666,0,3,1,1,6,4,7,2,-0.883,7,0
7,5,0,3,0.0,4,4,-1.014,4,5,1,0.0,-5.617,1,0.0,0,3,1,0,1,-1.117,3,5,2,0,3,7,1.004,0,-1.736,3,5,6,5,7,5,7,5,-1.924,6,0
3,2,2,2,0.0,4,2,0.232,0,1,6,0.0,-0.866,2,0.0,5,0,0,0,5,-2.11,6,6,1,0,2,0,0.647,3,0.597,7,2,3,5,7,5,2,6,0.07,7,0
0,2,4,5,0.0,6,3,-0.512,6,5,2,0.0,0.825,1,0.0,1,4,5,0,7,-1.367,4,6,3,0,1,2,0.968,2,-1.34,3,7,7,1,6,3,7,2,-0.094,3,0
3,6,2,3,106.68,0,1,1.417,0,0,1,0.0,-0.705,7,0.0,3,6,7,1,7,-1.767,6,3,3,1,4,0,1.167,3,3.223,4,1,1,7,3,3,0,3,1.117,5,1
7,5,6,0,0.0,4,7,0.505,6,0,7,0.0,4.674,2,0.0,7,6,4,0,5,0.474,5,0,1,0,5,2,0.713,4,0.302,4,4,0,5,1,1,3,4,0.837,6,0
6,2,7,6,0.0,4,4,-1.899,3,7,0,0.0,-5.314,5,0.0,5,4,3,0,4,-2.364,2,5,1,0,3,2,1.403,3,1.133,1,6,4,7,6,5,0,0,-1.553,1,0
6,5,2,1,1281.69,1,2,2.574,2,7,1,0.0,0.196,5,0.0,6,0,2,1,3,3.44,0,1,6,1,6,7,1.069,7,1.222,5,0,2,2,4,6,0,7,1.676,2,1
6,6,4,3,0.0,3,3,0.525,2,5,2,0.0,2.065,6,0.0,3,2,5,1,4,0.986,3,0,7,0,2,0,1.357,5,-1.079,2,5,1,3,4,1,6,2,0.311,0,1
6,5,7,1,0.0,5,3,-0.48,3,2,0,0.0,2.434,2,0.0,1,6,1,0,2,-1.707,5,0,0,0,3,7,1.161,4,-0.898,3,4,7,0,6,4,6,6,0.128,4,0
6,6,7,1,332.98,3,0,0.154,3,4,5,0.0,-1.902,4,0.0,1,6,2,0,0,-0.925,4,0,1,1,2,2,1.247,0,-1.239,0,2,5,0,6,0,0,5,0.082,5,1
5,2,7,1,1593.28,5,0,1.455,0,1,7,0.0,0.892,3,0.0,0,7,3,0,5,1.329,3,6,0,1,6,2,1.178,6,1.305,2,7,2,0,3,4,7,0,1.103,4,1
0,4,1,1,0.0,4,5,0.893,3,3,2,0.0,0.163,2,0.0,3,6,1,0,0,1.363,5,2,0,0,2,1,0.897,2,4.051,5,1,7,3,4,4,4,3,0.724,0,0
6,6,2,3,0.0,2,1,0.882,6,5,2,0.0,5.915,6,0.0,2,1,7,0,6,-2.078,1,6,5,0,4,0,0.692,5,0.721,3,0,4,1,0,5,2,0,0.617,2,0
0,2,6,2,0.0,1,0,0.091,1,1,1,0.0,3.056,3,0.0,6,4,4,0,4,-0.281,2,4,3,0,1,5,0.975,2,0.796,4,4,4,1,2,6,7,5,0.086,3,0
0,0,2,4,1313.4,4,5,1.845,3,2,5,0.0,0.92,6,0.0,1,1,5,0,1,2.582,4,1,4,1,7,1,1.17,4,1.181,6,3,7,1,3,4,6,2,1.325,1,1
7,5,0,5,1007.92,7,0,0.953,7,3,5,0.0,2.697,0,0.0,2,3,4,0,6,2.131,7,4,7,1,2,3,1.37,5,4.733,0,5,1,4,2,2,6,1,0.581,4,1
3,2,2,2,0.0,5,3,-1.152,3,4,0,0.0,-1.717,3,0.0,7,1,5,0,4,1.053,7,0,1,0,0,1,0.99,2,2.214,2,4,6,1,6,6,3,0,-0.492,2,0
4,4,3,6,0.0,7,6,-1.15,6,2,6,0.0,-1.123,5,0.0,4,4,0,0,6,1.617,3,0,3,0,1,0,1.352,3,-1.813,0,4,6,7,7,4,1,5,-1.338,7,0
3,6,0,7,0.0,1,0,-0.851,1,4,6,0.0,-0.684,6,0.0,6,1,3,0,2,-2.926,3,0,0,0,4,5,1.31,6,0.745,1,2,7,3,1,0,0,4,-0.449,0,0
5,4,4,1,0.0,6,0,0.319,5,2,5,0.0,-5.808,7,0.0,2,2,6,0,1,-1.641,4,7,1,0,3,3,0.664,5,1.264,1,1,5,7,5,1,1,4,-0.636,3,0
5,1,0,2,0.0,7,5,0.084,7,0,0,0.0,2.083,6,0.0,6,0,5,0,1,-0.366,1,6,2,0,5,7,0.955,6,0.915,6,0,0,7,3,5,0,1,-0.193,1,0
6,4,2,7,0.0,7,1,-1.689,4,0,5,0.0,-0.191,2,0.0,6,6,0,0,2,-0.464,1,7,4,0,7,6,0.862,4,-0.92,7,5,3,5,6,1,0,0,-1.406,5,0
6,3,1,3,0.0,3,5,-0.037,4,1,0,0.0,-1.053,3,0.0,0,7,6,0,0,0.272,3,5,0,1,3,4,1.086,1,0.836,6,3,5,3,4,4,0,3,0.359,5,1
3,6,4,7,0.0,2,1,-1.571,6,7,3,0.0,1.579,2,0.0,5,6,0,0,4,-2.402,4,0,0,0,3,3,0.869,2,-2.038,6,6,5,3,7,3,7,2,-0.698,6,0
5,2,2,6,0.0,6,5,1.255,7,3,5,0.0,-0.248,3,0.0,3,5,2,0,0,0.037,0,6,5,0,0,5,1.249,3,1.017,1,3,1,7,7,1,5,2,0.09,4,0
7,4,4,7,0.0,4,0,-0.471,3,2,5,0.0,1.336,6,0.0,6,6,3,0,1,0.383,0,2,1,0,7,4,0.886,3,1.361,1,0,4,3,4,1,7,6,-0.193,7,0
3,3,6,7,0.0,3,2,-0.269,4,2,3,0.0,1.58,3,0.0,4,3,4,0,4,-1.033,2,2,2,0,6,7,0.954,6,-1.809,1,4,5,5,5,2,7,4,-0.66,7,0
1,0,6,4,0.0,2,0,-1.145,3,3,0,0.0,1.108,0,0.0,6,3,3,0,2,0.037,4,3,4,0,1,2,0.862,2,1.186,4,3,2,6,4,6,1,0,-0.939,2,0
6,1,2,3,0.0,7,7,0.587,0,5,7,0.0,-1.502,0,0.0,5,2,5,0,1,-1.198,2,6,3,0,0,2,0.789,6,-1.189,2,5,1,1,2,0,5,0,-0.199,3,0
7,3,2,5,0.0,3,7,-0.204,0,5,6,0.0,-1.215,7,0.0,2,6,2,0,6,-0.428,4,0,5,0,0,3,1.121,2,0.98,4,5,1,1,4,1,0,6,-0.202,4,0
6,5,3,3,0.0,7,3,-0.134,0,4,0,0.0,1.286,5,0.0,6,1,5,0,7,0.053,0,1,7,0,5,7,1.114,5,1.908,4,3,6,2,4,4,6,0,0.479,7,0
3,0,4,2,0.0,6,4,-0.928,6,5,6,0.0,0.49,0,0.0,3,7,5,0,0,-0.291,7,3,7,0,4,0,0.611,3,-3.086,4,7,1,2,6,5,6,6,-1.067,4,0
1,6,3,2,0.0,5,2,-0.398,2,1,6,0.0,-1.732,4,0.0,1,2,2,0,6,0.03,0,4,6,0,5,0,1.135,6,-0.179,5,2,4,4,1,0,0,1,0.434,1,0
3,6,7,4,0.0,0,1,0.348,2,2,5,0.0,-2.564,2,0.0,5,4,4,0,3,-0.141,2,0,2,0,2,2,0.827,3,1.263,2,4,4,7,2,1,1,0,-0.188,0,0
3,1,1,6,0.0,0,6,-0.621,1,2,6,0.0,0.35,6,0.0,1,0,0,0,4,0.712,2,6,4,0,6,3,1.089,7,0.425,2,7,5,3,0,6,4,2,-0.535,3,0
5,2,3,4,0.0,5,6,0.013,3,0,7,0.0,1.525,1,0.0,0,1,5,0,7,-0.073,1,1,5,0,4,0,1.145,1,2.241,5,3,0,0,2,3,5,6,-0.039,4,0
0,2,7,0,0.0,7,4,0.005,7,6,5,0.0,0.271,5,0.0,0,2,0,1,2,1.948,2,2,7,1,0,6,1.211,4,4.558,6,2,2,0,5,2,7,3,1.228,5,1
1,3,1,4,0.0,4,6,1.238,4,1,3,0.0,-0.1,2,0.0,4,1,5,0,6,0.513,1,0,0,0,4,6,0.872,2,2.287,4,6,1,5,4,7,4,2,0.869,0,0
6,5,3,4,0.0,0,4,-1.216,5,3,7,0.0,0.812,2,0.0,3,7,3,0,6,-0.819,1,5,5,0,5,0,1.337,5,0.147,3,6,0,4,2,5,5,0,-0.725,7,0
6,3,3,0,0.0,1,7,0.197,3,5,7,0.0,1.599,4,0.0,2,2,7,0,5,-0.416,7,5,1,0,7,1,1.163,4,0.132,5,4,6,0,7,1,0,4,0.372,6,0
0,5,2,1,0.0,0,4,0.494,1,4,2,0.0,0.583,3,0.0,7,0,3,0,2,2.335,1,0,0,0,2,0,1.351,1,-0.259,3,7,5,0,7,7,1,0,0.164,5,0
4,6,7,0,0.0,2,6,-1.075,3,7,4,0.0,2.82,4,0.0,7,0,2,0,1,0.052,7,5,1,0,3,3,1.136,5,-0.461,5,7,7,7,4,0,7,4,-0.359,2,0
6,6,5,7,0.0,0,3,-0.344,7,3,0,0.0,0.916,3,0.0,2,2,5,0,7,-2.359,4,7,1,0,7,1,0.834,2,-0.235,7,3,5,7,2,6,3,0,-0.763,4,0
0,4,7,5,0.0,2,6,-0.04,1,4,7,0.0,-2.65,3,0.0,2,1,5,0,6,1.11,0,1,2,0,6,5,1.058,1,-4.998,7,3,2,4,1,2,0,3,-0.302,1,0
0,5,3,7,422.22,0,5,1.947,4,1,6,0.0,4.021,4,8.45,4,6,5,0,0,1.652,5,1,0,1,7,2,1.096,2,1.207,4,1,4,3,4,2,7,0,1.37,4,1
3,1,1,0,0.0,1,2,-0.965,0,0,4,0.0,3.058,2,0.0,5,2,1,0,3,1.287,4,1,0,0,2,1,1.124,6,0.815,3,7,3,1,6,6,5,6,0.173,1,0
1,2,7,3,1233.68,1,7,0.944,5,4,7,600.58,2.018,0,0.0,5,0,2,0,4,1.657,7,0,3,1,7,1,1.664,1,2.804,4,0,6,7,0,1,4,7,0.848,3,1
4,4,4,6,0.0,0,5,-0.608,0,2,3,0.0,0.473,1,0.0,6,4,5,0,2,-1.938,6,5,6,0,4,3,1.117,0,-1.148,4,2,2,5,1,5,0,0,-0.338,5,0
4,3,0,6,0.0,0,2,0.034,1,7,3,0.0,3.201,6,0.0,0,5,1,0,7,-1.816,4,5,4,0,1,5,0.67,3,-1.769,5,6,0,1,1,3,3,3,0.164,6,0
4,5,0,7,0.0,3,4,-1.389,6,1,2,0.0,-1.38,0,0.0,0,7,1,0,1,-2.042,4,5,3,0,3,2,0.634,7,0.493,5,5,0,3,0,0,6,0,-1.308,3,0
6,5,0,1,0.0,5,6,-0.947,0,7,4,0.0,-0.169,4,0.0,5,6,6,0,2,2.703,4,1,7,0,5,7,1.156,6,0.293,6,5,6,4,7,5,7,5,-0.273,2,0
6,0,2,2,0.0,5,3,-0.191,3,6,0,0.0,-0.474,3,0.0,5,0,2,0,6,0.226,1,1,1,0,4,5,0.927,0,0.37,4,3,7,2,5,6,0,0,-0.151,4,0
3,6,7,2,0.0,5,6,-1.747,2,5,4,0.0,-0.022,7,0.0,1,0,3,0,6,-0.189,5,5,1,0,7,0,1.24,3,-0.618,1,1,4,1,0,2,6,5,-0.856,0,0
5,3,6,1,0.0,2,1,-0.139,2,5,2,0.0,1.382,2,0.0,6,3,3,0,4,-0.651,3,4,1,0,3,3,1.1,2,-1.59,3,6,5,5,3,7,5,4,-0.341,0,0
7,1,0,7,1971.42,5,2,1.38,2,7,6,0.0,-0.913,3,0.0,2,1,0,1,0,0.378,5,6,0,1,6,5,0.813,5,0.839,4,3,4,6,5,3,3,3,1.77,3,1
2,3,1,7,0.0,2,6,-0.127,2,5,4,0.0,-3.851,7,0.0,1,3,6,0,1,-0.338,5,3,2,0,3,0,1.246,2,-0.458,3,6,1,3,6,5,3,7,-0.616,6,0
7,0,4,6,0.0,3,1,-0.157,0,3,0,0.0,-1.169,1,0.0,1,5,6,0,7,1.078,1,1,7,0,2,7,1.22,4,1.564,6,5,7,3,6,0,3,3,-0.472,5,0
6,3,0,5,1420.42,6,3,-0.101,7,7,2,0.0,2.551,0,0.0,6,1,5,0,7,0.898,1,1,1,1,3,1,1.026,7,2.444,7,6,1,7,6,0,1,5,0.191,6,1
0,2,5,7,0.0,3,0,-0.557,1,4,4,0.0,-4.12,0,0.0,3,3,1,0,0,-2.854,7,7,4,0,5,4,0.725,1,0.358,0,3,3,2,0,3,5,7,-0.695,7,0
7,6,4,0,0.0,7,5,0.811,5,4,2,0.0,0.411,5,0.0,1,4,0,0,4,-0.693,0,1,2,0,7,2,1.157,5,-2.408,3,3,3,3,4,2,7,3,0.001,2,0
0,0,3,3,0.0,7,1,-1.528,0,4,1,0.0,-4.752,0,0.0,4,1,5,0,5,0.187,2,5,0,0,1,6,1.074,3,-2.028,2,1,5,7,6,3,3,0,-0.779,1,0
0,0,0,7,0.0,5,2,0.507,2,3,5,0.0,1.999,4,0.0,6,2,3,0,6,1.22,5,6,5,0,0,7,0.93,3,-0.309,3,7,0,5,7,3,2,4,-0.222,2,0
1,5,2,3,0.0,0,2,-0.172,7,5,7,0.0,-4.618,5,0.0,4,1,2,0,0,1.678,3,7,1,0,2,3,1.095,6,0.694,2,1,0,3,6,0,6,1,-0.178,4,0
3,2,4,0,0.0,2,5,0.414,4,2,0,0.0,0.604,6,0.0,2,4,4,0,0,0.678,5,1,7,0,1,0,0.883,4,-0.048,7,7,3,2,7,0,4,2,0.659,4,0
2,6,5,3,0.0,2,6,1.102,4,0,3,0.0,0.346,7,0.0,2,4,3,0,4,-2.125,3,6,6,0,3,1,1.286,1,0.1,1,1,5,7,2,1,6,7,0.346,2,0
1,7,2,2,0.0,6,5,0.706,5,3,4,0.0,1.05,1,0.0,6,3,5,0,5,-0.381,5,2,6,0,5,6,1.113,1,0.454,1,0,6,3,5,2,6,2,0.784,6,0
5,6,5,2,0.0,6,5,-0.761,1,0,5,0.0,-4.623,3,0.0,2,6,6,0,7,0.057,1,4,5,0,2,0,0.995,7,-3.329,3,2,4,2,5,2,7,5,0.063,5,0
5,1,5,5,0.0,6,2,-1.667,5,5,7,0.0,-1.937,0,0.0,3,1,4,0,6,-2.319,2,0,3,0,2,5,0.919,7,-2.173,4,0,5,0,1,3,0,7,-1.188,7,0
3,2,5,4,304.98,0,1,0.097,0,2,4,0.0,1.122,1,0.0,7,2,6,1,2,1.317,7,5,7,0,3,6,1.178,6,-1.117,5,7,6,1,4,3,2,4,0.535,0,1
4,7,5,5,1701.07,5,5,2.036,0,0,0,0.0,-0.366,7,0.0,7,0,3,0,5,2.601,1,7,7,1,4,0,1.036,7,2.711,2,2,3,2,3,3,6,5,1.549,2,1
2,7,1,2,676.83,7,7,0.993,0,2,4,323.77,-0.122,4,0.0,7,6,6,0,6,3.193,6,0,4,1,7,6,1.359,3,1.668,7,2,2,3,1,1,5,4,1.457,1,1
5,3,3,4,0.0,5,7,-0.842,7,5,5,0.0,0.809,3,0.0,7,0,1,0,3,-2.619,2,3,4,0,2,2,0.883,7,-2.917,5,7,2,2,1,0,5,7,-1.397,2,0
7,5,3,4,0.0,7,6,-0.208,4,5,6,0.0,-2.535,4,0.0,5,4,6,0,5,-1.887,3,2,5,0,2,0,1.286,0,0.775,7,7,2,5,6,3,2,2,0.322,7,0
5,0,3,6,0.0,7,7,0.151,6,3,4,0.0,-4.551,1,0.0,6,1,1,0,2,-0.164,6,7,4,0,6,0,0.898,1,0.907,5,7,0,0,6,3,3,3,-0.033,6,0
1,6,2,5,293.49,6,6,0.089,3,1,4,0.0,-0.269,5,0.0,4,2,3,0,3,2.279,4,1,6,1,5,7,1.13,5,-0.048,3,3,5,4,6,3,7,4,0.906,5,1
5,4,4,4,0.0,5,2,1.764,0,2,2,0.0,0.394,5,0.0,7,2,2,0,2,0.792,5,6,1,0,1,0,1.016,5,0.355,3,7,7,0,0,5,0,4,0.869,1,0
1,4,1,2,0.0,7,1,-1.446,5,4,1,0.0,0.028,5,0.0,2,7,1,0,6,-0.573,2,3,3,0,6,1,1.069,0,0.502,4,3,6,2,3,5,5,6,-1.106,4,0
2,4,0,0,0.0,7,5,-0.889,4,5,5,0.0,-1.696,2,0.0,3,5,0,0,5,0.18,5,1,1,0,3,1,0.729,2,3.213,1,1,2,3,6,4,7,2,-0.666,5,0
2,6,4,6,0.0,2,2,-2.378,1,0,3,0.0,0.507,6,0.0,3,4,2,0,5,-0.484,3,0,0,0,6,5,1.13,1,-1.975,5,2,1,0,6,4,6,3,-2.749,4,0
2,4,7,0,306.97,7,7,1.241,7,4,5,503.09,0.49,4,0.0,0,1,1,0,6,-0.729,2,5,4,1,3,2,1.175,3,2.769,7,3,1,6,0,7,4,1,1.173,2,1
6,5,4,5,481.23,5,4,1.78,7,3,1,0.0,-0.32,7,0.0,1,1,5,0,1,1.67,6,3,2,1,7,4,1.21,4,-1.029,0,2,0,1,7,1,5,3,1.354,1,1
5,7,3,3,0.0,3,7,-0.457,0,6,3,0.0,1.042,3,0.0,3,6,6,0,6,-2.658,1,0,4,0,1,0,0.975,0,1.661,6,7,2,2,4,2,3,0,-0.493,7,0
5,4,5,5,0.0,2,7,-0.692,7,4,5,0.0,-2.14,6,0.0,3,7,7,0,5,-0.457,0,4,5,0,6,3,1.199,5,-5.622,3,0,6,4,5,6,4,6,-1.228,2,0
1,5,2,4,433.35,1,0,2.232,0,0,6,0.0,2.702,3,0.0,3,0,0,1,7,2.991,3,7,3,1,3,0,1.303,4,1.945,1,2,0,4,2,2,5,1,1.594,2,1
6,4,0,6,711.2,5,4,0.753,0,5,4,0.0,0.388,3,0.0,4,5,1,0,4,2.335,6,6,4,1,2,1,1.304,5,1.49,1,6,5,3,6,2,2,0,1.015,2,1
4,1,2,4,0.0,7,6,-0.486,4,0,5,0.0,0.298,2,0.0,7,1,5,0,6,-1.205,3,7,0,0,2,5,0.462,1,1.434,4,7,4,0,2,2,5,6,-0.404,4,0
0,5,4,3,0.0,5,2,0.065,6,5,6,0.0,1.605,3,0.0,0,2,1,0,6,1.459,4,6,7,0,5,2,0.956,0,-0.398,7,6,6,1,6,7,3,2,0.844,1,0
1,1,0,6,0.0,4,6,1.065,1,7,7,0.0,0.071,1,0.0,2,5,5,0,6,1.074,7,3,7,0,3,3,1.196,3,2.86,3,3,6,3,7,1,6,1,0.782,7,0
4,0,3,0,0.0,5,6,0.558,2,2,2,0.0,-3.365,0,0.0,0,7,1,0,3,-1.249,4,1,7,0,2,7,0.892,3,-0.446,3,1,6,1,2,6,5,3,-0.263,4,0
5,5,7,2,0.0,0,6,-0.117,5,0,7,0.0,-3.163,0,0.0,2,4,5,0,1,-0.2,1,3,1,0,4,1,1.026,6,-0.204,4,0,3,1,0,5,3,5,-0.855,6,0
7,0,0,3,0.0,5,7,-2.806,0,3,7,0.0,-4.235,7,0.0,2,1,5,0,3,-0.983,6,5,5,0,5,5,1.055,2,-2.701,4,3,1,4,2,6,0,1,-1.907,0,0
5,3,7,4,0.0,0,3,-0.635,5,3,6,0.0,-3.724,0,0.0,5,2,5,0,2,0.221,1,7,7,0,1,4,0.458,3,3.488,5,6,0,0,7,3,5,6,-0.882,3,0
5,2,6,7,0.0,0,3,0.237,2,0,2,0.0,2.282,5,0.0,6,2,4,0,3,1.691,5,6,4,0,4,6,1.03,7,0.605,6,6,2,5,7,1,2,6,0.265,5,0
5,5,7,1,0.0,5,6,1.525,5,2,4,0.0,0.698,2,0.0,4,0,2,0,5,-0.896,6,4,1,0,0,5,1.082,7,-0.721,4,1,1,2,1,2,2,2,-0.0,6,0
4,4,1,3,0.0,5,6,0.849,3,2,4,0.0,-0.823,5,0.0,6,5,2,0,0,-0.049,2,2,1,0,2,5,1.505,0,1.088,7,6,7,0,2,3,1,4,0.676,3,0
6,4,3,3,0.0,4,7,-0.833,0,3,0,0.0,4.019,3,0.0,0,1,3,0,4,0.552,0,6,0,0,6,4,0.653,2,2.106,4,0,1,3,0,1,7,1,-1.02,3,0
7,0,7,5,0.0,3,6,-0.241,5,3,5,0.0,-1.624,6,0.0,6,1,1,0,2,-0.058,6,7,7,0,5,3,1.155,6,0.567,4,4,5,1,3,5,5,5,0.264,4,0
3,7,1,3,0.0,4,3,0.25,2,4,3,0.0,-4.229,6,0.0,0,5,7,0,6,1.896,0,5,0,0,6,7,1.025,6,1.963,7,4,1,5,3,1,6,4,0.224,3,0
5,4,3,5,0.0,1,1,-0.071,6,6,0,0.0,-0.431,7,0.0,6,5,5,0,5,-0.324,0,7,6,0,5,6,0.962,1,-0.826,6,7,6,6,5,4,1,0,-0.24,5,0
4,3,5,0,0.0,1,0,0.972,7,4,2,0.0,1.975,4,0.0,7,3,3,0,1,1.556,1,0,7,0,0,5,1.097,6,3.367,3,3,2,0,5,1,2,4,1.095,5,0
1,5,7,2,0.0,3,5,1.152,1,6,1,0.0,-2.484,7,0.0,6,5,5,0,6,-0.87,2,4,7,0,0,2,1.378,2,-2.277,4,2,4,6,3,2,0,7,0.016,3,0
3,7,5,6,0.0,4,4,0.308,5,2,6,0.0,-0.957,6,0.0,3,5,3,0,4,-0.181,3,0,1,0,1,7,1.056,1,0.232,5,4,7,7,5,7,5,0,0.567,2,0
4,6,1,5,0.0,0,4,-1.22,5,0,0,0.0,-3.322,6,0.0,5,3,1,0,7,-0.454,2,3,3,0,1,2,0.908,0,1.1,1,0,5,5,2,6,1,7,-1.286,5,0
3,2,3,0,0.0,3,7,-1.658,1,2,1,0.0,-0.437,4,0.0,1,7,2,0,2,-0.513,4,3,4,0,4,3,0.984,3,-2.245,3,4,3,2,7,0,1,1,-0.192,1,0
0,7,3,7,0.0,4,2,0.223,0,6,1,0.0,1.723,3,0.0,0,7,3,0,7,-1.003,6,3,6,0,6,2,1.032,2,-1.798,3,0,0,0,2,7,1,4,-0.393,1,0
2,7,7,0,1386.31,4,4,0.658,3,3,7,0.0,3.137,0,0.0,0,7,7,0,7,2.21,6,6,5,1,0,5,0.977,0,1.001,1,5,4,3,1,3,2,1,0.891,6,1
5,2,3,2,0.0,3,6,-0.395,4,4,1,0.0,0.295,0,0.0,0,0,4,0,5,-1.087,2,1,0,0,3,1,1.061,5,-0.374,6,0,0,7,2,0,2,5,-0.851,7,0
2,5,7,3,0.0,3,0,-2.134,0,2,5,0.0,-0.613,0,0.0,0,5,0,0,4,-1.114,4,5,1,0,6,2,0.932,0,-3.196,2,3,6,1,4,3,5,4,-1.085,6,0
6,6,0,7,1773.75,6,6,1.307,4,3,3,0.0,-1.202,6,2.21,5,7,5,0,5,1.486,3,6,5,1,1,4,1.046,5,2.466,3,2,7,1,1,3,3,6,0.926,0,1
0,3,1,2,0.0,4,7,0.883,5,7,1,0.0,4.246,3,0.0,0,0,5,0,1,1.16,6,0,2,0,4,1,1.279,0,1.078,6,2,3,5,6,3,5,6,0.32,3,0
5,2,6,0,0.0,3,3,0.575,0,6,7,0.0,2.774,5,0.0,1,7,1,0,4,-0.596,1,0,2,1,6,0,1.174,4,-0.827,7,5,3,0,7,7,2,0,0.52,5,1
5,1,7,3,0.0,4,1,-0.373,5,1,6,0.0,1.424,1,0.0,5,3,4,0,1,1.233,2,4,3,0,6,3,0.959,3,-0.703,4,0,0,5,2,5,7,5,0.463,4,0
5,4,6,3,0.0,0,7,0.188,4,6,0,0.0,2.162,6,0.0,2,3,1,0,1,-1.854,6,4,5,0,4,4,1.03,3,1.315,4,3,2,2,4,7,7,5,-0.405,5,0
1,7,5,1,0.0,6,2,1.582,7,5,7,0.0,-0.351,3,0.0,4,1,3,0,2,-0.596,3,4,6,0,3,2,0.92,0,1.377,4,0,0,4,7,4,4,6,1.009,6,0
2,2,7,3,0.0,4,0,1.632,4,5,5,0.0,2.09,4,0.0,5,7,2,0,2,0.041,7,1,1,0,3,7,1.117,2,-1.733,3,5,2,3,7,4,4,4,0.437,2,0
1,6,0,7,1023.94,1,2,0.054,0,3,4,0.0,-1.494,1,0.0,7,6,0,0,4,0.504,3,5,0,1,0,4,1.18,6,0.841,1,5,3,2,3,1,7,5,0.735,1,1
0,5,0,4,0.0,7,7,-0.317,5,2,0,0.0,-0.728,3,0.0,4,7,6,0,6,2.631,1,1,3,0,6,5,0.859,2,-1.315,1,4,3,5,0,3,6,3,-0.039,2,0
3,2,3,1,660.43,4,0,1.86,7,2,6,0.0,1.436,3,0.0,6,3,5,1,2,3.076,0,3,7,1,7,0,1.308,4,4.703,7,2,0,7,4,4,3,6,2.108,3,1
7,1,0,3,0.0,0,4,-0.359,3,7,7,0.0,1.736,3,0.0,5,7,7,0,0,1.665,0,7,3,0,2,6,0.958,7,0.767,7,5,3,7,7,1,3,7,-0.257,2,0
3,6,0,4,0.0,0,0,-0.367,2,4,2,0.0,2.717,3,0.0,3,1,0,0,0,0.658,3,6,5,0,1,4,0.966,4,3.387,1,1,1,1,1,6,4,1,0.393,3,0
6,0,6,0,0.0,3,2,-0.504,2,7,3,0.0,0.591,2,0.0,4,3,0,0,1,0.383,5,0,3,0,4,4,1.101,2,-1.167,6,3,1,1,2,5,7,3,-1.078,3,0
5,1,1,6,0.0,3,6,-0.674,6,4,2,0.0,-0.496,4,0.0,7,6,2,0,4,1.213,0,0,3,0,1,7,1.218,4,-1.874,3,5,7,0,3,4,1,6,0.205,6,0
3,5,5,4,0.0,1,6,-0.406,1,4,6,0.0,0.136,0,0.0,5,4,7,0,4,-0.98,6,5,6,0,6,4,0.926,3,-0.321,2,1,2,0,5,6,2,3,-0.746,2,0
6,6,7,1,0.0,5,7,-0.179,5,6,2,0.0,-0.511,7,0.0,7,2,2,0,6,0.394,7,6,3,0,2,5,0.966,1,0.099,0,1,3,0,5,2,7,3,0.911,3,0
5,7,5,4,0.0,3,6,-0.472,2,3,1,0.0,-0.318,3,0.0,6,4,4,0,0,-1.978,1,5,6,0,1,7,0.799,5,-2.593,3,4,6,1,4,5,2,3,-0.708,1,0
1,3,0,4,1581.97,0,2,2.39,2,2,5,0.0,1.118,1,0.0,5,2,3,1,4,1.689,4,5,3,1,3,2,1.53,6,6.129,4,6,1,1,7,5,2,2,1.911,2,1
4,2,2,3,578.13,2,2,1.426,4,7,2,0.0,2.35,2,0.0,3,7,7,1,2,1.087,4,3,3,1,7,5,1.443,6,-0.433,4,6,1,3,2,7,4,3,1.698,4,1
3,3,0,3,0.0,1,1,-1.188,4,4,7,0.0,0.888,2,0.0,4,4,2,0,6,-0.919,4,5,6,0,7,4,1.005,5,-2.106,6,6,6,2,6,6,4,6,-1.295,7,0
7,0,0,0,0.0,1,2,-0.743,2,4,0,0.0,2.688,7,0.0,4,5,1,0,3,-1.241,3,7,7,0,3,4,1.013,6,-1.585,3,0,3,2,3,6,3,5,0.581,7,0
7,4,6,0,0.0,0,5,-1.154,4,1,4,0.0,0.279,3,0.0,0,3,5,0,2,-1.349,2,4,7,0,3,2,0.801,0,0.175,6,4,1,5,4,6,7,1,-0.411,3,0
0,6,0,7,2053.22,7,0,0.833,3,1,3,0.0,2.112,6,0.0,4,6,2,1,7,1.303,4,7,3,1,4,3,1.187,6,1.038,6,6,5,6,7,3,7,4,1.208,4,1
4,5,4,1,0.0,1,5,-0.571,4,2,7,0.0,-3.174,6,0.0,1,5,6,0,1,-1.411,7,5,1,0,3,1,1.088,4,0.856,5,2,6,7,7,1,3,6,-0.431,5,0
6,0,5,7,0.0,0,1,-0.003,5,3,0,0.0,1.888,5,0.0,4,0,4,0,0,-0.361,1,0,1,0,5,3,1.046,6,-0.287,7,3,5,0,4,5,1,0,0.79,0,0
5,4,2,6,0.0,5,1,0.21,6,6,7,0.0,1.503,3,0.0,6,2,2,0,5,0.768,5,1,0,0,6,7,0.637,7,2.308,4,7,3,1,5,4,2,4,-0.322,5,0
7,1,2,3,0.0,0,3,-1.196,1,0,2,0.0,2.968,2,0.0,4,7,0,0,6,-2.275,4,2,0,0,0,5,0.796,5,0.618,7,6,0,5,6,4,5,1,-1.203,6,0
0,4,3,6,0.0,5,1,-1.326,6,4,0,0.0,-0.662,4,0.0,4,0,2,0,7,0.195,6,4,6,0,0,2,1.0,0,-2.962,5,0,6,6,4,3,7,3,-0.929,7,0
0,4,6,2,0.0,7,5,0.307,4,6,3,0.0,1.463,2,0.0,0,4,1,0,3,0.28,3,4,5,0,4,7,1.183,7,-2.087,0,6,6,6,2,3,2,3,1.204,7,0
7,6,2,6,0.0,6,4,-0.862,4,7,1,0.0,2.358,1,0.0,1,7,3,0,5,-0.768,1,7,4,0,6,2,1.174,0,0.083,2,7,5,4,2,1,7,4,0.007,6,0
7,7,6,3,1337.43,1,5,1.681,7,1,6,0.0,2.939,0,0.0,0,5,0,1,3,1.792,7,5,4,1,0,1,1.336,3,5.201,5,0,0,2,1,4,7,3,2.138,5,1
4,3,4,6,0.0,7,4,-0.613,0,1,4,0.0,-3.09,2,0.0,0,6,6,0,5,0.423,4,0,5,0,2,5,0.999,0,1.826,4,1,1,4,1,2,7,1,-0.997,6,0
7,2,0,5,0.0,4,7,-1.59,7,7,3,0.0,-1.515,7,0.0,3,1,7,0,6,-2.445,6,0,2,0,7,6,1.006,5,-2.628,4,5,4,3,4,7,4,3,-1.064,3,0
3,2,0,7,0.0,7,5,-0.581,5,3,0,0.0,-1.847,7,0.0,6,7,6,0,4,-0.747,6,3,4,0,0,6,0.718,6,0.981,1,3,7,2,2,5,1,7,-0.462,2,0
6,4,7,5,0.0,7,5,-1.991,2,4,7,0.0,-2.172,5,0.0,5,7,4,0,5,-2.167,3,4,5,0,5,0,0.934,7,-3.307,2,3,4,2,3,5,4,3,-1.551,5,0
7,5,0,0,2069.78,4,0,0.785,5,2,6,0.0,2.362,6,0.0,0,4,6,1,6,0.477,0,0,0,1,0,5,1.744,7,0.05,6,5,1,5,2,4,0,3,1.039,1,1
6,4,0,3,0.0,7,0,0.685,5,5,3,0.0,-0.718,2,0.0,4,3,7,0,1,1.427,7,4,6,0,7,2,1.093,7,-1.324,7,5,0,0,2,7,0,3,0.128,7,0
7,5,5,3,0.0,4,1,-1.56,0,1,5,0.0,-0.432,6,0.0,1,4,3,0,3,-0.956,3,3,6,0,5,5,1.111,7,-1.34,0,7,0,2,6,4,2,3,-0.73,3,0
4,4,7,4,1543.89,0,0,0.724,6,5,5,0.0,2.453,5,0.0,3,2,1,0,6,1.089,2,6,4,1,5,0,1.141,3,1.289,2,1,7,2,0,0,3,7,1.344,2,1
6,7,1,3,0.0,3,0,0.352,7,4,1,0.0,-3.219,5,0.0,4,2,1,0,4,-0.564,0,2,0,0,3,3,1.163,4,2.589,7,4,5,7,4,4,0,7,-0.391,6,0
3,4,4,2,0.0,3,5,0.589,4,5,4,0.0,-2.495,3,0.0,2,3,7,0,3,-0.252,5,0,3,0,0,3,0.72,2,0.838,6,1,7,7,1,5,0,7,0.268,7,0
2,2,6,3,0.0,3,3,0.991,3,5,3,0.0,-0.294,2,0.0,0,1,4,0,4,-0.804,3,0,1,0,6,3,1.203,2,2.638,2,5,4,4,0,6,2,1,-0.03,1,0
7,1,6,4,0.0,2,4,-0.304,6,0,5,0.0,-2.656,7,0.0,3,5,2,0,7,-1.26,7,4,5,0,7,7,1.254,3,1.67,7,6,2,0,6,5,7,1,0.286,3,0
5,5,6,6,0.0,3,0,-1.232,3,3,3,0.0,1.626,7,0.0,1,7,1,0,7,-1.542,2,5,3,0,0,2,0.63,4,-0.519,2,5,4,4,3,1,7,4,-1.075,7,0
6,1,7,2,0.0,6,2,0.412,2,7,2,0.0,-0.463,3,0.0,7,4,1,0,1,1.624,1,1,0,0,5,0,1.024,3,1.638,6,3,7,7,4,4,4,5,0.292,1,0
5,6,2,1,1953.27,6,3,2.563,7,5,1,0.0,0.859,1,0.0,2,7,7,1,6,3.629,4,1,0,1,5,4,1.191,7,2.529,4,6,6,6,4,3,0,1,2.243,6,1
6,5,3,2,0.0,5,3,-1.856,4,1,4,0.0,-1.181,5,0.0,6,3,2,0,7,-1.752,4,0,2,0,1,3,0.804,6,-0.461,3,0,3,5,5,3,6,4,-1.485,3,0
1,3,6,0,0.0,0,6,-0.173,3,0,3,0.0,1.349,6,0.0,2,0,0,0,4,-1.158,0,7,0,0,6,3,0.903,5,-0.983,7,6,6,2,2,2,7,7,0.233,4,0
7,6,6,0,0.0,3,2,-0.414,4,2,4,0.0,0.145,6,0.0,5,3,7,0,0,0.463,7,5,2,0,6,2,1.292,0,1.271,6,3,4,4,4,7,6,1,0.67,6,0
3,3,3,2,0.0,4,2,-0.802,1,7,1,0.0,-2.441,4,0.0,3,0,3,0,7,-1.197,2,4,6,0,6,5,1.21,5,-1.336,7,4,4,3,0,2,3,1,-0.624,3,0
5,6,6,3,0.0,5,4,1.001,6,5,5,0.0,1.33,7,0.0,3,0,1,0,5,0.416,0,2,6,0,1,6,1.1,1,1.805,1,1,4,6,4,4,5,5,0.666,5,0
0,4,7,3,0.0,5,1,0.193,2,5,6,0.0,0.727,2,0.0,6,6,6,0,0,-1.954,0,0,6,0,7,2,0.855,2,-1.253,5,5,5,6,5,6,6,5,-0.593,0,0
6,3,1,0,1915.25,6,1,2.055,6,7,5,0.0,1.844,6,0.0,4,2,2,0,0,1.255,6,4,0,1,1,3,1.169,4,2.476,7,5,7,5,3,1,1,7,1.719,7,1
5,4,3,1,0.0,1,7,-0.123,0,6,0,0.0,2.927,4,0.0,1,0,0,0,4,0.514,7,1,3,0,3,3,1.118,5,-0.032,7,6,4,1,6,2,2,6,0.295,5,0
1,4,0,7,0.0,0,1,0.069,7,1,0,0.0,-1.042,5,0.0,2,7,5,0,2,-0.966,0,2,0,0,5,7,0.942,2,-2.701,7,2,5,1,3,3,5,3,-0.601,7,0
1,1,2,1,0.0,6,4,0.608,0,6,7,0.0,7.036,5,0.0,1,4,1,0,6,1.108,2,6,4,0,3,7,0.978,6,-0.915,7,2,3,0,3,2,1,3,1.481,5,0
5,2,0,6,0.0,6,1,0.243,5,4,4,0.0,-1.467,0,0.0,5,3,6,0,4,-2.717,0,6,0,0,6,6,1.096,3,-0.796,2,4,6,4,3,1,2,5,-0.91,6,0
2,4,7,6,0.0,0,4,-0.483,1,2,3,0.0,-0.933,6,0.0,2,2,1,0,6,-2.104,5,5,4,0,1,4,1.038,4,1.033,3,4,1,6,4,3,7,3,-0.993,3,0
7,7,5,1,0.0,1,3,-0.809,2,5,3,0.0,-2.808,2,0.0,0,6,5,0,2,0.446,1,2,2,0,1,2,1.418,2,-1.222,6,6,5,0,4,0,6,6,0.33,3,0
4,6,3,2,0.0,1,2,-1.187,3,6,3,0.0,-5.548,0,0.0,5,6,3,0,7,-0.021,2,5,1,0,7,1,0.854,3,-0.916,0,3,3,1,0,7,3,5,-0.959,7,0
7,5,4,4,0.0,2,2,0.171,7,2,2,0.0,-2.078,7,0.0,6,7,3,0,2,0.709,7,5,3,0,2,6,0.787,6,0.092,4,4,4,2,2,7,6,3,0.123,1,0
4,6,1,4,0.0,0,7,-0.567,7,3,7,0.0,-2.964,1,0.0,0,6,7,0,6,1.214,5,3,5,0,7,1,1.085,0,3.838,4,0,4,5,2,2,2,5,-0.528,4,0
0,3,4,3,0.0,3,2,0.06,7,7,7,0.0,1.921,1,0.0,0,4,7,0,2,0.582,6,0,6,0,2,7,0.929,4,-0.435,7,0,4,7,4,5,5,7,0.442,1,0
0,6,1,3,1500.45,7,3,1.231,7,5,3,0.0,-1.566,5,23.83,1,3,6,1,5,0.247,1,4,3,1,3,2,1.376,5,1.062,1,2,6,0,0,1,3,3,0.945,2,1
7,3,7,0,0.0,4,7,-0.661,4,3,1,0.0,1.539,0,0.0,2,7,1,0,0,-0.471,5,1,5,0,5,4,0.924,5,-2.443,1,3,1,5,6,6,0,4,-0.112,4,0
1,2,5,2,0.0,0,6,0.852,6,4,5,0.0,2.385,7,0.0,1,5,3,1,4,2.075,3,2,2,0,6,5,1.333,2,3.436,7,7,6,6,0,4,2,3,0.916,2,1
3,4,4,5,0.0,7,0,-0.005,0,0,5,0.0,-1.875,7,0.0,1,2,6,0,5,-1.42,7,7,7,0,5,1,1.517,0,0.66,1,1,2,6,5,6,1,3,-0.255,7,0
1,6,1,0,0.0,1,7,0.529,7,7,3,0.0,1.088,3,0.0,0,7,1,0,3,-0.266,5,2,5,0,7,2,1.177,0,0.645,0,2,2,4,2,1,3,1,-0.24,1,0
2,0,2,3,0.0,2,0,-0.029,5,0,0,0.0,-4.652,7,0.0,0,4,1,0,0,0.581,6,5,3,0,6,0,1.313,6,0.262,4,7,4,2,3,1,4,0,-0.027,4,0
5,1,5,7,0.0,0,7,1.049,6,6,2,0.0,1.916,1,0.0,5,2,6,0,3,-1.752,5,4,5,0,0,5,0.866,2,-1.281,4,5,0,3,7,1,6,6,0.162,0,0
5,1,6,7,0.0,0,0,0.578,6,7,0,0.0,0.461,6,0.0,2,0,5,0,1,-1.024,4,1,7,0,1,1,0.851,5,0.237,3,7,5,0,5,7,0,1,-0.395,4,0
6,2,0,0,205.84,3,3,1.516,2,1,3,0.0,2.124,4,0.0,2,1,2,0,4,0.587,4,0,4,1,4,0,1.146,3,-0.266,6,3,2,2,2,4,1,1,1.728,1,1
2,7,1,2,0.0,3,3,-0.397,1,0,6,0.0,-2.836,4,0.0,6,2,0,0,0,0.286,4,5,5,0,0,1,0.921,6,-1.16,2,4,2,3,7,7,6,0,0.028,5,0
3,5,2,0,0.0,1,7,0.019,4,3,5,0.0,-0.648,4,0.0,6,3,6,0,2,-1.635,0,5,7,0,2,7,1.024,0,1.176,5,5,7,3,4,2,3,2,0.103,0,0
4,7,2,7,1744.39,7,3,1.844,5,6,5,0.0,-2.688,0,0.0,5,6,5,0,3,1.355,4,0,3,1,4,1,1.284,4,0.541,4,4,7,1,1,3,0,1,1.338,4,1
6,7,0,4,0.0,2,5,-0.069,4,3,1,0.0,1.995,1,0.0,0,7,4,0,1,1.678,5,1,6,0,3,7,1.152,2,2.22,4,3,1,5,3,6,0,2,0.151,4,0
6,0,1,1,0.0,7,6,-1.05,7,5,6,0.0,2.468,6,0.0,3,5,5,0,5,-0.509,3,2,6,0,6,7,0.837,6,1.151,3,7,6,2,2,7,6,1,-0.092,0,0
6,6,5,6,1303.39,4,2,0.781,4,5,1,0.0,2.95,1,0.0,7,0,2,1,5,0.217,3,6,0,0,5,6,1.31,4,-0.479,1,1,0,6,4,3,3,7,0.899,0,1
1,5,0,2,0.0,1,5,-0.223,7,5,0,0.0,0.215,6,0.0,2,3,7,0,0,0.833,2,4,2,0,7,2,1.185,2,-0.98,5,4,0,2,4,5,0,5,-0.778,0,0
0,4,6,7,0.0,1,0,-0.211,3,1,3,0.0,0.138,0,0.0,1,2,7,0,6,-0.355,3,4,7,0,2,6,0.705,5,2.17,1,4,4,7,6,1,5,7,-0.384,5,0
2,4,7,4,0.0,7,4,-0.018,6,0,5,0.0,1.49,0,0.0,2,7,3,0,4,-0.584,0,4,6,0,6,4,0.999,2,-0.561,0,1,7,6,5,4,6,5,0.564,2,0
4,2,3,7,0.0,5,0,-0.74,3,4,1,0.0,2.834,1,0.0,1,7,2,0,2,-0.319,7,2,6,0,4,2,0.899,1,-1.043,4,7,4,2,5,5,4,1,-0.023,2,0
0,3,6,5,0.0,1,5,-0.469,0,6,7,0.0,-2.306,2,0.0,1,7,2,0,0,0.357,1,6,2,0,0,7,1.397,2,-1.407,0,3,4,2,3,3,5,4,-0.689,0,0
5,6,3,1,0.0,3,0,-0.081,4,0,7,0.0,1.883,6,0.0,4,0,4,0,4,-2.385,0,1,6,0,5,4,0.786,0,0.193,7,2,3,3,4,3,7,1,-0.083,4,0
2,4,7,5,1513.77,3,7,0.213,6,3,7,0.0,4.852,4,0.0,4,1,7,0,6,-0.727,3,1,7,1,7,5,1.445,4,-2.431,2,6,5,7,6,4,4,2,0.654,5,1
4,0,6,5,598.39,6,3,0.454,4,3,2,0.0,0.977,5,0.0,7,6,4,1,3,-0.53,1,4,7,0,2,0,1.387,1,0.394,4,1,3,4,1,0,6,7,0.773,4,1
3,4,0,0,86.55,2,2,1.453,5,7,0,0.0,-0.038,0,23.08,4,5,1,1,3,2.91,1,0,2,0,6,4,1.342,6,-0.531,3,5,7,2,7,4,3,4,1.356,0,1
6,6,5,0,0.0,3,4,0.153,4,3,3,0.0,-0.823,4,0.0,5,1,2,0,5,0.993,7,1,3,0,4,3,0.581,4,-2.392,6,7,3,0,6,6,4,4,0.304,7,0
4,7,4,6,0.0,6,3,1.805,4,7,4,0.0,1.762,5,0.0,7,5,2,1,1,1.524,1,0,2,1,5,2,1.604,3,1.036,3,0,6,1,5,1,3,5,0.902,0,1
6,0,6,7,0.0,5,1,0.474,1,3,5,0.0,-0.293,6,0.0,1,3,3,0,1,-1.16,0,3,0,0,6,3,1.059,3,0.615,0,1,6,7,6,7,1,2,0.672,0,0
4,4,3,4,461.18,7,0,0.471,6,6,4,0.0,3.92,3,0.0,0,3,3,0,2,2.253,3,2,7,1,5,2,1.049,0,-0.093,7,6,4,5,0,0,3,6,0.888,5,1
3,4,6,0,0.0,2,3,-0.565,0,3,2,0.0,0.456,7,0.0,7,3,4,0,6,1.554,4,7,3,0,4,2,0.875,0,2.268,0,1,3,0,6,5,0,5,-0.469,0,0
5,4,1,0,0.0,1,2,0.129,6,0,2,0.0,-3.804,2,0.0,2,5,5,0,0,-2.02,3,6,5,0,3,2,0.986,7,-2.177,4,5,7,6,7,3,7,6,-1.275,4,0
4,0,5,5,0.0,5,5,0.29,5,0,4,0.0,-0.742,1,0.0,1,1,6,0,6,-0.312,1,0,0,0,3,3,0.89,6,-0.759,2,3,4,6,0,7,4,2,-0.257,6,0
7,3,5,6,820.2,0,0,1.858,4,2,0,0.0,1.374,3,0.0,0,4,0,1,5,1.937,6,6,4,1,3,4,1.408,1,1.282,2,6,5,3,6,1,2,0,2.14,3,1
1,6,4,1,0.0,1,1,-0.828,7,4,0,0.0,-0.266,4,0.0,6,2,0,0,6,-1.201,0,2,2,0,3,1,1.021,2,0.491,0,6,3,0,4,4,5,0,-1.189,5,0
0,4,7,0,0.0,1,2,0.09,5,7,5,0.0,0.853,7,0.0,1,1,4,0,7,-1.894,7,0,2,0,5,1,0.747,1,0.048,2,0,3,2,5,0,4,0,-0.025,3,0
1,2,0,7,0.0,2,7,-0.654,7,1,7,0.0,-2.29,3,0.0,0,2,7,0,1,1.184,3,7,4,0,3,5,1.318,1,-3.676,4,2,7,4,6,7,5,3,0.146,3,0
2,3,3,1,0.0,1,3,-0.432,3,5,2,0.0,0.019,3,0.0,6,3,6,0,3,-0.282,5,6,0,0,4,0,0.54,5,-2.015,2,6,3,3,6,2,7,7,-0.873,3,0
1,7,0,5,0.0,6,6,0.331,0,6,2,0.0,-0.749,5,0.0,5,5,1,0,6,0.972,2,3,0,0,7,7,1.129,2,2.331,5,6,1,4,6,5,6,7,0.948,2,0
5,6,4,7,0.0,0,3,-0.441,6,7,7,0.0,-6.695,5,0.0,3,0,5,0,3,0.114,2,3,7,0,0,3,1.109,3,0.402,7,6,5,1,2,7,7,3,-1.627,4,0
4,0,3,1,0.0,0,1,-0.51,4,0,4,0.0,-0.954,3,0.0,0,0,5,0,1,0.248,3,1,0,0,4,4,1.516,0,-1.913,0,0,1,3,5,1,6,4,-0.679,1,0
4,1,6,4,0.0,1,7,0.152,2,0,1,0.0,1.123,4,0.0,4,0,2,0,2,1.584,2,2,6,0,6,4,1.125,3,2.497,5,7,6,3,0,6,7,0,0.46,2,0
6,6,2,7,0.0,7,1,-0.627,7,2,7,0.0,-0.375,1,0.0,5,4,1,0,0,-0.946,6,0,6,0,5,1,0.828,3,0.287,3,7,4,7,4,4,4,1,-1.355,3,0
1,7,0,2,0.0,0,6,0.64,3,6,4,0.0,0.535,2,0.0,2,7,5,1,1,1.29,2,1,5,1,2,4,1.594,7,0.101,1,0,1,4,5,5,6,6,0.998,2,1
5,0,6,7,0.0,1,5,0.025,0,7,1,0.0,2.822,6,0.0,1,6,4,0,0,0.81,6,6,2,0,6,3,0.744,4,0.642,4,5,7,6,5,2,0,0,-0.173,1,0
7,7,5,5,0.0,4,5,-0.463,5,2,1,0.0,-3.933,7,0.0,1,1,7,0,5,2.055,2,4,7,0,7,3,0.726,1,-0.611,7,5,5,2,5,5,4,3,-0.874,3,0
3,6,0,5,0.0,4,4,0.567,4,4,7,0.0,-1.825,2,0.0,0,3,2,0,5,0.018,7,5,6,0,0,1,1.046,7,-0.337,3,5,0,0,7,5,2,2,0.377,7,0
0,7,6,6,0.0,1,4,0.428,0,5,3,0.0,0.364,1,0.0,3,1,7,0,3,1.513,6,5,6,0,7,4,1.497,7,1.308,2,1,6,7,5,1,3,2,0.102,0,0
4,6,7,1,0.0,1,2,1.375,5,3,6,0.0,1.57,7,0.0,1,1,4,1,2,2.06,7,6,2,1,7,4,1.422,1,2.882,2,2,5,7,3,5,0,6,0.887,1,1
0,4,3,7,0.0,0,2,1.239,4,1,3,0.0,0.175,2,0.0,4,5,1,0,0,0.897,2,2,0,0,6,7,1.399,2,0.331,2,2,3,6,7,6,1,7,0.59,1,0
2,3,6,2,0.0,4,2,0.849,7,0,1,0.0,-1.342,7,0.0,4,0,0,0,5,1.667,7,6,7,0,6,0,1.031,2,1.754,4,1,0,0,0,3,4,1,1.042,5,0
2,4,2,4,0.0,3,2,-2.059,4,7,4,0.0,-0.967,0,0.0,6,7,2,0,7,-1.912,0,5,6,0,5,0,1.241,1,-1.862,7,3,5,6,3,4,6,1,-1.095,4,0
6,4,4,5,0.0,3,0,-0.816,5,0,5,0.0,-0.805,5,0.0,6,1,1,0,3,-0.413,0,1,1,0,1,5,0.914,4,-0.498,2,0,5,7,0,4,3,7,-0.445,3,0
7,1,1,4,0.0,0,7,0.136,3,1,4,0.0,2.951,5,0.0,1,7,6,0,7,1.794,4,6,1,0,2,2,1.299,0,-1.103,2,0,6,0,4,4,0,2,0.035,7,0
0,6,6,7,0.0,4,3,-0.155,3,0,1,0.0,-2.817,2,0.0,0,0,4,0,4,-0.027,4,0,7,0,6,4,0.927,5,-0.029,3,6,4,0,5,5,5,4,-0.159,1,0
5,3,3,7,0.0,1,4,1.155,4,2,4,0.0,2.407,4,0.0,0,5,6,0,5,0.758,0,4,3,0,3,7,1.048,0,3.171,2,6,1,1,6,7,0,4,1.575,1,0
0,2,4,1,0.0,0,2,0.628,4,7,4,0.0,1.177,7,0.0,1,2,7,0,7,0.715,7,0,1,0,0,7,1.118,5,-0.996,2,6,4,5,4,7,4,3,0.273,0,0
0,4,0,3,0.0,1,5,-1.682,1,2,6,0.0,-3.65,5,0.0,7,4,6,0,6,-0.846,7,4,5,0,4,6,1.081,1,-1.327,1,3,2,4,7,2,6,0,-1.607,0,0
1,2,1,0,0.0,6,2,-1.217,1,7,3,0.0,0.936,1,0.0,2,3,5,0,5,-1.06,7,4,5,0,6,6,1.026,1,-2.928,0,3,4,5,0,4,1,3,-0.947,7,0
4,2,2,7,0.0,3,0,0.354,5,7,5,0.0,5.016,7,0.0,7,3,2,0,7,1.739,7,7,2,0,7,1,0.836,5,4.45,5,0,7,2,1,3,2,6,0.88,0,0
2,6,6,6,0.0,3,2,1.149,2,2,5,0.0,0.21,1,0.0,4,7,5,0,1,1.275,5,7,5,1,6,6,1.172,2,1.512,4,6,3,5,2,0,6,4,1.156,4,1
3,7,3,7,0.0,7,2,-0.491,0,7,5,0.0,-1.148,2,0.0,6,3,7,0,2,-2.209,0,4,0,0,2,0,1.081,6,0.899,4,2,1,7,3,7,2,4,-0.285,0,0
2,5,0,4,0.0,3,1,-0.428,4,6,0,0.0,-0.131,0,0.0,6,0,7,0,1,0.746,5,1,7,0,4,1,0.978,4,1.48,2,0,5,5,1,5,5,5,-0.228,3,0
1,4,6,5,0.0,0,7,-0.457,7,6,1,0.0,2.508,0,0.0,1,6,6,0,1,1.482,7,1,2,0,5,1,0.988,0,2.215,5,4,2,3,1,6,3,0,-0.54,4,0
3,2,1,1,0.0,4,4,-2.656,2,5,3,0.0,2.138,1,0.0,1,7,6,0,1,-3.567,6,0,1,0,3,0,1.012,0,-3.908,7,6,1,0,7,4,3,5,-3.09,1,0
3,6,4,3,0.0,0,4,-0.464,2,0,0,0.0,-1.343,5,0.0,7,7,2,0,5,0.901,5,7,7,0,1,0,0.909,5,-0.112,7,0,4,6,1,4,7,6,-0.155,5,0
4,5,3,5,1479.27,0,1,1.602,0,2,3,0.0,0.358,5,0.0,2,0,2,1,0,3.07,5,1,2,1,4,1,1.208,0,4.556,0,5,2,5,4,4,7,5,1.557,5,1
6,7,2,0,0.0,5,0,-0.188,2,5,6,0.0,-1.276,7,0.0,1,7,7,0,4,0.9,6,6,6,0,1,3,1.165,0,-1.179,3,3,4,1,1,2,0,6,0.574,3,0
3,1,5,7,0.0,1,0,-2.125,1,0,2,0.0,-1.171,2,0.0,7,4,1,0,4,-1.544,3,1,3,0,3,7,0.987,2,-0.034,4,3,5,7,4,2,5,6,-1.558,5,0
2,6,4,6,0.0,4,6,-1.36,2,2,4,0.0,-3.85,6,0.0,6,1,7,0,0,-0.185,3,2,4,0,3,4,1.012,0,-2.757,7,4,5,4,0,3,0,7,-1.137,7,0
1,3,5,3,0.0,2,4,-0.485,0,1,1,0.0,-0.526,1,0.0,6,0,4,0,1,0.555,2,6,5,0,1,2,1.127,1,0.655,1,1,2,0,0,7,7,0,-0.419,5,0
1,1,7,7,0.0,1,7,-0.786,1,7,2,0.0,0.727,5,0.0,7,2,6,0,5,0.079,2,0,0,0,7,5,0.935,2,0.449,7,7,4,4,4,5,5,5,-0.218,5,0
3,7,1,4,1149.21,1,0,2.491,6,1,3,0.0,1.21,2,0.0,2,3,4,1,5,3.281,7,1,5,1,0,3,1.507,5,1.031,5,7,5,7,1,1,2,5,2.104,1,1
2,1,7,3,0.0,6,7,-0.448,3,4,4,0.0,2.082,4,0.0,0,1,5,0,5,-0.244,2,1,7,0,7,2,1.193,3,-1.825,3,1,4,5,7,4,0,4,0.046,2,0
4,3,1,7,0.0,1,7,0.301,1,3,4,0.0,-2.464,3,0.0,6,5,2,0,2,0.222,0,7,6,0,5,2,1.171,1,0.133,5,4,0,1,7,7,1,1,0.617,0,0
0,2,1,1,0.0,4,6,0.039,1,5,5,0.0,-1.49,0,0.0,2,5,3,0,2,0.596,2,6,6,0,1,4,1.22,6,-2.296,3,3,4,5,4,5,4,1,-0.388,7,0
2,2,5,1,0.0,7,6,-1.955,7,2,2,0.0,-2.547,1,0.0,5,1,4,0,6,-0.152,7,1,1,0,3,5,0.93,2,-2.599,1,0,6,2,7,7,6,2,-1.495,0,0
5,4,4,4,0.0,0,0,-1.189,6,4,4,0.0,-2.206,3,0.0,7,7,0,0,1,-0.243,6,6,1,0,6,5,0.994,6,-2.75,7,1,7,1,7,7,3,2,-1.211,2,0
2,0,0,4,0.0,6,1,-0.411,5,7,0,0.0,3.45,1,0.0,1,7,1,0,2,0.077,3,5,4,0,2,6,1.088,2,-1.479,4,1,7,1,2,7,6,7,-0.326,2,0
0,0,3,2,0.0,0,4,0.896,0,7,5,0.0,-1.134,1,0.0,1,3,5,0,5,0.27,6,2,3,0,1,2,0.863,3,-1.227,4,2,5,2,2,2,6,2,0.012,1,0
6,3,3,4,0.0,5,7,-0.283,6,2,0,0.0,0.135,4,0.0,3,1,0,0,6,3.204,5,7,3,0,6,6,0.858,4,0.447,5,7,2,0,4,6,1,0,0.571,6,0
1,1,3,4,0.0,6,7,-1.156,3,3,4,0.0,-0.978,1,0.0,6,4,1,0,4,0.362,4,7,6,0,3,4,1.16,2,-1.23,5,6,1,5,0,1,3,3,-0.169,1,0
1,7,1,1,0.0,5,0,-0.164,7,4,4,0.0,-3.378,4,0.0,1,6,4,0,3,1.188,3,3,4,0,7,1,0.859,6,-1.342,4,4,5,6,4,0,2,2,-0.135,2,0
2,0,5,6,0.0,3,5,0.435,0,6,3,0.0,3.86,1,0.0,7,1,1,0,1,-0.97,3,0,4,0,0,3,1.018,4,-1.181,6,1,0,6,0,4,3,2,0.432,0,0
2,1,6,5,0.0,1,4,-0.839,3,5,6,0.0,-0.719,5,0.0,5,0,7,0,1,-2.146,3,1,1,0,5,4,1.078,5,-1.287,6,1,3,1,1,3,5,1,-0.806,7,0
1,7,0,5,0.0,3,2,0.914,7,0,6,0.0,0.445,0,0.0,2,0,6,0,6,-1.113,6,6,5,0,7,3,1.358,6,-2.39,1,4,1,3,4,3,1,2,-0.599,7,0
4,2,1,4,371.29,5,0,0.828,7,7,2,0.0,2.198,7,0.0,4,3,5,1,1,0.856,3,7,6,1,0,3,1.287,0,2.404,7,1,0,3,3,5,3,2,1.052,3,1
5,2,1,1,0.0,1,7,0.243,1,2,6,0.0,-2.024,3,0.0,7,5,0,0,4,-0.152,1,1,3,0,1,4,0.984,2,-1.138,1,0,5,5,0,5,4,2,-0.377,1,0
1,3,4,1,0.0,1,6,-2.042,2,3,6,0.0,1.163,0,0.0,1,4,1,0,5,-2.643,1,1,4,0,7,3,0.976,1,-0.194,1,4,2,5,7,4,6,7,-1.558,5,0
1,0,4,1,603.96,3,3,1.72,6,5,5,0.0,1.461,5,0.0,3,2,2,0,5,0.452,3,7,4,1,0,4,1.355,6,-1.349,1,4,7,0,4,0,2,4,1.531,0,1
7,1,3,3,0.0,7,6,-0.33,2,5,2,0.0,-0.024,4,0.0,2,6,7,0,2,-0.405,2,5,7,0,0,6,0.682,2,1.831,0,1,5,0,1,6,3,5,-0.041,3,0
5,4,6,7,1683.22,4,0,1.185,6,4,7,0.0,-2.392,7,0.0,0,6,2,0,6,-0.89,4,7,0,1,7,0,0.973,0,-0.755,0,7,4,3,1,4,4,5,1.477,6,1
5,3,6,5,0.0,0,1,1.133,7,7,6,0.0,1.678,3,0.0,3,0,7,0,1,0.396,7,4,5,0,5,7,1.056,2,1.204,5,7,0,4,6,0,6,6,1.372,5,0
7,6,5,5,296.09,2,0,2.23,3,3,4,0.0,-1.454,4,19.77,2,6,5,1,3,0.996,2,4,7,1,7,2,1.018,6,1.959,4,3,3,3,1,3,3,4,1.606,0,1
1,1,0,2,0.0,1,2,-1.017,3,3,7,0.0,-4.322,4,0.0,1,2,7,0,4,-2.256,4,0,0,0,3,0,1.398,3,2.016,0,2,5,4,1,5,3,7,-1.369,6,0
4,4,5,1,0.0,0,1,1.991,0,1,0,0.0,1.621,2,0.0,4,0,1,0,4,-0.115,4,4,1,0,1,0,1.085,5,1.499,3,1,3,4,6,1,7,4,1.138,0,0
0,2,6,4,0.0,2,0,0.825,4,6,6,0.0,-1.623,6,0.0,7,3,2,0,0,0.096,0,5,3,0,0,4,1.198,0,3.331,3,3,5,2,7,7,0,7,0.748,3,0
4,6,0,0,1800.95,3,3,0.589,5,2,4,0.0,4.09,4,8.21,5,5,7,0,6,-0.376,0,0,1,1,0,1,1.377,5,2.38,7,4,4,2,4,1,3,7,0.768,0,1
0,5,7,7,0.0,0,0,-1.475,1,2,5,0.0,-2.87,4,0.0,4,3,7,0,2,-0.509,7,5,4,0,4,4,1.25,1,-1.131,1,4,3,1,0,5,5,3,-1.121,6,0
7,4,2,2,0.0,4,4,-2.065,3,6,7,0.0,-1.342,4,0.0,1,3,1,0,5,-1.83,1,1,3,0,1,7,0.985,0,-1.028,6,4,1,4,4,2,7,6,-2.554,6,0
5,3,7,7,1113.57,0,5,2.688,0,4,1,0.0,0.044,4,0.0,4,2,3,1,2,0.488,7,4,7,1,0,4,1.093,0,0.98,3,2,7,6,7,1,3,5,2.466,0,1
5,5,0,4,0.0,7,0,-1.852,2,5,0,0.0,-2.636,1,0.0,3,3,7,0,0,-1.783,3,3,4,0,2,5,1.071,5,-0.189,6,1,7,2,7,3,6,2,-1.726,5,0
2,1,5,5,0.0,2,3,-0.118,5,5,2,0.0,0.922,7,0.0,7,2,3,0,5,-0.483,5,5,5,0,3,6,1.015,2,2.972,2,7,1,2,1,2,7,7,-0.04,6,0
7,0,3,1,0.0,6,5,-0.242,4,6,0,0.0,-2.616,1,0.0,7,2,1,0,7,-0.273,4,1,3,0,6,4,1.212,4,0.421,2,6,7,1,0,0,1,3,0.132,6,0
1,0,5,3,0.0,6,6,-0.223,0,0,4,0.0,-2.314,2,0.0,7,0,5,0,6,0.435,7,2,0,0,6,4,1.199,1,2.198,7,0,6,2,6,1,6,1,-0.662,3,0
7,7,4,7,0.0,0,3,0.567,4,4,6,0.0,-2.06,4,0.0,2,6,0,0,3,0.759,6,2,6,0,7,1,0.717,7,3.951,1,4,5,0,6,0,3,7,0.406,4,0
6,5,1,6,0.0,4,4,-0.304,1,0,7,0.0,-0.231,7,0.0,4,0,5,0,1,0.173,1,2,2,0,0,0,1.004,3,0.026,6,5,1,7,4,4,1,1,-0.973,2,0
2,1,0,5,0.0,0,6,0.832,2,5,6,0.0,0.253,0,0.0,4,2,1,0,3,1.198,7,5,6,0,4,1,1.27,4,2.459,6,5,3,0,1,0,6,1,1.362,1,0
1,4,5,0,0.0,1,6,0.27,5,7,0,0.0,2.351,1,0.0,3,1,2,0,4,0.52,7,5,4,0,5,0,1.067,2,-2.426,0,1,5,0,4,3,6,3,-0.257,4,0
2,1,6,3,0.0,6,3,0.911,2,6,6,0.0,2.286,0,0.0,7,1,6,0,4,1.447,4,7,1,0,4,1,1.119,3,1.334,7,0,1,2,3,6,5,6,0.969,5,0
7,3,7,7,0.0,7,6,0.297,7,2,2,0.0,-0.235,5,0.0,6,4,5,0,2,1.799,7,3,7,0,6,1,1.47,2,0.32,2,7,6,3,0,2,4,1,-0.538,6,0
6,7,3,3,170.35,5,1,1.893,5,4,3,0.0,3.156,6,0.0,1,1,4,0,0,0.241,3,3,0,1,0,1,1.156,1,0.434,4,4,3,0,4,2,3,3,1.485,5,1
5,7,7,3,0.0,7,2,-0.323,6,2,1,0.0,2.055,2,0.0,1,0,1,0,4,0.939,1,5,0,0,5,3,1.207,2,2.919,6,0,1,3,7,7,7,6,-0.162,6,0
0,7,3,3,0.0,5,6,-1.175,2,3,7,0.0,0.795,6,0.0,2,5,5,0,5,0.608,4,0,2,0,7,6,0.853,3,-3.033,3,0,3,3,1,6,6,7,-0.888,5,0
5,2,2,2,0.0,3,0,-1.464,4,4,1,0.0,-6.092,1,0.0,7,4,2,0,2,-1.706,7,5,4,0,1,2,1.138,7,-0.966,6,6,0,6,4,4,6,1,-1.428,1,0
0,6,2,3,772.55,4,6,1.712,5,4,7,0.0,0.04,3,17.31,5,7,3,1,2,1.464,3,6,7,1,5,5,1.244,5,-0.097,4,6,5,2,6,4,4,6,1.018,1,1
2,3,4,2,0.0,4,2,0.321,6,0,1,0.0,-2.232,5,0.0,5,2,1,0,6,0.105,0,7,4,0,1,3,1.097,4,1.339,5,1,0,1,0,7,2,3,0.526,4,0
0,6,2,4,0.0,5,6,1.077,2,2,7,0.0,-0.852,4,0.0,0,5,6,0,4,-0.135,4,0,6,0,0,4,1.313,0,0.357,1,6,7,1,7,1,2,3,-0.028,2,0
6,1,4,6,0.0,5,5,-0.834,6,4,4,0.0,6.051,0,0.0,5,7,0,0,5,0.742,5,2,4,0,2,2,1.27,2,0.483,0,2,5,4,2,3,4,5,0.004,0,0
3,6,4,1,0.0,2,1,-0.915,1,2,4,0.0,-1.574,5,0.0,2,5,5,0,7,-1.451,6,6,6,0,2,4,1.16,6,-2.778,2,1,0,0,2,2,7,4,-2.236,5,0
0,7,5,0,0.0,5,6,-1.118,1,6,6,0.0,-2.148,7,0.0,0,7,0,0,7,-1.91,6,4,6,0,3,3,1.201,4,-3.357,2,3,0,6,7,7,6,1,-1.497,4,0
7,4,7,1,0.0,4,6,-0.048,2,6,1,0.0,-1.131,7,0.0,7,5,7,0,5,0.3,5,1,3,0,2,3,1.223,1,-2.467,6,4,2,1,0,7,6,6,-0.409,5,0
7,6,2,3,0.0,6,5,-0.231,6,3,7,0.0,1.257,5,0.0,6,1,7,0,2,-0.843,4,1,2,0,3,1,1.024,2,-2.97,6,1,6,7,7,2,2,6,0.155,5,0
2,3,6,2,0.0,0,1,2.529,0,0,1,0.0,2.278,2,0.0,5,2,3,0,2,-0.346,7,3,0,0,6,4,0.661,1,2.906,3,3,2,1,0,3,0,2,1.012,0,0
1,7,3,7,1959.18,2,0,0.844,4,3,7,0.0,2.763,6,21.77,5,7,2,0,2,1.279,0,3,0,1,6,5,1.477,1,-2.012,4,0,3,2,1,2,2,4,0.975,7,1
0,5,1,2,0.0,0,5,1.855,4,3,5,0.0,-0.326,0,0.0,1,7,3,0,1,0.19,1,3,2,1,2,5,1.514,6,-0.385,5,0,0,6,4,1,1,3,1.014,7,1
7,4,5,5,0.0,6,4,-1.025,0,4,7,0.0,-2.033,1,0.0,7,1,3,0,0,1.863,1,5,1,0,5,4,1.091,3,1.395,1,1,0,3,5,3,2,6,-0.148,6,0
1,2,1,6,0.0,3,7,-0.727,5,3,0,0.0,-3.687,4,0.0,2,7,0,0,1,-0.843,3,6,6,0,7,6,0.733,0,-0.576,6,3,6,6,5,0,2,7,-0.406,6,0
3,4,5,6,0.0,6,0,-0.76,4,6,2,0.0,2.824,1,0.0,4,1,7,0,7,-0.087,1,7,1,0,1,4,1.373,7,0.532,3,4,7,4,6,5,0,4,-0.612,3,0
7,3,0,5,977.23,2,7,2.95,6,6,1,0.0,-0.624,3,0.0,0,5,0,1,1,1.145,7,0,3,1,1,7,1.474,7,5.029,0,0,1,1,6,5,3,3,2.621,5,1
4,2,7,4,0.0,1,2,-0.393,5,2,5,0.0,-0.956,6,0.0,1,2,2,0,5,0.863,5,7,2,0,7,3,1.195,5,-1.533,5,1,0,2,7,4,7,1,0.418,6,0
6,6,6,1,0.0,3,0,0.451,5,1,1,0.0,-0.612,5,0.0,1,5,4,0,0,2.669,5,6,2,0,1,6,0.957,2,3.964,6,7,6,6,1,3,0,3,0.525,1,0
2,2,0,1,0.0,7,4,-0.48,5,1,3,0.0,-1.749,0,0.0,7,4,1,0,4,-0.947,1,5,6,0,1,7,0.9,0,-1.774,1,2,1,3,2,6,5,4,-0.341,3,0
2,3,0,6,0.0,7,1,-2.331,5,1,6,0.0,0.337,4,0.0,0,0,5,0,1,-3.946,6,2,1,0,7,6,0.762,5,-0.753,3,2,4,7,0,5,6,1,-2.036,3,0
1,5,0,2,0.0,3,2,-0.726,2,3,6,0.0,-2.507,3,0.0,1,7,1,0,2,-2.108,6,6,4,0,4,0,1.112,5,1.551,1,7,1,4,6,0,7,2,-0.865,0,0
4,5,1,2,0.0,6,2,-0.913,7,4,7,0.0,-1.704,1,0.0,1,5,0,0,5,0.396,3,6,0,0,4,0,0.99,0,-0.11,4,3,4,6,6,6,7,4,-0.333,6,0
1,7,6,1,0.0,0,5,-0.114,5,5,7,0.0,1.626,0,0.0,0,2,3,0,3,0.717,1,3,3,0,3,5,0.803,4,-0.88,4,1,1,3,5,6,5,4,-0.348,5,0
4,6,6,5,0.0,5,0,-0.459,7,1,0,0.0,-0.634,7,0.0,5,6,2,0,3,-1.02,5,1,2,0,0,6,0.948,1,-2.927,7,2,6,5,7,0,5,6,-0.308,6,0
0,5,3,0,0.0,2,4,0.211,2,0,5,0.0,0.126,3,0.0,0,1,7,0,3,-0.201,4,2,4,0,6,4,1.18,6,-0.731,2,3,6,4,6,6,2,5,0.049,1,0
5,7,7,6,499.23,1,0,2.87,2,4,3,0.0,2.23,5,0.0,7,1,7,1,1,2.197,1,2,6,1,7,2,1.159,4,5.115,5,0,2,4,2,1,6,5,2.91,1,1
2,4,4,3,0.0,5,0,-0.544,5,7,2,0.0,1.583,5,0.0,7,4,1,0,6,-1.84,5,6,0,0,4,7,0.437,0,-0.218,6,6,5,6,6,0,3,6,-0.102,3,0
2,2,5,5,0.0,3,1,0.988,5,6,1,0.0,-0.047,1,0.0,7,1,5,0,7,0.983,1,3,7,0,3,7,0.886,5,0.158,5,2,6,6,1,2,0,2,-0.038,4,0
2,5,0,3,0.0,6,2,-0.719,3,2,2,0.0,1.893,3,0.0,7,4,0,0,3,0.165,5,7,4,0,0,4,1.143,2,-3.071,2,1,6,4,4,3,5,1,-0.156,5,0
2,0,7,5,0.0,4,0,-0.4,1,5,7,0.0,1.159,5,0.0,3,0,6,0,2,1.464,7,6,6,0,7,2,0.651,3,0.008,7,3,6,6,7,2,3,2,0.451,5,0
6,4,7,6,0.0,7,7,1.158,6,1,3,0.0,1.573,0,0.0,6,0,2,0,2,0.664,7,7,7,0,6,0,0.835,7,0.61,6,1,2,5,4,2,0,1,0.347,6,0
0,0,6,0,0.0,4,3,-0.158,3,2,0,0.0,0.977,2,0.0,3,2,4,0,6,-0.951,3,4,0,0,7,1,1.003,4,0.838,4,3,2,0,0,0,0,3,-0.12,5,0
4,0,0,0,0.0,5,5,0.435,7,2,2,0.0,0.579,3,0.0,6,3,4,0,4,-0.364,4,6,2,0,0,5,0.961,7,0.708,1,0,5,0,6,7,5,2,-0.166,3,0
0,5,7,1,379.1,1,0,0.376,3,3,6,0.0,-1.727,3,0.0,2,5,5,0,4,-0.602,2,1,5,1,7,6,1.108,2,-0.736,7,0,2,3,5,2,3,7,0.688,6,1
4,3,3,3,0.0,3,3,0.355,0,3,2,0.0,1.378,0,0.0,0,7,6,0,7,-0.188,7,3,6,0,4,3,1.024,5,-1.156,7,7,1,6,1,2,2,0,-0.355,4,0
5,0,1,1,0.0,3,0,1.284,7,7,1,0.0,0.526,0,0.0,4,2,7,0,5,-1.114,1,5,7,0,4,0,1.527,2,2.385,0,1,3,5,5,1,6,5,0.669,7,0
6,3,7,2,0.0,5,5,-1.061,2,7,6,0.0,-0.541,1,0.0,0,4,4,0,5,-1.224,7,6,0,0,6,4,1.006,2,1.093,6,2,3,2,4,2,5,3,-0.151,3,0
6,7,2,0,502.33,3,3,1.499,7,4,7,0.0,0.992,6,0.0,0,7,5,0,2,1.594,2,6,5,1,7,1,1.049,1,2.576,6,7,7,7,4,4,6,6,1.174,5,1
7,6,2,0,0.0,2,2,-0.269,3,6,1,0.0,2.193,4,0.0,6,0,7,0,0,1.212,7,6,4,0,6,4,0.825,4,0.074,1,3,2,4,6,1,5,1,0.096,7,0
2,4,5,3,0.0,0,4,0.427,6,3,4,0.0,0.091,2,0.0,7,5,0,0,7,0.334,3,4,6,0,0,0,0.899,6,1.482,3,0,4,5,4,4,6,1,1.235,4,0
0,1,0,0,1153.71,4,2,1.365,0,5,3,0.0,-0.009,5,6.33,4,1,1,0,4,0.274,7,5,2,1,1,7,1.31,6,-0.394,5,4,2,2,4,2,7,3,1.23,5,1
4,7,5,4,0.0,6,0,-1.259,1,4,3,0.0,-4.15,1,0.0,4,7,0,0,5,-1.531,2,2,3,0,0,2,0.394,2,-2.268,6,3,6,6,4,7,5,6,-0.633,6,0
7,3,5,0,0.0,2,5,-0.758,5,6,3,0.0,-1.816,1,0.0,7,0,3,0,5,0.072,7,0,7,0,1,2,1.547,3,-1.271,7,2,2,6,2,7,6,2,-0.424,7,0
1,2,7,3,1852.93,3,0,2.02,0,4,4,0.0,-0.07,1,0.0,1,5,4,1,5,2.202,7,5,1,1,4,7,1.006,4,2.17,5,4,7,0,7,6,1,3,2.201,3,1
0,3,0,1,0.0,5,1,-0.198,1,1,5,0.0,1.967,3,0.0,1,7,1,0,4,-1.555,4,7,1,0,1,6,0.857,6,2.282,7,3,2,6,2,6,2,3,0.798,3,0
4,4,1,7,0.0,0,6,0.238,1,6,5,0.0,1.325,6,0.0,7,7,2,0,7,-1.486,4,0,5,0,4,1,1.262,3,-0.312,4,1,6,0,4,3,6,4,0.026,0,0
1,6,0,6,0.0,0,5,-1.071,2,3,4,0.0,1.461,4,0.0,1,4,1,0,0,0.6,4,6,3,0,3,6,1.261,2,-1.361,0,4,5,6,1,3,6,6,-0.532,1,0
3,2,2,1,0.0,7,7,0.578,3,4,7,0.0,1.095,2,0.0,1,6,2,0,3,1.332,1,1,2,0,2,5,0.959,1,-0.855,6,3,3,0,2,4,0,5,0.305,1,0
6,0,6,4,0.0,1,2,-1.088,3,6,1,0.0,-3.896,0,0.0,6,4,7,0,2,-0.44,3,7,7,0,6,4,1.084,1,-0.73,2,4,0,7,4,5,7,3,-1.128,3,0
2,7,1,4,1349.92,7,4,0.993,4,5,0,0.0,2.843,7,0.0,6,2,0,0,5,0.752,7,2,4,1,4,3,0.833,5,-0.308,2,2,3,3,1,3,4,2,0.777,7,1
5,5,2,7,0.0,6,6,-2.904,2,0,7,0.0,-0.338,6,0.0,7,0,2,0,6,-1.24,0,0,7,0,4,3,0.704,5,-5.203,3,1,0,3,1,7,1,0,-1.893,0,0
4,5,0,4,0.0,3,4,0.741,7,3,7,0.0,-0.809,2,0.0,6,1,3,0,3,0.751,2,3,2,0,0,6,0.823,6,-2.468,1,2,6,1,3,2,6,7,-0.237,0,0
3,0,1,3,0.0,0,6,1.067,1,0,5,0.0,2.472,6,0.0,5,7,2,0,2,0.422,2,6,5,0,4,0,0.897,6,-0.169,1,7,1,4,2,3,5,0,-0.519,0,0
3,7,5,3,0.0,1,1,-1.198,4,5,2,0.0,0.997,2,0.0,0,3,3,0,1,0.646,3,0,7,0,7,1,1.048,3,-0.734,0,0,5,3,0,6,2,3,-0.319,4,0
5,7,6,3,0.0,2,6,-0.65,1,0,6,0.0,0.93,2,0.0,2,3,3,0,5,-1.317,2,4,4,0,5,3,1.445,3,1.607,7,5,2,6,1,0,6,3,-0.866,1,0
2,4,3,4,1625.71,5,2,0.305,1,0,4,0.0,-0.613,3,9.99,7,5,7,1,3,1.267,2,4,7,1,5,4,1.426,0,2.162,0,7,5,4,4,7,6,2,1.277,0,1
4,2,2,5,0.0,6,0,0.919,2,7,7,0.0,1.589,3,0.0,1,0,1,0,2,2.12,2,2,4,0,6,1,0.957,5,1.327,7,7,4,2,3,6,7,4,0.958,2,0
6,6,6,6,0.0,3,1,1.419,0,3,2,0.0,-0.222,4,0.0,1,4,7,1,4,-0.316,6,2,3,0,2,6,1.149,2,-2.918,4,6,2,0,6,2,1,2,1.6,4,1
7,3,5,6,0.0,3,1,-1.165,3,1,6,0.0,-1.071,0,0.0,7,3,5,0,4,-0.405,7,5,1,0,6,4,1.424,3,0.559,6,6,6,5,3,4,4,1,-0.909,2,0
2,3,7,5,0.0,5,2,-2.945,7,6,5,0.0,-4.874,1,0.0,5,0,4,0,4,-1.772,4,2,3,0,6,0,1.439,7,-2.187,2,4,5,1,2,0,7,7,-2.437,5,0
3,3,3,1,0.0,0,3,-1.338,0,5,7,0.0,0.094,2,0.0,0,1,5,0,6,-3.111,1,0,5,0,5,1,1.265,7,0.135,6,1,1,5,2,5,2,2,-1.768,0,0
6,1,4,4,0.0,3,3,-1.006,4,7,1,0.0,-0.309,4,0.0,0,4,3,0,3,-0.024,5,4,4,0,5,5,0.632,2,-0.663,4,3,0,0,0,2,1,3,-0.862,3,0
5,6,7,5,0.0,3,4,0.473,7,3,4,0.0,-0.525,6,0.0,3,4,6,0,6,1.642,1,5,3,0,0,5,1.028,3,1.208,3,7,7,2,2,0,7,7,0.824,2,0
3,1,4,7,0.0,2,3,2.238,3,7,2,0.0,4.186,0,0.0,2,0,6,1,5,2.491,6,4,2,1,0,2,1.202,3,2.504,2,5,4,6,3,1,0,5,2.38,0,1
4,7,5,3,0.0,7,2,-1.101,4,1,5,0.0,-0.318,6,0.0,0,7,1,0,5,-1.113,5,0,0,0,0,4,0.904,7,-0.815,6,4,5,4,4,0,3,3,-0.934,5,0
3,3,0,5,0.0,6,1,-0.275,3,6,1,0.0,1.434,3,0.0,7,1,1,0,3,-1.376,0,7,5,0,5,7,0.996,1,1.272,0,7,4,4,1,0,5,0,-0.063,2,0
1,5,1,0,0.0,5,5,0.452,6,5,3,0.0,2.087,5,0.0,2,4,7,0,2,1.979,5,4,3,0,2,1,0.988,3,0.755,7,0,5,7,5,1,1,1,0.133,2,0
6,6,6,3,433.49,3,1,1.237,2,3,1,0.0,-0.361,0,0.0,1,7,6,1,4,1.187,0,2,7,0,1,3,1.205,4,-0.774,1,6,7,2,7,2,3,1,0.756,3,1
7,2,3,4,0.0,7,2,0.68,0,7,5,0.0,2.113,6,0.0,3,5,0,0,0,1.901,6,7,3,0,6,2,1.076,2,0.552,7,0,3,4,2,6,1,4,0.758,6,0
2,1,5,7,0.0,3,0,-2.052,0,7,1,0.0,-1.78,0,0.0,4,4,0,0,2,-2.201,6,4,5,0,4,2,0.877,3,-0.376,4,6,2,4,3,6,2,3,-2.2,1,0
7,5,5,3,612.71,3,5,1.15,2,6,5,0.0,0.247,3,5.52,2,7,3,0,1,0.967,5,7,6,1,1,7,1.563,2,-0.677,6,4,2,2,5,5,2,0,1.251,2,1
4,7,4,2,0.0,2,7,-3.396,5,5,3,0.0,-1.886,3,0.0,1,2,7,0,5,-0.752,7,2,7,0,5,6,0.907,2,-1.817,5,5,3,2,4,6,5,0,-2.336,6,0
7,5,0,0,0.0,1,6,-0.155,3,4,0,0.0,0.066,2,0.0,3,7,4,0,2,-1.178,7,2,0,0,6,0,1.069,3,-1.384,6,1,5,4,2,3,3,3,-0.429,5,0
1,3,3,5,2081.0,2,2,0.955,1,2,5,0.0,-2.303,7,0.0,4,1,0,0,2,0.077,7,0,2,1,6,5,1.455,7,0.197,2,2,7,3,1,2,6,7,1.501,0,1
1,4,7,6,1847.99,0,6,1.864,7,2,5,0.0,0.224,5,0.0,3,1,5,1,3,2.258,5,2,2,1,4,5,1.189,1,1.795,2,5,7,2,2,1,6,1,1.73,3,1
3,3,4,1,0.0,7,0,0.255,6,7,3,0.0,-2.732,1,0.0,0,7,5,0,5,-0.761,4,3,6,0,2,1,0.655,7,0.034,3,6,4,0,2,3,3,7,-0.283,6,0
0,5,2,2,0.0,4,0,0.243,6,1,1,0.0,0.017,5,0.0,6,3,4,0,1,-1.712,5,2,1,0,1,2,1.143,5,-1.737,3,5,0,7,4,4,6,3,-0.366,3,0
