ward,permit_month,licence_class,outdoor_seating,walkin_count,days_to_reinspection,parking_class,seats_licensed,prior_grade_index,followup_inspection_score,training_provider,block_group,critical_violation_points,grease_trap_size,years_in_operation,water_district,pest_contract,delivery_platform_flag,owner_entity_type,menu_item_count,closure_duration_hours,noise_zone,reinspection_fee_usd,alcohol_licence,inspector_route,sanitarian_id,payroll_vendor,grease_hauler,supplier_group,pos_vendor,signage_class,cuisine_code,dishwasher_class,staff_turnover_rate,recycling_tier,frontage_type,hood_type,closure_ordered
2,5,7,1,5,0.077,0,0.758,0.884,0.29,5,3,2.0,0,-1.202,5,7,6,0,1.641,0.0,4,0.0,2,4,4,7,5,1,7,3,7,6,1.757,6,6,4,0
3,6,3,5,7,-0.276,5,0.376,0.277,-0.264,3,1,2.0,6,1.768,5,7,5,0,-1.105,0.0,4,0.0,5,7,4,0,7,0,1,1,2,3,0.793,3,3,3,0
7,6,1,3,0,-0.113,2,-1.903,-1.481,0.027,7,3,6.0,4,-0.947,0,1,0,2,-4.246,0.0,4,0.0,0,3,6,4,6,7,4,2,0,3,-3.949,4,0,2,0
7,1,3,0,3,0.517,5,-1.564,-0.395,-0.208,4,0,5.0,5,-0.839,3,0,5,0,0.393,0.0,1,0.0,0,4,7,6,1,2,0,7,6,5,-1.923,5,0,7,0
1,3,5,5,7,-0.525,5,0.446,0.923,0.669,4,5,3.0,4,-0.71,7,1,7,4,-1.48,0.0,7,0.0,7,7,1,0,6,5,5,7,2,5,2.067,4,2,1,0
0,7,4,5,3,1.598,5,-0.311,0.9,-0.672,7,7,3.0,0,2.081,3,0,3,6,1.921,0.0,3,0.0,4,0,3,6,2,0,3,1,3,3,0.845,5,1,3,0
7,7,6,4,2,-0.257,5,0.049,-0.625,0.972,1,6,4.0,2,0.039,6,5,7,5,-1.085,0.0,6,0.0,7,1,1,2,3,3,6,5,1,6,-0.587,3,0,4,0
7,4,5,3,3,-0.746,1,-3.403,-2.522,0.398,1,5,7.0,0,-1.735,5,6,1,7,-4.35,0.0,7,231.78,3,2,0,4,5,4,4,1,1,7,-1.148,2,4,5,1
5,2,0,1,6,-1.745,7,-0.922,-0.554,0.311,7,6,5.0,6,1.755,6,4,4,4,-2.761,0.0,0,0.0,4,0,3,6,5,4,6,1,4,1,-1.218,6,6,1,0
0,2,3,1,3,-0.443,1,-1.177,0.716,0.905,2,6,3.0,2,-1.108,6,2,2,2,1.022,0.0,4,0.0,2,0,4,2,7,7,5,6,1,0,0.43,2,7,2,0
2,4,4,3,6,1.04,1,-0.637,-0.556,-2.001,0,6,4.0,7,-1.474,3,7,4,1,-1.736,0.0,2,0.0,2,1,4,2,2,1,5,3,1,5,-0.781,6,7,7,0
2,3,2,0,1,-0.443,6,1.467,0.543,-2.362,5,5,2.0,2,-1.574,7,3,3,7,2.52,0.0,3,0.0,0,5,1,5,0,6,0,4,1,7,-0.212,6,3,0,0
1,2,3,3,1,0.013,0,1.979,1.338,-2.046,6,4,-0.0,1,1.998,1,5,3,5,-1.204,0.0,5,0.0,7,7,1,5,5,4,4,7,0,3,1.578,5,3,7,0
5,6,6,5,4,1.702,3,0.173,0.652,0.604,3,0,2.0,4,2.276,0,7,5,3,0.9,0.0,2,0.0,6,0,7,2,3,3,0,1,5,1,-0.363,5,4,2,0
1,7,0,3,4,-0.849,1,1.222,0.327,-2.594,3,1,1.0,5,0.727,5,3,4,1,-0.409,0.0,6,0.0,3,7,6,7,2,6,5,0,2,5,0.61,5,0,7,0
2,4,6,4,6,0.885,3,-0.955,-0.803,0.952,0,1,4.0,6,-3.238,3,5,6,3,-1.662,0.0,5,0.0,1,3,6,2,1,0,4,1,5,0,0.068,6,2,4,0
1,7,2,0,5,1.42,7,0.286,-0.028,0.718,5,0,3.0,3,-1.719,5,0,2,4,-3.008,0.0,7,0.0,1,1,1,4,1,7,0,4,5,3,-0.065,7,2,2,0
4,3,0,7,1,-0.696,0,-1.84,-1.278,-0.503,5,1,5.0,4,-3.023,1,1,2,0,-0.569,0.0,1,0.0,7,4,7,7,5,3,0,5,2,2,-1.392,5,1,0,0
3,5,5,7,0,0.432,1,0.056,0.215,0.986,1,4,3.0,6,-0.155,0,7,2,1,-1.758,0.0,0,0.0,2,6,4,6,1,1,0,4,7,6,0.568,7,1,1,0
1,7,3,5,2,0.715,4,0.434,-0.207,-0.349,6,7,4.0,6,2.453,0,3,0,0,1.95,0.0,1,0.0,1,0,4,4,1,3,5,2,3,1,-0.277,0,4,6,0
4,3,5,7,5,0.603,6,1.146,1.662,0.893,1,5,2.0,3,-1.128,5,5,4,1,2.469,0.0,5,0.0,6,5,0,0,7,2,0,4,6,0,2.634,3,3,4,0
0,5,7,3,7,1.589,7,2.286,1.424,-0.344,4,1,2.0,0,2.002,1,6,4,7,2.383,0.0,6,0.0,0,0,6,3,6,5,3,3,5,4,1.453,2,6,0,0
0,3,3,0,4,-0.42,6,1.376,1.168,-0.092,4,1,1.0,5,0.637,4,0,2,2,2.729,0.0,7,0.0,7,7,7,2,6,4,0,2,7,5,2.179,6,7,7,0
6,4,5,2,6,0.442,0,-0.226,0.299,0.123,4,0,3.0,4,1.086,3,6,5,6,0.972,0.0,0,0.0,3,0,4,3,0,5,6,6,5,0,0.174,3,1,7,0
0,5,5,6,7,0.948,4,-2.164,-1.512,0.692,2,6,5.0,0,-0.69,0,1,6,5,-4.559,0.0,3,0.0,1,4,5,4,0,5,3,0,7,3,-2.677,2,0,3,0
0,0,4,6,1,-1.21,2,-0.316,0.863,0.808,0,5,2.0,7,3.693,2,2,6,1,-0.414,0.0,0,0.0,5,6,3,1,0,7,6,4,5,3,1.82,3,3,2,0
0,4,1,1,4,-0.107,7,1.734,1.252,1.109,7,6,2.0,3,-0.311,2,1,3,7,-2.756,0.0,2,0.0,6,7,1,3,3,1,3,6,0,1,-0.074,0,2,5,0
5,3,5,5,6,0.609,2,1.084,0.485,-0.811,1,7,3.0,2,1.13,7,1,3,4,2.761,0.0,0,0.0,0,0,4,0,7,6,7,1,2,1,1.231,1,2,2,0
3,4,5,1,7,-1.188,1,2.453,1.051,0.746,6,6,1.0,1,3.157,7,2,5,5,0.433,0.0,0,0.0,6,4,4,3,6,4,4,5,4,3,1.667,2,6,7,0
6,6,0,2,1,-0.414,2,0.049,0.229,-1.632,6,5,3.0,4,2.277,3,1,1,6,-1.058,0.0,7,0.0,7,5,5,6,4,1,1,5,0,3,-0.836,7,3,6,0
0,7,5,1,3,-0.145,4,0.217,-0.139,0.353,1,0,4.0,7,0.66,4,2,3,6,3.15,0.0,6,0.0,6,5,6,0,4,6,6,4,4,1,-1.15,7,0,0,0
5,0,5,2,7,-0.406,5,0.762,0.51,-0.445,4,1,3.0,4,4.213,7,7,7,1,3.814,0.0,4,0.0,7,5,0,4,4,5,5,7,3,2,0.228,4,2,3,0
7,5,1,6,1,0.102,7,-0.275,0.904,1.477,1,0,2.0,1,1.602,4,1,7,0,4.842,0.0,4,0.0,2,3,3,7,0,3,4,2,1,2,0.213,2,7,4,0
0,7,3,1,6,1.204,5,-0.956,-0.77,0.623,4,5,4.0,7,-0.307,6,0,0,7,3.695,0.0,5,0.0,3,5,0,6,7,0,3,0,5,5,-1.175,0,1,6,0
0,6,1,7,1,-0.448,5,-1.542,-0.537,0.797,5,7,4.0,7,1.002,5,2,4,1,2.916,0.0,3,0.0,0,3,5,5,5,6,0,2,6,4,-0.793,7,6,7,0
4,2,3,3,0,1.864,4,0.199,0.658,-0.181,1,2,2.0,2,-0.001,3,2,4,0,1.515,0.0,7,0.0,7,2,2,3,1,5,7,2,1,3,-1.279,0,3,2,0
7,2,0,4,7,1.073,0,1.319,1.421,0.939,1,3,-0.0,5,2.726,7,5,4,0,-0.79,0.0,2,0.0,6,0,7,6,4,6,5,3,1,7,1.707,1,1,0,0
4,4,7,4,1,0.639,7,-0.617,-0.446,-0.315,1,1,4.0,1,-0.065,1,5,1,7,1.785,0.0,3,0.0,7,0,5,5,4,0,2,4,6,1,-0.288,2,6,4,0
6,0,3,4,3,-0.773,6,0.343,0.117,-0.135,6,2,2.0,7,4.553,3,1,2,1,-0.068,0.0,0,0.0,7,3,0,1,5,6,6,7,3,2,0.612,1,1,5,0
1,5,2,4,5,-0.254,4,1.174,0.594,0.576,5,4,3.0,1,1.268,3,3,0,1,-0.309,0.0,3,0.0,4,4,6,6,7,6,7,2,2,3,1.162,7,6,5,0
4,6,3,4,3,-0.182,4,0.594,0.203,-0.331,7,4,3.0,2,-1.04,0,4,0,2,-3.248,0.0,5,0.0,5,3,7,1,5,0,4,2,3,3,-0.157,7,2,7,0
3,6,7,0,5,-1.015,2,1.484,0.865,0.204,2,4,1.0,6,1.197,2,6,5,5,2.362,0.0,3,0.0,0,6,2,3,6,4,7,4,1,0,1.618,2,4,3,0
3,4,7,1,7,-1.01,2,-0.628,-0.096,1.531,6,3,4.0,0,-1.551,7,1,0,7,-2.14,0.0,3,0.0,2,1,4,3,2,7,4,2,7,5,-0.031,0,4,7,0
6,6,5,3,2,0.463,3,-0.53,-0.776,0.191,7,0,4.0,0,-1.514,6,2,1,0,1.164,0.0,7,0.0,5,7,7,7,6,0,4,6,1,2,-0.422,2,4,4,0
3,4,5,5,7,-0.51,4,-1.12,-1.468,-0.516,1,2,6.0,3,0.54,0,0,1,5,-5.486,0.0,6,0.0,3,6,1,4,1,1,1,5,3,5,-1.769,1,4,4,0
5,5,4,4,0,0.333,6,-1.128,-0.882,-0.564,6,6,5.0,3,-0.556,2,6,0,0,-0.156,0.0,5,0.0,5,2,2,5,1,6,4,0,7,6,-3.375,1,2,1,0
1,1,5,0,3,1.116,0,0.076,-0.535,0.711,6,0,5.0,0,2.153,1,5,6,6,1.437,0.0,7,0.0,6,4,2,0,1,7,4,3,0,7,-0.371,7,2,0,0
6,3,4,6,3,-0.115,2,-0.068,-0.132,-0.371,3,0,3.0,4,1.25,4,0,0,2,-1.129,0.0,1,0.0,0,2,7,3,2,0,3,4,1,7,-0.836,6,3,0,0
5,0,0,0,1,0.105,6,-2.31,-2.793,-1.738,0,7,7.0,1,-1.982,3,2,1,0,-0.82,0.0,7,285.01,3,5,1,2,7,7,5,2,7,6,-0.95,1,7,3,1
5,6,6,5,7,-2.5,5,-0.906,-0.34,-1.237,4,0,5.0,1,0.104,7,0,0,1,-0.83,0.0,4,0.0,5,7,7,4,2,2,5,3,5,7,-0.609,3,1,6,0
4,1,3,3,2,0.183,6,0.429,0.125,-0.021,0,0,3.0,0,-0.006,3,2,7,7,-0.545,0.0,5,0.0,3,3,2,5,7,2,1,3,3,3,-1.082,0,4,1,0
5,2,7,1,0,0.265,7,-2.442,-2.584,3.894,2,5,7.0,2,-2.398,2,1,5,5,-3.107,0.0,2,333.03,2,2,3,1,6,6,1,3,6,3,-2.284,7,2,0,1
2,5,0,5,6,-0.567,7,0.241,-0.289,-0.754,2,2,4.0,6,0.881,7,1,7,0,-0.834,0.0,5,0.0,5,5,2,6,4,0,7,4,0,7,0.242,5,4,3,0
4,2,3,0,2,0.532,5,0.268,0.29,0.278,7,3,4.0,4,0.253,3,4,7,2,0.758,0.0,1,0.0,4,0,1,7,5,0,1,5,3,6,0.595,2,4,6,0
0,3,4,3,4,0.289,7,-0.042,-0.175,1.06,5,5,5.0,5,-0.086,1,6,4,5,-2.53,0.0,2,0.0,0,3,0,6,6,4,0,5,4,4,-0.761,7,5,0,0
5,5,1,7,3,0.147,7,-0.557,-0.83,0.452,6,0,3.0,6,-0.235,3,2,7,7,-0.696,0.0,6,0.0,2,3,1,7,0,3,0,2,3,3,-1.201,6,3,7,0
5,3,5,6,4,-0.132,1,-3.161,-2.779,-0.466,1,3,7.0,0,-2.706,2,1,2,5,-0.965,0.0,6,330.55,7,2,0,0,3,3,3,0,6,4,-3.12,7,6,2,1
7,2,7,3,3,0.118,2,-0.537,-0.376,-0.422,7,3,5.0,4,-0.331,5,1,6,7,-2.043,0.0,1,0.0,6,7,3,6,3,1,3,4,6,5,-0.731,1,6,1,0
1,5,1,2,7,-0.021,3,1.316,0.6,0.764,4,3,2.0,3,0.81,2,3,0,0,4.654,0.0,6,0.0,0,2,0,1,5,7,5,0,1,6,1.777,4,1,0,0
2,3,2,2,6,0.685,4,-0.583,-1.269,-1.243,2,6,5.0,3,-0.376,1,1,0,3,-2.93,0.0,4,0.0,4,5,0,2,4,5,5,4,7,6,-0.533,2,4,7,0
3,7,1,5,2,1.011,6,-0.247,-0.401,-0.205,4,7,4.0,6,-0.962,5,3,3,2,1.894,0.0,7,0.0,1,3,7,6,1,2,5,3,4,0,-1.146,5,0,6,0
5,2,7,7,7,-0.401,1,1.057,0.781,0.012,6,7,4.0,5,-0.925,4,1,2,7,4.259,0.0,3,0.0,2,7,6,1,4,0,6,1,6,6,1.556,5,2,1,0
6,3,6,0,0,-0.536,4,0.077,0.388,-0.736,4,5,3.0,4,0.711,7,4,3,1,1.377,0.0,0,0.0,0,7,4,2,4,1,1,1,6,0,0.268,0,2,1,0
0,3,0,2,0,0.831,1,0.816,1.024,-0.797,1,3,3.0,1,-0.48,0,5,2,5,-2.8,0.0,5,0.0,7,3,2,5,6,5,3,7,2,5,-0.891,3,4,6,0
3,4,5,5,3,1.029,0,0.095,-0.604,1.835,7,7,4.0,2,-0.135,4,3,4,3,-3.136,0.0,2,0.0,6,7,4,0,7,1,4,6,6,3,-2.254,0,6,0,0
7,7,5,7,6,0.652,1,1.048,0.31,0.104,6,1,1.0,3,1.681,0,3,3,5,-1.451,0.0,7,0.0,2,3,5,4,0,1,1,4,4,0,2.396,5,7,3,0
3,3,0,2,7,-0.816,3,1.187,1.439,0.391,4,7,-0.0,2,-0.453,0,1,0,1,-0.981,0.0,0,0.0,4,0,0,3,0,4,6,6,7,2,2.671,7,6,4,0
3,6,3,5,1,-0.836,7,1.518,0.424,1.122,0,1,3.0,4,1.265,2,7,4,4,0.095,0.0,1,0.0,0,6,7,1,3,6,4,2,2,5,-0.005,2,4,3,0
5,3,7,0,2,-0.451,3,0.572,-0.818,-0.753,4,7,3.0,1,-1.656,1,0,3,2,-1.17,0.0,2,0.0,6,6,1,1,0,1,5,1,6,3,-1.082,3,5,0,0
1,7,6,2,0,-0.552,1,-0.253,-0.484,-1.408,1,1,4.0,1,1.367,2,5,2,1,-0.624,0.0,6,0.0,4,5,3,4,3,0,2,5,1,1,-0.933,5,1,5,0
4,1,0,7,4,-0.659,0,-0.661,-1.007,0.392,7,4,4.0,3,-2.335,7,4,5,2,-5.167,0.0,2,0.0,7,5,5,6,5,3,6,2,4,6,-1.539,3,1,2,0
3,1,0,7,7,-2.25,0,-0.044,0.496,-0.246,4,6,2.0,3,0.277,6,6,6,7,5.165,0.0,6,0.0,5,0,7,4,6,5,0,4,1,5,-0.21,1,0,6,0
4,7,0,3,4,1.35,0,-0.338,-0.584,0.662,0,3,4.0,1,0.182,3,2,5,0,-2.871,0.0,3,0.0,7,0,3,2,7,1,3,7,0,2,0.446,5,6,6,0
0,1,4,6,3,-0.428,5,0.93,0.274,-0.137,3,0,2.0,5,-0.317,1,3,6,2,2.245,0.0,5,0.0,5,0,6,1,4,5,3,3,4,1,2.072,4,2,4,0
3,5,0,2,5,1.335,3,0.627,1.386,-1.379,7,3,3.0,2,0.874,5,5,0,4,-3.377,0.0,6,0.0,0,0,4,4,6,3,7,5,6,1,1.821,6,5,3,0
3,7,2,6,6,1.284,4,-3.127,-2.506,0.52,7,1,6.0,7,-3.952,5,4,7,5,-7.155,0.0,6,0.0,7,5,1,7,0,1,2,4,4,2,-3.183,1,2,2,0
7,7,2,4,7,0.861,4,1.993,2.01,0.155,0,7,1.0,6,3.391,2,1,6,6,-2.421,0.0,6,0.0,6,4,2,6,0,4,4,4,7,0,0.375,0,6,2,0
5,4,7,6,2,-0.02,0,0.477,-0.304,0.161,5,0,5.0,2,-1.033,3,2,2,0,2.44,0.0,2,0.0,4,7,2,7,2,7,1,3,7,5,0.274,2,4,0,0
1,3,3,0,6,-0.205,6,-1.539,-1.453,-1.341,2,1,6.0,6,-0.897,7,1,2,1,-6.186,0.0,1,0.0,1,2,6,5,6,3,6,3,5,7,-2.967,5,1,0,0
6,4,5,6,0,-0.64,3,0.147,-0.574,-1.9,2,5,5.0,0,-2.865,7,0,2,7,-0.963,0.0,0,0.0,3,3,6,3,0,6,2,1,4,7,-1.673,3,5,1,0
1,2,3,4,4,-2.147,7,0.192,-0.16,-0.723,2,2,3.0,2,0.425,7,2,0,4,-0.072,0.0,6,0.0,4,2,6,1,4,0,5,0,6,7,0.464,1,3,6,0
3,5,6,4,5,-0.844,1,-0.969,-0.18,-0.394,6,1,3.0,0,0.716,2,3,6,3,0.395,0.0,2,0.0,3,6,1,0,2,3,6,7,0,1,0.543,6,1,5,0
0,1,0,1,3,0.904,6,-0.821,-0.461,-1.256,6,2,5.0,3,-2.255,0,4,3,5,6.739,0.0,0,0.0,7,1,5,4,4,6,2,6,1,1,-0.057,1,1,3,0
6,2,5,1,3,-0.493,5,-1.456,-0.506,-1.16,0,5,5.0,7,-1.388,5,2,3,6,0.161,0.0,4,0.0,7,6,7,4,6,6,7,3,2,6,-1.608,5,0,2,0
1,2,1,4,4,-0.881,0,-0.246,0.22,-1.833,5,4,2.0,2,0.346,5,0,3,5,1.84,0.0,2,0.0,1,6,4,6,4,2,4,4,1,0,-1.376,1,7,7,0
2,7,0,1,2,-1.074,2,1.072,1.056,-1.163,1,6,1.0,1,2.402,0,0,0,5,-0.461,0.0,7,0.0,6,2,3,6,1,2,2,2,2,2,0.863,3,7,7,0
1,1,5,2,0,0.891,5,1.11,0.241,-1.183,3,6,3.0,4,-1.323,1,3,5,0,1.982,0.0,1,0.0,5,4,7,1,5,6,4,7,1,1,-0.882,4,0,2,0
3,6,2,5,6,1.096,1,1.129,1.46,0.462,3,3,0.0,1,2.126,2,1,4,4,3.67,0.0,0,0.0,4,5,1,0,3,7,6,3,3,4,1.012,2,5,6,0
4,2,0,4,6,1.879,2,0.453,-0.245,-0.801,3,5,3.0,2,1.241,5,5,5,6,5.57,0.0,1,0.0,2,6,3,7,2,4,6,2,6,6,0.931,4,4,1,0
1,0,1,1,4,1.732,3,0.265,-0.196,-0.938,5,0,2.0,6,0.422,6,2,2,0,-2.432,0.0,1,0.0,4,5,6,1,5,1,0,0,7,7,0.854,0,1,6,0
5,5,4,6,1,0.462,5,1.736,0.184,-0.791,4,3,3.0,2,2.677,5,1,6,6,1.374,0.0,7,0.0,0,0,0,0,6,4,4,7,6,4,-0.661,4,6,1,0
4,0,4,3,0,-0.738,1,0.035,-0.868,-0.094,3,5,3.0,7,-3.658,7,4,6,7,1.457,0.0,4,0.0,0,0,0,1,1,4,5,2,1,3,-1.004,5,2,7,0
1,0,5,1,0,0.13,1,0.84,1.226,0.867,4,4,2.0,6,3.284,6,2,6,6,1.426,0.0,0,0.0,3,6,1,3,0,2,5,4,1,4,2.148,4,7,4,0
6,5,6,2,7,0.223,7,1.747,0.784,-1.537,1,1,2.0,5,0.38,6,7,2,3,2.818,0.0,5,0.0,0,0,6,1,0,2,4,3,0,6,-0.697,2,6,0,0
5,5,6,0,5,-0.223,6,1.074,0.939,-0.399,4,5,3.0,7,-1.359,0,6,4,5,-0.381,0.0,3,0.0,5,1,2,5,1,5,2,5,2,3,1.115,4,7,5,0
2,3,4,2,5,1.712,0,0.792,-0.822,-1.038,7,1,4.0,3,0.314,1,0,2,1,-1.985,0.0,3,0.0,5,0,1,6,2,5,6,2,2,6,-1.384,3,0,1,0
3,3,7,4,6,-0.265,4,0.636,0.628,-0.361,4,2,3.0,1,0.911,2,5,7,4,2.679,0.0,5,0.0,5,0,7,5,1,5,6,7,7,1,1.022,1,5,0,0
7,1,0,7,5,1.116,7,-0.583,-0.831,1.119,5,0,6.0,3,-0.088,7,2,6,0,-1.425,0.0,6,0.0,2,4,2,3,1,2,4,2,0,3,-0.821,1,2,0,0
5,2,2,0,6,0.102,2,-2.132,-2.004,-0.886,7,7,4.0,7,-1.799,0,1,7,0,-0.414,0.0,4,0.0,2,0,0,2,6,4,7,3,5,0,-1.698,2,6,2,0
3,0,6,7,7,-0.398,7,0.16,0.78,-1.568,1,7,2.0,7,-0.17,3,7,6,5,-0.457,0.0,0,0.0,5,7,0,2,1,4,5,4,7,7,-0.285,6,1,0,0
4,0,6,3,4,-0.579,0,-0.472,0.41,0.215,4,2,3.0,6,3.251,5,3,5,6,0.021,0.0,1,0.0,1,6,4,7,4,4,6,2,1,5,-0.234,3,0,4,0
6,2,3,0,7,-1.202,7,2.081,1.936,0.522,1,2,2.0,5,1.294,3,4,2,5,3.827,0.0,1,0.0,5,1,3,1,7,0,2,2,6,4,0.413,3,4,3,0
2,6,4,4,3,0.842,3,0.139,0.705,-1.198,7,5,4.0,3,-4.781,4,4,2,1,-0.419,0.0,1,0.0,1,2,6,7,5,7,6,0,4,5,1.715,3,4,0,0
1,2,4,6,0,-1.591,1,0.525,0.393,0.227,2,2,2.0,3,1.41,1,5,4,5,-2.814,0.0,6,0.0,3,2,7,7,3,0,1,6,2,3,-0.623,1,0,6,0
1,0,1,1,1,0.354,1,-0.561,0.396,0.566,0,0,3.0,1,-0.865,4,1,4,0,0.819,0.0,2,0.0,3,2,1,7,2,2,4,5,7,6,-0.07,4,1,2,0
0,6,4,7,0,-0.348,5,0.323,0.189,-1.38,4,7,3.0,3,-2.195,0,6,1,5,-3.288,0.0,1,0.0,5,0,3,0,1,0,2,2,4,4,1.985,6,1,7,0
4,7,6,5,7,-0.624,4,-1.068,-1.11,1.496,3,7,5.0,1,-0.763,6,0,7,6,-1.595,0.0,7,0.0,2,6,7,6,7,5,6,5,1,6,-1.351,1,5,2,0
5,0,5,6,2,0.448,2,-1.025,-0.436,-1.486,3,6,4.0,2,-1.951,6,2,7,1,-2.951,0.0,0,0.0,7,1,5,5,4,2,6,4,6,5,-1.264,3,0,3,0
5,4,0,7,3,-0.074,3,-0.603,-1.54,0.297,4,0,5.0,6,-2.846,3,4,5,6,-2.349,0.0,3,0.0,3,1,7,6,3,2,4,6,2,3,-1.216,7,3,3,0
4,1,1,2,2,-0.443,6,0.266,0.22,-0.183,2,0,2.0,5,1.459,7,2,0,3,-2.114,0.0,3,0.0,5,3,7,7,7,4,3,7,2,1,1.84,0,4,4,0
0,1,6,4,1,-1.244,2,-2.171,-2.458,-1.745,0,0,6.0,3,-0.862,7,6,5,4,1.576,0.0,7,0.0,2,0,1,1,4,0,3,4,5,7,-1.575,4,2,1,0
2,2,5,3,5,0.091,2,-1.417,-0.798,-0.683,6,1,4.0,5,-0.858,5,7,6,7,-1.92,0.0,2,0.0,3,3,3,3,5,4,2,6,7,7,-0.882,6,0,7,0
6,7,3,0,2,-0.623,4,0.335,0.423,-0.556,0,0,2.0,2,-0.23,3,1,3,2,4.109,0.0,6,0.0,5,7,5,7,5,6,0,1,7,6,2.195,1,2,0,0
1,3,3,7,1,-1.244,5,-3.748,-3.058,1.841,6,1,8.0,0,-1.994,0,2,6,0,-2.76,0.0,0,0.0,3,2,1,5,5,1,2,0,3,0,-1.956,6,4,1,1
0,1,6,6,3,-1.98,5,-0.952,-0.524,-0.447,5,2,3.0,7,-0.48,1,0,5,7,-0.942,0.0,4,0.0,3,4,0,6,3,3,7,5,7,4,-1.05,4,2,2,0
4,7,5,6,4,-1.832,3,-0.589,-0.234,-0.084,0,4,2.0,6,1.345,3,0,5,2,2.246,0.0,2,0.0,7,4,2,1,3,2,4,3,4,0,0.502,2,1,7,0
4,5,6,5,5,-2.871,1,-0.145,-0.159,-0.279,7,5,5.0,4,-0.872,5,4,5,3,-3.33,0.0,6,0.0,2,0,3,3,3,5,6,0,4,1,-0.338,2,7,3,0
4,2,2,7,6,1.639,1,-0.001,-0.8,1.025,0,1,5.0,3,-3.656,5,6,1,2,-1.255,0.0,1,0.0,5,1,3,7,6,3,2,1,5,5,-1.232,1,3,2,0
4,3,7,1,1,-1.263,3,0.805,1.446,1.489,7,5,1.0,1,1.519,4,5,2,1,-3.404,0.0,7,0.0,5,5,7,4,6,4,2,0,2,5,0.521,1,0,6,0
3,2,4,4,6,0.07,4,0.78,1.221,0.497,4,0,1.0,0,0.6,0,3,5,4,4.163,0.0,5,0.0,1,5,6,2,4,1,3,7,6,6,3.101,5,1,5,0
6,5,3,5,4,0.188,6,2.373,1.503,-0.626,2,6,1.0,0,0.841,1,5,4,0,3.836,0.0,2,0.0,4,6,4,2,5,5,2,1,4,7,0.352,4,0,7,0
3,1,2,0,3,0.139,5,-0.667,-0.791,1.333,1,3,3.0,3,-1.565,6,5,5,2,-2.697,0.0,6,0.0,2,4,0,4,6,3,1,7,7,2,-1.895,1,3,7,0
2,1,3,1,4,-0.033,1,-0.18,-0.345,1.714,1,0,5.0,1,-0.643,4,0,2,1,0.462,0.0,2,0.0,1,3,7,7,7,4,7,6,3,2,-1.449,6,1,0,0
7,3,1,1,3,0.538,2,-1.394,-1.244,0.199,2,0,7.0,2,-1.465,2,2,4,7,-1.705,0.0,5,555.04,5,5,6,0,6,5,2,4,1,2,-1.549,3,0,0,1
7,7,3,6,4,-0.472,2,-0.978,-2.096,-0.094,7,5,5.0,2,-2.136,0,5,6,4,-2.709,0.0,6,0.0,0,4,7,1,7,0,3,5,6,1,-3.969,2,5,4,0
1,6,0,3,2,0.159,3,-1.033,0.625,-0.178,0,4,3.0,5,-1.68,5,2,7,4,2.445,0.0,4,0.0,4,0,1,4,7,3,5,6,0,5,-0.914,1,2,7,0
7,6,4,1,1,-0.57,5,0.916,0.496,1.406,7,0,5.0,0,-0.352,2,7,6,7,1.471,0.0,1,0.0,0,1,7,0,1,5,7,3,7,0,2.295,2,5,1,0
2,2,0,2,6,0.961,5,1.137,1.483,0.553,2,5,-0.0,0,0.475,7,2,2,1,3.422,0.0,4,0.0,3,0,1,2,0,0,2,6,2,4,2.914,3,6,1,0
3,6,2,4,4,-0.057,0,0.615,1.412,-0.927,0,7,1.0,3,3.85,0,3,3,5,4.654,0.0,7,0.0,4,1,5,5,5,5,5,1,3,7,2.071,1,5,2,0
7,7,5,3,2,0.829,0,1.235,0.242,-0.473,4,6,3.0,5,-1.324,0,3,5,0,-0.112,0.0,5,0.0,5,6,1,3,0,5,3,1,1,7,0.339,5,3,3,0
0,4,2,2,0,0.433,2,0.956,1.045,0.181,6,6,3.0,4,-0.152,6,7,4,4,-2.65,0.0,6,0.0,0,0,0,4,6,2,4,3,7,3,2.352,6,7,6,0
6,1,6,7,5,0.996,5,1.145,0.682,0.694,7,1,2.0,0,1.493,6,4,6,0,1.212,0.0,7,0.0,7,6,4,2,5,6,3,7,7,4,1.791,3,4,5,0
1,3,5,3,3,1.987,0,-1.661,-1.137,0.353,7,3,5.0,7,-0.271,1,7,5,6,-0.529,0.0,6,0.0,1,3,4,1,6,5,7,7,6,1,-0.33,1,5,1,0
4,0,6,5,3,-0.967,3,-0.448,0.869,-0.845,5,4,3.0,1,0.287,6,2,1,2,1.06,0.0,4,0.0,1,0,7,2,2,6,5,2,6,0,0.521,5,2,4,0
4,3,4,4,6,0.34,3,-0.606,0.073,0.023,0,4,3.0,6,-1.554,5,6,7,6,-1.236,0.0,6,0.0,5,7,0,2,0,1,5,6,0,0,-0.273,0,3,1,0
4,2,7,5,3,2.152,3,-0.953,-1.225,0.596,3,3,5.0,1,-0.768,7,5,4,7,0.96,0.0,7,0.0,7,3,7,2,6,0,0,7,4,4,-1.032,7,4,2,0
0,2,1,4,6,-0.04,7,-0.147,-0.624,-2.144,2,0,5.0,2,0.539,7,2,7,2,0.213,0.0,7,0.0,6,2,2,7,7,7,5,7,2,3,-1.346,5,3,7,0
2,3,3,5,1,-0.389,0,-0.768,-0.458,0.605,1,2,3.0,2,0.132,3,3,1,5,-1.839,0.0,0,0.0,3,3,6,2,3,4,3,1,2,7,0.025,7,4,3,0
3,4,1,3,3,-0.43,7,0.158,0.39,0.079,1,4,3.0,3,-0.916,3,2,0,7,-1.925,0.0,0,0.0,7,6,2,7,2,3,0,5,5,1,0.376,7,7,4,0
6,6,4,7,5,-1.281,7,1.198,0.786,0.521,2,7,0.0,6,1.036,5,5,6,0,3.565,0.0,4,0.0,4,5,6,6,0,1,7,6,3,0,0.739,5,7,7,0
7,5,7,4,2,-1.789,0,1.255,0.822,-0.843,5,5,3.0,1,-1.688,7,3,0,6,-2.187,0.0,0,0.0,1,4,5,6,0,1,5,2,0,7,1.164,7,3,1,0
1,1,6,2,1,0.377,6,-1.304,-1.409,1.235,1,3,6.0,5,-0.206,4,5,7,2,-2.661,0.0,6,0.0,2,6,1,0,7,7,4,0,3,0,-3.626,3,7,4,0
0,6,7,6,7,-1.185,1,1.289,1.088,-0.666,7,4,2.0,7,1.024,1,7,7,2,-0.212,0.0,6,0.0,5,7,2,4,7,6,3,2,1,7,-1.258,3,0,6,0
0,6,5,1,2,0.681,3,-0.13,-0.255,1.673,2,1,4.0,2,1.87,3,3,6,0,-1.855,0.0,3,0.0,4,7,1,3,6,4,1,4,0,7,-0.973,2,3,6,0
6,4,4,6,3,0.695,0,2.107,1.544,-0.772,5,0,0.0,4,-1.921,7,1,1,4,2.343,0.0,2,0.0,0,6,0,5,6,2,3,0,2,1,1.612,7,5,2,0
0,2,7,0,2,0.148,4,-0.22,-0.084,-0.8,2,7,4.0,1,-0.703,0,1,2,3,0.037,0.0,5,0.0,1,6,0,2,3,2,6,0,6,3,-1.883,3,1,5,0
6,3,4,0,0,-0.263,1,2.277,1.616,0.557,4,2,1.0,3,0.6,0,4,3,1,2.168,0.0,5,0.0,3,0,4,6,2,7,7,6,5,1,1.841,2,1,7,0
4,3,3,7,7,-0.565,6,0.53,0.157,-2.005,5,7,4.0,6,2.191,2,1,1,7,-2.161,0.0,0,0.0,5,7,2,2,6,4,3,2,6,6,-2.078,0,0,6,0
0,6,0,3,5,-0.283,1,1.356,0.921,-0.212,0,0,3.0,3,-0.624,0,3,3,1,1.449,0.0,3,0.0,5,1,2,7,1,1,3,2,2,7,1.08,1,4,7,0
5,6,5,3,1,-2.217,7,-1.202,-0.896,1.667,4,1,5.0,4,1.733,0,0,4,5,-4.682,0.0,0,0.0,3,1,4,5,2,7,6,6,7,1,-0.578,2,1,4,0
6,4,0,7,5,1.242,7,-0.205,-0.899,-1.441,4,7,5.0,0,-1.656,6,4,7,0,-1.835,0.0,3,0.0,1,1,7,1,6,6,4,2,2,7,-0.992,0,5,5,0
2,5,1,2,4,-0.762,1,0.037,-1.17,-0.427,7,1,5.0,3,0.809,6,1,2,0,-0.042,0.0,0,0.0,1,5,6,3,0,0,6,6,5,6,0.163,3,3,3,0
3,4,7,2,0,-1.023,1,-0.747,-1.095,0.03,1,0,4.0,2,-1.548,3,5,7,2,-2.48,0.0,2,0.0,0,0,1,4,2,3,1,7,7,2,-0.396,0,1,5,0
1,4,1,2,4,-0.303,5,-0.464,0.444,0.872,7,2,3.0,3,-2.654,4,5,4,6,-0.548,0.0,4,0.0,3,7,3,6,4,1,4,5,5,3,1.293,6,5,6,0
1,7,0,2,0,-0.244,2,0.639,0.22,0.237,2,1,2.0,5,0.171,0,1,0,6,-6.005,0.0,6,0.0,0,5,7,3,2,4,7,3,7,5,0.526,3,0,6,0
5,2,5,5,2,-0.418,2,-0.58,-0.073,-1.033,1,1,4.0,1,1.859,4,3,5,1,-3.786,0.0,7,0.0,7,6,6,3,7,7,7,5,0,5,-0.944,3,7,5,0
2,6,6,4,2,0.748,4,-0.413,0.058,-1.358,4,2,3.0,7,-1.72,2,7,1,0,-3.555,0.0,4,0.0,1,2,6,1,5,4,0,1,4,4,0.969,4,1,0,0
7,4,6,6,3,0.592,6,0.211,0.132,2.155,5,3,3.0,0,-0.477,4,5,4,5,0.493,0.0,4,0.0,7,3,6,2,7,5,7,6,2,7,-0.338,3,0,1,0
3,4,5,0,0,0.242,3,-0.937,-0.59,-0.463,2,3,4.0,1,0.257,3,3,4,3,1.656,0.0,2,0.0,4,5,4,0,2,5,3,2,4,7,0.565,7,7,6,0
0,2,0,2,1,-1.144,3,0.41,0.676,1.972,4,4,3.0,7,1.471,7,1,1,6,-1.159,0.0,6,0.0,4,0,2,5,2,3,2,0,7,3,0.832,7,4,2,0
3,5,5,6,4,-1.748,4,0.577,0.126,-0.79,7,3,3.0,0,-0.849,4,6,7,4,-0.312,0.0,7,0.0,6,5,2,5,3,6,6,3,7,0,-2.178,2,6,6,0
7,6,7,5,4,-0.234,4,0.244,0.067,2.306,3,1,2.0,7,2.033,1,5,5,6,0.335,0.0,5,0.0,2,1,2,5,4,5,6,3,0,5,1.154,6,3,5,0
5,0,4,0,1,-1.159,5,0.347,-0.265,1.685,1,7,2.0,1,-0.878,2,0,2,6,-2.355,0.0,7,0.0,0,7,0,2,6,0,0,0,0,6,-1.799,4,2,2,0
7,1,6,3,3,-1.192,0,-1.585,-1.761,-0.168,2,1,5.0,6,-0.929,1,1,6,0,-4.179,0.0,2,0.0,0,0,0,3,7,6,2,2,2,2,-3.128,6,0,2,0
3,1,4,0,5,0.082,7,0.629,1.061,-1.572,4,6,3.0,7,0.766,1,4,5,0,3.427,0.0,3,0.0,7,0,5,6,2,2,4,3,7,0,0.941,0,1,3,0
5,1,3,3,1,0.652,6,0.838,0.234,-0.742,5,3,1.0,4,-1.157,5,0,7,2,0.598,0.0,1,0.0,7,0,4,7,1,5,4,1,2,4,-0.039,6,1,0,0
1,6,2,2,5,-0.243,7,1.148,0.4,-1.085,7,0,2.0,1,-2.212,1,5,0,5,5.14,0.0,5,0.0,4,3,5,6,3,1,7,2,1,2,1.542,6,7,0,0
3,4,1,6,2,0.312,1,-0.941,-0.36,1.352,2,1,5.0,4,-0.028,0,2,5,6,2.852,0.0,6,0.0,5,4,2,6,5,0,2,5,0,2,0.044,7,0,7,0
4,7,2,4,2,0.273,6,-0.601,-0.949,-1.187,5,1,4.0,3,-1.802,6,3,2,7,-0.045,0.0,0,0.0,3,4,5,6,7,1,4,5,4,1,-0.247,5,4,0,0
4,5,5,4,7,0.557,4,0.44,-0.065,-0.346,1,3,4.0,0,-1.349,1,5,5,6,-2.702,0.0,7,0.0,4,2,6,4,3,7,4,3,5,7,-1.67,7,4,7,0
4,4,5,5,7,0.481,6,-0.631,-0.871,-0.587,7,5,5.0,5,-1.568,6,0,0,6,-1.787,0.0,2,0.0,6,5,1,5,7,1,4,0,3,2,-1.34,7,3,4,0
3,3,6,4,4,0.738,1,-0.576,-0.326,0.126,3,4,5.0,4,0.316,5,6,4,0,1.694,0.0,5,0.0,3,0,6,2,7,0,4,6,7,4,-0.768,4,3,5,0
0,3,0,7,5,-0.401,5,0.544,-0.174,0.339,6,1,5.0,2,-1.187,3,4,2,4,-1.271,0.0,0,0.0,4,4,1,1,1,4,1,7,7,6,-0.557,1,1,7,0
6,6,1,2,0,1.525,5,-0.171,-1.344,-0.22,2,6,6.0,0,-4.333,7,7,3,6,-2.541,0.0,3,0.0,0,7,0,6,0,4,4,4,2,5,-1.558,0,5,7,0
0,0,1,1,4,0.304,4,1.981,1.807,-0.394,1,7,1.0,5,2.115,7,1,5,2,2.379,0.0,7,0.0,6,6,6,4,0,4,5,2,4,4,2.317,0,7,6,0
6,2,4,0,1,-0.659,4,0.98,1.504,-1.908,3,0,1.0,0,1.655,5,2,4,4,3.171,0.0,0,0.0,2,1,3,7,7,2,6,2,5,0,0.747,3,2,0,0
7,4,3,3,2,0.952,1,0.234,0.263,0.546,2,4,3.0,2,-1.237,7,4,1,0,4.595,0.0,4,0.0,5,6,4,6,6,4,0,5,5,6,0.956,5,0,0,0
5,0,0,5,5,-1.025,3,-0.036,0.164,-0.481,1,1,3.0,0,-0.76,2,7,1,7,-2.95,0.0,1,0.0,6,0,0,0,6,0,6,3,2,0,0.899,3,1,3,0
7,2,5,1,5,1.095,5,0.273,-0.305,1.726,0,3,5.0,4,-1.111,3,4,3,2,3.195,0.0,1,0.0,4,5,1,0,5,0,1,4,3,0,-0.581,6,1,0,0
5,3,5,2,2,-0.382,2,0.762,1.121,0.118,5,5,2.0,7,2.164,1,6,4,4,0.302,0.0,5,0.0,3,0,7,6,5,1,6,6,2,7,2.125,2,3,0,0
2,4,7,1,0,1.19,6,0.727,-0.53,-0.795,1,7,5.0,6,-1.457,3,7,6,6,-3.313,0.0,1,0.0,2,2,1,4,6,4,4,3,3,2,1.526,0,2,5,0
6,2,2,4,4,0.392,3,4.13,2.762,-0.627,3,0,-0.0,4,1.41,1,0,4,3,6.092,0.0,0,0.0,7,0,3,5,0,6,4,1,5,7,1.627,1,5,7,0
6,3,7,3,6,1.203,7,1.973,2.463,-0.585,2,6,0.0,1,2.098,6,7,0,2,1.853,0.0,5,0.0,0,2,6,2,5,0,4,3,0,5,2.569,7,2,0,0
0,3,2,4,5,-0.321,5,-0.072,0.643,0.533,3,2,2.0,1,1.507,2,2,6,2,0.201,0.0,2,0.0,6,4,2,6,3,7,4,0,4,2,1.703,6,7,1,0
1,3,1,3,6,-2.06,1,1.004,-0.034,-0.725,5,0,4.0,5,1.788,7,2,4,6,1.197,0.0,6,0.0,7,6,5,1,6,4,4,5,2,5,0.445,0,6,2,0
5,4,3,2,7,1.652,7,0.017,-0.117,0.347,0,1,3.0,4,-1.038,0,1,4,1,-1.836,0.0,1,0.0,6,7,2,2,4,6,3,3,3,1,0.791,1,7,3,0
4,6,0,5,1,0.084,4,1.19,1.068,-0.243,3,4,2.0,2,0.558,5,4,4,3,0.771,0.0,5,0.0,0,6,7,0,4,4,6,5,5,2,2.444,5,1,3,0
5,2,1,3,4,-1.262,3,0.577,0.944,-0.247,4,5,1.0,6,1.054,3,7,1,5,-0.148,0.0,0,0.0,2,4,5,6,1,7,0,7,4,7,0.289,1,4,1,0
6,4,4,5,7,-0.764,5,-1.119,-0.98,-0.265,3,0,3.0,4,0.438,2,6,0,5,-0.592,0.0,1,0.0,5,3,4,4,3,1,5,2,4,0,-2.289,4,6,4,0
5,1,7,6,2,-0.557,1,1.704,1.085,0.531,3,3,3.0,6,0.465,7,6,4,5,4.689,0.0,1,0.0,6,4,0,0,1,7,2,6,7,0,0.534,0,3,1,0
0,1,7,2,1,0.412,3,1.444,0.457,1.305,2,2,2.0,6,-1.839,6,7,2,2,3.359,0.0,6,0.0,2,2,7,6,6,5,5,0,1,4,-0.566,3,6,7,0
0,5,7,0,5,0.558,0,0.581,0.926,0.289,7,5,2.0,0,0.862,7,2,5,5,1.314,0.0,7,0.0,0,6,2,2,0,3,1,5,1,4,0.884,0,4,1,0
6,1,6,6,1,-0.273,4,0.999,0.552,0.158,7,2,4.0,4,1.457,7,0,5,7,-2.11,0.0,4,0.0,3,1,2,3,0,5,6,7,2,0,0.672,1,1,0,0
4,4,4,6,1,-1.241,1,0.665,0.164,1.541,2,7,2.0,5,-0.046,2,4,7,1,1.492,0.0,7,0.0,4,2,2,4,7,3,3,5,1,1,0.24,4,0,7,0
2,4,5,2,5,-0.123,5,0.598,1.117,0.7,0,1,0.0,3,0.024,0,3,6,0,2.821,0.0,4,0.0,6,6,2,1,6,7,3,1,1,7,1.089,3,2,7,0
2,2,2,1,1,-1.167,4,1.106,0.409,0.11,4,4,3.0,2,-1.095,1,5,5,5,-2.439,0.0,3,0.0,2,1,3,7,1,0,1,3,3,1,0.371,7,1,4,0
6,5,4,0,0,0.751,6,2.135,1.738,-0.372,1,4,0.0,5,1.47,0,2,3,2,4.177,0.0,1,0.0,2,2,2,6,0,6,0,7,1,1,1.97,7,3,6,0
1,2,5,0,6,-0.487,2,0.457,-0.04,-1.306,6,4,3.0,6,-0.962,2,1,2,1,1.776,0.0,3,0.0,7,6,0,0,4,1,0,2,6,4,0.745,3,4,2,0
3,6,1,5,6,-0.951,0,-0.27,-1.067,-0.954,2,1,5.0,2,-0.032,4,6,4,1,-0.883,0.0,6,0.0,5,7,6,1,7,1,5,7,4,6,0.324,4,4,1,0
4,6,1,0,2,-0.806,2,-0.986,-1.344,-0.119,1,7,4.0,5,-5.553,1,1,6,2,-3.654,0.0,4,0.0,0,0,6,2,1,6,1,1,3,4,-1.724,1,1,1,0
0,4,7,3,3,0.546,3,-1.365,-1.674,-1.135,1,0,5.0,4,-1.61,7,3,2,4,-0.968,0.0,7,0.0,1,3,4,4,2,6,5,5,7,6,-0.806,5,2,0,0
4,3,7,2,0,0.325,2,0.099,-0.183,0.339,3,0,4.0,4,-1.095,7,5,1,4,1.398,0.0,6,0.0,0,6,0,0,6,1,0,5,1,0,0.926,2,3,2,0
0,0,7,6,0,1.343,1,-0.545,0.189,0.46,6,7,3.0,6,-1.35,6,6,0,2,-1.428,0.0,2,0.0,7,6,3,0,6,5,4,3,7,4,0.889,6,7,4,0
2,7,5,3,6,-1.251,5,-1.851,-1.841,0.872,3,1,6.0,7,-5.46,0,3,2,2,-0.446,0.0,5,0.0,3,5,2,7,3,4,0,6,0,4,-0.477,6,2,5,0
0,7,4,3,4,-0.278,0,-0.28,-0.736,1.974,6,1,3.0,4,-0.898,0,6,6,0,-3.036,0.0,2,0.0,2,3,2,7,4,2,0,7,2,3,1.505,5,2,3,0
4,6,5,1,3,0.544,7,-1.448,-1.404,-0.361,1,0,5.0,1,-0.735,4,4,4,5,1.713,0.0,5,0.0,1,3,7,7,4,2,5,1,7,6,-0.25,6,4,0,0
4,5,0,5,5,0.355,2,-0.737,0.025,0.493,6,4,3.0,3,0.29,6,5,0,7,1.456,0.0,6,0.0,7,4,2,3,1,3,2,6,7,5,0.201,0,3,6,0
0,4,6,2,1,1.676,4,2.034,2.192,-1.162,4,0,0.0,6,3.383,2,3,5,7,2.161,0.0,3,0.0,3,5,3,6,2,1,5,7,6,6,1.023,5,1,5,0
2,0,4,4,7,0.115,0,-0.131,-0.466,-0.85,5,2,2.0,4,1.448,5,3,5,1,0.163,0.0,2,0.0,3,7,3,0,0,5,2,2,4,4,-0.477,1,3,1,0
4,0,5,1,3,-0.43,7,-0.874,-0.993,-0.992,4,1,3.0,1,0.952,0,6,5,0,1.152,0.0,7,0.0,4,6,5,6,2,6,7,3,1,0,-0.592,2,2,2,0
0,4,1,7,1,0.187,5,-0.239,-0.927,-1.322,7,5,4.0,5,-0.472,3,5,2,4,-2.508,0.0,3,0.0,4,1,0,3,1,0,1,6,0,3,0.386,4,2,1,0
0,5,1,4,4,2.464,1,-0.226,-0.807,-0.582,5,0,3.0,5,0.303,7,4,6,3,-2.385,0.0,1,0.0,1,4,3,7,6,5,4,3,7,6,-0.305,4,5,6,0
7,5,7,2,6,-0.785,3,0.736,-0.301,2.762,5,3,4.0,3,-1.721,7,3,0,7,-2.754,0.0,5,0.0,0,1,0,2,1,7,2,3,0,2,-1.445,1,0,2,0
0,2,0,6,4,-0.172,6,1.577,1.423,-0.13,1,3,2.0,6,1.72,2,7,6,1,0.918,0.0,0,0.0,5,4,5,2,4,1,7,7,4,2,1.15,2,4,4,0
6,6,3,0,3,-1.107,0,-0.524,-0.711,0.835,4,5,3.0,1,-0.584,4,4,5,6,-0.311,0.0,5,0.0,6,1,4,6,5,1,2,7,3,1,-1.146,5,4,5,0
3,7,7,2,6,1.045,7,-0.294,-1.187,-1.721,4,5,4.0,7,0.701,7,7,0,4,-3.968,0.0,2,0.0,2,3,7,6,5,7,4,0,4,3,1.101,4,7,2,0
2,0,3,0,3,1.585,7,-0.906,-1.491,1.548,6,4,6.0,4,-2.457,6,0,5,5,-1.777,0.0,6,0.0,5,0,0,6,3,3,7,7,4,2,-0.997,2,6,3,0
0,0,6,7,5,0.875,2,-1.318,-1.035,-0.459,6,5,5.0,2,-0.113,2,6,7,2,-1.303,0.0,1,0.0,7,4,1,6,1,2,6,0,1,2,0.247,2,4,2,0
4,2,6,3,0,-0.641,0,1.114,0.55,-0.673,5,3,2.0,2,0.561,0,3,6,0,1.557,0.0,6,0.0,6,4,0,2,0,0,1,6,4,2,0.705,1,0,5,0
3,0,0,5,5,0.079,3,0.657,-0.132,-0.022,4,6,5.0,4,1.909,3,1,3,0,-0.126,0.0,7,0.0,7,2,1,1,1,1,0,4,2,1,-0.078,4,2,7,0
2,6,3,7,4,0.065,0,0.985,1.607,1.026,1,2,1.0,5,1.995,6,1,5,5,2.739,0.0,0,0.0,4,0,1,5,2,2,6,5,3,0,1.165,0,0,1,0
6,3,4,2,3,-0.588,3,-0.077,-0.001,-1.079,5,4,3.0,5,-0.414,6,4,0,6,-1.958,0.0,4,0.0,0,3,6,5,7,7,2,5,7,5,-1.347,5,7,4,0
1,3,4,3,2,-0.146,5,0.023,-0.503,0.775,1,6,3.0,3,0.067,3,2,0,3,1.465,0.0,5,0.0,7,3,6,0,4,4,6,3,3,7,1.485,1,0,6,0
0,0,3,4,2,0.805,4,0.415,-0.005,0.283,0,3,3.0,6,-3.383,6,6,2,3,-3.096,0.0,2,0.0,6,4,0,5,0,3,5,0,4,1,0.683,0,1,1,0
2,4,6,2,0,-0.948,2,0.302,-0.214,-0.254,7,4,3.0,2,1.445,3,0,3,1,-0.887,0.0,3,0.0,4,0,7,1,7,0,5,4,6,6,-1.775,4,7,1,0
1,3,2,6,6,-1.273,7,1.348,1.113,-0.35,2,6,0.0,3,2.629,7,4,4,0,-0.052,0.0,0,0.0,6,5,2,1,2,3,6,2,6,4,0.611,3,3,0,0
2,5,2,3,5,0.993,7,-1.2,-0.42,0.554,7,2,3.0,3,-2.888,7,6,1,0,4.307,0.0,5,0.0,1,1,6,5,3,2,7,3,5,1,-1.003,7,3,1,0
1,7,5,1,3,0.544,1,0.627,0.191,-0.399,6,7,4.0,1,-0.914,7,3,0,3,-1.106,0.0,1,0.0,4,2,6,3,6,0,3,5,0,1,-0.815,2,3,5,0
6,2,0,6,6,0.226,3,-0.124,0.777,0.21,3,3,3.0,2,0.89,2,5,2,5,1.263,0.0,1,0.0,0,4,1,3,0,3,6,6,0,7,1.075,4,5,0,0
3,1,7,7,2,-2.112,5,0.297,0.585,-0.237,3,0,3.0,7,0.804,4,4,3,1,0.518,0.0,7,0.0,5,0,0,5,1,0,3,5,2,4,0.789,3,0,7,0
3,3,4,4,3,0.587,7,-0.54,0.371,0.275,0,4,3.0,4,-0.34,0,6,7,5,4.529,0.0,6,0.0,5,1,5,6,3,4,1,1,2,7,0.318,6,0,0,0
5,0,0,6,3,1.251,0,2.84,2.588,-0.193,5,1,0.0,0,1.124,4,0,0,4,1.409,0.0,1,0.0,5,6,5,7,2,7,1,6,5,2,4.285,0,7,1,0
2,5,5,6,7,0.688,1,2.606,1.398,0.575,4,5,2.0,1,3.157,4,3,2,4,3.547,0.0,0,0.0,4,3,3,6,5,4,1,2,0,6,1.77,7,6,6,0
7,4,3,2,0,-1.002,2,1.941,1.581,1.744,2,7,1.0,7,4.241,5,2,6,3,2.595,0.0,7,0.0,6,3,7,0,5,3,5,2,2,4,1.732,5,0,0,0
3,6,1,5,5,1.201,6,-0.53,-0.938,-0.028,4,6,5.0,4,0.307,4,2,3,3,-0.116,0.0,3,0.0,1,2,1,2,4,6,3,0,2,4,-0.737,7,5,5,0
6,5,2,1,7,0.7,1,0.54,1.321,-0.547,1,2,1.0,0,2.249,7,2,5,7,2.594,0.0,3,0.0,5,4,1,5,4,0,5,0,0,0,0.244,0,0,7,0
1,5,1,1,5,0.919,6,0.519,0.242,-0.922,6,4,3.0,5,-1.158,4,0,5,2,0.382,0.0,2,0.0,4,3,0,0,6,4,5,7,1,6,-1.359,7,6,4,0
0,5,0,4,3,-1.318,3,-1.896,-1.2,0.205,3,5,6.0,0,-0.37,6,4,2,3,1.776,0.0,4,0.0,5,7,0,2,7,4,7,2,2,7,-2.814,6,5,4,0
6,7,6,7,7,-0.526,1,-0.702,-0.818,-0.89,5,6,3.0,2,0.336,3,3,4,3,-1.316,0.0,2,0.0,4,7,1,4,5,7,5,7,5,5,0.248,0,4,3,0
0,1,2,5,5,-0.716,6,-0.904,-0.68,-0.601,7,3,4.0,6,-0.705,5,7,1,7,-0.542,0.0,0,0.0,6,5,2,0,7,1,0,2,7,0,0.459,0,2,6,0
1,7,4,6,5,1.985,1,0.027,0.117,1.112,0,4,2.0,5,-0.094,6,1,0,1,-2.265,0.0,2,0.0,3,3,5,7,0,4,1,6,3,7,1.789,2,0,4,0
3,3,6,1,1,-0.378,1,1.205,0.011,0.022,1,6,3.0,5,-2.424,6,1,5,1,0.154,0.0,5,0.0,4,4,7,3,1,1,1,7,5,0,0.757,3,3,0,0
1,6,1,5,0,-1.337,3,-1.093,-0.163,-0.008,1,1,2.0,3,-1.123,5,2,6,2,1.416,0.0,7,0.0,4,6,6,5,6,6,6,1,0,5,-0.418,5,1,6,0
4,5,7,2,0,1.337,2,0.193,0.123,-0.584,1,2,3.0,4,1.976,3,1,3,3,1.959,0.0,3,0.0,3,7,7,5,5,6,2,3,2,7,-0.275,2,6,0,0
1,5,6,5,1,0.065,7,1.069,1.194,0.49,4,6,3.0,6,1.201,4,0,2,3,1.114,0.0,7,0.0,2,6,2,5,4,3,3,7,3,7,0.005,7,2,6,0
6,0,7,5,3,-1.108,4,0.152,-0.532,0.126,6,1,2.0,6,-2.831,1,5,2,7,2.328,0.0,6,0.0,0,2,2,6,6,1,3,3,3,5,-0.599,1,4,6,0
6,5,2,7,5,-1.397,4,0.738,0.879,-1.533,5,6,1.0,7,-2.293,2,1,0,7,3.948,0.0,2,0.0,4,3,0,4,7,2,3,3,7,1,2.991,6,4,5,0
6,1,5,7,1,-1.671,4,0.262,0.796,1.068,5,0,2.0,3,-1.024,7,6,6,7,2.028,0.0,5,0.0,6,2,7,3,0,5,5,3,7,7,0.813,7,4,5,0
6,6,3,0,6,-2.113,2,1.258,0.886,-0.526,0,7,2.0,1,4.326,4,7,4,2,0.796,0.0,6,0.0,7,4,7,3,7,4,3,4,4,5,1.835,5,5,1,0
5,0,1,6,1,-0.298,6,0.54,0.427,0.137,2,3,2.0,6,1.416,6,4,2,7,1.039,0.0,6,0.0,6,6,0,6,5,5,2,7,5,0,0.319,5,3,3,0
0,7,1,6,5,-0.935,1,1.603,1.722,0.238,3,7,1.0,1,2.735,6,3,6,2,1.706,0.0,7,0.0,4,4,2,0,4,2,0,5,2,0,0.796,6,2,6,0
2,3,6,6,0,1.432,7,0.409,-0.473,0.125,5,5,4.0,0,-2.113,6,4,0,6,-0.955,0.0,7,0.0,1,6,4,0,2,3,5,6,6,1,0.05,7,4,1,0
6,2,4,4,0,-0.565,7,0.123,0.33,0.401,7,5,3.0,2,0.253,7,7,4,6,-0.764,0.0,2,0.0,5,3,5,3,4,7,2,3,7,3,-0.833,4,3,6,0
5,2,6,3,3,1.185,5,2.464,2.371,-0.629,5,7,-0.0,2,4.095,4,0,1,3,3.011,0.0,5,0.0,5,3,6,7,3,2,4,1,2,4,1.834,5,4,4,0
0,2,7,5,5,-0.154,3,-0.811,0.092,0.159,3,4,4.0,7,-0.911,2,7,5,3,-1.965,0.0,4,0.0,6,7,2,2,3,1,5,2,2,6,0.704,1,5,0,0
4,4,2,1,7,1.092,5,0.265,0.248,-1.212,3,0,1.0,6,-1.978,0,0,4,7,2.434,0.0,6,0.0,3,3,4,0,2,0,0,3,1,0,0.447,6,3,4,0
2,6,4,5,1,-1.521,3,-0.789,-0.062,-0.266,4,4,4.0,4,-1.749,0,3,2,7,2.826,0.0,1,0.0,0,6,4,3,3,6,1,3,0,1,-1.422,6,7,5,0
5,0,7,6,5,-0.11,0,-1.0,-0.327,-0.354,5,1,5.0,6,1.65,3,2,1,5,4.274,0.0,6,0.0,1,0,6,2,3,7,7,1,2,0,2.543,5,4,7,0
5,3,0,5,2,-0.699,7,0.218,0.898,-1.229,2,1,1.0,5,1.367,3,3,5,2,1.204,0.0,1,0.0,6,4,6,3,6,6,0,1,4,4,1.702,1,3,4,0
0,6,2,0,1,-0.502,5,-0.248,0.176,-1.204,7,4,1.0,4,0.679,2,3,7,3,1.702,0.0,7,0.0,7,2,4,2,7,2,0,1,2,2,0.016,2,4,3,0
0,2,0,7,4,1.262,0,0.673,0.624,-0.482,4,4,2.0,6,-0.19,5,7,1,0,1.85,0.0,3,0.0,1,1,7,1,4,6,3,3,4,2,1.301,2,6,4,0
4,2,3,0,4,0.109,4,-0.113,-0.405,1.077,1,5,5.0,3,-0.446,6,5,4,1,-0.798,0.0,5,0.0,4,7,5,6,0,1,1,7,3,7,-1.219,5,6,1,0
6,5,7,6,7,0.409,7,-1.578,-0.978,1.266,3,3,4.0,4,-1.159,6,6,1,0,-0.196,0.0,2,0.0,7,5,1,1,5,4,3,5,2,2,-0.162,2,6,7,0
3,3,5,4,5,-0.831,6,0.905,1.049,0.215,1,4,-0.0,7,0.065,0,5,6,2,2.228,0.0,5,0.0,4,5,3,5,5,1,2,3,1,6,-0.389,6,2,3,0
5,7,7,4,5,-0.048,1,-0.046,-0.429,0.579,1,2,3.0,0,1.147,1,3,4,0,-0.047,0.0,6,0.0,2,2,1,2,1,4,5,2,0,3,1.189,2,7,7,0
6,6,2,5,5,-1.733,4,0.435,-0.304,-0.104,1,0,3.0,3,-0.489,1,3,7,3,0.73,0.0,1,0.0,0,3,1,5,7,3,5,7,2,6,0.172,4,1,5,0
0,7,4,2,1,-0.953,6,1.445,0.72,-0.127,1,5,3.0,5,1.959,2,3,2,7,2.146,0.0,6,0.0,2,3,0,2,2,6,0,2,6,7,-0.076,4,7,1,0
4,1,4,4,6,-0.485,3,-0.427,-0.961,1.301,4,2,4.0,5,-0.748,2,1,1,6,-1.636,0.0,1,0.0,0,4,1,0,7,7,7,3,2,1,-2.006,0,6,6,0
2,0,3,2,3,-1.565,2,-0.467,-0.858,-0.073,4,1,5.0,7,-2.689,6,3,1,5,-2.914,0.0,2,0.0,0,1,3,1,3,1,2,5,6,6,-1.242,7,0,5,0
0,5,4,7,5,-1.193,3,-1.12,-1.263,1.454,7,2,4.0,4,-3.342,7,7,2,1,2.326,0.0,0,0.0,4,6,5,0,1,5,5,6,0,2,-0.437,7,3,1,0
7,4,4,1,1,-2.037,4,-1.189,-0.718,-0.302,6,2,3.0,6,-0.852,4,1,4,6,0.165,0.0,4,0.0,5,2,2,3,5,5,2,1,4,6,0.099,6,5,3,0
1,0,6,6,3,-1.45,7,1.214,0.048,-1.233,0,4,4.0,6,-1.045,7,4,5,1,-0.281,0.0,5,0.0,7,2,4,6,0,5,4,6,5,3,-1.989,6,7,6,0
0,6,5,2,0,-1.41,6,-0.441,-0.494,-0.269,3,3,4.0,0,2.136,1,3,7,2,-1.986,0.0,1,0.0,2,1,1,7,3,1,2,4,7,4,-1.084,7,6,4,0
5,1,0,2,1,-0.819,5,-0.077,-0.44,0.114,0,0,3.0,3,1.68,0,0,0,0,-2.132,0.0,3,0.0,0,6,2,0,2,3,7,2,0,5,-0.014,2,0,3,0
6,2,2,2,1,-1.239,2,1.313,1.131,2.298,1,0,2.0,6,-1.172,5,3,4,3,1.4,0.0,4,0.0,7,4,2,2,6,6,0,2,7,1,2.022,2,4,0,0
5,0,2,7,0,0.294,4,0.3,-0.06,1.657,6,7,3.0,6,1.147,0,7,3,1,-2.534,0.0,4,0.0,4,2,0,0,6,6,4,4,3,2,-1.284,2,5,2,0
6,5,1,6,1,0.451,4,-0.468,0.588,0.386,7,2,2.0,6,1.225,4,0,5,1,-0.72,0.0,0,0.0,0,7,1,0,3,3,2,6,4,3,0.123,3,3,1,0
3,0,7,3,7,-0.211,1,0.59,0.633,0.891,3,7,2.0,0,-0.095,5,0,4,6,-6.815,0.0,2,0.0,4,3,6,0,7,5,4,2,6,5,1.383,7,4,3,0
5,3,5,7,3,0.845,6,0.722,0.026,-0.299,2,0,3.0,1,-3.385,2,6,7,5,0.406,0.0,7,0.0,7,0,4,5,7,7,7,6,4,2,-0.071,6,1,5,0
0,5,6,2,5,0.266,5,1.598,1.342,-1.66,1,3,1.0,4,1.836,7,6,7,3,3.084,0.0,2,0.0,5,6,3,3,7,6,7,2,4,4,-1.978,7,5,3,0
2,5,1,7,4,-1.668,5,-0.487,0.022,-0.568,5,4,4.0,5,-2.066,2,7,6,7,2.937,0.0,0,0.0,1,3,0,3,2,3,4,7,4,3,0.451,0,4,4,0
7,2,6,0,5,-1.362,6,-0.616,-1.183,1.261,6,4,6.0,6,-2.194,4,4,5,3,-5.12,0.0,5,0.0,0,5,5,0,5,1,5,0,7,6,-1.59,4,7,5,0
3,4,0,0,6,1.087,2,-0.71,-0.47,0.481,4,6,5.0,3,-3.909,6,3,2,5,0.141,0.0,6,0.0,7,4,7,0,0,6,4,0,7,5,-0.516,3,3,7,0
4,5,4,5,1,0.69,0,-0.765,-1.165,0.878,6,5,4.0,1,0.793,5,3,3,6,-4.314,0.0,4,0.0,6,5,4,7,3,4,1,3,7,7,-0.768,2,3,3,0
7,2,1,4,5,0.154,4,1.362,1.182,0.349,1,5,1.0,5,2.59,7,2,2,3,-2.296,0.0,6,0.0,4,1,1,6,6,2,1,0,5,1,-0.308,5,4,6,0
6,6,7,4,3,2.296,6,-1.27,-0.784,0.936,2,1,4.0,1,-1.311,4,7,0,7,2.419,0.0,6,0.0,0,1,7,1,4,7,0,4,4,7,-0.276,0,2,1,0
7,1,2,6,6,-0.445,2,0.009,0.28,0.673,0,4,2.0,4,-0.868,7,6,1,7,0.182,0.0,4,0.0,4,6,3,6,6,5,5,3,2,4,2.291,2,6,4,0
7,0,0,4,0,0.589,5,0.318,0.438,0.174,6,2,2.0,6,2.681,7,4,5,6,0.811,0.0,4,0.0,4,5,3,0,4,2,5,1,4,0,0.134,6,3,2,0
3,5,2,7,0,-0.15,4,2.162,1.347,-0.672,0,4,3.0,0,4.318,4,2,1,1,1.283,0.0,5,0.0,2,3,6,5,6,7,1,6,2,5,1.095,0,7,2,0
4,2,3,0,1,-0.138,0,-0.683,-1.137,-0.836,3,5,5.0,0,-0.972,5,1,1,4,-1.516,0.0,3,0.0,0,5,1,5,1,5,5,1,0,2,-0.289,1,2,2,0
0,5,0,7,2,-0.031,5,0.417,-0.527,-0.914,3,3,3.0,4,-1.066,6,3,2,2,1.886,0.0,6,0.0,7,2,1,7,7,5,1,7,1,5,-1.26,1,0,1,0
4,3,0,1,3,-0.492,2,0.043,-0.208,0.313,7,7,4.0,0,3.83,0,3,5,5,-0.635,0.0,5,0.0,0,2,6,1,2,5,0,0,7,6,-1.779,7,5,2,0
4,1,7,5,5,1.112,3,-0.417,-0.267,-0.045,4,3,3.0,1,-2.413,0,3,0,2,-1.401,0.0,1,0.0,3,6,4,3,0,3,0,3,1,7,-0.644,1,5,3,0
7,4,7,0,1,-0.492,4,0.079,-0.222,-0.845,2,7,3.0,5,-1.507,3,6,5,5,1.246,0.0,7,0.0,3,5,1,0,6,1,0,2,2,4,0.812,3,3,4,0
5,6,3,5,4,0.482,4,-0.44,-0.163,-0.311,1,3,2.0,0,1.434,1,2,6,0,-0.137,0.0,0,0.0,6,1,4,6,2,1,5,1,2,1,0.078,3,7,3,0
7,0,0,0,6,-0.208,6,-0.256,-0.016,0.037,0,1,4.0,3,-0.999,6,3,0,2,-1.615,0.0,7,0.0,0,1,4,1,7,1,7,7,5,1,-1.95,5,7,6,0
2,6,4,0,2,0.951,2,-2.436,-1.695,-0.512,7,5,6.0,2,-1.678,3,4,7,5,-0.159,0.0,6,0.0,7,2,5,0,4,7,5,2,0,5,-1.885,6,4,5,0
4,5,5,5,5,-0.761,6,-0.051,-0.325,-0.404,4,6,3.0,4,0.97,3,4,7,2,1.74,0.0,5,0.0,6,3,6,5,3,2,5,7,2,4,-1.732,2,5,1,0
1,4,6,6,3,-1.53,2,-1.761,-2.179,-1.561,5,7,5.0,2,0.267,1,5,7,7,-3.222,0.0,3,0.0,5,5,4,2,1,7,3,5,1,2,-2.43,4,1,0,0
2,0,3,2,1,0.128,1,-1.615,-1.54,-0.478,5,4,5.0,3,-2.187,7,6,7,6,-0.051,0.0,3,0.0,3,1,6,7,5,5,7,3,7,7,-3.557,6,3,1,0
4,5,4,7,5,-0.133,7,-2.803,-1.879,0.372,2,0,5.0,6,-2.15,0,5,6,7,-8.88,0.0,4,0.0,1,4,6,5,2,2,6,7,5,6,-1.477,4,0,5,0
3,6,2,2,3,-0.565,7,-0.79,-0.398,-1.909,0,5,6.0,7,-0.309,7,5,1,2,1.805,0.0,3,0.0,6,2,7,4,6,6,2,6,0,0,-0.793,1,4,1,0
3,3,3,6,2,0.217,1,1.906,1.216,-1.359,0,4,2.0,0,-0.024,1,7,3,2,1.807,0.0,7,0.0,1,7,5,6,3,7,5,4,1,5,0.854,2,2,0,0
6,0,2,3,4,1.086,1,1.53,2.224,-0.527,4,4,0.0,2,4.021,6,1,5,7,0.337,0.0,6,0.0,7,0,4,4,5,6,6,6,0,7,3.264,0,1,5,0
1,1,3,3,0,0.915,3,-0.514,-0.241,-0.137,4,5,3.0,2,-1.675,0,4,3,3,-1.575,0.0,1,0.0,6,5,4,2,7,6,5,1,7,0,0.54,1,5,5,0
7,5,7,1,5,0.672,2,-0.031,-0.289,-1.165,0,1,3.0,0,-2.361,7,1,2,7,-0.076,0.0,4,0.0,2,0,3,1,0,1,4,5,1,5,1.104,6,5,2,0
6,4,3,3,5,1.013,7,0.124,-0.977,-1.298,1,4,4.0,5,-0.931,4,3,2,1,-1.446,0.0,6,0.0,3,4,7,1,0,7,5,1,1,3,-1.453,6,7,3,0
2,1,6,2,2,-0.521,5,0.814,0.352,0.469,2,4,4.0,4,2.828,4,5,6,2,-0.835,0.0,1,0.0,2,6,4,2,0,1,1,1,4,4,0.4,5,6,6,0
4,2,7,2,5,-0.326,7,-0.874,-0.338,-0.058,1,6,4.0,3,-0.322,1,6,1,0,-0.622,0.0,7,0.0,4,2,7,7,5,5,3,1,5,6,0.423,7,1,5,0
2,5,7,3,1,-0.162,1,-0.002,-0.147,0.702,0,1,3.0,6,1.294,6,4,7,0,-2.284,0.0,2,0.0,2,2,1,5,5,0,1,3,5,1,-1.892,7,2,7,0
7,5,2,4,5,0.361,6,-0.585,0.365,0.235,1,5,4.0,4,1.29,5,1,5,0,-1.647,0.0,3,0.0,7,2,0,5,6,6,1,4,7,0,-0.512,2,1,0,0
4,1,7,1,5,-0.211,7,0.619,0.799,-1.974,1,2,2.0,2,-0.067,2,0,7,4,0.478,0.0,0,0.0,1,5,2,3,1,3,7,4,7,1,0.092,3,6,0,0
6,0,1,2,0,0.938,6,-1.27,-1.376,-1.497,1,7,5.0,3,-1.631,3,1,4,1,0.23,0.0,6,0.0,6,1,5,2,5,4,6,1,3,1,-2.889,0,7,5,0
3,1,1,3,0,0.49,3,-1.642,0.109,0.064,3,2,6.0,4,-0.253,6,2,2,2,2.075,0.0,4,0.0,5,7,3,0,2,7,5,5,5,0,1.075,5,5,3,0
2,2,7,3,1,-0.993,1,0.801,0.003,-1.07,5,7,3.0,5,2.658,1,2,2,5,1.739,0.0,0,0.0,0,0,7,0,2,5,2,3,1,5,0.226,3,6,4,0
2,5,2,1,3,-0.995,6,0.138,0.454,1.334,5,1,2.0,5,3.007,4,4,3,6,-0.643,0.0,3,0.0,1,7,1,4,5,4,5,7,4,7,-1.599,7,1,3,0
5,6,2,4,6,-0.46,4,-0.293,-0.237,0.375,0,6,4.0,1,0.36,7,3,2,2,-1.369,0.0,3,0.0,0,2,3,2,1,5,1,1,5,3,1.363,6,2,7,0
4,0,1,4,4,-0.252,2,-1.324,-1.368,-0.747,7,6,6.0,5,-2.393,5,2,6,4,-6.743,0.0,1,0.0,7,7,1,0,6,0,0,7,1,7,-0.644,1,3,3,0
6,5,0,4,2,1.713,0,0.741,0.953,-0.161,5,7,3.0,2,-0.828,2,6,7,7,2.874,0.0,6,0.0,0,6,2,3,2,7,2,4,4,7,2.136,3,3,5,0
4,0,1,7,6,2.112,6,-0.487,-0.764,2.002,4,3,4.0,1,2.64,4,5,6,2,2.113,0.0,2,0.0,3,1,2,6,2,4,6,3,1,1,-0.597,3,3,2,0
4,7,2,7,5,-1.742,2,-1.093,-1.386,-1.261,6,2,5.0,1,-1.757,1,3,4,4,-2.117,0.0,4,0.0,6,3,0,5,6,5,0,2,3,2,1.317,2,4,7,0
3,0,1,5,0,-1.082,4,0.642,0.625,0.402,0,6,3.0,6,-0.668,4,5,3,0,0.767,0.0,6,0.0,5,0,3,7,1,0,4,6,4,3,-0.89,1,1,3,0
0,3,3,6,2,0.757,0,1.061,1.056,2.047,3,0,1.0,3,1.407,5,2,5,3,3.282,0.0,6,0.0,4,6,2,5,3,6,2,0,7,5,0.691,4,0,7,0
2,1,5,1,7,-2.294,5,-0.048,-0.109,1.888,6,2,2.0,0,1.234,3,7,0,7,-2.401,0.0,4,0.0,7,3,0,1,0,1,3,5,0,0,0.993,5,7,1,0
1,5,4,6,6,-0.045,1,1.619,0.197,-0.93,7,0,1.0,5,-0.85,0,7,1,4,1.23,0.0,4,0.0,0,5,3,0,7,0,0,2,2,2,0.363,1,5,5,0
3,4,7,1,5,-1.47,6,1.373,0.992,-1.278,2,7,4.0,6,1.069,0,0,5,7,0.105,0.0,6,0.0,7,4,3,1,1,6,4,3,5,2,-1.034,1,7,4,0
3,4,6,0,4,-0.056,2,0.059,0.307,1.22,5,2,2.0,5,0.982,5,7,4,0,-2.507,0.0,6,0.0,1,1,0,4,0,5,2,7,3,4,-1.011,7,6,0,0
5,4,7,4,6,0.677,7,0.832,0.172,1.106,7,2,3.0,6,2.725,0,2,1,3,-2.494,0.0,6,0.0,3,2,5,4,4,0,4,5,6,7,1.092,6,5,1,0
5,3,3,3,4,-0.932,6,0.034,0.792,0.403,6,1,3.0,7,1.726,3,3,1,1,0.4,0.0,1,0.0,0,3,1,0,6,7,4,5,4,5,-0.14,3,2,1,0
0,3,1,7,6,-0.684,6,0.504,0.87,-0.27,0,0,2.0,3,0.582,1,6,0,5,1.396,0.0,6,0.0,7,1,2,5,2,4,3,4,0,7,0.675,4,2,0,0
7,3,7,3,7,0.597,4,1.094,0.768,-0.516,0,1,1.0,6,0.046,2,1,0,4,1.514,0.0,0,0.0,5,6,1,7,7,7,3,0,0,0,1.04,3,5,4,0
1,0,5,4,4,-0.511,4,-2.886,-2.454,-0.788,7,7,6.0,2,-2.862,3,6,2,4,1.944,0.0,1,0.0,6,0,5,2,5,7,5,1,3,6,-2.019,3,6,6,0
6,4,1,0,4,1.56,2,-0.103,-0.729,-0.306,2,3,4.0,4,-0.033,0,5,1,3,-1.825,0.0,2,0.0,0,4,4,2,3,6,1,1,1,5,-1.361,2,6,3,0
0,0,2,1,4,0.562,1,0.401,1.302,0.006,1,7,2.0,7,1.274,2,3,4,6,1.511,0.0,4,0.0,2,7,4,2,0,2,6,1,7,1,-0.747,7,4,1,0
4,7,7,6,4,0.082,5,-0.889,-1.247,0.091,1,6,6.0,1,-0.018,7,4,4,0,-2.316,0.0,1,0.0,2,4,5,6,2,1,2,1,5,3,0.188,5,2,7,0
3,2,7,7,5,-0.633,1,0.421,0.101,-0.749,6,3,4.0,0,3.678,6,1,7,1,3.377,0.0,4,0.0,7,2,4,0,0,5,7,2,0,4,-0.929,7,1,1,0
0,1,1,3,2,-0.036,3,-1.171,-0.499,0.904,5,5,4.0,3,-1.425,5,1,3,5,3.225,0.0,3,0.0,1,7,6,2,1,0,7,3,2,0,-0.311,7,6,7,0
2,2,0,0,1,-0.263,3,2.393,1.413,0.546,7,3,2.0,3,5.162,5,3,2,5,4.089,0.0,6,0.0,5,2,1,1,5,0,6,6,4,3,3.829,2,6,4,0
4,0,3,3,7,0.331,2,-0.1,0.101,-0.209,6,3,2.0,1,0.451,1,7,5,3,1.102,0.0,6,0.0,7,2,6,1,4,7,5,1,0,3,-0.925,1,6,1,0
4,1,1,3,4,0.347,6,-0.807,-0.503,-0.902,1,0,5.0,7,0.952,2,1,7,0,0.118,0.0,7,0.0,0,3,4,4,3,4,0,3,7,1,-1.756,7,5,0,0
5,7,7,1,2,-0.962,0,0.768,0.587,0.092,5,6,2.0,4,-0.972,1,3,0,7,-2.213,0.0,3,0.0,1,0,6,0,6,5,4,0,7,1,1.585,7,6,2,0
4,2,4,1,5,-0.402,3,0.25,1.085,-0.462,5,6,3.0,1,2.793,3,5,2,7,6.865,0.0,1,0.0,6,4,1,1,3,2,2,5,2,7,1.837,3,4,2,0
4,7,4,7,1,-0.413,4,-0.234,0.576,-1.798,1,4,3.0,1,-0.448,3,7,0,7,-1.03,0.0,3,0.0,5,5,0,2,7,0,6,0,0,5,-0.441,4,0,2,0
1,6,7,0,3,1.427,6,-0.002,-0.519,0.897,7,2,4.0,5,-1.517,1,4,6,2,-2.05,0.0,4,0.0,0,2,4,0,4,3,3,7,3,3,0.194,0,7,3,0
7,2,7,7,7,-0.224,3,-1.791,-1.175,1.017,0,3,7.0,4,-1.037,3,0,7,5,-2.607,10.19,1,0.0,2,7,6,3,3,5,3,5,2,1,-0.596,3,1,6,1
1,5,0,1,4,1.002,4,0.592,0.392,0.299,7,1,3.0,2,1.388,5,0,2,7,-1.588,0.0,2,0.0,5,6,6,4,5,5,7,5,5,3,2.35,3,6,3,0
4,5,6,3,6,-0.557,1,1.451,1.031,-0.13,7,4,2.0,6,-1.505,4,1,6,3,2.493,0.0,0,0.0,0,4,2,2,2,4,0,3,7,4,0.841,5,1,5,0
3,2,4,2,2,0.297,4,1.635,1.655,-0.095,6,0,1.0,4,2.21,3,1,6,0,-3.899,0.0,2,0.0,2,3,1,6,7,4,7,1,7,1,1.53,1,3,0,0
5,0,7,2,6,1.171,2,0.321,0.98,1.046,5,1,3.0,7,-1.806,3,6,5,0,0.511,0.0,4,0.0,4,0,2,5,6,6,5,2,2,2,-1.095,5,0,7,0
4,0,0,6,5,0.396,4,3.004,3.479,-1.472,6,3,0.0,6,4.025,2,5,1,0,3.442,0.0,5,0.0,1,4,0,4,7,2,1,3,6,7,3.791,1,5,6,0
1,6,3,1,5,1.276,5,0.252,-0.254,0.341,7,2,3.0,5,-0.861,3,0,0,3,0.171,0.0,7,0.0,6,2,6,3,6,1,7,4,6,3,-0.001,4,6,4,0
7,6,4,2,1,-0.857,0,0.438,0.297,-0.822,2,7,3.0,7,4.621,2,6,5,6,0.22,0.0,7,0.0,5,3,6,6,7,5,3,0,7,6,-0.6,0,1,1,0
2,2,2,7,5,0.123,3,0.538,1.026,-0.197,6,4,2.0,7,1.593,4,7,0,5,1.539,0.0,2,0.0,1,0,7,6,5,2,5,1,2,3,1.333,2,5,4,0
3,0,7,6,5,0.11,1,0.273,0.511,1.342,5,0,3.0,6,1.385,7,2,1,3,1.322,0.0,5,0.0,7,3,6,0,4,7,2,1,1,6,-0.5,1,5,7,0
2,0,1,7,3,1.109,3,-1.591,-1.522,-0.079,2,4,5.0,0,-1.191,3,2,0,1,-4.342,0.0,2,0.0,5,4,0,2,7,0,3,2,5,2,0.808,7,0,2,0
0,7,0,5,0,1.552,0,-0.116,0.394,-1.335,5,2,4.0,0,-2.736,1,7,4,1,2.541,0.0,2,0.0,1,5,2,2,1,7,4,6,4,1,0.544,6,2,6,0
7,4,5,0,7,0.193,2,-0.312,0.347,0.919,7,0,2.0,7,-2.295,1,6,6,1,0.571,0.0,5,0.0,5,3,6,3,3,3,5,6,7,1,1.834,2,3,6,0
7,5,5,5,6,0.622,2,0.901,0.71,-0.167,7,4,3.0,4,1.047,7,6,6,7,-1.869,0.0,5,0.0,1,7,0,5,5,2,7,2,6,7,1.129,4,0,7,0
5,6,0,5,6,1.499,1,2.064,2.462,-1.62,1,3,0.0,7,1.195,7,7,1,6,4.322,0.0,1,0.0,6,1,7,7,5,2,1,5,3,2,1.616,0,2,5,0
7,4,2,6,5,-0.306,7,-0.582,0.13,0.045,6,6,4.0,2,-1.079,7,4,4,4,2.663,0.0,6,0.0,1,1,1,6,5,3,3,7,5,7,-0.792,1,4,3,0
5,6,3,5,2,-0.026,7,-0.5,-0.816,-0.368,5,3,5.0,0,-0.287,5,7,6,4,-2.111,0.0,6,0.0,7,2,2,0,6,0,0,7,0,5,0.462,1,2,7,0
6,2,7,5,7,2.038,2,1.182,1.486,-0.346,7,2,2.0,5,3.529,0,2,3,6,-1.744,0.0,7,0.0,1,7,6,4,4,1,3,1,2,4,1.086,4,3,6,0
7,1,3,5,4,-0.28,3,1.581,1.221,0.877,3,0,1.0,4,2.982,3,0,4,5,-2.396,0.0,5,0.0,5,1,2,3,5,1,5,2,1,2,0.928,3,4,7,0
1,3,2,6,6,-0.005,2,0.387,0.976,1.322,5,7,0.0,1,-0.079,6,4,1,5,2.138,0.0,4,0.0,5,5,7,1,2,0,3,4,2,2,-0.62,6,6,0,0
1,4,6,4,4,0.178,1,-2.489,-0.512,0.042,2,1,5.0,4,-2.538,0,5,6,0,-2.056,0.0,4,0.0,5,4,3,6,2,5,6,7,4,5,-0.155,7,7,7,0
2,2,0,4,5,1.292,7,-1.854,-1.737,1.039,3,1,7.0,7,-0.787,4,7,3,5,-0.6,0.0,3,298.97,4,2,3,2,3,1,5,0,7,7,-1.065,5,4,3,1
0,5,4,4,5,0.638,4,0.904,1.218,-1.293,7,7,2.0,5,0.27,7,4,5,2,4.318,0.0,3,0.0,4,7,7,7,1,4,3,1,2,1,1.146,7,2,5,0
7,2,6,6,4,0.207,7,-1.072,0.131,0.016,5,1,3.0,4,0.707,6,0,6,7,-2.96,0.0,0,0.0,5,7,5,5,6,6,5,7,4,7,-1.166,2,6,4,0
7,7,5,3,7,-1.16,7,-0.277,-0.937,-1.325,5,2,5.0,7,-0.366,2,6,3,6,-5.187,0.0,4,0.0,1,5,0,4,0,0,0,3,7,2,-0.581,1,5,2,0
4,1,0,0,2,-0.98,6,-1.238,-0.429,-0.059,4,5,1.0,2,-0.524,7,0,0,2,0.486,0.0,5,0.0,7,7,4,4,3,5,1,3,2,4,-1.568,4,7,7,0
2,1,6,6,2,0.412,6,-2.27,-2.807,1.054,6,1,7.0,7,-1.33,5,4,0,5,-2.056,0.0,1,190.96,4,4,3,3,0,2,2,5,6,4,-1.867,3,7,0,1
3,4,7,4,3,1.445,1,-0.784,-0.842,-0.32,1,1,5.0,6,-1.15,3,4,1,1,2.783,0.0,7,0.0,2,2,6,1,3,2,5,1,2,6,-0.824,7,0,4,0
2,1,3,2,1,-0.134,6,-1.665,-0.768,-0.422,2,1,4.0,1,1.239,7,4,7,1,4.606,0.0,7,0.0,7,0,7,4,5,1,6,3,2,6,0.102,3,2,1,0
2,2,6,6,0,-1.756,0,0.147,-0.425,0.452,1,4,4.0,7,-5.029,5,0,1,7,1.464,0.0,0,0.0,3,5,3,3,7,7,1,6,1,6,-0.565,6,4,0,0
3,4,3,7,2,1.155,3,-0.495,-1.47,0.872,7,2,5.0,5,-2.187,4,2,0,7,0.187,0.0,1,0.0,1,4,4,3,0,7,4,7,7,1,0.255,5,5,4,0
3,2,1,5,1,-0.08,1,-0.941,-1.567,-0.771,3,4,4.0,7,-0.974,0,1,7,6,-1.292,0.0,4,0.0,0,6,3,6,3,0,4,3,2,5,-0.435,4,5,6,0
1,0,2,6,6,-0.399,7,-0.502,-0.13,-0.914,4,1,2.0,3,-2.219,5,6,3,1,3.832,0.0,6,0.0,3,2,5,4,6,1,5,2,3,0,-1.042,7,0,4,0
6,1,5,4,6,-0.652,4,0.83,0.528,0.213,0,7,2.0,0,0.884,7,0,2,2,-1.516,0.0,3,0.0,4,1,6,4,5,6,7,1,4,2,0.629,3,5,4,0
3,4,7,7,0,-0.906,6,0.762,0.46,2.084,7,1,3.0,7,-5.139,7,1,6,1,-1.514,0.0,5,0.0,3,6,1,5,5,0,4,5,7,2,1.12,0,5,2,0
2,3,1,6,7,1.099,5,-0.591,-0.507,-0.032,4,1,4.0,0,-3.503,5,7,0,7,-1.746,0.0,5,0.0,7,2,3,2,0,7,7,1,4,0,-1.1,7,6,3,0
3,5,6,2,3,-0.643,7,-0.72,-0.319,0.108,6,0,5.0,5,-0.299,4,2,2,4,-1.614,0.0,1,0.0,2,1,0,2,2,0,3,2,4,5,-1.091,1,2,1,0
5,7,5,1,6,-0.729,1,1.463,0.924,-1.528,2,7,2.0,7,1.89,0,7,0,7,-1.464,0.0,1,0.0,0,2,0,7,3,2,3,2,2,1,0.686,0,6,4,0
0,4,2,0,2,-0.323,5,1.301,0.995,-0.334,4,1,3.0,5,-0.161,6,0,2,3,1.347,0.0,2,0.0,2,0,3,5,6,3,4,0,1,3,1.109,4,4,7,0
1,0,1,2,5,-0.116,1,0.91,1.395,0.296,6,3,1.0,2,-0.506,2,5,4,3,0.872,0.0,6,0.0,7,1,3,1,1,0,2,6,6,1,2.654,1,2,4,0
0,4,5,3,7,-0.275,4,0.406,-0.207,-1.959,0,1,3.0,0,-1.295,5,1,7,3,0.894,0.0,0,0.0,3,5,6,0,4,4,6,7,2,2,0.19,7,1,2,0
1,3,0,4,1,0.598,2,0.679,-0.063,-0.085,0,4,3.0,3,1.112,3,0,1,6,-1.202,0.0,6,0.0,0,1,3,3,7,1,1,6,2,1,-1.202,3,3,6,0
3,5,7,6,3,-0.2,6,1.375,0.471,1.448,6,4,1.0,5,0.93,0,0,4,5,3.186,0.0,4,0.0,3,5,6,4,2,1,2,0,7,1,1.185,2,0,6,0
3,3,4,3,6,-0.732,5,-1.374,-1.366,0.081,6,3,4.0,4,-1.015,6,5,2,5,-2.825,0.0,6,0.0,7,2,7,2,2,4,6,2,7,7,0.101,5,4,3,0
6,1,5,2,2,-0.202,5,0.908,1.993,0.242,3,0,0.0,0,2.949,5,1,5,1,2.947,0.0,2,0.0,0,4,1,3,2,5,4,6,7,4,1.139,7,6,2,0
5,2,3,4,3,0.775,3,1.621,1.551,0.182,0,0,2.0,7,-0.077,7,6,5,4,3.292,0.0,5,0.0,7,7,1,7,6,5,7,2,3,4,2.506,1,3,5,0
5,2,1,7,1,-0.444,3,-0.308,-0.2,-0.314,0,3,4.0,0,-1.497,1,6,3,0,0.889,0.0,5,0.0,0,7,4,1,5,5,4,0,7,6,0.857,0,3,2,0
6,6,5,1,3,-1.689,1,-0.145,-0.015,0.888,4,0,4.0,3,-1.069,0,0,1,0,0.415,0.0,4,0.0,7,7,7,1,6,5,2,3,1,3,0.06,1,0,1,0
3,5,7,7,2,-1.614,3,2.151,1.828,-0.756,6,6,1.0,1,1.134,2,5,5,5,0.282,0.0,2,0.0,4,6,5,1,1,1,2,2,3,7,-1.086,3,5,3,0
3,6,3,3,3,-1.355,7,-0.71,-0.49,0.18,5,0,4.0,6,2.588,3,5,7,0,-2.361,0.0,5,0.0,2,3,5,5,6,7,1,7,4,3,-1.78,5,6,5,0
7,3,7,1,2,-1.412,5,0.643,-0.689,0.249,0,3,3.0,5,-1.109,7,3,1,6,-0.658,0.0,3,0.0,7,2,1,5,7,0,6,6,0,6,-0.043,5,2,3,0
6,6,7,7,7,-0.221,1,-1.108,-0.277,0.603,6,4,3.0,6,-0.058,5,6,3,5,-3.638,0.0,7,0.0,5,6,1,1,3,1,6,2,7,5,1.39,4,7,0,0
6,7,1,6,0,-0.719,1,1.996,1.508,-1.094,7,7,1.0,7,3.749,0,4,7,6,5.759,0.0,5,0.0,6,2,4,0,4,6,4,7,7,5,0.147,5,1,3,0
6,7,0,6,1,-0.57,1,-1.166,-1.501,-0.271,3,3,4.0,2,-2.228,3,1,4,6,-2.293,0.0,4,0.0,5,3,0,1,4,1,0,6,7,7,-2.576,0,0,2,0
1,2,5,5,3,-0.796,6,1.03,1.265,-1.006,6,5,1.0,1,1.543,1,0,0,1,3.369,0.0,1,0.0,2,0,0,6,0,2,2,5,4,5,0.958,5,3,5,0
2,1,0,2,7,0.062,5,-2.126,-1.765,-0.015,3,5,3.0,6,-1.811,1,4,4,1,-5.385,0.0,2,0.0,4,2,4,1,5,2,5,0,3,1,-1.752,2,1,4,0
2,2,0,7,0,-0.449,0,-0.326,0.458,1.368,5,0,3.0,6,-0.454,3,1,4,7,4.595,0.0,5,0.0,4,2,5,5,4,5,2,0,1,6,2.984,6,2,5,0
6,2,4,4,0,-0.982,2,-1.95,-1.297,1.596,1,5,5.0,4,-0.233,7,3,4,3,-2.407,0.0,7,0.0,5,4,1,2,2,2,7,0,3,3,-3.025,5,2,6,0
6,5,2,7,6,-0.536,0,-0.113,-0.786,-0.73,3,3,4.0,0,-0.095,3,7,2,2,-0.153,0.0,2,0.0,4,4,4,2,5,7,5,0,0,4,2.413,3,0,2,0
3,3,5,6,2,1.465,2,-0.401,0.435,-0.874,7,5,4.0,2,1.152,6,5,6,2,2.095,0.0,2,0.0,5,1,7,7,0,0,2,0,4,5,1.603,2,4,1,0
0,4,6,5,6,0.236,5,-0.084,1.149,0.286,4,1,3.0,1,-0.507,0,1,5,1,0.411,0.0,6,0.0,5,0,3,6,2,4,7,0,1,0,0.706,7,4,0,0
1,4,0,3,7,-0.594,1,-0.729,-0.151,-1.019,3,2,5.0,3,0.601,5,3,6,2,2.253,0.0,5,0.0,5,2,2,7,1,6,4,6,6,6,1.393,0,7,5,0
7,2,6,5,1,1.56,7,0.121,0.349,-1.326,2,2,2.0,3,3.207,4,6,3,7,2.667,0.0,5,0.0,5,4,3,4,1,2,6,4,0,7,0.139,7,2,1,0
4,2,7,5,5,-0.282,1,-1.414,-1.703,-0.427,1,0,4.0,3,-2.652,2,6,0,3,-2.297,0.0,3,0.0,5,6,6,6,0,4,0,5,4,1,0.959,3,1,0,0
3,6,3,6,0,1.343,0,-1.215,-0.508,-1.445,0,1,4.0,0,0.868,2,6,4,6,0.565,0.0,4,0.0,3,4,7,3,4,7,6,4,2,5,0.259,3,4,0,0
5,1,6,4,2,-0.391,3,-2.219,-1.547,0.05,2,1,5.0,5,-1.04,4,5,1,4,-2.016,0.0,4,0.0,4,3,1,1,6,2,0,2,0,7,-1.287,2,2,4,0
5,0,2,4,0,0.494,6,-0.044,0.012,-0.145,5,5,3.0,3,1.482,1,5,6,4,2.663,0.0,4,0.0,5,6,7,2,5,6,1,5,1,4,-0.089,4,4,0,0
4,6,1,7,3,-1.893,0,-0.421,-0.891,0.01,0,1,3.0,0,-1.577,1,3,3,2,1.444,0.0,3,0.0,5,2,7,0,5,0,2,6,4,1,-1.66,4,7,1,0
5,3,6,3,2,1.448,0,1.572,1.01,-1.083,5,4,0.0,3,1.069,3,1,6,3,0.1,0.0,5,0.0,0,5,2,3,3,1,6,5,5,4,0.73,4,4,6,0
3,0,0,4,4,1.003,3,-0.098,0.613,-0.516,1,4,2.0,3,1.434,6,2,5,4,-1.562,0.0,4,0.0,1,4,6,4,1,3,7,0,2,0,-1.185,3,7,2,0
6,5,5,6,3,0.326,1,-0.258,-0.27,0.651,1,6,5.0,7,-0.043,0,7,3,5,-2.016,0.0,4,0.0,0,6,1,7,7,4,6,2,2,4,-1.329,6,4,4,0
2,4,6,1,6,-0.256,2,-1.979,-1.095,1.169,1,4,5.0,1,-2.054,1,1,5,7,-1.579,0.0,6,0.0,0,2,2,4,3,7,4,1,3,4,-2.107,3,0,3,0
1,1,6,5,3,0.131,2,-0.235,0.153,0.112,6,5,3.0,3,-0.324,4,7,0,7,-1.47,0.0,0,0.0,5,3,0,7,4,0,7,6,7,7,-1.7,6,2,6,0
6,3,5,2,3,-0.709,1,0.643,0.071,1.553,3,3,3.0,4,0.801,1,6,1,4,0.988,0.0,1,0.0,0,3,6,5,7,4,4,6,3,6,0.269,5,1,3,0
4,0,5,6,3,0.005,1,1.064,0.068,1.442,2,5,1.0,6,-1.284,0,2,4,7,3.59,0.0,3,0.0,3,7,7,2,7,0,4,2,2,0,0.752,2,3,1,0
7,7,7,2,7,1.148,4,-0.713,-0.969,0.691,4,3,4.0,7,-0.213,5,0,1,3,-0.281,0.0,1,0.0,7,7,2,1,0,7,2,2,4,6,0.21,2,7,5,0
5,3,0,1,6,0.261,4,-0.606,-1.161,-0.403,3,6,4.0,4,-0.002,2,1,7,6,-1.812,0.0,7,0.0,2,3,3,3,1,6,3,1,0,5,-1.601,4,5,1,0
3,3,4,7,7,-1.484,1,-1.314,-0.735,-0.995,0,4,4.0,7,2.021,7,0,3,3,-1.625,0.0,3,0.0,7,2,0,1,1,1,5,6,7,6,-1.432,1,1,2,0
2,0,2,1,4,1.454,2,-0.977,-1.014,-1.377,5,1,5.0,4,-1.513,4,5,1,3,-1.112,0.0,4,0.0,4,6,3,7,1,1,1,3,4,0,-0.125,4,5,0,0
1,2,2,2,5,0.55,0,-1.227,-1.861,-0.22,2,4,4.0,7,-2.029,0,2,6,6,-0.32,0.0,3,0.0,4,6,4,6,3,1,6,4,2,0,-1.129,4,6,3,0
0,4,1,0,5,0.106,4,-0.967,-0.666,2.048,1,0,4.0,5,-0.83,7,2,7,3,-0.478,0.0,4,0.0,3,7,2,0,5,1,0,5,3,3,0.134,5,5,5,0
2,6,1,5,5,0.098,0,-1.939,-2.069,1.521,4,3,7.0,5,-2.804,0,6,3,1,2.1,0.0,5,352.8,1,6,7,3,5,7,0,5,0,1,-1.439,7,2,0,1
3,6,7,4,7,1.724,3,-0.797,-0.204,-2.355,5,1,4.0,3,3.052,3,0,6,7,-1.477,0.0,0,0.0,5,3,7,4,7,3,2,6,2,2,-1.116,2,5,5,0
3,1,2,6,3,-0.644,1,1.623,1.482,-0.364,1,4,2.0,1,-2.738,6,2,3,1,0.27,0.0,1,0.0,7,7,0,4,7,0,6,0,1,4,2.718,3,3,1,0
7,6,7,2,1,2.331,2,0.87,1.507,-1.477,2,2,2.0,1,0.776,7,1,5,4,2.534,0.0,3,0.0,7,3,4,2,2,2,1,2,2,1,2.044,3,3,7,0
5,4,1,1,5,0.139,2,2.237,1.895,-0.179,7,5,0.0,5,3.604,7,3,1,4,3.178,0.0,5,0.0,3,6,1,4,1,2,3,6,2,5,2.417,4,5,5,0
2,4,0,0,4,-1.162,0,-0.456,1.031,-0.8,3,6,2.0,3,3.675,7,4,4,7,1.7,0.0,2,0.0,5,6,4,0,2,5,0,1,7,4,1.999,2,3,6,0
5,5,0,6,1,1.203,3,-1.306,-1.235,0.806,1,1,6.0,6,-1.28,0,5,3,5,-1.416,0.0,7,0.0,6,1,5,3,2,4,1,3,0,3,-1.156,7,0,5,0
1,2,7,1,4,1.096,2,-0.945,0.051,-0.976,5,1,2.0,4,1.466,3,6,1,7,-2.785,0.0,5,0.0,4,4,2,0,3,5,2,1,3,4,-0.158,4,6,3,0
0,0,3,3,5,-0.601,4,-0.147,-0.777,-0.1,1,6,4.0,1,-1.533,7,2,0,7,0.131,0.0,1,0.0,4,5,0,0,0,4,4,1,5,3,-0.53,7,7,5,0
2,0,2,7,0,1.224,7,-0.547,-0.043,0.974,5,2,4.0,4,-1.258,2,2,2,4,0.907,0.0,3,0.0,5,4,3,4,2,7,0,5,4,7,0.544,0,3,7,0
4,6,0,6,6,0.083,4,-0.204,-0.096,0.639,1,6,3.0,6,-1.703,2,1,0,2,2.566,0.0,1,0.0,2,2,2,4,3,6,4,1,6,4,1.501,4,3,6,0
0,0,7,7,5,2.723,4,-1.56,0.398,-0.888,0,6,5.0,0,-3.282,7,5,1,4,-1.871,0.0,1,0.0,2,3,4,0,4,3,4,0,1,0,-1.592,1,3,5,0
0,7,7,3,4,0.65,5,-0.237,-0.235,-0.224,7,4,3.0,7,3.081,5,1,0,7,-0.228,0.0,6,0.0,7,3,1,6,7,4,1,3,3,7,1.38,3,6,2,0
3,4,7,1,7,3.614,3,2.715,3.048,3.155,3,2,-0.0,7,1.174,1,3,3,3,3.49,0.0,0,0.0,6,0,0,4,2,0,1,0,3,7,0.25,0,4,2,0
2,2,5,5,2,0.062,4,-0.312,0.28,1.002,1,3,4.0,6,2.16,6,6,1,0,-0.736,0.0,6,0.0,7,3,5,3,5,1,7,1,7,6,0.297,4,4,6,0
0,4,7,6,6,0.262,1,0.665,-0.216,0.41,6,7,3.0,6,0.49,2,0,5,4,-2.628,0.0,7,0.0,1,0,1,1,1,2,2,3,4,4,-0.347,5,2,0,0
5,6,6,5,5,0.29,3,-0.269,-1.041,0.077,4,7,4.0,4,-1.047,0,6,7,0,-2.557,0.0,6,0.0,4,1,4,2,6,7,4,0,3,7,0.199,7,7,4,0
3,4,7,0,6,1.59,4,0.174,0.142,-1.113,0,2,2.0,7,0.995,2,2,6,5,1.693,0.0,7,0.0,5,5,5,1,7,0,1,6,5,6,0.8,3,2,4,0
5,3,6,1,7,0.299,0,-1.449,-0.626,-0.631,6,7,2.0,3,0.362,1,2,2,2,-1.631,0.0,0,0.0,5,4,1,5,4,1,1,7,2,3,-2.058,7,1,0,0
0,2,6,7,4,-0.077,6,0.583,0.08,0.627,1,0,4.0,2,0.004,2,0,2,7,-5.678,0.0,6,0.0,1,4,2,6,1,0,2,7,0,0,3.255,7,2,6,0
5,2,3,5,0,0.829,1,-1.745,-0.71,1.269,5,5,5.0,3,-1.232,3,3,7,4,3.191,0.0,7,0.0,3,4,0,3,6,3,0,7,0,0,-1.231,4,1,5,0
1,1,3,4,3,-0.439,7,1.408,0.824,-0.145,7,0,3.0,2,-1.907,3,6,5,3,-1.632,0.0,0,0.0,0,4,5,2,1,0,3,2,7,3,-0.669,5,0,0,0
7,6,5,4,4,0.666,3,-1.153,0.162,-0.288,4,4,3.0,2,-1.492,2,7,6,1,0.269,0.0,1,0.0,7,5,3,2,1,7,4,1,6,5,-0.844,7,3,4,0
7,3,6,7,0,0.98,3,-1.184,-0.998,-0.005,3,0,4.0,3,-1.817,0,7,5,0,-2.788,0.0,4,0.0,1,0,7,5,5,1,5,6,7,7,-2.112,7,5,3,0
3,6,5,3,1,-0.077,4,-0.256,-0.492,-0.85,5,3,4.0,1,-2.402,7,2,4,7,2.479,0.0,3,0.0,2,2,2,1,4,4,5,2,7,3,0.166,5,0,3,0
4,4,5,4,6,-0.313,5,-0.408,-0.997,0.175,2,2,4.0,3,-2.584,0,4,4,6,-3.758,0.0,4,0.0,1,1,4,7,0,1,3,6,2,0,-0.472,6,1,1,0
2,2,5,0,5,-2.422,4,0.431,0.954,-1.139,3,5,3.0,6,-0.209,2,6,4,4,1.741,0.0,2,0.0,0,3,5,4,2,2,0,5,7,2,0.065,6,3,1,0
6,3,5,4,5,0.628,0,1.514,0.827,-0.945,7,2,2.0,0,-1.232,1,6,6,4,0.015,0.0,0,0.0,0,0,1,6,7,3,5,5,7,3,-0.75,5,0,7,0
3,6,4,4,4,0.086,6,0.385,-0.229,1.725,0,5,4.0,4,-1.618,2,0,6,4,-0.511,0.0,4,0.0,7,7,7,4,4,2,4,4,2,1,-0.325,5,4,0,0
2,4,2,1,4,1.97,1,-0.241,-0.065,0.452,1,4,3.0,2,-1.87,7,2,7,5,1.915,0.0,2,0.0,7,1,0,3,6,7,4,6,0,6,-0.268,1,3,7,0
0,1,3,6,1,0.921,3,-1.86,-1.64,1.408,0,3,7.0,3,-2.404,2,3,2,2,-1.82,0.0,1,528.76,5,3,5,1,5,5,0,0,6,2,-2.77,7,1,0,1
4,5,6,4,1,0.099,4,-0.554,-0.509,-0.774,4,3,4.0,0,0.044,7,2,5,5,1.115,0.0,4,0.0,4,7,5,0,6,6,5,4,6,6,-2.195,0,2,5,0
6,1,2,5,3,1.938,5,1.027,0.217,-0.133,4,3,2.0,2,1.601,2,2,6,3,2.942,0.0,2,0.0,1,6,2,3,2,5,3,6,6,4,-0.178,1,3,1,0
4,0,4,2,4,1.953,3,-0.322,-0.638,0.083,5,3,2.0,2,0.928,6,6,5,2,-3.017,0.0,3,0.0,0,6,5,1,6,0,4,5,0,4,-1.843,1,1,0,0
0,4,3,4,5,0.133,4,-0.463,-0.302,-0.241,4,4,3.0,3,1.141,0,2,1,3,0.512,0.0,0,0.0,5,1,3,7,7,2,3,7,5,4,0.382,1,7,0,0
1,2,2,2,3,-0.676,1,1.49,1.337,-1.722,3,7,1.0,6,-0.041,7,3,0,1,0.894,0.0,3,0.0,2,0,3,3,4,6,2,3,4,4,0.817,1,2,1,0
7,7,0,1,6,0.56,3,0.899,0.265,0.66,7,0,2.0,3,-0.318,0,6,5,0,-3.058,0.0,7,0.0,7,7,2,0,2,5,5,4,1,2,1.138,1,7,0,0
7,7,7,4,7,0.848,6,-1.81,-0.686,0.455,1,4,4.0,5,0.135,0,6,7,5,-1.567,0.0,3,0.0,5,3,5,1,5,3,1,1,1,5,-1.102,0,0,4,0
7,6,0,3,7,-0.867,6,0.435,-0.216,1.145,6,6,3.0,7,1.087,5,2,7,1,1.828,0.0,1,0.0,0,0,5,7,2,7,0,1,6,6,1.116,2,6,2,0
2,2,7,4,2,-0.611,1,0.567,0.057,0.301,5,6,2.0,6,-0.542,7,2,4,5,-3.221,0.0,0,0.0,0,6,7,5,3,7,4,6,6,6,0.333,6,0,1,0
5,5,0,7,4,0.171,7,0.308,0.503,0.73,3,1,3.0,2,-0.195,0,3,0,1,1.206,0.0,3,0.0,5,6,0,5,6,5,3,7,3,6,0.871,5,2,2,0
4,7,5,0,0,-0.301,3,1.366,1.04,1.45,5,3,2.0,3,-0.453,2,4,4,3,2.726,0.0,0,0.0,5,5,3,3,2,4,4,2,5,0,0.967,2,7,2,0
3,4,0,7,4,-0.411,0,-1.685,-0.442,0.451,4,2,4.0,1,1.303,1,3,0,3,1.132,0.0,1,0.0,3,4,2,1,2,7,1,2,0,4,0.334,7,2,7,0
4,5,6,1,7,-0.631,7,1.086,1.444,-1.603,5,6,2.0,4,-0.805,1,2,6,6,1.404,0.0,6,0.0,1,7,1,1,4,5,2,7,4,3,2.139,7,5,5,0
7,4,2,6,7,-0.826,4,-1.505,-1.184,0.709,3,2,4.0,2,1.765,3,5,4,0,-3.047,0.0,2,0.0,1,2,6,6,0,5,5,1,5,7,-1.776,5,0,6,0
3,2,0,2,2,0.792,7,-0.119,0.356,-0.946,7,4,3.0,4,0.433,0,7,5,6,2.655,0.0,2,0.0,1,7,4,7,5,5,6,0,1,6,-0.312,3,3,3,0
0,6,6,7,7,-0.478,6,-2.091,-1.679,1.159,6,7,6.0,1,-0.956,2,1,6,0,-0.225,0.0,5,0.0,3,3,3,0,1,6,2,6,3,7,-2.705,2,2,7,0
0,4,0,6,7,-0.213,5,-0.754,0.159,2.068,5,3,3.0,4,0.039,1,3,7,2,-1.574,0.0,0,0.0,3,1,2,3,2,5,2,6,4,4,-0.16,1,0,7,0
3,6,4,7,5,-2.79,2,1.255,0.686,-0.527,6,7,1.0,2,0.393,0,1,2,0,1.277,0.0,3,0.0,0,0,4,1,2,7,0,2,6,0,2.2,0,0,3,0
0,1,1,2,3,-1.862,2,-0.904,0.476,-1.256,3,0,3.0,4,0.602,2,3,0,5,3.464,0.0,4,0.0,3,1,3,5,6,5,5,3,3,0,0.947,0,1,2,0
7,6,3,4,7,0.219,0,1.077,0.96,1.056,2,5,1.0,1,2.01,6,7,6,0,1.777,0.0,1,0.0,3,1,0,5,4,2,3,4,6,1,0.847,6,6,2,0
1,4,3,5,5,-0.173,7,0.076,0.228,3.133,7,2,2.0,4,3.723,5,7,7,7,-1.13,0.0,1,0.0,2,7,3,3,1,5,7,4,1,0,1.739,3,6,6,0
6,3,5,7,4,-0.636,1,1.39,1.492,1.138,2,7,2.0,2,-0.197,5,1,6,5,-2.878,0.0,7,0.0,2,5,2,5,2,1,5,0,1,2,0.912,5,2,0,0
7,0,5,4,2,-0.269,3,-0.527,-0.213,0.603,0,3,5.0,5,-2.643,7,5,2,0,-0.98,0.0,1,0.0,1,3,2,2,4,5,6,5,3,4,0.11,1,4,4,0
0,1,7,5,0,1.158,4,0.0,-0.506,-1.599,2,2,5.0,7,2.086,3,2,6,6,-1.739,0.0,7,0.0,0,5,7,1,1,1,6,4,6,1,-1.163,3,7,3,0
0,4,5,6,4,-0.477,2,0.387,1.122,1.476,3,0,1.0,7,-0.301,5,0,4,3,4.824,0.0,0,0.0,5,3,7,1,3,1,0,3,5,0,0.613,3,2,6,0
2,2,3,0,4,2.129,0,0.487,-0.24,-0.068,4,5,4.0,6,0.083,2,5,6,3,3.911,0.0,5,0.0,7,0,5,6,0,7,6,2,1,6,-0.616,6,5,7,0
2,6,7,7,7,-0.523,2,0.727,0.432,-0.911,2,5,3.0,4,0.524,0,6,2,7,4.199,0.0,7,0.0,1,6,6,3,3,3,2,2,7,6,0.372,7,5,3,0
3,5,0,4,1,1.697,7,0.305,-0.551,0.381,3,4,4.0,0,1.752,0,6,7,7,0.722,0.0,1,0.0,4,7,2,1,5,0,0,0,6,5,-0.604,1,7,3,0
0,3,5,5,2,0.741,0,-1.381,-0.979,1.366,2,0,5.0,1,-1.689,5,6,0,1,1.04,0.0,3,0.0,0,4,2,1,7,7,1,6,6,1,-2.43,3,6,2,0
5,4,0,7,7,1.258,3,-0.095,-0.898,2.614,0,6,5.0,3,-1.882,1,1,2,7,2.902,0.0,1,0.0,2,0,3,4,6,2,7,3,0,5,0.194,0,7,5,0
0,5,5,2,0,0.048,4,0.026,0.02,0.846,3,2,2.0,0,0.893,5,2,0,3,-3.464,0.0,6,0.0,5,6,4,4,0,4,0,4,6,2,1.187,2,6,2,0
3,2,0,4,4,-0.42,5,0.319,0.651,-0.286,1,3,3.0,1,0.048,2,4,5,2,2.684,0.0,5,0.0,1,1,3,0,1,7,2,3,7,2,0.666,7,3,7,0
0,4,4,0,4,1.208,3,0.773,0.302,-0.014,3,2,2.0,6,-0.732,4,1,4,2,1.184,0.0,4,0.0,2,5,6,2,1,4,1,7,7,2,1.593,0,4,1,0
3,1,1,2,6,0.508,5,0.319,0.494,-0.475,0,3,2.0,4,0.373,2,3,5,1,2.481,0.0,4,0.0,5,3,4,7,5,3,4,3,3,1,0.978,0,3,4,0
3,7,4,0,3,0.912,5,-0.375,-0.486,-0.631,2,6,3.0,1,-1.874,3,2,2,0,-2.592,0.0,0,0.0,7,5,1,7,7,6,7,7,3,2,0.057,3,0,6,0
5,4,7,7,5,0.062,6,1.473,0.389,0.227,4,4,1.0,4,2.931,5,5,4,5,1.16,0.0,6,0.0,6,2,6,0,1,7,4,4,0,5,-0.561,0,1,4,0
1,1,2,0,6,-0.772,6,-1.345,-0.962,-0.194,2,2,5.0,7,-1.077,6,6,4,5,-1.724,0.0,2,0.0,4,0,2,3,4,4,4,4,1,5,-2.105,4,0,3,0
0,5,3,4,5,0.252,4,0.074,1.087,1.086,7,3,2.0,3,1.241,7,3,4,1,0.278,0.0,6,0.0,3,0,7,4,0,2,0,3,2,6,0.827,5,1,2,0
1,5,7,0,1,2.093,1,-0.967,-0.656,-0.93,0,1,5.0,3,0.442,5,3,3,5,-4.054,0.0,6,0.0,4,6,5,1,4,2,5,7,3,7,0.6,5,0,5,0
2,3,4,7,0,-0.461,1,1.435,0.728,0.827,5,6,1.0,6,0.525,7,0,2,3,0.223,0.0,1,0.0,4,7,2,2,6,4,3,4,4,2,0.828,4,6,2,0
3,7,6,3,6,-1.643,5,-0.238,0.249,-0.605,0,2,3.0,4,-0.347,5,0,4,5,0.785,0.0,6,0.0,7,6,0,0,3,5,7,2,3,4,0.485,7,2,1,0
6,6,3,7,2,-1.232,2,1.298,1.441,-0.271,6,2,3.0,5,-0.994,5,0,0,6,-0.693,0.0,3,0.0,3,6,4,4,7,2,4,6,4,5,0.808,6,2,1,0
6,5,5,3,0,0.675,3,0.171,0.282,-0.417,7,1,4.0,0,0.479,5,2,7,0,0.4,0.0,4,0.0,6,7,5,4,7,7,7,2,7,1,0.018,4,3,5,0
1,7,5,0,3,0.137,5,-1.58,-1.163,-0.995,1,7,4.0,5,-2.415,4,6,7,4,-1.863,0.0,5,0.0,2,7,5,1,5,7,2,4,1,2,-0.375,2,2,5,0
5,1,2,1,2,0.45,3,-1.155,-0.453,-1.251,3,4,5.0,3,1.117,1,5,7,6,0.935,0.0,0,0.0,2,2,3,1,6,7,7,7,1,6,0.818,5,5,0,0
5,1,2,6,2,-0.353,5,-0.852,-1.04,-1.082,0,2,4.0,7,-0.898,3,2,3,4,-5.597,0.0,2,0.0,1,1,0,1,5,6,2,4,2,6,-0.396,0,4,3,0
5,6,6,6,1,-0.493,6,-0.626,-0.886,0.066,5,7,4.0,6,-0.03,0,6,4,1,-1.655,0.0,3,0.0,5,6,0,3,4,7,2,5,0,6,1.231,3,6,5,0
6,4,2,1,7,2.381,1,0.699,0.812,0.29,6,2,2.0,3,-0.643,6,5,0,6,-2.274,0.0,2,0.0,3,7,1,1,1,0,1,5,0,1,-0.215,5,0,0,0
2,1,2,7,7,1.354,7,-0.898,-0.25,-0.06,2,1,3.0,0,-3.598,6,7,1,2,4.031,0.0,1,0.0,7,3,5,2,3,1,5,3,3,2,-0.203,2,6,7,0
0,7,7,2,4,0.436,2,0.198,-0.338,-0.305,4,1,5.0,2,-1.687,1,7,2,1,0.004,0.0,3,0.0,3,6,7,5,1,3,6,6,6,0,0.116,4,2,6,0
4,1,0,7,5,0.499,3,-2.127,-1.389,-1.443,7,4,5.0,2,-3.429,7,0,7,6,-6.286,0.0,1,0.0,2,0,6,0,4,2,4,6,7,2,-1.015,3,2,5,0
7,5,0,5,1,1.964,6,3.27,2.394,-1.366,3,0,0.0,5,3.039,5,5,3,6,3.055,0.0,1,0.0,1,2,3,1,7,2,3,2,4,4,1.766,7,3,0,0
7,3,7,1,5,0.362,1,1.939,1.262,2.53,6,4,-0.0,2,1.694,5,1,7,4,-1.178,0.0,2,0.0,3,3,3,4,2,6,5,2,0,7,-0.922,3,0,6,0
3,4,0,1,5,0.062,6,0.702,0.736,0.36,4,7,4.0,2,-1.459,7,5,5,3,0.818,0.0,3,0.0,3,7,5,6,0,6,5,4,3,6,-0.056,7,5,2,0
6,5,7,4,5,-1.374,5,0.7,0.084,-0.265,6,6,2.0,3,0.704,2,0,0,7,-0.538,0.0,3,0.0,3,0,3,3,3,6,3,6,5,4,-1.692,1,4,3,0
2,0,6,4,1,-0.249,3,-0.008,-0.166,-0.63,4,0,4.0,7,1.593,1,3,3,3,0.714,0.0,1,0.0,7,2,0,3,3,4,0,2,7,4,-0.887,5,3,5,0
6,5,5,1,6,-0.045,4,1.107,0.185,-1.95,2,0,2.0,2,1.89,3,0,6,5,-3.577,0.0,3,0.0,7,2,1,4,5,2,2,5,1,3,0.612,5,1,5,0
7,1,2,3,4,0.718,4,-0.855,-0.955,-1.005,0,6,4.0,4,-0.085,4,1,5,3,1.955,0.0,3,0.0,4,2,3,7,3,1,0,0,3,5,-0.642,0,3,6,0
5,0,4,3,3,0.496,1,2.274,1.042,0.12,3,3,3.0,6,1.65,2,7,1,3,0.113,0.0,5,0.0,7,5,1,0,0,6,6,4,1,6,1.673,2,2,5,0
3,2,0,5,4,1.163,6,0.822,0.642,0.955,3,7,1.0,4,1.571,6,4,3,6,-0.752,0.0,3,0.0,2,0,3,5,0,7,6,1,7,7,1.314,6,7,1,0
5,2,5,6,2,-0.598,5,1.246,0.161,-0.692,5,5,3.0,2,2.212,3,2,1,3,0.374,0.0,1,0.0,2,1,7,1,3,6,4,7,2,2,-0.732,5,4,7,0
2,7,4,1,4,0.135,1,0.158,0.36,-0.022,0,7,3.0,5,2.209,6,0,5,6,2.308,0.0,5,0.0,1,1,0,1,7,0,3,1,6,1,1.006,4,0,6,0
3,1,2,1,2,0.036,3,-0.711,-0.541,-1.14,0,3,5.0,6,-1.811,3,2,6,6,-0.374,0.0,7,0.0,6,4,2,7,5,4,1,2,1,3,-1.195,7,5,6,0
0,0,0,6,0,0.825,7,1.523,2.297,-0.487,4,7,0.0,5,2.534,2,0,5,7,3.385,0.0,0,0.0,2,2,3,5,7,7,6,4,7,7,-0.18,1,4,5,0
1,3,6,6,1,-1.87,3,-1.502,-0.827,-0.478,4,2,4.0,6,1.371,4,2,7,6,-3.932,0.0,3,0.0,4,3,1,4,7,2,2,3,6,7,0.394,4,3,7,0
6,6,0,2,2,1.076,2,-0.579,-0.195,1.445,3,7,3.0,0,1.125,2,0,7,1,-0.215,0.0,6,0.0,4,6,1,4,7,4,5,0,5,2,-1.551,5,0,1,0
1,6,0,3,3,0.238,0,1.028,0.678,-0.219,0,4,2.0,2,1.973,1,1,3,2,-0.532,0.0,5,0.0,7,7,3,0,5,6,2,0,5,0,0.666,4,5,0,0
6,6,6,3,7,1.865,1,0.137,0.025,0.752,7,6,3.0,5,1.203,2,5,7,0,0.969,0.0,7,0.0,7,6,4,7,6,1,2,0,5,1,0.749,6,2,7,0
6,2,3,4,5,1.256,1,1.379,0.397,-1.898,7,0,4.0,1,-0.505,1,1,3,4,3.955,0.0,4,0.0,4,1,2,6,3,1,3,7,2,1,-0.481,4,2,5,0
2,5,0,6,4,-0.878,5,0.367,0.494,0.573,4,2,2.0,5,0.026,7,2,1,5,0.835,0.0,3,0.0,6,2,6,4,2,0,4,2,2,5,1.567,6,2,2,0
2,5,2,0,4,-1.231,1,-0.334,-0.988,1.227,4,4,4.0,7,-2.709,2,2,5,5,-2.05,0.0,3,0.0,5,1,3,6,3,1,6,1,7,3,-0.661,7,5,2,0
5,2,3,7,1,0.515,7,-0.863,0.092,0.841,6,3,3.0,3,1.551,3,2,2,5,1.637,0.0,5,0.0,6,2,0,7,2,7,1,6,5,4,0.001,3,0,6,0
5,4,5,2,6,0.6,1,1.892,1.423,0.273,4,0,2.0,1,3.343,1,0,3,0,1.071,0.0,2,0.0,2,4,3,4,0,7,4,7,7,4,0.964,1,7,2,0
4,5,5,5,0,0.757,7,0.19,0.365,1.625,1,0,4.0,3,0.032,3,5,7,0,2.191,0.0,1,0.0,2,2,6,4,4,2,7,5,5,7,0.916,0,1,0,0
0,0,7,5,1,-1.13,5,0.78,1.191,0.593,2,2,2.0,3,1.451,7,6,3,3,4.648,0.0,1,0.0,0,5,7,4,7,3,0,1,5,1,0.848,3,0,2,0
6,4,0,3,7,0.891,3,-0.144,0.861,-1.935,0,7,2.0,0,-0.176,4,6,6,6,0.403,0.0,7,0.0,6,3,2,2,5,2,5,2,3,7,2.422,3,1,4,0
4,7,3,3,4,0.192,4,-1.519,-0.639,-0.618,4,6,4.0,0,0.06,4,0,3,7,-0.699,0.0,7,0.0,0,4,5,6,7,7,7,3,6,5,-0.355,0,7,6,0
2,5,2,2,5,0.164,1,0.521,1.248,-1.751,1,5,1.0,0,1.13,5,4,3,2,-1.187,0.0,3,0.0,0,3,4,5,1,3,7,5,5,1,1.0,1,3,0,0
0,4,1,0,7,0.816,4,-0.317,0.607,1.465,5,7,3.0,5,-0.595,1,0,6,4,-0.62,0.0,0,0.0,3,4,3,5,2,1,4,0,2,1,1.237,1,0,7,0
6,0,2,7,6,-0.824,7,-1.359,-0.989,-0.902,1,0,4.0,0,-5.611,2,6,2,3,-2.169,0.0,2,0.0,0,4,1,5,1,3,1,6,3,2,-0.532,6,4,1,0
5,6,0,7,2,-0.211,6,-1.392,-1.399,-0.15,5,6,4.0,1,0.461,3,1,5,1,-1.865,0.0,3,0.0,1,1,6,4,1,3,1,3,5,3,-2.24,6,3,2,0
4,5,1,2,6,-0.416,2,0.013,-0.093,-0.686,3,0,2.0,6,3.503,6,2,1,7,-2.891,0.0,7,0.0,3,1,1,6,1,2,2,2,0,6,1.039,0,0,1,0
7,7,4,6,6,-0.655,3,0.886,0.823,-0.963,3,7,2.0,3,-0.705,7,5,5,7,2.598,0.0,4,0.0,5,5,0,5,1,6,5,1,4,7,0.116,6,6,0,0
2,6,1,3,2,0.573,4,-0.859,-1.557,0.495,6,3,5.0,2,-2.075,3,4,1,5,-4.211,0.0,4,0.0,6,3,1,2,2,1,6,2,0,6,-1.882,4,6,7,0
7,0,6,5,6,-0.894,6,-1.083,-0.47,2.111,0,7,4.0,2,0.22,6,2,2,0,-4.113,0.0,2,0.0,5,2,0,5,1,4,7,7,2,2,1.151,7,6,2,0
3,1,6,2,6,0.611,4,0.554,0.747,0.817,4,5,3.0,3,-1.302,5,3,6,6,-1.648,0.0,6,0.0,5,2,0,0,7,1,5,4,4,7,1.065,3,6,4,0
2,0,4,2,6,1.867,2,1.432,1.663,-0.879,2,3,1.0,7,1.494,1,4,2,5,1.567,0.0,1,0.0,0,5,4,2,5,2,0,5,3,1,0.204,3,7,2,0
0,1,1,1,1,0.921,6,-1.48,-1.489,-0.336,5,5,6.0,2,-5.337,7,2,5,5,2.33,0.0,5,0.0,6,3,2,1,2,2,3,4,5,1,-4.319,0,5,0,0
2,1,7,4,7,-0.795,3,-0.731,-0.207,-1.979,5,3,3.0,7,-0.655,2,4,3,4,2.777,0.0,4,0.0,0,6,6,1,3,7,1,4,0,2,-1.316,7,5,1,0
0,6,0,5,3,-0.625,5,-0.178,-0.386,-0.825,7,2,4.0,5,0.809,3,6,1,3,3.958,0.0,1,0.0,3,0,0,3,0,3,6,1,3,0,-1.631,4,2,6,0
2,0,6,4,1,0.523,4,-0.977,-1.771,0.833,5,3,7.0,5,-1.521,2,1,0,1,-3.837,0.0,3,592.47,4,1,0,7,0,5,6,1,3,5,-2.085,2,0,2,1
5,7,5,0,1,0.783,7,-0.82,-0.353,-1.318,4,2,4.0,2,-1.735,3,3,1,3,2.484,0.0,6,0.0,7,5,4,6,0,7,0,0,0,6,-0.959,0,6,2,0
3,6,0,7,7,-0.953,5,0.717,0.459,-0.395,7,5,3.0,0,0.654,2,5,4,5,0.685,0.0,3,0.0,2,7,3,3,6,5,5,1,7,3,-1.015,0,6,6,0
6,3,4,4,0,0.933,5,0.789,-0.079,-1.067,1,4,3.0,5,-0.52,4,4,7,5,0.476,0.0,3,0.0,4,7,3,2,3,3,3,2,6,0,-0.754,6,6,5,0
1,0,0,0,4,-1.163,5,2.153,1.628,-0.293,2,3,0.0,2,0.232,3,2,7,6,0.707,0.0,6,0.0,2,2,6,2,2,6,1,5,7,0,1.025,1,4,1,0
4,1,7,2,2,0.326,7,2.63,2.351,-0.837,5,7,-0.0,6,3.255,6,1,4,7,2.269,0.0,0,0.0,7,6,4,5,3,5,5,2,7,1,2.276,1,6,3,0
0,3,1,6,5,-0.993,2,-0.482,-0.764,0.076,7,3,3.0,4,-3.841,6,7,0,4,-2.512,0.0,3,0.0,7,6,1,7,4,4,4,3,5,5,-1.101,2,0,3,0
2,4,3,5,5,-0.353,4,-0.837,-0.679,-0.765,0,2,4.0,7,-1.264,1,4,1,1,0.944,0.0,6,0.0,2,2,1,5,5,2,2,2,2,6,-1.488,4,1,3,0
1,0,6,1,5,-0.749,4,0.277,-0.366,0.468,4,2,3.0,7,-0.459,7,0,6,6,-0.919,0.0,6,0.0,1,4,5,6,2,0,3,5,0,7,-0.015,4,3,4,0
2,0,0,0,4,0.603,6,0.709,1.789,0.587,1,6,2.0,1,1.644,7,2,4,0,3.992,0.0,7,0.0,2,4,1,6,3,5,5,4,1,4,2.763,1,2,2,0
3,7,6,7,5,-1.709,3,1.93,1.661,0.008,7,6,2.0,7,0.167,7,4,2,4,1.944,0.0,2,0.0,2,0,6,7,7,5,2,7,4,6,0.655,6,0,0,0
3,0,0,6,0,-0.029,6,-0.77,-0.291,-1.161,2,4,5.0,3,0.664,4,4,3,7,1.407,0.0,0,0.0,6,1,6,4,4,6,5,5,6,0,0.836,5,0,6,0
0,7,2,5,7,0.81,6,-2.631,-1.165,-1.536,3,4,5.0,6,-2.635,2,2,1,6,-0.182,0.0,3,0.0,4,6,2,3,2,6,6,7,1,4,-2.61,2,5,0,0
6,2,4,0,7,-0.159,5,0.527,-0.195,-0.6,5,3,3.0,7,-0.635,4,0,6,0,5.063,0.0,3,0.0,6,7,1,2,4,6,5,1,0,7,-0.118,1,4,2,0
1,4,7,2,4,-1.333,4,1.257,1.009,-0.262,6,0,2.0,2,0.08,2,6,6,5,0.798,0.0,2,0.0,0,4,3,2,7,2,3,4,6,7,0.598,3,6,1,0
6,2,6,5,0,-0.246,4,0.27,0.603,-0.686,3,7,2.0,4,0.471,1,5,3,2,1.839,0.0,4,0.0,1,0,6,5,0,3,2,0,5,6,-0.235,4,6,5,0
4,3,5,0,6,0.915,2,0.227,-0.751,0.686,1,2,2.0,7,0.312,1,6,3,1,-0.95,0.0,0,0.0,4,0,4,2,0,1,2,7,2,3,-0.105,3,1,0,0
3,3,7,7,3,-1.545,2,-0.582,-1.226,-1.423,3,0,3.0,1,0.71,5,5,1,3,-1.685,0.0,0,0.0,0,6,4,2,5,5,4,5,2,4,-1.761,6,7,4,0
7,4,1,0,6,-1.431,3,-0.466,-1.092,0.638,6,0,4.0,0,-2.385,0,7,1,2,-4.357,0.0,3,0.0,5,5,7,4,7,1,6,6,6,0,-0.997,3,1,4,0
5,4,6,4,2,-0.064,5,-0.908,-1.114,1.826,5,7,5.0,6,-1.039,0,5,6,2,1.583,0.0,6,0.0,0,6,3,3,0,4,5,2,5,5,-2.187,4,2,0,0
3,4,1,0,0,-0.39,5,1.0,0.221,1.078,2,7,2.0,0,0.402,0,7,7,4,-0.462,0.0,2,0.0,5,1,5,3,7,5,3,7,2,0,0.144,6,5,6,0
7,6,0,7,2,-0.689,4,0.506,-0.882,-0.95,0,1,4.0,6,-0.903,7,7,3,6,-4.156,0.0,3,0.0,4,4,1,7,4,0,2,7,5,6,-1.332,2,0,0,0
2,2,1,4,0,-2.038,4,-0.514,-0.296,0.121,2,0,3.0,3,2.103,4,5,4,3,2.295,0.0,5,0.0,6,2,3,5,2,7,1,1,4,0,0.63,7,1,1,0
3,6,6,7,0,-0.597,2,1.466,1.218,-1.817,5,0,1.0,1,-1.476,6,6,4,0,2.986,0.0,3,0.0,2,2,5,0,6,0,3,5,6,2,0.41,1,2,3,0
0,7,2,1,4,0.392,5,1.176,1.683,0.164,7,6,1.0,3,2.04,2,2,2,3,5.174,0.0,4,0.0,1,3,4,1,2,4,2,2,3,5,1.259,3,4,7,0
1,0,1,7,3,-0.336,4,0.173,0.566,0.377,7,2,4.0,6,-1.063,5,6,2,7,4.672,0.0,6,0.0,2,0,4,3,1,4,3,4,7,2,0.539,2,6,2,0
2,2,2,6,1,0.374,0,-0.24,-0.117,-1.192,2,3,4.0,2,1.869,4,2,2,3,-1.491,0.0,7,0.0,7,6,6,0,1,0,7,3,7,2,-1.125,4,5,7,0
3,4,3,7,4,-0.154,1,1.54,1.086,0.313,4,5,1.0,2,1.002,1,7,7,5,2.903,0.0,3,0.0,6,4,5,4,2,5,6,4,4,2,0.039,1,0,5,0
7,0,7,6,7,-0.623,5,0.906,0.775,1.11,5,5,2.0,2,-0.654,3,7,4,1,0.466,0.0,1,0.0,0,6,6,3,0,6,1,1,4,4,1.866,5,5,2,0
4,6,2,6,1,0.049,7,-1.186,-0.357,1.209,6,5,4.0,6,-1.926,0,4,2,2,3.969,0.0,5,0.0,4,6,7,6,0,2,2,3,3,3,-0.561,4,3,3,0
4,2,0,6,7,-0.661,6,0.022,-0.744,1.193,7,5,4.0,7,-1.14,3,1,1,5,-3.351,0.0,0,0.0,6,2,1,1,7,0,2,1,3,2,-1.768,6,0,1,0
0,6,4,5,4,-0.838,4,-0.671,-0.291,0.482,1,3,2.0,4,-1.157,4,1,0,7,-0.651,0.0,4,0.0,0,4,2,4,0,0,3,0,3,7,-1.444,5,7,7,0
4,2,3,6,7,0.896,4,0.245,1.283,-0.287,2,4,1.0,2,0.057,5,1,6,6,5.789,0.0,2,0.0,0,5,0,5,5,7,2,6,1,2,3.145,6,5,3,0
2,1,2,5,4,-0.974,6,0.342,-0.192,-0.302,4,0,5.0,4,-0.392,6,2,5,6,-1.128,0.0,5,0.0,2,2,4,1,0,7,4,0,4,2,-0.614,4,6,0,0
2,5,4,5,3,3.356,4,1.381,0.334,-0.71,5,6,2.0,6,-1.22,4,0,2,0,-0.283,0.0,0,0.0,6,7,7,7,0,3,6,3,6,5,1.372,0,0,6,0
7,4,0,0,4,-0.503,2,0.62,0.297,-0.106,0,2,3.0,4,-0.021,3,3,0,6,2.618,0.0,6,0.0,4,1,6,1,5,5,3,4,6,6,-1.199,5,5,2,0
7,7,3,5,1,0.973,7,0.121,0.339,0.161,6,1,2.0,1,0.957,3,2,5,2,0.207,0.0,2,0.0,7,6,3,0,4,6,3,5,1,7,-0.579,4,6,5,0
0,1,6,6,6,-1.261,0,0.625,0.832,0.686,4,6,2.0,5,0.421,4,4,6,3,2.782,0.0,4,0.0,7,3,7,2,3,4,0,7,2,4,1.412,1,7,1,0
7,5,4,5,5,-1.032,7,0.878,1.139,0.602,7,7,2.0,6,0.476,6,4,6,0,1.656,0.0,4,0.0,3,2,4,4,0,7,2,1,0,2,2.158,6,2,4,0
6,7,6,3,7,0.559,6,-1.534,-0.992,-0.112,1,5,3.0,7,-0.284,7,4,6,5,-1.339,0.0,6,0.0,0,3,4,7,0,7,4,4,3,1,-0.085,3,3,6,0
6,0,4,3,0,-0.305,6,1.112,0.929,-0.793,1,2,1.0,1,3.102,6,2,3,4,3.045,0.0,3,0.0,6,6,2,6,0,0,4,6,6,5,1.411,7,0,5,0
7,6,6,4,5,-1.164,7,-0.153,-1.319,0.548,3,4,5.0,0,-1.093,1,0,6,2,-0.956,0.0,1,0.0,5,7,0,5,1,3,3,1,1,2,-0.987,2,7,1,0
1,7,6,3,3,-0.604,0,1.393,1.772,-0.761,6,3,0.0,1,1.623,7,3,2,6,0.452,0.0,3,0.0,2,4,6,4,3,4,1,6,5,5,0.061,7,6,0,0
7,4,7,0,7,1.46,5,1.706,1.003,0.285,1,0,3.0,7,-0.153,3,7,7,2,-3.649,0.0,1,0.0,2,4,5,1,4,7,6,4,5,3,1.22,6,5,2,0
3,3,0,4,1,0.225,7,-1.897,-2.112,1.796,7,7,5.0,7,0.624,0,7,5,6,-2.153,0.0,1,0.0,3,3,4,0,4,2,6,4,4,0,-1.067,5,0,5,0
3,7,3,4,2,0.51,2,-0.854,-0.782,-0.714,6,7,4.0,4,-2.26,1,3,1,7,-2.847,0.0,1,0.0,5,5,0,3,3,7,1,5,1,0,0.057,6,4,7,0
7,4,4,1,4,-1.011,0,-0.327,-0.947,-0.229,6,7,5.0,4,1.553,6,1,5,4,3.919,0.0,1,0.0,5,3,1,7,6,1,6,3,2,7,0.478,4,4,2,0
2,7,7,5,5,-0.095,1,-0.638,-0.653,1.49,2,4,4.0,0,-0.255,0,2,7,4,-3.128,0.0,1,0.0,0,3,4,2,2,2,2,3,4,1,-2.936,0,4,3,0
2,1,2,1,7,-0.691,6,-0.502,-0.687,0.792,5,6,4.0,0,0.171,6,2,6,6,-3.106,0.0,4,0.0,6,7,7,1,5,5,5,0,5,0,-0.98,4,2,0,0
0,3,0,4,2,-0.125,7,0.658,1.083,-0.57,5,2,2.0,7,-1.039,5,6,5,6,-3.643,0.0,6,0.0,4,3,2,5,4,7,0,2,1,1,1.225,2,1,7,0
5,3,6,4,1,0.689,0,0.448,0.846,0.108,3,6,2.0,2,1.63,2,4,5,3,1.134,0.0,5,0.0,1,4,3,1,6,7,7,4,3,0,0.673,3,5,5,0
0,4,0,0,1,-1.073,6,0.118,0.915,-1.434,3,2,3.0,3,1.5,1,0,6,3,1.887,0.0,6,0.0,1,3,2,3,7,3,3,3,6,2,1.027,6,2,7,0
2,5,0,1,0,-0.109,0,-0.167,-0.879,0.713,3,5,4.0,5,-2.765,0,6,1,6,0.277,0.0,2,0.0,2,7,0,1,2,4,2,4,3,0,-0.28,3,5,6,0
3,6,5,7,1,-0.46,1,0.239,0.809,-0.682,1,2,3.0,0,2.742,7,5,4,4,-1.114,0.0,5,0.0,1,0,2,1,7,6,0,1,7,6,-0.32,3,6,4,0
3,0,0,4,4,0.337,4,-0.307,-0.538,1.328,7,0,4.0,0,-1.52,1,7,3,5,-0.065,0.0,6,0.0,1,0,6,2,4,6,6,6,0,0,-2.758,6,6,5,0
7,7,5,1,5,0.028,2,0.113,-0.17,1.099,6,3,2.0,4,0.493,5,7,0,5,-1.428,0.0,6,0.0,6,6,1,7,4,0,4,3,4,7,-0.127,0,7,3,0
0,7,4,0,1,-0.036,6,-0.357,-0.066,-1.066,2,0,2.0,7,0.191,4,3,1,5,-0.064,0.0,6,0.0,6,2,3,3,1,0,0,3,7,5,-1.127,7,7,1,0
0,1,0,1,0,0.278,5,0.568,0.444,0.519,6,7,1.0,4,0.796,1,3,0,2,-1.704,0.0,6,0.0,4,4,3,4,1,0,3,2,0,5,1.358,0,4,4,0
4,3,4,3,1,0.976,4,-1.748,-1.58,0.265,3,3,5.0,0,-2.935,2,2,1,6,-2.506,0.0,2,0.0,4,0,4,4,2,3,1,4,1,5,-0.879,1,0,5,0
2,4,6,7,7,2.01,4,-1.662,-2.181,-0.417,6,0,6.0,2,-0.724,5,1,6,7,-5.335,0.0,3,0.0,3,7,0,6,5,6,2,4,7,3,-1.108,1,0,4,0
0,2,6,2,0,0.921,5,-0.736,-0.112,1.505,3,2,3.0,4,2.041,7,7,0,6,0.602,0.0,7,0.0,2,2,0,6,2,0,3,4,7,2,0.454,3,6,6,0
2,0,0,1,4,-0.619,1,1.311,1.168,0.05,7,5,2.0,5,0.066,1,5,3,1,2.316,0.0,7,0.0,2,3,3,1,1,0,1,0,1,1,0.849,2,3,4,0
5,2,3,3,1,-0.571,7,-1.554,-1.728,1.938,3,3,5.0,6,-1.61,6,3,2,3,-3.16,0.0,0,0.0,1,0,4,5,0,0,3,7,3,3,-1.252,5,1,4,0
1,4,4,0,5,-1.3,3,-0.143,-0.624,0.545,4,4,4.0,3,-1.45,4,3,6,2,2.542,0.0,0,0.0,3,6,6,7,4,1,5,2,6,7,0.637,7,3,4,0
7,4,0,6,6,-1.0,5,0.357,-1.019,0.757,5,5,5.0,6,-1.536,4,4,5,0,0.114,0.0,6,0.0,1,7,4,4,2,5,3,7,7,2,-0.444,0,5,0,0
6,1,0,0,5,0.302,0,0.19,0.43,-0.846,0,2,2.0,7,0.401,0,1,5,6,-0.874,0.0,6,0.0,1,4,3,0,0,7,5,4,2,6,0.656,0,0,2,0
3,4,6,6,1,0.001,7,0.661,0.286,-0.564,1,6,3.0,3,-0.908,4,2,2,2,-0.254,0.0,0,0.0,2,4,7,2,3,3,6,7,3,6,-1.233,7,6,5,0
0,5,3,1,4,-0.109,0,0.604,-0.042,-0.992,0,6,4.0,1,-1.477,5,3,0,6,5.751,0.0,0,0.0,5,2,3,1,5,2,2,7,2,6,-0.311,2,5,6,0
4,7,6,2,6,0.128,7,0.623,-0.03,0.059,2,2,4.0,7,0.702,3,6,4,1,0.729,0.0,2,0.0,4,1,3,3,0,0,3,0,5,6,-1.708,5,5,4,0
5,0,2,1,0,1.284,7,0.155,0.01,-1.057,2,0,2.0,2,0.351,7,2,5,3,1.62,0.0,0,0.0,6,6,2,3,4,7,0,6,7,3,-0.609,4,7,5,0
7,1,5,7,5,1.137,2,1.355,0.593,-0.671,0,7,2.0,0,2.522,0,0,7,4,0.427,0.0,5,0.0,7,0,7,6,2,2,1,4,1,2,1.546,0,7,2,0
5,5,6,1,1,-0.176,5,-1.385,-1.654,-1.035,5,6,6.0,4,0.232,1,0,5,6,-3.017,0.0,7,0.0,6,6,0,3,0,1,4,4,1,2,-1.355,4,0,4,0
1,2,1,2,7,-0.223,2,0.695,1.261,-0.721,1,2,2.0,1,4.097,0,5,6,5,0.885,0.0,3,0.0,3,3,7,4,0,0,6,2,2,7,-1.224,5,6,5,0
0,7,1,7,2,-0.079,4,-0.25,-0.13,0.959,6,6,4.0,2,-1.411,4,6,1,5,1.979,0.0,5,0.0,6,4,5,6,7,6,3,3,0,3,-0.78,4,2,1,0
5,2,5,0,2,0.753,3,0.527,0.078,0.147,6,6,3.0,6,3.0,6,4,3,1,2.986,0.0,4,0.0,3,0,1,2,1,1,5,0,3,7,-0.675,1,0,0,0
5,3,7,7,6,0.712,7,0.106,-0.244,-0.163,5,2,4.0,3,1.819,2,1,3,3,0.301,0.0,5,0.0,0,5,0,7,6,1,5,4,0,4,-2.301,7,3,1,0
2,5,5,5,2,-1.22,7,-1.275,-1.088,-0.731,4,2,5.0,5,-0.925,2,2,7,2,0.395,0.0,6,0.0,4,0,7,1,5,2,5,5,6,5,-0.442,6,7,7,0
5,3,3,6,3,3.307,0,-0.735,-0.597,-1.778,1,2,4.0,3,-1.864,7,4,5,1,-3.022,0.0,4,0.0,4,0,5,6,2,1,5,6,5,2,-0.388,0,2,3,0
7,0,7,5,7,1.265,6,-1.885,-0.856,0.301,3,2,5.0,1,-1.532,0,5,5,2,-1.126,0.0,4,0.0,2,5,2,0,3,1,6,0,7,1,-3.332,5,6,7,0
5,1,0,7,0,0.508,0,-1.436,-0.786,0.511,3,7,4.0,7,-0.711,3,3,3,6,-2.612,0.0,3,0.0,4,7,6,1,6,5,5,4,3,2,-0.632,6,3,6,0
3,6,3,4,1,-1.4,4,2.779,1.892,-0.749,4,2,0.0,2,0.013,5,4,7,7,0.915,0.0,7,0.0,5,6,5,2,4,5,4,5,3,7,3.256,4,5,3,0
0,1,2,3,2,-0.969,6,1.865,1.824,1.841,7,3,1.0,0,2.78,7,1,6,0,4.499,0.0,5,0.0,7,0,4,0,6,7,7,7,2,4,2.972,4,0,5,0
7,0,3,4,7,-0.618,3,-0.532,-0.063,-2.596,5,7,2.0,6,-0.301,2,7,2,3,1.148,0.0,2,0.0,7,6,0,1,7,5,6,5,4,0,-1.614,2,2,7,0
6,1,4,4,4,-1.299,5,0.158,0.43,-0.084,7,1,3.0,6,-1.24,5,5,1,1,-3.043,0.0,5,0.0,3,2,6,7,4,2,6,2,7,5,2.37,5,7,4,0
1,0,5,3,2,0.202,7,0.425,-0.023,0.336,3,6,3.0,6,-1.198,6,4,1,6,-0.276,0.0,4,0.0,4,7,6,1,1,6,0,5,4,4,-0.303,4,6,7,0
6,2,2,5,0,2.17,0,0.635,0.065,0.397,5,4,3.0,6,-2.229,4,4,4,0,1.234,0.0,0,0.0,5,7,1,0,7,4,0,4,5,6,-0.38,7,1,1,0
0,2,7,0,2,0.77,1,1.214,1.883,0.089,2,3,1.0,4,2.096,3,4,3,6,0.078,0.0,5,0.0,1,1,4,1,4,4,7,3,4,1,-0.444,2,1,3,0
0,4,0,7,5,0.05,3,-2.718,-1.895,0.21,1,7,4.0,1,-4.285,3,1,4,2,-1.666,0.0,1,0.0,5,5,6,1,7,3,0,2,3,2,-1.7,6,4,3,0
6,5,0,4,7,-0.068,4,-0.466,-0.711,-0.066,4,2,5.0,4,-0.446,2,2,4,7,5.049,0.0,4,0.0,3,3,6,0,1,6,4,5,6,4,-0.498,4,5,0,0
6,6,6,4,1,-0.197,2,1.085,1.315,0.889,5,6,1.0,7,0.885,2,0,2,7,-2.724,0.0,7,0.0,1,4,1,6,4,4,3,2,3,3,0.879,0,3,6,0
3,2,3,6,5,-0.553,5,-0.416,-0.191,0.124,0,1,4.0,2,-0.163,6,4,0,7,1.477,0.0,0,0.0,2,6,3,6,0,1,6,3,3,5,-0.037,1,7,5,0
7,1,0,4,5,-0.593,0,0.56,1.18,-0.501,2,1,4.0,3,1.946,6,1,5,7,3.386,0.0,6,0.0,7,5,3,7,5,3,0,0,1,2,0.928,2,0,4,0
3,1,0,7,3,-0.141,3,-0.663,-0.853,0.372,0,1,5.0,6,2.59,4,5,5,0,-1.736,0.0,4,0.0,4,1,7,1,7,5,7,2,1,4,-0.009,6,1,4,0
3,0,7,1,4,-0.669,0,0.021,-0.193,-0.272,0,4,2.0,5,2.19,2,5,4,4,-1.563,0.0,2,0.0,4,5,5,6,4,5,4,1,3,5,-0.234,2,3,4,0
4,1,6,7,6,1.377,2,-0.533,-0.059,0.219,3,4,3.0,0,-0.382,0,3,3,7,1.122,0.0,3,0.0,6,2,5,7,5,4,7,7,7,1,0.31,4,6,6,0
5,6,5,7,0,-0.585,6,0.705,0.789,-0.213,5,6,2.0,7,1.599,2,3,7,3,-1.806,0.0,3,0.0,4,7,7,0,7,3,6,2,5,6,0.237,1,1,3,0
4,6,0,1,2,-0.766,5,0.438,0.106,-0.275,7,6,4.0,6,-3.851,0,5,1,7,1.324,0.0,1,0.0,2,3,2,5,7,6,6,3,5,4,-0.022,7,5,1,0
3,4,4,5,4,0.567,6,1.153,0.492,-0.834,4,7,3.0,5,0.91,4,5,4,4,-1.043,0.0,5,0.0,4,0,4,6,1,1,4,2,1,2,1.495,2,4,1,0
3,4,1,0,1,0.527,3,0.674,1.255,-0.486,3,6,2.0,2,-0.666,6,6,5,4,-4.196,0.0,6,0.0,0,0,7,3,5,4,4,1,5,6,1.107,4,4,1,0
1,4,2,6,7,1.936,4,-1.159,-1.172,0.455,1,4,3.0,6,0.095,4,3,7,6,-2.549,0.0,3,0.0,4,6,5,1,0,4,3,2,5,7,-1.234,6,7,4,0
2,2,3,6,7,0.852,6,-0.463,-0.559,-1.904,5,6,3.0,7,1.339,6,4,2,2,-3.475,0.0,4,0.0,5,3,4,5,0,7,5,7,1,7,0.505,0,2,2,0
4,7,3,6,2,0.405,1,-1.158,0.006,1.957,5,2,3.0,5,0.072,7,1,6,6,-1.079,0.0,6,0.0,6,6,3,3,6,5,4,0,0,6,-0.654,5,0,1,0
3,6,3,6,5,0.667,5,-1.754,-1.927,0.023,5,3,5.0,3,-2.912,1,4,5,2,-1.185,0.0,5,0.0,4,2,1,5,6,2,0,7,3,1,-3.8,5,5,2,0
6,2,3,6,0,-0.743,2,1.545,0.716,-2.346,6,3,3.0,1,-2.39,1,6,1,1,1.531,0.0,0,0.0,4,3,0,5,5,6,3,5,4,4,-0.214,0,2,7,0
6,6,4,2,1,-1.136,2,-0.752,-0.54,-1.061,1,6,4.0,6,-0.493,7,3,1,2,3.159,0.0,0,0.0,6,7,0,2,7,1,4,2,6,5,0.637,2,5,3,0
6,5,3,4,7,-0.499,7,-1.9,-2.473,1.659,7,7,8.0,2,-5.947,2,7,1,7,-1.315,0.0,5,596.78,0,6,7,4,1,0,4,3,1,6,-1.523,5,6,7,1
0,2,2,3,2,-0.808,7,-0.791,-0.413,-0.155,5,4,5.0,6,-1.406,6,3,5,6,2.6,0.0,5,0.0,5,1,2,5,4,6,4,6,3,3,-0.078,6,7,5,0
4,0,6,5,5,0.3,7,-0.541,0.014,-1.421,3,0,3.0,6,0.498,5,5,1,3,-1.486,0.0,2,0.0,1,5,5,4,3,0,0,2,7,5,0.168,6,6,6,0
2,1,7,0,2,0.825,4,-0.968,-0.958,-0.242,3,0,5.0,1,-3.159,5,7,3,2,1.862,0.0,4,0.0,5,6,6,1,6,5,6,0,7,6,-1.032,7,3,0,0
3,1,3,2,3,-0.683,0,0.984,0.334,-0.279,7,1,3.0,3,3.098,3,2,3,1,1.614,0.0,4,0.0,3,6,7,4,5,4,4,4,6,5,-2.012,7,2,4,0
4,7,5,7,0,0.099,4,0.135,-0.134,-0.342,5,3,3.0,3,0.2,6,3,1,1,-0.997,0.0,1,0.0,6,2,6,7,0,3,7,3,5,6,0.125,2,4,6,0
0,4,3,4,6,-0.502,0,0.789,1.039,-0.205,0,1,2.0,1,1.626,0,4,6,7,-1.201,0.0,1,0.0,7,0,3,5,1,6,1,3,4,1,2.086,4,3,4,0
2,3,3,1,7,-0.162,1,-1.558,-1.22,0.134,0,5,2.0,3,-1.76,0,5,4,3,-2.857,0.0,3,0.0,4,2,0,4,2,4,4,4,2,4,0.179,4,0,2,0
4,7,5,0,2,-0.665,0,-0.478,-0.187,0.144,5,5,5.0,7,0.709,6,4,0,4,-1.637,0.0,7,0.0,1,3,5,3,5,1,0,4,4,7,0.022,1,7,2,0
2,1,5,1,3,0.681,0,-0.5,-0.506,-1.922,2,5,4.0,2,-3.119,5,2,3,3,-2.396,0.0,0,0.0,5,4,4,1,7,3,5,6,4,0,-0.155,7,3,6,0
5,4,6,2,3,-0.817,5,0.316,1.239,0.082,0,5,3.0,4,2.214,6,2,2,2,1.704,0.0,1,0.0,4,7,2,3,4,2,5,5,4,0,4.66,7,2,7,0
4,3,5,0,6,-0.429,7,-0.3,-0.532,1.194,4,7,2.0,1,-3.075,6,1,7,4,-0.752,0.0,6,0.0,2,1,3,4,3,3,6,2,0,7,0.41,3,0,1,0
4,2,0,6,5,1.655,6,-2.062,-1.669,-0.002,0,6,5.0,1,-1.14,5,4,3,2,-6.378,0.0,0,0.0,5,3,1,4,7,1,7,3,7,3,-0.738,0,6,5,0
5,4,0,4,4,0.423,4,1.2,0.878,0.124,7,6,3.0,1,-1.195,0,7,2,3,6.425,0.0,2,0.0,3,6,6,7,1,3,0,6,2,4,-0.323,2,3,1,0
7,1,7,1,7,-1.022,5,-1.89,-1.547,2.012,5,2,6.0,6,-3.291,0,5,7,6,-2.68,0.0,5,0.0,3,1,6,0,4,3,0,1,2,2,-2.625,2,0,2,0
1,1,0,1,0,-0.419,7,-1.66,-1.157,0.336,3,4,5.0,4,0.73,6,2,4,5,-1.926,0.0,4,0.0,1,0,5,1,5,4,7,1,1,7,-2.553,3,7,2,0
6,7,2,1,1,-1.33,6,0.851,0.262,0.163,7,5,3.0,6,-0.13,2,4,4,2,-2.218,0.0,0,0.0,0,1,7,3,1,4,5,3,2,6,-0.13,4,3,0,0
4,3,5,2,6,-0.702,2,-2.664,-1.238,0.985,0,7,4.0,1,-0.689,3,1,3,2,-6.111,0.0,2,0.0,6,5,0,2,5,2,7,6,2,7,-1.744,3,4,7,0
2,6,2,3,1,2.064,1,-0.717,-0.231,0.651,3,6,3.0,6,-0.071,4,5,6,7,-1.2,0.0,4,0.0,2,7,4,1,3,1,1,3,2,5,-0.491,5,1,4,0
0,1,1,6,3,-0.426,7,0.308,-0.785,0.02,7,3,3.0,2,-1.715,4,5,6,7,-1.447,0.0,5,0.0,1,0,1,6,2,1,4,1,2,7,-0.425,1,0,0,0
2,2,5,1,4,0.041,5,-0.028,0.169,0.74,2,1,2.0,6,1.007,7,5,2,7,2.691,0.0,2,0.0,1,1,7,2,0,0,1,1,4,0,-0.132,4,6,7,0
6,5,2,3,6,-0.465,0,-0.154,0.881,0.291,3,7,1.0,6,0.597,4,4,2,6,3.94,0.0,3,0.0,2,1,6,4,6,1,6,5,7,0,0.51,3,0,3,0
5,3,1,0,7,-1.448,4,-2.818,-2.462,-0.563,2,3,6.0,5,-2.419,1,5,0,5,-0.411,0.0,6,0.0,6,4,5,1,3,5,4,6,1,6,-1.819,5,1,5,0
6,7,0,2,7,-1.134,0,1.616,0.617,-0.526,3,7,2.0,2,2.256,7,4,1,7,1.825,0.0,3,0.0,0,4,3,4,0,1,5,1,4,2,1.137,3,2,1,0
1,2,5,2,2,0.686,7,0.057,-0.213,0.343,6,1,5.0,1,0.556,4,2,4,6,-2.884,0.0,1,0.0,3,0,5,0,4,4,4,3,3,7,-0.51,4,7,5,0
3,7,5,4,5,0.662,4,0.083,0.291,0.656,7,0,4.0,5,-1.042,3,4,7,2,-2.793,0.0,3,0.0,3,2,3,6,1,4,4,4,2,1,1.944,4,4,7,0
2,6,3,4,6,-0.559,7,0.381,0.372,0.052,3,7,3.0,6,-0.71,2,2,6,4,-0.092,0.0,3,0.0,3,4,3,6,1,3,2,6,3,5,0.775,5,5,5,0
4,3,5,1,7,0.273,6,-1.843,-2.109,-0.208,4,5,6.0,7,-4.812,7,1,7,4,2.531,0.0,2,0.0,6,1,3,1,4,0,4,4,7,4,-2.913,4,2,2,0
4,3,5,5,4,0.533,0,-1.28,-1.762,-0.079,7,7,6.0,0,-2.378,5,1,4,4,-1.758,0.0,0,0.0,2,4,0,4,4,1,1,5,4,1,-2.122,1,1,4,0
4,1,0,1,6,0.663,7,-0.266,-0.302,-0.705,6,4,4.0,3,-2.52,6,3,0,0,1.096,0.0,5,0.0,1,4,7,1,2,3,7,2,6,7,0.527,2,6,5,0
0,5,2,2,5,1.351,3,-0.061,1.05,1.391,7,6,3.0,2,-2.903,0,5,3,0,-2.09,0.0,5,0.0,7,2,3,2,7,7,1,5,1,5,0.298,2,3,2,0
2,4,4,1,1,1.443,3,1.682,1.605,-0.138,0,1,1.0,5,0.87,4,7,1,5,2.693,0.0,3,0.0,1,4,3,6,5,6,2,4,6,6,1.626,2,2,4,0
7,1,5,1,5,-0.742,2,0.206,0.124,0.881,3,4,4.0,5,2.345,5,0,5,3,-2.612,0.0,1,0.0,2,6,4,3,7,7,7,1,3,1,-0.738,0,6,2,0
1,4,4,4,5,0.005,4,0.358,0.018,0.921,6,4,4.0,6,-0.12,3,2,4,3,0.811,0.0,6,0.0,1,4,4,3,4,5,1,6,1,1,0.036,1,1,1,0
4,6,6,7,3,0.941,1,2.041,1.765,0.915,5,3,1.0,6,3.062,3,7,4,3,1.427,0.0,3,0.0,7,2,2,0,3,5,4,2,6,5,1.188,1,7,4,0
6,2,7,4,7,0.655,5,-0.406,-0.216,0.707,7,7,4.0,6,-0.747,2,0,4,6,-0.131,0.0,1,0.0,4,3,3,1,0,7,3,6,2,2,-2.005,0,0,7,0
2,5,0,3,2,-2.496,6,-1.448,-1.351,1.831,6,4,4.0,7,0.07,5,4,3,5,0.889,0.0,1,0.0,3,7,5,1,5,4,1,7,1,5,-1.242,5,6,3,0
2,4,3,6,6,1.076,1,-0.068,-0.618,2.189,6,2,4.0,6,-0.953,7,4,4,4,0.319,0.0,7,0.0,5,2,7,3,7,0,1,4,3,3,-1.834,3,6,6,0
1,4,5,1,3,0.98,1,0.016,0.359,-0.301,5,1,3.0,0,0.489,0,0,0,2,-0.641,0.0,2,0.0,7,1,6,7,5,6,2,5,0,1,1.462,5,4,0,0
1,1,1,2,1,-0.637,1,-1.736,-1.273,-1.254,3,4,5.0,6,-3.149,1,0,6,4,-1.108,0.0,7,0.0,5,2,6,4,2,1,1,6,1,6,-1.828,0,6,6,0
1,4,5,1,2,-0.613,0,1.657,2.567,-1.37,2,5,0.0,6,2.07,7,4,7,1,6.976,0.0,3,0.0,4,7,1,1,6,4,0,4,0,5,1.772,3,5,5,0
2,7,3,4,2,-2.287,2,0.462,0.21,1.325,6,7,3.0,7,-0.299,6,0,7,1,-0.437,0.0,1,0.0,5,3,0,6,2,7,7,0,4,0,0.189,3,4,7,0
4,4,1,3,2,-1.068,5,0.412,0.519,-1.526,7,3,3.0,2,-2.035,2,3,5,4,0.251,0.0,5,0.0,0,5,4,7,1,1,4,5,0,0,1.256,3,7,1,0
3,0,3,1,7,-0.828,4,1.554,2.392,-1.233,3,3,1.0,0,1.096,4,4,2,2,6.228,0.0,1,0.0,2,1,6,4,1,5,1,5,1,2,0.315,5,0,5,0
2,1,2,6,6,-1.003,0,0.85,0.656,-0.62,7,7,2.0,5,0.634,3,7,7,6,2.291,0.0,3,0.0,7,3,4,1,1,3,0,3,7,2,2.811,4,5,7,0
5,3,7,0,2,0.044,4,-0.51,-0.256,0.12,5,7,4.0,5,-0.26,6,2,7,3,1.836,0.0,3,0.0,4,0,0,5,4,4,5,1,4,3,-0.811,1,0,5,0
5,7,0,7,1,0.945,2,-0.651,0.093,-0.116,2,1,3.0,4,1.652,2,5,0,4,-4.918,0.0,5,0.0,5,4,6,1,7,5,7,1,6,4,0.055,3,0,0,0
7,4,0,0,4,-0.338,4,0.843,0.557,0.113,0,2,2.0,3,-0.439,4,3,4,4,-1.417,0.0,4,0.0,5,0,1,7,5,0,6,4,2,1,-0.344,3,3,6,0
7,7,3,0,2,0.014,4,-0.873,-0.12,0.917,1,7,4.0,7,1.097,7,6,1,6,-3.029,0.0,7,0.0,7,4,0,4,5,5,7,3,7,0,-1.827,0,7,2,0
1,4,3,6,4,-1.674,5,-1.095,-0.786,0.712,5,6,3.0,2,0.074,4,5,1,1,-1.1,0.0,2,0.0,2,4,6,2,0,7,3,6,1,1,1.543,6,7,4,0
3,0,2,7,5,-0.635,0,0.097,-0.343,-0.746,7,7,4.0,5,-0.536,1,2,4,1,-2.662,0.0,7,0.0,5,1,1,3,3,1,0,2,1,4,-2.26,1,4,0,0
2,1,1,7,2,0.28,0,1.975,0.961,-0.627,6,3,3.0,5,-0.221,2,7,6,4,-0.479,0.0,3,0.0,6,6,0,0,4,6,2,7,3,1,2.453,3,6,1,0
1,1,7,6,0,-0.224,1,0.039,0.194,0.33,1,7,4.0,1,0.497,6,6,0,2,-0.53,0.0,5,0.0,6,0,3,1,4,0,6,7,1,5,-0.557,3,6,6,0
5,2,0,4,0,-0.304,1,0.611,-0.431,0.373,0,7,3.0,6,0.669,5,3,3,5,1.026,0.0,3,0.0,4,5,3,5,3,7,1,6,0,0,0.548,7,7,7,0
1,6,6,1,3,-0.48,1,-0.088,-0.299,-0.436,2,7,5.0,3,0.388,4,5,4,7,0.145,0.0,3,0.0,1,0,0,0,7,4,4,5,5,1,0.389,3,1,7,0
0,1,4,2,0,-0.359,7,0.446,0.905,-1.948,4,4,3.0,4,0.123,4,0,6,3,4.208,0.0,3,0.0,4,7,1,7,1,5,4,0,4,7,0.718,5,7,4,0
1,4,2,7,5,-0.251,3,1.386,1.375,-0.883,4,4,1.0,3,0.065,1,4,5,1,1.231,0.0,4,0.0,7,7,5,6,7,3,6,4,6,5,1.83,4,5,4,0
0,3,0,4,0,0.931,2,-1.666,-1.299,-0.135,6,0,7.0,3,0.945,3,6,0,4,-3.195,0.0,1,0.0,5,0,6,0,0,6,7,6,3,4,-2.686,6,6,5,1
4,3,7,7,2,0.614,4,-0.247,0.523,0.286,3,4,4.0,0,-1.447,5,2,0,4,0.887,0.0,0,0.0,5,6,5,2,6,2,6,1,2,2,1.676,7,2,0,0
1,4,0,4,0,0.885,1,0.832,1.196,-0.487,3,0,1.0,2,-0.938,2,4,2,5,0.819,0.0,6,0.0,0,5,0,6,5,2,0,6,4,5,2.529,4,0,0,0
1,0,3,4,5,2.379,6,0.336,1.152,-1.233,2,4,2.0,7,4.157,4,0,1,2,4.552,0.0,4,0.0,0,7,6,4,0,5,4,4,2,1,0.147,6,3,7,0
2,4,7,6,7,-1.24,4,-1.563,-1.716,-1.146,3,5,4.0,2,-0.939,0,5,3,1,-1.618,0.0,2,0.0,3,7,2,3,0,4,3,0,5,6,1.172,7,0,0,0
4,5,6,5,0,-1.438,3,1.037,1.303,1.003,2,0,-0.0,5,1.4,1,2,7,2,0.247,0.0,1,0.0,1,2,2,4,7,7,5,5,3,3,1.298,5,2,5,0
6,3,5,4,5,-0.837,2,1.308,1.031,0.021,5,4,2.0,1,-0.592,2,2,0,5,1.312,0.0,6,0.0,0,5,3,2,3,3,1,7,7,5,-0.367,2,4,0,0
7,2,2,6,6,0.233,4,-0.967,-1.451,-0.583,6,2,5.0,1,0.159,4,7,3,0,0.476,0.0,6,0.0,2,0,0,2,2,0,5,3,3,3,-2.817,3,3,2,0
3,5,0,2,0,-0.366,1,-0.093,-0.11,-0.925,7,3,2.0,3,-1.115,0,3,0,6,-0.535,0.0,4,0.0,6,7,5,0,1,4,2,3,4,0,1.238,0,1,4,0
3,3,5,6,2,0.701,6,-0.769,-0.812,0.801,4,5,3.0,1,2.453,7,2,7,0,1.248,0.0,4,0.0,5,7,1,6,1,3,6,5,2,3,0.601,0,0,6,0
3,7,1,1,3,0.675,0,-0.379,-0.138,0.159,1,6,4.0,3,-2.813,4,2,1,7,0.101,0.0,3,0.0,6,4,6,0,1,3,0,4,1,7,1.077,1,1,6,0
5,4,6,0,0,-1.575,5,-1.35,-0.815,0.984,2,1,4.0,3,-1.522,6,7,1,6,-3.021,0.0,7,0.0,6,0,1,5,7,2,7,2,3,4,-1.666,3,3,0,0
3,3,3,6,5,0.232,5,0.658,0.235,0.903,7,3,3.0,2,1.922,5,2,4,1,4.023,0.0,2,0.0,0,3,1,3,1,6,4,1,7,7,-1.219,7,2,5,0
7,4,1,6,0,0.555,2,-0.695,0.004,-0.775,3,0,3.0,1,0.229,4,3,2,0,2.908,0.0,0,0.0,3,4,6,7,4,2,1,1,0,6,-1.254,4,7,5,0
7,7,3,1,6,0.689,0,-0.143,-0.075,-0.648,5,2,4.0,0,1.118,5,4,1,6,0.373,0.0,3,0.0,3,1,7,6,7,5,0,6,5,1,-0.178,0,6,1,0
2,6,0,4,1,-1.011,0,-0.851,-1.311,0.099,4,2,5.0,6,-3.158,7,6,0,3,-1.26,0.0,0,0.0,2,1,3,3,1,3,5,2,5,5,-0.763,1,7,7,0
5,1,0,7,3,0.551,1,0.159,-0.744,-1.547,3,4,3.0,2,-1.705,6,3,7,6,1.224,0.0,0,0.0,0,4,1,3,6,4,4,0,4,1,-0.272,6,3,4,0
7,6,7,3,4,-0.707,4,-0.555,-0.033,0.385,0,5,4.0,5,3.527,2,2,1,6,5.209,0.0,4,0.0,3,3,0,0,1,5,0,4,6,6,-1.012,7,0,0,0
2,3,2,2,1,-0.549,0,-0.102,0.587,-0.004,6,2,5.0,0,0.447,3,2,7,4,1.957,0.0,7,0.0,4,4,4,2,6,7,5,7,4,0,-0.748,4,7,0,0
2,5,4,5,3,-1.42,2,0.146,-1.096,-0.535,5,1,4.0,7,-0.502,7,0,0,6,-1.748,0.0,6,0.0,0,4,4,3,2,0,3,6,4,1,-1.274,2,7,5,0
0,4,3,7,5,-0.671,4,1.393,0.826,-2.498,6,4,1.0,1,0.226,3,7,4,6,4.898,0.0,2,0.0,1,2,6,4,6,6,7,6,6,6,3.058,7,4,4,0
5,4,1,4,1,-0.407,6,-1.601,-1.069,0.464,0,4,4.0,1,1.237,0,3,2,0,-3.613,0.0,6,0.0,7,5,7,1,0,3,6,0,5,5,-0.844,7,1,3,0
6,1,5,3,7,-0.734,3,-1.97,-1.76,2.241,7,1,7.0,0,0.687,3,4,1,7,1.562,0.0,0,459.95,5,2,5,2,3,6,5,5,4,1,-2.447,7,0,1,1
1,1,3,3,0,-0.703,2,0.997,0.58,0.364,6,5,2.0,0,2.273,6,0,0,6,2.564,0.0,3,0.0,6,2,7,7,4,4,2,4,7,0,0.938,0,1,1,0
6,1,7,2,7,-0.749,7,-0.37,-0.985,-0.555,5,1,4.0,6,0.154,6,2,2,5,2.473,0.0,6,0.0,2,3,1,0,4,7,5,0,0,2,-1.622,5,2,0,0
1,5,3,5,3,-1.769,6,0.278,-0.125,-0.305,5,5,4.0,0,1.26,7,5,4,2,0.63,0.0,5,0.0,0,6,3,3,5,1,2,1,2,4,0.908,3,4,5,0
6,4,0,3,1,0.028,1,0.779,0.373,-1.082,0,6,2.0,2,0.392,7,5,5,4,-1.772,0.0,2,0.0,1,1,3,5,4,0,2,5,7,7,0.513,7,4,2,0
2,1,7,1,1,2.245,0,1.2,0.661,-0.272,7,4,3.0,5,2.237,3,2,5,5,0.919,0.0,6,0.0,2,3,1,5,6,3,1,0,3,7,1.023,0,0,7,0
7,6,5,3,5,-1.827,6,-0.132,-0.597,-0.051,4,6,6.0,0,0.617,7,4,2,2,-0.381,0.0,4,0.0,3,5,5,1,6,7,2,6,1,6,-2.306,7,6,6,0
7,5,3,0,6,-0.209,7,-1.853,-0.682,-1.026,0,0,3.0,5,-0.009,2,0,1,7,3.578,0.0,1,0.0,6,6,0,2,7,3,5,4,3,6,-2.204,3,6,0,0
2,0,0,4,2,-0.128,0,0.124,0.234,0.312,5,4,2.0,5,-0.343,7,1,2,4,0.953,0.0,0,0.0,4,2,2,6,3,3,4,4,7,0,1.001,5,1,4,0
2,6,3,4,4,-0.249,1,0.117,-0.072,-0.876,5,1,3.0,2,-2.93,2,2,7,0,0.833,0.0,3,0.0,5,4,1,7,0,4,2,1,6,5,1.139,3,7,2,0
4,5,1,7,4,-0.41,5,0.186,-0.429,-0.337,1,1,4.0,2,-1.017,1,5,1,5,0.822,0.0,2,0.0,2,7,7,2,3,5,7,7,6,3,0.071,1,2,3,0
2,6,7,3,2,-0.523,6,-1.112,-1.218,2.294,1,5,7.0,5,-1.241,0,1,2,7,-2.585,58.33,4,271.95,3,5,4,2,2,0,4,7,5,6,-2.593,2,3,6,1
0,7,3,2,6,-0.625,4,-0.932,-0.722,-1.154,2,5,5.0,7,-0.176,4,0,6,0,1.843,0.0,2,0.0,2,0,7,7,5,0,3,7,4,4,0.136,0,5,7,0
7,3,3,0,2,0.966,3,-1.404,-2.049,-1.11,1,2,3.0,5,-0.864,7,7,4,0,-4.036,0.0,3,0.0,2,0,3,7,6,6,0,7,6,2,-2.107,0,4,5,0
4,4,1,2,0,0.354,1,-1.996,-1.229,-0.069,7,6,5.0,2,-1.943,3,1,1,4,-3.773,0.0,2,0.0,6,0,3,3,4,1,5,6,6,1,0.62,1,5,3,0
0,3,5,2,6,0.618,7,-0.352,-0.318,-0.26,3,1,4.0,2,-2.787,6,0,6,4,4.268,0.0,3,0.0,2,7,2,2,2,7,5,3,1,2,1.46,4,4,3,0
0,4,7,0,3,0.036,4,0.077,-0.046,-0.245,7,4,4.0,6,-1.992,7,3,0,2,1.453,0.0,3,0.0,7,0,0,7,0,1,5,4,2,6,-0.788,7,7,2,0
5,2,0,1,2,-0.489,1,-1.758,-2.354,-0.959,4,6,6.0,7,-1.578,0,0,5,7,-4.545,0.0,3,0.0,6,7,5,7,0,5,6,7,0,2,-0.904,0,7,0,0
2,3,5,0,2,-0.713,4,1.414,0.465,-0.816,7,7,2.0,6,-0.429,4,3,0,5,-0.799,0.0,7,0.0,4,3,4,1,3,0,7,2,7,6,2.055,4,3,6,0
7,5,6,3,3,0.148,0,-0.827,-0.381,-0.034,0,4,4.0,5,-4.872,7,7,6,2,-2.296,0.0,6,0.0,0,3,5,0,1,5,7,1,5,7,-2.285,7,1,6,0
1,2,2,6,1,-0.492,5,0.692,0.382,0.537,6,3,2.0,4,3.843,6,4,0,0,0.324,0.0,1,0.0,6,7,3,0,7,4,3,1,2,7,1.51,5,1,4,0
1,2,0,7,0,0.802,7,2.56,1.352,0.16,2,0,1.0,7,2.959,1,4,5,4,-3.011,0.0,2,0.0,3,0,4,2,0,2,3,4,6,3,2.157,5,3,2,0
5,4,5,6,4,-1.923,6,1.047,0.708,0.592,6,4,3.0,3,-0.254,5,6,6,7,-1.045,0.0,7,0.0,3,5,0,6,3,2,3,1,0,1,1.609,7,4,7,0
6,5,1,3,4,-2.199,2,-0.787,-0.987,1.095,6,4,5.0,1,-0.316,1,4,0,7,-0.239,0.0,5,0.0,1,7,6,5,7,3,6,7,4,0,-2.24,1,3,1,0
7,3,1,0,5,-0.447,0,-0.98,-0.409,0.096,0,2,3.0,5,0.423,6,7,6,3,1.453,0.0,2,0.0,1,2,7,0,5,0,7,2,7,1,0.583,5,5,2,0
7,5,7,4,6,-1.148,1,-1.264,-1.595,-1.01,1,4,4.0,5,-2.856,4,6,6,2,-4.284,0.0,5,0.0,3,4,3,3,4,5,1,6,2,2,-2.323,2,4,0,0
7,3,5,7,5,0.573,5,1.172,1.286,0.194,2,3,2.0,6,2.297,2,3,1,0,3.696,0.0,1,0.0,1,7,1,7,6,3,6,6,3,3,2.021,6,6,7,0
3,3,6,6,0,-0.585,5,-1.595,-2.896,-0.344,3,6,6.0,2,-0.927,0,2,5,7,3.632,0.0,0,0.0,1,5,4,2,0,6,0,6,4,3,-4.392,6,3,4,0
4,7,4,7,2,-0.783,0,-0.829,-0.754,-1.512,7,7,5.0,2,-0.759,6,4,7,1,-0.996,0.0,3,0.0,4,1,4,1,6,5,5,3,3,3,-0.385,6,1,3,0
5,5,2,0,6,0.789,4,-0.093,0.127,-0.162,2,2,3.0,3,0.278,3,0,1,2,0.723,0.0,2,0.0,7,1,5,7,0,0,1,1,4,6,-0.493,4,4,0,0
3,6,6,2,3,0.533,7,-0.432,0.154,1.022,3,6,3.0,5,2.861,6,0,3,6,0.106,0.0,1,0.0,5,6,7,2,2,4,2,3,3,5,3.031,2,5,7,0
3,5,7,7,6,1.456,7,0.434,0.69,0.125,5,5,2.0,7,4.11,5,7,5,2,4.409,0.0,1,0.0,2,4,1,1,0,4,1,6,1,1,0.773,2,7,6,0
2,2,6,1,2,-1.398,0,-2.276,-1.831,0.836,1,5,5.0,1,-2.974,7,1,4,1,-4.095,0.0,0,0.0,2,7,7,1,5,0,6,4,4,4,-0.945,5,1,4,0
4,1,6,3,5,-1.016,1,-0.76,-0.913,-1.437,2,4,5.0,5,1.35,2,0,2,2,-3.043,0.0,2,0.0,4,0,5,6,7,7,5,1,6,5,-1.681,1,1,2,0
4,5,7,0,7,-0.537,7,-0.081,0.14,0.26,5,7,3.0,0,0.943,6,2,5,4,-4.605,0.0,0,0.0,0,1,5,0,7,0,6,4,7,4,1.235,6,2,7,0
6,4,3,0,4,-0.634,2,0.582,0.587,-0.513,3,7,3.0,4,1.646,1,1,3,2,0.262,0.0,1,0.0,1,4,1,6,2,2,1,1,2,0,1.501,4,4,2,0
1,1,2,2,2,0.288,1,0.429,0.423,0.722,3,0,3.0,2,-0.519,5,1,4,0,1.327,0.0,2,0.0,7,1,7,0,2,6,3,4,0,4,1.326,1,5,6,0
2,3,3,4,2,0.559,1,1.338,1.078,-0.77,4,2,2.0,3,-0.618,3,4,2,6,-4.485,0.0,2,0.0,4,3,2,5,4,2,0,2,2,6,1.708,5,0,7,0
4,4,2,3,6,1.91,3,2.75,2.25,0.401,5,5,0.0,1,2.908,2,7,2,3,2.3,0.0,0,0.0,6,3,1,5,4,6,5,3,5,6,2.172,3,2,4,0
1,1,2,4,1,1.396,7,0.938,0.897,1.049,2,2,1.0,2,3.304,3,6,2,3,0.517,0.0,4,0.0,1,5,0,2,2,0,1,5,6,2,1.295,6,3,0,0
1,2,7,4,6,-0.16,1,2.328,0.979,-1.795,2,3,2.0,4,1.232,6,3,7,1,2.342,0.0,4,0.0,0,4,0,0,6,3,2,0,7,3,0.686,1,1,3,0
1,5,0,2,7,-0.935,7,-0.836,-1.049,1.074,0,1,5.0,6,-1.201,6,3,5,2,0.991,0.0,5,0.0,1,7,5,6,4,1,4,3,2,1,0.521,0,3,6,0
5,6,3,4,7,-0.316,4,0.37,0.29,-0.024,0,1,2.0,5,0.699,4,5,0,3,4.95,0.0,2,0.0,1,2,1,2,2,1,6,1,2,4,0.698,4,6,2,0
5,5,3,7,2,-1.282,4,2.469,1.704,-0.473,0,1,1.0,7,3.447,4,1,7,0,3.27,0.0,6,0.0,5,1,0,7,6,0,3,3,6,2,5.635,5,4,0,0
0,4,2,0,5,-0.702,4,1.297,1.279,1.32,2,6,1.0,3,0.736,7,3,2,5,1.268,0.0,0,0.0,1,2,5,7,7,0,0,6,3,5,0.814,3,7,5,0
4,4,5,7,6,1.721,0,1.988,0.905,0.501,0,3,2.0,4,-1.116,6,4,7,1,-0.366,0.0,6,0.0,7,6,4,4,2,6,5,0,0,3,-2.242,2,4,2,0
7,4,1,1,1,0.285,6,-0.231,-0.334,0.67,3,6,3.0,2,1.077,6,0,3,2,0.049,0.0,5,0.0,7,6,2,3,1,4,7,4,3,5,-1.351,3,1,5,0
0,2,3,3,1,1.046,2,-1.503,-1.701,-0.172,3,6,5.0,0,-1.925,2,6,4,6,-2.795,0.0,1,0.0,2,1,1,4,6,6,6,0,2,5,-0.366,5,1,5,0
1,4,2,1,2,-0.643,2,0.832,0.601,-0.654,0,6,4.0,4,1.626,1,3,3,4,2.15,0.0,5,0.0,2,0,4,1,0,1,0,3,1,6,-1.177,6,2,1,0
0,4,0,7,0,1.251,5,-0.888,-1.636,-0.459,1,1,5.0,7,1.54,5,7,7,2,0.105,0.0,4,0.0,6,7,4,3,7,2,0,2,1,1,0.604,3,1,6,0
0,7,1,1,7,-0.209,3,0.3,0.145,1.102,5,1,3.0,2,0.398,5,5,4,5,0.017,0.0,4,0.0,6,7,0,5,7,2,0,1,0,7,-0.114,6,4,1,0
1,6,3,3,2,-0.612,6,0.056,0.066,0.69,4,2,3.0,6,-0.725,4,7,7,4,0.547,0.0,7,0.0,0,3,4,2,7,0,4,3,7,3,1.465,3,2,4,0
0,0,6,1,5,0.461,7,-0.002,0.618,0.507,0,5,3.0,7,1.103,5,7,7,6,-2.596,0.0,6,0.0,3,7,0,7,1,1,1,4,1,1,1.126,7,1,3,0
3,0,6,0,4,-0.0,1,-1.287,-0.35,-1.917,3,2,5.0,1,-1.574,5,7,6,2,-3.744,0.0,4,0.0,2,7,3,2,3,2,3,4,0,5,0.881,3,4,7,0
4,5,0,1,4,-0.242,2,1.613,1.311,0.456,7,5,2.0,0,0.501,5,5,5,2,1.25,0.0,5,0.0,1,4,2,4,0,4,3,6,2,2,2.963,0,3,6,0
6,5,7,4,4,2.345,6,-0.047,-0.479,1.105,5,5,3.0,7,0.379,6,7,0,5,-3.748,0.0,6,0.0,7,4,5,0,7,2,4,5,5,6,-1.457,4,3,0,0
0,5,4,3,6,0.336,2,-0.375,0.382,0.557,3,0,4.0,3,0.284,2,4,0,5,2.389,0.0,4,0.0,5,7,4,7,0,7,1,0,5,5,2.141,4,7,5,0
1,0,5,4,3,0.681,7,1.546,1.001,0.592,2,1,3.0,1,-0.487,7,0,0,0,0.713,0.0,7,0.0,3,5,4,5,2,7,6,7,1,5,2.421,3,4,4,0
2,0,2,3,2,-0.544,7,0.129,0.441,-1.245,0,3,3.0,5,1.197,6,2,0,6,1.459,0.0,3,0.0,0,2,3,2,7,1,6,3,3,2,2.348,2,5,5,0
0,2,1,0,6,-1.913,2,-0.577,-0.45,-0.364,3,5,5.0,1,2.299,2,5,2,6,-1.61,0.0,7,0.0,4,2,4,2,1,6,2,4,1,5,2.314,5,7,0,0
0,0,3,0,3,1.061,7,-0.223,-0.702,-1.5,6,3,4.0,6,-0.1,7,3,0,2,0.062,0.0,5,0.0,4,3,5,2,3,1,0,4,2,0,-2.866,6,1,5,0
7,6,0,7,2,0.177,7,-0.171,-0.126,1.419,7,0,4.0,7,2.102,1,2,3,1,-3.286,0.0,7,0.0,4,4,4,2,3,7,5,6,7,2,1.191,2,5,2,0
4,5,1,6,5,-0.812,5,-0.599,-1.56,-0.174,1,2,5.0,3,-0.471,2,5,2,6,-0.06,0.0,7,0.0,5,7,1,1,3,2,7,5,3,1,-1.658,2,5,0,0
7,7,4,5,0,0.044,2,0.316,-0.061,0.98,6,5,3.0,6,0.038,5,3,3,0,-1.794,0.0,1,0.0,3,0,2,5,2,3,0,3,4,7,0.019,2,0,3,0
5,7,2,3,1,1.441,0,2.428,2.576,-1.075,7,2,-0.0,6,1.465,1,0,5,7,0.746,0.0,7,0.0,0,2,5,7,5,7,0,5,1,3,0.416,1,7,5,0
6,6,2,5,5,-0.774,6,1.102,1.621,-0.212,5,5,2.0,6,0.516,1,2,2,4,2.751,0.0,0,0.0,1,2,3,2,2,0,6,6,3,6,1.433,3,2,1,0
6,7,0,3,0,-0.256,4,-0.122,0.296,0.461,0,1,2.0,6,1.849,0,5,2,3,-3.259,0.0,0,0.0,6,1,2,0,6,3,5,6,3,4,0.719,3,6,7,0
7,4,0,6,6,0.486,6,-0.432,-0.402,-0.596,1,3,3.0,7,0.361,6,0,5,1,-3.418,0.0,3,0.0,2,7,7,0,2,2,2,5,3,5,0.411,3,5,0,0
0,0,4,1,2,-0.359,4,-0.332,0.117,-2.274,6,6,2.0,0,0.102,7,6,0,5,-0.21,0.0,7,0.0,4,4,6,5,1,6,7,4,5,3,0.574,0,7,4,0
5,3,1,5,0,-0.036,2,-0.15,-1.69,-1.011,6,2,6.0,3,-1.056,1,0,5,2,-4.273,0.0,7,0.0,2,2,4,7,5,0,6,5,0,7,-1.621,5,5,5,0
0,2,7,1,3,-0.725,5,-1.288,-0.911,-1.836,2,2,4.0,1,-1.405,1,5,3,6,-0.975,0.0,3,0.0,7,1,6,7,6,1,5,0,2,3,-3.065,4,4,6,0
5,4,2,7,2,-1.096,7,1.228,1.918,-0.349,0,7,0.0,7,3.161,4,2,4,4,1.851,0.0,7,0.0,6,0,1,5,0,1,0,6,3,1,1.219,1,5,5,0
6,4,5,7,0,0.136,7,-2.344,-2.18,-0.197,7,1,5.0,0,-2.714,6,0,3,4,-1.469,0.0,7,0.0,5,5,3,4,0,6,6,7,2,1,-1.746,5,1,6,0
3,7,6,1,6,-0.364,5,1.424,1.423,0.4,5,5,1.0,2,2.426,0,4,6,4,-1.224,0.0,4,0.0,2,7,3,5,4,0,3,1,2,0,1.326,2,2,2,0
3,5,4,2,6,-0.538,2,-0.46,-0.783,-0.157,6,1,4.0,3,1.476,7,4,5,7,-0.836,0.0,0,0.0,5,4,1,5,7,6,1,7,1,6,-2.315,4,1,7,0
3,4,1,2,0,0.174,2,1.242,0.636,-1.942,3,4,2.0,3,1.219,4,2,4,2,-3.215,0.0,1,0.0,4,2,4,3,6,5,0,3,5,1,-1.095,6,0,0,0
1,4,3,7,4,-0.293,6,-0.06,0.562,1.285,6,3,2.0,4,-0.424,5,0,4,0,3.163,0.0,2,0.0,0,5,2,6,4,5,0,7,0,5,0.905,6,1,5,0
2,7,3,0,7,-0.43,1,0.737,0.862,1.209,3,1,2.0,6,0.537,2,6,0,7,3.085,0.0,3,0.0,7,4,2,2,7,3,4,2,5,1,-0.941,7,2,0,0
1,3,4,0,7,1.757,4,0.352,0.863,-1.569,1,6,3.0,0,0.106,6,6,0,1,2.514,0.0,5,0.0,1,2,6,2,1,2,3,0,2,4,1.299,7,7,4,0
2,4,6,0,6,-0.472,0,1.802,1.47,-0.574,1,3,0.0,4,0.457,6,7,3,3,1.937,0.0,5,0.0,3,6,4,7,1,7,3,1,5,7,2.697,6,2,2,0
6,5,2,0,6,-1.122,3,0.287,0.27,-0.028,6,0,3.0,0,2.997,7,0,7,6,-2.857,0.0,6,0.0,0,7,7,2,4,4,7,2,5,4,0.488,6,2,5,0
0,3,2,0,5,-0.83,2,0.208,0.412,-0.434,0,1,3.0,0,0.059,5,4,4,3,-0.405,0.0,1,0.0,0,6,0,3,5,4,2,2,5,1,-1.065,1,4,5,0
5,0,1,1,6,-0.048,6,1.154,1.256,-1.154,1,4,3.0,1,1.489,2,7,5,1,-0.04,0.0,4,0.0,5,5,7,5,5,2,5,7,0,5,1.198,3,1,3,0
2,1,6,6,2,-0.702,7,-1.443,-0.48,-0.297,0,7,5.0,1,3.076,5,6,2,7,-1.75,0.0,5,0.0,6,1,1,1,1,0,0,4,0,1,1.584,7,7,1,0
4,0,0,3,4,-0.768,7,-0.705,0.668,-0.11,5,6,2.0,5,0.751,6,6,5,4,-2.683,0.0,1,0.0,6,2,1,1,6,2,4,1,3,6,0.278,6,3,4,0
7,3,7,3,1,-1.593,2,-1.692,-0.605,0.649,7,7,5.0,7,-1.469,5,0,4,4,-0.833,0.0,1,0.0,7,3,0,4,3,0,5,1,3,0,-1.586,2,3,2,0
4,7,7,6,6,1.554,1,-1.598,-1.718,0.817,2,7,3.0,4,-4.185,5,2,3,5,-3.315,0.0,6,0.0,6,3,2,3,1,4,5,0,6,4,-0.977,4,6,3,0
6,1,3,0,5,-0.917,7,0.677,0.926,0.16,0,0,2.0,1,-0.676,0,7,4,1,0.137,0.0,0,0.0,5,6,7,4,3,3,0,6,1,2,0.457,1,7,4,0
1,0,7,3,6,-0.236,7,2.714,1.983,0.587,5,4,-0.0,5,4.403,5,1,3,7,-0.405,0.0,2,0.0,3,4,2,0,7,0,4,2,5,7,-0.012,3,2,3,0
4,0,0,6,0,1.276,6,-0.325,-0.182,0.35,1,6,4.0,0,2.183,5,3,6,4,-0.503,0.0,4,0.0,6,7,2,1,7,1,6,4,2,6,0.634,2,2,2,0
5,6,0,4,0,1.176,0,0.769,0.45,1.323,3,5,2.0,3,0.539,7,2,3,6,3.963,0.0,2,0.0,7,1,1,7,2,4,1,0,0,1,1.36,7,1,4,0
0,4,5,3,2,0.752,3,-0.438,-0.836,0.133,7,5,5.0,2,-1.867,2,1,0,6,2.487,0.0,4,0.0,3,1,6,2,5,2,6,1,5,2,-1.748,5,2,1,0
7,4,6,2,3,-1.176,6,-1.079,-0.229,0.091,1,5,5.0,6,-3.267,3,7,6,7,0.809,0.0,3,0.0,7,1,7,5,1,1,3,2,3,1,-1.162,0,5,3,0
1,5,4,1,7,-1.291,5,0.884,-0.042,-0.541,7,6,4.0,1,-1.385,1,5,1,0,-5.424,0.0,7,0.0,4,4,7,2,7,2,0,6,7,3,0.615,5,5,2,0
4,4,6,2,2,0.613,4,-0.452,-0.254,0.399,2,2,3.0,1,-1.186,6,0,5,0,0.809,0.0,5,0.0,3,7,5,7,0,7,5,3,6,7,0.573,0,0,7,0
2,3,1,6,0,0.78,4,0.557,-0.465,-0.394,0,7,4.0,6,1.54,4,4,5,1,-0.279,0.0,4,0.0,3,6,6,4,7,4,5,0,2,4,-0.373,3,7,4,0
1,7,2,4,6,0.357,0,1.633,0.402,-0.076,6,1,3.0,3,3.057,1,0,2,4,-1.859,0.0,5,0.0,1,2,0,1,3,7,2,7,3,3,0.961,0,2,0,0
5,2,4,4,5,-0.631,7,-2.729,-1.965,-0.433,5,7,6.0,1,-2.791,7,7,0,6,-5.55,0.0,2,0.0,2,5,4,4,2,2,3,1,2,6,-0.756,0,6,1,0
1,2,5,1,7,1.312,2,-1.368,-1.3,0.754,2,6,6.0,5,-4.81,1,7,0,4,-1.809,0.0,2,0.0,7,5,2,7,5,3,4,7,3,0,-1.814,6,0,6,0
4,1,2,3,3,-1.039,3,-0.586,-0.603,0.607,0,6,4.0,0,-1.552,3,3,7,6,1.365,0.0,3,0.0,1,6,6,4,7,2,3,5,3,0,-2.417,5,1,5,0
0,4,2,3,2,-0.1,4,-0.471,-1.101,0.649,0,5,3.0,1,1.462,5,3,3,6,1.948,0.0,3,0.0,5,3,4,4,3,1,3,7,4,1,0.04,4,3,7,0
6,7,6,1,2,0.47,4,0.701,0.56,-1.761,7,7,3.0,7,1.621,7,1,5,0,4.081,0.0,7,0.0,4,6,7,7,4,1,7,6,7,3,1.674,0,6,0,0
3,4,2,6,4,1.263,3,-0.246,-0.722,2.215,5,3,4.0,0,2.336,2,7,5,5,-4.03,0.0,7,0.0,2,1,2,4,2,4,6,7,2,1,-0.384,7,4,7,0
2,0,3,7,5,-0.943,7,-0.791,-0.555,0.082,4,0,3.0,2,-2.124,0,4,4,3,3.399,0.0,2,0.0,6,2,4,5,2,0,2,2,5,0,0.278,7,6,3,0
3,1,1,0,2,1.074,5,-1.045,-0.33,-1.25,6,5,5.0,4,-1.908,7,5,2,0,-1.359,0.0,4,0.0,0,0,0,6,1,3,6,0,1,4,-0.861,0,6,7,0
1,1,2,1,6,-1.274,3,-0.25,1.328,-0.688,4,7,2.0,7,2.597,3,7,4,4,1.564,0.0,2,0.0,6,3,2,0,4,6,5,7,5,1,0.394,3,7,4,0
4,4,0,4,4,0.397,4,-0.689,-1.173,-0.576,0,4,4.0,0,-2.128,1,1,0,0,0.081,0.0,5,0.0,7,7,3,4,0,3,0,4,0,7,-3.027,1,6,4,0
1,7,0,7,1,1.353,2,-1.632,-1.059,0.835,0,5,5.0,1,-2.767,3,0,4,3,1.115,0.0,6,0.0,6,7,2,5,1,6,0,6,5,7,-0.625,4,2,7,0
5,4,0,5,7,-0.594,0,0.66,0.703,0.536,6,7,1.0,1,2.787,4,0,2,0,2.828,0.0,7,0.0,1,4,4,3,5,2,2,1,0,4,-0.367,1,7,1,0
4,5,0,5,1,-0.38,4,0.332,0.854,0.237,4,5,3.0,2,0.258,6,2,5,6,3.095,0.0,5,0.0,6,1,0,3,1,7,7,5,3,0,1.001,0,2,7,0
3,7,5,1,4,0.626,2,1.301,0.696,0.087,6,4,1.0,1,1.547,7,1,2,7,-1.18,0.0,2,0.0,0,5,4,5,5,5,3,4,7,7,1.392,0,3,4,0
6,5,6,2,0,0.021,3,-1.03,-1.262,0.546,7,3,5.0,3,-0.978,5,7,3,2,0.889,0.0,1,0.0,2,0,0,1,7,0,4,3,1,4,-1.266,6,7,3,0
4,7,6,3,1,0.659,3,-0.885,-0.333,0.038,5,0,3.0,3,-4.007,3,7,4,7,0.097,0.0,7,0.0,1,7,3,2,5,1,6,7,7,2,-1.222,0,4,7,0
7,3,1,6,7,2.708,6,-0.452,-0.838,1.49,3,7,4.0,3,-1.704,7,1,6,2,-2.358,0.0,2,0.0,1,7,6,1,1,6,7,2,3,0,-1.439,5,1,5,0
3,3,5,3,6,0.679,4,1.093,1.259,0.61,0,3,0.0,1,1.076,2,1,5,3,-2.472,0.0,5,0.0,4,3,1,3,0,7,4,3,1,3,2.145,4,2,0,0
1,3,7,4,4,0.013,5,0.536,0.982,-0.132,5,5,2.0,3,1.802,5,5,1,0,2.305,0.0,7,0.0,2,0,1,4,7,1,1,1,6,1,0.05,5,4,1,0
0,1,4,0,4,-0.364,2,-0.955,-1.025,-2.436,1,3,4.0,3,-0.838,1,7,0,6,1.221,0.0,7,0.0,3,5,3,4,7,3,1,2,4,5,-2.245,3,2,2,0
1,2,4,2,0,-1.799,2,-0.799,-0.208,0.12,1,5,3.0,0,1.363,4,4,4,3,2.853,0.0,0,0.0,4,6,0,2,6,4,4,3,6,3,1.2,4,6,3,0
7,1,3,2,1,-0.861,7,-0.786,-1.31,0.473,2,3,5.0,1,-0.869,1,2,3,6,-0.806,0.0,5,0.0,1,7,7,3,3,3,5,7,1,2,-1.216,7,7,1,0
6,1,3,5,1,0.587,6,-0.002,0.143,0.567,5,3,3.0,7,-1.67,7,5,6,1,0.876,0.0,5,0.0,6,6,4,3,7,1,3,2,2,6,-1.043,2,7,3,0
4,6,5,1,2,1.845,0,1.814,0.292,-0.162,5,5,3.0,2,0.852,4,0,6,5,-1.242,0.0,7,0.0,6,6,5,4,5,4,6,2,1,7,2.804,0,5,2,0
1,5,4,7,5,-0.674,1,-1.75,-1.381,0.78,3,1,4.0,4,-2.443,0,6,2,7,-3.455,0.0,1,0.0,2,3,3,0,7,5,6,1,7,0,0.022,4,6,7,0
3,1,7,4,0,0.345,3,0.08,-0.334,-0.131,1,2,4.0,7,-0.166,2,5,7,7,2.267,0.0,5,0.0,0,2,7,5,7,6,7,3,4,0,-1.263,6,7,4,0
4,3,3,0,5,-0.535,4,-1.065,-0.929,0.108,4,6,5.0,2,-3.833,2,4,2,6,-0.336,0.0,0,0.0,6,3,7,2,2,5,6,1,5,3,-2.261,7,6,1,0
6,5,6,6,5,0.67,6,1.86,1.834,-0.435,1,5,0.0,0,3.919,1,7,7,4,1.765,0.0,1,0.0,7,4,2,5,4,7,6,2,7,6,3.431,0,0,6,0
1,5,7,7,6,1.124,4,1.163,1.258,-0.467,3,4,2.0,3,-1.513,0,6,2,6,5.54,0.0,6,0.0,1,5,1,3,1,1,6,3,7,4,1.982,4,7,4,0
4,0,5,1,0,1.896,1,-1.78,-1.365,0.725,3,4,6.0,3,1.407,0,5,1,1,-0.83,0.0,3,0.0,6,1,4,0,2,4,7,1,7,0,-0.145,7,1,5,0
2,6,5,4,1,1.171,7,1.067,0.709,-1.986,4,4,2.0,6,1.328,6,7,4,3,0.717,0.0,5,0.0,7,1,4,2,7,5,0,0,7,6,3.324,4,5,7,0
5,3,6,1,7,-0.058,7,0.378,0.765,0.492,6,2,3.0,6,0.616,3,3,1,6,0.811,0.0,3,0.0,0,2,5,6,6,5,7,3,3,2,0.623,4,4,1,0
2,5,6,4,4,-0.48,5,0.242,0.428,-0.472,7,2,4.0,4,-0.328,7,7,4,7,3.003,0.0,5,0.0,1,1,4,0,5,2,2,5,0,2,1.868,4,2,2,0
6,3,4,5,2,0.22,3,0.06,-0.152,0.738,1,7,3.0,4,0.842,0,1,5,3,-0.252,0.0,5,0.0,0,1,0,4,1,2,7,6,5,5,-0.989,4,7,2,0
0,1,2,5,4,-0.011,5,0.787,1.737,-1.311,3,0,1.0,2,0.88,0,3,0,0,4.94,0.0,1,0.0,7,1,3,6,0,4,0,5,6,6,2.318,3,0,4,0
4,0,6,3,5,0.418,1,-1.71,-1.625,0.551,7,6,5.0,4,-2.35,0,4,4,5,0.506,0.0,3,0.0,4,6,2,4,1,1,4,2,6,7,-3.025,1,1,4,0
3,7,0,1,1,0.086,2,-0.65,-0.753,-0.701,6,0,3.0,5,-0.227,2,2,2,1,2.486,0.0,2,0.0,3,3,6,7,1,4,7,3,4,3,0.873,7,3,4,0
1,4,7,1,4,-0.048,5,-0.322,0.897,0.202,3,1,2.0,0,0.161,2,7,2,0,0.594,0.0,4,0.0,1,4,2,2,2,4,5,5,4,2,-0.043,6,5,2,0
6,5,3,2,4,-0.241,2,0.492,-0.389,-2.313,3,1,4.0,6,0.699,7,3,3,0,-1.745,0.0,6,0.0,6,4,5,3,5,5,4,6,1,1,2.416,5,6,5,0
0,7,3,6,7,-1.57,4,-1.113,-0.634,-1.028,3,4,5.0,7,-1.862,1,6,5,4,-3.389,0.0,0,0.0,3,4,3,5,6,2,3,1,2,7,0.38,7,4,0,0
5,2,0,3,7,-0.766,6,3.597,3.258,-1.21,7,4,0.0,2,1.658,2,0,3,5,1.107,0.0,5,0.0,3,1,4,1,1,7,3,1,3,3,4.16,5,3,5,0
3,1,4,7,7,-0.543,2,-1.384,-0.876,-0.388,1,2,3.0,0,-1.411,1,1,0,7,-2.556,0.0,6,0.0,6,6,3,5,4,7,2,5,5,5,-1.272,5,5,6,0
2,5,2,3,1,-0.833,6,-0.384,-0.524,0.684,2,5,5.0,4,0.72,4,6,3,4,-0.518,0.0,0,0.0,3,6,4,2,4,1,5,0,0,4,0.008,2,4,2,0
0,0,2,7,2,-2.075,2,-2.039,-1.519,-0.734,1,4,5.0,0,-0.811,7,3,5,1,-2.833,0.0,3,0.0,0,4,2,0,2,0,5,3,2,3,-1.192,3,7,4,0
5,1,2,3,3,-0.072,6,0.423,0.403,-1.197,3,6,1.0,0,0.191,4,6,4,6,4.362,0.0,6,0.0,4,2,1,6,0,5,5,0,7,6,0.267,1,7,2,0
7,4,4,3,0,0.726,1,2.334,0.89,-0.042,4,3,1.0,2,0.139,6,5,0,0,6.283,0.0,6,0.0,3,2,3,2,4,7,7,6,7,5,0.626,1,4,4,0
4,7,6,0,0,-3.013,4,-1.779,-0.931,0.259,3,3,2.0,5,-1.069,4,2,4,6,0.498,0.0,6,0.0,2,6,4,6,3,7,3,5,5,6,0.07,2,4,1,0
7,1,1,7,2,1.816,4,-0.662,-1.052,1.017,2,0,5.0,0,1.244,5,1,2,0,-0.24,0.0,6,0.0,6,7,4,1,7,2,3,4,1,7,-0.484,0,4,2,0
4,7,1,0,6,-0.303,6,-0.908,-1.131,-0.039,0,2,5.0,0,1.175,7,0,4,0,-1.181,0.0,1,0.0,6,2,5,0,1,0,4,1,0,2,1.262,3,3,5,0
4,2,3,3,4,0.269,7,-0.132,-0.234,0.377,5,2,3.0,5,3.389,3,0,2,3,4.674,0.0,4,0.0,0,3,7,7,2,5,5,4,2,1,-2.281,3,7,7,0
7,3,5,7,5,0.197,1,-0.231,-0.115,1.176,6,0,4.0,7,-0.536,5,6,7,2,0.101,0.0,6,0.0,6,4,1,0,3,6,3,3,6,1,-0.694,6,2,4,0
5,5,7,1,7,0.418,7,-0.903,-0.985,0.069,6,5,5.0,6,1.333,5,7,2,5,2.828,0.0,3,0.0,6,3,0,7,0,2,3,7,1,0,-1.948,0,5,0,0
3,6,3,7,1,-0.29,1,-1.157,-0.504,0.407,1,5,3.0,5,-1.228,7,0,5,4,2.814,0.0,1,0.0,2,6,1,2,2,2,1,3,0,2,0.749,5,4,3,0
3,6,6,6,4,0.812,1,-1.462,-1.112,-0.857,5,3,4.0,5,-0.257,4,1,1,4,-2.463,0.0,1,0.0,1,1,5,4,5,4,0,1,7,0,1.372,4,1,7,0
3,3,3,3,4,-1.555,5,0.639,0.618,1.541,6,0,2.0,0,1.063,2,5,6,5,3.207,0.0,1,0.0,2,5,7,5,1,7,4,7,1,3,-2.132,6,7,6,0
4,5,6,4,4,0.534,7,0.401,0.542,-0.813,0,6,3.0,2,-0.953,5,7,2,4,0.048,0.0,0,0.0,0,4,1,3,0,1,6,5,1,4,1.22,1,3,2,0
4,4,6,3,6,0.743,6,-3.714,-2.653,1.592,0,0,8.0,2,-2.402,4,6,3,2,-3.992,0.0,5,556.18,1,0,2,0,3,5,7,2,5,4,-4.001,6,1,5,1
1,0,7,2,1,0.529,7,-0.678,-0.691,-1.584,0,4,4.0,4,0.862,1,6,4,3,-4.631,0.0,7,0.0,0,7,2,2,0,1,6,1,2,5,-0.148,4,1,1,0
2,0,5,6,2,0.794,6,0.052,0.192,-0.617,2,7,2.0,0,-0.524,7,2,2,3,1.391,0.0,0,0.0,2,2,2,2,3,1,0,6,5,1,0.219,3,3,2,0
3,7,0,5,7,-0.828,6,-1.379,-0.545,0.659,3,0,5.0,2,-1.558,3,0,7,4,-2.239,0.0,6,0.0,6,0,3,0,3,5,4,2,5,7,-1.721,2,5,2,0
2,1,1,2,7,0.725,3,0.711,-0.17,1.136,7,5,2.0,2,-1.761,2,4,0,0,-0.269,0.0,3,0.0,5,5,7,0,2,3,0,4,2,0,0.118,5,0,5,0
5,6,2,3,2,1.968,0,0.188,-0.222,0.624,4,0,3.0,5,1.462,4,5,1,4,0.78,0.0,2,0.0,3,5,2,7,2,7,4,6,1,2,-0.075,7,6,1,0
7,0,7,4,3,0.232,5,-1.217,-0.384,0.28,1,0,6.0,1,0.897,4,1,3,1,1.338,0.0,5,0.0,6,2,4,3,5,6,7,2,5,2,-0.529,5,4,2,0
2,1,2,1,1,-0.586,3,0.435,0.458,-0.781,4,1,3.0,7,2.599,2,6,7,3,0.395,0.0,3,0.0,5,1,5,6,1,5,1,3,7,7,0.51,2,7,7,0
7,6,5,3,0,3.129,6,-2.722,-2.424,-0.577,2,3,6.0,2,-1.955,7,7,1,2,-0.474,0.0,5,0.0,6,1,5,2,3,5,2,2,7,6,-3.936,3,6,2,0
4,5,1,4,5,-0.252,4,-0.144,0.405,-0.851,5,3,2.0,7,-2.345,1,0,1,0,3.127,0.0,3,0.0,3,2,3,2,5,3,6,6,1,7,2.413,2,7,7,0
5,7,4,7,7,-0.459,5,-1.824,-1.586,-0.544,5,1,5.0,1,-4.185,0,1,3,2,-1.654,0.0,2,0.0,6,6,5,6,5,5,5,3,0,1,-1.154,1,3,7,0
6,0,2,4,3,1.07,6,-1.193,-0.687,0.091,5,6,4.0,4,-0.948,5,2,0,4,4.414,0.0,4,0.0,7,4,5,2,6,5,1,4,2,7,-2.875,6,4,1,0
5,1,0,2,4,1.393,6,-0.682,-0.103,0.355,2,3,4.0,3,0.944,5,0,0,1,1.924,0.0,1,0.0,1,7,4,7,0,3,1,3,7,6,-1.015,1,2,1,0
3,6,1,5,7,-0.239,1,-1.343,-2.682,-1.154,6,6,4.0,1,-2.333,4,5,4,5,-4.147,0.0,6,0.0,5,5,3,4,0,7,0,0,1,1,0.646,4,1,5,0
0,5,4,1,3,0.344,3,1.518,0.996,0.124,7,5,1.0,4,1.14,5,2,1,1,-2.871,0.0,6,0.0,1,6,4,0,1,2,5,4,4,1,2.848,7,1,0,0
5,3,1,7,2,-1.572,7,1.529,1.377,-1.003,0,2,1.0,3,1.022,1,3,2,6,2.462,0.0,5,0.0,4,0,3,4,3,1,1,1,3,0,-0.38,4,6,2,0
6,6,2,7,3,2.334,2,-1.181,-0.827,0.594,0,3,5.0,0,-2.042,2,3,4,1,-0.837,0.0,6,0.0,5,1,6,0,4,1,0,1,4,6,-1.726,0,4,3,0
4,0,2,0,3,-0.776,0,-0.147,-0.265,-0.393,5,3,5.0,5,1.485,6,0,3,0,-2.168,0.0,2,0.0,6,1,7,7,3,7,7,7,7,0,-0.256,3,1,6,0
7,5,7,0,0,0.54,5,-0.657,-0.677,-1.984,5,1,4.0,5,-2.31,3,4,4,6,-0.939,0.0,4,0.0,4,3,2,7,7,3,7,1,7,1,-2.324,0,4,4,0
2,2,4,3,3,0.528,6,-0.688,-1.378,-0.227,6,2,5.0,5,0.669,0,0,4,6,-3.163,0.0,5,0.0,2,3,2,1,2,7,7,5,0,4,-1.606,6,6,4,0
7,7,5,6,4,0.283,5,0.162,-0.381,0.426,7,0,4.0,5,-0.44,4,3,1,1,-1.679,0.0,7,0.0,5,5,0,6,2,5,2,3,1,5,1.856,6,6,5,0
6,6,1,3,3,0.882,7,0.159,-0.179,0.582,0,4,2.0,0,-0.239,2,4,3,0,2.644,0.0,4,0.0,2,3,3,2,3,0,6,1,5,2,0.246,0,7,1,0
5,0,5,3,1,-0.819,0,-1.574,-0.976,-0.249,7,5,7.0,1,-2.771,1,5,0,3,0.036,18.25,3,187.28,3,1,0,4,1,4,0,4,2,7,-0.49,3,5,4,1
5,7,7,3,5,-1.288,3,0.049,0.407,-0.572,0,5,2.0,3,-0.794,5,5,7,6,0.864,0.0,0,0.0,6,0,4,5,2,5,6,6,7,3,-0.31,1,6,6,0
4,4,2,7,2,-0.546,1,0.284,0.755,-1.411,5,0,3.0,2,-0.447,3,1,0,6,-0.26,0.0,2,0.0,7,7,4,6,3,1,6,7,1,3,2.046,7,0,7,0
2,3,4,2,2,-1.413,2,0.793,0.69,0.56,4,1,2.0,0,1.105,5,0,2,4,0.451,0.0,4,0.0,2,2,5,2,1,5,4,2,0,2,1.005,3,4,1,0
3,3,7,3,3,-1.172,6,0.427,0.413,0.04,3,4,4.0,5,-0.407,4,3,2,3,-0.935,0.0,5,0.0,6,6,3,4,5,7,5,3,7,3,0.612,7,7,5,0
7,6,5,7,6,1.118,5,0.419,0.465,2.414,5,0,2.0,1,-1.071,1,7,5,5,-1.371,0.0,5,0.0,5,7,5,5,4,2,7,4,3,4,1.274,4,7,3,0
3,7,2,1,6,0.544,4,-0.034,0.82,-0.085,2,7,1.0,1,1.551,0,1,3,6,1.098,0.0,2,0.0,4,2,0,1,0,7,0,7,0,3,0.396,0,5,7,0
7,5,4,4,2,0.167,2,-1.016,-1.375,0.516,6,5,3.0,7,-1.306,3,0,5,3,-1.243,0.0,7,0.0,2,7,7,5,3,5,2,5,0,1,-2.24,2,1,0,0
6,0,7,5,3,0.857,1,-0.481,-1.018,-0.696,6,5,4.0,6,-2.331,2,1,1,2,-5.258,0.0,4,0.0,1,2,2,0,0,4,4,6,6,1,-0.413,5,7,6,0
0,5,2,7,5,0.487,7,0.65,0.502,0.69,6,4,3.0,1,0.37,3,0,7,1,0.222,0.0,4,0.0,1,2,6,3,6,5,6,4,7,4,1.412,4,3,6,0
3,3,7,6,0,0.215,2,0.249,-0.466,0.401,3,5,6.0,0,-3.408,0,0,2,2,0.403,0.0,2,0.0,6,4,5,0,5,4,2,2,1,6,-2.035,2,1,1,0
1,0,1,7,0,0.773,7,-1.911,-1.293,0.152,7,5,4.0,3,-1.22,2,1,1,3,-3.975,0.0,4,0.0,6,4,5,0,6,0,1,2,6,6,-0.75,7,0,7,0
7,4,1,0,1,-0.743,3,-1.954,-1.331,0.464,4,1,6.0,6,-0.784,0,0,3,3,-1.643,0.0,3,0.0,2,4,0,5,1,3,5,1,0,0,-0.317,7,0,4,0
4,7,5,0,6,0.317,7,-0.116,-0.93,-0.648,6,7,5.0,4,-0.029,1,6,1,5,1.197,0.0,6,0.0,1,7,6,1,5,0,2,3,3,0,-0.131,1,5,4,0
7,6,1,4,2,1.33,4,0.225,-0.096,1.391,5,6,3.0,2,1.667,5,1,7,7,-1.439,0.0,2,0.0,2,2,0,0,3,6,0,5,0,5,-1.099,7,5,0,0
1,5,0,7,2,-0.495,1,0.192,0.809,-0.587,6,4,3.0,2,2.159,0,1,2,6,-3.157,0.0,5,0.0,0,2,1,6,2,6,6,2,0,7,2.615,4,5,4,0
0,3,2,7,5,-1.331,2,-1.924,-0.627,-1.075,2,0,4.0,7,-0.295,3,1,7,3,1.277,0.0,0,0.0,1,0,4,2,4,1,5,5,7,7,-1.504,6,0,2,0
3,4,7,0,3,0.998,6,0.381,-0.318,-0.74,4,3,2.0,5,1.656,3,4,4,7,0.361,0.0,2,0.0,6,6,2,0,0,3,1,0,0,2,-1.038,6,5,5,0
5,0,2,7,1,-0.783,6,-1.447,-1.225,0.187,5,3,4.0,7,0.068,4,0,3,5,-2.083,0.0,3,0.0,6,2,5,4,6,0,3,5,5,3,-0.483,2,7,2,0
4,7,0,2,7,1.139,5,-0.137,-0.364,-1.616,3,1,4.0,3,1.063,0,3,7,4,-2.266,0.0,5,0.0,6,3,1,4,0,4,5,0,0,7,-1.235,2,5,1,0
0,3,7,1,5,0.731,6,0.359,-0.868,-0.332,1,7,5.0,5,-2.353,0,3,0,4,-1.312,0.0,3,0.0,4,0,5,4,2,3,3,5,7,5,0.005,2,2,1,0
0,1,7,0,0,1.451,6,-1.727,-1.31,3.097,4,2,7.0,6,-2.014,2,5,2,0,-0.646,0.0,5,326.02,4,6,2,5,2,1,3,6,0,0,-3.626,1,5,7,1
0,0,4,5,2,-0.854,7,-0.593,-0.282,0.066,6,7,4.0,5,-0.665,7,2,6,5,-0.531,0.0,2,0.0,6,5,3,7,7,2,4,1,1,4,1.376,4,6,4,0
0,1,6,5,1,0.961,4,0.429,0.581,0.155,5,1,2.0,4,-0.517,5,3,7,5,5.972,0.0,3,0.0,2,0,1,1,1,5,3,4,7,5,0.748,7,6,4,0
4,1,3,5,7,-0.325,2,0.933,1.158,-0.642,0,7,2.0,3,-0.113,7,3,7,1,-2.886,0.0,2,0.0,4,1,1,1,4,6,3,1,5,7,0.643,4,2,7,0
7,4,3,0,2,1.363,2,-0.306,0.007,-0.854,5,2,3.0,7,0.816,6,5,3,6,-1.97,0.0,0,0.0,7,5,4,6,0,3,5,3,2,4,2.207,2,4,3,0
0,3,4,3,0,-3.029,6,-0.839,-1.15,0.244,7,4,5.0,0,-1.685,0,7,3,1,-0.285,0.0,3,0.0,7,5,3,1,1,2,4,5,0,3,-0.453,5,4,0,0
5,4,2,3,2,0.703,3,-0.842,-0.206,-1.721,4,0,5.0,7,0.106,0,3,3,3,-3.482,0.0,7,0.0,4,5,4,5,6,5,5,6,7,4,-1.813,2,3,5,0
0,6,7,0,1,-0.812,3,0.949,1.441,-0.493,0,0,1.0,2,-0.734,5,3,7,6,1.514,0.0,6,0.0,6,6,3,4,3,1,6,5,1,5,1.856,4,5,5,0
5,4,2,6,7,0.092,6,0.619,0.195,-0.048,0,6,2.0,3,3.065,7,4,5,4,-3.137,0.0,3,0.0,4,1,4,7,2,7,6,4,0,7,-1.75,6,5,0,0
5,6,6,3,6,0.489,3,0.731,0.951,-1.525,3,5,2.0,6,2.166,7,6,5,1,-0.192,0.0,2,0.0,2,6,1,3,1,6,7,3,4,7,-0.055,3,6,5,0
7,4,1,5,4,0.471,7,-0.454,-1.101,-0.243,6,7,4.0,0,-2.672,5,0,2,5,0.855,0.0,5,0.0,6,6,2,0,6,2,0,1,3,4,-0.887,4,0,4,0
5,2,5,0,4,1.108,4,-0.803,-0.138,1.035,3,4,3.0,1,0.376,1,1,1,7,0.618,0.0,2,0.0,5,6,3,6,7,0,2,3,2,1,0.281,1,2,4,0
7,0,4,4,2,0.894,2,-0.871,-0.289,-1.844,0,4,2.0,6,-2.558,3,3,0,0,-1.366,0.0,2,0.0,6,6,5,3,7,2,1,0,0,4,1.66,0,4,5,0
5,5,5,2,1,2.247,3,-0.319,0.092,2.237,1,4,4.0,3,-2.679,5,5,1,3,-0.556,0.0,4,0.0,7,0,3,4,6,3,4,5,1,5,0.284,6,2,3,0
1,7,0,3,5,0.127,1,-3.148,-2.825,1.457,5,3,8.0,2,-5.218,4,1,6,2,-1.286,0.0,5,151.51,3,7,6,2,6,0,5,0,3,0,-3.254,3,0,6,1
2,3,3,5,2,-0.737,7,0.182,-0.712,-0.043,4,4,3.0,4,0.078,0,5,1,6,-2.372,0.0,4,0.0,6,0,7,4,4,5,3,5,0,6,0.092,0,0,1,0
5,6,5,5,6,-1.629,6,0.281,0.677,-1.087,3,3,2.0,0,-1.177,0,7,0,6,-0.067,0.0,6,0.0,4,3,0,1,4,2,1,6,6,5,1.66,7,5,5,0
2,7,7,2,7,0.174,5,-1.92,-1.94,-1.18,1,1,5.0,2,-3.277,3,3,0,6,2.799,0.0,6,0.0,1,6,6,7,1,3,6,5,2,5,-1.796,0,6,2,0
7,3,2,2,5,-0.766,5,-1.355,-1.44,-0.474,1,5,6.0,1,-1.953,3,1,6,4,-1.51,0.0,2,0.0,7,1,3,5,4,7,3,6,6,2,-4.144,7,7,7,0
7,6,0,5,1,1.194,1,-0.272,0.465,0.092,7,6,3.0,2,2.913,3,1,2,5,-0.978,0.0,0,0.0,2,5,5,0,6,5,3,2,2,7,-0.128,6,2,2,0
0,7,5,3,4,0.453,7,-2.744,-1.638,0.503,5,5,5.0,3,-1.759,2,3,1,3,-3.275,0.0,5,0.0,1,6,3,6,3,6,7,5,1,0,-2.519,7,4,5,0
6,0,2,5,3,1.592,0,0.136,0.203,-1.388,1,2,4.0,3,0.393,3,3,5,6,1.915,0.0,6,0.0,0,1,1,5,6,7,3,5,4,7,-1.44,4,1,3,0
7,1,0,7,1,0.639,0,0.598,0.118,0.1,5,4,3.0,2,-0.929,4,4,7,1,-4.128,0.0,2,0.0,7,1,3,7,3,5,1,7,4,6,1.953,2,1,5,0
0,3,1,2,6,1.206,7,-0.771,-0.644,0.088,6,7,4.0,3,1.768,4,6,0,2,-5.587,0.0,5,0.0,7,4,1,6,7,2,6,3,1,4,-0.617,4,7,0,0
2,6,3,2,2,0.439,2,0.295,0.27,-0.455,1,4,2.0,2,-0.442,2,1,0,1,0.012,0.0,3,0.0,1,2,1,5,4,2,6,2,7,5,1.421,3,3,5,0
4,4,6,3,4,-0.244,4,0.549,-0.036,-0.049,4,3,5.0,6,-1.063,0,1,1,1,3.36,0.0,0,0.0,0,4,7,6,7,4,2,7,5,3,1.065,6,3,5,0
0,1,0,0,5,-0.44,1,2.362,2.535,0.572,2,5,0.0,7,5.297,3,5,7,7,5.558,0.0,5,0.0,1,1,3,0,4,1,5,5,5,2,1.213,3,2,7,0
5,1,4,6,2,-0.622,1,-0.595,-0.895,-0.546,2,4,3.0,3,-0.234,2,3,0,7,-1.532,0.0,6,0.0,7,2,0,1,6,4,6,7,1,5,-1.69,6,1,1,0
3,5,6,3,6,-0.113,1,1.547,2.166,-1.32,4,5,0.0,3,3.793,7,7,7,5,-0.803,0.0,1,0.0,7,6,6,5,0,7,4,3,7,1,2.404,3,7,4,0
1,0,0,0,2,0.402,0,-2.99,-2.309,2.062,1,0,7.0,1,-1.79,5,1,7,2,-3.47,0.0,1,243.93,5,6,2,5,6,6,2,6,5,3,-3.188,0,6,1,1
3,2,7,1,3,0.498,2,0.881,1.083,-0.319,5,7,1.0,3,0.278,1,5,3,6,-1.825,0.0,5,0.0,4,4,4,4,5,6,4,5,2,1,0.123,3,4,2,0
1,2,6,2,5,0.16,5,-0.986,-0.638,-1.919,0,1,3.0,0,-1.548,6,5,2,6,1.764,0.0,1,0.0,0,7,1,1,6,5,5,3,4,2,0.008,4,0,4,0
5,3,0,6,1,0.989,5,0.633,0.355,-1.533,1,4,2.0,2,-0.256,0,6,2,5,-2.148,0.0,2,0.0,2,5,3,6,0,3,6,6,0,2,-0.465,0,2,2,0
0,0,2,3,5,-1.264,7,-0.22,-0.769,-0.173,6,7,4.0,0,-2.994,5,0,4,1,-1.603,0.0,1,0.0,4,0,7,2,3,0,2,7,4,4,-1.703,5,6,0,0
3,1,3,1,6,-0.666,6,-0.931,-0.597,-1.017,5,6,3.0,6,0.807,0,6,4,6,0.349,0.0,6,0.0,5,3,0,6,0,2,6,5,6,0,-0.084,2,4,1,0
1,6,4,1,7,1.993,1,-0.092,0.1,-0.376,5,1,2.0,6,-0.447,1,3,6,0,-0.936,0.0,6,0.0,1,0,2,5,7,1,1,0,4,2,0.224,7,3,7,0
7,6,7,2,2,-1.391,6,-0.195,0.585,-1.029,5,5,3.0,0,0.036,4,5,3,7,-1.346,0.0,3,0.0,2,5,7,4,5,7,4,2,4,2,0.42,2,1,2,0
1,1,3,2,5,-0.273,4,-0.309,-0.23,0.626,2,2,3.0,2,1.771,4,3,1,1,1.541,0.0,6,0.0,6,4,0,6,2,4,2,0,1,6,-1.452,7,4,5,0
6,3,4,4,4,0.218,2,1.362,1.055,-0.147,0,3,2.0,0,0.468,5,1,7,3,0.479,0.0,3,0.0,2,4,3,1,0,2,2,1,0,3,0.77,4,6,6,0
2,0,7,3,5,1.491,2,0.669,0.579,0.276,3,7,2.0,2,1.386,7,0,4,7,-1.812,0.0,6,0.0,4,3,0,5,3,0,0,7,2,4,0.111,7,0,5,0
2,6,0,4,7,-0.192,2,2.283,1.525,-1.326,5,2,1.0,6,1.682,6,4,7,6,2.441,0.0,0,0.0,4,4,7,6,5,0,3,5,4,3,1.11,0,7,1,0
7,3,0,2,0,-1.468,3,-1.387,-1.559,0.496,7,3,6.0,5,-1.811,5,2,5,0,1.227,0.0,2,0.0,0,7,7,7,2,2,2,0,3,3,-0.286,6,0,4,0
3,6,1,1,7,-1.646,5,0.263,0.13,-0.9,1,2,2.0,1,2.727,7,1,5,1,0.589,0.0,0,0.0,3,3,6,4,7,7,3,0,7,5,0.642,5,4,1,0
4,5,1,6,3,-1.112,1,0.658,-0.121,0.05,5,6,4.0,6,2.086,5,4,6,5,1.538,0.0,1,0.0,6,1,6,6,3,6,5,3,5,1,-1.684,5,2,7,0
4,7,3,1,7,2.212,1,-1.214,-1.424,0.959,4,4,7.0,5,1.206,7,1,0,3,-1.85,0.0,1,563.58,1,1,7,5,7,5,0,5,0,3,-1.617,6,6,3,1
3,5,6,5,3,-0.115,4,0.613,0.129,0.103,5,0,1.0,1,-0.094,4,7,1,6,5.452,0.0,5,0.0,2,5,4,5,4,0,1,4,1,2,0.775,7,1,6,0
7,5,3,7,2,0.686,3,-0.267,0.156,0.269,1,2,2.0,0,0.36,0,6,6,5,-0.958,0.0,0,0.0,4,6,1,3,4,3,0,6,2,2,1.215,3,0,0,0
6,4,6,4,3,0.682,2,-0.848,-0.236,-1.033,4,0,5.0,2,0.006,4,4,4,0,3.813,0.0,2,0.0,3,3,7,1,7,7,2,1,6,6,0.197,6,3,7,0
3,4,7,3,6,0.939,3,0.075,0.351,0.141,3,3,2.0,7,0.427,1,1,4,6,2.765,0.0,2,0.0,5,0,0,1,5,0,2,7,3,1,0.912,2,7,0,0
6,1,5,5,2,0.685,0,-1.101,-0.335,-0.146,6,3,4.0,1,-0.257,4,5,2,0,0.762,0.0,4,0.0,3,5,3,6,6,5,7,6,7,7,-1.422,2,7,1,0
4,0,7,6,2,0.471,2,-0.407,-0.591,-0.474,1,0,4.0,0,-4.143,4,6,1,6,-1.258,0.0,3,0.0,0,6,1,1,0,6,5,0,7,1,0.248,4,3,0,0
2,1,0,3,7,2.422,7,-1.444,-0.745,1.051,5,2,3.0,3,-2.348,0,0,5,0,-2.117,0.0,3,0.0,0,1,3,7,0,2,6,4,0,4,1.855,6,5,4,0
2,6,4,4,7,-0.001,2,1.651,1.442,-0.22,7,1,1.0,1,1.06,7,1,2,0,5.168,0.0,1,0.0,3,7,0,2,1,0,3,5,6,1,0.743,1,5,7,0
2,0,3,4,4,1.56,6,0.258,-0.394,0.006,7,6,2.0,6,-0.378,5,6,3,1,0.613,0.0,4,0.0,3,7,3,6,4,5,4,2,2,3,0.026,5,6,1,0
7,0,2,2,5,0.196,0,-0.841,-1.032,-1.205,2,6,3.0,2,0.87,5,3,6,0,0.5,0.0,7,0.0,3,0,6,0,4,5,5,7,7,4,0.084,0,2,4,0
0,3,7,7,7,-0.523,4,1.305,1.391,0.111,2,2,1.0,4,1.453,5,0,6,6,0.983,0.0,7,0.0,3,6,0,4,0,6,6,6,3,0,-0.196,6,0,1,0
4,2,2,6,4,-0.785,6,0.269,0.765,0.658,5,0,3.0,1,2.144,5,1,5,1,-2.381,0.0,1,0.0,4,5,6,0,1,5,7,7,6,0,1.099,2,0,3,0
7,7,4,1,3,1.605,3,-1.154,-0.751,1.566,0,3,5.0,7,-1.891,5,4,5,3,-1.237,0.0,0,0.0,2,3,6,6,6,3,7,3,2,0,-4.354,0,7,2,0
5,3,3,6,7,0.863,2,0.131,-0.157,0.451,3,0,4.0,6,1.316,4,5,4,4,1.625,0.0,0,0.0,6,3,1,4,6,1,1,3,7,1,-2.966,4,5,6,0
3,5,3,1,4,-0.528,1,-2.044,-1.255,0.063,6,7,5.0,2,2.868,0,0,0,4,0.078,0.0,3,0.0,1,6,1,1,4,1,1,4,5,1,-1.229,2,6,0,0
6,1,7,3,2,-0.388,4,-2.587,-1.789,2.504,2,6,7.0,4,-2.638,4,4,7,7,0.351,0.0,7,469.04,5,4,3,1,1,0,2,4,3,1,-3.257,5,1,3,1
3,1,4,7,3,-1.274,7,1.331,0.532,0.183,6,4,1.0,1,1.158,3,7,6,0,-2.754,0.0,2,0.0,5,0,6,5,7,7,3,1,0,5,2.43,4,1,5,0
0,5,3,0,0,-0.42,7,-2.79,-2.178,-0.95,5,6,6.0,0,-0.527,5,7,2,6,1.582,0.0,7,0.0,6,7,1,7,0,7,2,1,2,7,-2.836,1,7,0,0
6,2,0,1,7,0.192,3,1.557,1.271,0.979,7,4,0.0,1,2.519,1,7,6,2,-2.843,0.0,5,0.0,1,1,0,3,0,0,7,7,5,7,2.586,1,3,7,0
6,2,6,5,5,0.019,7,-2.035,-1.886,-1.705,6,2,5.0,6,-2.787,2,1,4,1,-3.475,0.0,4,0.0,0,6,6,0,3,6,7,5,2,3,-2.802,5,5,5,0
5,5,6,3,0,-0.794,5,1.272,1.861,-1.262,2,5,0.0,3,-1.315,6,0,7,7,1.222,0.0,5,0.0,2,1,0,0,6,6,2,3,3,6,1.23,4,5,7,0
7,3,0,7,1,-0.402,6,1.301,0.658,0.478,0,1,3.0,3,0.634,5,4,6,4,1.4,0.0,4,0.0,6,4,6,5,6,6,4,1,2,5,1.736,3,1,0,0
1,1,4,3,7,1.712,4,-0.8,-0.759,-0.054,1,4,5.0,7,-1.928,6,4,4,5,1.237,0.0,7,0.0,2,1,2,2,6,4,3,6,3,3,-0.432,1,0,4,0
6,5,1,0,6,0.546,7,0.109,-0.636,0.171,7,6,2.0,2,-1.362,3,4,1,2,-1.706,0.0,4,0.0,1,5,4,3,4,7,4,6,6,1,-1.113,2,7,3,0
1,0,7,6,0,-0.199,5,-3.012,-1.605,0.792,3,0,6.0,1,-1.82,5,0,2,2,-0.705,0.0,2,0.0,4,0,7,5,3,6,4,4,7,1,-1.651,7,5,0,0
1,1,5,7,1,1.643,6,-1.346,-0.79,0.2,4,4,4.0,4,-2.589,1,4,2,0,0.01,0.0,6,0.0,2,0,1,4,2,5,2,3,3,5,-2.137,3,5,3,0
7,7,2,0,5,-0.972,5,1.371,0.716,-0.127,7,4,2.0,4,-0.584,0,1,2,0,0.837,0.0,1,0.0,4,2,0,7,2,1,0,2,5,2,1.531,4,5,5,0
2,7,3,7,3,-1.06,0,1.503,0.573,-0.939,4,7,4.0,5,-0.068,3,5,6,7,-1.098,0.0,5,0.0,7,1,3,6,5,4,2,4,0,0,-0.289,3,1,1,0
2,4,7,7,7,0.197,5,-2.035,-1.444,1.739,4,2,7.0,0,-5.034,2,3,6,1,-2.782,0.0,2,155.55,1,4,6,6,1,6,6,3,4,6,-0.916,2,7,3,1
1,1,1,2,2,-0.051,1,1.786,1.941,0.034,1,2,1.0,5,3.927,7,1,1,4,2.762,0.0,5,0.0,5,2,0,2,4,1,5,0,0,5,-0.381,6,0,6,0
2,3,1,5,7,-1.898,4,0.11,-0.151,0.305,0,2,2.0,4,0.199,3,4,5,5,1.546,0.0,0,0.0,0,3,7,0,1,4,6,2,2,7,1.388,2,5,2,0
7,5,0,5,7,0.543,5,-0.179,-0.463,0.191,3,1,5.0,7,-1.252,2,4,3,5,-0.384,0.0,6,0.0,3,6,7,6,7,6,1,4,7,5,0.267,1,0,1,0
4,3,6,6,0,-0.005,3,-1.264,-2.14,0.952,4,7,6.0,3,1.546,7,7,3,0,-0.596,0.0,4,0.0,5,5,1,2,1,0,1,5,2,2,-1.049,5,5,6,0
1,3,0,7,2,-0.533,4,-0.889,-1.015,-0.773,4,7,3.0,6,0.396,4,4,2,4,-0.421,0.0,0,0.0,4,1,3,0,3,1,5,2,6,1,0.108,5,0,2,0
5,4,0,5,7,1.472,5,0.672,0.325,-0.392,1,7,3.0,0,0.589,0,3,7,1,-0.629,0.0,6,0.0,7,5,3,2,0,4,5,2,3,4,1.229,7,5,0,0
2,7,1,5,3,-0.013,3,-0.681,-0.174,1.468,4,1,4.0,3,-1.909,4,2,6,3,-1.51,0.0,2,0.0,5,7,4,3,0,7,3,1,0,7,-0.792,7,3,7,0
0,3,3,7,6,0.3,5,1.028,0.01,-0.339,7,0,2.0,5,0.034,5,5,2,7,-2.208,0.0,2,0.0,4,5,0,0,4,0,1,0,4,3,-0.442,0,5,2,0
1,0,1,7,3,-0.847,4,-1.338,-0.959,-0.207,4,6,5.0,7,2.66,7,6,0,3,-4.142,0.0,3,0.0,6,2,7,4,1,5,1,2,3,2,-0.533,4,4,7,0
2,6,3,4,2,1.46,1,-1.825,-0.903,0.316,0,5,7.0,5,-4.146,5,6,7,7,-1.664,0.0,1,0.0,6,2,6,0,0,5,5,7,2,6,-1.079,7,5,7,1
3,2,1,0,3,-0.604,3,-1.782,-1.78,-0.135,1,6,6.0,2,-1.657,2,2,4,1,0.023,0.0,5,0.0,4,2,5,2,5,3,7,1,7,1,-1.465,1,0,3,0
1,4,7,4,0,-2.974,4,-0.326,0.035,-1.402,7,1,3.0,1,1.949,0,0,6,1,3.05,0.0,4,0.0,2,4,0,7,3,5,6,1,5,0,-0.051,1,7,5,0
5,1,1,3,2,-1.04,0,1.703,0.864,0.167,2,5,3.0,6,-0.246,6,0,5,2,5.395,0.0,2,0.0,7,1,3,6,1,2,1,2,6,1,0.133,5,7,2,0
0,0,2,3,4,0.186,1,0.7,1.426,-0.139,7,3,1.0,0,2.121,0,7,5,3,2.614,0.0,7,0.0,4,5,2,0,7,1,7,7,3,1,1.757,3,3,6,0
5,1,5,2,1,-0.141,6,-1.089,-1.346,-0.069,1,2,4.0,3,-2.397,1,7,6,3,-0.275,0.0,1,0.0,1,0,3,5,7,0,4,5,7,1,-2.073,3,7,0,0
4,4,1,3,4,0.949,5,-1.621,-2.054,-0.844,0,5,5.0,3,-1.052,3,1,1,1,-0.28,0.0,7,0.0,0,5,7,3,1,2,1,7,7,3,-1.316,1,2,2,0
3,5,2,1,3,-1.259,6,0.15,0.497,-1.264,5,4,3.0,2,-1.567,3,4,5,0,2.494,0.0,0,0.0,0,1,2,1,6,3,5,2,0,4,2.288,1,3,5,0
0,2,7,6,2,0.827,2,-0.802,-1.359,-1.859,5,4,6.0,0,-3.807,1,7,1,5,-2.186,0.0,6,0.0,0,4,5,7,1,3,5,4,5,5,-0.839,6,6,4,0
6,7,5,1,4,-1.265,5,2.162,1.215,-0.339,5,4,1.0,4,2.198,1,7,3,1,2.62,0.0,2,0.0,4,6,7,2,0,1,4,1,1,0,1.741,3,3,6,0
7,7,7,2,4,1.573,4,1.163,1.098,1.286,5,0,3.0,5,2.691,4,7,4,2,-3.048,0.0,2,0.0,5,6,7,5,2,7,2,3,4,2,0.853,0,7,7,0
5,0,3,7,6,-0.343,1,-1.046,-0.852,-0.233,6,5,5.0,0,-0.998,5,1,3,4,-0.891,0.0,0,0.0,7,7,1,6,0,0,0,6,5,0,-1.959,4,2,7,0
5,6,0,1,6,0.252,6,-1.54,-1.438,-0.557,6,4,6.0,1,-1.913,4,1,4,2,-2.565,0.0,7,0.0,7,3,2,7,1,0,3,6,0,1,-1.752,7,6,3,0
7,2,7,6,6,-2.134,1,-0.65,-0.513,-1.118,1,7,2.0,2,2.838,0,5,3,3,0.807,0.0,7,0.0,1,5,1,4,1,1,6,6,0,3,-0.594,0,1,4,0
2,7,3,2,3,0.957,4,0.211,0.268,0.015,3,5,3.0,7,-2.493,3,6,7,2,-1.735,0.0,1,0.0,3,1,2,3,5,7,4,7,4,0,0.397,0,7,2,0
7,1,0,1,5,0.858,6,0.671,-0.286,-1.478,3,5,5.0,0,0.364,1,0,4,3,-2.426,0.0,3,0.0,5,2,0,4,7,7,2,0,1,4,-1.33,3,1,1,0
3,3,0,3,5,-0.241,3,1.695,1.658,1.057,7,7,2.0,4,4.264,4,4,2,6,3.403,0.0,7,0.0,3,7,7,5,4,5,3,5,6,5,1.933,7,0,2,0
0,3,5,6,6,0.997,5,-0.414,-0.645,-2.38,0,7,4.0,6,0.055,6,5,2,1,1.095,0.0,2,0.0,6,4,5,3,4,7,2,1,1,4,1.385,0,3,1,0
0,2,6,7,3,-1.228,2,0.094,0.274,1.008,5,3,4.0,0,-0.407,6,3,6,6,-2.395,0.0,1,0.0,5,7,5,2,5,1,4,6,6,4,-1.633,4,3,6,0
5,2,4,3,4,-0.116,2,2.099,2.77,-1.119,4,2,1.0,4,3.223,3,2,3,6,4.506,0.0,5,0.0,7,0,0,5,1,2,3,0,5,2,2.638,7,4,0,0
3,3,2,7,3,1.242,7,2.585,1.857,0.941,3,4,2.0,4,-0.011,2,5,5,4,1.599,0.0,4,0.0,1,2,7,6,2,4,0,1,4,1,0.056,2,7,0,0
1,1,5,3,6,0.552,1,1.328,1.116,0.744,1,7,3.0,3,0.718,6,0,4,0,1.724,0.0,0,0.0,0,7,2,2,3,6,3,6,5,1,2.619,4,3,1,0
0,5,0,7,1,0.387,1,0.158,0.476,-0.013,3,0,1.0,4,0.318,6,5,5,0,-0.993,0.0,0,0.0,2,2,7,0,2,0,6,1,5,0,-0.613,2,7,0,0
6,0,7,0,6,1.3,5,-0.146,0.068,-0.147,6,2,3.0,2,0.547,5,0,1,3,0.061,0.0,3,0.0,3,4,7,1,1,0,3,0,6,2,-0.026,4,7,4,0
0,1,0,3,5,1.548,3,-0.209,0.064,1.221,1,5,3.0,7,2.988,5,3,0,3,-2.663,0.0,0,0.0,3,6,4,2,2,1,4,2,1,3,0.599,2,3,2,0
0,6,4,1,7,-1.263,1,3.133,2.298,-0.122,6,1,0.0,1,3.347,5,6,1,0,4.724,0.0,4,0.0,2,7,4,6,1,0,2,0,3,0,2.389,5,2,4,0
4,0,4,6,4,0.292,1,-0.643,-0.247,-0.644,4,4,4.0,7,2.473,1,6,6,0,1.935,0.0,3,0.0,1,6,3,4,6,1,2,2,6,3,1.751,6,1,2,0
4,2,1,2,2,-1.554,2,-0.13,-0.309,-0.749,4,5,5.0,4,-0.247,6,4,3,0,0.72,0.0,6,0.0,0,3,7,5,2,3,1,2,3,6,0.443,5,3,3,0
1,6,7,2,2,-1.617,5,-0.017,-0.248,-0.255,0,7,5.0,4,-1.875,1,1,5,7,-5.979,0.0,1,0.0,5,6,7,4,3,5,1,2,0,1,1.112,3,4,0,0
6,3,4,1,0,-0.037,5,-0.192,0.593,0.255,7,5,1.0,0,-1.082,2,7,2,2,-0.405,0.0,7,0.0,1,2,6,5,3,4,0,2,3,3,-2.035,1,6,6,0
0,7,5,1,4,0.755,7,1.272,1.475,-1.78,5,2,0.0,0,2.533,0,5,4,2,-0.017,0.0,1,0.0,7,1,6,3,7,6,2,7,3,5,2.169,1,0,7,0
2,1,6,2,4,1.432,5,0.738,-0.442,-0.448,3,5,3.0,1,-0.411,3,1,6,2,-2.215,0.0,7,0.0,4,1,1,6,5,5,4,0,7,2,-1.268,3,3,6,0
1,4,7,7,0,0.953,6,-2.919,-2.621,0.818,1,2,8.0,4,-2.408,7,2,3,5,0.157,0.0,7,535.26,4,5,7,0,0,5,3,4,7,7,-0.517,5,4,2,1
2,0,5,0,0,0.893,5,-0.303,-0.659,-0.141,7,5,5.0,6,-1.201,3,0,4,3,-1.655,0.0,6,0.0,5,5,3,0,5,6,7,2,3,2,0.825,2,7,6,0
4,0,6,4,0,-0.057,5,-2.414,-0.865,-0.516,5,1,6.0,7,-1.991,3,0,1,0,3.726,0.0,6,0.0,6,2,2,2,2,1,0,6,3,2,-0.259,4,4,7,0
5,0,3,2,2,0.026,3,-0.409,0.707,1.246,7,6,3.0,3,0.873,3,1,4,6,1.122,0.0,5,0.0,3,4,0,3,2,0,2,1,1,2,0.079,7,3,2,0
1,7,4,5,5,0.154,4,0.446,0.035,-0.898,4,5,2.0,5,0.215,6,6,6,3,3.397,0.0,0,0.0,7,0,3,5,7,5,0,6,5,1,-0.101,5,3,6,0
0,5,2,1,2,0.274,3,-0.034,0.397,-0.612,6,4,2.0,4,-0.691,7,4,1,4,2.196,0.0,2,0.0,2,2,1,1,2,6,5,5,1,0,0.989,3,6,3,0
5,1,1,7,2,1.06,4,0.426,0.452,0.243,7,5,1.0,0,0.7,7,5,4,4,4.233,0.0,4,0.0,7,2,4,4,2,1,7,5,0,5,1.361,2,5,2,0
1,4,4,6,6,-0.892,1,-1.204,-0.652,0.077,7,1,3.0,6,-2.385,0,7,0,5,-0.96,0.0,0,0.0,0,0,5,5,0,1,1,7,6,6,-1.046,0,2,4,0
3,0,0,2,3,0.043,6,0.005,-0.095,2.061,1,5,4.0,3,0.466,3,2,2,7,0.21,0.0,7,0.0,0,3,6,7,2,4,7,7,0,3,-1.25,2,1,4,0
2,5,2,4,6,0.832,1,1.617,0.435,-0.567,3,5,1.0,3,0.099,6,2,5,3,-2.581,0.0,3,0.0,5,3,1,0,6,2,0,2,1,0,-0.504,4,2,5,0
5,0,1,4,7,-0.334,0,1.797,0.451,1.3,2,5,2.0,0,3.198,4,7,0,2,-1.03,0.0,0,0.0,2,3,4,5,4,6,1,5,1,0,4.823,6,3,6,0
3,1,4,7,2,2.124,3,-0.674,-1.359,-0.822,0,5,5.0,7,-2.399,5,7,7,1,-3.32,0.0,3,0.0,3,0,0,6,1,5,7,3,1,7,-2.63,7,1,4,0
0,0,1,3,7,-0.723,2,2.124,0.704,0.799,4,5,2.0,5,-1.549,2,7,2,1,-0.479,0.0,3,0.0,2,5,6,3,4,6,2,5,4,2,0.081,5,0,1,0
0,2,5,1,1,-0.216,2,1.739,1.644,1.176,6,6,2.0,3,3.902,1,5,1,6,3.332,0.0,3,0.0,7,0,6,1,3,1,4,2,6,3,4.086,3,3,0,0
5,1,5,4,5,-0.445,6,-0.936,-0.795,2.134,0,2,3.0,2,-1.244,1,7,1,4,1.282,0.0,6,0.0,1,4,1,7,7,4,1,6,2,7,-1.843,2,7,4,0
2,6,6,5,0,0.32,7,0.515,-0.186,1.396,1,7,3.0,6,2.187,0,6,1,2,0.025,0.0,4,0.0,0,2,2,6,5,1,7,7,3,4,-0.465,7,6,5,0
6,4,3,6,2,0.311,0,-0.545,-0.241,-1.292,5,6,2.0,1,-0.121,4,6,0,0,0.077,0.0,3,0.0,0,3,2,4,2,5,6,0,2,3,-0.963,7,7,1,0
6,1,6,2,5,0.618,4,-0.419,-0.525,-1.013,3,1,4.0,1,-1.257,1,3,3,4,-1.31,0.0,3,0.0,6,7,1,2,5,5,4,1,5,2,-1.412,5,2,3,0
3,6,5,1,7,-0.78,2,0.502,0.097,-1.257,2,6,4.0,5,2.355,3,2,7,6,1.947,0.0,1,0.0,6,3,6,4,1,7,7,6,2,5,-1.952,0,6,5,0
6,5,7,6,7,-1.34,3,-0.43,0.136,-0.116,3,2,4.0,3,1.293,0,5,2,0,-2.279,0.0,5,0.0,3,6,1,5,5,6,1,7,3,4,-1.036,5,3,4,0
5,5,0,3,2,-0.92,1,-0.946,-1.107,0.474,1,1,6.0,5,-0.879,0,3,5,2,-2.018,0.0,4,0.0,7,7,2,0,6,6,6,0,6,0,-0.957,3,2,5,0
2,0,0,5,3,-0.969,5,0.674,0.914,-0.954,3,5,1.0,5,-0.195,0,1,5,2,0.637,0.0,3,0.0,1,5,4,7,4,2,1,7,2,4,0.784,5,4,4,0
5,4,5,4,5,-1.082,2,2.219,1.381,0.695,5,0,0.0,2,0.771,4,3,6,2,1.021,0.0,1,0.0,5,4,6,4,5,5,1,1,6,5,2.607,1,2,2,0
3,2,3,3,4,1.812,4,0.389,0.472,-0.067,6,5,2.0,7,0.18,1,0,3,2,-6.543,0.0,3,0.0,4,7,5,7,4,2,0,1,7,7,0.309,5,7,1,0
1,5,6,0,7,-0.675,7,-1.069,-0.946,0.413,1,4,6.0,4,-1.87,0,3,7,1,-2.169,0.0,2,0.0,0,1,0,6,7,2,5,4,4,2,-2.467,0,7,6,0
4,2,5,5,6,1.117,2,0.055,0.449,1.342,4,1,2.0,1,1.81,7,6,3,0,0.917,0.0,1,0.0,0,6,6,5,3,3,4,2,3,6,1.153,3,6,4,0
2,0,5,5,7,1.534,2,0.749,0.751,-1.428,0,6,1.0,1,0.65,6,5,4,1,-2.068,0.0,1,0.0,7,7,3,7,5,7,5,2,4,7,0.166,2,7,2,0
6,4,0,6,5,-0.023,1,1.419,1.368,-0.89,2,3,2.0,0,1.324,1,7,6,5,0.466,0.0,2,0.0,4,1,3,7,1,0,5,6,1,5,2.654,4,6,1,0
4,3,5,4,2,-2.218,3,-1.964,-0.835,-0.274,7,1,5.0,1,0.002,4,7,1,3,-4.638,0.0,4,0.0,7,1,5,4,7,6,0,0,4,5,-2.091,7,3,3,0
2,4,0,6,1,-0.977,4,0.641,0.283,-0.366,4,6,3.0,3,-0.609,4,7,1,0,-7.097,0.0,2,0.0,7,4,7,2,4,5,6,0,7,6,1.2,7,1,5,0
1,0,5,3,6,-0.601,2,-0.145,-1.065,-0.655,0,0,4.0,6,1.941,5,4,2,3,-0.575,0.0,5,0.0,4,2,6,5,7,6,6,2,6,4,-1.89,4,0,7,0
5,1,6,6,6,-0.786,4,-0.781,0.088,-0.036,2,3,3.0,6,0.986,5,7,6,0,-2.025,0.0,4,0.0,0,4,6,5,5,7,4,2,4,3,-1.087,1,2,3,0
3,0,5,0,3,-2.254,1,-1.149,-0.933,0.1,7,4,4.0,0,-1.441,2,2,6,5,2.811,0.0,5,0.0,0,0,6,5,1,0,6,1,7,2,0.783,4,5,0,0
3,2,5,2,3,1.033,3,0.602,1.003,-1.649,5,1,2.0,3,1.23,7,0,2,4,2.809,0.0,3,0.0,7,2,6,6,7,1,3,3,7,6,-0.283,0,2,0,0
1,0,1,3,3,0.615,2,-0.292,-0.09,-0.612,5,1,2.0,3,-1.46,1,5,5,0,5.604,0.0,5,0.0,3,3,4,5,4,4,3,5,0,1,-3.177,7,6,5,0
6,1,0,4,1,0.131,2,1.729,2.187,-1.28,7,0,1.0,3,0.678,3,0,6,7,0.664,0.0,1,0.0,0,5,7,1,1,4,0,7,7,3,2.731,0,2,2,0
0,1,5,7,0,0.455,1,1.426,0.662,-1.465,7,1,2.0,6,-1.658,7,3,0,5,-0.134,0.0,6,0.0,6,4,3,2,7,5,4,2,6,6,-0.483,2,5,2,0
5,6,4,0,1,-0.81,0,0.675,0.51,1.375,1,1,2.0,5,0.529,7,7,0,4,-2.058,0.0,0,0.0,3,7,5,5,3,5,3,4,7,1,2.078,4,6,5,0
2,2,0,7,4,1.585,5,0.078,-0.518,-0.4,7,2,4.0,3,-1.1,6,0,2,7,0.28,0.0,6,0.0,5,2,3,1,2,0,5,2,4,6,-0.368,1,0,7,0
5,5,3,0,4,0.539,7,0.198,-0.022,1.443,3,5,4.0,2,1.555,6,7,0,3,1.423,0.0,5,0.0,3,1,7,2,4,5,4,4,7,5,1.641,2,3,6,0
1,5,0,5,4,0.207,1,-1.053,-1.632,-0.278,6,5,6.0,6,-2.284,0,2,7,2,2.329,0.0,4,0.0,0,5,6,2,3,0,5,7,2,0,0.277,5,2,7,0
5,6,1,0,4,-0.449,3,-0.715,-1.497,1.156,3,5,5.0,3,-2.914,4,6,0,2,2.997,0.0,4,0.0,1,7,0,4,7,7,2,3,2,3,-1.69,6,5,1,0
1,7,6,4,2,-0.102,1,0.696,0.052,-0.131,3,6,2.0,1,0.133,0,7,6,3,-2.139,0.0,5,0.0,2,0,2,0,4,6,5,2,2,0,-0.037,6,1,0,0
3,5,7,3,6,0.087,1,-0.153,0.354,0.098,7,1,2.0,1,0.281,2,1,1,4,-2.897,0.0,0,0.0,5,4,6,1,4,6,7,2,6,4,1.197,0,4,6,0
2,7,6,2,1,-1.829,6,1.701,2.093,1.19,6,7,-0.0,5,2.219,2,6,0,6,1.765,0.0,1,0.0,3,0,1,4,5,2,5,2,5,5,-0.141,3,7,1,0
1,4,5,7,7,-2.401,2,-0.531,0.587,-0.622,6,7,3.0,5,-0.157,5,6,2,1,0.465,0.0,0,0.0,1,4,0,4,0,3,0,6,3,0,2.367,6,7,7,0
2,2,4,4,1,0.975,6,1.767,0.82,0.845,6,5,2.0,7,2.597,4,1,3,4,2.702,0.0,3,0.0,7,1,5,6,7,3,3,3,7,5,-0.297,5,7,2,0
2,2,3,2,5,2.576,4,0.039,-0.344,-0.555,7,2,3.0,1,-1.699,5,0,3,4,-0.713,0.0,5,0.0,4,2,7,5,4,6,3,3,0,4,-0.228,0,7,7,0
4,2,0,5,6,-0.254,7,0.47,0.678,-2.051,1,0,2.0,5,-0.567,7,3,1,0,1.509,0.0,7,0.0,5,2,7,4,2,5,5,1,2,7,0.265,1,0,6,0
0,4,3,6,5,0.139,4,1.3,1.582,1.718,2,0,2.0,6,1.141,1,0,0,3,0.953,0.0,1,0.0,2,3,0,7,7,5,7,7,6,2,0.808,3,1,5,0
6,6,7,0,2,-0.564,6,-0.954,-0.716,-0.559,3,2,5.0,6,-0.93,5,5,0,1,-2.051,0.0,2,0.0,6,0,3,6,5,0,3,5,6,3,-0.321,6,7,7,0
7,5,0,1,3,-0.159,2,-2.203,-0.785,1.091,2,0,3.0,2,-2.381,1,1,1,6,0.451,0.0,7,0.0,1,2,5,2,1,5,2,3,0,4,-0.095,3,6,7,0
3,4,4,7,6,1.028,0,-0.977,-0.757,1.169,5,6,4.0,4,-1.467,3,2,7,1,0.853,0.0,1,0.0,2,5,1,4,1,2,2,7,7,7,2.216,4,2,1,0
3,3,5,3,6,0.431,0,-1.661,-0.729,-0.174,5,1,3.0,0,-3.776,2,1,5,1,-3.355,0.0,3,0.0,0,3,6,2,3,2,1,3,7,6,-1.335,2,3,3,0
3,7,2,4,6,-0.205,3,-0.838,-1.043,0.499,6,7,6.0,2,-0.678,1,5,5,1,-1.1,0.0,3,0.0,5,3,6,7,6,0,0,2,6,5,-1.22,1,2,6,0
3,5,4,3,4,1.904,2,2.138,0.625,0.541,2,6,1.0,7,2.932,1,4,0,6,0.363,0.0,0,0.0,3,1,0,0,6,3,2,7,5,3,1.303,5,0,1,0
7,1,4,3,3,0.849,3,0.376,1.262,-0.83,4,2,2.0,6,-0.214,2,6,4,1,-3.609,0.0,3,0.0,7,1,0,4,7,5,0,0,0,3,0.971,5,1,7,0
2,4,2,6,3,-0.417,0,0.597,0.527,0.662,1,6,3.0,2,-2.029,2,6,6,7,1.877,0.0,5,0.0,4,2,3,7,5,5,1,0,2,7,0.37,4,1,7,0
3,5,5,2,1,-0.67,2,1.306,0.695,1.647,1,6,1.0,5,1.153,5,2,6,5,2.602,0.0,7,0.0,3,3,1,5,1,0,1,4,5,7,0.767,5,6,6,0
2,0,3,1,2,1.564,0,-0.851,-0.087,0.624,4,3,3.0,2,-0.125,7,0,3,0,-2.582,0.0,3,0.0,4,6,3,0,6,3,2,5,6,3,1.454,0,1,5,0
3,5,2,4,1,-0.369,5,1.641,1.996,-0.202,4,6,1.0,6,2.6,0,5,5,0,2.123,0.0,7,0.0,7,4,6,2,3,7,3,1,5,1,0.579,1,2,7,0
7,7,7,6,6,0.97,1,-0.632,0.26,0.603,4,1,3.0,4,3.419,5,2,6,0,2.347,0.0,0,0.0,0,7,1,4,0,5,6,1,1,1,0.366,5,7,2,0
0,2,4,7,2,0.474,3,0.314,-0.326,0.674,4,5,3.0,1,-1.771,5,5,7,7,-2.638,0.0,7,0.0,0,5,5,3,4,4,1,4,6,4,-0.103,0,3,0,0
0,6,5,1,2,-0.379,1,-3.079,-3.277,-0.297,0,3,8.0,0,-4.31,7,6,5,6,-3.288,0.0,0,265.85,3,2,2,2,7,5,7,0,0,3,-4.368,0,7,5,1
4,4,7,4,3,-0.277,0,-0.287,0.125,-1.974,1,5,5.0,1,0.873,4,6,1,4,-5.655,0.0,4,0.0,2,1,6,3,2,3,7,6,5,5,0.228,7,1,1,0
6,7,7,4,5,-0.803,4,0.261,1.47,-1.022,7,2,1.0,7,0.828,2,2,0,4,3.07,0.0,2,0.0,7,4,6,7,5,0,2,7,2,3,2.632,0,1,6,0
6,4,0,5,3,-0.803,1,-0.545,-1.394,0.579,3,2,6.0,3,-1.092,2,6,6,0,1.978,0.0,7,0.0,2,3,2,4,0,5,5,5,5,4,-1.993,1,7,5,0
0,3,4,5,0,1.904,7,-1.735,-0.463,-0.404,6,0,4.0,2,2.311,2,5,3,2,0.831,0.0,3,0.0,4,4,1,7,5,2,0,3,2,0,-1.551,5,2,2,0
5,5,5,5,0,0.399,4,-1.952,-1.038,-0.768,1,4,5.0,4,-0.608,4,4,0,3,-0.684,0.0,2,0.0,2,7,5,1,3,6,3,3,7,1,-2.152,1,3,2,0
3,2,3,5,6,-0.69,3,-1.314,-0.968,0.024,4,7,5.0,0,-1.025,0,5,4,7,1.903,0.0,5,0.0,4,4,4,0,6,5,1,1,5,6,0.008,7,4,1,0
5,1,1,7,4,0.128,4,-1.025,-1.202,-0.802,5,3,5.0,1,-3.219,1,0,3,3,-1.581,0.0,0,0.0,2,1,5,2,3,6,5,2,0,5,-0.073,0,2,1,0
4,4,7,7,6,-0.887,4,1.191,0.911,0.798,6,4,1.0,1,3.538,0,2,3,1,0.463,0.0,4,0.0,3,0,0,7,5,1,0,7,3,2,3.232,5,4,1,0
1,5,0,3,0,-1.285,6,0.873,0.748,0.421,3,2,2.0,1,2.182,4,6,7,4,3.572,0.0,5,0.0,4,5,6,7,3,2,3,4,1,0,0.692,5,1,2,0
3,7,4,7,1,-2.373,4,0.636,-0.043,0.251,4,2,4.0,5,-1.29,6,4,6,2,3.848,0.0,5,0.0,4,1,2,5,1,0,6,0,0,7,0.896,0,4,6,0
4,6,4,7,7,-0.11,3,-0.087,0.634,0.251,4,7,3.0,1,2.236,5,2,3,5,2.76,0.0,5,0.0,1,7,2,7,1,6,6,6,2,6,1.949,4,4,6,0
5,0,1,2,2,-0.791,6,-1.405,-1.591,0.896,4,4,5.0,2,-2.055,3,1,3,6,-1.058,0.0,1,0.0,0,6,3,4,3,0,4,7,3,7,1.009,3,4,7,0
0,2,4,5,5,-1.79,7,-0.828,-0.695,0.029,4,6,5.0,0,-1.507,3,4,0,6,-3.918,0.0,4,0.0,5,6,1,5,5,7,0,7,0,1,-1.287,5,7,2,0
2,4,7,2,4,-1.223,6,0.335,-0.832,-1.181,1,0,3.0,1,-0.968,4,7,4,5,-2.007,0.0,1,0.0,4,6,4,0,7,1,6,3,4,0,-0.935,4,5,4,0
6,1,6,4,3,-0.012,5,0.753,0.518,0.741,7,3,2.0,4,2.893,2,0,5,0,-0.334,0.0,4,0.0,6,7,7,1,2,0,5,0,4,5,1.358,5,5,4,0
5,6,4,5,7,-0.075,7,0.302,1.393,-0.152,5,5,1.0,3,2.462,6,4,0,1,2.089,0.0,2,0.0,7,2,2,0,1,1,3,3,6,7,2.783,0,7,0,0
0,3,0,4,2,0.007,5,0.751,0.136,1.165,0,0,3.0,0,0.1,4,4,3,4,-4.064,0.0,6,0.0,3,7,3,6,1,6,7,3,6,5,-0.552,0,7,5,0
6,7,4,3,4,0.278,3,0.395,0.83,-0.945,6,5,2.0,2,2.228,5,0,6,3,5.933,0.0,7,0.0,7,7,1,5,5,4,0,4,0,7,0.921,5,5,6,0
5,4,4,4,2,-1.032,0,1.846,1.476,1.268,5,7,0.0,0,3.754,6,6,1,6,-0.379,0.0,2,0.0,6,1,0,1,5,3,6,3,7,2,-0.202,1,2,5,0
4,3,7,1,3,-0.26,2,-0.584,0.72,1.261,5,5,2.0,7,2.47,1,7,0,2,-0.469,0.0,6,0.0,5,1,4,2,6,5,0,7,0,6,1.377,0,2,3,0
0,5,3,3,0,0.278,5,0.21,0.294,1.226,4,1,4.0,5,0.346,4,0,3,7,-1.017,0.0,5,0.0,1,2,5,5,2,5,2,2,1,4,-1.263,6,1,4,0
0,1,3,6,6,0.804,2,-1.4,-0.708,-1.153,4,4,6.0,1,-1.623,5,5,6,1,3.087,0.0,0,0.0,6,1,6,3,6,5,7,3,1,3,-0.397,0,4,4,0
7,0,7,4,2,1.293,0,2.113,0.855,0.009,1,0,1.0,5,1.886,1,5,1,7,1.695,0.0,3,0.0,5,7,7,3,1,7,5,7,5,4,1.792,0,7,5,0
0,7,5,6,2,-1.613,3,-1.959,-1.523,0.003,4,7,5.0,4,-1.114,3,1,2,7,-2.836,0.0,2,0.0,7,6,3,7,7,0,4,4,3,4,-0.425,5,1,0,0
7,1,6,6,4,0.961,7,1.88,2.323,-0.325,2,0,1.0,4,2.088,2,4,4,6,2.419,0.0,0,0.0,4,3,4,1,1,4,5,5,1,5,1.767,3,1,1,0
5,1,5,3,2,0.265,1,0.056,-0.044,-0.731,5,3,2.0,0,0.163,4,3,0,3,0.275,0.0,7,0.0,6,5,2,4,1,2,6,4,3,7,1.181,5,3,3,0
1,3,7,0,2,-1.379,4,-0.824,0.137,0.092,0,6,4.0,3,0.284,6,0,6,3,-3.502,0.0,4,0.0,0,3,1,3,4,3,1,4,2,2,-1.447,5,3,4,0
6,2,5,2,7,-0.311,0,-1.552,-0.856,0.183,1,6,5.0,3,-0.571,4,4,2,0,-4.851,0.0,1,0.0,4,4,7,1,3,4,2,4,2,1,-2.112,4,2,4,0
5,5,5,5,3,-0.94,1,-0.136,0.431,1.498,2,6,2.0,2,-0.182,7,0,3,5,3.377,0.0,5,0.0,0,3,1,5,4,7,7,0,6,2,-1.067,0,0,1,0
6,7,4,4,0,0.053,1,0.241,0.092,-0.162,7,0,3.0,6,-2.866,7,3,3,3,1.534,0.0,2,0.0,2,0,3,3,7,5,6,7,7,4,-0.008,1,5,6,0
1,1,4,4,3,-1.002,4,-0.764,-0.427,1.157,1,5,6.0,1,-1.616,4,7,1,5,1.714,0.0,6,0.0,0,3,2,7,7,4,0,3,3,6,1.009,7,3,2,0
3,6,4,3,5,-1.125,2,-0.297,-0.823,1.922,0,4,5.0,1,-0.201,7,4,1,2,0.583,0.0,3,0.0,1,6,3,2,2,0,5,2,5,1,-1.273,1,4,4,0
3,5,2,0,3,-0.542,1,0.07,0.402,1.938,6,1,1.0,5,1.757,4,2,7,1,0.251,0.0,7,0.0,1,4,5,5,5,3,6,0,7,4,1.007,5,4,0,0
1,1,4,2,6,-0.589,0,-1.612,-1.14,-0.082,7,3,5.0,0,-0.739,0,1,3,6,-4.298,0.0,6,0.0,4,3,4,0,0,7,6,6,0,3,-3.272,2,2,1,0
7,1,1,6,6,-0.363,1,-0.38,-0.244,0.052,7,5,3.0,5,-1.032,1,3,2,2,-0.984,0.0,7,0.0,1,1,0,2,2,5,1,4,4,5,0.63,1,3,1,0
6,1,6,5,0,-0.612,3,-1.319,-1.357,-1.908,5,1,5.0,1,-0.983,2,6,2,4,-3.444,0.0,6,0.0,4,5,3,7,6,7,2,4,4,7,-1.863,1,5,5,0
7,2,7,4,3,0.051,6,1.537,1.377,0.453,5,7,2.0,3,0.282,3,7,0,3,1.562,0.0,2,0.0,6,2,0,7,7,7,3,2,7,4,-1.169,7,0,7,0
6,2,6,0,0,0.891,6,-0.604,-0.842,-0.242,1,2,4.0,1,0.32,0,3,1,7,-0.08,0.0,5,0.0,1,7,0,3,5,7,6,3,2,4,-0.848,6,6,4,0
1,2,1,6,2,-0.636,7,-1.641,-1.11,-0.31,5,5,5.0,3,-2.505,7,1,1,2,1.766,0.0,2,0.0,0,7,0,0,1,1,1,1,1,7,-2.166,4,7,0,0
4,6,7,4,0,-1.031,0,1.792,1.804,-1.525,4,7,1.0,7,4.219,1,2,3,3,-1.636,0.0,3,0.0,0,1,1,1,7,1,7,2,2,6,1.066,2,3,4,0
4,2,2,0,5,-1.029,6,-0.256,-0.69,0.423,6,2,4.0,4,0.635,3,1,3,7,-1.11,0.0,5,0.0,0,3,0,0,6,3,3,3,6,1,0.401,0,3,6,0
7,4,1,5,7,0.529,0,0.246,0.141,-1.103,0,7,4.0,1,2.41,6,3,2,5,4.416,0.0,4,0.0,7,7,2,5,5,6,4,5,1,1,0.118,3,2,3,0
1,2,5,3,3,0.891,1,1.305,0.965,-0.452,3,2,3.0,2,1.279,6,3,0,7,-0.987,0.0,5,0.0,6,0,5,6,1,4,5,4,2,0,1.62,1,1,7,0
3,1,7,5,1,1.286,6,0.048,0.13,-0.318,1,1,3.0,4,1.351,5,4,2,5,2.6,0.0,3,0.0,6,2,7,0,7,3,1,1,4,3,2.274,6,2,4,0
0,0,0,7,2,0.382,2,-1.421,-1.168,-0.731,2,6,4.0,5,1.369,4,6,7,6,-2.105,0.0,6,0.0,4,6,4,2,7,5,5,3,3,5,-0.898,3,0,5,0
5,6,7,3,1,0.342,6,-0.79,-0.388,-2.427,6,4,3.0,1,0.192,7,3,6,4,-2.818,0.0,4,0.0,3,4,1,2,4,5,0,3,6,3,-0.645,7,3,1,0
6,3,0,3,4,-0.154,3,0.33,0.517,-0.684,0,7,3.0,1,1.244,0,5,4,6,-1.977,0.0,3,0.0,2,7,2,5,6,2,0,6,3,0,3.157,4,4,0,0
2,5,6,1,3,-2.188,0,-0.821,-0.376,0.231,6,3,2.0,4,1.529,1,3,2,3,-1.158,0.0,7,0.0,0,7,5,1,2,3,1,6,0,3,0.225,4,4,6,0
1,4,7,0,1,-1.015,5,-1.255,-1.349,-0.308,0,2,6.0,0,-2.451,0,0,2,0,-4.623,0.0,5,0.0,3,2,0,5,2,4,7,7,3,1,-0.447,4,6,2,0
6,5,4,6,2,-0.968,4,-0.058,-0.356,-0.466,6,7,5.0,4,1.01,6,2,4,6,-2.848,0.0,2,0.0,4,7,6,5,0,3,3,2,6,6,-1.617,0,2,1,0
0,7,0,0,5,0.308,2,2.689,2.005,0.347,7,4,1.0,3,0.279,4,3,1,2,4.558,0.0,1,0.0,2,1,2,5,4,0,2,1,4,7,1.329,0,5,7,0
5,3,4,4,2,-2.316,1,2.811,2.609,-0.495,6,7,0.0,2,5.178,6,5,1,6,7.307,0.0,1,0.0,7,7,5,0,3,3,4,3,4,4,3.823,1,4,3,0
6,4,7,5,1,0.015,3,-1.219,-1.033,-1.533,2,2,3.0,5,0.014,5,2,5,3,0.346,0.0,5,0.0,5,1,5,6,6,0,7,3,2,4,-0.63,7,4,3,0
4,0,7,0,0,-1.325,3,0.721,1.625,0.338,6,2,2.0,5,3.073,7,4,6,5,3.229,0.0,0,0.0,0,3,1,2,0,7,5,1,0,1,-1.871,5,4,5,0
6,3,6,7,2,0.045,5,0.149,0.941,-0.38,4,0,2.0,0,1.351,0,7,5,7,1.639,0.0,2,0.0,2,2,5,3,1,3,6,1,2,3,1.456,6,1,7,0
5,6,4,3,3,0.538,1,0.746,0.778,-1.637,4,7,2.0,5,-0.116,0,2,7,0,-1.3,0.0,7,0.0,6,7,0,4,0,4,2,7,4,6,0.505,6,1,0,0
7,2,0,1,7,-0.297,0,1.852,1.638,2.713,4,3,-0.0,0,-1.217,5,6,6,0,1.009,0.0,5,0.0,2,1,4,6,0,6,0,1,5,7,2.401,3,1,6,0
1,2,2,7,0,-0.113,1,1.447,0.806,0.477,6,2,2.0,6,-0.82,2,5,5,6,1.171,0.0,2,0.0,7,0,2,7,1,0,2,1,0,0,0.251,2,6,3,0
1,3,4,7,3,0.922,0,1.124,0.936,0.503,5,4,2.0,7,1.41,0,1,7,4,2.627,0.0,5,0.0,7,7,4,6,1,2,5,6,7,7,0.951,0,5,6,0
3,0,0,7,1,-0.356,3,0.863,0.155,-0.897,3,5,3.0,2,-1.652,6,3,7,6,-1.248,0.0,4,0.0,2,7,3,1,3,7,2,6,2,7,-0.324,5,7,2,0
6,6,1,5,1,0.56,1,-0.837,-1.32,0.547,7,6,5.0,2,-2.222,2,6,3,0,-1.538,0.0,3,0.0,0,7,0,6,3,4,0,5,4,0,-2.347,4,4,5,0
3,1,1,0,2,-1.069,6,-0.883,-0.609,1.082,7,1,4.0,7,-1.556,6,0,6,1,-1.604,0.0,1,0.0,0,7,7,4,2,7,6,2,0,2,-1.243,5,5,7,0
4,5,6,4,5,1.738,4,0.206,-0.192,1.226,4,6,3.0,7,0.479,1,5,3,5,-0.298,0.0,2,0.0,3,0,6,5,2,6,3,0,6,2,-0.727,2,4,6,0
7,0,0,0,6,0.405,5,-2.448,-1.192,-0.561,0,5,5.0,6,-3.085,7,6,0,7,-4.194,0.0,2,0.0,1,1,6,0,7,5,5,2,2,3,-3.301,1,4,2,0
5,4,2,3,1,0.399,4,-0.42,-1.589,-1.114,0,1,6.0,0,-1.848,3,0,0,3,5.361,0.0,4,0.0,6,1,1,5,1,5,5,1,4,3,-2.781,3,0,7,0
2,7,4,4,2,-0.978,4,-0.067,-0.394,-1.208,6,7,3.0,4,-0.326,1,5,0,5,4.149,0.0,4,0.0,0,2,7,2,7,5,1,2,5,1,-0.849,1,2,0,0
5,4,7,6,3,-0.651,6,0.918,-0.24,1.534,0,7,2.0,0,-2.103,5,1,7,7,1.744,0.0,7,0.0,5,4,0,0,2,3,2,4,6,3,0.369,5,6,3,0
2,7,4,7,6,-1.029,7,0.249,0.438,-0.287,3,1,1.0,6,0.828,3,6,0,1,2.786,0.0,5,0.0,0,3,7,7,4,7,3,6,7,3,0.294,5,0,7,0
2,4,4,7,2,-0.338,1,0.296,-0.402,1.341,1,4,4.0,1,1.396,0,5,2,0,-0.703,0.0,5,0.0,2,1,4,6,5,0,2,2,4,0,-0.137,4,0,5,0
3,6,4,7,2,-0.536,1,1.23,0.054,-1.073,4,3,4.0,4,-1.236,1,7,5,4,4.192,0.0,1,0.0,3,7,3,4,2,3,1,0,0,2,0.783,5,3,7,0
7,7,2,4,5,0.901,7,0.157,-0.025,-0.139,1,0,4.0,7,0.376,7,3,5,3,-0.182,0.0,3,0.0,4,3,3,2,5,6,4,0,4,0,-2.014,3,4,3,0
1,7,0,1,3,0.378,0,-0.442,-0.676,0.486,5,6,4.0,4,-0.151,3,7,2,2,-2.596,0.0,5,0.0,1,4,2,2,5,4,3,3,3,5,0.768,5,3,4,0
2,6,1,0,6,0.092,6,-0.492,-0.962,1.21,3,7,4.0,1,-1.042,0,6,4,0,-1.569,0.0,3,0.0,6,0,0,0,4,0,6,1,6,3,-1.11,3,4,6,0
0,0,5,5,2,-0.197,6,0.349,0.004,-0.211,3,5,3.0,6,2.836,4,7,0,1,-2.502,0.0,3,0.0,0,5,0,2,7,3,6,1,6,0,0.321,3,1,7,0
3,6,2,5,7,-0.897,1,1.073,1.626,0.354,1,5,1.0,2,-1.313,7,1,1,7,4.592,0.0,6,0.0,1,7,4,1,5,3,4,6,2,0,1.757,7,1,6,0
0,6,7,6,6,-0.001,5,0.327,-0.202,-1.737,0,7,3.0,2,0.206,3,7,2,4,-1.547,0.0,1,0.0,0,5,3,3,5,7,7,0,5,7,-0.231,6,1,3,0
6,1,2,6,5,-0.704,0,0.664,-0.801,0.323,7,4,6.0,2,1.234,0,5,2,7,-2.902,0.0,7,0.0,7,0,4,7,4,4,5,5,1,2,-1.691,2,3,0,0
3,0,3,6,4,1.588,2,-0.568,-0.249,-2.403,6,4,4.0,0,1.223,5,7,3,4,2.55,0.0,3,0.0,3,5,5,0,7,1,1,4,3,4,0.526,4,6,6,0
0,0,3,2,6,0.059,6,1.747,1.471,0.942,0,3,1.0,2,1.115,6,1,2,2,-3.477,0.0,4,0.0,7,3,2,4,5,3,0,5,6,5,-0.658,3,5,1,0
2,3,3,5,6,1.387,5,1.013,0.946,-0.242,3,5,1.0,7,1.026,1,1,6,3,6.218,0.0,1,0.0,5,5,2,3,0,3,7,2,4,3,2.724,2,4,2,0
7,5,3,3,6,-0.189,7,1.743,2.164,-0.754,1,4,0.0,7,2.088,6,6,3,7,3.596,0.0,3,0.0,3,1,4,0,4,5,6,5,5,6,2.704,6,1,2,0
0,2,7,0,5,0.264,0,-0.249,-0.46,0.62,0,1,4.0,2,-0.848,3,0,1,1,-3.479,0.0,3,0.0,4,6,5,5,6,5,0,3,5,0,0.147,7,6,1,0
2,1,6,2,7,-0.078,2,0.332,-0.172,-1.615,2,3,2.0,2,0.932,1,2,7,3,-1.337,0.0,0,0.0,2,7,4,7,3,7,0,3,2,5,-0.01,1,0,7,0
4,6,6,7,3,0.851,6,1.487,1.744,-0.368,6,0,1.0,1,0.972,5,6,5,1,2.867,0.0,6,0.0,6,7,1,7,4,3,6,4,5,4,1.793,2,1,4,0
6,4,0,5,6,0.669,7,1.55,1.598,-1.471,3,4,0.0,2,0.623,3,0,5,6,5.194,0.0,2,0.0,1,4,1,2,0,6,7,2,4,6,2.932,4,3,0,0
2,5,1,4,4,-0.34,0,-0.815,-0.058,0.427,4,1,2.0,7,-0.115,0,3,2,5,3.844,0.0,5,0.0,3,3,6,0,3,6,6,4,3,7,1.429,1,6,6,0
7,0,3,3,7,-1.845,1,-0.368,-0.056,-0.724,4,7,3.0,7,3.819,3,4,6,4,-4.794,0.0,7,0.0,1,7,1,7,1,1,2,7,2,6,1.528,4,7,2,0
6,1,0,6,3,0.35,2,-0.194,0.515,0.478,5,7,2.0,2,3.272,7,6,1,3,-0.53,0.0,3,0.0,0,5,0,4,5,5,4,1,7,3,0.765,0,0,5,0
0,7,1,6,5,-0.244,2,-0.985,-1.265,-1.927,5,1,5.0,6,-0.354,7,4,5,4,1.048,0.0,4,0.0,4,3,1,2,0,2,4,2,6,2,-1.554,6,7,6,0
4,3,5,7,3,1.06,5,-0.488,0.074,-0.27,7,6,3.0,7,2.049,0,0,4,2,-0.137,0.0,6,0.0,4,5,6,4,2,4,5,5,6,0,0.158,1,7,4,0
7,4,1,4,2,-0.595,3,-0.967,-0.3,0.142,4,2,3.0,3,-1.721,1,6,2,5,-2.041,0.0,2,0.0,0,3,1,3,4,3,0,6,2,5,-0.387,1,2,5,0
1,0,2,6,7,0.382,7,1.522,1.302,-1.254,7,2,2.0,6,0.928,2,1,7,1,4.279,0.0,4,0.0,6,0,0,7,0,6,3,7,7,4,-1.131,7,6,3,0
4,4,7,3,2,-0.75,4,0.011,0.229,0.895,7,3,2.0,7,-0.717,7,6,0,1,1.256,0.0,5,0.0,5,7,4,7,5,4,6,3,7,0,1.729,0,5,3,0
2,5,7,7,6,-0.465,4,-1.814,-2.214,-0.779,4,5,6.0,3,-5.678,6,1,1,0,1.595,0.0,4,0.0,7,2,5,7,7,1,4,4,4,6,-2.194,0,4,7,0
3,7,7,3,4,1.139,4,-2.309,-1.392,-0.144,4,1,4.0,0,0.13,6,6,6,6,-5.08,0.0,4,0.0,3,1,5,1,5,3,3,1,2,3,-0.778,2,5,7,0
0,1,3,3,3,0.046,2,-3.877,-2.09,-0.106,4,0,6.0,4,-3.197,4,2,7,3,-0.362,0.0,4,0.0,5,4,4,5,3,5,0,4,3,6,-4.103,1,1,7,0
5,2,7,2,1,0.858,5,1.522,1.179,1.176,1,3,1.0,4,1.99,3,7,6,0,1.471,0.0,6,0.0,0,3,5,1,2,6,3,5,7,1,1.737,0,5,7,0
4,3,4,1,1,0.235,3,0.283,1.066,-0.175,1,5,2.0,7,-1.366,0,0,1,0,-0.222,0.0,6,0.0,5,5,5,1,6,4,6,0,6,4,0.359,0,7,4,0
5,1,4,6,2,-0.576,7,2.367,2.011,-0.677,0,6,-0.0,7,2.176,0,6,1,3,1.717,0.0,2,0.0,2,4,6,4,0,2,4,4,0,2,3.973,3,3,4,0
2,1,6,4,6,0.324,1,-0.051,0.448,-0.216,0,0,2.0,6,1.646,6,3,6,6,5.416,0.0,4,0.0,1,2,1,3,7,5,2,3,0,0,1.222,5,3,5,0
4,5,3,7,7,-1.047,1,-0.271,-0.915,-1.243,6,5,3.0,7,0.46,3,0,6,4,2.792,0.0,2,0.0,0,3,5,2,3,0,2,6,7,6,0.547,1,0,3,0
2,6,2,1,1,-0.299,5,0.391,0.277,-0.899,0,0,4.0,7,-0.581,3,5,4,7,-0.559,0.0,2,0.0,1,3,5,6,4,5,6,6,1,5,-1.57,6,4,0,0
0,0,6,2,3,1.394,4,2.223,2.172,0.472,0,1,-0.0,5,3.821,6,1,0,2,2.335,0.0,0,0.0,5,1,0,3,1,6,7,7,7,0,1.964,2,5,1,0
3,6,1,6,5,0.2,2,0.076,0.067,0.07,3,5,3.0,0,-2.849,2,7,2,4,0.598,0.0,7,0.0,5,7,0,1,2,6,7,3,1,6,0.04,7,0,1,0
1,2,3,3,4,-1.483,7,-0.412,-0.88,-1.227,0,2,4.0,1,-4.7,5,6,1,3,-4.527,0.0,3,0.0,4,2,4,4,4,7,3,1,7,5,-1.169,1,7,2,0
0,7,5,2,5,-0.763,7,0.375,-0.175,-0.685,4,6,4.0,4,-1.684,6,1,0,6,0.986,0.0,2,0.0,6,0,0,3,0,2,5,5,0,6,0.63,3,7,4,0
3,3,7,1,1,-2.147,2,0.366,0.298,0.91,4,2,3.0,5,-0.049,2,6,3,7,0.949,0.0,5,0.0,1,0,2,1,7,1,6,5,6,3,-0.32,0,7,7,0
1,6,2,4,0,-0.712,6,-0.136,-0.589,-0.023,0,1,4.0,7,-1.388,3,1,0,3,-0.602,0.0,7,0.0,0,5,5,2,1,6,0,5,1,1,0.152,5,6,2,0
2,1,0,2,7,-0.942,7,-1.537,-1.15,0.364,6,5,2.0,5,-3.415,3,6,5,4,-0.663,0.0,0,0.0,6,1,1,1,3,1,6,4,0,6,0.394,4,2,1,0
6,7,3,4,3,-0.348,6,0.699,0.534,1.466,2,7,1.0,0,0.274,3,0,6,0,-0.546,0.0,2,0.0,7,2,0,3,3,0,6,2,4,5,0.096,7,2,7,0
2,4,6,4,5,0.93,3,1.947,1.314,-0.65,3,4,1.0,4,3.69,7,7,7,3,7.169,0.0,1,0.0,5,5,1,5,7,1,3,1,7,0,1.457,1,3,2,0
0,5,4,0,6,-1.641,0,-1.24,-1.224,-0.633,1,3,6.0,7,-2.67,7,2,6,4,-4.557,0.0,2,0.0,6,5,6,5,3,4,1,6,2,5,-2.448,0,1,0,0
5,5,7,2,7,0.753,0,0.634,-0.249,-0.649,6,2,5.0,7,-0.463,0,4,1,1,-2.133,0.0,3,0.0,4,1,6,5,6,2,3,5,2,3,0.491,5,1,3,0
6,3,4,2,1,-0.253,3,0.294,0.195,1.817,6,5,2.0,4,0.563,0,2,1,2,-0.936,0.0,5,0.0,1,2,4,5,1,6,3,6,2,2,-0.676,6,0,1,0
5,1,1,4,5,-0.232,4,0.79,0.722,1.969,3,6,2.0,6,-0.934,0,1,3,2,-1.707,0.0,7,0.0,1,4,4,4,2,5,1,4,4,2,1.577,3,5,7,0
7,3,5,4,6,-0.04,7,-0.583,-0.712,1.861,1,6,4.0,5,2.852,2,6,3,6,-1.788,0.0,3,0.0,3,3,6,5,6,0,7,3,7,6,0.212,4,0,1,0
6,5,0,0,3,-0.171,7,1.385,1.103,0.538,4,1,3.0,7,1.406,1,5,2,1,-0.002,0.0,1,0.0,6,2,6,1,3,5,4,4,2,0,2.172,5,7,6,0
7,6,3,2,6,-0.593,1,-0.051,-0.06,-0.379,2,2,4.0,4,-2.778,5,6,7,4,-2.72,0.0,5,0.0,1,2,0,0,3,5,2,1,2,3,-2.351,3,4,3,0
4,1,4,7,6,-0.441,1,1.043,1.002,0.151,7,3,2.0,0,1.173,7,2,6,5,0.66,0.0,7,0.0,1,3,4,4,4,1,5,2,7,5,0.57,5,2,2,0
0,6,7,4,3,0.047,0,-0.757,0.072,-0.48,7,5,4.0,1,-0.684,3,1,5,1,0.486,0.0,1,0.0,3,1,1,0,2,4,5,4,5,7,-0.097,4,7,1,0
7,6,2,6,3,0.252,0,2.143,1.181,0.184,6,3,1.0,6,2.596,1,5,2,0,5.043,0.0,5,0.0,1,4,2,6,4,3,6,0,2,3,2.124,0,7,2,0
5,0,3,1,0,0.623,1,0.336,0.807,-1.422,0,5,1.0,7,5.724,5,4,3,7,-2.629,0.0,3,0.0,2,7,7,4,0,4,4,0,2,4,2.238,2,0,2,0
1,0,0,3,5,-0.018,0,-0.364,0.263,2.13,3,2,4.0,1,-1.724,4,7,0,7,-3.193,0.0,3,0.0,2,4,7,3,5,7,3,6,3,7,-0.762,0,6,1,0
2,7,0,0,1,1.055,1,0.081,-1.408,0.253,3,2,3.0,1,-5.682,7,2,6,6,-1.761,0.0,3,0.0,1,3,7,0,6,4,6,5,7,6,-2.56,3,3,2,0
6,5,3,6,3,0.177,1,-1.268,-1.284,0.906,1,6,6.0,3,2.04,0,1,6,1,2.493,0.0,0,0.0,6,6,6,4,1,6,5,3,1,6,0.703,3,3,7,0
2,6,3,3,7,-0.717,5,-1.434,-0.07,1.863,7,6,4.0,7,-2.134,3,6,2,5,2.407,0.0,4,0.0,0,7,4,4,2,6,7,6,2,6,-0.872,3,6,7,0
6,3,7,4,0,-2.261,7,-1.546,-1.099,-0.5,2,5,4.0,7,-2.549,3,0,6,1,0.518,0.0,5,0.0,6,2,2,5,3,2,7,6,0,0,-1.152,7,2,7,0
6,1,6,1,1,-0.247,2,0.305,0.725,0.127,1,7,2.0,2,-0.561,2,7,1,3,-0.111,0.0,7,0.0,7,0,3,7,6,0,4,0,1,1,-0.566,2,5,5,0
5,3,6,3,2,0.789,3,-2.313,-1.801,1.563,6,7,6.0,1,-0.987,3,3,3,5,2.983,0.0,1,0.0,7,3,6,5,1,5,2,3,4,0,-0.453,7,2,0,0
3,7,7,5,6,-0.366,3,-0.922,0.013,0.381,6,4,6.0,7,0.665,7,1,2,6,-1.276,0.0,5,0.0,4,2,4,2,0,4,1,7,2,2,-1.102,2,5,0,0
3,5,5,4,0,1.683,0,-1.597,-0.699,-0.88,2,7,5.0,3,-0.153,6,0,6,3,-4.94,0.0,3,0.0,5,6,3,3,1,4,6,4,6,1,1.262,1,4,4,0
4,0,4,4,1,-2.608,6,2.057,1.295,0.843,6,1,2.0,3,-2.08,7,2,2,2,1.024,0.0,5,0.0,3,0,1,1,0,3,6,6,2,4,1.938,1,6,7,0
7,6,6,7,6,0.402,5,-0.739,-0.156,-1.603,1,2,2.0,0,0.575,4,2,5,3,-0.294,0.0,7,0.0,4,6,5,6,2,6,4,4,7,3,0.59,0,3,4,0
1,6,7,5,3,0.174,3,0.506,1.277,0.114,7,4,1.0,4,1.734,4,5,4,4,-1.784,0.0,6,0.0,1,6,7,3,0,1,4,1,7,3,2.696,1,5,1,0
1,6,2,3,5,-0.077,4,-0.095,-0.627,0.514,4,4,5.0,3,1.109,6,6,7,4,0.738,0.0,0,0.0,4,0,1,2,5,6,4,2,6,1,-0.582,6,1,6,0
4,4,2,3,1,-0.411,0,-0.154,-0.567,1.186,2,6,4.0,5,-1.64,5,6,4,2,0.535,0.0,6,0.0,6,5,0,2,7,7,5,3,4,0,-0.206,5,3,7,0
0,6,6,0,1,-2.218,2,1.823,1.271,-1.493,7,1,1.0,7,-0.289,2,4,1,0,2.64,0.0,7,0.0,4,5,7,3,1,1,2,7,2,7,1.325,2,1,6,0
4,6,1,4,2,0.07,4,0.122,-0.098,-1.003,7,0,2.0,6,0.25,6,7,5,5,-2.486,0.0,5,0.0,7,0,4,2,4,2,1,1,0,5,3.293,7,4,4,0
6,2,1,3,5,-2.141,2,-2.515,-2.22,0.829,3,6,8.0,2,-1.385,3,6,7,0,-4.349,0.0,6,0.0,1,1,7,6,4,1,3,3,5,3,-3.858,5,6,6,1
2,0,2,2,3,-0.747,3,0.235,0.532,0.704,0,1,3.0,7,1.813,4,2,5,4,2.326,0.0,2,0.0,2,3,4,5,1,1,4,1,4,6,-0.938,5,5,1,0
5,5,1,6,5,0.424,5,-0.652,-0.717,0.054,5,4,5.0,4,1.258,2,6,4,7,1.838,0.0,3,0.0,4,2,2,1,7,5,4,1,2,5,-1.185,0,6,2,0
6,7,0,5,3,0.559,2,0.624,-0.033,-0.837,3,3,3.0,5,1.942,5,5,5,5,0.38,0.0,3,0.0,1,0,3,7,1,3,0,1,3,0,1.475,5,0,5,0
7,6,4,7,7,1.849,2,-2.128,-2.191,1.719,4,3,5.0,4,0.963,4,5,4,4,-2.473,0.0,0,0.0,5,6,5,4,1,1,7,5,1,4,-2.483,4,4,4,0
5,6,1,0,0,-1.063,0,0.492,-0.538,0.461,1,2,3.0,7,-1.077,4,6,2,4,-3.466,0.0,4,0.0,3,7,0,0,6,6,2,1,6,2,-0.136,1,0,0,0
2,1,0,1,6,1.742,5,0.752,0.519,-2.158,4,5,2.0,2,0.136,6,4,4,0,-1.191,0.0,6,0.0,4,5,4,0,2,4,2,7,7,5,1.47,2,5,0,0
1,0,6,7,5,-1.136,4,-2.124,-1.504,-0.565,0,7,5.0,7,-2.539,1,5,1,5,-2.623,0.0,1,0.0,1,4,1,4,6,7,7,5,7,7,-0.39,3,3,5,0
2,0,7,5,1,1.012,5,-1.041,-0.982,-0.761,7,6,4.0,7,1.601,4,1,1,0,-3.878,0.0,2,0.0,2,6,3,0,3,5,1,0,2,3,-0.246,5,3,6,0
2,3,4,5,6,-1.38,5,0.291,0.527,-0.735,6,7,2.0,3,-1.468,2,2,7,2,1.332,0.0,6,0.0,1,7,5,0,2,5,7,0,7,3,-0.641,0,1,1,0
3,1,0,1,4,-0.621,2,-0.829,-0.889,-1.229,4,2,5.0,0,-0.812,7,5,7,2,-2.856,0.0,4,0.0,5,2,6,5,4,0,0,2,0,7,-2.654,2,4,2,0
6,6,1,5,5,-0.881,2,1.543,1.008,0.287,6,7,1.0,3,2.287,3,1,4,5,-2.255,0.0,7,0.0,5,4,3,3,5,6,0,6,4,0,1.433,0,6,3,0
4,0,2,6,0,-0.983,0,-0.889,-0.698,0.3,1,7,4.0,7,0.926,0,6,1,5,-3.008,0.0,3,0.0,4,1,4,5,0,1,7,1,7,0,-3.858,1,0,1,0
4,6,6,6,7,-0.182,0,0.542,-0.065,1.235,1,6,3.0,1,3.376,2,7,4,1,-2.819,0.0,3,0.0,7,3,6,3,4,2,3,6,5,0,-1.068,6,0,1,0
1,0,6,5,3,-0.855,7,1.237,0.973,-0.327,4,6,2.0,6,1.781,6,1,6,4,-0.285,0.0,1,0.0,5,6,0,0,1,2,2,1,2,0,1.77,7,4,6,0
3,7,2,7,1,1.398,5,3.33,2.707,-1.259,2,5,0.0,3,3.746,2,6,3,2,0.329,0.0,0,0.0,4,5,0,3,7,6,3,4,5,4,3.703,1,3,3,0
0,7,5,4,7,-1.861,6,-1.416,-0.172,1.353,2,4,4.0,1,0.162,3,3,3,7,-0.217,0.0,3,0.0,7,3,4,1,4,3,3,2,2,7,0.499,1,2,6,0
2,0,3,2,0,0.544,3,1.463,2.343,0.242,0,0,-0.0,0,1.593,5,4,5,7,-3.413,0.0,4,0.0,0,6,5,2,6,4,1,5,5,4,0.828,4,2,0,0
5,0,4,2,5,-0.732,4,0.241,0.085,0.586,3,6,3.0,2,0.171,7,5,4,6,-1.238,0.0,5,0.0,3,6,3,6,6,3,1,0,2,3,-0.859,2,4,6,0
5,7,5,7,1,-1.05,3,2.224,2.436,-0.309,4,4,0.0,6,1.402,1,1,0,6,0.295,0.0,4,0.0,7,5,4,5,3,5,4,6,0,4,2.202,6,2,6,0
7,1,4,1,4,0.628,6,1.652,0.789,-0.391,1,3,3.0,1,1.654,1,3,2,6,-0.32,0.0,5,0.0,0,7,1,6,3,5,2,0,6,5,1.079,3,4,0,0
7,6,1,6,2,-0.134,7,-0.533,-0.528,0.525,3,5,4.0,7,-1.519,0,6,7,7,4.14,0.0,6,0.0,1,3,7,6,3,7,5,3,2,6,-1.219,1,3,6,0
7,2,5,3,2,0.397,6,1.121,0.791,-1.549,6,4,2.0,4,0.443,7,3,3,7,2.597,0.0,1,0.0,2,2,4,6,0,5,4,0,2,4,2.509,1,2,7,0
2,7,5,5,2,0.704,0,-1.549,-0.57,-0.413,1,2,5.0,0,-0.224,6,1,4,6,-5.004,0.0,6,0.0,6,0,7,7,5,5,5,5,5,4,-2.583,7,4,3,0
0,1,3,5,4,-0.338,2,1.197,0.419,-0.175,2,2,4.0,2,1.968,6,5,3,6,-3.228,0.0,2,0.0,0,6,7,6,2,1,3,2,5,7,0.329,2,1,2,0
7,5,3,6,2,1.084,3,0.703,-0.33,1.187,5,4,2.0,5,-0.602,7,2,5,4,-1.567,0.0,7,0.0,0,3,3,7,4,0,4,1,7,4,0.628,7,6,7,0
1,3,5,0,5,1.248,3,1.44,1.107,-0.03,6,1,3.0,4,2.124,0,3,3,0,-0.476,0.0,0,0.0,0,6,1,6,4,0,7,7,3,6,1.247,0,5,4,0
3,6,1,4,3,0.572,0,1.673,1.586,0.375,7,2,0.0,5,0.655,0,5,1,0,4.172,0.0,6,0.0,0,6,7,4,3,7,3,3,1,1,0.742,4,7,5,0
6,7,2,4,1,-0.346,2,0.775,0.411,1.057,5,5,2.0,6,1.841,4,5,1,3,4.15,0.0,0,0.0,3,4,3,7,1,2,1,4,4,5,-0.635,5,2,7,0
0,6,0,6,7,0.431,1,-0.122,-0.361,-0.851,6,4,3.0,5,0.565,5,6,3,4,2.325,0.0,3,0.0,0,7,2,6,0,6,0,0,7,0,-1.173,3,5,0,0
0,1,5,7,3,0.401,1,-1.62,-1.948,-1.54,4,3,6.0,1,0.52,7,7,1,7,-2.472,0.0,5,0.0,2,5,5,6,5,5,5,6,3,0,-2.486,3,5,3,0
2,1,3,0,1,0.335,5,-1.053,0.113,-0.815,5,4,4.0,0,0.997,4,2,6,1,-1.955,0.0,3,0.0,4,1,3,2,2,1,1,6,2,1,-0.353,5,4,1,0
7,6,3,6,6,0.351,2,0.723,1.045,0.089,1,3,2.0,7,-2.255,7,5,0,1,-3.137,0.0,1,0.0,1,0,3,2,4,2,4,6,4,6,2.713,2,6,4,0
0,6,5,2,2,-0.256,3,-0.187,-0.252,1.324,3,6,3.0,6,-0.818,1,5,4,4,0.246,0.0,7,0.0,4,1,0,3,0,1,3,7,2,2,0.198,5,6,2,0
0,2,2,4,0,-0.605,1,2.206,2.059,-0.593,6,7,2.0,1,0.056,4,0,1,7,2.224,0.0,4,0.0,3,2,5,6,5,6,1,2,5,6,3.446,3,5,3,0
7,3,2,4,4,0.268,0,0.658,1.431,0.031,0,6,2.0,0,2.589,6,0,0,6,2.451,0.0,7,0.0,3,4,5,4,4,1,6,7,6,1,0.469,1,0,4,0
1,2,1,2,1,-2.224,6,-0.043,-0.834,0.034,0,2,3.0,0,-2.759,1,6,3,2,-3.21,0.0,4,0.0,7,5,4,4,4,3,1,3,1,3,-1.033,2,5,4,0
3,1,5,1,2,-1.153,3,-1.779,-1.854,1.963,6,5,6.0,0,-4.316,2,0,5,5,-3.593,0.0,3,0.0,5,4,0,4,1,5,3,1,2,1,-3.197,2,7,4,0
5,2,3,1,0,-0.309,4,0.416,1.019,-0.742,0,0,1.0,5,3.398,7,5,3,3,5.693,0.0,3,0.0,4,5,2,0,6,6,6,4,1,6,0.115,4,3,1,0
7,6,5,6,4,-0.647,0,-1.781,-0.875,-0.781,3,5,5.0,4,-2.833,4,7,0,3,-0.141,0.0,0,0.0,0,6,5,5,4,2,3,3,2,0,-1.634,5,0,4,0
2,5,2,2,3,-0.405,7,1.337,1.182,-0.366,7,4,1.0,6,-0.246,7,0,6,1,-4.889,0.0,7,0.0,2,7,3,0,6,1,4,0,3,3,-0.602,6,3,7,0
2,5,5,7,0,0.123,5,1.753,2.0,-0.083,0,1,1.0,4,0.323,5,2,0,1,-0.209,0.0,3,0.0,3,2,4,1,7,4,7,6,2,5,1.423,2,6,3,0
7,0,0,5,5,-1.177,4,0.301,0.211,0.769,5,5,4.0,2,0.403,6,0,1,5,-0.962,0.0,1,0.0,1,3,5,4,4,4,4,0,6,0,0.288,3,1,5,0
7,2,0,7,7,1.402,1,0.586,0.173,1.184,3,1,2.0,1,1.594,0,1,2,1,5.63,0.0,3,0.0,4,4,4,6,5,3,5,4,3,2,-0.697,0,0,6,0
1,0,6,5,7,0.883,0,-2.474,-2.737,-0.329,4,1,5.0,7,-4.012,3,1,0,0,-4.781,0.0,0,0.0,2,4,4,4,3,2,1,1,2,3,-1.877,2,5,6,0
3,0,1,6,4,0.493,1,-1.068,-0.746,0.338,0,1,5.0,1,-1.055,3,5,7,7,-4.238,0.0,1,0.0,7,7,1,0,2,4,7,2,7,6,-0.384,0,4,3,0
5,4,5,2,5,1.42,1,1.246,0.555,-0.072,7,7,2.0,7,1.508,2,4,1,7,-0.378,0.0,7,0.0,4,0,4,4,4,1,0,2,3,3,-0.093,4,6,7,0
1,0,6,3,4,0.313,2,0.743,1.114,-0.504,2,2,2.0,4,-0.469,7,2,2,7,-0.933,0.0,0,0.0,1,6,1,6,7,7,3,6,6,7,-1.128,6,3,3,0
2,5,5,5,5,-0.848,4,-0.131,-0.289,-0.436,0,5,5.0,1,0.923,1,0,1,3,-0.429,0.0,6,0.0,1,5,5,5,4,4,4,2,1,0,-0.981,6,4,7,0
3,7,4,2,0,2.727,6,-0.858,-1.076,-0.497,0,2,3.0,4,-1.528,3,4,4,3,1.842,0.0,0,0.0,5,7,6,0,6,3,1,0,5,7,0.073,5,3,3,0
1,3,7,3,0,-0.912,4,1.443,1.37,-0.862,2,1,2.0,1,1.349,0,0,1,6,3.168,0.0,7,0.0,3,3,1,4,7,6,5,7,2,1,0.076,5,5,2,0
5,3,4,0,6,-0.382,3,0.657,0.635,-1.588,2,0,3.0,1,0.439,2,1,4,7,-5.994,0.0,2,0.0,1,0,0,3,4,7,3,0,3,6,0.41,5,3,1,0
6,4,7,3,6,-0.642,6,0.853,0.779,-0.3,6,2,0.0,0,2.308,5,1,0,2,1.623,0.0,1,0.0,7,0,7,3,2,4,6,3,3,3,2.502,6,1,0,0
4,3,5,3,6,-0.825,6,1.148,1.131,0.069,0,6,3.0,0,1.216,1,6,1,1,1.506,0.0,7,0.0,1,2,1,5,6,3,3,0,0,7,0.358,3,4,2,0
5,3,1,3,4,-1.491,5,0.623,0.804,-1.513,1,1,3.0,4,1.091,5,7,6,0,1.772,0.0,3,0.0,1,2,2,4,5,0,4,0,0,6,-2.002,5,1,4,0
1,0,5,5,3,-1.153,1,0.282,0.792,2.142,7,7,3.0,0,2.341,5,3,1,3,-1.293,0.0,6,0.0,0,1,1,5,2,4,1,3,3,2,0.242,4,7,5,0
0,5,4,6,5,-2.969,7,-0.292,-0.671,0.332,4,6,4.0,2,1.062,3,3,1,1,-2.226,0.0,2,0.0,6,2,6,7,6,3,7,7,2,7,0.33,4,2,7,0
2,4,7,7,7,1.146,1,-1.346,-2.103,-0.073,2,1,6.0,4,-2.099,4,6,0,0,-0.077,0.0,2,0.0,1,4,0,7,1,2,1,4,2,5,-2.347,1,2,2,0
0,6,5,4,1,0.494,1,1.071,0.464,1.565,6,4,1.0,3,3.986,0,5,2,4,-0.948,0.0,2,0.0,2,4,5,3,6,6,2,4,2,7,0.565,2,1,6,0
2,2,1,6,2,-0.716,4,0.137,0.404,-0.128,4,4,2.0,6,-1.724,7,0,6,4,-1.643,0.0,7,0.0,3,6,4,2,5,6,7,6,1,3,1.115,4,4,3,0
5,4,5,0,7,0.204,6,1.222,0.806,0.433,3,6,2.0,4,2.673,3,2,0,6,4.051,0.0,1,0.0,3,0,3,6,7,1,2,4,6,6,-0.968,2,7,7,0
3,0,1,5,5,0.254,4,0.3,-0.528,1.349,4,7,4.0,2,0.989,2,5,1,3,3.779,0.0,2,0.0,5,2,3,0,2,7,7,3,4,6,-1.215,2,1,6,0
5,5,4,7,7,-1.919,3,-1.29,-1.19,1.72,0,4,6.0,6,-1.829,5,0,1,0,-2.103,0.0,4,0.0,3,1,5,2,5,4,5,4,6,7,0.642,4,3,7,0
0,6,2,1,0,0.906,6,2.377,1.928,0.641,4,6,0.0,4,2.831,1,3,5,7,1.239,0.0,1,0.0,4,4,1,7,4,6,3,3,0,6,3.342,5,5,1,0
2,1,5,1,2,-1.442,5,-1.318,-0.555,-0.719,4,0,3.0,2,-3.067,5,3,6,1,1.06,0.0,1,0.0,6,3,5,3,4,4,1,3,5,1,0.689,0,2,5,0
4,7,3,1,2,-2.183,6,0.529,0.569,1.363,2,4,2.0,6,0.074,4,5,0,0,2.888,0.0,6,0.0,4,0,5,3,3,1,3,6,6,3,1.855,3,7,6,0
4,6,3,0,3,-0.133,2,1.57,1.028,-0.473,1,5,1.0,6,2.534,5,6,1,1,6.953,0.0,4,0.0,1,6,5,2,3,0,1,7,0,1,2.358,7,3,2,0
2,3,4,1,7,-1.619,7,-0.535,0.237,0.051,0,4,3.0,2,0.027,1,5,3,4,1.17,0.0,7,0.0,1,6,2,6,3,6,2,2,7,2,-0.153,2,7,7,0
4,5,4,4,2,-0.985,0,-0.618,-1.086,-0.695,6,4,5.0,0,-0.253,6,3,2,4,-0.328,0.0,7,0.0,5,6,0,2,3,7,1,6,3,2,0.574,0,7,0,0
0,5,3,7,4,1.085,5,-1.319,-0.335,-0.036,7,1,4.0,2,0.468,2,5,7,0,-0.516,0.0,4,0.0,1,2,5,2,2,6,2,2,2,7,-0.869,0,1,1,0
3,2,7,0,6,1.505,7,-0.301,0.92,-0.524,7,6,3.0,6,3.503,1,7,4,7,-3.314,0.0,6,0.0,1,2,7,6,2,2,3,0,3,1,2.851,7,1,0,0
3,0,4,1,6,-1.133,6,-1.204,-0.959,0.348,7,1,5.0,6,0.082,2,6,5,0,-0.425,0.0,6,0.0,6,3,0,5,3,5,7,6,7,1,0.153,2,2,3,0
7,4,3,3,1,2.311,3,1.158,0.948,-0.255,6,0,1.0,3,1.136,3,6,2,7,-2.428,0.0,7,0.0,6,3,4,6,2,6,1,4,3,4,1.79,3,6,1,0
2,7,1,5,3,0.742,4,0.703,0.707,-0.818,2,1,3.0,4,-1.1,0,7,3,0,2.459,0.0,1,0.0,7,1,7,3,3,3,3,3,0,3,1.043,3,2,0,0
0,3,0,3,1,-0.621,2,-1.098,-1.162,-1.873,1,4,5.0,6,-2.396,2,1,7,7,-2.952,0.0,3,0.0,0,3,7,5,3,1,6,5,6,4,-1.779,6,3,2,0
7,3,2,2,3,-1.212,1,1.393,1.243,0.771,2,1,2.0,0,0.233,0,2,6,3,1.261,0.0,4,0.0,2,3,7,1,0,6,7,4,0,5,-0.334,3,2,5,0
1,4,7,4,1,-0.819,4,1.899,1.289,0.805,7,3,2.0,0,2.51,6,7,7,7,-0.319,0.0,2,0.0,7,2,7,1,5,7,4,6,1,1,1.11,6,4,0,0
1,1,7,3,2,0.342,4,0.571,0.814,-0.577,3,6,3.0,0,-0.266,6,4,6,6,2.876,0.0,2,0.0,2,7,2,5,7,4,7,3,7,5,1.12,5,0,4,0
6,4,7,4,3,1.702,1,1.879,1.644,-1.005,7,7,0.0,3,0.954,4,5,2,7,-2.762,0.0,3,0.0,7,0,2,0,3,3,1,4,0,6,1.946,5,7,5,0
2,6,5,2,3,-1.038,5,-0.375,-0.021,-0.352,6,1,3.0,3,2.24,7,2,2,5,-5.525,0.0,7,0.0,0,7,3,4,1,7,0,4,2,3,-0.4,5,0,7,0
6,3,1,5,1,-1.044,3,-0.032,-0.263,0.835,1,3,4.0,5,2.415,7,3,6,5,-4.648,0.0,0,0.0,4,4,0,5,6,1,6,5,4,6,-0.962,4,2,0,0
0,0,2,7,3,-0.922,0,-1.283,-1.113,0.277,3,5,5.0,1,-0.789,3,0,1,4,-2.14,0.0,7,0.0,3,7,7,3,4,6,3,4,7,2,-3.875,3,3,5,0
5,6,3,4,0,1.628,2,0.469,0.106,1.2,6,3,2.0,5,-0.366,2,3,7,4,-2.043,0.0,6,0.0,7,1,6,0,7,0,3,5,1,3,0.36,4,0,7,0
4,2,7,3,3,0.046,6,0.832,-0.45,0.469,7,2,4.0,7,1.197,4,4,1,2,-2.917,0.0,0,0.0,5,7,4,0,2,2,1,7,0,4,-1.922,1,7,0,0
6,3,0,6,0,-0.163,5,-0.743,-0.552,-0.89,4,2,3.0,6,0.136,0,5,3,5,0.809,0.0,1,0.0,1,2,6,4,7,7,1,6,7,2,-0.357,4,7,7,0
3,2,1,0,1,-0.429,6,0.677,0.992,-0.522,0,3,2.0,1,-0.759,5,3,6,5,2.97,0.0,0,0.0,3,0,4,2,6,1,5,5,3,6,0.797,6,2,3,0
7,6,5,2,2,0.659,3,2.299,2.368,1.599,7,1,0.0,1,2.391,5,4,0,0,2.842,0.0,3,0.0,7,3,7,0,6,4,3,1,4,2,3.011,5,2,6,0
5,1,1,0,7,-0.698,7,-0.775,0.032,-0.777,0,5,3.0,4,2.165,2,6,3,1,2.802,0.0,2,0.0,2,5,2,4,7,2,2,5,4,1,-0.161,4,4,3,0
7,3,4,2,7,-1.796,0,-0.785,-0.964,-2.614,2,7,2.0,3,-2.29,1,4,1,5,-2.328,0.0,1,0.0,0,4,3,4,3,0,4,1,3,1,-0.731,6,5,7,0
1,2,0,5,5,-0.264,1,2.165,0.912,-1.087,6,7,2.0,3,-0.482,6,3,1,0,-0.706,0.0,1,0.0,1,2,7,2,0,4,5,2,4,5,1.996,3,4,3,0
2,3,7,3,1,-1.071,5,-1.782,-0.787,1.253,4,0,5.0,1,-1.246,0,2,7,0,0.578,0.0,1,0.0,4,1,1,0,4,7,1,2,0,4,-1.259,6,2,6,0
2,1,7,6,6,0.094,6,1.313,1.234,-0.342,0,5,2.0,6,3.352,4,1,7,4,0.228,0.0,3,0.0,5,4,0,3,6,5,3,1,6,4,1.3,1,6,4,0
3,2,4,0,3,1.337,5,0.158,0.003,-0.531,4,7,3.0,3,-1.077,6,1,2,0,2.699,0.0,6,0.0,3,4,7,4,7,5,7,5,0,3,-1.226,6,4,2,0
2,5,3,3,1,-0.087,4,0.201,0.427,1.342,2,3,3.0,3,-1.741,0,2,6,7,1.657,0.0,6,0.0,3,5,4,7,7,5,2,3,4,4,-0.04,4,1,0,0
4,7,5,3,3,1.255,7,-0.687,-0.412,-0.457,6,4,5.0,0,-1.317,5,0,6,3,-2.306,0.0,0,0.0,7,1,5,6,6,0,1,7,6,1,0.023,7,2,5,0
5,0,6,2,6,-0.447,3,-1.097,-1.159,-0.194,5,3,5.0,3,-5.463,3,7,0,3,1.518,0.0,2,0.0,4,0,0,4,5,2,6,0,6,4,-1.387,3,5,0,0
2,7,4,6,0,-0.443,5,0.897,0.829,-0.0,6,5,3.0,0,1.739,0,2,5,2,0.656,0.0,1,0.0,0,7,1,2,6,6,0,6,5,6,0.65,0,6,5,0
4,3,2,5,3,-1.847,3,-0.788,-0.473,-1.057,6,1,4.0,0,0.3,2,1,3,2,3.633,0.0,4,0.0,1,4,7,5,1,4,7,4,0,6,-0.356,5,7,3,0
2,3,1,0,3,-0.859,4,-0.669,-0.159,2.274,0,1,4.0,0,0.85,4,5,1,6,3.194,0.0,1,0.0,6,2,5,1,7,6,6,7,7,1,-0.134,0,7,4,0
2,0,0,5,0,2.751,1,1.244,0.824,0.204,1,2,1.0,5,-2.145,1,0,2,0,-1.162,0.0,0,0.0,3,1,5,4,0,1,1,1,1,3,3.074,0,7,6,0
6,7,7,7,5,-2.829,5,-0.031,0.616,-0.048,1,4,3.0,0,1.253,3,3,1,0,-1.841,0.0,3,0.0,5,2,4,1,4,1,3,2,0,0,1.246,2,0,5,0
1,5,5,4,0,1.426,7,0.717,0.054,0.753,2,6,4.0,7,0.414,3,4,6,2,-0.894,0.0,2,0.0,7,0,0,4,4,3,5,3,5,5,1.63,6,5,7,0
0,3,0,4,2,0.317,6,2.191,0.556,0.325,2,5,2.0,7,-3.083,4,7,6,6,2.787,0.0,0,0.0,7,5,6,6,3,3,4,5,4,3,0.318,6,3,4,0
1,6,2,5,3,0.041,6,1.36,0.614,-1.061,2,4,3.0,6,2.048,5,6,5,1,1.707,0.0,7,0.0,4,6,1,0,7,6,5,5,4,2,-0.872,5,4,1,0
7,6,5,2,7,0.363,7,2.931,1.861,-0.727,1,3,1.0,4,2.071,2,6,0,4,6.844,0.0,3,0.0,0,7,2,5,7,7,6,7,7,6,2.266,1,0,0,0
2,1,5,4,0,-0.046,1,-0.92,-1.178,0.402,2,6,5.0,7,-1.778,0,5,0,3,-4.398,0.0,3,0.0,3,2,7,7,6,1,4,4,4,5,-1.653,0,3,0,0
1,3,5,7,7,-0.355,2,-2.545,-2.167,1.424,0,2,5.0,3,0.316,1,2,7,5,-1.115,0.0,3,0.0,0,1,0,4,1,6,1,2,1,4,-1.301,0,4,3,0
0,0,4,5,7,0.378,7,0.806,0.027,-0.238,1,4,4.0,3,2.382,3,3,7,0,-4.947,0.0,4,0.0,2,1,5,7,3,5,1,4,1,1,-0.34,6,4,5,0
0,0,0,1,5,-0.386,6,1.569,1.276,1.402,0,3,2.0,0,-1.99,2,1,4,3,-1.351,0.0,2,0.0,6,1,7,1,1,5,6,0,0,1,1.622,4,6,0,0
1,5,0,0,2,-0.93,5,0.711,0.145,0.577,1,0,4.0,0,0.059,7,0,2,5,-2.293,0.0,1,0.0,0,5,0,7,5,6,2,5,5,7,-0.151,0,2,2,0
7,1,3,6,1,1.515,4,0.308,0.669,0.179,0,0,3.0,2,-2.742,3,0,5,6,2.142,0.0,6,0.0,6,7,6,5,7,3,7,0,7,1,1.652,5,2,6,0
3,6,4,1,2,-1.586,5,1.87,1.164,0.223,7,6,2.0,7,1.098,6,3,0,2,-0.267,0.0,3,0.0,2,5,1,7,6,0,6,4,0,0,1.544,3,0,2,0
6,4,0,1,3,0.447,5,-0.842,-0.691,-0.055,0,0,3.0,4,-2.224,6,3,3,3,0.133,0.0,2,0.0,1,1,0,3,1,7,0,2,2,5,0.728,2,2,4,0
7,2,6,7,0,-0.92,5,-0.326,-0.042,0.004,5,2,3.0,3,-1.346,6,6,4,0,5.01,0.0,7,0.0,0,3,0,4,7,7,1,1,0,5,1.668,6,7,5,0
1,5,7,7,3,0.064,2,-1.67,-2.154,-0.112,2,4,6.0,2,-1.602,1,5,0,4,-3.22,0.0,0,0.0,1,1,4,1,1,2,5,0,5,1,-1.081,4,4,2,0
3,7,5,5,2,-0.403,2,2.721,2.419,0.735,5,6,0.0,5,3.191,5,1,1,0,3.231,0.0,2,0.0,6,5,4,0,0,7,4,6,0,5,3.11,5,3,2,0
0,3,3,2,6,0.127,3,1.315,-0.049,1.461,6,7,4.0,1,-0.527,4,3,6,2,4.687,0.0,7,0.0,5,7,3,5,6,1,3,3,2,4,0.611,0,0,4,0
1,2,1,1,2,-1.302,2,0.435,0.267,-0.411,5,3,4.0,3,0.1,2,2,1,2,2.567,0.0,2,0.0,3,1,7,0,6,6,4,7,6,5,-1.253,1,2,3,0
5,6,2,0,0,-0.051,3,-0.88,-0.657,0.432,1,5,2.0,3,4.058,5,1,7,3,3.8,0.0,0,0.0,5,4,4,0,2,6,3,4,4,2,-1.556,2,6,3,0
5,7,5,6,4,-0.219,3,0.836,1.266,1.044,5,0,1.0,2,-0.059,6,4,5,5,4.829,0.0,3,0.0,7,5,6,3,5,7,4,4,0,7,0.02,6,5,3,0
1,1,3,2,2,-0.874,0,-1.098,-1.019,0.987,5,4,7.0,1,-0.288,5,1,3,4,-1.326,0.0,7,278.54,7,0,7,2,6,3,6,0,7,7,-1.821,7,4,5,1
1,2,6,4,0,0.641,0,-1.067,-1.34,2.234,4,2,4.0,7,-0.289,5,5,0,4,-5.19,0.0,1,0.0,4,5,2,5,5,3,4,5,0,6,-0.978,6,2,2,0
3,0,7,1,7,1.961,0,0.089,-0.086,0.271,0,7,4.0,2,-2.139,3,4,0,4,-0.278,0.0,0,0.0,4,6,0,5,5,7,4,3,1,2,-0.883,4,6,5,0
5,5,5,6,2,0.097,6,0.361,0.384,0.485,1,1,3.0,3,-0.663,7,0,2,0,-3.611,0.0,6,0.0,4,5,4,1,7,5,4,2,1,1,-0.69,2,4,4,0
2,5,5,2,4,-0.579,7,-0.618,-0.414,-1.497,1,1,3.0,0,0.832,6,3,7,1,0.094,0.0,0,0.0,5,1,4,4,0,6,4,5,6,5,0.271,1,6,5,0
3,7,4,5,2,0.986,6,0.683,0.59,-1.046,3,3,2.0,2,0.248,6,4,0,4,1.129,0.0,3,0.0,2,6,3,6,7,2,1,1,4,1,-0.022,7,6,0,0
7,7,3,7,3,0.593,4,0.944,0.623,-0.149,2,6,2.0,3,-0.823,4,6,1,3,2.678,0.0,2,0.0,5,4,0,0,6,2,3,5,1,3,0.285,7,3,2,0
2,4,2,6,7,-0.303,1,0.752,0.41,-1.533,2,5,2.0,3,-0.792,1,6,3,0,1.266,0.0,1,0.0,3,4,7,4,5,3,0,2,5,1,0.615,6,3,7,0
3,7,1,6,4,1.465,1,0.464,0.07,-0.617,7,4,3.0,5,-0.34,1,3,3,0,0.377,0.0,7,0.0,2,2,1,1,2,0,0,7,7,0,0.913,1,3,2,0
0,3,0,3,1,0.1,0,-1.582,-1.688,0.073,1,0,3.0,2,-3.843,6,5,6,4,-2.828,0.0,0,0.0,1,2,4,4,0,0,1,2,0,2,0.078,3,7,3,0
0,6,1,1,0,0.296,3,-1.258,-0.78,0.251,5,0,2.0,1,-1.597,7,6,0,0,0.857,0.0,4,0.0,4,2,5,1,3,7,3,0,7,2,-1.233,4,3,7,0
5,3,1,3,5,-1.323,6,-0.308,0.187,0.311,0,5,3.0,6,0.437,7,4,7,3,4.325,0.0,4,0.0,1,5,6,5,5,7,4,4,1,4,-2.022,3,7,7,0
7,4,2,3,3,-0.916,6,-0.065,-0.45,0.381,4,5,2.0,4,1.041,2,5,4,7,1.436,0.0,0,0.0,3,6,1,2,7,6,5,3,3,4,0.001,5,7,3,0
3,1,2,3,5,-0.765,7,-0.929,-0.482,0.636,1,0,4.0,3,1.719,0,3,0,3,-1.233,0.0,0,0.0,6,6,5,1,2,2,5,7,2,0,-0.283,3,6,7,0
7,1,4,2,2,-0.257,1,1.603,1.96,-0.979,6,2,1.0,7,-0.174,4,2,3,3,8.192,0.0,7,0.0,7,3,7,4,4,1,7,1,2,1,2.772,4,6,0,0
2,0,5,5,2,-0.787,1,-0.095,0.536,1.035,3,5,3.0,3,-0.353,2,2,6,4,-0.19,0.0,6,0.0,4,7,6,4,7,0,4,5,6,0,-2.341,6,2,4,0
3,1,7,4,5,0.639,3,-0.243,0.522,1.022,4,0,2.0,2,0.968,3,4,3,7,4.308,0.0,2,0.0,6,7,0,4,0,0,3,4,6,1,0.537,6,2,2,0
6,1,6,4,5,-0.262,3,-1.046,-0.792,0.3,6,7,4.0,7,0.715,6,2,1,3,-1.382,0.0,0,0.0,3,0,6,6,2,0,3,4,7,0,-2.362,5,2,6,0
5,5,0,2,3,0.699,6,0.241,-0.046,-0.093,0,1,4.0,0,1.095,4,0,5,1,-0.848,0.0,3,0.0,1,1,5,7,5,7,5,2,6,2,0.58,0,5,0,0
6,0,4,0,2,0.0,0,1.35,0.317,-1.527,0,7,2.0,0,-3.759,3,3,7,5,1.352,0.0,7,0.0,5,5,2,0,5,6,5,6,5,1,1.397,6,7,1,0
2,0,7,6,0,-0.135,5,1.34,1.533,0.014,0,7,2.0,5,4.357,5,2,1,2,-0.147,0.0,1,0.0,7,1,6,1,5,2,1,5,4,1,1.561,0,0,4,0
0,0,1,3,4,0.517,1,0.568,0.272,0.934,1,1,3.0,7,1.533,1,0,6,3,-2.679,0.0,2,0.0,4,2,2,0,5,3,0,5,7,2,0.047,1,1,0,0
5,6,5,2,1,-1.602,4,1.807,2.016,-0.775,3,7,1.0,6,3.569,5,0,3,5,-0.188,0.0,6,0.0,6,5,7,4,2,2,7,0,6,1,0.51,4,1,0,0
1,7,1,7,0,1.239,3,-0.574,-0.427,-0.824,0,0,4.0,6,-0.779,0,0,5,5,0.565,0.0,6,0.0,6,6,5,7,2,5,2,7,2,6,0.019,0,0,2,0
3,0,1,6,2,0.524,6,-0.413,-0.313,-0.599,7,7,4.0,4,1.446,2,2,7,1,-1.542,0.0,1,0.0,6,5,7,1,6,2,2,3,1,2,-1.164,6,7,7,0
6,7,6,2,2,-0.341,1,-1.092,-1.607,-1.473,3,3,6.0,6,-0.306,3,7,2,0,-3.51,0.0,1,0.0,2,2,6,3,4,1,1,1,7,7,-1.095,4,5,4,0
4,5,5,6,7,0.413,0,1.457,0.396,0.637,7,4,3.0,3,-2.256,2,5,5,3,0.677,0.0,6,0.0,1,5,1,0,1,2,2,1,4,0,1.723,5,2,4,0
6,2,7,6,5,1.543,6,0.507,1.455,-0.325,6,0,2.0,4,-1.32,2,0,2,7,2.104,0.0,0,0.0,3,0,5,1,5,0,0,0,7,6,1.635,1,6,1,0
0,0,1,5,2,0.621,6,0.963,1.129,0.233,6,1,2.0,3,1.222,7,3,3,7,0.609,0.0,1,0.0,4,2,1,0,7,6,5,1,7,5,2.356,5,2,3,0
7,1,4,0,7,0.706,1,-1.664,-1.254,1.159,0,3,5.0,2,-1.695,2,0,5,4,-0.837,0.0,0,0.0,6,4,4,5,7,0,2,4,6,4,-2.381,4,0,6,0
6,0,7,2,2,-0.07,2,0.544,0.367,-0.534,4,7,4.0,3,2.597,3,1,3,2,1.03,0.0,0,0.0,1,1,2,0,5,4,6,2,4,5,1.33,5,7,3,0
5,2,1,2,7,0.316,0,-2.517,-1.926,-0.468,3,7,6.0,2,-6.803,1,1,2,4,-5.183,0.0,5,0.0,1,1,6,4,5,2,3,1,4,1,-1.962,6,1,1,0
5,1,3,5,1,0.121,5,0.875,0.119,0.18,0,3,2.0,2,2.263,7,2,7,7,1.65,0.0,6,0.0,1,4,3,6,3,3,0,5,2,7,0.682,1,0,6,0
0,6,6,6,5,0.408,0,1.216,1.092,-0.712,1,6,2.0,0,1.742,5,6,1,4,1.188,0.0,1,0.0,4,2,5,0,1,1,7,1,6,1,0.338,0,5,5,0
0,0,5,7,7,-0.517,2,0.537,-0.058,-0.513,6,0,3.0,0,-0.287,3,2,2,4,3.221,0.0,5,0.0,3,5,2,2,6,1,3,7,5,5,-0.17,3,6,0,0
3,0,5,2,0,-3.262,7,-0.937,-1.721,-2.645,6,2,5.0,6,-2.888,3,5,7,6,-3.087,0.0,7,0.0,3,3,2,2,5,0,2,2,5,0,-1.843,4,1,2,0
1,0,1,1,3,0.308,1,0.657,0.004,-0.267,6,0,2.0,7,-0.016,7,4,3,6,0.312,0.0,7,0.0,5,1,5,5,4,6,6,3,2,3,1.407,1,2,3,0
1,0,2,7,1,1.528,6,0.617,0.859,0.679,4,0,3.0,2,-0.543,5,7,6,4,1.007,0.0,7,0.0,2,4,0,5,1,0,5,6,3,5,-0.808,5,5,2,0
5,5,2,4,7,-0.751,6,1.474,1.13,0.589,0,7,2.0,1,0.413,3,3,4,0,0.016,0.0,4,0.0,7,6,2,7,3,4,1,0,0,0,-0.465,6,3,7,0
4,0,7,7,7,-0.164,7,2.006,1.621,0.042,6,2,0.0,7,2.62,6,0,1,4,3.267,0.0,5,0.0,6,4,7,4,1,2,4,7,0,2,1.389,3,6,3,0
7,7,0,7,5,-0.14,1,-1.558,-1.225,-0.14,2,1,5.0,0,-5.12,1,7,0,1,1.579,0.0,2,0.0,6,7,6,4,2,4,7,6,2,0,1.559,0,6,2,0
4,3,6,7,4,-1.331,4,-0.656,-0.752,1.031,0,4,4.0,6,1.165,7,4,0,1,1.111,0.0,0,0.0,0,6,0,3,7,6,1,0,1,7,-1.095,7,2,3,0
7,7,3,0,1,1.575,6,-1.892,-1.959,1.199,0,3,4.0,7,-4.038,2,7,1,1,-6.141,0.0,2,0.0,5,6,0,0,4,2,5,4,3,0,0.125,7,7,6,0
7,7,6,2,7,-0.459,2,-0.237,-0.165,-0.555,4,0,3.0,5,-0.158,3,6,2,7,3.915,0.0,5,0.0,5,0,0,1,0,4,4,0,5,5,1.427,6,3,1,0
6,7,1,0,1,1.25,4,-0.076,0.418,-0.923,5,5,2.0,1,2.223,4,7,1,7,-2.869,0.0,1,0.0,6,6,0,2,0,1,1,0,5,1,1.901,4,1,3,0
5,3,6,2,3,-0.023,5,-0.028,-0.137,-2.363,2,0,4.0,3,-0.372,2,0,4,7,2.502,0.0,2,0.0,1,0,6,5,1,4,3,5,4,5,-0.535,2,6,5,0
7,0,2,1,6,2.024,4,0.747,0.053,-1.082,2,1,3.0,4,-0.727,6,2,7,6,2.472,0.0,4,0.0,5,4,6,3,2,5,5,7,3,1,0.829,4,1,1,0
7,5,6,6,6,0.444,0,-0.991,-0.479,-1.242,2,6,3.0,4,-2.176,3,3,7,1,4.913,0.0,5,0.0,0,0,2,5,0,1,2,1,3,6,-0.74,0,3,0,0
6,2,5,3,2,0.501,1,-0.369,-0.416,-1.096,5,7,2.0,6,-1.284,2,2,4,6,-0.074,0.0,1,0.0,3,0,3,4,0,6,2,0,2,4,-1.052,2,5,2,0
5,7,6,5,6,0.387,1,-0.99,0.256,-1.194,4,5,4.0,0,-1.662,6,2,1,3,2.696,0.0,7,0.0,5,5,6,0,4,0,6,5,7,7,0.359,5,6,3,0
3,4,6,1,1,-2.005,5,1.002,0.889,1.86,6,1,2.0,3,3.226,6,0,2,3,5.671,0.0,2,0.0,1,5,2,2,7,1,3,0,4,3,2.701,7,5,4,0
4,3,5,4,7,-1.488,4,0.444,0.586,0.701,6,7,3.0,7,0.225,6,7,2,6,-0.575,0.0,7,0.0,3,1,5,4,0,5,7,5,1,0,0.411,4,5,6,0
1,1,6,6,3,-0.966,5,-0.879,-0.944,0.602,1,3,4.0,6,-1.485,1,7,6,4,-3.515,0.0,3,0.0,2,2,6,4,0,1,1,4,0,5,-1.077,7,5,5,0
0,4,0,0,7,-0.98,6,-0.071,-0.646,1.053,0,6,3.0,2,-0.736,2,2,3,7,-1.2,0.0,1,0.0,5,2,3,4,4,2,3,5,4,1,-0.623,0,2,7,0
0,1,6,2,3,0.01,2,0.819,0.324,1.088,6,5,2.0,4,1.058,6,7,4,6,-1.08,0.0,3,0.0,1,1,5,3,2,3,3,7,1,0,-0.203,3,2,0,0
7,6,4,3,7,0.086,3,1.705,1.69,-0.952,6,2,1.0,6,1.251,1,4,3,1,3.33,0.0,3,0.0,7,6,4,0,2,6,3,3,3,0,2.042,5,7,7,0
1,4,3,7,2,0.506,7,-1.426,-0.279,1.104,4,3,5.0,1,0.971,6,3,4,7,1.765,0.0,6,0.0,1,6,2,3,6,3,0,7,0,7,-1.045,4,7,5,0
4,1,1,4,5,-0.678,5,-0.493,-0.741,1.453,3,7,6.0,0,-1.173,3,4,0,0,1.357,0.0,4,0.0,5,6,0,4,5,3,2,0,5,5,-2.736,1,3,2,0
5,2,4,3,2,1.159,2,-1.319,-1.045,-2.958,6,3,5.0,1,-1.909,3,0,1,7,-3.851,0.0,1,0.0,4,0,3,5,1,6,4,3,0,1,-0.152,3,6,0,0
2,6,2,4,5,0.961,2,0.225,0.56,0.363,6,7,4.0,3,4.08,7,0,3,7,1.007,0.0,7,0.0,0,1,6,6,2,5,4,7,6,6,-1.123,7,0,7,0
7,6,4,1,4,-0.152,3,-0.608,-0.882,0.482,2,3,3.0,5,-0.938,3,5,6,3,-1.228,0.0,7,0.0,0,5,1,5,7,3,6,2,7,2,0.049,0,2,4,0
6,1,3,0,1,0.186,5,-0.864,-0.064,-0.881,5,2,3.0,4,-3.553,1,2,6,7,2.789,0.0,7,0.0,1,5,1,7,1,3,4,4,1,2,0.8,5,2,7,0
7,0,5,6,3,-0.561,5,-1.555,-0.645,0.973,7,5,6.0,1,-0.997,4,4,3,1,-0.805,0.0,1,0.0,3,7,5,4,1,0,4,7,2,0,-1.282,3,4,4,0
5,0,4,7,3,-1.185,2,1.09,1.571,-1.754,3,6,1.0,5,1.502,1,1,6,2,1.124,0.0,5,0.0,3,0,5,4,5,0,3,1,2,3,2.32,7,1,4,0
6,3,5,6,5,0.577,2,0.826,0.979,0.331,1,2,2.0,4,-0.076,2,4,6,4,0.975,0.0,0,0.0,0,5,6,5,3,6,1,2,0,1,0.88,7,6,2,0
5,5,4,7,1,1.432,1,0.349,0.756,1.031,2,0,2.0,2,1.897,6,7,4,5,1.84,0.0,2,0.0,5,4,6,0,6,1,0,5,5,5,1.91,0,3,0,0
3,7,2,7,4,0.063,6,0.851,0.439,1.08,2,0,2.0,7,1.911,3,0,5,0,3.439,0.0,0,0.0,1,2,4,4,3,3,0,6,4,6,1.3,6,6,3,0
6,1,6,6,5,2.472,7,1.185,0.239,-2.597,4,0,2.0,2,0.67,2,4,0,0,0.86,0.0,6,0.0,7,2,7,6,3,2,6,1,3,6,0.568,3,2,5,0
2,2,6,3,7,0.094,1,-0.164,-0.646,-1.417,0,6,4.0,4,-1.01,2,0,7,5,-0.275,0.0,0,0.0,2,0,2,1,1,2,1,4,6,1,2.21,4,0,6,0
4,1,3,4,2,0.301,7,-0.074,-0.054,-0.28,0,2,4.0,5,-0.877,0,7,4,2,1.317,0.0,6,0.0,3,5,1,0,3,6,4,1,0,4,2.419,7,3,5,0
1,1,3,0,6,-2.043,3,0.059,0.515,-1.83,6,0,5.0,1,-0.703,2,0,1,1,-0.319,0.0,1,0.0,5,7,6,7,5,6,5,6,5,1,0.721,3,5,6,0
0,0,3,0,0,0.162,3,-0.591,-1.016,1.31,2,7,5.0,0,-0.687,1,6,3,6,-1.315,0.0,6,0.0,1,1,4,1,4,6,1,6,0,4,-2.467,2,5,7,0
6,3,6,1,1,0.166,4,-0.602,0.252,2.333,4,0,4.0,6,1.443,2,3,2,3,-0.595,0.0,5,0.0,2,5,3,6,3,0,3,2,6,7,-0.282,3,7,3,0
2,3,1,3,7,-3.338,6,-1.682,-1.388,0.314,3,3,5.0,6,-1.193,5,4,3,4,-0.735,0.0,1,0.0,1,6,2,6,3,7,3,5,6,7,-2.276,5,4,7,0
7,2,6,0,2,-0.12,0,1.079,0.979,-0.573,5,6,1.0,4,-0.601,4,0,6,4,1.857,0.0,2,0.0,0,1,7,7,0,3,6,5,4,6,0.089,1,1,5,0
5,1,7,5,4,0.141,6,-0.291,-0.009,-0.004,1,1,4.0,4,-1.926,6,4,7,6,0.741,0.0,7,0.0,1,7,0,6,7,5,1,0,5,0,1.398,2,1,5,0
6,0,2,1,3,1.188,2,-1.078,-0.041,-0.639,4,7,2.0,4,-1.091,2,7,7,1,-2.052,0.0,4,0.0,4,6,6,4,6,4,3,4,2,5,-0.674,4,5,1,0
7,1,0,4,1,-0.089,7,-0.16,0.047,0.246,6,5,3.0,2,-0.071,3,6,3,2,-3.144,0.0,5,0.0,2,6,4,5,3,6,3,7,0,3,-1.038,3,6,6,0
5,6,0,6,5,-1.6,7,1.143,0.007,1.303,4,2,4.0,2,-0.12,3,3,7,7,-2.317,0.0,5,0.0,1,0,0,1,6,0,1,5,6,3,-0.749,7,6,5,0
4,3,4,5,2,0.306,5,-1.364,-1.539,0.782,2,0,6.0,1,-0.609,2,4,6,0,-4.908,0.0,1,0.0,0,4,1,2,2,7,2,6,0,1,-0.29,6,3,7,0
2,3,5,1,2,0.6,6,0.559,-0.379,-2.047,0,1,3.0,2,-0.394,1,0,3,1,-0.278,0.0,5,0.0,4,2,2,0,6,7,2,4,2,5,0.4,2,7,6,0
5,0,0,4,7,-1.05,1,1.128,0.861,1.331,0,7,1.0,6,3.258,7,4,2,1,-0.409,0.0,6,0.0,2,1,1,6,0,0,3,4,4,0,-0.011,1,4,7,0
3,5,6,5,0,0.62,0,-1.151,-0.186,-1.397,1,1,2.0,7,-0.091,0,3,0,7,0.804,0.0,2,0.0,4,1,5,2,5,1,5,3,1,4,-2.191,7,4,3,0
4,1,4,3,2,-1.652,3,-0.153,-0.02,0.238,7,1,2.0,3,0.794,6,3,5,4,-1.363,0.0,7,0.0,2,1,0,6,5,7,2,1,0,6,0.531,1,2,4,0
6,7,2,5,6,-0.418,5,0.165,0.031,-0.777,7,6,3.0,5,-0.034,3,6,0,5,1.358,0.0,3,0.0,7,0,1,4,0,7,1,1,6,6,-1.192,1,6,7,0
6,5,4,6,5,0.812,1,1.004,0.206,1.235,5,6,4.0,2,-0.684,4,0,2,6,-2.189,0.0,4,0.0,3,6,0,0,0,3,4,0,5,7,1.328,7,2,3,0
6,7,6,5,7,0.057,2,-0.608,0.199,-0.123,6,6,3.0,7,0.999,6,1,3,4,2.215,0.0,3,0.0,2,1,0,4,4,5,6,7,2,0,0.582,1,6,2,0
0,7,4,1,5,-0.433,4,1.486,1.669,2.148,0,4,2.0,6,-1.709,4,2,5,6,-0.666,0.0,4,0.0,5,0,6,0,5,2,6,4,1,5,0.26,3,2,2,0
5,1,6,5,2,-0.759,4,-0.565,-0.564,-0.61,6,3,5.0,3,0.966,1,1,0,2,2.94,0.0,0,0.0,0,2,1,1,7,2,3,3,7,7,-1.313,6,2,7,0
1,2,0,1,1,0.861,3,0.068,0.07,-0.596,1,7,2.0,2,-0.473,7,7,5,0,-3.48,0.0,1,0.0,3,6,4,7,1,3,1,5,6,6,1.474,4,6,6,0
4,5,2,1,7,-0.035,1,0.184,0.383,0.602,5,4,3.0,5,-0.66,1,4,5,1,-3.099,0.0,0,0.0,0,1,4,1,0,1,7,6,7,2,2.772,5,4,1,0
5,7,5,1,4,-0.193,1,-1.392,-0.62,-1.526,7,1,5.0,1,0.409,1,1,4,1,-3.467,0.0,2,0.0,4,2,3,2,4,3,1,4,4,0,-1.193,7,6,6,0
3,2,7,2,6,0.691,1,-1.808,-0.941,-0.945,5,5,6.0,4,-0.267,0,6,7,5,-1.421,0.0,2,0.0,7,6,2,1,2,5,1,0,6,2,-1.498,3,6,1,0
0,4,4,5,5,-1.337,4,1.154,0.098,-0.652,7,4,2.0,1,-3.227,1,5,1,2,-0.512,0.0,2,0.0,2,6,3,3,4,2,2,4,0,5,0.741,0,4,4,0
6,7,0,5,1,-1.086,2,0.588,1.407,-0.762,6,3,2.0,3,1.951,0,4,7,4,-0.723,0.0,2,0.0,6,6,6,0,1,4,7,3,1,2,0.766,4,7,7,0
7,6,6,4,6,-0.487,5,-0.765,-1.235,-0.706,5,0,3.0,3,-1.303,1,2,5,4,-1.648,0.0,6,0.0,6,4,1,4,6,0,0,1,4,2,-0.489,1,0,6,0
5,3,1,4,7,-0.823,4,-0.095,0.192,-1.094,6,2,4.0,2,1.147,0,4,2,0,-1.811,0.0,5,0.0,3,7,3,2,4,1,4,2,0,3,-0.664,5,1,5,0
3,7,3,6,4,-0.081,1,0.78,1.407,0.122,4,6,1.0,2,3.034,5,5,0,5,1.215,0.0,7,0.0,0,3,3,3,0,2,0,4,3,0,1.293,1,4,0,0
0,7,7,2,3,0.258,6,0.627,-0.106,0.179,3,6,3.0,1,-0.612,2,1,7,4,0.386,0.0,0,0.0,4,3,6,5,4,1,1,0,6,3,0.108,3,2,2,0
3,7,6,0,7,0.363,4,0.177,0.404,0.756,6,1,3.0,6,0.864,2,2,3,3,0.54,0.0,7,0.0,5,1,3,0,0,0,7,7,6,1,-0.788,1,2,6,0
0,5,2,6,5,-0.763,2,1.112,0.73,-0.441,2,6,2.0,0,-0.425,6,3,0,7,-0.878,0.0,6,0.0,3,0,2,1,1,7,3,0,7,2,-0.153,1,7,5,0
5,4,1,5,2,-1.084,7,-0.889,-0.531,1.303,1,4,3.0,1,-1.138,1,6,7,5,0.658,0.0,4,0.0,3,4,4,3,4,6,4,7,3,0,-3.468,5,5,7,0
5,4,7,6,7,-0.775,2,-0.278,-1.39,0.477,6,1,4.0,2,-0.887,1,7,3,3,-0.165,0.0,2,0.0,7,1,5,0,4,6,7,0,1,0,-2.069,6,3,0,0
7,3,6,6,7,0.517,2,-1.983,-1.754,-0.094,4,1,5.0,6,-0.162,2,5,7,6,-0.651,0.0,6,0.0,5,7,2,3,3,2,1,0,4,7,-2.336,2,2,0,0
4,5,6,2,2,1.333,2,0.821,1.42,0.76,3,2,2.0,6,0.666,5,2,3,2,0.435,0.0,1,0.0,5,6,0,7,7,6,3,5,0,2,2.883,2,5,2,0
6,5,4,4,0,0.027,0,0.028,0.268,0.076,3,6,2.0,0,0.308,2,0,5,2,1.173,0.0,7,0.0,3,4,4,0,4,5,1,4,6,4,-0.678,2,0,1,0
7,5,7,6,1,-0.927,5,2.067,1.681,-1.518,3,0,0.0,0,1.853,0,4,2,1,-0.458,0.0,3,0.0,3,2,2,1,1,3,2,1,4,7,0.815,6,4,6,0
1,1,7,1,7,0.458,2,0.002,-1.434,2.323,0,2,6.0,7,1.866,0,4,3,2,-1.889,0.0,0,0.0,6,7,5,5,6,0,2,2,0,3,-0.31,4,5,7,0
1,4,1,2,3,-2.093,2,2.57,2.358,-0.087,3,5,-0.0,5,0.059,6,3,4,1,2.374,0.0,7,0.0,6,4,5,4,1,0,2,6,7,0,3.023,1,0,0,0
3,2,0,7,3,-1.416,6,0.169,-0.195,0.652,4,2,4.0,0,0.43,7,6,7,2,-0.225,0.0,7,0.0,6,4,3,7,2,0,7,5,2,0,-1.288,4,7,0,0
5,6,0,1,5,0.741,6,0.733,0.702,-0.669,1,5,1.0,0,0.624,7,4,7,1,3.54,0.0,5,0.0,3,7,0,5,3,1,4,4,2,2,-0.443,3,6,6,0
6,5,6,1,4,2.144,1,0.583,0.493,-0.634,3,2,2.0,1,-0.241,0,5,4,6,0.417,0.0,0,0.0,0,7,7,0,5,4,2,4,0,5,-1.33,0,7,3,0
7,3,5,6,0,0.995,0,0.218,-0.86,-0.298,2,4,6.0,2,-0.789,4,1,4,6,-2.099,0.0,0,0.0,7,7,1,2,1,3,2,3,5,2,-0.496,7,2,5,0
1,1,4,7,1,1.215,2,-1.721,-1.223,-0.422,0,2,4.0,3,-1.343,1,7,3,3,0.244,0.0,1,0.0,4,0,3,4,5,5,0,1,5,4,-1.748,1,1,3,0
6,1,3,6,1,0.318,0,0.786,0.879,1.03,2,5,2.0,2,0.754,5,0,6,4,0.355,0.0,3,0.0,4,3,7,1,7,3,6,5,1,7,-0.245,7,7,2,0
5,2,4,7,6,1.142,5,-1.517,-1.363,1.068,6,4,6.0,3,-3.242,7,4,2,2,-2.631,0.0,5,0.0,7,1,2,7,2,3,4,1,6,6,-3.833,6,1,0,0
5,5,1,5,2,-0.356,5,-0.758,-0.846,1.226,2,3,6.0,2,-3.091,4,0,2,7,-1.187,0.0,6,0.0,5,1,2,1,7,4,3,7,3,4,-1.778,6,2,1,0
6,0,7,5,7,-0.806,3,-0.599,-0.024,-1.381,0,4,3.0,7,-0.029,7,4,3,7,-5.649,0.0,0,0.0,0,4,4,0,6,5,7,0,7,3,0.625,2,7,4,0
6,5,2,5,1,0.272,1,-0.43,-0.478,0.896,1,0,4.0,3,-0.137,7,1,0,7,-5.675,0.0,0,0.0,6,2,4,4,2,7,4,3,6,6,0.933,4,7,6,0
1,5,5,7,1,-0.297,6,-0.265,-0.132,-0.977,5,4,4.0,3,-0.649,7,7,7,3,1.913,0.0,4,0.0,3,6,1,1,7,6,4,3,5,0,-0.662,4,2,4,0
6,2,1,7,2,1.673,2,-0.247,-0.405,0.388,5,2,4.0,1,-2.073,6,4,2,7,-1.02,0.0,5,0.0,5,2,3,1,7,4,1,7,5,3,-0.935,2,5,6,0
6,7,7,5,4,0.004,4,-0.602,-0.066,1.631,7,0,4.0,4,0.565,4,1,6,6,1.181,0.0,3,0.0,6,0,7,6,3,1,2,7,1,0,0.656,3,5,3,0
2,2,2,2,6,-0.855,0,0.497,0.173,1.905,7,2,2.0,2,-2.032,7,3,3,0,2.156,0.0,2,0.0,0,2,3,3,7,0,0,0,7,1,0.378,1,4,5,0
6,5,6,3,7,-1.042,3,-0.149,-0.338,-1.336,1,6,4.0,7,0.811,1,5,3,0,-1.326,0.0,7,0.0,5,0,4,7,1,7,1,4,3,7,0.648,1,5,3,0
7,4,3,1,4,-0.212,5,0.278,-0.664,1.024,1,6,4.0,4,5.37,7,0,1,7,3.254,0.0,1,0.0,3,5,6,1,5,2,4,0,2,0,-0.692,1,4,5,0
6,2,3,7,2,0.071,2,0.188,1.499,0.23,6,5,3.0,1,1.834,2,4,4,1,1.112,0.0,2,0.0,6,1,5,1,5,4,1,3,0,7,0.846,6,6,1,0
4,1,6,2,6,1.404,2,3.133,2.13,0.948,2,6,-0.0,5,1.854,4,2,5,3,3.906,0.0,1,0.0,1,7,3,6,6,3,6,4,7,5,2.881,5,0,0,0
6,2,3,4,1,0.065,7,-0.96,-0.549,-0.847,1,1,5.0,2,-1.687,2,7,3,1,2.37,0.0,2,0.0,6,7,2,7,5,0,6,5,3,6,0.884,4,5,2,0
1,0,2,3,2,0.345,2,1.196,0.79,0.842,5,6,2.0,2,1.814,0,1,2,5,-0.775,0.0,2,0.0,6,7,1,3,4,1,2,2,4,4,0.523,5,0,7,0
5,0,2,0,3,-0.276,0,-2.01,-1.478,-1.968,6,0,4.0,4,-1.678,2,5,3,6,-1.213,0.0,0,0.0,7,0,0,0,5,3,0,7,3,7,-1.091,4,4,0,0
5,3,6,3,1,1.412,0,0.905,0.609,0.296,6,1,2.0,5,0.764,4,2,6,4,-2.294,0.0,4,0.0,0,1,0,3,4,5,2,7,6,7,0.616,7,5,2,0
0,2,0,5,4,0.442,3,0.983,1.75,0.537,0,5,1.0,4,0.014,2,4,4,3,1.07,0.0,1,0.0,0,7,7,6,6,1,4,0,0,7,0.665,5,1,0,0
6,3,1,2,7,-1.071,0,-0.928,-0.902,-1.029,7,7,5.0,4,0.118,0,1,0,4,-1.847,0.0,3,0.0,4,1,4,4,6,6,1,1,3,5,0.301,6,5,5,0
7,7,1,0,2,0.154,1,-0.466,0.014,0.979,5,0,3.0,4,3.934,7,6,0,5,2.751,0.0,2,0.0,3,1,3,2,4,0,1,6,1,1,0.66,3,0,0,0
0,4,6,2,3,-0.951,6,-0.451,-0.329,-0.934,0,4,3.0,5,1.471,4,1,2,5,-1.875,0.0,6,0.0,4,4,6,3,6,1,1,6,0,1,-0.808,5,3,4,0
6,7,5,7,1,0.815,2,0.201,1.421,-0.022,3,0,1.0,7,1.107,3,7,6,7,0.489,0.0,2,0.0,1,3,1,0,0,1,0,6,2,5,1.987,0,4,0,0
2,4,0,2,6,2.121,0,0.087,-0.097,-0.518,1,4,4.0,5,0.7,4,1,5,3,1.31,0.0,5,0.0,1,7,2,3,5,1,7,7,6,7,-1.359,2,7,3,0
7,0,4,5,0,1.347,5,-0.564,-0.064,1.065,1,7,4.0,2,-2.991,0,1,4,6,-0.436,0.0,4,0.0,2,1,2,2,0,3,3,6,4,7,-1.922,5,7,4,0
4,4,5,0,2,1.357,1,-1.419,-0.631,-1.303,4,5,4.0,3,1.58,1,7,6,3,-1.452,0.0,7,0.0,2,4,3,4,4,4,7,1,7,4,0.123,3,3,0,0
5,7,7,4,4,0.496,5,0.258,-0.037,-0.033,6,1,4.0,1,-1.401,6,4,3,1,0.217,0.0,6,0.0,5,1,3,1,6,6,6,7,0,0,0.657,5,7,1,0
4,5,2,2,2,-0.616,6,0.389,0.354,-0.061,2,3,2.0,0,-1.287,3,6,5,5,-2.545,0.0,0,0.0,3,3,2,2,7,7,1,5,4,6,-3.067,6,0,3,0
0,7,3,3,6,0.713,5,-0.632,-0.229,0.016,0,3,2.0,4,3.047,5,6,5,2,-1.667,0.0,4,0.0,0,7,1,7,1,4,4,4,6,3,0.172,7,6,6,0
6,1,5,3,2,-1.174,6,0.42,0.557,0.658,6,0,3.0,1,2.716,4,1,6,0,-1.557,0.0,6,0.0,3,3,5,5,5,1,6,5,4,6,0.007,4,4,5,0
0,0,1,6,6,0.295,0,-0.773,-1.11,-0.285,6,1,6.0,7,-1.451,7,6,7,2,0.272,0.0,5,0.0,0,7,1,0,1,4,3,7,0,6,-0.458,7,5,3,0
5,5,6,3,7,-0.298,5,-1.29,-0.853,-0.855,3,5,6.0,3,-0.652,4,0,6,2,-3.124,0.0,4,0.0,0,5,2,1,4,0,0,1,2,4,-0.214,5,7,2,0
5,3,3,7,5,-0.897,7,1.4,1.751,-0.505,1,7,2.0,7,-1.839,6,2,0,6,-1.809,0.0,4,0.0,5,6,0,3,6,7,2,2,3,2,1.484,2,1,5,0
5,1,4,2,3,-0.738,0,-1.288,-1.32,-0.352,5,6,5.0,1,-1.305,7,5,7,5,-2.708,0.0,2,0.0,1,3,1,7,2,3,4,4,1,2,0.009,5,1,2,0
4,5,4,2,0,0.165,6,0.703,0.784,0.956,2,5,1.0,5,0.955,5,3,6,1,0.914,0.0,4,0.0,3,7,2,0,2,7,6,2,0,6,0.874,1,6,5,0
0,5,5,3,3,-0.224,4,-0.384,-0.672,-0.758,5,4,4.0,2,-2.672,5,0,7,6,-2.188,0.0,5,0.0,4,3,4,0,0,6,6,1,1,7,-0.641,2,1,4,0
3,5,1,3,4,-0.51,2,0.565,0.665,-1.324,2,7,2.0,3,-1.659,4,5,4,4,-1.061,0.0,6,0.0,7,7,0,3,7,1,7,5,2,2,0.888,3,4,4,0
6,4,3,4,1,-2.056,2,-1.176,-0.862,-0.859,1,1,3.0,0,-0.534,0,5,6,5,-5.86,0.0,3,0.0,3,5,1,5,7,1,6,4,6,0,0.74,6,1,7,0
6,2,0,1,0,0.294,1,-1.17,-1.574,0.167,4,0,5.0,5,0.346,3,3,3,3,-2.885,0.0,3,0.0,5,4,3,5,5,2,6,5,2,5,0.446,6,6,5,0
7,4,7,6,6,0.696,2,1.013,0.695,-0.414,0,1,0.0,6,-0.62,5,4,5,6,2.345,0.0,0,0.0,4,1,3,2,4,4,5,2,4,0,0.807,2,2,0,0
4,0,3,6,1,0.118,4,-0.555,-0.253,0.852,2,5,3.0,1,3.356,5,6,4,6,-1.585,0.0,5,0.0,2,0,3,1,5,3,1,5,0,7,-1.24,5,3,7,0
2,1,5,1,2,0.547,6,0.584,1.213,-0.163,1,2,2.0,1,-1.942,2,4,5,0,1.693,0.0,4,0.0,6,5,5,1,1,7,0,3,1,3,-0.315,2,1,0,0
7,0,1,3,4,-1.034,4,0.457,-0.141,0.675,5,1,4.0,5,-1.598,7,7,5,5,2.26,0.0,7,0.0,6,7,5,2,2,3,5,6,6,2,-0.162,7,2,0,0
4,4,4,4,3,0.066,6,-0.819,-0.442,0.809,0,4,4.0,0,0.805,7,7,1,4,-0.514,0.0,7,0.0,3,5,0,2,2,4,0,7,7,2,0.864,4,6,4,0
3,1,5,5,2,0.558,6,-0.464,-0.393,-0.114,7,7,4.0,3,0.681,2,2,7,5,-2.228,0.0,2,0.0,1,4,0,2,2,5,3,2,6,5,1.123,3,1,5,0
3,2,1,1,3,-0.878,5,1.441,1.247,0.138,0,0,2.0,6,1.375,2,0,3,7,2.345,0.0,4,0.0,6,5,6,2,1,1,1,0,0,3,0.276,2,3,0,0
6,3,5,2,4,0.91,1,0.181,1.015,-0.319,7,5,0.0,5,-1.276,7,3,7,4,-0.378,0.0,5,0.0,2,1,2,3,6,3,1,5,0,2,2.595,6,5,6,0
3,2,2,3,0,-0.143,6,-0.554,0.301,1.551,0,1,3.0,2,1.588,5,7,3,5,-3.238,0.0,4,0.0,3,2,7,4,3,1,0,0,4,7,-0.406,4,7,4,0
4,3,5,6,0,-0.157,2,-1.08,-0.823,-0.666,4,6,4.0,2,1.589,1,6,7,2,0.876,0.0,0,0.0,7,7,6,5,2,4,0,3,7,4,-1.421,3,0,5,0
1,7,5,2,1,1.373,1,-0.674,0.653,-0.947,1,6,3.0,0,0.198,0,4,6,6,-1.735,0.0,5,0.0,5,7,0,4,4,6,3,7,1,3,-0.49,3,6,6,0
2,0,3,2,7,1.024,0,-0.711,-0.78,-1.449,4,1,4.0,3,-1.686,2,0,3,0,-0.883,0.0,6,0.0,1,5,1,0,4,5,4,2,5,3,-0.708,0,5,2,0
5,6,6,1,6,0.535,0,1.537,0.844,0.014,6,1,1.0,4,2.381,7,0,1,3,-1.57,0.0,6,0.0,2,7,4,6,3,3,5,4,2,0,0.636,6,4,4,0
4,4,0,1,7,0.664,0,0.552,0.176,0.224,4,1,3.0,2,0.818,7,1,4,4,-4.596,0.0,1,0.0,4,6,5,3,4,5,2,7,2,2,-0.765,1,4,1,0
3,6,2,1,5,0.55,2,-0.727,0.126,1.829,1,6,4.0,6,-0.978,0,7,3,3,0.546,0.0,6,0.0,3,2,3,2,4,2,0,7,2,3,-3.133,4,5,1,0
3,7,3,4,4,0.494,1,-0.897,-1.64,-0.793,0,1,5.0,2,-2.392,7,5,7,2,1.125,0.0,7,0.0,5,4,0,3,6,6,4,7,7,7,-0.713,0,5,3,0
1,3,1,6,4,0.584,0,-0.011,-0.641,0.411,2,0,4.0,2,-0.932,6,4,6,1,0.256,0.0,2,0.0,2,7,2,0,7,7,4,1,2,6,0.215,5,5,5,0
3,1,3,3,3,-0.606,5,-1.043,-0.322,-0.663,5,0,3.0,7,-0.142,3,2,4,0,1.297,0.0,6,0.0,6,0,4,7,7,7,4,6,5,5,-2.516,5,7,7,0
6,4,2,4,2,-0.223,5,1.517,2.283,0.346,4,7,-0.0,7,3.952,7,6,3,6,0.36,0.0,7,0.0,2,0,4,5,2,3,7,5,2,7,3.153,0,4,7,0
6,5,0,7,3,0.145,3,-0.296,0.231,-0.099,0,7,3.0,7,0.361,1,5,5,3,-0.467,0.0,1,0.0,7,1,1,5,6,2,2,6,4,5,-0.177,2,2,4,0
2,3,7,4,2,-2.016,6,-2.095,-1.585,0.535,2,3,5.0,2,-5.209,6,5,2,7,-1.499,0.0,4,0.0,1,6,0,1,1,7,1,2,7,0,-2.297,2,4,3,0
1,3,3,4,7,0.707,3,-0.8,-0.703,0.403,7,1,3.0,3,-0.419,0,7,5,4,0.48,0.0,7,0.0,1,6,2,5,7,5,7,1,7,4,-0.699,3,7,5,0
1,5,6,5,5,0.266,5,-1.175,-0.42,1.718,7,0,3.0,5,2.087,4,5,0,5,-0.53,0.0,2,0.0,4,4,6,1,3,7,7,6,6,1,-2.177,5,2,0,0
4,6,7,1,3,-0.042,4,-0.882,-0.629,-0.966,7,0,3.0,2,-4.385,4,4,3,5,-0.02,0.0,1,0.0,7,4,6,6,7,2,7,7,3,0,-0.024,2,4,7,0
5,4,7,5,4,-0.819,0,0.645,0.423,-0.157,1,0,2.0,7,0.544,1,0,2,3,4.19,0.0,5,0.0,7,0,0,1,4,5,3,5,2,4,0.078,0,0,1,0
6,4,3,5,6,0.419,4,-0.181,-1.0,-0.362,6,1,6.0,4,-1.759,5,5,6,4,1.935,0.0,7,0.0,1,0,0,2,2,6,3,6,2,6,-1.94,0,5,1,0
1,7,4,0,5,-0.065,4,-0.492,-0.325,-0.556,2,6,4.0,2,0.693,4,6,6,5,1.637,0.0,7,0.0,4,4,0,5,6,2,5,7,5,4,-1.838,2,0,0,0
0,2,5,2,4,1.347,3,-2.703,-2.579,1.848,6,4,9.0,1,-4.538,0,1,2,3,-4.857,0.0,2,289.87,3,7,4,1,4,5,2,1,6,3,-1.939,2,1,0,1
0,2,6,7,0,0.514,6,-0.932,-1.26,0.935,5,3,6.0,2,-2.722,5,5,2,3,0.147,0.0,7,0.0,1,6,6,1,4,0,2,5,1,4,-1.855,5,3,2,0
4,1,2,3,5,-0.894,1,-2.115,-0.748,-0.378,1,2,3.0,6,-2.27,2,7,0,2,-2.374,0.0,0,0.0,0,6,0,0,6,3,5,4,5,7,0.691,0,3,3,0
2,4,6,3,2,1.091,0,0.518,-0.233,2.371,2,5,4.0,7,1.969,7,3,3,5,-6.735,0.0,5,0.0,5,6,2,7,4,3,4,0,0,2,-0.161,6,5,3,0
1,5,5,1,6,0.646,2,2.191,1.433,0.055,0,0,2.0,5,1.916,3,2,6,7,2.982,0.0,0,0.0,4,4,3,5,6,1,6,4,3,5,1.92,5,2,2,0
5,6,0,2,3,-0.36,7,-0.96,-0.56,-0.367,5,3,4.0,1,1.166,4,2,7,0,-1.938,0.0,1,0.0,0,1,7,5,4,1,0,0,0,2,-0.87,4,3,5,0
5,5,4,3,0,-0.473,1,0.861,0.43,-1.551,0,5,4.0,3,0.718,1,6,3,5,-2.284,0.0,6,0.0,6,3,1,7,1,3,1,7,7,0,1.453,0,4,7,0
6,0,1,4,2,0.109,3,0.129,0.322,0.218,2,5,3.0,2,0.822,1,2,1,3,0.184,0.0,7,0.0,6,2,0,1,4,0,3,0,1,1,0.233,2,4,7,0
5,2,4,3,7,0.99,6,1.438,1.826,1.856,4,7,1.0,5,1.129,4,3,3,3,2.396,0.0,3,0.0,6,4,4,5,5,0,4,4,0,5,0.805,7,0,7,0
0,5,5,1,2,0.131,2,2.03,1.573,-0.568,3,1,2.0,6,4.403,6,4,1,7,4.624,0.0,3,0.0,3,3,7,5,3,3,6,3,1,2,0.08,6,4,2,0
1,2,0,2,6,0.042,7,0.209,0.27,-0.409,3,0,3.0,5,0.583,6,5,4,2,0.485,0.0,3,0.0,6,4,4,1,4,5,0,1,1,4,-0.515,0,2,5,0
6,4,7,7,1,-0.795,1,0.991,0.396,2.637,7,2,2.0,7,0.871,4,2,7,3,4.195,0.0,1,0.0,3,1,3,2,0,0,7,0,0,3,0.829,6,4,5,0
1,7,5,4,4,-0.561,3,1.073,1.62,1.32,4,4,2.0,1,8.013,4,4,2,2,-1.632,0.0,5,0.0,7,3,7,5,5,6,2,4,4,5,0.814,4,1,2,0
1,2,5,2,5,-0.496,6,0.243,0.34,0.972,0,6,2.0,6,-0.033,0,1,1,0,2.388,0.0,0,0.0,2,4,3,7,7,0,1,0,0,5,2.56,2,2,0,0
7,7,5,3,3,0.054,4,-0.442,0.087,0.155,7,3,2.0,6,-0.077,7,2,5,6,1.105,0.0,0,0.0,7,4,0,1,1,3,1,7,1,1,0.044,1,1,4,0
1,4,1,3,3,-0.235,1,-0.19,-0.025,0.642,0,4,3.0,7,-2.082,5,7,2,1,3.116,0.0,5,0.0,3,5,5,2,1,7,6,5,5,0,-0.027,7,7,7,0
2,2,7,1,3,-0.728,4,0.55,0.148,0.208,7,6,3.0,3,-0.133,4,3,7,1,5.056,0.0,4,0.0,1,2,7,7,1,6,5,7,7,1,-0.282,7,1,2,0
0,4,5,6,7,-0.635,4,-0.992,0.249,0.699,5,2,4.0,1,-0.468,4,5,7,7,-0.307,0.0,2,0.0,1,5,1,1,7,0,1,0,2,4,-1.044,6,2,6,0
5,0,0,0,7,1.039,7,0.836,0.45,-0.933,0,3,2.0,4,0.943,0,6,5,2,0.866,0.0,3,0.0,4,6,4,2,2,6,2,3,1,5,2.732,1,6,2,0
2,6,5,2,6,1.831,4,2.105,2.119,-0.169,6,0,1.0,2,1.438,0,1,4,4,0.825,0.0,5,0.0,5,5,6,3,0,7,6,4,1,0,2.05,7,3,2,0
2,6,6,3,1,0.74,6,2.387,1.539,-2.826,7,6,1.0,0,1.55,3,6,0,7,4.363,0.0,5,0.0,5,6,1,1,0,1,2,6,2,1,2.397,3,7,6,0
5,7,1,2,7,0.483,7,0.592,1.575,0.793,5,5,4.0,3,3.442,0,0,7,0,2.728,0.0,3,0.0,6,3,6,3,7,7,2,1,7,1,0.409,0,7,5,0
5,3,3,3,3,0.575,2,-1.533,-1.165,0.406,0,3,4.0,4,0.931,6,6,6,0,3.681,0.0,6,0.0,0,5,7,7,0,1,6,3,4,1,-0.554,2,7,2,0
5,4,5,2,6,0.173,6,-0.49,-0.436,1.529,7,7,4.0,7,1.326,1,5,5,5,-1.742,0.0,3,0.0,0,0,4,2,0,1,2,1,5,7,-2.455,1,7,0,0
5,6,5,7,1,2.257,0,-0.212,-0.92,-0.763,3,5,6.0,2,-0.058,5,3,5,6,-2.113,0.0,7,0.0,5,4,4,3,0,1,7,5,3,0,-3.387,1,1,5,0
0,6,0,4,7,0.84,1,-0.777,0.101,-0.733,7,2,3.0,0,0.996,2,3,6,0,-1.227,0.0,5,0.0,0,6,6,7,6,3,2,1,2,6,-0.284,1,6,0,0
2,7,6,4,7,-1.105,0,-1.492,-0.41,0.484,0,7,5.0,0,1.837,1,1,4,7,1.807,0.0,1,0.0,4,2,7,7,0,7,7,2,4,4,-2.086,3,3,7,0
3,6,4,4,4,0.434,0,2.28,1.458,-0.743,0,4,0.0,2,2.131,3,2,7,6,2.427,0.0,4,0.0,6,3,1,3,3,6,3,7,3,7,2.69,7,1,3,0
0,5,7,7,0,0.449,6,2.153,1.392,0.546,6,3,2.0,0,1.456,4,2,0,6,3.218,0.0,0,0.0,6,6,4,5,2,0,0,6,1,2,2.227,6,0,7,0
6,0,1,3,4,0.582,1,0.752,0.88,-0.876,6,5,3.0,3,-2.263,2,1,2,3,0.042,0.0,5,0.0,4,2,4,2,2,6,3,7,5,0,1.558,5,3,1,0
1,7,2,7,1,1.84,4,-1.06,-1.625,-1.713,6,7,5.0,2,-4.697,4,6,6,7,-1.644,0.0,6,0.0,3,7,5,6,7,0,5,0,6,3,-2.331,0,7,7,0
2,2,2,6,6,0.495,3,-0.008,-0.829,0.622,1,2,4.0,4,-0.415,5,3,0,6,-1.172,0.0,1,0.0,3,3,2,3,6,6,4,1,6,0,-1.229,6,5,1,0
0,7,1,7,4,-0.036,3,-0.021,0.188,0.999,0,3,4.0,5,1.249,2,7,1,6,-1.974,0.0,6,0.0,1,4,7,7,6,0,4,4,2,0,1.206,7,5,2,0
1,2,3,0,7,-0.451,4,-1.498,-0.839,-1.079,1,2,4.0,2,-3.527,5,7,4,4,2.35,0.0,1,0.0,5,3,1,1,5,6,2,3,7,4,0.45,5,2,6,0
7,5,3,3,6,-0.704,6,-1.16,-1.158,-0.616,6,7,3.0,1,-1.338,5,2,2,6,3.486,0.0,0,0.0,3,6,5,0,1,1,5,3,2,0,-2.678,4,0,0,0
5,4,6,2,7,-0.584,5,0.281,0.317,2.388,6,5,2.0,0,-1.663,3,6,1,2,-1.988,0.0,0,0.0,0,3,2,7,0,4,3,6,0,5,0.58,4,2,0,0
4,3,5,3,7,0.581,5,1.713,1.335,0.129,7,5,3.0,5,-1.457,0,3,3,2,1.339,0.0,4,0.0,5,3,5,6,1,4,5,4,6,3,-0.43,1,0,5,0
3,4,6,3,0,-0.468,3,0.362,0.436,-1.677,5,2,4.0,3,-1.183,6,0,3,3,2.418,0.0,0,0.0,3,6,1,3,6,0,1,2,3,6,0.198,4,3,5,0
6,3,7,4,7,-0.754,0,-0.064,-1.011,-0.1,5,3,5.0,3,-2.08,3,1,1,7,-0.943,0.0,4,0.0,1,7,5,1,5,3,2,0,4,1,-1.965,5,4,4,0
7,7,3,5,5,0.609,3,0.671,0.383,-0.199,1,7,1.0,4,0.78,5,2,0,6,4.254,0.0,0,0.0,5,2,4,6,0,6,2,0,3,3,0.332,5,0,7,0
4,1,3,6,2,0.6,7,-0.275,0.979,0.869,4,5,1.0,5,1.079,2,3,7,0,4.341,0.0,7,0.0,2,4,0,1,0,3,2,4,4,6,-0.82,4,0,6,0
0,5,3,1,1,0.146,5,0.452,0.662,-0.648,1,5,4.0,7,-1.752,6,1,5,4,-0.349,0.0,4,0.0,7,7,3,6,6,7,4,3,1,2,-0.147,0,3,2,0
3,0,6,7,6,-0.852,1,-2.325,-1.431,-0.353,0,2,6.0,6,-3.046,3,4,1,7,-0.123,0.0,7,0.0,5,1,1,1,3,3,1,7,3,1,0.14,5,2,4,0
3,5,2,7,0,1.282,3,-1.194,-0.234,-0.537,2,1,4.0,7,-0.962,6,7,6,5,-0.526,0.0,4,0.0,1,2,6,7,5,4,4,3,2,7,-0.758,3,1,5,0
0,3,1,0,1,0.891,0,-0.164,0.174,0.5,7,2,1.0,2,2.031,4,6,3,7,0.408,0.0,7,0.0,1,3,6,2,7,4,4,0,7,6,0.109,1,7,7,0
0,3,6,1,0,1.563,5,-0.386,-0.708,1.308,1,7,4.0,1,-2.444,6,0,0,1,0.659,0.0,4,0.0,4,6,7,0,5,6,2,4,2,6,0.051,1,2,2,0
6,1,4,5,7,0.478,7,-0.99,-1.091,-0.922,0,1,5.0,4,-4.928,3,7,3,1,-4.675,0.0,6,0.0,7,6,7,2,7,6,3,2,6,0,-2.875,3,6,7,0
6,5,1,7,1,-0.591,4,2.012,2.246,-1.3,4,3,-0.0,0,3.991,5,7,0,5,2.581,0.0,5,0.0,1,5,5,1,3,3,1,0,4,1,1.487,4,6,1,0
1,0,0,3,0,-0.124,5,-0.699,1.269,-0.432,3,2,4.0,1,1.547,2,0,5,0,3.947,0.0,5,0.0,5,1,4,7,6,6,1,2,4,1,1.451,6,0,3,0
2,6,2,1,6,-1.288,4,0.497,0.14,-0.369,7,6,3.0,4,-1.669,5,2,6,3,-1.743,0.0,2,0.0,0,6,1,7,0,5,1,4,3,0,1.104,2,6,0,0
4,0,4,0,6,-0.995,0,-0.631,-0.035,-1.011,4,0,3.0,1,0.394,6,0,5,1,-2.672,0.0,5,0.0,1,4,3,2,1,0,6,7,4,6,-0.013,6,5,2,0
6,4,5,4,2,0.232,0,1.899,0.658,1.063,0,5,3.0,7,-2.731,1,0,7,3,1.618,0.0,2,0.0,7,0,1,0,5,7,6,4,7,2,0.487,4,0,0,0
5,3,6,5,7,0.622,0,0.74,0.007,0.062,1,4,3.0,4,0.567,3,3,2,6,-0.827,0.0,3,0.0,5,6,3,5,1,5,6,7,4,6,0.778,3,2,3,0
2,1,5,5,3,0.314,3,-1.331,-1.154,0.458,4,7,4.0,4,-4.299,5,1,2,6,-2.606,0.0,4,0.0,4,2,6,1,1,5,5,2,1,3,-2.961,2,2,6,0
3,1,0,2,5,-0.854,2,2.021,1.976,-0.505,7,7,2.0,3,3.871,0,3,4,2,-0.898,0.0,1,0.0,4,2,1,1,6,3,3,0,6,3,1.392,6,6,6,0
7,2,3,3,7,-0.33,0,-0.997,-1.217,0.251,7,2,5.0,3,-0.832,0,4,0,5,-0.259,0.0,5,0.0,1,7,1,5,6,2,7,5,4,4,1.514,5,6,7,0
5,6,5,2,5,-0.254,7,-1.925,-1.125,-1.483,7,4,3.0,7,-2.531,5,7,1,0,-0.347,0.0,1,0.0,7,6,2,3,7,2,1,4,1,7,0.48,3,3,1,0
1,6,0,1,6,-1.551,2,-1.07,-0.562,-0.264,4,3,4.0,5,2.338,6,0,2,7,-4.446,0.0,3,0.0,1,1,7,7,7,4,4,5,0,3,-2.005,0,2,7,0
1,2,5,1,2,-0.862,0,0.231,-0.356,0.228,3,3,4.0,5,-0.331,3,2,3,7,0.83,0.0,4,0.0,7,1,2,6,5,3,4,4,2,4,-2.462,2,3,0,0
5,5,5,2,4,0.48,2,0.652,0.535,1.526,6,4,2.0,6,-0.897,0,7,3,0,4.614,0.0,7,0.0,6,3,5,0,5,3,6,7,1,5,-1.333,4,1,4,0
7,3,5,7,5,-0.609,7,-2.618,-1.148,-1.343,7,5,5.0,3,-3.912,1,7,3,1,-5.421,0.0,3,0.0,1,0,3,0,4,0,0,6,3,5,-2.672,4,5,0,0
0,0,6,4,3,1.112,5,-1.16,-0.33,0.053,2,0,6.0,2,-0.989,4,1,4,7,3.27,0.0,4,0.0,0,4,1,5,4,3,5,1,6,2,-1.602,0,3,2,0
7,1,4,5,0,0.648,3,-1.09,-0.331,-0.125,0,3,5.0,4,1.399,0,6,4,2,3.2,0.0,2,0.0,5,3,7,5,7,7,4,0,1,2,-0.714,4,2,7,0
4,5,7,7,4,-0.813,1,-0.073,0.836,0.92,7,3,2.0,2,0.144,0,2,0,4,2.831,0.0,7,0.0,6,7,5,3,3,2,3,5,0,7,-0.267,0,4,4,0
0,2,3,4,0,1.12,7,1.973,2.081,-1.049,7,7,0.0,0,0.669,5,2,5,0,1.614,0.0,0,0.0,5,2,1,3,7,5,1,5,2,4,3.323,5,2,6,0
7,2,2,1,6,0.388,6,-0.105,0.278,-0.018,6,3,3.0,3,-1.597,7,4,1,4,-2.034,0.0,5,0.0,3,6,7,5,5,6,0,3,7,7,0.588,0,5,1,0
3,4,5,3,2,0.523,1,0.532,-0.346,1.603,3,3,5.0,7,-0.519,0,4,2,1,0.083,0.0,3,0.0,6,5,3,3,5,3,5,2,0,6,-0.946,6,3,3,0
7,3,7,7,5,-0.3,5,0.754,0.633,-1.027,5,6,3.0,2,-2.012,6,7,1,7,3.455,0.0,7,0.0,3,3,4,1,5,1,6,5,7,5,-0.422,4,7,7,0
5,5,2,4,1,-0.573,1,0.278,0.528,0.121,2,7,1.0,4,-0.682,1,0,1,6,-0.756,0.0,7,0.0,7,2,4,1,2,5,7,1,5,2,0.402,7,1,2,0
6,7,4,1,7,0.644,1,-0.679,-0.278,1.823,6,3,4.0,7,-2.479,1,5,4,0,-4.751,0.0,0,0.0,3,5,7,3,7,6,6,2,1,5,-1.807,2,2,3,0
5,4,4,7,6,-2.108,4,-0.418,-0.221,-0.492,5,0,4.0,7,-0.174,5,2,5,3,-4.035,0.0,1,0.0,0,7,1,2,4,7,5,0,1,7,-1.516,0,7,4,0
5,4,7,4,5,0.983,5,0.218,1.014,-1.427,0,2,2.0,2,4.491,0,4,4,2,0.073,0.0,0,0.0,5,3,7,0,0,7,0,5,3,7,1.917,7,5,5,0
2,1,4,5,0,-0.835,4,-0.186,0.018,0.07,6,6,4.0,5,2.833,2,5,6,3,-0.726,0.0,6,0.0,7,0,4,0,1,0,0,1,3,2,-1.466,4,4,5,0
2,0,4,5,0,-1.941,6,-1.435,-0.775,0.739,5,6,4.0,5,0.767,1,3,1,5,2.86,0.0,2,0.0,3,5,6,2,2,7,6,7,6,1,-2.674,3,2,4,0
7,7,2,2,3,-0.803,6,-0.747,-0.509,0.116,4,5,4.0,6,1.154,4,5,2,1,-1.097,0.0,5,0.0,1,1,2,4,4,7,5,2,7,3,-1.397,2,5,3,0
1,2,4,0,1,-0.037,7,-0.468,0.181,-1.692,5,6,3.0,0,1.407,2,2,1,0,-0.815,0.0,0,0.0,6,4,7,5,1,3,6,5,3,6,2.458,4,1,2,0
3,1,5,0,4,-1.511,6,-0.367,0.089,0.147,1,1,3.0,1,-1.061,7,2,5,4,-0.028,0.0,3,0.0,5,2,2,1,5,4,4,5,0,4,-0.522,3,3,3,0
2,7,4,0,1,-0.522,1,-0.108,-0.146,-1.264,3,5,2.0,6,-0.663,0,4,2,7,-0.187,0.0,7,0.0,7,5,0,6,2,7,0,0,1,4,1.478,3,4,1,0
7,2,6,6,6,0.372,7,-1.156,-0.788,-2.394,5,7,4.0,2,-0.899,5,6,2,1,-1.8,0.0,5,0.0,2,0,3,3,5,5,4,1,7,3,-0.256,5,0,2,0
3,5,7,4,1,0.261,3,0.159,-0.158,-0.21,3,4,4.0,0,-1.13,2,4,6,6,-2.259,0.0,6,0.0,0,2,2,5,2,7,0,6,6,4,-1.138,4,0,2,0
4,1,3,4,0,0.516,1,1.078,0.709,-0.158,1,5,2.0,0,1.217,3,1,0,0,4.341,0.0,1,0.0,6,4,7,6,5,7,1,7,3,6,0.335,0,5,5,0
3,2,6,6,1,-1.519,6,-1.89,-1.035,0.247,2,7,4.0,2,2.275,1,1,0,2,1.492,0.0,3,0.0,1,3,3,7,4,3,5,2,2,3,-1.941,3,4,0,0
4,1,1,1,6,0.056,4,0.681,1.138,0.387,5,7,2.0,7,0.246,6,6,2,6,-2.637,0.0,3,0.0,2,7,4,7,1,7,1,4,5,3,0.371,0,1,1,0
4,1,2,0,4,1.318,2,-1.25,-1.311,0.246,4,4,5.0,5,-0.875,4,7,6,0,-3.178,0.0,2,0.0,5,6,2,6,3,2,7,3,2,5,-4.038,2,0,7,0
1,0,2,5,0,-0.369,5,0.093,-0.12,0.555,3,4,4.0,7,-2.796,1,1,6,6,3.16,0.0,1,0.0,5,1,6,1,7,2,0,6,2,3,0.253,5,3,0,0
4,3,5,5,1,-1.917,0,0.469,1.142,0.25,4,5,2.0,3,1.659,4,3,7,6,2.873,0.0,6,0.0,5,2,5,7,5,0,0,3,2,7,1.914,6,7,6,0
6,6,7,5,2,2.047,7,0.171,0.25,0.266,1,6,4.0,6,3.94,5,1,6,4,-1.013,0.0,5,0.0,5,2,5,1,5,0,1,0,3,3,1.524,1,4,1,0
5,1,6,3,5,-1.132,6,-0.313,0.592,1.815,7,5,2.0,5,1.916,4,6,4,0,-1.993,0.0,5,0.0,5,2,4,0,0,5,7,5,6,5,1.485,2,6,4,0
4,5,0,3,5,-0.692,5,-0.014,-0.021,-0.172,1,3,3.0,2,1.284,5,5,6,3,2.191,0.0,1,0.0,5,3,5,7,7,7,5,6,7,3,-1.485,5,7,1,0
3,1,2,1,6,-0.885,4,2.046,1.699,2.103,0,7,-0.0,5,1.533,4,5,6,5,3.518,0.0,7,0.0,6,0,0,2,7,3,7,4,1,5,1.21,7,1,2,0
4,1,2,1,1,-1.275,6,-0.092,-0.712,1.813,6,4,3.0,4,-2.47,0,6,6,0,-0.662,0.0,2,0.0,4,0,3,3,5,4,2,4,4,7,-2.091,6,1,6,0
0,2,6,4,5,-0.009,6,0.1,0.615,0.611,3,7,1.0,0,2.896,4,0,0,5,3.678,0.0,5,0.0,1,0,4,5,4,3,0,5,2,3,0.201,6,4,3,0
2,7,1,6,5,0.826,7,-0.91,-0.527,-0.299,5,3,5.0,6,-2.266,5,5,5,3,-1.849,0.0,5,0.0,7,1,2,3,2,2,4,7,4,2,-1.279,3,5,0,0
7,3,4,0,7,0.487,1,0.88,1.232,-0.083,5,0,1.0,6,-1.574,1,1,0,7,1.585,0.0,7,0.0,4,5,6,5,1,7,3,1,0,5,1.97,6,6,7,0
2,5,7,5,7,-0.812,2,-1.256,-0.896,0.153,7,1,5.0,5,-2.69,2,6,2,1,-2.262,0.0,2,0.0,5,7,7,4,3,7,3,4,4,5,-0.074,7,5,5,0
6,3,5,3,1,-0.266,2,0.854,-0.267,-1.14,2,1,3.0,7,-1.602,0,0,5,2,0.898,0.0,3,0.0,1,1,2,5,0,3,1,7,4,1,-0.008,6,4,1,0
7,7,1,7,6,-0.592,4,-0.036,-0.678,-0.648,4,5,6.0,3,0.177,5,0,3,7,-2.141,0.0,0,0.0,1,2,6,3,2,5,1,3,4,2,-1.197,3,3,0,0
4,7,4,1,3,-0.278,5,0.169,-0.073,1.51,0,2,5.0,2,1.177,0,4,2,4,-0.46,0.0,5,0.0,5,3,3,5,0,0,6,2,5,3,-1.349,6,5,2,0
3,5,2,0,5,0.943,0,2.016,1.306,0.167,7,6,2.0,2,1.512,6,6,2,6,4.115,0.0,3,0.0,1,0,0,0,7,7,2,7,7,3,1.661,0,5,0,0
5,6,5,5,4,0.442,3,2.035,1.741,0.298,6,6,2.0,3,3.142,7,6,6,0,1.89,0.0,3,0.0,0,4,7,5,7,2,7,7,3,7,1.67,2,5,6,0
3,0,5,3,6,-0.97,3,0.426,-0.026,1.216,5,1,5.0,7,-1.787,5,5,2,4,-0.795,0.0,2,0.0,7,1,0,1,0,0,6,4,7,4,-1.265,5,5,4,0
3,5,3,2,5,-0.827,0,-1.759,-1.505,0.212,5,2,4.0,0,-0.778,7,1,1,0,-0.522,0.0,3,0.0,3,7,2,4,4,4,3,6,1,2,-2.098,7,7,1,0
4,5,0,2,4,0.178,1,-1.774,-1.282,0.566,5,2,5.0,7,0.147,4,2,2,5,-1.066,0.0,3,0.0,1,7,1,7,3,7,5,1,1,2,-1.948,7,4,5,0
0,5,5,7,7,-0.82,0,2.223,2.364,1.9,5,0,1.0,5,1.917,4,2,1,2,2.019,0.0,7,0.0,5,1,6,7,1,7,4,5,3,0,1.963,7,0,3,0
2,3,1,2,4,-0.369,1,-0.275,0.193,0.688,6,6,4.0,1,0.782,3,5,1,6,1.921,0.0,0,0.0,6,0,4,0,4,0,2,6,6,0,0.253,3,7,5,0
3,4,3,5,5,0.038,7,-0.855,-0.35,-1.547,6,0,3.0,1,1.874,7,7,2,5,0.424,0.0,7,0.0,6,1,6,2,6,0,2,1,6,2,-0.062,5,6,4,0
7,7,5,2,7,0.355,5,-0.49,-1.236,0.683,1,2,3.0,3,-2.46,4,5,4,6,-0.638,0.0,4,0.0,0,0,1,6,7,2,2,7,3,5,-0.364,4,2,2,0
7,4,2,5,2,1.925,2,-0.778,-1.045,0.971,6,2,5.0,4,0.111,1,0,4,3,-0.142,0.0,5,0.0,5,6,5,1,1,7,3,0,7,1,-0.624,5,7,4,0
0,5,2,6,5,1.246,2,0.286,0.195,-0.185,3,5,3.0,3,-0.126,6,4,1,3,0.112,0.0,2,0.0,7,4,3,4,3,0,0,6,3,5,-1.563,2,5,2,0
5,2,7,0,3,0.986,0,-0.316,0.042,-0.617,1,1,3.0,6,0.455,1,2,4,0,2.738,0.0,3,0.0,1,5,2,0,2,4,5,7,0,3,0.598,0,0,7,0
4,3,5,5,7,-0.156,1,0.408,0.079,-0.671,0,3,5.0,2,0.802,1,3,1,1,-2.524,0.0,1,0.0,5,2,6,3,5,1,7,5,7,6,-1.074,5,1,1,0
6,5,4,7,7,-1.229,6,0.814,0.97,1.354,5,0,3.0,0,0.614,3,6,1,6,1.347,0.0,0,0.0,5,4,7,4,2,4,2,6,5,2,1.199,0,4,7,0
6,2,7,4,4,0.096,5,-0.014,-0.108,-0.254,1,2,2.0,0,-0.002,4,7,0,6,2.286,0.0,7,0.0,6,7,6,7,0,5,0,7,5,0,-2.774,1,2,3,0
7,3,5,2,3,-0.574,7,1.559,1.336,-0.119,1,5,1.0,6,1.912,6,3,0,6,-1.294,0.0,6,0.0,2,0,4,4,1,7,4,3,3,3,0.547,4,5,4,0
0,7,3,1,6,1.086,6,0.14,-0.088,-0.843,5,3,4.0,7,0.238,0,3,2,7,3.585,0.0,3,0.0,4,4,5,4,2,2,1,7,6,5,3.255,1,3,1,0
2,5,5,7,5,3.246,7,0.846,0.904,-0.355,2,3,0.0,5,2.184,1,1,1,5,0.209,0.0,0,0.0,2,6,4,4,4,7,2,5,2,6,0.669,4,1,3,0
6,6,0,2,5,-0.004,0,0.99,1.2,-0.494,6,1,1.0,6,2.355,1,4,2,0,3.597,0.0,6,0.0,7,7,6,1,4,2,4,4,7,5,0.899,3,1,1,0
0,5,4,3,0,-0.032,1,1.163,0.052,-0.458,5,0,3.0,5,1.294,3,0,0,7,-0.603,0.0,3,0.0,0,0,2,3,4,5,0,2,0,2,-0.608,5,6,7,0
2,0,5,4,7,-0.487,0,0.423,0.629,-0.456,3,7,3.0,4,-2.29,0,7,4,6,-1.494,0.0,6,0.0,5,2,4,7,5,4,2,1,5,3,-0.126,1,3,0,0
3,5,0,7,7,0.047,2,-0.155,-0.893,-0.64,2,6,3.0,5,0.159,7,6,1,0,-2.315,0.0,2,0.0,3,7,0,2,3,7,1,3,5,4,-1.85,1,5,3,0
3,3,1,4,3,-0.051,7,1.796,2.004,-0.282,4,2,1.0,4,0.205,2,1,5,4,4.119,0.0,4,0.0,0,6,7,1,0,6,1,1,3,6,1.4,2,4,1,0
0,4,0,1,6,0.466,4,0.362,-0.833,-1.488,2,5,2.0,6,2.338,4,3,4,7,-0.621,0.0,7,0.0,1,2,0,4,6,5,2,2,6,5,-2.159,7,1,7,0
5,1,7,2,3,-1.076,7,0.642,0.201,-1.453,6,4,3.0,4,2.477,6,0,5,4,0.275,0.0,7,0.0,2,2,2,6,1,6,4,2,3,7,-1.938,1,7,4,0
1,0,5,0,0,1.53,5,1.024,0.374,-0.008,0,4,3.0,3,-2.564,3,1,6,2,1.716,0.0,3,0.0,1,6,2,7,2,3,4,2,1,0,0.706,4,0,5,0
5,2,3,5,4,0.331,0,-1.724,-1.899,-1.442,5,1,6.0,2,-2.544,2,5,6,4,0.177,0.0,5,0.0,0,3,0,4,3,7,0,2,3,0,-2.231,6,6,5,0
0,3,3,3,0,-1.251,3,-0.197,-0.436,-0.674,3,3,4.0,0,-2.855,6,4,1,1,-2.518,0.0,2,0.0,5,4,6,2,0,0,1,6,6,3,-0.746,1,0,5,0
6,6,1,1,4,0.487,5,-1.027,-0.395,-1.134,1,5,4.0,5,-0.952,3,7,0,3,-2.268,0.0,2,0.0,5,0,4,1,6,7,1,6,5,5,-2.189,0,3,0,0
0,1,3,5,0,0.091,4,0.486,0.685,1.788,5,0,1.0,6,-0.199,2,7,3,7,-1.079,0.0,7,0.0,2,5,5,7,5,7,0,0,1,5,-0.922,4,0,5,0
5,2,2,6,7,-0.526,0,-1.913,-1.59,1.614,5,4,5.0,0,-0.734,7,1,0,5,-1.653,0.0,0,0.0,0,0,7,6,7,1,7,0,5,1,-1.847,2,4,5,0
4,7,0,2,4,0.151,3,0.916,-0.395,-0.703,4,3,4.0,3,-1.421,4,6,1,7,1.156,0.0,4,0.0,6,5,1,0,2,6,0,5,7,0,0.371,7,5,4,0
5,5,5,3,6,-2.594,6,0.186,-0.07,-1.244,0,2,4.0,7,2.888,0,7,7,1,0.362,0.0,6,0.0,4,1,7,4,7,5,5,6,4,2,0.404,6,5,6,0
2,0,3,0,2,-0.49,0,0.444,0.251,-0.311,2,3,2.0,2,-0.652,1,5,5,2,0.162,0.0,4,0.0,6,5,3,7,7,4,0,7,4,2,2.764,4,6,2,0
4,3,2,4,4,-0.127,7,-1.249,-1.309,-0.741,0,4,6.0,1,-2.416,1,4,0,4,0.338,0.0,1,0.0,1,4,1,5,5,5,3,3,4,4,-0.51,6,4,0,0
0,1,7,4,0,0.368,3,-0.253,-0.474,0.344,7,0,4.0,4,0.477,7,4,4,7,-6.165,0.0,6,0.0,1,1,7,7,1,7,4,3,7,4,-2.088,5,6,4,0
7,2,5,5,1,-0.595,6,-0.038,-0.13,0.192,1,0,3.0,0,-2.381,2,5,4,4,0.219,0.0,6,0.0,4,1,4,3,2,4,3,7,7,2,-0.238,1,5,1,0
5,2,5,2,3,2.747,4,1.556,1.264,-0.995,7,0,1.0,4,3.841,0,6,5,2,4.485,0.0,5,0.0,1,4,6,2,4,2,2,6,6,5,2.239,3,7,4,0
2,1,2,3,0,1.286,2,-0.461,0.562,-0.756,3,0,3.0,5,1.259,3,5,5,4,5.45,0.0,4,0.0,4,6,0,1,3,2,5,2,7,4,-0.543,0,7,6,0
6,2,0,0,2,-0.969,4,0.283,-0.043,0.845,2,3,5.0,6,-0.548,0,0,7,0,0.369,0.0,0,0.0,7,2,4,3,0,5,4,4,7,2,1.318,7,6,4,0
3,7,5,0,0,-0.748,0,-0.787,-0.903,-0.655,1,2,5.0,7,-1.657,1,4,6,6,0.317,0.0,6,0.0,6,3,7,3,1,1,4,7,2,2,0.969,5,5,7,0
3,3,3,7,6,-2.484,1,0.675,0.68,0.748,2,7,0.0,5,-1.097,7,6,5,0,-1.665,0.0,2,0.0,5,5,0,7,1,3,0,5,0,7,2.137,7,4,4,0
6,2,3,5,0,-1.527,2,0.146,-0.529,0.743,4,6,4.0,3,-1.618,2,5,3,7,-1.926,0.0,2,0.0,2,3,4,6,3,3,0,6,2,1,-1.55,0,0,4,0
3,5,2,3,4,-0.157,0,0.802,0.047,-0.362,6,2,3.0,7,1.1,1,2,0,2,0.416,0.0,7,0.0,1,0,3,0,7,5,7,4,0,3,0.254,1,1,3,0
0,5,3,4,6,1.01,2,-1.568,-1.137,-0.366,3,1,4.0,5,-0.621,1,3,1,1,0.861,0.0,2,0.0,0,1,6,6,6,0,2,2,7,1,-1.203,7,3,2,0
4,2,3,4,4,0.781,4,-1.824,-0.854,-0.458,2,6,5.0,7,-4.004,5,5,4,3,-1.896,0.0,0,0.0,7,7,3,7,7,3,2,4,2,2,-0.988,1,4,0,0
5,3,0,7,6,-0.419,1,-1.711,-0.988,-0.086,5,7,5.0,4,-2.125,1,1,1,4,-0.845,0.0,6,0.0,6,0,4,4,4,5,7,3,0,4,0.309,0,6,7,0
1,7,2,3,3,-0.146,7,-1.103,-1.073,0.307,3,1,6.0,0,0.367,2,7,6,0,-0.588,0.0,0,0.0,5,5,1,6,7,6,0,5,4,5,0.535,0,1,6,0
1,2,3,2,1,1.45,2,0.697,0.559,-0.297,5,4,2.0,5,0.954,0,4,0,5,-0.215,0.0,1,0.0,4,3,6,7,3,6,7,0,6,4,0.028,0,6,4,0
1,0,5,7,5,0.357,1,0.348,0.029,0.179,3,3,3.0,1,0.396,2,6,6,7,0.891,0.0,5,0.0,7,6,2,6,7,3,0,2,3,5,-0.152,5,2,7,0
3,3,5,6,0,-1.133,1,-0.088,-0.322,-1.755,6,1,2.0,5,-2.809,7,2,4,6,2.653,0.0,7,0.0,4,1,6,1,3,1,6,2,1,3,0.553,6,2,3,0
3,4,3,7,2,1.235,0,0.924,0.931,2.061,6,7,3.0,7,-0.164,2,3,2,1,-1.821,0.0,3,0.0,5,4,7,4,1,6,0,5,6,3,1.351,1,0,0,0
3,5,5,5,2,0.441,1,-0.404,-0.862,0.282,1,5,4.0,2,0.21,2,3,2,3,-1.858,0.0,6,0.0,6,7,3,4,3,5,0,1,3,0,-2.075,7,6,2,0
7,2,0,4,5,-0.358,0,0.785,0.56,0.026,4,1,3.0,0,2.08,0,4,0,5,-3.382,0.0,4,0.0,2,1,0,5,6,4,3,3,5,0,-0.2,1,6,7,0
2,4,7,2,3,1.611,6,0.926,-0.232,0.232,3,5,4.0,4,0.923,7,1,3,6,1.925,0.0,5,0.0,0,3,4,5,7,5,0,2,0,2,0.779,6,0,0,0
0,0,7,4,2,0.96,1,-0.958,-1.228,1.704,7,0,7.0,6,-1.398,1,7,3,0,-1.389,0.0,0,400.16,6,6,2,3,7,6,3,7,7,5,-1.249,0,0,4,1
7,5,2,0,4,0.059,4,-0.194,0.131,-0.103,5,1,2.0,3,2.495,4,0,4,6,-1.176,0.0,6,0.0,1,6,6,5,5,7,5,5,7,6,-0.273,1,3,2,0
6,0,5,4,0,-0.759,5,1.057,0.471,1.172,2,0,2.0,5,-0.201,4,4,6,6,-3.765,0.0,4,0.0,0,6,1,5,3,7,7,3,6,3,1.654,5,6,3,0
6,5,4,2,6,0.56,0,0.356,-0.108,0.104,4,6,2.0,7,2.336,0,0,2,6,-0.274,0.0,2,0.0,2,2,6,0,3,1,6,4,6,2,-1.546,3,6,4,0
0,7,3,6,4,-0.103,0,1.603,1.764,0.462,5,5,1.0,3,2.153,7,6,2,1,2.971,0.0,2,0.0,0,3,0,6,7,2,2,0,3,7,2.829,7,4,3,0
1,3,0,7,5,-0.279,2,-0.404,-0.752,-1.164,3,7,3.0,2,-0.89,6,5,6,0,-2.029,0.0,5,0.0,5,1,4,6,0,1,5,4,1,3,-0.035,6,1,1,0
3,6,2,7,5,-0.779,2,-0.444,0.016,0.8,2,2,3.0,5,0.398,4,1,7,2,-3.058,0.0,7,0.0,0,3,5,3,0,1,7,3,7,2,0.711,0,2,4,0
0,5,4,2,2,-0.995,3,-1.326,-1.351,1.841,2,3,5.0,1,-2.87,6,0,3,0,-0.04,0.0,3,0.0,2,5,5,3,2,6,7,0,1,1,-2.308,4,0,3,0
3,3,6,7,5,0.073,1,0.551,1.126,0.572,7,2,2.0,3,-0.556,2,1,7,1,-1.411,0.0,6,0.0,7,7,0,5,2,1,4,5,2,0,2.587,6,6,5,0
2,5,3,1,3,0.889,0,0.312,-0.284,1.812,3,1,3.0,1,-0.371,4,1,7,5,-2.752,0.0,1,0.0,2,7,0,0,6,0,1,1,6,7,0.475,5,0,4,0
6,7,4,2,5,-0.06,5,-0.044,0.779,-1.39,4,5,2.0,4,4.263,3,5,5,0,0.255,0.0,0,0.0,5,6,1,1,3,3,5,5,7,6,1.166,5,2,6,0
3,7,3,6,7,-0.977,6,-0.774,0.169,1.293,0,1,3.0,4,1.411,3,1,5,0,-0.846,0.0,6,0.0,3,5,0,7,1,5,7,6,2,2,1.431,1,7,4,0
1,1,3,2,5,0.103,3,0.682,1.461,0.593,7,6,2.0,7,1.527,6,5,1,7,4.732,0.0,5,0.0,2,4,3,6,1,4,7,2,7,1,-0.915,6,6,1,0
6,7,6,3,3,0.5,4,1.015,0.246,0.728,4,5,3.0,3,0.55,4,5,2,3,-4.148,0.0,1,0.0,5,0,6,7,5,2,2,4,6,4,-2.128,0,6,2,0
5,5,2,5,6,0.964,4,-1.505,-1.387,0.479,5,7,6.0,6,-1.181,1,5,0,5,0.852,0.0,1,0.0,4,0,0,4,3,2,5,3,0,4,-2.345,4,6,7,0
6,0,3,6,0,1.211,1,1.433,1.052,-0.249,1,2,2.0,7,4.412,2,2,5,1,3.76,0.0,5,0.0,2,6,0,2,3,5,0,7,5,2,2.065,0,7,1,0
7,1,7,5,1,-0.716,5,0.337,-0.141,0.721,0,1,4.0,5,1.402,3,0,5,3,-0.102,0.0,6,0.0,7,6,2,2,3,7,0,5,6,1,0.673,1,3,5,0
1,2,5,4,6,1.8,1,0.738,1.035,-0.059,5,3,1.0,4,2.613,7,3,7,1,5.263,0.0,0,0.0,4,5,4,6,6,3,5,3,7,6,2.637,0,6,7,0
6,5,6,2,2,0.157,0,0.089,0.441,-1.762,5,5,3.0,2,-0.524,4,0,1,1,-1.05,0.0,6,0.0,5,3,6,5,2,3,1,5,3,6,-0.916,7,5,6,0
3,0,3,3,5,-0.335,5,0.232,0.306,0.967,2,4,1.0,5,1.173,0,4,6,5,5.436,0.0,7,0.0,1,1,2,6,2,4,3,5,1,7,0.722,0,4,6,0
3,2,4,5,4,0.805,6,-0.543,-0.286,1.711,6,4,4.0,5,-1.912,3,0,1,3,1.62,0.0,0,0.0,2,4,1,3,5,7,0,2,4,0,-1.374,6,5,5,0
7,0,0,1,2,0.781,1,-0.315,-0.445,-0.358,7,4,5.0,6,-0.571,0,3,3,1,1.191,0.0,3,0.0,0,6,5,1,3,4,3,6,0,2,-0.432,1,7,4,0
5,7,3,0,4,2.682,1,-0.218,-0.185,0.232,7,6,5.0,4,2.784,5,0,0,7,-0.356,0.0,5,0.0,0,1,7,7,6,5,0,7,4,6,0.647,7,4,2,0
1,5,4,1,7,-0.997,2,-1.676,-0.616,0.87,1,6,4.0,4,-4.57,4,6,7,3,-1.706,0.0,7,0.0,4,5,4,2,5,0,5,6,3,6,-0.955,5,2,2,0
7,1,2,0,4,0.206,3,1.312,0.696,-1.628,2,7,2.0,1,0.343,0,5,4,4,-1.763,0.0,4,0.0,6,4,4,6,0,0,3,2,7,6,1.425,2,3,6,0
0,0,6,2,6,-0.537,6,-1.274,-1.718,0.675,3,5,6.0,2,-3.606,4,7,5,5,0.506,0.0,1,0.0,7,5,4,1,0,7,3,5,1,3,-0.225,2,6,4,0
6,4,3,6,6,1.203,4,-0.456,0.511,-2.22,4,4,2.0,2,2.033,4,4,1,3,-3.502,0.0,0,0.0,4,4,0,7,3,2,2,3,2,2,0.709,2,5,2,0
4,0,7,7,5,-0.263,7,1.185,1.458,-0.368,2,1,3.0,3,-0.841,5,1,4,1,1.839,0.0,4,0.0,3,5,6,5,0,6,1,2,3,5,0.263,0,4,2,0
1,7,7,3,2,0.923,6,0.041,0.342,-1.361,5,6,3.0,3,-1.122,7,5,7,7,1.6,0.0,6,0.0,2,0,4,6,3,4,5,7,6,5,-2.853,2,7,5,0
1,4,6,7,3,0.874,1,0.282,0.025,-0.29,6,4,4.0,6,-0.251,2,4,1,5,-2.389,0.0,5,0.0,0,2,3,7,5,7,7,2,7,3,-1.223,3,6,0,0
4,7,2,2,0,0.436,4,1.155,0.286,1.158,7,3,3.0,5,-0.321,7,0,0,6,-2.652,0.0,0,0.0,7,7,7,1,3,2,7,0,0,5,1.676,3,2,5,0
2,6,4,0,0,-0.134,2,0.227,0.62,0.986,4,6,3.0,7,3.661,7,6,2,5,-2.639,0.0,4,0.0,3,2,5,4,2,7,3,0,6,5,0.734,5,4,4,0
7,5,6,5,2,1.09,5,0.16,-0.071,-1.164,2,3,4.0,7,-0.856,1,7,0,0,1.879,0.0,0,0.0,2,4,3,7,5,0,0,6,6,2,-0.881,4,5,3,0
0,0,0,2,3,-1.114,2,0.78,0.797,-0.692,1,4,3.0,5,1.307,4,4,3,1,0.709,0.0,1,0.0,0,3,1,1,0,6,6,1,7,4,-0.174,3,0,7,0
1,5,2,2,5,0.746,3,0.396,0.25,2.082,2,0,4.0,4,-1.497,2,0,3,3,1.649,0.0,3,0.0,7,5,4,3,3,2,2,2,5,7,-0.013,1,4,2,0
1,6,3,7,2,0.313,3,0.027,-0.895,-0.106,1,6,4.0,7,-0.295,7,6,1,5,0.805,0.0,5,0.0,5,1,7,7,5,4,7,1,2,3,-3.795,4,2,6,0
5,5,2,7,5,-0.867,1,-0.31,-0.871,-0.523,0,4,5.0,7,-3.169,6,4,3,2,-0.948,0.0,4,0.0,1,5,6,0,4,2,6,6,1,6,-0.848,2,3,5,0
7,5,7,3,3,-0.109,4,0.179,-0.281,0.21,7,7,4.0,3,1.841,3,1,1,1,2.72,0.0,5,0.0,5,7,4,0,6,3,5,4,3,3,-1.773,5,6,1,0
0,5,4,3,1,0.581,6,-0.622,-0.7,-1.54,3,4,4.0,6,-1.001,6,2,4,1,2.173,0.0,1,0.0,3,0,2,0,6,3,4,1,7,3,-0.057,3,3,5,0
6,3,1,6,0,-1.735,1,0.332,-0.111,1.567,7,3,5.0,5,-1.201,0,6,2,1,1.098,0.0,5,0.0,1,5,4,3,4,4,1,6,5,5,-1.361,1,1,4,0
1,2,3,0,7,0.938,5,-0.881,-1.517,0.655,0,7,5.0,4,-1.259,5,6,5,3,-3.354,0.0,2,0.0,1,6,0,4,3,3,1,1,5,3,-2.11,2,0,0,0
1,6,1,3,6,-1.131,3,-0.391,-0.692,-1.248,5,3,3.0,5,0.86,2,4,2,7,-5.716,0.0,2,0.0,0,6,4,3,1,6,6,1,2,3,0.307,2,7,1,0
0,4,2,5,0,1.055,7,0.218,0.072,1.391,5,5,4.0,5,0.715,0,3,6,4,-3.035,0.0,5,0.0,7,4,3,6,0,0,1,5,1,4,-0.989,1,3,3,0
4,0,3,6,0,-0.153,1,-0.451,0.223,-0.256,0,4,3.0,7,-1.372,1,1,1,0,0.915,0.0,0,0.0,1,5,5,2,6,5,2,1,4,6,0.057,5,6,1,0
6,2,3,6,1,1.11,1,1.257,0.816,1.165,6,7,3.0,5,-1.924,4,2,7,2,0.577,0.0,1,0.0,5,7,6,6,0,7,3,5,4,4,0.771,3,0,3,0
5,2,7,4,4,-0.975,1,0.248,0.273,0.376,5,6,2.0,2,2.11,2,4,7,7,-2.102,0.0,4,0.0,1,5,0,2,3,5,2,7,0,7,1.234,1,5,2,0
1,7,0,7,5,0.461,2,-0.969,-1.414,-0.19,3,2,5.0,1,-1.441,1,3,5,2,1.735,0.0,7,0.0,4,3,7,1,7,7,5,0,3,6,-1.249,7,3,5,0
0,1,4,7,4,0.462,2,-0.126,0.95,0.722,7,0,2.0,3,2.591,0,4,0,7,4.659,0.0,7,0.0,2,4,2,1,0,1,1,3,4,2,-0.039,7,1,2,0
2,2,2,4,2,-1.538,4,-0.728,-0.965,0.142,7,5,4.0,0,-1.873,4,3,0,5,-4.134,0.0,4,0.0,5,5,6,1,0,0,2,1,3,1,-1.184,6,7,7,0
5,4,4,5,0,-0.065,7,0.31,0.596,0.706,0,7,5.0,7,3.489,3,0,0,5,4.195,0.0,2,0.0,4,5,3,6,1,0,3,2,3,5,1.12,2,7,2,0
3,3,5,3,1,0.013,2,0.451,1.087,0.873,3,2,2.0,7,1.16,4,7,3,0,0.78,0.0,4,0.0,2,0,2,6,1,7,1,6,7,7,-0.658,4,7,1,0
5,4,1,3,1,0.299,1,-0.996,-0.155,1.612,6,4,3.0,5,1.893,4,4,3,4,5.097,0.0,3,0.0,7,2,2,2,1,2,1,2,3,1,0.243,2,4,2,0
1,5,0,2,3,1.121,2,-1.514,-1.066,-1.398,1,1,5.0,1,-1.067,0,5,2,4,-1.178,0.0,6,0.0,2,3,4,5,2,2,2,2,4,0,-0.525,1,2,0,0
2,7,7,2,4,1.045,3,0.667,0.111,1.322,2,5,3.0,4,3.113,6,6,2,6,-1.156,0.0,6,0.0,6,3,4,5,3,7,6,2,2,6,1.366,1,4,5,0
6,6,4,2,6,-1.522,6,0.701,-0.17,0.198,0,0,5.0,7,-3.306,1,6,6,6,3.607,0.0,1,0.0,2,7,1,1,5,6,3,1,3,1,0.09,6,0,3,0
2,5,6,4,6,-0.22,2,0.046,-0.096,0.502,1,6,4.0,4,-2.69,0,3,7,6,0.879,0.0,4,0.0,0,3,4,2,6,2,4,4,0,3,0.459,6,0,3,0
5,2,6,2,1,-1.518,5,2.393,1.184,-2.056,6,0,0.0,0,1.572,6,0,1,0,3.323,0.0,7,0.0,1,1,2,4,4,6,3,5,7,2,3.845,1,0,7,0
1,5,6,1,7,0.492,1,0.3,1.018,-0.285,4,7,3.0,1,-1.91,0,1,0,6,3.687,0.0,3,0.0,0,7,6,7,4,0,6,4,3,6,1.052,4,6,2,0
2,1,4,6,5,0.054,7,1.918,0.857,-1.244,0,4,2.0,4,2.2,6,1,2,5,0.586,0.0,2,0.0,7,4,7,3,5,2,1,5,2,1,1.083,6,6,6,0
3,2,5,3,7,0.811,5,0.143,0.435,1.394,4,4,2.0,2,0.772,6,0,3,6,0.766,0.0,1,0.0,1,4,5,0,7,0,6,5,2,5,1.013,6,5,4,0
6,4,4,3,3,-0.299,3,1.461,1.063,0.288,7,1,1.0,2,0.458,4,6,6,7,-1.675,0.0,3,0.0,3,5,0,3,6,1,4,2,7,5,1.158,2,0,3,0
4,2,3,3,4,0.409,3,0.515,0.793,0.006,6,0,2.0,5,-0.471,5,4,2,5,0.119,0.0,5,0.0,3,3,0,1,5,2,7,3,5,6,-2.438,5,5,4,0
2,1,7,0,6,0.355,5,-0.383,-0.133,0.194,4,5,3.0,5,1.734,6,0,0,7,0.547,0.0,3,0.0,0,7,2,0,7,7,7,5,1,3,1.804,7,5,7,0
4,3,5,6,3,0.739,0,-1.903,-1.921,0.006,6,5,6.0,1,-4.386,4,6,7,6,0.222,0.0,5,0.0,7,1,6,0,5,3,2,3,6,0,-1.358,5,2,7,0
4,2,7,7,7,1.627,5,-1.398,-1.63,0.453,2,0,6.0,6,-1.729,3,0,4,1,-2.392,0.0,1,0.0,3,5,3,6,6,1,2,1,1,0,-0.29,3,5,2,0
7,6,4,6,2,0.588,7,0.478,0.219,-0.698,5,2,3.0,1,-1.356,1,0,7,4,0.353,0.0,3,0.0,4,3,5,3,0,7,5,3,5,1,-1.029,3,7,4,0
2,5,2,5,7,-0.821,5,1.161,0.971,-1.227,0,4,1.0,7,1.55,0,4,7,7,-2.429,0.0,5,0.0,6,2,3,7,1,0,5,5,7,4,2.53,3,3,2,0
6,6,3,3,1,-2.013,2,0.894,0.706,1.278,6,3,3.0,1,0.813,6,5,1,5,-0.762,0.0,6,0.0,3,6,6,7,3,7,0,0,0,3,0.41,5,6,2,0
0,6,1,4,4,0.001,1,0.119,-0.151,-0.979,0,3,3.0,3,0.006,3,2,3,3,-0.906,0.0,6,0.0,5,3,3,2,3,4,2,3,4,7,-0.019,3,4,2,0
0,6,5,5,4,-0.224,6,-0.147,-0.321,-1.46,4,6,4.0,5,-1.23,1,1,2,7,2.806,0.0,5,0.0,0,2,6,3,4,3,4,3,5,4,2.205,7,2,3,0
5,7,7,7,3,1.208,1,-0.908,-1.641,-1.384,2,2,5.0,6,0.365,2,2,3,1,-3.93,0.0,6,0.0,3,6,4,3,7,6,1,6,6,5,-3.461,3,1,2,0
0,7,7,2,4,-0.473,0,1.038,1.492,-0.514,5,1,2.0,2,-0.067,4,3,0,1,6.669,0.0,5,0.0,0,2,2,4,0,4,2,7,2,2,2.72,4,4,4,0
5,4,2,3,0,-1.555,7,-0.684,-1.117,0.256,5,5,4.0,7,-1.645,3,1,3,6,1.452,0.0,4,0.0,6,5,4,6,0,1,7,0,6,6,0.915,3,5,7,0
6,5,4,0,5,0.042,7,-1.142,-1.949,1.575,2,2,5.0,3,-3.748,6,1,5,1,-5.05,0.0,0,0.0,0,0,0,3,1,6,1,1,1,1,-0.862,7,2,7,0
7,2,1,3,0,1.545,5,0.474,0.446,0.536,3,7,3.0,1,0.823,2,2,7,3,-0.382,0.0,3,0.0,4,2,1,5,3,4,6,1,7,7,0.363,3,2,6,0
6,2,3,1,0,0.529,1,-1.879,-1.29,0.465,3,4,4.0,3,-3.618,5,0,0,0,-0.007,0.0,4,0.0,3,3,6,2,5,4,6,1,6,4,-1.309,0,6,0,0
3,1,7,3,3,0.352,0,-2.148,-2.65,2.306,1,2,8.0,1,-2.539,1,4,2,7,-5.409,0.0,4,550.61,7,5,0,2,1,1,6,3,6,2,-1.809,3,4,3,1
3,6,0,2,1,0.478,1,0.332,0.121,0.377,0,6,4.0,0,1.814,0,7,0,0,0.43,0.0,0,0.0,2,4,3,7,0,4,1,7,0,3,1.065,7,2,1,0
1,1,7,5,5,-0.832,5,1.336,0.437,-0.03,4,7,2.0,5,-0.967,3,4,7,6,0.075,0.0,2,0.0,5,3,7,4,4,2,4,2,2,2,0.208,1,3,3,0
2,5,3,6,1,-0.919,2,-0.352,-0.867,0.334,3,6,3.0,6,-0.918,6,0,1,2,1.68,0.0,0,0.0,5,6,7,6,5,2,3,1,6,6,-1.973,5,5,5,0
7,6,5,3,2,0.016,0,1.179,0.578,0.372,4,2,2.0,3,-1.65,2,4,4,4,-0.851,0.0,0,0.0,3,5,3,2,3,7,6,6,0,3,2.861,1,7,7,0
0,5,0,7,1,-0.457,4,0.479,0.464,-0.227,1,2,2.0,2,1.937,4,1,5,7,1.312,0.0,2,0.0,2,2,0,3,0,0,1,1,2,7,0.518,0,7,2,0
4,2,3,5,4,-0.463,7,-1.087,-0.31,-0.958,2,0,3.0,5,0.169,5,7,1,1,-2.776,0.0,1,0.0,3,3,4,0,5,2,3,5,6,4,-1.226,2,5,6,0
4,3,0,6,7,0.938,3,-0.396,-1.03,-1.435,0,4,4.0,1,3.192,3,5,3,2,-4.486,0.0,5,0.0,0,6,5,0,0,6,0,4,3,4,0.214,3,4,7,0
5,2,0,3,7,1.027,4,0.543,0.3,1.429,4,6,3.0,2,-4.069,2,1,5,6,-3.102,0.0,6,0.0,6,6,0,2,4,0,4,4,2,5,2.019,1,1,1,0
5,2,6,1,2,0.476,4,0.275,0.642,-0.714,0,6,3.0,3,2.423,1,6,5,4,-1.003,0.0,5,0.0,5,5,0,0,2,1,0,4,1,1,2.249,6,1,1,0
7,3,2,0,2,0.256,1,-0.375,0.232,-1.211,7,0,3.0,0,1.031,1,2,2,6,-1.029,0.0,7,0.0,7,6,0,3,7,1,5,1,6,0,0.448,7,2,4,0
1,4,4,7,1,-0.69,0,-0.327,-0.677,-1.773,0,5,3.0,4,2.313,6,2,3,5,5.151,0.0,1,0.0,1,2,7,4,2,3,3,6,6,1,0.085,6,5,0,0
5,2,0,1,2,2.359,1,0.392,0.086,-0.452,0,2,2.0,5,-1.848,1,1,4,4,-2.124,0.0,1,0.0,2,5,5,1,5,5,3,2,1,3,0.542,1,2,1,0
4,5,1,2,6,0.692,7,1.137,1.172,0.989,3,0,1.0,5,-0.766,6,7,7,0,2.104,0.0,0,0.0,4,7,6,1,3,0,5,7,7,2,-0.316,3,4,4,0
3,2,6,3,4,0.373,0,-0.345,-0.989,-0.927,4,5,4.0,1,-1.34,6,6,0,2,-1.566,0.0,3,0.0,1,6,0,2,0,6,3,3,3,0,-0.432,1,0,4,0
6,6,4,6,5,-0.813,2,-1.983,-1.305,-1.706,5,0,4.0,5,-5.138,3,1,0,4,0.407,0.0,7,0.0,5,3,3,6,7,2,0,6,3,5,-1.881,4,5,3,0
7,7,5,6,0,-0.968,7,0.895,1.014,0.973,1,3,2.0,0,-0.186,2,3,5,3,1.473,0.0,1,0.0,1,7,1,4,3,1,2,6,4,3,0.113,5,5,0,0
6,4,3,5,5,-1.86,4,-0.072,0.874,-1.154,0,6,3.0,0,1.337,2,2,6,4,0.798,0.0,6,0.0,5,5,3,2,6,2,5,6,0,6,0.608,5,2,2,0
1,0,5,5,7,-0.548,0,0.615,0.072,1.489,6,7,3.0,2,-0.558,5,1,1,4,-1.443,0.0,2,0.0,6,3,3,5,7,5,2,6,0,1,-0.788,0,3,1,0
7,6,5,5,1,0.702,0,-1.008,-0.383,-1.238,5,0,3.0,1,-0.244,0,3,2,5,4.208,0.0,7,0.0,5,1,7,2,1,0,0,1,6,4,-0.794,7,4,5,0
6,0,1,2,1,0.967,0,-0.17,-0.445,1.252,6,3,4.0,0,1.161,2,6,4,1,-1.47,0.0,1,0.0,4,1,5,6,5,2,3,2,3,6,-1.741,3,2,4,0
4,4,4,0,5,-0.027,0,0.184,0.202,-0.607,2,3,4.0,2,0.004,3,3,0,3,-0.214,0.0,2,0.0,1,1,7,0,7,4,7,1,6,5,-1.673,3,0,6,0
1,7,5,3,2,0.913,7,-2.035,-2.025,-1.209,3,3,5.0,2,-2.968,2,6,2,5,-4.094,0.0,1,0.0,1,0,6,2,5,6,1,4,6,4,-1.021,4,2,3,0
1,3,0,7,7,-1.245,5,-0.106,0.375,-0.556,0,5,4.0,1,0.344,1,6,7,6,-0.499,0.0,7,0.0,4,7,6,3,5,0,3,4,2,7,0.58,1,3,3,0
4,4,5,3,5,-0.614,7,-1.064,-1.075,-0.021,7,2,4.0,1,-2.361,6,0,3,0,-1.833,0.0,3,0.0,4,3,2,2,0,6,2,1,5,5,-3.765,5,6,1,0
3,1,0,3,5,-1.08,2,-0.221,-0.934,1.691,1,5,3.0,1,-0.012,1,1,6,2,1.883,0.0,2,0.0,6,6,6,4,2,4,1,5,3,5,-1.586,0,1,7,0
3,2,0,0,2,0.131,7,1.964,2.421,-0.976,4,0,2.0,6,2.107,2,5,6,4,3.413,0.0,6,0.0,2,4,2,3,2,6,4,6,1,4,3.86,6,6,0,0
2,2,1,2,1,-0.888,6,-1.117,-1.61,-0.48,7,7,6.0,6,-0.593,2,3,7,2,-3.408,0.0,1,0.0,4,7,3,6,4,3,7,4,2,5,-1.257,6,4,6,0
1,4,0,1,6,-1.278,6,0.555,0.34,-0.674,5,7,3.0,6,-3.346,2,1,7,0,1.18,0.0,5,0.0,6,1,3,4,2,4,5,6,0,5,0.176,3,2,5,0
6,7,2,7,3,-1.184,2,1.784,1.515,-0.105,2,4,2.0,5,0.21,5,7,1,2,0.632,0.0,4,0.0,1,2,5,5,7,3,5,1,2,0,2.392,0,2,6,0
7,5,1,2,6,0.051,7,-0.839,-0.089,0.082,3,0,5.0,1,-1.197,0,6,3,7,0.263,0.0,7,0.0,4,5,7,7,6,3,3,2,3,2,-0.356,6,6,2,0
4,7,3,4,1,-0.649,2,0.826,1.207,1.423,0,3,1.0,5,-0.179,2,1,2,0,-0.673,0.0,3,0.0,0,5,3,0,7,6,7,0,4,7,-1.218,1,4,5,0
2,6,6,7,3,-1.598,3,-1.42,-1.464,-0.724,5,4,6.0,7,-1.304,7,5,1,0,0.968,0.0,7,0.0,1,2,3,0,7,1,1,7,4,5,-2.68,4,1,1,0
5,7,1,3,4,-0.741,4,-0.526,-0.406,0.331,2,4,4.0,0,-1.156,5,1,7,4,0.193,0.0,7,0.0,6,7,4,5,7,1,2,6,1,0,-0.84,1,3,1,0
4,0,6,6,4,-0.393,0,-0.319,-0.909,-1.555,0,3,4.0,2,-2.217,6,3,5,0,0.444,0.0,0,0.0,7,2,1,0,2,3,6,0,2,4,-0.993,4,0,3,0
7,3,7,6,1,0.138,7,1.226,1.106,-1.199,3,0,2.0,2,0.443,1,2,2,2,-0.691,0.0,4,0.0,5,0,6,2,0,0,2,5,3,1,0.012,3,6,0,0
1,5,1,1,3,-2.936,0,0.219,0.434,0.651,0,6,3.0,7,-0.642,7,3,7,6,-0.447,0.0,0,0.0,0,6,5,1,3,7,7,3,2,6,2.387,6,3,3,0
3,6,1,7,6,1.662,4,0.255,0.156,1.586,1,2,4.0,1,2.433,5,6,1,6,-0.362,0.0,1,0.0,5,6,3,4,1,1,4,0,4,5,0.242,6,5,0,0
3,5,1,6,2,0.887,5,-0.638,0.171,2.346,6,7,5.0,7,2.068,1,4,1,1,2.133,0.0,7,0.0,2,7,7,2,1,4,2,4,5,0,-0.994,0,5,5,0
2,3,1,3,1,-0.324,5,-0.776,-1.365,0.27,0,4,5.0,3,-3.658,4,0,7,5,-0.719,0.0,5,0.0,0,6,1,1,2,4,2,2,5,4,-2.734,7,6,6,0
3,4,3,5,2,0.767,4,0.046,0.463,-0.041,4,7,3.0,4,0.876,4,6,0,1,0.612,0.0,2,0.0,0,6,2,2,2,6,7,1,1,5,0.563,5,7,3,0
5,5,5,6,5,0.213,5,0.505,0.169,0.273,1,1,2.0,1,3.095,1,2,5,0,0.839,0.0,1,0.0,3,5,1,2,7,2,1,0,1,3,-0.143,0,1,0,0
2,3,1,6,7,-0.968,1,-0.741,-0.139,-0.541,3,4,4.0,5,2.431,0,1,0,5,2.365,0.0,1,0.0,7,3,1,4,1,1,4,5,3,0,-0.325,6,1,6,0
7,1,2,1,4,-0.585,0,0.346,0.375,-0.242,6,0,3.0,3,1.129,6,7,5,5,0.409,0.0,6,0.0,7,6,6,2,7,0,6,4,3,1,0.535,3,1,3,0
4,1,2,2,2,0.463,2,-1.004,-0.381,-0.957,4,0,3.0,2,0.417,2,7,7,3,3.364,0.0,4,0.0,1,1,2,3,3,2,5,0,7,5,0.055,7,2,5,0
7,5,1,7,7,-2.908,5,-0.288,-1.25,-0.444,7,6,5.0,6,-0.212,2,7,3,4,-2.64,0.0,5,0.0,1,2,4,7,1,7,5,5,3,6,-0.028,1,5,6,0
1,5,0,3,5,0.316,0,1.595,0.228,-0.653,5,5,4.0,1,1.528,5,2,2,3,0.893,0.0,0,0.0,6,5,0,6,4,7,0,4,3,1,-0.473,5,5,1,0
4,0,7,0,3,-0.671,1,0.123,0.07,-0.501,3,3,4.0,7,-3.113,4,0,4,0,1.388,0.0,4,0.0,2,6,0,0,0,0,1,5,6,1,-0.216,4,1,4,0
0,7,7,2,2,0.484,5,-0.006,-0.362,-1.978,7,6,5.0,2,-3.935,4,5,3,5,0.506,0.0,1,0.0,3,0,1,4,0,1,6,1,3,1,-0.122,3,7,1,0
7,2,7,4,6,0.971,2,0.03,-0.408,0.984,7,2,5.0,4,0.716,5,3,5,7,-2.808,0.0,3,0.0,4,4,7,6,6,3,3,7,2,1,0.25,3,6,6,0
4,7,7,0,4,0.773,4,-0.064,0.436,-0.068,2,2,2.0,7,1.556,7,2,5,5,-0.93,0.0,7,0.0,1,6,6,2,2,1,1,5,2,4,1.325,3,5,0,0
5,0,3,0,4,0.119,2,-1.977,-2.219,-1.045,4,6,5.0,0,-0.081,2,0,5,7,-0.866,0.0,3,0.0,1,2,3,4,1,5,2,1,1,6,-3.273,6,5,2,0
5,3,0,4,7,-0.802,5,0.566,0.608,-0.32,7,0,1.0,2,1.664,3,3,1,0,-3.859,0.0,7,0.0,7,4,1,3,4,6,2,7,5,1,-0.639,2,4,0,0
4,4,1,2,5,0.888,7,0.804,0.543,-1.336,6,1,2.0,0,-2.121,0,2,2,2,1.742,0.0,0,0.0,4,2,5,5,6,0,3,4,2,1,1.904,5,7,4,0
5,3,4,6,3,-0.452,2,-0.174,0.231,0.165,1,4,2.0,3,-0.474,4,5,0,4,0.411,0.0,5,0.0,0,0,0,0,1,1,7,4,4,5,-0.182,5,4,0,0
5,2,2,1,2,-2.015,4,1.295,0.455,-0.013,2,2,4.0,1,1.573,7,3,3,4,1.615,0.0,2,0.0,0,5,6,7,3,4,2,4,4,1,1.716,5,4,2,0
7,2,7,0,3,0.306,7,-0.173,-0.451,-0.745,4,4,4.0,3,-0.121,5,4,2,2,-1.434,0.0,3,0.0,1,3,6,0,7,7,1,7,6,3,-1.188,6,7,2,0
5,7,3,6,7,-0.986,3,-1.168,-0.23,-0.324,1,6,5.0,7,0.207,2,1,5,5,0.325,0.0,4,0.0,1,4,3,5,2,3,0,5,7,7,-0.61,0,1,7,0
3,0,7,4,1,0.084,2,-0.273,-0.612,0.545,2,7,5.0,5,-0.589,6,6,3,0,0.168,0.0,2,0.0,2,1,4,3,2,1,5,0,6,6,0.651,4,1,0,0
6,2,4,3,4,1.399,5,1.273,1.474,0.74,6,3,1.0,5,1.838,7,3,1,0,1.205,0.0,4,0.0,7,7,6,6,0,2,0,6,4,5,0.47,2,6,0,0
0,1,0,2,4,-0.114,6,-0.87,-0.572,-0.655,2,4,3.0,4,2.26,2,5,1,0,0.265,0.0,6,0.0,7,3,5,7,3,1,3,0,4,4,-0.125,1,7,1,0
3,6,1,7,7,-1.119,5,1.876,1.04,0.391,5,7,1.0,7,1.332,4,1,3,4,-4.557,0.0,5,0.0,2,7,7,0,6,3,1,7,6,6,0.898,5,7,5,0
0,1,7,7,0,2.051,2,-0.024,-0.512,-0.443,2,1,6.0,3,-1.071,5,2,5,4,2.657,0.0,6,0.0,6,1,6,5,6,1,5,2,3,3,-1.273,1,6,6,0
1,4,0,4,2,0.093,4,1.792,1.352,0.168,7,5,2.0,2,2.514,3,6,3,1,1.869,0.0,2,0.0,6,3,0,4,3,2,0,3,7,6,1.105,3,0,4,0
6,4,2,5,6,0.335,1,2.125,0.884,-0.667,7,1,1.0,3,0.318,5,4,0,0,1.348,0.0,4,0.0,7,4,5,6,7,3,2,2,4,7,-0.205,5,1,1,0
7,6,6,2,7,-0.12,2,1.396,0.359,0.905,5,4,3.0,4,1.462,0,7,3,3,-0.652,0.0,6,0.0,5,1,2,6,2,1,7,3,7,7,1.994,6,6,6,0
1,7,5,7,1,0.961,1,3.141,2.09,0.437,4,0,3.0,0,-1.122,4,7,4,6,0.77,0.0,1,0.0,4,1,2,7,0,0,5,4,7,0,2.78,2,0,5,0
3,4,5,2,4,-0.766,2,-0.451,-0.82,0.652,4,5,5.0,0,-6.022,1,5,3,0,-3.011,0.0,1,0.0,3,2,5,2,2,5,1,5,4,1,0.191,3,4,4,0
0,2,1,6,7,-0.959,6,-0.258,-0.663,-0.134,5,2,4.0,2,1.793,7,6,6,3,1.242,0.0,5,0.0,6,7,0,0,0,5,1,6,2,3,-1.188,1,3,4,0
2,7,5,7,7,0.502,1,-0.346,-0.393,-1.341,2,0,3.0,2,-0.851,0,0,1,3,-4.229,0.0,6,0.0,3,3,1,0,5,4,1,4,3,2,0.598,2,0,4,0
5,2,2,2,5,-1.632,3,-1.212,-0.725,0.239,4,6,5.0,2,-1.756,1,4,3,2,0.669,0.0,6,0.0,4,3,2,1,1,5,7,2,5,5,-0.655,2,2,1,0
4,2,0,7,0,-0.955,2,1.604,2.197,-0.125,2,2,2.0,4,0.871,6,0,7,4,-0.734,0.0,6,0.0,5,5,5,3,0,4,1,0,3,2,0.889,6,5,5,0
1,2,0,1,1,-0.318,7,2.597,1.826,2.167,5,7,-0.0,4,1.686,0,4,7,3,6.713,0.0,1,0.0,4,6,2,7,5,4,1,0,6,5,0.935,5,5,1,0
7,2,5,7,7,-1.579,5,0.428,-0.834,0.248,4,0,5.0,7,0.102,7,7,3,0,-2.003,0.0,3,0.0,5,1,3,0,6,4,1,1,0,2,0.4,4,2,4,0
7,1,2,7,5,0.817,1,-1.294,-1.237,-1.571,0,4,5.0,2,-1.69,4,7,5,1,-0.228,0.0,1,0.0,0,7,6,2,3,7,0,7,0,2,-1.742,3,5,3,0
5,1,6,3,1,-0.02,6,1.193,1.06,-0.669,6,7,1.0,0,-1.877,4,0,1,2,-0.657,0.0,2,0.0,7,6,6,0,6,0,7,3,7,3,0.957,4,2,4,0
4,7,4,2,5,-1.341,5,-0.308,-0.747,0.471,0,2,4.0,6,3.623,4,7,3,4,-2.073,0.0,2,0.0,4,1,3,6,4,7,2,6,7,1,-0.846,7,7,3,0
3,4,7,1,5,-0.101,3,-1.63,-1.795,0.32,2,1,6.0,3,-0.137,4,5,4,1,0.019,0.0,7,0.0,6,0,3,3,3,0,7,2,5,3,-0.712,2,5,4,0
4,4,6,6,0,0.44,7,-0.126,-0.196,0.886,3,0,2.0,5,-2.155,6,6,1,4,-1.961,0.0,3,0.0,1,3,6,6,6,5,4,0,0,7,-0.859,3,2,2,0
3,6,7,6,3,-0.528,6,-0.272,-0.37,0.333,1,6,5.0,5,-2.539,3,4,2,6,-4.873,0.0,1,0.0,3,2,4,4,0,0,7,3,0,3,-0.983,4,3,6,0
7,1,0,5,7,0.544,2,3.098,2.289,0.753,7,5,0.0,0,1.106,6,3,0,5,-0.49,0.0,2,0.0,6,2,0,0,1,5,4,6,1,2,1.338,7,1,1,0
6,0,5,2,2,0.064,6,2.488,1.633,-0.501,1,3,1.0,0,1.771,0,6,6,0,3.049,0.0,1,0.0,1,1,6,6,2,7,5,2,6,0,1.574,1,2,5,0
1,4,0,6,1,-0.55,3,-0.364,-0.5,-1.438,4,1,4.0,4,-0.914,0,6,5,0,-1.391,0.0,6,0.0,4,7,7,0,4,5,6,5,2,3,-3.133,7,5,6,0
0,1,7,5,4,-0.042,5,-1.213,-0.803,-0.068,5,0,4.0,5,-1.202,1,3,7,5,-2.918,0.0,6,0.0,5,7,1,3,5,0,7,5,3,2,-0.889,4,5,5,0
2,0,0,2,4,-0.222,0,0.532,0.03,1.365,7,5,4.0,0,-3.001,3,4,1,5,6.398,0.0,6,0.0,2,7,4,5,7,0,3,2,7,6,0.577,3,7,2,0
5,6,2,0,5,-1.471,4,-0.544,0.192,-1.113,5,7,2.0,0,-0.316,7,7,6,5,0.083,0.0,0,0.0,0,1,3,3,4,0,4,0,5,4,1.193,4,4,2,0
2,4,6,7,5,-0.275,0,-0.032,0.525,-0.445,3,6,4.0,0,-1.928,1,6,7,6,1.077,0.0,7,0.0,0,0,2,0,1,1,7,5,2,6,0.596,2,2,5,0
3,1,6,7,3,0.571,2,0.957,0.347,-0.97,0,3,1.0,1,0.774,3,4,0,4,4.549,0.0,2,0.0,0,7,5,6,6,1,5,5,1,4,-0.964,0,3,7,0
4,3,3,3,7,0.039,5,2.02,1.881,0.664,5,5,1.0,4,1.542,6,6,3,2,3.364,0.0,0,0.0,5,4,0,1,6,2,2,4,6,4,1.318,5,6,5,0
3,4,7,4,6,0.011,6,-0.374,-0.839,0.315,7,0,4.0,6,-0.063,7,7,1,4,-2.19,0.0,1,0.0,3,4,4,5,0,0,4,3,5,5,0.109,1,6,2,0
6,4,2,7,5,-0.961,2,0.103,0.021,-1.191,6,3,5.0,6,-0.953,5,1,3,4,-0.176,0.0,6,0.0,4,0,2,3,6,3,4,1,5,4,-0.427,5,0,6,0
5,4,7,2,6,1.511,5,-0.103,0.318,-0.469,2,3,3.0,3,1.294,5,2,6,3,-0.298,0.0,3,0.0,3,6,3,7,3,1,5,2,1,4,1.371,4,0,3,0
5,2,7,6,4,-0.018,1,0.958,1.18,0.179,2,1,1.0,7,0.448,0,7,7,0,4.072,0.0,6,0.0,6,7,2,0,1,2,5,3,5,1,3.047,0,0,0,0
0,2,6,5,2,0.462,1,-1.617,-1.261,1.751,3,3,6.0,7,-1.862,7,1,1,2,-0.446,0.0,0,0.0,5,5,1,5,2,3,6,7,0,6,-0.54,6,4,4,0
0,6,6,4,6,-1.416,5,0.346,-0.61,-0.505,6,3,4.0,2,2.282,7,5,0,2,-1.721,0.0,3,0.0,4,2,0,2,5,1,5,6,5,0,-1.943,0,4,5,0
1,3,7,6,0,0.56,0,1.166,0.628,-0.26,6,3,3.0,7,1.346,5,1,7,2,0.119,0.0,1,0.0,6,4,2,4,1,3,0,1,5,1,0.159,4,6,6,0
7,3,6,3,3,0.771,0,-1.283,-1.54,0.473,6,0,5.0,3,0.412,7,0,1,0,-1.535,0.0,7,0.0,4,0,5,2,3,1,1,4,6,0,-0.944,4,6,5,0
0,1,7,0,4,1.295,5,-2.585,-1.868,1.376,4,3,6.0,6,-4.905,4,3,6,7,-2.449,0.0,7,0.0,4,2,5,4,5,1,4,4,6,7,-3.778,4,5,5,0
3,0,4,0,3,-0.371,1,2.645,1.208,-0.459,4,3,1.0,7,2.68,5,5,6,7,2.395,0.0,5,0.0,5,7,7,3,2,2,6,4,0,7,2.333,1,6,5,0
3,7,3,4,7,-0.782,2,-1.666,-1.418,0.481,1,1,6.0,5,-0.425,0,1,0,7,-6.614,0.0,7,0.0,2,7,5,6,0,4,1,7,4,3,-3.034,5,7,3,0
0,2,3,6,5,1.483,3,0.474,0.821,0.001,1,0,3.0,7,-0.567,0,6,1,7,2.164,0.0,3,0.0,7,4,6,0,1,5,0,6,6,2,0.393,5,6,7,0
1,6,6,4,1,-1.204,6,0.264,0.044,-3.167,6,2,4.0,2,-0.736,5,0,0,7,1.29,0.0,2,0.0,5,3,5,6,1,3,7,2,1,3,-1.714,4,5,2,0
1,6,6,1,0,0.053,2,1.16,0.21,-0.417,6,5,2.0,7,-2.357,7,5,7,4,-0.229,0.0,2,0.0,2,7,6,3,6,4,3,4,0,4,-0.063,6,5,2,0
3,4,6,4,4,-0.038,6,-0.911,-0.98,-0.968,5,5,4.0,4,-0.641,7,2,0,4,-1.955,0.0,4,0.0,2,7,6,5,0,5,6,7,7,1,-1.928,6,0,6,0
5,0,2,3,4,0.392,0,0.093,-0.028,0.483,4,2,3.0,5,0.487,0,7,6,2,0.987,0.0,4,0.0,7,2,3,7,1,5,4,3,5,5,0.835,0,4,6,0
1,4,1,7,1,-2.323,0,1.299,0.198,0.42,4,2,4.0,4,-3.524,7,7,2,2,-1.614,0.0,2,0.0,4,6,6,2,7,7,5,5,0,4,-0.258,5,2,0,0
4,6,7,4,5,-0.063,7,0.129,-0.489,-1.368,3,4,3.0,0,-0.936,2,5,4,0,0.228,0.0,1,0.0,5,0,4,1,4,4,5,6,2,7,-0.536,2,1,1,0
4,1,6,1,4,0.444,4,0.058,0.383,-0.414,6,6,2.0,6,0.309,2,1,0,5,1.14,0.0,5,0.0,3,0,4,1,7,7,3,2,2,2,0.904,1,1,5,0
1,2,0,1,6,-0.584,6,-1.442,-0.351,0.322,5,6,4.0,3,-2.488,2,7,1,1,-3.46,0.0,0,0.0,3,3,0,6,0,7,5,6,2,0,0.124,4,4,3,0
1,2,0,7,2,-0.344,1,-0.079,-0.199,-1.293,5,5,3.0,5,0.747,0,3,1,7,1.682,0.0,2,0.0,2,3,3,2,2,0,1,4,0,7,1.557,1,2,3,0
2,6,2,2,6,0.432,7,-1.271,-0.473,-0.886,5,1,2.0,6,-3.176,7,6,4,1,-1.848,0.0,1,0.0,2,3,2,6,6,7,1,5,2,5,1.184,0,6,0,0
3,2,2,3,7,0.995,0,0.338,0.538,0.224,6,7,2.0,3,-0.691,3,0,2,5,1.758,0.0,0,0.0,6,3,1,6,5,0,2,4,3,7,-0.638,7,2,3,0
1,2,3,4,0,-1.498,6,2.412,1.766,-1.985,5,0,2.0,4,2.041,2,5,2,5,2.0,0.0,2,0.0,0,2,5,3,1,7,2,5,0,7,1.587,4,5,2,0
1,0,0,5,2,0.587,4,-1.583,-1.204,-0.08,5,1,3.0,2,-1.273,6,5,0,0,-0.769,0.0,1,0.0,5,3,7,6,7,5,4,4,3,6,-1.658,2,3,0,0
2,1,5,3,5,-1.213,2,0.952,-0.104,-0.964,7,5,4.0,0,1.137,6,7,3,2,1.915,0.0,5,0.0,2,6,4,6,1,5,0,6,2,2,0.414,4,0,6,0
2,4,0,2,3,-0.894,3,1.338,1.872,-1.062,4,6,-0.0,2,5.084,5,4,7,4,4.965,0.0,0,0.0,5,7,3,7,1,3,4,7,4,0,3.301,1,7,6,0
5,5,1,2,5,-0.344,0,0.998,1.347,-0.442,6,3,2.0,3,1.402,7,5,4,1,1.345,0.0,0,0.0,2,0,7,2,2,6,5,1,7,3,3.377,3,7,5,0
2,6,7,4,3,-1.934,3,-1.951,-2.164,2.957,7,0,7.0,1,-1.615,1,1,0,5,-1.762,0.0,3,562.13,1,3,1,1,7,7,2,4,3,2,-2.705,4,7,4,1
4,5,4,3,2,-0.317,7,1.585,0.452,-2.083,2,6,1.0,1,2.551,3,1,5,5,3.86,0.0,2,0.0,4,1,0,3,0,5,6,4,2,4,0.979,0,0,4,0
5,5,5,2,7,-1.672,6,-2.556,-1.397,-1.495,4,2,6.0,2,-1.73,4,5,4,5,0.084,0.0,3,0.0,2,1,1,5,4,3,6,2,3,4,-1.294,0,4,5,0
7,4,2,1,7,-0.571,2,0.387,0.29,-0.342,1,3,3.0,2,-0.448,6,1,0,5,-0.967,0.0,7,0.0,2,6,5,7,0,0,5,7,1,2,0.27,4,5,7,0
4,1,6,3,4,0.017,5,1.175,1.146,0.645,5,1,1.0,5,0.368,1,3,5,5,-3.495,0.0,1,0.0,2,5,1,4,5,2,1,1,4,6,-0.409,4,1,6,0
6,6,0,7,6,0.235,0,-0.275,-0.718,0.352,0,6,5.0,0,-2.07,5,0,6,2,1.621,0.0,1,0.0,0,1,0,6,0,7,2,5,5,1,-1.868,0,7,7,0
5,5,0,7,6,-0.602,0,-1.482,-1.769,0.665,1,1,6.0,6,-1.226,5,3,2,6,-1.142,0.0,7,0.0,1,7,4,6,2,4,5,6,2,5,0.006,5,7,4,0
3,7,2,6,0,-1.839,0,3.376,2.487,-0.751,4,0,0.0,1,2.875,2,1,6,0,-2.033,0.0,2,0.0,1,5,6,3,2,4,1,3,2,3,2.717,2,3,6,0
5,4,6,1,7,2.83,2,-1.918,-0.763,0.544,4,2,4.0,3,1.206,6,3,1,5,-3.7,0.0,3,0.0,6,7,5,4,4,2,0,6,1,2,0.15,0,3,7,0
0,1,5,5,7,-0.265,6,0.583,0.8,-0.805,2,1,3.0,5,0.342,5,1,0,1,-0.671,0.0,1,0.0,1,5,3,2,1,4,3,3,4,0,1.348,1,3,7,0
1,7,0,4,4,-0.201,0,-0.149,0.363,-1.032,2,0,3.0,6,-1.057,0,2,2,3,3.336,0.0,2,0.0,7,4,6,2,2,4,5,3,4,5,0.563,6,2,1,0
4,4,6,0,2,2.463,4,0.806,0.19,0.182,1,2,4.0,4,1.309,0,2,6,4,2.895,0.0,3,0.0,6,6,0,4,3,3,5,5,5,0,-0.362,0,6,6,0
2,4,3,2,0,1.146,3,-1.612,-0.738,-1.809,0,2,5.0,7,0.684,3,5,6,1,-0.185,0.0,1,0.0,3,1,6,6,6,3,5,2,2,3,0.336,2,2,2,0
2,5,7,6,6,-0.396,6,-0.342,-0.536,-2.158,6,0,3.0,3,0.534,6,0,1,0,-0.279,0.0,1,0.0,0,3,4,4,4,0,7,1,0,1,-0.335,6,3,5,0
3,0,1,3,5,1.338,3,0.725,-0.029,-0.168,0,6,4.0,7,-1.887,7,4,4,7,0.555,0.0,6,0.0,6,2,4,6,7,4,3,2,6,5,-1.103,0,3,5,0
3,0,4,4,4,0.066,1,0.495,0.945,0.537,3,0,2.0,5,1.45,0,3,6,0,2.475,0.0,4,0.0,6,7,2,0,3,3,5,1,1,7,3.114,5,4,1,0
2,7,5,6,2,0.493,1,1.72,1.758,-0.684,4,0,0.0,3,2.573,5,1,0,3,1.802,0.0,0,0.0,6,2,6,0,1,6,2,5,0,0,0.772,4,1,3,0
5,2,7,0,3,0.903,6,-1.443,-1.198,1.153,5,0,5.0,1,-0.391,0,2,5,4,-4.558,0.0,4,0.0,0,2,3,1,5,4,3,0,0,7,-1.877,2,7,1,0
2,0,7,2,1,-0.575,6,0.611,0.16,-0.739,0,0,4.0,7,2.604,1,2,2,0,1.526,0.0,7,0.0,4,3,4,7,0,6,2,2,5,7,-0.771,0,5,7,0
6,5,3,2,1,0.575,0,-2.029,-1.036,0.557,0,3,4.0,3,-1.553,2,1,3,5,-2.247,0.0,3,0.0,0,2,7,0,3,4,6,5,0,4,0.386,4,5,3,0
2,7,7,4,2,1.36,2,0.137,0.544,1.237,2,0,3.0,0,0.136,2,0,0,3,0.48,0.0,7,0.0,1,6,5,4,1,2,4,2,6,6,2.016,0,2,6,0
3,7,6,3,4,0.337,3,-1.158,-0.61,-1.99,2,2,3.0,3,0.79,6,4,1,5,-1.387,0.0,0,0.0,3,1,1,6,2,0,5,1,5,6,-0.549,3,0,0,0
2,3,2,2,5,0.893,0,0.698,1.024,0.838,4,5,4.0,3,1.016,0,4,4,2,0.493,0.0,1,0.0,1,2,0,5,5,4,1,1,7,7,2.34,0,5,1,0
2,7,5,4,6,0.311,0,-0.964,-1.156,-0.168,5,2,4.0,5,1.194,3,7,2,3,-4.012,0.0,7,0.0,1,2,2,1,5,4,7,0,3,5,-1.285,5,0,4,0
7,3,1,3,2,-0.379,4,-0.303,-0.35,-1.485,3,7,4.0,4,1.286,5,7,3,5,-3.022,0.0,1,0.0,2,6,6,3,3,1,3,2,7,0,-0.877,0,2,1,0
0,2,2,3,2,-0.577,6,1.216,0.994,-0.385,6,3,2.0,5,1.646,5,5,7,3,1.744,0.0,2,0.0,7,0,0,2,1,4,4,4,3,7,1.378,0,7,1,0
2,7,5,7,6,0.432,5,0.948,0.231,-0.733,4,4,2.0,1,-0.689,2,5,1,4,-0.178,0.0,4,0.0,3,0,0,6,3,4,6,0,2,0,-0.326,5,3,1,0
0,0,7,7,1,-1.585,7,0.699,1.052,-1.081,6,0,3.0,4,1.357,5,0,0,4,-1.893,0.0,3,0.0,4,0,3,2,7,4,2,2,4,1,2.365,6,5,4,0
0,3,1,7,7,0.22,2,-4.265,-3.697,1.105,2,4,9.0,1,-1.861,6,5,5,0,-7.601,0.0,5,0.0,7,3,6,0,1,6,6,4,2,5,-3.673,3,2,1,1
5,3,5,1,6,-0.694,5,1.251,0.905,1.462,5,4,0.0,6,2.014,1,6,3,7,2.187,0.0,4,0.0,1,5,4,1,7,5,2,1,1,1,1.416,5,2,0,0
4,4,6,3,2,0.518,5,-1.751,-0.519,-1.494,0,5,5.0,4,-2.049,0,7,2,5,-1.767,0.0,7,0.0,7,1,5,2,2,1,2,7,2,4,-0.484,5,2,1,0
2,2,0,1,1,0.727,0,1.148,0.649,-1.615,6,2,3.0,1,-1.977,2,2,6,0,0.607,0.0,0,0.0,5,1,5,6,4,3,5,4,3,5,0.889,5,6,4,0
0,4,4,6,7,2.629,7,-0.151,-0.385,-1.98,0,4,4.0,2,-1.63,6,0,3,3,-1.466,0.0,7,0.0,0,1,1,3,1,2,0,5,1,0,-0.133,3,0,7,0
7,4,6,5,4,-0.781,1,-1.199,-1.117,3.065,2,3,4.0,1,-0.206,4,7,5,4,-2.244,0.0,5,0.0,7,3,5,1,4,5,1,0,2,4,-1.173,2,6,1,0
2,1,5,1,6,0.865,7,-0.112,-0.725,1.527,5,5,5.0,3,0.188,6,3,0,5,-0.081,0.0,7,0.0,2,5,4,1,2,0,6,0,5,5,-0.45,0,2,4,0
3,3,4,2,6,-0.723,3,0.053,-0.428,0.882,7,2,5.0,7,1.552,7,1,4,1,0.15,0.0,4,0.0,0,5,1,3,1,2,2,1,6,4,-1.73,4,1,6,0
0,7,0,4,4,1.266,1,1.549,1.64,-1.513,5,3,1.0,4,-0.669,1,3,1,4,4.687,0.0,6,0.0,5,3,4,6,0,4,2,1,0,4,0.001,6,0,3,0
0,6,4,0,4,-0.58,7,1.464,0.644,0.03,6,1,1.0,2,2.261,7,7,7,7,0.6,0.0,4,0.0,3,5,3,7,6,1,0,2,0,0,3.029,0,6,4,0
7,1,5,2,6,-1.053,0,-0.35,0.478,0.0,0,1,3.0,7,-1.758,6,2,2,3,0.845,0.0,3,0.0,7,3,5,3,4,5,5,7,4,3,1.64,3,0,0,0
2,4,2,2,4,0.918,4,2.294,1.348,-0.341,2,3,1.0,7,2.539,2,2,1,5,0.972,0.0,1,0.0,2,5,5,3,7,2,5,7,6,4,2.177,5,6,4,0
3,3,3,0,1,-0.166,1,-0.516,-0.874,-1.283,4,3,6.0,2,1.393,0,3,6,2,3.703,0.0,0,0.0,4,2,4,4,0,2,5,4,5,1,-1.282,5,1,3,0
2,1,2,6,5,-1.028,2,1.062,1.599,-0.052,0,6,-0.0,6,2.898,4,7,5,6,8.295,0.0,6,0.0,1,7,6,7,4,0,0,3,1,1,1.417,2,3,6,0
0,3,0,2,6,0.624,6,0.82,0.36,1.346,5,3,2.0,0,-0.706,5,0,6,4,-0.956,0.0,2,0.0,7,2,6,5,1,2,4,2,0,6,1.2,1,0,0,0
4,4,3,1,2,0.086,0,-0.331,-0.06,0.551,4,1,2.0,5,-0.379,2,2,1,0,-1.968,0.0,7,0.0,6,4,2,6,1,3,1,2,2,6,2.096,3,3,6,0
7,1,2,5,0,0.294,6,-0.248,0.182,0.112,2,0,4.0,4,0.334,4,2,4,6,-0.484,0.0,7,0.0,5,0,1,0,3,7,0,7,1,5,0.19,1,7,5,0
0,4,2,4,2,-0.898,1,1.768,1.726,-0.482,7,7,3.0,1,2.095,5,6,7,3,2.543,0.0,3,0.0,3,5,2,6,2,4,5,2,7,1,1.718,0,7,2,0
4,1,5,1,3,0.473,2,1.289,1.374,-1.024,3,4,1.0,7,-1.782,3,5,1,6,3.353,0.0,6,0.0,0,1,5,0,5,1,6,2,7,3,1.263,0,0,2,0
0,7,4,4,0,0.77,2,0.045,-0.128,-0.67,1,6,3.0,4,1.486,6,3,0,5,-1.299,0.0,4,0.0,1,4,2,7,5,7,1,5,3,6,-0.221,7,5,0,0
4,6,2,3,3,0.303,2,0.587,0.373,1.176,7,0,4.0,4,2.839,5,2,4,6,-1.187,0.0,4,0.0,7,3,7,0,5,2,6,5,1,6,-0.336,6,1,1,0
0,6,1,1,4,1.061,1,0.123,-0.142,1.047,2,3,0.0,5,-0.965,1,1,2,1,3.065,0.0,0,0.0,0,7,2,3,5,7,1,4,7,5,-0.35,7,3,4,0
0,3,2,1,0,0.433,7,-1.658,-1.077,-1.076,6,3,6.0,5,-0.479,1,6,7,0,-0.843,0.0,2,0.0,4,6,6,0,5,6,2,6,4,4,-3.494,5,4,0,0
6,0,5,5,5,-0.554,2,1.233,0.441,-0.701,2,0,2.0,5,-0.799,6,0,7,7,0.182,0.0,7,0.0,6,1,4,4,3,3,3,4,0,6,2.295,3,3,6,0
0,6,3,6,3,0.674,4,-0.816,-0.667,-1.949,5,4,4.0,6,-0.515,2,6,2,7,-1.639,0.0,7,0.0,5,1,2,4,1,7,2,5,7,2,-0.2,5,5,4,0
4,2,6,2,0,1.389,2,-1.505,-1.752,0.346,3,6,7.0,0,-0.254,6,0,7,6,-3.989,0.0,3,503.77,5,3,4,6,3,3,5,7,5,2,-2.457,7,5,3,1
6,5,6,1,1,0.406,7,-1.807,-0.647,0.606,5,5,4.0,0,-2.49,4,0,7,5,-0.707,0.0,7,0.0,7,5,6,7,2,2,6,6,0,7,0.532,2,4,1,0
2,3,5,3,6,0.161,1,-0.574,0.121,0.533,6,4,2.0,4,-0.685,0,3,5,7,-2.552,0.0,6,0.0,4,0,0,2,2,4,2,3,3,3,0.513,7,5,0,0
0,7,5,6,1,1.579,4,0.01,-0.416,-0.144,0,4,4.0,3,1.731,6,2,6,2,0.034,0.0,6,0.0,2,0,1,2,1,2,2,5,6,7,-0.815,5,0,1,0
2,5,1,7,7,0.438,1,-0.651,-0.886,0.786,4,5,3.0,4,0.055,5,2,1,4,0.838,0.0,4,0.0,5,5,5,6,1,4,3,3,4,4,-1.937,2,0,5,0
6,6,5,3,5,-0.157,7,-0.474,-0.674,-0.244,3,2,6.0,2,-2.641,1,2,3,2,0.446,0.0,3,0.0,6,7,6,4,6,5,4,1,0,4,-1.939,2,4,7,0
1,1,2,0,0,-0.159,6,-2.063,-1.001,0.459,7,5,5.0,4,-1.302,1,6,3,0,-0.47,0.0,4,0.0,4,3,1,3,3,7,0,0,3,1,-2.624,5,2,2,0
7,7,0,2,4,3.255,0,2.859,1.794,-1.589,6,5,-0.0,1,4.272,6,2,4,3,0.214,0.0,7,0.0,2,3,2,2,1,7,0,6,2,7,1.484,3,0,2,0
3,5,0,3,4,0.127,0,-1.556,-1.15,-1.226,6,5,5.0,2,1.806,1,4,6,2,-3.503,0.0,2,0.0,0,2,0,5,6,6,0,4,0,5,-1.651,4,3,6,0
4,2,5,6,2,0.874,5,0.575,0.41,-0.167,7,3,2.0,5,1.638,0,5,5,3,-0.51,0.0,2,0.0,2,3,6,6,4,3,7,1,0,5,-0.77,6,1,2,0
0,7,4,5,3,1.387,7,-1.588,-1.365,0.235,7,0,5.0,0,1.228,1,1,2,1,-5.44,0.0,3,0.0,0,5,0,5,3,1,0,2,6,4,-3.309,3,4,4,0
7,1,1,3,2,0.824,2,1.22,1.107,-0.903,1,3,1.0,1,1.263,2,1,1,0,-1.521,0.0,0,0.0,7,5,5,3,7,1,7,4,2,6,2.403,0,0,3,0
0,2,6,6,1,0.8,6,0.235,-0.865,-0.713,5,1,4.0,1,-0.517,2,4,4,2,1.448,0.0,7,0.0,0,4,0,6,1,1,5,7,5,4,-0.604,3,2,4,0
0,1,4,0,5,0.873,6,0.314,0.053,0.668,2,1,5.0,0,-2.534,6,3,2,2,0.487,0.0,6,0.0,1,3,7,7,4,2,0,0,6,4,-1.953,7,0,1,0
4,4,5,4,4,-0.487,1,0.885,1.516,0.015,1,1,1.0,2,1.4,1,5,1,1,-1.868,0.0,3,0.0,3,6,4,1,6,6,2,1,3,4,0.959,7,7,2,0
0,5,3,5,0,0.554,5,0.373,0.166,-0.929,6,3,2.0,0,-1.758,6,7,4,1,-4.452,0.0,1,0.0,1,3,2,3,0,1,6,4,0,4,1.221,5,2,4,0
7,0,6,2,4,1.683,0,0.162,0.6,-0.746,3,7,3.0,7,-0.847,0,0,1,5,0.882,0.0,0,0.0,0,2,2,5,2,2,3,4,2,0,-1.791,1,2,4,0
4,7,1,2,4,0.244,4,1.137,1.294,0.068,6,4,2.0,3,0.892,3,0,0,6,1.622,0.0,1,0.0,2,2,0,7,7,5,0,5,4,2,0.563,2,5,1,0
2,6,6,7,5,1.192,5,0.168,0.269,-1.2,4,7,3.0,7,1.129,7,6,6,1,-0.489,0.0,0,0.0,3,0,7,1,2,1,2,6,1,5,0.592,6,6,1,0
3,0,6,1,5,0.289,5,2.057,2.156,-0.006,2,5,0.0,0,1.513,5,7,2,2,4.354,0.0,2,0.0,3,3,5,5,1,3,5,6,2,3,2.505,6,4,1,0
4,6,2,4,6,-0.614,2,1.711,1.624,2.081,7,7,1.0,4,2.454,0,3,1,6,1.238,0.0,6,0.0,4,3,7,1,2,0,3,4,0,6,2.531,0,0,5,0
6,0,4,4,4,-0.165,3,0.268,-0.425,0.008,6,0,2.0,6,0.059,4,1,2,4,-0.389,0.0,7,0.0,1,0,1,4,1,6,0,7,7,4,-0.217,0,1,6,0
3,1,6,2,1,-1.198,0,1.48,0.674,0.428,0,2,2.0,3,1.112,7,3,7,4,2.244,0.0,3,0.0,1,6,6,5,6,4,3,1,7,2,2.583,7,2,0,0
4,7,1,5,7,-0.342,2,1.32,0.666,-0.249,5,2,2.0,3,1.221,3,3,0,7,0.612,0.0,5,0.0,2,5,7,3,3,3,3,4,6,1,-0.251,7,4,6,0
7,3,1,3,6,-1.665,4,2.73,1.882,-1.798,7,6,-0.0,5,-0.222,7,3,4,1,1.695,0.0,7,0.0,3,6,2,0,0,6,0,0,1,7,2.818,6,3,3,0
1,2,6,4,3,-0.425,2,0.287,0.714,-1.434,5,0,3.0,1,-0.054,1,2,4,2,3.361,0.0,2,0.0,4,3,1,7,5,6,5,0,0,3,-0.357,0,7,4,0
6,6,5,3,5,1.704,4,-1.278,-1.351,1.054,4,2,5.0,3,-0.589,2,0,3,4,-4.343,0.0,5,0.0,5,5,3,1,3,0,5,0,4,5,-1.842,6,7,1,0
0,0,5,6,6,-1.495,5,-0.093,-0.064,-0.141,3,1,4.0,6,-1.269,4,6,7,7,2.171,0.0,4,0.0,5,1,4,2,4,5,0,4,0,7,-1.413,6,0,4,0
7,1,2,1,0,0.386,5,-1.111,-0.305,-0.56,2,7,4.0,2,-0.668,6,7,7,7,-4.621,0.0,0,0.0,4,7,0,4,5,3,7,3,4,7,-1.401,5,1,3,0
7,4,0,4,6,-0.67,1,2.085,1.748,-2.534,3,2,1.0,4,0.21,6,4,3,1,12.654,0.0,2,0.0,5,1,5,3,0,2,7,2,0,2,3.398,3,4,5,0
0,7,6,7,3,0.572,6,-0.887,-0.676,-0.429,6,6,4.0,7,2.992,1,2,6,7,-1.515,0.0,6,0.0,7,1,5,1,5,7,6,4,5,5,-1.967,7,5,2,0
4,1,1,7,0,-1.132,1,-1.09,-0.341,0.134,4,7,4.0,1,-1.529,6,0,7,6,0.996,0.0,5,0.0,3,2,7,7,1,2,3,0,1,5,1.448,5,3,6,0
4,2,4,0,4,0.298,0,-0.981,-0.703,-1.957,7,0,6.0,5,2.259,6,6,7,6,2.158,0.0,2,0.0,2,4,0,0,1,0,5,4,6,3,-0.823,4,2,7,0
0,5,7,0,0,-0.788,2,-0.552,0.618,0.62,3,0,3.0,1,-3.683,0,5,6,6,0.371,0.0,1,0.0,4,6,2,1,4,5,7,5,6,7,1.231,0,7,7,0
3,1,5,2,3,-0.622,3,-0.793,-0.958,0.91,4,0,5.0,2,2.704,5,5,1,2,-0.35,0.0,0,0.0,3,4,3,0,6,5,1,7,7,0,-0.741,5,4,6,0
0,4,5,4,6,0.243,2,-0.194,-0.351,1.058,0,1,5.0,5,-3.403,6,4,5,5,-2.713,0.0,4,0.0,7,7,1,2,6,3,3,1,6,5,0.003,0,6,4,0
0,0,5,2,6,0.789,1,0.245,1.32,-0.736,4,3,-0.0,7,2.862,3,7,0,4,6.5,0.0,7,0.0,1,6,5,6,7,0,5,0,1,2,3.267,2,5,2,0
1,4,6,0,4,-0.675,1,-0.006,-0.207,-0.484,7,7,3.0,3,-0.844,3,5,6,4,-2.904,0.0,6,0.0,5,6,5,6,5,7,2,2,4,2,-1.283,5,2,3,0
1,2,3,1,6,1.816,2,-0.703,-0.157,-0.992,3,0,5.0,3,1.615,2,0,0,3,-1.317,0.0,1,0.0,4,6,5,5,5,7,6,6,0,2,1.355,4,7,0,0
0,2,4,7,5,-0.624,5,0.55,0.584,-0.356,3,0,2.0,0,1.049,0,4,7,5,0.303,0.0,5,0.0,2,3,0,6,7,4,4,0,0,0,0.723,6,7,2,0
5,0,0,5,5,-0.29,6,1.588,1.534,-0.773,0,6,1.0,0,-0.59,0,1,5,4,-0.116,0.0,3,0.0,2,2,6,4,2,2,4,0,3,2,0.923,1,6,2,0
5,2,6,1,6,-1.129,2,-0.296,-1.102,1.637,2,3,5.0,0,0.621,1,4,0,0,1.007,0.0,0,0.0,7,1,0,7,2,2,3,5,0,7,-2.971,7,0,7,0
4,3,1,5,0,0.833,3,-0.044,-0.209,2.299,1,1,5.0,5,-0.143,4,7,6,6,-3.002,0.0,5,0.0,7,4,2,6,4,6,4,4,2,2,-0.657,4,5,4,0
3,3,7,2,0,0.662,6,-0.575,0.17,-0.236,3,6,3.0,0,1.297,0,6,7,7,2.262,0.0,5,0.0,4,7,4,2,7,7,6,5,3,7,-0.205,7,6,3,0
1,3,4,1,7,-0.381,1,-0.927,-0.553,-1.846,4,4,3.0,5,-0.845,0,5,2,2,2.392,0.0,2,0.0,2,5,0,0,2,1,0,4,3,1,-0.164,6,4,4,0
6,7,5,3,1,1.084,4,-1.703,-0.655,-1.038,4,5,4.0,4,-3.61,3,3,7,1,0.152,0.0,2,0.0,7,4,5,5,5,5,3,1,5,2,-0.949,0,4,0,0
0,0,4,1,4,0.692,2,0.727,0.384,-0.19,1,3,2.0,5,-0.857,4,3,5,4,-0.665,0.0,5,0.0,2,3,3,4,0,5,3,5,3,4,-0.691,5,6,5,0
7,7,1,2,7,-1.513,1,-1.53,-0.98,-0.558,1,2,5.0,2,-1.48,1,0,5,6,-1.482,0.0,0,0.0,4,4,2,1,7,4,4,1,5,4,-3.37,5,3,5,0
2,6,0,7,5,-1.415,4,-0.18,-1.206,-0.088,2,4,4.0,4,-2.874,0,5,3,1,-4.616,0.0,0,0.0,6,6,1,6,1,5,4,5,5,2,-0.038,4,1,7,0
6,7,6,7,2,-0.5,7,1.748,1.411,1.008,5,5,1.0,4,3.549,3,5,7,3,1.459,0.0,2,0.0,3,0,7,1,0,4,7,0,0,0,1.795,0,1,2,0
4,0,4,6,4,-2.426,5,-1.906,-1.141,-0.258,0,7,4.0,0,-0.152,6,0,0,5,-3.844,0.0,0,0.0,5,2,3,4,7,5,0,5,2,0,-0.367,3,4,6,0
7,1,6,1,4,-0.859,1,0.001,-0.376,-0.073,6,2,4.0,6,-0.359,0,0,6,7,2.906,0.0,0,0.0,7,1,0,0,4,2,1,3,0,0,-1.9,6,3,7,0
4,4,2,7,2,-0.617,3,-0.065,0.164,-1.684,2,3,3.0,1,0.09,6,2,1,2,-1.008,0.0,3,0.0,4,3,1,4,5,5,4,4,1,5,0.12,5,7,2,0
4,1,1,4,6,0.1,3,0.448,0.232,0.688,0,1,4.0,1,0.143,3,2,2,2,5.588,0.0,0,0.0,3,3,4,1,0,0,1,0,2,0,-0.701,3,7,4,0
6,0,6,5,3,-1.738,0,2.008,2.843,-0.658,6,2,0.0,3,3.339,5,2,0,3,2.184,0.0,0,0.0,3,4,2,0,4,0,0,5,4,5,2.028,2,5,3,0
1,7,6,4,6,-0.82,6,0.955,0.82,2.942,4,1,1.0,7,3.833,3,4,5,5,0.111,0.0,7,0.0,5,1,1,7,3,0,3,2,7,4,-0.05,6,4,1,0
1,0,2,5,7,0.12,1,-0.449,-0.07,-0.342,4,0,4.0,4,-0.127,1,5,2,2,-0.201,0.0,0,0.0,7,0,6,5,1,0,5,4,4,3,0.494,1,4,2,0
1,2,6,4,7,0.418,0,1.01,0.436,0.188,3,7,3.0,6,3.124,4,4,0,7,0.294,0.0,5,0.0,0,4,3,6,7,1,2,2,0,0,0.839,4,6,6,0
6,3,5,2,1,0.309,2,2.176,0.997,2.003,7,4,2.0,7,1.387,0,7,0,0,2.485,0.0,0,0.0,2,5,5,3,7,1,6,2,6,3,-0.958,7,3,6,0
2,4,4,1,2,0.085,3,-0.469,-0.407,-0.919,2,7,2.0,5,-2.897,5,4,1,4,0.917,0.0,6,0.0,3,0,4,5,2,3,0,6,5,0,0.92,1,6,5,0
5,6,6,6,0,-0.485,2,-0.513,0.049,-0.856,0,0,3.0,3,-0.749,1,7,6,6,-1.443,0.0,0,0.0,2,4,3,6,6,1,3,2,6,2,-2.304,3,0,7,0
7,1,5,2,5,0.816,2,-0.357,0.472,-1.115,3,6,2.0,5,-0.636,4,2,0,2,2.804,0.0,4,0.0,5,6,5,2,2,5,2,7,1,0,1.303,5,4,7,0
2,1,2,6,0,-0.865,2,-2.442,-1.51,-0.403,7,5,5.0,0,-3.54,5,0,1,7,0.683,0.0,3,0.0,2,6,7,0,7,2,7,4,2,2,0.511,1,6,1,0
6,4,0,4,7,1.379,2,1.092,1.205,-1.711,6,6,1.0,0,4.06,1,0,0,7,-2.938,0.0,6,0.0,2,4,1,5,1,3,3,3,5,6,1.162,2,4,1,0
1,5,0,3,3,1.991,2,-2.024,-1.549,-0.469,7,3,5.0,3,-3.148,0,3,6,7,-4.226,0.0,7,0.0,0,1,2,4,2,4,6,2,1,3,-0.867,6,3,6,0
7,5,6,1,7,-0.59,1,0.677,-0.145,0.387,1,0,1.0,5,-2.948,7,2,1,1,2.382,0.0,7,0.0,7,1,6,4,6,4,2,0,5,0,1.502,2,2,5,0
6,1,3,6,2,1.488,3,-0.472,-0.772,1.809,2,1,4.0,6,-3.549,1,5,6,4,-0.654,0.0,7,0.0,3,4,7,7,3,2,2,1,6,7,-0.656,1,5,1,0
4,6,1,7,1,0.055,1,0.12,0.415,-0.24,5,7,2.0,3,-0.439,3,6,4,7,1.778,0.0,4,0.0,7,4,6,5,3,4,5,2,3,1,1.323,3,0,0,0
5,7,1,7,3,0.929,2,0.188,-0.332,1.246,3,6,4.0,5,-1.505,2,4,0,4,1.324,0.0,5,0.0,0,0,4,3,2,6,1,4,0,0,-1.777,3,4,7,0
6,1,7,4,4,-1.02,7,-0.332,-0.497,-0.738,0,6,3.0,6,-1.708,3,2,6,2,-1.358,0.0,2,0.0,0,2,0,0,2,3,3,1,6,3,-1.277,5,3,0,0
4,1,1,5,5,0.44,1,-1.708,-1.984,2.2,6,6,7.0,0,1.241,4,4,6,0,-2.41,0.0,2,479.88,1,6,0,6,2,2,2,4,7,7,-2.971,7,2,5,1
2,2,3,4,5,0.539,1,0.745,0.266,-1.468,2,6,3.0,6,-1.3,5,6,3,5,0.37,0.0,5,0.0,6,4,1,7,1,2,2,0,7,5,0.244,4,6,1,0
0,6,6,3,3,1.055,7,-3.2,-2.751,1.661,0,7,7.0,1,-2.459,0,2,6,4,0.001,0.0,0,504.52,0,2,0,7,6,2,0,1,3,7,-1.441,6,1,4,1
6,0,5,4,6,0.698,6,0.316,0.403,0.981,0,4,4.0,3,0.515,1,7,5,1,3.022,0.0,0,0.0,1,4,5,3,6,1,2,4,3,3,-0.093,4,4,6,0
1,4,4,5,0,-0.937,6,-0.001,0.264,0.154,7,3,2.0,3,0.83,4,7,2,7,1.045,0.0,3,0.0,6,2,4,5,5,4,3,4,1,7,1.462,1,5,6,0
5,4,2,5,3,0.641,5,-2.231,-2.13,-0.175,0,6,6.0,7,-1.095,7,5,3,2,-3.951,0.0,7,0.0,5,0,5,0,4,5,0,6,4,5,-1.237,7,6,5,0
1,7,4,4,3,-0.219,2,-0.39,0.014,-0.368,1,0,4.0,7,-0.795,5,2,0,3,-2.294,0.0,0,0.0,6,1,7,1,7,5,3,5,6,2,2.203,4,6,2,0
0,3,6,4,7,0.443,1,-2.045,-1.424,-0.24,6,1,5.0,6,-0.099,1,4,7,2,-1.264,0.0,5,0.0,6,5,3,5,3,7,5,6,3,0,-2.781,2,3,7,0
7,3,3,1,7,0.806,3,-0.014,-0.209,-0.701,1,1,3.0,3,-1.049,6,2,2,3,-0.576,0.0,5,0.0,4,5,0,4,6,0,7,7,2,0,0.403,7,7,3,0
0,2,3,7,5,-1.395,3,1.176,0.644,-0.327,3,1,2.0,3,-0.421,7,3,4,3,2.41,0.0,1,0.0,2,3,1,4,6,4,3,4,7,7,0.014,2,4,6,0
3,5,2,7,2,0.828,3,0.175,-0.057,-0.494,1,4,3.0,5,1.989,7,5,5,7,1.858,0.0,0,0.0,1,7,0,0,4,5,2,2,1,4,-0.852,7,2,7,0
2,2,0,7,4,1.432,0,1.8,1.552,-0.099,6,3,0.0,2,0.644,1,0,6,1,5.546,0.0,7,0.0,1,2,5,6,2,3,4,2,7,4,-0.431,7,2,6,0
2,6,5,3,1,-0.73,4,0.529,0.478,-1.09,6,6,2.0,1,1.939,7,1,5,7,0.303,0.0,5,0.0,3,3,3,2,0,4,1,3,3,2,1.293,4,3,6,0
1,0,2,7,0,-0.476,1,-0.919,-1.495,0.245,5,1,6.0,0,-2.14,3,7,0,7,-2.589,0.0,6,0.0,4,2,1,4,0,7,5,6,0,1,-1.172,2,0,6,0
2,3,2,5,5,-0.663,4,1.575,0.816,0.352,0,0,2.0,6,2.852,7,4,1,0,0.287,0.0,7,0.0,3,7,1,3,3,1,1,0,7,7,1.443,7,1,6,0
7,6,6,7,2,-2.887,5,-0.195,-0.773,1.685,5,4,4.0,4,-0.393,4,2,2,4,-1.772,0.0,0,0.0,5,2,4,0,0,1,5,2,7,7,-0.88,1,0,7,0
5,6,6,3,2,-1.678,0,1.367,0.842,-1.271,4,6,2.0,6,0.482,2,5,2,4,-4.171,0.0,5,0.0,2,7,7,3,1,2,1,6,5,3,1.04,6,3,5,0
3,7,1,1,6,-0.415,5,-0.85,0.3,0.516,0,6,1.0,2,-1.406,7,0,2,0,5.183,0.0,7,0.0,6,3,6,4,2,0,7,5,7,6,1.493,3,5,3,0
4,2,7,7,4,1.444,1,-0.396,1.167,0.945,2,2,3.0,2,2.511,0,5,6,1,1.106,0.0,0,0.0,0,6,3,3,0,5,5,6,6,0,0.438,6,0,3,0
1,7,6,2,2,-0.148,4,-0.581,0.711,-0.86,1,2,3.0,6,-1.623,7,1,1,1,-2.131,0.0,2,0.0,5,3,2,3,6,1,5,0,1,5,-0.593,0,2,2,0
2,7,1,2,2,0.998,0,-0.551,-0.06,0.684,1,7,4.0,4,3.15,2,0,6,5,1.787,0.0,6,0.0,6,4,7,4,7,3,4,7,7,3,-0.362,0,0,4,0
1,7,1,0,1,1.25,5,-0.578,-0.74,-0.676,2,6,4.0,0,-1.25,3,3,3,7,1.682,0.0,3,0.0,0,6,0,0,6,1,5,4,3,2,-1.006,6,7,3,0
4,0,0,0,0,0.309,3,0.856,1.308,-0.163,0,4,-0.0,4,-0.347,7,6,0,0,3.92,0.0,2,0.0,7,5,4,6,3,1,5,1,3,3,1.441,0,4,3,0
3,7,7,4,7,0.337,5,0.04,-0.571,0.046,3,2,5.0,4,1.29,5,4,4,1,-1.456,0.0,0,0.0,3,6,4,0,4,6,6,5,0,5,-0.733,4,1,4,0
1,7,5,4,3,0.401,1,-0.527,-0.677,0.249,4,7,4.0,7,-1.516,3,3,3,4,3.682,0.0,2,0.0,7,6,2,3,4,2,7,2,6,4,-1.397,6,0,4,0
1,6,5,2,4,-0.448,6,-0.854,-1.521,-1.873,2,0,5.0,4,-4.288,5,2,2,5,-2.309,0.0,1,0.0,3,7,3,0,7,3,1,0,2,3,-2.81,2,3,3,0
1,4,5,4,4,0.498,5,-0.201,-0.086,-0.245,0,2,2.0,1,1.652,3,1,1,2,-3.523,0.0,0,0.0,3,4,0,7,2,3,6,2,0,0,1.503,5,1,3,0
1,1,3,0,4,0.909,3,-2.739,-2.229,0.608,4,3,5.0,5,-2.722,1,0,1,2,2.118,0.0,2,0.0,1,4,3,2,0,5,3,1,0,1,-2.95,0,0,3,0
4,7,4,3,2,-0.944,4,2.519,2.607,0.25,7,2,0.0,3,2.808,1,1,6,7,4.059,0.0,1,0.0,1,6,3,0,1,1,0,6,3,4,3.334,3,6,3,0
4,7,0,4,3,-0.579,2,1.253,1.358,0.373,5,2,1.0,3,3.776,2,7,4,4,0.809,0.0,0,0.0,6,6,7,5,4,1,6,0,5,0,2.261,1,2,5,0
4,4,1,6,1,0.901,1,-1.813,-0.483,1.0,2,6,4.0,6,-3.143,5,4,1,6,-1.614,0.0,0,0.0,3,4,2,1,1,2,0,2,0,5,-0.048,3,5,1,0
2,3,2,5,0,1.76,1,-0.78,-1.263,0.529,0,4,5.0,4,-0.927,0,4,4,3,-4.82,0.0,5,0.0,3,5,1,5,4,2,2,4,3,3,0.459,1,6,6,0
0,0,2,3,6,0.388,0,1.496,0.071,1.507,4,6,3.0,5,2.683,7,1,5,6,-1.269,0.0,3,0.0,4,2,4,4,4,1,5,0,3,4,0.261,1,1,7,0
7,1,4,5,6,-0.056,7,-1.615,-0.511,0.142,3,1,4.0,4,1.045,7,7,0,6,-5.144,0.0,6,0.0,3,7,7,1,0,0,2,5,7,4,-0.34,3,6,3,0
0,3,4,2,5,0.777,1,1.28,1.463,1.076,0,2,2.0,7,0.679,3,7,6,6,3.283,0.0,0,0.0,0,3,6,6,4,7,3,7,7,7,-0.99,5,6,3,0
4,2,4,7,0,0.891,0,-0.411,-0.614,-0.915,0,5,4.0,7,-1.026,5,3,3,4,0.699,0.0,4,0.0,3,5,0,3,7,5,7,4,0,2,-0.432,6,2,2,0
6,6,1,0,3,-1.341,2,-0.463,-0.766,1.219,2,6,4.0,2,0.288,4,7,2,2,-2.131,0.0,2,0.0,1,1,5,6,5,3,1,4,3,4,0.28,5,1,0,0
6,4,6,0,1,-0.277,2,-2.469,-1.365,-0.087,3,5,6.0,5,0.473,3,7,7,0,-3.257,0.0,0,0.0,2,2,0,1,2,0,6,7,4,7,-0.364,7,7,1,0
3,7,6,1,1,0.118,2,1.058,1.134,-0.937,3,3,2.0,2,-1.509,7,4,7,0,-3.387,0.0,4,0.0,7,7,7,2,5,1,0,2,4,4,-0.343,2,0,3,0
6,5,0,7,7,-0.787,7,1.423,2.413,1.062,7,1,0.0,0,-0.667,3,4,4,5,-1.043,0.0,6,0.0,0,7,5,5,7,3,4,7,2,6,0.455,1,3,3,0
3,4,4,2,1,-0.646,5,-0.854,-0.713,0.609,5,2,4.0,2,-0.885,0,2,5,1,-0.066,0.0,4,0.0,7,5,4,1,6,3,3,2,1,7,-1.256,4,3,2,0
7,3,5,4,5,0.973,4,0.591,0.254,0.58,7,7,3.0,6,0.38,2,1,4,5,-3.171,0.0,1,0.0,4,7,4,1,2,2,4,7,0,4,-0.457,1,5,6,0
7,3,4,3,3,-0.864,7,-1.456,-1.621,0.24,2,1,6.0,7,0.334,0,2,2,7,-0.956,0.0,5,0.0,6,7,1,6,2,1,3,3,6,1,-1.646,7,4,6,0
6,2,4,4,0,0.113,1,-0.771,-1.261,-0.872,1,2,5.0,2,-0.594,1,2,0,2,1.504,0.0,2,0.0,2,5,4,4,4,4,2,6,7,1,0.608,1,1,0,0
2,0,6,0,0,-0.814,7,1.478,0.962,0.809,5,6,3.0,6,-0.476,6,4,7,0,-1.535,0.0,5,0.0,1,0,7,0,7,7,3,1,3,7,-1.088,4,4,2,0
7,3,0,6,0,-1.226,2,-0.033,-0.504,-1.707,2,0,5.0,3,-0.075,0,3,7,2,0.085,0.0,1,0.0,2,4,4,3,5,6,6,0,3,3,-1.248,6,0,2,0
5,1,7,6,3,1.061,4,-0.088,0.781,-1.462,0,3,1.0,2,-1.129,2,5,6,5,3.171,0.0,7,0.0,0,2,4,5,1,1,1,5,2,0,-2.496,7,0,2,0
1,7,6,3,1,0.111,2,1.707,0.981,-0.219,4,5,3.0,7,0.601,0,1,2,5,1.55,0.0,2,0.0,0,5,0,2,3,4,6,6,7,7,1.26,1,5,1,0
0,2,6,3,2,0.097,6,0.632,1.238,1.127,4,5,2.0,3,0.142,7,5,2,2,2.742,0.0,6,0.0,5,7,0,4,6,5,7,3,5,5,3.518,1,0,0,0
1,5,4,4,0,0.951,4,0.499,0.267,-0.263,2,2,3.0,0,0.357,5,5,2,5,3.291,0.0,7,0.0,2,4,1,2,3,6,0,3,4,6,0.783,6,7,6,0
7,7,7,6,5,-2.313,1,0.514,-0.191,2.148,5,3,4.0,6,-0.321,7,2,2,7,2.051,0.0,4,0.0,3,0,6,1,6,0,4,4,0,6,-0.059,7,3,1,0
6,1,4,7,5,-0.405,6,-0.238,-0.915,-0.452,1,3,4.0,0,1.075,1,5,5,1,1.687,0.0,7,0.0,5,4,5,4,2,2,3,6,3,6,0.196,1,5,3,0
7,1,7,4,0,-1.878,5,0.49,1.106,-0.13,0,3,2.0,7,3.787,7,0,0,7,2.968,0.0,4,0.0,5,4,3,6,5,6,1,3,1,5,0.991,1,2,5,0
7,3,1,6,3,0.051,1,1.061,1.876,0.397,7,5,2.0,5,-0.01,3,0,0,6,-1.408,0.0,1,0.0,3,6,3,4,5,0,1,5,4,5,1.342,6,6,4,0
0,1,3,1,5,-1.25,7,-3.312,-1.545,-1.023,2,0,5.0,2,-1.951,1,5,3,7,-3.345,0.0,2,0.0,0,2,0,0,6,6,2,3,4,7,-1.859,5,2,6,0
7,0,4,7,0,0.116,4,-1.35,-1.004,-0.799,7,4,5.0,5,-1.781,6,5,6,4,-2.386,0.0,0,0.0,0,7,1,0,7,1,4,4,7,7,0.754,3,4,5,0
2,6,0,2,4,1.56,7,-1.208,-0.667,-1.219,7,6,4.0,4,2.366,6,5,7,2,-1.028,0.0,2,0.0,5,2,4,2,4,7,0,5,0,6,-1.863,7,2,3,0
5,3,4,7,7,0.423,6,-1.286,-0.984,0.251,1,0,6.0,4,-0.788,1,7,5,0,-2.275,0.0,0,0.0,0,2,6,6,6,2,6,5,4,3,-0.603,1,0,6,0
6,4,5,6,5,1.493,2,0.771,0.7,-0.477,1,1,1.0,4,1.41,7,2,7,4,2.84,0.0,2,0.0,6,2,2,0,3,1,7,3,1,2,1.72,2,1,2,0
7,0,4,2,5,-2.021,6,0.307,0.197,-1.17,2,7,3.0,2,-1.474,6,5,2,4,-2.387,0.0,1,0.0,2,6,6,6,1,1,0,4,3,6,1.073,3,3,3,0
1,2,5,5,5,-0.977,1,2.464,0.68,0.516,3,0,2.0,6,1.268,7,2,7,5,0.894,0.0,1,0.0,1,2,5,2,3,5,0,5,5,5,0.031,2,5,0,0
2,3,3,4,2,0.326,0,0.454,-0.337,-1.526,5,5,4.0,4,-1.749,4,1,2,1,-3.812,0.0,7,0.0,1,1,4,3,5,1,7,5,0,4,0.228,3,2,2,0
5,6,3,3,4,-0.154,3,1.588,1.213,0.511,2,1,1.0,2,0.358,1,7,1,4,6.788,0.0,4,0.0,7,2,0,1,5,2,7,3,0,2,1.039,6,1,3,0
6,2,6,1,1,0.982,6,0.335,-0.164,0.499,6,0,3.0,5,-0.4,4,7,5,0,0.0,0.0,1,0.0,2,0,7,3,1,3,0,0,2,5,-0.563,2,7,5,0
0,1,3,4,2,1.635,3,1.695,2.085,0.361,2,1,1.0,7,0.428,0,4,3,5,0.895,0.0,6,0.0,1,5,1,2,2,1,0,5,7,5,2.536,4,3,6,0
4,1,1,5,2,-0.224,1,1.62,1.659,0.745,2,7,-0.0,4,1.196,2,5,6,1,2.729,0.0,6,0.0,6,4,4,0,7,6,6,1,2,7,0.892,2,4,4,0
5,5,1,7,4,0.109,5,-0.387,-0.417,-0.154,6,7,3.0,7,1.48,5,1,0,2,-0.137,0.0,4,0.0,3,3,0,2,0,7,5,3,1,2,-0.243,4,4,3,0
6,1,3,3,3,0.459,7,0.851,1.084,-1.13,6,3,3.0,4,1.943,7,6,2,6,0.658,0.0,6,0.0,1,2,2,0,0,6,3,4,3,0,2.961,3,1,0,0
2,2,4,4,3,0.436,4,0.418,-0.046,0.162,5,0,3.0,1,-0.839,2,0,6,3,0.329,0.0,7,0.0,3,6,3,7,5,0,6,6,7,4,-0.504,4,0,7,0
1,5,4,7,7,2.169,4,0.562,1.092,0.374,2,5,1.0,6,-0.241,2,2,6,3,4.114,0.0,1,0.0,3,3,3,5,2,3,5,1,3,5,1.204,7,4,1,0
7,0,5,4,2,-1.019,7,-0.956,-1.291,-0.064,2,3,5.0,0,-2.463,7,7,6,2,-4.43,0.0,7,0.0,7,2,4,3,7,4,5,3,0,1,-0.557,4,2,3,0
3,2,5,2,2,-0.587,2,0.931,0.759,0.674,3,0,3.0,0,3.624,4,7,6,3,0.776,0.0,4,0.0,5,3,3,0,4,4,7,2,3,6,-0.163,5,2,5,0
2,5,7,4,3,0.96,7,0.35,-0.171,-0.777,7,5,2.0,6,-0.399,7,4,0,2,1.056,0.0,0,0.0,2,6,5,7,1,5,5,4,7,3,0.947,3,0,3,0
3,4,1,0,4,-0.912,5,-0.248,0.007,-0.449,6,6,2.0,0,0.819,0,7,7,3,4.047,0.0,1,0.0,5,6,5,0,3,0,4,4,3,0,-1.998,6,3,6,0
0,0,5,6,5,-0.448,5,1.575,1.761,-0.125,5,3,0.0,2,2.972,2,6,3,4,2.309,0.0,1,0.0,6,4,4,6,0,4,5,6,2,7,0.373,2,2,6,0
4,6,0,4,6,-0.022,3,-1.215,-1.368,0.828,0,6,4.0,0,-0.321,7,6,4,4,-1.613,0.0,4,0.0,0,2,6,1,3,5,7,0,4,0,-1.846,3,3,6,0
6,5,3,0,7,0.303,7,0.388,1.13,1.373,4,1,3.0,4,-1.132,3,2,4,3,4.374,0.0,4,0.0,2,4,3,2,0,1,3,7,3,2,0.562,7,0,4,0
3,3,5,1,2,1.978,7,-1.545,-0.885,0.177,7,1,5.0,4,-0.904,1,6,2,3,3.265,0.0,0,0.0,7,3,3,1,4,5,3,0,5,6,-2.376,3,4,1,0
4,7,5,2,5,0.92,3,-1.211,-0.878,-1.203,7,3,5.0,0,-1.859,7,0,1,1,-1.398,0.0,0,0.0,7,4,6,0,3,3,4,2,3,1,-1.854,2,7,4,0
6,3,4,4,0,-0.149,4,-0.072,0.79,0.58,3,2,2.0,3,0.201,7,0,7,0,-0.815,0.0,2,0.0,7,1,6,2,5,7,6,7,7,4,1.642,7,1,4,0
3,1,1,5,0,-0.112,7,-1.775,-1.522,0.456,5,5,4.0,0,-2.093,3,6,3,1,-1.837,0.0,0,0.0,4,2,0,3,3,6,0,4,4,4,-1.286,3,7,1,0
6,6,1,0,6,-0.762,1,-2.732,-2.536,1.215,5,0,6.0,2,-0.623,3,0,0,2,-6.694,0.0,5,0.0,6,7,3,3,3,0,5,0,2,2,-3.346,5,1,6,0
3,3,4,5,3,1.238,5,0.325,0.584,-0.84,4,7,3.0,5,-0.046,3,3,2,3,-0.079,0.0,6,0.0,5,3,5,2,2,0,6,2,6,7,0.304,2,3,5,0
0,0,7,1,1,-1.672,7,1.086,1.098,0.684,7,4,1.0,7,3.601,0,6,1,1,0.883,0.0,5,0.0,5,4,4,5,3,0,2,7,4,1,1.814,7,3,3,0
5,5,2,7,3,1.357,3,0.59,-0.015,0.452,4,4,3.0,1,2.112,3,1,0,4,2.146,0.0,5,0.0,7,5,0,0,1,5,6,1,4,7,0.74,4,7,0,0
3,2,3,4,7,0.147,5,1.022,1.133,-0.494,0,0,1.0,3,-0.008,7,3,6,7,0.017,0.0,7,0.0,3,4,0,2,2,3,1,6,3,7,1.33,1,2,4,0
3,0,3,7,2,0.954,5,-1.465,-1.494,0.764,5,2,5.0,2,-0.925,6,5,1,1,-4.08,0.0,3,0.0,4,4,2,4,7,4,4,6,7,2,-1.676,3,0,5,0
3,7,7,3,4,0.244,2,1.059,0.561,0.898,4,1,2.0,6,0.022,0,4,1,6,0.705,0.0,7,0.0,2,3,5,0,5,6,6,5,3,2,0.622,5,7,7,0
3,2,3,7,2,1.582,2,-1.604,-0.804,-0.12,2,7,4.0,7,1.085,1,3,6,6,-1.604,0.0,5,0.0,6,1,0,5,0,2,1,7,2,1,-0.807,7,2,5,0
2,6,1,4,3,0.043,7,0.153,-0.317,-0.095,7,5,4.0,1,-0.631,3,0,6,7,1.282,0.0,7,0.0,0,5,6,2,3,2,5,4,4,7,1.907,6,0,1,0
4,0,7,0,2,-0.968,4,-0.403,-0.775,-0.354,5,4,4.0,0,-0.05,2,7,2,7,-0.689,0.0,5,0.0,0,4,6,1,1,2,4,6,4,4,-1.346,6,7,3,0
5,0,0,6,3,-0.925,6,-0.129,0.09,-1.057,7,6,3.0,6,-0.746,3,2,2,6,0.323,0.0,4,0.0,1,1,0,4,2,0,2,2,7,1,-2.057,1,6,3,0
5,2,5,0,6,-0.864,4,1.388,0.833,-1.259,6,4,1.0,7,-0.681,0,5,6,5,3.71,0.0,7,0.0,2,4,6,0,1,1,1,6,4,7,1.382,3,1,4,0
7,4,6,5,7,0.437,5,-3.052,-2.611,-1.577,4,3,6.0,1,-0.073,3,1,2,3,-6.111,0.0,1,0.0,7,1,3,2,6,6,1,6,7,1,-1.585,3,6,5,0
1,4,7,7,3,-0.546,3,-1.342,-0.774,1.818,4,0,4.0,1,-2.084,5,0,6,0,4.441,0.0,4,0.0,4,5,0,1,3,2,0,6,4,4,0.183,1,5,7,0
0,4,2,3,5,-0.58,2,0.75,0.365,0.432,3,0,3.0,6,2.476,5,2,3,2,-0.208,0.0,3,0.0,6,5,0,0,0,5,3,7,0,5,0.936,5,2,6,0
1,1,7,0,3,-0.083,4,0.464,0.504,0.706,0,3,4.0,3,-2.128,0,0,7,1,-2.309,0.0,1,0.0,0,1,7,6,6,5,5,4,2,0,0.689,3,1,6,0
2,6,6,3,0,-0.269,1,-0.948,-0.441,0.246,3,6,4.0,4,-0.916,1,5,2,7,-3.311,0.0,2,0.0,6,5,2,5,6,4,0,4,1,2,-2.338,7,6,7,0
3,6,0,1,7,1.326,3,-0.03,-0.205,0.016,5,6,4.0,4,3.559,3,5,5,2,-1.682,0.0,7,0.0,3,7,7,6,7,4,3,7,1,7,0.075,7,6,7,0
0,3,5,1,1,2.003,7,0.015,-0.399,-0.684,3,7,2.0,1,1.558,0,6,4,0,1.545,0.0,5,0.0,1,3,2,0,7,1,5,7,5,3,-0.201,2,0,0,0
2,5,6,0,0,1.533,1,0.18,0.129,0.557,0,0,3.0,0,2.312,3,3,2,2,0.64,0.0,3,0.0,2,6,6,1,2,3,0,0,3,3,-1.26,3,2,7,0
5,1,4,0,1,0.227,2,-0.775,-0.925,0.58,7,3,4.0,1,-4.042,2,6,5,5,-1.393,0.0,1,0.0,1,6,7,7,5,3,0,1,5,2,-1.51,4,7,4,0
4,0,5,6,6,0.07,7,0.046,0.966,-1.471,5,5,3.0,7,1.948,1,1,3,0,-1.657,0.0,1,0.0,4,3,4,1,3,2,4,0,3,3,2.177,6,5,0,0
4,6,3,5,1,-0.359,3,2.476,2.982,-0.007,4,5,0.0,0,3.116,6,2,6,1,3.171,0.0,0,0.0,7,7,1,1,3,3,0,3,0,3,0.886,2,3,0,0
5,5,5,2,7,0.339,3,0.043,-1.199,0.949,2,6,4.0,7,-3.182,2,4,6,1,-1.308,0.0,5,0.0,4,3,7,6,0,4,2,5,7,0,0.277,3,1,4,0
3,5,2,1,0,-0.347,3,2.446,2.706,-0.824,7,5,1.0,1,3.678,6,0,2,2,2.137,0.0,7,0.0,1,6,4,7,4,1,2,5,3,2,4.393,7,5,7,0
0,3,6,0,1,-1.736,4,-0.111,0.69,-0.345,4,4,3.0,1,-1.26,0,4,0,7,5.024,0.0,5,0.0,1,5,7,5,2,4,7,0,4,7,1.557,6,4,5,0
7,2,3,7,7,-0.905,3,-0.207,0.116,-0.383,2,4,3.0,7,-1.171,3,3,2,4,1.095,0.0,2,0.0,6,5,2,1,5,7,3,1,1,4,0.628,6,6,5,0
0,3,5,1,6,-0.054,6,0.78,-0.761,-0.054,7,3,4.0,0,-1.552,7,7,2,6,2.935,0.0,7,0.0,6,7,2,4,5,2,5,1,3,1,-1.721,5,5,7,0
5,4,1,7,2,-0.4,3,-1.023,-1.215,1.897,2,5,5.0,1,0.396,7,7,1,0,0.716,0.0,7,0.0,5,1,4,1,3,1,2,5,1,7,0.073,0,2,4,0
7,4,1,7,4,0.139,5,-0.857,-0.192,-0.707,4,0,4.0,2,2.47,4,0,4,3,2.641,0.0,3,0.0,7,0,2,3,0,3,7,7,1,3,0.368,1,1,0,0
7,4,0,5,2,0.332,3,-0.949,-0.588,1.395,3,6,3.0,2,1.171,7,0,2,3,-0.443,0.0,7,0.0,3,3,2,2,2,1,5,4,5,5,-1.569,2,5,0,0
4,3,5,2,1,0.549,1,0.137,-0.543,-0.417,1,3,2.0,1,-0.941,5,3,2,2,-6.81,0.0,0,0.0,1,0,1,2,1,3,4,4,0,7,0.936,0,3,7,0
6,7,6,4,6,0.334,7,0.936,0.839,-1.263,3,1,2.0,0,0.469,4,1,3,3,-0.457,0.0,4,0.0,3,3,1,2,6,3,4,5,0,5,0.588,0,2,4,0
2,3,2,7,4,0.715,7,-1.961,-2.13,0.136,0,5,5.0,1,-3.941,4,2,2,3,-5.547,0.0,2,0.0,0,0,2,5,6,3,0,6,1,5,-3.148,1,3,5,0
4,1,3,5,6,1.773,5,-0.149,-0.293,-1.425,5,4,3.0,0,-1.133,0,3,4,3,-1.865,0.0,6,0.0,3,3,1,4,0,3,6,1,4,7,-0.806,4,5,4,0
0,7,5,6,7,-0.731,5,-0.874,-1.977,1.074,3,6,5.0,6,-0.289,7,6,3,6,-6.271,0.0,5,0.0,1,6,1,5,6,2,2,1,2,0,-2.396,1,6,2,0
6,2,1,5,2,1.238,4,0.106,-0.403,-0.564,7,2,4.0,0,-0.124,6,7,1,2,0.037,0.0,1,0.0,7,3,6,6,3,2,1,7,2,3,-1.397,7,5,4,0
0,3,7,4,6,-0.272,2,-1.515,-0.251,-1.169,7,2,3.0,6,-0.024,6,6,2,2,0.104,0.0,5,0.0,7,4,5,0,7,1,7,4,3,3,1.265,2,0,2,0
3,6,1,7,3,1.341,0,1.135,0.618,1.007,3,3,3.0,0,0.131,4,4,0,5,0.369,0.0,7,0.0,1,3,0,0,3,7,5,5,3,5,0.318,0,7,4,0
1,2,1,2,4,1.012,5,-1.403,-1.255,0.869,1,1,3.0,6,-0.824,3,2,2,7,2.47,0.0,7,0.0,0,2,3,6,1,6,2,3,4,6,-0.721,3,3,6,0
4,7,7,5,3,2.244,0,1.431,1.104,-0.174,6,5,1.0,7,4.734,5,5,7,6,2.051,0.0,1,0.0,5,7,7,5,2,2,0,6,2,7,0.738,4,4,0,0
4,6,7,1,4,-0.408,0,-0.623,-0.78,1.277,6,2,2.0,7,0.128,2,6,1,0,-1.359,0.0,1,0.0,5,2,4,1,4,4,7,6,2,3,1.174,2,7,1,0
7,5,4,5,6,0.177,5,-0.077,-0.529,-0.046,7,2,3.0,5,-0.742,3,1,2,7,-2.096,0.0,7,0.0,3,6,7,7,1,7,1,1,7,2,-0.369,7,3,0,0
1,1,4,6,0,-1.758,2,0.21,-0.019,-1.231,4,7,4.0,0,-1.865,3,3,2,0,-1.917,0.0,1,0.0,5,2,1,3,2,3,3,2,4,0,-0.396,5,6,6,0
1,5,0,1,0,0.538,3,0.486,0.799,-0.711,4,4,4.0,3,0.179,7,7,1,6,-0.68,0.0,7,0.0,3,6,2,3,4,6,4,7,3,4,-0.093,5,0,6,0
6,4,3,2,7,0.173,7,-0.443,0.4,0.555,3,1,3.0,4,2.871,5,3,2,6,-0.389,0.0,2,0.0,2,0,0,2,5,0,1,2,1,6,1.32,2,7,0,0
1,7,0,5,6,-1.856,6,-2.551,-1.095,0.6,3,1,6.0,2,-0.265,7,7,2,0,4.031,0.0,1,0.0,2,5,7,1,3,0,7,1,6,1,-0.757,7,4,1,0
0,0,5,2,5,0.567,2,0.236,0.444,1.715,1,3,2.0,0,1.048,3,4,0,2,-0.346,0.0,1,0.0,6,2,1,2,7,0,0,3,0,4,0.872,0,3,7,0
0,1,6,5,2,-0.782,3,-0.978,-0.353,-0.277,2,6,4.0,4,-0.183,7,3,0,3,-2.476,0.0,3,0.0,5,7,6,7,0,5,7,7,3,5,0.222,0,0,7,0
0,7,3,2,3,1.705,5,-0.423,-0.579,-0.205,0,2,4.0,0,-0.704,5,4,1,5,0.878,0.0,5,0.0,1,0,4,4,3,5,7,5,5,0,-2.802,7,1,4,0
3,0,5,1,5,0.392,1,0.359,-0.35,-1.285,3,4,5.0,6,-0.715,5,1,5,6,-1.462,0.0,7,0.0,3,4,0,4,4,2,3,1,1,1,-0.694,0,7,2,0
4,1,2,7,2,-0.608,5,-0.787,-1.189,-0.84,1,1,5.0,5,0.279,0,4,2,2,0.589,0.0,4,0.0,0,6,2,7,0,2,2,7,7,7,-0.254,4,0,5,0
1,7,0,0,7,0.065,4,1.552,0.383,-1.17,0,3,2.0,7,0.322,2,3,6,3,3.353,0.0,3,0.0,1,0,3,6,5,3,5,7,3,4,1.771,1,3,1,0
7,7,2,6,3,0.272,0,-0.883,-0.45,-0.372,1,7,2.0,0,-0.778,0,1,1,3,1.611,0.0,1,0.0,2,7,7,6,7,0,2,0,4,7,-1.195,6,4,4,0
5,5,4,0,3,0.109,3,0.623,0.63,0.106,3,6,4.0,2,0.934,3,3,5,0,-2.447,0.0,5,0.0,5,3,7,6,0,2,7,1,2,5,1.534,1,2,6,0
3,6,1,7,3,1.576,0,-0.227,-0.393,-0.011,5,1,4.0,3,-0.728,4,3,7,0,-3.463,0.0,5,0.0,0,7,2,2,4,4,4,3,1,0,1.185,2,7,3,0
7,4,4,2,4,1.0,2,-2.128,-1.3,-0.031,2,2,4.0,6,0.133,4,1,3,3,-3.311,0.0,2,0.0,3,6,4,0,0,4,2,7,7,5,-0.312,1,0,2,0
5,5,3,1,1,0.253,6,-0.089,-0.447,1.051,2,6,4.0,3,0.852,4,2,2,6,-0.504,0.0,3,0.0,7,1,7,0,7,3,4,3,1,5,-1.198,2,1,2,0
5,0,1,5,7,1.165,4,0.212,-0.025,0.874,7,4,4.0,5,0.49,1,3,0,6,-1.884,0.0,7,0.0,7,0,2,6,7,7,5,3,4,3,-1.517,7,4,7,0
5,3,0,3,0,-0.325,6,-1.377,-1.521,-0.881,3,2,3.0,1,0.097,4,0,0,3,-5.175,0.0,3,0.0,4,3,5,7,1,2,1,5,5,4,-3.421,7,2,7,0
5,6,7,7,0,0.071,5,-0.349,1.104,-0.403,7,3,2.0,0,0.15,3,7,4,7,0.888,0.0,1,0.0,2,3,7,4,7,7,1,7,1,0,-0.05,5,3,7,0
5,7,0,5,1,-0.632,4,0.666,0.699,-0.627,6,5,1.0,3,0.551,4,1,4,3,0.598,0.0,3,0.0,0,5,2,0,5,1,5,2,5,1,0.256,3,0,6,0
0,3,4,0,4,0.066,1,-0.881,-1.854,1.748,7,3,5.0,3,-2.964,6,5,7,7,-3.114,0.0,7,0.0,2,0,5,4,3,5,1,7,3,4,0.16,3,6,0,0
3,2,1,7,0,1.219,0,-0.216,-0.425,1.426,4,0,4.0,4,-0.777,2,0,6,3,-2.566,0.0,3,0.0,7,6,6,2,2,3,6,1,7,7,0.812,4,4,7,0
0,0,4,5,7,0.813,4,-0.48,-0.038,1.379,3,5,4.0,6,-0.17,4,0,1,7,0.238,0.0,7,0.0,5,4,6,3,2,2,7,7,1,0,-0.157,6,3,6,0
2,2,2,2,1,-0.326,6,0.652,0.761,-0.627,5,3,1.0,3,2.109,6,4,3,0,2.76,0.0,0,0.0,7,3,6,5,0,2,4,0,0,1,-0.046,4,5,5,0
1,5,2,4,7,-1.587,0,-2.301,-0.394,-0.048,0,4,5.0,2,-1.595,7,3,4,1,-0.674,0.0,0,0.0,7,0,1,6,3,5,1,4,1,2,-0.859,2,4,7,0
5,1,0,3,2,-0.264,0,-1.985,-1.779,-0.765,2,3,5.0,1,-1.422,7,5,5,3,-1.442,0.0,6,0.0,3,0,1,3,4,0,5,5,3,7,-1.544,2,2,2,0
1,7,3,4,7,1.23,0,-0.96,-1.284,2.301,5,1,5.0,3,-0.245,3,3,3,6,4.723,0.0,3,0.0,0,5,2,2,3,7,2,7,1,0,-1.997,6,3,2,0
1,6,1,3,6,1.08,7,-0.023,0.19,0.139,0,2,2.0,4,-2.131,7,0,1,2,0.97,0.0,3,0.0,3,3,3,4,7,6,0,4,1,1,0.61,6,1,7,0
3,0,5,7,4,0.927,7,1.195,1.426,0.749,7,6,0.0,4,-3.91,1,1,6,2,-0.792,0.0,3,0.0,0,3,4,2,7,4,0,1,4,6,1.631,7,5,0,0
4,2,3,0,5,0.269,3,0.233,-0.386,-0.744,3,5,3.0,3,-1.978,2,2,1,5,-1.925,0.0,3,0.0,5,5,7,3,1,4,2,5,5,3,-0.918,6,6,4,0
1,7,4,1,4,-1.319,4,-1.534,-0.427,-0.021,1,3,3.0,1,-1.419,4,5,2,0,-1.722,0.0,6,0.0,0,1,0,3,3,6,3,2,5,1,-1.438,6,5,1,0
1,2,6,1,4,0.025,5,-0.48,-1.166,0.459,2,3,4.0,7,-1.368,0,5,0,2,4.542,0.0,6,0.0,6,6,5,2,4,5,2,5,7,3,-1.223,7,1,6,0
2,1,3,4,7,0.376,2,0.346,0.643,-0.698,6,1,1.0,3,1.608,0,0,3,3,-0.047,0.0,0,0.0,4,3,7,3,7,3,1,7,3,6,1.948,6,2,0,0
5,7,4,2,4,-0.548,3,1.014,-0.079,-0.481,4,3,4.0,7,-0.898,0,2,6,5,0.137,0.0,4,0.0,3,4,4,2,7,0,5,7,6,3,0.251,4,2,6,0
7,6,5,4,0,-1.23,2,-2.749,-2.107,1.0,6,6,5.0,2,-0.517,0,2,5,5,-2.207,0.0,4,0.0,1,3,2,4,4,3,3,5,2,5,-1.864,5,3,7,0
7,0,4,1,1,-0.63,5,0.481,1.775,0.731,1,2,1.0,2,0.239,2,7,6,1,-0.946,0.0,4,0.0,0,0,0,0,6,0,3,3,6,1,-0.57,2,4,1,0
3,7,5,1,2,0.911,3,-1.184,-0.745,0.754,5,2,5.0,6,-1.311,5,5,0,6,0.638,0.0,4,0.0,3,4,2,4,6,3,0,5,4,7,0.654,5,2,7,0
2,5,0,4,7,-2.004,2,-1.778,-0.311,-2.656,7,2,4.0,7,-2.832,7,2,4,0,-4.085,0.0,7,0.0,1,2,5,7,6,0,2,0,4,0,0.388,2,4,2,0
6,4,5,7,1,0.812,5,-0.836,-0.152,0.104,6,5,3.0,2,0.253,7,7,4,3,-0.186,0.0,2,0.0,6,2,2,7,2,6,2,1,6,7,-0.163,1,2,3,0
7,5,1,4,2,0.803,1,1.336,1.574,-0.393,6,7,1.0,0,0.202,4,7,1,3,-1.959,0.0,5,0.0,5,7,2,5,3,7,4,5,4,2,2.922,6,5,6,0
4,0,5,5,2,-1.968,6,-1.36,-0.92,0.552,5,3,4.0,4,0.049,4,3,6,0,1.699,0.0,5,0.0,0,7,2,7,3,4,4,3,1,0,-1.179,4,7,6,0
0,6,2,6,2,-0.276,3,-2.186,-1.157,0.117,3,7,5.0,7,-1.602,2,3,4,5,0.115,0.0,1,0.0,7,3,7,7,4,0,1,0,3,4,-4.896,3,0,7,0
6,4,5,1,2,-0.605,2,2.032,1.738,0.569,1,3,0.0,1,3.453,1,2,6,6,5.758,0.0,6,0.0,6,4,1,1,3,5,5,5,2,4,1.018,6,7,5,0
1,7,4,2,2,-0.054,4,-2.19,-1.17,0.009,0,6,6.0,2,-3.171,7,0,7,4,-2.372,0.0,2,0.0,2,1,2,4,3,7,6,1,0,5,-1.039,7,4,5,0
4,5,5,3,4,0.407,3,1.183,0.331,1.262,4,3,5.0,6,1.739,3,1,2,1,-1.101,0.0,0,0.0,5,5,3,3,0,7,1,5,1,5,-0.312,4,5,6,0
5,7,4,2,5,0.219,0,0.146,-0.393,-0.362,6,4,3.0,5,-1.739,7,6,0,4,-2.849,0.0,7,0.0,3,3,1,4,6,0,6,0,0,4,-2.373,0,4,1,0
5,6,5,3,6,0.068,6,-0.847,0.272,2.12,5,0,4.0,3,0.394,3,3,7,5,0.532,0.0,2,0.0,0,2,2,6,4,2,4,2,2,4,-0.277,4,0,0,0
4,1,7,4,4,1.022,1,1.804,1.114,0.847,5,1,2.0,1,1.52,1,4,4,5,0.103,0.0,0,0.0,7,2,5,3,2,1,2,2,4,3,-1.768,5,5,3,0
2,1,4,2,3,-0.694,2,-1.299,-1.555,-0.17,0,4,5.0,5,-1.268,0,1,5,2,-2.19,0.0,3,0.0,0,5,3,0,4,5,6,6,3,0,-1.898,6,4,7,0
4,1,1,4,7,-1.026,1,-0.121,0.017,-0.99,3,4,4.0,1,-1.308,5,3,0,1,-0.88,0.0,5,0.0,5,1,1,2,1,0,1,5,0,2,0.705,5,3,7,0
1,1,0,0,0,-0.432,0,1.467,2.358,-1.771,7,5,0.0,0,1.365,5,2,2,6,0.559,0.0,6,0.0,5,1,6,1,3,5,3,2,4,4,1.317,2,7,3,0
4,4,5,3,1,-0.806,2,0.865,-0.484,0.995,7,2,4.0,4,-1.099,5,7,4,4,-2.639,0.0,3,0.0,4,5,2,0,2,5,3,3,4,7,2.516,6,2,4,0
1,6,2,4,6,-0.426,3,-0.176,-0.581,0.914,5,5,3.0,2,-2.119,1,2,3,4,-0.737,0.0,5,0.0,6,2,7,7,5,1,0,0,3,0,0.342,6,4,4,0
4,5,4,4,5,0.657,7,-0.369,-0.592,2.14,5,3,5.0,1,0.506,7,2,1,5,0.664,0.0,3,0.0,3,7,2,4,1,7,5,4,5,1,0.334,5,4,7,0
5,3,6,0,5,-0.631,2,-0.299,-0.288,-0.841,6,1,4.0,4,-0.074,7,5,3,0,0.753,0.0,7,0.0,4,5,1,4,6,7,0,7,3,5,-2.211,3,6,5,0
4,1,3,0,0,-0.143,6,0.476,0.305,0.667,2,4,2.0,1,0.846,2,3,2,7,-1.474,0.0,7,0.0,4,6,5,5,5,7,1,5,2,3,2.491,3,7,3,0
2,5,2,5,2,1.447,6,0.86,0.986,-0.812,3,1,2.0,3,1.633,5,5,6,6,1.376,0.0,7,0.0,5,4,4,2,1,3,3,2,4,3,-1.599,0,1,7,0
5,1,3,1,5,-0.369,2,1.414,1.408,0.839,3,5,2.0,6,1.461,0,7,2,4,1.887,0.0,4,0.0,0,0,0,1,0,3,3,3,7,7,3.093,4,2,3,0
1,6,2,6,2,1.417,7,-0.681,-0.082,0.407,5,3,3.0,4,-0.336,4,2,7,1,-3.383,0.0,2,0.0,7,5,2,1,0,1,4,2,2,3,-0.022,2,6,2,0
0,7,4,1,4,0.188,4,-0.422,-0.286,0.807,0,0,3.0,5,0.215,1,4,3,7,1.017,0.0,7,0.0,6,5,4,5,5,6,4,6,1,5,-0.838,5,6,3,0
5,0,6,1,5,-0.391,2,-0.502,-0.916,-0.225,4,5,6.0,3,-3.299,3,5,6,6,-1.491,0.0,5,0.0,0,6,3,0,7,1,4,6,3,5,-1.019,6,2,4,0
2,0,4,3,4,0.265,3,0.784,0.511,-1.602,1,2,2.0,5,-0.274,0,1,0,4,0.72,0.0,7,0.0,1,0,1,4,0,3,6,3,1,4,0.583,6,6,2,0
0,4,2,2,6,-0.246,4,-0.717,-0.203,-0.423,5,0,3.0,0,-0.502,2,0,1,6,-2.109,0.0,4,0.0,1,3,0,1,0,5,2,1,0,5,-1.208,3,1,7,0
6,1,4,2,1,1.36,7,1.268,1.101,-1.223,5,4,2.0,3,3.709,6,3,1,2,-2.354,0.0,6,0.0,2,2,0,3,2,2,2,5,7,5,0.816,6,0,7,0
3,4,0,6,7,-3.193,6,1.076,0.912,-0.795,0,6,2.0,1,-0.561,7,4,4,6,0.919,0.0,6,0.0,7,0,5,7,3,2,2,1,7,2,1.43,3,0,2,0
5,1,2,5,3,0.712,5,1.308,1.118,0.249,1,2,-0.0,5,1.41,2,4,6,4,3.911,0.0,7,0.0,7,3,1,3,7,7,7,2,2,0,1.159,0,5,7,0
5,0,0,3,2,-1.024,1,0.421,0.298,-0.745,3,3,3.0,2,1.657,3,0,1,4,-2.422,0.0,0,0.0,1,5,4,4,5,4,0,4,7,3,0.906,7,3,4,0
1,4,0,5,4,1.92,4,0.998,1.597,2.039,7,2,2.0,0,1.805,3,2,6,3,-0.85,0.0,2,0.0,3,0,6,7,4,3,2,3,4,3,0.843,5,4,0,0
2,1,4,5,7,0.122,5,0.068,-0.647,1.635,2,2,6.0,1,-1.668,7,4,3,3,-1.334,0.0,2,0.0,2,2,0,7,6,1,2,6,4,4,-2.231,2,3,4,0
1,5,4,6,0,1.957,2,-0.394,-0.537,0.108,3,5,5.0,6,-0.505,4,2,6,6,-3.711,0.0,6,0.0,7,1,1,0,3,2,4,4,1,6,1.099,5,4,4,0
6,3,3,0,0,-0.333,1,0.191,0.696,0.228,6,5,1.0,7,3.207,1,7,0,7,-0.656,0.0,7,0.0,6,6,1,0,6,1,3,5,2,4,-0.615,5,5,0,0
4,7,3,1,4,0.839,0,0.193,0.647,1.228,5,1,2.0,5,-1.325,7,0,6,5,0.847,0.0,1,0.0,3,1,4,0,3,7,2,4,5,7,-0.379,6,1,0,0
3,1,4,0,5,-0.986,5,-1.845,-1.537,-1.021,0,4,6.0,5,-1.142,3,0,7,4,-1.118,0.0,3,0.0,1,7,6,3,3,1,6,1,1,0,-0.055,7,2,0,0
6,3,5,7,5,0.165,0,-0.24,-0.834,0.603,7,5,4.0,6,-1.213,2,2,1,1,0.27,0.0,3,0.0,2,6,7,4,4,5,0,5,4,7,-1.922,6,1,3,0
6,5,5,7,6,0.529,4,1.307,0.526,0.834,7,2,2.0,3,0.852,1,0,6,2,2.034,0.0,5,0.0,5,4,0,4,2,6,1,1,4,1,0.085,1,1,5,0
6,0,4,7,1,0.532,1,-0.694,-0.206,2.316,0,7,5.0,7,-1.167,4,6,2,6,-1.226,0.0,3,0.0,7,3,1,1,3,5,4,1,4,4,0.22,5,4,7,0
4,6,7,2,5,1.225,4,0.87,0.704,-0.208,5,7,3.0,6,1.443,5,5,0,2,-2.598,0.0,2,0.0,6,0,0,5,1,6,4,1,0,0,1.32,3,3,2,0
2,6,0,3,5,-0.51,2,0.049,0.85,-2.153,4,2,3.0,7,1.283,6,6,5,7,0.935,0.0,0,0.0,6,3,4,0,2,2,2,2,5,6,1.902,1,2,1,0
4,7,3,7,1,-0.666,2,0.085,-0.293,0.5,0,5,4.0,6,1.75,2,3,4,5,-2.164,0.0,0,0.0,0,3,6,1,7,7,2,3,6,7,-0.811,7,2,5,0
0,0,1,3,3,0.157,3,0.119,1.064,0.252,1,0,2.0,0,2.243,4,1,6,4,3.029,0.0,0,0.0,7,6,4,4,4,3,3,7,0,5,0.971,5,5,4,0
3,5,0,3,5,1.3,1,-0.178,-0.103,-0.875,6,0,4.0,3,1.124,4,1,5,5,-0.742,0.0,0,0.0,1,6,6,0,4,7,2,3,7,7,-0.602,3,0,6,0
6,4,5,0,0,-1.004,4,0.287,0.212,-0.308,0,5,2.0,5,1.109,1,5,4,3,-0.174,0.0,7,0.0,7,5,3,2,0,0,0,2,2,7,-0.746,2,2,3,0
7,3,1,1,0,-0.577,3,-0.053,0.126,-1.907,4,4,2.0,7,2.879,5,5,4,6,-1.37,0.0,1,0.0,6,3,5,2,5,5,5,7,5,2,-0.031,4,6,0,0
2,0,7,3,2,2.278,7,1.365,0.858,-1.297,6,2,3.0,6,2.438,6,1,4,0,-0.369,0.0,6,0.0,5,1,6,3,4,0,6,3,1,3,1.049,6,3,0,0
6,7,1,2,1,0.211,3,0.529,0.443,-0.387,6,3,2.0,3,0.319,3,0,2,6,4.831,0.0,4,0.0,4,2,5,1,1,6,6,4,2,3,2.502,4,2,7,0
0,1,0,0,6,0.27,6,-1.498,0.102,0.428,6,6,5.0,5,-1.41,7,0,7,5,-1.633,0.0,6,0.0,3,2,4,4,3,3,2,6,1,5,-1.367,2,4,7,0
1,6,2,4,1,-0.618,1,-0.84,-0.575,-0.27,6,7,5.0,7,3.363,4,5,1,6,0.075,0.0,6,0.0,2,4,5,3,5,3,1,4,3,2,-2.283,6,4,0,0
2,3,1,0,4,-1.867,0,-0.797,-0.226,-0.986,2,6,2.0,0,-0.443,2,4,4,4,-0.321,0.0,1,0.0,3,6,5,0,2,4,7,1,0,7,-1.189,0,2,0,0
3,5,4,1,6,0.794,7,-0.797,-0.809,-0.08,1,6,6.0,3,-0.055,1,1,2,6,-3.246,0.0,2,0.0,3,0,1,1,4,1,7,4,1,2,-3.258,7,4,6,0
3,4,6,3,2,-1.666,2,-0.527,-0.372,-0.428,3,0,3.0,3,-1.55,2,0,1,3,2.188,0.0,6,0.0,7,4,5,1,6,4,0,3,1,6,-0.191,6,7,6,0
0,2,5,3,2,-0.365,6,-1.184,-0.152,-1.253,0,3,4.0,4,-2.632,3,5,2,6,-4.046,0.0,7,0.0,4,2,5,5,7,7,4,4,5,3,-2.401,3,2,5,0
2,5,7,5,4,-0.902,3,-0.376,-0.03,-2.026,2,6,2.0,2,-1.308,5,5,1,7,0.097,0.0,5,0.0,6,5,4,3,6,4,1,1,0,3,-0.213,0,3,3,0
4,6,2,1,3,0.539,2,2.509,1.562,-2.128,7,3,0.0,1,0.943,0,3,2,4,-0.392,0.0,4,0.0,3,1,6,7,1,2,0,6,6,7,0.868,0,7,6,0
6,3,4,6,7,1.231,4,-1.439,-0.549,1.312,0,4,5.0,5,-0.517,4,0,0,0,-0.303,0.0,2,0.0,7,5,6,1,3,2,7,5,3,3,-0.044,4,5,1,0
5,2,7,6,4,1.231,2,-1.382,-0.924,-0.147,5,7,3.0,5,-2.748,6,6,2,2,-1.676,0.0,5,0.0,5,6,4,1,3,6,6,1,0,1,0.721,7,3,7,0
5,2,0,7,6,-0.63,3,-0.218,-0.515,0.223,4,4,4.0,3,-0.349,2,6,5,0,3.623,0.0,3,0.0,0,5,4,3,6,5,2,2,7,5,-0.359,5,3,0,0
0,4,4,1,6,0.241,4,-0.828,-1.093,0.012,7,7,3.0,0,0.877,6,1,2,7,0.188,0.0,6,0.0,2,3,1,0,4,1,4,2,5,0,0.431,2,0,3,0
7,5,4,2,4,-0.432,4,0.515,0.444,-0.216,2,1,3.0,5,0.338,6,4,4,1,0.047,0.0,1,0.0,7,2,0,7,7,6,1,3,7,7,0.854,4,0,3,0
2,0,5,7,3,1.379,0,-1.736,-1.508,-2.323,3,0,5.0,6,-0.621,2,6,3,1,-0.235,0.0,4,0.0,6,0,3,0,5,4,3,4,4,7,-1.362,1,7,0,0
4,6,0,1,0,-1.441,6,-1.721,-1.13,-2.129,2,3,4.0,1,0.814,1,5,6,0,1.629,0.0,1,0.0,4,6,4,5,1,4,6,4,3,5,-1.998,2,1,4,0
5,2,4,5,1,-0.443,3,-0.245,0.276,-0.719,5,1,2.0,5,3.28,7,2,2,4,3.534,0.0,5,0.0,6,5,0,0,5,2,0,1,1,7,2.036,7,2,2,0
2,0,0,1,0,-0.089,1,1.754,1.624,0.104,0,4,2.0,3,2.001,0,5,5,3,-0.417,0.0,4,0.0,6,0,4,7,5,1,5,6,3,6,0.696,3,0,2,0
5,5,3,6,0,-0.345,5,1.115,1.563,-0.101,4,2,1.0,5,2.255,7,5,4,1,0.61,0.0,4,0.0,1,2,0,0,6,7,7,0,3,4,0.044,6,1,0,0
2,4,4,4,5,1.885,6,-1.1,-0.429,0.081,0,7,4.0,3,-1.291,3,6,6,5,-4.785,0.0,0,0.0,7,7,6,2,3,6,4,3,5,7,-0.116,0,6,7,0
2,5,4,6,1,-1.474,1,0.086,0.047,-0.302,5,7,3.0,6,2.533,6,0,6,3,-1.663,0.0,1,0.0,4,4,1,7,7,3,3,4,3,1,-0.166,4,1,7,0
5,7,1,5,1,0.681,4,0.95,0.635,2.443,7,2,3.0,1,0.081,2,3,6,4,-4.114,0.0,3,0.0,5,7,5,1,1,5,2,4,1,1,-0.081,7,7,6,0
0,5,0,2,1,-1.356,3,1.263,1.555,-1.643,3,1,1.0,6,1.976,3,5,7,6,2.795,0.0,3,0.0,0,2,6,5,6,5,2,2,5,3,1.586,6,0,3,0
3,0,6,5,6,0.014,1,-1.313,-1.939,1.477,0,7,5.0,0,-0.216,1,1,7,5,-1.466,0.0,3,0.0,4,0,0,5,3,3,5,3,6,0,-1.549,2,1,4,0
2,2,6,3,6,0.934,2,-2.225,-1.803,-0.623,7,7,6.0,6,-3.476,5,3,4,0,-3.913,0.0,4,0.0,7,3,2,2,6,5,1,3,2,6,-1.974,7,5,1,0
1,2,3,5,4,0.401,2,0.616,0.046,-0.567,0,0,4.0,4,-0.731,0,5,2,0,0.351,0.0,6,0.0,2,6,0,5,3,2,6,2,0,3,1.644,0,5,4,0
7,2,7,2,5,-0.661,2,-1.205,-0.134,0.504,3,1,5.0,1,1.572,0,4,3,7,2.379,0.0,2,0.0,3,5,7,1,4,2,7,4,2,0,-0.821,2,0,1,0
5,3,1,1,5,0.9,1,1.53,1.221,-0.029,4,6,2.0,4,-1.305,6,2,5,4,3.659,0.0,1,0.0,5,7,5,2,7,7,7,7,6,4,0.97,1,1,2,0
4,1,5,1,4,-1.036,7,-1.993,-1.874,0.295,1,0,6.0,3,-4.622,0,4,7,5,1.786,0.0,0,0.0,3,0,2,6,1,2,4,4,6,6,-1.337,3,5,1,0
5,7,2,6,6,0.624,7,-1.73,-0.424,1.221,5,4,5.0,6,-0.073,4,6,3,4,-3.286,0.0,1,0.0,0,2,4,2,5,5,1,0,6,7,0.349,2,5,0,0
6,4,1,1,4,0.649,0,1.81,1.562,0.342,1,5,1.0,7,2.168,0,5,7,4,-2.465,0.0,0,0.0,3,1,6,3,2,1,6,6,2,3,2.473,7,1,4,0
2,2,2,2,5,0.361,5,1.691,1.647,-2.37,5,5,1.0,1,-2.266,5,4,0,6,-2.078,0.0,5,0.0,2,0,5,1,7,3,7,7,7,0,2.138,7,0,6,0
3,1,7,7,1,1.24,6,-0.25,0.844,-2.285,7,4,2.0,2,3.131,4,3,6,3,5.971,0.0,1,0.0,2,1,6,5,5,1,1,3,2,1,0.893,1,4,1,0
5,7,7,4,5,-0.362,6,-0.404,-0.469,-0.272,3,5,3.0,1,-1.068,2,4,3,4,-2.692,0.0,6,0.0,6,1,7,7,2,2,1,7,1,6,-1.886,6,7,2,0
2,1,2,0,5,0.816,3,-0.963,-1.148,1.216,4,6,4.0,0,-2.775,3,0,0,6,0.808,0.0,0,0.0,4,6,7,4,3,5,4,3,2,2,0.066,6,2,3,0
1,1,0,1,3,0.805,2,-0.96,-1.229,0.748,5,7,5.0,3,-3.119,3,5,7,1,0.947,0.0,6,0.0,5,3,5,6,7,0,5,1,1,4,-2.757,5,4,1,0
0,1,1,5,7,-0.154,7,-1.338,-1.227,-1.467,1,4,5.0,0,-1.035,5,4,1,4,-0.28,0.0,7,0.0,0,5,6,3,1,2,4,2,1,2,-0.411,6,1,2,0
6,4,7,1,2,0.426,1,-1.166,-2.084,0.757,0,7,5.0,6,-0.626,5,5,7,1,0.738,0.0,6,0.0,7,4,1,1,4,4,4,5,5,5,-2.492,3,3,5,0
2,1,7,2,2,1.101,6,-1.194,-1.232,-0.875,5,4,6.0,2,-2.563,7,4,5,7,-2.637,0.0,7,0.0,6,4,6,6,0,0,7,6,5,3,-2.118,6,5,0,0
2,4,3,4,4,0.614,4,-0.275,-0.997,0.581,7,4,3.0,1,-0.085,6,3,1,5,-1.02,0.0,5,0.0,2,7,1,4,0,3,5,7,6,7,-0.639,4,6,6,0
6,2,0,7,4,0.436,0,3.216,3.506,-0.747,2,2,0.0,4,2.007,5,6,4,1,6.339,0.0,2,0.0,5,1,1,1,2,2,5,5,7,4,5.679,2,2,1,0
3,3,0,7,0,0.249,7,0.321,-0.041,0.251,2,0,5.0,7,-0.915,3,1,4,2,2.79,0.0,3,0.0,0,0,5,0,7,4,1,2,2,3,0.501,2,4,0,0
5,2,0,1,5,-0.161,4,2.068,2.169,-0.15,4,4,1.0,4,1.667,7,0,4,7,5.327,0.0,1,0.0,0,2,7,6,2,5,4,2,0,6,2.653,2,0,7,0
7,6,5,0,7,0.889,0,-0.977,-1.366,-0.61,2,3,5.0,0,-2.011,0,5,1,6,-4.486,0.0,0,0.0,4,5,6,5,3,4,7,4,2,1,-1.621,0,3,7,0
4,6,2,5,7,0.974,6,0.069,0.422,0.786,1,7,3.0,4,1.104,1,6,3,5,-2.695,0.0,3,0.0,1,5,3,0,4,5,1,7,4,5,0.661,5,4,3,0
5,6,5,0,2,0.085,3,0.671,0.456,0.528,7,2,1.0,6,1.33,1,7,1,6,-0.979,0.0,1,0.0,4,2,2,5,4,5,4,2,3,4,-1.756,0,3,1,0
6,5,4,4,4,-0.137,7,1.802,1.585,-0.029,7,7,2.0,5,-1.186,7,1,7,5,3.347,0.0,6,0.0,2,4,2,7,5,2,3,5,4,7,0.011,6,6,2,0
1,1,6,5,7,2.064,7,1.373,1.146,1.002,3,5,1.0,5,1.541,3,7,4,4,0.399,0.0,3,0.0,6,5,2,5,7,0,3,3,4,7,2.028,6,5,1,0
0,6,6,3,3,0.928,5,0.63,0.947,0.113,0,1,2.0,6,1.067,5,3,3,2,-0.172,0.0,5,0.0,1,6,5,3,3,2,3,0,7,4,-0.968,5,1,5,0
6,5,0,1,4,0.396,5,-0.293,-0.048,0.039,3,3,4.0,1,-0.969,5,0,7,7,-4.29,0.0,0,0.0,5,1,0,6,5,6,3,1,0,4,1.001,6,6,1,0
3,5,4,6,7,-0.34,0,-0.422,0.274,0.935,2,2,2.0,4,0.566,1,1,4,3,-2.493,0.0,0,0.0,7,4,0,0,4,2,4,0,3,7,0.207,6,4,0,0
6,4,3,7,1,-1.426,4,0.03,-0.744,-1.1,5,4,4.0,7,-1.457,7,1,5,3,-2.866,0.0,2,0.0,3,2,0,0,5,7,4,5,1,6,-2.352,3,5,1,0
5,1,2,6,5,0.775,3,0.081,-0.637,1.285,2,6,5.0,5,1.154,0,5,3,0,3.24,0.0,1,0.0,2,3,5,4,4,4,4,5,5,1,-0.035,4,1,6,0
7,7,0,3,0,0.172,4,-1.284,-1.499,-0.967,6,6,5.0,1,-2.989,0,5,1,6,-5.932,0.0,4,0.0,3,2,2,7,0,0,6,5,3,6,0.389,3,4,3,0
3,6,4,0,6,-0.245,0,-0.231,-1.123,-1.357,3,5,5.0,3,0.001,2,6,7,3,-2.913,0.0,0,0.0,3,1,5,7,5,3,7,5,5,6,-0.538,5,4,3,0
0,5,6,4,1,-0.945,6,-1.795,-0.856,1.37,6,6,5.0,7,-2.982,4,2,3,0,-2.697,0.0,2,0.0,0,0,4,0,2,4,2,0,1,2,-1.351,2,1,7,0
3,4,0,4,0,1.222,1,0.781,0.051,0.2,4,7,3.0,7,0.457,3,7,4,4,-2.12,0.0,3,0.0,0,2,5,6,3,5,0,3,5,7,1.329,3,4,3,0
1,0,5,4,3,-0.72,1,0.423,0.631,0.495,3,1,2.0,1,-0.19,2,4,7,1,3.291,0.0,7,0.0,1,6,4,0,6,5,3,2,3,6,0.85,2,1,7,0
3,7,5,5,7,0.796,5,-1.26,-0.373,0.54,5,1,3.0,5,0.116,6,7,0,3,-4.501,0.0,1,0.0,5,6,2,7,3,3,4,2,7,4,1.224,1,0,3,0
0,1,0,7,4,-0.089,3,-0.492,-0.104,1.087,7,4,2.0,5,0.162,5,2,6,6,1.706,0.0,1,0.0,5,1,5,7,0,1,1,0,6,7,0.036,5,4,4,0
7,5,2,7,6,0.718,6,0.145,-0.805,1.182,5,2,3.0,6,1.53,7,7,1,3,1.062,0.0,2,0.0,1,3,6,5,5,0,7,0,0,1,-1.049,1,7,7,0
7,5,5,4,1,0.456,7,0.246,0.4,0.401,1,4,2.0,3,-0.742,2,0,6,0,0.27,0.0,3,0.0,7,5,7,3,6,7,3,6,7,0,1.504,3,6,7,0
6,5,4,3,4,-0.944,5,-0.183,-1.066,-1.214,5,6,4.0,7,-0.177,4,6,2,3,-2.983,0.0,0,0.0,1,7,4,6,6,0,5,6,4,6,-0.795,7,4,4,0
0,5,2,6,2,0.236,7,-1.506,-0.629,0.515,5,1,3.0,1,-0.726,3,5,1,2,-2.672,0.0,3,0.0,4,2,7,7,0,6,1,6,0,3,-0.659,7,2,5,0
7,7,1,4,7,-0.285,1,-1.623,-0.97,0.093,5,6,5.0,3,1.6,6,7,1,6,-0.452,0.0,6,0.0,4,6,5,0,5,0,5,6,0,1,-1.475,6,2,1,0
1,0,0,3,6,0.208,1,0.036,0.267,0.321,1,6,4.0,2,-2.226,5,3,6,7,-0.183,0.0,3,0.0,4,5,2,7,6,2,4,7,7,6,-0.608,2,7,0,0
5,1,0,0,4,0.524,7,-1.021,-0.857,0.443,6,4,5.0,4,-2.695,3,3,7,2,-0.954,0.0,2,0.0,5,2,2,3,4,3,3,3,7,4,-2.899,1,4,0,0
1,1,2,4,7,-0.386,7,-1.228,-0.845,-1.575,2,6,5.0,4,-1.405,4,1,2,0,-3.884,0.0,3,0.0,0,4,7,3,4,0,3,2,5,7,-1.598,2,6,1,0
4,3,0,1,2,1.567,4,-0.403,-0.232,1.693,1,2,4.0,6,-1.56,0,2,0,4,4.867,0.0,0,0.0,5,4,3,5,5,3,2,7,3,3,0.022,6,2,7,0
5,5,6,6,7,1.566,3,-1.021,-1.08,-0.11,4,7,6.0,3,-0.445,2,1,1,6,-0.113,0.0,1,0.0,2,7,3,6,3,7,4,0,7,7,-0.495,3,4,2,0
7,2,0,2,1,-0.321,4,1.622,0.931,-0.043,0,3,2.0,7,-0.476,3,5,4,3,-0.359,0.0,3,0.0,6,3,0,2,4,0,7,0,6,5,2.487,7,1,2,0
2,2,0,2,3,0.811,6,-1.728,-1.319,0.302,1,7,6.0,7,-0.633,5,0,5,7,2.534,0.0,5,0.0,0,4,2,5,2,1,7,4,3,7,-0.905,5,5,1,0
3,3,6,1,7,-0.594,1,-0.856,-0.569,-0.619,3,3,4.0,4,-0.542,7,4,5,7,0.956,0.0,7,0.0,2,6,4,2,1,5,0,5,1,2,-0.606,4,3,5,0
1,6,2,7,5,-1.751,4,0.179,-0.363,1.353,0,7,4.0,6,-0.512,0,4,6,6,1.755,0.0,7,0.0,7,6,6,5,0,2,7,0,4,7,1.637,7,7,7,0
5,6,1,4,1,0.699,4,0.016,-0.185,-0.661,5,7,3.0,3,-1.119,4,1,2,2,0.324,0.0,1,0.0,1,2,2,2,3,1,2,7,0,7,-1.548,7,5,2,0
7,4,4,3,4,-1.396,6,0.739,0.804,-0.437,2,6,3.0,2,0.632,6,2,7,3,2.493,0.0,5,0.0,1,7,1,6,2,2,6,2,3,7,0.842,6,7,2,0
7,2,3,1,5,-1.583,6,-1.087,-0.589,-1.206,0,7,4.0,6,-4.488,4,7,2,5,0.65,0.0,0,0.0,6,0,2,4,1,1,6,5,2,1,-0.713,0,6,6,0
5,3,4,4,0,-0.165,7,0.94,0.546,-2.949,1,6,3.0,4,-3.535,4,6,0,0,-1.618,0.0,6,0.0,2,7,5,1,6,7,1,6,0,1,0.652,2,7,7,0
0,7,4,1,4,-0.562,2,-2.302,-2.151,-0.465,0,4,5.0,2,-0.997,4,0,7,2,-0.234,0.0,4,0.0,1,4,4,0,7,4,6,6,7,2,-1.979,3,5,2,0
4,3,3,6,0,1.096,3,0.374,0.254,0.738,2,7,1.0,3,0.248,5,1,3,1,1.971,0.0,5,0.0,4,7,2,6,5,6,2,5,4,0,-1.484,4,7,4,0
5,7,5,7,2,0.905,0,-0.781,-0.539,-1.823,6,0,4.0,5,-0.87,5,3,2,2,-0.084,0.0,3,0.0,1,3,2,4,3,7,4,4,4,1,-1.825,3,2,6,0
2,5,5,5,5,0.491,7,-1.428,-1.08,-0.38,4,7,4.0,7,-2.427,4,7,4,3,0.376,0.0,7,0.0,1,0,3,4,6,3,6,0,5,1,-2.377,5,0,3,0
0,4,1,7,2,0.438,6,-0.76,-1.24,0.74,6,5,4.0,0,1.207,6,2,3,7,-3.076,0.0,7,0.0,4,1,6,5,4,5,5,1,1,5,0.225,6,0,1,0
7,3,3,6,5,1.389,4,0.702,0.345,-1.361,7,4,3.0,3,0.976,5,4,2,0,-0.868,0.0,7,0.0,5,0,2,4,2,0,7,3,1,6,1.021,1,4,4,0
2,0,3,6,3,-0.986,4,-0.014,0.261,0.396,0,1,4.0,3,2.876,4,4,3,3,4.926,0.0,4,0.0,4,1,7,0,1,4,4,7,3,2,0.582,5,1,1,0
3,2,5,7,1,2.036,5,-0.029,-0.122,-1.527,0,5,3.0,2,0.406,2,0,1,7,0.109,0.0,0,0.0,4,3,1,2,7,3,7,4,5,3,0.25,1,5,3,0
0,0,5,0,2,-0.749,1,0.666,0.231,-1.313,2,2,3.0,0,1.174,7,3,4,4,0.192,0.0,0,0.0,2,1,7,7,7,6,1,0,7,1,1.587,2,1,7,0
7,1,6,7,6,0.622,1,-2.31,-1.818,2.289,0,6,8.0,1,-4.132,7,4,4,3,-0.39,0.0,6,435.8,0,5,0,2,5,1,2,2,4,5,-1.063,0,0,4,1
3,1,2,1,7,-0.919,3,-0.711,0.095,-0.011,3,6,2.0,1,1.16,2,2,5,6,0.144,0.0,3,0.0,1,7,1,0,6,3,7,0,7,0,1.343,1,2,7,0
7,3,1,2,4,-0.988,6,0.879,0.26,-0.6,2,6,2.0,7,0.728,7,0,6,7,-1.864,0.0,4,0.0,6,5,6,3,5,1,0,7,2,4,-0.263,5,7,7,0
0,4,7,7,2,-2.026,5,0.288,-0.676,2.206,0,4,3.0,1,-2.88,3,3,3,7,-0.725,0.0,5,0.0,0,4,4,3,2,2,4,1,6,5,-0.564,6,7,6,0
4,4,4,4,2,-0.391,7,0.031,-0.075,0.285,1,1,3.0,2,1.773,7,0,7,7,-3.734,0.0,3,0.0,2,4,6,6,3,7,1,0,3,0,0.275,6,3,3,0
5,2,3,0,3,-0.628,5,-0.889,-0.555,0.234,1,4,5.0,7,-0.841,0,0,1,3,2.601,0.0,4,0.0,7,6,3,4,5,6,5,4,3,6,0.457,0,4,0,0
1,0,4,7,7,-1.606,7,-0.129,0.207,1.205,4,1,4.0,7,-0.978,6,4,5,2,-0.049,0.0,5,0.0,4,6,1,7,1,1,7,7,6,5,0.427,0,0,6,0
1,5,6,3,4,0.555,0,0.956,1.189,0.718,0,3,1.0,4,1.92,7,4,1,2,-3.155,0.0,3,0.0,0,3,0,2,6,3,6,1,3,4,1.935,1,3,5,0
7,1,5,6,7,-0.175,4,-0.089,0.108,-1.236,1,3,3.0,4,2.859,2,0,3,0,0.792,0.0,4,0.0,1,2,1,3,1,3,0,3,3,4,0.765,0,5,5,0
1,3,7,5,4,1.394,2,-0.879,-0.707,-1.163,7,3,6.0,1,1.776,4,6,0,2,-2.325,0.0,1,0.0,0,6,5,2,2,6,4,6,6,4,-1.587,6,6,6,0
2,0,3,2,2,-0.916,0,-0.269,0.214,-1.136,6,7,3.0,5,-0.48,2,0,0,3,-0.634,0.0,0,0.0,2,5,4,7,1,5,7,3,5,3,0.54,5,6,7,0
5,0,6,2,7,1.039,0,-0.817,-1.612,0.707,2,5,5.0,6,-2.206,2,4,1,1,1.671,0.0,6,0.0,5,3,4,1,7,0,2,4,1,7,-2.68,5,7,6,0
3,4,2,1,0,0.138,6,0.786,0.6,0.232,1,6,3.0,3,-0.56,7,2,0,6,0.739,0.0,7,0.0,2,5,2,7,3,1,6,7,0,6,0.26,7,5,7,0
4,4,3,1,4,1.795,0,0.74,-0.014,0.595,3,7,2.0,5,-0.086,3,1,0,2,-0.302,0.0,0,0.0,6,3,2,3,3,0,6,2,4,3,-0.666,5,7,4,0
2,4,0,5,4,0.332,1,-0.021,-0.186,0.15,7,5,5.0,2,-1.133,4,1,2,3,0.185,0.0,2,0.0,0,5,6,3,2,6,7,1,0,3,0.047,2,0,3,0
1,2,1,7,0,0.657,1,-0.803,-1.573,-0.101,1,7,5.0,2,-0.043,0,6,6,3,-1.366,0.0,7,0.0,5,3,4,7,4,6,3,4,4,1,-0.297,4,2,3,0
5,3,6,7,0,-0.929,5,0.535,0.699,0.314,1,0,2.0,5,2.258,2,6,7,0,0.624,0.0,7,0.0,2,2,4,6,3,2,5,1,0,4,0.375,6,0,0,0
2,4,5,1,2,0.857,3,-1.42,-0.683,0.209,3,0,5.0,0,-2.368,3,3,7,7,0.935,0.0,6,0.0,1,0,3,5,6,4,5,1,0,1,0.144,2,1,5,0
5,0,3,1,4,-0.24,5,0.435,-0.045,-2.051,0,1,1.0,6,0.139,2,6,5,4,-5.13,0.0,2,0.0,4,7,1,0,3,4,0,7,5,2,-0.046,1,1,7,0
1,0,0,7,3,-0.046,4,0.057,0.315,-1.263,5,3,4.0,3,0.185,0,0,5,6,0.751,0.0,4,0.0,5,6,4,1,0,0,2,1,1,0,1.269,0,4,4,0
6,5,7,0,7,0.115,0,0.544,0.182,-1.842,1,1,2.0,4,0.536,1,2,3,5,3.121,0.0,7,0.0,2,7,1,7,6,6,7,0,6,6,0.969,3,2,5,0
5,6,5,7,1,0.842,4,0.29,0.333,-0.092,0,0,3.0,2,-2.081,0,0,6,0,4.1,0.0,2,0.0,2,0,4,1,7,6,5,7,3,2,0.707,3,1,5,0
3,3,4,5,2,0.893,3,1.322,1.082,0.312,3,6,1.0,2,1.823,1,5,6,2,-0.591,0.0,0,0.0,3,6,2,0,0,2,7,4,6,1,1.798,7,6,0,0
2,3,4,7,5,-0.021,6,1.553,1.553,1.447,1,0,2.0,1,0.134,6,5,1,3,-1.327,0.0,1,0.0,1,4,2,4,6,2,4,1,4,7,0.607,2,5,1,0
4,0,1,6,5,-1.024,2,0.733,0.389,-0.252,3,3,3.0,6,2.411,3,5,4,7,-5.654,0.0,2,0.0,6,5,3,0,1,5,3,4,4,1,0.762,4,1,2,0
3,3,7,1,1,0.268,7,-0.218,0.39,1.778,7,4,4.0,3,0.797,5,1,7,0,-1.019,0.0,0,0.0,5,3,3,6,1,0,7,1,6,5,1.074,4,1,0,0
6,2,3,5,0,0.138,0,-1.299,-1.333,0.765,1,7,5.0,2,-4.595,4,3,1,7,-2.331,0.0,5,0.0,5,2,7,5,0,3,5,7,2,4,0.847,7,3,5,0
5,7,4,7,0,1.392,7,-0.842,-1.755,0.159,4,7,5.0,2,-4.323,6,3,4,3,-1.369,0.0,6,0.0,1,2,4,1,4,3,3,7,6,6,-2.908,0,6,1,0
7,6,6,3,6,-2.062,6,0.374,0.45,1.082,4,4,5.0,1,-2.186,2,7,5,4,2.198,0.0,3,0.0,7,3,4,3,5,6,0,2,0,6,1.293,0,4,2,0
5,6,3,3,4,0.204,7,0.349,0.712,-0.646,3,2,2.0,1,-0.611,0,4,0,1,4.542,0.0,4,0.0,5,5,3,5,6,2,5,6,7,2,2.468,7,5,1,0
5,4,5,5,2,0.687,6,-0.323,0.424,-2.035,3,4,4.0,5,3.276,1,6,5,5,-0.868,0.0,1,0.0,6,4,1,6,3,7,5,1,7,7,0.555,2,2,5,0
6,5,0,6,3,-0.602,2,0.737,1.388,-1.921,1,3,1.0,7,-0.256,4,7,6,7,-0.626,0.0,2,0.0,4,4,1,4,1,1,2,3,3,6,0.868,6,0,1,0
6,4,6,6,3,-0.356,2,2.272,3.278,0.603,2,4,0.0,7,1.56,1,0,3,7,-2.086,0.0,1,0.0,1,0,1,3,5,5,7,5,6,0,3.834,3,4,1,0
3,3,3,5,5,-0.138,1,-0.125,-0.117,-1.526,7,4,3.0,2,1.138,7,0,5,2,-2.413,0.0,4,0.0,7,0,2,0,2,7,1,3,1,5,0.26,6,6,4,0
1,0,4,6,6,-0.257,7,-2.229,-1.875,-1.467,4,5,5.0,7,-0.51,7,2,5,0,-2.511,0.0,6,0.0,1,5,1,2,4,6,1,2,1,2,-2.201,4,4,1,0
0,7,1,7,5,-0.759,4,-0.13,0.278,-1.574,2,1,3.0,3,-0.404,7,3,2,2,0.46,0.0,3,0.0,5,3,0,7,5,6,6,5,6,6,0.334,5,0,2,0
7,3,0,1,0,0.135,0,-0.097,-0.709,-0.445,3,6,3.0,5,2.851,4,4,5,5,-1.473,0.0,0,0.0,1,7,3,0,7,1,2,7,0,4,-0.598,4,2,4,0
1,4,1,5,4,-0.713,5,0.847,0.428,-0.021,0,3,3.0,1,1.48,6,2,4,5,0.328,0.0,4,0.0,0,4,2,2,3,4,7,6,2,1,0.187,3,4,5,0
1,3,3,2,0,0.132,2,-0.138,-0.49,-0.518,2,6,4.0,0,2.075,4,4,2,1,0.278,0.0,1,0.0,5,4,2,2,3,5,2,3,4,6,0.267,4,6,5,0
3,5,5,5,5,1.106,7,1.394,1.647,-1.447,5,5,1.0,2,1.843,3,1,5,4,5.994,0.0,3,0.0,4,2,0,1,4,0,6,7,2,7,2.184,7,4,7,0
3,1,6,5,0,-0.968,5,0.56,-0.438,0.308,5,5,4.0,4,-1.139,3,6,4,3,-0.151,0.0,7,0.0,4,4,5,6,5,4,1,2,4,2,1.035,3,1,5,0
3,7,4,1,1,-3.832,2,0.546,1.116,-0.982,4,7,1.0,0,1.444,0,0,3,4,-0.129,0.0,2,0.0,1,5,4,5,1,3,2,0,2,5,0.712,5,6,3,0
7,1,1,2,3,1.398,5,0.359,0.678,-0.503,6,6,2.0,5,0.151,7,3,2,5,-7.764,0.0,1,0.0,7,6,7,7,2,4,1,7,2,3,0.084,6,2,3,0
6,4,3,2,6,-0.223,4,0.462,-1.222,-0.558,0,2,4.0,1,0.377,5,4,1,0,-2.445,0.0,7,0.0,2,6,5,5,0,5,6,2,7,3,0.026,1,5,1,0
6,5,7,4,6,-1.671,1,0.649,-0.87,0.011,0,7,4.0,2,-3.171,6,6,0,1,-1.744,0.0,0,0.0,2,0,7,6,4,4,6,2,4,0,-0.853,3,3,6,0
1,2,6,5,3,0.674,0,1.157,0.72,-0.396,2,5,3.0,7,-1.67,2,5,6,2,0.773,0.0,2,0.0,0,4,0,4,3,5,6,7,0,7,1.383,2,0,4,0
6,3,5,1,7,-0.252,1,0.178,-0.324,1.248,0,1,3.0,4,-0.622,3,5,4,4,4.635,0.0,3,0.0,3,6,1,3,2,6,0,4,2,0,1.07,7,1,1,0
3,0,1,0,3,1.606,1,1.491,1.384,0.716,4,0,-0.0,4,2.407,0,6,4,3,-2.743,0.0,3,0.0,2,0,0,1,3,4,3,6,6,3,1.081,7,4,5,0
3,3,0,1,4,-0.163,2,0.319,-0.59,-0.855,2,7,4.0,6,0.082,5,6,6,1,-0.718,0.0,7,0.0,3,3,1,7,1,4,7,2,7,3,0.563,6,5,5,0
0,0,4,5,0,-0.424,0,-0.392,-0.434,-1.081,7,5,4.0,2,0.292,2,1,7,4,-2.964,0.0,3,0.0,5,5,4,7,5,6,2,5,0,1,-1.137,1,7,7,0
4,6,6,5,6,-0.745,6,-0.472,-0.635,2.144,5,4,3.0,3,-0.319,3,6,7,2,2.074,0.0,0,0.0,6,3,2,6,1,5,5,0,5,6,0.861,7,4,4,0
4,1,0,6,7,1.306,4,-1.117,-1.065,0.831,5,2,4.0,3,-1.008,6,0,0,4,-0.833,0.0,7,0.0,3,3,0,1,2,5,3,2,7,6,-1.812,2,0,6,0
4,7,4,0,6,0.235,3,-1.922,-2.46,0.354,6,1,6.0,0,-0.358,3,3,1,0,2.204,0.0,4,0.0,0,1,6,3,2,3,0,2,7,7,-3.417,2,5,1,0
7,2,7,6,4,0.145,7,0.788,0.585,1.186,0,5,3.0,5,1.257,1,0,4,3,-0.633,0.0,7,0.0,6,5,2,6,1,3,7,7,6,7,-0.061,0,0,2,0
6,3,0,1,2,0.707,2,-0.452,-0.56,-1.076,1,1,3.0,1,-2.171,3,2,3,0,0.617,0.0,1,0.0,7,3,2,0,5,2,5,4,5,7,0.508,2,0,3,0
7,7,3,0,0,0.637,2,0.652,1.674,-1.757,6,5,2.0,7,2.201,3,4,2,3,-0.256,0.0,7,0.0,6,6,6,2,7,3,3,7,0,0,-0.01,6,6,1,0
6,2,3,1,5,-0.675,3,0.311,0.211,-1.475,7,6,2.0,1,-2.628,4,7,6,1,1.233,0.0,2,0.0,3,4,5,3,7,2,2,5,2,3,0.926,1,6,7,0
4,6,1,0,1,2.486,4,-0.588,-0.377,-0.623,0,1,4.0,7,1.936,0,6,1,5,0.03,0.0,0,0.0,2,3,7,7,1,4,4,5,6,0,1.079,5,6,7,0
6,1,1,4,4,-0.224,6,-0.12,-0.376,0.746,2,5,5.0,1,-1.375,4,3,4,7,1.026,0.0,6,0.0,4,1,3,0,7,6,6,3,3,3,-0.719,6,2,0,0
2,2,3,0,1,1.199,0,-0.238,-0.973,-0.222,4,1,5.0,5,-1.745,2,5,3,7,1.035,0.0,6,0.0,6,1,6,1,2,6,4,0,6,3,-0.447,2,4,1,0
3,1,7,1,3,1.461,5,0.415,0.663,-0.188,3,7,3.0,1,0.906,2,4,3,2,3.698,0.0,3,0.0,0,1,2,3,0,7,0,0,1,0,0.893,3,1,3,0
2,6,5,5,5,-1.421,6,-0.122,-0.315,1.374,5,0,1.0,4,3.692,2,7,1,0,0.729,0.0,0,0.0,6,5,7,7,6,7,4,5,2,0,0.474,4,0,1,0
2,5,3,2,5,0.047,2,0.931,1.15,1.037,4,2,4.0,6,0.343,5,1,1,0,-1.225,0.0,7,0.0,6,0,2,6,1,2,5,0,7,7,2.748,2,2,5,0
7,6,0,1,6,-0.191,6,1.543,1.677,-0.093,4,1,2.0,2,1.833,6,1,4,7,3.484,0.0,4,0.0,4,2,0,5,6,2,3,0,5,1,3.466,5,0,7,0
2,5,6,5,6,-0.514,7,-0.151,-0.218,-0.005,6,2,3.0,4,-0.317,3,0,7,5,-0.307,0.0,6,0.0,6,0,4,3,3,0,3,6,7,1,-0.155,3,0,6,0
4,1,3,4,3,0.757,2,0.432,-0.15,-1.18,4,7,2.0,3,-0.488,3,0,1,4,1.129,0.0,3,0.0,6,3,3,1,2,0,2,4,0,0,0.233,3,3,1,0
3,1,2,0,4,0.116,6,1.681,0.855,0.891,3,1,1.0,1,0.704,0,3,0,3,0.02,0.0,5,0.0,0,5,7,4,1,2,4,0,7,6,0.801,0,2,3,0
6,7,3,1,2,-0.689,2,-0.36,0.448,-0.794,1,5,2.0,0,-0.383,0,6,4,1,-1.121,0.0,3,0.0,1,6,1,2,0,4,3,1,5,7,-0.569,6,0,3,0
7,1,1,5,0,-0.057,5,-1.923,-1.015,0.456,3,3,3.0,7,1.284,0,4,2,4,-4.382,0.0,6,0.0,5,1,6,5,7,5,4,0,2,1,1.786,3,4,7,0
4,6,1,7,7,1.403,0,0.679,1.021,-0.398,0,7,2.0,4,1.38,6,5,1,7,3.419,0.0,5,0.0,2,4,5,4,7,6,1,5,3,1,0.359,5,3,2,0
1,0,0,2,6,-0.66,1,0.577,-0.341,-1.686,5,2,3.0,7,-0.341,6,3,1,1,-0.658,0.0,1,0.0,2,3,7,1,0,5,4,0,3,4,1.182,7,2,1,0
7,4,6,2,5,0.406,1,0.14,-0.666,-0.497,2,3,4.0,6,1.879,2,4,1,4,-0.557,0.0,4,0.0,2,6,1,2,2,2,1,3,7,7,0.017,0,7,7,0
5,4,0,3,5,-1.046,6,0.73,0.528,0.404,4,7,4.0,5,-2.098,6,5,0,7,-2.018,0.0,7,0.0,1,0,6,7,0,2,3,3,6,2,-0.034,2,6,7,0
0,1,4,5,3,-1.0,6,-0.173,0.056,1.572,0,1,4.0,5,2.598,1,7,6,3,3.013,0.0,1,0.0,7,4,6,1,0,4,7,1,5,3,-0.946,7,7,6,0
3,1,1,4,5,-0.382,2,-2.07,-1.447,-0.99,3,1,4.0,0,-0.291,0,3,4,5,-4.659,0.0,5,0.0,6,0,2,4,4,5,6,3,0,5,-1.723,1,2,0,0
0,2,6,6,3,-1.392,3,0.45,-0.086,-0.896,6,2,3.0,0,1.412,0,4,7,1,1.773,0.0,4,0.0,1,3,2,3,4,1,2,1,2,0,-0.963,7,3,2,0
5,0,4,7,0,-0.266,0,-1.464,-1.492,-0.269,6,5,6.0,5,-2.724,1,6,4,0,4.113,0.0,2,0.0,1,1,5,6,5,1,3,2,7,4,-0.94,1,4,6,0
7,7,4,7,3,0.808,1,0.31,0.629,-0.055,5,0,1.0,2,-1.601,2,2,0,7,1.815,0.0,4,0.0,2,5,3,5,2,6,5,0,7,2,2.851,2,1,6,0
3,4,1,4,5,0.01,1,-2.765,-2.82,2.022,3,2,7.0,2,-5.928,1,3,6,2,0.786,92.29,4,299.3,7,4,4,2,7,5,5,0,6,2,-1.903,4,3,4,1
4,3,7,7,0,-0.898,3,-0.1,0.775,0.689,1,3,2.0,7,-2.15,4,4,3,6,0.887,0.0,0,0.0,0,7,7,5,1,6,5,0,2,6,-0.208,5,7,2,0
5,6,1,6,5,2.427,1,1.305,1.621,-1.536,5,4,1.0,7,3.572,7,4,4,5,0.488,0.0,4,0.0,7,1,4,2,4,5,7,4,2,4,-0.08,7,4,4,0
0,7,0,5,3,-0.71,0,-0.496,-0.141,0.72,1,6,2.0,3,1.637,0,6,7,0,1.802,0.0,3,0.0,6,2,5,0,0,0,0,3,0,5,-0.453,0,2,3,0
1,7,1,0,5,-1.809,4,0.604,0.817,-0.105,2,4,3.0,6,-3.732,5,3,4,7,2.724,0.0,6,0.0,1,2,2,1,6,2,2,6,1,5,-0.003,6,4,4,0
5,5,0,3,0,0.441,2,0.426,0.695,-1.725,2,3,3.0,2,1.144,3,7,7,5,-1.885,0.0,0,0.0,7,4,4,7,3,3,7,5,6,0,2.091,1,2,4,0
3,2,7,2,6,-0.449,3,0.844,-0.37,0.842,3,5,3.0,5,1.902,6,7,1,7,-2.053,0.0,0,0.0,4,3,3,0,0,5,6,7,3,7,-0.073,4,4,0,0
3,5,7,5,1,-0.236,1,0.472,0.106,0.456,3,3,3.0,7,2.606,3,3,7,6,1.632,0.0,2,0.0,3,7,1,1,4,6,3,0,1,0,-1.806,4,1,2,0
2,5,2,5,6,0.639,3,1.518,1.126,0.983,3,7,1.0,5,0.424,4,2,3,5,0.215,0.0,3,0.0,4,2,4,6,4,3,0,3,6,1,1.233,3,5,6,0
0,2,3,4,1,0.241,4,-0.9,-0.488,-0.587,7,2,4.0,2,-2.433,0,4,1,2,2.542,0.0,4,0.0,6,1,3,4,0,4,1,4,5,7,-0.726,5,7,6,0
2,0,0,7,3,-0.64,1,-0.297,0.068,-0.372,1,7,5.0,6,-0.553,7,3,1,7,-1.075,0.0,6,0.0,3,6,5,0,3,4,6,3,1,3,-0.835,2,4,3,0
5,5,5,4,2,-1.24,6,0.946,-0.244,2.133,5,0,3.0,3,-0.702,2,2,7,3,-0.73,0.0,0,0.0,2,4,2,5,5,1,7,4,0,1,0.551,2,6,2,0
1,2,2,5,0,-1.179,5,-1.542,-1.395,0.471,5,3,4.0,4,0.779,0,0,4,5,-0.834,0.0,2,0.0,5,1,7,7,2,2,5,1,5,3,-1.193,0,2,2,0
0,5,0,7,7,1.327,2,-1.2,-0.995,-0.923,0,0,4.0,4,-1.074,1,2,2,6,2.056,0.0,2,0.0,7,3,6,7,4,7,1,1,7,5,-0.923,1,2,7,0
5,1,4,3,1,-1.964,7,-0.883,-0.633,-1.866,0,3,5.0,3,-0.115,4,1,3,1,2.677,0.0,0,0.0,4,2,6,1,4,6,1,7,7,6,-4.055,7,1,4,0
3,7,2,6,3,0.35,0,0.882,0.933,1.6,6,6,2.0,5,0.064,5,6,6,4,-3.404,0.0,7,0.0,6,0,0,4,3,7,4,1,2,6,2.785,7,5,0,0
0,2,1,2,3,0.742,5,-1.144,-0.398,0.4,1,2,5.0,7,-1.001,1,2,4,6,-2.24,0.0,4,0.0,7,5,3,6,1,4,5,1,2,0,-0.343,1,0,5,0
0,0,4,3,1,1.462,0,0.645,0.858,0.926,5,6,3.0,5,-1.071,1,1,4,0,0.998,0.0,0,0.0,2,5,3,5,1,7,3,2,7,6,2.442,0,4,1,0
1,6,4,1,3,-1.385,4,0.071,0.374,-0.574,7,4,3.0,2,2.438,1,0,2,1,3.878,0.0,4,0.0,6,3,2,0,1,5,4,1,6,2,-0.745,4,5,5,0
5,4,6,3,3,-0.668,3,-0.255,0.038,0.621,3,2,2.0,2,-0.149,1,3,7,7,3.992,0.0,3,0.0,7,7,4,3,4,5,3,6,6,6,1.025,7,5,6,0
3,7,3,1,7,-0.774,4,0.033,0.269,0.261,2,5,3.0,3,1.121,2,2,1,7,-4.064,0.0,1,0.0,0,2,7,2,2,2,0,3,5,5,-0.747,3,7,3,0
3,1,2,0,4,-0.369,6,0.165,-0.567,-1.369,4,4,3.0,7,0.053,6,4,7,1,-1.483,0.0,0,0.0,0,4,2,1,7,5,1,4,7,5,0.773,5,1,0,0
3,2,7,0,6,0.213,2,-0.913,-1.381,0.543,7,3,4.0,5,-0.226,4,1,5,1,-1.306,0.0,2,0.0,5,2,5,2,6,4,1,5,4,0,-1.134,6,4,1,0
5,4,1,4,6,-0.157,0,-0.493,-0.522,-0.371,3,0,3.0,4,-2.913,3,3,0,4,0.376,0.0,1,0.0,4,2,0,7,7,3,5,7,1,7,-0.165,5,2,3,0
5,3,0,0,2,-0.578,6,-1.068,-0.226,-0.101,0,2,3.0,7,1.047,7,1,5,2,-2.725,0.0,5,0.0,5,2,7,6,4,3,1,1,0,5,-1.031,7,4,4,0
5,7,7,0,0,-1.32,0,-0.217,0.174,-0.828,1,1,3.0,4,-1.146,6,0,0,6,-0.635,0.0,2,0.0,6,7,6,7,0,1,3,4,7,6,1.885,5,4,4,0
0,7,1,4,4,-0.108,0,-0.088,0.014,-0.942,3,2,4.0,5,-0.132,1,7,2,7,1.944,0.0,7,0.0,1,0,4,0,0,1,0,4,0,4,0.517,6,0,5,0
2,2,1,2,4,-0.647,2,-0.033,-0.026,0.786,6,6,3.0,1,-0.23,3,3,1,2,0.195,0.0,3,0.0,2,5,3,4,5,4,5,6,2,5,1.058,3,4,1,0
3,4,7,4,4,-0.595,7,-1.81,-0.765,1.555,0,4,5.0,1,-1.404,7,7,6,5,2.915,0.0,4,0.0,2,1,7,3,7,5,7,1,3,1,-0.311,1,7,3,0
6,7,7,2,5,-1.235,4,0.055,0.82,0.583,5,4,4.0,5,-0.693,1,7,2,3,-0.177,0.0,4,0.0,3,5,2,1,2,4,0,1,2,3,2.414,2,2,0,0
7,1,4,6,6,0.569,3,-0.012,0.215,0.386,5,0,3.0,3,-1.248,3,3,4,0,-0.026,0.0,1,0.0,3,6,4,6,2,1,4,2,4,3,0.47,4,0,1,0
0,2,6,4,7,0.637,0,-0.376,-0.191,-0.743,5,6,3.0,7,-0.726,2,7,4,4,0.788,0.0,5,0.0,4,4,6,6,7,6,0,4,5,7,2.389,6,3,7,0
1,6,0,7,1,1.768,3,0.747,0.661,0.213,1,0,3.0,4,0.197,3,3,0,7,1.45,0.0,0,0.0,7,0,5,4,0,4,5,3,7,2,0.087,1,5,2,0
1,7,5,4,5,-1.13,3,0.347,0.409,1.038,2,7,2.0,0,2.563,6,4,5,3,3.766,0.0,6,0.0,3,7,6,6,2,3,0,4,3,6,-0.241,0,6,2,0
3,5,0,0,3,-0.2,2,1.174,1.118,-0.435,3,7,2.0,0,0.822,7,6,4,4,-0.204,0.0,4,0.0,6,7,3,7,2,1,7,2,0,7,0.357,1,1,2,0
5,4,5,0,5,-1.875,5,-0.029,0.274,0.639,3,6,3.0,1,4.007,2,7,6,5,6.332,0.0,7,0.0,4,6,7,7,7,5,7,6,4,7,-0.548,3,4,3,0
3,0,7,5,1,1.456,3,-0.723,-1.32,0.251,5,7,5.0,4,1.521,2,7,7,6,-0.052,0.0,6,0.0,1,3,2,1,1,0,4,4,0,3,-0.826,3,3,2,0
1,1,0,4,4,-0.1,3,0.747,0.926,-1.569,0,0,2.0,5,-0.101,2,3,0,7,2.694,0.0,2,0.0,0,4,0,1,6,5,5,0,6,3,1.869,0,5,1,0
3,3,7,0,7,0.074,7,0.458,0.432,1.124,4,6,3.0,2,-1.262,3,5,4,2,4.586,0.0,4,0.0,4,6,7,3,2,7,3,1,2,3,-1.301,2,3,5,0
3,7,5,5,7,-0.69,1,-0.251,-0.86,0.05,3,1,4.0,0,0.329,1,7,2,2,1.002,0.0,6,0.0,1,5,6,2,6,6,6,0,2,2,-1.961,7,7,7,0
7,2,0,3,6,1.764,1,-0.537,-0.576,-2.085,2,3,4.0,5,-0.295,6,6,3,6,-2.824,0.0,2,0.0,2,2,6,2,3,5,7,4,6,5,1.191,3,1,4,0
1,4,1,7,0,0.505,1,-1.125,-0.895,1.413,3,7,5.0,6,-2.431,3,4,7,2,-1.351,0.0,0,0.0,6,1,2,5,3,2,7,3,2,3,-0.338,4,6,2,0
3,1,0,1,5,2.343,4,-1.021,-1.123,-2.152,3,2,5.0,5,-1.029,3,4,2,4,-3.153,0.0,1,0.0,0,1,1,2,6,3,0,6,0,7,-1.701,1,1,7,0
4,7,6,2,6,-0.893,2,1.323,0.44,-1.511,2,0,2.0,5,-0.657,2,0,4,7,-0.415,0.0,0,0.0,0,4,5,6,7,4,1,4,5,5,0.787,6,0,2,0
6,1,3,0,2,1.123,5,0.572,0.484,-1.983,4,4,2.0,1,1.712,5,1,5,2,1.979,0.0,4,0.0,5,4,6,4,4,3,6,3,4,3,0.843,0,3,5,0
7,0,6,4,1,-2.547,2,0.804,0.904,-1.833,4,4,1.0,6,-0.587,5,5,6,7,3.886,0.0,3,0.0,2,0,7,3,6,0,0,4,2,6,2.025,1,4,7,0
5,1,7,6,0,-0.954,1,1.102,1.827,-0.893,4,3,1.0,2,4.108,0,5,7,2,-1.355,0.0,3,0.0,5,0,2,0,1,1,3,0,6,0,2.719,7,5,4,0
6,5,3,2,0,0.263,2,-0.146,0.036,-1.847,7,3,3.0,2,-1.63,1,0,4,1,0.361,0.0,4,0.0,0,6,3,5,7,2,6,5,3,4,-1.868,6,1,2,0
4,6,6,2,4,2.112,4,2.204,1.176,-0.264,4,1,-0.0,7,1.486,3,5,2,4,0.189,0.0,1,0.0,7,4,5,0,7,4,5,6,7,1,1.407,2,7,4,0
6,0,3,7,0,0.351,4,0.326,-0.267,-0.071,0,0,3.0,1,-0.706,5,4,0,5,1.511,0.0,7,0.0,1,4,6,5,2,0,6,7,5,7,-0.215,7,3,1,0
5,2,7,7,6,-1.23,5,-0.581,-0.666,1.012,7,0,4.0,7,2.475,2,3,0,4,-1.535,0.0,5,0.0,6,1,4,5,6,5,4,7,5,4,-2.012,4,5,3,0
4,3,3,0,0,0.445,1,0.38,1.105,0.611,0,2,2.0,0,0.958,5,7,2,4,-0.996,0.0,2,0.0,2,0,4,0,4,1,1,3,7,4,1.234,3,0,1,0
3,3,5,5,6,-1.615,3,-1.634,-1.083,0.074,5,1,6.0,3,-3.94,4,5,4,4,-2.311,0.0,1,0.0,5,2,4,5,5,7,5,7,7,2,-0.372,0,4,5,0
7,5,3,0,2,-0.697,2,1.537,0.773,-0.215,7,0,3.0,4,-0.06,5,7,1,0,3.041,0.0,0,0.0,6,6,3,6,1,0,0,0,5,6,2.357,5,0,7,0
0,5,4,4,3,-0.749,3,-0.229,-0.278,-0.218,7,3,5.0,0,2.367,3,3,7,5,0.669,0.0,4,0.0,1,2,5,5,5,2,3,2,4,1,-0.612,4,7,2,0
3,4,4,3,5,-0.619,5,-0.034,0.72,0.13,4,2,4.0,2,0.533,0,2,6,4,2.154,0.0,5,0.0,0,3,6,6,3,0,6,2,0,6,-0.017,3,7,4,0
1,7,2,2,2,-0.158,1,2.454,2.733,-1.256,6,7,0.0,6,3.891,3,6,1,7,2.73,0.0,5,0.0,3,5,1,5,0,2,3,4,1,7,2.366,4,6,7,0
3,6,4,7,0,0.229,0,1.587,1.84,-0.275,7,2,0.0,3,2.042,7,0,2,3,0.78,0.0,4,0.0,4,6,2,1,6,0,2,5,0,3,2.239,6,3,6,0
0,7,6,5,0,-1.102,5,0.2,0.458,-0.998,5,1,3.0,5,1.165,7,4,5,6,3.913,0.0,2,0.0,0,5,1,6,1,0,2,2,5,4,-1.377,7,3,0,0
6,3,7,3,7,-1.875,6,-0.532,-0.639,-1.153,6,6,4.0,7,2.286,3,6,4,4,-0.623,0.0,5,0.0,5,4,3,0,7,0,7,6,4,3,0.822,6,5,2,0
2,6,2,2,7,-0.271,5,-1.078,-0.699,-1.073,6,6,5.0,7,0.113,1,7,7,3,-2.621,0.0,5,0.0,4,4,6,1,1,5,4,2,1,7,-0.306,2,4,4,0
4,6,1,1,7,-1.181,2,1.507,0.716,-1.046,5,0,2.0,2,-0.196,6,7,2,6,-0.613,0.0,7,0.0,2,3,7,6,0,3,7,7,7,7,-0.753,3,3,1,0
3,2,6,4,3,-0.625,6,0.617,-0.455,-0.893,0,1,3.0,4,0.321,4,2,6,1,3.641,0.0,4,0.0,4,2,1,3,1,1,6,1,6,4,0.288,5,6,3,0
4,1,2,3,4,-0.275,0,0.827,1.103,1.455,4,6,2.0,2,-0.427,0,6,4,1,0.452,0.0,7,0.0,1,1,2,6,5,6,3,6,0,1,2.892,4,4,2,0
0,2,6,7,4,-0.555,1,-1.835,-1.775,-0.11,3,1,6.0,4,-0.362,5,6,3,4,-2.891,0.0,7,0.0,6,5,3,1,2,5,3,5,2,7,-1.926,3,3,7,0
0,4,5,4,0,0.454,3,-0.299,0.344,-1.418,4,7,2.0,2,-0.293,3,1,3,1,-3.518,0.0,3,0.0,0,5,4,7,5,2,7,1,6,7,1.122,1,1,2,0
5,1,3,4,7,0.523,7,-1.744,-2.081,1.927,4,5,6.0,1,-1.533,5,2,4,4,-0.741,0.0,4,0.0,5,3,2,7,2,7,0,3,4,6,-2.688,1,3,1,0
6,1,6,0,4,0.503,6,1.557,1.463,0.533,5,1,1.0,6,-3.53,1,7,1,4,-1.942,0.0,3,0.0,5,2,0,6,1,4,3,4,5,4,1.311,0,2,7,0
2,4,3,6,3,0.004,3,1.161,1.47,0.039,0,1,2.0,7,1.964,7,7,7,3,2.729,0.0,5,0.0,2,4,3,1,6,2,7,4,3,2,0.324,7,2,7,0
0,4,7,4,5,-0.08,7,0.333,0.567,0.848,5,3,4.0,2,3.111,3,4,0,7,2.678,0.0,5,0.0,2,0,1,3,7,2,0,4,7,6,-0.643,1,7,5,0
6,3,2,1,6,0.446,7,-2.192,-0.988,0.488,3,1,4.0,5,-0.417,2,7,5,2,-2.802,0.0,5,0.0,7,3,4,4,6,7,2,0,6,3,-1.081,3,6,2,0
7,7,0,1,0,-0.882,2,0.995,0.602,0.724,6,3,1.0,2,-0.436,5,7,6,6,-1.615,0.0,2,0.0,4,2,0,6,6,3,3,0,4,7,1.718,0,5,0,0
2,3,4,5,6,0.789,7,0.561,-0.252,-0.138,7,0,3.0,3,2.172,7,6,1,6,1.274,0.0,1,0.0,7,2,7,0,4,2,2,2,2,7,0.58,0,3,3,0
5,4,2,3,3,-2.433,5,-1.852,-1.754,0.393,6,2,6.0,0,-1.099,5,6,4,2,-1.658,0.0,6,0.0,1,4,0,6,3,5,5,6,0,5,-0.809,2,5,7,0
7,6,6,5,3,-1.21,0,-0.379,-0.992,-0.616,1,6,5.0,3,-2.293,0,2,3,1,-2.821,0.0,4,0.0,3,3,3,6,7,2,0,1,5,1,-1.453,1,0,0,0
7,0,3,5,1,1.523,0,0.878,0.632,-0.075,4,0,1.0,7,1.045,2,7,4,3,3.265,0.0,0,0.0,4,2,6,4,2,7,7,7,2,0,-1.311,7,4,2,0
7,2,2,1,5,-1.142,2,0.464,0.649,0.163,2,1,2.0,4,2.672,0,5,0,1,-3.448,0.0,2,0.0,7,2,6,2,5,2,2,5,3,5,2.472,1,2,5,0
5,0,4,4,5,0.149,4,0.396,0.352,1.129,0,5,2.0,4,-1.756,2,1,4,0,2.853,0.0,7,0.0,4,7,0,2,6,2,3,2,4,3,-1.878,6,5,5,0
0,5,0,4,5,0.305,2,-2.776,-2.893,1.436,3,2,7.0,3,-0.984,7,1,5,2,-3.699,0.0,5,189.22,2,1,6,0,2,4,5,0,1,0,-3.732,5,3,7,1
1,2,1,5,4,-0.48,1,-0.189,0.003,1.739,6,4,4.0,0,-0.983,2,2,0,1,-1.297,0.0,4,0.0,1,4,1,1,0,5,4,7,6,5,-0.804,0,2,7,0
5,5,5,5,6,0.933,2,0.52,0.579,0.739,5,5,2.0,0,0.395,7,7,6,3,5.861,0.0,3,0.0,4,2,4,0,7,0,3,5,3,7,-0.441,4,5,1,0
5,7,4,7,7,1.335,1,1.94,2.076,-1.188,7,3,1.0,4,1.254,0,6,3,5,-3.728,0.0,2,0.0,6,7,1,4,6,5,1,4,0,6,2.615,5,1,0,0
6,0,0,0,2,0.424,4,-1.802,-1.278,0.363,6,6,6.0,7,-0.001,0,4,6,3,-4.042,0.0,3,0.0,2,2,2,4,4,5,4,1,7,5,-2.002,0,1,2,0
4,7,2,4,5,1.138,7,1.445,1.245,-0.142,3,2,2.0,3,-0.691,4,5,3,3,5.507,0.0,5,0.0,4,5,3,5,2,5,2,1,1,5,-0.085,6,7,1,0
1,3,3,5,6,0.46,0,-0.336,-0.219,1.412,5,6,3.0,5,-2.166,6,6,7,5,0.238,0.0,4,0.0,0,5,0,2,1,3,3,6,4,1,-1.731,2,0,4,0
2,1,5,3,1,0.256,3,-1.343,-0.904,-0.921,7,6,4.0,4,0.35,2,3,2,4,1.307,0.0,7,0.0,1,3,1,4,7,7,2,0,3,4,-2.769,7,3,2,0
2,4,2,1,6,1.117,0,-0.017,-0.178,-1.207,3,2,3.0,6,-0.501,5,7,1,5,1.608,0.0,0,0.0,2,4,5,3,4,3,1,6,6,2,0.894,0,1,6,0
3,6,3,3,4,0.781,1,-0.844,-1.058,-0.026,6,1,4.0,3,3.039,7,4,2,7,-0.595,0.0,3,0.0,0,0,5,0,2,1,2,6,7,4,-0.325,6,4,1,0
4,4,7,6,1,-0.177,3,0.61,0.06,-0.146,5,5,3.0,0,2.673,3,1,3,3,2.906,0.0,0,0.0,3,2,6,0,1,2,1,7,0,4,1.139,0,1,2,0
2,4,6,0,2,-0.62,3,-0.137,0.189,0.958,0,7,4.0,3,-0.046,5,1,6,4,2.769,0.0,6,0.0,3,4,2,5,2,2,6,0,4,7,-0.998,5,4,0,0
1,6,5,2,2,0.025,5,-0.426,-1.128,-0.377,5,3,6.0,7,-1.382,2,0,6,0,-2.442,0.0,4,0.0,5,6,5,4,6,0,6,4,6,3,-2.628,6,0,6,0
4,0,2,1,7,2.105,4,0.48,0.361,0.875,0,6,2.0,0,-1.82,1,3,1,3,3.432,0.0,6,0.0,7,0,3,6,2,5,6,2,1,4,1.374,3,2,2,0
2,6,7,3,2,-1.012,3,-1.836,-1.857,1.275,1,3,6.0,2,-2.754,4,0,4,0,-2.463,0.0,5,0.0,3,6,6,5,1,3,6,0,6,6,-1.721,4,5,2,0
5,2,6,2,1,-1.585,0,0.957,1.366,0.399,6,4,2.0,7,-0.425,7,5,0,3,1.609,0.0,6,0.0,3,1,5,7,4,6,6,5,4,5,0.948,0,2,5,0
2,1,0,2,7,0.99,1,0.034,0.528,0.217,3,7,2.0,0,-0.739,7,0,3,3,2.705,0.0,0,0.0,4,3,6,2,0,7,1,4,1,1,1.748,0,6,7,0
6,5,4,6,4,0.626,1,0.172,-0.061,0.264,5,6,4.0,1,-2.961,2,2,3,6,1.103,0.0,2,0.0,4,4,5,7,6,0,3,0,0,7,-1.02,5,3,0,0
5,6,6,5,7,-0.828,1,-0.372,-0.046,0.044,1,2,3.0,0,-1.651,3,6,1,6,-1.949,0.0,5,0.0,3,4,2,7,0,3,5,7,4,6,0.563,3,4,0,0
5,7,0,3,6,-0.724,7,1.272,1.428,0.683,1,2,1.0,0,4.632,5,2,7,7,2.495,0.0,0,0.0,7,6,5,1,3,7,1,5,2,6,0.122,1,4,6,0
0,5,6,4,4,-0.012,5,-1.006,-1.092,0.121,3,2,4.0,3,-1.442,6,2,1,1,-3.963,0.0,6,0.0,1,7,5,3,0,0,4,4,1,6,1.081,1,4,6,0
3,1,3,4,5,-0.911,1,0.777,0.422,-0.343,3,0,2.0,4,0.777,5,3,3,2,7.775,0.0,6,0.0,2,6,6,5,2,3,6,3,1,4,0.924,2,2,7,0
0,6,1,1,6,-0.112,5,0.635,0.477,-0.826,1,3,4.0,5,0.334,6,4,7,6,2.174,0.0,3,0.0,7,7,1,3,4,1,1,7,3,6,2.015,5,3,7,0
1,4,3,2,3,0.121,2,-0.873,-1.556,-1.432,6,0,3.0,7,-1.664,4,3,7,1,-2.11,0.0,2,0.0,0,4,3,1,7,6,2,3,1,6,-2.863,1,0,7,0
4,6,5,6,2,1.081,2,-0.35,-0.489,1.159,7,2,5.0,6,-0.679,6,5,4,4,1.45,0.0,1,0.0,3,6,0,6,5,5,5,5,1,5,0.4,3,5,7,0
7,2,6,0,2,0.513,0,-0.192,-0.168,-0.761,5,6,3.0,4,-1.91,7,2,1,4,-0.217,0.0,3,0.0,6,0,1,2,4,5,7,1,6,7,0.866,5,2,7,0
6,7,2,0,1,0.141,0,0.237,0.047,0.756,3,3,3.0,2,1.337,1,3,1,2,-0.802,0.0,7,0.0,4,7,3,2,0,2,1,1,0,7,1.511,4,5,5,0
4,5,0,0,3,1.233,5,0.385,0.469,1.199,0,3,2.0,1,0.956,2,4,7,5,3.455,0.0,0,0.0,6,1,6,1,5,4,1,2,1,6,0.87,5,2,3,0
0,5,3,3,2,-0.401,6,1.389,1.507,1.631,3,7,2.0,6,-0.178,7,3,4,7,1.359,0.0,5,0.0,1,4,1,2,6,2,5,7,7,1,1.392,2,1,4,0
4,2,6,2,4,0.225,0,2.071,1.943,-0.735,3,1,0.0,1,3.669,2,2,6,6,3.773,0.0,5,0.0,4,0,2,1,0,7,1,2,2,3,3.3,2,5,0,0
2,6,0,3,5,-0.691,5,0.308,0.466,0.659,4,7,3.0,5,0.934,4,5,7,3,1.914,0.0,4,0.0,1,1,7,3,4,1,0,7,0,4,0.943,1,6,6,0
3,0,7,6,4,-0.01,5,-1.063,-0.913,0.008,5,2,4.0,5,-0.489,4,2,5,4,0.225,0.0,4,0.0,4,6,4,2,6,5,3,2,4,3,0.345,2,4,4,0
4,3,3,1,5,-1.245,1,0.46,0.722,-0.081,0,6,1.0,4,2.242,4,0,1,3,2.671,0.0,2,0.0,6,2,3,3,4,6,2,3,3,1,3.719,7,2,6,0
2,7,5,4,1,-0.19,6,1.209,0.582,-0.746,4,7,1.0,2,-1.024,6,3,0,3,1.118,0.0,5,0.0,6,7,2,7,4,0,2,6,7,4,-1.433,1,0,0,0
6,1,4,4,3,-0.333,7,-1.204,-0.561,-0.296,4,0,4.0,1,-0.398,1,3,5,3,3.802,0.0,0,0.0,1,3,2,5,3,6,0,3,2,7,-0.042,0,6,0,0
2,5,2,1,5,-2.483,2,1.251,0.559,0.325,5,2,3.0,3,3.557,0,3,2,7,-0.744,0.0,4,0.0,7,1,2,7,0,6,1,4,4,7,-1.189,5,0,6,0
4,1,5,1,6,-0.4,0,0.345,0.019,1.092,2,5,2.0,0,3.167,6,1,4,4,-3.762,0.0,2,0.0,7,7,5,7,6,3,7,1,5,7,-0.299,6,1,7,0
7,3,7,3,3,-2.061,3,-0.635,-0.649,1.679,5,3,5.0,5,-0.129,6,2,4,0,-0.233,0.0,3,0.0,1,4,5,7,7,1,5,7,7,6,-0.163,3,6,3,0
4,4,6,2,5,0.997,3,1.951,1.88,-0.565,6,1,1.0,0,-0.568,0,3,5,0,5.186,0.0,7,0.0,5,3,5,1,3,1,2,0,2,2,1.81,0,3,5,0
2,4,7,4,4,-0.466,7,-0.933,0.264,1.277,5,2,3.0,3,-0.616,5,5,6,1,2.106,0.0,0,0.0,6,1,2,6,6,0,5,4,6,4,-0.631,4,4,6,0
3,6,6,1,5,0.341,2,-0.072,0.356,-0.719,5,1,5.0,7,2.6,0,4,0,3,0.434,0.0,1,0.0,6,3,0,2,3,4,2,7,6,0,2.503,0,0,4,0
7,3,1,1,4,0.555,0,-0.818,-0.089,-0.558,5,0,5.0,0,2.522,0,6,6,4,0.956,0.0,1,0.0,7,4,3,4,7,0,2,7,1,1,-2.533,0,3,7,0
2,0,2,7,0,1.596,0,-0.487,-0.348,-0.965,0,4,4.0,5,-2.353,1,1,0,6,-2.274,0.0,3,0.0,6,0,5,7,2,3,2,2,0,5,0.72,1,0,5,0
1,0,7,0,4,0.612,0,0.15,-0.041,0.884,7,2,4.0,5,4.184,1,6,3,5,-1.304,0.0,6,0.0,0,4,6,2,6,7,3,2,3,3,0.098,5,4,1,0
3,4,1,1,3,-0.987,0,-0.586,-0.724,1.865,5,7,5.0,0,0.303,2,4,0,4,3.342,0.0,5,0.0,4,1,4,2,6,4,3,0,0,6,0.706,5,4,2,0
4,0,1,7,2,1.157,1,-1.863,-1.185,-2.042,5,3,4.0,2,-4.094,4,6,3,2,-1.861,0.0,4,0.0,2,7,7,5,5,3,7,5,5,5,-0.566,1,4,0,0
4,5,6,1,3,1.285,5,-0.049,0.526,0.241,7,3,3.0,5,0.488,5,2,0,7,1.191,0.0,6,0.0,3,4,6,2,0,3,1,5,2,2,-0.265,6,7,6,0
3,0,6,3,4,-0.038,3,1.942,1.014,0.153,3,0,2.0,0,3.221,4,7,7,0,3.977,0.0,6,0.0,3,6,3,1,2,0,7,7,7,3,1.281,6,7,5,0
3,5,5,1,4,1.28,6,1.302,1.792,0.384,3,5,1.0,0,0.431,2,3,3,3,1.962,0.0,1,0.0,3,1,7,3,4,2,2,2,6,0,1.79,7,3,1,0
1,4,0,4,4,-0.591,1,-1.196,-1.134,-0.06,6,5,5.0,3,-0.237,7,4,3,4,-3.661,0.0,2,0.0,6,1,1,7,2,2,0,2,3,1,-1.247,7,2,5,0
5,0,2,3,1,-0.186,0,1.021,1.514,0.303,1,0,1.0,5,-1.946,5,4,0,2,1.116,0.0,3,0.0,7,0,2,6,4,6,2,6,6,7,0.786,5,4,5,0
2,0,5,4,6,-0.629,5,-1.161,-1.255,0.656,4,0,5.0,4,-2.822,3,1,4,6,-0.689,0.0,7,0.0,4,1,1,6,3,2,6,4,2,4,-1.632,3,3,6,0
5,0,3,6,6,-1.189,3,-0.05,0.357,1.488,7,3,2.0,7,3.027,0,5,6,6,-0.81,0.0,5,0.0,1,1,7,3,4,6,0,3,3,7,0.539,4,4,1,0
7,6,2,6,0,-0.142,2,0.122,0.993,-1.106,0,3,2.0,4,2.112,0,3,2,4,1.589,0.0,5,0.0,0,0,5,2,2,6,1,6,2,6,-0.594,7,1,3,0
0,6,2,7,3,0.669,6,1.327,0.526,-0.104,3,3,2.0,5,-1.144,7,0,5,0,2.923,0.0,2,0.0,6,1,2,4,3,7,0,7,4,3,-0.187,7,0,6,0
6,1,7,1,1,0.012,3,0.953,0.538,1.413,4,7,2.0,0,0.316,7,5,7,6,0.129,0.0,4,0.0,2,3,1,6,7,2,5,3,4,7,1.19,0,4,6,0
1,2,7,0,3,-0.601,0,1.76,1.651,0.049,0,7,-0.0,5,1.774,7,7,5,2,0.931,0.0,1,0.0,5,7,4,3,2,1,6,3,5,4,2.595,2,1,4,0
7,7,6,1,1,-1.157,7,-0.715,-0.01,1.063,1,7,2.0,0,0.804,2,5,1,6,1.548,0.0,7,0.0,5,0,4,2,7,2,6,6,0,0,0.809,2,7,3,0
1,1,0,3,4,0.34,3,0.507,0.336,0.851,4,6,4.0,5,-2.383,2,5,0,4,-1.763,0.0,7,0.0,6,5,7,6,5,7,6,0,5,3,-1.606,3,7,4,0
7,3,1,5,5,0.457,3,-0.049,-0.319,0.184,7,6,4.0,1,0.156,6,4,2,0,1.005,0.0,3,0.0,6,4,1,4,6,7,5,5,2,2,-0.809,0,0,3,0
4,2,6,5,7,2.871,2,-2.186,-2.667,1.658,1,0,9.0,7,-4.554,2,7,3,5,-6.754,0.0,7,332.36,2,6,2,2,6,7,4,1,6,6,-2.796,1,4,7,1
5,6,7,3,0,-0.952,7,-1.044,-0.447,0.732,7,4,3.0,6,-0.741,4,0,6,3,-3.159,0.0,6,0.0,4,2,1,7,3,0,3,0,4,5,-1.804,1,1,6,0
6,3,1,0,1,-0.383,1,0.793,0.669,0.681,5,5,2.0,7,0.44,5,3,0,7,3.762,0.0,2,0.0,6,1,0,2,1,1,5,6,7,3,0.733,7,5,1,0
3,2,2,0,1,-0.08,6,0.142,-0.038,0.189,1,5,2.0,0,0.447,4,7,2,2,2.917,0.0,1,0.0,3,0,1,2,0,6,1,7,0,0,-2.349,2,0,0,0
7,3,7,7,2,2.169,5,2.211,1.811,-0.611,5,5,1.0,0,1.58,7,6,3,1,3.381,0.0,4,0.0,7,4,5,0,5,0,0,0,5,6,2.073,7,1,1,0
0,7,0,1,1,-0.808,1,1.683,0.666,0.896,3,5,2.0,5,1.889,2,0,7,0,4.493,0.0,6,0.0,1,6,4,1,0,6,5,4,1,5,0.827,6,2,2,0
0,0,0,2,6,0.629,4,0.089,0.295,0.153,4,5,3.0,0,2.568,6,6,3,0,-0.436,0.0,4,0.0,6,0,2,0,7,2,6,2,1,6,0.778,0,4,6,0
3,2,2,4,3,-0.195,2,-1.579,-0.473,0.484,1,2,6.0,2,1.086,5,5,3,3,-0.323,0.0,5,0.0,5,3,3,3,3,6,3,3,3,0,-0.003,6,4,4,0
0,4,3,4,0,-1.068,3,-0.581,0.099,-2.306,3,3,4.0,0,1.091,2,1,5,7,-1.06,0.0,1,0.0,2,3,4,3,3,6,5,3,0,5,1.281,2,5,2,0
3,0,1,4,1,0.469,1,-0.127,-0.35,0.57,2,1,3.0,6,-3.056,4,7,0,7,-0.224,0.0,6,0.0,2,4,6,2,2,0,2,1,7,1,-2.72,0,6,1,0
4,4,0,1,5,1.211,4,1.007,0.704,0.341,1,4,2.0,0,0.479,1,7,7,4,1.646,0.0,7,0.0,7,6,0,7,1,2,4,2,3,4,0.86,6,7,2,0
2,6,1,6,0,-0.716,7,0.124,-1.231,1.242,2,2,5.0,5,-0.299,3,1,4,0,-1.043,0.0,1,0.0,4,0,5,4,0,6,0,5,6,7,-0.469,6,0,0,0
7,3,3,5,3,-0.809,4,1.718,1.941,0.17,5,2,0.0,0,-0.064,3,2,5,4,-1.189,0.0,4,0.0,0,6,3,7,0,6,0,3,0,5,0.488,6,1,0,0
1,4,6,0,2,0.512,3,-1.155,-0.742,-1.638,4,2,3.0,3,0.178,5,6,2,4,-0.767,0.0,7,0.0,6,5,5,5,2,7,2,1,5,7,-0.658,2,1,1,0
4,3,6,6,2,0.706,7,-0.914,-0.647,-0.434,4,0,4.0,3,-0.175,1,6,3,6,-5.47,0.0,7,0.0,1,4,4,7,2,6,5,0,3,7,0.678,1,7,0,0
2,0,7,4,1,-1.399,3,0.215,0.847,-0.184,2,2,3.0,3,0.38,7,1,6,6,1.945,0.0,6,0.0,6,7,7,0,4,4,7,1,6,3,0.497,3,0,5,0
6,7,4,3,6,1.026,7,-1.281,-0.872,0.547,1,0,5.0,4,-0.182,0,5,7,3,-0.572,0.0,4,0.0,0,3,4,6,3,4,5,3,2,0,-1.151,4,3,5,0
1,0,7,0,4,-0.888,7,-0.779,-0.778,-0.139,7,1,4.0,6,0.752,2,4,6,3,0.287,0.0,6,0.0,7,4,0,1,7,5,7,2,7,0,-3.387,6,6,3,0
7,7,3,7,4,-0.631,0,0.577,-0.045,-1.959,3,2,4.0,7,1.068,7,4,0,0,0.522,0.0,3,0.0,1,2,7,0,4,4,5,5,5,5,-0.148,3,1,6,0
2,2,3,5,4,-0.716,1,-0.075,-0.475,-2.367,1,6,6.0,5,-0.573,2,1,2,0,-4.365,0.0,2,0.0,1,7,7,2,3,0,3,0,1,7,-0.544,7,0,3,0
4,2,5,6,0,0.623,1,1.634,1.819,0.461,5,7,0.0,5,3.093,7,4,0,6,-2.33,0.0,5,0.0,3,7,1,4,2,7,5,1,7,5,3.203,7,3,7,0
0,7,1,4,4,-0.17,1,0.098,1.231,0.443,0,7,1.0,5,-0.64,2,7,7,0,1.807,0.0,3,0.0,0,4,6,3,1,4,3,2,3,5,-0.496,2,5,3,0
1,4,5,5,4,-0.96,2,-2.459,-1.073,1.146,2,2,6.0,5,-0.748,3,1,7,7,0.375,0.0,3,0.0,0,2,0,0,5,4,1,1,7,4,-0.759,2,7,6,0
0,4,7,4,4,-0.451,6,0.53,0.276,-0.826,6,2,1.0,3,0.341,4,1,0,0,-0.46,0.0,3,0.0,4,3,5,1,0,2,7,7,1,1,-1.943,2,7,1,0
2,4,5,2,5,0.247,0,0.698,-0.198,1.805,6,7,3.0,7,1.396,4,7,3,1,-2.674,0.0,6,0.0,7,3,4,4,7,0,5,5,2,6,1.148,2,1,5,0
3,5,6,0,7,-0.463,5,0.863,1.353,-0.349,5,1,2.0,7,-1.188,0,1,1,5,-2.238,0.0,5,0.0,3,4,7,6,0,1,3,1,5,6,0.192,7,3,2,0
2,0,0,4,3,0.56,4,-1.454,-1.234,0.266,3,3,5.0,0,-4.122,7,3,5,1,-1.179,0.0,3,0.0,7,1,1,1,2,5,5,6,4,3,-0.91,4,7,1,0
2,3,7,7,7,0.466,0,-1.406,-0.758,-0.016,3,0,2.0,2,-0.361,0,6,0,1,2.302,0.0,2,0.0,0,7,4,4,1,7,1,4,0,4,0.039,7,5,2,0
6,4,7,7,0,-1.233,1,1.036,1.462,-0.446,2,1,1.0,7,4.076,4,3,6,0,3.803,0.0,5,0.0,2,0,5,6,1,3,0,6,4,2,3.151,7,1,4,0
1,7,1,0,6,-0.475,3,-2.011,-1.562,-0.635,0,6,6.0,3,-2.086,6,4,6,6,-5.762,0.0,3,0.0,6,0,1,6,2,5,2,4,0,5,-1.757,6,2,3,0
3,3,3,2,2,-0.697,5,-1.761,-1.837,1.821,5,2,7.0,5,-2.008,7,1,7,4,-2.579,0.0,3,297.32,0,6,7,7,4,4,7,3,6,1,-1.144,7,6,5,1
4,4,2,0,1,0.537,3,-1.106,-1.18,1.707,3,3,6.0,6,-0.769,7,2,5,7,-3.346,0.0,7,0.0,7,1,7,0,4,4,2,1,4,1,-1.932,7,3,3,0
4,0,2,0,2,0.291,2,0.431,0.904,1.103,4,7,2.0,4,0.699,5,3,4,3,0.748,0.0,1,0.0,0,0,0,1,4,3,0,2,5,0,2.194,3,3,4,0
5,3,7,0,0,-0.573,3,1.074,0.808,-0.104,2,6,2.0,1,4.348,4,2,0,4,5.879,0.0,4,0.0,7,5,2,4,0,7,3,1,0,4,2.617,5,0,0,0
0,3,3,6,0,1.953,3,-0.148,-0.644,0.55,3,0,3.0,0,-2.922,4,7,3,5,0.711,0.0,2,0.0,2,5,7,0,1,6,1,1,6,2,0.868,0,3,2,0
5,4,5,1,5,0.627,5,-0.146,-0.255,0.037,1,2,4.0,5,1.511,3,7,6,4,-5.682,0.0,2,0.0,7,6,0,4,2,0,1,7,2,4,-0.17,2,5,7,0
4,2,7,3,4,0.99,2,-0.065,0.453,1.17,5,2,3.0,0,0.004,7,3,0,0,1.785,0.0,7,0.0,3,6,1,2,0,5,2,5,0,7,-0.466,6,4,6,0
6,5,0,4,3,-0.692,2,-0.616,-1.247,-0.403,7,7,5.0,3,1.836,5,6,1,0,0.077,0.0,7,0.0,5,2,1,7,5,5,1,3,0,5,-0.787,7,3,7,0
3,7,3,0,1,0.144,5,-2.161,-1.458,1.522,6,6,5.0,4,-3.017,1,5,4,4,-5.268,0.0,2,0.0,6,0,6,0,3,2,3,0,7,0,-2.526,1,7,4,0
4,1,0,3,1,-0.102,2,0.255,0.049,0.744,4,5,3.0,5,0.381,5,5,4,0,-0.133,0.0,3,0.0,5,2,5,0,3,7,6,6,1,2,-1.597,2,3,3,0
4,4,6,6,1,-0.715,1,0.976,0.881,0.596,1,3,3.0,7,1.582,1,6,3,6,3.326,0.0,7,0.0,1,3,3,3,1,7,4,2,2,0,0.403,4,5,3,0
0,0,5,7,3,-1.94,7,2.419,2.541,0.534,2,5,-0.0,0,1.568,7,4,1,1,1.47,0.0,1,0.0,6,0,6,1,0,6,4,6,5,5,0.963,3,6,3,0
5,6,3,4,0,0.548,7,-0.8,-0.171,-0.546,3,7,4.0,7,-2.143,4,6,7,5,0.528,0.0,5,0.0,0,7,2,5,5,7,7,0,5,4,-2.027,1,0,6,0
6,0,7,7,5,0.221,2,0.881,1.315,-0.92,0,1,3.0,5,-0.88,2,1,5,0,3.104,0.0,6,0.0,0,4,5,6,5,3,3,7,6,3,3.679,4,0,6,0
3,5,4,4,6,0.471,4,-0.32,0.417,-2.254,1,2,2.0,1,-0.637,0,4,0,7,-1.258,0.0,6,0.0,0,4,5,2,2,1,0,6,2,5,0.641,2,4,1,0
0,0,6,3,1,-1.087,5,2.265,1.695,-0.665,5,7,1.0,1,4.312,5,6,1,0,5.61,0.0,3,0.0,6,1,7,6,5,4,4,6,5,0,3.233,1,0,7,0
0,2,3,1,3,1.246,0,-1.47,-1.078,0.221,6,0,4.0,0,-2.801,6,2,7,5,1.756,0.0,4,0.0,0,3,1,1,6,0,1,6,0,4,-3.175,7,2,0,0
7,7,2,3,3,-1.743,7,0.295,0.594,-0.015,2,4,2.0,7,-1.281,7,0,0,3,5.157,0.0,6,0.0,7,1,7,3,1,3,0,2,7,1,1.635,5,6,5,0
6,7,2,7,0,-0.602,3,0.442,0.779,0.969,0,6,2.0,4,0.756,3,0,2,6,-2.208,0.0,1,0.0,0,4,6,1,2,5,6,4,1,7,0.861,3,1,4,0
5,2,5,3,1,0.242,3,-0.232,1.195,-1.607,6,1,1.0,2,-0.798,2,2,1,6,0.906,0.0,4,0.0,0,2,0,0,0,2,5,2,2,3,1.198,4,6,3,0
3,4,7,1,6,-0.895,2,-0.936,-0.276,-0.35,3,7,3.0,5,-1.978,0,3,3,6,-1.579,0.0,1,0.0,0,5,7,7,6,3,4,4,0,1,0.071,6,0,5,0
7,4,4,4,4,1.525,7,0.34,0.081,0.688,3,1,3.0,4,-2.126,7,1,5,4,0.481,0.0,7,0.0,7,5,2,1,1,6,2,5,3,6,-1.738,3,1,6,0
2,4,6,6,2,0.793,1,0.424,1.199,0.474,4,6,2.0,2,2.545,0,1,1,0,4.497,0.0,6,0.0,3,2,4,7,4,6,6,4,3,4,0.807,0,6,3,0
4,3,2,2,4,0.344,4,0.041,0.074,-0.676,0,5,4.0,6,-0.049,1,2,5,4,0.796,0.0,1,0.0,6,3,0,2,2,0,7,5,0,7,-0.006,4,3,1,0
0,4,7,7,3,-0.035,0,-0.477,-1.17,0.519,4,7,4.0,3,-0.887,4,4,3,5,-2.869,0.0,4,0.0,1,7,1,0,5,6,2,2,1,2,-1.081,3,1,1,0
2,3,2,0,2,1.489,6,-2.127,-1.586,0.912,3,7,6.0,5,-3.176,1,1,6,0,-4.827,0.0,2,0.0,1,1,4,7,6,1,7,2,5,2,-1.262,3,4,2,0
2,4,7,2,6,-3.697,7,-0.138,0.508,1.098,7,0,2.0,4,1.029,0,5,3,0,5.554,0.0,4,0.0,5,0,3,4,0,7,7,7,6,7,-0.537,6,5,5,0
4,1,6,0,3,0.83,3,-0.131,-0.166,-0.432,5,0,2.0,3,-1.019,5,7,1,0,0.468,0.0,0,0.0,6,7,5,7,0,3,0,5,6,3,1.946,6,4,5,0
2,4,7,6,6,-0.109,5,-0.801,-0.505,-2.567,6,1,3.0,1,0.575,4,1,2,0,-2.296,0.0,5,0.0,7,4,1,6,4,3,6,7,3,1,-0.895,0,6,1,0
6,0,3,0,0,0.827,6,-0.417,-0.366,-0.926,2,4,5.0,6,-3.303,4,5,3,5,-1.988,0.0,7,0.0,7,5,0,5,0,0,2,1,3,3,0.036,5,6,3,0
7,4,7,0,5,0.757,5,1.799,0.62,0.026,6,6,2.0,3,-1.194,7,2,0,2,2.338,0.0,4,0.0,6,0,3,1,4,5,4,2,2,1,-1.915,6,2,4,0
3,4,4,6,5,-0.284,4,2.303,2.289,1.029,2,7,0.0,7,1.304,0,4,7,6,-1.088,0.0,6,0.0,3,6,0,5,3,6,0,1,3,6,1.847,3,0,5,0
3,2,7,4,3,-0.042,3,0.131,-0.523,0.203,6,3,4.0,1,-3.486,2,5,0,6,-2.18,0.0,6,0.0,6,4,4,3,0,7,3,3,7,3,-1.374,3,5,0,0
5,1,6,4,0,0.122,6,-0.584,1.049,-1.245,5,5,1.0,1,-1.099,6,7,0,7,1.436,0.0,1,0.0,0,3,1,3,1,4,5,2,0,1,1.196,3,1,6,0
7,7,7,1,7,1.236,2,0.446,0.616,-0.66,1,1,2.0,4,3.007,5,3,3,0,-3.443,0.0,3,0.0,7,3,0,4,5,6,3,4,1,3,0.525,0,3,3,0
5,4,4,2,3,-1.307,6,-1.545,-1.592,2.666,3,7,7.0,5,0.83,6,6,5,2,-1.282,0.0,0,576.19,5,6,5,6,5,6,5,2,0,7,-0.133,6,2,4,1
2,1,7,4,0,-1.946,2,-1.026,-0.557,-0.778,0,7,4.0,0,0.191,0,3,3,0,0.58,0.0,3,0.0,7,4,6,7,5,0,5,2,1,6,0.481,0,7,2,0
3,5,6,0,4,-1.144,5,-2.119,-2.476,1.018,4,6,6.0,5,0.499,2,6,3,2,-3.668,0.0,5,0.0,2,1,6,3,6,3,3,3,7,2,-1.445,6,3,1,0
2,2,5,4,4,-0.832,6,0.798,0.705,0.433,6,2,0.0,6,-1.0,5,4,3,0,0.809,0.0,4,0.0,6,4,5,6,6,4,5,3,7,4,1.403,7,5,3,0
0,2,3,7,1,0.772,3,-0.807,-1.446,0.016,1,5,5.0,3,-3.429,7,6,7,5,-3.269,0.0,2,0.0,5,1,3,3,4,3,4,3,0,7,0.157,3,2,5,0
4,6,2,2,7,-0.11,4,-1.728,-1.705,-0.408,5,2,6.0,3,-3.413,7,0,5,6,-5.389,0.0,7,0.0,6,5,7,4,4,5,3,5,4,3,-2.244,3,0,1,0
7,3,2,6,5,0.687,1,-1.048,-1.245,0.252,6,1,5.0,0,-1.352,3,5,5,3,-5.455,0.0,4,0.0,5,2,4,3,1,1,7,3,5,6,-1.047,3,3,0,0
0,3,5,7,4,0.862,5,-0.637,-0.457,-0.124,5,4,3.0,0,-0.555,7,0,2,3,-1.04,0.0,0,0.0,0,6,6,5,3,3,0,3,5,0,-1.599,1,1,6,0
1,3,2,1,5,-0.348,3,0.459,0.451,-1.038,0,4,4.0,5,-5.057,2,4,4,1,-0.999,0.0,5,0.0,7,2,6,6,7,2,4,2,5,7,0.694,2,2,1,0
6,0,0,7,1,1.741,5,0.211,0.655,1.412,5,1,2.0,5,1.498,3,7,4,4,-2.688,0.0,2,0.0,0,2,7,2,3,1,0,3,1,4,2.898,7,6,4,0
1,6,2,1,3,1.392,2,1.318,0.715,1.836,4,0,1.0,4,0.231,0,2,7,4,2.479,0.0,1,0.0,4,5,7,7,1,2,6,1,7,6,2.535,3,5,7,0
7,7,3,7,0,-0.071,4,-1.249,-1.152,-0.162,5,5,5.0,1,1.217,2,6,6,5,0.161,0.0,7,0.0,3,3,4,3,7,5,5,6,0,0,-0.023,5,1,6,0
6,1,4,7,3,1.168,3,-0.586,-0.699,2.786,4,0,4.0,2,1.074,3,6,7,7,-0.85,0.0,4,0.0,7,2,7,4,7,1,6,1,4,3,0.249,2,1,2,0
1,5,4,3,2,-0.144,2,-1.183,-0.625,-0.996,0,5,4.0,6,2.548,4,4,7,5,-1.822,0.0,5,0.0,5,2,7,2,4,6,4,6,2,0,-0.875,6,3,1,0
2,7,2,2,6,-1.64,6,0.32,0.209,0.734,0,1,2.0,0,-0.073,0,3,4,0,2.076,0.0,2,0.0,6,6,6,3,4,5,1,6,4,7,0.676,4,4,1,0
1,5,0,2,4,0.335,0,0.164,-0.523,0.663,7,6,3.0,1,2.039,2,7,0,4,3.232,0.0,2,0.0,4,6,3,3,2,3,5,6,6,7,-1.038,2,1,7,0
7,5,1,2,7,1.971,4,0.512,0.08,1.325,2,0,4.0,2,-3.107,6,2,4,1,-0.876,0.0,5,0.0,1,3,4,2,2,7,7,4,3,6,0.615,4,2,1,0
4,3,2,5,4,-0.96,1,0.296,0.374,-0.452,2,7,4.0,0,-1.641,1,1,3,2,-0.431,0.0,5,0.0,4,4,2,6,5,3,5,4,4,0,1.183,6,0,4,0
6,0,2,2,5,0.329,4,0.239,0.294,0.886,5,1,2.0,6,1.037,1,6,4,6,2.024,0.0,2,0.0,4,2,7,5,7,1,5,7,6,3,2.847,0,6,2,0
5,6,0,2,3,-1.422,7,0.108,0.43,-0.017,4,2,4.0,4,-1.416,4,4,4,3,2.109,0.0,4,0.0,5,1,6,2,3,2,7,4,7,6,-1.335,2,5,1,0
3,0,7,7,4,-0.856,2,-2.588,-1.56,0.438,5,1,6.0,3,-1.273,5,3,7,7,-0.658,0.0,7,0.0,3,6,6,1,6,0,5,7,0,4,-2.622,3,7,7,0
6,6,2,4,4,1.033,0,-0.077,0.129,-0.463,5,1,2.0,2,0.736,6,5,1,2,-1.888,0.0,3,0.0,6,3,6,3,4,1,7,2,1,7,-2.031,1,3,5,0
6,7,1,4,7,0.436,2,-0.682,-0.179,0.669,3,0,3.0,7,-0.258,3,3,3,7,-2.828,0.0,6,0.0,4,1,3,4,7,2,6,6,0,6,1.708,0,4,0,0
4,6,6,1,5,1.546,4,-0.345,-0.858,2.335,0,1,4.0,4,-1.166,6,1,7,3,-4.296,0.0,6,0.0,1,2,4,4,0,7,3,5,0,0,0.205,6,2,4,0
7,5,5,1,6,-2.419,0,0.622,0.171,2.81,4,7,3.0,5,-0.321,5,3,3,4,-2.298,0.0,3,0.0,6,7,0,4,5,3,5,7,3,1,0.935,3,2,1,0
6,3,2,7,6,-0.853,1,-0.932,-0.513,0.569,2,0,5.0,4,-2.628,7,5,0,1,2.84,0.0,7,0.0,5,2,6,1,4,2,2,1,6,5,-0.589,1,5,5,0
0,2,5,5,0,-0.1,5,-0.996,-1.2,0.124,2,0,5.0,2,0.146,3,7,6,7,-3.557,0.0,3,0.0,5,1,2,1,5,7,1,4,6,3,-2.674,1,6,4,0
5,6,3,7,0,-0.578,5,1.332,1.655,0.538,7,4,0.0,4,1.744,4,3,5,1,2.726,0.0,5,0.0,5,1,0,6,7,4,3,1,7,1,1.361,4,3,6,0
1,3,1,7,0,0.981,5,-0.524,0.628,1.747,5,3,2.0,5,-2.638,0,5,1,2,-1.735,0.0,2,0.0,1,0,2,5,7,4,4,2,5,6,2.07,1,5,2,0
6,5,4,7,4,-2.57,6,1.054,0.662,-1.212,4,4,1.0,0,2.524,1,3,4,6,1.392,0.0,3,0.0,3,3,1,7,6,3,1,3,6,2,0.03,4,3,2,0
6,0,6,2,1,0.468,4,1.881,1.6,1.593,2,0,0.0,7,3.616,7,7,4,4,5.641,0.0,3,0.0,5,5,1,3,4,0,3,7,0,7,2.418,7,4,6,0
0,0,3,2,1,-1.512,7,1.732,1.032,-1.589,6,0,1.0,1,2.124,3,5,0,5,0.756,0.0,2,0.0,1,2,3,3,2,6,2,5,1,4,-0.024,3,1,1,0
0,0,7,6,3,-1.598,4,-0.327,0.278,1.637,2,0,2.0,1,3.185,5,6,1,7,-1.062,0.0,1,0.0,1,0,5,7,7,3,0,5,2,0,-0.194,2,5,4,0
4,6,1,3,6,2.156,0,1.407,1.295,-1.9,4,1,2.0,1,-0.248,7,2,2,5,2.745,0.0,5,0.0,5,0,4,4,7,7,1,5,4,5,0.4,2,4,0,0
6,3,7,7,4,-0.147,3,-0.07,-0.62,1.595,6,7,4.0,4,-1.075,4,6,4,7,-1.232,0.0,5,0.0,6,6,6,5,0,7,7,5,1,5,-1.688,6,6,2,0
3,7,6,1,4,-2.005,4,0.115,-0.207,2.14,6,2,2.0,0,0.232,6,3,3,5,3.065,0.0,3,0.0,3,2,0,7,7,3,3,5,3,2,-1.501,7,0,1,0
1,4,5,1,3,-0.826,3,0.12,0.074,-0.872,6,3,4.0,2,0.552,2,0,3,0,1.313,0.0,6,0.0,7,7,7,0,2,1,7,2,6,7,1.202,1,0,1,0
3,3,2,0,7,0.53,4,-0.293,-1.695,-0.95,6,7,5.0,7,0.299,4,6,4,0,0.602,0.0,6,0.0,7,3,0,0,6,0,0,7,1,0,-1.472,3,1,4,0
3,1,4,2,4,-0.629,6,0.702,0.372,-1.22,6,5,4.0,7,0.974,0,0,0,5,-0.722,0.0,5,0.0,1,0,5,2,0,4,2,1,4,3,1.586,6,0,3,0
6,3,5,1,6,-1.189,1,-1.684,-0.739,0.665,2,6,4.0,1,0.38,7,1,0,2,0.75,0.0,1,0.0,1,4,7,2,0,2,3,1,0,3,-2.311,3,2,2,0
3,4,3,6,0,-0.204,3,-0.557,-1.054,0.472,2,4,4.0,3,-0.4,0,3,2,2,-0.531,0.0,1,0.0,2,2,2,3,5,7,3,5,5,2,0.579,0,4,7,0
6,3,7,1,3,-0.264,0,1.149,1.159,-0.448,1,2,2.0,5,1.602,2,5,3,2,1.265,0.0,3,0.0,7,6,3,4,0,0,1,4,3,6,1.847,3,3,0,0
2,7,4,3,5,-0.15,6,1.6,1.506,-0.732,5,3,1.0,1,2.364,6,2,5,7,6.302,0.0,3,0.0,3,6,2,6,0,5,2,4,0,6,0.013,5,5,6,0
3,3,1,1,0,0.085,3,0.263,0.263,-0.924,1,0,1.0,7,0.264,6,3,2,5,-1.299,0.0,1,0.0,5,0,2,3,0,0,4,3,4,2,1.026,2,1,3,0
0,7,3,4,1,-0.317,0,-0.512,-0.039,1.138,4,7,3.0,1,2.227,2,3,0,6,2.133,0.0,7,0.0,0,7,6,1,4,1,0,2,3,5,0.127,7,0,2,0
5,1,2,6,4,0.131,7,0.279,0.583,0.347,3,3,2.0,7,1.187,0,2,2,1,-2.161,0.0,6,0.0,7,5,6,6,2,3,6,1,3,5,0.366,2,5,4,0
2,3,1,4,2,1.023,1,-1.072,-1.637,0.868,0,2,6.0,3,-1.944,4,5,0,6,-4.591,0.0,7,0.0,4,7,1,4,6,1,1,4,0,3,-0.882,1,1,1,0
4,4,3,6,3,1.507,4,0.806,1.115,-0.196,1,0,2.0,1,0.282,1,3,4,3,2.925,0.0,1,0.0,0,0,0,6,3,7,0,1,4,7,2.587,2,3,1,0
4,1,2,1,1,-1.221,5,-2.057,-1.319,0.593,7,1,5.0,3,-3.647,2,4,1,7,-5.969,0.0,7,0.0,4,6,6,6,4,4,5,3,5,4,-1.888,5,0,3,0
1,1,2,1,7,-0.707,7,-1.444,-1.116,-1.126,2,0,5.0,6,-0.876,6,7,4,0,1.46,0.0,2,0.0,0,3,5,7,3,5,1,1,6,0,-1.051,2,1,1,0
5,7,1,0,3,-1.392,1,-0.991,-0.234,-0.018,5,2,2.0,0,0.369,1,7,7,1,1.753,0.0,7,0.0,7,6,2,7,1,3,4,5,4,7,-0.712,0,3,5,0
5,0,2,4,1,0.876,7,0.82,0.386,1.557,7,4,4.0,1,-0.958,6,2,6,2,1.677,0.0,4,0.0,3,1,1,7,6,6,3,2,2,1,0.734,2,1,7,0
0,5,3,6,1,2.979,2,-0.982,-0.716,0.345,6,5,6.0,1,2.832,0,3,6,4,-1.721,0.0,4,0.0,7,7,5,3,0,3,1,5,0,7,-0.731,6,2,0,0
3,2,0,3,7,1.171,0,-2.009,-1.851,0.595,4,3,6.0,3,-4.3,0,2,4,1,0.587,0.0,0,0.0,4,6,0,4,5,3,7,2,4,3,-2.911,3,2,1,0
2,0,3,0,4,-0.131,1,2.001,1.274,0.679,6,1,2.0,1,1.961,3,6,2,3,0.204,0.0,1,0.0,3,2,0,7,5,6,7,7,1,5,0.463,3,2,4,0
5,0,4,4,0,0.379,2,-0.252,-0.504,0.092,3,6,4.0,2,1.2,1,5,1,0,0.789,0.0,7,0.0,1,5,2,2,5,7,4,2,7,3,-1.017,1,4,3,0
6,0,2,2,6,0.898,3,0.77,0.933,0.589,1,5,1.0,6,0.919,4,7,2,0,0.7,0.0,0,0.0,2,6,7,5,2,7,0,0,5,4,1.611,0,4,1,0
3,3,2,0,1,-1.237,1,2.531,2.144,-0.627,4,5,-0.0,7,-0.169,1,1,1,1,0.539,0.0,4,0.0,3,1,6,5,5,2,7,4,2,7,3.164,7,4,5,0
0,5,1,0,6,-0.42,5,1.305,1.103,-1.178,0,4,3.0,7,2.638,5,7,0,4,3.974,0.0,5,0.0,7,3,7,5,0,0,6,7,6,4,1.394,5,2,4,0
4,0,5,5,0,-1.211,6,1.011,0.617,0.131,2,6,3.0,0,0.417,1,1,5,7,2.669,0.0,4,0.0,7,0,6,4,4,0,3,1,1,6,-0.481,0,2,1,0
2,2,5,2,7,0.827,6,0.064,0.893,0.589,7,4,3.0,1,0.749,5,7,6,3,-0.445,0.0,3,0.0,6,4,2,2,6,5,6,2,6,1,0.727,0,2,4,0
2,7,4,5,5,-0.685,6,-0.61,-1.222,-1.561,1,2,6.0,4,-1.187,5,2,4,7,-2.414,0.0,2,0.0,0,1,4,5,2,3,1,1,5,7,-2.366,0,6,3,0
5,6,3,0,1,-1.781,0,0.811,0.035,0.417,5,2,6.0,5,0.391,0,4,2,3,1.428,0.0,7,0.0,2,3,1,4,4,6,2,7,2,6,-0.99,7,2,1,0
4,6,2,0,4,1.52,3,-0.2,0.193,0.342,1,4,2.0,6,0.514,4,6,7,5,-0.303,0.0,1,0.0,5,0,5,3,3,4,0,0,1,2,0.394,5,5,0,0
0,4,0,4,0,-0.517,6,1.36,0.27,-0.185,1,6,2.0,1,-0.038,5,0,2,7,0.788,0.0,4,0.0,3,1,7,2,0,2,1,4,4,0,1.065,7,1,5,0
4,4,1,5,3,-1.756,3,2.126,1.096,-1.442,4,6,2.0,7,0.438,6,7,5,6,2.776,0.0,6,0.0,0,6,6,1,2,6,0,5,3,3,0.213,5,6,2,0
6,0,0,4,3,1.054,1,-0.451,0.029,1.816,2,2,4.0,4,-0.648,7,3,6,2,-2.347,0.0,2,0.0,2,5,0,0,7,3,2,4,0,7,1.429,2,5,4,0
5,3,7,2,3,0.261,2,-0.67,-0.565,-2.266,2,1,5.0,0,-1.317,5,6,5,6,0.287,0.0,2,0.0,1,5,3,1,1,0,1,6,0,0,-0.307,2,6,4,0
5,7,7,3,1,0.291,5,0.034,-0.484,-0.138,1,6,3.0,0,-1.092,5,5,2,1,1.132,0.0,2,0.0,3,6,1,5,5,7,6,3,4,4,0.196,4,5,5,0
0,4,5,0,2,0.018,4,1.582,0.627,0.233,1,5,2.0,0,-0.426,6,6,0,7,1.039,0.0,7,0.0,7,6,6,0,1,4,7,5,7,6,0.866,7,0,6,0
1,7,2,0,0,1.322,3,1.086,1.144,-1.057,5,6,2.0,3,1.663,5,1,3,7,3.81,0.0,5,0.0,6,7,1,4,3,7,2,2,4,4,1.301,0,5,5,0
0,6,2,3,2,-1.057,7,-0.441,-0.494,-0.547,1,6,5.0,4,-1.322,1,1,2,7,-1.557,0.0,6,0.0,3,7,6,5,1,3,6,2,6,3,0.799,6,7,5,0
2,0,7,4,5,0.907,6,0.574,0.278,0.293,3,0,4.0,4,0.461,7,7,5,2,-6.688,0.0,6,0.0,5,5,7,1,7,6,2,3,5,0,-1.236,5,4,3,0
5,6,7,0,6,-0.769,3,-1.143,-0.139,1.031,0,6,5.0,0,1.949,7,6,4,4,4.799,0.0,5,0.0,7,3,6,3,4,1,4,2,6,2,0.979,5,4,4,0
4,6,7,1,2,-0.306,1,-0.801,-0.54,-1.181,0,4,4.0,3,-2.065,3,0,2,0,0.582,0.0,5,0.0,3,4,5,7,5,7,2,1,1,1,0.205,6,4,7,0
1,1,2,3,5,-1.201,2,2.089,2.267,-0.495,5,6,1.0,7,3.588,0,1,3,0,5.066,0.0,0,0.0,1,0,4,3,4,6,4,4,0,0,0.943,6,3,2,0
4,1,7,7,5,1.167,6,1.668,1.087,-0.043,7,3,1.0,5,3.415,0,4,1,7,-0.771,0.0,0,0.0,5,4,3,3,4,7,4,5,0,0,2.218,4,6,2,0
1,7,1,0,1,0.927,1,-1.12,-0.295,-2.155,6,4,3.0,4,1.934,0,6,1,2,-4.152,0.0,5,0.0,0,3,6,4,3,3,3,1,4,2,0.061,6,3,3,0
1,2,7,7,5,-0.803,6,-0.459,-0.255,1.164,5,2,4.0,4,1.482,1,4,5,6,-1.098,0.0,4,0.0,7,7,4,1,4,7,2,1,7,5,-0.968,5,5,2,0
1,4,1,7,4,-0.431,0,1.793,1.678,-2.088,4,1,1.0,5,1.487,3,7,1,6,-0.863,0.0,6,0.0,6,7,5,4,4,1,4,1,1,4,3.197,0,1,5,0
5,4,0,6,1,0.998,1,-0.57,-0.768,-0.814,6,1,4.0,2,-1.869,6,3,2,1,-0.989,0.0,2,0.0,0,2,4,7,5,5,3,0,2,4,0.116,0,6,6,0
1,4,4,7,0,-0.551,2,0.291,-0.13,0.394,5,6,3.0,1,-2.246,5,2,0,5,0.05,0.0,0,0.0,4,7,4,3,3,1,0,5,2,1,-0.042,4,6,4,0
6,5,5,1,3,-0.254,6,0.036,-0.706,-0.096,3,4,3.0,4,1.013,2,1,5,2,3.791,0.0,4,0.0,5,4,1,4,4,6,1,2,6,6,-1.059,4,2,1,0
3,1,7,4,4,-0.43,4,-1.366,-1.021,-0.411,0,5,6.0,6,-2.831,5,3,3,6,-2.566,0.0,0,0.0,3,7,7,7,7,0,1,4,0,0,-2.816,6,1,2,0
2,4,7,7,7,1.923,4,-0.303,0.402,0.694,3,6,5.0,7,-2.687,0,3,1,0,-2.582,0.0,6,0.0,2,7,1,3,5,3,6,6,1,2,1.278,1,2,1,0
5,6,6,5,0,0.474,7,-0.752,-0.844,0.05,6,5,4.0,7,-1.055,1,3,3,7,1.146,0.0,3,0.0,0,4,4,0,7,3,3,4,7,4,-1.53,7,5,4,0
1,2,7,5,2,-0.038,3,1.205,0.887,0.671,1,5,2.0,2,1.577,7,0,3,0,1.285,0.0,2,0.0,7,6,3,4,6,6,0,2,1,6,2.545,2,3,5,0
0,4,4,0,3,-0.392,1,2.9,1.779,-1.723,7,3,-0.0,5,2.385,7,4,2,4,1.863,0.0,1,0.0,4,4,3,4,6,3,2,5,4,1,3.038,5,5,4,0
3,0,7,2,2,-0.891,7,0.286,0.113,-1.604,1,7,3.0,2,-1.965,4,4,7,1,2.071,0.0,5,0.0,1,2,5,0,3,6,3,5,1,0,0.089,0,1,0,0
6,7,1,4,1,0.355,3,-0.13,0.681,-0.835,3,0,2.0,5,0.565,5,6,2,4,2.351,0.0,7,0.0,0,4,4,7,7,6,6,0,6,4,0.064,0,5,0,0
4,2,2,5,1,0.206,5,1.553,0.933,-1.35,0,6,3.0,7,2.89,2,0,5,3,-3.573,0.0,3,0.0,3,5,6,3,1,3,4,7,2,7,0.434,5,0,7,0
3,3,0,7,4,0.537,0,-0.045,-0.125,-1.411,6,2,4.0,3,1.519,3,3,6,7,2.843,0.0,5,0.0,2,4,3,1,1,2,5,4,3,0,2.466,2,6,6,0
7,4,7,4,4,-0.542,1,-0.611,-0.257,-0.109,6,4,4.0,2,-0.211,7,1,5,2,1.164,0.0,3,0.0,6,5,4,2,3,3,6,3,2,0,-0.749,5,3,5,0
6,5,0,7,1,0.196,2,-1.64,-1.645,0.272,4,4,5.0,1,-0.627,3,7,4,0,-3.996,0.0,4,0.0,2,2,6,3,3,4,6,3,5,7,-3.027,4,4,3,0
5,4,1,3,1,0.185,6,1.945,0.907,0.767,2,4,2.0,3,0.183,3,6,7,2,3.427,0.0,4,0.0,5,7,4,2,5,7,3,1,4,1,0.739,2,2,4,0
6,1,2,6,6,0.098,7,0.842,-0.341,-3.211,5,6,3.0,7,-0.363,5,1,5,7,-2.574,0.0,4,0.0,5,0,1,6,3,4,5,3,0,5,1.449,0,2,6,0
5,7,6,5,4,-0.155,5,-1.173,-1.348,-0.19,7,4,4.0,7,-3.56,6,0,5,0,-0.987,0.0,7,0.0,5,7,6,3,5,7,5,7,7,3,-2.04,0,7,7,0
4,7,3,5,5,-0.588,0,2.863,2.779,-0.661,6,0,0.0,4,3.999,7,6,2,5,-0.75,0.0,2,0.0,2,0,0,4,2,3,1,5,4,3,3.093,7,3,5,0
7,2,7,1,1,0.139,5,-0.343,-0.99,-0.358,6,4,5.0,1,-0.328,3,4,1,4,-2.492,0.0,2,0.0,3,5,0,0,3,2,5,6,2,5,-0.633,6,5,3,0
4,0,2,1,7,0.923,4,2.086,2.263,1.291,6,4,-0.0,6,4.942,7,0,1,6,0.829,0.0,1,0.0,1,5,6,7,5,3,2,1,7,7,3.124,6,3,6,0
5,3,4,4,1,1.521,5,0.847,-0.0,0.79,4,2,3.0,4,2.291,3,6,6,2,-1.545,0.0,1,0.0,0,6,7,7,5,2,5,6,6,2,-1.897,2,0,4,0
3,5,5,2,5,-0.788,0,-2.463,-0.77,-1.122,3,7,4.0,0,0.314,7,7,0,6,0.422,0.0,7,0.0,3,6,7,7,0,0,2,5,4,1,-2.52,4,4,0,0
0,3,1,6,2,0.156,6,0.132,-0.362,0.021,2,6,3.0,5,-1.065,2,2,3,6,-0.216,0.0,3,0.0,0,7,7,6,0,4,2,0,0,7,-0.496,4,2,6,0
6,7,3,4,6,0.614,0,1.508,1.602,-0.045,3,2,1.0,7,1.477,1,1,3,5,4.089,0.0,5,0.0,5,5,7,0,3,5,1,5,2,6,0.399,6,0,1,0
4,6,1,7,4,2.029,7,1.265,0.656,0.857,7,0,2.0,0,0.158,0,4,5,3,-2.067,0.0,3,0.0,0,4,1,2,4,1,5,6,2,0,-0.207,4,2,6,0
5,4,6,6,0,1.151,2,1.278,-0.485,2.04,7,5,4.0,7,-1.053,4,3,3,2,1.478,0.0,6,0.0,0,0,3,0,1,2,1,1,4,3,-0.023,3,7,1,0
7,5,3,0,1,-1.262,3,0.77,1.269,1.747,7,1,0.0,1,1.416,7,1,5,0,3.638,0.0,2,0.0,7,7,1,3,4,4,4,7,2,5,0.941,1,5,2,0
0,3,7,7,4,-2.111,5,-0.295,-0.289,-0.59,2,0,4.0,7,-0.369,2,0,7,2,-1.14,0.0,7,0.0,2,4,0,3,4,7,3,7,7,7,-1.522,2,2,0,0
0,7,6,2,7,-1.281,3,2.747,1.666,-0.335,1,7,-0.0,2,0.378,5,6,6,7,4.17,0.0,0,0.0,1,4,4,3,4,3,7,0,5,3,2.774,3,3,4,0
5,5,7,2,5,0.668,1,0.807,1.292,-0.407,2,6,-0.0,6,2.816,4,6,1,0,0.985,0.0,7,0.0,2,1,1,1,2,4,1,0,7,5,1.321,4,4,5,0
0,5,4,4,2,0.729,1,-0.759,-0.785,1.471,6,2,4.0,0,0.458,1,6,7,7,-1.346,0.0,5,0.0,3,3,3,3,5,7,4,2,6,4,-2.277,2,4,2,0
7,6,2,4,1,-1.888,2,-0.379,-0.628,0.318,7,6,5.0,5,-0.141,2,0,7,7,0.057,0.0,4,0.0,1,7,2,2,7,0,5,7,6,0,-0.388,0,6,1,0
5,6,6,5,2,-1.661,4,0.975,0.89,0.692,7,1,2.0,3,2.96,3,2,5,4,1.223,0.0,7,0.0,2,6,7,5,4,6,6,7,5,6,0.791,6,4,3,0
0,3,3,2,4,-0.343,3,0.895,0.404,1.086,6,5,2.0,7,2.011,6,6,0,4,4.566,0.0,0,0.0,7,2,3,7,2,1,6,3,1,1,0.265,2,3,6,0
7,3,2,2,7,0.024,6,0.993,0.314,-0.492,7,3,3.0,6,2.641,1,6,0,3,-0.461,0.0,6,0.0,6,2,3,1,7,6,6,1,6,5,1.882,2,5,1,0
7,4,5,2,6,-1.872,2,0.017,0.664,-0.908,0,0,3.0,3,-0.258,6,3,2,1,0.455,0.0,1,0.0,7,4,6,3,5,0,1,5,7,3,-1.484,2,0,1,0
2,1,6,3,1,1.511,7,0.069,-0.186,1.102,6,0,4.0,1,0.896,1,0,1,1,1.379,0.0,2,0.0,1,3,5,3,6,4,3,5,7,7,0.08,6,2,5,0
2,5,6,2,0,-1.138,7,1.482,2.112,0.926,1,0,1.0,2,2.722,5,0,6,7,1.864,0.0,0,0.0,7,6,3,1,4,0,3,2,4,7,0.719,4,6,2,0
7,7,3,7,1,-0.718,2,-5.426,-3.086,1.566,1,3,9.0,5,-1.132,4,1,7,4,1.681,0.0,4,0.0,1,2,3,3,1,2,7,1,1,3,-4.268,2,1,7,1
7,6,4,3,6,1.39,1,0.501,0.082,1.419,2,1,2.0,6,0.675,7,7,5,4,-0.389,0.0,2,0.0,5,4,5,7,0,3,7,3,5,0,0.448,7,4,4,0
0,3,1,1,0,-0.296,5,2.455,2.063,-0.361,7,0,0.0,2,2.264,6,6,7,3,6.975,0.0,6,0.0,7,6,3,4,4,6,1,6,5,7,1.784,4,1,6,0
2,2,2,7,3,-0.636,2,-0.662,-1.238,-1.011,5,4,5.0,1,2.035,2,4,6,6,2.09,0.0,4,0.0,7,7,3,0,1,4,5,4,4,0,-1.008,6,2,2,0
0,6,4,6,5,-0.332,1,-0.992,-0.894,-0.672,6,1,4.0,2,-1.08,4,2,6,6,0.666,0.0,6,0.0,0,5,7,1,7,0,6,6,0,2,-1.951,5,6,1,0
0,1,4,3,7,0.059,3,-0.301,0.97,0.102,7,1,2.0,3,-3.464,4,4,6,0,3.424,0.0,3,0.0,0,4,6,7,4,2,4,4,5,2,0.932,4,4,5,0
2,6,1,2,2,0.335,6,1.029,0.464,-1.168,6,1,2.0,7,-0.521,7,0,6,2,2.295,0.0,2,0.0,5,0,6,4,7,4,6,7,3,6,1.768,6,2,1,0
0,0,3,5,2,-1.396,2,-1.072,-0.678,-0.645,3,4,6.0,5,0.382,2,4,1,0,-5.021,0.0,1,0.0,7,7,2,4,7,1,0,7,7,2,-1.079,7,1,5,0
7,0,0,3,5,2.419,7,-1.719,-1.508,-0.009,0,2,6.0,4,-2.817,4,0,7,2,-5.259,0.0,1,0.0,1,3,5,0,4,7,7,4,3,3,-2.479,4,5,6,0
0,7,7,7,0,-1.363,2,-1.903,-0.974,-0.974,4,6,5.0,4,-0.627,5,4,6,3,0.881,0.0,1,0.0,7,2,7,6,7,2,3,1,0,7,-0.994,1,5,2,0
5,5,2,2,6,1.675,3,0.572,-0.637,0.854,7,1,4.0,1,1.471,0,3,4,5,0.09,0.0,7,0.0,2,7,2,7,3,7,5,7,6,5,0.046,0,3,6,0
4,4,6,6,7,0.624,0,0.003,0.307,0.173,0,4,3.0,7,0.684,3,7,5,2,-0.922,0.0,6,0.0,5,1,1,1,7,3,4,1,1,6,1.517,6,2,3,0
4,0,7,7,6,-1.308,5,0.082,-0.172,-0.871,3,4,4.0,6,1.305,5,4,6,0,-0.859,0.0,7,0.0,6,5,3,2,7,3,1,3,6,3,-0.954,0,6,3,0
7,6,2,5,0,0.173,0,-1.199,-0.81,-2.288,5,5,4.0,3,-2.764,5,7,5,7,-2.351,0.0,3,0.0,7,4,4,4,7,4,0,7,7,5,-1.389,1,1,2,0
0,3,1,0,6,-1.053,3,1.552,1.175,0.125,7,3,1.0,2,0.764,5,3,6,2,-0.972,0.0,6,0.0,2,0,7,6,2,7,7,5,7,4,0.173,4,2,6,0
7,1,7,4,0,0.927,1,-1.237,-1.668,0.047,7,3,4.0,1,-4.416,7,6,2,7,2.206,0.0,0,0.0,2,1,3,1,2,5,2,3,5,3,-2.104,2,2,4,0
5,5,3,4,5,-2.111,1,1.597,1.373,-0.514,5,7,1.0,3,1.751,5,3,5,2,3.475,0.0,1,0.0,3,2,2,5,4,2,0,3,2,4,1.118,0,5,6,0
4,5,5,3,2,-1.474,4,-0.344,-1.615,-0.763,1,7,5.0,4,-0.168,0,5,2,2,0.567,0.0,1,0.0,3,2,4,6,4,0,6,2,7,1,-3.316,3,1,3,0
1,3,5,3,4,0.539,3,-0.981,-1.157,1.11,2,5,5.0,4,1.765,0,2,5,4,1.193,0.0,7,0.0,4,6,5,1,3,6,1,2,1,4,-1.442,2,2,0,0
7,3,6,1,5,0.075,2,1.891,0.806,-0.708,0,5,3.0,3,-0.329,0,3,4,0,-0.128,0.0,2,0.0,2,1,6,1,7,3,3,2,3,4,1.894,2,3,7,0
6,1,7,4,0,0.442,4,1.214,1.386,-0.489,4,0,2.0,0,0.809,1,5,2,4,-2.517,0.0,3,0.0,6,7,7,6,3,5,0,7,2,0,-0.074,3,1,0,0
0,1,2,2,4,1.376,0,-0.47,0.262,-1.425,1,1,3.0,2,-1.321,3,1,4,0,1.455,0.0,6,0.0,5,1,4,2,7,6,1,1,5,7,1.463,7,6,4,0
7,7,6,6,0,0.475,6,-0.732,0.803,-0.334,0,4,3.0,1,-0.412,7,4,1,4,2.653,0.0,4,0.0,7,1,0,1,1,1,4,1,1,1,-0.194,0,5,7,0
0,2,0,5,2,-0.487,6,2.066,0.767,1.228,2,7,0.0,7,0.402,0,7,5,6,0.448,0.0,0,0.0,0,2,4,3,2,5,5,5,4,1,-0.401,6,0,7,0
3,5,4,2,5,0.198,5,-0.067,-1.035,0.941,0,4,5.0,5,-3.078,2,3,5,3,0.632,0.0,3,0.0,0,5,3,7,4,6,7,5,2,3,-1.627,2,0,7,0
7,7,5,2,1,-1.141,4,1.181,0.977,0.314,7,6,3.0,6,0.072,4,2,5,0,0.061,0.0,4,0.0,3,2,2,6,0,2,2,6,4,6,1.741,5,0,3,0
2,7,6,0,3,0.086,2,-0.553,-0.015,-1.638,1,1,3.0,1,2.158,2,1,7,7,-2.515,0.0,7,0.0,0,0,3,0,4,1,6,2,0,3,-0.676,3,3,5,0
3,1,4,0,3,0.661,1,2.121,1.212,-0.862,1,1,1.0,2,0.824,4,0,0,3,-1.918,0.0,7,0.0,4,2,4,7,7,6,7,7,2,7,2.028,2,7,2,0
3,0,0,2,2,-1.243,5,-0.059,0.517,1.383,7,0,2.0,3,-0.679,2,5,7,2,-2.231,0.0,2,0.0,0,0,0,1,6,7,6,3,7,4,-0.058,0,2,7,0
1,3,6,4,3,0.581,0,2.457,1.99,1.025,6,1,-0.0,1,0.794,1,4,3,6,1.391,0.0,4,0.0,0,2,2,5,1,5,4,3,7,3,0.756,2,7,0,0
2,3,5,2,0,-0.068,6,1.006,0.807,0.019,7,2,3.0,5,3.52,5,0,6,1,-0.147,0.0,7,0.0,2,3,3,5,1,1,0,1,5,1,1.301,1,5,4,0
4,6,7,2,5,-1.255,6,1.857,1.034,0.143,5,3,2.0,1,-2.57,7,2,1,3,-1.193,0.0,0,0.0,5,7,6,2,1,3,2,7,2,7,2.427,5,3,1,0
4,6,7,2,3,0.534,4,-0.043,0.495,-0.02,2,7,2.0,0,0.709,6,6,5,7,-0.4,0.0,4,0.0,6,1,5,4,7,1,1,5,5,0,1.542,4,0,0,0
1,0,1,1,2,1.694,4,2.173,1.651,-1.512,3,2,1.0,5,-1.566,4,5,2,3,4.396,0.0,6,0.0,1,0,0,7,7,5,2,5,3,4,4.662,1,3,6,0
4,1,6,2,0,0.5,6,-0.498,-0.254,1.2,1,4,2.0,7,-2.038,6,1,6,0,2.123,0.0,3,0.0,1,5,3,1,3,5,1,7,7,6,-0.485,3,6,0,0
0,1,4,7,7,-0.97,0,0.826,0.071,0.799,5,0,3.0,3,-0.671,2,4,1,0,-1.863,0.0,1,0.0,4,1,2,6,0,1,7,5,7,3,0.875,6,4,5,0
0,0,1,2,1,0.151,7,0.89,0.91,-1.515,3,4,3.0,0,-0.462,4,1,1,4,3.066,0.0,6,0.0,6,4,4,2,3,2,2,4,2,0,1.873,0,4,4,0
6,7,5,1,4,-3.363,0,-1.582,-1.209,0.199,3,2,6.0,1,-1.732,2,2,0,6,-1.534,0.0,1,0.0,4,6,7,0,0,4,5,1,5,2,-1.539,0,2,3,0
3,5,2,4,0,0.049,4,1.402,1.656,1.461,4,4,1.0,3,3.182,2,2,5,1,-0.904,0.0,4,0.0,2,3,1,5,0,3,0,3,7,2,2.364,1,7,6,0
0,3,7,2,6,0.567,0,0.745,1.647,0.115,1,0,0.0,1,4.428,7,4,3,2,2.526,0.0,7,0.0,3,7,6,6,7,3,7,1,0,6,1.892,2,2,3,0
4,1,3,5,3,0.833,7,1.755,1.688,-0.088,4,1,1.0,3,-0.26,6,4,2,2,-2.115,0.0,0,0.0,1,3,5,0,0,5,4,3,7,5,3.613,5,3,0,0
5,4,5,6,0,-0.098,4,-1.708,-0.417,-0.328,4,1,4.0,3,0.787,4,4,2,1,-2.574,0.0,1,0.0,7,5,3,7,2,2,7,6,0,4,-0.582,5,3,4,0
4,0,2,0,7,0.121,2,-0.937,-0.816,1.51,4,1,5.0,4,0.189,6,2,7,5,-0.632,0.0,7,0.0,3,2,6,2,2,6,6,6,0,5,0.675,0,2,5,0
0,2,1,3,1,0.609,6,2.42,1.37,-0.279,1,3,-0.0,7,-0.871,6,2,1,7,2.546,0.0,5,0.0,1,6,7,6,0,2,2,6,5,4,0.224,6,4,4,0
5,3,2,0,2,-0.796,5,-0.248,-0.49,1.948,0,3,3.0,0,3.056,6,2,6,4,-0.147,0.0,2,0.0,3,1,6,5,4,2,5,5,7,0,-1.126,1,6,4,0
7,5,2,6,4,-0.013,4,0.588,1.165,-0.485,1,5,2.0,0,3.401,1,4,4,4,-1.758,0.0,7,0.0,0,3,4,6,1,5,5,6,3,5,0.759,6,2,7,0
3,4,3,3,4,0.214,3,-0.867,-1.336,-0.318,6,3,4.0,3,-0.716,3,7,7,6,0.44,0.0,6,0.0,6,5,2,3,1,1,4,0,0,2,-0.841,4,1,2,0
1,7,2,0,1,1.286,7,1.245,0.196,-1.555,3,2,2.0,1,1.223,0,6,1,2,1.673,0.0,1,0.0,2,2,3,6,0,3,6,4,2,4,0.127,4,7,4,0
2,7,5,2,2,1.021,1,0.508,1.202,0.678,7,4,2.0,2,1.322,3,3,1,2,4.27,0.0,7,0.0,3,7,5,3,1,1,1,7,6,3,1.393,3,6,0,0
3,7,0,3,0,-0.214,6,0.587,-0.028,-0.417,0,1,4.0,1,-1.975,6,4,5,3,-1.235,0.0,3,0.0,1,5,0,4,0,5,1,2,4,0,0.029,2,4,1,0
0,2,2,0,0,-0.015,1,-2.023,-2.329,0.894,6,1,6.0,7,-3.622,2,0,2,0,-1.132,0.0,3,0.0,0,5,5,6,1,5,4,3,5,1,-0.818,6,5,0,0
4,3,3,1,1,-0.679,0,-0.309,-0.883,-0.494,3,5,3.0,4,-1.047,1,3,5,5,-1.163,0.0,4,0.0,1,6,3,6,7,1,7,0,7,1,1.201,3,7,5,0
6,6,0,6,7,0.178,4,-1.027,-0.405,0.83,0,1,2.0,4,0.877,4,1,2,3,-0.324,0.0,7,0.0,0,3,7,2,0,7,7,3,4,3,2.416,7,2,4,0
5,6,7,0,1,-0.159,3,2.537,2.422,-0.715,1,3,-0.0,2,4.037,6,5,0,7,-1.354,0.0,1,0.0,6,5,0,7,3,0,1,1,0,2,4.051,5,1,1,0
1,4,3,6,0,0.38,2,-1.785,-0.705,-1.722,6,0,4.0,2,1.946,2,6,5,2,-1.464,0.0,0,0.0,2,6,2,0,0,5,3,7,1,4,0.041,1,1,4,0
7,2,3,2,1,3.564,0,0.081,-0.597,-0.517,4,2,4.0,0,-4.507,5,7,3,5,-3.803,0.0,2,0.0,3,4,1,3,4,5,3,3,5,4,-1.135,7,6,1,0
6,5,4,5,5,-0.131,1,1.452,1.278,-0.648,7,3,0.0,0,0.966,1,5,0,7,1.376,0.0,1,0.0,0,1,4,2,5,3,7,5,7,0,1.462,5,7,1,0
6,5,6,0,4,1.447,6,-0.25,-0.002,0.815,3,1,3.0,5,0.535,2,4,1,3,0.397,0.0,1,0.0,6,4,4,5,5,6,4,6,3,5,0.684,0,0,1,0
4,7,6,1,0,-1.952,4,-0.541,0.399,0.341,7,7,3.0,1,0.888,7,0,6,4,-0.9,0.0,5,0.0,4,1,7,4,4,7,0,5,1,2,0.327,5,4,0,0
1,3,6,2,3,1.654,2,-1.148,-1.53,2.739,3,5,7.0,2,-1.123,4,7,3,0,-1.327,0.0,5,0.0,1,6,6,3,3,0,7,1,1,6,-0.179,2,1,7,1
2,6,0,1,4,3.807,6,-1.085,-0.517,-0.621,3,5,5.0,5,0.191,2,0,6,5,-0.178,0.0,4,0.0,4,1,2,1,4,3,3,1,0,7,-0.031,0,5,4,0
1,4,0,0,6,1.216,3,-0.029,-0.92,-0.12,6,7,5.0,4,-2.339,1,4,1,4,-3.733,0.0,2,0.0,1,1,2,6,2,6,7,0,4,4,-1.097,7,7,3,0
2,5,3,7,0,0.72,2,2.986,2.282,-0.181,1,4,0.0,1,1.725,4,6,7,0,1.606,0.0,3,0.0,2,0,2,3,2,4,4,4,2,5,1.281,2,1,0,0
3,4,6,1,4,0.315,3,1.895,0.425,-0.048,3,1,3.0,7,0.146,5,1,2,4,2.096,0.0,6,0.0,0,1,5,6,7,5,3,3,1,7,0.919,7,2,5,0
5,5,7,7,4,0.791,1,0.37,1.265,-0.547,7,3,1.0,1,0.185,7,3,5,1,-1.243,0.0,7,0.0,5,1,3,5,5,5,1,6,6,0,1.946,0,7,1,0
5,7,5,2,3,0.865,0,2.305,1.377,0.625,5,1,1.0,3,3.718,0,0,5,2,3.931,0.0,5,0.0,7,7,2,3,6,0,4,7,1,7,1.109,0,6,7,0
6,7,7,0,0,-1.731,2,-1.113,-0.908,-2.245,3,0,5.0,0,-2.847,1,2,0,4,-0.044,0.0,1,0.0,2,1,0,1,4,5,0,7,3,0,-0.139,1,3,1,0
2,5,4,1,7,-1.189,2,-0.598,-0.82,1.093,1,3,4.0,7,-3.241,2,2,2,0,0.992,0.0,0,0.0,4,0,1,7,0,0,6,5,3,7,0.585,7,7,2,0
2,6,5,6,4,-0.312,1,0.073,-0.789,-1.071,0,4,5.0,4,1.778,0,4,3,3,-0.813,0.0,4,0.0,7,6,6,5,1,0,3,7,5,5,-0.363,2,2,2,0
5,6,1,4,2,0.079,7,-0.969,-0.77,-0.491,0,7,6.0,0,-3.022,3,3,0,5,-0.222,0.0,1,0.0,4,4,1,5,7,6,1,6,3,5,-0.886,0,4,1,0
0,2,1,4,2,1.533,3,-0.954,-0.207,0.32,1,5,3.0,2,-0.879,6,7,3,2,4.6,0.0,3,0.0,7,4,7,2,6,7,7,4,3,6,-0.742,0,1,6,0
2,0,4,2,0,1.198,2,-1.41,-1.166,-0.047,0,0,5.0,6,-4.24,5,7,6,3,-0.265,0.0,7,0.0,3,5,4,0,1,5,0,2,3,1,-1.7,3,5,2,0
1,2,3,0,1,1.03,6,0.614,0.83,0.374,6,3,2.0,6,2.854,1,7,2,5,-4.513,0.0,3,0.0,0,2,3,0,6,4,6,5,3,1,2.392,3,5,4,0
1,4,4,7,3,1.798,3,-1.852,-0.964,-0.809,1,4,4.0,2,-0.479,3,2,3,4,-2.736,0.0,3,0.0,5,5,5,5,1,0,5,3,3,0,-0.732,5,5,3,0
0,3,2,6,1,2.055,1,0.29,-0.087,-1.428,5,0,4.0,3,2.749,7,0,0,6,-1.257,0.0,1,0.0,1,3,5,3,4,0,4,0,6,5,-0.94,7,4,2,0
0,4,0,1,5,0.855,6,-0.518,-0.045,-0.26,1,1,4.0,3,-1.354,3,5,0,3,-3.405,0.0,2,0.0,2,0,5,7,3,7,6,3,6,7,1.016,5,7,1,0
5,6,5,3,4,-0.548,7,-0.745,-0.717,-2.068,6,2,4.0,5,-2.692,3,1,5,1,-3.171,0.0,6,0.0,0,3,6,5,3,5,5,6,2,1,-0.694,2,1,0,0
1,6,7,0,1,0.407,5,1.378,1.068,4.367,2,7,1.0,4,3.198,6,5,4,7,3.303,0.0,5,0.0,3,4,0,4,4,4,7,0,5,5,2.087,1,2,1,0
3,3,7,1,6,0.029,4,-1.031,-0.739,0.495,4,2,4.0,4,-2.238,7,2,6,4,2.916,0.0,6,0.0,1,2,0,2,2,5,1,5,2,7,-0.922,3,3,1,0
6,3,0,7,4,0.17,1,0.122,1.013,1.569,5,5,2.0,0,0.848,7,1,0,7,3.149,0.0,1,0.0,5,5,4,7,6,0,7,7,1,3,0.864,7,7,2,0
6,5,5,0,1,-0.895,0,-1.432,-0.807,-0.613,2,3,5.0,4,0.265,3,5,1,5,0.888,0.0,7,0.0,6,0,1,2,6,7,2,5,3,0,-0.741,2,0,6,0
0,3,0,1,5,-1.19,1,-0.355,-0.091,0.622,4,0,4.0,7,-0.735,3,1,7,2,-0.91,0.0,0,0.0,4,0,4,0,5,1,0,0,4,1,-0.017,1,6,4,0
7,5,3,2,6,0.195,7,1.135,0.746,0.8,4,3,2.0,5,0.476,3,7,3,7,-3.178,0.0,1,0.0,1,2,2,3,0,3,6,1,7,7,0.705,3,7,6,0
4,6,3,6,3,1.041,5,1.637,1.486,-0.246,4,4,2.0,2,3.631,4,5,4,6,1.51,0.0,4,0.0,3,0,1,3,5,1,0,6,3,7,-0.407,4,5,7,0
6,0,3,3,6,1.561,5,0.151,-0.138,-1.417,5,0,3.0,3,-0.74,0,5,7,5,-2.289,0.0,2,0.0,6,7,1,1,6,5,5,6,1,7,0.282,3,2,3,0
5,0,2,2,3,0.466,3,0.035,-1.049,1.748,2,2,4.0,6,0.716,2,3,5,4,0.85,0.0,1,0.0,0,1,2,4,0,6,1,1,7,4,-1.75,4,3,0,0
1,3,0,3,6,0.14,0,0.712,0.968,0.419,7,0,2.0,3,-1.265,3,3,0,3,-0.445,0.0,6,0.0,3,5,5,5,3,0,2,3,0,6,1.502,6,0,3,0
4,2,3,2,0,-0.557,6,-0.393,-0.374,-0.394,0,1,3.0,2,1.101,2,5,0,6,-0.042,0.0,3,0.0,5,4,2,6,7,6,7,0,1,6,1.518,3,1,4,0
3,6,6,1,6,-1.182,5,-0.447,-0.097,-0.508,6,1,4.0,4,-1.211,3,6,3,5,0.6,0.0,5,0.0,1,0,7,1,0,2,3,5,3,4,-0.831,6,4,4,0
0,0,3,2,6,-0.178,0,0.111,-0.635,0.769,4,2,5.0,7,2.247,4,6,2,4,1.035,0.0,5,0.0,0,0,1,0,1,3,3,4,7,1,0.688,6,3,1,0
7,1,0,1,5,-0.666,4,0.999,0.548,-0.392,3,1,3.0,3,2.859,6,3,1,3,2.408,0.0,6,0.0,7,4,0,0,4,0,1,2,2,6,1.76,2,2,5,0
1,5,4,2,5,2.114,6,-0.682,-0.575,-1.303,6,2,3.0,1,-1.363,5,0,6,7,-0.724,0.0,5,0.0,0,5,2,4,2,2,3,2,3,5,-1.261,2,7,0,0
7,4,3,1,7,0.306,1,-0.637,-0.598,0.157,4,4,5.0,2,-2.273,5,3,4,2,-3.362,0.0,1,0.0,5,0,3,5,3,6,4,7,2,6,-1.666,2,6,7,0
7,1,4,6,6,-1.078,0,-0.001,-0.461,0.752,3,0,3.0,2,-1.205,0,5,3,2,-0.361,0.0,5,0.0,0,6,1,7,7,7,5,1,3,6,-2.197,0,5,4,0
2,7,5,1,6,1.425,4,-0.253,-0.625,-1.017,5,3,4.0,1,-1.374,2,3,4,1,-2.341,0.0,3,0.0,2,5,7,3,4,3,0,6,7,5,-1.934,7,7,5,0
2,4,1,5,6,1.55,2,0.561,0.404,-0.316,6,7,2.0,7,1.386,7,7,4,4,4.682,0.0,0,0.0,2,2,5,0,0,0,2,1,6,3,-0.272,0,5,2,0
4,3,4,2,7,1.11,4,-0.548,-0.752,0.146,0,5,4.0,7,-3.326,0,7,6,5,-4.757,0.0,2,0.0,5,1,7,6,2,7,5,3,7,7,-1.683,6,6,0,0
7,0,1,6,4,0.356,2,-1.403,-0.632,-2.014,6,7,4.0,6,0.44,4,7,7,1,1.957,0.0,0,0.0,2,1,4,5,3,3,1,2,0,6,-1.534,1,0,4,0
6,3,4,3,6,-2.635,7,0.451,1.173,-0.849,0,5,2.0,2,3.067,2,5,3,2,-1.592,0.0,3,0.0,6,5,0,2,4,4,2,2,4,0,1.464,4,3,3,0
2,4,4,5,7,-0.168,0,1.523,1.42,0.605,4,4,2.0,3,0.962,4,5,4,6,-1.369,0.0,2,0.0,1,0,5,4,1,3,0,7,7,1,-0.712,0,3,3,0
2,2,7,0,6,-0.235,3,2.688,2.281,-0.012,5,5,0.0,0,1.065,4,3,4,1,4.653,0.0,0,0.0,3,4,6,4,6,7,0,3,3,4,3.286,2,7,4,0
0,6,4,4,1,-1.128,3,-0.559,-0.22,-1.303,2,5,4.0,2,-1.677,5,7,1,3,-0.653,0.0,3,0.0,0,5,1,1,1,2,0,5,7,2,-0.976,3,4,5,0
4,7,4,7,5,2.624,6,-0.455,-0.533,-2.123,5,2,4.0,6,-0.331,2,1,6,7,-2.16,0.0,2,0.0,6,6,3,0,7,1,0,3,2,3,-1.757,6,5,0,0
5,1,0,5,4,1.09,6,-0.214,-0.507,1.121,5,2,5.0,4,-1.737,4,2,6,1,-0.147,0.0,0,0.0,0,3,2,4,7,7,4,4,5,1,1.225,6,4,2,0
1,5,6,2,7,0.916,2,-0.532,0.195,0.635,6,1,3.0,5,-0.113,7,3,4,0,2.639,0.0,5,0.0,6,4,3,1,3,0,4,5,4,1,0.386,2,2,1,0
4,5,3,3,4,-0.055,6,2.117,1.633,0.103,3,0,1.0,0,2.669,6,2,0,0,-2.478,0.0,0,0.0,4,1,7,7,6,6,0,0,0,5,1.953,1,7,0,0
5,2,3,6,1,-1.454,3,1.963,2.229,0.987,7,6,1.0,0,0.917,1,0,6,1,1.514,0.0,2,0.0,6,1,2,1,7,1,6,5,2,3,3.048,5,2,6,0
1,6,2,3,2,-2.004,0,-0.363,-0.387,0.793,3,0,4.0,1,1.368,1,5,3,1,-2.108,0.0,4,0.0,1,3,4,2,7,7,6,3,6,7,0.705,1,5,1,0
5,0,3,0,4,-0.672,1,0.217,0.041,-1.3,6,1,2.0,5,-0.606,7,2,1,0,-0.038,0.0,7,0.0,2,1,1,3,0,3,4,1,4,7,-0.906,7,1,6,0
6,0,6,2,6,-0.035,3,0.297,-0.07,0.324,5,7,3.0,6,0.253,6,4,3,5,1.661,0.0,4,0.0,7,2,2,0,2,3,6,7,5,7,1.261,5,3,7,0
1,1,2,1,6,-0.148,3,-1.706,-0.432,-0.345,2,1,5.0,4,1.207,4,0,1,0,-0.801,0.0,5,0.0,1,4,1,2,3,4,2,0,2,2,-1.073,3,0,1,0
6,2,0,1,0,-0.22,1,0.109,-0.907,0.767,7,6,3.0,6,-2.827,3,5,0,0,0.436,0.0,4,0.0,7,0,6,6,4,0,3,1,2,4,-0.774,4,5,1,0
5,3,5,7,4,1.563,0,-1.514,-1.696,0.206,4,3,4.0,0,-2.683,7,7,1,6,-5.543,0.0,2,0.0,2,3,6,1,4,1,4,6,6,6,-0.727,7,5,7,0
4,2,7,3,0,0.21,5,-1.819,-1.445,0.447,7,1,6.0,5,-0.418,4,7,1,0,0.79,0.0,4,0.0,3,5,2,0,1,1,2,5,2,7,-0.777,2,2,7,0
1,5,6,1,2,-0.653,4,0.695,0.498,1.272,1,3,3.0,5,-0.211,0,4,1,7,-2.135,0.0,0,0.0,3,6,5,4,3,0,3,3,0,1,1.238,6,6,7,0
0,0,5,4,1,0.044,4,0.597,0.699,-0.471,1,4,1.0,6,-0.541,6,3,2,4,-0.756,0.0,4,0.0,4,5,7,6,0,4,4,4,4,5,-0.347,3,4,3,0
3,1,0,3,0,1.088,5,0.155,-0.067,0.188,5,0,4.0,7,0.412,5,1,1,7,1.369,0.0,7,0.0,7,6,0,2,2,7,1,4,4,0,-0.416,3,1,6,0
2,2,3,3,5,0.094,4,1.29,0.889,-0.548,3,7,2.0,1,1.788,7,7,3,4,1.012,0.0,7,0.0,1,7,2,4,6,5,2,5,0,4,1.196,0,4,6,0
4,4,2,3,2,2.156,5,-0.59,-0.238,-0.572,1,2,2.0,7,-0.414,0,1,7,6,-1.949,0.0,7,0.0,1,2,6,3,1,3,5,6,2,3,2.275,6,4,2,0
2,5,6,0,3,1.071,4,0.086,-0.186,-0.475,6,1,3.0,0,-0.826,3,4,0,7,0.028,0.0,4,0.0,2,7,1,4,7,5,6,6,3,4,0.556,0,1,3,0
1,3,0,4,0,-0.003,5,0.302,0.316,0.978,5,5,2.0,5,1.03,0,4,4,4,3.366,0.0,6,0.0,5,1,7,5,6,7,3,1,5,7,1.122,2,1,7,0
4,3,3,3,5,-0.691,0,1.42,1.678,1.43,4,7,1.0,5,2.571,3,0,4,0,0.191,0.0,1,0.0,0,2,2,0,5,4,4,1,4,0,1.732,4,3,6,0
0,4,2,4,5,0.137,4,0.386,-0.623,1.085,5,4,2.0,5,-0.941,7,4,4,7,0.991,0.0,5,0.0,0,2,6,1,6,5,6,2,7,3,0.584,0,3,2,0
1,5,0,7,0,-1.009,1,-0.174,-0.044,0.111,6,2,3.0,2,0.763,7,4,6,4,2.322,0.0,3,0.0,1,6,0,6,6,2,0,3,1,4,-0.92,2,1,2,0
3,1,0,0,1,-1.468,4,-0.406,-1.364,-1.063,7,5,4.0,2,-2.28,7,4,7,3,-3.421,0.0,5,0.0,5,4,3,3,1,3,4,7,7,0,-1.904,3,2,3,0
6,1,3,7,1,-0.615,6,-0.101,0.345,1.456,6,2,3.0,4,1.31,4,1,5,1,-4.265,0.0,1,0.0,0,2,4,0,2,5,1,1,6,2,-0.891,0,7,2,0
7,0,7,2,0,-0.551,7,-0.393,-0.015,1.565,4,7,5.0,0,-0.001,4,2,1,7,-2.158,0.0,5,0.0,3,6,2,6,0,6,3,2,7,7,1.031,1,0,0,0
1,7,1,1,7,-0.889,1,0.076,0.318,-1.436,3,5,2.0,0,3.511,4,4,0,7,0.338,0.0,0,0.0,1,2,4,2,6,2,4,2,7,6,0.423,3,4,7,0
3,5,4,1,6,-1.851,0,0.426,-0.256,0.633,5,3,4.0,3,-1.838,3,1,7,0,2.227,0.0,5,0.0,3,1,7,1,5,6,4,5,7,4,-1.401,0,6,7,0
5,4,7,6,4,1.61,2,-0.32,-0.415,-0.767,2,1,4.0,7,0.297,2,7,4,4,-0.545,0.0,4,0.0,2,3,5,7,1,2,7,6,6,2,0.748,1,1,6,0
7,2,7,4,0,0.374,7,1.952,1.726,0.211,6,2,2.0,6,-0.179,5,4,5,5,1.289,0.0,0,0.0,5,3,1,3,2,5,2,2,5,3,2.811,5,3,2,0
4,5,4,1,2,-0.875,6,-1.305,-1.134,-0.144,2,2,4.0,3,-2.99,1,4,3,6,-3.548,0.0,2,0.0,4,0,4,4,5,1,0,6,5,2,0.072,5,4,1,0
2,3,5,5,6,1.196,7,-1.011,-0.501,0.743,5,5,5.0,4,-0.63,4,1,6,5,3.621,0.0,0,0.0,7,3,5,6,3,3,2,4,6,1,-1.202,5,3,4,0
0,0,1,2,4,0.432,0,2.019,0.928,0.619,6,3,1.0,7,1.307,7,4,5,7,-0.203,0.0,0,0.0,2,4,2,1,2,3,5,7,2,2,1.996,5,2,4,0
0,5,1,4,7,-0.355,6,-1.006,-1.278,-0.302,4,1,5.0,2,2.036,4,5,1,0,-0.393,0.0,2,0.0,1,3,1,2,6,7,2,2,1,4,-0.717,2,4,3,0
1,3,3,1,2,-0.903,7,0.625,0.238,0.448,5,0,3.0,4,-1.337,4,3,0,0,0.865,0.0,4,0.0,3,6,6,0,6,5,7,0,1,7,0.439,3,6,2,0
0,0,1,4,3,0.981,5,2.546,1.329,0.096,2,2,-0.0,5,1.84,3,7,4,1,3.569,0.0,3,0.0,4,7,1,6,2,5,2,1,0,1,2.66,3,7,6,0
0,4,6,6,1,-2.139,0,-0.496,-0.284,-0.735,2,1,3.0,1,1.557,6,6,1,1,-0.59,0.0,3,0.0,6,5,5,1,4,1,4,5,5,6,-1.071,3,5,3,0
4,6,0,2,1,0.253,6,-1.489,-1.992,1.257,3,7,5.0,2,-1.487,1,7,4,6,-1.434,0.0,1,0.0,1,5,2,2,6,2,1,3,0,5,-1.704,5,6,5,0
6,0,0,0,6,-0.454,2,-2.013,-0.869,0.854,7,0,6.0,4,0.564,6,0,6,7,-2.178,0.0,7,0.0,6,7,0,6,4,3,5,1,7,1,-1.915,2,7,5,0
7,2,1,7,3,0.0,1,1.803,1.366,-0.736,0,4,0.0,2,3.694,4,3,5,7,2.709,0.0,0,0.0,6,6,5,5,3,1,0,0,2,0,2.57,0,0,1,0
6,7,3,7,0,-0.477,4,0.549,1.147,0.583,7,1,2.0,1,0.307,0,3,7,2,-1.407,0.0,5,0.0,7,5,4,4,7,4,2,5,5,6,0.882,6,6,2,0
0,3,2,0,0,1.11,2,0.088,0.725,-3.132,0,0,2.0,0,0.765,5,6,5,2,-1.568,0.0,0,0.0,0,7,5,3,6,5,5,2,6,3,1.344,0,1,1,0
5,0,0,7,1,-0.882,1,-0.03,0.069,-1.28,0,3,3.0,4,-0.621,7,2,1,7,1.385,0.0,7,0.0,7,0,1,5,7,3,7,1,7,2,0.671,6,6,5,0
6,5,1,2,0,1.663,7,1.757,2.084,-0.511,1,6,1.0,2,2.963,4,0,4,7,4.174,0.0,1,0.0,1,3,5,6,2,4,6,6,3,1,0.839,1,6,2,0
1,0,2,6,7,0.881,7,-0.776,-0.535,2.335,0,5,4.0,5,-0.032,5,4,2,0,-3.439,0.0,4,0.0,4,6,5,5,6,2,4,4,7,7,-2.987,4,2,1,0
3,0,7,6,4,0.636,5,0.643,-0.232,0.996,4,4,2.0,4,-0.562,2,3,5,5,1.659,0.0,4,0.0,6,6,6,7,1,0,7,3,2,6,0.412,2,4,4,0
5,2,1,7,4,0.764,4,1.26,0.282,1.567,7,2,3.0,0,-1.084,4,3,0,2,3.667,0.0,2,0.0,2,7,5,1,0,1,3,6,1,7,1.97,3,0,2,0
2,2,3,5,5,-0.081,2,-1.814,-0.942,-0.8,3,2,4.0,2,1.219,3,3,4,4,-1.687,0.0,0,0.0,0,5,0,1,5,4,2,0,1,4,-2.247,0,0,5,0
7,4,5,5,2,0.716,1,0.995,1.185,1.351,2,5,2.0,2,2.9,4,4,0,7,-0.133,0.0,1,0.0,3,5,6,7,6,0,3,2,3,0,1.075,1,6,2,0
4,0,0,1,7,0.902,2,-0.276,-0.525,-0.285,0,1,3.0,4,1.046,5,2,4,6,-0.14,0.0,0,0.0,2,3,2,3,2,3,6,2,2,4,0.818,6,1,1,0
3,4,1,0,7,0.782,6,2.31,1.44,-0.139,4,3,1.0,5,3.728,2,5,2,1,3.038,0.0,3,0.0,4,7,2,2,5,2,1,6,4,1,0.932,1,4,3,0
3,6,7,2,6,-0.457,5,-0.184,0.344,0.234,5,0,4.0,2,0.104,4,3,3,0,0.771,0.0,5,0.0,3,4,6,2,3,3,4,6,7,1,0.64,3,3,5,0
0,3,6,2,4,1.446,6,2.195,1.317,0.02,0,3,1.0,5,3.131,5,3,3,0,1.849,0.0,2,0.0,7,5,7,4,0,6,4,4,4,4,3.394,4,3,4,0
5,4,3,0,5,-0.293,6,-2.074,-0.671,0.427,2,4,4.0,0,-1.447,6,0,3,3,-2.392,0.0,3,0.0,3,4,3,5,4,3,2,7,3,6,-1.421,3,7,7,0
6,3,2,0,4,2.203,2,-0.869,0.558,-0.377,4,7,2.0,3,-1.907,4,1,7,3,0.038,0.0,7,0.0,4,0,7,0,1,3,4,7,6,7,2.533,1,6,4,0
7,3,3,6,3,1.074,7,0.315,0.702,0.285,0,5,3.0,2,1.157,4,5,0,6,1.864,0.0,7,0.0,7,3,5,4,0,3,1,1,4,7,1.425,1,1,2,0
7,3,2,5,5,-1.63,4,1.346,0.954,0.075,7,4,1.0,5,5.418,1,3,2,2,1.836,0.0,2,0.0,2,4,5,7,2,2,6,7,4,4,1.477,2,6,7,0
1,5,0,3,2,0.203,3,-0.286,-0.248,0.141,6,6,3.0,5,-0.122,0,3,3,6,-1.124,0.0,0,0.0,5,2,6,3,6,2,3,7,6,6,0.387,1,6,5,0
2,2,3,5,5,0.214,4,-0.064,-0.529,0.192,2,3,4.0,1,-0.124,2,3,5,2,3.404,0.0,0,0.0,4,6,5,5,4,2,2,6,1,5,-1.009,0,4,3,0
3,1,4,5,3,0.428,4,-1.693,-0.458,0.317,3,5,3.0,5,-1.411,3,5,6,3,-3.728,0.0,6,0.0,4,1,1,7,0,7,5,6,0,7,-1.052,1,7,4,0
6,0,5,5,2,0.092,4,-1.158,-1.175,-0.117,0,3,4.0,7,-0.881,6,3,7,1,-1.405,0.0,0,0.0,0,6,4,7,5,3,3,7,1,5,-3.484,6,4,5,0
2,0,4,0,1,-0.345,7,-1.179,-0.461,0.94,6,0,4.0,5,1.104,4,7,3,4,-2.643,0.0,3,0.0,6,0,7,0,1,3,4,6,4,7,-1.628,5,5,1,0
7,4,7,4,5,3.084,3,-2.783,-1.445,-0.947,4,2,5.0,7,-0.745,0,1,4,3,-4.113,0.0,7,0.0,3,6,1,3,7,4,6,7,4,5,-2.245,5,0,2,0
5,6,2,5,2,-0.75,5,0.218,0.606,-0.433,3,0,2.0,1,-0.527,6,5,7,5,2.696,0.0,5,0.0,6,1,3,2,2,7,1,1,5,1,-0.354,0,3,0,0
3,3,3,1,3,1.446,7,0.897,1.358,-0.772,1,5,1.0,5,1.856,6,3,5,1,-0.224,0.0,3,0.0,1,6,1,3,1,5,0,2,1,1,1.005,5,5,0,0
2,2,2,2,7,0.478,6,1.39,0.816,-0.63,0,6,2.0,3,2.166,7,3,7,6,0.578,0.0,6,0.0,1,1,4,5,1,2,5,1,0,2,-1.326,1,3,4,0
1,2,5,1,7,-1.206,5,-2.462,-1.744,0.772,2,0,6.0,5,-0.564,2,6,6,4,-0.712,0.0,0,0.0,5,5,1,5,5,2,1,1,0,5,-0.614,0,3,5,0
4,2,5,6,3,-0.156,0,-2.55,-1.751,-0.28,6,4,6.0,3,-1.973,7,4,5,0,-3.396,0.0,7,0.0,7,6,3,5,0,5,7,7,3,4,-0.928,5,5,1,0
5,1,5,1,4,-0.693,2,-2.699,-1.752,-1.258,3,0,6.0,0,-2.101,5,4,0,0,-4.464,0.0,7,0.0,6,0,7,7,7,5,3,4,1,7,0.304,6,6,3,0
5,5,6,0,1,1.121,2,0.474,1.034,-1.516,4,6,4.0,7,2.218,2,3,1,0,4.523,0.0,1,0.0,0,0,5,6,2,0,5,1,5,5,-0.04,7,0,0,0
6,6,2,0,4,-1.342,6,-1.294,-1.273,0.233,6,7,4.0,5,-5.717,7,2,7,6,0.849,0.0,0,0.0,5,0,6,2,5,2,4,7,1,0,-2.045,5,0,5,0
3,1,3,4,4,0.738,5,-2.891,-1.845,0.203,6,3,5.0,6,-3.696,0,1,7,4,-0.81,0.0,7,0.0,0,2,4,0,1,6,1,5,2,7,-2.235,4,6,3,0
5,2,3,2,2,-0.023,4,1.53,1.147,0.145,0,2,2.0,5,0.947,5,5,4,5,1.042,0.0,0,0.0,3,7,7,4,5,7,0,7,7,2,1.232,6,2,1,0
7,3,0,0,2,1.058,4,-0.361,0.728,-1.243,6,2,3.0,2,-1.441,6,3,5,7,0.939,0.0,3,0.0,7,5,7,1,3,2,0,5,4,4,-0.372,0,7,1,0
7,2,7,4,0,-0.137,5,1.993,0.146,-0.807,0,3,3.0,1,-0.553,2,0,2,3,1.83,0.0,5,0.0,0,5,1,5,6,0,0,1,5,1,0.086,5,3,7,0
3,6,6,7,1,1.962,4,-0.402,-1.121,1.358,5,2,4.0,6,-0.645,0,0,6,0,5.373,0.0,7,0.0,1,2,7,6,6,2,0,6,3,5,-0.594,0,6,2,0
4,5,0,0,5,2.01,7,-1.845,-2.383,3.671,7,4,7.0,4,-2.663,3,3,0,2,-5.408,0.0,6,395.01,1,0,1,5,3,4,3,0,7,6,-3.629,6,5,3,1
0,5,5,6,6,-0.178,3,0.467,0.0,-1.206,2,3,3.0,7,0.461,6,1,6,5,-0.397,0.0,7,0.0,2,5,3,5,7,6,6,4,5,5,0.376,2,3,4,0
2,3,7,7,3,-0.408,0,-0.467,-0.702,0.079,7,2,5.0,6,-1.258,0,2,2,3,-0.165,0.0,4,0.0,1,3,0,1,7,6,7,3,5,6,-0.397,7,6,1,0
2,2,2,2,6,-0.668,6,1.859,1.001,-0.076,6,3,1.0,6,-0.133,3,5,6,2,3.734,0.0,5,0.0,6,5,6,5,4,3,6,0,2,6,0.192,0,1,2,0
0,6,3,7,0,0.702,3,1.283,1.223,-0.399,2,2,2.0,5,4.142,6,4,6,4,-4.113,0.0,0,0.0,0,0,0,7,2,0,7,5,5,4,0.223,6,3,0,0
5,6,0,4,4,-0.523,7,0.548,-0.205,-0.047,7,4,4.0,1,0.292,6,6,7,4,0.168,0.0,5,0.0,1,3,7,7,3,7,5,2,6,4,-0.486,3,1,7,0
0,5,3,1,6,0.306,6,0.761,1.178,2.403,7,7,2.0,4,2.88,0,7,6,4,4.522,0.0,5,0.0,6,6,6,7,2,7,6,4,2,2,1.297,3,2,7,0
7,5,1,2,0,-0.914,6,0.337,-0.574,-1.019,0,4,3.0,5,1.157,4,2,0,3,2.417,0.0,2,0.0,5,3,0,2,6,5,5,2,0,2,-2.09,6,3,7,0
5,1,1,0,2,0.856,3,0.941,0.246,-0.145,5,4,2.0,3,0.544,5,5,6,2,2.357,0.0,0,0.0,7,3,7,6,3,3,0,4,1,4,-0.763,6,6,1,0
0,5,3,7,3,-0.649,4,2.354,2.021,0.304,0,6,0.0,6,1.733,0,5,5,1,1.963,0.0,2,0.0,5,0,5,3,3,1,7,2,3,6,-0.109,7,6,4,0
5,2,2,7,3,-1.505,4,1.115,0.678,-0.762,2,1,3.0,2,3.103,0,1,2,7,0.656,0.0,5,0.0,1,4,3,3,7,5,2,5,0,2,1.231,6,3,7,0
5,6,1,5,4,-1.957,7,-0.378,-1.372,0.887,0,1,6.0,5,0.803,4,1,0,5,-0.383,0.0,5,0.0,4,2,1,2,6,0,7,3,3,1,-1.459,5,6,0,0
0,3,0,4,7,-0.512,2,-0.829,-0.686,-0.095,7,7,3.0,2,0.408,6,6,7,4,0.489,0.0,1,0.0,2,7,5,2,1,7,1,7,6,7,-0.661,1,6,1,0
0,4,0,1,0,-0.411,7,0.717,0.929,0.011,7,4,3.0,1,1.46,5,6,2,1,-4.662,0.0,7,0.0,2,4,4,5,1,2,7,4,2,4,-1.878,0,5,1,0
1,4,5,2,3,0.219,2,0.692,0.406,-0.278,0,7,4.0,5,1.61,7,5,2,3,-3.816,0.0,4,0.0,1,1,0,0,0,5,4,2,5,5,-2.081,1,0,5,0
2,7,0,7,5,-1.122,7,-0.648,-0.107,-1.103,1,6,3.0,3,1.389,7,3,1,7,-0.479,0.0,6,0.0,0,4,0,3,4,7,1,5,3,5,-0.502,2,3,0,0
1,6,1,4,6,-2.741,2,0.984,0.435,1.507,3,0,4.0,1,-1.629,3,5,4,3,1.755,0.0,6,0.0,6,7,0,4,3,6,2,1,3,6,0.103,0,7,3,0
6,5,6,6,0,1.763,4,0.315,-0.374,-1.53,5,4,4.0,4,0.254,0,4,1,6,1.766,0.0,5,0.0,0,1,0,6,6,2,5,3,5,5,-1.289,3,3,5,0
1,7,4,6,3,-1.749,7,0.58,0.211,1.426,5,0,3.0,3,0.917,7,6,2,2,3.884,0.0,1,0.0,0,6,7,4,0,7,1,6,2,3,0.304,6,6,1,0
0,7,0,1,3,-0.655,0,-0.164,-0.921,-1.98,4,1,5.0,6,-1.255,2,5,4,3,2.884,0.0,6,0.0,5,1,7,4,5,7,1,2,7,7,-0.359,7,3,3,0
3,3,1,5,2,-0.223,6,-0.696,-1.181,0.85,1,5,5.0,5,1.868,4,0,0,4,-1.366,0.0,3,0.0,0,7,3,5,2,5,1,0,3,4,-1.634,3,1,0,0
7,1,4,6,5,-0.625,6,0.62,1.417,1.179,4,7,1.0,2,0.036,0,2,2,7,3.76,0.0,3,0.0,3,2,3,4,7,6,7,1,1,6,0.722,0,1,5,0
3,1,7,6,2,0.368,3,-0.665,-1.05,-0.664,4,4,4.0,1,-1.344,2,6,6,2,0.658,0.0,4,0.0,5,2,2,4,2,6,7,3,1,5,-2.345,3,3,0,0
7,7,0,4,1,-0.443,1,-0.661,-0.076,-0.774,3,4,4.0,2,-0.588,5,5,5,3,-1.519,0.0,7,0.0,2,4,2,0,1,5,2,4,6,6,-0.093,7,1,7,0
4,6,4,5,0,0.924,0,-0.531,0.108,-0.461,5,3,3.0,0,-0.618,2,6,6,7,2.231,0.0,0,0.0,5,5,1,5,0,3,5,5,0,2,0.04,7,7,5,0
5,4,1,4,2,1.728,3,-0.936,-1.016,-0.491,6,7,6.0,2,-0.085,2,2,0,1,0.264,0.0,5,0.0,3,2,4,5,4,4,2,5,1,5,-1.496,0,4,7,0
4,6,3,5,1,0.905,2,-0.094,0.462,-0.353,1,4,3.0,3,1.164,2,0,6,6,0.308,0.0,6,0.0,7,4,5,5,3,5,5,7,5,4,-0.649,4,2,4,0
4,0,1,0,0,1.187,5,-0.675,-0.849,-1.54,5,2,6.0,1,-3.484,0,6,5,3,-1.524,0.0,5,0.0,4,3,0,6,0,3,5,3,1,6,0.678,4,5,2,0
6,4,4,1,0,-0.786,7,-1.775,-2.192,-0.265,4,5,5.0,3,-0.635,1,4,7,4,-2.021,0.0,1,0.0,4,2,0,4,7,3,4,4,2,1,-1.118,2,4,6,0
7,3,2,4,7,-1.15,1,-0.268,-0.555,0.276,5,0,4.0,4,-1.171,7,1,6,5,1.204,0.0,1,0.0,3,4,0,4,3,6,6,6,0,1,0.615,5,6,6,0
0,7,6,4,0,0.767,7,1.065,1.646,0.413,3,4,2.0,5,2.531,2,7,5,7,-3.534,0.0,7,0.0,6,0,2,2,3,0,2,6,7,6,1.593,3,0,2,0
5,7,1,1,1,-0.37,4,-0.298,0.14,0.288,1,6,4.0,3,1.611,3,7,6,1,3.138,0.0,5,0.0,4,4,4,7,0,5,4,1,0,2,0.166,7,1,6,0
3,0,2,3,3,-1.224,1,0.804,1.283,-0.378,4,2,2.0,5,0.011,7,7,5,0,-1.376,0.0,4,0.0,1,2,7,2,4,0,5,0,4,7,1.643,3,4,5,0
3,2,3,5,5,-1.348,4,-2.19,-1.331,-0.413,0,7,5.0,3,0.542,3,6,3,4,-0.841,0.0,2,0.0,2,1,3,6,2,7,5,0,4,7,-0.96,2,0,1,0
4,2,3,7,7,1.539,6,0.7,0.222,1.489,3,2,2.0,3,-0.79,1,2,2,4,0.146,0.0,4,0.0,0,1,1,2,5,4,0,4,7,5,1.092,2,6,1,0
7,2,1,5,4,-0.722,6,-1.101,-0.271,-0.224,0,7,3.0,5,-2.429,0,5,1,2,-0.454,0.0,6,0.0,4,4,2,4,3,0,5,1,0,3,-0.315,1,5,1,0
1,4,5,1,5,-0.966,6,-1.278,-0.996,1.576,5,4,4.0,0,-2.466,4,2,4,4,2.128,0.0,0,0.0,0,5,3,0,4,1,0,1,1,5,-3.369,4,4,1,0
1,6,7,5,0,0.052,7,-0.465,-0.747,1.614,3,0,5.0,3,-0.986,7,3,6,3,-3.591,0.0,4,0.0,5,3,4,4,3,1,4,6,3,0,-1.143,2,2,2,0
6,6,3,3,6,-1.545,7,-0.003,0.659,1.222,0,2,1.0,4,-1.232,4,3,1,5,2.028,0.0,7,0.0,6,7,2,0,2,6,5,1,4,3,2.341,2,4,7,0
3,7,0,4,7,-0.44,4,-2.101,-1.142,-0.581,1,3,6.0,3,-2.913,6,7,7,5,-1.418,0.0,1,0.0,2,0,1,3,0,7,6,5,5,0,-1.653,4,6,4,0
2,6,3,4,6,0.391,7,-1.452,-2.329,2.219,7,5,7.0,2,-2.781,2,3,3,3,-0.856,0.0,1,173.27,5,5,3,2,5,3,6,7,1,2,-2.997,3,6,7,1
2,1,6,2,4,0.938,4,1.316,1.364,1.279,6,6,0.0,6,2.174,1,4,2,5,-0.156,0.0,1,0.0,5,1,1,3,2,0,2,3,3,7,1.159,6,3,0,0
4,0,2,5,7,-0.39,4,-0.813,-0.747,0.5,2,2,4.0,6,0.587,7,4,1,3,-4.852,0.0,2,0.0,4,4,1,0,5,6,7,3,1,7,0.939,4,4,7,0
7,4,3,6,5,1.406,7,-0.046,1.414,0.609,5,2,-0.0,6,2.976,5,0,2,1,1.204,0.0,2,0.0,1,5,2,1,6,5,0,6,6,0,0.83,5,1,0,0
2,4,2,5,0,-0.537,0,0.159,0.367,1.976,5,2,1.0,1,0.957,6,4,7,4,0.162,0.0,6,0.0,3,4,4,1,5,3,6,5,5,6,0.471,6,4,4,0
5,0,3,7,2,1.51,6,-0.381,-0.977,-0.969,4,2,4.0,6,0.829,7,3,0,1,-3.022,0.0,2,0.0,0,4,5,3,7,4,2,1,4,7,-0.458,4,5,2,0
4,6,0,5,0,-0.317,0,0.319,-0.756,1.211,0,5,3.0,0,-0.684,0,2,1,2,-1.353,0.0,5,0.0,7,0,2,5,1,4,7,4,0,1,-1.244,1,4,0,0
7,3,1,5,7,0.53,5,-0.078,0.521,0.145,3,1,6.0,1,0.383,4,4,2,2,0.382,0.0,5,0.0,2,1,6,2,2,3,4,6,5,0,-0.234,0,7,0,0
3,3,2,2,1,-2.513,3,-2.956,-2.34,0.912,1,2,6.0,2,-0.225,7,5,2,7,-3.001,0.0,6,0.0,4,6,2,1,3,2,1,2,0,5,-2.281,2,5,1,0
3,5,6,5,3,1.404,3,0.914,1.135,0.923,0,2,2.0,2,0.968,3,6,4,2,1.419,0.0,7,0.0,7,5,0,3,2,6,6,0,3,1,1.599,7,4,5,0
7,2,5,0,1,-0.19,2,0.687,-0.14,0.625,2,3,2.0,6,2.447,4,1,7,4,-0.268,0.0,5,0.0,1,1,3,6,3,5,6,4,2,5,1.678,3,3,7,0
7,6,6,4,6,0.921,6,-0.96,-0.733,0.486,3,7,5.0,3,2.105,5,0,3,0,2.448,0.0,2,0.0,5,6,7,7,1,5,0,4,6,2,-1.804,1,7,0,0
0,7,7,2,5,2.827,5,-1.219,-0.569,0.49,5,5,4.0,2,0.552,7,4,1,1,-3.632,0.0,7,0.0,5,0,1,0,4,3,7,1,0,0,-2.114,6,7,5,0
2,2,1,1,5,0.275,7,0.652,1.041,-0.329,6,2,2.0,2,-1.011,5,5,7,7,1.749,0.0,1,0.0,0,5,5,0,5,5,5,1,7,1,0.351,5,0,5,0
2,6,2,3,0,-0.027,0,1.147,0.721,-0.516,0,3,3.0,5,-0.329,7,6,5,7,0.25,0.0,7,0.0,5,1,1,6,4,2,4,5,2,6,-0.658,7,2,3,0
5,3,5,0,3,1.411,7,-1.675,-1.917,2.93,6,0,7.0,2,-2.254,1,4,0,3,-4.564,0.0,6,258.53,7,1,5,5,0,6,5,3,7,3,-3.388,0,4,6,1
3,2,0,6,0,0.292,5,-0.873,-0.625,-1.175,2,4,4.0,7,-1.755,3,7,1,6,-3.133,0.0,4,0.0,7,4,0,2,4,4,6,0,4,1,-2.164,7,2,7,0
6,2,0,4,3,0.232,1,-3.538,-2.556,-0.184,2,4,6.0,4,-6.296,0,5,0,1,-7.254,0.0,6,0.0,5,1,3,4,6,5,3,1,3,0,-4.527,1,6,2,0
1,4,4,7,5,-0.126,5,1.396,1.26,-1.246,3,2,2.0,6,0.514,0,2,0,6,3.054,0.0,5,0.0,3,7,1,0,2,7,7,3,0,0,2.864,7,6,0,0
1,2,6,7,6,0.644,2,-1.228,-1.277,0.215,0,0,6.0,3,-2.724,4,7,3,0,-0.352,0.0,0,0.0,5,6,4,0,1,2,6,5,1,6,-2.705,5,6,4,0
3,6,3,6,3,1.08,2,0.838,0.502,1.505,0,1,2.0,3,-1.328,2,0,7,4,1.257,0.0,4,0.0,1,5,6,6,6,4,3,5,4,3,0.564,2,2,1,0
5,2,1,0,2,2.695,0,3.085,2.122,-0.427,4,7,0.0,7,0.561,7,4,7,0,0.861,0.0,0,0.0,0,6,7,0,2,7,7,2,2,3,1.689,7,5,6,0
2,1,4,4,7,0.259,2,1.831,1.511,-0.76,5,4,0.0,0,-2.478,1,0,0,2,2.984,0.0,3,0.0,6,5,0,6,5,7,6,5,6,6,1.532,2,3,7,0
4,6,4,7,0,-1.331,5,0.45,0.987,-0.219,4,3,2.0,3,2.324,5,2,4,2,1.694,0.0,0,0.0,0,2,2,7,7,5,0,2,3,5,2.558,7,7,6,0
6,7,5,4,0,-0.956,4,-0.918,-0.605,0.208,5,5,4.0,5,2.616,5,7,4,7,-0.833,0.0,3,0.0,2,2,0,3,6,0,0,2,1,2,0.084,1,1,3,0
5,4,4,4,4,0.837,0,0.322,0.65,1.134,2,2,2.0,2,1.332,7,0,2,5,2.39,0.0,2,0.0,0,1,7,7,5,1,1,3,1,4,1.39,4,0,3,0
7,3,1,0,2,-0.058,6,-0.541,0.278,1.135,1,0,4.0,4,-1.086,4,6,3,4,-2.197,0.0,0,0.0,1,1,6,5,7,7,6,2,4,0,0.785,0,4,5,0
0,4,3,3,1,-0.497,3,1.008,0.321,0.369,2,7,4.0,7,0.074,2,6,1,1,1.589,0.0,3,0.0,1,1,7,3,4,6,3,1,2,7,0.872,0,0,5,0
1,2,0,7,0,-2.098,0,-0.287,-0.35,-0.202,2,2,4.0,3,1.804,0,0,0,2,-0.457,0.0,2,0.0,2,6,2,0,1,0,4,1,6,1,-0.243,0,1,0,0
4,3,0,1,2,-0.252,5,-1.474,-1.042,0.876,1,7,5.0,6,-3.214,0,1,5,6,-3.704,0.0,4,0.0,4,7,5,2,7,1,4,6,5,7,-2.332,1,7,7,0
1,4,5,6,3,-0.136,7,0.615,0.915,0.527,3,6,1.0,3,-0.975,4,4,7,4,-0.035,0.0,4,0.0,4,2,6,3,0,7,4,6,5,0,-0.792,4,1,3,0
1,1,7,6,5,0.61,6,-1.938,-2.234,1.205,6,1,7.0,4,-2.071,4,5,2,2,-0.04,0.0,2,451.07,5,6,2,5,7,0,1,3,7,1,-2.069,3,0,0,1
4,7,6,5,0,0.537,4,-0.12,0.723,-0.019,7,0,1.0,0,2.052,6,4,1,7,4.008,0.0,4,0.0,6,0,5,2,2,7,1,1,6,6,0.629,1,3,5,0
3,6,6,4,4,-0.525,0,-0.578,-1.182,-0.802,3,5,5.0,3,-1.185,6,2,6,7,-3.573,0.0,3,0.0,3,6,2,2,1,2,2,7,4,4,-1.569,1,5,2,0
4,0,4,0,5,1.211,7,1.491,1.049,0.838,5,6,3.0,5,0.454,4,7,3,7,3.973,0.0,0,0.0,3,4,0,5,0,7,6,1,7,7,0.651,5,0,4,0
2,7,6,5,1,0.075,7,0.287,0.054,-1.049,3,2,4.0,0,2.357,4,1,6,7,-2.486,0.0,2,0.0,3,2,5,3,1,7,2,0,3,6,-1.575,0,4,6,0
7,2,5,3,3,1.433,4,-0.351,0.25,-2.255,7,2,4.0,7,0.99,0,7,5,1,3.237,0.0,2,0.0,2,5,7,5,5,7,5,1,7,1,-1.074,1,5,6,0
7,0,5,4,2,-0.787,4,0.196,1.078,0.688,4,6,-0.0,6,0.056,5,4,5,6,-0.256,0.0,5,0.0,0,6,1,1,0,6,4,7,1,2,0.455,3,2,7,0
5,4,2,1,4,-0.089,7,-0.005,-0.442,-0.998,4,2,3.0,3,0.477,7,2,5,1,2.461,0.0,1,0.0,4,4,6,4,3,0,5,4,1,0,-1.449,4,7,3,0
5,1,3,5,2,-0.585,5,-0.008,-0.661,0.535,6,5,4.0,6,-0.006,0,3,3,3,-3.888,0.0,7,0.0,6,3,5,7,1,3,5,4,2,3,-0.705,5,4,2,0
1,5,6,6,7,0.836,1,0.375,-0.128,-0.469,0,4,4.0,3,-2.368,3,4,6,5,-3.462,0.0,7,0.0,1,4,3,5,5,4,4,3,1,7,-0.516,3,5,6,0
4,7,1,7,6,0.441,1,1.221,0.731,0.551,1,7,0.0,2,3.74,7,5,6,5,1.217,0.0,6,0.0,4,1,7,4,5,6,1,1,1,3,-0.059,5,5,6,0
3,3,3,0,4,-0.524,1,0.241,1.212,-0.72,7,3,3.0,7,1.91,6,2,1,4,1.37,0.0,5,0.0,2,6,3,1,6,0,5,5,2,3,1.52,4,3,2,0
2,4,5,4,4,0.13,2,-0.158,-1.186,-0.597,4,7,6.0,1,0.242,5,1,7,5,-3.176,0.0,7,0.0,4,6,0,3,4,2,4,6,1,5,-0.751,1,0,1,0
0,0,2,2,7,0.247,1,0.943,-0.387,1.418,4,4,2.0,4,-2.414,6,6,2,1,0.48,0.0,0,0.0,6,7,7,5,3,4,5,3,4,2,-0.105,0,4,7,0
7,7,4,5,4,-0.546,3,0.913,0.86,0.108,6,2,3.0,7,-1.575,6,1,0,6,2.903,0.0,1,0.0,1,3,1,7,6,7,3,1,0,2,-0.133,1,4,2,0
5,4,2,3,5,-0.687,7,-0.614,-0.327,0.036,3,1,2.0,7,1.017,5,6,3,6,0.204,0.0,6,0.0,7,7,0,7,3,7,1,6,0,1,-0.262,1,5,3,0
0,7,5,6,5,-0.765,5,1.455,2.408,-0.162,0,6,-0.0,4,3.906,6,2,1,1,0.483,0.0,4,0.0,7,2,6,7,3,5,1,7,7,7,0.664,6,5,1,0
6,3,6,7,5,0.196,2,0.119,-0.019,1.083,2,2,2.0,1,-0.152,3,1,1,2,0.965,0.0,3,0.0,1,7,7,6,3,3,0,4,2,1,-0.669,0,4,4,0
7,2,3,5,7,0.665,5,0.475,-0.558,-0.036,3,1,2.0,1,-1.043,0,2,3,2,2.456,0.0,0,0.0,6,6,3,3,6,3,2,3,2,7,-1.049,7,4,6,0
1,2,7,7,0,-0.672,4,-0.045,0.425,-0.139,0,5,3.0,1,3.309,5,3,0,2,-2.542,0.0,0,0.0,1,7,6,5,3,1,7,3,2,4,1.328,1,0,7,0
4,2,0,7,4,-1.318,7,0.801,1.124,0.943,4,4,2.0,7,2.283,5,5,3,6,-0.596,0.0,6,0.0,3,7,5,4,3,6,5,3,6,6,0.177,2,5,6,0
3,7,0,7,6,-0.139,5,-0.399,-1.167,2.371,7,0,4.0,0,-0.425,5,7,4,6,-0.857,0.0,7,0.0,0,4,4,1,1,1,2,4,5,0,-0.303,5,2,2,0
2,2,3,5,7,-2.744,2,0.534,0.789,0.589,1,6,2.0,2,1.206,4,0,4,1,1.958,0.0,5,0.0,4,4,6,7,2,6,7,0,3,1,0.478,0,0,2,0
6,0,1,3,6,0.227,5,-0.014,0.15,-0.458,5,3,3.0,0,0.32,7,7,5,3,2.15,0.0,5,0.0,3,3,4,7,1,3,0,0,1,0,0.642,4,6,4,0
2,6,1,5,1,-0.035,3,1.631,2.423,0.888,7,0,0.0,5,2.858,4,4,0,5,0.13,0.0,6,0.0,5,5,5,6,3,3,0,3,7,5,0.31,4,0,1,0
7,7,1,4,6,-0.43,1,0.565,0.835,1.834,7,2,2.0,0,2.039,1,7,7,4,2.821,0.0,5,0.0,6,0,2,4,2,3,0,7,1,1,0.311,6,2,4,0
6,0,7,2,6,-0.677,5,1.192,0.583,-0.51,1,0,2.0,2,1.298,1,7,2,0,-1.09,0.0,1,0.0,2,4,0,5,1,7,3,6,2,1,-1.136,6,2,5,0
7,7,0,5,2,0.194,3,0.827,0.389,1.089,3,2,2.0,6,-0.116,2,3,3,7,-0.329,0.0,4,0.0,3,1,4,5,1,0,4,3,5,4,1.38,6,5,6,0
5,2,7,7,5,-0.316,3,-1.521,-1.64,-0.878,6,3,4.0,0,-3.59,4,4,2,3,-0.078,0.0,0,0.0,4,2,2,7,1,5,2,5,7,4,-0.362,0,0,0,0
5,2,4,1,0,0.52,1,-1.175,-1.37,-0.653,3,0,5.0,2,-0.683,2,0,6,1,-3.132,0.0,3,0.0,3,7,0,3,6,6,4,5,4,7,-2.883,2,3,7,0
0,0,3,1,2,-0.699,0,-0.377,-0.38,-0.89,6,5,4.0,1,-0.777,2,6,2,7,0.135,0.0,6,0.0,0,6,1,6,3,1,3,6,7,4,-2.322,4,0,4,0
1,7,2,2,3,-0.934,6,-1.101,-1.542,-0.745,4,3,5.0,1,1.732,1,1,5,0,-3.053,0.0,7,0.0,4,0,2,2,2,6,0,3,3,7,-2.104,5,7,5,0
6,1,5,1,2,-0.898,4,-1.59,-1.192,2.009,2,4,4.0,0,2.146,7,3,5,0,0.602,0.0,3,0.0,1,3,4,0,3,6,6,0,1,3,-2.63,4,3,2,0
2,6,3,4,2,-0.605,5,0.512,0.58,-1.594,5,5,2.0,4,-0.445,5,3,1,5,4.05,0.0,7,0.0,2,6,7,1,6,3,5,2,3,0,0.183,5,5,5,0
2,0,6,3,3,1.263,4,-0.996,-1.355,-0.222,1,5,6.0,5,-2.618,1,0,5,5,-0.15,0.0,4,0.0,4,4,5,5,3,1,5,0,1,6,-3.315,6,6,1,0
0,6,3,7,4,-1.123,4,-0.754,-0.657,-0.635,0,4,4.0,0,-1.527,6,2,5,5,-1.506,0.0,3,0.0,4,2,0,4,3,3,1,4,4,7,-0.376,6,5,1,0
4,5,6,2,6,0.367,5,-0.998,-1.999,0.57,3,3,5.0,1,-3.317,2,1,2,5,0.067,0.0,7,0.0,5,3,7,1,7,6,3,3,0,0,0.553,3,5,3,0
0,4,2,5,4,1.007,5,-1.473,-1.718,-0.102,5,1,5.0,1,-6.087,3,6,3,6,2.742,0.0,7,0.0,7,3,6,1,2,3,5,6,6,7,-0.8,0,6,1,0
6,4,5,2,2,0.276,3,2.242,1.87,2.461,3,1,1.0,5,0.994,2,7,7,5,2.512,0.0,2,0.0,2,3,4,4,3,0,3,5,6,4,2.321,0,3,3,0
4,6,4,4,0,-0.827,4,0.673,0.711,-1.318,1,1,2.0,3,2.799,0,6,4,5,-2.086,0.0,4,0.0,7,4,1,4,7,7,1,4,7,7,-0.161,6,5,6,0
0,6,0,3,4,0.399,4,-0.236,-0.496,-2.49,4,1,4.0,1,-3.723,3,4,5,6,-3.78,0.0,1,0.0,4,6,5,6,5,0,4,5,3,7,0.16,7,2,7,0
2,4,3,2,3,-1.174,2,0.666,-0.165,1.14,0,3,1.0,6,1.349,4,1,3,6,2.188,0.0,1,0.0,4,2,7,7,1,6,1,0,2,5,0.702,1,3,3,0
2,5,7,1,7,-0.172,6,-2.188,-1.283,0.978,6,7,4.0,6,0.265,4,3,0,4,-1.138,0.0,0,0.0,4,7,6,2,0,2,2,0,0,4,-0.471,1,4,5,0
4,2,4,0,2,1.275,3,-1.498,-0.46,-1.401,0,2,4.0,0,2.271,1,4,1,0,-0.545,0.0,3,0.0,7,2,5,2,4,6,4,5,4,2,0.305,6,2,4,0
5,2,0,5,6,-2.077,3,-0.59,-0.063,-2.347,0,7,4.0,2,-0.189,3,3,3,2,2.579,0.0,4,0.0,5,0,0,5,2,5,3,5,0,6,0.597,4,0,3,0
6,3,5,7,3,2.497,7,1.51,0.613,0.489,0,7,4.0,0,3.465,6,2,3,3,0.737,0.0,0,0.0,3,3,7,5,1,0,1,4,6,6,3.131,1,7,4,0
4,5,2,5,1,0.03,0,1.428,1.045,1.78,4,2,1.0,3,-1.17,7,7,3,6,3.684,0.0,7,0.0,0,5,5,7,4,1,3,7,5,1,1.334,4,4,7,0
5,6,6,6,4,-0.714,7,1.192,0.653,0.099,0,3,2.0,1,-0.461,5,2,5,4,-0.508,0.0,6,0.0,0,3,6,0,5,3,1,1,5,6,-1.064,0,3,1,0
6,1,3,0,0,0.299,2,-0.631,-0.509,0.441,7,3,5.0,3,-1.406,0,1,3,5,-1.054,0.0,3,0.0,0,7,2,4,6,6,0,2,1,7,-0.009,2,2,6,0
0,3,1,6,4,-1.199,4,1.725,0.869,0.396,1,3,1.0,4,1.876,7,4,2,4,3.473,0.0,3,0.0,7,5,4,5,5,3,3,0,3,0,3.385,1,2,0,0
4,5,0,6,7,0.787,2,-0.489,-0.495,0.331,0,3,7.0,0,-3.106,1,4,0,1,-0.484,0.0,6,0.0,4,1,4,1,5,6,5,5,6,4,-0.197,1,7,4,1
6,5,0,7,0,0.553,7,0.939,1.157,1.03,6,7,1.0,4,0.701,7,5,2,5,-1.904,0.0,7,0.0,6,6,7,4,3,5,0,6,7,7,1.103,6,6,3,0
4,1,2,3,2,-0.128,4,2.845,1.752,-1.561,0,7,0.0,3,-1.201,4,4,7,2,2.315,0.0,2,0.0,6,2,0,5,6,7,5,0,1,1,0.804,4,6,7,0
4,3,2,0,4,1.322,2,1.173,1.255,-0.283,6,5,2.0,5,1.679,4,1,7,4,2.917,0.0,1,0.0,0,1,1,7,4,0,6,3,4,3,-0.839,3,4,7,0
6,7,7,0,7,-1.107,6,0.421,0.111,0.396,2,5,1.0,1,-0.39,1,1,4,7,0.025,0.0,1,0.0,6,2,0,5,5,6,7,5,4,4,-1.343,0,2,3,0
7,1,7,3,7,1.769,0,-0.412,-0.825,1.575,7,6,4.0,2,-2.03,0,3,1,0,-1.344,0.0,7,0.0,5,7,6,7,3,0,7,5,7,1,1.747,1,4,1,0
4,3,2,1,2,0.093,4,1.605,0.567,1.82,6,2,1.0,5,1.943,4,7,1,0,1.146,0.0,5,0.0,2,4,0,2,3,6,7,4,4,2,0.162,4,7,6,0
2,3,4,4,2,-0.103,2,0.062,-0.265,1.091,0,5,2.0,1,-0.906,4,6,1,2,-1.438,0.0,4,0.0,2,0,4,0,6,1,7,4,1,3,1.127,0,1,0,0
6,3,4,2,6,-0.448,1,0.246,-0.823,0.902,5,4,5.0,0,0.33,6,2,3,1,-2.902,0.0,7,0.0,6,0,7,4,1,3,4,5,1,1,-1.897,0,2,2,0
6,2,7,4,7,0.592,6,-1.553,-0.822,-2.569,0,3,3.0,3,-0.63,6,6,7,6,-2.906,0.0,0,0.0,1,3,7,1,2,6,6,0,7,0,-0.576,5,0,4,0
4,6,1,4,3,-0.897,1,-1.258,-1.241,0.359,3,5,5.0,3,0.194,2,6,0,5,1.086,0.0,3,0.0,3,0,3,0,2,0,6,1,3,2,0.173,1,4,1,0
1,7,3,0,7,1.327,1,0.075,0.18,-0.94,5,5,3.0,1,-0.236,4,2,1,0,1.689,0.0,4,0.0,1,4,4,0,6,3,2,3,1,4,0.777,4,4,1,0
4,3,4,7,7,-1.153,4,1.357,1.693,1.445,2,4,1.0,5,1.083,2,6,3,3,3.229,0.0,3,0.0,3,2,7,5,4,2,6,7,7,4,1.157,4,4,7,0
4,7,5,2,4,0.012,6,-1.359,-0.179,-0.036,2,2,3.0,4,2.347,2,5,7,5,-0.361,0.0,0,0.0,5,1,5,5,0,7,3,2,0,4,0.683,0,1,1,0
6,3,3,3,1,1.147,6,-1.08,-1.211,-0.719,5,3,5.0,5,-2.609,0,7,0,3,0.284,0.0,3,0.0,0,3,1,0,0,0,7,3,3,3,-1.429,3,7,7,0
4,6,7,1,2,0.8,4,-0.966,-0.305,0.658,0,3,3.0,1,0.449,6,2,7,4,5.001,0.0,5,0.0,5,5,4,1,3,5,1,4,4,6,-0.352,4,0,3,0
4,6,6,0,7,-0.109,3,-0.657,-0.723,-0.045,3,6,5.0,6,-1.486,3,7,7,5,1.222,0.0,1,0.0,3,5,0,4,2,3,0,5,1,5,-0.791,1,1,7,0
3,7,7,7,1,-0.393,7,-0.959,-0.833,-2.171,5,1,4.0,0,-1.542,1,0,6,5,-2.102,0.0,4,0.0,5,4,5,1,1,1,4,7,7,1,0.837,2,4,0,0
7,5,4,1,3,-1.572,7,-0.276,-0.576,0.101,1,6,4.0,1,-1.51,2,0,1,5,-2.233,0.0,7,0.0,2,2,5,2,3,2,2,0,1,5,0.233,1,4,6,0
6,6,6,3,6,-0.876,5,0.127,0.177,1.889,6,7,2.0,2,1.135,5,5,5,5,-0.975,0.0,3,0.0,1,5,3,2,7,5,4,1,0,6,0.107,2,0,2,0
1,3,1,5,3,0.995,1,1.805,1.116,-0.938,4,4,1.0,6,1.206,4,4,7,4,3.155,0.0,2,0.0,1,3,6,1,4,6,5,4,6,4,0.274,6,0,0,0
1,6,0,2,5,-0.032,4,1.152,0.485,0.238,3,7,2.0,1,-0.388,1,1,7,5,-1.022,0.0,4,0.0,1,1,0,0,7,0,6,5,3,7,-0.926,1,6,2,0
6,7,0,2,2,-0.811,4,-0.446,-0.273,0.571,5,7,3.0,4,0.048,0,6,2,6,0.485,0.0,3,0.0,1,7,4,3,6,4,6,2,7,7,-0.563,0,2,5,0
7,3,4,5,1,-0.4,7,0.376,0.637,0.315,5,3,3.0,6,0.971,2,3,4,0,0.363,0.0,3,0.0,2,0,5,6,2,4,4,6,3,3,1.908,0,0,5,0
1,3,7,1,6,2.113,1,0.27,-0.77,0.852,4,7,4.0,0,-0.713,6,6,7,5,-3.372,0.0,2,0.0,3,0,0,4,1,3,0,6,0,2,-1.974,7,4,7,0
2,1,5,0,1,0.08,6,-1.553,-1.219,-0.912,7,0,5.0,5,-1.419,0,3,2,1,1.563,0.0,6,0.0,0,4,0,3,6,6,1,0,0,4,-1.14,1,2,6,0
0,6,1,4,1,0.08,2,-0.003,0.161,0.077,6,1,4.0,5,-0.75,3,3,5,2,-1.059,0.0,1,0.0,0,6,7,5,4,3,3,1,0,2,-1.132,6,7,7,0
0,1,7,3,6,-1.125,1,0.643,0.232,-1.647,0,5,3.0,3,-0.294,1,6,0,5,-0.251,0.0,7,0.0,0,3,5,7,4,3,3,0,5,4,2.4,4,1,6,0
3,5,6,2,3,0.083,0,-0.246,0.08,-1.676,5,0,4.0,5,2.726,7,0,0,4,-2.565,0.0,4,0.0,3,7,2,3,0,2,5,4,4,2,-0.49,3,1,4,0
5,1,0,3,4,0.551,2,0.069,-1.058,-0.969,3,0,4.0,7,-2.51,0,4,2,0,-0.383,0.0,3,0.0,0,6,5,7,4,4,7,2,6,6,2.153,0,0,4,0
0,2,4,4,2,-0.417,6,0.539,0.807,-0.605,5,6,3.0,0,-1.578,5,5,3,0,-0.712,0.0,5,0.0,2,1,0,3,6,7,7,1,2,4,1.4,3,3,2,0
3,0,2,2,3,0.927,5,-1.159,-1.202,-0.551,5,4,5.0,1,0.938,3,3,5,4,-3.357,0.0,0,0.0,3,4,5,2,0,7,4,7,7,5,-0.277,6,5,0,0
1,2,1,5,3,-0.15,7,0.659,1.006,0.379,0,0,2.0,5,1.17,7,0,6,4,-1.536,0.0,2,0.0,4,6,7,3,4,4,1,4,1,7,-0.953,5,6,4,0
1,4,6,6,2,-0.161,0,1.406,2.7,-1.221,1,7,0.0,5,3.139,0,0,5,4,4.286,0.0,4,0.0,5,2,0,6,0,5,5,7,2,1,2.649,1,2,0,0
4,2,0,7,6,-0.741,2,0.963,1.816,-0.168,0,0,1.0,3,1.396,0,3,1,1,4.632,0.0,5,0.0,1,0,0,4,2,0,3,1,4,3,1.215,1,7,3,0
1,2,1,2,5,-1.072,6,2.179,1.83,0.561,0,5,1.0,1,1.098,3,0,3,0,3.521,0.0,4,0.0,7,0,2,5,6,6,3,1,4,4,2.932,3,6,3,0
5,5,7,6,2,-1.168,5,0.387,0.347,-0.766,3,2,3.0,5,0.152,3,7,0,1,1.231,0.0,6,0.0,5,3,3,3,4,6,7,4,5,6,-0.915,0,1,5,0
3,0,0,1,0,-0.853,0,1.054,1.305,0.137,7,3,2.0,3,0.269,1,7,2,2,0.319,0.0,4,0.0,0,3,6,2,3,1,7,2,2,2,1.374,5,7,6,0
0,7,6,5,3,-0.967,5,1.249,0.262,-2.611,1,6,3.0,3,-0.632,0,4,7,2,-2.185,0.0,4,0.0,2,5,2,6,2,6,5,3,5,2,-0.589,4,7,5,0
2,2,4,1,0,0.412,4,-1.365,-1.832,0.121,1,2,6.0,0,-3.769,7,2,2,2,0.743,0.0,5,0.0,5,2,6,6,0,0,4,4,4,2,-0.523,7,4,5,0
6,4,1,3,0,-0.49,0,-0.909,-0.805,0.389,5,3,5.0,6,-1.599,4,5,6,0,-2.536,0.0,3,0.0,6,6,4,6,0,7,3,2,4,7,-2.702,6,5,5,0
7,1,6,0,0,-0.336,0,-0.012,-0.189,0.617,1,0,3.0,6,0.114,3,3,2,4,-1.983,0.0,7,0.0,5,1,4,6,0,7,0,7,0,5,-0.03,1,1,1,0
6,1,6,6,0,-0.926,1,-0.998,-1.394,0.629,0,6,5.0,0,-0.476,1,1,0,3,4.031,0.0,6,0.0,7,5,5,5,1,0,0,2,4,3,-1.36,7,5,3,0
3,5,3,0,3,-0.203,5,1.394,0.882,0.746,0,3,0.0,6,0.847,2,7,6,0,-2.944,0.0,2,0.0,7,6,3,1,2,3,3,7,2,3,0.286,7,2,2,0
2,3,4,2,1,-0.573,4,0.795,1.102,0.585,0,0,3.0,5,-0.528,6,2,1,4,-0.127,0.0,0,0.0,3,1,6,4,5,7,2,7,7,3,1.26,7,0,1,0
0,1,3,0,0,-0.72,7,0.923,1.853,1.081,6,3,-0.0,1,1.963,6,2,4,2,-0.578,0.0,5,0.0,0,0,2,5,4,4,1,4,0,3,2.544,2,3,7,0
4,0,2,4,6,1.533,0,0.891,0.495,0.278,6,4,2.0,6,-0.074,4,6,4,3,-0.456,0.0,5,0.0,3,5,2,5,7,5,1,4,4,1,0.889,7,1,5,0
6,3,6,7,1,1.462,6,0.639,1.164,0.676,5,6,3.0,0,-1.517,1,3,5,7,-1.222,0.0,2,0.0,0,1,7,6,1,4,4,7,7,1,0.838,4,1,3,0
5,6,7,5,1,-0.182,0,-0.946,0.443,-0.435,3,1,4.0,5,-0.158,7,3,0,1,-0.994,0.0,1,0.0,4,3,0,5,5,6,4,5,2,4,1.965,6,2,7,0
7,1,2,1,0,-0.423,6,0.386,0.344,0.911,3,0,3.0,2,-0.588,1,3,7,7,0.815,0.0,4,0.0,3,7,4,3,3,0,0,7,5,2,-0.035,7,6,7,0
3,0,7,1,0,3.153,5,-0.178,0.435,-1.261,5,5,3.0,0,3.451,5,4,7,3,-1.808,0.0,1,0.0,0,0,6,7,1,3,7,5,1,3,-0.4,2,1,4,0
6,1,1,3,6,-0.512,6,1.952,1.398,-1.253,4,0,0.0,2,0.951,0,5,6,2,-0.92,0.0,0,0.0,3,1,2,7,1,7,1,2,4,6,2.675,5,2,3,0
2,6,4,3,5,0.598,1,-0.62,-0.885,-1.582,5,6,4.0,5,-0.411,1,7,0,1,-2.976,0.0,2,0.0,2,1,6,5,7,7,5,1,3,0,-1.196,4,1,3,0
5,4,4,0,5,0.962,2,-0.762,-0.999,0.685,7,3,3.0,3,0.503,2,4,1,2,-3.984,0.0,7,0.0,0,4,6,3,6,2,3,1,1,5,-1.455,4,1,3,0
2,2,3,6,5,-0.745,7,-1.4,-1.038,1.081,2,4,3.0,7,-1.692,0,6,7,3,1.929,0.0,2,0.0,2,6,5,7,6,4,7,5,2,7,-2.891,5,1,7,0
7,1,0,7,5,1.377,6,-0.652,-0.376,1.591,0,6,4.0,0,-2.119,2,5,3,5,-1.863,0.0,0,0.0,7,4,3,0,3,4,2,0,6,0,-0.226,3,1,6,0
4,0,1,2,2,-0.025,0,-0.068,-0.026,-0.796,7,2,4.0,3,-0.271,0,6,2,7,-1.466,0.0,1,0.0,1,7,6,1,7,1,0,5,0,2,0.366,1,3,0,0
5,2,2,0,0,-0.605,2,0.72,0.39,-1.69,4,0,2.0,6,1.476,2,7,5,7,0.235,0.0,1,0.0,7,7,2,1,7,1,0,1,6,4,0.299,2,6,7,0
1,3,0,3,4,-0.493,0,1.096,1.327,-0.953,2,4,2.0,6,0.836,1,3,1,5,0.332,0.0,0,0.0,7,5,6,7,2,1,4,4,4,5,1.737,3,6,1,0
6,7,7,0,7,0.373,0,-0.981,-1.084,0.086,1,6,4.0,4,-2.989,4,0,3,2,-4.889,0.0,3,0.0,6,2,6,0,5,7,0,7,2,3,0.041,3,2,2,0
7,0,1,2,5,-1.117,0,0.959,0.425,0.508,1,1,4.0,0,-0.37,3,2,0,6,0.683,0.0,5,0.0,2,5,7,4,0,6,7,1,2,4,0.564,0,2,6,0
6,0,0,1,7,0.407,3,0.445,0.049,0.434,3,2,3.0,7,-0.85,4,5,3,2,-0.685,0.0,5,0.0,7,6,0,6,4,3,6,0,3,2,1.734,0,7,2,0
4,3,2,2,7,-0.106,3,0.032,-0.005,-1.769,3,2,3.0,7,-0.688,3,0,6,5,2.362,0.0,5,0.0,2,2,7,0,6,0,7,0,1,1,0.559,0,0,0,0
6,4,7,3,6,-0.075,2,-0.23,-0.48,0.046,3,7,4.0,5,-0.833,7,3,2,6,-2.079,0.0,3,0.0,1,5,5,0,6,5,7,5,5,2,-0.497,3,4,4,0
7,1,7,1,3,3.637,7,-0.502,-0.362,1.277,4,1,3.0,4,0.922,5,7,5,2,-4.489,0.0,6,0.0,4,3,6,4,1,4,5,4,0,3,-0.202,4,5,6,0
5,6,1,1,7,-0.239,2,0.109,-0.498,-0.105,6,6,5.0,6,1.248,7,3,0,4,-1.194,0.0,7,0.0,1,1,7,4,6,1,6,3,2,6,-0.324,1,2,1,0
3,3,6,7,6,-1.026,3,0.005,-0.012,1.593,3,1,4.0,3,1.711,3,3,3,4,5.475,0.0,7,0.0,1,0,2,7,7,2,1,6,4,3,-0.749,4,5,5,0
5,6,1,1,1,-1.234,2,-0.954,-0.154,-0.297,1,6,3.0,0,0.887,2,1,4,1,-2.934,0.0,2,0.0,2,3,2,0,3,0,1,4,1,7,-0.129,3,2,0,0
6,5,0,6,0,0.693,7,-1.371,-0.549,-0.812,6,7,4.0,6,-0.348,1,2,0,4,4.054,0.0,7,0.0,5,4,1,6,3,1,1,1,1,5,-0.323,4,6,6,0
6,6,4,2,0,-0.564,1,0.39,0.733,2.165,1,0,3.0,2,1.859,3,5,6,7,0.586,0.0,5,0.0,4,1,5,2,4,2,0,4,2,0,-0.98,3,7,5,0
2,1,2,2,7,0.65,7,0.194,-0.136,1.439,0,1,3.0,4,2.658,5,3,0,6,-1.411,0.0,0,0.0,4,5,5,1,0,3,6,3,6,4,1.197,7,7,4,0
2,3,5,4,3,0.608,5,0.261,0.078,0.189,4,2,2.0,2,1.083,5,0,4,3,2.445,0.0,0,0.0,4,3,7,5,3,7,3,5,2,4,-0.271,7,7,2,0
7,2,0,3,4,-0.005,0,-1.006,-0.83,0.6,0,3,3.0,6,-0.0,4,7,0,6,-2.235,0.0,6,0.0,7,7,3,3,5,6,5,7,6,2,0.539,4,4,4,0
7,6,0,3,0,1.188,5,-1.004,-0.601,-1.92,5,4,4.0,2,-0.907,5,2,2,0,1.254,0.0,0,0.0,1,6,0,4,5,5,2,6,5,3,1.361,2,5,0,0
3,1,7,1,1,-1.265,4,0.414,-0.547,-1.292,4,6,4.0,5,-3.591,2,1,3,4,-2.064,0.0,6,0.0,6,4,2,4,2,2,0,7,0,6,-0.431,0,1,7,0
2,3,2,1,0,-1.259,3,0.203,0.789,-1.331,2,6,1.0,4,2.445,5,2,2,7,-2.412,0.0,4,0.0,6,6,4,4,1,2,7,2,2,5,0.884,5,7,2,0
7,7,6,6,5,0.447,2,0.535,0.234,0.853,2,0,3.0,2,-0.018,5,2,4,1,1.922,0.0,5,0.0,6,2,4,1,6,3,1,7,3,6,0.588,6,4,2,0
7,3,5,1,3,-2.553,0,-0.823,0.247,1.088,3,6,4.0,2,0.546,0,5,7,0,-0.514,0.0,6,0.0,2,6,0,1,0,7,4,2,7,3,0.384,1,2,2,0
5,7,2,1,1,-0.615,1,0.123,0.211,-1.748,3,1,4.0,3,2.273,0,7,4,5,-0.532,0.0,4,0.0,4,6,4,5,5,0,1,5,6,4,1.309,4,1,3,0
4,7,3,3,1,0.637,4,1.262,1.062,-0.69,2,2,2.0,6,2.383,4,4,6,4,2.097,0.0,5,0.0,5,4,4,3,1,0,2,3,0,0,0.641,1,2,2,0
2,1,5,6,6,1.548,1,0.219,-0.045,0.748,2,0,4.0,4,-1.341,6,5,0,5,1.324,0.0,2,0.0,0,4,0,0,3,6,5,5,4,6,-1.034,1,0,4,0
4,7,4,1,1,0.84,7,0.454,0.002,-1.372,1,2,2.0,1,-1.138,6,3,3,0,1.443,0.0,3,0.0,2,6,3,4,7,0,7,1,5,7,1.485,2,7,6,0
2,3,2,6,2,-0.126,0,1.219,1.013,-0.658,4,5,2.0,3,1.066,1,1,6,5,-0.776,0.0,6,0.0,2,0,4,3,5,2,3,5,1,0,-0.871,1,0,4,0
0,0,3,1,3,0.004,2,-0.524,-0.584,0.76,5,0,3.0,3,-0.743,7,0,7,1,-4.243,0.0,0,0.0,6,3,1,7,0,7,6,3,7,3,0.668,5,1,5,0
0,2,1,0,1,1.042,3,-0.001,0.574,0.272,6,7,3.0,6,-0.539,5,0,6,2,2.448,0.0,1,0.0,2,7,3,2,5,2,2,0,6,5,0.018,4,0,6,0
6,3,7,5,3,-1.029,4,-0.334,0.609,-0.956,0,0,2.0,7,1.077,0,4,7,2,-1.816,0.0,1,0.0,3,7,4,3,2,4,6,2,5,3,0.888,1,2,7,0
3,5,7,7,2,1.878,7,0.595,-0.252,-1.32,0,4,3.0,1,1.28,7,4,5,6,2.663,0.0,7,0.0,0,4,3,2,6,1,7,0,2,3,-0.156,1,6,6,0
3,3,3,3,4,-0.16,6,0.613,0.099,0.622,0,6,4.0,7,2.112,1,4,7,7,-0.1,0.0,2,0.0,4,7,5,1,0,5,7,3,3,6,0.571,7,4,1,0
5,4,2,6,2,1.543,4,1.019,0.921,-0.805,4,3,2.0,4,0.18,4,1,3,4,1.79,0.0,7,0.0,5,3,5,6,4,7,1,1,0,0,0.252,2,1,3,0
1,0,5,5,4,-0.676,2,-1.256,-1.429,-0.402,1,7,3.0,1,-0.124,7,5,0,1,0.502,0.0,2,0.0,0,2,1,0,2,7,6,3,6,2,-0.682,1,3,4,0
1,3,4,1,2,-1.506,6,0.556,1.718,-0.729,1,4,2.0,0,4.152,6,2,0,4,0.26,0.0,6,0.0,7,0,3,4,1,0,0,7,3,0,1.629,1,5,7,0
1,4,2,0,7,0.134,3,0.819,1.242,-1.446,5,6,0.0,1,2.62,1,2,7,0,1.21,0.0,7,0.0,0,5,7,5,7,2,6,2,2,5,2.168,7,3,5,0
1,5,2,7,1,-0.54,1,1.187,0.533,-0.981,3,0,2.0,4,3.657,0,3,4,4,5.949,0.0,5,0.0,5,0,2,0,7,6,6,3,0,1,-0.563,7,1,0,0
5,5,4,1,4,-0.955,2,1.264,0.874,0.573,3,5,2.0,5,-0.428,5,0,6,5,-0.791,0.0,2,0.0,3,2,2,1,5,5,6,1,7,7,0.779,4,7,5,0
7,3,0,6,7,0.16,6,-0.498,-1.068,0.068,1,5,4.0,6,0.626,0,3,2,5,-3.488,0.0,5,0.0,3,2,0,0,6,2,2,3,0,0,-2.367,0,2,2,0
5,0,0,7,0,-0.003,4,0.794,0.384,-0.896,1,2,2.0,4,2.535,1,6,3,2,2.329,0.0,1,0.0,3,1,0,2,0,2,7,0,0,6,2.688,0,5,5,0
7,7,3,1,7,-1.018,6,-0.064,0.39,0.622,4,6,2.0,2,0.013,1,5,4,1,-2.258,0.0,5,0.0,4,1,2,2,6,7,6,2,4,6,-0.244,5,5,5,0
7,2,6,3,5,-1.054,1,0.043,-0.474,-0.366,5,0,4.0,5,-1.368,7,1,0,2,-0.298,0.0,1,0.0,7,4,1,6,7,2,5,4,1,4,0.921,3,4,2,0
7,4,0,7,5,0.21,4,2.178,2.081,-1.369,6,4,1.0,4,-0.853,6,1,6,4,1.646,0.0,6,0.0,4,5,5,4,1,0,5,3,4,0,1.609,3,4,2,0
1,6,6,6,4,0.259,2,0.162,1.392,-0.986,2,1,1.0,4,1.79,7,6,7,5,3.672,0.0,5,0.0,4,1,5,1,1,4,6,0,4,7,0.448,4,5,4,0
3,2,0,2,3,0.67,1,0.34,1.302,-0.731,2,1,2.0,7,-0.432,2,5,0,2,0.374,0.0,4,0.0,4,7,1,1,1,5,4,3,2,1,2.666,5,7,7,0
4,5,3,2,4,-0.773,6,-0.559,-0.687,0.146,6,6,3.0,2,0.042,5,6,7,5,-0.373,0.0,1,0.0,6,6,1,2,4,5,0,4,4,2,-2.138,2,1,1,0
4,0,7,3,5,1.038,3,-1.772,-1.345,0.088,5,2,6.0,0,-1.475,0,7,4,2,-3.223,0.0,5,0.0,7,3,2,1,5,7,6,2,4,1,-2.067,0,1,6,0
6,0,4,4,3,1.08,7,-1.366,-0.394,-0.027,7,1,4.0,0,1.767,7,5,7,4,1.296,0.0,4,0.0,5,7,6,0,0,3,4,3,7,7,0.784,5,1,3,0
7,0,7,4,5,0.236,2,-1.485,-0.387,-0.725,5,1,5.0,7,-2.457,4,5,1,5,-0.011,0.0,5,0.0,0,3,1,6,2,4,7,1,6,6,-2.439,4,0,1,0
2,3,7,0,7,0.271,2,-1.672,-1.388,-2.196,5,1,6.0,2,-1.943,5,4,5,6,-4.782,0.0,3,0.0,4,0,7,6,2,1,0,0,6,4,-1.263,2,2,5,0
4,1,6,4,5,-0.722,1,-2.184,-1.794,-0.564,6,1,5.0,4,-0.776,3,2,6,7,-2.269,0.0,7,0.0,4,0,0,2,7,1,3,5,2,2,-2.186,5,4,0,0
5,7,1,0,6,0.288,5,-1.108,-0.662,-1.215,1,4,5.0,0,-1.482,0,5,6,2,0.192,0.0,1,0.0,2,7,5,1,5,2,7,7,4,0,-2.693,4,6,2,0
0,2,0,0,4,0.615,0,1.415,1.356,-2.415,7,0,1.0,2,1.808,7,6,3,1,0.658,0.0,7,0.0,0,5,1,0,7,5,1,7,5,4,0.815,4,1,4,0
0,7,5,1,0,1.298,5,-2.249,-1.359,-0.766,3,0,5.0,3,-1.36,1,3,4,7,-4.014,0.0,3,0.0,2,0,2,3,6,3,3,1,5,5,-1.162,1,0,3,0
6,0,3,7,5,1.61,3,1.155,1.01,-0.403,3,0,0.0,7,4.089,4,3,0,5,-1.18,0.0,6,0.0,7,2,0,3,3,6,2,2,3,1,2.365,3,1,6,0
7,0,5,2,7,-0.047,0,-2.446,-2.202,-1.093,2,5,6.0,5,-3.838,4,3,7,0,-3.515,0.0,3,0.0,4,5,5,2,1,1,3,5,3,6,-1.611,0,5,5,0
6,5,6,2,0,0.174,3,2.351,0.773,-1.073,3,5,2.0,2,-2.728,0,3,6,1,-2.098,0.0,2,0.0,6,7,0,5,7,6,1,3,7,2,0.738,1,5,4,0
6,5,2,4,3,0.81,6,1.058,0.792,-1.244,3,2,3.0,6,1.175,4,2,3,7,1.437,0.0,6,0.0,6,1,4,5,2,0,5,0,4,2,1.847,0,7,0,0
5,5,4,1,1,-0.237,4,1.177,1.694,-1.165,0,0,2.0,6,3.921,2,0,2,0,-2.457,0.0,6,0.0,2,1,7,3,1,5,2,3,6,3,0.255,7,5,3,0
5,2,4,4,4,-0.431,1,0.463,-0.345,-0.206,3,6,3.0,7,1.587,7,4,2,3,-0.777,0.0,2,0.0,5,1,3,3,7,2,2,7,2,7,0.38,6,6,4,0
5,0,6,0,6,-3.418,0,0.015,-0.471,-1.137,5,1,4.0,6,-1.1,6,3,3,7,0.055,0.0,7,0.0,2,2,0,6,0,1,1,6,6,2,-0.5,5,3,6,0
2,4,3,3,0,0.892,5,-0.236,-0.587,1.268,1,7,4.0,6,-0.694,6,5,2,2,0.394,0.0,4,0.0,0,3,4,6,5,3,3,6,0,4,0.189,5,5,1,0
5,3,5,1,2,-0.449,7,-0.044,-0.029,1.513,3,3,3.0,5,1.276,0,6,6,3,-1.163,0.0,7,0.0,3,1,2,1,4,0,6,1,5,6,1.98,3,4,4,0
5,7,7,7,1,0.385,0,0.063,-0.426,0.362,7,7,5.0,2,-1.074,4,1,2,1,0.201,0.0,4,0.0,6,2,6,3,7,5,6,5,6,3,-0.037,4,6,1,0
5,2,2,4,0,-0.166,5,-0.405,-0.25,-0.386,5,6,3.0,2,-0.087,0,7,5,3,1.746,0.0,7,0.0,4,6,0,2,0,0,0,3,3,1,-1.132,3,2,3,0
3,5,2,1,1,0.941,7,-1.319,-1.113,1.931,4,1,5.0,0,0.662,7,4,0,3,-2.483,0.0,3,0.0,6,4,4,0,3,2,0,6,4,6,-2.033,7,4,7,0
4,2,3,6,5,-1.453,5,-1.495,-0.605,0.208,5,6,4.0,7,0.65,4,7,6,2,1.786,0.0,2,0.0,6,4,4,3,1,6,0,4,2,2,-1.044,4,4,5,0
7,7,5,2,5,1.161,1,-0.574,-0.417,0.105,2,7,3.0,2,-0.297,7,5,1,7,0.751,0.0,7,0.0,6,4,7,3,7,2,2,6,2,7,-0.705,3,4,3,0
7,6,6,5,6,0.605,1,-0.135,0.292,0.308,7,7,3.0,7,-0.362,6,7,1,5,-1.235,0.0,6,0.0,3,1,0,5,7,3,6,4,0,1,0.883,0,5,6,0
7,2,2,0,5,0.767,5,-0.947,-1.627,0.379,4,2,5.0,7,-1.798,0,4,0,3,-3.529,0.0,5,0.0,0,2,0,0,0,3,3,2,5,5,-1.121,7,6,1,0
1,1,0,6,0,-1.666,5,0.66,0.262,-0.025,0,5,3.0,7,1.199,6,0,1,7,-0.644,0.0,0,0.0,4,1,4,4,1,1,1,2,5,5,-0.49,6,7,7,0
5,5,6,0,6,-0.842,1,0.74,1.119,-0.653,4,6,2.0,2,2.343,2,4,1,5,0.823,0.0,6,0.0,1,7,0,6,1,1,3,0,5,7,2.457,2,7,7,0
3,5,3,3,2,0.296,5,-1.735,-1.521,0.103,4,5,4.0,5,-1.507,0,2,0,7,-0.787,0.0,0,0.0,7,0,0,6,0,1,1,6,6,4,-2.158,0,7,4,0
1,7,2,6,2,0.898,5,-0.111,0.422,1.006,0,6,2.0,2,1.474,2,6,0,6,0.523,0.0,2,0.0,3,7,4,3,7,6,2,2,4,3,-1.716,0,6,5,0
3,1,4,4,7,-0.091,6,0.428,0.433,0.432,7,6,2.0,3,-1.629,6,1,2,5,1.541,0.0,4,0.0,6,0,7,0,7,0,0,7,4,5,-1.468,5,5,0,0
3,2,6,5,3,1.595,7,-0.518,-0.226,0.136,2,1,3.0,3,-0.45,2,6,5,1,-2.107,0.0,3,0.0,6,3,7,7,1,3,4,0,6,6,-0.424,0,1,4,0
2,5,6,6,5,1.997,1,0.21,0.595,-0.508,7,6,2.0,4,-1.776,0,1,4,6,3.517,0.0,7,0.0,4,2,2,5,4,4,7,6,3,3,1.778,0,3,4,0
5,5,4,2,1,1.105,2,-0.886,-0.422,-0.985,0,7,2.0,1,0.247,0,2,6,7,-2.753,0.0,4,0.0,2,4,0,3,5,5,1,1,6,1,-0.235,6,0,2,0
1,0,6,5,2,0.266,2,-0.41,-0.239,0.246,4,2,3.0,5,-0.736,2,0,2,0,0.889,0.0,5,0.0,5,6,6,7,2,0,0,0,6,4,0.742,5,5,3,0
2,2,6,2,6,0.214,3,0.908,0.696,-1.83,1,0,3.0,6,2.853,3,1,5,5,1.988,0.0,1,0.0,4,2,3,6,7,1,5,2,5,3,0.153,7,2,5,0
6,1,2,1,4,0.841,1,1.244,1.333,-0.341,3,0,2.0,5,-0.774,3,7,4,3,3.98,0.0,4,0.0,6,1,4,2,5,4,3,3,1,6,0.848,3,2,6,0
1,3,2,1,3,1.182,7,1.218,-0.648,-0.401,0,0,4.0,4,-0.331,5,3,1,5,1.023,0.0,7,0.0,1,3,5,5,0,2,1,1,3,1,-0.748,1,2,1,0
3,2,1,4,4,0.905,1,-1.169,-0.599,0.173,4,6,2.0,7,0.33,7,1,4,5,0.484,0.0,0,0.0,6,5,2,6,2,1,2,6,7,5,-1.248,4,1,2,0
4,5,3,4,3,-0.142,7,-1.017,-0.932,-0.553,4,7,6.0,0,1.72,6,3,4,1,-1.493,0.0,6,0.0,3,1,1,0,7,3,0,0,0,3,0.433,2,0,0,0
4,2,7,7,0,-0.367,7,1.456,1.321,0.69,4,1,2.0,4,3.15,1,0,4,0,2.351,0.0,6,0.0,6,3,0,4,5,5,4,5,6,1,2.102,5,6,6,0
0,4,4,4,5,-0.834,4,0.59,1.011,2.106,1,6,2.0,4,1.855,5,5,6,1,4.756,0.0,0,0.0,4,1,4,4,5,5,4,3,1,7,1.585,3,5,2,0
1,6,7,2,7,0.695,1,0.441,-0.702,-0.473,3,2,4.0,3,-1.614,6,2,6,3,1.115,0.0,7,0.0,4,4,4,1,2,6,5,3,7,2,-1.997,4,2,3,0
3,3,7,6,2,0.472,5,-3.269,-1.492,0.09,5,3,4.0,0,-0.602,4,1,3,3,2.399,0.0,5,0.0,7,0,5,2,0,6,6,2,4,6,-1.522,0,2,5,0
0,7,4,6,3,0.133,3,0.824,-0.154,0.577,4,6,2.0,4,-3.447,6,5,6,3,3.047,0.0,7,0.0,4,7,4,7,4,5,2,0,7,4,-1.226,0,4,3,0
2,7,2,3,2,0.918,1,-0.784,-0.795,0.187,6,1,6.0,0,-2.625,6,0,4,0,-1.194,0.0,5,0.0,1,4,2,7,5,3,4,4,7,3,-2.221,4,2,5,0
3,7,1,4,2,-1.152,6,-0.044,-0.182,-0.999,7,6,3.0,5,-1.626,1,3,4,6,-0.588,0.0,1,0.0,0,2,3,2,6,5,4,0,5,5,-1.529,2,4,6,0
0,6,3,1,0,-1.393,3,1.582,0.645,-0.145,1,2,2.0,0,-0.232,7,4,6,4,3.325,0.0,5,0.0,6,7,5,0,5,3,7,2,4,6,0.884,1,3,4,0
1,5,0,7,0,-0.573,6,-0.468,-0.523,-0.296,3,1,5.0,4,-0.847,4,1,1,3,-0.938,0.0,4,0.0,4,3,6,0,2,0,6,2,0,5,-0.149,0,2,6,0
2,6,1,7,3,0.493,5,0.039,-0.682,1.037,4,6,2.0,1,-0.625,0,1,5,5,-1.424,0.0,0,0.0,2,3,0,1,2,6,6,5,5,7,-1.086,3,3,4,0
3,5,2,0,3,0.662,4,-1.707,-1.066,-1.63,7,7,4.0,6,0.027,4,4,0,5,-0.31,0.0,3,0.0,5,4,0,4,6,7,7,6,2,4,-1.327,4,3,0,0
5,5,7,6,0,-0.181,4,1.126,1.083,-0.622,2,4,3.0,4,2.814,5,5,3,6,2.199,0.0,4,0.0,4,0,2,0,3,7,3,4,3,1,2.046,0,2,4,0
1,3,2,2,1,-1.171,3,-1.348,-0.391,-0.218,0,5,4.0,5,0.421,0,0,1,6,-0.158,0.0,6,0.0,7,4,4,2,3,3,1,2,4,4,-2.973,7,7,4,0
2,1,0,7,2,0.883,5,-0.034,-0.5,-0.686,4,6,4.0,0,0.36,7,2,1,2,3.641,0.0,3,0.0,5,7,0,0,3,2,6,2,3,6,-0.361,4,6,4,0
0,0,0,5,6,-0.961,0,-0.031,-0.005,-1.229,6,2,4.0,4,1.035,0,5,3,2,3.57,0.0,1,0.0,6,2,6,1,4,0,6,6,4,2,0.134,2,1,3,0
6,5,5,6,5,-1.103,1,0.808,0.575,1.193,6,3,3.0,7,-1.836,3,3,5,2,2.147,0.0,0,0.0,2,3,1,2,7,5,4,0,0,6,0.551,2,6,2,0
0,0,3,5,4,-1.856,5,-2.858,-1.786,0.899,5,7,4.0,3,-1.677,6,0,6,0,-6.364,0.0,2,0.0,1,6,2,0,5,2,4,2,2,7,-3.285,4,1,2,0
1,0,0,6,0,1.034,1,-1.96,-0.95,1.466,3,6,4.0,6,-1.43,7,4,4,7,-2.74,0.0,5,0.0,6,4,4,6,5,3,4,4,4,1,-3.368,5,4,1,0
4,4,6,2,3,0.975,6,-1.166,-0.156,-0.735,1,1,4.0,4,-1.208,3,3,3,0,1.052,0.0,6,0.0,6,2,2,2,5,3,5,3,1,3,0.395,6,7,5,0
4,6,5,0,1,0.318,0,-0.204,-0.292,0.328,1,1,5.0,7,1.243,7,3,5,1,-2.147,0.0,3,0.0,3,2,3,5,6,3,6,6,5,6,-1.413,5,7,3,0
7,5,1,3,3,-0.268,5,-0.35,-0.516,0.499,1,2,3.0,3,0.547,0,6,0,6,-2.648,0.0,2,0.0,3,7,1,5,2,5,1,1,3,5,1.146,3,3,1,0
1,3,0,3,7,-0.637,3,1.807,1.893,0.257,4,6,2.0,2,-2.522,2,1,4,4,1.512,0.0,3,0.0,5,3,0,5,0,7,7,6,7,0,2.644,1,0,5,0
1,1,5,3,0,-1.294,4,-0.638,0.838,0.295,7,7,3.0,7,-3.744,5,7,1,0,0.58,0.0,2,0.0,7,2,1,2,3,0,5,1,5,4,-0.85,1,4,6,0
7,7,6,3,3,-0.829,2,0.565,1.533,-0.317,3,4,1.0,1,3.182,1,6,5,2,0.97,0.0,3,0.0,6,1,6,3,7,6,2,1,4,2,2.715,3,4,4,0
1,5,0,7,4,-2.08,1,1.265,0.688,-1.994,3,1,2.0,3,-2.021,7,4,2,2,1.243,0.0,5,0.0,6,5,1,7,3,3,6,5,7,2,2.056,2,2,5,0
3,7,6,1,0,0.353,1,0.574,1.76,0.111,3,7,1.0,5,1.211,2,3,1,6,2.268,0.0,2,0.0,4,6,5,7,4,3,5,5,6,1,2.687,3,2,0,0
1,0,3,3,0,-0.285,4,-0.154,-1.49,-1.316,3,6,4.0,7,0.654,1,4,3,6,0.251,0.0,6,0.0,3,4,6,4,5,7,5,2,0,2,0.669,6,3,3,0
2,4,1,7,0,0.048,5,1.94,1.534,2.3,2,0,0.0,5,2.17,3,2,3,2,2.178,0.0,1,0.0,1,7,2,5,7,7,5,1,4,3,-0.125,0,2,2,0
3,6,7,7,5,-0.305,7,-1.998,-1.823,2.091,0,0,6.0,1,-2.019,6,1,5,2,-1.495,0.0,5,0.0,1,7,6,7,1,6,6,0,6,3,-1.388,0,7,5,0
5,7,6,6,4,0.714,2,-0.272,0.159,-1.878,1,1,3.0,7,1.337,3,4,6,2,-0.169,0.0,4,0.0,1,3,4,2,5,1,3,7,5,0,-1.08,0,6,0,0
6,6,6,7,2,0.094,7,-0.253,0.577,-0.419,3,7,1.0,7,4.066,0,7,4,6,0.718,0.0,4,0.0,6,1,3,6,5,5,4,3,4,6,0.209,6,6,6,0
6,3,7,6,1,-1.218,5,-2.052,-1.353,-0.629,7,2,4.0,4,-4.892,7,1,4,4,1.559,0.0,4,0.0,5,1,5,1,0,1,2,6,5,3,-2.329,3,2,6,0
1,0,7,2,7,1.275,5,0.909,0.175,-0.856,5,1,1.0,5,0.984,0,2,2,5,1.44,0.0,7,0.0,2,6,4,0,4,5,3,4,4,4,-1.187,1,5,2,0
7,1,1,1,0,0.381,3,-0.296,0.788,1.975,6,3,4.0,5,1.275,2,4,7,1,-0.064,0.0,1,0.0,4,0,6,4,2,5,0,2,2,3,-0.05,1,0,4,0
5,5,0,7,6,0.245,0,-0.933,-1.171,-0.161,3,1,6.0,0,-1.658,5,5,5,4,1.18,0.0,5,0.0,6,1,1,6,5,4,1,6,1,4,-0.939,0,7,1,0
2,7,3,3,7,0.018,0,0.064,-0.249,-0.789,5,1,3.0,2,0.927,0,0,0,7,1.375,0.0,5,0.0,2,0,0,1,2,5,5,0,6,6,-2.115,6,6,4,0
4,1,4,2,7,-0.639,1,-0.749,-0.158,-0.208,0,2,3.0,7,2.714,5,4,1,5,2.046,0.0,1,0.0,5,5,7,5,0,0,5,3,0,7,-0.02,2,7,4,0
4,0,3,2,6,-0.681,4,1.382,1.781,-0.068,6,2,1.0,2,-0.288,0,3,6,4,1.611,0.0,2,0.0,6,3,5,7,0,4,7,1,6,7,2.127,4,2,1,0
0,5,3,1,0,0.38,1,-1.145,-1.462,-0.604,4,6,6.0,0,-4.048,4,6,5,3,-1.615,0.0,6,0.0,4,2,2,0,4,2,2,0,3,6,-1.063,6,1,3,0
1,4,1,5,1,0.673,3,-1.481,-1.254,-0.43,7,7,6.0,5,-1.828,3,6,6,6,0.074,0.0,3,0.0,0,4,1,1,4,3,5,2,7,2,-0.334,3,3,3,0
5,6,7,4,0,0.772,4,-0.157,-0.928,0.613,5,6,4.0,3,-1.719,3,7,1,7,-3.389,0.0,4,0.0,5,5,4,1,6,1,6,3,0,4,0.316,6,1,6,0
6,3,6,6,3,1.21,7,-0.61,-0.697,1.073,5,6,4.0,2,0.19,6,5,1,1,-0.176,0.0,2,0.0,3,0,5,5,4,6,0,0,5,3,-0.986,4,1,7,0
1,6,1,5,6,-1.631,1,-0.801,-0.552,-0.148,0,7,3.0,0,-0.873,6,1,5,2,-1.482,0.0,7,0.0,1,4,3,1,3,1,6,4,4,3,0.218,5,2,1,0
5,6,2,5,7,-0.897,2,1.443,1.745,-0.165,4,5,1.0,5,-0.336,6,2,1,5,0.275,0.0,4,0.0,3,4,6,6,0,5,6,2,0,7,1.199,7,6,1,0
7,7,2,7,4,1.102,7,0.998,1.114,1.955,2,2,3.0,4,1.549,0,5,5,1,1.223,0.0,4,0.0,4,6,2,4,3,0,7,1,5,4,1.745,1,5,1,0
0,5,6,1,5,-0.493,5,1.018,0.706,-0.736,3,3,2.0,6,3.063,1,7,1,3,1.277,0.0,1,0.0,0,2,4,1,0,6,3,5,1,1,2.274,2,7,3,0
3,5,7,4,4,-0.694,2,-0.58,-0.428,-0.524,0,1,3.0,2,-2.251,3,4,4,5,0.354,0.0,0,0.0,1,0,0,0,4,5,0,4,0,5,0.312,0,4,0,0
4,7,0,4,4,0.643,7,1.124,0.328,-0.602,7,1,4.0,2,0.684,1,0,0,7,-3.8,0.0,6,0.0,0,6,7,7,6,1,5,7,1,4,0.173,3,6,0,0
7,7,4,3,2,2.206,0,0.818,0.128,0.603,2,0,1.0,0,-0.56,0,5,1,7,3.025,0.0,3,0.0,0,1,2,5,1,2,7,1,2,3,0.571,0,3,2,0
3,3,0,5,3,-0.136,4,1.167,0.499,0.511,1,2,3.0,1,-2.165,4,3,3,3,0.22,0.0,3,0.0,6,6,5,7,7,6,6,6,3,4,-0.457,0,7,7,0
7,1,3,2,3,0.277,0,-0.103,0.627,2.076,1,3,3.0,0,1.311,2,1,7,0,3.282,0.0,7,0.0,5,7,1,0,7,3,4,1,2,1,1.84,4,3,3,0
1,2,4,7,3,-1.289,2,-1.399,-1.192,1.0,2,3,6.0,7,-3.176,2,6,5,0,-0.494,0.0,4,0.0,5,1,6,1,7,0,6,6,7,0,-3.304,7,4,1,0
3,7,0,4,0,-0.142,5,0.215,-0.346,2.348,6,1,3.0,3,-2.87,2,0,7,5,0.057,0.0,7,0.0,1,1,1,3,3,0,5,4,4,2,-0.126,7,3,7,0
3,0,3,4,3,0.68,3,-0.209,-0.538,-1.847,2,5,3.0,4,-0.0,2,7,1,4,1.446,0.0,4,0.0,4,6,7,6,5,5,3,5,1,5,-0.013,0,3,2,0
4,1,3,4,2,-1.237,7,-0.671,-0.558,0.084,3,7,5.0,1,-1.014,4,5,4,3,-0.933,0.0,2,0.0,6,5,6,2,2,4,2,7,3,4,-0.82,4,2,4,0
0,2,7,3,7,-1.905,4,-0.021,-0.367,-1.995,7,6,4.0,1,2.253,4,5,2,1,-4.255,0.0,7,0.0,1,7,0,7,5,4,6,3,4,3,1.208,5,1,4,0
4,7,6,1,3,-1.154,1,-0.163,1.437,0.274,4,1,3.0,6,1.122,0,2,0,2,1.346,0.0,5,0.0,2,1,1,5,6,6,0,4,3,3,1.116,5,4,5,0
4,1,3,5,3,0.563,4,-0.224,0.217,0.306,2,3,3.0,4,1.294,4,7,5,1,3.718,0.0,7,0.0,1,0,0,1,0,5,0,7,1,2,-0.591,2,7,7,0
5,2,7,1,4,0.952,6,-0.602,-1.403,-0.629,7,1,3.0,6,-1.24,1,5,7,1,-4.875,0.0,5,0.0,3,5,1,3,7,4,0,5,7,6,0.592,6,1,4,0
7,1,3,0,0,0.93,1,1.594,0.725,0.447,1,0,2.0,6,0.454,1,6,1,5,3.567,0.0,2,0.0,0,7,0,7,3,1,6,5,2,2,0.253,1,5,4,0
1,0,6,0,1,-0.197,5,1.181,1.824,1.08,7,1,2.0,3,1.637,3,2,4,1,2.496,0.0,5,0.0,2,4,2,0,7,6,0,1,2,5,2.949,1,6,5,0
0,4,7,7,2,-0.292,0,0.097,0.197,0.329,2,2,3.0,3,2.737,7,1,6,0,-0.926,0.0,7,0.0,0,0,1,0,6,7,4,7,7,5,-0.679,2,0,1,0
1,5,4,5,1,-0.266,4,-1.159,-1.051,1.375,7,3,5.0,4,-2.521,7,1,6,4,-2.333,0.0,0,0.0,1,7,2,3,1,2,5,5,6,3,-0.92,3,0,1,0
5,1,1,6,7,0.023,2,2.632,2.302,-0.424,4,7,0.0,0,3.019,6,7,6,4,6.193,0.0,1,0.0,2,7,0,7,4,1,7,1,0,6,3.043,4,4,7,0
1,0,4,7,0,-1.583,0,1.268,0.818,-2.753,3,4,3.0,4,2.07,6,3,0,7,0.52,0.0,2,0.0,1,1,6,4,2,1,4,2,5,6,0.757,2,4,0,0
7,5,7,4,0,1.514,2,1.116,0.445,2.348,6,7,2.0,5,-2.542,1,0,1,1,-0.559,0.0,6,0.0,1,4,7,2,0,3,3,3,3,5,1.574,6,2,0,0
4,2,2,0,6,0.168,1,-0.254,-0.694,1.174,1,1,5.0,6,1.203,2,1,6,7,-1.341,0.0,3,0.0,7,3,7,6,6,7,2,3,0,6,-0.631,4,0,5,0
7,6,1,2,7,1.679,7,-0.694,-1.095,-0.135,1,5,5.0,4,1.573,0,6,4,2,3.473,0.0,6,0.0,1,4,2,1,2,3,7,6,6,6,-2.863,0,1,6,0
1,1,0,3,1,-1.619,3,0.269,-0.423,-0.112,4,5,4.0,3,1.942,0,0,1,6,3.748,0.0,6,0.0,1,0,5,6,1,4,4,7,3,2,-0.52,6,6,0,0
1,0,0,1,1,1.994,3,-1.536,-1.016,1.246,3,1,3.0,0,0.843,1,0,2,1,-2.448,0.0,6,0.0,6,3,2,0,1,1,3,3,1,6,-0.418,6,5,5,0
1,1,2,1,3,0.4,4,0.029,0.626,-0.227,3,1,2.0,4,0.504,3,2,4,0,-1.875,0.0,7,0.0,7,3,4,3,4,0,3,4,2,4,-1.319,0,0,4,0
2,6,1,6,2,0.5,3,1.574,1.845,0.991,4,0,1.0,1,0.003,5,1,5,1,2.351,0.0,7,0.0,1,3,5,4,6,7,2,4,7,2,-0.832,6,6,1,0
6,7,1,2,2,-0.598,6,-0.983,-1.019,-0.232,7,0,4.0,5,-0.848,1,0,6,7,-3.482,0.0,2,0.0,0,6,7,6,5,4,3,2,7,0,-2.318,2,5,0,0
5,1,5,6,0,0.101,6,-1.11,-0.877,-2.54,6,5,5.0,7,-3.059,5,2,2,2,0.63,0.0,0,0.0,1,4,2,2,3,0,4,4,5,0,-1.306,5,5,5,0
1,4,2,4,6,-0.714,6,0.212,-0.689,-1.414,3,3,3.0,6,0.677,6,6,2,5,-1.676,0.0,7,0.0,1,4,2,6,6,2,4,4,1,3,-0.176,0,4,3,0
2,5,5,0,0,0.042,4,-0.818,-1.061,0.199,7,3,5.0,3,0.905,2,6,5,2,5.795,0.0,3,0.0,3,3,6,2,1,2,5,0,6,6,0.056,2,0,1,0
2,6,5,5,3,0.377,6,1.132,0.18,-0.597,5,0,3.0,2,-0.01,0,2,6,6,1.011,0.0,0,0.0,7,6,0,6,3,2,6,0,4,2,0.462,1,0,0,0
6,5,1,2,3,1.213,6,2.132,0.922,-0.038,1,4,0.0,1,4.713,0,6,1,4,-1.095,0.0,4,0.0,6,7,2,3,2,4,1,4,4,6,1.438,5,4,4,0
4,0,7,4,5,0.606,1,-1.922,-1.502,-1.075,5,4,6.0,4,-1.376,7,5,5,7,-3.13,0.0,1,0.0,0,0,0,3,3,0,1,5,4,1,-1.124,1,0,0,0
3,3,6,4,2,0.881,2,-0.689,0.053,1.184,1,6,4.0,3,3.383,3,5,2,1,-3.383,0.0,3,0.0,3,5,4,6,5,3,4,4,0,6,-1.506,7,7,5,0
7,0,1,5,1,-0.092,3,-0.196,0.214,0.044,6,2,4.0,0,2.724,5,4,4,5,-0.833,0.0,1,0.0,0,6,2,2,3,6,3,5,6,3,-0.823,5,4,4,0
2,1,1,7,0,0.779,2,2.586,2.468,1.067,1,0,0.0,0,1.786,6,1,0,1,-0.867,0.0,1,0.0,4,3,0,3,0,7,4,1,2,4,2.697,1,7,5,0
3,1,4,4,6,-0.037,6,1.671,1.442,-0.076,3,1,0.0,6,-1.387,3,4,5,0,5.941,0.0,6,0.0,3,7,5,5,6,0,2,5,6,5,-1.123,4,4,0,0
2,3,1,4,6,1.075,6,1.456,0.806,0.989,2,5,2.0,0,-0.296,6,6,5,2,4.255,0.0,7,0.0,3,0,4,3,2,7,2,0,5,6,2.045,6,5,0,0
4,0,5,1,7,-0.167,4,0.394,0.55,1.602,5,6,4.0,7,-2.838,5,2,6,0,-1.109,0.0,4,0.0,2,3,3,7,5,1,1,4,0,4,2.186,7,6,2,0
0,0,1,7,6,0.882,6,0.723,0.786,0.048,0,0,2.0,7,2.688,7,2,4,2,2.157,0.0,1,0.0,4,6,2,6,7,0,5,6,3,7,2.486,4,5,5,0
6,5,3,2,5,1.021,4,2.002,1.088,-0.908,2,1,2.0,1,-1.823,7,4,5,0,0.786,0.0,6,0.0,0,7,6,2,6,0,0,0,2,6,1.212,5,7,6,0
5,7,0,5,1,0.066,5,-0.475,0.173,-1.606,0,5,1.0,5,0.391,2,2,2,3,5.235,0.0,2,0.0,3,3,4,4,4,7,2,2,3,1,-1.437,2,5,4,0
5,2,0,6,5,-0.485,5,-0.416,-0.08,1.062,2,2,5.0,0,1.216,3,4,0,2,-0.19,0.0,2,0.0,6,1,0,5,5,1,5,6,6,2,-1.085,3,2,2,0
2,1,4,3,2,0.153,7,0.19,0.302,0.412,7,2,4.0,0,-1.315,5,0,7,5,-0.316,0.0,6,0.0,0,1,6,3,2,2,7,3,5,6,-0.097,0,7,7,0
0,4,5,6,7,1.37,5,-1.064,-0.6,-0.762,6,6,4.0,7,-5.16,3,7,0,0,2.042,0.0,6,0.0,7,5,4,1,4,7,7,3,3,6,-0.312,2,7,7,0
7,2,7,2,5,-1.155,4,0.614,0.183,0.739,4,4,2.0,1,-0.206,3,7,7,4,0.598,0.0,5,0.0,7,4,2,1,2,6,7,5,1,7,0.654,3,6,6,0
0,3,0,4,3,0.113,7,-1.632,-1.563,-0.761,7,0,4.0,2,-2.138,4,7,1,4,-8.463,0.0,0,0.0,1,1,6,1,5,5,6,5,5,6,-0.277,1,5,3,0
2,2,7,3,6,0.964,4,-0.246,-0.839,1.384,4,1,3.0,6,-0.313,7,5,7,7,-3.532,0.0,2,0.0,2,5,4,1,6,2,5,0,3,5,-1.193,0,2,4,0
3,0,5,2,6,-0.027,3,1.015,0.594,1.423,4,5,3.0,1,-1.559,7,5,1,0,-2.673,0.0,0,0.0,5,1,4,6,1,4,2,1,5,7,-1.507,5,5,7,0
7,3,0,0,6,-0.666,6,1.779,1.68,-0.656,1,2,1.0,4,2.175,1,4,6,0,-2.671,0.0,4,0.0,1,6,5,0,0,6,5,1,1,6,2.047,7,7,2,0
6,6,6,2,5,-1.396,4,2.067,1.04,0.312,7,6,2.0,1,-0.047,6,3,4,3,-0.422,0.0,0,0.0,1,4,7,7,7,5,4,1,1,3,1.756,6,7,4,0
2,3,2,1,4,-0.301,0,-2.195,-1.535,0.402,3,7,5.0,0,-2.618,5,5,2,3,-5.961,0.0,2,0.0,0,1,5,4,5,4,1,7,4,4,-0.97,3,2,7,0
0,6,7,1,3,-0.184,6,0.509,0.478,0.331,6,0,3.0,7,-0.242,1,7,4,4,-3.542,0.0,6,0.0,4,6,6,4,7,0,2,7,0,7,1.049,3,7,7,0
5,4,1,3,4,0.532,3,0.138,-0.824,-0.202,1,3,5.0,3,2.004,3,2,7,6,-0.407,0.0,7,0.0,7,6,0,3,1,7,2,4,2,1,-1.867,2,0,5,0
3,2,4,4,7,1.588,4,-0.71,-0.926,-0.039,0,3,4.0,4,-1.837,6,4,7,1,-1.578,0.0,2,0.0,3,4,5,6,2,3,7,4,3,5,1.751,4,7,4,0
3,3,6,2,7,0.567,2,0.189,0.822,0.654,4,7,2.0,6,0.873,6,1,3,2,-1.33,0.0,7,0.0,7,1,3,7,4,7,2,1,7,0,-0.011,1,4,7,0
2,5,0,1,1,-0.974,2,-1.076,-1.458,2.2,1,5,7.0,0,-4.659,2,0,4,7,-2.422,0.0,6,363.72,4,6,5,0,0,4,7,7,5,5,1.385,3,1,1,1
7,2,3,5,0,-0.092,2,-0.596,-0.708,-0.027,5,6,4.0,2,1.113,5,3,2,1,1.011,0.0,2,0.0,3,5,5,0,0,3,1,6,6,4,-0.561,1,4,0,0
3,5,3,6,0,0.264,4,0.34,-0.171,-1.074,6,0,4.0,2,2.717,0,7,6,2,-0.485,0.0,5,0.0,3,0,5,2,4,1,4,0,1,0,-0.344,5,0,2,0
3,4,0,4,4,-0.923,6,0.465,0.321,-2.183,1,6,3.0,6,1.244,3,0,6,0,-3.189,0.0,2,0.0,0,5,3,1,7,6,0,6,1,0,3.615,1,4,4,0
2,2,4,3,4,0.157,5,0.48,0.43,1.062,7,7,2.0,3,0.43,1,2,7,0,-0.457,0.0,0,0.0,4,4,3,5,6,4,1,2,3,3,2.73,7,4,2,0
2,3,7,2,4,-0.001,0,-1.287,-0.968,-0.772,3,7,4.0,3,-1.92,2,2,4,1,2.779,0.0,7,0.0,3,0,3,4,1,0,3,4,7,1,-2.39,0,2,6,0
6,3,0,2,2,1.763,4,0.154,-0.242,-0.158,7,0,3.0,5,-1.858,0,1,1,1,-2.165,0.0,3,0.0,4,3,4,1,6,0,6,4,1,7,0.292,5,4,6,0
6,5,7,4,2,0.348,0,-2.043,-2.013,0.542,4,7,5.0,5,-0.065,4,0,2,4,-5.713,0.0,7,0.0,7,4,5,5,3,0,2,1,5,1,-2.475,7,3,7,0
7,6,5,4,7,-0.479,3,-0.333,0.39,1.78,6,5,4.0,1,1.028,1,1,1,2,0.833,0.0,0,0.0,5,1,5,4,2,3,3,1,2,1,-0.289,5,0,6,0
3,6,2,6,5,-0.479,7,-0.713,-0.477,-1.335,1,6,3.0,0,-1.023,2,3,4,7,-0.477,0.0,2,0.0,3,2,1,3,7,3,0,3,1,6,-2.388,4,2,5,0
1,0,7,5,3,-0.79,2,1.634,0.51,-0.581,7,2,3.0,0,1.33,7,1,2,4,0.777,0.0,5,0.0,3,3,0,5,2,7,2,3,0,7,0.626,2,5,6,0
4,1,0,6,3,0.839,1,0.247,-0.622,-0.809,1,5,4.0,4,1.526,0,6,6,2,1.202,0.0,3,0.0,3,1,7,5,6,3,1,2,3,6,-1.136,0,7,1,0
4,0,4,7,7,-1.024,6,-0.801,0.258,-0.9,2,0,4.0,7,-1.691,1,6,3,7,-2.453,0.0,0,0.0,5,1,7,4,6,6,3,5,5,1,-1.427,4,5,3,0
4,3,3,1,3,-0.411,2,1.135,0.608,2.221,4,6,2.0,5,-0.236,7,7,0,2,-0.375,0.0,7,0.0,7,1,4,3,2,6,6,2,0,2,0.05,7,3,5,0
4,1,5,6,5,0.768,1,1.019,1.963,0.778,6,1,2.0,2,1.081,7,2,6,2,1.997,0.0,7,0.0,3,4,3,0,7,2,0,1,4,0,3.17,7,6,7,0
3,3,5,5,5,0.161,5,-0.531,0.668,0.609,4,5,4.0,7,-1.152,7,2,1,4,0.68,0.0,0,0.0,6,5,2,3,7,2,7,6,3,5,0.538,6,5,6,0
5,0,0,0,7,0.061,4,0.523,-0.043,-1.582,0,3,3.0,5,4.114,7,6,7,6,3.543,0.0,1,0.0,2,1,1,7,0,3,2,5,4,0,0.023,7,7,3,0
0,7,6,4,7,0.35,4,-2.281,-2.096,0.126,7,3,6.0,0,-2.813,7,2,3,2,-2.963,0.0,1,0.0,2,4,6,4,0,7,3,3,0,1,-2.382,0,6,5,0
5,7,2,1,1,0.109,6,-0.841,-1.295,-0.495,7,7,3.0,4,0.035,7,6,1,6,1.097,0.0,2,0.0,4,3,5,6,7,3,2,7,4,0,-1.639,5,0,4,0
7,3,6,3,2,1.471,6,0.179,0.387,-1.366,1,4,3.0,1,0.354,2,6,7,4,-1.113,0.0,1,0.0,7,5,7,7,6,3,7,3,2,6,0.09,1,3,1,0
2,1,7,6,2,-0.459,6,0.757,0.093,0.62,0,6,4.0,3,-1.098,2,0,7,3,-0.688,0.0,2,0.0,3,2,4,2,0,7,0,0,0,1,-0.109,6,1,7,0
3,2,0,5,6,0.482,2,-0.005,-0.778,0.19,5,7,5.0,5,1.222,5,4,2,4,-2.4,0.0,6,0.0,6,2,6,0,1,1,1,4,3,6,-2.013,4,6,3,0
4,2,5,0,1,-1.548,4,1.006,-0.269,-1.496,2,1,3.0,4,0.132,0,2,1,3,1.114,0.0,7,0.0,2,5,7,1,2,4,0,7,6,4,0.046,1,2,0,0
6,7,0,6,6,-0.558,2,-1.08,-0.519,1.038,3,6,5.0,1,-0.886,7,7,2,7,-0.238,0.0,2,0.0,5,6,6,3,5,0,1,1,0,0,1.187,1,0,5,0
4,7,2,5,4,-1.412,6,-0.529,0.394,1.8,6,6,4.0,3,4.408,5,1,0,6,-2.515,0.0,0,0.0,1,2,7,1,0,6,2,1,3,4,-1.621,4,0,1,0
2,5,7,7,2,-0.443,7,-0.623,-0.66,-1.012,2,4,4.0,7,-2.119,3,7,6,4,0.322,0.0,6,0.0,6,1,7,4,3,1,1,3,7,5,-2.328,3,5,4,0
4,0,4,7,2,-0.725,5,0.027,-0.241,-1.712,3,0,3.0,2,-4.497,4,5,4,7,1.529,0.0,6,0.0,6,2,3,4,4,6,6,3,1,2,0.533,6,4,6,0
7,2,0,3,2,-0.919,0,0.255,-0.273,-0.251,0,6,2.0,7,0.699,2,3,6,1,3.119,0.0,0,0.0,5,5,5,1,2,1,0,7,2,4,-0.368,6,6,1,0
4,4,5,0,1,-0.125,7,-0.738,-0.16,0.791,3,4,3.0,0,0.37,5,7,2,7,2.864,0.0,4,0.0,0,7,6,7,4,5,3,5,5,6,-0.841,4,2,7,0
1,1,6,4,3,0.437,3,1.976,1.108,0.562,6,2,0.0,3,-0.558,4,5,6,5,5.092,0.0,7,0.0,4,6,0,5,5,2,1,0,2,0,1.006,2,3,3,0
6,4,5,4,3,-0.595,7,-0.675,-0.643,-0.411,4,4,6.0,4,-0.776,7,0,5,0,-2.872,0.0,2,0.0,4,4,6,4,6,5,7,3,0,6,-1.082,5,3,5,0
1,4,7,2,2,0.121,4,-0.237,0.051,-0.546,4,4,4.0,3,-1.185,0,2,0,3,2.272,0.0,5,0.0,1,2,7,4,6,0,1,3,0,7,0.449,1,1,0,0
1,6,3,5,0,-0.445,5,-0.504,-0.563,-0.173,3,6,4.0,7,0.017,6,3,6,1,-1.091,0.0,3,0.0,2,0,6,0,0,5,1,7,0,6,-0.869,5,4,5,0
4,3,4,4,6,0.578,7,1.654,1.048,0.098,1,2,2.0,4,2.12,1,2,5,4,4.162,0.0,2,0.0,2,3,6,1,0,4,6,5,4,1,2.68,7,1,4,0
1,2,7,2,1,2.605,5,0.481,-0.093,-0.256,5,3,4.0,3,1.083,2,4,7,0,1.962,0.0,3,0.0,0,6,2,7,6,3,6,6,7,4,-1.117,3,0,7,0
0,4,1,0,1,0.009,1,0.01,-0.412,-0.826,7,6,4.0,1,2.402,4,2,6,2,0.121,0.0,2,0.0,6,7,6,3,1,4,6,0,2,3,1.717,2,3,1,0
0,6,0,6,6,1.599,0,-0.22,-0.61,0.299,5,0,4.0,1,0.666,3,7,2,1,-2.303,0.0,3,0.0,1,1,0,6,2,3,1,1,0,5,-0.442,7,3,0,0
7,4,0,4,2,-1.158,7,-1.166,-0.885,1.747,7,7,5.0,7,0.595,5,2,0,7,0.914,0.0,1,0.0,0,7,4,0,7,5,7,0,6,2,-1.895,4,1,2,0
3,0,1,5,3,2.205,7,0.354,0.791,0.824,1,4,3.0,6,0.341,4,3,6,4,1.631,0.0,1,0.0,2,6,6,4,3,2,6,7,7,5,1.743,6,5,5,0
3,6,7,4,5,0.468,0,0.139,0.457,-0.889,5,7,2.0,0,-0.865,4,1,6,5,2.386,0.0,6,0.0,0,1,4,2,0,5,6,1,5,7,0.336,5,5,0,0
2,1,2,5,6,0.311,4,-1.372,-1.74,0.79,4,1,6.0,7,-0.754,0,5,1,0,1.701,0.0,1,0.0,3,7,0,6,0,2,3,4,4,3,-1.43,6,3,0,0
2,3,7,0,4,0.207,0,0.439,0.379,-0.138,1,7,2.0,4,2.225,7,1,0,1,2.325,0.0,5,0.0,3,1,6,4,6,5,7,5,7,0,0.443,2,2,4,0
7,6,1,4,3,0.775,0,-0.371,-0.704,0.152,3,4,4.0,7,-2.17,3,7,7,5,-2.025,0.0,3,0.0,4,7,3,4,4,5,5,4,5,4,1.088,1,1,5,0
4,7,7,4,5,0.82,1,-2.098,-1.66,1.323,3,6,5.0,2,-1.972,3,5,1,1,-5.332,0.0,6,0.0,1,6,3,1,7,0,4,4,4,5,-0.411,6,1,5,0
5,1,0,1,0,0.297,4,0.593,-0.977,1.059,2,3,6.0,7,2.303,7,5,5,6,0.844,0.0,3,0.0,1,0,2,7,0,6,5,1,0,2,-0.534,4,1,7,0
5,4,1,0,6,0.388,3,0.224,0.529,0.696,5,4,1.0,1,-0.357,7,6,6,7,-0.231,0.0,4,0.0,4,5,4,2,1,1,7,4,4,7,0.403,2,7,7,0
6,3,1,4,5,1.737,3,-0.64,-0.538,-0.948,2,3,3.0,4,-0.207,4,4,7,7,-2.437,0.0,3,0.0,3,0,1,2,7,3,5,5,7,1,-1.402,3,1,7,0
0,1,3,7,0,0.514,4,0.081,1.221,-0.022,3,7,2.0,5,1.116,5,6,6,4,0.595,0.0,1,0.0,3,6,5,0,7,0,3,0,3,2,0.865,4,7,1,0
2,3,3,5,4,-2.128,1,2.061,1.048,-0.463,0,2,1.0,0,-0.915,3,6,4,0,0.716,0.0,7,0.0,0,1,4,1,6,6,4,7,2,7,0.827,6,4,7,0
4,2,1,6,7,-0.287,6,-0.71,-1.029,2.67,7,6,6.0,4,-2.612,2,3,2,6,1.584,0.0,3,0.0,6,3,6,7,5,3,7,6,5,2,0.689,0,4,4,0
7,7,3,5,2,-0.326,3,0.813,0.153,-0.024,2,7,3.0,6,2.178,4,4,3,5,1.453,0.0,2,0.0,5,0,7,7,1,2,2,6,7,3,-2.112,5,2,7,0
3,5,3,4,1,-0.913,4,-2.327,-2.6,3.705,2,1,7.0,6,-2.162,5,3,3,1,2.846,0.0,7,439.42,1,1,2,5,7,5,5,4,3,6,-2.78,2,3,4,1
7,0,3,0,5,1.325,3,1.35,2.668,-0.413,7,3,-0.0,1,3.311,2,2,4,1,1.279,0.0,4,0.0,1,6,1,7,2,6,2,0,2,5,3.922,6,2,1,0
4,4,4,0,6,-0.42,2,-1.433,-1.268,0.462,0,5,4.0,5,-1.861,0,1,7,4,-0.66,0.0,6,0.0,2,6,0,5,0,3,5,5,2,7,-1.2,0,6,5,0
6,3,6,3,0,0.51,6,-1.554,-1.037,1.07,5,2,4.0,1,0.733,2,1,5,1,-3.947,0.0,0,0.0,1,4,2,1,7,5,6,5,5,5,-2.463,6,6,2,0
2,1,6,7,5,0.934,0,-2.152,-1.612,-1.406,0,4,6.0,6,-3.975,0,5,4,0,-1.389,0.0,2,0.0,0,5,5,7,7,2,4,7,1,6,-2.32,5,1,2,0
1,4,7,1,0,-0.274,1,-1.077,-0.781,-0.187,5,5,3.0,1,1.306,4,6,7,7,0.7,0.0,5,0.0,3,5,7,5,4,1,2,5,0,3,-1.952,7,6,1,0
5,5,1,3,0,-0.093,4,-1.387,-1.722,-1.135,3,6,5.0,2,-4.341,3,6,7,3,-4.93,0.0,3,0.0,0,7,4,1,6,4,4,4,4,4,-2.865,7,6,1,0
5,6,7,6,7,-1.337,1,-0.336,0.562,-0.197,1,4,3.0,7,0.228,0,3,6,3,3.785,0.0,6,0.0,3,4,3,6,7,0,4,1,2,3,0.026,2,2,6,0
7,5,5,7,4,1.215,7,-0.201,-0.033,-0.696,0,5,4.0,2,1.407,1,6,2,5,-0.535,0.0,4,0.0,7,5,3,6,6,6,4,6,4,6,-2.123,7,6,1,0
6,0,4,3,7,0.619,5,-0.917,-0.025,-0.944,7,7,4.0,1,0.217,3,7,7,5,-4.284,0.0,4,0.0,1,1,1,1,0,0,4,7,1,0,-0.581,7,2,5,0
6,4,0,3,0,1.038,4,-0.701,-0.672,-0.135,4,0,3.0,1,-0.34,2,2,2,2,-0.501,0.0,1,0.0,3,0,2,1,7,2,5,4,3,2,-1.43,7,6,4,0
7,1,6,0,7,-0.553,1,-1.215,-0.732,0.736,3,4,4.0,6,0.539,4,2,5,0,-0.081,0.0,1,0.0,2,3,2,4,4,6,2,2,4,3,-2.55,2,6,5,0
0,2,2,6,5,0.48,2,0.229,0.598,-0.015,6,3,2.0,5,-0.795,3,6,3,7,0.069,0.0,3,0.0,0,0,7,7,4,4,6,2,6,3,-0.861,1,3,7,0
1,2,3,5,4,0.254,0,0.66,1.309,-0.724,1,1,2.0,4,0.711,7,1,2,2,1.623,0.0,6,0.0,7,7,4,1,0,3,6,7,7,7,-0.442,0,6,7,0
1,6,5,4,4,0.209,7,0.237,0.772,-0.766,4,7,2.0,2,0.049,1,0,2,4,0.708,0.0,4,0.0,7,0,1,3,7,2,1,2,0,5,-0.185,5,5,7,0
0,2,3,4,0,-1.517,1,0.911,-0.226,-0.018,1,6,5.0,2,0.277,5,3,0,5,-2.74,0.0,5,0.0,3,4,5,0,0,6,6,4,4,2,0.541,4,3,0,0
4,5,4,2,5,-0.25,2,0.217,0.341,-0.295,7,2,3.0,4,1.696,5,7,3,7,-1.068,0.0,4,0.0,7,4,2,4,2,3,6,4,5,4,1.749,1,3,5,0
2,5,7,3,7,-1.823,4,0.077,-0.03,1.168,2,7,3.0,7,-2.216,3,2,2,4,-2.029,0.0,0,0.0,3,6,0,1,4,4,5,4,2,1,-0.947,4,2,3,0
4,6,4,6,3,-0.426,2,0.469,0.744,0.613,6,0,2.0,0,0.118,5,4,0,7,4.615,0.0,4,0.0,3,4,6,7,7,5,2,7,6,5,0.904,2,4,2,0
2,3,0,5,0,1.535,1,0.496,0.95,-0.661,0,6,2.0,5,-0.077,4,4,1,3,-4.405,0.0,0,0.0,1,5,4,2,6,3,5,5,2,4,-0.969,1,7,3,0
5,6,2,6,1,-0.524,1,1.438,1.458,1.65,4,5,1.0,2,-1.57,3,2,5,7,0.719,0.0,2,0.0,5,4,6,0,1,4,5,4,7,2,2.077,2,7,0,0
1,0,2,5,5,-0.207,4,-0.216,0.001,-0.177,3,3,3.0,5,-1.168,2,0,5,2,3.24,0.0,3,0.0,7,4,7,1,6,6,6,0,4,5,-1.534,5,7,1,0
1,0,1,6,0,0.896,4,0.073,0.382,-1.396,7,0,2.0,5,-0.409,0,7,5,5,-1.399,0.0,7,0.0,3,7,5,5,0,5,3,0,3,2,1.932,7,4,1,0
7,6,1,5,5,0.324,2,1.534,1.438,0.279,7,7,0.0,3,2.529,6,1,3,7,2.457,0.0,6,0.0,5,0,6,0,4,7,7,2,2,3,0.905,0,6,5,0
2,2,1,5,7,-0.404,0,1.053,0.783,-0.189,2,4,3.0,7,-2.598,1,5,6,3,2.106,0.0,0,0.0,4,2,4,1,1,2,1,4,5,1,0.97,6,7,7,0
6,1,5,4,2,-0.037,6,1.53,1.218,-0.791,7,6,2.0,3,4.577,7,3,7,0,-1.257,0.0,4,0.0,4,4,0,1,0,0,7,0,5,1,1.615,0,3,2,0
7,5,3,0,2,-1.623,0,-0.21,-0.422,0.936,5,4,5.0,6,1.658,2,7,3,2,-0.048,0.0,4,0.0,7,2,2,6,0,0,7,1,6,2,-0.273,3,1,7,0
5,4,0,5,2,-0.212,6,1.072,-0.076,0.487,7,0,3.0,0,1.384,1,4,7,6,1.787,0.0,3,0.0,7,7,1,4,3,3,2,5,1,2,1.714,3,1,5,0
5,4,7,3,1,-1.82,4,0.595,0.751,0.547,6,3,3.0,6,0.791,7,7,0,7,1.523,0.0,3,0.0,3,1,5,0,5,7,3,6,3,1,1.821,1,6,4,0
3,1,6,6,5,-0.198,1,-0.137,-0.088,-0.68,7,7,3.0,1,-0.942,1,2,3,4,-1.693,0.0,0,0.0,5,5,3,1,6,0,4,4,3,0,-0.13,2,0,5,0
6,3,4,1,7,0.635,5,1.357,1.069,0.826,4,0,2.0,1,-0.052,4,2,3,0,2.022,0.0,3,0.0,5,1,0,5,2,4,5,3,6,1,1.836,6,4,2,0
2,4,2,7,4,0.3,1,0.545,1.322,-0.134,7,1,2.0,4,2.548,6,1,1,1,2.371,0.0,4,0.0,6,1,6,1,7,2,1,1,6,5,1.451,7,7,6,0
5,7,1,3,5,0.044,7,-0.598,0.459,0.139,5,7,2.0,7,1.893,2,5,2,7,3.036,0.0,7,0.0,0,1,7,7,6,4,3,6,3,0,-0.131,3,6,6,0
2,1,2,7,3,-1.622,0,-0.164,0.068,2.81,1,7,2.0,2,-1.957,0,5,4,7,0.023,0.0,4,0.0,6,4,7,5,2,7,0,4,5,7,0.38,3,1,3,0
1,0,4,7,6,0.572,1,1.137,1.762,-0.721,7,2,0.0,0,1.788,2,6,5,0,1.087,0.0,2,0.0,7,0,0,7,3,3,0,2,6,7,-0.2,7,5,2,0
1,1,6,0,4,0.03,5,0.379,0.563,0.07,6,7,5.0,1,2.235,1,0,3,2,0.563,0.0,2,0.0,1,7,6,2,5,4,0,3,7,7,-0.612,5,1,2,0
4,4,1,1,7,0.32,0,-1.996,-2.485,1.108,6,4,8.0,7,-3.726,6,3,6,1,-3.232,0.0,6,443.17,0,7,2,2,6,2,0,6,6,6,-4.089,5,5,3,1
3,7,3,5,1,1.586,4,1.746,1.09,0.508,4,6,4.0,5,-1.181,1,3,2,3,5.384,0.0,4,0.0,6,3,7,0,1,3,4,3,2,3,-0.394,0,0,0,0
0,2,5,0,4,-0.276,7,-0.104,0.341,-0.725,7,4,2.0,1,0.736,1,7,5,2,1.853,0.0,3,0.0,2,5,7,7,1,1,5,0,2,1,-1.159,2,5,1,0
5,7,3,2,7,2.167,5,-0.049,-0.055,1.164,4,7,3.0,3,-1.998,2,5,0,6,-0.559,0.0,4,0.0,5,2,5,1,5,5,4,0,0,5,0.063,1,7,1,0
1,7,1,3,4,-0.122,5,-0.434,-0.466,-1.218,6,0,3.0,5,1.632,7,4,1,0,0.367,0.0,1,0.0,2,0,7,5,3,6,5,3,5,3,0.264,6,3,6,0
6,7,5,1,3,-0.428,4,-0.066,-0.386,-1.324,5,3,3.0,0,0.611,4,6,6,1,1.616,0.0,5,0.0,7,4,3,5,0,7,7,5,2,0,-0.106,1,5,4,0
2,5,0,4,5,0.425,0,0.813,1.126,-2.205,3,1,0.0,7,0.104,3,2,4,0,2.149,0.0,1,0.0,3,2,2,6,2,3,1,2,5,5,1.391,1,0,7,0
6,7,5,0,0,-0.247,5,-1.418,-1.073,0.946,7,2,4.0,4,2.959,0,6,6,2,-1.971,0.0,7,0.0,5,5,0,7,0,6,3,1,0,2,-1.75,4,4,7,0
2,2,1,0,4,0.869,4,0.376,0.039,0.433,2,7,4.0,6,0.436,7,0,6,3,-3.03,0.0,0,0.0,0,4,6,1,3,1,6,4,5,1,0.126,3,3,3,0
6,4,6,5,0,-0.453,4,-2.236,-2.235,1.467,7,2,7.0,6,-1.268,2,6,5,4,-0.248,0.0,3,387.72,5,2,1,5,3,3,7,1,4,7,-2.92,6,0,5,1
3,4,7,6,2,-1.213,4,0.743,0.742,1.276,2,6,0.0,7,-0.268,4,3,1,0,1.627,0.0,1,0.0,0,0,7,4,4,0,2,7,2,6,2.187,3,0,0,0
5,5,1,1,3,1.945,3,-0.706,0.638,0.408,1,1,4.0,0,-1.938,4,1,0,7,-0.903,0.0,5,0.0,4,3,7,6,4,0,0,6,7,1,0.148,0,6,3,0
3,1,1,1,1,0.179,7,-1.933,0.012,0.79,2,3,5.0,4,-2.048,6,1,4,6,-4.127,0.0,2,0.0,5,4,0,3,7,3,0,4,3,4,-0.342,1,2,6,0
4,4,5,6,3,0.256,4,2.397,0.373,0.588,7,6,2.0,7,2.613,1,2,4,6,0.361,0.0,2,0.0,0,2,5,4,1,1,6,4,6,2,-0.518,7,6,1,0
3,3,7,1,6,1.333,2,-1.154,-0.244,0.993,5,4,3.0,6,-0.281,6,4,0,4,1.521,0.0,4,0.0,1,3,6,0,6,2,0,7,2,5,-0.16,6,3,1,0
5,6,7,5,5,-0.264,4,0.09,0.081,0.052,3,0,4.0,2,-1.877,1,4,3,0,-2.651,0.0,5,0.0,5,5,3,5,5,5,3,1,4,0,-0.84,3,6,4,0
6,0,6,5,6,-0.069,5,0.429,0.33,0.991,2,2,3.0,1,-0.283,5,0,6,3,0.327,0.0,0,0.0,2,1,0,2,6,2,7,5,4,1,0.487,1,6,3,0
5,2,3,7,0,1.985,6,-0.092,0.27,0.851,6,1,4.0,2,-0.323,7,0,1,1,-0.706,0.0,1,0.0,5,1,6,3,7,2,3,3,5,1,0.13,7,1,7,0
5,1,1,1,1,0.443,4,0.907,0.275,0.32,6,6,3.0,3,0.981,0,4,4,7,1.24,0.0,4,0.0,5,1,5,2,2,4,4,2,3,7,0.832,2,4,3,0
2,1,3,3,4,-1.726,5,1.895,1.823,-1.867,2,5,2.0,5,1.198,3,1,5,1,3.09,0.0,3,0.0,7,6,4,1,6,6,2,1,6,1,1.702,1,2,0,0
4,4,1,5,1,1.145,7,-1.053,-0.964,0.622,4,3,4.0,3,-0.406,7,0,4,3,-2.04,0.0,7,0.0,5,7,4,0,0,6,7,3,4,3,-1.042,4,5,2,0
2,2,6,7,4,2.867,3,0.006,0.048,0.616,0,1,4.0,5,1.73,6,3,0,6,-1.345,0.0,1,0.0,5,0,2,4,6,2,4,4,0,6,-1.007,4,5,2,0
4,7,4,0,6,2.754,5,0.269,-0.046,-0.503,5,0,3.0,5,0.511,2,6,2,5,0.879,0.0,0,0.0,4,1,4,2,4,7,0,5,2,4,-1.018,1,0,0,0
4,0,6,0,0,-0.912,5,-1.779,-1.874,0.972,3,7,7.0,2,-1.279,0,6,3,1,-1.704,79.15,7,0.0,5,2,6,2,6,3,2,0,6,5,-2.315,0,5,7,1
3,6,4,6,3,1.61,1,-0.996,-0.725,1.702,4,0,4.0,4,0.252,0,0,7,4,-2.292,0.0,7,0.0,7,3,7,4,6,4,3,2,6,7,-1.38,2,1,0,0
1,3,1,4,1,-0.781,5,-0.877,-1.133,0.369,0,3,4.0,5,-3.61,5,5,2,7,1.453,0.0,1,0.0,6,2,4,1,4,0,5,7,7,5,-0.789,5,3,4,0
0,7,0,0,5,0.837,0,0.611,-0.139,0.405,0,3,3.0,0,0.167,2,4,0,5,1.839,0.0,6,0.0,1,7,5,4,7,1,6,2,5,4,-2.211,5,0,2,0
5,6,7,4,6,1.637,6,-0.726,-0.586,0.321,2,4,4.0,0,2.573,2,3,6,3,1.305,0.0,7,0.0,1,1,5,2,5,1,6,7,7,6,1.124,4,7,3,0
1,0,2,1,5,1.341,6,-1.657,-0.836,-0.337,7,6,5.0,0,0.098,1,2,5,1,-2.845,0.0,0,0.0,3,7,0,2,0,7,1,2,5,4,-1.791,4,7,3,0
0,2,7,0,2,-0.31,7,1.381,0.325,-0.161,7,4,4.0,0,0.354,2,5,5,1,-1.75,0.0,4,0.0,5,6,0,1,3,6,4,0,5,6,0.674,3,3,4,0
5,7,3,7,5,1.556,0,0.256,0.32,0.64,0,2,3.0,7,-3.326,5,0,2,6,-1.577,0.0,5,0.0,6,3,6,0,6,6,5,5,1,1,-0.861,2,3,3,0
2,3,1,0,5,-0.567,3,1.056,1.238,-0.381,6,6,2.0,5,0.533,1,4,3,2,-1.074,0.0,0,0.0,0,4,5,3,3,2,7,4,2,1,1.126,1,3,7,0
2,5,4,6,1,0.01,2,-0.079,-0.281,0.605,6,3,2.0,4,3.062,3,4,3,4,1.403,0.0,0,0.0,7,0,3,5,7,6,1,0,6,0,-1.023,0,0,7,0
7,1,7,4,0,-0.173,6,1.305,0.316,1.788,4,1,3.0,2,1.133,3,1,4,0,-0.361,0.0,6,0.0,5,0,0,4,1,3,4,2,3,7,0.344,3,4,5,0
4,2,3,4,5,-0.466,4,-0.188,-0.224,-0.221,5,0,4.0,6,1.095,7,1,1,1,-0.364,0.0,7,0.0,3,0,2,6,5,2,1,5,1,1,0.66,6,7,4,0
1,0,0,2,0,0.664,6,-0.94,0.223,-0.37,0,7,4.0,5,-0.833,5,3,4,3,3.306,0.0,5,0.0,4,3,6,2,0,2,0,5,3,7,-1.39,5,3,6,0
7,5,5,2,1,0.858,7,-1.088,-1.339,0.77,0,6,6.0,0,0.973,7,2,0,3,-1.511,0.0,6,0.0,2,4,0,6,7,7,0,5,4,5,-1.063,4,3,2,0
7,6,1,1,0,-0.128,3,0.84,1.428,0.259,6,0,0.0,6,2.51,7,5,2,1,2.717,0.0,7,0.0,2,5,4,4,7,4,5,6,2,6,0.665,3,6,3,0
7,4,4,0,4,0.161,5,1.956,1.317,-0.325,0,7,1.0,6,0.736,7,0,6,3,-2.203,0.0,0,0.0,7,4,3,7,7,2,2,2,7,4,-0.051,3,1,6,0
5,1,2,6,7,0.027,0,-1.317,-1.236,-0.637,5,4,3.0,1,-3.186,0,1,3,2,1.053,0.0,2,0.0,2,4,0,0,3,6,1,7,7,0,-1.781,0,3,6,0
0,1,0,7,1,1.251,3,2.263,1.774,1.338,4,0,0.0,6,1.91,2,4,0,7,-0.729,0.0,1,0.0,6,7,3,6,1,3,4,4,2,7,1.744,2,4,2,0
0,1,7,1,5,-0.034,0,-0.03,-0.503,-0.354,4,3,3.0,7,-1.018,4,0,7,7,2.529,0.0,4,0.0,4,0,2,5,3,3,4,3,1,3,-0.706,0,2,2,0
5,4,1,7,1,1.664,0,-0.592,-0.789,1.405,7,2,3.0,5,-0.635,0,0,0,5,-0.793,0.0,3,0.0,0,3,2,5,1,0,7,1,3,0,-0.322,1,1,0,0
4,4,7,4,7,-0.453,4,0.693,0.701,1.513,3,3,4.0,6,1.982,3,2,6,2,-4.502,0.0,1,0.0,1,6,0,2,0,7,7,7,1,6,0.807,4,0,3,0
2,4,7,5,7,0.56,4,-2.571,-2.474,1.469,7,4,7.0,7,-1.365,6,7,2,5,-4.545,0.0,4,323.51,0,5,1,7,5,5,5,3,0,6,-1.847,2,2,1,1
4,4,2,7,7,0.086,6,0.797,0.296,0.03,3,1,3.0,5,1.662,5,1,4,6,4.879,0.0,6,0.0,7,5,5,6,1,2,0,0,3,6,0.103,4,1,3,0
6,6,3,4,3,0.46,5,0.084,0.462,-0.74,5,2,4.0,7,0.272,7,6,6,4,1.439,0.0,5,0.0,3,0,7,2,1,4,3,3,5,2,-1.061,3,1,4,0
5,0,0,7,5,-1.434,6,0.541,1.042,-0.843,7,1,2.0,2,1.345,1,7,6,0,2.062,0.0,5,0.0,3,4,2,5,3,7,6,1,0,5,3.024,5,4,3,0
5,3,4,4,6,-2.445,4,0.448,0.413,-0.765,6,2,1.0,5,0.802,3,0,3,1,4.966,0.0,7,0.0,3,1,2,2,1,0,5,6,2,1,2.439,3,4,2,0
6,6,7,0,5,-1.059,6,0.968,0.115,2.274,1,3,3.0,7,-0.117,3,6,2,7,5.952,0.0,5,0.0,5,5,3,4,6,0,7,6,3,3,-1.093,3,0,0,0
4,3,6,1,4,1.342,0,1.22,0.825,-1.373,1,0,2.0,6,2.424,5,4,1,5,-1.096,0.0,7,0.0,4,2,4,1,5,0,7,0,6,7,0.616,3,6,5,0
1,2,4,1,2,-0.743,6,0.674,0.16,0.333,4,5,4.0,5,0.996,4,2,7,7,1.073,0.0,0,0.0,1,4,1,6,3,1,0,2,2,4,1.739,2,0,1,0
7,0,5,1,3,-0.348,3,0.841,0.509,1.068,6,1,4.0,1,-2.336,1,6,3,2,1.963,0.0,2,0.0,2,4,0,1,0,1,1,6,4,5,1.117,2,4,4,0
5,1,3,3,7,-0.507,7,-0.698,-0.466,0.773,3,4,3.0,6,0.899,7,7,3,3,-2.498,0.0,1,0.0,7,3,1,4,5,7,7,4,7,0,-0.388,0,4,6,0
5,2,0,0,6,-0.089,6,0.472,1.575,0.606,7,2,1.0,6,-0.887,1,6,1,7,2.095,0.0,0,0.0,7,0,0,0,3,2,5,3,3,7,0.263,6,2,5,0
3,3,0,7,2,0.649,6,0.504,-0.262,1.293,1,2,4.0,3,-1.888,2,2,2,4,-1.204,0.0,5,0.0,6,7,5,2,4,5,1,7,0,1,-1.096,2,6,2,0
4,5,1,5,5,-0.3,7,0.542,0.769,0.097,3,5,2.0,6,3.019,1,7,3,1,-1.263,0.0,0,0.0,0,6,6,0,7,3,4,6,7,1,0.984,3,5,7,0
5,0,5,4,4,-0.97,7,-0.807,-0.587,0.112,6,1,4.0,0,-1.023,3,2,1,7,-0.786,0.0,1,0.0,3,4,5,7,0,2,2,5,7,0,-0.536,3,6,0,0
3,6,6,7,4,-1.583,2,-1.331,-0.397,1.061,1,0,4.0,3,0.487,1,7,5,2,2.816,0.0,1,0.0,5,0,4,0,2,7,1,6,4,7,-0.133,0,1,1,0
4,3,3,6,4,-0.724,4,-1.085,-0.879,-0.134,5,7,5.0,2,-1.806,0,6,0,5,-2.242,0.0,1,0.0,7,1,4,4,4,4,7,6,4,2,-0.832,4,6,4,0
4,3,5,6,6,-2.094,6,1.697,0.802,-1.194,3,4,1.0,0,2.136,6,2,3,4,0.997,0.0,3,0.0,6,3,2,3,5,7,6,7,7,3,-0.129,3,5,5,0
7,7,3,3,3,0.5,3,-0.696,0.088,-1.021,3,2,3.0,4,-0.632,1,0,7,4,1.784,0.0,5,0.0,7,6,2,4,3,0,5,5,1,4,1.776,1,6,7,0
3,3,1,1,7,0.769,7,1.29,0.788,0.595,0,4,3.0,1,-0.966,2,4,1,2,0.566,0.0,4,0.0,0,5,1,3,1,7,5,7,7,3,0.974,3,1,3,0
1,5,3,6,6,-0.913,2,-0.544,-0.611,-0.624,1,3,4.0,5,0.604,0,2,5,6,-3.943,0.0,3,0.0,1,3,1,6,2,1,3,4,0,1,-0.423,3,3,3,0
4,7,7,5,2,-0.274,7,-0.261,-0.662,-0.87,0,7,2.0,4,-2.55,6,5,4,5,-3.563,0.0,1,0.0,5,5,1,5,6,1,3,0,1,3,-1.636,0,4,7,0
1,5,7,5,6,-0.39,3,-0.592,-0.925,2.213,5,3,5.0,7,-0.522,6,5,3,5,-2.328,0.0,7,0.0,6,2,0,6,5,6,2,1,5,7,-0.276,1,4,5,0
5,6,5,1,4,-1.14,3,1.844,1.676,-0.489,6,6,1.0,6,3.593,0,4,4,1,4.401,0.0,2,0.0,6,4,5,3,6,3,6,0,6,4,2.207,7,2,3,0
4,1,5,4,4,1.096,6,-0.405,-0.274,2.038,4,0,3.0,7,-4.49,1,5,7,3,-1.154,0.0,5,0.0,0,4,5,6,1,7,6,4,7,5,-1.83,4,0,5,0
7,1,2,0,4,-1.03,5,0.038,0.924,-0.925,4,0,2.0,2,-1.34,1,3,4,7,-0.417,0.0,5,0.0,0,1,1,6,3,2,0,2,5,7,-0.361,7,7,5,0
5,0,5,6,5,0.304,5,-0.58,0.154,-0.06,1,5,3.0,0,-0.041,2,3,2,0,0.949,0.0,6,0.0,0,0,1,6,6,1,7,5,0,0,-1.602,2,6,5,0
4,4,4,7,6,-0.305,1,0.889,0.324,-1.248,2,5,2.0,0,0.772,3,3,0,3,-2.638,0.0,6,0.0,7,7,3,7,5,5,6,5,7,5,1.683,6,1,2,0
2,0,1,7,0,-0.071,1,0.423,1.052,-0.353,4,3,2.0,6,3.128,0,6,4,3,1.235,0.0,0,0.0,5,3,3,7,5,0,6,4,1,4,4.328,2,5,6,0
3,5,4,0,3,-1.484,0,2.053,1.287,1.598,7,7,1.0,6,2.243,5,2,1,7,2.106,0.0,1,0.0,4,1,2,0,5,5,7,3,0,0,0.807,4,3,5,0
5,6,2,3,7,-0.14,5,-0.17,-0.698,0.451,3,3,4.0,5,-1.193,5,5,5,2,-0.169,0.0,3,0.0,3,1,0,1,7,5,1,4,0,3,-2.304,6,3,7,0
2,6,4,3,1,0.819,1,0.217,0.519,-0.099,3,4,1.0,5,1.68,5,6,0,7,1.819,0.0,3,0.0,4,5,2,5,0,0,7,7,5,7,1.667,4,5,3,0
2,2,4,2,6,-0.211,0,-2.999,-1.454,-0.381,7,1,6.0,3,-0.752,6,6,1,5,-2.279,0.0,6,0.0,4,6,1,4,2,6,7,7,3,2,-0.674,4,3,3,0
2,7,2,2,1,-0.853,6,-0.85,-0.704,2.836,2,6,4.0,1,-3.033,1,0,3,4,-3.486,0.0,3,0.0,6,1,6,7,4,4,5,4,6,3,-0.409,3,7,2,0
4,0,2,1,5,-0.989,2,1.843,1.52,0.72,4,5,2.0,7,0.443,0,0,6,2,2.112,0.0,6,0.0,6,3,5,4,2,7,5,6,1,4,2.729,4,2,7,0
0,0,2,5,6,0.224,7,-0.42,-0.806,-0.219,2,1,4.0,7,0.843,3,7,5,3,1.568,0.0,1,0.0,3,1,2,3,6,2,6,0,0,2,-1.477,3,4,4,0
0,3,5,0,4,-2.187,2,-1.361,-1.345,-0.491,6,7,5.0,0,-1.257,0,7,5,6,0.353,0.0,1,0.0,1,7,4,5,4,4,0,4,0,1,-2.375,1,3,2,0
7,5,0,0,7,1.653,4,-1.492,-1.254,-0.221,6,7,3.0,7,-2.485,1,2,6,3,-4.899,0.0,2,0.0,0,0,1,3,0,2,2,5,2,1,-1.217,4,4,2,0
0,4,0,0,4,0.341,2,1.296,0.974,0.375,7,2,2.0,6,2.854,6,5,4,7,5.256,0.0,6,0.0,5,0,0,6,3,6,0,3,7,1,1.749,1,2,2,0
3,0,7,0,6,-0.195,4,-1.264,-0.991,-1.181,2,6,5.0,6,-0.052,5,2,4,4,-3.883,0.0,1,0.0,3,4,1,3,2,0,3,2,7,6,-0.165,2,1,6,0
4,3,5,6,4,0.694,4,0.2,-0.161,-0.851,4,0,4.0,3,3.557,6,0,5,2,1.116,0.0,4,0.0,7,6,6,2,6,3,4,0,6,4,1.739,2,2,4,0
1,2,5,6,0,0.03,7,2.538,1.815,1.927,1,1,1.0,7,4.495,5,5,2,6,-1.423,0.0,1,0.0,6,2,7,7,4,2,6,5,2,5,1.233,3,0,5,0
5,5,2,3,2,-0.772,4,-0.389,-0.399,0.934,6,0,3.0,3,-1.658,5,3,7,0,1.717,0.0,6,0.0,4,3,7,3,5,1,3,2,7,1,-1.87,2,5,4,0
3,5,7,5,7,0.049,0,-0.031,0.906,-0.209,2,0,3.0,0,-0.402,6,0,7,0,2.604,0.0,6,0.0,6,0,0,3,1,3,1,4,2,6,2.135,2,1,1,0
7,3,4,5,1,-1.112,2,-0.293,0.366,0.242,7,6,2.0,7,0.669,4,0,2,4,-3.95,0.0,1,0.0,0,3,5,1,2,6,4,7,4,1,1.509,0,4,3,0
2,4,7,5,5,1.281,6,0.011,-0.071,-0.403,5,4,2.0,1,0.412,6,3,6,5,-2.048,0.0,7,0.0,1,5,5,0,7,6,6,2,0,0,-0.031,1,2,7,0
3,5,0,7,2,2.479,7,0.581,0.789,1.383,4,7,2.0,1,0.068,3,5,0,5,-1.915,0.0,5,0.0,7,4,3,0,0,6,2,6,6,1,0.941,3,4,3,0
0,1,5,7,7,0.53,2,0.603,0.276,1.873,3,6,2.0,6,-0.402,3,5,7,6,-2.943,0.0,1,0.0,1,4,5,3,4,6,6,0,6,2,0.747,2,7,4,0
0,2,5,1,7,-0.041,5,-0.896,-1.058,-0.315,4,7,6.0,6,-2.478,2,6,6,7,1.275,0.0,5,0.0,6,0,0,3,5,1,1,7,6,2,0.748,4,7,2,0
7,1,1,4,1,1.111,0,1.066,1.773,0.429,0,7,1.0,2,2.911,2,6,5,4,-0.816,0.0,0,0.0,4,3,1,1,5,5,6,6,6,7,1.425,6,7,4,0
4,1,3,2,5,-1.15,3,-1.057,-0.394,-0.12,0,5,4.0,1,-2.731,2,4,4,1,-4.252,0.0,2,0.0,2,6,5,4,5,7,1,3,2,5,-0.826,4,6,3,0
7,4,3,5,0,-0.575,2,-0.216,-0.779,-1.354,0,3,4.0,3,-0.893,5,3,4,7,1.72,0.0,0,0.0,2,4,2,1,3,6,4,0,6,4,-0.997,0,7,4,0
1,6,4,3,2,-0.252,4,0.306,0.205,-1.817,6,1,3.0,0,2.579,6,6,7,5,3.221,0.0,3,0.0,0,7,1,3,3,4,5,7,3,3,0.495,5,3,0,0
4,3,4,1,5,-0.733,3,0.044,-0.031,-0.961,3,3,2.0,2,-0.805,0,5,7,6,5.37,0.0,5,0.0,4,2,5,4,2,5,0,7,0,1,0.067,2,0,6,0
4,0,5,7,2,0.569,1,-0.143,0.567,-0.751,5,2,4.0,4,-4.036,7,7,0,7,-2.615,0.0,4,0.0,0,6,0,5,7,1,7,0,1,1,0.336,4,6,6,0
3,7,0,6,6,0.921,3,0.773,0.627,0.058,6,4,3.0,4,-0.628,2,1,0,1,-0.495,0.0,5,0.0,4,5,0,6,2,1,0,1,3,6,0.174,1,1,6,0
1,2,7,5,3,0.803,0,0.233,0.669,-1.167,4,4,3.0,0,0.216,4,5,0,7,0.076,0.0,0,0.0,0,0,1,0,4,7,5,3,6,4,-0.072,4,1,0,0
2,3,2,0,3,2.934,7,-1.946,-2.442,1.366,0,5,6.0,0,-1.012,5,5,3,0,1.91,0.0,1,0.0,7,6,0,6,5,5,7,6,1,6,-3.947,3,4,3,0
4,6,6,0,4,-1.369,6,-2.195,-2.094,-1.835,7,5,6.0,3,-2.197,3,5,5,0,-0.13,0.0,1,0.0,4,5,5,5,4,2,7,1,5,5,-0.919,1,0,2,0
0,6,4,5,3,-0.316,3,0.627,0.521,0.21,7,1,1.0,3,-0.825,7,2,4,6,0.781,0.0,4,0.0,7,4,0,7,0,0,4,7,6,2,0.404,7,2,3,0
5,5,2,4,1,-0.777,0,2.539,2.748,-0.363,4,1,-0.0,6,1.741,0,3,6,5,-2.421,0.0,4,0.0,4,3,6,7,7,3,2,1,5,4,0.227,4,0,3,0
6,6,5,0,7,-0.849,0,-0.077,1.044,-0.213,3,0,2.0,1,0.749,0,2,0,4,3.035,0.0,7,0.0,6,1,7,6,2,7,6,3,4,7,-0.166,4,1,2,0
3,3,6,4,5,0.667,6,-0.44,-0.804,0.285,6,0,3.0,2,-1.284,0,5,2,1,-1.009,0.0,3,0.0,5,7,4,7,6,0,7,2,1,3,0.353,1,2,4,0
5,5,4,2,4,0.649,0,-0.913,-0.058,0.738,7,0,3.0,3,0.576,6,4,0,4,2.84,0.0,0,0.0,0,6,5,4,1,5,2,3,7,6,0.919,3,3,7,0
4,7,7,4,1,-1.741,3,-0.068,-0.261,1.076,0,7,4.0,3,1.319,2,5,5,3,-0.635,0.0,1,0.0,3,2,1,5,6,5,3,5,1,3,-0.51,0,5,0,0
3,0,1,0,1,1.488,1,-0.853,-0.283,-1.624,7,5,3.0,4,-0.467,0,7,4,0,1.428,0.0,5,0.0,6,3,3,3,0,4,6,5,3,3,-0.014,4,0,6,0
2,3,7,3,4,0.471,2,-0.254,-0.3,-1.298,6,2,3.0,0,-0.555,0,3,3,7,-1.073,0.0,5,0.0,0,0,1,4,0,6,5,5,3,4,-0.045,2,3,0,0
5,6,3,3,0,-0.216,1,-0.725,-0.696,-2.81,7,6,6.0,6,-2.42,5,7,4,6,-3.381,0.0,7,0.0,7,7,5,1,6,2,3,5,0,2,-1.873,0,4,6,0
1,0,2,7,5,-1.258,5,-0.239,-0.518,0.484,2,4,4.0,0,-1.145,5,4,1,2,-0.218,0.0,6,0.0,7,4,6,4,7,1,0,7,2,1,-0.479,5,1,7,0
7,0,6,0,7,0.812,7,1.376,2.162,1.607,0,4,1.0,2,3.484,0,4,1,1,1.434,0.0,0,0.0,3,0,5,4,1,2,4,4,7,0,3.7,5,1,2,0
4,3,2,3,0,0.466,6,1.628,0.853,-1.006,1,0,0.0,1,1.78,4,3,6,5,-0.309,0.0,3,0.0,5,5,7,7,7,6,7,3,7,1,2.427,5,4,6,0
1,3,1,7,1,-0.143,7,-0.325,-0.19,0.946,1,6,4.0,7,0.073,1,0,6,6,2.456,0.0,7,0.0,3,2,2,6,6,4,5,0,2,1,-0.565,4,7,7,0
7,3,2,7,4,-0.686,4,0.024,0.03,0.136,1,4,4.0,2,-0.83,6,5,0,5,0.193,0.0,7,0.0,3,5,3,4,4,2,0,6,0,1,1.953,7,3,7,0
0,6,4,3,0,-0.316,5,-0.602,-1.854,-0.539,4,5,4.0,7,0.861,4,0,1,6,-3.38,0.0,6,0.0,0,4,7,5,0,6,6,0,2,0,0.392,5,1,4,0
0,2,4,3,7,-0.28,7,1.559,0.478,-1.273,2,1,3.0,5,-1.326,6,4,7,7,0.69,0.0,0,0.0,5,7,2,4,0,6,1,4,6,0,2.313,6,4,4,0
1,1,4,7,5,0.777,4,-0.819,-1.235,-1.416,1,0,4.0,7,0.641,2,3,6,0,3.874,0.0,7,0.0,2,5,0,7,0,0,1,6,6,1,-2.604,3,7,3,0
2,2,6,4,7,0.561,5,0.974,0.512,0.951,0,0,2.0,6,0.628,6,4,1,0,0.06,0.0,2,0.0,1,3,6,4,6,0,2,7,6,7,0.945,0,5,7,0
2,6,2,1,7,-0.913,5,0.751,0.94,0.823,6,1,2.0,5,1.489,2,3,3,6,4.459,0.0,1,0.0,1,0,5,7,5,2,1,1,4,6,2.94,4,7,4,0
2,0,0,6,0,-0.37,5,1.735,2.055,0.408,0,4,0.0,2,2.289,3,0,1,4,-0.7,0.0,3,0.0,6,3,0,0,2,2,3,1,7,7,3.247,5,5,0,0
1,2,4,4,7,-0.341,0,0.66,0.521,-0.652,5,6,3.0,5,3.427,0,6,1,3,0.723,0.0,2,0.0,2,7,5,4,1,3,1,5,4,7,0.587,2,6,1,0
4,7,3,4,1,0.841,7,0.583,-0.279,1.446,3,7,2.0,7,-1.46,6,1,0,1,-2.0,0.0,4,0.0,0,3,5,1,7,3,6,4,7,2,-0.613,6,5,7,0
2,5,0,5,7,0.767,3,-0.326,-1.372,-0.135,4,3,6.0,4,-1.05,3,2,4,7,1.282,0.0,7,0.0,7,2,4,2,0,5,1,3,3,7,0.809,7,5,2,0
0,0,5,5,7,-0.199,4,0.519,0.515,0.575,5,0,3.0,4,-0.203,6,2,7,5,1.383,0.0,5,0.0,4,0,5,5,2,0,4,6,3,1,-0.177,6,3,1,0
7,3,0,1,0,0.211,2,-0.706,-0.445,0.73,0,0,2.0,5,0.588,7,4,0,3,-0.657,0.0,0,0.0,7,3,5,6,4,1,0,0,4,6,0.104,5,6,3,0
0,4,4,7,3,0.425,5,-0.123,-0.607,0.492,5,0,5.0,3,-1.372,0,5,2,3,-1.212,0.0,5,0.0,7,3,1,3,5,1,4,3,4,0,-3.986,0,4,5,0
4,5,5,3,2,-0.072,2,1.741,1.388,0.101,4,0,0.0,4,1.058,6,0,5,0,-1.998,0.0,5,0.0,3,3,5,7,0,7,2,7,2,0,0.23,4,1,5,0
5,2,0,7,3,0.427,7,0.557,0.681,-0.357,5,4,2.0,5,-0.482,7,3,6,0,4.239,0.0,3,0.0,5,7,4,5,5,1,4,0,6,7,2.84,2,3,4,0
5,2,2,4,6,-0.03,3,-1.892,-2.566,-1.689,4,0,6.0,3,-1.489,2,1,1,5,-3.824,0.0,2,0.0,2,3,6,0,7,2,1,5,5,0,-3.431,1,1,0,0
2,2,3,1,5,0.409,2,-1.943,-0.7,-0.471,5,1,6.0,5,-0.008,6,2,2,1,-3.535,0.0,6,0.0,5,4,4,0,6,6,3,0,0,7,-0.044,0,1,2,0
7,4,2,0,6,0.196,3,-0.617,0.72,-0.865,4,1,3.0,4,4.633,0,4,3,5,1.062,0.0,1,0.0,3,2,4,5,3,0,1,6,3,7,1.019,1,4,0,0
3,3,7,5,6,-0.701,7,-1.122,-1.468,-0.102,7,5,6.0,1,-1.086,5,0,7,5,-1.288,0.0,1,0.0,7,0,1,2,3,7,6,5,2,1,-1.091,2,7,7,0
5,1,5,5,0,0.908,0,-1.129,-1.151,0.706,2,7,7.0,6,0.165,2,0,4,3,2.866,0.0,3,458.82,4,6,7,6,4,0,5,1,3,3,-2.483,3,1,3,1
6,3,4,3,3,1.21,2,0.022,0.2,2.627,1,4,4.0,2,0.948,1,4,7,5,-3.281,0.0,1,0.0,3,6,3,0,5,5,7,5,2,7,-0.12,7,4,7,0
5,1,1,5,2,-0.986,3,-0.795,-0.745,0.221,5,1,4.0,1,1.862,0,6,5,3,-1.288,0.0,5,0.0,4,3,7,1,2,4,7,6,3,0,-0.356,4,2,2,0
3,7,5,1,6,-0.756,6,-0.217,0.149,-1.145,0,4,5.0,1,-1.507,1,2,2,3,-0.629,0.0,2,0.0,6,2,6,3,2,7,5,7,4,3,0.685,1,4,6,0
6,1,4,0,2,-0.532,1,0.15,0.246,0.739,4,2,3.0,1,1.123,5,7,5,6,3.718,0.0,2,0.0,5,0,4,0,2,2,6,3,0,6,-0.37,1,7,5,0
3,7,1,1,7,1.955,2,0.228,0.554,0.936,6,1,3.0,4,0.245,1,4,6,7,1.398,0.0,5,0.0,3,2,4,6,3,0,3,0,2,0,-0.778,0,7,3,0
4,3,6,7,5,0.07,1,1.209,1.042,-0.044,0,2,2.0,4,0.738,5,5,7,1,-0.976,0.0,3,0.0,2,6,3,3,0,7,0,4,6,5,0.517,4,5,1,0
0,7,5,4,6,-0.401,1,0.315,1.358,1.506,0,7,2.0,3,1.827,1,1,4,7,-2.579,0.0,6,0.0,1,4,4,1,3,6,0,2,0,4,2.35,6,2,7,0
4,5,3,3,4,-0.437,1,0.567,0.552,1.055,6,5,2.0,6,1.757,1,6,5,4,0.955,0.0,3,0.0,4,2,4,6,3,2,1,6,7,5,1.516,3,4,2,0
3,3,2,3,2,1.154,0,-0.332,-0.371,0.335,5,1,3.0,2,0.333,0,2,6,6,-1.312,0.0,1,0.0,3,0,3,7,3,3,4,0,6,7,1.058,4,0,4,0
4,6,3,5,5,0.913,6,-1.607,-0.561,-1.508,2,7,5.0,2,-3.469,7,5,2,6,-2.927,0.0,1,0.0,4,1,6,0,7,0,1,4,2,7,-0.966,5,3,4,0
3,2,7,6,3,-0.527,5,1.314,1.272,-0.939,5,7,0.0,3,2.242,2,1,1,3,-3.035,0.0,7,0.0,3,0,4,5,6,4,5,4,7,0,0.909,3,3,7,0
2,2,4,1,2,0.42,1,1.437,1.039,0.019,4,3,1.0,4,6.097,2,0,2,2,4.67,0.0,0,0.0,0,3,0,3,0,2,4,7,4,5,0.479,5,1,0,0
1,7,7,5,0,-0.52,3,1.177,1.932,-0.999,4,7,-0.0,4,3.103,5,7,4,1,2.554,0.0,2,0.0,5,7,4,0,1,5,4,3,4,0,1.529,4,4,2,0
2,7,0,1,7,3.183,2,-1.728,-1.879,1.318,3,1,6.0,4,-1.989,2,6,6,6,0.267,0.0,1,0.0,5,7,4,1,3,4,1,5,0,5,-3.633,5,7,6,0
0,1,5,0,1,1.045,2,0.244,0.925,0.055,5,6,2.0,1,0.633,7,6,0,5,-2.027,0.0,7,0.0,7,6,1,5,5,4,7,4,7,0,0.291,7,1,6,0
5,4,1,6,1,-1.138,5,-0.746,-0.916,1.576,1,7,5.0,1,-1.616,6,3,6,1,-0.865,0.0,1,0.0,3,0,3,6,3,2,7,6,4,7,-1.64,2,1,5,0
5,3,0,3,6,-0.4,4,-0.369,-0.099,-0.239,3,1,3.0,3,0.102,4,7,1,6,-2.275,0.0,5,0.0,5,7,5,7,5,1,1,5,5,4,0.584,1,5,3,0
0,3,6,4,0,-1.312,4,0.339,-0.009,0.372,4,0,5.0,6,1.036,5,7,4,2,-3.449,0.0,7,0.0,3,4,1,6,1,2,4,4,2,6,0.395,7,3,6,0
1,0,7,2,3,0.886,7,-1.214,-0.396,-0.166,5,1,4.0,7,-0.964,1,0,7,7,1.115,0.0,1,0.0,6,6,2,1,1,3,2,2,5,7,-1.45,7,6,2,0
5,6,3,3,4,1.023,1,-0.722,-0.179,0.47,3,3,4.0,0,1.769,2,6,4,6,0.505,0.0,6,0.0,7,6,4,2,1,1,2,2,0,7,0.419,2,6,7,0
1,1,1,2,6,-1.092,0,1.615,0.206,-0.294,7,0,4.0,1,0.481,6,7,7,1,1.084,0.0,1,0.0,5,3,6,4,3,4,5,7,1,0,1.362,0,1,6,0
3,2,4,4,3,-1.02,4,-0.326,-0.581,-1.118,4,3,3.0,4,-1.054,4,6,5,7,2.326,0.0,0,0.0,0,1,3,5,0,7,4,3,7,4,-0.792,5,5,3,0
6,4,6,6,1,1.359,3,0.495,-0.096,0.989,0,2,4.0,1,-0.326,6,3,1,1,-1.128,0.0,2,0.0,0,7,2,1,1,5,2,4,0,1,-0.084,3,0,7,0
6,5,6,3,6,1.115,0,-1.227,-1.348,2.211,3,6,4.0,0,0.226,4,0,5,1,-0.128,0.0,6,0.0,0,2,1,2,6,4,6,2,1,7,-0.404,7,0,3,0
1,3,1,4,2,-0.265,5,1.76,1.801,-0.877,2,6,0.0,6,0.696,0,2,7,7,4.653,0.0,1,0.0,6,6,1,0,1,0,2,4,2,2,0.578,6,0,1,0
6,2,3,6,1,-0.785,6,-1.246,-1.173,-0.633,7,7,4.0,5,-2.381,4,6,6,1,-1.788,0.0,7,0.0,5,3,3,1,6,3,5,6,2,1,-1.063,7,5,3,0
0,2,1,2,7,-0.659,4,-0.457,-0.129,-1.3,2,6,5.0,4,1.775,6,1,5,7,1.219,0.0,6,0.0,0,0,5,1,2,1,6,6,6,3,-0.906,3,2,3,0
5,7,7,0,6,0.137,7,-0.609,-0.535,-0.808,3,2,5.0,0,-1.22,5,6,1,7,-0.782,0.0,7,0.0,3,7,7,3,1,2,3,2,1,2,-1.358,2,1,6,0
2,6,7,1,5,-0.041,1,0.424,-0.265,0.632,3,1,5.0,1,-1.378,2,2,5,4,-1.008,0.0,1,0.0,2,0,4,3,4,0,1,6,3,5,-1.005,6,0,7,0
6,6,4,7,2,-0.787,1,-0.373,-0.511,1.174,3,0,4.0,3,-1.771,1,3,1,3,-0.818,0.0,5,0.0,5,4,3,1,2,1,4,0,3,5,0.147,6,1,5,0
2,5,7,3,6,-1.584,7,1.189,0.683,0.001,3,1,2.0,0,-1.774,6,1,2,4,4.093,0.0,7,0.0,3,2,4,3,6,6,2,6,4,5,2.207,3,3,7,0
1,7,5,3,0,-0.252,2,0.172,-0.744,0.036,0,5,4.0,5,-1.874,2,2,1,2,3.816,0.0,5,0.0,7,3,6,7,2,1,3,3,4,2,-0.521,6,0,7,0
1,2,0,3,0,-0.075,0,-0.699,-0.562,-1.944,1,5,4.0,0,1.265,7,2,6,2,3.968,0.0,1,0.0,7,0,3,6,2,6,4,6,7,1,0.132,0,1,0,0
0,3,7,7,4,-1.986,4,-0.217,-0.054,-1.808,4,1,4.0,3,-1.949,7,1,7,7,7.272,0.0,0,0.0,2,0,0,1,4,5,2,4,6,1,-0.231,3,4,7,0
7,1,5,7,2,2.281,0,-1.1,0.04,1.838,6,1,4.0,6,-1.623,5,4,3,3,2.753,0.0,1,0.0,6,2,1,2,3,5,3,4,3,2,0.161,6,0,4,0
5,1,5,1,4,-0.489,6,-0.584,0.93,-0.369,5,7,1.0,4,0.065,4,5,5,1,-3.433,0.0,5,0.0,2,6,5,7,7,7,2,6,1,1,-0.005,6,4,7,0
4,0,2,4,3,0.232,3,1.393,1.012,1.186,6,3,3.0,3,3.987,4,2,3,4,2.641,0.0,6,0.0,0,5,2,3,4,5,7,0,2,2,0.54,1,7,4,0
0,0,6,1,3,-0.858,6,0.836,-0.1,0.417,7,3,4.0,3,-2.064,1,4,6,3,0.172,0.0,1,0.0,1,3,6,4,0,2,4,7,2,3,0.335,1,1,4,0
3,5,3,7,4,-0.058,5,0.326,1.016,1.438,2,7,2.0,0,-1.464,5,0,4,5,0.141,0.0,2,0.0,0,0,6,6,3,7,1,2,3,6,0.958,0,3,7,0
6,4,0,1,3,1.029,4,-0.411,0.245,-1.038,4,7,4.0,2,-0.317,4,6,7,3,3.183,0.0,2,0.0,1,7,5,6,1,6,7,7,5,2,0.752,3,5,6,0
7,0,3,3,7,0.375,3,-0.657,0.316,-1.727,6,7,3.0,6,1.064,4,3,6,0,2.214,0.0,3,0.0,0,0,7,4,0,1,1,0,1,4,1.454,0,6,7,0
2,6,7,5,7,0.312,0,0.298,0.394,-2.16,2,3,4.0,6,1.4,0,1,0,7,-4.446,0.0,0,0.0,0,4,6,1,5,5,2,3,7,4,-1.547,2,1,6,0
3,2,1,4,5,-0.391,0,-0.153,-0.671,0.928,7,6,5.0,7,0.192,3,0,6,3,-0.442,0.0,0,0.0,4,6,3,2,1,3,1,3,0,7,-0.118,3,0,2,0
3,0,1,4,5,-0.28,0,1.124,0.117,-0.631,5,3,3.0,2,0.381,6,2,1,0,0.681,0.0,0,0.0,3,2,6,6,3,7,4,6,7,3,0.239,2,2,4,0
2,1,0,7,2,0.404,2,-0.253,-0.725,1.695,6,0,3.0,5,-1.3,7,5,4,3,2.735,0.0,3,0.0,4,7,6,3,2,1,6,0,2,2,0.366,4,5,5,0
2,4,1,1,6,-0.167,1,-2.654,-2.172,1.63,5,0,8.0,0,-0.992,4,7,5,2,-7.524,0.0,3,524.63,7,2,0,3,1,0,7,3,5,5,-1.776,0,1,0,1
5,4,2,0,4,-1.118,7,-0.016,-0.064,-1.425,7,1,4.0,2,-0.139,4,4,5,0,5.723,0.0,7,0.0,3,7,3,4,4,1,2,1,1,6,-0.007,7,7,4,0
4,4,0,2,6,0.539,1,0.648,0.696,-0.063,4,5,3.0,2,-0.934,4,0,4,5,0.789,0.0,0,0.0,2,0,3,4,3,2,3,1,1,3,1.148,2,3,3,0
5,2,3,5,4,0.349,2,-1.445,-0.777,-0.922,5,1,4.0,1,-4.914,1,4,6,0,-1.817,0.0,1,0.0,0,0,7,3,0,3,2,7,5,3,0.193,7,0,0,0
2,0,0,6,6,-0.056,0,2.319,2.364,0.772,7,5,0.0,1,2.906,7,0,5,4,4.528,0.0,5,0.0,4,5,7,6,4,4,1,0,2,6,3.976,3,2,4,0
3,2,0,3,5,0.533,0,0.196,-0.235,-0.663,1,7,3.0,2,0.049,7,7,0,4,-2.077,0.0,0,0.0,3,4,0,6,6,5,5,4,3,0,-2.201,3,6,2,0
3,6,2,0,3,-0.309,0,-0.795,-0.043,0.004,1,3,3.0,2,-1.893,7,2,6,4,0.558,0.0,0,0.0,2,1,6,0,3,0,0,7,1,5,0.803,0,6,1,0
1,7,3,0,0,-0.695,1,2.504,1.17,-0.622,1,5,0.0,5,1.787,4,7,6,5,-0.661,0.0,3,0.0,7,3,4,1,1,5,5,6,0,6,2.443,1,6,2,0
4,6,3,3,4,1.039,3,0.799,0.436,0.102,2,1,4.0,4,-0.785,1,3,3,5,1.871,0.0,1,0.0,3,6,7,7,7,2,7,7,1,7,1.119,3,4,4,0
0,3,3,0,5,-0.505,5,0.425,0.116,0.056,5,2,1.0,1,-1.472,2,7,7,2,-0.752,0.0,4,0.0,0,3,1,0,6,1,1,4,7,0,1.491,7,4,0,0
6,4,5,4,5,-0.166,0,-0.573,0.446,-0.24,6,7,3.0,1,0.197,3,5,7,3,0.493,0.0,4,0.0,6,1,5,7,0,0,4,6,1,6,0.394,1,3,6,0
3,3,5,4,7,-0.022,3,-0.568,-1.181,-0.117,1,4,5.0,3,0.128,7,2,3,4,-2.719,0.0,2,0.0,3,0,5,5,7,6,3,4,5,0,-0.944,5,2,0,0
6,6,6,4,0,-1.336,4,-0.591,-0.439,1.076,0,6,6.0,2,-3.271,1,7,1,1,2.422,0.0,2,0.0,0,2,3,1,3,4,0,1,2,0,-0.349,5,3,5,0
6,5,4,4,0,-1.28,4,0.605,1.348,-0.817,6,5,2.0,7,1.944,0,6,3,2,-1.846,0.0,3,0.0,0,2,2,0,2,2,5,1,4,1,0.843,6,2,2,0
6,0,1,2,2,-0.369,5,0.97,0.16,1.924,2,5,3.0,1,-0.571,6,3,7,6,-1.58,0.0,3,0.0,6,3,3,2,0,0,5,2,6,3,-0.003,1,3,3,0
0,7,2,3,0,0.118,6,0.329,0.303,0.116,2,6,2.0,1,-0.184,6,6,4,7,2.86,0.0,5,0.0,7,7,3,6,6,5,1,2,2,1,-1.132,2,7,4,0
7,3,2,7,5,1.262,2,-0.011,-0.131,0.115,2,3,2.0,1,-2.906,4,4,5,4,-0.849,0.0,1,0.0,4,4,2,5,5,1,5,0,0,1,0.847,6,3,5,0
6,1,5,5,0,-0.081,5,-0.497,0.037,0.145,6,3,4.0,2,0.369,4,0,4,3,-4.028,0.0,6,0.0,7,3,1,6,3,5,5,6,5,1,-0.458,0,2,2,0
4,4,1,6,5,-0.089,5,3.069,2.722,0.445,2,0,-0.0,4,1.508,7,5,4,7,1.486,0.0,1,0.0,6,4,6,7,5,4,1,2,2,3,3.829,6,5,7,0
1,2,5,1,0,0.2,0,-2.081,-1.502,-1.552,4,2,4.0,3,-1.307,5,3,2,2,-1.892,0.0,5,0.0,5,0,6,5,7,1,1,1,4,7,-0.975,2,4,4,0
6,4,6,0,1,0.584,5,-0.204,0.08,0.026,5,6,2.0,0,-0.845,1,2,1,3,0.19,0.0,3,0.0,2,4,2,1,5,7,3,1,5,7,-1.288,1,3,0,0
5,7,1,0,7,1.658,3,0.654,0.034,-0.727,4,6,2.0,6,0.643,3,2,3,1,-1.62,0.0,5,0.0,0,0,1,7,1,1,1,7,5,6,0.238,6,1,2,0
5,0,6,6,1,-0.486,6,-1.325,-0.643,0.558,5,4,3.0,7,0.077,2,3,7,3,0.988,0.0,2,0.0,4,4,4,0,2,2,6,5,0,3,-2.041,0,5,3,0
5,3,2,6,6,-0.903,2,2.161,2.025,-0.804,0,0,-0.0,0,0.425,1,3,3,4,3.329,0.0,6,0.0,6,7,4,2,4,4,4,2,2,7,1.092,4,1,5,0
0,3,7,6,6,0.983,2,-0.274,0.075,0.495,3,0,5.0,7,-2.589,0,7,4,6,-1.553,0.0,1,0.0,3,7,2,2,4,1,7,2,7,7,-1.099,6,5,3,0
6,0,3,6,2,0.269,1,0.602,0.48,0.075,0,2,4.0,2,-0.218,3,6,3,1,-0.375,0.0,3,0.0,5,2,1,3,3,5,0,4,5,4,0.178,4,2,4,0
0,7,3,6,2,1.066,7,-1.935,-0.935,0.97,3,2,5.0,5,-2.474,1,0,7,2,0.218,0.0,4,0.0,7,2,6,2,0,2,7,0,2,7,-1.122,0,5,3,0
3,6,7,4,4,-2.114,2,0.385,0.045,0.488,4,2,3.0,4,0.547,2,4,3,5,3.976,0.0,4,0.0,7,0,1,6,4,2,5,4,4,7,-1.18,3,3,5,0
2,0,4,2,1,-2.33,5,0.955,-0.349,-1.874,1,2,2.0,4,-1.9,6,4,1,4,-2.397,0.0,5,0.0,0,3,7,2,4,6,1,7,2,4,-1.529,5,6,1,0
4,3,4,7,2,-0.06,4,2.27,1.736,0.997,3,7,2.0,1,-0.678,1,0,4,2,-0.182,0.0,1,0.0,5,2,1,3,6,4,6,3,1,3,2.885,2,3,5,0
0,3,6,2,6,0.476,5,-0.756,-0.232,0.011,2,7,3.0,2,1.04,1,5,7,7,-1.072,0.0,6,0.0,2,5,6,2,5,0,6,6,1,7,0.505,4,0,2,0
6,6,6,3,5,-0.034,2,2.489,1.765,2.573,1,5,0.0,4,1.401,2,1,3,6,0.713,0.0,7,0.0,2,7,1,1,1,5,5,7,6,2,1.957,1,0,6,0
5,1,4,6,3,0.058,2,-0.735,-0.697,-1.567,7,2,2.0,6,4.38,7,2,5,3,-1.902,0.0,4,0.0,7,4,4,5,2,6,2,3,5,5,0.324,5,3,0,0
1,0,7,1,1,1.113,0,-1.708,-1.252,-1.945,6,7,5.0,7,-1.797,4,0,3,3,-3.151,0.0,4,0.0,3,4,3,2,6,7,2,7,4,2,-0.552,3,6,1,0
0,0,7,6,2,-0.927,1,-0.186,0.698,1.48,7,5,3.0,5,0.904,6,3,1,3,3.14,0.0,4,0.0,5,6,2,0,1,5,3,0,6,3,0.551,2,2,6,0
0,1,1,0,1,0.305,0,0.05,0.495,0.406,2,0,2.0,0,3.184,5,1,3,2,-0.426,0.0,0,0.0,1,1,1,2,0,5,5,2,2,2,1.958,3,0,7,0
4,0,3,2,6,-2.05,3,0.636,0.901,-0.459,2,2,1.0,0,-1.038,2,5,2,6,-5.995,0.0,6,0.0,1,2,3,4,6,5,2,0,0,0,1.69,0,6,5,0
6,6,4,4,6,0.083,7,-0.849,-0.072,-0.708,6,7,4.0,4,-1.263,3,2,4,2,1.397,0.0,6,0.0,2,6,7,0,2,0,4,5,5,2,-0.499,5,1,0,0
5,2,4,3,2,-0.524,6,0.219,1.246,0.437,5,7,2.0,1,-1.556,2,2,2,2,2.985,0.0,3,0.0,5,4,7,7,2,1,1,0,3,3,-0.051,3,3,6,0
2,3,3,3,3,0.166,0,0.491,1.203,-0.591,7,2,2.0,7,1.196,2,3,3,7,0.346,0.0,7,0.0,3,0,5,0,3,7,6,5,6,3,0.461,3,7,6,0
4,6,2,2,2,-0.58,6,0.808,-0.108,0.336,5,4,3.0,7,1.202,5,6,4,3,4.747,0.0,1,0.0,0,7,6,3,2,6,7,2,1,6,2.471,1,0,5,0
5,2,7,2,3,-1.235,3,1.397,1.602,-0.053,2,6,1.0,4,2.225,3,6,2,6,3.653,0.0,5,0.0,7,6,7,0,1,7,2,2,2,4,1.935,2,4,7,0
6,6,3,0,6,2.57,0,-0.877,-0.268,-0.92,7,2,3.0,6,-2.456,0,2,1,5,2.091,0.0,0,0.0,0,5,0,0,5,1,2,3,4,4,1.079,7,2,4,0
5,4,2,2,0,0.462,4,-0.063,0.143,-1.654,2,4,4.0,3,1.986,1,2,2,4,-1.758,0.0,3,0.0,7,3,7,5,2,4,1,5,2,3,-0.198,6,1,3,0
3,2,0,2,4,-0.224,4,1.402,1.335,1.348,2,1,1.0,7,2.83,2,0,1,5,4.175,0.0,2,0.0,1,6,7,5,5,3,1,0,1,1,3.839,2,7,6,0
7,6,7,4,1,-1.359,4,-0.438,-0.403,1.789,2,4,3.0,6,0.519,5,1,0,1,-0.32,0.0,1,0.0,2,3,7,4,4,7,0,0,2,6,-0.499,5,2,7,0
5,7,4,2,3,0.673,2,0.509,0.605,1.728,1,7,3.0,0,0.632,1,1,0,4,0.237,0.0,2,0.0,4,6,6,4,0,3,2,4,6,7,0.792,0,0,6,0
6,7,4,6,2,-0.005,7,-0.343,-0.926,0.243,4,3,5.0,0,0.611,5,3,0,1,-0.107,0.0,0,0.0,3,1,7,2,3,7,1,4,4,7,-0.942,5,3,5,0
4,7,3,0,3,-0.47,4,0.874,0.159,0.557,1,6,3.0,2,0.067,6,5,4,6,0.977,0.0,3,0.0,2,2,0,3,5,3,7,0,3,0,0.153,4,7,2,0
2,0,2,2,4,0.434,3,-0.642,-0.278,-0.32,2,3,5.0,2,-1.676,2,4,1,0,-0.627,0.0,7,0.0,2,4,7,7,0,5,3,5,6,6,2.317,2,4,0,0
5,0,0,2,2,-2.026,6,0.305,0.658,-0.739,2,0,3.0,6,0.297,6,7,1,2,0.269,0.0,4,0.0,4,3,7,2,4,7,5,3,6,5,-2.126,4,6,3,0
6,2,5,5,6,-1.241,4,-1.121,-1.535,1.212,0,3,5.0,3,-1.561,5,5,5,4,-7.342,0.0,6,0.0,3,0,5,0,5,7,6,1,4,1,-1.845,1,5,6,0
2,4,2,2,0,-0.956,3,-0.555,-0.642,-0.849,1,7,4.0,2,-0.763,7,3,7,0,3.129,0.0,5,0.0,1,2,4,4,4,5,6,2,3,2,-1.027,4,7,3,0
4,2,0,7,1,0.939,7,-0.291,-0.325,-0.004,0,3,5.0,7,0.8,3,2,3,3,0.177,0.0,1,0.0,2,6,5,2,5,4,0,3,5,2,-1.652,3,1,2,0
2,2,3,6,0,0.705,0,0.09,-0.422,-3.276,1,2,4.0,4,1.57,6,6,5,1,-0.808,0.0,7,0.0,4,1,1,4,2,7,3,7,4,2,0.474,3,1,3,0
2,3,6,1,2,0.762,7,-0.461,-0.463,2.019,6,4,5.0,0,1.216,1,6,6,7,-1.22,0.0,0,0.0,7,5,6,4,2,4,4,6,6,5,-0.831,7,6,2,0
4,3,1,4,2,0.461,2,1.214,0.506,0.409,6,2,3.0,0,-2.893,1,4,0,5,0.106,0.0,1,0.0,1,1,3,2,5,1,5,7,7,2,1.633,2,2,0,0
5,6,5,2,2,-0.644,2,1.41,0.441,-0.07,0,0,1.0,1,0.919,4,5,5,3,1.138,0.0,2,0.0,2,3,2,3,3,2,7,1,5,4,0.126,4,6,3,0
0,6,0,1,0,0.07,2,-0.38,0.105,1.175,3,5,5.0,7,-2.693,5,3,5,3,0.91,0.0,4,0.0,1,7,6,5,0,6,6,5,4,6,-2.096,5,1,2,0
7,1,7,1,0,0.292,2,-0.019,0.207,1.75,5,0,2.0,4,3.584,5,4,6,0,0.931,0.0,7,0.0,4,2,3,3,7,6,3,2,7,5,-1.381,5,2,5,0
2,1,5,3,0,-1.168,4,0.33,0.747,0.145,0,1,2.0,4,0.774,4,6,1,0,-3.463,0.0,5,0.0,7,5,5,0,1,1,6,0,0,2,0.226,7,0,2,0
6,7,7,4,4,1.495,4,1.966,1.562,-0.203,2,3,2.0,6,1.617,5,2,0,1,2.921,0.0,4,0.0,1,5,5,5,5,5,5,2,0,1,0.823,0,1,0,0
0,2,6,4,5,1.114,7,0.817,0.292,-1.642,0,6,3.0,6,-1.536,5,4,4,2,2.97,0.0,4,0.0,1,1,6,4,4,0,1,0,6,5,-1.668,6,2,2,0
4,4,6,2,1,-0.633,1,-0.233,-0.03,0.923,1,4,3.0,6,0.269,2,2,0,7,-0.313,0.0,6,0.0,1,5,3,0,4,4,5,7,3,2,-0.523,3,3,6,0
2,4,7,0,5,-0.514,3,-0.741,0.044,0.411,2,5,3.0,0,-1.118,6,6,4,3,-3.336,0.0,3,0.0,1,6,3,2,3,7,4,7,3,5,0.736,1,2,2,0
3,6,7,4,4,0.477,5,1.487,0.952,-0.837,1,2,3.0,2,1.222,2,4,5,5,-3.391,0.0,3,0.0,0,5,0,1,3,1,7,1,1,7,-0.14,6,7,5,0
7,4,3,4,4,-1.211,7,-0.137,0.005,0.317,7,1,2.0,4,0.318,2,4,0,4,-2.087,0.0,7,0.0,2,3,6,2,4,6,5,5,2,1,-2.891,3,5,3,0
1,6,0,5,0,1.205,2,1.842,1.094,-1.115,7,6,1.0,5,-0.49,7,0,6,2,-1.436,0.0,7,0.0,7,5,4,2,0,2,1,4,3,7,0.97,2,0,2,0
2,0,3,7,5,-0.558,2,0.654,-0.575,-0.722,0,0,3.0,0,1.237,3,5,7,6,1.639,0.0,4,0.0,3,4,4,7,5,3,6,3,4,3,-0.763,0,0,0,0
7,6,7,0,4,-0.955,6,-0.178,0.622,-0.719,4,1,3.0,5,-2.105,7,0,5,6,0.83,0.0,1,0.0,7,7,3,4,6,3,2,2,2,4,-1.021,2,4,1,0
5,7,6,0,5,-0.419,1,1.4,0.838,0.458,4,7,4.0,2,3.643,7,0,6,0,-0.938,0.0,1,0.0,2,5,5,6,2,1,3,7,4,0,0.55,3,0,1,0
6,3,5,5,2,-1.347,6,1.221,1.253,-0.626,2,4,2.0,2,-0.779,7,2,5,7,6.095,0.0,5,0.0,6,0,0,4,2,0,3,2,0,3,-1.068,6,1,3,0
6,6,3,1,4,-0.908,5,-2.802,-2.474,0.423,0,2,7.0,0,-2.737,6,2,3,6,1.013,0.0,1,273.45,2,2,1,0,7,5,7,4,0,5,-2.88,5,5,6,1
3,7,0,7,0,-1.146,7,0.788,0.33,0.18,7,7,2.0,3,0.464,3,7,6,5,3.363,0.0,5,0.0,5,4,1,6,3,0,2,1,5,1,-0.89,6,1,2,0
4,6,5,4,0,-0.269,7,0.37,-1.022,1.048,5,0,4.0,4,-2.198,2,4,1,0,0.339,0.0,1,0.0,7,1,1,5,7,7,1,4,3,7,-0.484,7,1,5,0
3,3,2,7,3,-0.572,1,0.419,0.291,1.069,3,2,2.0,7,-1.557,4,5,1,7,-0.328,0.0,2,0.0,1,2,2,2,6,7,6,6,3,6,-0.439,1,3,0,0
1,6,5,5,0,-0.991,3,-0.271,0.43,0.412,2,0,3.0,0,1.765,5,2,7,5,-1.514,0.0,5,0.0,6,5,1,3,5,3,6,4,6,5,0.019,5,6,1,0
1,1,4,2,0,-0.208,7,-1.278,-1.019,0.361,5,2,4.0,5,1.194,6,1,6,1,-5.23,0.0,5,0.0,7,7,7,7,7,1,0,3,7,3,1.039,4,1,6,0
7,4,7,5,0,-1.257,0,-1.701,-0.772,0.449,0,3,4.0,6,-0.733,5,0,0,6,-0.105,0.0,0,0.0,3,0,6,1,2,3,7,3,4,1,0.63,7,1,7,0
5,4,1,1,2,-1.686,2,0.421,0.448,0.1,3,3,3.0,7,1.628,2,4,3,1,0.401,0.0,0,0.0,2,2,6,2,0,1,1,3,3,5,-0.119,5,2,1,0
7,0,0,4,4,1.506,0,-2.491,-1.644,0.102,6,7,7.0,7,-3.248,4,6,2,3,-2.464,0.0,2,562.77,4,6,1,4,7,1,3,6,4,5,-1.37,4,7,2,1
6,6,0,6,0,-1.567,7,1.225,1.653,-1.32,6,2,1.0,0,1.044,6,0,6,7,-1.365,0.0,6,0.0,5,1,1,7,3,4,3,1,6,2,1.163,6,6,2,0
7,6,2,0,3,0.156,4,1.845,2.019,1.127,1,0,1.0,0,3.891,2,3,1,0,1.504,0.0,3,0.0,2,5,5,6,6,7,6,7,6,6,0.433,7,5,2,0
0,2,3,7,6,-0.913,6,1.091,1.832,2.212,7,3,0.0,6,2.683,2,2,2,5,1.822,0.0,0,0.0,5,7,4,2,3,7,2,6,4,2,1.88,6,0,5,0
1,2,6,0,7,0.881,5,-0.652,-0.865,1.443,4,5,4.0,7,2.433,5,7,3,5,-2.393,0.0,3,0.0,2,2,6,0,2,1,7,2,7,5,-0.788,3,5,3,0
1,1,3,6,3,-0.563,4,0.342,0.267,-0.996,1,7,2.0,2,-1.275,7,4,7,7,1.243,0.0,6,0.0,5,3,1,6,4,0,3,1,7,0,-0.28,3,4,1,0
7,4,5,0,1,2.083,0,-0.451,-0.524,0.49,5,2,4.0,2,-0.529,2,7,1,3,-2.252,0.0,7,0.0,6,5,4,3,3,7,6,3,3,5,-2.351,4,7,1,0
1,1,6,4,0,-0.349,7,0.977,0.786,-1.49,6,7,2.0,1,1.756,4,5,6,7,-1.262,0.0,2,0.0,6,0,2,4,3,1,1,1,6,1,2.736,2,0,6,0
2,3,7,2,3,-0.317,2,0.285,-0.47,-0.6,6,2,2.0,7,-2.166,7,7,0,1,-4.064,0.0,3,0.0,6,4,0,4,7,4,1,4,4,6,-0.027,0,5,5,0
0,0,1,2,4,2.096,3,-1.832,-2.898,-1.642,4,1,6.0,4,-0.049,5,1,3,2,-3.671,0.0,0,0.0,4,4,0,2,3,0,2,2,3,7,-3.724,1,5,4,0
7,1,3,2,5,0.34,4,-0.376,-0.73,-0.938,3,1,4.0,4,-4.435,2,6,5,0,4.303,0.0,1,0.0,2,5,0,0,3,7,5,2,4,2,-1.521,4,5,4,0
7,4,0,6,7,1.189,5,1.122,0.58,0.683,6,6,3.0,7,-2.23,3,7,1,5,1.748,0.0,6,0.0,4,5,4,7,0,3,0,3,3,0,0.028,3,3,5,0
1,0,2,1,3,0.067,2,-1.417,-0.789,-0.044,0,4,4.0,3,-1.318,2,2,5,4,-6.951,0.0,1,0.0,6,5,1,6,5,1,4,7,7,4,0.352,5,7,1,0
6,0,5,5,5,-0.967,7,-2.289,-2.34,1.017,1,3,7.0,6,-3.009,2,3,7,6,-2.982,0.0,4,355.36,0,5,5,1,7,5,2,7,7,4,-0.07,1,0,4,1
7,3,7,6,0,0.539,7,1.92,0.893,0.616,2,3,1.0,0,-0.538,6,7,1,1,-0.327,0.0,7,0.0,7,1,0,2,6,2,6,5,1,6,0.469,3,6,7,0
4,2,6,1,0,1.757,6,0.453,1.235,0.249,3,3,1.0,6,-0.949,3,0,3,4,0.069,0.0,7,0.0,2,5,7,7,0,2,6,3,1,0,0.491,7,0,3,0
3,1,4,7,0,0.439,0,1.528,1.303,-1.577,7,4,0.0,4,3.497,2,1,3,4,1.673,0.0,5,0.0,5,5,4,1,0,3,1,7,5,3,2.435,2,0,7,0
1,4,4,3,7,0.623,0,-2.25,-1.574,-1.475,6,3,4.0,7,-2.66,2,5,2,1,2.432,0.0,6,0.0,3,2,4,4,4,6,3,6,6,3,-0.904,3,6,4,0
4,4,6,7,2,-1.809,3,3.569,1.52,-1.293,1,5,1.0,6,-0.145,6,1,1,5,-1.678,0.0,7,0.0,7,2,0,4,4,5,4,1,0,5,0.387,3,5,3,0
2,3,6,7,3,0.43,5,0.171,-0.466,0.778,3,6,3.0,3,-2.643,5,3,7,1,-2.712,0.0,7,0.0,1,1,0,0,1,3,3,4,0,5,1.302,2,5,1,0
6,7,1,1,0,-1.027,4,1.467,1.27,0.278,3,7,1.0,6,0.608,6,5,5,5,2.027,0.0,1,0.0,5,4,2,7,0,1,2,0,2,2,0.105,4,1,4,0
1,7,1,0,5,-2.188,7,0.31,0.872,-1.191,3,5,1.0,4,2.781,1,6,3,1,1.369,0.0,1,0.0,3,0,3,1,1,1,6,5,6,1,0.073,3,0,2,0
5,3,0,7,4,1.197,3,1.4,1.609,-0.199,7,0,1.0,1,0.785,5,1,5,1,0.428,0.0,2,0.0,3,5,0,5,4,6,1,2,5,2,1.768,4,3,0,0
5,2,7,0,1,0.82,3,2.101,1.335,0.214,4,4,0.0,2,0.07,6,4,1,5,5.158,0.0,7,0.0,0,3,6,1,0,0,5,2,4,4,3.826,4,0,2,0
5,7,0,0,2,0.171,2,2.883,1.574,-0.723,3,0,1.0,1,3.044,2,3,3,5,2.245,0.0,6,0.0,4,3,4,5,7,5,7,3,4,1,3.006,7,5,7,0
1,4,3,4,3,-1.437,6,-1.337,-1.721,1.406,0,3,7.0,2,-0.082,0,1,5,6,-1.693,0.0,4,382.27,0,3,2,4,2,5,4,1,1,7,-2.041,7,6,3,1
1,7,6,3,6,1.982,2,-0.693,-0.363,0.433,1,4,5.0,2,0.742,4,7,5,1,5.225,0.0,5,0.0,3,3,0,1,3,6,4,7,6,1,0.032,3,7,4,0
6,4,6,2,1,-0.247,3,0.853,0.373,-0.33,6,5,3.0,2,1.764,3,4,5,3,0.616,0.0,1,0.0,4,5,3,2,2,2,7,3,0,5,-1.061,4,1,1,0
6,4,6,2,5,-1.04,1,2.341,2.563,-1.271,1,7,0.0,2,1.271,1,7,4,7,7.432,0.0,3,0.0,3,7,7,3,1,6,7,5,3,3,2.69,7,2,4,0
2,2,3,7,5,1.429,0,1.369,1.016,-0.246,3,0,2.0,3,0.587,1,0,6,7,2.735,0.0,0,0.0,5,4,6,4,0,3,3,6,7,3,1.49,4,5,5,0
2,3,2,3,6,1.675,7,1.641,0.447,0.932,6,5,1.0,1,-1.848,6,1,2,7,3.392,0.0,7,0.0,7,0,5,6,1,4,2,2,3,2,1.196,3,5,1,0
5,3,5,2,0,-1.722,2,0.871,0.623,-0.095,5,7,3.0,2,0.609,1,3,2,7,3.731,0.0,2,0.0,5,3,5,5,0,0,1,0,3,7,2.52,6,6,3,0
7,4,7,0,0,-0.372,6,-1.792,-2.001,0.152,7,7,6.0,3,-1.038,5,5,2,4,2.258,0.0,0,0.0,1,2,3,1,3,1,0,1,6,2,-0.146,0,7,4,0
6,0,7,4,5,1.964,5,1.346,0.723,-0.555,7,4,4.0,6,-3.333,2,6,1,7,1.838,0.0,2,0.0,6,0,0,6,4,1,3,7,4,2,0.656,6,7,3,0
4,4,3,2,6,-0.02,6,1.147,1.809,-1.174,4,3,1.0,3,3.9,4,4,6,7,0.506,0.0,0,0.0,7,2,3,6,5,4,2,0,1,6,0.708,5,5,4,0
7,0,3,5,2,1.317,6,-2.576,-2.037,2.087,7,0,7.0,5,-1.836,5,2,7,0,1.908,0.0,7,280.73,7,6,2,6,0,2,2,3,1,6,0.724,2,6,4,1
2,1,2,0,3,-1.24,3,2.29,1.586,-0.131,1,2,0.0,1,0.028,3,3,2,7,1.82,0.0,7,0.0,2,5,1,7,5,2,6,1,0,4,0.799,4,2,1,0
3,7,7,3,6,2.137,5,0.645,1.063,0.831,4,0,-0.0,1,2.255,1,0,2,6,0.552,0.0,3,0.0,3,6,5,0,1,1,2,0,1,3,2.678,3,0,5,0
7,0,3,3,7,0.64,0,-0.957,-0.74,1.009,0,6,4.0,1,-3.888,3,4,5,3,-0.669,0.0,0,0.0,7,2,1,0,7,1,6,3,3,7,-0.167,5,6,5,0
2,1,4,2,4,-0.504,3,1.642,1.548,-0.552,0,1,1.0,4,0.426,4,1,1,6,-1.579,0.0,3,0.0,3,5,7,0,3,3,1,4,2,2,1.294,1,0,0,0
2,5,2,2,5,0.266,3,1.171,0.177,0.569,7,1,4.0,2,1.52,7,1,3,1,1.861,0.0,7,0.0,4,2,3,2,5,1,3,4,5,4,1.803,7,6,6,0
5,6,6,6,5,0.19,4,-0.01,0.599,-0.986,1,7,2.0,7,-0.862,6,0,5,2,-1.907,0.0,5,0.0,6,0,3,3,2,2,7,6,3,1,0.978,4,4,6,0
6,1,5,0,4,-1.459,2,1.623,0.471,-0.798,4,4,3.0,2,1.238,3,5,3,2,3.356,0.0,2,0.0,3,6,0,1,3,4,1,2,2,6,2.629,1,5,0,0
3,4,0,2,1,-1.197,6,2.563,2.062,0.739,5,3,-0.0,3,2.236,1,2,5,2,9.079,0.0,0,0.0,4,1,7,6,1,4,2,6,1,4,0.272,1,2,3,0
7,3,0,5,4,1.397,7,-1.003,-0.414,0.332,2,3,4.0,6,-1.992,4,4,5,4,-3.594,0.0,3,0.0,3,6,0,6,2,0,7,3,6,3,-1.417,6,6,1,0
1,2,2,4,5,-0.701,3,-1.761,-1.066,-1.282,3,3,5.0,0,-1.783,6,7,4,2,-5.347,0.0,5,0.0,6,7,5,0,1,7,1,3,5,4,-3.927,0,2,4,0
2,5,5,4,4,-0.136,0,-1.97,-2.047,-1.601,2,5,6.0,0,1.506,7,1,6,2,-2.102,0.0,7,0.0,4,7,0,0,6,0,2,3,6,4,-2.53,7,1,0,0
3,4,6,6,7,0.626,0,0.343,0.618,-1.159,6,4,3.0,2,1.864,7,6,6,3,-0.835,0.0,4,0.0,6,3,2,6,7,1,7,0,7,7,1.482,5,3,6,0
7,6,2,1,3,1.236,2,-1.587,-1.138,0.123,7,6,5.0,4,-2.018,3,5,7,0,2.117,0.0,6,0.0,7,3,0,4,2,2,3,6,1,2,-1.35,4,7,7,0
0,7,3,2,0,0.704,5,-1.347,-0.835,-0.82,4,2,3.0,5,-0.936,3,3,6,7,-2.547,0.0,6,0.0,3,5,5,7,5,4,3,4,7,3,-1.553,5,4,3,0
2,7,5,3,3,-2.12,0,1.009,0.289,0.675,7,0,1.0,6,-1.196,5,3,1,6,-5.368,0.0,5,0.0,7,7,3,2,5,5,3,3,3,0,-0.365,4,5,3,0
2,0,5,4,2,1.377,4,-1.287,-0.558,-1.289,7,0,4.0,6,-2.025,7,4,0,7,-0.459,0.0,3,0.0,0,4,4,0,4,6,3,6,5,1,-1.422,0,1,2,0
0,6,4,7,2,-1.121,3,0.149,0.794,1.152,7,0,3.0,6,-0.386,6,0,7,7,1.011,0.0,6,0.0,5,6,4,2,3,3,1,5,6,2,1.111,3,3,5,0
3,0,0,0,6,0.591,5,-0.643,-0.539,1.309,7,5,6.0,7,-2.318,2,5,4,7,-0.695,0.0,6,0.0,2,2,3,0,6,5,7,0,6,6,-1.247,1,5,4,0
6,5,2,4,2,-0.539,2,0.296,-0.503,-1.168,4,1,2.0,6,-2.521,0,4,1,2,2.262,0.0,3,0.0,0,1,2,1,4,6,3,2,4,4,-1.14,2,5,4,0
5,6,4,4,2,0.408,6,-1.37,-0.806,0.352,6,4,3.0,2,-0.488,4,7,3,3,-2.997,0.0,7,0.0,2,2,5,3,3,6,0,4,6,7,-0.859,3,0,3,0
3,3,4,1,1,1.168,3,-1.457,-0.707,-1.341,5,1,3.0,3,-0.928,3,3,7,1,1.676,0.0,2,0.0,0,5,0,4,2,6,7,2,2,2,-0.736,3,1,1,0
4,1,5,1,2,0.484,6,-2.547,-2.145,-0.472,3,1,6.0,5,-1.405,4,5,6,1,-1.227,0.0,0,0.0,2,0,1,0,2,7,6,6,2,2,-0.842,5,2,6,0
5,4,7,7,3,-0.63,6,-0.037,0.0,-1.2,1,1,2.0,0,3.531,4,4,0,0,-2.051,0.0,1,0.0,7,7,1,6,2,7,0,1,2,4,-0.483,5,0,0,0
0,6,6,2,1,-0.367,4,-1.308,-1.412,1.29,7,1,6.0,5,-2.982,1,6,7,7,-0.899,0.0,1,0.0,2,3,0,5,0,7,5,6,7,6,-0.177,5,6,6,0
2,2,1,0,4,1.403,6,0.131,0.065,-0.4,1,4,4.0,1,2.162,0,5,0,5,-1.177,0.0,0,0.0,1,0,2,3,7,4,7,7,5,0,-0.149,4,7,2,0
5,6,6,5,5,1.529,3,-0.271,-0.837,-0.295,1,7,5.0,7,0.532,3,7,7,3,0.409,0.0,1,0.0,1,3,1,5,6,2,4,5,6,3,-1.695,1,7,2,0
2,2,5,5,5,1.901,6,-0.028,-0.209,-0.249,5,0,3.0,3,1.973,5,0,3,3,-0.244,0.0,0,0.0,0,5,0,5,0,2,3,1,1,7,-0.361,7,6,3,0
4,1,5,6,6,-0.838,3,0.529,0.456,0.975,3,5,3.0,2,-0.769,1,2,6,3,2.247,0.0,5,0.0,4,5,5,7,6,5,5,0,7,2,0.698,6,1,4,0
2,2,1,5,2,1.158,4,0.957,0.55,-0.242,2,4,3.0,7,-1.382,3,1,5,7,-0.289,0.0,2,0.0,2,4,5,6,0,6,7,5,3,4,1.267,4,7,7,0
2,0,6,6,6,0.519,4,0.216,0.285,-0.274,0,2,3.0,3,1.581,4,2,0,4,0.397,0.0,7,0.0,6,2,1,3,6,6,0,2,7,1,-2.272,5,2,7,0
1,2,5,7,2,0.925,1,-0.6,-1.985,1.298,3,7,6.0,1,-3.073,7,4,2,2,-1.609,0.0,4,0.0,7,1,3,0,1,0,3,7,7,7,-1.172,6,1,6,0
4,2,0,7,5,1.022,3,1.282,1.014,0.246,6,1,1.0,7,1.183,0,2,0,1,-0.74,0.0,1,0.0,0,7,3,0,6,3,2,1,1,5,2.035,6,2,6,0
7,3,3,3,1,-1.063,6,0.741,-0.363,1.061,6,1,3.0,4,-2.842,4,5,2,2,-0.43,0.0,0,0.0,3,7,1,6,3,3,4,3,1,2,-0.921,3,4,1,0
3,0,4,3,7,-1.246,4,-0.914,-1.632,-1.58,4,2,4.0,1,-1.504,4,5,4,3,-3.388,0.0,4,0.0,1,3,5,0,5,7,5,1,3,2,-2.843,3,4,1,0
4,0,3,3,7,-2.547,2,-1.285,-1.084,0.306,7,7,5.0,7,-4.807,1,4,1,6,-0.33,0.0,0,0.0,4,2,3,4,6,6,7,3,5,4,-1.37,2,2,2,0
0,2,6,5,4,-0.226,6,-0.369,-0.71,-0.616,5,3,5.0,5,-1.43,2,5,0,7,-1.227,0.0,2,0.0,4,5,2,2,7,3,1,4,1,2,-0.853,4,1,4,0
7,6,4,0,5,0.457,6,-0.301,-0.295,-0.424,5,1,4.0,2,2.16,6,6,5,1,1.892,0.0,2,0.0,6,5,1,7,6,7,2,4,6,6,-2.17,0,4,1,0
0,1,2,3,3,-2.395,1,-0.604,0.252,0.88,5,2,3.0,7,0.756,0,0,4,5,-1.158,0.0,5,0.0,4,7,1,2,7,3,6,0,0,6,0.093,6,1,1,0
1,2,1,6,0,-0.057,5,-0.918,-0.442,0.343,5,1,2.0,6,-1.367,7,7,2,7,0.051,0.0,2,0.0,0,2,4,4,0,3,0,6,3,0,-1.883,0,2,6,0
7,7,0,1,0,0.268,2,0.503,0.532,-0.232,0,1,3.0,5,2.234,0,6,2,1,-1.964,0.0,6,0.0,6,4,5,6,0,2,7,3,7,5,3.042,3,2,1,0
2,3,3,3,2,-1.323,2,-1.491,-1.057,-0.938,4,6,5.0,4,-3.237,3,1,0,1,-0.267,0.0,5,0.0,1,0,5,3,2,3,7,0,2,5,-2.481,6,0,4,0
3,3,2,6,4,-0.171,5,-1.004,-0.178,2.368,4,3,4.0,2,-1.394,6,3,0,2,-0.224,0.0,1,0.0,6,1,6,5,0,5,7,2,1,0,0.08,6,6,0,0
7,4,6,0,7,0.958,6,0.31,0.183,0.973,3,6,3.0,5,-0.659,1,5,4,3,-2.609,0.0,6,0.0,2,3,3,6,7,6,2,0,1,4,-1.386,2,7,5,0
5,0,2,1,1,0.053,0,-3.189,-2.713,0.306,2,3,8.0,5,-3.155,5,7,7,7,-5.396,0.0,7,562.02,4,4,5,7,7,7,3,0,5,4,-1.315,5,3,4,1
3,1,4,5,4,0.246,4,-0.955,0.009,-0.287,5,0,3.0,3,-0.74,2,4,6,4,3.19,0.0,3,0.0,7,0,1,7,4,3,3,1,0,1,0.043,4,5,1,0
3,0,6,0,2,1.176,6,0.231,0.017,0.025,5,1,4.0,3,-0.779,2,6,0,7,1.789,0.0,1,0.0,7,7,5,2,1,2,0,7,1,0,-1.278,1,5,2,0
5,4,5,3,0,0.565,7,-0.088,0.016,-0.093,2,4,4.0,2,3.635,2,5,7,0,-7.927,0.0,4,0.0,6,7,5,0,1,5,6,7,7,6,-0.267,7,2,0,0
0,5,6,0,4,-1.012,5,-0.144,-0.416,0.751,5,1,6.0,2,-0.607,4,1,3,6,0.139,0.0,6,0.0,4,0,1,0,1,7,4,1,6,1,-0.66,4,4,0,0
6,2,7,5,1,0.269,7,0.353,0.249,-0.921,6,5,3.0,2,-1.443,0,3,5,5,1.486,0.0,4,0.0,4,6,4,5,2,7,5,0,3,5,1.597,1,2,2,0
3,1,3,2,1,0.167,6,2.641,2.243,-1.169,3,3,1.0,2,2.88,1,2,2,3,5.587,0.0,2,0.0,6,1,1,3,0,6,5,6,2,6,2.655,2,3,3,0
2,1,2,2,5,0.932,0,-1.892,-1.81,-0.628,7,6,5.0,7,-2.018,4,2,7,1,-0.46,0.0,0,0.0,3,6,1,6,1,7,0,5,3,1,-2.653,7,3,2,0
1,3,2,2,6,1.25,1,-1.33,-2.116,2.111,7,5,7.0,2,-2.252,6,0,6,5,2.012,0.0,0,573.38,5,3,1,7,6,1,2,7,6,7,-2.506,0,0,5,1
1,3,1,2,6,-0.137,6,0.046,1.205,0.872,7,2,2.0,1,2.853,4,3,2,6,4.195,0.0,5,0.0,2,0,2,1,4,0,5,3,1,2,0.106,5,0,0,0
5,4,6,7,5,1.134,6,-2.168,-2.555,1.983,3,3,7.0,1,0.116,1,1,4,2,-3.128,0.0,7,475.97,3,7,5,5,7,7,6,0,4,4,-2.688,7,3,2,1
1,5,0,0,7,-0.907,3,0.362,0.789,-1.595,2,4,4.0,0,0.279,0,2,6,1,1.759,0.0,7,0.0,3,7,5,0,4,7,3,7,5,6,-0.731,1,4,7,0
1,4,0,1,4,-0.933,1,1.533,2.019,-0.749,7,6,1.0,0,4.931,5,5,4,7,0.121,0.0,5,0.0,5,3,0,7,7,6,0,5,6,2,3.387,0,5,6,0
4,3,4,3,2,0.109,7,1.979,1.469,-1.02,4,3,2.0,7,2.794,3,1,7,2,6.885,0.0,7,0.0,4,1,6,1,2,2,6,6,5,0,1.496,0,4,1,0
0,7,0,2,7,-0.502,3,-0.645,0.012,0.387,4,3,4.0,5,0.619,0,3,1,1,3.957,0.0,3,0.0,4,6,5,7,1,0,7,1,7,6,-1.42,6,7,3,0
5,1,6,3,0,0.465,5,-0.275,-0.346,-1.199,1,6,4.0,1,-1.011,2,4,1,1,2.443,0.0,7,0.0,2,0,0,4,6,5,2,5,7,4,0.105,0,4,2,0
3,6,0,1,1,-0.424,4,0.63,0.526,0.558,0,3,3.0,7,1.724,4,7,3,2,-1.862,0.0,0,0.0,1,5,5,3,3,0,1,1,1,2,1.583,2,6,4,0
7,5,7,7,6,0.09,7,-0.812,-0.441,-1.962,2,6,4.0,7,-0.667,5,5,2,7,-1.975,0.0,0,0.0,0,2,4,5,5,3,6,0,5,4,0.758,3,0,5,0
5,1,4,5,7,-0.738,6,-1.562,-1.608,-0.203,7,0,5.0,5,0.746,1,4,0,3,-0.143,0.0,3,0.0,5,1,7,3,5,3,5,7,1,1,-1.166,5,4,6,0
7,4,3,2,0,0.526,2,0.908,1.314,0.166,4,2,3.0,4,2.609,1,1,0,0,4.325,0.0,0,0.0,3,3,7,3,2,4,3,2,5,0,1.178,6,7,2,0
7,4,0,3,6,0.542,5,1.8,1.755,0.123,4,2,0.0,6,1.849,0,0,1,4,2.457,0.0,5,0.0,4,3,7,2,3,2,5,6,7,1,1.028,7,7,5,0
0,5,4,5,5,0.679,1,0.248,0.143,-0.683,5,0,3.0,7,-0.667,3,2,3,6,0.021,0.0,1,0.0,1,4,2,1,4,6,2,7,2,4,0.403,7,3,6,0
6,0,4,3,6,0.173,7,0.553,0.856,1.541,7,0,2.0,1,1.532,3,5,6,5,2.854,0.0,6,0.0,3,5,0,3,5,6,6,0,4,3,-0.935,0,2,4,0
5,3,7,6,2,1.484,1,0.136,0.358,-0.662,5,2,2.0,6,2.034,6,0,6,3,-0.752,0.0,0,0.0,7,4,4,3,6,3,4,5,7,7,2.516,7,0,4,0
3,1,6,2,7,-0.058,2,-1.029,-1.278,-0.157,4,0,6.0,7,-1.129,2,5,6,0,-1.803,0.0,2,0.0,1,4,3,0,6,3,0,7,4,3,-0.968,5,6,2,0
3,2,3,4,7,1.252,6,-1.206,-0.622,-1.67,2,0,4.0,5,-2.35,0,0,4,6,-3.639,0.0,5,0.0,4,0,3,4,2,5,0,1,1,7,0.387,1,3,4,0
0,4,7,2,7,-0.367,4,-0.967,-0.325,-0.23,0,4,2.0,3,0.205,0,7,5,0,0.331,0.0,7,0.0,0,7,5,2,4,6,3,4,1,1,0.158,2,7,0,0
5,5,3,4,0,-0.749,6,-0.2,-0.041,-0.796,1,7,4.0,4,-3.208,4,5,3,5,4.553,0.0,7,0.0,3,1,1,2,7,0,4,3,1,3,1.037,1,6,4,0
6,0,5,6,5,0.179,5,-1.284,-0.991,-0.101,5,7,4.0,7,-0.834,6,4,2,3,-3.895,0.0,1,0.0,3,6,5,0,3,1,7,7,7,3,-1.891,4,1,2,0
5,7,7,2,1,-1.964,5,-1.228,-0.431,0.454,7,2,3.0,4,1.473,1,2,6,1,1.533,0.0,2,0.0,2,5,1,7,1,3,3,2,3,3,-0.81,3,1,4,0
6,6,5,7,7,0.952,3,2.138,2.583,-1.257,2,4,0.0,3,-1.217,7,2,3,6,2.455,0.0,2,0.0,1,6,1,0,6,0,5,7,3,1,2.633,5,5,5,0
2,2,0,6,0,-0.946,1,0.96,1.794,0.443,7,5,1.0,0,0.922,4,2,1,4,1.65,0.0,4,0.0,4,4,1,2,3,1,6,3,3,5,0.822,0,5,1,0
7,3,6,1,5,-1.011,2,1.572,2.122,-0.706,7,6,0.0,0,1.525,7,1,2,6,3.654,0.0,6,0.0,6,5,4,7,3,5,0,1,5,3,2.13,4,6,2,0
6,3,5,7,4,-1.699,3,0.598,1.448,1.96,5,7,2.0,0,1.498,5,2,1,0,0.43,0.0,1,0.0,0,4,1,3,3,6,0,0,7,1,1.519,6,7,2,0
2,2,5,3,3,-0.139,7,-0.026,-0.881,1.257,5,7,5.0,5,0.406,2,5,1,6,-3.168,0.0,1,0.0,6,7,2,3,0,5,6,5,5,2,-0.545,3,2,5,0
5,4,2,6,0,-0.642,3,-0.194,-1.018,-0.509,6,6,4.0,4,-0.497,5,5,0,2,1.734,0.0,4,0.0,7,3,3,2,3,6,6,3,4,7,-3.006,5,4,6,0
0,4,3,0,4,0.441,7,1.569,1.592,-1.765,2,5,2.0,7,1.934,7,5,6,5,2.694,0.0,3,0.0,1,3,3,2,3,5,6,2,6,4,0.386,7,3,7,0
7,3,5,0,6,-0.404,6,0.083,1.051,1.771,5,7,2.0,4,0.696,7,5,6,7,2.695,0.0,5,0.0,1,5,6,4,7,1,3,1,2,7,0.202,2,6,0,0
6,5,3,7,5,-0.733,4,0.654,0.472,0.746,6,7,2.0,3,1.39,1,6,6,6,0.182,0.0,0,0.0,2,0,6,4,5,2,7,1,2,5,0.72,2,3,7,0
0,7,5,7,0,-1.179,2,0.41,0.052,-0.267,0,2,3.0,2,2.105,2,1,1,1,-1.645,0.0,7,0.0,4,6,4,1,3,0,3,3,4,3,-1.0,4,4,1,0
1,6,0,2,7,0.505,1,-1.385,-1.374,0.371,3,7,5.0,0,0.223,5,0,3,6,-0.126,0.0,2,0.0,2,6,5,7,1,0,2,3,2,5,-1.42,0,1,3,0
2,7,3,5,5,0.45,5,1.005,1.986,1.402,2,0,-0.0,0,-1.064,0,7,5,7,-0.732,0.0,7,0.0,3,2,7,2,5,6,5,5,1,4,2.251,0,6,7,0
1,0,3,7,2,-0.25,7,2.069,1.004,0.885,5,6,2.0,7,1.344,3,4,7,3,2.193,0.0,7,0.0,1,6,0,5,3,4,3,5,5,6,1.143,6,4,2,0
4,0,2,3,7,0.274,4,0.18,0.292,-0.928,4,2,3.0,0,-0.892,2,0,3,5,-0.276,0.0,3,0.0,3,2,0,5,0,3,6,3,3,6,1.689,0,2,4,0
3,6,7,7,1,-0.578,4,-2.375,-1.368,-1.586,1,5,5.0,3,-5.3,6,2,2,3,0.496,0.0,0,0.0,4,1,5,5,5,2,0,2,6,1,-1.765,2,5,3,0
3,0,2,6,4,-0.302,2,2.545,1.265,0.263,5,7,1.0,3,1.0,1,1,5,4,5.738,0.0,5,0.0,3,5,5,0,7,6,6,5,1,6,2.26,5,4,0,0
7,4,1,6,0,-2.567,5,-0.337,-0.326,-0.84,2,6,4.0,7,-0.503,0,6,6,5,1.127,0.0,4,0.0,6,3,7,6,2,0,5,2,1,0,1.945,5,4,7,0
2,5,2,4,6,-0.651,5,-0.178,-0.137,-0.936,0,3,3.0,3,-0.523,4,7,0,7,0.103,0.0,4,0.0,2,0,3,0,2,2,7,5,3,7,0.825,3,0,2,0
4,5,0,3,1,0.337,1,0.568,0.352,0.404,5,4,3.0,0,0.63,0,6,3,5,-1.79,0.0,6,0.0,0,5,5,1,2,1,7,7,3,6,-1.369,3,5,2,0
5,2,7,0,2,0.871,5,0.728,-0.137,-0.678,6,3,3.0,6,1.592,5,7,1,4,-0.395,0.0,1,0.0,4,5,6,0,6,2,0,1,0,0,1.883,0,3,5,0
2,3,4,0,2,-0.18,0,-0.268,-1.052,-0.366,3,3,5.0,6,-1.432,0,4,6,6,-3.668,0.0,4,0.0,4,6,6,5,7,3,6,5,1,2,-0.88,2,7,5,0
7,5,2,3,5,-0.759,0,1.403,0.765,-0.731,3,7,1.0,2,-0.835,3,3,0,6,2.652,0.0,7,0.0,3,6,3,7,7,1,7,7,3,7,0.702,0,3,2,0
0,3,7,0,7,0.826,4,-2.67,-2.611,-0.878,1,7,6.0,1,-3.569,1,6,3,2,1.038,0.0,0,0.0,1,3,3,3,3,7,2,6,2,1,-3.114,4,1,1,0
4,0,0,6,4,-1.53,3,1.216,0.492,-0.879,7,7,3.0,0,-0.923,3,2,5,5,-0.066,0.0,5,0.0,6,7,5,7,2,3,4,2,1,7,0.159,5,6,6,0
2,1,2,4,5,0.846,2,-0.626,-1.003,-0.374,0,4,3.0,3,-0.241,7,5,2,5,-3.505,0.0,0,0.0,2,1,3,3,1,4,3,6,3,4,-1.268,5,0,0,0
2,2,0,0,1,1.307,0,-0.346,-0.502,-1.465,5,5,4.0,6,-2.079,4,5,2,4,-2.902,0.0,4,0.0,3,0,3,4,1,7,0,1,3,0,-0.437,5,5,5,0
7,2,7,7,0,-1.425,0,2.026,1.391,1.096,3,7,3.0,5,-0.958,3,2,2,4,0.695,0.0,5,0.0,5,7,2,4,4,6,2,3,3,6,0.74,1,6,1,0
4,0,1,6,4,0.979,3,2.557,1.623,0.753,0,0,-0.0,4,1.939,0,2,0,1,0.515,0.0,7,0.0,6,0,2,5,4,6,1,5,2,7,2.275,3,0,6,0
1,1,1,3,1,-0.896,7,2.135,1.617,-1.711,4,2,1.0,6,0.494,5,0,7,2,3.914,0.0,6,0.0,3,1,7,5,7,0,6,7,5,1,2.286,0,3,0,0
4,3,5,7,3,-1.896,3,-0.146,-1.038,0.192,0,1,3.0,0,0.222,0,7,7,6,-1.572,0.0,2,0.0,4,4,0,5,1,1,0,1,2,3,-1.831,4,4,6,0
2,4,5,1,1,-0.23,5,1.855,0.794,1.065,7,6,3.0,3,0.197,4,7,4,7,-1.408,0.0,3,0.0,3,5,4,3,0,5,5,3,6,3,0.432,4,2,5,0
0,1,5,7,1,-1.571,4,0.203,0.628,-1.244,5,4,3.0,1,1.082,7,5,1,3,3.171,0.0,3,0.0,7,7,0,6,0,2,6,2,0,5,0.378,1,1,2,0
7,5,5,2,5,0.417,5,0.736,1.157,-0.91,1,0,1.0,2,-2.406,1,1,1,5,4.45,0.0,7,0.0,3,6,7,7,4,0,5,4,7,4,0.489,6,4,7,0
7,4,0,4,4,0.101,3,-1.888,-1.131,0.563,3,2,5.0,4,1.55,2,3,2,3,1.873,0.0,6,0.0,3,3,1,6,4,7,2,2,5,1,-0.073,2,2,3,0
3,3,0,3,1,-0.363,1,0.184,1.39,-0.975,4,0,3.0,4,-1.891,5,1,4,0,1.106,0.0,2,0.0,6,3,5,1,7,6,0,5,3,4,1.968,7,6,4,0
3,0,4,4,5,-0.094,5,1.224,2.414,0.689,5,3,1.0,7,3.625,6,5,6,6,-1.083,0.0,6,0.0,0,6,5,6,6,0,1,5,1,3,2.371,6,7,3,0
4,6,6,5,4,0.346,6,-0.197,-0.128,0.087,6,0,3.0,4,1.192,2,0,7,6,-0.837,0.0,0,0.0,3,7,7,1,6,7,5,3,0,6,-1.957,3,3,2,0
6,0,3,1,5,-0.21,7,0.841,0.413,0.833,0,0,1.0,0,0.985,3,0,5,7,1.481,0.0,4,0.0,1,6,7,7,5,1,6,2,0,2,-0.222,1,3,0,0
2,5,0,5,6,-0.285,0,0.509,0.531,0.793,3,5,2.0,2,-0.558,4,4,6,5,1.158,0.0,5,0.0,4,1,1,5,3,6,7,2,3,1,0.429,0,4,1,0
2,6,2,0,5,-1.217,7,1.188,0.669,0.137,1,7,1.0,6,0.607,5,7,5,6,1.118,0.0,2,0.0,7,4,6,3,4,1,5,3,5,0,2.797,5,2,1,0
2,5,0,3,7,0.946,4,0.515,0.851,1.091,6,5,3.0,5,1.006,2,2,4,3,-1.658,0.0,4,0.0,3,0,2,7,4,6,5,1,3,1,-0.97,2,3,4,0
5,1,0,4,1,-1.359,5,1.413,1.59,-0.418,7,3,1.0,7,2.721,7,6,0,5,2.372,0.0,7,0.0,2,7,1,3,5,5,0,7,0,0,-0.294,3,4,0,0
7,7,7,0,5,0.495,2,-0.375,-0.689,-0.516,0,1,3.0,2,-1.33,0,6,7,5,-1.234,0.0,4,0.0,0,1,7,1,2,2,2,5,4,3,-0.451,5,1,4,0
6,7,5,3,0,0.75,3,0.827,0.727,0.322,7,4,2.0,7,-0.361,7,0,2,1,1.991,0.0,6,0.0,0,7,7,6,0,3,6,7,2,0,0.095,7,1,1,0
0,3,0,7,6,-0.635,3,-0.758,-0.85,1.368,3,7,6.0,7,-1.467,1,3,2,3,6.126,0.0,7,0.0,3,6,4,0,7,3,5,4,7,6,0.112,1,7,0,0
5,5,0,2,7,0.328,0,0.237,0.843,1.289,4,0,3.0,7,0.408,1,5,3,3,2.9,0.0,0,0.0,6,5,2,6,5,0,3,4,7,3,2.457,2,7,7,0
2,1,5,2,6,-1.815,1,0.444,1.949,-0.038,0,2,-0.0,1,0.627,1,5,2,4,5.897,0.0,7,0.0,0,6,5,1,1,0,7,5,0,3,1.449,4,6,3,0
1,5,1,6,0,-1.915,2,-0.148,-0.186,0.596,5,4,5.0,6,-1.321,4,2,4,3,-0.691,0.0,5,0.0,3,6,2,7,3,6,1,4,1,2,0.347,7,6,3,0
6,4,3,4,2,-2.539,7,0.845,0.944,0.342,6,4,1.0,0,1.038,6,7,2,4,4.408,0.0,0,0.0,5,1,5,0,3,7,5,3,7,5,1.553,5,6,0,0
7,0,7,0,3,0.322,5,-1.73,-0.955,-0.963,1,3,4.0,2,0.609,4,5,7,6,-0.741,0.0,1,0.0,1,5,6,2,7,5,1,3,7,4,0.072,3,4,0,0
2,6,2,1,5,0.002,1,-1.469,-1.035,1.154,2,1,4.0,6,-0.835,3,2,3,1,-1.517,0.0,4,0.0,0,1,2,1,0,1,4,4,5,3,-1.561,4,5,3,0
6,5,0,4,3,0.887,1,-0.773,-0.731,-0.219,7,1,4.0,1,0.906,7,5,3,2,1.198,0.0,4,0.0,3,5,1,0,6,2,5,3,2,3,-1.574,6,4,7,0
1,0,0,5,0,0.396,1,0.26,0.83,-0.919,2,5,2.0,7,-3.818,2,4,6,7,-0.84,0.0,1,0.0,1,5,7,2,6,0,2,0,5,2,0.787,7,7,0,0
3,5,6,2,5,-2.571,4,-0.312,-0.41,-0.556,3,1,4.0,2,0.999,7,1,7,5,2.589,0.0,6,0.0,2,2,2,5,0,4,2,2,5,7,-0.529,0,3,3,0
1,7,7,5,4,0.708,0,-1.404,-1.901,2.783,5,3,7.0,7,0.814,0,4,6,7,-0.661,0.0,1,176.7,1,2,7,5,4,1,1,3,0,2,-2.308,4,7,4,1
1,6,1,3,0,-0.46,2,-0.248,-0.816,-1.709,5,2,3.0,5,1.791,2,4,0,4,-1.52,0.0,3,0.0,5,2,4,6,5,2,0,7,4,3,-2.098,7,3,6,0
3,1,5,6,4,2.482,5,1.07,1.371,-0.134,6,1,1.0,6,-0.239,5,7,4,5,1.912,0.0,4,0.0,5,3,2,2,0,5,4,2,5,4,3.243,2,7,4,0
2,2,1,6,0,1.615,2,0.148,0.324,-0.493,4,1,2.0,5,-3.447,6,6,6,7,-1.634,0.0,4,0.0,7,1,4,7,7,4,4,3,5,6,-0.969,3,7,0,0
2,1,1,7,6,-1.515,0,-0.367,0.007,0.776,0,3,1.0,7,2.737,7,7,5,0,2.654,0.0,7,0.0,5,5,1,2,7,7,0,2,6,4,-0.564,1,3,7,0
3,0,7,6,6,0.087,2,-1.176,-0.66,-0.627,7,5,5.0,1,0.725,3,5,4,0,-1.699,0.0,0,0.0,7,4,4,5,4,5,7,2,4,1,-0.037,1,1,5,0
4,4,1,4,4,-0.029,6,-0.013,0.683,2.157,0,2,3.0,3,-0.474,0,6,0,3,-1.136,0.0,2,0.0,5,1,4,3,6,5,4,7,2,4,0.828,2,4,7,0
4,6,7,5,6,1.268,0,2.026,1.935,-1.297,7,0,0.0,4,4.073,7,5,5,5,1.374,0.0,0,0.0,7,5,3,2,5,6,4,7,0,7,1.381,2,6,4,0
4,5,2,1,4,0.808,5,-2.848,-1.965,-0.447,3,7,6.0,0,0.667,4,4,2,3,-3.097,0.0,1,0.0,3,2,0,2,3,6,4,2,6,7,-2.834,6,4,0,0
0,7,0,4,2,1.066,4,0.254,-0.062,0.77,4,1,3.0,1,-0.721,1,2,0,1,-3.258,0.0,5,0.0,5,2,3,3,0,7,5,1,0,6,-0.813,3,3,4,0
3,5,2,4,5,-0.018,5,0.471,0.102,-0.335,5,2,3.0,4,-0.711,3,7,0,0,-2.349,0.0,2,0.0,4,0,7,5,1,4,1,2,4,1,-1.853,3,4,5,0
4,3,5,4,1,0.654,3,-0.298,0.133,-0.239,1,6,3.0,1,0.806,0,0,5,1,-0.365,0.0,3,0.0,6,4,7,2,1,3,3,6,1,7,-0.651,5,4,1,0
6,5,5,2,3,1.691,2,0.446,0.121,1.12,4,2,4.0,4,-1.825,2,1,4,3,0.153,0.0,5,0.0,3,7,6,5,6,3,2,0,7,1,-0.597,0,7,6,0
0,2,0,5,0,-0.528,1,-1.418,-1.476,-1.776,6,6,4.0,7,0.493,7,4,0,5,-1.667,0.0,7,0.0,2,5,7,6,4,0,0,1,1,1,0.899,4,0,2,0
7,1,1,5,0,-0.441,5,-0.626,0.099,-0.855,0,5,2.0,1,0.91,4,7,6,4,0.582,0.0,3,0.0,4,1,0,5,7,1,5,4,0,3,1.204,6,1,0,0
1,3,2,1,2,1.189,3,1.145,0.701,-0.173,6,0,3.0,6,0.545,2,5,1,3,-0.516,0.0,2,0.0,2,1,0,4,7,5,1,5,7,6,0.097,1,4,1,0
2,2,4,0,5,-0.591,1,0.228,1.029,0.434,6,6,3.0,7,0.01,2,4,2,4,-0.49,0.0,3,0.0,5,5,5,2,3,4,5,5,6,2,-0.093,2,3,0,0
6,3,3,5,5,-0.741,7,0.202,-0.138,-0.602,3,7,4.0,4,-1.956,5,1,7,7,-2.546,0.0,4,0.0,4,5,6,5,5,6,6,5,5,6,-0.061,7,3,7,0
2,7,3,3,5,-0.057,0,-1.751,-1.441,0.816,5,3,6.0,0,-2.669,2,1,6,2,-4.638,0.0,1,0.0,4,0,5,2,0,6,4,1,7,3,-1.768,4,2,5,0
2,2,5,1,5,1.398,5,-1.43,-0.925,0.113,4,6,5.0,7,-1.918,2,4,1,7,-2.847,0.0,4,0.0,0,4,2,7,4,6,4,0,0,5,-1.598,7,0,6,0
4,0,1,6,4,0.627,2,-0.083,-0.016,-0.016,2,7,3.0,6,0.203,6,7,6,2,-2.787,0.0,3,0.0,1,2,1,2,3,6,4,4,7,0,-0.506,3,3,3,0
6,0,6,0,5,-0.137,6,1.958,0.216,0.61,4,5,1.0,7,1.443,7,1,3,0,1.89,0.0,0,0.0,0,0,4,4,3,1,1,7,0,6,1.768,6,6,1,0
6,0,4,5,0,1.132,2,0.277,-0.567,-0.329,5,6,4.0,6,-2.881,1,7,5,0,-1.971,0.0,2,0.0,2,2,6,2,2,5,5,2,4,1,-1.686,1,4,3,0
5,7,7,3,5,-0.198,2,0.187,-0.018,-1.884,7,1,2.0,7,1.598,4,2,2,3,0.004,0.0,5,0.0,0,1,2,2,3,4,2,6,4,7,-0.386,6,2,5,0
2,6,4,4,4,0.297,1,0.684,-0.119,2.548,6,3,4.0,1,-2.343,2,0,0,7,1.184,0.0,7,0.0,6,1,1,5,4,0,4,6,6,5,0.017,7,0,6,0
6,2,4,2,1,-0.963,3,1.255,0.544,-1.704,3,6,3.0,5,-0.329,1,5,4,7,-0.947,0.0,0,0.0,4,7,0,2,5,4,1,6,1,5,-0.774,5,6,6,0
5,7,1,6,6,0.842,1,0.391,-0.078,0.431,1,0,4.0,4,1.166,4,3,1,7,-1.327,0.0,1,0.0,6,3,7,7,3,3,1,1,3,7,-0.054,2,5,7,0
3,6,1,5,5,0.699,0,-0.808,-0.125,0.371,5,2,3.0,1,-1.738,3,5,2,4,-1.009,0.0,3,0.0,4,7,6,7,0,2,6,2,0,5,-0.056,4,5,0,0
7,6,0,7,5,0.092,2,-0.823,-0.434,0.192,6,1,5.0,2,-1.213,0,2,4,4,-1.679,0.0,4,0.0,0,6,4,1,7,2,4,7,0,4,0.909,3,5,5,0
1,5,5,1,5,-0.195,6,-0.576,-0.14,0.75,2,1,3.0,7,-1.504,7,2,3,1,-3.356,0.0,5,0.0,2,1,5,6,7,6,6,1,7,3,-1.271,5,4,1,0
5,2,0,1,2,0.077,2,0.486,-0.276,1.06,0,1,5.0,6,-1.38,2,5,1,6,0.952,0.0,7,0.0,4,1,1,6,2,0,2,1,3,1,-1.279,4,7,2,0
5,2,0,1,7,1.108,1,0.522,0.681,-1.09,4,4,2.0,2,-2.402,2,6,5,1,-0.406,0.0,6,0.0,6,2,4,3,6,7,1,2,3,4,0.848,3,7,3,0
0,4,4,3,5,-0.954,3,0.473,0.927,-0.662,3,0,3.0,0,1.336,7,5,3,3,-2.54,0.0,0,0.0,6,6,3,7,0,6,6,1,3,4,0.507,4,3,7,0
4,2,4,5,5,0.943,5,0.37,-0.007,-0.044,0,1,3.0,4,-0.015,2,6,2,2,1.147,0.0,5,0.0,0,6,4,7,0,7,7,5,7,6,-0.423,1,2,5,0
6,4,0,2,6,-0.522,6,-0.62,-1.814,-1.858,0,3,5.0,2,-0.556,2,5,0,2,-5.711,0.0,1,0.0,0,3,4,5,1,0,2,6,5,0,-0.435,2,2,3,0
0,6,4,3,1,0.34,3,0.974,1.281,1.09,4,5,2.0,6,-1.542,4,0,7,1,1.618,0.0,5,0.0,6,5,4,0,2,6,0,0,5,0,0.97,4,0,1,0
6,3,5,4,7,-0.121,3,-0.942,-1.206,1.201,2,5,7.0,3,-4.118,1,0,0,0,1.508,0.0,6,364.06,2,5,1,4,7,3,5,7,4,2,-0.781,2,1,6,1
5,0,1,6,0,2.132,6,0.684,0.351,-0.63,5,4,2.0,4,0.274,2,4,6,5,1.897,0.0,2,0.0,2,7,6,6,1,1,4,6,1,6,0.863,2,1,5,0
2,6,0,1,3,-2.231,6,-0.434,-0.652,0.585,1,3,3.0,4,1.17,6,4,0,1,0.029,0.0,0,0.0,1,7,3,3,7,4,5,4,3,2,0.145,2,3,2,0
3,1,1,0,6,-0.815,3,-1.096,-0.839,0.329,5,5,5.0,0,0.561,4,1,4,6,-2.289,0.0,1,0.0,6,4,1,2,0,2,2,3,0,4,0.845,1,6,1,0
6,6,0,0,6,0.573,3,-0.163,0.187,-0.691,4,0,3.0,0,0.761,7,4,6,2,1.256,0.0,2,0.0,0,4,6,1,7,1,6,2,3,4,-0.437,3,1,7,0
2,1,7,4,1,0.918,2,-0.735,-0.367,-1.031,2,0,3.0,4,1.114,1,6,6,4,-0.897,0.0,0,0.0,4,2,3,1,2,0,3,0,3,5,0.576,4,1,3,0
5,0,2,3,1,-0.336,2,-0.228,-0.316,-1.349,4,0,2.0,1,-1.321,7,6,7,2,3.404,0.0,2,0.0,1,2,5,1,3,1,6,3,6,4,-1.363,3,2,1,0
3,0,4,5,0,0.234,2,-0.098,0.989,-0.937,4,3,2.0,6,-0.386,5,5,1,0,1.358,0.0,1,0.0,2,0,7,7,3,7,0,0,1,1,1.388,5,0,0,0
5,5,1,6,6,-1.129,0,-0.446,-0.253,0.21,5,1,3.0,6,1.058,5,7,2,6,2.059,0.0,2,0.0,1,3,3,1,5,3,3,3,7,1,0.202,0,4,3,0
6,7,7,2,4,0.367,5,2.947,1.775,0.549,0,3,1.0,5,1.022,0,2,1,2,0.538,0.0,6,0.0,1,7,6,3,1,2,3,7,7,4,3.141,0,3,1,0
0,7,3,6,6,-0.112,7,1.928,1.878,-0.447,5,4,0.0,4,0.222,6,0,3,6,0.319,0.0,2,0.0,5,6,5,4,0,7,3,3,2,4,0.977,4,1,6,0
0,0,0,6,0,-0.464,7,-0.972,-1.431,1.155,1,2,4.0,1,-1.375,6,0,5,2,-7.082,0.0,7,0.0,4,3,1,2,3,5,7,5,3,5,-1.94,3,6,6,0
0,0,4,4,0,1.973,7,-0.167,0.191,1.967,3,0,3.0,7,2.435,7,2,7,6,0.658,0.0,6,0.0,3,3,4,5,0,7,5,0,1,5,1.449,1,4,7,0
5,3,7,5,7,0.151,5,-0.111,0.019,-0.034,6,1,2.0,0,0.548,2,1,3,3,1.947,0.0,3,0.0,3,5,5,3,2,6,2,7,5,5,0.794,0,7,3,0
6,3,2,5,5,1.081,1,-0.847,-0.785,1.216,2,2,3.0,2,-0.12,4,0,4,4,-1.57,0.0,2,0.0,1,4,3,1,1,0,1,3,3,5,-1.265,7,3,1,0
4,7,2,3,3,-0.83,6,2.047,0.157,-0.158,3,5,3.0,1,1.7,3,2,3,1,3.417,0.0,4,0.0,0,3,3,7,4,7,5,6,6,2,1.194,5,4,7,0
6,2,0,6,4,-2.242,7,-0.507,-1.015,-0.502,7,3,5.0,3,-3.404,4,7,6,7,-0.068,0.0,2,0.0,1,4,3,7,6,6,0,2,4,3,-1.957,2,3,4,0
0,2,6,3,6,0.021,6,0.7,0.848,-0.46,1,1,1.0,5,3.587,1,1,0,1,1.242,0.0,1,0.0,6,4,2,2,6,5,4,1,6,4,3.011,7,5,4,0
3,0,6,5,2,0.443,2,0.872,0.471,-0.569,4,7,1.0,4,1.033,0,1,6,2,-1.706,0.0,5,0.0,4,0,2,1,7,7,0,6,3,6,2.417,5,1,6,0
5,1,4,4,0,1.898,7,-1.188,-1.094,2.772,0,5,6.0,0,1.787,6,2,3,1,-2.229,0.0,5,0.0,4,3,1,3,3,0,2,3,5,0,0.398,6,1,5,0
5,5,3,0,3,0.986,0,1.716,1.636,-0.754,3,6,-0.0,2,3.546,7,5,6,6,3.377,0.0,6,0.0,5,0,4,0,6,7,5,6,3,0,1.88,5,2,2,0
4,7,3,3,3,-0.192,0,0.396,1.261,0.521,2,5,2.0,1,4.72,3,4,5,4,-0.441,0.0,5,0.0,0,0,0,7,3,6,6,6,2,3,1.256,0,6,6,0
0,5,2,5,6,1.519,7,-0.007,-0.113,1.252,3,7,3.0,0,3.704,5,4,6,2,0.176,0.0,6,0.0,6,5,3,7,6,5,2,1,0,2,-0.418,6,7,4,0
1,4,3,5,5,0.439,5,-0.43,-0.686,2.272,7,1,5.0,2,1.904,7,3,1,2,-1.918,0.0,4,0.0,2,0,1,4,1,4,7,7,1,6,-0.095,3,1,1,0
4,5,7,2,2,1.161,4,1.768,0.765,0.54,5,0,1.0,6,3.162,0,3,5,4,1.199,0.0,6,0.0,4,6,0,5,7,4,1,7,1,5,1.298,3,2,1,0
4,7,6,3,0,-0.626,0,0.958,0.374,0.524,2,6,3.0,7,-3.123,1,1,1,1,-3.235,0.0,1,0.0,5,1,5,1,4,5,0,0,3,4,-0.527,7,2,5,0
1,0,2,2,2,-0.065,3,-1.072,-0.996,-0.257,3,5,5.0,7,-1.496,0,5,4,3,3.908,0.0,5,0.0,1,7,3,4,3,1,2,1,2,2,-3.927,2,7,3,0
4,7,4,2,7,0.132,3,-2.348,-1.061,1.086,0,1,4.0,4,-2.387,5,7,1,5,-2.832,0.0,1,0.0,6,7,2,5,1,0,6,1,4,7,-1.58,6,5,5,0
2,0,4,0,7,1.702,4,-0.349,0.094,0.17,6,7,4.0,3,1.411,3,7,3,7,-6.028,0.0,6,0.0,4,1,0,7,3,6,5,1,1,1,0.295,0,3,6,0
4,5,7,1,0,0.154,3,-1.097,-1.233,0.583,7,5,4.0,5,-2.608,2,2,7,7,1.451,0.0,4,0.0,6,7,6,7,2,5,0,7,2,4,-2.661,5,6,4,0
2,3,4,2,0,0.095,6,-0.199,-0.329,-1.592,5,7,5.0,4,0.628,4,1,7,6,-4.976,0.0,4,0.0,7,2,2,4,2,4,5,6,0,7,1.147,6,7,3,0
5,7,3,2,7,-1.759,4,0.229,-0.401,-0.097,2,7,4.0,1,-0.968,4,0,1,2,-4.178,0.0,4,0.0,0,2,3,3,1,5,1,1,6,7,0.156,0,6,3,0
4,7,2,3,4,-1.295,1,-0.049,-0.078,0.246,7,0,5.0,0,-2.68,3,1,1,3,-1.714,0.0,1,0.0,0,6,1,2,2,1,4,4,1,5,-0.382,0,7,2,0
3,3,3,7,2,1.139,1,-1.173,-0.908,0.372,5,7,5.0,3,-3.367,6,7,4,6,2.471,0.0,7,0.0,1,6,5,6,2,3,6,6,7,0,0.425,2,3,4,0
5,1,6,6,7,-1.449,3,-0.068,-0.069,0.823,4,7,4.0,5,1.164,7,1,4,3,-0.6,0.0,1,0.0,0,4,6,3,0,6,3,3,7,0,-1.432,3,4,3,0
1,3,1,2,3,-2.569,3,-1.334,-0.709,0.937,3,7,3.0,3,-3.09,1,1,0,2,-5.201,0.0,1,0.0,0,2,4,7,7,4,2,6,4,3,0.708,4,5,6,0
7,2,4,3,7,1.48,0,-0.234,-0.05,0.493,5,1,2.0,1,1.381,6,3,1,2,-2.739,0.0,7,0.0,5,1,7,3,5,7,4,0,5,0,2.431,7,3,5,0
5,0,4,1,2,1.605,6,1.267,0.173,-0.472,3,4,3.0,0,0.087,5,3,7,1,-2.608,0.0,0,0.0,5,1,1,4,6,7,1,7,5,7,-0.878,0,0,1,0
3,5,3,3,0,-0.27,6,-2.584,-1.249,0.688,4,7,4.0,4,-2.195,3,5,3,5,1.146,0.0,1,0.0,4,2,2,5,4,0,3,3,3,7,-2.019,1,6,6,0
1,1,0,6,3,1.344,7,-0.481,-0.359,2.479,0,1,3.0,0,-1.623,4,3,4,3,-1.523,0.0,3,0.0,6,7,3,7,5,5,2,5,6,1,-2.363,4,7,3,0
2,0,3,6,0,-1.121,4,0.644,1.254,-0.443,2,2,1.0,6,2.019,0,0,3,6,3.018,0.0,3,0.0,1,5,3,3,7,7,0,3,7,6,1.314,2,2,5,0
2,0,1,5,2,0.883,0,-1.638,-1.689,-0.105,0,2,5.0,4,-0.683,1,4,2,7,-2.512,0.0,4,0.0,7,4,1,0,2,0,7,7,1,1,-0.457,2,7,3,0
6,7,4,1,6,0.669,0,-1.75,-2.02,-0.865,2,5,6.0,1,-1.09,6,0,6,2,-2.735,0.0,1,0.0,5,6,3,0,3,4,5,7,6,0,-0.836,7,5,7,0
4,2,0,2,7,0.605,7,0.098,-0.385,1.425,1,2,5.0,0,-2.939,5,6,6,7,2.56,0.0,5,0.0,6,0,5,3,1,5,2,4,5,3,0.272,6,3,1,0
3,0,5,1,3,1.068,1,1.099,0.711,1.384,3,6,3.0,1,-0.834,1,4,2,2,2.578,0.0,0,0.0,5,0,6,1,7,7,0,2,4,3,-1.314,7,2,0,0
7,6,7,1,0,1.487,2,0.877,1.274,-1.796,0,3,1.0,3,1.467,1,0,6,1,3.033,0.0,5,0.0,1,5,2,1,7,1,3,6,5,5,0.128,3,5,3,0
7,0,4,1,4,-2.154,5,-1.039,-0.311,0.604,5,0,5.0,7,-0.683,5,2,6,5,0.451,0.0,0,0.0,6,1,5,1,0,0,2,3,7,5,-0.381,7,2,5,0
6,4,2,7,6,-0.586,7,-2.251,-0.311,0.764,4,3,4.0,7,-2.083,1,6,7,6,-2.754,0.0,0,0.0,3,6,1,1,7,6,7,1,5,6,-2.886,7,4,3,0
2,4,5,5,1,0.771,5,-1.146,-0.78,0.027,6,4,4.0,4,-1.657,0,2,1,1,-2.287,0.0,3,0.0,3,6,5,7,4,0,1,7,7,7,-1.144,6,1,4,0
6,1,1,0,5,0.404,3,1.864,2.174,0.44,7,6,0.0,4,3.008,4,4,0,6,1.07,0.0,1,0.0,0,0,5,1,2,6,1,7,3,2,1.69,4,6,3,0
3,1,7,2,4,-0.385,2,-0.036,0.089,0.071,0,4,2.0,2,2.247,6,3,3,7,1.917,0.0,3,0.0,1,7,1,4,4,7,1,4,1,6,-0.808,4,1,5,0
7,6,0,6,2,0.348,5,-0.418,0.111,0.072,6,4,4.0,6,0.409,4,2,6,6,-1.148,0.0,6,0.0,6,6,4,3,6,2,0,2,3,2,-0.524,5,5,4,0
5,0,3,0,7,0.013,6,-0.405,-0.364,0.194,6,0,4.0,7,0.212,7,5,2,1,1.059,0.0,6,0.0,4,4,0,0,6,6,6,4,0,5,-0.203,3,0,6,0
1,4,0,4,1,-0.272,1,-0.637,-0.891,-0.082,0,5,3.0,4,-5.292,4,5,4,2,-0.988,0.0,7,0.0,1,4,4,5,1,5,5,5,1,7,-1.215,4,4,7,0
1,0,0,1,3,-1.123,7,-0.738,-0.469,0.852,3,7,5.0,2,-1.177,1,3,0,6,-0.908,0.0,2,0.0,4,2,1,7,2,3,2,7,7,4,1.735,6,2,3,0
2,2,5,3,0,1.611,3,-0.741,-1.88,-0.378,7,1,6.0,1,-2.379,2,7,5,1,-4.716,0.0,5,0.0,0,2,7,6,5,3,7,6,0,4,-2.045,5,6,0,0
6,2,3,5,1,-0.996,1,-0.771,-0.095,-0.125,5,5,3.0,6,-2.657,6,4,2,3,0.65,0.0,1,0.0,1,5,7,6,3,2,4,1,0,1,-1.38,3,6,7,0
1,5,4,0,1,1.156,3,1.241,1.131,-1.322,6,4,2.0,6,3.359,6,1,5,0,3.443,0.0,1,0.0,4,3,2,0,1,7,0,7,1,0,2.452,6,2,3,0
3,5,3,3,4,0.252,0,0.651,1.321,-0.035,5,4,2.0,7,0.732,2,2,3,7,-0.977,0.0,2,0.0,6,7,3,2,5,7,1,7,0,3,3.8,3,3,1,0
7,4,4,4,2,0.732,6,-0.463,-0.36,-0.492,4,2,3.0,6,-1.936,6,6,6,7,0.093,0.0,1,0.0,6,2,6,5,5,1,4,7,2,4,0.653,5,7,6,0
6,6,3,7,4,0.184,3,-0.932,-1.382,-0.627,6,3,5.0,5,0.494,4,3,6,5,1.801,0.0,3,0.0,1,0,3,7,1,6,1,4,3,6,0.637,4,3,7,0
3,1,3,6,0,0.537,5,-2.744,-3.665,1.646,5,1,8.0,1,-5.021,3,4,3,4,-2.245,0.0,7,0.0,1,4,6,4,3,7,1,5,0,2,-2.803,1,4,7,1
5,5,4,0,4,0.687,3,0.583,-0.031,1.123,1,3,5.0,2,-1.586,4,3,7,4,-0.499,0.0,1,0.0,2,1,0,5,1,0,4,3,4,1,-1.037,4,7,3,0
6,7,7,3,5,1.188,5,-1.67,-1.245,-1.556,0,4,5.0,3,-1.078,2,3,2,2,-2.533,0.0,0,0.0,7,0,0,3,5,3,1,3,2,1,-1.119,2,5,4,0
5,6,6,2,2,0.121,5,0.289,-0.649,0.25,3,7,4.0,3,0.135,5,6,2,2,2.154,0.0,3,0.0,0,1,1,5,7,0,0,2,7,5,-0.388,2,1,7,0
7,0,7,4,0,1.35,6,-0.21,-0.667,-0.051,1,7,5.0,6,-4.014,1,0,5,7,-0.973,0.0,2,0.0,5,2,7,6,5,1,4,1,7,6,-0.373,7,2,1,0
7,5,2,4,1,-0.363,5,1.321,0.346,0.002,7,5,2.0,2,0.936,2,2,3,4,2.085,0.0,0,0.0,1,6,0,6,1,7,7,0,4,1,-0.528,2,0,1,0
2,2,1,0,1,1.077,0,-0.474,-0.27,-0.332,2,4,5.0,3,-1.861,2,2,1,4,-1.565,0.0,0,0.0,6,0,2,1,3,5,2,3,0,2,-1.174,7,1,3,0
4,5,5,4,1,1.548,1,2.678,2.041,0.914,2,6,0.0,7,1.563,2,2,4,6,0.873,0.0,0,0.0,1,2,6,0,6,0,5,4,6,1,-0.173,0,5,2,0
3,1,0,6,1,0.511,0,1.631,1.426,0.04,0,2,2.0,4,0.77,6,5,0,6,4.847,0.0,3,0.0,5,6,2,3,2,0,7,0,3,6,3.779,3,1,3,0
7,6,7,7,3,1.211,1,1.113,1.147,0.644,6,0,2.0,2,1.62,4,1,2,2,1.538,0.0,6,0.0,5,4,7,1,3,7,7,5,7,3,-0.279,1,0,7,0
1,3,4,1,7,-0.423,7,-1.028,-1.291,-1.679,0,4,4.0,5,-2.134,5,3,1,1,-2.828,0.0,0,0.0,1,2,6,3,5,5,7,0,4,1,2.088,7,6,1,0
1,0,5,5,6,0.439,1,0.133,0.829,1.115,0,7,1.0,1,2.166,0,4,7,3,-1.453,0.0,4,0.0,5,0,5,0,3,0,2,0,1,1,0.174,1,6,3,0
0,4,3,3,1,0.005,1,-0.928,-0.61,-0.385,5,3,3.0,6,2.848,5,3,3,6,0.062,0.0,6,0.0,2,3,1,1,6,4,5,1,0,4,-2.034,1,6,1,0
2,3,7,1,4,-1.527,7,0.421,0.49,1.072,6,2,3.0,1,0.174,7,6,1,7,2.844,0.0,1,0.0,6,5,3,2,6,6,5,2,1,1,1.487,4,2,1,0
1,7,2,1,5,0.048,4,0.346,0.602,-1.36,0,4,3.0,3,-0.762,4,5,2,6,0.74,0.0,1,0.0,0,0,1,5,2,4,7,2,6,6,0.156,0,1,6,0
4,7,7,7,2,-0.998,2,-0.529,0.576,-0.091,1,1,2.0,7,1.745,3,5,3,3,1.145,0.0,5,0.0,4,0,5,0,5,3,2,4,4,0,2.371,4,0,4,0
4,7,4,5,2,-1.117,4,-1.423,-1.258,-0.869,4,5,5.0,5,-4.14,4,3,7,2,-4.641,0.0,3,0.0,3,3,3,4,0,7,4,2,1,4,-0.678,3,2,7,0
4,6,4,7,6,-1.184,0,0.248,0.22,-1.617,2,3,3.0,1,1.594,6,3,4,3,-0.949,0.0,3,0.0,2,6,7,3,6,0,4,4,5,5,0.822,3,1,7,0
0,7,0,2,2,0.481,6,-0.643,-0.09,-0.156,7,4,4.0,6,0.429,1,1,7,6,1.116,0.0,6,0.0,7,6,1,5,7,7,7,2,5,7,-0.589,0,7,7,0
4,6,2,1,4,-0.691,5,-0.911,-0.022,-0.596,0,6,4.0,2,-2.703,6,6,5,6,1.647,0.0,1,0.0,6,4,6,2,4,6,0,4,1,5,-1.161,6,0,6,0
4,7,6,7,6,0.587,1,-0.803,-0.735,-2.836,3,4,2.0,5,-1.928,5,0,4,7,0.307,0.0,6,0.0,4,7,2,7,6,0,2,1,0,3,0.501,3,2,5,0
7,4,2,2,4,-0.633,5,0.134,0.162,0.356,5,4,5.0,3,0.634,2,1,4,1,0.4,0.0,0,0.0,7,6,2,4,5,6,3,1,4,4,-0.011,5,3,5,0
6,5,6,0,4,-1.017,2,1.466,1.122,-0.765,2,3,3.0,0,1.954,6,1,0,3,4.689,0.0,6,0.0,6,3,3,7,3,2,6,7,7,4,-0.5,4,1,5,0
6,6,3,1,1,-1.07,4,-1.019,-1.029,-0.475,4,3,5.0,5,1.637,4,2,4,4,3.385,0.0,5,0.0,3,7,2,0,7,4,3,6,2,4,-0.258,5,6,1,0
1,6,7,7,4,0.622,5,1.514,1.794,0.775,6,5,0.0,6,1.633,6,3,7,3,0.172,0.0,4,0.0,2,3,7,4,5,1,7,4,3,1,2.995,5,0,5,0
1,4,2,7,0,0.104,6,-0.21,0.58,0.547,3,7,3.0,3,2.073,1,7,2,7,1.163,0.0,7,0.0,5,3,5,0,2,7,3,0,6,6,1.198,4,4,1,0
5,7,0,7,3,-1.393,3,1.266,0.792,-1.524,1,2,2.0,4,1.692,3,0,0,7,3.917,0.0,6,0.0,7,4,4,5,6,1,0,0,4,7,1.635,2,4,5,0
3,2,3,1,6,-0.64,5,1.242,0.723,0.776,3,1,3.0,7,-0.366,5,6,5,4,0.428,0.0,4,0.0,0,3,0,2,1,0,1,1,1,7,1.555,3,6,5,0
0,0,1,0,5,-1.093,6,-0.148,-0.365,-1.054,0,0,1.0,5,-0.304,7,6,0,5,-1.574,0.0,5,0.0,6,0,5,4,6,2,3,7,4,6,-0.814,7,1,5,0
0,1,5,2,7,1.806,7,1.162,1.151,-0.777,2,3,0.0,1,0.809,0,2,3,1,4.386,0.0,3,0.0,6,3,2,2,6,1,3,7,0,2,-0.091,6,5,2,0
7,1,6,7,6,0.216,0,-0.126,-0.15,0.067,7,0,4.0,7,0.624,2,7,5,0,0.724,0.0,2,0.0,1,6,4,2,4,2,2,2,2,0,-0.267,7,3,1,0
1,3,6,0,4,2.386,4,1.133,1.058,0.195,7,2,2.0,1,0.664,5,1,3,4,-0.118,0.0,2,0.0,2,6,2,7,5,1,4,3,5,6,2.357,1,6,1,0
3,1,4,3,3,0.244,1,0.917,0.801,1.252,4,1,2.0,6,-2.925,7,2,6,4,-0.733,0.0,2,0.0,5,0,3,1,5,6,6,5,6,3,1.757,7,1,3,0
2,0,3,7,1,-0.732,3,0.921,1.124,0.375,4,7,3.0,7,2.029,2,3,3,6,-1.229,0.0,0,0.0,6,4,4,3,3,0,0,7,6,4,1.038,3,2,2,0
2,7,2,6,5,-0.287,3,1.435,1.186,1.031,0,7,3.0,1,1.118,5,1,2,0,0.571,0.0,2,0.0,5,0,4,6,0,5,2,6,2,2,1.773,1,0,4,0
6,5,5,4,6,0.196,7,-1.05,0.174,0.357,0,2,4.0,6,-1.252,2,6,0,0,0.323,0.0,3,0.0,7,1,1,1,7,3,3,3,1,1,1.588,4,0,7,0
2,3,1,4,1,-1.318,4,-0.926,-0.411,-0.863,0,0,3.0,0,0.365,6,2,4,5,-3.144,0.0,4,0.0,7,7,7,4,3,3,0,6,1,6,-0.39,2,3,5,0
2,2,2,1,6,0.078,1,-0.231,-0.124,-0.911,7,7,4.0,3,-0.549,2,0,4,7,-2.755,0.0,7,0.0,0,4,0,4,6,1,3,3,0,6,-0.606,4,4,4,0
2,2,0,3,4,-0.4,7,-1.413,-0.314,1.128,7,4,4.0,1,-0.872,4,5,5,5,-5.949,0.0,7,0.0,2,1,1,7,5,5,7,0,2,7,0.167,5,5,4,0
1,3,4,3,3,-1.027,6,-0.151,0.17,-0.448,4,0,4.0,1,1.891,4,2,3,0,-3.149,0.0,5,0.0,0,6,2,3,0,7,4,7,3,5,1.959,2,5,7,0
6,1,4,1,4,1.28,1,-2.771,-1.231,-0.262,2,1,4.0,1,0.167,6,4,2,2,0.789,0.0,3,0.0,3,5,4,4,0,4,0,0,7,2,-1.203,7,4,6,0
7,3,3,4,5,0.52,6,0.538,0.765,0.441,6,1,2.0,3,0.154,0,1,7,2,1.13,0.0,2,0.0,1,7,6,4,2,6,0,6,3,5,-0.244,1,3,6,0
4,4,2,3,3,0.632,0,0.514,0.163,2.221,1,7,3.0,0,1.511,1,5,6,7,-2.199,0.0,5,0.0,7,6,4,7,4,5,1,2,7,5,2.318,4,1,7,0
7,3,7,4,2,-1.535,6,-0.651,-1.001,-0.127,7,7,4.0,3,1.043,1,4,5,6,-0.475,0.0,7,0.0,6,1,0,2,4,7,6,1,3,4,-1.038,3,4,7,0
7,4,0,7,2,-0.448,6,0.166,-0.204,-0.581,1,5,4.0,3,1.021,3,7,0,7,-2.103,0.0,7,0.0,7,4,1,3,5,1,1,6,0,4,-0.545,4,3,4,0
6,2,7,2,5,-2.731,6,-0.69,-1.326,-0.026,3,4,4.0,6,-0.239,7,1,5,7,-2.637,0.0,4,0.0,0,6,2,2,6,3,1,4,5,2,-0.705,7,4,7,0
2,5,2,2,0,-0.195,1,0.682,0.327,0.842,5,2,2.0,2,-0.042,4,6,4,3,3.473,0.0,7,0.0,2,4,6,2,2,2,7,6,5,4,0.867,2,6,4,0
4,1,0,1,6,0.984,7,2.529,2.413,-1.368,2,6,0.0,7,3.665,4,4,2,2,4.263,0.0,4,0.0,0,7,1,2,4,5,3,5,1,2,0.468,2,0,0,0
4,2,4,6,6,1.159,2,1.347,0.423,-0.775,5,7,2.0,5,-0.493,2,5,6,3,2.863,0.0,1,0.0,2,6,2,6,3,3,0,2,4,0,0.821,5,2,6,0
1,0,1,6,6,0.007,4,-1.291,-1.224,-1.12,7,6,5.0,0,-2.836,6,7,1,3,0.304,0.0,1,0.0,1,4,3,6,4,6,7,6,2,6,-2.547,6,4,0,0
6,5,4,3,2,-0.306,3,1.369,0.806,-0.989,1,0,3.0,1,1.936,6,4,0,4,1.773,0.0,2,0.0,3,1,1,3,0,5,4,0,3,6,0.889,0,1,7,0
1,2,2,6,6,0.871,5,-1.837,-1.235,-0.805,5,0,5.0,1,-0.83,7,6,4,6,1.11,0.0,6,0.0,5,3,1,4,2,2,5,5,3,6,1.28,3,4,7,0
4,0,4,4,5,0.836,5,-0.826,-0.927,0.95,5,3,5.0,1,-0.119,4,4,1,2,-0.445,0.0,4,0.0,5,3,1,2,1,0,4,1,7,5,0.192,6,7,2,0
5,2,0,6,1,1.354,5,0.012,0.008,0.129,2,7,3.0,6,-0.246,6,6,6,4,0.868,0.0,4,0.0,0,0,5,5,5,7,5,1,0,1,-0.732,7,0,7,0
0,4,6,7,1,-2.225,6,-0.261,-0.899,2.047,3,4,3.0,6,-3.132,0,5,5,1,-1.038,0.0,7,0.0,1,4,7,0,1,4,7,7,0,5,-0.792,5,3,5,0
6,6,2,1,3,0.319,0,-1.052,-1.208,-0.535,0,7,4.0,2,0.97,3,3,2,7,0.347,0.0,5,0.0,3,1,4,4,4,1,7,0,3,3,0.156,5,2,0,0
1,5,4,2,5,1.018,5,-0.616,-0.87,0.831,5,5,4.0,2,0.055,5,5,4,0,1.64,0.0,3,0.0,6,1,4,7,3,2,5,6,0,7,0.34,5,3,5,0
5,7,0,4,0,-1.248,6,-0.436,-1.379,1.441,2,2,5.0,5,-1.001,7,4,1,7,-3.965,0.0,6,0.0,4,7,2,1,0,7,0,2,4,4,-2.584,1,4,7,0
0,2,5,0,0,-0.615,5,1.616,1.477,0.448,4,4,2.0,4,1.611,5,0,2,7,-2.247,0.0,3,0.0,4,4,0,3,4,7,3,0,4,7,2.397,6,1,4,0
2,1,7,5,1,1.448,0,-2.409,-2.107,-1.659,7,5,4.0,6,-3.473,0,2,3,2,-2.141,0.0,5,0.0,5,2,1,3,3,4,2,6,5,4,-3.909,6,1,1,0
0,4,7,5,7,-1.046,7,0.638,0.712,0.071,3,4,2.0,3,1.076,6,6,5,1,-0.712,0.0,3,0.0,7,2,0,2,1,3,4,0,1,4,0.933,5,4,7,0
1,2,1,1,3,2.088,4,-0.621,-0.824,-1.13,3,4,4.0,7,-0.587,2,1,0,4,1.747,0.0,2,0.0,5,5,0,1,0,1,0,5,1,0,0.582,1,5,3,0
7,3,3,0,7,-0.989,0,0.11,-0.033,1.427,3,4,5.0,6,0.909,3,4,7,0,0.323,0.0,4,0.0,7,0,4,6,7,7,5,0,4,7,-0.44,1,3,0,0
1,1,6,6,2,-1.919,5,0.92,1.288,0.355,6,5,4.0,5,1.224,2,6,7,4,0.511,0.0,2,0.0,6,5,7,5,3,7,5,4,5,1,1.7,0,1,4,0
7,0,4,6,3,0.372,5,-1.166,-1.626,1.096,0,2,5.0,4,-0.982,6,5,0,5,0.849,0.0,0,0.0,3,1,1,3,1,5,1,6,0,2,-0.622,7,3,4,0
6,7,0,4,4,-0.021,6,-1.546,-1.037,-0.802,5,4,4.0,0,-1.829,3,3,3,5,1.942,0.0,4,0.0,3,5,7,7,3,4,7,2,6,2,-1.461,4,6,7,0
3,5,7,4,5,1.517,6,0.658,0.832,-0.377,4,4,4.0,1,-0.671,4,5,6,4,1.404,0.0,1,0.0,7,6,1,5,0,3,5,6,2,1,-0.083,0,1,2,0
5,0,6,1,0,1.657,4,-2.846,-2.987,1.235,6,6,7.0,5,-3.181,4,2,1,1,-4.893,0.0,1,466.7,7,5,6,1,5,1,0,7,7,4,-0.762,2,6,5,1
3,3,4,1,6,0.642,5,0.741,0.578,-0.201,5,1,4.0,6,1.898,7,2,0,2,0.916,0.0,2,0.0,7,7,3,5,0,6,3,2,7,6,-2.102,7,2,7,0
0,3,7,2,7,-0.524,4,2.063,1.177,-0.847,2,0,3.0,6,3.035,6,7,6,4,1.008,0.0,1,0.0,2,6,3,7,1,1,5,0,1,1,0.972,0,5,5,0
7,5,3,5,2,0.664,5,0.489,-0.576,-0.045,2,2,5.0,7,-2.033,1,1,3,1,-2.337,0.0,7,0.0,0,3,7,1,5,5,3,1,2,5,-1.211,7,5,3,0
5,7,3,0,2,-0.13,4,0.568,0.355,1.437,3,2,4.0,0,-1.167,3,1,4,4,-1.082,0.0,0,0.0,3,1,4,6,4,3,3,1,7,2,0.535,3,2,0,0
2,0,0,3,4,-0.272,0,-1.385,-0.617,0.713,6,3,4.0,6,-1.46,4,4,5,6,-0.184,0.0,6,0.0,3,6,7,4,5,2,7,3,6,4,-1.215,5,1,7,0
7,2,0,2,3,-1.776,1,-0.532,-1.159,0.758,6,3,4.0,1,-1.023,4,4,7,4,0.228,0.0,3,0.0,4,2,6,4,7,2,6,0,3,2,-0.97,2,4,0,0
4,2,0,4,4,-0.649,2,2.82,2.317,1.891,3,1,0.0,3,0.855,4,6,4,3,0.843,0.0,5,0.0,2,4,5,4,5,5,5,1,4,1,1.935,2,4,7,0
1,6,1,4,7,-0.927,0,0.086,0.847,1.227,6,4,1.0,6,-0.996,4,6,6,3,1.996,0.0,1,0.0,2,7,0,0,4,7,0,1,4,1,2.171,0,3,3,0
0,3,5,6,2,-1.764,6,0.817,1.153,0.136,4,4,2.0,2,0.934,0,0,5,4,5.115,0.0,1,0.0,2,3,5,3,4,4,5,7,2,1,3.719,1,5,1,0
0,0,5,2,1,0.66,7,0.602,0.714,-2.338,2,5,2.0,3,-1.06,0,6,1,5,-2.573,0.0,0,0.0,2,7,1,0,1,1,1,1,6,7,1.629,1,7,1,0
2,4,5,7,0,1.529,7,-0.171,0.34,0.525,7,5,2.0,1,4.492,6,1,4,4,2.331,0.0,0,0.0,7,4,7,5,5,6,0,6,0,0,0.386,5,7,1,0
4,1,2,6,5,-2.379,3,-1.273,-0.096,-0.049,7,0,4.0,7,-0.737,5,1,0,7,0.825,0.0,5,0.0,1,4,5,6,7,5,0,6,0,5,0.067,6,3,7,0
7,5,5,1,0,0.399,4,0.351,0.83,1.16,7,1,1.0,6,0.679,0,0,5,0,-3.352,0.0,7,0.0,7,2,1,3,0,6,4,7,5,3,1.56,6,0,7,0
2,0,4,7,5,0.736,7,-2.06,-2.091,1.007,1,2,7.0,2,-3.254,7,5,4,1,-4.451,0.0,0,175.75,7,6,5,4,3,7,0,7,6,5,-1.581,4,2,3,1
6,6,6,2,0,0.298,6,1.045,1.165,0.018,3,0,2.0,0,1.655,7,1,7,7,0.591,0.0,7,0.0,1,0,7,7,0,2,2,7,1,4,0.873,4,7,0,0
4,6,3,5,2,0.103,0,1.466,1.128,1.655,0,3,1.0,1,0.781,4,7,4,4,0.872,0.0,6,0.0,5,5,0,4,3,6,7,6,4,1,2.129,0,0,1,0
6,6,2,3,0,1.815,3,-2.658,-1.447,0.805,6,0,4.0,2,-1.476,6,5,7,5,-2.837,0.0,7,0.0,3,1,1,5,6,2,4,2,3,0,-0.1,2,0,0,0
3,0,2,1,4,-1.212,0,-0.631,-0.771,-0.684,2,3,4.0,4,-1.91,1,7,6,0,-0.213,0.0,4,0.0,3,7,4,4,2,0,4,2,2,3,0.7,4,7,1,0
0,5,5,6,4,-0.289,3,1.335,1.207,-1.52,1,7,1.0,6,5.143,4,7,4,6,0.25,0.0,3,0.0,4,4,5,0,5,7,5,0,7,7,1.099,7,3,2,0
0,6,1,4,6,0.897,3,-0.139,1.108,0.016,1,3,4.0,6,3.942,2,7,4,4,-1.532,0.0,2,0.0,4,1,1,3,3,6,7,7,5,1,1.346,0,2,0,0
0,7,5,6,2,1.498,4,0.521,0.81,-0.154,5,7,2.0,0,0.796,4,0,5,4,1.607,0.0,1,0.0,6,1,4,0,0,6,0,0,6,1,-1.499,0,0,3,0
2,5,1,2,1,0.489,7,-2.71,-2.066,1.09,6,7,5.0,3,-1.976,5,2,7,4,-0.31,0.0,7,0.0,5,0,2,3,0,5,5,2,1,6,-0.151,3,2,2,0
3,3,4,3,5,0.226,0,-1.421,-1.273,-0.068,1,2,5.0,0,-2.521,4,1,6,7,-0.116,0.0,6,0.0,7,4,1,6,6,6,7,4,4,2,-2.109,4,2,2,0
2,7,3,5,7,0.297,0,-1.427,-0.867,-2.385,0,3,5.0,6,-5.556,5,1,5,6,-1.239,0.0,6,0.0,3,5,5,1,6,1,0,7,7,3,-0.221,7,2,3,0
6,7,6,7,3,0.266,2,0.746,1.072,-0.088,1,5,1.0,1,-0.179,4,2,3,5,3.39,0.0,4,0.0,4,3,7,5,0,3,5,3,7,1,1.47,5,6,3,0
0,2,2,1,5,1.606,4,-0.48,-0.36,-1.984,3,7,4.0,4,0.096,5,1,3,7,-4.645,0.0,3,0.0,3,2,0,1,2,4,5,0,7,4,-1.605,2,5,4,0
0,5,3,4,5,0.701,0,1.343,1.556,-1.3,7,7,2.0,7,0.692,0,2,2,5,2.424,0.0,5,0.0,5,7,1,5,5,3,6,5,2,7,0.946,1,6,3,0
6,1,2,6,2,-1.13,7,1.617,1.371,-0.262,5,7,0.0,5,3.496,5,1,4,3,5.569,0.0,2,0.0,3,2,3,3,3,4,5,0,3,3,3.13,0,1,1,0
1,0,6,3,6,0.556,6,-1.208,-1.124,0.424,3,5,5.0,4,0.463,3,3,4,6,-1.037,0.0,0,0.0,7,0,0,6,2,1,4,7,3,3,-0.479,7,7,6,0
2,0,7,2,2,-0.467,7,0.071,0.32,-0.834,1,1,3.0,2,2.853,4,2,5,3,-0.983,0.0,3,0.0,2,6,0,3,2,6,6,0,2,4,0.062,6,3,3,0
5,0,4,0,5,-0.568,7,-0.253,-1.339,-0.495,3,0,4.0,5,-1.769,4,5,4,1,-2.203,0.0,4,0.0,1,6,6,4,0,6,3,4,3,0,-0.65,3,0,6,0
2,1,6,6,6,-0.214,7,-0.657,-0.096,-1.015,3,5,3.0,0,-0.445,2,6,6,3,3.333,0.0,7,0.0,5,1,5,3,3,3,0,2,7,4,1.377,2,5,2,0
5,2,2,5,0,-1.046,3,0.923,0.377,-2.393,6,2,1.0,7,0.943,6,0,0,3,0.923,0.0,0,0.0,2,2,6,3,3,2,2,4,4,6,1.284,6,5,1,0
3,7,7,5,7,0.236,2,-0.265,0.347,-1.206,0,0,4.0,2,0.707,3,6,3,6,-1.375,0.0,3,0.0,7,4,2,1,3,1,0,6,1,2,0.446,5,2,4,0
7,6,2,0,3,0.019,2,2.151,0.179,-0.45,5,0,2.0,3,2.341,4,7,1,1,0.801,0.0,3,0.0,1,7,4,4,4,7,1,2,0,6,0.464,5,7,7,0
3,4,2,4,7,1.104,7,0.486,-0.669,-0.991,1,3,4.0,2,-1.698,7,6,2,2,-0.912,0.0,1,0.0,4,5,0,6,1,4,6,1,2,6,-1.283,5,2,2,0
5,4,4,7,4,0.031,1,-0.995,-0.208,0.558,0,0,3.0,5,-2.418,1,3,7,2,-1.526,0.0,1,0.0,3,1,0,6,1,3,1,5,6,0,-1.858,3,6,5,0
4,6,1,6,6,0.303,5,-0.713,0.069,0.034,4,4,5.0,6,-3.353,3,3,5,3,-0.294,0.0,2,0.0,4,4,5,4,0,7,4,3,3,4,1.237,0,5,7,0
0,0,0,6,0,0.311,7,-0.886,-0.605,-1.217,0,0,3.0,7,0.771,3,2,3,6,1.796,0.0,1,0.0,5,4,4,0,2,2,4,6,0,1,0.595,5,4,1,0
7,7,5,0,1,-1.632,1,-1.335,-0.978,-0.418,5,2,5.0,5,-0.609,7,4,6,6,-3.155,0.0,3,0.0,3,4,2,3,6,2,2,1,6,7,-0.506,6,6,5,0
5,5,2,5,3,1.62,5,-0.029,0.294,-1.22,6,4,3.0,7,0.831,1,1,2,7,-0.108,0.0,5,0.0,2,6,4,5,4,6,0,2,4,5,-0.573,1,5,5,0
6,7,6,7,2,2.298,3,-1.545,-1.193,-0.792,7,5,4.0,5,3.678,0,1,7,2,0.598,0.0,2,0.0,1,2,5,7,6,1,2,2,4,6,-0.217,5,1,1,0
0,4,7,4,3,-2.143,6,-0.753,-0.534,0.415,1,1,5.0,6,-0.328,2,5,6,6,-0.852,0.0,4,0.0,5,5,6,3,3,1,1,4,7,3,-0.551,3,3,3,0
6,1,5,2,4,-0.755,3,0.781,1.165,0.748,3,5,2.0,4,2.911,5,2,4,7,1.668,0.0,3,0.0,5,4,4,6,1,0,0,3,5,4,1.578,1,1,5,0
6,7,5,5,7,0.83,7,0.05,0.084,-1.774,3,4,2.0,4,-1.479,6,2,4,5,3.241,0.0,5,0.0,4,1,2,4,2,6,5,4,4,5,2.265,4,7,3,0
2,1,7,2,4,-0.717,2,-0.866,-0.495,-1.973,7,3,3.0,3,1.657,1,7,1,5,-3.45,0.0,2,0.0,6,4,2,5,3,6,5,5,4,2,-0.536,1,1,7,0
4,1,4,4,5,-1.145,5,1.604,1.885,-0.231,0,0,1.0,0,2.183,2,7,5,0,1.034,0.0,3,0.0,4,0,3,1,4,4,7,2,4,6,-0.701,7,5,6,0
0,6,6,5,0,1.93,4,-0.725,-0.664,-1.335,3,3,3.0,5,-0.303,1,1,6,0,-2.06,0.0,0,0.0,2,3,7,1,6,6,0,4,1,4,-1.027,4,1,2,0
3,1,7,4,3,0.391,7,-1.731,-0.752,0.663,1,3,4.0,4,-3.052,2,6,2,1,-3.199,0.0,2,0.0,6,2,6,1,2,4,0,6,1,2,-1.37,7,4,1,0
1,2,3,6,4,0.387,7,-0.218,0.266,-1.007,7,4,3.0,7,2.563,7,3,6,1,2.94,0.0,2,0.0,2,6,4,5,7,0,7,3,3,2,2.86,6,2,4,0
4,3,0,6,6,0.4,6,0.484,0.783,0.42,0,1,2.0,4,-2.302,1,5,1,5,4.554,0.0,1,0.0,5,1,7,7,3,6,1,7,4,5,1.542,1,5,4,0
4,6,7,7,2,0.392,2,0.652,0.827,-0.507,3,3,3.0,7,0.715,7,3,2,7,-1.744,0.0,5,0.0,0,3,2,5,7,4,0,0,1,4,2.171,2,6,3,0
3,1,0,4,0,-0.066,5,-0.571,-0.085,-0.276,2,5,2.0,6,0.996,7,7,5,2,0.53,0.0,6,0.0,4,7,7,0,7,0,5,7,7,5,-1.27,0,6,0,0
3,1,2,0,6,-1.479,2,-1.853,-1.922,0.601,1,4,5.0,3,-2.179,3,1,6,2,-1.28,0.0,3,0.0,5,3,7,6,3,5,5,4,6,7,-0.128,7,7,2,0
0,1,0,1,4,-1.154,3,-0.956,-1.349,-0.903,2,1,4.0,7,-1.063,1,4,0,2,-3.048,0.0,2,0.0,4,5,2,0,6,4,2,3,4,2,-1.757,6,4,0,0
3,4,2,4,1,-0.078,1,-0.465,0.268,0.237,2,2,4.0,5,1.454,3,5,6,2,-3.151,0.0,6,0.0,5,7,1,4,7,2,3,0,4,6,-1.669,3,3,6,0
1,6,3,1,5,-1.306,7,-2.045,-1.461,-0.993,6,4,5.0,4,-2.68,3,2,0,3,-0.038,0.0,3,0.0,0,0,1,7,2,0,2,6,2,0,-2.221,4,3,5,0
1,5,5,1,7,-0.275,0,-1.089,-0.546,-0.383,4,1,4.0,5,1.45,7,5,5,0,-2.553,0.0,1,0.0,2,3,2,2,6,7,6,0,6,4,-1.737,3,0,4,0
2,7,1,1,1,1.07,7,1.457,1.811,1.629,7,6,1.0,2,0.323,1,2,5,2,3.445,0.0,7,0.0,6,1,7,1,3,5,4,3,0,6,1.033,3,4,3,0
5,4,7,3,6,0.305,5,0.867,-0.106,-0.53,5,5,4.0,2,2.017,2,2,7,3,2.062,0.0,2,0.0,0,5,2,6,1,5,4,1,6,7,0.042,4,7,5,0
7,2,6,2,7,1.218,4,0.461,1.303,0.308,0,1,1.0,0,-2.814,6,0,4,4,1.22,0.0,0,0.0,1,4,3,2,7,4,1,2,5,1,0.915,3,6,1,0
1,7,6,2,0,-0.607,2,-2.095,-0.867,-2.306,2,3,4.0,2,0.418,4,3,4,1,-1.427,0.0,6,0.0,4,5,0,5,3,5,4,0,5,5,-0.661,5,7,5,0
1,7,6,0,1,-1.731,3,1.32,1.093,-0.401,1,4,2.0,6,1.409,3,4,2,2,3.664,0.0,3,0.0,6,3,2,6,0,6,7,2,7,6,0.527,7,0,4,0
3,6,1,2,5,1.647,1,1.616,0.765,0.574,5,4,2.0,6,2.528,4,2,7,7,1.789,0.0,0,0.0,5,2,6,2,5,5,1,5,7,2,1.029,2,5,6,0
1,3,7,3,6,1.321,0,0.201,1.077,1.738,4,0,2.0,5,3.469,1,5,3,6,-2.674,0.0,5,0.0,5,7,5,6,5,4,3,5,5,0,1.52,0,1,0,0
6,7,1,6,5,0.051,6,-0.031,-0.702,0.47,1,1,5.0,5,-0.774,5,6,6,5,0.095,0.0,4,0.0,0,1,5,6,4,6,2,2,1,1,-0.822,1,7,6,0
1,5,5,5,0,0.854,0,-2.389,-2.458,3.029,0,6,7.0,0,-2.766,0,7,2,5,-3.467,0.0,7,397.3,5,7,0,4,3,7,0,7,3,0,-3.445,6,7,3,1
1,7,7,6,1,0.103,4,-2.229,-0.598,0.906,7,4,4.0,4,-1.902,1,4,3,6,-2.088,0.0,1,0.0,4,1,5,3,6,4,1,3,7,1,-2.745,6,2,2,0
2,7,0,7,7,0.044,5,-0.63,-0.399,0.38,4,4,5.0,7,-1.652,6,5,6,7,1.499,0.0,6,0.0,3,5,2,1,4,7,3,1,2,4,-0.677,1,1,6,0
3,0,3,6,4,-0.272,2,-0.659,-0.808,0.615,2,2,4.0,6,1.535,0,6,0,0,3.52,0.0,7,0.0,3,4,3,2,4,5,0,4,1,6,0.318,7,0,1,0
6,0,2,5,3,0.258,1,1.713,1.277,0.82,3,1,3.0,0,2.615,6,0,7,7,-1.151,0.0,4,0.0,0,7,7,0,4,4,1,2,7,4,1.084,1,5,7,0
6,4,7,2,5,-1.622,2,-0.15,0.112,0.882,6,1,3.0,0,-0.597,6,0,4,3,1.197,0.0,5,0.0,1,0,1,6,2,2,2,0,2,0,2.02,5,5,7,0
3,4,5,2,1,0.477,5,0.018,0.525,-0.878,5,0,4.0,3,1.842,0,0,1,0,2.014,0.0,5,0.0,3,7,7,4,5,5,1,7,1,6,1.891,7,4,5,0
2,7,0,6,3,-0.008,4,0.438,0.677,0.264,2,6,2.0,0,-0.688,1,3,1,6,-1.303,0.0,1,0.0,7,0,5,3,2,0,4,4,5,4,1.896,0,5,5,0
4,2,4,6,1,-0.501,0,-1.627,-1.063,0.357,6,6,7.0,2,-2.15,5,4,6,3,-3.578,0.0,0,291.69,1,0,1,3,7,0,6,3,5,2,0.278,3,1,0,1
2,1,1,3,6,0.001,7,-0.806,-0.553,0.249,4,4,4.0,5,0.553,7,6,0,1,-1.746,0.0,0,0.0,1,6,5,2,4,4,7,3,1,2,-0.721,4,6,6,0
1,3,5,3,0,-0.069,2,0.8,1.228,-0.578,7,2,1.0,4,0.25,6,3,3,5,4.798,0.0,5,0.0,4,0,0,4,7,4,7,6,5,2,0.599,4,1,2,0
5,1,2,5,5,1.379,1,-0.376,0.263,-0.223,0,0,3.0,7,-1.204,3,1,5,5,-2.321,0.0,2,0.0,7,5,5,1,4,5,6,3,4,0,-0.691,6,2,7,0
1,4,7,7,1,-1.232,2,-2.115,-1.839,-0.268,3,5,6.0,7,-1.237,7,5,3,5,-4.645,0.0,0,0.0,4,0,2,4,2,0,2,2,1,7,-2.933,2,3,0,0
4,3,7,3,3,1.167,5,0.728,0.184,0.098,5,0,2.0,5,0.331,0,0,2,2,0.75,0.0,1,0.0,2,3,4,6,3,6,0,1,6,5,1.65,6,1,1,0
3,4,6,5,2,-0.733,4,-0.473,-0.413,-0.489,1,5,3.0,2,-0.892,5,2,4,0,-2.503,0.0,5,0.0,4,7,7,6,2,7,7,4,3,0,0.125,5,7,7,0
6,3,5,7,2,0.155,6,0.051,0.338,3.239,7,3,2.0,3,-1.198,3,4,3,5,1.359,0.0,2,0.0,5,6,1,2,0,6,3,4,7,7,1.134,7,3,2,0
7,7,3,3,7,-0.363,1,-0.581,-0.637,-0.034,0,4,4.0,3,-1.598,7,0,1,4,2.863,0.0,0,0.0,6,6,3,6,7,4,3,5,3,0,0.0,7,4,7,0
7,4,3,4,2,0.314,1,-0.054,-0.214,-0.77,5,4,4.0,6,-1.273,4,7,1,7,-3.059,0.0,3,0.0,6,7,3,6,6,6,7,0,5,5,-1.253,0,6,5,0
4,0,4,7,2,0.14,4,0.53,-0.171,-0.334,0,7,3.0,4,-1.249,5,0,0,1,-2.851,0.0,6,0.0,2,3,6,6,5,6,6,7,1,5,-1.302,7,2,1,0
6,5,0,6,2,0.008,5,-0.243,0.529,0.709,1,4,3.0,0,0.419,4,7,4,0,-0.547,0.0,0,0.0,7,7,7,6,0,3,0,7,4,4,0.555,3,6,4,0
4,3,2,6,0,0.588,6,-1.574,-1.091,-1.283,6,4,4.0,0,-2.401,7,6,1,3,-3.593,0.0,4,0.0,0,5,4,3,6,0,1,7,3,4,-0.996,2,3,4,0
6,0,6,7,7,0.408,4,1.374,1.505,-0.324,1,7,1.0,4,1.49,6,5,3,1,2.43,0.0,2,0.0,5,1,6,3,0,1,5,5,3,6,-1.932,0,6,6,0
2,5,4,7,1,0.825,3,-1.561,-1.429,1.054,7,5,5.0,3,-1.389,4,5,5,6,-2.406,0.0,7,0.0,6,1,6,5,3,4,5,6,1,5,-1.774,6,0,7,0
3,5,7,3,1,-1.4,5,0.082,-0.435,1.6,6,0,3.0,2,-2.205,1,5,0,3,-0.539,0.0,3,0.0,6,2,5,6,0,6,0,4,4,1,-2.258,4,7,2,0
2,3,7,6,6,-0.817,3,-0.243,-0.803,-0.784,3,4,5.0,6,0.808,0,4,4,1,-0.747,0.0,6,0.0,5,2,2,6,1,7,6,1,7,1,0.599,1,4,1,0
2,2,4,4,0,0.14,2,1.035,1.077,-0.071,0,7,2.0,3,1.88,1,5,2,2,1.811,0.0,6,0.0,2,1,0,7,4,3,1,1,7,7,-0.314,6,1,6,0
1,0,7,3,3,-1.012,2,0.189,0.303,-1.62,1,1,3.0,2,-1.031,5,0,1,0,-2.551,0.0,4,0.0,7,1,2,4,3,7,6,3,2,0,-0.186,0,4,1,0
6,0,3,1,5,1.719,2,-0.79,-0.646,-0.688,5,0,3.0,5,-0.207,0,2,5,1,0.011,0.0,4,0.0,0,0,3,4,4,6,1,6,2,4,-0.903,4,6,7,0
7,7,4,1,5,-0.352,2,0.521,0.755,-0.634,7,3,1.0,3,2.104,4,6,5,2,-0.108,0.0,5,0.0,1,2,5,2,6,1,5,3,4,5,-1.044,4,0,3,0
1,7,7,7,3,2.847,3,-0.071,0.248,-0.489,6,7,4.0,4,-1.106,5,1,0,4,-0.453,0.0,2,0.0,5,5,7,3,3,4,4,1,3,2,0.964,3,6,0,0
2,6,0,6,7,-0.891,2,1.327,0.848,0.028,5,0,3.0,3,1.568,3,3,2,3,-2.782,0.0,1,0.0,2,4,6,3,6,5,2,4,5,6,1.276,7,4,3,0
1,4,5,0,6,-0.347,3,1.449,0.01,0.212,2,4,5.0,1,2.387,0,7,5,6,-2.655,0.0,2,0.0,2,4,1,6,5,0,3,2,4,7,1.106,2,2,0,0
7,7,1,3,7,-2.657,3,0.853,1.29,0.442,7,0,1.0,5,-0.561,3,5,6,1,2.727,0.0,7,0.0,0,7,4,5,0,4,7,4,0,5,0.261,5,1,2,0
5,2,4,3,0,-1.735,5,-2.358,-0.785,-0.441,7,3,5.0,7,-1.395,4,2,6,5,-5.954,0.0,1,0.0,5,1,3,1,5,6,7,7,0,0,-0.361,6,3,2,0
6,6,2,4,0,0.216,1,-1.217,-1.406,1.232,5,4,4.0,7,-0.853,0,0,6,0,-4.44,0.0,1,0.0,0,3,6,3,3,3,4,6,4,4,-2.194,5,6,5,0
4,0,7,1,1,0.533,4,0.346,-0.052,-0.487,0,6,4.0,4,-0.358,5,7,5,5,-2.758,0.0,3,0.0,7,4,0,4,0,1,5,7,3,1,-0.338,5,0,0,0
3,7,1,5,4,-0.047,5,-0.941,-0.497,-0.675,2,7,4.0,7,0.637,3,7,2,1,-2.611,0.0,1,0.0,3,5,5,5,5,4,6,4,5,7,-0.356,3,2,5,0
3,3,4,0,5,2.538,1,0.515,0.126,-0.794,4,4,3.0,7,-2.161,2,4,3,4,-1.081,0.0,6,0.0,5,5,5,2,5,1,1,0,1,6,0.552,0,3,0,0
0,5,6,7,0,-0.406,0,0.967,1.44,-0.198,6,6,2.0,4,0.432,5,2,7,7,-2.489,0.0,3,0.0,6,6,0,5,3,1,5,2,0,6,0.928,4,7,2,0
6,7,4,7,3,-1.184,6,-2.605,-1.133,-0.337,2,5,5.0,4,-3.842,3,4,4,6,-4.607,0.0,7,0.0,2,5,6,4,3,0,0,0,3,1,-2.129,2,4,6,0
0,1,1,4,7,-0.378,0,2.253,1.332,-0.202,4,1,-0.0,2,1.576,1,2,0,3,-1.212,0.0,2,0.0,4,4,7,7,4,6,3,1,3,2,1.682,5,1,6,0
3,2,0,3,7,-0.787,1,-1.467,-1.158,-0.417,7,5,4.0,1,-0.874,6,5,5,4,4.433,0.0,1,0.0,0,0,1,5,7,3,5,3,6,0,-0.515,5,7,6,0
1,2,6,0,4,0.169,2,-0.166,-0.184,0.588,7,3,4.0,4,-0.726,2,4,2,6,1.491,0.0,1,0.0,7,6,2,4,1,5,0,5,2,1,-0.068,1,4,0,0
4,7,1,0,1,-0.643,7,0.836,1.121,-1.302,6,4,1.0,5,-0.102,1,1,1,5,1.58,0.0,1,0.0,3,0,3,3,5,4,0,4,0,4,1.372,7,2,1,0
7,7,2,1,0,0.651,6,1.922,1.349,0.232,5,0,1.0,2,0.926,4,6,0,4,0.98,0.0,1,0.0,6,0,7,0,1,0,1,5,7,4,0.139,0,1,4,0
5,1,0,5,2,-0.365,4,0.673,0.179,-0.342,1,6,4.0,2,-0.93,6,3,7,5,1.523,0.0,6,0.0,4,5,0,6,1,5,2,5,3,3,-0.74,4,4,1,0
0,5,6,2,3,0.042,7,0.371,0.345,1.762,7,3,3.0,0,1.882,7,0,7,2,2.351,0.0,4,0.0,5,5,4,4,6,2,5,4,6,4,1.826,1,5,3,0
2,4,3,5,2,0.599,5,0.438,-0.256,-1.077,3,0,2.0,5,2.811,2,4,7,0,-0.788,0.0,4,0.0,5,6,3,5,1,5,5,2,2,5,0.204,6,5,0,0
4,7,5,4,1,-0.207,6,-1.023,-0.581,0.78,2,1,4.0,6,1.837,5,6,1,5,2.094,0.0,7,0.0,7,2,5,4,5,2,6,4,0,4,0.559,3,0,3,0
0,7,2,2,4,0.354,2,0.181,-0.491,-0.906,5,3,4.0,7,-1.571,1,6,2,7,-4.966,0.0,0,0.0,4,5,1,6,5,1,0,6,2,0,-1.064,1,0,5,0
5,7,0,5,4,0.063,7,-1.415,-0.728,0.304,3,0,4.0,1,1.224,5,6,6,4,2.481,0.0,0,0.0,2,6,3,2,3,6,3,5,7,2,-2.494,2,6,2,0
7,6,5,4,2,-0.517,4,1.397,0.439,-0.491,0,3,2.0,6,-0.36,7,4,3,1,-1.627,0.0,2,0.0,1,0,0,1,3,3,6,2,2,5,-1.961,3,6,0,0
7,3,6,4,7,-0.212,0,0.883,0.953,-0.303,1,5,3.0,5,-0.053,1,5,0,3,-2.025,0.0,4,0.0,5,2,3,2,7,7,2,6,2,7,1.909,4,5,5,0
4,0,0,2,5,-0.241,1,-0.252,0.723,0.141,0,1,1.0,7,0.952,3,1,1,3,4.369,0.0,7,0.0,5,5,2,3,3,7,1,6,6,0,0.337,5,3,0,0
0,4,2,6,2,-0.399,7,-3.338,-2.997,1.521,7,1,7.0,7,-2.365,1,7,6,2,-4.176,0.0,6,0.0,7,4,2,2,5,1,7,5,7,6,-2.946,1,0,0,1
4,5,6,0,7,0.864,5,-0.511,-0.531,0.365,4,0,5.0,7,-1.505,1,7,2,5,2.407,0.0,1,0.0,3,5,1,6,3,6,6,3,1,2,0.209,1,7,4,0
5,4,1,2,6,-0.947,2,-0.394,0.206,-0.461,6,6,3.0,6,0.026,6,4,2,0,2.012,0.0,2,0.0,3,3,2,0,7,1,3,3,0,4,0.256,5,5,4,0
1,3,2,3,2,0.61,4,1.255,0.16,-1.38,1,4,3.0,5,0.216,4,3,1,6,4.736,0.0,3,0.0,0,4,1,0,3,5,6,7,3,0,2.365,5,4,5,0
1,0,4,1,1,-1.995,2,-1.47,-1.978,0.94,3,4,7.0,5,-0.591,1,4,6,6,-0.336,0.0,4,471.52,1,2,4,0,0,1,7,3,4,4,-2.538,0,1,7,1
1,5,2,3,3,1.275,1,-0.835,-1.178,0.892,0,4,4.0,5,-0.047,0,7,2,5,0.789,0.0,5,0.0,3,2,0,4,4,3,7,1,3,2,-0.118,0,4,5,0
6,1,7,1,7,-0.169,4,-0.951,-0.612,-1.214,7,2,3.0,5,-0.754,1,4,5,3,1.801,0.0,6,0.0,2,6,4,1,6,4,7,1,6,3,-0.509,3,1,1,0
3,4,4,4,2,-0.416,1,1.788,1.205,-0.743,3,7,2.0,5,-0.639,6,2,1,3,0.726,0.0,2,0.0,2,3,0,6,2,1,0,3,1,1,2.272,0,6,7,0
2,2,5,6,4,-0.871,5,0.93,1.218,-0.124,0,6,2.0,7,0.58,2,1,2,4,2.846,0.0,4,0.0,0,1,2,4,2,4,7,7,0,6,3.098,7,5,3,0
3,2,3,0,7,0.324,1,1.333,1.157,-0.102,4,3,1.0,7,3.876,4,7,7,2,2.641,0.0,3,0.0,1,2,7,4,2,0,4,4,6,2,1.786,5,7,7,0
0,6,1,2,0,0.429,0,0.707,0.746,0.049,6,2,3.0,2,0.636,7,2,0,2,0.773,0.0,4,0.0,6,1,7,5,6,5,0,0,4,6,2.101,2,6,5,0
4,1,4,6,4,-0.199,6,-0.838,-0.757,1.18,0,6,5.0,3,-2.345,6,5,4,6,0.61,0.0,2,0.0,6,0,2,1,0,1,6,0,2,3,-2.659,5,5,5,0
0,3,2,1,7,0.929,1,0.807,0.023,0.114,1,6,2.0,6,1.034,5,4,5,1,-0.617,0.0,5,0.0,2,5,3,3,7,2,0,5,6,5,0.852,6,5,0,0
5,3,3,4,5,-0.402,7,-0.045,-0.232,-0.654,3,7,4.0,2,-0.196,7,2,1,7,0.717,0.0,4,0.0,0,0,2,5,2,6,0,0,5,1,-1.106,2,0,6,0
4,5,6,5,0,-1.263,3,0.64,0.351,-0.475,4,1,6.0,0,2.147,3,0,6,1,-0.034,0.0,1,0.0,5,1,1,0,2,4,4,0,5,0,2.605,7,7,3,0
0,6,3,4,1,0.174,0,-1.004,-1.426,0.96,4,2,5.0,1,-3.166,4,3,2,0,1.065,0.0,2,0.0,1,5,6,2,4,6,5,3,6,6,-0.803,5,4,7,0
4,1,3,5,1,-2.608,2,1.168,1.396,1.331,4,0,-0.0,0,-1.983,1,4,1,4,2.925,0.0,6,0.0,5,5,2,2,5,0,3,5,3,0,1.41,0,3,7,0
7,1,2,1,6,0.36,1,-0.996,-0.048,0.356,0,6,3.0,1,2.709,2,3,0,5,3.602,0.0,0,0.0,1,2,7,5,1,1,3,6,4,1,1.329,4,4,4,0
3,6,0,2,2,1.3,4,1.777,1.677,-0.394,0,7,-0.0,2,2.522,0,0,7,2,2.417,0.0,6,0.0,7,0,1,2,7,4,0,1,2,1,1.925,7,1,6,0
2,2,7,1,5,1.82,7,1.249,1.533,0.394,1,2,2.0,5,1.753,4,2,5,5,-1.202,0.0,7,0.0,3,1,0,6,0,7,5,2,6,0,2.961,5,1,6,0
0,7,5,5,7,0.937,3,-0.705,0.93,0.34,7,1,3.0,7,-1.705,6,4,2,4,-4.136,0.0,4,0.0,1,6,2,2,6,3,5,4,1,7,-0.057,4,1,4,0
4,3,7,6,7,0.423,3,-1.374,-0.776,-2.423,5,0,4.0,1,-1.297,5,4,7,2,-1.778,0.0,3,0.0,3,1,4,3,7,4,7,5,5,1,-0.861,6,4,4,0
1,2,5,7,1,0.72,7,-0.293,-1.226,0.37,4,6,6.0,7,-1.319,0,0,4,7,-2.425,0.0,1,0.0,6,1,3,4,3,0,4,4,6,0,-0.474,6,4,0,0
4,3,0,6,6,-0.286,1,1.935,1.56,-1.269,4,6,1.0,6,-0.496,6,3,0,4,0.963,0.0,6,0.0,3,1,4,1,5,6,2,5,3,0,1.361,2,5,1,0
5,2,5,1,0,1.83,1,0.107,0.282,-1.6,7,3,4.0,3,-1.7,1,7,6,7,-0.436,0.0,2,0.0,2,4,3,3,4,4,4,0,5,7,-0.82,5,5,6,0
4,4,4,4,3,2.472,3,-0.278,-0.062,-1.111,3,5,2.0,5,1.159,2,3,1,4,1.222,0.0,7,0.0,1,6,2,0,3,5,7,5,1,2,1.014,5,3,6,0
2,3,3,2,2,0.102,1,0.801,1.499,-0.029,6,1,1.0,5,2.472,4,7,2,4,1.193,0.0,0,0.0,6,5,6,1,5,3,3,4,3,1,2.473,0,0,1,0
3,5,3,2,5,0.719,2,-0.801,-1.082,-0.987,1,5,6.0,3,1.654,2,0,0,0,-1.613,0.0,5,0.0,5,1,0,4,0,0,1,3,4,0,-1.491,7,0,0,0
6,3,3,3,3,-2.328,2,-2.775,-1.474,0.103,7,3,6.0,6,-1.785,4,7,1,2,-2.704,0.0,6,0.0,1,2,2,5,7,0,4,5,0,5,-3.304,3,6,0,0
7,2,7,5,0,0.654,3,1.66,2.001,-1.075,7,0,0.0,4,4.846,0,3,4,5,1.45,0.0,4,0.0,0,3,7,4,3,3,3,7,7,7,1.472,3,5,6,0
1,0,5,4,6,-0.515,4,0.263,0.722,0.064,0,0,2.0,3,-0.67,7,7,7,6,2.192,0.0,1,0.0,3,2,4,3,6,5,0,0,4,4,0.769,5,2,4,0
2,7,1,5,4,-0.097,7,-0.61,-0.642,1.155,0,2,3.0,1,-0.573,3,7,2,5,-1.05,0.0,7,0.0,5,3,3,6,2,2,0,6,1,0,-1.108,1,3,7,0
6,4,5,0,2,0.843,5,-0.328,-0.139,-0.077,4,3,5.0,4,0.968,6,2,0,7,-0.184,0.0,3,0.0,1,3,3,6,2,0,4,4,4,3,-0.239,3,5,3,0
3,7,1,4,2,0.838,1,-2.453,-2.553,1.776,4,2,7.0,6,-6.028,5,0,4,0,0.102,0.0,4,270.49,6,2,6,4,2,6,2,4,5,1,-2.473,7,4,3,1
7,0,0,2,1,0.171,5,1.494,1.425,0.193,6,7,2.0,5,1.333,5,4,2,3,3.822,0.0,0,0.0,7,3,6,0,0,6,0,7,1,2,0.962,5,7,4,0
2,2,1,4,7,-0.797,1,0.566,0.898,-1.128,2,5,2.0,6,2.974,7,3,7,2,0.801,0.0,3,0.0,0,6,7,5,3,7,5,7,7,1,2.011,6,7,4,0
6,1,5,6,0,-0.566,3,1.312,0.531,1.544,7,3,3.0,7,3.39,6,0,4,1,2.005,0.0,7,0.0,6,3,4,4,1,5,1,5,4,4,1.202,0,0,0,0
0,1,1,7,7,0.744,4,0.996,1.359,-0.198,3,3,2.0,0,3.671,7,2,0,5,1.55,0.0,0,0.0,6,2,4,6,7,3,6,3,6,3,0.808,6,2,7,0
0,3,7,2,6,-1.055,2,0.684,0.33,-0.01,7,1,2.0,3,0.377,4,0,5,0,-2.888,0.0,6,0.0,4,3,6,3,2,3,4,1,6,6,2.457,4,5,0,0
0,7,6,4,4,-0.45,2,2.932,1.745,-0.026,6,1,0.0,3,-1.014,3,4,7,2,3.156,0.0,0,0.0,0,3,7,7,3,2,1,2,6,5,-0.691,7,5,5,0
3,5,7,4,0,1.024,2,-0.167,-0.112,0.254,3,1,5.0,6,0.177,3,0,0,7,-1.735,0.0,3,0.0,7,2,7,1,4,1,7,4,7,1,0.643,7,5,1,0
4,6,7,3,7,-1.814,0,-0.354,-0.698,-0.088,5,3,3.0,2,1.15,6,5,5,5,1.164,0.0,2,0.0,6,5,3,6,1,0,5,6,5,5,-0.008,6,6,1,0
7,5,7,1,4,0.205,4,1.332,0.007,0.673,4,4,3.0,4,-3.714,4,7,5,6,-0.255,0.0,0,0.0,6,0,5,7,5,7,2,0,3,7,-0.361,1,1,0,0
0,7,3,4,1,-0.133,5,-1.416,-1.384,-1.386,5,1,6.0,7,-2.416,6,6,7,3,2.728,0.0,3,0.0,4,5,3,4,1,7,1,1,0,0,-2.108,5,2,3,0
0,4,4,5,5,0.782,4,1.168,0.996,0.12,0,6,2.0,4,-0.47,3,1,2,3,0.559,0.0,6,0.0,0,4,0,7,4,4,4,6,3,7,1.128,7,3,7,0
3,0,7,4,2,-1.452,4,-0.216,-0.714,0.773,4,1,5.0,2,-0.593,4,4,4,7,1.389,0.0,7,0.0,7,0,2,0,7,4,1,1,5,3,-1.336,7,7,7,0
7,0,2,0,1,-1.045,2,2.162,1.887,0.233,2,7,0.0,0,0.389,0,0,0,5,6.257,0.0,2,0.0,3,7,0,2,6,5,0,1,7,1,2.194,7,7,7,0
5,2,2,0,6,-0.157,2,0.789,-0.524,-2.82,7,4,4.0,6,-0.381,5,2,2,7,-0.005,0.0,1,0.0,7,0,2,3,7,4,0,1,4,5,1.567,7,0,1,0
3,0,3,5,1,-0.044,3,0.512,0.056,-1.3,5,3,4.0,1,-0.631,0,7,0,3,-1.177,0.0,4,0.0,3,5,5,7,4,0,7,3,7,1,-0.095,2,3,5,0
6,3,6,1,6,0.341,0,-1.619,-1.072,-1.071,5,2,5.0,1,-1.416,3,4,2,0,-0.57,0.0,5,0.0,7,7,1,7,7,3,0,3,5,2,-1.308,0,1,4,0
4,5,2,7,0,-0.275,1,-0.134,0.025,1.042,4,2,2.0,5,-0.288,6,5,3,3,-0.355,0.0,3,0.0,5,0,6,7,0,2,6,3,0,1,0.797,6,6,3,0
4,3,5,1,5,-0.046,0,-0.498,-0.621,0.79,6,3,4.0,3,-0.436,3,5,6,2,1.051,0.0,4,0.0,1,7,3,5,0,5,0,6,1,7,0.155,7,3,1,0
5,4,7,6,6,0.151,7,-1.344,-1.763,0.502,5,7,5.0,3,-1.496,0,1,3,0,-1.268,0.0,5,0.0,2,7,3,1,6,2,5,7,6,2,-1.318,0,3,0,0
6,0,1,3,1,1.596,5,-0.443,-0.277,1.004,5,2,3.0,5,-0.599,1,3,1,1,-2.935,0.0,1,0.0,0,6,1,4,2,4,6,1,1,7,0.568,3,3,7,0
5,0,0,1,0,1.247,5,-0.069,-0.235,-0.793,6,2,4.0,5,-0.415,1,7,4,1,2.918,0.0,3,0.0,1,6,5,0,7,4,5,1,0,1,-1.018,0,5,4,0
5,7,5,2,7,1.097,7,-0.129,-0.167,0.959,7,2,3.0,6,1.079,6,0,7,4,1.028,0.0,2,0.0,7,6,6,1,0,2,5,4,2,7,0.089,5,6,5,0
5,7,0,2,2,0.981,4,2.309,1.253,1.085,1,7,2.0,4,2.903,6,5,0,0,4.17,0.0,6,0.0,5,1,7,4,2,7,0,2,5,1,3.688,7,2,4,0
6,0,6,6,5,0.267,3,1.018,2.231,-1.473,4,2,1.0,6,2.261,5,7,0,3,0.689,0.0,4,0.0,7,5,4,0,3,7,0,6,0,1,2.067,5,5,7,0
2,3,4,1,7,0.017,2,-0.077,0.737,1.983,4,5,4.0,4,3.355,1,0,2,1,5.568,0.0,5,0.0,4,5,1,7,5,0,1,1,7,0,0.194,1,7,3,0
3,7,2,3,7,-0.146,0,-0.118,0.151,-1.219,1,4,1.0,2,-2.753,0,3,3,7,-0.289,0.0,0,0.0,1,0,0,1,0,7,0,4,2,5,0.541,5,7,4,0
1,5,5,2,7,-1.19,7,0.099,0.621,0.104,3,1,2.0,0,-0.17,3,4,0,1,2.308,0.0,6,0.0,3,3,2,5,6,3,7,2,7,6,-1.135,6,3,5,0
0,0,0,7,6,-1.776,1,-0.131,0.072,0.562,5,2,2.0,3,0.766,7,4,2,2,1.391,0.0,2,0.0,7,3,7,3,0,2,4,6,6,4,0.796,7,1,5,0
5,1,3,3,0,1.257,6,0.574,-0.003,0.713,0,3,3.0,5,-1.662,1,6,0,7,0.559,0.0,2,0.0,5,2,7,4,5,5,6,5,4,4,0.732,1,4,5,0
5,0,4,5,5,-0.193,1,0.097,0.132,0.141,1,4,2.0,6,3.078,6,7,5,6,1.612,0.0,1,0.0,6,6,3,3,5,2,7,0,0,2,0.11,3,1,2,0
7,7,7,5,5,0.377,6,-1.516,-1.446,0.135,4,6,5.0,3,-2.78,1,0,6,2,-0.723,0.0,6,0.0,1,1,5,7,4,6,3,1,1,6,-1.794,7,1,3,0
3,4,6,0,0,0.069,5,0.208,0.753,-0.0,6,0,2.0,2,3.884,2,3,2,4,-0.881,0.0,2,0.0,2,4,5,6,5,5,7,6,1,6,0.157,1,4,1,0
0,6,5,0,5,-0.653,1,1.083,0.827,-1.42,4,3,1.0,3,-0.004,2,1,6,2,0.658,0.0,0,0.0,6,2,3,0,5,0,3,3,1,5,-0.344,2,5,5,0
1,7,4,1,2,0.464,1,1.492,0.756,0.171,7,0,3.0,5,-0.313,3,1,5,7,-2.171,0.0,0,0.0,4,4,2,2,5,5,0,2,5,1,1.173,7,6,3,0
0,0,4,5,3,1.572,5,-0.379,-0.238,-0.473,4,5,3.0,3,-0.648,2,7,2,6,1.959,0.0,0,0.0,7,0,0,3,0,7,7,5,6,3,-0.137,0,3,5,0
0,2,3,0,3,0.165,6,-0.649,-0.765,0.608,6,5,5.0,4,-1.755,0,2,6,6,-3.806,0.0,4,0.0,2,2,3,6,2,4,7,5,7,2,-0.881,7,7,5,0
4,2,2,2,5,-0.152,0,0.796,1.07,-1.832,1,4,1.0,6,-1.78,6,6,7,0,0.997,0.0,0,0.0,2,3,4,0,6,5,3,4,6,6,0.319,5,1,0,0
6,6,6,5,7,1.263,7,2.943,2.192,-0.052,4,1,0.0,6,1.25,7,2,1,6,1.809,0.0,1,0.0,0,3,1,2,4,3,3,0,2,3,3.009,0,3,0,0
4,6,2,4,2,1.05,1,1.092,1.81,-0.734,6,7,2.0,4,2.06,2,2,5,4,2.168,0.0,4,0.0,0,4,1,2,1,4,6,6,5,7,2.352,6,0,3,0
5,7,7,6,0,-0.643,7,0.81,2.167,0.851,7,1,-0.0,6,3.436,2,5,0,2,6.93,0.0,7,0.0,1,0,4,5,7,0,2,5,0,4,2.285,5,7,4,0
3,5,2,4,2,-1.368,7,-0.546,-0.92,0.544,3,7,5.0,4,-1.728,7,6,3,6,-2.034,0.0,5,0.0,2,5,0,6,2,3,3,6,7,5,0.306,7,7,7,0
0,7,4,0,0,-1.574,1,0.352,1.043,-1.088,4,7,2.0,1,1.491,3,3,5,2,-5.503,0.0,2,0.0,0,4,3,2,0,6,0,6,3,5,0.815,4,1,5,0
0,6,5,4,6,1.735,2,-0.846,-0.041,0.096,0,2,5.0,5,-1.599,6,6,7,1,0.873,0.0,2,0.0,6,7,6,3,2,6,7,4,2,4,-0.147,3,7,3,0
2,0,0,7,7,-0.278,7,0.398,0.329,-1.023,2,6,2.0,7,0.402,5,5,3,5,1.388,0.0,7,0.0,0,4,0,0,2,5,2,7,5,0,-2.764,1,3,7,0
2,4,4,6,1,-0.171,3,0.401,-0.653,-0.253,7,1,5.0,3,-1.817,6,0,4,2,4.538,0.0,0,0.0,4,3,7,1,4,2,6,6,1,6,-0.731,6,4,2,0
3,4,6,1,1,-1.103,3,-2.022,-1.773,0.977,5,3,7.0,6,-0.783,7,2,5,2,-1.873,0.0,0,436.73,2,3,4,4,1,1,6,1,7,6,-1.719,0,1,6,1
6,2,4,3,3,0.135,1,-1.519,-0.945,0.739,4,0,2.0,4,2.155,1,1,7,5,-2.04,0.0,7,0.0,7,6,4,6,2,4,3,7,6,7,1.201,0,3,3,0
3,7,1,1,2,-0.996,4,-0.742,-0.709,2.53,0,5,6.0,0,-4.313,2,6,1,3,-1.71,0.0,6,0.0,2,1,6,0,1,4,6,3,1,6,-1.688,6,4,5,0
3,5,0,6,3,-0.836,6,-0.238,0.515,0.398,2,0,4.0,7,2.012,5,6,1,3,2.483,0.0,7,0.0,1,3,5,4,6,6,3,6,6,4,0.094,2,4,6,0
4,1,1,3,6,0.061,6,0.354,0.637,0.58,7,4,3.0,5,1.575,6,3,0,7,-0.568,0.0,5,0.0,6,7,4,5,4,0,5,3,4,2,0.169,3,6,6,0
4,0,1,4,1,0.714,6,1.123,-0.019,0.901,6,2,5.0,6,0.68,3,4,2,5,0.903,0.0,1,0.0,5,5,2,5,2,5,0,5,3,3,0.349,0,4,2,0
7,7,2,6,5,0.32,0,-1.245,-0.554,1.954,5,3,4.0,1,1.298,5,4,7,4,-1.606,0.0,6,0.0,3,6,1,2,3,0,7,3,7,7,0.374,4,0,1,0
4,2,0,5,1,0.498,2,0.63,0.592,0.414,7,4,4.0,7,-0.972,0,3,2,0,-1.555,0.0,4,0.0,1,1,3,5,3,7,1,6,6,1,-1.004,0,6,0,0
7,2,6,2,3,1.134,7,0.984,0.195,1.969,2,1,4.0,1,-0.718,2,0,0,7,2.765,0.0,0,0.0,3,0,2,4,3,1,4,5,1,1,0.594,7,1,3,0
1,6,5,4,6,-0.867,0,-0.205,0.316,0.499,6,6,4.0,1,0.247,7,7,7,0,1.191,0.0,3,0.0,7,7,2,3,1,6,4,7,1,7,1.804,4,7,5,0
5,7,5,0,2,-0.467,4,1.294,1.311,-1.413,0,6,1.0,5,2.464,7,6,2,5,3.127,0.0,4,0.0,6,3,4,5,3,6,3,2,3,2,3.208,1,2,1,0
4,7,1,4,2,-1.086,3,-1.533,-1.188,-0.371,6,1,6.0,1,-1.716,4,5,0,3,-1.139,0.0,1,0.0,0,0,4,4,6,6,3,6,0,7,-3.12,1,4,0,0
2,2,2,5,5,-0.084,5,0.801,0.542,0.293,7,1,2.0,3,2.062,0,0,5,0,-0.125,0.0,3,0.0,4,4,4,1,6,3,4,0,2,6,0.816,4,0,4,0
0,6,0,6,3,0.851,6,0.45,-0.029,-0.913,0,2,3.0,4,0.893,6,3,7,2,-0.633,0.0,1,0.0,4,7,6,3,5,3,6,1,4,5,1.729,7,0,2,0
3,5,2,7,4,-1.382,7,-0.939,-0.647,-0.829,4,7,4.0,0,-0.91,4,2,3,3,1.6,0.0,7,0.0,1,4,4,3,7,3,4,3,5,5,-1.14,2,0,1,0
3,7,4,6,7,1.575,2,0.729,0.484,1.41,3,1,3.0,6,-0.633,0,0,6,0,0.018,0.0,3,0.0,1,6,5,3,2,0,3,6,3,0,0.993,0,4,0,0
7,4,0,1,5,1.155,3,-1.073,-1.09,0.147,3,4,3.0,6,3.185,3,1,2,3,-0.396,0.0,6,0.0,6,3,4,1,5,1,5,5,3,0,-0.645,7,2,2,0
5,1,3,1,5,-0.783,1,1.605,2.15,1.401,2,0,1.0,6,1.781,3,7,3,7,-0.447,0.0,2,0.0,7,4,3,0,6,5,4,7,4,6,1.62,3,0,7,0
7,2,7,0,3,-0.99,1,-0.31,0.635,-0.145,6,4,2.0,2,-1.086,3,7,4,0,0.712,0.0,0,0.0,7,4,0,0,6,6,6,7,4,1,1.476,1,3,6,0
5,7,1,6,2,-1.051,7,0.597,0.35,-0.892,0,3,3.0,7,-0.887,0,0,2,2,4.619,0.0,3,0.0,1,6,2,3,4,7,4,7,6,5,0.433,4,1,4,0
5,5,2,6,0,1.45,7,2.983,2.931,-1.575,3,7,0.0,2,3.063,6,0,3,1,-1.966,0.0,0,0.0,0,5,0,6,6,3,0,6,5,3,5.079,6,5,5,0
7,7,7,2,0,0.897,7,1.797,2.169,0.156,6,6,0.0,4,2.607,1,4,1,0,1.894,0.0,3,0.0,5,1,1,1,6,3,7,2,2,6,3.273,0,3,2,0
6,2,4,6,1,1.057,2,-0.341,-1.028,-1.213,2,3,6.0,7,-1.038,1,5,5,3,0.456,0.0,7,0.0,5,5,4,5,1,3,5,1,2,0,0.493,7,3,7,0
3,6,4,7,4,1.057,6,0.147,-0.426,-0.67,0,2,4.0,0,-1.772,4,1,0,2,-2.275,0.0,3,0.0,6,3,0,0,1,4,2,3,5,5,-0.031,2,2,0,0
3,4,0,5,6,0.317,4,-2.628,-1.681,-0.067,4,5,6.0,0,-0.748,4,7,1,5,0.854,0.0,6,0.0,2,3,5,4,2,4,6,5,6,3,-1.969,7,7,4,0
6,5,6,5,3,0.631,1,0.7,0.592,0.694,0,4,3.0,0,3.426,5,4,5,6,0.309,0.0,4,0.0,1,0,6,2,5,6,4,3,7,2,-2.814,3,4,7,0
4,1,5,7,6,-0.528,2,-0.074,-0.746,-0.786,6,5,5.0,7,-1.077,1,3,1,6,-0.458,0.0,6,0.0,4,1,7,2,7,7,4,6,6,1,0.717,7,7,2,0
7,0,2,2,4,-0.203,1,-1.263,-0.759,-1.371,7,7,5.0,0,1.214,6,3,5,0,4.241,0.0,6,0.0,6,6,0,2,3,4,0,4,7,7,-0.878,7,3,2,0
6,2,7,7,1,-0.09,1,1.32,0.868,1.815,1,5,2.0,1,1.212,7,7,3,3,-0.361,0.0,1,0.0,6,0,5,0,1,5,0,7,6,3,3.038,1,5,3,0
5,1,1,4,4,-0.653,5,-1.341,-0.733,0.709,6,5,4.0,1,-1.374,1,7,0,6,1.231,0.0,7,0.0,2,7,2,3,1,6,3,3,5,3,-1.24,0,0,4,0
2,4,4,1,4,1.282,4,-0.411,-0.683,0.012,2,2,6.0,4,-1.327,4,0,5,4,-1.208,0.0,3,0.0,6,5,3,2,0,5,2,0,0,4,1.433,2,7,4,0
6,7,0,3,2,1.6,3,0.568,0.934,0.269,4,6,2.0,4,3.024,0,5,7,3,0.083,0.0,1,0.0,1,6,0,6,6,3,1,7,2,1,0.701,4,4,7,0
3,1,0,3,5,1.509,4,0.05,-0.927,-0.263,3,6,4.0,2,-3.6,7,7,5,0,-3.043,0.0,0,0.0,6,2,1,7,5,7,3,2,1,0,-0.608,2,3,1,0
0,5,7,7,7,-0.246,4,0.298,0.207,-2.734,4,5,3.0,7,-1.181,2,0,0,4,1.257,0.0,0,0.0,2,2,2,3,7,0,7,5,1,1,0.265,7,7,6,0
2,4,0,7,2,-2.08,4,-0.373,-1.432,1.016,5,2,4.0,3,-0.731,0,5,3,4,-4.665,0.0,4,0.0,1,7,2,6,3,6,5,0,0,5,-2.344,7,0,0,0
3,4,4,4,5,1.158,1,0.371,-0.496,-1.41,5,4,3.0,0,-0.877,5,1,1,0,2.392,0.0,1,0.0,5,7,4,7,3,0,6,0,2,7,-0.737,2,7,1,0
4,1,7,3,6,0.876,6,-0.937,-1.859,0.421,4,6,6.0,7,0.809,7,3,0,5,-4.073,0.0,1,0.0,6,7,6,2,1,2,0,7,7,3,-0.106,6,7,2,0
7,2,0,3,2,-0.289,6,-2.01,-1.621,0.249,0,3,4.0,4,-5.926,5,7,5,6,-1.259,0.0,5,0.0,2,5,1,6,3,0,2,3,3,2,-0.312,5,4,4,0
6,7,2,5,7,0.546,6,-1.167,0.514,0.458,0,2,3.0,0,-1.193,3,5,7,5,2.081,0.0,4,0.0,1,5,7,0,4,1,5,1,2,1,-1.009,4,0,6,0
6,6,7,0,1,1.924,3,-0.197,0.004,-0.78,4,0,4.0,3,-1.033,0,7,6,0,-3.302,0.0,3,0.0,3,6,2,0,4,1,2,4,0,6,-1.879,1,1,7,0
3,2,7,6,3,-0.787,1,1.288,0.314,0.249,4,0,3.0,3,0.546,5,3,6,3,-1.544,0.0,2,0.0,1,5,0,5,3,6,0,3,7,7,1.125,0,4,3,0
0,7,4,5,3,-0.894,0,-0.803,-0.007,1.068,3,6,4.0,3,1.767,7,4,4,4,-1.095,0.0,4,0.0,3,0,1,2,1,0,5,3,4,2,0.003,6,1,0,0
4,2,4,3,1,-1.459,3,0.43,1.145,1.406,2,1,1.0,0,3.179,4,3,4,2,0.813,0.0,1,0.0,3,2,3,6,7,0,7,1,0,2,-0.151,3,7,5,0
6,3,1,2,4,0.585,5,1.806,0.711,1.585,2,6,1.0,5,0.891,5,0,6,6,4.847,0.0,2,0.0,2,0,7,4,0,1,5,4,0,3,0.585,4,2,6,0
1,2,5,4,3,-0.051,1,0.522,-0.81,1.483,3,5,3.0,2,-1.191,0,5,3,0,0.804,0.0,6,0.0,0,0,5,0,3,1,7,4,6,0,-0.605,7,0,0,0
7,4,1,1,2,1.573,3,2.268,1.354,-0.591,2,4,1.0,7,-0.377,2,5,1,1,-0.773,0.0,2,0.0,2,2,2,6,3,0,7,4,1,5,0.827,5,1,1,0
4,0,4,1,3,-1.517,0,0.485,0.493,0.427,5,0,1.0,0,2.461,4,0,5,6,0.294,0.0,0,0.0,2,2,5,6,4,3,3,1,0,7,2.002,0,0,7,0
0,4,1,2,4,2.487,7,-0.551,0.59,1.292,4,6,3.0,4,-1.859,2,6,4,5,-4.396,0.0,6,0.0,3,2,0,2,0,3,5,0,3,0,-0.403,1,6,0,0
4,0,1,2,2,-0.131,0,0.533,0.65,0.296,2,7,3.0,4,0.401,1,1,3,4,1.535,0.0,6,0.0,0,6,6,0,0,2,2,2,7,6,-1.676,3,5,5,0
7,7,3,3,3,-1.206,4,0.08,-0.337,0.756,2,2,4.0,5,0.424,6,6,0,5,-3.082,0.0,7,0.0,4,5,6,7,5,4,1,7,6,1,2.706,7,3,0,0
5,2,4,7,7,0.147,4,-0.021,-0.596,-0.304,0,1,5.0,3,0.35,0,1,6,0,2.163,0.0,2,0.0,2,4,2,4,4,0,4,6,4,7,-0.428,3,4,6,0
6,2,1,1,0,-0.049,0,0.655,0.356,-0.272,1,6,2.0,0,1.175,6,6,1,7,0.212,0.0,4,0.0,1,7,2,1,3,0,4,3,6,6,1.342,2,6,5,0
6,2,0,4,2,1.243,2,-1.323,-1.241,0.172,6,4,5.0,1,-2.689,0,2,6,6,-0.127,0.0,2,0.0,2,4,4,6,1,1,4,6,1,4,-0.879,3,5,2,0
4,0,2,4,4,1.36,3,0.295,0.077,-0.175,1,5,4.0,5,-2.642,1,7,2,3,-2.109,0.0,2,0.0,1,6,0,2,4,0,3,2,1,0,1.504,1,5,3,0
3,1,0,4,2,1.544,2,-0.803,-0.73,-2.496,4,3,4.0,3,-0.168,4,4,2,1,1.612,0.0,0,0.0,2,6,3,3,5,6,6,4,4,6,-0.95,0,0,6,0
1,5,0,2,2,0.508,3,-1.191,-0.651,0.539,1,1,5.0,2,-2.053,0,6,1,1,-2.528,0.0,0,0.0,3,7,5,5,0,6,0,5,1,1,0.535,2,2,2,0
1,7,1,7,5,2.284,5,-2.733,-1.709,1.714,3,3,7.0,4,-1.468,7,2,2,5,-3.232,0.0,1,239.19,1,1,4,7,7,7,4,4,3,0,-1.841,3,0,2,1
3,6,1,4,2,-0.1,1,-1.101,-0.509,-0.123,2,3,5.0,1,-1.228,1,6,3,1,1.947,0.0,3,0.0,7,6,4,6,6,1,4,1,0,0,-1.306,0,1,3,0
0,0,2,1,5,-0.232,4,-1.217,-0.807,-0.147,2,7,4.0,0,-1.723,5,2,6,6,1.971,0.0,1,0.0,0,7,6,7,3,3,7,2,0,7,-0.309,1,7,6,0
5,6,5,3,1,-0.221,7,0.462,0.959,0.516,4,1,3.0,7,1.789,2,3,0,5,3.71,0.0,5,0.0,6,1,3,6,6,5,2,2,0,7,1.538,6,0,5,0
1,2,4,0,6,0.902,2,1.376,1.438,0.128,7,3,2.0,5,3.979,2,4,2,0,1.49,0.0,6,0.0,3,1,2,7,4,0,7,6,4,2,2.276,5,7,3,0
1,5,0,5,3,0.056,7,0.735,0.551,1.948,4,4,2.0,3,0.449,5,4,2,4,4.854,0.0,1,0.0,2,3,5,0,6,3,5,6,6,4,1.16,5,7,2,0
5,2,2,0,6,0.265,5,0.559,1.387,-0.686,4,1,1.0,6,2.845,6,3,5,6,-1.779,0.0,5,0.0,3,6,6,6,6,0,1,0,2,6,1.283,5,7,4,0
4,6,5,0,3,1.496,0,0.525,0.114,0.876,1,7,2.0,2,1.749,0,7,5,0,-2.214,0.0,2,0.0,1,6,7,0,4,7,1,0,2,0,0.202,0,4,0,0
0,4,2,6,2,0.342,7,0.095,-0.203,0.317,3,5,4.0,4,0.923,0,7,0,2,-4.288,0.0,0,0.0,0,3,3,5,2,1,2,2,7,4,-0.085,6,0,1,0
4,0,3,2,0,-0.877,2,-0.972,-0.415,1.52,3,2,4.0,5,0.444,0,3,5,3,-3.748,0.0,3,0.0,6,2,5,3,7,7,4,7,1,4,-2.783,0,4,4,0
1,5,6,7,4,-0.184,4,0.494,-0.121,-0.333,4,4,3.0,2,0.961,4,5,7,7,0.483,0.0,2,0.0,3,3,5,0,5,0,5,2,1,7,0.063,2,0,4,0
7,1,1,0,6,-0.466,6,0.995,1.711,-2.072,1,0,-0.0,5,1.132,6,2,2,4,1.111,0.0,4,0.0,6,5,2,3,3,0,6,3,7,1,2.315,3,5,2,0
5,1,5,5,4,0.358,0,-0.904,-0.406,-0.263,1,4,3.0,2,-1.13,3,5,1,5,-1.149,0.0,6,0.0,2,3,3,7,2,0,6,5,5,7,-0.254,2,3,2,0
6,2,2,0,7,-0.403,5,-0.494,-0.44,0.052,1,2,4.0,3,2.298,0,6,4,6,-2.165,0.0,6,0.0,7,3,5,5,5,0,6,0,7,0,2.241,1,4,0,0
7,2,7,2,6,0.871,6,1.368,0.988,-0.501,2,0,1.0,1,0.187,0,3,1,0,0.312,0.0,7,0.0,7,5,1,7,4,3,0,7,3,0,0.618,7,6,5,0
5,5,5,1,4,0.717,3,-1.834,-0.599,1.352,0,5,4.0,4,2.166,1,0,5,1,-1.387,0.0,5,0.0,3,0,6,1,6,7,5,1,2,7,-0.947,0,3,4,0
7,6,7,5,2,1.345,5,0.304,1.079,-1.607,7,0,3.0,7,0.685,1,1,2,1,3.073,0.0,6,0.0,1,1,6,1,4,1,6,0,1,5,2.418,2,7,5,0
3,2,6,3,3,-0.03,3,-1.5,-1.478,0.896,1,3,4.0,5,-5.065,5,5,4,0,-0.082,0.0,2,0.0,5,4,4,3,0,1,5,2,0,7,0.059,6,3,6,0
0,5,7,6,6,-1.016,2,-1.41,-1.298,-0.879,1,7,3.0,6,-1.143,1,0,0,1,-1.748,0.0,5,0.0,3,4,3,6,1,2,3,1,1,6,-0.51,4,7,0,0
4,4,4,3,4,2.917,4,0.205,-0.563,-0.584,2,3,4.0,5,-2.343,3,5,7,0,2.226,0.0,1,0.0,6,7,5,7,1,3,2,7,4,7,0.4,3,4,5,0
6,3,1,4,1,-0.017,0,2.554,2.215,-0.07,7,7,0.0,2,3.636,7,7,1,5,3.674,0.0,5,0.0,1,3,3,4,2,2,5,4,5,0,2.441,1,4,6,0
0,1,0,6,5,0.757,1,0.632,0.023,2.141,1,5,3.0,7,-0.072,1,3,3,4,3.181,0.0,2,0.0,2,6,1,5,2,2,1,4,5,6,0.27,2,1,4,0
3,2,1,5,0,0.254,4,0.561,1.115,0.557,3,4,1.0,5,0.244,7,2,6,1,4.675,0.0,0,0.0,3,5,2,0,1,1,5,7,5,0,-0.365,3,4,1,0
4,2,0,2,1,0.145,0,0.909,-0.248,-0.67,0,4,2.0,0,0.678,3,1,6,2,0.566,0.0,4,0.0,4,6,0,3,7,7,6,4,1,7,-0.889,1,2,2,0
3,3,3,5,0,-1.551,3,-1.53,-2.284,0.824,1,0,5.0,4,-3.181,6,3,6,5,-0.665,0.0,5,0.0,6,2,6,1,4,1,1,5,0,1,-2.661,0,6,3,0
3,2,2,1,2,0.205,5,-0.642,0.016,-1.389,2,1,4.0,5,0.143,4,0,6,7,-1.442,0.0,6,0.0,3,2,1,0,1,3,6,6,1,0,-0.615,0,6,7,0
1,6,5,3,1,-0.8,5,0.188,0.047,0.634,6,6,3.0,7,3.927,6,5,7,2,-2.533,0.0,7,0.0,4,0,3,1,2,5,7,4,3,0,0.617,7,2,4,0
2,7,1,3,0,1.448,6,1.286,1.733,-1.293,0,5,1.0,7,-1.187,6,5,6,1,2.559,0.0,5,0.0,0,0,5,7,5,7,1,1,2,3,2.078,4,3,7,0
3,0,5,1,4,-0.268,5,0.672,0.165,-0.387,1,6,2.0,3,-0.177,5,5,5,6,1.298,0.0,7,0.0,2,2,6,7,6,7,1,3,4,1,1.027,7,5,3,0
4,5,6,6,0,1.337,6,1.451,1.376,-1.15,0,4,2.0,1,0.293,0,5,2,6,2.816,0.0,0,0.0,4,7,0,6,3,5,0,2,6,1,-0.336,3,2,5,0
4,6,4,0,5,-0.761,3,0.18,0.667,-1.277,7,0,3.0,3,-1.206,0,3,5,0,-0.637,0.0,0,0.0,1,3,2,0,7,3,3,1,6,0,0.543,3,2,6,0
5,5,0,7,2,0.583,7,-0.376,-0.28,-1.13,0,3,6.0,6,-1.026,2,4,5,4,-2.429,0.0,0,0.0,1,3,1,3,2,5,5,4,7,0,0.233,4,2,3,0
6,1,7,7,3,1.265,3,-1.766,-2.49,1.168,2,2,8.0,4,-0.978,2,4,3,5,-4.766,0.0,4,237.8,2,3,5,6,5,0,3,0,2,2,-1.627,1,5,3,1
7,1,4,7,5,0.261,2,0.741,0.327,0.97,6,4,2.0,0,1.488,3,1,0,3,-2.984,0.0,6,0.0,3,3,6,6,0,4,1,1,3,6,0.745,2,4,0,0
7,5,6,6,0,-0.273,1,1.351,0.769,0.227,7,2,2.0,4,0.16,6,4,3,4,4.505,0.0,7,0.0,2,1,4,6,2,4,6,6,2,6,2.738,7,0,0,0
2,5,7,4,0,-0.381,3,1.636,2.097,0.643,4,1,-0.0,4,4.174,0,1,3,2,-2.629,0.0,3,0.0,2,4,1,1,5,1,3,2,1,3,1.284,7,1,6,0
0,5,6,2,7,-0.588,3,-1.137,-1.154,2.847,4,5,4.0,5,0.908,0,0,1,0,-2.896,0.0,4,0.0,7,6,3,1,4,6,7,5,3,5,-1.295,6,2,7,0
3,3,0,5,0,-0.71,1,0.997,1.205,1.219,1,5,1.0,1,0.718,0,6,1,1,-0.682,0.0,6,0.0,5,4,7,0,0,0,5,1,6,6,2.872,7,7,6,0
7,6,3,2,4,1.12,0,-0.128,-1.022,-0.542,7,5,4.0,7,1.846,1,3,0,0,-2.65,0.0,7,0.0,5,5,4,1,1,5,3,2,5,6,-1.164,5,7,7,0
4,1,1,4,2,0.175,2,1.924,0.841,-0.081,0,5,-0.0,0,1.672,2,7,1,4,5.073,0.0,3,0.0,2,2,5,3,3,7,6,7,6,6,-0.209,6,4,1,0
1,5,0,4,2,0.119,3,-1.293,-1.34,-0.254,6,2,6.0,5,-2.033,3,2,3,0,1.04,0.0,6,0.0,1,6,5,5,7,3,3,7,5,5,-1.691,4,0,3,0
1,2,7,4,7,-0.499,4,0.095,-1.492,0.493,4,0,6.0,3,-1.257,5,6,1,7,-2.61,0.0,2,0.0,5,7,7,2,5,2,7,3,0,7,0.971,3,2,1,0
6,5,6,3,3,1.206,4,-0.591,-0.071,0.397,0,2,3.0,5,0.04,5,5,6,5,-0.895,0.0,3,0.0,5,6,6,1,4,2,3,0,1,1,-0.085,5,0,7,0
2,2,4,0,4,-1.165,6,-0.49,-0.024,0.597,3,0,3.0,4,1.047,6,4,1,1,-5.444,0.0,2,0.0,2,7,6,2,1,5,1,2,2,5,0.191,3,1,7,0
3,2,4,3,0,-0.057,5,2.822,3.869,-0.303,3,2,0.0,0,3.45,0,2,7,1,6.039,0.0,3,0.0,1,0,3,1,1,3,5,6,5,0,4.526,2,2,2,0
2,3,1,5,6,-0.412,7,1.153,0.929,0.234,6,5,1.0,5,-0.385,5,6,0,4,-1.622,0.0,2,0.0,0,1,7,4,3,4,0,7,5,5,1.498,5,5,7,0
3,4,4,4,3,1.504,1,0.793,1.517,0.792,5,7,1.0,5,3.36,5,4,0,7,0.704,0.0,7,0.0,4,6,2,7,0,2,2,0,2,3,0.825,2,3,4,0
6,1,3,4,0,0.786,3,-0.164,-1.498,-0.084,3,2,5.0,3,-0.085,6,3,7,1,-4.225,0.0,1,0.0,7,0,7,6,7,0,4,5,5,3,0.957,1,0,7,0
7,5,4,0,4,1.043,6,1.961,1.761,-0.307,5,0,1.0,7,4.018,6,5,3,6,0.989,0.0,7,0.0,7,4,1,2,1,7,5,3,2,4,3.772,6,0,2,0
1,3,1,7,2,1.324,6,-0.587,-0.332,-1.167,6,5,4.0,5,-1.216,5,0,7,2,-1.392,0.0,5,0.0,7,7,7,4,3,0,0,0,7,7,0.276,0,6,3,0
1,7,1,3,1,0.296,7,0.33,0.346,0.295,1,6,4.0,1,1.787,4,2,5,7,-2.113,0.0,2,0.0,3,6,6,4,3,2,4,1,1,4,2.607,5,6,0,0
5,3,2,7,2,-1.945,0,-0.581,-0.78,0.902,7,1,4.0,1,-0.66,7,5,4,3,5.3,0.0,6,0.0,3,7,1,4,2,0,0,0,7,3,0.985,2,7,6,0
6,7,1,6,0,-0.427,5,1.25,1.408,0.432,4,6,2.0,3,1.03,0,7,3,0,-1.32,0.0,4,0.0,4,5,5,2,6,5,0,7,4,0,2.119,6,4,2,0
4,5,5,4,5,-0.372,1,-0.458,-0.374,-2.135,0,7,4.0,2,-3.535,3,3,2,2,-1.962,0.0,1,0.0,5,2,5,6,7,0,3,6,3,0,-0.065,6,1,0,0
5,3,3,3,4,0.858,5,-0.61,-0.894,-0.941,0,1,5.0,6,0.288,2,6,5,6,0.586,0.0,6,0.0,7,7,7,5,0,0,2,2,6,7,-1.697,4,7,0,0
7,5,4,6,3,-0.075,7,0.817,0.401,0.009,2,5,1.0,6,-0.33,7,1,2,6,-2.233,0.0,0,0.0,1,7,7,1,5,5,0,5,5,4,1.865,7,3,6,0
1,4,2,0,4,1.007,5,-3.445,-2.438,0.622,6,6,7.0,4,-0.397,6,7,6,2,5.236,0.0,5,168.04,0,7,7,2,2,6,6,5,4,2,1.613,7,3,4,1
0,0,7,3,3,-1.19,0,0.056,0.688,0.475,1,5,2.0,5,0.498,6,4,1,4,-1.264,0.0,3,0.0,7,1,4,7,4,5,0,5,3,5,1.028,7,6,4,0
5,5,7,3,5,0.374,3,1.154,0.298,-0.5,0,0,4.0,3,3.537,6,0,3,5,0.189,0.0,6,0.0,0,1,0,0,2,3,4,0,4,3,-0.141,4,5,6,0
0,5,6,7,0,-3.058,6,-1.0,-0.108,-0.824,3,1,3.0,2,-2.332,5,7,0,4,-0.068,0.0,5,0.0,1,3,5,7,2,5,0,5,0,0,0.25,4,3,2,0
1,4,0,0,4,1.544,2,-1.48,-0.853,0.503,0,4,6.0,6,-3.355,4,5,3,6,0.075,0.0,4,0.0,4,3,4,4,7,1,7,3,6,0,-1.567,3,7,0,0
0,5,5,5,3,-0.019,4,0.375,-0.295,-0.368,3,2,2.0,1,-2.025,1,4,3,1,2.39,0.0,0,0.0,4,2,2,0,7,6,1,2,5,7,-0.513,3,2,4,0
6,1,0,1,7,3.423,6,-0.132,-0.118,1.322,0,7,4.0,7,0.621,4,5,1,3,0.984,0.0,1,0.0,5,0,6,5,7,2,1,4,5,0,-0.056,1,4,2,0
4,7,7,2,3,0.58,3,-0.622,-0.332,-0.859,5,6,3.0,7,0.539,7,4,0,7,1.393,0.0,1,0.0,6,1,0,4,4,2,0,4,7,0,-2.441,6,4,7,0
1,5,1,2,6,-1.057,0,-0.458,0.075,-0.781,5,4,3.0,1,-0.307,0,4,1,7,2.127,0.0,1,0.0,5,3,2,0,5,4,4,5,0,5,-1.417,5,3,1,0
4,6,2,1,4,-0.074,5,1.212,1.206,-0.485,6,5,1.0,3,2.234,2,3,0,1,3.219,0.0,4,0.0,0,2,3,2,6,4,1,2,3,6,0.617,6,3,7,0
6,0,0,0,5,0.953,4,-1.099,-0.631,-0.901,6,6,3.0,3,-0.141,7,4,7,2,-0.928,0.0,0,0.0,0,5,4,3,5,1,1,6,5,5,-0.293,5,4,6,0
6,6,1,1,4,-1.985,6,0.88,0.352,-0.096,6,3,3.0,5,0.557,3,2,7,4,0.519,0.0,2,0.0,2,2,0,4,3,5,7,3,3,4,-1.057,2,3,6,0
6,2,5,2,6,-0.364,6,0.685,0.071,-0.959,6,3,2.0,4,-4.256,1,2,3,2,-0.96,0.0,3,0.0,6,4,0,2,3,7,0,4,5,0,-2.219,4,5,7,0
6,6,1,7,3,-0.499,2,0.755,0.734,-1.308,7,7,2.0,3,0.711,2,5,6,5,-2.694,0.0,7,0.0,7,0,5,6,5,6,2,2,7,0,0.656,7,4,0,0
0,1,6,4,7,-0.399,4,-0.809,-1.094,0.488,3,5,3.0,5,-0.098,1,0,5,5,-3.387,0.0,3,0.0,2,5,0,2,3,3,4,5,0,0,-0.571,3,5,5,0
7,7,2,2,3,-0.843,7,0.071,0.603,-1.182,0,5,2.0,5,0.106,5,7,0,6,1.604,0.0,0,0.0,4,3,5,4,6,4,6,0,0,4,0.322,5,3,4,0
0,0,0,1,5,0.19,5,-2.115,-1.774,-0.188,0,4,6.0,0,-2.229,7,2,1,2,0.72,0.0,0,0.0,4,6,3,5,4,6,2,3,0,5,-2.44,3,4,2,0
3,7,6,7,1,-1.718,0,0.296,-0.053,0.679,4,5,3.0,5,-1.271,0,5,3,4,-1.817,0.0,3,0.0,0,1,3,0,1,1,0,2,3,3,0.228,3,3,1,0
4,7,1,3,5,-1.782,5,-0.703,-0.927,-0.807,4,0,3.0,2,0.178,2,4,0,7,-0.359,0.0,1,0.0,1,1,0,6,0,1,2,2,3,6,-0.885,6,1,7,0
7,3,2,1,4,-1.075,6,0.922,0.018,0.071,7,2,3.0,7,-1.008,6,1,1,5,5.22,0.0,2,0.0,5,0,7,3,6,0,5,4,7,0,0.256,6,2,3,0
3,4,3,4,0,0.492,4,0.501,0.46,0.527,2,2,1.0,2,2.291,7,7,4,0,0.132,0.0,3,0.0,4,2,7,4,3,3,1,2,5,4,0.961,3,5,1,0
5,4,7,4,6,-0.898,4,0.027,0.214,1.397,7,2,2.0,4,1.486,6,3,4,3,3.521,0.0,1,0.0,0,5,6,0,7,5,0,7,2,1,0.626,6,3,3,0
3,4,2,4,3,1.093,4,-4.645,-3.752,-0.101,4,6,10.0,7,-3.884,3,7,4,2,-6.385,0.0,7,282.47,7,4,1,7,4,3,1,0,6,1,-5.332,3,6,4,1
5,3,3,7,0,-0.779,3,-0.712,-0.898,-2.558,7,1,3.0,5,-0.807,4,7,3,1,-1.374,0.0,5,0.0,2,2,0,7,3,1,1,0,7,7,-0.302,0,0,4,0
0,0,6,2,2,-0.688,5,-1.156,-0.8,0.88,3,4,3.0,7,0.029,7,1,4,6,-1.021,0.0,2,0.0,7,3,5,0,5,3,6,2,1,7,-1.62,6,7,4,0
4,6,5,1,3,-0.244,0,-0.824,0.702,-1.173,4,7,3.0,2,0.242,5,5,0,2,-1.581,0.0,2,0.0,5,2,7,1,6,4,0,6,6,6,0.805,3,6,3,0
2,5,5,6,4,-1.454,4,-1.202,-1.02,0.422,4,4,3.0,4,-0.251,7,7,3,6,1.769,0.0,0,0.0,2,7,1,7,5,5,3,2,3,3,0.04,6,1,1,0
1,0,1,5,4,-0.264,0,-0.708,-0.877,-0.486,5,1,5.0,3,-2.001,3,6,4,5,-2.633,0.0,6,0.0,6,7,7,2,6,1,7,0,2,6,0.436,2,6,2,0
0,6,7,5,4,-0.361,3,-0.661,-0.534,-0.765,0,4,5.0,7,-0.848,2,1,1,5,-2.287,0.0,0,0.0,0,2,0,2,4,5,7,6,0,4,-0.986,6,2,1,0
2,4,7,3,2,-0.027,6,-0.719,-0.481,-0.431,7,3,2.0,5,2.877,4,2,5,4,5.035,0.0,0,0.0,3,5,0,2,5,6,7,1,1,0,-0.938,7,4,5,0
2,3,3,0,2,-0.48,5,0.194,0.172,0.453,0,2,3.0,5,0.88,1,7,4,0,-2.844,0.0,3,0.0,0,2,5,6,0,3,5,5,6,2,-0.727,5,1,7,0
4,0,6,7,3,2.162,7,-0.776,-0.291,1.164,0,2,4.0,2,0.958,4,3,0,2,-0.9,0.0,0,0.0,3,5,6,3,2,7,0,0,2,0,-0.738,6,6,3,0
5,5,7,6,3,-1.162,5,4.529,3.613,2.392,1,0,0.0,6,4.396,6,2,2,5,8.19,0.0,1,0.0,7,2,4,1,5,4,2,3,3,2,1.494,7,3,2,0
2,3,6,3,0,2.436,5,0.217,-0.204,-0.921,7,1,3.0,7,-0.007,7,3,3,4,-0.977,0.0,5,0.0,3,1,7,3,3,5,1,7,7,5,0.128,5,2,4,0
3,0,5,7,3,-0.91,3,2.051,1.053,-0.006,6,2,1.0,5,1.857,5,4,5,3,2.351,0.0,6,0.0,5,1,6,3,5,4,5,2,1,3,1.382,2,5,3,0
2,5,5,4,3,-0.578,4,1.269,1.138,-1.226,7,4,3.0,1,1.304,5,5,6,5,-0.502,0.0,7,0.0,0,5,3,1,3,7,0,2,3,4,1.949,2,7,4,0
5,4,1,4,7,0.151,4,-1.745,-0.412,-1.285,7,3,3.0,2,-0.976,4,7,3,0,1.324,0.0,7,0.0,2,4,3,0,2,4,1,4,5,4,-0.203,6,2,0,0
4,2,2,6,1,1.827,6,-1.2,-0.634,0.392,1,4,4.0,5,0.221,1,2,7,1,1.023,0.0,4,0.0,0,3,7,4,6,5,1,4,7,7,-2.424,4,4,7,0
0,2,6,0,2,-0.097,7,1.02,1.074,-0.842,1,4,1.0,2,2.951,5,6,4,2,3.884,0.0,2,0.0,5,5,3,0,2,7,1,3,5,4,1.497,7,7,2,0
4,2,3,3,2,0.261,0,-0.338,-1.185,0.165,0,1,7.0,4,1.426,4,4,1,6,-2.208,0.0,6,513.74,1,6,2,3,6,6,7,1,7,4,-2.021,5,7,3,1
4,2,5,2,2,0.203,1,0.789,1.629,-0.491,5,5,1.0,6,0.898,5,2,7,4,-0.765,0.0,6,0.0,6,0,5,0,3,2,0,5,7,5,0.334,5,3,5,0
1,1,2,7,0,-0.29,7,-0.494,-1.187,1.161,1,6,5.0,3,-3.467,4,7,6,5,-1.43,0.0,6,0.0,4,0,4,5,2,5,0,1,6,3,-1.453,5,6,6,0
5,7,1,6,0,0.417,1,0.515,0.444,-2.218,5,1,3.0,4,1.728,7,4,5,6,-0.14,0.0,5,0.0,1,0,3,5,6,0,6,2,1,6,0.421,5,0,2,0
3,6,3,7,1,-0.367,6,1.119,0.407,0.91,7,3,3.0,2,0.839,6,7,2,3,0.427,0.0,3,0.0,6,3,3,7,7,1,3,2,3,1,-0.117,4,5,7,0
5,6,4,5,5,-0.611,1,0.739,0.509,-1.514,0,6,3.0,7,2.558,2,2,3,4,-0.289,0.0,0,0.0,2,5,6,1,1,4,6,0,0,2,-0.108,5,1,4,0
7,3,4,4,5,-1.348,3,-1.017,-1.591,-0.638,5,1,5.0,5,-5.461,7,5,3,7,-1.474,0.0,1,0.0,3,2,1,0,3,1,2,1,6,5,-1.498,7,5,2,0
1,7,1,0,1,-0.156,1,0.597,0.708,-0.468,7,7,4.0,5,-1.824,0,5,3,4,0.496,0.0,2,0.0,7,1,7,7,0,3,3,2,5,3,-1.845,0,4,0,0
4,6,5,5,0,-0.254,6,-1.033,0.424,-0.015,2,5,2.0,0,0.577,2,4,5,2,1.474,0.0,2,0.0,1,3,4,4,2,0,3,7,5,1,0.617,5,3,0,0
7,1,6,2,1,0.134,7,-0.005,-0.649,1.162,5,4,6.0,3,-2.195,1,3,3,4,-0.237,0.0,4,0.0,7,1,6,5,5,5,4,5,1,2,-1.854,5,1,7,0
4,3,2,7,5,1.328,4,0.546,0.183,-0.689,7,0,2.0,6,-0.236,3,5,3,1,-0.543,0.0,1,0.0,1,1,5,4,5,2,0,3,7,5,-0.1,7,4,7,0
2,2,3,0,3,-0.971,6,0.482,0.091,0.788,3,3,2.0,6,2.118,3,3,0,3,2.067,0.0,4,0.0,4,5,0,7,4,1,2,7,5,6,-1.068,1,6,0,0
2,6,6,2,7,-1.24,2,-0.362,-1.197,0.514,2,7,5.0,3,-4.352,2,6,4,2,-4.248,0.0,4,0.0,4,2,3,7,4,7,5,7,4,3,-1.804,0,3,0,0
7,7,3,5,5,-0.12,6,0.09,-1.161,-1.0,0,4,4.0,2,-1.104,5,7,5,4,-0.005,0.0,1,0.0,6,2,0,2,0,7,7,5,0,3,-0.956,0,6,1,0
3,1,5,7,1,0.534,7,-0.733,-0.792,1.12,3,5,4.0,6,-0.195,0,7,5,3,-1.803,0.0,1,0.0,3,2,3,7,0,0,5,7,2,0,0.044,6,4,6,0
1,1,5,2,5,2.398,4,-1.012,-0.523,0.392,1,0,3.0,7,-0.502,0,3,3,7,-1.917,0.0,5,0.0,1,6,1,3,5,0,1,6,7,3,0.838,5,2,7,0
7,2,6,6,3,-1.57,3,1.633,0.641,-1.767,7,5,3.0,4,-2.076,4,4,1,0,0.012,0.0,3,0.0,6,4,1,2,5,2,2,4,2,2,2.062,7,3,2,0
3,2,0,0,3,-0.718,5,-0.213,0.839,-0.194,5,1,3.0,7,-0.487,7,6,1,5,2.718,0.0,6,0.0,3,7,7,6,1,7,0,7,2,5,0.527,3,0,7,0
5,7,5,5,5,0.807,5,0.27,0.655,0.942,5,5,3.0,3,-0.82,3,6,4,4,2.972,0.0,2,0.0,2,0,0,1,4,2,7,4,3,3,-1.122,2,6,5,0
4,5,7,3,7,0.032,2,-2.502,-1.751,0.767,7,7,5.0,4,-3.237,2,5,4,5,-2.235,0.0,0,0.0,3,4,7,0,4,6,7,7,2,5,-2.426,4,6,4,0
2,1,4,6,6,-0.066,2,-1.268,-0.851,0.199,1,2,4.0,3,-2.757,5,7,6,3,-0.338,0.0,2,0.0,5,3,1,3,3,0,4,6,6,4,-1.777,2,3,2,0
5,7,1,3,6,0.971,2,1.464,-0.003,-0.415,5,4,3.0,7,0.903,0,1,5,4,1.599,0.0,7,0.0,2,5,7,7,1,1,3,4,0,5,-0.557,7,3,7,0
0,2,0,0,5,0.019,6,1.5,1.511,0.244,4,5,1.0,3,2.19,1,2,3,4,-0.94,0.0,0,0.0,5,4,3,5,0,7,5,6,6,1,-0.26,6,7,0,0
7,5,1,7,5,-1.273,3,0.746,0.324,-0.19,3,2,4.0,7,0.616,5,0,1,4,-0.111,0.0,2,0.0,3,7,6,4,5,7,7,6,5,4,0.999,7,0,7,0
7,1,2,2,4,-0.093,2,1.359,0.82,-0.185,1,5,2.0,0,1.35,7,6,0,3,4.355,0.0,4,0.0,2,2,0,3,3,2,6,6,0,2,-1.146,4,3,2,0
6,4,6,0,1,-1.998,3,-0.768,-0.817,-0.918,2,7,5.0,2,-2.804,1,1,0,0,-2.337,0.0,3,0.0,4,1,7,2,3,6,6,4,3,6,-2.516,0,7,1,0
3,5,6,6,0,-0.516,1,0.541,0.62,-2.367,6,3,3.0,2,0.844,6,0,0,7,0.266,0.0,3,0.0,3,5,3,3,2,1,5,5,1,3,-0.245,7,6,4,0
4,6,1,7,7,1.248,1,-0.207,-0.5,-0.273,1,6,4.0,0,-1.967,4,6,3,1,4.031,0.0,2,0.0,4,1,2,7,3,7,1,3,1,7,-0.531,2,0,6,0
2,5,4,2,2,-1.229,3,-2.135,-1.484,-0.085,3,2,6.0,4,-1.103,6,6,6,7,-0.326,0.0,1,0.0,4,1,6,4,7,2,2,5,7,2,-0.393,1,4,6,0
5,5,6,5,6,1.29,4,-1.271,-0.477,0.988,5,0,4.0,3,3.516,7,6,1,1,-4.834,0.0,5,0.0,7,1,7,5,3,0,2,2,7,6,-1.631,7,4,3,0
6,5,1,7,3,-0.863,3,0.409,-0.276,0.368,7,7,2.0,1,0.653,7,5,7,3,1.056,0.0,6,0.0,4,7,1,1,7,7,1,3,1,5,-1.799,4,7,7,0
7,2,6,2,2,-0.42,1,-0.744,-0.4,1.027,7,6,2.0,6,1.692,7,3,4,5,1.059,0.0,5,0.0,4,0,5,1,7,7,5,5,1,4,0.155,3,4,2,0
5,4,4,2,6,-0.526,0,-0.069,0.501,-2.075,4,0,4.0,5,-1.29,5,4,2,3,-0.979,0.0,3,0.0,4,6,7,4,5,3,2,3,2,7,2.471,1,4,7,0
7,1,4,7,7,-0.286,1,-0.629,0.19,2.279,0,3,4.0,3,3.124,2,1,4,5,2.651,0.0,4,0.0,0,6,7,0,0,1,5,3,1,0,-0.517,2,7,7,0
2,3,6,5,2,-0.209,5,0.316,0.41,0.496,6,4,2.0,1,-0.497,6,1,0,6,-4.235,0.0,5,0.0,1,3,7,5,2,1,5,4,7,0,2.236,2,2,1,0
5,1,0,3,1,0.521,3,1.265,0.635,-0.239,7,5,3.0,0,-0.166,6,6,5,7,-2.209,0.0,7,0.0,3,2,4,6,0,6,6,2,3,7,2.454,1,6,1,0
5,6,4,6,7,0.017,6,0.797,0.301,0.289,5,5,1.0,5,0.282,0,1,7,3,-0.386,0.0,6,0.0,0,4,4,6,2,7,0,6,6,6,2.372,3,6,1,0
5,2,1,7,2,-0.513,2,0.793,1.268,0.003,2,7,3.0,7,-1.152,4,6,3,0,-0.441,0.0,3,0.0,3,4,4,0,4,4,6,5,5,5,1.547,0,2,6,0
3,7,2,7,7,2.025,0,0.007,0.542,0.365,6,0,3.0,7,1.228,2,7,3,4,1.218,0.0,2,0.0,7,7,3,5,7,0,4,0,1,0,0.225,6,7,7,0
1,5,4,3,1,-0.216,5,-2.39,-1.398,0.276,4,6,5.0,3,-1.956,3,1,2,1,0.099,0.0,0,0.0,3,6,0,3,7,7,5,3,6,2,0.707,1,3,5,0
6,1,6,1,2,1.657,4,-1.505,-1.23,2.191,4,1,4.0,5,-2.749,5,5,4,3,-0.387,0.0,0,0.0,1,5,0,6,1,5,6,3,1,0,-1.841,7,0,0,0
2,5,5,0,5,-0.527,5,-0.812,0.208,-0.906,0,3,3.0,5,-0.141,5,6,3,0,1.677,0.0,2,0.0,0,7,5,5,4,4,4,6,0,1,0.06,3,7,2,0
5,6,2,4,5,-0.659,7,2.147,1.485,-0.762,7,5,1.0,2,1.238,5,0,3,4,-0.248,0.0,3,0.0,2,1,5,7,4,6,7,1,5,2,2.506,5,3,0,0
4,6,3,6,7,1.615,7,0.074,-0.583,0.796,6,3,5.0,6,0.4,4,1,5,3,-3.503,0.0,2,0.0,6,2,1,3,3,5,0,2,3,2,1.808,4,7,5,0
0,6,3,3,6,1.181,5,-0.855,-0.819,-0.168,4,2,4.0,5,0.808,6,5,4,6,-1.781,0.0,6,0.0,6,5,5,0,3,2,4,1,6,2,-0.533,5,4,7,0
3,4,2,4,7,0.318,2,-0.713,-0.79,2.61,6,7,5.0,0,-1.319,6,4,1,6,-6.043,0.0,4,0.0,3,6,5,5,6,0,0,5,7,6,-0.687,1,0,5,0
7,3,6,3,4,-0.491,4,0.563,0.486,0.145,4,4,3.0,6,-0.88,4,4,2,5,4.556,0.0,7,0.0,4,3,0,6,7,4,0,5,3,6,0.583,0,7,0,0
7,5,4,0,0,-1.847,4,0.43,-0.112,-0.494,1,0,3.0,4,-0.076,5,4,5,3,-1.139,0.0,4,0.0,7,1,1,7,2,0,7,7,4,6,2.323,7,3,4,0
2,6,3,3,6,-0.164,6,-0.025,0.946,-1.111,4,0,3.0,3,0.004,7,6,6,4,1.165,0.0,2,0.0,7,0,2,2,5,5,5,6,6,1,-0.11,4,5,0,0
5,3,6,3,5,0.351,0,0.305,1.64,1.84,5,3,2.0,3,0.668,1,0,3,1,1.426,0.0,6,0.0,3,0,2,6,0,6,1,5,6,6,-0.441,0,7,2,0
4,5,6,7,4,0.069,7,1.055,0.834,-1.059,6,4,2.0,7,0.321,0,2,6,6,2.518,0.0,6,0.0,3,1,6,5,4,3,5,6,0,6,0.781,0,7,2,0
1,1,6,2,7,0.745,1,0.729,0.281,0.316,5,4,3.0,0,-0.761,1,7,0,0,-3.207,0.0,2,0.0,2,5,1,1,5,0,6,0,7,0,-1.184,2,3,2,0
1,3,7,6,1,0.229,0,-0.466,-1.175,-0.337,6,5,5.0,3,-1.061,5,7,6,1,-1.12,0.0,6,0.0,3,6,1,2,7,0,2,5,4,4,-0.342,1,6,5,0
6,6,7,3,2,0.993,1,1.931,2.013,0.555,5,2,1.0,0,0.732,4,7,3,5,2.272,0.0,6,0.0,2,2,2,2,2,1,0,5,7,4,0.841,5,2,3,0
1,2,0,2,5,-0.128,5,0.44,0.583,-0.698,1,2,3.0,4,-0.245,3,5,7,4,0.29,0.0,2,0.0,0,0,1,7,1,5,2,6,3,2,2.196,6,7,3,0
5,7,7,0,6,-0.804,1,-1.17,-0.904,-1.381,5,3,4.0,6,2.888,4,7,0,5,-1.044,0.0,0,0.0,1,4,5,2,7,5,1,3,3,0,-1.682,0,5,7,0
3,1,0,6,4,-1.657,7,2.089,1.579,-1.043,5,7,0.0,0,3.393,0,5,2,2,6.389,0.0,4,0.0,5,5,1,5,2,3,3,5,6,6,1.993,6,6,6,0
4,5,1,0,1,-0.852,3,1.538,1.673,0.359,0,6,0.0,0,0.939,6,6,0,5,2.0,0.0,3,0.0,1,5,5,1,5,7,4,1,1,0,-0.373,3,3,6,0
0,1,5,0,1,-1.144,5,1.093,-0.044,0.145,1,6,2.0,3,-1.0,1,0,0,1,0.993,0.0,0,0.0,1,7,2,4,0,7,7,0,1,5,0.678,7,5,1,0
4,7,5,6,5,1.488,2,0.077,-0.593,0.658,1,2,3.0,3,-0.015,4,4,7,7,-2.92,0.0,0,0.0,5,4,7,3,0,3,1,3,0,4,1.29,2,5,4,0
2,5,4,0,5,-1.79,3,-1.298,-0.539,-0.197,1,5,4.0,1,1.742,5,2,0,7,-0.932,0.0,1,0.0,5,3,0,5,4,3,3,5,5,4,-3.02,3,5,2,0
0,4,0,2,0,-1.686,7,0.267,0.27,0.85,1,2,3.0,4,0.827,2,1,4,6,-1.783,0.0,3,0.0,2,7,7,3,6,1,5,4,4,5,-1.58,2,7,3,0
6,6,2,2,6,0.876,1,-0.205,-0.016,-2.229,5,1,2.0,2,-0.217,1,4,0,1,-3.418,0.0,7,0.0,7,0,2,2,4,6,7,2,3,1,-1.154,2,1,2,0
6,7,5,2,2,0.347,1,-0.149,0.028,-0.961,6,7,4.0,7,0.903,4,0,0,1,-0.768,0.0,1,0.0,7,3,7,0,7,4,3,1,0,4,-0.236,1,0,5,0
1,3,5,0,4,-0.321,2,0.598,0.976,0.03,5,2,2.0,4,0.373,6,0,1,5,-0.811,0.0,3,0.0,7,0,4,3,0,7,5,3,1,6,1.731,1,3,6,0
0,5,0,1,2,0.651,7,-0.886,-1.428,1.116,3,5,5.0,2,-3.874,7,2,0,2,-1.179,0.0,6,0.0,4,5,2,7,1,1,6,0,3,0,-2.05,2,2,2,0
4,2,2,5,3,2.165,2,-0.453,-0.09,-0.921,3,5,4.0,1,0.628,5,4,2,0,-3.222,0.0,2,0.0,7,1,4,7,4,7,7,0,4,4,-1.82,6,7,3,0
4,0,4,4,6,0.145,5,0.49,0.263,0.391,6,7,3.0,1,2.424,7,5,2,6,0.577,0.0,4,0.0,3,1,4,3,4,1,5,6,5,6,-1.681,2,3,6,0
6,2,1,5,6,0.539,7,2.292,1.808,0.013,6,1,1.0,4,1.145,7,4,4,3,-1.035,0.0,1,0.0,3,6,7,1,5,5,5,4,6,0,1.631,6,7,7,0
5,2,1,6,6,1.892,5,-0.105,-1.875,0.004,2,0,3.0,5,-0.71,3,3,6,4,-0.753,0.0,3,0.0,2,7,0,3,0,6,3,1,5,7,-1.769,6,6,6,0
0,2,6,6,6,1.643,5,1.812,0.982,-0.977,1,6,1.0,1,2.776,5,3,4,3,3.543,0.0,5,0.0,6,2,3,3,2,6,2,2,0,7,-0.077,4,0,2,0
0,4,4,6,1,-2.33,3,0.932,1.457,1.49,5,3,1.0,1,1.116,6,6,2,0,2.097,0.0,4,0.0,7,3,6,3,0,4,4,2,3,1,3.138,7,3,5,0
5,2,6,4,7,-1.188,5,-1.123,-0.413,1.002,6,3,4.0,5,-3.98,2,2,0,3,2.996,0.0,5,0.0,1,0,7,4,1,1,2,0,7,2,-0.886,7,2,6,0
2,4,2,4,4,-0.572,2,1.452,0.765,-1.107,0,2,1.0,2,-1.483,5,0,0,5,0.305,0.0,2,0.0,7,6,3,7,3,7,5,2,0,3,0.544,1,7,3,0
2,6,2,7,5,-1.592,7,-2.559,-1.599,-0.275,6,3,5.0,4,-3.047,7,7,1,1,-2.59,0.0,5,0.0,2,5,0,1,4,4,0,0,7,0,-0.775,7,3,2,0
6,5,3,6,4,-0.725,7,1.507,0.868,1.45,3,5,3.0,4,0.437,7,6,1,6,-0.094,0.0,2,0.0,6,5,6,3,6,4,3,1,4,4,-0.432,0,0,5,0
6,3,7,2,7,-1.173,2,0.234,1.327,-0.783,6,2,2.0,4,-0.298,6,7,0,4,0.792,0.0,2,0.0,6,6,5,4,0,0,1,7,3,3,1.789,2,5,7,0
2,6,7,4,1,-0.662,6,-0.14,-0.254,0.907,5,2,3.0,0,0.713,2,4,4,6,2.864,0.0,3,0.0,4,0,7,6,6,2,7,4,7,6,-0.137,4,4,5,0
0,4,5,5,5,0.364,3,-0.78,-0.567,-0.025,6,0,6.0,6,-0.196,0,4,3,5,0.553,0.0,4,0.0,6,6,3,1,6,0,1,4,1,3,-1.22,2,1,5,0
7,7,5,0,0,1.731,1,-1.956,-1.682,-0.266,0,2,4.0,5,-0.776,2,0,3,6,1.628,0.0,5,0.0,2,3,7,2,4,7,3,6,0,0,0.542,0,7,5,0
3,0,2,5,5,-0.224,1,0.801,0.512,0.616,7,2,3.0,2,1.012,7,6,0,6,0.122,0.0,6,0.0,6,5,6,3,2,0,5,3,1,7,1.483,3,0,7,0
1,1,6,3,2,2.222,5,-0.509,-0.156,-0.128,1,0,2.0,1,-2.065,3,2,1,0,1.849,0.0,2,0.0,7,1,4,5,3,2,3,5,4,0,-1.356,7,0,4,0
0,4,0,5,6,0.631,2,-3.174,-2.375,-1.193,3,4,5.0,3,-1.991,6,6,0,2,1.843,0.0,1,0.0,1,5,3,6,3,3,4,5,2,3,-1.813,4,1,1,0
0,4,4,4,7,-0.946,0,-0.627,-0.546,1.152,2,7,4.0,5,-1.245,0,5,6,7,-2.613,0.0,4,0.0,5,0,3,6,4,1,4,0,5,3,0.787,6,7,4,0
7,4,7,2,4,2.251,3,0.789,0.542,-0.512,7,6,4.0,6,0.344,3,7,3,5,0.797,0.0,5,0.0,2,6,6,5,6,7,6,3,5,1,-0.182,7,6,2,0
2,6,4,2,4,0.818,6,2.521,1.071,-1.742,5,1,2.0,5,1.404,4,0,2,6,2.181,0.0,6,0.0,4,7,7,0,1,2,5,2,5,2,1.304,6,6,6,0
7,5,5,6,1,-0.684,7,-1.92,-0.81,-0.66,2,4,4.0,5,-2.491,3,5,4,3,-2.269,0.0,2,0.0,1,0,5,4,4,2,1,6,7,3,-1.799,4,5,1,0
5,0,5,6,4,-2.012,3,-0.966,0.23,-0.744,1,2,3.0,1,-3.472,4,6,3,6,-3.121,0.0,1,0.0,3,3,5,0,5,7,6,0,7,5,-0.849,0,5,4,0
4,1,2,5,5,0.283,0,-0.964,-1.285,-0.672,2,7,5.0,5,-2.058,4,6,6,2,-2.812,0.0,7,0.0,1,7,1,0,0,7,6,7,5,3,-0.262,7,4,6,0
2,1,1,1,1,-0.723,2,0.33,-0.319,-0.602,0,7,3.0,5,-0.455,5,5,2,1,-3.229,0.0,6,0.0,0,2,6,3,3,1,6,4,2,6,-0.512,7,4,4,0
0,7,5,3,5,-0.339,0,-0.187,-0.264,0.987,5,5,5.0,4,-1.975,3,7,6,5,-1.202,0.0,4,0.0,5,2,2,7,2,6,4,1,7,4,-0.747,5,6,1,0
2,5,6,3,6,0.337,3,-0.914,-0.696,-0.461,1,5,4.0,6,-2.413,6,7,4,1,-3.592,0.0,4,0.0,0,3,1,6,6,6,2,1,2,3,-0.615,3,0,3,0
1,1,2,4,4,-0.072,0,-1.163,-0.774,-0.939,7,1,3.0,4,-1.426,2,5,2,4,-1.882,0.0,0,0.0,5,3,6,3,4,0,4,6,5,7,1.002,6,3,3,0
5,7,3,1,3,-1.425,3,0.508,0.385,-0.441,2,6,3.0,4,1.385,1,7,4,2,0.909,0.0,7,0.0,5,3,5,0,0,6,4,4,2,0,0.748,7,0,7,0
4,7,5,4,0,-0.223,1,-2.142,-0.72,1.003,5,2,4.0,0,0.944,5,2,7,6,-5.445,0.0,0,0.0,5,3,6,1,5,2,7,3,5,5,-1.433,3,4,7,0
4,7,2,7,3,0.609,1,-0.58,-0.671,2.261,1,1,4.0,0,-2.683,2,6,0,5,1.561,0.0,6,0.0,4,7,6,7,0,6,4,6,7,2,-0.839,6,4,2,0
3,6,1,0,4,-2.081,7,1.52,1.782,-1.579,1,4,-0.0,1,3.385,1,7,7,2,1.669,0.0,4,0.0,2,7,5,0,7,1,5,0,1,4,1.746,3,0,7,0
4,2,0,6,4,1.627,3,0.008,0.925,0.461,0,0,2.0,5,-0.299,2,1,4,0,0.839,0.0,5,0.0,4,2,0,0,5,5,4,7,0,6,-0.902,5,0,0,0
1,5,0,4,4,-0.057,4,0.261,-0.433,0.622,3,3,5.0,5,2.087,0,3,7,2,1.067,0.0,7,0.0,0,3,5,1,6,5,6,2,3,4,-0.524,7,0,4,0
6,4,6,0,4,0.261,6,1.077,1.218,0.621,7,3,3.0,5,3.767,6,6,0,3,-0.908,0.0,2,0.0,4,3,1,6,2,1,4,4,3,4,0.293,6,2,1,0
6,5,2,0,5,-0.801,5,0.84,0.85,1.684,6,0,1.0,4,0.487,3,7,0,7,-2.072,0.0,7,0.0,0,2,6,7,7,6,2,0,3,4,0.993,3,3,6,0
4,4,0,2,5,-1.033,6,0.077,-0.38,-0.494,5,5,4.0,6,-0.036,2,5,2,3,-3.417,0.0,7,0.0,7,1,5,3,2,6,5,0,5,6,-2.163,1,5,6,0
4,5,2,2,0,-0.221,0,2.153,1.644,-0.385,4,4,1.0,3,0.896,5,0,4,5,3.906,0.0,6,0.0,2,7,2,2,0,1,0,7,1,2,0.146,7,7,0,0
1,1,3,7,4,-1.529,0,1.795,1.708,0.389,0,1,1.0,2,1.089,7,5,4,6,0.505,0.0,5,0.0,4,7,4,6,6,0,5,7,4,2,-0.271,5,0,4,0
7,3,6,4,4,0.209,0,-0.519,-0.473,-0.801,5,4,2.0,2,-1.083,6,1,5,4,-1.429,0.0,3,0.0,4,5,4,2,0,1,6,3,1,6,0.177,4,1,2,0
0,4,6,4,0,-2.766,1,0.051,0.205,0.24,7,4,2.0,1,0.491,1,4,4,0,4.816,0.0,1,0.0,3,2,7,1,5,3,2,1,2,2,-0.187,2,6,1,0
0,1,7,2,3,0.529,5,-0.632,-1.078,0.301,4,0,5.0,3,-0.585,3,6,6,6,-0.688,0.0,6,0.0,7,3,7,1,2,3,5,2,4,3,-0.639,0,4,7,0
5,1,0,4,5,1.069,6,0.876,0.734,2.093,7,7,3.0,5,3.111,3,2,7,1,2.845,0.0,5,0.0,6,2,6,6,2,4,4,2,5,2,0.041,6,2,0,0
3,6,7,6,3,-0.636,5,-0.032,0.035,3.264,6,7,5.0,0,-2.111,5,7,1,5,1.879,0.0,4,0.0,1,5,6,3,5,3,7,1,5,1,0.44,7,5,4,0
1,1,2,2,0,-0.342,6,-0.85,-0.425,-0.549,1,0,3.0,2,0.627,7,4,5,0,-4.486,0.0,6,0.0,5,4,2,4,7,3,5,4,7,7,-2.021,6,1,5,0
5,3,1,0,5,0.938,2,0.27,0.181,0.111,4,3,3.0,6,-0.754,3,6,1,2,-1.502,0.0,5,0.0,2,6,1,6,5,6,5,5,0,2,-0.1,2,2,3,0
2,5,7,7,6,0.999,2,1.46,1.497,1.885,6,7,1.0,7,-1.484,7,6,4,3,1.567,0.0,1,0.0,0,5,4,5,6,1,3,5,5,5,0.19,6,1,1,0
2,5,4,4,6,-1.059,2,0.877,1.86,0.203,4,2,1.0,2,1.415,0,6,4,3,3.113,0.0,7,0.0,2,5,6,4,4,2,0,5,2,7,0.46,7,5,3,0
2,5,4,3,5,-0.095,3,0.104,-0.161,0.796,4,6,3.0,6,1.642,2,3,2,6,-0.718,0.0,5,0.0,5,1,2,5,2,2,0,0,7,1,-2.103,4,6,2,0
1,1,1,0,1,0.197,1,1.175,1.321,-1.066,5,3,1.0,2,0.819,6,3,3,1,5.08,0.0,3,0.0,2,6,7,2,2,1,2,4,0,0,0.901,5,1,3,0
1,5,7,3,4,0.264,0,0.502,1.422,-1.929,5,5,3.0,2,1.749,7,3,1,4,4.376,0.0,5,0.0,3,4,1,7,1,3,1,1,0,0,0.058,0,4,4,0
4,7,5,5,1,0.263,4,-1.142,-0.555,0.746,0,2,4.0,6,-1.684,7,7,1,5,2.035,0.0,0,0.0,4,5,3,7,0,5,1,0,1,5,-1.003,3,5,4,0
0,4,5,4,1,1.614,4,-0.242,-0.879,0.918,1,5,6.0,0,-3.191,5,1,4,0,-4.164,0.0,0,0.0,1,6,1,0,4,6,3,0,7,6,0.6,0,1,3,0
1,3,4,5,4,1.653,6,0.788,0.971,0.127,4,3,1.0,6,3.115,2,3,0,6,-0.358,0.0,4,0.0,0,7,3,7,1,5,4,3,2,2,1.697,1,1,1,0
1,6,5,7,7,-0.07,0,1.005,1.46,0.249,3,0,2.0,1,0.696,7,1,2,2,4.48,0.0,7,0.0,2,2,2,4,2,0,3,4,7,6,1.946,1,4,1,0
0,1,7,1,7,-1.801,1,0.672,0.38,-0.564,0,5,3.0,4,-2.359,0,6,5,4,3.326,0.0,0,0.0,7,7,1,2,4,6,2,5,1,0,-0.903,5,3,0,0
6,5,3,7,1,-1.079,7,0.383,0.507,0.095,5,4,2.0,3,-0.237,7,1,0,6,-0.167,0.0,5,0.0,3,3,6,6,7,1,7,5,5,7,0.194,5,7,7,0
6,2,2,3,6,0.336,7,0.395,0.798,-0.56,0,7,2.0,3,1.39,0,2,4,0,-4.149,0.0,4,0.0,0,2,1,2,0,4,0,6,7,1,0.556,2,7,6,0
5,0,3,5,6,0.752,4,-3.572,-2.635,-0.2,0,5,6.0,0,-2.452,3,7,5,5,-0.9,0.0,2,0.0,6,3,4,5,5,4,5,0,3,3,-3.245,4,5,2,0
7,4,7,2,5,0.501,5,-0.453,-0.444,1.044,3,0,3.0,2,0.328,1,1,5,0,-6.199,0.0,7,0.0,2,0,5,7,5,2,3,5,3,0,0.384,0,5,0,0
2,1,2,4,3,0.165,4,1.015,0.798,-0.74,3,3,1.0,3,1.143,4,4,7,5,-1.498,0.0,0,0.0,4,1,3,3,3,3,2,0,6,4,3.089,0,0,4,0
0,2,2,2,6,-1.069,5,1.177,0.644,0.416,5,6,2.0,4,-1.237,4,5,2,4,0.05,0.0,1,0.0,0,3,3,5,7,1,1,0,4,0,2.257,5,1,0,0
6,3,6,6,0,1.475,0,0.812,-0.064,0.467,6,7,4.0,1,-0.525,5,7,3,0,3.186,0.0,7,0.0,5,1,7,2,7,6,3,0,2,1,0.075,1,5,6,0
1,4,1,0,7,-0.178,4,-0.418,-0.161,-0.494,6,7,3.0,7,0.344,7,2,5,7,0.16,0.0,1,0.0,1,1,4,4,3,6,7,5,0,6,-1.098,1,3,1,0
0,7,7,4,4,-0.016,0,0.446,0.81,-0.616,6,7,1.0,6,1.951,3,0,3,2,-1.102,0.0,5,0.0,7,2,5,4,2,1,3,7,4,5,0.142,3,6,4,0
7,4,5,6,6,-1.626,6,0.124,0.607,0.782,4,3,3.0,5,4.213,3,7,0,6,-2.41,0.0,0,0.0,4,5,3,4,5,1,4,2,5,1,0.892,2,1,0,0
